timestamp,open,high,low,close,volume
2025-03-24 15:00:00+00:00,21.61,21.71,21.43,21.55,46.61
2025-03-24 16:00:00+00:00,21.5,21.51,21.26,21.33,44.83
2025-03-24 17:00:00+00:00,21.33,21.48,21.33,21.48,23.24
2025-03-24 18:00:00+00:00,21.42,21.46,21.32,21.43,36.49
2025-03-24 19:00:00+00:00,21.43,21.45,21.42,21.43,46.88
2025-03-24 20:00:00+00:00,21.37,21.48,21.3,21.3,12.77
2025-03-24 21:00:00+00:00,21.31,21.41,21.28,21.34,26.81
2025-03-24 22:00:00+00:00,21.33,21.33,21.25,21.25,59.35
2025-03-24 23:00:00+00:00,21.32,21.45,21.32,21.45,18.11
2025-03-25 00:00:00+00:00,21.47,21.64,21.4,21.64,47.66
2025-03-25 01:00:00+00:00,21.6,21.6,21.38,21.41,10.99
2025-03-25 02:00:00+00:00,21.41,21.5,21.41,21.49,1.5
2025-03-25 03:00:00+00:00,21.42,21.5,21.35,21.35,3.02
2025-03-25 04:00:00+00:00,21.3,21.6,21.3,21.59,66.97
2025-03-25 05:00:00+00:00,21.55,21.76,21.55,21.69,8.0
2025-03-25 06:00:00+00:00,21.66,21.84,21.66,21.82,108.96
2025-03-25 07:00:00+00:00,21.84,21.88,21.82,21.83,27.58
2025-03-25 08:00:00+00:00,21.9,22.02,21.86,22.02,34.13
2025-03-25 09:00:00+00:00,21.97,22.09,21.97,22.01,32.96
2025-03-25 10:00:00+00:00,21.97,22.15,21.96,22.13,12.11
2025-03-25 11:00:00+00:00,22.16,22.38,22.16,22.37,43.5
2025-03-25 12:00:00+00:00,22.38,22.5,22.17,22.17,162.38
2025-03-25 13:00:00+00:00,22.22,22.57,22.19,22.45,107.41
2025-03-25 14:00:00+00:00,22.48,22.64,22.48,22.6,30.79
2025-03-25 15:00:00+00:00,22.65,22.79,22.5,22.51,55.71
2025-03-25 16:00:00+00:00,22.66,22.72,22.46,22.58,13.19
2025-03-25 17:00:00+00:00,22.59,22.93,22.59,22.88,93.18
2025-03-25 18:00:00+00:00,22.93,23.06,22.86,22.98,95.35
2025-03-25 19:00:00+00:00,23.04,23.24,22.96,23.11,303.9
2025-03-25 20:00:00+00:00,23.16,23.45,23.16,23.32,362.12
2025-03-25 21:00:00+00:00,23.33,23.4,23.03,23.09,53.02
2025-03-25 22:00:00+00:00,23.15,23.15,22.82,22.92,89.19
2025-03-25 23:00:00+00:00,22.92,22.92,22.79,22.92,26.7
2025-03-26 00:00:00+00:00,22.92,23.22,22.92,23.22,40.45
2025-03-26 01:00:00+00:00,23.06,23.17,22.96,23.16,16.42
2025-03-26 02:00:00+00:00,23.06,23.06,22.78,22.79,45.07
2025-03-26 03:00:00+00:00,22.8,22.8,22.57,22.64,60.54
2025-03-26 04:00:00+00:00,22.65,22.67,22.63,22.67,25.57
2025-03-26 05:00:00+00:00,22.62,22.68,22.59,22.63,0.98
2025-03-26 06:00:00+00:00,22.6,22.77,22.6,22.77,2.49
2025-03-26 07:00:00+00:00,22.7,22.84,22.66,22.84,51.96
2025-03-26 08:00:00+00:00,22.85,22.88,22.76,22.76,131.85
2025-03-26 09:00:00+00:00,22.75,22.79,22.64,22.68,22.67
2025-03-26 10:00:00+00:00,22.71,22.84,22.71,22.84,0.99
2025-03-26 11:00:00+00:00,22.81,22.95,22.81,22.95,19.94
2025-03-26 12:00:00+00:00,22.84,22.84,22.58,22.63,200.34
2025-03-26 13:00:00+00:00,22.66,22.66,22.25,22.27,103.97
2025-03-26 14:00:00+00:00,22.22,22.32,21.99,22.22,99.06
2025-03-26 15:00:00+00:00,22.25,22.26,22.15,22.16,7.06
2025-03-26 16:00:00+00:00,22.14,22.45,22.14,22.23,162.04
2025-03-26 17:00:00+00:00,22.24,22.24,22.0,22.03,29.71
2025-03-26 18:00:00+00:00,22.06,22.14,21.89,21.89,272.54
2025-03-26 19:00:00+00:00,21.97,22.13,21.87,22.13,48.62
2025-03-26 20:00:00+00:00,22.11,22.25,22.11,22.16,7.42
2025-03-26 21:00:00+00:00,22.18,22.2,21.88,22.12,228.83
2025-03-26 22:00:00+00:00,22.09,22.09,21.95,22.0,190.08
2025-03-26 23:00:00+00:00,22.04,22.04,22.01,22.02,1.38
2025-03-27 00:00:00+00:00,22.03,22.25,22.03,22.25,48.74
2025-03-27 01:00:00+00:00,22.2,22.2,22.15,22.19,4.24
2025-03-27 02:00:00+00:00,22.2,22.37,22.2,22.34,51.73
2025-03-27 03:00:00+00:00,22.29,22.29,22.17,22.18,25.91
2025-03-27 04:00:00+00:00,22.15,22.15,22.04,22.05,8.13
2025-03-27 05:00:00+00:00,22.04,22.04,21.98,21.98,29.63
2025-03-27 06:00:00+00:00,21.96,22.13,21.94,22.03,16.78
2025-03-27 07:00:00+00:00,22.04,22.06,22.03,22.06,2108.88
2025-03-27 08:00:00+00:00,22.06,22.06,21.9,21.9,263.87
2025-03-27 09:00:00+00:00,21.92,22.0,21.86,21.99,208.57
2025-03-27 10:00:00+00:00,21.99,22.16,21.99,22.01,2469.76
2025-03-27 11:00:00+00:00,22.09,22.09,21.88,21.89,111.88
2025-03-27 12:00:00+00:00,21.84,22.01,21.76,21.99,36.12
2025-03-27 13:00:00+00:00,22.02,22.02,21.65,21.84,24.04
2025-03-27 14:00:00+00:00,21.88,22.28,21.88,22.26,64.64
2025-03-27 15:00:00+00:00,22.25,22.25,21.89,21.99,21.63
2025-03-27 16:00:00+00:00,21.95,22.01,21.95,21.97,0.27
2025-03-27 17:00:00+00:00,21.96,21.98,21.84,21.84,14.86
2025-03-27 18:00:00+00:00,21.83,22.1,21.83,22.05,25.2
2025-03-27 19:00:00+00:00,22.01,22.11,22.01,22.11,1.43
2025-03-27 20:00:00+00:00,21.95,22.04,21.95,22.04,10.89
2025-03-27 21:00:00+00:00,22.07,22.19,22.07,22.19,10.47
2025-03-27 22:00:00+00:00,22.16,22.17,22.03,22.06,3.26
2025-03-27 23:00:00+00:00,22.08,22.08,22.03,22.03,0.8
2025-03-28 00:00:00+00:00,22.03,22.15,21.99,22.15,163.66
2025-03-28 01:00:00+00:00,22.05,22.08,22.01,22.01,9.65
2025-03-28 02:00:00+00:00,22.07,22.07,21.83,21.83,21.88
2025-03-28 03:00:00+00:00,21.82,21.82,21.67,21.69,17.96
2025-03-28 04:00:00+00:00,21.76,21.76,21.31,21.37,82.49
2025-03-28 05:00:00+00:00,21.42,21.5,21.17,21.17,1999.33
2025-03-28 06:00:00+00:00,21.16,21.25,21.04,21.04,77.7
2025-03-28 07:00:00+00:00,21.05,21.06,20.69,20.72,90.07
2025-03-28 08:00:00+00:00,20.78,20.78,20.61,20.66,38.94
2025-03-28 09:00:00+00:00,20.6,20.6,20.46,20.46,43.85
2025-03-28 10:00:00+00:00,20.45,20.54,20.37,20.38,31.93
2025-03-28 11:00:00+00:00,20.36,20.57,20.2,20.54,594.22
2025-03-28 12:00:00+00:00,20.51,20.6,20.31,20.37,41.29
2025-03-28 13:00:00+00:00,20.29,20.29,20.16,20.16,5.62
2025-03-28 14:00:00+00:00,20.15,20.28,20.07,20.23,69.56
2025-03-28 15:00:00+00:00,20.2,20.2,19.99,19.99,285.28
2025-03-28 16:00:00+00:00,19.98,20.01,19.79,19.82,91.11
2025-03-28 17:00:00+00:00,19.83,19.96,19.8,19.89,15.23
2025-03-28 18:00:00+00:00,19.94,19.94,19.84,19.86,0.55
2025-03-28 19:00:00+00:00,19.92,19.92,19.8,19.8,5.94
2025-03-28 20:00:00+00:00,19.85,19.92,19.84,19.84,24.63
2025-03-28 21:00:00+00:00,19.98,20.23,19.98,20.18,62.33
2025-03-28 22:00:00+00:00,20.19,20.59,20.19,20.57,65.25
2025-03-28 23:00:00+00:00,20.54,20.54,20.37,20.37,19.03
2025-03-29 00:00:00+00:00,20.36,20.48,20.36,20.41,1.57
2025-03-29 01:00:00+00:00,20.34,20.35,20.3,20.31,6.5
2025-03-29 02:00:00+00:00,20.34,20.34,20.17,20.17,21.43
2025-03-29 03:00:00+00:00,20.17,20.48,20.1,20.48,14.97
2025-03-29 04:00:00+00:00,20.5,20.5,20.32,20.37,5.29
2025-03-29 05:00:00+00:00,20.3,20.3,20.17,20.2,6.52
2025-03-29 06:00:00+00:00,20.22,20.22,20.06,20.13,28.7
2025-03-29 07:00:00+00:00,20.03,20.03,19.84,19.84,338.05
2025-03-29 08:00:00+00:00,20.0,20.14,19.96,20.11,5.51
2025-03-29 09:00:00+00:00,20.0,20.01,19.9,20.01,13.92
2025-03-29 10:00:00+00:00,20.0,20.01,19.94,19.94,0.47
2025-03-29 11:00:00+00:00,19.99,19.99,19.68,19.83,15.08
2025-03-29 12:00:00+00:00,19.88,20.1,19.88,20.1,48.34
2025-03-29 13:00:00+00:00,20.11,20.29,20.11,20.28,33.32
2025-03-29 14:00:00+00:00,20.16,20.16,19.98,19.98,3.46
2025-03-29 15:00:00+00:00,20.07,20.14,20.03,20.03,2.97
2025-03-29 16:00:00+00:00,19.97,20.06,19.89,20.01,11.49
2025-03-29 17:00:00+00:00,19.91,20.02,19.69,19.72,60.12
2025-03-29 18:00:00+00:00,19.84,19.94,19.84,19.94,5.32
2025-03-29 19:00:00+00:00,19.79,19.83,19.69,19.81,23.82
2025-03-29 20:00:00+00:00,19.86,19.86,19.65,19.65,34.83
2025-03-29 21:00:00+00:00,19.69,19.74,19.55,19.6,100.44
2025-03-29 22:00:00+00:00,19.6,19.62,19.53,19.53,33.26
2025-03-29 23:00:00+00:00,19.56,19.66,19.45,19.65,14.19
2025-03-30 00:00:00+00:00,19.53,19.59,19.4,19.57,10.48
2025-03-30 01:00:00+00:00,19.59,19.77,19.59,19.69,22.06
2025-03-30 02:00:00+00:00,19.73,19.85,19.69,19.85,48.65
2025-03-30 03:00:00+00:00,19.82,19.88,19.67,19.67,14.83
2025-03-30 04:00:00+00:00,19.73,19.73,19.62,19.62,0.92
2025-03-30 05:00:00+00:00,19.62,19.68,19.48,19.48,22.43
2025-03-30 06:00:00+00:00,19.46,19.53,19.39,19.52,50.64
2025-03-30 07:00:00+00:00,19.55,19.61,19.55,19.59,6.2
2025-03-30 08:00:00+00:00,19.47,19.57,19.44,19.55,2.25
2025-03-30 09:00:00+00:00,19.59,19.66,19.59,19.61,17.88
2025-03-30 10:00:00+00:00,19.53,19.53,19.24,19.24,50.39
2025-03-30 11:00:00+00:00,19.23,19.39,19.2,19.38,42.44
2025-03-30 12:00:00+00:00,19.29,19.44,19.29,19.41,5.43
2025-03-30 13:00:00+00:00,19.33,19.33,19.09,19.09,11.67
2025-03-30 14:00:00+00:00,19.11,19.3,19.07,19.28,6.98
2025-03-30 15:00:00+00:00,19.33,19.41,19.31,19.39,48.98
2025-03-30 16:00:00+00:00,19.32,19.37,19.03,19.03,22.74
2025-03-30 17:00:00+00:00,19.05,19.09,19.0,19.03,47.47
2025-03-30 18:00:00+00:00,19.06,19.24,19.06,19.24,2.7
2025-03-30 19:00:00+00:00,19.27,19.35,19.15,19.15,14.61
2025-03-30 20:00:00+00:00,19.13,19.13,19.05,19.11,36.75
2025-03-30 21:00:00+00:00,19.12,19.12,18.86,18.86,30.91
2025-03-30 22:00:00+00:00,18.89,19.09,18.71,19.01,74.68
2025-03-30 23:00:00+00:00,18.99,19.0,18.78,18.87,431.7
2025-03-31 00:00:00+00:00,18.87,18.88,18.49,18.49,257.58
2025-03-31 01:00:00+00:00,18.62,18.96,18.62,18.9,231.52
2025-03-31 02:00:00+00:00,18.89,18.99,18.79,18.99,9.05
2025-03-31 03:00:00+00:00,18.9,18.9,18.63,18.65,12.39
2025-03-31 04:00:00+00:00,18.68,18.79,18.53,18.75,36.78
2025-03-31 05:00:00+00:00,18.75,18.92,18.73,18.86,97.28
2025-03-31 06:00:00+00:00,18.75,18.75,18.63,18.65,32.66
2025-03-31 07:00:00+00:00,18.73,18.73,18.45,18.45,21.81
2025-03-31 08:00:00+00:00,18.61,18.67,18.43,18.43,6.32
2025-03-31 09:00:00+00:00,18.42,18.48,18.21,18.29,67.54
2025-03-31 10:00:00+00:00,18.27,18.61,18.2,18.61,46.63
2025-03-31 11:00:00+00:00,18.59,18.67,18.54,18.67,14.43
2025-03-31 12:00:00+00:00,18.71,18.98,18.71,18.94,102.86
2025-03-31 13:00:00+00:00,18.83,18.83,18.43,18.67,33.65
2025-03-31 14:00:00+00:00,18.72,18.99,18.72,18.95,70.1
2025-03-31 15:00:00+00:00,19.0,19.1,18.97,19.05,108.32
2025-03-31 16:00:00+00:00,18.93,18.98,18.84,18.84,8.77
2025-03-31 17:00:00+00:00,18.84,18.89,18.66,18.66,15.03
2025-03-31 18:00:00+00:00,18.78,18.94,18.78,18.88,20.34
2025-03-31 19:00:00+00:00,18.85,18.9,18.65,18.66,173.27
2025-03-31 20:00:00+00:00,18.69,18.79,18.69,18.73,17.93
2025-03-31 21:00:00+00:00,18.73,18.81,18.73,18.75,1.58
2025-03-31 22:00:00+00:00,18.7,18.7,18.62,18.62,6.26
2025-03-31 23:00:00+00:00,18.74,18.85,18.74,18.85,3.02
2025-04-01 00:00:00+00:00,18.83,18.88,18.78,18.87,29.89
2025-04-01 01:00:00+00:00,18.84,18.84,18.75,18.81,1.36
2025-04-01 02:00:00+00:00,18.78,19.06,18.78,19.06,27.29
2025-04-01 03:00:00+00:00,19.07,19.14,18.99,18.99,35.77
2025-04-01 04:00:00+00:00,19.0,19.03,18.98,19.03,2.26
2025-04-01 05:00:00+00:00,19.12,19.26,19.12,19.17,28.13
2025-04-01 06:00:00+00:00,19.17,19.48,19.17,19.47,409.37
2025-04-01 07:00:00+00:00,19.41,19.41,19.26,19.26,29.94
2025-04-01 08:00:00+00:00,19.25,19.55,19.25,19.55,185.48
2025-04-01 09:00:00+00:00,19.57,19.69,19.57,19.62,35.92
2025-04-01 10:00:00+00:00,19.53,19.56,19.5,19.5,19.25
2025-04-01 11:00:00+00:00,19.45,19.48,19.42,19.42,2.39
2025-04-01 12:00:00+00:00,19.42,19.42,19.31,19.36,4.04
2025-04-01 13:00:00+00:00,19.42,19.49,19.36,19.41,3.32
2025-04-01 14:00:00+00:00,19.35,19.5,19.0,19.5,113.59
2025-04-01 15:00:00+00:00,19.53,19.9,19.53,19.9,62.55
2025-04-01 16:00:00+00:00,19.82,19.82,19.67,19.68,56.37
2025-04-01 17:00:00+00:00,19.68,19.68,19.61,19.61,14.54
2025-04-01 18:00:00+00:00,19.6,19.6,19.36,19.43,12.96
2025-04-01 19:00:00+00:00,19.42,19.46,19.4,19.4,9.53
2025-04-01 20:00:00+00:00,19.35,19.49,19.33,19.49,16.95
2025-04-01 21:00:00+00:00,19.48,19.62,19.48,19.59,3.37
2025-04-01 22:00:00+00:00,19.56,19.74,19.56,19.71,5.42
2025-04-01 23:00:00+00:00,19.62,19.85,19.57,19.76,20.37
2025-04-02 00:00:00+00:00,19.78,19.78,19.48,19.49,14.21
2025-04-02 01:00:00+00:00,19.45,19.49,19.42,19.48,114.58
2025-04-02 02:00:00+00:00,19.44,19.44,19.15,19.26,44.09
2025-04-02 03:00:00+00:00,19.3,19.35,19.22,19.22,6.68
2025-04-02 04:00:00+00:00,19.24,19.24,19.13,19.15,1.6
2025-04-02 05:00:00+00:00,19.17,19.17,18.8,18.8,296.55
2025-04-02 06:00:00+00:00,18.84,18.96,18.84,18.96,1.3
2025-04-02 07:00:00+00:00,18.89,19.49,18.89,19.03,348.49
2025-04-02 08:00:00+00:00,19.01,19.26,18.93,19.26,53.48
2025-04-02 09:00:00+00:00,19.3,19.54,19.3,19.36,32.14
2025-04-02 10:00:00+00:00,19.48,19.49,19.31,19.31,4.3
2025-04-02 11:00:00+00:00,19.35,19.37,19.26,19.26,4.84
2025-04-02 12:00:00+00:00,19.25,19.25,19.05,19.22,24.29
2025-04-02 13:00:00+00:00,19.09,19.41,18.94,19.2,51.78
2025-04-02 14:00:00+00:00,19.18,19.29,19.12,19.22,46.76
2025-04-02 15:00:00+00:00,19.33,19.76,19.3,19.64,190.76
2025-04-02 16:00:00+00:00,19.75,19.81,19.65,19.68,37.15
2025-04-02 17:00:00+00:00,19.74,19.75,19.21,19.21,56.02
2025-04-02 18:00:00+00:00,19.32,19.46,19.3,19.44,4.71
2025-04-02 19:00:00+00:00,19.38,19.47,19.3,19.38,64.36
2025-04-02 20:00:00+00:00,19.43,19.8,19.03,19.35,590.42
2025-04-02 21:00:00+00:00,19.33,19.35,18.82,18.9,31.53
2025-04-02 22:00:00+00:00,18.87,18.87,17.86,17.88,222.54
2025-04-02 23:00:00+00:00,17.85,18.15,17.79,17.99,269.78
2025-04-03 00:00:00+00:00,17.96,18.33,17.91,18.26,101.83
2025-04-03 01:00:00+00:00,18.35,18.6,18.34,18.6,50.75
2025-04-03 02:00:00+00:00,18.61,18.84,18.55,18.84,180.75
2025-04-03 03:00:00+00:00,18.74,18.8,18.69,18.77,1.23
2025-04-03 04:00:00+00:00,18.78,18.96,18.67,18.96,26.41
2025-04-03 05:00:00+00:00,18.95,18.95,18.68,18.68,5.24
2025-04-03 06:00:00+00:00,18.67,18.68,18.41,18.41,37.75
2025-04-03 07:00:00+00:00,18.48,18.48,18.22,18.37,27.37
2025-04-03 08:00:00+00:00,18.4,18.49,18.4,18.4,5.79
2025-04-03 09:00:00+00:00,18.44,18.44,18.31,18.31,13.14
2025-04-03 10:00:00+00:00,18.32,18.32,18.05,18.05,47.0
2025-04-03 11:00:00+00:00,18.04,18.19,18.01,18.09,8.34
2025-04-03 12:00:00+00:00,18.07,18.09,17.64,17.64,124.52
2025-04-03 13:00:00+00:00,17.64,18.17,17.59,18.17,121.78
2025-04-03 14:00:00+00:00,18.08,18.11,17.78,17.78,22.48
2025-04-03 15:00:00+00:00,17.77,18.06,17.77,17.92,9.8
2025-04-03 16:00:00+00:00,18.05,18.05,17.85,17.85,5.29
2025-04-03 17:00:00+00:00,17.89,17.94,17.89,17.9,14.04
2025-04-03 18:00:00+00:00,17.88,18.28,17.88,18.28,37.97
2025-04-03 19:00:00+00:00,18.13,18.19,17.98,17.98,18.53
2025-04-03 20:00:00+00:00,18.01,18.09,17.88,18.09,9.07
2025-04-03 21:00:00+00:00,18.11,18.24,18.07,18.24,23.01
2025-04-03 22:00:00+00:00,18.24,18.24,18.08,18.18,18.81
2025-04-03 23:00:00+00:00,18.11,18.11,18.05,18.11,2.9
2025-04-04 00:00:00+00:00,18.22,18.24,18.07,18.07,70.27
2025-04-04 01:00:00+00:00,18.07,18.13,17.95,17.95,12.92
2025-04-04 02:00:00+00:00,18.11,18.18,18.06,18.06,4.32
2025-04-04 03:00:00+00:00,18.06,18.06,17.98,18.05,4.2
2025-04-04 04:00:00+00:00,18.05,18.07,17.98,18.07,16.77
2025-04-04 05:00:00+00:00,18.12,18.33,18.12,18.31,19.78
2025-04-04 06:00:00+00:00,18.35,18.47,18.33,18.46,26.64
2025-04-04 07:00:00+00:00,18.47,18.57,18.47,18.57,17.85
2025-04-04 08:00:00+00:00,18.59,18.74,18.59,18.7,169.67
2025-04-04 09:00:00+00:00,18.58,18.6,18.52,18.6,20.86
2025-04-04 10:00:00+00:00,18.5,18.5,17.9,17.9,74.32
2025-04-04 11:00:00+00:00,17.97,17.97,17.63,17.86,54.83
2025-04-04 12:00:00+00:00,17.85,18.09,17.85,18.09,118.21
2025-04-04 13:00:00+00:00,18.1,18.23,17.85,18.19,46.55
2025-04-04 14:00:00+00:00,18.21,18.22,17.92,18.09,25.53
2025-04-04 15:00:00+00:00,18.11,18.43,18.01,18.08,136.19
2025-04-04 16:00:00+00:00,17.99,18.08,17.76,17.96,189.97
2025-04-04 17:00:00+00:00,17.88,18.35,17.78,18.21,120.12
2025-04-04 18:00:00+00:00,18.19,18.22,18.01,18.03,35.31
2025-04-04 19:00:00+00:00,17.99,18.17,17.99,18.06,20.95
2025-04-04 20:00:00+00:00,18.13,18.24,18.07,18.24,59.14
2025-04-04 21:00:00+00:00,18.18,18.32,18.16,18.32,3.42
2025-04-04 22:00:00+00:00,18.23,18.3,18.2,18.2,3.09
2025-04-04 23:00:00+00:00,18.17,18.21,18.17,18.21,61.55
2025-04-05 00:00:00+00:00,18.18,18.24,18.09,18.24,5.03
2025-04-05 01:00:00+00:00,18.29,18.35,18.26,18.26,1.67
2025-04-05 02:00:00+00:00,18.25,18.25,18.2,18.2,6.3
2025-04-05 03:00:00+00:00,18.18,18.18,18.12,18.13,3.36
2025-04-05 04:00:00+00:00,18.1,18.15,18.07,18.07,179.58
2025-04-05 05:00:00+00:00,18.09,18.09,18.09,18.09,1.5
2025-04-05 06:00:00+00:00,18.12,18.12,18.12,18.12,0.13
2025-04-05 07:00:00+00:00,18.2,18.21,18.2,18.21,1.14
2025-04-05 08:00:00+00:00,18.21,18.21,18.21,18.21,0.0
2025-04-05 09:00:00+00:00,18.23,18.3,18.23,18.3,10.57
2025-04-05 10:00:00+00:00,18.31,18.31,18.24,18.24,13.71
2025-04-05 11:00:00+00:00,18.25,18.27,18.24,18.25,66.13
2025-04-05 12:00:00+00:00,18.25,18.29,18.07,18.12,598.83
2025-04-05 13:00:00+00:00,18.08,18.08,17.91,17.91,22.9
2025-04-05 14:00:00+00:00,17.96,17.96,17.94,17.94,0.21
2025-04-05 15:00:00+00:00,17.92,17.92,17.78,17.82,19.56
2025-04-05 16:00:00+00:00,17.91,17.91,17.91,17.91,2.69
2025-04-05 17:00:00+00:00,17.87,17.92,17.87,17.92,27.94
2025-04-05 18:00:00+00:00,17.86,17.89,17.86,17.86,0.92
2025-04-05 19:00:00+00:00,17.97,17.97,17.85,17.87,39.71
2025-04-05 20:00:00+00:00,17.84,17.88,17.73,17.83,6.43
2025-04-05 21:00:00+00:00,17.81,17.84,17.79,17.79,10.06
2025-04-05 22:00:00+00:00,17.77,17.8,17.76,17.8,0.27
2025-04-05 23:00:00+00:00,17.83,17.91,17.82,17.91,11.89
2025-04-06 00:00:00+00:00,17.83,17.9,17.82,17.87,28.11
2025-04-06 01:00:00+00:00,17.76,17.78,17.66,17.66,92.15
2025-04-06 02:00:00+00:00,17.65,17.65,17.41,17.44,118.01
2025-04-06 03:00:00+00:00,17.42,17.43,17.34,17.38,24.79
2025-04-06 04:00:00+00:00,17.39,17.39,17.31,17.38,6.25
2025-04-06 05:00:00+00:00,17.36,17.44,17.36,17.4,0.36
2025-04-06 06:00:00+00:00,17.49,17.51,17.26,17.26,19.79
2025-04-06 07:00:00+00:00,17.25,17.25,17.19,17.21,11.3
2025-04-06 08:00:00+00:00,17.16,17.28,17.14,17.28,55.63
2025-04-06 09:00:00+00:00,17.28,17.32,17.28,17.31,13.57
2025-04-06 10:00:00+00:00,17.31,17.31,17.31,17.31,0.0
2025-04-06 11:00:00+00:00,17.15,17.17,17.13,17.17,21.93
2025-04-06 12:00:00+00:00,17.18,17.18,17.09,17.12,48.19
2025-04-06 13:00:00+00:00,17.07,17.07,16.9,16.9,222.02
2025-04-06 14:00:00+00:00,16.89,17.13,16.87,17.13,22.26
2025-04-06 15:00:00+00:00,17.17,17.29,17.12,17.29,38.06
2025-04-06 16:00:00+00:00,17.28,17.28,17.14,17.14,6.39
2025-04-06 17:00:00+00:00,17.11,17.11,16.66,16.69,639.6
2025-04-06 18:00:00+00:00,16.66,16.66,16.16,16.28,291.45
2025-04-06 19:00:00+00:00,16.39,16.45,16.19,16.43,50.34
2025-04-06 20:00:00+00:00,16.4,16.4,15.97,15.98,747.29
2025-04-06 21:00:00+00:00,16.05,16.27,16.05,16.18,31.65
2025-04-06 22:00:00+00:00,16.09,16.35,15.94,15.97,514.17
2025-04-06 23:00:00+00:00,16.03,16.04,15.65,16.04,902.99
2025-04-07 00:00:00+00:00,16.03,16.03,15.78,15.96,24.08
2025-04-07 01:00:00+00:00,15.99,16.39,15.99,16.22,74.34
2025-04-07 02:00:00+00:00,16.21,16.21,16.05,16.08,170.05
2025-04-07 03:00:00+00:00,16.08,16.08,15.48,15.73,345.95
2025-04-07 04:00:00+00:00,15.75,15.9,15.68,15.9,81.36
2025-04-07 05:00:00+00:00,15.91,16.1,15.81,15.81,118.18
2025-04-07 06:00:00+00:00,15.98,15.98,14.71,14.86,603.61
2025-04-07 07:00:00+00:00,14.84,14.99,14.7,14.79,58.65
2025-04-07 08:00:00+00:00,14.92,15.44,14.76,15.37,122.27
2025-04-07 09:00:00+00:00,15.35,15.65,15.15,15.38,164.0
2025-04-07 10:00:00+00:00,15.51,15.76,15.51,15.53,67.37
2025-04-07 11:00:00+00:00,15.71,15.71,15.35,15.35,25.37
2025-04-07 12:00:00+00:00,15.44,15.93,15.44,15.93,90.74
2025-04-07 13:00:00+00:00,15.94,16.32,15.44,16.32,229.46
2025-04-07 14:00:00+00:00,16.33,17.03,16.13,16.5,878.21
2025-04-07 15:00:00+00:00,16.58,16.61,16.27,16.48,185.39
2025-04-07 16:00:00+00:00,16.41,16.47,16.16,16.16,42.34
2025-04-07 17:00:00+00:00,16.21,17.12,16.21,17.09,133.23
2025-04-07 18:00:00+00:00,17.04,17.07,16.77,16.77,268.75
2025-04-07 19:00:00+00:00,16.85,16.92,16.63,16.63,155.82
2025-04-07 20:00:00+00:00,16.67,16.97,16.67,16.97,42.91
2025-04-07 21:00:00+00:00,16.86,16.87,16.65,16.87,36.55
2025-04-07 22:00:00+00:00,16.82,16.87,16.82,16.84,0.56
2025-04-07 23:00:00+00:00,16.86,16.86,16.65,16.65,3.51
2025-04-08 00:00:00+00:00,16.69,16.92,16.69,16.75,34.11
2025-04-08 01:00:00+00:00,16.71,17.25,16.71,17.25,61.53
2025-04-08 02:00:00+00:00,17.21,17.32,17.06,17.1,23.1
2025-04-08 03:00:00+00:00,17.14,17.24,17.13,17.16,23.51
2025-04-08 04:00:00+00:00,17.2,17.41,17.18,17.41,50.39
2025-04-08 05:00:00+00:00,17.42,17.44,17.24,17.27,26.26
2025-04-08 06:00:00+00:00,17.28,17.28,17.1,17.1,2.76
2025-04-08 07:00:00+00:00,17.13,17.13,16.99,16.99,61.84
2025-04-08 08:00:00+00:00,17.06,17.06,16.91,16.99,1.39
2025-04-08 09:00:00+00:00,16.98,16.98,16.92,16.92,7.15
2025-04-08 10:00:00+00:00,16.89,17.02,16.86,16.97,11.53
2025-04-08 11:00:00+00:00,16.93,17.47,16.91,17.45,90.0
2025-04-08 12:00:00+00:00,17.49,17.57,17.29,17.29,106.91
2025-04-08 13:00:00+00:00,17.4,17.66,17.37,17.6,41.63
2025-04-08 14:00:00+00:00,17.6,17.72,17.21,17.21,107.14
2025-04-08 15:00:00+00:00,17.2,17.26,17.09,17.09,20.55
2025-04-08 16:00:00+00:00,17.13,17.13,16.62,16.62,144.31
2025-04-08 17:00:00+00:00,16.64,16.66,16.28,16.43,95.88
2025-04-08 18:00:00+00:00,16.51,16.54,16.32,16.36,7.13
2025-04-08 19:00:00+00:00,16.39,16.39,16.01,16.05,47.24
2025-04-08 20:00:00+00:00,16.05,16.28,15.97,16.28,40.67
2025-04-08 21:00:00+00:00,16.14,16.19,16.03,16.19,11.05
2025-04-08 22:00:00+00:00,16.05,16.09,15.95,16.09,31.5
2025-04-08 23:00:00+00:00,16.1,16.15,16.04,16.15,10.3
2025-04-09 00:00:00+00:00,16.12,16.24,16.06,16.06,137.22
2025-04-09 01:00:00+00:00,16.0,16.19,15.65,16.16,113.24
2025-04-09 02:00:00+00:00,16.2,16.39,16.06,16.06,44.75
2025-04-09 03:00:00+00:00,16.05,16.05,15.97,15.97,14.54
2025-04-09 04:00:00+00:00,16.11,16.43,16.08,16.42,30.95
2025-04-09 05:00:00+00:00,16.36,16.67,16.36,16.67,92.52
2025-04-09 06:00:00+00:00,16.59,16.71,16.57,16.63,19.67
2025-04-09 07:00:00+00:00,16.58,16.84,16.58,16.68,61.03
2025-04-09 08:00:00+00:00,16.63,16.63,16.63,16.63,0.34
2025-04-09 09:00:00+00:00,16.66,16.66,16.54,16.61,23.83
2025-04-09 10:00:00+00:00,16.62,16.62,16.33,16.57,33.5
2025-04-09 11:00:00+00:00,16.41,16.43,16.13,16.27,82.34
2025-04-09 12:00:00+00:00,16.18,16.27,15.98,16.2,99.19
2025-04-09 13:00:00+00:00,16.25,16.57,16.25,16.5,80.65
2025-04-09 14:00:00+00:00,16.49,16.76,16.4,16.66,103.17
2025-04-09 15:00:00+00:00,16.66,16.88,16.66,16.78,26.54
2025-04-09 16:00:00+00:00,16.9,17.34,16.9,17.33,130.95
2025-04-09 17:00:00+00:00,17.36,18.9,17.25,18.88,4339.11
2025-04-09 18:00:00+00:00,18.87,18.87,18.27,18.27,195.12
2025-04-09 19:00:00+00:00,18.29,18.62,18.29,18.5,74.52
2025-04-09 20:00:00+00:00,18.57,18.61,18.43,18.61,332.41
2025-04-09 21:00:00+00:00,18.61,18.73,18.54,18.67,81.31
2025-04-09 22:00:00+00:00,18.63,18.64,18.6,18.6,2.72
2025-04-09 23:00:00+00:00,18.56,18.56,18.45,18.45,3.32
2025-04-10 00:00:00+00:00,18.42,18.43,18.21,18.21,47.5
2025-04-10 01:00:00+00:00,18.27,18.32,18.18,18.21,35.8
2025-04-10 02:00:00+00:00,18.24,18.32,18.16,18.16,3.0
2025-04-10 03:00:00+00:00,18.15,18.2,17.86,18.03,130.82
2025-04-10 04:00:00+00:00,18.03,18.13,18.01,18.13,5.21
2025-04-10 05:00:00+00:00,18.18,18.29,18.18,18.26,9.28
2025-04-10 06:00:00+00:00,18.31,18.34,18.17,18.17,10.17
2025-04-10 07:00:00+00:00,18.29,18.29,18.04,18.1,10.31
2025-04-10 08:00:00+00:00,18.03,18.1,17.98,17.98,32.11
2025-04-10 09:00:00+00:00,18.06,18.13,17.99,18.03,11.29
2025-04-10 10:00:00+00:00,18.05,18.05,17.92,17.92,3.2
2025-04-10 11:00:00+00:00,17.99,18.0,17.92,18.0,0.86
2025-04-10 12:00:00+00:00,18.03,18.37,17.98,18.04,98.98
2025-04-10 13:00:00+00:00,18.11,18.3,18.03,18.08,142.08
2025-04-10 14:00:00+00:00,18.06,18.36,18.01,18.2,9.32
2025-04-10 15:00:00+00:00,18.17,18.17,17.58,17.73,98.35
2025-04-10 16:00:00+00:00,17.7,17.96,17.61,17.96,60.9
2025-04-10 17:00:00+00:00,17.97,18.01,17.82,17.93,102.69
2025-04-10 18:00:00+00:00,17.96,18.25,17.94,18.05,44.39
2025-04-10 19:00:00+00:00,18.16,18.23,18.05,18.22,63.1
2025-04-10 20:00:00+00:00,18.17,18.41,18.15,18.41,40.35
2025-04-10 21:00:00+00:00,18.36,18.36,18.25,18.25,2.63
2025-04-10 22:00:00+00:00,18.22,18.33,18.22,18.31,2.1
2025-04-10 23:00:00+00:00,18.19,18.31,18.17,18.29,3553.46
2025-04-11 00:00:00+00:00,18.32,18.57,18.32,18.41,112.41
2025-04-11 01:00:00+00:00,18.41,18.55,18.33,18.5,44.51
2025-04-11 02:00:00+00:00,18.48,18.65,18.46,18.46,47.58
2025-04-11 03:00:00+00:00,18.47,18.55,18.45,18.49,72.87
2025-04-11 04:00:00+00:00,18.56,18.56,18.55,18.55,0.24
2025-04-11 05:00:00+00:00,18.54,18.54,18.49,18.5,1.48
2025-04-11 06:00:00+00:00,18.54,18.65,18.52,18.59,36.03
2025-04-11 07:00:00+00:00,18.58,18.58,18.43,18.53,30.16
2025-04-11 08:00:00+00:00,18.65,18.65,18.47,18.49,22.65
2025-04-11 09:00:00+00:00,18.52,18.74,18.42,18.68,40.51
2025-04-11 10:00:00+00:00,18.69,18.96,18.58,18.83,77.29
2025-04-11 11:00:00+00:00,18.85,18.92,18.75,18.84,4.6
2025-04-11 12:00:00+00:00,18.85,19.18,18.81,19.18,183.07
2025-04-11 13:00:00+00:00,19.19,19.41,18.95,19.05,117.18
2025-04-11 14:00:00+00:00,19.07,19.5,18.97,19.5,124.66
2025-04-11 15:00:00+00:00,19.5,19.5,19.2,19.2,49.82
2025-04-11 16:00:00+00:00,19.18,19.32,19.11,19.32,14.0
2025-04-11 17:00:00+00:00,19.24,19.47,19.23,19.37,70.15
2025-04-11 18:00:00+00:00,19.45,19.55,19.26,19.26,19.08
2025-04-11 19:00:00+00:00,19.28,19.33,19.18,19.19,13.63
2025-04-11 20:00:00+00:00,19.21,19.27,19.18,19.21,11.8
2025-04-11 21:00:00+00:00,19.29,19.29,19.19,19.19,6.93
2025-04-11 22:00:00+00:00,19.19,19.23,19.14,19.17,34.42
2025-04-11 23:00:00+00:00,19.09,19.14,19.06,19.14,17.64
2025-04-12 00:00:00+00:00,19.07,19.07,19.05,19.05,5.54
2025-04-12 01:00:00+00:00,19.03,19.03,18.93,18.93,42.4
2025-04-12 02:00:00+00:00,18.96,18.96,18.87,18.87,12.39
2025-04-12 03:00:00+00:00,18.86,18.91,18.86,18.88,3.85
2025-04-12 04:00:00+00:00,19.01,19.13,19.01,19.13,18.06
2025-04-12 05:00:00+00:00,19.14,19.22,19.14,19.22,2.96
2025-04-12 06:00:00+00:00,19.24,19.31,19.09,19.09,8.11
2025-04-12 07:00:00+00:00,19.13,19.14,19.05,19.07,1.24
2025-04-12 08:00:00+00:00,19.15,19.23,19.08,19.08,3.88
2025-04-12 09:00:00+00:00,19.12,19.12,19.05,19.1,3.44
2025-04-12 10:00:00+00:00,19.12,19.12,19.0,19.0,6.8
2025-04-12 11:00:00+00:00,19.06,19.13,19.05,19.13,4.39
2025-04-12 12:00:00+00:00,19.17,19.24,19.17,19.2,2.67
2025-04-12 13:00:00+00:00,19.16,19.42,19.16,19.42,194.93
2025-04-12 14:00:00+00:00,19.42,20.0,19.4,19.87,363.63
2025-04-12 15:00:00+00:00,19.92,20.97,19.89,20.49,307.82
2025-04-12 16:00:00+00:00,20.55,20.8,20.29,20.33,83.37
2025-04-12 17:00:00+00:00,20.36,20.48,20.12,20.12,37.3
2025-04-12 18:00:00+00:00,20.23,20.46,20.23,20.46,23.32
2025-04-12 19:00:00+00:00,20.39,20.39,20.18,20.23,11.19
2025-04-12 20:00:00+00:00,20.2,20.44,20.2,20.44,7.38
2025-04-12 21:00:00+00:00,20.45,20.62,20.45,20.62,38.09
2025-04-12 22:00:00+00:00,20.63,20.63,20.43,20.43,2.0
2025-04-12 23:00:00+00:00,20.42,20.44,20.38,20.44,1.23
2025-04-13 00:00:00+00:00,20.5,20.62,20.42,20.62,96.84
2025-04-13 01:00:00+00:00,20.53,20.6,20.26,20.26,6.29
2025-04-13 02:00:00+00:00,20.36,20.36,20.21,20.36,5.26
2025-04-13 03:00:00+00:00,20.42,20.42,20.22,20.3,10.24
2025-04-13 04:00:00+00:00,20.25,20.25,20.04,20.04,74.23
2025-04-13 05:00:00+00:00,20.05,20.07,20.0,20.07,14.62
2025-04-13 06:00:00+00:00,19.98,20.02,19.96,20.0,5.73
2025-04-13 07:00:00+00:00,20.07,20.07,19.9,19.92,117.37
2025-04-13 08:00:00+00:00,19.93,20.06,19.93,20.06,0.49
2025-04-13 09:00:00+00:00,20.04,20.24,20.04,20.22,393.7
2025-04-13 10:00:00+00:00,20.16,20.16,20.1,20.14,21.33
2025-04-13 11:00:00+00:00,20.14,20.14,19.93,20.0,6.03
2025-04-13 12:00:00+00:00,20.01,20.01,19.85,19.89,3.16
2025-04-13 13:00:00+00:00,19.88,19.88,19.53,19.53,118.52
2025-04-13 14:00:00+00:00,19.62,19.73,19.61,19.73,16.28
2025-04-13 15:00:00+00:00,19.74,19.76,19.7,19.76,17.89
2025-04-13 16:00:00+00:00,19.77,20.01,19.77,20.01,68.39
2025-04-13 17:00:00+00:00,20.01,20.44,20.01,20.41,149.21
2025-04-13 18:00:00+00:00,20.39,20.5,20.32,20.32,12.2
2025-04-13 19:00:00+00:00,20.26,20.26,19.47,19.77,199.69
2025-04-13 20:00:00+00:00,19.66,19.94,19.53,19.61,20.29
2025-04-13 21:00:00+00:00,19.53,19.57,19.29,19.5,77.38
2025-04-13 22:00:00+00:00,19.49,19.56,19.43,19.46,75.59
2025-04-13 23:00:00+00:00,19.44,19.59,19.44,19.59,11.96
2025-04-14 00:00:00+00:00,19.57,20.11,19.57,19.84,140.61
2025-04-14 01:00:00+00:00,19.88,20.15,19.85,20.04,332.03
2025-04-14 02:00:00+00:00,20.03,20.59,20.03,20.21,351.13
2025-04-14 03:00:00+00:00,20.2,20.2,19.9,19.91,36.46
2025-04-14 04:00:00+00:00,19.97,20.26,19.96,20.26,7.01
2025-04-14 05:00:00+00:00,20.2,20.2,19.88,19.89,20.24
2025-04-14 06:00:00+00:00,19.92,19.94,19.81,19.94,11.82
2025-04-14 07:00:00+00:00,19.9,20.13,19.9,20.13,5.94
2025-04-14 08:00:00+00:00,20.15,20.36,20.12,20.12,67.76
2025-04-14 09:00:00+00:00,20.18,20.2,19.99,19.99,7.94
2025-04-14 10:00:00+00:00,20.08,20.5,20.08,20.5,31.64
2025-04-14 11:00:00+00:00,20.45,20.49,20.35,20.49,186.34
2025-04-14 12:00:00+00:00,20.43,20.65,20.43,20.55,77.81
2025-04-14 13:00:00+00:00,20.55,20.56,20.17,20.17,32.67
2025-04-14 14:00:00+00:00,20.2,20.53,20.2,20.5,5.69
2025-04-14 15:00:00+00:00,20.33,20.33,19.77,19.87,79.58
2025-04-14 16:00:00+00:00,19.87,20.05,19.73,20.04,13.39
2025-04-14 17:00:00+00:00,20.05,20.36,19.99,20.36,100.82
2025-04-14 18:00:00+00:00,20.37,20.48,20.37,20.45,39.2
2025-04-14 19:00:00+00:00,20.41,20.41,20.32,20.32,2.31
2025-04-14 20:00:00+00:00,20.28,20.36,20.17,20.36,158.74
2025-04-14 21:00:00+00:00,20.32,20.32,20.08,20.12,8.81
2025-04-14 22:00:00+00:00,20.17,20.19,20.17,20.19,0.26
2025-04-14 23:00:00+00:00,20.15,20.22,20.09,20.12,63.12
2025-04-15 00:00:00+00:00,20.06,20.19,20.06,20.19,54.18
2025-04-15 01:00:00+00:00,20.06,20.18,19.92,20.03,49.38
2025-04-15 02:00:00+00:00,19.97,20.06,19.87,20.06,9.52
2025-04-15 03:00:00+00:00,19.97,20.23,19.97,20.23,4.8
2025-04-15 04:00:00+00:00,20.24,20.27,20.11,20.16,6.66
2025-04-15 05:00:00+00:00,20.12,20.14,19.96,19.96,60.2
2025-04-15 06:00:00+00:00,19.95,19.95,19.83,19.92,52.77
2025-04-15 07:00:00+00:00,20.0,20.05,20.0,20.0,1.89
2025-04-15 08:00:00+00:00,19.99,20.0,19.99,19.99,18.04
2025-04-15 09:00:00+00:00,19.9,20.14,19.9,20.14,32.96
2025-04-15 10:00:00+00:00,20.13,20.14,19.88,19.88,4.77
2025-04-15 11:00:00+00:00,19.9,19.93,19.82,19.93,14.67
2025-04-15 12:00:00+00:00,19.88,20.0,19.88,20.0,0.53
2025-04-15 13:00:00+00:00,20.01,20.23,19.93,19.94,248.57
2025-04-15 14:00:00+00:00,19.94,19.99,19.57,19.76,46.67
2025-04-15 15:00:00+00:00,19.73,19.81,19.49,19.49,20.48
2025-04-15 16:00:00+00:00,19.56,19.57,19.56,19.56,0.6
2025-04-15 17:00:00+00:00,19.49,19.55,19.35,19.37,92.78
2025-04-15 18:00:00+00:00,19.41,19.55,19.34,19.55,11.15
2025-04-15 19:00:00+00:00,19.48,19.5,19.25,19.25,22.85
2025-04-15 20:00:00+00:00,19.33,19.44,19.2,19.2,13.51
2025-04-15 21:00:00+00:00,19.3,19.41,19.25,19.39,20.15
2025-04-15 22:00:00+00:00,19.31,19.33,19.01,19.01,863.88
2025-04-15 23:00:00+00:00,19.04,19.07,18.98,19.01,23.02
2025-04-16 00:00:00+00:00,18.97,18.97,18.7,18.75,81.12
2025-04-16 01:00:00+00:00,18.76,18.96,18.76,18.96,3.85
2025-04-16 02:00:00+00:00,18.89,18.99,18.89,18.93,73.25
2025-04-16 03:00:00+00:00,18.98,19.01,18.91,18.92,31.32
2025-04-16 04:00:00+00:00,18.86,18.86,18.77,18.83,3.57
2025-04-16 05:00:00+00:00,18.94,18.94,18.7,18.78,43.34
2025-04-16 06:00:00+00:00,18.78,18.78,18.78,18.78,0.0
2025-04-16 07:00:00+00:00,18.7,18.7,18.65,18.67,21.99
2025-04-16 08:00:00+00:00,18.63,18.94,18.59,18.89,49.99
2025-04-16 09:00:00+00:00,18.97,18.97,18.82,18.82,4.49
2025-04-16 10:00:00+00:00,18.76,18.88,18.76,18.85,7.0
2025-04-16 11:00:00+00:00,18.88,18.93,18.85,18.86,47.12
2025-04-16 12:00:00+00:00,18.91,18.98,18.83,18.86,16.48
2025-04-16 13:00:00+00:00,18.83,18.96,18.74,18.86,42.69
2025-04-16 14:00:00+00:00,18.86,19.16,18.86,19.0,41.92
2025-04-16 15:00:00+00:00,19.13,19.26,19.05,19.06,152.21
2025-04-16 16:00:00+00:00,19.03,19.08,18.87,19.08,17.4
2025-04-16 17:00:00+00:00,19.08,19.25,18.52,18.52,184.73
2025-04-16 18:00:00+00:00,18.61,18.94,18.52,18.84,159.54
2025-04-16 19:00:00+00:00,18.78,19.09,18.66,19.07,59.9
2025-04-16 20:00:00+00:00,19.05,19.05,18.8,18.8,27.0
2025-04-16 21:00:00+00:00,18.96,19.05,18.96,18.97,5.55
2025-04-16 22:00:00+00:00,18.97,18.97,18.86,18.91,160.66
2025-04-16 23:00:00+00:00,18.86,18.86,18.7,18.75,8.11
2025-04-17 00:00:00+00:00,18.72,18.82,18.72,18.82,6.28
2025-04-17 01:00:00+00:00,18.79,18.97,18.79,18.89,3.83
2025-04-17 02:00:00+00:00,18.9,18.9,18.83,18.83,30.52
2025-04-17 03:00:00+00:00,18.93,18.98,18.89,18.89,1.76
2025-04-17 04:00:00+00:00,18.97,19.09,18.97,19.09,5.37
2025-04-17 05:00:00+00:00,19.11,19.27,19.11,19.27,101.03
2025-04-17 06:00:00+00:00,19.29,19.45,19.24,19.39,63.14
2025-04-17 07:00:00+00:00,19.38,19.53,19.38,19.53,36.43
2025-04-17 08:00:00+00:00,19.43,19.43,19.26,19.26,27.86
2025-04-17 09:00:00+00:00,19.24,19.3,19.24,19.3,6.47
2025-04-17 10:00:00+00:00,19.26,19.26,19.16,19.16,4.96
2025-04-17 11:00:00+00:00,19.3,19.31,19.25,19.25,53.44
2025-04-17 12:00:00+00:00,19.28,19.38,19.28,19.38,16.2
2025-04-17 13:00:00+00:00,19.4,19.4,19.24,19.24,2.66
2025-04-17 14:00:00+00:00,19.2,19.2,18.83,18.93,61.07
2025-04-17 15:00:00+00:00,18.97,19.19,18.97,19.19,103.45
2025-04-17 16:00:00+00:00,19.21,19.51,19.16,19.44,137.34
2025-04-17 17:00:00+00:00,19.4,19.51,19.33,19.51,211.42
2025-04-17 18:00:00+00:00,19.44,19.45,19.28,19.28,59.06
2025-04-17 19:00:00+00:00,19.27,19.27,19.0,19.11,810.6
2025-04-17 20:00:00+00:00,19.14,19.2,19.1,19.14,18.35
2025-04-17 21:00:00+00:00,19.14,19.16,19.11,19.11,523.34
2025-04-17 22:00:00+00:00,19.05,19.05,18.96,18.96,1070.61
2025-04-17 23:00:00+00:00,19.12,19.12,19.05,19.05,0.32
2025-04-18 00:00:00+00:00,19.01,19.01,18.92,18.92,60.85
2025-04-18 01:00:00+00:00,19.04,19.13,19.04,19.08,31.72
2025-04-18 02:00:00+00:00,19.01,19.11,19.0,19.11,1.88
2025-04-18 03:00:00+00:00,19.03,19.06,18.97,19.06,1.07
2025-04-18 04:00:00+00:00,19.05,19.05,19.05,19.05,4.42
2025-04-18 05:00:00+00:00,19.06,19.06,19.06,19.06,0.1
2025-04-18 06:00:00+00:00,19.05,19.05,19.01,19.01,5.08
2025-04-18 07:00:00+00:00,19.06,19.14,19.05,19.14,23.63
2025-04-18 08:00:00+00:00,19.17,19.31,19.17,19.31,13.34
2025-04-18 09:00:00+00:00,19.21,19.22,19.12,19.22,6.41
2025-04-18 10:00:00+00:00,19.14,19.14,19.01,19.01,2.93
2025-04-18 11:00:00+00:00,19.07,19.07,19.07,19.07,0.26
2025-04-18 12:00:00+00:00,19.09,19.15,19.09,19.15,0.2
2025-04-18 13:00:00+00:00,19.12,19.23,19.07,19.11,524.13
2025-04-18 14:00:00+00:00,19.15,19.15,18.98,18.98,122.77
2025-04-18 15:00:00+00:00,18.96,18.96,18.88,18.88,40.14
2025-04-18 16:00:00+00:00,18.91,18.92,18.83,18.9,318.3
2025-04-18 17:00:00+00:00,18.94,19.09,18.94,19.09,3.14
2025-04-18 18:00:00+00:00,19.07,19.13,19.07,19.13,9.51
2025-04-18 19:00:00+00:00,19.11,19.15,19.11,19.15,43.66
2025-04-18 20:00:00+00:00,19.14,19.16,19.13,19.14,37.14
2025-04-18 21:00:00+00:00,19.14,19.2,19.1,19.2,16.94
2025-04-18 22:00:00+00:00,19.23,19.23,19.15,19.19,9.89
2025-04-18 23:00:00+00:00,19.09,19.12,19.05,19.12,3.31
2025-04-19 00:00:00+00:00,19.06,19.09,19.05,19.09,5.78
2025-04-19 01:00:00+00:00,19.2,19.2,19.15,19.15,0.25
2025-04-19 02:00:00+00:00,19.18,19.27,19.18,19.27,73.64
2025-04-19 03:00:00+00:00,19.3,19.3,19.3,19.3,0.8
2025-04-19 04:00:00+00:00,19.3,19.3,19.23,19.29,267.32
2025-04-19 05:00:00+00:00,19.26,19.31,19.26,19.3,53.51
2025-04-19 06:00:00+00:00,19.21,19.26,19.18,19.26,56.68
2025-04-19 07:00:00+00:00,19.27,19.5,19.27,19.47,112.26
2025-04-19 08:00:00+00:00,19.51,19.53,19.45,19.49,2.11
2025-04-19 09:00:00+00:00,19.55,19.68,19.53,19.53,21.64
2025-04-19 10:00:00+00:00,19.53,19.53,19.48,19.48,8.3
2025-04-19 11:00:00+00:00,19.49,19.5,19.47,19.5,16.61
2025-04-19 12:00:00+00:00,19.6,19.64,19.59,19.64,0.69
2025-04-19 13:00:00+00:00,19.65,19.68,19.65,19.68,6.44
2025-04-19 14:00:00+00:00,19.66,19.68,19.65,19.65,17.87
2025-04-19 15:00:00+00:00,19.66,19.8,19.66,19.76,52.93
2025-04-19 16:00:00+00:00,19.71,19.76,19.64,19.66,128.87
2025-04-19 17:00:00+00:00,19.7,19.95,19.7,19.88,44.43
2025-04-19 18:00:00+00:00,19.97,20.11,19.94,19.95,175.55
2025-04-19 19:00:00+00:00,19.98,20.07,19.98,20.03,59.53
2025-04-19 20:00:00+00:00,20.05,20.25,20.05,20.25,34.76
2025-04-19 21:00:00+00:00,20.25,20.35,20.23,20.26,79.8
2025-04-19 22:00:00+00:00,20.22,20.23,19.98,20.07,79.71
2025-04-19 23:00:00+00:00,20.08,20.08,19.93,19.93,3.35
2025-04-20 00:00:00+00:00,19.96,19.98,19.95,19.98,82.19
2025-04-20 01:00:00+00:00,19.95,19.98,19.91,19.98,24.95
2025-04-20 02:00:00+00:00,19.98,20.02,19.97,19.97,28.28
2025-04-20 03:00:00+00:00,19.92,19.92,19.83,19.83,26.02
2025-04-20 04:00:00+00:00,19.8,19.96,19.8,19.96,9.81
2025-04-20 05:00:00+00:00,19.9,19.97,19.89,19.97,69.24
2025-04-20 06:00:00+00:00,19.89,19.91,19.72,19.72,13.24
2025-04-20 07:00:00+00:00,19.72,19.72,19.59,19.62,39.79
2025-04-20 08:00:00+00:00,19.64,19.67,19.59,19.67,3.07
2025-04-20 09:00:00+00:00,19.6,19.67,19.6,19.67,19.09
2025-04-20 10:00:00+00:00,19.64,19.64,19.33,19.33,62.98
2025-04-20 11:00:00+00:00,19.4,19.4,19.24,19.3,28.66
2025-04-20 12:00:00+00:00,19.3,19.41,19.3,19.35,10.51
2025-04-20 13:00:00+00:00,19.35,19.35,19.35,19.35,0.08
2025-04-20 14:00:00+00:00,19.47,19.51,19.43,19.51,20.64
2025-04-20 15:00:00+00:00,19.53,19.53,19.35,19.35,8.25
2025-04-20 16:00:00+00:00,19.34,19.51,19.33,19.51,74.63
2025-04-20 17:00:00+00:00,19.5,19.5,19.44,19.44,0.15
2025-04-20 18:00:00+00:00,19.45,19.48,19.45,19.45,13.25
2025-04-20 19:00:00+00:00,19.52,19.55,19.52,19.55,0.32
2025-04-20 20:00:00+00:00,19.55,19.71,19.55,19.55,72.54
2025-04-20 21:00:00+00:00,19.54,19.55,19.49,19.5,28.5
2025-04-20 22:00:00+00:00,19.48,19.48,19.34,19.36,27.48
2025-04-20 23:00:00+00:00,19.48,19.51,19.44,19.44,1.79
2025-04-21 00:00:00+00:00,19.53,20.11,19.53,19.9,128.23
2025-04-21 01:00:00+00:00,20.03,20.07,20.0,20.02,28.62
2025-04-21 02:00:00+00:00,19.99,20.02,19.88,19.92,17.21
2025-04-21 03:00:00+00:00,19.97,20.02,19.96,19.96,14.32
2025-04-21 04:00:00+00:00,19.91,20.01,19.86,20.01,3.99
2025-04-21 05:00:00+00:00,19.99,20.28,19.99,20.23,86.73
2025-04-21 06:00:00+00:00,20.23,20.46,20.23,20.43,70.6
2025-04-21 07:00:00+00:00,20.39,20.6,20.39,20.58,66.97
2025-04-21 08:00:00+00:00,20.61,20.9,20.61,20.77,96.16
2025-04-21 09:00:00+00:00,20.77,20.77,20.57,20.67,25.05
2025-04-21 10:00:00+00:00,20.64,20.65,20.51,20.65,21.32
2025-04-21 11:00:00+00:00,20.62,20.67,20.39,20.51,157.41
2025-04-21 12:00:00+00:00,20.55,20.58,20.53,20.53,2.82
2025-04-21 13:00:00+00:00,20.44,20.48,20.32,20.32,22.65
2025-04-21 14:00:00+00:00,20.31,20.6,20.27,20.44,171.11
2025-04-21 15:00:00+00:00,20.54,20.64,20.51,20.51,261.46
2025-04-21 16:00:00+00:00,20.56,20.65,20.1,20.1,119.47
2025-04-21 17:00:00+00:00,20.09,20.15,19.84,20.08,315.15
2025-04-21 18:00:00+00:00,20.02,20.08,20.0,20.07,37.36
2025-04-21 19:00:00+00:00,20.07,20.09,20.07,20.09,26.21
2025-04-21 20:00:00+00:00,20.06,20.09,19.98,20.02,159.72
2025-04-21 21:00:00+00:00,20.01,20.01,19.88,19.95,9.53
2025-04-21 22:00:00+00:00,19.86,19.86,19.83,19.83,9.32
2025-04-21 23:00:00+00:00,19.8,19.94,19.73,19.94,66.19
2025-04-22 00:00:00+00:00,19.89,19.92,19.46,19.58,293.64
2025-04-22 01:00:00+00:00,19.64,20.1,19.64,20.1,111.3
2025-04-22 02:00:00+00:00,20.11,20.19,19.88,19.88,50.7
2025-04-22 03:00:00+00:00,19.9,19.9,19.84,19.9,9.16
2025-04-22 04:00:00+00:00,19.96,19.96,19.82,19.82,2.92
2025-04-22 05:00:00+00:00,19.79,19.82,19.77,19.77,1.88
2025-04-22 06:00:00+00:00,19.89,19.98,19.62,19.68,117.58
2025-04-22 07:00:00+00:00,19.71,20.28,19.71,20.28,45.74
2025-04-22 08:00:00+00:00,20.3,20.43,20.2,20.25,90.08
2025-04-22 09:00:00+00:00,20.18,20.22,20.12,20.21,15.77
2025-04-22 10:00:00+00:00,20.14,20.38,20.06,20.37,18.37
2025-04-22 11:00:00+00:00,20.38,20.42,20.36,20.38,1.83
2025-04-22 12:00:00+00:00,20.37,20.5,20.36,20.48,176.84
2025-04-22 13:00:00+00:00,20.52,20.74,20.49,20.57,43.38
2025-04-22 14:00:00+00:00,20.65,21.38,20.6,21.33,1497.94
2025-04-22 15:00:00+00:00,21.44,21.95,21.41,21.6,849.12
2025-04-22 16:00:00+00:00,21.61,21.76,21.51,21.51,36.76
2025-04-22 17:00:00+00:00,21.59,21.7,20.63,21.58,595.41
2025-04-22 18:00:00+00:00,21.7,21.77,21.61,21.74,34.58
2025-04-22 19:00:00+00:00,21.71,21.71,21.36,21.55,1554.05
2025-04-22 20:00:00+00:00,21.56,21.62,21.56,21.62,3.3
2025-04-22 21:00:00+00:00,21.57,22.15,21.57,22.05,147.43
2025-04-22 22:00:00+00:00,22.02,22.09,21.93,22.09,79.65
2025-04-22 23:00:00+00:00,22.16,22.27,22.04,22.06,59.66
2025-04-23 00:00:00+00:00,22.09,22.19,21.93,21.97,77.98
2025-04-23 01:00:00+00:00,21.97,22.27,21.97,22.2,71.56
2025-04-23 02:00:00+00:00,22.27,22.56,22.27,22.45,341.24
2025-04-23 03:00:00+00:00,22.42,22.42,22.17,22.42,186.01
2025-04-23 04:00:00+00:00,22.47,22.76,22.44,22.76,56.37
2025-04-23 05:00:00+00:00,22.75,22.83,22.62,22.62,67.07
2025-04-23 06:00:00+00:00,22.61,22.76,22.57,22.72,26.63
2025-04-23 07:00:00+00:00,22.66,22.83,22.53,22.83,48.79
2025-04-23 08:00:00+00:00,22.84,22.92,22.84,22.91,17.07
2025-04-23 09:00:00+00:00,22.89,23.06,22.85,22.85,94.19
2025-04-23 10:00:00+00:00,22.84,22.85,22.59,22.85,17.38
2025-04-23 11:00:00+00:00,22.87,22.94,22.67,22.67,10.53
2025-04-23 12:00:00+00:00,22.72,22.81,22.72,22.79,4.55
2025-04-23 13:00:00+00:00,22.79,22.95,22.21,22.21,103.55
2025-04-23 14:00:00+00:00,22.34,22.54,22.23,22.36,50.74
2025-04-23 15:00:00+00:00,22.32,22.34,21.9,22.25,118.42
2025-04-23 16:00:00+00:00,22.24,22.32,22.09,22.29,145.77
2025-04-23 17:00:00+00:00,22.22,22.43,22.22,22.3,148.89
2025-04-23 18:00:00+00:00,22.37,22.62,22.33,22.34,25.38
2025-04-23 19:00:00+00:00,22.33,22.33,22.09,22.25,13.84
2025-04-23 20:00:00+00:00,22.22,22.45,22.22,22.38,19.6
2025-04-23 21:00:00+00:00,22.37,22.4,22.3,22.3,0.54
2025-04-23 22:00:00+00:00,22.34,22.56,22.34,22.56,6.91
2025-04-23 23:00:00+00:00,22.51,22.51,22.29,22.29,104.87
2025-04-24 00:00:00+00:00,22.45,22.45,22.2,22.33,23.56
2025-04-24 01:00:00+00:00,22.24,22.31,22.08,22.3,104.42
2025-04-24 02:00:00+00:00,22.28,22.28,21.99,21.99,40.39
2025-04-24 03:00:00+00:00,22.05,22.15,21.86,21.86,18.26
2025-04-24 04:00:00+00:00,21.84,22.0,21.82,21.97,140.74
2025-04-24 05:00:00+00:00,21.97,22.04,21.97,22.0,0.71
2025-04-24 06:00:00+00:00,22.03,22.15,22.0,22.0,5.49
2025-04-24 07:00:00+00:00,21.96,21.96,21.84,21.84,5.32
2025-04-24 08:00:00+00:00,21.92,21.92,21.64,21.72,25.68
2025-04-24 09:00:00+00:00,21.8,21.97,21.8,21.88,9.57
2025-04-24 10:00:00+00:00,21.99,22.01,21.95,21.95,3.97
2025-04-24 11:00:00+00:00,21.93,21.97,21.9,21.97,1.39
2025-04-24 12:00:00+00:00,22.05,22.1,22.05,22.1,3.45
2025-04-24 13:00:00+00:00,22.02,22.15,21.95,21.95,34.55
2025-04-24 14:00:00+00:00,22.1,22.35,22.07,22.28,886.48
2025-04-24 15:00:00+00:00,22.27,22.61,22.27,22.36,210.12
2025-04-24 16:00:00+00:00,22.31,22.47,22.21,22.42,58.41
2025-04-24 17:00:00+00:00,22.34,22.38,21.97,22.13,58.22
2025-04-24 18:00:00+00:00,22.16,22.29,22.16,22.27,7.35
2025-04-24 19:00:00+00:00,22.15,22.24,22.15,22.2,11.57
2025-04-24 20:00:00+00:00,22.21,22.31,22.21,22.21,66.08
2025-04-24 21:00:00+00:00,22.24,22.24,22.05,22.19,15.45
2025-04-24 22:00:00+00:00,22.25,22.33,22.21,22.21,76.07
2025-04-24 23:00:00+00:00,22.22,22.41,22.18,22.36,4.13
2025-04-25 00:00:00+00:00,22.32,22.44,22.25,22.35,9.13
2025-04-25 01:00:00+00:00,22.36,22.53,22.24,22.28,75.78
2025-04-25 02:00:00+00:00,22.26,22.26,21.8,21.87,55.16
2025-04-25 03:00:00+00:00,21.81,22.06,21.8,22.06,19.84
2025-04-25 04:00:00+00:00,22.03,22.14,21.98,22.08,4.66
2025-04-25 05:00:00+00:00,22.07,22.18,22.06,22.18,48.22
2025-04-25 06:00:00+00:00,22.13,22.44,22.13,22.44,36.3
2025-04-25 07:00:00+00:00,22.42,22.5,22.27,22.34,46.38
2025-04-25 08:00:00+00:00,22.34,22.46,22.23,22.43,63.47
2025-04-25 09:00:00+00:00,22.43,22.54,22.38,22.5,59.52
2025-04-25 10:00:00+00:00,22.5,22.5,22.21,22.21,7.8
2025-04-25 11:00:00+00:00,22.39,22.57,22.38,22.57,23.9
2025-04-25 12:00:00+00:00,22.53,22.7,22.34,22.34,122.44
2025-04-25 13:00:00+00:00,22.38,22.38,22.14,22.17,58.58
2025-04-25 14:00:00+00:00,22.26,22.84,22.26,22.75,192.74
2025-04-25 15:00:00+00:00,22.71,22.84,22.54,22.66,825.54
2025-04-25 16:00:00+00:00,22.65,22.67,22.35,22.61,44.6
2025-04-25 17:00:00+00:00,22.68,22.77,22.32,22.32,141.02
2025-04-25 18:00:00+00:00,22.41,22.56,22.35,22.35,105.14
2025-04-25 19:00:00+00:00,22.42,22.42,22.23,22.24,18.18
2025-04-25 20:00:00+00:00,22.32,22.4,22.27,22.4,15.7
2025-04-25 21:00:00+00:00,22.4,22.48,22.16,22.16,229.71
2025-04-25 22:00:00+00:00,22.22,22.35,22.22,22.35,11.29
2025-04-25 23:00:00+00:00,22.31,22.31,22.17,22.18,9.43
2025-04-26 00:00:00+00:00,22.23,22.4,22.23,22.4,47.54
2025-04-26 01:00:00+00:00,22.38,22.9,22.37,22.84,109.5
2025-04-26 02:00:00+00:00,22.9,22.95,22.74,22.87,26.95
2025-04-26 03:00:00+00:00,22.76,22.78,22.62,22.62,26.06
2025-04-26 04:00:00+00:00,22.67,22.67,22.38,22.38,17.55
2025-04-26 05:00:00+00:00,22.4,22.4,22.32,22.37,70.35
2025-04-26 06:00:00+00:00,22.42,22.56,22.41,22.56,1.83
2025-04-26 07:00:00+00:00,22.51,22.65,22.51,22.53,39.34
2025-04-26 08:00:00+00:00,22.51,22.75,22.42,22.42,67.88
2025-04-26 09:00:00+00:00,22.41,22.43,22.1,22.15,47.39
2025-04-26 10:00:00+00:00,22.17,22.29,22.17,22.27,1.58
2025-04-26 11:00:00+00:00,22.15,22.15,21.9,21.9,28.78
2025-04-26 12:00:00+00:00,21.92,22.0,21.87,21.89,63.99
2025-04-26 13:00:00+00:00,21.86,21.9,21.75,21.8,151.75
2025-04-26 14:00:00+00:00,21.82,22.01,21.82,22.01,3.33
2025-04-26 15:00:00+00:00,21.96,22.06,21.96,22.0,2.76
2025-04-26 16:00:00+00:00,21.96,22.02,21.84,21.88,221.91
2025-04-26 17:00:00+00:00,21.94,21.99,21.94,21.99,1.14
2025-04-26 18:00:00+00:00,21.98,22.08,21.97,22.07,367.65
2025-04-26 19:00:00+00:00,22.0,22.09,22.0,22.08,11.65
2025-04-26 20:00:00+00:00,22.13,22.22,22.13,22.15,6.13
2025-04-26 21:00:00+00:00,22.25,22.28,22.14,22.19,55.22
2025-04-26 22:00:00+00:00,22.2,22.35,22.2,22.28,22.77
2025-04-26 23:00:00+00:00,22.32,22.42,22.29,22.4,14.25
2025-04-27 00:00:00+00:00,22.41,22.74,22.39,22.74,87.47
2025-04-27 01:00:00+00:00,22.69,22.77,22.15,22.16,138.34
2025-04-27 02:00:00+00:00,22.14,22.37,22.08,22.18,31.53
2025-04-27 03:00:00+00:00,22.17,22.35,22.17,22.29,3.01
2025-04-27 04:00:00+00:00,22.35,22.52,22.21,22.21,36.64
2025-04-27 05:00:00+00:00,22.22,22.24,22.04,22.14,7.56
2025-04-27 06:00:00+00:00,22.19,22.25,22.15,22.21,37.59
2025-04-27 07:00:00+00:00,22.2,22.3,22.2,22.26,3.46
2025-04-27 08:00:00+00:00,22.35,22.44,22.35,22.44,4.48
2025-04-27 09:00:00+00:00,22.38,22.45,22.35,22.45,6.09
2025-04-27 10:00:00+00:00,22.44,22.47,22.25,22.33,37.54
2025-04-27 11:00:00+00:00,22.31,22.31,22.09,22.09,10.91
2025-04-27 12:00:00+00:00,22.07,22.3,21.94,22.09,342.78
2025-04-27 13:00:00+00:00,22.1,22.13,21.95,22.13,13.78
2025-04-27 14:00:00+00:00,22.08,22.11,21.96,21.96,0.9
2025-04-27 15:00:00+00:00,21.95,21.95,21.82,21.87,47.97
2025-04-27 16:00:00+00:00,21.86,21.86,21.7,21.7,14.25
2025-04-27 17:00:00+00:00,21.69,21.84,21.68,21.76,11.41
2025-04-27 18:00:00+00:00,21.82,21.95,21.75,21.92,46.74
2025-04-27 19:00:00+00:00,21.98,22.1,21.98,22.1,56.26
2025-04-27 20:00:00+00:00,22.09,22.09,21.95,22.09,3.43
2025-04-27 21:00:00+00:00,22.01,22.11,22.0,22.1,24.05
2025-04-27 22:00:00+00:00,22.0,22.0,21.83,21.92,4.77
2025-04-27 23:00:00+00:00,21.86,21.86,21.68,21.68,204.56
2025-04-28 00:00:00+00:00,21.71,21.71,21.37,21.51,859.46
2025-04-28 01:00:00+00:00,21.46,21.5,21.05,21.16,161.8
2025-04-28 02:00:00+00:00,21.12,21.43,21.12,21.43,48.32
2025-04-28 03:00:00+00:00,21.4,21.8,21.4,21.74,52.39
2025-04-28 04:00:00+00:00,21.79,22.04,21.79,21.94,58.96
2025-04-28 05:00:00+00:00,21.93,21.93,21.8,21.85,2.7
2025-04-28 06:00:00+00:00,21.93,22.27,21.93,22.18,251.09
2025-04-28 07:00:00+00:00,22.18,22.33,22.17,22.26,16.47
2025-04-28 08:00:00+00:00,22.34,22.42,22.26,22.26,20.38
2025-04-28 09:00:00+00:00,22.3,22.3,22.15,22.15,28.02
2025-04-28 10:00:00+00:00,22.13,22.29,21.99,22.29,56.92
2025-04-28 11:00:00+00:00,22.17,22.32,22.15,22.3,768.17
2025-04-28 12:00:00+00:00,22.25,22.25,22.01,22.01,311.5
2025-04-28 13:00:00+00:00,21.99,22.02,21.65,21.65,64.97
2025-04-28 14:00:00+00:00,21.63,21.94,21.6,21.71,46.16
2025-04-28 15:00:00+00:00,21.7,21.7,21.3,21.36,87.64
2025-04-28 16:00:00+00:00,21.43,21.55,21.32,21.51,3.95
2025-04-28 17:00:00+00:00,21.57,21.78,21.5,21.77,61.66
2025-04-28 18:00:00+00:00,21.8,21.85,21.7,21.85,8.94
2025-04-28 19:00:00+00:00,21.84,22.06,21.84,22.06,62.83
2025-04-28 20:00:00+00:00,22.0,22.0,21.73,21.84,556.16
2025-04-28 21:00:00+00:00,21.85,21.87,21.76,21.76,20.84
2025-04-28 22:00:00+00:00,21.85,21.85,21.74,21.8,42.37
2025-04-28 23:00:00+00:00,21.83,21.92,21.79,21.86,8.26
2025-04-29 00:00:00+00:00,21.84,21.94,21.77,21.94,162.47
2025-04-29 01:00:00+00:00,21.92,22.06,21.85,21.9,8.68
2025-04-29 02:00:00+00:00,21.92,21.92,21.68,21.68,10.02
2025-04-29 03:00:00+00:00,21.75,21.87,21.75,21.87,3.89
2025-04-29 04:00:00+00:00,21.83,21.92,21.65,21.69,44.22
2025-04-29 05:00:00+00:00,21.7,21.78,21.7,21.78,98.46
2025-04-29 06:00:00+00:00,21.78,22.15,21.78,22.1,22.2
2025-04-29 07:00:00+00:00,22.07,22.12,22.07,22.12,18.61
2025-04-29 08:00:00+00:00,22.16,22.25,22.1,22.12,75.07
2025-04-29 09:00:00+00:00,22.25,22.25,22.15,22.16,6.6
2025-04-29 10:00:00+00:00,22.19,22.27,21.98,22.01,61.37
2025-04-29 11:00:00+00:00,22.05,22.21,22.05,22.12,14.2
2025-04-29 12:00:00+00:00,22.05,22.06,21.96,22.06,1.83
2025-04-29 13:00:00+00:00,21.95,22.06,21.85,22.06,35.92
2025-04-29 14:00:00+00:00,22.03,22.17,22.03,22.15,26.16
2025-04-29 15:00:00+00:00,22.13,22.13,21.93,22.0,34.28
2025-04-29 16:00:00+00:00,22.01,22.22,22.01,22.17,747.41
2025-04-29 17:00:00+00:00,22.05,22.19,21.97,22.14,20.47
2025-04-29 18:00:00+00:00,22.15,22.15,22.08,22.15,13.98
2025-04-29 19:00:00+00:00,22.09,22.09,21.85,21.89,17.85
2025-04-29 20:00:00+00:00,21.91,21.91,21.72,21.78,604.19
2025-04-29 21:00:00+00:00,21.76,21.76,21.49,21.63,850.19
2025-04-29 22:00:00+00:00,21.58,21.62,21.45,21.49,590.64
2025-04-29 23:00:00+00:00,21.45,21.54,21.29,21.54,191.48
2025-04-30 00:00:00+00:00,21.55,21.76,21.55,21.67,22.24
2025-04-30 01:00:00+00:00,21.73,21.81,21.73,21.76,35.54
2025-04-30 02:00:00+00:00,21.83,21.85,21.77,21.77,22.9
2025-04-30 03:00:00+00:00,21.8,21.88,21.8,21.88,8.14
2025-04-30 04:00:00+00:00,21.83,21.88,21.81,21.88,11.67
2025-04-30 05:00:00+00:00,21.76,21.76,21.63,21.65,5.49
2025-04-30 06:00:00+00:00,21.66,21.66,21.66,21.66,0.1
2025-04-30 07:00:00+00:00,21.61,21.61,21.49,21.49,5.25
2025-04-30 08:00:00+00:00,21.48,21.54,21.48,21.5,1.6
2025-04-30 09:00:00+00:00,21.5,21.67,21.47,21.67,3.8
2025-04-30 10:00:00+00:00,21.58,21.61,21.56,21.61,0.98
2025-04-30 11:00:00+00:00,21.68,21.69,21.6,21.66,30.06
2025-04-30 12:00:00+00:00,21.62,21.62,21.06,21.24,87.55
2025-04-30 13:00:00+00:00,21.12,21.12,20.51,20.51,408.07
2025-04-30 14:00:00+00:00,20.5,20.92,20.39,20.79,346.11
2025-04-30 15:00:00+00:00,20.88,21.02,20.88,21.01,233.3
2025-04-30 16:00:00+00:00,20.89,20.89,20.73,20.8,29.64
2025-04-30 17:00:00+00:00,20.92,21.0,20.75,21.0,34.53
2025-04-30 18:00:00+00:00,20.93,21.18,20.92,20.92,82.45
2025-04-30 19:00:00+00:00,20.93,21.0,20.82,21.0,9.08
2025-04-30 20:00:00+00:00,21.02,21.2,21.02,21.1,66.35
2025-04-30 21:00:00+00:00,21.09,21.09,20.98,20.98,7.5
2025-04-30 22:00:00+00:00,21.09,21.09,20.83,20.89,17.08
2025-04-30 23:00:00+00:00,20.91,20.95,20.86,20.92,481.32
2025-05-01 00:00:00+00:00,20.92,21.05,20.91,21.04,35.04
2025-05-01 01:00:00+00:00,21.01,21.23,21.0,21.09,518.49
2025-05-01 02:00:00+00:00,21.12,21.27,21.08,21.08,69.97
2025-05-01 03:00:00+00:00,21.06,21.09,20.96,20.96,10.03
2025-05-01 04:00:00+00:00,20.96,20.96,20.83,20.89,6.25
2025-05-01 05:00:00+00:00,20.93,21.21,20.93,21.19,23.58
2025-05-01 06:00:00+00:00,21.16,21.16,21.06,21.06,0.88
2025-05-01 07:00:00+00:00,21.15,21.23,21.15,21.23,1.96
2025-05-01 08:00:00+00:00,21.19,21.34,21.19,21.28,14.1
2025-05-01 09:00:00+00:00,21.29,21.36,21.29,21.36,12.5
2025-05-01 10:00:00+00:00,21.37,21.54,21.37,21.43,41.08
2025-05-01 11:00:00+00:00,21.54,21.57,21.41,21.48,15.0
2025-05-01 12:00:00+00:00,21.49,21.49,21.43,21.46,2017.06
2025-05-01 13:00:00+00:00,21.4,21.45,21.15,21.15,1621.21
2025-05-01 14:00:00+00:00,21.16,21.37,21.16,21.37,60.35
2025-05-01 15:00:00+00:00,21.39,21.52,21.32,21.32,223.3
2025-05-01 16:00:00+00:00,21.45,21.55,21.44,21.48,47.89
2025-05-01 17:00:00+00:00,21.39,21.39,21.31,21.32,33.64
2025-05-01 18:00:00+00:00,21.38,21.81,21.26,21.81,711.0
2025-05-01 19:00:00+00:00,21.77,21.83,21.7,21.75,250.87
2025-05-01 20:00:00+00:00,21.76,21.81,21.63,21.63,41.65
2025-05-01 21:00:00+00:00,21.66,21.68,21.53,21.53,10.61
2025-05-01 22:00:00+00:00,21.68,21.7,21.58,21.6,17.81
2025-05-01 23:00:00+00:00,21.56,21.69,21.56,21.56,19.08
2025-05-02 00:00:00+00:00,21.69,21.97,21.67,21.94,70.09
2025-05-02 01:00:00+00:00,21.96,21.98,21.86,21.86,8.28
2025-05-02 02:00:00+00:00,21.88,21.99,21.87,21.95,1.39
2025-05-02 03:00:00+00:00,21.99,22.14,21.99,22.04,62.24
2025-05-02 04:00:00+00:00,22.03,22.03,21.81,21.81,33.03
2025-05-02 05:00:00+00:00,21.81,21.81,21.65,21.65,28.34
2025-05-02 06:00:00+00:00,21.66,21.7,21.56,21.56,15.48
2025-05-02 07:00:00+00:00,21.55,21.58,21.29,21.29,94.28
2025-05-02 08:00:00+00:00,21.3,21.41,21.18,21.41,43.85
2025-05-02 09:00:00+00:00,21.38,21.41,21.37,21.37,4.69
2025-05-02 10:00:00+00:00,21.37,21.41,21.37,21.4,0.72
2025-05-02 11:00:00+00:00,21.4,21.4,21.38,21.38,0.2
2025-05-02 12:00:00+00:00,21.29,21.42,21.16,21.41,156.34
2025-05-02 13:00:00+00:00,21.45,21.45,21.19,21.2,5.79
2025-05-02 14:00:00+00:00,21.36,21.6,21.36,21.6,39.33
2025-05-02 15:00:00+00:00,21.62,21.64,21.35,21.4,7.52
2025-05-02 16:00:00+00:00,21.5,21.64,21.5,21.5,9.82
2025-05-02 17:00:00+00:00,21.48,21.48,21.35,21.4,13.29
2025-05-02 18:00:00+00:00,21.4,21.41,21.18,21.18,53.89
2025-05-02 19:00:00+00:00,21.17,21.18,21.0,21.0,50.78
2025-05-02 20:00:00+00:00,21.0,21.19,21.0,21.19,31.21
2025-05-02 21:00:00+00:00,21.16,21.16,21.0,21.0,3.35
2025-05-02 22:00:00+00:00,21.09,21.37,21.09,21.19,21.83
2025-05-02 23:00:00+00:00,21.21,21.26,21.21,21.22,4.05
2025-05-03 00:00:00+00:00,21.17,21.17,21.15,21.15,48.28
2025-05-03 01:00:00+00:00,21.13,21.13,21.08,21.08,1.88
2025-05-03 02:00:00+00:00,21.13,21.16,21.09,21.12,41.7
2025-05-03 03:00:00+00:00,21.13,21.13,21.11,21.11,0.37
2025-05-03 04:00:00+00:00,21.1,21.12,21.1,21.12,4.83
2025-05-03 05:00:00+00:00,21.12,21.17,21.11,21.14,7.93
2025-05-03 06:00:00+00:00,21.06,21.06,20.94,20.97,20.32
2025-05-03 07:00:00+00:00,20.91,20.91,20.9,20.9,1.51
2025-05-03 08:00:00+00:00,20.89,21.04,20.88,21.04,25.25
2025-05-03 09:00:00+00:00,20.98,20.98,20.88,20.88,4.91
2025-05-03 10:00:00+00:00,20.9,20.91,20.68,20.68,52.83
2025-05-03 11:00:00+00:00,20.69,20.76,20.66,20.71,19.55
2025-05-03 12:00:00+00:00,20.76,20.76,20.76,20.76,0.06
2025-05-03 13:00:00+00:00,20.83,20.87,20.83,20.86,18.05
2025-05-03 14:00:00+00:00,20.84,20.92,20.84,20.89,89.02
2025-05-03 15:00:00+00:00,20.93,20.95,20.92,20.92,1.52
2025-05-03 16:00:00+00:00,20.84,20.84,20.68,20.68,35.46
2025-05-03 17:00:00+00:00,20.67,20.67,20.51,20.67,101.11
2025-05-03 18:00:00+00:00,20.72,20.77,20.7,20.7,2.72
2025-05-03 19:00:00+00:00,20.74,20.86,20.74,20.86,9.87
2025-05-03 20:00:00+00:00,20.87,20.87,20.8,20.8,11.46
2025-05-03 21:00:00+00:00,20.77,20.77,20.72,20.75,2.02
2025-05-03 22:00:00+00:00,20.73,20.73,20.65,20.69,9.07
2025-05-03 23:00:00+00:00,20.63,20.63,20.54,20.55,8.13
2025-05-04 00:00:00+00:00,20.52,20.58,20.45,20.45,43.33
2025-05-04 01:00:00+00:00,20.43,20.52,20.33,20.46,31.09
2025-05-04 02:00:00+00:00,20.5,20.6,20.34,20.37,5.61
2025-05-04 03:00:00+00:00,20.33,20.33,20.24,20.33,61.81
2025-05-04 04:00:00+00:00,20.26,20.35,20.26,20.26,15.14
2025-05-04 05:00:00+00:00,20.28,20.41,20.28,20.41,16.69
2025-05-04 06:00:00+00:00,20.36,20.36,20.19,20.3,62.1
2025-05-04 07:00:00+00:00,20.26,20.26,20.14,20.2,24.51
2025-05-04 08:00:00+00:00,20.17,20.19,20.1,20.11,34.78
2025-05-04 09:00:00+00:00,20.09,20.12,20.04,20.09,43.3
2025-05-04 10:00:00+00:00,20.08,20.14,20.03,20.14,20.5
2025-05-04 11:00:00+00:00,20.05,20.06,20.04,20.06,30.58
2025-05-04 12:00:00+00:00,20.11,20.19,20.1,20.18,31.4
2025-05-04 13:00:00+00:00,20.05,20.07,19.81,19.92,292.82
2025-05-04 14:00:00+00:00,19.89,20.04,19.88,20.04,17.18
2025-05-04 15:00:00+00:00,20.03,20.05,19.97,19.97,43.56
2025-05-04 16:00:00+00:00,19.97,20.01,19.88,19.91,141.94
2025-05-04 17:00:00+00:00,19.9,20.03,19.9,19.99,11.47
2025-05-04 18:00:00+00:00,20.03,20.06,20.02,20.02,1.29
2025-05-04 19:00:00+00:00,19.96,20.06,19.96,20.03,1.86
2025-05-04 20:00:00+00:00,20.07,20.13,20.07,20.11,2.72
2025-05-04 21:00:00+00:00,20.13,20.18,20.13,20.18,4.57
2025-05-04 22:00:00+00:00,20.15,20.15,19.91,19.95,6.65
2025-05-04 23:00:00+00:00,19.91,19.91,19.77,19.87,91.19
2025-05-05 00:00:00+00:00,19.94,20.04,19.92,20.04,16.67
2025-05-05 01:00:00+00:00,19.91,19.92,19.71,19.88,26.35
2025-05-05 02:00:00+00:00,19.88,20.22,19.83,20.22,31.95
2025-05-05 03:00:00+00:00,20.14,20.14,20.0,20.01,35.37
2025-05-05 04:00:00+00:00,19.97,20.06,19.9,20.06,10.09
2025-05-05 05:00:00+00:00,20.09,20.19,20.09,20.19,6.59
2025-05-05 06:00:00+00:00,20.2,20.2,20.02,20.02,1.97
2025-05-05 07:00:00+00:00,20.0,20.03,19.9,19.98,12.41
2025-05-05 08:00:00+00:00,20.07,20.07,19.9,19.9,5.48
2025-05-05 09:00:00+00:00,19.92,19.97,19.92,19.93,2.78
2025-05-05 10:00:00+00:00,19.88,19.88,19.54,19.54,66.45
2025-05-05 11:00:00+00:00,19.69,19.71,19.49,19.53,12.28
2025-05-05 12:00:00+00:00,19.46,19.58,19.41,19.56,10.7
2025-05-05 13:00:00+00:00,19.51,19.61,19.44,19.57,42.38
2025-05-05 14:00:00+00:00,19.63,19.65,19.45,19.55,17.81
2025-05-05 15:00:00+00:00,19.46,19.48,19.31,19.33,335.8
2025-05-05 16:00:00+00:00,19.37,19.52,19.36,19.51,93.09
2025-05-05 17:00:00+00:00,19.48,19.65,19.48,19.65,74.64
2025-05-05 18:00:00+00:00,19.64,19.83,19.64,19.82,76.07
2025-05-05 19:00:00+00:00,19.77,19.82,19.59,19.6,6.2
2025-05-05 20:00:00+00:00,19.6,19.6,19.42,19.42,14.39
2025-05-05 21:00:00+00:00,19.49,19.72,19.49,19.72,24.41
2025-05-05 22:00:00+00:00,19.73,19.84,19.7,19.84,22.56
2025-05-05 23:00:00+00:00,19.81,19.81,19.7,19.7,1.25
2025-05-06 00:00:00+00:00,19.67,19.67,19.59,19.59,16.47
2025-05-06 01:00:00+00:00,19.73,19.75,19.58,19.6,30.41
2025-05-06 02:00:00+00:00,19.58,19.62,19.44,19.62,32.63
2025-05-06 03:00:00+00:00,19.64,19.74,19.64,19.71,6.88
2025-05-06 04:00:00+00:00,19.73,19.81,19.73,19.8,34.28
2025-05-06 05:00:00+00:00,19.83,19.84,19.75,19.75,2.58
2025-05-06 06:00:00+00:00,19.79,19.79,19.79,19.79,0.06
2025-05-06 07:00:00+00:00,19.76,19.78,19.76,19.78,14.97
2025-05-06 08:00:00+00:00,19.7,19.76,19.53,19.76,29.75
2025-05-06 09:00:00+00:00,19.64,19.74,19.62,19.62,3.61
2025-05-06 10:00:00+00:00,19.68,19.68,19.45,19.45,30.81
2025-05-06 11:00:00+00:00,19.55,19.55,19.29,19.29,54.73
2025-05-06 12:00:00+00:00,19.37,19.59,19.37,19.59,12.06
2025-05-06 13:00:00+00:00,19.57,19.57,19.32,19.32,18.39
2025-05-06 14:00:00+00:00,19.42,19.74,19.42,19.66,169.58
2025-05-06 15:00:00+00:00,19.62,19.77,19.51,19.61,109.54
2025-05-06 16:00:00+00:00,19.58,19.68,19.51,19.51,3.41
2025-05-06 17:00:00+00:00,19.55,19.74,19.53,19.58,66.03
2025-05-06 18:00:00+00:00,19.66,19.83,19.66,19.83,16.95
2025-05-06 19:00:00+00:00,19.82,19.93,19.81,19.88,22.96
2025-05-06 20:00:00+00:00,19.84,19.89,19.55,19.55,24.5
2025-05-06 21:00:00+00:00,19.63,19.63,19.4,19.4,20.04
2025-05-06 22:00:00+00:00,19.58,19.99,19.58,19.99,70.47
2025-05-06 23:00:00+00:00,20.0,20.1,19.99,19.99,14.57
2025-05-07 00:00:00+00:00,20.02,20.19,19.98,20.1,87.86
2025-05-07 01:00:00+00:00,20.13,20.24,20.04,20.04,9.36
2025-05-07 02:00:00+00:00,20.04,20.04,19.84,19.84,38.23
2025-05-07 03:00:00+00:00,19.84,19.94,19.77,19.94,19.22
2025-05-07 04:00:00+00:00,19.95,19.97,19.86,19.86,7.3
2025-05-07 05:00:00+00:00,19.87,19.9,19.77,19.77,1.99
2025-05-07 06:00:00+00:00,19.74,19.8,19.67,19.71,16.37
2025-05-07 07:00:00+00:00,19.76,19.88,19.76,19.88,2.34
2025-05-07 08:00:00+00:00,19.92,19.97,19.92,19.97,5.65
2025-05-07 09:00:00+00:00,19.99,19.99,19.88,19.94,1.7
2025-05-07 10:00:00+00:00,19.88,19.88,19.77,19.77,7.83
2025-05-07 11:00:00+00:00,19.77,19.79,19.73,19.79,1.22
2025-05-07 12:00:00+00:00,19.72,19.72,19.56,19.56,25.56
2025-05-07 13:00:00+00:00,19.55,19.59,19.49,19.59,28.32
2025-05-07 14:00:00+00:00,19.53,19.56,19.41,19.41,19.21
2025-05-07 15:00:00+00:00,19.39,19.39,19.27,19.29,60.58
2025-05-07 16:00:00+00:00,19.28,19.28,19.1,19.2,110.71
2025-05-07 17:00:00+00:00,19.23,19.26,19.14,19.14,14.37
2025-05-07 18:00:00+00:00,19.28,19.4,19.1,19.29,52.83
2025-05-07 19:00:00+00:00,19.23,19.35,19.16,19.27,42.63
2025-05-07 20:00:00+00:00,19.24,19.35,19.24,19.29,89.85
2025-05-07 21:00:00+00:00,19.36,19.48,19.36,19.43,132.1
2025-05-07 22:00:00+00:00,19.43,19.67,19.43,19.61,38.48
2025-05-07 23:00:00+00:00,19.61,19.7,19.53,19.53,99.89
2025-05-08 00:00:00+00:00,19.53,19.72,19.52,19.7,91.05
2025-05-08 01:00:00+00:00,19.73,19.92,19.73,19.78,67.66
2025-05-08 02:00:00+00:00,19.8,20.05,19.8,20.0,31.94
2025-05-08 03:00:00+00:00,20.04,20.31,20.04,20.31,79.78
2025-05-08 04:00:00+00:00,20.31,20.64,20.31,20.48,391.05
2025-05-08 05:00:00+00:00,20.55,20.59,20.48,20.49,57.52
2025-05-08 06:00:00+00:00,20.59,20.69,20.59,20.65,31.68
2025-05-08 07:00:00+00:00,20.69,20.87,20.63,20.82,98.63
2025-05-08 08:00:00+00:00,20.86,21.09,20.86,20.97,113.56
2025-05-08 09:00:00+00:00,20.97,21.1,20.97,21.01,19.78
2025-05-08 10:00:00+00:00,21.06,21.15,21.0,21.1,28.38
2025-05-08 11:00:00+00:00,21.06,21.06,20.92,20.92,7.99
2025-05-08 12:00:00+00:00,21.0,21.0,20.89,20.89,18.09
2025-05-08 13:00:00+00:00,20.92,20.92,20.71,20.78,90.49
2025-05-08 14:00:00+00:00,20.76,20.96,20.64,20.82,26.68
2025-05-08 15:00:00+00:00,20.85,21.44,20.79,21.16,253.92
2025-05-08 16:00:00+00:00,21.21,21.34,21.21,21.34,62.04
2025-05-08 17:00:00+00:00,21.34,21.44,21.2,21.2,135.17
2025-05-08 18:00:00+00:00,21.27,21.28,21.23,21.23,85.56
2025-05-08 19:00:00+00:00,21.24,21.49,21.21,21.41,26.33
2025-05-08 20:00:00+00:00,21.5,21.92,21.36,21.89,293.27
2025-05-08 21:00:00+00:00,21.89,22.13,21.76,21.86,1829.33
2025-05-08 22:00:00+00:00,21.83,21.87,21.67,21.83,42.76
2025-05-08 23:00:00+00:00,21.83,22.13,21.74,22.13,221.69
2025-05-09 00:00:00+00:00,22.14,22.29,22.12,22.27,221.58
2025-05-09 01:00:00+00:00,22.2,22.37,22.14,22.35,98.36
2025-05-09 02:00:00+00:00,22.37,22.39,22.25,22.33,25.07
2025-05-09 03:00:00+00:00,22.34,22.43,22.05,22.05,85.33
2025-05-09 04:00:00+00:00,22.09,22.1,21.99,22.07,30.42
2025-05-09 05:00:00+00:00,22.07,22.35,22.07,22.33,31.34
2025-05-09 06:00:00+00:00,22.31,22.59,22.3,22.58,128.04
2025-05-09 07:00:00+00:00,22.59,23.03,22.59,22.87,229.56
2025-05-09 08:00:00+00:00,22.99,23.5,22.76,23.14,789.82
2025-05-09 09:00:00+00:00,23.16,23.3,22.87,23.04,211.14
2025-05-09 10:00:00+00:00,22.99,23.57,22.99,23.57,102.24
2025-05-09 11:00:00+00:00,23.57,23.99,23.44,23.51,169.85
2025-05-09 12:00:00+00:00,23.57,23.57,23.25,23.4,120.18
2025-05-09 13:00:00+00:00,23.44,23.67,23.19,23.67,32.44
2025-05-09 14:00:00+00:00,23.49,23.49,22.94,23.11,112.74
2025-05-09 15:00:00+00:00,23.13,23.18,22.93,23.12,18.07
2025-05-09 16:00:00+00:00,23.08,23.08,22.81,22.81,172.01
2025-05-09 17:00:00+00:00,22.88,23.43,22.88,23.32,88.44
2025-05-09 18:00:00+00:00,23.28,23.28,23.2,23.28,14.22
2025-05-09 19:00:00+00:00,23.23,23.23,23.0,23.05,286.93
2025-05-09 20:00:00+00:00,23.12,23.2,23.06,23.2,13.01
2025-05-09 21:00:00+00:00,23.18,23.19,22.95,22.96,144.24
2025-05-09 22:00:00+00:00,23.11,23.18,23.08,23.12,43.06
2025-05-09 23:00:00+00:00,23.14,23.24,23.14,23.24,20.84
2025-05-10 00:00:00+00:00,23.27,23.51,23.01,23.03,224.32
2025-05-10 01:00:00+00:00,23.15,23.48,23.15,23.29,63.4
2025-05-10 02:00:00+00:00,23.3,23.63,23.23,23.62,35.54
2025-05-10 03:00:00+00:00,23.63,23.63,23.39,23.46,23.84
2025-05-10 04:00:00+00:00,23.4,23.46,23.28,23.46,7.69
2025-05-10 05:00:00+00:00,23.48,23.84,23.48,23.82,165.98
2025-05-10 06:00:00+00:00,23.81,23.95,23.73,23.76,50.6
2025-05-10 07:00:00+00:00,23.96,24.22,23.9,24.15,74.23
2025-05-10 08:00:00+00:00,24.21,24.39,24.02,24.05,151.35
2025-05-10 09:00:00+00:00,24.14,24.45,23.9,24.45,80.44
2025-05-10 10:00:00+00:00,24.31,24.77,24.31,24.43,180.7
2025-05-10 11:00:00+00:00,24.42,24.44,24.03,24.1,296.82
2025-05-10 12:00:00+00:00,24.12,24.46,24.11,24.46,38.06
2025-05-10 13:00:00+00:00,24.48,24.59,24.48,24.52,27.33
2025-05-10 14:00:00+00:00,24.51,24.74,24.39,24.66,49.3
2025-05-10 15:00:00+00:00,24.66,24.66,24.35,24.44,12.59
2025-05-10 16:00:00+00:00,24.44,24.63,24.33,24.63,7.29
2025-05-10 17:00:00+00:00,24.65,24.82,24.47,24.55,276.18
2025-05-10 18:00:00+00:00,24.51,24.63,24.36,24.63,34.76
2025-05-10 19:00:00+00:00,24.55,24.55,24.53,24.53,0.89
2025-05-10 20:00:00+00:00,24.54,24.95,24.36,24.94,94.82
2025-05-10 21:00:00+00:00,24.92,25.57,24.91,25.49,729.92
2025-05-10 22:00:00+00:00,25.49,25.65,25.41,25.62,120.29
2025-05-10 23:00:00+00:00,25.58,25.94,25.58,25.94,50.18
2025-05-11 00:00:00+00:00,25.75,25.98,24.96,25.48,298.04
2025-05-11 01:00:00+00:00,25.4,25.52,24.99,25.06,132.16
2025-05-11 02:00:00+00:00,25.16,25.55,25.15,25.24,49.12
2025-05-11 03:00:00+00:00,25.16,25.57,25.12,25.31,212.84
2025-05-11 04:00:00+00:00,25.31,25.37,25.25,25.37,5.21
2025-05-11 05:00:00+00:00,25.4,25.4,25.24,25.33,12.2
2025-05-11 06:00:00+00:00,25.24,25.24,24.78,24.86,277.59
2025-05-11 07:00:00+00:00,24.89,24.91,24.34,24.54,315.24
2025-05-11 08:00:00+00:00,24.53,24.78,24.43,24.43,28.15
2025-05-11 09:00:00+00:00,24.55,24.83,24.45,24.83,39.12
2025-05-11 10:00:00+00:00,24.65,24.66,24.61,24.61,14.92
2025-05-11 11:00:00+00:00,24.78,24.86,24.78,24.84,20.89
2025-05-11 12:00:00+00:00,24.83,24.83,24.71,24.71,0.97
2025-05-11 13:00:00+00:00,24.77,24.84,24.3,24.3,228.72
2025-05-11 14:00:00+00:00,24.39,24.6,24.36,24.51,119.9
2025-05-11 15:00:00+00:00,24.51,24.66,24.22,24.4,92.54
2025-05-11 16:00:00+00:00,24.27,24.46,24.16,24.35,102.26
2025-05-11 17:00:00+00:00,24.41,24.71,24.4,24.71,90.53
2025-05-11 18:00:00+00:00,24.65,24.89,24.51,24.89,40.77
2025-05-11 19:00:00+00:00,24.87,24.91,24.8,24.84,1.23
2025-05-11 20:00:00+00:00,24.71,24.77,24.6,24.66,3.68
2025-05-11 21:00:00+00:00,24.63,24.74,24.51,24.74,8.59
2025-05-11 22:00:00+00:00,24.77,24.92,24.52,24.59,47.96
2025-05-11 23:00:00+00:00,24.69,24.82,24.69,24.73,4.87
2025-05-12 00:00:00+00:00,24.81,25.1,24.81,25.0,85.61
2025-05-12 01:00:00+00:00,24.99,25.17,24.46,24.68,327.63
2025-05-12 02:00:00+00:00,24.75,25.08,24.75,24.88,49.81
2025-05-12 03:00:00+00:00,24.93,25.16,24.93,25.08,37.36
2025-05-12 04:00:00+00:00,25.1,25.33,25.08,25.31,138.82
2025-05-12 05:00:00+00:00,25.27,25.27,24.89,25.0,34.95
2025-05-12 06:00:00+00:00,25.08,25.49,25.08,25.49,98.34
2025-05-12 07:00:00+00:00,25.54,26.75,25.54,25.93,574.94
2025-05-12 08:00:00+00:00,25.94,25.95,25.45,25.78,95.13
2025-05-12 09:00:00+00:00,25.79,25.85,25.5,25.5,265.19
2025-05-12 10:00:00+00:00,25.57,25.57,25.19,25.47,139.9
2025-05-12 11:00:00+00:00,25.32,25.32,24.91,25.03,119.86
2025-05-12 12:00:00+00:00,25.02,25.51,25.02,25.51,39.36
2025-05-12 13:00:00+00:00,25.44,25.61,25.23,25.5,210.39
2025-05-12 14:00:00+00:00,25.56,25.67,24.86,24.88,196.29
2025-05-12 15:00:00+00:00,25.0,25.0,24.61,24.7,98.41
2025-05-12 16:00:00+00:00,24.7,25.06,24.56,25.06,55.16
2025-05-12 17:00:00+00:00,24.99,25.16,24.63,24.63,92.52
2025-05-12 18:00:00+00:00,24.71,24.74,23.75,24.17,421.3
2025-05-12 19:00:00+00:00,24.1,24.57,24.1,24.41,91.16
2025-05-12 20:00:00+00:00,24.45,24.85,22.64,24.85,3679.94
2025-05-12 21:00:00+00:00,24.77,24.77,24.61,24.76,19.4
2025-05-12 22:00:00+00:00,24.72,24.97,24.72,24.95,242.29
2025-05-12 23:00:00+00:00,24.89,25.01,24.81,24.81,75.47
2025-05-13 00:00:00+00:00,24.83,24.83,24.41,24.41,190.83
2025-05-13 01:00:00+00:00,24.45,24.45,24.01,24.17,122.27
2025-05-13 02:00:00+00:00,24.14,24.14,23.69,23.86,196.0
2025-05-13 03:00:00+00:00,23.86,23.92,23.5,23.51,64.53
2025-05-13 04:00:00+00:00,23.49,24.18,23.48,24.15,141.45
2025-05-13 05:00:00+00:00,24.1,24.17,23.97,24.09,36.09
2025-05-13 06:00:00+00:00,24.12,24.34,24.12,24.34,54.57
2025-05-13 07:00:00+00:00,24.35,24.52,24.29,24.29,73.72
2025-05-13 08:00:00+00:00,24.44,24.46,24.27,24.46,2.27
2025-05-13 09:00:00+00:00,24.48,24.62,24.44,24.58,60.7
2025-05-13 10:00:00+00:00,24.5,24.5,24.46,24.46,5.45
2025-05-13 11:00:00+00:00,24.57,24.7,24.53,24.53,63.24
2025-05-13 12:00:00+00:00,24.51,24.78,24.33,24.69,105.12
2025-05-13 13:00:00+00:00,24.65,24.88,24.65,24.81,109.91
2025-05-13 14:00:00+00:00,24.81,24.81,24.46,24.56,84.71
2025-05-13 15:00:00+00:00,24.66,24.87,24.66,24.87,20.11
2025-05-13 16:00:00+00:00,24.89,25.29,24.87,25.29,220.3
2025-05-13 17:00:00+00:00,25.19,25.42,25.19,25.21,64.3
2025-05-13 18:00:00+00:00,25.23,25.49,25.23,25.49,47.32
2025-05-13 19:00:00+00:00,25.53,26.2,25.46,25.77,851.32
2025-05-13 20:00:00+00:00,25.84,25.96,25.55,25.9,62.63
2025-05-13 21:00:00+00:00,25.89,25.93,25.69,25.81,19.63
2025-05-13 22:00:00+00:00,25.83,25.88,25.1,25.82,706.81
2025-05-13 23:00:00+00:00,25.76,25.88,25.62,25.75,28.45
2025-05-14 00:00:00+00:00,25.8,25.91,25.68,25.83,38.67
2025-05-14 01:00:00+00:00,25.84,26.1,25.83,25.84,136.72
2025-05-14 02:00:00+00:00,25.81,26.22,25.52,26.19,343.6
2025-05-14 03:00:00+00:00,26.23,26.25,25.88,25.88,22.14
2025-05-14 04:00:00+00:00,25.94,26.51,25.94,26.45,98.0
2025-05-14 05:00:00+00:00,26.48,26.5,26.25,26.5,102.17
2025-05-14 06:00:00+00:00,26.43,26.51,26.19,26.5,52.46
2025-05-14 07:00:00+00:00,26.47,26.5,25.97,26.11,41.45
2025-05-14 08:00:00+00:00,26.06,26.08,25.44,25.47,166.5
2025-05-14 09:00:00+00:00,25.56,25.63,25.43,25.63,16.82
2025-05-14 10:00:00+00:00,25.64,25.91,25.64,25.75,95.83
2025-05-14 11:00:00+00:00,25.78,26.01,25.78,25.92,26.98
2025-05-14 12:00:00+00:00,25.94,25.95,25.62,25.62,9.6
2025-05-14 13:00:00+00:00,25.61,25.84,25.44,25.64,69.41
2025-05-14 14:00:00+00:00,25.66,25.66,25.17,25.4,77.37
2025-05-14 15:00:00+00:00,25.35,25.41,25.14,25.38,44.21
2025-05-14 16:00:00+00:00,25.37,25.47,25.18,25.23,28.77
2025-05-14 17:00:00+00:00,25.32,25.32,25.0,25.18,162.11
2025-05-14 18:00:00+00:00,25.23,25.32,25.11,25.13,57.79
2025-05-14 19:00:00+00:00,25.18,25.32,25.17,25.21,132.44
2025-05-14 20:00:00+00:00,25.25,25.25,25.15,25.16,16.86
2025-05-14 21:00:00+00:00,25.13,25.17,24.96,25.17,41.51
2025-05-14 22:00:00+00:00,25.11,25.11,24.86,24.89,37.27
2025-05-14 23:00:00+00:00,24.83,24.99,24.75,24.99,41.76
2025-05-15 00:00:00+00:00,24.96,25.09,24.91,25.02,179.01
2025-05-15 01:00:00+00:00,25.04,25.04,24.46,24.46,70.96
2025-05-15 02:00:00+00:00,24.64,24.64,24.51,24.61,4.53
2025-05-15 03:00:00+00:00,24.62,24.62,24.4,24.4,128.91
2025-05-15 04:00:00+00:00,24.39,24.59,24.38,24.59,14.63
2025-05-15 05:00:00+00:00,24.46,24.48,24.27,24.27,18.54
2025-05-15 06:00:00+00:00,24.41,24.45,24.0,24.14,92.51
2025-05-15 07:00:00+00:00,24.08,24.08,23.55,23.55,264.06
2025-05-15 08:00:00+00:00,23.53,24.17,23.53,24.17,118.8
2025-05-15 09:00:00+00:00,24.01,24.03,23.65,23.88,58.47
2025-05-15 10:00:00+00:00,23.72,23.8,23.53,23.53,23.08
2025-05-15 11:00:00+00:00,23.72,23.97,23.72,23.97,75.91
2025-05-15 12:00:00+00:00,23.94,24.07,23.75,23.76,180.2
2025-05-15 13:00:00+00:00,23.84,23.92,23.4,23.56,139.45
2025-05-15 14:00:00+00:00,23.56,23.64,23.03,23.33,98.11
2025-05-15 15:00:00+00:00,23.27,23.81,23.24,23.8,178.96
2025-05-15 16:00:00+00:00,23.76,24.08,23.59,24.07,153.6
2025-05-15 17:00:00+00:00,23.99,24.17,23.93,23.93,23.62
2025-05-15 18:00:00+00:00,23.92,23.93,23.32,23.4,166.75
2025-05-15 19:00:00+00:00,23.38,23.56,23.27,23.48,15.03
2025-05-15 20:00:00+00:00,23.56,23.71,23.35,23.41,153.93
2025-05-15 21:00:00+00:00,23.37,23.43,23.03,23.32,86.55
2025-05-15 22:00:00+00:00,23.4,23.59,23.34,23.34,11.28
2025-05-15 23:00:00+00:00,23.32,23.45,22.99,23.45,28.78
2025-05-16 00:00:00+00:00,23.47,23.63,23.41,23.47,18.34
2025-05-16 01:00:00+00:00,23.4,23.64,23.35,23.64,12.35
2025-05-16 02:00:00+00:00,23.66,23.85,23.64,23.78,77.89
2025-05-16 03:00:00+00:00,23.87,23.91,23.77,23.91,55.89
2025-05-16 04:00:00+00:00,23.93,23.96,23.72,23.8,9.33
2025-05-16 05:00:00+00:00,23.87,24.01,23.87,23.94,7.02
2025-05-16 06:00:00+00:00,23.89,23.92,23.89,23.92,5.41
2025-05-16 07:00:00+00:00,23.84,23.88,23.68,23.74,6.54
2025-05-16 08:00:00+00:00,23.68,23.68,23.28,23.4,30.96
2025-05-16 09:00:00+00:00,23.44,23.74,23.44,23.74,26.34
2025-05-16 10:00:00+00:00,23.75,23.89,23.72,23.89,9.26
2025-05-16 11:00:00+00:00,23.9,23.91,23.8,23.84,24.39
2025-05-16 12:00:00+00:00,23.73,23.73,23.72,23.72,0.5
2025-05-16 13:00:00+00:00,23.68,23.92,23.68,23.92,13.34
2025-05-16 14:00:00+00:00,23.86,23.86,23.46,23.56,68.68
2025-05-16 15:00:00+00:00,23.61,23.8,23.58,23.58,8.41
2025-05-16 16:00:00+00:00,23.74,23.83,23.45,23.61,21.66
2025-05-16 17:00:00+00:00,23.64,23.67,23.37,23.37,19.71
2025-05-16 18:00:00+00:00,23.38,23.5,23.38,23.48,69.07
2025-05-16 19:00:00+00:00,23.55,23.61,23.48,23.49,24.67
2025-05-16 20:00:00+00:00,23.54,23.56,23.1,23.24,601.64
2025-05-16 21:00:00+00:00,23.28,23.37,23.16,23.2,44.08
2025-05-16 22:00:00+00:00,23.19,23.19,22.69,22.91,96.31
2025-05-16 23:00:00+00:00,22.92,23.18,22.92,23.11,64.39
2025-05-17 00:00:00+00:00,23.0,23.02,22.51,22.75,110.35
2025-05-17 01:00:00+00:00,22.63,22.63,22.29,22.45,214.9
2025-05-17 02:00:00+00:00,22.47,22.69,22.29,22.66,58.79
2025-05-17 03:00:00+00:00,22.55,22.77,22.45,22.75,25.62
2025-05-17 04:00:00+00:00,22.77,23.15,22.77,23.04,194.37
2025-05-17 05:00:00+00:00,23.04,23.04,22.72,22.73,260.53
2025-05-17 06:00:00+00:00,22.82,22.91,22.76,22.87,7.36
2025-05-17 07:00:00+00:00,22.86,22.98,22.71,22.71,13.53
2025-05-17 08:00:00+00:00,22.77,22.88,22.68,22.79,11.49
2025-05-17 09:00:00+00:00,22.72,22.77,22.58,22.77,22.99
2025-05-17 10:00:00+00:00,22.7,22.88,22.7,22.76,24.85
2025-05-17 11:00:00+00:00,22.8,22.86,22.64,22.86,8.69
2025-05-17 12:00:00+00:00,22.76,22.76,22.57,22.6,32.5
2025-05-17 13:00:00+00:00,22.63,22.63,22.34,22.34,38.95
2025-05-17 14:00:00+00:00,22.4,22.7,22.4,22.7,6.85
2025-05-17 15:00:00+00:00,22.65,22.65,22.48,22.48,1.88
2025-05-17 16:00:00+00:00,22.45,22.45,22.13,22.31,306.32
2025-05-17 17:00:00+00:00,22.3,22.55,22.3,22.38,100.6
2025-05-17 18:00:00+00:00,22.35,22.54,22.21,22.21,11.25
2025-05-17 19:00:00+00:00,22.2,22.28,22.18,22.18,104.05
2025-05-17 20:00:00+00:00,22.23,22.55,22.13,22.55,40.53
2025-05-17 21:00:00+00:00,22.51,22.51,22.38,22.42,47.36
2025-05-17 22:00:00+00:00,22.27,22.32,22.0,22.09,50.65
2025-05-17 23:00:00+00:00,22.08,22.26,22.04,22.18,10.37
2025-05-18 00:00:00+00:00,22.21,22.25,22.07,22.25,2.91
2025-05-18 01:00:00+00:00,22.19,22.33,22.14,22.33,19.86
2025-05-18 02:00:00+00:00,22.31,22.34,22.22,22.22,1.58
2025-05-18 03:00:00+00:00,22.13,22.23,22.04,22.21,21.09
2025-05-18 04:00:00+00:00,22.26,22.43,22.25,22.43,30.82
2025-05-18 05:00:00+00:00,22.44,22.88,22.44,22.88,61.66
2025-05-18 06:00:00+00:00,22.84,22.89,22.69,22.69,41.59
2025-05-18 07:00:00+00:00,22.84,23.16,22.84,23.09,86.14
2025-05-18 08:00:00+00:00,23.17,23.28,23.11,23.28,15.07
2025-05-18 09:00:00+00:00,23.26,23.26,23.0,23.0,5.54
2025-05-18 10:00:00+00:00,23.05,23.08,22.96,23.01,0.51
2025-05-18 11:00:00+00:00,22.95,23.0,22.95,23.0,1.77
2025-05-18 12:00:00+00:00,22.92,23.01,22.8,23.01,13.75
2025-05-18 13:00:00+00:00,23.02,23.24,23.02,23.22,7.84
2025-05-18 14:00:00+00:00,23.27,23.66,23.17,23.66,306.74
2025-05-18 15:00:00+00:00,23.58,23.84,23.48,23.75,22.45
2025-05-18 16:00:00+00:00,23.72,23.72,23.46,23.56,18.3
2025-05-18 17:00:00+00:00,23.53,23.53,22.95,22.95,58.34
2025-05-18 18:00:00+00:00,22.92,22.92,22.42,22.47,499.02
2025-05-18 19:00:00+00:00,22.52,22.52,22.08,22.08,120.57
2025-05-18 20:00:00+00:00,22.03,22.13,21.63,22.13,179.53
2025-05-18 21:00:00+00:00,22.14,22.56,22.14,22.34,744.35
2025-05-18 22:00:00+00:00,22.29,22.7,22.14,22.7,46.97
2025-05-18 23:00:00+00:00,22.62,23.13,22.53,23.11,74.73
2025-05-19 00:00:00+00:00,22.97,23.17,22.42,22.57,105.45
2025-05-19 01:00:00+00:00,22.41,22.49,22.27,22.37,172.63
2025-05-19 02:00:00+00:00,22.33,22.45,22.13,22.13,49.09
2025-05-19 03:00:00+00:00,22.13,22.18,21.93,21.93,51.31
2025-05-19 04:00:00+00:00,21.91,22.04,21.53,21.53,69.1
2025-05-19 05:00:00+00:00,21.62,21.76,21.54,21.76,7.14
2025-05-19 06:00:00+00:00,21.8,21.84,21.31,21.31,62.69
2025-05-19 07:00:00+00:00,21.3,21.71,21.3,21.71,34.6
2025-05-19 08:00:00+00:00,21.67,21.76,21.55,21.64,2.96
2025-05-19 09:00:00+00:00,21.56,21.81,21.56,21.77,7.47
2025-05-19 10:00:00+00:00,21.63,21.68,21.55,21.63,2.74
2025-05-19 11:00:00+00:00,21.66,21.73,21.62,21.69,2.47
2025-05-19 12:00:00+00:00,21.55,21.6,21.45,21.45,5.18
2025-05-19 13:00:00+00:00,21.55,21.91,21.55,21.91,27.84
2025-05-19 14:00:00+00:00,21.85,22.03,21.85,22.03,22.96
2025-05-19 15:00:00+00:00,22.03,22.17,22.03,22.11,23.25
2025-05-19 16:00:00+00:00,22.08,22.37,21.93,22.35,46.31
2025-05-19 17:00:00+00:00,22.37,22.59,22.25,22.25,200.98
2025-05-19 18:00:00+00:00,22.33,22.37,22.08,22.24,11.95
2025-05-19 19:00:00+00:00,22.17,22.32,22.17,22.32,4.51
2025-05-19 20:00:00+00:00,22.21,22.3,22.2,22.24,30.99
2025-05-19 21:00:00+00:00,22.23,22.23,22.03,22.14,4.84
2025-05-19 22:00:00+00:00,22.06,22.1,21.99,22.1,11.94
2025-05-19 23:00:00+00:00,22.1,22.27,22.1,22.27,3.68
2025-05-20 00:00:00+00:00,22.27,22.52,22.13,22.13,100.71
2025-05-20 01:00:00+00:00,22.11,22.57,22.1,22.56,17.2
2025-05-20 02:00:00+00:00,22.5,22.8,22.49,22.49,61.38
2025-05-20 03:00:00+00:00,22.47,22.47,22.31,22.41,10.2
2025-05-20 04:00:00+00:00,22.38,22.57,22.29,22.57,7.36
2025-05-20 05:00:00+00:00,22.58,22.6,22.54,22.54,20.05
2025-05-20 06:00:00+00:00,22.44,22.47,22.31,22.47,4.86
2025-05-20 07:00:00+00:00,22.32,22.37,22.22,22.24,23.16
2025-05-20 08:00:00+00:00,22.28,22.32,22.16,22.31,123.29
2025-05-20 09:00:00+00:00,22.2,22.2,22.19,22.19,17.06
2025-05-20 10:00:00+00:00,22.25,22.28,22.03,22.12,20.35
2025-05-20 11:00:00+00:00,22.06,22.06,21.96,21.97,25.26
2025-05-20 12:00:00+00:00,22.1,22.1,21.89,21.96,8.23
2025-05-20 13:00:00+00:00,21.94,22.0,21.87,21.87,37.3
2025-05-20 14:00:00+00:00,21.94,22.15,21.94,22.12,34.51
2025-05-20 15:00:00+00:00,22.08,22.19,22.08,22.14,17.9
2025-05-20 16:00:00+00:00,22.2,22.22,22.04,22.11,10.02
2025-05-20 17:00:00+00:00,22.18,22.32,22.18,22.27,15.07
2025-05-20 18:00:00+00:00,22.23,22.27,21.78,21.78,131.68
2025-05-20 19:00:00+00:00,21.78,22.4,21.78,22.4,59.22
2025-05-20 20:00:00+00:00,22.33,22.56,22.31,22.49,46.05
2025-05-20 21:00:00+00:00,22.52,22.71,22.52,22.66,40.43
2025-05-20 22:00:00+00:00,22.7,22.7,22.44,22.61,16.86
2025-05-20 23:00:00+00:00,22.57,22.72,22.52,22.52,26.93
2025-05-21 00:00:00+00:00,22.52,22.52,22.49,22.5,20.39
2025-05-21 01:00:00+00:00,22.5,22.52,22.37,22.37,6.88
2025-05-21 02:00:00+00:00,22.36,22.42,22.17,22.42,34.46
2025-05-21 03:00:00+00:00,22.45,22.63,22.45,22.63,95.87
2025-05-21 04:00:00+00:00,22.52,22.71,22.3,22.65,917.94
2025-05-21 05:00:00+00:00,22.72,22.87,22.68,22.76,225.87
2025-05-21 06:00:00+00:00,22.8,22.98,22.68,22.93,12.77
2025-05-21 07:00:00+00:00,22.89,22.89,22.47,22.49,22.69
2025-05-21 08:00:00+00:00,22.59,22.64,22.53,22.6,21.25
2025-05-21 09:00:00+00:00,22.57,22.57,22.39,22.41,11.33
2025-05-21 10:00:00+00:00,22.57,22.57,22.57,22.57,0.1
2025-05-21 11:00:00+00:00,22.59,22.83,22.59,22.73,12.59
2025-05-21 12:00:00+00:00,22.73,22.88,22.68,22.69,6.27
2025-05-21 13:00:00+00:00,22.71,22.87,22.55,22.76,14.9
2025-05-21 14:00:00+00:00,22.81,23.1,22.63,23.1,68.65
2025-05-21 15:00:00+00:00,23.06,23.24,23.03,23.24,113.87
2025-05-21 16:00:00+00:00,23.18,23.74,23.16,23.47,181.47
2025-05-21 17:00:00+00:00,23.56,23.56,22.43,22.43,404.56
2025-05-21 18:00:00+00:00,22.6,22.84,22.56,22.57,271.15
2025-05-21 19:00:00+00:00,22.61,22.91,22.47,22.91,21.78
2025-05-21 20:00:00+00:00,22.84,22.84,22.62,22.73,10.81
2025-05-21 21:00:00+00:00,22.66,22.8,22.66,22.76,2.17
2025-05-21 22:00:00+00:00,22.77,23.0,22.68,23.0,24.82
2025-05-21 23:00:00+00:00,23.01,23.38,22.92,23.18,129.15
2025-05-22 00:00:00+00:00,23.16,23.52,23.16,23.49,40.87
2025-05-22 01:00:00+00:00,23.51,23.55,23.32,23.32,51.97
2025-05-22 02:00:00+00:00,23.4,23.58,23.4,23.52,56.55
2025-05-22 03:00:00+00:00,23.56,23.83,23.48,23.78,45.27
2025-05-22 04:00:00+00:00,23.77,23.92,23.74,23.92,26.81
2025-05-22 05:00:00+00:00,23.94,24.07,23.83,23.84,345.85
2025-05-22 06:00:00+00:00,23.84,24.1,23.84,24.0,66.8
2025-05-22 07:00:00+00:00,23.97,24.05,23.94,23.97,19.64
2025-05-22 08:00:00+00:00,24.12,24.45,24.12,24.27,186.59
2025-05-22 09:00:00+00:00,24.45,24.6,24.43,24.43,40.7
2025-05-22 10:00:00+00:00,24.6,25.36,24.6,24.92,864.12
2025-05-22 11:00:00+00:00,24.91,25.28,24.72,25.12,691.74
2025-05-22 12:00:00+00:00,25.18,25.29,25.07,25.26,8.04
2025-05-22 13:00:00+00:00,25.22,25.22,24.8,24.8,29.11
2025-05-22 14:00:00+00:00,25.0,25.41,24.99,25.11,1046.77
2025-05-22 15:00:00+00:00,25.16,25.16,25.0,25.08,75.43
2025-05-22 16:00:00+00:00,25.18,25.37,25.17,25.18,21.93
2025-05-22 17:00:00+00:00,25.29,25.32,25.11,25.19,73.1
2025-05-22 18:00:00+00:00,25.17,25.32,25.15,25.32,216.47
2025-05-22 19:00:00+00:00,25.24,25.24,25.05,25.09,26.23
2025-05-22 20:00:00+00:00,25.16,25.31,24.93,24.93,25.52
2025-05-22 21:00:00+00:00,24.95,24.95,24.76,24.86,118.11
2025-05-22 22:00:00+00:00,24.98,25.03,24.92,24.92,44.2
2025-05-22 23:00:00+00:00,24.88,25.25,24.88,25.25,13.45
2025-05-23 00:00:00+00:00,25.26,25.41,25.15,25.15,299.95
2025-05-23 01:00:00+00:00,25.12,25.4,25.07,25.32,67.98
2025-05-23 02:00:00+00:00,25.33,25.81,25.32,25.6,337.34
2025-05-23 03:00:00+00:00,25.67,25.8,25.67,25.73,390.5
2025-05-23 04:00:00+00:00,25.64,25.64,25.37,25.49,26.52
2025-05-23 05:00:00+00:00,25.56,25.64,25.31,25.4,26.03
2025-05-23 06:00:00+00:00,25.32,25.32,24.94,24.94,719.03
2025-05-23 07:00:00+00:00,25.08,25.29,25.05,25.05,20.08
2025-05-23 08:00:00+00:00,25.16,25.55,25.16,25.48,32.72
2025-05-23 09:00:00+00:00,25.46,25.95,25.46,25.95,177.73
2025-05-23 10:00:00+00:00,25.91,25.91,25.62,25.63,69.33
2025-05-23 11:00:00+00:00,25.64,25.74,24.31,24.38,326.96
2025-05-23 12:00:00+00:00,24.48,24.48,23.72,24.23,295.82
2025-05-23 13:00:00+00:00,24.22,24.87,24.2,24.87,124.85
2025-05-23 14:00:00+00:00,24.88,24.98,24.63,24.98,140.12
2025-05-23 15:00:00+00:00,24.93,24.93,24.47,24.47,31.75
2025-05-23 16:00:00+00:00,24.58,24.58,24.19,24.42,193.1
2025-05-23 17:00:00+00:00,24.45,24.62,24.37,24.44,122.76
2025-05-23 18:00:00+00:00,24.42,24.43,24.11,24.11,35.2
2025-05-23 19:00:00+00:00,24.16,24.24,24.0,24.0,353.44
2025-05-23 20:00:00+00:00,24.01,24.01,23.69,23.69,65.36
2025-05-23 21:00:00+00:00,23.68,23.87,23.63,23.66,27.19
2025-05-23 22:00:00+00:00,23.72,23.85,23.54,23.54,134.61
2025-05-23 23:00:00+00:00,23.53,23.56,22.9,23.03,224.68
2025-05-24 00:00:00+00:00,23.03,23.26,23.0,23.0,22.53
2025-05-24 01:00:00+00:00,22.96,23.23,22.96,23.03,45.83
2025-05-24 02:00:00+00:00,23.01,23.32,22.97,23.23,131.93
2025-05-24 03:00:00+00:00,23.24,23.43,23.24,23.31,13.62
2025-05-24 04:00:00+00:00,23.27,23.41,23.22,23.41,59.08
2025-05-24 05:00:00+00:00,23.32,23.35,23.1,23.1,225.21
2025-05-24 06:00:00+00:00,23.18,23.18,23.01,23.07,251.95
2025-05-24 07:00:00+00:00,23.12,23.23,23.03,23.09,127.09
2025-05-24 08:00:00+00:00,23.1,23.14,22.89,23.14,28.21
2025-05-24 09:00:00+00:00,23.16,23.24,23.1,23.17,17.28
2025-05-24 10:00:00+00:00,23.07,23.42,23.07,23.42,38.25
2025-05-24 11:00:00+00:00,23.32,23.32,23.22,23.22,49.08
2025-05-24 12:00:00+00:00,23.22,23.24,23.11,23.17,5.04
2025-05-24 13:00:00+00:00,23.14,23.15,23.01,23.01,65.23
2025-05-24 14:00:00+00:00,23.04,23.18,23.02,23.18,64.65
2025-05-24 15:00:00+00:00,23.15,23.17,23.01,23.09,45.76
2025-05-24 16:00:00+00:00,23.07,23.11,22.94,23.06,32.05
2025-05-24 17:00:00+00:00,23.11,23.18,22.99,22.99,26.02
2025-05-24 18:00:00+00:00,22.97,23.01,22.82,22.87,62.42
2025-05-24 19:00:00+00:00,22.88,23.01,22.88,22.93,2.38
2025-05-24 20:00:00+00:00,23.02,23.07,23.02,23.02,6.63
2025-05-24 21:00:00+00:00,22.95,22.97,22.81,22.89,3.9
2025-05-24 22:00:00+00:00,22.95,22.95,22.84,22.84,83.39
2025-05-24 23:00:00+00:00,22.8,22.96,22.78,22.96,3.67
2025-05-25 00:00:00+00:00,23.0,23.13,22.65,22.65,54.29
2025-05-25 01:00:00+00:00,22.64,22.74,22.52,22.69,150.79
2025-05-25 02:00:00+00:00,22.64,22.83,22.59,22.83,5.87
2025-05-25 03:00:00+00:00,22.84,22.93,22.84,22.93,6.91
2025-05-25 04:00:00+00:00,22.85,22.91,22.84,22.91,4.02
2025-05-25 05:00:00+00:00,22.81,22.84,22.74,22.84,12.25
2025-05-25 06:00:00+00:00,22.74,22.74,22.68,22.68,2.95
2025-05-25 07:00:00+00:00,22.67,22.67,22.43,22.46,63.01
2025-05-25 08:00:00+00:00,22.46,22.47,22.18,22.18,41.72
2025-05-25 09:00:00+00:00,22.16,22.29,22.15,22.28,17.01
2025-05-25 10:00:00+00:00,22.35,22.35,22.19,22.19,18.92
2025-05-25 11:00:00+00:00,22.16,22.42,22.14,22.36,14.74
2025-05-25 12:00:00+00:00,22.43,22.45,22.4,22.44,10.73
2025-05-25 13:00:00+00:00,22.48,22.55,22.38,22.47,9.12
2025-05-25 14:00:00+00:00,22.45,22.45,22.27,22.27,89.89
2025-05-25 15:00:00+00:00,22.32,22.32,22.04,22.18,168.54
2025-05-25 16:00:00+00:00,22.15,22.18,22.14,22.14,96.34
2025-05-25 17:00:00+00:00,22.24,22.31,22.24,22.31,4.53
2025-05-25 18:00:00+00:00,22.32,22.37,22.32,22.34,29.49
2025-05-25 19:00:00+00:00,22.38,22.55,22.38,22.55,111.46
2025-05-25 20:00:00+00:00,22.52,22.55,22.39,22.43,284.89
2025-05-25 21:00:00+00:00,22.38,22.42,22.34,22.42,13.98
2025-05-25 22:00:00+00:00,22.48,23.4,22.48,23.37,161.21
2025-05-25 23:00:00+00:00,23.41,23.43,23.14,23.43,111.97
2025-05-26 00:00:00+00:00,23.45,23.75,23.36,23.75,73.94
2025-05-26 01:00:00+00:00,23.75,23.78,23.47,23.56,27.33
2025-05-26 02:00:00+00:00,23.48,23.48,23.26,23.26,12.44
2025-05-26 03:00:00+00:00,23.27,23.4,23.25,23.4,239.51
2025-05-26 04:00:00+00:00,23.4,23.45,23.4,23.45,3.72
2025-05-26 05:00:00+00:00,23.38,23.43,23.32,23.42,1.45
2025-05-26 06:00:00+00:00,23.48,23.77,23.46,23.76,32.56
2025-05-26 07:00:00+00:00,23.76,23.92,23.67,23.87,34.42
2025-05-26 08:00:00+00:00,23.91,23.97,23.65,23.65,17.7
2025-05-26 09:00:00+00:00,23.65,23.8,23.61,23.63,36.76
2025-05-26 10:00:00+00:00,23.6,23.72,23.55,23.55,20.97
2025-05-26 11:00:00+00:00,23.64,23.72,23.56,23.7,23.0
2025-05-26 12:00:00+00:00,23.7,23.81,23.58,23.81,5.11
2025-05-26 13:00:00+00:00,23.83,23.85,23.3,23.31,78.05
2025-05-26 14:00:00+00:00,23.36,23.4,23.22,23.22,15.44
2025-05-26 15:00:00+00:00,23.39,23.63,23.32,23.48,16.79
2025-05-26 16:00:00+00:00,23.43,23.43,23.09,23.18,44.48
2025-05-26 17:00:00+00:00,23.17,23.22,22.97,23.09,116.56
2025-05-26 18:00:00+00:00,23.01,23.08,23.01,23.08,0.48
2025-05-26 19:00:00+00:00,22.97,22.99,22.9,22.9,13.2
2025-05-26 20:00:00+00:00,22.97,23.13,22.97,23.07,30.02
2025-05-26 21:00:00+00:00,23.1,23.12,23.07,23.09,26.81
2025-05-26 22:00:00+00:00,23.07,23.2,22.95,22.97,39.3
2025-05-26 23:00:00+00:00,22.94,23.07,22.91,23.07,79.05
2025-05-27 00:00:00+00:00,23.15,23.16,22.86,22.86,11.3
2025-05-27 01:00:00+00:00,22.86,22.86,22.54,22.67,118.51
2025-05-27 02:00:00+00:00,22.75,22.9,22.75,22.9,5.5
2025-05-27 03:00:00+00:00,22.79,23.11,22.79,23.11,16.7
2025-05-27 04:00:00+00:00,23.16,23.68,23.15,23.48,87.87
2025-05-27 05:00:00+00:00,23.46,23.59,23.32,23.59,29.91
2025-05-27 06:00:00+00:00,23.6,23.86,23.34,23.34,123.27
2025-05-27 07:00:00+00:00,23.39,23.57,23.39,23.57,2.61
2025-05-27 08:00:00+00:00,23.6,23.72,23.59,23.61,7.93
2025-05-27 09:00:00+00:00,23.64,23.64,23.54,23.63,4.92
2025-05-27 10:00:00+00:00,23.56,23.59,23.52,23.56,10.76
2025-05-27 11:00:00+00:00,23.52,23.56,23.43,23.56,3.38
2025-05-27 12:00:00+00:00,23.62,23.73,23.6,23.64,10.84
2025-05-27 13:00:00+00:00,23.6,23.83,23.47,23.5,54.41
2025-05-27 14:00:00+00:00,23.54,23.55,23.15,23.38,60.93
2025-05-27 15:00:00+00:00,23.32,23.5,23.23,23.45,12.13
2025-05-27 16:00:00+00:00,23.43,23.58,23.33,23.51,83.57
2025-05-27 17:00:00+00:00,23.49,23.8,23.46,23.79,58.39
2025-05-27 18:00:00+00:00,23.72,23.72,23.47,23.53,155.71
2025-05-27 19:00:00+00:00,23.53,23.53,23.39,23.39,188.09
2025-05-27 20:00:00+00:00,23.42,23.49,23.36,23.46,7.15
2025-05-27 21:00:00+00:00,23.53,23.55,23.26,23.3,44.14
2025-05-27 22:00:00+00:00,23.31,23.32,23.19,23.27,74.69
2025-05-27 23:00:00+00:00,23.37,23.4,23.32,23.32,39.03
2025-05-28 00:00:00+00:00,23.36,23.57,23.36,23.57,20.58
2025-05-28 01:00:00+00:00,23.59,23.67,23.56,23.56,196.61
2025-05-28 02:00:00+00:00,23.48,23.6,23.39,23.59,6.71
2025-05-28 03:00:00+00:00,23.54,23.67,23.54,23.56,2.49
2025-05-28 04:00:00+00:00,23.56,23.64,23.39,23.51,25.02
2025-05-28 05:00:00+00:00,23.47,23.48,23.39,23.48,16.28
2025-05-28 06:00:00+00:00,23.42,23.42,23.21,23.21,13.98
2025-05-28 07:00:00+00:00,23.24,23.38,23.17,23.33,5.29
2025-05-28 08:00:00+00:00,23.26,23.52,23.23,23.52,68.83
2025-05-28 09:00:00+00:00,23.42,23.42,23.22,23.22,21.77
2025-05-28 10:00:00+00:00,23.2,23.5,23.1,23.49,25.53
2025-05-28 11:00:00+00:00,23.51,23.58,23.41,23.58,33.92
2025-05-28 12:00:00+00:00,23.55,23.74,23.46,23.64,116.03
2025-05-28 13:00:00+00:00,23.58,23.6,23.23,23.23,77.18
2025-05-28 14:00:00+00:00,23.33,23.33,23.05,23.11,33.0
2025-05-28 15:00:00+00:00,23.04,23.06,22.86,22.86,163.57
2025-05-28 16:00:00+00:00,22.9,23.12,22.9,23.12,6.49
2025-05-28 17:00:00+00:00,23.12,23.37,23.12,23.12,91.08
2025-05-28 18:00:00+00:00,23.12,23.18,22.94,22.94,48.97
2025-05-28 19:00:00+00:00,22.97,23.05,22.82,22.83,129.9
2025-05-28 20:00:00+00:00,22.82,23.11,22.82,23.11,110.88
2025-05-28 21:00:00+00:00,23.05,23.28,23.05,23.26,52.23
2025-05-28 22:00:00+00:00,23.24,23.24,23.05,23.06,17.97
2025-05-28 23:00:00+00:00,23.09,23.57,23.09,23.57,120.72
2025-05-29 00:00:00+00:00,23.6,23.91,23.49,23.9,102.94
2025-05-29 01:00:00+00:00,23.95,24.06,23.63,23.84,672.7
2025-05-29 02:00:00+00:00,23.72,24.26,23.67,24.23,88.32
2025-05-29 03:00:00+00:00,24.27,24.32,24.13,24.18,83.2
2025-05-29 04:00:00+00:00,24.28,24.3,23.55,23.78,152.54
2025-05-29 05:00:00+00:00,23.7,23.75,23.6,23.6,8.88
2025-05-29 06:00:00+00:00,23.68,23.77,23.68,23.77,14.93
2025-05-29 07:00:00+00:00,23.71,23.76,23.64,23.76,15.01
2025-05-29 08:00:00+00:00,23.71,23.75,23.59,23.72,14.31
2025-05-29 09:00:00+00:00,23.67,23.67,23.49,23.57,21.44
2025-05-29 10:00:00+00:00,23.56,23.56,23.42,23.48,14.33
2025-05-29 11:00:00+00:00,23.48,23.49,23.41,23.41,9.25
2025-05-29 12:00:00+00:00,23.41,23.42,23.15,23.24,50.29
2025-05-29 13:00:00+00:00,23.24,23.28,22.96,23.0,118.17
2025-05-29 14:00:00+00:00,22.95,23.05,22.7,23.03,66.59
2025-05-29 15:00:00+00:00,22.92,22.92,22.76,22.76,5.31
2025-05-29 16:00:00+00:00,22.77,22.78,22.69,22.74,401.7
2025-05-29 17:00:00+00:00,22.75,22.93,22.69,22.93,27.84
2025-05-29 18:00:00+00:00,22.85,22.98,22.61,22.71,29.03
2025-05-29 19:00:00+00:00,22.67,22.68,22.48,22.62,281.18
2025-05-29 20:00:00+00:00,22.68,22.71,22.65,22.69,20.28
2025-05-29 21:00:00+00:00,22.69,22.69,22.69,22.69,0.0
2025-05-29 22:00:00+00:00,22.75,22.75,22.46,22.46,66.92
2025-05-29 23:00:00+00:00,22.46,22.48,22.21,22.26,160.67
2025-05-30 00:00:00+00:00,22.28,22.34,21.22,21.41,680.84
2025-05-30 01:00:00+00:00,21.54,21.69,21.52,21.55,63.57
2025-05-30 02:00:00+00:00,21.59,21.83,21.59,21.75,188.5
2025-05-30 03:00:00+00:00,21.71,21.77,21.71,21.77,4.62
2025-05-30 04:00:00+00:00,21.77,21.8,21.7,21.77,38.35
2025-05-30 05:00:00+00:00,21.84,21.84,21.8,21.8,2.45
2025-05-30 06:00:00+00:00,21.78,21.78,21.34,21.36,135.91
2025-05-30 07:00:00+00:00,21.5,21.57,21.5,21.57,2.96
2025-05-30 08:00:00+00:00,21.4,21.57,21.36,21.36,4.66
2025-05-30 09:00:00+00:00,21.5,21.56,21.3,21.53,13.22
2025-05-30 10:00:00+00:00,21.52,21.56,21.5,21.5,3.2
2025-05-30 11:00:00+00:00,21.6,21.83,21.6,21.79,36.87
2025-05-30 12:00:00+00:00,21.8,21.82,21.51,21.82,17.63
2025-05-30 13:00:00+00:00,21.79,21.84,21.47,21.47,92.54
2025-05-30 14:00:00+00:00,21.47,21.47,21.47,21.47,7.13
2025-05-30 15:00:00+00:00,21.67,21.73,21.5,21.5,62.24
2025-05-30 16:00:00+00:00,21.47,21.48,20.85,20.96,443.32
2025-05-30 17:00:00+00:00,21.12,21.12,20.97,20.97,32.86
2025-05-30 18:00:00+00:00,21.16,21.38,21.16,21.38,105.67
2025-05-30 19:00:00+00:00,21.31,21.31,21.29,21.29,4.55
2025-05-30 20:00:00+00:00,21.21,21.3,21.21,21.3,51.18
2025-05-30 21:00:00+00:00,21.23,21.25,21.19,21.19,12.48
2025-05-30 22:00:00+00:00,21.0,21.0,20.65,20.65,112.23
2025-05-30 23:00:00+00:00,20.61,20.62,20.49,20.62,73.88
2025-05-31 00:00:00+00:00,20.48,20.48,20.17,20.3,145.16
2025-05-31 01:00:00+00:00,20.14,20.27,19.95,20.11,333.82
2025-05-31 02:00:00+00:00,20.23,20.23,19.98,19.98,51.99
2025-05-31 03:00:00+00:00,20.0,20.0,19.82,19.96,25.68
2025-05-31 04:00:00+00:00,19.93,20.11,19.93,20.11,15.27
2025-05-31 05:00:00+00:00,20.19,20.19,20.07,20.07,5.72
2025-05-31 06:00:00+00:00,20.22,20.26,20.19,20.19,10.64
2025-05-31 07:00:00+00:00,20.19,20.19,20.19,20.19,0.0
2025-05-31 08:00:00+00:00,20.19,20.19,20.19,20.19,0.0
2025-05-31 09:00:00+00:00,20.24,20.28,20.17,20.17,12.68
2025-05-31 10:00:00+00:00,20.32,20.32,20.2,20.2,7.59
2025-05-31 11:00:00+00:00,20.16,20.16,20.16,20.16,3.09
2025-05-31 12:00:00+00:00,20.35,20.47,20.35,20.47,10.22
2025-05-31 13:00:00+00:00,20.56,20.76,20.56,20.76,18.57
2025-05-31 14:00:00+00:00,20.7,20.71,20.69,20.71,13.45
2025-05-31 15:00:00+00:00,20.76,20.85,20.68,20.73,67.65
2025-05-31 16:00:00+00:00,20.87,20.98,20.87,20.98,105.92
2025-05-31 17:00:00+00:00,20.89,20.89,20.84,20.84,6.82
2025-05-31 18:00:00+00:00,20.74,20.74,20.74,20.74,0.48
2025-05-31 19:00:00+00:00,20.9,20.91,20.89,20.91,13.56
2025-05-31 20:00:00+00:00,20.87,20.99,20.85,20.99,17.88
2025-05-31 21:00:00+00:00,21.01,21.11,21.01,21.09,96.26
2025-05-31 22:00:00+00:00,20.9,20.91,20.9,20.91,4.43
2025-05-31 23:00:00+00:00,20.81,20.86,20.79,20.8,184.38
2025-06-01 00:00:00+00:00,20.78,20.78,20.69,20.71,67.0
2025-06-01 01:00:00+00:00,20.68,20.68,20.65,20.65,8.8
2025-06-01 02:00:00+00:00,20.58,20.58,20.54,20.54,8.38
2025-06-01 03:00:00+00:00,20.63,20.72,20.58,20.72,4.91
2025-06-01 04:00:00+00:00,20.69,20.88,20.69,20.88,35.31
2025-06-01 05:00:00+00:00,20.89,20.89,20.89,20.89,0.08
2025-06-01 06:00:00+00:00,20.74,20.74,20.74,20.74,0.48
2025-06-01 07:00:00+00:00,20.65,20.65,20.65,20.65,3.19
2025-06-01 08:00:00+00:00,20.65,20.65,20.65,20.65,0.0
2025-06-01 09:00:00+00:00,20.52,20.52,20.32,20.32,31.01
2025-06-01 10:00:00+00:00,20.43,21.84,20.33,20.41,965.29
2025-06-01 11:00:00+00:00,20.4,20.45,20.37,20.45,76.87
2025-06-01 12:00:00+00:00,20.41,20.41,20.21,20.21,44.9
2025-06-01 13:00:00+00:00,20.21,20.21,20.21,20.21,0.0
2025-06-01 14:00:00+00:00,20.67,20.73,20.67,20.72,14.59
2025-06-01 15:00:00+00:00,20.63,20.75,20.63,20.69,2.11
2025-06-01 16:00:00+00:00,20.71,20.91,20.71,20.86,27.24
2025-06-01 17:00:00+00:00,20.86,20.86,20.86,20.86,0.0
2025-06-01 18:00:00+00:00,20.73,20.73,20.43,20.45,116.6
2025-06-01 19:00:00+00:00,20.58,20.58,20.58,20.58,2.51
2025-06-01 20:00:00+00:00,20.61,20.7,20.61,20.65,15.28
2025-06-01 21:00:00+00:00,20.85,20.85,20.8,20.8,1.97
2025-06-01 22:00:00+00:00,20.89,20.93,20.85,20.85,21.66
2025-06-01 23:00:00+00:00,20.94,20.94,20.87,20.87,3.72
2025-06-02 00:00:00+00:00,20.87,20.87,20.87,20.87,0.0
2025-06-02 01:00:00+00:00,20.96,20.99,20.85,20.85,3.23
2025-06-02 02:00:00+00:00,20.67,20.75,20.67,20.68,14.98
2025-06-02 03:00:00+00:00,20.59,20.64,20.49,20.64,16.65
2025-06-02 04:00:00+00:00,20.64,20.64,20.64,20.64,0.0
2025-06-02 05:00:00+00:00,20.64,20.64,20.64,20.64,0.0
2025-06-02 06:00:00+00:00,20.64,20.64,20.64,20.64,0.0
2025-06-02 07:00:00+00:00,20.64,20.64,20.64,20.64,0.0
2025-06-02 08:00:00+00:00,20.71,20.71,20.71,20.71,16.16
2025-06-02 09:00:00+00:00,20.54,20.54,20.41,20.41,212.33
2025-06-02 10:00:00+00:00,20.34,20.42,20.34,20.4,17.97
2025-06-02 11:00:00+00:00,20.32,20.32,20.26,20.3,24.13
2025-06-02 12:00:00+00:00,20.31,20.5,20.31,20.5,16.46
2025-06-02 13:00:00+00:00,20.42,20.57,20.41,20.42,29.22
2025-06-02 14:00:00+00:00,20.4,20.55,20.4,20.48,114.96
2025-06-02 15:00:00+00:00,20.48,20.66,20.48,20.66,29.24
2025-06-02 16:00:00+00:00,20.66,20.66,20.66,20.66,0.0
2025-06-02 17:00:00+00:00,20.54,20.54,20.54,20.54,0.2
2025-06-02 18:00:00+00:00,20.58,20.73,20.58,20.73,8.1
2025-06-02 19:00:00+00:00,20.73,20.73,20.73,20.73,0.0
2025-06-02 20:00:00+00:00,20.63,20.7,20.62,20.65,2.65
2025-06-02 21:00:00+00:00,20.83,20.83,20.83,20.83,0.76
2025-06-02 22:00:00+00:00,20.87,21.28,20.87,21.12,94.66
2025-06-02 23:00:00+00:00,21.22,21.24,21.18,21.18,179.02
2025-06-03 00:00:00+00:00,21.12,21.38,21.12,21.27,13.11
2025-06-03 01:00:00+00:00,21.4,21.64,21.4,21.64,27.81
2025-06-03 02:00:00+00:00,21.66,21.66,21.47,21.47,391.03
2025-06-03 03:00:00+00:00,21.36,21.36,21.31,21.35,2.49
2025-06-03 04:00:00+00:00,21.28,21.28,21.16,21.16,13.31
2025-06-03 05:00:00+00:00,21.22,21.43,21.16,21.43,84.19
2025-06-03 06:00:00+00:00,21.43,21.43,21.43,21.43,0.0
2025-06-03 07:00:00+00:00,21.41,21.41,21.41,21.41,13.94
2025-06-03 08:00:00+00:00,21.18,21.18,21.18,21.18,0.14
2025-06-03 09:00:00+00:00,21.16,21.16,21.16,21.16,3.39
2025-06-03 10:00:00+00:00,21.16,21.16,21.16,21.16,0.0
2025-06-03 11:00:00+00:00,21.22,21.22,21.21,21.21,13.05
2025-06-03 12:00:00+00:00,21.23,21.27,21.17,21.19,16.32
2025-06-03 13:00:00+00:00,21.22,21.38,21.22,21.38,6.03
2025-06-03 14:00:00+00:00,21.31,21.36,21.18,21.36,7.72
2025-06-03 15:00:00+00:00,21.55,21.55,21.55,21.55,0.1
2025-06-03 16:00:00+00:00,21.55,21.55,21.55,21.55,0.0
2025-06-03 17:00:00+00:00,21.4,21.47,21.4,21.42,92.4
2025-06-03 18:00:00+00:00,21.41,21.41,21.3,21.33,110.3
2025-06-03 19:00:00+00:00,21.53,21.53,21.47,21.53,17.13
2025-06-03 20:00:00+00:00,21.43,21.43,21.09,21.19,45.23
2025-06-03 21:00:00+00:00,21.19,21.23,20.91,20.91,51.32
2025-06-03 22:00:00+00:00,20.99,21.21,20.99,21.21,20.87
2025-06-03 23:00:00+00:00,21.1,21.13,21.06,21.08,7.55
2025-06-04 00:00:00+00:00,21.2,21.2,21.08,21.08,3.49
2025-06-04 01:00:00+00:00,21.33,21.54,21.33,21.47,20.62
2025-06-04 02:00:00+00:00,21.52,21.61,21.46,21.46,22.75
2025-06-04 03:00:00+00:00,21.44,21.57,21.44,21.51,24.3
2025-06-04 04:00:00+00:00,21.51,21.51,21.51,21.51,0.0
2025-06-04 05:00:00+00:00,21.36,21.38,21.32,21.38,2.57
2025-06-04 06:00:00+00:00,21.51,21.55,21.51,21.55,14.45
2025-06-04 07:00:00+00:00,21.55,21.55,21.55,21.55,0.0
2025-06-04 08:00:00+00:00,21.46,21.46,21.41,21.41,0.88
2025-06-04 09:00:00+00:00,21.41,21.41,21.36,21.36,0.52
2025-06-04 10:00:00+00:00,21.36,21.36,21.21,21.21,12.05
2025-06-04 11:00:00+00:00,21.18,21.18,21.06,21.08,85.54
2025-06-04 12:00:00+00:00,21.04,21.04,20.96,20.99,3.48
2025-06-04 13:00:00+00:00,20.92,20.92,20.85,20.85,23.06
2025-06-04 14:00:00+00:00,20.84,20.94,20.77,20.94,23.54
2025-06-04 15:00:00+00:00,20.94,21.12,20.94,21.12,6.72
2025-06-04 16:00:00+00:00,21.05,21.07,21.0,21.07,24.56
2025-06-04 17:00:00+00:00,20.99,20.99,20.94,20.94,6.43
2025-06-04 18:00:00+00:00,20.88,20.88,20.88,20.88,10.14
2025-06-04 19:00:00+00:00,20.85,20.85,20.7,20.7,21.29
2025-06-04 20:00:00+00:00,20.65,20.65,20.18,20.18,76.64
2025-06-04 21:00:00+00:00,20.18,20.46,20.12,20.4,191.23
2025-06-04 22:00:00+00:00,20.35,20.36,20.22,20.22,152.56
2025-06-04 23:00:00+00:00,20.18,20.2,20.1,20.1,3.19
2025-06-05 00:00:00+00:00,20.15,20.19,20.09,20.13,20.71
2025-06-05 01:00:00+00:00,20.15,20.15,19.99,19.99,13.41
2025-06-05 02:00:00+00:00,19.99,19.99,19.99,19.99,0.0
2025-06-05 03:00:00+00:00,20.11,20.11,20.11,20.11,8.4
2025-06-05 04:00:00+00:00,20.23,20.31,20.23,20.31,14.1
2025-06-05 05:00:00+00:00,20.31,20.31,20.31,20.31,0.0
2025-06-05 06:00:00+00:00,20.12,20.18,20.11,20.12,59.84
2025-06-05 07:00:00+00:00,20.16,20.28,20.16,20.28,1.03
2025-06-05 08:00:00+00:00,20.28,20.28,20.25,20.25,26.84
2025-06-05 09:00:00+00:00,20.35,20.35,20.27,20.27,12.47
2025-06-05 10:00:00+00:00,20.26,20.27,20.05,20.05,13.82
2025-06-05 11:00:00+00:00,20.1,20.15,20.1,20.15,20.28
2025-06-05 12:00:00+00:00,20.13,20.46,20.13,20.46,29.49
2025-06-05 13:00:00+00:00,20.49,20.49,19.99,19.99,6.14
2025-06-05 14:00:00+00:00,19.99,19.99,19.83,19.99,14.05
2025-06-05 15:00:00+00:00,20.0,20.07,20.0,20.06,71.55
2025-06-05 16:00:00+00:00,19.96,19.96,19.65,19.65,244.72
2025-06-05 17:00:00+00:00,19.65,19.74,19.6,19.64,494.9
2025-06-05 18:00:00+00:00,19.7,19.73,19.57,19.73,14.37
2025-06-05 19:00:00+00:00,19.56,19.56,19.2,19.29,221.22
2025-06-05 20:00:00+00:00,19.29,19.31,18.51,18.51,402.29
2025-06-05 21:00:00+00:00,18.48,18.84,18.46,18.75,166.75
2025-06-05 22:00:00+00:00,18.79,18.89,18.71,18.85,38.5
2025-06-05 23:00:00+00:00,18.84,18.84,18.79,18.82,5.52
2025-06-06 00:00:00+00:00,18.74,18.78,18.66,18.78,6.47
2025-06-06 01:00:00+00:00,18.82,18.82,18.82,18.82,0.95
2025-06-06 02:00:00+00:00,18.9,18.95,18.78,18.95,28.21
2025-06-06 03:00:00+00:00,18.94,19.15,18.94,19.15,9.6
2025-06-06 04:00:00+00:00,19.16,19.34,19.16,19.34,12.67
2025-06-06 05:00:00+00:00,19.37,19.37,19.26,19.26,14.54
2025-06-06 06:00:00+00:00,19.36,19.49,19.36,19.45,66.96
2025-06-06 07:00:00+00:00,19.38,19.38,19.38,19.38,0.5
2025-06-06 08:00:00+00:00,19.38,19.38,19.38,19.38,0.0
2025-06-06 09:00:00+00:00,19.44,19.44,19.44,19.44,5.06
2025-06-06 10:00:00+00:00,19.44,19.44,19.44,19.44,0.0
2025-06-06 11:00:00+00:00,19.41,19.41,19.41,19.41,13.62
2025-06-06 12:00:00+00:00,19.38,19.6,19.37,19.37,340.93
2025-06-06 13:00:00+00:00,19.53,19.74,19.53,19.74,37.24
2025-06-06 14:00:00+00:00,19.65,19.8,19.64,19.8,737.37
2025-06-06 15:00:00+00:00,19.82,19.93,19.68,19.68,137.51
2025-06-06 16:00:00+00:00,19.73,19.73,19.73,19.73,7.17
2025-06-06 17:00:00+00:00,19.73,19.73,19.73,19.73,0.0
2025-06-06 18:00:00+00:00,19.66,19.66,19.46,19.46,1.91
2025-06-06 19:00:00+00:00,19.46,19.46,19.46,19.46,0.0
2025-06-06 20:00:00+00:00,19.43,19.52,19.43,19.46,10.91
2025-06-06 21:00:00+00:00,19.45,19.46,19.44,19.46,11.68
2025-06-06 22:00:00+00:00,19.75,19.75,19.67,19.67,2.05
2025-06-06 23:00:00+00:00,19.67,19.67,19.63,19.63,13.23
2025-06-07 00:00:00+00:00,19.61,19.73,19.61,19.73,12.85
2025-06-07 01:00:00+00:00,19.75,19.75,19.67,19.67,68.49
2025-06-07 02:00:00+00:00,19.67,19.84,19.67,19.84,6.2
2025-06-07 03:00:00+00:00,19.94,20.11,19.94,20.03,28.33
2025-06-07 04:00:00+00:00,20.08,20.15,20.05,20.15,24.2
2025-06-07 05:00:00+00:00,20.14,20.27,20.14,20.27,115.07
2025-06-07 06:00:00+00:00,20.28,20.41,20.21,20.41,22.64
2025-06-07 07:00:00+00:00,20.45,20.65,20.45,20.64,11.89
2025-06-07 08:00:00+00:00,20.67,20.82,20.62,20.66,18.92
2025-06-07 09:00:00+00:00,20.71,20.71,20.63,20.63,5.82
2025-06-07 10:00:00+00:00,20.71,20.87,20.71,20.87,11.16
2025-06-07 11:00:00+00:00,20.86,21.08,20.86,20.97,37.6
2025-06-07 12:00:00+00:00,20.9,20.9,20.9,20.9,0.49
2025-06-07 13:00:00+00:00,20.83,20.92,20.77,20.9,6.59
2025-06-07 14:00:00+00:00,20.92,20.99,20.86,20.86,16.83
2025-06-07 15:00:00+00:00,20.88,20.88,20.88,20.88,0.91
2025-06-07 16:00:00+00:00,20.76,20.76,20.76,20.76,1.45
2025-06-07 17:00:00+00:00,20.76,20.76,20.76,20.76,1.11
2025-06-07 18:00:00+00:00,20.73,20.83,20.73,20.8,28.6
2025-06-07 19:00:00+00:00,20.85,20.85,20.85,20.85,1.92
2025-06-07 20:00:00+00:00,20.87,20.87,20.8,20.8,25.39
2025-06-07 21:00:00+00:00,20.8,20.8,20.8,20.8,282.41
2025-06-07 22:00:00+00:00,20.83,20.89,20.83,20.87,64.11
2025-06-07 23:00:00+00:00,20.75,20.75,20.75,20.75,5.11
2025-06-08 00:00:00+00:00,20.64,20.64,20.45,20.45,126.04
2025-06-08 01:00:00+00:00,20.46,20.52,20.41,20.52,8.23
2025-06-08 02:00:00+00:00,20.48,20.48,20.45,20.45,2.32
2025-06-08 03:00:00+00:00,20.37,20.39,20.35,20.35,5.88
2025-06-08 04:00:00+00:00,20.37,20.37,20.29,20.29,9.33
2025-06-08 05:00:00+00:00,20.29,20.29,20.29,20.29,0.78
2025-06-08 06:00:00+00:00,20.29,20.29,20.29,20.29,0.0
2025-06-08 07:00:00+00:00,20.33,20.33,20.33,20.33,2.34
2025-06-08 08:00:00+00:00,20.6,20.64,20.6,20.64,7.22
2025-06-08 09:00:00+00:00,20.45,20.45,20.18,20.18,16.46
2025-06-08 10:00:00+00:00,20.26,20.26,20.26,20.26,0.3
2025-06-08 11:00:00+00:00,20.45,20.47,20.45,20.47,2.47
2025-06-08 12:00:00+00:00,20.47,20.47,20.47,20.47,0.0
2025-06-08 13:00:00+00:00,20.64,20.72,20.52,20.52,29.23
2025-06-08 14:00:00+00:00,20.59,20.59,20.59,20.59,14.55
2025-06-08 15:00:00+00:00,20.73,20.79,20.7,20.7,15.49
2025-06-08 16:00:00+00:00,20.79,20.86,20.79,20.86,7.14
2025-06-08 17:00:00+00:00,20.87,20.96,20.87,20.89,17.8
2025-06-08 18:00:00+00:00,20.93,21.19,20.93,21.13,112.36
2025-06-08 19:00:00+00:00,21.21,21.33,21.09,21.19,89.12
2025-06-08 20:00:00+00:00,21.33,21.48,21.31,21.39,92.55
2025-06-08 21:00:00+00:00,21.48,21.48,21.4,21.4,1.85
2025-06-08 22:00:00+00:00,21.3,21.36,21.12,21.12,29.69
2025-06-08 23:00:00+00:00,21.24,21.24,21.03,21.03,0.43
2025-06-09 00:00:00+00:00,21.07,21.07,20.96,21.01,32.9
2025-06-09 01:00:00+00:00,20.9,20.91,20.81,20.86,14.54
2025-06-09 02:00:00+00:00,20.78,20.78,20.72,20.72,6.12
2025-06-09 03:00:00+00:00,20.64,20.78,20.64,20.78,0.4
2025-06-09 04:00:00+00:00,20.67,20.67,20.48,20.48,87.38
2025-06-09 05:00:00+00:00,20.45,20.45,20.34,20.34,23.37
2025-06-09 06:00:00+00:00,20.27,20.31,20.26,20.31,6.5
2025-06-09 07:00:00+00:00,20.31,20.31,20.31,20.31,0.0
2025-06-09 08:00:00+00:00,20.25,20.25,20.24,20.24,0.24
2025-06-09 09:00:00+00:00,20.34,20.73,20.33,20.69,23.98
2025-06-09 10:00:00+00:00,20.57,20.75,20.57,20.75,0.73
2025-06-09 11:00:00+00:00,20.75,20.87,20.74,20.76,13.35
2025-06-09 12:00:00+00:00,20.86,20.92,20.86,20.92,15.0
2025-06-09 13:00:00+00:00,20.94,20.94,20.67,20.67,18.12
2025-06-09 14:00:00+00:00,20.68,20.96,20.68,20.9,6.74
2025-06-09 15:00:00+00:00,20.87,21.06,20.87,21.06,22.72
2025-06-09 16:00:00+00:00,21.03,21.33,21.03,21.26,42.74
2025-06-09 17:00:00+00:00,21.17,21.4,21.16,21.4,44.9
2025-06-09 18:00:00+00:00,21.4,21.4,21.22,21.22,7.84
2025-06-09 19:00:00+00:00,21.22,21.22,21.22,21.22,0.0
2025-06-09 20:00:00+00:00,21.31,21.34,21.31,21.34,1.38
2025-06-09 21:00:00+00:00,21.47,21.8,21.4,21.8,223.07
2025-06-09 22:00:00+00:00,21.81,21.96,21.75,21.82,43.52
2025-06-09 23:00:00+00:00,21.98,21.98,21.8,21.87,43.25
2025-06-10 00:00:00+00:00,21.92,22.12,21.92,21.99,85.66
2025-06-10 01:00:00+00:00,22.1,22.15,21.99,21.99,58.41
2025-06-10 02:00:00+00:00,21.91,21.91,21.79,21.89,361.65
2025-06-10 03:00:00+00:00,21.8,21.86,21.73,21.8,51.2
2025-06-10 04:00:00+00:00,21.78,21.81,21.63,21.7,64.58
2025-06-10 05:00:00+00:00,21.69,21.69,21.56,21.56,8.34
2025-06-10 06:00:00+00:00,21.55,21.73,21.54,21.73,5.88
2025-06-10 07:00:00+00:00,21.68,21.71,21.68,21.71,17.61
2025-06-10 08:00:00+00:00,21.56,21.56,21.56,21.56,0.93
2025-06-10 09:00:00+00:00,21.55,21.55,21.52,21.52,12.89
2025-06-10 10:00:00+00:00,21.7,21.73,21.68,21.73,13.45
2025-06-10 11:00:00+00:00,21.82,22.29,21.82,22.18,131.61
2025-06-10 12:00:00+00:00,22.27,22.38,22.19,22.38,131.91
2025-06-10 13:00:00+00:00,22.44,22.44,21.82,21.95,75.11
2025-06-10 14:00:00+00:00,22.08,22.1,21.73,21.73,8.28
2025-06-10 15:00:00+00:00,21.78,21.91,21.59,21.91,25.27
2025-06-10 16:00:00+00:00,21.92,22.05,21.87,21.87,8.82
2025-06-10 17:00:00+00:00,21.8,21.95,21.8,21.95,14.77
2025-06-10 18:00:00+00:00,21.84,22.2,21.84,22.2,9.29
2025-06-10 19:00:00+00:00,22.25,22.43,22.25,22.27,116.6
2025-06-10 20:00:00+00:00,22.23,22.23,22.08,22.1,14.1
2025-06-10 21:00:00+00:00,22.13,22.27,22.06,22.17,12.96
2025-06-10 22:00:00+00:00,22.29,22.57,22.29,22.49,52.97
2025-06-10 23:00:00+00:00,22.49,22.57,22.38,22.53,247.01
2025-06-11 00:00:00+00:00,22.57,22.61,22.22,22.22,155.71
2025-06-11 01:00:00+00:00,22.24,22.24,22.06,22.06,116.14
2025-06-11 02:00:00+00:00,22.21,22.21,22.17,22.17,1.38
2025-06-11 03:00:00+00:00,22.17,22.34,22.17,22.34,5.68
2025-06-11 04:00:00+00:00,22.21,22.21,22.21,22.21,0.3
2025-06-11 05:00:00+00:00,22.21,22.21,22.21,22.21,0.0
2025-06-11 06:00:00+00:00,22.22,22.29,22.22,22.29,13.2
2025-06-11 07:00:00+00:00,22.38,22.45,22.38,22.45,2.85
2025-06-11 08:00:00+00:00,22.27,22.27,22.27,22.27,0.14
2025-06-11 09:00:00+00:00,22.17,22.21,21.95,21.95,14.47
2025-06-11 10:00:00+00:00,21.95,22.09,21.91,22.09,121.36
2025-06-11 11:00:00+00:00,21.91,21.91,21.91,21.91,0.14
2025-06-11 12:00:00+00:00,22.04,22.47,22.04,22.47,89.72
2025-06-11 13:00:00+00:00,22.39,22.42,22.27,22.37,1.36
2025-06-11 14:00:00+00:00,22.45,22.72,22.45,22.52,135.55
2025-06-11 15:00:00+00:00,22.54,22.55,22.42,22.55,12.98
2025-06-11 16:00:00+00:00,22.55,22.55,22.44,22.47,42.82
2025-06-11 17:00:00+00:00,22.45,22.45,21.91,21.91,102.24
2025-06-11 18:00:00+00:00,21.88,21.92,21.79,21.85,48.37
2025-06-11 19:00:00+00:00,21.75,21.87,21.68,21.73,161.72
2025-06-11 20:00:00+00:00,21.68,21.86,21.61,21.8,60.97
2025-06-11 21:00:00+00:00,21.91,21.91,21.49,21.53,98.8
2025-06-11 22:00:00+00:00,21.55,21.55,21.34,21.41,138.47
2025-06-11 23:00:00+00:00,21.44,21.79,21.4,21.61,287.78
2025-06-12 00:00:00+00:00,21.55,21.58,21.4,21.57,88.52
2025-06-12 01:00:00+00:00,21.36,21.36,21.36,21.36,0.14
2025-06-12 02:00:00+00:00,21.55,21.55,21.51,21.51,1.3
2025-06-12 03:00:00+00:00,21.41,21.41,21.18,21.26,52.67
2025-06-12 04:00:00+00:00,21.18,21.23,21.16,21.17,82.15
2025-06-12 05:00:00+00:00,21.13,21.22,21.07,21.22,48.73
2025-06-12 06:00:00+00:00,21.11,21.18,21.1,21.18,34.06
2025-06-12 07:00:00+00:00,21.06,21.06,20.99,20.99,41.21
2025-06-12 08:00:00+00:00,20.97,21.12,20.97,21.12,1.04
2025-06-12 09:00:00+00:00,21.09,21.1,20.99,21.01,19.16
2025-06-12 10:00:00+00:00,20.93,20.95,20.86,20.95,71.12
2025-06-12 11:00:00+00:00,20.9,20.9,20.8,20.82,25.6
2025-06-12 12:00:00+00:00,20.82,21.06,20.77,21.06,31.04
2025-06-12 13:00:00+00:00,20.98,21.22,20.98,21.21,2.25
2025-06-12 14:00:00+00:00,21.24,21.28,21.24,21.28,3.0
2025-06-12 15:00:00+00:00,21.09,21.09,20.95,20.95,14.5
2025-06-12 16:00:00+00:00,21.13,21.13,21.13,21.13,1.65
2025-06-12 17:00:00+00:00,21.15,21.21,21.13,21.21,125.94
2025-06-12 18:00:00+00:00,21.21,21.21,21.0,21.0,91.7
2025-06-12 19:00:00+00:00,20.91,20.91,20.52,20.58,42.49
2025-06-12 20:00:00+00:00,20.57,20.64,20.18,20.18,82.33
2025-06-12 21:00:00+00:00,20.29,20.5,20.29,20.49,0.78
2025-06-12 22:00:00+00:00,20.31,20.35,20.31,20.34,41.77
2025-06-12 23:00:00+00:00,20.36,20.38,20.3,20.34,14.97
2025-06-13 00:00:00+00:00,20.14,20.14,19.05,19.09,352.32
2025-06-13 01:00:00+00:00,19.17,19.17,18.61,18.84,1209.76
2025-06-13 02:00:00+00:00,18.84,18.84,18.52,18.69,338.59
2025-06-13 03:00:00+00:00,18.71,19.17,18.71,19.17,38.43
2025-06-13 04:00:00+00:00,18.85,18.85,18.85,18.85,2.37
2025-06-13 05:00:00+00:00,18.85,18.85,18.85,18.85,0.0
2025-06-13 06:00:00+00:00,18.85,18.85,18.85,18.85,5.3
2025-06-13 07:00:00+00:00,19.01,19.01,19.01,19.01,13.06
2025-06-13 08:00:00+00:00,19.19,19.37,19.19,19.25,12.61
2025-06-13 09:00:00+00:00,19.17,19.17,19.12,19.12,3.82
2025-06-13 10:00:00+00:00,19.09,19.09,19.09,19.09,4.0
2025-06-13 11:00:00+00:00,19.09,19.09,19.09,19.09,0.0
2025-06-13 12:00:00+00:00,19.31,19.32,19.09,19.09,65.31
2025-06-13 13:00:00+00:00,19.09,19.11,19.07,19.07,42.93
2025-06-13 14:00:00+00:00,18.94,19.07,18.91,19.03,12.6
2025-06-13 15:00:00+00:00,19.25,19.37,19.25,19.33,33.76
2025-06-13 16:00:00+00:00,19.41,19.54,19.32,19.32,19.89
2025-06-13 17:00:00+00:00,19.19,19.23,19.19,19.23,3.47
2025-06-13 18:00:00+00:00,19.07,19.15,18.95,19.06,117.49
2025-06-13 19:00:00+00:00,19.12,19.12,19.12,19.12,0.06
2025-06-13 20:00:00+00:00,19.15,19.15,19.15,19.15,1.3
2025-06-13 21:00:00+00:00,19.22,19.22,19.2,19.2,0.26
2025-06-13 22:00:00+00:00,19.2,19.2,19.2,19.2,0.0
2025-06-13 23:00:00+00:00,19.33,19.43,19.33,19.39,33.43
2025-06-14 00:00:00+00:00,19.33,19.38,19.3,19.3,16.71
2025-06-14 01:00:00+00:00,19.27,19.27,19.27,19.27,26.12
2025-06-14 02:00:00+00:00,19.27,19.28,19.15,19.15,26.68
2025-06-14 03:00:00+00:00,19.15,19.15,19.15,19.15,0.0
2025-06-14 04:00:00+00:00,19.39,19.39,19.35,19.35,1.53
2025-06-14 05:00:00+00:00,19.28,19.28,19.28,19.28,13.43
2025-06-14 06:00:00+00:00,19.22,19.22,19.18,19.21,4.76
2025-06-14 07:00:00+00:00,19.12,19.12,19.12,19.12,0.44
2025-06-14 08:00:00+00:00,19.17,19.18,19.17,19.18,0.45
2025-06-14 09:00:00+00:00,19.16,19.16,19.14,19.14,23.58
2025-06-14 10:00:00+00:00,19.07,19.07,19.07,19.07,0.58
2025-06-14 11:00:00+00:00,19.07,19.07,19.07,19.07,0.0
2025-06-14 12:00:00+00:00,19.08,19.08,19.07,19.07,13.92
2025-06-14 13:00:00+00:00,19.11,19.11,19.11,19.11,0.19
2025-06-14 14:00:00+00:00,19.08,19.1,19.01,19.01,37.97
2025-06-14 15:00:00+00:00,19.06,19.06,18.91,18.95,148.99
2025-06-14 16:00:00+00:00,19.05,19.05,18.75,18.75,48.56
2025-06-14 17:00:00+00:00,18.75,18.97,18.75,18.95,47.89
2025-06-14 18:00:00+00:00,18.95,18.95,18.95,18.95,0.0
2025-06-14 19:00:00+00:00,18.95,19.01,18.94,18.94,104.61
2025-06-14 20:00:00+00:00,18.91,18.91,18.79,18.91,25.97
2025-06-14 21:00:00+00:00,18.89,19.05,18.89,19.05,11.24
2025-06-14 22:00:00+00:00,19.02,19.02,19.02,19.02,0.82
2025-06-14 23:00:00+00:00,18.98,18.99,18.98,18.99,10.13
2025-06-15 00:00:00+00:00,18.97,18.97,18.97,18.97,1.31
2025-06-15 01:00:00+00:00,18.94,18.94,18.94,18.94,0.78
2025-06-15 02:00:00+00:00,19.06,19.06,19.06,19.06,1.31
2025-06-15 03:00:00+00:00,19.0,19.0,19.0,19.0,3.59
2025-06-15 04:00:00+00:00,19.0,19.0,19.0,19.0,0.0
2025-06-15 05:00:00+00:00,19.12,19.22,19.12,19.22,5.63
2025-06-15 06:00:00+00:00,19.22,19.22,19.22,19.22,0.0
2025-06-15 07:00:00+00:00,19.0,19.0,18.99,18.99,5.91
2025-06-15 08:00:00+00:00,18.99,18.99,18.99,18.99,0.0
2025-06-15 09:00:00+00:00,18.87,18.87,18.77,18.81,23.04
2025-06-15 10:00:00+00:00,18.85,18.94,18.85,18.94,5.9
2025-06-15 11:00:00+00:00,18.98,18.99,18.98,18.99,6.69
2025-06-15 12:00:00+00:00,18.99,18.99,18.99,18.99,0.0
2025-06-15 13:00:00+00:00,19.03,19.1,19.01,19.01,6.88
2025-06-15 14:00:00+00:00,19.03,19.03,18.95,18.96,16.24
2025-06-15 15:00:00+00:00,19.2,19.22,19.2,19.2,3.13
2025-06-15 16:00:00+00:00,19.08,19.09,19.08,19.09,5.0
2025-06-15 17:00:00+00:00,19.18,19.19,19.13,19.13,7.6
2025-06-15 18:00:00+00:00,19.1,19.11,19.1,19.11,20.0
2025-06-15 19:00:00+00:00,19.13,19.13,19.13,19.13,9.99
2025-06-15 20:00:00+00:00,18.99,18.99,18.8,18.8,39.5
2025-06-15 21:00:00+00:00,18.79,18.82,18.77,18.82,10.89
2025-06-15 22:00:00+00:00,19.13,19.15,19.13,19.15,24.95
2025-06-15 23:00:00+00:00,19.14,19.14,19.14,19.14,0.78
2025-06-16 00:00:00+00:00,19.1,19.1,19.08,19.08,8.07
2025-06-16 01:00:00+00:00,19.15,19.3,19.15,19.3,15.78
2025-06-16 02:00:00+00:00,19.34,19.45,19.34,19.39,35.24
2025-06-16 03:00:00+00:00,19.37,19.43,19.23,19.23,4.05
2025-06-16 04:00:00+00:00,19.28,19.44,19.28,19.38,36.74
2025-06-16 05:00:00+00:00,19.34,19.75,19.34,19.64,271.46
2025-06-16 06:00:00+00:00,19.64,19.76,19.63,19.67,47.34
2025-06-16 07:00:00+00:00,19.77,19.8,19.73,19.75,443.87
2025-06-16 08:00:00+00:00,19.7,19.7,19.67,19.67,31.32
2025-06-16 09:00:00+00:00,19.71,19.73,19.67,19.73,19.38
2025-06-16 10:00:00+00:00,19.69,19.69,19.69,19.69,0.41
2025-06-16 11:00:00+00:00,19.59,19.59,19.46,19.48,11.62
2025-06-16 12:00:00+00:00,19.55,19.55,19.55,19.55,14.3
2025-06-16 13:00:00+00:00,19.52,19.6,19.52,19.6,67.9
2025-06-16 14:00:00+00:00,19.75,19.92,19.75,19.77,64.07
2025-06-16 15:00:00+00:00,19.75,19.81,19.68,19.68,39.29
2025-06-16 16:00:00+00:00,19.86,19.86,19.71,19.76,30.41
2025-06-16 17:00:00+00:00,19.78,19.81,19.68,19.68,54.01
2025-06-16 18:00:00+00:00,19.75,19.75,19.73,19.74,56.22
2025-06-16 19:00:00+00:00,19.86,19.92,19.74,19.74,6.76
2025-06-16 20:00:00+00:00,19.7,19.94,19.69,19.94,5.22
2025-06-16 21:00:00+00:00,19.91,19.91,19.86,19.88,10.88
2025-06-16 22:00:00+00:00,19.84,19.84,19.17,19.28,292.68
2025-06-16 23:00:00+00:00,19.41,19.42,19.01,19.01,121.89
2025-06-17 00:00:00+00:00,19.0,19.22,18.74,19.22,95.16
2025-06-17 01:00:00+00:00,19.2,19.32,19.2,19.25,11.73
2025-06-17 02:00:00+00:00,19.19,19.36,19.07,19.36,13.02
2025-06-17 03:00:00+00:00,19.37,19.45,19.35,19.35,19.16
2025-06-17 04:00:00+00:00,19.23,19.23,19.23,19.23,0.78
2025-06-17 05:00:00+00:00,19.23,19.23,19.23,19.23,0.0
2025-06-17 06:00:00+00:00,19.1,19.11,19.1,19.11,3.79
2025-06-17 07:00:00+00:00,19.13,19.13,19.13,19.13,0.42
2025-06-17 08:00:00+00:00,19.02,19.02,19.0,19.0,11.22
2025-06-17 09:00:00+00:00,19.01,19.02,18.94,18.94,16.11
2025-06-17 10:00:00+00:00,18.93,18.93,18.89,18.89,42.26
2025-06-17 11:00:00+00:00,18.92,18.92,18.89,18.91,67.85
2025-06-17 12:00:00+00:00,18.91,18.91,18.91,18.91,0.0
2025-06-17 13:00:00+00:00,18.94,18.95,18.94,18.95,4.84
2025-06-17 14:00:00+00:00,18.83,18.83,18.77,18.77,4.85
2025-06-17 15:00:00+00:00,18.76,18.76,18.56,18.58,78.95
2025-06-17 16:00:00+00:00,18.54,18.54,18.18,18.18,106.09
2025-06-17 17:00:00+00:00,18.17,18.3,18.17,18.3,16.61
2025-06-17 18:00:00+00:00,18.44,18.51,18.37,18.51,34.4
2025-06-17 19:00:00+00:00,18.59,18.93,18.59,18.93,43.8
2025-06-17 20:00:00+00:00,18.85,18.85,18.77,18.77,1.57
2025-06-17 21:00:00+00:00,18.67,18.67,18.57,18.64,19.46
2025-06-17 22:00:00+00:00,18.58,18.59,18.38,18.38,242.13
2025-06-17 23:00:00+00:00,18.46,18.64,18.46,18.64,9.44
2025-06-18 00:00:00+00:00,18.61,18.61,18.61,18.61,5.14
2025-06-18 01:00:00+00:00,18.8,18.83,18.8,18.83,9.27
2025-06-18 02:00:00+00:00,18.69,18.69,18.59,18.59,11.73
2025-06-18 03:00:00+00:00,18.66,18.66,18.64,18.64,6.37
2025-06-18 04:00:00+00:00,18.84,18.86,18.82,18.82,24.85
2025-06-18 05:00:00+00:00,18.82,18.82,18.82,18.82,0.0
2025-06-18 06:00:00+00:00,18.82,18.82,18.82,18.82,0.0
2025-06-18 07:00:00+00:00,18.82,18.82,18.82,18.82,0.0
2025-06-18 08:00:00+00:00,18.64,18.64,18.58,18.58,17.34
2025-06-18 09:00:00+00:00,18.66,18.66,18.58,18.58,9.55
2025-06-18 10:00:00+00:00,18.5,18.5,18.33,18.33,20.41
2025-06-18 11:00:00+00:00,18.36,18.36,18.36,18.36,0.1
2025-06-18 12:00:00+00:00,18.41,18.41,18.41,18.41,0.16
2025-06-18 13:00:00+00:00,18.38,18.38,18.08,18.24,35.48
2025-06-18 14:00:00+00:00,18.44,18.56,18.44,18.53,14.69
2025-06-18 15:00:00+00:00,18.53,18.53,18.53,18.53,0.0
2025-06-18 16:00:00+00:00,18.17,18.17,18.17,18.17,1.23
2025-06-18 17:00:00+00:00,18.15,18.2,18.13,18.17,12.47
2025-06-18 18:00:00+00:00,18.44,18.44,18.25,18.3,67.75
2025-06-18 19:00:00+00:00,18.3,18.3,18.3,18.3,10.92
2025-06-18 20:00:00+00:00,18.22,18.61,18.22,18.61,11.57
2025-06-18 21:00:00+00:00,18.42,18.42,18.39,18.4,1.42
2025-06-18 22:00:00+00:00,18.2,18.2,18.17,18.17,5.69
2025-06-18 23:00:00+00:00,18.17,18.17,18.13,18.13,4.68
2025-06-19 00:00:00+00:00,18.14,18.27,18.14,18.27,8.3
2025-06-19 01:00:00+00:00,18.1,18.24,18.04,18.24,105.55
2025-06-19 02:00:00+00:00,18.09,18.1,18.0,18.1,82.83
2025-06-19 03:00:00+00:00,18.11,18.11,18.11,18.11,28.01
2025-06-19 04:00:00+00:00,17.96,17.96,17.88,17.88,76.07
2025-06-19 05:00:00+00:00,18.11,18.15,18.11,18.15,7.63
2025-06-19 06:00:00+00:00,18.15,18.15,18.15,18.15,0.0
2025-06-19 07:00:00+00:00,17.97,17.98,17.97,17.97,38.83
2025-06-19 08:00:00+00:00,17.97,17.97,17.97,17.97,0.0
2025-06-19 09:00:00+00:00,17.93,17.93,17.93,17.93,0.23
2025-06-19 10:00:00+00:00,17.93,17.93,17.93,17.93,0.0
2025-06-19 11:00:00+00:00,17.93,17.93,17.93,17.93,0.0
2025-06-19 12:00:00+00:00,17.98,17.98,17.98,17.98,21.24
2025-06-19 13:00:00+00:00,17.87,17.91,17.73,17.8,231.17
2025-06-19 14:00:00+00:00,17.83,18.78,17.73,17.76,331.93
2025-06-19 15:00:00+00:00,17.72,17.77,17.69,17.77,82.02
2025-06-19 16:00:00+00:00,17.85,17.85,17.85,17.85,5.26
2025-06-19 17:00:00+00:00,17.75,17.75,17.73,17.73,4.21
2025-06-19 18:00:00+00:00,17.98,17.99,17.94,17.99,33.55
2025-06-19 19:00:00+00:00,17.97,17.99,17.97,17.99,326.13
2025-06-19 20:00:00+00:00,18.04,18.04,18.04,18.04,1.38
2025-06-19 21:00:00+00:00,18.04,18.04,18.04,18.04,176.35
2025-06-19 22:00:00+00:00,18.04,18.15,18.04,18.15,15.52
2025-06-19 23:00:00+00:00,18.06,18.06,18.06,18.06,27.68
2025-06-20 00:00:00+00:00,18.07,18.07,18.07,18.07,28.29
2025-06-20 01:00:00+00:00,18.07,18.07,18.07,18.07,0.0
2025-06-20 02:00:00+00:00,18.17,18.17,18.09,18.09,8.04
2025-06-20 03:00:00+00:00,18.03,18.05,18.02,18.02,115.96
2025-06-20 04:00:00+00:00,18.02,18.02,18.02,18.02,0.0
2025-06-20 05:00:00+00:00,17.85,17.85,17.85,17.85,1.25
2025-06-20 06:00:00+00:00,18.03,18.03,17.97,17.97,1.11
2025-06-20 07:00:00+00:00,18.13,18.39,18.13,18.28,58.55
2025-06-20 08:00:00+00:00,18.42,18.42,18.42,18.42,1.08
2025-06-20 09:00:00+00:00,18.42,18.42,18.42,18.42,0.0
2025-06-20 10:00:00+00:00,18.42,18.42,18.42,18.42,0.0
2025-06-20 11:00:00+00:00,18.24,18.3,18.24,18.3,5.86
2025-06-20 12:00:00+00:00,18.27,18.27,18.27,18.27,1.69
2025-06-20 13:00:00+00:00,18.15,18.22,18.15,18.22,1.64
2025-06-20 14:00:00+00:00,18.01,18.01,17.79,17.79,26.61
2025-06-20 15:00:00+00:00,17.87,17.91,17.83,17.91,6.64
2025-06-20 16:00:00+00:00,17.75,17.75,17.47,17.47,149.28
2025-06-20 17:00:00+00:00,17.52,17.52,16.96,17.25,408.91
2025-06-20 18:00:00+00:00,17.34,17.46,17.34,17.45,15.34
2025-06-20 19:00:00+00:00,17.41,17.41,17.32,17.32,12.16
2025-06-20 20:00:00+00:00,17.48,17.65,17.48,17.65,18.05
2025-06-20 21:00:00+00:00,17.45,17.45,17.45,17.45,28.59
2025-06-20 22:00:00+00:00,17.3,17.34,17.23,17.23,8.03
2025-06-20 23:00:00+00:00,17.29,17.34,17.29,17.29,31.22
2025-06-21 00:00:00+00:00,17.48,17.48,17.48,17.48,7.18
2025-06-21 01:00:00+00:00,17.47,17.52,17.47,17.52,15.31
2025-06-21 02:00:00+00:00,17.49,17.49,17.49,17.49,1.42
2025-06-21 03:00:00+00:00,17.49,17.49,17.49,17.49,0.0
2025-06-21 04:00:00+00:00,17.59,17.59,17.55,17.55,13.42
2025-06-21 05:00:00+00:00,17.55,17.55,17.55,17.55,4.06
2025-06-21 06:00:00+00:00,17.57,17.57,17.57,17.57,12.38
2025-06-21 07:00:00+00:00,17.57,17.57,17.57,17.57,0.0
2025-06-21 08:00:00+00:00,17.57,17.57,17.57,17.57,0.0
2025-06-21 09:00:00+00:00,17.55,17.55,17.55,17.55,3.18
2025-06-21 10:00:00+00:00,17.59,17.59,17.59,17.59,0.28
2025-06-21 11:00:00+00:00,17.53,17.57,17.51,17.55,111.37
2025-06-21 12:00:00+00:00,17.49,17.49,17.42,17.42,15.47
2025-06-21 13:00:00+00:00,17.35,17.35,17.15,17.16,99.44
2025-06-21 14:00:00+00:00,17.16,17.21,17.1,17.17,148.61
2025-06-21 15:00:00+00:00,17.07,17.15,17.02,17.15,18.36
2025-06-21 16:00:00+00:00,17.11,17.12,17.11,17.12,1.46
2025-06-21 17:00:00+00:00,17.0,17.0,16.84,16.84,116.26
2025-06-21 18:00:00+00:00,16.94,16.94,16.81,16.81,250.76
2025-06-21 19:00:00+00:00,16.84,16.88,16.79,16.79,844.52
2025-06-21 20:00:00+00:00,16.82,17.05,16.82,17.05,24.39
2025-06-21 21:00:00+00:00,16.99,16.99,16.36,16.65,369.27
2025-06-21 22:00:00+00:00,16.56,16.75,16.56,16.75,53.79
2025-06-21 23:00:00+00:00,16.67,16.78,16.49,16.78,185.18
2025-06-22 00:00:00+00:00,16.79,17.09,16.73,17.09,46.38
2025-06-22 01:00:00+00:00,17.06,17.06,16.97,16.97,31.96
2025-06-22 02:00:00+00:00,16.81,16.84,16.62,16.62,8.49
2025-06-22 03:00:00+00:00,16.61,16.65,16.61,16.65,2.6
2025-06-22 04:00:00+00:00,16.9,16.9,16.89,16.89,9.51
2025-06-22 05:00:00+00:00,16.93,16.93,16.85,16.85,13.94
2025-06-22 06:00:00+00:00,16.99,16.99,16.99,16.99,11.04
2025-06-22 07:00:00+00:00,16.99,16.99,16.99,16.99,17.65
2025-06-22 08:00:00+00:00,16.99,16.99,16.99,16.99,0.0
2025-06-22 09:00:00+00:00,16.67,16.67,16.55,16.55,27.18
2025-06-22 10:00:00+00:00,16.61,16.65,16.61,16.62,56.09
2025-06-22 11:00:00+00:00,16.62,16.62,16.62,16.62,206.0
2025-06-22 12:00:00+00:00,16.54,16.54,16.53,16.53,21.12
2025-06-22 13:00:00+00:00,16.52,16.52,16.08,16.15,490.01
2025-06-22 14:00:00+00:00,16.25,16.25,16.0,16.19,690.27
2025-06-22 15:00:00+00:00,16.3,16.35,16.02,16.02,3.89
2025-06-22 16:00:00+00:00,16.07,16.16,16.0,16.16,254.94
2025-06-22 17:00:00+00:00,16.16,16.31,16.15,16.15,173.43
2025-06-22 18:00:00+00:00,16.3,16.32,16.1,16.12,1683.3
2025-06-22 19:00:00+00:00,16.06,16.06,15.97,16.0,2355.76
2025-06-22 20:00:00+00:00,15.95,16.1,15.72,16.05,144.03
2025-06-22 21:00:00+00:00,16.14,16.15,15.96,15.97,19.65
2025-06-22 22:00:00+00:00,15.96,16.36,15.96,16.36,49.17
2025-06-22 23:00:00+00:00,16.39,16.49,16.32,16.49,41.05
2025-06-23 00:00:00+00:00,16.53,16.72,16.53,16.68,73.58
2025-06-23 01:00:00+00:00,16.54,16.54,16.54,16.54,0.18
2025-06-23 02:00:00+00:00,16.69,16.69,16.68,16.68,1.87
2025-06-23 03:00:00+00:00,16.63,16.63,16.52,16.52,21.16
2025-06-23 04:00:00+00:00,16.61,16.61,16.61,16.61,240.56
2025-06-23 05:00:00+00:00,16.7,16.79,16.7,16.79,3.86
2025-06-23 06:00:00+00:00,16.85,16.93,16.84,16.93,11.8
2025-06-23 07:00:00+00:00,16.96,17.04,16.9,16.93,294.07
2025-06-23 08:00:00+00:00,17.05,17.06,17.0,17.0,139.16
2025-06-23 09:00:00+00:00,17.02,17.12,17.02,17.12,36.14
2025-06-23 10:00:00+00:00,17.13,17.13,16.86,16.86,25.28
2025-06-23 11:00:00+00:00,16.83,16.83,16.81,16.81,15.24
2025-06-23 12:00:00+00:00,16.93,16.93,16.93,16.93,0.89
2025-06-23 13:00:00+00:00,16.77,17.23,16.77,17.08,124.32
2025-06-23 14:00:00+00:00,17.15,17.21,16.98,16.98,70.56
2025-06-23 15:00:00+00:00,16.99,16.99,16.73,16.73,51.18
2025-06-23 16:00:00+00:00,16.72,16.72,16.25,16.25,51.82
2025-06-23 17:00:00+00:00,16.6,16.98,16.6,16.98,34.68
2025-06-23 18:00:00+00:00,17.04,17.2,17.04,17.2,20.13
2025-06-23 19:00:00+00:00,17.22,17.29,17.1,17.26,274.57
2025-06-23 20:00:00+00:00,17.36,17.73,17.36,17.53,239.89
2025-06-23 21:00:00+00:00,17.53,17.64,17.38,17.38,3.46
2025-06-23 22:00:00+00:00,17.46,18.19,17.46,18.04,475.47
2025-06-23 23:00:00+00:00,18.05,18.06,17.98,17.98,2049.34
2025-06-24 00:00:00+00:00,18.12,18.14,17.95,17.95,10.63
2025-06-24 01:00:00+00:00,17.99,18.2,17.98,18.13,31.17
2025-06-24 02:00:00+00:00,18.05,18.09,18.02,18.09,6.79
2025-06-24 03:00:00+00:00,18.02,18.05,18.02,18.05,4.02
2025-06-24 04:00:00+00:00,18.03,18.04,17.99,18.04,7.8
2025-06-24 05:00:00+00:00,18.23,18.29,18.23,18.29,8.56
2025-06-24 06:00:00+00:00,18.31,18.44,18.3,18.44,19.78
2025-06-24 07:00:00+00:00,18.35,18.39,18.08,18.08,7.68
2025-06-24 08:00:00+00:00,18.01,18.04,17.9,18.04,19.25
2025-06-24 09:00:00+00:00,18.03,18.2,18.03,18.2,16.09
2025-06-24 10:00:00+00:00,18.04,18.04,18.04,18.04,0.12
2025-06-24 11:00:00+00:00,17.98,17.98,17.98,17.98,0.1
2025-06-24 12:00:00+00:00,18.02,18.09,18.02,18.09,5.52
2025-06-24 13:00:00+00:00,18.0,18.06,18.0,18.06,3.33
2025-06-24 14:00:00+00:00,18.13,18.2,18.13,18.2,21.47
2025-06-24 15:00:00+00:00,18.07,18.07,18.07,18.07,0.06
2025-06-24 16:00:00+00:00,18.16,18.37,18.14,18.37,31.81
2025-06-24 17:00:00+00:00,18.34,18.34,18.11,18.11,43.62
2025-06-24 18:00:00+00:00,18.02,18.04,18.0,18.04,24.48
2025-06-24 19:00:00+00:00,18.05,18.05,17.95,17.95,219.15
2025-06-24 20:00:00+00:00,17.98,17.98,17.98,17.98,1.39
2025-06-24 21:00:00+00:00,18.08,18.1,18.08,18.1,12.8
2025-06-24 22:00:00+00:00,18.1,18.16,18.1,18.16,38.84
2025-06-24 23:00:00+00:00,18.05,18.2,18.05,18.2,6.73
2025-06-25 00:00:00+00:00,18.24,18.24,18.24,18.24,1.32
2025-06-25 01:00:00+00:00,18.28,18.28,18.18,18.18,3.6
2025-06-25 02:00:00+00:00,18.23,18.33,18.19,18.19,8.35
2025-06-25 03:00:00+00:00,18.2,18.22,18.11,18.22,13.38
2025-06-25 04:00:00+00:00,18.22,18.22,18.22,18.22,0.0
2025-06-25 05:00:00+00:00,18.01,18.04,18.01,18.04,2.62
2025-06-25 06:00:00+00:00,18.04,18.04,18.0,18.0,7.02
2025-06-25 07:00:00+00:00,18.02,18.12,18.0,18.12,29.44
2025-06-25 08:00:00+00:00,17.94,17.94,17.83,17.83,19.74
2025-06-25 09:00:00+00:00,17.93,17.93,17.77,17.77,41.29
2025-06-25 10:00:00+00:00,17.86,17.86,17.82,17.82,1.09
2025-06-25 11:00:00+00:00,17.82,17.82,17.82,17.82,0.0
2025-06-25 12:00:00+00:00,17.89,17.89,17.89,17.89,16.52
2025-06-25 13:00:00+00:00,17.96,18.11,17.96,17.99,50.42
2025-06-25 14:00:00+00:00,17.86,17.86,17.64,17.79,84.58
2025-06-25 15:00:00+00:00,17.71,17.71,17.58,17.58,10.58
2025-06-25 16:00:00+00:00,17.58,17.58,17.58,17.58,0.0
2025-06-25 17:00:00+00:00,17.56,17.56,17.55,17.55,15.93
2025-06-25 18:00:00+00:00,17.61,17.61,17.61,17.61,1.68
2025-06-25 19:00:00+00:00,17.67,17.67,17.67,17.67,1.0
2025-06-25 20:00:00+00:00,17.73,17.73,17.71,17.71,1.69
2025-06-25 21:00:00+00:00,17.71,17.71,17.71,17.71,0.0
2025-06-25 22:00:00+00:00,17.54,17.54,17.47,17.5,13.82
2025-06-25 23:00:00+00:00,17.49,17.49,17.45,17.45,3.07
2025-06-26 00:00:00+00:00,17.55,17.55,17.55,17.55,0.56
2025-06-26 01:00:00+00:00,17.49,17.78,17.49,17.7,7.96
2025-06-26 02:00:00+00:00,17.76,17.83,17.75,17.83,4.28
2025-06-26 03:00:00+00:00,17.87,17.96,17.73,17.73,24.13
2025-06-26 04:00:00+00:00,17.73,17.73,17.73,17.73,0.0
2025-06-26 05:00:00+00:00,17.63,17.63,17.55,17.55,9.51
2025-06-26 06:00:00+00:00,17.62,17.62,17.62,17.62,0.67
2025-06-26 07:00:00+00:00,17.62,17.62,17.62,17.62,0.0
2025-06-26 08:00:00+00:00,17.62,17.62,17.62,17.62,0.0
2025-06-26 09:00:00+00:00,17.54,17.54,17.43,17.43,11.3
2025-06-26 10:00:00+00:00,17.46,17.49,17.46,17.49,1.38
2025-06-26 11:00:00+00:00,17.44,17.44,17.44,17.44,0.29
2025-06-26 12:00:00+00:00,17.38,17.38,17.29,17.29,33.45
2025-06-26 13:00:00+00:00,17.28,17.28,17.17,17.17,12.6
2025-06-26 14:00:00+00:00,17.2,17.35,17.12,17.27,67.88
2025-06-26 15:00:00+00:00,17.11,17.11,17.11,17.11,1.44
2025-06-26 16:00:00+00:00,17.11,17.11,17.11,17.11,0.0
2025-06-26 17:00:00+00:00,17.23,17.23,17.22,17.22,11.26
2025-06-26 18:00:00+00:00,17.27,17.29,17.23,17.23,17.9
2025-06-26 19:00:00+00:00,17.2,17.36,17.19,17.36,14.41
2025-06-26 20:00:00+00:00,17.38,17.56,17.38,17.49,9.34
2025-06-26 21:00:00+00:00,17.23,17.23,17.23,17.23,1.29
2025-06-26 22:00:00+00:00,17.3,17.3,17.2,17.2,5.0
2025-06-26 23:00:00+00:00,17.19,17.22,17.19,17.22,1.38
2025-06-27 00:00:00+00:00,17.21,17.27,17.1,17.1,13.36
2025-06-27 01:00:00+00:00,17.08,17.36,17.04,17.36,34.99
2025-06-27 02:00:00+00:00,17.4,17.5,17.4,17.5,25.41
2025-06-27 03:00:00+00:00,17.5,17.53,17.5,17.53,9.58
2025-06-27 04:00:00+00:00,17.51,17.51,17.5,17.5,1.62
2025-06-27 05:00:00+00:00,17.56,17.56,17.56,17.56,1.2
2025-06-27 06:00:00+00:00,17.39,17.4,17.39,17.4,81.15
2025-06-27 07:00:00+00:00,17.44,17.48,17.37,17.37,29.66
2025-06-27 08:00:00+00:00,17.37,17.37,17.37,17.37,0.0
2025-06-27 09:00:00+00:00,17.52,17.54,17.49,17.51,13.78
2025-06-27 10:00:00+00:00,17.49,17.49,17.49,17.49,1.41
2025-06-27 11:00:00+00:00,17.49,17.49,17.49,17.49,0.1
2025-06-27 12:00:00+00:00,17.48,17.48,17.36,17.36,66.17
2025-06-27 13:00:00+00:00,17.42,17.43,17.42,17.43,78.02
2025-06-27 14:00:00+00:00,17.41,17.41,17.41,17.41,0.1
2025-06-27 15:00:00+00:00,17.41,17.41,17.41,17.41,0.0
2025-06-27 16:00:00+00:00,17.55,17.75,17.52,17.75,17.82
2025-06-27 17:00:00+00:00,17.38,17.38,17.32,17.32,8.79
2025-06-27 18:00:00+00:00,17.32,17.35,17.17,17.17,47.22
2025-06-27 19:00:00+00:00,17.17,17.17,17.17,17.17,0.0
2025-06-27 20:00:00+00:00,17.3,17.39,17.3,17.39,14.09
2025-06-27 21:00:00+00:00,17.52,17.52,17.5,17.5,63.84
2025-06-27 22:00:00+00:00,17.53,17.56,17.53,17.56,15.29
2025-06-27 23:00:00+00:00,17.61,17.61,17.61,17.61,0.1
2025-06-28 00:00:00+00:00,17.59,17.59,17.52,17.52,4.22
2025-06-28 01:00:00+00:00,17.52,17.52,17.52,17.52,0.0
2025-06-28 02:00:00+00:00,17.64,17.64,17.64,17.64,1.41
2025-06-28 03:00:00+00:00,17.6,17.6,17.6,17.6,4.44
2025-06-28 04:00:00+00:00,17.6,17.6,17.6,17.6,0.56
2025-06-28 05:00:00+00:00,17.54,17.54,17.54,17.54,11.2
2025-06-28 06:00:00+00:00,17.54,17.54,17.54,17.54,0.0
2025-06-28 07:00:00+00:00,17.64,17.64,17.64,17.64,0.64
2025-06-28 08:00:00+00:00,17.65,17.68,17.63,17.63,24.57
2025-06-28 09:00:00+00:00,17.59,17.71,17.59,17.71,4.26
2025-06-28 10:00:00+00:00,17.66,17.66,17.66,17.66,12.56
2025-06-28 11:00:00+00:00,17.66,17.66,17.66,17.66,0.0
2025-06-28 12:00:00+00:00,17.66,17.66,17.66,17.66,0.0
2025-06-28 13:00:00+00:00,17.66,17.66,17.66,17.66,0.0
2025-06-28 14:00:00+00:00,17.6,17.6,17.6,17.6,5.14
2025-06-28 15:00:00+00:00,17.64,17.75,17.64,17.75,9.33
2025-06-28 16:00:00+00:00,17.76,17.92,17.76,17.8,35.33
2025-06-28 17:00:00+00:00,17.84,17.98,17.79,17.98,11.77
2025-06-28 18:00:00+00:00,17.9,17.9,17.9,17.9,2.35
2025-06-28 19:00:00+00:00,17.99,18.04,17.97,17.97,11.83
2025-06-28 20:00:00+00:00,17.94,17.94,17.92,17.92,13.61
2025-06-28 21:00:00+00:00,17.91,17.91,17.91,17.91,2.8
2025-06-28 22:00:00+00:00,17.91,17.91,17.91,17.91,0.0
2025-06-28 23:00:00+00:00,18.01,18.01,18.01,18.01,3.98
2025-06-29 00:00:00+00:00,17.96,17.96,17.96,17.96,14.58
2025-06-29 01:00:00+00:00,17.91,17.92,17.91,17.92,19.24
2025-06-29 02:00:00+00:00,17.84,17.88,17.84,17.88,3.74
2025-06-29 03:00:00+00:00,17.86,17.87,17.85,17.85,8.57
2025-06-29 04:00:00+00:00,17.85,17.85,17.85,17.85,0.0
2025-06-29 05:00:00+00:00,17.87,17.87,17.87,17.87,1.45
2025-06-29 06:00:00+00:00,17.92,17.92,17.91,17.91,13.3
2025-06-29 07:00:00+00:00,17.91,17.91,17.91,17.91,0.0
2025-06-29 08:00:00+00:00,18.01,18.05,18.01,18.05,6.75
2025-06-29 09:00:00+00:00,18.06,18.11,18.06,18.11,2.98
2025-06-29 10:00:00+00:00,18.11,18.11,18.11,18.11,0.0
2025-06-29 11:00:00+00:00,18.11,18.11,18.11,18.11,0.0
2025-06-29 12:00:00+00:00,18.02,18.02,17.97,17.97,12.67
2025-06-29 13:00:00+00:00,18.03,18.03,18.03,18.03,0.29
2025-06-29 14:00:00+00:00,17.98,17.98,17.93,17.93,1.1
2025-06-29 15:00:00+00:00,17.84,17.84,17.84,17.84,0.09
2025-06-29 16:00:00+00:00,17.88,17.95,17.88,17.95,9.12
2025-06-29 17:00:00+00:00,17.94,17.94,17.94,17.94,0.28
2025-06-29 18:00:00+00:00,18.07,18.07,18.07,18.07,13.69
2025-06-29 19:00:00+00:00,18.05,18.05,18.05,18.05,2.77
2025-06-29 20:00:00+00:00,18.02,18.02,18.02,18.02,1.38
2025-06-29 21:00:00+00:00,18.02,18.02,18.02,18.02,0.0
2025-06-29 22:00:00+00:00,18.15,18.86,18.15,18.79,644.84
2025-06-29 23:00:00+00:00,18.87,18.88,18.74,18.75,28.87
2025-06-30 00:00:00+00:00,18.78,18.84,18.68,18.68,365.6
2025-06-30 01:00:00+00:00,18.55,18.55,18.49,18.49,6.35
2025-06-30 02:00:00+00:00,18.49,18.49,18.41,18.41,5.08
2025-06-30 03:00:00+00:00,18.38,18.38,18.31,18.31,18.42
2025-06-30 04:00:00+00:00,18.31,18.35,18.16,18.16,1426.92
2025-06-30 05:00:00+00:00,18.19,18.19,18.18,18.18,26.34
2025-06-30 06:00:00+00:00,18.15,18.15,18.06,18.06,11.3
2025-06-30 07:00:00+00:00,18.12,18.12,18.12,18.12,27.53
2025-06-30 08:00:00+00:00,18.22,18.23,18.22,18.23,15.92
2025-06-30 09:00:00+00:00,18.13,18.13,18.13,18.13,4.7
2025-06-30 10:00:00+00:00,18.11,18.11,18.11,18.11,5.64
2025-06-30 11:00:00+00:00,18.11,18.11,18.11,18.11,0.0
2025-06-30 12:00:00+00:00,18.01,18.01,17.94,17.94,58.46
2025-06-30 13:00:00+00:00,18.03,18.03,18.0,18.02,11.34
2025-06-30 14:00:00+00:00,17.95,17.95,17.86,17.86,21.06
2025-06-30 15:00:00+00:00,17.89,18.08,17.74,18.08,205.0
2025-06-30 16:00:00+00:00,18.05,18.08,17.93,18.02,77.82
2025-06-30 17:00:00+00:00,18.0,18.0,18.0,18.0,0.28
2025-06-30 18:00:00+00:00,18.03,18.03,17.94,17.94,27.1
2025-06-30 19:00:00+00:00,17.99,18.24,17.99,18.24,261.05
2025-06-30 20:00:00+00:00,18.19,18.24,18.13,18.13,20.39
2025-06-30 21:00:00+00:00,18.11,18.11,17.92,17.95,57.13
2025-06-30 22:00:00+00:00,17.96,17.96,17.96,17.96,6.04
2025-06-30 23:00:00+00:00,17.94,18.0,17.93,17.95,36.19
2025-07-01 00:00:00+00:00,17.94,17.94,17.9,17.94,38.48
2025-07-01 01:00:00+00:00,17.92,17.98,17.92,17.98,30.0
2025-07-01 02:00:00+00:00,17.89,17.89,17.76,17.77,35.98
2025-07-01 03:00:00+00:00,17.85,17.85,17.85,17.85,27.95
2025-07-01 04:00:00+00:00,17.73,17.73,17.58,17.58,23.49
2025-07-01 05:00:00+00:00,17.56,17.56,17.45,17.45,57.45
2025-07-01 06:00:00+00:00,17.48,17.58,17.46,17.58,2.07
2025-07-01 07:00:00+00:00,17.59,17.59,17.5,17.51,9.46
2025-07-01 08:00:00+00:00,17.64,17.64,17.64,17.64,0.86
2025-07-01 09:00:00+00:00,17.63,17.63,17.58,17.58,6.85
2025-07-01 10:00:00+00:00,17.63,17.63,17.63,17.63,0.1
2025-07-01 11:00:00+00:00,17.49,17.49,17.49,17.49,1.43
2025-07-01 12:00:00+00:00,17.43,17.46,17.43,17.46,2.26
2025-07-01 13:00:00+00:00,17.41,17.44,17.31,17.44,52.02
2025-07-01 14:00:00+00:00,17.41,17.45,17.28,17.28,20.29
2025-07-01 15:00:00+00:00,17.28,17.28,17.22,17.22,15.53
2025-07-01 16:00:00+00:00,17.33,17.46,17.28,17.28,188.77
2025-07-01 17:00:00+00:00,17.28,17.28,17.22,17.22,64.46
2025-07-01 18:00:00+00:00,17.24,17.24,17.08,17.08,27.72
2025-07-01 19:00:00+00:00,17.07,17.19,17.07,17.19,30.21
2025-07-01 20:00:00+00:00,17.05,17.13,17.05,17.11,115.03
2025-07-01 21:00:00+00:00,17.04,17.05,17.04,17.05,1.68
2025-07-01 22:00:00+00:00,17.0,17.0,16.99,16.99,6.18
2025-07-01 23:00:00+00:00,16.99,17.11,16.99,17.11,144.73
2025-07-02 00:00:00+00:00,17.1,17.1,17.1,17.1,1.46
2025-07-02 01:00:00+00:00,17.06,17.22,16.99,17.22,23.28
2025-07-02 02:00:00+00:00,17.2,17.2,17.2,17.2,0.27
2025-07-02 03:00:00+00:00,17.18,17.3,17.18,17.3,1.33
2025-07-02 04:00:00+00:00,17.36,17.46,17.36,17.46,10.9
2025-07-02 05:00:00+00:00,17.49,17.56,17.49,17.54,9.87
2025-07-02 06:00:00+00:00,17.47,17.59,17.46,17.59,47.86
2025-07-02 07:00:00+00:00,17.6,17.6,17.58,17.58,28.45
2025-07-02 08:00:00+00:00,17.58,17.58,17.58,17.58,0.0
2025-07-02 09:00:00+00:00,17.57,17.59,17.55,17.59,72.21
2025-07-02 10:00:00+00:00,17.54,17.57,17.54,17.56,107.79
2025-07-02 11:00:00+00:00,17.64,17.67,17.64,17.67,8.75
2025-07-02 12:00:00+00:00,17.67,17.67,17.67,17.67,0.0
2025-07-02 13:00:00+00:00,17.55,17.69,17.55,17.69,14.35
2025-07-02 14:00:00+00:00,17.66,17.82,17.66,17.82,117.33
2025-07-02 15:00:00+00:00,17.82,18.01,17.82,18.01,44.56
2025-07-02 16:00:00+00:00,18.01,18.55,18.01,18.54,263.49
2025-07-02 17:00:00+00:00,18.56,18.76,18.43,18.43,94.17
2025-07-02 18:00:00+00:00,18.54,18.74,18.54,18.62,93.44
2025-07-02 19:00:00+00:00,18.62,18.62,18.62,18.62,12.69
2025-07-02 20:00:00+00:00,18.65,18.76,18.6,18.6,340.53
2025-07-02 21:00:00+00:00,18.69,18.69,18.69,18.69,2.37
2025-07-02 22:00:00+00:00,18.66,18.76,18.6,18.68,549.42
2025-07-02 23:00:00+00:00,18.67,18.67,18.5,18.5,47.7
2025-07-03 00:00:00+00:00,18.6,18.6,18.48,18.6,18.38
2025-07-03 01:00:00+00:00,18.56,18.62,18.56,18.62,86.77
2025-07-03 02:00:00+00:00,18.61,18.61,18.46,18.51,54.49
2025-07-03 03:00:00+00:00,18.59,18.63,18.59,18.61,5.74
2025-07-03 04:00:00+00:00,18.55,18.71,18.55,18.71,41.3
2025-07-03 05:00:00+00:00,18.75,18.98,18.75,18.94,376.05
2025-07-03 06:00:00+00:00,18.98,19.11,18.98,19.11,103.82
2025-07-03 07:00:00+00:00,19.08,19.08,19.05,19.08,10.33
2025-07-03 08:00:00+00:00,19.05,19.05,18.97,18.97,56.83
2025-07-03 09:00:00+00:00,18.95,18.99,18.93,18.99,93.06
2025-07-03 10:00:00+00:00,18.95,18.95,18.84,18.84,10.81
2025-07-03 11:00:00+00:00,18.69,18.75,18.68,18.73,39.91
2025-07-03 12:00:00+00:00,18.72,18.82,18.59,18.6,108.46
2025-07-03 13:00:00+00:00,18.81,18.92,18.81,18.9,22.37
2025-07-03 14:00:00+00:00,18.93,18.93,18.7,18.7,64.52
2025-07-03 15:00:00+00:00,18.62,18.62,18.36,18.36,37.68
2025-07-03 16:00:00+00:00,18.41,18.49,18.4,18.49,19.71
2025-07-03 17:00:00+00:00,18.52,18.54,18.52,18.53,16.9
2025-07-03 18:00:00+00:00,18.58,18.58,18.55,18.55,9.76
2025-07-03 19:00:00+00:00,18.55,18.55,18.5,18.5,53.8
2025-07-03 20:00:00+00:00,18.57,18.6,18.57,18.6,223.75
2025-07-03 21:00:00+00:00,18.62,18.62,18.62,18.62,0.54
2025-07-03 22:00:00+00:00,18.65,18.65,18.62,18.62,2.81
2025-07-03 23:00:00+00:00,18.5,18.53,18.49,18.5,13.77
2025-07-04 00:00:00+00:00,18.57,18.59,18.53,18.53,109.8
2025-07-04 01:00:00+00:00,18.6,18.75,18.6,18.75,51.29
2025-07-04 02:00:00+00:00,18.76,18.8,18.71,18.71,155.44
2025-07-04 03:00:00+00:00,18.78,18.78,18.78,18.78,7.45
2025-07-04 04:00:00+00:00,18.7,18.7,18.7,18.7,1.07
2025-07-04 05:00:00+00:00,18.7,18.7,18.7,18.7,0.0
2025-07-04 06:00:00+00:00,18.38,18.39,18.38,18.39,1.42
2025-07-04 07:00:00+00:00,18.39,18.39,18.13,18.13,161.96
2025-07-04 08:00:00+00:00,18.1,18.16,17.97,18.16,29.57
2025-07-04 09:00:00+00:00,18.16,18.16,18.09,18.1,14.54
2025-07-04 10:00:00+00:00,18.1,18.1,18.1,18.1,0.0
2025-07-04 11:00:00+00:00,18.1,18.1,18.1,18.1,0.0
2025-07-04 12:00:00+00:00,18.17,18.17,18.1,18.1,29.36
2025-07-04 13:00:00+00:00,18.03,18.03,17.95,17.99,44.4
2025-07-04 14:00:00+00:00,17.92,17.93,17.8,17.89,1809.21
2025-07-04 15:00:00+00:00,17.88,17.88,17.7,17.72,29.11
2025-07-04 16:00:00+00:00,17.69,17.69,17.52,17.61,50.37
2025-07-04 17:00:00+00:00,17.72,17.9,17.63,17.66,373.51
2025-07-04 18:00:00+00:00,17.65,17.73,17.55,17.69,543.33
2025-07-04 19:00:00+00:00,17.7,17.7,17.7,17.7,13.7
2025-07-04 20:00:00+00:00,17.7,17.7,17.66,17.66,15.58
2025-07-04 21:00:00+00:00,17.7,17.7,17.7,17.7,3.79
2025-07-04 22:00:00+00:00,17.77,17.84,17.77,17.84,30.73
2025-07-04 23:00:00+00:00,17.84,17.84,17.84,17.84,0.0
2025-07-05 00:00:00+00:00,17.8,17.82,17.79,17.79,52.81
2025-07-05 01:00:00+00:00,17.7,17.7,17.7,17.7,2.91
2025-07-05 02:00:00+00:00,17.74,17.74,17.68,17.68,16.61
2025-07-05 03:00:00+00:00,17.84,17.86,17.81,17.81,5.66
2025-07-05 04:00:00+00:00,17.83,17.83,17.83,17.83,14.77
2025-07-05 05:00:00+00:00,17.77,17.77,17.77,17.77,0.11
2025-07-05 06:00:00+00:00,17.77,17.9,17.77,17.9,139.41
2025-07-05 07:00:00+00:00,17.9,17.9,17.9,17.9,0.0
2025-07-05 08:00:00+00:00,17.9,17.9,17.9,17.9,0.0
2025-07-05 09:00:00+00:00,17.9,17.9,17.9,17.9,0.0
2025-07-05 10:00:00+00:00,17.82,17.82,17.8,17.8,15.58
2025-07-05 11:00:00+00:00,17.89,17.9,17.89,17.9,39.25
2025-07-05 12:00:00+00:00,17.85,17.85,17.85,17.85,12.14
2025-07-05 13:00:00+00:00,17.9,17.9,17.9,17.9,2.7
2025-07-05 14:00:00+00:00,17.88,17.88,17.88,17.88,1.9
2025-07-05 15:00:00+00:00,17.88,17.88,17.88,17.88,0.0
2025-07-05 16:00:00+00:00,17.81,17.81,17.81,17.81,0.11
2025-07-05 17:00:00+00:00,17.81,17.81,17.75,17.77,8.36
2025-07-05 18:00:00+00:00,17.66,17.66,17.66,17.66,14.22
2025-07-05 19:00:00+00:00,17.64,17.72,17.64,17.72,0.77
2025-07-05 20:00:00+00:00,17.79,17.86,17.76,17.85,77.53
2025-07-05 21:00:00+00:00,17.85,17.85,17.85,17.85,0.0
2025-07-05 22:00:00+00:00,17.85,17.93,17.85,17.93,24.21
2025-07-05 23:00:00+00:00,17.93,17.93,17.92,17.92,4.77
2025-07-06 00:00:00+00:00,17.92,17.92,17.92,17.92,0.0
2025-07-06 01:00:00+00:00,17.92,17.92,17.92,17.92,0.0
2025-07-06 02:00:00+00:00,17.92,17.92,17.92,17.92,0.0
2025-07-06 03:00:00+00:00,17.81,17.81,17.81,17.81,14.3
2025-07-06 04:00:00+00:00,17.84,17.84,17.84,17.84,5.6
2025-07-06 05:00:00+00:00,17.84,17.84,17.84,17.84,0.0
2025-07-06 06:00:00+00:00,17.84,17.84,17.84,17.84,0.0
2025-07-06 07:00:00+00:00,17.84,17.84,17.84,17.84,0.0
2025-07-06 08:00:00+00:00,17.84,17.84,17.84,17.84,0.0
2025-07-06 09:00:00+00:00,17.79,17.8,17.79,17.8,12.41
2025-07-06 10:00:00+00:00,17.8,17.8,17.8,17.8,0.0
2025-07-06 11:00:00+00:00,17.8,17.8,17.8,17.8,0.0
2025-07-06 12:00:00+00:00,17.96,17.99,17.96,17.99,15.98
2025-07-06 13:00:00+00:00,18.0,18.27,18.0,18.19,36.73
2025-07-06 14:00:00+00:00,18.15,18.17,18.07,18.08,1585.77
2025-07-06 15:00:00+00:00,18.2,18.21,18.12,18.14,99.05
2025-07-06 16:00:00+00:00,18.23,18.23,18.23,18.23,0.79
2025-07-06 17:00:00+00:00,18.28,18.28,18.26,18.28,1.8
2025-07-06 18:00:00+00:00,18.28,18.28,18.28,18.28,0.0
2025-07-06 19:00:00+00:00,18.12,18.17,18.12,18.17,0.39
2025-07-06 20:00:00+00:00,18.26,18.26,18.17,18.17,96.63
2025-07-06 21:00:00+00:00,18.23,18.49,18.23,18.32,97.49
2025-07-06 22:00:00+00:00,18.51,18.6,18.47,18.49,69.21
2025-07-06 23:00:00+00:00,18.37,18.38,18.32,18.32,6.71
2025-07-07 00:00:00+00:00,18.26,18.31,18.22,18.29,91.66
2025-07-07 01:00:00+00:00,18.34,18.36,18.23,18.33,120.6
2025-07-07 02:00:00+00:00,18.37,18.48,18.37,18.48,40.42
2025-07-07 03:00:00+00:00,18.49,18.49,18.49,18.49,0.41
2025-07-07 04:00:00+00:00,18.36,18.36,18.32,18.32,12.36
2025-07-07 05:00:00+00:00,18.34,18.34,18.33,18.33,1.08
2025-07-07 06:00:00+00:00,18.28,18.28,18.15,18.15,17.63
2025-07-07 07:00:00+00:00,18.14,18.2,18.13,18.2,3.73
2025-07-07 08:00:00+00:00,18.29,18.29,18.29,18.29,0.78
2025-07-07 09:00:00+00:00,18.27,18.27,18.2,18.2,18.57
2025-07-07 10:00:00+00:00,18.17,18.18,18.17,18.18,22.4
2025-07-07 11:00:00+00:00,18.17,18.17,18.17,18.17,10.65
2025-07-07 12:00:00+00:00,18.1,18.11,18.08,18.1,11.11
2025-07-07 13:00:00+00:00,18.06,18.06,18.06,18.06,2.09
2025-07-07 14:00:00+00:00,18.22,18.22,17.97,18.02,142.91
2025-07-07 15:00:00+00:00,18.04,18.08,18.02,18.02,17.93
2025-07-07 16:00:00+00:00,18.02,18.02,17.88,17.97,83.22
2025-07-07 17:00:00+00:00,17.91,17.96,17.88,17.96,83.74
2025-07-07 18:00:00+00:00,17.95,17.95,17.85,17.85,6.55
2025-07-07 19:00:00+00:00,18.02,18.08,18.02,18.05,96.69
2025-07-07 20:00:00+00:00,17.92,17.94,17.89,17.9,32.4
2025-07-07 21:00:00+00:00,17.83,17.95,17.8,17.95,12.67
2025-07-07 22:00:00+00:00,17.93,17.93,17.93,17.93,0.33
2025-07-07 23:00:00+00:00,17.88,17.94,17.88,17.9,24.17
2025-07-08 00:00:00+00:00,18.05,18.05,17.97,17.97,30.92
2025-07-08 01:00:00+00:00,17.87,17.88,17.79,17.79,4.44
2025-07-08 02:00:00+00:00,17.84,17.85,17.77,17.77,14.04
2025-07-08 03:00:00+00:00,17.82,17.83,17.82,17.82,18.46
2025-07-08 04:00:00+00:00,17.75,17.79,17.71,17.76,63.9
2025-07-08 05:00:00+00:00,17.76,17.76,17.75,17.75,25.15
2025-07-08 06:00:00+00:00,17.89,17.89,17.89,17.89,14.65
2025-07-08 07:00:00+00:00,17.77,17.77,17.77,17.77,2.55
2025-07-08 08:00:00+00:00,17.92,17.93,17.88,17.88,40.74
2025-07-08 09:00:00+00:00,17.84,17.84,17.84,17.84,6.27
2025-07-08 10:00:00+00:00,17.95,18.1,17.95,18.1,11.27
2025-07-08 11:00:00+00:00,18.15,18.27,18.15,18.17,37.64
2025-07-08 12:00:00+00:00,18.16,18.2,18.16,18.2,14.23
2025-07-08 13:00:00+00:00,18.11,18.12,18.11,18.12,25.51
2025-07-08 14:00:00+00:00,18.21,18.21,18.06,18.06,60.76
2025-07-08 15:00:00+00:00,18.05,18.09,18.0,18.0,4.02
2025-07-08 16:00:00+00:00,18.0,18.09,17.94,18.09,33.65
2025-07-08 17:00:00+00:00,18.12,18.37,18.12,18.3,76.1
2025-07-08 18:00:00+00:00,18.41,18.46,18.41,18.46,15.34
2025-07-08 19:00:00+00:00,18.46,18.46,18.35,18.35,0.81
2025-07-08 20:00:00+00:00,18.34,18.39,18.34,18.39,8.05
2025-07-08 21:00:00+00:00,18.39,18.39,18.39,18.39,0.0
2025-07-08 22:00:00+00:00,18.34,18.35,18.34,18.35,16.3
2025-07-08 23:00:00+00:00,18.35,18.4,18.3,18.3,57.25
2025-07-09 00:00:00+00:00,18.35,18.35,18.35,18.35,0.25
2025-07-09 01:00:00+00:00,18.27,18.29,18.1,18.15,9.82
2025-07-09 02:00:00+00:00,18.12,18.12,18.12,18.12,3.58
2025-07-09 03:00:00+00:00,18.23,18.23,18.23,18.23,0.54
2025-07-09 04:00:00+00:00,18.13,18.23,18.13,18.23,13.18
2025-07-09 05:00:00+00:00,18.31,18.51,18.31,18.45,33.88
2025-07-09 06:00:00+00:00,18.4,18.4,18.4,18.4,1.07
2025-07-09 07:00:00+00:00,18.43,18.43,18.39,18.4,18.1
2025-07-09 08:00:00+00:00,18.43,18.43,18.43,18.43,15.53
2025-07-09 09:00:00+00:00,18.36,18.36,18.33,18.33,16.44
2025-07-09 10:00:00+00:00,18.37,18.37,18.37,18.37,0.54
2025-07-09 11:00:00+00:00,18.51,18.51,18.51,18.51,1.1
2025-07-09 12:00:00+00:00,18.54,18.68,18.47,18.65,44.11
2025-07-09 13:00:00+00:00,18.65,18.69,18.6,18.65,143.0
2025-07-09 14:00:00+00:00,18.56,18.7,18.41,18.7,100.03
2025-07-09 15:00:00+00:00,18.56,18.59,18.52,18.52,58.75
2025-07-09 16:00:00+00:00,18.52,18.68,18.5,18.68,51.58
2025-07-09 17:00:00+00:00,18.68,18.68,18.51,18.51,17.36
2025-07-09 18:00:00+00:00,18.64,18.73,18.64,18.69,14.55
2025-07-09 19:00:00+00:00,18.67,19.14,18.67,19.1,69.78
2025-07-09 20:00:00+00:00,19.15,19.31,18.98,19.26,282.07
2025-07-09 21:00:00+00:00,19.33,19.62,19.33,19.42,58.21
2025-07-09 22:00:00+00:00,19.51,19.57,19.51,19.55,44.84
2025-07-09 23:00:00+00:00,19.57,19.58,19.5,19.5,204.55
2025-07-10 00:00:00+00:00,19.55,19.56,19.45,19.45,106.15
2025-07-10 01:00:00+00:00,19.4,19.5,19.39,19.46,98.78
2025-07-10 02:00:00+00:00,19.51,19.59,19.47,19.51,35.54
2025-07-10 03:00:00+00:00,19.51,19.51,19.51,19.51,31.17
2025-07-10 04:00:00+00:00,19.44,19.46,19.43,19.46,18.94
2025-07-10 05:00:00+00:00,19.41,19.41,19.41,19.41,7.83
2025-07-10 06:00:00+00:00,19.41,19.41,19.41,19.41,0.0
2025-07-10 07:00:00+00:00,19.51,19.51,19.51,19.51,5.28
2025-07-10 08:00:00+00:00,19.58,19.58,19.58,19.58,0.65
2025-07-10 09:00:00+00:00,19.51,19.51,19.51,19.51,2.34
2025-07-10 10:00:00+00:00,19.51,19.51,19.51,19.51,0.0
2025-07-10 11:00:00+00:00,19.56,19.56,19.56,19.56,1.05
2025-07-10 12:00:00+00:00,19.56,19.64,19.56,19.64,12.28
2025-07-10 13:00:00+00:00,19.65,19.67,19.55,19.58,36.61
2025-07-10 14:00:00+00:00,19.48,19.48,19.42,19.48,3.15
2025-07-10 15:00:00+00:00,19.48,19.48,19.48,19.48,0.0
2025-07-10 16:00:00+00:00,19.6,19.79,19.6,19.79,30.81
2025-07-10 17:00:00+00:00,19.71,19.94,19.66,19.91,214.73
2025-07-10 18:00:00+00:00,19.91,19.95,19.72,19.87,124.36
2025-07-10 19:00:00+00:00,19.86,19.86,19.69,19.78,116.1
2025-07-10 20:00:00+00:00,19.89,19.9,19.89,19.9,2.0
2025-07-10 21:00:00+00:00,19.96,20.56,19.96,20.48,602.17
2025-07-10 22:00:00+00:00,20.52,20.72,20.52,20.68,122.15
2025-07-10 23:00:00+00:00,20.71,20.79,20.62,20.62,92.9
2025-07-11 00:00:00+00:00,20.72,20.77,20.52,20.62,17.41
2025-07-11 01:00:00+00:00,20.67,20.8,20.67,20.8,65.11
2025-07-11 02:00:00+00:00,20.8,20.89,20.8,20.81,14.59
2025-07-11 03:00:00+00:00,20.85,20.87,20.79,20.87,27.43
2025-07-11 04:00:00+00:00,20.9,20.95,20.9,20.95,26.09
2025-07-11 05:00:00+00:00,20.93,21.21,20.91,21.07,397.24
2025-07-11 06:00:00+00:00,21.05,21.12,20.8,20.8,31.36
2025-07-11 07:00:00+00:00,20.77,20.88,20.77,20.88,17.0
2025-07-11 08:00:00+00:00,20.88,20.9,20.88,20.9,14.82
2025-07-11 09:00:00+00:00,20.98,21.14,20.98,21.05,4.43
2025-07-11 10:00:00+00:00,21.12,21.16,21.12,21.12,12.84
2025-07-11 11:00:00+00:00,21.05,21.07,20.93,21.0,2.88
2025-07-11 12:00:00+00:00,21.05,21.12,20.97,21.12,879.92
2025-07-11 13:00:00+00:00,21.19,21.36,21.0,21.36,177.85
2025-07-11 14:00:00+00:00,21.34,21.49,21.19,21.25,53.01
2025-07-11 15:00:00+00:00,21.29,21.47,20.9,20.9,62.85
2025-07-11 16:00:00+00:00,20.95,21.12,20.84,21.05,24.31
2025-07-11 17:00:00+00:00,21.12,21.31,21.12,21.31,54.89
2025-07-11 18:00:00+00:00,21.33,21.38,21.24,21.24,55.31
2025-07-11 19:00:00+00:00,21.26,21.3,21.19,21.3,2.41
2025-07-11 20:00:00+00:00,21.29,21.29,21.05,21.05,4.63
2025-07-11 21:00:00+00:00,21.02,21.03,20.69,20.69,260.92
2025-07-11 22:00:00+00:00,20.85,20.85,20.35,20.55,117.47
2025-07-11 23:00:00+00:00,20.59,20.7,20.59,20.64,8.25
2025-07-12 00:00:00+00:00,20.63,20.63,20.4,20.41,21.7
2025-07-12 01:00:00+00:00,20.55,20.86,20.55,20.86,12.17
2025-07-12 02:00:00+00:00,20.87,21.01,20.87,21.01,35.04
2025-07-12 03:00:00+00:00,20.93,20.94,20.79,20.79,8.58
2025-07-12 04:00:00+00:00,20.79,20.82,20.64,20.64,20.8
2025-07-12 05:00:00+00:00,20.65,20.72,20.36,20.7,392.01
2025-07-12 06:00:00+00:00,20.7,20.85,20.7,20.79,23.0
2025-07-12 07:00:00+00:00,20.87,20.89,20.82,20.89,31.25
2025-07-12 08:00:00+00:00,20.89,20.92,20.75,20.75,16.68
2025-07-12 09:00:00+00:00,20.75,20.93,20.75,20.82,16.53
2025-07-12 10:00:00+00:00,20.96,20.96,20.96,20.96,0.44
2025-07-12 11:00:00+00:00,20.97,21.05,20.96,20.98,292.88
2025-07-12 12:00:00+00:00,20.85,20.92,20.52,20.6,88.11
2025-07-12 13:00:00+00:00,20.57,20.6,20.45,20.45,11.09
2025-07-12 14:00:00+00:00,20.7,20.86,20.7,20.7,24.36
2025-07-12 15:00:00+00:00,20.61,20.61,20.19,20.19,76.55
2025-07-12 16:00:00+00:00,20.4,20.55,20.4,20.45,23.29
2025-07-12 17:00:00+00:00,20.58,20.83,20.58,20.83,130.1
2025-07-12 18:00:00+00:00,20.75,20.75,20.74,20.75,41.9
2025-07-12 19:00:00+00:00,20.74,20.77,20.72,20.76,2.82
2025-07-12 20:00:00+00:00,20.64,20.65,20.45,20.45,3.03
2025-07-12 21:00:00+00:00,20.45,20.45,20.45,20.45,0.0
2025-07-12 22:00:00+00:00,20.58,20.74,20.39,20.68,1772.77
2025-07-12 23:00:00+00:00,20.62,20.83,20.6,20.64,284.99
2025-07-13 00:00:00+00:00,20.78,20.93,20.75,20.92,316.36
2025-07-13 01:00:00+00:00,20.93,21.06,20.89,21.06,32.0
2025-07-13 02:00:00+00:00,21.07,21.11,20.98,21.04,155.27
2025-07-13 03:00:00+00:00,21.01,21.16,20.97,21.12,7.46
2025-07-13 04:00:00+00:00,21.05,21.16,20.98,21.16,8.65
2025-07-13 05:00:00+00:00,21.17,21.17,21.1,21.1,2.79
2025-07-13 06:00:00+00:00,21.18,21.19,21.1,21.1,48.53
2025-07-13 07:00:00+00:00,21.19,21.28,21.19,21.28,16.02
2025-07-13 08:00:00+00:00,21.31,21.34,21.21,21.25,13.35
2025-07-13 09:00:00+00:00,21.34,21.36,21.19,21.19,60.68
2025-07-13 10:00:00+00:00,21.24,21.24,21.12,21.12,1.79
2025-07-13 11:00:00+00:00,21.19,21.19,21.19,21.19,0.27
2025-07-13 12:00:00+00:00,21.17,21.35,21.17,21.35,18.25
2025-07-13 13:00:00+00:00,21.35,21.35,21.35,21.35,0.0
2025-07-13 14:00:00+00:00,21.37,21.63,21.29,21.33,147.57
2025-07-13 15:00:00+00:00,21.35,21.54,21.23,21.23,66.18
2025-07-13 16:00:00+00:00,21.34,21.34,21.13,21.19,36.71
2025-07-13 17:00:00+00:00,21.12,21.44,21.11,21.44,23.02
2025-07-13 18:00:00+00:00,21.39,21.66,21.38,21.66,118.49
2025-07-13 19:00:00+00:00,21.67,21.76,21.5,21.56,489.55
2025-07-13 20:00:00+00:00,21.52,21.56,21.47,21.47,7.11
2025-07-13 21:00:00+00:00,21.43,21.43,21.04,21.19,113.02
2025-07-13 22:00:00+00:00,21.14,21.14,21.0,21.05,34.98
2025-07-13 23:00:00+00:00,21.08,21.19,21.07,21.19,11.51
2025-07-14 00:00:00+00:00,21.24,21.38,21.24,21.38,44.93
2025-07-14 01:00:00+00:00,21.23,21.47,21.23,21.47,2.44
2025-07-14 02:00:00+00:00,21.5,21.67,21.41,21.67,35.2
2025-07-14 03:00:00+00:00,21.67,22.01,21.67,21.8,957.59
2025-07-14 04:00:00+00:00,21.79,22.07,21.77,22.07,126.82
2025-07-14 05:00:00+00:00,22.06,22.08,21.59,21.71,163.85
2025-07-14 06:00:00+00:00,21.8,21.8,21.8,21.8,0.14
2025-07-14 07:00:00+00:00,21.77,21.93,21.77,21.93,175.99
2025-07-14 08:00:00+00:00,21.68,21.76,21.65,21.76,1.56
2025-07-14 09:00:00+00:00,21.82,21.85,21.82,21.82,35.42
2025-07-14 10:00:00+00:00,21.68,21.82,21.68,21.82,0.52
2025-07-14 11:00:00+00:00,21.74,21.74,21.71,21.74,10.03
2025-07-14 12:00:00+00:00,21.68,21.7,21.6,21.7,31.77
2025-07-14 13:00:00+00:00,21.8,21.9,21.65,21.89,25.99
2025-07-14 14:00:00+00:00,21.9,21.95,21.65,21.72,39.24
2025-07-14 15:00:00+00:00,21.65,21.65,21.33,21.46,452.67
2025-07-14 16:00:00+00:00,21.41,21.61,21.39,21.61,73.47
2025-07-14 17:00:00+00:00,21.56,21.56,21.46,21.49,48.67
2025-07-14 18:00:00+00:00,21.28,21.3,21.02,21.19,431.9
2025-07-14 19:00:00+00:00,21.27,21.27,21.19,21.19,17.6
2025-07-14 20:00:00+00:00,21.12,21.32,21.07,21.32,49.09
2025-07-14 21:00:00+00:00,21.3,21.39,21.3,21.39,17.01
2025-07-14 22:00:00+00:00,21.37,21.37,21.29,21.3,8.32
2025-07-14 23:00:00+00:00,21.19,21.27,21.19,21.26,100.94
2025-07-15 00:00:00+00:00,21.25,21.25,21.12,21.12,5.35
2025-07-15 01:00:00+00:00,21.02,21.19,20.86,21.0,346.52
2025-07-15 02:00:00+00:00,20.98,20.98,20.79,20.88,31.33
2025-07-15 03:00:00+00:00,20.81,20.81,20.5,20.56,180.53
2025-07-15 04:00:00+00:00,20.57,20.69,20.55,20.69,2249.11
2025-07-15 05:00:00+00:00,20.69,20.69,20.69,20.69,0.0
2025-07-15 06:00:00+00:00,20.69,20.69,20.69,20.69,0.0
2025-07-15 07:00:00+00:00,20.88,20.88,20.88,20.88,9.19
2025-07-15 08:00:00+00:00,20.69,21.01,20.67,20.96,20.08
2025-07-15 09:00:00+00:00,21.04,21.4,21.04,21.4,58.77
2025-07-15 10:00:00+00:00,21.46,21.47,21.12,21.13,37.4
2025-07-15 11:00:00+00:00,21.13,21.13,20.98,20.98,26.19
2025-07-15 12:00:00+00:00,21.12,21.23,20.86,20.94,37.06
2025-07-15 13:00:00+00:00,21.12,21.28,21.0,21.23,14.55
2025-07-15 14:00:00+00:00,21.12,21.19,20.77,20.77,50.01
2025-07-15 15:00:00+00:00,20.74,21.24,20.74,21.24,8.38
2025-07-15 16:00:00+00:00,21.28,21.33,21.22,21.31,264.69
2025-07-15 17:00:00+00:00,21.34,21.75,21.34,21.75,345.31
2025-07-15 18:00:00+00:00,21.77,21.85,21.31,21.36,76.62
2025-07-15 19:00:00+00:00,21.41,21.41,21.19,21.19,33.8
2025-07-15 20:00:00+00:00,21.43,21.57,21.43,21.57,8.1
2025-07-15 21:00:00+00:00,21.67,21.98,21.67,21.98,104.57
2025-07-15 22:00:00+00:00,22.0,22.22,21.99,22.22,232.97
2025-07-15 23:00:00+00:00,22.25,22.54,22.25,22.54,207.96
2025-07-16 00:00:00+00:00,22.49,22.49,21.69,22.31,562.37
2025-07-16 01:00:00+00:00,22.23,22.38,22.15,22.15,71.49
2025-07-16 02:00:00+00:00,22.1,22.1,21.82,21.82,28.15
2025-07-16 03:00:00+00:00,21.78,21.88,21.75,21.75,12.07
2025-07-16 04:00:00+00:00,21.71,21.92,21.67,21.92,26.74
2025-07-16 05:00:00+00:00,21.96,21.96,21.95,21.95,1.42
2025-07-16 06:00:00+00:00,21.85,21.85,21.85,21.85,0.34
2025-07-16 07:00:00+00:00,21.99,22.07,21.96,22.0,249.25
2025-07-16 08:00:00+00:00,22.0,22.0,21.92,21.92,56.26
2025-07-16 09:00:00+00:00,22.02,22.1,22.02,22.06,38.49
2025-07-16 10:00:00+00:00,22.02,22.02,22.02,22.02,1.08
2025-07-16 11:00:00+00:00,21.99,21.99,21.99,21.99,5.86
2025-07-16 12:00:00+00:00,22.03,22.18,22.02,22.04,20.63
2025-07-16 13:00:00+00:00,22.02,22.11,21.99,22.0,222.86
2025-07-16 14:00:00+00:00,21.98,22.34,21.98,22.28,17.79
2025-07-16 15:00:00+00:00,22.34,22.36,21.96,22.04,406.43
2025-07-16 16:00:00+00:00,22.11,22.56,22.11,22.39,321.59
2025-07-16 17:00:00+00:00,22.38,22.52,22.31,22.5,161.57
2025-07-16 18:00:00+00:00,22.51,23.0,22.51,22.57,443.54
2025-07-16 19:00:00+00:00,22.6,22.61,22.5,22.6,55.05
2025-07-16 20:00:00+00:00,22.66,22.92,22.64,22.76,163.47
2025-07-16 21:00:00+00:00,22.84,22.99,22.76,22.84,1214.22
2025-07-16 22:00:00+00:00,22.91,22.92,22.68,22.68,29.53
2025-07-16 23:00:00+00:00,22.62,22.7,22.48,22.7,22.21
2025-07-17 00:00:00+00:00,22.65,22.86,22.65,22.68,23.88
2025-07-17 01:00:00+00:00,22.66,22.66,22.1,22.1,88.6
2025-07-17 02:00:00+00:00,22.31,22.42,22.25,22.39,31.6
2025-07-17 03:00:00+00:00,22.31,22.31,22.04,22.12,22.5
2025-07-17 04:00:00+00:00,22.21,22.26,22.2,22.22,11.13
2025-07-17 05:00:00+00:00,22.31,22.5,22.31,22.5,181.95
2025-07-17 06:00:00+00:00,22.52,22.76,22.52,22.76,27.04
2025-07-17 07:00:00+00:00,22.68,22.7,22.5,22.69,14.41
2025-07-17 08:00:00+00:00,22.76,22.76,22.76,22.76,0.25
2025-07-17 09:00:00+00:00,22.8,23.18,22.8,23.18,257.28
2025-07-17 10:00:00+00:00,23.21,23.21,22.98,22.98,33.2
2025-07-17 11:00:00+00:00,22.95,22.98,22.84,22.92,31.68
2025-07-17 12:00:00+00:00,22.84,23.02,22.76,23.02,68.32
2025-07-17 13:00:00+00:00,22.92,22.96,22.46,22.71,47.18
2025-07-17 14:00:00+00:00,22.76,22.92,22.68,22.84,20.31
2025-07-17 15:00:00+00:00,22.76,22.76,22.52,22.71,568.57
2025-07-17 16:00:00+00:00,22.76,22.76,22.31,22.49,67.7
2025-07-17 17:00:00+00:00,22.54,22.68,22.48,22.68,21.78
2025-07-17 18:00:00+00:00,22.76,22.76,22.68,22.76,2.94
2025-07-17 19:00:00+00:00,22.84,22.92,22.5,22.5,165.57
2025-07-17 20:00:00+00:00,22.38,22.52,22.22,22.52,20.74
2025-07-17 21:00:00+00:00,22.68,22.94,22.68,22.76,156.49
2025-07-17 22:00:00+00:00,22.84,23.22,22.84,22.96,192.94
2025-07-17 23:00:00+00:00,23.08,24.3,23.08,23.83,444.38
2025-07-18 00:00:00+00:00,24.0,24.36,23.7,24.36,77.76
2025-07-18 01:00:00+00:00,24.37,24.56,24.2,24.28,216.84
2025-07-18 02:00:00+00:00,24.2,24.2,23.9,24.12,99.89
2025-07-18 03:00:00+00:00,24.18,24.28,24.18,24.24,20.28
2025-07-18 04:00:00+00:00,24.35,24.56,24.34,24.56,33.05
2025-07-18 05:00:00+00:00,24.53,25.0,24.53,24.98,89.37
2025-07-18 06:00:00+00:00,24.92,24.92,24.59,24.87,426.37
2025-07-18 07:00:00+00:00,24.8,24.82,24.44,24.44,431.9
2025-07-18 08:00:00+00:00,24.43,24.58,24.24,24.24,150.92
2025-07-18 09:00:00+00:00,24.24,24.44,24.18,24.44,169.71
2025-07-18 10:00:00+00:00,24.43,24.43,24.12,24.37,32.57
2025-07-18 11:00:00+00:00,24.41,24.41,24.0,24.11,210.01
2025-07-18 12:00:00+00:00,24.13,24.45,24.13,24.45,8.72
2025-07-18 13:00:00+00:00,24.44,24.49,24.2,24.46,24.12
2025-07-18 14:00:00+00:00,24.5,24.5,23.84,24.07,129.52
2025-07-18 15:00:00+00:00,23.96,24.04,23.59,23.8,53.95
2025-07-18 16:00:00+00:00,23.76,23.96,23.72,23.92,35.86
2025-07-18 17:00:00+00:00,23.88,24.01,23.8,24.01,2.97
2025-07-18 18:00:00+00:00,24.01,24.01,23.8,23.83,23.91
2025-07-18 19:00:00+00:00,23.72,23.72,23.49,23.64,60.48
2025-07-18 20:00:00+00:00,23.46,23.65,23.12,23.4,539.99
2025-07-18 21:00:00+00:00,23.47,23.69,23.47,23.56,99.01
2025-07-18 22:00:00+00:00,23.4,23.6,23.39,23.4,6.17
2025-07-18 23:00:00+00:00,23.37,23.5,23.24,23.5,91.54
2025-07-19 00:00:00+00:00,23.56,23.56,23.16,23.17,14.52
2025-07-19 01:00:00+00:00,23.14,23.44,23.02,23.43,87.26
2025-07-19 02:00:00+00:00,23.35,23.56,23.28,23.55,35.7
2025-07-19 03:00:00+00:00,23.6,23.79,23.6,23.79,135.24
2025-07-19 04:00:00+00:00,23.8,23.99,23.8,23.88,34.63
2025-07-19 05:00:00+00:00,23.8,23.8,23.78,23.78,10.5
2025-07-19 06:00:00+00:00,23.93,23.93,23.93,23.93,49.33
2025-07-19 07:00:00+00:00,23.72,23.72,23.72,23.72,0.24
2025-07-19 08:00:00+00:00,23.62,23.62,23.51,23.55,13.19
2025-07-19 09:00:00+00:00,23.54,23.54,23.52,23.52,19.7
2025-07-19 10:00:00+00:00,23.52,23.52,23.52,23.52,0.0
2025-07-19 11:00:00+00:00,23.54,23.61,23.46,23.61,16.0
2025-07-19 12:00:00+00:00,23.72,23.84,23.72,23.84,6.93
2025-07-19 13:00:00+00:00,23.72,23.72,23.72,23.72,0.27
2025-07-19 14:00:00+00:00,23.63,23.63,23.33,23.34,109.6
2025-07-19 15:00:00+00:00,23.38,23.58,23.38,23.58,5.59
2025-07-19 16:00:00+00:00,23.64,23.83,23.64,23.83,17.76
2025-07-19 17:00:00+00:00,23.8,23.84,23.72,23.78,6.57
2025-07-19 18:00:00+00:00,23.8,24.34,23.8,24.34,83.82
2025-07-19 19:00:00+00:00,24.37,25.15,24.33,24.91,346.83
2025-07-19 20:00:00+00:00,24.87,25.37,24.87,24.89,748.98
2025-07-19 21:00:00+00:00,24.99,24.99,24.21,24.44,84.96
2025-07-19 22:00:00+00:00,24.47,24.55,24.46,24.55,2.5
2025-07-19 23:00:00+00:00,24.43,24.52,24.27,24.52,55.44
2025-07-20 00:00:00+00:00,24.48,24.54,24.38,24.45,11.56
2025-07-20 01:00:00+00:00,24.61,24.65,24.52,24.55,58.69
2025-07-20 02:00:00+00:00,24.55,24.55,24.51,24.51,2.8
2025-07-20 03:00:00+00:00,24.52,24.77,24.52,24.77,39.24
2025-07-20 04:00:00+00:00,24.55,24.66,24.52,24.66,15.84
2025-07-20 05:00:00+00:00,24.49,24.53,24.48,24.53,18.78
2025-07-20 06:00:00+00:00,24.68,24.68,24.68,24.68,0.4
2025-07-20 07:00:00+00:00,24.79,24.84,24.79,24.84,5.81
2025-07-20 08:00:00+00:00,24.82,25.0,24.8,25.0,24.75
2025-07-20 09:00:00+00:00,25.0,25.08,24.88,25.08,166.37
2025-07-20 10:00:00+00:00,24.96,24.96,24.96,24.96,0.2
2025-07-20 11:00:00+00:00,25.11,25.24,25.11,25.16,47.93
2025-07-20 12:00:00+00:00,25.08,25.08,24.92,24.92,51.68
2025-07-20 13:00:00+00:00,24.99,25.26,24.99,25.26,139.06
2025-07-20 14:00:00+00:00,25.18,25.25,25.02,25.16,24.28
2025-07-20 15:00:00+00:00,25.15,25.43,25.11,25.42,214.67
2025-07-20 16:00:00+00:00,25.43,25.54,25.3,25.41,122.72
2025-07-20 17:00:00+00:00,25.26,25.4,25.01,25.05,59.05
2025-07-20 18:00:00+00:00,25.16,25.2,25.16,25.2,125.0
2025-07-20 19:00:00+00:00,25.24,25.4,25.24,25.31,9.75
2025-07-20 20:00:00+00:00,25.24,25.3,25.09,25.16,121.67
2025-07-20 21:00:00+00:00,25.06,25.19,25.06,25.09,33.53
2025-07-20 22:00:00+00:00,24.93,25.06,24.57,25.06,230.02
2025-07-20 23:00:00+00:00,24.96,25.12,24.92,25.12,36.62
2025-07-21 00:00:00+00:00,25.02,25.02,24.67,24.81,128.61
2025-07-21 01:00:00+00:00,25.07,25.16,24.79,25.15,181.23
2025-07-21 02:00:00+00:00,25.2,25.22,25.12,25.22,11.7
2025-07-21 03:00:00+00:00,25.23,25.43,25.23,25.43,47.23
2025-07-21 04:00:00+00:00,25.43,25.5,25.38,25.5,30.61
2025-07-21 05:00:00+00:00,25.44,25.48,25.39,25.48,21.43
2025-07-21 06:00:00+00:00,25.54,25.77,25.54,25.77,123.98
2025-07-21 07:00:00+00:00,25.71,25.83,25.6,25.83,361.99
2025-07-21 08:00:00+00:00,25.76,25.99,25.74,25.77,137.05
2025-07-21 09:00:00+00:00,25.72,25.77,25.56,25.64,29.95
2025-07-21 10:00:00+00:00,25.65,25.87,25.62,25.87,46.87
2025-07-21 11:00:00+00:00,25.93,26.45,25.93,26.11,234.43
2025-07-21 12:00:00+00:00,26.03,26.04,25.9,25.9,21.64
2025-07-21 13:00:00+00:00,25.87,25.98,25.7,25.98,30.19
2025-07-21 14:00:00+00:00,26.05,26.2,25.84,26.2,45.74
2025-07-21 15:00:00+00:00,26.05,26.32,25.92,25.92,314.34
2025-07-21 16:00:00+00:00,25.9,25.9,25.36,25.48,304.28
2025-07-21 17:00:00+00:00,25.58,25.75,25.52,25.72,110.18
2025-07-21 18:00:00+00:00,25.75,25.82,25.4,25.4,58.99
2025-07-21 19:00:00+00:00,25.48,25.48,25.11,25.12,50.57
2025-07-21 20:00:00+00:00,25.24,25.4,25.24,25.24,82.54
2025-07-21 21:00:00+00:00,25.16,25.37,25.16,25.37,21.68
2025-07-21 22:00:00+00:00,25.4,25.56,25.35,25.56,10.91
2025-07-21 23:00:00+00:00,25.4,25.56,25.4,25.56,0.93
2025-07-22 00:00:00+00:00,25.4,25.58,25.38,25.4,17.15
2025-07-22 01:00:00+00:00,25.31,25.82,24.88,25.82,174.63
2025-07-22 02:00:00+00:00,25.86,26.01,25.69,25.71,116.51
2025-07-22 03:00:00+00:00,25.95,25.96,25.59,25.78,130.11
2025-07-22 04:00:00+00:00,25.96,25.96,25.22,25.22,81.21
2025-07-22 05:00:00+00:00,25.12,25.88,25.12,25.4,56.57
2025-07-22 06:00:00+00:00,25.48,25.72,25.42,25.42,3.4
2025-07-22 07:00:00+00:00,25.72,26.04,25.66,25.66,58.19
2025-07-22 08:00:00+00:00,25.51,25.51,24.92,25.33,64.49
2025-07-22 09:00:00+00:00,25.09,25.4,24.84,25.38,122.58
2025-07-22 10:00:00+00:00,25.46,25.58,25.41,25.58,20.16
2025-07-22 11:00:00+00:00,25.52,25.61,25.52,25.61,6.09
2025-07-22 12:00:00+00:00,25.63,25.63,25.44,25.58,24.33
2025-07-22 13:00:00+00:00,25.43,25.43,25.1,25.14,40.14
2025-07-22 14:00:00+00:00,25.08,25.29,24.92,25.29,37.21
2025-07-22 15:00:00+00:00,25.4,25.4,24.93,24.97,19.92
2025-07-22 16:00:00+00:00,24.92,25.17,24.92,24.92,83.17
2025-07-22 17:00:00+00:00,25.06,27.0,24.84,25.01,538.61
2025-07-22 18:00:00+00:00,25.07,25.4,24.99,25.32,121.55
2025-07-22 19:00:00+00:00,25.24,25.3,24.84,24.84,154.32
2025-07-22 20:00:00+00:00,24.92,25.24,24.92,25.23,95.49
2025-07-22 21:00:00+00:00,25.3,25.37,25.3,25.31,83.56
2025-07-22 22:00:00+00:00,25.39,25.48,25.39,25.48,4.52
2025-07-22 23:00:00+00:00,25.5,25.87,25.5,25.87,59.92
2025-07-23 00:00:00+00:00,25.87,26.09,25.61,25.61,75.19
2025-07-23 01:00:00+00:00,25.6,25.74,25.56,25.64,71.9
2025-07-23 02:00:00+00:00,25.59,25.72,25.59,25.72,18.01
2025-07-23 03:00:00+00:00,25.69,25.72,25.51,25.51,127.83
2025-07-23 04:00:00+00:00,25.5,25.72,25.47,25.72,26.91
2025-07-23 05:00:00+00:00,25.75,25.75,25.64,25.67,31.11
2025-07-23 06:00:00+00:00,25.66,25.66,25.32,25.35,48.8
2025-07-23 07:00:00+00:00,25.35,25.54,25.25,25.26,80.93
2025-07-23 08:00:00+00:00,25.4,25.48,25.39,25.48,18.32
2025-07-23 09:00:00+00:00,25.4,25.4,25.08,25.08,180.2
2025-07-23 10:00:00+00:00,25.06,25.06,24.87,24.93,58.63
2025-07-23 11:00:00+00:00,25.02,25.02,25.02,25.02,0.39
2025-07-23 12:00:00+00:00,24.95,24.95,24.47,24.48,73.22
2025-07-23 13:00:00+00:00,24.57,25.08,23.67,23.94,509.61
2025-07-23 14:00:00+00:00,23.86,24.24,23.86,24.08,105.09
2025-07-23 15:00:00+00:00,24.08,24.37,23.95,24.37,141.47
2025-07-23 16:00:00+00:00,24.28,24.28,23.72,23.72,194.53
2025-07-23 17:00:00+00:00,23.8,23.85,23.46,23.8,122.47
2025-07-23 18:00:00+00:00,23.83,24.05,23.83,24.0,13.81
2025-07-23 19:00:00+00:00,23.96,24.06,23.88,23.88,65.34
2025-07-23 20:00:00+00:00,23.85,23.96,23.37,23.68,301.27
2025-07-23 21:00:00+00:00,23.67,23.78,23.2,23.78,96.23
2025-07-23 22:00:00+00:00,23.66,24.05,23.64,23.96,16.68
2025-07-23 23:00:00+00:00,24.04,24.09,23.96,23.96,2.76
2025-07-24 00:00:00+00:00,23.88,24.12,23.88,24.12,25.95
2025-07-24 01:00:00+00:00,24.16,24.21,24.0,24.21,85.81
2025-07-24 02:00:00+00:00,24.12,24.12,23.99,24.04,24.24
2025-07-24 03:00:00+00:00,24.12,24.12,24.04,24.04,12.9
2025-07-24 04:00:00+00:00,23.96,23.99,23.62,23.62,18.48
2025-07-24 05:00:00+00:00,23.58,23.58,23.07,23.07,159.74
2025-07-24 06:00:00+00:00,23.16,23.33,22.58,22.84,197.55
2025-07-24 07:00:00+00:00,22.85,23.26,22.53,23.26,22.52
2025-07-24 08:00:00+00:00,23.3,23.58,23.3,23.58,30.91
2025-07-24 09:00:00+00:00,23.52,23.64,23.48,23.48,31.04
2025-07-24 10:00:00+00:00,23.56,23.67,23.2,23.32,13.15
2025-07-24 11:00:00+00:00,23.48,23.82,23.48,23.82,21.26
2025-07-24 12:00:00+00:00,23.88,23.88,23.63,23.68,738.64
2025-07-24 13:00:00+00:00,23.7,23.76,23.63,23.63,93.93
2025-07-24 14:00:00+00:00,23.59,24.27,23.51,24.27,180.4
2025-07-24 15:00:00+00:00,24.31,24.4,24.14,24.14,260.37
2025-07-24 16:00:00+00:00,24.16,24.18,23.73,23.88,43.53
2025-07-24 17:00:00+00:00,24.01,24.22,24.01,24.2,221.19
2025-07-24 18:00:00+00:00,24.1,24.27,24.1,24.24,140.77
2025-07-24 19:00:00+00:00,24.27,24.27,24.01,24.01,8.12
2025-07-24 20:00:00+00:00,24.07,24.2,24.07,24.2,22.57
2025-07-24 21:00:00+00:00,24.01,24.01,23.91,23.91,1.24
2025-07-24 22:00:00+00:00,23.88,24.01,23.81,23.95,91.61
2025-07-24 23:00:00+00:00,23.88,23.88,23.62,23.62,36.81
2025-07-25 00:00:00+00:00,23.58,23.58,23.3,23.5,84.35
2025-07-25 01:00:00+00:00,23.39,23.63,23.32,23.63,7.41
2025-07-25 02:00:00+00:00,23.65,23.65,23.18,23.18,29.27
2025-07-25 03:00:00+00:00,23.16,23.18,22.92,23.03,187.05
2025-07-25 04:00:00+00:00,23.13,23.29,22.88,23.29,16.97
2025-07-25 05:00:00+00:00,23.34,23.34,23.06,23.06,1.97
2025-07-25 06:00:00+00:00,23.01,23.13,23.01,23.13,0.9
2025-07-25 07:00:00+00:00,23.26,23.35,22.89,23.01,21.89
2025-07-25 08:00:00+00:00,23.13,23.35,23.13,23.13,10.81
2025-07-25 09:00:00+00:00,23.26,23.63,23.26,23.63,35.45
2025-07-25 10:00:00+00:00,23.66,23.79,23.63,23.74,28.33
2025-07-25 11:00:00+00:00,23.84,23.88,23.76,23.76,6.89
2025-07-25 12:00:00+00:00,23.63,23.8,23.63,23.8,3.42
2025-07-25 13:00:00+00:00,23.65,23.76,23.62,23.63,21.91
2025-07-25 14:00:00+00:00,23.62,23.62,23.13,23.13,45.72
2025-07-25 15:00:00+00:00,23.13,23.28,22.99,23.13,155.02
2025-07-25 16:00:00+00:00,23.26,23.41,23.13,23.41,4.19
2025-07-25 17:00:00+00:00,23.46,23.46,23.46,23.46,0.21
2025-07-25 18:00:00+00:00,23.39,23.43,23.38,23.43,12.22
2025-07-25 19:00:00+00:00,23.4,23.51,23.35,23.5,35.15
2025-07-25 20:00:00+00:00,23.41,23.89,23.38,23.82,79.31
2025-07-25 21:00:00+00:00,23.89,24.01,23.89,23.93,14.2
2025-07-25 22:00:00+00:00,23.99,24.01,23.97,23.98,4.56
2025-07-25 23:00:00+00:00,24.02,24.02,24.02,24.02,2.08
2025-07-26 00:00:00+00:00,23.94,24.02,23.94,24.02,56.84
2025-07-26 01:00:00+00:00,23.88,23.88,23.88,23.88,0.43
2025-07-26 02:00:00+00:00,24.01,24.14,24.01,24.06,57.5
2025-07-26 03:00:00+00:00,24.07,24.07,24.02,24.05,15.91
2025-07-26 04:00:00+00:00,24.06,24.07,24.05,24.05,1.87
2025-07-26 05:00:00+00:00,24.06,24.16,24.03,24.16,13.46
2025-07-26 06:00:00+00:00,24.16,24.16,24.16,24.16,0.0
2025-07-26 07:00:00+00:00,24.16,24.16,24.16,24.16,0.0
2025-07-26 08:00:00+00:00,24.22,24.23,24.22,24.23,10.93
2025-07-26 09:00:00+00:00,24.18,24.22,24.16,24.22,6.73
2025-07-26 10:00:00+00:00,24.27,24.35,24.27,24.3,13.18
2025-07-26 11:00:00+00:00,24.32,24.38,24.32,24.34,26.24
2025-07-26 12:00:00+00:00,24.24,24.31,24.2,24.31,142.47
2025-07-26 13:00:00+00:00,24.28,24.39,24.27,24.39,20.13
2025-07-26 14:00:00+00:00,24.4,24.91,24.4,24.72,292.55
2025-07-26 15:00:00+00:00,24.79,24.79,24.61,24.79,26.12
2025-07-26 16:00:00+00:00,24.66,24.71,24.63,24.63,278.93
2025-07-26 17:00:00+00:00,24.62,24.64,24.53,24.53,180.67
2025-07-26 18:00:00+00:00,24.66,25.68,24.66,25.6,122.46
2025-07-26 19:00:00+00:00,25.68,25.74,25.25,25.41,116.92
2025-07-26 20:00:00+00:00,25.41,25.43,25.12,25.12,98.26
2025-07-26 21:00:00+00:00,25.11,25.11,25.01,25.08,18.27
2025-07-26 22:00:00+00:00,25.19,25.19,24.98,24.98,4.54
2025-07-26 23:00:00+00:00,24.97,24.99,24.91,24.91,90.86
2025-07-27 00:00:00+00:00,24.91,24.92,24.91,24.91,14.47
2025-07-27 01:00:00+00:00,25.01,25.01,25.01,25.01,399.84
2025-07-27 02:00:00+00:00,24.94,25.06,24.94,25.05,45.32
2025-07-27 03:00:00+00:00,24.94,24.95,24.91,24.93,41.22
2025-07-27 04:00:00+00:00,24.99,25.07,24.99,25.07,29.2
2025-07-27 05:00:00+00:00,25.09,25.09,25.09,25.09,1.09
2025-07-27 06:00:00+00:00,25.11,25.19,25.11,25.19,1.2
2025-07-27 07:00:00+00:00,25.12,25.12,24.95,24.95,24.71
2025-07-27 08:00:00+00:00,24.92,24.92,24.91,24.92,18.96
2025-07-27 09:00:00+00:00,24.91,24.91,24.78,24.79,47.27
2025-07-27 10:00:00+00:00,24.9,25.09,24.9,25.08,11.22
2025-07-27 11:00:00+00:00,25.1,25.1,24.92,24.92,4.39
2025-07-27 12:00:00+00:00,24.92,24.96,24.91,24.96,6.18
2025-07-27 13:00:00+00:00,25.06,25.09,25.06,25.07,2.76
2025-07-27 14:00:00+00:00,24.92,24.92,24.91,24.91,1.5
2025-07-27 15:00:00+00:00,25.01,25.01,25.01,25.01,0.12
2025-07-27 16:00:00+00:00,25.06,25.32,25.06,25.19,49.13
2025-07-27 17:00:00+00:00,25.26,25.49,25.26,25.29,39.33
2025-07-27 18:00:00+00:00,25.34,25.51,25.34,25.48,26.79
2025-07-27 19:00:00+00:00,25.37,25.48,25.37,25.44,28.43
2025-07-27 20:00:00+00:00,25.48,25.54,25.42,25.54,8.07
2025-07-27 21:00:00+00:00,25.54,25.64,25.49,25.59,176.76
2025-07-27 22:00:00+00:00,25.6,26.42,25.6,25.96,222.7
2025-07-27 23:00:00+00:00,25.96,26.02,25.78,26.02,62.89
2025-07-28 00:00:00+00:00,26.05,26.26,26.0,26.0,214.23
2025-07-28 01:00:00+00:00,26.0,26.0,25.84,25.87,345.45
2025-07-28 02:00:00+00:00,25.87,26.26,25.87,26.26,20.73
2025-07-28 03:00:00+00:00,26.16,26.16,26.01,26.16,7.9
2025-07-28 04:00:00+00:00,26.11,26.55,26.1,26.51,1625.19
2025-07-28 05:00:00+00:00,26.5,26.6,26.34,26.55,752.93
2025-07-28 06:00:00+00:00,26.53,26.75,26.41,26.72,64.54
2025-07-28 07:00:00+00:00,26.73,26.76,26.35,26.54,64.46
2025-07-28 08:00:00+00:00,26.49,26.71,26.49,26.7,113.03
2025-07-28 09:00:00+00:00,26.58,27.24,26.56,27.18,171.52
2025-07-28 10:00:00+00:00,27.04,27.31,26.98,27.05,54.71
2025-07-28 11:00:00+00:00,27.02,27.3,26.76,27.3,26.02
2025-07-28 12:00:00+00:00,27.3,27.34,27.11,27.28,146.84
2025-07-28 13:00:00+00:00,27.14,27.28,26.98,26.99,168.26
2025-07-28 14:00:00+00:00,26.88,26.88,26.23,26.29,94.35
2025-07-28 15:00:00+00:00,26.34,26.43,25.93,26.15,52.24
2025-07-28 16:00:00+00:00,26.05,26.15,25.89,25.89,165.99
2025-07-28 17:00:00+00:00,25.87,26.01,25.75,25.75,45.24
2025-07-28 18:00:00+00:00,25.73,25.73,25.44,25.56,55.38
2025-07-28 19:00:00+00:00,25.6,25.84,25.39,25.39,31.95
2025-07-28 20:00:00+00:00,25.39,25.39,25.25,25.25,176.07
2025-07-28 21:00:00+00:00,25.35,25.46,25.15,25.27,17.71
2025-07-28 22:00:00+00:00,25.38,25.38,25.04,25.18,155.74
2025-07-28 23:00:00+00:00,25.1,25.19,25.01,25.19,103.52
2025-07-29 00:00:00+00:00,25.2,25.32,24.68,24.92,71.39
2025-07-29 01:00:00+00:00,24.9,24.98,24.79,24.79,60.71
2025-07-29 02:00:00+00:00,24.67,24.67,24.45,24.64,123.87
2025-07-29 03:00:00+00:00,24.62,25.06,24.62,25.06,277.58
2025-07-29 04:00:00+00:00,25.08,25.08,24.92,24.92,202.83
2025-07-29 05:00:00+00:00,24.98,25.06,24.98,25.06,1.49
2025-07-29 06:00:00+00:00,25.09,25.34,25.09,25.34,319.36
2025-07-29 07:00:00+00:00,25.29,25.47,25.29,25.45,26.39
2025-07-29 08:00:00+00:00,25.32,25.32,25.26,25.26,11.93
2025-07-29 09:00:00+00:00,25.23,25.23,25.06,25.06,22.77
2025-07-29 10:00:00+00:00,24.94,24.94,24.55,24.55,33.6
2025-07-29 11:00:00+00:00,24.66,24.75,24.66,24.75,0.73
2025-07-29 12:00:00+00:00,24.7,25.06,24.7,25.0,7.97
2025-07-29 13:00:00+00:00,24.92,25.15,24.88,24.9,70.2
2025-07-29 14:00:00+00:00,24.79,24.79,24.35,24.35,86.89
2025-07-29 15:00:00+00:00,24.53,24.66,24.21,24.4,195.42
2025-07-29 16:00:00+00:00,24.28,24.28,24.06,24.27,114.51
2025-07-29 17:00:00+00:00,24.32,24.53,24.32,24.4,2.32
2025-07-29 18:00:00+00:00,24.31,24.32,24.17,24.28,70.11
2025-07-29 19:00:00+00:00,24.24,24.3,24.14,24.14,28.45
2025-07-29 20:00:00+00:00,24.01,24.27,23.91,24.01,79.17
2025-07-29 21:00:00+00:00,24.09,24.4,24.08,24.4,58.55
2025-07-29 22:00:00+00:00,24.33,24.33,24.27,24.27,0.83
2025-07-29 23:00:00+00:00,24.36,24.4,24.27,24.39,144.27
2025-07-30 00:00:00+00:00,24.27,24.27,24.14,24.14,0.85
2025-07-30 01:00:00+00:00,24.18,24.4,24.18,24.4,30.03
2025-07-30 02:00:00+00:00,24.45,24.47,24.36,24.41,33.05
2025-07-30 03:00:00+00:00,24.3,24.3,24.28,24.28,20.08
2025-07-30 04:00:00+00:00,24.27,24.27,24.14,24.14,0.85
2025-07-30 05:00:00+00:00,24.1,24.14,23.94,24.12,2.41
2025-07-30 06:00:00+00:00,24.13,24.13,24.13,24.13,2.67
2025-07-30 07:00:00+00:00,24.01,24.07,24.01,24.07,2.09
2025-07-30 08:00:00+00:00,23.99,24.06,23.99,24.0,75.27
2025-07-30 09:00:00+00:00,23.92,23.92,23.73,23.74,221.94
2025-07-30 10:00:00+00:00,23.72,23.77,23.58,23.58,16.08
2025-07-30 11:00:00+00:00,23.56,23.57,23.37,23.37,62.98
2025-07-30 12:00:00+00:00,23.37,23.51,23.2,23.2,102.58
2025-07-30 13:00:00+00:00,23.28,23.31,23.24,23.25,26.39
2025-07-30 14:00:00+00:00,23.27,23.51,23.27,23.51,3.94
2025-07-30 15:00:00+00:00,23.38,23.38,23.16,23.24,3.08
2025-07-30 16:00:00+00:00,23.38,23.38,23.26,23.28,4.86
2025-07-30 17:00:00+00:00,23.33,23.51,23.33,23.51,1.09
2025-07-30 18:00:00+00:00,23.63,23.63,23.0,23.0,54.88
2025-07-30 19:00:00+00:00,22.91,23.26,22.48,23.26,168.01
2025-07-30 20:00:00+00:00,23.26,23.43,23.22,23.22,57.9
2025-07-30 21:00:00+00:00,23.28,23.31,23.13,23.13,32.73
2025-07-30 22:00:00+00:00,23.17,23.21,23.17,23.17,4.31
2025-07-30 23:00:00+00:00,23.26,23.28,23.26,23.28,9.1
2025-07-31 00:00:00+00:00,23.28,23.44,23.28,23.44,39.39
2025-07-31 01:00:00+00:00,23.43,23.43,23.35,23.42,133.3
2025-07-31 02:00:00+00:00,23.41,23.56,23.41,23.56,21.93
2025-07-31 03:00:00+00:00,23.58,23.69,23.58,23.69,43.89
2025-07-31 04:00:00+00:00,23.7,23.9,23.7,23.9,22.25
2025-07-31 05:00:00+00:00,23.9,24.06,23.9,24.0,123.5
2025-07-31 06:00:00+00:00,23.88,24.01,23.88,24.01,0.86
2025-07-31 07:00:00+00:00,23.88,23.88,23.88,23.88,0.17
2025-07-31 08:00:00+00:00,23.89,23.89,23.89,23.89,0.13
2025-07-31 09:00:00+00:00,23.94,24.09,23.92,24.09,30.56
2025-07-31 10:00:00+00:00,24.09,24.09,24.09,24.09,0.0
2025-07-31 11:00:00+00:00,23.88,23.88,23.63,23.63,34.08
2025-07-31 12:00:00+00:00,23.62,23.62,23.44,23.46,30.61
2025-07-31 13:00:00+00:00,23.38,23.38,23.01,23.01,65.77
2025-07-31 14:00:00+00:00,23.0,23.0,22.85,22.88,83.03
2025-07-31 15:00:00+00:00,22.94,23.11,22.87,23.11,102.76
2025-07-31 16:00:00+00:00,23.04,23.46,23.04,23.36,17.4
2025-07-31 17:00:00+00:00,23.37,23.38,22.97,23.01,1053.02
2025-07-31 18:00:00+00:00,22.91,23.15,22.89,23.01,7.65
2025-07-31 19:00:00+00:00,23.02,23.03,22.79,22.8,113.94
2025-07-31 20:00:00+00:00,22.78,22.78,22.69,22.72,28.33
2025-07-31 21:00:00+00:00,22.89,22.92,22.64,22.64,38.84
2025-07-31 22:00:00+00:00,22.62,22.67,22.5,22.5,70.64
2025-07-31 23:00:00+00:00,22.65,22.66,22.43,22.46,54.62
2025-08-01 00:00:00+00:00,22.46,22.47,21.84,22.29,307.4
2025-08-01 01:00:00+00:00,22.17,22.34,22.05,22.28,22.97
2025-08-01 02:00:00+00:00,22.38,22.44,22.24,22.39,323.56
2025-08-01 03:00:00+00:00,22.38,22.53,22.38,22.41,13.33
2025-08-01 04:00:00+00:00,22.43,22.43,22.17,22.17,9.52
2025-08-01 05:00:00+00:00,22.13,22.13,21.94,21.94,19.89
2025-08-01 06:00:00+00:00,21.88,21.94,21.8,21.94,139.33
2025-08-01 07:00:00+00:00,22.05,22.05,22.05,22.05,11.18
2025-08-01 08:00:00+00:00,21.94,21.94,21.69,21.94,87.0
2025-08-01 09:00:00+00:00,22.05,22.05,21.94,21.97,8.3
2025-08-01 10:00:00+00:00,21.97,21.97,21.97,21.97,0.0
2025-08-01 11:00:00+00:00,21.92,22.05,21.92,22.05,2.29
2025-08-01 12:00:00+00:00,22.17,22.34,22.08,22.17,64.63
2025-08-01 13:00:00+00:00,22.05,22.05,21.66,21.72,49.01
2025-08-01 14:00:00+00:00,21.76,22.32,21.76,22.29,82.6
2025-08-01 15:00:00+00:00,22.17,22.19,22.17,22.19,22.48
2025-08-01 16:00:00+00:00,22.21,22.21,21.82,21.82,178.72
2025-08-01 17:00:00+00:00,21.75,21.78,21.66,21.69,29.58
2025-08-01 18:00:00+00:00,21.74,21.86,21.51,21.86,33.96
2025-08-01 19:00:00+00:00,21.86,22.05,21.85,22.01,69.74
2025-08-01 20:00:00+00:00,21.62,21.82,21.42,21.82,31.51
2025-08-01 21:00:00+00:00,21.9,21.91,21.87,21.88,139.43
2025-08-01 22:00:00+00:00,21.68,21.68,21.08,21.41,98.33
2025-08-01 23:00:00+00:00,21.5,21.57,21.5,21.57,48.72
2025-08-02 00:00:00+00:00,21.64,21.7,21.64,21.7,6.3
2025-08-02 01:00:00+00:00,21.7,21.7,21.7,21.7,0.0
2025-08-02 02:00:00+00:00,21.69,21.72,21.67,21.72,4.56
2025-08-02 03:00:00+00:00,21.69,21.72,21.69,21.7,3.54
2025-08-02 04:00:00+00:00,21.71,21.71,21.65,21.65,0.42
2025-08-02 05:00:00+00:00,21.65,21.65,21.65,21.65,0.0
2025-08-02 06:00:00+00:00,21.67,21.68,21.67,21.68,0.92
2025-08-02 07:00:00+00:00,21.22,21.67,21.22,21.67,1.77
2025-08-02 08:00:00+00:00,21.68,21.7,21.68,21.7,14.15
2025-08-02 09:00:00+00:00,21.7,21.7,21.7,21.7,0.0
2025-08-02 10:00:00+00:00,21.33,21.34,21.3,21.31,30.6
2025-08-02 11:00:00+00:00,21.41,21.41,21.41,21.41,12.68
2025-08-02 12:00:00+00:00,21.47,21.48,21.47,21.48,23.23
2025-08-02 13:00:00+00:00,21.48,21.48,21.48,21.48,0.0
2025-08-02 14:00:00+00:00,21.56,21.56,21.22,21.28,59.98
2025-08-02 15:00:00+00:00,21.22,21.22,21.19,21.19,1.83
2025-08-02 16:00:00+00:00,21.18,21.18,21.04,21.04,47.12
2025-08-02 17:00:00+00:00,21.3,21.3,20.82,20.86,159.22
2025-08-02 18:00:00+00:00,20.9,20.9,20.72,20.75,120.69
2025-08-02 19:00:00+00:00,20.79,21.1,20.79,21.1,44.19
2025-08-02 20:00:00+00:00,21.1,21.1,21.1,21.1,0.0
2025-08-02 21:00:00+00:00,20.93,20.93,20.91,20.91,1.65
2025-08-02 22:00:00+00:00,21.05,21.08,20.9,20.92,20.59
2025-08-02 23:00:00+00:00,20.89,20.89,20.88,20.88,4.87
2025-08-03 00:00:00+00:00,20.95,20.96,20.65,20.65,16.34
2025-08-03 01:00:00+00:00,21.0,21.08,20.98,20.98,155.65
2025-08-03 02:00:00+00:00,21.11,21.16,20.12,21.15,584.28
2025-08-03 03:00:00+00:00,21.14,21.18,21.14,21.18,13.49
2025-08-03 04:00:00+00:00,21.08,21.15,21.08,21.1,7.33
2025-08-03 05:00:00+00:00,21.17,21.2,21.17,21.2,7.89
2025-08-03 06:00:00+00:00,21.11,21.11,21.11,21.11,0.09
2025-08-03 07:00:00+00:00,21.2,21.22,21.18,21.22,4.72
2025-08-03 08:00:00+00:00,21.23,21.24,21.23,21.24,2.05
2025-08-03 09:00:00+00:00,21.15,21.25,21.15,21.25,6.06
2025-08-03 10:00:00+00:00,21.31,21.38,21.31,21.38,6.3
2025-08-03 11:00:00+00:00,21.38,21.38,21.38,21.38,0.0
2025-08-03 12:00:00+00:00,21.38,21.38,21.38,21.38,0.0
2025-08-03 13:00:00+00:00,21.38,21.38,21.38,21.38,0.0
2025-08-03 14:00:00+00:00,21.39,21.39,21.35,21.35,4.6
2025-08-03 15:00:00+00:00,21.29,21.44,21.27,21.44,33.67
2025-08-03 16:00:00+00:00,21.38,21.42,21.35,21.42,0.34
2025-08-03 17:00:00+00:00,21.44,21.44,21.44,21.44,0.23
2025-08-03 18:00:00+00:00,21.43,24.92,21.39,21.46,1397.97
2025-08-03 19:00:00+00:00,21.46,21.55,21.43,21.54,21.48
2025-08-03 20:00:00+00:00,21.4,21.4,21.36,21.39,105.71
2025-08-03 21:00:00+00:00,21.39,21.39,21.39,21.39,0.0
2025-08-03 22:00:00+00:00,21.46,21.47,21.31,21.31,113.26
2025-08-03 23:00:00+00:00,21.47,21.47,21.47,21.47,9.31
2025-08-04 00:00:00+00:00,21.4,21.84,21.38,21.84,85.26
2025-08-04 01:00:00+00:00,21.84,21.85,21.71,21.77,155.42
2025-08-04 02:00:00+00:00,21.69,21.92,21.69,21.92,34.69
2025-08-04 03:00:00+00:00,21.75,21.75,21.75,21.75,2.28
2025-08-04 04:00:00+00:00,21.75,21.75,21.75,21.75,0.0
2025-08-04 05:00:00+00:00,21.85,21.85,21.85,21.85,4.56
2025-08-04 06:00:00+00:00,21.85,21.85,21.85,21.85,0.0
2025-08-04 07:00:00+00:00,21.98,21.98,21.98,21.98,0.44
2025-08-04 08:00:00+00:00,21.96,22.0,21.96,22.0,83.79
2025-08-04 09:00:00+00:00,21.98,21.98,21.97,21.97,18.22
2025-08-04 10:00:00+00:00,21.97,21.97,21.97,21.97,0.0
2025-08-04 11:00:00+00:00,21.77,21.77,21.76,21.76,20.67
2025-08-04 12:00:00+00:00,21.82,21.89,21.82,21.86,40.94
2025-08-04 13:00:00+00:00,21.96,22.17,21.96,22.17,31.99
2025-08-04 14:00:00+00:00,22.18,22.58,22.11,22.11,220.27
2025-08-04 15:00:00+00:00,22.14,22.4,22.13,22.26,121.8
2025-08-04 16:00:00+00:00,22.59,22.65,22.56,22.56,183.96
2025-08-04 17:00:00+00:00,22.65,22.85,22.65,22.84,8.65
2025-08-04 18:00:00+00:00,22.57,22.58,22.44,22.44,41.18
2025-08-04 19:00:00+00:00,22.37,22.37,22.33,22.33,22.89
2025-08-04 20:00:00+00:00,22.44,22.59,22.44,22.59,11.28
2025-08-04 21:00:00+00:00,22.59,22.94,22.59,22.93,17.73
2025-08-04 22:00:00+00:00,22.92,23.07,22.92,23.07,49.83
2025-08-04 23:00:00+00:00,23.07,23.07,23.0,23.06,14.07
2025-08-05 00:00:00+00:00,23.05,23.05,23.05,23.05,5.56
2025-08-05 01:00:00+00:00,22.88,22.88,22.88,22.88,43.71
2025-08-05 02:00:00+00:00,22.86,22.86,22.77,22.8,4.29
2025-08-05 03:00:00+00:00,22.77,22.77,22.71,22.71,11.06
2025-08-05 04:00:00+00:00,22.79,22.79,22.79,22.79,8.55
2025-08-05 05:00:00+00:00,22.79,22.79,22.79,22.79,0.0
2025-08-05 06:00:00+00:00,22.78,22.78,22.5,22.5,23.19
2025-08-05 07:00:00+00:00,22.46,22.46,22.18,22.26,45.24
2025-08-05 08:00:00+00:00,22.26,22.32,22.26,22.32,12.87
2025-08-05 09:00:00+00:00,22.46,22.59,22.43,22.59,8.17
2025-08-05 10:00:00+00:00,22.69,22.73,22.69,22.73,5.15
2025-08-05 11:00:00+00:00,22.77,22.77,22.71,22.71,1.53
2025-08-05 12:00:00+00:00,22.59,22.59,22.32,22.32,14.86
2025-08-05 13:00:00+00:00,22.32,22.32,22.31,22.31,59.38
2025-08-05 14:00:00+00:00,22.22,22.22,21.86,21.95,137.29
2025-08-05 15:00:00+00:00,21.89,21.89,21.68,21.68,62.31
2025-08-05 16:00:00+00:00,21.89,21.92,21.79,21.83,114.32
2025-08-05 17:00:00+00:00,21.8,21.92,21.78,21.92,5.93
2025-08-05 18:00:00+00:00,21.87,21.89,21.71,21.78,19.02
2025-08-05 19:00:00+00:00,21.83,21.87,21.66,21.66,76.36
2025-08-05 20:00:00+00:00,21.77,21.85,21.66,21.66,29.93
2025-08-05 21:00:00+00:00,21.74,21.74,21.61,21.62,23.67
2025-08-05 22:00:00+00:00,21.59,21.75,21.42,21.75,46.75
2025-08-05 23:00:00+00:00,21.78,21.92,21.78,21.92,2.88
2025-08-06 00:00:00+00:00,21.93,21.93,21.74,21.74,7.34
2025-08-06 01:00:00+00:00,21.74,21.76,21.62,21.72,46.88
2025-08-06 02:00:00+00:00,21.74,21.79,21.74,21.76,3.08
2025-08-06 03:00:00+00:00,21.75,21.75,21.6,21.72,25.7
2025-08-06 04:00:00+00:00,21.72,21.72,21.72,21.72,0.0
2025-08-06 05:00:00+00:00,21.79,22.28,21.79,22.06,54.25
2025-08-06 06:00:00+00:00,22.17,22.17,22.07,22.15,20.97
2025-08-06 07:00:00+00:00,22.19,22.27,22.19,22.23,128.71
2025-08-06 08:00:00+00:00,22.15,22.16,22.02,22.02,24.7
2025-08-06 09:00:00+00:00,22.07,22.19,22.02,22.02,10.63
2025-08-06 10:00:00+00:00,22.02,22.02,21.96,21.96,50.69
2025-08-06 11:00:00+00:00,22.03,22.03,21.96,21.96,2.44
2025-08-06 12:00:00+00:00,21.96,21.96,21.82,21.91,31.42
2025-08-06 13:00:00+00:00,21.84,21.93,21.84,21.93,22.87
2025-08-06 14:00:00+00:00,22.06,22.19,21.92,22.19,3.11
2025-08-06 15:00:00+00:00,22.15,22.34,22.14,22.34,40.68
2025-08-06 16:00:00+00:00,22.34,22.34,22.06,22.06,10.48
2025-08-06 17:00:00+00:00,22.06,22.19,22.06,22.19,0.73
2025-08-06 18:00:00+00:00,22.32,22.36,22.2,22.2,3.24
2025-08-06 19:00:00+00:00,22.22,22.23,22.19,22.19,5.53
2025-08-06 20:00:00+00:00,22.25,22.25,22.25,22.25,0.74
2025-08-06 21:00:00+00:00,22.25,22.25,22.14,22.14,1.08
2025-08-06 22:00:00+00:00,22.25,22.25,22.25,22.25,0.45
2025-08-06 23:00:00+00:00,22.25,22.26,22.25,22.25,5.32
2025-08-07 00:00:00+00:00,22.25,22.25,22.25,22.25,0.0
2025-08-07 01:00:00+00:00,22.16,22.25,22.14,22.25,32.74
2025-08-07 02:00:00+00:00,22.12,22.13,22.06,22.06,9.57
2025-08-07 03:00:00+00:00,22.06,22.07,22.06,22.07,28.34
2025-08-07 04:00:00+00:00,22.04,22.04,22.04,22.04,15.53
2025-08-07 05:00:00+00:00,22.14,22.14,22.14,22.14,0.45
2025-08-07 06:00:00+00:00,22.19,22.28,22.19,22.25,4.31
2025-08-07 07:00:00+00:00,22.22,22.24,22.22,22.24,13.45
2025-08-07 08:00:00+00:00,22.32,22.35,22.32,22.35,59.76
2025-08-07 09:00:00+00:00,22.25,22.25,22.25,22.25,8.41
2025-08-07 10:00:00+00:00,22.36,22.76,22.36,22.76,76.09
2025-08-07 11:00:00+00:00,22.81,22.86,22.78,22.78,32.76
2025-08-07 12:00:00+00:00,22.81,22.83,22.64,22.64,73.28
2025-08-07 13:00:00+00:00,22.74,22.8,22.74,22.8,1.98
2025-08-07 14:00:00+00:00,22.61,22.65,22.54,22.61,14.09
2025-08-07 15:00:00+00:00,22.53,22.65,22.53,22.64,25.36
2025-08-07 16:00:00+00:00,22.68,22.68,22.22,22.46,36.58
2025-08-07 17:00:00+00:00,22.49,22.49,22.45,22.47,12.84
2025-08-07 18:00:00+00:00,22.42,22.55,22.42,22.55,5.85
2025-08-07 19:00:00+00:00,22.55,22.86,22.55,22.86,69.3
2025-08-07 20:00:00+00:00,22.86,22.99,22.86,22.99,628.4
2025-08-07 21:00:00+00:00,23.0,23.12,22.92,23.04,354.1
2025-08-07 22:00:00+00:00,23.1,23.3,23.07,23.29,250.8
2025-08-07 23:00:00+00:00,23.28,23.28,23.28,23.28,2.43
2025-08-08 00:00:00+00:00,23.34,23.61,23.06,23.35,166.95
2025-08-08 01:00:00+00:00,23.27,23.37,23.02,23.19,251.12
2025-08-08 02:00:00+00:00,23.13,23.26,23.13,23.26,23.64
2025-08-08 03:00:00+00:00,23.23,23.37,23.23,23.28,57.0
2025-08-08 04:00:00+00:00,23.16,23.16,23.16,23.16,1.0
2025-08-08 05:00:00+00:00,23.13,23.18,23.08,23.08,19.83
2025-08-08 06:00:00+00:00,23.08,23.39,23.08,23.39,11.9
2025-08-08 07:00:00+00:00,23.26,23.54,23.26,23.44,33.18
2025-08-08 08:00:00+00:00,23.52,23.53,23.34,23.34,21.6
2025-08-08 09:00:00+00:00,23.48,23.52,23.37,23.52,38.04
2025-08-08 10:00:00+00:00,23.56,23.56,23.45,23.45,44.38
2025-08-08 11:00:00+00:00,23.45,23.45,23.45,23.45,0.0
2025-08-08 12:00:00+00:00,23.39,23.39,23.22,23.22,44.8
2025-08-08 13:00:00+00:00,23.39,23.91,23.39,23.7,343.46
2025-08-08 14:00:00+00:00,23.71,23.75,23.26,23.39,73.92
2025-08-08 15:00:00+00:00,23.37,23.37,23.1,23.1,111.61
2025-08-08 16:00:00+00:00,23.26,23.28,23.21,23.28,213.78
2025-08-08 17:00:00+00:00,23.35,23.73,23.32,23.73,44.41
2025-08-08 18:00:00+00:00,23.75,23.82,23.66,23.71,84.54
2025-08-08 19:00:00+00:00,23.69,23.76,23.68,23.76,45.05
2025-08-08 20:00:00+00:00,23.8,23.81,23.7,23.72,90.52
2025-08-08 21:00:00+00:00,23.77,23.81,23.67,23.79,150.57
2025-08-08 22:00:00+00:00,23.73,23.85,23.73,23.76,21.17
2025-08-08 23:00:00+00:00,23.86,23.86,23.77,23.77,44.17
2025-08-09 00:00:00+00:00,23.77,23.78,23.77,23.77,17.31
2025-08-09 01:00:00+00:00,23.81,24.06,23.77,24.05,176.63
2025-08-09 02:00:00+00:00,24.05,24.16,24.05,24.16,60.03
2025-08-09 03:00:00+00:00,24.13,24.13,23.98,23.98,28.93
2025-08-09 04:00:00+00:00,23.99,24.15,23.99,24.15,43.77
2025-08-09 05:00:00+00:00,24.16,24.65,24.1,24.58,134.89
2025-08-09 06:00:00+00:00,24.38,24.49,24.16,24.17,171.93
2025-08-09 07:00:00+00:00,24.25,24.36,24.25,24.35,12.74
2025-08-09 08:00:00+00:00,24.43,24.5,24.43,24.5,18.84
2025-08-09 09:00:00+00:00,24.41,24.68,24.4,24.68,45.6
2025-08-09 10:00:00+00:00,24.72,24.73,24.69,24.7,27.77
2025-08-09 11:00:00+00:00,24.6,24.69,24.56,24.56,36.1
2025-08-09 12:00:00+00:00,24.75,24.82,24.75,24.82,26.68
2025-08-09 13:00:00+00:00,24.64,24.64,24.3,24.32,138.59
2025-08-09 14:00:00+00:00,24.28,24.33,24.17,24.17,46.87
2025-08-09 15:00:00+00:00,24.35,24.35,24.08,24.16,22.01
2025-08-09 16:00:00+00:00,24.22,24.24,24.2,24.2,55.27
2025-08-09 17:00:00+00:00,24.2,24.36,24.2,24.35,3.44
2025-08-09 18:00:00+00:00,24.31,24.46,24.31,24.46,15.37
2025-08-09 19:00:00+00:00,24.5,24.56,24.43,24.48,79.56
2025-08-09 20:00:00+00:00,24.5,24.77,24.5,24.71,150.85
2025-08-09 21:00:00+00:00,24.74,24.74,24.49,24.64,14.95
2025-08-09 22:00:00+00:00,24.65,24.78,24.43,24.43,94.71
2025-08-09 23:00:00+00:00,24.36,24.38,24.18,24.21,248.61
2025-08-10 00:00:00+00:00,24.25,24.44,24.19,24.44,850.79
2025-08-10 01:00:00+00:00,24.47,24.47,24.3,24.3,53.69
2025-08-10 02:00:00+00:00,24.33,24.33,24.13,24.13,69.39
2025-08-10 03:00:00+00:00,24.1,24.37,24.08,24.37,90.12
2025-08-10 04:00:00+00:00,24.37,24.52,24.37,24.51,147.65
2025-08-10 05:00:00+00:00,24.36,24.4,24.08,24.08,52.58
2025-08-10 06:00:00+00:00,24.09,24.1,23.87,23.96,136.77
2025-08-10 07:00:00+00:00,23.99,24.02,23.49,23.49,110.86
2025-08-10 08:00:00+00:00,23.46,23.65,23.3,23.65,15.4
2025-08-10 09:00:00+00:00,23.66,23.66,23.59,23.62,28.46
2025-08-10 10:00:00+00:00,23.64,23.64,23.52,23.52,0.55
2025-08-10 11:00:00+00:00,23.52,23.52,23.52,23.52,0.0
2025-08-10 12:00:00+00:00,23.52,23.66,23.51,23.64,3.01
2025-08-10 13:00:00+00:00,23.67,23.68,23.58,23.59,101.15
2025-08-10 14:00:00+00:00,23.52,23.92,23.52,23.9,74.22
2025-08-10 15:00:00+00:00,23.78,24.05,23.78,24.05,262.31
2025-08-10 16:00:00+00:00,24.02,24.02,23.8,23.8,28.84
2025-08-10 17:00:00+00:00,23.83,23.83,23.79,23.79,15.74
2025-08-10 18:00:00+00:00,23.94,23.94,23.9,23.94,93.66
2025-08-10 19:00:00+00:00,23.9,23.98,23.9,23.92,153.63
2025-08-10 20:00:00+00:00,23.89,23.89,23.71,23.71,2.25
2025-08-10 21:00:00+00:00,23.66,23.79,23.62,23.62,8.05
2025-08-10 22:00:00+00:00,23.71,23.71,23.71,23.71,0.42
2025-08-10 23:00:00+00:00,23.8,23.89,23.74,23.89,126.65
2025-08-11 00:00:00+00:00,23.74,23.95,23.68,23.72,42.79
2025-08-11 01:00:00+00:00,23.7,24.08,23.69,24.04,42.6
2025-08-11 02:00:00+00:00,24.1,24.45,24.1,24.33,170.77
2025-08-11 03:00:00+00:00,24.32,24.37,24.32,24.35,1.97
2025-08-11 04:00:00+00:00,24.47,24.56,24.43,24.56,234.12
2025-08-11 05:00:00+00:00,24.47,24.48,24.43,24.43,99.42
2025-08-11 06:00:00+00:00,24.49,24.6,24.43,24.6,34.83
2025-08-11 07:00:00+00:00,24.47,24.49,22.0,24.08,1643.52
2025-08-11 08:00:00+00:00,24.09,24.28,23.94,24.28,81.07
2025-08-11 09:00:00+00:00,24.14,24.21,24.01,24.01,16.46
2025-08-11 10:00:00+00:00,24.0,24.0,23.92,23.94,17.86
2025-08-11 11:00:00+00:00,23.91,23.91,23.3,23.42,180.06
2025-08-11 12:00:00+00:00,23.35,23.35,23.17,23.18,197.05
2025-08-11 13:00:00+00:00,23.17,23.52,23.12,23.51,276.94
2025-08-11 14:00:00+00:00,23.56,23.72,23.45,23.52,84.43
2025-08-11 15:00:00+00:00,23.5,23.66,23.45,23.66,100.42
2025-08-11 16:00:00+00:00,23.73,24.01,23.65,23.68,49.39
2025-08-11 17:00:00+00:00,23.71,23.71,23.52,23.52,1.32
2025-08-11 18:00:00+00:00,23.48,23.52,23.37,23.5,35.92
2025-08-11 19:00:00+00:00,23.47,23.47,23.16,23.16,42.81
2025-08-11 20:00:00+00:00,23.17,23.19,23.13,23.14,276.53
2025-08-11 21:00:00+00:00,23.13,23.13,22.78,22.78,45.98
2025-08-11 22:00:00+00:00,22.78,22.78,22.69,22.69,7.63
2025-08-11 23:00:00+00:00,22.86,22.89,22.86,22.88,22.99
2025-08-12 00:00:00+00:00,22.9,23.02,22.9,23.02,23.45
2025-08-12 01:00:00+00:00,23.02,23.11,23.01,23.06,117.2
2025-08-12 02:00:00+00:00,23.13,23.22,23.13,23.22,2.53
2025-08-12 03:00:00+00:00,23.02,23.05,23.02,23.05,162.95
2025-08-12 04:00:00+00:00,23.0,23.21,23.0,23.21,3.9
2025-08-12 05:00:00+00:00,23.0,23.0,23.0,23.0,0.48
2025-08-12 06:00:00+00:00,22.86,23.0,22.86,23.0,0.96
2025-08-12 07:00:00+00:00,23.0,23.0,23.0,23.0,0.0
2025-08-12 08:00:00+00:00,23.13,23.13,23.0,23.0,1.99
2025-08-12 09:00:00+00:00,22.96,22.96,22.95,22.95,25.0
2025-08-12 10:00:00+00:00,22.96,22.96,22.96,22.96,134.44
2025-08-12 11:00:00+00:00,22.86,22.86,22.8,22.8,7.12
2025-08-12 12:00:00+00:00,23.0,23.55,22.93,23.55,83.49
2025-08-12 13:00:00+00:00,23.39,23.76,23.39,23.39,47.58
2025-08-12 14:00:00+00:00,23.52,23.96,23.52,23.96,40.9
2025-08-12 15:00:00+00:00,23.97,24.22,23.97,24.22,172.72
2025-08-12 16:00:00+00:00,24.22,24.36,24.19,24.19,235.16
2025-08-12 17:00:00+00:00,24.36,24.49,24.35,24.41,54.31
2025-08-12 18:00:00+00:00,24.36,24.54,24.27,24.27,54.45
2025-08-12 19:00:00+00:00,24.39,24.6,24.39,24.6,185.07
2025-08-12 20:00:00+00:00,24.62,24.88,24.62,24.85,179.92
2025-08-12 21:00:00+00:00,24.79,24.81,24.61,24.61,62.93
2025-08-12 22:00:00+00:00,24.64,24.7,24.64,24.67,23.55
2025-08-12 23:00:00+00:00,24.63,24.73,24.59,24.73,75.77
2025-08-13 00:00:00+00:00,24.71,24.83,24.69,24.83,50.42
2025-08-13 01:00:00+00:00,24.73,24.73,24.37,24.52,63.63
2025-08-13 02:00:00+00:00,24.51,24.87,24.5,24.83,14.2
2025-08-13 03:00:00+00:00,24.83,25.02,24.78,25.02,109.85
2025-08-13 04:00:00+00:00,25.03,25.13,24.87,24.92,148.55
2025-08-13 05:00:00+00:00,24.88,24.9,24.59,24.59,12.94
2025-08-13 06:00:00+00:00,24.5,24.64,24.45,24.64,25.19
2025-08-13 07:00:00+00:00,24.55,24.72,24.55,24.72,24.96
2025-08-13 08:00:00+00:00,24.76,24.94,24.76,24.86,21.12
2025-08-13 09:00:00+00:00,25.01,25.31,25.01,25.23,98.26
2025-08-13 10:00:00+00:00,25.27,25.4,25.27,25.29,71.42
2025-08-13 11:00:00+00:00,25.2,25.21,25.06,25.11,28.33
2025-08-13 12:00:00+00:00,25.1,25.2,25.1,25.14,563.12
2025-08-13 13:00:00+00:00,25.1,25.42,24.94,25.06,157.44
2025-08-13 14:00:00+00:00,25.06,25.15,24.92,24.92,149.08
2025-08-13 15:00:00+00:00,24.83,25.1,24.79,25.1,51.22
2025-08-13 16:00:00+00:00,25.2,25.29,25.05,25.09,92.61
2025-08-13 17:00:00+00:00,25.1,25.23,25.1,25.2,6.71
2025-08-13 18:00:00+00:00,25.21,25.27,25.06,25.11,22.56
2025-08-13 19:00:00+00:00,25.1,25.37,25.06,25.37,214.04
2025-08-13 20:00:00+00:00,25.25,25.39,25.25,25.27,27.56
2025-08-13 21:00:00+00:00,25.39,25.58,25.28,25.36,94.97
2025-08-13 22:00:00+00:00,25.43,25.63,25.35,25.47,242.49
2025-08-13 23:00:00+00:00,25.55,25.67,25.5,25.5,64.67
2025-08-14 00:00:00+00:00,25.48,25.63,25.34,25.34,220.95
2025-08-14 01:00:00+00:00,25.29,25.48,25.29,25.48,143.64
2025-08-14 02:00:00+00:00,25.47,25.87,25.45,25.86,81.47
2025-08-14 03:00:00+00:00,25.85,25.99,25.75,25.97,68.11
2025-08-14 04:00:00+00:00,25.79,25.89,25.61,25.61,29.18
2025-08-14 05:00:00+00:00,25.62,25.62,25.44,25.52,72.93
2025-08-14 06:00:00+00:00,25.38,25.48,25.14,25.48,51.07
2025-08-14 07:00:00+00:00,25.45,25.45,25.15,25.24,53.12
2025-08-14 08:00:00+00:00,25.14,25.14,24.97,24.97,97.4
2025-08-14 09:00:00+00:00,25.04,25.2,24.99,25.18,49.48
2025-08-14 10:00:00+00:00,25.2,25.2,24.75,24.92,106.64
2025-08-14 11:00:00+00:00,25.0,25.06,24.97,25.01,98.68
2025-08-14 12:00:00+00:00,25.06,25.13,23.31,23.69,481.12
2025-08-14 13:00:00+00:00,23.66,24.84,23.37,23.98,446.3
2025-08-14 14:00:00+00:00,23.94,24.37,23.87,24.18,129.13
2025-08-14 15:00:00+00:00,24.15,24.86,23.92,24.04,954.41
2025-08-14 16:00:00+00:00,23.87,23.87,23.56,23.66,120.87
2025-08-14 17:00:00+00:00,23.55,23.72,23.49,23.72,228.4
2025-08-14 18:00:00+00:00,23.56,23.66,23.46,23.66,30.71
2025-08-14 19:00:00+00:00,23.67,23.89,23.66,23.66,16.02
2025-08-14 20:00:00+00:00,23.52,23.52,23.46,23.46,2.5
2025-08-14 21:00:00+00:00,23.42,23.42,23.25,23.32,101.66
2025-08-14 22:00:00+00:00,23.26,23.55,23.23,23.55,28.34
2025-08-14 23:00:00+00:00,23.57,23.66,23.54,23.66,23.36
2025-08-15 00:00:00+00:00,23.73,23.99,23.73,23.99,75.61
2025-08-15 01:00:00+00:00,23.91,24.01,23.84,23.93,113.46
2025-08-15 02:00:00+00:00,23.84,23.97,23.83,23.97,297.25
2025-08-15 03:00:00+00:00,24.03,24.8,24.03,24.8,199.3
2025-08-15 04:00:00+00:00,24.84,25.22,24.68,24.68,330.11
2025-08-15 05:00:00+00:00,24.63,25.2,24.63,25.2,17.9
2025-08-15 06:00:00+00:00,25.22,25.61,25.22,25.34,113.25
2025-08-15 07:00:00+00:00,25.21,25.45,25.13,25.45,86.81
2025-08-15 08:00:00+00:00,25.28,25.36,25.25,25.36,24.18
2025-08-15 09:00:00+00:00,25.2,25.22,24.8,24.8,64.99
2025-08-15 10:00:00+00:00,24.9,24.91,24.73,24.73,24.17
2025-08-15 11:00:00+00:00,24.7,24.71,24.61,24.62,76.45
2025-08-15 12:00:00+00:00,24.59,24.64,24.39,24.51,95.56
2025-08-15 13:00:00+00:00,24.45,24.48,24.18,24.2,41.0
2025-08-15 14:00:00+00:00,24.21,24.21,23.92,24.0,251.02
2025-08-15 15:00:00+00:00,23.86,23.88,23.62,23.63,68.21
2025-08-15 16:00:00+00:00,23.61,23.91,23.52,23.89,43.03
2025-08-15 17:00:00+00:00,23.84,24.21,23.66,24.21,82.98
2025-08-15 18:00:00+00:00,24.09,24.09,23.56,23.56,182.32
2025-08-15 19:00:00+00:00,23.58,23.75,23.58,23.75,11.62
2025-08-15 20:00:00+00:00,23.56,23.74,23.51,23.65,16.47
2025-08-15 21:00:00+00:00,23.76,23.84,23.66,23.72,13.16
2025-08-15 22:00:00+00:00,23.8,24.05,23.75,24.05,43.61
2025-08-15 23:00:00+00:00,24.08,24.12,23.63,23.63,68.01
2025-08-16 00:00:00+00:00,23.8,24.08,23.8,24.08,20.42
2025-08-16 01:00:00+00:00,24.01,24.01,23.86,23.86,1.63
2025-08-16 02:00:00+00:00,23.91,23.91,23.84,23.84,45.22
2025-08-16 03:00:00+00:00,23.87,24.03,23.87,23.94,24.83
2025-08-16 04:00:00+00:00,23.87,23.95,23.78,23.91,8.85
2025-08-16 05:00:00+00:00,23.8,23.8,23.7,23.7,1.11
2025-08-16 06:00:00+00:00,23.71,23.71,23.66,23.66,1.06
2025-08-16 07:00:00+00:00,23.8,23.97,23.8,23.97,1.12
2025-08-16 08:00:00+00:00,24.01,24.03,24.01,24.03,4.94
2025-08-16 09:00:00+00:00,24.04,24.04,23.65,23.65,57.83
2025-08-16 10:00:00+00:00,23.63,23.65,23.62,23.65,10.56
2025-08-16 11:00:00+00:00,23.8,23.8,23.66,23.66,0.94
2025-08-16 12:00:00+00:00,23.76,23.8,23.76,23.8,11.03
2025-08-16 13:00:00+00:00,23.88,24.22,23.76,23.77,2274.02
2025-08-16 14:00:00+00:00,23.79,23.94,23.77,23.94,74.13
2025-08-16 15:00:00+00:00,23.97,24.22,23.93,24.22,52.27
2025-08-16 16:00:00+00:00,24.27,24.3,24.08,24.13,19.58
2025-08-16 17:00:00+00:00,24.11,24.11,23.94,23.98,11.94
2025-08-16 18:00:00+00:00,23.98,24.02,23.97,24.02,15.92
2025-08-16 19:00:00+00:00,24.05,24.22,24.05,24.17,14.39
2025-08-16 20:00:00+00:00,24.19,24.28,24.19,24.26,3.44
2025-08-16 21:00:00+00:00,24.24,24.26,24.18,24.21,15.01
2025-08-16 22:00:00+00:00,24.24,24.24,24.22,24.24,2.03
2025-08-16 23:00:00+00:00,24.25,24.32,24.22,24.32,21.36
2025-08-17 00:00:00+00:00,24.21,24.21,24.08,24.08,12.82
2025-08-17 01:00:00+00:00,24.03,24.15,24.03,24.13,180.94
2025-08-17 02:00:00+00:00,24.22,24.36,24.22,24.36,8.64
2025-08-17 03:00:00+00:00,24.37,24.42,24.28,24.41,35.38
2025-08-17 04:00:00+00:00,24.47,24.59,24.47,24.59,111.88
2025-08-17 05:00:00+00:00,24.6,24.73,24.55,24.56,126.85
2025-08-17 06:00:00+00:00,24.65,24.65,24.52,24.52,12.83
2025-08-17 07:00:00+00:00,24.51,24.52,24.47,24.48,13.97
2025-08-17 08:00:00+00:00,24.55,24.68,24.55,24.68,22.09
2025-08-17 09:00:00+00:00,24.68,24.83,24.66,24.83,17.5
2025-08-17 10:00:00+00:00,24.74,24.91,24.74,24.76,77.49
2025-08-17 11:00:00+00:00,24.79,24.82,24.64,24.82,10.78
2025-08-17 12:00:00+00:00,24.82,24.82,24.82,24.82,0.0
2025-08-17 13:00:00+00:00,24.65,24.9,24.65,24.9,32.4
2025-08-17 14:00:00+00:00,24.92,25.03,24.92,25.01,189.33
2025-08-17 15:00:00+00:00,25.03,25.4,25.03,25.4,683.25
2025-08-17 16:00:00+00:00,25.4,25.46,24.95,24.95,91.54
2025-08-17 17:00:00+00:00,24.99,25.61,24.98,25.53,73.52
2025-08-17 18:00:00+00:00,25.63,25.65,24.99,24.99,80.92
2025-08-17 19:00:00+00:00,25.2,25.34,25.06,25.06,30.39
2025-08-17 20:00:00+00:00,25.07,25.2,25.06,25.12,8.29
2025-08-17 21:00:00+00:00,25.11,25.11,25.05,25.05,3.78
2025-08-17 22:00:00+00:00,25.07,25.25,25.07,25.23,47.83
2025-08-17 23:00:00+00:00,25.06,25.13,25.0,25.06,94.99
2025-08-18 00:00:00+00:00,25.03,25.27,24.87,25.19,20.21
2025-08-18 01:00:00+00:00,25.24,25.24,24.67,24.68,84.25
2025-08-18 02:00:00+00:00,24.66,24.66,23.94,24.08,933.99
2025-08-18 03:00:00+00:00,24.0,24.09,23.73,23.94,42.84
2025-08-18 04:00:00+00:00,23.89,24.08,23.78,24.08,15.68
2025-08-18 05:00:00+00:00,24.09,24.09,23.8,23.8,49.93
2025-08-18 06:00:00+00:00,23.8,23.8,23.45,23.45,147.01
2025-08-18 07:00:00+00:00,23.58,23.58,23.56,23.56,16.02
2025-08-18 08:00:00+00:00,23.54,23.62,23.54,23.57,66.8
2025-08-18 09:00:00+00:00,23.4,23.66,23.39,23.66,4.22
2025-08-18 10:00:00+00:00,23.74,23.86,23.74,23.86,23.54
2025-08-18 11:00:00+00:00,23.81,23.81,23.66,23.66,8.82
2025-08-18 12:00:00+00:00,23.63,23.99,23.63,23.99,29.49
2025-08-18 13:00:00+00:00,24.05,24.12,23.62,23.62,19.58
2025-08-18 14:00:00+00:00,23.58,23.58,23.42,23.42,19.68
2025-08-18 15:00:00+00:00,23.66,23.7,23.47,23.7,45.12
2025-08-18 16:00:00+00:00,23.77,23.8,23.44,23.48,24.95
2025-08-18 17:00:00+00:00,23.54,23.94,23.49,23.8,63.72
2025-08-18 18:00:00+00:00,23.67,23.88,23.59,23.88,103.13
2025-08-18 19:00:00+00:00,23.94,23.94,23.8,23.81,37.82
2025-08-18 20:00:00+00:00,23.77,23.78,23.59,23.59,43.57
2025-08-18 21:00:00+00:00,23.8,23.84,23.75,23.75,7.54
2025-08-18 22:00:00+00:00,23.94,24.1,23.94,23.94,36.31
2025-08-18 23:00:00+00:00,23.8,23.8,23.66,23.66,10.75
2025-08-19 00:00:00+00:00,23.67,23.91,23.39,23.91,349.86
2025-08-19 01:00:00+00:00,23.94,24.02,23.57,23.57,62.82
2025-08-19 02:00:00+00:00,23.58,23.63,23.46,23.61,58.45
2025-08-19 03:00:00+00:00,23.46,23.49,23.13,23.13,138.14
2025-08-19 04:00:00+00:00,23.09,23.17,23.02,23.17,47.38
2025-08-19 05:00:00+00:00,23.26,23.26,23.26,23.26,0.48
2025-08-19 06:00:00+00:00,23.13,23.13,23.13,23.13,0.48
2025-08-19 07:00:00+00:00,23.01,23.04,22.98,23.04,201.38
2025-08-19 08:00:00+00:00,22.98,23.13,22.87,23.13,846.09
2025-08-19 09:00:00+00:00,23.08,23.12,23.08,23.11,13.53
2025-08-19 10:00:00+00:00,23.21,23.26,23.21,23.26,11.07
2025-08-19 11:00:00+00:00,23.34,23.34,23.34,23.34,13.0
2025-08-19 12:00:00+00:00,23.27,23.31,23.15,23.21,11.87
2025-08-19 13:00:00+00:00,23.21,23.43,23.0,23.13,162.31
2025-08-19 14:00:00+00:00,23.01,23.01,22.68,22.86,67.09
2025-08-19 15:00:00+00:00,22.8,23.0,22.71,22.79,60.99
2025-08-19 16:00:00+00:00,22.81,22.81,22.66,22.72,73.08
2025-08-19 17:00:00+00:00,22.69,22.84,22.56,22.71,662.82
2025-08-19 18:00:00+00:00,22.66,22.66,22.46,22.48,45.22
2025-08-19 19:00:00+00:00,22.48,22.71,22.46,22.61,40.83
2025-08-19 20:00:00+00:00,22.46,22.64,22.46,22.64,2.3
2025-08-19 21:00:00+00:00,22.68,22.7,22.66,22.67,17.5
2025-08-19 22:00:00+00:00,22.65,22.65,22.62,22.65,13.29
2025-08-19 23:00:00+00:00,22.64,22.64,22.34,22.34,64.13
2025-08-20 00:00:00+00:00,22.49,22.56,22.49,22.53,46.91
2025-08-20 01:00:00+00:00,22.44,22.59,22.28,22.59,64.84
2025-08-20 02:00:00+00:00,22.64,22.69,22.63,22.63,28.71
2025-08-20 03:00:00+00:00,22.68,22.8,22.61,22.8,209.06
2025-08-20 04:00:00+00:00,22.85,22.87,22.85,22.87,8.79
2025-08-20 05:00:00+00:00,22.84,22.86,22.78,22.86,39.67
2025-08-20 06:00:00+00:00,22.84,22.85,22.82,22.82,15.15
2025-08-20 07:00:00+00:00,22.95,22.97,22.83,22.83,29.07
2025-08-20 08:00:00+00:00,22.9,23.02,22.89,23.02,114.01
2025-08-20 09:00:00+00:00,22.99,23.03,22.92,22.92,13.81
2025-08-20 10:00:00+00:00,22.92,22.92,22.92,22.92,0.0
2025-08-20 11:00:00+00:00,22.86,22.86,22.58,22.73,37.61
2025-08-20 12:00:00+00:00,22.86,22.9,22.86,22.9,1.11
2025-08-20 13:00:00+00:00,22.82,22.82,22.54,22.54,21.68
2025-08-20 14:00:00+00:00,22.52,23.01,22.43,23.01,44.81
2025-08-20 15:00:00+00:00,23.03,23.33,23.03,23.13,67.67
2025-08-20 16:00:00+00:00,23.18,23.37,23.13,23.26,541.09
2025-08-20 17:00:00+00:00,23.32,23.43,23.32,23.4,37.25
2025-08-20 18:00:00+00:00,23.26,23.26,23.0,23.13,24.42
2025-08-20 19:00:00+00:00,23.26,23.48,23.26,23.48,175.25
2025-08-20 20:00:00+00:00,23.43,23.43,23.43,23.43,10.71
2025-08-20 21:00:00+00:00,23.43,23.43,23.43,23.43,0.0
2025-08-20 22:00:00+00:00,23.46,23.46,23.46,23.46,0.43
2025-08-20 23:00:00+00:00,23.52,23.57,23.48,23.48,181.81
2025-08-21 00:00:00+00:00,23.43,23.46,23.31,23.46,101.68
2025-08-21 01:00:00+00:00,23.46,23.46,23.46,23.46,2.13
2025-08-21 02:00:00+00:00,23.52,23.58,23.18,23.26,29.6
2025-08-21 03:00:00+00:00,23.35,23.52,23.35,23.42,4.76
2025-08-21 04:00:00+00:00,23.39,23.54,23.34,23.43,338.12
2025-08-21 05:00:00+00:00,23.42,23.52,23.3,23.52,56.04
2025-08-21 06:00:00+00:00,23.39,23.45,23.39,23.43,2.07
2025-08-21 07:00:00+00:00,23.26,23.39,23.23,23.39,1.14
2025-08-21 08:00:00+00:00,23.26,23.26,23.13,23.13,20.52
2025-08-21 09:00:00+00:00,23.12,23.24,23.01,23.24,44.78
2025-08-21 10:00:00+00:00,23.24,23.24,23.24,23.24,0.0
2025-08-21 11:00:00+00:00,23.12,23.12,23.1,23.11,5.37
2025-08-21 12:00:00+00:00,23.14,23.16,22.97,22.97,23.44
2025-08-21 13:00:00+00:00,23.13,23.31,23.13,23.26,45.59
2025-08-21 14:00:00+00:00,23.13,23.39,23.09,23.09,22.23
2025-08-21 15:00:00+00:00,23.02,23.16,22.95,22.95,33.43
2025-08-21 16:00:00+00:00,22.92,23.05,22.83,22.83,118.49
2025-08-21 17:00:00+00:00,22.79,22.94,22.76,22.94,7.65
2025-08-21 18:00:00+00:00,22.92,23.0,22.86,23.0,6.74
2025-08-21 19:00:00+00:00,23.05,23.05,22.82,22.82,100.17
2025-08-21 20:00:00+00:00,22.87,23.02,22.77,23.02,176.74
2025-08-21 21:00:00+00:00,22.94,23.03,22.86,22.97,97.47
2025-08-21 22:00:00+00:00,22.97,23.02,22.95,22.95,7.12
2025-08-21 23:00:00+00:00,22.86,22.86,22.74,22.74,1.06
2025-08-22 00:00:00+00:00,22.87,22.87,22.87,22.87,0.87
2025-08-22 01:00:00+00:00,22.73,22.86,22.73,22.86,1.19
2025-08-22 02:00:00+00:00,23.0,23.2,23.0,23.19,156.43
2025-08-22 03:00:00+00:00,23.08,23.1,22.84,22.84,18.78
2025-08-22 04:00:00+00:00,23.0,23.09,23.0,23.09,13.76
2025-08-22 05:00:00+00:00,22.9,23.02,22.9,23.02,4.43
2025-08-22 06:00:00+00:00,22.86,22.86,22.84,22.85,2.25
2025-08-22 07:00:00+00:00,23.0,23.09,23.0,23.09,13.98
2025-08-22 08:00:00+00:00,23.13,23.14,23.13,23.14,1.35
2025-08-22 09:00:00+00:00,23.0,23.0,22.95,22.95,7.73
2025-08-22 10:00:00+00:00,22.97,22.97,22.78,22.78,5.09
2025-08-22 11:00:00+00:00,22.73,22.73,22.6,22.68,121.57
2025-08-22 12:00:00+00:00,22.6,22.6,22.28,22.46,116.07
2025-08-22 13:00:00+00:00,22.45,22.73,22.45,22.63,81.5
2025-08-22 14:00:00+00:00,22.78,24.16,22.78,24.16,652.59
2025-08-22 15:00:00+00:00,24.17,24.49,24.17,24.33,210.53
2025-08-22 16:00:00+00:00,24.29,24.99,24.29,24.78,226.0
2025-08-22 17:00:00+00:00,24.83,25.2,24.31,24.96,2957.95
2025-08-22 18:00:00+00:00,25.0,25.12,24.92,24.92,217.58
2025-08-22 19:00:00+00:00,25.03,25.13,24.97,25.12,90.94
2025-08-22 20:00:00+00:00,25.13,25.24,25.1,25.17,208.45
2025-08-22 21:00:00+00:00,25.21,25.38,25.19,25.21,131.96
2025-08-22 22:00:00+00:00,25.29,25.29,25.1,25.1,130.89
2025-08-22 23:00:00+00:00,25.21,25.26,25.21,25.26,4.12
2025-08-23 00:00:00+00:00,25.21,25.26,25.18,25.18,106.07
2025-08-23 01:00:00+00:00,25.06,25.07,24.77,24.86,45.67
2025-08-23 02:00:00+00:00,24.92,24.97,24.54,24.72,193.27
2025-08-23 03:00:00+00:00,24.76,24.95,24.69,24.86,55.5
2025-08-23 04:00:00+00:00,25.02,25.24,25.01,25.24,55.82
2025-08-23 05:00:00+00:00,25.25,25.52,25.25,25.51,73.59
2025-08-23 06:00:00+00:00,25.52,25.56,25.33,25.35,107.74
2025-08-23 07:00:00+00:00,25.32,25.32,25.32,25.32,0.24
2025-08-23 08:00:00+00:00,25.26,25.26,25.26,25.26,2.81
2025-08-23 09:00:00+00:00,25.23,25.9,25.23,25.84,306.45
2025-08-23 10:00:00+00:00,25.79,25.82,25.69,25.76,11.13
2025-08-23 11:00:00+00:00,25.77,26.01,25.72,25.86,153.99
2025-08-23 12:00:00+00:00,25.95,26.17,25.82,26.15,205.56
2025-08-23 13:00:00+00:00,26.24,26.74,26.16,26.62,1758.93
2025-08-23 14:00:00+00:00,26.63,26.63,26.34,26.34,307.23
2025-08-23 15:00:00+00:00,26.24,26.29,25.63,25.63,455.11
2025-08-23 16:00:00+00:00,25.63,25.63,25.39,25.49,70.77
2025-08-23 17:00:00+00:00,25.49,25.77,25.49,25.77,5.48
2025-08-23 18:00:00+00:00,25.75,25.82,25.66,25.82,970.19
2025-08-23 19:00:00+00:00,25.85,25.98,25.85,25.93,43.92
2025-08-23 20:00:00+00:00,26.0,26.02,25.86,25.86,784.06
2025-08-23 21:00:00+00:00,25.78,25.89,25.78,25.89,3.06
2025-08-23 22:00:00+00:00,25.93,26.2,25.93,26.2,39.27
2025-08-23 23:00:00+00:00,26.2,26.31,26.2,26.26,35.73
2025-08-24 00:00:00+00:00,26.3,26.3,26.06,26.07,613.83
2025-08-24 01:00:00+00:00,26.03,26.1,25.96,26.1,74.93
2025-08-24 02:00:00+00:00,25.99,26.12,25.99,26.12,71.38
2025-08-24 03:00:00+00:00,25.93,26.01,25.9,26.0,78.06
2025-08-24 04:00:00+00:00,26.0,26.0,25.78,25.78,19.78
2025-08-24 05:00:00+00:00,25.88,25.88,25.61,25.61,25.4
2025-08-24 06:00:00+00:00,25.6,25.6,25.5,25.58,23.8
2025-08-24 07:00:00+00:00,25.58,25.6,25.48,25.48,5.67
2025-08-24 08:00:00+00:00,25.46,25.47,25.43,25.47,64.18
2025-08-24 09:00:00+00:00,25.53,25.53,25.47,25.47,114.26
2025-08-24 10:00:00+00:00,25.42,25.42,24.97,24.97,86.56
2025-08-24 11:00:00+00:00,24.96,25.06,24.96,25.05,11.24
2025-08-24 12:00:00+00:00,25.02,25.02,25.02,25.02,5.98
2025-08-24 13:00:00+00:00,25.02,25.02,25.02,25.02,0.0
2025-08-24 14:00:00+00:00,25.09,25.48,25.01,25.48,443.93
2025-08-24 15:00:00+00:00,25.54,25.87,25.5,25.5,293.62
2025-08-24 16:00:00+00:00,25.52,25.75,25.47,25.75,252.39
2025-08-24 17:00:00+00:00,25.78,26.07,25.76,26.01,116.29
2025-08-24 18:00:00+00:00,25.89,26.51,25.89,26.51,252.44
2025-08-24 19:00:00+00:00,26.44,26.55,25.28,25.75,471.44
2025-08-24 20:00:00+00:00,25.83,25.83,25.2,25.78,1131.78
2025-08-24 21:00:00+00:00,25.63,25.87,25.48,25.87,36.02
2025-08-24 22:00:00+00:00,25.63,25.75,25.48,25.71,385.89
2025-08-24 23:00:00+00:00,25.78,25.85,25.75,25.75,136.62
2025-08-25 00:00:00+00:00,25.76,25.93,25.19,25.34,44.16
2025-08-25 01:00:00+00:00,25.37,25.63,25.33,25.63,201.01
2025-08-25 02:00:00+00:00,25.73,25.81,25.73,25.8,204.9
2025-08-25 03:00:00+00:00,25.73,25.78,25.63,25.63,6.25
2025-08-25 04:00:00+00:00,25.48,25.48,25.45,25.45,1.01
2025-08-25 05:00:00+00:00,25.35,25.35,25.11,25.11,19.95
2025-08-25 06:00:00+00:00,25.1,25.1,24.66,24.66,132.81
2025-08-25 07:00:00+00:00,24.73,24.73,24.21,24.24,165.5
2025-08-25 08:00:00+00:00,24.3,24.37,24.16,24.37,36.62
2025-08-25 09:00:00+00:00,24.33,24.33,24.19,24.19,42.78
2025-08-25 10:00:00+00:00,24.1,24.13,24.04,24.13,41.42
2025-08-25 11:00:00+00:00,24.15,24.22,24.15,24.22,94.58
2025-08-25 12:00:00+00:00,24.28,24.28,24.22,24.27,44.25
2025-08-25 13:00:00+00:00,24.25,24.36,24.1,24.1,17.89
2025-08-25 14:00:00+00:00,24.35,24.54,24.32,24.32,31.91
2025-08-25 15:00:00+00:00,24.42,24.42,24.16,24.16,69.13
2025-08-25 16:00:00+00:00,24.1,24.28,24.08,24.28,24.96
2025-08-25 17:00:00+00:00,24.12,24.12,23.92,23.97,84.55
2025-08-25 18:00:00+00:00,23.94,24.04,23.9,24.0,11.33
2025-08-25 19:00:00+00:00,23.9,23.97,23.56,23.56,168.04
2025-08-25 20:00:00+00:00,23.63,23.63,23.16,23.31,163.42
2025-08-25 21:00:00+00:00,23.22,23.26,23.08,23.26,241.12
2025-08-25 22:00:00+00:00,23.13,23.49,23.13,23.49,52.53
2025-08-25 23:00:00+00:00,23.27,23.39,23.27,23.36,14.68
2025-08-26 00:00:00+00:00,23.26,23.4,23.13,23.26,18.51
2025-08-26 01:00:00+00:00,23.13,23.45,23.13,23.37,47.32
2025-08-26 02:00:00+00:00,23.52,23.6,23.39,23.39,83.52
2025-08-26 03:00:00+00:00,23.38,23.38,23.34,23.35,62.52
2025-08-26 04:00:00+00:00,23.35,23.52,23.35,23.52,17.99
2025-08-26 05:00:00+00:00,23.51,23.52,23.39,23.39,46.08
2025-08-26 06:00:00+00:00,23.32,23.32,23.26,23.26,17.67
2025-08-26 07:00:00+00:00,23.24,23.52,23.16,23.39,3.72
2025-08-26 08:00:00+00:00,23.31,23.31,23.21,23.28,5.76
2025-08-26 09:00:00+00:00,23.35,23.35,23.35,23.35,10.34
2025-08-26 10:00:00+00:00,23.39,23.52,23.39,23.52,9.06
2025-08-26 11:00:00+00:00,23.39,23.39,23.28,23.28,1.12
2025-08-26 12:00:00+00:00,23.52,23.9,23.52,23.52,45.89
2025-08-26 13:00:00+00:00,23.46,23.58,23.2,23.39,56.28
2025-08-26 14:00:00+00:00,23.52,23.85,23.47,23.85,10.97
2025-08-26 15:00:00+00:00,23.83,23.89,23.6,23.6,23.78
2025-08-26 16:00:00+00:00,23.77,23.9,23.76,23.9,41.78
2025-08-26 17:00:00+00:00,23.89,23.89,23.75,23.76,55.92
2025-08-26 18:00:00+00:00,23.8,23.82,23.8,23.82,1.03
2025-08-26 19:00:00+00:00,23.9,24.27,23.9,24.27,79.99
2025-08-26 20:00:00+00:00,24.27,24.32,24.18,24.19,45.72
2025-08-26 21:00:00+00:00,24.08,24.1,24.08,24.1,2.94
2025-08-26 22:00:00+00:00,24.16,24.17,24.1,24.17,29.56
2025-08-26 23:00:00+00:00,24.2,24.63,24.17,24.18,402.23
2025-08-27 00:00:00+00:00,24.14,24.15,24.08,24.08,14.47
2025-08-27 01:00:00+00:00,24.0,24.0,23.91,23.91,73.8
2025-08-27 02:00:00+00:00,23.89,24.17,23.88,24.17,12.33
2025-08-27 03:00:00+00:00,24.17,24.49,24.14,24.49,36.0
2025-08-27 04:00:00+00:00,24.4,24.62,24.4,24.4,22.4
2025-08-27 05:00:00+00:00,24.5,24.55,24.5,24.55,2.15
2025-08-27 06:00:00+00:00,24.53,24.53,24.52,24.52,27.64
2025-08-27 07:00:00+00:00,24.42,24.42,24.19,24.31,109.11
2025-08-27 08:00:00+00:00,24.36,24.36,24.36,24.36,0.45
2025-08-27 09:00:00+00:00,24.49,24.52,24.49,24.51,5.61
2025-08-27 10:00:00+00:00,24.36,24.38,24.36,24.38,3.87
2025-08-27 11:00:00+00:00,24.38,24.38,24.38,24.38,0.0
2025-08-27 12:00:00+00:00,24.5,24.71,24.5,24.71,24.49
2025-08-27 13:00:00+00:00,24.72,24.92,24.58,24.78,96.25
2025-08-27 14:00:00+00:00,24.75,25.29,24.75,25.23,557.14
2025-08-27 15:00:00+00:00,25.17,25.24,24.9,24.98,91.77
2025-08-27 16:00:00+00:00,25.06,25.1,24.89,25.1,35.11
2025-08-27 17:00:00+00:00,25.0,25.17,24.98,25.12,135.0
2025-08-27 18:00:00+00:00,25.19,25.19,24.92,24.92,22.64
2025-08-27 19:00:00+00:00,24.89,24.89,24.59,24.7,171.78
2025-08-27 20:00:00+00:00,24.64,24.98,24.46,24.98,157.7
2025-08-27 21:00:00+00:00,25.02,25.04,24.59,24.59,40.4
2025-08-27 22:00:00+00:00,24.5,24.58,24.39,24.57,41.46
2025-08-27 23:00:00+00:00,24.57,24.57,24.57,24.57,0.0
2025-08-28 00:00:00+00:00,24.45,24.45,24.26,24.26,26.93
2025-08-28 01:00:00+00:00,24.5,24.64,24.5,24.64,10.15
2025-08-28 02:00:00+00:00,24.62,24.62,24.5,24.5,1.92
2025-08-28 03:00:00+00:00,24.43,24.71,24.43,24.71,52.3
2025-08-28 04:00:00+00:00,24.67,24.78,24.64,24.78,43.02
2025-08-28 05:00:00+00:00,24.78,24.86,24.78,24.86,8.12
2025-08-28 06:00:00+00:00,24.7,24.73,24.7,24.73,10.68
2025-08-28 07:00:00+00:00,24.77,24.77,24.56,24.56,7.91
2025-08-28 08:00:00+00:00,24.78,24.92,24.78,24.78,6.09
2025-08-28 09:00:00+00:00,24.64,24.64,24.55,24.55,29.68
2025-08-28 10:00:00+00:00,24.5,24.5,24.42,24.42,2.4
2025-08-28 11:00:00+00:00,24.42,24.48,24.42,24.48,17.68
2025-08-28 12:00:00+00:00,24.51,24.57,24.5,24.57,38.66
2025-08-28 13:00:00+00:00,24.57,24.66,24.57,24.66,44.67
2025-08-28 14:00:00+00:00,24.78,25.04,24.63,24.81,27.88
2025-08-28 15:00:00+00:00,24.82,24.92,24.45,24.56,182.75
2025-08-28 16:00:00+00:00,24.64,24.66,24.31,24.31,102.31
2025-08-28 17:00:00+00:00,24.29,24.4,24.24,24.39,85.6
2025-08-28 18:00:00+00:00,24.39,24.39,24.39,24.39,0.0
2025-08-28 19:00:00+00:00,24.42,24.42,24.19,24.19,16.65
2025-08-28 20:00:00+00:00,24.19,24.19,24.19,24.19,0.0
2025-08-28 21:00:00+00:00,24.24,24.37,24.24,24.37,0.91
2025-08-28 22:00:00+00:00,24.5,24.77,24.5,24.76,25.72
2025-08-28 23:00:00+00:00,24.78,24.91,24.78,24.91,10.75
2025-08-29 00:00:00+00:00,24.92,24.95,24.86,24.86,167.72
2025-08-29 01:00:00+00:00,24.78,24.78,24.78,24.78,0.44
2025-08-29 02:00:00+00:00,24.83,25.01,24.83,25.01,376.77
2025-08-29 03:00:00+00:00,25.04,25.13,24.98,25.09,64.28
2025-08-29 04:00:00+00:00,25.13,25.14,24.65,24.97,350.54
2025-08-29 05:00:00+00:00,24.82,24.85,24.82,24.85,11.72
2025-08-29 06:00:00+00:00,25.01,25.01,24.52,24.52,86.27
2025-08-29 07:00:00+00:00,24.52,24.52,24.1,24.1,693.04
2025-08-29 08:00:00+00:00,24.19,24.19,23.73,23.73,253.38
2025-08-29 09:00:00+00:00,23.71,23.95,23.6,23.76,53.17
2025-08-29 10:00:00+00:00,23.82,23.9,23.79,23.79,33.04
2025-08-29 11:00:00+00:00,23.75,23.76,23.75,23.76,5.57
2025-08-29 12:00:00+00:00,23.74,24.41,23.74,24.22,198.71
2025-08-29 13:00:00+00:00,24.08,24.08,23.62,23.71,79.86
2025-08-29 14:00:00+00:00,23.71,23.75,23.45,23.75,134.72
2025-08-29 15:00:00+00:00,23.79,23.88,23.51,23.51,141.86
2025-08-29 16:00:00+00:00,23.51,23.51,23.4,23.4,55.1
2025-08-29 17:00:00+00:00,23.39,23.39,23.37,23.37,11.86
2025-08-29 18:00:00+00:00,23.32,23.32,23.23,23.25,41.07
2025-08-29 19:00:00+00:00,23.31,23.55,23.31,23.52,19.86
2025-08-29 20:00:00+00:00,23.49,23.49,23.33,23.33,6.77
2025-08-29 21:00:00+00:00,23.28,23.61,23.25,23.61,13.88
2025-08-29 22:00:00+00:00,23.49,23.54,23.49,23.51,7.75
2025-08-29 23:00:00+00:00,23.56,23.61,23.56,23.59,22.18
2025-08-30 00:00:00+00:00,23.52,23.54,23.39,23.39,39.6
2025-08-30 01:00:00+00:00,23.39,23.39,23.17,23.17,95.88
2025-08-30 02:00:00+00:00,23.35,23.37,23.31,23.31,22.38
2025-08-30 03:00:00+00:00,23.31,23.65,23.31,23.53,39.32
2025-08-30 04:00:00+00:00,23.6,23.6,23.6,23.6,0.21
2025-08-30 05:00:00+00:00,23.62,23.72,23.62,23.72,19.08
2025-08-30 06:00:00+00:00,23.73,23.82,23.73,23.82,31.31
2025-08-30 07:00:00+00:00,23.87,23.87,23.87,23.87,1.04
2025-08-30 08:00:00+00:00,23.87,23.87,23.87,23.87,0.0
2025-08-30 09:00:00+00:00,23.67,23.67,23.58,23.58,3.24
2025-08-30 10:00:00+00:00,23.55,23.55,23.55,23.55,3.42
2025-08-30 11:00:00+00:00,23.64,23.64,23.64,23.64,11.23
2025-08-30 12:00:00+00:00,23.74,23.74,23.5,23.5,3.7
2025-08-30 13:00:00+00:00,23.43,23.43,23.4,23.4,0.59
2025-08-30 14:00:00+00:00,23.56,23.67,23.56,23.67,8.53
2025-08-30 15:00:00+00:00,23.78,23.9,23.78,23.9,14.17
2025-08-30 16:00:00+00:00,23.9,23.9,23.9,23.9,0.0
2025-08-30 17:00:00+00:00,23.72,23.72,23.66,23.66,30.45
2025-08-30 18:00:00+00:00,23.67,23.67,23.67,23.67,0.83
2025-08-30 19:00:00+00:00,23.67,23.67,23.67,23.67,0.0
2025-08-30 20:00:00+00:00,23.7,23.7,23.58,23.58,42.97
2025-08-30 21:00:00+00:00,23.68,23.68,23.68,23.68,0.17
2025-08-30 22:00:00+00:00,23.64,23.64,23.64,23.64,0.42
2025-08-30 23:00:00+00:00,23.75,23.83,23.75,23.82,38.38
2025-08-31 00:00:00+00:00,23.79,24.02,23.79,24.02,12.62
2025-08-31 01:00:00+00:00,24.05,24.05,23.99,23.99,4.84
2025-08-31 02:00:00+00:00,24.01,24.01,23.95,23.97,13.93
2025-08-31 03:00:00+00:00,23.98,24.0,23.96,23.99,10.03
2025-08-31 04:00:00+00:00,23.99,23.99,23.99,23.99,0.0
2025-08-31 05:00:00+00:00,23.89,23.89,23.89,23.89,0.16
2025-08-31 06:00:00+00:00,23.85,23.85,23.85,23.85,0.79
2025-08-31 07:00:00+00:00,23.89,23.89,23.89,23.89,1.04
2025-08-31 08:00:00+00:00,23.92,24.16,23.92,24.16,21.73
2025-08-31 09:00:00+00:00,24.12,24.12,24.08,24.08,7.5
2025-08-31 10:00:00+00:00,23.96,23.96,23.88,23.88,3.73
2025-08-31 11:00:00+00:00,23.88,23.88,23.88,23.88,0.0
2025-08-31 12:00:00+00:00,24.09,24.09,24.09,24.09,2.07
2025-08-31 13:00:00+00:00,24.06,24.06,23.91,23.91,1.04
2025-08-31 14:00:00+00:00,23.92,24.03,23.92,24.01,22.89
2025-08-31 15:00:00+00:00,23.97,23.97,23.97,23.97,41.71
2025-08-31 16:00:00+00:00,23.97,23.97,23.97,23.97,0.0
2025-08-31 17:00:00+00:00,23.97,23.97,23.97,23.97,2.08
2025-08-31 18:00:00+00:00,23.95,24.01,23.95,24.01,57.3
2025-08-31 19:00:00+00:00,23.87,23.87,23.84,23.84,22.01
2025-08-31 20:00:00+00:00,23.8,23.88,23.75,23.78,73.13
2025-08-31 21:00:00+00:00,23.84,23.94,23.84,23.94,2.39
2025-08-31 22:00:00+00:00,23.82,23.82,23.73,23.73,2.21
2025-08-31 23:00:00+00:00,23.65,23.67,23.4,23.4,32.29
2025-09-01 00:00:00+00:00,23.39,23.44,23.2,23.42,862.54
2025-09-01 01:00:00+00:00,23.38,23.42,23.35,23.35,11.19
2025-09-01 02:00:00+00:00,23.26,23.26,23.09,23.09,68.6
2025-09-01 03:00:00+00:00,23.09,23.2,23.08,23.08,126.15
2025-09-01 04:00:00+00:00,23.16,23.16,22.96,22.96,47.22
2025-09-01 05:00:00+00:00,22.92,23.01,22.89,23.01,7.07
2025-09-01 06:00:00+00:00,23.11,23.11,23.11,23.11,1.81
2025-09-01 07:00:00+00:00,23.13,23.77,23.09,23.77,106.33
2025-09-01 08:00:00+00:00,23.79,24.09,23.79,24.09,65.53
2025-09-01 09:00:00+00:00,24.1,24.29,24.1,24.14,50.43
2025-09-01 10:00:00+00:00,24.21,24.21,23.87,23.88,9.8
2025-09-01 11:00:00+00:00,23.99,24.02,23.73,23.77,25.3
2025-09-01 12:00:00+00:00,23.83,23.87,23.83,23.87,2.36
2025-09-01 13:00:00+00:00,23.87,23.87,23.87,23.87,0.0
2025-09-01 14:00:00+00:00,23.88,23.88,23.86,23.86,17.46
2025-09-01 15:00:00+00:00,23.86,23.86,23.62,23.62,26.66
2025-09-01 16:00:00+00:00,23.59,23.82,23.58,23.82,6.94
2025-09-01 17:00:00+00:00,23.61,23.61,23.39,23.52,23.12
2025-09-01 18:00:00+00:00,23.53,23.57,23.53,23.57,2.19
2025-09-01 19:00:00+00:00,23.48,23.51,23.44,23.49,984.88
2025-09-01 20:00:00+00:00,23.49,23.49,23.02,23.03,169.63
2025-09-01 21:00:00+00:00,23.14,23.14,22.7,22.76,406.89
2025-09-01 22:00:00+00:00,22.83,22.87,22.67,22.86,81.75
2025-09-01 23:00:00+00:00,22.86,23.22,22.86,23.13,46.94
2025-09-02 00:00:00+00:00,23.16,23.16,23.09,23.16,176.02
2025-09-02 01:00:00+00:00,23.06,23.37,23.06,23.25,55.78
2025-09-02 02:00:00+00:00,23.25,23.56,23.25,23.56,49.22
2025-09-02 03:00:00+00:00,23.59,23.73,23.57,23.63,31.94
2025-09-02 04:00:00+00:00,23.65,23.9,23.65,23.9,85.9
2025-09-02 05:00:00+00:00,23.91,23.99,23.91,23.96,31.18
2025-09-02 06:00:00+00:00,24.01,24.1,24.01,24.06,40.93
2025-09-02 07:00:00+00:00,24.05,24.05,23.82,23.82,9.29
2025-09-02 08:00:00+00:00,23.82,23.82,23.82,23.82,0.0
2025-09-02 09:00:00+00:00,24.12,24.16,24.12,24.16,14.58
2025-09-02 10:00:00+00:00,24.2,24.22,24.2,24.22,75.63
2025-09-02 11:00:00+00:00,24.13,24.16,24.0,24.0,8.91
2025-09-02 12:00:00+00:00,23.94,23.94,23.59,23.59,55.15
2025-09-02 13:00:00+00:00,23.59,24.03,23.56,24.03,57.85
2025-09-02 14:00:00+00:00,24.05,24.18,24.05,24.07,29.4
2025-09-02 15:00:00+00:00,23.88,23.88,23.73,23.75,11.26
2025-09-02 16:00:00+00:00,23.69,23.75,23.68,23.75,11.76
2025-09-02 17:00:00+00:00,23.86,23.92,23.82,23.92,27.26
2025-09-02 18:00:00+00:00,23.82,23.82,23.68,23.68,12.15
2025-09-02 19:00:00+00:00,23.86,23.88,23.76,23.77,56.27
2025-09-02 20:00:00+00:00,23.9,24.13,23.9,24.1,24.04
2025-09-02 21:00:00+00:00,24.14,24.22,24.14,24.22,89.8
2025-09-02 22:00:00+00:00,24.27,24.43,24.22,24.42,67.49
2025-09-02 23:00:00+00:00,24.47,24.49,24.38,24.38,18.03
2025-09-03 00:00:00+00:00,24.5,24.53,24.48,24.48,12.36
2025-09-03 01:00:00+00:00,24.54,24.66,24.25,24.5,44.65
2025-09-03 02:00:00+00:00,24.54,24.54,24.47,24.54,23.47
2025-09-03 03:00:00+00:00,24.45,24.53,24.29,24.29,22.12
2025-09-03 04:00:00+00:00,24.4,24.5,24.36,24.5,152.95
2025-09-03 05:00:00+00:00,24.36,24.48,24.36,24.48,4.19
2025-09-03 06:00:00+00:00,24.5,24.72,24.5,24.6,20.63
2025-09-03 07:00:00+00:00,24.74,24.75,24.74,24.75,27.16
2025-09-03 08:00:00+00:00,24.75,25.76,24.75,25.01,420.46
2025-09-03 09:00:00+00:00,24.96,25.12,24.92,25.12,48.18
2025-09-03 10:00:00+00:00,25.04,25.04,25.04,25.04,1.82
2025-09-03 11:00:00+00:00,25.02,25.11,24.99,24.99,35.63
2025-09-03 12:00:00+00:00,25.03,25.03,24.95,24.95,18.26
2025-09-03 13:00:00+00:00,24.92,25.2,24.92,25.17,78.18
2025-09-03 14:00:00+00:00,25.21,25.39,25.18,25.38,8.1
2025-09-03 15:00:00+00:00,25.42,25.48,25.42,25.48,26.59
2025-09-03 16:00:00+00:00,25.48,25.56,25.28,25.28,98.05
2025-09-03 17:00:00+00:00,25.46,25.46,25.34,25.35,19.06
2025-09-03 18:00:00+00:00,25.21,25.21,25.18,25.18,45.27
2025-09-03 19:00:00+00:00,25.3,25.34,25.3,25.34,2.78
2025-09-03 20:00:00+00:00,25.37,25.38,25.22,25.22,69.18
2025-09-03 21:00:00+00:00,25.21,25.21,25.15,25.21,48.97
2025-09-03 22:00:00+00:00,25.22,25.31,25.22,25.26,20.93
2025-09-03 23:00:00+00:00,25.17,25.23,25.15,25.15,12.76
2025-09-04 00:00:00+00:00,25.23,25.26,25.2,25.26,60.38
2025-09-04 01:00:00+00:00,25.23,25.23,25.1,25.1,3.25
2025-09-04 02:00:00+00:00,25.2,25.2,25.2,25.2,0.12
2025-09-04 03:00:00+00:00,25.15,25.15,25.09,25.14,7.5
2025-09-04 04:00:00+00:00,25.18,25.18,25.06,25.06,5.45
2025-09-04 05:00:00+00:00,24.93,24.93,24.76,24.76,75.92
2025-09-04 06:00:00+00:00,24.83,24.83,24.68,24.68,10.34
2025-09-04 07:00:00+00:00,24.72,24.77,24.72,24.77,2.12
2025-09-04 08:00:00+00:00,24.77,24.85,24.77,24.82,1.15
2025-09-04 09:00:00+00:00,24.71,24.71,24.71,24.71,7.88
2025-09-04 10:00:00+00:00,24.68,24.68,24.64,24.64,21.73
2025-09-04 11:00:00+00:00,24.78,24.78,24.62,24.62,3.81
2025-09-04 12:00:00+00:00,24.59,24.66,24.54,24.63,61.22
2025-09-04 13:00:00+00:00,24.73,24.73,24.73,24.73,0.44
2025-09-04 14:00:00+00:00,24.7,24.7,24.6,24.67,93.18
2025-09-04 15:00:00+00:00,24.67,24.78,24.67,24.78,20.66
2025-09-04 16:00:00+00:00,24.71,24.74,24.64,24.65,25.59
2025-09-04 17:00:00+00:00,24.53,24.57,24.39,24.39,81.34
2025-09-04 18:00:00+00:00,24.39,24.48,24.31,24.31,81.24
2025-09-04 19:00:00+00:00,24.3,24.3,24.22,24.22,7.66
2025-09-04 20:00:00+00:00,24.35,24.46,24.35,24.46,8.55
2025-09-04 21:00:00+00:00,24.46,24.46,24.45,24.45,13.28
2025-09-04 22:00:00+00:00,24.47,24.5,24.42,24.42,2.48
2025-09-04 23:00:00+00:00,24.36,24.36,24.24,24.24,2.45
2025-09-05 00:00:00+00:00,24.22,24.22,23.93,23.93,118.77
2025-09-05 01:00:00+00:00,23.92,24.16,23.91,24.14,4.32
2025-09-05 02:00:00+00:00,24.07,24.22,24.07,24.22,28.52
2025-09-05 03:00:00+00:00,24.28,24.36,24.21,24.36,3.52
2025-09-05 04:00:00+00:00,24.36,24.38,24.25,24.38,7.14
2025-09-05 05:00:00+00:00,24.45,24.47,24.43,24.47,127.65
2025-09-05 06:00:00+00:00,24.47,24.47,24.47,24.47,0.0
2025-09-05 07:00:00+00:00,24.49,24.94,24.49,24.94,296.25
2025-09-05 08:00:00+00:00,24.88,25.2,24.77,24.77,289.01
2025-09-05 09:00:00+00:00,24.78,24.78,24.62,24.7,21.34
2025-09-05 10:00:00+00:00,24.78,24.81,24.74,24.74,3.17
2025-09-05 11:00:00+00:00,24.74,24.77,24.7,24.73,8.38
2025-09-05 12:00:00+00:00,24.74,25.06,24.74,24.84,222.79
2025-09-05 13:00:00+00:00,25.04,25.08,24.86,24.97,53.64
2025-09-05 14:00:00+00:00,24.82,24.82,24.16,24.36,53.58
2025-09-05 15:00:00+00:00,24.22,24.5,24.22,24.36,89.21
2025-09-05 16:00:00+00:00,24.33,24.42,24.33,24.42,4.83
2025-09-05 17:00:00+00:00,24.39,24.39,24.39,24.39,0.24
2025-09-05 18:00:00+00:00,24.41,24.41,24.41,24.41,0.29
2025-09-05 19:00:00+00:00,24.41,24.41,24.41,24.41,0.0
2025-09-05 20:00:00+00:00,24.39,24.5,24.39,24.5,14.42
2025-09-05 21:00:00+00:00,24.55,24.55,24.36,24.37,1270.97
2025-09-05 22:00:00+00:00,24.28,24.28,24.24,24.24,7.54
2025-09-05 23:00:00+00:00,24.45,24.49,24.45,24.49,4.29
2025-09-06 00:00:00+00:00,24.5,24.5,24.5,24.5,0.45
2025-09-06 01:00:00+00:00,24.44,24.5,24.36,24.43,567.27
2025-09-06 02:00:00+00:00,24.36,24.36,24.36,24.36,5.21
2025-09-06 03:00:00+00:00,24.45,24.45,24.45,24.45,2.04
2025-09-06 04:00:00+00:00,24.4,24.4,24.33,24.33,1.39
2025-09-06 05:00:00+00:00,24.31,24.32,24.24,24.24,84.6
2025-09-06 06:00:00+00:00,24.24,24.24,24.24,24.24,3.59
2025-09-06 07:00:00+00:00,24.24,24.24,24.24,24.24,0.0
2025-09-06 08:00:00+00:00,24.24,24.24,24.24,24.24,0.0
2025-09-06 09:00:00+00:00,24.22,24.22,24.16,24.16,6.57
2025-09-06 10:00:00+00:00,24.13,24.2,24.13,24.2,9.53
2025-09-06 11:00:00+00:00,24.16,24.16,24.16,24.16,0.29
2025-09-06 12:00:00+00:00,24.15,24.15,24.15,24.15,4.78
2025-09-06 13:00:00+00:00,24.2,24.2,24.2,24.2,0.57
2025-09-06 14:00:00+00:00,24.36,24.41,24.36,24.37,1.99
2025-09-06 15:00:00+00:00,24.34,24.34,24.34,24.34,1.03
2025-09-06 16:00:00+00:00,24.22,24.59,24.22,24.56,49.4
2025-09-06 17:00:00+00:00,24.57,24.57,24.57,24.57,31.3
2025-09-06 18:00:00+00:00,24.57,24.57,24.57,24.57,0.0
2025-09-06 19:00:00+00:00,24.5,24.5,24.36,24.36,15.37
2025-09-06 20:00:00+00:00,24.37,24.37,24.37,24.37,0.82
2025-09-06 21:00:00+00:00,24.35,24.41,24.32,24.4,77.58
2025-09-06 22:00:00+00:00,24.47,24.47,24.47,24.47,0.41
2025-09-06 23:00:00+00:00,24.4,24.4,24.38,24.38,12.63
2025-09-07 00:00:00+00:00,24.41,24.47,24.41,24.47,3.28
2025-09-07 01:00:00+00:00,24.44,24.53,24.43,24.53,14.93
2025-09-07 02:00:00+00:00,24.53,24.53,24.53,24.53,0.0
2025-09-07 03:00:00+00:00,24.6,24.64,24.6,24.64,4.47
2025-09-07 04:00:00+00:00,24.61,24.61,24.55,24.58,5.52
2025-09-07 05:00:00+00:00,24.57,24.61,24.57,24.6,27.48
2025-09-07 06:00:00+00:00,24.66,24.66,24.62,24.62,101.33
2025-09-07 07:00:00+00:00,24.62,24.62,24.62,24.62,0.0
2025-09-07 08:00:00+00:00,24.61,24.61,24.59,24.59,20.94
2025-09-07 09:00:00+00:00,24.58,24.58,24.47,24.47,21.01
2025-09-07 10:00:00+00:00,24.47,24.47,24.47,24.47,0.0
2025-09-07 11:00:00+00:00,24.47,24.84,24.42,24.49,287.08
2025-09-07 12:00:00+00:00,24.5,24.5,24.46,24.46,1.99
2025-09-07 13:00:00+00:00,24.6,24.6,24.6,24.6,10.56
2025-09-07 14:00:00+00:00,24.64,24.7,24.6,24.65,15.41
2025-09-07 15:00:00+00:00,24.65,24.65,24.65,24.65,0.0
2025-09-07 16:00:00+00:00,24.5,24.52,24.48,24.51,94.86
2025-09-07 17:00:00+00:00,24.43,24.43,24.32,24.32,8.13
2025-09-07 18:00:00+00:00,24.32,24.32,24.32,24.32,0.0
2025-09-07 19:00:00+00:00,24.34,24.56,24.34,24.56,38.63
2025-09-07 20:00:00+00:00,24.55,24.56,24.53,24.56,34.29
2025-09-07 21:00:00+00:00,24.57,24.57,24.54,24.54,3.8
2025-09-07 22:00:00+00:00,24.53,24.64,24.53,24.64,1.91
2025-09-07 23:00:00+00:00,24.69,24.92,24.66,24.67,99.04
2025-09-08 00:00:00+00:00,24.67,24.78,24.64,24.66,18.34
2025-09-08 01:00:00+00:00,24.64,24.66,24.53,24.53,35.48
2025-09-08 02:00:00+00:00,24.77,24.78,24.77,24.78,15.12
2025-09-08 03:00:00+00:00,24.92,24.99,24.83,24.83,32.21
2025-09-08 04:00:00+00:00,24.89,24.89,24.89,24.89,1.0
2025-09-08 05:00:00+00:00,24.78,24.78,24.78,24.78,0.44
2025-09-08 06:00:00+00:00,24.64,24.78,24.64,24.78,51.75
2025-09-08 07:00:00+00:00,24.92,25.01,24.92,25.01,6.04
2025-09-08 08:00:00+00:00,25.03,25.11,25.03,25.11,29.74
2025-09-08 09:00:00+00:00,25.12,25.26,25.12,25.2,94.64
2025-09-08 10:00:00+00:00,25.29,25.39,25.29,25.39,25.07
2025-09-08 11:00:00+00:00,25.2,25.26,25.12,25.12,209.58
2025-09-08 12:00:00+00:00,25.18,25.29,25.14,25.24,2.15
2025-09-08 13:00:00+00:00,25.34,25.41,25.2,25.27,14.27
2025-09-08 14:00:00+00:00,25.1,25.53,25.1,25.41,395.31
2025-09-08 15:00:00+00:00,25.43,25.76,25.43,25.63,84.55
2025-09-08 16:00:00+00:00,25.72,25.76,25.6,25.6,16.54
2025-09-08 17:00:00+00:00,25.64,25.67,25.55,25.56,134.76
2025-09-08 18:00:00+00:00,25.62,25.64,25.54,25.64,285.8
2025-09-08 19:00:00+00:00,25.51,25.51,25.35,25.35,34.4
2025-09-08 20:00:00+00:00,25.34,25.34,25.27,25.27,9.34
2025-09-08 21:00:00+00:00,25.38,25.4,25.38,25.4,21.31
2025-09-08 22:00:00+00:00,25.42,25.48,25.42,25.43,39.86
2025-09-08 23:00:00+00:00,25.4,25.47,25.26,25.31,8.79
2025-09-09 00:00:00+00:00,25.22,25.26,25.19,25.26,21.46
2025-09-09 01:00:00+00:00,25.34,25.34,25.19,25.19,8.81
2025-09-09 02:00:00+00:00,25.13,25.13,24.96,24.96,14.64
2025-09-09 03:00:00+00:00,24.97,25.12,24.94,25.12,64.77
2025-09-09 04:00:00+00:00,25.11,25.21,25.11,25.21,3.77
2025-09-09 05:00:00+00:00,25.23,25.23,25.23,25.23,83.1
2025-09-09 06:00:00+00:00,25.34,26.05,25.34,25.94,216.82
2025-09-09 07:00:00+00:00,26.03,26.11,25.84,25.85,72.68
2025-09-09 08:00:00+00:00,26.0,26.01,25.92,25.92,3.79
2025-09-09 09:00:00+00:00,26.03,26.03,26.02,26.02,21.88
2025-09-09 10:00:00+00:00,26.02,26.2,26.02,26.13,191.18
2025-09-09 11:00:00+00:00,25.97,26.01,25.97,26.0,42.13
2025-09-09 12:00:00+00:00,26.0,26.12,26.0,26.12,190.28
2025-09-09 13:00:00+00:00,25.93,26.37,25.89,26.21,347.41
2025-09-09 14:00:00+00:00,26.16,26.16,25.67,25.83,30.34
2025-09-09 15:00:00+00:00,25.83,25.93,25.78,25.93,108.0
2025-09-09 16:00:00+00:00,25.98,25.98,25.86,25.86,14.25
2025-09-09 17:00:00+00:00,26.08,26.11,26.08,26.11,6.67
2025-09-09 18:00:00+00:00,25.93,26.07,25.93,26.02,1.39
2025-09-09 19:00:00+00:00,26.02,26.02,26.02,26.02,0.0
2025-09-09 20:00:00+00:00,25.9,26.02,25.9,26.02,20.7
2025-09-09 21:00:00+00:00,25.95,25.99,25.92,25.92,1.32
2025-09-09 22:00:00+00:00,25.92,26.04,25.92,26.04,3.75
2025-09-09 23:00:00+00:00,26.03,26.03,25.92,25.92,2.36
2025-09-10 00:00:00+00:00,25.78,25.82,25.78,25.8,72.45
2025-09-10 01:00:00+00:00,25.85,25.86,25.85,25.86,13.46
2025-09-10 02:00:00+00:00,25.93,26.27,25.93,26.18,2673.83
2025-09-10 03:00:00+00:00,26.2,26.23,26.08,26.18,28.31
2025-09-10 04:00:00+00:00,26.25,26.51,26.2,26.43,230.04
2025-09-10 05:00:00+00:00,26.45,26.45,26.22,26.3,26.63
2025-09-10 06:00:00+00:00,26.38,27.03,26.38,26.9,1458.95
2025-09-10 07:00:00+00:00,26.9,27.05,26.82,26.95,463.23
2025-09-10 08:00:00+00:00,26.83,26.88,26.66,26.76,342.47
2025-09-10 09:00:00+00:00,26.75,26.78,26.65,26.78,187.61
2025-09-10 10:00:00+00:00,26.6,26.71,26.42,26.71,138.41
2025-09-10 11:00:00+00:00,26.79,27.0,26.75,26.83,251.8
2025-09-10 12:00:00+00:00,26.92,28.23,26.92,28.23,955.77
2025-09-10 13:00:00+00:00,28.15,28.77,27.91,28.36,420.56
2025-09-10 14:00:00+00:00,28.39,28.55,28.21,28.44,246.92
2025-09-10 15:00:00+00:00,28.55,28.98,28.51,28.59,232.63
2025-09-10 16:00:00+00:00,28.69,29.12,28.41,29.09,900.08
2025-09-10 17:00:00+00:00,29.12,29.13,28.45,28.65,90.46
2025-09-10 18:00:00+00:00,28.66,28.71,28.3,28.69,337.21
2025-09-10 19:00:00+00:00,28.86,28.86,28.45,28.45,1878.25
2025-09-10 20:00:00+00:00,28.56,28.71,28.5,28.67,172.07
2025-09-10 21:00:00+00:00,28.86,29.41,28.86,29.27,352.26
2025-09-10 22:00:00+00:00,29.31,29.31,28.93,28.94,44.21
2025-09-10 23:00:00+00:00,29.19,29.5,29.18,29.49,149.33
2025-09-11 00:00:00+00:00,29.44,29.49,29.11,29.11,41.64
2025-09-11 01:00:00+00:00,29.16,29.16,29.1,29.1,21.84
2025-09-11 02:00:00+00:00,29.03,29.03,28.83,28.91,2124.55
2025-09-11 03:00:00+00:00,28.92,29.41,28.92,29.41,128.36
2025-09-11 04:00:00+00:00,29.44,30.0,28.98,29.12,603.16
2025-09-11 05:00:00+00:00,29.12,29.15,28.59,28.59,183.3
2025-09-11 06:00:00+00:00,28.67,28.78,28.67,28.77,53.52
2025-09-11 07:00:00+00:00,28.76,28.94,28.73,28.84,549.34
2025-09-11 08:00:00+00:00,28.75,28.83,28.75,28.83,30.78
2025-09-11 09:00:00+00:00,28.83,29.1,28.74,29.1,30.49
2025-09-11 10:00:00+00:00,28.99,28.99,28.99,28.99,1.54
2025-09-11 11:00:00+00:00,29.04,29.04,28.94,28.97,64.79
2025-09-11 12:00:00+00:00,28.95,29.08,28.36,28.91,602.29
2025-09-11 13:00:00+00:00,28.92,29.02,28.66,29.02,470.99
2025-09-11 14:00:00+00:00,28.71,28.87,28.7,28.87,10.07
2025-09-11 15:00:00+00:00,29.03,29.08,28.87,28.95,101.49
2025-09-11 16:00:00+00:00,29.02,29.06,28.87,28.87,8.18
2025-09-11 17:00:00+00:00,29.03,29.03,29.03,29.03,0.38
2025-09-11 18:00:00+00:00,29.03,29.04,28.99,28.99,2.85
2025-09-11 19:00:00+00:00,29.06,29.06,29.01,29.01,14.03
2025-09-11 20:00:00+00:00,28.96,28.96,28.79,28.79,415.77
2025-09-11 21:00:00+00:00,28.78,28.89,28.78,28.88,21.76
2025-09-11 22:00:00+00:00,28.88,29.15,28.85,29.13,2004.31
2025-09-11 23:00:00+00:00,29.14,29.2,29.14,29.2,62.98
2025-09-12 00:00:00+00:00,29.22,29.38,29.21,29.3,156.22
2025-09-12 01:00:00+00:00,29.34,29.34,28.87,28.95,129.97
2025-09-12 02:00:00+00:00,28.95,28.95,28.95,28.95,0.0
2025-09-12 03:00:00+00:00,28.91,28.91,28.85,28.85,3.58
2025-09-12 04:00:00+00:00,28.81,28.81,28.49,28.49,79.19
2025-09-12 05:00:00+00:00,28.51,28.96,28.5,28.96,89.09
2025-09-12 06:00:00+00:00,29.0,29.06,28.85,28.85,28.14
2025-09-12 07:00:00+00:00,28.73,28.8,28.71,28.71,46.13
2025-09-12 08:00:00+00:00,28.6,28.62,28.56,28.56,4.58
2025-09-12 09:00:00+00:00,28.55,28.6,28.51,28.6,25.97
2025-09-12 10:00:00+00:00,28.45,28.45,28.45,28.45,5.28
2025-09-12 11:00:00+00:00,28.41,28.53,28.35,28.35,105.83
2025-09-12 12:00:00+00:00,28.34,28.48,28.29,28.48,76.85
2025-09-12 13:00:00+00:00,28.39,28.42,28.37,28.37,43.95
2025-09-12 14:00:00+00:00,28.52,28.71,28.48,28.71,131.16
2025-09-12 15:00:00+00:00,28.74,28.75,28.52,28.52,15.02
2025-09-12 16:00:00+00:00,28.48,28.61,28.47,28.54,178.09
2025-09-12 17:00:00+00:00,28.47,28.63,28.47,28.58,37.33
2025-09-12 18:00:00+00:00,28.55,28.67,28.55,28.63,1151.47
2025-09-12 19:00:00+00:00,28.63,28.67,28.6,28.65,138.79
2025-09-12 20:00:00+00:00,28.71,28.71,28.55,28.62,12.86
2025-09-12 21:00:00+00:00,28.63,28.63,28.63,28.63,0.34
2025-09-12 22:00:00+00:00,28.58,28.77,28.55,28.76,1039.06
2025-09-12 23:00:00+00:00,28.73,28.99,28.68,28.95,102.96
2025-09-13 00:00:00+00:00,28.95,29.06,28.95,28.95,16.44
2025-09-13 01:00:00+00:00,29.01,29.03,28.79,28.79,38.58
2025-09-13 02:00:00+00:00,28.88,29.78,28.85,29.78,371.03
2025-09-13 03:00:00+00:00,29.84,30.29,29.62,30.29,354.97
2025-09-13 04:00:00+00:00,30.29,30.81,30.12,30.7,1138.21
2025-09-13 05:00:00+00:00,30.73,31.2,30.68,31.03,375.22
2025-09-13 06:00:00+00:00,31.2,31.2,30.69,30.69,33.31
2025-09-13 07:00:00+00:00,30.83,30.89,30.83,30.89,98.51
2025-09-13 08:00:00+00:00,30.98,31.08,30.86,30.86,27.76
2025-09-13 09:00:00+00:00,30.74,30.85,30.4,30.48,901.53
2025-09-13 10:00:00+00:00,30.4,30.4,30.05,30.15,125.97
2025-09-13 11:00:00+00:00,30.35,30.47,30.35,30.47,1.78
2025-09-13 12:00:00+00:00,30.47,30.52,30.3,30.36,42.9
2025-09-13 13:00:00+00:00,30.23,30.29,29.69,30.02,88.27
2025-09-13 14:00:00+00:00,29.98,30.01,29.8,29.84,146.59
2025-09-13 15:00:00+00:00,29.95,30.06,29.8,29.8,64.59
2025-09-13 16:00:00+00:00,29.92,29.94,29.47,29.54,323.82
2025-09-13 17:00:00+00:00,29.54,29.66,29.31,29.66,94.28
2025-09-13 18:00:00+00:00,29.55,29.68,29.55,29.64,9.91
2025-09-13 19:00:00+00:00,29.65,29.66,29.64,29.66,47.71
2025-09-13 20:00:00+00:00,29.67,29.84,29.67,29.84,8.59
2025-09-13 21:00:00+00:00,29.85,29.94,29.85,29.94,16.43
2025-09-13 22:00:00+00:00,29.93,29.97,29.93,29.93,29.15
2025-09-13 23:00:00+00:00,29.93,30.05,29.93,30.05,159.48
2025-09-14 00:00:00+00:00,30.12,30.17,29.99,29.99,19.22
2025-09-14 01:00:00+00:00,29.99,29.99,29.77,29.93,63.04
2025-09-14 02:00:00+00:00,29.99,30.11,29.93,29.93,38.3
2025-09-14 03:00:00+00:00,29.99,29.99,29.8,29.8,117.02
2025-09-14 04:00:00+00:00,29.86,30.28,29.67,30.11,52.26
2025-09-14 05:00:00+00:00,30.11,30.57,30.11,30.48,388.24
2025-09-14 06:00:00+00:00,30.54,30.54,30.12,30.16,14.37
2025-09-14 07:00:00+00:00,30.17,30.25,29.88,29.88,8.07
2025-09-14 08:00:00+00:00,29.97,29.97,29.97,29.97,11.84
2025-09-14 09:00:00+00:00,30.02,30.18,30.02,30.18,14.37
2025-09-14 10:00:00+00:00,30.21,30.21,30.02,30.02,18.9
2025-09-14 11:00:00+00:00,30.01,30.01,29.67,29.67,15.68
2025-09-14 12:00:00+00:00,29.84,29.86,29.41,29.57,111.71
2025-09-14 13:00:00+00:00,29.5,29.6,29.15,29.35,198.84
2025-09-14 14:00:00+00:00,29.33,29.43,29.02,29.11,35.01
2025-09-14 15:00:00+00:00,29.18,29.19,29.08,29.08,14.0
2025-09-14 16:00:00+00:00,29.28,29.56,29.26,29.56,14.17
2025-09-14 17:00:00+00:00,29.47,29.68,29.47,29.65,225.0
2025-09-14 18:00:00+00:00,29.62,29.64,29.39,29.48,1808.89
2025-09-14 19:00:00+00:00,29.49,29.79,29.49,29.59,57.91
2025-09-14 20:00:00+00:00,29.66,29.66,29.51,29.51,58.99
2025-09-14 21:00:00+00:00,29.41,29.53,29.41,29.52,57.7
2025-09-14 22:00:00+00:00,29.49,30.4,29.41,30.08,2180.85
2025-09-14 23:00:00+00:00,30.09,30.37,29.35,29.44,2177.13
2025-09-15 00:00:00+00:00,29.42,29.81,29.42,29.54,1816.93
2025-09-15 01:00:00+00:00,29.49,29.68,29.27,29.68,71.52
2025-09-15 02:00:00+00:00,29.62,29.66,29.55,29.63,21.37
2025-09-15 03:00:00+00:00,29.68,29.7,29.68,29.7,5.04
2025-09-15 04:00:00+00:00,29.77,29.84,29.77,29.84,3.5
2025-09-15 05:00:00+00:00,29.76,30.26,29.76,30.1,33.97
2025-09-15 06:00:00+00:00,30.14,30.14,29.45,29.45,29.89
2025-09-15 07:00:00+00:00,29.67,29.67,29.11,29.11,49.63
2025-09-15 08:00:00+00:00,29.08,29.08,28.28,28.28,258.48
2025-09-15 09:00:00+00:00,28.55,28.7,28.55,28.7,60.31
2025-09-15 10:00:00+00:00,28.56,28.8,28.52,28.8,8.35
2025-09-15 11:00:00+00:00,28.82,28.9,28.81,28.89,242.1
2025-09-15 12:00:00+00:00,28.87,28.87,28.65,28.65,75.22
2025-09-15 13:00:00+00:00,28.87,28.98,28.75,28.98,74.15
2025-09-15 14:00:00+00:00,28.88,28.95,28.71,28.71,107.34
2025-09-15 15:00:00+00:00,28.68,28.68,28.39,28.39,6.92
2025-09-15 16:00:00+00:00,28.35,28.71,28.34,28.55,25.29
2025-09-15 17:00:00+00:00,28.68,28.71,28.63,28.71,43.42
2025-09-15 18:00:00+00:00,28.79,28.93,28.72,28.72,134.52
2025-09-15 19:00:00+00:00,28.93,29.19,28.78,29.19,263.63
2025-09-15 20:00:00+00:00,29.07,30.01,29.06,30.01,876.16
2025-09-15 21:00:00+00:00,30.02,30.38,29.68,30.35,412.69
2025-09-15 22:00:00+00:00,30.33,30.4,29.73,29.76,840.53
2025-09-15 23:00:00+00:00,29.85,29.85,29.71,29.83,193.51
2025-09-16 00:00:00+00:00,29.88,29.88,29.51,29.57,35.48
2025-09-16 01:00:00+00:00,29.52,29.79,29.41,29.41,93.1
2025-09-16 02:00:00+00:00,29.45,29.46,29.39,29.46,8.86
2025-09-16 03:00:00+00:00,29.49,29.49,29.35,29.35,14.49
2025-09-16 04:00:00+00:00,29.31,29.47,29.17,29.47,55.17
2025-09-16 05:00:00+00:00,29.42,29.68,29.41,29.66,54.16
2025-09-16 06:00:00+00:00,29.77,29.77,29.51,29.74,2.05
2025-09-16 07:00:00+00:00,29.83,30.63,29.83,30.63,235.52
2025-09-16 08:00:00+00:00,30.64,30.99,30.43,30.69,213.13
2025-09-16 09:00:00+00:00,30.52,30.86,30.44,30.69,41.93
2025-09-16 10:00:00+00:00,30.67,30.71,30.57,30.57,2.92
2025-09-16 11:00:00+00:00,30.52,30.6,30.43,30.43,14.59
2025-09-16 12:00:00+00:00,30.49,30.5,30.31,30.5,49.52
2025-09-16 13:00:00+00:00,30.52,30.52,30.07,30.18,288.39
2025-09-16 14:00:00+00:00,30.22,30.33,29.75,29.85,112.63
2025-09-16 15:00:00+00:00,29.95,30.12,29.82,29.99,225.45
2025-09-16 16:00:00+00:00,30.0,30.03,30.0,30.03,1.45
2025-09-16 17:00:00+00:00,30.17,30.35,30.17,30.18,46.73
2025-09-16 18:00:00+00:00,30.27,30.35,30.0,30.0,54.66
2025-09-16 19:00:00+00:00,30.05,30.08,30.0,30.0,3.21
2025-09-16 20:00:00+00:00,29.94,30.05,29.93,30.04,111.91
2025-09-16 21:00:00+00:00,30.1,30.17,30.1,30.17,27.1
2025-09-16 22:00:00+00:00,30.18,30.19,30.13,30.13,8.9
2025-09-16 23:00:00+00:00,30.13,30.14,30.01,30.03,6.42
2025-09-17 00:00:00+00:00,30.06,30.08,29.98,30.08,10.04
2025-09-17 01:00:00+00:00,30.07,30.11,29.96,30.09,175.72
2025-09-17 02:00:00+00:00,30.06,30.14,30.03,30.14,18.35
2025-09-17 03:00:00+00:00,30.07,30.07,29.84,29.9,8.03
2025-09-17 04:00:00+00:00,29.74,29.87,29.57,29.66,73.35
2025-09-17 05:00:00+00:00,29.74,29.74,29.51,29.7,107.33
2025-09-17 06:00:00+00:00,29.71,30.18,29.71,30.11,61.34
2025-09-17 07:00:00+00:00,30.17,30.2,30.06,30.15,37.39
2025-09-17 08:00:00+00:00,30.22,30.22,30.01,30.1,36.96
2025-09-17 09:00:00+00:00,29.97,29.97,29.96,29.96,8.66
2025-09-17 10:00:00+00:00,29.86,29.86,29.86,29.86,0.07
2025-09-17 11:00:00+00:00,29.9,29.91,29.9,29.91,4.41
2025-09-17 12:00:00+00:00,29.91,29.91,29.91,29.91,0.0
2025-09-17 13:00:00+00:00,29.84,29.84,29.67,29.67,96.82
2025-09-17 14:00:00+00:00,29.66,29.75,29.62,29.62,42.39
2025-09-17 15:00:00+00:00,29.54,29.56,29.43,29.56,100.02
2025-09-17 16:00:00+00:00,29.56,29.56,29.56,29.56,0.0
2025-09-17 17:00:00+00:00,29.66,30.23,29.66,29.84,64.41
2025-09-17 18:00:00+00:00,29.73,30.29,29.67,29.83,1924.88
2025-09-17 19:00:00+00:00,29.84,30.12,29.84,30.02,1770.89
2025-09-17 20:00:00+00:00,30.18,30.29,30.0,30.0,149.54
2025-09-17 21:00:00+00:00,29.84,30.07,29.84,30.03,6.73
2025-09-17 22:00:00+00:00,30.18,31.84,30.17,31.55,813.4
2025-09-17 23:00:00+00:00,31.58,31.98,31.58,31.87,223.48
2025-09-18 00:00:00+00:00,31.82,32.0,31.71,31.88,24.6
2025-09-18 01:00:00+00:00,32.0,32.58,32.0,32.57,362.49
2025-09-18 02:00:00+00:00,32.55,32.85,32.25,32.81,241.72
2025-09-18 03:00:00+00:00,32.82,33.0,32.8,32.96,129.48
2025-09-18 04:00:00+00:00,32.96,33.25,32.68,32.87,1070.11
2025-09-18 05:00:00+00:00,32.71,32.79,32.59,32.77,1334.39
2025-09-18 06:00:00+00:00,32.78,32.78,32.42,32.59,72.59
2025-09-18 07:00:00+00:00,32.6,32.95,32.54,32.86,59.29
2025-09-18 08:00:00+00:00,32.93,33.1,32.93,33.0,60.77
2025-09-18 09:00:00+00:00,33.0,33.0,32.79,32.79,21.66
2025-09-18 10:00:00+00:00,32.83,32.87,32.72,32.87,175.96
2025-09-18 11:00:00+00:00,32.95,33.03,32.7,32.7,63.55
2025-09-18 12:00:00+00:00,32.75,33.52,32.72,33.46,538.02
2025-09-18 13:00:00+00:00,33.39,33.46,33.05,33.1,198.56
2025-09-18 14:00:00+00:00,33.17,33.42,33.01,33.13,121.9
2025-09-18 15:00:00+00:00,33.13,33.17,32.85,33.14,207.31
2025-09-18 16:00:00+00:00,33.23,33.25,33.15,33.25,26.99
2025-09-18 17:00:00+00:00,33.25,34.38,33.15,34.35,980.18
2025-09-18 18:00:00+00:00,34.39,34.82,34.32,34.82,2439.84
2025-09-18 19:00:00+00:00,34.8,34.8,33.36,34.68,856.58
2025-09-18 20:00:00+00:00,34.69,35.16,34.61,34.8,598.62
2025-09-18 21:00:00+00:00,34.75,35.18,34.62,35.09,72.73
2025-09-18 22:00:00+00:00,35.21,35.44,34.69,34.73,286.06
2025-09-18 23:00:00+00:00,34.69,35.31,34.67,35.2,209.91
2025-09-19 00:00:00+00:00,35.28,35.56,34.99,35.24,442.14
2025-09-19 01:00:00+00:00,35.23,35.78,35.08,35.42,268.71
2025-09-19 02:00:00+00:00,35.34,35.76,35.2,35.47,349.35
2025-09-19 03:00:00+00:00,35.42,35.63,34.77,34.84,154.18
2025-09-19 04:00:00+00:00,34.68,34.81,34.46,34.81,94.63
2025-09-19 05:00:00+00:00,34.72,34.72,34.21,34.42,224.6
2025-09-19 06:00:00+00:00,34.23,34.32,33.99,34.02,46.86
2025-09-19 07:00:00+00:00,33.98,34.45,33.96,34.44,394.9
2025-09-19 08:00:00+00:00,34.44,34.54,34.28,34.28,2075.42
2025-09-19 09:00:00+00:00,34.23,34.29,34.04,34.08,27.59
2025-09-19 10:00:00+00:00,34.11,34.42,34.11,34.42,9.85
2025-09-19 11:00:00+00:00,34.3,34.3,33.84,33.96,29.23
2025-09-19 12:00:00+00:00,34.0,34.3,34.0,34.25,254.87
2025-09-19 13:00:00+00:00,34.09,34.24,34.04,34.24,6.54
2025-09-19 14:00:00+00:00,34.04,34.04,33.68,33.86,153.36
2025-09-19 15:00:00+00:00,33.68,33.88,33.54,33.83,162.51
2025-09-19 16:00:00+00:00,34.04,34.37,34.0,34.11,84.26
2025-09-19 17:00:00+00:00,33.91,33.99,33.91,33.99,3.69
2025-09-19 18:00:00+00:00,33.95,34.03,33.79,34.03,15.91
2025-09-19 19:00:00+00:00,34.02,34.02,33.89,33.95,271.16
2025-09-19 20:00:00+00:00,33.84,33.87,33.58,33.68,568.82
2025-09-19 21:00:00+00:00,33.72,33.79,33.71,33.72,47.84
2025-09-19 22:00:00+00:00,33.8,33.94,32.53,33.93,2351.78
2025-09-19 23:00:00+00:00,33.88,33.88,33.46,33.68,62.94
2025-09-20 00:00:00+00:00,33.79,33.9,33.79,33.8,21.63
2025-09-20 01:00:00+00:00,33.89,34.04,33.87,34.04,12.21
2025-09-20 02:00:00+00:00,33.86,33.86,33.76,33.76,20.86
2025-09-20 03:00:00+00:00,33.77,33.77,33.5,33.7,83.37
2025-09-20 04:00:00+00:00,33.71,34.03,33.7,34.03,33.46
2025-09-20 05:00:00+00:00,33.86,33.86,33.86,33.86,11.03
2025-09-20 06:00:00+00:00,33.85,33.88,33.85,33.88,8.88
2025-09-20 07:00:00+00:00,33.88,33.88,33.88,33.88,13.03
2025-09-20 08:00:00+00:00,33.8,33.8,33.68,33.68,11.36
2025-09-20 09:00:00+00:00,33.76,33.76,33.67,33.67,10.68
2025-09-20 10:00:00+00:00,33.5,33.5,33.14,33.16,98.46
2025-09-20 11:00:00+00:00,33.2,33.24,32.86,33.04,64.58
2025-09-20 12:00:00+00:00,33.04,33.09,32.91,32.97,6.51
2025-09-20 13:00:00+00:00,32.93,33.32,32.92,33.19,160.48
2025-09-20 14:00:00+00:00,33.21,33.79,33.21,33.79,135.08
2025-09-20 15:00:00+00:00,33.8,34.02,33.5,33.5,76.0
2025-09-20 16:00:00+00:00,33.68,33.68,33.57,33.57,3.65
2025-09-20 17:00:00+00:00,33.62,33.62,33.36,33.36,53.93
2025-09-20 18:00:00+00:00,33.36,33.43,33.06,33.08,22.53
2025-09-20 19:00:00+00:00,33.22,33.34,33.18,33.34,33.2
2025-09-20 20:00:00+00:00,33.27,33.27,33.21,33.21,8.98
2025-09-20 21:00:00+00:00,33.26,33.44,33.26,33.29,50.8
2025-09-20 22:00:00+00:00,33.35,33.35,33.3,33.35,31.58
2025-09-20 23:00:00+00:00,33.28,33.28,33.14,33.16,17.63
2025-09-21 00:00:00+00:00,33.12,33.12,33.01,33.1,15.83
2025-09-21 01:00:00+00:00,32.96,32.96,32.96,32.96,6.56
2025-09-21 02:00:00+00:00,33.02,33.02,32.81,32.97,7.52
2025-09-21 03:00:00+00:00,33.04,33.25,33.04,33.18,199.66
2025-09-21 04:00:00+00:00,33.23,33.29,33.04,33.05,305.44
2025-09-21 05:00:00+00:00,33.01,33.07,33.01,33.07,1.6
2025-09-21 06:00:00+00:00,33.07,33.07,32.97,33.02,32.73
2025-09-21 07:00:00+00:00,32.96,32.98,32.93,32.98,8.81
2025-09-21 08:00:00+00:00,32.88,32.88,32.73,32.73,88.16
2025-09-21 09:00:00+00:00,32.79,33.04,32.6,33.04,95.77
2025-09-21 10:00:00+00:00,33.14,33.53,33.14,33.16,119.18
2025-09-21 11:00:00+00:00,33.14,33.14,32.88,32.88,3.36
2025-09-21 12:00:00+00:00,32.93,32.94,32.86,32.86,17.44
2025-09-21 13:00:00+00:00,33.07,33.07,32.85,32.97,1.36
2025-09-21 14:00:00+00:00,32.99,32.99,32.94,32.96,276.02
2025-09-21 15:00:00+00:00,33.1,33.1,33.0,33.1,4.93
2025-09-21 16:00:00+00:00,33.04,33.04,32.76,32.78,156.92
2025-09-21 17:00:00+00:00,32.78,32.9,32.66,32.9,84.99
2025-09-21 18:00:00+00:00,32.9,32.96,32.9,32.95,9.01
2025-09-21 19:00:00+00:00,33.14,33.14,33.14,33.14,2.4
2025-09-21 20:00:00+00:00,32.98,32.98,32.98,32.98,2.04
2025-09-21 21:00:00+00:00,33.11,33.18,33.11,33.14,15.93
2025-09-21 22:00:00+00:00,33.05,33.09,32.99,33.09,16.66
2025-09-21 23:00:00+00:00,33.17,33.17,33.02,33.06,16.77
2025-09-22 00:00:00+00:00,33.0,33.01,31.85,31.85,2350.76
2025-09-22 01:00:00+00:00,31.83,31.98,31.56,31.95,169.7
2025-09-22 02:00:00+00:00,31.91,31.91,31.34,31.34,64.4
2025-09-22 03:00:00+00:00,31.54,31.86,31.54,31.86,39.57
2025-09-22 04:00:00+00:00,31.82,31.92,31.71,31.71,2.63
2025-09-22 05:00:00+00:00,31.64,31.64,31.15,31.15,122.24
2025-09-22 06:00:00+00:00,31.15,31.15,29.74,30.87,1083.84
2025-09-22 07:00:00+00:00,30.97,30.98,30.59,30.59,26.65
2025-09-22 08:00:00+00:00,30.52,30.99,29.47,30.99,752.79
2025-09-22 09:00:00+00:00,30.86,30.86,30.61,30.61,6.73
2025-09-22 10:00:00+00:00,30.77,31.43,30.77,31.43,68.61
2025-09-22 11:00:00+00:00,31.2,31.2,31.04,31.08,26.43
2025-09-22 12:00:00+00:00,31.07,31.98,31.04,31.49,348.71
2025-09-22 13:00:00+00:00,31.49,31.74,31.38,31.68,80.89
2025-09-22 14:00:00+00:00,31.81,32.53,31.2,31.2,717.26
2025-09-22 15:00:00+00:00,31.37,31.96,31.37,31.96,47.02
2025-09-22 16:00:00+00:00,32.06,32.14,31.85,31.92,129.12
2025-09-22 17:00:00+00:00,31.88,31.97,31.88,31.97,0.41
2025-09-22 18:00:00+00:00,31.94,31.94,31.92,31.92,31.17
2025-09-22 19:00:00+00:00,31.73,31.9,31.38,31.38,76.02
2025-09-22 20:00:00+00:00,31.37,32.19,31.35,32.19,34.09
2025-09-22 21:00:00+00:00,32.19,32.96,32.19,32.8,826.07
2025-09-22 22:00:00+00:00,32.69,33.39,32.69,33.14,350.3
2025-09-22 23:00:00+00:00,33.14,33.95,33.09,33.74,1543.84
2025-09-23 00:00:00+00:00,33.81,34.7,33.3,33.56,576.64
2025-09-23 01:00:00+00:00,33.49,33.5,33.06,33.06,75.16
2025-09-23 02:00:00+00:00,33.03,33.28,32.89,32.92,132.79
2025-09-23 03:00:00+00:00,32.86,35.73,32.78,34.8,590.23
2025-09-23 04:00:00+00:00,35.0,35.54,33.96,34.15,290.6
2025-09-23 05:00:00+00:00,34.15,34.61,34.12,34.6,70.35
2025-09-23 06:00:00+00:00,34.68,35.18,34.53,35.18,67.05
2025-09-23 07:00:00+00:00,35.06,35.29,34.89,35.09,16.23
2025-09-23 08:00:00+00:00,35.18,35.46,35.09,35.37,200.23
2025-09-23 09:00:00+00:00,35.4,35.4,34.69,34.69,102.01
2025-09-23 10:00:00+00:00,34.74,34.86,34.66,34.78,8.9
2025-09-23 11:00:00+00:00,34.7,34.7,34.37,34.4,213.51
2025-09-23 12:00:00+00:00,34.46,34.62,34.42,34.42,236.17
2025-09-23 13:00:00+00:00,34.46,34.46,34.0,34.29,137.33
2025-09-23 14:00:00+00:00,34.24,35.61,34.24,35.27,368.69
2025-09-23 15:00:00+00:00,35.27,36.09,35.09,35.13,699.25
2025-09-23 16:00:00+00:00,35.11,35.2,34.79,35.02,132.89
2025-09-23 17:00:00+00:00,34.93,34.93,34.37,34.37,332.28
2025-09-23 18:00:00+00:00,34.46,34.54,34.09,34.09,63.98
2025-09-23 19:00:00+00:00,34.2,34.3,33.72,33.83,182.2
2025-09-23 20:00:00+00:00,33.85,33.85,33.71,33.71,132.7
2025-09-23 21:00:00+00:00,33.73,33.75,33.66,33.73,27.4
2025-09-23 22:00:00+00:00,33.7,33.8,33.52,33.8,10.67
2025-09-23 23:00:00+00:00,33.7,33.72,33.64,33.64,5.43
2025-09-24 00:00:00+00:00,33.55,34.83,33.55,34.83,242.38
2025-09-24 01:00:00+00:00,34.26,34.35,34.26,34.34,14.99
2025-09-24 02:00:00+00:00,34.29,34.29,33.58,33.71,71.18
2025-09-24 03:00:00+00:00,33.81,33.81,33.19,33.19,104.89
2025-09-24 04:00:00+00:00,33.15,33.82,32.9,33.71,104.19
2025-09-24 05:00:00+00:00,33.61,34.03,33.61,34.03,32.07
2025-09-24 06:00:00+00:00,33.59,34.37,33.59,34.37,82.56
2025-09-24 07:00:00+00:00,34.13,34.13,34.13,34.13,0.05
2025-09-24 08:00:00+00:00,34.13,34.13,34.13,34.13,0.0
2025-09-24 09:00:00+00:00,34.27,34.27,34.01,34.25,19.66
2025-09-24 10:00:00+00:00,34.21,34.28,34.11,34.28,2.54
2025-09-24 11:00:00+00:00,34.34,34.34,34.2,34.2,10.27
2025-09-24 12:00:00+00:00,34.25,34.38,34.25,34.29,72.82
2025-09-24 13:00:00+00:00,34.45,34.66,34.27,34.39,292.43
2025-09-24 14:00:00+00:00,34.26,34.69,34.21,34.69,130.77
2025-09-24 15:00:00+00:00,34.45,34.73,34.45,34.73,17.85
2025-09-24 16:00:00+00:00,34.52,34.82,34.52,34.58,35.8
2025-09-24 17:00:00+00:00,34.56,34.75,34.51,34.51,16.03
2025-09-24 18:00:00+00:00,34.58,34.6,34.49,34.6,91.77
2025-09-24 19:00:00+00:00,34.58,34.6,34.57,34.6,4.84
2025-09-24 20:00:00+00:00,34.19,34.23,33.66,33.66,414.43
2025-09-24 21:00:00+00:00,33.55,33.55,32.87,32.97,383.9
2025-09-24 22:00:00+00:00,33.0,33.01,32.36,32.36,276.29
2025-09-24 23:00:00+00:00,32.38,32.56,32.31,32.42,33.7
2025-09-25 00:00:00+00:00,32.26,32.46,32.11,32.35,38.31
2025-09-25 01:00:00+00:00,32.34,32.71,32.34,32.52,112.5
2025-09-25 02:00:00+00:00,32.54,32.54,32.4,32.48,27.44
2025-09-25 03:00:00+00:00,32.23,32.23,31.75,31.86,152.14
2025-09-25 04:00:00+00:00,31.72,31.85,30.93,31.14,856.26
2025-09-25 05:00:00+00:00,31.46,31.46,31.45,31.45,3.17
2025-09-25 06:00:00+00:00,31.3,31.42,30.88,30.88,94.98
2025-09-25 07:00:00+00:00,30.87,30.92,30.71,30.71,90.8
2025-09-25 08:00:00+00:00,30.9,30.9,30.49,30.49,73.52
2025-09-25 09:00:00+00:00,31.01,31.05,31.01,31.02,21.78
2025-09-25 10:00:00+00:00,30.84,30.84,30.74,30.83,20.28
2025-09-25 11:00:00+00:00,30.91,30.91,30.51,30.51,15.18
2025-09-25 12:00:00+00:00,30.58,30.64,30.16,30.45,321.85
2025-09-25 13:00:00+00:00,30.49,30.7,30.15,30.21,648.75
2025-09-25 14:00:00+00:00,30.42,30.65,30.28,30.29,85.7
2025-09-25 15:00:00+00:00,30.32,30.4,30.2,30.24,86.94
2025-09-25 16:00:00+00:00,30.2,30.26,29.61,29.61,3778.69
2025-09-25 17:00:00+00:00,29.59,29.69,29.08,29.17,669.68
2025-09-25 18:00:00+00:00,29.15,29.8,28.88,29.79,870.87
2025-09-25 19:00:00+00:00,29.79,29.85,29.47,29.47,246.53
2025-09-25 20:00:00+00:00,29.34,29.36,28.99,28.99,398.19
2025-09-25 21:00:00+00:00,29.31,29.31,28.88,29.06,235.56
2025-09-25 22:00:00+00:00,29.12,29.17,29.12,29.17,2.81
2025-09-25 23:00:00+00:00,29.14,29.14,28.62,28.64,280.76
2025-09-26 00:00:00+00:00,28.6,28.97,28.6,28.81,422.67
2025-09-26 01:00:00+00:00,28.97,28.97,28.64,28.71,5.04
2025-09-26 02:00:00+00:00,28.8,28.8,28.16,28.54,144.18
2025-09-26 03:00:00+00:00,28.31,28.31,28.0,28.31,376.09
2025-09-26 04:00:00+00:00,28.22,28.46,28.15,28.25,78.18
2025-09-26 05:00:00+00:00,28.32,28.35,28.04,28.05,208.76
2025-09-26 06:00:00+00:00,28.01,28.19,27.76,28.09,586.88
2025-09-26 07:00:00+00:00,28.15,28.32,28.07,28.32,222.73
2025-09-26 08:00:00+00:00,28.28,28.51,28.28,28.51,173.06
2025-09-26 09:00:00+00:00,28.41,28.41,28.04,28.04,8.93
2025-09-26 10:00:00+00:00,27.98,27.98,27.66,27.66,84.8
2025-09-26 11:00:00+00:00,27.63,27.66,27.4,27.58,350.19
2025-09-26 12:00:00+00:00,27.56,27.87,27.33,27.62,453.4
2025-09-26 13:00:00+00:00,27.75,27.85,27.63,27.85,28.56
2025-09-26 14:00:00+00:00,27.42,27.42,27.08,27.18,117.98
2025-09-26 15:00:00+00:00,27.41,27.87,27.35,27.87,20.82
2025-09-26 16:00:00+00:00,27.85,28.67,27.85,28.67,230.03
2025-09-26 17:00:00+00:00,28.76,29.55,28.76,29.54,706.17
2025-09-26 18:00:00+00:00,29.54,29.54,29.03,29.16,70.13
2025-09-26 19:00:00+00:00,29.04,29.21,28.58,28.59,211.45
2025-09-26 20:00:00+00:00,28.68,28.74,28.67,28.67,3.18
2025-09-26 21:00:00+00:00,28.63,28.82,28.63,28.73,47.59
2025-09-26 22:00:00+00:00,28.7,29.0,28.7,28.99,390.72
2025-09-26 23:00:00+00:00,28.86,28.87,28.86,28.87,10.54
2025-09-27 00:00:00+00:00,28.94,28.95,28.94,28.95,0.91
2025-09-27 01:00:00+00:00,28.97,28.97,28.87,28.87,355.05
2025-09-27 02:00:00+00:00,28.9,28.9,28.9,28.9,22.71
2025-09-27 03:00:00+00:00,28.76,28.76,28.76,28.76,75.1
2025-09-27 04:00:00+00:00,28.86,28.91,28.8,28.88,3.79
2025-09-27 05:00:00+00:00,28.88,28.9,28.85,28.85,106.09
2025-09-27 06:00:00+00:00,28.75,28.81,28.75,28.75,30.73
2025-09-27 07:00:00+00:00,28.82,28.82,28.69,28.72,29.55
2025-09-27 08:00:00+00:00,28.65,28.65,28.4,28.52,9.75
2025-09-27 09:00:00+00:00,28.38,28.38,28.35,28.37,17.36
2025-09-27 10:00:00+00:00,28.53,28.53,28.39,28.5,3.14
2025-09-27 11:00:00+00:00,28.34,28.42,28.34,28.42,0.58
2025-09-27 12:00:00+00:00,28.35,28.5,28.27,28.5,119.63
2025-09-27 13:00:00+00:00,28.31,28.5,28.31,28.5,10.32
2025-09-27 14:00:00+00:00,28.5,28.88,28.5,28.61,33.64
2025-09-27 15:00:00+00:00,28.67,28.67,28.57,28.57,4.24
2025-09-27 16:00:00+00:00,28.67,28.7,28.66,28.7,12.47
2025-09-27 17:00:00+00:00,28.58,28.58,28.52,28.52,2.43
2025-09-27 18:00:00+00:00,28.52,28.52,28.52,28.52,0.0
2025-09-27 19:00:00+00:00,28.66,28.66,28.65,28.65,58.36
2025-09-27 20:00:00+00:00,28.67,28.69,28.67,28.69,36.55
2025-09-27 21:00:00+00:00,28.64,28.65,28.64,28.65,3.32
2025-09-27 22:00:00+00:00,28.84,28.95,28.81,28.81,13.88
2025-09-27 23:00:00+00:00,28.8,28.85,28.79,28.79,4.44
2025-09-28 00:00:00+00:00,28.74,28.77,28.73,28.77,389.9
2025-09-28 01:00:00+00:00,28.77,28.77,28.48,28.48,201.41
2025-09-28 02:00:00+00:00,28.51,28.51,28.32,28.33,32.96
2025-09-28 03:00:00+00:00,28.34,28.34,28.26,28.26,18.54
2025-09-28 04:00:00+00:00,28.24,28.3,28.24,28.3,2.91
2025-09-28 05:00:00+00:00,28.34,28.34,28.3,28.3,8.71
2025-09-28 06:00:00+00:00,28.33,28.33,28.16,28.24,48.07
2025-09-28 07:00:00+00:00,28.24,28.24,28.24,28.24,0.0
2025-09-28 08:00:00+00:00,28.24,28.24,28.24,28.24,0.0
2025-09-28 09:00:00+00:00,28.27,28.67,28.19,28.67,10.17
2025-09-28 10:00:00+00:00,28.25,28.25,28.25,28.25,6.8
2025-09-28 11:00:00+00:00,28.2,28.2,28.2,28.2,3.8
2025-09-28 12:00:00+00:00,28.11,28.11,27.96,28.07,24.46
2025-09-28 13:00:00+00:00,28.08,28.86,28.05,28.86,11.67
2025-09-28 14:00:00+00:00,28.71,28.78,28.71,28.71,12.14
2025-09-28 15:00:00+00:00,28.73,28.8,28.73,28.8,0.96
2025-09-28 16:00:00+00:00,28.85,29.09,28.85,29.01,273.53
2025-09-28 17:00:00+00:00,29.02,30.86,28.85,28.99,891.04
2025-09-28 18:00:00+00:00,28.99,29.0,28.96,28.96,56.89
2025-09-28 19:00:00+00:00,29.04,29.05,29.04,29.05,5.44
2025-09-28 20:00:00+00:00,29.04,29.31,29.04,29.17,78.79
2025-09-28 21:00:00+00:00,29.16,29.16,29.08,29.08,6.64
2025-09-28 22:00:00+00:00,29.36,29.87,29.3,29.74,85.29
2025-09-28 23:00:00+00:00,29.82,30.17,29.79,30.05,925.1
2025-09-29 00:00:00+00:00,30.13,30.2,29.94,30.02,84.98
2025-09-29 01:00:00+00:00,30.0,30.09,29.62,29.62,74.86
2025-09-29 02:00:00+00:00,29.6,29.73,29.47,29.73,256.14
2025-09-29 03:00:00+00:00,29.81,29.81,29.65,29.65,214.91
2025-09-29 04:00:00+00:00,29.73,29.73,29.56,29.56,38.9
2025-09-29 05:00:00+00:00,29.31,29.35,29.31,29.35,9.82
2025-09-29 06:00:00+00:00,29.42,29.56,29.41,29.56,19.63
2025-09-29 07:00:00+00:00,29.45,29.76,29.45,29.76,8.82
2025-09-29 08:00:00+00:00,29.73,29.82,29.72,29.82,12.6
2025-09-29 09:00:00+00:00,29.82,29.97,29.69,29.73,40.45
2025-09-29 10:00:00+00:00,29.79,29.81,29.55,29.56,14.79
2025-09-29 11:00:00+00:00,29.17,29.84,29.14,29.64,78.67
2025-09-29 12:00:00+00:00,29.64,29.82,29.42,29.42,17.46
2025-09-29 13:00:00+00:00,29.37,29.73,29.17,29.73,51.56
2025-09-29 14:00:00+00:00,29.82,30.2,29.82,30.2,38.63
2025-09-29 15:00:00+00:00,30.24,30.46,30.11,30.25,110.85
2025-09-29 16:00:00+00:00,30.54,30.65,30.21,30.21,39.2
2025-09-29 17:00:00+00:00,30.07,30.44,30.07,30.44,32.08
2025-09-29 18:00:00+00:00,30.22,30.22,30.22,30.22,1.42
2025-09-29 19:00:00+00:00,30.42,30.54,30.3,30.54,22.84
2025-09-29 20:00:00+00:00,30.61,30.76,30.61,30.72,20.21
2025-09-29 21:00:00+00:00,30.65,30.72,30.58,30.58,101.11
2025-09-29 22:00:00+00:00,30.44,30.56,30.44,30.48,39.99
2025-09-29 23:00:00+00:00,30.44,30.5,30.42,30.45,15.45
2025-09-30 00:00:00+00:00,30.44,30.58,30.37,30.55,53.86
2025-09-30 01:00:00+00:00,30.3,30.3,29.93,29.93,68.41
2025-09-30 02:00:00+00:00,29.92,29.92,29.84,29.84,27.56
2025-09-30 03:00:00+00:00,29.91,29.91,29.91,29.91,33.51
2025-09-30 04:00:00+00:00,29.89,29.89,29.84,29.84,273.8
2025-09-30 05:00:00+00:00,29.96,29.96,29.74,29.74,1.25
2025-09-30 06:00:00+00:00,29.71,29.82,29.71,29.8,7.24
2025-09-30 07:00:00+00:00,29.62,29.62,29.47,29.47,24.73
2025-09-30 08:00:00+00:00,29.52,29.59,29.39,29.39,73.46
2025-09-30 09:00:00+00:00,29.38,29.38,29.24,29.33,7.72
2025-09-30 10:00:00+00:00,29.3,29.68,29.3,29.62,27.71
2025-09-30 11:00:00+00:00,29.6,29.61,29.48,29.48,65.65
2025-09-30 12:00:00+00:00,29.42,29.42,29.32,29.32,113.29
2025-09-30 13:00:00+00:00,29.32,29.32,29.17,29.17,258.56
2025-09-30 14:00:00+00:00,29.17,29.28,29.08,29.26,34.24
2025-09-30 15:00:00+00:00,29.38,29.38,28.88,28.98,108.7
2025-09-30 16:00:00+00:00,28.98,28.98,28.85,28.86,30.11
2025-09-30 17:00:00+00:00,28.84,29.09,28.84,29.03,18.83
2025-09-30 18:00:00+00:00,28.94,29.43,28.94,29.43,210.39
2025-09-30 19:00:00+00:00,29.45,30.04,29.45,29.95,271.59
2025-09-30 20:00:00+00:00,30.03,30.2,29.94,30.2,12.38
2025-09-30 21:00:00+00:00,30.24,30.3,30.01,30.01,91.9
2025-09-30 22:00:00+00:00,30.04,30.04,29.87,29.87,281.4
2025-09-30 23:00:00+00:00,29.93,29.94,29.87,29.94,1.95
2025-10-01 00:00:00+00:00,30.02,30.05,29.87,29.9,140.07
2025-10-01 01:00:00+00:00,29.96,30.1,29.96,30.07,21.29
2025-10-01 02:00:00+00:00,30.12,30.12,29.98,30.01,6.84
2025-10-01 03:00:00+00:00,29.88,29.88,29.68,29.68,271.86
2025-10-01 04:00:00+00:00,29.68,29.94,29.68,29.91,45.0
2025-10-01 05:00:00+00:00,29.88,29.88,29.86,29.86,25.28
2025-10-01 06:00:00+00:00,29.84,29.98,29.75,29.75,206.62
2025-10-01 07:00:00+00:00,29.75,29.79,29.75,29.78,116.85
2025-10-01 08:00:00+00:00,30.02,30.87,30.02,30.87,154.21
2025-10-01 09:00:00+00:00,30.87,31.02,30.78,31.02,86.4
2025-10-01 10:00:00+00:00,30.99,30.99,30.61,30.61,129.96
2025-10-01 11:00:00+00:00,30.72,30.87,30.68,30.69,33.63
2025-10-01 12:00:00+00:00,30.69,30.85,30.61,30.8,1515.09
2025-10-01 13:00:00+00:00,30.65,30.65,30.37,30.42,78.32
2025-10-01 14:00:00+00:00,30.66,31.15,30.41,30.41,363.65
2025-10-01 15:00:00+00:00,30.55,30.68,30.54,30.6,102.82
2025-10-01 16:00:00+00:00,30.6,30.63,30.49,30.5,59.53
2025-10-01 17:00:00+00:00,30.54,30.58,30.46,30.48,43.53
2025-10-01 18:00:00+00:00,30.54,30.54,30.52,30.52,13.12
2025-10-01 19:00:00+00:00,30.7,30.7,30.59,30.59,4.58
2025-10-01 20:00:00+00:00,30.54,30.62,30.53,30.53,6.13
2025-10-01 21:00:00+00:00,30.62,30.62,30.5,30.53,23.38
2025-10-01 22:00:00+00:00,30.6,30.61,30.52,30.52,84.39
2025-10-01 23:00:00+00:00,30.59,31.01,30.53,30.98,212.95
2025-10-02 00:00:00+00:00,30.77,31.29,30.63,30.65,465.11
2025-10-02 01:00:00+00:00,30.54,30.97,30.54,30.97,101.4
2025-10-02 02:00:00+00:00,30.92,31.37,30.92,31.28,102.56
2025-10-02 03:00:00+00:00,31.25,31.31,30.8,30.88,613.89
2025-10-02 04:00:00+00:00,30.82,30.84,30.62,30.84,18.17
2025-10-02 05:00:00+00:00,30.83,30.95,30.69,30.8,1290.17
2025-10-02 06:00:00+00:00,30.78,30.92,30.61,30.74,98.69
2025-10-02 07:00:00+00:00,30.77,30.77,30.66,30.66,49.83
2025-10-02 08:00:00+00:00,30.59,30.59,30.52,30.52,3.43
2025-10-02 09:00:00+00:00,30.5,30.53,30.46,30.52,55.96
2025-10-02 10:00:00+00:00,30.5,30.79,30.5,30.63,325.35
2025-10-02 11:00:00+00:00,30.58,30.58,30.55,30.55,21.15
2025-10-02 12:00:00+00:00,30.62,31.54,30.54,30.64,403.42
2025-10-02 13:00:00+00:00,30.7,30.7,29.79,30.45,528.58
2025-10-02 14:00:00+00:00,30.22,30.53,29.73,29.73,1682.86
2025-10-02 15:00:00+00:00,29.75,29.99,29.6,29.99,108.93
2025-10-02 16:00:00+00:00,30.01,30.29,29.93,30.28,131.11
2025-10-02 17:00:00+00:00,30.27,30.47,30.09,30.46,1605.11
2025-10-02 18:00:00+00:00,30.47,30.72,30.47,30.72,140.82
2025-10-02 19:00:00+00:00,30.69,31.1,30.66,30.97,534.49
2025-10-02 20:00:00+00:00,31.02,31.19,30.79,30.92,172.85
2025-10-02 21:00:00+00:00,30.87,32.0,30.87,30.95,1616.71
2025-10-02 22:00:00+00:00,31.09,31.09,30.93,31.0,28.25
2025-10-02 23:00:00+00:00,31.03,31.03,30.88,31.01,85.21
2025-10-03 00:00:00+00:00,30.97,31.08,30.72,30.83,67.96
2025-10-03 01:00:00+00:00,30.72,30.75,30.52,30.52,101.17
2025-10-03 02:00:00+00:00,30.92,30.92,30.75,30.86,6.03
2025-10-03 03:00:00+00:00,30.93,31.06,30.81,30.82,148.91
2025-10-03 04:00:00+00:00,30.91,30.95,30.73,30.86,4.59
2025-10-03 05:00:00+00:00,30.72,30.72,30.51,30.51,2.44
2025-10-03 06:00:00+00:00,30.65,30.67,30.28,30.28,125.02
2025-10-03 07:00:00+00:00,30.25,30.25,30.17,30.23,10.94
2025-10-03 08:00:00+00:00,30.25,30.29,30.07,30.26,193.62
2025-10-03 09:00:00+00:00,30.3,30.3,30.21,30.21,10.56
2025-10-03 10:00:00+00:00,30.46,30.52,30.4,30.48,9.13
2025-10-03 11:00:00+00:00,30.34,30.35,30.16,30.16,90.67
2025-10-03 12:00:00+00:00,30.16,30.32,30.16,30.28,100.27
2025-10-03 13:00:00+00:00,30.14,30.52,30.07,30.36,36.87
2025-10-03 14:00:00+00:00,30.24,30.52,30.1,30.52,30.61
2025-10-03 15:00:00+00:00,30.45,31.24,30.38,31.16,277.53
2025-10-03 16:00:00+00:00,31.29,31.52,31.12,31.23,177.09
2025-10-03 17:00:00+00:00,31.07,31.26,30.54,31.04,705.22
2025-10-03 18:00:00+00:00,31.03,31.28,30.78,31.27,376.35
2025-10-03 19:00:00+00:00,31.23,31.3,31.23,31.3,6.23
2025-10-03 20:00:00+00:00,31.22,31.31,31.22,31.22,17.37
2025-10-03 21:00:00+00:00,31.24,31.27,31.13,31.13,187.19
2025-10-03 22:00:00+00:00,31.29,31.46,31.29,31.44,96.53
2025-10-03 23:00:00+00:00,31.34,31.44,31.34,31.44,3.13
2025-10-04 00:00:00+00:00,31.4,31.41,31.2,31.2,5.58
2025-10-04 01:00:00+00:00,31.17,31.24,31.13,31.24,101.55
2025-10-04 02:00:00+00:00,31.13,31.22,31.08,31.22,75.61
2025-10-04 03:00:00+00:00,31.09,31.09,31.09,31.09,127.87
2025-10-04 04:00:00+00:00,31.27,31.3,31.15,31.15,107.9
2025-10-04 05:00:00+00:00,31.26,31.32,31.09,31.09,16.46
2025-10-04 06:00:00+00:00,31.22,31.22,31.12,31.2,33.33
2025-10-04 07:00:00+00:00,31.14,31.14,30.83,30.85,390.56
2025-10-04 08:00:00+00:00,30.8,30.8,30.57,30.57,84.76
2025-10-04 09:00:00+00:00,30.61,30.71,30.53,30.53,25.71
2025-10-04 10:00:00+00:00,30.56,30.6,30.4,30.4,16.61
2025-10-04 11:00:00+00:00,30.41,30.42,30.32,30.32,11.67
2025-10-04 12:00:00+00:00,30.34,30.34,30.25,30.26,208.05
2025-10-04 13:00:00+00:00,30.22,30.42,30.22,30.3,134.65
2025-10-04 14:00:00+00:00,30.31,30.32,29.93,29.93,262.26
2025-10-04 15:00:00+00:00,29.92,30.0,29.89,30.0,109.84
2025-10-04 16:00:00+00:00,29.95,30.1,29.92,29.96,234.53
2025-10-04 17:00:00+00:00,30.01,30.08,30.01,30.06,26.63
2025-10-04 18:00:00+00:00,29.98,30.0,29.9,29.9,23.02
2025-10-04 19:00:00+00:00,30.04,30.05,29.98,30.03,27.66
2025-10-04 20:00:00+00:00,30.02,30.02,30.01,30.01,55.0
2025-10-04 21:00:00+00:00,30.07,30.15,30.04,30.11,222.09
2025-10-04 22:00:00+00:00,30.12,30.25,30.08,30.22,9.59
2025-10-04 23:00:00+00:00,30.17,30.19,30.17,30.17,3.54
2025-10-05 00:00:00+00:00,30.1,30.2,29.93,29.93,139.3
2025-10-05 01:00:00+00:00,29.95,30.0,29.95,30.0,133.68
2025-10-05 02:00:00+00:00,29.91,30.5,29.91,30.5,42.6
2025-10-05 03:00:00+00:00,30.59,30.65,30.4,30.51,46.63
2025-10-05 04:00:00+00:00,30.51,30.95,30.41,30.93,257.42
2025-10-05 05:00:00+00:00,30.99,31.0,30.79,30.88,228.5
2025-10-05 06:00:00+00:00,30.89,30.89,30.71,30.71,23.2
2025-10-05 07:00:00+00:00,30.89,31.02,30.84,31.02,2.66
2025-10-05 08:00:00+00:00,31.06,31.16,30.93,31.0,56.7
2025-10-05 09:00:00+00:00,30.92,30.97,30.68,30.8,40.87
2025-10-05 10:00:00+00:00,30.67,30.67,30.4,30.5,56.51
2025-10-05 11:00:00+00:00,30.37,30.37,30.11,30.36,52.24
2025-10-05 12:00:00+00:00,30.29,30.29,30.1,30.1,13.15
2025-10-05 13:00:00+00:00,30.13,30.13,30.13,30.13,796.54
2025-10-05 14:00:00+00:00,30.1,30.62,30.03,30.03,1247.35
2025-10-05 15:00:00+00:00,30.11,30.31,30.09,30.24,61.66
2025-10-05 16:00:00+00:00,30.28,30.28,30.1,30.11,14.71
2025-10-05 17:00:00+00:00,30.2,30.2,29.93,29.93,57.66
2025-10-05 18:00:00+00:00,29.93,29.99,29.79,29.99,68.73
2025-10-05 19:00:00+00:00,29.98,29.98,29.66,29.66,101.37
2025-10-05 20:00:00+00:00,29.74,29.92,29.74,29.92,1112.89
2025-10-05 21:00:00+00:00,29.81,29.84,29.81,29.84,6.58
2025-10-05 22:00:00+00:00,29.9,29.9,29.75,29.87,2775.73
2025-10-05 23:00:00+00:00,29.86,30.14,29.79,30.11,2812.38
2025-10-06 00:00:00+00:00,30.07,30.35,29.94,30.05,2143.64
2025-10-06 01:00:00+00:00,29.98,30.31,29.98,30.28,32.62
2025-10-06 02:00:00+00:00,30.23,30.32,30.1,30.32,29.07
2025-10-06 03:00:00+00:00,30.17,30.17,30.17,30.17,1.62
2025-10-06 04:00:00+00:00,30.21,30.39,30.21,30.26,6.61
2025-10-06 05:00:00+00:00,30.26,30.26,30.19,30.24,168.89
2025-10-06 06:00:00+00:00,30.24,30.39,30.24,30.29,3.11
2025-10-06 07:00:00+00:00,30.39,30.39,30.25,30.25,3.13
2025-10-06 08:00:00+00:00,30.35,30.42,30.35,30.42,3.12
2025-10-06 09:00:00+00:00,30.49,30.77,30.49,30.56,120.38
2025-10-06 10:00:00+00:00,30.59,30.59,30.41,30.46,10.23
2025-10-06 11:00:00+00:00,30.44,30.59,30.44,30.53,19.09
2025-10-06 12:00:00+00:00,30.62,30.62,30.62,30.62,4.35
2025-10-06 13:00:00+00:00,30.53,30.62,30.48,30.62,102.15
2025-10-06 14:00:00+00:00,30.65,30.94,30.59,30.59,768.38
2025-10-06 15:00:00+00:00,30.77,30.95,30.77,30.9,42.82
2025-10-06 16:00:00+00:00,30.9,30.93,30.71,30.71,96.71
2025-10-06 17:00:00+00:00,30.8,31.0,30.78,30.94,140.71
2025-10-06 18:00:00+00:00,30.93,30.97,30.8,30.97,67.92
2025-10-06 19:00:00+00:00,30.88,30.91,30.78,30.82,171.77
2025-10-06 20:00:00+00:00,30.89,31.0,30.8,30.83,1509.52
2025-10-06 21:00:00+00:00,30.79,30.82,30.55,30.59,1526.42
2025-10-06 22:00:00+00:00,30.7,30.81,30.55,30.65,1483.79
2025-10-06 23:00:00+00:00,30.61,30.71,30.51,30.71,33.58
2025-10-07 00:00:00+00:00,30.71,30.71,30.46,30.53,73.18
2025-10-07 01:00:00+00:00,30.53,30.53,30.35,30.43,29.93
2025-10-07 02:00:00+00:00,30.43,30.43,30.3,30.3,808.77
2025-10-07 03:00:00+00:00,30.3,30.3,30.28,30.28,1295.96
2025-10-07 04:00:00+00:00,30.35,30.57,30.25,30.53,53.81
2025-10-07 05:00:00+00:00,30.47,30.56,30.37,30.56,31.77
2025-10-07 06:00:00+00:00,30.41,30.41,30.13,30.18,938.51
2025-10-07 07:00:00+00:00,30.2,30.21,30.07,30.11,69.29
2025-10-07 08:00:00+00:00,30.05,30.05,29.53,29.7,360.25
2025-10-07 09:00:00+00:00,29.81,29.81,29.74,29.74,14.02
2025-10-07 10:00:00+00:00,29.74,29.94,29.72,29.94,19.89
2025-10-07 11:00:00+00:00,29.97,30.03,29.96,30.03,6.42
2025-10-07 12:00:00+00:00,29.99,29.99,29.73,29.92,82.34
2025-10-07 13:00:00+00:00,29.9,29.9,29.17,29.32,174.62
2025-10-07 14:00:00+00:00,29.21,29.21,28.88,28.93,1165.09
2025-10-07 15:00:00+00:00,28.91,28.91,28.46,28.56,228.93
2025-10-07 16:00:00+00:00,28.45,28.77,28.33,28.6,130.99
2025-10-07 17:00:00+00:00,28.54,28.62,28.54,28.58,46.28
2025-10-07 18:00:00+00:00,28.37,28.4,28.29,28.3,254.76
2025-10-07 19:00:00+00:00,28.34,28.5,28.11,28.11,530.52
2025-10-07 20:00:00+00:00,28.25,28.36,28.23,28.36,60.35
2025-10-07 21:00:00+00:00,28.34,28.45,28.2,28.2,67.32
2025-10-07 22:00:00+00:00,28.24,28.4,28.16,28.19,1318.66
2025-10-07 23:00:00+00:00,28.09,28.09,27.84,27.96,183.99
2025-10-08 00:00:00+00:00,27.96,28.2,27.91,28.2,172.71
2025-10-08 01:00:00+00:00,28.19,28.35,28.14,28.28,143.72
2025-10-08 02:00:00+00:00,28.3,28.39,28.28,28.28,380.96
2025-10-08 03:00:00+00:00,28.18,28.18,27.94,27.94,1196.64
2025-10-08 04:00:00+00:00,27.93,28.22,27.93,28.22,5.14
2025-10-08 05:00:00+00:00,28.08,28.16,28.0,28.15,23.74
2025-10-08 06:00:00+00:00,28.11,28.21,28.11,28.16,5.22
2025-10-08 07:00:00+00:00,28.17,28.18,28.16,28.17,20.06
2025-10-08 08:00:00+00:00,28.26,28.34,28.26,28.34,4.21
2025-10-08 09:00:00+00:00,28.3,28.3,28.23,28.23,5.77
2025-10-08 10:00:00+00:00,28.23,28.23,28.23,28.23,0.0
2025-10-08 11:00:00+00:00,28.39,28.41,28.39,28.41,0.25
2025-10-08 12:00:00+00:00,28.29,28.48,28.29,28.48,5.89
2025-10-08 13:00:00+00:00,28.48,28.52,28.26,28.51,77.55
2025-10-08 14:00:00+00:00,28.51,28.68,28.42,28.42,74.75
2025-10-08 15:00:00+00:00,28.39,28.41,28.31,28.32,107.8
2025-10-08 16:00:00+00:00,28.34,28.51,28.31,28.51,216.89
2025-10-08 17:00:00+00:00,28.51,29.18,28.51,28.85,360.78
2025-10-08 18:00:00+00:00,28.89,29.6,28.86,29.37,510.8
2025-10-08 19:00:00+00:00,29.27,29.32,29.2,29.2,17.11
2025-10-08 20:00:00+00:00,29.23,29.23,28.95,28.95,50.78
2025-10-08 21:00:00+00:00,28.94,28.98,28.89,28.89,20.17
2025-10-08 22:00:00+00:00,28.89,28.89,28.82,28.82,17.13
2025-10-08 23:00:00+00:00,28.81,28.84,28.81,28.84,5.06
2025-10-09 00:00:00+00:00,28.88,28.88,28.6,28.6,79.19
2025-10-09 01:00:00+00:00,28.56,28.57,28.42,28.45,432.91
2025-10-09 02:00:00+00:00,28.41,28.41,28.16,28.16,168.21
2025-10-09 03:00:00+00:00,28.28,28.43,28.28,28.43,15.38
2025-10-09 04:00:00+00:00,28.43,28.49,28.43,28.47,129.22
2025-10-09 05:00:00+00:00,28.51,28.52,28.51,28.52,4.27
2025-10-09 06:00:00+00:00,28.51,28.51,28.51,28.51,0.87
2025-10-09 07:00:00+00:00,28.47,28.48,28.3,28.3,34.56
2025-10-09 08:00:00+00:00,28.21,28.21,27.99,27.99,84.01
2025-10-09 09:00:00+00:00,28.13,28.13,28.09,28.12,8.4
2025-10-09 10:00:00+00:00,28.18,28.18,28.18,28.18,8.86
2025-10-09 11:00:00+00:00,28.34,28.42,28.34,28.42,4.26
2025-10-09 12:00:00+00:00,28.31,28.74,28.31,28.73,34.75
2025-10-09 13:00:00+00:00,28.66,28.66,28.3,28.3,9.25
2025-10-09 14:00:00+00:00,28.16,28.2,27.92,28.11,28.34
2025-10-09 15:00:00+00:00,28.16,28.16,27.88,27.88,99.03
2025-10-09 16:00:00+00:00,28.0,28.0,27.62,27.62,535.06
2025-10-09 17:00:00+00:00,27.91,27.99,27.85,27.99,192.44
2025-10-09 18:00:00+00:00,28.08,28.08,27.93,27.96,50.73
2025-10-09 19:00:00+00:00,28.16,28.16,28.15,28.15,9.59
2025-10-09 20:00:00+00:00,27.99,28.05,27.99,28.04,67.82
2025-10-09 21:00:00+00:00,28.09,28.1,28.07,28.1,26.46
2025-10-09 22:00:00+00:00,28.34,28.43,28.34,28.43,5.51
2025-10-09 23:00:00+00:00,28.33,28.39,28.26,28.35,202.19
2025-10-10 00:00:00+00:00,28.43,28.43,28.37,28.38,25.81
2025-10-10 01:00:00+00:00,28.44,28.44,28.44,28.44,1.2
2025-10-10 02:00:00+00:00,28.39,28.39,28.34,28.36,14.86
2025-10-10 03:00:00+00:00,28.34,28.55,28.34,28.48,109.66
2025-10-10 04:00:00+00:00,28.46,28.52,28.34,28.36,67.97
2025-10-10 05:00:00+00:00,28.35,28.35,28.35,28.35,1.76
2025-10-10 06:00:00+00:00,28.57,28.61,28.34,28.34,20.54
2025-10-10 07:00:00+00:00,28.32,28.32,28.32,28.32,10.66
2025-10-10 08:00:00+00:00,28.32,28.32,28.32,28.32,0.0
2025-10-10 09:00:00+00:00,28.37,28.4,28.16,28.16,40.38
2025-10-10 10:00:00+00:00,28.16,28.16,28.16,28.16,0.0
2025-10-10 11:00:00+00:00,28.16,28.16,28.16,28.16,0.0
2025-10-10 12:00:00+00:00,28.25,28.25,28.24,28.24,72.23
2025-10-10 13:00:00+00:00,28.34,28.34,28.24,28.24,6.71
2025-10-10 14:00:00+00:00,28.28,28.28,27.88,27.97,53.07
2025-10-10 15:00:00+00:00,27.88,27.88,26.81,27.07,1371.51
2025-10-10 16:00:00+00:00,27.0,27.14,26.85,26.85,731.92
2025-10-10 17:00:00+00:00,26.85,26.89,26.7,26.74,97.6
2025-10-10 18:00:00+00:00,26.73,26.74,26.43,26.47,756.98
2025-10-10 19:00:00+00:00,26.41,26.59,26.1,26.46,521.24
2025-10-10 20:00:00+00:00,26.49,26.71,25.32,25.44,652.28
2025-10-10 21:00:00+00:00,25.31,25.36,23.0,24.03,2169.69
2025-10-10 22:00:00+00:00,24.82,25.82,20.97,21.16,1154.32
2025-10-10 23:00:00+00:00,20.91,24.09,20.47,20.74,2578.19
2025-10-11 00:00:00+00:00,20.75,21.53,20.41,21.36,820.71
2025-10-11 01:00:00+00:00,21.27,21.49,20.72,20.83,220.89
2025-10-11 02:00:00+00:00,21.18,22.84,21.08,22.8,434.81
2025-10-11 03:00:00+00:00,22.6,22.6,21.77,21.98,308.34
2025-10-11 04:00:00+00:00,21.93,22.06,21.85,22.06,326.17
2025-10-11 05:00:00+00:00,22.2,22.23,21.79,22.07,82.11
2025-10-11 06:00:00+00:00,22.03,22.64,22.03,22.45,241.1
2025-10-11 07:00:00+00:00,22.24,22.41,22.23,22.29,75.69
2025-10-11 08:00:00+00:00,22.18,23.13,22.18,23.13,63.72
2025-10-11 09:00:00+00:00,23.18,23.29,22.72,22.73,213.76
2025-10-11 10:00:00+00:00,22.94,23.0,22.7,22.73,336.56
2025-10-11 11:00:00+00:00,22.66,22.73,22.46,22.73,21.56
2025-10-11 12:00:00+00:00,22.61,22.76,22.33,22.33,47.59
2025-10-11 13:00:00+00:00,22.28,22.82,22.02,22.56,103.94
2025-10-11 14:00:00+00:00,22.76,22.84,22.59,22.7,44.54
2025-10-11 15:00:00+00:00,22.76,23.0,22.76,22.84,222.93
2025-10-11 16:00:00+00:00,22.74,22.94,22.62,22.62,58.35
2025-10-11 17:00:00+00:00,22.94,23.13,22.89,23.01,78.33
2025-10-11 18:00:00+00:00,23.02,23.02,22.75,22.76,39.38
2025-10-11 19:00:00+00:00,22.62,22.62,21.82,21.89,187.07
2025-10-11 20:00:00+00:00,21.75,21.75,21.22,21.52,788.42
2025-10-11 21:00:00+00:00,21.18,21.6,20.98,21.6,5287.5
2025-10-11 22:00:00+00:00,21.43,21.69,21.41,21.69,374.58
2025-10-11 23:00:00+00:00,21.6,21.7,21.47,21.47,1758.76
2025-10-12 00:00:00+00:00,21.47,21.6,20.92,21.06,232.15
2025-10-12 01:00:00+00:00,21.17,21.21,20.8,20.83,1539.88
2025-10-12 02:00:00+00:00,20.83,21.08,20.69,20.69,110.63
2025-10-12 03:00:00+00:00,20.8,21.19,20.8,21.04,1647.88
2025-10-12 04:00:00+00:00,21.29,21.39,21.29,21.39,17.35
2025-10-12 05:00:00+00:00,21.33,21.43,21.33,21.43,73.43
2025-10-12 06:00:00+00:00,21.43,21.53,21.41,21.41,65.89
2025-10-12 07:00:00+00:00,21.4,21.4,21.37,21.38,16.06
2025-10-12 08:00:00+00:00,21.37,21.46,21.16,21.16,199.15
2025-10-12 09:00:00+00:00,21.09,21.28,20.98,21.28,411.25
2025-10-12 10:00:00+00:00,21.28,21.29,21.05,21.05,175.41
2025-10-12 11:00:00+00:00,21.13,21.15,21.05,21.15,35.7
2025-10-12 12:00:00+00:00,21.37,21.41,21.26,21.26,314.52
2025-10-12 13:00:00+00:00,21.31,21.31,20.76,20.83,157.43
2025-10-12 14:00:00+00:00,20.85,22.11,20.85,21.88,354.16
2025-10-12 15:00:00+00:00,22.0,22.52,21.77,22.45,462.28
2025-10-12 16:00:00+00:00,22.43,22.87,22.34,22.47,2006.08
2025-10-12 17:00:00+00:00,22.56,22.92,22.54,22.92,2334.92
2025-10-12 18:00:00+00:00,22.86,23.11,22.5,22.9,974.86
2025-10-12 19:00:00+00:00,22.59,23.01,22.48,23.01,345.24
2025-10-12 20:00:00+00:00,23.0,23.35,22.87,23.11,3004.51
2025-10-12 21:00:00+00:00,22.9,23.01,22.5,22.68,72.2
2025-10-12 22:00:00+00:00,22.68,23.0,22.51,22.7,1543.5
2025-10-12 23:00:00+00:00,22.5,22.57,22.33,22.37,1179.88
2025-10-13 00:00:00+00:00,22.45,22.46,21.95,21.98,119.94
2025-10-13 01:00:00+00:00,22.0,22.28,21.99,22.27,166.89
2025-10-13 02:00:00+00:00,22.44,22.47,22.02,22.19,216.73
2025-10-13 03:00:00+00:00,22.23,22.24,22.2,22.23,37.61
2025-10-13 04:00:00+00:00,22.23,22.49,22.23,22.49,50.87
2025-10-13 05:00:00+00:00,22.46,22.5,22.33,22.41,108.44
2025-10-13 06:00:00+00:00,22.52,22.66,22.47,22.47,18.79
2025-10-13 07:00:00+00:00,22.69,22.88,22.69,22.88,20.48
2025-10-13 08:00:00+00:00,22.73,22.73,22.73,22.73,15.24
2025-10-13 09:00:00+00:00,22.83,22.83,22.76,22.76,46.09
2025-10-13 10:00:00+00:00,22.94,23.03,22.76,22.76,6.14
2025-10-13 11:00:00+00:00,22.52,22.56,21.73,22.26,135.02
2025-10-13 12:00:00+00:00,22.1,22.56,22.1,22.56,166.3
2025-10-13 13:00:00+00:00,22.42,22.95,22.42,22.78,154.77
2025-10-13 14:00:00+00:00,22.83,23.03,22.34,22.37,696.68
2025-10-13 15:00:00+00:00,22.56,22.87,22.56,22.87,774.23
2025-10-13 16:00:00+00:00,22.8,23.07,22.75,23.02,87.48
2025-10-13 17:00:00+00:00,23.09,23.45,22.88,23.45,60.3
2025-10-13 18:00:00+00:00,23.36,23.66,23.26,23.52,95.69
2025-10-13 19:00:00+00:00,23.73,24.01,23.68,23.9,425.37
2025-10-13 20:00:00+00:00,23.91,24.01,23.73,23.81,231.27
2025-10-13 21:00:00+00:00,23.93,23.93,23.79,23.79,6.35
2025-10-13 22:00:00+00:00,23.86,23.88,23.82,23.82,23.8
2025-10-13 23:00:00+00:00,23.81,23.81,23.81,23.81,1.19
2025-10-14 00:00:00+00:00,23.75,23.87,23.75,23.81,131.39
2025-10-14 01:00:00+00:00,23.84,23.84,23.76,23.76,67.62
2025-10-14 02:00:00+00:00,23.67,23.67,23.33,23.37,41.33
2025-10-14 03:00:00+00:00,23.35,23.38,23.16,23.32,3314.17
2025-10-14 04:00:00+00:00,23.3,23.3,22.87,22.87,40.48
2025-10-14 05:00:00+00:00,22.92,23.19,22.7,22.76,130.68
2025-10-14 06:00:00+00:00,22.84,23.05,22.02,22.17,152.6
2025-10-14 07:00:00+00:00,22.24,22.26,22.1,22.1,266.45
2025-10-14 08:00:00+00:00,22.0,22.41,22.0,22.38,181.89
2025-10-14 09:00:00+00:00,22.38,22.69,22.38,22.69,329.22
2025-10-14 10:00:00+00:00,22.3,22.3,21.99,22.24,168.06
2025-10-14 11:00:00+00:00,22.49,22.53,22.49,22.49,22.17
2025-10-14 12:00:00+00:00,22.25,22.31,22.25,22.31,3.36
2025-10-14 13:00:00+00:00,22.03,22.34,21.79,22.19,161.56
2025-10-14 14:00:00+00:00,22.09,22.52,22.03,22.52,527.55
2025-10-14 15:00:00+00:00,22.66,22.82,22.66,22.82,9.29
2025-10-14 16:00:00+00:00,22.7,23.09,22.7,23.07,205.59
2025-10-14 17:00:00+00:00,22.58,22.95,22.52,22.95,12.6
2025-10-14 18:00:00+00:00,22.83,22.87,22.75,22.8,11.38
2025-10-14 19:00:00+00:00,22.85,22.87,22.36,22.36,1529.55
2025-10-14 20:00:00+00:00,22.57,22.68,22.36,22.67,1355.33
2025-10-14 21:00:00+00:00,22.67,22.73,22.62,22.68,18.96
2025-10-14 22:00:00+00:00,22.74,22.74,22.57,22.68,128.07
2025-10-14 23:00:00+00:00,22.75,22.83,22.58,22.7,1266.94
2025-10-15 00:00:00+00:00,22.75,22.85,22.52,22.52,14.18
2025-10-15 01:00:00+00:00,22.57,22.65,22.57,22.65,78.1
2025-10-15 02:00:00+00:00,22.72,22.87,22.69,22.72,122.26
2025-10-15 03:00:00+00:00,22.59,22.59,22.45,22.45,20.39
2025-10-15 04:00:00+00:00,22.41,22.69,22.41,22.69,53.96
2025-10-15 05:00:00+00:00,22.76,22.76,22.72,22.75,6.9
2025-10-15 06:00:00+00:00,22.57,22.78,22.57,22.78,0.56
2025-10-15 07:00:00+00:00,22.97,22.97,22.97,22.97,3.55
2025-10-15 08:00:00+00:00,22.98,23.22,22.98,22.99,19.05
2025-10-15 09:00:00+00:00,23.04,23.04,22.81,22.81,35.32
2025-10-15 10:00:00+00:00,22.81,22.85,22.62,22.62,44.09
2025-10-15 11:00:00+00:00,22.63,22.63,22.46,22.46,23.59
2025-10-15 12:00:00+00:00,22.36,22.36,22.24,22.35,43.78
2025-10-15 13:00:00+00:00,22.28,22.36,21.89,21.92,239.45
2025-10-15 14:00:00+00:00,22.4,22.51,21.96,21.96,22.91
2025-10-15 15:00:00+00:00,22.18,22.2,21.8,21.8,44.62
2025-10-15 16:00:00+00:00,21.95,21.96,21.87,21.87,5.35
2025-10-15 17:00:00+00:00,21.79,21.79,21.66,21.66,227.65
2025-10-15 18:00:00+00:00,21.88,21.95,21.88,21.95,39.95
2025-10-15 19:00:00+00:00,22.02,22.02,21.89,21.89,38.1
2025-10-15 20:00:00+00:00,22.09,22.09,21.59,21.59,77.8
2025-10-15 21:00:00+00:00,21.87,22.05,21.79,21.79,113.84
2025-10-15 22:00:00+00:00,21.91,21.91,21.91,21.91,0.9
2025-10-15 23:00:00+00:00,21.92,21.92,21.92,21.92,0.89
2025-10-16 00:00:00+00:00,21.93,21.93,21.86,21.89,22.47
2025-10-16 01:00:00+00:00,21.99,22.0,21.91,21.91,1.57
2025-10-16 02:00:00+00:00,22.07,22.11,21.9,21.98,42.49
2025-10-16 03:00:00+00:00,22.02,22.02,22.02,22.02,0.45
2025-10-16 04:00:00+00:00,21.89,22.05,21.87,21.87,4.47
2025-10-16 05:00:00+00:00,21.86,21.89,21.73,21.73,16.81
2025-10-16 06:00:00+00:00,21.73,21.73,21.73,21.73,0.0
2025-10-16 07:00:00+00:00,21.73,21.73,21.73,21.73,0.0
2025-10-16 08:00:00+00:00,21.87,21.87,21.72,21.72,5.73
2025-10-16 09:00:00+00:00,21.79,22.0,21.1,22.0,338.84
2025-10-16 10:00:00+00:00,22.04,22.27,22.04,22.2,49.12
2025-10-16 11:00:00+00:00,22.2,22.2,22.2,22.2,0.0
2025-10-16 12:00:00+00:00,22.29,22.34,22.2,22.2,13.1
2025-10-16 13:00:00+00:00,22.2,22.2,22.2,22.2,0.0
2025-10-16 14:00:00+00:00,21.94,22.11,21.82,21.94,6.45
2025-10-16 15:00:00+00:00,21.74,21.74,21.1,21.11,42.95
2025-10-16 16:00:00+00:00,21.06,21.49,20.91,21.49,367.85
2025-10-16 17:00:00+00:00,21.49,21.49,21.08,21.08,86.02
2025-10-16 18:00:00+00:00,21.02,21.37,20.95,21.06,56.62
2025-10-16 19:00:00+00:00,21.06,21.06,20.56,20.79,1440.49
2025-10-16 20:00:00+00:00,20.81,20.87,20.64,20.83,1377.87
2025-10-16 21:00:00+00:00,20.78,20.94,20.71,20.88,19.13
2025-10-16 22:00:00+00:00,20.94,20.95,20.7,20.72,1527.22
2025-10-16 23:00:00+00:00,20.79,21.33,20.79,20.99,1450.62
2025-10-17 00:00:00+00:00,20.98,21.1,20.98,21.06,26.7
2025-10-17 01:00:00+00:00,21.11,21.17,20.95,20.95,73.74
2025-10-17 02:00:00+00:00,20.93,20.94,20.88,20.88,62.37
2025-10-17 03:00:00+00:00,20.99,21.0,20.52,20.98,1697.04
2025-10-17 04:00:00+00:00,20.98,21.05,20.93,20.99,1281.82
2025-10-17 05:00:00+00:00,20.76,20.79,20.65,20.65,1.97
2025-10-17 06:00:00+00:00,20.54,20.54,19.93,19.96,2785.84
2025-10-17 07:00:00+00:00,19.92,19.92,19.38,19.38,230.48
2025-10-17 08:00:00+00:00,19.43,19.43,19.08,19.14,997.73
2025-10-17 09:00:00+00:00,19.22,19.78,19.22,19.47,174.75
2025-10-17 10:00:00+00:00,19.32,19.32,19.16,19.21,83.44
2025-10-17 11:00:00+00:00,19.59,19.98,19.59,19.78,63.34
2025-10-17 12:00:00+00:00,19.83,19.9,19.79,19.84,133.45
2025-10-17 13:00:00+00:00,19.78,19.88,19.62,19.73,158.38
2025-10-17 14:00:00+00:00,19.83,19.84,19.45,19.6,928.44
2025-10-17 15:00:00+00:00,19.62,19.89,19.62,19.89,70.67
2025-10-17 16:00:00+00:00,19.94,20.19,19.88,19.88,202.13
2025-10-17 17:00:00+00:00,19.94,20.05,19.94,20.05,49.13
2025-10-17 18:00:00+00:00,20.02,20.12,19.97,19.97,41.69
2025-10-17 19:00:00+00:00,19.94,19.94,19.86,19.9,82.38
2025-10-17 20:00:00+00:00,19.93,20.13,19.93,20.09,40.74
2025-10-17 21:00:00+00:00,20.19,20.19,20.09,20.09,3.13
2025-10-17 22:00:00+00:00,20.25,20.26,20.02,20.07,41.31
2025-10-17 23:00:00+00:00,20.03,20.03,19.93,19.98,12.35
2025-10-18 00:00:00+00:00,19.96,20.0,19.85,20.0,1667.81
2025-10-18 01:00:00+00:00,19.97,20.11,19.97,20.09,0.46
2025-10-18 02:00:00+00:00,20.1,20.11,19.96,19.96,10.16
2025-10-18 03:00:00+00:00,20.07,20.07,20.02,20.06,25.55
2025-10-18 04:00:00+00:00,19.96,19.96,19.94,19.94,24.63
2025-10-18 05:00:00+00:00,19.99,19.99,19.99,19.99,0.5
2025-10-18 06:00:00+00:00,20.1,20.1,20.1,20.1,0.25
2025-10-18 07:00:00+00:00,20.17,20.37,20.17,20.18,7.89
2025-10-18 08:00:00+00:00,20.18,20.18,20.18,20.18,0.0
2025-10-18 09:00:00+00:00,20.23,20.26,20.23,20.26,13.92
2025-10-18 10:00:00+00:00,20.26,20.26,20.26,20.26,0.0
2025-10-18 11:00:00+00:00,20.26,20.26,20.26,20.26,0.0
2025-10-18 12:00:00+00:00,20.25,20.26,20.16,20.17,1233.29
2025-10-18 13:00:00+00:00,19.98,19.98,19.95,19.96,5.84
2025-10-18 14:00:00+00:00,19.92,20.02,19.9,20.02,198.46
2025-10-18 15:00:00+00:00,20.07,20.08,19.95,20.04,890.01
2025-10-18 16:00:00+00:00,19.95,19.96,19.85,19.93,220.58
2025-10-18 17:00:00+00:00,19.95,20.12,19.91,20.12,116.21
2025-10-18 18:00:00+00:00,20.15,20.16,20.15,20.16,65.91
2025-10-18 19:00:00+00:00,20.12,20.13,20.12,20.13,13.9
2025-10-18 20:00:00+00:00,20.2,20.27,20.2,20.27,3.7
2025-10-18 21:00:00+00:00,20.14,20.21,20.14,20.2,7.31
2025-10-18 22:00:00+00:00,20.24,20.28,20.24,20.24,249.38
2025-10-18 23:00:00+00:00,20.18,20.21,20.18,20.19,26.23
2025-10-19 00:00:00+00:00,20.21,20.21,20.04,20.08,113.35
2025-10-19 01:00:00+00:00,20.03,20.06,20.03,20.06,3.62
2025-10-19 02:00:00+00:00,20.13,20.18,20.08,20.15,105.6
2025-10-19 03:00:00+00:00,20.15,20.15,20.15,20.15,0.0
2025-10-19 04:00:00+00:00,20.24,20.24,20.24,20.24,0.25
2025-10-19 05:00:00+00:00,20.24,20.24,20.24,20.24,0.0
2025-10-19 06:00:00+00:00,20.02,20.03,19.96,19.96,65.05
2025-10-19 07:00:00+00:00,19.94,19.96,19.9,19.96,35.91
2025-10-19 08:00:00+00:00,20.14,20.14,19.84,19.84,39.68
2025-10-19 09:00:00+00:00,19.8,20.25,19.78,20.25,19.32
2025-10-19 10:00:00+00:00,20.11,20.5,20.11,20.42,48.04
2025-10-19 11:00:00+00:00,20.56,20.56,20.46,20.46,15.73
2025-10-19 12:00:00+00:00,20.44,20.44,20.44,20.44,2.0
2025-10-19 13:00:00+00:00,20.48,20.75,20.45,20.75,137.95
2025-10-19 14:00:00+00:00,20.73,20.8,20.65,20.74,11.14
2025-10-19 15:00:00+00:00,20.71,20.71,20.71,20.71,72.15
2025-10-19 16:00:00+00:00,20.6,20.63,20.58,20.63,15.86
2025-10-19 17:00:00+00:00,20.66,20.82,20.66,20.71,270.32
2025-10-19 18:00:00+00:00,20.71,20.71,20.71,20.71,0.5
2025-10-19 19:00:00+00:00,20.71,20.71,20.71,20.71,0.0
2025-10-19 20:00:00+00:00,20.7,20.79,20.7,20.79,1.82
2025-10-19 21:00:00+00:00,20.7,20.71,20.7,20.71,12.97
2025-10-19 22:00:00+00:00,20.71,20.71,20.71,20.71,0.0
2025-10-19 23:00:00+00:00,20.7,20.7,20.6,20.6,303.67
2025-10-20 00:00:00+00:00,20.55,20.56,20.18,20.35,98.64
2025-10-20 01:00:00+00:00,20.42,20.43,20.34,20.36,80.39
2025-10-20 02:00:00+00:00,20.39,20.44,20.39,20.44,150.0
2025-10-20 03:00:00+00:00,20.43,21.05,20.43,21.03,99.48
2025-10-20 04:00:00+00:00,21.03,21.07,20.99,21.0,74.31
2025-10-20 05:00:00+00:00,20.96,20.96,20.88,20.88,147.92
2025-10-20 06:00:00+00:00,21.07,21.14,21.07,21.1,94.73
2025-10-20 07:00:00+00:00,20.98,20.98,20.86,20.86,8.92
2025-10-20 08:00:00+00:00,20.82,20.87,20.82,20.85,2.64
2025-10-20 09:00:00+00:00,20.8,20.8,20.7,20.76,21.23
2025-10-20 10:00:00+00:00,20.78,20.78,20.78,20.78,23.12
2025-10-20 11:00:00+00:00,20.67,20.69,20.63,20.69,28.32
2025-10-20 12:00:00+00:00,20.71,20.71,20.64,20.69,9.6
2025-10-20 13:00:00+00:00,20.6,20.76,20.6,20.76,20.72
2025-10-20 14:00:00+00:00,20.76,20.76,20.76,20.76,0.0
2025-10-20 15:00:00+00:00,20.76,20.85,20.64,20.64,57.41
2025-10-20 16:00:00+00:00,20.54,20.54,20.29,20.3,54.98
2025-10-20 17:00:00+00:00,20.51,20.51,20.4,20.4,24.74
2025-10-20 18:00:00+00:00,20.35,20.35,20.35,20.35,5.96
2025-10-20 19:00:00+00:00,20.39,20.56,20.36,20.56,23.36
2025-10-20 20:00:00+00:00,20.54,20.54,20.53,20.53,30.48
2025-10-20 21:00:00+00:00,20.58,20.58,20.38,20.38,52.6
2025-10-20 22:00:00+00:00,20.43,20.46,20.43,20.43,12.28
2025-10-20 23:00:00+00:00,20.43,20.46,20.36,20.36,78.55
2025-10-21 00:00:00+00:00,20.35,20.35,20.28,20.31,12.49
2025-10-21 01:00:00+00:00,20.23,20.23,20.08,20.11,20.68
2025-10-21 02:00:00+00:00,20.05,20.07,19.93,19.93,750.17
2025-10-21 03:00:00+00:00,19.92,19.95,19.82,19.85,167.71
2025-10-21 04:00:00+00:00,19.8,19.8,19.48,19.49,137.53
2025-10-21 05:00:00+00:00,19.48,19.61,19.47,19.47,111.7
2025-10-21 06:00:00+00:00,19.51,19.62,19.51,19.62,30.02
2025-10-21 07:00:00+00:00,19.62,19.62,19.62,19.62,0.0
2025-10-21 08:00:00+00:00,19.68,19.68,19.68,19.68,7.24
2025-10-21 09:00:00+00:00,19.74,19.75,19.74,19.75,5.79
2025-10-21 10:00:00+00:00,19.9,19.95,19.83,19.95,22.64
2025-10-21 11:00:00+00:00,19.92,20.02,19.91,20.01,108.9
2025-10-21 12:00:00+00:00,20.03,20.19,20.03,20.09,12.64
2025-10-21 13:00:00+00:00,19.97,20.03,19.91,19.96,306.07
2025-10-21 14:00:00+00:00,19.91,20.5,19.89,20.5,150.75
2025-10-21 15:00:00+00:00,20.56,20.82,20.47,20.75,392.67
2025-10-21 16:00:00+00:00,20.73,20.85,20.45,20.45,92.05
2025-10-21 17:00:00+00:00,20.42,20.48,20.29,20.48,36.97
2025-10-21 18:00:00+00:00,20.48,20.48,20.48,20.48,0.0
2025-10-21 19:00:00+00:00,20.46,20.5,20.43,20.43,53.18
2025-10-21 20:00:00+00:00,20.35,20.35,20.17,20.19,45.34
2025-10-21 21:00:00+00:00,20.16,20.16,19.9,20.09,77.8
2025-10-21 22:00:00+00:00,20.1,20.1,19.75,19.83,35.92
2025-10-21 23:00:00+00:00,19.98,19.98,19.5,19.55,45.89
2025-10-22 00:00:00+00:00,19.55,19.64,19.38,19.38,89.38
2025-10-22 01:00:00+00:00,19.36,19.44,19.36,19.44,61.54
2025-10-22 02:00:00+00:00,19.57,19.57,19.57,19.57,10.22
2025-10-22 03:00:00+00:00,19.45,19.45,19.43,19.43,4.16
2025-10-22 04:00:00+00:00,19.52,19.52,19.47,19.5,8.93
2025-10-22 05:00:00+00:00,19.46,19.46,19.32,19.37,8.8
2025-10-22 06:00:00+00:00,19.37,19.37,19.37,19.37,0.0
2025-10-22 07:00:00+00:00,19.37,19.37,19.37,19.37,0.0
2025-10-22 08:00:00+00:00,19.37,19.37,19.37,19.37,0.0
2025-10-22 09:00:00+00:00,19.57,19.57,19.43,19.43,12.26
2025-10-22 10:00:00+00:00,19.44,19.44,19.37,19.4,444.31
2025-10-22 11:00:00+00:00,19.37,19.56,19.3,19.56,220.69
2025-10-22 12:00:00+00:00,19.67,19.68,19.63,19.63,25.57
2025-10-22 13:00:00+00:00,19.49,19.49,19.45,19.46,37.04
2025-10-22 14:00:00+00:00,19.51,19.51,19.3,19.38,166.78
2025-10-22 15:00:00+00:00,19.63,19.67,19.4,19.58,71.33
2025-10-22 16:00:00+00:00,19.47,19.49,19.4,19.49,12.56
2025-10-22 17:00:00+00:00,19.44,19.44,19.44,19.44,0.26
2025-10-22 18:00:00+00:00,19.35,19.36,19.2,19.22,122.7
2025-10-22 19:00:00+00:00,19.43,19.43,19.0,19.0,628.33
2025-10-22 20:00:00+00:00,19.0,19.03,18.87,19.03,1129.27
2025-10-22 21:00:00+00:00,18.87,18.87,18.44,18.68,314.72
2025-10-22 22:00:00+00:00,18.79,18.8,18.68,18.72,42.84
2025-10-22 23:00:00+00:00,18.88,19.01,18.88,18.92,110.71
2025-10-23 00:00:00+00:00,19.0,19.04,19.0,19.04,104.45
2025-10-23 01:00:00+00:00,19.1,19.1,19.01,19.01,3.7
2025-10-23 02:00:00+00:00,19.15,19.21,19.12,19.12,121.56
2025-10-23 03:00:00+00:00,19.13,19.15,19.1,19.1,45.93
2025-10-23 04:00:00+00:00,19.07,19.18,19.07,19.18,15.94
2025-10-23 05:00:00+00:00,19.22,19.31,19.22,19.26,13.79
2025-10-23 06:00:00+00:00,19.34,19.52,19.34,19.5,45.73
2025-10-23 07:00:00+00:00,19.5,19.5,19.5,19.5,0.0
2025-10-23 08:00:00+00:00,19.59,19.59,19.52,19.52,15.31
2025-10-23 09:00:00+00:00,19.5,19.5,19.49,19.49,26.18
2025-10-23 10:00:00+00:00,19.57,19.57,19.54,19.54,4.24
2025-10-23 11:00:00+00:00,19.45,19.45,19.45,19.45,3.58
2025-10-23 12:00:00+00:00,19.27,19.42,19.27,19.42,3.85
2025-10-23 13:00:00+00:00,19.45,19.47,19.41,19.41,8.4
2025-10-23 14:00:00+00:00,19.41,19.41,19.41,19.41,12.72
2025-10-23 15:00:00+00:00,19.57,19.57,19.57,19.57,0.11
2025-10-23 16:00:00+00:00,19.59,19.7,19.59,19.69,114.65
2025-10-23 17:00:00+00:00,19.6,19.6,19.54,19.54,1.29
2025-10-23 18:00:00+00:00,19.61,19.61,19.57,19.57,41.29
2025-10-23 19:00:00+00:00,19.48,19.48,19.36,19.36,38.79
2025-10-23 20:00:00+00:00,19.35,19.35,19.11,19.11,30.66
2025-10-23 21:00:00+00:00,19.14,19.14,19.14,19.14,0.5
2025-10-23 22:00:00+00:00,19.1,19.1,19.08,19.08,11.82
2025-10-23 23:00:00+00:00,19.06,19.09,19.01,19.09,94.4
2025-10-24 00:00:00+00:00,19.14,19.18,19.05,19.18,66.3
2025-10-24 01:00:00+00:00,19.11,19.18,19.11,19.18,52.99
2025-10-24 02:00:00+00:00,19.21,19.21,19.21,19.21,3.0
2025-10-24 03:00:00+00:00,19.21,19.21,19.21,19.21,0.0
2025-10-24 04:00:00+00:00,19.26,19.6,19.26,19.53,35.01
2025-10-24 05:00:00+00:00,19.48,19.63,19.48,19.63,3.5
2025-10-24 06:00:00+00:00,19.59,19.62,19.57,19.61,103.3
2025-10-24 07:00:00+00:00,19.51,19.54,19.43,19.43,47.69
2025-10-24 08:00:00+00:00,19.39,19.58,19.39,19.58,59.39
2025-10-24 09:00:00+00:00,19.62,19.62,19.57,19.57,38.11
2025-10-24 10:00:00+00:00,19.56,19.57,19.55,19.55,3.75
2025-10-24 11:00:00+00:00,19.55,19.55,19.55,19.55,0.0
2025-10-24 12:00:00+00:00,19.54,19.89,19.52,19.61,108.88
2025-10-24 13:00:00+00:00,19.61,19.92,19.56,19.58,421.12
2025-10-24 14:00:00+00:00,19.62,19.62,19.3,19.35,57.38
2025-10-24 15:00:00+00:00,19.37,19.37,19.25,19.25,442.81
2025-10-24 16:00:00+00:00,19.26,19.34,19.16,19.16,535.06
2025-10-24 17:00:00+00:00,19.29,19.29,19.29,19.29,25.64
2025-10-24 18:00:00+00:00,19.3,19.3,19.3,19.3,11.05
2025-10-24 19:00:00+00:00,19.45,19.52,19.45,19.49,7.92
2025-10-24 20:00:00+00:00,19.58,19.61,19.58,19.61,107.08
2025-10-24 21:00:00+00:00,19.59,19.59,19.59,19.59,4.49
2025-10-24 22:00:00+00:00,19.62,19.62,19.52,19.52,1.95
2025-10-24 23:00:00+00:00,19.48,19.48,19.48,19.48,0.85
2025-10-25 00:00:00+00:00,19.51,19.51,19.51,19.51,2.55
2025-10-25 01:00:00+00:00,19.45,19.45,19.4,19.4,3.26
2025-10-25 02:00:00+00:00,19.42,19.44,19.4,19.4,3.29
2025-10-25 03:00:00+00:00,19.37,19.41,19.31,19.31,23.15
2025-10-25 04:00:00+00:00,19.35,19.36,19.35,19.36,0.52
2025-10-25 05:00:00+00:00,19.36,19.36,19.36,19.36,0.0
2025-10-25 06:00:00+00:00,19.36,19.36,19.36,19.36,0.0
2025-10-25 07:00:00+00:00,19.3,19.43,19.3,19.37,45.65
2025-10-25 08:00:00+00:00,19.37,19.37,19.37,19.37,0.0
2025-10-25 09:00:00+00:00,19.44,19.44,19.39,19.39,4.93
2025-10-25 10:00:00+00:00,19.3,19.3,19.28,19.29,29.89
2025-10-25 11:00:00+00:00,19.36,19.37,19.36,19.37,2.2
2025-10-25 12:00:00+00:00,19.53,19.63,19.53,19.63,20.43
2025-10-25 13:00:00+00:00,19.52,19.52,19.52,19.52,3.83
2025-10-25 14:00:00+00:00,19.57,19.57,19.54,19.54,14.36
2025-10-25 15:00:00+00:00,19.51,19.54,19.51,19.53,28.76
2025-10-25 16:00:00+00:00,19.51,19.55,19.51,19.55,3.44
2025-10-25 17:00:00+00:00,19.49,19.49,19.49,19.49,11.24
2025-10-25 18:00:00+00:00,19.53,19.71,19.53,19.71,61.58
2025-10-25 19:00:00+00:00,19.71,19.81,19.71,19.76,51.34
2025-10-25 20:00:00+00:00,19.72,19.72,19.69,19.69,2.71
2025-10-25 21:00:00+00:00,19.69,19.69,19.66,19.66,54.06
2025-10-25 22:00:00+00:00,19.74,19.74,19.73,19.73,2.54
2025-10-25 23:00:00+00:00,19.73,19.73,19.67,19.67,0.83
2025-10-26 00:00:00+00:00,19.71,19.76,19.66,19.72,54.05
2025-10-26 01:00:00+00:00,19.62,19.62,19.57,19.57,2.25
2025-10-26 02:00:00+00:00,19.5,19.5,19.5,19.5,0.13
2025-10-26 03:00:00+00:00,19.43,19.43,19.43,19.43,1.3
2025-10-26 04:00:00+00:00,19.42,19.53,19.42,19.5,24.53
2025-10-26 05:00:00+00:00,19.53,19.63,19.52,19.63,4250.1
2025-10-26 06:00:00+00:00,19.63,19.63,19.63,19.63,0.0
2025-10-26 07:00:00+00:00,19.64,19.64,19.64,19.64,18.67
2025-10-26 08:00:00+00:00,19.71,20.07,19.71,19.97,78.41
2025-10-26 09:00:00+00:00,20.04,20.12,19.92,20.0,86.6
2025-10-26 10:00:00+00:00,20.09,20.09,20.05,20.05,20.51
2025-10-26 11:00:00+00:00,20.0,20.37,20.0,20.37,23.83
2025-10-26 12:00:00+00:00,20.4,20.4,20.26,20.26,22.18
2025-10-26 13:00:00+00:00,20.38,20.58,20.38,20.57,19.05
2025-10-26 14:00:00+00:00,20.44,20.49,20.43,20.43,25.87
2025-10-26 15:00:00+00:00,20.29,20.4,20.28,20.4,61.56
2025-10-26 16:00:00+00:00,20.34,20.35,20.29,20.29,45.73
2025-10-26 17:00:00+00:00,20.28,20.31,20.28,20.31,11.51
2025-10-26 18:00:00+00:00,20.31,20.31,20.31,20.31,0.0
2025-10-26 19:00:00+00:00,20.25,20.3,20.23,20.29,27.71
2025-10-26 20:00:00+00:00,20.18,20.2,20.18,20.2,14.1
2025-10-26 21:00:00+00:00,20.18,20.18,20.14,20.14,57.64
2025-10-26 22:00:00+00:00,20.34,20.75,20.34,20.75,280.21
2025-10-26 23:00:00+00:00,20.73,20.89,20.73,20.81,26.37
2025-10-27 00:00:00+00:00,20.76,20.88,20.76,20.81,169.31
2025-10-27 01:00:00+00:00,20.8,20.95,20.76,20.95,329.13
2025-10-27 02:00:00+00:00,20.99,21.01,20.86,20.91,103.27
2025-10-27 03:00:00+00:00,20.92,20.92,20.84,20.84,11.5
2025-10-27 04:00:00+00:00,20.82,20.86,20.79,20.86,20.13
2025-10-27 05:00:00+00:00,21.02,21.07,21.02,21.07,7.62
2025-10-27 06:00:00+00:00,21.07,21.07,21.07,21.07,0.0
2025-10-27 07:00:00+00:00,21.05,21.05,20.75,20.76,1412.2
2025-10-27 08:00:00+00:00,20.86,20.89,20.69,20.72,3381.71
2025-10-27 09:00:00+00:00,20.73,20.8,20.49,20.49,503.03
2025-10-27 10:00:00+00:00,20.49,20.56,20.48,20.56,4.01
2025-10-27 11:00:00+00:00,20.6,20.64,20.47,20.47,4.03
2025-10-27 12:00:00+00:00,20.47,20.47,20.41,20.41,12.4
2025-10-27 13:00:00+00:00,20.45,20.45,20.29,20.29,30.25
2025-10-27 14:00:00+00:00,20.44,20.46,20.4,20.4,130.93
2025-10-27 15:00:00+00:00,20.4,20.49,20.4,20.46,15.29
2025-10-27 16:00:00+00:00,20.5,20.74,20.5,20.74,78.79
2025-10-27 17:00:00+00:00,20.71,20.73,20.67,20.67,27.64
2025-10-27 18:00:00+00:00,20.73,20.75,20.7,20.7,6.69
2025-10-27 19:00:00+00:00,20.65,20.65,20.58,20.6,4.84
2025-10-27 20:00:00+00:00,20.57,20.57,20.53,20.53,91.9
2025-10-27 21:00:00+00:00,20.47,20.53,20.43,20.51,14.4
2025-10-27 22:00:00+00:00,20.46,20.54,20.34,20.34,13.6
2025-10-27 23:00:00+00:00,20.29,20.31,20.21,20.31,26.04
2025-10-28 00:00:00+00:00,20.34,20.42,20.33,20.36,8.29
2025-10-28 01:00:00+00:00,20.38,20.48,20.38,20.44,18.47
2025-10-28 02:00:00+00:00,20.37,20.38,20.25,20.28,17.37
2025-10-28 03:00:00+00:00,20.31,20.35,20.19,20.22,9.33
2025-10-28 04:00:00+00:00,20.26,20.42,20.26,20.41,29.18
2025-10-28 05:00:00+00:00,20.42,20.43,20.02,20.02,71.84
2025-10-28 06:00:00+00:00,20.05,20.32,20.02,20.32,5.57
2025-10-28 07:00:00+00:00,20.38,20.45,20.31,20.31,9.25
2025-10-28 08:00:00+00:00,20.29,20.51,20.25,20.45,19.44
2025-10-28 09:00:00+00:00,20.4,20.4,20.27,20.28,8.14
2025-10-28 10:00:00+00:00,20.28,20.3,20.24,20.24,5.49
2025-10-28 11:00:00+00:00,20.29,20.33,20.21,20.21,3.75
2025-10-28 12:00:00+00:00,20.33,20.33,20.19,20.29,13.04
2025-10-28 13:00:00+00:00,20.35,20.41,20.32,20.37,15.41
2025-10-28 14:00:00+00:00,20.35,20.46,19.79,19.94,219.21
2025-10-28 15:00:00+00:00,20.19,20.19,19.97,20.05,242.34
2025-10-28 16:00:00+00:00,20.03,20.15,19.97,20.13,432.74
2025-10-28 17:00:00+00:00,20.13,20.16,20.09,20.16,63.7
2025-10-28 18:00:00+00:00,20.06,20.06,19.95,19.95,1.78
2025-10-28 19:00:00+00:00,19.95,19.96,19.6,19.68,69.68
2025-10-28 20:00:00+00:00,19.58,19.59,19.2,19.45,2585.54
2025-10-28 21:00:00+00:00,19.37,19.46,19.2,19.46,2622.9
2025-10-28 22:00:00+00:00,19.38,19.55,19.36,19.54,107.38
2025-10-28 23:00:00+00:00,19.54,19.54,19.54,19.54,0.0
2025-10-29 00:00:00+00:00,19.47,19.5,19.39,19.41,35.16
2025-10-29 01:00:00+00:00,19.41,19.51,19.39,19.42,54.42
2025-10-29 02:00:00+00:00,19.44,19.52,19.43,19.52,1.71
2025-10-29 03:00:00+00:00,19.47,19.47,19.45,19.45,6.33
2025-10-29 04:00:00+00:00,19.47,19.48,19.37,19.48,543.73
2025-10-29 05:00:00+00:00,19.53,19.6,19.53,19.54,30.33
2025-10-29 06:00:00+00:00,19.53,19.53,19.53,19.53,0.3
2025-10-29 07:00:00+00:00,19.57,19.62,19.55,19.62,6.39
2025-10-29 08:00:00+00:00,19.6,19.61,19.51,19.51,255.92
2025-10-29 09:00:00+00:00,19.49,19.5,19.44,19.5,41.18
2025-10-29 10:00:00+00:00,19.53,19.7,19.53,19.66,8.53
2025-10-29 11:00:00+00:00,19.69,19.76,19.69,19.73,4.06
2025-10-29 12:00:00+00:00,19.73,19.74,19.65,19.69,256.56
2025-10-29 13:00:00+00:00,19.71,19.82,19.71,19.75,10.86
2025-10-29 14:00:00+00:00,19.65,19.66,19.52,19.58,6.86
2025-10-29 15:00:00+00:00,19.59,19.6,19.38,19.42,1243.94
2025-10-29 16:00:00+00:00,19.4,19.54,19.36,19.51,68.19
2025-10-29 17:00:00+00:00,19.55,19.96,19.55,19.96,45.32
2025-10-29 18:00:00+00:00,20.0,20.16,19.38,20.0,1555.86
2025-10-29 19:00:00+00:00,20.05,20.15,19.76,19.97,102.07
2025-10-29 20:00:00+00:00,20.01,20.12,19.93,20.08,61.24
2025-10-29 21:00:00+00:00,20.04,20.04,20.04,20.04,0.44
2025-10-29 22:00:00+00:00,20.0,20.0,19.97,19.97,27.57
2025-10-29 23:00:00+00:00,19.89,19.89,19.56,19.64,16.47
2025-10-30 00:00:00+00:00,19.7,19.71,19.48,19.71,1178.66
2025-10-30 01:00:00+00:00,19.62,19.82,19.62,19.82,125.61
2025-10-30 02:00:00+00:00,19.75,19.94,19.75,19.93,54.71
2025-10-30 03:00:00+00:00,19.93,19.95,19.8,19.8,106.89
2025-10-30 04:00:00+00:00,19.8,19.8,19.08,19.35,177.09
2025-10-30 05:00:00+00:00,19.28,19.7,19.24,19.7,48.84
2025-10-30 06:00:00+00:00,19.68,19.74,19.57,19.74,7.95
2025-10-30 07:00:00+00:00,19.76,19.89,19.76,19.84,10.39
2025-10-30 08:00:00+00:00,19.85,19.85,19.69,19.72,16.06
2025-10-30 09:00:00+00:00,19.67,19.67,19.41,19.45,15.53
2025-10-30 10:00:00+00:00,19.46,19.46,19.28,19.31,9.17
2025-10-30 11:00:00+00:00,19.26,19.32,19.2,19.25,24.58
2025-10-30 12:00:00+00:00,19.2,19.21,18.71,18.75,221.04
2025-10-30 13:00:00+00:00,18.79,18.79,18.44,18.57,101.22
2025-10-30 14:00:00+00:00,18.55,18.6,18.4,18.47,368.16
2025-10-30 15:00:00+00:00,18.49,18.49,18.18,18.18,140.41
2025-10-30 16:00:00+00:00,18.22,18.32,18.14,18.24,222.96
2025-10-30 17:00:00+00:00,18.23,18.23,17.9,18.1,1748.49
2025-10-30 18:00:00+00:00,18.13,18.15,17.87,18.06,233.69
2025-10-30 19:00:00+00:00,17.87,17.95,17.56,17.58,361.46
2025-10-30 20:00:00+00:00,17.73,17.93,17.72,17.93,231.41
2025-10-30 21:00:00+00:00,17.91,18.03,17.89,18.0,92.02
2025-10-30 22:00:00+00:00,18.0,18.08,17.96,18.08,339.2
2025-10-30 23:00:00+00:00,18.09,18.12,17.91,18.12,1375.41
2025-10-31 00:00:00+00:00,18.09,18.29,18.09,18.23,186.92
2025-10-31 01:00:00+00:00,18.31,18.37,18.31,18.37,9.58
2025-10-31 02:00:00+00:00,18.3,18.31,18.15,18.15,36.08
2025-10-31 03:00:00+00:00,18.22,18.31,18.22,18.28,49.83
2025-10-31 04:00:00+00:00,18.38,18.44,18.38,18.42,3.76
2025-10-31 05:00:00+00:00,18.41,18.41,18.35,18.35,2.05
2025-10-31 06:00:00+00:00,18.32,18.39,18.31,18.38,7.25
2025-10-31 07:00:00+00:00,18.39,18.39,18.25,18.25,228.14
2025-10-31 08:00:00+00:00,18.29,18.3,18.27,18.3,6.1
2025-10-31 09:00:00+00:00,18.29,18.32,18.24,18.24,6.21
2025-10-31 10:00:00+00:00,18.25,18.25,18.25,18.25,0.2
2025-10-31 11:00:00+00:00,18.27,18.49,18.26,18.49,5.74
2025-10-31 12:00:00+00:00,18.52,18.56,18.39,18.39,68.12
2025-10-31 13:00:00+00:00,18.41,18.46,18.35,18.44,7.38
2025-10-31 14:00:00+00:00,18.38,18.48,18.3,18.48,62.13
2025-10-31 15:00:00+00:00,18.43,18.57,18.26,18.26,8.68
2025-10-31 16:00:00+00:00,18.27,18.27,17.93,17.93,112.66
2025-10-31 17:00:00+00:00,17.9,17.93,17.82,17.91,70.82
2025-10-31 18:00:00+00:00,17.97,18.13,17.9,18.03,461.72
2025-10-31 19:00:00+00:00,17.98,18.36,17.98,18.27,17.48
2025-10-31 20:00:00+00:00,18.27,18.27,18.05,18.11,27.28
2025-10-31 21:00:00+00:00,18.11,18.11,18.07,18.07,95.88
2025-10-31 22:00:00+00:00,18.14,18.24,18.14,18.24,25.67
2025-10-31 23:00:00+00:00,18.23,18.23,18.2,18.22,6.26
2025-11-01 00:00:00+00:00,18.17,18.17,18.11,18.12,25.07
2025-11-01 01:00:00+00:00,18.2,18.28,18.2,18.28,129.17
2025-11-01 02:00:00+00:00,18.21,18.32,18.21,18.32,27.7
2025-11-01 03:00:00+00:00,18.37,18.41,18.37,18.41,3.73
2025-11-01 04:00:00+00:00,18.44,18.44,18.37,18.43,19.19
2025-11-01 05:00:00+00:00,18.42,18.43,18.36,18.36,7.09
2025-11-01 06:00:00+00:00,18.34,18.34,18.31,18.34,12.69
2025-11-01 07:00:00+00:00,18.37,18.48,18.37,18.42,404.13
2025-11-01 08:00:00+00:00,18.52,18.52,18.47,18.47,6.25
2025-11-01 09:00:00+00:00,18.56,18.65,18.56,18.56,61.43
2025-11-01 10:00:00+00:00,18.65,18.67,18.65,18.67,9.33
2025-11-01 11:00:00+00:00,18.67,18.7,18.67,18.7,4.78
2025-11-01 12:00:00+00:00,18.71,18.71,18.71,18.71,0.55
2025-11-01 13:00:00+00:00,18.69,18.72,18.53,18.53,78.36
2025-11-01 14:00:00+00:00,18.63,18.63,18.44,18.44,10.98
2025-11-01 15:00:00+00:00,18.58,18.58,18.53,18.53,18.61
2025-11-01 16:00:00+00:00,18.64,18.68,18.64,18.68,14.88
2025-11-01 17:00:00+00:00,18.62,18.62,18.59,18.59,5.65
2025-11-01 18:00:00+00:00,18.61,18.61,18.61,18.61,2.43
2025-11-01 19:00:00+00:00,18.66,18.66,18.63,18.64,55.16
2025-11-01 20:00:00+00:00,18.7,18.7,18.68,18.68,3.27
2025-11-01 21:00:00+00:00,18.7,18.7,18.7,18.7,8.03
2025-11-01 22:00:00+00:00,18.57,18.59,18.52,18.59,22.83
2025-11-01 23:00:00+00:00,18.62,18.72,18.62,18.72,78.22
2025-11-02 00:00:00+00:00,18.74,18.74,18.67,18.7,6.42
2025-11-02 01:00:00+00:00,18.66,18.69,18.66,18.69,15.4
2025-11-02 02:00:00+00:00,18.67,18.76,18.67,18.76,19.98
2025-11-02 03:00:00+00:00,18.7,18.7,18.7,18.7,0.47
2025-11-02 04:00:00+00:00,18.71,18.88,18.71,18.88,11.35
2025-11-02 05:00:00+00:00,18.9,18.9,18.84,18.84,7.58
2025-11-02 06:00:00+00:00,18.84,18.94,18.84,18.94,18.03
2025-11-02 07:00:00+00:00,18.98,18.98,18.98,18.98,4.0
2025-11-02 08:00:00+00:00,18.95,18.95,18.95,18.95,0.66
2025-11-02 09:00:00+00:00,18.9,18.94,18.87,18.87,143.36
2025-11-02 10:00:00+00:00,18.69,18.69,18.59,18.62,20.24
2025-11-02 11:00:00+00:00,18.73,18.73,18.72,18.72,0.76
2025-11-02 12:00:00+00:00,18.72,18.72,18.72,18.72,0.0
2025-11-02 13:00:00+00:00,18.76,18.76,18.52,18.52,7.52
2025-11-02 14:00:00+00:00,18.57,18.57,18.24,18.26,64.24
2025-11-02 15:00:00+00:00,18.23,18.37,18.22,18.34,25.61
2025-11-02 16:00:00+00:00,18.28,18.3,18.15,18.3,62.67
2025-11-02 17:00:00+00:00,18.28,18.31,18.24,18.25,183.95
2025-11-02 18:00:00+00:00,18.26,18.27,18.21,18.25,34.96
2025-11-02 19:00:00+00:00,18.21,18.21,18.11,18.11,171.12
2025-11-02 20:00:00+00:00,18.14,18.26,18.14,18.26,41.72
2025-11-02 21:00:00+00:00,18.27,18.32,18.24,18.32,26.47
2025-11-02 22:00:00+00:00,18.29,18.35,18.28,18.35,13.18
2025-11-02 23:00:00+00:00,18.34,18.87,18.34,18.84,138.83
2025-11-03 00:00:00+00:00,18.82,18.9,18.6,18.6,129.73
2025-11-03 01:00:00+00:00,18.57,18.59,18.26,18.29,148.95
2025-11-03 02:00:00+00:00,18.28,18.29,18.03,18.15,153.11
2025-11-03 03:00:00+00:00,18.1,18.1,17.59,17.59,209.33
2025-11-03 04:00:00+00:00,17.52,17.59,17.42,17.59,81.33
2025-11-03 05:00:00+00:00,17.62,17.74,17.45,17.45,33.81
2025-11-03 06:00:00+00:00,17.5,17.5,17.22,17.35,93.19
2025-11-03 07:00:00+00:00,17.47,17.56,17.47,17.55,1.37
2025-11-03 08:00:00+00:00,17.5,17.5,17.36,17.37,29.97
2025-11-03 09:00:00+00:00,17.54,17.62,17.43,17.44,8.12
2025-11-03 10:00:00+00:00,17.51,17.51,17.24,17.24,57.16
2025-11-03 11:00:00+00:00,17.38,17.53,17.38,17.46,2.91
2025-11-03 12:00:00+00:00,17.5,17.66,17.5,17.52,249.82
2025-11-03 13:00:00+00:00,17.51,17.54,17.45,17.49,34.24
2025-11-03 14:00:00+00:00,17.6,18.3,17.49,17.51,375.43
2025-11-03 15:00:00+00:00,17.43,17.55,16.44,16.47,780.83
2025-11-03 16:00:00+00:00,16.41,17.91,16.3,16.82,461.83
2025-11-03 17:00:00+00:00,16.82,17.06,16.82,17.06,45.59
2025-11-03 18:00:00+00:00,17.04,17.04,16.91,16.91,244.59
2025-11-03 19:00:00+00:00,16.87,16.92,16.81,16.81,121.22
2025-11-03 20:00:00+00:00,16.77,16.77,16.46,16.46,85.58
2025-11-03 21:00:00+00:00,16.6,16.78,16.52,16.78,29.49
2025-11-03 22:00:00+00:00,16.7,16.72,16.57,16.68,146.22
2025-11-03 23:00:00+00:00,16.61,16.68,16.5,16.68,155.29
2025-11-04 00:00:00+00:00,16.64,16.89,16.5,16.8,167.4
2025-11-04 01:00:00+00:00,16.73,16.93,16.73,16.88,77.23
2025-11-04 02:00:00+00:00,16.93,16.93,16.88,16.88,34.33
2025-11-04 03:00:00+00:00,16.84,16.97,16.84,16.91,60.4
2025-11-04 04:00:00+00:00,16.96,16.99,16.78,16.78,54.19
2025-11-04 05:00:00+00:00,16.7,16.76,16.07,16.07,776.64
2025-11-04 06:00:00+00:00,16.21,16.57,16.21,16.4,40.9
2025-11-04 07:00:00+00:00,16.23,16.31,16.05,16.19,53.82
2025-11-04 08:00:00+00:00,16.17,16.57,16.16,16.4,51.08
2025-11-04 09:00:00+00:00,16.44,16.6,16.44,16.6,91.44
2025-11-04 10:00:00+00:00,16.63,16.68,16.58,16.62,21.91
2025-11-04 11:00:00+00:00,16.63,16.8,16.63,16.72,59.93
2025-11-04 12:00:00+00:00,16.72,16.72,16.54,16.54,87.36
2025-11-04 13:00:00+00:00,16.55,16.55,16.41,16.45,175.3
2025-11-04 14:00:00+00:00,16.4,16.84,16.33,16.76,624.49
2025-11-04 15:00:00+00:00,16.76,16.82,16.44,16.44,166.91
2025-11-04 16:00:00+00:00,16.44,16.47,15.97,15.99,740.32
2025-11-04 17:00:00+00:00,15.92,16.01,15.54,15.86,1038.47
2025-11-04 18:00:00+00:00,15.89,15.9,15.35,15.85,273.71
2025-11-04 19:00:00+00:00,15.84,15.94,15.59,15.59,209.38
2025-11-04 20:00:00+00:00,15.6,15.77,15.03,15.62,1038.42
2025-11-04 21:00:00+00:00,15.6,15.67,15.1,15.67,294.21
2025-11-04 22:00:00+00:00,15.7,16.16,15.7,16.03,77.44
2025-11-04 23:00:00+00:00,16.07,16.07,16.02,16.02,19.87
2025-11-05 00:00:00+00:00,15.97,16.06,15.71,15.79,111.71
2025-11-05 01:00:00+00:00,15.69,15.84,15.32,15.79,406.54
2025-11-05 02:00:00+00:00,15.85,16.35,15.85,16.35,290.37
2025-11-05 03:00:00+00:00,16.29,16.45,16.28,16.42,38.13
2025-11-05 04:00:00+00:00,16.46,16.57,16.31,16.45,39.49
2025-11-05 05:00:00+00:00,16.47,16.59,16.47,16.49,26.36
2025-11-05 06:00:00+00:00,16.49,16.49,16.49,16.49,0.0
2025-11-05 07:00:00+00:00,16.6,16.6,16.6,16.6,4.7
2025-11-05 08:00:00+00:00,16.43,16.45,16.28,16.28,0.64
2025-11-05 09:00:00+00:00,16.36,16.36,16.36,16.36,43.02
2025-11-05 10:00:00+00:00,16.32,16.36,16.31,16.31,27.31
2025-11-05 11:00:00+00:00,16.24,16.24,16.24,16.24,0.72
2025-11-05 12:00:00+00:00,16.62,16.76,16.61,16.76,11.46
2025-11-05 13:00:00+00:00,16.73,16.74,16.61,16.61,17.5
2025-11-05 14:00:00+00:00,16.55,16.72,16.53,16.72,115.45
2025-11-05 15:00:00+00:00,16.72,16.72,16.72,16.72,0.0
2025-11-05 16:00:00+00:00,16.72,16.86,16.68,16.86,22.23
2025-11-05 17:00:00+00:00,16.91,16.98,16.91,16.98,74.32
2025-11-05 18:00:00+00:00,16.88,16.88,16.86,16.86,8.11
2025-11-05 19:00:00+00:00,16.85,16.85,16.85,16.85,5.0
2025-11-05 20:00:00+00:00,16.79,16.79,16.63,16.68,7.94
2025-11-05 21:00:00+00:00,16.61,16.62,16.58,16.62,29.83
2025-11-05 22:00:00+00:00,16.66,16.68,16.61,16.68,33.66
2025-11-05 23:00:00+00:00,16.65,16.74,16.62,16.62,193.97
2025-11-06 00:00:00+00:00,16.57,16.61,16.53,16.61,94.11
2025-11-06 01:00:00+00:00,16.56,16.56,16.39,16.56,72.15
2025-11-06 02:00:00+00:00,16.53,16.65,16.39,16.65,964.27
2025-11-06 03:00:00+00:00,16.65,16.65,16.65,16.65,0.0
2025-11-06 04:00:00+00:00,16.65,16.65,16.65,16.65,0.0
2025-11-06 05:00:00+00:00,16.57,16.57,16.32,16.32,42.4
2025-11-06 06:00:00+00:00,16.32,16.32,16.32,16.32,0.0
2025-11-06 07:00:00+00:00,16.3,16.3,16.24,16.24,29.38
2025-11-06 08:00:00+00:00,16.23,16.23,16.23,16.23,2.09
2025-11-06 09:00:00+00:00,16.32,16.32,16.32,16.32,12.07
2025-11-06 10:00:00+00:00,16.31,16.34,16.31,16.34,1.64
2025-11-06 11:00:00+00:00,16.29,16.31,16.29,16.31,24.65
2025-11-06 12:00:00+00:00,16.28,16.28,16.14,16.19,34.11
2025-11-06 13:00:00+00:00,16.16,16.24,16.16,16.24,11.3
2025-11-06 14:00:00+00:00,16.24,16.24,16.04,16.04,32.08
2025-11-06 15:00:00+00:00,16.02,16.17,15.8,15.84,550.23
2025-11-06 16:00:00+00:00,15.87,15.94,15.63,15.81,92.14
2025-11-06 17:00:00+00:00,15.8,15.97,15.8,15.97,15.61
2025-11-06 18:00:00+00:00,15.9,16.12,15.8,16.12,68.85
2025-11-06 19:00:00+00:00,16.16,16.19,16.1,16.1,60.37
2025-11-06 20:00:00+00:00,16.15,16.15,15.94,16.0,48.83
2025-11-06 21:00:00+00:00,16.17,16.17,15.97,16.05,238.69
2025-11-06 22:00:00+00:00,16.13,16.13,16.0,16.0,7.72
2025-11-06 23:00:00+00:00,16.07,16.09,16.05,16.09,17.65
2025-11-07 00:00:00+00:00,16.14,16.3,16.12,16.27,112.61
2025-11-07 01:00:00+00:00,16.29,16.33,16.1,16.13,120.34
2025-11-07 02:00:00+00:00,16.24,16.35,16.17,16.35,130.48
2025-11-07 03:00:00+00:00,16.41,16.5,16.41,16.45,181.44
2025-11-07 04:00:00+00:00,16.46,16.46,16.42,16.43,70.47
2025-11-07 05:00:00+00:00,16.45,16.68,16.45,16.68,182.87
2025-11-07 06:00:00+00:00,16.68,16.73,16.68,16.71,121.62
2025-11-07 07:00:00+00:00,16.76,16.91,16.71,16.91,68.19
2025-11-07 08:00:00+00:00,16.93,16.98,16.86,16.86,5.14
2025-11-07 09:00:00+00:00,16.81,16.81,16.58,16.58,79.09
2025-11-07 10:00:00+00:00,16.68,16.68,16.67,16.67,5.29
2025-11-07 11:00:00+00:00,16.55,16.55,16.29,16.53,56.23
2025-11-07 12:00:00+00:00,16.51,16.51,16.14,16.23,164.07
2025-11-07 13:00:00+00:00,16.2,16.41,16.16,16.41,115.22
2025-11-07 14:00:00+00:00,16.35,16.67,16.18,16.64,213.94
2025-11-07 15:00:00+00:00,16.58,16.85,16.51,16.85,614.91
2025-11-07 16:00:00+00:00,16.9,17.43,16.76,17.27,347.97
2025-11-07 17:00:00+00:00,17.28,17.76,17.28,17.74,354.27
2025-11-07 18:00:00+00:00,17.73,17.92,17.73,17.76,1058.93
2025-11-07 19:00:00+00:00,17.69,17.83,17.69,17.83,144.49
2025-11-07 20:00:00+00:00,17.84,17.84,17.72,17.81,245.59
2025-11-07 21:00:00+00:00,17.8,17.98,17.8,17.98,345.51
2025-11-07 22:00:00+00:00,17.99,18.05,17.86,17.98,58.27
2025-11-07 23:00:00+00:00,18.01,18.01,17.76,17.77,87.39
2025-11-08 00:00:00+00:00,17.83,17.88,17.71,17.71,181.45
2025-11-08 01:00:00+00:00,17.84,18.03,17.84,17.99,98.38
2025-11-08 02:00:00+00:00,18.05,18.39,18.05,18.08,224.76
2025-11-08 03:00:00+00:00,18.07,18.14,17.86,17.86,149.51
2025-11-08 04:00:00+00:00,17.88,18.05,17.83,17.99,291.9
2025-11-08 05:00:00+00:00,18.0,18.0,17.76,17.76,68.43
2025-11-08 06:00:00+00:00,17.71,17.74,17.57,17.71,127.2
2025-11-08 07:00:00+00:00,17.68,17.87,17.61,17.87,56.67
2025-11-08 08:00:00+00:00,17.86,17.86,17.86,17.86,10.0
2025-11-08 09:00:00+00:00,17.85,17.85,17.84,17.84,17.78
2025-11-08 10:00:00+00:00,17.75,17.75,17.75,17.75,1.73
2025-11-08 11:00:00+00:00,17.75,17.75,17.75,17.75,0.0
2025-11-08 12:00:00+00:00,17.75,17.75,17.61,17.61,15.03
2025-11-08 13:00:00+00:00,17.67,17.68,17.43,17.43,51.23
2025-11-08 14:00:00+00:00,17.36,17.48,17.23,17.4,18.19
2025-11-08 15:00:00+00:00,17.23,17.23,17.13,17.16,375.32
2025-11-08 16:00:00+00:00,17.11,17.15,17.07,17.14,28.05
2025-11-08 17:00:00+00:00,17.16,17.16,17.13,17.13,8.12
2025-11-08 18:00:00+00:00,17.29,17.36,17.29,17.35,41.08
2025-11-08 19:00:00+00:00,17.22,17.28,17.16,17.28,602.12
2025-11-08 20:00:00+00:00,17.25,17.37,17.25,17.32,10.46
2025-11-08 21:00:00+00:00,17.37,17.39,17.32,17.34,44.67
2025-11-08 22:00:00+00:00,17.42,17.46,17.42,17.46,16.54
2025-11-08 23:00:00+00:00,17.44,17.49,17.44,17.49,5.23
2025-11-09 00:00:00+00:00,17.5,17.6,17.35,17.38,264.38
2025-11-09 01:00:00+00:00,17.35,17.35,17.22,17.22,24.9
2025-11-09 02:00:00+00:00,17.27,17.27,16.91,16.91,95.11
2025-11-09 03:00:00+00:00,16.97,16.97,16.84,16.92,19.88
2025-11-09 04:00:00+00:00,16.95,17.06,16.95,16.96,464.99
2025-11-09 05:00:00+00:00,16.96,17.04,16.89,17.04,79.78
2025-11-09 06:00:00+00:00,17.03,17.07,16.96,16.98,10.08
2025-11-09 07:00:00+00:00,17.06,17.14,17.0,17.1,9.32
2025-11-09 08:00:00+00:00,17.09,17.1,17.01,17.03,5.32
2025-11-09 09:00:00+00:00,17.15,17.18,16.95,16.95,36.73
2025-11-09 10:00:00+00:00,16.96,17.02,16.9,17.02,45.47
2025-11-09 11:00:00+00:00,17.22,17.34,17.22,17.24,3.32
2025-11-09 12:00:00+00:00,17.27,17.36,17.27,17.36,143.58
2025-11-09 13:00:00+00:00,17.35,17.49,17.35,17.49,21.58
2025-11-09 14:00:00+00:00,17.42,17.85,17.42,17.7,246.57
2025-11-09 15:00:00+00:00,17.7,17.74,17.7,17.72,142.77
2025-11-09 16:00:00+00:00,17.62,17.69,17.62,17.69,2.61
2025-11-09 17:00:00+00:00,17.81,17.81,17.55,17.57,40.87
2025-11-09 18:00:00+00:00,17.53,17.53,17.5,17.51,21.1
2025-11-09 19:00:00+00:00,17.69,17.88,17.69,17.88,65.33
2025-11-09 20:00:00+00:00,17.89,17.9,17.89,17.9,1.13
2025-11-09 21:00:00+00:00,17.74,17.77,17.74,17.77,2.8
2025-11-09 22:00:00+00:00,17.71,17.71,17.71,17.71,10.0
2025-11-09 23:00:00+00:00,17.9,17.91,17.75,17.75,635.35
2025-11-10 00:00:00+00:00,17.7,18.1,17.7,18.07,199.8
2025-11-10 01:00:00+00:00,17.99,18.04,17.98,17.98,17.97
2025-11-10 02:00:00+00:00,17.89,18.01,17.89,18.01,4.6
2025-11-10 03:00:00+00:00,18.04,18.11,18.0,18.01,150.14
2025-11-10 04:00:00+00:00,18.02,18.02,17.98,17.98,559.93
2025-11-10 05:00:00+00:00,18.07,18.07,17.91,17.91,8.68
2025-11-10 06:00:00+00:00,17.97,17.97,17.97,17.97,1.0
2025-11-10 07:00:00+00:00,18.01,18.03,17.97,17.99,70.69
2025-11-10 08:00:00+00:00,17.86,17.91,17.86,17.91,24.64
2025-11-10 09:00:00+00:00,18.0,18.29,17.98,18.28,70.46
2025-11-10 10:00:00+00:00,18.28,18.28,18.28,18.28,0.0
2025-11-10 11:00:00+00:00,18.14,18.14,18.14,18.14,0.33
2025-11-10 12:00:00+00:00,18.06,18.19,18.06,18.14,42.44
2025-11-10 13:00:00+00:00,18.25,18.31,18.24,18.31,20.37
2025-11-10 14:00:00+00:00,18.08,18.17,17.86,17.86,66.42
2025-11-10 15:00:00+00:00,18.0,18.12,17.95,18.03,101.5
2025-11-10 16:00:00+00:00,18.0,18.0,17.73,17.77,765.99
2025-11-10 17:00:00+00:00,17.74,18.04,17.74,18.04,53.15
2025-11-10 18:00:00+00:00,18.02,18.08,17.94,17.94,53.55
2025-11-10 19:00:00+00:00,17.93,18.15,17.93,18.15,26.54
2025-11-10 20:00:00+00:00,18.03,18.16,18.03,18.14,35.24
2025-11-10 21:00:00+00:00,17.86,17.91,17.85,17.91,18.4
2025-11-10 22:00:00+00:00,17.92,18.31,17.9,18.31,102.3
2025-11-10 23:00:00+00:00,18.23,18.28,18.13,18.13,33.44
2025-11-11 00:00:00+00:00,18.21,18.28,17.99,18.12,61.55
2025-11-11 01:00:00+00:00,18.19,18.56,18.08,18.08,197.29
2025-11-11 02:00:00+00:00,18.06,18.47,18.03,18.4,30.08
2025-11-11 03:00:00+00:00,18.34,18.42,18.29,18.29,24.88
2025-11-11 04:00:00+00:00,18.36,18.36,18.03,18.03,71.81
2025-11-11 05:00:00+00:00,17.98,17.98,17.86,17.86,315.75
2025-11-11 06:00:00+00:00,17.82,17.82,17.69,17.69,26.73
2025-11-11 07:00:00+00:00,17.65,17.65,17.55,17.55,34.7
2025-11-11 08:00:00+00:00,17.52,17.52,17.52,17.52,2.09
2025-11-11 09:00:00+00:00,17.69,17.82,17.69,17.82,20.48
2025-11-11 10:00:00+00:00,17.69,17.69,17.69,17.69,0.54
2025-11-11 11:00:00+00:00,17.83,17.86,17.83,17.86,6.96
2025-11-11 12:00:00+00:00,17.77,17.77,17.77,17.77,5.57
2025-11-11 13:00:00+00:00,17.74,17.74,17.72,17.74,20.84
2025-11-11 14:00:00+00:00,17.73,17.75,17.72,17.75,2.82
2025-11-11 15:00:00+00:00,17.83,17.84,17.64,17.64,412.49
2025-11-11 16:00:00+00:00,17.62,17.63,17.59,17.59,1.22
2025-11-11 17:00:00+00:00,17.71,17.71,17.48,17.52,52.68
2025-11-11 18:00:00+00:00,17.52,17.53,17.4,17.41,49.94
2025-11-11 19:00:00+00:00,17.41,17.41,17.28,17.28,36.25
2025-11-11 20:00:00+00:00,17.27,17.27,17.12,17.12,90.06
2025-11-11 21:00:00+00:00,17.21,17.21,17.0,17.0,11.34
2025-11-11 22:00:00+00:00,17.0,17.21,17.0,17.21,67.77
2025-11-11 23:00:00+00:00,17.17,17.17,17.07,17.07,19.44
2025-11-12 00:00:00+00:00,17.09,17.09,16.97,17.06,139.11
2025-11-12 01:00:00+00:00,17.07,17.08,17.07,17.08,29.6
2025-11-12 02:00:00+00:00,17.08,17.08,16.99,16.99,2.26
2025-11-12 03:00:00+00:00,17.12,17.14,17.1,17.1,18.0
2025-11-12 04:00:00+00:00,17.12,17.12,17.08,17.1,23.05
2025-11-12 05:00:00+00:00,17.14,17.29,17.12,17.29,29.76
2025-11-12 06:00:00+00:00,17.24,17.43,17.24,17.29,13.99
2025-11-12 07:00:00+00:00,17.25,17.33,17.17,17.17,17.03
2025-11-12 08:00:00+00:00,17.23,17.43,17.23,17.43,73.03
2025-11-12 09:00:00+00:00,17.46,17.5,17.46,17.49,5.53
2025-11-12 10:00:00+00:00,17.55,17.58,17.55,17.58,1.55
2025-11-12 11:00:00+00:00,17.62,17.64,17.55,17.55,15.94
2025-11-12 12:00:00+00:00,17.58,17.58,17.58,17.58,26.27
2025-11-12 13:00:00+00:00,17.54,17.72,17.54,17.72,5.05
2025-11-12 14:00:00+00:00,17.75,17.75,17.25,17.36,89.51
2025-11-12 15:00:00+00:00,17.27,17.29,17.0,17.0,61.89
2025-11-12 16:00:00+00:00,17.0,17.02,16.78,16.78,103.36
2025-11-12 17:00:00+00:00,16.81,16.95,16.68,16.88,13.54
2025-11-12 18:00:00+00:00,16.94,16.94,16.94,16.94,0.29
2025-11-12 19:00:00+00:00,16.77,16.86,16.72,16.86,81.22
2025-11-12 20:00:00+00:00,16.73,16.88,16.73,16.88,5.06
2025-11-12 21:00:00+00:00,16.97,16.97,16.97,16.97,2.0
2025-11-12 22:00:00+00:00,16.97,16.97,16.97,16.97,0.0
2025-11-12 23:00:00+00:00,16.97,16.97,16.97,16.97,0.0
2025-11-13 00:00:00+00:00,16.87,16.87,16.87,16.87,25.81
2025-11-13 01:00:00+00:00,17.04,17.11,17.04,17.11,6.85
2025-11-13 02:00:00+00:00,17.06,17.06,17.04,17.04,112.94
2025-11-13 03:00:00+00:00,17.19,17.62,17.19,17.57,60.58
2025-11-13 04:00:00+00:00,17.49,17.53,17.41,17.42,53.37
2025-11-13 05:00:00+00:00,17.37,17.62,17.3,17.62,13.78
2025-11-13 06:00:00+00:00,17.64,17.69,17.64,17.64,10.69
2025-11-13 07:00:00+00:00,17.57,17.57,17.43,17.46,11.59
2025-11-13 08:00:00+00:00,17.46,17.46,17.46,17.46,0.0
2025-11-13 09:00:00+00:00,17.25,17.34,17.25,17.34,7.12
2025-11-13 10:00:00+00:00,17.24,17.29,17.24,17.29,14.52
2025-11-13 11:00:00+00:00,17.29,17.29,17.29,17.29,0.0
2025-11-13 12:00:00+00:00,17.27,17.4,17.27,17.4,0.75
2025-11-13 13:00:00+00:00,17.42,17.42,17.13,17.13,151.26
2025-11-13 14:00:00+00:00,17.1,17.42,16.97,17.42,160.27
2025-11-13 15:00:00+00:00,17.21,17.21,16.91,16.92,454.42
2025-11-13 16:00:00+00:00,17.0,17.03,16.71,16.71,56.53
2025-11-13 17:00:00+00:00,16.71,16.73,16.41,16.41,763.52
2025-11-13 18:00:00+00:00,16.38,16.38,16.1,16.1,610.91
2025-11-13 19:00:00+00:00,16.19,16.19,15.97,15.97,173.33
2025-11-13 20:00:00+00:00,15.94,16.09,15.83,15.91,480.11
2025-11-13 21:00:00+00:00,15.91,15.95,15.84,15.95,165.81
2025-11-13 22:00:00+00:00,15.94,16.18,15.94,16.15,52.76
2025-11-13 23:00:00+00:00,16.19,16.3,16.19,16.27,97.12
2025-11-14 00:00:00+00:00,16.05,16.05,15.99,15.99,12.2
2025-11-14 01:00:00+00:00,15.92,16.06,15.92,15.98,33.24
2025-11-14 02:00:00+00:00,16.01,16.01,16.01,16.01,251.03
2025-11-14 03:00:00+00:00,15.98,15.98,15.98,15.98,7.25
2025-11-14 04:00:00+00:00,15.87,15.87,15.35,15.72,256.02
2025-11-14 05:00:00+00:00,15.74,15.92,15.74,15.84,12.6
2025-11-14 06:00:00+00:00,15.84,15.94,15.74,15.94,17.41
2025-11-14 07:00:00+00:00,15.99,16.01,15.97,15.97,19.51
2025-11-14 08:00:00+00:00,15.94,15.94,15.82,15.82,20.07
2025-11-14 09:00:00+00:00,15.73,15.73,15.56,15.56,11.11
2025-11-14 10:00:00+00:00,15.56,15.56,15.56,15.56,0.0
2025-11-14 11:00:00+00:00,15.5,15.5,15.35,15.35,70.33
2025-11-14 12:00:00+00:00,15.32,15.37,15.11,15.36,175.85
2025-11-14 13:00:00+00:00,15.44,15.46,15.28,15.37,30.46
2025-11-14 14:00:00+00:00,15.31,15.55,15.26,15.47,131.21
2025-11-14 15:00:00+00:00,15.4,15.64,15.29,15.51,256.61
2025-11-14 16:00:00+00:00,15.53,15.7,15.45,15.61,73.25
2025-11-14 17:00:00+00:00,15.68,15.7,15.42,15.42,34.36
2025-11-14 18:00:00+00:00,15.51,15.51,15.5,15.5,16.86
2025-11-14 19:00:00+00:00,15.64,15.69,15.63,15.69,63.17
2025-11-14 20:00:00+00:00,15.45,15.45,15.19,15.24,22.62
2025-11-14 21:00:00+00:00,15.55,15.55,15.27,15.37,130.32
2025-11-14 22:00:00+00:00,15.2,15.4,15.2,15.36,340.37
2025-11-14 23:00:00+00:00,15.12,15.23,14.89,15.13,368.51
2025-11-15 00:00:00+00:00,15.3,15.32,15.22,15.32,30.69
2025-11-15 01:00:00+00:00,15.36,15.46,15.36,15.46,14.8
2025-11-15 02:00:00+00:00,15.48,15.5,15.44,15.5,10.9
2025-11-15 03:00:00+00:00,15.6,15.61,15.6,15.61,1.84
2025-11-15 04:00:00+00:00,15.61,15.63,15.61,15.62,7.24
2025-11-15 05:00:00+00:00,15.62,15.62,15.6,15.6,73.25
2025-11-15 06:00:00+00:00,15.67,15.72,15.62,15.67,2121.83
2025-11-15 07:00:00+00:00,15.67,15.7,15.65,15.7,3628.0
2025-11-15 08:00:00+00:00,15.59,15.75,15.5,15.51,7192.75
2025-11-15 09:00:00+00:00,15.51,15.52,15.43,15.45,6657.28
2025-11-15 10:00:00+00:00,15.45,15.45,15.45,15.45,3512.86
2025-11-15 11:00:00+00:00,15.54,15.54,15.45,15.45,1575.78
2025-11-15 12:00:00+00:00,15.48,15.63,15.45,15.62,150.12
2025-11-15 13:00:00+00:00,15.66,15.66,15.57,15.57,15.95
2025-11-15 14:00:00+00:00,15.61,15.61,15.57,15.59,147.72
2025-11-15 15:00:00+00:00,15.57,15.66,15.57,15.64,26.6
2025-11-15 16:00:00+00:00,15.56,15.61,15.54,15.61,33.74
2025-11-15 17:00:00+00:00,15.58,15.63,15.57,15.63,20.12
2025-11-15 18:00:00+00:00,15.75,15.76,15.66,15.66,8.18
2025-11-15 19:00:00+00:00,15.71,15.76,15.7,15.7,54.92
2025-11-15 20:00:00+00:00,15.73,15.73,15.73,15.73,0.87
2025-11-15 21:00:00+00:00,15.58,15.67,15.55,15.65,18213.15
2025-11-15 22:00:00+00:00,15.65,15.65,15.5,15.59,3245.7
2025-11-15 23:00:00+00:00,15.57,15.6,15.53,15.53,14.85
2025-11-16 00:00:00+00:00,15.54,15.54,15.43,15.52,20.31
2025-11-16 01:00:00+00:00,15.45,15.5,15.31,15.41,44.7
2025-11-16 02:00:00+00:00,15.43,15.63,15.43,15.63,3045.52
2025-11-16 03:00:00+00:00,15.67,15.73,15.66,15.72,34.43
2025-11-16 04:00:00+00:00,15.69,15.71,15.63,15.65,44.51
2025-11-16 05:00:00+00:00,15.71,15.76,15.7,15.7,40.73
2025-11-16 06:00:00+00:00,15.65,15.65,15.65,15.65,0.9
2025-11-16 07:00:00+00:00,15.73,15.73,15.73,15.73,3.17
2025-11-16 08:00:00+00:00,15.77,15.77,15.74,15.74,2.7
2025-11-16 09:00:00+00:00,15.7,15.81,15.65,15.81,71.26
2025-11-16 10:00:00+00:00,15.84,15.84,15.84,15.84,1.14
2025-11-16 11:00:00+00:00,15.76,15.76,15.5,15.5,2.58
2025-11-16 12:00:00+00:00,15.54,15.54,15.45,15.45,304.39
2025-11-16 13:00:00+00:00,15.47,15.48,15.28,15.32,880.66
2025-11-16 14:00:00+00:00,15.32,15.51,15.32,15.5,3861.85
2025-11-16 15:00:00+00:00,15.5,15.5,15.12,15.12,46.7
2025-11-16 16:00:00+00:00,15.09,15.34,14.89,14.89,403.33
2025-11-16 17:00:00+00:00,14.87,14.88,14.66,14.77,212.3
2025-11-16 18:00:00+00:00,14.9,15.07,14.9,15.07,29.64
2025-11-16 19:00:00+00:00,14.92,15.03,14.92,14.97,56.61
2025-11-16 20:00:00+00:00,15.01,15.05,14.95,14.96,81.95
2025-11-16 21:00:00+00:00,14.9,14.9,14.79,14.88,70.29
2025-11-16 22:00:00+00:00,14.81,14.97,14.81,14.93,108.72
2025-11-16 23:00:00+00:00,14.9,15.24,14.81,15.18,175.61
2025-11-17 00:00:00+00:00,15.15,15.3,15.08,15.3,60.78
2025-11-17 01:00:00+00:00,15.24,15.3,15.19,15.21,22.45
2025-11-17 02:00:00+00:00,15.14,15.48,15.14,15.48,129.55
2025-11-17 03:00:00+00:00,15.6,15.67,15.6,15.67,3.69
2025-11-17 04:00:00+00:00,15.59,15.59,15.59,15.59,3.58
2025-11-17 05:00:00+00:00,15.57,15.61,15.57,15.6,60.11
2025-11-17 06:00:00+00:00,15.7,15.71,15.7,15.71,1.95
2025-11-17 07:00:00+00:00,15.69,15.76,15.69,15.76,5.23
2025-11-17 08:00:00+00:00,15.62,15.62,15.62,15.62,1.13
2025-11-17 09:00:00+00:00,15.71,15.71,15.64,15.64,28.59
2025-11-17 10:00:00+00:00,15.64,15.64,15.64,15.64,0.0
2025-11-17 11:00:00+00:00,15.64,15.64,15.64,15.64,0.0
2025-11-17 12:00:00+00:00,15.61,15.61,15.58,15.58,1.47
2025-11-17 13:00:00+00:00,15.66,15.66,15.12,15.12,136.47
2025-11-17 14:00:00+00:00,15.16,15.78,15.16,15.58,416.72
2025-11-17 15:00:00+00:00,15.62,15.62,15.25,15.26,133.02
2025-11-17 16:00:00+00:00,15.12,15.3,14.92,15.23,30.74
2025-11-17 17:00:00+00:00,15.31,15.31,14.72,14.74,577.34
2025-11-17 18:00:00+00:00,14.72,14.87,14.52,14.74,1005.79
2025-11-17 19:00:00+00:00,14.59,14.63,14.38,14.38,230.87
2025-11-17 20:00:00+00:00,14.38,14.47,14.29,14.4,406.01
2025-11-17 21:00:00+00:00,14.45,14.45,14.36,14.36,10.88
2025-11-17 22:00:00+00:00,14.46,14.68,14.46,14.62,120.38
2025-11-17 23:00:00+00:00,14.54,14.54,14.5,14.54,94.47
2025-11-18 00:00:00+00:00,14.55,14.55,14.29,14.51,116.85
2025-11-18 01:00:00+00:00,14.42,14.44,14.19,14.19,503.89
2025-11-18 02:00:00+00:00,14.18,14.37,14.06,14.22,290.16
2025-11-18 03:00:00+00:00,14.15,14.51,14.15,14.51,439.38
2025-11-18 04:00:00+00:00,14.48,14.56,14.38,14.56,131.92
2025-11-18 05:00:00+00:00,14.63,14.65,14.59,14.59,3.44
2025-11-18 06:00:00+00:00,14.59,14.59,14.59,14.59,0.0
2025-11-18 07:00:00+00:00,14.46,14.59,14.46,14.59,19.09
2025-11-18 08:00:00+00:00,14.6,14.74,14.6,14.74,13.71
2025-11-18 09:00:00+00:00,14.58,14.58,14.58,14.58,3.59
2025-11-18 10:00:00+00:00,14.58,14.58,14.58,14.58,0.0
2025-11-18 11:00:00+00:00,14.59,14.59,14.57,14.57,237.98
2025-11-18 12:00:00+00:00,14.58,14.58,14.54,14.54,20.42
2025-11-18 13:00:00+00:00,14.61,14.61,14.61,14.61,9.01
2025-11-18 14:00:00+00:00,14.53,14.75,14.46,14.46,116.19
2025-11-18 15:00:00+00:00,14.41,14.79,14.41,14.74,219.44
2025-11-18 16:00:00+00:00,14.71,14.91,14.71,14.8,51.06
2025-11-18 17:00:00+00:00,14.7,14.7,14.69,14.7,8611.24
2025-11-18 18:00:00+00:00,14.7,14.82,14.65,14.73,45299.14
2025-11-18 19:00:00+00:00,14.73,14.73,14.73,14.73,0.0
2025-11-18 20:00:00+00:00,14.73,14.73,14.7,14.7,0.4
2025-11-18 21:00:00+00:00,14.67,14.7,14.53,14.53,36.4
2025-11-18 22:00:00+00:00,14.53,14.69,14.53,14.69,2.99
2025-11-18 23:00:00+00:00,14.55,14.58,14.55,14.57,221.04
2025-11-19 00:00:00+00:00,14.57,14.59,14.41,14.59,98.46
2025-11-19 01:00:00+00:00,14.58,14.63,14.51,14.52,44.71
2025-11-19 02:00:00+00:00,14.61,14.61,14.61,14.61,89.71
2025-11-19 03:00:00+00:00,14.61,14.61,14.45,14.45,95.41
2025-11-19 04:00:00+00:00,14.43,14.45,14.34,14.35,139.98
2025-11-19 05:00:00+00:00,14.26,14.27,13.8,13.99,1328.28
2025-11-19 06:00:00+00:00,14.07,14.21,14.07,14.21,38.61
2025-11-19 07:00:00+00:00,14.22,14.32,14.22,14.32,9.45
2025-11-19 08:00:00+00:00,14.45,14.46,14.37,14.37,42.94
2025-11-19 09:00:00+00:00,14.33,14.33,14.28,14.28,55.46
2025-11-19 10:00:00+00:00,14.49,14.54,14.49,14.54,29.53
2025-11-19 11:00:00+00:00,14.5,14.5,14.5,14.5,4.66
2025-11-19 12:00:00+00:00,14.51,14.51,14.49,14.5,14.71
2025-11-19 13:00:00+00:00,14.5,14.5,14.34,14.34,382.07
2025-11-19 14:00:00+00:00,14.29,14.29,14.09,14.26,296.75
2025-11-19 15:00:00+00:00,14.41,14.51,14.09,14.09,516.47
2025-11-19 16:00:00+00:00,14.13,14.13,13.91,13.93,247.15
2025-11-19 17:00:00+00:00,13.9,13.94,13.77,13.93,82.11
2025-11-19 18:00:00+00:00,13.88,13.95,13.72,13.72,28.9
2025-11-19 19:00:00+00:00,13.86,13.86,13.77,13.8,244.63
2025-11-19 20:00:00+00:00,13.75,14.07,13.75,14.07,161.85
2025-11-19 21:00:00+00:00,14.07,14.29,14.07,14.18,194.26
2025-11-19 22:00:00+00:00,14.26,14.26,14.22,14.22,3.75
2025-11-19 23:00:00+00:00,14.28,14.31,14.24,14.24,59.52
2025-11-20 00:00:00+00:00,14.27,14.31,14.27,14.27,25.05
2025-11-20 01:00:00+00:00,14.27,14.32,14.27,14.32,4.53
2025-11-20 02:00:00+00:00,14.34,14.34,14.34,14.34,345.09
2025-11-20 03:00:00+00:00,14.34,14.34,14.34,14.34,1.74
2025-11-20 04:00:00+00:00,14.31,14.37,14.31,14.37,168.93
2025-11-20 05:00:00+00:00,14.42,14.42,14.3,14.32,274.24
2025-11-20 06:00:00+00:00,14.25,14.28,14.25,14.28,2.98
2025-11-20 07:00:00+00:00,14.31,14.31,14.31,14.31,12.28
2025-11-20 08:00:00+00:00,14.33,14.38,14.33,14.38,23.12
2025-11-20 09:00:00+00:00,14.3,14.3,14.3,14.3,27.82
2025-11-20 10:00:00+00:00,14.3,14.31,14.3,14.31,2.0
2025-11-20 11:00:00+00:00,14.31,14.31,14.31,14.31,0.0
2025-11-20 12:00:00+00:00,14.44,14.44,14.39,14.39,10.69
2025-11-20 13:00:00+00:00,14.43,14.5,14.39,14.44,63.52
2025-11-20 14:00:00+00:00,14.39,14.45,14.39,14.39,132.81
2025-11-20 15:00:00+00:00,14.44,14.44,14.27,14.27,76.94
2025-11-20 16:00:00+00:00,14.23,14.23,13.64,13.68,835.44
2025-11-20 17:00:00+00:00,13.71,13.81,13.5,13.74,683.39
2025-11-20 18:00:00+00:00,13.82,13.86,13.69,13.69,40.12
2025-11-20 19:00:00+00:00,13.55,13.71,13.55,13.71,39.01
2025-11-20 20:00:00+00:00,13.76,13.86,13.76,13.81,67.85
2025-11-20 21:00:00+00:00,13.78,13.89,13.78,13.89,52.13
2025-11-20 22:00:00+00:00,13.95,13.97,13.94,13.95,123.19
2025-11-20 23:00:00+00:00,13.93,13.93,13.85,13.85,23.77
2025-11-21 00:00:00+00:00,13.95,13.95,13.92,13.92,23.21
2025-11-21 01:00:00+00:00,13.93,13.96,13.91,13.91,29.94
2025-11-21 02:00:00+00:00,13.98,13.98,13.78,13.78,21.72
2025-11-21 03:00:00+00:00,13.83,13.83,13.76,13.81,37.26
2025-11-21 04:00:00+00:00,13.67,13.67,13.61,13.61,49.08
2025-11-21 05:00:00+00:00,13.71,13.74,13.69,13.69,50.78
2025-11-21 06:00:00+00:00,13.64,13.72,13.64,13.72,1231.89
2025-11-21 07:00:00+00:00,13.73,13.73,12.83,13.16,2819.68
2025-11-21 08:00:00+00:00,13.12,13.34,13.12,13.32,78.65
2025-11-21 09:00:00+00:00,13.27,13.27,13.01,13.01,28.86
2025-11-21 10:00:00+00:00,12.97,13.07,12.97,13.07,38.56
2025-11-21 11:00:00+00:00,13.04,13.09,12.9,12.9,197.85
2025-11-21 12:00:00+00:00,12.9,13.21,12.68,13.14,1313.51
2025-11-21 13:00:00+00:00,13.14,13.18,13.09,13.16,248.35
2025-11-21 14:00:00+00:00,13.13,13.28,13.13,13.26,121.06
2025-11-21 15:00:00+00:00,13.16,13.17,13.05,13.05,343.18
2025-11-21 16:00:00+00:00,12.97,13.31,12.88,13.31,350.34
2025-11-21 17:00:00+00:00,13.27,13.44,13.27,13.38,87.98
2025-11-21 18:00:00+00:00,13.35,13.41,13.23,13.31,269.28
2025-11-21 19:00:00+00:00,13.3,13.3,13.3,13.3,0.08
2025-11-21 20:00:00+00:00,13.25,13.25,13.25,13.25,49.78
2025-11-21 21:00:00+00:00,13.3,13.37,13.3,13.37,12.1
2025-11-21 22:00:00+00:00,13.32,13.35,13.2,13.2,769.11
2025-11-21 23:00:00+00:00,13.22,13.31,13.22,13.31,205.7
2025-11-22 00:00:00+00:00,13.27,13.31,13.27,13.31,15.29
2025-11-22 01:00:00+00:00,13.31,13.32,13.31,13.32,10.82
2025-11-22 02:00:00+00:00,13.29,13.29,13.29,13.29,15.02
2025-11-22 03:00:00+00:00,13.29,13.29,13.25,13.25,61.42
2025-11-22 04:00:00+00:00,13.28,13.3,13.23,13.3,14.03
2025-11-22 05:00:00+00:00,13.22,13.28,13.22,13.28,44.49
2025-11-22 06:00:00+00:00,13.26,13.28,13.25,13.28,132.75
2025-11-22 07:00:00+00:00,13.28,13.28,13.28,13.28,0.0
2025-11-22 08:00:00+00:00,13.28,13.28,13.28,13.28,0.0
2025-11-22 09:00:00+00:00,13.26,13.28,13.25,13.28,30.98
2025-11-22 10:00:00+00:00,13.28,13.28,13.28,13.28,0.0
2025-11-22 11:00:00+00:00,13.28,13.28,13.28,13.28,0.0
2025-11-22 12:00:00+00:00,13.19,13.23,13.15,13.15,54.13
2025-11-22 13:00:00+00:00,13.15,13.15,13.05,13.05,11.52
2025-11-22 14:00:00+00:00,13.22,13.24,13.21,13.21,5.34
2025-11-22 15:00:00+00:00,13.15,13.15,13.15,13.15,7.6
2025-11-22 16:00:00+00:00,13.25,13.26,13.23,13.26,69.24
2025-11-22 17:00:00+00:00,13.26,13.26,13.23,13.24,55.76
2025-11-22 18:00:00+00:00,13.25,13.28,13.23,13.24,84.27
2025-11-22 19:00:00+00:00,13.27,13.27,13.22,13.22,2.7
2025-11-22 20:00:00+00:00,13.28,13.28,13.19,13.2,136.89
2025-11-22 21:00:00+00:00,13.25,13.27,13.24,13.24,36.64
2025-11-22 22:00:00+00:00,13.27,13.32,13.21,13.32,91.31
2025-11-22 23:00:00+00:00,13.31,13.31,13.25,13.27,61.8
2025-11-23 00:00:00+00:00,13.27,13.27,13.27,13.27,0.0
2025-11-23 01:00:00+00:00,13.28,13.28,13.28,13.28,0.37
2025-11-23 02:00:00+00:00,13.35,13.35,13.35,13.35,0.75
2025-11-23 03:00:00+00:00,13.3,13.35,13.3,13.35,21.64
2025-11-23 04:00:00+00:00,13.38,13.41,13.34,13.39,231.12
2025-11-23 05:00:00+00:00,13.39,13.39,13.39,13.39,0.0
2025-11-23 06:00:00+00:00,13.37,13.37,13.32,13.33,2.9
2025-11-23 07:00:00+00:00,13.26,13.26,13.26,13.26,2.96
2025-11-23 08:00:00+00:00,13.3,13.3,13.29,13.29,20.65
2025-11-23 09:00:00+00:00,13.35,13.37,13.32,13.37,11.98
2025-11-23 10:00:00+00:00,13.37,13.37,13.37,13.37,0.0
2025-11-23 11:00:00+00:00,13.31,13.31,13.31,13.31,50.67
2025-11-23 12:00:00+00:00,13.31,13.31,13.31,13.31,0.0
2025-11-23 13:00:00+00:00,13.36,13.36,13.34,13.34,37.28
2025-11-23 14:00:00+00:00,13.39,13.39,13.39,13.39,6.21
2025-11-23 15:00:00+00:00,13.41,13.41,13.41,13.41,0.08
2025-11-23 16:00:00+00:00,13.4,13.4,13.37,13.37,9.15
2025-11-23 17:00:00+00:00,13.35,13.35,13.27,13.31,9.06
2025-11-23 18:00:00+00:00,13.3,13.38,13.3,13.33,47.92
2025-11-23 19:00:00+00:00,13.36,13.43,13.34,13.41,39.35
2025-11-23 20:00:00+00:00,13.36,13.36,13.36,13.36,40.45
2025-11-23 21:00:00+00:00,13.38,13.44,13.36,13.44,21.93
2025-11-23 22:00:00+00:00,13.4,13.4,13.4,13.4,37.18
2025-11-23 23:00:00+00:00,13.42,13.42,13.33,13.33,20.14
2025-11-24 00:00:00+00:00,13.21,13.21,13.18,13.18,10.57
2025-11-24 01:00:00+00:00,13.23,13.24,13.22,13.22,26.65
2025-11-24 02:00:00+00:00,13.47,13.51,13.45,13.45,28.01
2025-11-24 03:00:00+00:00,13.41,13.48,13.41,13.47,25.98
2025-11-24 04:00:00+00:00,13.39,13.39,13.36,13.36,38.45
2025-11-24 05:00:00+00:00,13.51,13.52,13.5,13.51,59.45
2025-11-24 06:00:00+00:00,13.47,13.47,13.47,13.47,18.55
2025-11-24 07:00:00+00:00,13.46,13.46,13.46,13.46,1.11
2025-11-24 08:00:00+00:00,13.41,13.41,13.41,13.41,7.61
2025-11-24 09:00:00+00:00,13.3,13.3,13.27,13.27,11.58
2025-11-24 10:00:00+00:00,13.3,13.3,13.3,13.3,5.74
2025-11-24 11:00:00+00:00,13.3,13.3,13.3,13.3,0.0
2025-11-24 12:00:00+00:00,13.3,13.3,13.3,13.3,0.0
2025-11-24 13:00:00+00:00,13.4,13.42,13.4,13.42,74.44
2025-11-24 14:00:00+00:00,13.45,13.47,13.27,13.43,531.38
2025-11-24 15:00:00+00:00,13.43,13.49,13.38,13.49,0.95
2025-11-24 16:00:00+00:00,13.58,13.66,13.58,13.6,21.03
2025-11-24 17:00:00+00:00,13.59,13.86,13.59,13.86,138.65
2025-11-24 18:00:00+00:00,13.89,13.96,13.85,13.95,928.93
2025-11-24 19:00:00+00:00,13.95,14.0,13.95,13.98,734.61
2025-11-24 20:00:00+00:00,14.01,14.03,14.0,14.0,51.43
2025-11-24 21:00:00+00:00,14.0,14.0,14.0,14.0,5.34
2025-11-24 22:00:00+00:00,13.93,13.93,13.88,13.88,45.04
2025-11-24 23:00:00+00:00,13.88,13.88,13.88,13.88,0.0
2025-11-25 00:00:00+00:00,13.91,13.92,13.87,13.88,3.41
2025-11-25 01:00:00+00:00,13.94,13.94,13.94,13.94,0.36
2025-11-25 02:00:00+00:00,13.87,13.92,13.86,13.92,80.34
2025-11-25 03:00:00+00:00,13.93,13.93,13.9,13.91,85.54
2025-11-25 04:00:00+00:00,13.91,13.91,13.91,13.91,0.0
2025-11-25 05:00:00+00:00,13.94,13.94,13.88,13.92,6.35
2025-11-25 06:00:00+00:00,13.88,13.88,13.88,13.88,0.73
2025-11-25 07:00:00+00:00,13.88,13.88,13.88,13.88,0.0
2025-11-25 08:00:00+00:00,13.88,13.88,13.88,13.88,0.0
2025-11-25 09:00:00+00:00,13.85,13.85,13.84,13.84,7.16
2025-11-25 10:00:00+00:00,13.92,13.92,13.91,13.91,2.71
2025-11-25 11:00:00+00:00,13.91,13.91,13.91,13.91,0.0
2025-11-25 12:00:00+00:00,13.93,13.93,13.93,13.93,2.58
2025-11-25 13:00:00+00:00,13.94,13.94,13.94,13.94,9.28
2025-11-25 14:00:00+00:00,13.91,13.91,13.79,13.79,10.46
2025-11-25 15:00:00+00:00,13.76,13.84,13.76,13.84,37.73
2025-11-25 16:00:00+00:00,13.84,13.84,13.84,13.84,0.0
2025-11-25 17:00:00+00:00,13.96,13.97,13.94,13.94,104.38
2025-11-25 18:00:00+00:00,13.98,13.98,13.98,13.98,0.36
2025-11-25 19:00:00+00:00,13.94,14.05,13.89,13.9,318.16
2025-11-25 20:00:00+00:00,14.07,14.09,14.06,14.08,2486.55
2025-11-25 21:00:00+00:00,14.08,14.1,14.08,14.1,6.63
2025-11-25 22:00:00+00:00,14.04,14.04,13.99,14.02,23.35
2025-11-25 23:00:00+00:00,14.22,14.38,14.22,14.38,80.84
2025-11-26 00:00:00+00:00,14.38,14.38,14.38,14.38,0.0
2025-11-26 01:00:00+00:00,14.23,14.24,14.23,14.24,1.75
2025-11-26 02:00:00+00:00,14.23,14.23,14.23,14.23,2.65
2025-11-26 03:00:00+00:00,14.11,14.12,14.11,14.12,1.82
2025-11-26 04:00:00+00:00,14.02,14.02,14.01,14.01,36.59
2025-11-26 05:00:00+00:00,14.01,14.01,14.01,14.01,5.12
2025-11-26 06:00:00+00:00,14.09,14.09,14.08,14.08,3.18
2025-11-26 07:00:00+00:00,14.04,14.04,14.04,14.04,1.06
2025-11-26 08:00:00+00:00,14.02,14.02,14.02,14.02,5.04
2025-11-26 09:00:00+00:00,14.0,14.03,13.97,13.97,13.57
2025-11-26 10:00:00+00:00,13.97,13.97,13.97,13.97,0.0
2025-11-26 11:00:00+00:00,13.97,13.97,13.97,13.97,0.0
2025-11-26 12:00:00+00:00,13.96,13.97,13.93,13.93,6.95
2025-11-26 13:00:00+00:00,13.97,14.04,13.95,13.98,22.76
2025-11-26 14:00:00+00:00,13.95,13.99,13.95,13.99,8.15
2025-11-26 15:00:00+00:00,13.99,13.99,13.99,13.99,0.0
2025-11-26 16:00:00+00:00,13.99,14.11,13.99,14.11,10.11
2025-11-26 17:00:00+00:00,14.17,14.43,14.17,14.43,20.97
2025-11-26 18:00:00+00:00,14.45,14.58,14.36,14.58,97.97
2025-11-26 19:00:00+00:00,14.58,14.58,14.48,14.56,1.93
2025-11-26 20:00:00+00:00,14.54,14.66,14.52,14.66,10.84
2025-11-26 21:00:00+00:00,14.65,14.68,14.65,14.68,8.36
2025-11-26 22:00:00+00:00,14.7,14.7,14.7,14.7,7.5
2025-11-26 23:00:00+00:00,14.74,14.91,14.74,14.91,159.39
2025-11-27 00:00:00+00:00,14.96,14.99,14.96,14.99,9.76
2025-11-27 01:00:00+00:00,14.93,14.98,14.93,14.95,133.51
2025-11-27 02:00:00+00:00,14.96,15.0,14.91,14.91,55.38
2025-11-27 03:00:00+00:00,14.91,14.95,14.91,14.95,13.74
2025-11-27 04:00:00+00:00,14.94,14.94,14.94,14.94,0.1
2025-11-27 05:00:00+00:00,14.93,14.93,14.93,14.93,3.34
2025-11-27 06:00:00+00:00,14.95,14.95,14.92,14.94,61.53
2025-11-27 07:00:00+00:00,14.94,14.94,14.94,14.94,5.0
2025-11-27 08:00:00+00:00,14.89,14.89,14.89,14.89,5.13
2025-11-27 09:00:00+00:00,14.97,14.98,14.94,14.98,10.31
2025-11-27 10:00:00+00:00,14.92,14.92,14.92,14.92,2.61
2025-11-27 11:00:00+00:00,14.92,14.92,14.92,14.92,0.0
2025-11-27 12:00:00+00:00,14.95,14.95,14.95,14.95,1.33
2025-11-27 13:00:00+00:00,14.96,14.99,14.96,14.99,14.67
2025-11-27 14:00:00+00:00,14.96,14.96,14.93,14.93,78.7
2025-11-27 15:00:00+00:00,14.92,14.92,14.92,14.92,0.13
2025-11-27 16:00:00+00:00,14.97,15.14,14.94,15.14,29.6
2025-11-27 17:00:00+00:00,15.14,15.15,15.11,15.11,3.29
2025-11-27 18:00:00+00:00,15.13,15.13,15.12,15.13,343.08
2025-11-27 19:00:00+00:00,15.13,15.17,15.13,15.13,445.05
2025-11-27 20:00:00+00:00,15.03,15.05,15.03,15.05,1.79
2025-11-27 21:00:00+00:00,15.05,15.05,15.04,15.04,15.8
2025-11-27 22:00:00+00:00,15.04,15.04,15.04,15.04,0.0
2025-11-27 23:00:00+00:00,15.04,15.04,15.04,15.04,3.25
2025-11-28 00:00:00+00:00,15.05,15.05,15.05,15.05,0.54
2025-11-28 01:00:00+00:00,15.01,15.06,15.01,15.06,8.09
2025-11-28 02:00:00+00:00,15.0,15.12,15.0,15.11,41.09
2025-11-28 03:00:00+00:00,15.02,15.06,15.02,15.06,9.33
2025-11-28 04:00:00+00:00,15.02,15.05,15.02,15.05,9.24
2025-11-28 05:00:00+00:00,15.01,15.12,14.99,15.07,82.54
2025-11-28 06:00:00+00:00,15.03,15.03,15.01,15.03,5.78
2025-11-28 07:00:00+00:00,15.04,15.07,15.02,15.02,41.91
2025-11-28 08:00:00+00:00,15.06,15.1,15.04,15.05,16.4
2025-11-28 09:00:00+00:00,15.03,15.03,15.03,15.03,22.24
2025-11-28 10:00:00+00:00,15.02,15.04,15.02,15.02,216.51
2025-11-28 11:00:00+00:00,14.8,15.02,14.8,14.98,6.3
2025-11-28 12:00:00+00:00,15.01,15.01,15.01,15.01,1.0
2025-11-28 13:00:00+00:00,15.06,15.06,15.03,15.03,3.3
2025-11-28 14:00:00+00:00,15.11,15.14,15.05,15.12,36.65
2025-11-28 15:00:00+00:00,15.1,15.27,15.1,15.21,20.44
2025-11-28 16:00:00+00:00,15.01,15.01,14.86,14.86,19.91
2025-11-28 17:00:00+00:00,14.83,14.88,14.82,14.85,5.0
2025-11-28 18:00:00+00:00,14.88,14.88,14.88,14.88,0.33
2025-11-28 19:00:00+00:00,14.87,14.87,14.87,14.87,7.89
2025-11-28 20:00:00+00:00,14.87,14.87,14.87,14.87,0.0
2025-11-28 21:00:00+00:00,14.87,14.87,14.87,14.87,5.02
2025-11-28 22:00:00+00:00,14.87,14.87,14.87,14.87,0.0
2025-11-28 23:00:00+00:00,14.84,14.84,14.84,14.84,2.1
2025-11-29 00:00:00+00:00,14.85,14.87,14.85,14.85,18.22
2025-11-29 01:00:00+00:00,14.89,14.89,14.84,14.84,6.33
2025-11-29 02:00:00+00:00,14.84,14.84,14.84,14.84,0.0
2025-11-29 03:00:00+00:00,14.9,14.9,14.86,14.86,10.71
2025-11-29 04:00:00+00:00,14.87,14.87,14.84,14.84,5.34
2025-11-29 05:00:00+00:00,14.84,14.84,14.84,14.84,0.0
2025-11-29 06:00:00+00:00,14.88,14.88,14.8,14.8,4.47
2025-11-29 07:00:00+00:00,14.73,14.73,14.65,14.65,909.18
2025-11-29 08:00:00+00:00,14.66,14.7,14.66,14.7,4.08
2025-11-29 09:00:00+00:00,14.7,14.7,14.7,14.7,19.04
2025-11-29 10:00:00+00:00,14.7,14.7,14.7,14.7,0.0
2025-11-29 11:00:00+00:00,14.7,14.7,14.7,14.7,0.0
2025-11-29 12:00:00+00:00,14.7,14.7,14.7,14.7,0.0
2025-11-29 13:00:00+00:00,14.87,14.97,14.86,14.97,1000.28
2025-11-29 14:00:00+00:00,14.89,14.89,14.76,14.79,170.1
2025-11-29 15:00:00+00:00,14.8,14.8,14.8,14.8,12.24
2025-11-29 16:00:00+00:00,14.8,14.8,14.8,14.8,0.0
2025-11-29 17:00:00+00:00,14.71,14.76,14.71,14.76,10.5
2025-11-29 18:00:00+00:00,14.65,14.68,14.5,14.5,52.81
2025-11-29 19:00:00+00:00,14.5,14.57,14.41,14.43,86.24
2025-11-29 20:00:00+00:00,14.43,14.44,14.32,14.34,11.8
2025-11-29 21:00:00+00:00,14.35,14.35,14.35,14.35,5.21
2025-11-29 22:00:00+00:00,14.36,14.38,14.36,14.38,46.36
2025-11-29 23:00:00+00:00,14.36,14.36,14.22,14.22,19.1
2025-11-30 00:00:00+00:00,14.27,14.27,14.23,14.24,29.86
2025-11-30 01:00:00+00:00,14.33,14.34,14.29,14.29,69.92
2025-11-30 02:00:00+00:00,14.3,14.3,14.3,14.3,19.46
2025-11-30 03:00:00+00:00,14.2,14.2,14.16,14.16,2.87
2025-11-30 04:00:00+00:00,14.16,14.16,14.16,14.16,0.0
2025-11-30 05:00:00+00:00,14.14,14.14,14.08,14.08,12.22
2025-11-30 06:00:00+00:00,14.03,14.03,14.01,14.01,1.6
2025-11-30 07:00:00+00:00,14.13,14.13,14.13,14.13,0.7
2025-11-30 08:00:00+00:00,14.14,14.18,14.14,14.18,15.9
2025-11-30 09:00:00+00:00,14.2,14.2,14.16,14.16,8.51
2025-11-30 10:00:00+00:00,14.16,14.16,14.16,14.16,0.0
2025-11-30 11:00:00+00:00,14.09,14.09,14.09,14.09,2.74
2025-11-30 12:00:00+00:00,14.09,14.09,14.09,14.09,0.0
2025-11-30 13:00:00+00:00,14.29,14.31,14.29,14.29,12.5
2025-11-30 14:00:00+00:00,14.22,14.23,14.22,14.23,2.08
2025-11-30 15:00:00+00:00,14.12,14.12,14.1,14.12,64.16
2025-11-30 16:00:00+00:00,14.18,14.27,14.18,14.27,3.97
2025-11-30 17:00:00+00:00,14.24,14.24,14.24,14.24,0.7
2025-11-30 18:00:00+00:00,14.2,14.2,13.89,13.9,30.28
2025-11-30 19:00:00+00:00,13.9,13.9,13.9,13.9,0.0
2025-11-30 20:00:00+00:00,13.99,14.03,13.95,13.95,75.86
2025-11-30 21:00:00+00:00,13.99,13.99,13.79,13.79,8.92
2025-11-30 22:00:00+00:00,13.87,13.92,13.86,13.92,333.58
2025-11-30 23:00:00+00:00,13.86,13.86,13.7,13.7,544.64
2025-12-01 00:00:00+00:00,13.67,13.67,13.1,13.13,333.42
2025-12-01 01:00:00+00:00,13.23,13.26,13.11,13.26,2032.87
2025-12-01 02:00:00+00:00,13.12,13.17,13.11,13.11,118.98
2025-12-01 03:00:00+00:00,13.08,13.08,12.97,12.98,40.72
2025-12-01 04:00:00+00:00,12.94,12.95,12.94,12.95,21.43
2025-12-01 05:00:00+00:00,12.96,12.96,12.93,12.93,153.84
2025-12-01 06:00:00+00:00,12.93,12.98,12.93,12.98,15.41
2025-12-01 07:00:00+00:00,12.99,12.99,12.99,12.99,4.0
2025-12-01 08:00:00+00:00,12.99,12.99,12.99,12.99,0.0
2025-12-01 09:00:00+00:00,13.05,13.07,13.05,13.07,18.35
2025-12-01 10:00:00+00:00,12.98,12.99,12.98,12.99,8.97
2025-12-01 11:00:00+00:00,13.0,13.01,12.94,12.94,41.57
2025-12-01 12:00:00+00:00,12.94,12.94,12.79,12.79,77.67
2025-12-01 13:00:00+00:00,12.82,12.82,12.77,12.77,6.73
2025-12-01 14:00:00+00:00,12.83,12.96,12.83,12.88,466.05
2025-12-01 15:00:00+00:00,12.85,12.87,12.64,12.71,460.33
2025-12-01 16:00:00+00:00,12.59,12.91,12.57,12.66,58.84
2025-12-01 17:00:00+00:00,12.71,12.73,12.69,12.73,56.51
2025-12-01 18:00:00+00:00,12.72,12.72,12.7,12.72,107.85
2025-12-01 19:00:00+00:00,12.7,12.83,12.62,12.83,161.55
2025-12-01 20:00:00+00:00,12.8,12.8,12.55,12.71,50.55
2025-12-01 21:00:00+00:00,12.68,12.79,12.68,12.79,8.35
2025-12-01 22:00:00+00:00,12.81,12.82,12.78,12.78,8.34
2025-12-01 23:00:00+00:00,12.82,12.85,12.82,12.82,70.13
2025-12-02 00:00:00+00:00,12.75,12.83,12.73,12.73,4.8
2025-12-02 01:00:00+00:00,12.84,13.01,12.84,12.9,16.89
2025-12-02 02:00:00+00:00,12.83,12.83,12.83,12.83,1.14
2025-12-02 03:00:00+00:00,12.96,12.96,12.88,12.88,192.04
2025-12-02 04:00:00+00:00,12.98,12.98,12.94,12.94,5.92
2025-12-02 05:00:00+00:00,12.93,12.93,12.91,12.91,3.54
2025-12-02 06:00:00+00:00,12.97,12.97,12.96,12.96,30.76
2025-12-02 07:00:00+00:00,13.02,13.03,13.02,13.03,1.94
2025-12-02 08:00:00+00:00,13.06,13.06,13.06,13.06,1.31
2025-12-02 09:00:00+00:00,13.0,13.0,12.96,12.96,18.34
2025-12-02 10:00:00+00:00,12.96,12.96,12.96,12.96,0.0
2025-12-02 11:00:00+00:00,13.03,13.03,12.89,12.89,5.38
2025-12-02 12:00:00+00:00,12.94,12.94,12.94,12.94,1.0
2025-12-02 13:00:00+00:00,12.92,12.99,12.92,12.99,389.02
2025-12-02 14:00:00+00:00,13.14,13.25,13.14,13.25,295.96
2025-12-02 15:00:00+00:00,13.26,13.67,13.26,13.63,118.26
2025-12-02 16:00:00+00:00,13.71,13.72,13.67,13.67,27.01
2025-12-02 17:00:00+00:00,13.57,13.71,13.57,13.7,465.82
2025-12-02 18:00:00+00:00,13.64,13.67,13.64,13.65,28.0
2025-12-02 19:00:00+00:00,13.65,13.65,13.65,13.65,0.0
2025-12-02 20:00:00+00:00,13.66,13.69,13.6,13.6,103.71
2025-12-02 21:00:00+00:00,13.6,13.6,13.6,13.6,0.0
2025-12-02 22:00:00+00:00,13.67,13.76,13.67,13.76,117.24
2025-12-02 23:00:00+00:00,13.66,13.66,13.65,13.65,8.46
2025-12-03 00:00:00+00:00,13.64,13.7,13.61,13.7,103.93
2025-12-03 01:00:00+00:00,13.67,14.53,13.67,13.72,772.94
2025-12-03 02:00:00+00:00,13.73,15.03,13.7,13.8,1390.95
2025-12-03 03:00:00+00:00,13.85,14.06,13.77,13.84,1297.23
2025-12-03 04:00:00+00:00,13.86,13.89,13.86,13.89,3.32
2025-12-03 05:00:00+00:00,14.02,14.02,14.02,14.02,5.37
2025-12-03 06:00:00+00:00,14.07,14.39,14.07,14.13,53.49
2025-12-03 07:00:00+00:00,14.09,14.09,14.09,14.09,7.22
2025-12-03 08:00:00+00:00,14.14,14.14,14.06,14.13,13.82
2025-12-03 09:00:00+00:00,14.08,14.08,14.08,14.08,15.73
2025-12-03 10:00:00+00:00,14.08,14.08,14.08,14.08,0.0
2025-12-03 11:00:00+00:00,14.08,14.08,14.08,14.08,0.0
2025-12-03 12:00:00+00:00,14.08,14.12,14.08,14.12,45.19
2025-12-03 13:00:00+00:00,14.19,14.21,14.19,14.21,84.96
2025-12-03 14:00:00+00:00,14.0,14.26,13.87,14.17,334.77
2025-12-03 15:00:00+00:00,14.14,14.18,14.12,14.15,49.52
2025-12-03 16:00:00+00:00,14.15,14.32,14.1,14.3,84.85
2025-12-03 17:00:00+00:00,14.35,14.43,14.35,14.43,29.42
2025-12-03 18:00:00+00:00,14.43,14.48,14.37,14.37,372.62
2025-12-03 19:00:00+00:00,14.37,14.5,14.36,14.5,202.11
2025-12-03 20:00:00+00:00,14.45,14.51,14.45,14.51,2.4
2025-12-03 21:00:00+00:00,14.52,14.91,14.52,14.91,132.87
2025-12-03 22:00:00+00:00,14.91,15.0,14.8,14.83,157.5
2025-12-03 23:00:00+00:00,14.87,14.89,14.78,14.82,52.35
2025-12-04 00:00:00+00:00,14.83,14.83,14.75,14.75,3.99
2025-12-04 01:00:00+00:00,14.8,14.81,14.77,14.81,6.39
2025-12-04 02:00:00+00:00,14.81,14.81,14.81,14.81,0.0
2025-12-04 03:00:00+00:00,14.74,14.74,14.74,14.74,0.26
2025-12-04 04:00:00+00:00,14.73,14.73,14.72,14.72,47.93
2025-12-04 05:00:00+00:00,14.72,14.72,14.72,14.72,0.0
2025-12-04 06:00:00+00:00,14.72,14.72,14.72,14.72,0.0
2025-12-04 07:00:00+00:00,14.75,14.75,14.75,14.75,0.14
2025-12-04 08:00:00+00:00,14.75,14.75,14.75,14.75,0.0
2025-12-04 09:00:00+00:00,14.71,14.71,14.71,14.71,7.2
2025-12-04 10:00:00+00:00,14.71,14.71,14.71,14.71,0.0
2025-12-04 11:00:00+00:00,14.71,14.71,14.71,14.71,0.0
2025-12-04 12:00:00+00:00,14.73,14.73,14.73,14.73,76.21
2025-12-04 13:00:00+00:00,14.74,14.74,14.74,14.74,3.38
2025-12-04 14:00:00+00:00,14.71,14.72,14.66,14.66,315.54
2025-12-04 15:00:00+00:00,14.77,14.87,14.76,14.87,43.03
2025-12-04 16:00:00+00:00,14.76,14.76,14.72,14.72,2.16
2025-12-04 17:00:00+00:00,14.63,14.63,14.49,14.56,50.3
2025-12-04 18:00:00+00:00,14.59,14.59,14.53,14.56,36.18
2025-12-04 19:00:00+00:00,14.47,14.47,14.22,14.45,184.38
2025-12-04 20:00:00+00:00,14.44,14.44,14.41,14.41,21.59
2025-12-04 21:00:00+00:00,14.48,14.48,14.48,14.48,1.99
2025-12-04 22:00:00+00:00,14.45,14.45,14.39,14.43,11.26
2025-12-04 23:00:00+00:00,14.43,14.43,14.43,14.43,0.0
2025-12-05 00:00:00+00:00,14.47,14.47,14.42,14.42,44.46
2025-12-05 01:00:00+00:00,14.48,14.48,14.48,14.48,10.69
2025-12-05 02:00:00+00:00,14.47,14.47,14.47,14.47,1.98
2025-12-05 03:00:00+00:00,14.43,14.43,14.43,14.43,1.11
2025-12-05 04:00:00+00:00,14.47,14.47,14.35,14.42,8.06
2025-12-05 05:00:00+00:00,14.42,14.42,14.42,14.42,0.0
2025-12-05 06:00:00+00:00,14.41,14.41,14.41,14.41,0.28
2025-12-05 07:00:00+00:00,14.41,14.41,14.41,14.41,0.0
2025-12-05 08:00:00+00:00,14.25,14.25,14.16,14.16,76.19
2025-12-05 09:00:00+00:00,14.2,14.2,13.97,13.97,78.79
2025-12-05 10:00:00+00:00,14.0,14.0,13.97,13.97,15.71
2025-12-05 11:00:00+00:00,13.93,13.93,13.79,13.8,27.3
2025-12-05 12:00:00+00:00,13.76,13.76,13.68,13.69,49.91
2025-12-05 13:00:00+00:00,13.77,13.77,13.71,13.71,41.17
2025-12-05 14:00:00+00:00,13.7,13.7,13.58,13.65,41.66
2025-12-05 15:00:00+00:00,13.75,13.8,13.68,13.68,241.62
2025-12-05 16:00:00+00:00,13.58,13.75,13.31,13.31,382.32
2025-12-05 17:00:00+00:00,13.41,13.44,13.34,13.38,24.03
2025-12-05 18:00:00+00:00,13.41,13.52,13.28,13.28,39.0
2025-12-05 19:00:00+00:00,13.22,13.41,13.19,13.38,75.75
2025-12-05 20:00:00+00:00,13.38,13.38,13.36,13.36,8.82
2025-12-05 21:00:00+00:00,13.38,13.38,13.35,13.35,30.95
2025-12-05 22:00:00+00:00,13.22,13.23,13.22,13.22,2.34
2025-12-05 23:00:00+00:00,13.17,13.25,13.14,13.25,9.75
2025-12-06 00:00:00+00:00,13.21,13.21,13.21,13.21,5.42
2025-12-06 01:00:00+00:00,13.28,13.35,13.28,13.35,3.16
2025-12-06 02:00:00+00:00,13.39,13.39,13.26,13.3,442.66
2025-12-06 03:00:00+00:00,13.32,13.34,13.31,13.34,2.83
2025-12-06 04:00:00+00:00,13.34,13.34,13.29,13.29,1.52
2025-12-06 05:00:00+00:00,13.33,13.33,13.32,13.32,2.22
2025-12-06 06:00:00+00:00,13.29,13.31,13.29,13.31,25.22
2025-12-06 07:00:00+00:00,13.25,13.25,13.25,13.25,294.28
2025-12-06 08:00:00+00:00,13.25,13.26,13.25,13.25,713.61
2025-12-06 09:00:00+00:00,13.22,13.22,13.22,13.22,6.95
2025-12-06 10:00:00+00:00,13.22,13.22,13.22,13.22,0.0
2025-12-06 11:00:00+00:00,13.19,13.19,13.17,13.17,29.09
2025-12-06 12:00:00+00:00,13.23,13.23,13.23,13.23,4.58
2025-12-06 13:00:00+00:00,13.18,13.25,13.18,13.22,124.82
2025-12-06 14:00:00+00:00,13.22,13.33,13.19,13.33,69.57
2025-12-06 15:00:00+00:00,13.33,13.36,13.23,13.36,153.12
2025-12-06 16:00:00+00:00,13.43,13.5,13.37,13.4,699.98
2025-12-06 17:00:00+00:00,13.4,13.42,13.35,13.35,58.92
2025-12-06 18:00:00+00:00,13.38,13.49,13.38,13.49,101.87
2025-12-06 19:00:00+00:00,13.43,13.43,13.31,13.33,12.88
2025-12-06 20:00:00+00:00,13.34,13.34,13.33,13.33,5.25
2025-12-06 21:00:00+00:00,13.4,13.4,13.39,13.39,3.89
2025-12-06 22:00:00+00:00,13.39,13.44,13.39,13.44,34.3
2025-12-06 23:00:00+00:00,13.44,13.44,13.44,13.44,0.0
2025-12-07 00:00:00+00:00,13.5,13.53,13.5,13.5,12.09
2025-12-07 01:00:00+00:00,13.51,13.52,13.48,13.49,21.9
2025-12-07 02:00:00+00:00,13.49,13.49,13.49,13.49,0.0
2025-12-07 03:00:00+00:00,13.53,13.53,13.48,13.48,2.32
2025-12-07 04:00:00+00:00,13.51,13.51,13.51,13.51,2.22
2025-12-07 05:00:00+00:00,13.42,13.5,13.42,13.48,42.11
2025-12-07 06:00:00+00:00,13.5,13.51,13.48,13.48,4.09
2025-12-07 07:00:00+00:00,13.48,13.48,13.48,13.48,0.0
2025-12-07 08:00:00+00:00,13.37,13.37,13.37,13.37,1.58
2025-12-07 09:00:00+00:00,13.34,13.34,13.34,13.34,7.42
2025-12-07 10:00:00+00:00,13.35,13.35,13.35,13.35,0.74
2025-12-07 11:00:00+00:00,13.37,13.37,13.36,13.36,8.52
2025-12-07 12:00:00+00:00,13.35,13.45,13.35,13.45,4.78
2025-12-07 13:00:00+00:00,13.41,13.41,13.32,13.32,10.35
2025-12-07 14:00:00+00:00,13.34,13.34,13.05,13.05,49.28
2025-12-07 15:00:00+00:00,13.11,13.39,13.11,13.39,9.68
2025-12-07 16:00:00+00:00,13.38,13.4,13.34,13.4,5.57
2025-12-07 17:00:00+00:00,13.38,13.67,13.38,13.67,44.09
2025-12-07 18:00:00+00:00,13.73,13.85,13.73,13.77,9.35
2025-12-07 19:00:00+00:00,13.75,13.76,13.75,13.76,1.51
2025-12-07 20:00:00+00:00,13.76,13.76,13.76,13.76,0.0
2025-12-07 21:00:00+00:00,13.72,13.72,13.49,13.49,39.48
2025-12-07 22:00:00+00:00,13.37,13.47,13.3,13.34,17.48
2025-12-07 23:00:00+00:00,13.36,13.4,13.36,13.4,4.8
2025-12-08 00:00:00+00:00,13.41,13.41,13.4,13.4,3.4
2025-12-08 01:00:00+00:00,13.58,13.65,13.58,13.65,5.57
2025-12-08 02:00:00+00:00,13.51,13.53,13.5,13.53,6.28
2025-12-08 03:00:00+00:00,13.53,13.53,13.53,13.53,0.0
2025-12-08 04:00:00+00:00,13.53,13.53,13.53,13.53,0.0
2025-12-08 05:00:00+00:00,13.61,13.69,13.61,13.65,13.79
2025-12-08 06:00:00+00:00,13.69,13.71,13.69,13.7,14.42
2025-12-08 07:00:00+00:00,13.71,13.72,13.7,13.71,8.71
2025-12-08 08:00:00+00:00,13.67,13.76,13.67,13.76,25.23
2025-12-08 09:00:00+00:00,13.78,13.89,13.78,13.82,101.78
2025-12-08 10:00:00+00:00,13.79,13.79,13.79,13.79,4.34
2025-12-08 11:00:00+00:00,13.82,13.82,13.72,13.75,39.53
2025-12-08 12:00:00+00:00,13.75,13.75,13.75,13.75,0.0
2025-12-08 13:00:00+00:00,13.81,13.81,13.81,13.81,3.61
2025-12-08 14:00:00+00:00,13.76,13.76,13.72,13.72,20.86
2025-12-08 15:00:00+00:00,13.74,13.74,13.55,13.62,38.02
2025-12-08 16:00:00+00:00,13.54,13.68,13.53,13.63,263.42
2025-12-08 17:00:00+00:00,13.64,13.7,13.64,13.7,1.45
2025-12-08 18:00:00+00:00,13.64,13.64,13.64,13.64,31.01
2025-12-08 19:00:00+00:00,13.64,13.64,13.64,13.64,0.0
2025-12-08 20:00:00+00:00,13.64,13.64,13.64,13.64,0.0
2025-12-08 21:00:00+00:00,13.64,13.64,13.64,13.64,0.0
2025-12-08 22:00:00+00:00,13.64,13.64,13.64,13.64,0.0
2025-12-08 23:00:00+00:00,13.64,13.64,13.64,13.64,0.0
2025-12-09 00:00:00+00:00,13.64,13.64,13.64,13.64,0.0
2025-12-09 01:00:00+00:00,13.62,13.62,13.55,13.55,30.12
2025-12-09 02:00:00+00:00,13.62,13.63,13.59,13.63,26.97
2025-12-09 03:00:00+00:00,13.67,13.7,13.67,13.7,28.39
2025-12-09 04:00:00+00:00,13.74,13.74,13.63,13.63,27.49
2025-12-09 05:00:00+00:00,13.63,13.63,13.63,13.63,1.05
2025-12-09 06:00:00+00:00,13.6,13.6,13.55,13.6,20.86
2025-12-09 07:00:00+00:00,13.69,13.69,13.69,13.69,4.34
2025-12-09 08:00:00+00:00,13.69,13.69,13.69,13.69,0.0
2025-12-09 09:00:00+00:00,13.67,13.69,13.65,13.65,40.57
2025-12-09 10:00:00+00:00,13.65,13.65,13.65,13.65,0.0
2025-12-09 11:00:00+00:00,13.53,13.53,13.53,13.53,24.66
2025-12-09 12:00:00+00:00,13.53,13.53,13.53,13.53,0.0
2025-12-09 13:00:00+00:00,13.67,13.67,13.67,13.67,3.65
2025-12-09 14:00:00+00:00,13.64,13.64,13.62,13.62,2.04
2025-12-09 15:00:00+00:00,13.82,14.11,13.82,14.11,97.08
2025-12-09 16:00:00+00:00,14.15,14.64,14.15,14.51,225.45
2025-12-09 17:00:00+00:00,14.63,14.73,14.56,14.58,196.24
2025-12-09 18:00:00+00:00,14.58,14.67,14.58,14.67,139.86
2025-12-09 19:00:00+00:00,14.67,14.67,14.67,14.67,0.0
2025-12-09 20:00:00+00:00,14.61,14.62,14.59,14.59,22.75
2025-12-09 21:00:00+00:00,14.57,14.57,14.5,14.5,717.66
2025-12-09 22:00:00+00:00,14.63,14.63,14.57,14.58,3.01
2025-12-09 23:00:00+00:00,14.62,14.62,14.62,14.62,27.48
2025-12-10 00:00:00+00:00,14.6,14.6,14.6,14.6,6.84
2025-12-10 01:00:00+00:00,14.6,14.6,14.6,14.6,0.0
2025-12-10 02:00:00+00:00,14.62,14.62,14.6,14.6,1.35
2025-12-10 03:00:00+00:00,14.6,14.6,14.6,14.6,0.0
2025-12-10 04:00:00+00:00,14.63,14.63,14.63,14.63,1.43
2025-12-10 05:00:00+00:00,14.59,14.59,14.57,14.57,10.57
2025-12-10 06:00:00+00:00,14.59,14.62,14.59,14.62,7.42
2025-12-10 07:00:00+00:00,14.57,14.59,14.55,14.59,81.86
2025-12-10 08:00:00+00:00,14.6,14.64,14.6,14.6,59.67
2025-12-10 09:00:00+00:00,14.56,14.61,14.56,14.6,44.83
2025-12-10 10:00:00+00:00,14.64,14.64,14.36,14.36,34.54
2025-12-10 11:00:00+00:00,14.35,14.35,14.19,14.23,55.3
2025-12-10 12:00:00+00:00,14.2,14.2,14.17,14.19,3.47
2025-12-10 13:00:00+00:00,14.21,14.25,14.21,14.25,4.9
2025-12-10 14:00:00+00:00,14.24,14.24,14.24,14.24,7.02
2025-12-10 15:00:00+00:00,14.23,14.3,14.23,14.25,14.93
2025-12-10 16:00:00+00:00,14.25,14.25,14.25,14.25,1.32
2025-12-10 17:00:00+00:00,14.35,14.37,14.32,14.36,16.56
2025-12-10 18:00:00+00:00,14.35,14.54,14.34,14.54,4.7
2025-12-10 19:00:00+00:00,14.6,14.64,14.38,14.58,51.32
2025-12-10 20:00:00+00:00,14.54,14.84,14.44,14.44,173.61
2025-12-10 21:00:00+00:00,14.38,14.38,14.35,14.35,4.21
2025-12-10 22:00:00+00:00,14.24,14.24,14.12,14.22,12.62
2025-12-10 23:00:00+00:00,14.22,14.22,14.22,14.22,0.0
2025-12-11 00:00:00+00:00,14.11,14.11,13.79,13.79,172.04
2025-12-11 01:00:00+00:00,13.76,13.76,13.62,13.66,179.92
2025-12-11 02:00:00+00:00,13.58,13.6,13.42,13.46,43.9
2025-12-11 03:00:00+00:00,13.37,13.43,13.3,13.33,42.73
2025-12-11 04:00:00+00:00,13.28,13.43,13.25,13.41,91.19
2025-12-11 05:00:00+00:00,13.41,13.41,13.41,13.41,0.74
2025-12-11 06:00:00+00:00,13.41,13.48,13.39,13.48,28.56
2025-12-11 07:00:00+00:00,13.38,13.38,13.38,13.38,1.86
2025-12-11 08:00:00+00:00,13.38,13.38,13.38,13.38,0.0
2025-12-11 09:00:00+00:00,13.38,13.39,13.38,13.39,12.96
2025-12-11 10:00:00+00:00,13.39,13.39,13.39,13.39,0.0
2025-12-11 11:00:00+00:00,13.28,13.28,13.27,13.27,10.11
2025-12-11 12:00:00+00:00,13.33,13.33,13.33,13.33,5.98
2025-12-11 13:00:00+00:00,13.33,13.33,13.29,13.29,7.57
2025-12-11 14:00:00+00:00,13.34,13.34,13.09,13.09,112.25
2025-12-11 15:00:00+00:00,13.09,13.19,12.93,12.97,141.47
2025-12-11 16:00:00+00:00,12.95,13.1,12.91,13.06,10.75
2025-12-11 17:00:00+00:00,13.04,13.15,13.04,13.1,11.11
2025-12-11 18:00:00+00:00,13.08,13.32,13.06,13.32,132.58
2025-12-11 19:00:00+00:00,13.25,13.35,13.24,13.35,2.15
2025-12-11 20:00:00+00:00,13.27,13.34,13.27,13.34,112.91
2025-12-11 21:00:00+00:00,13.38,13.61,13.38,13.54,119.1
2025-12-11 22:00:00+00:00,13.5,13.5,13.44,13.44,7.21
2025-12-11 23:00:00+00:00,13.39,13.76,13.39,13.43,83.87
2025-12-12 00:00:00+00:00,13.52,13.52,13.37,13.37,10.32
2025-12-12 01:00:00+00:00,13.39,13.52,13.39,13.52,35.24
2025-12-12 02:00:00+00:00,13.64,13.68,13.64,13.67,83.72
2025-12-12 03:00:00+00:00,13.65,13.65,13.65,13.65,0.43
2025-12-12 04:00:00+00:00,13.65,13.65,13.65,13.65,0.0
2025-12-12 05:00:00+00:00,13.65,13.65,13.65,13.65,6.33
2025-12-12 06:00:00+00:00,13.75,13.76,13.74,13.76,25.31
2025-12-12 07:00:00+00:00,13.76,13.76,13.76,13.76,0.0
2025-12-12 08:00:00+00:00,13.55,13.55,13.55,13.55,1.58
2025-12-12 09:00:00+00:00,13.56,13.56,13.56,13.56,5.51
2025-12-12 10:00:00+00:00,13.56,13.56,13.56,13.56,0.0
2025-12-12 11:00:00+00:00,13.56,13.56,13.56,13.56,0.0
2025-12-12 12:00:00+00:00,13.56,13.56,13.56,13.56,0.0
2025-12-12 13:00:00+00:00,13.63,13.63,13.63,13.63,3.66
2025-12-12 14:00:00+00:00,13.61,13.61,13.53,13.53,2.52
2025-12-12 15:00:00+00:00,13.42,13.42,12.83,12.83,106.83
2025-12-12 16:00:00+00:00,12.96,12.96,12.85,12.85,41.18
2025-12-12 17:00:00+00:00,13.04,13.09,12.98,12.98,66.53
2025-12-12 18:00:00+00:00,13.11,13.17,13.11,13.14,22.63
2025-12-12 19:00:00+00:00,13.14,13.59,13.08,13.09,417.3
2025-12-12 20:00:00+00:00,13.08,13.09,13.07,13.09,72.74
2025-12-12 21:00:00+00:00,13.11,13.14,13.11,13.14,5.58
2025-12-12 22:00:00+00:00,13.13,13.13,13.1,13.13,90.8
2025-12-12 23:00:00+00:00,13.15,13.15,13.15,13.15,6.11
2025-12-13 00:00:00+00:00,13.17,13.17,13.15,13.15,28.88
2025-12-13 01:00:00+00:00,13.15,13.15,13.15,13.15,0.0
2025-12-13 02:00:00+00:00,13.15,13.15,13.15,13.15,0.0
2025-12-13 03:00:00+00:00,13.23,13.23,13.23,13.23,3.45
2025-12-13 04:00:00+00:00,13.21,13.24,13.21,13.24,1.38
2025-12-13 05:00:00+00:00,13.24,13.24,13.24,13.24,0.0
2025-12-13 06:00:00+00:00,13.35,13.38,13.35,13.38,9.52
2025-12-13 07:00:00+00:00,13.34,13.34,13.34,13.34,1.18
2025-12-13 08:00:00+00:00,13.34,13.34,13.34,13.34,0.0
2025-12-13 09:00:00+00:00,13.38,13.38,13.38,13.38,9.53
2025-12-13 10:00:00+00:00,13.38,13.38,13.38,13.38,0.0
2025-12-13 11:00:00+00:00,13.44,13.44,13.44,13.44,0.44
2025-12-13 12:00:00+00:00,13.3,13.3,13.27,13.27,1.5
2025-12-13 13:00:00+00:00,13.29,13.29,13.29,13.29,3.75
2025-12-13 14:00:00+00:00,13.29,13.29,13.29,13.29,0.0
2025-12-13 15:00:00+00:00,13.32,13.45,13.32,13.38,7.8
2025-12-13 16:00:00+00:00,13.4,13.41,13.35,13.38,25.12
2025-12-13 17:00:00+00:00,13.34,13.36,13.34,13.36,30.5
2025-12-13 18:00:00+00:00,13.37,13.4,13.37,13.4,11.41
2025-12-13 19:00:00+00:00,13.39,13.39,13.39,13.39,0.43
2025-12-13 20:00:00+00:00,13.41,13.41,13.36,13.36,6.24
2025-12-13 21:00:00+00:00,13.3,13.34,13.3,13.34,60.0
2025-12-13 22:00:00+00:00,13.34,13.34,13.34,13.34,0.0
2025-12-13 23:00:00+00:00,13.32,13.34,13.32,13.34,6.3
2025-12-14 00:00:00+00:00,13.34,13.34,13.34,13.34,2.23
2025-12-14 01:00:00+00:00,13.34,13.34,13.34,13.34,0.0
2025-12-14 02:00:00+00:00,13.39,13.39,13.39,13.39,1.49
2025-12-14 03:00:00+00:00,13.34,13.34,13.33,13.33,27.41
2025-12-14 04:00:00+00:00,13.33,13.33,13.33,13.33,0.0
2025-12-14 05:00:00+00:00,13.33,13.33,13.33,13.33,0.0
2025-12-14 06:00:00+00:00,13.33,13.33,13.33,13.33,0.0
2025-12-14 07:00:00+00:00,13.33,13.33,13.33,13.33,0.0
2025-12-14 08:00:00+00:00,13.33,13.33,13.33,13.33,0.0
2025-12-14 09:00:00+00:00,13.19,13.19,13.16,13.16,15.06
2025-12-14 10:00:00+00:00,13.16,13.16,13.15,13.15,2.49
2025-12-14 11:00:00+00:00,13.08,13.08,13.05,13.05,4.88
2025-12-14 12:00:00+00:00,13.06,13.06,13.06,13.06,1.51
2025-12-14 13:00:00+00:00,13.1,13.1,13.02,13.02,8.06
2025-12-14 14:00:00+00:00,13.07,14.1,13.0,13.01,340.15
2025-12-14 15:00:00+00:00,13.06,13.06,13.0,13.05,66.37
2025-12-14 16:00:00+00:00,13.04,13.04,13.04,13.04,5.35
2025-12-14 17:00:00+00:00,13.05,13.05,12.91,12.95,619.38
2025-12-14 18:00:00+00:00,13.01,13.01,13.0,13.0,3.53
2025-12-14 19:00:00+00:00,12.97,12.97,12.95,12.95,6.0
2025-12-14 20:00:00+00:00,12.95,12.95,12.95,12.95,7.99
2025-12-14 21:00:00+00:00,12.9,12.9,12.86,12.87,50.95
2025-12-14 22:00:00+00:00,12.87,12.91,12.81,12.91,428.95
2025-12-14 23:00:00+00:00,12.98,12.98,12.77,12.88,6.96
2025-12-15 00:00:00+00:00,12.88,12.88,12.88,12.88,0.75
2025-12-15 01:00:00+00:00,12.96,13.13,12.96,13.06,128.47
2025-12-15 02:00:00+00:00,13.15,13.25,13.15,13.25,6.53
2025-12-15 03:00:00+00:00,13.13,13.13,13.1,13.1,10.8
2025-12-15 04:00:00+00:00,13.1,13.1,13.1,13.1,0.0
2025-12-15 05:00:00+00:00,13.22,13.22,13.22,13.22,1.58
2025-12-15 06:00:00+00:00,13.23,13.31,13.2,13.31,10.23
2025-12-15 07:00:00+00:00,13.31,13.31,13.31,13.31,0.0
2025-12-15 08:00:00+00:00,13.31,13.31,13.31,13.31,0.0
2025-12-15 09:00:00+00:00,13.21,13.21,13.21,13.21,4.5
2025-12-15 10:00:00+00:00,13.21,13.21,13.21,13.21,0.0
2025-12-15 11:00:00+00:00,13.3,13.3,13.3,13.3,1.87
2025-12-15 12:00:00+00:00,13.3,13.3,13.3,13.3,0.0
2025-12-15 13:00:00+00:00,13.16,13.16,13.16,13.16,1.64
2025-12-15 14:00:00+00:00,13.18,13.18,12.83,12.83,15.8
2025-12-15 15:00:00+00:00,12.78,12.98,12.49,12.55,566.65
2025-12-15 16:00:00+00:00,12.45,12.54,12.4,12.47,87.79
2025-12-15 17:00:00+00:00,12.47,12.66,12.3,12.3,204.52
2025-12-15 18:00:00+00:00,12.35,12.35,12.25,12.34,179.06
2025-12-15 19:00:00+00:00,12.37,12.47,12.34,12.38,34.29
2025-12-15 20:00:00+00:00,12.35,12.36,12.35,12.35,3.42
2025-12-15 21:00:00+00:00,12.35,12.35,12.35,12.35,0.0
2025-12-15 22:00:00+00:00,12.35,12.35,12.35,12.35,0.43
2025-12-15 23:00:00+00:00,12.39,12.39,12.33,12.34,160.4
2025-12-16 00:00:00+00:00,12.34,12.34,12.2,12.2,111.09
2025-12-16 01:00:00+00:00,12.19,12.31,12.19,12.3,127.25
2025-12-16 02:00:00+00:00,12.25,12.33,12.25,12.3,98.22
2025-12-16 03:00:00+00:00,12.27,12.27,12.25,12.25,82.0
2025-12-16 04:00:00+00:00,12.21,12.22,12.1,12.17,28.21
2025-12-16 05:00:00+00:00,12.26,12.26,12.26,12.26,10.35
2025-12-16 06:00:00+00:00,12.25,12.34,12.25,12.34,3.41
2025-12-16 07:00:00+00:00,12.21,12.21,12.21,12.21,2.23
2025-12-16 08:00:00+00:00,12.17,12.17,12.17,12.17,9.49
2025-12-16 09:00:00+00:00,12.16,12.16,12.16,12.16,9.25
2025-12-16 10:00:00+00:00,12.34,12.38,12.34,12.38,214.15
2025-12-16 11:00:00+00:00,12.38,12.38,12.38,12.38,0.0
2025-12-16 12:00:00+00:00,12.35,12.35,12.29,12.29,69.3
2025-12-16 13:00:00+00:00,12.19,12.19,12.0,12.09,123.92
2025-12-16 14:00:00+00:00,12.0,12.23,11.98,12.23,31.15
2025-12-16 15:00:00+00:00,12.17,12.28,12.11,12.28,42.9
2025-12-16 16:00:00+00:00,12.28,12.28,12.28,12.28,0.0
2025-12-16 17:00:00+00:00,12.34,12.34,12.22,12.22,6.51
2025-12-16 18:00:00+00:00,12.32,12.32,12.32,12.32,2.1
2025-12-16 19:00:00+00:00,12.27,12.3,12.23,12.29,384.0
2025-12-16 20:00:00+00:00,12.3,12.31,12.3,12.31,69.37
2025-12-16 21:00:00+00:00,12.31,12.31,12.31,12.31,0.0
2025-12-16 22:00:00+00:00,12.37,12.37,12.37,12.37,0.4
2025-12-16 23:00:00+00:00,12.34,12.34,12.34,12.34,0.42
2025-12-17 00:00:00+00:00,12.3,12.3,12.3,12.3,8.11
2025-12-17 01:00:00+00:00,12.33,12.37,12.32,12.37,19.86
2025-12-17 02:00:00+00:00,12.32,12.32,12.32,12.32,0.81
2025-12-17 03:00:00+00:00,12.32,12.32,12.31,12.32,7.98
2025-12-17 04:00:00+00:00,12.24,12.24,12.18,12.18,49.75
2025-12-17 05:00:00+00:00,12.1,12.1,12.06,12.06,6.62
2025-12-17 06:00:00+00:00,12.25,12.25,12.25,12.25,3.25
2025-12-17 07:00:00+00:00,12.25,12.25,12.25,12.25,0.0
2025-12-17 08:00:00+00:00,12.25,12.25,12.25,12.25,0.0
2025-12-17 09:00:00+00:00,12.12,12.12,12.09,12.09,13.23
2025-12-17 10:00:00+00:00,12.07,12.07,12.07,12.07,0.33
2025-12-17 11:00:00+00:00,12.12,12.16,12.12,12.16,30.16
2025-12-17 12:00:00+00:00,12.16,12.16,12.16,12.16,0.0
2025-12-17 13:00:00+00:00,12.2,12.3,12.19,12.3,10.86
2025-12-17 14:00:00+00:00,12.26,12.47,12.26,12.47,31.15
2025-12-17 15:00:00+00:00,12.47,12.63,12.15,12.15,157.82
2025-12-17 16:00:00+00:00,12.11,12.11,11.88,11.97,210.39
2025-12-17 17:00:00+00:00,11.97,11.97,11.92,11.94,86.63
2025-12-17 18:00:00+00:00,11.97,11.97,11.79,11.79,64.75
2025-12-17 19:00:00+00:00,11.81,11.87,11.75,11.87,10.35
2025-12-17 20:00:00+00:00,11.9,11.9,11.9,11.9,1.31
2025-12-17 21:00:00+00:00,11.91,11.91,11.91,11.91,1.49
2025-12-17 22:00:00+00:00,11.87,11.89,11.87,11.89,2.09
2025-12-17 23:00:00+00:00,11.83,11.84,11.83,11.83,24.57
2025-12-18 00:00:00+00:00,11.84,11.84,11.84,11.84,1.35
2025-12-18 01:00:00+00:00,11.75,11.75,11.75,11.75,169.69
2025-12-18 02:00:00+00:00,11.87,11.87,11.87,11.87,21.01
2025-12-18 03:00:00+00:00,11.75,11.75,11.72,11.75,23.42
2025-12-18 04:00:00+00:00,11.75,11.75,11.75,11.75,0.0
2025-12-18 05:00:00+00:00,11.77,11.77,11.66,11.66,111.51
2025-12-18 06:00:00+00:00,11.74,11.74,11.74,11.74,0.85
2025-12-18 07:00:00+00:00,11.74,11.74,11.74,11.74,0.0
2025-12-18 08:00:00+00:00,11.76,11.77,11.76,11.77,275.33
2025-12-18 09:00:00+00:00,11.67,11.67,11.67,11.67,1.7
2025-12-18 10:00:00+00:00,11.67,11.67,11.67,11.67,0.0
2025-12-18 11:00:00+00:00,11.67,11.67,11.67,11.67,0.0
2025-12-18 12:00:00+00:00,11.67,11.67,11.67,11.67,0.0
2025-12-18 13:00:00+00:00,11.81,12.19,11.81,12.19,34.11
2025-12-18 14:00:00+00:00,12.25,12.27,12.1,12.1,216.6
2025-12-18 15:00:00+00:00,12.1,12.1,12.1,12.1,0.0
2025-12-18 16:00:00+00:00,12.16,12.16,12.16,12.16,2.05
2025-12-18 17:00:00+00:00,12.03,12.03,11.45,11.67,603.24
2025-12-18 18:00:00+00:00,11.63,11.72,11.54,11.54,52.96
2025-12-18 19:00:00+00:00,11.5,11.53,11.34,11.34,36.36
2025-12-18 20:00:00+00:00,11.41,11.41,11.37,11.39,16.15
2025-12-18 21:00:00+00:00,11.46,11.55,11.46,11.55,14.66
2025-12-18 22:00:00+00:00,11.56,11.56,11.56,11.56,1.46
2025-12-18 23:00:00+00:00,11.46,11.46,11.46,11.46,45.38
2025-12-19 00:00:00+00:00,11.46,11.46,11.46,11.46,0.0
2025-12-19 01:00:00+00:00,11.34,11.35,11.34,11.35,14.9
2025-12-19 02:00:00+00:00,11.28,11.36,11.28,11.36,448.41
2025-12-19 03:00:00+00:00,11.53,11.75,11.53,11.75,9.88
2025-12-19 04:00:00+00:00,11.77,11.77,11.77,11.77,17.52
2025-12-19 05:00:00+00:00,11.65,11.65,11.65,11.65,1.77
2025-12-19 06:00:00+00:00,11.69,11.69,11.69,11.69,0.34
2025-12-19 07:00:00+00:00,11.82,12.01,11.82,11.93,227.58
2025-12-19 08:00:00+00:00,11.99,11.99,11.97,11.97,0.93
2025-12-19 09:00:00+00:00,11.93,11.95,11.93,11.95,121.95
2025-12-19 10:00:00+00:00,11.95,11.95,11.95,11.95,0.42
2025-12-19 11:00:00+00:00,11.97,11.97,11.97,11.97,1.67
2025-12-19 12:00:00+00:00,11.99,11.99,11.99,11.99,10.71
2025-12-19 13:00:00+00:00,11.94,11.94,11.94,11.94,0.42
2025-12-19 14:00:00+00:00,12.09,12.27,12.09,12.27,45.85
2025-12-19 15:00:00+00:00,12.31,12.39,12.16,12.19,238.01
2025-12-19 16:00:00+00:00,12.29,12.37,12.29,12.37,7.61
2025-12-19 17:00:00+00:00,12.3,12.38,12.11,12.11,89.51
2025-12-19 18:00:00+00:00,12.08,12.15,12.08,12.15,84.63
2025-12-19 19:00:00+00:00,12.35,12.35,12.35,12.35,2.52
2025-12-19 20:00:00+00:00,12.37,12.38,12.31,12.37,11.19
2025-12-19 21:00:00+00:00,12.31,12.32,12.31,12.31,7.14
2025-12-19 22:00:00+00:00,12.29,12.33,12.29,12.32,17.31
2025-12-19 23:00:00+00:00,12.29,12.29,12.26,12.26,17.28
2025-12-20 00:00:00+00:00,12.27,12.27,12.27,12.27,7.33
2025-12-20 01:00:00+00:00,12.27,12.27,12.27,12.27,0.0
2025-12-20 02:00:00+00:00,12.2,12.22,12.2,12.22,25.2
2025-12-20 03:00:00+00:00,12.21,12.21,12.21,12.21,7.3
2025-12-20 04:00:00+00:00,12.25,12.25,12.25,12.25,0.41
2025-12-20 05:00:00+00:00,12.25,12.25,12.25,12.25,0.0
2025-12-20 06:00:00+00:00,12.25,12.25,12.25,12.25,0.0
2025-12-20 07:00:00+00:00,12.3,12.3,12.26,12.27,25.19
2025-12-20 08:00:00+00:00,12.37,12.38,12.34,12.38,5.41
2025-12-20 09:00:00+00:00,12.34,12.34,12.34,12.34,8.04
2025-12-20 10:00:00+00:00,12.34,12.34,12.34,12.34,0.0
2025-12-20 11:00:00+00:00,12.34,12.34,12.34,12.34,0.0
2025-12-20 12:00:00+00:00,12.34,12.34,12.34,12.34,0.0
2025-12-20 13:00:00+00:00,12.34,12.34,12.34,12.34,0.0
2025-12-20 14:00:00+00:00,12.2,12.2,12.16,12.2,22.95
2025-12-20 15:00:00+00:00,12.22,12.22,12.21,12.21,32.84
2025-12-20 16:00:00+00:00,12.27,12.27,12.27,12.27,2.45
2025-12-20 17:00:00+00:00,12.27,12.27,12.27,12.27,0.0
2025-12-20 18:00:00+00:00,12.28,12.28,12.28,12.28,1.22
2025-12-20 19:00:00+00:00,12.28,12.28,12.27,12.27,20.72
2025-12-20 20:00:00+00:00,12.25,12.27,12.25,12.27,8.52
2025-12-20 21:00:00+00:00,12.27,12.27,12.27,12.27,0.0
2025-12-20 22:00:00+00:00,12.16,12.16,12.16,12.16,16.41
2025-12-20 23:00:00+00:00,12.15,12.15,12.15,12.15,4.1
2025-12-21 00:00:00+00:00,12.21,12.21,12.21,12.21,0.81
2025-12-21 01:00:00+00:00,12.21,12.21,12.21,12.21,0.0
2025-12-21 02:00:00+00:00,12.12,12.12,12.12,12.12,2.2
2025-12-21 03:00:00+00:00,12.15,12.15,12.15,12.15,28.15
2025-12-21 04:00:00+00:00,12.15,12.15,12.15,12.15,0.0
2025-12-21 05:00:00+00:00,12.15,12.15,12.15,12.15,0.0
2025-12-21 06:00:00+00:00,12.15,12.15,12.15,12.15,0.0
2025-12-21 07:00:00+00:00,12.13,12.13,12.13,12.13,0.1
2025-12-21 08:00:00+00:00,12.13,12.13,12.13,12.13,0.1
2025-12-21 09:00:00+00:00,12.27,12.31,12.27,12.31,9.17
2025-12-21 10:00:00+00:00,12.31,12.31,12.31,12.31,0.0
2025-12-21 11:00:00+00:00,12.31,12.31,12.31,12.31,0.0
2025-12-21 12:00:00+00:00,12.27,12.29,12.25,12.25,5.35
2025-12-21 13:00:00+00:00,12.13,12.13,11.97,11.97,63.36
2025-12-21 14:00:00+00:00,12.05,12.06,12.05,12.06,0.2
2025-12-21 15:00:00+00:00,12.03,12.06,12.03,12.04,39.52
2025-12-21 16:00:00+00:00,12.16,12.16,12.16,12.16,0.16
2025-12-21 17:00:00+00:00,12.12,12.16,12.12,12.12,32.73
2025-12-21 18:00:00+00:00,12.12,12.12,12.12,12.12,0.0
2025-12-21 19:00:00+00:00,12.12,12.12,12.12,12.12,0.0
2025-12-21 20:00:00+00:00,12.1,12.1,12.09,12.09,0.31
2025-12-21 21:00:00+00:00,12.06,12.19,12.06,12.19,1007.39
2025-12-21 22:00:00+00:00,12.02,12.02,12.02,12.02,11.63
2025-12-21 23:00:00+00:00,12.23,12.23,12.12,12.12,32.77
2025-12-22 00:00:00+00:00,12.19,12.4,12.19,12.25,252.59
2025-12-22 01:00:00+00:00,12.24,12.24,12.19,12.19,148.43
2025-12-22 02:00:00+00:00,12.16,12.16,12.06,12.06,24.43
2025-12-22 03:00:00+00:00,12.13,12.21,12.13,12.21,17.25
2025-12-22 04:00:00+00:00,12.21,12.21,12.21,12.21,0.0
2025-12-22 05:00:00+00:00,12.21,12.21,12.2,12.21,460.58
2025-12-22 06:00:00+00:00,12.2,12.2,12.17,12.17,577.06
2025-12-22 07:00:00+00:00,12.17,12.17,12.17,12.17,0.0
2025-12-22 08:00:00+00:00,12.32,12.32,12.32,12.32,1.07
2025-12-22 09:00:00+00:00,12.32,12.32,12.32,12.32,0.0
2025-12-22 10:00:00+00:00,12.25,12.25,12.25,12.25,2.01
2025-12-22 11:00:00+00:00,12.31,12.4,12.31,12.4,289.15
2025-12-22 12:00:00+00:00,12.34,12.34,12.34,12.34,2.46
2025-12-22 13:00:00+00:00,12.35,12.35,12.35,12.35,2.43
2025-12-22 14:00:00+00:00,12.39,12.39,12.39,12.39,2.01
2025-12-22 15:00:00+00:00,12.39,12.39,12.39,12.39,0.24
2025-12-22 16:00:00+00:00,12.37,12.37,12.37,12.37,8.09
2025-12-22 17:00:00+00:00,12.37,12.37,12.37,12.37,0.0
2025-12-22 18:00:00+00:00,12.38,12.4,12.38,12.4,30.03
2025-12-22 19:00:00+00:00,12.14,12.16,12.13,12.16,5.97
2025-12-22 20:00:00+00:00,12.13,12.15,12.11,12.12,23.96
2025-12-22 21:00:00+00:00,12.21,12.35,12.21,12.34,84.53
2025-12-22 22:00:00+00:00,12.34,12.39,12.34,12.39,49.86
2025-12-22 23:00:00+00:00,12.43,12.43,12.43,12.43,0.93
2025-12-23 00:00:00+00:00,12.45,12.52,12.45,12.47,55.78
2025-12-23 01:00:00+00:00,12.52,12.52,12.47,12.47,17.95
2025-12-23 02:00:00+00:00,12.47,12.47,12.47,12.47,0.0
2025-12-23 03:00:00+00:00,12.47,12.47,12.47,12.47,0.0
2025-12-23 04:00:00+00:00,12.4,12.4,12.4,12.4,2.4
2025-12-23 05:00:00+00:00,12.35,12.35,12.26,12.29,25.87
2025-12-23 06:00:00+00:00,12.25,12.25,12.17,12.17,6.91
2025-12-23 07:00:00+00:00,12.19,12.19,12.19,12.19,0.82
2025-12-23 08:00:00+00:00,12.19,12.19,12.19,12.19,0.0
2025-12-23 09:00:00+00:00,12.16,12.16,12.16,12.16,8.78
2025-12-23 10:00:00+00:00,12.16,12.16,12.16,12.16,0.0
2025-12-23 11:00:00+00:00,12.28,12.28,12.28,12.28,19.12
2025-12-23 12:00:00+00:00,12.3,12.3,12.3,12.3,2.03
2025-12-23 13:00:00+00:00,12.13,12.13,12.09,12.11,23.57
2025-12-23 14:00:00+00:00,12.1,12.1,11.87,11.92,129.46
2025-12-23 15:00:00+00:00,11.88,11.95,11.88,11.95,21.07
2025-12-23 16:00:00+00:00,12.0,12.02,12.0,12.02,101.48
2025-12-23 17:00:00+00:00,12.02,12.02,12.02,12.02,0.0
2025-12-23 18:00:00+00:00,11.97,12.13,11.97,12.12,46.15
2025-12-23 19:00:00+00:00,12.08,12.08,12.07,12.07,58.58
2025-12-23 20:00:00+00:00,12.19,12.33,12.19,12.28,106.9
2025-12-23 21:00:00+00:00,12.28,12.28,12.28,12.28,0.0
2025-12-23 22:00:00+00:00,12.26,12.26,12.26,12.26,0.41
2025-12-23 23:00:00+00:00,12.26,12.26,12.26,12.26,0.0
2025-12-24 00:00:00+00:00,12.26,12.26,12.26,12.26,0.0
2025-12-24 01:00:00+00:00,12.19,12.19,12.19,12.19,10.0
2025-12-24 02:00:00+00:00,12.09,12.09,12.0,12.0,44.75
2025-12-24 03:00:00+00:00,12.0,12.0,12.0,12.0,20.84
2025-12-24 04:00:00+00:00,12.13,12.13,12.05,12.05,58.91
2025-12-24 05:00:00+00:00,12.02,12.34,12.0,12.0,576.42
2025-12-24 06:00:00+00:00,11.97,12.02,11.97,12.02,21.21
2025-12-24 07:00:00+00:00,12.03,12.03,12.02,12.02,19.88
2025-12-24 08:00:00+00:00,12.05,12.05,12.05,12.05,10.54
2025-12-24 09:00:00+00:00,12.06,12.06,12.01,12.01,83.67
2025-12-24 10:00:00+00:00,12.01,12.01,12.01,12.01,0.0
2025-12-24 11:00:00+00:00,12.01,12.01,12.01,12.01,0.0
2025-12-24 12:00:00+00:00,12.01,12.01,12.01,12.01,0.0
2025-12-24 13:00:00+00:00,12.1,12.1,12.08,12.08,10.85
2025-12-24 14:00:00+00:00,12.09,12.09,11.92,11.92,6.22
2025-12-24 15:00:00+00:00,11.92,11.92,11.92,11.92,0.0
2025-12-24 16:00:00+00:00,11.92,11.92,11.92,11.92,0.0
2025-12-24 17:00:00+00:00,12.01,12.01,11.97,11.97,158.12
2025-12-24 18:00:00+00:00,11.92,11.92,11.92,11.92,2.47
2025-12-24 19:00:00+00:00,11.92,11.92,11.92,11.92,0.0
2025-12-24 20:00:00+00:00,11.92,11.92,11.92,11.92,0.0
2025-12-24 21:00:00+00:00,11.92,11.92,11.92,11.92,0.0
2025-12-24 22:00:00+00:00,11.92,11.92,11.92,11.92,0.0
2025-12-24 23:00:00+00:00,12.13,12.13,12.1,12.1,23.67
2025-12-25 00:00:00+00:00,12.1,12.1,12.1,12.1,0.0
2025-12-25 01:00:00+00:00,12.07,12.07,12.07,12.07,94.65
2025-12-25 02:00:00+00:00,12.08,12.12,12.07,12.12,49.12
2025-12-25 03:00:00+00:00,12.19,12.19,12.15,12.15,6.8
2025-12-25 04:00:00+00:00,12.17,12.18,12.17,12.18,6.11
2025-12-25 05:00:00+00:00,12.18,12.18,12.18,12.18,0.0
2025-12-25 06:00:00+00:00,12.18,12.18,12.18,12.18,0.0
2025-12-25 07:00:00+00:00,12.18,12.18,12.18,12.18,0.0
2025-12-25 08:00:00+00:00,12.27,12.31,12.27,12.31,2.96
2025-12-25 09:00:00+00:00,12.26,12.26,12.26,12.26,5.33
2025-12-25 10:00:00+00:00,12.18,12.18,12.18,12.18,1.74
2025-12-25 11:00:00+00:00,12.2,12.2,12.18,12.2,5.59
2025-12-25 12:00:00+00:00,12.2,12.2,12.2,12.2,0.0
2025-12-25 13:00:00+00:00,12.2,12.2,12.2,12.2,0.0
2025-12-25 14:00:00+00:00,12.22,12.22,12.22,12.22,17.36
2025-12-25 15:00:00+00:00,12.18,12.4,12.18,12.33,44.68
2025-12-25 16:00:00+00:00,12.36,12.42,12.36,12.4,6.64
2025-12-25 17:00:00+00:00,12.42,12.42,12.42,12.42,2.41
2025-12-25 18:00:00+00:00,12.42,12.52,12.42,12.52,10.65
2025-12-25 19:00:00+00:00,12.44,12.44,12.44,12.44,0.48
2025-12-25 20:00:00+00:00,12.41,12.44,12.41,12.42,5.16
2025-12-25 21:00:00+00:00,12.42,12.43,12.42,12.43,10.91
2025-12-25 22:00:00+00:00,12.41,12.41,12.37,12.37,101.15
2025-12-25 23:00:00+00:00,12.25,12.25,12.08,12.08,40.27
2025-12-26 00:00:00+00:00,12.06,12.07,12.05,12.07,42.09
2025-12-26 01:00:00+00:00,12.15,12.33,12.15,12.33,3712.72
2025-12-26 02:00:00+00:00,12.33,12.59,12.33,12.53,89.72
2025-12-26 03:00:00+00:00,12.52,12.52,12.52,12.52,2.39
2025-12-26 04:00:00+00:00,12.52,12.52,12.52,12.52,0.0
2025-12-26 05:00:00+00:00,12.52,12.52,12.52,12.52,0.0
2025-12-26 06:00:00+00:00,12.51,12.51,12.51,12.51,7.92
2025-12-26 07:00:00+00:00,12.51,12.51,12.51,12.51,0.0
2025-12-26 08:00:00+00:00,12.51,12.51,12.51,12.51,0.0
2025-12-26 09:00:00+00:00,12.51,12.51,12.51,12.51,0.0
2025-12-26 10:00:00+00:00,12.44,12.44,12.44,12.44,4.08
2025-12-26 11:00:00+00:00,12.45,12.45,12.45,12.45,8.49
2025-12-26 12:00:00+00:00,12.45,12.45,12.45,12.45,0.0
2025-12-26 13:00:00+00:00,12.45,12.45,12.45,12.45,0.0
2025-12-26 14:00:00+00:00,12.43,12.43,12.3,12.3,35.31
2025-12-26 15:00:00+00:00,12.25,12.25,12.17,12.23,61.79
2025-12-26 16:00:00+00:00,12.25,12.28,12.21,12.21,31.33
2025-12-26 17:00:00+00:00,12.2,12.22,12.19,12.19,30.4
2025-12-26 18:00:00+00:00,12.19,12.19,12.19,12.19,0.0
2025-12-26 19:00:00+00:00,12.36,12.36,12.34,12.34,42.9
2025-12-26 20:00:00+00:00,12.38,12.38,12.35,12.35,261.11
2025-12-26 21:00:00+00:00,12.38,12.38,12.38,12.38,8.07
2025-12-26 22:00:00+00:00,12.38,12.38,12.32,12.32,95.59
2025-12-26 23:00:00+00:00,12.37,12.37,12.37,12.37,0.4
2025-12-27 00:00:00+00:00,12.35,12.39,12.35,12.37,55.19
2025-12-27 01:00:00+00:00,12.34,12.37,12.34,12.37,26.43
2025-12-27 02:00:00+00:00,12.36,12.36,12.35,12.36,27.96
2025-12-27 03:00:00+00:00,12.37,12.38,12.37,12.38,8.91
2025-12-27 04:00:00+00:00,12.43,12.43,12.38,12.38,7.32
2025-12-27 05:00:00+00:00,12.44,12.44,12.44,12.44,2.01
2025-12-27 06:00:00+00:00,12.44,12.44,12.44,12.44,0.0
2025-12-27 07:00:00+00:00,12.44,12.44,12.44,12.44,6.02
2025-12-27 08:00:00+00:00,12.46,12.5,12.44,12.48,7.88
2025-12-27 09:00:00+00:00,12.46,12.47,12.46,12.47,3.5
2025-12-27 10:00:00+00:00,12.47,12.47,12.47,12.47,0.0
2025-12-27 11:00:00+00:00,12.47,12.47,12.47,12.47,0.0
2025-12-27 12:00:00+00:00,12.48,12.48,12.48,12.48,20.07
2025-12-27 13:00:00+00:00,12.48,12.48,12.48,12.48,255.35
2025-12-27 14:00:00+00:00,12.51,12.53,12.51,12.52,155.07
2025-12-27 15:00:00+00:00,12.52,12.52,12.52,12.52,0.0
2025-12-27 16:00:00+00:00,12.57,12.59,12.56,12.59,20.86
2025-12-27 17:00:00+00:00,12.55,12.58,12.55,12.56,17.85
2025-12-27 18:00:00+00:00,12.59,12.59,12.56,12.56,16.35
2025-12-27 19:00:00+00:00,12.56,12.56,12.5,12.5,161.06
2025-12-27 20:00:00+00:00,12.55,12.56,12.55,12.56,2.67
2025-12-27 21:00:00+00:00,12.61,12.66,12.58,12.61,181.25
2025-12-27 22:00:00+00:00,12.62,12.62,12.57,12.57,58.67
2025-12-27 23:00:00+00:00,12.71,12.78,12.68,12.68,32.96
2025-12-28 00:00:00+00:00,12.76,12.76,12.76,12.76,2.36
2025-12-28 01:00:00+00:00,12.76,12.76,12.74,12.75,2.43
2025-12-28 02:00:00+00:00,12.85,12.88,12.85,12.86,9.96
2025-12-28 03:00:00+00:00,12.8,12.8,12.8,12.8,0.14
2025-12-28 04:00:00+00:00,12.86,12.86,12.79,12.79,8.45
2025-12-28 05:00:00+00:00,12.82,12.82,12.81,12.81,4.67
2025-12-28 06:00:00+00:00,12.81,12.81,12.81,12.81,0.0
2025-12-28 07:00:00+00:00,12.81,12.81,12.81,12.81,0.0
2025-12-28 08:00:00+00:00,12.86,12.86,12.86,12.86,2.02
2025-12-28 09:00:00+00:00,12.8,12.8,12.78,12.78,17.64
2025-12-28 10:00:00+00:00,12.76,12.76,12.76,12.76,1.53
2025-12-28 11:00:00+00:00,12.69,12.69,12.69,12.69,0.89
2025-12-28 12:00:00+00:00,12.64,12.64,12.64,12.64,0.79
2025-12-28 13:00:00+00:00,12.67,12.67,12.67,12.67,0.78
2025-12-28 14:00:00+00:00,12.72,12.72,12.72,12.72,1.56
2025-12-28 15:00:00+00:00,12.76,12.76,12.76,12.76,0.55
2025-12-28 16:00:00+00:00,12.76,12.76,12.76,12.76,0.0
2025-12-28 17:00:00+00:00,12.72,12.72,12.69,12.71,7.03
2025-12-28 18:00:00+00:00,12.62,12.62,12.59,12.61,14.14
2025-12-28 19:00:00+00:00,12.59,12.59,12.59,12.59,0.59
2025-12-28 20:00:00+00:00,12.59,12.59,12.53,12.55,96.04
2025-12-28 21:00:00+00:00,12.57,12.58,12.55,12.58,45.68
2025-12-28 22:00:00+00:00,12.58,12.58,12.58,12.58,0.0
2025-12-28 23:00:00+00:00,12.61,12.61,12.61,12.61,0.39
2025-12-29 00:00:00+00:00,12.61,12.61,12.61,12.61,0.0
2025-12-29 01:00:00+00:00,12.79,12.82,12.79,12.82,57.1
2025-12-29 02:00:00+00:00,12.85,12.93,12.85,12.88,103.47
2025-12-29 03:00:00+00:00,12.9,13.06,12.9,13.05,42.05
2025-12-29 04:00:00+00:00,13.13,13.25,13.07,13.12,595.3
2025-12-29 05:00:00+00:00,13.13,13.13,13.05,13.05,47.57
2025-12-29 06:00:00+00:00,13.08,13.13,13.04,13.04,19.44
2025-12-29 07:00:00+00:00,13.05,13.05,12.91,13.0,733.44
2025-12-29 08:00:00+00:00,13.03,13.03,13.0,13.0,19.19
2025-12-29 09:00:00+00:00,12.84,12.84,12.74,12.74,148.91
2025-12-29 10:00:00+00:00,12.75,12.78,12.75,12.78,2.65
2025-12-29 11:00:00+00:00,12.78,12.78,12.78,12.78,0.0
2025-12-29 12:00:00+00:00,12.57,12.57,12.5,12.5,6.15
2025-12-29 13:00:00+00:00,12.59,12.6,12.57,12.57,101.07
2025-12-29 14:00:00+00:00,12.56,12.56,12.56,12.56,1.76
2025-12-29 15:00:00+00:00,12.62,12.74,12.62,12.74,4.56
2025-12-29 16:00:00+00:00,12.65,12.66,12.59,12.63,434.75
2025-12-29 17:00:00+00:00,12.59,12.68,12.59,12.68,8.75
2025-12-29 18:00:00+00:00,12.6,12.6,12.57,12.57,3.74
2025-12-29 19:00:00+00:00,12.57,12.57,12.57,12.57,0.0
2025-12-29 20:00:00+00:00,12.51,12.51,12.39,12.39,94.94
2025-12-29 21:00:00+00:00,12.46,12.46,12.46,12.46,0.8
2025-12-29 22:00:00+00:00,12.41,12.42,12.41,12.42,106.61
2025-12-29 23:00:00+00:00,12.41,12.41,12.38,12.38,106.63
2025-12-30 00:00:00+00:00,12.41,12.41,12.41,12.41,0.8
2025-12-30 01:00:00+00:00,12.38,12.38,12.38,12.38,10.29
2025-12-30 02:00:00+00:00,12.38,12.38,12.38,12.38,0.4
2025-12-30 03:00:00+00:00,12.35,12.35,12.35,12.35,3.5
2025-12-30 04:00:00+00:00,12.42,12.42,12.42,12.42,1.16
2025-12-30 05:00:00+00:00,12.42,12.42,12.41,12.41,123.78
2025-12-30 06:00:00+00:00,12.44,12.48,12.44,12.48,23.67
2025-12-30 07:00:00+00:00,12.48,12.48,12.48,12.48,0.0
2025-12-30 08:00:00+00:00,12.51,12.53,12.51,12.53,49.28
2025-12-30 09:00:00+00:00,12.49,12.53,12.49,12.53,26.18
2025-12-30 10:00:00+00:00,12.52,12.52,12.52,12.52,4.42
2025-12-30 11:00:00+00:00,12.52,12.52,12.52,12.52,0.0
2025-12-30 12:00:00+00:00,12.54,12.54,12.48,12.48,840.89
2025-12-30 13:00:00+00:00,12.53,12.54,12.53,12.54,2.0
2025-12-30 14:00:00+00:00,12.47,12.59,12.47,12.59,229.81
2025-12-30 15:00:00+00:00,12.51,12.51,12.51,12.51,23.08
2025-12-30 16:00:00+00:00,12.58,12.58,12.57,12.58,144.44
2025-12-30 17:00:00+00:00,12.57,12.57,12.57,12.57,23.28
2025-12-30 18:00:00+00:00,12.55,12.55,12.52,12.52,7.46
2025-12-30 19:00:00+00:00,12.5,12.52,12.5,12.52,14.44
2025-12-30 20:00:00+00:00,12.52,12.52,12.52,12.52,0.0
2025-12-30 21:00:00+00:00,12.5,12.5,12.48,12.49,33.74
2025-12-30 22:00:00+00:00,12.55,12.56,12.55,12.56,82.0
2025-12-30 23:00:00+00:00,12.57,12.57,12.57,12.57,34.35
2025-12-31 00:00:00+00:00,12.52,12.52,12.51,12.51,996.93
2025-12-31 01:00:00+00:00,12.66,12.7,12.66,12.7,25.8
2025-12-31 02:00:00+00:00,12.65,12.65,12.63,12.63,5.72
2025-12-31 03:00:00+00:00,12.66,12.66,12.62,12.62,2.36
2025-12-31 04:00:00+00:00,12.62,12.62,12.62,12.62,0.0
2025-12-31 05:00:00+00:00,12.62,12.62,12.62,12.62,1.77
2025-12-31 06:00:00+00:00,12.62,12.62,12.62,12.62,0.0
2025-12-31 07:00:00+00:00,12.62,12.62,12.62,12.62,0.0
2025-12-31 08:00:00+00:00,12.62,12.62,12.62,12.62,0.0
2025-12-31 09:00:00+00:00,12.49,12.49,12.47,12.47,19.38
2025-12-31 10:00:00+00:00,12.47,12.47,12.47,12.47,0.0
2025-12-31 11:00:00+00:00,12.47,12.47,12.47,12.47,0.0
2025-12-31 12:00:00+00:00,12.58,12.58,12.54,12.55,41.05
2025-12-31 13:00:00+00:00,12.57,12.57,12.57,12.57,2.39
2025-12-31 14:00:00+00:00,12.59,12.6,12.56,12.56,70.04
2025-12-31 15:00:00+00:00,12.52,12.52,12.46,12.46,229.04
2025-12-31 16:00:00+00:00,12.45,12.45,12.25,12.33,403.3
2025-12-31 17:00:00+00:00,12.32,12.38,12.32,12.32,126.17
2025-12-31 18:00:00+00:00,12.34,12.36,12.34,12.36,246.17
2025-12-31 19:00:00+00:00,12.36,12.36,12.34,12.34,23.03
2025-12-31 20:00:00+00:00,12.31,12.31,12.27,12.29,234.34
2025-12-31 21:00:00+00:00,12.37,12.37,12.37,12.37,0.8
2025-12-31 22:00:00+00:00,12.36,12.36,12.34,12.35,19.25
2025-12-31 23:00:00+00:00,12.35,12.35,12.33,12.33,26.06
2026-01-01 00:00:00+00:00,12.35,12.35,12.35,12.35,13.18
2026-01-01 01:00:00+00:00,12.36,12.36,12.36,12.36,144.56
2026-01-01 02:00:00+00:00,12.32,12.32,12.32,12.32,79.62
2026-01-01 03:00:00+00:00,12.3,12.3,12.29,12.29,156.23
2026-01-01 04:00:00+00:00,12.23,12.25,12.23,12.25,125.88
2026-01-01 05:00:00+00:00,12.24,12.27,12.24,12.27,335.13
2026-01-01 06:00:00+00:00,12.27,12.27,12.26,12.26,25.76
2026-01-01 07:00:00+00:00,12.26,12.26,12.26,12.26,7.35
2026-01-01 08:00:00+00:00,12.3,12.3,12.3,12.3,70.0
2026-01-01 09:00:00+00:00,12.33,12.37,12.33,12.35,104.83
2026-01-01 10:00:00+00:00,12.34,12.36,12.34,12.36,11.54
2026-01-01 11:00:00+00:00,12.37,12.37,12.37,12.37,5.95
2026-01-01 12:00:00+00:00,12.37,12.37,12.37,12.37,0.0
2026-01-01 13:00:00+00:00,12.37,12.39,12.37,12.39,40.17
2026-01-01 14:00:00+00:00,12.44,12.44,12.42,12.44,52.99
2026-01-01 15:00:00+00:00,12.47,12.57,12.47,12.53,21.26
2026-01-01 16:00:00+00:00,12.54,12.64,12.54,12.64,2.72
2026-01-01 17:00:00+00:00,12.66,12.66,12.66,12.66,3.06
2026-01-01 18:00:00+00:00,12.73,12.97,12.73,12.94,10.32
2026-01-01 19:00:00+00:00,13.05,13.53,13.05,13.53,190.03
2026-01-01 20:00:00+00:00,13.58,13.67,13.41,13.43,447.53
2026-01-01 21:00:00+00:00,13.47,13.53,13.42,13.51,85.94
2026-01-01 22:00:00+00:00,13.51,13.51,13.51,13.51,0.0
2026-01-01 23:00:00+00:00,13.51,13.51,13.51,13.51,0.0
2026-01-02 00:00:00+00:00,13.55,13.58,13.55,13.58,1.94
2026-01-02 01:00:00+00:00,13.53,13.53,13.53,13.53,15.0
2026-01-02 02:00:00+00:00,13.81,13.81,13.81,13.81,2.85
2026-01-02 03:00:00+00:00,13.73,13.79,13.73,13.75,30.22
2026-01-02 04:00:00+00:00,13.71,13.71,13.71,13.71,6.37
2026-01-02 05:00:00+00:00,13.61,13.61,13.56,13.56,9.4
2026-01-02 06:00:00+00:00,13.62,13.62,13.55,13.55,10.52
2026-01-02 07:00:00+00:00,13.53,13.54,13.39,13.39,101.5
2026-01-02 08:00:00+00:00,13.39,13.39,13.39,13.39,0.0
2026-01-02 09:00:00+00:00,13.46,13.54,13.46,13.54,22.17
2026-01-02 10:00:00+00:00,13.54,13.54,13.54,13.54,0.0
2026-01-02 11:00:00+00:00,13.4,13.4,13.37,13.4,24.9
2026-01-02 12:00:00+00:00,13.4,13.4,13.4,13.4,0.0
2026-01-02 13:00:00+00:00,13.4,13.4,13.4,13.4,0.0
2026-01-02 14:00:00+00:00,13.41,13.42,13.1,13.4,79.96
2026-01-02 15:00:00+00:00,13.21,13.21,13.1,13.19,31.01
2026-01-02 16:00:00+00:00,13.31,13.49,13.3,13.49,35.15
2026-01-02 17:00:00+00:00,13.5,13.63,13.5,13.63,272.41
2026-01-02 18:00:00+00:00,13.51,13.54,13.5,13.51,91.62
2026-01-02 19:00:00+00:00,13.6,13.63,13.59,13.63,83.35
2026-01-02 20:00:00+00:00,13.67,13.67,13.63,13.63,5.13
2026-01-02 21:00:00+00:00,13.67,13.84,13.65,13.84,85.16
2026-01-02 22:00:00+00:00,13.84,13.93,13.81,13.85,22.73
2026-01-02 23:00:00+00:00,13.81,13.81,13.81,13.81,2.16
2026-01-03 00:00:00+00:00,13.86,13.86,13.86,13.86,0.37
2026-01-03 01:00:00+00:00,13.86,13.88,13.83,13.86,85.25
2026-01-03 02:00:00+00:00,13.83,13.96,13.83,13.96,108.88
2026-01-03 03:00:00+00:00,14.02,14.24,14.02,14.23,85.32
2026-01-03 04:00:00+00:00,14.27,14.27,14.1,14.11,38.54
2026-01-03 05:00:00+00:00,14.03,14.03,14.02,14.02,2.84
2026-01-03 06:00:00+00:00,14.01,14.01,13.87,13.87,159.89
2026-01-03 07:00:00+00:00,13.84,13.84,13.72,13.74,43.99
2026-01-03 08:00:00+00:00,13.73,13.88,13.73,13.85,24.65
2026-01-03 09:00:00+00:00,13.8,14.03,13.8,13.99,349.62
2026-01-03 10:00:00+00:00,13.95,14.0,13.94,13.99,24.79
2026-01-03 11:00:00+00:00,13.96,13.98,13.96,13.96,160.02
2026-01-03 12:00:00+00:00,14.03,14.4,14.03,14.18,61.16
2026-01-03 13:00:00+00:00,14.14,14.14,14.09,14.09,19.22
2026-01-03 14:00:00+00:00,14.09,14.09,13.98,14.0,56.85
2026-01-03 15:00:00+00:00,13.93,13.93,13.93,13.93,1.22
2026-01-03 16:00:00+00:00,13.84,13.88,13.82,13.88,4.28
2026-01-03 17:00:00+00:00,13.88,13.88,13.88,13.88,0.0
2026-01-03 18:00:00+00:00,13.91,13.91,13.86,13.86,91.14
2026-01-03 19:00:00+00:00,13.91,13.91,13.85,13.85,2.47
2026-01-03 20:00:00+00:00,13.87,13.87,13.87,13.87,0.72
2026-01-03 21:00:00+00:00,13.93,13.93,13.93,13.93,0.87
2026-01-03 22:00:00+00:00,13.93,13.93,13.93,13.93,0.0
2026-01-03 23:00:00+00:00,13.95,14.02,13.95,14.02,8.94
2026-01-04 00:00:00+00:00,14.03,14.03,14.03,14.03,10.82
2026-01-04 01:00:00+00:00,14.03,14.05,13.95,13.95,10.71
2026-01-04 02:00:00+00:00,13.95,13.95,13.95,13.95,0.0
2026-01-04 03:00:00+00:00,13.96,14.05,13.96,14.01,54.55
2026-01-04 04:00:00+00:00,14.01,14.07,14.01,14.01,8.34
2026-01-04 05:00:00+00:00,14.01,14.01,14.0,14.0,4.09
2026-01-04 06:00:00+00:00,14.08,14.11,14.02,14.02,55.97
2026-01-04 07:00:00+00:00,14.05,14.05,14.05,14.05,1.99
2026-01-04 08:00:00+00:00,14.05,14.05,14.05,14.05,0.66
2026-01-04 09:00:00+00:00,14.04,14.04,14.04,14.04,3.87
2026-01-04 10:00:00+00:00,14.01,14.01,14.01,14.01,51.0
2026-01-04 11:00:00+00:00,14.02,14.06,14.02,14.06,28.48
2026-01-04 12:00:00+00:00,14.11,14.11,14.11,14.11,0.83
2026-01-04 13:00:00+00:00,14.07,14.07,14.03,14.03,20.0
2026-01-04 14:00:00+00:00,14.03,14.03,14.03,14.03,0.0
2026-01-04 15:00:00+00:00,14.14,14.16,14.06,14.06,1.11
2026-01-04 16:00:00+00:00,14.2,14.25,14.2,14.25,2.3
2026-01-04 17:00:00+00:00,14.26,14.28,14.22,14.25,85.14
2026-01-04 18:00:00+00:00,14.2,14.2,14.14,14.14,9.1
2026-01-04 19:00:00+00:00,14.13,14.13,14.03,14.1,13.28
2026-01-04 20:00:00+00:00,14.1,14.1,14.1,14.1,0.0
2026-01-04 21:00:00+00:00,14.3,14.48,14.3,14.32,254.1
2026-01-04 22:00:00+00:00,14.39,14.39,14.39,14.39,3.08
2026-01-04 23:00:00+00:00,14.39,14.39,14.24,14.26,60.52
2026-01-05 00:00:00+00:00,14.27,14.3,14.22,14.26,52.04
2026-01-05 01:00:00+00:00,14.47,14.48,14.47,14.47,2.58
2026-01-05 02:00:00+00:00,14.43,14.44,14.36,14.4,95.57
2026-01-05 03:00:00+00:00,14.42,14.42,14.42,14.42,3.7
2026-01-05 04:00:00+00:00,14.33,14.33,14.14,14.16,53.94
2026-01-05 05:00:00+00:00,14.16,14.16,14.16,14.16,0.0
2026-01-05 06:00:00+00:00,14.16,14.16,14.16,14.16,7.79
2026-01-05 07:00:00+00:00,14.27,14.27,14.25,14.25,206.11
2026-01-05 08:00:00+00:00,14.31,14.35,14.31,14.34,40.27
2026-01-05 09:00:00+00:00,14.34,14.34,14.34,14.34,0.0
2026-01-05 10:00:00+00:00,14.25,14.25,14.24,14.24,3.59
2026-01-05 11:00:00+00:00,14.24,14.24,14.24,14.24,0.0
2026-01-05 12:00:00+00:00,14.24,14.24,14.24,14.24,0.0
2026-01-05 13:00:00+00:00,14.16,14.16,14.09,14.09,22.77
2026-01-05 14:00:00+00:00,14.06,14.18,14.06,14.18,3.97
2026-01-05 15:00:00+00:00,14.2,14.26,14.17,14.22,245.41
2026-01-05 16:00:00+00:00,14.09,14.09,14.09,14.09,2.19
2026-01-05 17:00:00+00:00,14.01,14.19,14.0,14.19,211.11
2026-01-05 18:00:00+00:00,14.2,14.27,14.19,14.27,77.56
2026-01-05 19:00:00+00:00,14.31,14.32,14.3,14.32,2.14
2026-01-05 20:00:00+00:00,14.4,14.4,14.4,14.4,76.77
2026-01-05 21:00:00+00:00,14.38,14.5,14.36,14.43,209.5
2026-01-05 22:00:00+00:00,14.51,14.73,14.39,14.57,29.56
2026-01-05 23:00:00+00:00,14.56,14.56,14.44,14.46,12.42
2026-01-06 00:00:00+00:00,14.49,14.49,14.36,14.43,158.63
2026-01-06 01:00:00+00:00,14.57,14.72,14.54,14.55,40.35
2026-01-06 02:00:00+00:00,14.36,14.36,14.29,14.29,25.45
2026-01-06 03:00:00+00:00,14.36,14.42,14.36,14.42,35.51
2026-01-06 04:00:00+00:00,14.44,14.47,14.44,14.47,2.35
2026-01-06 05:00:00+00:00,14.44,14.44,14.44,14.44,2.27
2026-01-06 06:00:00+00:00,14.38,14.86,14.35,14.56,884.04
2026-01-06 07:00:00+00:00,14.56,14.56,14.36,14.39,128.65
2026-01-06 08:00:00+00:00,14.34,14.34,14.28,14.31,64.44
2026-01-06 09:00:00+00:00,14.3,14.43,14.3,14.41,32.0
2026-01-06 10:00:00+00:00,14.48,14.5,14.48,14.5,51.08
2026-01-06 11:00:00+00:00,14.51,14.52,14.51,14.52,0.82
2026-01-06 12:00:00+00:00,14.53,14.62,14.52,14.59,157.53
2026-01-06 13:00:00+00:00,14.64,14.68,14.64,14.65,57.77
2026-01-06 14:00:00+00:00,14.7,14.83,14.56,14.65,438.78
2026-01-06 15:00:00+00:00,14.65,14.65,14.44,14.53,28.17
2026-01-06 16:00:00+00:00,14.56,14.56,14.45,14.48,631.89
2026-01-06 17:00:00+00:00,14.38,14.4,14.34,14.34,10.22
2026-01-06 18:00:00+00:00,14.3,14.55,14.29,14.5,79.33
2026-01-06 19:00:00+00:00,14.51,14.51,14.51,14.51,0.58
2026-01-06 20:00:00+00:00,14.52,14.52,14.52,14.52,9.17
2026-01-06 21:00:00+00:00,14.6,14.76,14.54,14.54,122.78
2026-01-06 22:00:00+00:00,14.57,14.58,14.49,14.53,57.98
2026-01-06 23:00:00+00:00,14.53,14.62,14.53,14.62,194.13
2026-01-07 00:00:00+00:00,14.62,14.62,14.62,14.62,0.0
2026-01-07 01:00:00+00:00,14.47,14.52,14.47,14.52,4.11
2026-01-07 02:00:00+00:00,14.5,14.5,14.5,14.5,0.22
2026-01-07 03:00:00+00:00,14.52,14.52,14.48,14.48,93.31
2026-01-07 04:00:00+00:00,14.5,14.53,14.47,14.47,210.72
2026-01-07 05:00:00+00:00,14.47,14.49,14.47,14.49,21.81
2026-01-07 06:00:00+00:00,14.47,14.47,14.47,14.47,2.07
2026-01-07 07:00:00+00:00,14.47,14.47,14.47,14.47,0.0
2026-01-07 08:00:00+00:00,14.54,14.54,14.53,14.54,9.71
2026-01-07 09:00:00+00:00,14.49,14.49,14.45,14.45,69.71
2026-01-07 10:00:00+00:00,14.45,14.45,14.45,14.45,0.0
2026-01-07 11:00:00+00:00,14.45,14.45,14.45,14.45,0.0
2026-01-07 12:00:00+00:00,14.46,14.46,14.39,14.39,2.81
2026-01-07 13:00:00+00:00,14.38,14.39,14.3,14.34,111.65
2026-01-07 14:00:00+00:00,14.22,14.24,14.05,14.22,207.48
2026-01-07 15:00:00+00:00,14.24,14.25,13.94,14.03,140.3
2026-01-07 16:00:00+00:00,14.0,14.0,13.89,13.89,3.52
2026-01-07 17:00:00+00:00,14.01,14.08,14.01,14.08,7.14
2026-01-07 18:00:00+00:00,14.05,14.05,14.05,14.05,0.47
2026-01-07 19:00:00+00:00,14.05,14.08,14.05,14.08,67.9
2026-01-07 20:00:00+00:00,14.1,14.1,14.07,14.07,44.89
2026-01-07 21:00:00+00:00,14.07,14.08,14.07,14.07,39.68
2026-01-07 22:00:00+00:00,14.03,14.03,14.03,14.03,2.0
2026-01-07 23:00:00+00:00,14.04,14.15,14.04,14.13,28.23
2026-01-08 00:00:00+00:00,14.09,14.09,14.09,14.09,1.12
2026-01-08 01:00:00+00:00,14.16,14.19,14.16,14.19,66.31
2026-01-08 02:00:00+00:00,14.2,14.2,14.2,14.2,1.18
2026-01-08 03:00:00+00:00,14.2,14.2,14.02,14.05,14.51
2026-01-08 04:00:00+00:00,14.01,14.03,14.01,14.03,2.62
2026-01-08 05:00:00+00:00,14.13,14.13,14.1,14.1,1.99
2026-01-08 06:00:00+00:00,14.01,14.01,13.82,13.82,39.3
2026-01-08 07:00:00+00:00,13.8,13.87,13.72,13.72,44.41
2026-01-08 08:00:00+00:00,13.95,13.95,13.88,13.88,21.94
2026-01-08 09:00:00+00:00,13.9,13.9,13.81,13.81,40.4
2026-01-08 10:00:00+00:00,13.74,13.96,13.74,13.96,15.61
2026-01-08 11:00:00+00:00,13.94,13.94,13.92,13.94,2.56
2026-01-08 12:00:00+00:00,13.94,13.94,13.94,13.94,0.0
2026-01-08 13:00:00+00:00,13.8,13.8,13.76,13.76,16.04
2026-01-08 14:00:00+00:00,13.67,13.67,13.61,13.61,7.08
2026-01-08 15:00:00+00:00,13.93,13.97,13.86,13.94,62.84
2026-01-08 16:00:00+00:00,13.94,13.96,13.94,13.96,2.0
2026-01-08 17:00:00+00:00,13.99,14.03,13.97,14.03,104.15
2026-01-08 18:00:00+00:00,13.98,13.98,13.98,13.98,1.95
2026-01-08 19:00:00+00:00,13.87,13.94,13.87,13.87,2.67
2026-01-08 20:00:00+00:00,13.87,13.87,13.87,13.87,0.0
2026-01-08 21:00:00+00:00,13.87,13.87,13.87,13.87,1.39
2026-01-08 22:00:00+00:00,13.96,13.96,13.96,13.96,1.67
2026-01-08 23:00:00+00:00,13.96,13.96,13.96,13.96,0.0
2026-01-09 00:00:00+00:00,13.92,13.92,13.92,13.92,1.67
2026-01-09 01:00:00+00:00,13.91,13.91,13.89,13.89,13.96
2026-01-09 02:00:00+00:00,13.95,13.95,13.95,13.95,4.66
2026-01-09 03:00:00+00:00,13.9,13.95,13.9,13.95,13.49
2026-01-09 04:00:00+00:00,13.98,13.98,13.98,13.98,3.57
2026-01-09 05:00:00+00:00,13.99,13.99,13.91,13.91,4.19
2026-01-09 06:00:00+00:00,14.0,14.0,13.99,13.99,2.43
2026-01-09 07:00:00+00:00,14.01,14.01,13.99,13.99,20.56
2026-01-09 08:00:00+00:00,13.82,13.82,13.66,13.66,12.57
2026-01-09 09:00:00+00:00,13.82,13.87,13.82,13.87,4.51
2026-01-09 10:00:00+00:00,13.77,13.79,13.77,13.79,21.53
2026-01-09 11:00:00+00:00,13.8,13.8,13.78,13.78,15.74
2026-01-09 12:00:00+00:00,13.72,13.75,13.72,13.75,2.24
2026-01-09 13:00:00+00:00,13.8,13.8,13.8,13.8,26.59
2026-01-09 14:00:00+00:00,13.8,13.8,13.8,13.8,0.0
2026-01-09 15:00:00+00:00,13.95,14.15,13.95,14.0,33.3
2026-01-09 16:00:00+00:00,14.0,14.0,14.0,14.0,0.0
2026-01-09 17:00:00+00:00,14.03,14.03,14.03,14.03,1.0
2026-01-09 18:00:00+00:00,13.86,13.86,13.79,13.79,3.93
2026-01-09 19:00:00+00:00,13.8,13.8,13.72,13.72,22.02
2026-01-09 20:00:00+00:00,13.72,13.72,13.72,13.72,0.0
2026-01-09 21:00:00+00:00,13.72,13.72,13.72,13.72,0.0
2026-01-09 22:00:00+00:00,13.72,13.72,13.72,13.72,0.0
2026-01-09 23:00:00+00:00,13.84,13.84,13.81,13.81,39.37
2026-01-10 00:00:00+00:00,13.75,13.75,13.75,13.75,63.73
2026-01-10 01:00:00+00:00,13.75,13.75,13.75,13.75,0.0
2026-01-10 02:00:00+00:00,13.75,13.75,13.75,13.75,0.0
2026-01-10 03:00:00+00:00,13.68,13.68,13.66,13.66,14.65
2026-01-10 04:00:00+00:00,13.67,13.67,13.67,13.67,0.36
2026-01-10 05:00:00+00:00,13.7,13.7,13.7,13.7,3.84
2026-01-10 06:00:00+00:00,13.72,13.72,13.72,13.72,150.37
2026-01-10 07:00:00+00:00,13.72,13.72,13.72,13.72,0.0
2026-01-10 08:00:00+00:00,13.79,13.79,13.79,13.79,2.18
2026-01-10 09:00:00+00:00,13.81,13.84,13.81,13.84,6.56
2026-01-10 10:00:00+00:00,13.86,13.86,13.86,13.86,7.35
2026-01-10 11:00:00+00:00,13.86,13.86,13.86,13.86,0.0
2026-01-10 12:00:00+00:00,13.83,13.83,13.83,13.83,2.17
2026-01-10 13:00:00+00:00,13.87,13.88,13.87,13.88,0.65
2026-01-10 14:00:00+00:00,13.82,13.82,13.82,13.82,1.46
2026-01-10 15:00:00+00:00,13.82,13.82,13.82,13.82,10.78
2026-01-10 16:00:00+00:00,13.82,13.82,13.82,13.82,0.0
2026-01-10 17:00:00+00:00,13.82,13.82,13.82,13.82,0.0
2026-01-10 18:00:00+00:00,13.88,13.88,13.84,13.84,2.95
2026-01-10 19:00:00+00:00,13.86,13.88,13.86,13.88,4.84
2026-01-10 20:00:00+00:00,13.89,13.9,13.86,13.86,2.93
2026-01-10 21:00:00+00:00,13.82,13.82,13.8,13.8,3.69
2026-01-10 22:00:00+00:00,13.75,13.78,13.75,13.78,0.51
2026-01-10 23:00:00+00:00,13.78,13.78,13.78,13.78,0.0
2026-01-11 00:00:00+00:00,13.73,13.73,13.73,13.73,0.45
2026-01-11 01:00:00+00:00,13.76,13.76,13.76,13.76,0.72
2026-01-11 02:00:00+00:00,13.72,13.72,13.69,13.69,0.42
2026-01-11 03:00:00+00:00,13.73,13.73,13.73,13.73,5.8
2026-01-11 04:00:00+00:00,13.73,13.73,13.73,13.73,0.0
2026-01-11 05:00:00+00:00,13.73,13.73,13.73,13.73,0.0
2026-01-11 06:00:00+00:00,13.73,13.73,13.73,13.73,0.0
2026-01-11 07:00:00+00:00,13.79,13.79,13.79,13.79,1.31
2026-01-11 08:00:00+00:00,13.79,13.79,13.79,13.79,0.0
2026-01-11 09:00:00+00:00,13.82,13.84,13.82,13.82,38.67
2026-01-11 10:00:00+00:00,13.82,13.82,13.82,13.82,0.0
2026-01-11 11:00:00+00:00,13.82,13.82,13.82,13.82,0.76
2026-01-11 12:00:00+00:00,13.85,13.85,13.85,13.85,0.25
2026-01-11 13:00:00+00:00,13.85,13.85,13.85,13.85,0.0
2026-01-11 14:00:00+00:00,13.87,13.87,13.87,13.87,13.0
2026-01-11 15:00:00+00:00,13.96,13.96,13.9,13.91,24.53
2026-01-11 16:00:00+00:00,13.86,13.99,13.84,13.96,269.33
2026-01-11 17:00:00+00:00,13.97,13.97,13.93,13.97,53.71
2026-01-11 18:00:00+00:00,13.93,13.93,13.91,13.91,20.23
2026-01-11 19:00:00+00:00,13.88,13.89,13.88,13.89,26.0
2026-01-11 20:00:00+00:00,13.85,13.85,13.66,13.74,196.97
2026-01-11 21:00:00+00:00,13.74,13.74,13.64,13.71,9.01
2026-01-11 22:00:00+00:00,13.71,13.71,13.66,13.68,6.13
2026-01-11 23:00:00+00:00,13.59,13.59,13.55,13.56,11.69
2026-01-12 00:00:00+00:00,13.7,13.79,13.7,13.72,27.42
2026-01-12 01:00:00+00:00,13.79,13.91,13.79,13.88,96.43
2026-01-12 02:00:00+00:00,13.91,14.05,13.91,14.05,20.14
2026-01-12 03:00:00+00:00,14.09,14.23,14.06,14.06,16.99
2026-01-12 04:00:00+00:00,14.02,14.03,14.02,14.02,154.5
2026-01-12 05:00:00+00:00,14.04,14.05,14.04,14.05,6.78
2026-01-12 06:00:00+00:00,13.98,14.0,13.95,13.98,7.71
2026-01-12 07:00:00+00:00,13.94,13.94,13.79,13.79,28.76
2026-01-12 08:00:00+00:00,13.72,13.72,13.58,13.58,3.85
2026-01-12 09:00:00+00:00,13.61,13.65,13.61,13.65,3.59
2026-01-12 10:00:00+00:00,13.65,13.65,13.65,13.65,0.0
2026-01-12 11:00:00+00:00,13.69,13.69,13.69,13.69,0.11
2026-01-12 12:00:00+00:00,13.68,13.71,13.68,13.71,31.73
2026-01-12 13:00:00+00:00,13.57,13.62,13.57,13.62,3.77
2026-01-12 14:00:00+00:00,13.49,13.71,13.49,13.71,41.0
2026-01-12 15:00:00+00:00,13.77,13.89,13.77,13.89,40.54
2026-01-12 16:00:00+00:00,13.89,13.93,13.85,13.85,64.79
2026-01-12 17:00:00+00:00,13.73,13.73,13.73,13.73,3.15
2026-01-12 18:00:00+00:00,13.74,13.74,13.73,13.73,16.53
2026-01-12 19:00:00+00:00,13.73,13.73,13.73,13.73,0.0
2026-01-12 20:00:00+00:00,13.75,13.75,13.75,13.75,2.18
2026-01-12 21:00:00+00:00,13.61,13.61,13.58,13.58,4.36
2026-01-12 22:00:00+00:00,13.57,13.57,13.57,13.57,5.23
2026-01-12 23:00:00+00:00,13.55,13.55,13.55,13.55,1151.19
2026-01-13 00:00:00+00:00,13.54,13.54,13.54,13.54,19.21
2026-01-13 01:00:00+00:00,13.55,13.55,13.49,13.49,36.15
2026-01-13 02:00:00+00:00,13.58,13.58,13.58,13.58,1.3
2026-01-13 03:00:00+00:00,13.57,13.57,13.57,13.57,3.68
2026-01-13 04:00:00+00:00,13.66,13.66,13.66,13.66,36.55
2026-01-13 05:00:00+00:00,13.73,13.73,13.73,13.73,1.97
2026-01-13 06:00:00+00:00,13.73,13.73,13.73,13.73,0.47
2026-01-13 07:00:00+00:00,13.73,13.74,13.73,13.74,143.77
2026-01-13 08:00:00+00:00,13.74,13.74,13.74,13.74,0.0
2026-01-13 09:00:00+00:00,13.83,13.84,13.8,13.8,8.43
2026-01-13 10:00:00+00:00,13.8,13.8,13.8,13.8,0.0
2026-01-13 11:00:00+00:00,13.8,13.8,13.8,13.8,0.0
2026-01-13 12:00:00+00:00,13.74,13.74,13.74,13.74,0.24
2026-01-13 13:00:00+00:00,13.87,13.9,13.87,13.88,32.99
2026-01-13 14:00:00+00:00,13.9,14.08,13.9,14.08,150.35
2026-01-13 15:00:00+00:00,13.97,14.34,13.97,14.25,242.04
2026-01-13 16:00:00+00:00,14.38,14.56,14.37,14.52,91.44
2026-01-13 17:00:00+00:00,14.53,14.53,14.5,14.5,8.98
2026-01-13 18:00:00+00:00,14.52,14.52,14.51,14.51,5.26
2026-01-13 19:00:00+00:00,14.53,14.55,14.49,14.55,215.15
2026-01-13 20:00:00+00:00,14.55,14.56,14.47,14.47,76.79
2026-01-13 21:00:00+00:00,14.47,14.47,14.47,14.47,0.0
2026-01-13 22:00:00+00:00,14.54,14.83,14.54,14.73,93.01
2026-01-13 23:00:00+00:00,14.8,14.83,14.69,14.74,458.96
2026-01-14 00:00:00+00:00,14.73,14.76,14.73,14.76,16.45
2026-01-14 01:00:00+00:00,14.77,14.77,14.73,14.74,84.6
2026-01-14 02:00:00+00:00,14.74,14.77,14.74,14.77,33.83
2026-01-14 03:00:00+00:00,14.74,14.74,14.74,14.74,8.39
2026-01-14 04:00:00+00:00,14.74,14.74,14.74,14.74,0.0
2026-01-14 05:00:00+00:00,14.74,14.74,14.74,14.74,1.7
2026-01-14 06:00:00+00:00,14.74,14.74,14.74,14.74,0.0
2026-01-14 07:00:00+00:00,14.74,14.74,14.74,14.74,0.0
2026-01-14 08:00:00+00:00,14.7,14.7,14.7,14.7,0.67
2026-01-14 09:00:00+00:00,14.68,14.68,14.68,14.68,2.66
2026-01-14 10:00:00+00:00,14.68,14.68,14.68,14.68,0.0
2026-01-14 11:00:00+00:00,14.56,14.56,14.51,14.51,98.08
2026-01-14 12:00:00+00:00,14.54,14.54,14.54,14.54,34.63
2026-01-14 13:00:00+00:00,14.55,14.55,14.44,14.44,21.14
2026-01-14 14:00:00+00:00,14.45,14.7,14.45,14.7,79.33
2026-01-14 15:00:00+00:00,14.74,14.74,14.72,14.72,3.13
2026-01-14 16:00:00+00:00,14.77,14.94,14.77,14.85,75.05
2026-01-14 17:00:00+00:00,14.82,14.85,14.64,14.64,141.48
2026-01-14 18:00:00+00:00,14.6,14.6,14.44,14.54,40.52
2026-01-14 19:00:00+00:00,14.55,14.75,14.55,14.66,35.19
2026-01-14 20:00:00+00:00,14.66,14.66,14.66,14.66,0.0
2026-01-14 21:00:00+00:00,14.65,14.67,14.64,14.67,34.36
2026-01-14 22:00:00+00:00,14.63,14.64,14.58,14.58,122.6
2026-01-14 23:00:00+00:00,14.64,14.64,14.64,14.64,3.42
2026-01-15 00:00:00+00:00,14.64,14.64,14.64,14.64,0.0
2026-01-15 01:00:00+00:00,14.5,14.5,14.46,14.46,59.42
2026-01-15 02:00:00+00:00,14.5,14.5,14.32,14.32,25.03
2026-01-15 03:00:00+00:00,14.32,14.34,14.14,14.14,92.78
2026-01-15 04:00:00+00:00,14.24,14.26,14.24,14.26,20.36
2026-01-15 05:00:00+00:00,14.29,14.29,14.29,14.29,1.74
2026-01-15 06:00:00+00:00,14.29,14.29,14.29,14.29,0.0
2026-01-15 07:00:00+00:00,14.29,14.29,14.29,14.29,100.0
2026-01-15 08:00:00+00:00,14.32,14.38,14.32,14.38,10.29
2026-01-15 09:00:00+00:00,14.36,14.43,14.36,14.43,18.95
2026-01-15 10:00:00+00:00,14.43,14.43,14.43,14.43,0.0
2026-01-15 11:00:00+00:00,14.4,14.4,14.33,14.33,29.96
2026-01-15 12:00:00+00:00,14.31,14.31,14.31,14.31,6.89
2026-01-15 13:00:00+00:00,14.31,14.31,14.31,14.31,0.0
2026-01-15 14:00:00+00:00,14.39,14.39,14.17,14.19,31.81
2026-01-15 15:00:00+00:00,14.19,14.19,13.84,13.87,204.78
2026-01-15 16:00:00+00:00,14.06,14.07,13.92,14.04,32.39
2026-01-15 17:00:00+00:00,13.97,14.06,13.97,14.06,6.77
2026-01-15 18:00:00+00:00,13.9,13.9,13.75,13.77,54.27
2026-01-15 19:00:00+00:00,13.72,13.75,13.65,13.69,126.93
2026-01-15 20:00:00+00:00,13.74,13.74,13.64,13.64,29.2
2026-01-15 21:00:00+00:00,13.72,13.73,13.72,13.73,1.71
2026-01-15 22:00:00+00:00,13.77,13.77,13.77,13.77,1.44
2026-01-15 23:00:00+00:00,13.77,13.77,13.77,13.77,0.0
2026-01-16 00:00:00+00:00,13.81,13.83,13.81,13.83,32.07
2026-01-16 01:00:00+00:00,13.83,13.83,13.83,13.83,0.0
2026-01-16 02:00:00+00:00,13.74,13.79,13.72,13.79,29.47
2026-01-16 03:00:00+00:00,13.86,13.87,13.77,13.77,57.47
2026-01-16 04:00:00+00:00,13.73,13.8,13.73,13.76,77.13
2026-01-16 05:00:00+00:00,13.75,13.76,13.75,13.76,11.76
2026-01-16 06:00:00+00:00,13.81,13.81,13.81,13.81,0.29
2026-01-16 07:00:00+00:00,13.8,13.8,13.8,13.8,0.15
2026-01-16 08:00:00+00:00,13.8,13.8,13.8,13.8,0.0
2026-01-16 09:00:00+00:00,13.79,13.79,13.78,13.78,8.9
2026-01-16 10:00:00+00:00,13.78,13.78,13.78,13.78,0.0
2026-01-16 11:00:00+00:00,13.77,13.77,13.77,13.77,2.0
2026-01-16 12:00:00+00:00,13.77,13.77,13.77,13.77,3.6
2026-01-16 13:00:00+00:00,13.77,13.78,13.77,13.78,14.49
2026-01-16 14:00:00+00:00,13.79,13.79,13.79,13.79,13.18
2026-01-16 15:00:00+00:00,13.69,13.69,13.36,13.36,127.04
2026-01-16 16:00:00+00:00,13.36,13.36,13.25,13.31,162.27
2026-01-16 17:00:00+00:00,13.39,13.39,13.39,13.39,0.74
2026-01-16 18:00:00+00:00,13.39,13.39,13.39,13.39,0.0
2026-01-16 19:00:00+00:00,13.39,13.39,13.39,13.39,0.0
2026-01-16 20:00:00+00:00,13.33,13.58,13.33,13.57,3.67
2026-01-16 21:00:00+00:00,13.57,13.57,13.57,13.57,0.0
2026-01-16 22:00:00+00:00,13.65,13.65,13.59,13.62,486.12
2026-01-16 23:00:00+00:00,13.62,13.62,13.62,13.62,0.0
2026-01-17 00:00:00+00:00,13.62,13.62,13.62,13.62,0.0
2026-01-17 01:00:00+00:00,13.61,13.61,13.61,13.61,2.01
2026-01-17 02:00:00+00:00,13.61,13.61,13.61,13.61,0.0
2026-01-17 03:00:00+00:00,13.56,13.56,13.56,13.56,3.68
2026-01-17 04:00:00+00:00,13.57,13.57,13.56,13.56,1.84
2026-01-17 05:00:00+00:00,13.59,13.59,13.59,13.59,1.84
2026-01-17 06:00:00+00:00,13.59,13.59,13.59,13.59,0.28
2026-01-17 07:00:00+00:00,13.59,13.59,13.59,13.59,0.0
2026-01-17 08:00:00+00:00,13.67,13.67,13.67,13.67,1.31
2026-01-17 09:00:00+00:00,13.65,13.68,13.65,13.68,31.85
2026-01-17 10:00:00+00:00,13.68,13.68,13.68,13.68,0.0
2026-01-17 11:00:00+00:00,13.68,13.68,13.68,13.68,0.0
2026-01-17 12:00:00+00:00,13.7,13.7,13.7,13.7,1.15
2026-01-17 13:00:00+00:00,13.7,13.76,13.7,13.76,3.45
2026-01-17 14:00:00+00:00,13.83,13.93,13.81,13.93,7.61
2026-01-17 15:00:00+00:00,13.87,13.87,13.87,13.87,2.15
2026-01-17 16:00:00+00:00,13.88,13.88,13.76,13.76,83.41
2026-01-17 17:00:00+00:00,13.8,13.8,13.79,13.79,2.17
2026-01-17 18:00:00+00:00,13.8,13.8,13.8,13.8,1.08
2026-01-17 19:00:00+00:00,13.81,13.81,13.81,13.81,17.5
2026-01-17 20:00:00+00:00,13.84,13.84,13.84,13.84,0.72
2026-01-17 21:00:00+00:00,13.84,13.84,13.84,13.84,0.0
2026-01-17 22:00:00+00:00,13.81,13.81,13.75,13.75,152.29
2026-01-17 23:00:00+00:00,13.74,13.74,13.74,13.74,2.18
2026-01-18 00:00:00+00:00,13.74,13.74,13.74,13.74,0.0
2026-01-18 01:00:00+00:00,13.76,13.76,13.7,13.7,3.74
2026-01-18 02:00:00+00:00,13.69,13.69,13.69,13.69,0.72
2026-01-18 03:00:00+00:00,13.67,13.72,13.67,13.72,4.57
2026-01-18 04:00:00+00:00,13.68,13.68,13.68,13.68,0.08
2026-01-18 05:00:00+00:00,13.68,13.68,13.66,13.66,2.0
2026-01-18 06:00:00+00:00,13.66,13.68,13.66,13.68,2.9
2026-01-18 07:00:00+00:00,13.62,13.62,13.62,13.62,15.23
2026-01-18 08:00:00+00:00,13.63,13.63,13.63,13.63,0.73
2026-01-18 09:00:00+00:00,13.65,15.42,13.62,13.67,978.4
2026-01-18 10:00:00+00:00,13.67,13.67,13.63,13.63,13.58
2026-01-18 11:00:00+00:00,13.61,13.62,13.6,13.62,43.42
2026-01-18 12:00:00+00:00,13.58,13.58,13.58,13.58,2.63
2026-01-18 13:00:00+00:00,13.58,13.58,13.58,13.58,0.0
2026-01-18 14:00:00+00:00,13.58,13.58,13.58,13.58,0.0
2026-01-18 15:00:00+00:00,13.54,13.54,13.51,13.51,1.65
2026-01-18 16:00:00+00:00,13.63,13.63,13.62,13.63,13.16
2026-01-18 17:00:00+00:00,13.61,13.68,13.58,13.58,206.6
2026-01-18 18:00:00+00:00,13.61,13.74,13.6,13.74,103.16
2026-01-18 19:00:00+00:00,13.71,13.71,13.71,13.71,21.71
2026-01-18 20:00:00+00:00,13.73,13.73,13.73,13.73,57.9
2026-01-18 21:00:00+00:00,13.71,13.71,13.71,13.71,7.0
2026-01-18 22:00:00+00:00,13.75,13.77,13.75,13.77,3.41
2026-01-18 23:00:00+00:00,13.73,13.73,12.97,12.97,348.6
2026-01-19 00:00:00+00:00,12.97,12.97,12.35,12.55,1146.19
2026-01-19 01:00:00+00:00,12.53,12.67,12.53,12.6,142.28
2026-01-19 02:00:00+00:00,12.71,12.71,12.71,12.71,0.71
2026-01-19 03:00:00+00:00,12.67,12.67,12.67,12.67,12.27
2026-01-19 04:00:00+00:00,12.67,12.67,12.65,12.65,16.65
2026-01-19 05:00:00+00:00,12.65,12.66,12.62,12.64,331.13
2026-01-19 06:00:00+00:00,12.61,12.61,12.57,12.57,32.26
2026-01-19 07:00:00+00:00,12.63,12.63,12.63,12.63,4.69
2026-01-19 08:00:00+00:00,12.78,12.84,12.78,12.8,13.54
2026-01-19 09:00:00+00:00,12.78,12.83,12.78,12.78,2.72
2026-01-19 10:00:00+00:00,12.76,12.76,12.76,12.76,0.27
2026-01-19 11:00:00+00:00,12.71,12.75,12.71,12.75,10.64
2026-01-19 12:00:00+00:00,12.75,12.75,12.75,12.75,0.0
2026-01-19 13:00:00+00:00,12.75,12.75,12.75,12.75,0.0
2026-01-19 14:00:00+00:00,12.75,12.75,12.72,12.73,182.99
2026-01-19 15:00:00+00:00,12.79,12.79,12.79,12.79,0.23
2026-01-19 16:00:00+00:00,12.79,12.79,12.79,12.79,0.0
2026-01-19 17:00:00+00:00,12.66,12.66,12.66,12.66,1.82
2026-01-19 18:00:00+00:00,12.78,12.78,12.78,12.78,0.23
2026-01-19 19:00:00+00:00,12.82,13.0,12.8,12.83,654.2
2026-01-19 20:00:00+00:00,12.84,12.86,12.84,12.85,135.05
2026-01-19 21:00:00+00:00,12.82,12.82,12.82,12.82,0.78
2026-01-19 22:00:00+00:00,12.77,12.77,12.67,12.67,36.82
2026-01-19 23:00:00+00:00,12.66,12.66,12.65,12.65,511.84
2026-01-20 00:00:00+00:00,12.71,12.71,12.71,12.71,2.36
2026-01-20 01:00:00+00:00,12.75,12.77,12.7,12.77,34.87
2026-01-20 02:00:00+00:00,12.68,12.7,12.64,12.7,25.58
2026-01-20 03:00:00+00:00,12.7,12.7,12.7,12.7,0.0
2026-01-20 04:00:00+00:00,12.71,12.71,12.71,12.71,0.24
2026-01-20 05:00:00+00:00,12.74,13.0,12.71,12.77,505.16
2026-01-20 06:00:00+00:00,12.76,12.76,12.57,12.67,235.4
2026-01-20 07:00:00+00:00,12.62,12.62,12.62,12.62,24.92
2026-01-20 08:00:00+00:00,12.53,12.53,12.47,12.47,34.83
2026-01-20 09:00:00+00:00,12.51,12.54,12.51,12.54,6.0
2026-01-20 10:00:00+00:00,12.52,12.52,12.52,12.52,10.83
2026-01-20 11:00:00+00:00,12.52,12.52,12.52,12.52,0.0
2026-01-20 12:00:00+00:00,12.52,12.52,12.52,12.52,0.0
2026-01-20 13:00:00+00:00,12.4,12.4,12.35,12.35,135.51
2026-01-20 14:00:00+00:00,12.44,12.44,12.44,12.44,7.72
2026-01-20 15:00:00+00:00,12.44,12.44,12.44,12.44,3.98
2026-01-20 16:00:00+00:00,12.34,12.34,12.19,12.19,41.37
2026-01-20 17:00:00+00:00,12.18,12.19,12.09,12.11,129.68
2026-01-20 18:00:00+00:00,12.17,12.17,12.12,12.14,4.51
2026-01-20 19:00:00+00:00,12.19,12.21,12.18,12.18,36.91
2026-01-20 20:00:00+00:00,12.23,12.29,12.23,12.29,27.45
2026-01-20 21:00:00+00:00,12.28,12.29,12.28,12.29,60.96
2026-01-20 22:00:00+00:00,12.34,12.34,12.03,12.16,98.28
2026-01-20 23:00:00+00:00,12.12,12.14,12.1,12.1,37.3
2026-01-21 00:00:00+00:00,12.12,12.22,12.12,12.22,13.25
2026-01-21 01:00:00+00:00,12.26,12.29,12.26,12.29,6.68
2026-01-21 02:00:00+00:00,12.32,12.32,12.3,12.3,0.95
2026-01-21 03:00:00+00:00,12.3,12.3,12.3,12.3,0.0
2026-01-21 04:00:00+00:00,12.29,12.29,12.29,12.29,1.0
2026-01-21 05:00:00+00:00,12.31,12.36,12.31,12.36,4.19
2026-01-21 06:00:00+00:00,12.31,12.32,12.31,12.32,0.62
2026-01-21 07:00:00+00:00,12.25,12.25,12.25,12.25,0.99
2026-01-21 08:00:00+00:00,12.24,12.24,12.17,12.21,375.61
2026-01-21 09:00:00+00:00,12.24,14.02,12.22,12.25,1180.66
2026-01-21 10:00:00+00:00,12.26,12.3,12.26,12.26,33.37
2026-01-21 11:00:00+00:00,12.23,12.23,12.14,12.14,9.3
2026-01-21 12:00:00+00:00,12.13,12.13,12.01,12.05,126.92
2026-01-21 13:00:00+00:00,12.05,12.05,12.05,12.05,0.0
2026-01-21 14:00:00+00:00,12.25,12.29,12.25,12.29,41.99
2026-01-21 15:00:00+00:00,12.3,12.41,12.3,12.37,2077.1
2026-01-21 16:00:00+00:00,12.36,12.36,11.92,11.92,132.42
2026-01-21 17:00:00+00:00,11.96,12.03,11.96,12.03,187.81
2026-01-21 18:00:00+00:00,12.01,12.15,12.0,12.15,13.73
2026-01-21 19:00:00+00:00,12.15,12.54,12.11,12.54,203.63
2026-01-21 20:00:00+00:00,12.46,12.51,12.43,12.51,73.86
2026-01-21 21:00:00+00:00,12.66,12.75,12.61,12.61,62.98
2026-01-21 22:00:00+00:00,12.66,12.66,12.65,12.65,17.96
2026-01-21 23:00:00+00:00,12.54,12.54,12.5,12.51,42.81
2026-01-22 00:00:00+00:00,12.51,12.51,12.51,12.51,0.0
2026-01-22 01:00:00+00:00,12.55,12.55,12.55,12.55,0.8
2026-01-22 02:00:00+00:00,12.55,12.55,12.55,12.55,0.0
2026-01-22 03:00:00+00:00,12.45,12.49,12.45,12.49,8.03
2026-01-22 04:00:00+00:00,12.49,12.49,12.49,12.49,0.0
2026-01-22 05:00:00+00:00,12.55,12.55,12.55,12.55,1.99
2026-01-22 06:00:00+00:00,12.49,12.51,12.49,12.51,24.84
2026-01-22 07:00:00+00:00,12.51,12.51,12.51,12.51,0.0
2026-01-22 08:00:00+00:00,12.42,12.42,12.42,12.42,1.83
2026-01-22 09:00:00+00:00,12.47,12.47,12.44,12.46,26.14
2026-01-22 10:00:00+00:00,12.46,12.46,12.46,12.46,0.0
2026-01-22 11:00:00+00:00,12.38,12.38,12.38,12.38,1.33
2026-01-22 12:00:00+00:00,12.36,12.36,12.36,12.36,6.47
2026-01-22 13:00:00+00:00,12.34,12.34,12.3,12.3,28.36
2026-01-22 14:00:00+00:00,12.26,12.26,12.16,12.18,179.64
2026-01-22 15:00:00+00:00,12.14,12.19,12.06,12.19,129.52
2026-01-22 16:00:00+00:00,12.19,12.25,12.13,12.25,95.12
2026-01-22 17:00:00+00:00,12.21,12.21,12.19,12.19,23.89
2026-01-22 18:00:00+00:00,12.16,12.17,12.12,12.12,38.92
2026-01-22 19:00:00+00:00,12.13,12.13,12.13,12.13,42.32
2026-01-22 20:00:00+00:00,12.19,12.24,12.11,12.13,5.3
2026-01-22 21:00:00+00:00,12.15,12.15,12.15,12.15,13.65
2026-01-22 22:00:00+00:00,12.19,12.19,12.16,12.16,402.31
2026-01-22 23:00:00+00:00,12.15,12.17,12.15,12.17,18.72
2026-01-23 00:00:00+00:00,12.17,12.17,12.17,12.17,0.0
2026-01-23 01:00:00+00:00,12.21,12.21,12.21,12.21,2.79
2026-01-23 02:00:00+00:00,12.21,12.21,12.21,12.21,0.0
2026-01-23 03:00:00+00:00,12.22,12.27,12.2,12.27,190.37
2026-01-23 04:00:00+00:00,12.32,12.32,12.32,12.32,4.76
2026-01-23 05:00:00+00:00,12.36,12.36,12.27,12.27,19.56
2026-01-23 06:00:00+00:00,12.33,12.33,12.27,12.27,18.87
2026-01-23 07:00:00+00:00,12.17,12.17,12.17,12.17,11.92
2026-01-23 08:00:00+00:00,12.17,12.17,12.17,12.17,0.0
2026-01-23 09:00:00+00:00,12.12,12.12,12.11,12.11,4.1
2026-01-23 10:00:00+00:00,12.11,12.11,12.11,12.11,0.0
2026-01-23 11:00:00+00:00,12.22,12.22,12.22,12.22,24.54
2026-01-23 12:00:00+00:00,12.22,12.22,12.22,12.22,0.0
2026-01-23 13:00:00+00:00,12.21,12.23,12.19,12.19,25.57
2026-01-23 14:00:00+00:00,12.07,12.07,12.01,12.01,22.89
2026-01-23 15:00:00+00:00,12.09,12.19,12.09,12.19,56.04
2026-01-23 16:00:00+00:00,12.21,12.21,12.2,12.2,42.46
2026-01-23 17:00:00+00:00,12.41,12.47,12.4,12.43,92.7
2026-01-23 18:00:00+00:00,12.41,12.41,12.37,12.37,39.94
2026-01-23 19:00:00+00:00,12.35,12.37,12.19,12.19,201.18
2026-01-23 20:00:00+00:00,12.17,12.17,12.14,12.14,3.63
2026-01-23 21:00:00+00:00,12.16,12.17,12.16,12.17,41.09
2026-01-23 22:00:00+00:00,12.17,12.17,12.17,12.17,0.0
2026-01-23 23:00:00+00:00,12.21,12.21,12.21,12.21,4.78
2026-01-24 00:00:00+00:00,12.18,12.18,12.17,12.17,3.53
2026-01-24 01:00:00+00:00,12.17,12.17,12.17,12.17,0.0
2026-01-24 02:00:00+00:00,12.17,12.18,12.17,12.17,65.87
2026-01-24 03:00:00+00:00,12.17,12.17,12.17,12.17,33.5
2026-01-24 04:00:00+00:00,12.23,12.23,12.23,12.23,0.41
2026-01-24 05:00:00+00:00,12.2,12.2,12.19,12.19,20.27
2026-01-24 06:00:00+00:00,12.19,12.19,12.19,12.19,2.46
2026-01-24 07:00:00+00:00,12.16,12.16,12.14,12.16,27.66
2026-01-24 08:00:00+00:00,12.16,12.16,12.16,12.16,0.0
2026-01-24 09:00:00+00:00,12.1,12.1,12.09,12.09,63.58
2026-01-24 10:00:00+00:00,12.09,12.09,12.09,12.09,0.0
2026-01-24 11:00:00+00:00,12.09,12.09,12.09,12.09,0.0
2026-01-24 12:00:00+00:00,12.09,12.09,12.09,12.09,0.0
2026-01-24 13:00:00+00:00,12.1,12.12,12.1,12.11,8.46
2026-01-24 14:00:00+00:00,12.09,12.09,12.09,12.09,0.62
2026-01-24 15:00:00+00:00,12.1,12.1,12.1,12.1,1.49
2026-01-24 16:00:00+00:00,12.05,12.07,12.05,12.07,598.41
2026-01-24 17:00:00+00:00,12.07,12.07,12.07,12.07,0.0
2026-01-24 18:00:00+00:00,12.09,12.09,12.05,12.05,23.15
2026-01-24 19:00:00+00:00,12.07,12.07,12.07,12.07,10.0
2026-01-24 20:00:00+00:00,12.09,12.09,12.08,12.08,13.14
2026-01-24 21:00:00+00:00,12.09,12.09,12.09,12.09,6.2
2026-01-24 22:00:00+00:00,12.09,12.12,12.09,12.12,1.3
2026-01-24 23:00:00+00:00,12.1,12.1,12.08,12.08,37.49
2026-01-25 00:00:00+00:00,12.07,12.07,12.05,12.05,18.48
2026-01-25 01:00:00+00:00,12.05,12.05,12.05,12.05,248.76
2026-01-25 02:00:00+00:00,12.04,12.08,12.0,12.04,33.66
2026-01-25 03:00:00+00:00,12.01,12.01,11.94,11.98,66.53
2026-01-25 04:00:00+00:00,11.98,11.98,11.98,11.98,0.0
2026-01-25 05:00:00+00:00,11.98,11.98,11.98,11.98,2.08
2026-01-25 06:00:00+00:00,11.96,11.96,11.96,11.96,5.0
2026-01-25 07:00:00+00:00,11.94,11.94,11.94,11.94,11.54
2026-01-25 08:00:00+00:00,11.93,11.93,11.89,11.92,50.47
2026-01-25 09:00:00+00:00,11.89,11.89,11.89,11.89,54.13
2026-01-25 10:00:00+00:00,12.04,12.04,12.04,12.04,3.83
2026-01-25 11:00:00+00:00,12.04,12.04,12.04,12.04,0.0
2026-01-25 12:00:00+00:00,12.04,12.04,12.04,12.04,0.0
2026-01-25 13:00:00+00:00,12.04,12.04,12.04,12.04,0.0
2026-01-25 14:00:00+00:00,11.91,11.91,11.89,11.89,0.8
2026-01-25 15:00:00+00:00,11.89,11.89,11.89,11.89,0.59
2026-01-25 16:00:00+00:00,11.82,11.82,11.6,11.67,96.47
2026-01-25 17:00:00+00:00,11.69,11.7,11.6,11.6,16.24
2026-01-25 18:00:00+00:00,11.6,11.6,11.48,11.48,25.17
2026-01-25 19:00:00+00:00,11.58,11.58,11.22,11.22,304.89
2026-01-25 20:00:00+00:00,11.31,11.39,11.3,11.3,19.87
2026-01-25 21:00:00+00:00,11.39,11.43,11.39,11.43,24.75
2026-01-25 22:00:00+00:00,11.39,11.39,11.39,11.39,9.0
2026-01-25 23:00:00+00:00,11.39,11.5,11.39,11.5,101.05
2026-01-26 00:00:00+00:00,11.53,11.53,11.49,11.49,53.45
2026-01-26 01:00:00+00:00,11.72,11.73,11.72,11.73,2.3
2026-01-26 02:00:00+00:00,11.72,11.72,11.64,11.64,37.9
2026-01-26 03:00:00+00:00,11.64,11.64,11.64,11.64,0.0
2026-01-26 04:00:00+00:00,11.65,11.65,11.65,11.65,7.68
2026-01-26 05:00:00+00:00,11.6,11.6,11.58,11.58,21.95
2026-01-26 06:00:00+00:00,11.58,11.58,11.58,11.58,0.0
2026-01-26 07:00:00+00:00,11.58,11.58,11.58,11.58,0.0
2026-01-26 08:00:00+00:00,11.76,11.76,11.73,11.73,458.11
2026-01-26 09:00:00+00:00,11.73,11.73,11.73,11.73,0.0
2026-01-26 10:00:00+00:00,11.66,11.66,11.66,11.66,0.86
2026-01-26 11:00:00+00:00,11.69,11.69,11.69,11.69,3.95
2026-01-26 12:00:00+00:00,11.69,11.69,11.69,11.69,0.0
2026-01-26 13:00:00+00:00,11.69,11.69,11.69,11.69,0.0
2026-01-26 14:00:00+00:00,11.8,11.8,11.8,11.8,10.0
2026-01-26 15:00:00+00:00,11.81,11.9,11.69,11.69,61.85
2026-01-26 16:00:00+00:00,11.8,11.8,11.74,11.74,10.87
2026-01-26 17:00:00+00:00,11.68,11.72,11.68,11.72,146.28
2026-01-26 18:00:00+00:00,11.77,11.8,11.75,11.75,2.1
2026-01-26 19:00:00+00:00,11.75,11.75,11.75,11.75,0.0
2026-01-26 20:00:00+00:00,11.75,11.75,11.75,11.75,0.0
2026-01-26 21:00:00+00:00,11.66,11.75,11.66,11.75,115.2
2026-01-26 22:00:00+00:00,11.75,11.75,11.75,11.75,0.0
2026-01-26 23:00:00+00:00,11.75,11.75,11.75,11.75,0.0
2026-01-27 00:00:00+00:00,11.71,11.71,11.71,11.71,2.55
2026-01-27 01:00:00+00:00,11.79,11.79,11.79,11.79,10.0
2026-01-27 02:00:00+00:00,11.78,11.8,11.78,11.8,16.3
2026-01-27 03:00:00+00:00,11.81,11.81,11.81,11.81,2.54
2026-01-27 04:00:00+00:00,11.81,11.81,11.81,11.81,0.0
2026-01-27 05:00:00+00:00,11.8,11.8,11.76,11.76,9.12
2026-01-27 06:00:00+00:00,11.75,11.76,11.75,11.76,301.56
2026-01-27 07:00:00+00:00,11.74,11.78,11.73,11.78,24.01
2026-01-27 08:00:00+00:00,11.77,11.77,11.77,11.77,2.22
2026-01-27 09:00:00+00:00,11.7,11.7,11.68,11.68,19.17
2026-01-27 10:00:00+00:00,11.68,11.68,11.68,11.68,0.0
2026-01-27 11:00:00+00:00,11.68,11.68,11.68,11.68,0.0
2026-01-27 12:00:00+00:00,11.69,11.69,11.69,11.69,1.79
2026-01-27 13:00:00+00:00,11.68,11.68,11.67,11.67,5.0
2026-01-27 14:00:00+00:00,11.67,11.73,11.62,11.62,13.43
2026-01-27 15:00:00+00:00,11.62,11.62,11.62,11.62,1.27
2026-01-27 16:00:00+00:00,11.73,11.95,11.73,11.92,136.43
2026-01-27 17:00:00+00:00,11.64,11.64,11.64,11.64,136.37
2026-01-27 18:00:00+00:00,11.69,11.72,11.69,11.72,1.82
2026-01-27 19:00:00+00:00,11.72,11.72,11.72,11.72,0.0
2026-01-27 20:00:00+00:00,11.9,12.09,11.9,12.09,130.63
2026-01-27 21:00:00+00:00,12.05,12.05,12.05,12.05,2.48
2026-01-27 22:00:00+00:00,12.1,12.1,12.1,12.1,0.41
2026-01-27 23:00:00+00:00,12.11,12.18,12.11,12.18,15.63
2026-01-28 00:00:00+00:00,12.13,12.17,12.13,12.17,21.4
2026-01-28 01:00:00+00:00,12.12,12.12,12.12,12.12,1.65
2026-01-28 02:00:00+00:00,12.13,12.13,12.08,12.08,1.24
2026-01-28 03:00:00+00:00,12.09,12.09,12.09,12.09,0.17
2026-01-28 04:00:00+00:00,12.09,12.09,12.09,12.09,0.0
2026-01-28 05:00:00+00:00,12.1,12.1,12.1,12.1,2.06
2026-01-28 06:00:00+00:00,12.16,12.18,12.09,12.09,139.04
2026-01-28 07:00:00+00:00,12.13,12.15,12.09,12.09,65.99
2026-01-28 08:00:00+00:00,12.06,12.06,12.06,12.06,42.93
2026-01-28 09:00:00+00:00,12.03,12.16,12.03,12.16,10.68
2026-01-28 10:00:00+00:00,12.2,12.21,12.2,12.21,2.43
2026-01-28 11:00:00+00:00,12.21,12.21,12.21,12.21,82.0
2026-01-28 12:00:00+00:00,12.25,12.27,12.25,12.27,1.47
2026-01-28 13:00:00+00:00,12.21,12.21,12.21,12.21,2.44
2026-01-28 14:00:00+00:00,12.21,12.21,12.21,12.21,0.0
2026-01-28 15:00:00+00:00,12.0,12.07,11.97,12.07,26.89
2026-01-28 16:00:00+00:00,11.98,12.03,11.97,12.03,18.0
2026-01-28 17:00:00+00:00,11.94,11.94,11.94,11.94,0.17
2026-01-28 18:00:00+00:00,12.01,12.03,12.01,12.03,1.81
2026-01-28 19:00:00+00:00,12.05,12.05,12.05,12.05,1.66
2026-01-28 20:00:00+00:00,12.07,12.12,12.07,12.12,23.32
2026-01-28 21:00:00+00:00,12.06,12.09,12.06,12.09,20.57
2026-01-28 22:00:00+00:00,12.09,12.1,12.09,12.1,31.64
2026-01-28 23:00:00+00:00,12.14,12.14,12.14,12.14,1.4
2026-01-29 00:00:00+00:00,12.14,12.14,12.14,12.14,0.0
2026-01-29 01:00:00+00:00,12.14,12.14,12.14,12.14,0.0
2026-01-29 02:00:00+00:00,11.91,11.91,11.77,11.8,300.23
2026-01-29 03:00:00+00:00,11.79,11.84,11.78,11.78,505.34
2026-01-29 04:00:00+00:00,11.75,11.79,11.7,11.79,145.34
2026-01-29 05:00:00+00:00,11.78,11.82,11.78,11.82,31.49
2026-01-29 06:00:00+00:00,11.82,11.82,11.82,11.82,0.0
2026-01-29 07:00:00+00:00,11.84,11.84,11.8,11.8,3.73
2026-01-29 08:00:00+00:00,11.8,11.8,11.75,11.76,24.77
2026-01-29 09:00:00+00:00,11.72,11.72,11.72,11.72,0.33
2026-01-29 10:00:00+00:00,11.72,11.72,11.72,11.72,0.0
2026-01-29 11:00:00+00:00,11.65,11.7,11.65,11.7,22.63
2026-01-29 12:00:00+00:00,11.66,11.66,11.56,11.56,88.56
2026-01-29 13:00:00+00:00,11.55,11.57,11.55,11.57,16.15
2026-01-29 14:00:00+00:00,11.5,11.5,11.2,11.2,130.27
2026-01-29 15:00:00+00:00,11.13,11.21,10.9,10.9,282.8
2026-01-29 16:00:00+00:00,11.01,11.05,10.97,11.05,412.16
2026-01-29 17:00:00+00:00,11.06,11.06,11.06,11.06,2.0
2026-01-29 18:00:00+00:00,11.06,11.06,10.97,10.97,960.14
2026-01-29 19:00:00+00:00,10.85,11.02,10.85,11.02,255.1
2026-01-29 20:00:00+00:00,11.0,11.05,10.98,11.05,23.81
2026-01-29 21:00:00+00:00,11.06,11.06,11.06,11.06,47.51
2026-01-29 22:00:00+00:00,11.09,11.1,11.09,11.1,3.18
2026-01-29 23:00:00+00:00,11.04,11.04,11.04,11.04,4.5
2026-01-30 00:00:00+00:00,11.04,11.04,11.04,11.04,21.1
2026-01-30 01:00:00+00:00,11.07,11.07,10.77,10.84,130.17
2026-01-30 02:00:00+00:00,10.97,10.97,10.92,10.94,33.98
2026-01-30 03:00:00+00:00,10.95,10.97,10.92,10.92,94.69
2026-01-30 04:00:00+00:00,10.92,10.92,10.92,10.92,0.0
2026-01-30 05:00:00+00:00,10.99,10.99,10.99,10.99,2.27
2026-01-30 06:00:00+00:00,10.95,10.95,10.83,10.84,18.36
2026-01-30 07:00:00+00:00,10.84,10.84,10.84,10.84,0.0
2026-01-30 08:00:00+00:00,10.95,10.95,10.95,10.95,12.99
2026-01-30 09:00:00+00:00,10.9,10.9,10.85,10.85,55.6
2026-01-30 10:00:00+00:00,10.85,10.85,10.85,10.85,0.0
2026-01-30 11:00:00+00:00,10.96,11.01,10.96,10.97,28.69
2026-01-30 12:00:00+00:00,10.97,10.97,10.97,10.97,0.0
2026-01-30 13:00:00+00:00,10.93,10.93,10.89,10.89,2.74
2026-01-30 14:00:00+00:00,10.92,10.96,10.92,10.96,84.25
2026-01-30 15:00:00+00:00,10.96,11.01,10.92,10.96,88.71
2026-01-30 16:00:00+00:00,10.93,10.97,10.93,10.97,56.79
2026-01-30 17:00:00+00:00,10.93,10.94,10.92,10.92,213.84
2026-01-30 18:00:00+00:00,10.85,11.01,10.62,11.01,117.21
2026-01-30 19:00:00+00:00,11.01,11.04,11.01,11.04,278.29
2026-01-30 20:00:00+00:00,10.95,10.95,10.83,10.9,288.12
2026-01-30 21:00:00+00:00,10.87,10.94,10.87,10.88,463.0
2026-01-30 22:00:00+00:00,10.86,10.9,10.86,10.9,41.48
2026-01-30 23:00:00+00:00,10.91,10.91,10.91,10.91,1.83
2026-01-31 00:00:00+00:00,10.86,10.86,10.86,10.86,1.28
2026-01-31 01:00:00+00:00,10.88,10.89,10.88,10.89,30.79
2026-01-31 02:00:00+00:00,10.87,10.87,10.82,10.82,4.74
2026-01-31 03:00:00+00:00,10.82,10.82,10.82,10.82,0.0
2026-01-31 04:00:00+00:00,10.88,10.88,10.88,10.88,0.46
2026-01-31 05:00:00+00:00,10.83,10.83,10.8,10.81,742.1
2026-01-31 06:00:00+00:00,10.77,10.77,10.7,10.71,118.5
2026-01-31 07:00:00+00:00,10.6,10.64,10.6,10.64,3.3
2026-01-31 08:00:00+00:00,10.59,10.59,10.42,10.51,210.51
2026-01-31 09:00:00+00:00,10.56,10.61,10.56,10.6,57.49
2026-01-31 10:00:00+00:00,10.6,10.6,10.6,10.6,0.0
2026-01-31 11:00:00+00:00,10.62,10.62,10.62,10.62,0.81
2026-01-31 12:00:00+00:00,10.58,10.58,10.58,10.58,78.72
2026-01-31 13:00:00+00:00,10.58,10.58,10.58,10.58,0.0
2026-01-31 14:00:00+00:00,10.39,10.39,10.01,10.07,376.85
2026-01-31 15:00:00+00:00,10.13,10.21,10.13,10.21,25.51
2026-01-31 16:00:00+00:00,10.13,10.24,10.08,10.08,45.16
2026-01-31 17:00:00+00:00,10.11,10.11,9.71,9.8,1346.26
2026-01-31 18:00:00+00:00,9.81,9.85,9.28,9.77,1085.93
2026-01-31 19:00:00+00:00,9.81,9.91,9.77,9.91,146.3
2026-01-31 20:00:00+00:00,9.86,9.94,9.81,9.86,61.17
2026-01-31 21:00:00+00:00,9.88,9.94,9.88,9.94,1.98
2026-01-31 22:00:00+00:00,10.0,10.01,9.92,9.92,183.1
2026-01-31 23:00:00+00:00,9.96,10.14,9.96,10.13,261.34
2026-02-01 00:00:00+00:00,10.18,10.18,10.18,10.18,1.31
2026-02-01 01:00:00+00:00,10.11,10.12,10.11,10.12,27.33
2026-02-01 02:00:00+00:00,10.21,10.22,10.15,10.22,25.28
2026-02-01 03:00:00+00:00,10.21,10.21,10.21,10.21,1.07
2026-02-01 04:00:00+00:00,10.24,10.25,10.24,10.25,5.85
2026-02-01 05:00:00+00:00,10.21,10.22,10.19,10.19,9.43
2026-02-01 06:00:00+00:00,10.24,10.24,10.24,10.24,0.48
2026-02-01 07:00:00+00:00,10.24,10.24,10.24,10.24,0.0
2026-02-01 08:00:00+00:00,10.19,10.19,10.19,10.19,10.0
2026-02-01 09:00:00+00:00,10.13,10.13,10.13,10.13,7.26
2026-02-01 10:00:00+00:00,10.1,10.1,10.04,10.04,63.52
2026-02-01 11:00:00+00:00,10.07,10.12,10.07,10.12,20.31
2026-02-01 12:00:00+00:00,10.06,10.06,10.06,10.06,8.6
2026-02-01 13:00:00+00:00,10.06,10.06,10.06,10.06,0.0
2026-02-01 14:00:00+00:00,10.07,10.08,9.86,10.06,466.28
2026-02-01 15:00:00+00:00,10.0,10.0,9.81,9.81,12.64
2026-02-01 16:00:00+00:00,9.86,9.9,9.82,9.82,1556.09
2026-02-01 17:00:00+00:00,9.9,9.9,9.84,9.85,89.69
2026-02-01 18:00:00+00:00,9.92,10.05,9.92,9.95,954.19
2026-02-01 19:00:00+00:00,9.94,9.95,9.83,9.83,103.55
2026-02-01 20:00:00+00:00,9.88,9.92,9.88,9.92,6.24
2026-02-01 21:00:00+00:00,9.94,9.94,9.85,9.86,29.05
2026-02-01 22:00:00+00:00,9.93,10.01,9.91,9.98,191.52
2026-02-01 23:00:00+00:00,9.98,10.05,9.71,10.05,716.83
2026-02-02 00:00:00+00:00,9.86,10.05,9.86,10.05,142.85
2026-02-02 01:00:00+00:00,10.07,10.1,10.04,10.08,215.81
2026-02-02 02:00:00+00:00,10.06,10.08,9.97,9.97,78.87
2026-02-02 03:00:00+00:00,9.81,9.86,9.56,9.86,295.26
2026-02-02 04:00:00+00:00,9.88,9.9,9.88,9.9,16.31
2026-02-02 05:00:00+00:00,9.82,9.82,9.61,9.65,379.66
2026-02-02 06:00:00+00:00,9.57,9.88,9.57,9.78,420.9
2026-02-02 07:00:00+00:00,9.9,9.9,9.88,9.88,35.54
2026-02-02 08:00:00+00:00,9.92,9.96,9.91,9.91,436.48
2026-02-02 09:00:00+00:00,9.91,10.03,9.91,9.98,7.19
2026-02-02 10:00:00+00:00,9.94,10.0,9.77,10.0,606.45
2026-02-02 11:00:00+00:00,10.03,10.03,10.03,10.03,1.31
2026-02-02 12:00:00+00:00,10.03,10.03,10.03,10.03,0.0
2026-02-02 13:00:00+00:00,10.03,10.03,10.03,10.03,0.0
2026-02-02 14:00:00+00:00,10.09,10.22,10.05,10.12,154.3
2026-02-02 15:00:00+00:00,10.16,10.31,10.16,10.29,428.78
2026-02-02 16:00:00+00:00,10.23,10.25,10.22,10.22,549.1
2026-02-02 17:00:00+00:00,10.2,10.2,10.16,10.16,28.49
2026-02-02 18:00:00+00:00,10.18,10.18,10.18,10.18,0.98
2026-02-02 19:00:00+00:00,10.18,10.18,10.18,10.18,2.94
2026-02-02 20:00:00+00:00,10.15,10.15,10.1,10.1,11.66
2026-02-02 21:00:00+00:00,10.13,10.15,10.13,10.14,71.12
2026-02-02 22:00:00+00:00,10.15,10.15,10.15,10.15,0.1
2026-02-02 23:00:00+00:00,10.15,10.15,10.15,10.15,3.33
2026-02-03 00:00:00+00:00,10.11,10.12,10.1,10.1,37.6
2026-02-03 01:00:00+00:00,10.11,10.11,10.11,10.11,10.37
2026-02-03 02:00:00+00:00,10.07,10.07,9.99,9.99,17.91
2026-02-03 03:00:00+00:00,9.96,10.0,9.95,9.99,19.2
2026-02-03 04:00:00+00:00,10.1,10.18,10.1,10.16,685.4
2026-02-03 05:00:00+00:00,10.16,10.16,10.1,10.12,231.86
2026-02-03 06:00:00+00:00,10.08,10.12,9.85,10.12,764.11
2026-02-03 07:00:00+00:00,10.15,10.15,10.15,10.15,43.34
2026-02-03 08:00:00+00:00,10.15,10.15,10.15,10.15,0.0
2026-02-03 09:00:00+00:00,10.15,10.15,10.15,10.15,0.0
2026-02-03 10:00:00+00:00,10.04,10.04,10.04,10.04,5.17
2026-02-03 11:00:00+00:00,10.06,10.06,10.06,10.06,15.36
2026-02-03 12:00:00+00:00,10.06,10.06,10.06,10.06,0.0
2026-02-03 13:00:00+00:00,10.12,10.12,10.11,10.11,141.09
2026-02-03 14:00:00+00:00,10.06,10.06,10.03,10.03,44.81
2026-02-03 15:00:00+00:00,9.98,10.22,9.98,10.17,546.27
2026-02-03 16:00:00+00:00,10.1,10.1,9.93,9.95,293.97
2026-02-03 17:00:00+00:00,9.9,9.9,9.77,9.79,15.11
2026-02-03 18:00:00+00:00,9.76,9.76,9.55,9.56,329.11
2026-02-03 19:00:00+00:00,9.65,9.88,9.65,9.88,105.41
2026-02-03 20:00:00+00:00,10.03,10.25,10.03,10.21,532.77
2026-02-03 21:00:00+00:00,10.17,10.17,10.17,10.17,9.0
2026-02-03 22:00:00+00:00,10.1,10.1,9.96,9.96,11.73
2026-02-03 23:00:00+00:00,9.94,9.94,9.94,9.94,19.04
2026-02-04 00:00:00+00:00,9.93,10.03,9.92,10.03,73.59
2026-02-04 01:00:00+00:00,10.03,10.03,10.03,10.03,0.0
2026-02-04 02:00:00+00:00,10.05,10.05,9.99,9.99,65.01
2026-02-04 03:00:00+00:00,10.02,10.02,10.02,10.02,2.98
2026-02-04 04:00:00+00:00,10.12,10.13,10.12,10.13,18.55
2026-02-04 05:00:00+00:00,10.12,10.12,10.12,10.12,2.47
2026-02-04 06:00:00+00:00,10.12,10.12,10.12,10.12,0.0
2026-02-04 07:00:00+00:00,10.14,10.14,10.14,10.14,49.82
2026-02-04 08:00:00+00:00,10.15,10.15,10.12,10.12,20.69
2026-02-04 09:00:00+00:00,10.07,10.08,10.06,10.07,8.57
2026-02-04 10:00:00+00:00,10.07,10.07,10.07,10.07,0.0
2026-02-04 11:00:00+00:00,9.95,10.04,9.92,10.02,331.69
2026-02-04 12:00:00+00:00,10.02,10.02,10.02,10.02,0.0
2026-02-04 13:00:00+00:00,10.01,10.01,9.9,9.9,24.01
2026-02-04 14:00:00+00:00,9.81,9.9,9.75,9.75,212.94
2026-02-04 15:00:00+00:00,9.7,9.82,9.65,9.71,719.0
2026-02-04 16:00:00+00:00,9.73,9.74,9.62,9.67,344.61
2026-02-04 17:00:00+00:00,9.67,9.67,9.6,9.6,72.68
2026-02-04 18:00:00+00:00,9.61,9.88,9.61,9.78,427.1
2026-02-04 19:00:00+00:00,9.79,9.93,9.74,9.93,1082.23
2026-02-04 20:00:00+00:00,9.92,9.92,9.84,9.85,38.53
2026-02-04 21:00:00+00:00,9.81,9.81,9.62,9.62,26.93
2026-02-04 22:00:00+00:00,9.61,9.78,9.61,9.7,341.55
2026-02-04 23:00:00+00:00,9.66,9.78,9.66,9.76,62.97
2026-02-05 00:00:00+00:00,9.7,9.7,9.7,9.7,6.89
2026-02-05 01:00:00+00:00,9.78,9.78,9.73,9.77,23.54
2026-02-05 02:00:00+00:00,9.73,9.79,9.68,9.68,849.99
2026-02-05 03:00:00+00:00,9.68,9.68,9.61,9.61,74.18
2026-02-05 04:00:00+00:00,9.55,9.56,9.55,9.56,5.98
2026-02-05 05:00:00+00:00,9.6,9.62,9.5,9.62,119.82
2026-02-05 06:00:00+00:00,9.49,9.49,9.49,9.49,18.36
2026-02-05 07:00:00+00:00,9.49,9.49,9.49,9.49,0.0
2026-02-05 08:00:00+00:00,9.49,9.49,9.49,9.49,0.0
2026-02-05 09:00:00+00:00,9.61,9.61,9.61,9.61,3.08
2026-02-05 10:00:00+00:00,9.44,9.44,9.34,9.34,55.86
2026-02-05 11:00:00+00:00,9.38,9.38,9.22,9.33,190.03
2026-02-05 12:00:00+00:00,9.29,9.29,9.17,9.23,126.88
2026-02-05 13:00:00+00:00,9.3,9.3,9.24,9.24,111.36
2026-02-05 14:00:00+00:00,9.31,9.43,9.21,9.21,125.69
2026-02-05 15:00:00+00:00,9.17,9.17,8.79,9.0,488.14
2026-02-05 16:00:00+00:00,8.86,9.09,8.83,9.03,178.0
2026-02-05 17:00:00+00:00,8.82,8.95,8.82,8.83,239.99
2026-02-05 18:00:00+00:00,8.88,8.89,8.71,8.89,182.87
2026-02-05 19:00:00+00:00,8.88,8.88,8.69,8.69,177.55
2026-02-05 20:00:00+00:00,8.71,8.76,8.35,8.37,1824.28
2026-02-05 21:00:00+00:00,8.45,9.43,8.27,8.38,1081.44
2026-02-05 22:00:00+00:00,8.39,8.51,8.28,8.51,583.82
2026-02-05 23:00:00+00:00,8.54,8.54,8.28,8.3,37.25
2026-02-06 00:00:00+00:00,8.3,8.39,7.79,8.23,622.31
2026-02-06 01:00:00+00:00,8.25,8.46,8.25,8.46,703.21
2026-02-06 02:00:00+00:00,8.46,8.48,8.27,8.39,799.82
2026-02-06 03:00:00+00:00,8.3,8.35,8.3,8.3,38.71
2026-02-06 04:00:00+00:00,8.27,8.46,8.27,8.41,25.24
2026-02-06 05:00:00+00:00,8.52,8.63,8.51,8.63,106.25
2026-02-06 06:00:00+00:00,8.62,8.62,8.46,8.46,1323.13
2026-02-06 07:00:00+00:00,8.43,8.43,8.37,8.43,407.48
2026-02-06 08:00:00+00:00,8.42,8.47,8.36,8.4,891.22
2026-02-06 09:00:00+00:00,8.41,8.59,8.37,8.59,60.83
2026-02-06 10:00:00+00:00,8.66,8.68,8.66,8.68,48.79
2026-02-06 11:00:00+00:00,8.7,8.8,8.7,8.73,862.4
2026-02-06 12:00:00+00:00,8.67,8.72,8.67,8.7,233.19
2026-02-06 13:00:00+00:00,8.7,8.85,8.7,8.83,741.37
2026-02-06 14:00:00+00:00,8.81,9.0,8.75,8.96,1232.92
2026-02-06 15:00:00+00:00,8.97,9.07,8.96,9.07,112.28
2026-02-06 16:00:00+00:00,9.01,9.29,9.01,9.29,1801.65
2026-02-06 17:00:00+00:00,9.24,9.47,9.22,9.36,442.71
2026-02-06 18:00:00+00:00,9.31,9.38,9.19,9.26,593.94
2026-02-06 19:00:00+00:00,9.22,9.22,9.19,9.2,637.86
2026-02-06 20:00:00+00:00,9.24,9.24,9.24,9.24,216.35
2026-02-06 21:00:00+00:00,9.31,9.36,9.31,9.36,5.06
2026-02-06 22:00:00+00:00,9.28,9.38,9.22,9.38,65.27
2026-02-06 23:00:00+00:00,9.31,9.31,9.31,9.31,5.37
2026-02-07 00:00:00+00:00,9.23,9.23,9.2,9.2,20.45
2026-02-07 01:00:00+00:00,9.27,9.27,9.27,9.27,2.69
2026-02-07 02:00:00+00:00,9.27,9.27,9.27,9.27,0.0
2026-02-07 03:00:00+00:00,9.3,9.3,9.3,9.3,14.59
2026-02-07 04:00:00+00:00,9.31,9.35,9.25,9.25,56.25
2026-02-07 05:00:00+00:00,9.25,9.3,9.25,9.25,121.8
2026-02-07 06:00:00+00:00,9.26,9.33,9.2,9.2,52.38
2026-02-07 07:00:00+00:00,9.08,9.08,8.93,9.03,257.42
2026-02-07 08:00:00+00:00,9.03,9.03,9.03,9.03,0.0
2026-02-07 09:00:00+00:00,9.06,9.06,9.05,9.05,33.82
2026-02-07 10:00:00+00:00,9.05,9.05,9.05,9.05,0.0
2026-02-07 11:00:00+00:00,9.05,9.05,9.05,9.05,0.0
2026-02-07 12:00:00+00:00,9.04,9.22,9.04,9.17,672.22
2026-02-07 13:00:00+00:00,9.17,9.17,9.17,9.17,0.0
2026-02-07 14:00:00+00:00,9.12,9.14,9.1,9.1,49.21
2026-02-07 15:00:00+00:00,9.04,9.18,9.04,9.16,176.32
2026-02-07 16:00:00+00:00,9.19,9.35,9.19,9.21,646.39
2026-02-07 17:00:00+00:00,9.16,9.2,9.14,9.2,82.88
2026-02-07 18:00:00+00:00,9.26,9.37,9.25,9.37,50.6
2026-02-07 19:00:00+00:00,9.37,9.37,9.37,9.37,0.0
2026-02-07 20:00:00+00:00,9.27,9.28,9.27,9.27,12.13
2026-02-07 21:00:00+00:00,9.31,9.31,9.26,9.26,797.94
2026-02-07 22:00:00+00:00,9.26,9.26,9.26,9.26,0.0
2026-02-07 23:00:00+00:00,9.2,9.22,9.2,9.22,21.13
2026-02-08 00:00:00+00:00,9.22,9.22,9.22,9.22,0.0
2026-02-08 01:00:00+00:00,9.2,9.24,9.2,9.24,49.35
2026-02-08 02:00:00+00:00,9.24,9.24,9.24,9.24,0.0
2026-02-08 03:00:00+00:00,9.14,9.14,9.14,9.14,438.16
2026-02-08 04:00:00+00:00,9.13,9.13,9.13,9.13,4.38
2026-02-08 05:00:00+00:00,9.16,9.16,9.16,9.16,2.73
2026-02-08 06:00:00+00:00,9.16,9.16,9.16,9.16,0.0
2026-02-08 07:00:00+00:00,9.11,9.11,9.11,9.11,20.69
2026-02-08 08:00:00+00:00,9.17,9.25,9.17,9.25,70.11
2026-02-08 09:00:00+00:00,9.21,9.21,9.21,9.21,16.38
2026-02-08 10:00:00+00:00,9.21,9.21,9.21,9.21,0.0
2026-02-08 11:00:00+00:00,9.21,9.25,9.21,9.25,39.61
2026-02-08 12:00:00+00:00,9.25,9.25,9.25,9.25,0.0
2026-02-08 13:00:00+00:00,9.23,9.25,9.23,9.25,66.23
2026-02-08 14:00:00+00:00,9.27,9.28,9.27,9.28,14.22
2026-02-08 15:00:00+00:00,9.27,9.28,9.16,9.16,141.19
2026-02-08 16:00:00+00:00,9.16,9.16,9.07,9.07,32.14
2026-02-08 17:00:00+00:00,9.07,9.07,9.07,9.07,0.0
2026-02-08 18:00:00+00:00,9.12,9.16,9.12,9.16,62.62
2026-02-08 19:00:00+00:00,9.19,9.19,9.19,9.19,0.52
2026-02-08 20:00:00+00:00,9.13,9.13,9.13,9.13,34.54
2026-02-08 21:00:00+00:00,9.13,9.13,9.13,9.13,0.0
2026-02-08 22:00:00+00:00,9.13,9.13,9.13,9.13,0.0
2026-02-08 23:00:00+00:00,9.19,9.27,9.03,9.11,995.88
2026-02-09 00:00:00+00:00,9.07,9.07,9.07,9.07,17.58
2026-02-09 01:00:00+00:00,9.14,9.14,9.07,9.07,8.86
2026-02-09 02:00:00+00:00,9.13,9.13,9.13,9.13,6.49
2026-02-09 03:00:00+00:00,9.13,9.13,9.13,9.13,0.0
2026-02-09 04:00:00+00:00,9.17,9.17,9.13,9.13,31.37
2026-02-09 05:00:00+00:00,9.11,9.11,9.1,9.1,102.4
2026-02-09 06:00:00+00:00,9.09,9.1,9.09,9.1,13.28
2026-02-09 07:00:00+00:00,9.09,9.09,9.04,9.04,49.45
2026-02-09 08:00:00+00:00,9.0,9.0,8.89,8.89,1974.94
2026-02-09 09:00:00+00:00,8.91,8.91,8.88,8.88,12.74
2026-02-09 10:00:00+00:00,8.85,8.85,8.79,8.79,7.97
2026-02-09 11:00:00+00:00,8.79,8.79,8.79,8.79,0.0
2026-02-09 12:00:00+00:00,8.79,8.79,8.79,8.79,0.0
2026-02-09 13:00:00+00:00,8.79,8.79,8.79,8.79,0.0
2026-02-09 14:00:00+00:00,8.86,8.93,8.86,8.92,359.0
2026-02-09 15:00:00+00:00,8.95,8.99,8.93,8.99,39.28
2026-02-09 16:00:00+00:00,8.95,9.15,8.95,9.15,100.14
2026-02-09 17:00:00+00:00,9.08,9.15,9.01,9.14,332.14
2026-02-09 18:00:00+00:00,9.15,9.15,9.1,9.1,56.9
2026-02-09 19:00:00+00:00,9.1,9.1,9.1,9.1,13.17
2026-02-09 20:00:00+00:00,9.13,9.13,9.09,9.09,11.43
2026-02-09 21:00:00+00:00,9.02,9.03,9.02,9.02,121.69
2026-02-09 22:00:00+00:00,9.09,9.09,9.08,9.09,38.88
2026-02-09 23:00:00+00:00,9.09,9.09,9.05,9.05,93.02
2026-02-10 00:00:00+00:00,9.05,9.05,9.01,9.01,80.68
2026-02-10 01:00:00+00:00,9.01,9.01,9.01,9.01,0.0
2026-02-10 02:00:00+00:00,9.01,9.01,9.01,9.01,0.0
2026-02-10 03:00:00+00:00,9.0,9.0,8.88,8.88,4.03
2026-02-10 04:00:00+00:00,8.88,8.88,8.88,8.88,0.0
2026-02-10 05:00:00+00:00,8.98,8.98,8.98,8.98,2.78
2026-02-10 06:00:00+00:00,8.91,8.91,8.77,8.77,119.81
2026-02-10 07:00:00+00:00,8.77,8.77,8.77,8.77,0.0
2026-02-10 08:00:00+00:00,8.83,8.85,8.83,8.85,56.59
2026-02-10 09:00:00+00:00,8.87,8.87,8.87,8.87,2.72
2026-02-10 10:00:00+00:00,8.85,8.85,8.85,8.85,2.6
2026-02-10 11:00:00+00:00,8.85,8.85,8.85,8.85,0.0
2026-02-10 12:00:00+00:00,8.83,8.83,8.83,8.83,2.26
2026-02-10 13:00:00+00:00,8.77,8.82,8.77,8.81,389.65
2026-02-10 14:00:00+00:00,8.8,8.88,8.75,8.78,512.72
2026-02-10 15:00:00+00:00,8.82,8.84,8.8,8.81,1284.77
2026-02-10 16:00:00+00:00,8.8,8.85,8.79,8.82,1647.62
2026-02-10 17:00:00+00:00,8.78,8.82,8.78,8.82,538.63
2026-02-10 18:00:00+00:00,8.74,8.74,8.66,8.66,59.88
2026-02-10 19:00:00+00:00,8.7,8.7,8.7,8.7,0.24
2026-02-10 20:00:00+00:00,8.72,8.72,8.72,8.72,18.4
2026-02-10 21:00:00+00:00,8.66,8.66,8.66,8.66,2.12
2026-02-10 22:00:00+00:00,8.7,8.74,8.7,8.74,0.69
2026-02-10 23:00:00+00:00,8.74,8.74,8.74,8.74,0.0
2026-02-11 00:00:00+00:00,8.74,8.74,8.74,8.74,0.0
2026-02-11 01:00:00+00:00,8.74,8.74,8.74,8.74,0.0
2026-02-11 02:00:00+00:00,8.81,8.87,8.81,8.87,12.36
2026-02-11 03:00:00+00:00,8.85,8.94,8.85,8.94,23.28
2026-02-11 04:00:00+00:00,8.79,8.79,8.72,8.72,881.83
2026-02-11 05:00:00+00:00,8.76,8.76,8.76,8.76,2.85
2026-02-11 06:00:00+00:00,8.66,8.66,8.54,8.54,255.63
2026-02-11 07:00:00+00:00,8.56,8.56,8.56,8.56,102.59
2026-02-11 08:00:00+00:00,8.56,8.56,8.56,8.56,0.0
2026-02-11 09:00:00+00:00,8.53,8.58,8.52,8.55,1236.41
2026-02-11 10:00:00+00:00,8.51,8.53,8.49,8.5,223.15
2026-02-11 11:00:00+00:00,8.55,8.6,8.55,8.6,50.27
2026-02-11 12:00:00+00:00,8.58,8.6,8.58,8.58,251.87
2026-02-11 13:00:00+00:00,8.57,8.65,8.57,8.64,190.76
2026-02-11 14:00:00+00:00,8.68,8.87,8.6,8.6,332.62
2026-02-11 15:00:00+00:00,8.53,8.57,8.47,8.52,285.13
2026-02-11 16:00:00+00:00,8.55,8.62,8.49,8.51,193.94
2026-02-11 17:00:00+00:00,8.56,8.64,8.56,8.63,85.54
2026-02-11 18:00:00+00:00,8.72,8.72,8.71,8.71,1171.07
2026-02-11 19:00:00+00:00,8.73,8.73,8.73,8.73,19.24
2026-02-11 20:00:00+00:00,8.72,8.72,8.7,8.7,57.31
2026-02-11 21:00:00+00:00,8.69,8.75,8.69,8.75,70.93
2026-02-11 22:00:00+00:00,8.66,8.67,8.66,8.67,32.09
2026-02-11 23:00:00+00:00,8.66,8.66,8.66,8.66,34.79
2026-02-12 00:00:00+00:00,8.73,8.73,8.73,8.73,41.0
2026-02-12 01:00:00+00:00,8.73,8.73,8.73,8.73,0.0
2026-02-12 02:00:00+00:00,8.73,8.73,8.73,8.73,0.0
2026-02-12 03:00:00+00:00,8.76,8.76,8.76,8.76,31.34
2026-02-12 04:00:00+00:00,8.73,8.73,8.73,8.73,31.21
2026-02-12 05:00:00+00:00,8.75,8.75,8.75,8.75,841.48
2026-02-12 06:00:00+00:00,8.77,8.8,8.77,8.8,7.06
2026-02-12 07:00:00+00:00,8.8,8.8,8.8,8.8,31.06
2026-02-12 08:00:00+00:00,8.8,8.8,8.8,8.8,0.0
2026-02-12 09:00:00+00:00,8.81,8.85,8.81,8.85,26.51
2026-02-12 10:00:00+00:00,8.85,8.85,8.85,8.85,0.0
2026-02-12 11:00:00+00:00,8.85,8.85,8.85,8.85,0.0
2026-02-12 12:00:00+00:00,8.89,8.89,8.87,8.87,3.93
2026-02-12 13:00:00+00:00,8.84,8.88,8.82,8.88,70.98
2026-02-12 14:00:00+00:00,8.91,8.95,8.91,8.94,63.81
2026-02-12 15:00:00+00:00,8.88,8.93,8.85,8.93,79.2
2026-02-12 16:00:00+00:00,8.71,8.73,8.66,8.7,105.66
2026-02-12 17:00:00+00:00,8.68,8.73,8.66,8.69,1454.41
2026-02-12 18:00:00+00:00,8.68,8.69,8.65,8.65,63.68
2026-02-12 19:00:00+00:00,8.81,8.85,8.81,8.85,5.16
2026-02-12 20:00:00+00:00,8.79,8.79,8.72,8.72,20.46
2026-02-12 21:00:00+00:00,8.7,8.78,8.7,8.78,107.41
2026-02-12 22:00:00+00:00,8.81,8.81,8.78,8.78,2.67
2026-02-12 23:00:00+00:00,8.85,8.92,8.84,8.88,4.17
2026-02-13 00:00:00+00:00,8.93,8.97,8.91,8.91,10.13
2026-02-13 01:00:00+00:00,8.9,8.9,8.89,8.89,18.61
2026-02-13 02:00:00+00:00,8.86,8.88,8.84,8.87,7.29
2026-02-13 03:00:00+00:00,8.83,8.87,8.83,8.87,70.55
2026-02-13 04:00:00+00:00,8.87,8.87,8.87,8.87,0.0
2026-02-13 05:00:00+00:00,8.8,8.84,8.78,8.81,4.57
2026-02-13 06:00:00+00:00,8.81,8.81,8.77,8.78,51.93
2026-02-13 07:00:00+00:00,8.84,8.84,8.84,8.84,1.25
2026-02-13 08:00:00+00:00,8.84,8.84,8.84,8.84,0.0
2026-02-13 09:00:00+00:00,8.86,8.86,8.86,8.86,10.45
2026-02-13 10:00:00+00:00,8.86,8.86,8.86,8.86,0.0
2026-02-13 11:00:00+00:00,8.87,8.88,8.85,8.85,34.75
2026-02-13 12:00:00+00:00,8.85,8.85,8.85,8.85,0.0
2026-02-13 13:00:00+00:00,8.91,8.93,8.89,8.89,40.13
2026-02-13 14:00:00+00:00,8.99,9.0,8.98,8.98,24.11
2026-02-13 15:00:00+00:00,9.08,9.19,9.08,9.19,77.28
2026-02-13 16:00:00+00:00,9.2,9.21,9.2,9.21,46.3
2026-02-13 17:00:00+00:00,9.18,9.19,9.15,9.15,35.28
2026-02-13 18:00:00+00:00,9.15,9.15,9.15,9.15,0.0
2026-02-13 19:00:00+00:00,9.19,9.19,9.19,9.19,4.27
2026-02-13 20:00:00+00:00,9.2,9.22,9.2,9.22,55.29
2026-02-13 21:00:00+00:00,9.25,9.25,9.23,9.23,5.41
2026-02-13 22:00:00+00:00,9.23,9.23,9.23,9.23,0.0
2026-02-13 23:00:00+00:00,9.23,9.23,9.23,9.23,0.0
2026-02-14 00:00:00+00:00,9.14,9.18,9.13,9.18,42.91
2026-02-14 01:00:00+00:00,9.18,9.18,9.18,9.18,0.0
2026-02-14 02:00:00+00:00,9.18,9.18,9.18,9.18,0.0
2026-02-14 03:00:00+00:00,9.2,9.2,9.2,9.2,1.63
2026-02-14 04:00:00+00:00,9.22,9.22,9.19,9.19,1.71
2026-02-14 05:00:00+00:00,9.17,9.17,9.17,9.17,2.72
2026-02-14 06:00:00+00:00,9.16,9.19,9.16,9.19,1.0
2026-02-14 07:00:00+00:00,9.17,9.22,9.17,9.17,3.59
2026-02-14 08:00:00+00:00,9.27,9.27,9.26,9.26,1.79
2026-02-14 09:00:00+00:00,9.26,9.26,9.23,9.24,8.3
2026-02-14 10:00:00+00:00,9.24,9.25,9.22,9.24,4.43
2026-02-14 11:00:00+00:00,9.28,9.28,9.28,9.28,1.31
2026-02-14 12:00:00+00:00,9.29,9.29,9.29,9.29,1.1
2026-02-14 13:00:00+00:00,9.29,9.29,9.29,9.29,0.0
2026-02-14 14:00:00+00:00,9.32,9.36,9.29,9.36,14.99
2026-02-14 15:00:00+00:00,9.38,9.38,9.33,9.35,5.7
2026-02-14 16:00:00+00:00,9.39,9.43,9.39,9.43,5.18
2026-02-14 17:00:00+00:00,9.44,9.5,9.44,9.48,50.43
2026-02-14 18:00:00+00:00,9.48,9.52,9.48,9.52,9.68
2026-02-14 19:00:00+00:00,9.56,9.63,9.52,9.63,56.02
2026-02-14 20:00:00+00:00,9.66,9.66,9.54,9.56,7.13
2026-02-14 21:00:00+00:00,9.63,9.64,9.61,9.64,6.27
2026-02-14 22:00:00+00:00,9.71,9.71,9.67,9.68,24.56
2026-02-14 23:00:00+00:00,9.59,9.59,9.58,9.58,29.09
2026-02-15 00:00:00+00:00,9.57,9.57,9.57,9.57,10.45
2026-02-15 01:00:00+00:00,9.52,9.52,9.52,9.52,4.86
2026-02-15 02:00:00+00:00,9.52,9.52,9.52,9.52,0.0
2026-02-15 03:00:00+00:00,9.52,9.57,9.46,9.57,39.83
2026-02-15 04:00:00+00:00,9.63,9.69,9.63,9.65,118.08
2026-02-15 05:00:00+00:00,9.64,9.64,9.64,9.64,2.59
2026-02-15 06:00:00+00:00,9.7,9.7,9.7,9.7,30.83
2026-02-15 07:00:00+00:00,9.71,9.72,9.71,9.72,2.51
2026-02-15 08:00:00+00:00,9.54,9.54,9.54,9.54,36.2
2026-02-15 09:00:00+00:00,9.6,9.6,9.6,9.6,2.98
2026-02-15 10:00:00+00:00,9.6,9.6,9.6,9.6,0.0
2026-02-15 11:00:00+00:00,9.57,9.57,9.51,9.51,10.86
2026-02-15 12:00:00+00:00,9.55,9.55,9.33,9.36,66.73
2026-02-15 13:00:00+00:00,9.29,9.29,9.29,9.29,13.93
2026-02-15 14:00:00+00:00,9.33,9.33,9.33,9.33,2.68
2026-02-15 15:00:00+00:00,9.39,9.41,9.39,9.41,1.27
2026-02-15 16:00:00+00:00,9.36,9.36,9.36,9.36,0.8
2026-02-15 17:00:00+00:00,9.36,9.36,9.21,9.24,57.1
2026-02-15 18:00:00+00:00,9.25,9.28,9.25,9.28,3.91
2026-02-15 19:00:00+00:00,9.28,9.28,9.28,9.28,0.0
2026-02-15 20:00:00+00:00,9.18,9.19,9.16,9.16,5.26
2026-02-15 21:00:00+00:00,9.25,9.26,9.25,9.26,0.35
2026-02-15 22:00:00+00:00,9.26,9.26,9.26,9.26,0.0
2026-02-15 23:00:00+00:00,9.27,9.27,9.26,9.26,18.57
2026-02-16 00:00:00+00:00,9.29,9.29,9.29,9.29,1.21
2026-02-16 01:00:00+00:00,9.29,9.29,9.29,9.29,0.0
2026-02-16 02:00:00+00:00,9.29,9.29,9.29,9.29,0.0
2026-02-16 03:00:00+00:00,9.29,9.29,9.29,9.29,0.0
2026-02-16 04:00:00+00:00,9.31,9.31,9.29,9.29,32.21
2026-02-16 05:00:00+00:00,9.32,9.32,9.3,9.3,7.84
2026-02-16 06:00:00+00:00,9.3,9.3,9.3,9.3,0.0
2026-02-16 07:00:00+00:00,9.3,9.3,9.3,9.3,0.0
2026-02-16 08:00:00+00:00,9.3,9.3,9.3,9.3,2.79
2026-02-16 09:00:00+00:00,9.28,9.28,9.28,9.28,9.58
2026-02-16 10:00:00+00:00,9.28,9.28,9.28,9.28,0.0
2026-02-16 11:00:00+00:00,9.2,9.29,9.2,9.23,13.21
2026-02-16 12:00:00+00:00,9.23,9.23,9.23,9.23,0.0
2026-02-16 13:00:00+00:00,9.38,9.41,9.38,9.41,35.06
2026-02-16 14:00:00+00:00,9.22,9.22,9.21,9.21,66.96
2026-02-16 15:00:00+00:00,9.26,9.26,9.07,9.09,100.2
2026-02-16 16:00:00+00:00,9.09,9.09,9.09,9.09,0.0
2026-02-16 17:00:00+00:00,9.13,9.15,9.13,9.14,11.76
2026-02-16 18:00:00+00:00,9.15,9.15,9.15,9.15,10.77
2026-02-16 19:00:00+00:00,9.15,9.16,9.15,9.16,1.09
2026-02-16 20:00:00+00:00,9.16,9.16,9.16,9.16,0.0
2026-02-16 21:00:00+00:00,9.21,9.22,9.21,9.21,6.47
2026-02-16 22:00:00+00:00,9.27,9.32,9.27,9.32,3.81
2026-02-16 23:00:00+00:00,9.32,9.32,9.32,9.32,0.0
2026-02-17 00:00:00+00:00,9.24,9.24,9.24,9.24,118.07
2026-02-17 01:00:00+00:00,9.23,9.27,9.23,9.27,22.81
2026-02-17 02:00:00+00:00,9.27,9.27,9.27,9.27,10.05
2026-02-17 03:00:00+00:00,9.27,9.27,9.27,9.27,0.0
2026-02-17 04:00:00+00:00,9.2,9.2,9.2,9.2,0.87
2026-02-17 05:00:00+00:00,9.2,9.23,9.2,9.23,3.51
2026-02-17 06:00:00+00:00,9.23,9.23,9.23,9.23,0.0
2026-02-17 07:00:00+00:00,9.23,9.23,9.23,9.23,0.0
2026-02-17 08:00:00+00:00,9.23,9.23,9.23,9.23,0.0
2026-02-17 09:00:00+00:00,9.16,9.17,9.16,9.17,3.25
2026-02-17 10:00:00+00:00,9.11,9.11,9.06,9.06,10.1
2026-02-17 11:00:00+00:00,9.06,9.06,9.06,9.06,0.0
2026-02-17 12:00:00+00:00,9.14,9.14,9.14,9.14,17.58
2026-02-17 13:00:00+00:00,9.21,9.21,9.21,9.21,44.7
2026-02-17 14:00:00+00:00,9.04,9.05,9.04,9.04,30.57
2026-02-17 15:00:00+00:00,9.04,9.1,9.04,9.07,13.85
2026-02-17 16:00:00+00:00,9.24,9.27,9.19,9.19,9.31
2026-02-17 17:00:00+00:00,9.07,9.08,9.05,9.05,5.85
2026-02-17 18:00:00+00:00,9.2,9.23,9.19,9.23,6.88
2026-02-17 19:00:00+00:00,9.23,9.23,9.23,9.23,0.0
2026-02-17 20:00:00+00:00,9.23,9.23,9.23,9.23,0.0
2026-02-17 21:00:00+00:00,9.23,9.23,9.23,9.23,0.0
2026-02-17 22:00:00+00:00,9.17,9.17,9.17,9.17,5.44
2026-02-17 23:00:00+00:00,9.17,9.17,9.17,9.17,16.18
2026-02-18 00:00:00+00:00,9.13,9.13,9.13,9.13,1.64
2026-02-18 01:00:00+00:00,9.13,9.13,9.13,9.13,0.0
2026-02-18 02:00:00+00:00,9.14,9.14,9.14,9.14,1.09
2026-02-18 03:00:00+00:00,9.14,9.14,9.14,9.14,0.0
2026-02-18 04:00:00+00:00,9.14,9.14,9.14,9.14,0.0
2026-02-18 05:00:00+00:00,9.08,9.08,9.05,9.05,13.58
2026-02-18 06:00:00+00:00,9.07,9.07,9.07,9.07,11.03
2026-02-18 07:00:00+00:00,9.07,9.07,9.07,9.07,0.0
2026-02-18 08:00:00+00:00,9.14,9.15,9.14,9.15,0.93
2026-02-18 09:00:00+00:00,9.11,9.14,9.11,9.14,5.28
2026-02-18 10:00:00+00:00,9.14,9.14,9.14,9.14,0.0
2026-02-18 11:00:00+00:00,9.07,9.07,9.01,9.06,31.15
2026-02-18 12:00:00+00:00,9.06,9.06,9.06,9.06,0.0
2026-02-18 13:00:00+00:00,9.07,9.08,9.0,9.0,13.31
2026-02-18 14:00:00+00:00,8.98,9.03,8.98,9.01,12.4
2026-02-18 15:00:00+00:00,9.09,9.09,9.05,9.05,11.61
2026-02-18 16:00:00+00:00,9.05,9.05,9.05,9.05,1.75
2026-02-18 17:00:00+00:00,9.05,9.05,9.04,9.04,27.99
2026-02-18 18:00:00+00:00,8.95,8.97,8.93,8.97,40.95
2026-02-18 19:00:00+00:00,8.91,8.93,8.81,8.84,152.33
2026-02-18 20:00:00+00:00,8.87,8.87,8.87,8.87,0.36
2026-02-18 21:00:00+00:00,8.87,8.87,8.87,8.87,0.0
2026-02-18 22:00:00+00:00,8.85,8.85,8.85,8.85,5.64
2026-02-18 23:00:00+00:00,8.85,8.88,8.85,8.88,114.25
2026-02-19 00:00:00+00:00,8.88,8.88,8.88,8.88,0.0
2026-02-19 01:00:00+00:00,8.87,8.87,8.87,8.87,1.2
2026-02-19 02:00:00+00:00,8.89,8.89,8.89,8.89,11.22
2026-02-19 03:00:00+00:00,8.89,8.89,8.89,8.89,0.0
2026-02-19 04:00:00+00:00,8.92,8.94,8.9,8.93,10.97
2026-02-19 05:00:00+00:00,8.9,8.9,8.85,8.85,3.52
2026-02-19 06:00:00+00:00,8.91,8.91,8.91,8.91,0.56
2026-02-19 07:00:00+00:00,8.91,8.91,8.91,8.91,0.0
2026-02-19 08:00:00+00:00,8.91,8.91,8.91,8.91,0.0
2026-02-19 09:00:00+00:00,8.91,8.91,8.91,8.91,0.0
2026-02-19 10:00:00+00:00,8.91,8.91,8.91,8.91,0.0
2026-02-19 11:00:00+00:00,8.8,8.8,8.8,8.8,1.34
2026-02-19 12:00:00+00:00,8.79,8.79,8.79,8.79,3.01
2026-02-19 13:00:00+00:00,8.78,8.78,8.7,8.7,10.97
2026-02-19 14:00:00+00:00,8.75,8.8,8.69,8.8,253.6
2026-02-19 15:00:00+00:00,8.79,8.83,8.79,8.81,117.53
2026-02-19 16:00:00+00:00,8.82,8.9,8.81,8.84,141.26
2026-02-19 17:00:00+00:00,8.86,8.86,8.84,8.84,43.06
2026-02-19 18:00:00+00:00,8.8,8.91,8.8,8.91,148.96
2026-02-19 19:00:00+00:00,8.88,8.89,8.84,8.87,87.32
2026-02-19 20:00:00+00:00,8.88,8.91,8.88,8.91,325.82
2026-02-19 21:00:00+00:00,8.91,8.93,8.9,8.9,32.92
2026-02-19 22:00:00+00:00,8.9,8.9,8.88,8.88,33.28
2026-02-19 23:00:00+00:00,8.88,8.88,8.88,8.88,0.0
2026-02-20 00:00:00+00:00,8.88,8.88,8.88,8.88,0.0
2026-02-20 01:00:00+00:00,8.93,8.93,8.93,8.93,47.22
2026-02-20 02:00:00+00:00,8.95,8.95,8.95,8.95,33.45
2026-02-20 03:00:00+00:00,8.94,8.94,8.94,8.94,5.58
2026-02-20 04:00:00+00:00,8.9,8.95,8.9,8.95,45.25
2026-02-20 05:00:00+00:00,8.92,9.01,8.92,9.01,14.75
2026-02-20 06:00:00+00:00,9.04,9.05,9.04,9.05,21.21
2026-02-20 07:00:00+00:00,9.09,9.27,9.09,9.2,211.76
2026-02-20 08:00:00+00:00,9.2,9.2,9.2,9.2,0.0
2026-02-20 09:00:00+00:00,9.24,9.31,9.23,9.27,73.46
2026-02-20 10:00:00+00:00,9.31,9.31,9.24,9.24,315.99
2026-02-20 11:00:00+00:00,9.24,9.24,9.24,9.24,0.0
2026-02-20 12:00:00+00:00,9.13,9.13,9.1,9.11,135.64
2026-02-20 13:00:00+00:00,9.08,9.1,8.94,8.98,156.97
2026-02-20 14:00:00+00:00,8.98,8.98,8.98,8.98,0.0
2026-02-20 15:00:00+00:00,9.14,9.16,9.05,9.12,138.51
2026-02-20 16:00:00+00:00,9.21,9.22,9.1,9.1,224.28
2026-02-20 17:00:00+00:00,9.02,9.03,9.02,9.03,3.87
2026-02-20 18:00:00+00:00,9.14,9.16,9.13,9.13,10.97
2026-02-20 19:00:00+00:00,9.11,9.14,9.11,9.14,3.67
2026-02-20 20:00:00+00:00,9.14,9.14,9.14,9.14,0.0
2026-02-20 21:00:00+00:00,9.16,9.16,9.16,9.16,2.17
2026-02-20 22:00:00+00:00,9.16,9.16,9.16,9.16,0.0
2026-02-20 23:00:00+00:00,9.16,9.16,9.16,9.16,0.0
2026-02-21 00:00:00+00:00,9.16,9.16,9.16,9.16,4.11
2026-02-21 01:00:00+00:00,9.13,9.13,9.13,9.13,2.42
2026-02-21 02:00:00+00:00,9.18,9.18,9.18,9.18,11.24
2026-02-21 03:00:00+00:00,9.18,9.18,9.18,9.18,0.0
2026-02-21 04:00:00+00:00,9.17,9.17,9.17,9.17,0.54
2026-02-21 05:00:00+00:00,9.2,9.2,9.18,9.18,5.33
2026-02-21 06:00:00+00:00,9.18,9.18,9.18,9.18,0.0
2026-02-21 07:00:00+00:00,9.15,9.15,9.14,9.14,64.2
2026-02-21 08:00:00+00:00,9.14,9.14,9.14,9.14,0.0
2026-02-21 09:00:00+00:00,9.23,9.23,9.23,9.23,1.39
2026-02-21 10:00:00+00:00,9.24,9.27,9.24,9.26,21.12
2026-02-21 11:00:00+00:00,9.28,9.28,9.28,9.28,1.31
2026-02-21 12:00:00+00:00,9.28,9.28,9.24,9.27,39.19
2026-02-21 13:00:00+00:00,9.31,9.34,9.31,9.34,3.61
2026-02-21 14:00:00+00:00,9.39,9.45,9.39,9.4,103.19
2026-02-21 15:00:00+00:00,9.36,9.36,9.28,9.28,44.72
2026-02-21 16:00:00+00:00,9.22,9.25,9.21,9.25,7.19
2026-02-21 17:00:00+00:00,9.24,9.28,9.24,9.25,0.49
2026-02-21 18:00:00+00:00,9.3,9.3,9.27,9.3,4.52
2026-02-21 19:00:00+00:00,9.3,9.3,9.3,9.3,0.0
2026-02-21 20:00:00+00:00,9.28,9.28,9.27,9.27,5.78
2026-02-21 21:00:00+00:00,9.18,9.19,9.18,9.19,1.29
2026-02-21 22:00:00+00:00,9.17,9.17,9.17,9.17,10.88
2026-02-21 23:00:00+00:00,9.17,9.17,9.17,9.17,0.0
2026-02-22 00:00:00+00:00,9.09,9.1,9.05,9.05,13.52
2026-02-22 01:00:00+00:00,9.07,9.08,9.06,9.06,210.85
2026-02-22 02:00:00+00:00,9.02,9.05,9.02,9.05,4.21
2026-02-22 03:00:00+00:00,9.04,9.04,9.04,9.04,31.49
2026-02-22 04:00:00+00:00,9.05,9.05,9.05,9.05,71.67
2026-02-22 05:00:00+00:00,9.04,9.04,9.0,9.0,20.16
2026-02-22 06:00:00+00:00,9.0,9.0,9.0,9.0,0.0
2026-02-22 07:00:00+00:00,9.0,9.0,9.0,9.0,0.0
2026-02-22 08:00:00+00:00,9.0,9.0,9.0,9.0,0.0
2026-02-22 09:00:00+00:00,8.98,8.98,8.98,8.98,8.39
2026-02-22 10:00:00+00:00,8.98,8.98,8.98,8.98,0.0
2026-02-22 11:00:00+00:00,8.98,8.98,8.98,8.98,0.0
2026-02-22 12:00:00+00:00,8.96,8.96,8.89,8.9,20.18
2026-02-22 13:00:00+00:00,8.9,8.9,8.9,8.9,0.0
2026-02-22 14:00:00+00:00,8.87,8.87,8.87,8.87,2.59
2026-02-22 15:00:00+00:00,8.85,8.87,8.84,8.84,66.88
2026-02-22 16:00:00+00:00,8.84,8.84,8.84,8.84,0.0
2026-02-22 17:00:00+00:00,8.84,8.84,8.84,8.84,0.0
2026-02-22 18:00:00+00:00,8.83,8.83,8.83,8.83,2.94
2026-02-22 19:00:00+00:00,8.82,8.82,8.82,8.82,1.13
2026-02-22 20:00:00+00:00,8.8,8.82,8.8,8.82,1.07
2026-02-22 21:00:00+00:00,8.82,8.83,8.81,8.82,8.62
2026-02-22 22:00:00+00:00,8.82,8.82,8.82,8.82,0.0
2026-02-22 23:00:00+00:00,8.82,8.82,8.82,8.82,0.0
2026-02-23 00:00:00+00:00,8.9,8.9,8.8,8.8,8.68
2026-02-23 01:00:00+00:00,8.72,8.72,8.37,8.37,221.07
2026-02-23 02:00:00+00:00,8.36,8.36,8.36,8.36,0.31
2026-02-23 03:00:00+00:00,8.42,8.42,8.42,8.42,20.13
2026-02-23 04:00:00+00:00,8.41,8.41,8.34,8.35,86.85
2026-02-23 05:00:00+00:00,8.39,8.39,8.39,8.39,2.97
2026-02-23 06:00:00+00:00,8.56,8.56,8.56,8.56,2.59
2026-02-23 07:00:00+00:00,8.59,8.59,8.59,8.59,1.31
2026-02-23 08:00:00+00:00,8.55,8.55,8.55,8.55,6.34
2026-02-23 09:00:00+00:00,8.56,8.64,8.54,8.64,107.81
2026-02-23 10:00:00+00:00,8.64,8.64,8.64,8.64,0.0
2026-02-23 11:00:00+00:00,8.64,8.64,8.64,8.64,0.0
2026-02-23 12:00:00+00:00,8.72,8.74,8.72,8.74,4.35
2026-02-23 13:00:00+00:00,8.74,8.74,8.74,8.74,0.0
2026-02-23 14:00:00+00:00,8.6,8.6,8.6,8.6,2.96
2026-02-23 15:00:00+00:00,8.63,8.63,8.6,8.6,0.93
2026-02-23 16:00:00+00:00,8.53,8.6,8.53,8.6,49.51
2026-02-23 17:00:00+00:00,8.52,8.52,8.39,8.39,11.93
2026-02-23 18:00:00+00:00,8.46,8.47,8.46,8.47,118.91
2026-02-23 19:00:00+00:00,8.47,8.47,8.47,8.47,0.0
2026-02-23 20:00:00+00:00,8.47,8.47,8.47,8.47,0.0
2026-02-23 21:00:00+00:00,8.41,8.41,8.41,8.41,2.12
2026-02-23 22:00:00+00:00,8.41,8.41,8.41,8.41,0.0
2026-02-23 23:00:00+00:00,8.42,8.42,8.42,8.42,1.2
2026-02-24 00:00:00+00:00,8.42,8.42,8.42,8.42,0.0
2026-02-24 01:00:00+00:00,8.34,8.44,8.24,8.44,169.25
2026-02-24 02:00:00+00:00,8.38,8.38,8.35,8.35,5.94
2026-02-24 03:00:00+00:00,8.31,8.31,8.31,8.31,20.3
2026-02-24 04:00:00+00:00,8.27,8.3,8.27,8.29,61.0
2026-02-24 05:00:00+00:00,8.31,8.31,8.31,8.31,3.01
2026-02-24 06:00:00+00:00,8.31,8.31,8.31,8.31,0.0
2026-02-24 07:00:00+00:00,8.31,8.31,8.31,8.31,0.0
2026-02-24 08:00:00+00:00,8.27,8.27,8.27,8.27,10.0
2026-02-24 09:00:00+00:00,8.26,8.26,8.26,8.26,3.52
2026-02-24 10:00:00+00:00,8.26,8.26,8.26,8.26,0.0
2026-02-24 11:00:00+00:00,8.29,8.3,8.29,8.3,31.18
2026-02-24 12:00:00+00:00,8.3,8.3,8.3,8.3,0.0
2026-02-24 13:00:00+00:00,8.28,8.28,8.28,8.28,5.39
2026-02-24 14:00:00+00:00,8.2,8.32,8.18,8.32,30.52
2026-02-24 15:00:00+00:00,8.32,8.32,8.32,8.32,40.22
2026-02-24 16:00:00+00:00,8.32,8.32,8.32,8.32,0.0
2026-02-24 17:00:00+00:00,8.39,8.4,8.35,8.4,6.27
2026-02-24 18:00:00+00:00,8.41,8.42,8.38,8.42,12.72
2026-02-24 19:00:00+00:00,8.32,8.35,8.32,8.32,10.22
2026-02-24 20:00:00+00:00,8.32,8.32,8.32,8.32,0.0
2026-02-24 21:00:00+00:00,8.32,8.32,8.32,8.32,19.42
2026-02-24 22:00:00+00:00,8.32,8.32,8.31,8.31,12.64
2026-02-24 23:00:00+00:00,8.24,8.3,8.24,8.28,75.81
2026-02-25 00:00:00+00:00,8.3,8.3,8.3,8.3,15.67
2026-02-25 01:00:00+00:00,8.35,8.61,8.35,8.61,220.81
2026-02-25 02:00:00+00:00,8.68,8.68,8.62,8.65,48.07
2026-02-25 03:00:00+00:00,8.61,8.61,8.57,8.57,33.94
2026-02-25 04:00:00+00:00,8.5,8.52,8.5,8.52,94.2
2026-02-25 05:00:00+00:00,8.54,8.54,8.54,8.54,2.92
2026-02-25 06:00:00+00:00,8.54,8.54,8.54,8.54,0.0
2026-02-25 07:00:00+00:00,8.54,8.54,8.54,8.54,0.0
2026-02-25 08:00:00+00:00,8.54,8.54,8.54,8.54,0.0
2026-02-25 09:00:00+00:00,8.65,8.72,8.65,8.72,23.79
2026-02-25 10:00:00+00:00,8.75,8.75,8.75,8.75,2.94
2026-02-25 11:00:00+00:00,8.8,8.85,8.8,8.85,19.1
2026-02-25 12:00:00+00:00,9.0,9.32,8.99,9.26,97.46
2026-02-25 13:00:00+00:00,9.41,9.5,9.41,9.5,93.28
2026-02-25 14:00:00+00:00,9.41,9.41,9.41,9.41,62.3
2026-02-25 15:00:00+00:00,9.49,9.57,9.49,9.56,23.3
2026-02-25 16:00:00+00:00,9.64,9.74,9.64,9.74,5.17
2026-02-25 17:00:00+00:00,9.78,9.78,9.78,9.78,15.0
2026-02-25 18:00:00+00:00,9.66,9.73,9.58,9.73,75.07
2026-02-25 19:00:00+00:00,9.71,9.71,9.67,9.7,17.75
2026-02-25 20:00:00+00:00,9.72,9.75,9.64,9.7,129.84
2026-02-25 21:00:00+00:00,9.69,9.83,9.69,9.74,17.99
2026-02-25 22:00:00+00:00,9.61,9.61,9.57,9.57,15.76
2026-02-25 23:00:00+00:00,9.63,9.63,9.5,9.5,151.79
2026-02-26 00:00:00+00:00,9.5,9.5,9.5,9.5,0.0
2026-02-26 01:00:00+00:00,9.54,9.54,9.54,9.54,17.32
2026-02-26 02:00:00+00:00,9.54,9.54,9.54,9.54,0.0
2026-02-26 03:00:00+00:00,9.54,9.54,9.54,9.54,0.0
2026-02-26 04:00:00+00:00,9.54,9.54,9.54,9.54,0.0
2026-02-26 05:00:00+00:00,9.5,9.5,9.5,9.5,2.63
2026-02-26 06:00:00+00:00,9.4,9.4,9.35,9.35,5.53
2026-02-26 07:00:00+00:00,9.39,9.39,9.33,9.33,23.51
2026-02-26 08:00:00+00:00,9.32,9.32,9.32,9.32,9.68
2026-02-26 09:00:00+00:00,9.35,9.37,9.35,9.37,19.8
2026-02-26 10:00:00+00:00,9.39,9.39,9.39,9.39,10.8
2026-02-26 11:00:00+00:00,9.3,9.3,9.25,9.25,46.88
2026-02-26 12:00:00+00:00,9.25,9.33,9.25,9.33,24.91
2026-02-26 13:00:00+00:00,9.33,9.33,9.33,9.33,0.0
2026-02-26 14:00:00+00:00,9.34,9.34,9.33,9.33,27.44
2026-02-26 15:00:00+00:00,9.32,9.32,9.25,9.27,37.08
2026-02-26 16:00:00+00:00,9.22,9.22,9.09,9.09,138.17
2026-02-26 17:00:00+00:00,9.09,9.09,9.09,9.09,0.0
2026-02-26 18:00:00+00:00,9.12,9.22,9.12,9.22,1.52
2026-02-26 19:00:00+00:00,9.3,9.3,9.3,9.3,19.84
2026-02-26 20:00:00+00:00,9.29,9.29,9.29,9.29,1.29
2026-02-26 21:00:00+00:00,9.27,9.27,9.23,9.26,72.79
2026-02-26 22:00:00+00:00,9.27,9.3,9.27,9.3,70.49
2026-02-26 23:00:00+00:00,9.3,9.3,9.3,9.3,0.0
2026-02-27 00:00:00+00:00,9.3,9.3,9.3,9.3,0.0
2026-02-27 01:00:00+00:00,9.3,9.3,9.26,9.29,187.4
2026-02-27 02:00:00+00:00,9.31,9.38,9.3,9.34,62.25
2026-02-27 03:00:00+00:00,9.35,9.41,9.35,9.41,60.16
2026-02-27 04:00:00+00:00,9.43,9.46,9.43,9.43,67.59
2026-02-27 05:00:00+00:00,9.43,9.43,9.39,9.39,22.01
2026-02-27 06:00:00+00:00,9.39,9.39,9.39,9.39,2.51
2026-02-27 07:00:00+00:00,9.41,9.41,9.41,9.41,7.95
2026-02-27 08:00:00+00:00,9.36,9.37,9.36,9.37,37.07
2026-02-27 09:00:00+00:00,9.35,9.35,9.35,9.35,2.49
2026-02-27 10:00:00+00:00,9.22,9.23,9.13,9.13,72.32
2026-02-27 11:00:00+00:00,9.09,9.09,9.0,9.01,67.87
2026-02-27 12:00:00+00:00,9.02,9.04,9.0,9.0,133.89
2026-02-27 13:00:00+00:00,9.05,9.05,8.94,8.95,16.04
2026-02-27 14:00:00+00:00,8.99,8.99,8.95,8.95,1.67
2026-02-27 15:00:00+00:00,9.02,9.02,9.0,9.0,8.91
2026-02-27 16:00:00+00:00,8.93,8.93,8.91,8.91,3.47
2026-02-27 17:00:00+00:00,8.91,8.91,8.87,8.87,31.28
2026-02-27 18:00:00+00:00,8.96,8.96,8.96,8.96,23.84
2026-02-27 19:00:00+00:00,8.86,8.86,8.86,8.86,80.72
2026-02-27 20:00:00+00:00,8.86,8.86,8.86,8.86,0.0
2026-02-27 21:00:00+00:00,8.86,8.86,8.86,8.86,0.0
2026-02-27 22:00:00+00:00,8.87,8.89,8.8,8.89,119.11
2026-02-27 23:00:00+00:00,8.87,8.94,8.87,8.94,11.17
2026-02-28 00:00:00+00:00,8.94,8.94,8.94,8.94,0.0
2026-02-28 01:00:00+00:00,8.97,8.97,8.93,8.93,14.61
2026-02-28 02:00:00+00:00,8.93,8.93,8.93,8.93,0.0
2026-02-28 03:00:00+00:00,8.92,8.92,8.92,8.92,5.4
2026-02-28 04:00:00+00:00,8.89,8.89,8.89,8.89,0.56
2026-02-28 05:00:00+00:00,8.91,8.91,8.88,8.88,3.26
2026-02-28 06:00:00+00:00,8.86,8.86,8.53,8.6,276.84
2026-02-28 07:00:00+00:00,8.5,8.72,8.5,8.72,97.59
2026-02-28 08:00:00+00:00,8.53,8.55,8.48,8.49,52.04
2026-02-28 09:00:00+00:00,8.5,8.51,8.46,8.48,10.79
2026-02-28 10:00:00+00:00,8.48,8.48,8.48,8.48,0.0
2026-02-28 11:00:00+00:00,8.54,8.54,8.51,8.51,33.1
2026-02-28 12:00:00+00:00,8.51,8.51,8.51,8.51,0.0
2026-02-28 13:00:00+00:00,8.54,8.66,8.54,8.66,59.25
2026-02-28 14:00:00+00:00,8.72,8.72,8.66,8.66,16.86
2026-02-28 15:00:00+00:00,8.61,8.66,8.61,8.66,23.66
2026-02-28 16:00:00+00:00,8.64,8.64,8.64,8.64,3.0
2026-02-28 17:00:00+00:00,8.64,8.64,8.64,8.64,0.0
2026-02-28 18:00:00+00:00,8.76,8.94,8.76,8.94,9.94
2026-02-28 19:00:00+00:00,8.92,8.96,8.83,8.93,385.03
2026-02-28 20:00:00+00:00,8.91,9.14,8.91,9.14,89.21
2026-02-28 21:00:00+00:00,9.16,9.16,9.13,9.13,53.1
2026-02-28 22:00:00+00:00,9.19,9.21,9.19,9.21,30.46
2026-02-28 23:00:00+00:00,9.18,9.18,9.18,9.18,21.45
2026-03-01 00:00:00+00:00,9.18,9.18,9.13,9.13,4.66
2026-03-01 01:00:00+00:00,9.06,9.29,9.06,9.29,10.21
2026-03-01 02:00:00+00:00,9.32,9.42,9.32,9.37,99.59
2026-03-01 03:00:00+00:00,9.37,9.37,9.25,9.26,17.32
2026-03-01 04:00:00+00:00,9.27,9.27,9.19,9.19,5.1
2026-03-01 05:00:00+00:00,9.29,9.34,9.28,9.31,21.66
2026-03-01 06:00:00+00:00,9.23,9.23,9.23,9.23,3.22
2026-03-01 07:00:00+00:00,9.19,9.24,9.18,9.2,4.99
2026-03-01 08:00:00+00:00,9.2,9.2,9.2,9.2,0.0
2026-03-01 09:00:00+00:00,9.18,9.18,9.18,9.18,9.61
2026-03-01 10:00:00+00:00,9.16,9.18,9.16,9.18,32.48
2026-03-01 11:00:00+00:00,9.18,9.18,9.18,9.18,2.72
2026-03-01 12:00:00+00:00,9.08,9.09,9.07,9.09,7.41
2026-03-01 13:00:00+00:00,9.06,9.19,9.04,9.18,184.52
2026-03-01 14:00:00+00:00,9.17,9.17,9.17,9.17,2.72
2026-03-01 15:00:00+00:00,9.15,9.17,9.15,9.17,1.3
2026-03-01 16:00:00+00:00,9.15,9.16,8.98,8.98,16.61
2026-03-01 17:00:00+00:00,9.0,9.04,8.97,9.02,53.8
2026-03-01 18:00:00+00:00,9.09,9.09,9.06,9.06,24.16
2026-03-01 19:00:00+00:00,9.06,9.06,9.06,9.06,0.0
2026-03-01 20:00:00+00:00,8.96,8.96,8.85,8.85,36.77
2026-03-01 21:00:00+00:00,8.88,8.96,8.86,8.93,8.36
2026-03-01 22:00:00+00:00,8.97,9.04,8.97,9.04,80.29
2026-03-01 23:00:00+00:00,9.04,9.04,9.04,9.04,0.0
2026-03-02 00:00:00+00:00,9.13,9.13,9.13,9.13,4.0
2026-03-02 01:00:00+00:00,9.11,9.14,9.11,9.12,19.5
2026-03-02 02:00:00+00:00,9.12,9.12,9.04,9.04,15.97
2026-03-02 03:00:00+00:00,9.1,9.12,9.09,9.09,29.35
2026-03-02 04:00:00+00:00,9.11,9.11,9.07,9.07,2.13
2026-03-02 05:00:00+00:00,9.07,9.09,9.05,9.06,8.61
2026-03-02 06:00:00+00:00,9.06,9.06,9.06,9.06,0.0
2026-03-02 07:00:00+00:00,8.94,8.94,8.88,8.88,9.0
2026-03-02 08:00:00+00:00,8.88,8.99,8.88,8.99,125.65
2026-03-02 09:00:00+00:00,8.99,9.02,8.96,9.0,33.99
2026-03-02 10:00:00+00:00,9.0,9.0,9.0,9.0,0.0
2026-03-02 11:00:00+00:00,9.0,9.0,9.0,9.0,0.0
2026-03-02 12:00:00+00:00,9.0,9.0,9.0,9.0,0.0
2026-03-02 13:00:00+00:00,8.92,8.92,8.92,8.92,1.43
2026-03-02 14:00:00+00:00,8.9,9.16,8.9,9.13,317.72
2026-03-02 15:00:00+00:00,9.16,9.38,9.16,9.32,359.19
2026-03-02 16:00:00+00:00,9.35,9.45,9.35,9.45,51.45
2026-03-02 17:00:00+00:00,9.31,9.35,9.21,9.26,30.28
2026-03-02 18:00:00+00:00,9.28,9.3,9.23,9.27,11.22
2026-03-02 19:00:00+00:00,9.21,9.24,9.19,9.24,74.87
2026-03-02 20:00:00+00:00,9.23,9.23,9.23,9.23,124.22
2026-03-02 21:00:00+00:00,9.2,9.2,9.2,9.2,25.84
2026-03-02 22:00:00+00:00,9.2,9.2,9.2,9.2,0.0
2026-03-02 23:00:00+00:00,9.23,9.23,9.23,9.23,31.29
2026-03-03 00:00:00+00:00,9.17,9.23,9.16,9.2,377.52
2026-03-03 01:00:00+00:00,9.19,9.19,9.19,9.19,8.22
2026-03-03 02:00:00+00:00,9.19,9.19,9.19,9.19,0.0
2026-03-03 03:00:00+00:00,9.19,9.19,9.19,9.19,0.0
2026-03-03 04:00:00+00:00,9.19,9.19,9.19,9.19,0.0
2026-03-03 05:00:00+00:00,9.08,9.19,9.08,9.19,34.7
2026-03-03 06:00:00+00:00,9.19,9.19,9.19,9.19,0.0
2026-03-03 07:00:00+00:00,9.19,9.19,9.19,9.19,0.0
2026-03-03 08:00:00+00:00,9.08,9.08,8.98,9.0,24.25
2026-03-03 09:00:00+00:00,9.03,9.03,9.03,9.03,4.69
2026-03-03 10:00:00+00:00,8.96,8.96,8.96,8.96,0.5
2026-03-03 11:00:00+00:00,9.02,9.02,9.02,9.02,5.91
2026-03-03 12:00:00+00:00,9.02,9.02,9.02,9.02,0.0
2026-03-03 13:00:00+00:00,8.95,8.96,8.95,8.96,5.87
2026-03-03 14:00:00+00:00,8.97,9.02,8.93,8.93,72.28
2026-03-03 15:00:00+00:00,9.01,9.14,9.01,9.14,3.06
2026-03-03 16:00:00+00:00,9.22,9.31,9.15,9.17,64.49
2026-03-03 17:00:00+00:00,9.2,9.22,9.18,9.22,48.68
2026-03-03 18:00:00+00:00,9.26,9.26,9.24,9.24,11.32
2026-03-03 19:00:00+00:00,9.21,9.21,9.16,9.16,91.85
2026-03-03 20:00:00+00:00,9.17,9.18,9.17,9.18,145.87
2026-03-03 21:00:00+00:00,9.1,9.1,9.06,9.08,17.3
2026-03-03 22:00:00+00:00,9.12,9.12,9.12,9.12,0.55
2026-03-03 23:00:00+00:00,9.17,9.17,9.17,9.17,27.42
2026-03-04 00:00:00+00:00,9.17,9.17,9.17,9.17,0.0
2026-03-04 01:00:00+00:00,9.17,9.17,9.17,9.17,0.0
2026-03-04 02:00:00+00:00,9.21,9.21,9.21,9.21,31.85
2026-03-04 03:00:00+00:00,9.19,9.19,9.19,9.19,31.77
2026-03-04 04:00:00+00:00,9.1,9.1,9.1,9.1,3.26
2026-03-04 05:00:00+00:00,9.11,9.11,9.05,9.05,8.91
2026-03-04 06:00:00+00:00,9.05,9.05,9.05,9.05,0.0
2026-03-04 07:00:00+00:00,9.05,9.05,9.05,9.05,0.0
2026-03-04 08:00:00+00:00,9.2,9.39,9.2,9.39,10.13
2026-03-04 09:00:00+00:00,9.35,9.43,9.35,9.42,37.65
2026-03-04 10:00:00+00:00,9.37,9.37,9.37,9.37,31.53
2026-03-04 11:00:00+00:00,9.37,9.37,9.37,9.37,0.0
2026-03-04 12:00:00+00:00,9.31,9.31,9.31,9.31,2.14
2026-03-04 13:00:00+00:00,9.31,9.31,9.31,9.31,0.0
2026-03-04 14:00:00+00:00,9.38,9.49,9.36,9.36,212.56
2026-03-04 15:00:00+00:00,9.4,9.72,9.4,9.72,49.02
2026-03-04 16:00:00+00:00,9.58,9.6,9.58,9.6,32.31
2026-03-04 17:00:00+00:00,9.62,9.62,9.5,9.56,156.22
2026-03-04 18:00:00+00:00,9.56,9.56,9.56,9.56,0.63
2026-03-04 19:00:00+00:00,9.66,9.72,9.66,9.69,34.95
2026-03-04 20:00:00+00:00,9.61,9.61,9.6,9.61,26.28
2026-03-04 21:00:00+00:00,9.55,9.57,9.55,9.55,37.2
2026-03-04 22:00:00+00:00,9.51,9.51,9.5,9.5,2.56
2026-03-04 23:00:00+00:00,9.51,9.51,9.48,9.48,28.36
2026-03-05 00:00:00+00:00,9.47,9.47,9.47,9.47,12.31
2026-03-05 01:00:00+00:00,9.52,9.52,9.43,9.43,41.62
2026-03-05 02:00:00+00:00,9.52,9.52,9.45,9.45,0.92
2026-03-05 03:00:00+00:00,9.44,9.44,9.44,9.44,20.2
2026-03-05 04:00:00+00:00,9.45,9.45,9.45,9.45,23.13
2026-03-05 05:00:00+00:00,9.48,9.49,9.48,9.49,102.83
2026-03-05 06:00:00+00:00,9.49,9.49,9.49,9.49,0.0
2026-03-05 07:00:00+00:00,9.43,9.43,9.33,9.35,55.11
2026-03-05 08:00:00+00:00,9.36,9.36,9.36,9.36,5.45
2026-03-05 09:00:00+00:00,9.48,9.48,9.48,9.48,6.58
2026-03-05 10:00:00+00:00,9.5,9.57,9.5,9.57,25.08
2026-03-05 11:00:00+00:00,9.5,9.51,9.5,9.51,26.28
2026-03-05 12:00:00+00:00,9.51,9.51,9.51,9.51,0.0
2026-03-05 13:00:00+00:00,9.4,9.4,9.4,9.4,46.06
2026-03-05 14:00:00+00:00,9.44,9.5,9.44,9.5,29.7
2026-03-05 15:00:00+00:00,9.42,9.42,9.35,9.4,18.64
2026-03-05 16:00:00+00:00,9.31,9.37,9.31,9.37,0.61
2026-03-05 17:00:00+00:00,9.36,9.36,9.3,9.3,3.0
2026-03-05 18:00:00+00:00,9.32,9.34,9.32,9.34,15.61
2026-03-05 19:00:00+00:00,9.4,9.41,9.4,9.41,1.03
2026-03-05 20:00:00+00:00,9.46,9.46,9.46,9.46,0.86
2026-03-05 21:00:00+00:00,9.49,9.49,9.49,9.49,2.1
2026-03-05 22:00:00+00:00,9.49,9.49,9.49,9.49,0.0
2026-03-05 23:00:00+00:00,9.42,9.42,9.42,9.42,6.19
2026-03-06 00:00:00+00:00,9.4,9.4,9.4,9.4,8.1
2026-03-06 01:00:00+00:00,9.4,9.4,9.4,9.4,0.0
2026-03-06 02:00:00+00:00,9.4,9.4,9.4,9.4,0.0
2026-03-06 03:00:00+00:00,9.4,9.4,9.4,9.4,0.0
2026-03-06 04:00:00+00:00,9.4,9.4,9.4,9.4,0.0
2026-03-06 05:00:00+00:00,9.37,9.37,9.37,9.37,2.66
2026-03-06 06:00:00+00:00,9.37,9.37,9.37,9.37,0.0
2026-03-06 07:00:00+00:00,9.37,9.37,9.37,9.37,3.2
2026-03-06 08:00:00+00:00,9.41,9.41,9.41,9.41,4.86
2026-03-06 09:00:00+00:00,9.41,9.41,9.41,9.41,0.0
2026-03-06 10:00:00+00:00,9.35,9.37,9.35,9.37,6.81
2026-03-06 11:00:00+00:00,9.28,9.28,9.26,9.26,25.68
2026-03-06 12:00:00+00:00,9.22,9.22,9.18,9.18,102.46
2026-03-06 13:00:00+00:00,9.19,9.23,9.13,9.14,189.25
2026-03-06 14:00:00+00:00,9.08,9.08,8.93,8.93,168.71
2026-03-06 15:00:00+00:00,8.96,9.03,8.96,9.03,15.23
2026-03-06 16:00:00+00:00,9.03,9.03,9.03,9.03,0.0
2026-03-06 17:00:00+00:00,8.93,8.93,8.89,8.89,13.48
2026-03-06 18:00:00+00:00,8.94,8.98,8.94,8.97,24.05
2026-03-06 19:00:00+00:00,8.97,8.97,8.97,8.97,3.41
2026-03-06 20:00:00+00:00,8.98,8.98,8.96,8.96,0.8
2026-03-06 21:00:00+00:00,9.03,9.03,9.03,9.03,0.33
2026-03-06 22:00:00+00:00,9.04,9.07,9.04,9.06,27.67
2026-03-06 23:00:00+00:00,9.06,9.06,9.06,9.06,25.09
2026-03-07 00:00:00+00:00,9.03,9.03,9.03,9.03,4.27
2026-03-07 01:00:00+00:00,9.03,9.03,9.03,9.03,0.0
2026-03-07 02:00:00+00:00,9.02,9.06,9.02,9.06,14.95
2026-03-07 03:00:00+00:00,9.06,9.06,9.06,9.06,2.2
2026-03-07 04:00:00+00:00,9.03,9.03,8.98,8.98,1.94
2026-03-07 05:00:00+00:00,9.02,9.02,9.0,9.0,3.74
2026-03-07 06:00:00+00:00,9.0,9.0,9.0,9.0,0.0
2026-03-07 07:00:00+00:00,9.0,9.0,9.0,9.0,0.0
2026-03-07 08:00:00+00:00,9.0,9.0,9.0,9.0,0.0
2026-03-07 09:00:00+00:00,8.99,9.0,8.99,9.0,50.28
2026-03-07 10:00:00+00:00,9.0,9.0,9.0,9.0,0.0
2026-03-07 11:00:00+00:00,9.0,9.0,9.0,9.0,0.0
2026-03-07 12:00:00+00:00,9.01,9.02,9.01,9.02,28.75
2026-03-07 13:00:00+00:00,8.98,8.98,8.98,8.98,34.65
2026-03-07 14:00:00+00:00,8.96,8.96,8.96,8.96,24.48
2026-03-07 15:00:00+00:00,9.0,9.0,8.98,8.98,3.87
2026-03-07 16:00:00+00:00,8.96,8.96,8.96,8.96,22.59
2026-03-07 17:00:00+00:00,8.99,8.99,8.99,8.99,18.19
2026-03-07 18:00:00+00:00,8.96,8.96,8.93,8.93,1.18
2026-03-07 19:00:00+00:00,8.93,8.93,8.93,8.93,0.0
2026-03-07 20:00:00+00:00,8.9,8.91,8.88,8.91,127.83
2026-03-07 21:00:00+00:00,8.94,8.94,8.88,8.88,59.24
2026-03-07 22:00:00+00:00,8.92,8.92,8.92,8.92,6.53
2026-03-07 23:00:00+00:00,8.89,8.89,8.89,8.89,6.31
2026-03-08 00:00:00+00:00,8.89,8.89,8.89,8.89,0.0
2026-03-08 01:00:00+00:00,8.89,8.91,8.89,8.91,22.56
2026-03-08 02:00:00+00:00,8.83,8.83,8.83,8.83,5.55
2026-03-08 03:00:00+00:00,8.83,8.83,8.83,8.83,0.0
2026-03-08 04:00:00+00:00,8.82,8.82,8.8,8.8,16.47
2026-03-08 05:00:00+00:00,8.85,8.88,8.85,8.88,14.81
2026-03-08 06:00:00+00:00,8.86,8.87,8.86,8.87,9.55
2026-03-08 07:00:00+00:00,8.87,8.87,8.87,8.87,0.0
2026-03-08 08:00:00+00:00,8.87,8.87,8.87,8.87,0.0
2026-03-08 09:00:00+00:00,8.91,8.91,8.91,8.91,1.83
2026-03-08 10:00:00+00:00,8.95,9.0,8.95,9.0,25.12
2026-03-08 11:00:00+00:00,9.0,9.0,9.0,9.0,0.0
2026-03-08 12:00:00+00:00,8.94,8.97,8.94,8.97,31.93
2026-03-08 13:00:00+00:00,8.92,8.92,8.87,8.87,202.83
2026-03-08 14:00:00+00:00,8.9,8.9,8.9,8.9,1.76
2026-03-08 15:00:00+00:00,8.89,8.9,8.87,8.87,12.31
2026-03-08 16:00:00+00:00,8.87,8.87,8.87,8.87,0.0
2026-03-08 17:00:00+00:00,8.87,8.87,8.87,8.87,0.0
2026-03-08 18:00:00+00:00,8.87,8.87,8.87,8.87,0.67
2026-03-08 19:00:00+00:00,8.96,8.97,8.96,8.97,2.95
2026-03-08 20:00:00+00:00,8.97,8.97,8.93,8.93,4.01
2026-03-08 21:00:00+00:00,8.93,8.93,8.93,8.93,0.0
2026-03-08 22:00:00+00:00,8.8,8.89,8.69,8.83,113.94
2026-03-08 23:00:00+00:00,8.85,8.85,8.82,8.82,25.47
2026-03-09 00:00:00+00:00,8.9,8.95,8.86,8.91,67.71
2026-03-09 01:00:00+00:00,8.91,8.91,8.91,8.91,0.0
2026-03-09 02:00:00+00:00,8.88,8.88,8.88,8.88,5.61
2026-03-09 03:00:00+00:00,8.96,9.09,8.96,8.97,196.77
2026-03-09 04:00:00+00:00,8.99,9.03,8.99,9.03,25.95
2026-03-09 05:00:00+00:00,9.01,9.23,9.01,9.23,291.57
2026-03-09 06:00:00+00:00,9.23,9.28,9.21,9.21,12.53
2026-03-09 07:00:00+00:00,9.1,9.1,9.05,9.08,212.51
2026-03-09 08:00:00+00:00,9.09,9.15,9.09,9.15,48.33
2026-03-09 09:00:00+00:00,9.07,9.16,9.07,9.16,11.77
2026-03-09 10:00:00+00:00,9.16,9.16,9.16,9.16,0.0
2026-03-09 11:00:00+00:00,9.03,9.06,9.03,9.06,62.12
2026-03-09 12:00:00+00:00,9.11,9.15,9.11,9.14,198.9
2026-03-09 13:00:00+00:00,9.22,9.32,9.22,9.3,104.36
2026-03-09 14:00:00+00:00,9.24,9.31,9.24,9.31,71.24
2026-03-09 15:00:00+00:00,9.27,9.3,9.23,9.23,63.44
2026-03-09 16:00:00+00:00,9.28,9.33,9.28,9.28,26.99
2026-03-09 17:00:00+00:00,9.33,9.33,9.26,9.26,54.6
2026-03-09 18:00:00+00:00,9.32,9.36,9.22,9.31,10.4
2026-03-09 19:00:00+00:00,9.23,9.55,9.23,9.43,136.8
2026-03-09 20:00:00+00:00,9.39,9.39,9.35,9.35,41.38
2026-03-09 21:00:00+00:00,9.34,9.34,9.34,9.34,0.31
2026-03-09 22:00:00+00:00,9.32,9.32,9.29,9.29,58.36
2026-03-09 23:00:00+00:00,9.47,9.47,9.22,9.22,30.38
2026-03-10 00:00:00+00:00,9.25,9.28,9.25,9.28,7.37
2026-03-10 01:00:00+00:00,9.35,9.41,9.35,9.41,197.13
2026-03-10 02:00:00+00:00,9.37,9.54,9.34,9.52,162.7
2026-03-10 03:00:00+00:00,9.46,9.5,9.32,9.35,168.38
2026-03-10 04:00:00+00:00,9.37,9.52,9.37,9.45,177.5
2026-03-10 05:00:00+00:00,9.49,9.49,9.37,9.37,78.09
2026-03-10 06:00:00+00:00,9.37,9.37,9.37,9.37,220.38
2026-03-10 07:00:00+00:00,9.36,9.4,9.36,9.4,144.58
2026-03-10 08:00:00+00:00,9.42,9.53,9.42,9.53,35.02
2026-03-10 09:00:00+00:00,9.48,9.6,9.48,9.59,117.01
2026-03-10 10:00:00+00:00,9.51,9.55,9.51,9.52,328.5
2026-03-10 11:00:00+00:00,9.59,9.6,9.49,9.49,49.18
2026-03-10 12:00:00+00:00,9.46,9.46,9.44,9.44,57.31
2026-03-10 13:00:00+00:00,9.46,9.48,9.35,9.37,12.99
2026-03-10 14:00:00+00:00,9.33,9.65,9.33,9.63,65.23
2026-03-10 15:00:00+00:00,9.65,9.82,9.62,9.82,378.27
2026-03-10 16:00:00+00:00,9.78,10.0,9.71,9.85,145.08
2026-03-10 17:00:00+00:00,9.85,9.92,9.84,9.86,237.95
2026-03-10 18:00:00+00:00,9.87,9.87,9.63,9.63,240.74
2026-03-10 19:00:00+00:00,9.6,9.62,9.53,9.6,88.02
2026-03-10 20:00:00+00:00,9.6,9.6,9.6,9.6,0.0
2026-03-10 21:00:00+00:00,9.56,9.56,9.54,9.55,26.12
2026-03-10 22:00:00+00:00,9.59,9.59,9.59,9.59,0.52
2026-03-10 23:00:00+00:00,9.52,9.52,9.51,9.51,22.77
2026-03-11 00:00:00+00:00,9.56,9.57,9.56,9.57,21.83
2026-03-11 01:00:00+00:00,9.57,9.57,9.49,9.53,14.09
2026-03-11 02:00:00+00:00,9.49,9.49,9.49,9.49,21.21
2026-03-11 03:00:00+00:00,9.55,9.55,9.55,9.55,1.74
2026-03-11 04:00:00+00:00,9.56,9.7,9.56,9.7,43.95
2026-03-11 05:00:00+00:00,9.71,9.72,9.51,9.51,69.43
2026-03-11 06:00:00+00:00,9.53,9.55,9.53,9.55,25.57
2026-03-11 07:00:00+00:00,9.6,9.6,9.49,9.49,58.5
2026-03-11 08:00:00+00:00,9.55,9.55,9.55,9.55,46.0
2026-03-11 09:00:00+00:00,9.54,9.55,9.53,9.55,5.8
2026-03-11 10:00:00+00:00,9.52,9.52,9.52,9.52,21.92
2026-03-11 11:00:00+00:00,9.52,9.52,9.52,9.52,0.0
2026-03-11 12:00:00+00:00,9.57,9.63,9.57,9.57,51.66
2026-03-11 13:00:00+00:00,9.64,9.83,9.64,9.7,800.34
2026-03-11 14:00:00+00:00,9.75,9.75,9.65,9.65,39.82
2026-03-11 15:00:00+00:00,9.61,9.62,9.52,9.61,221.36
2026-03-11 16:00:00+00:00,9.62,9.72,9.56,9.65,9.89
2026-03-11 17:00:00+00:00,9.68,9.75,9.66,9.66,41.45
2026-03-11 18:00:00+00:00,9.68,9.74,9.68,9.74,125.92
2026-03-11 19:00:00+00:00,9.65,9.72,9.65,9.72,2.96
2026-03-11 20:00:00+00:00,9.61,9.65,9.61,9.65,51.96
2026-03-11 21:00:00+00:00,9.65,9.65,9.65,9.65,0.0
2026-03-11 22:00:00+00:00,9.6,9.6,9.6,9.6,19.2
2026-03-11 23:00:00+00:00,9.55,9.55,9.52,9.52,40.51
2026-03-12 00:00:00+00:00,9.52,9.52,9.52,9.52,0.0
2026-03-12 01:00:00+00:00,9.54,9.56,9.5,9.51,7.0
2026-03-12 02:00:00+00:00,9.51,9.53,9.45,9.51,545.39
2026-03-12 03:00:00+00:00,9.47,9.48,9.47,9.48,4.4
2026-03-12 04:00:00+00:00,9.53,9.53,9.5,9.5,15.53
2026-03-12 05:00:00+00:00,9.49,9.49,9.44,9.46,17.05
2026-03-12 06:00:00+00:00,9.46,9.46,9.46,9.46,0.0
2026-03-12 07:00:00+00:00,9.46,9.46,9.46,9.46,0.0
2026-03-12 08:00:00+00:00,9.6,9.6,9.6,9.6,0.88
2026-03-12 09:00:00+00:00,9.56,9.57,9.5,9.57,106.58
2026-03-12 10:00:00+00:00,9.57,9.57,9.57,9.57,0.0
2026-03-12 11:00:00+00:00,9.57,9.57,9.57,9.57,0.0
2026-03-12 12:00:00+00:00,9.57,9.57,9.57,9.57,0.0
2026-03-12 13:00:00+00:00,9.57,9.62,9.54,9.56,129.51
2026-03-12 14:00:00+00:00,9.62,9.62,9.49,9.49,34.28
2026-03-12 15:00:00+00:00,9.5,9.62,9.5,9.57,94.71
2026-03-12 16:00:00+00:00,9.59,9.63,9.53,9.62,525.35
2026-03-12 17:00:00+00:00,9.41,9.61,9.41,9.53,59.71
2026-03-12 18:00:00+00:00,9.6,9.6,9.55,9.58,7.7
2026-03-12 19:00:00+00:00,9.65,9.65,9.53,9.62,41.04
2026-03-12 20:00:00+00:00,9.61,9.62,9.58,9.6,31.56
2026-03-12 21:00:00+00:00,9.64,9.65,9.62,9.62,2.69
2026-03-12 22:00:00+00:00,9.65,9.7,9.65,9.67,27.7
2026-03-12 23:00:00+00:00,9.66,9.72,9.66,9.72,10.24
2026-03-13 00:00:00+00:00,9.79,9.94,9.74,9.93,48.32
2026-03-13 01:00:00+00:00,9.94,9.95,9.89,9.95,577.66
2026-03-13 02:00:00+00:00,9.96,9.99,9.86,9.86,109.36
2026-03-13 03:00:00+00:00,9.92,9.92,9.91,9.91,50.9
2026-03-13 04:00:00+00:00,9.95,9.95,9.91,9.91,48.79
2026-03-13 05:00:00+00:00,9.9,9.97,9.9,9.97,47.28
2026-03-13 06:00:00+00:00,9.94,9.94,9.94,9.94,7.95
2026-03-13 07:00:00+00:00,9.86,9.86,9.83,9.83,31.04
2026-03-13 08:00:00+00:00,9.87,9.92,9.87,9.91,77.65
2026-03-13 09:00:00+00:00,9.82,9.92,9.82,9.92,57.54
2026-03-13 10:00:00+00:00,10.0,10.0,10.0,10.0,25.37
2026-03-13 11:00:00+00:00,9.99,10.01,9.98,9.98,13.79
2026-03-13 12:00:00+00:00,10.03,10.13,9.89,10.12,122.22
2026-03-13 13:00:00+00:00,10.14,10.26,9.98,10.25,491.35
2026-03-13 14:00:00+00:00,10.22,10.22,9.95,9.95,140.37
2026-03-13 15:00:00+00:00,9.97,10.04,9.89,9.89,342.08
2026-03-13 16:00:00+00:00,9.87,9.87,9.87,9.87,22.67
2026-03-13 17:00:00+00:00,9.93,9.93,9.74,9.74,106.06
2026-03-13 18:00:00+00:00,9.79,9.8,9.76,9.76,26.86
2026-03-13 19:00:00+00:00,9.76,9.78,9.73,9.73,33.84
2026-03-13 20:00:00+00:00,9.75,9.78,9.75,9.78,27.88
2026-03-13 21:00:00+00:00,9.8,9.83,9.78,9.78,34.93
2026-03-13 22:00:00+00:00,9.7,9.7,9.68,9.68,56.73
2026-03-13 23:00:00+00:00,9.68,9.68,9.68,9.68,0.0
2026-03-14 00:00:00+00:00,9.68,9.68,9.68,9.68,0.0
2026-03-14 01:00:00+00:00,9.66,9.66,9.61,9.61,3.56
2026-03-14 02:00:00+00:00,9.7,9.72,9.7,9.72,56.37
2026-03-14 03:00:00+00:00,9.69,9.74,9.69,9.74,4.12
2026-03-14 04:00:00+00:00,9.75,9.75,9.73,9.73,3.07
2026-03-14 05:00:00+00:00,9.7,9.7,9.7,9.7,2.57
2026-03-14 06:00:00+00:00,9.68,11.2,9.6,9.65,2384.92
2026-03-14 07:00:00+00:00,9.62,9.62,9.61,9.61,45.53
2026-03-14 08:00:00+00:00,9.61,9.61,9.61,9.61,0.0
2026-03-14 09:00:00+00:00,9.59,9.59,9.56,9.56,66.48
2026-03-14 10:00:00+00:00,9.55,9.55,9.55,9.55,44.02
2026-03-14 11:00:00+00:00,9.56,9.56,9.56,9.56,12.31
2026-03-14 12:00:00+00:00,9.54,9.54,9.54,9.54,15.69
2026-03-14 13:00:00+00:00,9.54,9.54,9.54,9.54,0.0
2026-03-14 14:00:00+00:00,9.57,9.57,9.57,9.57,3.61
2026-03-14 15:00:00+00:00,9.56,9.57,9.56,9.57,1.04
2026-03-14 16:00:00+00:00,9.54,9.57,9.53,9.57,202.54
2026-03-14 17:00:00+00:00,9.59,9.59,9.59,9.59,5.31
2026-03-14 18:00:00+00:00,9.57,9.57,9.55,9.55,3.18
2026-03-14 19:00:00+00:00,9.56,9.57,9.56,9.57,1.61
2026-03-14 20:00:00+00:00,9.58,9.59,9.58,9.59,27.42
2026-03-14 21:00:00+00:00,9.59,9.59,9.59,9.59,0.0
2026-03-14 22:00:00+00:00,9.62,9.62,9.62,9.62,36.55
2026-03-14 23:00:00+00:00,9.67,9.71,9.67,9.7,75.0
2026-03-15 00:00:00+00:00,9.73,9.73,9.68,9.7,41.18
2026-03-15 01:00:00+00:00,9.68,9.68,9.68,9.68,22.22
2026-03-15 02:00:00+00:00,9.73,9.78,9.73,9.78,46.38
2026-03-15 03:00:00+00:00,9.79,9.79,9.72,9.73,54.8
2026-03-15 04:00:00+00:00,9.73,9.73,9.73,9.73,0.0
2026-03-15 05:00:00+00:00,9.71,9.71,9.69,9.69,6.68
2026-03-15 06:00:00+00:00,9.68,9.68,9.68,9.68,20.69
2026-03-15 07:00:00+00:00,9.68,9.68,9.68,9.68,0.0
2026-03-15 08:00:00+00:00,9.77,9.77,9.77,9.77,65.65
2026-03-15 09:00:00+00:00,9.78,9.82,9.78,9.82,28.65
2026-03-15 10:00:00+00:00,9.81,9.83,9.81,9.83,72.42
2026-03-15 11:00:00+00:00,9.82,9.82,9.79,9.79,3.26
2026-03-15 12:00:00+00:00,9.86,9.87,9.86,9.87,1.87
2026-03-15 13:00:00+00:00,9.74,9.75,9.72,9.74,100.68
2026-03-15 14:00:00+00:00,9.78,9.78,9.72,9.75,83.38
2026-03-15 15:00:00+00:00,9.75,9.75,9.74,9.75,11.46
2026-03-15 16:00:00+00:00,9.72,9.74,9.7,9.7,47.1
2026-03-15 17:00:00+00:00,9.74,9.74,9.73,9.73,27.16
2026-03-15 18:00:00+00:00,9.79,9.79,9.71,9.71,22.04
2026-03-15 19:00:00+00:00,9.71,9.71,9.71,9.71,0.0
2026-03-15 20:00:00+00:00,9.75,9.81,9.75,9.81,73.23
2026-03-15 21:00:00+00:00,9.78,9.83,9.76,9.83,11.58
2026-03-15 22:00:00+00:00,9.88,9.98,9.79,9.98,88.0
2026-03-15 23:00:00+00:00,10.03,10.03,9.89,9.93,141.78
2026-03-16 00:00:00+00:00,9.96,9.99,9.92,9.96,61.47
2026-03-16 01:00:00+00:00,9.94,9.98,9.88,9.98,48.73
2026-03-16 02:00:00+00:00,10.02,10.02,9.9,9.98,41.31
2026-03-16 03:00:00+00:00,9.97,10.4,9.96,10.25,282.72
2026-03-16 04:00:00+00:00,10.32,10.48,10.3,10.39,256.07
2026-03-16 05:00:00+00:00,10.45,10.51,10.42,10.51,375.33
2026-03-16 06:00:00+00:00,10.51,10.51,10.41,10.43,64.73
2026-03-16 07:00:00+00:00,10.42,10.46,10.34,10.34,97.67
2026-03-16 08:00:00+00:00,10.43,10.43,10.22,10.22,199.49
2026-03-16 09:00:00+00:00,10.23,10.32,10.22,10.29,81.7
2026-03-16 10:00:00+00:00,10.29,10.29,10.29,10.29,0.0
2026-03-16 11:00:00+00:00,10.23,10.23,10.23,10.23,4.88
2026-03-16 12:00:00+00:00,10.23,10.24,10.16,10.16,119.67
2026-03-16 13:00:00+00:00,10.17,10.26,10.16,10.18,356.66
2026-03-16 14:00:00+00:00,10.2,10.2,10.05,10.12,167.45
2026-03-16 15:00:00+00:00,10.12,10.18,10.08,10.08,82.74
2026-03-16 16:00:00+00:00,10.17,10.26,10.17,10.26,72.28
2026-03-16 17:00:00+00:00,10.24,10.28,10.24,10.25,67.22
2026-03-16 18:00:00+00:00,10.29,10.3,10.29,10.3,1.18
2026-03-16 19:00:00+00:00,10.28,10.3,10.28,10.29,79.16
2026-03-16 20:00:00+00:00,10.31,10.35,10.31,10.35,24.37
2026-03-16 21:00:00+00:00,10.34,10.47,10.32,10.47,111.37
2026-03-16 22:00:00+00:00,10.43,10.56,10.43,10.49,171.14
2026-03-16 23:00:00+00:00,10.41,10.48,10.38,10.48,139.87
2026-03-17 00:00:00+00:00,10.48,10.51,10.48,10.5,41.64
2026-03-17 01:00:00+00:00,10.48,10.48,10.46,10.46,51.16
2026-03-17 02:00:00+00:00,10.48,10.48,10.48,10.48,23.78
2026-03-17 03:00:00+00:00,10.42,10.42,10.31,10.32,150.08
2026-03-17 04:00:00+00:00,10.28,10.28,10.26,10.26,11.21
2026-03-17 05:00:00+00:00,10.32,10.32,10.32,10.32,2.41
2026-03-17 06:00:00+00:00,10.33,10.33,10.31,10.31,42.81
2026-03-17 07:00:00+00:00,10.38,10.38,10.38,10.38,9.63
2026-03-17 08:00:00+00:00,10.32,10.32,10.29,10.29,71.57
2026-03-17 09:00:00+00:00,10.28,10.28,10.26,10.28,113.4
2026-03-17 10:00:00+00:00,10.26,10.27,10.24,10.25,55.32
2026-03-17 11:00:00+00:00,10.27,10.27,10.27,10.27,12.58
2026-03-17 12:00:00+00:00,10.28,10.28,10.28,10.28,23.77
2026-03-17 13:00:00+00:00,10.28,10.28,10.28,10.28,0.0
2026-03-17 14:00:00+00:00,10.24,10.28,10.24,10.28,117.83
2026-03-17 15:00:00+00:00,10.29,10.31,10.23,10.26,122.09
2026-03-17 16:00:00+00:00,10.26,10.26,10.26,10.26,0.0
2026-03-17 17:00:00+00:00,10.28,10.28,10.28,10.28,0.25
2026-03-17 18:00:00+00:00,10.33,10.33,10.29,10.29,23.28
2026-03-17 19:00:00+00:00,10.28,10.28,10.28,10.28,21.05
2026-03-17 20:00:00+00:00,10.27,10.27,10.27,10.27,20.8
2026-03-17 21:00:00+00:00,10.31,10.33,9.66,10.28,1173.96
2026-03-17 22:00:00+00:00,10.31,10.32,10.26,10.26,542.46
2026-03-17 23:00:00+00:00,10.24,10.25,10.19,10.19,93.02
2026-03-18 00:00:00+00:00,10.2,10.2,10.17,10.2,88.52
2026-03-18 01:00:00+00:00,10.19,10.22,10.19,10.22,49.63
2026-03-18 02:00:00+00:00,10.21,10.27,10.21,10.22,22.18
2026-03-18 03:00:00+00:00,10.28,10.28,10.28,10.28,9.73
2026-03-18 04:00:00+00:00,10.28,10.28,10.28,10.28,0.0
2026-03-18 05:00:00+00:00,10.28,10.34,10.26,10.26,8.3
2026-03-18 06:00:00+00:00,10.24,10.3,10.24,10.3,44.18
2026-03-18 07:00:00+00:00,10.3,10.3,10.3,10.3,0.0
2026-03-18 08:00:00+00:00,10.3,10.3,10.3,10.3,0.0
2026-03-18 09:00:00+00:00,10.25,10.27,10.25,10.27,6.51
2026-03-18 10:00:00+00:00,10.27,10.27,10.27,10.27,0.0
2026-03-18 11:00:00+00:00,10.22,10.23,9.9,9.98,297.11
2026-03-18 12:00:00+00:00,9.92,9.92,9.74,9.78,351.84
2026-03-18 13:00:00+00:00,9.76,9.81,9.76,9.81,136.76
2026-03-18 14:00:00+00:00,9.75,9.76,9.58,9.69,436.11
2026-03-18 15:00:00+00:00,9.55,9.57,9.5,9.56,203.6
2026-03-18 16:00:00+00:00,9.54,9.54,9.5,9.5,134.78
2026-03-18 17:00:00+00:00,9.55,9.62,9.54,9.62,72.41
2026-03-18 18:00:00+00:00,9.67,9.71,9.57,9.63,2003.07
2026-03-18 19:00:00+00:00,9.64,9.67,9.63,9.63,546.67
2026-03-18 20:00:00+00:00,9.63,9.66,9.58,9.66,246.85
2026-03-18 21:00:00+00:00,9.68,9.73,9.68,9.73,37.02
2026-03-18 22:00:00+00:00,9.73,9.73,9.73,9.73,0.0
2026-03-18 23:00:00+00:00,9.71,9.71,9.67,9.67,61.85
2026-03-19 00:00:00+00:00,9.68,9.69,9.67,9.67,45.35
2026-03-19 01:00:00+00:00,9.69,9.69,9.69,9.69,22.26
2026-03-19 02:00:00+00:00,9.64,9.64,9.64,9.64,5.16
2026-03-19 03:00:00+00:00,9.64,9.74,9.64,9.71,177.71
2026-03-19 04:00:00+00:00,9.66,9.66,9.63,9.63,72.47
2026-03-19 05:00:00+00:00,9.64,9.64,9.61,9.61,88.83
2026-03-19 06:00:00+00:00,9.61,9.62,9.59,9.59,69.55
2026-03-19 07:00:00+00:00,9.54,9.58,9.47,9.58,67.2
2026-03-19 08:00:00+00:00,9.5,9.52,9.5,9.52,100.91
2026-03-19 09:00:00+00:00,9.53,9.58,9.53,9.58,65.49
2026-03-19 10:00:00+00:00,9.58,9.58,9.58,9.58,0.0
2026-03-19 11:00:00+00:00,9.58,9.58,9.58,9.58,0.0
2026-03-19 12:00:00+00:00,9.49,9.49,9.48,9.48,16.68
2026-03-19 13:00:00+00:00,9.44,9.47,9.33,9.47,328.78
2026-03-19 14:00:00+00:00,9.49,9.49,9.4,9.44,242.66
2026-03-19 15:00:00+00:00,9.43,9.47,9.36,9.4,135.75
2026-03-19 16:00:00+00:00,9.4,9.4,9.4,9.4,0.0
2026-03-19 17:00:00+00:00,9.36,9.47,9.36,9.47,253.36
2026-03-19 18:00:00+00:00,9.46,9.46,9.42,9.44,37.71
2026-03-19 19:00:00+00:00,9.5,9.57,9.5,9.51,158.4
2026-03-19 20:00:00+00:00,9.52,9.53,9.52,9.53,28.09
2026-03-19 21:00:00+00:00,9.52,9.53,9.51,9.53,312.69
2026-03-19 22:00:00+00:00,9.49,9.49,9.45,9.45,88.0
2026-03-19 23:00:00+00:00,9.49,9.49,9.46,9.46,37.26
2026-03-20 00:00:00+00:00,9.46,9.53,9.46,9.53,28.74
2026-03-20 01:00:00+00:00,9.55,9.57,9.55,9.57,46.65
2026-03-20 02:00:00+00:00,9.56,9.56,9.55,9.55,76.35
2026-03-20 03:00:00+00:00,9.53,9.55,9.53,9.55,113.32
2026-03-20 04:00:00+00:00,9.58,9.58,9.58,9.58,1.04
2026-03-20 05:00:00+00:00,9.58,9.58,9.58,9.58,2.6
2026-03-20 06:00:00+00:00,9.57,9.57,9.57,9.57,1.04
2026-03-20 07:00:00+00:00,9.47,9.55,9.47,9.54,104.47
2026-03-20 08:00:00+00:00,9.53,9.6,9.53,9.58,161.86
2026-03-20 09:00:00+00:00,9.58,9.58,9.58,9.58,0.0
2026-03-20 10:00:00+00:00,9.5,9.5,9.5,9.5,20.11
2026-03-20 11:00:00+00:00,9.55,9.55,9.5,9.53,83.87
2026-03-20 12:00:00+00:00,9.5,9.51,9.48,9.48,23.71
2026-03-20 13:00:00+00:00,9.5,9.51,9.46,9.46,168.14
2026-03-20 14:00:00+00:00,9.45,9.49,9.44,9.46,199.24
2026-03-20 15:00:00+00:00,9.46,9.48,9.43,9.48,145.9
2026-03-20 16:00:00+00:00,9.5,9.5,9.47,9.47,23.96
2026-03-20 17:00:00+00:00,9.47,9.47,9.43,9.43,148.44
2026-03-20 18:00:00+00:00,9.5,9.5,9.44,9.44,12.8
2026-03-20 19:00:00+00:00,9.47,9.49,9.47,9.47,50.93
2026-03-20 20:00:00+00:00,9.53,9.53,9.48,9.48,32.88
2026-03-20 21:00:00+00:00,9.5,9.57,9.5,9.57,73.43
2026-03-20 22:00:00+00:00,9.61,9.64,9.59,9.59,90.0
2026-03-20 23:00:00+00:00,9.58,9.58,9.55,9.57,28.45
2026-03-21 00:00:00+00:00,9.57,9.59,9.53,9.55,83.01
2026-03-21 01:00:00+00:00,9.55,9.55,9.55,9.55,0.0
2026-03-21 02:00:00+00:00,9.55,9.55,9.55,9.55,0.27
2026-03-21 03:00:00+00:00,9.6,9.6,9.56,9.59,19.09
2026-03-21 04:00:00+00:00,9.61,9.61,9.61,9.61,0.52
2026-03-21 05:00:00+00:00,9.58,9.6,9.58,9.6,25.68
2026-03-21 06:00:00+00:00,9.6,9.6,9.6,9.6,0.0
2026-03-21 07:00:00+00:00,9.61,9.61,9.61,9.61,0.21
2026-03-21 08:00:00+00:00,9.57,9.57,9.57,9.57,23.9
2026-03-21 09:00:00+00:00,9.56,9.56,9.56,9.56,44.43
2026-03-21 10:00:00+00:00,9.56,9.56,9.56,9.56,0.0
2026-03-21 11:00:00+00:00,9.56,9.56,9.56,9.56,0.0
2026-03-21 12:00:00+00:00,9.52,9.52,9.5,9.5,65.53
2026-03-21 13:00:00+00:00,9.5,9.5,9.5,9.5,0.0
2026-03-21 14:00:00+00:00,9.53,9.53,9.47,9.47,16.8
2026-03-21 15:00:00+00:00,9.47,9.47,9.47,9.47,0.0
2026-03-21 16:00:00+00:00,9.54,9.55,9.5,9.5,48.72
2026-03-21 17:00:00+00:00,9.49,9.51,9.49,9.51,60.49
2026-03-21 18:00:00+00:00,9.5,9.5,9.5,9.5,0.63
2026-03-21 19:00:00+00:00,9.5,9.5,9.5,9.5,0.0
2026-03-21 20:00:00+00:00,9.5,9.51,9.5,9.51,21.34
2026-03-21 21:00:00+00:00,9.53,9.53,9.5,9.5,10.71
2026-03-21 22:00:00+00:00,9.5,9.5,9.5,9.5,0.0
2026-03-21 23:00:00+00:00,9.44,9.44,9.16,9.19,221.91
2026-03-22 00:00:00+00:00,9.15,9.25,9.06,9.25,97.45
2026-03-22 01:00:00+00:00,9.24,9.24,9.23,9.23,159.27
2026-03-22 02:00:00+00:00,9.26,9.31,9.26,9.31,127.66
2026-03-22 03:00:00+00:00,9.28,9.28,9.28,9.28,20.46
2026-03-22 04:00:00+00:00,9.28,9.28,9.28,9.28,20.42
2026-03-22 05:00:00+00:00,9.31,9.31,9.31,9.31,2.68
2026-03-22 06:00:00+00:00,9.21,9.21,9.21,9.21,0.2
2026-03-22 07:00:00+00:00,9.26,9.26,9.26,9.26,1.02
2026-03-22 08:00:00+00:00,9.17,9.17,9.13,9.14,42.72
2026-03-22 09:00:00+00:00,9.14,9.14,9.13,9.13,176.58
2026-03-22 10:00:00+00:00,9.13,9.13,9.13,9.13,0.0
2026-03-22 11:00:00+00:00,9.08,9.1,9.07,9.07,71.81
2026-03-22 12:00:00+00:00,9.06,9.09,9.06,9.09,50.46
2026-03-22 13:00:00+00:00,9.13,9.13,9.13,9.13,20.53
2026-03-22 14:00:00+00:00,9.13,9.13,9.13,9.13,0.0
2026-03-22 15:00:00+00:00,9.1,9.11,9.08,9.08,92.28
2026-03-22 16:00:00+00:00,9.11,9.11,9.11,9.11,4.2
2026-03-22 17:00:00+00:00,9.08,9.08,9.07,9.07,40.68
2026-03-22 18:00:00+00:00,9.07,9.07,9.01,9.03,92.3
2026-03-22 19:00:00+00:00,9.02,9.02,8.97,8.99,133.27
2026-03-22 20:00:00+00:00,8.99,8.99,8.99,8.99,24.1
2026-03-22 21:00:00+00:00,8.96,8.96,8.88,8.95,124.03
2026-03-22 22:00:00+00:00,8.94,9.09,8.94,9.05,123.53
2026-03-22 23:00:00+00:00,9.05,9.05,9.04,9.04,76.74
2026-03-23 00:00:00+00:00,9.02,9.06,9.02,9.04,83.23
2026-03-23 01:00:00+00:00,9.06,9.11,9.06,9.1,116.4
2026-03-23 02:00:00+00:00,9.07,9.38,9.07,9.11,1308.87
2026-03-23 03:00:00+00:00,9.13,9.13,9.08,9.08,21.85
2026-03-23 04:00:00+00:00,9.12,9.13,9.12,9.13,37.55
2026-03-23 05:00:00+00:00,9.19,9.19,9.13,9.14,25.51
2026-03-23 06:00:00+00:00,9.14,9.14,9.0,9.04,58.82
2026-03-23 07:00:00+00:00,9.02,9.02,8.97,8.98,13.51
2026-03-23 08:00:00+00:00,9.01,9.01,9.01,9.01,0.54
2026-03-23 09:00:00+00:00,8.99,8.99,8.95,8.95,3.43
2026-03-23 10:00:00+00:00,8.99,8.99,8.99,8.99,48.69
2026-03-23 11:00:00+00:00,9.13,9.57,9.13,9.42,2122.81
2026-03-23 12:00:00+00:00,9.44,9.48,9.41,9.48,87.31
2026-03-23 13:00:00+00:00,9.46,9.62,9.46,9.62,113.08
2026-03-23 14:00:00+00:00,9.66,9.75,9.6,9.6,183.51
2026-03-23 15:00:00+00:00,9.72,9.72,9.5,9.5,63.43
2026-03-23 16:00:00+00:00,9.5,9.5,9.5,9.5,0.0
2026-03-23 17:00:00+00:00,9.49,9.62,9.49,9.5,46.33
2026-03-23 18:00:00+00:00,9.52,9.52,9.49,9.5,38.37
2026-03-23 19:00:00+00:00,9.49,9.49,9.49,9.49,2.7
2026-03-23 20:00:00+00:00,9.49,9.49,9.49,9.49,0.0
2026-03-23 21:00:00+00:00,9.53,9.55,9.51,9.55,65.61
2026-03-23 22:00:00+00:00,9.55,9.55,9.55,9.55,29.88
2026-03-23 23:00:00+00:00,9.55,9.55,9.55,9.55,46.07
2026-03-24 00:00:00+00:00,9.6,9.6,9.52,9.52,76.6
2026-03-24 01:00:00+00:00,9.53,9.55,9.47,9.51,80.01
2026-03-24 02:00:00+00:00,9.52,9.57,9.52,9.52,64.34
2026-03-24 03:00:00+00:00,9.53,9.56,9.53,9.56,31.68
2026-03-24 04:00:00+00:00,9.6,9.65,9.6,9.65,107.85
2026-03-24 05:00:00+00:00,9.5,9.53,9.48,9.52,122.6
2026-03-24 06:00:00+00:00,9.52,9.52,9.52,9.52,0.0
2026-03-24 07:00:00+00:00,9.59,9.59,9.59,9.59,1.8
2026-03-24 08:00:00+00:00,9.6,9.6,9.6,9.6,15.0
2026-03-24 09:00:00+00:00,9.58,9.6,9.53,9.6,41.52
2026-03-24 10:00:00+00:00,9.56,9.56,9.56,9.56,99.05
2026-03-24 11:00:00+00:00,9.57,9.57,9.53,9.53,83.75
2026-03-24 12:00:00+00:00,9.53,9.53,9.53,9.53,24.61
2026-03-24 13:00:00+00:00,9.54,9.55,9.52,9.52,83.6
2026-03-24 14:00:00+00:00,9.43,9.45,9.43,9.45,11.36
