timestamp,open,high,low,close,volume
2025-03-24 15:00:00+00:00,142.43,143.39,142.43,143.24,92.07
2025-03-24 16:00:00+00:00,143.18,143.41,141.79,141.8,310.11
2025-03-24 17:00:00+00:00,141.91,142.66,141.91,142.27,66.337
2025-03-24 18:00:00+00:00,142.36,142.55,141.3,142.3,181.295
2025-03-24 19:00:00+00:00,142.14,142.84,142.1,142.84,24.188
2025-03-24 20:00:00+00:00,142.87,143.37,142.02,142.02,60.71
2025-03-24 21:00:00+00:00,141.77,142.3,141.33,141.5,139.437
2025-03-24 22:00:00+00:00,141.34,141.39,140.16,140.33,2086.293
2025-03-24 23:00:00+00:00,140.33,140.92,139.71,140.92,203.116
2025-03-25 00:00:00+00:00,141.01,142.18,140.63,141.73,71.818
2025-03-25 01:00:00+00:00,141.89,141.89,139.81,140.25,61.728
2025-03-25 02:00:00+00:00,140.15,140.15,139.34,139.57,28.669
2025-03-25 03:00:00+00:00,139.61,139.82,138.35,138.5,31.743
2025-03-25 04:00:00+00:00,138.3,139.37,138.3,138.93,857.823
2025-03-25 05:00:00+00:00,138.91,139.86,138.91,139.67,7.971
2025-03-25 06:00:00+00:00,139.69,139.95,139.38,139.65,42.166
2025-03-25 07:00:00+00:00,140.1,140.1,139.38,139.46,492.79
2025-03-25 08:00:00+00:00,140.1,140.2,140.08,140.2,392.68
2025-03-25 09:00:00+00:00,140.19,143.18,140.19,142.9,164.953
2025-03-25 10:00:00+00:00,142.85,143.04,141.72,142.84,17.615
2025-03-25 11:00:00+00:00,142.55,142.7,141.61,142.18,18.396
2025-03-25 12:00:00+00:00,142.04,142.62,141.45,142.01,27.643
2025-03-25 13:00:00+00:00,142.62,146.55,142.58,145.03,233.537
2025-03-25 14:00:00+00:00,145.03,147.33,145.03,146.39,70.21
2025-03-25 15:00:00+00:00,146.16,146.3,144.56,145.64,50.418
2025-03-25 16:00:00+00:00,145.33,145.9,143.77,144.59,81.181
2025-03-25 17:00:00+00:00,144.45,145.43,144.45,145.04,101.299
2025-03-25 18:00:00+00:00,144.95,145.65,144.63,145.1,78.392
2025-03-25 19:00:00+00:00,145.59,145.75,144.63,145.37,51.794
2025-03-25 20:00:00+00:00,145.16,145.73,144.61,144.61,26.678
2025-03-25 21:00:00+00:00,144.7,145.05,143.72,143.72,25.524
2025-03-25 22:00:00+00:00,143.73,143.97,142.62,143.93,490.727
2025-03-25 23:00:00+00:00,143.23,143.99,143.23,143.99,20.946
2025-03-26 00:00:00+00:00,143.73,144.5,143.21,144.17,16.536
2025-03-26 01:00:00+00:00,143.63,144.43,143.63,144.07,3.673
2025-03-26 02:00:00+00:00,144.07,144.07,142.6,142.6,45.389
2025-03-26 03:00:00+00:00,142.78,142.96,141.63,141.69,92.577
2025-03-26 04:00:00+00:00,141.81,142.54,141.81,142.24,122.507
2025-03-26 05:00:00+00:00,142.24,143.19,142.02,142.85,18.945
2025-03-26 06:00:00+00:00,143.11,144.15,143.11,144.15,99.758
2025-03-26 07:00:00+00:00,144.11,144.64,143.87,144.64,6.059
2025-03-26 08:00:00+00:00,144.54,144.88,144.04,144.16,25.845
2025-03-26 09:00:00+00:00,144.77,144.77,143.96,143.96,2.606
2025-03-26 10:00:00+00:00,144.4,145.08,144.4,144.9,0.639
2025-03-26 11:00:00+00:00,144.58,145.16,144.58,144.94,221.761
2025-03-26 12:00:00+00:00,144.44,144.87,143.85,144.83,68.208
2025-03-26 13:00:00+00:00,144.84,144.84,141.2,141.48,160.97
2025-03-26 14:00:00+00:00,141.26,141.87,139.12,140.11,93.621
2025-03-26 15:00:00+00:00,140.15,140.15,139.24,139.3,319.942
2025-03-26 16:00:00+00:00,139.19,140.01,139.03,139.37,26.557
2025-03-26 17:00:00+00:00,139.37,139.37,138.03,138.2,123.057
2025-03-26 18:00:00+00:00,137.98,138.52,137.4,137.4,72.201
2025-03-26 19:00:00+00:00,137.31,138.11,136.45,137.49,31.036
2025-03-26 20:00:00+00:00,137.41,138.44,137.29,138.44,20.749
2025-03-26 21:00:00+00:00,138.02,138.02,136.47,137.64,33.783
2025-03-26 22:00:00+00:00,137.16,137.25,136.0,136.86,983.736
2025-03-26 23:00:00+00:00,136.84,136.95,136.27,136.79,39.414
2025-03-27 00:00:00+00:00,137.23,137.92,136.95,137.81,186.475
2025-03-27 01:00:00+00:00,137.93,138.53,137.84,138.53,82.0
2025-03-27 02:00:00+00:00,138.51,140.06,138.35,139.57,463.377
2025-03-27 03:00:00+00:00,139.52,139.64,139.0,139.35,195.186
2025-03-27 04:00:00+00:00,139.45,139.65,139.04,139.36,12.852
2025-03-27 05:00:00+00:00,139.04,139.29,138.56,138.56,307.674
2025-03-27 06:00:00+00:00,138.69,138.99,138.08,138.08,30.417
2025-03-27 07:00:00+00:00,138.46,138.9,138.46,138.73,6.311
2025-03-27 08:00:00+00:00,138.09,139.19,138.09,138.92,26.885
2025-03-27 09:00:00+00:00,138.33,138.65,137.72,138.06,25.843
2025-03-27 10:00:00+00:00,138.72,138.85,137.58,138.01,1.797
2025-03-27 11:00:00+00:00,137.8,138.43,137.49,137.49,6.596
2025-03-27 12:00:00+00:00,137.31,138.1,137.01,137.07,685.285
2025-03-27 13:00:00+00:00,137.34,137.9,135.79,137.22,379.91
2025-03-27 14:00:00+00:00,137.49,139.65,137.37,139.65,289.253
2025-03-27 15:00:00+00:00,139.63,139.63,137.92,137.92,20.523
2025-03-27 16:00:00+00:00,137.96,138.84,137.96,138.11,80.163
2025-03-27 17:00:00+00:00,138.44,138.53,137.48,137.48,19.946
2025-03-27 18:00:00+00:00,137.64,138.84,137.64,138.84,22.468
2025-03-27 19:00:00+00:00,138.79,139.61,138.78,139.31,16.86
2025-03-27 20:00:00+00:00,138.98,139.42,138.98,139.13,40.701
2025-03-27 21:00:00+00:00,139.1,139.72,138.82,139.72,45.312
2025-03-27 22:00:00+00:00,139.68,139.72,139.04,139.08,1733.338
2025-03-27 23:00:00+00:00,139.06,139.06,138.31,138.46,451.7
2025-03-28 00:00:00+00:00,138.34,138.35,137.0,137.98,81.579
2025-03-28 01:00:00+00:00,137.78,139.07,137.47,138.68,30.949
2025-03-28 02:00:00+00:00,138.57,139.02,137.85,138.0,58.476
2025-03-28 03:00:00+00:00,138.13,138.13,136.35,136.88,273.664
2025-03-28 04:00:00+00:00,137.13,137.13,133.64,134.42,1085.683
2025-03-28 05:00:00+00:00,134.32,134.51,133.57,133.57,1101.497
2025-03-28 06:00:00+00:00,133.57,134.44,133.24,133.41,28.661
2025-03-28 07:00:00+00:00,133.21,133.21,131.65,131.65,52.162
2025-03-28 08:00:00+00:00,131.62,132.62,131.37,131.37,46.055
2025-03-28 09:00:00+00:00,131.36,132.09,130.87,130.89,102.246
2025-03-28 10:00:00+00:00,130.69,131.11,130.67,131.01,33.559
2025-03-28 11:00:00+00:00,131.01,131.75,130.79,131.75,48.177
2025-03-28 12:00:00+00:00,131.73,132.22,130.67,131.0,26.898
2025-03-28 13:00:00+00:00,131.0,131.91,129.6,130.0,702.154
2025-03-28 14:00:00+00:00,130.07,130.2,129.41,129.97,557.839
2025-03-28 15:00:00+00:00,129.97,130.39,129.38,130.03,1068.963
2025-03-28 16:00:00+00:00,130.03,130.3,129.33,129.5,607.095
2025-03-28 17:00:00+00:00,129.27,130.0,129.26,130.0,591.073
2025-03-28 18:00:00+00:00,130.22,130.22,129.16,129.76,38.51
2025-03-28 19:00:00+00:00,129.67,129.68,129.18,129.33,8.935
2025-03-28 20:00:00+00:00,130.08,130.35,127.92,127.92,101.123
2025-03-28 21:00:00+00:00,128.1,129.15,128.1,128.9,505.551
2025-03-28 22:00:00+00:00,129.33,129.89,129.21,129.89,33.907
2025-03-28 23:00:00+00:00,129.7,129.7,129.24,129.53,54.63
2025-03-29 00:00:00+00:00,129.95,130.45,129.95,129.98,10.151
2025-03-29 01:00:00+00:00,130.01,130.01,129.33,129.33,48.132
2025-03-29 02:00:00+00:00,129.54,129.6,127.35,127.35,60.466
2025-03-29 03:00:00+00:00,127.31,129.05,126.69,128.74,22.375
2025-03-29 04:00:00+00:00,129.01,129.01,128.05,128.05,9.141
2025-03-29 05:00:00+00:00,128.05,128.42,127.63,127.99,3.377
2025-03-29 06:00:00+00:00,127.38,127.38,126.5,126.7,9.754
2025-03-29 07:00:00+00:00,126.75,127.0,125.67,126.4,109.768
2025-03-29 08:00:00+00:00,126.89,126.93,126.89,126.93,0.954
2025-03-29 09:00:00+00:00,126.96,127.05,126.62,126.76,2.003
2025-03-29 10:00:00+00:00,126.78,126.78,126.19,126.19,2.192
2025-03-29 11:00:00+00:00,126.08,126.08,124.5,124.86,60.391
2025-03-29 12:00:00+00:00,125.1,125.94,125.1,125.45,7.348
2025-03-29 13:00:00+00:00,126.27,126.41,125.82,126.21,8.668
2025-03-29 14:00:00+00:00,126.43,126.43,126.0,126.32,18.52
2025-03-29 15:00:00+00:00,126.22,126.54,126.07,126.17,15.077
2025-03-29 16:00:00+00:00,126.17,126.57,125.56,125.56,73.881
2025-03-29 17:00:00+00:00,125.38,125.71,124.02,124.49,102.165
2025-03-29 18:00:00+00:00,124.64,125.27,124.64,124.89,4.682
2025-03-29 19:00:00+00:00,124.89,125.25,124.5,125.19,30.961
2025-03-29 20:00:00+00:00,125.08,125.08,124.2,124.21,8.674
2025-03-29 21:00:00+00:00,124.21,124.86,123.55,124.86,224.409
2025-03-29 22:00:00+00:00,123.89,123.89,122.98,123.19,8.865
2025-03-29 23:00:00+00:00,124.14,124.23,124.14,124.23,0.198
2025-03-30 00:00:00+00:00,124.49,124.74,123.59,124.74,6.799
2025-03-30 01:00:00+00:00,124.8,125.41,124.8,125.41,11.867
2025-03-30 02:00:00+00:00,125.59,126.3,125.56,126.07,47.182
2025-03-30 03:00:00+00:00,126.39,126.46,126.39,126.46,10.009
2025-03-30 04:00:00+00:00,126.16,126.45,126.16,126.42,85.055
2025-03-30 05:00:00+00:00,126.31,126.37,126.31,126.37,1.738
2025-03-30 06:00:00+00:00,125.79,126.04,125.25,125.91,81.766
2025-03-30 07:00:00+00:00,125.79,125.79,125.44,125.45,5.592
2025-03-30 08:00:00+00:00,126.14,126.14,125.93,125.93,0.521
2025-03-30 09:00:00+00:00,125.79,126.06,125.79,126.06,1.576
2025-03-30 10:00:00+00:00,126.25,126.27,124.8,125.23,134.61
2025-03-30 11:00:00+00:00,125.32,125.67,125.09,125.09,2.221
2025-03-30 12:00:00+00:00,124.89,125.13,124.83,124.83,22.063
2025-03-30 13:00:00+00:00,124.77,124.78,123.41,123.73,39.941
2025-03-30 14:00:00+00:00,123.73,124.81,123.33,124.67,69.95
2025-03-30 15:00:00+00:00,124.81,125.32,124.81,125.11,5.253
2025-03-30 16:00:00+00:00,125.13,125.2,123.58,123.8,146.92
2025-03-30 17:00:00+00:00,123.77,124.53,123.21,124.44,25.415
2025-03-30 18:00:00+00:00,124.44,126.47,124.44,126.47,11.897
2025-03-30 19:00:00+00:00,126.55,126.87,125.99,126.02,12.279
2025-03-30 20:00:00+00:00,125.87,126.37,125.2,125.2,16.332
2025-03-30 21:00:00+00:00,125.74,126.1,124.42,124.44,23.064
2025-03-30 22:00:00+00:00,124.29,125.55,123.41,125.49,117.4
2025-03-30 23:00:00+00:00,124.66,124.71,123.91,124.64,31.001
2025-03-31 00:00:00+00:00,124.89,125.06,122.85,123.67,42.062
2025-03-31 01:00:00+00:00,124.23,126.45,124.23,126.18,65.745
2025-03-31 02:00:00+00:00,126.15,127.52,125.63,126.62,721.692
2025-03-31 03:00:00+00:00,126.81,126.81,124.29,124.41,412.583
2025-03-31 04:00:00+00:00,124.64,125.2,124.5,125.2,26.271
2025-03-31 05:00:00+00:00,126.03,126.55,125.72,126.09,88.656
2025-03-31 06:00:00+00:00,126.31,126.38,125.31,126.11,174.47
2025-03-31 07:00:00+00:00,126.87,126.87,125.46,125.46,4.603
2025-03-31 08:00:00+00:00,126.14,126.38,126.13,126.2,273.568
2025-03-31 09:00:00+00:00,125.25,125.25,123.51,123.66,152.466
2025-03-31 10:00:00+00:00,124.09,124.55,123.24,124.54,941.801
2025-03-31 11:00:00+00:00,123.94,124.52,123.84,124.52,13.43
2025-03-31 12:00:00+00:00,124.08,126.05,123.76,126.05,30.01
2025-03-31 13:00:00+00:00,125.85,126.33,123.41,125.82,95.721
2025-03-31 14:00:00+00:00,126.03,127.14,126.03,126.93,17.419
2025-03-31 15:00:00+00:00,126.95,127.59,126.89,127.25,68.884
2025-03-31 16:00:00+00:00,127.0,127.0,126.03,126.03,50.7
2025-03-31 17:00:00+00:00,126.11,126.59,124.07,124.4,31.831
2025-03-31 18:00:00+00:00,124.37,126.48,124.37,125.75,63.439
2025-03-31 19:00:00+00:00,125.97,125.97,125.25,125.25,23.191
2025-03-31 20:00:00+00:00,125.3,125.9,125.3,125.49,48.895
2025-03-31 21:00:00+00:00,125.82,126.07,125.8,125.83,56.838
2025-03-31 22:00:00+00:00,125.25,125.37,124.98,125.31,11.307
2025-03-31 23:00:00+00:00,125.46,125.95,124.59,124.59,31.586
2025-04-01 00:00:00+00:00,124.49,125.07,124.23,124.23,67.276
2025-04-01 01:00:00+00:00,124.43,124.58,123.78,124.49,13.397
2025-04-01 02:00:00+00:00,124.85,126.15,124.8,126.14,57.072
2025-04-01 03:00:00+00:00,126.24,126.71,125.92,125.92,9.938
2025-04-01 04:00:00+00:00,126.0,126.11,125.96,126.11,12.967
2025-04-01 05:00:00+00:00,126.63,126.63,125.9,126.11,3.028
2025-04-01 06:00:00+00:00,125.9,126.1,125.79,126.1,68.645
2025-04-01 07:00:00+00:00,126.64,126.7,126.4,126.65,665.59
2025-04-01 08:00:00+00:00,126.7,129.79,126.7,129.56,686.388
2025-04-01 09:00:00+00:00,129.47,129.47,128.72,129.02,34.858
2025-04-01 10:00:00+00:00,129.31,129.31,128.09,128.09,5.548
2025-04-01 11:00:00+00:00,127.84,127.84,127.29,127.5,2.222
2025-04-01 12:00:00+00:00,127.51,127.77,126.53,127.34,14.647
2025-04-01 13:00:00+00:00,127.35,128.03,127.27,128.03,116.723
2025-04-01 14:00:00+00:00,126.7,127.63,124.73,127.29,40.537
2025-04-01 15:00:00+00:00,126.65,130.14,126.65,129.33,50.769
2025-04-01 16:00:00+00:00,129.47,129.47,128.19,128.58,69.663
2025-04-01 17:00:00+00:00,128.09,128.18,127.12,127.17,27.582
2025-04-01 18:00:00+00:00,127.18,127.18,125.63,126.4,50.112
2025-04-01 19:00:00+00:00,126.41,127.07,126.39,126.88,34.067
2025-04-01 20:00:00+00:00,126.69,126.69,125.45,125.92,44.795
2025-04-01 21:00:00+00:00,126.53,126.53,126.26,126.31,22.555
2025-04-01 22:00:00+00:00,126.37,127.1,126.35,127.07,19.576
2025-04-01 23:00:00+00:00,126.86,127.29,126.36,126.9,2.133
2025-04-02 00:00:00+00:00,126.68,126.84,126.27,126.84,37.23
2025-04-02 01:00:00+00:00,125.8,126.0,125.41,125.68,28.0
2025-04-02 02:00:00+00:00,125.62,125.62,124.23,124.92,55.943
2025-04-02 03:00:00+00:00,125.02,125.02,124.43,124.43,1.838
2025-04-02 04:00:00+00:00,124.37,124.88,124.37,124.79,20.144
2025-04-02 05:00:00+00:00,124.37,124.51,123.55,123.56,31.476
2025-04-02 06:00:00+00:00,124.09,124.2,123.98,124.11,10.737
2025-04-02 07:00:00+00:00,124.03,124.56,124.03,124.55,10.547
2025-04-02 08:00:00+00:00,124.44,125.69,124.26,125.24,20.335
2025-04-02 09:00:00+00:00,126.03,126.61,126.03,126.05,15.426
2025-04-02 10:00:00+00:00,126.1,126.46,126.1,126.35,28.688
2025-04-02 11:00:00+00:00,126.05,126.18,125.75,125.76,56.427
2025-04-02 12:00:00+00:00,126.04,126.7,125.08,126.61,50.484
2025-04-02 13:00:00+00:00,126.68,127.79,125.25,127.79,19.11
2025-04-02 14:00:00+00:00,126.27,128.0,126.27,128.0,77.086
2025-04-02 15:00:00+00:00,127.78,130.77,127.78,130.2,1601.13
2025-04-02 16:00:00+00:00,130.2,131.69,130.2,131.08,106.854
2025-04-02 17:00:00+00:00,131.08,131.28,129.37,129.71,136.624
2025-04-02 18:00:00+00:00,129.69,130.07,129.16,130.07,14.074
2025-04-02 19:00:00+00:00,130.32,131.29,130.12,131.29,87.776
2025-04-02 20:00:00+00:00,131.29,135.91,127.0,128.31,523.068
2025-04-02 21:00:00+00:00,127.93,128.11,124.76,125.04,63.723
2025-04-02 22:00:00+00:00,124.67,124.67,118.35,118.81,964.925
2025-04-02 23:00:00+00:00,118.67,119.43,117.34,117.52,263.046
2025-04-03 00:00:00+00:00,117.38,120.03,116.29,120.02,686.727
2025-04-03 01:00:00+00:00,119.87,120.39,119.0,119.46,138.044
2025-04-03 02:00:00+00:00,119.46,120.76,119.13,120.76,45.53
2025-04-03 03:00:00+00:00,120.79,120.88,120.0,120.0,62.178
2025-04-03 04:00:00+00:00,119.75,120.68,119.6,120.39,58.224
2025-04-03 05:00:00+00:00,120.3,120.38,119.0,119.0,51.196
2025-04-03 06:00:00+00:00,119.34,119.34,118.0,118.0,28.752
2025-04-03 07:00:00+00:00,118.66,118.66,118.0,118.37,122.909
2025-04-03 08:00:00+00:00,118.72,119.13,118.72,119.13,85.544
2025-04-03 09:00:00+00:00,118.68,118.68,117.83,117.83,11.764
2025-04-03 10:00:00+00:00,117.96,118.12,115.64,116.53,80.587
2025-04-03 11:00:00+00:00,115.91,116.16,115.37,115.93,215.087
2025-04-03 12:00:00+00:00,115.52,115.74,112.7,113.15,318.823
2025-04-03 13:00:00+00:00,113.33,115.44,113.33,114.84,77.208
2025-04-03 14:00:00+00:00,114.17,114.23,112.45,112.85,244.613
2025-04-03 15:00:00+00:00,112.94,114.34,112.94,114.22,145.494
2025-04-03 16:00:00+00:00,114.38,114.67,113.72,113.72,16.246
2025-04-03 17:00:00+00:00,113.86,114.43,113.86,114.23,36.783
2025-04-03 18:00:00+00:00,114.0,115.95,114.0,115.05,2527.919
2025-04-03 19:00:00+00:00,115.51,115.71,115.19,115.48,20.226
2025-04-03 20:00:00+00:00,115.63,116.3,115.23,116.27,85.159
2025-04-03 21:00:00+00:00,116.55,117.31,116.3,117.2,521.972
2025-04-03 22:00:00+00:00,117.01,117.29,116.73,117.26,72.144
2025-04-03 23:00:00+00:00,116.74,117.36,116.4,117.14,515.396
2025-04-04 00:00:00+00:00,117.17,117.17,116.07,116.07,69.766
2025-04-04 01:00:00+00:00,116.0,116.0,114.8,114.8,200.276
2025-04-04 02:00:00+00:00,115.5,116.24,115.5,115.63,538.245
2025-04-04 03:00:00+00:00,115.19,115.58,115.01,115.11,457.931
2025-04-04 04:00:00+00:00,115.2,115.2,114.61,114.9,2399.476
2025-04-04 05:00:00+00:00,115.0,116.4,114.79,116.32,63.451
2025-04-04 06:00:00+00:00,116.63,116.63,116.19,116.24,46.234
2025-04-04 07:00:00+00:00,116.21,118.31,116.18,118.31,18.983
2025-04-04 08:00:00+00:00,118.31,118.99,118.15,118.99,15.806
2025-04-04 09:00:00+00:00,118.99,119.85,118.93,119.75,11.395
2025-04-04 10:00:00+00:00,118.87,118.87,114.99,114.99,484.013
2025-04-04 11:00:00+00:00,114.94,114.94,113.49,114.61,39.305
2025-04-04 12:00:00+00:00,114.61,116.1,114.03,115.33,41.836
2025-04-04 13:00:00+00:00,116.07,116.61,114.23,116.07,225.396
2025-04-04 14:00:00+00:00,116.57,117.86,115.36,117.86,58.333
2025-04-04 15:00:00+00:00,117.75,120.88,117.75,118.88,354.799
2025-04-04 16:00:00+00:00,118.88,122.78,118.3,121.81,196.065
2025-04-04 17:00:00+00:00,121.92,123.78,119.85,122.88,50.134
2025-04-04 18:00:00+00:00,122.8,122.8,121.51,122.21,402.804
2025-04-04 19:00:00+00:00,121.84,123.0,121.68,122.6,95.65
2025-04-04 20:00:00+00:00,122.81,123.66,122.0,123.48,118.934
2025-04-04 21:00:00+00:00,123.34,123.84,123.28,123.28,83.232
2025-04-04 22:00:00+00:00,123.33,123.51,123.08,123.35,16.957
2025-04-04 23:00:00+00:00,123.32,123.32,122.18,122.74,60.031
2025-04-05 00:00:00+00:00,122.51,122.51,121.81,122.29,289.134
2025-04-05 01:00:00+00:00,122.55,122.56,121.77,121.77,20.421
2025-04-05 02:00:00+00:00,121.69,121.69,120.77,120.91,311.711
2025-04-05 03:00:00+00:00,120.91,121.22,120.73,120.78,1306.356
2025-04-05 04:00:00+00:00,120.81,121.33,120.5,120.62,1392.734
2025-04-05 05:00:00+00:00,120.63,121.09,120.47,120.83,8.824
2025-04-05 06:00:00+00:00,120.95,121.06,120.24,120.24,25.412
2025-04-05 07:00:00+00:00,120.23,121.28,120.19,121.28,8.005
2025-04-05 08:00:00+00:00,121.33,121.36,121.33,121.36,4.453
2025-04-05 09:00:00+00:00,121.4,122.02,121.4,122.02,56.195
2025-04-05 10:00:00+00:00,121.51,121.51,121.01,121.01,1.004
2025-04-05 11:00:00+00:00,120.35,120.81,120.01,120.41,23.627
2025-04-05 12:00:00+00:00,120.16,120.16,118.92,119.0,49.257
2025-04-05 13:00:00+00:00,119.03,119.03,117.63,117.77,16.239
2025-04-05 14:00:00+00:00,117.62,118.46,117.32,118.46,9.207
2025-04-05 15:00:00+00:00,117.49,117.49,117.24,117.33,0.75
2025-04-05 16:00:00+00:00,118.01,118.01,117.65,117.98,539.385
2025-04-05 17:00:00+00:00,117.81,118.46,117.81,118.1,71.022
2025-04-05 18:00:00+00:00,118.01,118.89,118.01,118.89,128.595
2025-04-05 19:00:00+00:00,119.11,119.29,118.49,118.53,7.862
2025-04-05 20:00:00+00:00,118.7,119.36,118.67,119.31,5.518
2025-04-05 21:00:00+00:00,119.38,119.39,118.84,119.05,58.417
2025-04-05 22:00:00+00:00,119.05,119.44,119.05,119.15,25.14
2025-04-05 23:00:00+00:00,119.52,120.37,119.38,120.27,48.228
2025-04-06 00:00:00+00:00,120.23,120.49,120.15,120.38,27.331
2025-04-06 01:00:00+00:00,120.4,121.03,120.25,120.25,102.018
2025-04-06 02:00:00+00:00,120.02,120.07,119.89,120.02,144.149
2025-04-06 03:00:00+00:00,120.02,120.02,119.65,119.65,0.33
2025-04-06 04:00:00+00:00,119.95,120.06,119.76,119.86,10.747
2025-04-06 05:00:00+00:00,119.77,119.77,119.77,119.77,10.527
2025-04-06 06:00:00+00:00,120.23,120.51,119.41,119.41,7.291
2025-04-06 07:00:00+00:00,119.13,119.26,119.0,119.18,2.872
2025-04-06 08:00:00+00:00,118.94,119.41,118.75,119.41,11.225
2025-04-06 09:00:00+00:00,119.48,119.82,119.48,119.82,0.662
2025-04-06 10:00:00+00:00,119.82,119.82,119.82,119.82,0.0
2025-04-06 11:00:00+00:00,118.34,118.58,118.27,118.53,28.011
2025-04-06 12:00:00+00:00,118.75,118.75,116.37,116.37,50.57
2025-04-06 13:00:00+00:00,116.34,116.34,114.29,114.57,612.624
2025-04-06 14:00:00+00:00,114.88,115.42,114.8,115.42,85.483
2025-04-06 15:00:00+00:00,115.72,115.87,115.02,115.49,194.699
2025-04-06 16:00:00+00:00,115.0,115.0,113.87,114.14,61.676
2025-04-06 17:00:00+00:00,113.77,114.16,110.76,111.4,740.746
2025-04-06 18:00:00+00:00,111.4,111.4,107.45,107.87,1730.189
2025-04-06 19:00:00+00:00,107.98,108.43,106.37,108.24,290.932
2025-04-06 20:00:00+00:00,108.44,108.44,105.86,106.51,154.631
2025-04-06 21:00:00+00:00,106.97,107.61,106.48,107.19,189.788
2025-04-06 22:00:00+00:00,106.82,108.19,105.87,105.93,94.666
2025-04-06 23:00:00+00:00,106.21,106.46,103.89,106.11,369.578
2025-04-07 00:00:00+00:00,106.11,106.11,103.39,104.63,175.426
2025-04-07 01:00:00+00:00,104.85,107.7,104.85,106.55,387.307
2025-04-07 02:00:00+00:00,107.05,107.17,105.49,105.49,29.881
2025-04-07 03:00:00+00:00,105.9,105.9,102.27,103.14,585.427
2025-04-07 04:00:00+00:00,103.33,103.56,101.79,101.79,248.139
2025-04-07 05:00:00+00:00,102.79,102.81,101.21,101.73,66.958
2025-04-07 06:00:00+00:00,101.81,102.53,95.49,97.41,1341.249
2025-04-07 07:00:00+00:00,97.56,98.78,97.29,97.38,365.473
2025-04-07 08:00:00+00:00,98.32,101.47,98.2,101.42,41.542
2025-04-07 09:00:00+00:00,100.39,101.78,99.16,101.13,77.426
2025-04-07 10:00:00+00:00,101.79,102.52,100.4,100.4,222.807
2025-04-07 11:00:00+00:00,101.1,101.1,99.5,100.04,237.282
2025-04-07 12:00:00+00:00,100.68,103.17,99.92,103.17,93.004
2025-04-07 13:00:00+00:00,103.07,107.09,100.91,106.42,1136.853
2025-04-07 14:00:00+00:00,107.17,112.78,104.77,107.34,1094.348
2025-04-07 15:00:00+00:00,107.34,107.34,103.89,106.7,1857.041
2025-04-07 16:00:00+00:00,106.34,106.34,103.7,103.7,35.616
2025-04-07 17:00:00+00:00,104.85,107.88,104.38,107.35,164.9
2025-04-07 18:00:00+00:00,107.13,107.33,106.17,106.67,53.206
2025-04-07 19:00:00+00:00,105.9,106.89,105.35,105.87,6.974
2025-04-07 20:00:00+00:00,106.52,107.91,106.28,107.2,7.627
2025-04-07 21:00:00+00:00,107.29,108.6,106.86,108.6,1830.302
2025-04-07 22:00:00+00:00,107.86,109.19,107.86,108.98,101.764
2025-04-07 23:00:00+00:00,108.47,108.6,106.85,106.9,11.936
2025-04-08 00:00:00+00:00,107.12,107.75,106.83,107.13,1733.122
2025-04-08 01:00:00+00:00,106.9,111.23,106.78,111.23,135.836
2025-04-08 02:00:00+00:00,111.29,112.47,111.23,111.23,299.335
2025-04-08 03:00:00+00:00,111.37,111.37,110.58,111.0,151.027
2025-04-08 04:00:00+00:00,111.51,112.03,111.17,111.17,6.86
2025-04-08 05:00:00+00:00,111.49,111.49,110.32,110.36,1.255
2025-04-08 06:00:00+00:00,110.36,110.36,108.78,108.78,10.076
2025-04-08 07:00:00+00:00,108.6,108.6,108.12,108.12,10.245
2025-04-08 08:00:00+00:00,108.05,108.24,107.28,108.24,21.482
2025-04-08 09:00:00+00:00,108.25,108.9,108.06,108.82,8.619
2025-04-08 10:00:00+00:00,108.81,109.21,108.81,109.0,146.7
2025-04-08 11:00:00+00:00,108.91,111.63,108.91,111.63,29.284
2025-04-08 12:00:00+00:00,110.78,110.79,109.64,109.99,13.772
2025-04-08 13:00:00+00:00,110.61,112.04,109.68,109.95,121.603
2025-04-08 14:00:00+00:00,110.55,111.02,107.72,107.72,50.411
2025-04-08 15:00:00+00:00,108.09,108.35,106.76,107.17,57.009
2025-04-08 16:00:00+00:00,107.17,107.17,103.74,104.2,589.294
2025-04-08 17:00:00+00:00,104.3,105.68,103.1,104.77,222.765
2025-04-08 18:00:00+00:00,105.37,106.79,104.7,105.55,100.024
2025-04-08 19:00:00+00:00,105.72,105.72,103.61,104.34,35.282
2025-04-08 20:00:00+00:00,104.23,106.1,103.82,106.05,23.019
2025-04-08 21:00:00+00:00,106.08,106.3,105.57,105.87,13.6
2025-04-08 22:00:00+00:00,105.95,106.4,104.65,105.04,30.888
2025-04-08 23:00:00+00:00,105.43,105.52,105.07,105.52,211.52
2025-04-09 00:00:00+00:00,105.25,106.51,104.85,104.85,1819.832
2025-04-09 01:00:00+00:00,104.78,104.78,101.46,104.14,684.757
2025-04-09 02:00:00+00:00,104.55,105.67,103.74,103.74,159.468
2025-04-09 03:00:00+00:00,103.78,103.78,102.74,103.36,19.169
2025-04-09 04:00:00+00:00,103.36,105.99,103.36,105.13,71.738
2025-04-09 05:00:00+00:00,105.35,106.0,105.35,105.44,21.499
2025-04-09 06:00:00+00:00,105.44,106.71,105.44,105.75,23.219
2025-04-09 07:00:00+00:00,106.5,107.61,106.5,107.21,2391.86
2025-04-09 08:00:00+00:00,107.23,108.1,106.76,107.03,88.566
2025-04-09 09:00:00+00:00,107.45,107.45,106.37,106.37,17.992
2025-04-09 10:00:00+00:00,106.37,106.74,106.37,106.46,6.095
2025-04-09 11:00:00+00:00,105.87,105.87,103.19,103.76,2629.25
2025-04-09 12:00:00+00:00,103.71,104.81,102.5,104.76,128.437
2025-04-09 13:00:00+00:00,104.85,106.89,104.16,106.18,65.011
2025-04-09 14:00:00+00:00,106.3,107.38,105.87,105.87,77.542
2025-04-09 15:00:00+00:00,106.73,107.08,106.34,106.83,12.914
2025-04-09 16:00:00+00:00,106.51,108.31,106.51,108.26,84.209
2025-04-09 17:00:00+00:00,108.26,119.42,107.5,119.42,2884.847
2025-04-09 18:00:00+00:00,119.5,120.65,117.78,118.29,902.468
2025-04-09 19:00:00+00:00,117.86,119.6,117.86,118.93,85.876
2025-04-09 20:00:00+00:00,119.35,120.15,118.74,120.15,31.932
2025-04-09 21:00:00+00:00,120.07,120.42,118.28,119.46,419.677
2025-04-09 22:00:00+00:00,119.67,120.17,119.13,119.13,650.504
2025-04-09 23:00:00+00:00,119.38,119.4,118.49,119.12,280.762
2025-04-10 00:00:00+00:00,119.09,119.09,116.88,117.6,808.569
2025-04-10 01:00:00+00:00,117.65,117.66,116.67,117.14,41.449
2025-04-10 02:00:00+00:00,117.02,117.58,116.94,117.34,28.057
2025-04-10 03:00:00+00:00,116.65,116.65,114.6,115.19,61.786
2025-04-10 04:00:00+00:00,115.35,115.75,114.97,115.57,11.931
2025-04-10 05:00:00+00:00,115.82,116.43,115.82,115.95,18.087
2025-04-10 06:00:00+00:00,116.52,116.81,116.38,116.38,75.574
2025-04-10 07:00:00+00:00,115.94,115.94,114.29,114.79,12.097
2025-04-10 08:00:00+00:00,114.82,115.06,114.25,114.25,8.131
2025-04-10 09:00:00+00:00,114.44,114.92,114.44,114.78,22.758
2025-04-10 10:00:00+00:00,114.42,114.42,113.78,114.2,52.582
2025-04-10 11:00:00+00:00,113.77,114.11,113.46,113.83,82.943
2025-04-10 12:00:00+00:00,114.0,115.4,112.95,113.66,329.485
2025-04-10 13:00:00+00:00,113.01,113.79,112.06,112.32,146.084
2025-04-10 14:00:00+00:00,113.16,114.03,112.73,112.99,63.331
2025-04-10 15:00:00+00:00,113.09,113.09,109.53,109.65,265.48
2025-04-10 16:00:00+00:00,109.82,110.09,108.62,109.51,163.809
2025-04-10 17:00:00+00:00,109.42,110.71,108.5,110.71,72.208
2025-04-10 18:00:00+00:00,110.66,111.41,110.25,111.41,7.259
2025-04-10 19:00:00+00:00,111.5,111.81,110.87,111.71,14.16
2025-04-10 20:00:00+00:00,111.71,112.79,111.65,112.79,27.229
2025-04-10 21:00:00+00:00,112.26,112.34,112.15,112.34,556.494
2025-04-10 22:00:00+00:00,112.36,113.31,112.36,113.05,23.437
2025-04-10 23:00:00+00:00,112.97,112.97,112.63,112.96,15.005
2025-04-11 00:00:00+00:00,112.68,113.32,112.68,113.02,8.597
2025-04-11 01:00:00+00:00,112.85,114.05,112.85,114.05,128.62
2025-04-11 02:00:00+00:00,114.06,115.35,113.92,114.4,72.316
2025-04-11 03:00:00+00:00,114.93,115.68,114.93,115.45,157.747
2025-04-11 04:00:00+00:00,115.48,116.2,115.24,115.45,71.311
2025-04-11 05:00:00+00:00,115.2,115.64,115.07,115.5,7.082
2025-04-11 06:00:00+00:00,116.23,117.74,116.23,116.9,37.205
2025-04-11 07:00:00+00:00,116.9,116.95,116.31,116.81,15.949
2025-04-11 08:00:00+00:00,116.07,117.79,116.0,117.39,20.031
2025-04-11 09:00:00+00:00,117.83,118.43,117.81,117.81,11.915
2025-04-11 10:00:00+00:00,117.8,119.0,117.79,118.55,66.879
2025-04-11 11:00:00+00:00,119.0,119.25,118.01,118.01,141.533
2025-04-11 12:00:00+00:00,118.13,118.81,118.0,118.15,377.301
2025-04-11 13:00:00+00:00,117.85,121.36,117.78,120.1,150.117
2025-04-11 14:00:00+00:00,119.96,120.99,118.71,119.88,149.674
2025-04-11 15:00:00+00:00,119.13,120.22,118.56,120.14,132.12
2025-04-11 16:00:00+00:00,119.84,120.45,118.92,120.09,59.343
2025-04-11 17:00:00+00:00,119.96,121.81,119.88,121.32,261.33
2025-04-11 18:00:00+00:00,121.32,121.54,119.97,120.02,31.383
2025-04-11 19:00:00+00:00,120.24,120.94,120.24,120.49,23.708
2025-04-11 20:00:00+00:00,120.83,121.72,120.83,121.51,14.224
2025-04-11 21:00:00+00:00,121.67,122.56,121.07,121.21,60.377
2025-04-11 22:00:00+00:00,121.18,121.19,120.76,121.12,128.164
2025-04-11 23:00:00+00:00,120.87,121.17,120.13,121.17,34.431
2025-04-12 00:00:00+00:00,121.26,122.1,120.86,121.63,80.521
2025-04-12 01:00:00+00:00,121.16,121.39,120.86,121.08,21.645
2025-04-12 02:00:00+00:00,121.35,121.35,119.56,119.56,8.263
2025-04-12 03:00:00+00:00,119.77,120.31,119.77,120.31,7.471
2025-04-12 04:00:00+00:00,120.18,123.6,120.03,122.54,213.634
2025-04-12 05:00:00+00:00,122.43,122.89,122.31,122.41,125.699
2025-04-12 06:00:00+00:00,122.52,123.55,122.52,123.34,36.196
2025-04-12 07:00:00+00:00,123.56,124.46,123.56,124.21,13.713
2025-04-12 08:00:00+00:00,124.31,125.25,124.09,124.3,401.676
2025-04-12 09:00:00+00:00,124.49,124.68,124.03,124.65,49.482
2025-04-12 10:00:00+00:00,124.74,124.83,124.69,124.74,8.069
2025-04-12 11:00:00+00:00,124.9,125.22,124.9,125.22,1.45
2025-04-12 12:00:00+00:00,125.25,126.39,125.08,126.38,117.229
2025-04-12 13:00:00+00:00,126.39,128.77,126.32,128.66,109.68
2025-04-12 14:00:00+00:00,128.66,131.51,128.39,130.9,587.833
2025-04-12 15:00:00+00:00,130.9,131.65,129.88,130.68,265.016
2025-04-12 16:00:00+00:00,130.54,131.11,129.36,129.75,759.654
2025-04-12 17:00:00+00:00,129.33,129.36,128.3,129.19,95.816
2025-04-12 18:00:00+00:00,129.07,130.99,129.07,130.99,89.787
2025-04-12 19:00:00+00:00,131.03,131.58,130.13,130.64,95.345
2025-04-12 20:00:00+00:00,131.12,133.95,130.9,133.18,356.784
2025-04-12 21:00:00+00:00,132.6,132.86,130.99,132.69,31.009
2025-04-12 22:00:00+00:00,132.76,133.88,132.04,132.09,77.238
2025-04-12 23:00:00+00:00,131.97,132.57,131.77,132.36,49.704
2025-04-13 00:00:00+00:00,132.33,133.41,131.87,133.21,48.829
2025-04-13 01:00:00+00:00,132.79,133.84,131.09,131.09,372.238
2025-04-13 02:00:00+00:00,131.87,132.82,131.07,132.79,13.773
2025-04-13 03:00:00+00:00,132.78,132.9,131.93,131.93,24.855
2025-04-13 04:00:00+00:00,131.73,131.87,130.03,130.03,279.004
2025-04-13 05:00:00+00:00,130.4,130.4,129.64,129.79,4.774
2025-04-13 06:00:00+00:00,129.98,130.14,129.01,129.02,52.535
2025-04-13 07:00:00+00:00,129.19,129.63,128.38,128.42,23.705
2025-04-13 08:00:00+00:00,128.34,129.57,128.34,129.54,12.73
2025-04-13 09:00:00+00:00,129.78,131.37,129.78,131.37,22.899
2025-04-13 10:00:00+00:00,130.35,130.69,130.35,130.69,6.821
2025-04-13 11:00:00+00:00,130.5,130.5,129.01,129.71,41.757
2025-04-13 12:00:00+00:00,129.9,130.35,129.36,129.55,2.754
2025-04-13 13:00:00+00:00,129.88,129.89,126.99,127.04,97.782
2025-04-13 14:00:00+00:00,127.83,129.12,127.6,129.12,11.481
2025-04-13 15:00:00+00:00,127.83,128.71,127.83,128.71,5.512
2025-04-13 16:00:00+00:00,129.0,129.91,129.0,129.33,2.514
2025-04-13 17:00:00+00:00,129.76,132.39,129.76,131.68,48.52
2025-04-13 18:00:00+00:00,131.71,132.1,131.35,132.01,47.347
2025-04-13 19:00:00+00:00,131.39,131.39,127.29,128.18,418.291
2025-04-13 20:00:00+00:00,127.98,129.62,126.19,126.77,220.812
2025-04-13 21:00:00+00:00,126.18,127.33,125.46,127.33,25.109
2025-04-13 22:00:00+00:00,127.56,127.77,126.99,126.99,112.487
2025-04-13 23:00:00+00:00,127.65,128.9,127.48,128.9,56.622
2025-04-14 00:00:00+00:00,128.49,131.59,128.32,130.2,379.509
2025-04-14 01:00:00+00:00,130.56,131.4,130.35,130.35,86.859
2025-04-14 02:00:00+00:00,131.13,136.03,130.99,133.52,328.418
2025-04-14 03:00:00+00:00,133.56,133.56,131.33,131.41,186.186
2025-04-14 04:00:00+00:00,132.08,134.28,132.06,134.0,173.114
2025-04-14 05:00:00+00:00,133.6,134.0,132.39,132.96,32.808
2025-04-14 06:00:00+00:00,132.99,132.99,132.22,132.22,0.967
2025-04-14 07:00:00+00:00,131.71,132.33,131.37,132.07,2.241
2025-04-14 08:00:00+00:00,132.39,133.41,132.09,132.92,25.829
2025-04-14 09:00:00+00:00,133.34,133.81,131.71,131.83,43.431
2025-04-14 10:00:00+00:00,132.59,134.09,132.59,133.99,3.715
2025-04-14 11:00:00+00:00,133.51,133.51,132.74,133.28,9.787
2025-04-14 12:00:00+00:00,132.63,134.22,132.63,133.84,96.357
2025-04-14 13:00:00+00:00,133.92,134.65,131.3,132.07,313.643
2025-04-14 14:00:00+00:00,131.37,134.67,131.3,133.57,208.029
2025-04-14 15:00:00+00:00,133.46,133.46,128.23,128.97,509.917
2025-04-14 16:00:00+00:00,129.02,130.12,128.7,130.12,346.319
2025-04-14 17:00:00+00:00,129.4,130.67,129.4,129.55,48.383
2025-04-14 18:00:00+00:00,130.26,130.83,129.61,130.32,183.148
2025-04-14 19:00:00+00:00,130.6,131.96,130.6,130.8,64.393
2025-04-14 20:00:00+00:00,130.8,130.8,129.63,129.63,10.835
2025-04-14 21:00:00+00:00,129.84,129.87,128.72,128.73,97.066
2025-04-14 22:00:00+00:00,129.3,129.65,129.14,129.55,3.403
2025-04-14 23:00:00+00:00,129.79,130.06,129.34,129.34,119.332
2025-04-15 00:00:00+00:00,129.49,129.49,127.83,129.23,151.043
2025-04-15 01:00:00+00:00,129.17,130.39,128.31,130.39,78.077
2025-04-15 02:00:00+00:00,130.27,130.28,128.43,128.97,22.38
2025-04-15 03:00:00+00:00,129.66,130.72,129.61,130.72,15.19
2025-04-15 04:00:00+00:00,130.44,130.81,129.99,130.81,12.764
2025-04-15 05:00:00+00:00,130.98,132.21,130.98,131.81,40.009
2025-04-15 06:00:00+00:00,130.82,131.46,130.8,131.42,6.756
2025-04-15 07:00:00+00:00,131.81,131.99,131.4,131.52,12.892
2025-04-15 08:00:00+00:00,131.99,131.99,131.62,131.62,9.198
2025-04-15 09:00:00+00:00,131.84,133.42,131.84,133.42,110.046
2025-04-15 10:00:00+00:00,133.67,133.81,131.81,132.52,13.157
2025-04-15 11:00:00+00:00,131.71,132.09,131.71,132.04,22.443
2025-04-15 12:00:00+00:00,132.82,133.03,131.43,132.62,6.862
2025-04-15 13:00:00+00:00,132.52,134.25,132.05,132.95,136.591
2025-04-15 14:00:00+00:00,131.81,132.39,129.96,130.8,159.244
2025-04-15 15:00:00+00:00,130.35,131.5,129.11,129.11,98.238
2025-04-15 16:00:00+00:00,129.57,130.43,129.54,129.99,145.103
2025-04-15 17:00:00+00:00,129.79,129.84,128.03,128.03,59.476
2025-04-15 18:00:00+00:00,128.0,128.36,127.4,128.1,12.295
2025-04-15 19:00:00+00:00,128.12,128.3,127.58,127.58,10.413
2025-04-15 20:00:00+00:00,127.96,128.37,126.94,127.34,35.756
2025-04-15 21:00:00+00:00,127.88,128.49,127.64,128.23,6.22
2025-04-15 22:00:00+00:00,127.59,127.7,125.94,125.94,176.93
2025-04-15 23:00:00+00:00,126.56,127.06,126.09,126.09,135.267
2025-04-16 00:00:00+00:00,126.05,126.97,125.18,125.18,78.251
2025-04-16 01:00:00+00:00,125.17,126.37,125.0,126.13,26.606
2025-04-16 02:00:00+00:00,126.41,126.76,125.9,126.76,6.241
2025-04-16 03:00:00+00:00,126.93,127.23,126.58,126.58,109.191
2025-04-16 04:00:00+00:00,126.11,126.11,125.75,125.87,5.992
2025-04-16 05:00:00+00:00,126.24,126.24,124.47,125.53,10.894
2025-04-16 06:00:00+00:00,125.52,126.27,125.52,126.27,40.601
2025-04-16 07:00:00+00:00,125.25,125.25,125.25,125.25,0.152
2025-04-16 08:00:00+00:00,124.74,125.67,123.73,125.67,74.7
2025-04-16 09:00:00+00:00,124.51,124.51,124.46,124.47,0.774
2025-04-16 10:00:00+00:00,125.75,125.75,125.64,125.64,5.023
2025-04-16 11:00:00+00:00,125.64,126.55,125.12,126.55,64.062
2025-04-16 12:00:00+00:00,126.37,126.37,125.3,125.45,11.094
2025-04-16 13:00:00+00:00,125.25,125.75,124.69,125.43,42.034
2025-04-16 14:00:00+00:00,125.77,128.01,125.39,128.01,59.632
2025-04-16 15:00:00+00:00,127.86,129.58,127.86,128.31,81.983
2025-04-16 16:00:00+00:00,127.77,129.12,127.16,129.12,48.276
2025-04-16 17:00:00+00:00,128.98,130.81,125.06,125.06,74.017
2025-04-16 18:00:00+00:00,125.57,128.72,125.53,128.61,109.041
2025-04-16 19:00:00+00:00,128.7,133.76,128.65,132.47,263.136
2025-04-16 20:00:00+00:00,132.65,133.5,131.61,131.61,390.39
2025-04-16 21:00:00+00:00,131.96,133.28,131.96,133.28,17.074
2025-04-16 22:00:00+00:00,133.04,133.04,132.1,132.35,28.696
2025-04-16 23:00:00+00:00,131.81,131.81,130.92,131.41,72.657
2025-04-17 00:00:00+00:00,131.1,131.49,130.82,131.3,6.06
2025-04-17 01:00:00+00:00,131.54,132.66,131.39,132.01,54.455
2025-04-17 02:00:00+00:00,131.8,131.8,130.53,131.02,31.235
2025-04-17 03:00:00+00:00,131.38,131.66,129.58,130.0,50.173
2025-04-17 04:00:00+00:00,129.83,130.8,129.81,130.8,32.453
2025-04-17 05:00:00+00:00,131.34,133.43,131.15,133.13,110.805
2025-04-17 06:00:00+00:00,133.18,135.03,133.06,134.58,582.386
2025-04-17 07:00:00+00:00,134.43,135.31,134.07,134.49,69.723
2025-04-17 08:00:00+00:00,134.51,135.05,133.05,133.05,37.343
2025-04-17 09:00:00+00:00,133.5,133.84,133.0,133.65,87.193
2025-04-17 10:00:00+00:00,132.89,133.32,132.82,133.26,5.429
2025-04-17 11:00:00+00:00,133.36,133.36,132.53,133.21,2.474
2025-04-17 12:00:00+00:00,133.16,134.47,133.09,134.22,18.581
2025-04-17 13:00:00+00:00,134.1,134.1,132.82,132.88,116.86
2025-04-17 14:00:00+00:00,132.9,132.9,130.66,131.7,122.045
2025-04-17 15:00:00+00:00,131.69,133.83,131.69,133.74,15.827
2025-04-17 16:00:00+00:00,133.52,135.02,133.52,134.32,59.175
2025-04-17 17:00:00+00:00,134.68,135.84,134.67,135.48,535.89
2025-04-17 18:00:00+00:00,135.23,136.01,134.42,134.42,31.003
2025-04-17 19:00:00+00:00,134.42,134.79,132.22,133.51,137.344
2025-04-17 20:00:00+00:00,133.5,135.03,133.5,134.99,446.705
2025-04-17 21:00:00+00:00,134.13,134.87,134.13,134.87,5.084
2025-04-17 22:00:00+00:00,134.81,134.81,133.83,133.83,1.212
2025-04-17 23:00:00+00:00,134.15,134.96,134.15,134.48,40.439
2025-04-18 00:00:00+00:00,134.91,134.99,133.93,133.93,29.396
2025-04-18 01:00:00+00:00,134.33,135.74,134.33,134.95,93.936
2025-04-18 02:00:00+00:00,134.71,135.78,134.71,135.43,212.019
2025-04-18 03:00:00+00:00,135.01,135.13,134.43,134.54,79.775
2025-04-18 04:00:00+00:00,134.65,134.65,133.76,134.12,33.984
2025-04-18 05:00:00+00:00,133.78,134.1,133.33,133.98,8.191
2025-04-18 06:00:00+00:00,134.31,134.43,133.71,134.28,83.656
2025-04-18 07:00:00+00:00,134.34,134.91,133.99,134.63,144.701
2025-04-18 08:00:00+00:00,135.3,135.31,134.53,134.53,62.28
2025-04-18 09:00:00+00:00,134.84,134.9,134.6,134.6,14.334
2025-04-18 10:00:00+00:00,134.6,134.6,133.74,133.74,6.691
2025-04-18 11:00:00+00:00,134.09,134.18,133.82,133.82,21.497
2025-04-18 12:00:00+00:00,134.38,135.04,133.97,134.99,41.768
2025-04-18 13:00:00+00:00,134.95,134.95,134.23,134.61,4.657
2025-04-18 14:00:00+00:00,134.9,134.9,133.13,133.13,421.834
2025-04-18 15:00:00+00:00,133.33,133.33,132.55,132.87,18.14
2025-04-18 16:00:00+00:00,133.04,133.28,133.04,133.27,57.943
2025-04-18 17:00:00+00:00,133.43,134.16,133.39,133.97,108.136
2025-04-18 18:00:00+00:00,133.81,134.21,133.81,133.94,3.768
2025-04-18 19:00:00+00:00,133.87,134.34,133.87,134.02,75.996
2025-04-18 20:00:00+00:00,134.26,134.26,133.6,133.92,4.972
2025-04-18 21:00:00+00:00,133.98,134.15,133.97,134.15,88.833
2025-04-18 22:00:00+00:00,134.23,134.34,133.97,133.97,7.596
2025-04-18 23:00:00+00:00,133.5,134.08,133.43,134.08,37.302
2025-04-19 00:00:00+00:00,134.12,134.32,134.11,134.22,7.174
2025-04-19 01:00:00+00:00,134.24,134.89,134.24,134.89,19.288
2025-04-19 02:00:00+00:00,134.89,138.03,134.85,137.45,126.732
2025-04-19 03:00:00+00:00,137.51,139.08,137.51,138.7,180.079
2025-04-19 04:00:00+00:00,138.82,139.35,138.26,138.26,128.724
2025-04-19 05:00:00+00:00,138.55,138.74,138.07,138.44,7.69
2025-04-19 06:00:00+00:00,138.41,138.45,137.86,138.23,22.412
2025-04-19 07:00:00+00:00,138.69,138.86,138.58,138.86,41.458
2025-04-19 08:00:00+00:00,138.88,139.13,138.76,139.08,51.787
2025-04-19 09:00:00+00:00,139.17,139.63,139.17,139.63,239.995
2025-04-19 10:00:00+00:00,139.35,139.87,139.19,139.19,6.276
2025-04-19 11:00:00+00:00,138.69,138.8,138.69,138.8,0.433
2025-04-19 12:00:00+00:00,139.17,139.17,138.84,138.93,8.779
2025-04-19 13:00:00+00:00,138.69,139.53,138.69,139.53,49.131
2025-04-19 14:00:00+00:00,139.46,139.69,139.19,139.68,23.156
2025-04-19 15:00:00+00:00,139.6,140.38,138.55,138.78,171.686
2025-04-19 16:00:00+00:00,138.99,138.99,137.87,137.92,102.503
2025-04-19 17:00:00+00:00,137.81,139.04,137.76,138.66,20.455
2025-04-19 18:00:00+00:00,138.95,138.95,138.54,138.62,17.181
2025-04-19 19:00:00+00:00,138.54,138.8,138.29,138.8,17.537
2025-04-19 20:00:00+00:00,138.56,139.08,138.45,139.03,84.19
2025-04-19 21:00:00+00:00,139.06,139.11,138.78,138.92,31.921
2025-04-19 22:00:00+00:00,139.0,139.53,139.0,139.53,70.881
2025-04-19 23:00:00+00:00,139.44,139.86,139.07,139.86,65.661
2025-04-20 00:00:00+00:00,139.89,141.31,139.63,140.34,191.399
2025-04-20 01:00:00+00:00,140.36,141.86,140.36,141.81,567.124
2025-04-20 02:00:00+00:00,141.86,141.86,141.34,141.58,28.476
2025-04-20 03:00:00+00:00,141.08,141.1,140.66,141.1,32.435
2025-04-20 04:00:00+00:00,140.86,141.43,140.86,141.43,47.663
2025-04-20 05:00:00+00:00,141.03,141.12,140.86,141.02,4.872
2025-04-20 06:00:00+00:00,140.88,140.91,139.89,140.06,22.09
2025-04-20 07:00:00+00:00,139.9,139.9,138.73,139.58,9.301
2025-04-20 08:00:00+00:00,139.62,139.62,138.92,138.92,1.641
2025-04-20 09:00:00+00:00,139.18,139.4,139.14,139.4,3.954
2025-04-20 10:00:00+00:00,139.28,139.28,138.17,138.17,92.999
2025-04-20 11:00:00+00:00,137.98,137.98,136.08,136.08,97.299
2025-04-20 12:00:00+00:00,136.37,137.49,136.37,136.98,26.362
2025-04-20 13:00:00+00:00,137.07,137.45,136.61,137.28,79.623
2025-04-20 14:00:00+00:00,137.18,137.92,137.04,137.51,232.54
2025-04-20 15:00:00+00:00,137.49,137.5,135.85,135.85,43.373
2025-04-20 16:00:00+00:00,135.85,137.0,135.85,137.0,16.248
2025-04-20 17:00:00+00:00,136.49,136.63,136.33,136.33,11.426
2025-04-20 18:00:00+00:00,136.56,136.69,136.46,136.61,19.385
2025-04-20 19:00:00+00:00,136.48,137.22,136.46,137.22,11.129
2025-04-20 20:00:00+00:00,137.24,138.4,137.24,137.68,108.541
2025-04-20 21:00:00+00:00,137.34,137.56,136.67,137.56,106.312
2025-04-20 22:00:00+00:00,137.21,137.21,136.46,136.81,22.596
2025-04-20 23:00:00+00:00,136.94,137.87,136.94,137.82,176.759
2025-04-21 00:00:00+00:00,137.8,142.92,137.66,141.17,492.548
2025-04-21 01:00:00+00:00,141.22,142.07,140.85,141.88,58.526
2025-04-21 02:00:00+00:00,141.34,141.49,139.5,140.31,223.647
2025-04-21 03:00:00+00:00,140.37,140.38,139.29,139.49,52.8
2025-04-21 04:00:00+00:00,139.73,140.9,139.49,140.9,38.318
2025-04-21 05:00:00+00:00,141.07,141.63,140.95,141.3,260.075
2025-04-21 06:00:00+00:00,140.88,141.34,140.86,140.92,5.367
2025-04-21 07:00:00+00:00,141.18,141.18,140.26,140.26,69.685
2025-04-21 08:00:00+00:00,140.51,140.59,140.37,140.47,284.267
2025-04-21 09:00:00+00:00,140.86,141.11,140.1,140.28,2.704
2025-04-21 10:00:00+00:00,140.0,140.18,139.89,140.18,91.228
2025-04-21 11:00:00+00:00,140.18,140.18,138.7,139.21,72.071
2025-04-21 12:00:00+00:00,139.29,139.29,138.51,138.51,5.85
2025-04-21 13:00:00+00:00,138.47,138.47,137.3,137.3,42.086
2025-04-21 14:00:00+00:00,137.25,139.97,137.07,139.4,238.878
2025-04-21 15:00:00+00:00,138.92,139.17,138.4,138.43,3.473
2025-04-21 16:00:00+00:00,138.28,138.7,135.64,135.64,144.907
2025-04-21 17:00:00+00:00,135.63,135.63,134.09,134.85,368.953
2025-04-21 18:00:00+00:00,134.55,135.45,134.55,135.15,120.565
2025-04-21 19:00:00+00:00,134.99,137.07,134.99,137.07,151.571
2025-04-21 20:00:00+00:00,136.85,137.36,136.64,137.16,113.635
2025-04-21 21:00:00+00:00,136.65,136.98,136.34,136.98,160.628
2025-04-21 22:00:00+00:00,136.49,136.49,136.14,136.27,5.296
2025-04-21 23:00:00+00:00,136.01,136.63,135.4,136.63,107.362
2025-04-22 00:00:00+00:00,136.74,137.07,135.03,137.07,124.674
2025-04-22 01:00:00+00:00,137.07,139.48,137.07,139.2,310.834
2025-04-22 02:00:00+00:00,139.5,139.53,138.43,139.28,57.682
2025-04-22 03:00:00+00:00,139.31,139.78,139.13,139.47,81.728
2025-04-22 04:00:00+00:00,139.47,139.47,138.77,138.77,175.36
2025-04-22 05:00:00+00:00,138.98,139.49,138.67,139.3,13.257
2025-04-22 06:00:00+00:00,139.48,139.64,138.54,138.65,4.782
2025-04-22 07:00:00+00:00,139.34,140.54,139.34,140.08,29.316
2025-04-22 08:00:00+00:00,140.39,140.57,139.25,139.25,7.662
2025-04-22 09:00:00+00:00,139.31,139.74,139.18,139.7,20.003
2025-04-22 10:00:00+00:00,139.89,140.06,139.4,139.89,3.386
2025-04-22 11:00:00+00:00,140.08,140.79,140.08,140.37,10.256
2025-04-22 12:00:00+00:00,140.28,141.83,140.28,141.45,358.593
2025-04-22 13:00:00+00:00,141.46,143.81,141.18,142.5,256.946
2025-04-22 14:00:00+00:00,143.28,144.84,142.8,143.83,130.08
2025-04-22 15:00:00+00:00,144.05,145.3,143.99,145.22,216.792
2025-04-22 16:00:00+00:00,145.31,147.41,144.2,144.84,545.773
2025-04-22 17:00:00+00:00,144.97,144.98,144.02,144.83,303.256
2025-04-22 18:00:00+00:00,144.87,145.06,144.47,144.9,89.223
2025-04-22 19:00:00+00:00,145.06,145.06,143.64,144.36,115.32
2025-04-22 20:00:00+00:00,144.23,144.63,143.57,144.63,69.883
2025-04-22 21:00:00+00:00,144.74,148.66,144.69,147.93,737.531
2025-04-22 22:00:00+00:00,147.85,149.46,147.12,149.25,253.97
2025-04-22 23:00:00+00:00,149.41,150.22,148.49,148.74,416.743
2025-04-23 00:00:00+00:00,148.93,149.43,147.76,147.76,263.186
2025-04-23 01:00:00+00:00,147.78,148.8,147.45,147.45,82.696
2025-04-23 02:00:00+00:00,147.52,148.71,147.52,148.52,18.913
2025-04-23 03:00:00+00:00,148.34,149.42,148.31,149.42,92.91
2025-04-23 04:00:00+00:00,149.21,151.79,148.73,151.56,236.695
2025-04-23 05:00:00+00:00,151.59,151.59,150.46,151.32,55.586
2025-04-23 06:00:00+00:00,150.57,152.07,150.57,151.1,61.469
2025-04-23 07:00:00+00:00,150.75,151.57,150.38,151.57,36.262
2025-04-23 08:00:00+00:00,151.68,152.55,151.44,152.51,128.178
2025-04-23 09:00:00+00:00,152.51,153.49,151.77,151.77,75.238
2025-04-23 10:00:00+00:00,151.68,152.62,151.1,152.62,44.827
2025-04-23 11:00:00+00:00,152.62,152.92,151.77,151.77,14.045
2025-04-23 12:00:00+00:00,152.0,152.32,151.79,152.32,8.329
2025-04-23 13:00:00+00:00,152.2,154.0,149.04,150.07,241.673
2025-04-23 14:00:00+00:00,150.27,152.0,149.39,151.99,1001.058
2025-04-23 15:00:00+00:00,151.39,151.39,148.83,150.74,25.106
2025-04-23 16:00:00+00:00,151.07,151.92,149.73,151.16,14.246
2025-04-23 17:00:00+00:00,151.0,152.03,150.91,151.02,118.177
2025-04-23 18:00:00+00:00,151.38,152.32,150.66,150.9,44.884
2025-04-23 19:00:00+00:00,150.66,150.66,149.12,150.04,77.973
2025-04-23 20:00:00+00:00,150.39,151.0,149.91,150.99,73.017
2025-04-23 21:00:00+00:00,151.0,151.0,150.55,150.55,1.994
2025-04-23 22:00:00+00:00,150.82,151.37,150.82,151.23,215.177
2025-04-23 23:00:00+00:00,151.35,151.56,150.91,151.03,23.13
2025-04-24 00:00:00+00:00,151.12,151.31,149.99,150.38,42.136
2025-04-24 01:00:00+00:00,150.16,150.74,149.23,150.1,51.725
2025-04-24 02:00:00+00:00,149.66,150.65,148.93,148.93,151.324
2025-04-24 03:00:00+00:00,148.91,149.64,147.7,147.81,189.143
2025-04-24 04:00:00+00:00,147.76,148.5,147.69,148.5,105.078
2025-04-24 05:00:00+00:00,148.53,148.71,148.37,148.37,7.346
2025-04-24 06:00:00+00:00,148.08,148.89,148.08,148.63,16.996
2025-04-24 07:00:00+00:00,148.25,148.79,147.04,147.07,48.965
2025-04-24 08:00:00+00:00,147.14,147.14,145.42,146.5,186.685
2025-04-24 09:00:00+00:00,146.45,146.96,146.45,146.64,6.937
2025-04-24 10:00:00+00:00,146.87,147.16,146.68,146.68,0.311
2025-04-24 11:00:00+00:00,146.67,147.45,146.0,147.39,474.289
2025-04-24 12:00:00+00:00,147.65,148.47,147.08,148.47,69.775
2025-04-24 13:00:00+00:00,148.47,149.4,148.17,148.38,48.036
2025-04-24 14:00:00+00:00,149.24,150.94,148.83,150.53,163.042
2025-04-24 15:00:00+00:00,149.73,151.38,149.35,149.35,255.51
2025-04-24 16:00:00+00:00,149.66,151.59,148.28,151.32,285.805
2025-04-24 17:00:00+00:00,151.41,151.41,148.98,150.33,54.352
2025-04-24 18:00:00+00:00,150.73,152.32,150.73,151.88,86.887
2025-04-24 19:00:00+00:00,151.7,151.7,151.18,151.61,18.649
2025-04-24 20:00:00+00:00,151.67,152.24,151.67,151.67,10.781
2025-04-24 21:00:00+00:00,151.3,151.34,150.09,150.67,364.37
2025-04-24 22:00:00+00:00,151.0,151.38,150.69,150.86,45.755
2025-04-24 23:00:00+00:00,150.63,152.79,150.63,152.18,85.552
2025-04-25 00:00:00+00:00,152.48,152.64,152.01,152.1,56.037
2025-04-25 01:00:00+00:00,152.28,154.47,152.28,152.84,151.898
2025-04-25 02:00:00+00:00,152.47,153.19,150.63,150.63,176.865
2025-04-25 03:00:00+00:00,151.09,151.49,150.98,151.1,13.603
2025-04-25 04:00:00+00:00,151.77,152.32,150.97,150.97,10.818
2025-04-25 05:00:00+00:00,150.96,151.83,150.96,151.32,69.66
2025-04-25 06:00:00+00:00,151.99,153.8,151.99,153.3,224.58
2025-04-25 07:00:00+00:00,153.8,154.85,152.84,154.79,345.899
2025-04-25 08:00:00+00:00,154.65,154.83,154.41,154.41,81.653
2025-04-25 09:00:00+00:00,154.32,154.32,153.43,154.09,38.491
2025-04-25 10:00:00+00:00,154.02,154.87,153.05,153.05,16.377
2025-04-25 11:00:00+00:00,153.62,154.31,153.62,154.29,25.025
2025-04-25 12:00:00+00:00,154.74,156.71,153.51,153.61,407.057
2025-04-25 13:00:00+00:00,153.77,153.91,152.32,153.48,62.418
2025-04-25 14:00:00+00:00,154.2,155.81,154.2,155.28,79.351
2025-04-25 15:00:00+00:00,154.61,154.61,152.59,152.89,276.418
2025-04-25 16:00:00+00:00,152.87,152.88,151.69,152.4,261.59
2025-04-25 17:00:00+00:00,152.79,153.08,150.45,150.81,75.406
2025-04-25 18:00:00+00:00,150.94,151.96,150.77,151.15,75.801
2025-04-25 19:00:00+00:00,151.25,151.49,151.06,151.36,84.356
2025-04-25 20:00:00+00:00,151.44,152.18,151.02,152.18,8.428
2025-04-25 21:00:00+00:00,152.04,152.52,150.07,150.07,91.804
2025-04-25 22:00:00+00:00,150.63,151.28,150.63,151.13,22.506
2025-04-25 23:00:00+00:00,151.4,151.4,150.48,150.55,5.895
2025-04-26 00:00:00+00:00,151.22,151.66,151.12,151.66,38.388
2025-04-26 01:00:00+00:00,151.48,152.92,151.25,152.37,63.181
2025-04-26 02:00:00+00:00,152.14,152.22,151.57,151.71,14.669
2025-04-26 03:00:00+00:00,151.78,152.0,151.25,151.48,14.128
2025-04-26 04:00:00+00:00,151.4,151.54,150.53,150.53,66.61
2025-04-26 05:00:00+00:00,150.39,151.21,150.06,151.09,32.707
2025-04-26 06:00:00+00:00,151.05,151.77,151.02,151.76,1.551
2025-04-26 07:00:00+00:00,151.76,152.22,151.76,151.76,3.022
2025-04-26 08:00:00+00:00,151.58,152.22,150.75,150.77,7.539
2025-04-26 09:00:00+00:00,150.67,150.67,149.09,149.4,63.717
2025-04-26 10:00:00+00:00,149.47,149.65,149.21,149.38,37.695
2025-04-26 11:00:00+00:00,149.21,149.21,148.23,148.23,30.735
2025-04-26 12:00:00+00:00,148.72,148.88,148.24,148.29,44.963
2025-04-26 13:00:00+00:00,148.3,148.69,147.97,148.04,201.133
2025-04-26 14:00:00+00:00,148.48,149.1,148.48,148.57,78.492
2025-04-26 15:00:00+00:00,148.96,149.5,148.69,149.43,17.558
2025-04-26 16:00:00+00:00,149.17,149.33,148.7,149.01,86.441
2025-04-26 17:00:00+00:00,148.95,149.34,148.88,149.03,13.735
2025-04-26 18:00:00+00:00,148.98,149.19,148.9,148.9,18.887
2025-04-26 19:00:00+00:00,148.68,149.14,148.47,149.14,120.851
2025-04-26 20:00:00+00:00,149.28,149.32,148.83,148.83,45.239
2025-04-26 21:00:00+00:00,148.58,148.9,148.58,148.67,109.061
2025-04-26 22:00:00+00:00,149.48,149.69,149.04,149.13,9.232
2025-04-26 23:00:00+00:00,149.14,149.36,148.93,149.36,34.352
2025-04-27 00:00:00+00:00,149.18,150.28,149.18,149.75,49.492
2025-04-27 01:00:00+00:00,149.73,149.73,146.31,146.42,94.045
2025-04-27 02:00:00+00:00,146.31,147.84,146.21,146.67,40.69
2025-04-27 03:00:00+00:00,147.16,147.38,147.03,147.35,78.733
2025-04-27 04:00:00+00:00,147.65,147.71,146.63,146.63,7.601
2025-04-27 05:00:00+00:00,146.58,146.88,145.74,146.22,21.93
2025-04-27 06:00:00+00:00,146.3,146.96,146.3,146.89,14.179
2025-04-27 07:00:00+00:00,147.16,147.65,147.16,147.65,1.058
2025-04-27 08:00:00+00:00,147.49,148.47,147.4,148.47,15.923
2025-04-27 09:00:00+00:00,148.28,148.68,148.28,148.68,0.245
2025-04-27 10:00:00+00:00,148.52,148.52,148.26,148.26,9.652
2025-04-27 11:00:00+00:00,148.47,148.47,148.28,148.28,25.144
2025-04-27 12:00:00+00:00,147.95,148.82,147.43,147.97,47.125
2025-04-27 13:00:00+00:00,147.87,149.29,147.16,149.1,16.033
2025-04-27 14:00:00+00:00,149.3,149.67,148.99,149.67,22.873
2025-04-27 15:00:00+00:00,148.99,149.63,148.81,148.97,12.609
2025-04-27 16:00:00+00:00,149.19,149.19,148.47,148.58,155.76
2025-04-27 17:00:00+00:00,148.54,149.18,148.54,149.06,39.215
2025-04-27 18:00:00+00:00,149.18,150.16,149.18,149.93,1083.908
2025-04-27 19:00:00+00:00,149.67,149.99,149.53,149.99,31.769
2025-04-27 20:00:00+00:00,149.99,149.99,148.92,149.21,31.725
2025-04-27 21:00:00+00:00,148.71,149.58,148.71,149.42,101.835
2025-04-27 22:00:00+00:00,149.22,149.22,147.97,148.49,88.071
2025-04-27 23:00:00+00:00,148.37,148.48,148.17,148.17,1.846
2025-04-28 00:00:00+00:00,147.9,148.07,146.91,147.14,6.598
2025-04-28 01:00:00+00:00,146.96,147.16,144.74,145.19,154.462
2025-04-28 02:00:00+00:00,144.82,146.15,144.82,146.04,78.672
2025-04-28 03:00:00+00:00,146.0,149.4,145.91,148.43,28.42
2025-04-28 04:00:00+00:00,148.86,149.58,148.57,148.57,93.507
2025-04-28 05:00:00+00:00,149.25,149.74,149.21,149.74,13.822
2025-04-28 06:00:00+00:00,149.77,151.27,149.77,150.94,38.598
2025-04-28 07:00:00+00:00,150.68,151.48,150.68,151.47,1866.817
2025-04-28 08:00:00+00:00,151.47,151.69,151.21,151.29,367.673
2025-04-28 09:00:00+00:00,151.77,151.82,151.43,151.82,34.987
2025-04-28 10:00:00+00:00,151.84,153.34,149.24,152.41,163.138
2025-04-28 11:00:00+00:00,152.62,152.83,151.57,151.57,101.412
2025-04-28 12:00:00+00:00,151.88,151.88,150.75,150.81,7.862
2025-04-28 13:00:00+00:00,150.77,150.81,147.97,147.97,307.836
2025-04-28 14:00:00+00:00,147.85,148.63,147.08,147.08,22.871
2025-04-28 15:00:00+00:00,147.22,147.22,145.65,146.21,61.835
2025-04-28 16:00:00+00:00,146.18,146.75,145.59,146.19,112.341
2025-04-28 17:00:00+00:00,146.47,147.03,146.03,147.03,93.677
2025-04-28 18:00:00+00:00,147.04,147.12,146.39,147.12,109.596
2025-04-28 19:00:00+00:00,147.14,148.71,147.14,148.56,185.312
2025-04-28 20:00:00+00:00,148.41,148.41,146.96,147.05,52.995
2025-04-28 21:00:00+00:00,147.47,147.68,147.19,147.68,22.904
2025-04-28 22:00:00+00:00,147.68,148.18,147.68,148.12,27.331
2025-04-28 23:00:00+00:00,148.06,148.22,147.76,147.88,76.714
2025-04-29 00:00:00+00:00,147.84,148.47,147.46,148.28,252.381
2025-04-29 01:00:00+00:00,148.28,149.04,147.61,148.54,57.479
2025-04-29 02:00:00+00:00,148.25,148.25,147.06,147.47,19.741
2025-04-29 03:00:00+00:00,147.61,147.65,147.49,147.55,8.709
2025-04-29 04:00:00+00:00,147.28,148.02,146.42,146.42,32.122
2025-04-29 05:00:00+00:00,146.21,146.76,145.9,146.76,56.338
2025-04-29 06:00:00+00:00,146.56,148.07,146.56,147.99,6.59
2025-04-29 07:00:00+00:00,148.21,148.88,148.21,148.88,5.768
2025-04-29 08:00:00+00:00,148.9,149.4,148.9,149.07,31.352
2025-04-29 09:00:00+00:00,149.4,149.4,149.18,149.18,0.39
2025-04-29 10:00:00+00:00,148.92,149.33,147.97,148.39,75.693
2025-04-29 11:00:00+00:00,148.54,149.0,148.54,148.98,1.508
2025-04-29 12:00:00+00:00,149.16,149.27,148.07,148.07,9.432
2025-04-29 13:00:00+00:00,147.97,147.97,147.17,147.23,13.448
2025-04-29 14:00:00+00:00,147.75,148.29,147.14,148.15,3.198
2025-04-29 15:00:00+00:00,148.05,148.46,147.61,148.08,18.823
2025-04-29 16:00:00+00:00,148.01,149.63,147.98,148.34,120.723
2025-04-29 17:00:00+00:00,148.07,148.98,147.92,148.81,93.47
2025-04-29 18:00:00+00:00,148.96,150.22,148.65,149.88,147.052
2025-04-29 19:00:00+00:00,150.13,150.13,149.07,149.25,79.89
2025-04-29 20:00:00+00:00,149.55,149.55,148.47,148.55,2.952
2025-04-29 21:00:00+00:00,148.23,148.23,146.05,147.22,489.801
2025-04-29 22:00:00+00:00,147.1,147.1,145.95,146.1,18.376
2025-04-29 23:00:00+00:00,146.06,146.46,145.1,146.46,54.297
2025-04-30 00:00:00+00:00,146.24,146.84,146.13,146.63,14.239
2025-04-30 01:00:00+00:00,146.29,146.29,145.22,146.16,28.351
2025-04-30 02:00:00+00:00,146.03,147.16,146.03,146.81,4.023
2025-04-30 03:00:00+00:00,146.69,148.45,146.44,148.0,11.621
2025-04-30 04:00:00+00:00,147.86,147.86,147.21,147.48,8.415
2025-04-30 05:00:00+00:00,147.16,147.21,146.98,147.11,5.659
2025-04-30 06:00:00+00:00,146.98,147.36,146.96,147.36,1.087
2025-04-30 07:00:00+00:00,146.84,147.35,146.43,146.46,2.225
2025-04-30 08:00:00+00:00,146.19,146.74,146.19,146.68,8.265
2025-04-30 09:00:00+00:00,147.16,147.34,147.16,147.34,0.961
2025-04-30 10:00:00+00:00,147.41,147.53,147.32,147.32,3.159
2025-04-30 11:00:00+00:00,147.65,147.97,147.6,147.97,1.395
2025-04-30 12:00:00+00:00,147.74,147.74,144.43,144.94,138.933
2025-04-30 13:00:00+00:00,144.76,144.88,140.55,140.97,316.785
2025-04-30 14:00:00+00:00,141.34,143.05,141.34,141.57,45.13
2025-04-30 15:00:00+00:00,142.31,142.86,142.24,142.56,41.092
2025-04-30 16:00:00+00:00,141.83,143.04,141.49,142.97,19.2
2025-04-30 17:00:00+00:00,143.28,144.97,142.75,144.97,82.399
2025-04-30 18:00:00+00:00,144.69,145.95,144.69,145.09,98.324
2025-04-30 19:00:00+00:00,145.71,145.95,144.63,145.95,48.186
2025-04-30 20:00:00+00:00,145.97,147.3,145.97,146.87,77.771
2025-04-30 21:00:00+00:00,146.77,147.16,146.5,146.68,9.389
2025-04-30 22:00:00+00:00,146.8,147.32,146.6,147.0,439.033
2025-04-30 23:00:00+00:00,147.05,148.0,147.02,147.53,23.879
2025-05-01 00:00:00+00:00,147.84,148.4,147.73,147.88,21.66
2025-05-01 01:00:00+00:00,148.21,149.01,148.21,148.92,310.469
2025-05-01 02:00:00+00:00,149.07,149.4,148.83,148.86,334.787
2025-05-01 03:00:00+00:00,148.91,149.26,148.85,148.85,2.78
2025-05-01 04:00:00+00:00,148.83,149.1,148.13,148.41,85.15
2025-05-01 05:00:00+00:00,148.41,149.44,148.41,149.19,5.65
2025-05-01 06:00:00+00:00,149.19,149.19,148.41,148.63,3.32
2025-05-01 07:00:00+00:00,148.63,150.19,148.52,150.1,116.1
2025-05-01 08:00:00+00:00,149.66,150.86,149.66,150.79,14.259
2025-05-01 09:00:00+00:00,150.55,151.68,150.49,151.58,104.519
2025-05-01 10:00:00+00:00,151.51,152.03,151.51,152.0,35.724
2025-05-01 11:00:00+00:00,152.02,152.27,151.44,152.01,9.177
2025-05-01 12:00:00+00:00,151.84,152.13,151.44,152.05,111.585
2025-05-01 13:00:00+00:00,152.13,152.4,150.75,150.75,27.757
2025-05-01 14:00:00+00:00,150.94,153.0,150.94,153.0,118.394
2025-05-01 15:00:00+00:00,153.01,153.97,151.03,151.76,560.34
2025-05-01 16:00:00+00:00,151.76,152.7,151.76,151.76,38.885
2025-05-01 17:00:00+00:00,151.83,152.58,150.95,150.95,41.72
2025-05-01 18:00:00+00:00,151.2,151.4,150.22,151.4,128.265
2025-05-01 19:00:00+00:00,151.08,151.11,150.47,150.47,272.653
2025-05-01 20:00:00+00:00,150.33,150.73,149.94,150.06,80.32
2025-05-01 21:00:00+00:00,150.38,150.96,150.38,150.68,49.462
2025-05-01 22:00:00+00:00,150.66,150.77,150.2,150.2,9.889
2025-05-01 23:00:00+00:00,150.56,150.74,149.98,150.56,174.719
2025-05-02 00:00:00+00:00,150.91,151.7,150.83,151.53,38.397
2025-05-02 01:00:00+00:00,151.35,151.43,150.37,150.37,7.027
2025-05-02 02:00:00+00:00,150.28,151.04,150.23,150.57,112.43
2025-05-02 03:00:00+00:00,150.54,150.8,150.27,150.8,3.445
2025-05-02 04:00:00+00:00,150.67,150.68,150.32,150.32,12.627
2025-05-02 05:00:00+00:00,150.11,150.15,149.5,149.5,14.531
2025-05-02 06:00:00+00:00,149.42,149.47,148.71,149.06,23.786
2025-05-02 07:00:00+00:00,149.11,149.11,148.47,148.47,5.111
2025-05-02 08:00:00+00:00,148.51,149.5,148.45,149.43,44.372
2025-05-02 09:00:00+00:00,149.6,149.72,149.56,149.72,0.254
2025-05-02 10:00:00+00:00,149.73,149.99,149.73,149.99,7.274
2025-05-02 11:00:00+00:00,150.32,150.74,150.32,150.58,15.78
2025-05-02 12:00:00+00:00,150.75,150.94,149.5,150.75,24.135
2025-05-02 13:00:00+00:00,150.74,150.96,150.29,150.74,49.108
2025-05-02 14:00:00+00:00,150.84,151.79,150.84,151.42,56.081
2025-05-02 15:00:00+00:00,151.74,151.74,149.73,149.81,14.769
2025-05-02 16:00:00+00:00,150.75,151.11,150.25,150.25,2.667
2025-05-02 17:00:00+00:00,150.25,150.3,149.63,149.85,8.812
2025-05-02 18:00:00+00:00,149.94,150.38,149.66,149.66,14.357
2025-05-02 19:00:00+00:00,149.5,149.5,147.87,148.05,619.198
2025-05-02 20:00:00+00:00,147.84,148.38,147.55,148.38,633.413
2025-05-02 21:00:00+00:00,148.55,148.55,147.52,147.56,20.261
2025-05-02 22:00:00+00:00,147.46,147.92,147.34,147.78,144.759
2025-05-02 23:00:00+00:00,147.84,148.03,147.66,148.03,31.132
2025-05-03 00:00:00+00:00,148.03,148.38,147.73,147.81,105.699
2025-05-03 01:00:00+00:00,148.08,148.08,147.7,147.91,37.129
2025-05-03 02:00:00+00:00,148.12,148.93,148.12,148.78,36.36
2025-05-03 03:00:00+00:00,148.93,148.97,148.17,148.48,80.663
2025-05-03 04:00:00+00:00,148.55,148.55,148.12,148.16,67.161
2025-05-03 05:00:00+00:00,148.02,148.18,147.7,148.07,31.176
2025-05-03 06:00:00+00:00,147.7,147.9,147.5,147.9,7.866
2025-05-03 07:00:00+00:00,147.88,148.01,147.88,148.01,5.658
2025-05-03 08:00:00+00:00,147.78,147.99,147.68,147.89,40.581
2025-05-03 09:00:00+00:00,147.73,147.73,147.06,147.06,20.292
2025-05-03 10:00:00+00:00,147.35,147.63,146.81,146.81,42.568
2025-05-03 11:00:00+00:00,147.23,147.34,147.21,147.34,2.434
2025-05-03 12:00:00+00:00,147.38,147.97,147.31,147.94,20.856
2025-05-03 13:00:00+00:00,148.21,148.38,148.07,148.38,57.421
2025-05-03 14:00:00+00:00,148.47,148.57,148.14,148.53,5.796
2025-05-03 15:00:00+00:00,148.59,148.82,148.42,148.42,142.985
2025-05-03 16:00:00+00:00,148.29,148.29,147.45,147.56,9.812
2025-05-03 17:00:00+00:00,147.33,147.33,145.95,146.57,46.979
2025-05-03 18:00:00+00:00,146.83,147.21,146.53,146.53,2.04
2025-05-03 19:00:00+00:00,146.64,147.45,146.64,147.45,53.831
2025-05-03 20:00:00+00:00,147.45,147.68,147.28,147.31,36.589
2025-05-03 21:00:00+00:00,147.16,147.72,146.87,147.63,3.99
2025-05-03 22:00:00+00:00,147.58,147.58,147.34,147.36,8.73
2025-05-03 23:00:00+00:00,147.18,147.18,146.84,146.93,3.114
2025-05-04 00:00:00+00:00,146.68,146.98,146.13,146.52,22.697
2025-05-04 01:00:00+00:00,146.57,146.84,145.97,146.84,107.594
2025-05-04 02:00:00+00:00,147.16,147.45,146.19,146.2,9.853
2025-05-04 03:00:00+00:00,146.07,146.15,145.65,145.65,10.172
2025-05-04 04:00:00+00:00,145.66,145.79,145.29,145.29,47.59
2025-05-04 05:00:00+00:00,145.81,146.43,145.79,146.43,1.534
2025-05-04 06:00:00+00:00,146.05,146.15,145.71,145.97,43.378
2025-05-04 07:00:00+00:00,145.52,145.52,145.29,145.29,52.505
2025-05-04 08:00:00+00:00,145.61,145.63,145.21,145.3,23.181
2025-05-04 09:00:00+00:00,145.13,145.13,144.74,144.74,11.031
2025-05-04 10:00:00+00:00,145.22,145.4,145.22,145.4,0.257
2025-05-04 11:00:00+00:00,145.54,145.76,145.54,145.57,27.755
2025-05-04 12:00:00+00:00,145.74,146.0,145.62,146.0,8.047
2025-05-04 13:00:00+00:00,145.69,145.69,145.11,145.44,1.668
2025-05-04 14:00:00+00:00,145.71,146.56,145.71,146.56,4.126
2025-05-04 15:00:00+00:00,146.67,147.08,146.67,147.08,763.389
2025-05-04 16:00:00+00:00,147.12,147.21,146.66,146.66,11.142
2025-05-04 17:00:00+00:00,147.22,147.22,146.58,146.89,7.425
2025-05-04 18:00:00+00:00,147.21,147.69,146.75,146.75,7.372
2025-05-04 19:00:00+00:00,146.43,146.43,146.19,146.19,6.568
2025-05-04 20:00:00+00:00,146.78,147.21,146.75,146.9,79.5
2025-05-04 21:00:00+00:00,146.82,146.96,146.52,146.86,6.309
2025-05-04 22:00:00+00:00,147.0,147.0,145.11,145.11,104.017
2025-05-04 23:00:00+00:00,145.11,145.27,143.79,143.79,112.702
2025-05-05 00:00:00+00:00,144.25,145.28,144.13,145.19,91.009
2025-05-05 01:00:00+00:00,145.19,145.19,143.08,143.55,487.387
2025-05-05 02:00:00+00:00,143.26,145.06,142.69,144.93,18.641
2025-05-05 03:00:00+00:00,144.74,145.25,144.65,145.25,5.346
2025-05-05 04:00:00+00:00,145.04,146.3,145.04,146.3,68.92
2025-05-05 05:00:00+00:00,146.41,147.07,146.37,147.01,222.117
2025-05-05 06:00:00+00:00,146.96,147.26,146.73,146.74,10.514
2025-05-05 07:00:00+00:00,146.88,147.12,146.88,146.93,0.281
2025-05-05 08:00:00+00:00,146.84,146.84,146.44,146.49,10.093
2025-05-05 09:00:00+00:00,146.52,146.78,146.52,146.78,0.379
2025-05-05 10:00:00+00:00,145.97,145.97,143.85,144.09,46.613
2025-05-05 11:00:00+00:00,144.15,144.15,143.77,143.93,64.589
2025-05-05 12:00:00+00:00,144.13,144.74,144.0,144.74,18.597
2025-05-05 13:00:00+00:00,144.56,144.63,143.5,144.63,19.143
2025-05-05 14:00:00+00:00,144.94,145.31,144.64,144.65,104.997
2025-05-05 15:00:00+00:00,144.62,144.77,143.38,143.38,80.886
2025-05-05 16:00:00+00:00,143.98,145.31,143.98,145.23,140.931
2025-05-05 17:00:00+00:00,145.15,145.95,144.94,145.95,134.845
2025-05-05 18:00:00+00:00,145.83,147.05,145.83,146.74,32.057
2025-05-05 19:00:00+00:00,146.79,147.07,146.79,146.81,75.521
2025-05-05 20:00:00+00:00,146.47,146.47,144.94,145.3,513.008
2025-05-05 21:00:00+00:00,145.32,146.84,145.32,146.84,551.286
2025-05-05 22:00:00+00:00,146.81,147.5,146.81,147.15,17.486
2025-05-05 23:00:00+00:00,147.33,147.45,146.51,146.51,23.068
2025-05-06 00:00:00+00:00,146.49,146.49,145.89,145.89,74.714
2025-05-06 01:00:00+00:00,146.11,146.36,144.59,144.8,37.505
2025-05-06 02:00:00+00:00,144.75,144.75,143.92,144.39,38.267
2025-05-06 03:00:00+00:00,144.4,144.81,144.11,144.81,18.761
2025-05-06 04:00:00+00:00,144.71,145.05,144.43,145.05,17.713
2025-05-06 05:00:00+00:00,145.08,145.11,144.65,144.68,2.284
2025-05-06 06:00:00+00:00,144.83,145.12,144.83,145.12,1.832
2025-05-06 07:00:00+00:00,145.4,145.7,145.08,145.08,477.281
2025-05-06 08:00:00+00:00,144.63,144.64,143.77,144.59,659.803
2025-05-06 09:00:00+00:00,143.99,143.99,143.61,143.61,2.582
2025-05-06 10:00:00+00:00,144.16,144.16,143.03,143.03,75.515
2025-05-06 11:00:00+00:00,143.19,143.52,142.24,142.42,26.331
2025-05-06 12:00:00+00:00,142.55,143.11,142.55,143.11,25.647
2025-05-06 13:00:00+00:00,142.6,142.6,141.57,141.8,63.346
2025-05-06 14:00:00+00:00,142.51,143.9,142.51,142.98,2.6
2025-05-06 15:00:00+00:00,142.59,143.61,142.4,143.26,15.134
2025-05-06 16:00:00+00:00,143.13,143.61,142.51,142.51,53.361
2025-05-06 17:00:00+00:00,142.83,144.25,142.83,143.63,19.725
2025-05-06 18:00:00+00:00,143.88,144.87,143.87,144.45,53.668
2025-05-06 19:00:00+00:00,144.88,145.16,144.84,144.84,3.26
2025-05-06 20:00:00+00:00,144.9,144.91,143.93,144.05,9.04
2025-05-06 21:00:00+00:00,144.36,144.67,143.71,144.48,120.39
2025-05-06 22:00:00+00:00,144.94,146.67,144.94,146.15,83.766
2025-05-06 23:00:00+00:00,146.13,147.04,145.9,147.04,81.066
2025-05-07 00:00:00+00:00,147.0,149.04,147.0,148.87,202.498
2025-05-07 01:00:00+00:00,149.04,149.46,148.36,148.36,70.379
2025-05-07 02:00:00+00:00,148.39,148.39,146.84,146.84,16.081
2025-05-07 03:00:00+00:00,146.67,146.67,145.65,146.33,19.638
2025-05-07 04:00:00+00:00,146.33,146.68,146.22,146.68,47.123
2025-05-07 05:00:00+00:00,146.05,146.05,145.65,145.65,4.57
2025-05-07 06:00:00+00:00,146.25,146.25,145.95,145.95,10.181
2025-05-07 07:00:00+00:00,146.26,147.22,146.26,147.22,7.203
2025-05-07 08:00:00+00:00,147.0,147.77,147.0,147.63,13.715
2025-05-07 09:00:00+00:00,147.94,148.1,147.94,148.1,3.401
2025-05-07 10:00:00+00:00,147.83,147.83,147.83,147.83,0.26
2025-05-07 11:00:00+00:00,147.65,147.74,147.65,147.74,0.241
2025-05-07 12:00:00+00:00,147.65,147.65,146.77,146.99,7.197
2025-05-07 13:00:00+00:00,146.67,147.25,146.43,146.58,0.95
2025-05-07 14:00:00+00:00,146.84,147.44,145.9,145.99,13.838
2025-05-07 15:00:00+00:00,145.99,146.39,145.57,145.77,55.44
2025-05-07 16:00:00+00:00,145.56,146.49,145.2,146.22,24.787
2025-05-07 17:00:00+00:00,146.37,146.6,145.11,145.37,521.356
2025-05-07 18:00:00+00:00,145.36,147.06,144.79,146.43,99.064
2025-05-07 19:00:00+00:00,146.67,146.74,145.27,145.99,6.577
2025-05-07 20:00:00+00:00,146.07,146.4,145.82,146.4,10.095
2025-05-07 21:00:00+00:00,146.67,147.76,146.67,147.11,51.875
2025-05-07 22:00:00+00:00,147.83,147.84,147.32,147.84,58.865
2025-05-07 23:00:00+00:00,147.89,148.21,147.11,147.11,12.537
2025-05-08 00:00:00+00:00,147.2,148.63,147.2,148.63,48.545
2025-05-08 01:00:00+00:00,148.71,149.78,148.09,148.23,150.408
2025-05-08 02:00:00+00:00,148.47,150.26,148.42,149.87,38.363
2025-05-08 03:00:00+00:00,150.22,151.0,149.98,150.96,100.921
2025-05-08 04:00:00+00:00,150.79,151.79,150.79,150.82,209.09
2025-05-08 05:00:00+00:00,151.07,151.21,150.17,150.26,60.377
2025-05-08 06:00:00+00:00,150.24,150.45,150.24,150.45,8.423
2025-05-08 07:00:00+00:00,150.8,151.85,150.8,151.79,283.804
2025-05-08 08:00:00+00:00,151.79,153.22,151.79,152.66,437.227
2025-05-08 09:00:00+00:00,152.75,154.75,152.68,154.64,219.957
2025-05-08 10:00:00+00:00,154.82,155.24,154.41,154.79,197.533
2025-05-08 11:00:00+00:00,154.79,154.79,153.81,154.45,27.494
2025-05-08 12:00:00+00:00,154.45,155.73,154.32,154.99,518.955
2025-05-08 13:00:00+00:00,154.61,155.51,154.6,154.95,395.422
2025-05-08 14:00:00+00:00,154.99,158.48,154.42,157.12,690.477
2025-05-08 15:00:00+00:00,157.15,162.81,157.15,160.09,1571.418
2025-05-08 16:00:00+00:00,160.34,160.95,159.64,160.15,243.351
2025-05-08 17:00:00+00:00,159.74,160.03,158.63,158.71,65.842
2025-05-08 18:00:00+00:00,159.11,160.53,158.98,160.05,82.285
2025-05-08 19:00:00+00:00,160.23,160.37,159.78,160.37,87.719
2025-05-08 20:00:00+00:00,160.63,163.19,159.93,162.4,150.87
2025-05-08 21:00:00+00:00,162.63,163.83,160.32,160.82,107.959
2025-05-08 22:00:00+00:00,160.82,161.59,160.82,161.19,52.489
2025-05-08 23:00:00+00:00,161.22,164.43,161.22,164.43,282.457
2025-05-09 00:00:00+00:00,164.35,164.49,162.51,162.51,77.756
2025-05-09 01:00:00+00:00,162.39,163.51,162.06,162.95,98.061
2025-05-09 02:00:00+00:00,163.35,163.35,162.5,162.5,202.213
2025-05-09 03:00:00+00:00,162.65,163.27,161.61,161.61,360.037
2025-05-09 04:00:00+00:00,161.49,161.92,161.19,161.92,19.844
2025-05-09 05:00:00+00:00,162.07,162.89,162.07,162.53,43.63
2025-05-09 06:00:00+00:00,162.55,164.12,162.55,164.12,15.733
2025-05-09 07:00:00+00:00,164.33,166.8,164.07,164.89,214.762
2025-05-09 08:00:00+00:00,165.45,169.69,164.98,166.05,211.624
2025-05-09 09:00:00+00:00,166.5,167.71,164.34,166.36,97.229
2025-05-09 10:00:00+00:00,166.63,174.51,166.63,174.05,759.908
2025-05-09 11:00:00+00:00,173.3,176.13,171.38,172.51,216.139
2025-05-09 12:00:00+00:00,172.23,172.77,169.74,172.13,248.032
2025-05-09 13:00:00+00:00,172.7,173.19,171.15,172.97,34.065
2025-05-09 14:00:00+00:00,172.4,172.4,167.63,169.28,1575.558
2025-05-09 15:00:00+00:00,169.11,171.15,168.63,171.05,108.348
2025-05-09 16:00:00+00:00,170.75,170.75,168.7,168.85,312.923
2025-05-09 17:00:00+00:00,169.17,171.93,168.78,171.75,190.466
2025-05-09 18:00:00+00:00,171.94,172.27,170.72,171.99,402.983
2025-05-09 19:00:00+00:00,171.9,172.49,171.15,171.61,447.251
2025-05-09 20:00:00+00:00,171.58,172.91,171.58,172.91,293.787
2025-05-09 21:00:00+00:00,172.96,173.0,171.48,172.53,1179.692
2025-05-09 22:00:00+00:00,172.78,173.46,172.58,173.3,35.438
2025-05-09 23:00:00+00:00,173.36,173.68,172.6,172.6,52.024
2025-05-10 00:00:00+00:00,173.1,175.0,170.87,171.19,475.144
2025-05-10 01:00:00+00:00,171.66,172.46,171.51,171.85,34.261
2025-05-10 02:00:00+00:00,171.96,172.45,171.91,172.45,14.155
2025-05-10 03:00:00+00:00,172.22,172.22,171.54,171.61,14.133
2025-05-10 04:00:00+00:00,171.61,172.0,170.35,170.87,466.09
2025-05-10 05:00:00+00:00,171.04,171.15,170.13,171.15,16.072
2025-05-10 06:00:00+00:00,171.19,172.35,171.19,171.69,13.578
2025-05-10 07:00:00+00:00,172.28,172.59,171.45,172.53,9.288
2025-05-10 08:00:00+00:00,172.62,173.19,171.35,171.89,310.25
2025-05-10 09:00:00+00:00,171.23,171.83,170.66,171.83,138.018
2025-05-10 10:00:00+00:00,172.05,172.17,170.42,170.42,143.401
2025-05-10 11:00:00+00:00,170.41,170.55,168.94,169.19,191.878
2025-05-10 12:00:00+00:00,169.41,171.39,169.41,171.1,17.209
2025-05-10 13:00:00+00:00,171.4,171.85,171.11,171.66,292.716
2025-05-10 14:00:00+00:00,171.7,171.7,170.41,171.57,26.172
2025-05-10 15:00:00+00:00,171.59,171.59,171.24,171.32,3.132
2025-05-10 16:00:00+00:00,171.15,172.17,171.15,171.91,20.779
2025-05-10 17:00:00+00:00,171.69,173.62,136.0,171.91,3053.367
2025-05-10 18:00:00+00:00,171.85,172.43,171.37,172.43,25.792
2025-05-10 19:00:00+00:00,171.58,172.31,171.58,172.08,21.864
2025-05-10 20:00:00+00:00,172.11,172.88,171.87,172.63,81.716
2025-05-10 21:00:00+00:00,172.74,174.5,172.48,174.23,364.933
2025-05-10 22:00:00+00:00,173.97,174.91,173.15,174.9,134.167
2025-05-10 23:00:00+00:00,174.92,178.72,174.66,177.61,800.533
2025-05-11 00:00:00+00:00,178.05,179.51,173.15,179.15,241.73
2025-05-11 01:00:00+00:00,179.01,180.1,175.56,176.52,648.634
2025-05-11 02:00:00+00:00,176.98,177.7,174.92,175.53,71.226
2025-05-11 03:00:00+00:00,175.62,176.45,175.62,176.05,58.265
2025-05-11 04:00:00+00:00,176.45,177.6,176.45,177.11,23.212
2025-05-11 05:00:00+00:00,176.5,176.96,176.25,176.25,0.869
2025-05-11 06:00:00+00:00,176.13,176.13,173.97,174.7,18.407
2025-05-11 07:00:00+00:00,174.74,174.74,172.47,172.89,41.342
2025-05-11 08:00:00+00:00,173.01,173.96,172.8,173.26,18.361
2025-05-11 09:00:00+00:00,173.6,174.99,173.6,174.86,2.141
2025-05-11 10:00:00+00:00,174.61,174.68,173.52,174.55,58.921
2025-05-11 11:00:00+00:00,174.59,174.59,174.34,174.34,12.942
2025-05-11 12:00:00+00:00,174.66,175.0,173.81,174.17,36.978
2025-05-11 13:00:00+00:00,174.33,174.73,171.01,171.14,86.678
2025-05-11 14:00:00+00:00,171.14,172.04,170.97,171.64,86.782
2025-05-11 15:00:00+00:00,171.67,172.89,169.61,170.27,171.47
2025-05-11 16:00:00+00:00,170.48,171.77,170.02,170.76,201.563
2025-05-11 17:00:00+00:00,171.14,171.87,171.09,171.87,69.663
2025-05-11 18:00:00+00:00,171.92,173.16,171.43,173.06,109.17
2025-05-11 19:00:00+00:00,172.22,173.29,172.22,172.77,5.39
2025-05-11 20:00:00+00:00,172.17,172.58,171.85,172.58,9.172
2025-05-11 21:00:00+00:00,171.9,173.13,171.9,173.12,596.254
2025-05-11 22:00:00+00:00,173.19,173.74,171.49,171.49,30.562
2025-05-11 23:00:00+00:00,172.1,173.1,172.1,173.1,11.345
2025-05-12 00:00:00+00:00,173.08,175.64,173.08,174.45,174.06
2025-05-12 01:00:00+00:00,174.68,175.95,171.96,173.93,33.296
2025-05-12 02:00:00+00:00,173.9,176.93,173.19,174.09,413.31
2025-05-12 03:00:00+00:00,174.02,174.68,173.29,174.15,81.701
2025-05-12 04:00:00+00:00,174.61,175.92,174.61,175.92,393.899
2025-05-12 05:00:00+00:00,176.04,176.04,173.81,174.58,293.354
2025-05-12 06:00:00+00:00,174.46,175.63,173.97,175.63,17.328
2025-05-12 07:00:00+00:00,175.92,179.63,175.07,176.24,712.368
2025-05-12 08:00:00+00:00,176.01,176.85,173.8,176.42,147.593
2025-05-12 09:00:00+00:00,176.64,176.64,175.56,175.75,15.563
2025-05-12 10:00:00+00:00,175.55,176.13,175.0,176.02,17.786
2025-05-12 11:00:00+00:00,176.02,176.39,173.82,174.11,113.158
2025-05-12 12:00:00+00:00,174.19,176.8,174.19,176.55,60.706
2025-05-12 13:00:00+00:00,176.62,180.39,175.92,179.36,482.678
2025-05-12 14:00:00+00:00,179.13,181.13,175.44,175.92,305.114
2025-05-12 15:00:00+00:00,175.92,176.98,174.2,174.2,243.892
2025-05-12 16:00:00+00:00,174.42,176.36,173.36,176.02,101.539
2025-05-12 17:00:00+00:00,176.15,176.53,171.89,171.89,101.311
2025-05-12 18:00:00+00:00,172.42,172.72,168.52,170.63,451.866
2025-05-12 19:00:00+00:00,170.38,171.52,169.93,171.14,133.271
2025-05-12 20:00:00+00:00,170.66,172.77,170.66,172.57,39.408
2025-05-12 21:00:00+00:00,172.29,172.84,172.25,172.84,6.721
2025-05-12 22:00:00+00:00,172.77,174.45,172.74,173.81,89.468
2025-05-12 23:00:00+00:00,173.65,174.68,173.65,174.3,26.89
2025-05-13 00:00:00+00:00,174.06,174.06,171.73,171.73,40.745
2025-05-13 01:00:00+00:00,172.07,172.07,169.76,171.34,84.97
2025-05-13 02:00:00+00:00,170.81,170.98,168.35,168.48,70.186
2025-05-13 03:00:00+00:00,169.14,169.51,167.1,167.1,162.591
2025-05-13 04:00:00+00:00,167.1,169.92,166.37,169.92,100.703
2025-05-13 05:00:00+00:00,169.9,170.26,169.11,169.75,134.976
2025-05-13 06:00:00+00:00,170.13,171.59,170.13,171.19,12.17
2025-05-13 07:00:00+00:00,171.6,172.22,171.6,171.97,13.554
2025-05-13 08:00:00+00:00,171.8,172.72,171.15,172.72,24.443
2025-05-13 09:00:00+00:00,172.48,173.88,172.47,173.46,110.271
2025-05-13 10:00:00+00:00,173.29,174.24,173.26,174.24,11.446
2025-05-13 11:00:00+00:00,174.18,174.99,173.64,173.97,16.782
2025-05-13 12:00:00+00:00,173.67,175.39,173.1,174.26,72.653
2025-05-13 13:00:00+00:00,174.65,175.63,173.87,174.57,28.996
2025-05-13 14:00:00+00:00,174.22,174.22,172.38,173.34,30.588
2025-05-13 15:00:00+00:00,173.54,176.24,173.54,176.21,84.013
2025-05-13 16:00:00+00:00,176.17,177.6,175.68,176.53,459.056
2025-05-13 17:00:00+00:00,176.97,178.84,176.75,178.43,750.28
2025-05-13 18:00:00+00:00,178.49,179.0,178.1,179.0,64.642
2025-05-13 19:00:00+00:00,179.0,184.23,178.75,182.21,1106.278
2025-05-13 20:00:00+00:00,181.35,183.19,180.35,182.89,106.319
2025-05-13 21:00:00+00:00,183.24,183.24,181.8,182.75,40.833
2025-05-13 22:00:00+00:00,182.97,183.18,182.26,182.97,68.267
2025-05-13 23:00:00+00:00,183.13,184.7,183.13,183.63,294.005
2025-05-14 00:00:00+00:00,183.9,183.9,181.85,181.91,81.814
2025-05-14 01:00:00+00:00,182.23,184.72,182.04,183.13,37.214
2025-05-14 02:00:00+00:00,182.43,182.62,179.28,180.63,92.7
2025-05-14 03:00:00+00:00,180.63,180.63,179.28,180.3,244.022
2025-05-14 04:00:00+00:00,180.26,181.87,180.08,181.54,29.828
2025-05-14 05:00:00+00:00,181.95,183.13,181.3,182.79,91.106
2025-05-14 06:00:00+00:00,182.96,183.87,182.95,183.73,17.817
2025-05-14 07:00:00+00:00,183.29,183.29,180.72,182.28,22.88
2025-05-14 08:00:00+00:00,182.37,182.43,178.45,178.45,134.402
2025-05-14 09:00:00+00:00,178.82,179.67,177.72,179.67,309.162
2025-05-14 10:00:00+00:00,179.78,181.03,179.41,179.41,16.988
2025-05-14 11:00:00+00:00,179.77,181.82,179.77,181.13,14.689
2025-05-14 12:00:00+00:00,181.09,181.63,179.95,179.95,4.778
2025-05-14 13:00:00+00:00,179.67,180.77,177.5,178.83,91.955
2025-05-14 14:00:00+00:00,178.05,178.59,176.69,176.98,1399.046
2025-05-14 15:00:00+00:00,176.6,177.27,175.74,177.27,61.374
2025-05-14 16:00:00+00:00,177.35,177.51,175.1,175.92,26.344
2025-05-14 17:00:00+00:00,175.93,175.93,173.35,175.5,88.561
2025-05-14 18:00:00+00:00,175.77,176.49,175.39,176.45,60.409
2025-05-14 19:00:00+00:00,176.53,177.52,176.33,177.43,48.289
2025-05-14 20:00:00+00:00,177.27,177.27,176.59,177.27,49.88
2025-05-14 21:00:00+00:00,176.45,177.51,175.92,177.51,22.002
2025-05-14 22:00:00+00:00,177.39,177.39,175.5,175.64,23.815
2025-05-14 23:00:00+00:00,175.97,176.45,175.39,176.44,26.529
2025-05-15 00:00:00+00:00,176.75,178.32,176.75,177.84,109.813
2025-05-15 01:00:00+00:00,177.64,177.64,174.21,174.76,361.506
2025-05-15 02:00:00+00:00,174.64,176.37,174.36,175.85,69.626
2025-05-15 03:00:00+00:00,176.24,176.24,174.17,174.17,17.512
2025-05-15 04:00:00+00:00,174.07,175.12,174.0,175.12,143.368
2025-05-15 05:00:00+00:00,174.88,174.88,172.98,173.17,361.622
2025-05-15 06:00:00+00:00,173.8,174.33,172.9,172.9,90.856
2025-05-15 07:00:00+00:00,172.88,172.88,169.75,170.48,215.841
2025-05-15 08:00:00+00:00,171.15,172.91,171.15,172.91,11.437
2025-05-15 09:00:00+00:00,172.13,172.13,169.72,170.83,18.564
2025-05-15 10:00:00+00:00,170.68,170.68,168.85,169.93,82.5
2025-05-15 11:00:00+00:00,170.13,171.15,170.08,171.07,58.224
2025-05-15 12:00:00+00:00,170.98,172.72,170.44,170.7,45.746
2025-05-15 13:00:00+00:00,171.39,171.84,168.35,169.8,31.057
2025-05-15 14:00:00+00:00,169.9,170.57,167.13,169.26,553.179
2025-05-15 15:00:00+00:00,169.47,172.38,169.24,172.17,345.988
2025-05-15 16:00:00+00:00,172.27,173.88,171.06,173.88,94.178
2025-05-15 17:00:00+00:00,173.91,174.38,172.88,173.43,317.18
2025-05-15 18:00:00+00:00,173.12,173.12,169.34,169.5,222.484
2025-05-15 19:00:00+00:00,169.49,170.57,167.86,169.05,83.75
2025-05-15 20:00:00+00:00,169.73,170.5,168.79,169.56,88.545
2025-05-15 21:00:00+00:00,169.56,169.56,166.92,169.16,365.039
2025-05-15 22:00:00+00:00,169.11,170.28,168.79,168.79,187.674
2025-05-15 23:00:00+00:00,168.28,169.26,167.19,169.16,14.378
2025-05-16 00:00:00+00:00,169.09,172.08,169.09,170.06,57.346
2025-05-16 01:00:00+00:00,170.0,171.91,169.11,171.91,62.935
2025-05-16 02:00:00+00:00,171.95,173.54,171.95,172.57,24.304
2025-05-16 03:00:00+00:00,172.69,172.69,171.99,172.3,2.746
2025-05-16 04:00:00+00:00,172.93,172.93,171.47,171.82,9.304
2025-05-16 05:00:00+00:00,172.78,173.42,172.78,173.16,6.274
2025-05-16 06:00:00+00:00,173.0,173.06,172.45,172.78,11.567
2025-05-16 07:00:00+00:00,172.17,173.02,171.64,172.1,8.296
2025-05-16 08:00:00+00:00,172.11,172.22,169.64,169.73,69.399
2025-05-16 09:00:00+00:00,170.82,172.58,170.82,172.58,3.145
2025-05-16 10:00:00+00:00,172.03,173.29,172.03,173.29,1.685
2025-05-16 11:00:00+00:00,173.42,174.05,172.77,172.77,21.425
2025-05-16 12:00:00+00:00,172.88,173.29,172.76,173.29,21.984
2025-05-16 13:00:00+00:00,172.17,174.0,171.99,174.0,69.206
2025-05-16 14:00:00+00:00,173.72,173.72,171.0,171.57,173.029
2025-05-16 15:00:00+00:00,172.14,172.98,171.73,171.78,97.491
2025-05-16 16:00:00+00:00,172.3,172.68,170.19,171.15,73.608
2025-05-16 17:00:00+00:00,170.76,171.99,170.4,170.4,48.188
2025-05-16 18:00:00+00:00,170.25,170.93,169.91,170.35,120.301
2025-05-16 19:00:00+00:00,170.99,171.36,170.63,171.36,10.045
2025-05-16 20:00:00+00:00,171.27,171.29,168.96,169.41,156.05
2025-05-16 21:00:00+00:00,169.78,170.13,168.79,169.52,9.052
2025-05-16 22:00:00+00:00,168.84,168.84,166.49,167.17,87.513
2025-05-16 23:00:00+00:00,167.48,168.32,167.06,167.3,105.165
2025-05-17 00:00:00+00:00,167.46,168.11,165.53,167.07,204.656
2025-05-17 01:00:00+00:00,166.77,166.77,164.19,165.03,242.532
2025-05-17 02:00:00+00:00,165.05,166.82,164.29,166.58,70.89
2025-05-17 03:00:00+00:00,166.58,168.39,165.6,168.39,37.667
2025-05-17 04:00:00+00:00,168.11,169.26,168.03,168.75,38.142
2025-05-17 05:00:00+00:00,169.04,169.14,167.58,167.67,3.73
2025-05-17 06:00:00+00:00,168.79,169.25,168.28,169.16,5.778
2025-05-17 07:00:00+00:00,169.26,169.87,168.08,168.27,7.442
2025-05-17 08:00:00+00:00,168.76,169.24,168.76,169.24,0.257
2025-05-17 09:00:00+00:00,168.23,168.23,167.13,167.8,14.239
2025-05-17 10:00:00+00:00,168.4,168.4,167.3,167.38,2.277
2025-05-17 11:00:00+00:00,167.65,168.04,166.82,167.52,8.52
2025-05-17 12:00:00+00:00,167.55,167.69,167.3,167.69,8.815
2025-05-17 13:00:00+00:00,166.78,167.57,165.92,165.92,7.483
2025-05-17 14:00:00+00:00,166.67,167.78,166.54,167.78,5.561
2025-05-17 15:00:00+00:00,168.04,168.12,167.56,167.56,96.995
2025-05-17 16:00:00+00:00,167.2,167.57,164.61,164.86,244.489
2025-05-17 17:00:00+00:00,165.24,166.66,165.24,165.78,32.757
2025-05-17 18:00:00+00:00,166.03,167.06,165.7,165.7,78.489
2025-05-17 19:00:00+00:00,165.66,166.38,165.2,165.2,12.456
2025-05-17 20:00:00+00:00,165.07,167.78,164.75,167.78,265.307
2025-05-17 21:00:00+00:00,167.57,167.59,166.79,167.1,14.515
2025-05-17 22:00:00+00:00,166.78,166.78,164.39,165.33,124.456
2025-05-17 23:00:00+00:00,165.33,165.83,165.17,165.83,27.165
2025-05-18 00:00:00+00:00,165.84,167.27,165.84,167.14,6.31
2025-05-18 01:00:00+00:00,166.58,167.44,166.58,167.44,14.682
2025-05-18 02:00:00+00:00,167.2,167.4,166.96,167.04,17.611
2025-05-18 03:00:00+00:00,167.15,167.78,166.71,167.05,6.549
2025-05-18 04:00:00+00:00,167.58,168.49,167.57,168.23,15.252
2025-05-18 05:00:00+00:00,168.58,170.0,168.58,170.0,38.256
2025-05-18 06:00:00+00:00,169.66,169.91,169.06,169.32,712.747
2025-05-18 07:00:00+00:00,169.49,170.62,169.49,170.51,504.04
2025-05-18 08:00:00+00:00,170.7,171.84,170.7,171.18,37.361
2025-05-18 09:00:00+00:00,171.28,171.43,170.82,170.92,1.023
2025-05-18 10:00:00+00:00,171.03,171.6,170.94,171.6,56.143
2025-05-18 11:00:00+00:00,171.07,171.07,170.93,170.93,0.098
2025-05-18 12:00:00+00:00,170.83,171.65,170.4,171.65,6.581
2025-05-18 13:00:00+00:00,171.53,172.84,171.52,172.84,17.917
2025-05-18 14:00:00+00:00,172.84,174.66,172.34,174.55,94.952
2025-05-18 15:00:00+00:00,174.23,176.47,173.81,176.07,188.232
2025-05-18 16:00:00+00:00,176.45,176.68,175.23,176.45,79.383
2025-05-18 17:00:00+00:00,175.39,175.77,172.28,172.28,92.727
2025-05-18 18:00:00+00:00,172.26,172.26,169.11,169.9,723.921
2025-05-18 19:00:00+00:00,170.52,170.52,166.78,167.48,87.749
2025-05-18 20:00:00+00:00,166.74,167.27,164.8,167.0,241.347
2025-05-18 21:00:00+00:00,167.3,168.91,167.3,167.78,29.362
2025-05-18 22:00:00+00:00,167.07,170.06,166.66,169.89,75.889
2025-05-18 23:00:00+00:00,169.36,174.08,169.36,173.44,717.362
2025-05-19 00:00:00+00:00,172.99,173.6,167.84,167.93,123.826
2025-05-19 01:00:00+00:00,168.02,168.1,166.47,168.1,113.992
2025-05-19 02:00:00+00:00,167.92,168.48,166.16,166.56,17.103
2025-05-19 03:00:00+00:00,166.62,166.64,165.12,165.31,105.219
2025-05-19 04:00:00+00:00,165.44,166.69,163.0,163.48,853.944
2025-05-19 05:00:00+00:00,162.99,163.43,162.5,162.92,11.838
2025-05-19 06:00:00+00:00,162.59,163.4,159.65,159.65,407.111
2025-05-19 07:00:00+00:00,159.72,162.32,159.72,161.84,2.381
2025-05-19 08:00:00+00:00,161.61,162.43,161.27,161.58,17.358
2025-05-19 09:00:00+00:00,161.83,162.39,160.9,162.39,12.727
2025-05-19 10:00:00+00:00,161.27,161.96,160.9,161.96,40.392
2025-05-19 11:00:00+00:00,161.97,162.46,161.43,162.45,35.867
2025-05-19 12:00:00+00:00,161.27,161.33,160.47,160.47,26.458
2025-05-19 13:00:00+00:00,161.45,163.51,161.35,162.92,9.72
2025-05-19 14:00:00+00:00,162.39,164.18,161.86,164.18,21.864
2025-05-19 15:00:00+00:00,164.02,164.64,163.96,164.25,32.33
2025-05-19 16:00:00+00:00,164.05,165.63,162.89,165.63,49.588
2025-05-19 17:00:00+00:00,165.63,167.24,165.6,166.03,69.238
2025-05-19 18:00:00+00:00,165.75,165.84,164.0,164.73,66.978
2025-05-19 19:00:00+00:00,165.06,166.8,164.56,166.56,88.124
2025-05-19 20:00:00+00:00,166.82,167.58,165.78,165.78,45.31
2025-05-19 21:00:00+00:00,165.9,166.46,165.41,166.28,60.849
2025-05-19 22:00:00+00:00,166.62,166.62,165.39,165.98,23.348
2025-05-19 23:00:00+00:00,166.52,166.91,166.24,166.76,13.86
2025-05-20 00:00:00+00:00,166.77,169.21,166.77,166.95,151.598
2025-05-20 01:00:00+00:00,168.08,170.49,167.71,170.49,271.132
2025-05-20 02:00:00+00:00,170.49,172.88,170.41,170.47,1382.57
2025-05-20 03:00:00+00:00,170.4,170.4,168.45,168.45,32.325
2025-05-20 04:00:00+00:00,168.45,170.49,168.45,170.49,22.395
2025-05-20 05:00:00+00:00,170.04,170.6,169.68,169.68,10.293
2025-05-20 06:00:00+00:00,169.26,169.26,167.87,168.64,10.782
2025-05-20 07:00:00+00:00,167.86,167.93,167.22,167.27,37.32
2025-05-20 08:00:00+00:00,167.22,167.22,166.39,166.39,8.63
2025-05-20 09:00:00+00:00,167.67,168.08,167.67,167.89,11.35
2025-05-20 10:00:00+00:00,167.28,167.28,165.78,165.78,11.039
2025-05-20 11:00:00+00:00,165.96,166.53,165.37,166.33,14.483
2025-05-20 12:00:00+00:00,166.33,166.33,165.33,166.12,39.37
2025-05-20 13:00:00+00:00,166.26,166.3,165.0,165.0,45.772
2025-05-20 14:00:00+00:00,165.0,166.5,164.66,166.5,53.692
2025-05-20 15:00:00+00:00,166.35,167.07,165.89,167.07,32.632
2025-05-20 16:00:00+00:00,166.5,166.67,165.6,165.6,658.841
2025-05-20 17:00:00+00:00,166.34,168.15,166.31,167.98,215.947
2025-05-20 18:00:00+00:00,167.07,167.07,164.8,164.8,36.652
2025-05-20 19:00:00+00:00,165.31,168.79,165.31,168.79,100.662
2025-05-20 20:00:00+00:00,167.78,168.99,167.4,168.99,5.622
2025-05-20 21:00:00+00:00,168.39,169.1,167.44,168.11,235.886
2025-05-20 22:00:00+00:00,168.05,168.05,166.53,167.51,69.846
2025-05-20 23:00:00+00:00,167.78,168.98,167.78,168.65,558.509
2025-05-21 00:00:00+00:00,168.47,168.79,167.78,168.09,7.038
2025-05-21 01:00:00+00:00,168.01,168.95,168.01,168.93,26.206
2025-05-21 02:00:00+00:00,168.54,168.79,166.84,168.55,6.385
2025-05-21 03:00:00+00:00,168.89,170.62,168.89,170.04,34.159
2025-05-21 04:00:00+00:00,169.87,171.15,169.17,170.84,180.28
2025-05-21 05:00:00+00:00,170.37,171.71,170.37,170.94,27.652
2025-05-21 06:00:00+00:00,170.94,171.25,169.97,171.02,7.864
2025-05-21 07:00:00+00:00,171.21,171.21,168.58,168.64,12.121
2025-05-21 08:00:00+00:00,169.23,169.23,168.33,168.33,9.948
2025-05-21 09:00:00+00:00,168.14,168.16,167.51,167.51,14.404
2025-05-21 10:00:00+00:00,168.27,168.46,167.96,168.46,21.57
2025-05-21 11:00:00+00:00,168.77,169.45,168.77,169.25,15.04
2025-05-21 12:00:00+00:00,169.02,170.18,168.87,169.65,10.881
2025-05-21 13:00:00+00:00,169.25,170.18,168.68,170.0,13.305
2025-05-21 14:00:00+00:00,169.55,172.67,169.18,172.67,41.777
2025-05-21 15:00:00+00:00,172.72,173.54,171.39,172.23,323.012
2025-05-21 16:00:00+00:00,171.99,174.75,171.56,173.74,324.13
2025-05-21 17:00:00+00:00,173.63,174.01,165.78,166.32,477.904
2025-05-21 18:00:00+00:00,166.96,169.51,166.83,168.0,107.287
2025-05-21 19:00:00+00:00,167.82,171.3,167.48,171.3,140.213
2025-05-21 20:00:00+00:00,170.86,170.87,169.63,169.63,126.618
2025-05-21 21:00:00+00:00,169.61,170.49,169.24,170.49,23.64
2025-05-21 22:00:00+00:00,170.43,172.08,170.01,171.78,39.749
2025-05-21 23:00:00+00:00,171.66,175.55,171.32,173.99,687.298
2025-05-22 00:00:00+00:00,173.44,174.99,173.41,174.8,30.367
2025-05-22 01:00:00+00:00,175.0,176.0,172.72,172.95,1071.452
2025-05-22 02:00:00+00:00,173.67,174.69,173.21,174.33,101.78
2025-05-22 03:00:00+00:00,173.98,177.34,173.98,177.08,498.178
2025-05-22 04:00:00+00:00,176.49,177.06,175.83,176.64,22.732
2025-05-22 05:00:00+00:00,176.89,177.64,175.75,175.75,20.839
2025-05-22 06:00:00+00:00,175.94,176.45,175.39,175.6,12.277
2025-05-22 07:00:00+00:00,176.45,178.51,176.25,178.16,205.332
2025-05-22 08:00:00+00:00,178.55,179.67,178.13,179.58,37.059
2025-05-22 09:00:00+00:00,179.71,180.58,179.31,179.63,622.931
2025-05-22 10:00:00+00:00,179.19,179.19,178.29,178.29,463.125
2025-05-22 11:00:00+00:00,178.21,178.59,177.31,178.41,110.625
2025-05-22 12:00:00+00:00,178.21,178.75,178.02,178.71,39.799
2025-05-22 13:00:00+00:00,178.39,178.86,177.1,177.51,151.753
2025-05-22 14:00:00+00:00,177.91,179.41,176.46,178.81,213.23
2025-05-22 15:00:00+00:00,178.84,179.76,178.57,178.81,21.298
2025-05-22 16:00:00+00:00,179.2,180.07,178.05,178.4,112.015
2025-05-22 17:00:00+00:00,178.36,179.88,178.36,179.22,12.453
2025-05-22 18:00:00+00:00,179.17,179.91,178.73,179.44,39.955
2025-05-22 19:00:00+00:00,179.43,179.43,177.62,177.77,40.262
2025-05-22 20:00:00+00:00,177.71,178.7,177.71,178.52,34.898
2025-05-22 21:00:00+00:00,178.12,178.19,177.41,178.05,22.67
2025-05-22 22:00:00+00:00,178.35,179.19,178.05,178.15,99.544
2025-05-22 23:00:00+00:00,178.35,179.99,178.35,179.76,101.48
2025-05-23 00:00:00+00:00,179.73,181.74,179.39,180.84,274.034
2025-05-23 01:00:00+00:00,180.86,183.34,180.54,182.89,405.112
2025-05-23 02:00:00+00:00,183.32,185.13,183.32,183.56,649.755
2025-05-23 03:00:00+00:00,183.8,185.36,183.72,185.31,150.969
2025-05-23 04:00:00+00:00,185.36,185.36,182.15,182.23,180.611
2025-05-23 05:00:00+00:00,182.64,183.02,181.44,181.86,15.422
2025-05-23 06:00:00+00:00,181.99,181.99,180.21,180.75,101.606
2025-05-23 07:00:00+00:00,181.21,182.96,181.21,182.77,6.238
2025-05-23 08:00:00+00:00,183.13,186.76,182.83,186.61,212.459
2025-05-23 09:00:00+00:00,186.51,187.51,186.45,186.99,103.405
2025-05-23 10:00:00+00:00,186.74,186.8,185.7,186.02,103.162
2025-05-23 11:00:00+00:00,185.82,185.82,177.34,177.34,1804.396
2025-05-23 12:00:00+00:00,177.33,178.51,173.48,176.46,378.197
2025-05-23 13:00:00+00:00,176.45,180.17,175.73,180.17,264.245
2025-05-23 14:00:00+00:00,180.17,183.59,179.31,182.31,219.411
2025-05-23 15:00:00+00:00,182.79,182.8,180.75,180.75,43.32
2025-05-23 16:00:00+00:00,181.18,182.16,179.28,181.14,212.506
2025-05-23 17:00:00+00:00,181.3,181.93,180.75,181.3,27.742
2025-05-23 18:00:00+00:00,181.78,181.78,178.52,178.52,98.192
2025-05-23 19:00:00+00:00,179.13,180.0,179.13,179.25,37.718
2025-05-23 20:00:00+00:00,178.59,178.59,177.0,177.26,97.0
2025-05-23 21:00:00+00:00,177.0,178.31,176.59,176.61,42.938
2025-05-23 22:00:00+00:00,176.99,178.04,175.6,176.02,58.829
2025-05-23 23:00:00+00:00,175.91,175.91,173.48,174.69,42.619
2025-05-24 00:00:00+00:00,174.45,175.23,172.77,172.77,107.889
2025-05-24 01:00:00+00:00,172.72,174.65,172.69,174.23,327.465
2025-05-24 02:00:00+00:00,174.43,175.13,174.42,174.45,3.982
2025-05-24 03:00:00+00:00,175.17,175.93,174.91,174.93,18.754
2025-05-24 04:00:00+00:00,174.77,176.13,174.55,176.13,14.804
2025-05-24 05:00:00+00:00,175.92,176.25,174.65,174.67,33.973
2025-05-24 06:00:00+00:00,175.24,175.45,173.79,174.01,20.91
2025-05-24 07:00:00+00:00,174.83,175.24,173.58,174.02,2.967
2025-05-24 08:00:00+00:00,174.3,174.5,173.38,173.87,6.893
2025-05-24 09:00:00+00:00,174.96,175.58,174.96,175.47,1.484
2025-05-24 10:00:00+00:00,175.57,177.62,175.3,177.2,28.356
2025-05-24 11:00:00+00:00,177.62,178.25,176.94,176.94,26.382
2025-05-24 12:00:00+00:00,177.06,177.06,176.17,176.3,14.632
2025-05-24 13:00:00+00:00,176.56,176.56,175.19,175.38,16.868
2025-05-24 14:00:00+00:00,175.4,176.93,175.38,176.93,37.489
2025-05-24 15:00:00+00:00,176.64,177.05,175.92,176.33,152.796
2025-05-24 16:00:00+00:00,175.5,176.45,175.5,176.39,1.338
2025-05-24 17:00:00+00:00,176.78,177.42,176.78,177.28,62.214
2025-05-24 18:00:00+00:00,176.96,177.59,176.73,176.73,20.932
2025-05-24 19:00:00+00:00,176.86,177.44,176.72,177.18,3.855
2025-05-24 20:00:00+00:00,177.24,177.75,177.24,177.73,7.845
2025-05-24 21:00:00+00:00,176.98,177.09,176.45,177.09,4.466
2025-05-24 22:00:00+00:00,177.14,177.14,176.0,176.61,61.847
2025-05-24 23:00:00+00:00,175.92,176.56,175.5,175.97,83.635
2025-05-25 00:00:00+00:00,176.16,176.78,171.91,171.91,136.214
2025-05-25 01:00:00+00:00,171.9,172.4,170.89,172.11,220.08
2025-05-25 02:00:00+00:00,171.44,172.31,170.6,171.97,36.252
2025-05-25 03:00:00+00:00,172.72,173.98,172.72,173.41,5.018
2025-05-25 04:00:00+00:00,172.91,174.24,172.88,174.24,1.789
2025-05-25 05:00:00+00:00,174.24,174.33,173.69,173.69,1218.631
2025-05-25 06:00:00+00:00,174.05,174.05,173.6,173.78,27.871
2025-05-25 07:00:00+00:00,173.33,173.33,172.17,172.25,23.831
2025-05-25 08:00:00+00:00,171.84,171.84,170.35,170.35,15.694
2025-05-25 09:00:00+00:00,171.48,172.13,170.96,172.13,1.742
2025-05-25 10:00:00+00:00,172.05,172.05,171.73,171.73,7.112
2025-05-25 11:00:00+00:00,171.57,171.95,171.55,171.87,5.569
2025-05-25 12:00:00+00:00,171.96,172.61,171.6,172.61,27.494
2025-05-25 13:00:00+00:00,172.28,172.55,171.15,172.55,1.599
2025-05-25 14:00:00+00:00,172.41,172.41,170.46,170.49,1235.48
2025-05-25 15:00:00+00:00,170.89,170.89,169.24,170.19,77.609
2025-05-25 16:00:00+00:00,169.96,170.32,169.07,170.19,240.388
2025-05-25 17:00:00+00:00,170.2,171.12,170.2,170.89,25.238
2025-05-25 18:00:00+00:00,170.77,171.79,170.77,171.73,192.784
2025-05-25 19:00:00+00:00,171.77,172.71,171.77,172.71,20.079
2025-05-25 20:00:00+00:00,172.26,172.39,171.86,172.15,15.478
2025-05-25 21:00:00+00:00,172.18,172.43,171.15,171.84,18.087
2025-05-25 22:00:00+00:00,172.17,174.65,172.17,174.65,125.717
2025-05-25 23:00:00+00:00,174.68,175.76,174.07,175.76,103.707
2025-05-26 00:00:00+00:00,175.77,177.47,175.58,177.47,68.525
2025-05-26 01:00:00+00:00,177.47,177.55,176.25,176.45,40.647
2025-05-26 02:00:00+00:00,176.72,176.98,175.9,176.03,62.456
2025-05-26 03:00:00+00:00,176.24,177.51,176.24,176.98,27.462
2025-05-26 04:00:00+00:00,176.98,177.4,176.9,177.07,1172.841
2025-05-26 05:00:00+00:00,177.23,177.87,177.23,177.74,61.44
2025-05-26 06:00:00+00:00,177.77,178.06,177.25,178.06,23.467
2025-05-26 07:00:00+00:00,178.13,178.89,177.47,178.05,50.9
2025-05-26 08:00:00+00:00,178.19,178.41,177.28,177.28,64.967
2025-05-26 09:00:00+00:00,177.73,177.73,176.76,176.76,8.394
2025-05-26 10:00:00+00:00,176.74,177.13,176.54,177.1,0.789
2025-05-26 11:00:00+00:00,176.86,177.8,176.86,177.8,11.427
2025-05-26 12:00:00+00:00,177.49,178.31,177.49,178.31,11.697
2025-05-26 13:00:00+00:00,178.59,178.59,176.39,176.39,285.103
2025-05-26 14:00:00+00:00,176.45,177.43,176.03,176.71,21.484
2025-05-26 15:00:00+00:00,176.64,178.59,176.64,177.51,30.352
2025-05-26 16:00:00+00:00,177.54,177.93,175.38,175.78,73.032
2025-05-26 17:00:00+00:00,175.73,176.14,173.97,173.97,91.398
2025-05-26 18:00:00+00:00,173.97,175.05,173.56,174.44,35.866
2025-05-26 19:00:00+00:00,173.91,174.45,173.91,174.12,11.908
2025-05-26 20:00:00+00:00,173.93,175.23,173.93,175.23,5.034
2025-05-26 21:00:00+00:00,174.95,174.96,174.63,174.71,15.517
2025-05-26 22:00:00+00:00,175.18,175.87,174.16,174.16,40.535
2025-05-26 23:00:00+00:00,174.34,174.79,174.22,174.79,20.375
2025-05-27 00:00:00+00:00,174.89,175.77,174.12,174.46,130.316
2025-05-27 01:00:00+00:00,173.99,173.99,171.46,172.16,618.079
2025-05-27 02:00:00+00:00,172.4,173.0,172.22,172.33,31.044
2025-05-27 03:00:00+00:00,172.77,174.01,172.77,173.93,79.177
2025-05-27 04:00:00+00:00,173.93,173.93,173.08,173.08,3.709
2025-05-27 05:00:00+00:00,173.15,173.9,172.77,173.6,24.106
2025-05-27 06:00:00+00:00,173.54,175.16,173.54,173.9,13.51
2025-05-27 07:00:00+00:00,174.53,175.77,174.53,175.77,4.884
2025-05-27 08:00:00+00:00,175.82,176.39,175.56,175.79,9.61
2025-05-27 09:00:00+00:00,175.93,175.99,175.03,175.66,35.522
2025-05-27 10:00:00+00:00,175.92,176.18,175.92,176.17,5.466
2025-05-27 11:00:00+00:00,176.25,177.06,175.81,176.74,18.196
2025-05-27 12:00:00+00:00,176.74,177.24,176.45,176.72,310.557
2025-05-27 13:00:00+00:00,177.08,179.09,177.02,178.05,186.759
2025-05-27 14:00:00+00:00,177.93,178.1,175.17,176.54,43.859
2025-05-27 15:00:00+00:00,177.27,178.59,177.05,178.23,75.257
2025-05-27 16:00:00+00:00,178.13,179.07,178.05,178.05,62.598
2025-05-27 17:00:00+00:00,178.06,179.12,178.03,178.87,684.288
2025-05-27 18:00:00+00:00,178.42,179.12,178.26,178.57,8.891
2025-05-27 19:00:00+00:00,178.74,179.19,177.59,177.59,38.855
2025-05-27 20:00:00+00:00,177.51,178.34,177.12,178.16,176.408
2025-05-27 21:00:00+00:00,178.12,178.12,176.06,176.6,125.605
2025-05-27 22:00:00+00:00,176.31,176.86,175.55,176.65,34.486
2025-05-27 23:00:00+00:00,176.84,177.01,176.08,176.75,16.305
2025-05-28 00:00:00+00:00,176.71,177.27,176.17,177.23,45.337
2025-05-28 01:00:00+00:00,177.44,177.44,175.41,175.41,43.154
2025-05-28 02:00:00+00:00,175.37,175.37,174.49,174.69,82.669
2025-05-28 03:00:00+00:00,175.04,175.27,174.35,175.27,10.748
2025-05-28 04:00:00+00:00,175.12,175.18,174.44,175.18,8.328
2025-05-28 05:00:00+00:00,174.62,174.92,174.45,174.67,15.219
2025-05-28 06:00:00+00:00,174.52,174.52,173.8,174.13,20.316
2025-05-28 07:00:00+00:00,174.41,174.41,174.18,174.18,0.51
2025-05-28 08:00:00+00:00,173.79,174.19,173.63,173.88,3.837
2025-05-28 09:00:00+00:00,174.01,174.01,173.04,173.04,23.551
2025-05-28 10:00:00+00:00,173.0,174.21,172.79,174.21,139.298
2025-05-28 11:00:00+00:00,174.12,174.51,173.75,174.45,24.385
2025-05-28 12:00:00+00:00,174.3,175.0,174.3,174.31,29.474
2025-05-28 13:00:00+00:00,174.19,174.69,172.58,172.58,24.871
2025-05-28 14:00:00+00:00,172.54,172.73,170.17,170.17,237.58
2025-05-28 15:00:00+00:00,170.17,170.48,169.05,169.99,359.716
2025-05-28 16:00:00+00:00,169.74,170.99,169.74,170.99,119.967
2025-05-28 17:00:00+00:00,171.1,171.96,170.4,170.94,333.242
2025-05-28 18:00:00+00:00,170.9,171.52,170.01,170.01,111.659
2025-05-28 19:00:00+00:00,170.0,170.71,169.5,169.5,346.491
2025-05-28 20:00:00+00:00,169.47,170.54,169.43,170.47,24.763
2025-05-28 21:00:00+00:00,170.77,171.58,170.77,171.3,19.569
2025-05-28 22:00:00+00:00,170.51,171.03,170.51,171.03,6.789
2025-05-28 23:00:00+00:00,171.41,172.71,171.41,172.35,54.562
2025-05-29 00:00:00+00:00,171.73,173.6,171.27,173.6,678.141
2025-05-29 01:00:00+00:00,173.38,173.44,172.62,173.3,185.368
2025-05-29 02:00:00+00:00,173.17,175.11,172.41,175.03,232.999
2025-05-29 03:00:00+00:00,175.11,175.23,173.29,173.56,136.676
2025-05-29 04:00:00+00:00,173.99,174.16,170.35,171.98,122.263
2025-05-29 05:00:00+00:00,171.96,172.4,171.78,172.0,79.714
2025-05-29 06:00:00+00:00,171.96,172.8,171.96,172.8,32.296
2025-05-29 07:00:00+00:00,172.25,172.92,172.17,172.92,1.008
2025-05-29 08:00:00+00:00,172.25,173.29,172.1,172.99,5.582
2025-05-29 09:00:00+00:00,172.78,172.84,172.77,172.84,26.7
2025-05-29 10:00:00+00:00,172.91,172.91,172.32,172.57,273.519
2025-05-29 11:00:00+00:00,173.29,173.29,173.13,173.26,0.249
2025-05-29 12:00:00+00:00,172.77,172.86,171.73,172.11,40.33
2025-05-29 13:00:00+00:00,172.12,172.12,170.63,170.8,35.882
2025-05-29 14:00:00+00:00,170.7,171.0,169.1,170.72,112.353
2025-05-29 15:00:00+00:00,170.62,170.79,169.78,170.1,31.742
2025-05-29 16:00:00+00:00,169.9,170.1,168.04,168.09,114.064
2025-05-29 17:00:00+00:00,168.54,169.26,168.36,168.94,43.897
2025-05-29 18:00:00+00:00,168.67,169.78,168.0,168.51,102.28
2025-05-29 19:00:00+00:00,168.11,168.11,166.16,166.79,357.407
2025-05-29 20:00:00+00:00,167.26,167.55,166.96,167.36,91.923
2025-05-29 21:00:00+00:00,167.36,168.31,167.36,168.31,89.923
2025-05-29 22:00:00+00:00,168.36,168.36,167.12,167.12,18.65
2025-05-29 23:00:00+00:00,167.18,167.43,166.32,166.32,52.917
2025-05-30 00:00:00+00:00,166.86,167.36,160.87,161.46,1029.546
2025-05-30 01:00:00+00:00,161.9,163.84,161.9,163.23,260.986
2025-05-30 02:00:00+00:00,163.7,165.16,163.7,165.06,14.111
2025-05-30 03:00:00+00:00,165.1,165.63,164.97,164.97,124.017
2025-05-30 04:00:00+00:00,164.98,165.47,164.56,165.42,21.672
2025-05-30 05:00:00+00:00,165.2,165.64,165.0,165.0,13.253
2025-05-30 06:00:00+00:00,165.0,165.0,162.84,163.16,49.63
2025-05-30 07:00:00+00:00,163.71,164.01,162.84,162.84,1.403
2025-05-30 08:00:00+00:00,162.73,163.68,162.16,163.68,12.342
2025-05-30 09:00:00+00:00,163.81,163.86,161.75,163.19,9.088
2025-05-30 10:00:00+00:00,163.23,163.68,162.54,163.68,5.307
2025-05-30 11:00:00+00:00,163.81,164.0,163.46,163.94,1.484
2025-05-30 12:00:00+00:00,163.95,163.95,161.97,163.19,13.609
2025-05-30 13:00:00+00:00,163.23,163.23,161.0,161.01,54.612
2025-05-30 14:00:00+00:00,160.99,161.86,160.31,161.86,25.552
2025-05-30 15:00:00+00:00,161.13,162.32,161.13,161.27,66.377
2025-05-30 16:00:00+00:00,161.0,161.35,156.44,157.86,556.728
2025-05-30 17:00:00+00:00,158.09,158.98,157.64,158.47,242.619
2025-05-30 18:00:00+00:00,158.62,160.6,158.62,160.17,29.804
2025-05-30 19:00:00+00:00,160.6,161.36,160.01,161.36,72.102
2025-05-30 20:00:00+00:00,160.83,160.93,159.94,159.94,36.171
2025-05-30 21:00:00+00:00,160.62,160.9,159.93,159.93,206.813
2025-05-30 22:00:00+00:00,160.2,160.2,156.87,156.87,94.236
2025-05-30 23:00:00+00:00,156.71,157.18,155.41,156.0,121.923
2025-05-31 00:00:00+00:00,156.07,157.15,154.58,155.78,265.467
2025-05-31 01:00:00+00:00,155.79,156.69,152.66,153.15,555.431
2025-05-31 02:00:00+00:00,153.47,155.0,152.29,152.79,105.632
2025-05-31 03:00:00+00:00,152.93,154.3,152.28,154.18,11.285
2025-05-31 04:00:00+00:00,153.86,155.56,153.18,155.56,21.563
2025-05-31 05:00:00+00:00,155.53,155.53,154.3,154.3,3.289
2025-05-31 06:00:00+00:00,154.4,155.23,154.4,155.21,10.446
2025-05-31 07:00:00+00:00,154.96,155.11,154.3,155.11,8.003
2025-05-31 08:00:00+00:00,154.89,154.89,154.33,154.68,10.405
2025-05-31 09:00:00+00:00,153.86,153.86,153.68,153.76,1.056
2025-05-31 10:00:00+00:00,153.62,153.96,148.0,153.36,695.841
2025-05-31 11:00:00+00:00,153.35,153.38,152.5,152.82,17.338
2025-05-31 12:00:00+00:00,152.78,154.89,152.64,154.89,72.772
2025-05-31 13:00:00+00:00,154.94,155.98,154.62,154.62,125.379
2025-05-31 14:00:00+00:00,155.21,156.01,155.21,155.34,81.876
2025-05-31 15:00:00+00:00,155.65,156.65,155.23,155.64,50.366
2025-05-31 16:00:00+00:00,156.28,156.73,156.05,156.55,15.238
2025-05-31 17:00:00+00:00,156.25,156.67,156.25,156.56,20.516
2025-05-31 18:00:00+00:00,156.15,156.52,156.15,156.36,1.342
2025-05-31 19:00:00+00:00,156.77,157.82,156.77,157.48,59.352
2025-05-31 20:00:00+00:00,157.33,157.53,157.33,157.43,54.035
2025-05-31 21:00:00+00:00,157.42,157.88,157.29,157.77,28.09
2025-05-31 22:00:00+00:00,157.89,157.89,156.89,156.89,40.594
2025-05-31 23:00:00+00:00,156.92,157.48,156.53,156.62,18.517
2025-06-01 00:00:00+00:00,156.49,156.53,155.82,156.06,14.96
2025-06-01 01:00:00+00:00,155.81,156.54,154.66,155.01,10.549
2025-06-01 02:00:00+00:00,154.76,155.21,154.23,154.87,168.337
2025-06-01 03:00:00+00:00,154.91,154.91,153.62,154.73,15.292
2025-06-01 04:00:00+00:00,154.74,155.85,154.63,155.75,32.419
2025-06-01 05:00:00+00:00,155.47,155.84,155.45,155.49,18.121
2025-06-01 06:00:00+00:00,155.46,155.46,154.74,155.0,0.961
2025-06-01 07:00:00+00:00,154.64,154.75,154.22,154.22,393.012
2025-06-01 08:00:00+00:00,153.86,153.86,153.03,153.03,8.519
2025-06-01 09:00:00+00:00,153.02,153.02,150.97,151.05,78.088
2025-06-01 10:00:00+00:00,151.7,151.76,150.75,151.71,18.843
2025-06-01 11:00:00+00:00,151.74,152.19,151.74,152.12,7.533
2025-06-01 12:00:00+00:00,151.74,152.31,150.75,151.15,16.112
2025-06-01 13:00:00+00:00,151.21,152.31,151.15,152.27,23.906
2025-06-01 14:00:00+00:00,152.32,153.68,152.24,153.41,34.746
2025-06-01 15:00:00+00:00,153.42,154.52,153.16,153.9,36.228
2025-06-01 16:00:00+00:00,154.54,156.56,154.54,156.4,19.884
2025-06-01 17:00:00+00:00,155.82,156.59,155.8,156.16,8.664
2025-06-01 18:00:00+00:00,155.82,155.92,153.62,154.56,44.544
2025-06-01 19:00:00+00:00,154.6,155.67,154.58,155.67,130.272
2025-06-01 20:00:00+00:00,155.67,156.16,155.22,155.42,266.206
2025-06-01 21:00:00+00:00,156.09,156.97,156.01,156.88,13.311
2025-06-01 22:00:00+00:00,156.98,157.22,156.43,156.92,15.264
2025-06-01 23:00:00+00:00,157.22,157.87,157.22,157.71,26.367
2025-06-02 00:00:00+00:00,157.74,158.04,157.32,157.93,129.385
2025-06-02 01:00:00+00:00,158.23,158.76,158.17,158.4,22.111
2025-06-02 02:00:00+00:00,157.3,157.53,156.78,156.78,194.581
2025-06-02 03:00:00+00:00,156.82,156.82,155.42,155.42,23.282
2025-06-02 04:00:00+00:00,155.44,156.03,155.13,155.13,28.53
2025-06-02 05:00:00+00:00,155.37,155.82,154.83,155.31,23.292
2025-06-02 06:00:00+00:00,154.77,155.85,154.77,155.78,1.861
2025-06-02 07:00:00+00:00,156.16,156.52,155.65,155.65,1.769
2025-06-02 08:00:00+00:00,155.53,155.99,154.49,154.49,8.038
2025-06-02 09:00:00+00:00,154.88,154.88,153.38,153.55,24.926
2025-06-02 10:00:00+00:00,153.21,154.2,153.13,154.2,53.971
2025-06-02 11:00:00+00:00,154.3,154.3,153.6,153.6,1.524
2025-06-02 12:00:00+00:00,153.55,154.2,153.27,154.2,12.661
2025-06-02 13:00:00+00:00,153.87,154.3,152.32,152.32,46.051
2025-06-02 14:00:00+00:00,152.13,153.86,151.9,153.06,37.944
2025-06-02 15:00:00+00:00,152.99,153.68,152.31,152.73,8.752
2025-06-02 16:00:00+00:00,152.84,152.84,152.31,152.51,53.052
2025-06-02 17:00:00+00:00,152.83,153.82,152.83,153.82,67.56
2025-06-02 18:00:00+00:00,153.86,155.0,153.38,153.38,63.961
2025-06-02 19:00:00+00:00,153.48,153.48,151.92,152.39,12.753
2025-06-02 20:00:00+00:00,153.19,154.34,153.19,154.08,27.814
2025-06-02 21:00:00+00:00,154.35,155.26,154.2,155.26,67.528
2025-06-02 22:00:00+00:00,155.39,156.69,155.39,156.14,48.538
2025-06-02 23:00:00+00:00,156.15,157.29,156.15,157.05,59.375
2025-06-03 00:00:00+00:00,156.67,158.76,156.46,158.68,103.313
2025-06-03 01:00:00+00:00,158.89,162.0,158.89,162.0,171.801
2025-06-03 02:00:00+00:00,162.17,162.17,159.83,160.03,79.096
2025-06-03 03:00:00+00:00,159.8,159.83,158.43,159.43,19.349
2025-06-03 04:00:00+00:00,159.1,159.13,158.42,158.42,14.526
2025-06-03 05:00:00+00:00,159.2,159.48,158.78,159.48,10.841
2025-06-03 06:00:00+00:00,159.48,159.86,159.06,159.86,42.549
2025-06-03 07:00:00+00:00,159.93,160.05,159.5,159.5,21.366
2025-06-03 08:00:00+00:00,159.38,159.38,158.5,158.66,1.11
2025-06-03 09:00:00+00:00,159.28,159.94,158.82,159.94,1.658
2025-06-03 10:00:00+00:00,159.82,161.1,159.82,161.1,82.65
2025-06-03 11:00:00+00:00,161.27,161.57,160.8,160.8,20.005
2025-06-03 12:00:00+00:00,160.47,161.44,160.33,161.2,8.43
2025-06-03 13:00:00+00:00,161.26,161.53,160.15,160.73,136.217
2025-06-03 14:00:00+00:00,161.0,163.21,159.68,163.21,107.266
2025-06-03 15:00:00+00:00,163.21,163.41,161.86,162.09,35.641
2025-06-03 16:00:00+00:00,162.02,162.02,160.73,160.73,23.441
2025-06-03 17:00:00+00:00,160.68,161.92,160.58,161.18,38.373
2025-06-03 18:00:00+00:00,160.98,160.98,160.16,160.16,164.165
2025-06-03 19:00:00+00:00,160.44,161.12,160.38,160.53,79.765
2025-06-03 20:00:00+00:00,160.45,160.45,156.75,157.71,236.885
2025-06-03 21:00:00+00:00,157.56,157.91,154.34,154.86,167.453
2025-06-03 22:00:00+00:00,154.91,156.25,154.85,156.16,83.075
2025-06-03 23:00:00+00:00,155.85,156.0,155.22,155.33,12.559
2025-06-04 00:00:00+00:00,155.21,155.67,154.38,155.41,105.5
2025-06-04 01:00:00+00:00,155.45,157.3,155.44,156.88,35.332
2025-06-04 02:00:00+00:00,156.76,157.52,156.16,156.16,4.389
2025-06-04 03:00:00+00:00,156.25,157.36,156.25,157.02,52.482
2025-06-04 04:00:00+00:00,156.86,156.86,156.32,156.5,26.531
2025-06-04 05:00:00+00:00,156.47,156.54,155.85,156.54,64.632
2025-06-04 06:00:00+00:00,156.7,156.93,156.35,156.93,14.734
2025-06-04 07:00:00+00:00,156.61,156.61,156.19,156.52,23.771
2025-06-04 08:00:00+00:00,157.09,157.09,156.73,156.73,2.986
2025-06-04 09:00:00+00:00,156.55,157.68,156.55,157.68,1.801
2025-06-04 10:00:00+00:00,157.28,157.77,156.47,156.47,0.716
2025-06-04 11:00:00+00:00,156.62,156.86,155.81,156.15,11.93
2025-06-04 12:00:00+00:00,155.98,156.32,155.41,155.78,8.591
2025-06-04 13:00:00+00:00,155.71,156.89,155.6,155.67,137.186
2025-06-04 14:00:00+00:00,155.31,156.69,154.74,156.69,12.346
2025-06-04 15:00:00+00:00,156.87,157.77,156.65,157.03,36.904
2025-06-04 16:00:00+00:00,157.06,157.48,156.51,157.47,36.136
2025-06-04 17:00:00+00:00,157.11,157.11,155.66,155.9,14.137
2025-06-04 18:00:00+00:00,156.3,156.37,155.62,155.62,3.919
2025-06-04 19:00:00+00:00,155.74,155.88,155.46,155.46,32.172
2025-06-04 20:00:00+00:00,155.41,155.46,154.17,154.45,28.293
2025-06-04 21:00:00+00:00,154.69,155.31,154.0,155.09,25.619
2025-06-04 22:00:00+00:00,155.04,155.04,153.49,153.61,26.511
2025-06-04 23:00:00+00:00,153.48,153.82,152.99,153.43,702.629
2025-06-05 00:00:00+00:00,153.36,153.84,153.11,153.84,10.567
2025-06-05 01:00:00+00:00,154.15,154.15,153.42,153.42,14.044
2025-06-05 02:00:00+00:00,153.51,154.33,153.51,154.08,67.615
2025-06-05 03:00:00+00:00,153.48,153.79,153.19,153.79,61.734
2025-06-05 04:00:00+00:00,153.74,153.86,153.47,153.86,8.463
2025-06-05 05:00:00+00:00,154.05,154.05,152.1,152.45,74.895
2025-06-05 06:00:00+00:00,152.53,152.77,152.22,152.22,16.356
2025-06-05 07:00:00+00:00,152.2,152.84,152.2,152.65,9.987
2025-06-05 08:00:00+00:00,152.81,152.81,151.92,151.92,20.603
2025-06-05 09:00:00+00:00,152.24,152.65,152.24,152.46,51.279
2025-06-05 10:00:00+00:00,152.92,152.92,151.73,151.99,161.672
2025-06-05 11:00:00+00:00,151.67,152.2,151.41,152.2,19.736
2025-06-05 12:00:00+00:00,152.27,154.22,152.27,154.22,43.609
2025-06-05 13:00:00+00:00,154.13,154.3,150.0,150.4,40.9
2025-06-05 14:00:00+00:00,150.55,151.35,148.72,151.35,117.0
2025-06-05 15:00:00+00:00,151.33,151.55,150.93,151.49,4.122
2025-06-05 16:00:00+00:00,150.96,150.96,148.6,148.83,146.338
2025-06-05 17:00:00+00:00,148.79,149.77,148.69,149.38,37.974
2025-06-05 18:00:00+00:00,149.62,149.94,148.5,149.59,137.734
2025-06-05 19:00:00+00:00,149.54,149.54,144.62,146.4,1503.5
2025-06-05 20:00:00+00:00,146.08,146.52,141.69,141.7,195.627
2025-06-05 21:00:00+00:00,141.8,144.63,141.75,144.32,69.685
2025-06-05 22:00:00+00:00,143.8,144.86,143.24,144.56,64.438
2025-06-05 23:00:00+00:00,144.62,145.02,144.4,144.52,14.505
2025-06-06 00:00:00+00:00,144.53,145.5,144.41,145.5,114.113
2025-06-06 01:00:00+00:00,145.47,145.52,145.06,145.52,81.228
2025-06-06 02:00:00+00:00,145.6,146.65,145.39,146.65,130.666
2025-06-06 03:00:00+00:00,146.3,146.93,146.0,146.93,47.513
2025-06-06 04:00:00+00:00,146.93,147.81,146.87,147.69,68.428
2025-06-06 05:00:00+00:00,147.52,147.75,146.91,147.62,53.108
2025-06-06 06:00:00+00:00,147.47,148.18,147.09,147.32,11.549
2025-06-06 07:00:00+00:00,147.19,147.75,147.11,147.31,12.796
2025-06-06 08:00:00+00:00,147.39,147.98,147.39,147.76,3.847
2025-06-06 09:00:00+00:00,148.21,148.51,147.72,147.72,6.175
2025-06-06 10:00:00+00:00,148.03,148.73,148.03,148.55,8.449
2025-06-06 11:00:00+00:00,148.55,149.5,148.47,149.07,24.012
2025-06-06 12:00:00+00:00,149.21,152.23,149.21,150.7,76.423
2025-06-06 13:00:00+00:00,151.18,152.26,151.11,151.38,36.0
2025-06-06 14:00:00+00:00,150.75,151.77,150.65,151.77,107.806
2025-06-06 15:00:00+00:00,151.2,152.28,150.38,150.65,70.351
2025-06-06 16:00:00+00:00,151.0,151.2,149.89,149.89,28.585
2025-06-06 17:00:00+00:00,149.91,150.03,149.35,149.71,60.301
2025-06-06 18:00:00+00:00,150.04,150.19,148.62,148.97,26.023
2025-06-06 19:00:00+00:00,149.09,149.5,149.04,149.17,23.303
2025-06-06 20:00:00+00:00,149.01,149.98,149.01,149.29,47.49
2025-06-06 21:00:00+00:00,149.37,149.56,148.96,149.56,5.875
2025-06-06 22:00:00+00:00,149.22,149.22,148.32,148.44,14.075
2025-06-06 23:00:00+00:00,148.53,148.53,147.79,147.79,24.995
2025-06-07 00:00:00+00:00,147.79,148.47,147.01,148.47,27.239
2025-06-07 01:00:00+00:00,148.7,148.71,147.45,147.76,6.826
2025-06-07 02:00:00+00:00,147.74,148.25,147.58,148.25,23.065
2025-06-07 03:00:00+00:00,148.15,149.73,148.15,149.73,18.071
2025-06-07 04:00:00+00:00,149.48,149.75,149.24,149.75,286.531
2025-06-07 05:00:00+00:00,149.76,150.95,149.76,150.84,76.429
2025-06-07 06:00:00+00:00,150.66,152.17,150.66,152.0,26.933
2025-06-07 07:00:00+00:00,151.88,152.4,151.47,152.4,6.224
2025-06-07 08:00:00+00:00,152.45,152.52,151.91,151.91,2.2
2025-06-07 09:00:00+00:00,151.91,151.91,151.54,151.57,5.696
2025-06-07 10:00:00+00:00,151.31,151.48,151.31,151.48,0.441
2025-06-07 11:00:00+00:00,151.99,152.04,151.29,151.29,26.823
2025-06-07 12:00:00+00:00,151.24,151.84,151.24,151.84,6.05
2025-06-07 13:00:00+00:00,152.07,152.31,151.56,152.31,29.814
2025-06-07 14:00:00+00:00,151.61,151.94,151.42,151.58,24.52
2025-06-07 15:00:00+00:00,151.47,151.71,150.7,151.03,33.697
2025-06-07 16:00:00+00:00,151.28,151.46,150.6,150.84,22.771
2025-06-07 17:00:00+00:00,151.24,151.24,150.43,150.43,3.764
2025-06-07 18:00:00+00:00,150.68,150.8,150.47,150.56,87.014
2025-06-07 19:00:00+00:00,150.93,151.21,150.74,150.74,27.25
2025-06-07 20:00:00+00:00,150.64,151.02,150.5,150.55,38.915
2025-06-07 21:00:00+00:00,151.22,151.22,150.99,151.18,6.041
2025-06-07 22:00:00+00:00,151.39,151.45,151.24,151.24,2.793
2025-06-07 23:00:00+00:00,151.15,151.15,149.86,149.94,62.752
2025-06-08 00:00:00+00:00,149.86,149.97,149.28,149.39,10.971
2025-06-08 01:00:00+00:00,149.36,150.3,149.32,150.3,14.414
2025-06-08 02:00:00+00:00,150.37,150.37,149.81,149.81,9.901
2025-06-08 03:00:00+00:00,149.81,150.02,149.6,149.84,14.807
2025-06-08 04:00:00+00:00,149.72,150.28,149.69,149.93,24.728
2025-06-08 05:00:00+00:00,150.06,150.28,149.71,149.71,29.384
2025-06-08 06:00:00+00:00,149.95,150.35,149.95,149.98,6.147
2025-06-08 07:00:00+00:00,150.12,150.12,149.23,149.23,18.661
2025-06-08 08:00:00+00:00,149.56,149.56,149.1,149.1,0.36
2025-06-08 09:00:00+00:00,149.12,149.12,148.13,148.13,20.555
2025-06-08 10:00:00+00:00,148.56,148.56,148.46,148.46,0.869
2025-06-08 11:00:00+00:00,148.87,149.5,148.87,149.5,0.944
2025-06-08 12:00:00+00:00,149.73,149.75,149.26,149.33,0.856
2025-06-08 13:00:00+00:00,149.61,150.95,149.42,149.73,12.653
2025-06-08 14:00:00+00:00,149.7,150.4,149.54,150.4,21.166
2025-06-08 15:00:00+00:00,150.38,150.87,150.28,150.64,68.869
2025-06-08 16:00:00+00:00,150.79,152.22,150.79,152.06,84.321
2025-06-08 17:00:00+00:00,152.18,153.64,152.18,153.13,69.813
2025-06-08 18:00:00+00:00,153.37,154.06,153.37,154.06,36.144
2025-06-08 19:00:00+00:00,153.96,154.44,153.79,154.36,40.952
2025-06-08 20:00:00+00:00,154.5,154.65,153.91,154.13,138.651
2025-06-08 21:00:00+00:00,154.22,155.1,154.18,154.29,38.22
2025-06-08 22:00:00+00:00,154.38,154.38,152.95,152.95,31.972
2025-06-08 23:00:00+00:00,153.01,153.01,152.1,152.5,62.142
2025-06-09 00:00:00+00:00,152.5,153.0,152.0,152.38,169.548
2025-06-09 01:00:00+00:00,152.09,152.64,152.05,152.05,22.043
2025-06-09 02:00:00+00:00,151.82,152.43,151.7,151.72,73.254
2025-06-09 03:00:00+00:00,151.84,151.84,150.97,151.64,23.912
2025-06-09 04:00:00+00:00,151.56,151.89,150.77,150.77,35.579
2025-06-09 05:00:00+00:00,150.75,150.83,149.9,149.9,7.951
2025-06-09 06:00:00+00:00,150.12,150.75,149.49,150.75,85.296
2025-06-09 07:00:00+00:00,150.86,150.86,150.26,150.69,37.127
2025-06-09 08:00:00+00:00,150.84,150.84,150.55,150.55,1.969
2025-06-09 09:00:00+00:00,151.55,154.19,151.33,153.99,97.643
2025-06-09 10:00:00+00:00,154.2,155.3,154.2,155.3,114.985
2025-06-09 11:00:00+00:00,155.27,156.33,155.1,155.65,108.321
2025-06-09 12:00:00+00:00,155.22,155.52,154.83,155.52,4.912
2025-06-09 13:00:00+00:00,155.58,155.63,153.11,153.18,43.444
2025-06-09 14:00:00+00:00,153.5,154.66,153.48,154.03,74.149
2025-06-09 15:00:00+00:00,154.01,155.32,153.84,155.32,53.272
2025-06-09 16:00:00+00:00,155.1,156.57,155.1,155.75,93.181
2025-06-09 17:00:00+00:00,155.71,156.69,155.47,156.22,63.416
2025-06-09 18:00:00+00:00,156.38,156.65,155.86,156.2,162.465
2025-06-09 19:00:00+00:00,156.32,156.35,155.22,155.51,151.377
2025-06-09 20:00:00+00:00,156.02,156.67,155.85,156.43,50.807
2025-06-09 21:00:00+00:00,156.65,159.37,156.65,158.75,883.494
2025-06-09 22:00:00+00:00,159.39,159.88,159.03,159.55,63.96
2025-06-09 23:00:00+00:00,159.72,161.49,159.72,160.99,133.134
2025-06-10 00:00:00+00:00,161.0,161.6,160.42,160.65,85.486
2025-06-10 01:00:00+00:00,160.79,160.79,159.93,159.93,17.731
2025-06-10 02:00:00+00:00,159.79,159.8,159.26,159.8,4.551
2025-06-10 03:00:00+00:00,159.47,159.48,158.63,159.39,60.549
2025-06-10 04:00:00+00:00,159.16,159.41,158.85,159.28,34.941
2025-06-10 05:00:00+00:00,159.26,159.37,157.62,158.1,70.684
2025-06-10 06:00:00+00:00,158.13,158.44,157.59,158.22,62.111
2025-06-10 07:00:00+00:00,158.01,158.5,157.99,158.26,3.89
2025-06-10 08:00:00+00:00,158.58,158.79,158.22,158.22,2.959
2025-06-10 09:00:00+00:00,158.03,158.7,158.03,158.7,5.172
2025-06-10 10:00:00+00:00,158.7,159.09,157.64,158.05,24.815
2025-06-10 11:00:00+00:00,157.57,161.35,157.32,160.57,93.636
2025-06-10 12:00:00+00:00,160.78,161.27,159.79,161.27,178.802
2025-06-10 13:00:00+00:00,161.24,161.87,158.49,158.89,34.015
2025-06-10 14:00:00+00:00,159.15,159.19,156.86,157.2,61.61
2025-06-10 15:00:00+00:00,157.11,158.5,156.53,158.15,44.142
2025-06-10 16:00:00+00:00,158.04,158.27,157.14,157.14,5.879
2025-06-10 17:00:00+00:00,157.28,158.56,157.23,158.24,21.052
2025-06-10 18:00:00+00:00,157.76,164.68,157.76,163.79,329.711
2025-06-10 19:00:00+00:00,164.13,165.15,162.9,163.45,263.981
2025-06-10 20:00:00+00:00,163.48,165.53,163.0,165.53,124.823
2025-06-10 21:00:00+00:00,165.35,165.35,163.2,163.98,7.537
2025-06-10 22:00:00+00:00,163.73,165.0,163.73,164.92,120.688
2025-06-10 23:00:00+00:00,165.0,165.12,164.02,164.92,61.368
2025-06-11 00:00:00+00:00,165.12,165.5,163.82,164.57,398.991
2025-06-11 01:00:00+00:00,164.77,164.77,163.53,164.01,37.623
2025-06-11 02:00:00+00:00,164.5,165.64,163.57,164.12,90.771
2025-06-11 03:00:00+00:00,164.62,167.24,164.62,167.24,356.818
2025-06-11 04:00:00+00:00,166.63,166.79,164.85,165.24,23.279
2025-06-11 05:00:00+00:00,164.9,164.9,164.44,164.74,67.597
2025-06-11 06:00:00+00:00,165.12,166.41,165.12,165.97,23.036
2025-06-11 07:00:00+00:00,165.77,166.97,165.43,166.45,32.749
2025-06-11 08:00:00+00:00,167.07,167.07,165.72,165.98,18.775
2025-06-11 09:00:00+00:00,165.69,167.0,165.0,165.02,15.6
2025-06-11 10:00:00+00:00,164.98,165.2,164.34,164.47,70.247
2025-06-11 11:00:00+00:00,164.33,164.9,164.09,164.42,29.898
2025-06-11 12:00:00+00:00,164.45,167.36,163.79,166.99,62.318
2025-06-11 13:00:00+00:00,166.99,167.3,165.32,165.93,52.224
2025-06-11 14:00:00+00:00,166.12,168.36,165.89,167.27,176.582
2025-06-11 15:00:00+00:00,167.24,167.72,166.0,167.07,23.032
2025-06-11 16:00:00+00:00,167.28,167.28,166.25,166.73,26.4
2025-06-11 17:00:00+00:00,166.62,166.62,163.99,163.99,155.567
2025-06-11 18:00:00+00:00,163.9,163.9,162.52,163.17,454.313
2025-06-11 19:00:00+00:00,163.35,163.43,162.49,162.68,319.297
2025-06-11 20:00:00+00:00,162.51,163.68,162.15,163.1,117.719
2025-06-11 21:00:00+00:00,163.07,163.76,160.33,160.53,163.752
2025-06-11 22:00:00+00:00,160.34,160.58,159.3,160.18,390.034
2025-06-11 23:00:00+00:00,160.35,161.15,160.35,161.07,4.805
2025-06-12 00:00:00+00:00,160.85,161.3,159.63,160.69,74.558
2025-06-12 01:00:00+00:00,160.8,160.93,159.41,160.33,10.731
2025-06-12 02:00:00+00:00,160.35,160.7,159.77,159.96,23.729
2025-06-12 03:00:00+00:00,160.39,160.61,159.5,160.06,33.738
2025-06-12 04:00:00+00:00,159.75,160.28,159.75,159.83,29.6
2025-06-12 05:00:00+00:00,159.61,159.96,158.85,159.64,377.776
2025-06-12 06:00:00+00:00,159.48,159.48,158.98,159.34,5.687
2025-06-12 07:00:00+00:00,159.06,159.06,158.49,158.87,10.9
2025-06-12 08:00:00+00:00,158.5,159.24,158.13,159.24,14.89
2025-06-12 09:00:00+00:00,159.36,159.78,159.36,159.55,1.419
2025-06-12 10:00:00+00:00,159.24,159.24,158.88,159.09,3.237
2025-06-12 11:00:00+00:00,158.09,158.09,157.56,157.75,25.295
2025-06-12 12:00:00+00:00,157.83,159.02,157.35,158.67,9.518
2025-06-12 13:00:00+00:00,158.46,159.05,158.0,158.42,11.786
2025-06-12 14:00:00+00:00,159.06,160.59,159.06,160.36,59.231
2025-06-12 15:00:00+00:00,160.08,160.15,156.69,157.0,865.891
2025-06-12 16:00:00+00:00,156.97,158.5,156.97,158.46,71.727
2025-06-12 17:00:00+00:00,158.25,160.47,158.25,160.47,48.941
2025-06-12 18:00:00+00:00,159.99,159.99,157.16,157.83,61.265
2025-06-12 19:00:00+00:00,158.01,158.01,154.6,154.97,143.672
2025-06-12 20:00:00+00:00,154.94,155.39,152.5,153.32,111.084
2025-06-12 21:00:00+00:00,153.25,153.65,152.39,152.46,364.921
2025-06-12 22:00:00+00:00,152.45,152.77,152.22,152.67,27.718
2025-06-12 23:00:00+00:00,152.57,152.91,152.43,152.63,57.808
2025-06-13 00:00:00+00:00,152.57,152.57,142.62,145.65,1193.703
2025-06-13 01:00:00+00:00,145.65,145.65,141.08,143.45,246.674
2025-06-13 02:00:00+00:00,143.37,143.37,141.08,142.59,359.139
2025-06-13 03:00:00+00:00,142.75,145.12,142.75,144.87,46.549
2025-06-13 04:00:00+00:00,144.66,144.66,143.44,144.46,145.884
2025-06-13 05:00:00+00:00,144.25,144.27,143.81,143.81,144.004
2025-06-13 06:00:00+00:00,143.63,144.74,142.8,144.74,28.008
2025-06-13 07:00:00+00:00,144.55,145.34,144.55,144.97,34.382
2025-06-13 08:00:00+00:00,145.42,146.57,144.59,144.89,16.369
2025-06-13 09:00:00+00:00,144.72,145.09,144.47,144.73,4.126
2025-06-13 10:00:00+00:00,144.44,144.63,143.94,144.63,4.522
2025-06-13 11:00:00+00:00,145.34,145.5,144.33,145.41,1018.165
2025-06-13 12:00:00+00:00,145.65,146.17,145.12,145.23,805.79
2025-06-13 13:00:00+00:00,145.19,146.38,144.83,145.46,63.633
2025-06-13 14:00:00+00:00,146.05,146.33,144.17,146.33,373.234
2025-06-13 15:00:00+00:00,146.17,147.65,145.84,147.08,1973.295
2025-06-13 16:00:00+00:00,147.47,148.47,146.67,147.48,2516.757
2025-06-13 17:00:00+00:00,147.09,147.09,145.42,146.58,940.755
2025-06-13 18:00:00+00:00,146.39,146.39,144.42,145.15,28.896
2025-06-13 19:00:00+00:00,145.24,146.04,144.63,145.0,47.445
2025-06-13 20:00:00+00:00,144.97,147.45,144.97,147.45,70.127
2025-06-13 21:00:00+00:00,147.26,147.39,146.6,147.15,40.014
2025-06-13 22:00:00+00:00,147.64,147.99,147.16,147.99,25.442
2025-06-13 23:00:00+00:00,148.0,148.93,147.72,148.55,25.322
2025-06-14 00:00:00+00:00,148.39,148.71,147.75,147.87,20.59
2025-06-14 01:00:00+00:00,147.69,147.77,146.82,146.95,64.712
2025-06-14 02:00:00+00:00,146.82,147.37,146.51,146.51,30.875
2025-06-14 03:00:00+00:00,146.77,147.08,146.5,146.5,71.145
2025-06-14 04:00:00+00:00,146.85,147.03,146.63,146.63,44.115
2025-06-14 05:00:00+00:00,146.83,146.91,146.44,146.9,39.805
2025-06-14 06:00:00+00:00,146.94,147.11,146.15,146.34,310.605
2025-06-14 07:00:00+00:00,146.13,146.49,145.9,146.49,656.649
2025-06-14 08:00:00+00:00,146.16,146.16,145.35,146.02,1613.442
2025-06-14 09:00:00+00:00,145.92,146.13,145.16,145.28,2859.324
2025-06-14 10:00:00+00:00,145.31,146.0,145.31,146.0,1985.819
2025-06-14 11:00:00+00:00,145.71,146.27,145.71,145.97,6.878
2025-06-14 12:00:00+00:00,145.59,145.91,145.34,145.34,38.737
2025-06-14 13:00:00+00:00,146.04,146.04,145.51,145.51,2.93
2025-06-14 14:00:00+00:00,145.51,145.59,145.18,145.25,19.928
2025-06-14 15:00:00+00:00,145.34,145.55,143.99,144.68,53.276
2025-06-14 16:00:00+00:00,144.89,144.93,143.07,143.07,36.535
2025-06-14 17:00:00+00:00,143.27,144.59,143.27,144.48,21.623
2025-06-14 18:00:00+00:00,144.48,145.0,143.42,144.33,24.358
2025-06-14 19:00:00+00:00,144.13,144.38,143.66,143.77,30.604
2025-06-14 20:00:00+00:00,143.49,143.49,142.14,142.8,73.36
2025-06-14 21:00:00+00:00,143.25,144.63,143.19,144.63,7.196
2025-06-14 22:00:00+00:00,144.57,144.92,144.4,144.4,14.74
2025-06-14 23:00:00+00:00,144.5,144.9,144.5,144.78,16.855
2025-06-15 00:00:00+00:00,144.88,145.69,144.76,145.67,20.033
2025-06-15 01:00:00+00:00,145.61,145.61,144.9,145.05,14.931
2025-06-15 02:00:00+00:00,145.12,146.12,145.12,145.84,44.58
2025-06-15 03:00:00+00:00,145.63,145.84,145.59,145.84,24.892
2025-06-15 04:00:00+00:00,145.84,146.28,145.84,146.14,45.234
2025-06-15 05:00:00+00:00,146.12,147.36,145.96,147.32,33.495
2025-06-15 06:00:00+00:00,147.36,147.96,146.67,146.67,6.23
2025-06-15 07:00:00+00:00,146.48,146.48,145.9,146.07,4.53
2025-06-15 08:00:00+00:00,145.9,145.9,145.26,145.54,62.133
2025-06-15 09:00:00+00:00,145.07,145.07,144.42,144.42,13.922
2025-06-15 10:00:00+00:00,144.66,145.65,144.66,145.65,4.195
2025-06-15 11:00:00+00:00,145.98,146.67,145.98,146.66,4.295
2025-06-15 12:00:00+00:00,146.67,147.64,146.67,147.57,4.969
2025-06-15 13:00:00+00:00,147.67,148.12,147.23,148.12,146.397
2025-06-15 14:00:00+00:00,148.21,152.19,148.14,151.58,70.945
2025-06-15 15:00:00+00:00,152.0,152.77,150.61,150.61,27.884
2025-06-15 16:00:00+00:00,150.81,151.88,150.46,151.88,30.148
2025-06-15 17:00:00+00:00,151.98,152.5,151.67,152.35,30.176
2025-06-15 18:00:00+00:00,152.42,152.55,151.32,152.55,278.188
2025-06-15 19:00:00+00:00,152.62,153.38,151.84,151.84,61.655
2025-06-15 20:00:00+00:00,152.16,152.16,148.47,148.47,160.361
2025-06-15 21:00:00+00:00,148.91,150.6,148.33,150.6,82.414
2025-06-15 22:00:00+00:00,150.56,152.34,150.56,152.1,528.578
2025-06-15 23:00:00+00:00,152.38,152.77,152.22,152.77,43.62
2025-06-16 00:00:00+00:00,152.79,153.25,151.47,151.74,117.963
2025-06-16 01:00:00+00:00,151.27,156.38,151.06,156.38,114.663
2025-06-16 02:00:00+00:00,156.39,157.21,155.52,155.69,89.771
2025-06-16 03:00:00+00:00,155.6,156.0,155.47,155.47,194.884
2025-06-16 04:00:00+00:00,155.99,157.11,155.74,156.92,133.31
2025-06-16 05:00:00+00:00,156.66,157.7,156.57,156.66,43.33
2025-06-16 06:00:00+00:00,156.44,156.85,156.44,156.57,2.472
2025-06-16 07:00:00+00:00,156.69,157.36,156.69,157.06,54.114
2025-06-16 08:00:00+00:00,157.39,157.39,156.62,156.62,9.349
2025-06-16 09:00:00+00:00,156.89,156.92,156.15,156.15,13.342
2025-06-16 10:00:00+00:00,156.66,157.08,155.95,155.95,12.857
2025-06-16 11:00:00+00:00,156.02,156.66,154.86,156.59,49.971
2025-06-16 12:00:00+00:00,156.32,156.35,155.45,155.45,17.632
2025-06-16 13:00:00+00:00,155.22,156.61,154.83,156.61,39.431
2025-06-16 14:00:00+00:00,156.66,157.62,155.81,156.32,26.031
2025-06-16 15:00:00+00:00,156.24,157.34,156.19,156.19,13.293
2025-06-16 16:00:00+00:00,156.5,157.89,156.27,157.53,68.899
2025-06-16 17:00:00+00:00,157.68,157.99,157.17,157.2,39.002
2025-06-16 18:00:00+00:00,157.0,157.96,157.0,157.81,132.196
2025-06-16 19:00:00+00:00,157.94,158.7,157.54,157.54,56.174
2025-06-16 20:00:00+00:00,157.65,157.65,156.91,157.39,30.073
2025-06-16 21:00:00+00:00,157.33,157.33,156.44,156.86,55.084
2025-06-16 22:00:00+00:00,156.98,156.98,152.06,152.87,279.984
2025-06-16 23:00:00+00:00,152.8,153.86,150.48,150.48,252.329
2025-06-17 00:00:00+00:00,150.68,151.82,147.68,151.82,344.882
2025-06-17 01:00:00+00:00,151.84,152.15,151.07,151.9,767.848
2025-06-17 02:00:00+00:00,151.57,153.32,151.22,153.32,67.627
2025-06-17 03:00:00+00:00,152.9,153.86,152.9,153.32,540.853
2025-06-17 04:00:00+00:00,153.2,153.2,152.55,152.63,113.892
2025-06-17 05:00:00+00:00,152.8,153.53,152.72,153.05,77.628
2025-06-17 06:00:00+00:00,153.68,154.09,152.81,152.97,57.24
2025-06-17 07:00:00+00:00,152.91,153.03,152.48,152.48,3.097
2025-06-17 08:00:00+00:00,152.47,152.48,151.55,151.55,1.618
2025-06-17 09:00:00+00:00,151.6,151.83,151.2,151.2,1.182
2025-06-17 10:00:00+00:00,151.48,151.48,150.5,150.5,15.679
2025-06-17 11:00:00+00:00,151.1,151.1,150.41,150.41,10.161
2025-06-17 12:00:00+00:00,151.22,151.37,149.66,149.66,45.192
2025-06-17 13:00:00+00:00,149.66,150.46,149.34,149.7,7.691
2025-06-17 14:00:00+00:00,149.71,150.74,148.9,148.9,70.131
2025-06-17 15:00:00+00:00,148.86,148.86,146.69,147.46,150.938
2025-06-17 16:00:00+00:00,147.64,147.89,146.21,146.21,124.566
2025-06-17 17:00:00+00:00,146.15,147.2,145.82,146.61,350.221
2025-06-17 18:00:00+00:00,146.33,148.0,146.01,148.0,89.036
2025-06-17 19:00:00+00:00,148.0,150.15,148.0,148.86,73.12
2025-06-17 20:00:00+00:00,148.77,149.17,148.47,148.78,17.596
2025-06-17 21:00:00+00:00,148.78,148.78,147.06,148.26,15.434
2025-06-17 22:00:00+00:00,147.45,147.75,146.46,146.46,6.554
2025-06-17 23:00:00+00:00,147.44,147.99,147.44,147.88,0.766
2025-06-18 00:00:00+00:00,147.45,148.04,146.89,148.04,71.294
2025-06-18 01:00:00+00:00,148.17,148.86,147.6,147.71,37.93
2025-06-18 02:00:00+00:00,147.45,148.16,147.44,147.7,3.253
2025-06-18 03:00:00+00:00,147.72,148.62,147.56,148.37,180.498
2025-06-18 04:00:00+00:00,148.71,149.11,148.33,148.89,16.892
2025-06-18 05:00:00+00:00,148.89,148.89,148.34,148.34,216.623
2025-06-18 06:00:00+00:00,148.0,148.21,146.65,146.65,274.689
2025-06-18 07:00:00+00:00,147.23,147.69,147.22,147.69,3.689
2025-06-18 08:00:00+00:00,147.79,147.97,147.57,147.57,10.118
2025-06-18 09:00:00+00:00,147.69,148.02,147.21,147.29,5.047
2025-06-18 10:00:00+00:00,147.24,147.24,145.38,145.5,39.714
2025-06-18 11:00:00+00:00,145.64,146.43,145.64,146.33,42.81
2025-06-18 12:00:00+00:00,146.35,146.58,145.28,145.28,56.991
2025-06-18 13:00:00+00:00,145.18,145.39,143.96,145.39,116.532
2025-06-18 14:00:00+00:00,144.97,146.47,144.56,145.41,12.275
2025-06-18 15:00:00+00:00,145.34,145.66,144.76,145.55,135.327
2025-06-18 16:00:00+00:00,145.18,145.59,144.59,144.85,10.28
2025-06-18 17:00:00+00:00,144.47,145.65,144.17,145.65,30.304
2025-06-18 18:00:00+00:00,145.87,146.21,144.17,144.17,556.149
2025-06-18 19:00:00+00:00,144.1,145.65,143.85,145.28,21.896
2025-06-18 20:00:00+00:00,144.96,147.48,144.42,147.42,551.766
2025-06-18 21:00:00+00:00,146.84,147.74,146.43,147.74,549.961
2025-06-18 22:00:00+00:00,147.38,147.75,147.38,147.5,61.12
2025-06-18 23:00:00+00:00,147.71,147.8,146.12,146.25,4.507
2025-06-19 00:00:00+00:00,146.44,147.74,146.44,146.99,9.765
2025-06-19 01:00:00+00:00,147.02,147.02,145.6,145.7,20.753
2025-06-19 02:00:00+00:00,145.7,146.08,145.0,145.76,28.081
2025-06-19 03:00:00+00:00,145.76,146.43,145.64,146.43,42.396
2025-06-19 04:00:00+00:00,146.67,146.69,145.77,146.44,19.149
2025-06-19 05:00:00+00:00,146.43,147.26,146.04,146.04,43.828
2025-06-19 06:00:00+00:00,146.04,146.04,145.14,145.15,9.339
2025-06-19 07:00:00+00:00,145.59,145.59,145.28,145.29,3.106
2025-06-19 08:00:00+00:00,145.78,145.78,145.78,145.78,0.342
2025-06-19 09:00:00+00:00,145.34,145.93,145.13,145.66,6.328
2025-06-19 10:00:00+00:00,146.1,146.48,145.79,146.48,228.86
2025-06-19 11:00:00+00:00,146.15,146.15,144.92,145.18,15.844
2025-06-19 12:00:00+00:00,145.25,145.43,144.74,145.11,20.614
2025-06-19 13:00:00+00:00,145.11,145.17,143.96,143.96,289.939
2025-06-19 14:00:00+00:00,144.25,144.68,143.2,143.2,55.65
2025-06-19 15:00:00+00:00,143.18,143.82,143.18,143.5,69.268
2025-06-19 16:00:00+00:00,143.67,144.14,143.51,143.63,15.208
2025-06-19 17:00:00+00:00,143.45,145.04,143.35,145.04,46.296
2025-06-19 18:00:00+00:00,145.31,145.89,145.02,145.02,6.683
2025-06-19 19:00:00+00:00,145.41,145.83,145.18,145.57,24.912
2025-06-19 20:00:00+00:00,145.64,146.03,145.24,145.24,36.764
2025-06-19 21:00:00+00:00,145.59,145.74,145.56,145.56,1.498
2025-06-19 22:00:00+00:00,146.13,147.37,146.02,147.37,44.384
2025-06-19 23:00:00+00:00,146.66,147.27,146.66,147.06,64.136
2025-06-20 00:00:00+00:00,147.43,147.43,146.66,146.95,36.022
2025-06-20 01:00:00+00:00,146.75,147.09,146.38,147.09,188.152
2025-06-20 02:00:00+00:00,147.07,147.5,146.23,146.23,253.072
2025-06-20 03:00:00+00:00,146.21,146.21,145.71,145.94,8.339
2025-06-20 04:00:00+00:00,145.8,145.8,145.01,145.16,2.309
2025-06-20 05:00:00+00:00,144.85,145.29,144.85,145.2,1919.334
2025-06-20 06:00:00+00:00,145.39,145.59,145.17,145.4,88.007
2025-06-20 07:00:00+00:00,145.36,147.69,145.36,147.69,29.378
2025-06-20 08:00:00+00:00,147.15,148.1,147.06,147.49,78.3
2025-06-20 09:00:00+00:00,147.72,147.81,147.13,147.7,2.991
2025-06-20 10:00:00+00:00,147.66,148.71,147.63,148.46,731.78
2025-06-20 11:00:00+00:00,148.59,148.59,148.19,148.19,10.069
2025-06-20 12:00:00+00:00,148.21,148.3,147.51,147.51,11.661
2025-06-20 13:00:00+00:00,147.87,147.87,146.16,146.68,243.529
2025-06-20 14:00:00+00:00,146.62,146.81,143.89,144.06,161.37
2025-06-20 15:00:00+00:00,143.88,144.49,142.59,142.59,372.267
2025-06-20 16:00:00+00:00,142.94,143.02,142.0,142.55,68.036
2025-06-20 17:00:00+00:00,142.12,142.12,135.89,138.51,1155.037
2025-06-20 18:00:00+00:00,138.37,139.42,138.13,139.17,152.022
2025-06-20 19:00:00+00:00,138.54,139.78,138.33,139.78,9.439
2025-06-20 20:00:00+00:00,139.95,141.88,139.95,141.03,509.092
2025-06-20 21:00:00+00:00,140.91,140.91,140.1,140.34,25.71
2025-06-20 22:00:00+00:00,140.07,140.12,138.79,139.11,217.352
2025-06-20 23:00:00+00:00,139.15,140.19,138.89,140.19,311.93
2025-06-21 00:00:00+00:00,140.1,140.44,139.62,140.21,299.154
2025-06-21 01:00:00+00:00,140.03,140.47,139.93,139.93,26.877
2025-06-21 02:00:00+00:00,139.9,140.06,139.76,140.06,14.995
2025-06-21 03:00:00+00:00,140.36,141.3,140.33,140.88,200.629
2025-06-21 04:00:00+00:00,140.69,140.69,140.21,140.21,0.487
2025-06-21 05:00:00+00:00,140.25,140.48,139.94,140.35,19.805
2025-06-21 06:00:00+00:00,140.22,140.53,140.22,140.53,2.908
2025-06-21 07:00:00+00:00,139.84,140.38,139.84,140.25,0.802
2025-06-21 08:00:00+00:00,140.38,141.57,140.38,141.57,5.797
2025-06-21 09:00:00+00:00,141.34,141.94,141.22,141.94,7.14
2025-06-21 10:00:00+00:00,141.99,142.45,141.79,141.79,14.857
2025-06-21 11:00:00+00:00,142.14,142.49,142.14,142.49,11.191
2025-06-21 12:00:00+00:00,142.26,142.37,141.75,141.87,51.214
2025-06-21 13:00:00+00:00,141.9,141.9,140.4,140.4,1.749
2025-06-21 14:00:00+00:00,140.48,141.33,140.37,140.47,3.463
2025-06-21 15:00:00+00:00,140.57,140.75,139.38,140.21,7.295
2025-06-21 16:00:00+00:00,140.29,140.87,139.88,140.34,37.672
2025-06-21 17:00:00+00:00,140.46,140.46,138.36,138.64,29.877
2025-06-21 18:00:00+00:00,139.25,139.53,137.48,137.68,16.372
2025-06-21 19:00:00+00:00,138.15,138.27,137.43,137.43,75.272
2025-06-21 20:00:00+00:00,137.55,138.54,137.0,138.35,19.504
2025-06-21 21:00:00+00:00,138.01,138.01,131.12,132.88,723.935
2025-06-21 22:00:00+00:00,132.87,134.66,132.82,134.3,44.051
2025-06-21 23:00:00+00:00,133.9,135.45,132.22,135.45,85.032
2025-06-22 00:00:00+00:00,135.48,137.42,134.43,136.62,165.269
2025-06-22 01:00:00+00:00,136.5,136.92,135.05,135.18,642.351
2025-06-22 02:00:00+00:00,134.98,135.07,133.34,134.65,67.338
2025-06-22 03:00:00+00:00,134.96,135.41,134.17,134.98,108.365
2025-06-22 04:00:00+00:00,135.09,136.12,134.95,135.9,28.502
2025-06-22 05:00:00+00:00,136.19,136.42,135.87,136.17,2.763
2025-06-22 06:00:00+00:00,136.2,136.2,135.69,135.69,16.367
2025-06-22 07:00:00+00:00,135.81,135.81,134.84,134.84,78.044
2025-06-22 08:00:00+00:00,134.46,134.99,134.22,134.99,3.144
2025-06-22 09:00:00+00:00,135.15,135.4,132.37,132.37,289.196
2025-06-22 10:00:00+00:00,132.35,133.59,132.21,133.56,17.244
2025-06-22 11:00:00+00:00,133.41,133.98,132.49,132.49,11.223
2025-06-22 12:00:00+00:00,133.37,133.37,132.6,133.32,10.353
2025-06-22 13:00:00+00:00,133.55,133.55,127.0,129.12,413.678
2025-06-22 14:00:00+00:00,129.14,130.03,126.78,129.92,1246.764
2025-06-22 15:00:00+00:00,129.71,130.22,128.33,128.33,160.692
2025-06-22 16:00:00+00:00,129.0,129.62,128.26,129.62,334.602
2025-06-22 17:00:00+00:00,129.9,131.37,129.4,130.69,107.634
2025-06-22 18:00:00+00:00,130.93,131.0,129.45,129.45,6.23
2025-06-22 19:00:00+00:00,129.33,129.35,128.67,129.25,37.878
2025-06-22 20:00:00+00:00,129.23,130.05,126.26,129.49,460.709
2025-06-22 21:00:00+00:00,129.65,129.8,128.12,128.86,167.51
2025-06-22 22:00:00+00:00,128.92,132.25,128.92,131.91,168.074
2025-06-22 23:00:00+00:00,132.32,132.52,131.56,131.56,10.236
2025-06-23 00:00:00+00:00,131.64,133.28,131.64,132.49,77.765
2025-06-23 01:00:00+00:00,132.52,133.15,131.79,133.15,156.619
2025-06-23 02:00:00+00:00,132.88,133.12,132.78,132.78,3.543
2025-06-23 03:00:00+00:00,132.65,132.77,132.37,132.5,17.083
2025-06-23 04:00:00+00:00,132.65,133.61,132.59,133.19,38.853
2025-06-23 05:00:00+00:00,133.2,134.69,133.2,134.47,24.19
2025-06-23 06:00:00+00:00,134.67,134.67,134.0,134.14,11.88
2025-06-23 07:00:00+00:00,134.7,134.75,134.0,134.4,4.332
2025-06-23 08:00:00+00:00,134.36,134.54,134.36,134.54,0.826
2025-06-23 09:00:00+00:00,134.0,134.0,133.57,133.57,69.62
2025-06-23 10:00:00+00:00,134.43,134.43,133.41,133.41,1.487
2025-06-23 11:00:00+00:00,133.83,134.31,133.32,134.06,818.702
2025-06-23 12:00:00+00:00,133.9,135.34,133.89,135.34,60.059
2025-06-23 13:00:00+00:00,135.41,136.74,133.0,136.63,142.104
2025-06-23 14:00:00+00:00,136.78,137.32,134.94,135.3,14.286
2025-06-23 15:00:00+00:00,134.66,135.37,133.34,133.47,22.13
2025-06-23 16:00:00+00:00,133.11,133.11,130.85,132.25,85.318
2025-06-23 17:00:00+00:00,132.58,137.28,132.58,136.23,268.101
2025-06-23 18:00:00+00:00,137.29,139.41,137.29,138.05,105.409
2025-06-23 19:00:00+00:00,138.08,140.04,138.08,139.74,113.775
2025-06-23 20:00:00+00:00,139.89,142.21,139.51,140.55,192.962
2025-06-23 21:00:00+00:00,140.85,141.57,140.63,141.13,85.558
2025-06-23 22:00:00+00:00,140.95,146.61,140.95,145.29,1966.835
2025-06-23 23:00:00+00:00,144.8,144.8,144.44,144.5,198.949
2025-06-24 00:00:00+00:00,144.42,144.61,143.11,143.32,288.901
2025-06-24 01:00:00+00:00,143.11,144.21,143.07,143.82,94.943
2025-06-24 02:00:00+00:00,143.16,143.2,142.51,142.59,48.294
2025-06-24 03:00:00+00:00,142.58,143.48,142.58,143.14,28.08
2025-06-24 04:00:00+00:00,143.37,143.4,142.9,143.38,24.314
2025-06-24 05:00:00+00:00,143.25,145.34,143.21,145.34,902.363
2025-06-24 06:00:00+00:00,145.42,146.52,145.04,146.52,12.055
2025-06-24 07:00:00+00:00,145.79,146.36,144.17,144.17,48.177
2025-06-24 08:00:00+00:00,143.87,144.63,143.45,144.21,18.985
2025-06-24 09:00:00+00:00,144.13,145.42,143.84,143.84,11.159
2025-06-24 10:00:00+00:00,143.83,144.2,143.44,144.2,30.394
2025-06-24 11:00:00+00:00,143.91,144.62,143.07,144.62,12.758
2025-06-24 12:00:00+00:00,144.63,144.84,144.0,144.35,10.782
2025-06-24 13:00:00+00:00,144.3,144.63,143.61,143.82,2.283
2025-06-24 14:00:00+00:00,144.47,145.67,144.34,144.79,36.748
2025-06-24 15:00:00+00:00,145.03,145.41,144.09,144.25,11.241
2025-06-24 16:00:00+00:00,144.5,146.27,144.08,146.27,129.972
2025-06-24 17:00:00+00:00,146.2,146.2,144.17,144.64,59.56
2025-06-24 18:00:00+00:00,144.64,144.64,143.71,143.71,60.552
2025-06-24 19:00:00+00:00,143.61,143.75,143.03,143.28,18.381
2025-06-24 20:00:00+00:00,143.35,144.74,143.35,144.74,118.246
2025-06-24 21:00:00+00:00,144.71,145.5,144.58,145.43,20.519
2025-06-24 22:00:00+00:00,144.97,145.04,144.5,145.04,30.03
2025-06-24 23:00:00+00:00,144.85,145.78,144.8,145.78,63.244
2025-06-25 00:00:00+00:00,145.78,146.21,145.19,146.15,304.074
2025-06-25 01:00:00+00:00,145.88,146.04,145.34,145.81,51.281
2025-06-25 02:00:00+00:00,145.7,146.77,145.7,145.97,39.275
2025-06-25 03:00:00+00:00,146.02,146.2,145.65,145.65,15.54
2025-06-25 04:00:00+00:00,145.63,145.68,145.0,145.34,67.327
2025-06-25 05:00:00+00:00,145.8,145.8,145.24,145.58,2.459
2025-06-25 06:00:00+00:00,145.63,146.42,145.5,146.42,285.336
2025-06-25 07:00:00+00:00,146.43,147.43,146.08,147.15,90.628
2025-06-25 08:00:00+00:00,147.08,147.18,144.95,145.29,621.515
2025-06-25 09:00:00+00:00,146.21,146.67,145.34,145.34,12.275
2025-06-25 10:00:00+00:00,145.34,146.11,145.34,145.64,55.94
2025-06-25 11:00:00+00:00,145.78,146.21,145.7,146.21,14.458
2025-06-25 12:00:00+00:00,146.33,146.33,145.87,145.96,6.482
2025-06-25 13:00:00+00:00,146.4,147.85,146.4,147.49,308.985
2025-06-25 14:00:00+00:00,147.3,147.3,144.8,145.86,114.798
2025-06-25 15:00:00+00:00,145.42,145.42,142.37,143.46,961.198
2025-06-25 16:00:00+00:00,143.74,144.13,143.24,143.43,48.319
2025-06-25 17:00:00+00:00,143.35,144.35,143.35,143.89,21.828
2025-06-25 18:00:00+00:00,143.91,143.92,143.23,143.23,28.209
2025-06-25 19:00:00+00:00,143.36,144.63,143.36,144.63,18.702
2025-06-25 20:00:00+00:00,144.67,145.01,144.37,145.01,171.705
2025-06-25 21:00:00+00:00,145.12,145.42,144.26,144.28,75.863
2025-06-25 22:00:00+00:00,144.46,144.46,143.11,143.11,14.188
2025-06-25 23:00:00+00:00,143.04,143.42,142.42,143.42,353.644
2025-06-26 00:00:00+00:00,143.41,144.37,143.35,144.03,19.729
2025-06-26 01:00:00+00:00,144.14,146.0,143.8,145.2,327.349
2025-06-26 02:00:00+00:00,145.44,146.33,145.03,146.31,33.542
2025-06-26 03:00:00+00:00,146.33,147.96,145.9,145.9,136.04
2025-06-26 04:00:00+00:00,145.66,145.74,145.05,145.51,10.744
2025-06-26 05:00:00+00:00,145.44,145.65,144.36,144.36,6.933
2025-06-26 06:00:00+00:00,144.68,144.88,144.68,144.77,10.998
2025-06-26 07:00:00+00:00,144.82,145.83,144.76,145.51,4.082
2025-06-26 08:00:00+00:00,145.21,145.71,144.78,144.9,3.136
2025-06-26 09:00:00+00:00,145.24,145.24,143.81,143.84,65.872
2025-06-26 10:00:00+00:00,143.79,144.02,143.42,143.42,12.8
2025-06-26 11:00:00+00:00,143.64,143.95,143.41,143.62,4.912
2025-06-26 12:00:00+00:00,143.56,143.56,142.92,143.03,33.138
2025-06-26 13:00:00+00:00,143.03,143.21,141.59,141.64,91.605
2025-06-26 14:00:00+00:00,142.05,143.61,141.71,143.4,5.357
2025-06-26 15:00:00+00:00,143.35,143.39,141.64,143.0,133.682
2025-06-26 16:00:00+00:00,143.11,143.11,142.17,142.17,35.307
2025-06-26 17:00:00+00:00,142.4,142.88,141.9,142.13,18.378
2025-06-26 18:00:00+00:00,141.65,142.38,141.11,141.32,52.647
2025-06-26 19:00:00+00:00,142.06,142.43,142.02,142.43,7.297
2025-06-26 20:00:00+00:00,142.27,143.92,142.27,142.75,14.438
2025-06-26 21:00:00+00:00,142.86,143.19,139.6,140.43,104.302
2025-06-26 22:00:00+00:00,140.22,140.71,139.02,139.02,34.035
2025-06-26 23:00:00+00:00,139.02,139.1,138.88,138.91,1.036
2025-06-27 00:00:00+00:00,139.17,139.33,137.93,137.93,120.633
2025-06-27 01:00:00+00:00,137.91,139.76,137.26,139.71,109.968
2025-06-27 02:00:00+00:00,139.46,140.99,139.23,140.96,30.27
2025-06-27 03:00:00+00:00,141.03,141.5,140.82,141.5,60.355
2025-06-27 04:00:00+00:00,141.43,141.49,141.03,141.49,1.857
2025-06-27 05:00:00+00:00,141.38,141.94,140.84,140.84,3.739
2025-06-27 06:00:00+00:00,140.74,140.92,140.42,140.79,9.213
2025-06-27 07:00:00+00:00,141.45,142.07,140.42,140.42,3.27
2025-06-27 08:00:00+00:00,140.59,142.67,140.59,142.67,11.487
2025-06-27 09:00:00+00:00,141.85,141.99,141.82,141.99,7.527
2025-06-27 10:00:00+00:00,142.06,142.06,142.06,142.06,0.21
2025-06-27 11:00:00+00:00,142.16,142.22,141.82,142.13,13.965
2025-06-27 12:00:00+00:00,142.13,142.67,141.43,141.43,4.022
2025-06-27 13:00:00+00:00,141.31,142.75,141.31,142.75,4.344
2025-06-27 14:00:00+00:00,142.72,143.34,141.45,141.65,138.606
2025-06-27 15:00:00+00:00,141.72,143.71,141.72,143.49,11.457
2025-06-27 16:00:00+00:00,143.27,144.67,143.27,143.79,45.809
2025-06-27 17:00:00+00:00,143.61,143.65,141.0,141.35,132.798
2025-06-27 18:00:00+00:00,141.41,141.41,140.2,140.31,72.506
2025-06-27 19:00:00+00:00,141.05,141.97,140.88,141.97,41.555
2025-06-27 20:00:00+00:00,141.75,142.83,141.75,142.83,13.343
2025-06-27 21:00:00+00:00,142.67,143.24,142.67,143.1,22.351
2025-06-27 22:00:00+00:00,142.69,142.97,142.6,142.6,62.374
2025-06-27 23:00:00+00:00,142.5,142.61,141.96,142.2,24.59
2025-06-28 00:00:00+00:00,141.9,142.4,141.57,142.12,2.258
2025-06-28 01:00:00+00:00,141.68,142.43,141.34,142.43,34.051
2025-06-28 02:00:00+00:00,142.59,143.3,142.59,143.0,27.177
2025-06-28 03:00:00+00:00,142.98,143.5,142.98,143.5,13.943
2025-06-28 04:00:00+00:00,143.49,143.49,143.2,143.35,24.436
2025-06-28 05:00:00+00:00,143.35,144.0,143.35,144.0,88.035
2025-06-28 06:00:00+00:00,144.0,144.73,144.0,144.73,57.792
2025-06-28 07:00:00+00:00,144.73,146.61,144.5,146.29,207.457
2025-06-28 08:00:00+00:00,146.52,147.07,146.32,146.33,14.473
2025-06-28 09:00:00+00:00,146.38,147.48,146.09,147.48,48.149
2025-06-28 10:00:00+00:00,147.44,147.44,146.89,146.93,36.861
2025-06-28 11:00:00+00:00,146.94,147.37,146.9,147.2,307.894
2025-06-28 12:00:00+00:00,147.16,147.16,146.44,146.44,33.719
2025-06-28 13:00:00+00:00,146.69,146.74,146.0,146.0,53.993
2025-06-28 14:00:00+00:00,146.18,146.93,146.18,146.93,19.344
2025-06-28 15:00:00+00:00,146.87,148.47,146.84,148.04,86.649
2025-06-28 16:00:00+00:00,148.37,149.67,148.37,149.17,105.193
2025-06-28 17:00:00+00:00,149.22,152.69,149.22,151.97,111.738
2025-06-28 18:00:00+00:00,151.77,151.77,150.47,151.24,19.882
2025-06-28 19:00:00+00:00,150.94,151.42,150.8,150.81,81.033
2025-06-28 20:00:00+00:00,150.74,150.74,150.19,150.48,24.164
2025-06-28 21:00:00+00:00,150.37,150.84,150.07,150.77,315.795
2025-06-28 22:00:00+00:00,151.04,151.23,150.6,151.23,24.804
2025-06-28 23:00:00+00:00,151.04,151.15,150.54,150.7,2.281
2025-06-29 00:00:00+00:00,150.7,150.9,150.47,150.56,55.028
2025-06-29 01:00:00+00:00,150.48,150.66,150.2,150.2,73.79
2025-06-29 02:00:00+00:00,150.31,150.31,149.61,149.67,16.034
2025-06-29 03:00:00+00:00,149.72,150.13,149.58,149.62,8.533
2025-06-29 04:00:00+00:00,149.56,149.78,149.5,149.7,25.134
2025-06-29 05:00:00+00:00,149.68,149.7,149.54,149.7,4.301
2025-06-29 06:00:00+00:00,149.7,150.13,149.7,150.06,196.074
2025-06-29 07:00:00+00:00,149.72,150.05,149.72,149.84,5.798
2025-06-29 08:00:00+00:00,150.37,150.75,150.15,150.75,0.778
2025-06-29 09:00:00+00:00,150.92,151.99,150.92,151.23,12.306
2025-06-29 10:00:00+00:00,151.07,151.39,151.07,151.39,0.067
2025-06-29 11:00:00+00:00,151.41,151.63,151.41,151.63,0.638
2025-06-29 12:00:00+00:00,151.14,151.76,151.13,151.76,34.035
2025-06-29 13:00:00+00:00,151.61,151.76,151.45,151.61,15.907
2025-06-29 14:00:00+00:00,151.8,152.46,151.19,151.62,102.56
2025-06-29 15:00:00+00:00,151.36,151.71,150.95,150.95,41.562
2025-06-29 16:00:00+00:00,150.77,150.77,149.95,150.38,72.649
2025-06-29 17:00:00+00:00,150.29,150.89,150.29,150.89,71.75
2025-06-29 18:00:00+00:00,151.28,152.18,151.28,152.18,50.959
2025-06-29 19:00:00+00:00,151.84,151.84,151.33,151.33,306.629
2025-06-29 20:00:00+00:00,151.21,151.37,150.84,150.84,50.948
2025-06-29 21:00:00+00:00,150.84,151.83,150.53,151.68,96.053
2025-06-29 22:00:00+00:00,151.88,154.64,151.88,153.01,387.827
2025-06-29 23:00:00+00:00,153.25,153.73,152.79,153.26,100.549
2025-06-30 00:00:00+00:00,153.51,153.81,152.57,152.57,15.989
2025-06-30 01:00:00+00:00,152.54,152.54,151.77,152.09,15.658
2025-06-30 02:00:00+00:00,151.93,152.64,151.93,152.31,20.276
2025-06-30 03:00:00+00:00,152.06,152.18,151.5,151.99,647.766
2025-06-30 04:00:00+00:00,151.91,152.05,151.11,151.12,137.853
2025-06-30 05:00:00+00:00,151.1,151.56,150.64,151.43,35.891
2025-06-30 06:00:00+00:00,151.29,151.42,150.21,150.69,20.718
2025-06-30 07:00:00+00:00,150.07,150.72,149.9,150.72,2.386
2025-06-30 08:00:00+00:00,150.64,150.86,149.7,149.93,2.387
2025-06-30 09:00:00+00:00,150.02,150.02,150.02,150.02,0.066
2025-06-30 10:00:00+00:00,150.02,150.28,150.02,150.08,17.295
2025-06-30 11:00:00+00:00,150.18,150.84,150.18,150.71,16.46
2025-06-30 12:00:00+00:00,150.5,150.5,149.96,149.96,57.731
2025-06-30 13:00:00+00:00,149.87,151.64,149.87,151.08,42.566
2025-06-30 14:00:00+00:00,150.72,152.13,150.29,151.34,79.508
2025-06-30 15:00:00+00:00,151.44,159.88,151.08,157.32,993.925
2025-06-30 16:00:00+00:00,157.91,158.08,156.41,157.33,969.932
2025-06-30 17:00:00+00:00,157.03,157.46,156.58,157.13,185.855
2025-06-30 18:00:00+00:00,156.84,157.03,155.41,156.07,48.6
2025-06-30 19:00:00+00:00,155.84,157.77,155.84,157.77,60.888
2025-06-30 20:00:00+00:00,157.89,157.89,156.47,156.47,74.488
2025-06-30 21:00:00+00:00,156.16,156.88,155.59,156.4,1127.006
2025-06-30 22:00:00+00:00,155.7,156.86,155.19,155.32,143.04
2025-06-30 23:00:00+00:00,155.62,155.84,154.72,154.81,58.856
2025-07-01 00:00:00+00:00,154.84,155.32,153.62,154.72,36.777
2025-07-01 01:00:00+00:00,154.78,155.19,154.58,155.02,19.938
2025-07-01 02:00:00+00:00,154.22,154.55,153.38,153.38,18.83
2025-07-01 03:00:00+00:00,153.39,154.01,153.38,154.0,83.449
2025-07-01 04:00:00+00:00,153.92,153.92,152.65,152.65,110.257
2025-07-01 05:00:00+00:00,152.91,152.91,151.18,151.49,31.963
2025-07-01 06:00:00+00:00,151.23,151.39,151.17,151.2,102.414
2025-07-01 07:00:00+00:00,151.27,151.27,148.95,150.29,161.88
2025-07-01 08:00:00+00:00,150.03,150.03,149.51,149.51,2.113
2025-07-01 09:00:00+00:00,149.47,149.47,148.58,148.58,1.376
2025-07-01 10:00:00+00:00,149.28,149.28,148.98,149.07,8.905
2025-07-01 11:00:00+00:00,149.08,149.08,148.33,148.53,7.326
2025-07-01 12:00:00+00:00,149.09,149.09,148.0,148.44,821.846
2025-07-01 13:00:00+00:00,148.27,148.46,147.08,148.34,106.427
2025-07-01 14:00:00+00:00,148.47,149.06,146.43,147.19,84.766
2025-07-01 15:00:00+00:00,147.45,147.69,147.0,147.33,112.73
2025-07-01 16:00:00+00:00,147.37,148.23,147.27,148.23,78.961
2025-07-01 17:00:00+00:00,148.28,148.29,147.69,147.71,30.848
2025-07-01 18:00:00+00:00,147.85,147.85,145.72,145.72,19.24
2025-07-01 19:00:00+00:00,145.72,146.62,145.53,145.67,26.185
2025-07-01 20:00:00+00:00,145.42,146.65,145.03,146.65,75.903
2025-07-01 21:00:00+00:00,146.56,146.92,146.18,146.86,116.748
2025-07-01 22:00:00+00:00,146.5,147.05,146.32,147.05,10.945
2025-07-01 23:00:00+00:00,146.49,146.92,146.49,146.92,22.969
2025-07-02 00:00:00+00:00,146.92,147.5,146.74,146.74,323.565
2025-07-02 01:00:00+00:00,146.61,147.78,145.92,147.78,37.781
2025-07-02 02:00:00+00:00,147.95,148.41,147.53,148.41,83.671
2025-07-02 03:00:00+00:00,148.46,149.12,148.34,148.95,22.658
2025-07-02 04:00:00+00:00,148.92,149.17,148.33,149.17,49.619
2025-07-02 05:00:00+00:00,148.94,149.08,148.63,149.08,0.746
2025-07-02 06:00:00+00:00,149.08,149.51,148.96,149.51,77.917
2025-07-02 07:00:00+00:00,149.63,149.67,149.09,149.09,2.731
2025-07-02 08:00:00+00:00,149.73,149.75,149.56,149.71,158.333
2025-07-02 09:00:00+00:00,149.41,149.41,148.73,148.73,20.316
2025-07-02 10:00:00+00:00,148.81,149.57,148.71,149.57,1.287
2025-07-02 11:00:00+00:00,149.43,149.71,148.71,148.71,214.172
2025-07-02 12:00:00+00:00,148.47,148.77,147.41,147.63,94.443
2025-07-02 13:00:00+00:00,148.47,149.75,148.16,149.75,46.618
2025-07-02 14:00:00+00:00,149.53,150.53,149.5,150.16,52.304
2025-07-02 15:00:00+00:00,150.5,151.41,150.21,151.41,185.181
2025-07-02 16:00:00+00:00,151.5,153.38,151.5,152.97,639.529
2025-07-02 17:00:00+00:00,152.97,153.25,150.5,151.27,390.941
2025-07-02 18:00:00+00:00,151.55,152.19,151.55,152.19,68.606
2025-07-02 19:00:00+00:00,152.18,153.01,151.9,153.01,102.697
2025-07-02 20:00:00+00:00,152.68,153.98,152.66,153.08,78.264
2025-07-02 21:00:00+00:00,152.88,153.79,152.88,153.49,329.061
2025-07-02 22:00:00+00:00,153.98,154.25,153.51,153.57,67.756
2025-07-02 23:00:00+00:00,153.57,153.6,151.95,152.15,46.235
2025-07-03 00:00:00+00:00,152.15,153.08,152.15,153.08,710.123
2025-07-03 01:00:00+00:00,152.69,153.11,152.63,152.99,15.943
2025-07-03 02:00:00+00:00,152.65,152.77,151.8,152.77,362.456
2025-07-03 03:00:00+00:00,152.92,153.81,152.92,153.28,56.542
2025-07-03 04:00:00+00:00,153.37,153.86,153.37,153.83,31.793
2025-07-03 05:00:00+00:00,153.86,155.72,153.86,155.72,148.332
2025-07-03 06:00:00+00:00,155.72,155.79,155.17,155.61,46.181
2025-07-03 07:00:00+00:00,155.11,155.71,154.77,155.67,111.461
2025-07-03 08:00:00+00:00,155.77,155.77,155.37,155.68,100.558
2025-07-03 09:00:00+00:00,155.15,156.11,155.12,155.76,265.292
2025-07-03 10:00:00+00:00,155.15,155.15,154.49,154.98,240.147
2025-07-03 11:00:00+00:00,155.04,155.04,154.12,154.64,59.907
2025-07-03 12:00:00+00:00,154.4,155.08,151.97,153.13,74.982
2025-07-03 13:00:00+00:00,153.14,154.54,153.1,154.51,466.5
2025-07-03 14:00:00+00:00,154.47,154.83,152.1,152.37,160.874
2025-07-03 15:00:00+00:00,152.37,152.37,149.82,149.89,423.285
2025-07-03 16:00:00+00:00,150.5,151.0,150.16,150.52,130.125
2025-07-03 17:00:00+00:00,151.0,151.6,151.0,151.46,34.452
2025-07-03 18:00:00+00:00,151.46,152.32,151.09,151.91,478.652
2025-07-03 19:00:00+00:00,152.09,152.1,151.61,151.84,50.285
2025-07-03 20:00:00+00:00,152.16,152.69,152.0,152.69,77.179
2025-07-03 21:00:00+00:00,152.73,153.15,152.56,152.9,90.239
2025-07-03 22:00:00+00:00,153.27,153.4,152.76,152.99,15.66
2025-07-03 23:00:00+00:00,153.25,153.25,152.25,152.66,3.475
2025-07-04 00:00:00+00:00,152.48,152.95,152.22,152.72,2.751
2025-07-04 01:00:00+00:00,153.14,153.14,152.64,152.67,472.806
2025-07-04 02:00:00+00:00,152.4,152.4,151.15,151.4,10.717
2025-07-04 03:00:00+00:00,151.26,151.93,151.08,151.93,11.008
2025-07-04 04:00:00+00:00,152.14,152.46,151.85,152.01,20.544
2025-07-04 05:00:00+00:00,151.92,153.73,151.92,152.79,45.487
2025-07-04 06:00:00+00:00,152.65,152.85,151.79,152.46,299.124
2025-07-04 07:00:00+00:00,151.86,151.86,145.0,150.14,615.229
2025-07-04 08:00:00+00:00,150.26,150.31,149.03,149.45,8.198
2025-07-04 09:00:00+00:00,150.18,150.75,150.18,150.72,8.258
2025-07-04 10:00:00+00:00,150.71,150.75,150.02,150.02,12.736
2025-07-04 11:00:00+00:00,149.96,150.46,149.96,150.06,3.268
2025-07-04 12:00:00+00:00,149.88,150.47,149.76,149.82,10.48
2025-07-04 13:00:00+00:00,150.5,151.2,148.57,148.57,193.06
2025-07-04 14:00:00+00:00,148.49,148.58,147.61,147.86,98.275
2025-07-04 15:00:00+00:00,147.97,148.27,146.41,146.53,324.428
2025-07-04 16:00:00+00:00,146.76,146.98,145.28,145.88,135.933
2025-07-04 17:00:00+00:00,146.2,146.66,145.8,146.65,202.73
2025-07-04 18:00:00+00:00,146.63,146.67,145.92,146.4,44.547
2025-07-04 19:00:00+00:00,146.81,146.83,146.27,146.61,64.154
2025-07-04 20:00:00+00:00,146.77,147.21,146.75,146.75,61.916
2025-07-04 21:00:00+00:00,146.72,147.25,146.5,147.25,21.255
2025-07-04 22:00:00+00:00,147.07,148.27,147.07,148.23,96.381
2025-07-04 23:00:00+00:00,147.93,147.93,147.49,147.49,32.56
2025-07-05 00:00:00+00:00,148.12,148.3,148.12,148.17,94.565
2025-07-05 01:00:00+00:00,148.3,148.3,147.76,147.99,8.742
2025-07-05 02:00:00+00:00,148.23,148.23,147.3,147.89,8.727
2025-07-05 03:00:00+00:00,148.05,148.35,147.87,147.88,60.701
2025-07-05 04:00:00+00:00,147.64,147.64,147.3,147.3,12.528
2025-07-05 05:00:00+00:00,147.17,147.21,146.84,147.07,16.97
2025-07-05 06:00:00+00:00,147.37,148.22,147.37,148.22,6.635
2025-07-05 07:00:00+00:00,148.21,148.21,147.7,147.7,36.729
2025-07-05 08:00:00+00:00,147.48,147.62,147.38,147.38,2.86
2025-07-05 09:00:00+00:00,147.09,147.09,147.06,147.06,0.151
2025-07-05 10:00:00+00:00,147.87,147.98,147.86,147.98,34.118
2025-07-05 11:00:00+00:00,148.18,148.5,148.18,148.27,28.913
2025-07-05 12:00:00+00:00,148.24,148.28,148.06,148.28,3.383
2025-07-05 13:00:00+00:00,148.1,148.52,148.03,148.03,32.956
2025-07-05 14:00:00+00:00,147.95,147.95,147.72,147.85,12.106
2025-07-05 15:00:00+00:00,147.94,148.21,147.1,147.1,102.913
2025-07-05 16:00:00+00:00,147.18,147.18,146.0,146.37,83.509
2025-07-05 17:00:00+00:00,146.86,147.09,146.69,146.87,1.774
2025-07-05 18:00:00+00:00,146.21,146.56,146.21,146.41,5.154
2025-07-05 19:00:00+00:00,146.41,146.93,146.26,146.93,60.133
2025-07-05 20:00:00+00:00,146.96,147.09,146.58,147.09,46.4
2025-07-05 21:00:00+00:00,147.02,147.46,147.02,147.46,6.962
2025-07-05 22:00:00+00:00,147.27,147.78,147.17,147.78,10.297
2025-07-05 23:00:00+00:00,147.97,148.0,147.52,147.52,4.672
2025-07-06 00:00:00+00:00,147.38,147.56,147.38,147.56,1.16
2025-07-06 01:00:00+00:00,147.6,147.6,146.98,147.27,48.828
2025-07-06 02:00:00+00:00,147.26,147.26,147.16,147.19,2.981
2025-07-06 03:00:00+00:00,147.1,147.14,147.1,147.14,3.393
2025-07-06 04:00:00+00:00,147.37,147.46,147.37,147.46,3.226
2025-07-06 05:00:00+00:00,147.37,147.39,147.1,147.21,10.656
2025-07-06 06:00:00+00:00,147.38,148.23,147.38,148.02,6.552
2025-07-06 07:00:00+00:00,148.1,148.47,148.09,148.09,77.474
2025-07-06 08:00:00+00:00,147.87,147.87,147.41,147.45,2.916
2025-07-06 09:00:00+00:00,147.51,147.59,147.0,147.0,3.619
2025-07-06 10:00:00+00:00,147.02,147.02,147.02,147.02,0.34
2025-07-06 11:00:00+00:00,147.66,147.95,147.66,147.95,7.546
2025-07-06 12:00:00+00:00,147.97,148.99,147.97,148.97,17.513
2025-07-06 13:00:00+00:00,149.19,151.89,149.15,151.3,179.302
2025-07-06 14:00:00+00:00,151.52,151.86,150.83,151.53,9.686
2025-07-06 15:00:00+00:00,151.57,151.78,150.95,150.95,61.184
2025-07-06 16:00:00+00:00,151.37,153.01,151.37,153.01,232.539
2025-07-06 17:00:00+00:00,152.49,152.78,152.28,152.49,2.809
2025-07-06 18:00:00+00:00,152.44,152.44,150.94,151.0,130.014
2025-07-06 19:00:00+00:00,151.38,151.63,150.76,151.22,27.225
2025-07-06 20:00:00+00:00,151.86,151.86,151.35,151.5,358.028
2025-07-06 21:00:00+00:00,151.74,153.67,151.62,152.07,63.427
2025-07-06 22:00:00+00:00,153.32,153.38,152.5,152.5,39.255
2025-07-06 23:00:00+00:00,151.89,152.06,151.31,151.82,243.668
2025-07-07 00:00:00+00:00,151.69,151.69,150.87,151.2,18.326
2025-07-07 01:00:00+00:00,151.1,151.24,150.43,151.24,14.238
2025-07-07 02:00:00+00:00,151.55,152.62,151.51,152.23,68.525
2025-07-07 03:00:00+00:00,152.1,152.79,151.82,152.06,13.588
2025-07-07 04:00:00+00:00,152.02,152.15,151.84,151.84,4.75
2025-07-07 05:00:00+00:00,152.06,152.11,151.77,151.94,10.893
2025-07-07 06:00:00+00:00,151.57,151.57,151.19,151.21,51.993
2025-07-07 07:00:00+00:00,151.24,152.35,150.86,152.22,13.012
2025-07-07 08:00:00+00:00,152.46,152.85,152.23,152.85,6.13
2025-07-07 09:00:00+00:00,152.38,152.5,152.31,152.41,37.525
2025-07-07 10:00:00+00:00,152.09,152.29,151.77,152.29,1.138
2025-07-07 11:00:00+00:00,152.28,153.43,152.24,153.01,8.165
2025-07-07 12:00:00+00:00,152.65,152.65,151.55,151.77,13.881
2025-07-07 13:00:00+00:00,151.78,153.09,151.32,153.09,240.816
2025-07-07 14:00:00+00:00,152.97,153.09,151.77,151.87,258.81
2025-07-07 15:00:00+00:00,151.8,152.37,151.11,151.11,50.659
2025-07-07 16:00:00+00:00,151.19,151.49,149.85,150.38,223.034
2025-07-07 17:00:00+00:00,150.53,150.64,149.74,149.74,748.016
2025-07-07 18:00:00+00:00,149.93,150.41,149.23,150.07,39.914
2025-07-07 19:00:00+00:00,150.07,150.72,148.74,148.97,48.964
2025-07-07 20:00:00+00:00,148.79,148.95,147.94,148.52,146.152
2025-07-07 21:00:00+00:00,148.6,148.7,147.91,148.7,13.735
2025-07-07 22:00:00+00:00,148.22,148.53,147.8,148.53,44.449
2025-07-07 23:00:00+00:00,148.72,148.98,148.67,148.98,6.793
2025-07-08 00:00:00+00:00,148.91,150.05,148.82,149.49,63.791
2025-07-08 01:00:00+00:00,149.0,149.19,148.71,149.11,3.214
2025-07-08 02:00:00+00:00,148.64,149.17,147.96,148.23,84.825
2025-07-08 03:00:00+00:00,148.38,149.04,148.28,148.83,13.108
2025-07-08 04:00:00+00:00,148.49,149.11,148.35,148.96,24.258
2025-07-08 05:00:00+00:00,148.96,149.24,148.79,149.24,3.538
2025-07-08 06:00:00+00:00,149.5,149.66,149.5,149.65,193.04
2025-07-08 07:00:00+00:00,149.07,149.31,149.04,149.31,2.245
2025-07-08 08:00:00+00:00,149.66,150.16,149.66,149.84,3.809
2025-07-08 09:00:00+00:00,149.84,150.46,149.84,150.46,1.109
2025-07-08 10:00:00+00:00,150.43,151.24,150.37,151.22,104.245
2025-07-08 11:00:00+00:00,151.25,151.58,151.21,151.46,4.858
2025-07-08 12:00:00+00:00,151.61,152.43,151.49,152.31,175.047
2025-07-08 13:00:00+00:00,152.44,152.72,151.69,152.21,68.976
2025-07-08 14:00:00+00:00,151.86,151.86,150.59,150.59,35.091
2025-07-08 15:00:00+00:00,150.91,151.09,149.76,149.8,40.224
2025-07-08 16:00:00+00:00,150.21,150.53,149.52,150.14,33.469
2025-07-08 17:00:00+00:00,150.65,152.25,150.65,152.24,63.763
2025-07-08 18:00:00+00:00,151.99,152.73,151.99,152.66,15.302
2025-07-08 19:00:00+00:00,152.32,152.51,151.55,151.55,52.742
2025-07-08 20:00:00+00:00,151.65,151.66,150.21,150.21,61.983
2025-07-08 21:00:00+00:00,150.21,150.83,150.18,150.52,21.425
2025-07-08 22:00:00+00:00,151.0,151.4,150.49,151.4,272.855
2025-07-08 23:00:00+00:00,151.4,151.81,151.34,151.81,65.088
2025-07-09 00:00:00+00:00,151.63,151.8,151.17,151.8,7.615
2025-07-09 01:00:00+00:00,151.8,152.32,151.21,151.49,25.111
2025-07-09 02:00:00+00:00,151.52,152.07,151.52,151.88,4.233
2025-07-09 03:00:00+00:00,152.06,152.06,151.17,151.31,23.182
2025-07-09 04:00:00+00:00,151.49,151.49,150.65,151.18,35.567
2025-07-09 05:00:00+00:00,151.46,153.78,151.38,153.16,159.782
2025-07-09 06:00:00+00:00,153.07,153.07,152.4,152.81,25.837
2025-07-09 07:00:00+00:00,153.05,153.21,152.64,152.92,4.553
2025-07-09 08:00:00+00:00,152.9,152.9,152.37,152.37,9.115
2025-07-09 09:00:00+00:00,152.49,152.5,152.47,152.47,1.743
2025-07-09 10:00:00+00:00,152.8,153.24,152.68,153.03,28.734
2025-07-09 11:00:00+00:00,153.38,154.28,153.37,153.85,94.709
2025-07-09 12:00:00+00:00,153.43,154.54,153.4,154.37,164.319
2025-07-09 13:00:00+00:00,154.37,154.74,153.82,153.82,205.138
2025-07-09 14:00:00+00:00,153.8,155.45,153.16,153.81,92.353
2025-07-09 15:00:00+00:00,153.69,154.56,153.5,153.98,23.362
2025-07-09 16:00:00+00:00,154.17,154.89,153.99,154.89,55.48
2025-07-09 17:00:00+00:00,154.83,154.93,153.38,153.74,21.872
2025-07-09 18:00:00+00:00,153.74,155.04,153.71,154.41,332.827
2025-07-09 19:00:00+00:00,154.58,157.75,154.52,157.18,643.52
2025-07-09 20:00:00+00:00,157.31,157.31,155.39,156.04,141.772
2025-07-09 21:00:00+00:00,156.04,157.61,156.04,156.95,243.076
2025-07-09 22:00:00+00:00,157.0,157.9,157.0,157.55,91.774
2025-07-09 23:00:00+00:00,157.53,157.75,157.02,157.02,182.259
2025-07-10 00:00:00+00:00,157.36,157.41,156.0,156.0,88.234
2025-07-10 01:00:00+00:00,156.28,157.88,156.15,157.72,45.997
2025-07-10 02:00:00+00:00,157.89,159.1,157.87,158.16,242.683
2025-07-10 03:00:00+00:00,158.16,158.16,156.46,157.37,299.308
2025-07-10 04:00:00+00:00,157.46,157.53,156.79,157.53,183.354
2025-07-10 05:00:00+00:00,157.61,157.61,156.91,157.29,29.26
2025-07-10 06:00:00+00:00,157.17,157.27,156.71,156.91,39.444
2025-07-10 07:00:00+00:00,157.89,158.5,157.89,157.92,177.197
2025-07-10 08:00:00+00:00,158.53,159.06,158.39,158.8,9.634
2025-07-10 09:00:00+00:00,158.68,158.75,157.99,158.07,4.517
2025-07-10 10:00:00+00:00,157.98,157.98,157.47,157.97,19.834
2025-07-10 11:00:00+00:00,157.75,157.75,157.25,157.7,44.42
2025-07-10 12:00:00+00:00,157.22,157.62,157.22,157.44,34.132
2025-07-10 13:00:00+00:00,157.8,158.36,156.87,156.9,49.388
2025-07-10 14:00:00+00:00,156.94,157.37,156.41,156.87,337.734
2025-07-10 15:00:00+00:00,157.0,157.0,155.81,156.12,18.198
2025-07-10 16:00:00+00:00,156.29,158.62,156.29,158.44,50.497
2025-07-10 17:00:00+00:00,158.25,161.02,158.08,160.94,676.417
2025-07-10 18:00:00+00:00,161.0,161.0,158.45,158.97,221.721
2025-07-10 19:00:00+00:00,158.98,159.61,158.63,158.9,14.288
2025-07-10 20:00:00+00:00,159.25,160.5,159.25,160.33,153.838
2025-07-10 21:00:00+00:00,160.32,164.17,160.32,163.8,1698.779
2025-07-10 22:00:00+00:00,163.8,165.16,163.37,164.75,389.33
2025-07-10 23:00:00+00:00,164.73,165.16,163.25,164.07,25.579
2025-07-11 00:00:00+00:00,164.35,164.35,162.11,163.15,231.551
2025-07-11 01:00:00+00:00,163.03,164.7,163.03,164.12,52.29
2025-07-11 02:00:00+00:00,164.11,165.04,164.11,165.04,113.106
2025-07-11 03:00:00+00:00,164.99,165.31,164.02,164.97,156.745
2025-07-11 04:00:00+00:00,165.16,165.16,164.1,164.83,78.873
2025-07-11 05:00:00+00:00,164.83,166.6,164.83,165.52,177.594
2025-07-11 06:00:00+00:00,165.39,165.85,163.63,163.68,191.029
2025-07-11 07:00:00+00:00,163.51,164.17,163.23,163.66,56.824
2025-07-11 08:00:00+00:00,163.63,163.91,163.42,163.64,18.691
2025-07-11 09:00:00+00:00,164.12,165.27,164.12,164.8,23.348
2025-07-11 10:00:00+00:00,164.46,165.12,164.46,164.71,14.492
2025-07-11 11:00:00+00:00,164.59,164.59,163.69,163.97,17.455
2025-07-11 12:00:00+00:00,164.02,165.12,163.42,165.12,229.575
2025-07-11 13:00:00+00:00,165.32,166.84,164.5,166.74,159.213
2025-07-11 14:00:00+00:00,166.39,168.0,165.62,166.45,533.448
2025-07-11 15:00:00+00:00,166.62,166.62,161.94,162.13,110.922
2025-07-11 16:00:00+00:00,161.86,163.02,161.39,162.99,276.316
2025-07-11 17:00:00+00:00,162.99,164.3,162.99,164.3,33.187
2025-07-11 18:00:00+00:00,164.3,164.8,163.69,164.3,167.267
2025-07-11 19:00:00+00:00,164.27,164.61,163.4,164.37,56.516
2025-07-11 20:00:00+00:00,164.24,164.8,162.62,162.62,32.777
2025-07-11 21:00:00+00:00,162.95,163.03,161.4,162.22,97.039
2025-07-11 22:00:00+00:00,162.22,162.67,159.71,161.57,119.044
2025-07-11 23:00:00+00:00,161.67,162.87,161.67,162.87,13.191
2025-07-12 00:00:00+00:00,162.88,163.31,161.93,162.99,64.855
2025-07-12 01:00:00+00:00,163.0,163.68,163.0,163.65,177.827
2025-07-12 02:00:00+00:00,163.48,163.9,163.08,163.08,61.003
2025-07-12 03:00:00+00:00,162.85,163.65,162.85,162.95,22.749
2025-07-12 04:00:00+00:00,163.2,163.2,162.39,162.4,41.404
2025-07-12 05:00:00+00:00,162.49,163.17,162.14,163.08,54.9
2025-07-12 06:00:00+00:00,162.58,163.52,162.58,163.52,3.514
2025-07-12 07:00:00+00:00,163.44,163.7,162.92,162.92,1.699
2025-07-12 08:00:00+00:00,163.45,163.45,162.39,162.58,1.08
2025-07-12 09:00:00+00:00,162.58,162.58,162.52,162.54,6.447
2025-07-12 10:00:00+00:00,162.58,162.77,162.22,162.52,2.254
2025-07-12 11:00:00+00:00,162.88,163.02,161.53,161.53,27.397
2025-07-12 12:00:00+00:00,161.65,161.77,158.95,159.51,92.296
2025-07-12 13:00:00+00:00,159.66,159.66,158.5,159.59,90.973
2025-07-12 14:00:00+00:00,159.5,160.42,158.98,158.98,28.729
2025-07-12 15:00:00+00:00,158.99,159.6,157.88,158.29,61.54
2025-07-12 16:00:00+00:00,158.23,159.25,158.08,158.77,93.152
2025-07-12 17:00:00+00:00,159.08,160.52,159.08,160.52,15.581
2025-07-12 18:00:00+00:00,160.37,160.6,160.08,160.25,78.747
2025-07-12 19:00:00+00:00,160.62,160.74,160.44,160.44,5.917
2025-07-12 20:00:00+00:00,160.83,160.83,159.25,159.25,82.874
2025-07-12 21:00:00+00:00,159.06,160.26,159.06,160.26,6.322
2025-07-12 22:00:00+00:00,160.15,160.33,159.73,160.2,3.969
2025-07-12 23:00:00+00:00,160.44,160.7,160.01,160.66,25.87
2025-07-13 00:00:00+00:00,160.61,161.58,160.52,161.02,27.988
2025-07-13 01:00:00+00:00,161.11,161.44,160.96,161.44,43.496
2025-07-13 02:00:00+00:00,161.46,161.67,160.62,161.55,46.842
2025-07-13 03:00:00+00:00,161.18,161.18,160.85,161.09,3.695
2025-07-13 04:00:00+00:00,161.67,162.0,161.51,162.0,116.551
2025-07-13 05:00:00+00:00,161.72,162.01,161.59,161.59,130.9
2025-07-13 06:00:00+00:00,161.53,162.08,161.53,161.66,4.83
2025-07-13 07:00:00+00:00,162.08,162.65,162.08,162.65,5.445
2025-07-13 08:00:00+00:00,162.35,162.35,161.89,162.0,12.545
2025-07-13 09:00:00+00:00,162.53,162.53,161.67,162.0,31.29
2025-07-13 10:00:00+00:00,161.81,161.83,161.81,161.83,0.375
2025-07-13 11:00:00+00:00,161.91,162.62,161.86,161.92,46.675
2025-07-13 12:00:00+00:00,162.13,162.73,161.89,162.73,11.33
2025-07-13 13:00:00+00:00,162.52,162.84,162.14,162.84,9.22
2025-07-13 14:00:00+00:00,162.94,163.98,162.45,162.68,40.072
2025-07-13 15:00:00+00:00,162.87,163.46,161.98,162.1,39.474
2025-07-13 16:00:00+00:00,162.1,162.35,161.06,161.08,137.883
2025-07-13 17:00:00+00:00,161.02,162.68,160.71,162.68,55.857
2025-07-13 18:00:00+00:00,162.47,163.19,162.39,163.01,204.286
2025-07-13 19:00:00+00:00,163.1,163.45,162.65,162.65,393.588
2025-07-13 20:00:00+00:00,162.55,162.97,162.03,162.36,34.427
2025-07-13 21:00:00+00:00,162.56,162.56,160.41,160.57,177.546
2025-07-13 22:00:00+00:00,160.21,161.06,159.73,160.74,363.21
2025-07-13 23:00:00+00:00,160.74,161.42,160.35,161.42,122.396
2025-07-14 00:00:00+00:00,161.21,162.31,160.64,161.65,61.322
2025-07-14 01:00:00+00:00,161.93,162.81,161.69,162.81,21.547
2025-07-14 02:00:00+00:00,162.82,165.27,162.82,165.1,346.945
2025-07-14 03:00:00+00:00,164.93,167.91,164.6,166.89,454.578
2025-07-14 04:00:00+00:00,166.94,167.78,166.89,167.55,187.928
2025-07-14 05:00:00+00:00,167.36,168.39,165.66,166.8,226.658
2025-07-14 06:00:00+00:00,166.34,166.34,165.48,165.8,24.012
2025-07-14 07:00:00+00:00,165.93,168.19,165.8,167.4,154.56
2025-07-14 08:00:00+00:00,167.27,167.27,166.28,167.09,181.8
2025-07-14 09:00:00+00:00,167.44,168.04,166.96,167.67,11.844
2025-07-14 10:00:00+00:00,167.12,167.67,166.42,167.67,3.75
2025-07-14 11:00:00+00:00,167.16,167.49,166.42,166.64,25.397
2025-07-14 12:00:00+00:00,166.62,167.41,166.62,166.76,63.112
2025-07-14 13:00:00+00:00,166.94,168.42,166.54,167.92,247.213
2025-07-14 14:00:00+00:00,168.01,168.58,165.62,166.62,154.866
2025-07-14 15:00:00+00:00,166.12,166.12,163.14,164.02,122.75
2025-07-14 16:00:00+00:00,164.02,165.33,163.45,165.33,65.475
2025-07-14 17:00:00+00:00,165.3,165.3,163.63,164.23,130.568
2025-07-14 18:00:00+00:00,164.29,164.29,162.78,162.78,70.291
2025-07-14 19:00:00+00:00,162.69,164.12,162.53,164.12,27.021
2025-07-14 20:00:00+00:00,163.91,163.91,162.09,163.34,27.291
2025-07-14 21:00:00+00:00,162.92,162.92,162.3,162.7,38.757
2025-07-14 22:00:00+00:00,162.16,162.68,161.84,162.36,137.134
2025-07-14 23:00:00+00:00,162.16,162.36,161.76,162.33,23.938
2025-07-15 00:00:00+00:00,162.12,162.77,161.27,161.37,77.841
2025-07-15 01:00:00+00:00,161.36,162.31,160.5,160.95,269.748
2025-07-15 02:00:00+00:00,161.29,161.38,159.27,160.69,412.778
2025-07-15 03:00:00+00:00,160.58,160.58,158.46,159.25,216.145
2025-07-15 04:00:00+00:00,158.77,160.06,158.42,160.06,97.097
2025-07-15 05:00:00+00:00,160.16,160.5,159.92,160.28,15.982
2025-07-15 06:00:00+00:00,160.15,160.71,160.15,160.21,16.748
2025-07-15 07:00:00+00:00,160.39,160.51,159.57,159.57,21.057
2025-07-15 08:00:00+00:00,159.5,159.61,158.5,159.17,36.352
2025-07-15 09:00:00+00:00,159.63,159.93,159.25,159.25,6.423
2025-07-15 10:00:00+00:00,159.11,159.73,159.11,159.73,2.583
2025-07-15 11:00:00+00:00,159.65,159.99,159.06,159.94,18.257
2025-07-15 12:00:00+00:00,159.69,160.69,158.5,160.04,56.354
2025-07-15 13:00:00+00:00,159.91,161.88,159.91,161.84,191.436
2025-07-15 14:00:00+00:00,161.18,162.08,157.36,157.82,70.608
2025-07-15 15:00:00+00:00,157.72,160.85,157.72,160.68,39.461
2025-07-15 16:00:00+00:00,160.89,161.5,160.53,161.46,54.828
2025-07-15 17:00:00+00:00,161.2,162.69,160.99,162.6,219.163
2025-07-15 18:00:00+00:00,162.84,163.57,160.9,162.1,163.325
2025-07-15 19:00:00+00:00,162.04,162.81,160.05,160.29,43.358
2025-07-15 20:00:00+00:00,160.36,161.18,159.83,160.66,61.388
2025-07-15 21:00:00+00:00,161.03,162.55,161.03,161.89,64.682
2025-07-15 22:00:00+00:00,161.67,162.3,161.52,162.3,59.053
2025-07-15 23:00:00+00:00,162.62,164.17,162.62,164.1,154.427
2025-07-16 00:00:00+00:00,164.11,165.19,163.35,164.78,215.003
2025-07-16 01:00:00+00:00,164.82,164.86,163.85,163.85,60.369
2025-07-16 02:00:00+00:00,163.9,163.9,161.64,162.11,37.932
2025-07-16 03:00:00+00:00,161.98,162.66,161.98,162.54,136.314
2025-07-16 04:00:00+00:00,162.65,162.83,161.97,162.62,12.718
2025-07-16 05:00:00+00:00,162.84,163.55,162.84,163.05,40.379
2025-07-16 06:00:00+00:00,163.04,163.84,162.62,163.78,31.124
2025-07-16 07:00:00+00:00,164.01,164.52,164.01,164.48,11.591
2025-07-16 08:00:00+00:00,163.92,165.43,163.9,165.42,174.819
2025-07-16 09:00:00+00:00,165.43,167.38,165.43,167.04,123.667
2025-07-16 10:00:00+00:00,167.29,167.44,166.09,166.11,100.687
2025-07-16 11:00:00+00:00,166.05,166.68,165.96,166.5,25.884
2025-07-16 12:00:00+00:00,166.74,167.44,166.62,167.07,61.11
2025-07-16 13:00:00+00:00,166.65,167.27,166.34,167.27,584.167
2025-07-16 14:00:00+00:00,167.28,167.87,166.62,167.58,780.544
2025-07-16 15:00:00+00:00,167.63,168.6,165.58,168.34,205.384
2025-07-16 16:00:00+00:00,168.65,173.08,168.65,172.23,1274.288
2025-07-16 17:00:00+00:00,172.42,174.33,172.12,173.59,440.005
2025-07-16 18:00:00+00:00,173.87,174.73,173.04,173.52,1043.84
2025-07-16 19:00:00+00:00,173.4,174.33,172.7,174.33,204.256
2025-07-16 20:00:00+00:00,174.36,174.93,173.72,174.52,372.922
2025-07-16 21:00:00+00:00,174.66,175.74,174.04,174.42,426.296
2025-07-16 22:00:00+00:00,174.66,175.73,173.42,173.83,131.613
2025-07-16 23:00:00+00:00,173.8,173.84,172.32,173.52,46.985
2025-07-17 00:00:00+00:00,173.65,174.77,173.19,173.19,517.153
2025-07-17 01:00:00+00:00,172.98,173.19,169.68,171.21,83.167
2025-07-17 02:00:00+00:00,171.37,171.91,170.41,171.21,248.834
2025-07-17 03:00:00+00:00,171.31,171.31,168.66,169.48,625.467
2025-07-17 04:00:00+00:00,169.52,171.15,169.32,171.15,34.519
2025-07-17 05:00:00+00:00,171.08,171.99,170.63,171.96,34.003
2025-07-17 06:00:00+00:00,171.99,173.81,171.73,173.81,30.185
2025-07-17 07:00:00+00:00,173.29,174.05,171.98,174.05,1051.876
2025-07-17 08:00:00+00:00,173.75,173.94,172.78,173.74,8.911
2025-07-17 09:00:00+00:00,173.81,178.0,173.81,177.1,466.348
2025-07-17 10:00:00+00:00,177.19,177.62,175.89,176.66,72.033
2025-07-17 11:00:00+00:00,176.42,176.57,175.31,176.32,130.71
2025-07-17 12:00:00+00:00,175.94,177.46,174.74,176.81,134.723
2025-07-17 13:00:00+00:00,176.73,177.02,172.94,174.58,209.446
2025-07-17 14:00:00+00:00,174.35,175.19,173.81,174.88,130.377
2025-07-17 15:00:00+00:00,174.83,175.07,173.1,174.2,441.389
2025-07-17 16:00:00+00:00,174.37,174.64,171.58,172.36,71.495
2025-07-17 17:00:00+00:00,172.92,174.24,172.77,174.24,29.687
2025-07-17 18:00:00+00:00,174.24,174.83,173.52,174.63,193.24
2025-07-17 19:00:00+00:00,174.77,175.38,172.98,172.98,74.532
2025-07-17 20:00:00+00:00,173.0,173.55,171.59,173.08,158.594
2025-07-17 21:00:00+00:00,173.57,176.37,173.57,175.75,180.967
2025-07-17 22:00:00+00:00,175.92,177.21,174.87,175.52,292.933
2025-07-17 23:00:00+00:00,175.45,176.78,175.38,175.56,49.735
2025-07-18 00:00:00+00:00,175.94,179.66,175.39,179.61,145.067
2025-07-18 01:00:00+00:00,179.53,181.15,178.81,180.04,622.541
2025-07-18 02:00:00+00:00,180.29,180.42,178.83,179.65,63.927
2025-07-18 03:00:00+00:00,179.52,181.0,179.43,180.5,66.533
2025-07-18 04:00:00+00:00,180.9,181.85,179.81,181.64,157.3
2025-07-18 05:00:00+00:00,181.64,184.08,181.34,183.28,1630.46
2025-07-18 06:00:00+00:00,183.5,183.54,182.4,183.36,639.958
2025-07-18 07:00:00+00:00,183.5,184.08,181.01,181.01,30.323
2025-07-18 08:00:00+00:00,181.54,181.85,178.68,179.7,134.653
2025-07-18 09:00:00+00:00,179.13,179.98,179.13,179.81,16.057
2025-07-18 10:00:00+00:00,179.93,179.93,178.07,179.45,29.816
2025-07-18 11:00:00+00:00,179.39,179.39,177.34,178.68,672.204
2025-07-18 12:00:00+00:00,178.66,180.09,178.66,180.09,26.685
2025-07-18 13:00:00+00:00,179.92,181.97,179.26,180.8,320.616
2025-07-18 14:00:00+00:00,180.75,181.52,176.88,178.83,225.488
2025-07-18 15:00:00+00:00,178.05,178.66,175.0,176.98,201.504
2025-07-18 16:00:00+00:00,177.06,178.95,176.39,178.05,42.807
2025-07-18 17:00:00+00:00,178.52,179.0,177.84,178.69,136.031
2025-07-18 18:00:00+00:00,178.55,178.67,177.7,178.1,383.936
2025-07-18 19:00:00+00:00,177.61,178.41,176.25,176.55,336.468
2025-07-18 20:00:00+00:00,176.98,177.0,173.31,175.71,266.51
2025-07-18 21:00:00+00:00,175.31,176.86,175.31,175.92,42.291
2025-07-18 22:00:00+00:00,176.0,176.89,174.96,176.2,45.991
2025-07-18 23:00:00+00:00,175.5,177.39,175.3,177.13,17.018
2025-07-19 00:00:00+00:00,177.32,177.32,175.23,175.23,21.831
2025-07-19 01:00:00+00:00,175.19,176.77,174.21,176.64,101.801
2025-07-19 02:00:00+00:00,176.48,177.23,175.72,177.0,44.921
2025-07-19 03:00:00+00:00,177.06,177.53,176.95,177.11,18.095
2025-07-19 04:00:00+00:00,177.35,177.61,177.21,177.36,28.756
2025-07-19 05:00:00+00:00,177.29,177.62,176.92,177.48,6.796
2025-07-19 06:00:00+00:00,177.47,177.64,176.25,176.25,108.318
2025-07-19 07:00:00+00:00,176.39,177.12,176.17,177.12,0.883
2025-07-19 08:00:00+00:00,176.74,176.74,175.61,176.19,1.957
2025-07-19 09:00:00+00:00,176.19,176.77,176.19,176.77,3.3
2025-07-19 10:00:00+00:00,176.69,177.51,176.61,177.51,5.683
2025-07-19 11:00:00+00:00,177.61,177.61,176.36,176.75,7.432
2025-07-19 12:00:00+00:00,176.45,177.27,175.9,177.27,159.269
2025-07-19 13:00:00+00:00,177.27,177.75,176.99,177.75,11.993
2025-07-19 14:00:00+00:00,177.6,177.6,174.96,174.96,23.265
2025-07-19 15:00:00+00:00,175.37,177.44,175.37,177.42,36.234
2025-07-19 16:00:00+00:00,177.16,177.75,176.7,177.74,69.249
2025-07-19 17:00:00+00:00,177.35,177.7,176.25,176.36,30.304
2025-07-19 18:00:00+00:00,176.2,177.32,176.19,176.73,8.343
2025-07-19 19:00:00+00:00,177.15,177.88,176.45,176.7,88.843
2025-07-19 20:00:00+00:00,177.1,178.37,177.0,177.87,100.936
2025-07-19 21:00:00+00:00,177.51,177.73,175.21,175.97,90.42
2025-07-19 22:00:00+00:00,175.75,176.6,175.39,176.42,14.441
2025-07-19 23:00:00+00:00,176.41,176.9,176.41,176.7,27.62
2025-07-20 00:00:00+00:00,176.98,177.91,176.45,177.5,45.338
2025-07-20 01:00:00+00:00,177.7,179.48,177.7,177.99,267.681
2025-07-20 02:00:00+00:00,177.92,177.92,177.22,177.58,22.447
2025-07-20 03:00:00+00:00,177.7,178.81,177.04,178.02,64.769
2025-07-20 04:00:00+00:00,177.73,178.26,177.64,177.64,13.655
2025-07-20 05:00:00+00:00,177.57,177.97,177.14,177.95,34.729
2025-07-20 06:00:00+00:00,177.85,177.85,176.96,177.62,2.649
2025-07-20 07:00:00+00:00,177.95,178.53,177.95,178.23,6.633
2025-07-20 08:00:00+00:00,178.03,180.39,178.03,180.39,84.135
2025-07-20 09:00:00+00:00,180.43,181.21,179.92,180.42,34.27
2025-07-20 10:00:00+00:00,179.67,180.46,179.67,179.67,40.651
2025-07-20 11:00:00+00:00,179.84,180.75,179.48,180.75,4.483
2025-07-20 12:00:00+00:00,180.21,181.72,180.16,181.72,242.491
2025-07-20 13:00:00+00:00,181.72,182.98,181.48,182.98,278.878
2025-07-20 14:00:00+00:00,182.97,182.97,180.86,180.86,55.55
2025-07-20 15:00:00+00:00,180.8,182.01,180.24,181.86,41.347
2025-07-20 16:00:00+00:00,182.1,183.0,181.85,182.0,114.158
2025-07-20 17:00:00+00:00,181.86,181.86,180.43,180.57,470.682
2025-07-20 18:00:00+00:00,180.7,182.5,180.38,182.5,473.144
2025-07-20 19:00:00+00:00,182.46,183.44,181.74,182.01,455.321
2025-07-20 20:00:00+00:00,181.64,182.23,180.7,181.3,43.053
2025-07-20 21:00:00+00:00,181.3,182.18,180.8,182.03,67.469
2025-07-20 22:00:00+00:00,181.48,181.56,177.88,180.7,276.996
2025-07-20 23:00:00+00:00,180.21,181.62,179.64,181.46,115.216
2025-07-21 00:00:00+00:00,181.5,181.5,178.58,180.07,45.264
2025-07-21 01:00:00+00:00,180.21,180.5,178.37,180.13,77.295
2025-07-21 02:00:00+00:00,180.15,184.32,180.15,183.75,177.069
2025-07-21 03:00:00+00:00,184.32,186.76,183.85,186.72,591.788
2025-07-21 04:00:00+00:00,186.72,187.0,185.79,185.79,638.998
2025-07-21 05:00:00+00:00,185.84,188.67,185.07,188.04,163.305
2025-07-21 06:00:00+00:00,188.51,189.56,187.84,189.56,211.304
2025-07-21 07:00:00+00:00,189.43,190.46,189.18,189.63,443.934
2025-07-21 08:00:00+00:00,189.64,191.76,189.46,190.73,343.683
2025-07-21 09:00:00+00:00,190.76,191.59,190.07,191.59,469.296
2025-07-21 10:00:00+00:00,191.56,191.79,190.87,190.94,59.109
2025-07-21 11:00:00+00:00,191.3,192.71,190.81,191.67,284.414
2025-07-21 12:00:00+00:00,191.48,191.77,190.4,191.69,85.699
2025-07-21 13:00:00+00:00,191.15,193.32,190.3,192.58,659.751
2025-07-21 14:00:00+00:00,192.49,195.21,191.59,195.21,534.328
2025-07-21 15:00:00+00:00,195.13,199.16,195.13,196.68,782.626
2025-07-21 16:00:00+00:00,196.95,196.98,193.47,195.72,302.927
2025-07-21 17:00:00+00:00,195.03,196.69,194.68,196.0,297.819
2025-07-21 18:00:00+00:00,196.3,197.17,193.6,193.93,85.585
2025-07-21 19:00:00+00:00,193.7,195.44,193.04,194.36,170.119
2025-07-21 20:00:00+00:00,194.43,196.55,193.9,193.99,252.599
2025-07-21 21:00:00+00:00,193.9,196.52,193.74,196.52,32.351
2025-07-21 22:00:00+00:00,196.2,197.68,195.63,197.37,96.035
2025-07-21 23:00:00+00:00,197.46,197.46,195.73,195.73,73.463
2025-07-22 00:00:00+00:00,196.3,198.87,196.11,197.81,112.717
2025-07-22 01:00:00+00:00,197.54,202.19,193.9,202.06,766.727
2025-07-22 02:00:00+00:00,201.85,204.63,201.26,201.83,585.228
2025-07-22 03:00:00+00:00,202.02,202.84,197.57,199.62,195.969
2025-07-22 04:00:00+00:00,200.05,200.05,194.37,194.98,1379.165
2025-07-22 05:00:00+00:00,195.45,199.01,195.33,196.36,125.31
2025-07-22 06:00:00+00:00,196.85,200.72,196.8,198.86,243.525
2025-07-22 07:00:00+00:00,198.99,201.3,197.54,197.54,175.397
2025-07-22 08:00:00+00:00,197.42,197.42,194.33,196.89,150.657
2025-07-22 09:00:00+00:00,196.04,199.04,194.75,197.68,37.503
2025-07-22 10:00:00+00:00,197.6,199.05,197.6,199.05,8.982
2025-07-22 11:00:00+00:00,198.71,200.05,197.81,200.05,161.482
2025-07-22 12:00:00+00:00,200.05,203.56,199.26,203.06,107.463
2025-07-22 13:00:00+00:00,203.1,204.0,198.4,199.19,234.076
2025-07-22 14:00:00+00:00,198.41,202.15,197.11,202.15,419.974
2025-07-22 15:00:00+00:00,202.19,204.88,201.5,201.5,314.223
2025-07-22 16:00:00+00:00,201.47,204.11,200.89,203.71,427.584
2025-07-22 17:00:00+00:00,203.33,203.6,200.92,202.86,170.105
2025-07-22 18:00:00+00:00,202.79,203.5,201.32,202.29,475.173
2025-07-22 19:00:00+00:00,202.82,202.82,198.75,198.83,283.446
2025-07-22 20:00:00+00:00,198.75,201.06,198.75,201.06,72.681
2025-07-22 21:00:00+00:00,201.02,201.9,199.7,201.7,14.252
2025-07-22 22:00:00+00:00,201.92,202.68,201.65,202.02,365.167
2025-07-22 23:00:00+00:00,202.02,206.22,202.02,205.85,700.787
2025-07-23 00:00:00+00:00,205.83,205.83,203.58,204.82,107.729
2025-07-23 01:00:00+00:00,203.85,204.32,202.75,202.89,129.548
2025-07-23 02:00:00+00:00,202.74,203.52,201.76,202.49,142.775
2025-07-23 03:00:00+00:00,202.18,202.62,201.1,201.11,27.564
2025-07-23 04:00:00+00:00,201.65,202.33,201.24,201.69,115.311
2025-07-23 05:00:00+00:00,201.15,201.87,200.98,201.87,51.89
2025-07-23 06:00:00+00:00,201.54,201.83,200.07,200.23,37.557
2025-07-23 07:00:00+00:00,200.38,201.13,199.2,199.48,224.584
2025-07-23 08:00:00+00:00,199.14,199.86,199.0,199.61,4.563
2025-07-23 09:00:00+00:00,200.03,200.06,197.27,197.85,230.826
2025-07-23 10:00:00+00:00,197.63,197.88,196.22,197.87,45.521
2025-07-23 11:00:00+00:00,197.22,197.95,197.09,197.35,5.445
2025-07-23 12:00:00+00:00,197.26,197.42,193.91,194.27,272.911
2025-07-23 13:00:00+00:00,194.34,194.91,188.03,189.53,639.517
2025-07-23 14:00:00+00:00,189.1,192.22,188.97,191.38,152.909
2025-07-23 15:00:00+00:00,191.59,192.68,189.77,192.57,79.618
2025-07-23 16:00:00+00:00,192.55,192.55,188.4,188.4,458.126
2025-07-23 17:00:00+00:00,188.76,189.23,186.06,188.76,458.436
2025-07-23 18:00:00+00:00,188.94,190.14,188.48,190.08,53.379
2025-07-23 19:00:00+00:00,190.2,190.2,188.27,188.53,13.963
2025-07-23 20:00:00+00:00,188.78,189.25,184.6,186.9,487.993
2025-07-23 21:00:00+00:00,186.96,188.04,184.22,187.93,392.49
2025-07-23 22:00:00+00:00,187.4,189.66,186.83,189.5,169.069
2025-07-23 23:00:00+00:00,189.11,190.0,189.11,189.16,136.388
2025-07-24 00:00:00+00:00,189.28,190.86,188.88,190.86,214.837
2025-07-24 01:00:00+00:00,190.8,191.5,189.36,191.5,61.017
2025-07-24 02:00:00+00:00,191.57,191.57,190.43,191.17,7.592
2025-07-24 03:00:00+00:00,191.09,191.78,189.98,189.98,35.771
2025-07-24 04:00:00+00:00,189.96,190.12,185.6,186.2,89.572
2025-07-24 05:00:00+00:00,186.14,186.23,181.53,181.8,206.362
2025-07-24 06:00:00+00:00,181.81,183.95,180.16,181.42,58.291
2025-07-24 07:00:00+00:00,180.75,184.22,179.42,184.22,116.129
2025-07-24 08:00:00+00:00,183.5,186.2,183.5,186.14,32.31
2025-07-24 09:00:00+00:00,186.28,186.3,184.6,185.3,3.353
2025-07-24 10:00:00+00:00,184.93,186.03,183.19,184.68,7.127
2025-07-24 11:00:00+00:00,184.92,186.84,184.89,186.57,20.772
2025-07-24 12:00:00+00:00,186.34,186.7,184.68,186.02,13.498
2025-07-24 13:00:00+00:00,186.02,187.32,184.46,184.46,78.46
2025-07-24 14:00:00+00:00,184.38,189.92,183.5,189.38,2245.43
2025-07-24 15:00:00+00:00,189.55,207.61,169.5,188.79,3126.865
2025-07-24 16:00:00+00:00,188.77,188.77,184.94,185.43,175.73
2025-07-24 17:00:00+00:00,185.73,189.62,185.73,188.67,49.57
2025-07-24 18:00:00+00:00,188.8,189.8,187.95,189.47,31.681
2025-07-24 19:00:00+00:00,189.61,189.93,187.97,187.97,361.57
2025-07-24 20:00:00+00:00,187.95,188.99,187.63,188.94,13.953
2025-07-24 21:00:00+00:00,188.8,188.8,185.7,185.7,105.769
2025-07-24 22:00:00+00:00,185.66,185.76,183.52,183.77,210.08
2025-07-24 23:00:00+00:00,183.5,183.67,182.22,182.79,221.562
2025-07-25 00:00:00+00:00,182.77,182.77,180.81,181.93,181.668
2025-07-25 01:00:00+00:00,181.88,183.16,181.47,183.16,43.09
2025-07-25 02:00:00+00:00,182.97,183.29,178.97,179.5,367.327
2025-07-25 03:00:00+00:00,179.18,179.58,176.02,177.77,724.686
2025-07-25 04:00:00+00:00,177.86,179.54,176.39,179.54,134.095
2025-07-25 05:00:00+00:00,179.54,179.91,178.19,178.83,23.351
2025-07-25 06:00:00+00:00,178.37,178.91,177.52,178.21,191.296
2025-07-25 07:00:00+00:00,177.76,178.79,176.1,177.61,20.455
2025-07-25 08:00:00+00:00,177.85,179.19,177.06,177.83,11.584
2025-07-25 09:00:00+00:00,177.79,180.76,177.55,180.64,49.112
2025-07-25 10:00:00+00:00,180.77,181.56,179.93,180.7,19.679
2025-07-25 11:00:00+00:00,181.01,181.98,181.01,181.11,7.739
2025-07-25 12:00:00+00:00,181.39,181.8,180.07,180.8,19.138
2025-07-25 13:00:00+00:00,180.42,181.46,179.93,181.06,37.346
2025-07-25 14:00:00+00:00,181.17,181.17,176.72,176.74,316.46
2025-07-25 15:00:00+00:00,176.78,178.67,176.47,178.3,15.654
2025-07-25 16:00:00+00:00,178.7,179.83,177.61,179.83,75.599
2025-07-25 17:00:00+00:00,179.86,180.96,179.64,180.89,45.567
2025-07-25 18:00:00+00:00,180.8,182.51,180.8,182.43,240.415
2025-07-25 19:00:00+00:00,182.48,182.62,181.45,182.39,81.886
2025-07-25 20:00:00+00:00,182.14,184.3,182.14,183.91,93.17
2025-07-25 21:00:00+00:00,183.93,185.11,183.93,184.96,150.937
2025-07-25 22:00:00+00:00,185.05,186.23,184.96,186.2,65.25
2025-07-25 23:00:00+00:00,185.92,186.58,185.8,186.58,12.808
2025-07-26 00:00:00+00:00,186.62,186.85,185.83,185.83,33.197
2025-07-26 01:00:00+00:00,185.76,186.03,184.58,184.58,17.301
2025-07-26 02:00:00+00:00,184.98,186.83,184.78,186.59,33.188
2025-07-26 03:00:00+00:00,186.39,186.39,185.67,186.27,20.303
2025-07-26 04:00:00+00:00,186.05,186.3,185.74,185.99,27.042
2025-07-26 05:00:00+00:00,185.94,187.0,185.63,186.77,8.465
2025-07-26 06:00:00+00:00,186.76,186.76,185.97,186.19,3.613
2025-07-26 07:00:00+00:00,186.19,186.52,186.19,186.22,61.723
2025-07-26 08:00:00+00:00,186.45,187.67,186.45,187.67,17.007
2025-07-26 09:00:00+00:00,187.72,189.04,187.5,189.04,459.056
2025-07-26 10:00:00+00:00,189.03,189.59,188.31,188.31,21.18
2025-07-26 11:00:00+00:00,188.18,188.44,187.31,187.76,13.096
2025-07-26 12:00:00+00:00,187.74,188.29,187.74,187.95,14.047
2025-07-26 13:00:00+00:00,187.74,187.85,187.34,187.45,3.694
2025-07-26 14:00:00+00:00,187.34,187.77,186.37,186.37,55.794
2025-07-26 15:00:00+00:00,186.42,187.5,186.2,187.4,108.007
2025-07-26 16:00:00+00:00,187.63,187.63,186.61,186.72,285.697
2025-07-26 17:00:00+00:00,186.75,186.75,185.51,185.67,244.141
2025-07-26 18:00:00+00:00,185.62,186.34,185.21,186.22,19.362
2025-07-26 19:00:00+00:00,186.48,186.58,185.77,186.39,20.805
2025-07-26 20:00:00+00:00,186.01,186.11,185.8,186.11,40.837
2025-07-26 21:00:00+00:00,185.89,186.24,185.52,186.24,28.241
2025-07-26 22:00:00+00:00,186.24,186.52,185.08,185.08,249.99
2025-07-26 23:00:00+00:00,185.08,185.14,184.39,184.88,50.881
2025-07-27 00:00:00+00:00,184.8,185.5,184.77,185.5,15.399
2025-07-27 01:00:00+00:00,185.34,186.52,185.0,186.23,51.505
2025-07-27 02:00:00+00:00,186.23,187.0,186.11,187.0,61.617
2025-07-27 03:00:00+00:00,187.0,187.3,186.25,186.99,243.822
2025-07-27 04:00:00+00:00,186.99,187.38,186.84,187.18,24.175
2025-07-27 05:00:00+00:00,187.48,188.0,187.25,187.68,31.276
2025-07-27 06:00:00+00:00,187.85,187.85,187.13,187.46,32.501
2025-07-27 07:00:00+00:00,186.83,187.64,186.83,187.42,0.432
2025-07-27 08:00:00+00:00,187.17,187.17,186.31,186.65,3.197
2025-07-27 09:00:00+00:00,186.69,187.23,186.3,186.75,2.548
2025-07-27 10:00:00+00:00,186.79,188.2,186.79,188.2,4.75
2025-07-27 11:00:00+00:00,187.95,188.28,186.94,186.94,35.4
2025-07-27 12:00:00+00:00,187.04,187.04,185.7,186.33,8.092
2025-07-27 13:00:00+00:00,186.68,186.68,185.55,185.75,22.44
2025-07-27 14:00:00+00:00,186.13,186.49,185.38,185.38,126.295
2025-07-27 15:00:00+00:00,185.55,186.49,185.07,186.45,20.525
2025-07-27 16:00:00+00:00,186.83,189.67,186.83,187.63,355.922
2025-07-27 17:00:00+00:00,187.61,187.95,186.14,187.95,50.097
2025-07-27 18:00:00+00:00,187.9,188.75,187.69,188.6,15.977
2025-07-27 19:00:00+00:00,188.44,188.44,186.95,186.95,7.182
2025-07-27 20:00:00+00:00,187.39,188.05,186.83,186.83,6.714
2025-07-27 21:00:00+00:00,187.21,187.63,186.76,187.63,14.851
2025-07-27 22:00:00+00:00,187.95,190.41,187.95,189.02,364.835
2025-07-27 23:00:00+00:00,188.89,188.89,187.32,188.56,59.988
2025-07-28 00:00:00+00:00,188.51,190.98,188.15,189.96,160.957
2025-07-28 01:00:00+00:00,189.1,190.06,187.86,187.96,17.204
2025-07-28 02:00:00+00:00,188.32,191.99,187.95,191.45,118.915
2025-07-28 03:00:00+00:00,191.5,193.6,191.45,193.2,400.334
2025-07-28 04:00:00+00:00,193.55,193.74,192.63,192.82,92.285
2025-07-28 05:00:00+00:00,193.23,195.04,192.82,194.2,213.045
2025-07-28 06:00:00+00:00,194.2,194.46,193.67,194.05,46.055
2025-07-28 07:00:00+00:00,194.13,194.13,191.88,192.42,69.438
2025-07-28 08:00:00+00:00,192.51,192.67,191.39,192.58,44.544
2025-07-28 09:00:00+00:00,192.68,193.18,192.16,193.18,30.404
2025-07-28 10:00:00+00:00,193.2,193.2,191.9,192.38,11.937
2025-07-28 11:00:00+00:00,191.89,191.89,190.84,191.7,21.596
2025-07-28 12:00:00+00:00,192.04,193.26,191.6,193.11,17.332
2025-07-28 13:00:00+00:00,192.33,192.44,189.49,190.27,60.899
2025-07-28 14:00:00+00:00,190.21,190.61,186.83,187.19,238.638
2025-07-28 15:00:00+00:00,187.42,188.89,186.67,187.5,72.931
2025-07-28 16:00:00+00:00,187.1,187.84,186.29,186.88,37.221
2025-07-28 17:00:00+00:00,186.81,186.85,185.58,186.07,254.532
2025-07-28 18:00:00+00:00,185.88,185.94,183.69,185.39,262.061
2025-07-28 19:00:00+00:00,185.72,186.37,183.87,185.36,469.092
2025-07-28 20:00:00+00:00,185.52,185.52,182.64,184.74,326.153
2025-07-28 21:00:00+00:00,184.52,185.15,183.52,184.17,7.489
2025-07-28 22:00:00+00:00,184.31,184.42,182.41,183.52,43.623
2025-07-28 23:00:00+00:00,183.2,184.21,182.39,182.39,1406.078
2025-07-29 00:00:00+00:00,183.01,184.9,181.32,182.46,93.365
2025-07-29 01:00:00+00:00,182.89,184.05,182.41,182.41,98.632
2025-07-29 02:00:00+00:00,181.83,182.41,181.0,182.01,86.474
2025-07-29 03:00:00+00:00,182.4,184.52,182.4,184.52,213.173
2025-07-29 04:00:00+00:00,184.52,184.62,183.3,183.59,84.212
2025-07-29 05:00:00+00:00,183.42,184.79,183.42,184.79,42.14
2025-07-29 06:00:00+00:00,184.93,185.44,184.73,185.02,30.728
2025-07-29 07:00:00+00:00,185.52,186.49,185.33,186.13,9.189
2025-07-29 08:00:00+00:00,186.0,186.0,184.99,184.99,19.793
2025-07-29 09:00:00+00:00,184.93,185.15,184.61,184.71,13.185
2025-07-29 10:00:00+00:00,184.26,184.26,182.35,182.35,18.594
2025-07-29 11:00:00+00:00,182.46,183.41,182.46,182.72,60.948
2025-07-29 12:00:00+00:00,183.28,184.29,182.81,184.09,11.204
2025-07-29 13:00:00+00:00,184.0,184.87,182.41,182.41,191.408
2025-07-29 14:00:00+00:00,182.41,182.41,179.87,180.56,317.107
2025-07-29 15:00:00+00:00,180.33,181.47,179.56,181.28,110.498
2025-07-29 16:00:00+00:00,180.71,180.71,178.52,180.07,80.572
2025-07-29 17:00:00+00:00,180.11,181.65,180.11,181.59,52.179
2025-07-29 18:00:00+00:00,180.97,182.05,180.97,181.52,8.614
2025-07-29 19:00:00+00:00,181.4,182.24,180.63,181.7,231.004
2025-07-29 20:00:00+00:00,181.25,181.77,179.7,179.83,179.714
2025-07-29 21:00:00+00:00,179.54,181.46,179.47,181.46,84.257
2025-07-29 22:00:00+00:00,181.56,181.58,180.77,181.58,25.255
2025-07-29 23:00:00+00:00,181.61,181.64,181.04,181.61,53.375
2025-07-30 00:00:00+00:00,181.37,181.37,179.49,180.39,29.462
2025-07-30 01:00:00+00:00,180.35,181.72,179.19,181.72,56.762
2025-07-30 02:00:00+00:00,181.57,182.39,181.45,182.31,30.512
2025-07-30 03:00:00+00:00,181.67,182.15,181.61,182.15,35.339
2025-07-30 04:00:00+00:00,182.13,182.15,180.42,180.63,42.025
2025-07-30 05:00:00+00:00,180.46,181.01,179.62,181.01,36.708
2025-07-30 06:00:00+00:00,181.01,181.56,181.01,181.56,31.383
2025-07-30 07:00:00+00:00,182.0,182.46,180.48,180.83,31.713
2025-07-30 08:00:00+00:00,180.48,181.35,180.0,181.35,4.996
2025-07-30 09:00:00+00:00,180.52,180.93,178.83,179.5,11.186
2025-07-30 10:00:00+00:00,179.69,180.05,178.07,178.07,11.712
2025-07-30 11:00:00+00:00,178.29,178.69,176.67,177.42,323.861
2025-07-30 12:00:00+00:00,177.06,177.95,177.0,177.71,18.52
2025-07-30 13:00:00+00:00,177.91,178.13,177.0,178.13,34.71
2025-07-30 14:00:00+00:00,178.13,180.47,178.13,180.21,53.005
2025-07-30 15:00:00+00:00,180.21,180.21,178.44,178.98,8.16
2025-07-30 16:00:00+00:00,179.38,180.02,178.57,178.68,90.587
2025-07-30 17:00:00+00:00,178.93,179.06,178.29,178.83,33.369
2025-07-30 18:00:00+00:00,179.38,180.05,176.01,176.01,205.012
2025-07-30 19:00:00+00:00,176.0,176.36,171.0,176.35,587.24
2025-07-30 20:00:00+00:00,176.19,177.39,176.01,176.17,135.061
2025-07-30 21:00:00+00:00,176.32,176.42,174.96,175.8,35.067
2025-07-30 22:00:00+00:00,176.14,176.59,175.23,176.59,31.989
2025-07-30 23:00:00+00:00,176.43,178.13,176.43,177.69,41.596
2025-07-31 00:00:00+00:00,177.75,179.53,177.73,179.43,209.275
2025-07-31 01:00:00+00:00,179.49,180.03,179.06,179.64,75.445
2025-07-31 02:00:00+00:00,179.77,180.38,179.26,180.38,20.469
2025-07-31 03:00:00+00:00,180.2,180.43,180.11,180.43,3.472
2025-07-31 04:00:00+00:00,180.36,180.77,180.0,180.75,30.047
2025-07-31 05:00:00+00:00,180.73,181.34,180.73,180.93,125.317
2025-07-31 06:00:00+00:00,180.89,181.56,180.1,181.21,60.33
2025-07-31 07:00:00+00:00,181.13,181.37,180.95,181.07,18.535
2025-07-31 08:00:00+00:00,181.39,182.03,181.39,181.75,78.602
2025-07-31 09:00:00+00:00,181.79,182.53,181.79,182.53,16.408
2025-07-31 10:00:00+00:00,182.43,182.49,181.58,181.58,11.822
2025-07-31 11:00:00+00:00,181.46,181.46,180.42,180.56,3.821
2025-07-31 12:00:00+00:00,180.92,180.92,179.01,179.55,42.72
2025-07-31 13:00:00+00:00,179.2,179.2,176.84,177.81,52.43
2025-07-31 14:00:00+00:00,178.12,178.12,175.84,175.84,99.17
2025-07-31 15:00:00+00:00,175.78,177.49,175.5,177.21,30.478
2025-07-31 16:00:00+00:00,177.16,179.67,177.16,179.49,91.126
2025-07-31 17:00:00+00:00,179.18,179.18,176.98,177.2,23.316
2025-07-31 18:00:00+00:00,177.52,178.11,176.01,177.83,22.057
2025-07-31 19:00:00+00:00,177.83,178.07,175.0,175.0,90.411
2025-07-31 20:00:00+00:00,175.09,175.88,174.44,175.57,64.363
2025-07-31 21:00:00+00:00,175.45,175.45,172.77,173.78,124.847
2025-07-31 22:00:00+00:00,173.73,174.17,172.58,172.92,88.838
2025-07-31 23:00:00+00:00,173.05,173.71,171.71,172.28,126.273
2025-08-01 00:00:00+00:00,171.97,172.2,167.72,170.37,443.508
2025-08-01 01:00:00+00:00,170.41,170.81,168.42,169.12,64.803
2025-08-01 02:00:00+00:00,169.65,171.8,169.65,171.49,132.169
2025-08-01 03:00:00+00:00,171.34,172.09,171.11,171.11,24.201
2025-08-01 04:00:00+00:00,171.11,171.11,169.48,170.02,83.639
2025-08-01 05:00:00+00:00,170.17,170.2,168.53,169.0,22.812
2025-08-01 06:00:00+00:00,168.42,169.47,168.14,169.47,88.38
2025-08-01 07:00:00+00:00,169.8,170.04,168.45,168.88,14.26
2025-08-01 08:00:00+00:00,168.73,168.73,166.57,168.69,120.596
2025-08-01 09:00:00+00:00,168.79,168.79,167.78,167.85,15.327
2025-08-01 10:00:00+00:00,167.33,168.69,167.33,168.23,8.939
2025-08-01 11:00:00+00:00,168.21,169.14,167.86,169.13,16.253
2025-08-01 12:00:00+00:00,169.13,170.0,168.66,169.42,120.007
2025-08-01 13:00:00+00:00,169.0,169.83,165.08,165.76,907.745
2025-08-01 14:00:00+00:00,165.62,169.64,164.89,169.44,171.919
2025-08-01 15:00:00+00:00,169.34,169.4,167.41,168.62,334.304
2025-08-01 16:00:00+00:00,169.16,169.7,166.47,166.73,263.471
2025-08-01 17:00:00+00:00,166.7,167.96,165.66,166.4,276.112
2025-08-01 18:00:00+00:00,166.87,167.21,165.33,165.71,87.534
2025-08-01 19:00:00+00:00,165.98,167.42,165.61,166.72,26.31
2025-08-01 20:00:00+00:00,166.5,166.51,162.0,163.6,367.104
2025-08-01 21:00:00+00:00,164.14,164.93,164.09,164.71,114.14
2025-08-01 22:00:00+00:00,164.09,164.26,159.34,161.63,720.047
2025-08-01 23:00:00+00:00,161.62,163.0,161.07,163.0,141.039
2025-08-02 00:00:00+00:00,163.02,164.58,162.86,164.43,47.631
2025-08-02 01:00:00+00:00,164.64,164.8,164.07,164.8,197.406
2025-08-02 02:00:00+00:00,164.8,164.92,164.44,164.44,15.28
2025-08-02 03:00:00+00:00,164.55,164.78,164.29,164.32,136.707
2025-08-02 04:00:00+00:00,164.66,165.24,164.18,165.15,42.023
2025-08-02 05:00:00+00:00,165.24,165.24,164.72,164.72,3.868
2025-08-02 06:00:00+00:00,164.47,164.47,162.07,162.7,55.601
2025-08-02 07:00:00+00:00,163.02,164.43,162.51,164.43,30.042
2025-08-02 08:00:00+00:00,164.43,164.64,163.59,163.59,21.804
2025-08-02 09:00:00+00:00,164.35,164.4,163.45,163.72,7.884
2025-08-02 10:00:00+00:00,163.06,163.21,162.39,162.53,8.189
2025-08-02 11:00:00+00:00,163.21,165.06,162.33,164.62,9.361
2025-08-02 12:00:00+00:00,164.16,164.44,163.81,164.44,14.397
2025-08-02 13:00:00+00:00,164.25,164.8,164.09,164.61,23.444
2025-08-02 14:00:00+00:00,164.58,164.76,162.39,162.92,98.409
2025-08-02 15:00:00+00:00,163.15,163.61,161.36,161.72,113.082
2025-08-02 16:00:00+00:00,161.44,161.99,160.37,161.17,127.575
2025-08-02 17:00:00+00:00,161.46,162.27,158.62,158.62,304.971
2025-08-02 18:00:00+00:00,158.94,159.55,156.03,156.03,166.454
2025-08-02 19:00:00+00:00,156.58,158.44,156.52,157.42,77.926
2025-08-02 20:00:00+00:00,157.6,158.82,157.6,158.81,120.35
2025-08-02 21:00:00+00:00,158.94,159.48,158.24,159.04,69.045
2025-08-02 22:00:00+00:00,159.51,159.51,157.94,159.03,28.454
2025-08-02 23:00:00+00:00,158.97,159.15,157.31,158.59,34.277
2025-08-03 00:00:00+00:00,158.7,159.69,156.53,159.61,57.815
2025-08-03 01:00:00+00:00,159.74,160.12,159.4,159.68,15.693
2025-08-03 02:00:00+00:00,159.93,160.63,159.93,160.59,103.892
2025-08-03 03:00:00+00:00,160.36,161.09,160.36,161.09,43.822
2025-08-03 04:00:00+00:00,160.6,160.71,160.11,160.13,8.337
2025-08-03 05:00:00+00:00,160.5,160.88,160.2,160.32,11.914
2025-08-03 06:00:00+00:00,160.43,160.81,160.18,160.51,8.054
2025-08-03 07:00:00+00:00,160.99,161.44,160.99,161.38,31.701
2025-08-03 08:00:00+00:00,161.46,161.78,161.0,161.0,16.082
2025-08-03 09:00:00+00:00,161.4,161.45,160.88,160.88,10.858
2025-08-03 10:00:00+00:00,161.48,161.66,161.48,161.66,77.019
2025-08-03 11:00:00+00:00,161.73,162.9,161.71,161.95,86.644
2025-08-03 12:00:00+00:00,161.44,162.31,161.03,162.13,32.914
2025-08-03 13:00:00+00:00,161.71,162.0,160.88,161.25,9.326
2025-08-03 14:00:00+00:00,161.33,161.66,160.48,161.28,130.697
2025-08-03 15:00:00+00:00,161.17,162.13,160.81,162.06,46.62
2025-08-03 16:00:00+00:00,161.7,162.33,161.32,162.33,30.483
2025-08-03 17:00:00+00:00,162.24,162.68,161.82,161.94,276.53
2025-08-03 18:00:00+00:00,161.98,161.98,161.36,161.77,42.665
2025-08-03 19:00:00+00:00,161.86,162.68,161.51,161.6,56.321
2025-08-03 20:00:00+00:00,161.62,161.62,160.79,161.56,78.869
2025-08-03 21:00:00+00:00,161.22,162.24,161.22,162.24,45.575
2025-08-03 22:00:00+00:00,162.32,162.33,161.03,161.99,80.464
2025-08-03 23:00:00+00:00,161.99,163.15,161.83,162.2,145.284
2025-08-04 00:00:00+00:00,161.64,164.53,161.48,164.53,116.544
2025-08-04 01:00:00+00:00,164.48,164.8,163.29,163.29,64.983
2025-08-04 02:00:00+00:00,163.35,164.16,162.82,164.16,21.414
2025-08-04 03:00:00+00:00,164.32,164.34,162.92,162.92,22.712
2025-08-04 04:00:00+00:00,163.41,163.41,162.33,162.63,20.178
2025-08-04 05:00:00+00:00,162.4,162.44,161.69,162.28,31.806
2025-08-04 06:00:00+00:00,162.21,162.29,161.52,161.52,2.384
2025-08-04 07:00:00+00:00,162.27,163.19,162.27,163.19,0.954
2025-08-04 08:00:00+00:00,163.45,163.81,163.08,163.81,11.163
2025-08-04 09:00:00+00:00,163.55,163.71,162.55,162.55,5.731
2025-08-04 10:00:00+00:00,162.39,162.71,162.33,162.33,5.942
2025-08-04 11:00:00+00:00,162.33,162.41,161.81,162.09,70.513
2025-08-04 12:00:00+00:00,162.65,163.51,162.65,163.51,12.536
2025-08-04 13:00:00+00:00,163.64,165.51,163.46,165.18,248.658
2025-08-04 14:00:00+00:00,165.48,166.82,164.78,165.14,138.989
2025-08-04 15:00:00+00:00,165.48,165.92,164.8,165.52,101.153
2025-08-04 16:00:00+00:00,165.55,168.01,165.55,168.01,72.288
2025-08-04 17:00:00+00:00,167.82,169.7,167.77,167.78,131.573
2025-08-04 18:00:00+00:00,168.0,168.17,166.33,166.33,71.812
2025-08-04 19:00:00+00:00,166.5,166.5,165.09,165.15,151.667
2025-08-04 20:00:00+00:00,165.39,168.29,165.38,166.92,83.734
2025-08-04 21:00:00+00:00,167.75,168.75,167.67,168.28,4.545
2025-08-04 22:00:00+00:00,168.75,169.43,168.23,169.43,30.735
2025-08-04 23:00:00+00:00,169.43,169.71,168.98,169.46,29.136
2025-08-05 00:00:00+00:00,169.59,169.68,168.69,169.22,69.344
2025-08-05 01:00:00+00:00,169.17,169.96,168.22,168.22,27.417
2025-08-05 02:00:00+00:00,168.48,169.24,168.0,169.14,11.585
2025-08-05 03:00:00+00:00,169.24,169.31,167.73,168.01,14.695
2025-08-05 04:00:00+00:00,168.02,168.4,167.29,167.49,20.587
2025-08-05 05:00:00+00:00,167.67,168.28,167.51,168.28,48.297
2025-08-05 06:00:00+00:00,168.73,169.16,167.66,167.66,8.292
2025-08-05 07:00:00+00:00,167.61,168.26,165.89,166.21,20.208
2025-08-05 08:00:00+00:00,166.16,167.13,165.78,167.13,8.795
2025-08-05 09:00:00+00:00,167.02,169.24,167.02,169.07,12.054
2025-08-05 10:00:00+00:00,168.58,171.65,168.58,170.7,115.529
2025-08-05 11:00:00+00:00,171.03,171.44,170.85,170.87,50.852
2025-08-05 12:00:00+00:00,170.88,170.88,166.92,167.19,149.886
2025-08-05 13:00:00+00:00,167.27,168.0,166.76,168.0,47.807
2025-08-05 14:00:00+00:00,167.51,167.51,163.81,164.0,109.02
2025-08-05 15:00:00+00:00,164.08,165.06,163.25,163.63,46.968
2025-08-05 16:00:00+00:00,163.87,164.77,162.96,164.03,131.03
2025-08-05 17:00:00+00:00,163.85,164.81,163.33,164.81,50.541
2025-08-05 18:00:00+00:00,164.79,164.79,163.2,163.82,28.19
2025-08-05 19:00:00+00:00,164.11,164.54,162.53,163.02,35.172
2025-08-05 20:00:00+00:00,162.9,163.69,162.87,162.91,11.731
2025-08-05 21:00:00+00:00,163.28,163.45,161.86,161.86,48.105
2025-08-05 22:00:00+00:00,161.79,163.95,161.52,163.94,97.902
2025-08-05 23:00:00+00:00,164.03,164.52,163.99,164.19,15.81
2025-08-06 00:00:00+00:00,164.12,164.12,162.76,162.76,176.92
2025-08-06 01:00:00+00:00,162.6,162.79,161.86,162.47,166.319
2025-08-06 02:00:00+00:00,162.73,163.14,162.4,162.64,15.618
2025-08-06 03:00:00+00:00,162.22,162.47,161.26,162.19,55.038
2025-08-06 04:00:00+00:00,161.89,162.03,161.36,162.03,6.286
2025-08-06 05:00:00+00:00,162.05,164.58,162.05,164.39,172.536
2025-08-06 06:00:00+00:00,164.3,164.3,163.49,163.66,15.407
2025-08-06 07:00:00+00:00,164.37,164.47,164.37,164.47,1.409
2025-08-06 08:00:00+00:00,163.45,164.07,162.84,163.23,45.09
2025-08-06 09:00:00+00:00,163.11,164.45,163.09,163.64,53.203
2025-08-06 10:00:00+00:00,163.07,163.7,163.07,163.7,445.777
2025-08-06 11:00:00+00:00,163.74,164.31,163.74,164.25,81.729
2025-08-06 12:00:00+00:00,164.58,164.64,162.63,163.66,23.075
2025-08-06 13:00:00+00:00,163.65,164.58,163.45,164.05,31.913
2025-08-06 14:00:00+00:00,164.58,167.78,164.58,167.78,61.645
2025-08-06 15:00:00+00:00,167.91,169.24,167.58,169.24,88.482
2025-08-06 16:00:00+00:00,169.14,169.24,167.4,168.0,31.897
2025-08-06 17:00:00+00:00,167.86,169.0,167.2,169.0,115.503
2025-08-06 18:00:00+00:00,169.0,169.82,168.2,168.33,143.257
2025-08-06 19:00:00+00:00,168.65,168.9,167.94,168.5,24.613
2025-08-06 20:00:00+00:00,168.37,168.82,167.9,168.05,211.252
2025-08-06 21:00:00+00:00,168.2,168.49,167.39,167.94,53.159
2025-08-06 22:00:00+00:00,168.15,168.4,167.75,168.2,49.612
2025-08-06 23:00:00+00:00,168.11,168.36,167.88,167.96,17.806
2025-08-07 00:00:00+00:00,167.95,168.38,167.66,168.03,57.319
2025-08-07 01:00:00+00:00,167.88,168.93,167.63,168.36,30.512
2025-08-07 02:00:00+00:00,167.78,167.94,166.67,166.67,13.173
2025-08-07 03:00:00+00:00,167.11,167.4,166.42,167.08,64.097
2025-08-07 04:00:00+00:00,166.86,167.42,166.85,166.98,23.244
2025-08-07 05:00:00+00:00,167.44,168.59,167.18,168.59,32.807
2025-08-07 06:00:00+00:00,168.68,169.7,168.48,169.08,171.005
2025-08-07 07:00:00+00:00,169.57,170.13,169.57,169.7,36.532
2025-08-07 08:00:00+00:00,170.32,170.32,169.48,169.48,5.511
2025-08-07 09:00:00+00:00,169.16,169.49,169.12,169.34,35.6
2025-08-07 10:00:00+00:00,170.09,173.11,170.09,172.77,301.867
2025-08-07 11:00:00+00:00,173.25,173.25,172.67,172.92,75.384
2025-08-07 12:00:00+00:00,172.99,172.99,171.82,172.33,46.213
2025-08-07 13:00:00+00:00,172.34,172.46,171.08,171.76,24.431
2025-08-07 14:00:00+00:00,171.72,171.72,170.16,170.41,22.196
2025-08-07 15:00:00+00:00,170.25,170.73,169.88,170.16,173.313
2025-08-07 16:00:00+00:00,170.5,170.57,167.13,168.66,59.868
2025-08-07 17:00:00+00:00,168.16,169.44,167.97,169.11,23.495
2025-08-07 18:00:00+00:00,169.43,169.8,169.13,169.8,12.152
2025-08-07 19:00:00+00:00,169.88,171.82,169.88,171.82,32.108
2025-08-07 20:00:00+00:00,171.82,173.0,171.8,172.53,167.261
2025-08-07 21:00:00+00:00,172.79,174.06,172.79,173.64,129.468
2025-08-07 22:00:00+00:00,173.83,174.88,173.7,174.88,23.193
2025-08-07 23:00:00+00:00,174.77,175.5,174.33,175.49,127.12
2025-08-08 00:00:00+00:00,175.45,175.47,173.65,174.35,88.673
2025-08-08 01:00:00+00:00,174.15,174.62,173.6,174.36,68.57
2025-08-08 02:00:00+00:00,174.51,175.17,173.9,175.17,36.193
2025-08-08 03:00:00+00:00,175.05,175.72,174.59,174.86,305.076
2025-08-08 04:00:00+00:00,174.45,175.18,174.01,174.58,39.553
2025-08-08 05:00:00+00:00,174.43,174.77,174.21,174.62,22.99
2025-08-08 06:00:00+00:00,174.3,175.03,173.92,175.03,22.613
2025-08-08 07:00:00+00:00,175.03,177.68,174.42,177.38,82.165
2025-08-08 08:00:00+00:00,177.48,177.68,174.98,175.33,41.439
2025-08-08 09:00:00+00:00,175.39,176.06,175.2,176.02,14.099
2025-08-08 10:00:00+00:00,176.02,176.77,175.92,176.77,64.611
2025-08-08 11:00:00+00:00,176.6,177.75,176.6,177.75,112.928
2025-08-08 12:00:00+00:00,177.52,177.52,176.26,176.6,26.531
2025-08-08 13:00:00+00:00,176.64,178.55,175.68,178.55,248.224
2025-08-08 14:00:00+00:00,178.42,178.84,175.71,176.26,188.923
2025-08-08 15:00:00+00:00,176.25,176.58,174.55,174.66,196.909
2025-08-08 16:00:00+00:00,175.53,176.2,174.98,175.78,51.505
2025-08-08 17:00:00+00:00,176.04,179.16,175.68,179.16,454.75
2025-08-08 18:00:00+00:00,179.16,179.51,177.48,177.48,255.31
2025-08-08 19:00:00+00:00,177.5,178.47,177.39,178.47,192.171
2025-08-08 20:00:00+00:00,178.5,178.5,177.37,178.09,137.425
2025-08-08 21:00:00+00:00,178.09,178.44,177.56,177.8,37.117
2025-08-08 22:00:00+00:00,177.72,177.89,177.21,177.45,26.837
2025-08-08 23:00:00+00:00,177.54,177.82,176.64,176.7,98.68
2025-08-09 00:00:00+00:00,176.85,177.15,176.67,176.94,34.503
2025-08-09 01:00:00+00:00,176.7,178.79,176.7,178.63,153.489
2025-08-09 02:00:00+00:00,178.77,178.77,177.58,177.7,35.385
2025-08-09 03:00:00+00:00,177.59,177.77,177.14,177.29,42.735
2025-08-09 04:00:00+00:00,177.1,178.78,177.06,178.78,43.128
2025-08-09 05:00:00+00:00,178.68,182.0,178.67,181.0,280.466
2025-08-09 06:00:00+00:00,180.77,180.97,179.33,179.76,57.065
2025-08-09 07:00:00+00:00,179.67,180.69,179.6,180.4,11.439
2025-08-09 08:00:00+00:00,180.7,181.35,180.7,181.3,126.339
2025-08-09 09:00:00+00:00,181.3,182.5,181.29,182.31,192.939
2025-08-09 10:00:00+00:00,182.39,183.04,181.91,182.17,217.465
2025-08-09 11:00:00+00:00,181.89,182.02,180.71,180.89,270.842
2025-08-09 12:00:00+00:00,180.64,182.16,180.34,182.16,36.258
2025-08-09 13:00:00+00:00,182.37,182.37,179.92,179.92,17.889
2025-08-09 14:00:00+00:00,179.93,181.2,179.19,181.2,84.127
2025-08-09 15:00:00+00:00,181.2,181.55,179.79,179.97,107.253
2025-08-09 16:00:00+00:00,180.33,180.61,179.62,179.62,100.48
2025-08-09 17:00:00+00:00,179.97,182.02,179.97,181.49,139.793
2025-08-09 18:00:00+00:00,181.77,182.21,181.43,182.11,163.867
2025-08-09 19:00:00+00:00,181.7,182.57,181.64,182.07,68.879
2025-08-09 20:00:00+00:00,182.07,183.2,181.68,182.95,200.452
2025-08-09 21:00:00+00:00,182.8,183.21,180.79,181.32,704.55
2025-08-09 22:00:00+00:00,181.36,182.3,180.07,180.07,77.58
2025-08-09 23:00:00+00:00,180.07,180.38,179.91,180.35,53.242
2025-08-10 00:00:00+00:00,180.06,182.69,179.92,182.49,442.333
2025-08-10 01:00:00+00:00,182.49,184.53,181.8,184.21,666.939
2025-08-10 02:00:00+00:00,184.54,184.88,182.97,182.97,559.548
2025-08-10 03:00:00+00:00,183.09,185.89,183.09,185.26,157.677
2025-08-10 04:00:00+00:00,185.08,186.05,184.31,185.17,94.928
2025-08-10 05:00:00+00:00,185.04,185.25,181.88,182.13,82.357
2025-08-10 06:00:00+00:00,182.21,182.45,180.48,181.36,48.828
2025-08-10 07:00:00+00:00,181.17,181.43,178.07,178.32,182.199
2025-08-10 08:00:00+00:00,178.7,180.71,177.63,180.71,180.095
2025-08-10 09:00:00+00:00,180.68,180.88,180.46,180.46,8.931
2025-08-10 10:00:00+00:00,180.95,180.95,179.01,179.58,26.005
2025-08-10 11:00:00+00:00,179.19,180.57,178.8,180.15,83.024
2025-08-10 12:00:00+00:00,180.31,180.33,179.35,179.77,50.377
2025-08-10 13:00:00+00:00,179.75,180.44,179.19,179.19,7.78
2025-08-10 14:00:00+00:00,178.83,182.22,178.63,181.63,32.407
2025-08-10 15:00:00+00:00,181.73,182.41,181.39,181.51,24.419
2025-08-10 16:00:00+00:00,181.31,182.27,181.2,182.05,93.252
2025-08-10 17:00:00+00:00,181.64,182.08,181.56,181.8,7.44
2025-08-10 18:00:00+00:00,181.75,182.84,181.75,182.51,35.174
2025-08-10 19:00:00+00:00,182.48,183.18,182.48,182.88,51.657
2025-08-10 20:00:00+00:00,183.07,183.33,181.4,182.92,66.56
2025-08-10 21:00:00+00:00,182.91,183.85,181.55,182.97,67.646
2025-08-10 22:00:00+00:00,183.14,183.69,182.82,182.82,70.569
2025-08-10 23:00:00+00:00,183.05,183.31,182.17,182.93,23.91
2025-08-11 00:00:00+00:00,182.53,182.95,181.67,181.67,42.318
2025-08-11 01:00:00+00:00,181.56,183.77,181.37,183.63,242.709
2025-08-11 02:00:00+00:00,183.64,185.68,183.58,185.32,216.319
2025-08-11 03:00:00+00:00,185.31,185.5,183.49,185.19,261.287
2025-08-11 04:00:00+00:00,184.87,186.29,184.87,186.05,213.528
2025-08-11 05:00:00+00:00,186.04,186.5,185.0,185.42,300.078
2025-08-11 06:00:00+00:00,185.6,185.6,184.55,185.1,103.299
2025-08-11 07:00:00+00:00,184.54,185.11,183.14,183.14,68.132
2025-08-11 08:00:00+00:00,183.0,184.46,182.38,184.46,32.126
2025-08-11 09:00:00+00:00,184.29,184.61,183.03,183.15,337.602
2025-08-11 10:00:00+00:00,183.0,183.22,181.75,181.96,77.669
2025-08-11 11:00:00+00:00,182.36,182.36,178.62,179.27,366.121
2025-08-11 12:00:00+00:00,179.25,179.54,178.12,178.51,86.677
2025-08-11 13:00:00+00:00,178.76,180.0,177.47,179.51,216.31
2025-08-11 14:00:00+00:00,179.51,180.27,178.59,178.8,328.134
2025-08-11 15:00:00+00:00,178.8,180.01,177.88,180.01,406.271
2025-08-11 16:00:00+00:00,180.05,181.55,178.57,179.2,53.761
2025-08-11 17:00:00+00:00,179.21,179.48,178.13,178.61,24.791
2025-08-11 18:00:00+00:00,178.49,178.49,176.93,178.37,95.764
2025-08-11 19:00:00+00:00,178.37,178.37,175.77,176.49,259.081
2025-08-11 20:00:00+00:00,176.24,176.77,175.83,175.83,387.077
2025-08-11 21:00:00+00:00,176.47,176.47,174.13,175.01,80.405
2025-08-11 22:00:00+00:00,174.94,175.0,173.68,174.83,149.506
2025-08-11 23:00:00+00:00,174.69,175.05,174.42,175.03,71.056
2025-08-12 00:00:00+00:00,174.68,175.87,174.68,175.87,56.686
2025-08-12 01:00:00+00:00,175.52,176.29,175.13,176.22,166.051
2025-08-12 02:00:00+00:00,176.06,176.69,175.96,176.29,73.312
2025-08-12 03:00:00+00:00,176.02,176.32,175.71,176.05,228.459
2025-08-12 04:00:00+00:00,175.57,176.67,175.54,176.63,1.548
2025-08-12 05:00:00+00:00,176.21,176.37,174.25,174.83,307.627
2025-08-12 06:00:00+00:00,174.76,175.35,173.84,174.66,84.127
2025-08-12 07:00:00+00:00,174.9,176.02,174.9,175.81,35.621
2025-08-12 08:00:00+00:00,175.45,176.39,175.45,175.83,14.989
2025-08-12 09:00:00+00:00,175.95,175.95,174.71,174.72,81.127
2025-08-12 10:00:00+00:00,174.48,175.0,174.11,174.78,184.011
2025-08-12 11:00:00+00:00,174.75,175.17,173.8,175.17,102.216
2025-08-12 12:00:00+00:00,175.07,178.61,175.0,178.03,318.731
2025-08-12 13:00:00+00:00,178.01,178.44,176.18,176.69,138.021
2025-08-12 14:00:00+00:00,176.7,179.66,176.25,179.66,91.7
2025-08-12 15:00:00+00:00,179.67,181.91,179.32,181.65,277.452
2025-08-12 16:00:00+00:00,181.66,185.2,180.89,185.02,521.681
2025-08-12 17:00:00+00:00,185.2,187.0,184.61,185.82,867.19
2025-08-12 18:00:00+00:00,186.14,189.01,186.14,188.05,762.278
2025-08-12 19:00:00+00:00,188.58,190.86,188.23,190.8,703.728
2025-08-12 20:00:00+00:00,190.8,191.57,189.61,191.53,267.786
2025-08-12 21:00:00+00:00,191.53,193.51,190.58,192.58,256.286
2025-08-12 22:00:00+00:00,192.04,193.07,191.14,191.69,223.403
2025-08-12 23:00:00+00:00,191.74,192.88,191.26,191.95,103.965
2025-08-13 00:00:00+00:00,191.84,194.5,191.67,193.94,186.995
2025-08-13 01:00:00+00:00,193.6,194.89,192.22,194.45,456.459
2025-08-13 02:00:00+00:00,193.77,198.5,193.44,198.5,1106.073
2025-08-13 03:00:00+00:00,198.4,199.28,196.92,198.08,455.003
2025-08-13 04:00:00+00:00,197.74,199.9,197.31,198.7,518.338
2025-08-13 05:00:00+00:00,198.68,198.68,196.09,196.63,128.649
2025-08-13 06:00:00+00:00,196.63,196.96,195.16,195.86,29.63
2025-08-13 07:00:00+00:00,196.07,198.74,195.9,198.74,97.108
2025-08-13 08:00:00+00:00,198.74,198.76,197.47,198.38,229.732
2025-08-13 09:00:00+00:00,198.79,202.46,198.72,201.91,433.367
2025-08-13 10:00:00+00:00,202.09,202.28,200.92,201.62,430.714
2025-08-13 11:00:00+00:00,201.39,201.75,200.46,201.0,128.459
2025-08-13 12:00:00+00:00,201.1,202.42,200.8,201.44,346.034
2025-08-13 13:00:00+00:00,201.58,204.9,200.67,202.37,981.746
2025-08-13 14:00:00+00:00,202.37,202.97,196.15,197.24,477.873
2025-08-13 15:00:00+00:00,196.64,198.5,194.4,197.43,377.6
2025-08-13 16:00:00+00:00,197.57,199.77,197.08,197.94,247.735
2025-08-13 17:00:00+00:00,198.33,200.01,198.24,199.07,153.568
2025-08-13 18:00:00+00:00,198.96,200.54,198.07,199.48,222.043
2025-08-13 19:00:00+00:00,199.58,202.02,199.04,202.02,424.72
2025-08-13 20:00:00+00:00,202.08,202.08,199.98,200.14,129.558
2025-08-13 21:00:00+00:00,200.17,201.3,199.96,201.1,45.073
2025-08-13 22:00:00+00:00,201.22,202.67,200.37,200.64,238.008
2025-08-13 23:00:00+00:00,201.42,203.2,200.73,201.37,105.325
2025-08-14 00:00:00+00:00,201.66,203.9,200.84,201.54,458.369
2025-08-14 01:00:00+00:00,201.3,204.55,200.75,202.71,593.344
2025-08-14 02:00:00+00:00,202.79,207.97,201.91,207.26,979.913
2025-08-14 03:00:00+00:00,207.15,208.86,206.06,208.31,554.447
2025-08-14 04:00:00+00:00,207.98,209.61,207.3,208.5,184.045
2025-08-14 05:00:00+00:00,208.06,209.67,206.43,206.93,396.393
2025-08-14 06:00:00+00:00,206.48,207.93,204.28,207.6,385.558
2025-08-14 07:00:00+00:00,207.6,207.6,204.84,204.84,28.554
2025-08-14 08:00:00+00:00,205.92,205.93,202.75,203.08,77.717
2025-08-14 09:00:00+00:00,203.14,205.63,203.03,205.63,50.546
2025-08-14 10:00:00+00:00,205.4,205.42,202.0,202.81,766.415
2025-08-14 11:00:00+00:00,203.08,203.66,201.99,203.37,41.638
2025-08-14 12:00:00+00:00,203.85,205.26,190.36,194.5,1605.359
2025-08-14 13:00:00+00:00,194.29,196.61,187.0,195.08,885.064
2025-08-14 14:00:00+00:00,194.96,198.66,193.55,196.22,228.479
2025-08-14 15:00:00+00:00,196.88,196.88,194.64,195.13,213.332
2025-08-14 16:00:00+00:00,194.91,194.91,190.7,193.07,397.091
2025-08-14 17:00:00+00:00,193.08,195.28,191.66,193.96,267.057
2025-08-14 18:00:00+00:00,192.94,194.47,191.59,193.56,41.501
2025-08-14 19:00:00+00:00,193.52,194.87,193.07,193.07,121.291
2025-08-14 20:00:00+00:00,192.92,192.97,191.7,192.46,25.202
2025-08-14 21:00:00+00:00,191.92,192.13,187.51,190.08,410.593
2025-08-14 22:00:00+00:00,189.86,191.85,189.65,191.85,109.415
2025-08-14 23:00:00+00:00,191.67,193.0,191.58,192.52,51.592
2025-08-15 00:00:00+00:00,192.24,193.8,192.12,192.88,34.76
2025-08-15 01:00:00+00:00,192.88,193.99,192.03,193.75,335.796
2025-08-15 02:00:00+00:00,193.72,194.31,193.19,193.33,221.811
2025-08-15 03:00:00+00:00,193.33,195.43,193.05,194.86,85.651
2025-08-15 04:00:00+00:00,195.05,195.44,194.28,194.49,422.445
2025-08-15 05:00:00+00:00,194.88,196.09,194.23,196.09,35.448
2025-08-15 06:00:00+00:00,196.19,197.6,196.02,196.61,188.905
2025-08-15 07:00:00+00:00,197.49,197.49,196.51,196.89,117.741
2025-08-15 08:00:00+00:00,197.33,197.54,196.54,197.22,18.229
2025-08-15 09:00:00+00:00,196.95,197.05,193.82,193.82,18.919
2025-08-15 10:00:00+00:00,194.3,195.86,194.3,194.77,7.468
2025-08-15 11:00:00+00:00,195.13,195.36,193.78,194.68,87.071
2025-08-15 12:00:00+00:00,194.61,195.83,192.57,193.78,70.672
2025-08-15 13:00:00+00:00,193.42,193.68,190.24,190.24,96.93
2025-08-15 14:00:00+00:00,190.15,191.8,187.24,187.49,150.905
2025-08-15 15:00:00+00:00,187.59,187.93,184.63,185.98,306.688
2025-08-15 16:00:00+00:00,185.53,185.86,183.58,185.83,353.013
2025-08-15 17:00:00+00:00,185.59,186.63,184.09,185.86,81.678
2025-08-15 18:00:00+00:00,185.73,186.24,183.49,183.6,123.573
2025-08-15 19:00:00+00:00,183.99,185.8,183.72,183.86,301.805
2025-08-15 20:00:00+00:00,183.9,184.93,183.67,184.9,37.51
2025-08-15 21:00:00+00:00,184.67,185.55,184.09,185.45,15.523
2025-08-15 22:00:00+00:00,185.65,187.78,185.17,187.78,80.357
2025-08-15 23:00:00+00:00,187.73,188.16,184.38,185.77,268.196
2025-08-16 00:00:00+00:00,185.62,187.67,185.4,187.6,173.476
2025-08-16 01:00:00+00:00,187.33,188.03,186.83,187.95,20.94
2025-08-16 02:00:00+00:00,188.05,188.05,186.84,187.08,21.856
2025-08-16 03:00:00+00:00,187.22,188.21,187.22,187.32,47.293
2025-08-16 04:00:00+00:00,187.26,187.89,187.08,187.89,21.179
2025-08-16 05:00:00+00:00,187.84,187.99,186.3,186.41,50.987
2025-08-16 06:00:00+00:00,186.1,187.42,186.1,187.42,3.598
2025-08-16 07:00:00+00:00,187.67,189.37,187.46,189.25,42.448
2025-08-16 08:00:00+00:00,188.92,188.92,187.81,188.03,3.255
2025-08-16 09:00:00+00:00,188.18,188.42,186.14,186.14,20.557
2025-08-16 10:00:00+00:00,186.0,186.82,185.57,186.42,13.694
2025-08-16 11:00:00+00:00,186.66,187.16,185.63,185.88,25.064
2025-08-16 12:00:00+00:00,185.51,186.61,185.36,186.35,42.422
2025-08-16 13:00:00+00:00,186.88,188.24,186.88,187.52,87.398
2025-08-16 14:00:00+00:00,187.52,189.02,186.78,188.81,16.32
2025-08-16 15:00:00+00:00,189.04,189.4,188.45,188.64,137.845
2025-08-16 16:00:00+00:00,188.83,189.33,188.05,188.08,141.008
2025-08-16 17:00:00+00:00,188.06,188.06,187.22,187.98,6.443
2025-08-16 18:00:00+00:00,187.98,188.55,187.64,187.93,115.64
2025-08-16 19:00:00+00:00,188.12,189.07,188.12,189.01,8.61
2025-08-16 20:00:00+00:00,188.82,189.22,188.39,188.98,2.55
2025-08-16 21:00:00+00:00,188.9,188.97,188.32,188.32,19.447
2025-08-16 22:00:00+00:00,188.27,189.25,188.05,189.14,84.241
2025-08-16 23:00:00+00:00,189.31,190.06,188.82,189.53,14.971
2025-08-17 00:00:00+00:00,189.75,189.75,188.19,188.26,22.918
2025-08-17 01:00:00+00:00,188.19,188.54,187.5,188.45,127.626
2025-08-17 02:00:00+00:00,188.71,191.47,188.22,191.25,170.582
2025-08-17 03:00:00+00:00,191.47,191.78,190.45,191.47,256.782
2025-08-17 04:00:00+00:00,191.46,193.28,191.31,193.2,160.478
2025-08-17 05:00:00+00:00,193.28,193.36,192.33,192.74,266.836
2025-08-17 06:00:00+00:00,192.7,192.9,191.97,192.02,27.223
2025-08-17 07:00:00+00:00,192.03,192.39,191.3,191.87,19.637
2025-08-17 08:00:00+00:00,191.87,193.41,191.83,193.33,7.899
2025-08-17 09:00:00+00:00,193.5,193.51,191.72,192.2,40.376
2025-08-17 10:00:00+00:00,192.55,192.63,191.87,192.63,26.506
2025-08-17 11:00:00+00:00,192.69,193.57,192.55,193.57,9.244
2025-08-17 12:00:00+00:00,193.57,193.57,191.98,192.3,8.353
2025-08-17 13:00:00+00:00,191.97,193.57,191.97,193.23,96.224
2025-08-17 14:00:00+00:00,193.21,194.3,192.63,193.73,68.351
2025-08-17 15:00:00+00:00,193.83,195.19,193.71,195.19,210.492
2025-08-17 16:00:00+00:00,195.19,195.66,193.07,193.3,201.31
2025-08-17 17:00:00+00:00,193.82,193.82,192.92,193.45,144.281
2025-08-17 18:00:00+00:00,193.36,193.62,190.34,191.96,228.278
2025-08-17 19:00:00+00:00,192.14,193.29,191.12,191.12,22.635
2025-08-17 20:00:00+00:00,191.41,191.72,191.35,191.35,401.143
2025-08-17 21:00:00+00:00,191.49,191.77,191.09,191.37,35.539
2025-08-17 22:00:00+00:00,191.82,193.29,191.43,192.96,36.411
2025-08-17 23:00:00+00:00,192.89,193.3,191.08,191.17,32.432
2025-08-18 00:00:00+00:00,191.0,191.37,189.7,190.22,39.581
2025-08-18 01:00:00+00:00,189.99,190.34,186.73,186.73,389.803
2025-08-18 02:00:00+00:00,186.62,186.62,183.67,183.91,296.389
2025-08-18 03:00:00+00:00,183.99,184.68,182.03,182.84,171.002
2025-08-18 04:00:00+00:00,182.84,183.44,181.7,182.92,140.124
2025-08-18 05:00:00+00:00,183.25,183.46,181.34,182.95,155.785
2025-08-18 06:00:00+00:00,182.62,182.98,180.54,181.55,69.498
2025-08-18 07:00:00+00:00,181.64,181.64,180.41,180.41,8.162
2025-08-18 08:00:00+00:00,181.19,181.52,180.83,180.87,69.83
2025-08-18 09:00:00+00:00,180.72,181.9,180.15,181.73,80.311
2025-08-18 10:00:00+00:00,181.29,181.41,180.71,180.83,210.674
2025-08-18 11:00:00+00:00,180.81,181.27,180.65,181.27,160.656
2025-08-18 12:00:00+00:00,181.17,183.0,181.17,183.0,30.908
2025-08-18 13:00:00+00:00,183.13,183.3,180.81,180.81,455.554
2025-08-18 14:00:00+00:00,181.15,182.45,181.0,182.11,247.758
2025-08-18 15:00:00+00:00,182.51,183.0,181.28,182.64,67.129
2025-08-18 16:00:00+00:00,183.02,184.33,181.9,182.28,34.038
2025-08-18 17:00:00+00:00,182.39,185.57,182.24,184.58,109.655
2025-08-18 18:00:00+00:00,184.46,184.77,183.08,183.92,68.11
2025-08-18 19:00:00+00:00,184.34,184.45,182.96,183.5,35.741
2025-08-18 20:00:00+00:00,182.89,183.78,182.13,183.42,13.122
2025-08-18 21:00:00+00:00,183.15,184.17,183.02,184.17,25.047
2025-08-18 22:00:00+00:00,184.02,184.84,184.02,184.41,82.905
2025-08-18 23:00:00+00:00,184.61,184.65,182.76,182.76,58.753
2025-08-19 00:00:00+00:00,182.73,184.96,181.44,184.96,46.077
2025-08-19 01:00:00+00:00,184.97,185.74,182.96,182.99,282.728
2025-08-19 02:00:00+00:00,182.87,183.13,182.11,182.11,88.498
2025-08-19 03:00:00+00:00,181.91,182.05,178.37,178.62,318.958
2025-08-19 04:00:00+00:00,178.78,179.93,177.58,179.93,428.032
2025-08-19 05:00:00+00:00,180.07,180.43,179.47,179.82,128.66
2025-08-19 06:00:00+00:00,179.82,180.33,179.74,180.02,8.065
2025-08-19 07:00:00+00:00,180.28,180.28,179.04,179.85,223.567
2025-08-19 08:00:00+00:00,179.47,180.82,179.21,180.82,41.374
2025-08-19 09:00:00+00:00,180.61,182.24,180.41,181.64,33.391
2025-08-19 10:00:00+00:00,181.86,181.86,181.3,181.52,64.019
2025-08-19 11:00:00+00:00,181.23,182.74,181.23,182.74,266.719
2025-08-19 12:00:00+00:00,182.31,182.31,181.55,181.63,35.57
2025-08-19 13:00:00+00:00,181.87,183.26,180.81,182.28,61.306
2025-08-19 14:00:00+00:00,182.37,182.93,178.31,179.0,503.755
2025-08-19 15:00:00+00:00,178.82,179.83,177.71,178.14,263.95
2025-08-19 16:00:00+00:00,178.69,178.69,176.97,177.2,287.854
2025-08-19 17:00:00+00:00,177.04,178.71,176.54,178.4,97.129
2025-08-19 18:00:00+00:00,178.36,178.74,176.08,176.82,106.912
2025-08-19 19:00:00+00:00,176.12,178.36,175.91,176.72,73.864
2025-08-19 20:00:00+00:00,176.71,178.49,176.14,178.49,38.847
2025-08-19 21:00:00+00:00,178.48,179.18,178.23,179.14,76.591
2025-08-19 22:00:00+00:00,178.71,179.33,178.18,179.33,51.804
2025-08-19 23:00:00+00:00,179.1,179.1,176.05,176.05,33.522
2025-08-20 00:00:00+00:00,176.98,178.46,176.35,178.46,172.42
2025-08-20 01:00:00+00:00,178.43,179.77,177.14,179.21,176.53
2025-08-20 02:00:00+00:00,179.51,181.27,179.51,180.66,133.881
2025-08-20 03:00:00+00:00,180.63,181.38,180.37,180.4,46.409
2025-08-20 04:00:00+00:00,180.55,181.56,180.55,180.7,172.943
2025-08-20 05:00:00+00:00,180.67,181.16,179.93,181.16,155.264
2025-08-20 06:00:00+00:00,180.73,181.26,180.66,181.13,7.957
2025-08-20 07:00:00+00:00,181.23,181.54,180.65,180.65,3.869
2025-08-20 08:00:00+00:00,180.6,182.03,180.6,182.03,13.748
2025-08-20 09:00:00+00:00,181.65,182.1,181.38,181.81,61.074
2025-08-20 10:00:00+00:00,181.29,181.95,181.01,181.01,3.063
2025-08-20 11:00:00+00:00,181.32,181.32,178.56,179.93,144.075
2025-08-20 12:00:00+00:00,180.07,181.91,180.07,181.91,14.979
2025-08-20 13:00:00+00:00,181.52,181.53,178.69,179.08,59.358
2025-08-20 14:00:00+00:00,179.27,182.41,177.77,181.47,1170.822
2025-08-20 15:00:00+00:00,182.05,184.97,182.05,182.99,202.992
2025-08-20 16:00:00+00:00,183.35,184.75,183.35,183.67,77.192
2025-08-20 17:00:00+00:00,183.81,186.37,183.66,184.84,238.22
2025-08-20 18:00:00+00:00,185.53,185.53,182.75,184.06,47.379
2025-08-20 19:00:00+00:00,183.79,187.74,183.79,187.16,249.955
2025-08-20 20:00:00+00:00,187.26,187.58,186.32,187.22,74.069
2025-08-20 21:00:00+00:00,187.27,187.53,185.96,187.12,32.216
2025-08-20 22:00:00+00:00,187.3,187.57,186.64,187.57,28.921
2025-08-20 23:00:00+00:00,186.99,187.67,186.66,187.67,58.74
2025-08-21 00:00:00+00:00,187.77,188.97,186.97,187.58,114.485
2025-08-21 01:00:00+00:00,187.9,189.04,186.83,189.04,191.001
2025-08-21 02:00:00+00:00,189.04,189.84,185.71,186.32,124.976
2025-08-21 03:00:00+00:00,186.55,190.0,186.55,188.75,64.86
2025-08-21 04:00:00+00:00,188.58,188.65,187.35,187.89,17.137
2025-08-21 05:00:00+00:00,187.78,188.05,186.73,187.92,33.237
2025-08-21 06:00:00+00:00,187.44,187.46,186.62,186.62,29.684
2025-08-21 07:00:00+00:00,186.55,187.42,186.14,187.38,35.889
2025-08-21 08:00:00+00:00,186.67,186.67,185.8,185.8,2.094
2025-08-21 09:00:00+00:00,185.71,185.71,184.31,185.27,127.29
2025-08-21 10:00:00+00:00,184.66,185.19,184.0,184.38,30.532
2025-08-21 11:00:00+00:00,184.81,184.81,183.51,184.0,64.228
2025-08-21 12:00:00+00:00,183.98,184.87,182.69,183.57,133.037
2025-08-21 13:00:00+00:00,183.62,185.64,183.62,184.14,43.426
2025-08-21 14:00:00+00:00,184.09,186.31,183.83,185.18,40.514
2025-08-21 15:00:00+00:00,184.81,184.81,181.55,181.55,70.822
2025-08-21 16:00:00+00:00,181.7,182.18,181.0,181.01,88.288
2025-08-21 17:00:00+00:00,180.82,181.54,180.16,180.81,342.025
2025-08-21 18:00:00+00:00,181.42,182.18,180.65,182.18,131.136
2025-08-21 19:00:00+00:00,182.48,182.9,180.04,180.04,45.576
2025-08-21 20:00:00+00:00,180.06,181.32,179.42,181.27,269.292
2025-08-21 21:00:00+00:00,180.52,181.56,180.11,181.28,31.643
2025-08-21 22:00:00+00:00,181.27,181.84,181.27,181.67,6.18
2025-08-21 23:00:00+00:00,181.67,181.72,179.97,180.2,65.649
2025-08-22 00:00:00+00:00,180.47,181.67,180.47,181.01,62.211
2025-08-22 01:00:00+00:00,180.65,181.91,180.17,181.91,7.328
2025-08-22 02:00:00+00:00,181.99,183.38,181.99,182.48,342.441
2025-08-22 03:00:00+00:00,182.76,183.38,181.49,181.97,132.059
2025-08-22 04:00:00+00:00,181.67,183.25,181.67,182.87,3.53
2025-08-22 05:00:00+00:00,183.1,183.8,182.79,183.8,12.478
2025-08-22 06:00:00+00:00,183.76,184.09,182.52,182.52,13.44
2025-08-22 07:00:00+00:00,183.27,184.23,183.23,184.09,37.511
2025-08-22 08:00:00+00:00,184.26,184.98,183.98,183.98,76.293
2025-08-22 09:00:00+00:00,183.73,183.73,182.57,183.11,8.502
2025-08-22 10:00:00+00:00,182.97,182.97,181.0,181.3,56.222
2025-08-22 11:00:00+00:00,181.11,181.11,179.56,179.62,26.94
2025-08-22 12:00:00+00:00,180.05,180.05,177.52,178.82,579.357
2025-08-22 13:00:00+00:00,178.96,181.23,178.15,179.81,29.075
2025-08-22 14:00:00+00:00,180.63,198.0,180.16,191.9,3651.329
2025-08-22 15:00:00+00:00,191.9,195.43,191.9,193.54,1236.018
2025-08-22 16:00:00+00:00,194.0,197.72,193.61,194.7,348.54
2025-08-22 17:00:00+00:00,195.05,197.93,195.05,196.91,588.998
2025-08-22 18:00:00+00:00,197.0,197.34,195.6,196.6,292.562
2025-08-22 19:00:00+00:00,196.58,199.6,196.58,198.63,249.05
2025-08-22 20:00:00+00:00,199.49,199.59,198.23,199.59,82.852
2025-08-22 21:00:00+00:00,199.64,202.31,189.12,200.4,1619.309
2025-08-22 22:00:00+00:00,199.72,200.29,198.92,199.48,47.259
2025-08-22 23:00:00+00:00,199.39,200.76,199.09,200.76,216.872
2025-08-23 00:00:00+00:00,200.79,200.79,198.55,198.55,224.369
2025-08-23 01:00:00+00:00,198.42,198.58,196.9,197.45,275.517
2025-08-23 02:00:00+00:00,197.47,198.12,195.0,197.33,870.315
2025-08-23 03:00:00+00:00,197.59,198.57,197.1,198.57,22.754
2025-08-23 04:00:00+00:00,198.7,204.71,198.63,204.51,1520.017
2025-08-23 05:00:00+00:00,204.59,208.49,204.37,207.69,1955.773
2025-08-23 06:00:00+00:00,207.74,207.75,205.81,206.23,202.274
2025-08-23 07:00:00+00:00,206.42,207.19,205.0,205.45,1053.588
2025-08-23 08:00:00+00:00,205.02,205.51,202.34,203.63,239.953
2025-08-23 09:00:00+00:00,203.77,204.55,203.34,204.55,4.392
2025-08-23 10:00:00+00:00,204.49,204.49,201.99,202.16,123.522
2025-08-23 11:00:00+00:00,201.99,202.83,201.53,201.75,166.113
2025-08-23 12:00:00+00:00,201.57,202.95,201.14,202.02,72.476
2025-08-23 13:00:00+00:00,201.88,202.47,200.69,201.31,342.916
2025-08-23 14:00:00+00:00,201.42,203.4,201.1,202.65,36.391
2025-08-23 15:00:00+00:00,203.41,203.77,202.49,202.49,71.829
2025-08-23 16:00:00+00:00,202.44,203.57,202.17,202.95,237.127
2025-08-23 17:00:00+00:00,203.2,203.67,202.48,203.48,76.607
2025-08-23 18:00:00+00:00,203.26,204.26,203.25,204.08,500.805
2025-08-23 19:00:00+00:00,204.12,204.52,203.83,204.1,98.094
2025-08-23 20:00:00+00:00,204.08,204.1,203.3,203.68,95.599
2025-08-23 21:00:00+00:00,203.89,204.1,203.15,203.15,30.47
2025-08-23 22:00:00+00:00,203.03,203.7,202.83,203.5,36.08
2025-08-23 23:00:00+00:00,203.75,204.71,203.75,204.1,40.242
2025-08-24 00:00:00+00:00,204.23,206.59,204.21,206.19,404.525
2025-08-24 01:00:00+00:00,206.02,208.67,205.14,208.15,1071.919
2025-08-24 02:00:00+00:00,208.07,211.68,207.51,208.67,1284.912
2025-08-24 03:00:00+00:00,208.87,209.38,207.23,208.87,179.075
2025-08-24 04:00:00+00:00,209.15,210.43,208.68,210.43,464.245
2025-08-24 05:00:00+00:00,210.63,210.74,208.39,209.09,45.374
2025-08-24 06:00:00+00:00,209.0,209.0,207.19,207.19,74.397
2025-08-24 07:00:00+00:00,207.89,208.31,206.81,206.81,14.842
2025-08-24 08:00:00+00:00,207.01,208.05,206.41,208.05,70.73
2025-08-24 09:00:00+00:00,208.11,208.74,208.0,208.07,48.128
2025-08-24 10:00:00+00:00,207.9,207.95,204.68,204.68,59.546
2025-08-24 11:00:00+00:00,204.6,205.24,203.57,204.59,167.707
2025-08-24 12:00:00+00:00,204.68,204.94,203.54,204.27,26.614
2025-08-24 13:00:00+00:00,204.59,205.56,204.59,204.91,31.213
2025-08-24 14:00:00+00:00,204.91,206.46,204.03,206.46,109.675
2025-08-24 15:00:00+00:00,206.05,209.2,205.8,205.8,162.449
2025-08-24 16:00:00+00:00,205.91,207.11,205.91,207.05,135.274
2025-08-24 17:00:00+00:00,207.14,209.65,207.14,208.8,88.442
2025-08-24 18:00:00+00:00,209.26,211.78,208.77,211.12,446.129
2025-08-24 19:00:00+00:00,210.9,212.0,201.58,204.83,2334.505
2025-08-24 20:00:00+00:00,204.95,205.26,201.43,204.06,221.876
2025-08-24 21:00:00+00:00,203.68,205.51,202.5,205.06,140.394
2025-08-24 22:00:00+00:00,204.55,205.26,201.67,205.17,57.041
2025-08-24 23:00:00+00:00,205.05,207.0,204.94,205.82,100.049
2025-08-25 00:00:00+00:00,206.22,207.97,202.49,203.92,307.663
2025-08-25 01:00:00+00:00,203.92,208.75,203.7,206.99,173.879
2025-08-25 02:00:00+00:00,207.3,213.38,206.88,212.78,827.896
2025-08-25 03:00:00+00:00,212.86,212.87,208.97,208.99,147.893
2025-08-25 04:00:00+00:00,208.96,209.63,206.89,207.5,182.004
2025-08-25 05:00:00+00:00,207.9,207.9,203.69,203.69,109.647
2025-08-25 06:00:00+00:00,203.74,204.44,202.0,202.0,116.23
2025-08-25 07:00:00+00:00,202.0,204.11,198.89,199.62,913.174
2025-08-25 08:00:00+00:00,199.74,200.52,198.28,200.3,56.691
2025-08-25 09:00:00+00:00,199.72,199.72,198.32,199.17,36.013
2025-08-25 10:00:00+00:00,199.0,199.11,195.42,195.8,944.676
2025-08-25 11:00:00+00:00,195.7,197.48,195.7,197.48,18.284
2025-08-25 12:00:00+00:00,197.64,198.51,196.95,197.86,45.816
2025-08-25 13:00:00+00:00,198.07,198.35,195.75,198.31,251.931
2025-08-25 14:00:00+00:00,198.31,199.24,197.33,198.41,82.483
2025-08-25 15:00:00+00:00,198.6,198.79,196.5,196.5,30.855
2025-08-25 16:00:00+00:00,196.76,198.3,196.0,196.7,115.213
2025-08-25 17:00:00+00:00,196.89,197.3,195.47,197.26,110.316
2025-08-25 18:00:00+00:00,197.14,197.92,196.51,196.51,178.812
2025-08-25 19:00:00+00:00,196.28,196.28,191.23,192.08,930.897
2025-08-25 20:00:00+00:00,191.15,192.21,186.88,186.88,1378.725
2025-08-25 21:00:00+00:00,186.81,189.35,186.23,186.67,177.386
2025-08-25 22:00:00+00:00,186.64,188.4,185.73,187.11,111.72
2025-08-25 23:00:00+00:00,186.85,187.5,185.94,187.33,57.651
2025-08-26 00:00:00+00:00,187.14,188.61,185.73,186.37,54.743
2025-08-26 01:00:00+00:00,185.8,188.84,185.8,188.41,117.649
2025-08-26 02:00:00+00:00,188.24,189.34,187.22,187.27,73.193
2025-08-26 03:00:00+00:00,187.67,187.89,186.55,186.9,109.959
2025-08-26 04:00:00+00:00,187.3,188.46,187.05,187.96,27.579
2025-08-26 05:00:00+00:00,188.08,189.55,187.76,189.14,50.038
2025-08-26 06:00:00+00:00,188.8,189.28,187.76,187.76,29.433
2025-08-26 07:00:00+00:00,187.5,189.72,187.44,189.18,23.799
2025-08-26 08:00:00+00:00,189.56,190.14,188.34,189.05,11.795
2025-08-26 09:00:00+00:00,188.39,189.19,187.74,187.92,48.522
2025-08-26 10:00:00+00:00,188.37,188.91,188.0,188.41,19.436
2025-08-26 11:00:00+00:00,188.73,188.9,186.92,187.87,33.746
2025-08-26 12:00:00+00:00,187.98,192.13,187.32,190.68,93.995
2025-08-26 13:00:00+00:00,189.57,190.82,187.84,188.51,32.284
2025-08-26 14:00:00+00:00,189.36,191.84,188.3,191.84,97.464
2025-08-26 15:00:00+00:00,191.65,192.44,190.08,190.91,122.862
2025-08-26 16:00:00+00:00,190.93,193.66,190.92,193.48,77.028
2025-08-26 17:00:00+00:00,193.25,194.08,192.46,193.41,306.062
2025-08-26 18:00:00+00:00,193.84,195.23,193.78,194.77,131.366
2025-08-26 19:00:00+00:00,194.69,197.4,194.62,197.17,280.035
2025-08-26 20:00:00+00:00,196.78,197.53,196.09,196.1,174.821
2025-08-26 21:00:00+00:00,196.68,196.68,195.43,196.61,96.0
2025-08-26 22:00:00+00:00,196.61,197.01,196.0,196.81,308.809
2025-08-26 23:00:00+00:00,196.81,197.96,195.6,195.77,793.982
2025-08-27 00:00:00+00:00,195.76,196.16,194.61,194.61,110.686
2025-08-27 01:00:00+00:00,194.67,196.77,194.0,196.61,4311.289
2025-08-27 02:00:00+00:00,196.8,200.47,195.81,199.23,3837.251
2025-08-27 03:00:00+00:00,199.04,203.77,197.15,202.17,4130.284
2025-08-27 04:00:00+00:00,203.22,205.79,201.93,205.55,4183.033
2025-08-27 05:00:00+00:00,205.18,206.04,202.78,203.75,4063.803
2025-08-27 06:00:00+00:00,203.73,204.77,202.14,202.9,3420.923
2025-08-27 07:00:00+00:00,202.89,203.59,201.08,202.65,2963.353
2025-08-27 08:00:00+00:00,202.65,205.06,201.8,203.97,3526.821
2025-08-27 09:00:00+00:00,203.82,205.84,203.82,204.43,3381.321
2025-08-27 10:00:00+00:00,204.42,205.6,203.52,205.1,3706.105
2025-08-27 11:00:00+00:00,205.0,205.51,204.47,205.49,1886.746
2025-08-27 12:00:00+00:00,205.49,205.87,203.6,204.98,4078.843
2025-08-27 13:00:00+00:00,204.49,206.24,202.9,205.3,4237.393
2025-08-27 14:00:00+00:00,205.24,209.83,203.36,208.41,2696.58
2025-08-27 15:00:00+00:00,208.29,210.12,206.56,209.13,1694.009
2025-08-27 16:00:00+00:00,208.89,210.0,206.89,208.24,3017.482
2025-08-27 17:00:00+00:00,207.9,211.29,207.7,210.15,3073.798
2025-08-27 18:00:00+00:00,210.16,213.28,208.44,208.44,3391.537
2025-08-27 19:00:00+00:00,209.02,209.38,206.21,206.43,147.784
2025-08-27 20:00:00+00:00,206.42,209.29,203.12,208.47,955.124
2025-08-27 21:00:00+00:00,208.5,208.5,204.98,205.15,191.371
2025-08-27 22:00:00+00:00,204.9,205.32,203.51,204.58,398.806
2025-08-27 23:00:00+00:00,204.91,205.36,202.7,202.7,387.801
2025-08-28 00:00:00+00:00,203.15,204.99,201.85,203.77,192.099
2025-08-28 01:00:00+00:00,204.06,206.47,203.33,206.4,797.875
2025-08-28 02:00:00+00:00,206.11,207.68,205.42,206.14,66.85
2025-08-28 03:00:00+00:00,206.6,208.24,206.6,208.24,243.035
2025-08-28 04:00:00+00:00,207.76,212.42,207.76,211.98,965.425
2025-08-28 05:00:00+00:00,212.27,213.03,210.89,211.69,947.571
2025-08-28 06:00:00+00:00,211.51,211.86,209.84,211.78,29.447
2025-08-28 07:00:00+00:00,211.72,213.18,210.78,213.15,59.558
2025-08-28 08:00:00+00:00,213.18,216.42,213.18,213.83,522.862
2025-08-28 09:00:00+00:00,213.83,213.92,211.7,211.93,59.491
2025-08-28 10:00:00+00:00,211.59,213.87,211.53,213.7,16.525
2025-08-28 11:00:00+00:00,213.56,213.8,212.68,213.41,38.424
2025-08-28 12:00:00+00:00,213.37,214.2,212.12,213.54,351.413
2025-08-28 13:00:00+00:00,212.97,216.74,212.36,212.36,617.393
2025-08-28 14:00:00+00:00,212.59,215.82,211.78,215.48,526.068
2025-08-28 15:00:00+00:00,215.39,215.9,210.34,211.11,164.854
2025-08-28 16:00:00+00:00,211.27,213.82,207.41,208.42,257.093
2025-08-28 17:00:00+00:00,208.3,210.66,208.3,210.27,126.971
2025-08-28 18:00:00+00:00,210.68,212.62,209.82,211.84,211.555
2025-08-28 19:00:00+00:00,212.6,212.96,209.94,209.94,166.844
2025-08-28 20:00:00+00:00,209.99,213.57,209.84,213.55,92.824
2025-08-28 21:00:00+00:00,213.62,213.81,212.03,213.49,61.337
2025-08-28 22:00:00+00:00,213.7,215.63,213.5,214.29,298.023
2025-08-28 23:00:00+00:00,214.37,215.3,213.84,214.2,23.05
2025-08-29 00:00:00+00:00,214.53,217.82,214.2,215.23,499.101
2025-08-29 01:00:00+00:00,215.23,215.23,212.14,213.56,408.038
2025-08-29 02:00:00+00:00,213.48,217.22,212.95,215.41,247.093
2025-08-29 03:00:00+00:00,216.0,217.69,214.48,216.78,226.348
2025-08-29 04:00:00+00:00,217.05,217.93,216.27,216.34,101.712
2025-08-29 05:00:00+00:00,217.1,217.17,214.8,215.79,26.862
2025-08-29 06:00:00+00:00,215.58,215.83,212.82,212.97,68.105
2025-08-29 07:00:00+00:00,212.76,213.28,208.06,208.42,364.584
2025-08-29 08:00:00+00:00,209.06,210.16,206.23,206.95,262.918
2025-08-29 09:00:00+00:00,206.23,207.76,205.61,207.76,368.733
2025-08-29 10:00:00+00:00,207.56,209.27,207.07,207.79,39.204
2025-08-29 11:00:00+00:00,207.89,209.12,206.96,207.38,67.892
2025-08-29 12:00:00+00:00,207.73,214.71,207.07,211.3,776.623
2025-08-29 13:00:00+00:00,211.96,211.96,207.84,208.74,702.605
2025-08-29 14:00:00+00:00,209.58,210.64,207.06,207.44,218.828
2025-08-29 15:00:00+00:00,207.33,210.42,204.23,205.26,269.029
2025-08-29 16:00:00+00:00,204.32,205.46,202.97,204.67,289.28
2025-08-29 17:00:00+00:00,204.58,209.2,202.44,202.77,1113.692
2025-08-29 18:00:00+00:00,202.61,203.31,201.63,202.38,141.974
2025-08-29 19:00:00+00:00,202.4,204.58,202.4,202.95,361.729
2025-08-29 20:00:00+00:00,203.11,203.69,200.92,200.92,216.417
2025-08-29 21:00:00+00:00,200.93,204.01,200.11,203.84,263.638
2025-08-29 22:00:00+00:00,203.97,203.97,202.61,202.87,19.701
2025-08-29 23:00:00+00:00,203.41,205.48,203.1,205.48,335.067
2025-08-30 00:00:00+00:00,204.59,205.4,203.77,205.23,108.529
2025-08-30 01:00:00+00:00,205.21,205.21,201.16,201.16,163.106
2025-08-30 02:00:00+00:00,201.06,203.53,200.88,203.2,136.042
2025-08-30 03:00:00+00:00,203.44,206.66,203.44,205.72,84.384
2025-08-30 04:00:00+00:00,205.56,206.24,204.73,204.73,33.556
2025-08-30 05:00:00+00:00,204.59,206.89,204.59,206.3,32.667
2025-08-30 06:00:00+00:00,206.0,206.68,205.17,205.17,1.278
2025-08-30 07:00:00+00:00,205.22,205.4,204.59,205.2,11.445
2025-08-30 08:00:00+00:00,204.6,205.41,202.78,202.78,69.572
2025-08-30 09:00:00+00:00,203.41,203.41,201.9,202.64,4.772
2025-08-30 10:00:00+00:00,202.95,203.24,202.14,202.52,25.776
2025-08-30 11:00:00+00:00,202.65,202.94,202.0,202.8,46.756
2025-08-30 12:00:00+00:00,202.6,202.61,199.51,200.42,334.844
2025-08-30 13:00:00+00:00,200.06,200.06,197.78,199.2,92.437
2025-08-30 14:00:00+00:00,198.98,200.39,198.34,200.0,94.601
2025-08-30 15:00:00+00:00,200.0,201.53,199.7,200.88,31.741
2025-08-30 16:00:00+00:00,200.77,201.11,199.89,200.93,148.127
2025-08-30 17:00:00+00:00,200.73,201.57,200.25,200.51,8.815
2025-08-30 18:00:00+00:00,200.69,201.68,200.52,201.15,24.949
2025-08-30 19:00:00+00:00,201.12,201.51,200.66,201.14,11.183
2025-08-30 20:00:00+00:00,201.3,201.3,200.0,200.42,9.798
2025-08-30 21:00:00+00:00,200.52,201.16,200.36,201.1,25.603
2025-08-30 22:00:00+00:00,200.34,201.57,200.05,201.57,24.194
2025-08-30 23:00:00+00:00,201.57,203.18,201.57,202.83,84.121
2025-08-31 00:00:00+00:00,202.67,205.81,202.51,205.45,282.927
2025-08-31 01:00:00+00:00,205.34,207.1,204.23,206.2,497.713
2025-08-31 02:00:00+00:00,206.58,206.66,204.96,205.17,75.298
2025-08-31 03:00:00+00:00,205.51,205.74,205.03,205.27,27.046
2025-08-31 04:00:00+00:00,205.39,205.64,203.77,204.38,43.901
2025-08-31 05:00:00+00:00,204.48,204.78,204.06,204.52,3.177
2025-08-31 06:00:00+00:00,204.77,204.87,202.9,202.9,41.251
2025-08-31 07:00:00+00:00,203.31,203.81,203.31,203.54,0.437
2025-08-31 08:00:00+00:00,203.77,205.59,203.77,205.59,24.788
2025-08-31 09:00:00+00:00,205.61,205.61,204.06,204.06,60.97
2025-08-31 10:00:00+00:00,204.05,204.24,202.9,203.75,3.735
2025-08-31 11:00:00+00:00,202.9,203.76,202.5,203.65,7.707
2025-08-31 12:00:00+00:00,203.67,203.67,202.51,203.44,12.298
2025-08-31 13:00:00+00:00,203.73,203.73,201.71,202.11,139.634
2025-08-31 14:00:00+00:00,202.36,203.78,201.61,203.78,12.344
2025-08-31 15:00:00+00:00,203.77,204.78,203.77,204.77,420.719
2025-08-31 16:00:00+00:00,204.21,205.17,203.83,205.07,29.292
2025-08-31 17:00:00+00:00,205.16,205.51,205.02,205.37,23.13
2025-08-31 18:00:00+00:00,205.15,205.59,204.78,205.58,31.047
2025-08-31 19:00:00+00:00,205.63,205.81,204.59,204.73,43.598
2025-08-31 20:00:00+00:00,204.77,205.36,204.56,204.78,18.688
2025-08-31 21:00:00+00:00,204.62,205.46,204.59,205.46,29.845
2025-08-31 22:00:00+00:00,205.43,205.87,203.75,204.06,108.651
2025-08-31 23:00:00+00:00,203.88,204.01,200.42,200.42,117.404
2025-09-01 00:00:00+00:00,200.53,201.23,198.64,200.88,462.889
2025-09-01 01:00:00+00:00,200.86,202.38,200.17,200.79,130.928
2025-09-01 02:00:00+00:00,200.77,200.83,196.37,197.52,706.257
2025-09-01 03:00:00+00:00,197.36,198.7,197.36,198.55,68.538
2025-09-01 04:00:00+00:00,198.16,198.61,196.95,197.57,16.073
2025-09-01 05:00:00+00:00,197.61,198.61,196.79,198.61,278.441
2025-09-01 06:00:00+00:00,198.34,199.14,197.82,199.02,32.711
2025-09-01 07:00:00+00:00,199.38,202.77,198.01,202.77,68.32
2025-09-01 08:00:00+00:00,202.77,204.58,202.45,203.28,58.337
2025-09-01 09:00:00+00:00,202.92,203.56,201.16,201.16,9.548
2025-09-01 10:00:00+00:00,201.23,201.47,198.49,199.44,18.42
2025-09-01 11:00:00+00:00,199.71,199.78,198.92,199.51,9.968
2025-09-01 12:00:00+00:00,199.48,200.33,198.96,199.8,11.861
2025-09-01 13:00:00+00:00,199.8,201.27,199.33,199.83,572.176
2025-09-01 14:00:00+00:00,200.1,200.77,199.69,200.3,68.293
2025-09-01 15:00:00+00:00,200.38,201.03,197.79,198.18,219.253
2025-09-01 16:00:00+00:00,198.2,199.19,197.72,198.42,82.768
2025-09-01 17:00:00+00:00,198.92,199.21,197.58,198.91,15.833
2025-09-01 18:00:00+00:00,198.92,199.46,198.51,199.22,319.729
2025-09-01 19:00:00+00:00,199.43,200.08,199.43,200.08,25.816
2025-09-01 20:00:00+00:00,200.07,200.09,196.41,197.5,146.316
2025-09-01 21:00:00+00:00,197.6,197.69,194.6,195.36,618.878
2025-09-01 22:00:00+00:00,195.19,195.75,194.33,195.75,241.675
2025-09-01 23:00:00+00:00,196.02,197.39,195.75,197.39,211.286
2025-09-02 00:00:00+00:00,197.17,197.9,196.84,197.4,13.674
2025-09-02 01:00:00+00:00,197.92,199.91,197.4,199.77,80.389
2025-09-02 02:00:00+00:00,199.21,202.39,198.94,202.39,268.191
2025-09-02 03:00:00+00:00,202.39,203.18,201.74,202.02,256.183
2025-09-02 04:00:00+00:00,201.53,202.95,201.53,202.95,53.803
2025-09-02 05:00:00+00:00,202.79,203.33,202.14,202.88,20.521
2025-09-02 06:00:00+00:00,203.13,204.38,203.13,203.93,179.229
2025-09-02 07:00:00+00:00,204.12,204.12,202.05,202.05,16.05
2025-09-02 08:00:00+00:00,202.83,203.89,202.64,203.89,12.531
2025-09-02 09:00:00+00:00,202.95,204.15,202.95,204.15,10.759
2025-09-02 10:00:00+00:00,203.8,204.15,203.74,203.74,9.124
2025-09-02 11:00:00+00:00,203.17,203.2,202.05,202.05,18.187
2025-09-02 12:00:00+00:00,201.78,201.78,197.55,197.99,56.482
2025-09-02 13:00:00+00:00,198.67,204.14,198.67,203.65,215.596
2025-09-02 14:00:00+00:00,204.15,204.81,202.95,204.29,185.63
2025-09-02 15:00:00+00:00,204.03,204.03,199.89,200.27,54.678
2025-09-02 16:00:00+00:00,201.3,201.95,199.68,201.65,111.662
2025-09-02 17:00:00+00:00,201.72,205.0,201.65,204.63,158.856
2025-09-02 18:00:00+00:00,204.88,206.31,203.44,205.99,534.704
2025-09-02 19:00:00+00:00,205.67,207.0,204.59,205.57,297.759
2025-09-02 20:00:00+00:00,205.62,207.96,205.43,206.98,397.403
2025-09-02 21:00:00+00:00,206.8,207.9,206.8,207.39,142.555
2025-09-02 22:00:00+00:00,207.06,208.53,206.83,208.53,49.164
2025-09-02 23:00:00+00:00,208.35,209.38,207.91,209.38,264.849
2025-09-03 00:00:00+00:00,209.39,210.19,208.24,208.62,338.886
2025-09-03 01:00:00+00:00,208.39,211.85,207.67,211.29,162.257
2025-09-03 02:00:00+00:00,211.66,211.86,210.43,211.45,177.853
2025-09-03 03:00:00+00:00,211.37,211.73,209.56,209.89,55.052
2025-09-03 04:00:00+00:00,209.8,210.56,209.55,210.3,7.383
2025-09-03 05:00:00+00:00,210.3,210.3,209.42,209.49,3.476
2025-09-03 06:00:00+00:00,209.07,209.3,207.96,209.17,72.809
2025-09-03 07:00:00+00:00,208.77,209.14,208.76,209.14,343.726
2025-09-03 08:00:00+00:00,209.55,210.64,209.55,209.58,22.554
2025-09-03 09:00:00+00:00,209.25,209.58,208.51,209.58,16.739
2025-09-03 10:00:00+00:00,209.47,210.39,209.17,209.95,11.338
2025-09-03 11:00:00+00:00,210.3,211.12,210.18,210.7,57.314
2025-09-03 12:00:00+00:00,209.86,211.17,208.94,208.94,209.685
2025-09-03 13:00:00+00:00,208.94,212.94,208.94,211.77,91.202
2025-09-03 14:00:00+00:00,212.12,212.73,210.57,211.9,34.763
2025-09-03 15:00:00+00:00,211.9,212.73,211.0,211.4,25.244
2025-09-03 16:00:00+00:00,211.91,211.91,209.84,210.19,109.929
2025-09-03 17:00:00+00:00,210.34,211.37,210.08,210.59,75.828
2025-09-03 18:00:00+00:00,210.96,211.2,209.03,209.45,25.034
2025-09-03 19:00:00+00:00,209.69,210.41,209.26,210.41,15.203
2025-09-03 20:00:00+00:00,210.33,210.36,209.35,209.53,16.011
2025-09-03 21:00:00+00:00,209.58,209.58,208.68,208.86,72.912
2025-09-03 22:00:00+00:00,208.89,209.92,208.51,209.92,22.015
2025-09-03 23:00:00+00:00,209.93,210.53,209.63,210.46,32.647
2025-09-04 00:00:00+00:00,210.14,211.85,210.14,211.38,232.601
2025-09-04 01:00:00+00:00,211.07,211.13,209.7,210.06,95.619
2025-09-04 02:00:00+00:00,210.47,210.88,207.74,208.74,43.131
2025-09-04 03:00:00+00:00,208.75,208.75,207.71,208.24,65.303
2025-09-04 04:00:00+00:00,208.56,208.56,207.25,207.25,143.984
2025-09-04 05:00:00+00:00,207.22,207.22,205.92,206.18,36.919
2025-09-04 06:00:00+00:00,206.35,207.1,206.35,206.75,20.219
2025-09-04 07:00:00+00:00,207.0,207.1,206.6,206.94,151.451
2025-09-04 08:00:00+00:00,207.0,207.74,206.64,207.19,18.505
2025-09-04 09:00:00+00:00,207.67,207.88,207.58,207.87,3.593
2025-09-04 10:00:00+00:00,207.89,208.76,207.89,207.9,23.562
2025-09-04 11:00:00+00:00,207.67,208.14,207.28,208.14,99.413
2025-09-04 12:00:00+00:00,207.2,208.15,207.2,207.47,133.052
2025-09-04 13:00:00+00:00,207.36,208.15,206.68,207.17,42.812
2025-09-04 14:00:00+00:00,207.16,207.19,204.75,205.41,475.867
2025-09-04 15:00:00+00:00,205.28,205.28,203.5,204.06,95.136
2025-09-04 16:00:00+00:00,203.94,204.59,203.58,204.59,36.581
2025-09-04 17:00:00+00:00,204.8,205.16,203.95,204.45,28.091
2025-09-04 18:00:00+00:00,203.87,204.51,202.42,203.26,157.064
2025-09-04 19:00:00+00:00,203.08,203.76,201.98,202.36,195.944
2025-09-04 20:00:00+00:00,201.95,203.77,201.95,202.63,128.626
2025-09-04 21:00:00+00:00,202.77,203.73,202.02,203.15,3177.347
2025-09-04 22:00:00+00:00,203.57,204.78,202.0,204.38,2381.951
2025-09-04 23:00:00+00:00,204.35,204.65,202.45,202.45,95.02
2025-09-05 00:00:00+00:00,202.15,202.85,201.04,201.04,189.953
2025-09-05 01:00:00+00:00,201.25,203.71,201.25,203.47,163.293
2025-09-05 02:00:00+00:00,203.47,203.89,202.92,203.89,27.205
2025-09-05 03:00:00+00:00,203.92,203.92,202.67,203.54,15.259
2025-09-05 04:00:00+00:00,203.55,204.26,202.95,204.09,10.546
2025-09-05 05:00:00+00:00,204.17,204.76,203.74,204.66,7.425
2025-09-05 06:00:00+00:00,204.2,204.63,203.87,204.52,13.911
2025-09-05 07:00:00+00:00,204.79,208.12,204.79,207.6,130.626
2025-09-05 08:00:00+00:00,207.19,207.46,206.59,206.8,38.633
2025-09-05 09:00:00+00:00,206.42,206.44,204.51,205.83,34.954
2025-09-05 10:00:00+00:00,205.84,206.59,205.83,205.93,6.767
2025-09-05 11:00:00+00:00,206.3,206.97,206.3,206.78,118.782
2025-09-05 12:00:00+00:00,206.72,209.58,205.28,208.82,227.593
2025-09-05 13:00:00+00:00,209.37,209.89,208.28,209.46,37.644
2025-09-05 14:00:00+00:00,209.55,209.55,201.98,202.45,466.933
2025-09-05 15:00:00+00:00,202.14,204.45,201.81,203.86,198.489
2025-09-05 16:00:00+00:00,203.66,203.97,202.67,203.97,80.674
2025-09-05 17:00:00+00:00,203.91,203.91,202.5,202.68,154.177
2025-09-05 18:00:00+00:00,202.5,204.59,202.03,204.59,54.191
2025-09-05 19:00:00+00:00,203.91,205.41,203.91,205.28,231.19
2025-09-05 20:00:00+00:00,205.4,205.58,204.51,205.39,107.238
2025-09-05 21:00:00+00:00,205.52,205.52,203.22,203.3,48.186
2025-09-05 22:00:00+00:00,203.2,204.4,202.81,204.34,157.524
2025-09-05 23:00:00+00:00,204.55,204.55,203.49,203.56,31.144
2025-09-06 00:00:00+00:00,203.39,204.1,203.39,203.84,13.431
2025-09-06 01:00:00+00:00,203.71,204.36,203.71,204.36,20.797
2025-09-06 02:00:00+00:00,204.59,204.75,203.39,203.96,16.812
2025-09-06 03:00:00+00:00,204.33,204.57,204.08,204.57,47.796
2025-09-06 04:00:00+00:00,203.89,203.99,203.14,203.65,114.535
2025-09-06 05:00:00+00:00,203.4,203.4,202.15,202.15,82.982
2025-09-06 06:00:00+00:00,202.55,202.84,202.5,202.5,1.085
2025-09-06 07:00:00+00:00,202.64,202.97,202.64,202.97,1.15
2025-09-06 08:00:00+00:00,202.96,203.64,202.8,203.61,13.805
2025-09-06 09:00:00+00:00,203.41,203.41,202.92,202.92,2.091
2025-09-06 10:00:00+00:00,202.78,203.24,202.51,203.24,3.667
2025-09-06 11:00:00+00:00,202.68,202.96,202.14,202.47,398.017
2025-09-06 12:00:00+00:00,202.47,202.83,202.44,202.77,56.922
2025-09-06 13:00:00+00:00,202.44,202.44,201.56,202.3,30.446
2025-09-06 14:00:00+00:00,202.38,202.79,201.9,202.23,22.566
2025-09-06 15:00:00+00:00,202.14,202.25,201.22,201.43,92.528
2025-09-06 16:00:00+00:00,201.09,202.14,201.01,201.98,16.838
2025-09-06 17:00:00+00:00,201.84,201.86,200.0,200.21,89.947
2025-09-06 18:00:00+00:00,200.27,200.82,199.41,199.95,107.147
2025-09-06 19:00:00+00:00,200.08,200.34,199.48,199.84,19.592
2025-09-06 20:00:00+00:00,199.98,200.88,199.72,200.88,63.974
2025-09-06 21:00:00+00:00,200.76,201.32,200.39,200.75,87.798
2025-09-06 22:00:00+00:00,201.08,201.08,200.41,200.6,14.153
2025-09-06 23:00:00+00:00,200.52,201.03,200.01,200.29,3.551
2025-09-07 00:00:00+00:00,200.6,201.36,200.6,201.28,7.358
2025-09-07 01:00:00+00:00,201.36,203.07,201.36,203.0,69.908
2025-09-07 02:00:00+00:00,202.63,202.84,202.03,202.73,28.025
2025-09-07 03:00:00+00:00,202.73,203.14,202.55,202.6,10.479
2025-09-07 04:00:00+00:00,202.79,203.13,202.45,203.13,5.681
2025-09-07 05:00:00+00:00,203.13,203.21,202.7,202.7,9.316
2025-09-07 06:00:00+00:00,202.8,203.05,202.45,202.69,36.453
2025-09-07 07:00:00+00:00,202.43,203.22,202.26,202.74,9.359
2025-09-07 08:00:00+00:00,203.22,203.78,202.68,203.37,16.088
2025-09-07 09:00:00+00:00,203.57,203.85,202.74,202.74,5.292
2025-09-07 10:00:00+00:00,203.31,203.38,202.87,203.38,5.461
2025-09-07 11:00:00+00:00,203.39,203.87,203.33,203.87,61.831
2025-09-07 12:00:00+00:00,203.81,203.87,203.46,203.87,1.256
2025-09-07 13:00:00+00:00,203.81,203.81,203.27,203.38,31.707
2025-09-07 14:00:00+00:00,203.35,203.86,203.29,203.78,48.609
2025-09-07 15:00:00+00:00,203.75,205.39,203.49,205.23,78.073
2025-09-07 16:00:00+00:00,205.41,205.41,203.65,203.71,48.96
2025-09-07 17:00:00+00:00,203.42,203.42,201.95,202.21,116.268
2025-09-07 18:00:00+00:00,202.16,202.51,201.72,202.12,46.511
2025-09-07 19:00:00+00:00,202.1,202.92,201.98,202.84,39.859
2025-09-07 20:00:00+00:00,202.92,204.59,202.77,204.59,134.565
2025-09-07 21:00:00+00:00,204.7,205.1,204.38,205.03,229.663
2025-09-07 22:00:00+00:00,204.5,207.21,204.45,206.91,96.647
2025-09-07 23:00:00+00:00,207.06,207.73,206.33,206.78,78.36
2025-09-08 00:00:00+00:00,206.55,207.17,205.78,206.1,45.101
2025-09-08 01:00:00+00:00,205.91,207.17,205.79,206.76,61.534
2025-09-08 02:00:00+00:00,206.74,207.89,206.25,207.62,61.24
2025-09-08 03:00:00+00:00,207.62,208.79,207.32,207.75,63.94
2025-09-08 04:00:00+00:00,207.67,208.23,207.31,207.97,157.962
2025-09-08 05:00:00+00:00,207.67,207.96,206.98,207.34,11.333
2025-09-08 06:00:00+00:00,207.34,207.66,206.78,207.06,14.187
2025-09-08 07:00:00+00:00,207.08,208.71,207.04,208.07,32.007
2025-09-08 08:00:00+00:00,207.98,209.3,207.46,208.75,51.997
2025-09-08 09:00:00+00:00,208.81,210.71,208.81,210.71,195.79
2025-09-08 10:00:00+00:00,210.77,215.58,210.62,215.25,842.236
2025-09-08 11:00:00+00:00,214.96,214.96,213.05,214.4,234.956
2025-09-08 12:00:00+00:00,214.49,214.67,213.55,214.61,515.313
2025-09-08 13:00:00+00:00,214.76,216.15,213.13,213.13,389.385
2025-09-08 14:00:00+00:00,213.36,215.62,213.32,215.3,81.734
2025-09-08 15:00:00+00:00,215.31,216.44,214.7,214.86,268.116
2025-09-08 16:00:00+00:00,214.9,215.48,214.01,214.8,231.765
2025-09-08 17:00:00+00:00,214.94,216.76,214.03,215.4,94.768
2025-09-08 18:00:00+00:00,215.49,216.81,214.75,216.78,155.438
2025-09-08 19:00:00+00:00,216.82,216.97,214.99,215.95,75.47
2025-09-08 20:00:00+00:00,215.98,216.02,214.01,214.4,176.643
2025-09-08 21:00:00+00:00,214.65,215.79,214.38,214.82,144.948
2025-09-08 22:00:00+00:00,214.87,215.48,214.44,214.86,19.565
2025-09-08 23:00:00+00:00,214.82,215.14,213.35,214.29,88.903
2025-09-09 00:00:00+00:00,213.96,214.5,212.36,213.36,133.134
2025-09-09 01:00:00+00:00,213.35,213.98,212.13,213.22,48.594
2025-09-09 02:00:00+00:00,213.22,213.48,211.0,211.55,58.727
2025-09-09 03:00:00+00:00,211.78,214.5,211.78,214.5,132.048
2025-09-09 04:00:00+00:00,214.48,215.53,213.88,215.0,103.84
2025-09-09 05:00:00+00:00,214.84,215.46,214.32,215.46,3.778
2025-09-09 06:00:00+00:00,215.2,219.49,215.2,218.47,886.955
2025-09-09 07:00:00+00:00,218.98,219.59,218.13,218.75,115.727
2025-09-09 08:00:00+00:00,219.3,219.37,218.48,218.56,62.752
2025-09-09 09:00:00+00:00,218.76,219.0,218.47,218.97,43.222
2025-09-09 10:00:00+00:00,219.0,219.0,217.56,217.56,27.347
2025-09-09 11:00:00+00:00,217.95,218.12,217.17,217.17,118.041
2025-09-09 12:00:00+00:00,217.12,218.25,216.51,217.47,149.344
2025-09-09 13:00:00+00:00,217.83,218.18,216.38,217.95,64.236
2025-09-09 14:00:00+00:00,218.4,218.42,213.41,215.74,156.783
2025-09-09 15:00:00+00:00,215.6,215.6,211.86,213.33,250.306
2025-09-09 16:00:00+00:00,213.2,214.67,213.2,214.29,38.847
2025-09-09 17:00:00+00:00,214.84,215.53,214.14,215.43,66.551
2025-09-09 18:00:00+00:00,214.76,216.86,214.69,216.23,47.593
2025-09-09 19:00:00+00:00,216.24,216.86,215.98,216.58,99.941
2025-09-09 20:00:00+00:00,216.45,216.45,215.45,215.67,47.133
2025-09-09 21:00:00+00:00,216.04,216.75,215.34,215.4,118.877
2025-09-09 22:00:00+00:00,215.62,217.12,215.44,217.12,193.921
2025-09-09 23:00:00+00:00,217.12,217.58,216.67,217.23,92.065
2025-09-10 00:00:00+00:00,217.27,217.58,215.2,215.2,54.041
2025-09-10 01:00:00+00:00,215.36,216.36,214.97,215.98,2664.789
2025-09-10 02:00:00+00:00,215.72,219.32,215.29,218.15,5130.057
2025-09-10 03:00:00+00:00,218.93,219.03,217.43,218.87,3964.763
2025-09-10 04:00:00+00:00,218.31,218.9,217.34,218.21,3298.302
2025-09-10 05:00:00+00:00,217.94,218.97,217.5,217.88,1630.814
2025-09-10 06:00:00+00:00,217.85,219.38,217.48,218.59,3213.257
2025-09-10 07:00:00+00:00,218.13,222.31,217.26,222.17,2771.572
2025-09-10 08:00:00+00:00,221.7,221.99,220.51,220.8,252.098
2025-09-10 09:00:00+00:00,221.03,221.06,220.04,220.62,104.469
2025-09-10 10:00:00+00:00,220.47,220.47,218.73,219.86,62.194
2025-09-10 11:00:00+00:00,220.19,220.29,218.98,219.79,33.117
2025-09-10 12:00:00+00:00,220.25,224.35,219.74,223.7,291.477
2025-09-10 13:00:00+00:00,223.8,225.61,222.8,224.27,259.897
2025-09-10 14:00:00+00:00,224.43,225.05,222.33,222.33,146.472
2025-09-10 15:00:00+00:00,222.85,223.9,222.55,223.22,55.464
2025-09-10 16:00:00+00:00,223.09,223.41,213.95,223.16,579.855
2025-09-10 17:00:00+00:00,223.16,223.45,221.13,222.55,116.385
2025-09-10 18:00:00+00:00,222.11,223.01,221.14,222.5,122.347
2025-09-10 19:00:00+00:00,222.79,222.79,220.53,221.0,58.377
2025-09-10 20:00:00+00:00,221.38,222.49,221.01,222.49,49.578
2025-09-10 21:00:00+00:00,222.5,223.52,222.5,223.52,53.074
2025-09-10 22:00:00+00:00,223.51,224.46,223.46,223.89,40.715
2025-09-10 23:00:00+00:00,224.47,224.49,223.59,224.08,241.911
2025-09-11 00:00:00+00:00,224.07,225.14,223.71,225.14,82.54
2025-09-11 01:00:00+00:00,224.83,225.59,224.54,224.92,68.861
2025-09-11 02:00:00+00:00,224.73,224.9,223.02,223.02,110.64
2025-09-11 03:00:00+00:00,223.4,224.52,223.1,224.11,71.282
2025-09-11 04:00:00+00:00,224.1,224.17,222.8,223.28,140.925
2025-09-11 05:00:00+00:00,223.2,223.52,221.76,222.14,107.984
2025-09-11 06:00:00+00:00,222.36,223.49,222.0,223.49,45.747
2025-09-11 07:00:00+00:00,222.59,223.39,221.99,223.19,56.801
2025-09-11 08:00:00+00:00,222.81,223.01,222.31,223.01,8.846
2025-09-11 09:00:00+00:00,223.39,225.05,223.35,223.82,80.993
2025-09-11 10:00:00+00:00,224.54,225.56,224.54,225.56,30.017
2025-09-11 11:00:00+00:00,225.56,225.58,224.65,225.11,160.425
2025-09-11 12:00:00+00:00,225.21,228.53,223.01,226.6,378.165
2025-09-11 13:00:00+00:00,226.48,228.67,224.32,228.3,146.794
2025-09-11 14:00:00+00:00,228.3,228.3,225.61,227.11,132.509
2025-09-11 15:00:00+00:00,227.1,227.1,225.51,227.03,106.812
2025-09-11 16:00:00+00:00,226.83,228.46,225.47,225.48,248.111
2025-09-11 17:00:00+00:00,225.55,227.58,225.55,227.51,30.576
2025-09-11 18:00:00+00:00,227.22,227.64,225.78,226.55,40.83
2025-09-11 19:00:00+00:00,225.96,226.87,225.96,226.42,11.169
2025-09-11 20:00:00+00:00,226.62,226.62,225.32,225.52,95.956
2025-09-11 21:00:00+00:00,226.04,226.99,225.85,226.64,187.651
2025-09-11 22:00:00+00:00,226.49,228.4,226.37,228.0,227.421
2025-09-11 23:00:00+00:00,228.19,228.84,227.76,228.72,135.273
2025-09-12 00:00:00+00:00,228.67,234.86,227.91,232.95,770.547
2025-09-12 01:00:00+00:00,232.84,233.74,230.4,232.27,560.044
2025-09-12 02:00:00+00:00,232.27,233.61,232.27,232.42,77.492
2025-09-12 03:00:00+00:00,232.44,235.55,232.19,234.76,159.909
2025-09-12 04:00:00+00:00,235.22,237.74,234.03,236.89,1242.874
2025-09-12 05:00:00+00:00,236.92,239.58,236.82,238.95,325.135
2025-09-12 06:00:00+00:00,238.6,238.76,237.39,237.99,37.945
2025-09-12 07:00:00+00:00,237.7,238.58,237.21,237.21,663.141
2025-09-12 08:00:00+00:00,237.45,238.21,236.79,237.83,132.614
2025-09-12 09:00:00+00:00,237.83,238.57,237.51,238.08,46.206
2025-09-12 10:00:00+00:00,238.23,238.96,237.87,238.96,13.477
2025-09-12 11:00:00+00:00,238.51,239.57,238.51,239.42,71.933
2025-09-12 12:00:00+00:00,239.32,240.0,237.57,239.09,50.85
2025-09-12 13:00:00+00:00,239.39,240.0,238.1,239.76,872.925
2025-09-12 14:00:00+00:00,239.5,241.44,239.46,239.9,748.952
2025-09-12 15:00:00+00:00,239.96,240.0,238.47,239.44,264.001
2025-09-12 16:00:00+00:00,239.21,239.21,237.91,238.79,244.766
2025-09-12 17:00:00+00:00,238.79,241.01,238.09,239.52,244.405
2025-09-12 18:00:00+00:00,240.31,241.14,239.77,240.47,49.478
2025-09-12 19:00:00+00:00,240.71,241.06,239.51,241.06,50.636
2025-09-12 20:00:00+00:00,240.7,241.07,239.2,240.33,106.047
2025-09-12 21:00:00+00:00,239.25,240.28,238.61,239.84,131.978
2025-09-12 22:00:00+00:00,239.98,243.79,239.98,241.27,312.496
2025-09-12 23:00:00+00:00,241.31,242.44,240.0,241.71,75.484
2025-09-13 00:00:00+00:00,242.36,243.43,241.77,243.43,158.546
2025-09-13 01:00:00+00:00,243.18,243.9,241.75,241.75,103.549
2025-09-13 02:00:00+00:00,241.69,242.58,240.82,242.14,112.252
2025-09-13 03:00:00+00:00,242.13,243.7,241.69,243.22,99.656
2025-09-13 04:00:00+00:00,242.97,243.61,242.45,243.2,24.667
2025-09-13 05:00:00+00:00,243.32,243.32,241.37,241.37,74.681
2025-09-13 06:00:00+00:00,241.35,242.71,241.22,242.27,40.556
2025-09-13 07:00:00+00:00,241.9,243.13,241.9,242.8,8.732
2025-09-13 08:00:00+00:00,242.32,242.92,241.93,242.92,24.797
2025-09-13 09:00:00+00:00,243.14,243.38,242.74,243.38,23.304
2025-09-13 10:00:00+00:00,242.93,243.17,242.3,242.53,7.491
2025-09-13 11:00:00+00:00,242.06,242.52,241.37,241.5,25.333
2025-09-13 12:00:00+00:00,241.6,242.49,241.37,242.1,63.061
2025-09-13 13:00:00+00:00,242.29,243.11,238.24,240.44,237.175
2025-09-13 14:00:00+00:00,239.23,240.77,238.61,240.3,789.938
2025-09-13 15:00:00+00:00,240.3,240.44,238.61,238.91,312.26
2025-09-13 16:00:00+00:00,239.23,239.73,237.45,237.61,205.578
2025-09-13 17:00:00+00:00,238.05,238.21,236.1,238.02,205.16
2025-09-13 18:00:00+00:00,237.59,238.79,237.37,238.32,328.227
2025-09-13 19:00:00+00:00,238.58,239.14,238.16,238.89,44.378
2025-09-13 20:00:00+00:00,238.91,240.19,238.54,240.1,191.727
2025-09-13 21:00:00+00:00,240.1,241.1,239.98,240.1,81.04
2025-09-13 22:00:00+00:00,239.93,241.53,239.93,241.53,135.073
2025-09-13 23:00:00+00:00,241.68,242.75,241.68,242.61,150.681
2025-09-14 00:00:00+00:00,242.74,243.82,242.0,243.82,522.641
2025-09-14 01:00:00+00:00,243.45,246.34,242.64,245.63,1043.48
2025-09-14 02:00:00+00:00,245.27,248.88,245.27,248.27,863.502
2025-09-14 03:00:00+00:00,248.5,249.2,246.55,246.7,388.764
2025-09-14 04:00:00+00:00,246.7,247.93,245.0,246.38,1101.978
2025-09-14 05:00:00+00:00,246.75,247.93,246.41,247.5,106.426
2025-09-14 06:00:00+00:00,247.48,248.19,246.19,247.09,12.924
2025-09-14 07:00:00+00:00,247.29,247.29,246.0,246.0,14.252
2025-09-14 08:00:00+00:00,246.56,246.89,246.32,246.89,9.823
2025-09-14 09:00:00+00:00,246.42,247.56,246.42,247.39,36.022
2025-09-14 10:00:00+00:00,247.57,247.89,247.45,247.75,7.577
2025-09-14 11:00:00+00:00,247.85,247.85,245.53,245.67,214.485
2025-09-14 12:00:00+00:00,245.77,246.66,245.05,245.73,236.16
2025-09-14 13:00:00+00:00,245.0,245.93,243.35,243.85,1110.882
2025-09-14 14:00:00+00:00,244.07,244.8,241.23,242.66,766.887
2025-09-14 15:00:00+00:00,242.65,243.84,241.12,243.51,1559.809
2025-09-14 16:00:00+00:00,243.61,245.59,243.53,245.06,122.179
2025-09-14 17:00:00+00:00,245.01,248.3,244.79,248.29,177.908
2025-09-14 18:00:00+00:00,248.0,248.05,241.07,244.46,526.239
2025-09-14 19:00:00+00:00,244.41,245.33,242.15,242.82,98.508
2025-09-14 20:00:00+00:00,242.86,243.38,241.07,242.69,401.471
2025-09-14 21:00:00+00:00,242.8,244.43,240.46,243.76,185.936
2025-09-14 22:00:00+00:00,244.16,244.16,240.95,242.93,124.524
2025-09-14 23:00:00+00:00,242.77,242.83,239.56,239.9,897.633
2025-09-15 00:00:00+00:00,239.84,241.9,239.79,240.91,273.44
2025-09-15 01:00:00+00:00,240.66,241.83,239.34,241.11,50.072
2025-09-15 02:00:00+00:00,241.17,242.85,240.94,242.18,66.668
2025-09-15 03:00:00+00:00,242.7,243.4,242.3,242.74,183.655
2025-09-15 04:00:00+00:00,242.82,243.53,242.3,242.56,57.748
2025-09-15 05:00:00+00:00,242.82,243.83,242.82,243.83,12.183
2025-09-15 06:00:00+00:00,243.85,244.14,239.89,240.56,34.348
2025-09-15 07:00:00+00:00,240.64,241.07,236.72,238.4,165.39
2025-09-15 08:00:00+00:00,238.36,238.36,232.6,232.6,312.194
2025-09-15 09:00:00+00:00,232.54,235.56,232.34,235.56,98.635
2025-09-15 10:00:00+00:00,235.59,236.74,234.82,236.74,125.032
2025-09-15 11:00:00+00:00,236.51,237.03,235.59,236.37,17.443
2025-09-15 12:00:00+00:00,236.5,237.9,234.61,234.61,257.345
2025-09-15 13:00:00+00:00,234.6,237.04,234.42,235.78,201.905
2025-09-15 14:00:00+00:00,235.2,235.55,232.9,233.4,179.87
2025-09-15 15:00:00+00:00,233.76,234.24,232.0,233.19,383.743
2025-09-15 16:00:00+00:00,233.19,233.4,230.94,231.6,783.544
2025-09-15 17:00:00+00:00,231.85,233.25,230.06,233.1,251.132
2025-09-15 18:00:00+00:00,232.95,233.6,232.14,233.6,43.38
2025-09-15 19:00:00+00:00,233.45,234.39,232.12,232.56,53.065
2025-09-15 20:00:00+00:00,232.58,234.24,232.58,234.24,81.325
2025-09-15 21:00:00+00:00,234.18,235.36,233.76,235.36,281.064
2025-09-15 22:00:00+00:00,235.3,235.33,233.75,234.22,95.2
2025-09-15 23:00:00+00:00,234.15,234.46,233.26,234.44,33.336
2025-09-16 00:00:00+00:00,233.92,234.56,233.02,233.05,66.628
2025-09-16 01:00:00+00:00,234.03,235.71,234.03,234.24,40.558
2025-09-16 02:00:00+00:00,234.55,235.1,234.01,234.59,31.266
2025-09-16 03:00:00+00:00,234.01,235.71,234.0,235.55,93.409
2025-09-16 04:00:00+00:00,235.27,235.27,233.16,234.61,50.768
2025-09-16 05:00:00+00:00,234.59,236.41,234.59,236.41,14.11
2025-09-16 06:00:00+00:00,236.41,236.88,234.66,235.29,54.007
2025-09-16 07:00:00+00:00,236.19,236.2,235.43,235.43,20.837
2025-09-16 08:00:00+00:00,236.2,236.88,235.37,235.7,24.037
2025-09-16 09:00:00+00:00,235.88,236.26,235.16,235.16,40.672
2025-09-16 10:00:00+00:00,235.44,235.51,235.0,235.46,11.453
2025-09-16 11:00:00+00:00,235.47,236.13,235.08,235.75,33.976
2025-09-16 12:00:00+00:00,235.44,236.13,234.61,235.57,39.963
2025-09-16 13:00:00+00:00,235.49,235.84,231.76,232.93,167.263
2025-09-16 14:00:00+00:00,233.18,234.3,231.64,234.3,447.351
2025-09-16 15:00:00+00:00,234.12,237.72,233.65,237.4,45.297
2025-09-16 16:00:00+00:00,237.85,238.95,236.2,238.25,180.742
2025-09-16 17:00:00+00:00,238.28,240.6,238.05,238.05,584.588
2025-09-16 18:00:00+00:00,238.05,239.39,237.0,237.19,173.151
2025-09-16 19:00:00+00:00,237.29,238.3,237.29,238.3,51.227
2025-09-16 20:00:00+00:00,238.29,238.3,237.65,238.3,32.129
2025-09-16 21:00:00+00:00,238.3,238.66,237.71,238.19,16.298
2025-09-16 22:00:00+00:00,238.64,238.87,237.58,238.57,12.839
2025-09-16 23:00:00+00:00,237.81,238.38,236.65,236.85,61.812
2025-09-17 00:00:00+00:00,236.77,237.17,235.77,235.87,148.968
2025-09-17 01:00:00+00:00,236.61,238.0,236.05,236.47,1520.325
2025-09-17 02:00:00+00:00,237.74,239.91,236.21,237.2,350.735
2025-09-17 03:00:00+00:00,237.19,240.0,234.39,235.32,486.835
2025-09-17 04:00:00+00:00,235.22,235.37,233.77,234.98,23.066
2025-09-17 05:00:00+00:00,234.98,235.2,232.0,234.63,2869.282
2025-09-17 06:00:00+00:00,234.61,236.28,234.42,235.74,158.584
2025-09-17 07:00:00+00:00,236.1,237.71,235.9,237.62,18.205
2025-09-17 08:00:00+00:00,237.76,237.76,234.84,236.06,9.803
2025-09-17 09:00:00+00:00,236.06,236.06,235.59,235.59,7.202
2025-09-17 10:00:00+00:00,236.04,236.04,233.95,234.06,125.773
2025-09-17 11:00:00+00:00,234.25,234.51,234.0,234.0,17.74
2025-09-17 12:00:00+00:00,233.92,235.25,233.92,234.41,30.729
2025-09-17 13:00:00+00:00,235.08,235.92,234.33,235.79,34.179
2025-09-17 14:00:00+00:00,235.23,235.79,233.66,234.24,55.641
2025-09-17 15:00:00+00:00,234.07,234.96,234.0,234.01,38.807
2025-09-17 16:00:00+00:00,233.74,234.56,232.5,234.51,89.921
2025-09-17 17:00:00+00:00,233.98,236.74,232.84,232.84,390.113
2025-09-17 18:00:00+00:00,232.8,238.0,232.5,233.39,1097.531
2025-09-17 19:00:00+00:00,233.79,238.99,233.79,238.82,247.034
2025-09-17 20:00:00+00:00,238.9,240.98,237.85,238.18,849.55
2025-09-17 21:00:00+00:00,237.54,240.46,236.19,239.7,145.976
2025-09-17 22:00:00+00:00,240.24,245.59,240.0,244.84,1451.806
2025-09-17 23:00:00+00:00,245.54,246.27,244.16,244.76,969.072
2025-09-18 00:00:00+00:00,245.15,245.77,244.25,244.78,221.377
2025-09-18 01:00:00+00:00,245.03,247.11,244.57,246.07,354.805
2025-09-18 02:00:00+00:00,245.9,246.57,244.9,246.57,54.76
2025-09-18 03:00:00+00:00,246.51,247.48,245.82,246.82,443.096
2025-09-18 04:00:00+00:00,246.91,246.91,245.51,246.37,184.574
2025-09-18 05:00:00+00:00,246.36,246.37,244.42,245.01,42.538
2025-09-18 06:00:00+00:00,245.02,245.37,242.71,244.37,243.151
2025-09-18 07:00:00+00:00,244.53,245.39,244.17,244.84,26.399
2025-09-18 08:00:00+00:00,244.27,246.79,244.27,246.78,139.141
2025-09-18 09:00:00+00:00,246.75,246.78,245.99,246.74,4.761
2025-09-18 10:00:00+00:00,246.56,246.67,245.42,246.23,62.558
2025-09-18 11:00:00+00:00,246.27,246.95,245.68,246.09,263.435
2025-09-18 12:00:00+00:00,246.23,246.93,245.73,246.51,29.511
2025-09-18 13:00:00+00:00,246.0,247.98,245.22,245.69,203.558
2025-09-18 14:00:00+00:00,246.27,247.98,245.94,247.93,55.92
2025-09-18 15:00:00+00:00,247.76,248.58,247.21,248.53,289.755
2025-09-18 16:00:00+00:00,248.46,249.99,247.81,249.98,871.485
2025-09-18 17:00:00+00:00,249.98,253.22,249.26,251.1,2949.885
2025-09-18 18:00:00+00:00,251.11,251.22,249.74,250.63,69.847
2025-09-18 19:00:00+00:00,250.4,250.4,247.1,248.71,123.285
2025-09-18 20:00:00+00:00,248.08,248.86,248.0,248.03,56.354
2025-09-18 21:00:00+00:00,248.04,248.52,247.45,248.14,58.704
2025-09-18 22:00:00+00:00,247.76,247.99,246.81,246.87,220.101
2025-09-18 23:00:00+00:00,246.81,247.5,245.86,247.48,51.953
2025-09-19 00:00:00+00:00,247.2,248.31,247.2,248.17,31.647
2025-09-19 01:00:00+00:00,248.2,248.2,246.98,247.92,354.603
2025-09-19 02:00:00+00:00,246.83,247.97,246.39,247.13,100.31
2025-09-19 03:00:00+00:00,246.78,247.92,244.99,245.04,153.044
2025-09-19 04:00:00+00:00,244.93,245.38,243.09,245.38,170.529
2025-09-19 05:00:00+00:00,244.57,245.69,244.56,245.66,26.04
2025-09-19 06:00:00+00:00,245.66,245.66,243.71,243.71,27.98
2025-09-19 07:00:00+00:00,244.21,244.49,243.4,244.2,11.644
2025-09-19 08:00:00+00:00,244.48,244.94,243.66,243.75,6.44
2025-09-19 09:00:00+00:00,243.76,244.28,243.0,243.15,662.448
2025-09-19 10:00:00+00:00,243.17,243.17,242.39,242.71,177.547
2025-09-19 11:00:00+00:00,242.71,242.78,240.37,241.32,150.332
2025-09-19 12:00:00+00:00,241.32,242.01,240.48,241.21,163.289
2025-09-19 13:00:00+00:00,241.19,242.17,240.99,242.17,64.385
2025-09-19 14:00:00+00:00,242.18,242.76,239.63,240.21,92.891
2025-09-19 15:00:00+00:00,239.62,239.62,236.19,237.31,573.512
2025-09-19 16:00:00+00:00,237.8,238.81,237.33,238.2,54.923
2025-09-19 17:00:00+00:00,238.78,238.78,236.52,237.09,94.067
2025-09-19 18:00:00+00:00,236.68,237.26,235.42,237.0,288.322
2025-09-19 19:00:00+00:00,237.02,238.02,236.22,236.22,34.544
2025-09-19 20:00:00+00:00,236.2,237.82,236.07,236.62,67.506
2025-09-19 21:00:00+00:00,237.01,238.28,236.6,238.11,148.717
2025-09-19 22:00:00+00:00,238.33,238.95,238.31,238.68,24.476
2025-09-19 23:00:00+00:00,238.46,238.82,237.02,238.47,106.404
2025-09-20 00:00:00+00:00,238.24,239.8,238.24,239.8,132.356
2025-09-20 01:00:00+00:00,239.79,239.81,238.48,238.48,12.164
2025-09-20 02:00:00+00:00,238.8,238.8,237.5,238.24,89.28
2025-09-20 03:00:00+00:00,238.35,238.62,237.91,237.98,18.09
2025-09-20 04:00:00+00:00,238.02,238.93,237.89,238.46,33.388
2025-09-20 05:00:00+00:00,238.97,239.49,238.48,239.45,28.797
2025-09-20 06:00:00+00:00,239.5,239.5,238.49,239.43,23.639
2025-09-20 07:00:00+00:00,239.49,239.58,239.28,239.31,34.283
2025-09-20 08:00:00+00:00,239.57,239.62,237.85,237.85,14.051
2025-09-20 09:00:00+00:00,237.95,238.27,237.27,237.66,59.935
2025-09-20 10:00:00+00:00,237.83,237.99,237.18,237.6,2.694
2025-09-20 11:00:00+00:00,237.63,238.22,237.56,238.09,2.342
2025-09-20 12:00:00+00:00,238.09,238.16,237.44,237.45,94.884
2025-09-20 13:00:00+00:00,237.45,238.07,237.45,237.68,378.543
2025-09-20 14:00:00+00:00,237.44,238.64,237.14,238.64,10.566
2025-09-20 15:00:00+00:00,238.64,240.73,238.63,239.52,445.202
2025-09-20 16:00:00+00:00,240.32,240.82,239.15,239.95,23.602
2025-09-20 17:00:00+00:00,240.28,242.95,239.19,239.34,721.659
2025-09-20 18:00:00+00:00,239.19,239.25,238.39,238.75,61.825
2025-09-20 19:00:00+00:00,238.39,239.17,238.23,238.74,23.402
2025-09-20 20:00:00+00:00,238.81,239.64,238.28,239.64,12.829
2025-09-20 21:00:00+00:00,239.73,240.3,239.73,239.85,59.81
2025-09-20 22:00:00+00:00,240.0,240.3,239.5,240.3,62.388
2025-09-20 23:00:00+00:00,240.22,240.22,239.32,239.78,6.235
2025-09-21 00:00:00+00:00,239.73,240.46,239.29,240.46,18.256
2025-09-21 01:00:00+00:00,240.81,240.81,239.66,240.0,140.877
2025-09-21 02:00:00+00:00,240.51,240.99,240.05,240.73,52.56
2025-09-21 03:00:00+00:00,241.16,241.71,240.56,241.71,48.675
2025-09-21 04:00:00+00:00,241.48,241.8,240.46,240.46,29.418
2025-09-21 05:00:00+00:00,240.46,240.69,240.0,240.63,20.534
2025-09-21 06:00:00+00:00,240.51,241.18,240.05,240.6,18.2
2025-09-21 07:00:00+00:00,240.38,240.38,239.71,240.34,8.814
2025-09-21 08:00:00+00:00,240.09,240.09,238.67,238.88,16.299
2025-09-21 09:00:00+00:00,238.99,238.99,237.27,238.43,41.566
2025-09-21 10:00:00+00:00,238.46,238.99,237.96,238.99,7.725
2025-09-21 11:00:00+00:00,239.0,239.0,238.44,238.88,1.584
2025-09-21 12:00:00+00:00,239.0,240.13,239.0,239.31,8.569
2025-09-21 13:00:00+00:00,239.86,240.06,239.25,239.25,12.936
2025-09-21 14:00:00+00:00,239.35,239.95,238.67,238.67,221.456
2025-09-21 15:00:00+00:00,238.48,238.92,237.89,237.94,32.995
2025-09-21 16:00:00+00:00,237.96,238.12,236.35,237.0,268.585
2025-09-21 17:00:00+00:00,237.0,238.0,236.49,238.0,433.834
2025-09-21 18:00:00+00:00,237.6,238.1,237.35,238.1,13.964
2025-09-21 19:00:00+00:00,238.24,238.24,237.2,238.2,24.027
2025-09-21 20:00:00+00:00,237.57,238.15,237.26,237.47,24.152
2025-09-21 21:00:00+00:00,237.99,237.99,236.59,237.68,17.297
2025-09-21 22:00:00+00:00,237.28,237.85,235.6,237.85,80.126
2025-09-21 23:00:00+00:00,237.85,237.85,236.19,236.19,24.578
2025-09-22 00:00:00+00:00,236.19,236.83,231.78,232.14,761.41
2025-09-22 01:00:00+00:00,232.22,234.83,232.22,232.96,143.838
2025-09-22 02:00:00+00:00,233.71,233.8,230.81,231.55,138.872
2025-09-22 03:00:00+00:00,232.12,232.91,231.92,232.46,24.094
2025-09-22 04:00:00+00:00,232.77,232.93,231.56,232.43,60.142
2025-09-22 05:00:00+00:00,231.93,231.93,225.23,225.25,478.497
2025-09-22 06:00:00+00:00,227.61,227.61,217.35,224.27,746.325
2025-09-22 07:00:00+00:00,223.96,224.74,222.09,222.09,18.79
2025-09-22 08:00:00+00:00,221.96,222.7,221.23,221.23,9.142
2025-09-22 09:00:00+00:00,221.07,221.15,219.59,220.8,29.39
2025-09-22 10:00:00+00:00,220.54,222.57,220.31,222.57,197.477
2025-09-22 11:00:00+00:00,222.62,222.91,221.58,221.93,11.219
2025-09-22 12:00:00+00:00,221.88,222.62,220.75,222.62,61.623
2025-09-22 13:00:00+00:00,222.94,224.02,221.62,223.7,241.768
2025-09-22 14:00:00+00:00,223.71,224.16,221.43,221.8,40.896
2025-09-22 15:00:00+00:00,222.13,222.13,220.18,220.52,332.12
2025-09-22 16:00:00+00:00,220.49,221.6,219.62,219.62,127.883
2025-09-22 17:00:00+00:00,220.2,221.5,218.35,221.24,377.809
2025-09-22 18:00:00+00:00,221.28,221.49,219.73,219.73,75.726
2025-09-22 19:00:00+00:00,219.57,219.93,216.6,217.04,144.172
2025-09-22 20:00:00+00:00,216.81,219.54,216.56,219.13,243.895
2025-09-22 21:00:00+00:00,219.54,221.12,219.36,221.12,88.305
2025-09-22 22:00:00+00:00,220.75,220.89,219.95,220.02,29.879
2025-09-22 23:00:00+00:00,219.91,220.75,219.6,220.75,108.266
2025-09-23 00:00:00+00:00,220.08,221.31,219.51,219.58,127.177
2025-09-23 01:00:00+00:00,220.0,220.0,216.87,216.87,83.573
2025-09-23 02:00:00+00:00,216.84,217.91,214.87,214.87,357.007
2025-09-23 03:00:00+00:00,214.77,217.52,212.63,217.3,293.779
2025-09-23 04:00:00+00:00,217.36,217.53,215.0,216.13,33.783
2025-09-23 05:00:00+00:00,215.95,217.54,214.72,217.46,56.152
2025-09-23 06:00:00+00:00,216.92,219.91,216.92,219.58,67.422
2025-09-23 07:00:00+00:00,218.98,219.47,218.9,218.92,5.639
2025-09-23 08:00:00+00:00,219.22,220.38,219.21,220.28,17.872
2025-09-23 09:00:00+00:00,219.88,220.81,218.56,218.82,61.93
2025-09-23 10:00:00+00:00,218.73,219.26,218.42,219.26,28.332
2025-09-23 11:00:00+00:00,218.42,219.31,218.12,219.08,181.1
2025-09-23 12:00:00+00:00,219.43,220.6,219.01,220.3,29.355
2025-09-23 13:00:00+00:00,220.03,220.66,219.0,219.0,26.488
2025-09-23 14:00:00+00:00,220.6,220.6,217.98,217.98,27.837
2025-09-23 15:00:00+00:00,217.98,220.13,217.32,219.47,178.168
2025-09-23 16:00:00+00:00,219.65,221.37,218.01,220.15,53.372
2025-09-23 17:00:00+00:00,220.23,220.23,216.19,216.38,47.506
2025-09-23 18:00:00+00:00,216.63,217.37,215.41,215.93,41.619
2025-09-23 19:00:00+00:00,216.38,216.87,214.53,215.03,41.988
2025-09-23 20:00:00+00:00,214.95,215.32,213.5,215.05,61.28
2025-09-23 21:00:00+00:00,215.11,216.37,214.69,216.01,42.612
2025-09-23 22:00:00+00:00,215.68,216.59,215.0,215.37,34.901
2025-09-23 23:00:00+00:00,215.54,215.94,213.5,213.5,21.7
2025-09-24 00:00:00+00:00,213.5,215.41,213.5,213.68,48.054
2025-09-24 01:00:00+00:00,213.51,216.13,213.01,215.64,3553.395
2025-09-24 02:00:00+00:00,215.78,216.09,212.36,213.82,2525.857
2025-09-24 03:00:00+00:00,213.24,214.23,206.95,208.42,2428.043
2025-09-24 04:00:00+00:00,208.22,208.86,204.0,207.6,1495.673
2025-09-24 05:00:00+00:00,207.81,210.09,207.81,209.56,177.262
2025-09-24 06:00:00+00:00,209.23,211.27,208.74,210.87,38.068
2025-09-24 07:00:00+00:00,210.9,210.9,209.21,210.35,151.132
2025-09-24 08:00:00+00:00,210.17,210.9,209.61,210.3,20.816
2025-09-24 09:00:00+00:00,210.26,210.99,209.85,210.99,30.35
2025-09-24 10:00:00+00:00,210.87,211.13,210.34,210.87,9.883
2025-09-24 11:00:00+00:00,211.16,212.46,211.16,212.0,15.193
2025-09-24 12:00:00+00:00,212.43,213.03,211.85,212.15,18.57
2025-09-24 13:00:00+00:00,211.96,213.01,211.69,211.78,39.656
2025-09-24 14:00:00+00:00,211.87,216.12,211.43,215.67,157.583
2025-09-24 15:00:00+00:00,216.11,216.11,210.36,213.99,476.263
2025-09-24 16:00:00+00:00,213.35,214.33,213.05,213.86,54.93
2025-09-24 17:00:00+00:00,213.93,215.35,213.32,214.98,22.638
2025-09-24 18:00:00+00:00,215.11,215.19,213.53,213.9,37.773
2025-09-24 19:00:00+00:00,214.23,214.23,212.45,213.79,56.472
2025-09-24 20:00:00+00:00,212.78,212.98,210.94,212.14,84.569
2025-09-24 21:00:00+00:00,211.98,212.48,210.93,210.93,16.522
2025-09-24 22:00:00+00:00,211.15,212.35,211.15,211.8,74.838
2025-09-24 23:00:00+00:00,211.7,212.19,211.35,211.65,8.03
2025-09-25 00:00:00+00:00,211.44,212.24,210.34,210.72,78.613
2025-09-25 01:00:00+00:00,210.33,210.99,207.84,207.84,233.634
2025-09-25 02:00:00+00:00,208.58,211.65,206.89,209.97,45.865
2025-09-25 03:00:00+00:00,209.84,209.84,206.08,207.36,192.557
2025-09-25 04:00:00+00:00,207.12,207.12,203.29,203.35,1694.604
2025-09-25 05:00:00+00:00,204.0,205.78,203.38,205.62,319.155
2025-09-25 06:00:00+00:00,205.49,205.49,203.66,203.77,224.786
2025-09-25 07:00:00+00:00,203.95,205.1,203.95,203.96,5.471
2025-09-25 08:00:00+00:00,204.97,205.31,203.85,203.85,7.099
2025-09-25 09:00:00+00:00,204.6,205.68,202.19,202.19,19.126
2025-09-25 10:00:00+00:00,202.27,203.66,202.06,202.06,66.355
2025-09-25 11:00:00+00:00,202.19,202.19,200.81,201.36,499.847
2025-09-25 12:00:00+00:00,201.95,202.42,197.54,198.38,602.088
2025-09-25 13:00:00+00:00,198.65,201.34,197.77,200.71,275.448
2025-09-25 14:00:00+00:00,200.96,203.71,200.96,202.44,1649.504
2025-09-25 15:00:00+00:00,202.36,202.85,200.53,200.64,172.061
2025-09-25 16:00:00+00:00,201.34,201.93,198.35,198.39,668.676
2025-09-25 17:00:00+00:00,198.38,198.71,193.81,194.56,1809.206
2025-09-25 18:00:00+00:00,194.79,199.37,194.65,199.37,966.182
2025-09-25 19:00:00+00:00,199.39,200.54,197.82,197.82,135.756
2025-09-25 20:00:00+00:00,197.82,198.7,195.11,196.37,63.643
2025-09-25 21:00:00+00:00,196.4,197.37,194.66,196.4,138.039
2025-09-25 22:00:00+00:00,196.5,197.41,194.0,194.36,115.748
2025-09-25 23:00:00+00:00,194.98,195.78,191.33,191.87,87.147
2025-09-26 00:00:00+00:00,192.48,195.73,192.48,195.7,230.151
2025-09-26 01:00:00+00:00,195.72,197.09,195.36,195.82,64.966
2025-09-26 02:00:00+00:00,196.55,197.4,195.55,196.5,53.114
2025-09-26 03:00:00+00:00,195.76,197.21,195.09,196.32,25.647
2025-09-26 04:00:00+00:00,196.54,197.19,195.19,195.92,59.055
2025-09-26 05:00:00+00:00,195.73,197.22,194.62,194.95,123.012
2025-09-26 06:00:00+00:00,194.89,196.62,193.9,195.04,118.587
2025-09-26 07:00:00+00:00,195.26,196.55,194.1,195.76,74.035
2025-09-26 08:00:00+00:00,196.37,196.82,195.98,196.08,2.069
2025-09-26 09:00:00+00:00,196.08,196.46,194.0,194.0,58.23
2025-09-26 10:00:00+00:00,194.0,194.0,192.05,192.45,539.126
2025-09-26 11:00:00+00:00,192.0,193.76,190.9,193.76,90.554
2025-09-26 12:00:00+00:00,192.73,197.87,192.64,196.65,278.977
2025-09-26 13:00:00+00:00,196.78,197.16,194.75,196.75,44.287
2025-09-26 14:00:00+00:00,197.04,197.05,193.53,193.76,105.191
2025-09-26 15:00:00+00:00,194.52,196.81,194.52,195.86,20.243
2025-09-26 16:00:00+00:00,196.62,199.72,196.39,199.39,451.294
2025-09-26 17:00:00+00:00,199.67,201.81,199.62,201.22,160.817
2025-09-26 18:00:00+00:00,201.46,202.6,200.99,202.17,1271.905
2025-09-26 19:00:00+00:00,201.34,201.48,199.36,201.09,105.291
2025-09-26 20:00:00+00:00,200.18,200.69,199.73,200.18,28.683
2025-09-26 21:00:00+00:00,200.07,202.36,199.82,202.26,44.687
2025-09-26 22:00:00+00:00,202.35,203.94,202.03,203.73,119.95
2025-09-26 23:00:00+00:00,203.3,205.18,202.88,204.73,170.621
2025-09-27 00:00:00+00:00,204.9,205.4,203.97,205.02,34.222
2025-09-27 01:00:00+00:00,205.39,205.4,203.79,204.59,77.568
2025-09-27 02:00:00+00:00,204.63,204.63,203.78,203.78,14.004
2025-09-27 03:00:00+00:00,204.02,204.81,203.48,204.06,55.491
2025-09-27 04:00:00+00:00,203.78,204.16,203.05,203.05,6.503
2025-09-27 05:00:00+00:00,203.0,203.23,202.25,202.25,187.502
2025-09-27 06:00:00+00:00,202.4,202.61,201.73,202.61,86.742
2025-09-27 07:00:00+00:00,202.95,203.06,201.62,201.62,6.369
2025-09-27 08:00:00+00:00,202.31,202.31,200.92,200.92,25.795
2025-09-27 09:00:00+00:00,200.89,201.34,199.97,201.34,14.606
2025-09-27 10:00:00+00:00,200.96,201.77,200.74,201.77,2.063
2025-09-27 11:00:00+00:00,201.63,202.13,201.49,201.53,2.646
2025-09-27 12:00:00+00:00,201.62,202.87,201.24,202.87,22.561
2025-09-27 13:00:00+00:00,202.16,203.27,202.16,202.64,17.246
2025-09-27 14:00:00+00:00,202.98,203.53,202.49,202.49,28.581
2025-09-27 15:00:00+00:00,202.56,203.61,201.94,203.54,16.86
2025-09-27 16:00:00+00:00,203.44,203.44,202.61,202.61,3.99
2025-09-27 17:00:00+00:00,202.75,202.86,200.92,201.67,45.519
2025-09-27 18:00:00+00:00,201.94,202.1,201.32,201.34,19.968
2025-09-27 19:00:00+00:00,201.46,202.15,201.46,202.15,29.594
2025-09-27 20:00:00+00:00,202.37,202.87,201.82,202.39,24.396
2025-09-27 21:00:00+00:00,202.56,204.0,202.35,203.89,15.309
2025-09-27 22:00:00+00:00,204.0,204.85,203.67,203.98,50.193
2025-09-27 23:00:00+00:00,203.67,203.99,203.3,203.3,31.126
2025-09-28 00:00:00+00:00,203.5,203.94,202.45,202.96,26.183
2025-09-28 01:00:00+00:00,202.96,202.96,200.97,201.22,28.021
2025-09-28 02:00:00+00:00,200.97,202.11,200.97,201.54,24.897
2025-09-28 03:00:00+00:00,201.4,201.87,200.69,201.36,14.877
2025-09-28 04:00:00+00:00,201.1,201.94,201.1,201.94,12.218
2025-09-28 05:00:00+00:00,201.91,202.44,201.34,201.39,9.068
2025-09-28 06:00:00+00:00,201.34,201.69,200.5,201.34,6.991
2025-09-28 07:00:00+00:00,201.55,201.82,201.18,201.57,30.092
2025-09-28 08:00:00+00:00,201.95,202.32,201.45,202.05,3.723
2025-09-28 09:00:00+00:00,201.67,201.83,200.96,201.44,3.924
2025-09-28 10:00:00+00:00,200.54,200.74,200.18,200.69,11.998
2025-09-28 11:00:00+00:00,200.7,200.7,199.29,200.05,73.816
2025-09-28 12:00:00+00:00,199.5,199.5,198.19,198.64,39.214
2025-09-28 13:00:00+00:00,198.6,201.05,198.36,201.05,20.266
2025-09-28 14:00:00+00:00,200.68,201.53,200.63,201.51,103.954
2025-09-28 15:00:00+00:00,201.71,203.27,201.71,203.27,30.434
2025-09-28 16:00:00+00:00,203.34,204.39,203.34,204.05,188.653
2025-09-28 17:00:00+00:00,204.08,205.53,203.9,204.97,72.601
2025-09-28 18:00:00+00:00,205.21,206.32,204.9,205.92,26.383
2025-09-28 19:00:00+00:00,205.85,206.46,205.42,206.24,178.526
2025-09-28 20:00:00+00:00,206.46,207.91,205.82,207.23,732.726
2025-09-28 21:00:00+00:00,207.1,207.38,206.84,206.97,7.076
2025-09-28 22:00:00+00:00,207.34,209.89,207.34,209.86,57.139
2025-09-28 23:00:00+00:00,209.88,210.74,209.44,210.69,122.578
2025-09-29 00:00:00+00:00,210.73,210.98,209.31,209.41,142.548
2025-09-29 01:00:00+00:00,209.23,209.7,208.95,209.5,107.671
2025-09-29 02:00:00+00:00,209.41,210.88,209.29,209.3,43.208
2025-09-29 03:00:00+00:00,209.48,210.26,209.07,210.02,63.1
2025-09-29 04:00:00+00:00,210.39,210.69,209.78,210.33,33.565
2025-09-29 05:00:00+00:00,209.69,209.69,209.06,209.58,28.778
2025-09-29 06:00:00+00:00,208.77,208.77,207.49,208.71,690.783
2025-09-29 07:00:00+00:00,208.11,208.95,207.41,208.75,5.318
2025-09-29 08:00:00+00:00,209.01,209.15,208.91,209.07,147.174
2025-09-29 09:00:00+00:00,208.72,208.72,207.9,208.05,5.119
2025-09-29 10:00:00+00:00,207.95,208.36,206.32,206.32,27.286
2025-09-29 11:00:00+00:00,206.53,207.14,206.11,206.95,9.217
2025-09-29 12:00:00+00:00,207.03,207.15,205.28,205.38,27.908
2025-09-29 13:00:00+00:00,205.31,209.14,204.75,209.14,83.74
2025-09-29 14:00:00+00:00,209.0,212.7,209.0,212.42,194.51
2025-09-29 15:00:00+00:00,212.42,213.3,209.88,210.14,87.238
2025-09-29 16:00:00+00:00,210.49,211.27,208.74,208.74,48.32
2025-09-29 17:00:00+00:00,209.01,210.09,207.94,210.09,122.014
2025-09-29 18:00:00+00:00,210.33,210.42,209.39,210.36,26.98
2025-09-29 19:00:00+00:00,210.56,213.21,210.56,212.95,192.331
2025-09-29 20:00:00+00:00,213.19,214.29,213.0,214.29,130.379
2025-09-29 21:00:00+00:00,214.28,214.67,213.62,214.0,78.196
2025-09-29 22:00:00+00:00,214.05,214.06,212.8,213.33,25.077
2025-09-29 23:00:00+00:00,213.54,213.58,212.23,212.87,87.61
2025-09-30 00:00:00+00:00,212.88,213.7,211.29,211.34,56.051
2025-09-30 01:00:00+00:00,211.28,212.69,209.9,210.66,252.361
2025-09-30 02:00:00+00:00,210.33,210.83,210.12,210.61,167.569
2025-09-30 03:00:00+00:00,210.39,211.46,210.33,210.79,116.626
2025-09-30 04:00:00+00:00,210.83,211.71,210.42,210.42,42.019
2025-09-30 05:00:00+00:00,210.27,210.8,209.06,210.32,98.615
2025-09-30 06:00:00+00:00,210.16,210.42,209.89,210.4,7.784
2025-09-30 07:00:00+00:00,210.58,210.66,208.6,208.62,14.874
2025-09-30 08:00:00+00:00,208.59,208.9,208.03,208.04,6.486
2025-09-30 09:00:00+00:00,207.95,207.95,205.57,205.57,153.068
2025-09-30 10:00:00+00:00,205.72,206.85,205.66,206.71,158.033
2025-09-30 11:00:00+00:00,206.72,207.0,206.02,207.0,111.226
2025-09-30 12:00:00+00:00,207.03,207.19,206.24,206.24,8.941
2025-09-30 13:00:00+00:00,206.12,209.27,205.98,208.12,209.201
2025-09-30 14:00:00+00:00,207.51,208.2,206.15,208.2,87.129
2025-09-30 15:00:00+00:00,208.67,209.02,204.91,206.04,160.674
2025-09-30 16:00:00+00:00,205.92,206.17,204.5,205.0,36.933
2025-09-30 17:00:00+00:00,205.0,206.0,204.61,205.83,103.024
2025-09-30 18:00:00+00:00,205.77,207.56,205.46,207.34,35.574
2025-09-30 19:00:00+00:00,207.56,209.06,207.31,208.85,44.765
2025-09-30 20:00:00+00:00,208.84,209.91,208.48,209.87,12.919
2025-09-30 21:00:00+00:00,209.87,210.8,209.45,210.16,114.434
2025-09-30 22:00:00+00:00,210.37,210.86,207.94,208.32,67.408
2025-09-30 23:00:00+00:00,207.94,208.65,207.62,208.54,4.29
2025-10-01 00:00:00+00:00,208.5,209.41,206.58,207.52,23.264
2025-10-01 01:00:00+00:00,207.9,210.19,207.49,210.16,1398.93
2025-10-01 02:00:00+00:00,209.67,210.4,208.5,209.06,2033.803
2025-10-01 03:00:00+00:00,208.98,209.36,206.24,206.71,969.64
2025-10-01 04:00:00+00:00,206.54,209.06,206.39,208.19,2003.896
2025-10-01 05:00:00+00:00,208.52,209.55,207.69,208.84,1128.323
2025-10-01 06:00:00+00:00,209.02,209.19,207.5,207.5,1756.649
2025-10-01 07:00:00+00:00,207.6,209.99,207.49,209.53,3326.271
2025-10-01 08:00:00+00:00,210.04,216.77,208.8,216.55,2965.479
2025-10-01 09:00:00+00:00,216.08,217.58,215.54,216.76,3823.906
2025-10-01 10:00:00+00:00,217.32,217.38,215.83,216.39,1570.645
2025-10-01 11:00:00+00:00,217.06,217.58,216.45,217.31,87.049
2025-10-01 12:00:00+00:00,217.6,219.0,216.58,218.26,314.462
2025-10-01 13:00:00+00:00,218.64,219.5,218.19,219.08,239.052
2025-10-01 14:00:00+00:00,219.07,220.54,218.78,219.51,288.827
2025-10-01 15:00:00+00:00,219.81,220.29,218.84,219.66,1255.494
2025-10-01 16:00:00+00:00,220.3,220.91,219.0,219.0,161.638
2025-10-01 17:00:00+00:00,219.36,219.6,217.28,217.28,114.437
2025-10-01 18:00:00+00:00,217.58,219.17,217.58,219.17,140.529
2025-10-01 19:00:00+00:00,219.17,220.2,219.17,220.2,15.494
2025-10-01 20:00:00+00:00,220.0,220.3,219.4,219.43,158.497
2025-10-01 21:00:00+00:00,219.1,219.15,218.28,218.9,31.955
2025-10-01 22:00:00+00:00,219.31,219.82,219.04,219.52,56.203
2025-10-01 23:00:00+00:00,219.56,222.46,219.55,221.71,212.96
2025-10-02 00:00:00+00:00,222.0,222.29,219.69,219.88,93.95
2025-10-02 01:00:00+00:00,219.74,222.85,219.64,222.85,93.558
2025-10-02 02:00:00+00:00,222.76,223.83,221.42,223.5,316.46
2025-10-02 03:00:00+00:00,223.05,224.7,222.74,223.78,200.475
2025-10-02 04:00:00+00:00,223.59,224.7,222.51,223.5,78.894
2025-10-02 05:00:00+00:00,223.88,226.34,223.41,223.95,103.945
2025-10-02 06:00:00+00:00,224.14,225.42,223.71,224.84,19.187
2025-10-02 07:00:00+00:00,224.93,225.14,222.42,222.42,10.46
2025-10-02 08:00:00+00:00,222.93,224.65,222.92,224.56,31.796
2025-10-02 09:00:00+00:00,224.29,225.67,224.29,224.63,183.428
2025-10-02 10:00:00+00:00,224.85,225.4,224.67,224.93,12.767
2025-10-02 11:00:00+00:00,225.14,226.35,224.69,225.15,43.816
2025-10-02 12:00:00+00:00,225.17,227.0,224.96,226.97,224.274
2025-10-02 13:00:00+00:00,226.97,227.01,224.86,226.56,221.017
2025-10-02 14:00:00+00:00,226.44,226.5,223.2,223.57,218.292
2025-10-02 15:00:00+00:00,223.54,227.0,222.64,227.0,144.76
2025-10-02 16:00:00+00:00,227.0,229.09,226.53,228.0,720.321
2025-10-02 17:00:00+00:00,227.97,229.98,227.55,229.8,255.675
2025-10-02 18:00:00+00:00,229.9,232.8,229.9,232.54,510.368
2025-10-02 19:00:00+00:00,231.89,233.45,231.82,232.42,291.778
2025-10-02 20:00:00+00:00,232.24,232.47,230.77,232.47,283.278
2025-10-02 21:00:00+00:00,232.43,233.56,232.43,232.54,100.725
2025-10-02 22:00:00+00:00,232.48,233.7,232.24,232.72,38.122
2025-10-02 23:00:00+00:00,233.27,234.72,233.27,234.39,330.224
2025-10-03 00:00:00+00:00,234.72,234.72,231.59,231.91,128.154
2025-10-03 01:00:00+00:00,231.97,232.93,230.52,230.54,172.564
2025-10-03 02:00:00+00:00,230.52,233.06,230.51,232.88,181.265
2025-10-03 03:00:00+00:00,233.06,234.42,231.91,231.91,118.339
2025-10-03 04:00:00+00:00,231.88,233.13,231.39,231.88,23.945
2025-10-03 05:00:00+00:00,231.88,232.06,229.99,231.16,107.532
2025-10-03 06:00:00+00:00,231.07,231.16,227.87,229.26,229.536
2025-10-03 07:00:00+00:00,229.3,229.55,228.64,229.55,10.073
2025-10-03 08:00:00+00:00,229.03,230.77,228.19,230.77,26.133
2025-10-03 09:00:00+00:00,230.97,231.41,230.45,231.02,18.893
2025-10-03 10:00:00+00:00,231.08,231.33,230.21,230.72,12.016
2025-10-03 11:00:00+00:00,230.78,231.2,229.63,230.76,10.61
2025-10-03 12:00:00+00:00,230.12,230.93,229.81,230.21,20.813
2025-10-03 13:00:00+00:00,229.91,230.77,228.8,229.62,83.911
2025-10-03 14:00:00+00:00,229.2,230.63,227.23,230.02,75.485
2025-10-03 15:00:00+00:00,230.29,234.72,229.58,234.62,312.683
2025-10-03 16:00:00+00:00,234.72,236.61,233.7,233.7,1197.875
2025-10-03 17:00:00+00:00,233.7,233.7,228.68,229.92,512.699
2025-10-03 18:00:00+00:00,229.88,233.29,229.12,233.29,238.501
2025-10-03 19:00:00+00:00,233.4,235.07,232.77,233.24,710.316
2025-10-03 20:00:00+00:00,232.98,233.06,230.91,232.85,69.898
2025-10-03 21:00:00+00:00,233.03,233.11,231.92,232.13,47.558
2025-10-03 22:00:00+00:00,232.73,233.7,232.5,233.08,91.67
2025-10-03 23:00:00+00:00,232.93,233.48,232.47,232.74,13.993
2025-10-04 00:00:00+00:00,232.73,233.7,231.56,231.75,347.991
2025-10-04 01:00:00+00:00,231.56,231.75,229.64,229.94,35.867
2025-10-04 02:00:00+00:00,229.95,230.94,228.44,229.83,305.893
2025-10-04 03:00:00+00:00,229.3,229.3,227.63,229.2,33.844
2025-10-04 04:00:00+00:00,229.18,229.58,229.0,229.23,27.103
2025-10-04 05:00:00+00:00,229.57,230.02,229.5,229.5,52.036
2025-10-04 06:00:00+00:00,229.98,230.49,229.3,229.72,10.192
2025-10-04 07:00:00+00:00,229.78,229.78,228.5,228.5,10.33
2025-10-04 08:00:00+00:00,229.26,229.3,228.44,228.44,7.092
2025-10-04 09:00:00+00:00,229.14,229.14,228.81,229.05,3.093
2025-10-04 10:00:00+00:00,229.18,229.9,228.51,228.76,9.742
2025-10-04 11:00:00+00:00,229.46,229.5,228.5,228.64,57.525
2025-10-04 12:00:00+00:00,228.88,229.15,228.19,228.19,35.524
2025-10-04 13:00:00+00:00,228.45,229.6,228.45,228.54,21.536
2025-10-04 14:00:00+00:00,228.77,229.43,226.71,226.71,38.603
2025-10-04 15:00:00+00:00,226.79,227.37,224.41,224.57,324.577
2025-10-04 16:00:00+00:00,224.7,225.56,223.23,225.18,325.072
2025-10-04 17:00:00+00:00,225.74,226.95,225.46,226.46,64.122
2025-10-04 18:00:00+00:00,226.46,226.91,225.67,225.67,45.303
2025-10-04 19:00:00+00:00,225.7,226.81,225.7,226.37,35.382
2025-10-04 20:00:00+00:00,226.96,227.76,226.95,227.28,66.521
2025-10-04 21:00:00+00:00,227.43,228.15,226.98,226.98,37.918
2025-10-04 22:00:00+00:00,227.23,227.72,227.12,227.39,19.689
2025-10-04 23:00:00+00:00,227.78,228.1,227.24,227.95,9.036
2025-10-05 00:00:00+00:00,227.66,228.25,226.82,226.86,16.457
2025-10-05 01:00:00+00:00,226.67,227.75,226.67,227.63,12.158
2025-10-05 02:00:00+00:00,227.64,231.16,227.24,231.16,789.014
2025-10-05 03:00:00+00:00,231.25,232.2,230.29,230.77,117.542
2025-10-05 04:00:00+00:00,231.34,234.61,231.29,233.55,325.478
2025-10-05 05:00:00+00:00,234.15,234.66,233.43,234.2,403.564
2025-10-05 06:00:00+00:00,234.55,235.74,233.93,235.38,222.329
2025-10-05 07:00:00+00:00,234.94,236.7,234.94,236.51,96.605
2025-10-05 08:00:00+00:00,236.51,236.85,235.26,235.26,44.262
2025-10-05 09:00:00+00:00,235.24,235.49,231.91,233.5,90.712
2025-10-05 10:00:00+00:00,232.96,232.96,230.76,232.14,104.817
2025-10-05 11:00:00+00:00,231.97,232.71,230.86,232.32,18.874
2025-10-05 12:00:00+00:00,231.55,231.89,231.0,231.66,10.125
2025-10-05 13:00:00+00:00,231.14,231.83,230.62,231.83,25.405
2025-10-05 14:00:00+00:00,231.8,231.91,228.61,230.22,323.199
2025-10-05 15:00:00+00:00,229.89,230.77,229.67,229.94,10.052
2025-10-05 16:00:00+00:00,230.41,231.1,229.12,231.1,24.42
2025-10-05 17:00:00+00:00,231.16,231.26,229.43,229.43,132.596
2025-10-05 18:00:00+00:00,229.88,229.88,227.68,228.85,48.011
2025-10-05 19:00:00+00:00,228.9,228.9,226.95,226.95,29.659
2025-10-05 20:00:00+00:00,226.95,228.92,226.74,228.2,51.992
2025-10-05 21:00:00+00:00,227.95,228.7,227.69,228.54,81.025
2025-10-05 22:00:00+00:00,228.8,228.9,227.15,228.34,32.666
2025-10-05 23:00:00+00:00,228.1,228.92,228.1,228.53,43.13
2025-10-06 00:00:00+00:00,228.42,230.13,227.76,228.8,443.572
2025-10-06 01:00:00+00:00,228.77,231.47,227.89,231.27,29.172
2025-10-06 02:00:00+00:00,231.55,232.72,230.06,232.2,120.256
2025-10-06 03:00:00+00:00,232.2,233.0,231.61,232.19,361.766
2025-10-06 04:00:00+00:00,232.01,232.23,230.76,230.76,98.072
2025-10-06 05:00:00+00:00,230.7,232.2,230.28,232.2,34.864
2025-10-06 06:00:00+00:00,232.1,234.47,232.1,233.7,454.592
2025-10-06 07:00:00+00:00,233.71,234.07,230.77,231.09,15.003
2025-10-06 08:00:00+00:00,231.91,233.76,231.91,233.76,20.681
2025-10-06 09:00:00+00:00,233.89,234.13,232.85,233.69,7.211
2025-10-06 10:00:00+00:00,233.4,233.68,232.43,232.92,6.076
2025-10-06 11:00:00+00:00,232.36,233.69,231.78,232.93,33.928
2025-10-06 12:00:00+00:00,233.06,234.43,232.83,233.76,22.714
2025-10-06 13:00:00+00:00,233.89,235.09,232.9,234.66,262.852
2025-10-06 14:00:00+00:00,234.25,235.68,233.06,233.69,81.427
2025-10-06 15:00:00+00:00,233.88,236.43,233.78,235.77,241.463
2025-10-06 16:00:00+00:00,236.38,236.38,234.21,235.9,27.422
2025-10-06 17:00:00+00:00,235.8,237.48,235.28,236.75,157.037
2025-10-06 18:00:00+00:00,236.25,237.05,234.86,236.81,117.948
2025-10-06 19:00:00+00:00,237.01,237.01,234.74,235.55,55.843
2025-10-06 20:00:00+00:00,235.53,236.14,233.4,233.83,214.053
2025-10-06 21:00:00+00:00,234.35,234.82,232.85,234.15,47.541
2025-10-06 22:00:00+00:00,234.15,234.9,234.15,234.86,207.855
2025-10-06 23:00:00+00:00,234.74,234.78,232.04,232.54,66.275
2025-10-07 00:00:00+00:00,232.1,233.02,231.24,232.3,105.362
2025-10-07 01:00:00+00:00,232.47,233.05,231.1,232.41,126.886
2025-10-07 02:00:00+00:00,232.74,233.84,232.33,233.55,33.796
2025-10-07 03:00:00+00:00,233.58,233.82,233.16,233.69,120.65
2025-10-07 04:00:00+00:00,233.9,235.07,232.89,235.06,27.877
2025-10-07 05:00:00+00:00,235.06,235.06,233.29,233.29,78.024
2025-10-07 06:00:00+00:00,233.4,233.66,230.0,230.87,234.928
2025-10-07 07:00:00+00:00,231.01,231.16,230.0,231.16,46.481
2025-10-07 08:00:00+00:00,231.08,231.08,228.56,230.12,237.188
2025-10-07 09:00:00+00:00,230.02,230.63,229.86,230.34,102.735
2025-10-07 10:00:00+00:00,230.01,231.43,230.01,230.8,72.41
2025-10-07 11:00:00+00:00,230.75,231.18,230.04,230.52,42.077
2025-10-07 12:00:00+00:00,230.2,231.23,229.22,231.23,478.042
2025-10-07 13:00:00+00:00,231.22,231.49,226.53,227.79,370.518
2025-10-07 14:00:00+00:00,227.78,227.78,224.83,225.49,269.421
2025-10-07 15:00:00+00:00,225.21,225.32,221.62,223.69,590.224
2025-10-07 16:00:00+00:00,223.54,225.14,222.01,224.04,219.502
2025-10-07 17:00:00+00:00,224.33,224.9,222.92,222.92,128.129
2025-10-07 18:00:00+00:00,222.73,223.48,222.0,222.0,143.378
2025-10-07 19:00:00+00:00,222.0,222.91,221.05,221.73,126.987
2025-10-07 20:00:00+00:00,222.0,224.26,222.0,223.56,113.839
2025-10-07 21:00:00+00:00,223.05,224.14,222.45,222.47,61.833
2025-10-07 22:00:00+00:00,222.83,223.65,222.37,222.37,168.317
2025-10-07 23:00:00+00:00,222.31,222.44,220.08,220.84,142.375
2025-10-08 00:00:00+00:00,220.08,221.81,218.74,221.37,246.231
2025-10-08 01:00:00+00:00,220.88,222.19,220.67,221.72,2801.696
2025-10-08 02:00:00+00:00,221.4,222.38,220.86,221.48,2950.567
2025-10-08 03:00:00+00:00,220.87,221.01,218.12,218.22,347.165
2025-10-08 04:00:00+00:00,218.18,220.31,217.14,220.04,210.173
2025-10-08 05:00:00+00:00,220.02,220.02,218.5,219.5,109.796
2025-10-08 06:00:00+00:00,219.16,220.26,218.45,220.24,71.461
2025-10-08 07:00:00+00:00,220.21,220.74,219.45,220.7,149.523
2025-10-08 08:00:00+00:00,220.88,222.5,220.88,221.8,79.486
2025-10-08 09:00:00+00:00,221.6,222.05,220.75,221.41,52.64
2025-10-08 10:00:00+00:00,221.47,222.09,221.0,221.84,1201.164
2025-10-08 11:00:00+00:00,222.09,222.35,220.76,220.97,166.565
2025-10-08 12:00:00+00:00,221.48,222.43,220.89,222.22,245.048
2025-10-08 13:00:00+00:00,222.43,222.62,219.0,221.39,153.641
2025-10-08 14:00:00+00:00,221.42,224.03,219.67,220.17,46.128
2025-10-08 15:00:00+00:00,220.51,222.66,220.5,221.48,40.578
2025-10-08 16:00:00+00:00,221.19,223.64,220.79,223.64,101.658
2025-10-08 17:00:00+00:00,223.52,227.7,223.49,227.23,1202.001
2025-10-08 18:00:00+00:00,227.1,229.51,226.39,229.49,274.81
2025-10-08 19:00:00+00:00,228.61,229.43,227.44,229.43,130.294
2025-10-08 20:00:00+00:00,229.36,229.55,227.6,227.6,141.577
2025-10-08 21:00:00+00:00,227.98,228.95,227.4,228.55,69.671
2025-10-08 22:00:00+00:00,228.66,229.6,228.66,228.66,41.852
2025-10-08 23:00:00+00:00,228.66,229.19,227.77,229.11,160.063
2025-10-09 00:00:00+00:00,229.24,229.55,227.97,228.46,80.273
2025-10-09 01:00:00+00:00,228.75,228.75,226.19,228.5,161.843
2025-10-09 02:00:00+00:00,228.61,228.61,223.87,224.36,1118.876
2025-10-09 03:00:00+00:00,224.9,226.4,224.9,226.09,206.169
2025-10-09 04:00:00+00:00,226.12,227.39,225.64,227.39,142.95
2025-10-09 05:00:00+00:00,227.33,228.68,226.61,227.5,43.598
2025-10-09 06:00:00+00:00,228.05,228.21,226.63,226.63,40.942
2025-10-09 07:00:00+00:00,226.52,226.98,224.26,224.61,37.652
2025-10-09 08:00:00+00:00,224.49,224.51,219.68,219.68,216.757
2025-10-09 09:00:00+00:00,219.9,221.89,219.9,221.89,115.672
2025-10-09 10:00:00+00:00,222.24,222.82,221.14,222.35,36.047
2025-10-09 11:00:00+00:00,222.35,223.96,222.35,223.2,142.384
2025-10-09 12:00:00+00:00,223.2,226.25,223.2,226.25,48.992
2025-10-09 13:00:00+00:00,226.1,226.16,222.33,222.33,117.204
2025-10-09 14:00:00+00:00,222.04,223.17,219.73,220.67,205.41
2025-10-09 15:00:00+00:00,221.12,221.9,218.9,218.93,210.854
2025-10-09 16:00:00+00:00,219.03,220.07,216.63,216.63,662.683
2025-10-09 17:00:00+00:00,216.97,219.1,216.97,219.1,166.786
2025-10-09 18:00:00+00:00,219.46,219.46,217.26,217.87,216.81
2025-10-09 19:00:00+00:00,217.94,218.61,217.8,217.84,135.984
2025-10-09 20:00:00+00:00,218.35,219.18,217.62,218.64,77.899
2025-10-09 21:00:00+00:00,218.72,220.31,218.72,220.31,33.094
2025-10-09 22:00:00+00:00,220.33,221.62,219.76,221.18,203.802
2025-10-09 23:00:00+00:00,220.86,220.86,219.87,220.75,188.411
2025-10-10 00:00:00+00:00,221.1,221.92,221.06,221.06,13.689
2025-10-10 01:00:00+00:00,221.49,222.0,220.73,220.8,10.786
2025-10-10 02:00:00+00:00,221.09,221.82,220.1,220.1,58.889
2025-10-10 03:00:00+00:00,219.92,222.62,219.64,221.36,133.434
2025-10-10 04:00:00+00:00,221.9,222.79,221.05,221.3,42.636
2025-10-10 05:00:00+00:00,221.2,221.7,220.2,221.7,27.782
2025-10-10 06:00:00+00:00,221.52,222.32,219.53,219.53,63.409
2025-10-10 07:00:00+00:00,219.5,219.5,218.09,218.09,21.072
2025-10-10 08:00:00+00:00,218.07,219.91,217.52,219.91,47.602
2025-10-10 09:00:00+00:00,219.51,220.59,219.08,219.08,7.01
2025-10-10 10:00:00+00:00,219.03,220.2,219.03,220.2,123.494
2025-10-10 11:00:00+00:00,220.6,221.49,220.6,221.49,9.918
2025-10-10 12:00:00+00:00,221.53,221.7,220.81,221.7,11.042
2025-10-10 13:00:00+00:00,221.7,224.22,221.47,222.56,118.933
2025-10-10 14:00:00+00:00,223.58,224.33,219.91,219.91,147.513
2025-10-10 15:00:00+00:00,219.74,219.83,209.09,211.08,1218.689
2025-10-10 16:00:00+00:00,211.07,213.02,210.32,211.2,241.158
2025-10-10 17:00:00+00:00,211.39,211.48,209.08,209.75,378.877
2025-10-10 18:00:00+00:00,209.45,210.06,207.62,207.62,264.289
2025-10-10 19:00:00+00:00,208.11,208.19,203.7,205.61,500.248
2025-10-10 20:00:00+00:00,206.32,207.84,200.0,200.01,600.828
2025-10-10 21:00:00+00:00,201.5,202.18,192.62,201.0,1817.697
2025-10-10 22:00:00+00:00,200.73,201.0,188.85,189.95,1215.169
2025-10-10 23:00:00+00:00,189.68,196.52,188.6,188.66,1031.501
2025-10-11 00:00:00+00:00,190.24,192.58,185.99,190.29,434.942
2025-10-11 01:00:00+00:00,190.29,192.4,182.89,183.83,596.574
2025-10-11 02:00:00+00:00,185.04,190.9,183.69,188.99,136.029
2025-10-11 03:00:00+00:00,189.3,190.04,183.0,185.09,438.84
2025-10-11 04:00:00+00:00,185.08,187.39,184.21,186.02,254.069
2025-10-11 05:00:00+00:00,185.93,186.25,181.16,182.45,213.624
2025-10-11 06:00:00+00:00,182.42,185.88,182.34,183.17,101.75
2025-10-11 07:00:00+00:00,183.57,184.54,182.18,183.36,87.657
2025-10-11 08:00:00+00:00,182.73,187.18,182.11,186.8,128.993
2025-10-11 09:00:00+00:00,186.8,188.32,184.3,185.09,54.528
2025-10-11 10:00:00+00:00,185.21,186.37,183.25,183.89,62.493
2025-10-11 11:00:00+00:00,184.32,184.32,182.0,183.89,38.868
2025-10-11 12:00:00+00:00,183.89,185.04,182.0,183.38,179.568
2025-10-11 13:00:00+00:00,183.52,184.5,181.11,183.79,191.906
2025-10-11 14:00:00+00:00,184.17,184.63,181.88,182.84,229.518
2025-10-11 15:00:00+00:00,182.82,184.75,182.53,183.82,494.769
2025-10-11 16:00:00+00:00,183.17,184.57,182.0,183.07,121.129
2025-10-11 17:00:00+00:00,182.67,184.68,182.57,182.91,83.416
2025-10-11 18:00:00+00:00,182.91,183.47,182.23,182.49,32.238
2025-10-11 19:00:00+00:00,182.22,182.42,176.89,176.89,921.111
2025-10-11 20:00:00+00:00,177.7,178.12,174.6,176.01,361.903
2025-10-11 21:00:00+00:00,175.2,177.36,172.81,176.83,570.8
2025-10-11 22:00:00+00:00,177.36,179.35,176.48,177.15,339.703
2025-10-11 23:00:00+00:00,177.06,178.82,177.06,178.61,91.384
2025-10-12 00:00:00+00:00,177.46,177.87,173.01,173.2,453.652
2025-10-12 01:00:00+00:00,173.44,175.3,173.44,173.97,183.078
2025-10-12 02:00:00+00:00,173.91,176.71,173.73,173.92,66.268
2025-10-12 03:00:00+00:00,174.94,178.23,174.87,177.12,59.467
2025-10-12 04:00:00+00:00,177.23,180.78,177.14,179.81,68.493
2025-10-12 05:00:00+00:00,180.16,181.83,179.71,181.76,44.694
2025-10-12 06:00:00+00:00,181.37,182.62,181.33,182.62,36.839
2025-10-12 07:00:00+00:00,182.66,185.4,181.67,183.0,276.235
2025-10-12 08:00:00+00:00,182.44,182.67,181.67,182.19,55.624
2025-10-12 09:00:00+00:00,181.6,181.83,180.78,181.83,132.748
2025-10-12 10:00:00+00:00,182.38,182.57,180.91,180.91,39.256
2025-10-12 11:00:00+00:00,181.77,181.83,180.63,180.96,39.414
2025-10-12 12:00:00+00:00,181.24,183.26,181.24,181.54,47.034
2025-10-12 13:00:00+00:00,182.0,182.1,178.52,179.55,141.325
2025-10-12 14:00:00+00:00,179.09,188.79,179.09,185.7,477.006
2025-10-12 15:00:00+00:00,186.08,191.66,185.59,191.49,568.58
2025-10-12 16:00:00+00:00,191.17,195.33,191.17,193.44,533.584
2025-10-12 17:00:00+00:00,193.88,196.02,193.69,194.59,115.545
2025-10-12 18:00:00+00:00,194.53,195.4,192.0,193.94,88.653
2025-10-12 19:00:00+00:00,194.01,196.43,193.8,196.09,101.451
2025-10-12 20:00:00+00:00,195.96,198.87,195.39,197.62,176.995
2025-10-12 21:00:00+00:00,196.2,197.86,193.47,195.45,194.206
2025-10-12 22:00:00+00:00,195.59,198.0,195.59,197.49,143.818
2025-10-12 23:00:00+00:00,196.8,197.97,195.59,197.97,55.59
2025-10-13 00:00:00+00:00,196.16,199.24,195.84,197.72,61.788
2025-10-13 01:00:00+00:00,196.95,199.25,196.03,199.23,122.71
2025-10-13 02:00:00+00:00,199.02,199.8,195.9,196.97,43.126
2025-10-13 03:00:00+00:00,196.81,197.14,194.41,194.74,98.417
2025-10-13 04:00:00+00:00,195.02,196.37,194.4,196.37,40.516
2025-10-13 05:00:00+00:00,196.1,196.1,193.77,194.08,19.782
2025-10-13 06:00:00+00:00,194.2,197.24,193.1,197.12,245.286
2025-10-13 07:00:00+00:00,197.26,199.47,196.11,196.11,101.027
2025-10-13 08:00:00+00:00,196.47,198.57,196.47,198.2,35.014
2025-10-13 09:00:00+00:00,198.15,198.15,196.62,196.62,41.344
2025-10-13 10:00:00+00:00,196.8,196.8,195.09,195.09,33.439
2025-10-13 11:00:00+00:00,195.06,195.95,190.32,193.0,110.573
2025-10-13 12:00:00+00:00,192.22,194.34,191.59,191.59,69.673
2025-10-13 13:00:00+00:00,192.76,196.82,192.0,196.43,143.922
2025-10-13 14:00:00+00:00,196.48,196.62,192.72,193.2,127.88
2025-10-13 15:00:00+00:00,193.47,197.56,193.46,196.49,271.296
2025-10-13 16:00:00+00:00,196.33,200.7,196.33,200.65,174.547
2025-10-13 17:00:00+00:00,200.51,205.34,200.38,204.28,559.852
2025-10-13 18:00:00+00:00,205.35,206.5,204.19,205.96,411.434
2025-10-13 19:00:00+00:00,205.74,208.53,205.72,207.02,338.259
2025-10-13 20:00:00+00:00,207.08,208.38,206.56,208.38,173.895
2025-10-13 21:00:00+00:00,208.41,208.58,207.49,207.64,27.706
2025-10-13 22:00:00+00:00,208.2,208.97,207.49,208.2,104.634
2025-10-13 23:00:00+00:00,208.1,208.89,207.36,208.47,129.287
2025-10-14 00:00:00+00:00,208.69,210.94,208.13,208.88,533.859
2025-10-14 01:00:00+00:00,209.5,210.12,207.78,208.52,73.294
2025-10-14 02:00:00+00:00,208.11,208.11,205.86,206.22,322.88
2025-10-14 03:00:00+00:00,206.33,206.85,205.01,206.09,118.393
2025-10-14 04:00:00+00:00,205.8,205.8,201.16,202.1,470.586
2025-10-14 05:00:00+00:00,201.61,203.55,198.95,199.52,315.376
2025-10-14 06:00:00+00:00,199.76,200.46,192.26,194.98,815.378
2025-10-14 07:00:00+00:00,195.53,197.14,193.68,193.98,180.947
2025-10-14 08:00:00+00:00,194.4,196.92,193.47,196.1,71.384
2025-10-14 09:00:00+00:00,196.52,197.46,194.25,195.07,56.669
2025-10-14 10:00:00+00:00,194.95,194.96,191.27,193.95,239.226
2025-10-14 11:00:00+00:00,194.25,196.97,194.25,195.21,69.11
2025-10-14 12:00:00+00:00,195.16,195.16,192.6,193.34,65.874
2025-10-14 13:00:00+00:00,193.36,195.44,191.74,195.25,184.891
2025-10-14 14:00:00+00:00,194.84,198.71,194.67,195.93,422.028
2025-10-14 15:00:00+00:00,196.98,202.42,194.75,201.92,127.006
2025-10-14 16:00:00+00:00,201.88,205.99,200.17,201.97,164.295
2025-10-14 17:00:00+00:00,202.7,204.53,199.57,202.48,225.792
2025-10-14 18:00:00+00:00,201.97,204.0,200.75,200.75,133.277
2025-10-14 19:00:00+00:00,201.74,203.68,197.26,199.15,96.219
2025-10-14 20:00:00+00:00,200.03,200.53,198.17,200.24,423.636
2025-10-14 21:00:00+00:00,200.54,201.39,198.51,201.36,33.17
2025-10-14 22:00:00+00:00,201.52,202.0,200.53,201.69,46.358
2025-10-14 23:00:00+00:00,201.73,203.28,201.73,202.19,46.635
2025-10-15 00:00:00+00:00,202.59,203.95,201.52,203.95,90.792
2025-10-15 01:00:00+00:00,203.95,204.04,201.5,203.85,95.83
2025-10-15 02:00:00+00:00,203.37,205.7,203.24,203.51,638.547
2025-10-15 03:00:00+00:00,203.47,203.51,200.86,201.75,95.013
2025-10-15 04:00:00+00:00,201.11,203.41,200.62,203.41,129.38
2025-10-15 05:00:00+00:00,203.44,204.7,202.95,204.48,74.33
2025-10-15 06:00:00+00:00,204.76,205.25,202.06,203.81,203.638
2025-10-15 07:00:00+00:00,204.45,205.07,203.4,204.64,7.414
2025-10-15 08:00:00+00:00,204.76,208.71,204.76,205.95,91.267
2025-10-15 09:00:00+00:00,206.0,206.9,205.62,206.26,313.893
2025-10-15 10:00:00+00:00,205.62,205.84,203.66,203.88,53.155
2025-10-15 11:00:00+00:00,204.29,204.35,202.19,202.98,59.795
2025-10-15 12:00:00+00:00,202.58,203.51,201.8,203.13,112.577
2025-10-15 13:00:00+00:00,202.26,203.85,198.19,201.19,369.698
2025-10-15 14:00:00+00:00,201.23,204.88,198.5,198.5,1526.503
2025-10-15 15:00:00+00:00,198.96,200.02,196.31,197.0,385.106
2025-10-15 16:00:00+00:00,197.0,198.39,196.9,197.43,328.745
2025-10-15 17:00:00+00:00,197.14,198.15,195.26,198.15,283.314
2025-10-15 18:00:00+00:00,198.12,198.14,196.43,198.14,43.848
2025-10-15 19:00:00+00:00,197.76,197.76,194.21,194.72,512.21
2025-10-15 20:00:00+00:00,195.06,196.36,192.38,194.38,89.973
2025-10-15 21:00:00+00:00,194.1,195.16,192.22,192.86,283.966
2025-10-15 22:00:00+00:00,192.95,194.4,192.83,193.38,28.642
2025-10-15 23:00:00+00:00,193.67,194.69,193.13,194.1,186.316
2025-10-16 00:00:00+00:00,194.14,194.51,193.29,194.02,76.845
2025-10-16 01:00:00+00:00,194.14,195.39,193.92,195.27,40.039
2025-10-16 02:00:00+00:00,195.0,196.1,194.3,195.42,80.736
2025-10-16 03:00:00+00:00,195.5,196.11,193.6,193.6,748.003
2025-10-16 04:00:00+00:00,193.5,194.3,192.53,193.01,60.305
2025-10-16 05:00:00+00:00,193.2,194.18,191.72,192.46,301.562
2025-10-16 06:00:00+00:00,193.09,195.39,192.97,194.9,26.198
2025-10-16 07:00:00+00:00,195.16,195.16,192.53,193.01,16.032
2025-10-16 08:00:00+00:00,193.1,193.38,192.17,192.17,60.381
2025-10-16 09:00:00+00:00,192.11,194.34,186.55,193.93,1029.774
2025-10-16 10:00:00+00:00,194.17,196.52,193.83,195.73,81.996
2025-10-16 11:00:00+00:00,195.73,197.01,194.75,196.36,89.324
2025-10-16 12:00:00+00:00,196.75,197.67,196.15,197.65,268.329
2025-10-16 13:00:00+00:00,197.65,198.13,195.55,195.55,1028.17
2025-10-16 14:00:00+00:00,195.26,196.2,191.62,194.18,156.352
2025-10-16 15:00:00+00:00,194.54,194.54,186.86,187.57,221.139
2025-10-16 16:00:00+00:00,187.0,191.98,186.5,191.98,174.105
2025-10-16 17:00:00+00:00,192.18,192.21,189.0,189.25,248.098
2025-10-16 18:00:00+00:00,189.82,189.82,187.0,189.58,140.59
2025-10-16 19:00:00+00:00,189.62,189.62,183.34,185.06,347.725
2025-10-16 20:00:00+00:00,185.38,185.77,182.22,182.78,513.662
2025-10-16 21:00:00+00:00,183.63,185.63,183.17,185.63,162.175
2025-10-16 22:00:00+00:00,185.63,185.74,183.4,183.4,17.008
2025-10-16 23:00:00+00:00,183.19,184.89,183.18,184.89,18.611
2025-10-17 00:00:00+00:00,184.67,186.34,184.49,186.34,44.996
2025-10-17 01:00:00+00:00,186.36,187.47,185.0,185.31,74.541
2025-10-17 02:00:00+00:00,185.31,187.25,184.99,187.25,41.338
2025-10-17 03:00:00+00:00,187.05,187.43,186.38,187.19,62.472
2025-10-17 04:00:00+00:00,187.09,187.29,186.7,187.29,134.035
2025-10-17 05:00:00+00:00,187.42,187.43,185.54,186.27,55.715
2025-10-17 06:00:00+00:00,186.36,186.36,180.07,180.53,174.5
2025-10-17 07:00:00+00:00,180.34,180.34,177.44,177.61,264.762
2025-10-17 08:00:00+00:00,177.72,178.83,175.54,175.54,287.397
2025-10-17 09:00:00+00:00,175.64,180.27,175.54,176.89,127.669
2025-10-17 10:00:00+00:00,177.63,177.63,174.35,177.1,348.87
2025-10-17 11:00:00+00:00,177.59,182.57,177.59,181.33,140.911
2025-10-17 12:00:00+00:00,181.39,182.44,180.06,180.06,414.09
2025-10-17 13:00:00+00:00,180.52,182.0,178.12,181.14,301.243
2025-10-17 14:00:00+00:00,180.27,181.0,176.47,178.19,164.458
2025-10-17 15:00:00+00:00,178.19,182.66,178.19,182.66,241.34
2025-10-17 16:00:00+00:00,182.68,184.97,181.9,182.12,165.228
2025-10-17 17:00:00+00:00,182.26,184.4,182.26,184.01,77.875
2025-10-17 18:00:00+00:00,183.8,185.1,183.35,183.37,70.946
2025-10-17 19:00:00+00:00,183.48,183.96,181.52,182.17,111.322
2025-10-17 20:00:00+00:00,181.79,183.9,181.75,183.68,54.76
2025-10-17 21:00:00+00:00,184.08,185.92,184.08,185.67,107.038
2025-10-17 22:00:00+00:00,185.55,185.84,183.24,184.11,72.772
2025-10-17 23:00:00+00:00,183.19,183.19,181.89,181.97,47.357
2025-10-18 00:00:00+00:00,181.91,183.45,181.8,182.55,23.886
2025-10-18 01:00:00+00:00,182.96,184.75,182.96,184.53,66.435
2025-10-18 02:00:00+00:00,184.85,185.4,183.5,183.9,106.13
2025-10-18 03:00:00+00:00,183.93,185.32,183.93,184.76,63.122
2025-10-18 04:00:00+00:00,184.14,184.49,183.25,183.5,46.584
2025-10-18 05:00:00+00:00,183.83,184.77,183.83,184.38,10.135
2025-10-18 06:00:00+00:00,184.51,186.48,184.51,186.45,30.08
2025-10-18 07:00:00+00:00,186.4,188.11,186.0,186.36,53.899
2025-10-18 08:00:00+00:00,186.26,187.07,185.98,186.07,100.237
2025-10-18 09:00:00+00:00,185.74,186.48,185.48,185.5,14.955
2025-10-18 10:00:00+00:00,185.83,186.03,184.6,185.05,62.825
2025-10-18 11:00:00+00:00,184.75,186.08,184.75,186.08,79.34
2025-10-18 12:00:00+00:00,185.97,187.25,185.95,185.95,18.883
2025-10-18 13:00:00+00:00,185.74,185.74,184.98,185.04,18.39
2025-10-18 14:00:00+00:00,185.4,186.0,184.09,185.44,47.992
2025-10-18 15:00:00+00:00,186.0,186.0,184.74,185.22,25.664
2025-10-18 16:00:00+00:00,185.27,185.51,183.47,184.11,40.362
2025-10-18 17:00:00+00:00,184.23,186.0,183.89,186.0,187.153
2025-10-18 18:00:00+00:00,185.87,186.07,185.31,185.77,40.913
2025-10-18 19:00:00+00:00,186.05,186.38,185.84,186.28,6.034
2025-10-18 20:00:00+00:00,186.14,187.51,186.14,187.51,9.959
2025-10-18 21:00:00+00:00,186.48,187.16,186.0,187.16,6.63
2025-10-18 22:00:00+00:00,187.19,187.73,186.86,187.39,190.775
2025-10-18 23:00:00+00:00,187.16,187.64,186.96,187.64,22.525
2025-10-19 00:00:00+00:00,187.67,187.77,185.54,185.67,770.193
2025-10-19 01:00:00+00:00,185.58,185.71,184.9,185.61,106.699
2025-10-19 02:00:00+00:00,185.88,185.98,185.22,185.6,46.849
2025-10-19 03:00:00+00:00,185.57,187.03,184.94,186.69,67.406
2025-10-19 04:00:00+00:00,186.82,186.95,186.29,186.55,13.726
2025-10-19 05:00:00+00:00,187.05,187.61,186.48,186.57,8.39
2025-10-19 06:00:00+00:00,186.42,186.61,185.26,185.33,6.115
2025-10-19 07:00:00+00:00,185.65,186.41,185.33,186.07,16.734
2025-10-19 08:00:00+00:00,186.0,187.25,183.74,184.2,64.122
2025-10-19 09:00:00+00:00,183.69,188.43,183.34,187.25,127.598
2025-10-19 10:00:00+00:00,187.61,189.67,186.86,188.38,28.604
2025-10-19 11:00:00+00:00,188.93,189.86,188.93,189.03,26.09
2025-10-19 12:00:00+00:00,189.21,189.21,188.08,188.76,26.58
2025-10-19 13:00:00+00:00,188.93,190.7,188.45,190.15,86.329
2025-10-19 14:00:00+00:00,190.5,191.5,189.93,191.43,131.98
2025-10-19 15:00:00+00:00,191.53,191.55,190.29,190.72,88.393
2025-10-19 16:00:00+00:00,190.71,191.53,189.96,191.13,97.023
2025-10-19 17:00:00+00:00,190.89,192.07,189.78,190.02,68.786
2025-10-19 18:00:00+00:00,189.98,190.3,189.27,190.05,81.764
2025-10-19 19:00:00+00:00,189.79,189.79,188.46,188.63,17.56
2025-10-19 20:00:00+00:00,188.91,189.83,188.77,189.64,16.638
2025-10-19 21:00:00+00:00,189.55,189.55,188.5,189.18,16.807
2025-10-19 22:00:00+00:00,189.31,189.9,188.99,189.83,47.71
2025-10-19 23:00:00+00:00,189.5,189.5,187.02,187.24,101.424
2025-10-20 00:00:00+00:00,187.91,187.91,183.97,185.57,163.877
2025-10-20 01:00:00+00:00,185.36,186.25,184.84,185.65,67.732
2025-10-20 02:00:00+00:00,185.48,187.2,184.33,186.89,166.97
2025-10-20 03:00:00+00:00,187.04,191.53,186.02,191.12,137.289
2025-10-20 04:00:00+00:00,190.98,192.32,190.46,192.1,96.278
2025-10-20 05:00:00+00:00,192.06,193.24,191.72,193.17,292.705
2025-10-20 06:00:00+00:00,192.98,194.18,192.67,193.76,84.079
2025-10-20 07:00:00+00:00,193.82,194.36,192.99,193.01,185.589
2025-10-20 08:00:00+00:00,192.92,194.13,192.32,193.69,52.246
2025-10-20 09:00:00+00:00,193.15,193.38,192.65,193.11,24.22
2025-10-20 10:00:00+00:00,193.16,193.57,191.53,191.53,73.426
2025-10-20 11:00:00+00:00,191.49,192.21,191.08,192.21,17.45
2025-10-20 12:00:00+00:00,192.11,192.65,191.46,192.65,80.194
2025-10-20 13:00:00+00:00,192.79,192.96,191.73,192.68,86.506
2025-10-20 14:00:00+00:00,192.02,192.05,190.88,191.66,113.238
2025-10-20 15:00:00+00:00,191.59,192.22,190.55,190.74,144.46
2025-10-20 16:00:00+00:00,190.53,190.53,186.86,187.61,104.06
2025-10-20 17:00:00+00:00,187.61,188.38,185.67,187.42,253.39
2025-10-20 18:00:00+00:00,187.85,188.38,187.08,188.25,81.089
2025-10-20 19:00:00+00:00,188.29,189.33,187.54,189.33,75.126
2025-10-20 20:00:00+00:00,188.49,190.4,188.38,190.4,131.642
2025-10-20 21:00:00+00:00,190.42,191.13,188.93,188.93,292.707
2025-10-20 22:00:00+00:00,189.81,190.8,189.81,190.72,292.346
2025-10-20 23:00:00+00:00,190.62,190.77,189.5,189.5,80.428
2025-10-21 00:00:00+00:00,189.37,190.13,188.85,189.36,201.896
2025-10-21 01:00:00+00:00,189.11,189.11,186.42,186.71,86.95
2025-10-21 02:00:00+00:00,186.69,186.69,185.61,186.15,168.813
2025-10-21 03:00:00+00:00,186.43,186.49,185.37,185.72,301.47
2025-10-21 04:00:00+00:00,185.37,185.37,183.0,183.71,294.772
2025-10-21 05:00:00+00:00,183.7,184.2,182.83,183.35,67.801
2025-10-21 06:00:00+00:00,183.24,184.8,183.24,184.56,30.478
2025-10-21 07:00:00+00:00,184.59,184.88,184.24,184.69,6.798
2025-10-21 08:00:00+00:00,184.65,184.65,184.0,184.36,9.601
2025-10-21 09:00:00+00:00,184.34,184.61,183.93,184.52,42.989
2025-10-21 10:00:00+00:00,184.74,186.38,184.74,185.83,13.429
2025-10-21 11:00:00+00:00,185.48,186.46,185.1,186.39,12.593
2025-10-21 12:00:00+00:00,186.14,187.5,186.14,186.48,15.943
2025-10-21 13:00:00+00:00,186.5,186.54,184.09,184.86,227.211
2025-10-21 14:00:00+00:00,185.01,192.53,185.01,192.53,385.923
2025-10-21 15:00:00+00:00,192.53,196.86,192.22,196.0,364.351
2025-10-21 16:00:00+00:00,195.79,197.4,192.2,192.2,388.585
2025-10-21 17:00:00+00:00,193.2,195.11,192.22,194.51,52.42
2025-10-21 18:00:00+00:00,194.93,195.3,193.69,194.09,37.813
2025-10-21 19:00:00+00:00,193.98,194.49,192.97,194.0,21.507
2025-10-21 20:00:00+00:00,193.66,194.17,190.97,191.84,120.38
2025-10-21 21:00:00+00:00,191.41,191.72,188.38,191.36,66.876
2025-10-21 22:00:00+00:00,190.86,190.86,187.9,189.26,113.351
2025-10-21 23:00:00+00:00,188.6,188.6,185.21,185.39,153.286
2025-10-22 00:00:00+00:00,185.25,186.48,184.24,185.39,73.147
2025-10-22 01:00:00+00:00,185.74,187.08,185.64,187.08,34.806
2025-10-22 02:00:00+00:00,186.71,187.22,186.08,186.28,43.685
2025-10-22 03:00:00+00:00,185.9,186.08,184.63,185.69,506.753
2025-10-22 04:00:00+00:00,185.72,186.38,185.5,186.16,129.913
2025-10-22 05:00:00+00:00,185.99,186.21,183.56,183.99,221.084
2025-10-22 06:00:00+00:00,184.17,184.77,184.17,184.47,18.313
2025-10-22 07:00:00+00:00,184.11,185.1,183.61,185.1,18.953
2025-10-22 08:00:00+00:00,184.71,185.54,184.52,185.54,224.595
2025-10-22 09:00:00+00:00,184.91,185.17,183.61,183.8,29.832
2025-10-22 10:00:00+00:00,184.46,184.47,183.27,183.29,108.24
2025-10-22 11:00:00+00:00,183.29,185.74,182.15,185.19,65.223
2025-10-22 12:00:00+00:00,184.99,186.81,184.61,186.03,22.325
2025-10-22 13:00:00+00:00,185.54,186.6,184.38,186.6,29.194
2025-10-22 14:00:00+00:00,186.44,186.48,181.5,185.34,196.388
2025-10-22 15:00:00+00:00,185.39,185.9,182.4,183.95,157.668
2025-10-22 16:00:00+00:00,183.68,184.87,182.77,183.98,46.099
2025-10-22 17:00:00+00:00,183.83,184.08,181.67,181.67,69.09
2025-10-22 18:00:00+00:00,181.94,182.37,180.39,181.07,45.961
2025-10-22 19:00:00+00:00,181.23,182.34,177.09,180.91,150.215
2025-10-22 20:00:00+00:00,180.02,181.13,179.23,180.04,237.4
2025-10-22 21:00:00+00:00,180.32,180.33,177.5,178.53,227.04
2025-10-22 22:00:00+00:00,178.5,179.43,177.92,178.82,34.936
2025-10-22 23:00:00+00:00,179.01,180.42,179.01,180.01,39.566
2025-10-23 00:00:00+00:00,179.95,181.15,179.73,181.15,60.095
2025-10-23 01:00:00+00:00,180.92,181.88,180.51,181.8,38.434
2025-10-23 02:00:00+00:00,181.39,182.22,181.31,182.05,47.791
2025-10-23 03:00:00+00:00,182.22,183.16,182.09,182.88,15.196
2025-10-23 04:00:00+00:00,182.89,184.11,182.81,184.04,46.967
2025-10-23 05:00:00+00:00,184.23,184.76,183.49,184.64,20.42
2025-10-23 06:00:00+00:00,184.71,187.32,184.71,187.32,57.226
2025-10-23 07:00:00+00:00,186.94,187.78,186.27,187.1,41.969
2025-10-23 08:00:00+00:00,187.81,188.42,187.45,187.79,43.096
2025-10-23 09:00:00+00:00,187.97,188.74,187.77,187.97,16.964
2025-10-23 10:00:00+00:00,188.47,189.04,187.9,187.9,96.685
2025-10-23 11:00:00+00:00,188.38,189.2,187.72,187.92,16.031
2025-10-23 12:00:00+00:00,187.79,189.19,186.86,189.19,37.204
2025-10-23 13:00:00+00:00,189.08,192.32,188.66,190.07,199.541
2025-10-23 14:00:00+00:00,190.65,191.12,188.28,189.5,101.508
2025-10-23 15:00:00+00:00,189.63,191.66,189.63,191.35,340.62
2025-10-23 16:00:00+00:00,191.19,191.98,190.53,191.8,96.066
2025-10-23 17:00:00+00:00,191.67,193.2,190.03,192.23,298.357
2025-10-23 18:00:00+00:00,192.58,192.77,191.12,191.86,76.074
2025-10-23 19:00:00+00:00,191.32,191.71,190.8,191.64,18.602
2025-10-23 20:00:00+00:00,191.04,191.05,188.63,188.63,52.157
2025-10-23 21:00:00+00:00,188.93,189.3,188.67,189.1,18.422
2025-10-23 22:00:00+00:00,189.28,190.37,188.75,190.06,22.48
2025-10-23 23:00:00+00:00,190.39,191.37,190.25,191.13,27.514
2025-10-24 00:00:00+00:00,191.38,193.68,191.1,193.0,294.828
2025-10-24 01:00:00+00:00,192.41,193.25,192.22,193.01,39.318
2025-10-24 02:00:00+00:00,192.69,192.83,191.25,192.51,755.519
2025-10-24 03:00:00+00:00,192.09,192.56,190.9,191.06,43.954
2025-10-24 04:00:00+00:00,191.29,194.3,190.84,193.68,356.968
2025-10-24 05:00:00+00:00,193.2,193.79,193.07,193.35,845.304
2025-10-24 06:00:00+00:00,193.35,193.43,192.65,193.32,17.244
2025-10-24 07:00:00+00:00,193.49,193.49,191.64,192.11,66.736
2025-10-24 08:00:00+00:00,192.02,193.37,192.02,193.16,42.487
2025-10-24 09:00:00+00:00,192.93,193.28,192.22,192.22,23.595
2025-10-24 10:00:00+00:00,192.13,192.13,191.59,191.81,8.327
2025-10-24 11:00:00+00:00,191.86,192.08,190.7,191.96,85.442
2025-10-24 12:00:00+00:00,192.1,196.2,192.1,193.15,108.909
2025-10-24 13:00:00+00:00,193.85,194.18,191.05,192.4,330.344
2025-10-24 14:00:00+00:00,191.88,191.88,189.72,190.69,89.417
2025-10-24 15:00:00+00:00,189.91,190.7,189.01,189.75,56.299
2025-10-24 16:00:00+00:00,189.39,190.72,189.05,190.72,33.459
2025-10-24 17:00:00+00:00,190.48,191.66,190.48,191.4,59.654
2025-10-24 18:00:00+00:00,191.58,191.8,191.26,191.79,74.364
2025-10-24 19:00:00+00:00,191.79,193.57,191.79,193.11,220.872
2025-10-24 20:00:00+00:00,192.92,194.0,192.92,193.27,56.455
2025-10-24 21:00:00+00:00,193.83,193.83,193.35,193.79,10.093
2025-10-24 22:00:00+00:00,193.55,193.93,193.09,193.57,203.717
2025-10-24 23:00:00+00:00,193.85,193.86,193.17,193.49,31.112
2025-10-25 00:00:00+00:00,193.49,193.49,192.52,193.36,27.83
2025-10-25 01:00:00+00:00,193.14,194.34,192.92,193.62,109.775
2025-10-25 02:00:00+00:00,193.62,193.97,193.5,193.61,239.527
2025-10-25 03:00:00+00:00,193.63,193.85,193.28,193.52,29.43
2025-10-25 04:00:00+00:00,193.47,194.39,193.23,194.08,104.664
2025-10-25 05:00:00+00:00,194.17,194.64,193.73,194.16,25.12
2025-10-25 06:00:00+00:00,194.39,194.59,194.05,194.21,60.131
2025-10-25 07:00:00+00:00,194.27,194.78,194.03,194.03,15.634
2025-10-25 08:00:00+00:00,194.2,195.0,194.19,194.73,37.197
2025-10-25 09:00:00+00:00,194.9,194.93,192.53,192.66,20.032
2025-10-25 10:00:00+00:00,192.61,192.76,191.34,191.91,24.83
2025-10-25 11:00:00+00:00,191.87,192.82,191.86,192.7,6.761
2025-10-25 12:00:00+00:00,192.71,194.02,192.71,193.74,18.84
2025-10-25 13:00:00+00:00,193.65,193.65,192.67,192.86,14.292
2025-10-25 14:00:00+00:00,192.93,192.93,192.22,192.35,35.702
2025-10-25 15:00:00+00:00,192.43,192.43,191.97,192.05,11.698
2025-10-25 16:00:00+00:00,191.85,192.12,191.39,191.98,71.98
2025-10-25 17:00:00+00:00,191.92,192.77,191.73,192.44,13.507
2025-10-25 18:00:00+00:00,192.46,194.18,192.14,194.18,33.69
2025-10-25 19:00:00+00:00,194.25,194.61,193.35,194.55,53.482
2025-10-25 20:00:00+00:00,194.54,194.58,193.47,194.22,28.99
2025-10-25 21:00:00+00:00,194.06,194.75,193.76,193.76,20.674
2025-10-25 22:00:00+00:00,194.23,194.76,193.9,194.76,10.865
2025-10-25 23:00:00+00:00,194.32,194.68,193.9,194.18,3.695
2025-10-26 00:00:00+00:00,193.64,194.32,193.2,193.52,64.014
2025-10-26 01:00:00+00:00,193.38,193.64,192.53,192.71,32.128
2025-10-26 02:00:00+00:00,192.85,192.86,192.0,192.24,4.985
2025-10-26 03:00:00+00:00,192.24,193.05,192.24,192.73,3.431
2025-10-26 04:00:00+00:00,192.98,193.37,192.98,193.05,26.008
2025-10-26 05:00:00+00:00,192.97,193.69,192.91,193.69,4.244
2025-10-26 06:00:00+00:00,193.69,194.11,193.69,194.11,15.619
2025-10-26 07:00:00+00:00,193.98,194.33,193.67,194.19,2.628
2025-10-26 08:00:00+00:00,194.08,194.29,193.85,194.29,4.87
2025-10-26 09:00:00+00:00,194.3,196.22,194.3,195.32,107.653
2025-10-26 10:00:00+00:00,195.94,195.94,194.73,194.73,16.098
2025-10-26 11:00:00+00:00,194.82,197.87,194.4,197.86,415.851
2025-10-26 12:00:00+00:00,197.55,198.2,197.0,198.1,154.674
2025-10-26 13:00:00+00:00,197.95,199.39,197.88,199.18,187.314
2025-10-26 14:00:00+00:00,198.97,199.68,198.59,198.59,117.286
2025-10-26 15:00:00+00:00,199.21,199.67,198.63,199.31,18.416
2025-10-26 16:00:00+00:00,199.05,199.22,198.38,198.74,23.433
2025-10-26 17:00:00+00:00,198.98,199.17,198.58,199.08,28.708
2025-10-26 18:00:00+00:00,198.98,199.57,198.83,199.11,66.806
2025-10-26 19:00:00+00:00,198.86,198.86,198.45,198.83,15.025
2025-10-26 20:00:00+00:00,198.51,198.55,197.56,197.71,24.402
2025-10-26 21:00:00+00:00,197.37,198.14,196.95,198.14,125.042
2025-10-26 22:00:00+00:00,198.26,202.08,198.26,200.12,179.486
2025-10-26 23:00:00+00:00,200.52,200.87,199.8,200.09,102.46
2025-10-27 00:00:00+00:00,199.88,203.27,199.57,203.25,351.708
2025-10-27 01:00:00+00:00,203.27,205.0,202.88,204.35,87.175
2025-10-27 02:00:00+00:00,204.35,204.88,203.4,203.72,27.185
2025-10-27 03:00:00+00:00,203.94,204.57,203.21,204.42,10.52
2025-10-27 04:00:00+00:00,203.99,204.25,203.34,203.58,16.96
2025-10-27 05:00:00+00:00,203.61,205.12,203.61,204.27,13.381
2025-10-27 06:00:00+00:00,203.68,204.89,203.68,204.78,18.593
2025-10-27 07:00:00+00:00,204.71,204.91,202.38,203.05,7.621
2025-10-27 08:00:00+00:00,202.33,202.33,200.01,200.03,177.897
2025-10-27 09:00:00+00:00,200.0,200.06,198.38,199.66,104.359
2025-10-27 10:00:00+00:00,199.99,200.62,199.99,200.62,29.829
2025-10-27 11:00:00+00:00,200.76,200.83,199.12,200.33,427.992
2025-10-27 12:00:00+00:00,200.24,200.24,199.15,199.34,73.418
2025-10-27 13:00:00+00:00,200.15,200.52,199.0,200.03,306.645
2025-10-27 14:00:00+00:00,200.29,200.29,198.5,199.36,145.775
2025-10-27 15:00:00+00:00,199.11,200.48,198.93,200.19,290.226
2025-10-27 16:00:00+00:00,200.36,203.0,200.36,202.71,104.494
2025-10-27 17:00:00+00:00,202.58,203.14,202.05,202.3,71.386
2025-10-27 18:00:00+00:00,202.66,203.15,201.58,201.78,52.346
2025-10-27 19:00:00+00:00,201.17,201.35,199.96,200.05,95.628
2025-10-27 20:00:00+00:00,200.02,200.58,198.82,199.03,413.05
2025-10-27 21:00:00+00:00,198.81,199.4,197.86,199.4,210.994
2025-10-27 22:00:00+00:00,198.64,199.32,198.06,198.6,87.099
2025-10-27 23:00:00+00:00,197.99,198.83,197.43,198.69,83.931
2025-10-28 00:00:00+00:00,198.74,200.16,198.68,199.94,30.794
2025-10-28 01:00:00+00:00,200.26,201.93,199.96,201.43,143.748
2025-10-28 02:00:00+00:00,201.36,201.77,199.68,200.54,92.986
2025-10-28 03:00:00+00:00,200.63,201.6,200.15,201.15,80.189
2025-10-28 04:00:00+00:00,201.18,202.04,200.83,201.28,207.175
2025-10-28 05:00:00+00:00,201.08,201.63,198.81,198.81,69.998
2025-10-28 06:00:00+00:00,199.17,200.76,199.17,200.76,6.516
2025-10-28 07:00:00+00:00,200.97,202.88,200.96,201.89,45.994
2025-10-28 08:00:00+00:00,202.35,203.85,202.35,203.54,18.517
2025-10-28 09:00:00+00:00,203.52,203.52,201.7,202.16,6.83
2025-10-28 10:00:00+00:00,201.58,201.58,200.1,200.27,40.262
2025-10-28 11:00:00+00:00,200.16,200.44,199.39,199.55,18.626
2025-10-28 12:00:00+00:00,199.71,200.16,198.35,200.16,81.654
2025-10-28 13:00:00+00:00,200.38,202.95,200.38,202.9,69.38
2025-10-28 14:00:00+00:00,202.64,202.77,196.8,199.82,218.979
2025-10-28 15:00:00+00:00,199.96,200.59,198.4,198.91,38.259
2025-10-28 16:00:00+00:00,198.6,200.4,198.08,200.0,89.333
2025-10-28 17:00:00+00:00,200.08,200.95,199.86,200.64,12.493
2025-10-28 18:00:00+00:00,200.31,201.17,199.15,199.63,22.144
2025-10-28 19:00:00+00:00,199.71,200.0,194.62,194.62,549.627
2025-10-28 20:00:00+00:00,194.7,195.21,192.19,192.91,273.669
2025-10-28 21:00:00+00:00,192.53,194.34,190.6,193.68,477.023
2025-10-28 22:00:00+00:00,193.95,195.04,193.76,194.77,25.426
2025-10-28 23:00:00+00:00,194.22,194.69,193.77,194.31,23.68
2025-10-29 00:00:00+00:00,194.42,195.1,193.53,194.04,30.203
2025-10-29 01:00:00+00:00,194.02,194.87,192.92,193.88,21.675
2025-10-29 02:00:00+00:00,194.29,194.82,194.06,194.82,17.094
2025-10-29 03:00:00+00:00,194.46,194.46,193.41,194.08,17.284
2025-10-29 04:00:00+00:00,193.95,194.79,193.91,194.76,135.377
2025-10-29 05:00:00+00:00,194.85,195.71,194.83,195.36,16.771
2025-10-29 06:00:00+00:00,195.52,195.52,194.89,195.52,8.972
2025-10-29 07:00:00+00:00,195.64,195.93,195.31,195.68,13.882
2025-10-29 08:00:00+00:00,195.32,195.32,194.18,194.51,50.258
2025-10-29 09:00:00+00:00,194.65,194.7,193.99,194.27,16.189
2025-10-29 10:00:00+00:00,194.5,197.08,194.08,196.35,37.611
2025-10-29 11:00:00+00:00,196.15,199.25,196.15,198.89,318.185
2025-10-29 12:00:00+00:00,198.89,199.77,198.33,199.77,92.851
2025-10-29 13:00:00+00:00,199.8,201.66,199.57,200.16,261.042
2025-10-29 14:00:00+00:00,200.3,200.76,198.81,200.76,63.632
2025-10-29 15:00:00+00:00,200.43,200.43,196.54,196.83,285.731
2025-10-29 16:00:00+00:00,196.5,196.91,194.87,195.5,188.68
2025-10-29 17:00:00+00:00,195.53,198.57,195.06,197.35,82.458
2025-10-29 18:00:00+00:00,197.38,198.26,190.0,193.69,561.696
2025-10-29 19:00:00+00:00,193.98,195.42,191.62,192.81,118.702
2025-10-29 20:00:00+00:00,192.75,196.15,192.16,195.52,123.351
2025-10-29 21:00:00+00:00,195.29,196.92,195.25,196.4,204.597
2025-10-29 22:00:00+00:00,196.21,196.78,195.64,195.67,33.59
2025-10-29 23:00:00+00:00,195.52,196.05,193.15,194.42,48.93
2025-10-30 00:00:00+00:00,193.78,194.83,192.35,194.83,67.489
2025-10-30 01:00:00+00:00,194.43,195.92,193.68,195.92,10.866
2025-10-30 02:00:00+00:00,195.68,198.07,195.68,198.07,116.762
2025-10-30 03:00:00+00:00,198.09,198.09,196.62,196.67,35.417
2025-10-30 04:00:00+00:00,196.95,196.95,190.46,192.16,202.854
2025-10-30 05:00:00+00:00,191.63,195.59,191.63,195.04,52.756
2025-10-30 06:00:00+00:00,194.47,195.16,193.53,195.16,12.669
2025-10-30 07:00:00+00:00,194.18,196.12,194.18,195.49,9.428
2025-10-30 08:00:00+00:00,196.0,196.0,194.85,195.48,2.893
2025-10-30 09:00:00+00:00,194.47,194.47,192.53,192.68,29.565
2025-10-30 10:00:00+00:00,192.35,192.52,191.28,192.08,22.251
2025-10-30 11:00:00+00:00,192.0,192.61,191.5,192.49,31.873
2025-10-30 12:00:00+00:00,192.24,192.24,186.85,187.69,427.514
2025-10-30 13:00:00+00:00,187.81,188.67,185.15,186.0,97.425
2025-10-30 14:00:00+00:00,186.0,187.67,185.74,187.28,774.893
2025-10-30 15:00:00+00:00,187.21,187.51,184.61,184.61,143.976
2025-10-30 16:00:00+00:00,184.99,186.26,184.12,185.36,117.861
2025-10-30 17:00:00+00:00,185.32,190.0,181.67,183.35,466.873
2025-10-30 18:00:00+00:00,183.67,184.05,181.16,181.4,152.884
2025-10-30 19:00:00+00:00,181.34,181.8,178.69,178.69,959.862
2025-10-30 20:00:00+00:00,179.46,182.51,178.96,182.4,309.701
2025-10-30 21:00:00+00:00,182.37,182.77,181.69,182.75,214.668
2025-10-30 22:00:00+00:00,182.47,183.68,182.38,183.65,248.08
2025-10-30 23:00:00+00:00,183.26,184.78,183.04,184.78,26.022
2025-10-31 00:00:00+00:00,184.77,186.38,184.23,185.87,204.242
2025-10-31 01:00:00+00:00,185.33,186.87,185.11,186.44,419.777
2025-10-31 02:00:00+00:00,186.39,186.39,183.87,184.71,252.48
2025-10-31 03:00:00+00:00,184.63,185.7,184.28,185.13,12.369
2025-10-31 04:00:00+00:00,185.13,187.13,185.13,186.91,3190.002
2025-10-31 05:00:00+00:00,186.91,187.03,185.54,185.84,1492.277
2025-10-31 06:00:00+00:00,185.92,186.32,185.21,185.49,22.046
2025-10-31 07:00:00+00:00,185.83,186.2,185.0,185.0,7.515
2025-10-31 08:00:00+00:00,185.67,186.5,185.41,186.5,14.985
2025-10-31 09:00:00+00:00,186.56,186.86,186.28,186.66,4.611
2025-10-31 10:00:00+00:00,186.97,187.29,185.97,186.52,24.26
2025-10-31 11:00:00+00:00,186.52,189.07,186.44,188.49,38.776
2025-10-31 12:00:00+00:00,188.96,189.3,186.62,186.75,102.147
2025-10-31 13:00:00+00:00,186.69,188.38,186.14,188.3,111.806
2025-10-31 14:00:00+00:00,188.24,189.35,187.21,189.12,196.574
2025-10-31 15:00:00+00:00,189.01,190.24,188.19,188.19,82.857
2025-10-31 16:00:00+00:00,187.98,188.36,184.78,184.78,98.494
2025-10-31 17:00:00+00:00,184.73,185.74,184.47,185.24,82.799
2025-10-31 18:00:00+00:00,185.47,186.61,184.61,186.18,77.942
2025-10-31 19:00:00+00:00,185.98,188.95,184.94,188.8,180.863
2025-10-31 20:00:00+00:00,188.32,188.84,186.86,187.24,14.914
2025-10-31 21:00:00+00:00,186.86,187.39,186.73,187.39,10.263
2025-10-31 22:00:00+00:00,187.3,187.93,186.74,187.3,24.034
2025-10-31 23:00:00+00:00,187.3,187.69,187.26,187.26,28.978
2025-11-01 00:00:00+00:00,187.13,187.31,185.92,186.98,126.065
2025-11-01 01:00:00+00:00,187.41,187.41,186.33,186.34,96.101
2025-11-01 02:00:00+00:00,186.2,186.63,185.67,186.63,18.176
2025-11-01 03:00:00+00:00,186.75,187.31,186.64,187.12,91.117
2025-11-01 04:00:00+00:00,187.07,187.43,186.48,187.0,337.034
2025-11-01 05:00:00+00:00,187.0,187.0,186.14,186.36,55.481
2025-11-01 06:00:00+00:00,186.12,186.16,185.13,185.6,31.553
2025-11-01 07:00:00+00:00,185.64,186.21,185.35,185.35,42.133
2025-11-01 08:00:00+00:00,185.95,186.47,185.9,186.45,21.059
2025-11-01 09:00:00+00:00,186.48,186.75,186.39,186.55,115.061
2025-11-01 10:00:00+00:00,185.9,186.21,185.39,186.21,21.335
2025-11-01 11:00:00+00:00,186.22,186.69,186.04,186.46,16.195
2025-11-01 12:00:00+00:00,186.52,186.7,186.29,186.46,5.078
2025-11-01 13:00:00+00:00,186.31,186.33,185.07,185.26,13.886
2025-11-01 14:00:00+00:00,185.65,185.65,184.0,185.16,78.612
2025-11-01 15:00:00+00:00,185.27,186.26,184.87,186.21,25.254
2025-11-01 16:00:00+00:00,186.38,186.98,186.05,186.56,179.671
2025-11-01 17:00:00+00:00,186.58,186.58,185.02,185.02,10.095
2025-11-01 18:00:00+00:00,185.0,185.57,184.89,185.57,43.671
2025-11-01 19:00:00+00:00,185.54,186.19,185.54,186.19,45.647
2025-11-01 20:00:00+00:00,186.2,186.94,186.13,186.42,15.469
2025-11-01 21:00:00+00:00,186.68,186.68,185.41,185.41,65.756
2025-11-01 22:00:00+00:00,185.66,186.15,185.02,186.12,10.64
2025-11-01 23:00:00+00:00,186.27,186.47,185.98,186.47,4.259
2025-11-02 00:00:00+00:00,186.11,186.12,185.45,185.57,1.59
2025-11-02 01:00:00+00:00,185.23,185.5,184.85,185.09,76.34
2025-11-02 02:00:00+00:00,184.95,185.89,184.95,185.48,17.01
2025-11-02 03:00:00+00:00,185.36,185.54,185.17,185.41,34.625
2025-11-02 04:00:00+00:00,185.39,187.93,185.17,187.93,46.99
2025-11-02 05:00:00+00:00,187.82,187.82,186.67,186.67,27.387
2025-11-02 06:00:00+00:00,187.02,187.61,186.83,187.32,4.348
2025-11-02 07:00:00+00:00,187.44,188.21,186.94,188.07,5.372
2025-11-02 08:00:00+00:00,187.92,187.92,187.13,187.16,5.427
2025-11-02 09:00:00+00:00,187.43,187.85,185.77,185.77,32.793
2025-11-02 10:00:00+00:00,185.93,185.93,184.61,184.61,27.903
2025-11-02 11:00:00+00:00,184.87,186.32,184.87,186.07,4.104
2025-11-02 12:00:00+00:00,186.19,186.43,185.56,185.8,35.728
2025-11-02 13:00:00+00:00,185.2,185.2,184.09,184.91,122.271
2025-11-02 14:00:00+00:00,185.0,185.25,183.8,184.7,41.837
2025-11-02 15:00:00+00:00,183.77,185.09,183.76,184.23,27.499
2025-11-02 16:00:00+00:00,183.86,184.24,182.22,184.24,72.163
2025-11-02 17:00:00+00:00,184.27,184.56,183.64,184.15,36.543
2025-11-02 18:00:00+00:00,184.52,184.52,184.07,184.32,23.834
2025-11-02 19:00:00+00:00,184.25,184.25,183.27,184.03,112.434
2025-11-02 20:00:00+00:00,183.93,184.39,183.64,184.39,17.656
2025-11-02 21:00:00+00:00,184.61,185.89,184.61,185.39,81.126
2025-11-02 22:00:00+00:00,185.38,185.66,184.38,184.84,28.347
2025-11-02 23:00:00+00:00,185.34,187.93,185.34,187.93,54.039
2025-11-03 00:00:00+00:00,187.9,188.94,186.8,186.87,29.947
2025-11-03 01:00:00+00:00,186.82,187.09,185.51,185.73,37.147
2025-11-03 02:00:00+00:00,185.52,185.68,183.02,183.6,104.812
2025-11-03 03:00:00+00:00,183.42,183.61,176.81,177.53,5369.146
2025-11-03 04:00:00+00:00,177.56,178.4,175.89,177.87,551.146
2025-11-03 05:00:00+00:00,178.17,178.74,176.64,176.8,250.21
2025-11-03 06:00:00+00:00,177.24,177.29,174.35,176.21,253.782
2025-11-03 07:00:00+00:00,176.14,177.0,175.81,176.68,48.241
2025-11-03 08:00:00+00:00,176.5,176.6,174.54,176.0,61.827
2025-11-03 09:00:00+00:00,176.15,176.5,174.95,174.95,16.266
2025-11-03 10:00:00+00:00,175.02,175.79,173.9,173.9,20.318
2025-11-03 11:00:00+00:00,174.3,175.94,174.3,175.5,280.183
2025-11-03 12:00:00+00:00,175.45,176.63,175.3,175.99,11.159
2025-11-03 13:00:00+00:00,175.31,176.69,175.17,176.02,144.558
2025-11-03 14:00:00+00:00,176.21,176.87,174.96,176.39,23.692
2025-11-03 15:00:00+00:00,176.21,176.51,165.36,167.19,1173.845
2025-11-03 16:00:00+00:00,166.74,169.13,166.0,168.35,167.512
2025-11-03 17:00:00+00:00,168.42,170.83,168.17,170.3,242.625
2025-11-03 18:00:00+00:00,170.56,170.56,167.8,168.0,251.258
2025-11-03 19:00:00+00:00,167.78,168.12,166.75,166.75,74.713
2025-11-03 20:00:00+00:00,166.92,167.63,163.44,163.56,812.597
2025-11-03 21:00:00+00:00,164.6,166.26,163.5,165.89,147.884
2025-11-03 22:00:00+00:00,165.95,166.33,164.24,165.76,156.373
2025-11-03 23:00:00+00:00,165.41,166.21,164.64,166.17,45.593
2025-11-04 00:00:00+00:00,166.06,167.12,164.38,166.91,107.784
2025-11-04 01:00:00+00:00,166.89,168.26,166.59,168.26,1018.363
2025-11-04 02:00:00+00:00,168.14,168.43,166.7,167.17,188.608
2025-11-04 03:00:00+00:00,166.78,168.1,166.26,167.93,367.304
2025-11-04 04:00:00+00:00,167.9,168.22,164.83,165.19,92.459
2025-11-04 05:00:00+00:00,165.12,165.21,157.3,157.66,1184.754
2025-11-04 06:00:00+00:00,157.66,161.11,157.66,158.57,352.693
2025-11-04 07:00:00+00:00,159.03,159.12,156.0,157.1,97.138
2025-11-04 08:00:00+00:00,156.86,160.36,156.86,158.83,306.626
2025-11-04 09:00:00+00:00,159.74,160.43,159.0,160.43,60.564
2025-11-04 10:00:00+00:00,160.43,161.26,160.09,160.35,184.593
2025-11-04 11:00:00+00:00,160.61,162.07,160.61,161.54,740.052
2025-11-04 12:00:00+00:00,161.64,162.4,160.89,161.8,74.107
2025-11-04 13:00:00+00:00,161.48,162.46,160.72,161.6,159.825
2025-11-04 14:00:00+00:00,161.26,164.64,159.6,164.64,1166.826
2025-11-04 15:00:00+00:00,164.72,165.01,161.39,161.68,160.62
2025-11-04 16:00:00+00:00,162.53,167.47,158.3,158.52,423.045
2025-11-04 17:00:00+00:00,158.24,158.24,153.16,156.13,1349.825
2025-11-04 18:00:00+00:00,155.88,156.36,152.45,156.36,173.423
2025-11-04 19:00:00+00:00,156.67,157.3,154.29,154.29,658.446
2025-11-04 20:00:00+00:00,154.29,154.71,148.35,153.38,1391.03
2025-11-04 21:00:00+00:00,153.19,154.25,146.13,151.06,665.764
2025-11-04 22:00:00+00:00,151.14,155.43,150.71,155.03,141.207
2025-11-04 23:00:00+00:00,155.16,155.95,154.29,155.23,120.242
2025-11-05 00:00:00+00:00,154.98,155.43,152.66,153.58,51.163
2025-11-05 01:00:00+00:00,153.31,153.31,147.41,153.14,505.359
2025-11-05 02:00:00+00:00,153.19,156.09,153.19,156.09,59.954
2025-11-05 03:00:00+00:00,156.15,157.3,155.22,157.17,287.378
2025-11-05 04:00:00+00:00,156.88,157.9,155.78,156.9,48.384
2025-11-05 05:00:00+00:00,157.24,158.49,157.0,157.53,65.113
2025-11-05 06:00:00+00:00,157.71,158.06,156.7,157.85,42.202
2025-11-05 07:00:00+00:00,158.05,158.05,155.95,156.66,5.689
2025-11-05 08:00:00+00:00,156.63,156.63,153.86,155.6,55.733
2025-11-05 09:00:00+00:00,156.02,157.37,156.02,157.06,22.048
2025-11-05 10:00:00+00:00,156.36,156.52,154.87,155.11,2.944
2025-11-05 11:00:00+00:00,155.0,157.68,155.0,157.33,36.64
2025-11-05 12:00:00+00:00,157.43,158.81,156.6,158.22,110.415
2025-11-05 13:00:00+00:00,158.16,159.91,157.85,159.27,235.539
2025-11-05 14:00:00+00:00,159.29,159.71,157.21,158.85,182.238
2025-11-05 15:00:00+00:00,158.54,160.59,158.24,160.43,315.076
2025-11-05 16:00:00+00:00,160.14,161.99,158.78,161.9,99.524
2025-11-05 17:00:00+00:00,161.73,162.55,161.03,162.39,383.943
2025-11-05 18:00:00+00:00,162.38,164.16,161.98,163.78,2464.954
2025-11-05 19:00:00+00:00,163.78,163.9,162.33,162.51,3700.056
2025-11-05 20:00:00+00:00,162.97,163.97,162.61,162.87,614.354
2025-11-05 21:00:00+00:00,162.42,162.43,161.17,162.25,283.858
2025-11-05 22:00:00+00:00,161.87,162.75,161.59,162.72,58.523
2025-11-05 23:00:00+00:00,162.83,163.0,162.22,162.71,105.33
2025-11-06 00:00:00+00:00,162.41,162.41,160.6,161.31,72.357
2025-11-06 01:00:00+00:00,161.32,163.0,159.8,160.93,651.395
2025-11-06 02:00:00+00:00,160.93,162.37,160.28,161.89,53.704
2025-11-06 03:00:00+00:00,161.7,162.84,161.7,162.59,101.204
2025-11-06 04:00:00+00:00,162.46,162.75,161.67,162.19,142.323
2025-11-06 05:00:00+00:00,162.09,162.09,159.02,159.02,63.803
2025-11-06 06:00:00+00:00,159.14,159.93,158.98,159.09,17.041
2025-11-06 07:00:00+00:00,158.88,159.93,158.46,159.21,30.22
2025-11-06 08:00:00+00:00,158.69,159.4,158.66,159.3,2.849
2025-11-06 09:00:00+00:00,159.02,159.74,158.88,158.94,3.547
2025-11-06 10:00:00+00:00,158.77,159.89,157.82,159.32,47.073
2025-11-06 11:00:00+00:00,158.65,163.38,158.35,158.88,388.277
2025-11-06 12:00:00+00:00,158.88,159.38,157.42,157.99,103.153
2025-11-06 13:00:00+00:00,157.98,161.18,157.98,160.81,38.353
2025-11-06 14:00:00+00:00,160.95,161.36,157.5,157.69,359.505
2025-11-06 15:00:00+00:00,157.58,158.96,155.49,156.17,102.04
2025-11-06 16:00:00+00:00,156.16,156.86,154.05,155.38,356.352
2025-11-06 17:00:00+00:00,155.99,157.59,154.92,157.42,89.004
2025-11-06 18:00:00+00:00,157.24,158.65,155.74,157.44,56.14
2025-11-06 19:00:00+00:00,157.3,157.93,156.24,157.19,85.768
2025-11-06 20:00:00+00:00,157.22,157.57,154.88,155.25,64.844
2025-11-06 21:00:00+00:00,155.59,156.81,154.71,156.42,20.686
2025-11-06 22:00:00+00:00,156.56,156.76,154.43,155.7,28.107
2025-11-06 23:00:00+00:00,155.62,155.62,153.58,155.23,108.807
2025-11-07 00:00:00+00:00,155.37,156.96,155.22,156.64,73.813
2025-11-07 01:00:00+00:00,156.3,157.27,154.44,156.96,117.846
2025-11-07 02:00:00+00:00,157.04,157.95,156.24,157.95,39.413
2025-11-07 03:00:00+00:00,157.99,158.5,156.93,156.93,28.073
2025-11-07 04:00:00+00:00,156.86,156.86,155.41,156.24,145.152
2025-11-07 05:00:00+00:00,156.24,158.2,156.24,158.19,65.049
2025-11-07 06:00:00+00:00,158.05,158.18,156.86,156.86,38.049
2025-11-07 07:00:00+00:00,157.15,157.25,156.5,156.89,5304.203
2025-11-07 08:00:00+00:00,157.84,158.04,157.04,157.04,8.434
2025-11-07 09:00:00+00:00,156.86,156.86,154.16,154.69,28.628
2025-11-07 10:00:00+00:00,155.22,155.45,153.64,154.0,25.727
2025-11-07 11:00:00+00:00,153.86,154.06,151.75,153.76,144.338
2025-11-07 12:00:00+00:00,153.99,154.01,151.03,151.96,95.081
2025-11-07 13:00:00+00:00,151.62,153.09,151.05,152.48,17.143
2025-11-07 14:00:00+00:00,151.87,155.03,149.89,155.03,198.983
2025-11-07 15:00:00+00:00,154.37,156.16,153.37,155.48,263.055
2025-11-07 16:00:00+00:00,155.23,158.02,154.43,156.84,194.775
2025-11-07 17:00:00+00:00,156.96,161.5,156.96,161.0,677.818
2025-11-07 18:00:00+00:00,161.2,162.85,160.88,162.34,168.081
2025-11-07 19:00:00+00:00,162.12,164.29,161.59,164.0,329.113
2025-11-07 20:00:00+00:00,164.22,164.22,162.07,163.38,121.987
2025-11-07 21:00:00+00:00,162.99,163.68,162.83,163.42,39.936
2025-11-07 22:00:00+00:00,163.5,163.81,162.87,163.2,355.818
2025-11-07 23:00:00+00:00,163.45,163.45,161.83,161.85,600.12
2025-11-08 00:00:00+00:00,161.76,162.42,160.69,160.9,292.358
2025-11-08 01:00:00+00:00,161.31,162.52,161.31,161.89,37.387
2025-11-08 02:00:00+00:00,162.27,164.37,162.06,163.38,57.29
2025-11-08 03:00:00+00:00,163.62,164.8,162.54,162.54,81.134
2025-11-08 04:00:00+00:00,163.35,163.58,162.57,162.59,37.561
2025-11-08 05:00:00+00:00,162.59,163.11,161.19,161.37,24.416
2025-11-08 06:00:00+00:00,161.17,161.87,160.28,161.54,25.321
2025-11-08 07:00:00+00:00,161.11,161.11,159.8,161.06,91.16
2025-11-08 08:00:00+00:00,161.07,162.01,160.59,161.78,2735.755
2025-11-08 09:00:00+00:00,161.78,162.21,161.12,161.38,86.613
2025-11-08 10:00:00+00:00,161.11,161.2,160.84,160.91,8.814
2025-11-08 11:00:00+00:00,160.91,161.23,159.36,159.36,31.761
2025-11-08 12:00:00+00:00,159.66,159.66,158.98,159.5,10.179
2025-11-08 13:00:00+00:00,159.59,159.59,158.4,158.4,148.224
2025-11-08 14:00:00+00:00,158.5,158.5,157.04,157.93,44.587
2025-11-08 15:00:00+00:00,157.7,157.72,156.12,156.95,53.237
2025-11-08 16:00:00+00:00,156.44,157.42,156.05,156.54,66.226
2025-11-08 17:00:00+00:00,156.9,157.66,156.24,157.37,22.403
2025-11-08 18:00:00+00:00,157.54,158.21,157.52,158.04,23.729
2025-11-08 19:00:00+00:00,157.9,158.17,156.31,157.3,94.607
2025-11-08 20:00:00+00:00,157.49,158.04,157.35,157.35,25.678
2025-11-08 21:00:00+00:00,157.74,158.23,157.54,157.86,135.856
2025-11-08 22:00:00+00:00,157.91,158.46,157.7,158.05,35.908
2025-11-08 23:00:00+00:00,158.05,158.46,157.84,158.22,24.67
2025-11-09 00:00:00+00:00,158.11,158.11,156.6,156.66,49.912
2025-11-09 01:00:00+00:00,156.86,158.92,156.86,158.24,461.975
2025-11-09 02:00:00+00:00,158.19,158.27,155.9,155.9,39.714
2025-11-09 03:00:00+00:00,156.15,156.59,155.41,156.02,19.489
2025-11-09 04:00:00+00:00,156.04,157.47,156.04,156.92,218.078
2025-11-09 05:00:00+00:00,157.24,158.25,157.24,158.25,122.048
2025-11-09 06:00:00+00:00,158.24,159.1,157.9,158.15,62.576
2025-11-09 07:00:00+00:00,158.41,159.48,157.95,159.46,24.127
2025-11-09 08:00:00+00:00,159.24,159.6,159.03,159.6,0.884
2025-11-09 09:00:00+00:00,159.8,159.8,158.26,158.26,3.449
2025-11-09 10:00:00+00:00,158.24,158.24,157.26,158.24,78.047
2025-11-09 11:00:00+00:00,158.51,159.3,158.51,158.94,27.504
2025-11-09 12:00:00+00:00,158.73,159.87,158.69,159.28,39.397
2025-11-09 13:00:00+00:00,159.46,160.43,159.38,160.18,224.29
2025-11-09 14:00:00+00:00,159.99,163.02,159.37,159.94,203.337
2025-11-09 15:00:00+00:00,160.62,163.89,159.87,162.35,95.208
2025-11-09 16:00:00+00:00,162.98,163.05,161.87,163.05,70.708
2025-11-09 17:00:00+00:00,163.02,163.02,161.29,161.71,108.625
2025-11-09 18:00:00+00:00,161.85,169.06,161.48,163.98,768.306
2025-11-09 19:00:00+00:00,163.99,166.39,163.55,166.39,225.917
2025-11-09 20:00:00+00:00,166.21,166.31,165.06,165.48,60.778
2025-11-09 21:00:00+00:00,165.54,165.57,164.5,164.86,20.133
2025-11-09 22:00:00+00:00,165.41,165.52,164.34,165.5,26.555
2025-11-09 23:00:00+00:00,165.78,166.47,164.13,164.3,82.788
2025-11-10 00:00:00+00:00,164.61,168.29,163.69,168.0,111.423
2025-11-10 01:00:00+00:00,167.78,168.21,166.47,167.2,123.383
2025-11-10 02:00:00+00:00,166.9,167.99,166.6,167.8,50.702
2025-11-10 03:00:00+00:00,167.8,168.88,167.38,168.07,46.563
2025-11-10 04:00:00+00:00,168.26,168.88,166.68,168.18,115.81
2025-11-10 05:00:00+00:00,168.22,168.61,167.32,167.44,163.067
2025-11-10 06:00:00+00:00,167.6,167.94,166.65,167.22,180.064
2025-11-10 07:00:00+00:00,167.24,168.3,167.2,167.52,64.227
2025-11-10 08:00:00+00:00,167.53,167.53,166.37,166.7,133.195
2025-11-10 09:00:00+00:00,167.02,169.7,166.87,169.46,107.34
2025-11-10 10:00:00+00:00,169.52,169.52,168.18,168.58,30.689
2025-11-10 11:00:00+00:00,168.37,168.91,168.25,168.39,34.435
2025-11-10 12:00:00+00:00,168.35,168.44,167.12,168.14,29.584
2025-11-10 13:00:00+00:00,168.23,170.41,168.15,169.78,270.882
2025-11-10 14:00:00+00:00,169.53,169.53,165.47,166.24,124.302
2025-11-10 15:00:00+00:00,166.33,167.13,165.36,166.32,132.538
2025-11-10 16:00:00+00:00,166.21,166.97,165.55,166.19,156.215
2025-11-10 17:00:00+00:00,166.43,168.36,166.09,167.85,34.743
2025-11-10 18:00:00+00:00,167.9,167.92,165.78,165.78,103.996
2025-11-10 19:00:00+00:00,165.88,167.69,165.88,167.32,175.878
2025-11-10 20:00:00+00:00,167.57,168.29,166.95,167.85,25.561
2025-11-10 21:00:00+00:00,167.23,167.23,164.97,165.31,121.415
2025-11-10 22:00:00+00:00,165.7,167.78,165.26,167.78,62.728
2025-11-10 23:00:00+00:00,167.77,168.08,167.31,167.31,65.813
2025-11-11 00:00:00+00:00,167.45,167.61,166.17,167.46,39.385
2025-11-11 01:00:00+00:00,167.78,170.85,166.69,167.21,242.146
2025-11-11 02:00:00+00:00,167.47,170.95,166.34,169.85,110.505
2025-11-11 03:00:00+00:00,170.44,171.84,169.52,170.2,120.487
2025-11-11 04:00:00+00:00,170.14,170.14,166.78,166.78,38.76
2025-11-11 05:00:00+00:00,166.53,166.53,165.02,165.73,259.649
2025-11-11 06:00:00+00:00,165.11,165.33,163.81,165.01,54.951
2025-11-11 07:00:00+00:00,164.97,165.16,164.0,164.0,1.53
2025-11-11 08:00:00+00:00,163.81,164.76,163.69,164.06,3.636
2025-11-11 09:00:00+00:00,164.09,164.86,163.3,164.03,71.104
2025-11-11 10:00:00+00:00,164.18,164.18,162.96,163.66,222.538
2025-11-11 11:00:00+00:00,163.77,164.54,163.05,163.05,3.997
2025-11-11 12:00:00+00:00,163.78,164.41,162.71,163.0,26.679
2025-11-11 13:00:00+00:00,163.5,163.85,162.37,162.7,8.29
2025-11-11 14:00:00+00:00,162.35,163.05,161.26,162.84,83.915
2025-11-11 15:00:00+00:00,162.02,162.12,160.15,160.66,455.392
2025-11-11 16:00:00+00:00,160.9,161.06,159.8,160.6,62.079
2025-11-11 17:00:00+00:00,160.6,161.04,158.25,159.32,89.228
2025-11-11 18:00:00+00:00,159.32,159.48,158.52,159.06,618.04
2025-11-11 19:00:00+00:00,158.24,158.69,157.5,157.54,48.27
2025-11-11 20:00:00+00:00,157.47,157.85,156.36,156.78,182.376
2025-11-11 21:00:00+00:00,156.97,157.3,155.71,155.9,62.223
2025-11-11 22:00:00+00:00,155.68,157.1,155.6,156.9,257.924
2025-11-11 23:00:00+00:00,156.7,156.8,153.91,154.8,99.233
2025-11-12 00:00:00+00:00,155.23,155.36,153.73,153.8,152.894
2025-11-12 01:00:00+00:00,153.82,155.43,153.82,155.42,747.02
2025-11-12 02:00:00+00:00,155.39,155.69,153.87,154.39,762.02
2025-11-12 03:00:00+00:00,154.18,154.91,154.18,154.77,26.572
2025-11-12 04:00:00+00:00,154.51,154.96,154.36,154.74,25.425
2025-11-12 05:00:00+00:00,155.06,156.15,155.06,155.6,67.308
2025-11-12 06:00:00+00:00,155.33,156.36,155.33,156.13,119.007
2025-11-12 07:00:00+00:00,155.92,156.42,155.16,155.16,15.778
2025-11-12 08:00:00+00:00,155.17,158.0,155.17,158.0,26.361
2025-11-12 09:00:00+00:00,158.04,158.79,158.02,158.19,8.63
2025-11-12 10:00:00+00:00,158.35,160.28,158.35,160.28,136.553
2025-11-12 11:00:00+00:00,160.34,161.25,159.9,160.08,75.268
2025-11-12 12:00:00+00:00,160.39,160.78,159.14,160.0,118.016
2025-11-12 13:00:00+00:00,159.5,160.9,158.99,160.57,384.363
2025-11-12 14:00:00+00:00,160.23,161.03,157.3,158.56,169.122
2025-11-12 15:00:00+00:00,158.79,159.48,155.37,155.37,59.321
2025-11-12 16:00:00+00:00,155.7,156.08,152.07,152.78,516.936
2025-11-12 17:00:00+00:00,152.99,155.0,152.47,153.46,31.945
2025-11-12 18:00:00+00:00,153.36,154.19,153.09,153.09,75.876
2025-11-12 19:00:00+00:00,152.78,153.64,151.31,153.17,120.933
2025-11-12 20:00:00+00:00,152.98,154.56,152.66,153.72,141.554
2025-11-12 21:00:00+00:00,153.72,154.98,153.58,154.06,292.899
2025-11-12 22:00:00+00:00,154.18,154.18,152.91,153.62,69.923
2025-11-12 23:00:00+00:00,153.87,153.87,152.99,153.33,38.55
2025-11-13 00:00:00+00:00,153.39,154.38,152.58,152.58,10.633
2025-11-13 01:00:00+00:00,152.99,154.37,152.47,152.8,152.444
2025-11-13 02:00:00+00:00,152.81,153.32,152.56,152.72,45.558
2025-11-13 03:00:00+00:00,153.0,155.65,150.48,154.5,224.176
2025-11-13 04:00:00+00:00,154.39,155.0,153.58,154.1,276.125
2025-11-13 05:00:00+00:00,154.2,156.69,154.06,156.09,27.647
2025-11-13 06:00:00+00:00,156.05,157.05,155.82,156.63,13.99
2025-11-13 07:00:00+00:00,157.05,157.1,154.9,154.9,65.131
2025-11-13 08:00:00+00:00,155.66,156.36,155.66,155.96,2.784
2025-11-13 09:00:00+00:00,155.45,155.45,154.3,154.67,6.319
2025-11-13 10:00:00+00:00,155.14,156.14,155.08,155.25,7.635
2025-11-13 11:00:00+00:00,155.65,156.36,155.65,156.36,3.073
2025-11-13 12:00:00+00:00,156.54,156.91,155.96,156.23,102.857
2025-11-13 13:00:00+00:00,156.39,156.53,153.76,153.8,35.667
2025-11-13 14:00:00+00:00,153.73,156.6,152.35,155.23,39.424
2025-11-13 15:00:00+00:00,155.17,155.65,152.58,153.06,55.356
2025-11-13 16:00:00+00:00,153.12,153.16,150.77,150.99,103.344
2025-11-13 17:00:00+00:00,151.2,151.2,146.93,146.93,840.735
2025-11-13 18:00:00+00:00,147.12,147.71,144.66,145.78,526.197
2025-11-13 19:00:00+00:00,145.47,146.1,142.25,142.48,544.743
2025-11-13 20:00:00+00:00,142.65,143.22,141.11,142.65,881.615
2025-11-13 21:00:00+00:00,142.64,143.64,141.39,142.29,144.838
2025-11-13 22:00:00+00:00,142.02,144.87,141.88,144.49,54.283
2025-11-13 23:00:00+00:00,144.69,146.13,144.55,144.59,416.839
2025-11-14 00:00:00+00:00,144.44,145.29,143.04,143.37,43.375
2025-11-14 01:00:00+00:00,143.24,144.58,142.94,143.88,65.42
2025-11-14 02:00:00+00:00,144.38,145.58,144.38,144.83,124.503
2025-11-14 03:00:00+00:00,145.33,145.33,143.8,144.27,57.125
2025-11-14 04:00:00+00:00,144.36,144.36,138.94,142.05,433.683
2025-11-14 05:00:00+00:00,142.08,143.55,141.42,143.26,82.58
2025-11-14 06:00:00+00:00,142.85,143.8,140.34,143.8,29.515
2025-11-14 07:00:00+00:00,143.77,144.36,142.74,142.94,119.447
2025-11-14 08:00:00+00:00,142.84,142.85,141.86,142.36,10.768
2025-11-14 09:00:00+00:00,142.94,143.1,140.79,140.89,8.534
2025-11-14 10:00:00+00:00,141.3,142.76,140.6,142.65,44.795
2025-11-14 11:00:00+00:00,141.83,142.16,139.98,140.05,32.051
2025-11-14 12:00:00+00:00,139.98,140.1,136.02,138.93,357.008
2025-11-14 13:00:00+00:00,139.12,139.6,136.08,138.74,511.775
2025-11-14 14:00:00+00:00,138.76,142.69,137.9,142.3,353.305
2025-11-14 15:00:00+00:00,142.41,143.67,140.33,142.25,50.706
2025-11-14 16:00:00+00:00,142.26,144.21,142.02,143.61,94.203
2025-11-14 17:00:00+00:00,143.43,143.83,140.52,141.61,27.114
2025-11-14 18:00:00+00:00,141.52,142.91,141.21,141.21,92.308
2025-11-14 19:00:00+00:00,141.61,143.43,141.15,143.02,124.907
2025-11-14 20:00:00+00:00,143.05,143.17,139.38,139.38,106.351
2025-11-14 21:00:00+00:00,140.34,141.19,139.99,140.78,32.705
2025-11-14 22:00:00+00:00,140.7,141.6,139.75,140.38,62.714
2025-11-14 23:00:00+00:00,140.3,140.35,137.46,139.06,88.124
2025-11-15 00:00:00+00:00,138.9,141.24,138.69,140.26,48.227
2025-11-15 01:00:00+00:00,141.14,142.25,140.39,142.12,98.198
2025-11-15 02:00:00+00:00,141.84,143.07,141.7,142.95,48.664
2025-11-15 03:00:00+00:00,143.18,143.29,142.6,142.6,53.135
2025-11-15 04:00:00+00:00,142.67,143.07,142.07,142.53,12.382
2025-11-15 05:00:00+00:00,142.61,143.12,142.61,143.11,4.91
2025-11-15 06:00:00+00:00,142.72,143.54,142.35,142.6,59.786
2025-11-15 07:00:00+00:00,142.64,143.25,142.38,142.6,11.09
2025-11-15 08:00:00+00:00,142.25,142.36,140.7,140.96,109.412
2025-11-15 09:00:00+00:00,140.94,141.42,140.78,140.95,28.331
2025-11-15 10:00:00+00:00,141.03,141.34,140.67,140.97,11.428
2025-11-15 11:00:00+00:00,141.1,141.1,140.14,140.15,10.931
2025-11-15 12:00:00+00:00,140.15,140.98,140.15,140.83,8.604
2025-11-15 13:00:00+00:00,140.97,141.97,140.86,141.84,176.457
2025-11-15 14:00:00+00:00,141.66,141.69,140.97,141.3,47.935
2025-11-15 15:00:00+00:00,141.41,142.31,141.41,142.03,41.973
2025-11-15 16:00:00+00:00,141.69,142.8,140.95,142.6,14.885
2025-11-15 17:00:00+00:00,142.81,144.59,142.6,143.38,45.241
2025-11-15 18:00:00+00:00,143.48,143.48,142.37,142.49,99.007
2025-11-15 19:00:00+00:00,142.77,143.12,141.65,141.7,44.254
2025-11-15 20:00:00+00:00,141.69,142.03,140.39,140.39,365.456
2025-11-15 21:00:00+00:00,140.59,140.96,138.78,139.03,147.115
2025-11-15 22:00:00+00:00,138.97,140.02,138.82,139.93,15.456
2025-11-15 23:00:00+00:00,139.68,140.29,139.68,139.76,18.137
2025-11-16 00:00:00+00:00,139.59,139.73,138.9,139.17,58.032
2025-11-16 01:00:00+00:00,139.17,139.65,137.54,138.92,65.646
2025-11-16 02:00:00+00:00,138.64,140.74,138.64,140.74,28.206
2025-11-16 03:00:00+00:00,140.71,141.39,140.59,141.39,29.058
2025-11-16 04:00:00+00:00,141.49,141.53,140.73,141.26,26.091
2025-11-16 05:00:00+00:00,141.54,142.09,141.34,141.36,12.408
2025-11-16 06:00:00+00:00,141.6,142.27,141.6,142.05,43.209
2025-11-16 07:00:00+00:00,141.83,142.28,141.47,142.28,27.979
2025-11-16 08:00:00+00:00,142.37,142.43,141.71,141.92,15.047
2025-11-16 09:00:00+00:00,142.43,143.21,141.88,143.21,3.956
2025-11-16 10:00:00+00:00,143.2,143.2,143.2,143.2,0.139
2025-11-16 11:00:00+00:00,142.99,142.99,139.75,139.75,32.418
2025-11-16 12:00:00+00:00,140.07,140.7,139.36,140.7,20.929
2025-11-16 13:00:00+00:00,140.19,140.63,139.02,139.02,12.12
2025-11-16 14:00:00+00:00,139.68,140.64,139.63,140.54,10.286
2025-11-16 15:00:00+00:00,140.1,140.53,137.25,137.33,111.918
2025-11-16 16:00:00+00:00,137.36,138.07,135.52,135.72,503.705
2025-11-16 17:00:00+00:00,135.91,136.36,134.57,135.94,258.1
2025-11-16 18:00:00+00:00,135.5,138.45,135.43,135.72,56.002
2025-11-16 19:00:00+00:00,136.24,137.9,136.24,136.94,61.512
2025-11-16 20:00:00+00:00,136.94,138.22,136.82,136.82,102.462
2025-11-16 21:00:00+00:00,136.57,136.57,135.56,136.34,94.162
2025-11-16 22:00:00+00:00,136.05,137.71,135.31,137.71,220.297
2025-11-16 23:00:00+00:00,137.52,137.9,135.31,137.23,71.38
2025-11-17 00:00:00+00:00,137.13,139.53,136.24,139.27,86.894
2025-11-17 01:00:00+00:00,138.96,139.43,138.29,138.29,69.775
2025-11-17 02:00:00+00:00,138.49,139.33,138.25,138.92,43.8
2025-11-17 03:00:00+00:00,139.2,140.51,139.2,140.23,161.248
2025-11-17 04:00:00+00:00,140.25,140.78,139.7,140.41,38.16
2025-11-17 05:00:00+00:00,140.49,140.65,139.96,140.65,87.959
2025-11-17 06:00:00+00:00,140.61,141.46,140.52,141.46,46.504
2025-11-17 07:00:00+00:00,141.35,141.71,141.35,141.55,71.036
2025-11-17 08:00:00+00:00,141.43,141.56,141.27,141.42,80.45
2025-11-17 09:00:00+00:00,141.19,142.43,141.19,142.07,23.501
2025-11-17 10:00:00+00:00,142.06,142.48,141.88,142.32,13.094
2025-11-17 11:00:00+00:00,142.36,142.66,141.99,142.0,8.593
2025-11-17 12:00:00+00:00,141.92,142.4,141.6,141.9,2.69
2025-11-17 13:00:00+00:00,141.89,141.89,137.42,137.98,204.307
2025-11-17 14:00:00+00:00,137.93,143.07,136.96,139.86,317.205
2025-11-17 15:00:00+00:00,140.3,140.69,136.96,137.14,192.088
2025-11-17 16:00:00+00:00,137.04,138.0,133.45,136.17,993.148
2025-11-17 17:00:00+00:00,135.98,136.11,131.92,132.16,151.58
2025-11-17 18:00:00+00:00,132.11,133.04,130.42,130.55,257.89
2025-11-17 19:00:00+00:00,130.55,131.22,129.64,129.64,212.21
2025-11-17 20:00:00+00:00,129.56,130.91,128.97,130.35,218.781
2025-11-17 21:00:00+00:00,130.64,130.88,129.89,130.69,84.071
2025-11-17 22:00:00+00:00,130.69,131.86,130.31,131.48,329.899
2025-11-17 23:00:00+00:00,131.23,131.77,130.24,131.11,164.45
2025-11-18 00:00:00+00:00,130.98,131.68,129.12,131.68,117.649
2025-11-18 01:00:00+00:00,131.44,132.26,131.01,131.85,22.087
2025-11-18 02:00:00+00:00,131.61,134.85,130.48,132.94,332.326
2025-11-18 03:00:00+00:00,132.24,135.13,131.62,134.61,424.2
2025-11-18 04:00:00+00:00,134.74,135.98,132.52,135.98,188.949
2025-11-18 05:00:00+00:00,135.24,136.57,134.91,136.04,142.082
2025-11-18 06:00:00+00:00,135.75,136.99,135.31,135.68,84.156
2025-11-18 07:00:00+00:00,135.52,137.79,135.05,136.87,38.78
2025-11-18 08:00:00+00:00,137.26,138.28,137.07,137.81,61.252
2025-11-18 09:00:00+00:00,137.55,137.8,136.57,137.71,5.067
2025-11-18 10:00:00+00:00,138.02,138.99,137.79,138.11,174.195
2025-11-18 11:00:00+00:00,137.72,138.21,137.52,137.76,29.307
2025-11-18 12:00:00+00:00,137.84,138.48,137.06,138.48,36.751
2025-11-18 13:00:00+00:00,137.52,138.37,137.07,138.37,21.531
2025-11-18 14:00:00+00:00,138.12,139.8,137.76,137.76,121.193
2025-11-18 15:00:00+00:00,137.52,142.05,137.27,139.99,361.891
2025-11-18 16:00:00+00:00,139.68,141.51,138.9,141.03,49.121
2025-11-18 17:00:00+00:00,141.09,141.14,137.66,140.11,471.636
2025-11-18 18:00:00+00:00,140.08,141.55,139.89,141.35,132.468
2025-11-18 19:00:00+00:00,141.29,141.92,140.99,141.0,34.666
2025-11-18 20:00:00+00:00,141.47,142.09,141.24,141.24,133.775
2025-11-18 21:00:00+00:00,140.9,141.25,139.76,139.8,29.187
2025-11-18 22:00:00+00:00,140.13,141.55,139.69,141.55,5.481
2025-11-18 23:00:00+00:00,141.38,141.38,140.77,140.77,18.97
2025-11-19 00:00:00+00:00,140.71,141.65,139.38,141.65,88.587
2025-11-19 01:00:00+00:00,141.08,141.62,139.87,139.87,25.41
2025-11-19 02:00:00+00:00,141.1,142.54,140.91,142.54,24.07
2025-11-19 03:00:00+00:00,142.37,142.42,139.5,139.76,71.097
2025-11-19 04:00:00+00:00,139.73,139.9,138.5,138.57,38.026
2025-11-19 05:00:00+00:00,139.03,139.03,137.27,138.08,55.03
2025-11-19 06:00:00+00:00,138.45,139.33,138.26,138.94,23.633
2025-11-19 07:00:00+00:00,139.08,141.03,139.08,140.58,135.892
2025-11-19 08:00:00+00:00,140.46,140.75,140.07,140.09,20.404
2025-11-19 09:00:00+00:00,140.1,140.1,139.28,139.31,7.454
2025-11-19 10:00:00+00:00,140.26,140.26,139.42,139.5,2.335
2025-11-19 11:00:00+00:00,139.7,139.76,138.48,138.48,21.15
2025-11-19 12:00:00+00:00,138.4,139.11,138.4,139.11,12.462
2025-11-19 13:00:00+00:00,138.6,138.73,136.86,136.86,18.963
2025-11-19 14:00:00+00:00,136.84,137.74,136.09,137.02,118.09
2025-11-19 15:00:00+00:00,137.88,138.73,134.5,134.65,205.974
2025-11-19 16:00:00+00:00,134.75,135.3,132.93,133.48,297.508
2025-11-19 17:00:00+00:00,133.77,133.77,131.45,132.09,161.917
2025-11-19 18:00:00+00:00,132.09,132.4,130.48,130.8,95.412
2025-11-19 19:00:00+00:00,131.44,131.99,130.7,131.99,118.285
2025-11-19 20:00:00+00:00,131.65,133.4,131.56,133.4,69.887
2025-11-19 21:00:00+00:00,132.61,135.87,132.61,135.56,65.128
2025-11-19 22:00:00+00:00,135.21,135.66,134.63,135.55,50.991
2025-11-19 23:00:00+00:00,135.6,137.0,135.51,137.0,74.717
2025-11-20 00:00:00+00:00,136.8,138.03,136.53,137.5,127.761
2025-11-20 01:00:00+00:00,136.7,139.58,136.7,139.57,79.902
2025-11-20 02:00:00+00:00,139.55,144.18,139.55,143.57,534.064
2025-11-20 03:00:00+00:00,143.8,144.35,143.17,143.17,62.296
2025-11-20 04:00:00+00:00,143.52,144.59,142.7,144.59,107.645
2025-11-20 05:00:00+00:00,144.55,144.55,143.72,144.18,30.506
2025-11-20 06:00:00+00:00,144.15,144.19,142.37,142.75,151.298
2025-11-20 07:00:00+00:00,143.01,143.72,143.01,143.72,8.823
2025-11-20 08:00:00+00:00,143.8,143.84,143.11,143.15,312.618
2025-11-20 09:00:00+00:00,142.94,142.97,141.49,141.99,13.68
2025-11-20 10:00:00+00:00,141.72,142.15,141.22,142.13,9.222
2025-11-20 11:00:00+00:00,142.33,142.37,141.83,141.83,11.043
2025-11-20 12:00:00+00:00,141.98,142.24,141.73,142.24,11.284
2025-11-20 13:00:00+00:00,141.9,143.04,140.58,140.58,60.696
2025-11-20 14:00:00+00:00,140.48,141.39,139.07,140.7,291.784
2025-11-20 15:00:00+00:00,139.69,140.41,138.41,138.41,50.019
2025-11-20 16:00:00+00:00,138.56,138.56,131.66,132.59,919.177
2025-11-20 17:00:00+00:00,132.61,133.04,131.22,132.8,289.604
2025-11-20 18:00:00+00:00,132.33,134.48,132.33,132.73,59.503
2025-11-20 19:00:00+00:00,132.24,134.32,131.7,133.97,182.415
2025-11-20 20:00:00+00:00,133.74,134.48,132.59,133.87,608.379
2025-11-20 21:00:00+00:00,133.84,135.2,133.68,134.23,62.909
2025-11-20 22:00:00+00:00,134.11,136.57,134.03,136.45,91.62
2025-11-20 23:00:00+00:00,135.63,135.63,133.45,133.87,64.008
2025-11-21 00:00:00+00:00,134.26,134.79,133.98,134.21,24.395
2025-11-21 01:00:00+00:00,134.25,134.9,133.61,134.41,25.815
2025-11-21 02:00:00+00:00,134.52,134.52,131.3,131.3,333.706
2025-11-21 03:00:00+00:00,131.83,133.56,131.48,133.11,64.815
2025-11-21 04:00:00+00:00,132.78,132.96,130.66,132.6,158.876
2025-11-21 05:00:00+00:00,132.88,133.06,131.67,131.91,56.105
2025-11-21 06:00:00+00:00,131.63,131.78,130.67,130.67,40.559
2025-11-21 07:00:00+00:00,130.82,131.18,122.32,127.33,1118.87
2025-11-21 08:00:00+00:00,127.43,129.31,127.0,128.34,93.392
2025-11-21 09:00:00+00:00,128.83,128.86,125.63,125.66,77.495
2025-11-21 10:00:00+00:00,125.47,126.42,125.0,125.28,273.46
2025-11-21 11:00:00+00:00,125.06,126.38,123.86,124.4,155.353
2025-11-21 12:00:00+00:00,124.12,127.22,121.75,126.33,469.928
2025-11-21 13:00:00+00:00,126.06,128.2,125.92,127.43,185.64
2025-11-21 14:00:00+00:00,126.82,129.47,126.25,128.79,566.354
2025-11-21 15:00:00+00:00,128.59,128.81,125.0,125.45,371.151
2025-11-21 16:00:00+00:00,125.43,128.66,123.68,128.66,162.944
2025-11-21 17:00:00+00:00,128.83,130.52,128.65,129.17,216.228
2025-11-21 18:00:00+00:00,129.37,130.2,126.67,129.31,170.652
2025-11-21 19:00:00+00:00,129.58,129.8,127.84,128.06,78.368
2025-11-21 20:00:00+00:00,128.09,128.09,126.06,127.06,153.5
2025-11-21 21:00:00+00:00,126.82,129.24,126.82,128.9,115.438
2025-11-21 22:00:00+00:00,129.09,129.32,125.52,125.52,818.772
2025-11-21 23:00:00+00:00,125.47,128.76,124.74,128.65,266.524
2025-11-22 00:00:00+00:00,128.84,129.28,128.04,128.66,87.449
2025-11-22 01:00:00+00:00,128.57,129.72,128.57,129.53,9.147
2025-11-22 02:00:00+00:00,128.93,129.0,127.34,127.82,28.592
2025-11-22 03:00:00+00:00,128.07,128.23,126.96,127.23,43.072
2025-11-22 04:00:00+00:00,127.23,127.35,125.77,126.7,364.391
2025-11-22 05:00:00+00:00,127.0,127.19,125.33,126.09,132.026
2025-11-22 06:00:00+00:00,126.21,128.0,125.45,128.0,41.69
2025-11-22 07:00:00+00:00,128.02,128.17,127.5,127.92,2.812
2025-11-22 08:00:00+00:00,127.46,127.46,125.66,125.77,4.213
2025-11-22 09:00:00+00:00,126.19,127.42,126.05,126.82,4.429
2025-11-22 10:00:00+00:00,127.19,127.19,125.75,125.94,28.575
2025-11-22 11:00:00+00:00,125.59,127.25,125.43,126.75,7.017
2025-11-22 12:00:00+00:00,126.61,126.79,125.31,125.31,82.891
2025-11-22 13:00:00+00:00,125.56,126.29,125.23,125.6,44.853
2025-11-22 14:00:00+00:00,126.29,127.23,126.25,127.18,63.232
2025-11-22 15:00:00+00:00,126.91,127.6,126.25,127.1,280.505
2025-11-22 16:00:00+00:00,127.21,128.51,127.21,128.28,139.034
2025-11-22 17:00:00+00:00,128.1,128.21,127.32,127.66,117.431
2025-11-22 18:00:00+00:00,127.46,128.03,127.44,127.74,145.29
2025-11-22 19:00:00+00:00,127.72,128.09,126.89,127.32,38.218
2025-11-22 20:00:00+00:00,127.5,127.67,126.08,126.22,97.332
2025-11-22 21:00:00+00:00,126.47,126.65,126.23,126.63,13.476
2025-11-22 22:00:00+00:00,126.74,128.77,126.34,128.22,39.552
2025-11-22 23:00:00+00:00,128.21,128.32,127.39,127.73,56.041
2025-11-23 00:00:00+00:00,127.64,128.64,127.53,128.25,344.883
2025-11-23 01:00:00+00:00,128.49,129.73,128.26,129.73,34.452
2025-11-23 02:00:00+00:00,129.59,130.97,129.59,130.1,92.951
2025-11-23 03:00:00+00:00,130.17,130.68,129.64,130.03,83.245
2025-11-23 04:00:00+00:00,130.04,131.95,130.04,131.29,560.764
2025-11-23 05:00:00+00:00,131.08,131.2,130.39,130.51,216.062
2025-11-23 06:00:00+00:00,130.87,130.88,129.3,129.3,371.645
2025-11-23 07:00:00+00:00,129.23,129.52,128.19,128.57,91.951
2025-11-23 08:00:00+00:00,129.11,129.6,128.97,129.6,129.271
2025-11-23 09:00:00+00:00,129.67,130.69,129.62,130.0,204.781
2025-11-23 10:00:00+00:00,130.15,130.16,129.55,129.85,73.749
2025-11-23 11:00:00+00:00,129.66,129.89,129.11,129.85,30.837
2025-11-23 12:00:00+00:00,129.73,131.7,129.73,130.76,534.796
2025-11-23 13:00:00+00:00,131.08,131.61,130.52,131.58,5.927
2025-11-23 14:00:00+00:00,131.68,132.8,130.63,130.83,84.758
2025-11-23 15:00:00+00:00,130.88,133.0,130.53,133.0,63.613
2025-11-23 16:00:00+00:00,132.69,133.27,132.24,132.28,16.403
2025-11-23 17:00:00+00:00,131.82,131.87,130.95,131.67,23.327
2025-11-23 18:00:00+00:00,131.93,132.94,131.71,132.2,95.413
2025-11-23 19:00:00+00:00,132.34,133.13,132.0,132.49,88.646
2025-11-23 20:00:00+00:00,132.43,132.86,132.24,132.51,20.319
2025-11-23 21:00:00+00:00,132.51,133.43,131.71,133.43,349.553
2025-11-23 22:00:00+00:00,132.96,133.01,132.39,132.7,12.992
2025-11-23 23:00:00+00:00,132.8,132.92,130.67,130.76,22.938
2025-11-24 00:00:00+00:00,130.71,131.93,129.4,130.9,101.83
2025-11-24 01:00:00+00:00,130.88,131.56,130.16,131.56,68.284
2025-11-24 02:00:00+00:00,131.61,134.14,131.61,133.37,428.598
2025-11-24 03:00:00+00:00,133.42,133.97,133.02,133.55,47.429
2025-11-24 04:00:00+00:00,133.35,133.56,130.71,131.54,98.124
2025-11-24 05:00:00+00:00,131.41,133.83,131.41,132.78,56.198
2025-11-24 06:00:00+00:00,133.07,133.08,130.79,131.27,160.73
2025-11-24 07:00:00+00:00,130.78,131.3,130.35,130.35,80.487
2025-11-24 08:00:00+00:00,130.23,130.67,129.79,130.67,265.181
2025-11-24 09:00:00+00:00,130.48,130.54,128.58,128.96,445.334
2025-11-24 10:00:00+00:00,128.94,129.59,128.88,129.01,160.015
2025-11-24 11:00:00+00:00,129.03,129.65,129.03,129.65,0.985
2025-11-24 12:00:00+00:00,129.5,129.89,129.45,129.45,200.548
2025-11-24 13:00:00+00:00,129.41,130.45,129.4,130.23,339.138
2025-11-24 14:00:00+00:00,129.57,131.5,128.67,130.67,211.637
2025-11-24 15:00:00+00:00,130.71,132.43,130.35,131.82,33.903
2025-11-24 16:00:00+00:00,132.0,134.34,132.0,134.11,35.459
2025-11-24 17:00:00+00:00,133.67,137.0,133.67,137.0,380.285
2025-11-24 18:00:00+00:00,137.0,137.79,136.44,137.52,211.956
2025-11-24 19:00:00+00:00,137.4,137.77,136.83,137.28,36.452
2025-11-24 20:00:00+00:00,137.45,139.28,137.43,138.81,623.215
2025-11-24 21:00:00+00:00,138.83,138.96,138.04,138.88,95.812
2025-11-24 22:00:00+00:00,139.14,139.77,138.57,139.25,87.099
2025-11-24 23:00:00+00:00,139.18,139.33,138.31,138.4,659.26
2025-11-25 00:00:00+00:00,138.5,138.82,137.73,138.35,56.111
2025-11-25 01:00:00+00:00,138.25,138.89,137.79,137.85,403.812
2025-11-25 02:00:00+00:00,137.76,138.36,137.39,138.23,40.037
2025-11-25 03:00:00+00:00,138.04,138.59,137.52,137.9,15.923
2025-11-25 04:00:00+00:00,137.84,138.75,137.84,138.75,592.3
2025-11-25 05:00:00+00:00,138.61,138.89,138.07,138.6,353.615
2025-11-25 06:00:00+00:00,138.45,138.62,137.53,138.16,6.14
2025-11-25 07:00:00+00:00,137.97,137.97,136.42,136.42,8.159
2025-11-25 08:00:00+00:00,136.68,136.73,135.29,135.29,24.892
2025-11-25 09:00:00+00:00,135.51,136.26,134.92,136.26,218.579
2025-11-25 10:00:00+00:00,136.24,136.74,136.06,136.74,3.825
2025-11-25 11:00:00+00:00,136.29,136.69,135.99,136.69,121.655
2025-11-25 12:00:00+00:00,136.58,136.9,135.73,136.41,16.38
2025-11-25 13:00:00+00:00,136.23,136.77,135.26,135.26,78.004
2025-11-25 14:00:00+00:00,135.72,135.81,133.3,134.88,229.723
2025-11-25 15:00:00+00:00,133.83,135.44,133.83,134.81,90.467
2025-11-25 16:00:00+00:00,134.81,136.97,134.81,136.22,110.164
2025-11-25 17:00:00+00:00,136.19,138.03,135.89,137.0,104.572
2025-11-25 18:00:00+00:00,137.15,137.65,136.38,136.38,28.712
2025-11-25 19:00:00+00:00,136.38,136.65,134.26,136.65,162.004
2025-11-25 20:00:00+00:00,136.7,138.03,136.67,137.47,62.579
2025-11-25 21:00:00+00:00,137.62,138.07,137.18,137.18,48.333
2025-11-25 22:00:00+00:00,137.21,139.56,136.15,139.08,119.762
2025-11-25 23:00:00+00:00,139.23,140.41,138.73,139.06,251.548
2025-11-26 00:00:00+00:00,139.02,139.72,138.91,139.34,131.315
2025-11-26 01:00:00+00:00,138.94,140.74,138.57,139.85,302.866
2025-11-26 02:00:00+00:00,139.8,139.88,139.17,139.28,104.076
2025-11-26 03:00:00+00:00,139.2,139.65,138.01,138.01,64.604
2025-11-26 04:00:00+00:00,138.3,138.51,137.92,138.19,23.942
2025-11-26 05:00:00+00:00,138.16,138.77,138.16,138.77,79.783
2025-11-26 06:00:00+00:00,138.85,139.75,138.47,139.75,63.892
2025-11-26 07:00:00+00:00,139.58,139.82,139.18,139.65,8.194
2025-11-26 08:00:00+00:00,139.58,139.61,138.02,138.02,9.099
2025-11-26 09:00:00+00:00,137.98,138.15,136.28,136.65,390.998
2025-11-26 10:00:00+00:00,137.02,137.3,136.51,137.22,13.969
2025-11-26 11:00:00+00:00,137.2,137.33,136.6,136.67,13.229
2025-11-26 12:00:00+00:00,136.35,136.37,135.63,135.89,88.112
2025-11-26 13:00:00+00:00,135.91,136.65,135.75,136.65,11.51
2025-11-26 14:00:00+00:00,136.46,138.13,136.0,136.2,156.152
2025-11-26 15:00:00+00:00,136.41,137.12,135.92,136.65,20.08
2025-11-26 16:00:00+00:00,137.01,138.0,136.57,137.24,19.106
2025-11-26 17:00:00+00:00,137.22,140.91,136.86,140.8,540.631
2025-11-26 18:00:00+00:00,140.91,144.59,140.86,144.53,1505.749
2025-11-26 19:00:00+00:00,144.63,144.65,143.77,144.05,126.129
2025-11-26 20:00:00+00:00,143.87,144.02,142.7,143.05,81.823
2025-11-26 21:00:00+00:00,143.15,144.21,142.96,143.76,122.18
2025-11-26 22:00:00+00:00,143.58,144.06,142.76,142.76,63.39
2025-11-26 23:00:00+00:00,143.27,143.52,142.59,142.98,49.542
2025-11-27 00:00:00+00:00,142.97,143.46,142.35,142.75,41.694
2025-11-27 01:00:00+00:00,143.43,143.5,142.16,143.36,156.545
2025-11-27 02:00:00+00:00,143.16,143.89,142.97,143.15,98.867
2025-11-27 03:00:00+00:00,142.94,143.7,142.93,142.93,12.379
2025-11-27 04:00:00+00:00,142.59,143.03,142.41,142.94,12.317
2025-11-27 05:00:00+00:00,143.02,143.04,142.66,142.66,22.314
2025-11-27 06:00:00+00:00,143.15,143.8,143.15,143.8,105.325
2025-11-27 07:00:00+00:00,143.84,144.21,143.78,143.78,7.419
2025-11-27 08:00:00+00:00,143.73,143.73,142.2,142.53,85.64
2025-11-27 09:00:00+00:00,142.56,142.93,141.76,141.76,8.167
2025-11-27 10:00:00+00:00,141.72,142.27,141.62,142.27,22.114
2025-11-27 11:00:00+00:00,142.25,142.25,142.08,142.15,1.041
2025-11-27 12:00:00+00:00,141.49,141.49,141.0,141.0,7.17
2025-11-27 13:00:00+00:00,141.4,141.52,140.66,141.38,19.633
2025-11-27 14:00:00+00:00,141.0,141.66,141.0,141.54,94.983
2025-11-27 15:00:00+00:00,141.72,142.49,140.99,142.46,163.592
2025-11-27 16:00:00+00:00,142.36,142.36,141.66,142.36,57.282
2025-11-27 17:00:00+00:00,142.13,142.37,141.49,141.71,33.936
2025-11-27 18:00:00+00:00,141.74,143.08,141.52,142.89,109.619
2025-11-27 19:00:00+00:00,142.87,142.87,142.41,142.59,3.946
2025-11-27 20:00:00+00:00,142.73,142.96,142.5,142.7,48.376
2025-11-27 21:00:00+00:00,142.33,142.41,141.92,142.41,160.615
2025-11-27 22:00:00+00:00,142.02,142.02,140.6,140.97,76.983
2025-11-27 23:00:00+00:00,140.66,141.19,140.56,141.19,31.635
2025-11-28 00:00:00+00:00,140.81,141.36,140.6,140.89,68.07
2025-11-28 01:00:00+00:00,140.84,141.0,139.0,139.0,169.804
2025-11-28 02:00:00+00:00,139.48,139.48,138.76,139.47,241.659
2025-11-28 03:00:00+00:00,139.57,139.65,139.41,139.62,1.904
2025-11-28 04:00:00+00:00,139.68,140.14,139.68,140.02,110.221
2025-11-28 05:00:00+00:00,139.85,140.47,139.85,140.47,23.867
2025-11-28 06:00:00+00:00,140.18,140.29,139.52,139.52,28.459
2025-11-28 07:00:00+00:00,139.63,139.86,139.06,139.06,16.127
2025-11-28 08:00:00+00:00,139.2,141.58,139.2,141.55,87.879
2025-11-28 09:00:00+00:00,141.5,142.49,141.2,141.77,67.481
2025-11-28 10:00:00+00:00,141.7,142.28,141.7,142.28,6.229
2025-11-28 11:00:00+00:00,142.02,142.02,140.06,140.98,23.369
2025-11-28 12:00:00+00:00,141.23,141.45,140.7,140.7,405.794
2025-11-28 13:00:00+00:00,140.86,143.31,140.57,142.26,33.328
2025-11-28 14:00:00+00:00,142.48,143.36,141.79,142.64,87.995
2025-11-28 15:00:00+00:00,142.87,143.5,141.28,141.51,90.533
2025-11-28 16:00:00+00:00,141.24,141.24,138.84,138.86,112.393
2025-11-28 17:00:00+00:00,138.88,138.88,136.87,137.1,182.684
2025-11-28 18:00:00+00:00,136.86,137.39,136.11,137.02,461.192
2025-11-28 19:00:00+00:00,137.52,138.02,137.41,137.75,136.075
2025-11-28 20:00:00+00:00,137.59,138.06,136.97,137.66,41.563
2025-11-28 21:00:00+00:00,137.83,138.18,137.32,137.49,8.586
2025-11-28 22:00:00+00:00,137.55,137.69,136.7,137.69,20.1
2025-11-28 23:00:00+00:00,137.9,138.17,137.35,137.5,39.141
2025-11-29 00:00:00+00:00,137.47,137.95,137.22,137.65,59.333
2025-11-29 01:00:00+00:00,137.8,137.93,137.26,137.45,12.906
2025-11-29 02:00:00+00:00,137.58,137.71,136.98,137.19,27.503
2025-11-29 03:00:00+00:00,137.04,137.4,136.82,136.84,22.925
2025-11-29 04:00:00+00:00,137.03,137.36,136.99,137.1,7.47
2025-11-29 05:00:00+00:00,137.5,137.87,137.27,137.27,397.896
2025-11-29 06:00:00+00:00,137.37,137.64,136.39,137.19,16.838
2025-11-29 07:00:00+00:00,137.24,137.48,137.12,137.17,15.295
2025-11-29 08:00:00+00:00,137.2,137.39,136.75,136.75,5.585
2025-11-29 09:00:00+00:00,136.98,137.15,136.66,136.67,4.448
2025-11-29 10:00:00+00:00,136.66,136.96,136.45,136.91,15.843
2025-11-29 11:00:00+00:00,136.77,137.44,136.74,137.44,2.783
2025-11-29 12:00:00+00:00,137.0,137.0,136.97,136.99,21.49
2025-11-29 13:00:00+00:00,136.91,136.91,136.74,136.86,356.058
2025-11-29 14:00:00+00:00,136.81,136.88,136.47,136.77,15.188
2025-11-29 15:00:00+00:00,136.6,137.66,136.6,137.66,13.695
2025-11-29 16:00:00+00:00,137.43,137.82,137.12,137.63,71.32
2025-11-29 17:00:00+00:00,137.67,137.95,136.02,136.3,720.393
2025-11-29 18:00:00+00:00,136.13,136.23,134.88,135.6,144.702
2025-11-29 19:00:00+00:00,135.64,136.24,135.47,135.64,18.085
2025-11-29 20:00:00+00:00,135.6,136.24,135.39,136.24,8.983
2025-11-29 21:00:00+00:00,135.99,136.49,135.79,136.49,3.681
2025-11-29 22:00:00+00:00,136.1,136.24,135.45,135.82,42.771
2025-11-29 23:00:00+00:00,135.65,136.09,135.55,136.08,6.228
2025-11-30 00:00:00+00:00,135.87,135.94,135.87,135.87,5.665
2025-11-30 01:00:00+00:00,135.92,136.53,135.79,136.34,7.809
2025-11-30 02:00:00+00:00,136.37,136.69,135.92,135.92,29.754
2025-11-30 03:00:00+00:00,135.82,136.37,135.32,136.33,3.087
2025-11-30 04:00:00+00:00,136.54,136.66,136.14,136.14,53.236
2025-11-30 05:00:00+00:00,136.26,136.26,135.63,135.67,1.547
2025-11-30 06:00:00+00:00,135.8,136.43,135.59,136.38,15.839
2025-11-30 07:00:00+00:00,136.34,136.61,136.14,136.56,385.197
2025-11-30 08:00:00+00:00,136.59,137.0,136.28,136.68,21.362
2025-11-30 09:00:00+00:00,136.87,136.96,136.57,136.89,13.852
2025-11-30 10:00:00+00:00,136.81,136.96,136.59,136.96,2.084
2025-11-30 11:00:00+00:00,136.96,136.96,136.37,136.64,6.263
2025-11-30 12:00:00+00:00,136.88,137.54,136.88,137.4,4.096
2025-11-30 13:00:00+00:00,137.76,140.11,137.57,139.11,177.047
2025-11-30 14:00:00+00:00,139.46,139.46,138.21,138.31,20.67
2025-11-30 15:00:00+00:00,138.35,138.35,137.61,138.2,106.424
2025-11-30 16:00:00+00:00,138.44,139.83,138.44,139.71,175.791
2025-11-30 17:00:00+00:00,139.5,139.5,138.38,138.38,68.018
2025-11-30 18:00:00+00:00,138.56,138.56,137.95,138.05,56.624
2025-11-30 19:00:00+00:00,138.61,138.63,137.44,137.73,54.377
2025-11-30 20:00:00+00:00,137.62,137.93,136.87,137.29,44.723
2025-11-30 21:00:00+00:00,137.35,137.37,136.7,137.06,69.936
2025-11-30 22:00:00+00:00,137.17,137.74,137.17,137.55,9.401
2025-11-30 23:00:00+00:00,137.73,137.73,133.41,133.41,262.073
2025-12-01 00:00:00+00:00,133.41,133.8,127.68,127.71,1627.29
2025-12-01 01:00:00+00:00,127.58,129.12,127.58,127.87,455.757
2025-12-01 02:00:00+00:00,128.05,128.65,127.47,127.53,326.734
2025-12-01 03:00:00+00:00,127.6,127.6,126.57,127.04,131.684
2025-12-01 04:00:00+00:00,126.96,127.04,126.13,126.33,582.637
2025-12-01 05:00:00+00:00,126.37,126.57,125.81,126.06,71.77
2025-12-01 06:00:00+00:00,126.09,126.83,126.02,126.63,51.988
2025-12-01 07:00:00+00:00,126.83,127.45,126.23,127.33,32.533
2025-12-01 08:00:00+00:00,127.43,127.86,126.99,127.61,48.481
2025-12-01 09:00:00+00:00,127.67,128.02,126.88,126.95,23.027
2025-12-01 10:00:00+00:00,127.14,127.62,126.98,127.17,14.683
2025-12-01 11:00:00+00:00,127.28,127.4,126.89,127.17,36.482
2025-12-01 12:00:00+00:00,127.22,127.23,125.58,126.62,264.536
2025-12-01 13:00:00+00:00,126.53,127.58,126.27,126.58,597.213
2025-12-01 14:00:00+00:00,126.5,127.0,125.73,126.59,34.381
2025-12-01 15:00:00+00:00,126.3,126.3,123.3,124.99,314.193
2025-12-01 16:00:00+00:00,125.02,125.02,123.42,123.42,1028.497
2025-12-01 17:00:00+00:00,123.64,124.71,123.64,124.53,72.484
2025-12-01 18:00:00+00:00,124.41,125.13,123.82,124.56,84.334
2025-12-01 19:00:00+00:00,124.38,124.48,123.4,123.78,35.453
2025-12-01 20:00:00+00:00,124.2,125.14,124.2,124.7,450.87
2025-12-01 21:00:00+00:00,124.44,126.13,124.32,126.11,136.664
2025-12-01 22:00:00+00:00,126.14,127.36,126.03,127.19,112.448
2025-12-01 23:00:00+00:00,126.9,127.38,126.8,126.8,20.531
2025-12-02 00:00:00+00:00,126.69,127.42,126.53,127.36,66.164
2025-12-02 01:00:00+00:00,127.27,128.61,127.07,127.08,89.869
2025-12-02 02:00:00+00:00,126.96,127.91,126.82,127.54,272.194
2025-12-02 03:00:00+00:00,127.0,127.58,126.11,127.58,71.185
2025-12-02 04:00:00+00:00,127.64,127.97,126.92,126.92,100.324
2025-12-02 05:00:00+00:00,126.82,127.07,126.56,126.75,248.029
2025-12-02 06:00:00+00:00,126.76,127.87,126.61,127.87,8.122
2025-12-02 07:00:00+00:00,127.57,127.67,127.17,127.17,6.093
2025-12-02 08:00:00+00:00,126.82,126.82,126.06,126.06,43.671
2025-12-02 09:00:00+00:00,126.34,127.12,126.3,126.61,28.939
2025-12-02 10:00:00+00:00,126.85,128.74,126.85,128.51,24.039
2025-12-02 11:00:00+00:00,128.05,128.35,128.05,128.3,4.972
2025-12-02 12:00:00+00:00,128.29,129.02,128.29,128.86,36.817
2025-12-02 13:00:00+00:00,128.89,130.95,128.6,130.6,182.929
2025-12-02 14:00:00+00:00,130.61,133.34,130.6,132.72,242.59
2025-12-02 15:00:00+00:00,133.34,139.56,133.32,137.9,418.334
2025-12-02 16:00:00+00:00,137.92,139.63,137.52,139.46,487.577
2025-12-02 17:00:00+00:00,139.63,140.78,139.35,139.35,203.548
2025-12-02 18:00:00+00:00,139.5,140.18,139.38,139.81,169.058
2025-12-02 19:00:00+00:00,139.73,140.55,139.67,140.23,97.496
2025-12-02 20:00:00+00:00,140.49,140.49,138.22,139.62,139.326
2025-12-02 21:00:00+00:00,138.44,139.15,138.41,139.15,32.165
2025-12-02 22:00:00+00:00,139.42,139.88,139.2,139.85,41.144
2025-12-02 23:00:00+00:00,139.78,139.78,138.4,138.54,20.291
2025-12-03 00:00:00+00:00,138.61,138.78,137.85,138.23,46.26
2025-12-03 01:00:00+00:00,137.98,139.29,137.95,138.92,684.171
2025-12-03 02:00:00+00:00,139.37,140.23,139.06,139.92,195.255
2025-12-03 03:00:00+00:00,140.04,140.69,139.73,140.33,381.591
2025-12-03 04:00:00+00:00,140.5,142.37,140.4,142.29,423.666
2025-12-03 05:00:00+00:00,142.42,143.1,142.17,142.52,56.108
2025-12-03 06:00:00+00:00,143.16,144.2,142.48,142.74,665.103
2025-12-03 07:00:00+00:00,142.38,142.61,141.98,141.98,13.714
2025-12-03 08:00:00+00:00,141.93,142.68,141.76,142.13,143.248
2025-12-03 09:00:00+00:00,142.35,142.41,141.74,142.13,7.09
2025-12-03 10:00:00+00:00,141.88,142.14,141.39,141.74,76.287
2025-12-03 11:00:00+00:00,141.38,141.7,140.87,141.48,16.988
2025-12-03 12:00:00+00:00,141.69,141.74,141.25,141.56,6.634
2025-12-03 13:00:00+00:00,142.02,142.61,141.75,141.76,189.071
2025-12-03 14:00:00+00:00,141.8,143.44,138.91,141.11,234.922
2025-12-03 15:00:00+00:00,141.88,141.88,140.21,140.98,25.701
2025-12-03 16:00:00+00:00,141.0,141.49,139.95,140.88,214.047
2025-12-03 17:00:00+00:00,140.92,142.03,140.67,141.81,27.532
2025-12-03 18:00:00+00:00,141.98,142.22,140.82,140.82,10.504
2025-12-03 19:00:00+00:00,141.41,141.58,141.12,141.12,35.214
2025-12-03 20:00:00+00:00,141.34,142.09,140.93,141.24,26.643
2025-12-03 21:00:00+00:00,142.37,145.93,142.16,145.93,433.731
2025-12-03 22:00:00+00:00,145.71,145.71,143.36,144.29,131.923
2025-12-03 23:00:00+00:00,144.64,145.52,144.6,145.12,192.645
2025-12-04 00:00:00+00:00,144.73,145.24,143.63,145.24,27.221
2025-12-04 01:00:00+00:00,145.13,146.85,144.23,144.23,116.809
2025-12-04 02:00:00+00:00,143.95,145.98,143.95,145.83,31.078
2025-12-04 03:00:00+00:00,145.45,145.64,144.41,144.66,21.72
2025-12-04 04:00:00+00:00,144.59,144.59,143.74,144.23,7.945
2025-12-04 05:00:00+00:00,144.12,144.23,142.95,143.35,18.477
2025-12-04 06:00:00+00:00,143.36,144.28,143.19,144.12,8.216
2025-12-04 07:00:00+00:00,143.67,143.73,142.52,143.73,148.357
2025-12-04 08:00:00+00:00,143.8,143.8,142.94,143.27,2.408
2025-12-04 09:00:00+00:00,143.15,144.26,143.15,144.0,6.941
2025-12-04 10:00:00+00:00,144.0,144.08,143.61,143.61,9.733
2025-12-04 11:00:00+00:00,143.3,143.38,142.94,143.13,4.175
2025-12-04 12:00:00+00:00,143.08,143.08,142.38,142.9,30.177
2025-12-04 13:00:00+00:00,142.76,143.31,141.91,142.21,131.808
2025-12-04 14:00:00+00:00,142.42,143.1,141.69,141.69,165.117
2025-12-04 15:00:00+00:00,142.53,144.18,142.18,142.91,73.211
2025-12-04 16:00:00+00:00,142.8,143.39,142.25,142.58,67.553
2025-12-04 17:00:00+00:00,142.5,142.5,141.08,141.92,195.65
2025-12-04 18:00:00+00:00,142.27,142.27,140.41,140.41,66.711
2025-12-04 19:00:00+00:00,140.63,140.65,137.79,139.74,577.462
2025-12-04 20:00:00+00:00,139.83,140.41,139.35,140.17,34.102
2025-12-04 21:00:00+00:00,140.11,140.11,138.73,138.73,36.445
2025-12-04 22:00:00+00:00,139.09,139.61,138.95,139.41,25.333
2025-12-04 23:00:00+00:00,139.18,139.24,138.85,138.98,17.111
2025-12-05 00:00:00+00:00,139.11,139.59,138.95,139.39,37.901
2025-12-05 01:00:00+00:00,139.46,140.09,139.39,139.72,117.372
2025-12-05 02:00:00+00:00,139.6,139.71,139.55,139.69,2.887
2025-12-05 03:00:00+00:00,139.9,139.91,138.4,138.4,73.728
2025-12-05 04:00:00+00:00,139.1,139.1,138.26,138.26,2.822
2025-12-05 05:00:00+00:00,138.69,138.71,137.76,137.97,6.426
2025-12-05 06:00:00+00:00,138.27,139.05,138.14,139.05,8.894
2025-12-05 07:00:00+00:00,138.96,140.67,138.96,140.11,16.64
2025-12-05 08:00:00+00:00,139.58,139.62,137.91,138.28,19.448
2025-12-05 09:00:00+00:00,137.9,137.9,136.34,136.34,131.45
2025-12-05 10:00:00+00:00,136.48,137.9,136.18,137.76,68.536
2025-12-05 11:00:00+00:00,137.9,138.11,137.04,137.2,8.461
2025-12-05 12:00:00+00:00,136.81,137.02,136.53,136.82,147.294
2025-12-05 13:00:00+00:00,136.71,136.9,135.88,136.14,70.488
2025-12-05 14:00:00+00:00,136.08,136.21,134.49,135.06,73.317
2025-12-05 15:00:00+00:00,135.37,137.07,134.86,134.86,52.037
2025-12-05 16:00:00+00:00,135.05,135.05,131.25,132.3,703.252
2025-12-05 17:00:00+00:00,131.95,132.51,131.17,132.26,301.53
2025-12-05 18:00:00+00:00,131.89,132.78,131.39,131.47,15.244
2025-12-05 19:00:00+00:00,131.15,132.75,130.93,132.55,193.945
2025-12-05 20:00:00+00:00,132.29,132.81,132.04,132.58,72.835
2025-12-05 21:00:00+00:00,132.63,133.03,132.14,132.31,186.954
2025-12-05 22:00:00+00:00,132.42,132.77,132.27,132.74,20.598
2025-12-05 23:00:00+00:00,132.77,133.32,132.33,133.08,25.926
2025-12-06 00:00:00+00:00,133.15,133.59,132.96,133.46,88.737
2025-12-06 01:00:00+00:00,133.3,133.76,133.3,133.61,87.484
2025-12-06 02:00:00+00:00,133.09,133.34,132.95,133.34,37.349
2025-12-06 03:00:00+00:00,133.65,134.12,133.6,133.75,11.046
2025-12-06 04:00:00+00:00,133.74,133.74,133.08,133.29,15.688
2025-12-06 05:00:00+00:00,133.28,133.39,132.93,133.1,4.986
2025-12-06 06:00:00+00:00,132.97,133.09,132.85,132.85,6.29
2025-12-06 07:00:00+00:00,132.99,132.99,132.6,132.6,2.82
2025-12-06 08:00:00+00:00,132.6,132.77,132.08,132.08,12.596
2025-12-06 09:00:00+00:00,132.14,132.55,132.14,132.55,0.779
2025-12-06 10:00:00+00:00,132.62,132.9,132.39,132.73,5.543
2025-12-06 11:00:00+00:00,132.75,133.28,132.75,133.28,12.88
2025-12-06 12:00:00+00:00,133.03,133.06,132.6,132.69,36.892
2025-12-06 13:00:00+00:00,132.68,132.95,132.63,132.95,2.747
2025-12-06 14:00:00+00:00,132.99,133.83,132.99,133.77,19.523
2025-12-06 15:00:00+00:00,133.45,133.45,132.29,133.08,65.675
2025-12-06 16:00:00+00:00,133.03,133.4,132.95,132.98,10.588
2025-12-06 17:00:00+00:00,133.0,133.4,132.63,132.82,27.866
2025-12-06 18:00:00+00:00,132.77,133.01,132.61,132.61,15.943
2025-12-06 19:00:00+00:00,132.91,132.91,131.72,132.08,143.407
2025-12-06 20:00:00+00:00,132.08,132.58,132.08,132.37,27.137
2025-12-06 21:00:00+00:00,132.48,132.62,132.29,132.5,14.091
2025-12-06 22:00:00+00:00,132.37,132.54,131.88,132.23,16.065
2025-12-06 23:00:00+00:00,131.77,132.38,131.28,132.38,67.436
2025-12-07 00:00:00+00:00,132.19,132.61,131.91,132.51,5.326
2025-12-07 01:00:00+00:00,132.46,132.74,132.42,132.5,9.598
2025-12-07 02:00:00+00:00,132.57,133.47,132.57,133.47,26.477
2025-12-07 03:00:00+00:00,133.34,133.49,133.16,133.49,15.051
2025-12-07 04:00:00+00:00,133.37,133.37,133.2,133.2,2.458
2025-12-07 05:00:00+00:00,133.12,133.12,132.74,132.85,9.432
2025-12-07 06:00:00+00:00,132.8,133.21,132.74,133.13,11.673
2025-12-07 07:00:00+00:00,133.06,133.06,131.97,132.1,53.21
2025-12-07 08:00:00+00:00,131.86,132.5,131.86,132.5,3.692
2025-12-07 09:00:00+00:00,132.06,132.06,131.66,131.77,8.325
2025-12-07 10:00:00+00:00,132.0,132.25,131.77,132.22,21.564
2025-12-07 11:00:00+00:00,132.47,132.47,132.33,132.33,39.441
2025-12-07 12:00:00+00:00,132.52,132.99,132.52,132.8,2.949
2025-12-07 13:00:00+00:00,131.73,131.93,131.66,131.93,6.725
2025-12-07 14:00:00+00:00,131.73,131.84,127.7,128.33,734.093
2025-12-07 15:00:00+00:00,128.23,132.11,128.23,132.11,222.489
2025-12-07 16:00:00+00:00,131.14,131.73,130.67,131.73,48.996
2025-12-07 17:00:00+00:00,131.79,135.45,131.52,134.83,103.467
2025-12-07 18:00:00+00:00,134.96,136.21,134.96,136.12,116.221
2025-12-07 19:00:00+00:00,136.0,136.16,135.18,135.78,33.978
2025-12-07 20:00:00+00:00,135.9,136.26,135.65,136.26,39.597
2025-12-07 21:00:00+00:00,136.21,136.21,132.73,132.73,30.856
2025-12-07 22:00:00+00:00,132.82,132.82,129.78,130.94,116.03
2025-12-07 23:00:00+00:00,131.44,132.24,130.97,132.24,81.469
2025-12-08 00:00:00+00:00,131.99,132.52,131.57,131.57,4.074
2025-12-08 01:00:00+00:00,131.7,134.33,131.7,133.31,76.036
2025-12-08 02:00:00+00:00,133.45,134.33,133.14,134.33,533.594
2025-12-08 03:00:00+00:00,134.26,134.67,133.9,134.04,25.903
2025-12-08 04:00:00+00:00,134.32,135.1,134.32,134.93,14.89
2025-12-08 05:00:00+00:00,134.9,135.31,134.76,135.22,13.702
2025-12-08 06:00:00+00:00,135.09,135.93,135.01,135.88,14.349
2025-12-08 07:00:00+00:00,135.9,135.9,134.98,135.86,7.599
2025-12-08 08:00:00+00:00,135.71,136.86,135.71,136.55,25.019
2025-12-08 09:00:00+00:00,136.93,138.82,136.93,137.8,59.093
2025-12-08 10:00:00+00:00,138.17,139.28,138.17,139.28,24.489
2025-12-08 11:00:00+00:00,138.59,139.0,138.21,138.49,45.979
2025-12-08 12:00:00+00:00,138.34,138.37,137.35,137.67,4.762
2025-12-08 13:00:00+00:00,137.86,139.0,137.86,138.17,17.033
2025-12-08 14:00:00+00:00,138.2,138.8,137.07,137.35,252.867
2025-12-08 15:00:00+00:00,137.39,137.61,135.4,135.71,238.226
2025-12-08 16:00:00+00:00,135.5,136.37,134.94,135.37,25.354
2025-12-08 17:00:00+00:00,135.28,136.08,134.92,135.93,92.667
2025-12-08 18:00:00+00:00,136.17,136.25,133.12,133.45,28.125
2025-12-08 19:00:00+00:00,134.05,134.51,133.89,134.0,1.45
2025-12-08 20:00:00+00:00,133.76,134.8,133.63,134.57,12.993
2025-12-08 21:00:00+00:00,134.01,134.53,133.35,134.21,20.054
2025-12-08 22:00:00+00:00,134.31,134.31,133.36,133.5,16.18
2025-12-08 23:00:00+00:00,133.71,133.87,132.61,133.3,48.052
2025-12-09 00:00:00+00:00,133.08,133.41,132.9,133.03,92.674
2025-12-09 01:00:00+00:00,133.02,133.32,132.79,133.18,17.3
2025-12-09 02:00:00+00:00,133.15,133.55,132.87,132.87,16.914
2025-12-09 03:00:00+00:00,133.06,134.28,132.58,134.12,167.979
2025-12-09 04:00:00+00:00,134.14,134.14,132.49,132.49,44.534
2025-12-09 05:00:00+00:00,132.8,132.99,131.79,132.09,216.996
2025-12-09 06:00:00+00:00,132.15,132.55,132.15,132.21,1.958
2025-12-09 07:00:00+00:00,132.61,133.04,132.41,132.82,3.281
2025-12-09 08:00:00+00:00,133.08,133.34,132.77,133.22,8.766
2025-12-09 09:00:00+00:00,132.82,132.82,132.44,132.44,0.363
2025-12-09 10:00:00+00:00,132.66,132.66,132.11,132.66,7.725
2025-12-09 11:00:00+00:00,132.66,132.87,132.45,132.86,2.71
2025-12-09 12:00:00+00:00,132.9,133.44,132.9,133.33,13.107
2025-12-09 13:00:00+00:00,133.09,133.15,132.24,132.41,12.729
2025-12-09 14:00:00+00:00,132.8,132.83,131.73,132.03,16.957
2025-12-09 15:00:00+00:00,132.79,138.45,132.79,138.42,231.908
2025-12-09 16:00:00+00:00,138.47,144.55,138.47,143.65,386.266
2025-12-09 17:00:00+00:00,143.81,144.78,142.44,142.92,642.885
2025-12-09 18:00:00+00:00,143.22,143.22,141.5,142.2,137.093
2025-12-09 19:00:00+00:00,141.81,142.69,141.65,142.16,63.909
2025-12-09 20:00:00+00:00,142.16,142.16,139.73,139.73,86.649
2025-12-09 21:00:00+00:00,139.95,140.38,136.83,136.83,57.203
2025-12-09 22:00:00+00:00,137.9,139.19,137.9,138.49,54.578
2025-12-09 23:00:00+00:00,138.5,138.55,137.79,137.93,31.854
2025-12-10 00:00:00+00:00,137.93,138.18,137.25,137.62,9.862
2025-12-10 01:00:00+00:00,137.42,138.32,137.42,138.02,36.97
2025-12-10 02:00:00+00:00,137.5,138.06,137.33,137.48,11.215
2025-12-10 03:00:00+00:00,137.9,138.48,137.73,138.48,2.569
2025-12-10 04:00:00+00:00,138.22,140.11,138.22,138.97,108.096
2025-12-10 05:00:00+00:00,138.87,139.61,138.75,139.24,13.874
2025-12-10 06:00:00+00:00,138.92,139.38,138.88,139.27,18.887
2025-12-10 07:00:00+00:00,139.18,139.18,138.4,138.75,1.691
2025-12-10 08:00:00+00:00,139.23,139.23,138.44,138.56,2.179
2025-12-10 09:00:00+00:00,138.49,138.77,138.23,138.23,1.397
2025-12-10 10:00:00+00:00,139.53,139.57,136.87,136.87,15.087
2025-12-10 11:00:00+00:00,137.33,137.42,136.43,137.31,25.515
2025-12-10 12:00:00+00:00,137.15,138.0,137.05,137.99,1.718
2025-12-10 13:00:00+00:00,137.81,138.12,137.62,137.68,105.81
2025-12-10 14:00:00+00:00,137.24,137.69,136.7,137.16,64.914
2025-12-10 15:00:00+00:00,137.19,137.47,135.77,136.4,195.346
2025-12-10 16:00:00+00:00,135.97,137.35,135.97,135.99,88.064
2025-12-10 17:00:00+00:00,136.07,137.07,136.02,136.87,75.556
2025-12-10 18:00:00+00:00,136.69,139.42,136.69,137.07,84.936
2025-12-10 19:00:00+00:00,137.9,139.52,136.43,138.76,377.254
2025-12-10 20:00:00+00:00,138.62,142.61,137.62,138.13,274.577
2025-12-10 21:00:00+00:00,138.28,138.76,136.96,137.07,81.532
2025-12-10 22:00:00+00:00,137.35,137.85,135.53,137.5,20.843
2025-12-10 23:00:00+00:00,137.8,137.8,136.31,136.31,11.14
2025-12-11 00:00:00+00:00,136.26,136.53,133.58,133.82,212.915
2025-12-11 01:00:00+00:00,133.95,134.03,132.8,132.98,107.434
2025-12-11 02:00:00+00:00,132.96,132.97,130.67,130.74,405.763
2025-12-11 03:00:00+00:00,130.87,130.87,129.19,129.5,126.461
2025-12-11 04:00:00+00:00,129.77,131.45,129.63,131.45,246.624
2025-12-11 05:00:00+00:00,131.11,131.27,130.55,131.26,106.624
2025-12-11 06:00:00+00:00,131.13,131.44,130.68,131.13,42.196
2025-12-11 07:00:00+00:00,131.27,131.43,131.06,131.06,0.722
2025-12-11 08:00:00+00:00,131.22,131.22,130.54,130.64,7.849
2025-12-11 09:00:00+00:00,131.0,131.34,131.0,131.34,0.41
2025-12-11 10:00:00+00:00,131.09,131.11,130.87,130.87,7.033
2025-12-11 11:00:00+00:00,131.13,131.21,131.06,131.21,0.363
2025-12-11 12:00:00+00:00,131.09,131.73,131.05,131.29,7.309
2025-12-11 13:00:00+00:00,131.4,131.64,131.04,131.64,23.697
2025-12-11 14:00:00+00:00,131.35,131.57,130.0,130.94,86.541
2025-12-11 15:00:00+00:00,130.69,132.75,130.69,131.55,56.254
2025-12-11 16:00:00+00:00,131.55,131.73,130.21,131.28,35.844
2025-12-11 17:00:00+00:00,131.46,132.87,131.05,132.33,212.061
2025-12-11 18:00:00+00:00,132.1,135.49,132.1,134.46,256.822
2025-12-11 19:00:00+00:00,134.87,135.31,133.76,134.15,21.332
2025-12-11 20:00:00+00:00,134.15,137.04,134.15,136.12,101.362
2025-12-11 21:00:00+00:00,136.22,137.78,136.22,137.31,130.747
2025-12-11 22:00:00+00:00,137.31,137.49,135.95,135.95,144.152
2025-12-11 23:00:00+00:00,136.5,136.73,135.92,136.19,5.517
2025-12-12 00:00:00+00:00,136.35,137.31,135.4,135.4,10.974
2025-12-12 01:00:00+00:00,136.13,137.2,136.13,136.6,59.874
2025-12-12 02:00:00+00:00,136.64,137.88,136.5,137.1,237.284
2025-12-12 03:00:00+00:00,137.13,137.5,136.62,137.11,175.193
2025-12-12 04:00:00+00:00,137.02,137.09,136.96,137.02,48.974
2025-12-12 05:00:00+00:00,137.27,138.82,136.86,138.82,93.574
2025-12-12 06:00:00+00:00,138.79,140.04,138.78,139.12,79.47
2025-12-12 07:00:00+00:00,139.2,139.33,138.63,139.19,15.289
2025-12-12 08:00:00+00:00,139.15,139.15,137.67,137.67,15.226
2025-12-12 09:00:00+00:00,138.08,138.16,137.28,138.13,8.341
2025-12-12 10:00:00+00:00,138.48,138.48,138.29,138.29,54.493
2025-12-12 11:00:00+00:00,138.33,138.67,138.09,138.67,4.173
2025-12-12 12:00:00+00:00,138.34,139.75,138.34,139.75,50.443
2025-12-12 13:00:00+00:00,139.66,139.66,138.52,139.03,32.983
2025-12-12 14:00:00+00:00,138.96,139.32,138.14,138.53,31.086
2025-12-12 15:00:00+00:00,138.18,138.18,132.94,132.96,216.065
2025-12-12 16:00:00+00:00,133.83,133.83,131.62,132.16,321.013
2025-12-12 17:00:00+00:00,132.44,133.52,131.41,131.99,229.634
2025-12-12 18:00:00+00:00,132.24,133.04,131.5,132.77,26.487
2025-12-12 19:00:00+00:00,132.53,132.53,130.43,131.4,160.118
2025-12-12 20:00:00+00:00,131.21,131.83,131.21,131.57,21.967
2025-12-12 21:00:00+00:00,131.57,131.98,131.35,131.95,54.981
2025-12-12 22:00:00+00:00,131.93,132.75,131.93,132.74,36.149
2025-12-12 23:00:00+00:00,132.92,132.92,132.31,132.38,57.753
2025-12-13 00:00:00+00:00,132.65,132.67,132.26,132.67,156.839
2025-12-13 01:00:00+00:00,132.95,132.97,132.42,132.81,23.816
2025-12-13 02:00:00+00:00,132.64,133.03,132.64,132.74,11.394
2025-12-13 03:00:00+00:00,132.63,133.0,132.63,132.83,4.602
2025-12-13 04:00:00+00:00,132.96,132.97,132.63,132.82,29.668
2025-12-13 05:00:00+00:00,132.83,133.0,132.54,132.69,42.356
2025-12-13 06:00:00+00:00,132.77,132.91,132.49,132.91,166.093
2025-12-13 07:00:00+00:00,132.96,132.99,132.83,132.83,42.849
2025-12-13 08:00:00+00:00,133.01,134.06,133.01,134.06,107.053
2025-12-13 09:00:00+00:00,134.12,134.12,133.81,133.81,30.482
2025-12-13 10:00:00+00:00,133.42,134.27,133.42,134.22,19.822
2025-12-13 11:00:00+00:00,134.02,134.09,133.17,133.56,3.442
2025-12-13 12:00:00+00:00,133.37,133.71,132.59,132.91,15.017
2025-12-13 13:00:00+00:00,133.0,133.39,132.9,132.97,32.938
2025-12-13 14:00:00+00:00,133.11,133.36,132.83,133.34,44.162
2025-12-13 15:00:00+00:00,133.25,133.57,133.09,133.16,15.842
2025-12-13 16:00:00+00:00,133.58,133.68,133.17,133.21,10.658
2025-12-13 17:00:00+00:00,132.91,133.0,132.22,132.22,72.091
2025-12-13 18:00:00+00:00,132.22,132.49,132.22,132.49,19.965
2025-12-13 19:00:00+00:00,132.36,132.97,132.36,132.81,2.011
2025-12-13 20:00:00+00:00,132.85,132.98,132.42,132.42,7.729
2025-12-13 21:00:00+00:00,132.17,132.68,131.71,132.68,72.949
2025-12-13 22:00:00+00:00,132.86,133.0,132.31,132.63,19.018
2025-12-13 23:00:00+00:00,132.82,133.15,132.73,133.14,35.552
2025-12-14 00:00:00+00:00,132.67,133.62,132.67,133.34,5.51
2025-12-14 01:00:00+00:00,133.31,133.5,133.1,133.13,17.516
2025-12-14 02:00:00+00:00,133.26,133.44,133.16,133.36,16.002
2025-12-14 03:00:00+00:00,133.28,133.37,132.85,132.91,11.268
2025-12-14 04:00:00+00:00,132.89,133.11,132.48,132.5,27.888
2025-12-14 05:00:00+00:00,132.53,132.71,132.2,132.62,56.834
2025-12-14 06:00:00+00:00,132.65,133.02,132.46,132.9,2.217
2025-12-14 07:00:00+00:00,132.93,133.33,132.93,133.3,3.265
2025-12-14 08:00:00+00:00,133.49,133.49,132.94,132.94,1.912
2025-12-14 09:00:00+00:00,132.56,132.56,132.47,132.47,11.757
2025-12-14 10:00:00+00:00,132.5,132.5,130.97,131.78,83.882
2025-12-14 11:00:00+00:00,131.67,131.82,130.18,131.45,67.81
2025-12-14 12:00:00+00:00,131.0,131.77,131.0,131.77,52.213
2025-12-14 13:00:00+00:00,131.26,131.31,131.26,131.31,3.237
2025-12-14 14:00:00+00:00,131.73,131.82,130.67,130.67,11.329
2025-12-14 15:00:00+00:00,131.03,131.12,130.45,130.86,10.561
2025-12-14 16:00:00+00:00,130.48,131.45,130.48,130.95,15.214
2025-12-14 17:00:00+00:00,130.9,130.9,129.56,130.13,188.297
2025-12-14 18:00:00+00:00,130.08,130.7,130.08,130.57,13.356
2025-12-14 19:00:00+00:00,130.62,130.62,130.03,130.39,26.17
2025-12-14 20:00:00+00:00,130.41,130.68,130.05,130.09,20.147
2025-12-14 21:00:00+00:00,129.89,130.35,129.87,129.87,51.973
2025-12-14 22:00:00+00:00,129.91,130.23,129.69,130.16,164.251
2025-12-14 23:00:00+00:00,130.38,130.71,128.06,129.67,166.675
2025-12-15 00:00:00+00:00,129.39,130.27,129.35,130.27,89.643
2025-12-15 01:00:00+00:00,130.19,131.49,129.82,130.86,30.479
2025-12-15 02:00:00+00:00,131.5,133.05,131.39,131.62,72.177
2025-12-15 03:00:00+00:00,131.46,131.67,131.12,131.67,7.674
2025-12-15 04:00:00+00:00,131.5,131.92,131.03,131.7,6.161
2025-12-15 05:00:00+00:00,131.67,132.13,131.67,131.87,6.669
2025-12-15 06:00:00+00:00,131.98,132.47,131.88,132.44,4.71
2025-12-15 07:00:00+00:00,132.44,132.44,132.14,132.17,5.529
2025-12-15 08:00:00+00:00,132.39,132.39,132.39,132.39,0.188
2025-12-15 09:00:00+00:00,132.46,132.46,132.41,132.41,0.074
2025-12-15 10:00:00+00:00,132.63,132.63,132.38,132.59,1.548
2025-12-15 11:00:00+00:00,132.74,132.74,132.34,132.34,1.658
2025-12-15 12:00:00+00:00,132.31,133.04,131.72,132.7,20.551
2025-12-15 13:00:00+00:00,132.5,133.04,131.81,133.04,35.826
2025-12-15 14:00:00+00:00,132.77,135.26,129.68,130.85,169.192
2025-12-15 15:00:00+00:00,130.11,130.51,126.37,126.86,703.853
2025-12-15 16:00:00+00:00,126.68,127.07,125.64,126.38,31.344
2025-12-15 17:00:00+00:00,126.46,126.52,124.71,124.71,1228.961
2025-12-15 18:00:00+00:00,124.71,125.0,123.7,124.9,522.174
2025-12-15 19:00:00+00:00,124.75,125.84,124.68,125.04,546.51
2025-12-15 20:00:00+00:00,124.79,125.59,123.87,125.44,93.692
2025-12-15 21:00:00+00:00,125.37,126.34,125.02,125.82,731.507
2025-12-15 22:00:00+00:00,125.8,126.38,125.6,126.25,8.188
2025-12-15 23:00:00+00:00,126.4,127.73,126.4,127.66,28.471
2025-12-16 00:00:00+00:00,127.53,128.0,126.29,126.29,13.901
2025-12-16 01:00:00+00:00,126.43,126.7,125.59,126.42,9.009
2025-12-16 02:00:00+00:00,126.2,127.13,126.04,127.03,2.23
2025-12-16 03:00:00+00:00,126.35,126.35,125.0,126.29,25.361
2025-12-16 04:00:00+00:00,126.65,126.65,124.95,126.06,151.129
2025-12-16 05:00:00+00:00,126.29,126.36,126.13,126.26,15.738
2025-12-16 06:00:00+00:00,126.45,127.37,126.45,127.37,4.862
2025-12-16 07:00:00+00:00,127.39,127.39,125.62,125.62,95.783
2025-12-16 08:00:00+00:00,125.59,126.51,125.54,125.74,34.819
2025-12-16 09:00:00+00:00,126.15,126.22,126.15,126.22,1.38
2025-12-16 10:00:00+00:00,126.48,128.83,126.48,128.06,46.987
2025-12-16 11:00:00+00:00,128.31,128.93,128.05,128.93,189.221
2025-12-16 12:00:00+00:00,128.8,128.8,128.38,128.39,5.075
2025-12-16 13:00:00+00:00,128.52,129.65,126.83,126.83,59.091
2025-12-16 14:00:00+00:00,126.82,129.65,126.17,128.57,44.028
2025-12-16 15:00:00+00:00,128.65,130.03,127.48,130.03,16.7
2025-12-16 16:00:00+00:00,129.85,129.85,127.87,127.95,5.859
2025-12-16 17:00:00+00:00,128.2,128.46,127.36,127.49,32.441
2025-12-16 18:00:00+00:00,127.35,128.46,127.05,128.46,33.824
2025-12-16 19:00:00+00:00,127.89,127.89,126.88,127.87,237.705
2025-12-16 20:00:00+00:00,127.63,128.72,127.55,128.72,13.864
2025-12-16 21:00:00+00:00,128.49,128.74,128.17,128.66,191.671
2025-12-16 22:00:00+00:00,128.89,129.0,128.4,128.93,12.696
2025-12-16 23:00:00+00:00,128.36,129.34,128.3,129.34,64.478
2025-12-17 00:00:00+00:00,128.75,129.13,128.34,128.84,69.18
2025-12-17 01:00:00+00:00,129.1,129.65,128.89,129.0,107.587
2025-12-17 02:00:00+00:00,129.24,129.34,128.4,129.34,107.996
2025-12-17 03:00:00+00:00,129.61,129.61,128.2,128.2,7.539
2025-12-17 04:00:00+00:00,128.19,128.36,127.42,127.95,14.985
2025-12-17 05:00:00+00:00,127.8,127.8,127.12,127.5,13.998
2025-12-17 06:00:00+00:00,127.74,127.97,127.65,127.65,0.452
2025-12-17 07:00:00+00:00,127.68,127.96,127.68,127.79,25.429
2025-12-17 08:00:00+00:00,128.05,128.07,126.88,126.88,2.94
2025-12-17 09:00:00+00:00,126.96,126.96,126.03,126.53,27.362
2025-12-17 10:00:00+00:00,126.6,126.82,126.44,126.44,7.049
2025-12-17 11:00:00+00:00,126.62,127.81,126.62,127.58,23.714
2025-12-17 12:00:00+00:00,127.71,127.98,127.71,127.79,4.876
2025-12-17 13:00:00+00:00,128.13,129.34,127.81,129.31,13.323
2025-12-17 14:00:00+00:00,129.34,132.49,127.12,132.49,656.12
2025-12-17 15:00:00+00:00,132.61,134.3,126.72,126.72,942.878
2025-12-17 16:00:00+00:00,127.51,127.81,123.98,124.79,1205.578
2025-12-17 17:00:00+00:00,125.03,125.3,122.67,123.09,226.97
2025-12-17 18:00:00+00:00,123.35,123.83,122.0,122.16,239.732
2025-12-17 19:00:00+00:00,121.98,122.38,121.45,122.38,332.998
2025-12-17 20:00:00+00:00,122.49,123.65,122.17,122.91,43.329
2025-12-17 21:00:00+00:00,123.5,123.5,122.1,122.38,14.821
2025-12-17 22:00:00+00:00,122.25,123.49,122.25,123.49,45.536
2025-12-17 23:00:00+00:00,123.45,123.45,122.79,123.17,7.884
2025-12-18 00:00:00+00:00,123.36,123.82,122.98,123.63,53.826
2025-12-18 01:00:00+00:00,123.59,123.7,123.08,123.7,21.502
2025-12-18 02:00:00+00:00,123.35,124.07,123.35,123.82,20.158
2025-12-18 03:00:00+00:00,123.8,123.93,123.18,123.32,27.946
2025-12-18 04:00:00+00:00,123.83,124.05,123.58,123.64,73.871
2025-12-18 05:00:00+00:00,123.55,123.58,122.43,122.5,52.805
2025-12-18 06:00:00+00:00,122.36,122.86,122.34,122.71,33.485
2025-12-18 07:00:00+00:00,123.03,123.31,122.54,122.8,333.104
2025-12-18 08:00:00+00:00,122.62,123.31,122.54,123.13,4.959
2025-12-18 09:00:00+00:00,123.06,123.82,123.06,123.78,0.794
2025-12-18 10:00:00+00:00,123.6,124.07,123.6,123.81,6.751
2025-12-18 11:00:00+00:00,123.68,124.0,123.31,123.93,10.272
2025-12-18 12:00:00+00:00,124.05,124.49,123.77,123.95,32.376
2025-12-18 13:00:00+00:00,124.26,126.73,124.26,126.48,362.227
2025-12-18 14:00:00+00:00,126.75,127.81,124.88,125.89,475.875
2025-12-18 15:00:00+00:00,126.06,128.95,125.89,127.41,362.264
2025-12-18 16:00:00+00:00,127.13,127.35,126.29,126.98,15.212
2025-12-18 17:00:00+00:00,126.44,126.44,120.7,122.54,845.112
2025-12-18 18:00:00+00:00,122.81,123.83,121.19,121.58,131.608
2025-12-18 19:00:00+00:00,121.48,121.49,117.55,117.78,633.806
2025-12-18 20:00:00+00:00,117.68,118.89,117.0,117.28,980.041
2025-12-18 21:00:00+00:00,117.0,120.1,117.0,120.09,222.454
2025-12-18 22:00:00+00:00,119.83,119.98,119.18,119.85,63.473
2025-12-18 23:00:00+00:00,119.84,119.96,119.3,119.69,87.886
2025-12-19 00:00:00+00:00,119.6,119.81,118.17,118.47,30.143
2025-12-19 01:00:00+00:00,118.3,118.49,117.77,118.29,62.965
2025-12-19 02:00:00+00:00,118.16,118.96,118.01,118.96,72.899
2025-12-19 03:00:00+00:00,119.25,122.44,119.25,121.83,37.819
2025-12-19 04:00:00+00:00,121.63,122.94,121.63,122.94,33.724
2025-12-19 05:00:00+00:00,122.77,123.25,122.18,122.34,21.615
2025-12-19 06:00:00+00:00,122.63,123.5,122.33,123.5,8.376
2025-12-19 07:00:00+00:00,123.6,125.31,123.6,124.5,67.735
2025-12-19 08:00:00+00:00,124.56,125.5,124.41,125.07,27.336
2025-12-19 09:00:00+00:00,124.74,124.89,124.48,124.55,1.51
2025-12-19 10:00:00+00:00,125.01,125.01,124.69,124.77,5.411
2025-12-19 11:00:00+00:00,124.78,125.54,124.78,125.47,5.495
2025-12-19 12:00:00+00:00,125.49,126.07,125.09,125.75,39.36
2025-12-19 13:00:00+00:00,125.94,126.44,125.6,126.11,19.33
2025-12-19 14:00:00+00:00,126.06,126.81,124.79,126.0,77.096
2025-12-19 15:00:00+00:00,126.1,127.58,124.78,124.97,342.221
2025-12-19 16:00:00+00:00,125.0,126.82,125.0,125.13,25.074
2025-12-19 17:00:00+00:00,125.32,126.06,123.67,123.9,29.974
2025-12-19 18:00:00+00:00,123.65,125.14,123.65,124.82,10.579
2025-12-19 19:00:00+00:00,125.01,126.57,125.01,126.23,162.665
2025-12-19 20:00:00+00:00,126.28,127.77,126.15,126.95,38.337
2025-12-19 21:00:00+00:00,127.2,127.3,126.56,126.7,204.536
2025-12-19 22:00:00+00:00,127.05,127.29,126.8,127.06,10.579
2025-12-19 23:00:00+00:00,126.8,126.8,126.15,126.29,74.899
2025-12-20 00:00:00+00:00,126.13,126.14,125.63,125.65,22.644
2025-12-20 01:00:00+00:00,125.67,125.82,125.62,125.62,7.773
2025-12-20 02:00:00+00:00,125.39,126.0,125.39,125.9,29.981
2025-12-20 03:00:00+00:00,125.87,126.49,125.81,126.44,22.187
2025-12-20 04:00:00+00:00,126.29,126.36,126.14,126.18,4.38
2025-12-20 05:00:00+00:00,126.32,126.55,126.13,126.27,48.598
2025-12-20 06:00:00+00:00,126.43,126.65,126.27,126.27,36.031
2025-12-20 07:00:00+00:00,126.24,126.31,126.04,126.06,4.053
2025-12-20 08:00:00+00:00,126.28,126.84,126.26,126.55,2.027
2025-12-20 09:00:00+00:00,126.59,126.65,126.38,126.38,8.379
2025-12-20 10:00:00+00:00,126.41,126.41,126.06,126.06,1.536
2025-12-20 11:00:00+00:00,125.92,126.05,125.92,126.05,0.986
2025-12-20 12:00:00+00:00,125.94,126.11,125.94,126.11,0.507
2025-12-20 13:00:00+00:00,125.89,126.05,125.78,125.96,15.483
2025-12-20 14:00:00+00:00,125.7,126.38,125.56,126.18,54.675
2025-12-20 15:00:00+00:00,126.26,126.64,126.02,126.63,63.65
2025-12-20 16:00:00+00:00,126.56,126.65,126.14,126.27,81.5
2025-12-20 17:00:00+00:00,126.43,126.43,125.93,125.93,29.862
2025-12-20 18:00:00+00:00,126.04,126.04,125.79,125.91,11.455
2025-12-20 19:00:00+00:00,125.97,126.2,125.85,126.06,4.153
2025-12-20 20:00:00+00:00,126.03,126.48,126.01,126.48,14.836
2025-12-20 21:00:00+00:00,126.36,126.49,126.35,126.45,11.011
2025-12-20 22:00:00+00:00,126.37,126.37,125.71,126.21,30.761
2025-12-20 23:00:00+00:00,125.91,125.92,125.65,125.92,2.306
2025-12-21 00:00:00+00:00,125.83,126.14,125.77,125.77,16.295
2025-12-21 01:00:00+00:00,125.98,125.98,125.19,125.19,16.387
2025-12-21 02:00:00+00:00,125.14,125.27,124.75,124.89,97.879
2025-12-21 03:00:00+00:00,124.93,125.4,124.93,125.13,93.601
2025-12-21 04:00:00+00:00,125.34,125.44,125.2,125.2,3.222
2025-12-21 05:00:00+00:00,125.16,125.28,125.13,125.28,2.822
2025-12-21 06:00:00+00:00,125.25,125.4,125.11,125.22,7.473
2025-12-21 07:00:00+00:00,125.42,125.49,125.31,125.33,4.502
2025-12-21 08:00:00+00:00,124.97,125.85,124.97,125.69,23.605
2025-12-21 09:00:00+00:00,125.89,126.44,125.84,126.44,2.059
2025-12-21 10:00:00+00:00,126.42,126.45,125.78,125.78,20.191
2025-12-21 11:00:00+00:00,125.74,125.78,125.41,125.52,0.852
2025-12-21 12:00:00+00:00,125.82,125.93,125.39,125.39,180.124
2025-12-21 13:00:00+00:00,125.14,125.14,123.54,123.54,209.25
2025-12-21 14:00:00+00:00,123.93,124.56,123.93,124.1,98.512
2025-12-21 15:00:00+00:00,124.09,125.14,123.97,125.14,152.661
2025-12-21 16:00:00+00:00,125.0,125.5,124.9,125.3,303.025
2025-12-21 17:00:00+00:00,125.5,126.28,125.44,125.44,37.34
2025-12-21 18:00:00+00:00,125.25,125.25,124.48,125.22,14.835
2025-12-21 19:00:00+00:00,125.43,125.78,125.24,125.78,85.468
2025-12-21 20:00:00+00:00,125.68,125.79,125.28,125.29,111.656
2025-12-21 21:00:00+00:00,125.13,125.29,124.79,124.91,11.131
2025-12-21 22:00:00+00:00,124.99,125.78,124.96,125.78,23.249
2025-12-21 23:00:00+00:00,125.89,126.18,125.69,126.11,64.097
2025-12-22 00:00:00+00:00,126.09,128.44,126.09,126.37,340.449
2025-12-22 01:00:00+00:00,126.29,127.11,125.84,126.19,114.722
2025-12-22 02:00:00+00:00,126.07,126.07,124.52,125.45,16.499
2025-12-22 03:00:00+00:00,125.32,126.44,125.28,126.12,7.193
2025-12-22 04:00:00+00:00,126.04,126.65,125.97,126.65,4.384
2025-12-22 05:00:00+00:00,126.65,126.65,126.39,126.44,29.882
2025-12-22 06:00:00+00:00,126.27,126.36,125.79,125.79,19.766
2025-12-22 07:00:00+00:00,125.78,126.44,125.37,126.19,12.502
2025-12-22 08:00:00+00:00,126.26,127.18,125.62,125.62,11.368
2025-12-22 09:00:00+00:00,126.12,126.12,126.12,126.12,0.554
2025-12-22 10:00:00+00:00,126.18,126.82,125.96,126.82,3.644
2025-12-22 11:00:00+00:00,126.71,127.36,126.62,127.36,2.651
2025-12-22 12:00:00+00:00,127.11,127.58,126.77,127.07,63.207
2025-12-22 13:00:00+00:00,126.9,127.11,126.44,127.11,73.36
2025-12-22 14:00:00+00:00,127.11,128.18,126.65,127.7,219.307
2025-12-22 15:00:00+00:00,127.74,128.61,126.61,127.81,1400.788
2025-12-22 16:00:00+00:00,128.18,128.3,127.41,127.41,255.917
2025-12-22 17:00:00+00:00,127.11,127.11,126.65,126.93,5.233
2025-12-22 18:00:00+00:00,127.09,127.41,126.44,126.44,51.182
2025-12-22 19:00:00+00:00,126.37,126.38,124.71,124.77,206.344
2025-12-22 20:00:00+00:00,124.88,125.24,124.31,124.47,274.653
2025-12-22 21:00:00+00:00,124.48,125.62,124.46,125.27,60.072
2025-12-22 22:00:00+00:00,125.19,126.03,125.19,126.03,47.848
2025-12-22 23:00:00+00:00,125.7,125.97,125.7,125.96,2.199
2025-12-23 00:00:00+00:00,126.03,126.82,126.01,126.82,20.694
2025-12-23 01:00:00+00:00,126.73,126.77,126.06,126.54,19.596
2025-12-23 02:00:00+00:00,126.14,126.69,125.78,125.82,17.092
2025-12-23 03:00:00+00:00,125.14,126.24,125.13,125.94,3.873
2025-12-23 04:00:00+00:00,125.73,126.22,125.44,125.44,21.135
2025-12-23 05:00:00+00:00,125.43,125.44,124.71,125.15,98.225
2025-12-23 06:00:00+00:00,125.44,125.44,124.39,124.65,19.971
2025-12-23 07:00:00+00:00,124.34,124.57,123.86,124.42,370.784
2025-12-23 08:00:00+00:00,124.43,124.56,124.11,124.24,12.743
2025-12-23 09:00:00+00:00,124.35,124.35,124.0,124.12,4.755
2025-12-23 10:00:00+00:00,124.36,124.79,124.36,124.79,0.135
2025-12-23 11:00:00+00:00,125.07,125.14,125.07,125.1,6.946
2025-12-23 12:00:00+00:00,124.82,124.96,124.05,124.14,11.193
2025-12-23 13:00:00+00:00,124.08,124.42,122.95,123.37,72.024
2025-12-23 14:00:00+00:00,123.73,123.73,122.22,122.44,377.662
2025-12-23 15:00:00+00:00,122.75,123.48,122.45,123.48,36.375
2025-12-23 16:00:00+00:00,123.65,124.79,123.59,124.71,77.648
2025-12-23 17:00:00+00:00,124.63,124.7,122.8,122.8,74.769
2025-12-23 18:00:00+00:00,123.27,124.19,123.27,123.88,129.581
2025-12-23 19:00:00+00:00,124.39,124.48,123.65,123.75,30.508
2025-12-23 20:00:00+00:00,123.89,125.55,123.59,124.96,145.371
2025-12-23 21:00:00+00:00,124.48,124.48,124.05,124.35,16.076
2025-12-23 22:00:00+00:00,124.26,124.51,123.65,123.8,10.256
2025-12-23 23:00:00+00:00,123.81,124.11,123.48,123.86,5.618
2025-12-24 00:00:00+00:00,124.1,124.1,123.66,123.94,46.595
2025-12-24 01:00:00+00:00,123.81,123.81,123.0,123.16,51.976
2025-12-24 02:00:00+00:00,122.94,122.94,121.9,122.43,17.262
2025-12-24 03:00:00+00:00,121.91,122.81,121.91,122.81,11.423
2025-12-24 04:00:00+00:00,122.79,122.92,121.61,121.68,79.243
2025-12-24 05:00:00+00:00,121.66,121.9,121.26,121.49,8.802
2025-12-24 06:00:00+00:00,121.26,121.56,120.72,121.56,28.907
2025-12-24 07:00:00+00:00,121.77,121.83,121.44,121.83,3.245
2025-12-24 08:00:00+00:00,121.55,121.59,121.43,121.59,1.843
2025-12-24 09:00:00+00:00,121.7,121.75,121.61,121.61,2.069
2025-12-24 10:00:00+00:00,121.81,122.18,121.81,122.06,14.805
2025-12-24 11:00:00+00:00,121.91,122.17,121.91,121.98,1.528
2025-12-24 12:00:00+00:00,122.0,122.21,121.91,122.21,1.845
2025-12-24 13:00:00+00:00,122.26,122.35,121.98,121.98,5.813
2025-12-24 14:00:00+00:00,122.0,122.21,120.97,121.59,69.627
2025-12-24 15:00:00+00:00,121.54,122.84,121.49,122.51,28.016
2025-12-24 16:00:00+00:00,122.84,123.31,122.44,122.8,152.676
2025-12-24 17:00:00+00:00,122.8,122.8,122.05,122.05,11.147
2025-12-24 18:00:00+00:00,122.16,122.58,121.84,122.55,71.967
2025-12-24 19:00:00+00:00,122.45,122.65,122.24,122.65,5.62
2025-12-24 20:00:00+00:00,122.91,123.1,122.78,122.78,7.644
2025-12-24 21:00:00+00:00,122.73,123.0,122.72,123.0,23.296
2025-12-24 22:00:00+00:00,122.88,123.37,122.88,123.37,147.194
2025-12-24 23:00:00+00:00,123.29,123.3,122.46,122.54,60.572
2025-12-25 00:00:00+00:00,122.36,122.74,122.18,122.18,50.646
2025-12-25 01:00:00+00:00,122.24,122.79,122.24,122.78,14.36
2025-12-25 02:00:00+00:00,122.69,123.08,122.55,123.08,28.089
2025-12-25 03:00:00+00:00,122.99,122.99,122.63,122.72,12.465
2025-12-25 04:00:00+00:00,122.67,122.78,122.59,122.78,34.19
2025-12-25 05:00:00+00:00,122.74,122.74,122.43,122.43,14.062
2025-12-25 06:00:00+00:00,122.34,122.49,122.32,122.49,2.878
2025-12-25 07:00:00+00:00,122.47,122.47,122.03,122.24,17.396
2025-12-25 08:00:00+00:00,122.45,122.45,121.83,121.83,6.806
2025-12-25 09:00:00+00:00,121.94,122.16,121.94,122.16,1.122
2025-12-25 10:00:00+00:00,121.83,121.87,121.39,121.48,21.622
2025-12-25 11:00:00+00:00,121.67,121.81,121.54,121.75,9.816
2025-12-25 12:00:00+00:00,121.7,121.98,121.7,121.98,12.159
2025-12-25 13:00:00+00:00,122.03,122.18,121.86,122.18,0.989
2025-12-25 14:00:00+00:00,122.19,122.35,121.9,122.1,9.604
2025-12-25 15:00:00+00:00,122.15,124.0,121.91,123.8,95.275
2025-12-25 16:00:00+00:00,123.7,124.33,123.33,123.5,45.089
2025-12-25 17:00:00+00:00,123.31,123.56,122.9,123.14,33.836
2025-12-25 18:00:00+00:00,123.43,124.06,123.43,124.06,49.223
2025-12-25 19:00:00+00:00,124.1,124.1,123.41,123.42,4.848
2025-12-25 20:00:00+00:00,123.44,123.55,123.0,123.0,24.437
2025-12-25 21:00:00+00:00,123.44,123.5,123.25,123.27,5.797
2025-12-25 22:00:00+00:00,123.15,123.15,121.5,121.73,32.144
2025-12-25 23:00:00+00:00,121.71,121.9,119.8,120.0,125.677
2025-12-26 00:00:00+00:00,120.04,120.26,119.4,120.23,174.978
2025-12-26 01:00:00+00:00,120.35,121.12,120.04,120.97,395.423
2025-12-26 02:00:00+00:00,121.01,124.29,121.01,123.51,74.761
2025-12-26 03:00:00+00:00,123.48,123.52,122.57,122.7,18.113
2025-12-26 04:00:00+00:00,122.54,122.96,121.83,122.96,133.538
2025-12-26 05:00:00+00:00,122.97,123.44,122.69,123.44,6.395
2025-12-26 06:00:00+00:00,123.46,123.65,123.46,123.65,8.66
2025-12-26 07:00:00+00:00,123.59,123.85,122.79,122.79,10.788
2025-12-26 08:00:00+00:00,122.89,122.98,122.54,122.54,2.407
2025-12-26 09:00:00+00:00,122.71,124.05,122.67,123.82,134.399
2025-12-26 10:00:00+00:00,123.77,123.77,123.52,123.52,10.83
2025-12-26 11:00:00+00:00,123.7,123.84,123.42,123.82,58.879
2025-12-26 12:00:00+00:00,123.97,124.03,123.83,124.03,38.925
2025-12-26 13:00:00+00:00,123.98,125.11,123.98,125.08,28.7
2025-12-26 14:00:00+00:00,124.85,124.92,122.16,122.16,18.938
2025-12-26 15:00:00+00:00,122.0,122.0,120.62,121.23,29.523
2025-12-26 16:00:00+00:00,121.9,122.18,121.26,121.26,81.642
2025-12-26 17:00:00+00:00,121.45,122.41,121.45,122.41,18.421
2025-12-26 18:00:00+00:00,121.94,122.41,121.94,122.14,14.925
2025-12-26 19:00:00+00:00,122.19,122.4,121.89,122.22,412.942
2025-12-26 20:00:00+00:00,122.19,122.79,122.0,122.54,53.065
2025-12-26 21:00:00+00:00,122.45,122.59,122.18,122.18,28.592
2025-12-26 22:00:00+00:00,122.05,122.28,121.9,122.22,16.649
2025-12-26 23:00:00+00:00,122.53,122.53,122.18,122.18,47.843
2025-12-27 00:00:00+00:00,122.37,122.37,122.02,122.02,9.478
2025-12-27 01:00:00+00:00,122.08,122.16,121.91,122.0,92.861
2025-12-27 02:00:00+00:00,122.27,122.41,122.17,122.41,8.791
2025-12-27 03:00:00+00:00,122.45,123.65,122.28,123.59,26.821
2025-12-27 04:00:00+00:00,123.42,123.42,123.0,123.0,1.562
2025-12-27 05:00:00+00:00,123.1,123.31,122.95,123.31,9.85
2025-12-27 06:00:00+00:00,123.07,123.07,122.65,122.9,112.071
2025-12-27 07:00:00+00:00,123.25,123.36,123.23,123.27,37.374
2025-12-27 08:00:00+00:00,123.22,123.3,122.98,122.98,4.773
2025-12-27 09:00:00+00:00,122.82,123.18,122.69,123.14,18.471
2025-12-27 10:00:00+00:00,123.08,123.15,122.57,122.7,15.851
2025-12-27 11:00:00+00:00,122.84,122.93,122.84,122.85,6.277
2025-12-27 12:00:00+00:00,122.81,122.81,122.79,122.79,11.993
2025-12-27 13:00:00+00:00,122.92,123.22,122.84,123.0,13.283
2025-12-27 14:00:00+00:00,123.04,123.27,122.92,123.26,9.153
2025-12-27 15:00:00+00:00,123.26,123.5,123.19,123.5,29.12
2025-12-27 16:00:00+00:00,123.36,123.45,123.05,123.07,3.323
2025-12-27 17:00:00+00:00,122.96,123.13,122.69,123.13,101.04
2025-12-27 18:00:00+00:00,123.29,123.39,123.06,123.28,33.272
2025-12-27 19:00:00+00:00,123.2,123.44,123.1,123.29,237.847
2025-12-27 20:00:00+00:00,123.65,123.75,123.52,123.61,11.045
2025-12-27 21:00:00+00:00,123.65,124.51,123.65,124.42,79.078
2025-12-27 22:00:00+00:00,124.51,124.88,123.71,124.08,91.663
2025-12-27 23:00:00+00:00,124.2,125.12,124.2,124.67,18.258
2025-12-28 00:00:00+00:00,124.66,124.81,124.21,124.47,133.852
2025-12-28 01:00:00+00:00,124.46,124.51,123.97,124.01,74.82
2025-12-28 02:00:00+00:00,123.9,124.32,123.9,124.16,12.666
2025-12-28 03:00:00+00:00,124.28,124.31,124.06,124.06,2.981
2025-12-28 04:00:00+00:00,124.29,124.32,124.08,124.32,14.279
2025-12-28 05:00:00+00:00,123.89,123.97,123.78,123.78,15.28
2025-12-28 06:00:00+00:00,123.84,123.84,123.84,123.84,1.006
2025-12-28 07:00:00+00:00,124.08,124.2,124.02,124.03,2.775
2025-12-28 08:00:00+00:00,124.45,124.56,124.35,124.35,3.162
2025-12-28 09:00:00+00:00,124.19,124.35,124.1,124.1,3.086
2025-12-28 10:00:00+00:00,124.28,124.53,124.28,124.53,0.224
2025-12-28 11:00:00+00:00,124.7,124.7,124.57,124.57,1.184
2025-12-28 12:00:00+00:00,124.45,124.46,124.45,124.46,0.752
2025-12-28 13:00:00+00:00,124.5,124.51,124.5,124.51,0.376
2025-12-28 14:00:00+00:00,124.72,124.82,124.62,124.81,4.124
2025-12-28 15:00:00+00:00,124.6,124.91,124.45,124.45,1.964
2025-12-28 16:00:00+00:00,124.61,124.61,124.27,124.27,104.024
2025-12-28 17:00:00+00:00,124.58,124.67,124.44,124.44,46.961
2025-12-28 18:00:00+00:00,124.47,124.47,123.18,123.18,39.32
2025-12-28 19:00:00+00:00,123.18,123.6,123.18,123.34,17.669
2025-12-28 20:00:00+00:00,123.2,123.59,123.2,123.49,90.367
2025-12-28 21:00:00+00:00,123.45,123.79,123.45,123.68,21.351
2025-12-28 22:00:00+00:00,123.79,124.31,123.67,124.31,40.63
2025-12-28 23:00:00+00:00,124.39,125.59,123.97,125.34,43.132
2025-12-29 00:00:00+00:00,125.34,128.08,125.06,127.24,239.251
2025-12-29 01:00:00+00:00,127.13,130.0,126.26,128.6,674.557
2025-12-29 02:00:00+00:00,128.57,129.34,128.31,128.84,10.473
2025-12-29 03:00:00+00:00,128.63,129.38,128.48,128.48,25.778
2025-12-29 04:00:00+00:00,128.66,128.96,128.22,128.62,359.437
2025-12-29 05:00:00+00:00,128.42,128.55,127.67,127.67,32.713
2025-12-29 06:00:00+00:00,127.84,127.93,127.58,127.79,3.631
2025-12-29 07:00:00+00:00,127.75,127.88,127.35,127.88,24.519
2025-12-29 08:00:00+00:00,127.98,128.18,127.98,128.0,241.52
2025-12-29 09:00:00+00:00,127.99,128.09,125.58,125.58,310.825
2025-12-29 10:00:00+00:00,126.09,126.29,125.71,125.84,17.548
2025-12-29 11:00:00+00:00,125.51,125.51,125.13,125.28,21.582
2025-12-29 12:00:00+00:00,125.16,125.36,123.08,123.72,74.323
2025-12-29 13:00:00+00:00,123.62,123.92,123.03,123.35,10.486
2025-12-29 14:00:00+00:00,123.3,124.44,122.48,123.27,148.048
2025-12-29 15:00:00+00:00,123.28,124.05,123.26,123.71,494.802
2025-12-29 16:00:00+00:00,123.31,123.59,122.8,122.95,160.114
2025-12-29 17:00:00+00:00,123.65,123.83,123.2,123.83,11.2
2025-12-29 18:00:00+00:00,123.76,123.89,122.98,122.98,10.589
2025-12-29 19:00:00+00:00,123.4,123.43,123.04,123.09,8.38
2025-12-29 20:00:00+00:00,123.06,123.44,122.88,122.88,6.249
2025-12-29 21:00:00+00:00,123.17,123.62,123.17,123.59,39.095
2025-12-29 22:00:00+00:00,123.21,123.5,123.21,123.5,5.235
2025-12-29 23:00:00+00:00,123.35,123.61,123.26,123.26,7.633
2025-12-30 00:00:00+00:00,123.19,123.19,123.02,123.02,434.275
2025-12-30 01:00:00+00:00,122.95,123.35,122.82,123.26,443.801
2025-12-30 02:00:00+00:00,122.83,122.99,122.54,122.99,547.778
2025-12-30 03:00:00+00:00,123.1,123.83,122.98,123.82,373.681
2025-12-30 04:00:00+00:00,123.83,124.05,123.83,124.05,8.848
2025-12-30 05:00:00+00:00,123.98,123.98,123.31,123.49,9.408
2025-12-30 06:00:00+00:00,123.61,124.02,123.58,123.74,15.501
2025-12-30 07:00:00+00:00,124.02,124.22,123.81,124.17,3.324
2025-12-30 08:00:00+00:00,124.39,125.03,124.39,124.88,8.305
2025-12-30 09:00:00+00:00,124.84,124.84,124.57,124.59,12.321
2025-12-30 10:00:00+00:00,124.64,124.92,124.63,124.84,15.312
2025-12-30 11:00:00+00:00,124.61,124.61,124.26,124.26,9.887
2025-12-30 12:00:00+00:00,124.35,124.56,124.22,124.22,372.8
2025-12-30 13:00:00+00:00,124.28,124.33,124.05,124.05,15.09
2025-12-30 14:00:00+00:00,123.89,125.33,123.65,125.03,74.476
2025-12-30 15:00:00+00:00,124.72,125.14,124.1,125.14,394.946
2025-12-30 16:00:00+00:00,125.0,126.44,125.0,125.38,31.554
2025-12-30 17:00:00+00:00,125.84,125.92,124.51,124.87,95.65
2025-12-30 18:00:00+00:00,124.8,124.8,124.39,124.53,18.268
2025-12-30 19:00:00+00:00,124.55,124.71,123.92,124.57,10.253
2025-12-30 20:00:00+00:00,124.63,124.8,124.05,124.14,17.733
2025-12-30 21:00:00+00:00,124.14,124.14,123.65,123.99,67.705
2025-12-30 22:00:00+00:00,123.9,124.48,123.9,124.37,9.257
2025-12-30 23:00:00+00:00,124.51,124.99,124.38,124.99,34.992
2025-12-31 00:00:00+00:00,125.05,125.09,124.57,125.01,41.639
2025-12-31 01:00:00+00:00,125.04,126.77,124.92,126.1,1098.295
2025-12-31 02:00:00+00:00,125.97,127.11,125.54,126.01,1589.373
2025-12-31 03:00:00+00:00,126.1,127.58,125.41,126.21,1448.322
2025-12-31 04:00:00+00:00,126.2,128.18,125.65,126.11,1229.105
2025-12-31 05:00:00+00:00,125.74,127.58,125.7,125.79,1369.001
2025-12-31 06:00:00+00:00,126.1,127.77,125.89,126.15,2088.412
2025-12-31 07:00:00+00:00,126.22,128.01,125.82,126.27,2371.463
2025-12-31 08:00:00+00:00,126.26,126.95,125.65,125.92,2281.11
2025-12-31 09:00:00+00:00,125.99,127.11,125.99,126.41,549.421
2025-12-31 10:00:00+00:00,126.44,127.11,126.4,127.0,16.074
2025-12-31 11:00:00+00:00,126.76,128.01,126.67,127.36,21.172
2025-12-31 12:00:00+00:00,126.98,127.72,126.41,126.55,1186.721
2025-12-31 13:00:00+00:00,126.48,128.33,126.21,126.72,1256.343
2025-12-31 14:00:00+00:00,126.81,127.41,125.54,126.4,2086.349
2025-12-31 15:00:00+00:00,125.84,126.44,125.13,126.07,2443.474
2025-12-31 16:00:00+00:00,126.06,126.65,124.48,125.23,3124.66
2025-12-31 17:00:00+00:00,125.13,125.4,124.78,125.19,2004.699
2025-12-31 18:00:00+00:00,125.19,126.65,125.02,125.13,1913.806
2025-12-31 19:00:00+00:00,125.45,127.14,124.71,124.89,1607.694
2025-12-31 20:00:00+00:00,124.81,127.11,123.82,124.6,3095.608
2025-12-31 21:00:00+00:00,124.5,128.25,124.22,125.17,2131.273
2025-12-31 22:00:00+00:00,125.02,126.42,124.72,125.12,1759.17
2025-12-31 23:00:00+00:00,125.23,127.14,124.8,124.8,2160.226
2026-01-01 00:00:00+00:00,124.96,126.43,124.96,125.47,2110.965
2026-01-01 01:00:00+00:00,125.65,126.65,125.23,125.59,1115.417
2026-01-01 02:00:00+00:00,125.18,126.01,125.04,125.97,1886.322
2026-01-01 03:00:00+00:00,125.96,126.01,125.27,125.62,1417.71
2026-01-01 04:00:00+00:00,125.63,126.01,125.13,125.42,3673.262
2026-01-01 05:00:00+00:00,125.4,126.01,125.07,125.91,1552.224
2026-01-01 06:00:00+00:00,125.7,125.75,125.14,125.38,3034.674
2026-01-01 07:00:00+00:00,125.16,127.58,124.71,124.71,1039.263
2026-01-01 08:00:00+00:00,125.71,125.72,124.7,124.7,8.134
2026-01-01 09:00:00+00:00,125.77,125.77,124.7,125.53,0.772
2026-01-01 10:00:00+00:00,125.07,127.41,125.07,125.38,471.527
2026-01-01 11:00:00+00:00,125.89,126.44,125.15,126.05,12.253
2026-01-01 12:00:00+00:00,126.1,126.44,125.26,125.26,10.197
2026-01-01 13:00:00+00:00,125.14,126.81,125.14,125.15,161.62
2026-01-01 14:00:00+00:00,125.14,127.43,124.79,126.0,658.405
2026-01-01 15:00:00+00:00,125.5,126.79,124.9,125.87,116.006
2026-01-01 16:00:00+00:00,125.96,126.81,124.66,125.05,150.735
2026-01-01 17:00:00+00:00,124.81,126.14,124.57,125.73,35.088
2026-01-01 18:00:00+00:00,126.06,127.48,125.51,126.0,59.912
2026-01-01 19:00:00+00:00,126.14,128.18,125.28,126.08,179.354
2026-01-01 20:00:00+00:00,126.44,127.51,125.85,126.29,329.311
2026-01-01 21:00:00+00:00,126.35,127.52,125.64,125.82,334.666
2026-01-01 22:00:00+00:00,126.32,128.12,125.46,126.84,369.848
2026-01-01 23:00:00+00:00,126.97,128.25,126.44,127.25,79.678
2026-01-02 00:00:00+00:00,127.47,128.25,126.8,127.74,745.676
2026-01-02 01:00:00+00:00,127.21,128.25,126.44,126.65,555.934
2026-01-02 02:00:00+00:00,126.97,128.25,126.32,126.92,513.767
2026-01-02 03:00:00+00:00,126.84,128.25,126.84,127.81,113.977
2026-01-02 04:00:00+00:00,128.18,128.25,127.42,127.68,1122.678
2026-01-02 05:00:00+00:00,127.61,127.63,127.41,127.6,0.943
2026-01-02 06:00:00+00:00,127.83,128.25,127.19,128.25,666.56
2026-01-02 07:00:00+00:00,127.75,129.18,127.24,127.51,683.17
2026-01-02 08:00:00+00:00,127.61,129.24,127.23,128.1,172.043
2026-01-02 09:00:00+00:00,128.42,130.0,128.42,129.73,646.352
2026-01-02 10:00:00+00:00,130.0,130.0,129.28,129.32,1332.471
2026-01-02 11:00:00+00:00,129.75,130.0,128.44,128.92,509.056
2026-01-02 12:00:00+00:00,128.94,128.94,128.19,128.48,305.52
2026-01-02 13:00:00+00:00,128.71,128.99,128.66,128.88,19.255
2026-01-02 14:00:00+00:00,128.91,129.5,127.09,129.0,89.033
2026-01-02 15:00:00+00:00,128.88,129.48,127.48,129.15,675.952
2026-01-02 16:00:00+00:00,128.85,131.78,128.8,130.44,11518.58
2026-01-02 17:00:00+00:00,130.93,132.22,130.83,131.39,466.411
2026-01-02 18:00:00+00:00,131.26,131.86,130.47,130.47,1096.088
2026-01-02 19:00:00+00:00,130.88,131.83,130.83,131.68,19.6
2026-01-02 20:00:00+00:00,131.56,132.0,131.04,131.04,54.188
2026-01-02 21:00:00+00:00,131.35,132.08,131.35,131.96,53.719
2026-01-02 22:00:00+00:00,131.84,133.15,131.84,132.68,148.536
2026-01-02 23:00:00+00:00,132.66,132.68,132.03,132.25,19.617
2026-01-03 00:00:00+00:00,132.26,132.99,132.26,132.51,15.834
2026-01-03 01:00:00+00:00,132.81,132.81,132.57,132.57,18.196
2026-01-03 02:00:00+00:00,132.26,133.16,132.09,132.97,60.399
2026-01-03 03:00:00+00:00,132.89,133.04,132.1,132.76,39.961
2026-01-03 04:00:00+00:00,132.9,132.9,132.25,132.25,101.517
2026-01-03 05:00:00+00:00,132.46,132.54,131.69,131.69,9.883
2026-01-03 06:00:00+00:00,132.0,132.36,131.16,131.16,61.952
2026-01-03 07:00:00+00:00,131.29,131.47,129.69,130.08,88.271
2026-01-03 08:00:00+00:00,130.14,130.91,130.14,130.91,73.395
2026-01-03 09:00:00+00:00,130.57,131.44,130.57,131.32,122.812
2026-01-03 10:00:00+00:00,131.02,131.25,130.94,131.13,5.981
2026-01-03 11:00:00+00:00,130.83,130.83,130.65,130.76,4.345
2026-01-03 12:00:00+00:00,130.55,130.95,130.54,130.78,13.918
2026-01-03 13:00:00+00:00,130.76,131.37,130.76,131.26,25.321
2026-01-03 14:00:00+00:00,131.34,132.08,131.23,131.7,24.504
2026-01-03 15:00:00+00:00,131.91,131.97,131.17,131.49,58.974
2026-01-03 16:00:00+00:00,131.61,132.0,131.61,131.82,26.069
2026-01-03 17:00:00+00:00,131.92,132.05,131.82,132.02,1.568
2026-01-03 18:00:00+00:00,131.84,132.07,131.57,132.07,36.37
2026-01-03 19:00:00+00:00,131.96,131.96,131.66,131.94,13.846
2026-01-03 20:00:00+00:00,131.86,131.95,131.48,131.93,66.278
2026-01-03 21:00:00+00:00,132.03,132.95,131.99,132.79,15.492
2026-01-03 22:00:00+00:00,132.79,133.93,132.66,133.14,3533.825
2026-01-03 23:00:00+00:00,133.48,133.66,133.1,133.41,11.05
2026-01-04 00:00:00+00:00,133.46,134.75,133.37,134.63,134.733
2026-01-04 01:00:00+00:00,134.51,134.68,133.53,133.53,127.465
2026-01-04 02:00:00+00:00,134.09,134.09,133.76,133.76,2.427
2026-01-04 03:00:00+00:00,133.78,134.58,133.78,134.55,12.152
2026-01-04 04:00:00+00:00,134.63,134.78,134.27,134.27,18.362
2026-01-04 05:00:00+00:00,134.43,134.59,134.24,134.52,81.46
2026-01-04 06:00:00+00:00,134.57,134.88,133.83,133.88,34.133
2026-01-04 07:00:00+00:00,133.87,134.07,133.87,133.88,12.674
2026-01-04 08:00:00+00:00,133.88,134.06,133.23,134.06,47.872
2026-01-04 09:00:00+00:00,134.04,134.47,134.04,134.47,2.344
2026-01-04 10:00:00+00:00,134.38,134.8,134.38,134.8,15.2
2026-01-04 11:00:00+00:00,134.6,134.6,134.35,134.52,0.669
2026-01-04 12:00:00+00:00,134.44,134.78,134.35,134.35,2.112
2026-01-04 13:00:00+00:00,134.34,134.58,133.79,134.58,37.97
2026-01-04 14:00:00+00:00,134.6,135.0,134.41,135.0,12.987
2026-01-04 15:00:00+00:00,135.0,135.3,134.47,134.47,3584.345
2026-01-04 16:00:00+00:00,135.28,135.39,134.99,135.21,48.417
2026-01-04 17:00:00+00:00,135.16,135.34,134.97,134.97,11.967
2026-01-04 18:00:00+00:00,134.8,134.83,133.81,134.1,55.954
2026-01-04 19:00:00+00:00,134.17,134.17,133.17,133.47,37.575
2026-01-04 20:00:00+00:00,133.54,134.22,133.53,134.22,46.276
2026-01-04 21:00:00+00:00,133.93,134.47,133.93,134.0,48.869
2026-01-04 22:00:00+00:00,133.72,134.46,133.72,133.98,4.397
2026-01-04 23:00:00+00:00,134.45,134.87,133.72,134.01,19.66
2026-01-05 00:00:00+00:00,134.17,135.72,134.17,135.72,51.472
2026-01-05 01:00:00+00:00,135.51,137.58,135.43,136.82,112.038
2026-01-05 02:00:00+00:00,136.87,137.06,135.69,136.9,86.613
2026-01-05 03:00:00+00:00,136.9,137.07,136.66,136.79,30.766
2026-01-05 04:00:00+00:00,136.81,136.83,135.14,135.74,82.882
2026-01-05 05:00:00+00:00,135.68,136.23,135.02,135.02,48.172
2026-01-05 06:00:00+00:00,135.01,135.55,134.7,135.55,32.857
2026-01-05 07:00:00+00:00,135.68,135.82,135.26,135.26,3.942
2026-01-05 08:00:00+00:00,135.59,135.81,135.5,135.81,0.788
2026-01-05 09:00:00+00:00,135.0,135.58,134.87,135.58,105.817
2026-01-05 10:00:00+00:00,135.63,135.93,135.32,135.6,51.19
2026-01-05 11:00:00+00:00,135.65,135.8,135.39,135.8,1.23
2026-01-05 12:00:00+00:00,135.87,135.87,135.44,135.44,5.209
2026-01-05 13:00:00+00:00,135.27,135.27,133.36,133.95,88.174
2026-01-05 14:00:00+00:00,133.83,135.51,133.35,135.51,150.334
2026-01-05 15:00:00+00:00,135.07,136.51,134.2,136.32,50.147
2026-01-05 16:00:00+00:00,136.27,136.27,134.92,135.31,57.411
2026-01-05 17:00:00+00:00,135.59,136.77,134.43,136.56,73.187
2026-01-05 18:00:00+00:00,136.71,137.48,135.82,137.41,72.411
2026-01-05 19:00:00+00:00,137.41,138.76,137.2,138.41,233.479
2026-01-05 20:00:00+00:00,138.33,139.71,137.59,137.95,400.056
2026-01-05 21:00:00+00:00,138.08,138.59,137.96,138.39,5.519
2026-01-05 22:00:00+00:00,138.43,139.15,138.43,138.66,44.045
2026-01-05 23:00:00+00:00,138.65,138.9,138.06,138.06,15.351
2026-01-06 00:00:00+00:00,137.95,138.18,137.05,137.44,60.07
2026-01-06 01:00:00+00:00,137.9,138.43,137.39,137.6,71.655
2026-01-06 02:00:00+00:00,137.88,138.07,137.35,137.85,31.409
2026-01-06 03:00:00+00:00,137.69,138.56,137.69,138.51,21.329
2026-01-06 04:00:00+00:00,138.61,139.0,138.36,138.4,23.96
2026-01-06 05:00:00+00:00,138.53,139.95,138.2,139.64,84.406
2026-01-06 06:00:00+00:00,139.68,139.68,138.93,139.45,7.872
2026-01-06 07:00:00+00:00,138.93,138.97,137.48,137.75,33.683
2026-01-06 08:00:00+00:00,137.76,138.11,137.64,137.64,22.096
2026-01-06 09:00:00+00:00,137.83,138.36,137.82,138.09,6.573
2026-01-06 10:00:00+00:00,137.58,138.06,137.58,137.69,2.225
2026-01-06 11:00:00+00:00,137.86,139.6,137.82,139.52,27.008
2026-01-06 12:00:00+00:00,139.43,139.43,139.11,139.11,6.817
2026-01-06 13:00:00+00:00,138.94,139.45,138.7,139.36,25.652
2026-01-06 14:00:00+00:00,139.56,143.36,139.56,141.24,593.807
2026-01-06 15:00:00+00:00,142.04,143.08,141.12,141.55,176.725
2026-01-06 16:00:00+00:00,141.75,141.86,138.25,138.93,223.929
2026-01-06 17:00:00+00:00,138.8,139.14,136.48,136.48,245.994
2026-01-06 18:00:00+00:00,136.47,137.9,136.24,137.75,175.427
2026-01-06 19:00:00+00:00,137.82,138.12,137.39,137.39,27.61
2026-01-06 20:00:00+00:00,138.04,139.15,138.04,139.15,26.955
2026-01-06 21:00:00+00:00,139.16,142.07,138.91,140.49,404.514
2026-01-06 22:00:00+00:00,140.16,140.59,139.66,140.11,159.93
2026-01-06 23:00:00+00:00,140.28,141.24,140.28,141.13,121.706
2026-01-07 00:00:00+00:00,140.97,141.41,139.97,139.97,184.345
2026-01-07 01:00:00+00:00,139.9,140.56,138.89,139.18,494.927
2026-01-07 02:00:00+00:00,139.02,140.09,138.61,140.08,1983.058
2026-01-07 03:00:00+00:00,140.07,140.57,139.6,139.72,1931.693
2026-01-07 04:00:00+00:00,139.79,140.02,138.93,138.93,1486.656
2026-01-07 05:00:00+00:00,138.93,139.73,138.33,138.82,1867.75
2026-01-07 06:00:00+00:00,138.71,139.11,138.48,139.08,917.311
2026-01-07 07:00:00+00:00,139.3,139.59,139.07,139.47,1224.815
2026-01-07 08:00:00+00:00,139.6,140.04,139.22,139.89,734.175
2026-01-07 09:00:00+00:00,139.7,139.94,137.0,137.47,1057.467
2026-01-07 10:00:00+00:00,137.07,137.89,136.97,137.89,1726.038
2026-01-07 11:00:00+00:00,137.88,138.28,137.86,138.1,1632.638
2026-01-07 12:00:00+00:00,138.11,138.28,137.69,138.07,2390.302
2026-01-07 13:00:00+00:00,138.18,138.72,137.78,138.23,2143.173
2026-01-07 14:00:00+00:00,138.22,138.41,136.9,138.41,1227.421
2026-01-07 15:00:00+00:00,137.81,137.81,135.43,135.9,1865.533
2026-01-07 16:00:00+00:00,135.9,136.74,135.56,135.96,2272.209
2026-01-07 17:00:00+00:00,135.89,136.68,135.58,135.82,2288.203
2026-01-07 18:00:00+00:00,136.01,136.06,135.06,135.43,2458.48
2026-01-07 19:00:00+00:00,135.61,136.05,134.53,135.76,2328.76
2026-01-07 20:00:00+00:00,135.97,136.14,135.19,136.01,1920.511
2026-01-07 21:00:00+00:00,135.97,136.56,135.97,136.44,2468.893
2026-01-07 22:00:00+00:00,136.39,136.89,136.05,136.73,2591.486
2026-01-07 23:00:00+00:00,136.61,137.29,135.9,136.68,2313.368
2026-01-08 00:00:00+00:00,136.6,137.27,136.29,137.06,2284.182
2026-01-08 01:00:00+00:00,137.15,137.47,136.89,137.05,2380.494
2026-01-08 02:00:00+00:00,136.85,138.11,136.85,137.87,2222.739
2026-01-08 03:00:00+00:00,138.07,138.35,136.9,137.08,2101.054
2026-01-08 04:00:00+00:00,136.96,138.55,136.76,138.03,2711.231
2026-01-08 05:00:00+00:00,138.02,138.34,136.76,136.8,2771.333
2026-01-08 06:00:00+00:00,136.99,137.02,135.04,135.15,1899.3
2026-01-08 07:00:00+00:00,135.21,136.91,134.24,136.25,301.347
2026-01-08 08:00:00+00:00,136.17,136.42,135.33,135.37,1287.773
2026-01-08 09:00:00+00:00,135.47,135.89,134.86,134.86,634.17
2026-01-08 10:00:00+00:00,134.63,135.55,134.33,135.55,21.043
2026-01-08 11:00:00+00:00,135.13,135.24,134.63,134.9,43.482
2026-01-08 12:00:00+00:00,135.02,135.02,134.01,134.22,31.982
2026-01-08 13:00:00+00:00,134.5,134.53,134.26,134.29,12.433
2026-01-08 14:00:00+00:00,134.67,134.67,132.97,134.34,127.464
2026-01-08 15:00:00+00:00,134.1,136.66,133.62,136.66,58.238
2026-01-08 16:00:00+00:00,136.7,138.14,136.44,138.14,163.064
2026-01-08 17:00:00+00:00,138.2,138.77,137.33,138.76,78.613
2026-01-08 18:00:00+00:00,138.6,139.0,137.92,137.92,91.602
2026-01-08 19:00:00+00:00,138.54,138.54,137.48,137.58,21.441
2026-01-08 20:00:00+00:00,137.48,137.83,136.76,137.83,39.678
2026-01-08 21:00:00+00:00,137.83,139.69,137.83,139.69,105.947
2026-01-08 22:00:00+00:00,139.64,140.01,138.4,138.98,101.276
2026-01-08 23:00:00+00:00,138.86,139.29,138.4,138.49,4.03
2026-01-09 00:00:00+00:00,138.59,139.44,138.38,139.04,94.396
2026-01-09 01:00:00+00:00,139.19,139.5,137.81,138.05,13.932
2026-01-09 02:00:00+00:00,138.85,139.5,138.85,139.06,8.441
2026-01-09 03:00:00+00:00,139.4,141.08,139.23,140.99,94.085
2026-01-09 04:00:00+00:00,140.92,141.0,139.73,139.83,17.305
2026-01-09 05:00:00+00:00,139.89,140.25,139.59,139.85,79.796
2026-01-09 06:00:00+00:00,139.98,140.74,139.72,140.74,34.578
2026-01-09 07:00:00+00:00,140.76,140.76,139.66,139.66,3.895
2026-01-09 08:00:00+00:00,139.6,139.6,137.14,137.14,43.157
2026-01-09 09:00:00+00:00,138.13,139.0,138.13,138.42,54.212
2026-01-09 10:00:00+00:00,138.44,138.93,138.25,138.79,18.611
2026-01-09 11:00:00+00:00,138.93,138.93,138.2,138.35,2.536
2026-01-09 12:00:00+00:00,138.39,138.39,137.54,137.8,9.772
2026-01-09 13:00:00+00:00,137.94,139.19,137.79,138.79,33.207
2026-01-09 14:00:00+00:00,138.68,138.68,136.57,136.74,41.136
2026-01-09 15:00:00+00:00,137.03,140.78,136.19,138.61,253.578
2026-01-09 16:00:00+00:00,138.93,140.1,138.93,140.02,393.307
2026-01-09 17:00:00+00:00,140.03,140.03,137.48,138.48,28.377
2026-01-09 18:00:00+00:00,138.42,138.49,135.88,136.76,85.451
2026-01-09 19:00:00+00:00,136.74,136.74,135.55,135.97,29.027
2026-01-09 20:00:00+00:00,135.78,136.03,135.1,135.6,133.234
2026-01-09 21:00:00+00:00,135.71,136.23,135.71,136.01,5.295
2026-01-09 22:00:00+00:00,136.0,136.26,135.68,136.24,8.653
2026-01-09 23:00:00+00:00,136.28,136.48,135.93,136.04,47.019
2026-01-10 00:00:00+00:00,136.0,136.26,135.83,135.91,3.651
2026-01-10 01:00:00+00:00,136.1,136.57,135.93,136.57,13.815
2026-01-10 02:00:00+00:00,136.51,136.7,136.15,136.22,24.606
2026-01-10 03:00:00+00:00,136.31,136.33,135.95,136.33,38.889
2026-01-10 04:00:00+00:00,136.22,136.22,135.85,135.85,7.868
2026-01-10 05:00:00+00:00,135.76,136.21,135.75,136.17,37.553
2026-01-10 06:00:00+00:00,135.82,136.18,135.82,136.06,21.648
2026-01-10 07:00:00+00:00,136.12,136.24,135.91,136.24,1.832
2026-01-10 08:00:00+00:00,136.27,136.27,135.99,136.1,36.24
2026-01-10 09:00:00+00:00,136.07,136.46,136.07,136.46,71.198
2026-01-10 10:00:00+00:00,136.4,136.91,136.4,136.85,6.15
2026-01-10 11:00:00+00:00,136.76,136.99,136.44,136.66,2.267
2026-01-10 12:00:00+00:00,136.69,136.93,136.49,136.51,7.01
2026-01-10 13:00:00+00:00,136.4,136.62,136.23,136.5,26.939
2026-01-10 14:00:00+00:00,136.41,136.5,136.05,136.19,21.919
2026-01-10 15:00:00+00:00,136.14,136.5,136.07,136.5,42.212
2026-01-10 16:00:00+00:00,136.5,136.71,136.13,136.5,13.861
2026-01-10 17:00:00+00:00,136.47,136.73,136.07,136.07,15.752
2026-01-10 18:00:00+00:00,136.15,136.4,135.87,136.3,120.794
2026-01-10 19:00:00+00:00,136.1,136.24,135.94,136.14,136.804
2026-01-10 20:00:00+00:00,136.31,136.34,135.94,135.97,13.294
2026-01-10 21:00:00+00:00,135.94,136.15,135.73,135.73,16.44
2026-01-10 22:00:00+00:00,135.68,135.83,135.5,135.51,24.226
2026-01-10 23:00:00+00:00,135.74,136.14,135.74,136.14,31.23
2026-01-11 00:00:00+00:00,135.82,136.38,135.82,136.38,43.761
2026-01-11 01:00:00+00:00,136.42,136.57,136.31,136.46,107.659
2026-01-11 02:00:00+00:00,136.34,136.36,135.97,136.22,17.045
2026-01-11 03:00:00+00:00,135.98,136.43,135.95,136.43,19.532
2026-01-11 04:00:00+00:00,136.33,136.56,135.99,136.37,27.795
2026-01-11 05:00:00+00:00,136.09,136.51,136.09,136.5,51.404
2026-01-11 06:00:00+00:00,136.41,136.41,136.08,136.08,81.052
2026-01-11 07:00:00+00:00,136.33,136.34,136.16,136.16,2.31
2026-01-11 08:00:00+00:00,136.13,136.76,136.13,136.76,11.916
2026-01-11 09:00:00+00:00,136.66,136.66,136.61,136.61,19.022
2026-01-11 10:00:00+00:00,136.66,136.66,136.42,136.53,0.183
2026-01-11 11:00:00+00:00,136.69,136.69,136.51,136.64,11.477
2026-01-11 12:00:00+00:00,136.64,136.99,136.64,136.99,3.221
2026-01-11 13:00:00+00:00,137.24,137.37,137.09,137.37,3.531
2026-01-11 14:00:00+00:00,137.36,139.35,137.23,139.35,51.668
2026-01-11 15:00:00+00:00,139.39,139.5,138.02,138.02,83.041
2026-01-11 16:00:00+00:00,138.81,141.48,138.49,140.09,632.249
2026-01-11 17:00:00+00:00,140.23,140.24,138.76,139.81,169.973
2026-01-11 18:00:00+00:00,139.78,140.17,139.2,140.17,92.546
2026-01-11 19:00:00+00:00,140.0,140.15,139.31,139.53,46.803
2026-01-11 20:00:00+00:00,139.24,139.29,138.03,138.69,85.431
2026-01-11 21:00:00+00:00,138.14,138.61,138.03,138.61,92.587
2026-01-11 22:00:00+00:00,138.15,138.55,137.71,138.55,22.918
2026-01-11 23:00:00+00:00,138.26,139.66,137.58,139.57,62.795
2026-01-12 00:00:00+00:00,139.61,141.37,139.11,141.24,458.155
2026-01-12 01:00:00+00:00,141.35,141.92,140.78,141.24,167.052
2026-01-12 02:00:00+00:00,141.11,142.68,141.11,142.39,347.752
2026-01-12 03:00:00+00:00,142.72,144.35,142.54,142.54,310.959
2026-01-12 04:00:00+00:00,142.63,143.14,142.42,142.73,95.242
2026-01-12 05:00:00+00:00,142.84,143.12,142.69,142.69,7.109
2026-01-12 06:00:00+00:00,142.84,143.36,141.82,141.82,45.09
2026-01-12 07:00:00+00:00,142.22,142.36,141.41,141.41,61.427
2026-01-12 08:00:00+00:00,141.49,141.83,139.14,139.76,60.721
2026-01-12 09:00:00+00:00,140.14,140.14,139.24,139.65,6.951
2026-01-12 10:00:00+00:00,139.59,139.82,139.22,139.22,3.893
2026-01-12 11:00:00+00:00,139.26,140.19,139.26,140.01,42.707
2026-01-12 12:00:00+00:00,140.11,140.23,139.89,140.0,29.982
2026-01-12 13:00:00+00:00,139.82,140.01,139.56,139.64,14.499
2026-01-12 14:00:00+00:00,139.8,140.86,138.85,140.43,151.303
2026-01-12 15:00:00+00:00,140.56,142.77,140.18,142.66,350.352
2026-01-12 16:00:00+00:00,142.61,144.18,142.3,143.13,288.144
2026-01-12 17:00:00+00:00,142.89,143.65,141.24,142.09,15.674
2026-01-12 18:00:00+00:00,142.09,142.78,140.6,141.34,283.107
2026-01-12 19:00:00+00:00,140.98,141.58,140.89,140.89,36.007
2026-01-12 20:00:00+00:00,141.01,141.79,140.1,140.1,25.712
2026-01-12 21:00:00+00:00,140.09,140.22,138.4,138.41,31.751
2026-01-12 22:00:00+00:00,138.75,139.75,138.75,139.16,91.099
2026-01-12 23:00:00+00:00,139.12,139.4,138.79,139.37,18.764
2026-01-13 00:00:00+00:00,139.29,139.56,138.76,138.76,42.219
2026-01-13 01:00:00+00:00,139.43,139.65,138.56,138.83,39.802
2026-01-13 02:00:00+00:00,138.88,139.27,138.26,138.57,5.17
2026-01-13 03:00:00+00:00,138.63,138.65,137.9,138.58,14.698
2026-01-13 04:00:00+00:00,138.67,139.18,138.58,139.18,105.117
2026-01-13 05:00:00+00:00,139.19,140.5,139.08,140.18,40.257
2026-01-13 06:00:00+00:00,139.89,140.74,139.89,140.63,11.785
2026-01-13 07:00:00+00:00,140.48,140.74,140.27,140.31,2.711
2026-01-13 08:00:00+00:00,140.16,141.83,140.16,141.51,10.958
2026-01-13 09:00:00+00:00,141.81,143.08,141.39,142.02,29.927
2026-01-13 10:00:00+00:00,141.87,142.54,141.74,141.95,6.952
2026-01-13 11:00:00+00:00,142.08,142.08,141.88,141.9,1.31
2026-01-13 12:00:00+00:00,141.93,142.24,141.66,142.24,5.963
2026-01-13 13:00:00+00:00,142.05,143.34,141.94,142.35,149.626
2026-01-13 14:00:00+00:00,142.33,143.71,141.71,142.13,151.265
2026-01-13 15:00:00+00:00,141.86,143.44,141.29,143.44,135.816
2026-01-13 16:00:00+00:00,143.48,144.41,142.91,143.36,275.338
2026-01-13 17:00:00+00:00,143.45,143.58,142.55,143.01,74.908
2026-01-13 18:00:00+00:00,142.69,143.64,142.69,143.25,33.491
2026-01-13 19:00:00+00:00,143.44,144.36,143.05,144.36,34.767
2026-01-13 20:00:00+00:00,144.36,144.41,143.17,143.78,24.518
2026-01-13 21:00:00+00:00,143.86,144.27,143.44,143.44,26.062
2026-01-13 22:00:00+00:00,144.23,148.01,144.23,146.86,753.744
2026-01-13 23:00:00+00:00,147.29,147.35,144.75,145.38,262.685
2026-01-14 00:00:00+00:00,145.62,145.75,144.42,145.17,145.118
2026-01-14 01:00:00+00:00,145.14,146.13,144.98,145.8,140.305
2026-01-14 02:00:00+00:00,146.0,146.47,145.37,145.5,10.643
2026-01-14 03:00:00+00:00,145.68,146.31,145.3,145.92,24.996
2026-01-14 04:00:00+00:00,146.37,146.56,144.89,144.97,87.133
2026-01-14 05:00:00+00:00,144.86,145.14,144.42,144.42,22.7
2026-01-14 06:00:00+00:00,144.36,144.66,144.0,144.66,176.783
2026-01-14 07:00:00+00:00,144.74,145.05,144.11,144.59,8.922
2026-01-14 08:00:00+00:00,144.88,145.09,144.65,144.89,4.87
2026-01-14 09:00:00+00:00,145.08,145.49,145.07,145.49,14.257
2026-01-14 10:00:00+00:00,145.57,145.62,144.79,145.18,6.234
2026-01-14 11:00:00+00:00,144.57,144.59,143.64,143.64,5.725
2026-01-14 12:00:00+00:00,143.59,144.64,143.42,144.64,9.645
2026-01-14 13:00:00+00:00,144.34,144.75,144.13,144.13,77.1
2026-01-14 14:00:00+00:00,144.52,147.43,144.52,146.59,110.818
2026-01-14 15:00:00+00:00,146.54,147.58,145.83,146.85,109.774
2026-01-14 16:00:00+00:00,147.15,148.29,147.07,147.43,128.135
2026-01-14 17:00:00+00:00,147.0,147.4,145.92,145.92,400.506
2026-01-14 18:00:00+00:00,145.91,147.39,145.44,146.44,70.364
2026-01-14 19:00:00+00:00,146.43,147.64,146.43,146.97,6.348
2026-01-14 20:00:00+00:00,147.22,147.61,146.98,147.43,37.579
2026-01-14 21:00:00+00:00,147.34,147.43,146.37,146.48,31.346
2026-01-14 22:00:00+00:00,146.82,147.11,145.95,146.44,86.501
2026-01-14 23:00:00+00:00,146.44,146.9,146.21,146.89,12.992
2026-01-15 00:00:00+00:00,146.78,146.78,145.58,145.83,78.857
2026-01-15 01:00:00+00:00,146.28,146.46,144.88,145.11,57.418
2026-01-15 02:00:00+00:00,145.34,145.4,144.37,144.42,117.265
2026-01-15 03:00:00+00:00,144.37,144.75,143.25,143.44,456.199
2026-01-15 04:00:00+00:00,143.97,144.5,143.65,144.5,167.526
2026-01-15 05:00:00+00:00,144.5,144.73,144.34,144.73,17.636
2026-01-15 06:00:00+00:00,144.72,144.76,144.17,144.18,3.08
2026-01-15 07:00:00+00:00,144.3,145.14,144.3,144.93,19.427
2026-01-15 08:00:00+00:00,144.92,144.92,144.17,144.79,5.887
2026-01-15 09:00:00+00:00,144.93,145.98,144.91,145.98,46.817
2026-01-15 10:00:00+00:00,145.53,145.53,145.37,145.37,8.371
2026-01-15 11:00:00+00:00,145.62,145.62,144.99,144.99,7.346
2026-01-15 12:00:00+00:00,144.89,145.14,144.44,145.06,5.34
2026-01-15 13:00:00+00:00,144.87,145.34,144.59,145.24,10.502
2026-01-15 14:00:00+00:00,145.35,145.69,143.44,143.92,23.706
2026-01-15 15:00:00+00:00,144.04,144.31,141.98,143.36,354.054
2026-01-15 16:00:00+00:00,143.64,143.95,142.97,143.71,410.808
2026-01-15 17:00:00+00:00,143.51,144.11,142.61,142.61,64.438
2026-01-15 18:00:00+00:00,142.51,142.99,141.53,141.68,63.873
2026-01-15 19:00:00+00:00,141.5,141.65,141.05,141.6,61.582
2026-01-15 20:00:00+00:00,141.6,141.78,141.53,141.53,5.495
2026-01-15 21:00:00+00:00,141.75,142.0,141.65,142.0,9.866
2026-01-15 22:00:00+00:00,142.15,142.55,142.15,142.43,9.135
2026-01-15 23:00:00+00:00,142.34,142.58,142.14,142.35,68.981
2026-01-16 00:00:00+00:00,142.52,142.76,142.39,142.53,18.633
2026-01-16 01:00:00+00:00,142.29,142.55,142.21,142.43,9.048
2026-01-16 02:00:00+00:00,142.01,142.34,141.71,142.25,23.168
2026-01-16 03:00:00+00:00,142.36,142.55,142.0,142.21,9.675
2026-01-16 04:00:00+00:00,142.06,142.76,141.74,141.74,32.652
2026-01-16 05:00:00+00:00,141.66,143.44,141.48,143.24,50.788
2026-01-16 06:00:00+00:00,143.22,143.4,142.92,143.4,5.144
2026-01-16 07:00:00+00:00,143.09,143.36,142.62,143.02,28.087
2026-01-16 08:00:00+00:00,142.88,143.46,142.88,143.46,18.458
2026-01-16 09:00:00+00:00,143.34,143.38,143.04,143.2,7.63
2026-01-16 10:00:00+00:00,143.0,143.17,142.9,143.08,0.948
2026-01-16 11:00:00+00:00,143.01,143.16,143.01,143.09,0.509
2026-01-16 12:00:00+00:00,143.52,143.81,143.52,143.66,33.207
2026-01-16 13:00:00+00:00,143.67,143.67,142.76,143.1,15.843
2026-01-16 14:00:00+00:00,143.1,143.74,143.1,143.13,26.066
2026-01-16 15:00:00+00:00,142.83,143.68,140.35,140.89,210.251
2026-01-16 16:00:00+00:00,140.96,141.92,140.96,141.92,13.224
2026-01-16 17:00:00+00:00,141.75,143.36,141.44,143.36,42.1
2026-01-16 18:00:00+00:00,143.34,144.03,143.07,143.65,161.335
2026-01-16 19:00:00+00:00,143.49,144.5,143.01,144.08,84.783
2026-01-16 20:00:00+00:00,144.15,144.97,143.6,144.97,38.938
2026-01-16 21:00:00+00:00,144.98,145.5,144.77,145.22,423.301
2026-01-16 22:00:00+00:00,144.88,145.02,144.67,144.91,113.438
2026-01-16 23:00:00+00:00,144.93,145.12,144.82,144.9,19.775
2026-01-17 00:00:00+00:00,144.95,144.95,144.26,144.38,148.306
2026-01-17 01:00:00+00:00,144.41,144.71,144.36,144.71,54.539
2026-01-17 02:00:00+00:00,144.69,144.69,144.28,144.58,4.964
2026-01-17 03:00:00+00:00,144.46,144.5,144.27,144.47,9.597
2026-01-17 04:00:00+00:00,144.33,144.48,144.25,144.42,17.255
2026-01-17 05:00:00+00:00,144.28,144.28,143.95,143.95,27.939
2026-01-17 06:00:00+00:00,144.01,144.02,143.75,143.92,20.563
2026-01-17 07:00:00+00:00,143.74,143.89,143.62,143.79,45.499
2026-01-17 08:00:00+00:00,143.76,143.88,143.67,143.88,9.368
2026-01-17 09:00:00+00:00,144.19,144.59,143.97,144.48,282.31
2026-01-17 10:00:00+00:00,144.48,144.56,143.97,144.17,35.811
2026-01-17 11:00:00+00:00,143.88,144.09,143.44,143.87,39.144
2026-01-17 12:00:00+00:00,143.97,143.98,143.76,143.76,23.662
2026-01-17 13:00:00+00:00,143.81,144.19,143.71,144.05,54.352
2026-01-17 14:00:00+00:00,143.8,144.3,143.8,143.89,19.705
2026-01-17 15:00:00+00:00,143.92,144.28,143.79,144.28,53.001
2026-01-17 16:00:00+00:00,144.22,144.34,143.87,143.88,118.329
2026-01-17 17:00:00+00:00,144.01,144.21,143.96,144.21,15.248
2026-01-17 18:00:00+00:00,144.09,144.31,143.98,144.31,21.04
2026-01-17 19:00:00+00:00,144.3,144.5,144.11,144.25,9.841
2026-01-17 20:00:00+00:00,144.26,144.55,144.23,144.52,364.018
2026-01-17 21:00:00+00:00,144.56,144.56,144.21,144.21,12.722
2026-01-17 22:00:00+00:00,144.26,144.26,143.55,143.71,31.199
2026-01-17 23:00:00+00:00,143.94,144.27,143.7,143.75,41.139
2026-01-18 00:00:00+00:00,143.79,143.86,143.14,143.14,89.402
2026-01-18 01:00:00+00:00,143.2,143.35,142.17,142.63,526.167
2026-01-18 02:00:00+00:00,142.9,142.9,141.93,142.27,209.264
2026-01-18 03:00:00+00:00,142.64,142.9,142.42,142.82,74.678
2026-01-18 04:00:00+00:00,142.81,142.94,142.7,142.9,45.919
2026-01-18 05:00:00+00:00,142.8,142.96,142.75,142.96,11.866
2026-01-18 06:00:00+00:00,142.83,143.0,142.61,142.61,167.953
2026-01-18 07:00:00+00:00,142.68,142.71,142.1,142.1,51.202
2026-01-18 08:00:00+00:00,141.99,142.47,141.99,142.46,14.573
2026-01-18 09:00:00+00:00,142.47,142.5,142.47,142.5,0.36
2026-01-18 10:00:00+00:00,142.24,142.24,142.24,142.24,21.091
2026-01-18 11:00:00+00:00,142.24,142.24,142.24,142.24,0.18
2026-01-18 12:00:00+00:00,142.27,142.48,142.27,142.33,1.218
2026-01-18 13:00:00+00:00,142.1,142.45,142.09,142.44,128.163
2026-01-18 14:00:00+00:00,142.28,142.68,141.67,141.67,25.945
2026-01-18 15:00:00+00:00,141.6,142.05,141.6,141.87,28.954
2026-01-18 16:00:00+00:00,141.87,142.18,141.86,142.1,241.719
2026-01-18 17:00:00+00:00,142.09,142.51,142.01,142.35,93.923
2026-01-18 18:00:00+00:00,142.35,142.88,142.2,142.75,73.255
2026-01-18 19:00:00+00:00,142.84,143.17,142.22,142.28,73.275
2026-01-18 20:00:00+00:00,142.24,142.55,141.94,142.38,28.846
2026-01-18 21:00:00+00:00,142.56,142.76,142.56,142.68,5.186
2026-01-18 22:00:00+00:00,142.83,143.0,142.48,142.8,60.15
2026-01-18 23:00:00+00:00,142.68,142.71,137.81,137.81,1900.248
2026-01-19 00:00:00+00:00,137.82,138.0,130.12,133.82,3959.738
2026-01-19 01:00:00+00:00,133.61,134.43,133.59,133.74,259.275
2026-01-19 02:00:00+00:00,133.53,133.99,133.44,133.82,19.991
2026-01-19 03:00:00+00:00,133.79,134.12,133.78,134.0,107.055
2026-01-19 04:00:00+00:00,133.75,133.98,133.61,133.83,49.708
2026-01-19 05:00:00+00:00,133.74,133.98,133.42,133.44,542.664
2026-01-19 06:00:00+00:00,133.33,133.44,132.87,133.23,25.237
2026-01-19 07:00:00+00:00,133.34,133.53,133.18,133.53,338.379
2026-01-19 08:00:00+00:00,133.35,134.03,133.35,133.93,293.034
2026-01-19 09:00:00+00:00,133.81,133.97,133.67,133.77,40.145
2026-01-19 10:00:00+00:00,133.62,133.86,133.53,133.71,22.202
2026-01-19 11:00:00+00:00,133.7,134.29,133.7,134.24,142.146
2026-01-19 12:00:00+00:00,134.08,134.14,133.73,133.94,65.173
2026-01-19 13:00:00+00:00,134.02,134.03,133.75,133.75,279.76
2026-01-19 14:00:00+00:00,133.72,133.72,133.33,133.43,17.627
2026-01-19 15:00:00+00:00,133.56,133.77,133.45,133.5,21.476
2026-01-19 16:00:00+00:00,133.94,134.61,133.94,134.61,16.225
2026-01-19 17:00:00+00:00,134.49,134.5,134.13,134.26,55.598
2026-01-19 18:00:00+00:00,134.27,134.42,133.96,134.29,32.647
2026-01-19 19:00:00+00:00,134.44,134.63,134.04,134.42,69.11
2026-01-19 20:00:00+00:00,134.52,135.15,134.49,134.68,73.514
2026-01-19 21:00:00+00:00,134.81,135.0,134.15,134.21,8.317
2026-01-19 22:00:00+00:00,134.06,134.2,133.0,133.0,109.625
2026-01-19 23:00:00+00:00,133.26,133.89,132.82,133.41,245.891
2026-01-20 00:00:00+00:00,133.66,133.88,133.24,133.77,349.254
2026-01-20 01:00:00+00:00,133.7,134.12,133.41,134.0,42.531
2026-01-20 02:00:00+00:00,133.5,134.07,133.42,133.91,297.618
2026-01-20 03:00:00+00:00,133.91,134.56,133.61,134.32,572.525
2026-01-20 04:00:00+00:00,134.18,134.18,133.34,133.5,110.971
2026-01-20 05:00:00+00:00,133.27,133.34,132.49,133.3,452.568
2026-01-20 06:00:00+00:00,132.96,132.96,131.1,131.16,1331.417
2026-01-20 07:00:00+00:00,131.38,131.65,130.6,130.6,340.211
2026-01-20 08:00:00+00:00,130.73,130.75,128.44,128.89,1316.42
2026-01-20 09:00:00+00:00,128.8,129.07,128.74,128.83,78.634
2026-01-20 10:00:00+00:00,129.25,129.26,128.85,128.92,73.234
2026-01-20 11:00:00+00:00,129.14,129.42,128.79,128.79,67.297
2026-01-20 12:00:00+00:00,129.09,129.44,129.09,129.34,60.899
2026-01-20 13:00:00+00:00,129.17,129.17,128.44,128.47,313.513
2026-01-20 14:00:00+00:00,128.42,129.6,128.01,128.97,2868.658
2026-01-20 15:00:00+00:00,128.88,128.89,127.27,127.69,2751.459
2026-01-20 16:00:00+00:00,127.92,128.55,126.31,127.08,730.276
2026-01-20 17:00:00+00:00,127.0,127.85,126.44,127.13,1378.318
2026-01-20 18:00:00+00:00,127.31,127.63,126.85,127.15,78.505
2026-01-20 19:00:00+00:00,127.23,127.46,126.65,127.39,337.069
2026-01-20 20:00:00+00:00,127.15,128.01,127.08,127.82,464.439
2026-01-20 21:00:00+00:00,127.77,127.87,127.1,127.1,23.462
2026-01-20 22:00:00+00:00,127.03,127.44,124.79,126.38,694.073
2026-01-20 23:00:00+00:00,126.06,126.44,125.77,125.81,26.244
2026-01-21 00:00:00+00:00,125.82,127.48,125.75,127.36,279.655
2026-01-21 01:00:00+00:00,127.37,127.88,127.24,127.41,191.515
2026-01-21 02:00:00+00:00,127.54,127.76,126.83,126.89,71.021
2026-01-21 03:00:00+00:00,126.97,127.77,126.95,127.55,107.886
2026-01-21 04:00:00+00:00,127.69,128.05,127.61,127.79,29.187
2026-01-21 05:00:00+00:00,127.78,128.69,127.78,128.67,432.506
2026-01-21 06:00:00+00:00,128.34,128.57,128.03,128.11,40.243
2026-01-21 07:00:00+00:00,128.25,128.35,127.53,127.53,52.672
2026-01-21 08:00:00+00:00,127.55,127.62,127.05,127.05,19.98
2026-01-21 09:00:00+00:00,127.19,127.68,127.19,127.57,196.002
2026-01-21 10:00:00+00:00,127.43,128.07,127.43,127.78,26.44
2026-01-21 11:00:00+00:00,127.51,127.89,126.84,126.86,267.346
2026-01-21 12:00:00+00:00,126.96,127.41,126.28,127.23,1201.757
2026-01-21 13:00:00+00:00,127.39,127.52,126.85,127.38,234.685
2026-01-21 14:00:00+00:00,127.45,129.74,127.45,129.56,1884.232
2026-01-21 15:00:00+00:00,129.55,131.16,129.45,130.4,1490.388
2026-01-21 16:00:00+00:00,130.45,130.45,125.56,125.56,115.546
2026-01-21 17:00:00+00:00,125.65,126.94,125.47,126.88,184.195
2026-01-21 18:00:00+00:00,126.7,127.77,126.66,127.77,34.421
2026-01-21 19:00:00+00:00,127.65,131.53,127.36,131.52,150.598
2026-01-21 20:00:00+00:00,131.52,131.52,130.12,131.16,306.791
2026-01-21 21:00:00+00:00,131.0,132.09,130.95,131.21,159.123
2026-01-21 22:00:00+00:00,131.5,131.82,130.57,130.81,45.398
2026-01-21 23:00:00+00:00,130.71,130.95,129.24,129.39,54.636
2026-01-22 00:00:00+00:00,129.83,130.36,129.83,130.2,250.02
2026-01-22 01:00:00+00:00,130.24,130.5,129.89,130.27,80.993
2026-01-22 02:00:00+00:00,130.39,130.58,129.73,129.73,146.237
2026-01-22 03:00:00+00:00,129.9,130.33,129.72,129.86,15.122
2026-01-22 04:00:00+00:00,130.18,130.49,130.18,130.49,39.85
2026-01-22 05:00:00+00:00,130.46,130.49,130.12,130.22,27.62
2026-01-22 06:00:00+00:00,130.32,130.33,129.7,130.33,12.225
2026-01-22 07:00:00+00:00,130.34,130.34,130.0,130.08,16.902
2026-01-22 08:00:00+00:00,129.93,130.09,129.6,129.64,10.391
2026-01-22 09:00:00+00:00,129.76,129.96,129.76,129.96,6.14
2026-01-22 10:00:00+00:00,130.28,130.34,130.16,130.16,11.335
2026-01-22 11:00:00+00:00,130.23,130.23,129.93,129.93,0.671
2026-01-22 12:00:00+00:00,130.25,130.43,130.1,130.1,23.254
2026-01-22 13:00:00+00:00,130.09,130.89,129.12,129.24,22.819
2026-01-22 14:00:00+00:00,129.33,129.68,127.87,127.87,64.585
2026-01-22 15:00:00+00:00,127.85,128.47,126.83,127.41,510.534
2026-01-22 16:00:00+00:00,127.87,128.26,127.01,127.85,23.188
2026-01-22 17:00:00+00:00,128.05,128.73,127.68,128.63,129.829
2026-01-22 18:00:00+00:00,128.32,128.79,127.72,127.72,80.846
2026-01-22 19:00:00+00:00,127.78,129.34,127.78,129.27,127.109
2026-01-22 20:00:00+00:00,129.33,129.79,128.44,128.53,40.94
2026-01-22 21:00:00+00:00,128.53,128.88,128.43,128.59,49.867
2026-01-22 22:00:00+00:00,128.18,128.58,128.07,128.58,33.226
2026-01-22 23:00:00+00:00,128.41,128.57,128.21,128.39,21.051
2026-01-23 00:00:00+00:00,128.49,128.53,128.33,128.41,45.81
2026-01-23 01:00:00+00:00,128.59,128.88,128.37,128.88,29.37
2026-01-23 02:00:00+00:00,128.95,128.95,128.2,128.29,21.298
2026-01-23 03:00:00+00:00,128.18,128.8,128.18,128.77,97.548
2026-01-23 04:00:00+00:00,128.76,129.28,128.55,129.22,81.098
2026-01-23 05:00:00+00:00,129.09,129.09,128.44,128.51,94.155
2026-01-23 06:00:00+00:00,128.72,128.96,127.22,127.22,58.825
2026-01-23 07:00:00+00:00,127.59,128.13,127.59,127.92,66.603
2026-01-23 08:00:00+00:00,127.86,127.86,127.02,127.24,12.874
2026-01-23 09:00:00+00:00,127.33,127.33,127.11,127.11,5.934
2026-01-23 10:00:00+00:00,127.15,127.34,127.15,127.31,4.937
2026-01-23 11:00:00+00:00,127.66,127.77,127.6,127.62,12.925
2026-01-23 12:00:00+00:00,127.51,127.51,127.33,127.38,5.934
2026-01-23 13:00:00+00:00,127.2,127.38,126.76,126.76,87.657
2026-01-23 14:00:00+00:00,126.92,127.18,125.47,125.93,162.624
2026-01-23 15:00:00+00:00,126.17,128.08,125.72,127.64,176.809
2026-01-23 16:00:00+00:00,127.92,129.16,127.77,128.44,94.28
2026-01-23 17:00:00+00:00,128.18,130.13,128.02,128.57,132.127
2026-01-23 18:00:00+00:00,128.44,129.47,128.32,129.08,18.445
2026-01-23 19:00:00+00:00,128.57,129.12,127.87,127.99,43.257
2026-01-23 20:00:00+00:00,127.93,128.18,126.61,126.61,104.406
2026-01-23 21:00:00+00:00,127.1,127.49,127.1,127.23,349.751
2026-01-23 22:00:00+00:00,127.13,127.81,127.13,127.59,107.39
2026-01-23 23:00:00+00:00,127.36,127.52,127.36,127.41,14.519
2026-01-24 00:00:00+00:00,127.43,127.54,127.35,127.46,35.695
2026-01-24 01:00:00+00:00,127.47,127.58,127.47,127.52,12.601
2026-01-24 02:00:00+00:00,127.61,127.66,127.5,127.66,27.198
2026-01-24 03:00:00+00:00,127.74,128.08,127.74,127.95,30.638
2026-01-24 04:00:00+00:00,128.03,128.06,127.73,127.88,36.843
2026-01-24 05:00:00+00:00,127.85,127.87,127.67,127.78,20.282
2026-01-24 06:00:00+00:00,127.76,127.76,127.64,127.68,3.274
2026-01-24 07:00:00+00:00,127.63,127.69,127.09,127.22,46.09
2026-01-24 08:00:00+00:00,127.16,127.36,127.02,127.36,7.437
2026-01-24 09:00:00+00:00,127.25,127.25,127.12,127.15,2.281
2026-01-24 10:00:00+00:00,127.21,127.21,127.2,127.2,0.97
2026-01-24 11:00:00+00:00,127.24,127.29,127.24,127.26,8.089
2026-01-24 12:00:00+00:00,127.2,127.33,127.2,127.33,7.93
2026-01-24 13:00:00+00:00,127.24,127.24,127.19,127.19,0.534
2026-01-24 14:00:00+00:00,126.98,127.27,126.98,127.19,29.988
2026-01-24 15:00:00+00:00,127.2,127.38,126.86,126.88,113.49
2026-01-24 16:00:00+00:00,126.86,126.96,126.72,126.86,12.388
2026-01-24 17:00:00+00:00,127.06,127.26,126.95,127.22,44.239
2026-01-24 18:00:00+00:00,127.28,127.44,127.22,127.44,14.89
2026-01-24 19:00:00+00:00,127.5,127.5,127.29,127.32,37.27
2026-01-24 20:00:00+00:00,127.39,127.45,127.27,127.27,34.078
2026-01-24 21:00:00+00:00,127.29,127.33,127.1,127.1,15.41
2026-01-24 22:00:00+00:00,127.13,127.65,127.13,127.58,51.413
2026-01-24 23:00:00+00:00,127.77,127.77,127.15,127.21,78.187
2026-01-25 00:00:00+00:00,127.43,127.49,126.92,127.18,24.408
2026-01-25 01:00:00+00:00,127.44,127.44,127.08,127.08,5.09
2026-01-25 02:00:00+00:00,127.16,127.29,127.02,127.07,35.245
2026-01-25 03:00:00+00:00,127.1,127.1,126.37,126.56,20.197
2026-01-25 04:00:00+00:00,126.86,126.86,126.56,126.67,4.19
2026-01-25 05:00:00+00:00,126.82,126.91,126.67,126.86,6.231
2026-01-25 06:00:00+00:00,126.62,126.69,126.62,126.66,4.036
2026-01-25 07:00:00+00:00,126.73,126.73,126.54,126.57,4.441
2026-01-25 08:00:00+00:00,126.58,126.79,126.03,126.33,31.312
2026-01-25 09:00:00+00:00,126.25,126.74,126.25,126.74,37.081
2026-01-25 10:00:00+00:00,126.7,127.11,126.7,127.0,19.715
2026-01-25 11:00:00+00:00,126.71,126.71,126.71,126.71,2.763
2026-01-25 12:00:00+00:00,126.83,127.01,126.72,127.01,8.813
2026-01-25 13:00:00+00:00,126.87,126.87,126.54,126.54,0.646
2026-01-25 14:00:00+00:00,126.99,126.99,125.65,126.12,127.846
2026-01-25 15:00:00+00:00,126.0,126.17,125.5,125.55,84.838
2026-01-25 16:00:00+00:00,125.47,125.47,122.22,122.97,1667.078
2026-01-25 17:00:00+00:00,122.94,122.94,121.66,122.25,223.486
2026-01-25 18:00:00+00:00,122.15,122.18,120.82,121.44,140.813
2026-01-25 19:00:00+00:00,121.46,121.83,117.25,117.85,1731.446
2026-01-25 20:00:00+00:00,117.91,118.51,117.53,118.38,950.317
2026-01-25 21:00:00+00:00,118.59,118.84,117.85,118.84,677.652
2026-01-25 22:00:00+00:00,118.64,118.64,118.06,118.11,83.062
2026-01-25 23:00:00+00:00,118.32,119.41,117.59,118.92,636.72
2026-01-26 00:00:00+00:00,118.83,119.68,118.71,119.63,104.989
2026-01-26 01:00:00+00:00,119.65,122.7,119.65,122.38,399.353
2026-01-26 02:00:00+00:00,122.19,122.57,121.36,122.18,179.223
2026-01-26 03:00:00+00:00,122.02,122.26,121.21,121.21,253.89
2026-01-26 04:00:00+00:00,121.66,123.41,121.66,122.53,155.008
2026-01-26 05:00:00+00:00,122.69,122.8,122.45,122.49,24.884
2026-01-26 06:00:00+00:00,122.34,122.61,122.25,122.46,18.698
2026-01-26 07:00:00+00:00,122.44,122.96,122.35,122.89,23.543
2026-01-26 08:00:00+00:00,122.94,123.44,122.38,122.73,167.31
2026-01-26 09:00:00+00:00,122.36,122.36,121.83,121.92,28.029
2026-01-26 10:00:00+00:00,122.5,122.63,122.4,122.5,443.809
2026-01-26 11:00:00+00:00,122.59,122.6,122.45,122.53,14.885
2026-01-26 12:00:00+00:00,122.65,122.96,122.48,122.48,83.611
2026-01-26 13:00:00+00:00,122.75,123.24,122.6,123.24,13.466
2026-01-26 14:00:00+00:00,123.16,124.05,122.87,123.83,57.562
2026-01-26 15:00:00+00:00,123.4,125.16,123.13,123.49,59.896
2026-01-26 16:00:00+00:00,123.63,124.79,123.31,124.6,142.585
2026-01-26 17:00:00+00:00,124.54,124.54,123.18,124.39,342.395
2026-01-26 18:00:00+00:00,124.23,125.53,124.16,124.62,126.285
2026-01-26 19:00:00+00:00,125.02,125.13,124.21,124.21,58.525
2026-01-26 20:00:00+00:00,124.38,124.43,123.51,123.51,9.006
2026-01-26 21:00:00+00:00,123.7,124.68,123.57,124.43,18.675
2026-01-26 22:00:00+00:00,124.57,124.73,124.33,124.65,27.676
2026-01-26 23:00:00+00:00,124.25,124.61,124.2,124.2,12.216
2026-01-27 00:00:00+00:00,124.14,124.33,123.99,124.15,88.255
2026-01-27 01:00:00+00:00,123.86,124.61,123.8,124.3,77.481
2026-01-27 02:00:00+00:00,124.64,125.12,124.51,124.98,265.405
2026-01-27 03:00:00+00:00,124.97,125.14,124.46,124.68,43.873
2026-01-27 04:00:00+00:00,124.6,124.97,124.35,124.35,38.986
2026-01-27 05:00:00+00:00,124.47,124.55,124.15,124.3,15.42
2026-01-27 06:00:00+00:00,124.54,124.56,124.17,124.17,3.623
2026-01-27 07:00:00+00:00,124.29,124.38,124.29,124.38,26.383
2026-01-27 08:00:00+00:00,124.67,124.76,124.16,124.16,10.14
2026-01-27 09:00:00+00:00,124.05,124.05,123.65,123.75,14.031
2026-01-27 10:00:00+00:00,124.01,124.01,123.69,123.69,23.088
2026-01-27 11:00:00+00:00,123.82,124.14,123.75,124.0,121.037
2026-01-27 12:00:00+00:00,124.23,124.23,124.13,124.13,2.398
2026-01-27 13:00:00+00:00,123.85,123.85,123.18,123.23,25.511
2026-01-27 14:00:00+00:00,123.23,124.5,123.23,123.74,674.278
2026-01-27 15:00:00+00:00,123.94,125.0,123.57,125.0,60.389
2026-01-27 16:00:00+00:00,125.13,126.7,125.13,126.12,224.619
2026-01-27 17:00:00+00:00,126.13,126.13,123.57,124.0,87.267
2026-01-27 18:00:00+00:00,124.35,126.25,124.22,126.16,115.322
2026-01-27 19:00:00+00:00,125.85,126.29,125.58,125.8,48.05
2026-01-27 20:00:00+00:00,125.83,127.5,125.83,127.43,300.123
2026-01-27 21:00:00+00:00,127.31,127.77,126.96,127.0,135.028
2026-01-27 22:00:00+00:00,127.34,127.77,127.15,127.68,9.572
2026-01-27 23:00:00+00:00,127.43,127.62,127.34,127.44,11.634
2026-01-28 00:00:00+00:00,127.11,127.24,126.65,127.03,55.195
2026-01-28 01:00:00+00:00,127.3,127.5,126.89,127.1,596.157
2026-01-28 02:00:00+00:00,127.06,127.2,126.8,126.92,3038.836
2026-01-28 03:00:00+00:00,127.08,127.18,126.58,126.89,3851.884
2026-01-28 04:00:00+00:00,127.04,127.04,126.38,126.69,3352.398
2026-01-28 05:00:00+00:00,126.94,126.94,126.4,126.6,3738.423
2026-01-28 06:00:00+00:00,126.94,127.5,126.84,127.28,3631.539
2026-01-28 07:00:00+00:00,127.35,127.56,126.9,126.94,3525.199
2026-01-28 08:00:00+00:00,127.04,127.2,126.61,126.62,3910.119
2026-01-28 09:00:00+00:00,126.75,127.58,126.03,127.28,3242.277
2026-01-28 10:00:00+00:00,127.29,128.07,127.23,127.23,3148.501
2026-01-28 11:00:00+00:00,127.16,128.3,127.12,128.09,2639.31
2026-01-28 12:00:00+00:00,128.09,128.09,127.03,127.15,3300.304
2026-01-28 13:00:00+00:00,127.25,127.78,126.92,127.36,4194.907
2026-01-28 14:00:00+00:00,127.25,127.32,126.49,126.92,2943.353
2026-01-28 15:00:00+00:00,126.78,127.06,125.62,126.02,2140.395
2026-01-28 16:00:00+00:00,126.05,126.47,125.61,126.14,3431.523
2026-01-28 17:00:00+00:00,126.06,127.03,125.48,126.59,3326.569
2026-01-28 18:00:00+00:00,126.5,126.5,125.64,125.97,3072.878
2026-01-28 19:00:00+00:00,126.44,126.75,125.32,125.95,2818.356
2026-01-28 20:00:00+00:00,126.22,126.65,125.35,125.61,2726.864
2026-01-28 21:00:00+00:00,125.51,125.88,124.84,125.4,1895.31
2026-01-28 22:00:00+00:00,125.57,125.76,125.25,125.72,40.26
2026-01-28 23:00:00+00:00,125.61,125.63,125.1,125.21,32.157
2026-01-29 00:00:00+00:00,125.38,125.5,124.39,125.03,816.018
2026-01-29 01:00:00+00:00,125.13,125.25,124.1,124.27,3441.086
2026-01-29 02:00:00+00:00,124.25,124.64,123.18,123.45,2991.982
2026-01-29 03:00:00+00:00,123.45,123.68,122.64,123.0,3263.294
2026-01-29 04:00:00+00:00,123.06,123.47,122.45,123.36,3645.866
2026-01-29 05:00:00+00:00,123.48,123.81,122.99,122.99,3858.855
2026-01-29 06:00:00+00:00,123.31,123.65,123.15,123.56,3915.326
2026-01-29 07:00:00+00:00,123.64,124.0,123.61,123.75,3865.566
2026-01-29 08:00:00+00:00,123.59,123.74,123.16,123.23,3895.466
2026-01-29 09:00:00+00:00,123.28,123.34,122.94,122.94,3587.308
2026-01-29 10:00:00+00:00,123.04,123.24,122.93,123.18,3264.559
2026-01-29 11:00:00+00:00,123.13,123.28,122.65,122.86,3613.113
2026-01-29 12:00:00+00:00,122.87,123.15,122.54,122.64,3602.659
2026-01-29 13:00:00+00:00,122.88,123.18,122.56,122.72,4004.354
2026-01-29 14:00:00+00:00,122.95,123.11,120.36,120.36,3209.29
2026-01-29 15:00:00+00:00,120.34,120.37,116.17,117.65,531.642
2026-01-29 16:00:00+00:00,117.65,118.91,116.87,118.87,411.47
2026-01-29 17:00:00+00:00,118.95,119.85,117.94,117.96,150.687
2026-01-29 18:00:00+00:00,117.91,118.22,115.43,115.88,395.807
2026-01-29 19:00:00+00:00,115.75,117.0,115.5,116.94,114.083
2026-01-29 20:00:00+00:00,116.67,117.39,116.67,116.78,479.786
2026-01-29 21:00:00+00:00,117.32,117.64,117.14,117.5,26.87
2026-01-29 22:00:00+00:00,117.46,117.81,117.37,117.62,50.112
2026-01-29 23:00:00+00:00,117.41,117.8,117.32,117.78,53.71
2026-01-30 00:00:00+00:00,117.93,118.01,117.61,117.63,248.927
2026-01-30 01:00:00+00:00,117.54,117.78,112.19,115.39,1001.218
2026-01-30 02:00:00+00:00,115.33,115.33,113.26,114.04,155.562
2026-01-30 03:00:00+00:00,114.16,114.67,113.63,114.64,58.589
2026-01-30 04:00:00+00:00,114.62,115.89,114.62,115.69,149.237
2026-01-30 05:00:00+00:00,115.71,116.08,115.53,115.62,60.481
2026-01-30 06:00:00+00:00,115.31,115.35,113.11,113.74,62.53
2026-01-30 07:00:00+00:00,114.09,116.08,114.09,115.89,60.535
2026-01-30 08:00:00+00:00,115.64,116.0,115.64,116.0,23.109
2026-01-30 09:00:00+00:00,115.49,115.86,114.78,115.6,20.241
2026-01-30 10:00:00+00:00,115.18,115.87,115.18,115.87,10.373
2026-01-30 11:00:00+00:00,115.92,117.17,115.92,117.01,23.787
2026-01-30 12:00:00+00:00,117.17,117.22,116.08,116.08,52.763
2026-01-30 13:00:00+00:00,116.38,116.38,115.46,115.7,115.011
2026-01-30 14:00:00+00:00,115.97,117.57,115.97,116.18,55.95
2026-01-30 15:00:00+00:00,116.36,117.03,114.74,116.59,80.37
2026-01-30 16:00:00+00:00,116.83,117.97,116.6,116.9,358.251
2026-01-30 17:00:00+00:00,116.85,117.55,116.67,116.9,109.691
2026-01-30 18:00:00+00:00,116.6,118.51,114.36,118.51,184.879
2026-01-30 19:00:00+00:00,118.24,119.04,118.24,118.86,121.592
2026-01-30 20:00:00+00:00,118.26,118.46,116.55,117.07,191.706
2026-01-30 21:00:00+00:00,117.13,117.92,117.0,117.61,50.546
2026-01-30 22:00:00+00:00,117.15,117.38,116.76,117.33,14.683
2026-01-30 23:00:00+00:00,117.39,117.55,117.06,117.55,21.193
2026-01-31 00:00:00+00:00,117.55,118.0,117.55,117.68,33.266
2026-01-31 01:00:00+00:00,118.18,118.43,118.18,118.21,3.81
2026-01-31 02:00:00+00:00,118.12,118.43,117.75,118.43,34.484
2026-01-31 03:00:00+00:00,118.45,118.5,118.16,118.42,42.509
2026-01-31 04:00:00+00:00,118.52,118.73,118.35,118.35,0.937
2026-01-31 05:00:00+00:00,118.22,118.62,118.06,118.54,33.29
2026-01-31 06:00:00+00:00,118.7,118.8,118.0,118.34,69.007
2026-01-31 07:00:00+00:00,118.54,118.54,117.24,117.43,20.464
2026-01-31 08:00:00+00:00,117.42,117.42,114.3,115.75,396.338
2026-01-31 09:00:00+00:00,115.94,116.79,115.51,116.36,19.953
2026-01-31 10:00:00+00:00,116.17,116.85,116.17,116.85,3.936
2026-01-31 11:00:00+00:00,116.48,116.58,116.05,116.14,22.885
2026-01-31 12:00:00+00:00,115.97,115.97,115.15,115.15,14.763
2026-01-31 13:00:00+00:00,115.15,115.15,113.9,114.17,111.85
2026-01-31 14:00:00+00:00,114.17,114.48,108.4,109.32,916.406
2026-01-31 15:00:00+00:00,109.0,110.07,108.52,108.62,438.008
2026-01-31 16:00:00+00:00,108.62,109.48,105.83,106.28,547.098
2026-01-31 17:00:00+00:00,106.47,106.67,100.5,103.31,1107.587
2026-01-31 18:00:00+00:00,103.66,103.67,96.52,102.01,2688.146
2026-01-31 19:00:00+00:00,102.14,103.46,101.54,102.11,290.218
2026-01-31 20:00:00+00:00,101.96,102.46,100.48,102.04,818.151
2026-01-31 21:00:00+00:00,102.46,103.75,101.36,103.35,286.509
2026-01-31 22:00:00+00:00,103.62,104.3,103.54,104.21,216.032
2026-01-31 23:00:00+00:00,104.12,106.6,103.96,105.27,271.01
2026-02-01 00:00:00+00:00,105.49,106.47,105.38,105.73,72.989
2026-02-01 01:00:00+00:00,105.75,105.75,104.26,105.05,51.976
2026-02-01 02:00:00+00:00,104.96,105.82,104.91,105.82,91.52
2026-02-01 03:00:00+00:00,105.61,105.61,104.52,104.86,115.856
2026-02-01 04:00:00+00:00,104.82,105.48,104.82,105.34,13.985
2026-02-01 05:00:00+00:00,105.14,105.91,104.53,104.67,93.077
2026-02-01 06:00:00+00:00,104.84,105.32,104.67,104.93,102.917
2026-02-01 07:00:00+00:00,105.12,105.99,104.01,105.32,147.014
2026-02-01 08:00:00+00:00,105.37,106.0,104.94,105.74,6.761
2026-02-01 09:00:00+00:00,105.32,105.64,105.28,105.64,2.727
2026-02-01 10:00:00+00:00,105.12,105.12,103.65,103.65,74.064
2026-02-01 11:00:00+00:00,103.82,105.32,103.82,105.06,26.516
2026-02-01 12:00:00+00:00,104.97,105.14,104.14,104.98,102.982
2026-02-01 13:00:00+00:00,105.28,106.66,104.11,104.49,148.332
2026-02-01 14:00:00+00:00,104.42,104.42,101.94,103.0,275.951
2026-02-01 15:00:00+00:00,102.8,102.8,100.38,102.37,224.586
2026-02-01 16:00:00+00:00,101.44,102.73,101.32,102.08,113.812
2026-02-01 17:00:00+00:00,101.86,102.39,101.34,102.39,75.303
2026-02-01 18:00:00+00:00,102.72,104.21,102.72,103.4,101.375
2026-02-01 19:00:00+00:00,103.44,103.44,101.6,101.79,54.093
2026-02-01 20:00:00+00:00,101.73,102.72,100.23,101.44,69.823
2026-02-01 21:00:00+00:00,101.54,101.74,100.18,100.64,138.402
2026-02-01 22:00:00+00:00,100.98,102.72,100.98,102.09,128.677
2026-02-01 23:00:00+00:00,101.44,101.99,98.32,100.7,966.404
2026-02-02 00:00:00+00:00,101.14,102.49,99.91,102.3,220.516
2026-02-02 01:00:00+00:00,102.23,102.86,100.44,102.12,144.487
2026-02-02 02:00:00+00:00,102.26,102.51,100.69,100.69,180.172
2026-02-02 03:00:00+00:00,100.47,100.5,96.0,100.1,997.782
2026-02-02 04:00:00+00:00,100.09,101.47,98.83,100.36,422.292
2026-02-02 05:00:00+00:00,100.13,100.36,97.92,98.36,314.526
2026-02-02 06:00:00+00:00,98.04,101.39,97.15,100.76,658.155
2026-02-02 07:00:00+00:00,100.8,102.39,100.8,101.62,161.871
2026-02-02 08:00:00+00:00,101.66,102.46,101.66,101.9,255.143
2026-02-02 09:00:00+00:00,101.68,103.01,101.68,102.75,69.392
2026-02-02 10:00:00+00:00,103.36,103.45,102.75,102.75,12.317
2026-02-02 11:00:00+00:00,103.01,103.2,103.01,103.01,46.215
2026-02-02 12:00:00+00:00,102.9,103.77,102.86,103.24,19.55
2026-02-02 13:00:00+00:00,103.24,103.43,102.92,103.07,123.72
2026-02-02 14:00:00+00:00,103.28,105.13,102.48,104.0,327.664
2026-02-02 15:00:00+00:00,104.03,106.08,103.87,104.69,256.534
2026-02-02 16:00:00+00:00,104.59,105.62,104.49,104.94,48.57
2026-02-02 17:00:00+00:00,105.3,105.48,104.72,104.72,33.726
2026-02-02 18:00:00+00:00,104.7,104.87,104.02,104.87,60.465
2026-02-02 19:00:00+00:00,104.45,104.62,103.57,103.97,77.983
2026-02-02 20:00:00+00:00,103.81,104.18,103.42,104.06,66.48
2026-02-02 21:00:00+00:00,104.19,104.9,104.19,104.9,95.546
2026-02-02 22:00:00+00:00,104.85,105.12,104.59,104.87,377.144
2026-02-02 23:00:00+00:00,104.79,104.86,104.45,104.55,32.747
2026-02-03 00:00:00+00:00,104.3,104.3,103.82,104.05,317.71
2026-02-03 01:00:00+00:00,104.1,104.34,103.63,104.34,65.891
2026-02-03 02:00:00+00:00,104.3,104.3,102.46,102.46,127.716
2026-02-03 03:00:00+00:00,102.54,104.39,102.21,104.23,34.092
2026-02-03 04:00:00+00:00,104.08,105.07,103.96,104.6,27.89
2026-02-03 05:00:00+00:00,104.46,104.47,103.69,104.08,17.738
2026-02-03 06:00:00+00:00,103.57,104.01,103.1,104.01,19.967
2026-02-03 07:00:00+00:00,103.91,104.67,103.91,104.63,41.512
2026-02-03 08:00:00+00:00,104.71,105.08,104.62,105.08,79.757
2026-02-03 09:00:00+00:00,104.08,104.17,102.61,103.18,67.162
2026-02-03 10:00:00+00:00,103.11,103.18,102.73,102.78,8.155
2026-02-03 11:00:00+00:00,103.1,103.26,103.1,103.1,3.213
2026-02-03 12:00:00+00:00,102.64,103.2,102.55,103.2,5.649
2026-02-03 13:00:00+00:00,103.22,103.55,102.88,103.55,100.913
2026-02-03 14:00:00+00:00,103.57,103.57,100.8,100.82,315.09
2026-02-03 15:00:00+00:00,100.77,102.61,100.5,102.61,229.183
2026-02-03 16:00:00+00:00,102.12,102.12,100.0,100.61,64.777
2026-02-03 17:00:00+00:00,100.39,100.61,99.06,99.15,210.886
2026-02-03 18:00:00+00:00,99.04,99.3,96.79,96.79,587.411
2026-02-03 19:00:00+00:00,97.67,99.97,97.64,99.13,248.305
2026-02-03 20:00:00+00:00,99.0,101.97,98.41,100.65,214.356
2026-02-03 21:00:00+00:00,101.0,101.84,100.22,100.22,35.869
2026-02-03 22:00:00+00:00,100.0,100.0,98.18,98.47,158.527
2026-02-03 23:00:00+00:00,98.25,98.33,97.25,97.73,101.756
2026-02-04 00:00:00+00:00,97.87,98.64,97.2,98.07,20.741
2026-02-04 01:00:00+00:00,98.55,99.56,98.55,99.22,135.029
2026-02-04 02:00:00+00:00,99.0,99.09,97.42,97.42,36.781
2026-02-04 03:00:00+00:00,98.29,99.58,98.25,99.09,108.647
2026-02-04 04:00:00+00:00,98.98,99.25,98.15,98.15,32.354
2026-02-04 05:00:00+00:00,98.04,98.47,96.57,97.1,184.934
2026-02-04 06:00:00+00:00,97.1,98.69,97.1,98.23,113.48
2026-02-04 07:00:00+00:00,97.99,98.11,97.55,97.94,16.717
2026-02-04 08:00:00+00:00,97.82,97.82,96.83,97.62,20.296
2026-02-04 09:00:00+00:00,97.54,97.54,96.89,97.06,2.673
2026-02-04 10:00:00+00:00,97.2,97.2,96.91,96.91,16.343
2026-02-04 11:00:00+00:00,97.07,97.28,94.95,96.21,484.86
2026-02-04 12:00:00+00:00,96.19,96.61,95.88,96.48,44.827
2026-02-04 13:00:00+00:00,96.34,96.37,94.27,94.49,93.475
2026-02-04 14:00:00+00:00,94.56,95.0,92.94,93.19,572.456
2026-02-04 15:00:00+00:00,92.93,93.86,91.43,93.01,172.998
2026-02-04 16:00:00+00:00,92.57,92.89,91.0,92.15,195.308
2026-02-04 17:00:00+00:00,91.95,92.59,90.06,91.32,533.563
2026-02-04 18:00:00+00:00,91.32,93.15,90.45,92.41,484.225
2026-02-04 19:00:00+00:00,92.38,94.63,92.38,94.46,259.688
2026-02-04 20:00:00+00:00,94.07,94.27,93.07,93.26,114.259
2026-02-04 21:00:00+00:00,93.2,93.2,90.76,91.34,273.279
2026-02-04 22:00:00+00:00,91.34,92.86,89.4,90.85,629.707
2026-02-04 23:00:00+00:00,90.65,92.88,90.28,92.05,259.871
2026-02-05 00:00:00+00:00,92.12,92.63,91.65,91.84,96.185
2026-02-05 01:00:00+00:00,91.71,92.84,90.64,91.88,183.575
2026-02-05 02:00:00+00:00,91.99,92.68,90.77,90.84,205.48
2026-02-05 03:00:00+00:00,90.86,91.65,90.28,91.12,204.698
2026-02-05 04:00:00+00:00,91.31,91.82,90.5,91.11,250.356
2026-02-05 05:00:00+00:00,91.26,92.0,89.98,91.11,453.147
2026-02-05 06:00:00+00:00,90.96,90.96,89.83,90.18,138.398
2026-02-05 07:00:00+00:00,90.21,91.65,90.21,90.71,192.107
2026-02-05 08:00:00+00:00,90.97,92.43,90.97,91.94,171.607
2026-02-05 09:00:00+00:00,91.97,93.31,91.91,92.48,147.706
2026-02-05 10:00:00+00:00,92.51,92.51,89.95,90.22,87.9
2026-02-05 11:00:00+00:00,90.3,90.79,88.69,89.96,417.649
2026-02-05 12:00:00+00:00,90.28,90.71,88.81,89.51,170.866
2026-02-05 13:00:00+00:00,89.44,89.66,88.26,88.29,111.573
2026-02-05 14:00:00+00:00,89.0,91.23,88.47,88.47,205.809
2026-02-05 15:00:00+00:00,88.66,88.66,83.61,84.58,870.966
2026-02-05 16:00:00+00:00,84.5,86.17,83.71,85.2,548.191
2026-02-05 17:00:00+00:00,85.11,85.11,82.49,82.82,480.987
2026-02-05 18:00:00+00:00,82.82,83.17,81.22,82.92,549.931
2026-02-05 19:00:00+00:00,82.93,83.25,81.57,81.67,386.536
2026-02-05 20:00:00+00:00,81.8,81.98,77.74,79.01,3335.333
2026-02-05 21:00:00+00:00,78.93,81.12,78.51,78.92,208.383
2026-02-05 22:00:00+00:00,79.16,80.65,77.71,80.0,982.966
2026-02-05 23:00:00+00:00,80.3,81.61,78.18,78.24,272.76
2026-02-06 00:00:00+00:00,78.58,78.74,67.52,75.56,1830.361
2026-02-06 01:00:00+00:00,75.88,79.74,75.7,79.47,608.971
2026-02-06 02:00:00+00:00,79.64,80.22,76.46,76.61,198.296
2026-02-06 03:00:00+00:00,76.97,77.34,75.78,76.65,303.408
2026-02-06 04:00:00+00:00,76.59,77.97,76.39,77.78,329.08
2026-02-06 05:00:00+00:00,77.65,81.6,77.65,81.24,1729.367
2026-02-06 06:00:00+00:00,81.33,81.55,79.49,79.49,145.524
2026-02-06 07:00:00+00:00,79.51,80.53,78.82,79.56,173.141
2026-02-06 08:00:00+00:00,79.16,80.13,78.8,79.01,151.245
2026-02-06 09:00:00+00:00,79.19,81.68,79.02,81.36,206.261
2026-02-06 10:00:00+00:00,81.31,81.97,80.64,80.64,350.547
2026-02-06 11:00:00+00:00,80.55,81.45,80.53,81.19,4648.993
2026-02-06 12:00:00+00:00,81.11,81.92,80.96,81.92,451.727
2026-02-06 13:00:00+00:00,81.89,83.74,81.75,83.22,106.722
2026-02-06 14:00:00+00:00,83.07,85.14,81.96,84.06,211.118
2026-02-06 15:00:00+00:00,84.09,84.94,83.56,84.52,204.237
2026-02-06 16:00:00+00:00,84.06,87.18,83.94,86.71,254.052
2026-02-06 17:00:00+00:00,86.74,88.68,86.29,86.61,398.123
2026-02-06 18:00:00+00:00,86.73,86.79,85.35,86.29,350.705
2026-02-06 19:00:00+00:00,86.2,87.32,85.68,87.24,255.785
2026-02-06 20:00:00+00:00,87.09,87.99,86.68,87.07,212.412
2026-02-06 21:00:00+00:00,87.24,88.13,86.64,88.02,307.581
2026-02-06 22:00:00+00:00,88.02,89.79,87.99,89.29,226.147
2026-02-06 23:00:00+00:00,88.98,89.5,87.49,87.51,126.295
2026-02-07 00:00:00+00:00,87.26,87.26,86.22,86.6,87.431
2026-02-07 01:00:00+00:00,86.24,87.35,85.99,87.35,73.044
2026-02-07 02:00:00+00:00,86.99,87.49,86.88,87.1,16.068
2026-02-07 03:00:00+00:00,87.57,88.32,87.52,88.09,129.85
2026-02-07 04:00:00+00:00,88.1,89.07,87.5,87.51,253.774
2026-02-07 05:00:00+00:00,87.81,88.47,87.6,87.73,100.739
2026-02-07 06:00:00+00:00,88.02,88.06,86.3,86.3,73.681
2026-02-07 07:00:00+00:00,86.29,86.33,84.24,85.44,256.351
2026-02-07 08:00:00+00:00,84.9,85.57,84.8,85.43,173.204
2026-02-07 09:00:00+00:00,85.37,85.57,84.9,85.18,24.419
2026-02-07 10:00:00+00:00,85.08,85.15,84.58,85.07,10.644
2026-02-07 11:00:00+00:00,85.01,85.02,84.71,84.71,8.443
2026-02-07 12:00:00+00:00,85.04,87.06,85.04,86.4,15.085
2026-02-07 13:00:00+00:00,86.2,86.26,85.77,86.05,66.171
2026-02-07 14:00:00+00:00,86.24,86.48,85.5,85.5,7.009
2026-02-07 15:00:00+00:00,85.94,86.83,85.94,86.46,45.837
2026-02-07 16:00:00+00:00,86.63,88.04,86.24,86.98,1999.119
2026-02-07 17:00:00+00:00,87.14,87.61,86.66,87.61,45.129
2026-02-07 18:00:00+00:00,87.63,89.13,87.51,89.13,72.834
2026-02-07 19:00:00+00:00,88.65,88.81,88.2,88.2,26.76
2026-02-07 20:00:00+00:00,88.5,88.98,88.04,88.85,33.877
2026-02-07 21:00:00+00:00,88.86,88.96,88.15,88.15,83.951
2026-02-07 22:00:00+00:00,88.3,88.8,88.29,88.4,20.618
2026-02-07 23:00:00+00:00,88.31,88.31,86.96,87.79,40.5
2026-02-08 00:00:00+00:00,87.65,87.66,87.09,87.25,19.619
2026-02-08 01:00:00+00:00,87.38,87.93,87.38,87.89,14.942
2026-02-08 02:00:00+00:00,87.84,88.19,87.17,87.17,20.111
2026-02-08 03:00:00+00:00,87.33,87.45,86.9,86.9,25.546
2026-02-08 04:00:00+00:00,86.85,87.38,86.69,87.31,12.587
2026-02-08 05:00:00+00:00,87.28,87.51,87.18,87.24,8.058
2026-02-08 06:00:00+00:00,87.07,87.49,87.07,87.18,139.076
2026-02-08 07:00:00+00:00,87.28,87.28,86.9,87.21,76.208
2026-02-08 08:00:00+00:00,87.27,88.73,87.27,88.56,26.184
2026-02-08 09:00:00+00:00,88.85,89.02,87.64,87.81,6.934
2026-02-08 10:00:00+00:00,87.97,87.97,86.54,86.86,25.149
2026-02-08 11:00:00+00:00,87.18,88.3,87.12,88.27,74.74
2026-02-08 12:00:00+00:00,88.1,88.31,87.74,87.86,57.349
2026-02-08 13:00:00+00:00,87.86,88.73,87.86,88.56,374.292
2026-02-08 14:00:00+00:00,88.62,88.67,88.21,88.31,18.998
2026-02-08 15:00:00+00:00,88.76,88.76,87.45,87.82,21.898
2026-02-08 16:00:00+00:00,87.65,87.67,85.9,86.31,72.111
2026-02-08 17:00:00+00:00,86.44,87.02,86.44,86.88,221.221
2026-02-08 18:00:00+00:00,87.07,88.52,87.07,87.81,153.691
2026-02-08 19:00:00+00:00,87.97,88.52,87.89,88.45,35.535
2026-02-08 20:00:00+00:00,88.02,88.02,86.87,86.87,206.127
2026-02-08 21:00:00+00:00,87.04,87.27,86.3,86.63,24.519
2026-02-08 22:00:00+00:00,86.64,87.2,86.64,87.2,45.018
2026-02-08 23:00:00+00:00,87.27,89.0,86.19,87.0,196.63
2026-02-09 00:00:00+00:00,87.04,87.1,86.6,87.08,14.513
2026-02-09 01:00:00+00:00,87.2,87.91,85.9,86.44,218.115
2026-02-09 02:00:00+00:00,86.36,87.79,86.36,87.22,61.283
2026-02-09 03:00:00+00:00,87.15,87.74,86.9,87.74,29.274
2026-02-09 04:00:00+00:00,87.71,87.71,87.01,87.04,19.184
2026-02-09 05:00:00+00:00,87.0,87.36,86.94,87.17,339.87
2026-02-09 06:00:00+00:00,86.89,86.89,86.1,86.43,55.896
2026-02-09 07:00:00+00:00,86.17,86.44,85.35,85.61,36.711
2026-02-09 08:00:00+00:00,85.51,85.53,84.05,84.53,17.544
2026-02-09 09:00:00+00:00,84.77,84.77,84.01,84.33,15.867
2026-02-09 10:00:00+00:00,84.11,84.41,82.89,83.36,44.463
2026-02-09 11:00:00+00:00,83.57,83.57,83.38,83.44,35.737
2026-02-09 12:00:00+00:00,83.52,84.34,83.52,84.29,56.743
2026-02-09 13:00:00+00:00,84.04,84.56,83.9,83.9,20.766
2026-02-09 14:00:00+00:00,84.07,85.17,83.64,84.64,87.42
2026-02-09 15:00:00+00:00,85.28,85.69,84.42,85.33,33.278
2026-02-09 16:00:00+00:00,84.92,86.78,84.92,86.18,147.287
2026-02-09 17:00:00+00:00,86.38,88.03,85.84,88.03,190.351
2026-02-09 18:00:00+00:00,87.86,88.53,87.17,87.64,47.262
2026-02-09 19:00:00+00:00,87.52,88.14,87.28,88.02,29.338
2026-02-09 20:00:00+00:00,87.84,88.03,87.46,87.75,5.846
2026-02-09 21:00:00+00:00,87.67,87.7,86.63,87.5,19.471
2026-02-09 22:00:00+00:00,87.46,87.51,87.02,87.04,22.229
2026-02-09 23:00:00+00:00,87.1,87.36,86.73,86.73,11.838
2026-02-10 00:00:00+00:00,86.84,86.84,86.32,86.32,77.46
2026-02-10 01:00:00+00:00,86.47,87.41,86.47,87.32,11.411
2026-02-10 02:00:00+00:00,87.18,87.18,86.49,86.68,91.219
2026-02-10 03:00:00+00:00,86.72,86.78,85.35,85.85,62.941
2026-02-10 04:00:00+00:00,86.17,86.58,86.17,86.57,39.733
2026-02-10 05:00:00+00:00,86.46,86.53,85.7,85.9,59.537
2026-02-10 06:00:00+00:00,85.72,85.72,84.41,84.55,277.71
2026-02-10 07:00:00+00:00,84.82,85.0,84.53,84.61,114.407
2026-02-10 08:00:00+00:00,84.73,84.73,84.19,84.64,8.183
2026-02-10 09:00:00+00:00,84.84,84.94,84.75,84.9,3.561
2026-02-10 10:00:00+00:00,84.51,84.51,84.25,84.25,13.073
2026-02-10 11:00:00+00:00,84.15,84.47,83.78,83.8,28.685
2026-02-10 12:00:00+00:00,84.11,84.33,84.03,84.03,7.932
2026-02-10 13:00:00+00:00,83.88,84.66,83.88,84.66,13.416
2026-02-10 14:00:00+00:00,84.52,85.12,83.37,83.84,43.807
2026-02-10 15:00:00+00:00,83.49,84.41,83.49,84.36,51.104
2026-02-10 16:00:00+00:00,84.34,84.84,84.01,84.51,10.654
2026-02-10 17:00:00+00:00,84.44,85.0,84.22,84.86,68.469
2026-02-10 18:00:00+00:00,84.9,84.9,82.8,82.93,54.574
2026-02-10 19:00:00+00:00,82.89,82.89,82.53,82.77,23.522
2026-02-10 20:00:00+00:00,83.0,83.01,82.4,82.72,89.444
2026-02-10 21:00:00+00:00,82.83,82.84,81.97,82.37,281.348
2026-02-10 22:00:00+00:00,82.54,82.85,82.45,82.83,24.171
2026-02-10 23:00:00+00:00,82.67,82.95,82.5,82.95,10.134
2026-02-11 00:00:00+00:00,83.04,83.66,83.02,83.52,57.408
2026-02-11 01:00:00+00:00,83.46,83.77,83.27,83.63,16.966
2026-02-11 02:00:00+00:00,83.78,84.34,83.66,83.72,87.067
2026-02-11 03:00:00+00:00,83.57,83.72,82.7,83.32,79.959
2026-02-11 04:00:00+00:00,83.26,83.27,81.77,81.98,94.214
2026-02-11 05:00:00+00:00,82.2,82.42,81.9,81.9,637.12
2026-02-11 06:00:00+00:00,81.92,81.92,80.67,80.9,25.373
2026-02-11 07:00:00+00:00,80.83,81.35,80.37,81.35,19.595
2026-02-11 08:00:00+00:00,80.99,81.14,80.95,80.96,3.046
2026-02-11 09:00:00+00:00,81.2,81.24,80.76,80.77,147.038
2026-02-11 10:00:00+00:00,80.86,80.86,80.45,80.55,72.164
2026-02-11 11:00:00+00:00,80.69,81.38,80.69,81.27,33.447
2026-02-11 12:00:00+00:00,81.24,81.49,80.97,81.2,30.263
2026-02-11 13:00:00+00:00,81.2,81.7,80.88,81.52,236.28
2026-02-11 14:00:00+00:00,81.83,83.17,79.82,79.88,253.666
2026-02-11 15:00:00+00:00,80.01,80.19,78.8,80.09,245.807
2026-02-11 16:00:00+00:00,79.91,80.87,78.8,78.92,160.466
2026-02-11 17:00:00+00:00,78.54,79.99,78.02,79.18,189.373
2026-02-11 18:00:00+00:00,79.04,79.91,78.66,79.73,31.691
2026-02-11 19:00:00+00:00,79.71,80.31,79.4,79.77,63.278
2026-02-11 20:00:00+00:00,79.68,79.89,79.03,79.55,57.309
2026-02-11 21:00:00+00:00,79.82,81.04,79.82,80.27,481.0
2026-02-11 22:00:00+00:00,80.06,80.15,79.48,79.53,129.819
2026-02-11 23:00:00+00:00,79.4,79.66,78.81,79.35,101.948
2026-02-12 00:00:00+00:00,79.33,80.2,79.33,80.02,6.039
2026-02-12 01:00:00+00:00,80.26,80.69,80.18,80.36,30.55
2026-02-12 02:00:00+00:00,80.32,80.62,80.03,80.32,43.142
2026-02-12 03:00:00+00:00,80.28,80.56,80.12,80.56,30.226
2026-02-12 04:00:00+00:00,80.51,80.82,80.46,80.48,11.658
2026-02-12 05:00:00+00:00,80.4,80.58,79.48,80.58,151.146
2026-02-12 06:00:00+00:00,80.68,80.97,80.44,80.54,5.185
2026-02-12 07:00:00+00:00,80.47,80.88,80.32,80.82,15.321
2026-02-12 08:00:00+00:00,80.82,80.82,80.54,80.76,2.643
2026-02-12 09:00:00+00:00,80.61,81.82,80.61,81.82,24.402
2026-02-12 10:00:00+00:00,81.9,82.08,81.62,82.08,6.458
2026-02-12 11:00:00+00:00,82.12,82.12,81.77,81.83,18.347
2026-02-12 12:00:00+00:00,81.81,81.81,80.94,80.94,11.526
2026-02-12 13:00:00+00:00,81.05,81.99,80.8,81.97,26.692
2026-02-12 14:00:00+00:00,81.69,81.69,81.04,81.24,22.995
2026-02-12 15:00:00+00:00,81.24,81.49,80.17,80.2,111.648
2026-02-12 16:00:00+00:00,80.06,80.21,78.28,78.35,116.489
2026-02-12 17:00:00+00:00,78.2,78.66,77.6,77.99,174.569
2026-02-12 18:00:00+00:00,78.03,78.4,77.19,77.73,49.378
2026-02-12 19:00:00+00:00,77.9,78.58,77.06,77.5,166.579
2026-02-12 20:00:00+00:00,77.58,77.64,76.66,77.04,86.388
2026-02-12 21:00:00+00:00,77.01,77.54,77.01,77.33,36.197
2026-02-12 22:00:00+00:00,77.35,78.07,77.03,78.07,38.475
2026-02-12 23:00:00+00:00,78.09,78.41,77.89,78.38,49.882
2026-02-13 00:00:00+00:00,78.42,78.67,77.6,77.6,28.222
2026-02-13 01:00:00+00:00,78.09,78.78,78.09,78.39,38.113
2026-02-13 02:00:00+00:00,78.57,79.26,78.52,79.26,25.47
2026-02-13 03:00:00+00:00,79.22,79.44,78.98,78.98,22.185
2026-02-13 04:00:00+00:00,79.02,79.18,78.54,78.7,37.263
2026-02-13 05:00:00+00:00,78.53,78.63,78.29,78.54,11.754
2026-02-13 06:00:00+00:00,78.45,78.75,77.93,78.75,20.935
2026-02-13 07:00:00+00:00,78.72,79.16,78.55,79.05,55.652
2026-02-13 08:00:00+00:00,78.89,79.85,78.88,79.73,62.834
2026-02-13 09:00:00+00:00,79.64,79.85,79.61,79.85,3.454
2026-02-13 10:00:00+00:00,79.98,80.61,79.92,80.61,19.921
2026-02-13 11:00:00+00:00,80.26,80.3,79.99,80.25,32.661
2026-02-13 12:00:00+00:00,80.12,80.15,79.93,79.99,62.21
2026-02-13 13:00:00+00:00,79.96,80.82,79.87,80.29,34.679
2026-02-13 14:00:00+00:00,80.28,81.9,79.89,81.17,97.913
2026-02-13 15:00:00+00:00,81.48,84.3,81.26,83.09,216.159
2026-02-13 16:00:00+00:00,83.19,84.89,83.19,84.51,165.28
2026-02-13 17:00:00+00:00,84.13,84.62,83.69,84.43,83.408
2026-02-13 18:00:00+00:00,84.35,85.5,84.24,85.35,401.768
2026-02-13 19:00:00+00:00,85.41,85.57,84.65,84.65,153.62
2026-02-13 20:00:00+00:00,84.58,85.0,84.39,84.75,60.509
2026-02-13 21:00:00+00:00,84.82,85.21,84.66,84.78,240.576
2026-02-13 22:00:00+00:00,84.88,84.93,84.53,84.55,18.281
2026-02-13 23:00:00+00:00,84.55,84.58,84.22,84.37,60.556
2026-02-14 00:00:00+00:00,84.32,85.07,84.25,85.07,180.905
2026-02-14 01:00:00+00:00,84.87,85.09,84.87,84.99,41.683
2026-02-14 02:00:00+00:00,84.91,85.06,84.77,84.85,66.253
2026-02-14 03:00:00+00:00,84.93,85.32,84.89,85.11,15.422
2026-02-14 04:00:00+00:00,85.02,85.04,84.84,84.91,10.851
2026-02-14 05:00:00+00:00,84.77,85.03,84.66,84.66,71.607
2026-02-14 06:00:00+00:00,84.41,84.92,84.41,84.92,6.437
2026-02-14 07:00:00+00:00,84.83,85.21,84.8,85.2,25.616
2026-02-14 08:00:00+00:00,85.19,86.39,85.19,86.34,199.456
2026-02-14 09:00:00+00:00,86.35,86.35,85.9,86.04,5.966
2026-02-14 10:00:00+00:00,85.9,86.02,85.8,85.83,9.973
2026-02-14 11:00:00+00:00,85.94,87.36,85.94,87.3,84.188
2026-02-14 12:00:00+00:00,87.29,87.29,86.39,86.44,244.415
2026-02-14 13:00:00+00:00,86.6,86.93,86.08,86.43,140.413
2026-02-14 14:00:00+00:00,86.57,87.4,86.53,87.27,185.352
2026-02-14 15:00:00+00:00,87.24,87.7,87.15,87.49,37.578
2026-02-14 16:00:00+00:00,87.48,88.21,87.09,88.14,207.22
2026-02-14 17:00:00+00:00,88.08,88.42,87.9,87.96,52.976
2026-02-14 18:00:00+00:00,87.99,88.24,87.82,87.99,76.218
2026-02-14 19:00:00+00:00,87.93,88.3,87.68,88.2,19.157
2026-02-14 20:00:00+00:00,88.38,88.41,87.73,88.17,36.443
2026-02-14 21:00:00+00:00,88.23,88.32,87.42,87.97,60.939
2026-02-14 22:00:00+00:00,88.08,88.82,88.08,88.7,72.099
2026-02-14 23:00:00+00:00,88.52,88.84,88.09,88.09,42.21
2026-02-15 00:00:00+00:00,88.07,88.23,87.94,88.23,13.594
2026-02-15 01:00:00+00:00,88.24,88.69,87.65,88.23,49.604
2026-02-15 02:00:00+00:00,88.45,88.45,87.74,88.03,9.409
2026-02-15 03:00:00+00:00,88.08,88.47,87.53,88.47,75.692
2026-02-15 04:00:00+00:00,88.7,89.79,88.35,88.75,426.996
2026-02-15 05:00:00+00:00,89.01,90.0,88.85,89.77,69.562
2026-02-15 06:00:00+00:00,89.66,90.06,89.35,89.4,41.813
2026-02-15 07:00:00+00:00,89.47,90.87,89.45,90.79,51.08
2026-02-15 08:00:00+00:00,90.78,91.2,89.29,89.58,24.95
2026-02-15 09:00:00+00:00,89.82,90.5,89.82,89.85,142.161
2026-02-15 10:00:00+00:00,90.0,90.0,89.18,89.58,36.835
2026-02-15 11:00:00+00:00,89.43,89.77,89.09,89.09,5.428
2026-02-15 12:00:00+00:00,89.26,89.35,87.4,87.4,146.04
2026-02-15 13:00:00+00:00,87.73,88.34,86.9,87.11,48.609
2026-02-15 14:00:00+00:00,87.12,87.57,86.73,87.41,17.779
2026-02-15 15:00:00+00:00,87.37,87.64,87.27,87.27,3.311
2026-02-15 16:00:00+00:00,87.39,87.65,86.96,87.65,39.742
2026-02-15 17:00:00+00:00,87.7,87.75,85.7,86.47,174.257
2026-02-15 18:00:00+00:00,86.44,86.75,86.04,86.17,204.211
2026-02-15 19:00:00+00:00,86.32,86.32,85.32,85.42,90.24
2026-02-15 20:00:00+00:00,85.25,86.01,84.96,85.78,193.902
2026-02-15 21:00:00+00:00,86.02,86.34,85.88,86.2,83.63
2026-02-15 22:00:00+00:00,86.19,86.71,86.01,86.4,90.794
2026-02-15 23:00:00+00:00,86.23,86.23,85.22,86.17,597.006
2026-02-16 00:00:00+00:00,86.06,86.48,85.73,86.2,20.191
2026-02-16 01:00:00+00:00,86.24,86.24,85.44,85.69,53.944
2026-02-16 02:00:00+00:00,85.83,86.14,85.32,85.38,28.764
2026-02-16 03:00:00+00:00,85.46,85.55,84.91,85.12,30.9
2026-02-16 04:00:00+00:00,85.13,85.59,85.13,85.33,11.53
2026-02-16 05:00:00+00:00,85.82,85.82,84.58,84.68,46.063
2026-02-16 06:00:00+00:00,84.88,85.19,84.78,85.16,5.868
2026-02-16 07:00:00+00:00,84.88,85.44,84.88,85.07,38.255
2026-02-16 08:00:00+00:00,85.33,85.43,85.21,85.43,13.568
2026-02-16 09:00:00+00:00,85.52,86.2,85.52,86.02,14.245
2026-02-16 10:00:00+00:00,85.9,86.01,85.64,85.8,2.101
2026-02-16 11:00:00+00:00,85.59,85.7,84.57,85.6,21.533
2026-02-16 12:00:00+00:00,85.46,86.36,85.46,86.16,49.407
2026-02-16 13:00:00+00:00,86.44,86.86,83.91,84.22,98.627
2026-02-16 14:00:00+00:00,84.18,84.65,83.58,84.13,343.68
2026-02-16 15:00:00+00:00,84.18,84.52,82.67,83.31,95.048
2026-02-16 16:00:00+00:00,83.54,84.08,83.33,83.98,117.741
2026-02-16 17:00:00+00:00,84.12,84.72,84.01,84.4,17.011
2026-02-16 18:00:00+00:00,84.59,84.95,84.59,84.59,80.904
2026-02-16 19:00:00+00:00,84.58,85.07,84.28,84.8,24.255
2026-02-16 20:00:00+00:00,84.63,85.41,84.5,85.41,20.493
2026-02-16 21:00:00+00:00,85.22,86.02,85.21,86.02,8.153
2026-02-16 22:00:00+00:00,86.13,86.2,85.86,85.86,40.646
2026-02-16 23:00:00+00:00,85.72,86.59,85.69,86.59,17.537
2026-02-17 00:00:00+00:00,86.47,87.06,86.36,86.55,28.381
2026-02-17 01:00:00+00:00,86.86,87.05,86.23,86.24,29.046
2026-02-17 02:00:00+00:00,86.24,87.62,85.8,87.41,53.771
2026-02-17 03:00:00+00:00,87.33,87.35,86.43,86.43,172.019
2026-02-17 04:00:00+00:00,86.39,86.5,86.15,86.34,66.42
2026-02-17 05:00:00+00:00,86.46,86.46,85.53,86.22,54.338
2026-02-17 06:00:00+00:00,86.41,86.68,86.41,86.59,5.999
2026-02-17 07:00:00+00:00,86.52,86.52,86.23,86.23,9.127
2026-02-17 08:00:00+00:00,86.62,86.62,86.02,86.16,113.045
2026-02-17 09:00:00+00:00,86.17,86.17,85.74,85.85,4.744
2026-02-17 10:00:00+00:00,85.65,85.65,85.05,85.05,4.315
2026-02-17 11:00:00+00:00,84.96,85.13,84.91,85.13,2.539
2026-02-17 12:00:00+00:00,85.17,85.43,84.62,84.68,11.74
2026-02-17 13:00:00+00:00,84.58,85.44,84.46,85.2,13.779
2026-02-17 14:00:00+00:00,84.87,85.36,83.19,83.19,28.726
2026-02-17 15:00:00+00:00,83.41,83.83,82.92,83.58,134.845
2026-02-17 16:00:00+00:00,84.58,85.41,84.15,84.49,27.279
2026-02-17 17:00:00+00:00,84.12,84.25,83.23,83.51,58.221
2026-02-17 18:00:00+00:00,83.61,85.37,83.61,85.37,9.981
2026-02-17 19:00:00+00:00,85.17,85.65,84.71,84.98,86.95
2026-02-17 20:00:00+00:00,84.93,85.14,84.77,85.13,5.472
2026-02-17 21:00:00+00:00,85.13,85.37,84.94,85.08,10.872
2026-02-17 22:00:00+00:00,85.25,85.45,85.05,85.05,20.577
2026-02-17 23:00:00+00:00,84.97,85.35,84.92,85.21,107.29
2026-02-18 00:00:00+00:00,85.1,85.39,84.85,84.85,24.155
2026-02-18 01:00:00+00:00,84.58,84.58,84.0,84.13,71.97
2026-02-18 02:00:00+00:00,84.26,84.97,84.26,84.69,58.05
2026-02-18 03:00:00+00:00,84.68,85.41,84.53,85.41,56.923
2026-02-18 04:00:00+00:00,85.38,85.44,85.08,85.08,4.54
2026-02-18 05:00:00+00:00,85.1,85.22,84.84,84.94,110.828
2026-02-18 06:00:00+00:00,84.95,85.11,84.88,85.11,2.013
2026-02-18 07:00:00+00:00,84.92,84.92,84.68,84.83,15.245
2026-02-18 08:00:00+00:00,85.63,86.02,85.45,85.45,238.985
2026-02-18 09:00:00+00:00,85.57,85.57,85.43,85.43,1.599
2026-02-18 10:00:00+00:00,85.34,85.45,84.43,84.43,325.986
2026-02-18 11:00:00+00:00,84.16,84.2,82.91,82.91,29.811
2026-02-18 12:00:00+00:00,82.85,83.29,82.41,82.9,44.404
2026-02-18 13:00:00+00:00,82.96,83.25,82.37,82.49,97.662
2026-02-18 14:00:00+00:00,82.78,82.87,81.88,82.36,78.651
2026-02-18 15:00:00+00:00,82.7,83.87,82.64,83.02,152.143
2026-02-18 16:00:00+00:00,83.08,83.08,82.13,82.21,57.602
2026-02-18 17:00:00+00:00,82.66,82.92,82.11,82.18,42.235
2026-02-18 18:00:00+00:00,82.35,82.35,80.97,81.33,546.934
2026-02-18 19:00:00+00:00,81.49,81.57,80.51,80.82,188.581
2026-02-18 20:00:00+00:00,80.92,81.59,80.92,81.29,253.697
2026-02-18 21:00:00+00:00,81.3,81.57,81.06,81.24,109.804
2026-02-18 22:00:00+00:00,81.25,81.47,81.1,81.46,40.483
2026-02-18 23:00:00+00:00,81.48,81.61,81.3,81.61,51.459
2026-02-19 00:00:00+00:00,81.56,81.7,81.38,81.6,23.526
2026-02-19 01:00:00+00:00,81.71,81.99,81.65,81.82,83.558
2026-02-19 02:00:00+00:00,81.86,81.89,81.55,81.55,4.096
2026-02-19 03:00:00+00:00,81.6,81.88,81.55,81.8,188.816
2026-02-19 04:00:00+00:00,81.91,82.0,81.49,81.49,167.08
2026-02-19 05:00:00+00:00,81.49,81.94,81.49,81.93,59.379
2026-02-19 06:00:00+00:00,82.08,82.49,82.04,82.35,40.262
2026-02-19 07:00:00+00:00,82.39,82.62,82.03,82.34,186.471
2026-02-19 08:00:00+00:00,82.36,82.37,81.65,81.84,47.649
2026-02-19 09:00:00+00:00,81.8,81.97,81.15,81.24,20.031
2026-02-19 10:00:00+00:00,81.13,81.82,80.94,81.49,144.303
2026-02-19 11:00:00+00:00,81.63,81.91,81.22,81.22,25.061
2026-02-19 12:00:00+00:00,81.22,81.22,80.72,80.78,23.899
2026-02-19 13:00:00+00:00,80.8,80.81,79.67,79.92,304.185
2026-02-19 14:00:00+00:00,80.13,81.29,80.03,81.27,115.654
2026-02-19 15:00:00+00:00,80.9,81.27,80.05,80.6,81.79
2026-02-19 16:00:00+00:00,80.55,80.82,80.04,80.56,71.303
2026-02-19 17:00:00+00:00,80.82,81.9,80.26,80.44,73.109
2026-02-19 18:00:00+00:00,80.45,82.01,80.45,81.83,39.989
2026-02-19 19:00:00+00:00,82.04,82.18,81.13,81.84,51.146
2026-02-19 20:00:00+00:00,81.87,82.32,81.74,82.08,66.488
2026-02-19 21:00:00+00:00,82.04,82.13,81.89,82.04,19.999
2026-02-19 22:00:00+00:00,82.13,82.44,82.02,82.4,81.427
2026-02-19 23:00:00+00:00,82.37,82.5,82.21,82.5,36.132
2026-02-20 00:00:00+00:00,82.42,83.53,82.37,82.96,51.718
2026-02-20 01:00:00+00:00,82.98,83.1,82.75,83.04,21.328
2026-02-20 02:00:00+00:00,83.0,83.31,82.92,82.97,26.774
2026-02-20 03:00:00+00:00,82.99,83.33,82.92,83.14,22.639
2026-02-20 04:00:00+00:00,82.87,83.01,82.43,82.78,16.225
2026-02-20 05:00:00+00:00,82.72,83.72,82.53,83.57,103.958
2026-02-20 06:00:00+00:00,83.3,83.68,83.3,83.68,36.724
2026-02-20 07:00:00+00:00,83.62,83.91,83.45,83.45,39.327
2026-02-20 08:00:00+00:00,83.55,83.55,83.4,83.54,15.359
2026-02-20 09:00:00+00:00,83.94,84.49,83.94,84.31,38.683
2026-02-20 10:00:00+00:00,84.24,84.82,84.16,84.16,37.977
2026-02-20 11:00:00+00:00,83.94,84.14,83.43,83.59,40.217
2026-02-20 12:00:00+00:00,83.59,83.76,83.45,83.74,27.032
2026-02-20 13:00:00+00:00,83.62,83.62,81.89,82.06,211.654
2026-02-20 14:00:00+00:00,82.46,83.35,82.28,83.03,34.946
2026-02-20 15:00:00+00:00,83.49,84.77,82.7,84.4,924.974
2026-02-20 16:00:00+00:00,84.33,84.95,83.75,84.64,377.724
2026-02-20 17:00:00+00:00,84.36,84.5,82.85,84.5,301.411
2026-02-20 18:00:00+00:00,84.46,85.41,83.99,85.18,238.881
2026-02-20 19:00:00+00:00,84.92,84.92,84.42,84.8,32.274
2026-02-20 20:00:00+00:00,84.89,85.22,84.49,84.58,96.211
2026-02-20 21:00:00+00:00,84.6,84.77,84.33,84.56,182.488
2026-02-20 22:00:00+00:00,84.37,84.73,84.12,84.54,75.771
2026-02-20 23:00:00+00:00,84.62,84.64,84.34,84.45,10.205
2026-02-21 00:00:00+00:00,84.7,84.75,84.56,84.6,35.041
2026-02-21 01:00:00+00:00,84.57,84.75,84.48,84.67,9.418
2026-02-21 02:00:00+00:00,84.62,85.03,84.62,84.9,34.277
2026-02-21 03:00:00+00:00,84.45,84.48,84.29,84.33,27.856
2026-02-21 04:00:00+00:00,84.35,84.45,84.16,84.45,8.4
2026-02-21 05:00:00+00:00,84.52,84.56,84.52,84.56,8.93
2026-02-21 06:00:00+00:00,84.56,84.68,84.06,84.15,364.135
2026-02-21 07:00:00+00:00,84.05,84.28,83.99,84.22,47.78
2026-02-21 08:00:00+00:00,84.23,84.44,84.23,84.44,0.317
2026-02-21 09:00:00+00:00,84.84,85.2,84.84,85.12,12.428
2026-02-21 10:00:00+00:00,84.99,85.15,84.95,85.15,21.37
2026-02-21 11:00:00+00:00,85.32,85.67,85.32,85.32,175.673
2026-02-21 12:00:00+00:00,85.41,85.41,85.11,85.12,8.286
2026-02-21 13:00:00+00:00,85.38,85.92,85.2,85.86,38.636
2026-02-21 14:00:00+00:00,85.66,86.63,85.66,86.32,107.396
2026-02-21 15:00:00+00:00,86.33,86.71,86.29,86.58,71.934
2026-02-21 16:00:00+00:00,86.58,86.58,85.92,86.17,154.724
2026-02-21 17:00:00+00:00,85.87,86.45,85.87,86.22,225.373
2026-02-21 18:00:00+00:00,86.34,86.71,86.31,86.55,13.829
2026-02-21 19:00:00+00:00,86.64,86.65,86.21,86.24,79.486
2026-02-21 20:00:00+00:00,86.16,86.16,85.29,85.62,12.695
2026-02-21 21:00:00+00:00,85.56,85.74,85.52,85.74,33.954
2026-02-21 22:00:00+00:00,85.81,85.81,85.42,85.47,40.956
2026-02-21 23:00:00+00:00,85.46,85.46,85.22,85.23,13.7
2026-02-22 00:00:00+00:00,85.1,85.2,84.82,84.97,47.225
2026-02-22 01:00:00+00:00,85.19,85.42,85.19,85.24,40.153
2026-02-22 02:00:00+00:00,85.35,85.57,84.86,85.05,328.829
2026-02-22 03:00:00+00:00,85.04,85.16,84.87,85.05,12.27
2026-02-22 04:00:00+00:00,85.32,85.32,85.08,85.14,41.084
2026-02-22 05:00:00+00:00,85.15,85.15,84.9,84.95,55.302
2026-02-22 06:00:00+00:00,85.14,85.31,85.09,85.27,69.973
2026-02-22 07:00:00+00:00,85.28,85.5,85.26,85.5,2.01
2026-02-22 08:00:00+00:00,84.98,85.04,84.98,85.04,0.592
2026-02-22 09:00:00+00:00,85.14,85.14,84.95,84.95,143.826
2026-02-22 10:00:00+00:00,85.19,85.2,85.19,85.2,9.511
2026-02-22 11:00:00+00:00,85.46,85.5,85.36,85.5,52.928
2026-02-22 12:00:00+00:00,85.0,85.0,84.43,84.46,177.819
2026-02-22 13:00:00+00:00,84.46,84.46,83.72,83.9,26.103
2026-02-22 14:00:00+00:00,84.05,84.05,83.49,83.61,33.229
2026-02-22 15:00:00+00:00,83.65,83.66,83.06,83.52,138.634
2026-02-22 16:00:00+00:00,83.49,83.62,83.32,83.62,5.323
2026-02-22 17:00:00+00:00,83.51,83.51,82.83,83.08,36.939
2026-02-22 18:00:00+00:00,83.05,83.19,83.03,83.19,35.348
2026-02-22 19:00:00+00:00,83.27,83.33,83.1,83.32,11.279
2026-02-22 20:00:00+00:00,83.3,83.33,83.01,83.01,71.862
2026-02-22 21:00:00+00:00,83.22,83.55,83.09,83.52,9.225
2026-02-22 22:00:00+00:00,83.5,83.64,83.16,83.57,21.458
2026-02-22 23:00:00+00:00,83.63,83.63,82.48,82.9,247.562
2026-02-23 00:00:00+00:00,82.78,82.82,81.35,81.35,115.93
2026-02-23 01:00:00+00:00,81.29,81.29,77.56,78.18,1029.638
2026-02-23 02:00:00+00:00,78.0,78.3,77.55,77.92,750.75
2026-02-23 03:00:00+00:00,77.85,78.23,77.37,77.91,275.047
2026-02-23 04:00:00+00:00,77.62,77.69,77.29,77.37,80.429
2026-02-23 05:00:00+00:00,77.46,78.02,77.46,77.85,150.829
2026-02-23 06:00:00+00:00,77.98,79.16,77.98,79.04,241.716
2026-02-23 07:00:00+00:00,79.26,79.65,78.97,79.43,146.762
2026-02-23 08:00:00+00:00,79.35,79.35,78.51,78.7,58.591
2026-02-23 09:00:00+00:00,78.93,80.45,78.86,80.18,181.727
2026-02-23 10:00:00+00:00,80.52,80.61,80.2,80.33,76.875
2026-02-23 11:00:00+00:00,80.3,80.36,80.22,80.22,0.604
2026-02-23 12:00:00+00:00,80.2,80.95,79.93,80.7,104.826
2026-02-23 13:00:00+00:00,80.68,81.11,80.49,80.7,178.066
2026-02-23 14:00:00+00:00,80.58,80.74,79.53,80.25,125.541
2026-02-23 15:00:00+00:00,80.25,80.34,79.31,79.47,339.682
2026-02-23 16:00:00+00:00,79.41,79.52,78.68,78.85,851.314
2026-02-23 17:00:00+00:00,79.01,79.15,77.3,78.2,302.348
2026-02-23 18:00:00+00:00,78.11,79.26,78.01,78.6,218.707
2026-02-23 19:00:00+00:00,78.6,78.9,78.15,78.15,75.228
2026-02-23 20:00:00+00:00,78.35,78.53,77.97,78.35,164.264
2026-02-23 21:00:00+00:00,78.43,78.62,78.41,78.42,13.877
2026-02-23 22:00:00+00:00,78.72,78.89,78.4,78.41,85.979
2026-02-23 23:00:00+00:00,78.43,78.52,77.67,77.7,35.206
2026-02-24 00:00:00+00:00,78.01,78.49,78.01,78.46,161.666
2026-02-24 01:00:00+00:00,78.35,78.35,75.84,77.75,970.92
2026-02-24 02:00:00+00:00,77.63,78.41,77.59,77.59,51.858
2026-02-24 03:00:00+00:00,77.51,77.57,76.58,76.87,101.731
2026-02-24 04:00:00+00:00,77.07,77.07,76.15,76.73,279.907
2026-02-24 05:00:00+00:00,76.96,77.25,76.29,76.63,151.895
2026-02-24 06:00:00+00:00,76.47,76.84,76.47,76.58,151.293
2026-02-24 07:00:00+00:00,76.69,77.2,76.58,76.83,102.41
2026-02-24 08:00:00+00:00,76.61,77.08,76.61,77.08,4.28
2026-02-24 09:00:00+00:00,77.0,77.0,76.03,76.59,17.365
2026-02-24 10:00:00+00:00,76.62,76.81,76.48,76.81,35.766
2026-02-24 11:00:00+00:00,76.78,76.89,76.52,76.71,280.186
2026-02-24 12:00:00+00:00,76.79,77.02,76.54,76.64,20.949
2026-02-24 13:00:00+00:00,76.66,76.79,76.07,76.47,180.508
2026-02-24 14:00:00+00:00,76.5,77.36,75.66,76.95,448.271
2026-02-24 15:00:00+00:00,76.62,77.42,76.62,77.13,185.304
2026-02-24 16:00:00+00:00,77.66,78.23,77.4,78.19,78.441
2026-02-24 17:00:00+00:00,78.34,78.41,77.86,77.99,216.936
2026-02-24 18:00:00+00:00,78.19,78.31,77.62,78.16,22.832
2026-02-24 19:00:00+00:00,78.37,78.5,78.06,78.24,75.643
2026-02-24 20:00:00+00:00,78.5,78.86,78.43,78.7,47.4
2026-02-24 21:00:00+00:00,78.53,78.65,78.18,78.65,68.539
2026-02-24 22:00:00+00:00,78.44,79.3,78.44,79.07,228.873
2026-02-24 23:00:00+00:00,79.08,79.59,78.7,79.22,117.362
2026-02-25 00:00:00+00:00,79.04,79.36,78.76,79.36,112.568
2026-02-25 01:00:00+00:00,79.32,82.55,79.32,81.87,477.873
2026-02-25 02:00:00+00:00,82.36,82.94,82.09,82.51,403.888
2026-02-25 03:00:00+00:00,82.24,82.24,81.69,81.8,396.47
2026-02-25 04:00:00+00:00,81.6,82.39,81.47,82.1,239.156
2026-02-25 05:00:00+00:00,81.99,82.14,81.02,81.29,186.77
2026-02-25 06:00:00+00:00,81.36,81.82,81.27,81.73,61.708
2026-02-25 07:00:00+00:00,81.52,82.41,81.52,82.14,371.028
2026-02-25 08:00:00+00:00,82.22,82.56,82.04,82.4,183.137
2026-02-25 09:00:00+00:00,82.5,82.61,82.25,82.48,81.087
2026-02-25 10:00:00+00:00,82.6,82.89,82.56,82.8,13.791
2026-02-25 11:00:00+00:00,82.58,83.38,82.48,83.31,139.873
2026-02-25 12:00:00+00:00,83.18,84.05,82.95,83.7,147.201
2026-02-25 13:00:00+00:00,83.69,84.42,83.42,84.4,338.332
2026-02-25 14:00:00+00:00,83.9,85.78,83.89,85.59,146.831
2026-02-25 15:00:00+00:00,85.68,86.33,85.16,86.08,828.907
2026-02-25 16:00:00+00:00,86.02,87.57,86.02,87.57,471.757
2026-02-25 17:00:00+00:00,87.52,88.91,87.49,88.59,505.944
2026-02-25 18:00:00+00:00,88.59,89.12,88.05,88.92,390.638
2026-02-25 19:00:00+00:00,88.9,89.63,88.42,89.43,573.738
2026-02-25 20:00:00+00:00,89.5,90.09,89.06,89.36,215.478
2026-02-25 21:00:00+00:00,89.55,92.0,89.5,89.72,536.018
2026-02-25 22:00:00+00:00,90.3,90.53,88.37,89.11,411.323
2026-02-25 23:00:00+00:00,89.1,89.24,87.11,88.03,401.632
2026-02-26 00:00:00+00:00,87.99,89.28,87.85,88.61,561.012
2026-02-26 01:00:00+00:00,88.65,89.12,88.19,88.53,191.41
2026-02-26 02:00:00+00:00,88.31,88.31,87.64,88.25,61.665
2026-02-26 03:00:00+00:00,88.14,88.29,87.81,88.14,71.995
2026-02-26 04:00:00+00:00,87.98,88.99,87.98,88.87,127.275
2026-02-26 05:00:00+00:00,88.6,88.6,87.29,87.73,94.176
2026-02-26 06:00:00+00:00,87.74,87.94,87.39,87.59,57.827
2026-02-26 07:00:00+00:00,87.7,87.83,87.34,87.34,195.774
2026-02-26 08:00:00+00:00,87.37,87.87,87.29,87.59,56.132
2026-02-26 09:00:00+00:00,87.49,88.64,87.45,88.34,257.748
2026-02-26 10:00:00+00:00,88.4,88.52,87.37,87.39,59.117
2026-02-26 11:00:00+00:00,87.63,87.63,86.62,86.74,99.662
2026-02-26 12:00:00+00:00,86.93,87.42,86.93,87.38,2.795
2026-02-26 13:00:00+00:00,87.72,88.05,87.57,87.65,64.144
2026-02-26 14:00:00+00:00,87.58,88.12,86.33,87.1,483.593
2026-02-26 15:00:00+00:00,86.87,86.87,85.33,86.59,851.296
2026-02-26 16:00:00+00:00,86.19,86.71,84.41,84.45,802.652
2026-02-26 17:00:00+00:00,84.76,85.31,84.74,84.96,125.922
2026-02-26 18:00:00+00:00,85.06,85.66,84.51,85.38,176.554
2026-02-26 19:00:00+00:00,85.67,86.61,85.64,86.61,229.519
2026-02-26 20:00:00+00:00,86.62,86.86,86.08,86.28,47.793
2026-02-26 21:00:00+00:00,86.12,86.18,85.75,86.04,39.949
2026-02-26 22:00:00+00:00,85.95,86.21,85.85,86.21,75.227
2026-02-26 23:00:00+00:00,85.89,86.11,85.89,85.93,48.348
2026-02-27 00:00:00+00:00,86.02,86.02,85.25,85.76,44.918
2026-02-27 01:00:00+00:00,85.67,86.1,85.4,85.95,70.158
2026-02-27 02:00:00+00:00,86.13,86.75,85.96,86.65,51.584
2026-02-27 03:00:00+00:00,86.61,87.78,86.41,87.78,105.194
2026-02-27 04:00:00+00:00,87.64,88.29,87.51,87.51,184.91
2026-02-27 05:00:00+00:00,87.55,87.83,87.46,87.51,16.159
2026-02-27 06:00:00+00:00,87.58,87.58,86.92,87.36,20.731
2026-02-27 07:00:00+00:00,87.35,87.39,86.9,87.39,171.542
2026-02-27 08:00:00+00:00,87.35,87.68,87.34,87.65,31.103
2026-02-27 09:00:00+00:00,87.71,87.71,86.3,86.31,81.255
2026-02-27 10:00:00+00:00,86.23,86.28,84.64,84.64,166.702
2026-02-27 11:00:00+00:00,84.8,84.89,83.37,83.54,216.806
2026-02-27 12:00:00+00:00,83.53,83.69,82.67,83.04,95.163
2026-02-27 13:00:00+00:00,83.23,83.45,82.03,83.06,453.527
2026-02-27 14:00:00+00:00,83.03,83.33,82.18,82.35,327.922
2026-02-27 15:00:00+00:00,82.53,83.06,82.53,82.73,128.679
2026-02-27 16:00:00+00:00,82.31,82.31,81.38,81.42,229.098
2026-02-27 17:00:00+00:00,81.36,81.91,81.14,81.91,376.402
2026-02-27 18:00:00+00:00,81.92,82.0,81.46,81.47,329.447
2026-02-27 19:00:00+00:00,81.51,81.55,81.33,81.44,47.734
2026-02-27 20:00:00+00:00,81.67,81.82,81.28,81.28,121.637
2026-02-27 21:00:00+00:00,81.49,81.7,80.95,81.07,56.378
2026-02-27 22:00:00+00:00,81.21,81.6,80.33,81.15,421.033
2026-02-27 23:00:00+00:00,81.46,82.05,81.42,81.98,21.327
2026-02-28 00:00:00+00:00,81.91,82.05,81.7,82.05,14.315
2026-02-28 01:00:00+00:00,82.1,82.24,81.86,81.86,83.786
2026-02-28 02:00:00+00:00,81.83,82.12,81.81,82.06,7.324
2026-02-28 03:00:00+00:00,82.09,82.09,81.61,81.72,48.239
2026-02-28 04:00:00+00:00,81.85,81.85,81.29,81.66,36.869
2026-02-28 05:00:00+00:00,81.6,81.77,81.31,81.53,26.254
2026-02-28 06:00:00+00:00,81.36,81.36,77.19,77.58,1095.67
2026-02-28 07:00:00+00:00,77.29,79.58,77.29,78.85,449.259
2026-02-28 08:00:00+00:00,78.65,78.65,77.96,77.96,116.917
2026-02-28 09:00:00+00:00,78.14,78.65,77.76,78.47,442.154
2026-02-28 10:00:00+00:00,78.33,79.21,78.05,79.19,190.429
2026-02-28 11:00:00+00:00,79.19,79.59,78.95,78.95,164.016
2026-02-28 12:00:00+00:00,78.82,79.11,78.65,78.87,45.113
2026-02-28 13:00:00+00:00,78.87,80.95,78.73,80.77,215.54
2026-02-28 14:00:00+00:00,80.9,81.42,80.07,80.07,367.151
2026-02-28 15:00:00+00:00,80.33,81.07,79.76,80.93,152.73
2026-02-28 16:00:00+00:00,80.83,81.29,80.68,81.06,34.456
2026-02-28 17:00:00+00:00,81.01,81.29,80.65,81.29,65.47
2026-02-28 18:00:00+00:00,81.32,82.86,81.15,82.46,76.081
2026-02-28 19:00:00+00:00,82.24,82.67,81.51,82.19,120.823
2026-02-28 20:00:00+00:00,82.03,85.0,82.03,85.0,203.988
2026-02-28 21:00:00+00:00,84.45,84.99,83.66,84.52,1269.088
2026-02-28 22:00:00+00:00,84.74,85.68,84.42,84.48,148.399
2026-02-28 23:00:00+00:00,84.32,84.73,83.94,84.3,310.527
2026-03-01 00:00:00+00:00,84.59,84.92,84.46,84.89,32.819
2026-03-01 01:00:00+00:00,84.76,87.51,84.35,86.73,152.94
2026-03-01 02:00:00+00:00,86.77,88.84,86.77,87.97,167.951
2026-03-01 03:00:00+00:00,87.98,88.25,87.76,87.76,152.746
2026-03-01 04:00:00+00:00,88.21,88.21,87.01,87.57,156.438
2026-03-01 05:00:00+00:00,87.75,87.97,87.15,87.36,44.386
2026-03-01 06:00:00+00:00,87.34,87.34,86.18,86.71,127.255
2026-03-01 07:00:00+00:00,86.45,86.86,86.45,86.65,22.444
2026-03-01 08:00:00+00:00,86.72,86.72,85.11,85.11,60.526
2026-03-01 09:00:00+00:00,85.24,85.73,84.82,84.82,44.682
2026-03-01 10:00:00+00:00,84.82,85.63,84.71,85.21,86.769
2026-03-01 11:00:00+00:00,85.32,85.32,85.02,85.02,245.122
2026-03-01 12:00:00+00:00,85.16,85.39,84.81,84.91,128.331
2026-03-01 13:00:00+00:00,85.01,87.03,84.58,86.37,165.923
2026-03-01 14:00:00+00:00,86.12,86.79,85.54,85.75,134.794
2026-03-01 15:00:00+00:00,86.05,86.59,85.65,85.65,179.232
2026-03-01 16:00:00+00:00,85.65,86.05,83.85,84.31,212.144
2026-03-01 17:00:00+00:00,83.93,84.26,83.23,83.9,97.406
2026-03-01 18:00:00+00:00,83.97,84.97,83.9,83.9,106.466
2026-03-01 19:00:00+00:00,83.97,83.97,83.06,83.23,69.456
2026-03-01 20:00:00+00:00,83.21,83.21,81.67,82.06,287.652
2026-03-01 21:00:00+00:00,82.07,83.01,82.03,82.92,124.646
2026-03-01 22:00:00+00:00,82.88,83.94,82.38,82.85,234.289
2026-03-01 23:00:00+00:00,82.58,84.11,82.58,83.57,155.273
2026-03-02 00:00:00+00:00,83.62,85.14,83.62,84.94,175.197
2026-03-02 01:00:00+00:00,85.04,86.17,84.52,84.7,99.539
2026-03-02 02:00:00+00:00,84.56,84.56,83.58,84.0,24.427
2026-03-02 03:00:00+00:00,84.19,85.06,84.09,84.74,40.276
2026-03-02 04:00:00+00:00,84.75,84.81,84.18,84.22,134.863
2026-03-02 05:00:00+00:00,84.35,84.68,83.88,84.48,38.909
2026-03-02 06:00:00+00:00,84.11,84.11,82.93,83.31,64.973
2026-03-02 07:00:00+00:00,83.25,83.32,82.41,82.92,29.542
2026-03-02 08:00:00+00:00,82.88,83.49,82.47,83.49,142.095
2026-03-02 09:00:00+00:00,83.42,84.12,83.37,83.8,27.185
2026-03-02 10:00:00+00:00,83.86,83.86,83.43,83.75,48.813
2026-03-02 11:00:00+00:00,83.87,84.19,83.58,84.16,73.66
2026-03-02 12:00:00+00:00,83.88,83.88,83.64,83.84,73.517
2026-03-02 13:00:00+00:00,83.57,83.74,83.06,83.06,161.186
2026-03-02 14:00:00+00:00,83.09,85.89,82.85,85.51,219.949
2026-03-02 15:00:00+00:00,85.53,88.93,85.53,88.58,357.37
2026-03-02 16:00:00+00:00,88.89,90.28,88.68,88.92,558.151
2026-03-02 17:00:00+00:00,88.65,88.65,86.5,87.48,96.778
2026-03-02 18:00:00+00:00,87.25,87.84,86.78,87.23,51.906
2026-03-02 19:00:00+00:00,87.27,87.62,86.77,87.62,102.968
2026-03-02 20:00:00+00:00,87.66,88.05,86.97,87.67,33.935
2026-03-02 21:00:00+00:00,87.54,87.71,87.43,87.52,42.922
2026-03-02 22:00:00+00:00,87.63,88.23,87.31,87.94,172.584
2026-03-02 23:00:00+00:00,87.87,87.88,86.39,86.71,189.767
2026-03-03 00:00:00+00:00,86.63,87.31,86.14,86.92,236.052
2026-03-03 01:00:00+00:00,86.8,87.02,86.25,86.25,108.196
2026-03-03 02:00:00+00:00,86.11,86.3,85.3,86.15,94.537
2026-03-03 03:00:00+00:00,86.28,86.62,85.98,86.59,19.474
2026-03-03 04:00:00+00:00,86.4,86.4,85.71,85.71,40.133
2026-03-03 05:00:00+00:00,85.78,86.75,85.61,85.83,114.604
2026-03-03 06:00:00+00:00,85.63,85.91,85.41,85.91,85.251
2026-03-03 07:00:00+00:00,85.86,86.08,85.58,85.73,77.073
2026-03-03 08:00:00+00:00,85.58,85.63,83.92,84.25,165.072
2026-03-03 09:00:00+00:00,84.41,84.98,84.06,84.27,88.287
2026-03-03 10:00:00+00:00,83.94,84.5,83.71,83.93,34.833
2026-03-03 11:00:00+00:00,84.14,84.31,83.88,84.25,47.368
2026-03-03 12:00:00+00:00,84.24,85.16,84.18,84.31,92.456
2026-03-03 13:00:00+00:00,84.04,84.13,83.25,83.64,106.95
2026-03-03 14:00:00+00:00,83.44,84.37,82.53,83.3,310.909
2026-03-03 15:00:00+00:00,83.24,85.11,83.17,84.86,334.468
2026-03-03 16:00:00+00:00,85.14,87.33,84.41,85.49,356.643
2026-03-03 17:00:00+00:00,84.86,85.28,84.24,85.21,109.753
2026-03-03 18:00:00+00:00,85.25,85.9,84.6,85.42,174.627
2026-03-03 19:00:00+00:00,85.26,85.71,84.81,85.12,283.604
2026-03-03 20:00:00+00:00,85.14,85.28,84.8,84.87,365.448
2026-03-03 21:00:00+00:00,84.65,84.96,84.27,84.96,29.366
2026-03-03 22:00:00+00:00,85.16,86.59,85.16,86.24,80.323
2026-03-03 23:00:00+00:00,86.72,87.42,86.65,86.96,119.497
2026-03-04 00:00:00+00:00,86.96,87.38,86.36,86.58,52.137
2026-03-04 01:00:00+00:00,86.71,88.05,86.55,87.24,84.263
2026-03-04 02:00:00+00:00,87.17,87.29,86.59,87.07,37.332
2026-03-04 03:00:00+00:00,86.96,86.97,85.16,85.59,192.009
2026-03-04 04:00:00+00:00,85.78,85.78,84.89,85.4,132.529
2026-03-04 05:00:00+00:00,85.36,85.94,84.82,85.78,129.607
2026-03-04 06:00:00+00:00,85.44,86.05,85.04,85.49,93.528
2026-03-04 07:00:00+00:00,85.71,87.51,85.55,87.51,53.608
2026-03-04 08:00:00+00:00,87.51,89.85,87.0,89.74,253.559
2026-03-04 09:00:00+00:00,89.75,91.39,89.49,90.47,164.768
2026-03-04 10:00:00+00:00,90.56,91.0,89.92,90.12,178.21
2026-03-04 11:00:00+00:00,90.24,90.5,89.48,89.79,70.14
2026-03-04 12:00:00+00:00,89.8,89.88,88.76,89.49,325.174
2026-03-04 13:00:00+00:00,89.4,90.12,89.4,90.03,205.574
2026-03-04 14:00:00+00:00,90.04,91.69,89.64,90.32,367.357
2026-03-04 15:00:00+00:00,90.29,93.1,90.29,92.9,688.343
2026-03-04 16:00:00+00:00,92.99,93.13,91.02,91.62,630.342
2026-03-04 17:00:00+00:00,91.65,92.13,90.74,91.59,320.085
2026-03-04 18:00:00+00:00,91.57,92.35,91.13,92.24,95.188
2026-03-04 19:00:00+00:00,92.4,94.02,92.33,93.17,264.502
2026-03-04 20:00:00+00:00,93.28,93.73,92.84,92.88,271.422
2026-03-04 21:00:00+00:00,92.87,92.87,92.2,92.26,23.991
2026-03-04 22:00:00+00:00,92.6,92.78,91.22,91.25,86.524
2026-03-04 23:00:00+00:00,91.17,91.33,90.36,90.74,92.911
2026-03-05 00:00:00+00:00,91.01,91.36,90.84,90.84,57.372
2026-03-05 01:00:00+00:00,90.72,91.4,89.83,89.97,240.144
2026-03-05 02:00:00+00:00,90.19,90.59,90.14,90.14,58.06
2026-03-05 03:00:00+00:00,90.23,90.44,89.64,90.05,121.287
2026-03-05 04:00:00+00:00,90.01,90.75,89.98,90.34,80.091
2026-03-05 05:00:00+00:00,90.61,90.62,90.05,90.11,44.654
2026-03-05 06:00:00+00:00,89.96,90.98,89.72,90.89,231.264
2026-03-05 07:00:00+00:00,91.01,91.23,89.86,89.94,41.621
2026-03-05 08:00:00+00:00,89.96,90.63,89.7,90.63,13.768
2026-03-05 09:00:00+00:00,90.62,91.8,90.62,91.26,110.398
2026-03-05 10:00:00+00:00,91.37,92.88,91.37,92.63,159.798
2026-03-05 11:00:00+00:00,92.69,92.69,91.65,91.69,27.429
2026-03-05 12:00:00+00:00,91.92,92.14,91.45,92.0,55.14
2026-03-05 13:00:00+00:00,91.77,91.77,90.48,90.83,74.793
2026-03-05 14:00:00+00:00,90.79,91.48,89.89,90.99,110.385
2026-03-05 15:00:00+00:00,90.96,90.96,88.89,89.41,256.982
2026-03-05 16:00:00+00:00,89.52,89.52,87.98,89.01,118.876
2026-03-05 17:00:00+00:00,88.97,89.4,88.0,88.11,143.48
2026-03-05 18:00:00+00:00,88.09,88.59,88.09,88.59,39.648
2026-03-05 19:00:00+00:00,88.89,89.18,88.89,88.9,19.248
2026-03-05 20:00:00+00:00,88.77,89.5,88.7,89.04,85.438
2026-03-05 21:00:00+00:00,89.29,89.84,89.13,89.13,60.214
2026-03-05 22:00:00+00:00,89.14,89.21,88.9,89.17,135.18
2026-03-05 23:00:00+00:00,89.06,89.06,88.69,88.74,17.583
2026-03-06 00:00:00+00:00,88.85,88.87,88.68,88.68,16.515
2026-03-06 01:00:00+00:00,88.76,89.17,88.05,89.14,23.562
2026-03-06 02:00:00+00:00,89.04,89.25,88.33,88.39,55.77
2026-03-06 03:00:00+00:00,88.47,88.64,88.22,88.38,166.51
2026-03-06 04:00:00+00:00,88.32,88.52,87.7,88.15,65.951
2026-03-06 05:00:00+00:00,88.12,88.12,87.54,87.98,11.755
2026-03-06 06:00:00+00:00,87.75,88.45,87.75,88.17,19.07
2026-03-06 07:00:00+00:00,88.19,88.89,88.06,88.74,25.768
2026-03-06 08:00:00+00:00,88.64,88.64,88.41,88.58,9.596
2026-03-06 09:00:00+00:00,88.41,88.52,87.18,87.18,51.541
2026-03-06 10:00:00+00:00,87.77,87.9,87.63,87.89,32.421
2026-03-06 11:00:00+00:00,87.6,87.84,87.12,87.27,17.388
2026-03-06 12:00:00+00:00,87.25,87.25,86.0,86.19,154.312
2026-03-06 13:00:00+00:00,86.57,86.82,85.57,85.57,248.685
2026-03-06 14:00:00+00:00,85.56,85.6,83.98,84.19,290.542
2026-03-06 15:00:00+00:00,84.48,85.15,84.29,84.61,232.433
2026-03-06 16:00:00+00:00,84.61,84.94,84.2,84.4,24.125
2026-03-06 17:00:00+00:00,84.43,84.66,83.6,83.69,111.163
2026-03-06 18:00:00+00:00,84.17,85.6,84.17,85.44,122.819
2026-03-06 19:00:00+00:00,85.28,85.77,85.17,85.22,18.746
2026-03-06 20:00:00+00:00,85.27,85.36,84.66,85.1,42.116
2026-03-06 21:00:00+00:00,85.03,85.03,84.48,84.72,96.825
2026-03-06 22:00:00+00:00,84.66,85.0,84.62,85.0,78.265
2026-03-06 23:00:00+00:00,84.93,85.04,84.62,84.68,42.397
2026-03-07 00:00:00+00:00,84.76,85.0,84.76,84.77,164.344
2026-03-07 01:00:00+00:00,84.87,84.87,84.61,84.7,3.965
2026-03-07 02:00:00+00:00,84.66,84.73,84.5,84.62,180.834
2026-03-07 03:00:00+00:00,84.68,85.06,84.42,84.42,110.471
2026-03-07 04:00:00+00:00,84.35,84.35,84.03,84.2,37.059
2026-03-07 05:00:00+00:00,84.33,84.47,84.15,84.47,75.159
2026-03-07 06:00:00+00:00,84.31,84.32,84.0,84.0,63.672
2026-03-07 07:00:00+00:00,83.96,84.45,83.96,84.45,13.563
2026-03-07 08:00:00+00:00,84.28,84.55,84.28,84.55,14.545
2026-03-07 09:00:00+00:00,84.29,84.63,84.29,84.63,1.273
2026-03-07 10:00:00+00:00,84.62,84.62,84.61,84.61,57.034
2026-03-07 11:00:00+00:00,84.64,84.75,84.64,84.75,1.607
2026-03-07 12:00:00+00:00,84.67,84.67,84.27,84.27,37.263
2026-03-07 13:00:00+00:00,84.34,84.53,84.3,84.33,54.025
2026-03-07 14:00:00+00:00,84.1,84.33,83.71,84.24,8.968
2026-03-07 15:00:00+00:00,84.21,84.21,83.53,83.78,129.81
2026-03-07 16:00:00+00:00,83.65,83.78,83.55,83.55,29.046
2026-03-07 17:00:00+00:00,83.56,84.04,83.51,84.0,67.883
2026-03-07 18:00:00+00:00,83.51,83.51,83.07,83.39,77.975
2026-03-07 19:00:00+00:00,83.3,83.3,82.33,82.33,199.584
2026-03-07 20:00:00+00:00,82.58,83.09,82.58,83.07,238.06
2026-03-07 21:00:00+00:00,83.03,83.11,82.91,82.91,155.476
2026-03-07 22:00:00+00:00,82.7,83.04,82.7,83.04,17.993
2026-03-07 23:00:00+00:00,82.95,83.22,82.95,83.19,9.037
2026-03-08 00:00:00+00:00,83.33,83.47,83.01,83.01,19.363
2026-03-08 01:00:00+00:00,83.15,83.16,82.79,82.79,11.52
2026-03-08 02:00:00+00:00,82.96,83.03,82.14,82.48,36.338
2026-03-08 03:00:00+00:00,82.42,82.58,82.36,82.36,98.025
2026-03-08 04:00:00+00:00,82.47,82.49,81.75,81.97,73.026
2026-03-08 05:00:00+00:00,82.05,82.66,82.05,82.53,9.516
2026-03-08 06:00:00+00:00,82.57,82.57,82.28,82.49,5.606
2026-03-08 07:00:00+00:00,82.43,83.03,82.43,82.86,15.407
2026-03-08 08:00:00+00:00,82.54,82.99,82.54,82.99,10.353
2026-03-08 09:00:00+00:00,83.23,83.23,83.14,83.19,7.602
2026-03-08 10:00:00+00:00,83.17,84.04,83.17,83.74,78.924
2026-03-08 11:00:00+00:00,83.48,83.51,82.62,82.7,26.92
2026-03-08 12:00:00+00:00,82.8,82.84,81.71,82.37,501.975
2026-03-08 13:00:00+00:00,82.33,82.33,81.26,82.13,74.412
2026-03-08 14:00:00+00:00,82.15,82.33,82.08,82.33,86.915
2026-03-08 15:00:00+00:00,82.3,82.31,82.05,82.08,55.899
2026-03-08 16:00:00+00:00,82.13,82.13,81.72,81.72,11.101
2026-03-08 17:00:00+00:00,81.58,81.98,81.44,81.67,7.485
2026-03-08 18:00:00+00:00,81.72,81.78,81.48,81.54,29.556
2026-03-08 19:00:00+00:00,81.62,82.61,81.62,82.41,22.923
2026-03-08 20:00:00+00:00,82.32,82.86,82.14,82.29,90.722
2026-03-08 21:00:00+00:00,82.32,82.32,81.74,82.22,49.75
2026-03-08 22:00:00+00:00,82.23,82.46,80.28,81.84,263.123
2026-03-08 23:00:00+00:00,82.24,82.41,81.67,81.67,47.666
2026-03-09 00:00:00+00:00,81.59,83.25,81.59,82.27,28.452
2026-03-09 01:00:00+00:00,82.31,82.85,81.99,82.55,39.22
2026-03-09 02:00:00+00:00,82.02,82.91,81.78,82.91,23.209
2026-03-09 03:00:00+00:00,82.78,84.49,82.78,83.17,113.347
2026-03-09 04:00:00+00:00,83.22,83.72,83.16,83.62,23.835
2026-03-09 05:00:00+00:00,83.42,84.58,83.36,84.3,49.332
2026-03-09 06:00:00+00:00,84.1,84.1,83.27,83.27,4.41
2026-03-09 07:00:00+00:00,83.01,83.24,82.41,83.24,21.452
2026-03-09 08:00:00+00:00,83.24,83.76,83.04,83.71,17.993
2026-03-09 09:00:00+00:00,83.5,84.58,83.47,84.55,12.529
2026-03-09 10:00:00+00:00,83.95,83.96,83.64,83.64,6.266
2026-03-09 11:00:00+00:00,83.53,83.75,83.12,83.75,29.191
2026-03-09 12:00:00+00:00,83.62,84.14,83.62,83.99,21.358
2026-03-09 13:00:00+00:00,84.12,85.72,84.12,85.29,151.633
2026-03-09 14:00:00+00:00,85.29,85.62,84.57,85.46,215.982
2026-03-09 15:00:00+00:00,85.34,85.42,84.68,84.99,153.963
2026-03-09 16:00:00+00:00,85.12,85.55,84.93,85.15,51.497
2026-03-09 17:00:00+00:00,85.15,85.26,84.44,85.26,37.839
2026-03-09 18:00:00+00:00,85.0,85.56,84.59,85.22,57.017
2026-03-09 19:00:00+00:00,85.33,86.99,85.1,85.93,238.128
2026-03-09 20:00:00+00:00,86.15,86.15,85.29,85.83,18.024
2026-03-09 21:00:00+00:00,85.84,86.31,85.84,86.05,284.009
2026-03-09 22:00:00+00:00,86.1,86.27,85.64,85.69,31.652
2026-03-09 23:00:00+00:00,85.63,85.98,84.81,85.0,58.732
2026-03-10 00:00:00+00:00,84.96,85.79,84.9,85.55,118.475
2026-03-10 01:00:00+00:00,85.67,85.82,85.15,85.82,94.278
2026-03-10 02:00:00+00:00,85.72,86.88,85.6,86.76,224.059
2026-03-10 03:00:00+00:00,86.57,86.74,85.57,85.57,65.157
2026-03-10 04:00:00+00:00,85.7,86.67,85.44,86.51,48.81
2026-03-10 05:00:00+00:00,86.54,86.92,86.36,86.37,61.322
2026-03-10 06:00:00+00:00,86.37,86.38,86.25,86.38,23.528
2026-03-10 07:00:00+00:00,86.26,86.83,86.26,86.68,71.095
2026-03-10 08:00:00+00:00,86.94,87.41,86.7,86.73,180.356
2026-03-10 09:00:00+00:00,86.65,87.43,86.65,87.16,16.379
2026-03-10 10:00:00+00:00,87.27,87.62,87.12,87.12,50.105
2026-03-10 11:00:00+00:00,86.88,86.92,86.65,86.65,6.51
2026-03-10 12:00:00+00:00,86.83,86.83,86.43,86.46,29.018
2026-03-10 13:00:00+00:00,86.83,87.25,85.82,86.41,68.831
2026-03-10 14:00:00+00:00,85.7,88.21,84.94,88.04,526.448
2026-03-10 15:00:00+00:00,88.19,88.56,87.41,88.32,136.226
2026-03-10 16:00:00+00:00,88.34,88.68,87.74,88.68,126.171
2026-03-10 17:00:00+00:00,88.79,88.79,87.7,87.76,55.503
2026-03-10 18:00:00+00:00,87.93,88.01,86.11,86.18,137.83
2026-03-10 19:00:00+00:00,86.21,86.36,85.7,86.01,351.277
2026-03-10 20:00:00+00:00,85.99,86.33,85.99,86.16,26.83
2026-03-10 21:00:00+00:00,86.27,86.38,85.36,85.81,165.944
2026-03-10 22:00:00+00:00,85.72,85.72,85.03,85.54,204.326
2026-03-10 23:00:00+00:00,85.62,85.89,85.38,85.89,117.949
2026-03-11 00:00:00+00:00,85.72,86.12,85.63,86.0,91.262
2026-03-11 01:00:00+00:00,86.09,86.29,85.7,86.07,99.896
2026-03-11 02:00:00+00:00,86.11,86.13,85.65,85.78,25.549
2026-03-11 03:00:00+00:00,86.17,86.17,85.61,85.66,117.429
2026-03-11 04:00:00+00:00,85.63,86.72,85.49,86.72,92.611
2026-03-11 05:00:00+00:00,86.84,86.85,85.71,85.78,175.286
2026-03-11 06:00:00+00:00,85.77,86.17,85.77,86.05,2.581
2026-03-11 07:00:00+00:00,86.02,86.12,85.26,85.26,30.427
2026-03-11 08:00:00+00:00,85.46,85.5,85.38,85.49,48.508
2026-03-11 09:00:00+00:00,85.42,85.47,84.83,84.83,12.353
2026-03-11 10:00:00+00:00,85.11,85.35,85.11,85.35,30.459
2026-03-11 11:00:00+00:00,85.11,85.15,84.42,84.62,30.342
2026-03-11 12:00:00+00:00,84.64,85.71,84.41,85.27,68.615
2026-03-11 13:00:00+00:00,85.17,87.39,85.06,85.93,460.003
2026-03-11 14:00:00+00:00,86.01,87.12,85.79,86.61,1124.387
2026-03-11 15:00:00+00:00,86.6,86.69,84.64,85.41,845.428
2026-03-11 16:00:00+00:00,85.39,86.5,85.39,86.39,854.132
2026-03-11 17:00:00+00:00,86.51,87.79,86.51,87.18,534.978
2026-03-11 18:00:00+00:00,87.33,88.03,87.33,87.92,255.642
2026-03-11 19:00:00+00:00,87.61,87.61,86.98,87.22,1140.065
2026-03-11 20:00:00+00:00,87.17,87.44,87.01,87.35,175.373
2026-03-11 21:00:00+00:00,87.39,87.57,87.15,87.48,7.375
2026-03-11 22:00:00+00:00,87.5,87.81,86.97,87.0,36.619
2026-03-11 23:00:00+00:00,87.11,87.2,86.58,86.6,134.014
2026-03-12 00:00:00+00:00,86.56,86.77,86.43,86.69,15.527
2026-03-12 01:00:00+00:00,86.32,86.46,86.0,86.05,42.298
2026-03-12 02:00:00+00:00,86.02,86.17,85.26,85.26,21.479
2026-03-12 03:00:00+00:00,85.24,85.5,84.75,84.84,128.264
2026-03-12 04:00:00+00:00,84.98,85.22,84.98,85.07,19.832
2026-03-12 05:00:00+00:00,85.17,85.24,84.95,85.13,80.345
2026-03-12 06:00:00+00:00,85.01,85.1,85.01,85.1,2.014
2026-03-12 07:00:00+00:00,85.43,85.79,85.24,85.74,13.69
2026-03-12 08:00:00+00:00,86.04,86.04,85.81,85.94,3.78
2026-03-12 09:00:00+00:00,85.71,86.68,85.71,86.07,1.836
2026-03-12 10:00:00+00:00,86.19,86.91,86.12,86.89,24.104
2026-03-12 11:00:00+00:00,86.77,87.06,86.66,86.87,3.701
2026-03-12 12:00:00+00:00,86.81,87.5,86.61,87.5,30.429
2026-03-12 13:00:00+00:00,87.29,87.62,86.39,86.39,24.588
2026-03-12 14:00:00+00:00,86.77,87.57,85.26,85.57,184.833
2026-03-12 15:00:00+00:00,85.57,86.9,85.24,86.52,89.573
2026-03-12 16:00:00+00:00,86.53,86.89,85.9,86.85,7.372
2026-03-12 17:00:00+00:00,86.72,86.98,86.52,86.98,333.676
2026-03-12 18:00:00+00:00,86.59,86.62,85.85,85.85,80.712
2026-03-12 19:00:00+00:00,85.92,86.85,85.67,86.85,13.533
2026-03-12 20:00:00+00:00,86.82,86.89,86.44,86.5,58.331
2026-03-12 21:00:00+00:00,86.49,86.65,86.2,86.52,97.536
2026-03-12 22:00:00+00:00,86.54,86.54,85.97,86.19,158.105
2026-03-12 23:00:00+00:00,86.36,87.22,86.36,86.81,29.114
2026-03-13 00:00:00+00:00,86.92,91.05,86.92,89.59,658.795
2026-03-13 01:00:00+00:00,90.0,90.62,89.86,90.47,184.131
2026-03-13 02:00:00+00:00,90.47,90.47,88.95,89.06,194.966
2026-03-13 03:00:00+00:00,89.12,89.82,89.12,89.82,13.387
2026-03-13 04:00:00+00:00,89.66,89.66,89.22,89.32,15.97
2026-03-13 05:00:00+00:00,89.25,89.45,88.94,89.05,58.219
2026-03-13 06:00:00+00:00,89.14,89.22,88.31,88.44,118.64
2026-03-13 07:00:00+00:00,88.3,88.77,88.26,88.55,3.998
2026-03-13 08:00:00+00:00,88.63,89.53,88.61,89.05,3.04
2026-03-13 09:00:00+00:00,89.26,89.55,89.22,89.55,12.858
2026-03-13 10:00:00+00:00,89.49,90.21,89.49,90.17,49.149
2026-03-13 11:00:00+00:00,90.22,90.37,90.12,90.37,37.444
2026-03-13 12:00:00+00:00,90.31,91.28,90.31,90.99,33.007
2026-03-13 13:00:00+00:00,91.07,92.21,91.07,92.0,207.949
2026-03-13 14:00:00+00:00,92.22,92.88,90.49,90.55,348.938
2026-03-13 15:00:00+00:00,90.65,91.16,89.31,89.42,500.824
2026-03-13 16:00:00+00:00,89.23,89.9,88.84,89.68,314.3
2026-03-13 17:00:00+00:00,89.65,90.06,88.62,88.67,330.332
2026-03-13 18:00:00+00:00,88.89,89.02,88.42,88.9,89.889
2026-03-13 19:00:00+00:00,88.87,88.91,88.49,88.86,59.693
2026-03-13 20:00:00+00:00,88.69,89.06,88.69,88.92,128.814
2026-03-13 21:00:00+00:00,89.0,89.0,88.45,88.71,16.766
2026-03-13 22:00:00+00:00,88.32,88.36,87.76,87.89,220.561
2026-03-13 23:00:00+00:00,87.94,88.29,87.94,88.08,60.037
2026-03-14 00:00:00+00:00,88.12,88.28,87.99,87.99,64.312
2026-03-14 01:00:00+00:00,88.07,88.07,87.95,87.95,2.049
2026-03-14 02:00:00+00:00,88.21,88.31,88.03,88.28,27.559
2026-03-14 03:00:00+00:00,88.3,88.5,88.3,88.45,160.96
2026-03-14 04:00:00+00:00,88.44,88.66,88.44,88.46,126.151
2026-03-14 05:00:00+00:00,88.27,88.38,87.96,88.07,47.61
2026-03-14 06:00:00+00:00,87.7,87.7,86.98,87.28,34.807
2026-03-14 07:00:00+00:00,87.34,87.36,87.22,87.34,10.834
2026-03-14 08:00:00+00:00,87.34,87.34,87.34,87.34,0.0
2026-03-14 09:00:00+00:00,87.15,87.17,86.69,86.69,4.043
2026-03-14 10:00:00+00:00,86.89,86.93,86.62,86.7,3.401
2026-03-14 11:00:00+00:00,86.76,87.0,86.76,86.96,7.607
2026-03-14 12:00:00+00:00,86.92,87.08,86.85,87.08,7.877
2026-03-14 13:00:00+00:00,87.08,87.3,87.08,87.16,118.075
2026-03-14 14:00:00+00:00,87.1,87.18,86.77,86.95,58.348
2026-03-14 15:00:00+00:00,86.86,86.87,86.69,86.69,7.79
2026-03-14 16:00:00+00:00,86.66,87.07,86.66,87.07,5.341
2026-03-14 17:00:00+00:00,87.02,87.07,86.92,86.92,35.066
2026-03-14 18:00:00+00:00,86.85,87.05,86.85,87.05,118.767
2026-03-14 19:00:00+00:00,86.96,87.08,86.96,87.06,4.569
2026-03-14 20:00:00+00:00,86.92,87.09,86.87,87.09,24.803
2026-03-14 21:00:00+00:00,87.04,87.19,86.95,87.19,6.049
2026-03-14 22:00:00+00:00,87.34,87.35,87.29,87.32,180.836
2026-03-14 23:00:00+00:00,87.48,88.08,87.48,87.93,160.84
2026-03-15 00:00:00+00:00,88.08,88.08,87.76,87.76,2.68
2026-03-15 01:00:00+00:00,87.77,87.81,87.69,87.69,8.065
2026-03-15 02:00:00+00:00,87.86,88.54,87.86,88.3,15.655
2026-03-15 03:00:00+00:00,88.43,88.43,87.73,87.8,99.361
2026-03-15 04:00:00+00:00,88.1,88.23,88.03,88.03,33.591
2026-03-15 05:00:00+00:00,88.25,88.54,88.17,88.33,129.834
2026-03-15 06:00:00+00:00,88.37,88.53,88.19,88.26,267.447
2026-03-15 07:00:00+00:00,88.34,88.34,88.21,88.21,41.165
2026-03-15 08:00:00+00:00,88.32,88.32,88.28,88.28,2.425
2026-03-15 09:00:00+00:00,88.61,88.74,88.6,88.6,5.312
2026-03-15 10:00:00+00:00,88.52,88.54,88.41,88.54,20.668
2026-03-15 11:00:00+00:00,88.43,88.55,88.28,88.54,99.922
2026-03-15 12:00:00+00:00,88.32,88.42,88.29,88.29,3.557
2026-03-15 13:00:00+00:00,88.32,88.37,87.42,87.79,34.994
2026-03-15 14:00:00+00:00,87.79,87.97,87.57,87.97,24.374
2026-03-15 15:00:00+00:00,88.02,88.05,87.89,88.02,12.29
2026-03-15 16:00:00+00:00,87.85,88.04,87.46,87.57,25.708
2026-03-15 17:00:00+00:00,87.53,88.63,87.53,88.63,14.003
2026-03-15 18:00:00+00:00,88.56,88.67,87.9,87.93,114.072
2026-03-15 19:00:00+00:00,87.91,88.29,87.88,88.0,33.826
2026-03-15 20:00:00+00:00,88.15,88.89,88.08,88.77,19.144
2026-03-15 21:00:00+00:00,88.76,90.18,88.66,89.92,203.911
2026-03-15 22:00:00+00:00,90.0,92.88,89.89,92.42,508.149
2026-03-15 23:00:00+00:00,92.88,93.25,91.74,92.29,385.866
2026-03-16 00:00:00+00:00,92.61,92.86,92.03,92.12,106.741
2026-03-16 01:00:00+00:00,92.06,92.06,91.51,91.9,118.714
2026-03-16 02:00:00+00:00,92.2,92.2,91.23,91.53,187.956
2026-03-16 03:00:00+00:00,91.41,93.82,91.41,93.23,813.612
2026-03-16 04:00:00+00:00,93.21,94.14,92.96,93.61,461.061
2026-03-16 05:00:00+00:00,93.55,94.25,93.27,94.0,189.706
2026-03-16 06:00:00+00:00,94.01,94.01,93.21,93.56,168.203
2026-03-16 07:00:00+00:00,93.57,93.79,93.37,93.49,83.253
2026-03-16 08:00:00+00:00,93.65,93.98,92.86,92.86,78.048
2026-03-16 09:00:00+00:00,93.06,93.42,93.06,93.35,17.556
2026-03-16 10:00:00+00:00,93.33,93.93,93.33,93.93,12.711
2026-03-16 11:00:00+00:00,93.89,93.92,93.72,93.92,97.687
2026-03-16 12:00:00+00:00,93.79,94.08,93.43,93.78,1186.944
2026-03-16 13:00:00+00:00,93.82,95.02,93.48,93.65,438.861
2026-03-16 14:00:00+00:00,93.6,94.53,92.51,93.37,460.872
2026-03-16 15:00:00+00:00,93.7,94.29,93.17,93.17,264.332
2026-03-16 16:00:00+00:00,93.24,93.98,93.21,93.98,79.755
2026-03-16 17:00:00+00:00,93.99,94.19,93.72,94.11,170.297
2026-03-16 18:00:00+00:00,94.11,95.02,94.1,94.45,339.764
2026-03-16 19:00:00+00:00,94.44,95.42,94.44,95.42,214.463
2026-03-16 20:00:00+00:00,95.15,95.9,95.04,95.89,511.695
2026-03-16 21:00:00+00:00,95.75,96.75,95.4,96.35,262.306
2026-03-16 22:00:00+00:00,96.43,97.65,96.22,96.27,105.281
2026-03-16 23:00:00+00:00,96.2,96.36,95.41,96.36,64.527
2026-03-17 00:00:00+00:00,95.82,96.79,95.17,95.23,810.006
2026-03-17 01:00:00+00:00,95.49,95.92,95.08,95.58,31.167
2026-03-17 02:00:00+00:00,95.77,95.77,95.0,95.23,178.028
2026-03-17 03:00:00+00:00,95.2,95.25,93.8,93.93,238.293
2026-03-17 04:00:00+00:00,94.13,94.13,93.35,93.81,101.552
2026-03-17 05:00:00+00:00,93.77,94.08,93.41,93.81,398.88
2026-03-17 06:00:00+00:00,93.8,94.28,93.45,93.89,320.223
2026-03-17 07:00:00+00:00,93.9,94.67,93.84,94.45,990.718
2026-03-17 08:00:00+00:00,94.45,94.84,94.32,94.4,241.368
2026-03-17 09:00:00+00:00,94.45,95.01,93.73,93.81,327.608
2026-03-17 10:00:00+00:00,93.96,93.96,93.29,93.52,19.45
2026-03-17 11:00:00+00:00,93.56,93.88,93.49,93.67,4.152
2026-03-17 12:00:00+00:00,93.72,94.05,93.39,93.39,56.434
2026-03-17 13:00:00+00:00,93.39,94.44,93.39,93.7,29.653
2026-03-17 14:00:00+00:00,93.63,94.59,93.63,94.51,197.49
2026-03-17 15:00:00+00:00,94.93,95.1,93.32,93.67,148.26
2026-03-17 16:00:00+00:00,94.0,94.7,94.0,94.36,29.987
2026-03-17 17:00:00+00:00,94.64,94.64,94.24,94.38,46.62
2026-03-17 18:00:00+00:00,94.52,95.49,94.52,95.26,107.808
2026-03-17 19:00:00+00:00,95.26,95.57,94.68,94.74,442.492
2026-03-17 20:00:00+00:00,94.67,94.97,94.59,94.97,106.201
2026-03-17 21:00:00+00:00,95.2,95.33,95.09,95.21,7.263
2026-03-17 22:00:00+00:00,95.47,95.47,94.84,95.2,31.275
2026-03-17 23:00:00+00:00,95.29,95.31,94.75,94.75,18.848
2026-03-18 00:00:00+00:00,94.65,94.83,94.36,94.53,6.336
2026-03-18 01:00:00+00:00,94.73,94.92,94.45,94.45,207.034
2026-03-18 02:00:00+00:00,94.78,95.0,94.68,94.97,3.429
2026-03-18 03:00:00+00:00,95.0,95.5,94.88,95.03,73.282
2026-03-18 04:00:00+00:00,94.77,94.77,94.07,94.17,42.272
2026-03-18 05:00:00+00:00,94.22,94.35,93.82,93.82,42.825
2026-03-18 06:00:00+00:00,94.03,94.52,94.03,94.43,45.047
2026-03-18 07:00:00+00:00,94.16,94.16,93.94,94.06,7.572
2026-03-18 08:00:00+00:00,94.21,94.22,94.05,94.22,11.221
2026-03-18 09:00:00+00:00,94.1,94.29,94.1,94.29,6.132
2026-03-18 10:00:00+00:00,94.23,94.38,93.76,93.86,33.643
2026-03-18 11:00:00+00:00,93.77,93.83,91.92,92.07,75.956
2026-03-18 12:00:00+00:00,91.81,91.81,90.4,90.5,94.37
2026-03-18 13:00:00+00:00,90.4,90.74,89.98,90.11,195.091
2026-03-18 14:00:00+00:00,90.3,90.3,88.94,88.94,322.725
2026-03-18 15:00:00+00:00,88.89,89.43,88.64,89.43,13.925
2026-03-18 16:00:00+00:00,89.2,89.2,88.82,89.02,90.559
2026-03-18 17:00:00+00:00,89.03,90.24,88.88,89.95,279.926
2026-03-18 18:00:00+00:00,89.95,90.81,89.53,89.53,83.058
2026-03-18 19:00:00+00:00,89.82,89.97,89.6,89.6,133.359
2026-03-18 20:00:00+00:00,89.67,90.07,89.19,89.94,43.377
2026-03-18 21:00:00+00:00,90.16,90.56,90.16,90.53,40.259
2026-03-18 22:00:00+00:00,90.36,90.36,89.94,89.94,351.152
2026-03-18 23:00:00+00:00,89.94,90.08,89.81,89.98,11.747
2026-03-19 00:00:00+00:00,89.99,90.23,89.87,90.11,92.669
2026-03-19 01:00:00+00:00,90.17,90.33,90.0,90.22,231.277
2026-03-19 02:00:00+00:00,90.07,90.31,89.99,89.99,97.097
2026-03-19 03:00:00+00:00,90.04,91.39,89.95,90.76,155.501
2026-03-19 04:00:00+00:00,90.73,90.73,89.91,89.93,30.699
2026-03-19 05:00:00+00:00,89.93,90.03,89.76,89.86,3.477
2026-03-19 06:00:00+00:00,89.65,90.03,89.64,89.91,4.025
2026-03-19 07:00:00+00:00,89.9,90.0,88.67,89.59,34.827
2026-03-19 08:00:00+00:00,89.37,89.59,89.17,89.23,6.571
2026-03-19 09:00:00+00:00,89.55,90.24,89.55,90.2,35.867
2026-03-19 10:00:00+00:00,90.09,90.36,89.9,89.9,8.965
2026-03-19 11:00:00+00:00,89.86,89.9,89.48,89.56,78.38
2026-03-19 12:00:00+00:00,89.54,89.54,88.09,88.23,80.188
2026-03-19 13:00:00+00:00,88.12,88.64,87.61,88.58,139.407
2026-03-19 14:00:00+00:00,88.58,88.58,87.52,88.22,147.872
2026-03-19 15:00:00+00:00,88.29,88.69,87.23,87.73,124.818
2026-03-19 16:00:00+00:00,87.55,87.69,87.0,87.37,116.877
2026-03-19 17:00:00+00:00,87.52,88.32,87.13,88.22,103.148
2026-03-19 18:00:00+00:00,88.12,88.24,87.67,88.17,66.198
2026-03-19 19:00:00+00:00,88.49,89.26,88.49,88.84,16.999
2026-03-19 20:00:00+00:00,88.77,89.14,88.72,89.07,68.899
2026-03-19 21:00:00+00:00,89.09,89.2,88.95,89.2,17.227
2026-03-19 22:00:00+00:00,89.16,89.16,88.46,88.48,47.673
2026-03-19 23:00:00+00:00,88.9,89.2,88.72,88.93,94.328
2026-03-20 00:00:00+00:00,88.94,89.33,88.94,89.29,8.205
2026-03-20 01:00:00+00:00,89.5,89.71,89.49,89.58,44.588
2026-03-20 02:00:00+00:00,89.49,89.52,88.92,89.35,14.735
2026-03-20 03:00:00+00:00,89.3,89.71,89.3,89.67,11.802
2026-03-20 04:00:00+00:00,89.55,89.58,88.79,89.29,10.44
2026-03-20 05:00:00+00:00,89.15,89.41,88.88,89.41,27.715
2026-03-20 06:00:00+00:00,89.3,89.3,88.92,89.03,104.46
2026-03-20 07:00:00+00:00,89.03,89.03,88.57,88.66,4.41
2026-03-20 08:00:00+00:00,89.57,90.44,89.57,89.75,25.193
2026-03-20 09:00:00+00:00,89.78,89.78,88.76,88.98,61.699
2026-03-20 10:00:00+00:00,88.91,89.34,88.75,89.34,8.217
2026-03-20 11:00:00+00:00,89.31,89.54,88.95,89.14,10.81
2026-03-20 12:00:00+00:00,89.2,89.54,89.16,89.16,10.906
2026-03-20 13:00:00+00:00,89.13,89.53,88.7,88.97,19.833
2026-03-20 14:00:00+00:00,89.09,89.7,88.59,88.99,39.896
2026-03-20 15:00:00+00:00,88.97,89.22,88.64,88.83,27.538
2026-03-20 16:00:00+00:00,88.95,89.15,88.63,88.63,28.537
2026-03-20 17:00:00+00:00,88.97,88.98,88.19,88.92,275.573
2026-03-20 18:00:00+00:00,88.9,88.9,88.35,88.64,7.871
2026-03-20 19:00:00+00:00,88.76,89.01,88.24,89.01,42.303
2026-03-20 20:00:00+00:00,89.08,89.33,88.75,89.01,138.281
2026-03-20 21:00:00+00:00,89.04,89.88,89.03,89.63,247.123
2026-03-20 22:00:00+00:00,89.62,90.23,89.62,90.07,85.375
2026-03-20 23:00:00+00:00,90.11,90.11,89.83,89.9,8.813
2026-03-21 00:00:00+00:00,89.91,90.07,89.89,90.02,3.997
2026-03-21 01:00:00+00:00,90.12,90.3,89.88,89.88,2.787
2026-03-21 02:00:00+00:00,89.87,90.5,89.79,90.45,20.399
2026-03-21 03:00:00+00:00,90.42,90.51,90.36,90.39,5.192
2026-03-21 04:00:00+00:00,90.58,90.73,90.15,90.15,43.775
2026-03-21 05:00:00+00:00,90.31,90.46,89.98,90.01,76.086
2026-03-21 06:00:00+00:00,89.95,90.24,89.95,90.15,9.564
2026-03-21 07:00:00+00:00,90.21,90.41,90.18,90.18,16.028
2026-03-21 08:00:00+00:00,90.06,90.11,89.87,89.89,0.933
2026-03-21 09:00:00+00:00,90.05,90.25,90.05,90.2,55.911
2026-03-21 10:00:00+00:00,90.12,90.12,90.12,90.12,0.811
2026-03-21 11:00:00+00:00,89.85,89.85,89.85,89.85,1.905
2026-03-21 12:00:00+00:00,90.04,90.22,89.99,90.21,8.024
2026-03-21 13:00:00+00:00,90.24,90.26,90.12,90.2,4.556
2026-03-21 14:00:00+00:00,90.07,90.3,89.7,89.7,198.059
2026-03-21 15:00:00+00:00,89.69,89.84,89.63,89.78,83.472
2026-03-21 16:00:00+00:00,89.86,89.97,89.65,89.65,20.179
2026-03-21 17:00:00+00:00,89.64,89.66,89.47,89.55,27.445
2026-03-21 18:00:00+00:00,89.59,89.78,89.59,89.78,2.548
2026-03-21 19:00:00+00:00,89.87,89.91,89.72,89.81,22.046
2026-03-21 20:00:00+00:00,89.9,90.3,89.79,90.16,75.136
2026-03-21 21:00:00+00:00,90.16,90.22,89.92,89.98,4.331
2026-03-21 22:00:00+00:00,89.92,90.03,89.83,89.93,44.748
2026-03-21 23:00:00+00:00,89.83,89.85,87.27,87.27,85.725
2026-03-22 00:00:00+00:00,87.51,87.67,86.35,87.52,608.874
2026-03-22 01:00:00+00:00,87.39,87.5,87.09,87.38,25.011
2026-03-22 02:00:00+00:00,87.5,88.38,87.47,88.32,16.238
2026-03-22 03:00:00+00:00,88.09,89.13,87.74,88.69,18.266
2026-03-22 04:00:00+00:00,89.1,89.14,88.76,88.99,22.39
2026-03-22 05:00:00+00:00,88.93,88.94,88.56,88.56,5.978
2026-03-22 06:00:00+00:00,88.4,88.4,88.11,88.19,20.261
2026-03-22 07:00:00+00:00,88.28,88.31,87.75,87.78,11.855
2026-03-22 08:00:00+00:00,87.56,87.56,86.96,87.3,12.667
2026-03-22 09:00:00+00:00,87.62,87.62,87.18,87.18,1316.61
2026-03-22 10:00:00+00:00,87.29,87.38,87.29,87.33,21.183
2026-03-22 11:00:00+00:00,87.38,87.38,86.96,86.96,5.055
2026-03-22 12:00:00+00:00,86.9,87.31,86.9,87.31,5.155
2026-03-22 13:00:00+00:00,87.39,87.59,87.15,87.32,14.969
2026-03-22 14:00:00+00:00,87.39,87.44,87.17,87.25,10.677
2026-03-22 15:00:00+00:00,87.29,87.57,87.24,87.57,177.08
2026-03-22 16:00:00+00:00,87.5,87.58,87.33,87.55,33.481
2026-03-22 17:00:00+00:00,87.42,87.51,87.39,87.48,12.247
2026-03-22 18:00:00+00:00,87.15,87.26,86.62,86.71,18.245
2026-03-22 19:00:00+00:00,87.03,87.03,86.73,86.83,14.572
2026-03-22 20:00:00+00:00,87.06,87.16,86.6,86.6,68.25
2026-03-22 21:00:00+00:00,86.6,86.6,85.3,85.89,198.26
2026-03-22 22:00:00+00:00,86.02,86.74,85.8,86.74,11.56
2026-03-22 23:00:00+00:00,86.74,86.91,86.14,86.22,26.311
2026-03-23 00:00:00+00:00,86.29,86.37,85.5,86.05,43.143
2026-03-23 01:00:00+00:00,86.46,86.56,86.24,86.24,449.118
2026-03-23 02:00:00+00:00,86.13,86.85,86.13,86.68,23.969
2026-03-23 03:00:00+00:00,86.68,87.17,86.43,86.44,35.636
2026-03-23 04:00:00+00:00,86.52,86.52,86.44,86.44,0.26
2026-03-23 05:00:00+00:00,87.06,87.27,86.94,87.22,110.133
2026-03-23 06:00:00+00:00,87.16,87.16,85.6,85.73,102.959
2026-03-23 07:00:00+00:00,85.62,86.02,85.15,86.02,40.516
2026-03-23 08:00:00+00:00,86.09,86.3,86.06,86.3,0.28
2026-03-23 09:00:00+00:00,85.89,85.89,85.25,85.57,15.695
2026-03-23 10:00:00+00:00,85.8,86.02,85.78,85.87,30.536
2026-03-23 11:00:00+00:00,86.3,91.95,86.3,88.74,2718.225
2026-03-23 12:00:00+00:00,88.74,90.36,88.44,90.34,100.922
2026-03-23 13:00:00+00:00,90.47,91.42,89.83,91.09,269.639
2026-03-23 14:00:00+00:00,91.46,91.66,91.12,91.53,11.359
2026-03-23 15:00:00+00:00,91.66,92.21,89.88,89.88,324.986
2026-03-23 16:00:00+00:00,90.05,90.44,89.56,90.28,298.97
2026-03-23 17:00:00+00:00,90.45,91.36,89.83,91.32,51.226
2026-03-23 18:00:00+00:00,91.28,91.7,91.04,91.44,34.153
2026-03-23 19:00:00+00:00,91.78,91.84,91.37,91.39,27.291
2026-03-23 20:00:00+00:00,91.44,91.92,91.44,91.83,31.948
2026-03-23 21:00:00+00:00,91.73,91.87,91.59,91.84,15.201
2026-03-23 22:00:00+00:00,91.37,91.76,91.25,91.56,14.627
2026-03-23 23:00:00+00:00,91.49,91.5,91.03,91.5,47.954
2026-03-24 00:00:00+00:00,91.45,91.68,90.75,91.21,65.928
2026-03-24 01:00:00+00:00,91.02,91.06,90.22,90.53,8.104
2026-03-24 02:00:00+00:00,90.4,90.52,90.15,90.16,28.249
2026-03-24 03:00:00+00:00,90.17,90.34,90.0,90.32,233.844
2026-03-24 04:00:00+00:00,90.72,90.72,90.58,90.58,0.351
2026-03-24 05:00:00+00:00,90.08,90.41,90.03,90.17,50.074
2026-03-24 06:00:00+00:00,90.3,90.4,90.3,90.36,33.297
2026-03-24 07:00:00+00:00,90.57,91.84,90.57,91.67,19.167
2026-03-24 08:00:00+00:00,91.83,91.88,91.34,91.52,95.95
2026-03-24 09:00:00+00:00,91.49,92.08,91.18,92.08,30.457
2026-03-24 10:00:00+00:00,91.99,92.15,91.8,91.8,130.631
2026-03-24 11:00:00+00:00,91.69,92.11,91.69,91.77,6.991
2026-03-24 12:00:00+00:00,91.77,91.77,91.56,91.6,20.713
2026-03-24 13:00:00+00:00,91.64,91.77,89.63,89.78,248.487
2026-03-24 14:00:00+00:00,89.93,90.05,89.26,89.58,11.043
