00:03:59 | WARNING  | Connected to Kraken Live API (REAL MONEY - Use small amounts!)
00:03:59 | INFO     | 🔌 Crash monitor websocket starting...
00:03:59 | INFO     | 🔌 Real-time monitor: ACTIVE (crash + pump + volume)
00:03:59 | INFO     | Loaded existing state
00:04:02 | INFO     | 🔌 Crash monitor connected, subscribing to 16 pairs
00:04:03 | INFO     | 💰 Kraken account balance: $340.72
00:04:03 | INFO     | [CONTEXT] Loaded 56 contextual outcomes across 81 buckets
00:04:03 | INFO     | [FORWARD TOOL] No completed enriched-feature long outcomes yet
00:04:03 | INFO     | [META] Trained pooled meta-model on 56 samples (active)
00:04:03 | INFO     | [META] Bootstrapped pooled meta-model from 56 closed trades (active)
00:04:05 | INFO     | [RECONCILE] Done — 1 positions, 0 pending buys, 0 pending exits, deployed: $68.10, active balance: $272.62
00:04:05 | INFO     | 🚀 FINAL Trading Bot initialized with 8 UPGRADES
00:04:05 | INFO     | Total balance: $340.72 (start: $300.00)
00:04:05 | INFO     | Growth: +13.6%
00:04:05 | INFO     | Grid balance: $0.00 (0%)
00:04:05 | INFO     | Active balance: $272.62 (100%)
00:04:05 | INFO     | Trading pairs: 40 (expanded from 16)
00:04:05 | INFO     | Tier 1 tools with 2x margin: 8
00:04:05 | INFO     | Live trading: True
00:04:05 | INFO     | 🚀 FINAL TRADING BOT STARTING - THE ULTIMATE VERSION...
00:04:05 | INFO     | Live trading: True
00:04:05 | INFO     | Check interval: 300s
00:04:05 | INFO     | Trading pairs: 40 (expanded from 16)
00:04:05 | INFO     | Tier 1 tools with 2x margin: 8
00:04:05 | INFO     | ════════════════════════════════════════════════════════════════════════════════
00:04:45 | INFO     | 💰 Kraken account balance: $340.73
00:04:45 | INFO     | [VOLATILITY] Scanning 659 USD pairs for volatility...
00:04:47 | INFO     | [VOLATILITY] Selected 20 pairs (from 10 liquid). Top 5: RAVEUSD (score=0.59, vol=88.6%, pos=32%), XXMRZUSD (score=0.12, vol=10.6%, pos=76%), XZECZUSD (score=0.08, vol=9.5%, pos=47%), HYPEUSD (score=0.05, vol=6.3%, pos=49%), JITOSOLUSD (score=0.05, vol=4.2%, pos=85%)
00:04:48 | INFO     | [MARKET BEAR] defensive cash mode — short_pairs=38, short_signals=46, top3=15.6, dominance=1.97, active_allocation=65%
00:04:48 | INFO     | [STACK] DOGEUSD short: 2 tools (ema_cross_short+entropy_short) → score 6.2 × 1.3 = 8.1
00:04:48 | INFO     | [STACK] TRXUSD short: 2 tools (ema_cross_short+distribution_short) → score 4.2 × 1.3 = 5.5
00:04:48 | INFO     | [STACK] LDOUSD short: 2 tools (ema_cross_short+alt_btc_revert_t3) → score 7.3 × 1.3 = 9.4
00:04:48 | INFO     | [STACK] FILUSD short: 2 tools (ema_cross_short+entropy_short) → score 6.6 × 1.3 = 8.6
00:04:48 | INFO     | [STACK] OKBUSD short: 2 tools (ema_cross_short+entropy_short) → score 4.7 × 1.3 = 6.0
00:04:48 | INFO     | [STACK] ATOMUSD short: 2 tools (ema_cross_short+alt_btc_revert_t3) → score 10.4 × 1.3 = 13.5
00:04:48 | INFO     | [STACK] ADAUSD short: 2 tools (ema_cross_short+entropy_short) → score 7.3 × 1.3 = 9.4
00:04:48 | INFO     | [STACK] ETHUSD short: 2 tools (ema_cross_short+entropy_short) → score 6.9 × 1.3 = 9.0
00:04:48 | INFO     | Skipping simple_buy_uptrend (XLMUSD) - bull tool blocked in fear/bear (F&G=32, 75% bullish)
00:04:48 | INFO     | Skipping simple_buy_uptrend (KAVAUSD) - bull tool blocked in fear/bear (F&G=32, 75% bullish)
00:04:48 | DEBUG    | Skipping ema_cross_short (TIAUSD) — short blocked (US Non-ECP margin restriction)
00:04:48 | DEBUG    | Skipping ema_cross_short (AAVEUSD) — short blocked (US Non-ECP margin restriction)
00:04:48 | INFO     | [BEARISH OVERLAY] simple_buy_uptrend TIAUSD blocked — ema_cross_short short score 18.7 active
00:04:48 | INFO     | Skipping simple_buy_uptrend (ARBUSD) - bull tool blocked in fear/bear (F&G=32, 75% bullish)
00:04:48 | INFO     | Skipping simple_buy_uptrend (FLOKIUSD) - bull tool blocked in fear/bear (F&G=32, 75% bullish)
00:04:48 | DEBUG    | Skipping ema_cross_short (ATOMUSD) — short blocked (US Non-ECP margin restriction)
00:04:48 | INFO     | Skipping simple_buy_uptrend (INJUSD) - bull tool blocked in fear/bear (F&G=32, 75% bullish)
00:04:48 | INFO     | Skipping simple_buy_uptrend (APTUSD) - bull tool blocked in fear/bear (F&G=32, 75% bullish)
00:04:48 | DEBUG    | Skipping ema_cross_short (LDOUSD) — short blocked (US Non-ECP margin restriction)
00:04:48 | DEBUG    | Skipping ema_cross_short (ADAUSD) — short blocked (US Non-ECP margin restriction)
00:04:48 | DEBUG    | Skipping ema_cross_short (ETHUSD) — short blocked (US Non-ECP margin restriction)
00:04:48 | DEBUG    | Skipping ema_cross_short (FILUSD) — short blocked (US Non-ECP margin restriction)
00:04:48 | DEBUG    | Skipping ema_cross_short (JUPUSD) — short blocked (US Non-ECP margin restriction)
00:04:48 | INFO     | Skipping simple_buy_uptrend (HBARUSD) - bull tool blocked in fear/bear (F&G=32, 75% bullish)
00:04:48 | INFO     | Skipping simple_buy_uptrend (XRPUSD) - bull tool blocked in fear/bear (F&G=32, 75% bullish)
00:04:48 | DEBUG    | Skipping ema_cross_short (DOGEUSD) — short blocked (US Non-ECP margin restriction)
00:04:48 | DEBUG    | Skipping ema_cross_short (ONDOUSD) — short blocked (US Non-ECP margin restriction)
00:04:48 | DEBUG    | Skipping ema_cross_short (PEPEUSD) — short blocked (US Non-ECP margin restriction)
00:04:48 | DEBUG    | Skipping ema_cross_short (AVAXUSD) — short blocked (US Non-ECP margin restriction)
00:04:48 | DEBUG    | Skipping ema_cross_short (OPUSD) — short blocked (US Non-ECP margin restriction)
00:04:48 | DEBUG    | Skipping ema_cross_short (XBTUSD) — short blocked (US Non-ECP margin restriction)
00:04:48 | DEBUG    | Skipping ema_cross_short (NEARUSD) — short blocked (US Non-ECP margin restriction)
00:04:48 | DEBUG    | Skipping ema_cross_short (STXUSD) — short blocked (US Non-ECP margin restriction)
00:04:48 | DEBUG    | Skipping ema_cross_short (UNIUSD) — short blocked (US Non-ECP margin restriction)
00:04:48 | DEBUG    | Skipping ema_cross_short (ICPUSD) — short blocked (US Non-ECP margin restriction)
00:04:48 | DEBUG    | Skipping ema_cross_short (FLOKIUSD) — short blocked (US Non-ECP margin restriction)
00:04:48 | DEBUG    | Skipping ema_cross_short (SOLUSD) — short blocked (US Non-ECP margin restriction)
00:04:48 | DEBUG    | Skipping ema_cross_short (SUIUSD) — short blocked (US Non-ECP margin restriction)
00:04:48 | INFO     | Skipping simple_buy_uptrend (LINKUSD) - bull tool blocked in fear/bear (F&G=32, 75% bullish)
00:04:48 | DEBUG    | Skipping ema_cross_short (BCHUSD) — short blocked (US Non-ECP margin restriction)
00:04:48 | DEBUG    | Skipping ema_cross_short (SHIBUSD) — short blocked (US Non-ECP margin restriction)
00:04:48 | DEBUG    | Skipping ema_cross_short (RENDERUSD) — short blocked (US Non-ECP margin restriction)
00:04:48 | DEBUG    | Skipping ema_cross_short (ARBUSD) — short blocked (US Non-ECP margin restriction)
00:04:48 | DEBUG    | Skipping ema_cross_short (LINKUSD) — short blocked (US Non-ECP margin restriction)
00:04:48 | DEBUG    | Skipping ema_cross_short (KAVAUSD) — short blocked (US Non-ECP margin restriction)
00:04:48 | DEBUG    | Skipping ema_cross_short (OKBUSD) — short blocked (US Non-ECP margin restriction)
00:04:48 | DEBUG    | Skipping ema_cross_short (DOTUSD) — short blocked (US Non-ECP margin restriction)
00:04:48 | DEBUG    | Skipping ema_cross_short (BNBUSD) — short blocked (US Non-ECP margin restriction)
00:04:48 | DEBUG    | Skipping ema_cross_short (INJUSD) — short blocked (US Non-ECP margin restriction)
00:04:48 | DEBUG    | Skipping ema_cross_short (XLMUSD) — short blocked (US Non-ECP margin restriction)
00:04:48 | DEBUG    | Skipping ema_cross_short (LTCUSD) — short blocked (US Non-ECP margin restriction)
00:04:48 | DEBUG    | Skipping ema_cross_short (XRPUSD) — short blocked (US Non-ECP margin restriction)
00:04:48 | DEBUG    | Skipping ema_cross_short (APTUSD) — short blocked (US Non-ECP margin restriction)
00:04:48 | DEBUG    | Skipping ema_cross_short (TRXUSD) — short blocked (US Non-ECP margin restriction)
00:04:48 | DEBUG    | Skipping ema_cross_short (HBARUSD) — short blocked (US Non-ECP margin restriction)
00:04:48 | DEBUG    | Skipping ema_cross_short (TAOUSD) — short blocked (US Non-ECP margin restriction)
00:04:48 | INFO     | Skipping simple_buy_uptrend (TRXUSD) - bull tool blocked in fear/bear (F&G=32, 75% bullish)
00:04:48 | INFO     | [2026-04-22 00:04:48] CYCLE #4855 | F&G: 32 (Neutral) | Allocation: Grid 0% / Active 65%
00:04:48 | INFO     | Balance: $340.73 (start: $300.00, +13.6%) | Grid: $0.00 | Active: $153.37
00:04:48 | INFO     | Grid: 0 positions across 40 pairs | 0 round trips | $0.00 profit
00:04:48 | INFO     | Active: 1/8 positions open
00:04:48 | INFO     |   → HYPEUSD long +0.5% (btc_alt_spread, 11.3h held)
00:04:48 | INFO     | Signals this cycle: simple_buy_uptrend XLMUSD (score 20.4), simple_buy_uptrend KAVAUSD (score 19.4), ema_cross_short TIAUSD (score 18.7)
00:04:48 | INFO     | MTF: 10% bearish 4h, 90% bullish 4h | Avg 4h RSI: 62.2
00:04:48 | INFO     | Tool streaks: entropy_dip L5
00:04:48 | INFO     | Cycle took 42.2s, sleeping 257.8s
00:04:48 | INFO     | ════════════════════════════════════════════════════════════════════════════════
00:06:07 | INFO     | 💰 VOLUME SPIKE: XBTUSD 3.1x normal volume
00:06:08 | INFO     | 🔌 Real-time event during sleep! Processing...
00:07:01 | INFO     | 💰 VOLUME SPIKE: XRPUSD 4.9x normal volume
00:07:08 | INFO     | 🔌 Real-time event during sleep! Processing...
00:09:05 | INFO     | ════════════════════════════════════════════════════════════════════════════════
00:09:17 | INFO     | 💰 Kraken account balance: $340.55
00:09:17 | INFO     | [MARKET BEAR] normal — short_pairs=14, short_signals=17, top3=7.1, dominance=3.01, active_allocation=100%
00:09:17 | INFO     | [STACK] JITOSOLUSD short: 2 tools (ema_cross_short+entropy_short) → score 5.4 × 1.3 = 7.1
00:09:17 | INFO     | [STACK] ADAUSD short: 2 tools (ema_cross_short+entropy_short) → score 7.2 × 1.3 = 9.4
00:09:17 | INFO     | [STACK] ETHUSD short: 2 tools (ema_cross_short+entropy_short) → score 7.0 × 1.3 = 9.1
00:09:17 | INFO     | Skipping simple_buy_uptrend (XMRUSD) - bull tool blocked in fear/bear (F&G=32, 90% bullish)
00:09:17 | DEBUG    | Skipping ema_cross_short (ADAUSD) — short blocked (US Non-ECP margin restriction)
00:09:17 | DEBUG    | Skipping ema_cross_short (ETHUSD) — short blocked (US Non-ECP margin restriction)
00:09:17 | INFO     | Skipping simple_buy_uptrend (XRPUSD) - bull tool blocked in fear/bear (F&G=32, 90% bullish)
00:09:17 | DEBUG    | Skipping ema_cross_short (AVAXUSD) — short blocked (US Non-ECP margin restriction)
00:09:17 | DEBUG    | Skipping ema_cross_short (JITOSOLUSD) — short blocked (US Non-ECP margin restriction)
00:09:17 | DEBUG    | Skipping ema_cross_short (XBTUSD) — short blocked (US Non-ECP margin restriction)
00:09:17 | DEBUG    | Skipping ema_cross_short (SOLUSD) — short blocked (US Non-ECP margin restriction)
00:09:17 | INFO     | Skipping simple_buy_uptrend (LINKUSD) - bull tool blocked in fear/bear (F&G=32, 90% bullish)
00:09:17 | DEBUG    | Skipping ema_cross_short (XMRUSD) — short blocked (US Non-ECP margin restriction)
00:09:17 | DEBUG    | Skipping ema_cross_short (LINKUSD) — short blocked (US Non-ECP margin restriction)
00:09:17 | DEBUG    | Skipping ema_cross_short (DOTUSD) — short blocked (US Non-ECP margin restriction)
00:09:17 | DEBUG    | Skipping ema_cross_short (BNBUSD) — short blocked (US Non-ECP margin restriction)
00:09:17 | DEBUG    | Skipping ema_cross_short (LTCUSD) — short blocked (US Non-ECP margin restriction)
00:09:17 | DEBUG    | Skipping ema_cross_short (XRPUSD) — short blocked (US Non-ECP margin restriction)
00:09:17 | DEBUG    | Skipping ema_cross_short (ZECUSD) — short blocked (US Non-ECP margin restriction)
00:09:17 | DEBUG    | Skipping ema_cross_short (TAOUSD) — short blocked (US Non-ECP margin restriction)
00:09:17 | INFO     | [2026-04-22 00:09:17] CYCLE #4856 | F&G: 32 (Neutral) | Allocation: Grid 0% / Active 100%
00:09:17 | INFO     | Balance: $340.55 (start: $300.00, +13.5%) | Grid: $0.00 | Active: $272.45
00:09:17 | INFO     | Grid: 0 positions across 40 pairs | 0 round trips | $0.00 profit
00:09:17 | INFO     | Active: 1/8 positions open
00:09:17 | INFO     |   → HYPEUSD long +0.3% (btc_alt_spread, 11.3h held)
00:09:17 | INFO     | Signals this cycle: simple_buy_uptrend XMRUSD (score 15.0), ema_cross_short ADAUSD (score 9.4), ema_cross_short ETHUSD (score 9.1)
00:09:17 | INFO     | MTF: 18% bearish 4h, 82% bullish 4h | Avg 4h RSI: 60.4
00:09:17 | INFO     | Tool streaks: entropy_dip L5
00:09:17 | INFO     | Cycle took 11.3s, sleeping 288.7s
00:09:17 | INFO     | ════════════════════════════════════════════════════════════════════════════════
00:10:42 | INFO     | 💰 VOLUME SPIKE: XLMUSD 4.7x normal volume
00:10:47 | INFO     | 🔌 Real-time event during sleep! Processing...
00:13:46 | INFO     | 💰 VOLUME SPIKE: ETHUSD 3.7x normal volume
00:13:47 | INFO     | 🔌 Real-time event during sleep! Processing...
00:14:06 | INFO     | ════════════════════════════════════════════════════════════════════════════════
00:14:16 | INFO     | 💰 Kraken account balance: $340.57
00:14:17 | INFO     | [STACK] JITOSOLUSD short: 2 tools (ema_cross_short+entropy_short) → score 5.4 × 1.3 = 7.1
00:14:17 | INFO     | [STACK] ADAUSD short: 2 tools (ema_cross_short+entropy_short) → score 7.3 × 1.3 = 9.5
00:14:17 | INFO     | [STACK] ETHUSD short: 2 tools (ema_cross_short+entropy_short) → score 6.9 × 1.3 = 9.0
00:14:17 | INFO     | Skipping simple_buy_uptrend (XMRUSD) - bull tool blocked in fear/bear (F&G=32, 82% bullish)
00:14:17 | DEBUG    | Skipping ema_cross_short (ADAUSD) — short blocked (US Non-ECP margin restriction)
00:14:17 | DEBUG    | Skipping ema_cross_short (ETHUSD) — short blocked (US Non-ECP margin restriction)
00:14:17 | INFO     | Skipping simple_buy_uptrend (XRPUSD) - bull tool blocked in fear/bear (F&G=32, 82% bullish)
00:14:17 | DEBUG    | Skipping ema_cross_short (AVAXUSD) — short blocked (US Non-ECP margin restriction)
00:14:17 | DEBUG    | Skipping ema_cross_short (JITOSOLUSD) — short blocked (US Non-ECP margin restriction)
00:14:17 | DEBUG    | Skipping ema_cross_short (XBTUSD) — short blocked (US Non-ECP margin restriction)
00:14:17 | DEBUG    | Skipping ema_cross_short (SOLUSD) — short blocked (US Non-ECP margin restriction)
00:14:17 | INFO     | Skipping simple_buy_uptrend (LINKUSD) - bull tool blocked in fear/bear (F&G=32, 82% bullish)
00:14:17 | DEBUG    | Skipping ema_cross_short (XMRUSD) — short blocked (US Non-ECP margin restriction)
00:14:17 | DEBUG    | Skipping ema_cross_short (LINKUSD) — short blocked (US Non-ECP margin restriction)
00:14:17 | DEBUG    | Skipping ema_cross_short (DOTUSD) — short blocked (US Non-ECP margin restriction)
00:14:17 | DEBUG    | Skipping ema_cross_short (BNBUSD) — short blocked (US Non-ECP margin restriction)
00:14:17 | DEBUG    | Skipping ema_cross_short (LTCUSD) — short blocked (US Non-ECP margin restriction)
00:14:17 | DEBUG    | Skipping ema_cross_short (XRPUSD) — short blocked (US Non-ECP margin restriction)
00:14:17 | DEBUG    | Skipping ema_cross_short (ZECUSD) — short blocked (US Non-ECP margin restriction)
00:14:17 | DEBUG    | Skipping ema_cross_short (TAOUSD) — short blocked (US Non-ECP margin restriction)
00:14:17 | INFO     | [2026-04-22 00:14:17] CYCLE #4857 | F&G: 32 (Neutral) | Allocation: Grid 0% / Active 100%
00:14:17 | INFO     | Balance: $340.57 (start: $300.00, +13.5%) | Grid: $0.00 | Active: $272.47
00:14:17 | INFO     | Grid: 0 positions across 40 pairs | 0 round trips | $0.00 profit
00:14:17 | INFO     | Active: 1/8 positions open
00:14:17 | INFO     |   → HYPEUSD long +0.3% (btc_alt_spread, 11.4h held)
00:14:17 | INFO     | Signals this cycle: simple_buy_uptrend XMRUSD (score 15.3), ema_cross_short ADAUSD (score 9.5), ema_cross_short ETHUSD (score 9.0)
00:14:17 | INFO     | MTF: 18% bearish 4h, 82% bullish 4h | Avg 4h RSI: 60.3
00:14:17 | INFO     | Tool streaks: entropy_dip L5
00:14:17 | INFO     | Cycle took 10.9s, sleeping 289.1s
00:14:17 | INFO     | ════════════════════════════════════════════════════════════════════════════════
00:16:15 | INFO     | 💰 VOLUME SPIKE: SOLUSD 3.1x normal volume
00:16:17 | INFO     | 🔌 Real-time event during sleep! Processing...
00:19:06 | INFO     | ════════════════════════════════════════════════════════════════════════════════
00:19:21 | INFO     | 💰 Kraken account balance: $340.55
00:19:21 | INFO     | [STACK] JITOSOLUSD short: 2 tools (ema_cross_short+entropy_short) → score 5.4 × 1.3 = 7.1
00:19:21 | INFO     | [STACK] ETHUSD short: 2 tools (ema_cross_short+entropy_short) → score 6.8 × 1.3 = 8.9
00:19:21 | INFO     | Skipping simple_buy_uptrend (XMRUSD) - bull tool blocked in fear/bear (F&G=32, 82% bullish)
00:19:21 | INFO     | Skipping simple_buy_uptrend (DOTUSD) - bull tool blocked in fear/bear (F&G=32, 82% bullish)
00:19:21 | DEBUG    | Skipping ema_cross_short (ETHUSD) — short blocked (US Non-ECP margin restriction)
00:19:21 | INFO     | Skipping simple_buy_uptrend (XRPUSD) - bull tool blocked in fear/bear (F&G=32, 82% bullish)
00:19:21 | DEBUG    | Skipping ema_cross_short (AVAXUSD) — short blocked (US Non-ECP margin restriction)
00:19:21 | DEBUG    | Skipping ema_cross_short (JITOSOLUSD) — short blocked (US Non-ECP margin restriction)
00:19:21 | DEBUG    | Skipping ema_cross_short (ADAUSD) — short blocked (US Non-ECP margin restriction)
00:19:21 | DEBUG    | Skipping ema_cross_short (XBTUSD) — short blocked (US Non-ECP margin restriction)
00:19:21 | DEBUG    | Skipping ema_cross_short (SOLUSD) — short blocked (US Non-ECP margin restriction)
00:19:21 | INFO     | Skipping simple_buy_uptrend (LINKUSD) - bull tool blocked in fear/bear (F&G=32, 82% bullish)
00:19:21 | DEBUG    | Skipping ema_cross_short (XMRUSD) — short blocked (US Non-ECP margin restriction)
00:19:21 | DEBUG    | Skipping ema_cross_short (LINKUSD) — short blocked (US Non-ECP margin restriction)
00:19:21 | DEBUG    | Skipping ema_cross_short (DOTUSD) — short blocked (US Non-ECP margin restriction)
00:19:21 | DEBUG    | Skipping ema_cross_short (BNBUSD) — short blocked (US Non-ECP margin restriction)
00:19:21 | DEBUG    | Skipping ema_cross_short (ZECUSD) — short blocked (US Non-ECP margin restriction)
00:19:21 | DEBUG    | Skipping ema_cross_short (XRPUSD) — short blocked (US Non-ECP margin restriction)
00:19:21 | DEBUG    | Skipping ema_cross_short (LTCUSD) — short blocked (US Non-ECP margin restriction)
00:19:21 | DEBUG    | Skipping ema_cross_short (TAOUSD) — short blocked (US Non-ECP margin restriction)
00:19:21 | INFO     | [2026-04-22 00:19:21] CYCLE #4858 | F&G: 32 (Neutral) | Allocation: Grid 0% / Active 100%
00:19:21 | INFO     | Balance: $340.55 (start: $300.00, +13.5%) | Grid: $0.00 | Active: $272.45
00:19:21 | INFO     | Grid: 0 positions across 40 pairs | 0 round trips | $0.00 profit
00:19:21 | INFO     | Active: 1/8 positions open
00:19:21 | INFO     |   → HYPEUSD long +0.3% (btc_alt_spread, 11.5h held)
00:19:21 | INFO     | Signals this cycle: simple_buy_uptrend XMRUSD (score 15.0), simple_buy_uptrend DOTUSD (score 14.1), ema_cross_short ETHUSD (score 8.9)
00:19:21 | INFO     | MTF: 18% bearish 4h, 82% bullish 4h | Avg 4h RSI: 59.5
00:19:21 | INFO     | Tool streaks: entropy_dip L5
00:19:21 | INFO     | Cycle took 14.9s, sleeping 285.1s
00:19:21 | INFO     | ════════════════════════════════════════════════════════════════════════════════
00:20:50 | INFO     | 💰 VOLUME SPIKE: XRPUSD 3.4x normal volume
00:20:51 | INFO     | 🔌 Real-time event during sleep! Processing...
00:21:19 | INFO     | 💰 VOLUME SPIKE: XBTUSD 3.9x normal volume
00:21:21 | INFO     | 🔌 Real-time event during sleep! Processing...
00:23:21 | INFO     | 💰 VOLUME SPIKE: XLMUSD 3.8x normal volume
00:23:21 | INFO     | 🔌 Real-time event during sleep! Processing...
00:23:49 | INFO     | 💰 VOLUME SPIKE: ETHUSD 4.3x normal volume
00:23:51 | INFO     | 🔌 Real-time event during sleep! Processing...
00:24:06 | INFO     | ════════════════════════════════════════════════════════════════════════════════
00:24:19 | INFO     | 💰 Kraken account balance: $340.71
00:24:19 | INFO     | [STACK] JITOSOLUSD short: 2 tools (ema_cross_short+entropy_short) → score 5.4 × 1.3 = 7.1
00:24:19 | INFO     | [STACK] ETHUSD short: 2 tools (ema_cross_short+entropy_short) → score 6.8 × 1.3 = 8.9
00:24:19 | INFO     | Skipping simple_buy_uptrend (XMRUSD) - bull tool blocked in fear/bear (F&G=32, 82% bullish)
00:24:19 | INFO     | Skipping simple_buy_uptrend (DOTUSD) - bull tool blocked in fear/bear (F&G=32, 82% bullish)
00:24:19 | DEBUG    | Skipping ema_cross_short (ETHUSD) — short blocked (US Non-ECP margin restriction)
00:24:19 | INFO     | Skipping simple_buy_uptrend (XRPUSD) - bull tool blocked in fear/bear (F&G=32, 82% bullish)
00:24:19 | DEBUG    | Skipping ema_cross_short (AVAXUSD) — short blocked (US Non-ECP margin restriction)
00:24:19 | DEBUG    | Skipping ema_cross_short (JITOSOLUSD) — short blocked (US Non-ECP margin restriction)
00:24:19 | DEBUG    | Skipping ema_cross_short (ADAUSD) — short blocked (US Non-ECP margin restriction)
00:24:19 | DEBUG    | Skipping ema_cross_short (XBTUSD) — short blocked (US Non-ECP margin restriction)
00:24:19 | DEBUG    | Skipping ema_cross_short (SOLUSD) — short blocked (US Non-ECP margin restriction)
00:24:19 | DEBUG    | Skipping ema_cross_short (XMRUSD) — short blocked (US Non-ECP margin restriction)
00:24:19 | INFO     | Skipping simple_buy_uptrend (LINKUSD) - bull tool blocked in fear/bear (F&G=32, 82% bullish)
00:24:19 | DEBUG    | Skipping ema_cross_short (ZECUSD) — short blocked (US Non-ECP margin restriction)
00:24:19 | DEBUG    | Skipping ema_cross_short (LINKUSD) — short blocked (US Non-ECP margin restriction)
00:24:19 | DEBUG    | Skipping ema_cross_short (DOTUSD) — short blocked (US Non-ECP margin restriction)
00:24:19 | DEBUG    | Skipping ema_cross_short (BNBUSD) — short blocked (US Non-ECP margin restriction)
00:24:19 | DEBUG    | Skipping ema_cross_short (LTCUSD) — short blocked (US Non-ECP margin restriction)
00:24:19 | DEBUG    | Skipping ema_cross_short (XRPUSD) — short blocked (US Non-ECP margin restriction)
00:24:19 | DEBUG    | Skipping ema_cross_short (TAOUSD) — short blocked (US Non-ECP margin restriction)
00:24:19 | INFO     | [2026-04-22 00:24:19] CYCLE #4859 | F&G: 32 (Neutral) | Allocation: Grid 0% / Active 100%
00:24:19 | INFO     | Balance: $340.71 (start: $300.00, +13.6%) | Grid: $0.00 | Active: $272.60
00:24:19 | INFO     | Grid: 0 positions across 40 pairs | 0 round trips | $0.00 profit
00:24:19 | INFO     | Active: 1/8 positions open
00:24:19 | INFO     |   → HYPEUSD long +0.5% (btc_alt_spread, 11.6h held)
00:24:19 | INFO     | Signals this cycle: simple_buy_uptrend XMRUSD (score 15.6), simple_buy_uptrend DOTUSD (score 14.1), ema_cross_short ETHUSD (score 8.9)
00:24:19 | INFO     | MTF: 18% bearish 4h, 82% bullish 4h | Avg 4h RSI: 59.8
00:24:19 | INFO     | Tool streaks: entropy_dip L5
00:24:19 | INFO     | Cycle took 12.7s, sleeping 287.3s
00:24:19 | INFO     | ════════════════════════════════════════════════════════════════════════════════
00:25:48 | INFO     | 💰 VOLUME SPIKE: LTCUSD 3.2x normal volume
00:25:49 | INFO     | 🔌 Real-time event during sleep! Processing...
00:26:34 | INFO     | 💰 VOLUME SPIKE: SOLUSD 4.2x normal volume
00:26:39 | INFO     | 🔌 Real-time event during sleep! Processing...
00:27:37 | INFO     | 💰 VOLUME SPIKE: ADAUSD 4.2x normal volume
00:27:39 | INFO     | 🔌 Real-time event during sleep! Processing...
00:28:10 | INFO     | 💰 VOLUME SPIKE: ATOMUSD 3.9x normal volume
00:28:19 | INFO     | 🔌 Real-time event during sleep! Processing...
00:29:06 | INFO     | ════════════════════════════════════════════════════════════════════════════════
00:29:18 | INFO     | 💰 Kraken account balance: $340.93
00:29:18 | INFO     | [STACK] JITOSOLUSD short: 2 tools (ema_cross_short+entropy_short) → score 5.4 × 1.3 = 7.1
00:29:18 | INFO     | [STACK] ADAUSD short: 2 tools (ema_cross_short+entropy_short) → score 7.1 × 1.3 = 9.2
00:29:18 | INFO     | [STACK] ETHUSD short: 2 tools (ema_cross_short+entropy_short) → score 6.9 × 1.3 = 8.9
00:29:18 | INFO     | Skipping simple_buy_uptrend (XMRUSD) - bull tool blocked in fear/bear (F&G=32, 82% bullish)
00:29:18 | DEBUG    | Skipping ema_cross_short (ADAUSD) — short blocked (US Non-ECP margin restriction)
00:29:18 | DEBUG    | Skipping ema_cross_short (ETHUSD) — short blocked (US Non-ECP margin restriction)
00:29:18 | INFO     | Skipping simple_buy_uptrend (XRPUSD) - bull tool blocked in fear/bear (F&G=32, 82% bullish)
00:29:18 | DEBUG    | Skipping ema_cross_short (AVAXUSD) — short blocked (US Non-ECP margin restriction)
00:29:18 | DEBUG    | Skipping ema_cross_short (JITOSOLUSD) — short blocked (US Non-ECP margin restriction)
00:29:18 | DEBUG    | Skipping ema_cross_short (XBTUSD) — short blocked (US Non-ECP margin restriction)
00:29:18 | DEBUG    | Skipping ema_cross_short (SOLUSD) — short blocked (US Non-ECP margin restriction)
00:29:18 | INFO     | Skipping simple_buy_uptrend (LINKUSD) - bull tool blocked in fear/bear (F&G=32, 82% bullish)
00:29:18 | DEBUG    | Skipping ema_cross_short (ZECUSD) — short blocked (US Non-ECP margin restriction)
00:29:18 | DEBUG    | Skipping ema_cross_short (XMRUSD) — short blocked (US Non-ECP margin restriction)
00:29:18 | DEBUG    | Skipping ema_cross_short (LINKUSD) — short blocked (US Non-ECP margin restriction)
00:29:18 | DEBUG    | Skipping ema_cross_short (DOTUSD) — short blocked (US Non-ECP margin restriction)
00:29:18 | DEBUG    | Skipping ema_cross_short (BNBUSD) — short blocked (US Non-ECP margin restriction)
00:29:18 | DEBUG    | Skipping ema_cross_short (LTCUSD) — short blocked (US Non-ECP margin restriction)
00:29:18 | DEBUG    | Skipping ema_cross_short (XRPUSD) — short blocked (US Non-ECP margin restriction)
00:29:18 | DEBUG    | Skipping ema_cross_short (TAOUSD) — short blocked (US Non-ECP margin restriction)
00:29:18 | INFO     | [2026-04-22 00:29:18] CYCLE #4860 | F&G: 32 (Neutral) | Allocation: Grid 0% / Active 100%
00:29:18 | INFO     | Balance: $340.93 (start: $300.00, +13.6%) | Grid: $0.00 | Active: $272.83
00:29:18 | INFO     | Grid: 0 positions across 40 pairs | 0 round trips | $0.00 profit
00:29:18 | INFO     | Active: 1/8 positions open
00:29:18 | INFO     |   → HYPEUSD long +0.8% (btc_alt_spread, 11.7h held)
00:29:18 | INFO     | Signals this cycle: simple_buy_uptrend XMRUSD (score 14.9), ema_cross_short ADAUSD (score 9.2), ema_cross_short ETHUSD (score 8.9)
00:29:18 | INFO     | MTF: 18% bearish 4h, 82% bullish 4h | Avg 4h RSI: 60.1
00:29:18 | INFO     | Tool streaks: entropy_dip L5
00:29:18 | INFO     | Cycle took 11.9s, sleeping 288.1s
00:29:18 | INFO     | ════════════════════════════════════════════════════════════════════════════════
00:31:24 | INFO     | 💰 VOLUME SPIKE: XBTUSD 4.2x normal volume
00:31:28 | INFO     | 🔌 Real-time event during sleep! Processing...
00:33:58 | INFO     | 💰 VOLUME SPIKE: ETHUSD 3.2x normal volume
00:33:58 | INFO     | 🔌 Real-time event during sleep! Processing...
00:34:07 | INFO     | ════════════════════════════════════════════════════════════════════════════════
00:34:19 | INFO     | 💰 Kraken account balance: $341.00
00:34:19 | INFO     | [STACK] JITOSOLUSD short: 2 tools (ema_cross_short+entropy_short) → score 5.4 × 1.3 = 7.1
00:34:19 | INFO     | [STACK] ADAUSD short: 2 tools (ema_cross_short+entropy_short) → score 7.1 × 1.3 = 9.2
00:34:19 | INFO     | [STACK] ETHUSD short: 2 tools (ema_cross_short+entropy_short) → score 6.8 × 1.3 = 8.8
00:34:19 | INFO     | Skipping simple_buy_uptrend (XMRUSD) - bull tool blocked in fear/bear (F&G=32, 82% bullish)
00:34:19 | DEBUG    | Skipping ema_cross_short (ADAUSD) — short blocked (US Non-ECP margin restriction)
00:34:19 | DEBUG    | Skipping ema_cross_short (ETHUSD) — short blocked (US Non-ECP margin restriction)
00:34:19 | INFO     | Skipping simple_buy_uptrend (XRPUSD) - bull tool blocked in fear/bear (F&G=32, 82% bullish)
00:34:19 | DEBUG    | Skipping ema_cross_short (AVAXUSD) — short blocked (US Non-ECP margin restriction)
00:34:19 | DEBUG    | Skipping ema_cross_short (JITOSOLUSD) — short blocked (US Non-ECP margin restriction)
00:34:19 | DEBUG    | Skipping ema_cross_short (XBTUSD) — short blocked (US Non-ECP margin restriction)
00:34:19 | DEBUG    | Skipping ema_cross_short (SOLUSD) — short blocked (US Non-ECP margin restriction)
00:34:19 | INFO     | Skipping simple_buy_uptrend (LINKUSD) - bull tool blocked in fear/bear (F&G=32, 82% bullish)
00:34:19 | DEBUG    | Skipping ema_cross_short (XMRUSD) — short blocked (US Non-ECP margin restriction)
00:34:19 | DEBUG    | Skipping ema_cross_short (DOTUSD) — short blocked (US Non-ECP margin restriction)
00:34:19 | DEBUG    | Skipping ema_cross_short (LINKUSD) — short blocked (US Non-ECP margin restriction)
00:34:19 | DEBUG    | Skipping ema_cross_short (ZECUSD) — short blocked (US Non-ECP margin restriction)
00:34:19 | DEBUG    | Skipping ema_cross_short (BNBUSD) — short blocked (US Non-ECP margin restriction)
00:34:19 | DEBUG    | Skipping ema_cross_short (LTCUSD) — short blocked (US Non-ECP margin restriction)
00:34:19 | DEBUG    | Skipping ema_cross_short (XRPUSD) — short blocked (US Non-ECP margin restriction)
00:34:19 | DEBUG    | Skipping ema_cross_short (TAOUSD) — short blocked (US Non-ECP margin restriction)
00:34:19 | INFO     | [2026-04-22 00:34:19] CYCLE #4861 | F&G: 32 (Neutral) | Allocation: Grid 0% / Active 100%
00:34:19 | INFO     | Balance: $341.00 (start: $300.00, +13.7%) | Grid: $0.00 | Active: $272.90
00:34:19 | INFO     | Grid: 0 positions across 40 pairs | 0 round trips | $0.00 profit
00:34:19 | INFO     | Active: 1/8 positions open
00:34:19 | INFO     |   → HYPEUSD long +0.9% (btc_alt_spread, 11.8h held)
00:34:19 | INFO     | Signals this cycle: simple_buy_uptrend XMRUSD (score 15.3), ema_cross_short ADAUSD (score 9.2), ema_cross_short ETHUSD (score 8.8)
00:34:19 | INFO     | MTF: 18% bearish 4h, 82% bullish 4h | Avg 4h RSI: 60.5
00:34:19 | INFO     | Tool streaks: entropy_dip L5
00:34:19 | INFO     | Cycle took 12.3s, sleeping 287.7s
00:34:19 | INFO     | ════════════════════════════════════════════════════════════════════════════════
00:37:04 | INFO     | 💰 VOLUME SPIKE: SOLUSD 3.6x normal volume
00:37:09 | INFO     | 🔌 Real-time event during sleep! Processing...
00:37:12 | INFO     | 💰 VOLUME SPIKE: LTCUSD 3.6x normal volume
00:37:19 | INFO     | 🔌 Real-time event during sleep! Processing...
00:37:58 | INFO     | 💰 VOLUME SPIKE: XLMUSD 4.8x normal volume
00:37:59 | INFO     | 🔌 Real-time event during sleep! Processing...
00:38:44 | INFO     | 💰 VOLUME SPIKE: ATOMUSD 3.5x normal volume
00:38:49 | INFO     | 🔌 Real-time event during sleep! Processing...
00:39:07 | INFO     | ════════════════════════════════════════════════════════════════════════════════
00:39:14 | INFO     | 💰 VOLUME SPIKE: ADAUSD 3.3x normal volume
00:39:16 | INFO     | 💰 VOLUME SPIKE: DOTUSD 3.2x normal volume
00:39:18 | INFO     | 💰 Kraken account balance: $341.00
00:39:18 | INFO     | [STACK] JITOSOLUSD short: 2 tools (ema_cross_short+entropy_short) → score 5.4 × 1.3 = 7.1
00:39:18 | INFO     | [STACK] ADAUSD short: 2 tools (ema_cross_short+entropy_short) → score 7.3 × 1.3 = 9.5
00:39:18 | INFO     | [STACK] ETHUSD short: 2 tools (ema_cross_short+entropy_short) → score 6.9 × 1.3 = 9.0
00:39:18 | INFO     | Skipping simple_buy_uptrend (XMRUSD) - bull tool blocked in fear/bear (F&G=32, 82% bullish)
00:39:18 | DEBUG    | Skipping ema_cross_short (ADAUSD) — short blocked (US Non-ECP margin restriction)
00:39:18 | DEBUG    | Skipping ema_cross_short (ETHUSD) — short blocked (US Non-ECP margin restriction)
00:39:18 | INFO     | Skipping simple_buy_uptrend (XRPUSD) - bull tool blocked in fear/bear (F&G=32, 82% bullish)
00:39:18 | DEBUG    | Skipping ema_cross_short (AVAXUSD) — short blocked (US Non-ECP margin restriction)
00:39:18 | DEBUG    | Skipping ema_cross_short (JITOSOLUSD) — short blocked (US Non-ECP margin restriction)
00:39:18 | DEBUG    | Skipping ema_cross_short (XBTUSD) — short blocked (US Non-ECP margin restriction)
00:39:18 | DEBUG    | Skipping ema_cross_short (SOLUSD) — short blocked (US Non-ECP margin restriction)
00:39:18 | INFO     | Skipping simple_buy_uptrend (LINKUSD) - bull tool blocked in fear/bear (F&G=32, 82% bullish)
00:39:18 | DEBUG    | Skipping ema_cross_short (XMRUSD) — short blocked (US Non-ECP margin restriction)
00:39:18 | DEBUG    | Skipping ema_cross_short (DOTUSD) — short blocked (US Non-ECP margin restriction)
00:39:18 | DEBUG    | Skipping ema_cross_short (LINKUSD) — short blocked (US Non-ECP margin restriction)
00:39:18 | DEBUG    | Skipping ema_cross_short (ZECUSD) — short blocked (US Non-ECP margin restriction)
00:39:18 | DEBUG    | Skipping ema_cross_short (BNBUSD) — short blocked (US Non-ECP margin restriction)
00:39:18 | DEBUG    | Skipping ema_cross_short (XRPUSD) — short blocked (US Non-ECP margin restriction)
00:39:18 | DEBUG    | Skipping ema_cross_short (LTCUSD) — short blocked (US Non-ECP margin restriction)
00:39:18 | DEBUG    | Skipping ema_cross_short (TAOUSD) — short blocked (US Non-ECP margin restriction)
00:39:18 | INFO     | [2026-04-22 00:39:18] CYCLE #4862 | F&G: 32 (Neutral) | Allocation: Grid 0% / Active 100%
00:39:18 | INFO     | Balance: $341.00 (start: $300.00, +13.7%) | Grid: $0.00 | Active: $272.90
00:39:18 | INFO     | Grid: 0 positions across 40 pairs | 0 round trips | $0.00 profit
00:39:18 | INFO     | Active: 1/8 positions open
00:39:18 | INFO     |   → HYPEUSD long +0.9% (btc_alt_spread, 11.8h held)
00:39:18 | INFO     | Signals this cycle: simple_buy_uptrend XMRUSD (score 15.3), ema_cross_short ADAUSD (score 9.5), ema_cross_short ETHUSD (score 9.0)
00:39:18 | INFO     | MTF: 18% bearish 4h, 82% bullish 4h | Avg 4h RSI: 61.0
00:39:18 | INFO     | Tool streaks: entropy_dip L5
00:39:18 | INFO     | Cycle took 11.3s, sleeping 288.7s
00:39:18 | INFO     | ════════════════════════════════════════════════════════════════════════════════
00:39:28 | INFO     | 🔌 Real-time event during sleep! Processing...
00:40:03 | INFO     | 💰 VOLUME SPIKE: LINKUSD 5.0x normal volume
00:40:08 | INFO     | 🔌 Real-time event during sleep! Processing...
00:40:31 | INFO     | 💰 VOLUME SPIKE: XRPUSD 3.3x normal volume
00:40:38 | INFO     | 🔌 Real-time event during sleep! Processing...
00:44:07 | INFO     | ════════════════════════════════════════════════════════════════════════════════
00:44:19 | INFO     | 💰 Kraken account balance: $340.98
00:44:19 | INFO     | [STACK] JITOSOLUSD short: 2 tools (ema_cross_short+entropy_short) → score 5.4 × 1.3 = 7.1
00:44:19 | INFO     | [STACK] ETHUSD short: 2 tools (ema_cross_short+entropy_short) → score 7.0 × 1.3 = 9.0
00:44:19 | INFO     | Skipping simple_buy_uptrend (XMRUSD) - bull tool blocked in fear/bear (F&G=32, 82% bullish)
00:44:19 | DEBUG    | Skipping ema_cross_short (ETHUSD) — short blocked (US Non-ECP margin restriction)
00:44:19 | INFO     | Skipping simple_buy_uptrend (XRPUSD) - bull tool blocked in fear/bear (F&G=32, 82% bullish)
00:44:19 | DEBUG    | Skipping ema_cross_short (ADAUSD) — short blocked (US Non-ECP margin restriction)
00:44:19 | DEBUG    | Skipping ema_cross_short (AVAXUSD) — short blocked (US Non-ECP margin restriction)
00:44:19 | DEBUG    | Skipping ema_cross_short (JITOSOLUSD) — short blocked (US Non-ECP margin restriction)
00:44:19 | DEBUG    | Skipping ema_cross_short (XBTUSD) — short blocked (US Non-ECP margin restriction)
00:44:19 | DEBUG    | Skipping ema_cross_short (SOLUSD) — short blocked (US Non-ECP margin restriction)
00:44:19 | INFO     | Skipping simple_buy_uptrend (LINKUSD) - bull tool blocked in fear/bear (F&G=32, 82% bullish)
00:44:19 | DEBUG    | Skipping ema_cross_short (DOTUSD) — short blocked (US Non-ECP margin restriction)
00:44:19 | DEBUG    | Skipping ema_cross_short (XMRUSD) — short blocked (US Non-ECP margin restriction)
00:44:19 | DEBUG    | Skipping ema_cross_short (LINKUSD) — short blocked (US Non-ECP margin restriction)
00:44:19 | DEBUG    | Skipping ema_cross_short (ZECUSD) — short blocked (US Non-ECP margin restriction)
00:44:19 | DEBUG    | Skipping ema_cross_short (BNBUSD) — short blocked (US Non-ECP margin restriction)
00:44:19 | DEBUG    | Skipping ema_cross_short (LTCUSD) — short blocked (US Non-ECP margin restriction)
00:44:19 | DEBUG    | Skipping ema_cross_short (XRPUSD) — short blocked (US Non-ECP margin restriction)
00:44:19 | DEBUG    | Skipping ema_cross_short (TAOUSD) — short blocked (US Non-ECP margin restriction)
00:44:19 | INFO     | [2026-04-22 00:44:19] CYCLE #4863 | F&G: 32 (Neutral) | Allocation: Grid 0% / Active 100%
00:44:19 | INFO     | Balance: $340.98 (start: $300.00, +13.7%) | Grid: $0.00 | Active: $272.88
00:44:19 | INFO     | Grid: 0 positions across 40 pairs | 0 round trips | $0.00 profit
00:44:19 | INFO     | Active: 1/8 positions open
00:44:19 | INFO     |   → HYPEUSD long +0.9% (btc_alt_spread, 11.9h held)
00:44:19 | INFO     | Signals this cycle: simple_buy_uptrend XMRUSD (score 15.2), ema_cross_short ETHUSD (score 9.0), simple_buy_uptrend XRPUSD (score 8.3)
00:44:19 | INFO     | MTF: 18% bearish 4h, 82% bullish 4h | Avg 4h RSI: 61.6
00:44:19 | INFO     | Tool streaks: entropy_dip L5
00:44:19 | INFO     | Cycle took 12.0s, sleeping 288.0s
00:44:19 | INFO     | ════════════════════════════════════════════════════════════════════════════════
00:49:07 | INFO     | ════════════════════════════════════════════════════════════════════════════════
00:49:20 | INFO     | 💰 Kraken account balance: $340.88
00:49:20 | INFO     | [STACK] JITOSOLUSD short: 2 tools (ema_cross_short+entropy_short) → score 5.4 × 1.3 = 7.1
00:49:20 | INFO     | [STACK] ADAUSD short: 2 tools (ema_cross_short+entropy_short) → score 7.1 × 1.3 = 9.2
00:49:20 | INFO     | [STACK] ETHUSD short: 2 tools (ema_cross_short+entropy_short) → score 6.9 × 1.3 = 9.0
00:49:20 | INFO     | Skipping simple_buy_uptrend (XMRUSD) - bull tool blocked in fear/bear (F&G=32, 82% bullish)
00:49:20 | DEBUG    | Skipping ema_cross_short (ADAUSD) — short blocked (US Non-ECP margin restriction)
00:49:20 | DEBUG    | Skipping ema_cross_short (ETHUSD) — short blocked (US Non-ECP margin restriction)
00:49:20 | INFO     | Skipping simple_buy_uptrend (XRPUSD) - bull tool blocked in fear/bear (F&G=32, 82% bullish)
00:49:20 | DEBUG    | Skipping ema_cross_short (AVAXUSD) — short blocked (US Non-ECP margin restriction)
00:49:20 | DEBUG    | Skipping ema_cross_short (JITOSOLUSD) — short blocked (US Non-ECP margin restriction)
00:49:20 | DEBUG    | Skipping ema_cross_short (XBTUSD) — short blocked (US Non-ECP margin restriction)
00:49:20 | DEBUG    | Skipping ema_cross_short (SOLUSD) — short blocked (US Non-ECP margin restriction)
00:49:20 | DEBUG    | Skipping ema_cross_short (DOTUSD) — short blocked (US Non-ECP margin restriction)
00:49:20 | DEBUG    | Skipping ema_cross_short (XMRUSD) — short blocked (US Non-ECP margin restriction)
00:49:20 | INFO     | Skipping simple_buy_uptrend (LINKUSD) - bull tool blocked in fear/bear (F&G=32, 82% bullish)
00:49:20 | DEBUG    | Skipping ema_cross_short (ZECUSD) — short blocked (US Non-ECP margin restriction)
00:49:20 | DEBUG    | Skipping ema_cross_short (LINKUSD) — short blocked (US Non-ECP margin restriction)
00:49:20 | DEBUG    | Skipping ema_cross_short (BNBUSD) — short blocked (US Non-ECP margin restriction)
00:49:20 | DEBUG    | Skipping ema_cross_short (LTCUSD) — short blocked (US Non-ECP margin restriction)
00:49:20 | DEBUG    | Skipping ema_cross_short (XRPUSD) — short blocked (US Non-ECP margin restriction)
00:49:20 | DEBUG    | Skipping ema_cross_short (TAOUSD) — short blocked (US Non-ECP margin restriction)
00:49:20 | INFO     | [2026-04-22 00:49:20] CYCLE #4864 | F&G: 32 (Neutral) | Allocation: Grid 0% / Active 100%
00:49:20 | INFO     | Balance: $340.88 (start: $300.00, +13.6%) | Grid: $0.00 | Active: $272.78
00:49:20 | INFO     | Grid: 0 positions across 40 pairs | 0 round trips | $0.00 profit
00:49:20 | INFO     | Active: 1/8 positions open
00:49:20 | INFO     |   → HYPEUSD long +0.8% (btc_alt_spread, 12.0h held)
00:49:20 | INFO     | Signals this cycle: simple_buy_uptrend XMRUSD (score 15.2), ema_cross_short ADAUSD (score 9.2), ema_cross_short ETHUSD (score 9.0)
00:49:20 | INFO     | MTF: 18% bearish 4h, 82% bullish 4h | Avg 4h RSI: 60.8
00:49:20 | INFO     | Tool streaks: entropy_dip L5
00:49:20 | INFO     | Cycle took 12.9s, sleeping 287.1s
00:49:20 | INFO     | ════════════════════════════════════════════════════════════════════════════════
00:49:22 | INFO     | 💰 VOLUME SPIKE: ADAUSD 3.5x normal volume
00:49:30 | INFO     | 🔌 Real-time event during sleep! Processing...
00:50:14 | INFO     | 💰 VOLUME SPIKE: ETHUSD 4.7x normal volume
00:50:20 | INFO     | 🔌 Real-time event during sleep! Processing...
00:50:29 | INFO     | 💰 VOLUME SPIKE: LINKUSD 4.5x normal volume
00:50:30 | INFO     | 🔌 Real-time event during sleep! Processing...
00:50:58 | INFO     | 💰 VOLUME SPIKE: LTCUSD 3.1x normal volume
00:51:00 | INFO     | 🔌 Real-time event during sleep! Processing...
00:51:18 | INFO     | 💰 VOLUME SPIKE: DOTUSD 4.6x normal volume
00:51:18 | INFO     | 💰 VOLUME SPIKE: XLMUSD 4.5x normal volume
00:51:20 | INFO     | 🔌 Real-time event during sleep! Processing...
00:52:14 | INFO     | 💰 VOLUME SPIKE: ATOMUSD 3.0x normal volume
00:52:20 | INFO     | 🔌 Real-time event during sleep! Processing...
00:52:43 | INFO     | 💰 VOLUME SPIKE: SOLUSD 4.6x normal volume
00:52:50 | INFO     | 🔌 Real-time event during sleep! Processing...
00:52:56 | INFO     | 💰 VOLUME SPIKE: XBTUSD 3.2x normal volume
00:53:00 | INFO     | 🔌 Real-time event during sleep! Processing...
00:54:07 | INFO     | ════════════════════════════════════════════════════════════════════════════════
00:54:19 | INFO     | 💰 Kraken account balance: $340.84
00:54:19 | INFO     | [STACK] JITOSOLUSD short: 2 tools (ema_cross_short+entropy_short) → score 5.4 × 1.3 = 7.1
00:54:19 | INFO     | [STACK] ADAUSD short: 2 tools (ema_cross_short+entropy_short) → score 7.2 × 1.3 = 9.4
00:54:19 | INFO     | [STACK] ETHUSD short: 2 tools (ema_cross_short+entropy_short) → score 6.9 × 1.3 = 9.0
00:54:19 | INFO     | Skipping simple_buy_uptrend (XMRUSD) - bull tool blocked in fear/bear (F&G=32, 82% bullish)
00:54:19 | DEBUG    | Skipping ema_cross_short (ADAUSD) — short blocked (US Non-ECP margin restriction)
00:54:19 | DEBUG    | Skipping ema_cross_short (ETHUSD) — short blocked (US Non-ECP margin restriction)
00:54:19 | INFO     | Skipping simple_buy_uptrend (XRPUSD) - bull tool blocked in fear/bear (F&G=32, 82% bullish)
00:54:19 | DEBUG    | Skipping ema_cross_short (AVAXUSD) — short blocked (US Non-ECP margin restriction)
00:54:19 | DEBUG    | Skipping ema_cross_short (JITOSOLUSD) — short blocked (US Non-ECP margin restriction)
00:54:19 | DEBUG    | Skipping ema_cross_short (XBTUSD) — short blocked (US Non-ECP margin restriction)
00:54:19 | DEBUG    | Skipping ema_cross_short (DOTUSD) — short blocked (US Non-ECP margin restriction)
00:54:19 | DEBUG    | Skipping ema_cross_short (SOLUSD) — short blocked (US Non-ECP margin restriction)
00:54:19 | DEBUG    | Skipping ema_cross_short (XMRUSD) — short blocked (US Non-ECP margin restriction)
00:54:19 | INFO     | Skipping simple_buy_uptrend (LINKUSD) - bull tool blocked in fear/bear (F&G=32, 82% bullish)
00:54:19 | DEBUG    | Skipping ema_cross_short (LINKUSD) — short blocked (US Non-ECP margin restriction)
00:54:19 | DEBUG    | Skipping ema_cross_short (BNBUSD) — short blocked (US Non-ECP margin restriction)
00:54:19 | DEBUG    | Skipping ema_cross_short (ZECUSD) — short blocked (US Non-ECP margin restriction)
00:54:19 | DEBUG    | Skipping ema_cross_short (LTCUSD) — short blocked (US Non-ECP margin restriction)
00:54:19 | DEBUG    | Skipping ema_cross_short (XRPUSD) — short blocked (US Non-ECP margin restriction)
00:54:19 | DEBUG    | Skipping ema_cross_short (TAOUSD) — short blocked (US Non-ECP margin restriction)
00:54:19 | INFO     | [2026-04-22 00:54:19] CYCLE #4865 | F&G: 32 (Neutral) | Allocation: Grid 0% / Active 100%
00:54:19 | INFO     | Balance: $340.84 (start: $300.00, +13.6%) | Grid: $0.00 | Active: $272.74
00:54:19 | INFO     | Grid: 0 positions across 40 pairs | 0 round trips | $0.00 profit
00:54:19 | INFO     | Active: 1/8 positions open
00:54:19 | INFO     |   → HYPEUSD long +0.7% (btc_alt_spread, 12.1h held)
00:54:19 | INFO     | Signals this cycle: simple_buy_uptrend XMRUSD (score 15.2), ema_cross_short ADAUSD (score 9.4), ema_cross_short ETHUSD (score 9.0)
00:54:19 | INFO     | MTF: 18% bearish 4h, 82% bullish 4h | Avg 4h RSI: 60.5
00:54:19 | INFO     | Tool streaks: entropy_dip L5
00:54:19 | INFO     | Cycle took 11.6s, sleeping 288.4s
00:54:19 | INFO     | ════════════════════════════════════════════════════════════════════════════════
00:58:31 | INFO     | 💰 VOLUME SPIKE: NEARUSD 5.0x normal volume
00:58:39 | INFO     | 🔌 Real-time event during sleep! Processing...
00:59:08 | INFO     | ════════════════════════════════════════════════════════════════════════════════
00:59:22 | INFO     | 💰 Kraken account balance: $341.06
00:59:22 | INFO     | [STACK] JITOSOLUSD short: 2 tools (ema_cross_short+entropy_short) → score 5.4 × 1.3 = 7.1
00:59:22 | INFO     | [STACK] ADAUSD short: 2 tools (ema_cross_short+entropy_short) → score 7.2 × 1.3 = 9.4
00:59:22 | INFO     | [STACK] ETHUSD short: 2 tools (ema_cross_short+entropy_short) → score 6.9 × 1.3 = 8.9
00:59:22 | INFO     | Skipping simple_buy_uptrend (XMRUSD) - bull tool blocked in fear/bear (F&G=32, 82% bullish)
00:59:22 | DEBUG    | Skipping ema_cross_short (ADAUSD) — short blocked (US Non-ECP margin restriction)
00:59:22 | DEBUG    | Skipping ema_cross_short (ETHUSD) — short blocked (US Non-ECP margin restriction)
00:59:22 | INFO     | Skipping simple_buy_uptrend (XRPUSD) - bull tool blocked in fear/bear (F&G=32, 82% bullish)
00:59:22 | DEBUG    | Skipping ema_cross_short (AVAXUSD) — short blocked (US Non-ECP margin restriction)
00:59:22 | DEBUG    | Skipping ema_cross_short (JITOSOLUSD) — short blocked (US Non-ECP margin restriction)
00:59:22 | DEBUG    | Skipping ema_cross_short (XBTUSD) — short blocked (US Non-ECP margin restriction)
00:59:22 | DEBUG    | Skipping ema_cross_short (DOTUSD) — short blocked (US Non-ECP margin restriction)
00:59:22 | DEBUG    | Skipping ema_cross_short (SOLUSD) — short blocked (US Non-ECP margin restriction)
00:59:22 | DEBUG    | Skipping ema_cross_short (XMRUSD) — short blocked (US Non-ECP margin restriction)
00:59:22 | INFO     | Skipping simple_buy_uptrend (LINKUSD) - bull tool blocked in fear/bear (F&G=32, 82% bullish)
00:59:22 | DEBUG    | Skipping ema_cross_short (LINKUSD) — short blocked (US Non-ECP margin restriction)
00:59:22 | DEBUG    | Skipping ema_cross_short (BNBUSD) — short blocked (US Non-ECP margin restriction)
00:59:22 | DEBUG    | Skipping ema_cross_short (LTCUSD) — short blocked (US Non-ECP margin restriction)
00:59:22 | DEBUG    | Skipping ema_cross_short (ZECUSD) — short blocked (US Non-ECP margin restriction)
00:59:22 | DEBUG    | Skipping ema_cross_short (XRPUSD) — short blocked (US Non-ECP margin restriction)
00:59:22 | DEBUG    | Skipping ema_cross_short (TAOUSD) — short blocked (US Non-ECP margin restriction)
00:59:22 | INFO     | [2026-04-22 00:59:22] CYCLE #4866 | F&G: 32 (Neutral) | Allocation: Grid 0% / Active 100%
00:59:22 | INFO     | Balance: $341.06 (start: $300.00, +13.7%) | Grid: $0.00 | Active: $272.96
00:59:22 | INFO     | Grid: 0 positions across 40 pairs | 0 round trips | $0.00 profit
00:59:22 | INFO     | Active: 1/8 positions open
00:59:22 | INFO     |   → HYPEUSD long +1.0% (btc_alt_spread, 12.2h held)
00:59:22 | INFO     | Signals this cycle: simple_buy_uptrend XMRUSD (score 15.2), ema_cross_short ADAUSD (score 9.4), ema_cross_short ETHUSD (score 8.9)
00:59:22 | INFO     | MTF: 18% bearish 4h, 82% bullish 4h | Avg 4h RSI: 60.3
00:59:22 | INFO     | Tool streaks: entropy_dip L5
00:59:22 | INFO     | Cycle took 14.1s, sleeping 285.9s
00:59:22 | INFO     | ════════════════════════════════════════════════════════════════════════════════
00:59:46 | INFO     | 💰 VOLUME SPIKE: ADAUSD 5.0x normal volume
00:59:52 | INFO     | 🔌 Real-time event during sleep! Processing...
01:00:13 | INFO     | 💰 VOLUME SPIKE: XRPUSD 3.2x normal volume
01:00:22 | INFO     | 🔌 Real-time event during sleep! Processing...
01:00:32 | INFO     | 💰 VOLUME SPIKE: LINKUSD 4.8x normal volume
01:00:42 | INFO     | 🔌 Real-time event during sleep! Processing...
01:02:06 | INFO     | 💰 VOLUME SPIKE: ETHUSD 3.3x normal volume
01:02:12 | INFO     | 🔌 Real-time event during sleep! Processing...
01:03:36 | INFO     | 💰 VOLUME SPIKE: LTCUSD 3.5x normal volume
01:03:42 | INFO     | 🔌 Real-time event during sleep! Processing...
01:04:07 | INFO     | 💰 VOLUME SPIKE: AAVEUSD 4.9x normal volume
01:04:08 | INFO     | 🔌 Real-time event during sleep! Processing...
01:04:08 | INFO     | ════════════════════════════════════════════════════════════════════════════════
01:04:19 | INFO     | 💰 VOLUME SPIKE: DOTUSD 3.5x normal volume
01:04:20 | INFO     | 💰 Kraken account balance: $341.13
01:04:20 | INFO     | [STACK] JITOSOLUSD short: 2 tools (ema_cross_short+entropy_short) → score 6.2 × 1.3 = 8.1
01:04:20 | INFO     | [STACK] ZECUSD short: 2 tools (ema_cross_short+entropy_short) → score 5.6 × 1.3 = 7.2
01:04:20 | INFO     | [STACK] XMRUSD short: 2 tools (distribution_short+ema_cross_short) → score 8.9 × 1.3 = 11.6
01:04:20 | INFO     | [STACK] ADAUSD short: 2 tools (ema_cross_short+entropy_short) → score 7.1 × 1.3 = 9.3
01:04:20 | INFO     | [STACK] ETHUSD short: 2 tools (ema_cross_short+entropy_short) → score 6.8 × 1.3 = 8.9
01:04:20 | INFO     | Skipping simple_buy_uptrend (XMRUSD) - bull tool blocked in fear/bear (F&G=32, 82% bullish)
01:04:20 | DEBUG    | Skipping distribution_short (XMRUSD) — short blocked (US Non-ECP margin restriction)
01:04:20 | DEBUG    | Skipping ema_cross_short (ADAUSD) — short blocked (US Non-ECP margin restriction)
01:04:20 | DEBUG    | Skipping ema_cross_short (ETHUSD) — short blocked (US Non-ECP margin restriction)
01:04:20 | INFO     | Skipping simple_buy_uptrend (XRPUSD) - bull tool blocked in fear/bear (F&G=32, 82% bullish)
01:04:20 | DEBUG    | Skipping ema_cross_short (JITOSOLUSD) — short blocked (US Non-ECP margin restriction)
01:04:20 | DEBUG    | Skipping ema_cross_short (ZECUSD) — short blocked (US Non-ECP margin restriction)
01:04:20 | DEBUG    | Skipping ema_cross_short (AVAXUSD) — short blocked (US Non-ECP margin restriction)
01:04:20 | DEBUG    | Skipping ema_cross_short (XBTUSD) — short blocked (US Non-ECP margin restriction)
01:04:20 | DEBUG    | Skipping ema_cross_short (DOTUSD) — short blocked (US Non-ECP margin restriction)
01:04:20 | INFO     | Skipping simple_buy_uptrend (LINKUSD) - bull tool blocked in fear/bear (F&G=32, 82% bullish)
01:04:20 | DEBUG    | Skipping ema_cross_short (SOLUSD) — short blocked (US Non-ECP margin restriction)
01:04:20 | DEBUG    | Skipping ema_cross_short (BNBUSD) — short blocked (US Non-ECP margin restriction)
01:04:20 | DEBUG    | Skipping ema_cross_short (LINKUSD) — short blocked (US Non-ECP margin restriction)
01:04:20 | DEBUG    | Skipping ema_cross_short (TAOUSD) — short blocked (US Non-ECP margin restriction)
01:04:20 | DEBUG    | Skipping ema_cross_short (XRPUSD) — short blocked (US Non-ECP margin restriction)
01:04:20 | DEBUG    | Skipping ema_cross_short (LTCUSD) — short blocked (US Non-ECP margin restriction)
01:04:20 | INFO     | [BLACKLIST] RAVEUSD in mandatory cooldown (9.9h hard, 9.9h total) — skipping distribution_short
01:04:20 | INFO     | [2026-04-22 01:04:20] CYCLE #4867 | F&G: 32 (Neutral) | Allocation: Grid 0% / Active 100%
01:04:20 | INFO     | Balance: $341.13 (start: $300.00, +13.7%) | Grid: $0.00 | Active: $273.03
01:04:20 | INFO     | Grid: 0 positions across 40 pairs | 0 round trips | $0.00 profit
01:04:20 | INFO     | Active: 1/8 positions open
01:04:20 | INFO     |   → HYPEUSD long +1.1% (btc_alt_spread, 12.3h held)
01:04:20 | INFO     | Signals this cycle: simple_buy_uptrend XMRUSD (score 15.7), distribution_short XMRUSD (score 11.6), ema_cross_short ADAUSD (score 9.3)
01:04:20 | INFO     | MTF: 18% bearish 4h, 82% bullish 4h | Avg 4h RSI: 60.9
01:04:20 | INFO     | Tool streaks: entropy_dip L5
01:04:20 | INFO     | Cycle took 12.5s, sleeping 287.5s
01:04:20 | INFO     | ════════════════════════════════════════════════════════════════════════════════
01:04:30 | INFO     | 🔌 Real-time event during sleep! Processing...
01:07:05 | INFO     | 💰 VOLUME SPIKE: XBTUSD 3.7x normal volume
01:07:10 | INFO     | 🔌 Real-time event during sleep! Processing...
01:08:01 | INFO     | 💰 VOLUME SPIKE: XLMUSD 3.5x normal volume
01:08:10 | INFO     | 🔌 Real-time event during sleep! Processing...
01:08:49 | INFO     | 💰 VOLUME SPIKE: SOLUSD 3.0x normal volume
01:08:51 | INFO     | 🔌 Real-time event during sleep! Processing...
01:09:08 | INFO     | ════════════════════════════════════════════════════════════════════════════════
01:09:21 | INFO     | 💰 Kraken account balance: $341.19
01:09:21 | INFO     | [VOLATILITY] Scanning 659 USD pairs for volatility...
01:09:24 | INFO     | [VOLATILITY] Selected 20 pairs (from 10 liquid). Top 5: RAVEUSD (score=0.55, vol=80.7%, pos=34%), XXMRZUSD (score=0.12, vol=10.0%, pos=83%), XZECZUSD (score=0.08, vol=9.5%, pos=49%), HYPEUSD (score=0.06, vol=6.2%, pos=60%), XETHZUSD (score=0.05, vol=4.1%, pos=88%)
01:09:24 | INFO     | [STACK] JITOSOLUSD short: 2 tools (ema_cross_short+entropy_short) → score 6.2 × 1.3 = 8.1
01:09:24 | INFO     | [STACK] ZECUSD short: 2 tools (ema_cross_short+entropy_short) → score 5.8 × 1.3 = 7.6
01:09:24 | INFO     | [STACK] XMRUSD short: 2 tools (ema_cross_short+distribution_short) → score 6.2 × 1.3 = 8.1
01:09:24 | INFO     | [STACK] ADAUSD short: 2 tools (ema_cross_short+entropy_short) → score 7.3 × 1.3 = 9.5
01:09:24 | INFO     | [STACK] ETHUSD short: 2 tools (ema_cross_short+entropy_short) → score 7.0 × 1.3 = 9.1
01:09:24 | INFO     | Skipping simple_buy_uptrend (XMRUSD) - bull tool blocked in fear/bear (F&G=32, 82% bullish)
01:09:24 | DEBUG    | Skipping ema_cross_short (ADAUSD) — short blocked (US Non-ECP margin restriction)
01:09:24 | DEBUG    | Skipping ema_cross_short (ETHUSD) — short blocked (US Non-ECP margin restriction)
01:09:24 | INFO     | Skipping simple_buy_uptrend (XRPUSD) - bull tool blocked in fear/bear (F&G=32, 82% bullish)
01:09:24 | DEBUG    | Skipping ema_cross_short (JITOSOLUSD) — short blocked (US Non-ECP margin restriction)
01:09:24 | DEBUG    | Skipping ema_cross_short (XMRUSD) — short blocked (US Non-ECP margin restriction)
01:09:24 | DEBUG    | Skipping ema_cross_short (ZECUSD) — short blocked (US Non-ECP margin restriction)
01:09:24 | DEBUG    | Skipping ema_cross_short (DOTUSD) — short blocked (US Non-ECP margin restriction)
01:09:24 | DEBUG    | Skipping ema_cross_short (AVAXUSD) — short blocked (US Non-ECP margin restriction)
01:09:24 | DEBUG    | Skipping ema_cross_short (XBTUSD) — short blocked (US Non-ECP margin restriction)
01:09:24 | INFO     | Skipping simple_buy_uptrend (LINKUSD) - bull tool blocked in fear/bear (F&G=32, 82% bullish)
01:09:24 | DEBUG    | Skipping ema_cross_short (SOLUSD) — short blocked (US Non-ECP margin restriction)
01:09:24 | DEBUG    | Skipping ema_cross_short (LINKUSD) — short blocked (US Non-ECP margin restriction)
01:09:24 | DEBUG    | Skipping ema_cross_short (BNBUSD) — short blocked (US Non-ECP margin restriction)
01:09:24 | DEBUG    | Skipping ema_cross_short (TAOUSD) — short blocked (US Non-ECP margin restriction)
01:09:24 | DEBUG    | Skipping ema_cross_short (XRPUSD) — short blocked (US Non-ECP margin restriction)
01:09:24 | DEBUG    | Skipping ema_cross_short (LTCUSD) — short blocked (US Non-ECP margin restriction)
01:09:24 | INFO     | [BLACKLIST] RAVEUSD in mandatory cooldown (9.8h hard, 9.8h total) — skipping distribution_short
01:09:24 | INFO     | [2026-04-22 01:09:24] CYCLE #4868 | F&G: 32 (Neutral) | Allocation: Grid 0% / Active 100%
01:09:24 | INFO     | Balance: $341.19 (start: $300.00, +13.7%) | Grid: $0.00 | Active: $273.09
01:09:24 | INFO     | Grid: 0 positions across 40 pairs | 0 round trips | $0.00 profit
01:09:24 | INFO     | Active: 1/8 positions open
01:09:24 | INFO     |   → HYPEUSD long +1.2% (btc_alt_spread, 12.3h held)
01:09:24 | INFO     | Signals this cycle: simple_buy_uptrend XMRUSD (score 16.4), ema_cross_short ADAUSD (score 9.5), ema_cross_short ETHUSD (score 9.1)
01:09:24 | INFO     | MTF: 18% bearish 4h, 82% bullish 4h | Avg 4h RSI: 62.2
01:09:24 | INFO     | Tool streaks: entropy_dip L5
01:09:24 | INFO     | Cycle took 15.8s, sleeping 284.2s
01:09:24 | INFO     | ════════════════════════════════════════════════════════════════════════════════
01:12:26 | INFO     | 💰 VOLUME SPIKE: ATOMUSD 4.1x normal volume
01:12:34 | INFO     | 🔌 Real-time event during sleep! Processing...
01:13:16 | INFO     | 💰 VOLUME SPIKE: ETHUSD 3.1x normal volume
01:13:24 | INFO     | 🔌 Real-time event during sleep! Processing...
01:14:08 | INFO     | ════════════════════════════════════════════════════════════════════════════════
01:14:18 | INFO     | 💰 Kraken account balance: $341.05
01:14:18 | INFO     | [STACK] JITOSOLUSD short: 2 tools (ema_cross_short+entropy_short) → score 6.2 × 1.3 = 8.1
01:14:18 | INFO     | [STACK] ZECUSD short: 2 tools (ema_cross_short+entropy_short) → score 5.9 × 1.3 = 7.7
01:14:18 | INFO     | [STACK] XMRUSD short: 2 tools (ema_cross_short+distribution_short) → score 6.2 × 1.3 = 8.0
01:14:18 | INFO     | [STACK] ADAUSD short: 2 tools (ema_cross_short+entropy_short) → score 7.2 × 1.3 = 9.4
01:14:18 | INFO     | [STACK] ETHUSD short: 2 tools (ema_cross_short+entropy_short) → score 6.9 × 1.3 = 9.0
01:14:18 | INFO     | Skipping simple_buy_uptrend (XMRUSD) - bull tool blocked in fear/bear (F&G=32, 82% bullish)
01:14:18 | DEBUG    | Skipping ema_cross_short (ADAUSD) — short blocked (US Non-ECP margin restriction)
01:14:18 | DEBUG    | Skipping ema_cross_short (ETHUSD) — short blocked (US Non-ECP margin restriction)
01:14:18 | INFO     | Skipping simple_buy_uptrend (XRPUSD) - bull tool blocked in fear/bear (F&G=32, 82% bullish)
01:14:18 | DEBUG    | Skipping ema_cross_short (JITOSOLUSD) — short blocked (US Non-ECP margin restriction)
01:14:18 | DEBUG    | Skipping ema_cross_short (XMRUSD) — short blocked (US Non-ECP margin restriction)
01:14:18 | DEBUG    | Skipping ema_cross_short (ZECUSD) — short blocked (US Non-ECP margin restriction)
01:14:18 | DEBUG    | Skipping ema_cross_short (DOTUSD) — short blocked (US Non-ECP margin restriction)
01:14:18 | DEBUG    | Skipping ema_cross_short (AVAXUSD) — short blocked (US Non-ECP margin restriction)
01:14:18 | DEBUG    | Skipping ema_cross_short (XBTUSD) — short blocked (US Non-ECP margin restriction)
01:14:18 | INFO     | Skipping simple_buy_uptrend (LINKUSD) - bull tool blocked in fear/bear (F&G=32, 82% bullish)
01:14:18 | DEBUG    | Skipping ema_cross_short (SOLUSD) — short blocked (US Non-ECP margin restriction)
01:14:18 | DEBUG    | Skipping ema_cross_short (LINKUSD) — short blocked (US Non-ECP margin restriction)
01:14:18 | DEBUG    | Skipping ema_cross_short (BNBUSD) — short blocked (US Non-ECP margin restriction)
01:14:18 | DEBUG    | Skipping ema_cross_short (TAOUSD) — short blocked (US Non-ECP margin restriction)
01:14:18 | DEBUG    | Skipping ema_cross_short (LTCUSD) — short blocked (US Non-ECP margin restriction)
01:14:18 | DEBUG    | Skipping ema_cross_short (XRPUSD) — short blocked (US Non-ECP margin restriction)
01:14:18 | INFO     | [BLACKLIST] RAVEUSD in mandatory cooldown (9.8h hard, 9.8h total) — skipping distribution_short
01:14:18 | INFO     | [2026-04-22 01:14:18] CYCLE #4869 | F&G: 32 (Neutral) | Allocation: Grid 0% / Active 100%
01:14:18 | INFO     | Balance: $341.05 (start: $300.00, +13.7%) | Grid: $0.00 | Active: $272.95
01:14:18 | INFO     | Grid: 0 positions across 40 pairs | 0 round trips | $0.00 profit
01:14:18 | INFO     | Active: 1/8 positions open
01:14:18 | INFO     |   → HYPEUSD long +1.0% (btc_alt_spread, 12.4h held)
01:14:18 | INFO     | Signals this cycle: simple_buy_uptrend XMRUSD (score 16.6), ema_cross_short ADAUSD (score 9.4), ema_cross_short ETHUSD (score 9.0)
01:14:19 | INFO     | MTF: 18% bearish 4h, 82% bullish 4h | Avg 4h RSI: 62.3
01:14:19 | INFO     | Tool streaks: entropy_dip L5
01:14:19 | INFO     | Cycle took 10.2s, sleeping 289.8s
01:14:19 | INFO     | ════════════════════════════════════════════════════════════════════════════════
01:14:20 | INFO     | 💰 VOLUME SPIKE: ADAUSD 3.0x normal volume
01:14:29 | INFO     | 🔌 Real-time event during sleep! Processing...
01:16:09 | INFO     | 💰 VOLUME SPIKE: NEARUSD 4.0x normal volume
01:16:09 | INFO     | 💰 VOLUME SPIKE: XRPUSD 3.1x normal volume
01:16:09 | INFO     | 💰 VOLUME SPIKE: LINKUSD 5.0x normal volume
01:16:19 | INFO     | 🔌 Real-time event during sleep! Processing...
01:16:22 | INFO     | 💰 VOLUME SPIKE: LTCUSD 3.4x normal volume
01:16:22 | INFO     | 💰 VOLUME SPIKE: AVAXUSD 4.4x normal volume
01:16:22 | INFO     | 💰 VOLUME SPIKE: UNIUSD 3.3x normal volume
01:16:22 | INFO     | 💰 VOLUME SPIKE: DOTUSD 3.0x normal volume
01:16:29 | INFO     | 🔌 Real-time event during sleep! Processing...
01:17:12 | INFO     | 💰 VOLUME SPIKE: XBTUSD 4.3x normal volume
01:17:19 | INFO     | 🔌 Real-time event during sleep! Processing...
01:19:08 | INFO     | ════════════════════════════════════════════════════════════════════════════════
01:19:22 | INFO     | 💰 Kraken account balance: $341.35
01:19:22 | INFO     | [STACK] JITOSOLUSD short: 2 tools (ema_cross_short+entropy_short) → score 6.2 × 1.3 = 8.1
01:19:22 | INFO     | [STACK] XMRUSD short: 2 tools (ema_cross_short+distribution_short) → score 6.2 × 1.3 = 8.0
01:19:22 | INFO     | [STACK] ADAUSD short: 2 tools (ema_cross_short+entropy_short) → score 7.7 × 1.3 = 9.9
01:19:22 | INFO     | Skipping simple_buy_uptrend (XMRUSD) - bull tool blocked in fear/bear (F&G=32, 82% bullish)
01:19:22 | DEBUG    | Skipping ema_cross_short (ADAUSD) — short blocked (US Non-ECP margin restriction)
01:19:22 | DEBUG    | Skipping ema_cross_short (JITOSOLUSD) — short blocked (US Non-ECP margin restriction)
01:19:22 | DEBUG    | Skipping ema_cross_short (XMRUSD) — short blocked (US Non-ECP margin restriction)
01:19:22 | DEBUG    | Skipping ema_cross_short (DOTUSD) — short blocked (US Non-ECP margin restriction)
01:19:22 | DEBUG    | Skipping ema_cross_short (ETHUSD) — short blocked (US Non-ECP margin restriction)
01:19:22 | DEBUG    | Skipping ema_cross_short (AVAXUSD) — short blocked (US Non-ECP margin restriction)
01:19:22 | DEBUG    | Skipping ema_cross_short (XBTUSD) — short blocked (US Non-ECP margin restriction)
01:19:22 | INFO     | Skipping simple_buy_uptrend (LINKUSD) - bull tool blocked in fear/bear (F&G=32, 82% bullish)
01:19:22 | DEBUG    | Skipping ema_cross_short (SOLUSD) — short blocked (US Non-ECP margin restriction)
01:19:22 | DEBUG    | Skipping ema_cross_short (ZECUSD) — short blocked (US Non-ECP margin restriction)
01:19:22 | DEBUG    | Skipping ema_cross_short (LINKUSD) — short blocked (US Non-ECP margin restriction)
01:19:22 | DEBUG    | Skipping ema_cross_short (BNBUSD) — short blocked (US Non-ECP margin restriction)
01:19:22 | DEBUG    | Skipping ema_cross_short (TAOUSD) — short blocked (US Non-ECP margin restriction)
01:19:22 | DEBUG    | Skipping ema_cross_short (XRPUSD) — short blocked (US Non-ECP margin restriction)
01:19:22 | DEBUG    | Skipping ema_cross_short (LTCUSD) — short blocked (US Non-ECP margin restriction)
01:19:22 | INFO     | [BLACKLIST] RAVEUSD in mandatory cooldown (9.7h hard, 9.7h total) — skipping distribution_short
01:19:22 | INFO     | [2026-04-22 01:19:22] CYCLE #4870 | F&G: 32 (Neutral) | Allocation: Grid 0% / Active 100%
01:19:22 | INFO     | Balance: $341.35 (start: $300.00, +13.8%) | Grid: $0.00 | Active: $273.25
01:19:22 | INFO     | Grid: 0 positions across 40 pairs | 0 round trips | $0.00 profit
01:19:22 | INFO     | Active: 1/8 positions open
01:19:22 | INFO     |   → HYPEUSD long +1.4% (btc_alt_spread, 12.5h held)
01:19:22 | INFO     | Signals this cycle: simple_buy_uptrend XMRUSD (score 16.6), ema_cross_short ADAUSD (score 9.9), ema_cross_short JITOSOLUSD (score 8.1)
01:19:22 | INFO     | MTF: 18% bearish 4h, 82% bullish 4h | Avg 4h RSI: 64.8
01:19:22 | INFO     | Tool streaks: entropy_dip L5
01:19:22 | INFO     | Cycle took 13.6s, sleeping 286.4s
01:19:22 | INFO     | ════════════════════════════════════════════════════════════════════════════════
01:22:14 | INFO     | 💰 VOLUME SPIKE: XLMUSD 4.0x normal volume
01:22:22 | INFO     | 🔌 Real-time event during sleep! Processing...
01:24:09 | INFO     | ════════════════════════════════════════════════════════════════════════════════
01:24:22 | INFO     | 💰 Kraken account balance: $341.35
01:24:22 | INFO     | [STACK] JITOSOLUSD short: 2 tools (ema_cross_short+entropy_short) → score 6.2 × 1.3 = 8.1
01:24:22 | INFO     | [STACK] XMRUSD short: 3 tools (ema_cross_short+alt_btc_revert_t3+distribution_short) → score 6.1 × 1.6 = 9.7
01:24:22 | INFO     | [STACK] ADAUSD short: 2 tools (ema_cross_short+entropy_short) → score 8.0 × 1.3 = 10.3
01:24:22 | INFO     | Skipping simple_buy_uptrend (XMRUSD) - bull tool blocked in fear/bear (F&G=32, 82% bullish)
01:24:22 | DEBUG    | Skipping ema_cross_short (ADAUSD) — short blocked (US Non-ECP margin restriction)
01:24:22 | DEBUG    | Skipping ema_cross_short (XMRUSD) — short blocked (US Non-ECP margin restriction)
01:24:22 | DEBUG    | Skipping ema_cross_short (JITOSOLUSD) — short blocked (US Non-ECP margin restriction)
01:24:22 | DEBUG    | Skipping ema_cross_short (DOTUSD) — short blocked (US Non-ECP margin restriction)
01:24:22 | DEBUG    | Skipping ema_cross_short (ETHUSD) — short blocked (US Non-ECP margin restriction)
01:24:22 | DEBUG    | Skipping ema_cross_short (AVAXUSD) — short blocked (US Non-ECP margin restriction)
01:24:22 | DEBUG    | Skipping ema_cross_short (XBTUSD) — short blocked (US Non-ECP margin restriction)
01:24:22 | INFO     | Skipping simple_buy_uptrend (LINKUSD) - bull tool blocked in fear/bear (F&G=32, 82% bullish)
01:24:22 | DEBUG    | Skipping ema_cross_short (SOLUSD) — short blocked (US Non-ECP margin restriction)
01:24:22 | DEBUG    | Skipping ema_cross_short (ZECUSD) — short blocked (US Non-ECP margin restriction)
01:24:22 | DEBUG    | Skipping ema_cross_short (LINKUSD) — short blocked (US Non-ECP margin restriction)
01:24:22 | DEBUG    | Skipping ema_cross_short (BNBUSD) — short blocked (US Non-ECP margin restriction)
01:24:22 | DEBUG    | Skipping ema_cross_short (XRPUSD) — short blocked (US Non-ECP margin restriction)
01:24:22 | DEBUG    | Skipping ema_cross_short (TAOUSD) — short blocked (US Non-ECP margin restriction)
01:24:22 | DEBUG    | Skipping ema_cross_short (LTCUSD) — short blocked (US Non-ECP margin restriction)
01:24:22 | INFO     | [BLACKLIST] RAVEUSD in mandatory cooldown (9.6h hard, 9.6h total) — skipping distribution_short
01:24:22 | INFO     | [2026-04-22 01:24:22] CYCLE #4871 | F&G: 32 (Neutral) | Allocation: Grid 0% / Active 100%
01:24:22 | INFO     | Balance: $341.35 (start: $300.00, +13.8%) | Grid: $0.00 | Active: $273.25
01:24:22 | INFO     | Grid: 0 positions across 40 pairs | 0 round trips | $0.00 profit
01:24:22 | INFO     | Active: 1/8 positions open
01:24:22 | INFO     |   → HYPEUSD long +1.4% (btc_alt_spread, 12.6h held)
01:24:22 | INFO     | Signals this cycle: simple_buy_uptrend XMRUSD (score 16.4), ema_cross_short ADAUSD (score 10.3), ema_cross_short XMRUSD (score 9.7)
01:24:22 | INFO     | MTF: 18% bearish 4h, 82% bullish 4h | Avg 4h RSI: 65.5
01:24:22 | INFO     | Tool streaks: entropy_dip L5
01:24:22 | INFO     | Cycle took 13.7s, sleeping 286.3s
01:24:22 | INFO     | ════════════════════════════════════════════════════════════════════════════════
01:24:33 | INFO     | 💰 VOLUME SPIKE: ADAUSD 3.1x normal volume
01:24:42 | INFO     | 🔌 Real-time event during sleep! Processing...
01:25:48 | INFO     | 💰 VOLUME SPIKE: AAVEUSD 4.7x normal volume
01:25:52 | INFO     | 🔌 Real-time event during sleep! Processing...
01:26:36 | INFO     | 💰 VOLUME SPIKE: LTCUSD 3.5x normal volume
01:26:36 | INFO     | 💰 VOLUME SPIKE: FILUSD 4.1x normal volume
01:26:42 | INFO     | 🔌 Real-time event during sleep! Processing...
01:27:12 | INFO     | 💰 VOLUME SPIKE: ATOMUSD 3.1x normal volume
01:27:13 | INFO     | 🔌 Real-time event during sleep! Processing...
01:27:23 | INFO     | 💰 VOLUME SPIKE: ETHUSD 3.2x normal volume
01:27:33 | INFO     | 🔌 Real-time event during sleep! Processing...
01:29:09 | INFO     | ════════════════════════════════════════════════════════════════════════════════
01:29:22 | INFO     | 💰 Kraken account balance: $341.45
01:29:22 | INFO     | [STACK] JITOSOLUSD short: 2 tools (ema_cross_short+entropy_short) → score 6.2 × 1.3 = 8.1
01:29:22 | INFO     | [STACK] XMRUSD short: 3 tools (ema_cross_short+alt_btc_revert_t3+distribution_short) → score 5.8 × 1.6 = 9.2
01:29:22 | INFO     | [STACK] ADAUSD short: 2 tools (ema_cross_short+entropy_short) → score 8.0 × 1.3 = 10.4
01:29:22 | INFO     | Skipping simple_buy_uptrend (XMRUSD) - bull tool blocked in fear/bear (F&G=32, 82% bullish)
01:29:22 | DEBUG    | Skipping ema_cross_short (ADAUSD) — short blocked (US Non-ECP margin restriction)
01:29:22 | DEBUG    | Skipping ema_cross_short (XMRUSD) — short blocked (US Non-ECP margin restriction)
01:29:22 | DEBUG    | Skipping ema_cross_short (JITOSOLUSD) — short blocked (US Non-ECP margin restriction)
01:29:22 | DEBUG    | Skipping ema_cross_short (DOTUSD) — short blocked (US Non-ECP margin restriction)
01:29:22 | DEBUG    | Skipping ema_cross_short (AVAXUSD) — short blocked (US Non-ECP margin restriction)
01:29:22 | DEBUG    | Skipping ema_cross_short (XBTUSD) — short blocked (US Non-ECP margin restriction)
01:29:22 | DEBUG    | Skipping ema_cross_short (ETHUSD) — short blocked (US Non-ECP margin restriction)
01:29:22 | DEBUG    | Skipping ema_cross_short (SOLUSD) — short blocked (US Non-ECP margin restriction)
01:29:22 | INFO     | Skipping simple_buy_uptrend (LINKUSD) - bull tool blocked in fear/bear (F&G=32, 82% bullish)
01:29:22 | DEBUG    | Skipping ema_cross_short (ZECUSD) — short blocked (US Non-ECP margin restriction)
01:29:22 | DEBUG    | Skipping ema_cross_short (XRPUSD) — short blocked (US Non-ECP margin restriction)
01:29:22 | DEBUG    | Skipping ema_cross_short (BNBUSD) — short blocked (US Non-ECP margin restriction)
01:29:22 | DEBUG    | Skipping ema_cross_short (LINKUSD) — short blocked (US Non-ECP margin restriction)
01:29:22 | DEBUG    | Skipping ema_cross_short (LTCUSD) — short blocked (US Non-ECP margin restriction)
01:29:22 | DEBUG    | Skipping ema_cross_short (TAOUSD) — short blocked (US Non-ECP margin restriction)
01:29:22 | INFO     | [BLACKLIST] RAVEUSD in mandatory cooldown (9.5h hard, 9.5h total) — skipping distribution_short
01:29:22 | INFO     | [2026-04-22 01:29:22] CYCLE #4872 | F&G: 32 (Neutral) | Allocation: Grid 0% / Active 100%
01:29:22 | INFO     | Balance: $341.45 (start: $300.00, +13.8%) | Grid: $0.00 | Active: $273.35
01:29:22 | INFO     | Grid: 0 positions across 40 pairs | 0 round trips | $0.00 profit
01:29:22 | INFO     | Active: 1/8 positions open
01:29:22 | INFO     |   → HYPEUSD long +1.5% (btc_alt_spread, 12.7h held)
01:29:22 | INFO     | Signals this cycle: simple_buy_uptrend XMRUSD (score 15.8), ema_cross_short ADAUSD (score 10.4), ema_cross_short XMRUSD (score 9.2)
01:29:22 | INFO     | MTF: 18% bearish 4h, 82% bullish 4h | Avg 4h RSI: 65.6
01:29:22 | INFO     | Tool streaks: entropy_dip L5
01:29:22 | INFO     | Cycle took 12.9s, sleeping 287.1s
01:29:22 | INFO     | ════════════════════════════════════════════════════════════════════════════════
01:29:38 | INFO     | 💰 VOLUME SPIKE: LINKUSD 4.0x normal volume
01:29:42 | INFO     | 🔌 Real-time event during sleep! Processing...
01:30:18 | INFO     | 💰 VOLUME SPIKE: DOTUSD 4.3x normal volume
01:30:22 | INFO     | 🔌 Real-time event during sleep! Processing...
01:33:13 | INFO     | 💰 VOLUME SPIKE: SOLUSD 3.1x normal volume
01:33:22 | INFO     | 🔌 Real-time event during sleep! Processing...
01:33:47 | INFO     | 💰 VOLUME SPIKE: NEARUSD 5.0x normal volume
01:33:52 | INFO     | 🔌 Real-time event during sleep! Processing...
01:34:09 | INFO     | ════════════════════════════════════════════════════════════════════════════════
01:34:23 | INFO     | 💰 Kraken account balance: $341.70
01:34:23 | INFO     | [STACK] JITOSOLUSD short: 2 tools (ema_cross_short+entropy_short) → score 6.2 × 1.3 = 8.1
01:34:23 | INFO     | [STACK] XMRUSD short: 2 tools (ema_cross_short+distribution_short) → score 6.3 × 1.3 = 8.2
01:34:23 | INFO     | [STACK] ADAUSD short: 2 tools (ema_cross_short+entropy_short) → score 8.0 × 1.3 = 10.4
01:34:23 | INFO     | Skipping simple_buy_uptrend (XMRUSD) - bull tool blocked in fear/bear (F&G=32, 82% bullish)
01:34:23 | DEBUG    | Skipping ema_cross_short (ADAUSD) — short blocked (US Non-ECP margin restriction)
01:34:23 | DEBUG    | Skipping ema_cross_short (XMRUSD) — short blocked (US Non-ECP margin restriction)
01:34:23 | DEBUG    | Skipping ema_cross_short (DOTUSD) — short blocked (US Non-ECP margin restriction)
01:34:23 | DEBUG    | Skipping ema_cross_short (JITOSOLUSD) — short blocked (US Non-ECP margin restriction)
01:34:23 | DEBUG    | Skipping ema_cross_short (AVAXUSD) — short blocked (US Non-ECP margin restriction)
01:34:23 | DEBUG    | Skipping ema_cross_short (ETHUSD) — short blocked (US Non-ECP margin restriction)
01:34:23 | DEBUG    | Skipping ema_cross_short (XBTUSD) — short blocked (US Non-ECP margin restriction)
01:34:23 | DEBUG    | Skipping ema_cross_short (SOLUSD) — short blocked (US Non-ECP margin restriction)
01:34:23 | INFO     | Skipping simple_buy_uptrend (LINKUSD) - bull tool blocked in fear/bear (F&G=32, 82% bullish)
01:34:23 | DEBUG    | Skipping ema_cross_short (ZECUSD) — short blocked (US Non-ECP margin restriction)
01:34:23 | DEBUG    | Skipping ema_cross_short (XRPUSD) — short blocked (US Non-ECP margin restriction)
01:34:23 | DEBUG    | Skipping ema_cross_short (BNBUSD) — short blocked (US Non-ECP margin restriction)
01:34:23 | DEBUG    | Skipping ema_cross_short (LINKUSD) — short blocked (US Non-ECP margin restriction)
01:34:23 | DEBUG    | Skipping ema_cross_short (LTCUSD) — short blocked (US Non-ECP margin restriction)
01:34:23 | DEBUG    | Skipping ema_cross_short (TAOUSD) — short blocked (US Non-ECP margin restriction)
01:34:23 | INFO     | [BLACKLIST] RAVEUSD in mandatory cooldown (9.4h hard, 9.4h total) — skipping distribution_short
01:34:23 | INFO     | [2026-04-22 01:34:23] CYCLE #4873 | F&G: 32 (Neutral) | Allocation: Grid 0% / Active 100%
01:34:23 | INFO     | Balance: $341.70 (start: $300.00, +13.9%) | Grid: $0.00 | Active: $273.60
01:34:23 | INFO     | Grid: 0 positions across 40 pairs | 0 round trips | $0.00 profit
01:34:23 | INFO     | Active: 1/8 positions open
01:34:23 | INFO     |   → HYPEUSD long +1.9% (btc_alt_spread, 12.8h held)
01:34:23 | INFO     | Signals this cycle: ema_cross_short HYPEUSD (score 19.8), simple_buy_uptrend XMRUSD (score 16.9), ema_cross_short ADAUSD (score 10.4)
01:34:23 | INFO     | MTF: 18% bearish 4h, 82% bullish 4h | Avg 4h RSI: 66.2
01:34:23 | INFO     | Tool streaks: entropy_dip L5
01:34:23 | INFO     | Cycle took 13.5s, sleeping 286.5s
01:34:23 | INFO     | ════════════════════════════════════════════════════════════════════════════════
01:37:56 | INFO     | 💰 VOLUME SPIKE: AVAXUSD 4.5x normal volume
01:38:03 | INFO     | 🔌 Real-time event during sleep! Processing...
01:38:52 | INFO     | 💰 VOLUME SPIKE: ETHUSD 3.0x normal volume
01:38:53 | INFO     | 🔌 Real-time event during sleep! Processing...
01:39:09 | INFO     | 💰 VOLUME SPIKE: XRPUSD 4.3x normal volume
01:39:09 | INFO     | 🔌 Real-time event during sleep! Processing...
01:39:09 | INFO     | ════════════════════════════════════════════════════════════════════════════════
01:39:16 | INFO     | 💰 VOLUME SPIKE: XLMUSD 4.3x normal volume
01:39:22 | INFO     | 💰 Kraken account balance: $341.64
01:39:22 | INFO     | [STACK] JITOSOLUSD short: 2 tools (ema_cross_short+entropy_short) → score 6.2 × 1.3 = 8.1
01:39:22 | INFO     | [STACK] RAVEUSD long: 2 tools (deep_dip_8h+dip_buy_5pct) → score 9.3 × 1.3 = 12.1
01:39:22 | INFO     | Skipping simple_buy_uptrend (XMRUSD) - bull tool blocked in fear/bear (F&G=32, 82% bullish)
01:39:22 | INFO     | [BLACKLIST] RAVEUSD in mandatory cooldown (9.3h hard, 9.3h total) — skipping deep_dip_8h
01:39:22 | DEBUG    | Skipping ema_cross_short (JITOSOLUSD) — short blocked (US Non-ECP margin restriction)
01:39:22 | DEBUG    | Skipping ema_cross_short (DOTUSD) — short blocked (US Non-ECP margin restriction)
01:39:22 | DEBUG    | Skipping ema_cross_short (ADAUSD) — short blocked (US Non-ECP margin restriction)
01:39:22 | DEBUG    | Skipping ema_cross_short (AVAXUSD) — short blocked (US Non-ECP margin restriction)
01:39:22 | DEBUG    | Skipping ema_cross_short (ETHUSD) — short blocked (US Non-ECP margin restriction)
01:39:22 | DEBUG    | Skipping ema_cross_short (XBTUSD) — short blocked (US Non-ECP margin restriction)
01:39:22 | DEBUG    | Skipping ema_cross_short (SOLUSD) — short blocked (US Non-ECP margin restriction)
01:39:22 | INFO     | Skipping simple_buy_uptrend (LINKUSD) - bull tool blocked in fear/bear (F&G=32, 82% bullish)
01:39:22 | DEBUG    | Skipping ema_cross_short (ZECUSD) — short blocked (US Non-ECP margin restriction)
01:39:22 | DEBUG    | Skipping ema_cross_short (XMRUSD) — short blocked (US Non-ECP margin restriction)
01:39:22 | DEBUG    | Skipping ema_cross_short (BNBUSD) — short blocked (US Non-ECP margin restriction)
01:39:22 | DEBUG    | Skipping ema_cross_short (LTCUSD) — short blocked (US Non-ECP margin restriction)
01:39:22 | DEBUG    | Skipping ema_cross_short (XRPUSD) — short blocked (US Non-ECP margin restriction)
01:39:22 | DEBUG    | Skipping ema_cross_short (TAOUSD) — short blocked (US Non-ECP margin restriction)
01:39:22 | DEBUG    | Skipping ema_cross_short (LINKUSD) — short blocked (US Non-ECP margin restriction)
01:39:22 | INFO     | [BLACKLIST] RAVEUSD in mandatory cooldown (9.3h hard, 9.3h total) — skipping distribution_short
01:39:22 | INFO     | [2026-04-22 01:39:22] CYCLE #4874 | F&G: 32 (Neutral) | Allocation: Grid 0% / Active 100%
01:39:22 | INFO     | Balance: $341.64 (start: $300.00, +13.9%) | Grid: $0.00 | Active: $273.54
01:39:22 | INFO     | Grid: 0 positions across 40 pairs | 0 round trips | $0.00 profit
01:39:22 | INFO     | Active: 1/8 positions open
01:39:22 | INFO     |   → HYPEUSD long +1.9% (btc_alt_spread, 12.8h held)
01:39:22 | INFO     | Signals this cycle: ema_cross_short HYPEUSD (score 19.6), simple_buy_uptrend XMRUSD (score 17.3), deep_dip_8h RAVEUSD (score 12.1)
01:39:22 | INFO     | MTF: 18% bearish 4h, 82% bullish 4h | Avg 4h RSI: 65.9
01:39:22 | INFO     | Tool streaks: entropy_dip L5
01:39:22 | INFO     | Cycle took 12.3s, sleeping 287.7s
01:39:22 | INFO     | ════════════════════════════════════════════════════════════════════════════════
01:39:32 | INFO     | 🔌 Real-time event during sleep! Processing...
01:40:00 | INFO     | 💰 VOLUME SPIKE: XBTUSD 3.7x normal volume
01:40:02 | INFO     | 🔌 Real-time event during sleep! Processing...
01:40:03 | INFO     | 💰 VOLUME SPIKE: FILUSD 5.0x normal volume
01:40:12 | INFO     | 🔌 Real-time event during sleep! Processing...
01:40:32 | INFO     | 💰 VOLUME SPIKE: ADAUSD 4.1x normal volume
01:40:41 | INFO     | 💰 VOLUME SPIKE: AAVEUSD 3.4x normal volume
01:40:42 | INFO     | 🔌 Real-time event during sleep! Processing...
01:41:09 | INFO     | 💰 VOLUME SPIKE: LTCUSD 4.0x normal volume
01:41:12 | INFO     | 🔌 Real-time event during sleep! Processing...
01:43:21 | INFO     | 💰 VOLUME SPIKE: SOLUSD 3.5x normal volume
01:43:22 | INFO     | 🔌 Real-time event during sleep! Processing...
01:44:10 | INFO     | ════════════════════════════════════════════════════════════════════════════════
01:44:22 | INFO     | 💰 Kraken account balance: $341.49
01:44:22 | INFO     | [STACK] JITOSOLUSD short: 2 tools (ema_cross_short+entropy_short) → score 6.2 × 1.3 = 8.1
01:44:22 | INFO     | Skipping simple_buy_uptrend (XMRUSD) - bull tool blocked in fear/bear (F&G=32, 82% bullish)
01:44:22 | DEBUG    | Skipping ema_cross_short (JITOSOLUSD) — short blocked (US Non-ECP margin restriction)
01:44:22 | DEBUG    | Skipping ema_cross_short (ETHUSD) — short blocked (US Non-ECP margin restriction)
01:44:22 | DEBUG    | Skipping ema_cross_short (DOTUSD) — short blocked (US Non-ECP margin restriction)
01:44:22 | DEBUG    | Skipping ema_cross_short (ADAUSD) — short blocked (US Non-ECP margin restriction)
01:44:22 | DEBUG    | Skipping ema_cross_short (AVAXUSD) — short blocked (US Non-ECP margin restriction)
01:44:22 | DEBUG    | Skipping ema_cross_short (XBTUSD) — short blocked (US Non-ECP margin restriction)
01:44:22 | DEBUG    | Skipping ema_cross_short (SOLUSD) — short blocked (US Non-ECP margin restriction)
01:44:22 | INFO     | Skipping simple_buy_uptrend (LINKUSD) - bull tool blocked in fear/bear (F&G=32, 82% bullish)
01:44:22 | DEBUG    | Skipping ema_cross_short (XMRUSD) — short blocked (US Non-ECP margin restriction)
01:44:22 | DEBUG    | Skipping ema_cross_short (ZECUSD) — short blocked (US Non-ECP margin restriction)
01:44:22 | DEBUG    | Skipping ema_cross_short (BNBUSD) — short blocked (US Non-ECP margin restriction)
01:44:22 | DEBUG    | Skipping ema_cross_short (LTCUSD) — short blocked (US Non-ECP margin restriction)
01:44:22 | DEBUG    | Skipping ema_cross_short (XRPUSD) — short blocked (US Non-ECP margin restriction)
01:44:22 | DEBUG    | Skipping ema_cross_short (LINKUSD) — short blocked (US Non-ECP margin restriction)
01:44:22 | DEBUG    | Skipping ema_cross_short (TAOUSD) — short blocked (US Non-ECP margin restriction)
01:44:22 | INFO     | [BLACKLIST] RAVEUSD in mandatory cooldown (9.3h hard, 9.3h total) — skipping distribution_short
01:44:22 | INFO     | [2026-04-22 01:44:22] CYCLE #4875 | F&G: 32 (Neutral) | Allocation: Grid 0% / Active 100%
01:44:22 | INFO     | Balance: $341.49 (start: $300.00, +13.8%) | Grid: $0.00 | Active: $273.39
01:44:22 | INFO     | Grid: 0 positions across 40 pairs | 0 round trips | $0.00 profit
01:44:22 | INFO     | Active: 1/8 positions open
01:44:22 | INFO     |   → HYPEUSD long +1.6% (btc_alt_spread, 12.9h held)
01:44:22 | INFO     | Signals this cycle: simple_buy_uptrend XMRUSD (score 17.6), ema_cross_short JITOSOLUSD (score 8.1), ema_cross_short ETHUSD (score 7.9)
01:44:22 | INFO     | MTF: 18% bearish 4h, 82% bullish 4h | Avg 4h RSI: 65.8
01:44:22 | INFO     | Tool streaks: entropy_dip L5
01:44:22 | INFO     | Cycle took 12.2s, sleeping 287.8s
01:44:22 | INFO     | ════════════════════════════════════════════════════════════════════════════════
01:45:36 | INFO     | 💰 VOLUME SPIKE: DOTUSD 4.1x normal volume
01:45:42 | INFO     | 🔌 Real-time event during sleep! Processing...
01:46:13 | INFO     | 💰 VOLUME SPIKE: UNIUSD 4.9x normal volume
01:46:22 | INFO     | 🔌 Real-time event during sleep! Processing...
01:47:36 | INFO     | 💰 VOLUME SPIKE: NEARUSD 5.0x normal volume
01:47:42 | INFO     | 🔌 Real-time event during sleep! Processing...
01:49:10 | INFO     | ════════════════════════════════════════════════════════════════════════════════
01:49:22 | INFO     | 💰 Kraken account balance: $341.49
01:49:22 | INFO     | [STACK] JITOSOLUSD short: 2 tools (ema_cross_short+entropy_short) → score 6.2 × 1.3 = 8.1
01:49:22 | INFO     | [STACK] ADAUSD short: 2 tools (ema_cross_short+entropy_short) → score 7.7 × 1.3 = 10.1
01:49:22 | INFO     | Skipping simple_buy_uptrend (XMRUSD) - bull tool blocked in fear/bear (F&G=32, 82% bullish)
01:49:22 | DEBUG    | Skipping ema_cross_short (ADAUSD) — short blocked (US Non-ECP margin restriction)
01:49:22 | DEBUG    | Skipping ema_cross_short (JITOSOLUSD) — short blocked (US Non-ECP margin restriction)
01:49:22 | DEBUG    | Skipping ema_cross_short (ETHUSD) — short blocked (US Non-ECP margin restriction)
01:49:22 | DEBUG    | Skipping ema_cross_short (DOTUSD) — short blocked (US Non-ECP margin restriction)
01:49:22 | DEBUG    | Skipping ema_cross_short (AVAXUSD) — short blocked (US Non-ECP margin restriction)
01:49:22 | DEBUG    | Skipping ema_cross_short (XBTUSD) — short blocked (US Non-ECP margin restriction)
01:49:22 | DEBUG    | Skipping ema_cross_short (SOLUSD) — short blocked (US Non-ECP margin restriction)
01:49:22 | INFO     | Skipping simple_buy_uptrend (LINKUSD) - bull tool blocked in fear/bear (F&G=32, 82% bullish)
01:49:22 | DEBUG    | Skipping ema_cross_short (XMRUSD) — short blocked (US Non-ECP margin restriction)
01:49:22 | DEBUG    | Skipping ema_cross_short (ZECUSD) — short blocked (US Non-ECP margin restriction)
01:49:22 | DEBUG    | Skipping ema_cross_short (BNBUSD) — short blocked (US Non-ECP margin restriction)
01:49:22 | DEBUG    | Skipping ema_cross_short (LTCUSD) — short blocked (US Non-ECP margin restriction)
01:49:22 | DEBUG    | Skipping ema_cross_short (LINKUSD) — short blocked (US Non-ECP margin restriction)
01:49:22 | DEBUG    | Skipping ema_cross_short (XRPUSD) — short blocked (US Non-ECP margin restriction)
01:49:22 | DEBUG    | Skipping ema_cross_short (TAOUSD) — short blocked (US Non-ECP margin restriction)
01:49:22 | INFO     | [BLACKLIST] RAVEUSD in mandatory cooldown (9.2h hard, 9.2h total) — skipping distribution_short
01:49:22 | INFO     | [2026-04-22 01:49:22] CYCLE #4876 | F&G: 32 (Neutral) | Allocation: Grid 0% / Active 100%
01:49:22 | INFO     | Balance: $341.49 (start: $300.00, +13.8%) | Grid: $0.00 | Active: $273.39
01:49:22 | INFO     | Grid: 0 positions across 40 pairs | 0 round trips | $0.00 profit
01:49:22 | INFO     | Active: 1/8 positions open
01:49:22 | INFO     |   → HYPEUSD long +1.6% (btc_alt_spread, 13.0h held)
01:49:22 | INFO     | Signals this cycle: simple_buy_uptrend XMRUSD (score 17.5), ema_cross_short ADAUSD (score 10.1), ema_cross_short JITOSOLUSD (score 8.1)
01:49:22 | INFO     | MTF: 18% bearish 4h, 82% bullish 4h | Avg 4h RSI: 66.0
01:49:22 | INFO     | Tool streaks: entropy_dip L5
01:49:22 | INFO     | Cycle took 12.6s, sleeping 287.4s
01:49:22 | INFO     | ════════════════════════════════════════════════════════════════════════════════
01:50:55 | INFO     | 💰 VOLUME SPIKE: LINKUSD 4.8x normal volume
01:51:02 | INFO     | 🔌 Real-time event during sleep! Processing...
01:52:07 | INFO     | 💰 VOLUME SPIKE: AVAXUSD 3.2x normal volume
01:52:13 | INFO     | 🔌 Real-time event during sleep! Processing...
01:53:29 | INFO     | 💰 VOLUME SPIKE: SOLUSD 3.0x normal volume
01:53:33 | INFO     | 🔌 Real-time event during sleep! Processing...
01:53:37 | INFO     | 💰 VOLUME SPIKE: XLMUSD 5.0x normal volume
01:53:43 | INFO     | 🔌 Real-time event during sleep! Processing...
01:54:10 | INFO     | ════════════════════════════════════════════════════════════════════════════════
01:54:24 | INFO     | 💰 Kraken account balance: $341.17
01:54:24 | INFO     | [STACK] JITOSOLUSD short: 2 tools (ema_cross_short+entropy_short) → score 6.2 × 1.3 = 8.1
01:54:24 | INFO     | [STACK] ADAUSD short: 2 tools (ema_cross_short+entropy_short) → score 7.7 × 1.3 = 10.0
01:54:24 | INFO     | Skipping simple_buy_uptrend (XMRUSD) - bull tool blocked in fear/bear (F&G=32, 82% bullish)
01:54:24 | DEBUG    | Skipping ema_cross_short (ADAUSD) — short blocked (US Non-ECP margin restriction)
01:54:24 | DEBUG    | Skipping ema_cross_short (JITOSOLUSD) — short blocked (US Non-ECP margin restriction)
01:54:24 | DEBUG    | Skipping ema_cross_short (DOTUSD) — short blocked (US Non-ECP margin restriction)
01:54:24 | DEBUG    | Skipping ema_cross_short (ETHUSD) — short blocked (US Non-ECP margin restriction)
01:54:24 | DEBUG    | Skipping ema_cross_short (AVAXUSD) — short blocked (US Non-ECP margin restriction)
01:54:24 | DEBUG    | Skipping ema_cross_short (XBTUSD) — short blocked (US Non-ECP margin restriction)
01:54:24 | DEBUG    | Skipping ema_cross_short (SOLUSD) — short blocked (US Non-ECP margin restriction)
01:54:24 | DEBUG    | Skipping ema_cross_short (XMRUSD) — short blocked (US Non-ECP margin restriction)
01:54:24 | DEBUG    | Skipping ema_cross_short (LINKUSD) — short blocked (US Non-ECP margin restriction)
01:54:24 | DEBUG    | Skipping ema_cross_short (BNBUSD) — short blocked (US Non-ECP margin restriction)
01:54:24 | DEBUG    | Skipping ema_cross_short (ZECUSD) — short blocked (US Non-ECP margin restriction)
01:54:24 | DEBUG    | Skipping ema_cross_short (LTCUSD) — short blocked (US Non-ECP margin restriction)
01:54:24 | DEBUG    | Skipping ema_cross_short (XRPUSD) — short blocked (US Non-ECP margin restriction)
01:54:24 | DEBUG    | Skipping ema_cross_short (TAOUSD) — short blocked (US Non-ECP margin restriction)
01:54:24 | INFO     | [BLACKLIST] RAVEUSD in mandatory cooldown (9.1h hard, 9.1h total) — skipping distribution_short
01:54:24 | INFO     | [2026-04-22 01:54:24] CYCLE #4877 | F&G: 32 (Neutral) | Allocation: Grid 0% / Active 100%
01:54:24 | INFO     | Balance: $341.17 (start: $300.00, +13.7%) | Grid: $0.00 | Active: $273.06
01:54:24 | INFO     | Grid: 0 positions across 40 pairs | 0 round trips | $0.00 profit
01:54:24 | INFO     | Active: 1/8 positions open
01:54:24 | INFO     |   → HYPEUSD long +1.2% (btc_alt_spread, 13.1h held)
01:54:24 | INFO     | Signals this cycle: simple_buy_uptrend XMRUSD (score 17.5), ema_cross_short ADAUSD (score 10.0), ema_cross_short JITOSOLUSD (score 8.1)
01:54:24 | INFO     | MTF: 18% bearish 4h, 82% bullish 4h | Avg 4h RSI: 65.5
01:54:24 | INFO     | Tool streaks: entropy_dip L5
01:54:24 | INFO     | Cycle took 14.1s, sleeping 285.9s
01:54:24 | INFO     | ════════════════════════════════════════════════════════════════════════════════
01:54:44 | INFO     | 💰 VOLUME SPIKE: FILUSD 3.6x normal volume
01:54:44 | INFO     | 🔌 Real-time event during sleep! Processing...
01:54:54 | INFO     | 💰 VOLUME SPIKE: ADAUSD 3.3x normal volume
01:54:54 | INFO     | 🔌 Real-time event during sleep! Processing...
01:55:08 | INFO     | 💰 VOLUME SPIKE: AAVEUSD 3.2x normal volume
01:55:14 | INFO     | 🔌 Real-time event during sleep! Processing...
01:56:01 | INFO     | 💰 VOLUME SPIKE: ATOMUSD 3.2x normal volume
01:56:04 | INFO     | 🔌 Real-time event during sleep! Processing...
01:58:27 | INFO     | 💰 VOLUME SPIKE: XRPUSD 3.3x normal volume
01:58:34 | INFO     | 🔌 Real-time event during sleep! Processing...
01:58:40 | INFO     | 💰 VOLUME SPIKE: LTCUSD 4.0x normal volume
01:58:44 | INFO     | 🔌 Real-time event during sleep! Processing...
01:59:10 | INFO     | ════════════════════════════════════════════════════════════════════════════════
01:59:19 | INFO     | 💰 VOLUME SPIKE: ETHUSD 3.5x normal volume
01:59:26 | INFO     | 💰 Kraken account balance: $341.04
01:59:26 | INFO     | [STACK] JITOSOLUSD short: 2 tools (ema_cross_short+entropy_short) → score 6.2 × 1.3 = 8.1
01:59:26 | INFO     | [STACK] ADAUSD short: 2 tools (ema_cross_short+entropy_short) → score 7.6 × 1.3 = 9.9
01:59:26 | INFO     | Skipping simple_buy_uptrend (XMRUSD) - bull tool blocked in fear/bear (F&G=32, 82% bullish)
01:59:26 | DEBUG    | Skipping ema_cross_short (ADAUSD) — short blocked (US Non-ECP margin restriction)
01:59:26 | DEBUG    | Skipping ema_cross_short (JITOSOLUSD) — short blocked (US Non-ECP margin restriction)
01:59:26 | DEBUG    | Skipping ema_cross_short (ETHUSD) — short blocked (US Non-ECP margin restriction)
01:59:26 | DEBUG    | Skipping ema_cross_short (AVAXUSD) — short blocked (US Non-ECP margin restriction)
01:59:26 | DEBUG    | Skipping ema_cross_short (DOTUSD) — short blocked (US Non-ECP margin restriction)
01:59:26 | DEBUG    | Skipping ema_cross_short (XBTUSD) — short blocked (US Non-ECP margin restriction)
01:59:26 | DEBUG    | Skipping ema_cross_short (SOLUSD) — short blocked (US Non-ECP margin restriction)
01:59:26 | INFO     | Skipping simple_buy_uptrend (LINKUSD) - bull tool blocked in fear/bear (F&G=32, 82% bullish)
01:59:26 | DEBUG    | Skipping ema_cross_short (XMRUSD) — short blocked (US Non-ECP margin restriction)
01:59:26 | DEBUG    | Skipping ema_cross_short (ZECUSD) — short blocked (US Non-ECP margin restriction)
01:59:26 | DEBUG    | Skipping ema_cross_short (BNBUSD) — short blocked (US Non-ECP margin restriction)
01:59:26 | DEBUG    | Skipping ema_cross_short (LINKUSD) — short blocked (US Non-ECP margin restriction)
01:59:26 | DEBUG    | Skipping ema_cross_short (LTCUSD) — short blocked (US Non-ECP margin restriction)
01:59:26 | DEBUG    | Skipping ema_cross_short (XRPUSD) — short blocked (US Non-ECP margin restriction)
01:59:26 | DEBUG    | Skipping ema_cross_short (TAOUSD) — short blocked (US Non-ECP margin restriction)
01:59:26 | INFO     | [BLACKLIST] RAVEUSD in mandatory cooldown (9.0h hard, 9.0h total) — skipping distribution_short
01:59:26 | INFO     | [2026-04-22 01:59:26] CYCLE #4878 | F&G: 32 (Neutral) | Allocation: Grid 0% / Active 100%
01:59:26 | INFO     | Balance: $341.04 (start: $300.00, +13.7%) | Grid: $0.00 | Active: $272.94
01:59:26 | INFO     | Grid: 0 positions across 40 pairs | 0 round trips | $0.00 profit
01:59:26 | INFO     | Active: 1/8 positions open
01:59:26 | INFO     |   → HYPEUSD long +0.9% (btc_alt_spread, 13.2h held)
01:59:26 | INFO     | Signals this cycle: simple_buy_uptrend XMRUSD (score 17.2), ema_cross_short ADAUSD (score 9.9), ema_cross_short JITOSOLUSD (score 8.1)
01:59:26 | INFO     | MTF: 18% bearish 4h, 82% bullish 4h | Avg 4h RSI: 64.8
01:59:26 | INFO     | Tool streaks: entropy_dip L5
01:59:26 | INFO     | Cycle took 15.5s, sleeping 284.5s
01:59:26 | INFO     | ════════════════════════════════════════════════════════════════════════════════
01:59:36 | INFO     | 🔌 Real-time event during sleep! Processing...
01:59:39 | INFO     | 💰 VOLUME SPIKE: NEARUSD 5.0x normal volume
01:59:46 | INFO     | 🔌 Real-time event during sleep! Processing...
02:01:34 | INFO     | 💰 VOLUME SPIKE: XBTUSD 3.3x normal volume
02:01:36 | INFO     | 🔌 Real-time event during sleep! Processing...
02:04:10 | INFO     | ════════════════════════════════════════════════════════════════════════════════
02:04:25 | INFO     | 💰 Kraken account balance: $340.99
02:04:25 | INFO     | [STACK] JITOSOLUSD short: 2 tools (ema_cross_short+entropy_short) → score 6.6 × 1.3 = 8.6
02:04:25 | INFO     | [STACK] ZECUSD short: 2 tools (ema_cross_short+entropy_short) → score 6.8 × 1.3 = 8.8
02:04:25 | INFO     | [STACK] XMRUSD short: 2 tools (ema_cross_short+distribution_short) → score 6.4 × 1.3 = 8.3
02:04:25 | INFO     | [STACK] ADAUSD short: 2 tools (ema_cross_short+entropy_short) → score 7.6 × 1.3 = 9.8
02:04:25 | INFO     | [STACK] RAVEUSD long: 2 tools (mega_crash+dip_buy_5pct) → score 42.0 × 1.3 = 54.6
02:04:25 | INFO     | [BLACKLIST] RAVEUSD in mandatory cooldown (8.9h hard, 8.9h total) — skipping mega_crash
02:04:25 | INFO     | Skipping simple_buy_uptrend (XMRUSD) - bull tool blocked in fear/bear (F&G=32, 82% bullish)
02:04:25 | DEBUG    | Skipping ema_cross_short (ADAUSD) — short blocked (US Non-ECP margin restriction)
02:04:25 | DEBUG    | Skipping ema_cross_short (ZECUSD) — short blocked (US Non-ECP margin restriction)
02:04:25 | DEBUG    | Skipping ema_cross_short (JITOSOLUSD) — short blocked (US Non-ECP margin restriction)
02:04:25 | DEBUG    | Skipping ema_cross_short (XMRUSD) — short blocked (US Non-ECP margin restriction)
02:04:25 | DEBUG    | Skipping ema_cross_short (ETHUSD) — short blocked (US Non-ECP margin restriction)
02:04:25 | DEBUG    | Skipping ema_cross_short (DOTUSD) — short blocked (US Non-ECP margin restriction)
02:04:25 | DEBUG    | Skipping ema_cross_short (AVAXUSD) — short blocked (US Non-ECP margin restriction)
02:04:25 | DEBUG    | Skipping ema_cross_short (XBTUSD) — short blocked (US Non-ECP margin restriction)
02:04:25 | DEBUG    | Skipping ema_cross_short (SOLUSD) — short blocked (US Non-ECP margin restriction)
02:04:25 | INFO     | Skipping simple_buy_uptrend (LINKUSD) - bull tool blocked in fear/bear (F&G=32, 82% bullish)
02:04:25 | DEBUG    | Skipping ema_cross_short (BNBUSD) — short blocked (US Non-ECP margin restriction)
02:04:25 | DEBUG    | Skipping ema_cross_short (LTCUSD) — short blocked (US Non-ECP margin restriction)
02:04:25 | DEBUG    | Skipping ema_cross_short (XRPUSD) — short blocked (US Non-ECP margin restriction)
02:04:25 | DEBUG    | Skipping ema_cross_short (LINKUSD) — short blocked (US Non-ECP margin restriction)
02:04:25 | INFO     | Skipping buy_btc_leading (TAOUSD) - bull tool blocked in fear/bear (F&G=32, 82% bullish)
02:04:25 | DEBUG    | Skipping ema_cross_short (TAOUSD) — short blocked (US Non-ECP margin restriction)
02:04:25 | INFO     | [BLACKLIST] RAVEUSD in mandatory cooldown (8.9h hard, 8.9h total) — skipping distribution_short
02:04:25 | INFO     | [2026-04-22 02:04:25] CYCLE #4879 | F&G: 32 (Neutral) | Allocation: Grid 0% / Active 100%
02:04:25 | INFO     | Balance: $340.99 (start: $300.00, +13.7%) | Grid: $0.00 | Active: $272.89
02:04:25 | INFO     | Grid: 0 positions across 40 pairs | 0 round trips | $0.00 profit
02:04:25 | INFO     | Active: 1/8 positions open
02:04:25 | INFO     |   → HYPEUSD long +0.9% (btc_alt_spread, 13.3h held)
02:04:25 | INFO     | Signals this cycle: mega_crash RAVEUSD (score 54.6), simple_buy_uptrend XMRUSD (score 17.4), ema_cross_short ADAUSD (score 9.8)
02:04:25 | INFO     | MTF: 18% bearish 4h, 82% bullish 4h | Avg 4h RSI: 64.4
02:04:25 | INFO     | Tool streaks: entropy_dip L5
02:04:25 | INFO     | Cycle took 14.6s, sleeping 285.4s
02:04:25 | INFO     | ════════════════════════════════════════════════════════════════════════════════
02:05:59 | INFO     | 💰 VOLUME SPIKE: AAVEUSD 3.2x normal volume
02:06:05 | INFO     | 🔌 Real-time event during sleep! Processing...
02:06:15 | INFO     | 💰 VOLUME SPIKE: ADAUSD 3.2x normal volume
02:06:15 | INFO     | 🔌 Real-time event during sleep! Processing...
02:06:39 | INFO     | 💰 VOLUME SPIKE: DOTUSD 4.3x normal volume
02:06:45 | INFO     | 🔌 Real-time event during sleep! Processing...
02:08:01 | INFO     | 💰 VOLUME SPIKE: LINKUSD 4.3x normal volume
02:08:05 | INFO     | 🔌 Real-time event during sleep! Processing...
02:08:09 | INFO     | 💰 VOLUME SPIKE: ATOMUSD 3.4x normal volume
02:08:14 | INFO     | 💰 VOLUME SPIKE: AVAXUSD 5.0x normal volume
02:08:15 | INFO     | 🔌 Real-time event during sleep! Processing...
02:08:29 | INFO     | 💰 VOLUME SPIKE: SOLUSD 3.0x normal volume
02:08:35 | INFO     | 🔌 Real-time event during sleep! Processing...
02:08:44 | INFO     | 💰 VOLUME SPIKE: XRPUSD 3.4x normal volume
02:08:45 | INFO     | 🔌 Real-time event during sleep! Processing...
02:08:46 | INFO     | 💰 VOLUME SPIKE: XLMUSD 4.6x normal volume
02:08:55 | INFO     | 🔌 Real-time event during sleep! Processing...
02:09:11 | INFO     | ════════════════════════════════════════════════════════════════════════════════
02:09:24 | INFO     | 💰 Kraken account balance: $341.37
02:09:24 | INFO     | [VOLATILITY] Scanning 659 USD pairs for volatility...
02:09:27 | INFO     | [VOLATILITY] Selected 20 pairs (from 10 liquid). Top 5: RAVEUSD (score=0.17, vol=80.7%, pos=25%), XXMRZUSD (score=0.12, vol=10.0%, pos=89%), XZECZUSD (score=0.09, vol=9.5%, pos=62%), XETHZUSD (score=0.07, vol=5.7%, pos=82%), HYPEUSD (score=0.06, vol=6.0%, pos=67%)
02:09:27 | INFO     | [STACK] JITOSOLUSD short: 2 tools (ema_cross_short+entropy_short) → score 6.6 × 1.3 = 8.6
02:09:27 | INFO     | [STACK] XMRUSD short: 2 tools (ema_cross_short+distribution_short) → score 6.5 × 1.3 = 8.5
02:09:27 | INFO     | [STACK] ADAUSD short: 2 tools (ema_cross_short+entropy_short) → score 7.6 × 1.3 = 9.9
02:09:27 | INFO     | [BLACKLIST] RAVEUSD in mandatory cooldown (8.8h hard, 8.8h total) — skipping mega_crash
02:09:27 | INFO     | Skipping simple_buy_uptrend (XMRUSD) - bull tool blocked in fear/bear (F&G=32, 82% bullish)
02:09:27 | DEBUG    | Skipping ema_cross_short (ADAUSD) — short blocked (US Non-ECP margin restriction)
02:09:27 | DEBUG    | Skipping ema_cross_short (JITOSOLUSD) — short blocked (US Non-ECP margin restriction)
02:09:27 | DEBUG    | Skipping ema_cross_short (XMRUSD) — short blocked (US Non-ECP margin restriction)
02:09:27 | DEBUG    | Skipping ema_cross_short (ETHUSD) — short blocked (US Non-ECP margin restriction)
02:09:27 | DEBUG    | Skipping ema_cross_short (DOTUSD) — short blocked (US Non-ECP margin restriction)
02:09:27 | DEBUG    | Skipping ema_cross_short (AVAXUSD) — short blocked (US Non-ECP margin restriction)
02:09:27 | INFO     | Skipping simple_buy_uptrend (LINKUSD) - bull tool blocked in fear/bear (F&G=32, 82% bullish)
02:09:27 | DEBUG    | Skipping ema_cross_short (XBTUSD) — short blocked (US Non-ECP margin restriction)
02:09:27 | DEBUG    | Skipping ema_cross_short (SOLUSD) — short blocked (US Non-ECP margin restriction)
02:09:27 | DEBUG    | Skipping ema_cross_short (ZECUSD) — short blocked (US Non-ECP margin restriction)
02:09:27 | DEBUG    | Skipping ema_cross_short (BNBUSD) — short blocked (US Non-ECP margin restriction)
02:09:27 | DEBUG    | Skipping ema_cross_short (XRPUSD) — short blocked (US Non-ECP margin restriction)
02:09:27 | DEBUG    | Skipping ema_cross_short (LINKUSD) — short blocked (US Non-ECP margin restriction)
02:09:27 | DEBUG    | Skipping ema_cross_short (LTCUSD) — short blocked (US Non-ECP margin restriction)
02:09:27 | DEBUG    | Skipping ema_cross_short (TAOUSD) — short blocked (US Non-ECP margin restriction)
02:09:27 | INFO     | [BLACKLIST] RAVEUSD in mandatory cooldown (8.8h hard, 8.8h total) — skipping distribution_short
02:09:27 | INFO     | [2026-04-22 02:09:27] CYCLE #4880 | F&G: 32 (Neutral) | Allocation: Grid 0% / Active 100%
02:09:27 | INFO     | Balance: $341.37 (start: $300.00, +13.8%) | Grid: $0.00 | Active: $273.27
02:09:27 | INFO     | Grid: 0 positions across 40 pairs | 0 round trips | $0.00 profit
02:09:27 | INFO     | Active: 1/8 positions open
02:09:27 | INFO     |   → HYPEUSD long +1.5% (btc_alt_spread, 13.3h held)
02:09:27 | INFO     | Signals this cycle: mega_crash RAVEUSD (score 44.0), simple_buy_uptrend XMRUSD (score 17.6), ema_cross_short ADAUSD (score 9.9)
02:09:27 | INFO     | MTF: 18% bearish 4h, 82% bullish 4h | Avg 4h RSI: 64.6
02:09:27 | INFO     | Tool streaks: entropy_dip L5
02:09:27 | INFO     | Cycle took 16.2s, sleeping 283.8s
02:09:27 | INFO     | ════════════════════════════════════════════════════════════════════════════════
02:10:39 | INFO     | 💰 VOLUME SPIKE: LTCUSD 4.1x normal volume
02:10:47 | INFO     | 🔌 Real-time event during sleep! Processing...
02:12:30 | INFO     | 💰 VOLUME SPIKE: UNIUSD 5.0x normal volume
02:12:37 | INFO     | 🔌 Real-time event during sleep! Processing...
02:13:24 | INFO     | 💰 VOLUME SPIKE: XBTUSD 3.2x normal volume
02:13:27 | INFO     | 🔌 Real-time event during sleep! Processing...
02:14:11 | INFO     | ════════════════════════════════════════════════════════════════════════════════
02:14:23 | INFO     | 💰 Kraken account balance: $341.32
02:14:23 | INFO     | [STACK] JITOSOLUSD short: 2 tools (ema_cross_short+entropy_short) → score 6.6 × 1.3 = 8.6
02:14:23 | INFO     | [STACK] ZECUSD short: 2 tools (ema_cross_short+entropy_short) → score 6.9 × 1.3 = 9.0
02:14:23 | INFO     | [STACK] XMRUSD short: 2 tools (ema_cross_short+distribution_short) → score 6.5 × 1.3 = 8.4
02:14:23 | INFO     | [STACK] ADAUSD short: 2 tools (ema_cross_short+entropy_short) → score 7.6 × 1.3 = 9.8
02:14:23 | INFO     | [BLACKLIST] RAVEUSD in mandatory cooldown (8.8h hard, 8.8h total) — skipping mega_crash
02:14:23 | INFO     | Skipping simple_buy_uptrend (XMRUSD) - bull tool blocked in fear/bear (F&G=32, 82% bullish)
02:14:23 | DEBUG    | Skipping ema_cross_short (ADAUSD) — short blocked (US Non-ECP margin restriction)
02:14:23 | DEBUG    | Skipping ema_cross_short (ZECUSD) — short blocked (US Non-ECP margin restriction)
02:14:23 | DEBUG    | Skipping ema_cross_short (JITOSOLUSD) — short blocked (US Non-ECP margin restriction)
02:14:23 | DEBUG    | Skipping ema_cross_short (XMRUSD) — short blocked (US Non-ECP margin restriction)
02:14:23 | DEBUG    | Skipping ema_cross_short (ETHUSD) — short blocked (US Non-ECP margin restriction)
02:14:23 | DEBUG    | Skipping ema_cross_short (DOTUSD) — short blocked (US Non-ECP margin restriction)
02:14:23 | DEBUG    | Skipping ema_cross_short (AVAXUSD) — short blocked (US Non-ECP margin restriction)
02:14:23 | DEBUG    | Skipping ema_cross_short (XBTUSD) — short blocked (US Non-ECP margin restriction)
02:14:23 | DEBUG    | Skipping ema_cross_short (SOLUSD) — short blocked (US Non-ECP margin restriction)
02:14:23 | INFO     | Skipping simple_buy_uptrend (LINKUSD) - bull tool blocked in fear/bear (F&G=32, 82% bullish)
02:14:23 | DEBUG    | Skipping ema_cross_short (XRPUSD) — short blocked (US Non-ECP margin restriction)
02:14:23 | DEBUG    | Skipping ema_cross_short (BNBUSD) — short blocked (US Non-ECP margin restriction)
02:14:23 | DEBUG    | Skipping ema_cross_short (LTCUSD) — short blocked (US Non-ECP margin restriction)
02:14:23 | DEBUG    | Skipping ema_cross_short (TAOUSD) — short blocked (US Non-ECP margin restriction)
02:14:23 | DEBUG    | Skipping ema_cross_short (LINKUSD) — short blocked (US Non-ECP margin restriction)
02:14:23 | INFO     | [BLACKLIST] RAVEUSD in mandatory cooldown (8.8h hard, 8.8h total) — skipping distribution_short
02:14:23 | INFO     | [2026-04-22 02:14:23] CYCLE #4881 | F&G: 32 (Neutral) | Allocation: Grid 0% / Active 100%
02:14:23 | INFO     | Balance: $341.32 (start: $300.00, +13.8%) | Grid: $0.00 | Active: $273.22
02:14:23 | INFO     | Grid: 0 positions across 40 pairs | 0 round trips | $0.00 profit
02:14:23 | INFO     | Active: 1/8 positions open
02:14:23 | INFO     |   → HYPEUSD long +1.4% (btc_alt_spread, 13.4h held)
02:14:23 | INFO     | Signals this cycle: mega_crash RAVEUSD (score 45.0), simple_buy_uptrend XMRUSD (score 17.5), ema_cross_short ADAUSD (score 9.8)
02:14:23 | INFO     | MTF: 18% bearish 4h, 82% bullish 4h | Avg 4h RSI: 64.5
02:14:23 | INFO     | Tool streaks: entropy_dip L5
02:14:23 | INFO     | Cycle took 11.7s, sleeping 288.3s
02:14:23 | INFO     | ════════════════════════════════════════════════════════════════════════════════
02:14:39 | INFO     | 💰 VOLUME SPIKE: NEARUSD 5.0x normal volume
02:14:43 | INFO     | 🔌 Real-time event during sleep! Processing...
02:18:36 | INFO     | 💰 VOLUME SPIKE: SOLUSD 3.0x normal volume
02:18:43 | INFO     | 🔌 Real-time event during sleep! Processing...
02:19:11 | INFO     | ════════════════════════════════════════════════════════════════════════════════
02:19:24 | INFO     | 💰 Kraken account balance: $341.28
02:19:24 | INFO     | [STACK] JITOSOLUSD short: 2 tools (ema_cross_short+entropy_short) → score 6.6 × 1.3 = 8.6
02:19:24 | INFO     | [STACK] XMRUSD short: 2 tools (ema_cross_short+distribution_short) → score 6.5 × 1.3 = 8.5
02:19:24 | INFO     | [STACK] ADAUSD short: 2 tools (ema_cross_short+entropy_short) → score 7.6 × 1.3 = 9.9
02:19:24 | INFO     | [BLACKLIST] RAVEUSD in mandatory cooldown (8.7h hard, 8.7h total) — skipping mega_crash
02:19:24 | INFO     | Skipping simple_buy_uptrend (XMRUSD) - bull tool blocked in fear/bear (F&G=32, 82% bullish)
02:19:24 | DEBUG    | Skipping ema_cross_short (ADAUSD) — short blocked (US Non-ECP margin restriction)
02:19:24 | DEBUG    | Skipping ema_cross_short (JITOSOLUSD) — short blocked (US Non-ECP margin restriction)
02:19:24 | DEBUG    | Skipping ema_cross_short (XMRUSD) — short blocked (US Non-ECP margin restriction)
02:19:24 | DEBUG    | Skipping ema_cross_short (ETHUSD) — short blocked (US Non-ECP margin restriction)
02:19:24 | DEBUG    | Skipping ema_cross_short (DOTUSD) — short blocked (US Non-ECP margin restriction)
02:19:24 | DEBUG    | Skipping ema_cross_short (XBTUSD) — short blocked (US Non-ECP margin restriction)
02:19:24 | DEBUG    | Skipping ema_cross_short (AVAXUSD) — short blocked (US Non-ECP margin restriction)
02:19:24 | DEBUG    | Skipping ema_cross_short (SOLUSD) — short blocked (US Non-ECP margin restriction)
02:19:24 | INFO     | Skipping simple_buy_uptrend (LINKUSD) - bull tool blocked in fear/bear (F&G=32, 82% bullish)
02:19:24 | DEBUG    | Skipping ema_cross_short (ZECUSD) — short blocked (US Non-ECP margin restriction)
02:19:24 | DEBUG    | Skipping ema_cross_short (BNBUSD) — short blocked (US Non-ECP margin restriction)
02:19:24 | DEBUG    | Skipping ema_cross_short (XRPUSD) — short blocked (US Non-ECP margin restriction)
02:19:24 | DEBUG    | Skipping ema_cross_short (LTCUSD) — short blocked (US Non-ECP margin restriction)
02:19:24 | DEBUG    | Skipping ema_cross_short (LINKUSD) — short blocked (US Non-ECP margin restriction)
02:19:24 | DEBUG    | Skipping ema_cross_short (TAOUSD) — short blocked (US Non-ECP margin restriction)
02:19:24 | INFO     | [BLACKLIST] RAVEUSD in mandatory cooldown (8.7h hard, 8.7h total) — skipping distribution_short
02:19:24 | INFO     | [2026-04-22 02:19:24] CYCLE #4882 | F&G: 32 (Neutral) | Allocation: Grid 0% / Active 100%
02:19:24 | INFO     | Balance: $341.28 (start: $300.00, +13.8%) | Grid: $0.00 | Active: $273.18
02:19:24 | INFO     | Grid: 0 positions across 40 pairs | 0 round trips | $0.00 profit
02:19:24 | INFO     | Active: 1/8 positions open
02:19:24 | INFO     |   → HYPEUSD long +1.3% (btc_alt_spread, 13.5h held)
02:19:24 | INFO     | Signals this cycle: mega_crash RAVEUSD (score 45.8), simple_buy_uptrend XMRUSD (score 17.6), ema_cross_short ADAUSD (score 9.9)
02:19:24 | INFO     | MTF: 18% bearish 4h, 82% bullish 4h | Avg 4h RSI: 64.3
02:19:24 | INFO     | Tool streaks: entropy_dip L5
02:19:24 | INFO     | Cycle took 13.0s, sleeping 287.0s
02:19:24 | INFO     | ════════════════════════════════════════════════════════════════════════════════
02:20:06 | INFO     | 💰 VOLUME SPIKE: AAVEUSD 4.1x normal volume
02:20:14 | INFO     | 🔌 Real-time event during sleep! Processing...
02:20:44 | INFO     | 💰 VOLUME SPIKE: ATOMUSD 3.4x normal volume
02:20:44 | INFO     | 🔌 Real-time event during sleep! Processing...
02:21:03 | INFO     | 💰 VOLUME SPIKE: AVAXUSD 4.4x normal volume
02:21:04 | INFO     | 🔌 Real-time event during sleep! Processing...
02:21:16 | INFO     | 💰 VOLUME SPIKE: ETHUSD 3.1x normal volume
02:21:24 | INFO     | 🔌 Real-time event during sleep! Processing...
02:21:40 | INFO     | 💰 VOLUME SPIKE: DOTUSD 4.6x normal volume
02:21:40 | INFO     | 💰 VOLUME SPIKE: LINKUSD 5.0x normal volume
02:21:44 | INFO     | 🔌 Real-time event during sleep! Processing...
02:22:31 | INFO     | 💰 VOLUME SPIKE: XLMUSD 3.6x normal volume
02:22:34 | INFO     | 🔌 Real-time event during sleep! Processing...
02:24:11 | INFO     | ════════════════════════════════════════════════════════════════════════════════
02:24:18 | INFO     | 💰 VOLUME SPIKE: ADAUSD 4.9x normal volume
02:24:23 | INFO     | 💰 Kraken account balance: $341.28
02:24:23 | INFO     | [STACK] JITOSOLUSD short: 2 tools (ema_cross_short+entropy_short) → score 6.6 × 1.3 = 8.6
02:24:23 | INFO     | [STACK] ZECUSD short: 2 tools (ema_cross_short+entropy_short) → score 6.9 × 1.3 = 8.9
02:24:23 | INFO     | [STACK] XMRUSD short: 2 tools (ema_cross_short+distribution_short) → score 6.4 × 1.3 = 8.4
02:24:23 | INFO     | [STACK] ADAUSD short: 2 tools (ema_cross_short+entropy_short) → score 7.6 × 1.3 = 9.9
02:24:23 | INFO     | [BLACKLIST] RAVEUSD in mandatory cooldown (8.6h hard, 8.6h total) — skipping mega_crash
02:24:23 | INFO     | Skipping simple_buy_uptrend (XMRUSD) - bull tool blocked in fear/bear (F&G=32, 82% bullish)
02:24:23 | DEBUG    | Skipping ema_cross_short (ADAUSD) — short blocked (US Non-ECP margin restriction)
02:24:23 | INFO     | Skipping simple_buy_uptrend (XRPUSD) - bull tool blocked in fear/bear (F&G=32, 82% bullish)
02:24:23 | DEBUG    | Skipping ema_cross_short (ZECUSD) — short blocked (US Non-ECP margin restriction)
02:24:23 | DEBUG    | Skipping ema_cross_short (JITOSOLUSD) — short blocked (US Non-ECP margin restriction)
02:24:23 | DEBUG    | Skipping ema_cross_short (XMRUSD) — short blocked (US Non-ECP margin restriction)
02:24:23 | DEBUG    | Skipping ema_cross_short (ETHUSD) — short blocked (US Non-ECP margin restriction)
02:24:23 | DEBUG    | Skipping ema_cross_short (DOTUSD) — short blocked (US Non-ECP margin restriction)
02:24:23 | DEBUG    | Skipping ema_cross_short (AVAXUSD) — short blocked (US Non-ECP margin restriction)
02:24:23 | DEBUG    | Skipping ema_cross_short (XBTUSD) — short blocked (US Non-ECP margin restriction)
02:24:23 | DEBUG    | Skipping ema_cross_short (SOLUSD) — short blocked (US Non-ECP margin restriction)
02:24:23 | INFO     | Skipping simple_buy_uptrend (LINKUSD) - bull tool blocked in fear/bear (F&G=32, 82% bullish)
02:24:23 | DEBUG    | Skipping ema_cross_short (BNBUSD) — short blocked (US Non-ECP margin restriction)
02:24:23 | DEBUG    | Skipping ema_cross_short (XRPUSD) — short blocked (US Non-ECP margin restriction)
02:24:23 | DEBUG    | Skipping ema_cross_short (LINKUSD) — short blocked (US Non-ECP margin restriction)
02:24:23 | DEBUG    | Skipping ema_cross_short (LTCUSD) — short blocked (US Non-ECP margin restriction)
02:24:23 | DEBUG    | Skipping ema_cross_short (TAOUSD) — short blocked (US Non-ECP margin restriction)
02:24:23 | INFO     | [BLACKLIST] RAVEUSD in mandatory cooldown (8.6h hard, 8.6h total) — skipping distribution_short
02:24:23 | INFO     | [2026-04-22 02:24:23] CYCLE #4883 | F&G: 32 (Neutral) | Allocation: Grid 0% / Active 100%
02:24:23 | INFO     | Balance: $341.28 (start: $300.00, +13.8%) | Grid: $0.00 | Active: $273.18
02:24:23 | INFO     | Grid: 0 positions across 40 pairs | 0 round trips | $0.00 profit
02:24:23 | INFO     | Active: 1/8 positions open
02:24:23 | INFO     |   → HYPEUSD long +1.3% (btc_alt_spread, 13.6h held)
02:24:23 | INFO     | Signals this cycle: mega_crash RAVEUSD (score 44.5), simple_buy_uptrend XMRUSD (score 17.4), ema_cross_short ADAUSD (score 9.9)
02:24:23 | INFO     | MTF: 18% bearish 4h, 82% bullish 4h | Avg 4h RSI: 64.3
02:24:23 | INFO     | Tool streaks: entropy_dip L5
02:24:23 | INFO     | Cycle took 11.3s, sleeping 288.7s
02:24:23 | INFO     | ════════════════════════════════════════════════════════════════════════════════
02:24:27 | INFO     | 💰 VOLUME SPIKE: XRPUSD 3.4x normal volume
02:24:33 | INFO     | 🔌 Real-time event during sleep! Processing...
02:25:17 | INFO     | 💰 VOLUME SPIKE: FILUSD 5.0x normal volume
02:25:23 | INFO     | 🔌 Real-time event during sleep! Processing...
02:27:23 | INFO     | 💰 VOLUME SPIKE: UNIUSD 4.6x normal volume
02:27:33 | INFO     | 🔌 Real-time event during sleep! Processing...
02:29:01 | INFO     | 💰 VOLUME SPIKE: NEARUSD 5.0x normal volume
02:29:03 | INFO     | 🔌 Real-time event during sleep! Processing...
02:29:12 | INFO     | ════════════════════════════════════════════════════════════════════════════════
02:29:24 | INFO     | 💰 Kraken account balance: $341.45
02:29:24 | INFO     | [STACK] JITOSOLUSD short: 2 tools (ema_cross_short+entropy_short) → score 6.6 × 1.3 = 8.6
02:29:24 | INFO     | [STACK] ZECUSD short: 2 tools (ema_cross_short+entropy_short) → score 6.8 × 1.3 = 8.8
02:29:24 | INFO     | [STACK] XMRUSD short: 2 tools (ema_cross_short+distribution_short) → score 6.1 × 1.3 = 8.0
02:29:24 | INFO     | [STACK] ADAUSD short: 2 tools (ema_cross_short+entropy_short) → score 7.6 × 1.3 = 9.9
02:29:24 | INFO     | [BLACKLIST] RAVEUSD in mandatory cooldown (8.5h hard, 8.5h total) — skipping mega_crash
02:29:24 | INFO     | Skipping simple_buy_uptrend (XMRUSD) - bull tool blocked in fear/bear (F&G=32, 82% bullish)
02:29:24 | DEBUG    | Skipping ema_cross_short (ADAUSD) — short blocked (US Non-ECP margin restriction)
02:29:24 | DEBUG    | Skipping ema_cross_short (ZECUSD) — short blocked (US Non-ECP margin restriction)
02:29:24 | DEBUG    | Skipping ema_cross_short (JITOSOLUSD) — short blocked (US Non-ECP margin restriction)
02:29:24 | DEBUG    | Skipping ema_cross_short (ETHUSD) — short blocked (US Non-ECP margin restriction)
02:29:24 | DEBUG    | Skipping ema_cross_short (XMRUSD) — short blocked (US Non-ECP margin restriction)
02:29:24 | DEBUG    | Skipping ema_cross_short (DOTUSD) — short blocked (US Non-ECP margin restriction)
02:29:24 | DEBUG    | Skipping ema_cross_short (AVAXUSD) — short blocked (US Non-ECP margin restriction)
02:29:24 | DEBUG    | Skipping ema_cross_short (SOLUSD) — short blocked (US Non-ECP margin restriction)
02:29:24 | DEBUG    | Skipping ema_cross_short (XBTUSD) — short blocked (US Non-ECP margin restriction)
02:29:24 | INFO     | Skipping simple_buy_uptrend (LINKUSD) - bull tool blocked in fear/bear (F&G=32, 82% bullish)
02:29:24 | DEBUG    | Skipping ema_cross_short (BNBUSD) — short blocked (US Non-ECP margin restriction)
02:29:24 | DEBUG    | Skipping ema_cross_short (XRPUSD) — short blocked (US Non-ECP margin restriction)
02:29:24 | INFO     | Skipping buy_btc_leading (TAOUSD) - bull tool blocked in fear/bear (F&G=32, 82% bullish)
02:29:24 | DEBUG    | Skipping ema_cross_short (LINKUSD) — short blocked (US Non-ECP margin restriction)
02:29:24 | DEBUG    | Skipping ema_cross_short (LTCUSD) — short blocked (US Non-ECP margin restriction)
02:29:24 | DEBUG    | Skipping ema_cross_short (TAOUSD) — short blocked (US Non-ECP margin restriction)
02:29:24 | INFO     | [BLACKLIST] RAVEUSD in mandatory cooldown (8.5h hard, 8.5h total) — skipping distribution_short
02:29:24 | INFO     | [2026-04-22 02:29:24] CYCLE #4884 | F&G: 32 (Neutral) | Allocation: Grid 0% / Active 100%
02:29:24 | INFO     | Balance: $341.45 (start: $300.00, +13.8%) | Grid: $0.00 | Active: $273.35
02:29:24 | INFO     | Grid: 0 positions across 40 pairs | 0 round trips | $0.00 profit
02:29:24 | INFO     | Active: 1/8 positions open
02:29:24 | INFO     |   → HYPEUSD long +1.6% (btc_alt_spread, 13.7h held)
02:29:24 | INFO     | Signals this cycle: mega_crash RAVEUSD (score 43.0), simple_buy_uptrend XMRUSD (score 16.8), ema_cross_short ADAUSD (score 9.9)
02:29:24 | INFO     | MTF: 18% bearish 4h, 82% bullish 4h | Avg 4h RSI: 64.5
02:29:24 | INFO     | Tool streaks: entropy_dip L5
02:29:24 | INFO     | Cycle took 12.5s, sleeping 287.5s
02:29:24 | INFO     | ════════════════════════════════════════════════════════════════════════════════
02:30:51 | INFO     | 💰 VOLUME SPIKE: AAVEUSD 5.0x normal volume
02:30:54 | INFO     | 💰 VOLUME SPIKE: ATOMUSD 5.0x normal volume
02:30:54 | INFO     | 🔌 Real-time event during sleep! Processing...
02:33:01 | INFO     | 💰 VOLUME SPIKE: DOTUSD 4.1x normal volume
02:33:04 | INFO     | 🔌 Real-time event during sleep! Processing...
02:33:15 | INFO     | 💰 VOLUME SPIKE: XLMUSD 4.8x normal volume
02:33:24 | INFO     | 🔌 Real-time event during sleep! Processing...
02:33:26 | INFO     | 💰 VOLUME SPIKE: ETHUSD 3.1x normal volume
02:33:34 | INFO     | 🔌 Real-time event during sleep! Processing...
02:33:45 | INFO     | 💰 VOLUME SPIKE: SOLUSD 4.1x normal volume
02:33:54 | INFO     | 🔌 Real-time event during sleep! Processing...
02:34:12 | INFO     | ════════════════════════════════════════════════════════════════════════════════
02:34:24 | INFO     | 💰 Kraken account balance: $341.32
02:34:24 | INFO     | [STACK] JITOSOLUSD short: 2 tools (ema_cross_short+entropy_short) → score 6.6 × 1.3 = 8.6
02:34:24 | INFO     | [STACK] ZECUSD short: 2 tools (ema_cross_short+entropy_short) → score 6.6 × 1.3 = 8.6
02:34:24 | INFO     | [STACK] XMRUSD short: 4 tools (falling_wedge_short+ema_cross_short+alt_btc_revert_t3+distribution_short) → score 11.5 × 1.6 = 18.3
02:34:24 | INFO     | [STACK] ADAUSD short: 2 tools (ema_cross_short+entropy_short) → score 7.7 × 1.3 = 10.0
02:34:24 | INFO     | [STACK] RAVEUSD long: 2 tools (mega_crash+dip_buy_5pct) → score 39.3 × 1.3 = 51.1
02:34:24 | INFO     | [BLACKLIST] RAVEUSD in mandatory cooldown (8.4h hard, 8.4h total) — skipping mega_crash
02:34:24 | INFO     | Skipping buy_btc_leading (ZECUSD) - bull tool blocked in fear/bear (F&G=32, 82% bullish)
02:34:24 | DEBUG    | Skipping falling_wedge_short (XMRUSD) — short blocked (US Non-ECP margin restriction)
02:34:24 | INFO     | [BEARISH OVERLAY] simple_buy_uptrend XMRUSD blocked — falling_wedge_short short score 18.3 active
02:34:24 | DEBUG    | Skipping ema_cross_short (ADAUSD) — short blocked (US Non-ECP margin restriction)
02:34:24 | DEBUG    | Skipping ema_cross_short (JITOSOLUSD) — short blocked (US Non-ECP margin restriction)
02:34:24 | DEBUG    | Skipping ema_cross_short (ZECUSD) — short blocked (US Non-ECP margin restriction)
02:34:24 | DEBUG    | Skipping ema_cross_short (ETHUSD) — short blocked (US Non-ECP margin restriction)
02:34:24 | DEBUG    | Skipping ema_cross_short (DOTUSD) — short blocked (US Non-ECP margin restriction)
02:34:24 | DEBUG    | Skipping ema_cross_short (XBTUSD) — short blocked (US Non-ECP margin restriction)
02:34:24 | DEBUG    | Skipping ema_cross_short (AVAXUSD) — short blocked (US Non-ECP margin restriction)
02:34:24 | DEBUG    | Skipping ema_cross_short (SOLUSD) — short blocked (US Non-ECP margin restriction)
02:34:24 | INFO     | Skipping simple_buy_uptrend (LINKUSD) - bull tool blocked in fear/bear (F&G=32, 82% bullish)
02:34:24 | DEBUG    | Skipping ema_cross_short (BNBUSD) — short blocked (US Non-ECP margin restriction)
02:34:24 | DEBUG    | Skipping ema_cross_short (XRPUSD) — short blocked (US Non-ECP margin restriction)
02:34:24 | INFO     | Skipping buy_btc_leading (TAOUSD) - bull tool blocked in fear/bear (F&G=32, 82% bullish)
02:34:24 | DEBUG    | Skipping ema_cross_short (LTCUSD) — short blocked (US Non-ECP margin restriction)
02:34:24 | DEBUG    | Skipping ema_cross_short (LINKUSD) — short blocked (US Non-ECP margin restriction)
02:34:24 | DEBUG    | Skipping ema_cross_short (TAOUSD) — short blocked (US Non-ECP margin restriction)
02:34:24 | INFO     | [BLACKLIST] RAVEUSD in mandatory cooldown (8.4h hard, 8.4h total) — skipping distribution_short
02:34:24 | INFO     | [2026-04-22 02:34:24] CYCLE #4885 | F&G: 32 (Neutral) | Allocation: Grid 0% / Active 100%
02:34:24 | INFO     | Balance: $341.32 (start: $300.00, +13.8%) | Grid: $0.00 | Active: $273.22
02:34:24 | INFO     | Grid: 0 positions across 40 pairs | 0 round trips | $0.00 profit
02:34:24 | INFO     | Active: 1/8 positions open
02:34:24 | INFO     |   → HYPEUSD long +1.4% (btc_alt_spread, 13.8h held)
02:34:24 | INFO     | Signals this cycle: mega_crash RAVEUSD (score 51.1), buy_btc_leading ZECUSD (score 21.2), falling_wedge_short XMRUSD (score 18.3)
02:34:24 | INFO     | MTF: 18% bearish 4h, 82% bullish 4h | Avg 4h RSI: 64.3
02:34:24 | INFO     | Tool streaks: entropy_dip L5
02:34:24 | INFO     | Cycle took 12.2s, sleeping 287.8s
02:34:24 | INFO     | ════════════════════════════════════════════════════════════════════════════════
02:34:50 | INFO     | 💰 VOLUME SPIKE: XBTUSD 3.5x normal volume
02:34:54 | INFO     | 🔌 Real-time event during sleep! Processing...
02:34:55 | INFO     | 💰 VOLUME SPIKE: LINKUSD 3.5x normal volume
02:35:04 | INFO     | 🔌 Real-time event during sleep! Processing...
02:37:27 | INFO     | 💰 VOLUME SPIKE: ADAUSD 3.3x normal volume
02:37:34 | INFO     | 🔌 Real-time event during sleep! Processing...
02:38:40 | INFO     | 💰 VOLUME SPIKE: LTCUSD 4.1x normal volume
02:38:44 | INFO     | 🔌 Real-time event during sleep! Processing...
02:39:12 | INFO     | ════════════════════════════════════════════════════════════════════════════════
02:39:24 | INFO     | 💰 Kraken account balance: $341.32
02:39:24 | INFO     | [STACK] JITOSOLUSD short: 2 tools (ema_cross_short+entropy_short) → score 6.6 × 1.3 = 8.6
02:39:24 | INFO     | [STACK] XMRUSD short: 3 tools (falling_wedge_short+ema_cross_short+distribution_short) → score 11.5 × 1.6 = 18.3
02:39:24 | INFO     | [STACK] ADAUSD short: 2 tools (ema_cross_short+entropy_short) → score 7.7 × 1.3 = 10.0
02:39:24 | INFO     | [STACK] RAVEUSD long: 2 tools (mega_crash+dip_buy_5pct) → score 38.3 × 1.3 = 49.7
02:39:24 | INFO     | [BLACKLIST] RAVEUSD in mandatory cooldown (8.3h hard, 8.3h total) — skipping mega_crash
02:39:24 | DEBUG    | Skipping falling_wedge_short (XMRUSD) — short blocked (US Non-ECP margin restriction)
02:39:24 | INFO     | Skipping simple_buy_uptrend (XMRUSD) - bull tool blocked in fear/bear (F&G=32, 82% bullish)
02:39:24 | DEBUG    | Skipping ema_cross_short (ADAUSD) — short blocked (US Non-ECP margin restriction)
02:39:24 | DEBUG    | Skipping ema_cross_short (JITOSOLUSD) — short blocked (US Non-ECP margin restriction)
02:39:24 | DEBUG    | Skipping ema_cross_short (ETHUSD) — short blocked (US Non-ECP margin restriction)
02:39:24 | DEBUG    | Skipping ema_cross_short (DOTUSD) — short blocked (US Non-ECP margin restriction)
02:39:24 | DEBUG    | Skipping ema_cross_short (AVAXUSD) — short blocked (US Non-ECP margin restriction)
02:39:24 | DEBUG    | Skipping ema_cross_short (XBTUSD) — short blocked (US Non-ECP margin restriction)
02:39:24 | DEBUG    | Skipping ema_cross_short (SOLUSD) — short blocked (US Non-ECP margin restriction)
02:39:24 | DEBUG    | Skipping ema_cross_short (ZECUSD) — short blocked (US Non-ECP margin restriction)
02:39:24 | INFO     | Skipping simple_buy_uptrend (LINKUSD) - bull tool blocked in fear/bear (F&G=32, 82% bullish)
02:39:24 | DEBUG    | Skipping ema_cross_short (BNBUSD) — short blocked (US Non-ECP margin restriction)
02:39:24 | DEBUG    | Skipping ema_cross_short (XRPUSD) — short blocked (US Non-ECP margin restriction)
02:39:24 | DEBUG    | Skipping ema_cross_short (LTCUSD) — short blocked (US Non-ECP margin restriction)
02:39:24 | INFO     | Skipping buy_btc_leading (TAOUSD) - bull tool blocked in fear/bear (F&G=32, 82% bullish)
02:39:24 | DEBUG    | Skipping ema_cross_short (LINKUSD) — short blocked (US Non-ECP margin restriction)
02:39:24 | DEBUG    | Skipping ema_cross_short (TAOUSD) — short blocked (US Non-ECP margin restriction)
02:39:24 | INFO     | [BLACKLIST] RAVEUSD in mandatory cooldown (8.3h hard, 8.3h total) — skipping distribution_short
02:39:24 | INFO     | [2026-04-22 02:39:24] CYCLE #4886 | F&G: 32 (Neutral) | Allocation: Grid 0% / Active 100%
02:39:24 | INFO     | Balance: $341.32 (start: $300.00, +13.8%) | Grid: $0.00 | Active: $273.22
02:39:24 | INFO     | Grid: 0 positions across 40 pairs | 0 round trips | $0.00 profit
02:39:24 | INFO     | Active: 1/8 positions open
02:39:24 | INFO     |   → HYPEUSD long +1.4% (btc_alt_spread, 13.8h held)
02:39:24 | INFO     | Signals this cycle: mega_crash RAVEUSD (score 49.7), falling_wedge_short XMRUSD (score 18.3), simple_buy_uptrend XMRUSD (score 16.8)
02:39:24 | INFO     | MTF: 18% bearish 4h, 82% bullish 4h | Avg 4h RSI: 64.3
02:39:24 | INFO     | Tool streaks: entropy_dip L5
02:39:24 | INFO     | Cycle took 11.5s, sleeping 288.5s
02:39:24 | INFO     | ════════════════════════════════════════════════════════════════════════════════
02:39:55 | INFO     | 💰 VOLUME SPIKE: AVAXUSD 5.0x normal volume
02:40:04 | INFO     | 🔌 Real-time event during sleep! Processing...
02:40:35 | INFO     | 💰 VOLUME SPIKE: XRPUSD 3.0x normal volume
02:40:44 | INFO     | 🔌 Real-time event during sleep! Processing...
02:40:49 | INFO     | 💰 VOLUME SPIKE: FILUSD 5.0x normal volume
02:40:54 | INFO     | 🔌 Real-time event during sleep! Processing...
02:43:24 | INFO     | 💰 VOLUME SPIKE: ATOMUSD 4.4x normal volume
02:43:24 | INFO     | 🔌 Real-time event during sleep! Processing...
02:44:12 | INFO     | ════════════════════════════════════════════════════════════════════════════════
02:44:25 | INFO     | 💰 Kraken account balance: $341.33
02:44:25 | INFO     | [STACK] JITOSOLUSD short: 2 tools (ema_cross_short+entropy_short) → score 6.6 × 1.3 = 8.6
02:44:25 | INFO     | [STACK] XMRUSD short: 3 tools (falling_wedge_short+ema_cross_short+distribution_short) → score 11.5 × 1.6 = 18.3
02:44:25 | INFO     | [STACK] ADAUSD short: 2 tools (ema_cross_short+entropy_short) → score 7.6 × 1.3 = 9.9
02:44:25 | INFO     | [STACK] RAVEUSD long: 2 tools (mega_crash+dip_buy_5pct) → score 37.2 × 1.3 = 48.3
02:44:25 | INFO     | [BLACKLIST] RAVEUSD in mandatory cooldown (8.3h hard, 8.3h total) — skipping mega_crash
02:44:25 | DEBUG    | Skipping falling_wedge_short (XMRUSD) — short blocked (US Non-ECP margin restriction)
02:44:25 | INFO     | Skipping simple_buy_uptrend (XMRUSD) - bull tool blocked in fear/bear (F&G=32, 82% bullish)
02:44:25 | DEBUG    | Skipping ema_cross_short (ADAUSD) — short blocked (US Non-ECP margin restriction)
02:44:25 | DEBUG    | Skipping ema_cross_short (JITOSOLUSD) — short blocked (US Non-ECP margin restriction)
02:44:25 | DEBUG    | Skipping ema_cross_short (ETHUSD) — short blocked (US Non-ECP margin restriction)
02:44:25 | DEBUG    | Skipping ema_cross_short (DOTUSD) — short blocked (US Non-ECP margin restriction)
02:44:25 | DEBUG    | Skipping ema_cross_short (AVAXUSD) — short blocked (US Non-ECP margin restriction)
02:44:25 | DEBUG    | Skipping ema_cross_short (XBTUSD) — short blocked (US Non-ECP margin restriction)
02:44:25 | DEBUG    | Skipping ema_cross_short (SOLUSD) — short blocked (US Non-ECP margin restriction)
02:44:25 | INFO     | Skipping simple_buy_uptrend (LINKUSD) - bull tool blocked in fear/bear (F&G=32, 82% bullish)
02:44:25 | DEBUG    | Skipping ema_cross_short (ZECUSD) — short blocked (US Non-ECP margin restriction)
02:44:25 | DEBUG    | Skipping ema_cross_short (XRPUSD) — short blocked (US Non-ECP margin restriction)
02:44:25 | DEBUG    | Skipping ema_cross_short (BNBUSD) — short blocked (US Non-ECP margin restriction)
02:44:25 | DEBUG    | Skipping ema_cross_short (LTCUSD) — short blocked (US Non-ECP margin restriction)
02:44:25 | INFO     | Skipping buy_btc_leading (TAOUSD) - bull tool blocked in fear/bear (F&G=32, 82% bullish)
02:44:25 | DEBUG    | Skipping ema_cross_short (LINKUSD) — short blocked (US Non-ECP margin restriction)
02:44:25 | DEBUG    | Skipping ema_cross_short (TAOUSD) — short blocked (US Non-ECP margin restriction)
02:44:25 | INFO     | [BLACKLIST] RAVEUSD in mandatory cooldown (8.3h hard, 8.3h total) — skipping distribution_short
02:44:25 | INFO     | [2026-04-22 02:44:25] CYCLE #4887 | F&G: 32 (Neutral) | Allocation: Grid 0% / Active 100%
02:44:25 | INFO     | Balance: $341.33 (start: $300.00, +13.8%) | Grid: $0.00 | Active: $273.23
02:44:25 | INFO     | Grid: 0 positions across 40 pairs | 0 round trips | $0.00 profit
02:44:25 | INFO     | Active: 1/8 positions open
02:44:25 | INFO     |   → HYPEUSD long +1.4% (btc_alt_spread, 13.9h held)
02:44:25 | INFO     | Signals this cycle: mega_crash RAVEUSD (score 48.3), falling_wedge_short XMRUSD (score 18.3), simple_buy_uptrend XMRUSD (score 16.7)
02:44:25 | INFO     | MTF: 18% bearish 4h, 82% bullish 4h | Avg 4h RSI: 64.4
02:44:25 | INFO     | Tool streaks: entropy_dip L5
02:44:25 | INFO     | Cycle took 12.5s, sleeping 287.5s
02:44:25 | INFO     | ════════════════════════════════════════════════════════════════════════════════
02:45:11 | INFO     | 💰 VOLUME SPIKE: AAVEUSD 4.2x normal volume
02:45:11 | INFO     | 💰 VOLUME SPIKE: DOTUSD 3.9x normal volume
02:45:15 | INFO     | 🔌 Real-time event during sleep! Processing...
02:46:17 | INFO     | 💰 VOLUME SPIKE: LINKUSD 3.4x normal volume
02:46:25 | INFO     | 🔌 Real-time event during sleep! Processing...
02:46:45 | INFO     | 💰 VOLUME SPIKE: SOLUSD 4.1x normal volume
02:46:54 | INFO     | 💰 VOLUME SPIKE: XBTUSD 3.0x normal volume
02:46:55 | INFO     | 🔌 Real-time event during sleep! Processing...
02:47:03 | INFO     | 💰 VOLUME SPIKE: XLMUSD 4.6x normal volume
02:47:05 | INFO     | 🔌 Real-time event during sleep! Processing...
02:47:06 | INFO     | 💰 VOLUME SPIKE: UNIUSD 5.0x normal volume
02:47:12 | INFO     | 💰 VOLUME SPIKE: ETHUSD 3.2x normal volume
02:47:15 | INFO     | 🔌 Real-time event during sleep! Processing...
02:48:14 | INFO     | 💰 VOLUME SPIKE: NEARUSD 5.0x normal volume
02:48:15 | INFO     | 🔌 Real-time event during sleep! Processing...
02:49:13 | INFO     | ════════════════════════════════════════════════════════════════════════════════
02:49:24 | INFO     | 💰 Kraken account balance: $341.33
02:49:24 | INFO     | [STACK] JITOSOLUSD short: 2 tools (ema_cross_short+entropy_short) → score 6.6 × 1.3 = 8.6
02:49:24 | INFO     | [STACK] XMRUSD short: 4 tools (falling_wedge_short+ema_cross_short+alt_btc_revert_t3+distribution_short) → score 18.4 × 1.6 = 29.5
02:49:24 | INFO     | [STACK] ADAUSD short: 2 tools (ema_cross_short+entropy_short) → score 7.6 × 1.3 = 9.9
02:49:24 | INFO     | [STACK] RAVEUSD long: 2 tools (mega_crash+dip_buy_5pct) → score 36.9 × 1.3 = 48.0
02:49:24 | INFO     | [BLACKLIST] RAVEUSD in mandatory cooldown (8.2h hard, 8.2h total) — skipping mega_crash
02:49:24 | DEBUG    | Skipping falling_wedge_short (XMRUSD) — short blocked (US Non-ECP margin restriction)
02:49:24 | INFO     | [BEARISH OVERLAY] simple_buy_uptrend XMRUSD blocked — falling_wedge_short short score 29.5 active
02:49:24 | DEBUG    | Skipping ema_cross_short (ADAUSD) — short blocked (US Non-ECP margin restriction)
02:49:24 | DEBUG    | Skipping ema_cross_short (JITOSOLUSD) — short blocked (US Non-ECP margin restriction)
02:49:24 | DEBUG    | Skipping ema_cross_short (ETHUSD) — short blocked (US Non-ECP margin restriction)
02:49:24 | DEBUG    | Skipping ema_cross_short (AVAXUSD) — short blocked (US Non-ECP margin restriction)
02:49:24 | DEBUG    | Skipping ema_cross_short (DOTUSD) — short blocked (US Non-ECP margin restriction)
02:49:24 | DEBUG    | Skipping ema_cross_short (XBTUSD) — short blocked (US Non-ECP margin restriction)
02:49:24 | DEBUG    | Skipping ema_cross_short (SOLUSD) — short blocked (US Non-ECP margin restriction)
02:49:24 | INFO     | Skipping simple_buy_uptrend (LINKUSD) - bull tool blocked in fear/bear (F&G=32, 82% bullish)
02:49:24 | DEBUG    | Skipping ema_cross_short (ZECUSD) — short blocked (US Non-ECP margin restriction)
02:49:24 | DEBUG    | Skipping ema_cross_short (XRPUSD) — short blocked (US Non-ECP margin restriction)
02:49:24 | DEBUG    | Skipping ema_cross_short (BNBUSD) — short blocked (US Non-ECP margin restriction)
02:49:24 | DEBUG    | Skipping ema_cross_short (LTCUSD) — short blocked (US Non-ECP margin restriction)
02:49:24 | INFO     | Skipping buy_btc_leading (TAOUSD) - bull tool blocked in fear/bear (F&G=32, 82% bullish)
02:49:24 | DEBUG    | Skipping ema_cross_short (LINKUSD) — short blocked (US Non-ECP margin restriction)
02:49:24 | DEBUG    | Skipping ema_cross_short (TAOUSD) — short blocked (US Non-ECP margin restriction)
02:49:24 | INFO     | [BLACKLIST] RAVEUSD in mandatory cooldown (8.2h hard, 8.2h total) — skipping distribution_short
02:49:24 | INFO     | [2026-04-22 02:49:24] CYCLE #4888 | F&G: 32 (Neutral) | Allocation: Grid 0% / Active 100%
02:49:24 | INFO     | Balance: $341.33 (start: $300.00, +13.8%) | Grid: $0.00 | Active: $273.23
02:49:24 | INFO     | Grid: 0 positions across 40 pairs | 0 round trips | $0.00 profit
02:49:24 | INFO     | Active: 1/8 positions open
02:49:24 | INFO     |   → HYPEUSD long +1.4% (btc_alt_spread, 14.0h held)
02:49:24 | INFO     | Signals this cycle: mega_crash RAVEUSD (score 48.0), falling_wedge_short XMRUSD (score 29.5), simple_buy_uptrend XMRUSD (score 16.4)
02:49:24 | INFO     | MTF: 18% bearish 4h, 82% bullish 4h | Avg 4h RSI: 64.3
02:49:24 | INFO     | Tool streaks: entropy_dip L5
02:49:24 | INFO     | Cycle took 11.6s, sleeping 288.4s
02:49:24 | INFO     | ════════════════════════════════════════════════════════════════════════════════
02:51:13 | INFO     | 💰 VOLUME SPIKE: AVAXUSD 4.1x normal volume
02:51:14 | INFO     | 🔌 Real-time event during sleep! Processing...
02:51:59 | INFO     | 💰 VOLUME SPIKE: FILUSD 5.0x normal volume
02:52:04 | INFO     | 🔌 Real-time event during sleep! Processing...
02:53:00 | INFO     | 💰 VOLUME SPIKE: ADAUSD 4.9x normal volume
02:53:04 | INFO     | 🔌 Real-time event during sleep! Processing...
02:53:30 | INFO     | 💰 VOLUME SPIKE: XRPUSD 3.1x normal volume
02:53:34 | INFO     | 🔌 Real-time event during sleep! Processing...
02:53:39 | INFO     | 💰 VOLUME SPIKE: ATOMUSD 4.1x normal volume
02:53:44 | INFO     | 🔌 Real-time event during sleep! Processing...
02:54:13 | INFO     | ════════════════════════════════════════════════════════════════════════════════
02:54:24 | INFO     | 💰 Kraken account balance: $341.30
02:54:24 | INFO     | [STACK] JITOSOLUSD short: 2 tools (ema_cross_short+entropy_short) → score 6.6 × 1.3 = 8.6
02:54:24 | INFO     | [STACK] XMRUSD short: 4 tools (falling_wedge_short+ema_cross_short+alt_btc_revert_t3+distribution_short) → score 18.4 × 1.6 = 29.5
02:54:24 | INFO     | [STACK] ADAUSD short: 2 tools (ema_cross_short+entropy_short) → score 7.7 × 1.3 = 10.0
02:54:24 | INFO     | [STACK] RAVEUSD long: 2 tools (mega_crash+dip_buy_5pct) → score 39.9 × 1.3 = 51.9
02:54:24 | INFO     | [BLACKLIST] RAVEUSD in mandatory cooldown (8.1h hard, 8.1h total) — skipping mega_crash
02:54:24 | DEBUG    | Skipping falling_wedge_short (XMRUSD) — short blocked (US Non-ECP margin restriction)
02:54:24 | INFO     | [BEARISH OVERLAY] simple_buy_uptrend XMRUSD blocked — falling_wedge_short short score 29.5 active
02:54:24 | DEBUG    | Skipping ema_cross_short (ADAUSD) — short blocked (US Non-ECP margin restriction)
02:54:24 | DEBUG    | Skipping ema_cross_short (JITOSOLUSD) — short blocked (US Non-ECP margin restriction)
02:54:24 | DEBUG    | Skipping ema_cross_short (ETHUSD) — short blocked (US Non-ECP margin restriction)
02:54:24 | DEBUG    | Skipping ema_cross_short (DOTUSD) — short blocked (US Non-ECP margin restriction)
02:54:24 | DEBUG    | Skipping ema_cross_short (AVAXUSD) — short blocked (US Non-ECP margin restriction)
02:54:24 | DEBUG    | Skipping ema_cross_short (XBTUSD) — short blocked (US Non-ECP margin restriction)
02:54:24 | DEBUG    | Skipping ema_cross_short (SOLUSD) — short blocked (US Non-ECP margin restriction)
02:54:24 | INFO     | Skipping simple_buy_uptrend (LINKUSD) - bull tool blocked in fear/bear (F&G=32, 82% bullish)
02:54:24 | DEBUG    | Skipping ema_cross_short (ZECUSD) — short blocked (US Non-ECP margin restriction)
02:54:24 | DEBUG    | Skipping ema_cross_short (XRPUSD) — short blocked (US Non-ECP margin restriction)
02:54:24 | DEBUG    | Skipping ema_cross_short (BNBUSD) — short blocked (US Non-ECP margin restriction)
02:54:24 | DEBUG    | Skipping ema_cross_short (LTCUSD) — short blocked (US Non-ECP margin restriction)
02:54:24 | INFO     | Skipping buy_btc_leading (TAOUSD) - bull tool blocked in fear/bear (F&G=32, 82% bullish)
02:54:24 | DEBUG    | Skipping ema_cross_short (LINKUSD) — short blocked (US Non-ECP margin restriction)
02:54:24 | DEBUG    | Skipping ema_cross_short (TAOUSD) — short blocked (US Non-ECP margin restriction)
02:54:24 | INFO     | [BLACKLIST] RAVEUSD in mandatory cooldown (8.1h hard, 8.1h total) — skipping distribution_short
02:54:24 | INFO     | [2026-04-22 02:54:24] CYCLE #4889 | F&G: 32 (Neutral) | Allocation: Grid 0% / Active 100%
02:54:24 | INFO     | Balance: $341.30 (start: $300.00, +13.8%) | Grid: $0.00 | Active: $273.20
02:54:24 | INFO     | Grid: 0 positions across 40 pairs | 0 round trips | $0.00 profit
02:54:24 | INFO     | Active: 1/8 positions open
02:54:24 | INFO     |   → HYPEUSD long +1.4% (btc_alt_spread, 14.1h held)
02:54:24 | INFO     | Signals this cycle: mega_crash RAVEUSD (score 51.9), falling_wedge_short XMRUSD (score 29.5), simple_buy_uptrend XMRUSD (score 16.6)
02:54:24 | INFO     | MTF: 18% bearish 4h, 82% bullish 4h | Avg 4h RSI: 64.5
02:54:24 | INFO     | Tool streaks: entropy_dip L5
02:54:24 | INFO     | Cycle took 11.5s, sleeping 288.5s
02:54:24 | INFO     | ════════════════════════════════════════════════════════════════════════════════
02:56:56 | INFO     | 💰 VOLUME SPIKE: XBTUSD 5.0x normal volume
02:57:04 | INFO     | 🔌 Real-time event during sleep! Processing...
02:59:13 | INFO     | ════════════════════════════════════════════════════════════════════════════════
02:59:25 | INFO     | 💰 Kraken account balance: $341.37
02:59:25 | INFO     | [STACK] JITOSOLUSD short: 2 tools (ema_cross_short+entropy_short) → score 6.6 × 1.3 = 8.6
02:59:25 | INFO     | [STACK] XMRUSD short: 3 tools (falling_wedge_short+ema_cross_short+distribution_short) → score 18.4 × 1.6 = 29.5
02:59:25 | INFO     | [STACK] ADAUSD short: 2 tools (ema_cross_short+entropy_short) → score 7.7 × 1.3 = 10.1
02:59:25 | INFO     | [STACK] RAVEUSD long: 2 tools (mega_crash+dip_buy_5pct) → score 41.4 × 1.3 = 53.9
02:59:25 | INFO     | [BLACKLIST] RAVEUSD in mandatory cooldown (8.0h hard, 8.0h total) — skipping mega_crash
02:59:25 | DEBUG    | Skipping falling_wedge_short (XMRUSD) — short blocked (US Non-ECP margin restriction)
02:59:25 | INFO     | [BEARISH OVERLAY] simple_buy_uptrend XMRUSD blocked — falling_wedge_short short score 25.8 active
02:59:25 | DEBUG    | Skipping ema_cross_short (ADAUSD) — short blocked (US Non-ECP margin restriction)
02:59:25 | DEBUG    | Skipping ema_cross_short (JITOSOLUSD) — short blocked (US Non-ECP margin restriction)
02:59:25 | DEBUG    | Skipping ema_cross_short (ETHUSD) — short blocked (US Non-ECP margin restriction)
02:59:25 | DEBUG    | Skipping ema_cross_short (DOTUSD) — short blocked (US Non-ECP margin restriction)
02:59:25 | DEBUG    | Skipping ema_cross_short (AVAXUSD) — short blocked (US Non-ECP margin restriction)
02:59:25 | DEBUG    | Skipping ema_cross_short (XBTUSD) — short blocked (US Non-ECP margin restriction)
02:59:25 | DEBUG    | Skipping ema_cross_short (ZECUSD) — short blocked (US Non-ECP margin restriction)
02:59:25 | DEBUG    | Skipping ema_cross_short (SOLUSD) — short blocked (US Non-ECP margin restriction)
02:59:25 | INFO     | Skipping simple_buy_uptrend (LINKUSD) - bull tool blocked in fear/bear (F&G=32, 82% bullish)
02:59:25 | DEBUG    | Skipping ema_cross_short (XRPUSD) — short blocked (US Non-ECP margin restriction)
02:59:25 | DEBUG    | Skipping ema_cross_short (BNBUSD) — short blocked (US Non-ECP margin restriction)
02:59:25 | DEBUG    | Skipping ema_cross_short (LTCUSD) — short blocked (US Non-ECP margin restriction)
02:59:25 | INFO     | Skipping buy_btc_leading (TAOUSD) - bull tool blocked in fear/bear (F&G=32, 82% bullish)
02:59:25 | DEBUG    | Skipping ema_cross_short (LINKUSD) — short blocked (US Non-ECP margin restriction)
02:59:25 | DEBUG    | Skipping ema_cross_short (TAOUSD) — short blocked (US Non-ECP margin restriction)
02:59:25 | INFO     | [BLACKLIST] RAVEUSD in mandatory cooldown (8.0h hard, 8.0h total) — skipping distribution_short
02:59:25 | INFO     | [2026-04-22 02:59:25] CYCLE #4890 | F&G: 32 (Neutral) | Allocation: Grid 0% / Active 100%
02:59:25 | INFO     | Balance: $341.37 (start: $300.00, +13.8%) | Grid: $0.00 | Active: $273.27
02:59:25 | INFO     | Grid: 0 positions across 40 pairs | 0 round trips | $0.00 profit
02:59:25 | INFO     | Active: 1/8 positions open
02:59:25 | INFO     |   → HYPEUSD long +1.5% (btc_alt_spread, 14.2h held)
02:59:25 | INFO     | Signals this cycle: mega_crash RAVEUSD (score 53.9), falling_wedge_short XMRUSD (score 29.5), simple_buy_uptrend XMRUSD (score 16.8)
02:59:25 | INFO     | MTF: 18% bearish 4h, 82% bullish 4h | Avg 4h RSI: 64.5
02:59:25 | INFO     | Tool streaks: entropy_dip L5
02:59:25 | INFO     | Cycle took 12.0s, sleeping 288.0s
02:59:25 | INFO     | ════════════════════════════════════════════════════════════════════════════════
02:59:53 | INFO     | 💰 VOLUME SPIKE: SOLUSD 4.9x normal volume
02:59:53 | INFO     | 💰 VOLUME SPIKE: NEARUSD 5.0x normal volume
02:59:53 | INFO     | 💰 VOLUME SPIKE: DOTUSD 3.4x normal volume
02:59:53 | INFO     | 💰 VOLUME SPIKE: XLMUSD 3.0x normal volume
02:59:55 | INFO     | 🔌 Real-time event during sleep! Processing...
03:00:09 | INFO     | 💰 VOLUME SPIKE: UNIUSD 3.6x normal volume
03:00:15 | INFO     | 🔌 Real-time event during sleep! Processing...
03:00:30 | INFO     | 💰 VOLUME SPIKE: LINKUSD 4.9x normal volume
03:00:35 | INFO     | 🔌 Real-time event during sleep! Processing...
03:01:56 | INFO     | 💰 VOLUME SPIKE: LTCUSD 4.1x normal volume
03:02:05 | INFO     | 🔌 Real-time event during sleep! Processing...
03:03:06 | INFO     | 💰 VOLUME SPIKE: ADAUSD 4.2x normal volume
03:03:15 | INFO     | 🔌 Real-time event during sleep! Processing...
03:03:38 | INFO     | 💰 VOLUME SPIKE: XRPUSD 3.9x normal volume
03:03:45 | INFO     | 🔌 Real-time event during sleep! Processing...
03:04:13 | INFO     | ════════════════════════════════════════════════════════════════════════════════
03:04:25 | INFO     | 💰 Kraken account balance: $341.47
03:04:25 | INFO     | [STACK] JITOSOLUSD short: 2 tools (ema_cross_short+entropy_short) → score 6.7 × 1.3 = 8.7
03:04:25 | INFO     | [STACK] XMRUSD short: 3 tools (distribution_short+ema_cross_short+alt_btc_revert_t3) → score 13.6 × 1.6 = 21.7
03:04:25 | INFO     | [STACK] ADAUSD short: 2 tools (ema_cross_short+entropy_short) → score 7.4 × 1.3 = 9.7
03:04:25 | INFO     | [STACK] XBTUSD short: 2 tools (ema_cross_short+entropy_short) → score 7.4 × 1.3 = 9.6
03:04:25 | INFO     | [STACK] RAVEUSD long: 2 tools (crash_neg_ac+mega_crash) → score 527.3 × 1.3 = 685.5
03:04:25 | INFO     | [STACK] ETHUSD short: 2 tools (ema_cross_short+entropy_short) → score 8.1 × 1.3 = 10.6
03:04:25 | INFO     | [BLACKLIST] RAVEUSD in mandatory cooldown (7.9h hard, 7.9h total) — skipping crash_neg_ac
03:04:25 | DEBUG    | Skipping distribution_short (XMRUSD) — short blocked (US Non-ECP margin restriction)
03:04:25 | INFO     | [BEARISH OVERLAY] simple_buy_uptrend XMRUSD blocked — distribution_short short score 19.0 active
03:04:25 | DEBUG    | Skipping ema_cross_short (ETHUSD) — short blocked (US Non-ECP margin restriction)
03:04:25 | DEBUG    | Skipping ema_cross_short (ADAUSD) — short blocked (US Non-ECP margin restriction)
03:04:25 | DEBUG    | Skipping ema_cross_short (XBTUSD) — short blocked (US Non-ECP margin restriction)
03:04:25 | DEBUG    | Skipping ema_cross_short (JITOSOLUSD) — short blocked (US Non-ECP margin restriction)
03:04:25 | INFO     | Skipping buy_btc_leading (TAOUSD) - bull tool blocked in fear/bear (F&G=32, 82% bullish)
03:04:25 | DEBUG    | Skipping ema_cross_short (DOTUSD) — short blocked (US Non-ECP margin restriction)
03:04:25 | DEBUG    | Skipping ema_cross_short (ZECUSD) — short blocked (US Non-ECP margin restriction)
03:04:25 | DEBUG    | Skipping ema_cross_short (AVAXUSD) — short blocked (US Non-ECP margin restriction)
03:04:25 | DEBUG    | Skipping ema_cross_short (SOLUSD) — short blocked (US Non-ECP margin restriction)
03:04:25 | DEBUG    | Skipping ema_cross_short (XRPUSD) — short blocked (US Non-ECP margin restriction)
03:04:25 | DEBUG    | Skipping ema_cross_short (BNBUSD) — short blocked (US Non-ECP margin restriction)
03:04:25 | INFO     | Skipping simple_buy_uptrend (LINKUSD) - bull tool blocked in fear/bear (F&G=32, 82% bullish)
03:04:25 | DEBUG    | Skipping ema_cross_short (LTCUSD) — short blocked (US Non-ECP margin restriction)
03:04:25 | DEBUG    | Skipping ema_cross_short (TAOUSD) — short blocked (US Non-ECP margin restriction)
03:04:25 | DEBUG    | Skipping ema_cross_short (LINKUSD) — short blocked (US Non-ECP margin restriction)
03:04:25 | INFO     | [BLACKLIST] RAVEUSD in mandatory cooldown (7.9h hard, 7.9h total) — skipping distribution_short
03:04:25 | INFO     | [2026-04-22 03:04:25] CYCLE #4891 | F&G: 32 (Neutral) | Allocation: Grid 0% / Active 100%
03:04:25 | INFO     | Balance: $341.47 (start: $300.00, +13.8%) | Grid: $0.00 | Active: $273.37
03:04:25 | INFO     | Grid: 0 positions across 40 pairs | 0 round trips | $0.00 profit
03:04:25 | INFO     | Active: 1/8 positions open
03:04:25 | INFO     |   → HYPEUSD long +1.6% (btc_alt_spread, 14.3h held)
03:04:25 | INFO     | Signals this cycle: crash_neg_ac RAVEUSD (score 685.5), distribution_short XMRUSD (score 21.7), simple_buy_uptrend XMRUSD (score 15.7)
03:04:25 | INFO     | MTF: 18% bearish 4h, 82% bullish 4h | Avg 4h RSI: 64.4
03:04:25 | INFO     | Tool streaks: entropy_dip L5
03:04:25 | INFO     | Cycle took 11.5s, sleeping 288.5s
03:04:25 | INFO     | ════════════════════════════════════════════════════════════════════════════════
03:09:13 | INFO     | ════════════════════════════════════════════════════════════════════════════════
03:09:27 | INFO     | 💰 Kraken account balance: $341.59
03:09:27 | INFO     | [VOLATILITY] Scanning 659 USD pairs for volatility...
03:09:29 | INFO     | [VOLATILITY] Selected 20 pairs (from 10 liquid). Top 5: RAVEUSD (score=0.49, vol=80.7%, pos=26%), XXMRZUSD (score=0.11, vol=9.3%, pos=85%), XZECZUSD (score=0.09, vol=9.5%, pos=61%), XETHZUSD (score=0.07, vol=5.7%, pos=84%), HYPEUSD (score=0.06, vol=6.0%, pos=73%)
03:09:29 | INFO     | [STACK] JITOSOLUSD short: 2 tools (ema_cross_short+entropy_short) → score 6.7 × 1.3 = 8.7
03:09:29 | INFO     | [STACK] XMRUSD short: 3 tools (distribution_short+ema_cross_short+alt_btc_revert_t3) → score 11.5 × 1.6 = 18.4
03:09:29 | INFO     | [STACK] ADAUSD short: 2 tools (ema_cross_short+entropy_short) → score 7.4 × 1.3 = 9.6
03:09:29 | INFO     | [STACK] XBTUSD short: 2 tools (ema_cross_short+entropy_short) → score 7.4 × 1.3 = 9.6
03:09:29 | INFO     | [STACK] RAVEUSD long: 2 tools (crash_neg_ac+mega_crash) → score 547.0 × 1.3 = 711.1
03:09:29 | INFO     | [STACK] ETHUSD short: 2 tools (ema_cross_short+entropy_short) → score 8.1 × 1.3 = 10.6
03:09:29 | INFO     | [BLACKLIST] RAVEUSD in mandatory cooldown (7.8h hard, 7.8h total) — skipping crash_neg_ac
03:09:29 | DEBUG    | Skipping distribution_short (XMRUSD) — short blocked (US Non-ECP margin restriction)
03:09:29 | INFO     | Skipping simple_buy_uptrend (XMRUSD) - bull tool blocked in fear/bear (F&G=32, 82% bullish)
03:09:29 | DEBUG    | Skipping ema_cross_short (ETHUSD) — short blocked (US Non-ECP margin restriction)
03:09:29 | DEBUG    | Skipping ema_cross_short (ADAUSD) — short blocked (US Non-ECP margin restriction)
03:09:29 | DEBUG    | Skipping ema_cross_short (XBTUSD) — short blocked (US Non-ECP margin restriction)
03:09:29 | DEBUG    | Skipping ema_cross_short (JITOSOLUSD) — short blocked (US Non-ECP margin restriction)
03:09:29 | DEBUG    | Skipping ema_cross_short (DOTUSD) — short blocked (US Non-ECP margin restriction)
03:09:29 | DEBUG    | Skipping ema_cross_short (ZECUSD) — short blocked (US Non-ECP margin restriction)
03:09:29 | DEBUG    | Skipping ema_cross_short (SOLUSD) — short blocked (US Non-ECP margin restriction)
03:09:29 | DEBUG    | Skipping ema_cross_short (AVAXUSD) — short blocked (US Non-ECP margin restriction)
03:09:29 | DEBUG    | Skipping ema_cross_short (XRPUSD) — short blocked (US Non-ECP margin restriction)
03:09:29 | INFO     | Skipping simple_buy_uptrend (LINKUSD) - bull tool blocked in fear/bear (F&G=32, 82% bullish)
03:09:29 | DEBUG    | Skipping ema_cross_short (BNBUSD) — short blocked (US Non-ECP margin restriction)
03:09:29 | DEBUG    | Skipping ema_cross_short (LTCUSD) — short blocked (US Non-ECP margin restriction)
03:09:29 | DEBUG    | Skipping ema_cross_short (TAOUSD) — short blocked (US Non-ECP margin restriction)
03:09:29 | DEBUG    | Skipping ema_cross_short (LINKUSD) — short blocked (US Non-ECP margin restriction)
03:09:29 | INFO     | [BLACKLIST] RAVEUSD in mandatory cooldown (7.8h hard, 7.8h total) — skipping distribution_short
03:09:29 | INFO     | [2026-04-22 03:09:29] CYCLE #4892 | F&G: 32 (Neutral) | Allocation: Grid 0% / Active 100%
03:09:29 | INFO     | Balance: $341.59 (start: $300.00, +13.9%) | Grid: $0.00 | Active: $273.49
03:09:29 | INFO     | Grid: 0 positions across 40 pairs | 0 round trips | $0.00 profit
03:09:29 | INFO     | Active: 1/8 positions open
03:09:29 | INFO     |   → HYPEUSD long +1.9% (btc_alt_spread, 14.3h held)
03:09:29 | INFO     | Signals this cycle: crash_neg_ac RAVEUSD (score 711.1), ema_cross_short HYPEUSD (score 20.1), distribution_short XMRUSD (score 18.4)
03:09:29 | INFO     | MTF: 18% bearish 4h, 82% bullish 4h | Avg 4h RSI: 64.6
03:09:29 | INFO     | Tool streaks: entropy_dip L5
03:09:29 | INFO     | Cycle took 15.7s, sleeping 284.3s
03:09:29 | INFO     | ════════════════════════════════════════════════════════════════════════════════
03:10:20 | INFO     | 💰 VOLUME SPIKE: XBTUSD 3.1x normal volume
03:10:29 | INFO     | 🔌 Real-time event during sleep! Processing...
03:11:12 | INFO     | 💰 VOLUME SPIKE: NEARUSD 4.1x normal volume
03:11:19 | INFO     | 🔌 Real-time event during sleep! Processing...
03:12:10 | INFO     | 💰 VOLUME SPIKE: AAVEUSD 5.0x normal volume
03:12:18 | INFO     | 💰 VOLUME SPIKE: ETHUSD 3.0x normal volume
03:12:19 | INFO     | 🔌 Real-time event during sleep! Processing...
03:14:14 | INFO     | ════════════════════════════════════════════════════════════════════════════════
03:14:15 | INFO     | 💰 VOLUME SPIKE: ATOMUSD 5.0x normal volume
03:14:26 | INFO     | 💰 Kraken account balance: $341.47
03:14:26 | INFO     | [STACK] JITOSOLUSD short: 2 tools (ema_cross_short+entropy_short) → score 6.7 × 1.3 = 8.7
03:14:26 | INFO     | [STACK] XMRUSD short: 3 tools (distribution_short+ema_cross_short+alt_btc_revert_t3) → score 10.6 × 1.6 = 16.9
03:14:26 | INFO     | [STACK] ADAUSD short: 2 tools (ema_cross_short+entropy_short) → score 7.4 × 1.3 = 9.7
03:14:26 | INFO     | [STACK] XBTUSD short: 2 tools (ema_cross_short+entropy_short) → score 7.5 × 1.3 = 9.7
03:14:26 | INFO     | [STACK] RAVEUSD long: 2 tools (crash_neg_ac+mega_crash) → score 549.5 × 1.3 = 714.4
03:14:26 | INFO     | [BLACKLIST] RAVEUSD in mandatory cooldown (7.8h hard, 7.8h total) — skipping crash_neg_ac
03:14:26 | DEBUG    | Skipping distribution_short (XMRUSD) — short blocked (US Non-ECP margin restriction)
03:14:26 | INFO     | Skipping simple_buy_uptrend (XMRUSD) - bull tool blocked in fear/bear (F&G=32, 82% bullish)
03:14:26 | DEBUG    | Skipping ema_cross_short (XBTUSD) — short blocked (US Non-ECP margin restriction)
03:14:26 | DEBUG    | Skipping ema_cross_short (ADAUSD) — short blocked (US Non-ECP margin restriction)
03:14:26 | DEBUG    | Skipping ema_cross_short (JITOSOLUSD) — short blocked (US Non-ECP margin restriction)
03:14:26 | DEBUG    | Skipping ema_cross_short (ETHUSD) — short blocked (US Non-ECP margin restriction)
03:14:26 | DEBUG    | Skipping ema_cross_short (DOTUSD) — short blocked (US Non-ECP margin restriction)
03:14:26 | DEBUG    | Skipping ema_cross_short (ZECUSD) — short blocked (US Non-ECP margin restriction)
03:14:26 | DEBUG    | Skipping ema_cross_short (SOLUSD) — short blocked (US Non-ECP margin restriction)
03:14:26 | DEBUG    | Skipping ema_cross_short (AVAXUSD) — short blocked (US Non-ECP margin restriction)
03:14:26 | DEBUG    | Skipping ema_cross_short (XRPUSD) — short blocked (US Non-ECP margin restriction)
03:14:26 | INFO     | Skipping simple_buy_uptrend (LINKUSD) - bull tool blocked in fear/bear (F&G=32, 82% bullish)
03:14:26 | DEBUG    | Skipping ema_cross_short (BNBUSD) — short blocked (US Non-ECP margin restriction)
03:14:26 | DEBUG    | Skipping ema_cross_short (TAOUSD) — short blocked (US Non-ECP margin restriction)
03:14:26 | DEBUG    | Skipping ema_cross_short (LTCUSD) — short blocked (US Non-ECP margin restriction)
03:14:26 | DEBUG    | Skipping ema_cross_short (LINKUSD) — short blocked (US Non-ECP margin restriction)
03:14:26 | INFO     | [BLACKLIST] RAVEUSD in mandatory cooldown (7.8h hard, 7.8h total) — skipping distribution_short
03:14:26 | INFO     | [2026-04-22 03:14:26] CYCLE #4893 | F&G: 32 (Neutral) | Allocation: Grid 0% / Active 100%
03:14:26 | INFO     | Balance: $341.47 (start: $300.00, +13.8%) | Grid: $0.00 | Active: $273.37
03:14:26 | INFO     | Grid: 0 positions across 40 pairs | 0 round trips | $0.00 profit
03:14:26 | INFO     | Active: 1/8 positions open
03:14:26 | INFO     |   → HYPEUSD long +1.6% (btc_alt_spread, 14.4h held)
03:14:26 | INFO     | Signals this cycle: crash_neg_ac RAVEUSD (score 714.4), distribution_short XMRUSD (score 16.9), simple_buy_uptrend XMRUSD (score 16.4)
03:14:26 | INFO     | MTF: 18% bearish 4h, 82% bullish 4h | Avg 4h RSI: 64.8
03:14:26 | INFO     | Tool streaks: entropy_dip L5
03:14:26 | INFO     | Cycle took 12.7s, sleeping 287.3s
03:14:26 | INFO     | ════════════════════════════════════════════════════════════════════════════════
03:14:36 | INFO     | 🔌 Real-time event during sleep! Processing...
03:16:00 | INFO     | 💰 VOLUME SPIKE: LINKUSD 3.5x normal volume
03:16:06 | INFO     | 🔌 Real-time event during sleep! Processing...
03:16:26 | INFO     | 💰 VOLUME SPIKE: AVAXUSD 5.0x normal volume
03:16:26 | INFO     | 🔌 Real-time event during sleep! Processing...
03:16:40 | INFO     | 💰 VOLUME SPIKE: FILUSD 5.0x normal volume
03:16:46 | INFO     | 🔌 Real-time event during sleep! Processing...
03:17:07 | INFO     | 💰 VOLUME SPIKE: UNIUSD 5.0x normal volume
03:17:17 | INFO     | 🔌 Real-time event during sleep! Processing...
03:18:14 | INFO     | 💰 VOLUME SPIKE: XRPUSD 3.7x normal volume
03:18:17 | INFO     | 🔌 Real-time event during sleep! Processing...
03:18:32 | INFO     | 💰 VOLUME SPIKE: SOLUSD 3.5x normal volume
03:18:37 | INFO     | 🔌 Real-time event during sleep! Processing...
03:18:39 | INFO     | 💰 VOLUME SPIKE: XLMUSD 3.2x normal volume
03:18:47 | INFO     | 🔌 Real-time event during sleep! Processing...
03:18:59 | INFO     | 💰 VOLUME SPIKE: LTCUSD 3.1x normal volume
03:18:59 | INFO     | 💰 VOLUME SPIKE: DOTUSD 4.2x normal volume
03:19:07 | INFO     | 🔌 Real-time event during sleep! Processing...
03:19:14 | INFO     | ════════════════════════════════════════════════════════════════════════════════
03:19:26 | INFO     | 💰 Kraken account balance: $341.38
03:19:26 | INFO     | [STACK] JITOSOLUSD short: 2 tools (ema_cross_short+entropy_short) → score 6.7 × 1.3 = 8.7
03:19:26 | INFO     | [STACK] XMRUSD short: 3 tools (distribution_short+ema_cross_short+alt_btc_revert_t3) → score 8.3 × 1.6 = 13.2
03:19:26 | INFO     | [STACK] ADAUSD short: 2 tools (ema_cross_short+entropy_short) → score 7.4 × 1.3 = 9.6
03:19:26 | INFO     | [STACK] XBTUSD short: 2 tools (ema_cross_short+entropy_short) → score 7.3 × 1.3 = 9.5
03:19:26 | INFO     | [STACK] RAVEUSD long: 2 tools (crash_neg_ac+mega_crash) → score 543.3 × 1.3 = 706.3
03:19:26 | INFO     | [BLACKLIST] RAVEUSD in mandatory cooldown (7.7h hard, 7.7h total) — skipping crash_neg_ac
03:19:26 | INFO     | Skipping buy_btc_leading (ZECUSD) - bull tool blocked in fear/bear (F&G=32, 82% bullish)
03:19:26 | INFO     | Skipping simple_buy_uptrend (XMRUSD) - bull tool blocked in fear/bear (F&G=32, 82% bullish)
03:19:26 | DEBUG    | Skipping distribution_short (XMRUSD) — short blocked (US Non-ECP margin restriction)
03:19:26 | DEBUG    | Skipping ema_cross_short (ADAUSD) — short blocked (US Non-ECP margin restriction)
03:19:26 | DEBUG    | Skipping ema_cross_short (XBTUSD) — short blocked (US Non-ECP margin restriction)
03:19:26 | DEBUG    | Skipping ema_cross_short (JITOSOLUSD) — short blocked (US Non-ECP margin restriction)
03:19:26 | DEBUG    | Skipping ema_cross_short (ETHUSD) — short blocked (US Non-ECP margin restriction)
03:19:26 | INFO     | Skipping buy_btc_leading (TAOUSD) - bull tool blocked in fear/bear (F&G=32, 82% bullish)
03:19:26 | DEBUG    | Skipping ema_cross_short (DOTUSD) — short blocked (US Non-ECP margin restriction)
03:19:26 | DEBUG    | Skipping ema_cross_short (SOLUSD) — short blocked (US Non-ECP margin restriction)
03:19:26 | DEBUG    | Skipping ema_cross_short (ZECUSD) — short blocked (US Non-ECP margin restriction)
03:19:26 | DEBUG    | Skipping ema_cross_short (AVAXUSD) — short blocked (US Non-ECP margin restriction)
03:19:26 | DEBUG    | Skipping ema_cross_short (XRPUSD) — short blocked (US Non-ECP margin restriction)
03:19:26 | INFO     | Skipping simple_buy_uptrend (LINKUSD) - bull tool blocked in fear/bear (F&G=32, 82% bullish)
03:19:26 | DEBUG    | Skipping ema_cross_short (BNBUSD) — short blocked (US Non-ECP margin restriction)
03:19:26 | DEBUG    | Skipping ema_cross_short (LTCUSD) — short blocked (US Non-ECP margin restriction)
03:19:26 | DEBUG    | Skipping ema_cross_short (TAOUSD) — short blocked (US Non-ECP margin restriction)
03:19:26 | DEBUG    | Skipping ema_cross_short (LINKUSD) — short blocked (US Non-ECP margin restriction)
03:19:26 | INFO     | [BLACKLIST] RAVEUSD in mandatory cooldown (7.7h hard, 7.7h total) — skipping distribution_short
03:19:26 | INFO     | [2026-04-22 03:19:26] CYCLE #4894 | F&G: 32 (Neutral) | Allocation: Grid 0% / Active 100%
03:19:26 | INFO     | Balance: $341.38 (start: $300.00, +13.8%) | Grid: $0.00 | Active: $273.28
03:19:26 | INFO     | Grid: 0 positions across 40 pairs | 0 round trips | $0.00 profit
03:19:26 | INFO     | Active: 1/8 positions open
03:19:26 | INFO     |   → HYPEUSD long +1.5% (btc_alt_spread, 14.5h held)
03:19:26 | INFO     | Signals this cycle: crash_neg_ac RAVEUSD (score 706.3), buy_btc_leading ZECUSD (score 22.4), simple_buy_uptrend XMRUSD (score 16.8)
03:19:26 | INFO     | MTF: 18% bearish 4h, 82% bullish 4h | Avg 4h RSI: 64.2
03:19:26 | INFO     | Tool streaks: entropy_dip L5
03:19:26 | INFO     | Cycle took 12.1s, sleeping 287.9s
03:19:26 | INFO     | ════════════════════════════════════════════════════════════════════════════════
03:21:24 | INFO     | 💰 VOLUME SPIKE: XBTUSD 3.0x normal volume
03:21:26 | INFO     | 🔌 Real-time event during sleep! Processing...
03:24:00 | INFO     | 💰 VOLUME SPIKE: NEARUSD 5.0x normal volume
03:24:03 | INFO     | 💰 VOLUME SPIKE: ADAUSD 4.4x normal volume
03:24:06 | INFO     | 🔌 Real-time event during sleep! Processing...
03:24:14 | INFO     | ════════════════════════════════════════════════════════════════════════════════
03:24:26 | INFO     | 💰 Kraken account balance: $341.26
03:24:26 | INFO     | [STACK] JITOSOLUSD short: 2 tools (ema_cross_short+entropy_short) → score 6.7 × 1.3 = 8.7
03:24:26 | INFO     | [STACK] XMRUSD short: 3 tools (distribution_short+ema_cross_short+alt_btc_revert_t3) → score 7.3 × 1.6 = 11.7
03:24:26 | INFO     | [STACK] ADAUSD short: 2 tools (ema_cross_short+entropy_short) → score 7.3 × 1.3 = 9.5
03:24:26 | INFO     | [STACK] RAVEUSD long: 2 tools (crash_neg_ac+mega_crash) → score 558.3 × 1.3 = 725.8
03:24:26 | INFO     | [BLACKLIST] RAVEUSD in mandatory cooldown (7.6h hard, 7.6h total) — skipping crash_neg_ac
03:24:26 | INFO     | Skipping buy_btc_leading (ZECUSD) - bull tool blocked in fear/bear (F&G=32, 82% bullish)
03:24:26 | INFO     | Skipping simple_buy_uptrend (XMRUSD) - bull tool blocked in fear/bear (F&G=32, 82% bullish)
03:24:26 | DEBUG    | Skipping distribution_short (XMRUSD) — short blocked (US Non-ECP margin restriction)
03:24:26 | DEBUG    | Skipping ema_cross_short (ADAUSD) — short blocked (US Non-ECP margin restriction)
03:24:26 | INFO     | Skipping simple_buy_uptrend (XRPUSD) - bull tool blocked in fear/bear (F&G=32, 82% bullish)
03:24:26 | DEBUG    | Skipping ema_cross_short (JITOSOLUSD) — short blocked (US Non-ECP margin restriction)
03:24:26 | INFO     | Skipping buy_btc_leading (TAOUSD) - bull tool blocked in fear/bear (F&G=32, 82% bullish)
03:24:26 | DEBUG    | Skipping ema_cross_short (ETHUSD) — short blocked (US Non-ECP margin restriction)
03:24:26 | DEBUG    | Skipping ema_cross_short (DOTUSD) — short blocked (US Non-ECP margin restriction)
03:24:26 | DEBUG    | Skipping ema_cross_short (XBTUSD) — short blocked (US Non-ECP margin restriction)
03:24:26 | DEBUG    | Skipping ema_cross_short (SOLUSD) — short blocked (US Non-ECP margin restriction)
03:24:26 | DEBUG    | Skipping ema_cross_short (AVAXUSD) — short blocked (US Non-ECP margin restriction)
03:24:26 | DEBUG    | Skipping ema_cross_short (ZECUSD) — short blocked (US Non-ECP margin restriction)
03:24:26 | DEBUG    | Skipping ema_cross_short (XRPUSD) — short blocked (US Non-ECP margin restriction)
03:24:26 | DEBUG    | Skipping ema_cross_short (BNBUSD) — short blocked (US Non-ECP margin restriction)
03:24:26 | INFO     | Skipping simple_buy_uptrend (LINKUSD) - bull tool blocked in fear/bear (F&G=32, 82% bullish)
03:24:26 | DEBUG    | Skipping ema_cross_short (LTCUSD) — short blocked (US Non-ECP margin restriction)
03:24:26 | DEBUG    | Skipping ema_cross_short (LINKUSD) — short blocked (US Non-ECP margin restriction)
03:24:26 | DEBUG    | Skipping ema_cross_short (TAOUSD) — short blocked (US Non-ECP margin restriction)
03:24:26 | INFO     | [BLACKLIST] RAVEUSD in mandatory cooldown (7.6h hard, 7.6h total) — skipping distribution_short
03:24:26 | INFO     | [2026-04-22 03:24:26] CYCLE #4895 | F&G: 32 (Neutral) | Allocation: Grid 0% / Active 100%
03:24:26 | INFO     | Balance: $341.26 (start: $300.00, +13.8%) | Grid: $0.00 | Active: $273.16
03:24:26 | INFO     | Grid: 0 positions across 40 pairs | 0 round trips | $0.00 profit
03:24:26 | INFO     | Active: 1/8 positions open
03:24:26 | INFO     |   → HYPEUSD long +1.3% (btc_alt_spread, 14.6h held)
03:24:26 | INFO     | Signals this cycle: crash_neg_ac RAVEUSD (score 725.8), buy_btc_leading ZECUSD (score 22.4), simple_buy_uptrend XMRUSD (score 16.5)
03:24:26 | INFO     | MTF: 18% bearish 4h, 82% bullish 4h | Avg 4h RSI: 63.5
03:24:26 | INFO     | Tool streaks: entropy_dip L5
03:24:26 | INFO     | Cycle took 11.8s, sleeping 288.2s
03:24:26 | INFO     | ════════════════════════════════════════════════════════════════════════════════
03:26:53 | INFO     | 💰 VOLUME SPIKE: ATOMUSD 5.0x normal volume
03:26:56 | INFO     | 🔌 Real-time event during sleep! Processing...
03:29:14 | INFO     | ════════════════════════════════════════════════════════════════════════════════
03:29:20 | INFO     | 💰 VOLUME SPIKE: UNIUSD 5.0x normal volume
03:29:26 | INFO     | 💰 Kraken account balance: $341.28
03:29:26 | INFO     | [STACK] JITOSOLUSD short: 2 tools (ema_cross_short+entropy_short) → score 6.7 × 1.3 = 8.7
03:29:26 | INFO     | [STACK] XMRUSD short: 3 tools (distribution_short+ema_cross_short+alt_btc_revert_t3) → score 7.3 × 1.6 = 11.7
03:29:26 | INFO     | [STACK] ADAUSD short: 2 tools (ema_cross_short+entropy_short) → score 7.2 × 1.3 = 9.4
03:29:26 | INFO     | [STACK] RAVEUSD long: 2 tools (crash_neg_ac+mega_crash) → score 565.6 × 1.3 = 735.3
03:29:26 | INFO     | [BLACKLIST] RAVEUSD in mandatory cooldown (7.5h hard, 7.5h total) — skipping crash_neg_ac
03:29:26 | INFO     | Skipping buy_btc_leading (ZECUSD) - bull tool blocked in fear/bear (F&G=32, 82% bullish)
03:29:26 | INFO     | Skipping simple_buy_uptrend (XMRUSD) - bull tool blocked in fear/bear (F&G=32, 82% bullish)
03:29:26 | DEBUG    | Skipping distribution_short (XMRUSD) — short blocked (US Non-ECP margin restriction)
03:29:26 | DEBUG    | Skipping ema_cross_short (ADAUSD) — short blocked (US Non-ECP margin restriction)
03:29:26 | INFO     | Skipping simple_buy_uptrend (XRPUSD) - bull tool blocked in fear/bear (F&G=32, 82% bullish)
03:29:26 | DEBUG    | Skipping ema_cross_short (JITOSOLUSD) — short blocked (US Non-ECP margin restriction)
03:29:26 | DEBUG    | Skipping ema_cross_short (ETHUSD) — short blocked (US Non-ECP margin restriction)
03:29:26 | INFO     | Skipping buy_btc_leading (TAOUSD) - bull tool blocked in fear/bear (F&G=32, 82% bullish)
03:29:26 | DEBUG    | Skipping ema_cross_short (DOTUSD) — short blocked (US Non-ECP margin restriction)
03:29:26 | DEBUG    | Skipping ema_cross_short (XBTUSD) — short blocked (US Non-ECP margin restriction)
03:29:26 | DEBUG    | Skipping ema_cross_short (SOLUSD) — short blocked (US Non-ECP margin restriction)
03:29:26 | DEBUG    | Skipping ema_cross_short (AVAXUSD) — short blocked (US Non-ECP margin restriction)
03:29:26 | DEBUG    | Skipping ema_cross_short (ZECUSD) — short blocked (US Non-ECP margin restriction)
03:29:26 | DEBUG    | Skipping ema_cross_short (XRPUSD) — short blocked (US Non-ECP margin restriction)
03:29:26 | DEBUG    | Skipping ema_cross_short (BNBUSD) — short blocked (US Non-ECP margin restriction)
03:29:26 | DEBUG    | Skipping ema_cross_short (LTCUSD) — short blocked (US Non-ECP margin restriction)
03:29:26 | INFO     | Skipping simple_buy_uptrend (LINKUSD) - bull tool blocked in fear/bear (F&G=32, 82% bullish)
03:29:26 | DEBUG    | Skipping ema_cross_short (TAOUSD) — short blocked (US Non-ECP margin restriction)
03:29:26 | DEBUG    | Skipping ema_cross_short (LINKUSD) — short blocked (US Non-ECP margin restriction)
03:29:26 | INFO     | [BLACKLIST] RAVEUSD in mandatory cooldown (7.5h hard, 7.5h total) — skipping distribution_short
03:29:26 | INFO     | [2026-04-22 03:29:26] CYCLE #4896 | F&G: 32 (Neutral) | Allocation: Grid 0% / Active 100%
03:29:26 | INFO     | Balance: $341.28 (start: $300.00, +13.8%) | Grid: $0.00 | Active: $273.18
03:29:26 | INFO     | Grid: 0 positions across 40 pairs | 0 round trips | $0.00 profit
03:29:26 | INFO     | Active: 1/8 positions open
03:29:26 | INFO     |   → HYPEUSD long +1.3% (btc_alt_spread, 14.7h held)
03:29:26 | INFO     | Signals this cycle: crash_neg_ac RAVEUSD (score 735.3), buy_btc_leading ZECUSD (score 22.3), simple_buy_uptrend XMRUSD (score 16.3)
03:29:26 | INFO     | MTF: 18% bearish 4h, 82% bullish 4h | Avg 4h RSI: 63.6
03:29:26 | INFO     | Tool streaks: entropy_dip L5
03:29:26 | INFO     | Cycle took 11.6s, sleeping 288.4s
03:29:26 | INFO     | ════════════════════════════════════════════════════════════════════════════════
03:29:36 | INFO     | 🔌 Real-time event during sleep! Processing...
03:29:38 | INFO     | 💰 VOLUME SPIKE: AAVEUSD 5.0x normal volume
03:29:46 | INFO     | 🔌 Real-time event during sleep! Processing...
03:31:43 | INFO     | 💰 VOLUME SPIKE: AVAXUSD 4.9x normal volume
03:31:46 | INFO     | 🔌 Real-time event during sleep! Processing...
03:32:57 | INFO     | 💰 VOLUME SPIKE: XRPUSD 3.7x normal volume
03:33:06 | INFO     | 🔌 Real-time event during sleep! Processing...
03:34:07 | DEBUG    | Websocket error: Connection to remote host was lost.
03:34:07 | INFO     | Websocket disconnected, reconnecting in 5s...
03:34:13 | INFO     | 🔌 Crash monitor connected, subscribing to 16 pairs
03:34:15 | INFO     | ════════════════════════════════════════════════════════════════════════════════
03:34:25 | INFO     | 💰 Kraken account balance: $341.23
03:34:25 | INFO     | [STACK] JITOSOLUSD short: 2 tools (ema_cross_short+entropy_short) → score 6.7 × 1.3 = 8.7
03:34:25 | INFO     | [STACK] XMRUSD short: 3 tools (distribution_short+ema_cross_short+alt_btc_revert_t3) → score 7.3 × 1.6 = 11.7
03:34:25 | INFO     | [STACK] ADAUSD short: 2 tools (ema_cross_short+entropy_short) → score 7.2 × 1.3 = 9.4
03:34:25 | INFO     | [STACK] RAVEUSD long: 2 tools (crash_neg_ac+mega_crash) → score 563.4 × 1.3 = 732.5
03:34:25 | INFO     | [BLACKLIST] RAVEUSD in mandatory cooldown (7.4h hard, 7.4h total) — skipping crash_neg_ac
03:34:25 | INFO     | Skipping buy_btc_leading (ZECUSD) - bull tool blocked in fear/bear (F&G=32, 82% bullish)
03:34:25 | INFO     | Skipping simple_buy_uptrend (XMRUSD) - bull tool blocked in fear/bear (F&G=32, 82% bullish)
03:34:25 | DEBUG    | Skipping distribution_short (XMRUSD) — short blocked (US Non-ECP margin restriction)
03:34:25 | DEBUG    | Skipping ema_cross_short (ADAUSD) — short blocked (US Non-ECP margin restriction)
03:34:25 | INFO     | Skipping simple_buy_uptrend (XRPUSD) - bull tool blocked in fear/bear (F&G=32, 82% bullish)
03:34:25 | DEBUG    | Skipping ema_cross_short (JITOSOLUSD) — short blocked (US Non-ECP margin restriction)
03:34:25 | DEBUG    | Skipping ema_cross_short (ETHUSD) — short blocked (US Non-ECP margin restriction)
03:34:25 | INFO     | Skipping buy_btc_leading (TAOUSD) - bull tool blocked in fear/bear (F&G=32, 82% bullish)
03:34:25 | DEBUG    | Skipping ema_cross_short (DOTUSD) — short blocked (US Non-ECP margin restriction)
03:34:25 | DEBUG    | Skipping ema_cross_short (XBTUSD) — short blocked (US Non-ECP margin restriction)
03:34:25 | DEBUG    | Skipping ema_cross_short (SOLUSD) — short blocked (US Non-ECP margin restriction)
03:34:25 | DEBUG    | Skipping ema_cross_short (ZECUSD) — short blocked (US Non-ECP margin restriction)
03:34:25 | DEBUG    | Skipping ema_cross_short (AVAXUSD) — short blocked (US Non-ECP margin restriction)
03:34:25 | INFO     | Skipping buy_btc_leading (AVAXUSD) - bull tool blocked in fear/bear (F&G=32, 82% bullish)
03:34:25 | DEBUG    | Skipping ema_cross_short (XRPUSD) — short blocked (US Non-ECP margin restriction)
03:34:25 | DEBUG    | Skipping ema_cross_short (BNBUSD) — short blocked (US Non-ECP margin restriction)
03:34:25 | DEBUG    | Skipping ema_cross_short (LTCUSD) — short blocked (US Non-ECP margin restriction)
03:34:25 | INFO     | Skipping simple_buy_uptrend (LINKUSD) - bull tool blocked in fear/bear (F&G=32, 82% bullish)
03:34:25 | DEBUG    | Skipping ema_cross_short (TAOUSD) — short blocked (US Non-ECP margin restriction)
03:34:25 | DEBUG    | Skipping ema_cross_short (LINKUSD) — short blocked (US Non-ECP margin restriction)
03:34:25 | INFO     | [BLACKLIST] RAVEUSD in mandatory cooldown (7.4h hard, 7.4h total) — skipping distribution_short
03:34:25 | INFO     | [2026-04-22 03:34:25] CYCLE #4897 | F&G: 32 (Neutral) | Allocation: Grid 0% / Active 100%
03:34:25 | INFO     | Balance: $341.23 (start: $300.00, +13.7%) | Grid: $0.00 | Active: $273.13
03:34:25 | INFO     | Grid: 0 positions across 40 pairs | 0 round trips | $0.00 profit
03:34:25 | INFO     | Active: 1/8 positions open
03:34:25 | INFO     |   → HYPEUSD long +1.3% (btc_alt_spread, 14.8h held)
03:34:25 | INFO     | Signals this cycle: crash_neg_ac RAVEUSD (score 732.5), buy_btc_leading ZECUSD (score 22.4), simple_buy_uptrend XMRUSD (score 16.7)
03:34:25 | INFO     | MTF: 18% bearish 4h, 82% bullish 4h | Avg 4h RSI: 63.5
03:34:25 | INFO     | Tool streaks: entropy_dip L5
03:34:25 | INFO     | Cycle took 10.3s, sleeping 289.7s
03:34:25 | INFO     | ════════════════════════════════════════════════════════════════════════════════
03:34:51 | INFO     | 💰 VOLUME SPIKE: DOTUSD 3.3x normal volume
03:34:55 | INFO     | 🔌 Real-time event during sleep! Processing...
03:36:02 | INFO     | 💰 VOLUME SPIKE: LTCUSD 3.3x normal volume
03:36:05 | INFO     | 🔌 Real-time event during sleep! Processing...
03:36:14 | INFO     | 💰 VOLUME SPIKE: NEARUSD 5.0x normal volume
03:36:15 | INFO     | 🔌 Real-time event during sleep! Processing...
03:36:25 | INFO     | 💰 VOLUME SPIKE: ADAUSD 4.7x normal volume
03:36:35 | INFO     | 🔌 Real-time event during sleep! Processing...
03:38:07 | INFO     | 💰 VOLUME SPIKE: LINKUSD 5.0x normal volume
03:38:07 | INFO     | 💰 VOLUME SPIKE: XLMUSD 5.0x normal volume
03:38:15 | INFO     | 🔌 Real-time event during sleep! Processing...
03:38:59 | INFO     | 💰 VOLUME SPIKE: ATOMUSD 5.0x normal volume
03:39:05 | INFO     | 🔌 Real-time event during sleep! Processing...
03:39:15 | INFO     | ════════════════════════════════════════════════════════════════════════════════
03:39:25 | INFO     | 💰 Kraken account balance: $341.26
03:39:25 | INFO     | [STACK] JITOSOLUSD short: 2 tools (ema_cross_short+entropy_short) → score 6.7 × 1.3 = 8.7
03:39:25 | INFO     | [STACK] XMRUSD short: 3 tools (distribution_short+ema_cross_short+alt_btc_revert_t3) → score 7.3 × 1.6 = 11.7
03:39:25 | INFO     | [STACK] ADAUSD short: 2 tools (ema_cross_short+entropy_short) → score 7.2 × 1.3 = 9.4
03:39:25 | INFO     | [STACK] RAVEUSD long: 2 tools (crash_neg_ac+mega_crash) → score 579.7 × 1.3 = 753.6
03:39:25 | INFO     | [BLACKLIST] RAVEUSD in mandatory cooldown (7.3h hard, 7.3h total) — skipping crash_neg_ac
03:39:25 | INFO     | Skipping buy_btc_leading (ZECUSD) - bull tool blocked in fear/bear (F&G=32, 82% bullish)
03:39:25 | INFO     | Skipping simple_buy_uptrend (XMRUSD) - bull tool blocked in fear/bear (F&G=32, 82% bullish)
03:39:25 | INFO     | Skipping simple_buy_uptrend (DOTUSD) - bull tool blocked in fear/bear (F&G=32, 82% bullish)
03:39:25 | DEBUG    | Skipping distribution_short (XMRUSD) — short blocked (US Non-ECP margin restriction)
03:39:25 | DEBUG    | Skipping ema_cross_short (ADAUSD) — short blocked (US Non-ECP margin restriction)
03:39:25 | INFO     | Skipping simple_buy_uptrend (XRPUSD) - bull tool blocked in fear/bear (F&G=32, 82% bullish)
03:39:25 | DEBUG    | Skipping ema_cross_short (JITOSOLUSD) — short blocked (US Non-ECP margin restriction)
03:39:25 | INFO     | Skipping buy_btc_leading (TAOUSD) - bull tool blocked in fear/bear (F&G=32, 82% bullish)
03:39:25 | DEBUG    | Skipping ema_cross_short (ETHUSD) — short blocked (US Non-ECP margin restriction)
03:39:25 | DEBUG    | Skipping ema_cross_short (DOTUSD) — short blocked (US Non-ECP margin restriction)
03:39:25 | DEBUG    | Skipping ema_cross_short (XBTUSD) — short blocked (US Non-ECP margin restriction)
03:39:25 | DEBUG    | Skipping ema_cross_short (SOLUSD) — short blocked (US Non-ECP margin restriction)
03:39:25 | DEBUG    | Skipping ema_cross_short (AVAXUSD) — short blocked (US Non-ECP margin restriction)
03:39:25 | DEBUG    | Skipping ema_cross_short (ZECUSD) — short blocked (US Non-ECP margin restriction)
03:39:25 | DEBUG    | Skipping ema_cross_short (XRPUSD) — short blocked (US Non-ECP margin restriction)
03:39:25 | DEBUG    | Skipping ema_cross_short (BNBUSD) — short blocked (US Non-ECP margin restriction)
03:39:25 | DEBUG    | Skipping ema_cross_short (LTCUSD) — short blocked (US Non-ECP margin restriction)
03:39:25 | INFO     | Skipping simple_buy_uptrend (LINKUSD) - bull tool blocked in fear/bear (F&G=32, 82% bullish)
03:39:25 | DEBUG    | Skipping ema_cross_short (TAOUSD) — short blocked (US Non-ECP margin restriction)
03:39:25 | DEBUG    | Skipping ema_cross_short (LINKUSD) — short blocked (US Non-ECP margin restriction)
03:39:25 | INFO     | [BLACKLIST] RAVEUSD in mandatory cooldown (7.3h hard, 7.3h total) — skipping distribution_short
03:39:25 | INFO     | [2026-04-22 03:39:25] CYCLE #4898 | F&G: 32 (Neutral) | Allocation: Grid 0% / Active 100%
03:39:25 | INFO     | Balance: $341.26 (start: $300.00, +13.8%) | Grid: $0.00 | Active: $273.16
03:39:25 | INFO     | Grid: 0 positions across 40 pairs | 0 round trips | $0.00 profit
03:39:25 | INFO     | Active: 1/8 positions open
03:39:25 | INFO     |   → HYPEUSD long +1.3% (btc_alt_spread, 14.8h held)
03:39:25 | INFO     | Signals this cycle: crash_neg_ac RAVEUSD (score 753.6), buy_btc_leading ZECUSD (score 22.6), simple_buy_uptrend XMRUSD (score 16.8)
03:39:25 | INFO     | MTF: 18% bearish 4h, 82% bullish 4h | Avg 4h RSI: 63.5
03:39:25 | INFO     | Tool streaks: entropy_dip L5
03:39:25 | INFO     | Cycle took 10.0s, sleeping 290.0s
03:39:25 | INFO     | ════════════════════════════════════════════════════════════════════════════════
03:40:29 | INFO     | 💰 VOLUME SPIKE: SOLUSD 3.8x normal volume
03:40:30 | INFO     | 💰 VOLUME SPIKE: ETHUSD 3.0x normal volume
03:40:33 | INFO     | 💰 VOLUME SPIKE: AAVEUSD 4.9x normal volume
03:40:35 | INFO     | 🔌 Real-time event during sleep! Processing...
03:41:39 | INFO     | 💰 VOLUME SPIKE: FILUSD 5.0x normal volume
03:41:45 | INFO     | 🔌 Real-time event during sleep! Processing...
03:43:43 | INFO     | 💰 VOLUME SPIKE: XBTUSD 3.0x normal volume
03:43:43 | INFO     | 💰 VOLUME SPIKE: UNIUSD 4.7x normal volume
03:43:43 | INFO     | 💰 VOLUME SPIKE: AVAXUSD 4.9x normal volume
03:43:45 | INFO     | 🔌 Real-time event during sleep! Processing...
03:44:15 | INFO     | ════════════════════════════════════════════════════════════════════════════════
03:44:25 | INFO     | 💰 Kraken account balance: $341.18
03:44:25 | INFO     | [STACK] JITOSOLUSD short: 2 tools (ema_cross_short+entropy_short) → score 6.7 × 1.3 = 8.7
03:44:25 | INFO     | [STACK] XMRUSD short: 3 tools (distribution_short+ema_cross_short+alt_btc_revert_t3) → score 7.3 × 1.6 = 11.7
03:44:25 | INFO     | [STACK] ADAUSD short: 2 tools (ema_cross_short+entropy_short) → score 7.3 × 1.3 = 9.5
03:44:25 | INFO     | [STACK] XBTUSD short: 2 tools (ema_cross_short+entropy_short) → score 7.4 × 1.3 = 9.6
03:44:25 | INFO     | [STACK] RAVEUSD long: 2 tools (crash_neg_ac+mega_crash) → score 581.9 × 1.3 = 756.5
03:44:25 | INFO     | [STACK] ETHUSD short: 2 tools (ema_cross_short+entropy_short) → score 8.1 × 1.3 = 10.6
03:44:25 | INFO     | [BLACKLIST] RAVEUSD in mandatory cooldown (7.3h hard, 7.3h total) — skipping crash_neg_ac
03:44:25 | INFO     | Skipping buy_btc_leading (ZECUSD) - bull tool blocked in fear/bear (F&G=32, 82% bullish)
03:44:25 | INFO     | Skipping simple_buy_uptrend (XMRUSD) - bull tool blocked in fear/bear (F&G=32, 82% bullish)
03:44:25 | DEBUG    | Skipping distribution_short (XMRUSD) — short blocked (US Non-ECP margin restriction)
03:44:25 | DEBUG    | Skipping ema_cross_short (ETHUSD) — short blocked (US Non-ECP margin restriction)
03:44:25 | DEBUG    | Skipping ema_cross_short (XBTUSD) — short blocked (US Non-ECP margin restriction)
03:44:25 | DEBUG    | Skipping ema_cross_short (ADAUSD) — short blocked (US Non-ECP margin restriction)
03:44:25 | INFO     | Skipping simple_buy_uptrend (XRPUSD) - bull tool blocked in fear/bear (F&G=32, 82% bullish)
03:44:25 | DEBUG    | Skipping ema_cross_short (JITOSOLUSD) — short blocked (US Non-ECP margin restriction)
03:44:25 | INFO     | Skipping buy_btc_leading (TAOUSD) - bull tool blocked in fear/bear (F&G=32, 82% bullish)
03:44:25 | DEBUG    | Skipping ema_cross_short (SOLUSD) — short blocked (US Non-ECP margin restriction)
03:44:25 | DEBUG    | Skipping ema_cross_short (DOTUSD) — short blocked (US Non-ECP margin restriction)
03:44:25 | DEBUG    | Skipping ema_cross_short (AVAXUSD) — short blocked (US Non-ECP margin restriction)
03:44:25 | DEBUG    | Skipping ema_cross_short (ZECUSD) — short blocked (US Non-ECP margin restriction)
03:44:25 | INFO     | Skipping buy_btc_leading (AVAXUSD) - bull tool blocked in fear/bear (F&G=32, 82% bullish)
03:44:25 | DEBUG    | Skipping ema_cross_short (XRPUSD) — short blocked (US Non-ECP margin restriction)
03:44:25 | DEBUG    | Skipping ema_cross_short (BNBUSD) — short blocked (US Non-ECP margin restriction)
03:44:25 | DEBUG    | Skipping ema_cross_short (LTCUSD) — short blocked (US Non-ECP margin restriction)
03:44:25 | INFO     | Skipping simple_buy_uptrend (LINKUSD) - bull tool blocked in fear/bear (F&G=32, 82% bullish)
03:44:25 | DEBUG    | Skipping ema_cross_short (TAOUSD) — short blocked (US Non-ECP margin restriction)
03:44:25 | DEBUG    | Skipping ema_cross_short (LINKUSD) — short blocked (US Non-ECP margin restriction)
03:44:25 | INFO     | [BLACKLIST] RAVEUSD in mandatory cooldown (7.3h hard, 7.3h total) — skipping distribution_short
03:44:25 | INFO     | [2026-04-22 03:44:25] CYCLE #4899 | F&G: 32 (Neutral) | Allocation: Grid 0% / Active 100%
03:44:25 | INFO     | Balance: $341.18 (start: $300.00, +13.7%) | Grid: $0.00 | Active: $273.08
03:44:25 | INFO     | Grid: 0 positions across 40 pairs | 0 round trips | $0.00 profit
03:44:25 | INFO     | Active: 1/8 positions open
03:44:25 | INFO     |   → HYPEUSD long +1.2% (btc_alt_spread, 14.9h held)
03:44:25 | INFO     | Signals this cycle: crash_neg_ac RAVEUSD (score 756.5), buy_btc_leading ZECUSD (score 22.6), simple_buy_uptrend XMRUSD (score 16.7)
03:44:25 | INFO     | MTF: 18% bearish 4h, 82% bullish 4h | Avg 4h RSI: 64.2
03:44:25 | INFO     | Tool streaks: entropy_dip L5
03:44:25 | INFO     | Cycle took 10.5s, sleeping 289.5s
03:44:25 | INFO     | ════════════════════════════════════════════════════════════════════════════════
03:46:15 | INFO     | 💰 VOLUME SPIKE: NEARUSD 5.0x normal volume
03:46:16 | INFO     | 🔌 Real-time event during sleep! Processing...
03:49:15 | INFO     | ════════════════════════════════════════════════════════════════════════════════
03:49:16 | INFO     | 💰 VOLUME SPIKE: ATOMUSD 4.9x normal volume
03:49:26 | INFO     | 💰 Kraken account balance: $341.20
03:49:26 | INFO     | [STACK] JITOSOLUSD short: 2 tools (ema_cross_short+entropy_short) → score 6.7 × 1.3 = 8.7
03:49:26 | INFO     | [STACK] XMRUSD short: 3 tools (distribution_short+ema_cross_short+alt_btc_revert_t3) → score 7.3 × 1.6 = 11.7
03:49:26 | INFO     | [STACK] ADAUSD short: 2 tools (ema_cross_short+entropy_short) → score 7.4 × 1.3 = 9.6
03:49:26 | INFO     | [STACK] XBTUSD short: 2 tools (ema_cross_short+entropy_short) → score 7.4 × 1.3 = 9.6
03:49:26 | INFO     | [STACK] RAVEUSD long: 2 tools (crash_neg_ac+mega_crash) → score 581.8 × 1.3 = 756.4
03:49:26 | INFO     | [STACK] ETHUSD short: 2 tools (ema_cross_short+entropy_short) → score 8.1 × 1.3 = 10.5
03:49:26 | INFO     | [BLACKLIST] RAVEUSD in mandatory cooldown (7.2h hard, 7.2h total) — skipping crash_neg_ac
03:49:26 | INFO     | Skipping buy_btc_leading (ZECUSD) - bull tool blocked in fear/bear (F&G=32, 82% bullish)
03:49:26 | INFO     | Skipping simple_buy_uptrend (XMRUSD) - bull tool blocked in fear/bear (F&G=32, 82% bullish)
03:49:26 | DEBUG    | Skipping distribution_short (XMRUSD) — short blocked (US Non-ECP margin restriction)
03:49:26 | DEBUG    | Skipping ema_cross_short (ETHUSD) — short blocked (US Non-ECP margin restriction)
03:49:26 | DEBUG    | Skipping ema_cross_short (XBTUSD) — short blocked (US Non-ECP margin restriction)
03:49:26 | DEBUG    | Skipping ema_cross_short (ADAUSD) — short blocked (US Non-ECP margin restriction)
03:49:26 | INFO     | Skipping simple_buy_uptrend (XRPUSD) - bull tool blocked in fear/bear (F&G=32, 82% bullish)
03:49:26 | DEBUG    | Skipping ema_cross_short (JITOSOLUSD) — short blocked (US Non-ECP margin restriction)
03:49:26 | INFO     | Skipping buy_btc_leading (TAOUSD) - bull tool blocked in fear/bear (F&G=32, 82% bullish)
03:49:26 | DEBUG    | Skipping ema_cross_short (SOLUSD) — short blocked (US Non-ECP margin restriction)
03:49:26 | DEBUG    | Skipping ema_cross_short (DOTUSD) — short blocked (US Non-ECP margin restriction)
03:49:26 | DEBUG    | Skipping ema_cross_short (AVAXUSD) — short blocked (US Non-ECP margin restriction)
03:49:26 | DEBUG    | Skipping ema_cross_short (ZECUSD) — short blocked (US Non-ECP margin restriction)
03:49:26 | INFO     | Skipping simple_buy_uptrend (LINKUSD) - bull tool blocked in fear/bear (F&G=32, 82% bullish)
03:49:26 | DEBUG    | Skipping ema_cross_short (XRPUSD) — short blocked (US Non-ECP margin restriction)
03:49:26 | DEBUG    | Skipping ema_cross_short (BNBUSD) — short blocked (US Non-ECP margin restriction)
03:49:26 | DEBUG    | Skipping ema_cross_short (LTCUSD) — short blocked (US Non-ECP margin restriction)
03:49:26 | DEBUG    | Skipping ema_cross_short (LINKUSD) — short blocked (US Non-ECP margin restriction)
03:49:26 | DEBUG    | Skipping ema_cross_short (TAOUSD) — short blocked (US Non-ECP margin restriction)
03:49:26 | INFO     | [BLACKLIST] RAVEUSD in mandatory cooldown (7.2h hard, 7.2h total) — skipping distribution_short
03:49:26 | INFO     | [2026-04-22 03:49:26] CYCLE #4900 | F&G: 32 (Neutral) | Allocation: Grid 0% / Active 100%
03:49:26 | INFO     | Balance: $341.20 (start: $300.00, +13.7%) | Grid: $0.00 | Active: $273.10
03:49:26 | INFO     | Grid: 0 positions across 40 pairs | 0 round trips | $0.00 profit
03:49:26 | INFO     | Active: 1/8 positions open
03:49:26 | INFO     |   → HYPEUSD long +1.2% (btc_alt_spread, 15.0h held)
03:49:26 | INFO     | Signals this cycle: crash_neg_ac RAVEUSD (score 756.4), buy_btc_leading ZECUSD (score 22.7), simple_buy_uptrend XMRUSD (score 16.8)
03:49:26 | INFO     | MTF: 18% bearish 4h, 82% bullish 4h | Avg 4h RSI: 64.2
03:49:26 | INFO     | Tool streaks: entropy_dip L5
03:49:26 | INFO     | Cycle took 10.5s, sleeping 289.5s
03:49:26 | INFO     | ════════════════════════════════════════════════════════════════════════════════
03:49:36 | INFO     | 🔌 Real-time event during sleep! Processing...
03:50:04 | INFO     | 💰 VOLUME SPIKE: DOTUSD 4.1x normal volume
03:50:06 | INFO     | 🔌 Real-time event during sleep! Processing...
03:51:40 | INFO     | 💰 VOLUME SPIKE: XRPUSD 3.8x normal volume
03:51:46 | INFO     | 🔌 Real-time event during sleep! Processing...
03:52:27 | INFO     | 💰 VOLUME SPIKE: SOLUSD 3.6x normal volume
03:52:36 | INFO     | 🔌 Real-time event during sleep! Processing...
03:52:53 | INFO     | 💰 VOLUME SPIKE: ADAUSD 3.3x normal volume
03:52:56 | INFO     | 🔌 Real-time event during sleep! Processing...
03:53:29 | INFO     | 💰 VOLUME SPIKE: ETHUSD 3.4x normal volume
03:53:36 | INFO     | 🔌 Real-time event during sleep! Processing...
03:54:03 | INFO     | 💰 VOLUME SPIKE: AAVEUSD 3.5x normal volume
03:54:06 | INFO     | 🔌 Real-time event during sleep! Processing...
03:54:15 | INFO     | ════════════════════════════════════════════════════════════════════════════════
03:54:26 | INFO     | 💰 Kraken account balance: $341.28
03:54:26 | INFO     | [STACK] JITOSOLUSD short: 2 tools (ema_cross_short+entropy_short) → score 6.7 × 1.3 = 8.7
03:54:26 | INFO     | [STACK] XMRUSD short: 3 tools (distribution_short+ema_cross_short+alt_btc_revert_t3) → score 6.4 × 1.6 = 10.2
03:54:26 | INFO     | [STACK] ADAUSD short: 2 tools (ema_cross_short+entropy_short) → score 7.3 × 1.3 = 9.4
03:54:26 | INFO     | [STACK] XBTUSD short: 2 tools (ema_cross_short+entropy_short) → score 7.3 × 1.3 = 9.5
03:54:26 | INFO     | [STACK] RAVEUSD long: 2 tools (crash_neg_ac+mega_crash) → score 563.0 × 1.3 = 731.9
03:54:26 | INFO     | [BLACKLIST] RAVEUSD in mandatory cooldown (7.1h hard, 7.1h total) — skipping crash_neg_ac
03:54:26 | INFO     | Skipping buy_btc_leading (ZECUSD) - bull tool blocked in fear/bear (F&G=32, 82% bullish)
03:54:26 | INFO     | Skipping simple_buy_uptrend (XMRUSD) - bull tool blocked in fear/bear (F&G=32, 82% bullish)
03:54:26 | DEBUG    | Skipping distribution_short (XMRUSD) — short blocked (US Non-ECP margin restriction)
03:54:26 | DEBUG    | Skipping ema_cross_short (XBTUSD) — short blocked (US Non-ECP margin restriction)
03:54:26 | DEBUG    | Skipping ema_cross_short (ADAUSD) — short blocked (US Non-ECP margin restriction)
03:54:26 | INFO     | Skipping simple_buy_uptrend (XRPUSD) - bull tool blocked in fear/bear (F&G=32, 82% bullish)
03:54:26 | DEBUG    | Skipping ema_cross_short (JITOSOLUSD) — short blocked (US Non-ECP margin restriction)
03:54:26 | DEBUG    | Skipping ema_cross_short (ETHUSD) — short blocked (US Non-ECP margin restriction)
03:54:26 | INFO     | Skipping buy_btc_leading (TAOUSD) - bull tool blocked in fear/bear (F&G=32, 82% bullish)
03:54:26 | DEBUG    | Skipping ema_cross_short (DOTUSD) — short blocked (US Non-ECP margin restriction)
03:54:26 | DEBUG    | Skipping ema_cross_short (SOLUSD) — short blocked (US Non-ECP margin restriction)
03:54:26 | DEBUG    | Skipping ema_cross_short (ZECUSD) — short blocked (US Non-ECP margin restriction)
03:54:26 | DEBUG    | Skipping ema_cross_short (AVAXUSD) — short blocked (US Non-ECP margin restriction)
03:54:26 | INFO     | Skipping buy_btc_leading (AVAXUSD) - bull tool blocked in fear/bear (F&G=32, 82% bullish)
03:54:26 | DEBUG    | Skipping ema_cross_short (XRPUSD) — short blocked (US Non-ECP margin restriction)
03:54:26 | DEBUG    | Skipping ema_cross_short (BNBUSD) — short blocked (US Non-ECP margin restriction)
03:54:26 | DEBUG    | Skipping ema_cross_short (LTCUSD) — short blocked (US Non-ECP margin restriction)
03:54:26 | INFO     | Skipping simple_buy_uptrend (LINKUSD) - bull tool blocked in fear/bear (F&G=32, 82% bullish)
03:54:26 | DEBUG    | Skipping ema_cross_short (TAOUSD) — short blocked (US Non-ECP margin restriction)
03:54:26 | DEBUG    | Skipping ema_cross_short (LINKUSD) — short blocked (US Non-ECP margin restriction)
03:54:26 | INFO     | [BLACKLIST] RAVEUSD in mandatory cooldown (7.1h hard, 7.1h total) — skipping distribution_short
03:54:26 | INFO     | [2026-04-22 03:54:26] CYCLE #4901 | F&G: 32 (Neutral) | Allocation: Grid 0% / Active 100%
03:54:26 | INFO     | Balance: $341.28 (start: $300.00, +13.8%) | Grid: $0.00 | Active: $273.18
03:54:26 | INFO     | Grid: 0 positions across 40 pairs | 0 round trips | $0.00 profit
03:54:26 | INFO     | Active: 1/8 positions open
03:54:26 | INFO     |   → HYPEUSD long +1.3% (btc_alt_spread, 15.1h held)
03:54:26 | INFO     | Signals this cycle: crash_neg_ac RAVEUSD (score 731.9), buy_btc_leading ZECUSD (score 22.5), simple_buy_uptrend XMRUSD (score 17.1)
03:54:26 | INFO     | MTF: 18% bearish 4h, 82% bullish 4h | Avg 4h RSI: 64.1
03:54:26 | INFO     | Tool streaks: entropy_dip L5
03:54:26 | INFO     | Cycle took 10.5s, sleeping 289.5s
03:54:26 | INFO     | ════════════════════════════════════════════════════════════════════════════════
03:55:22 | INFO     | 💰 VOLUME SPIKE: XLMUSD 3.5x normal volume
03:55:26 | INFO     | 🔌 Real-time event during sleep! Processing...
03:56:27 | INFO     | 💰 VOLUME SPIKE: LINKUSD 3.5x normal volume
03:56:36 | INFO     | 🔌 Real-time event during sleep! Processing...
03:57:05 | INFO     | 💰 VOLUME SPIKE: UNIUSD 5.0x normal volume
03:57:06 | INFO     | 🔌 Real-time event during sleep! Processing...
03:57:09 | INFO     | 💰 VOLUME SPIKE: LTCUSD 3.3x normal volume
03:57:16 | INFO     | 🔌 Real-time event during sleep! Processing...
03:59:16 | INFO     | ════════════════════════════════════════════════════════════════════════════════
03:59:27 | INFO     | 💰 Kraken account balance: $341.30
03:59:27 | INFO     | [STACK] JITOSOLUSD short: 2 tools (ema_cross_short+entropy_short) → score 7.2 × 1.3 = 9.3
03:59:27 | INFO     | [STACK] XMRUSD short: 3 tools (ema_cross_short+distribution_short+alt_btc_revert_t3) → score 6.4 × 1.6 = 10.2
03:59:27 | INFO     | [STACK] ADAUSD short: 2 tools (ema_cross_short+entropy_short) → score 7.3 × 1.3 = 9.5
03:59:27 | INFO     | [STACK] XBTUSD short: 2 tools (ema_cross_short+entropy_short) → score 7.4 × 1.3 = 9.6
03:59:27 | INFO     | [STACK] RAVEUSD long: 2 tools (crash_neg_ac+mega_crash) → score 563.8 × 1.3 = 732.9
03:59:27 | INFO     | [STACK] ETHUSD short: 2 tools (ema_cross_short+entropy_short) → score 8.0 × 1.3 = 10.4
03:59:27 | INFO     | [BLACKLIST] RAVEUSD in mandatory cooldown (7.0h hard, 7.0h total) — skipping crash_neg_ac
03:59:27 | INFO     | Skipping buy_btc_leading (ZECUSD) - bull tool blocked in fear/bear (F&G=32, 82% bullish)
03:59:27 | INFO     | Skipping simple_buy_uptrend (XMRUSD) - bull tool blocked in fear/bear (F&G=32, 82% bullish)
03:59:27 | DEBUG    | Skipping ema_cross_short (ETHUSD) — short blocked (US Non-ECP margin restriction)
03:59:27 | DEBUG    | Skipping ema_cross_short (XMRUSD) — short blocked (US Non-ECP margin restriction)
03:59:27 | DEBUG    | Skipping ema_cross_short (XBTUSD) — short blocked (US Non-ECP margin restriction)
03:59:27 | DEBUG    | Skipping ema_cross_short (ADAUSD) — short blocked (US Non-ECP margin restriction)
03:59:27 | DEBUG    | Skipping ema_cross_short (JITOSOLUSD) — short blocked (US Non-ECP margin restriction)
03:59:27 | DEBUG    | Skipping ema_cross_short (SOLUSD) — short blocked (US Non-ECP margin restriction)
03:59:27 | DEBUG    | Skipping ema_cross_short (DOTUSD) — short blocked (US Non-ECP margin restriction)
03:59:27 | DEBUG    | Skipping ema_cross_short (AVAXUSD) — short blocked (US Non-ECP margin restriction)
03:59:27 | DEBUG    | Skipping ema_cross_short (ZECUSD) — short blocked (US Non-ECP margin restriction)
03:59:27 | DEBUG    | Skipping ema_cross_short (XRPUSD) — short blocked (US Non-ECP margin restriction)
03:59:27 | INFO     | Skipping simple_buy_uptrend (LINKUSD) - bull tool blocked in fear/bear (F&G=32, 82% bullish)
03:59:27 | DEBUG    | Skipping ema_cross_short (BNBUSD) — short blocked (US Non-ECP margin restriction)
03:59:27 | DEBUG    | Skipping ema_cross_short (TAOUSD) — short blocked (US Non-ECP margin restriction)
03:59:27 | DEBUG    | Skipping ema_cross_short (LTCUSD) — short blocked (US Non-ECP margin restriction)
03:59:27 | DEBUG    | Skipping ema_cross_short (LINKUSD) — short blocked (US Non-ECP margin restriction)
03:59:27 | INFO     | [BLACKLIST] RAVEUSD in mandatory cooldown (7.0h hard, 7.0h total) — skipping distribution_short
03:59:27 | INFO     | [2026-04-22 03:59:27] CYCLE #4902 | F&G: 32 (Neutral) | Allocation: Grid 0% / Active 100%
03:59:27 | INFO     | Balance: $341.30 (start: $300.00, +13.8%) | Grid: $0.00 | Active: $273.20
03:59:27 | INFO     | Grid: 0 positions across 40 pairs | 0 round trips | $0.00 profit
03:59:27 | INFO     | Active: 1/8 positions open
03:59:27 | INFO     |   → HYPEUSD long +1.4% (btc_alt_spread, 15.2h held)
03:59:27 | INFO     | Signals this cycle: crash_neg_ac RAVEUSD (score 732.9), buy_btc_leading ZECUSD (score 22.6), simple_buy_uptrend XMRUSD (score 17.1)
03:59:27 | INFO     | MTF: 18% bearish 4h, 82% bullish 4h | Avg 4h RSI: 64.7
03:59:27 | INFO     | Tool streaks: entropy_dip L5
03:59:27 | INFO     | Cycle took 11.2s, sleeping 288.8s
03:59:27 | INFO     | ════════════════════════════════════════════════════════════════════════════════
04:02:43 | INFO     | 💰 VOLUME SPIKE: NEARUSD 5.0x normal volume
04:02:47 | INFO     | 🔌 Real-time event during sleep! Processing...
04:02:54 | INFO     | 💰 VOLUME SPIKE: XBTUSD 3.0x normal volume
04:02:57 | INFO     | 🔌 Real-time event during sleep! Processing...
04:03:01 | INFO     | 💰 VOLUME SPIKE: ATOMUSD 3.1x normal volume
04:03:07 | INFO     | 🔌 Real-time event during sleep! Processing...
04:03:24 | INFO     | 💰 VOLUME SPIKE: AVAXUSD 3.5x normal volume
04:03:27 | INFO     | 🔌 Real-time event during sleep! Processing...
04:03:47 | INFO     | 💰 VOLUME SPIKE: SOLUSD 3.2x normal volume
04:03:47 | INFO     | 🔌 Real-time event during sleep! Processing...
04:04:00 | INFO     | 💰 VOLUME SPIKE: DOTUSD 3.7x normal volume
04:04:07 | INFO     | 🔌 Real-time event during sleep! Processing...
04:04:16 | INFO     | ════════════════════════════════════════════════════════════════════════════════
04:04:26 | INFO     | 💰 Kraken account balance: $341.25
04:04:26 | INFO     | [STACK] JITOSOLUSD short: 2 tools (ema_cross_short+entropy_short) → score 7.4 × 1.3 = 9.6
04:04:26 | INFO     | [STACK] XMRUSD short: 3 tools (ema_cross_short+alt_btc_revert_t3+distribution_short) → score 6.3 × 1.6 = 10.0
04:04:26 | INFO     | [STACK] XBTUSD short: 2 tools (ema_cross_short+entropy_short) → score 7.2 × 1.3 = 9.3
04:04:26 | INFO     | Skipping buy_btc_leading (ZECUSD) - bull tool blocked in fear/bear (F&G=32, 82% bullish)
04:04:26 | INFO     | Skipping simple_buy_uptrend (XMRUSD) - bull tool blocked in fear/bear (F&G=32, 82% bullish)
04:04:26 | DEBUG    | Skipping ema_cross_short (XMRUSD) — short blocked (US Non-ECP margin restriction)
04:04:26 | INFO     | Skipping simple_buy_uptrend (XRPUSD) - bull tool blocked in fear/bear (F&G=32, 82% bullish)
04:04:26 | DEBUG    | Skipping ema_cross_short (JITOSOLUSD) — short blocked (US Non-ECP margin restriction)
04:04:26 | DEBUG    | Skipping ema_cross_short (XBTUSD) — short blocked (US Non-ECP margin restriction)
04:04:26 | INFO     | Skipping buy_btc_leading (TAOUSD) - bull tool blocked in fear/bear (F&G=32, 82% bullish)
04:04:26 | DEBUG    | Skipping ema_cross_short (ETHUSD) — short blocked (US Non-ECP margin restriction)
04:04:26 | DEBUG    | Skipping ema_cross_short (SOLUSD) — short blocked (US Non-ECP margin restriction)
04:04:26 | DEBUG    | Skipping ema_cross_short (DOTUSD) — short blocked (US Non-ECP margin restriction)
04:04:26 | DEBUG    | Skipping ema_cross_short (ADAUSD) — short blocked (US Non-ECP margin restriction)
04:04:26 | DEBUG    | Skipping ema_cross_short (AVAXUSD) — short blocked (US Non-ECP margin restriction)
04:04:26 | DEBUG    | Skipping ema_cross_short (ZECUSD) — short blocked (US Non-ECP margin restriction)
04:04:26 | INFO     | Skipping simple_buy_uptrend (LINKUSD) - bull tool blocked in fear/bear (F&G=32, 82% bullish)
04:04:26 | DEBUG    | Skipping ema_cross_short (XRPUSD) — short blocked (US Non-ECP margin restriction)
04:04:26 | DEBUG    | Skipping ema_cross_short (BNBUSD) — short blocked (US Non-ECP margin restriction)
04:04:26 | DEBUG    | Skipping ema_cross_short (TAOUSD) — short blocked (US Non-ECP margin restriction)
04:04:26 | DEBUG    | Skipping ema_cross_short (LTCUSD) — short blocked (US Non-ECP margin restriction)
04:04:26 | INFO     | [BLACKLIST] RAVEUSD in mandatory cooldown (6.9h hard, 6.9h total) — skipping dip_buy_5pct
04:04:26 | DEBUG    | Skipping ema_cross_short (LINKUSD) — short blocked (US Non-ECP margin restriction)
04:04:26 | INFO     | [BLACKLIST] RAVEUSD in mandatory cooldown (6.9h hard, 6.9h total) — skipping distribution_short
04:04:26 | INFO     | [2026-04-22 04:04:26] CYCLE #4903 | F&G: 32 (Neutral) | Allocation: Grid 0% / Active 100%
04:04:26 | INFO     | Balance: $341.25 (start: $300.00, +13.7%) | Grid: $0.00 | Active: $273.15
04:04:26 | INFO     | Grid: 0 positions across 40 pairs | 0 round trips | $0.00 profit
04:04:26 | INFO     | Active: 1/8 positions open
04:04:26 | INFO     |   → HYPEUSD long +1.3% (btc_alt_spread, 15.3h held)
04:04:26 | INFO     | Signals this cycle: buy_btc_leading ZECUSD (score 22.4), simple_buy_uptrend XMRUSD (score 17.4), ema_cross_short XMRUSD (score 10.0)
04:04:26 | INFO     | MTF: 18% bearish 4h, 82% bullish 4h | Avg 4h RSI: 64.2
04:04:26 | INFO     | Tool streaks: entropy_dip L5
04:04:26 | INFO     | Cycle took 10.4s, sleeping 289.6s
04:04:26 | INFO     | ════════════════════════════════════════════════════════════════════════════════
04:04:34 | INFO     | 💰 VOLUME SPIKE: XRPUSD 4.5x normal volume
04:04:36 | INFO     | 🔌 Real-time event during sleep! Processing...
04:05:15 | INFO     | 💰 VOLUME SPIKE: ADAUSD 3.2x normal volume
04:05:16 | INFO     | 🔌 Real-time event during sleep! Processing...
04:05:24 | INFO     | 💰 VOLUME SPIKE: XLMUSD 3.9x normal volume
04:05:26 | INFO     | 🔌 Real-time event during sleep! Processing...
04:05:28 | INFO     | 💰 VOLUME SPIKE: AAVEUSD 5.0x normal volume
04:05:36 | INFO     | 🔌 Real-time event during sleep! Processing...
04:05:43 | INFO     | 💰 VOLUME SPIKE: FILUSD 5.0x normal volume
04:05:46 | INFO     | 🔌 Real-time event during sleep! Processing...
04:09:16 | INFO     | ════════════════════════════════════════════════════════════════════════════════
04:09:28 | INFO     | 💰 Kraken account balance: $341.28
04:09:28 | INFO     | [VOLATILITY] Scanning 659 USD pairs for volatility...
04:09:31 | INFO     | [VOLATILITY] Selected 20 pairs (from 10 liquid). Top 5: RAVEUSD (score=0.46, vol=73.1%, pos=28%), XXMRZUSD (score=0.10, vol=8.3%, pos=88%), XZECZUSD (score=0.08, vol=9.5%, pos=54%), XETHZUSD (score=0.07, vol=5.7%, pos=82%), XXBTZUSD (score=0.06, vol=4.8%, pos=91%)
04:09:31 | INFO     | [STACK] JITOSOLUSD short: 2 tools (ema_cross_short+entropy_short) → score 7.4 × 1.3 = 9.6
04:09:31 | INFO     | [STACK] XMRUSD short: 3 tools (ema_cross_short+alt_btc_revert_t3+distribution_short) → score 6.3 × 1.6 = 10.1
04:09:31 | INFO     | [STACK] XBTUSD short: 2 tools (ema_cross_short+entropy_short) → score 7.2 × 1.3 = 9.4
04:09:31 | INFO     | Skipping buy_btc_leading (ZECUSD) - bull tool blocked in fear/bear (F&G=32, 82% bullish)
04:09:31 | INFO     | Skipping simple_buy_uptrend (XMRUSD) - bull tool blocked in fear/bear (F&G=32, 82% bullish)
04:09:31 | DEBUG    | Skipping ema_cross_short (XMRUSD) — short blocked (US Non-ECP margin restriction)
04:09:31 | INFO     | Skipping simple_buy_uptrend (XRPUSD) - bull tool blocked in fear/bear (F&G=32, 82% bullish)
04:09:31 | DEBUG    | Skipping ema_cross_short (JITOSOLUSD) — short blocked (US Non-ECP margin restriction)
04:09:31 | DEBUG    | Skipping ema_cross_short (XBTUSD) — short blocked (US Non-ECP margin restriction)
04:09:31 | DEBUG    | Skipping ema_cross_short (ETHUSD) — short blocked (US Non-ECP margin restriction)
04:09:31 | DEBUG    | Skipping ema_cross_short (SOLUSD) — short blocked (US Non-ECP margin restriction)
04:09:31 | DEBUG    | Skipping ema_cross_short (DOTUSD) — short blocked (US Non-ECP margin restriction)
04:09:31 | DEBUG    | Skipping ema_cross_short (ADAUSD) — short blocked (US Non-ECP margin restriction)
04:09:31 | DEBUG    | Skipping ema_cross_short (AVAXUSD) — short blocked (US Non-ECP margin restriction)
04:09:31 | DEBUG    | Skipping ema_cross_short (ZECUSD) — short blocked (US Non-ECP margin restriction)
04:09:31 | INFO     | Skipping simple_buy_uptrend (LINKUSD) - bull tool blocked in fear/bear (F&G=32, 82% bullish)
04:09:31 | DEBUG    | Skipping ema_cross_short (XRPUSD) — short blocked (US Non-ECP margin restriction)
04:09:31 | DEBUG    | Skipping ema_cross_short (TAOUSD) — short blocked (US Non-ECP margin restriction)
04:09:31 | DEBUG    | Skipping ema_cross_short (BNBUSD) — short blocked (US Non-ECP margin restriction)
04:09:31 | DEBUG    | Skipping ema_cross_short (LTCUSD) — short blocked (US Non-ECP margin restriction)
04:09:31 | DEBUG    | Skipping ema_cross_short (LINKUSD) — short blocked (US Non-ECP margin restriction)
04:09:31 | INFO     | [BLACKLIST] RAVEUSD in mandatory cooldown (6.8h hard, 6.8h total) — skipping distribution_short
04:09:31 | INFO     | [BLACKLIST] RAVEUSD in mandatory cooldown (6.8h hard, 6.8h total) — skipping dip_buy_5pct
04:09:31 | INFO     | [2026-04-22 04:09:31] CYCLE #4904 | F&G: 32 (Neutral) | Allocation: Grid 0% / Active 100%
04:09:31 | INFO     | Balance: $341.28 (start: $300.00, +13.8%) | Grid: $0.00 | Active: $273.18
04:09:31 | INFO     | Grid: 0 positions across 40 pairs | 0 round trips | $0.00 profit
04:09:31 | INFO     | Active: 1/8 positions open
04:09:31 | INFO     |   → HYPEUSD long +1.3% (btc_alt_spread, 15.3h held)
04:09:31 | INFO     | Signals this cycle: buy_btc_leading ZECUSD (score 22.5), simple_buy_uptrend XMRUSD (score 17.4), ema_cross_short XMRUSD (score 10.1)
04:09:31 | INFO     | MTF: 18% bearish 4h, 82% bullish 4h | Avg 4h RSI: 64.6
04:09:31 | INFO     | Tool streaks: entropy_dip L5
04:09:31 | INFO     | Cycle took 14.7s, sleeping 285.3s
04:09:31 | INFO     | ════════════════════════════════════════════════════════════════════════════════
04:09:48 | INFO     | 💰 VOLUME SPIKE: ETHUSD 3.0x normal volume
04:09:51 | INFO     | 🔌 Real-time event during sleep! Processing...
04:10:00 | INFO     | 💰 VOLUME SPIKE: UNIUSD 3.9x normal volume
04:10:01 | INFO     | 🔌 Real-time event during sleep! Processing...
04:10:40 | INFO     | 💰 VOLUME SPIKE: LINKUSD 5.0x normal volume
04:10:41 | INFO     | 🔌 Real-time event during sleep! Processing...
04:11:45 | INFO     | 💰 VOLUME SPIKE: LTCUSD 3.3x normal volume
04:11:51 | INFO     | 🔌 Real-time event during sleep! Processing...
04:12:55 | INFO     | 💰 VOLUME SPIKE: XBTUSD 4.6x normal volume
04:13:01 | INFO     | 🔌 Real-time event during sleep! Processing...
04:14:16 | INFO     | ════════════════════════════════════════════════════════════════════════════════
04:14:29 | INFO     | 💰 Kraken account balance: $341.28
04:14:29 | INFO     | [STACK] JITOSOLUSD short: 2 tools (ema_cross_short+entropy_short) → score 7.4 × 1.3 = 9.6
04:14:29 | INFO     | [STACK] XMRUSD short: 3 tools (ema_cross_short+alt_btc_revert_t3+distribution_short) → score 6.3 × 1.6 = 10.1
04:14:29 | INFO     | [STACK] XBTUSD short: 2 tools (ema_cross_short+entropy_short) → score 7.3 × 1.3 = 9.4
04:14:29 | INFO     | Skipping buy_btc_leading (ZECUSD) - bull tool blocked in fear/bear (F&G=32, 82% bullish)
04:14:29 | INFO     | Skipping simple_buy_uptrend (XMRUSD) - bull tool blocked in fear/bear (F&G=32, 82% bullish)
04:14:29 | DEBUG    | Skipping ema_cross_short (XMRUSD) — short blocked (US Non-ECP margin restriction)
04:14:29 | INFO     | Skipping simple_buy_uptrend (XRPUSD) - bull tool blocked in fear/bear (F&G=32, 82% bullish)
04:14:29 | DEBUG    | Skipping ema_cross_short (JITOSOLUSD) — short blocked (US Non-ECP margin restriction)
04:14:29 | DEBUG    | Skipping ema_cross_short (XBTUSD) — short blocked (US Non-ECP margin restriction)
04:14:29 | DEBUG    | Skipping ema_cross_short (ETHUSD) — short blocked (US Non-ECP margin restriction)
04:14:29 | DEBUG    | Skipping ema_cross_short (DOTUSD) — short blocked (US Non-ECP margin restriction)
04:14:29 | DEBUG    | Skipping ema_cross_short (SOLUSD) — short blocked (US Non-ECP margin restriction)
04:14:29 | DEBUG    | Skipping ema_cross_short (ADAUSD) — short blocked (US Non-ECP margin restriction)
04:14:29 | DEBUG    | Skipping ema_cross_short (AVAXUSD) — short blocked (US Non-ECP margin restriction)
04:14:29 | DEBUG    | Skipping ema_cross_short (ZECUSD) — short blocked (US Non-ECP margin restriction)
04:14:29 | INFO     | Skipping simple_buy_uptrend (LINKUSD) - bull tool blocked in fear/bear (F&G=32, 82% bullish)
04:14:29 | DEBUG    | Skipping ema_cross_short (TAOUSD) — short blocked (US Non-ECP margin restriction)
04:14:29 | DEBUG    | Skipping ema_cross_short (XRPUSD) — short blocked (US Non-ECP margin restriction)
04:14:29 | DEBUG    | Skipping ema_cross_short (BNBUSD) — short blocked (US Non-ECP margin restriction)
04:14:29 | DEBUG    | Skipping ema_cross_short (LTCUSD) — short blocked (US Non-ECP margin restriction)
04:14:29 | DEBUG    | Skipping ema_cross_short (LINKUSD) — short blocked (US Non-ECP margin restriction)
04:14:29 | INFO     | [BLACKLIST] RAVEUSD in mandatory cooldown (6.8h hard, 6.8h total) — skipping dip_buy_5pct
04:14:29 | INFO     | [BLACKLIST] RAVEUSD in mandatory cooldown (6.8h hard, 6.8h total) — skipping distribution_short
04:14:29 | INFO     | [2026-04-22 04:14:29] CYCLE #4905 | F&G: 32 (Neutral) | Allocation: Grid 0% / Active 100%
04:14:29 | INFO     | Balance: $341.28 (start: $300.00, +13.8%) | Grid: $0.00 | Active: $273.18
04:14:29 | INFO     | Grid: 0 positions across 40 pairs | 0 round trips | $0.00 profit
04:14:29 | INFO     | Active: 1/8 positions open
04:14:29 | INFO     |   → HYPEUSD long +1.3% (btc_alt_spread, 15.4h held)
04:14:29 | INFO     | Signals this cycle: buy_btc_leading ZECUSD (score 22.7), simple_buy_uptrend XMRUSD (score 17.4), ema_cross_short XMRUSD (score 10.1)
04:14:29 | INFO     | MTF: 18% bearish 4h, 82% bullish 4h | Avg 4h RSI: 64.9
04:14:29 | INFO     | Tool streaks: entropy_dip L5
04:14:29 | INFO     | Cycle took 12.8s, sleeping 287.2s
04:14:29 | INFO     | ════════════════════════════════════════════════════════════════════════════════
04:15:27 | INFO     | 💰 VOLUME SPIKE: NEARUSD 5.0x normal volume
04:15:29 | INFO     | 🔌 Real-time event during sleep! Processing...
04:16:10 | INFO     | 💰 VOLUME SPIKE: AVAXUSD 4.8x normal volume
04:16:19 | INFO     | 🔌 Real-time event during sleep! Processing...
04:16:23 | INFO     | 💰 VOLUME SPIKE: ADAUSD 4.3x normal volume
04:16:29 | INFO     | 🔌 Real-time event during sleep! Processing...
04:16:32 | INFO     | 💰 VOLUME SPIKE: XRPUSD 3.6x normal volume
04:16:39 | INFO     | 🔌 Real-time event during sleep! Processing...
04:16:42 | INFO     | 💰 VOLUME SPIKE: SOLUSD 3.7x normal volume
04:16:49 | INFO     | 🔌 Real-time event during sleep! Processing...
04:18:21 | INFO     | 💰 VOLUME SPIKE: XLMUSD 4.5x normal volume
04:18:29 | INFO     | 🔌 Real-time event during sleep! Processing...
04:19:11 | INFO     | 💰 VOLUME SPIKE: ATOMUSD 3.9x normal volume
04:19:16 | INFO     | 🔌 Real-time event during sleep! Processing...
04:19:16 | INFO     | ════════════════════════════════════════════════════════════════════════════════
04:19:29 | INFO     | 💰 Kraken account balance: $341.37
04:19:29 | INFO     | [STACK] JITOSOLUSD short: 2 tools (ema_cross_short+entropy_short) → score 7.4 × 1.3 = 9.6
04:19:29 | INFO     | [STACK] XMRUSD short: 3 tools (ema_cross_short+alt_btc_revert_t3+distribution_short) → score 6.3 × 1.6 = 10.2
04:19:29 | INFO     | [STACK] XBTUSD short: 2 tools (ema_cross_short+entropy_short) → score 7.3 × 1.3 = 9.4
04:19:29 | INFO     | Skipping buy_btc_leading (ZECUSD) - bull tool blocked in fear/bear (F&G=32, 82% bullish)
04:19:29 | INFO     | Skipping simple_buy_uptrend (XMRUSD) - bull tool blocked in fear/bear (F&G=32, 82% bullish)
04:19:29 | DEBUG    | Skipping ema_cross_short (XMRUSD) — short blocked (US Non-ECP margin restriction)
04:19:29 | INFO     | Skipping simple_buy_uptrend (XRPUSD) - bull tool blocked in fear/bear (F&G=32, 82% bullish)
04:19:29 | DEBUG    | Skipping ema_cross_short (JITOSOLUSD) — short blocked (US Non-ECP margin restriction)
04:19:29 | DEBUG    | Skipping ema_cross_short (XBTUSD) — short blocked (US Non-ECP margin restriction)
04:19:29 | DEBUG    | Skipping ema_cross_short (ETHUSD) — short blocked (US Non-ECP margin restriction)
04:19:29 | DEBUG    | Skipping ema_cross_short (DOTUSD) — short blocked (US Non-ECP margin restriction)
04:19:29 | DEBUG    | Skipping ema_cross_short (SOLUSD) — short blocked (US Non-ECP margin restriction)
04:19:29 | DEBUG    | Skipping ema_cross_short (ADAUSD) — short blocked (US Non-ECP margin restriction)
04:19:29 | DEBUG    | Skipping ema_cross_short (AVAXUSD) — short blocked (US Non-ECP margin restriction)
04:19:29 | DEBUG    | Skipping ema_cross_short (ZECUSD) — short blocked (US Non-ECP margin restriction)
04:19:29 | INFO     | Skipping simple_buy_uptrend (LINKUSD) - bull tool blocked in fear/bear (F&G=32, 82% bullish)
04:19:29 | DEBUG    | Skipping ema_cross_short (TAOUSD) — short blocked (US Non-ECP margin restriction)
04:19:29 | DEBUG    | Skipping ema_cross_short (XRPUSD) — short blocked (US Non-ECP margin restriction)
04:19:29 | DEBUG    | Skipping ema_cross_short (BNBUSD) — short blocked (US Non-ECP margin restriction)
04:19:29 | DEBUG    | Skipping ema_cross_short (LTCUSD) — short blocked (US Non-ECP margin restriction)
04:19:29 | DEBUG    | Skipping ema_cross_short (LINKUSD) — short blocked (US Non-ECP margin restriction)
04:19:29 | INFO     | [BLACKLIST] RAVEUSD in mandatory cooldown (6.7h hard, 6.7h total) — skipping distribution_short
04:19:29 | INFO     | [BLACKLIST] RAVEUSD in mandatory cooldown (6.7h hard, 6.7h total) — skipping dip_buy_5pct
04:19:29 | INFO     | [2026-04-22 04:19:29] CYCLE #4906 | F&G: 32 (Neutral) | Allocation: Grid 0% / Active 100%
04:19:29 | INFO     | Balance: $341.37 (start: $300.00, +13.8%) | Grid: $0.00 | Active: $273.27
04:19:29 | INFO     | Grid: 0 positions across 40 pairs | 0 round trips | $0.00 profit
04:19:29 | INFO     | Active: 1/8 positions open
04:19:29 | INFO     |   → HYPEUSD long +1.5% (btc_alt_spread, 15.5h held)
04:19:29 | INFO     | Signals this cycle: buy_btc_leading ZECUSD (score 22.6), simple_buy_uptrend XMRUSD (score 17.5), ema_cross_short XMRUSD (score 10.2)
04:19:29 | INFO     | MTF: 18% bearish 4h, 82% bullish 4h | Avg 4h RSI: 64.9
04:19:29 | INFO     | Tool streaks: entropy_dip L5
04:19:29 | INFO     | Cycle took 12.6s, sleeping 287.4s
04:19:29 | INFO     | ════════════════════════════════════════════════════════════════════════════════
04:22:11 | INFO     | 💰 VOLUME SPIKE: ETHUSD 3.8x normal volume
04:22:19 | INFO     | 🔌 Real-time event during sleep! Processing...
04:22:59 | INFO     | 💰 VOLUME SPIKE: DOTUSD 3.2x normal volume
04:22:59 | INFO     | 🔌 Real-time event during sleep! Processing...
04:23:00 | INFO     | 💰 VOLUME SPIKE: FILUSD 5.0x normal volume
04:23:09 | INFO     | 🔌 Real-time event during sleep! Processing...
04:23:39 | INFO     | 💰 VOLUME SPIKE: LINKUSD 4.7x normal volume
04:23:39 | INFO     | 🔌 Real-time event during sleep! Processing...
04:24:17 | INFO     | ════════════════════════════════════════════════════════════════════════════════
04:24:28 | INFO     | 💰 Kraken account balance: $341.31
04:24:28 | INFO     | [STACK] JITOSOLUSD short: 2 tools (ema_cross_short+entropy_short) → score 7.4 × 1.3 = 9.6
04:24:29 | INFO     | [STACK] XMRUSD short: 3 tools (ema_cross_short+alt_btc_revert_t3+distribution_short) → score 6.3 × 1.6 = 10.1
04:24:29 | INFO     | [STACK] XBTUSD short: 2 tools (ema_cross_short+entropy_short) → score 7.2 × 1.3 = 9.3
04:24:29 | INFO     | Skipping buy_btc_leading (ZECUSD) - bull tool blocked in fear/bear (F&G=32, 82% bullish)
04:24:29 | INFO     | Skipping simple_buy_uptrend (XMRUSD) - bull tool blocked in fear/bear (F&G=32, 82% bullish)
04:24:29 | DEBUG    | Skipping ema_cross_short (XMRUSD) — short blocked (US Non-ECP margin restriction)
04:24:29 | INFO     | Skipping simple_buy_uptrend (XRPUSD) - bull tool blocked in fear/bear (F&G=32, 82% bullish)
04:24:29 | DEBUG    | Skipping ema_cross_short (JITOSOLUSD) — short blocked (US Non-ECP margin restriction)
04:24:29 | DEBUG    | Skipping ema_cross_short (XBTUSD) — short blocked (US Non-ECP margin restriction)
04:24:29 | DEBUG    | Skipping ema_cross_short (ETHUSD) — short blocked (US Non-ECP margin restriction)
04:24:29 | DEBUG    | Skipping ema_cross_short (DOTUSD) — short blocked (US Non-ECP margin restriction)
04:24:29 | DEBUG    | Skipping ema_cross_short (SOLUSD) — short blocked (US Non-ECP margin restriction)
04:24:29 | DEBUG    | Skipping ema_cross_short (ADAUSD) — short blocked (US Non-ECP margin restriction)
04:24:29 | DEBUG    | Skipping ema_cross_short (AVAXUSD) — short blocked (US Non-ECP margin restriction)
04:24:29 | DEBUG    | Skipping ema_cross_short (TAOUSD) — short blocked (US Non-ECP margin restriction)
04:24:29 | DEBUG    | Skipping ema_cross_short (ZECUSD) — short blocked (US Non-ECP margin restriction)
04:24:29 | INFO     | Skipping simple_buy_uptrend (LINKUSD) - bull tool blocked in fear/bear (F&G=32, 82% bullish)
04:24:29 | DEBUG    | Skipping ema_cross_short (XRPUSD) — short blocked (US Non-ECP margin restriction)
04:24:29 | DEBUG    | Skipping ema_cross_short (BNBUSD) — short blocked (US Non-ECP margin restriction)
04:24:29 | DEBUG    | Skipping ema_cross_short (LTCUSD) — short blocked (US Non-ECP margin restriction)
04:24:29 | DEBUG    | Skipping ema_cross_short (LINKUSD) — short blocked (US Non-ECP margin restriction)
04:24:29 | INFO     | [BLACKLIST] RAVEUSD in mandatory cooldown (6.6h hard, 6.6h total) — skipping distribution_short
04:24:29 | INFO     | [BLACKLIST] RAVEUSD in mandatory cooldown (6.6h hard, 6.6h total) — skipping dip_buy_5pct
04:24:29 | INFO     | [2026-04-22 04:24:29] CYCLE #4907 | F&G: 32 (Neutral) | Allocation: Grid 0% / Active 100%
04:24:29 | INFO     | Balance: $341.31 (start: $300.00, +13.8%) | Grid: $0.00 | Active: $273.21
04:24:29 | INFO     | Grid: 0 positions across 40 pairs | 0 round trips | $0.00 profit
04:24:29 | INFO     | Active: 1/8 positions open
04:24:29 | INFO     |   → HYPEUSD long +1.4% (btc_alt_spread, 15.6h held)
04:24:29 | INFO     | Signals this cycle: buy_btc_leading ZECUSD (score 22.6), simple_buy_uptrend XMRUSD (score 17.5), ema_cross_short XMRUSD (score 10.1)
04:24:29 | INFO     | MTF: 18% bearish 4h, 82% bullish 4h | Avg 4h RSI: 64.4
04:24:29 | INFO     | Tool streaks: entropy_dip L5
04:24:29 | INFO     | Cycle took 11.8s, sleeping 288.2s
04:24:29 | INFO     | ════════════════════════════════════════════════════════════════════════════════
04:24:36 | INFO     | 💰 VOLUME SPIKE: AAVEUSD 5.0x normal volume
04:24:39 | INFO     | 🔌 Real-time event during sleep! Processing...
04:26:43 | INFO     | 💰 VOLUME SPIKE: UNIUSD 5.0x normal volume
04:26:49 | INFO     | 🔌 Real-time event during sleep! Processing...
04:27:25 | INFO     | 💰 VOLUME SPIKE: ADAUSD 3.9x normal volume
04:27:29 | INFO     | 🔌 Real-time event during sleep! Processing...
04:28:07 | INFO     | 💰 VOLUME SPIKE: AVAXUSD 4.8x normal volume
04:28:09 | INFO     | 🔌 Real-time event during sleep! Processing...
04:29:17 | INFO     | ════════════════════════════════════════════════════════════════════════════════
04:29:28 | INFO     | 💰 Kraken account balance: $341.16
04:29:28 | INFO     | [STACK] JITOSOLUSD short: 2 tools (ema_cross_short+entropy_short) → score 7.4 × 1.3 = 9.6
04:29:28 | INFO     | [STACK] XMRUSD short: 2 tools (ema_cross_short+distribution_short) → score 6.5 × 1.3 = 8.4
04:29:28 | INFO     | [STACK] XBTUSD short: 2 tools (ema_cross_short+entropy_short) → score 7.2 × 1.3 = 9.3
04:29:28 | INFO     | Skipping buy_btc_leading (ZECUSD) - bull tool blocked in fear/bear (F&G=32, 82% bullish)
04:29:28 | INFO     | Skipping simple_buy_uptrend (XMRUSD) - bull tool blocked in fear/bear (F&G=32, 82% bullish)
04:29:28 | INFO     | Skipping simple_buy_uptrend (XRPUSD) - bull tool blocked in fear/bear (F&G=32, 82% bullish)
04:29:28 | DEBUG    | Skipping ema_cross_short (JITOSOLUSD) — short blocked (US Non-ECP margin restriction)
04:29:28 | DEBUG    | Skipping ema_cross_short (XBTUSD) — short blocked (US Non-ECP margin restriction)
04:29:28 | DEBUG    | Skipping ema_cross_short (XMRUSD) — short blocked (US Non-ECP margin restriction)
04:29:28 | DEBUG    | Skipping ema_cross_short (ETHUSD) — short blocked (US Non-ECP margin restriction)
04:29:28 | DEBUG    | Skipping ema_cross_short (DOTUSD) — short blocked (US Non-ECP margin restriction)
04:29:28 | DEBUG    | Skipping ema_cross_short (ADAUSD) — short blocked (US Non-ECP margin restriction)
04:29:28 | DEBUG    | Skipping ema_cross_short (SOLUSD) — short blocked (US Non-ECP margin restriction)
04:29:28 | DEBUG    | Skipping ema_cross_short (AVAXUSD) — short blocked (US Non-ECP margin restriction)
04:29:28 | DEBUG    | Skipping ema_cross_short (ZECUSD) — short blocked (US Non-ECP margin restriction)
04:29:28 | DEBUG    | Skipping ema_cross_short (TAOUSD) — short blocked (US Non-ECP margin restriction)
04:29:28 | INFO     | Skipping simple_buy_uptrend (LINKUSD) - bull tool blocked in fear/bear (F&G=32, 82% bullish)
04:29:28 | DEBUG    | Skipping ema_cross_short (XRPUSD) — short blocked (US Non-ECP margin restriction)
04:29:28 | DEBUG    | Skipping ema_cross_short (BNBUSD) — short blocked (US Non-ECP margin restriction)
04:29:28 | DEBUG    | Skipping ema_cross_short (LTCUSD) — short blocked (US Non-ECP margin restriction)
04:29:28 | DEBUG    | Skipping ema_cross_short (LINKUSD) — short blocked (US Non-ECP margin restriction)
04:29:28 | INFO     | [BLACKLIST] RAVEUSD in mandatory cooldown (6.5h hard, 6.5h total) — skipping distribution_short
04:29:28 | INFO     | [2026-04-22 04:29:28] CYCLE #4908 | F&G: 32 (Neutral) | Allocation: Grid 0% / Active 100%
04:29:28 | INFO     | Balance: $341.16 (start: $300.00, +13.7%) | Grid: $0.00 | Active: $273.06
04:29:28 | INFO     | Grid: 0 positions across 40 pairs | 0 round trips | $0.00 profit
04:29:28 | INFO     | Active: 1/8 positions open
04:29:28 | INFO     |   → HYPEUSD long +1.2% (btc_alt_spread, 15.7h held)
04:29:28 | INFO     | Signals this cycle: buy_btc_leading ZECUSD (score 22.5), simple_buy_uptrend XMRUSD (score 17.8), simple_buy_uptrend XRPUSD (score 9.6)
04:29:28 | INFO     | MTF: 18% bearish 4h, 82% bullish 4h | Avg 4h RSI: 64.4
04:29:28 | INFO     | Tool streaks: entropy_dip L5
04:29:28 | INFO     | Cycle took 10.9s, sleeping 289.1s
04:29:28 | INFO     | ════════════════════════════════════════════════════════════════════════════════
04:30:08 | INFO     | 💰 VOLUME SPIKE: SOLUSD 3.6x normal volume
04:30:17 | INFO     | 💰 VOLUME SPIKE: LTCUSD 4.3x normal volume
04:30:18 | INFO     | 🔌 Real-time event during sleep! Processing...
04:30:37 | INFO     | 💰 VOLUME SPIKE: NEARUSD 4.9x normal volume
04:30:38 | INFO     | 🔌 Real-time event during sleep! Processing...
04:32:38 | INFO     | 💰 VOLUME SPIKE: ATOMUSD 5.0x normal volume
04:32:48 | INFO     | 🔌 Real-time event during sleep! Processing...
04:34:17 | INFO     | ════════════════════════════════════════════════════════════════════════════════
04:34:29 | INFO     | 💰 Kraken account balance: $341.18
04:34:29 | INFO     | [STACK] JITOSOLUSD short: 2 tools (ema_cross_short+entropy_short) → score 7.4 × 1.3 = 9.6
04:34:29 | INFO     | [STACK] XMRUSD short: 2 tools (ema_cross_short+distribution_short) → score 6.5 × 1.3 = 8.5
04:34:29 | INFO     | Skipping buy_btc_leading (ZECUSD) - bull tool blocked in fear/bear (F&G=32, 82% bullish)
04:34:29 | INFO     | Skipping simple_buy_uptrend (XMRUSD) - bull tool blocked in fear/bear (F&G=32, 82% bullish)
04:34:29 | DEBUG    | Skipping ema_cross_short (JITOSOLUSD) — short blocked (US Non-ECP margin restriction)
04:34:29 | INFO     | Skipping simple_buy_uptrend (XRPUSD) - bull tool blocked in fear/bear (F&G=32, 82% bullish)
04:34:29 | DEBUG    | Skipping ema_cross_short (XMRUSD) — short blocked (US Non-ECP margin restriction)
04:34:29 | DEBUG    | Skipping ema_cross_short (ETHUSD) — short blocked (US Non-ECP margin restriction)
04:34:29 | DEBUG    | Skipping ema_cross_short (DOTUSD) — short blocked (US Non-ECP margin restriction)
04:34:29 | DEBUG    | Skipping ema_cross_short (XBTUSD) — short blocked (US Non-ECP margin restriction)
04:34:29 | DEBUG    | Skipping ema_cross_short (ADAUSD) — short blocked (US Non-ECP margin restriction)
04:34:29 | DEBUG    | Skipping ema_cross_short (SOLUSD) — short blocked (US Non-ECP margin restriction)
04:34:29 | DEBUG    | Skipping ema_cross_short (AVAXUSD) — short blocked (US Non-ECP margin restriction)
04:34:29 | DEBUG    | Skipping ema_cross_short (ZECUSD) — short blocked (US Non-ECP margin restriction)
04:34:29 | DEBUG    | Skipping ema_cross_short (TAOUSD) — short blocked (US Non-ECP margin restriction)
04:34:29 | DEBUG    | Skipping ema_cross_short (XRPUSD) — short blocked (US Non-ECP margin restriction)
04:34:29 | DEBUG    | Skipping ema_cross_short (BNBUSD) — short blocked (US Non-ECP margin restriction)
04:34:29 | INFO     | Skipping simple_buy_uptrend (LINKUSD) - bull tool blocked in fear/bear (F&G=32, 82% bullish)
04:34:29 | DEBUG    | Skipping ema_cross_short (LTCUSD) — short blocked (US Non-ECP margin restriction)
04:34:29 | DEBUG    | Skipping ema_cross_short (LINKUSD) — short blocked (US Non-ECP margin restriction)
04:34:29 | INFO     | [BLACKLIST] RAVEUSD in mandatory cooldown (6.4h hard, 6.4h total) — skipping distribution_short
04:34:29 | INFO     | [BLACKLIST] RAVEUSD in mandatory cooldown (6.4h hard, 6.4h total) — skipping dip_buy_5pct
04:34:29 | INFO     | [2026-04-22 04:34:29] CYCLE #4909 | F&G: 32 (Neutral) | Allocation: Grid 0% / Active 100%
04:34:29 | INFO     | Balance: $341.18 (start: $300.00, +13.7%) | Grid: $0.00 | Active: $273.08
04:34:29 | INFO     | Grid: 0 positions across 40 pairs | 0 round trips | $0.00 profit
04:34:29 | INFO     | Active: 1/8 positions open
04:34:29 | INFO     |   → HYPEUSD long +1.2% (btc_alt_spread, 15.8h held)
04:34:29 | INFO     | Signals this cycle: buy_btc_leading ZECUSD (score 22.6), simple_buy_uptrend XMRUSD (score 17.9), ema_cross_short JITOSOLUSD (score 9.6)
04:34:29 | INFO     | MTF: 18% bearish 4h, 82% bullish 4h | Avg 4h RSI: 63.4
04:34:29 | INFO     | Tool streaks: entropy_dip L5
04:34:29 | INFO     | Cycle took 11.7s, sleeping 288.3s
04:34:29 | INFO     | ════════════════════════════════════════════════════════════════════════════════
04:35:22 | INFO     | 💰 VOLUME SPIKE: XLMUSD 3.9x normal volume
04:35:29 | INFO     | 🔌 Real-time event during sleep! Processing...
04:35:41 | INFO     | 💰 VOLUME SPIKE: AAVEUSD 5.0x normal volume
04:35:49 | INFO     | 🔌 Real-time event during sleep! Processing...
04:35:57 | INFO     | 💰 VOLUME SPIKE: XRPUSD 3.5x normal volume
04:35:59 | INFO     | 🔌 Real-time event during sleep! Processing...
04:37:13 | INFO     | 💰 VOLUME SPIKE: FILUSD 5.0x normal volume
04:37:19 | INFO     | 🔌 Real-time event during sleep! Processing...
04:37:51 | INFO     | 💰 VOLUME SPIKE: DOTUSD 4.3x normal volume
04:37:51 | INFO     | 💰 VOLUME SPIKE: UNIUSD 4.9x normal volume
04:37:59 | INFO     | 🔌 Real-time event during sleep! Processing...
04:38:12 | INFO     | 💰 VOLUME SPIKE: LINKUSD 4.1x normal volume
04:38:19 | INFO     | 🔌 Real-time event during sleep! Processing...
04:38:19 | INFO     | 💰 VOLUME SPIKE: ETHUSD 3.1x normal volume
04:38:29 | INFO     | 🔌 Real-time event during sleep! Processing...
04:38:53 | INFO     | 💰 VOLUME SPIKE: ADAUSD 5.0x normal volume
04:38:59 | INFO     | 🔌 Real-time event during sleep! Processing...
04:39:17 | INFO     | ════════════════════════════════════════════════════════════════════════════════
04:39:28 | INFO     | 💰 Kraken account balance: $341.28
04:39:28 | INFO     | [STACK] JITOSOLUSD short: 2 tools (ema_cross_short+entropy_short) → score 7.4 × 1.3 = 9.6
04:39:28 | INFO     | [STACK] XMRUSD short: 2 tools (ema_cross_short+distribution_short) → score 6.5 × 1.3 = 8.5
04:39:28 | INFO     | [STACK] ADAUSD short: 2 tools (ema_cross_short+entropy_short) → score 6.9 × 1.3 = 8.9
04:39:28 | INFO     | [STACK] XBTUSD short: 2 tools (ema_cross_short+entropy_short) → score 7.1 × 1.3 = 9.3
04:39:28 | INFO     | Skipping buy_btc_leading (ZECUSD) - bull tool blocked in fear/bear (F&G=32, 82% bullish)
04:39:28 | INFO     | Skipping simple_buy_uptrend (XMRUSD) - bull tool blocked in fear/bear (F&G=32, 82% bullish)
04:39:28 | DEBUG    | Skipping ema_cross_short (JITOSOLUSD) — short blocked (US Non-ECP margin restriction)
04:39:28 | INFO     | Skipping simple_buy_uptrend (XRPUSD) - bull tool blocked in fear/bear (F&G=32, 82% bullish)
04:39:28 | DEBUG    | Skipping ema_cross_short (XBTUSD) — short blocked (US Non-ECP margin restriction)
04:39:28 | DEBUG    | Skipping ema_cross_short (ADAUSD) — short blocked (US Non-ECP margin restriction)
04:39:28 | DEBUG    | Skipping ema_cross_short (XMRUSD) — short blocked (US Non-ECP margin restriction)
04:39:28 | DEBUG    | Skipping ema_cross_short (ETHUSD) — short blocked (US Non-ECP margin restriction)
04:39:28 | DEBUG    | Skipping ema_cross_short (DOTUSD) — short blocked (US Non-ECP margin restriction)
04:39:28 | DEBUG    | Skipping ema_cross_short (SOLUSD) — short blocked (US Non-ECP margin restriction)
04:39:28 | DEBUG    | Skipping ema_cross_short (AVAXUSD) — short blocked (US Non-ECP margin restriction)
04:39:28 | DEBUG    | Skipping ema_cross_short (ZECUSD) — short blocked (US Non-ECP margin restriction)
04:39:28 | DEBUG    | Skipping ema_cross_short (TAOUSD) — short blocked (US Non-ECP margin restriction)
04:39:28 | DEBUG    | Skipping ema_cross_short (XRPUSD) — short blocked (US Non-ECP margin restriction)
04:39:28 | INFO     | Skipping simple_buy_uptrend (LINKUSD) - bull tool blocked in fear/bear (F&G=32, 82% bullish)
04:39:28 | DEBUG    | Skipping ema_cross_short (BNBUSD) — short blocked (US Non-ECP margin restriction)
04:39:28 | DEBUG    | Skipping ema_cross_short (LTCUSD) — short blocked (US Non-ECP margin restriction)
04:39:28 | DEBUG    | Skipping ema_cross_short (LINKUSD) — short blocked (US Non-ECP margin restriction)
04:39:28 | INFO     | Skipping simple_buy_uptrend (BNBUSD) - bull tool blocked in fear/bear (F&G=32, 82% bullish)
04:39:28 | INFO     | [BLACKLIST] RAVEUSD in mandatory cooldown (6.3h hard, 6.3h total) — skipping distribution_short
04:39:28 | INFO     | [2026-04-22 04:39:28] CYCLE #4910 | F&G: 32 (Neutral) | Allocation: Grid 0% / Active 100%
04:39:28 | INFO     | Balance: $341.28 (start: $300.00, +13.8%) | Grid: $0.00 | Active: $273.18
04:39:28 | INFO     | Grid: 0 positions across 40 pairs | 0 round trips | $0.00 profit
04:39:28 | INFO     | Active: 1/8 positions open
04:39:28 | INFO     |   → HYPEUSD long +1.4% (btc_alt_spread, 15.8h held)
04:39:28 | INFO     | Signals this cycle: buy_btc_leading ZECUSD (score 22.6), simple_buy_uptrend XMRUSD (score 17.8), ema_cross_short JITOSOLUSD (score 9.6)
04:39:28 | INFO     | MTF: 18% bearish 4h, 82% bullish 4h | Avg 4h RSI: 63.3
04:39:28 | INFO     | Tool streaks: entropy_dip L5
04:39:28 | INFO     | Cycle took 10.3s, sleeping 289.7s
04:39:28 | INFO     | ════════════════════════════════════════════════════════════════════════════════
04:39:55 | INFO     | 💰 VOLUME SPIKE: AVAXUSD 4.7x normal volume
04:39:57 | INFO     | 💰 VOLUME SPIKE: XBTUSD 3.9x normal volume
04:39:58 | INFO     | 🔌 Real-time event during sleep! Processing...
04:40:46 | INFO     | 💰 VOLUME SPIKE: NEARUSD 3.8x normal volume
04:40:48 | INFO     | 🔌 Real-time event during sleep! Processing...
04:44:18 | INFO     | ════════════════════════════════════════════════════════════════════════════════
04:44:28 | INFO     | 💰 Kraken account balance: $341.35
04:44:28 | INFO     | [STACK] JITOSOLUSD short: 2 tools (ema_cross_short+entropy_short) → score 7.4 × 1.3 = 9.6
04:44:28 | INFO     | [STACK] XMRUSD short: 2 tools (ema_cross_short+distribution_short) → score 6.4 × 1.3 = 8.4
04:44:28 | INFO     | [STACK] ADAUSD short: 2 tools (ema_cross_short+entropy_short) → score 6.8 × 1.3 = 8.9
04:44:28 | INFO     | [STACK] XBTUSD short: 2 tools (ema_cross_short+entropy_short) → score 7.1 × 1.3 = 9.3
04:44:28 | INFO     | Skipping buy_btc_leading (ZECUSD) - bull tool blocked in fear/bear (F&G=32, 82% bullish)
04:44:28 | INFO     | Skipping simple_buy_uptrend (XMRUSD) - bull tool blocked in fear/bear (F&G=32, 82% bullish)
04:44:28 | DEBUG    | Skipping ema_cross_short (JITOSOLUSD) — short blocked (US Non-ECP margin restriction)
04:44:28 | INFO     | Skipping simple_buy_uptrend (XRPUSD) - bull tool blocked in fear/bear (F&G=32, 82% bullish)
04:44:28 | DEBUG    | Skipping ema_cross_short (XBTUSD) — short blocked (US Non-ECP margin restriction)
04:44:28 | DEBUG    | Skipping ema_cross_short (ADAUSD) — short blocked (US Non-ECP margin restriction)
04:44:28 | DEBUG    | Skipping ema_cross_short (XMRUSD) — short blocked (US Non-ECP margin restriction)
04:44:28 | INFO     | Skipping buy_btc_leading (TAOUSD) - bull tool blocked in fear/bear (F&G=32, 82% bullish)
04:44:28 | DEBUG    | Skipping ema_cross_short (ETHUSD) — short blocked (US Non-ECP margin restriction)
04:44:28 | DEBUG    | Skipping ema_cross_short (DOTUSD) — short blocked (US Non-ECP margin restriction)
04:44:28 | DEBUG    | Skipping ema_cross_short (SOLUSD) — short blocked (US Non-ECP margin restriction)
04:44:28 | DEBUG    | Skipping ema_cross_short (AVAXUSD) — short blocked (US Non-ECP margin restriction)
04:44:28 | DEBUG    | Skipping ema_cross_short (TAOUSD) — short blocked (US Non-ECP margin restriction)
04:44:28 | DEBUG    | Skipping ema_cross_short (XRPUSD) — short blocked (US Non-ECP margin restriction)
04:44:28 | DEBUG    | Skipping ema_cross_short (LTCUSD) — short blocked (US Non-ECP margin restriction)
04:44:28 | DEBUG    | Skipping ema_cross_short (BNBUSD) — short blocked (US Non-ECP margin restriction)
04:44:28 | DEBUG    | Skipping ema_cross_short (ZECUSD) — short blocked (US Non-ECP margin restriction)
04:44:28 | INFO     | Skipping simple_buy_uptrend (LINKUSD) - bull tool blocked in fear/bear (F&G=32, 82% bullish)
04:44:28 | INFO     | Skipping simple_buy_uptrend (BNBUSD) - bull tool blocked in fear/bear (F&G=32, 82% bullish)
04:44:28 | DEBUG    | Skipping ema_cross_short (LINKUSD) — short blocked (US Non-ECP margin restriction)
04:44:28 | INFO     | [BLACKLIST] RAVEUSD in mandatory cooldown (6.3h hard, 6.3h total) — skipping distribution_short
04:44:28 | INFO     | [2026-04-22 04:44:28] CYCLE #4911 | F&G: 32 (Neutral) | Allocation: Grid 0% / Active 100%
04:44:28 | INFO     | Balance: $341.35 (start: $300.00, +13.8%) | Grid: $0.00 | Active: $273.25
04:44:28 | INFO     | Grid: 0 positions across 40 pairs | 0 round trips | $0.00 profit
04:44:28 | INFO     | Active: 1/8 positions open
04:44:28 | INFO     |   → HYPEUSD long +1.4% (btc_alt_spread, 15.9h held)
04:44:28 | INFO     | Signals this cycle: buy_btc_leading ZECUSD (score 22.8), simple_buy_uptrend XMRUSD (score 17.7), ema_cross_short JITOSOLUSD (score 9.6)
04:44:28 | INFO     | MTF: 18% bearish 4h, 82% bullish 4h | Avg 4h RSI: 63.1
04:44:28 | INFO     | Tool streaks: entropy_dip L5
04:44:28 | INFO     | Cycle took 10.6s, sleeping 289.4s
04:44:28 | INFO     | ════════════════════════════════════════════════════════════════════════════════
04:44:38 | INFO     | 💰 VOLUME SPIKE: ATOMUSD 3.6x normal volume
04:44:38 | INFO     | 🔌 Real-time event during sleep! Processing...
04:46:33 | INFO     | 💰 VOLUME SPIKE: LTCUSD 3.1x normal volume
04:46:33 | INFO     | 💰 VOLUME SPIKE: XLMUSD 4.5x normal volume
04:46:38 | INFO     | 🔌 Real-time event during sleep! Processing...
04:47:23 | INFO     | 💰 VOLUME SPIKE: FILUSD 5.0x normal volume
04:47:28 | INFO     | 🔌 Real-time event during sleep! Processing...
04:48:43 | INFO     | 💰 VOLUME SPIKE: LINKUSD 4.8x normal volume
04:48:49 | INFO     | 🔌 Real-time event during sleep! Processing...
04:48:54 | INFO     | 💰 VOLUME SPIKE: AAVEUSD 5.0x normal volume
04:48:59 | INFO     | 🔌 Real-time event during sleep! Processing...
04:49:18 | INFO     | ════════════════════════════════════════════════════════════════════════════════
04:49:28 | INFO     | 💰 Kraken account balance: $341.35
04:49:28 | INFO     | [STACK] JITOSOLUSD short: 2 tools (ema_cross_short+entropy_short) → score 7.4 × 1.3 = 9.6
04:49:28 | INFO     | [STACK] XMRUSD short: 2 tools (ema_cross_short+distribution_short) → score 6.5 × 1.3 = 8.5
04:49:28 | INFO     | [STACK] ADAUSD short: 2 tools (ema_cross_short+entropy_short) → score 6.8 × 1.3 = 8.8
04:49:28 | INFO     | [STACK] XBTUSD short: 2 tools (ema_cross_short+entropy_short) → score 7.1 × 1.3 = 9.2
04:49:28 | INFO     | Skipping buy_btc_leading (ZECUSD) - bull tool blocked in fear/bear (F&G=32, 82% bullish)
04:49:28 | INFO     | Skipping simple_buy_uptrend (XMRUSD) - bull tool blocked in fear/bear (F&G=32, 82% bullish)
04:49:28 | DEBUG    | Skipping ema_cross_short (JITOSOLUSD) — short blocked (US Non-ECP margin restriction)
04:49:28 | INFO     | Skipping simple_buy_uptrend (XRPUSD) - bull tool blocked in fear/bear (F&G=32, 82% bullish)
04:49:28 | DEBUG    | Skipping ema_cross_short (XBTUSD) — short blocked (US Non-ECP margin restriction)
04:49:28 | DEBUG    | Skipping ema_cross_short (ADAUSD) — short blocked (US Non-ECP margin restriction)
04:49:28 | DEBUG    | Skipping ema_cross_short (XMRUSD) — short blocked (US Non-ECP margin restriction)
04:49:28 | INFO     | Skipping buy_btc_leading (TAOUSD) - bull tool blocked in fear/bear (F&G=32, 82% bullish)
04:49:28 | DEBUG    | Skipping ema_cross_short (ETHUSD) — short blocked (US Non-ECP margin restriction)
04:49:28 | DEBUG    | Skipping ema_cross_short (DOTUSD) — short blocked (US Non-ECP margin restriction)
04:49:28 | DEBUG    | Skipping ema_cross_short (SOLUSD) — short blocked (US Non-ECP margin restriction)
04:49:28 | DEBUG    | Skipping ema_cross_short (AVAXUSD) — short blocked (US Non-ECP margin restriction)
04:49:28 | DEBUG    | Skipping ema_cross_short (XRPUSD) — short blocked (US Non-ECP margin restriction)
04:49:28 | DEBUG    | Skipping ema_cross_short (TAOUSD) — short blocked (US Non-ECP margin restriction)
04:49:28 | DEBUG    | Skipping ema_cross_short (BNBUSD) — short blocked (US Non-ECP margin restriction)
04:49:28 | DEBUG    | Skipping ema_cross_short (LTCUSD) — short blocked (US Non-ECP margin restriction)
04:49:28 | INFO     | Skipping simple_buy_uptrend (LINKUSD) - bull tool blocked in fear/bear (F&G=32, 82% bullish)
04:49:28 | DEBUG    | Skipping ema_cross_short (ZECUSD) — short blocked (US Non-ECP margin restriction)
04:49:28 | DEBUG    | Skipping ema_cross_short (LINKUSD) — short blocked (US Non-ECP margin restriction)
04:49:28 | INFO     | [BLACKLIST] RAVEUSD in mandatory cooldown (6.2h hard, 6.2h total) — skipping distribution_short
04:49:28 | INFO     | [2026-04-22 04:49:28] CYCLE #4912 | F&G: 32 (Neutral) | Allocation: Grid 0% / Active 100%
04:49:28 | INFO     | Balance: $341.35 (start: $300.00, +13.8%) | Grid: $0.00 | Active: $273.25
04:49:28 | INFO     | Grid: 0 positions across 40 pairs | 0 round trips | $0.00 profit
04:49:28 | INFO     | Active: 1/8 positions open
04:49:28 | INFO     |   → HYPEUSD long +1.4% (btc_alt_spread, 16.0h held)
04:49:28 | INFO     | Signals this cycle: buy_btc_leading ZECUSD (score 22.7), simple_buy_uptrend XMRUSD (score 17.9), ema_cross_short JITOSOLUSD (score 9.6)
04:49:28 | INFO     | MTF: 18% bearish 4h, 82% bullish 4h | Avg 4h RSI: 63.0
04:49:28 | INFO     | Tool streaks: entropy_dip L5
04:49:28 | INFO     | Cycle took 10.2s, sleeping 289.8s
04:49:28 | INFO     | ════════════════════════════════════════════════════════════════════════════════
04:50:09 | INFO     | 💰 VOLUME SPIKE: XBTUSD 3.2x normal volume
04:50:18 | INFO     | 🔌 Real-time event during sleep! Processing...
04:50:27 | INFO     | 💰 VOLUME SPIKE: SOLUSD 4.4x normal volume
04:50:28 | INFO     | 🔌 Real-time event during sleep! Processing...
04:50:38 | INFO     | 💰 VOLUME SPIKE: ETHUSD 3.4x normal volume
04:50:38 | INFO     | 🔌 Real-time event during sleep! Processing...
04:50:45 | INFO     | 💰 VOLUME SPIKE: DOTUSD 4.9x normal volume
04:50:48 | INFO     | 🔌 Real-time event during sleep! Processing...
04:50:50 | INFO     | 💰 VOLUME SPIKE: XRPUSD 3.6x normal volume
04:50:58 | INFO     | 🔌 Real-time event during sleep! Processing...
04:51:33 | INFO     | 💰 VOLUME SPIKE: ADAUSD 4.0x normal volume
04:51:38 | INFO     | 🔌 Real-time event during sleep! Processing...
04:51:57 | INFO     | 💰 VOLUME SPIKE: UNIUSD 5.0x normal volume
04:51:58 | INFO     | 🔌 Real-time event during sleep! Processing...
04:54:18 | INFO     | ════════════════════════════════════════════════════════════════════════════════
04:54:29 | INFO     | 💰 Kraken account balance: $341.57
04:54:29 | INFO     | [STACK] JITOSOLUSD short: 2 tools (ema_cross_short+entropy_short) → score 7.4 × 1.3 = 9.6
04:54:29 | INFO     | [STACK] XMRUSD short: 2 tools (ema_cross_short+distribution_short) → score 6.5 × 1.3 = 8.5
04:54:29 | INFO     | [STACK] ADAUSD short: 2 tools (ema_cross_short+entropy_short) → score 6.8 × 1.3 = 8.9
04:54:29 | INFO     | [STACK] XBTUSD short: 2 tools (ema_cross_short+entropy_short) → score 7.2 × 1.3 = 9.4
04:54:29 | INFO     | Skipping buy_btc_leading (ZECUSD) - bull tool blocked in fear/bear (F&G=32, 82% bullish)
04:54:29 | INFO     | Skipping simple_buy_uptrend (XMRUSD) - bull tool blocked in fear/bear (F&G=32, 82% bullish)
04:54:29 | INFO     | Skipping simple_buy_uptrend (XRPUSD) - bull tool blocked in fear/bear (F&G=32, 82% bullish)
04:54:29 | DEBUG    | Skipping ema_cross_short (JITOSOLUSD) — short blocked (US Non-ECP margin restriction)
04:54:29 | DEBUG    | Skipping ema_cross_short (XBTUSD) — short blocked (US Non-ECP margin restriction)
04:54:29 | DEBUG    | Skipping ema_cross_short (ADAUSD) — short blocked (US Non-ECP margin restriction)
04:54:29 | DEBUG    | Skipping ema_cross_short (XMRUSD) — short blocked (US Non-ECP margin restriction)
04:54:29 | DEBUG    | Skipping ema_cross_short (ETHUSD) — short blocked (US Non-ECP margin restriction)
04:54:29 | DEBUG    | Skipping ema_cross_short (DOTUSD) — short blocked (US Non-ECP margin restriction)
04:54:29 | DEBUG    | Skipping ema_cross_short (SOLUSD) — short blocked (US Non-ECP margin restriction)
04:54:29 | DEBUG    | Skipping ema_cross_short (AVAXUSD) — short blocked (US Non-ECP margin restriction)
04:54:29 | INFO     | Skipping buy_btc_leading (AVAXUSD) - bull tool blocked in fear/bear (F&G=32, 82% bullish)
04:54:29 | INFO     | Skipping simple_buy_uptrend (LINKUSD) - bull tool blocked in fear/bear (F&G=32, 82% bullish)
04:54:29 | DEBUG    | Skipping ema_cross_short (XRPUSD) — short blocked (US Non-ECP margin restriction)
04:54:29 | DEBUG    | Skipping ema_cross_short (TAOUSD) — short blocked (US Non-ECP margin restriction)
04:54:29 | DEBUG    | Skipping ema_cross_short (LTCUSD) — short blocked (US Non-ECP margin restriction)
04:54:29 | DEBUG    | Skipping ema_cross_short (BNBUSD) — short blocked (US Non-ECP margin restriction)
04:54:29 | DEBUG    | Skipping ema_cross_short (ZECUSD) — short blocked (US Non-ECP margin restriction)
04:54:29 | DEBUG    | Skipping ema_cross_short (LINKUSD) — short blocked (US Non-ECP margin restriction)
04:54:29 | INFO     | [BLACKLIST] RAVEUSD in mandatory cooldown (6.1h hard, 6.1h total) — skipping distribution_short
04:54:29 | INFO     | [2026-04-22 04:54:29] CYCLE #4913 | F&G: 32 (Neutral) | Allocation: Grid 0% / Active 100%
04:54:29 | INFO     | Balance: $341.57 (start: $300.00, +13.9%) | Grid: $0.00 | Active: $273.47
04:54:29 | INFO     | Grid: 0 positions across 40 pairs | 0 round trips | $0.00 profit
04:54:29 | INFO     | Active: 1/8 positions open
04:54:29 | INFO     |   → HYPEUSD long +1.8% (btc_alt_spread, 16.1h held)
04:54:29 | INFO     | Signals this cycle: buy_btc_leading ZECUSD (score 22.9), ema_cross_short HYPEUSD (score 19.6), simple_buy_uptrend XMRUSD (score 17.8)
04:54:29 | INFO     | MTF: 18% bearish 4h, 82% bullish 4h | Avg 4h RSI: 64.0
04:54:29 | INFO     | Tool streaks: entropy_dip L5
04:54:29 | INFO     | Cycle took 10.5s, sleeping 289.5s
04:54:29 | INFO     | ════════════════════════════════════════════════════════════════════════════════
04:55:25 | INFO     | 💰 VOLUME SPIKE: ATOMUSD 5.0x normal volume
04:55:29 | INFO     | 🔌 Real-time event during sleep! Processing...
04:57:00 | INFO     | 💰 VOLUME SPIKE: XLMUSD 4.4x normal volume
04:57:09 | INFO     | 🔌 Real-time event during sleep! Processing...
04:57:18 | INFO     | 💰 VOLUME SPIKE: AVAXUSD 5.0x normal volume
04:57:19 | INFO     | 🔌 Real-time event during sleep! Processing...
04:57:26 | INFO     | 💰 VOLUME SPIKE: NEARUSD 3.8x normal volume
04:57:29 | INFO     | 🔌 Real-time event during sleep! Processing...
04:59:18 | INFO     | ════════════════════════════════════════════════════════════════════════════════
04:59:31 | INFO     | 💰 Kraken account balance: $341.50
04:59:31 | INFO     | [STACK] JITOSOLUSD short: 2 tools (ema_cross_short+entropy_short) → score 7.4 × 1.3 = 9.6
04:59:31 | INFO     | [STACK] XMRUSD short: 2 tools (ema_cross_short+distribution_short) → score 6.6 × 1.3 = 8.6
04:59:31 | INFO     | [STACK] XBTUSD short: 2 tools (ema_cross_short+entropy_short) → score 7.2 × 1.3 = 9.4
04:59:31 | INFO     | Skipping buy_btc_leading (ZECUSD) - bull tool blocked in fear/bear (F&G=32, 82% bullish)
04:59:31 | INFO     | Skipping simple_buy_uptrend (XMRUSD) - bull tool blocked in fear/bear (F&G=32, 82% bullish)
04:59:31 | INFO     | Skipping simple_buy_uptrend (XRPUSD) - bull tool blocked in fear/bear (F&G=32, 82% bullish)
04:59:31 | DEBUG    | Skipping ema_cross_short (JITOSOLUSD) — short blocked (US Non-ECP margin restriction)
04:59:31 | DEBUG    | Skipping ema_cross_short (XBTUSD) — short blocked (US Non-ECP margin restriction)
04:59:31 | DEBUG    | Skipping ema_cross_short (XMRUSD) — short blocked (US Non-ECP margin restriction)
04:59:31 | DEBUG    | Skipping ema_cross_short (ETHUSD) — short blocked (US Non-ECP margin restriction)
04:59:31 | DEBUG    | Skipping ema_cross_short (DOTUSD) — short blocked (US Non-ECP margin restriction)
04:59:31 | DEBUG    | Skipping ema_cross_short (SOLUSD) — short blocked (US Non-ECP margin restriction)
04:59:31 | DEBUG    | Skipping ema_cross_short (ADAUSD) — short blocked (US Non-ECP margin restriction)
04:59:31 | DEBUG    | Skipping ema_cross_short (AVAXUSD) — short blocked (US Non-ECP margin restriction)
04:59:31 | INFO     | Skipping simple_buy_uptrend (LINKUSD) - bull tool blocked in fear/bear (F&G=32, 82% bullish)
04:59:31 | DEBUG    | Skipping ema_cross_short (TAOUSD) — short blocked (US Non-ECP margin restriction)
04:59:31 | DEBUG    | Skipping ema_cross_short (XRPUSD) — short blocked (US Non-ECP margin restriction)
04:59:31 | DEBUG    | Skipping ema_cross_short (BNBUSD) — short blocked (US Non-ECP margin restriction)
04:59:31 | DEBUG    | Skipping ema_cross_short (ZECUSD) — short blocked (US Non-ECP margin restriction)
04:59:31 | DEBUG    | Skipping ema_cross_short (LTCUSD) — short blocked (US Non-ECP margin restriction)
04:59:31 | DEBUG    | Skipping ema_cross_short (LINKUSD) — short blocked (US Non-ECP margin restriction)
04:59:31 | INFO     | [BLACKLIST] RAVEUSD in mandatory cooldown (6.0h hard, 6.0h total) — skipping distribution_short
04:59:31 | INFO     | [2026-04-22 04:59:31] CYCLE #4914 | F&G: 32 (Neutral) | Allocation: Grid 0% / Active 100%
04:59:31 | INFO     | Balance: $341.50 (start: $300.00, +13.8%) | Grid: $0.00 | Active: $273.40
04:59:31 | INFO     | Grid: 0 positions across 40 pairs | 0 round trips | $0.00 profit
04:59:31 | INFO     | Active: 1/8 positions open
04:59:31 | INFO     |   → HYPEUSD long +1.7% (btc_alt_spread, 16.2h held)
04:59:31 | INFO     | Signals this cycle: buy_btc_leading ZECUSD (score 22.9), simple_buy_uptrend XMRUSD (score 18.0), simple_buy_uptrend XRPUSD (score 9.7)
04:59:31 | INFO     | MTF: 18% bearish 4h, 82% bullish 4h | Avg 4h RSI: 64.5
04:59:31 | INFO     | Tool streaks: entropy_dip L5
04:59:31 | INFO     | Cycle took 12.6s, sleeping 287.4s
04:59:31 | INFO     | ════════════════════════════════════════════════════════════════════════════════
05:01:00 | INFO     | 💰 VOLUME SPIKE: FILUSD 5.0x normal volume
05:01:01 | INFO     | 🔌 Real-time event during sleep! Processing...
05:03:40 | INFO     | 💰 VOLUME SPIKE: XBTUSD 3.7x normal volume
05:03:41 | INFO     | 🔌 Real-time event during sleep! Processing...
05:03:51 | INFO     | 💰 VOLUME SPIKE: AAVEUSD 3.4x normal volume
05:03:52 | INFO     | 💰 VOLUME SPIKE: ADAUSD 3.6x normal volume
05:04:01 | INFO     | 🔌 Real-time event during sleep! Processing...
05:04:19 | INFO     | ════════════════════════════════════════════════════════════════════════════════
05:04:30 | INFO     | 💰 Kraken account balance: $341.49
05:04:30 | INFO     | [STACK] JITOSOLUSD short: 2 tools (ema_cross_short+entropy_short) → score 7.3 × 1.3 = 9.5
05:04:30 | INFO     | [STACK] XMRUSD short: 2 tools (ema_cross_short+alt_btc_revert_t3) → score 6.7 × 1.3 = 8.7
05:04:30 | INFO     | [STACK] ADAUSD short: 2 tools (ema_cross_short+entropy_short) → score 6.5 × 1.3 = 8.4
05:04:30 | INFO     | [STACK] RAVEUSD long: 2 tools (crash_neg_ac+mega_crash) → score 106.2 × 1.3 = 138.0
05:04:30 | INFO     | [BLACKLIST] RAVEUSD in mandatory cooldown (5.9h hard, 5.9h total) — skipping crash_neg_ac
05:04:30 | INFO     | Skipping buy_btc_leading (ZECUSD) - bull tool blocked in fear/bear (F&G=32, 82% bullish)
05:04:30 | INFO     | Skipping simple_buy_uptrend (XMRUSD) - bull tool blocked in fear/bear (F&G=32, 82% bullish)
05:04:30 | DEBUG    | Skipping ema_cross_short (JITOSOLUSD) — short blocked (US Non-ECP margin restriction)
05:04:30 | INFO     | Skipping simple_buy_uptrend (XRPUSD) - bull tool blocked in fear/bear (F&G=32, 82% bullish)
05:04:30 | DEBUG    | Skipping ema_cross_short (XMRUSD) — short blocked (US Non-ECP margin restriction)
05:04:30 | DEBUG    | Skipping ema_cross_short (ADAUSD) — short blocked (US Non-ECP margin restriction)
05:04:30 | INFO     | Skipping simple_buy_uptrend (ADAUSD) - bull tool blocked in fear/bear (F&G=32, 82% bullish)
05:04:30 | DEBUG    | Skipping ema_cross_short (ETHUSD) — short blocked (US Non-ECP margin restriction)
05:04:30 | DEBUG    | Skipping ema_cross_short (DOTUSD) — short blocked (US Non-ECP margin restriction)
05:04:30 | DEBUG    | Skipping ema_cross_short (XBTUSD) — short blocked (US Non-ECP margin restriction)
05:04:30 | DEBUG    | Skipping ema_cross_short (SOLUSD) — short blocked (US Non-ECP margin restriction)
05:04:30 | INFO     | Skipping buy_btc_leading (AVAXUSD) - bull tool blocked in fear/bear (F&G=32, 82% bullish)
05:04:30 | INFO     | Skipping simple_buy_uptrend (LINKUSD) - bull tool blocked in fear/bear (F&G=32, 82% bullish)
05:04:30 | DEBUG    | Skipping ema_cross_short (TAOUSD) — short blocked (US Non-ECP margin restriction)
05:04:30 | DEBUG    | Skipping ema_cross_short (AVAXUSD) — short blocked (US Non-ECP margin restriction)
05:04:30 | DEBUG    | Skipping ema_cross_short (BNBUSD) — short blocked (US Non-ECP margin restriction)
05:04:30 | DEBUG    | Skipping ema_cross_short (LTCUSD) — short blocked (US Non-ECP margin restriction)
05:04:30 | DEBUG    | Skipping ema_cross_short (XRPUSD) — short blocked (US Non-ECP margin restriction)
05:04:30 | DEBUG    | Skipping ema_cross_short (LINKUSD) — short blocked (US Non-ECP margin restriction)
05:04:30 | DEBUG    | Skipping ema_cross_short (ZECUSD) — short blocked (US Non-ECP margin restriction)
05:04:30 | INFO     | [BLACKLIST] RAVEUSD in mandatory cooldown (5.9h hard, 5.9h total) — skipping distribution_short
05:04:30 | INFO     | [2026-04-22 05:04:30] CYCLE #4915 | F&G: 32 (Neutral) | Allocation: Grid 0% / Active 100%
05:04:30 | INFO     | Balance: $341.49 (start: $300.00, +13.8%) | Grid: $0.00 | Active: $273.38
05:04:30 | INFO     | Grid: 0 positions across 40 pairs | 0 round trips | $0.00 profit
05:04:30 | INFO     | Active: 1/8 positions open
05:04:30 | INFO     |   → HYPEUSD long +1.6% (btc_alt_spread, 16.3h held)
05:04:30 | INFO     | Signals this cycle: crash_neg_ac RAVEUSD (score 138.0), buy_btc_leading ZECUSD (score 23.9), simple_buy_uptrend XMRUSD (score 18.3)
05:04:30 | INFO     | MTF: 18% bearish 4h, 82% bullish 4h | Avg 4h RSI: 64.1
05:04:30 | INFO     | Tool streaks: entropy_dip L5
05:04:30 | INFO     | Cycle took 11.4s, sleeping 288.6s
05:04:30 | INFO     | ════════════════════════════════════════════════════════════════════════════════
05:04:53 | INFO     | 💰 VOLUME SPIKE: ETHUSD 3.9x normal volume
05:04:57 | INFO     | 💰 VOLUME SPIKE: DOTUSD 4.4x normal volume
05:05:00 | INFO     | 🔌 Real-time event during sleep! Processing...
05:05:09 | INFO     | 💰 VOLUME SPIKE: SOLUSD 3.8x normal volume
05:05:10 | INFO     | 🔌 Real-time event during sleep! Processing...
05:05:40 | INFO     | 💰 VOLUME SPIKE: XRPUSD 4.8x normal volume
05:05:50 | INFO     | 🔌 Real-time event during sleep! Processing...
05:06:29 | INFO     | 💰 VOLUME SPIKE: LINKUSD 4.8x normal volume
05:06:30 | INFO     | 🔌 Real-time event during sleep! Processing...
05:07:32 | INFO     | 💰 VOLUME SPIKE: NEARUSD 3.5x normal volume
05:07:40 | INFO     | 🔌 Real-time event during sleep! Processing...
05:08:29 | INFO     | 💰 VOLUME SPIKE: LTCUSD 3.5x normal volume
05:08:30 | INFO     | 🔌 Real-time event during sleep! Processing...
05:08:47 | INFO     | 💰 VOLUME SPIKE: XLMUSD 3.2x normal volume
05:08:50 | INFO     | 🔌 Real-time event during sleep! Processing...
05:08:58 | INFO     | 💰 VOLUME SPIKE: AVAXUSD 5.0x normal volume
05:09:00 | INFO     | 🔌 Real-time event during sleep! Processing...
05:09:06 | INFO     | 💰 VOLUME SPIKE: UNIUSD 5.0x normal volume
05:09:10 | INFO     | 🔌 Real-time event during sleep! Processing...
05:09:19 | INFO     | ════════════════════════════════════════════════════════════════════════════════
05:09:32 | INFO     | 💰 Kraken account balance: $341.68
05:09:32 | INFO     | [VOLATILITY] Scanning 659 USD pairs for volatility...
05:09:35 | INFO     | [VOLATILITY] Selected 20 pairs (from 10 liquid). Top 5: RAVEUSD (score=0.45, vol=61.7%, pos=39%), XXMRZUSD (score=0.10, vol=8.0%, pos=91%), XZECZUSD (score=0.08, vol=9.5%, pos=50%), XETHZUSD (score=0.07, vol=5.7%, pos=82%), HYPEUSD (score=0.07, vol=6.0%, pos=75%)
05:09:35 | INFO     | [STACK] JITOSOLUSD short: 2 tools (ema_cross_short+entropy_short) → score 7.3 × 1.3 = 9.5
05:09:35 | INFO     | [STACK] XMRUSD short: 2 tools (ema_cross_short+alt_btc_revert_t3) → score 6.5 × 1.3 = 8.5
05:09:35 | INFO     | [STACK] ADAUSD short: 2 tools (ema_cross_short+entropy_short) → score 6.6 × 1.3 = 8.6
05:09:35 | INFO     | [STACK] XBTUSD short: 2 tools (ema_cross_short+entropy_short) → score 6.9 × 1.3 = 9.0
05:09:35 | INFO     | [BLACKLIST] RAVEUSD in mandatory cooldown (5.8h hard, 5.8h total) — skipping crash_neg_ac
05:09:35 | INFO     | Skipping buy_btc_leading (ZECUSD) - bull tool blocked in fear/bear (F&G=32, 82% bullish)
05:09:35 | INFO     | Skipping simple_buy_uptrend (XMRUSD) - bull tool blocked in fear/bear (F&G=32, 82% bullish)
05:09:35 | DEBUG    | Skipping ema_cross_short (JITOSOLUSD) — short blocked (US Non-ECP margin restriction)
05:09:35 | INFO     | Skipping simple_buy_uptrend (XRPUSD) - bull tool blocked in fear/bear (F&G=32, 82% bullish)
05:09:35 | INFO     | Skipping buy_btc_leading (TAOUSD) - bull tool blocked in fear/bear (F&G=32, 82% bullish)
05:09:35 | DEBUG    | Skipping ema_cross_short (XBTUSD) — short blocked (US Non-ECP margin restriction)
05:09:35 | DEBUG    | Skipping ema_cross_short (ADAUSD) — short blocked (US Non-ECP margin restriction)
05:09:35 | DEBUG    | Skipping ema_cross_short (XMRUSD) — short blocked (US Non-ECP margin restriction)
05:09:35 | DEBUG    | Skipping ema_cross_short (ETHUSD) — short blocked (US Non-ECP margin restriction)
05:09:35 | DEBUG    | Skipping ema_cross_short (SOLUSD) — short blocked (US Non-ECP margin restriction)
05:09:35 | DEBUG    | Skipping ema_cross_short (DOTUSD) — short blocked (US Non-ECP margin restriction)
05:09:35 | INFO     | Skipping simple_buy_uptrend (LINKUSD) - bull tool blocked in fear/bear (F&G=32, 82% bullish)
05:09:35 | DEBUG    | Skipping ema_cross_short (AVAXUSD) — short blocked (US Non-ECP margin restriction)
05:09:35 | DEBUG    | Skipping ema_cross_short (BNBUSD) — short blocked (US Non-ECP margin restriction)
05:09:35 | DEBUG    | Skipping ema_cross_short (XRPUSD) — short blocked (US Non-ECP margin restriction)
05:09:35 | DEBUG    | Skipping ema_cross_short (TAOUSD) — short blocked (US Non-ECP margin restriction)
05:09:35 | DEBUG    | Skipping ema_cross_short (LTCUSD) — short blocked (US Non-ECP margin restriction)
05:09:35 | DEBUG    | Skipping ema_cross_short (ZECUSD) — short blocked (US Non-ECP margin restriction)
05:09:35 | DEBUG    | Skipping ema_cross_short (LINKUSD) — short blocked (US Non-ECP margin restriction)
05:09:35 | INFO     | [BLACKLIST] RAVEUSD in mandatory cooldown (5.8h hard, 5.8h total) — skipping distribution_short
05:09:35 | INFO     | [2026-04-22 05:09:35] CYCLE #4916 | F&G: 32 (Neutral) | Allocation: Grid 0% / Active 100%
05:09:35 | INFO     | Balance: $341.68 (start: $300.00, +13.9%) | Grid: $0.00 | Active: $273.58
05:09:35 | INFO     | Grid: 0 positions across 40 pairs | 0 round trips | $0.00 profit
05:09:35 | INFO     | Active: 1/8 positions open
05:09:35 | INFO     |   → HYPEUSD long +1.9% (btc_alt_spread, 16.3h held)
05:09:35 | INFO     | Signals this cycle: crash_neg_ac RAVEUSD (score 105.1), buy_btc_leading ZECUSD (score 23.7), ema_cross_short HYPEUSD (score 20.0)
05:09:35 | INFO     | MTF: 18% bearish 4h, 82% bullish 4h | Avg 4h RSI: 65.0
05:09:35 | INFO     | Tool streaks: entropy_dip L5
05:09:35 | INFO     | Cycle took 16.5s, sleeping 283.5s
05:09:35 | INFO     | ════════════════════════════════════════════════════════════════════════════════
05:11:58 | INFO     | 💰 VOLUME SPIKE: ATOMUSD 5.0x normal volume
05:11:58 | INFO     | 💰 VOLUME SPIKE: FILUSD 5.0x normal volume
05:12:05 | INFO     | 🔌 Real-time event during sleep! Processing...
05:14:19 | INFO     | ════════════════════════════════════════════════════════════════════════════════
05:14:33 | INFO     | 💰 Kraken account balance: $341.73
05:14:33 | INFO     | [STACK] JITOSOLUSD short: 2 tools (ema_cross_short+entropy_short) → score 7.3 × 1.3 = 9.5
05:14:33 | INFO     | [STACK] XMRUSD short: 2 tools (ema_cross_short+alt_btc_revert_t3) → score 6.0 × 1.3 = 7.8
05:14:33 | INFO     | [STACK] ADAUSD short: 2 tools (ema_cross_short+entropy_short) → score 6.7 × 1.3 = 8.8
05:14:33 | INFO     | [STACK] XBTUSD short: 2 tools (ema_cross_short+entropy_short) → score 6.9 × 1.3 = 9.0
05:14:33 | INFO     | [BLACKLIST] RAVEUSD in mandatory cooldown (5.8h hard, 5.8h total) — skipping crash_neg_ac
05:14:33 | INFO     | Skipping buy_btc_leading (ZECUSD) - bull tool blocked in fear/bear (F&G=32, 82% bullish)
05:14:33 | INFO     | Skipping simple_buy_uptrend (XMRUSD) - bull tool blocked in fear/bear (F&G=32, 82% bullish)
05:14:33 | DEBUG    | Skipping ema_cross_short (JITOSOLUSD) — short blocked (US Non-ECP margin restriction)
05:14:33 | INFO     | Skipping simple_buy_uptrend (XRPUSD) - bull tool blocked in fear/bear (F&G=32, 82% bullish)
05:14:33 | DEBUG    | Skipping ema_cross_short (XBTUSD) — short blocked (US Non-ECP margin restriction)
05:14:33 | INFO     | Skipping buy_btc_leading (TAOUSD) - bull tool blocked in fear/bear (F&G=32, 82% bullish)
05:14:33 | DEBUG    | Skipping ema_cross_short (ADAUSD) — short blocked (US Non-ECP margin restriction)
05:14:33 | DEBUG    | Skipping ema_cross_short (XMRUSD) — short blocked (US Non-ECP margin restriction)
05:14:33 | DEBUG    | Skipping ema_cross_short (ETHUSD) — short blocked (US Non-ECP margin restriction)
05:14:33 | DEBUG    | Skipping ema_cross_short (SOLUSD) — short blocked (US Non-ECP margin restriction)
05:14:33 | DEBUG    | Skipping ema_cross_short (DOTUSD) — short blocked (US Non-ECP margin restriction)
05:14:33 | INFO     | Skipping simple_buy_uptrend (LINKUSD) - bull tool blocked in fear/bear (F&G=32, 82% bullish)
05:14:33 | DEBUG    | Skipping ema_cross_short (AVAXUSD) — short blocked (US Non-ECP margin restriction)
05:14:33 | DEBUG    | Skipping ema_cross_short (BNBUSD) — short blocked (US Non-ECP margin restriction)
05:14:33 | DEBUG    | Skipping ema_cross_short (TAOUSD) — short blocked (US Non-ECP margin restriction)
05:14:33 | DEBUG    | Skipping ema_cross_short (XRPUSD) — short blocked (US Non-ECP margin restriction)
05:14:33 | DEBUG    | Skipping ema_cross_short (LTCUSD) — short blocked (US Non-ECP margin restriction)
05:14:33 | DEBUG    | Skipping ema_cross_short (LINKUSD) — short blocked (US Non-ECP margin restriction)
05:14:33 | DEBUG    | Skipping ema_cross_short (ZECUSD) — short blocked (US Non-ECP margin restriction)
05:14:33 | INFO     | [BLACKLIST] RAVEUSD in mandatory cooldown (5.8h hard, 5.8h total) — skipping distribution_short
05:14:33 | INFO     | [2026-04-22 05:14:33] CYCLE #4917 | F&G: 32 (Neutral) | Allocation: Grid 0% / Active 100%
05:14:33 | INFO     | Balance: $341.73 (start: $300.00, +13.9%) | Grid: $0.00 | Active: $273.63
05:14:33 | INFO     | Grid: 0 positions across 40 pairs | 0 round trips | $0.00 profit
05:14:33 | INFO     | Active: 1/8 positions open
05:14:33 | INFO     |   → HYPEUSD long +2.0% (btc_alt_spread, 16.4h held)
05:14:33 | INFO     | Signals this cycle: crash_neg_ac RAVEUSD (score 97.3), buy_btc_leading ZECUSD (score 23.8), ema_cross_short HYPEUSD (score 20.2)
05:14:33 | INFO     | MTF: 18% bearish 4h, 82% bullish 4h | Avg 4h RSI: 65.2
05:14:33 | INFO     | Tool streaks: entropy_dip L5
05:14:33 | INFO     | Cycle took 14.1s, sleeping 285.9s
05:14:33 | INFO     | ════════════════════════════════════════════════════════════════════════════════
05:15:28 | INFO     | 💰 VOLUME SPIKE: ADAUSD 3.6x normal volume
05:15:33 | INFO     | 🔌 Real-time event during sleep! Processing...
05:16:26 | INFO     | 💰 VOLUME SPIKE: DOTUSD 3.0x normal volume
05:16:33 | INFO     | 🔌 Real-time event during sleep! Processing...
05:16:44 | INFO     | 💰 VOLUME SPIKE: ETHUSD 3.0x normal volume
05:16:53 | INFO     | 🔌 Real-time event during sleep! Processing...
05:17:31 | INFO     | 💰 VOLUME SPIKE: LINKUSD 5.0x normal volume
05:17:33 | INFO     | 🔌 Real-time event during sleep! Processing...
05:17:37 | INFO     | 💰 VOLUME SPIKE: AAVEUSD 5.0x normal volume
05:17:43 | INFO     | 🔌 Real-time event during sleep! Processing...
05:19:19 | INFO     | ════════════════════════════════════════════════════════════════════════════════
05:19:31 | INFO     | 💰 Kraken account balance: $341.56
05:19:31 | INFO     | [STACK] JITOSOLUSD short: 2 tools (ema_cross_short+entropy_short) → score 7.3 × 1.3 = 9.5
05:19:31 | INFO     | [STACK] ADAUSD short: 2 tools (ema_cross_short+entropy_short) → score 6.7 × 1.3 = 8.7
05:19:31 | INFO     | [STACK] RAVEUSD long: 2 tools (crash_neg_ac+mega_crash) → score 106.4 × 1.3 = 138.3
05:19:31 | INFO     | [BLACKLIST] RAVEUSD in mandatory cooldown (5.7h hard, 5.7h total) — skipping crash_neg_ac
05:19:31 | INFO     | Skipping buy_btc_leading (ZECUSD) - bull tool blocked in fear/bear (F&G=32, 82% bullish)
05:19:31 | INFO     | Skipping simple_buy_uptrend (XMRUSD) - bull tool blocked in fear/bear (F&G=32, 82% bullish)
05:19:31 | DEBUG    | Skipping ema_cross_short (JITOSOLUSD) — short blocked (US Non-ECP margin restriction)
05:19:31 | INFO     | Skipping simple_buy_uptrend (XRPUSD) - bull tool blocked in fear/bear (F&G=32, 82% bullish)
05:19:31 | INFO     | Skipping buy_btc_leading (TAOUSD) - bull tool blocked in fear/bear (F&G=32, 82% bullish)
05:19:31 | DEBUG    | Skipping ema_cross_short (ADAUSD) — short blocked (US Non-ECP margin restriction)
05:19:31 | DEBUG    | Skipping ema_cross_short (ETHUSD) — short blocked (US Non-ECP margin restriction)
05:19:31 | DEBUG    | Skipping ema_cross_short (DOTUSD) — short blocked (US Non-ECP margin restriction)
05:19:31 | DEBUG    | Skipping ema_cross_short (SOLUSD) — short blocked (US Non-ECP margin restriction)
05:19:31 | DEBUG    | Skipping ema_cross_short (XBTUSD) — short blocked (US Non-ECP margin restriction)
05:19:31 | INFO     | Skipping simple_buy_uptrend (LINKUSD) - bull tool blocked in fear/bear (F&G=32, 82% bullish)
05:19:31 | DEBUG    | Skipping ema_cross_short (AVAXUSD) — short blocked (US Non-ECP margin restriction)
05:19:31 | DEBUG    | Skipping ema_cross_short (BNBUSD) — short blocked (US Non-ECP margin restriction)
05:19:31 | DEBUG    | Skipping ema_cross_short (TAOUSD) — short blocked (US Non-ECP margin restriction)
05:19:31 | DEBUG    | Skipping ema_cross_short (XRPUSD) — short blocked (US Non-ECP margin restriction)
05:19:31 | DEBUG    | Skipping ema_cross_short (LINKUSD) — short blocked (US Non-ECP margin restriction)
05:19:31 | DEBUG    | Skipping ema_cross_short (LTCUSD) — short blocked (US Non-ECP margin restriction)
05:19:31 | DEBUG    | Skipping ema_cross_short (ZECUSD) — short blocked (US Non-ECP margin restriction)
05:19:31 | DEBUG    | Skipping ema_cross_short (XMRUSD) — short blocked (US Non-ECP margin restriction)
05:19:31 | INFO     | [BLACKLIST] RAVEUSD in mandatory cooldown (5.7h hard, 5.7h total) — skipping distribution_short
05:19:31 | INFO     | [2026-04-22 05:19:31] CYCLE #4918 | F&G: 32 (Neutral) | Allocation: Grid 0% / Active 100%
05:19:31 | INFO     | Balance: $341.56 (start: $300.00, +13.9%) | Grid: $0.00 | Active: $273.46
05:19:31 | INFO     | Grid: 0 positions across 40 pairs | 0 round trips | $0.00 profit
05:19:31 | INFO     | Active: 1/8 positions open
05:19:31 | INFO     |   → HYPEUSD long +1.7% (btc_alt_spread, 16.5h held)
05:19:31 | INFO     | Signals this cycle: crash_neg_ac RAVEUSD (score 138.3), buy_btc_leading ZECUSD (score 23.7), ema_cross_short HYPEUSD (score 19.6)
05:19:31 | INFO     | MTF: 18% bearish 4h, 82% bullish 4h | Avg 4h RSI: 64.3
05:19:31 | INFO     | Tool streaks: entropy_dip L5
05:19:31 | INFO     | Cycle took 11.6s, sleeping 288.4s
05:19:31 | INFO     | ════════════════════════════════════════════════════════════════════════════════
05:19:53 | INFO     | 💰 VOLUME SPIKE: AVAXUSD 5.0x normal volume
05:20:01 | INFO     | 🔌 Real-time event during sleep! Processing...
05:20:08 | INFO     | 💰 VOLUME SPIKE: XLMUSD 4.9x normal volume
05:20:10 | INFO     | 💰 VOLUME SPIKE: SOLUSD 3.1x normal volume
05:20:11 | INFO     | 🔌 Real-time event during sleep! Processing...
05:21:56 | INFO     | 💰 VOLUME SPIKE: UNIUSD 5.0x normal volume
05:22:01 | INFO     | 🔌 Real-time event during sleep! Processing...
05:24:20 | INFO     | ════════════════════════════════════════════════════════════════════════════════
05:24:30 | INFO     | 💰 Kraken account balance: $341.54
05:24:30 | INFO     | [STACK] JITOSOLUSD short: 2 tools (ema_cross_short+entropy_short) → score 7.3 × 1.3 = 9.5
05:24:30 | INFO     | [STACK] ADAUSD short: 2 tools (ema_cross_short+entropy_short) → score 6.7 × 1.3 = 8.7
05:24:30 | INFO     | [STACK] XBTUSD short: 2 tools (ema_cross_short+entropy_short) → score 6.9 × 1.3 = 9.0
05:24:30 | INFO     | [STACK] RAVEUSD long: 2 tools (crash_neg_ac+mega_crash) → score 109.6 × 1.3 = 142.4
05:24:30 | INFO     | [BLACKLIST] RAVEUSD in mandatory cooldown (5.6h hard, 5.6h total) — skipping crash_neg_ac
05:24:30 | INFO     | Skipping buy_btc_leading (ZECUSD) - bull tool blocked in fear/bear (F&G=32, 82% bullish)
05:24:30 | INFO     | Skipping simple_buy_uptrend (XMRUSD) - bull tool blocked in fear/bear (F&G=32, 82% bullish)
05:24:30 | DEBUG    | Skipping ema_cross_short (JITOSOLUSD) — short blocked (US Non-ECP margin restriction)
05:24:30 | INFO     | Skipping simple_buy_uptrend (XRPUSD) - bull tool blocked in fear/bear (F&G=32, 82% bullish)
05:24:30 | DEBUG    | Skipping ema_cross_short (XBTUSD) — short blocked (US Non-ECP margin restriction)
05:24:30 | INFO     | Skipping buy_btc_leading (TAOUSD) - bull tool blocked in fear/bear (F&G=32, 82% bullish)
05:24:30 | DEBUG    | Skipping ema_cross_short (ADAUSD) — short blocked (US Non-ECP margin restriction)
05:24:30 | DEBUG    | Skipping ema_cross_short (ETHUSD) — short blocked (US Non-ECP margin restriction)
05:24:30 | DEBUG    | Skipping ema_cross_short (SOLUSD) — short blocked (US Non-ECP margin restriction)
05:24:30 | DEBUG    | Skipping ema_cross_short (DOTUSD) — short blocked (US Non-ECP margin restriction)
05:24:30 | INFO     | Skipping simple_buy_uptrend (LINKUSD) - bull tool blocked in fear/bear (F&G=32, 82% bullish)
05:24:30 | DEBUG    | Skipping ema_cross_short (AVAXUSD) — short blocked (US Non-ECP margin restriction)
05:24:30 | DEBUG    | Skipping ema_cross_short (BNBUSD) — short blocked (US Non-ECP margin restriction)
05:24:30 | DEBUG    | Skipping ema_cross_short (TAOUSD) — short blocked (US Non-ECP margin restriction)
05:24:30 | DEBUG    | Skipping ema_cross_short (XRPUSD) — short blocked (US Non-ECP margin restriction)
05:24:30 | DEBUG    | Skipping ema_cross_short (LTCUSD) — short blocked (US Non-ECP margin restriction)
05:24:30 | DEBUG    | Skipping ema_cross_short (LINKUSD) — short blocked (US Non-ECP margin restriction)
05:24:30 | DEBUG    | Skipping ema_cross_short (XMRUSD) — short blocked (US Non-ECP margin restriction)
05:24:30 | DEBUG    | Skipping ema_cross_short (ZECUSD) — short blocked (US Non-ECP margin restriction)
05:24:30 | INFO     | [BLACKLIST] RAVEUSD in mandatory cooldown (5.6h hard, 5.6h total) — skipping distribution_short
05:24:30 | INFO     | [2026-04-22 05:24:30] CYCLE #4919 | F&G: 32 (Neutral) | Allocation: Grid 0% / Active 100%
05:24:30 | INFO     | Balance: $341.54 (start: $300.00, +13.8%) | Grid: $0.00 | Active: $273.44
05:24:30 | INFO     | Grid: 0 positions across 40 pairs | 0 round trips | $0.00 profit
05:24:30 | INFO     | Active: 1/8 positions open
05:24:30 | INFO     |   → HYPEUSD long +1.7% (btc_alt_spread, 16.6h held)
05:24:30 | INFO     | Signals this cycle: crash_neg_ac RAVEUSD (score 142.4), buy_btc_leading ZECUSD (score 23.9), simple_buy_uptrend XMRUSD (score 16.0)
05:24:30 | INFO     | MTF: 18% bearish 4h, 82% bullish 4h | Avg 4h RSI: 64.2
05:24:30 | INFO     | Tool streaks: entropy_dip L5
05:24:30 | INFO     | Cycle took 10.5s, sleeping 289.5s
05:24:30 | INFO     | ════════════════════════════════════════════════════════════════════════════════
05:25:06 | INFO     | 💰 VOLUME SPIKE: NEARUSD 5.0x normal volume
05:25:06 | INFO     | 💰 VOLUME SPIKE: XRPUSD 4.3x normal volume
05:25:10 | INFO     | 🔌 Real-time event during sleep! Processing...
05:25:53 | INFO     | 💰 VOLUME SPIKE: ATOMUSD 5.0x normal volume
05:26:00 | INFO     | 🔌 Real-time event during sleep! Processing...
05:26:05 | INFO     | 💰 VOLUME SPIKE: XBTUSD 3.2x normal volume
05:26:10 | INFO     | 🔌 Real-time event during sleep! Processing...
05:28:08 | DEBUG    | Websocket error: Connection to remote host was lost.
05:28:08 | INFO     | Websocket disconnected, reconnecting in 5s...
05:28:14 | INFO     | 🔌 Crash monitor connected, subscribing to 16 pairs
05:28:51 | INFO     | 💰 VOLUME SPIKE: ETHUSD 3.6x normal volume
05:29:00 | INFO     | 🔌 Real-time event during sleep! Processing...
05:29:16 | INFO     | 💰 VOLUME SPIKE: LTCUSD 4.3x normal volume
05:29:20 | INFO     | 🔌 Real-time event during sleep! Processing...
05:29:20 | INFO     | ════════════════════════════════════════════════════════════════════════════════
05:29:31 | INFO     | 💰 Kraken account balance: $341.51
05:29:32 | INFO     | [STACK] JITOSOLUSD short: 2 tools (ema_cross_short+entropy_short) → score 7.8 × 1.3 = 10.1
05:29:32 | INFO     | [STACK] ADAUSD short: 2 tools (ema_cross_short+entropy_short) → score 6.7 × 1.3 = 8.8
05:29:32 | INFO     | [STACK] XBTUSD short: 2 tools (ema_cross_short+entropy_short) → score 7.0 × 1.3 = 9.1
05:29:32 | INFO     | [STACK] RAVEUSD long: 2 tools (crash_neg_ac+mega_crash) → score 112.6 × 1.3 = 146.4
05:29:32 | INFO     | [BLACKLIST] RAVEUSD in mandatory cooldown (5.5h hard, 5.5h total) — skipping crash_neg_ac
05:29:32 | INFO     | Skipping buy_btc_leading (ZECUSD) - bull tool blocked in fear/bear (F&G=32, 82% bullish)
05:29:32 | INFO     | Skipping simple_buy_uptrend (XMRUSD) - bull tool blocked in fear/bear (F&G=32, 82% bullish)
05:29:32 | DEBUG    | Skipping ema_cross_short (JITOSOLUSD) — short blocked (US Non-ECP margin restriction)
05:29:32 | INFO     | Skipping simple_buy_uptrend (XRPUSD) - bull tool blocked in fear/bear (F&G=32, 82% bullish)
05:29:32 | INFO     | Skipping buy_btc_leading (TAOUSD) - bull tool blocked in fear/bear (F&G=32, 82% bullish)
05:29:32 | DEBUG    | Skipping ema_cross_short (XBTUSD) — short blocked (US Non-ECP margin restriction)
05:29:32 | DEBUG    | Skipping ema_cross_short (ADAUSD) — short blocked (US Non-ECP margin restriction)
05:29:32 | DEBUG    | Skipping ema_cross_short (ETHUSD) — short blocked (US Non-ECP margin restriction)
05:29:32 | DEBUG    | Skipping ema_cross_short (SOLUSD) — short blocked (US Non-ECP margin restriction)
05:29:32 | DEBUG    | Skipping ema_cross_short (DOTUSD) — short blocked (US Non-ECP margin restriction)
05:29:32 | INFO     | Skipping simple_buy_uptrend (LINKUSD) - bull tool blocked in fear/bear (F&G=32, 82% bullish)
05:29:32 | DEBUG    | Skipping ema_cross_short (AVAXUSD) — short blocked (US Non-ECP margin restriction)
05:29:32 | DEBUG    | Skipping ema_cross_short (BNBUSD) — short blocked (US Non-ECP margin restriction)
05:29:32 | DEBUG    | Skipping ema_cross_short (TAOUSD) — short blocked (US Non-ECP margin restriction)
05:29:32 | DEBUG    | Skipping ema_cross_short (XRPUSD) — short blocked (US Non-ECP margin restriction)
05:29:32 | DEBUG    | Skipping ema_cross_short (LINKUSD) — short blocked (US Non-ECP margin restriction)
05:29:32 | DEBUG    | Skipping ema_cross_short (LTCUSD) — short blocked (US Non-ECP margin restriction)
05:29:32 | DEBUG    | Skipping ema_cross_short (XMRUSD) — short blocked (US Non-ECP margin restriction)
05:29:32 | DEBUG    | Skipping ema_cross_short (ZECUSD) — short blocked (US Non-ECP margin restriction)
05:29:32 | INFO     | [BLACKLIST] RAVEUSD in mandatory cooldown (5.5h hard, 5.5h total) — skipping distribution_short
05:29:32 | INFO     | [2026-04-22 05:29:32] CYCLE #4920 | F&G: 32 (Neutral) | Allocation: Grid 0% / Active 100%
05:29:32 | INFO     | Balance: $341.51 (start: $300.00, +13.8%) | Grid: $0.00 | Active: $273.41
05:29:32 | INFO     | Grid: 0 positions across 40 pairs | 0 round trips | $0.00 profit
05:29:32 | INFO     | Active: 1/8 positions open
05:29:32 | INFO     |   → HYPEUSD long +1.7% (btc_alt_spread, 16.7h held)
05:29:32 | INFO     | Signals this cycle: crash_neg_ac RAVEUSD (score 146.4), buy_btc_leading ZECUSD (score 24.0), simple_buy_uptrend XMRUSD (score 16.3)
05:29:32 | INFO     | MTF: 18% bearish 4h, 82% bullish 4h | Avg 4h RSI: 64.7
05:29:32 | INFO     | Tool streaks: entropy_dip L5
05:29:32 | INFO     | Cycle took 11.8s, sleeping 288.2s
05:29:32 | INFO     | ════════════════════════════════════════════════════════════════════════════════
05:30:11 | INFO     | 💰 VOLUME SPIKE: SOLUSD 4.8x normal volume
05:30:12 | INFO     | 🔌 Real-time event during sleep! Processing...
05:30:13 | INFO     | 💰 VOLUME SPIKE: FILUSD 5.0x normal volume
05:30:22 | INFO     | 🔌 Real-time event during sleep! Processing...
05:30:33 | INFO     | 💰 VOLUME SPIKE: ADAUSD 4.9x normal volume
05:30:42 | INFO     | 🔌 Real-time event during sleep! Processing...
05:32:05 | INFO     | 💰 VOLUME SPIKE: UNIUSD 3.3x normal volume
05:32:12 | INFO     | 🔌 Real-time event during sleep! Processing...
05:32:18 | INFO     | 💰 VOLUME SPIKE: XLMUSD 4.4x normal volume
05:32:20 | INFO     | 💰 VOLUME SPIKE: AAVEUSD 4.5x normal volume
05:32:22 | INFO     | 🔌 Real-time event during sleep! Processing...
05:34:20 | INFO     | ════════════════════════════════════════════════════════════════════════════════
05:34:33 | INFO     | 💰 Kraken account balance: $341.52
05:34:33 | INFO     | [STACK] JITOSOLUSD short: 2 tools (ema_cross_short+entropy_short) → score 7.8 × 1.3 = 10.1
05:34:33 | INFO     | [STACK] XMRUSD short: 2 tools (ema_cross_short+alt_btc_revert_t3) → score 6.1 × 1.3 = 7.9
05:34:33 | INFO     | [STACK] ADAUSD short: 2 tools (ema_cross_short+entropy_short) → score 6.7 × 1.3 = 8.7
05:34:33 | INFO     | [STACK] XBTUSD short: 2 tools (ema_cross_short+entropy_short) → score 7.0 × 1.3 = 9.1
05:34:33 | INFO     | [STACK] RAVEUSD long: 2 tools (crash_neg_ac+mega_crash) → score 120.3 × 1.3 = 156.4
05:34:33 | INFO     | [BLACKLIST] RAVEUSD in mandatory cooldown (5.4h hard, 5.4h total) — skipping crash_neg_ac
05:34:33 | INFO     | Skipping buy_btc_leading (ZECUSD) - bull tool blocked in fear/bear (F&G=32, 82% bullish)
05:34:33 | INFO     | Skipping simple_buy_uptrend (XMRUSD) - bull tool blocked in fear/bear (F&G=32, 82% bullish)
05:34:33 | DEBUG    | Skipping ema_cross_short (JITOSOLUSD) — short blocked (US Non-ECP margin restriction)
05:34:33 | INFO     | Skipping simple_buy_uptrend (XRPUSD) - bull tool blocked in fear/bear (F&G=32, 82% bullish)
05:34:33 | DEBUG    | Skipping ema_cross_short (XBTUSD) — short blocked (US Non-ECP margin restriction)
05:34:33 | INFO     | Skipping buy_btc_leading (TAOUSD) - bull tool blocked in fear/bear (F&G=32, 82% bullish)
05:34:33 | DEBUG    | Skipping ema_cross_short (ADAUSD) — short blocked (US Non-ECP margin restriction)
05:34:33 | DEBUG    | Skipping ema_cross_short (XMRUSD) — short blocked (US Non-ECP margin restriction)
05:34:33 | DEBUG    | Skipping ema_cross_short (ETHUSD) — short blocked (US Non-ECP margin restriction)
05:34:33 | DEBUG    | Skipping ema_cross_short (SOLUSD) — short blocked (US Non-ECP margin restriction)
05:34:33 | DEBUG    | Skipping ema_cross_short (DOTUSD) — short blocked (US Non-ECP margin restriction)
05:34:33 | INFO     | Skipping simple_buy_uptrend (LINKUSD) - bull tool blocked in fear/bear (F&G=32, 82% bullish)
05:34:33 | DEBUG    | Skipping ema_cross_short (AVAXUSD) — short blocked (US Non-ECP margin restriction)
05:34:33 | DEBUG    | Skipping ema_cross_short (BNBUSD) — short blocked (US Non-ECP margin restriction)
05:34:33 | DEBUG    | Skipping ema_cross_short (TAOUSD) — short blocked (US Non-ECP margin restriction)
05:34:33 | DEBUG    | Skipping ema_cross_short (XRPUSD) — short blocked (US Non-ECP margin restriction)
05:34:33 | DEBUG    | Skipping ema_cross_short (LINKUSD) — short blocked (US Non-ECP margin restriction)
05:34:33 | DEBUG    | Skipping ema_cross_short (LTCUSD) — short blocked (US Non-ECP margin restriction)
05:34:33 | DEBUG    | Skipping ema_cross_short (ZECUSD) — short blocked (US Non-ECP margin restriction)
05:34:33 | INFO     | [BLACKLIST] RAVEUSD in mandatory cooldown (5.4h hard, 5.4h total) — skipping distribution_short
05:34:33 | INFO     | [2026-04-22 05:34:33] CYCLE #4921 | F&G: 32 (Neutral) | Allocation: Grid 0% / Active 100%
05:34:33 | INFO     | Balance: $341.52 (start: $300.00, +13.8%) | Grid: $0.00 | Active: $273.42
05:34:33 | INFO     | Grid: 0 positions across 40 pairs | 0 round trips | $0.00 profit
05:34:33 | INFO     | Active: 1/8 positions open
05:34:33 | INFO     |   → HYPEUSD long +1.7% (btc_alt_spread, 16.8h held)
05:34:33 | INFO     | Signals this cycle: crash_neg_ac RAVEUSD (score 156.4), buy_btc_leading ZECUSD (score 24.1), simple_buy_uptrend XMRUSD (score 17.0)
05:34:33 | INFO     | MTF: 18% bearish 4h, 82% bullish 4h | Avg 4h RSI: 64.8
05:34:33 | INFO     | Tool streaks: entropy_dip L5
05:34:33 | INFO     | Cycle took 13.1s, sleeping 286.9s
05:34:33 | INFO     | ════════════════════════════════════════════════════════════════════════════════
05:34:35 | INFO     | 💰 VOLUME SPIKE: LINKUSD 4.7x normal volume
05:34:43 | INFO     | 🔌 Real-time event during sleep! Processing...
05:36:32 | INFO     | 💰 VOLUME SPIKE: DOTUSD 4.2x normal volume
05:36:33 | INFO     | 🔌 Real-time event during sleep! Processing...
05:37:03 | INFO     | 💰 VOLUME SPIKE: ATOMUSD 3.3x normal volume
05:37:13 | INFO     | 🔌 Real-time event during sleep! Processing...
05:38:03 | INFO     | 💰 VOLUME SPIKE: AVAXUSD 5.0x normal volume
05:38:03 | INFO     | 🔌 Real-time event during sleep! Processing...
05:39:20 | INFO     | ════════════════════════════════════════════════════════════════════════════════
05:39:31 | INFO     | 💰 Kraken account balance: $341.47
05:39:31 | INFO     | [STACK] JITOSOLUSD short: 2 tools (ema_cross_short+entropy_short) → score 7.8 × 1.3 = 10.1
05:39:31 | INFO     | [STACK] XMRUSD short: 2 tools (ema_cross_short+alt_btc_revert_t3) → score 6.2 × 1.3 = 8.0
05:39:31 | INFO     | [STACK] ADAUSD short: 2 tools (ema_cross_short+entropy_short) → score 6.7 × 1.3 = 8.7
05:39:31 | INFO     | [STACK] XBTUSD short: 2 tools (ema_cross_short+entropy_short) → score 7.0 × 1.3 = 9.0
05:39:31 | INFO     | [STACK] RAVEUSD long: 2 tools (crash_neg_ac+mega_crash) → score 108.4 × 1.3 = 141.0
05:39:31 | INFO     | [BLACKLIST] RAVEUSD in mandatory cooldown (5.3h hard, 5.3h total) — skipping crash_neg_ac
05:39:31 | INFO     | Skipping buy_btc_leading (ZECUSD) - bull tool blocked in fear/bear (F&G=32, 82% bullish)
05:39:31 | INFO     | Skipping simple_buy_uptrend (XMRUSD) - bull tool blocked in fear/bear (F&G=32, 82% bullish)
05:39:31 | DEBUG    | Skipping ema_cross_short (JITOSOLUSD) — short blocked (US Non-ECP margin restriction)
05:39:31 | INFO     | Skipping buy_btc_leading (TAOUSD) - bull tool blocked in fear/bear (F&G=32, 82% bullish)
05:39:31 | INFO     | Skipping simple_buy_uptrend (XRPUSD) - bull tool blocked in fear/bear (F&G=32, 82% bullish)
05:39:31 | DEBUG    | Skipping ema_cross_short (XBTUSD) — short blocked (US Non-ECP margin restriction)
05:39:31 | DEBUG    | Skipping ema_cross_short (ADAUSD) — short blocked (US Non-ECP margin restriction)
05:39:31 | DEBUG    | Skipping ema_cross_short (XMRUSD) — short blocked (US Non-ECP margin restriction)
05:39:31 | DEBUG    | Skipping ema_cross_short (ETHUSD) — short blocked (US Non-ECP margin restriction)
05:39:31 | DEBUG    | Skipping ema_cross_short (SOLUSD) — short blocked (US Non-ECP margin restriction)
05:39:31 | DEBUG    | Skipping ema_cross_short (DOTUSD) — short blocked (US Non-ECP margin restriction)
05:39:31 | INFO     | Skipping simple_buy_uptrend (LINKUSD) - bull tool blocked in fear/bear (F&G=32, 82% bullish)
05:39:31 | DEBUG    | Skipping ema_cross_short (AVAXUSD) — short blocked (US Non-ECP margin restriction)
05:39:31 | DEBUG    | Skipping ema_cross_short (BNBUSD) — short blocked (US Non-ECP margin restriction)
05:39:31 | DEBUG    | Skipping ema_cross_short (TAOUSD) — short blocked (US Non-ECP margin restriction)
05:39:31 | DEBUG    | Skipping ema_cross_short (XRPUSD) — short blocked (US Non-ECP margin restriction)
05:39:31 | DEBUG    | Skipping ema_cross_short (LINKUSD) — short blocked (US Non-ECP margin restriction)
05:39:31 | DEBUG    | Skipping ema_cross_short (LTCUSD) — short blocked (US Non-ECP margin restriction)
05:39:31 | DEBUG    | Skipping ema_cross_short (ZECUSD) — short blocked (US Non-ECP margin restriction)
05:39:31 | INFO     | [BLACKLIST] RAVEUSD in mandatory cooldown (5.3h hard, 5.3h total) — skipping distribution_short
05:39:31 | INFO     | [2026-04-22 05:39:31] CYCLE #4922 | F&G: 32 (Neutral) | Allocation: Grid 0% / Active 100%
05:39:31 | INFO     | Balance: $341.47 (start: $300.00, +13.8%) | Grid: $0.00 | Active: $273.37
05:39:31 | INFO     | Grid: 0 positions across 40 pairs | 0 round trips | $0.00 profit
05:39:31 | INFO     | Active: 1/8 positions open
05:39:31 | INFO     |   → HYPEUSD long +1.6% (btc_alt_spread, 16.8h held)
05:39:31 | INFO     | Signals this cycle: crash_neg_ac RAVEUSD (score 141.0), buy_btc_leading ZECUSD (score 24.0), simple_buy_uptrend XMRUSD (score 17.2)
05:39:31 | INFO     | MTF: 18% bearish 4h, 82% bullish 4h | Avg 4h RSI: 64.6
05:39:31 | INFO     | Tool streaks: entropy_dip L5
05:39:31 | INFO     | Cycle took 11.0s, sleeping 289.0s
05:39:31 | INFO     | ════════════════════════════════════════════════════════════════════════════════
05:40:04 | INFO     | 💰 VOLUME SPIKE: NEARUSD 4.4x normal volume
05:40:05 | INFO     | 💰 VOLUME SPIKE: XRPUSD 4.1x normal volume
05:40:11 | INFO     | 🔌 Real-time event during sleep! Processing...
05:41:04 | INFO     | 💰 VOLUME SPIKE: ADAUSD 3.9x normal volume
05:41:11 | INFO     | 🔌 Real-time event during sleep! Processing...
05:41:49 | INFO     | 💰 VOLUME SPIKE: LTCUSD 3.0x normal volume
05:41:51 | INFO     | 🔌 Real-time event during sleep! Processing...
05:42:00 | INFO     | 💰 VOLUME SPIKE: SOLUSD 3.1x normal volume
05:42:01 | INFO     | 🔌 Real-time event during sleep! Processing...
05:44:17 | INFO     | 💰 VOLUME SPIKE: XBTUSD 3.1x normal volume
05:44:20 | INFO     | 🔌 Real-time event during sleep! Processing...
05:44:20 | INFO     | ════════════════════════════════════════════════════════════════════════════════
05:44:33 | INFO     | 💰 Kraken account balance: $341.59
05:44:33 | INFO     | [STACK] JITOSOLUSD short: 2 tools (ema_cross_short+entropy_short) → score 7.8 × 1.3 = 10.1
05:44:33 | INFO     | [STACK] XMRUSD short: 2 tools (ema_cross_short+alt_btc_revert_t3) → score 6.2 × 1.3 = 8.1
05:44:33 | INFO     | [STACK] ADAUSD short: 2 tools (ema_cross_short+entropy_short) → score 6.7 × 1.3 = 8.7
05:44:33 | INFO     | [STACK] XBTUSD short: 2 tools (ema_cross_short+entropy_short) → score 7.0 × 1.3 = 9.1
05:44:33 | INFO     | [STACK] RAVEUSD long: 2 tools (crash_neg_ac+mega_crash) → score 116.6 × 1.3 = 151.5
05:44:33 | INFO     | [BLACKLIST] RAVEUSD in mandatory cooldown (5.3h hard, 5.3h total) — skipping crash_neg_ac
05:44:33 | INFO     | Skipping buy_btc_leading (ZECUSD) - bull tool blocked in fear/bear (F&G=32, 82% bullish)
05:44:33 | INFO     | Skipping simple_buy_uptrend (XMRUSD) - bull tool blocked in fear/bear (F&G=32, 82% bullish)
05:44:33 | DEBUG    | Skipping ema_cross_short (JITOSOLUSD) — short blocked (US Non-ECP margin restriction)
05:44:33 | INFO     | Skipping simple_buy_uptrend (XRPUSD) - bull tool blocked in fear/bear (F&G=32, 82% bullish)
05:44:33 | INFO     | Skipping buy_btc_leading (TAOUSD) - bull tool blocked in fear/bear (F&G=32, 82% bullish)
05:44:33 | DEBUG    | Skipping ema_cross_short (XBTUSD) — short blocked (US Non-ECP margin restriction)
05:44:33 | DEBUG    | Skipping ema_cross_short (ADAUSD) — short blocked (US Non-ECP margin restriction)
05:44:33 | DEBUG    | Skipping ema_cross_short (ZECUSD) — short blocked (US Non-ECP margin restriction)
05:44:33 | DEBUG    | Skipping ema_cross_short (XMRUSD) — short blocked (US Non-ECP margin restriction)
05:44:33 | DEBUG    | Skipping ema_cross_short (ETHUSD) — short blocked (US Non-ECP margin restriction)
05:44:33 | DEBUG    | Skipping ema_cross_short (SOLUSD) — short blocked (US Non-ECP margin restriction)
05:44:33 | DEBUG    | Skipping ema_cross_short (DOTUSD) — short blocked (US Non-ECP margin restriction)
05:44:33 | INFO     | Skipping simple_buy_uptrend (LINKUSD) - bull tool blocked in fear/bear (F&G=32, 82% bullish)
05:44:33 | DEBUG    | Skipping ema_cross_short (AVAXUSD) — short blocked (US Non-ECP margin restriction)
05:44:33 | DEBUG    | Skipping ema_cross_short (BNBUSD) — short blocked (US Non-ECP margin restriction)
05:44:33 | DEBUG    | Skipping ema_cross_short (TAOUSD) — short blocked (US Non-ECP margin restriction)
05:44:33 | DEBUG    | Skipping ema_cross_short (XRPUSD) — short blocked (US Non-ECP margin restriction)
05:44:33 | DEBUG    | Skipping ema_cross_short (LINKUSD) — short blocked (US Non-ECP margin restriction)
05:44:33 | DEBUG    | Skipping ema_cross_short (LTCUSD) — short blocked (US Non-ECP margin restriction)
05:44:33 | INFO     | [BLACKLIST] RAVEUSD in mandatory cooldown (5.3h hard, 5.3h total) — skipping distribution_short
05:44:33 | INFO     | [2026-04-22 05:44:33] CYCLE #4923 | F&G: 32 (Neutral) | Allocation: Grid 0% / Active 100%
05:44:33 | INFO     | Balance: $341.59 (start: $300.00, +13.9%) | Grid: $0.00 | Active: $273.49
05:44:33 | INFO     | Grid: 0 positions across 40 pairs | 0 round trips | $0.00 profit
05:44:33 | INFO     | Active: 1/8 positions open
05:44:33 | INFO     |   → HYPEUSD long +1.8% (btc_alt_spread, 16.9h held)
05:44:33 | INFO     | Signals this cycle: crash_neg_ac RAVEUSD (score 151.5), buy_btc_leading ZECUSD (score 24.4), ema_cross_short HYPEUSD (score 19.7)
05:44:33 | INFO     | MTF: 18% bearish 4h, 82% bullish 4h | Avg 4h RSI: 64.8
05:44:33 | INFO     | Tool streaks: entropy_dip L5
05:44:33 | INFO     | Cycle took 12.8s, sleeping 287.2s
05:44:33 | INFO     | ════════════════════════════════════════════════════════════════════════════════
05:44:55 | INFO     | 💰 VOLUME SPIKE: UNIUSD 5.0x normal volume
05:45:03 | INFO     | 🔌 Real-time event during sleep! Processing...
05:45:06 | INFO     | 💰 VOLUME SPIKE: FILUSD 5.0x normal volume
05:45:13 | INFO     | 🔌 Real-time event during sleep! Processing...
05:45:36 | INFO     | 💰 VOLUME SPIKE: XLMUSD 3.2x normal volume
05:45:43 | INFO     | 🔌 Real-time event during sleep! Processing...
05:48:37 | INFO     | 💰 VOLUME SPIKE: LINKUSD 5.0x normal volume
05:48:43 | INFO     | 🔌 Real-time event during sleep! Processing...
05:49:21 | INFO     | ════════════════════════════════════════════════════════════════════════════════
05:49:31 | INFO     | 💰 VOLUME SPIKE: AAVEUSD 5.0x normal volume
05:49:33 | INFO     | 💰 Kraken account balance: $341.52
05:49:33 | INFO     | [STACK] JITOSOLUSD short: 2 tools (ema_cross_short+entropy_short) → score 7.8 × 1.3 = 10.1
05:49:33 | INFO     | [STACK] XMRUSD short: 2 tools (ema_cross_short+alt_btc_revert_t3) → score 6.4 × 1.3 = 8.3
05:49:33 | INFO     | [STACK] ADAUSD short: 2 tools (ema_cross_short+entropy_short) → score 6.7 × 1.3 = 8.8
05:49:33 | INFO     | [STACK] XBTUSD short: 2 tools (ema_cross_short+entropy_short) → score 7.0 × 1.3 = 9.1
05:49:33 | INFO     | [STACK] RAVEUSD long: 2 tools (crash_neg_ac+mega_crash) → score 111.2 × 1.3 = 144.5
05:49:33 | INFO     | [BLACKLIST] RAVEUSD in mandatory cooldown (5.2h hard, 5.2h total) — skipping crash_neg_ac
05:49:33 | INFO     | Skipping buy_btc_leading (ZECUSD) - bull tool blocked in fear/bear (F&G=32, 82% bullish)
05:49:33 | INFO     | Skipping simple_buy_uptrend (XMRUSD) - bull tool blocked in fear/bear (F&G=32, 82% bullish)
05:49:33 | DEBUG    | Skipping ema_cross_short (JITOSOLUSD) — short blocked (US Non-ECP margin restriction)
05:49:33 | INFO     | Skipping simple_buy_uptrend (XRPUSD) - bull tool blocked in fear/bear (F&G=32, 82% bullish)
05:49:33 | DEBUG    | Skipping ema_cross_short (XBTUSD) — short blocked (US Non-ECP margin restriction)
05:49:33 | INFO     | Skipping buy_btc_leading (TAOUSD) - bull tool blocked in fear/bear (F&G=32, 82% bullish)
05:49:33 | DEBUG    | Skipping ema_cross_short (ADAUSD) — short blocked (US Non-ECP margin restriction)
05:49:33 | DEBUG    | Skipping ema_cross_short (ZECUSD) — short blocked (US Non-ECP margin restriction)
05:49:33 | DEBUG    | Skipping ema_cross_short (XMRUSD) — short blocked (US Non-ECP margin restriction)
05:49:33 | DEBUG    | Skipping ema_cross_short (ETHUSD) — short blocked (US Non-ECP margin restriction)
05:49:33 | DEBUG    | Skipping ema_cross_short (SOLUSD) — short blocked (US Non-ECP margin restriction)
05:49:33 | DEBUG    | Skipping ema_cross_short (DOTUSD) — short blocked (US Non-ECP margin restriction)
05:49:33 | DEBUG    | Skipping ema_cross_short (AVAXUSD) — short blocked (US Non-ECP margin restriction)
05:49:33 | INFO     | Skipping simple_buy_uptrend (LINKUSD) - bull tool blocked in fear/bear (F&G=32, 82% bullish)
05:49:33 | DEBUG    | Skipping ema_cross_short (TAOUSD) — short blocked (US Non-ECP margin restriction)
05:49:33 | DEBUG    | Skipping ema_cross_short (BNBUSD) — short blocked (US Non-ECP margin restriction)
05:49:33 | DEBUG    | Skipping ema_cross_short (XRPUSD) — short blocked (US Non-ECP margin restriction)
05:49:33 | DEBUG    | Skipping ema_cross_short (LINKUSD) — short blocked (US Non-ECP margin restriction)
05:49:33 | DEBUG    | Skipping ema_cross_short (LTCUSD) — short blocked (US Non-ECP margin restriction)
05:49:33 | INFO     | [BLACKLIST] RAVEUSD in mandatory cooldown (5.2h hard, 5.2h total) — skipping distribution_short
05:49:33 | INFO     | [2026-04-22 05:49:33] CYCLE #4924 | F&G: 32 (Neutral) | Allocation: Grid 0% / Active 100%
05:49:33 | INFO     | Balance: $341.52 (start: $300.00, +13.8%) | Grid: $0.00 | Active: $273.42
05:49:33 | INFO     | Grid: 0 positions across 40 pairs | 0 round trips | $0.00 profit
05:49:33 | INFO     | Active: 1/8 positions open
05:49:33 | INFO     |   → HYPEUSD long +1.7% (btc_alt_spread, 17.0h held)
05:49:33 | INFO     | Signals this cycle: crash_neg_ac RAVEUSD (score 144.5), buy_btc_leading ZECUSD (score 24.3), simple_buy_uptrend XMRUSD (score 17.6)
05:49:33 | INFO     | MTF: 18% bearish 4h, 82% bullish 4h | Avg 4h RSI: 64.8
05:49:33 | INFO     | Tool streaks: entropy_dip L5
05:49:33 | INFO     | Cycle took 12.1s, sleeping 287.9s
05:49:33 | INFO     | ════════════════════════════════════════════════════════════════════════════════
05:49:43 | INFO     | 🔌 Real-time event during sleep! Processing...
05:50:12 | INFO     | 💰 VOLUME SPIKE: XRPUSD 4.1x normal volume
05:50:13 | INFO     | 🔌 Real-time event during sleep! Processing...
05:50:43 | INFO     | 💰 VOLUME SPIKE: AVAXUSD 5.0x normal volume
05:50:53 | INFO     | 🔌 Real-time event during sleep! Processing...
05:51:02 | INFO     | 💰 VOLUME SPIKE: ETHUSD 3.5x normal volume
05:51:03 | INFO     | 🔌 Real-time event during sleep! Processing...
05:51:26 | INFO     | 💰 VOLUME SPIKE: ATOMUSD 5.0x normal volume
05:51:33 | INFO     | 🔌 Real-time event during sleep! Processing...
05:52:49 | INFO     | 💰 VOLUME SPIKE: LTCUSD 3.1x normal volume
05:52:53 | INFO     | 🔌 Real-time event during sleep! Processing...
05:53:00 | INFO     | 💰 VOLUME SPIKE: SOLUSD 3.4x normal volume
05:53:03 | INFO     | 🔌 Real-time event during sleep! Processing...
05:54:21 | INFO     | ════════════════════════════════════════════════════════════════════════════════
05:54:32 | INFO     | 💰 Kraken account balance: $341.52
05:54:32 | INFO     | [STACK] JITOSOLUSD short: 2 tools (ema_cross_short+entropy_short) → score 7.8 × 1.3 = 10.1
05:54:32 | INFO     | [STACK] XMRUSD short: 2 tools (ema_cross_short+alt_btc_revert_t3) → score 6.3 × 1.3 = 8.2
05:54:32 | INFO     | [STACK] ADAUSD short: 2 tools (ema_cross_short+entropy_short) → score 6.7 × 1.3 = 8.7
05:54:32 | INFO     | [STACK] XBTUSD short: 2 tools (ema_cross_short+entropy_short) → score 6.9 × 1.3 = 8.9
05:54:32 | INFO     | [BLACKLIST] RAVEUSD in mandatory cooldown (5.1h hard, 5.1h total) — skipping crash_neg_ac
05:54:32 | INFO     | Skipping buy_btc_leading (ZECUSD) - bull tool blocked in fear/bear (F&G=32, 82% bullish)
05:54:32 | INFO     | Skipping simple_buy_uptrend (XMRUSD) - bull tool blocked in fear/bear (F&G=32, 82% bullish)
05:54:32 | DEBUG    | Skipping ema_cross_short (JITOSOLUSD) — short blocked (US Non-ECP margin restriction)
05:54:32 | INFO     | Skipping simple_buy_uptrend (XRPUSD) - bull tool blocked in fear/bear (F&G=32, 82% bullish)
05:54:32 | INFO     | Skipping buy_btc_leading (TAOUSD) - bull tool blocked in fear/bear (F&G=32, 82% bullish)
05:54:32 | DEBUG    | Skipping ema_cross_short (XBTUSD) — short blocked (US Non-ECP margin restriction)
05:54:32 | DEBUG    | Skipping ema_cross_short (ADAUSD) — short blocked (US Non-ECP margin restriction)
05:54:32 | DEBUG    | Skipping ema_cross_short (ZECUSD) — short blocked (US Non-ECP margin restriction)
05:54:32 | DEBUG    | Skipping ema_cross_short (XMRUSD) — short blocked (US Non-ECP margin restriction)
05:54:32 | DEBUG    | Skipping ema_cross_short (ETHUSD) — short blocked (US Non-ECP margin restriction)
05:54:32 | DEBUG    | Skipping ema_cross_short (SOLUSD) — short blocked (US Non-ECP margin restriction)
05:54:32 | DEBUG    | Skipping ema_cross_short (DOTUSD) — short blocked (US Non-ECP margin restriction)
05:54:32 | DEBUG    | Skipping ema_cross_short (AVAXUSD) — short blocked (US Non-ECP margin restriction)
05:54:32 | INFO     | Skipping simple_buy_uptrend (LINKUSD) - bull tool blocked in fear/bear (F&G=32, 82% bullish)
05:54:32 | DEBUG    | Skipping ema_cross_short (BNBUSD) — short blocked (US Non-ECP margin restriction)
05:54:32 | DEBUG    | Skipping ema_cross_short (XRPUSD) — short blocked (US Non-ECP margin restriction)
05:54:32 | DEBUG    | Skipping ema_cross_short (TAOUSD) — short blocked (US Non-ECP margin restriction)
05:54:32 | DEBUG    | Skipping ema_cross_short (LINKUSD) — short blocked (US Non-ECP margin restriction)
05:54:32 | DEBUG    | Skipping ema_cross_short (LTCUSD) — short blocked (US Non-ECP margin restriction)
05:54:32 | INFO     | [BLACKLIST] RAVEUSD in mandatory cooldown (5.1h hard, 5.1h total) — skipping distribution_short
05:54:32 | INFO     | [2026-04-22 05:54:32] CYCLE #4925 | F&G: 32 (Neutral) | Allocation: Grid 0% / Active 100%
05:54:32 | INFO     | Balance: $341.52 (start: $300.00, +13.8%) | Grid: $0.00 | Active: $273.42
05:54:32 | INFO     | Grid: 0 positions across 40 pairs | 0 round trips | $0.00 profit
05:54:32 | INFO     | Active: 1/8 positions open
05:54:32 | INFO     |   → HYPEUSD long +1.7% (btc_alt_spread, 17.1h held)
05:54:32 | INFO     | Signals this cycle: crash_neg_ac RAVEUSD (score 105.6), buy_btc_leading ZECUSD (score 24.2), simple_buy_uptrend XMRUSD (score 17.5)
05:54:32 | INFO     | MTF: 18% bearish 4h, 82% bullish 4h | Avg 4h RSI: 63.9
05:54:32 | INFO     | Tool streaks: entropy_dip L5
05:54:32 | INFO     | Cycle took 11.1s, sleeping 288.9s
05:54:32 | INFO     | ════════════════════════════════════════════════════════════════════════════════
05:54:36 | INFO     | 💰 VOLUME SPIKE: DOTUSD 4.6x normal volume
05:54:42 | INFO     | 🔌 Real-time event during sleep! Processing...
05:56:06 | INFO     | 💰 VOLUME SPIKE: UNIUSD 4.6x normal volume
05:56:12 | INFO     | 🔌 Real-time event during sleep! Processing...
05:56:21 | INFO     | 💰 VOLUME SPIKE: FILUSD 5.0x normal volume
05:56:22 | INFO     | 🔌 Real-time event during sleep! Processing...
05:59:07 | INFO     | 💰 VOLUME SPIKE: LINKUSD 4.6x normal volume
05:59:12 | INFO     | 🔌 Real-time event during sleep! Processing...
05:59:21 | INFO     | ════════════════════════════════════════════════════════════════════════════════
05:59:31 | INFO     | 💰 Kraken account balance: $341.44
05:59:31 | INFO     | [STACK] JITOSOLUSD short: 2 tools (ema_cross_short+entropy_short) → score 7.8 × 1.3 = 10.1
05:59:31 | INFO     | [STACK] XMRUSD short: 2 tools (ema_cross_short+alt_btc_revert_t3) → score 6.3 × 1.3 = 8.3
05:59:31 | INFO     | [STACK] ADAUSD short: 2 tools (ema_cross_short+entropy_short) → score 6.6 × 1.3 = 8.5
05:59:31 | INFO     | [STACK] XBTUSD short: 2 tools (ema_cross_short+entropy_short) → score 6.9 × 1.3 = 9.0
05:59:31 | INFO     | [STACK] RAVEUSD long: 2 tools (crash_neg_ac+mega_crash) → score 109.6 × 1.3 = 142.4
05:59:31 | INFO     | [BLACKLIST] RAVEUSD in mandatory cooldown (5.0h hard, 5.0h total) — skipping crash_neg_ac
05:59:31 | INFO     | Skipping buy_btc_leading (ZECUSD) - bull tool blocked in fear/bear (F&G=32, 82% bullish)
05:59:31 | INFO     | Skipping simple_buy_uptrend (XMRUSD) - bull tool blocked in fear/bear (F&G=32, 82% bullish)
05:59:31 | INFO     | Skipping simple_buy_uptrend (DOTUSD) - bull tool blocked in fear/bear (F&G=32, 82% bullish)
05:59:31 | DEBUG    | Skipping ema_cross_short (JITOSOLUSD) — short blocked (US Non-ECP margin restriction)
05:59:31 | INFO     | Skipping buy_btc_leading (TAOUSD) - bull tool blocked in fear/bear (F&G=32, 82% bullish)
05:59:31 | INFO     | Skipping simple_buy_uptrend (XRPUSD) - bull tool blocked in fear/bear (F&G=32, 82% bullish)
05:59:31 | DEBUG    | Skipping ema_cross_short (XBTUSD) — short blocked (US Non-ECP margin restriction)
05:59:31 | DEBUG    | Skipping ema_cross_short (ADAUSD) — short blocked (US Non-ECP margin restriction)
05:59:31 | DEBUG    | Skipping ema_cross_short (ZECUSD) — short blocked (US Non-ECP margin restriction)
05:59:31 | DEBUG    | Skipping ema_cross_short (XMRUSD) — short blocked (US Non-ECP margin restriction)
05:59:31 | INFO     | Skipping simple_buy_uptrend (ADAUSD) - bull tool blocked in fear/bear (F&G=32, 82% bullish)
05:59:31 | DEBUG    | Skipping ema_cross_short (ETHUSD) — short blocked (US Non-ECP margin restriction)
05:59:31 | DEBUG    | Skipping ema_cross_short (SOLUSD) — short blocked (US Non-ECP margin restriction)
05:59:31 | DEBUG    | Skipping ema_cross_short (DOTUSD) — short blocked (US Non-ECP margin restriction)
05:59:31 | DEBUG    | Skipping ema_cross_short (AVAXUSD) — short blocked (US Non-ECP margin restriction)
05:59:31 | INFO     | Skipping simple_buy_uptrend (LINKUSD) - bull tool blocked in fear/bear (F&G=32, 82% bullish)
05:59:31 | DEBUG    | Skipping ema_cross_short (BNBUSD) — short blocked (US Non-ECP margin restriction)
05:59:31 | DEBUG    | Skipping ema_cross_short (XRPUSD) — short blocked (US Non-ECP margin restriction)
05:59:31 | DEBUG    | Skipping ema_cross_short (LINKUSD) — short blocked (US Non-ECP margin restriction)
05:59:31 | DEBUG    | Skipping ema_cross_short (LTCUSD) — short blocked (US Non-ECP margin restriction)
05:59:31 | DEBUG    | Skipping ema_cross_short (TAOUSD) — short blocked (US Non-ECP margin restriction)
05:59:31 | INFO     | [BLACKLIST] RAVEUSD in mandatory cooldown (5.0h hard, 5.0h total) — skipping distribution_short
05:59:31 | INFO     | [2026-04-22 05:59:31] CYCLE #4926 | F&G: 32 (Neutral) | Allocation: Grid 0% / Active 100%
05:59:31 | INFO     | Balance: $341.44 (start: $300.00, +13.8%) | Grid: $0.00 | Active: $273.34
05:59:31 | INFO     | Grid: 0 positions across 40 pairs | 0 round trips | $0.00 profit
05:59:31 | INFO     | Active: 1/8 positions open
05:59:31 | INFO     |   → HYPEUSD long +1.6% (btc_alt_spread, 17.2h held)
05:59:31 | INFO     | Signals this cycle: crash_neg_ac RAVEUSD (score 142.4), buy_btc_leading ZECUSD (score 24.2), simple_buy_uptrend XMRUSD (score 17.6)
05:59:31 | INFO     | MTF: 18% bearish 4h, 82% bullish 4h | Avg 4h RSI: 63.5
05:59:31 | INFO     | Tool streaks: entropy_dip L5
05:59:31 | INFO     | Cycle took 10.0s, sleeping 290.0s
05:59:31 | INFO     | ════════════════════════════════════════════════════════════════════════════════
06:01:02 | INFO     | 💰 VOLUME SPIKE: XRPUSD 3.4x normal volume
06:01:08 | INFO     | 💰 VOLUME SPIKE: XLMUSD 3.3x normal volume
06:01:09 | INFO     | 💰 VOLUME SPIKE: XBTUSD 4.5x normal volume
06:01:11 | INFO     | 🔌 Real-time event during sleep! Processing...
06:01:20 | INFO     | 💰 VOLUME SPIKE: AAVEUSD 3.7x normal volume
06:01:21 | INFO     | 🔌 Real-time event during sleep! Processing...
06:02:26 | INFO     | 💰 VOLUME SPIKE: ETHUSD 3.2x normal volume
06:02:31 | INFO     | 🔌 Real-time event during sleep! Processing...
06:02:57 | INFO     | 💰 VOLUME SPIKE: ADAUSD 3.6x normal volume
06:03:01 | INFO     | 🔌 Real-time event during sleep! Processing...
06:03:02 | INFO     | 💰 VOLUME SPIKE: NEARUSD 5.0x normal volume
06:03:11 | INFO     | 🔌 Real-time event during sleep! Processing...
06:03:21 | INFO     | 💰 VOLUME SPIKE: AVAXUSD 3.0x normal volume
06:03:21 | INFO     | 🔌 Real-time event during sleep! Processing...
06:03:58 | INFO     | 💰 VOLUME SPIKE: SOLUSD 4.3x normal volume
06:04:01 | INFO     | 🔌 Real-time event during sleep! Processing...
06:04:21 | INFO     | ════════════════════════════════════════════════════════════════════════════════
06:04:32 | INFO     | 💰 Kraken account balance: $341.52
06:04:32 | INFO     | [STACK] JITOSOLUSD short: 2 tools (ema_cross_short+entropy_short) → score 7.9 × 1.3 = 10.3
06:04:32 | INFO     | [STACK] ADAUSD short: 2 tools (ema_cross_short+entropy_short) → score 6.3 × 1.3 = 8.2
06:04:32 | INFO     | [STACK] RAVEUSD long: 2 tools (crash_neg_ac+flash_crash) → score 121.3 × 1.3 = 157.6
06:04:32 | INFO     | [BLACKLIST] RAVEUSD in mandatory cooldown (4.9h hard, 4.9h total) — skipping crash_neg_ac
06:04:32 | INFO     | Skipping buy_btc_leading (ZECUSD) - bull tool blocked in fear/bear (F&G=32, 82% bullish)
06:04:32 | INFO     | Skipping simple_buy_uptrend (XMRUSD) - bull tool blocked in fear/bear (F&G=32, 82% bullish)
06:04:32 | INFO     | Skipping simple_buy_uptrend (DOTUSD) - bull tool blocked in fear/bear (F&G=32, 82% bullish)
06:04:32 | DEBUG    | Skipping ema_cross_short (JITOSOLUSD) — short blocked (US Non-ECP margin restriction)
06:04:32 | INFO     | Skipping simple_buy_uptrend (XRPUSD) - bull tool blocked in fear/bear (F&G=32, 82% bullish)
06:04:32 | DEBUG    | Skipping ema_cross_short (ADAUSD) — short blocked (US Non-ECP margin restriction)
06:04:32 | INFO     | Skipping buy_btc_leading (TAOUSD) - bull tool blocked in fear/bear (F&G=32, 82% bullish)
06:04:32 | DEBUG    | Skipping ema_cross_short (ZECUSD) — short blocked (US Non-ECP margin restriction)
06:04:32 | DEBUG    | Skipping ema_cross_short (SOLUSD) — short blocked (US Non-ECP margin restriction)
06:04:32 | DEBUG    | Skipping ema_cross_short (ETHUSD) — short blocked (US Non-ECP margin restriction)
06:04:32 | DEBUG    | Skipping ema_cross_short (XBTUSD) — short blocked (US Non-ECP margin restriction)
06:04:32 | DEBUG    | Skipping ema_cross_short (DOTUSD) — short blocked (US Non-ECP margin restriction)
06:04:32 | DEBUG    | Skipping ema_cross_short (AVAXUSD) — short blocked (US Non-ECP margin restriction)
06:04:32 | DEBUG    | Skipping ema_cross_short (XMRUSD) — short blocked (US Non-ECP margin restriction)
06:04:32 | DEBUG    | Skipping ema_cross_short (BNBUSD) — short blocked (US Non-ECP margin restriction)
06:04:32 | DEBUG    | Skipping ema_cross_short (XRPUSD) — short blocked (US Non-ECP margin restriction)
06:04:32 | DEBUG    | Skipping ema_cross_short (LINKUSD) — short blocked (US Non-ECP margin restriction)
06:04:32 | INFO     | Skipping simple_buy_uptrend (LINKUSD) - bull tool blocked in fear/bear (F&G=32, 82% bullish)
06:04:32 | DEBUG    | Skipping ema_cross_short (LTCUSD) — short blocked (US Non-ECP margin restriction)
06:04:32 | DEBUG    | Skipping ema_cross_short (TAOUSD) — short blocked (US Non-ECP margin restriction)
06:04:32 | INFO     | Skipping simple_buy_uptrend (BNBUSD) - bull tool blocked in fear/bear (F&G=32, 82% bullish)
06:04:32 | INFO     | [BLACKLIST] RAVEUSD in mandatory cooldown (4.9h hard, 4.9h total) — skipping distribution_short
06:04:32 | INFO     | [2026-04-22 06:04:32] CYCLE #4927 | F&G: 32 (Neutral) | Allocation: Grid 0% / Active 100%
06:04:32 | INFO     | Balance: $341.52 (start: $300.00, +13.8%) | Grid: $0.00 | Active: $273.42
06:04:32 | INFO     | Grid: 0 positions across 40 pairs | 0 round trips | $0.00 profit
06:04:32 | INFO     | Active: 1/8 positions open
06:04:32 | INFO     |   → HYPEUSD long +1.7% (btc_alt_spread, 17.3h held)
06:04:32 | INFO     | Signals this cycle: crash_neg_ac RAVEUSD (score 157.6), buy_btc_leading ZECUSD (score 22.8), simple_buy_uptrend XMRUSD (score 17.2)
06:04:32 | INFO     | MTF: 18% bearish 4h, 82% bullish 4h | Avg 4h RSI: 63.0
06:04:32 | INFO     | Tool streaks: entropy_dip L5
06:04:32 | INFO     | Cycle took 10.4s, sleeping 289.6s
06:04:32 | INFO     | ════════════════════════════════════════════════════════════════════════════════
06:06:07 | INFO     | 💰 VOLUME SPIKE: UNIUSD 3.9x normal volume
06:06:12 | INFO     | 🔌 Real-time event during sleep! Processing...
06:07:57 | INFO     | 💰 VOLUME SPIKE: ATOMUSD 5.0x normal volume
06:08:02 | INFO     | 🔌 Real-time event during sleep! Processing...
06:08:46 | INFO     | 💰 VOLUME SPIKE: DOTUSD 4.3x normal volume
06:08:52 | INFO     | 🔌 Real-time event during sleep! Processing...
06:09:22 | INFO     | ════════════════════════════════════════════════════════════════════════════════
06:09:33 | INFO     | 💰 Kraken account balance: $341.50
06:09:33 | INFO     | [VOLATILITY] Scanning 659 USD pairs for volatility...
06:09:35 | INFO     | [VOLATILITY] Selected 20 pairs (from 10 liquid). Top 5: RAVEUSD (score=0.47, vol=61.7%, pos=41%), XXMRZUSD (score=0.08, vol=7.2%, pos=79%), XZECZUSD (score=0.07, vol=9.5%, pos=39%), XETHZUSD (score=0.07, vol=5.7%, pos=80%), JITOSOLUSD (score=0.06, vol=5.3%, pos=86%)
06:09:35 | INFO     | [STACK] JITOSOLUSD short: 2 tools (ema_cross_short+entropy_short) → score 7.9 × 1.3 = 10.3
06:09:35 | INFO     | [STACK] ADAUSD short: 2 tools (ema_cross_short+entropy_short) → score 6.3 × 1.3 = 8.1
06:09:35 | INFO     | [STACK] XBTUSD short: 2 tools (ema_cross_short+entropy_short) → score 6.6 × 1.3 = 8.6
06:09:35 | INFO     | [STACK] RAVEUSD long: 2 tools (crash_neg_ac+flash_crash) → score 120.5 × 1.3 = 156.6
06:09:35 | INFO     | [BLACKLIST] RAVEUSD in mandatory cooldown (4.8h hard, 4.8h total) — skipping crash_neg_ac
06:09:35 | INFO     | Skipping buy_btc_leading (ZECUSD) - bull tool blocked in fear/bear (F&G=32, 82% bullish)
06:09:35 | INFO     | Skipping simple_buy_uptrend (XMRUSD) - bull tool blocked in fear/bear (F&G=32, 82% bullish)
06:09:35 | INFO     | Skipping simple_buy_uptrend (DOTUSD) - bull tool blocked in fear/bear (F&G=32, 82% bullish)
06:09:35 | DEBUG    | Skipping ema_cross_short (JITOSOLUSD) — short blocked (US Non-ECP margin restriction)
06:09:35 | DEBUG    | Skipping ema_cross_short (XBTUSD) — short blocked (US Non-ECP margin restriction)
06:09:35 | INFO     | Skipping simple_buy_uptrend (XRPUSD) - bull tool blocked in fear/bear (F&G=32, 82% bullish)
06:09:35 | DEBUG    | Skipping ema_cross_short (ADAUSD) — short blocked (US Non-ECP margin restriction)
06:09:35 | INFO     | Skipping buy_btc_leading (TAOUSD) - bull tool blocked in fear/bear (F&G=32, 82% bullish)
06:09:35 | DEBUG    | Skipping ema_cross_short (ZECUSD) — short blocked (US Non-ECP margin restriction)
06:09:35 | INFO     | Skipping simple_buy_uptrend (ADAUSD) - bull tool blocked in fear/bear (F&G=32, 82% bullish)
06:09:35 | DEBUG    | Skipping ema_cross_short (ETHUSD) — short blocked (US Non-ECP margin restriction)
06:09:35 | DEBUG    | Skipping ema_cross_short (SOLUSD) — short blocked (US Non-ECP margin restriction)
06:09:35 | DEBUG    | Skipping ema_cross_short (DOTUSD) — short blocked (US Non-ECP margin restriction)
06:09:35 | DEBUG    | Skipping ema_cross_short (AVAXUSD) — short blocked (US Non-ECP margin restriction)
06:09:35 | DEBUG    | Skipping ema_cross_short (BNBUSD) — short blocked (US Non-ECP margin restriction)
06:09:35 | DEBUG    | Skipping ema_cross_short (XMRUSD) — short blocked (US Non-ECP margin restriction)
06:09:35 | DEBUG    | Skipping ema_cross_short (LINKUSD) — short blocked (US Non-ECP margin restriction)
06:09:35 | DEBUG    | Skipping ema_cross_short (XRPUSD) — short blocked (US Non-ECP margin restriction)
06:09:35 | INFO     | Skipping simple_buy_uptrend (LINKUSD) - bull tool blocked in fear/bear (F&G=32, 82% bullish)
06:09:35 | DEBUG    | Skipping ema_cross_short (LTCUSD) — short blocked (US Non-ECP margin restriction)
06:09:35 | INFO     | [BLACKLIST] RAVEUSD in mandatory cooldown (4.8h hard, 4.8h total) — skipping distribution_short
06:09:35 | INFO     | [2026-04-22 06:09:35] CYCLE #4928 | F&G: 32 (Neutral) | Allocation: Grid 0% / Active 100%
06:09:35 | INFO     | Balance: $341.50 (start: $300.00, +13.8%) | Grid: $0.00 | Active: $273.40
06:09:35 | INFO     | Grid: 0 positions across 40 pairs | 0 round trips | $0.00 profit
06:09:35 | INFO     | Active: 1/8 positions open
06:09:35 | INFO     |   → HYPEUSD long +1.7% (btc_alt_spread, 17.3h held)
06:09:35 | INFO     | Signals this cycle: crash_neg_ac RAVEUSD (score 156.6), buy_btc_leading ZECUSD (score 22.9), simple_buy_uptrend XMRUSD (score 16.9)
06:09:35 | INFO     | MTF: 18% bearish 4h, 82% bullish 4h | Avg 4h RSI: 62.9
06:09:35 | INFO     | Tool streaks: entropy_dip L5
06:09:35 | INFO     | Cycle took 13.8s, sleeping 286.2s
06:09:35 | INFO     | ════════════════════════════════════════════════════════════════════════════════
06:10:02 | INFO     | 💰 VOLUME SPIKE: LTCUSD 4.3x normal volume
06:10:05 | INFO     | 🔌 Real-time event during sleep! Processing...
06:11:12 | INFO     | 💰 VOLUME SPIKE: XBTUSD 3.3x normal volume
06:11:15 | INFO     | 🔌 Real-time event during sleep! Processing...
06:11:34 | INFO     | 💰 VOLUME SPIKE: XLMUSD 3.8x normal volume
06:11:35 | INFO     | 🔌 Real-time event during sleep! Processing...
06:12:07 | INFO     | 💰 VOLUME SPIKE: AAVEUSD 5.0x normal volume
06:12:15 | INFO     | 🔌 Real-time event during sleep! Processing...
06:12:47 | INFO     | 💰 VOLUME SPIKE: ETHUSD 3.4x normal volume
06:12:55 | INFO     | 🔌 Real-time event during sleep! Processing...
06:13:09 | INFO     | 💰 VOLUME SPIKE: ADAUSD 4.5x normal volume
06:13:15 | INFO     | 🔌 Real-time event during sleep! Processing...
06:14:22 | INFO     | ════════════════════════════════════════════════════════════════════════════════
06:14:32 | INFO     | 💰 Kraken account balance: $341.54
06:14:32 | INFO     | [STACK] JITOSOLUSD short: 2 tools (ema_cross_short+entropy_short) → score 7.9 × 1.3 = 10.3
06:14:32 | INFO     | [STACK] ADAUSD short: 2 tools (ema_cross_short+entropy_short) → score 6.3 × 1.3 = 8.2
06:14:32 | INFO     | [STACK] XBTUSD short: 2 tools (ema_cross_short+entropy_short) → score 6.6 × 1.3 = 8.6
06:14:32 | INFO     | [STACK] RAVEUSD long: 4 tools (crash_neg_ac+mega_crash+flash_crash+deep_dip_8h) → score 127.8 × 1.6 = 204.5
06:14:32 | INFO     | [BLACKLIST] RAVEUSD in mandatory cooldown (4.8h hard, 4.8h total) — skipping crash_neg_ac
06:14:32 | INFO     | Skipping buy_btc_leading (ZECUSD) - bull tool blocked in fear/bear (F&G=32, 82% bullish)
06:14:32 | INFO     | Skipping simple_buy_uptrend (XMRUSD) - bull tool blocked in fear/bear (F&G=32, 82% bullish)
06:14:32 | INFO     | Skipping simple_buy_uptrend (DOTUSD) - bull tool blocked in fear/bear (F&G=32, 82% bullish)
06:14:32 | DEBUG    | Skipping ema_cross_short (JITOSOLUSD) — short blocked (US Non-ECP margin restriction)
06:14:32 | DEBUG    | Skipping ema_cross_short (XBTUSD) — short blocked (US Non-ECP margin restriction)
06:14:32 | INFO     | Skipping simple_buy_uptrend (XRPUSD) - bull tool blocked in fear/bear (F&G=32, 82% bullish)
06:14:32 | DEBUG    | Skipping ema_cross_short (ADAUSD) — short blocked (US Non-ECP margin restriction)
06:14:32 | INFO     | Skipping buy_btc_leading (TAOUSD) - bull tool blocked in fear/bear (F&G=32, 82% bullish)
06:14:32 | DEBUG    | Skipping ema_cross_short (ZECUSD) — short blocked (US Non-ECP margin restriction)
06:14:32 | INFO     | Skipping simple_buy_uptrend (ADAUSD) - bull tool blocked in fear/bear (F&G=32, 82% bullish)
06:14:32 | DEBUG    | Skipping ema_cross_short (ETHUSD) — short blocked (US Non-ECP margin restriction)
06:14:32 | DEBUG    | Skipping ema_cross_short (SOLUSD) — short blocked (US Non-ECP margin restriction)
06:14:32 | DEBUG    | Skipping ema_cross_short (AVAXUSD) — short blocked (US Non-ECP margin restriction)
06:14:32 | DEBUG    | Skipping ema_cross_short (DOTUSD) — short blocked (US Non-ECP margin restriction)
06:14:32 | DEBUG    | Skipping ema_cross_short (BNBUSD) — short blocked (US Non-ECP margin restriction)
06:14:32 | DEBUG    | Skipping ema_cross_short (XMRUSD) — short blocked (US Non-ECP margin restriction)
06:14:32 | DEBUG    | Skipping ema_cross_short (LINKUSD) — short blocked (US Non-ECP margin restriction)
06:14:32 | DEBUG    | Skipping ema_cross_short (XRPUSD) — short blocked (US Non-ECP margin restriction)
06:14:32 | INFO     | Skipping simple_buy_uptrend (LINKUSD) - bull tool blocked in fear/bear (F&G=32, 82% bullish)
06:14:32 | DEBUG    | Skipping ema_cross_short (LTCUSD) — short blocked (US Non-ECP margin restriction)
06:14:32 | DEBUG    | Skipping ema_cross_short (TAOUSD) — short blocked (US Non-ECP margin restriction)
06:14:32 | INFO     | [BLACKLIST] RAVEUSD in mandatory cooldown (4.8h hard, 4.8h total) — skipping distribution_short
06:14:32 | INFO     | [2026-04-22 06:14:32] CYCLE #4929 | F&G: 32 (Neutral) | Allocation: Grid 0% / Active 100%
06:14:32 | INFO     | Balance: $341.54 (start: $300.00, +13.8%) | Grid: $0.00 | Active: $273.44
06:14:32 | INFO     | Grid: 0 positions across 40 pairs | 0 round trips | $0.00 profit
06:14:32 | INFO     | Active: 1/8 positions open
06:14:32 | INFO     |   → HYPEUSD long +1.7% (btc_alt_spread, 17.4h held)
06:14:32 | INFO     | Signals this cycle: crash_neg_ac RAVEUSD (score 204.5), buy_btc_leading ZECUSD (score 22.9), ema_cross_short HYPEUSD (score 19.1)
06:14:32 | INFO     | MTF: 18% bearish 4h, 82% bullish 4h | Avg 4h RSI: 62.7
06:14:32 | INFO     | Tool streaks: entropy_dip L5
06:14:32 | INFO     | Cycle took 10.6s, sleeping 289.4s
06:14:32 | INFO     | ════════════════════════════════════════════════════════════════════════════════
06:14:51 | INFO     | 💰 VOLUME SPIKE: NEARUSD 5.0x normal volume
06:14:52 | INFO     | 🔌 Real-time event during sleep! Processing...
06:16:01 | INFO     | 💰 VOLUME SPIKE: AVAXUSD 4.9x normal volume
06:16:02 | INFO     | 🔌 Real-time event during sleep! Processing...
06:17:17 | INFO     | 💰 VOLUME SPIKE: XRPUSD 3.0x normal volume
06:17:22 | INFO     | 🔌 Real-time event during sleep! Processing...
06:18:49 | INFO     | 💰 VOLUME SPIKE: ATOMUSD 5.0x normal volume
06:18:51 | INFO     | 💰 VOLUME SPIKE: DOTUSD 3.2x normal volume
06:18:53 | INFO     | 🔌 Real-time event during sleep! Processing...
06:19:06 | INFO     | 💰 VOLUME SPIKE: LINKUSD 5.0x normal volume
06:19:13 | INFO     | 🔌 Real-time event during sleep! Processing...
06:19:22 | INFO     | ════════════════════════════════════════════════════════════════════════════════
06:19:35 | INFO     | 💰 Kraken account balance: $341.64
06:19:35 | INFO     | [STACK] JITOSOLUSD short: 2 tools (ema_cross_short+entropy_short) → score 7.9 × 1.3 = 10.3
06:19:35 | INFO     | [STACK] ADAUSD short: 2 tools (ema_cross_short+entropy_short) → score 6.3 × 1.3 = 8.2
06:19:35 | INFO     | [STACK] XBTUSD short: 2 tools (ema_cross_short+entropy_short) → score 6.6 × 1.3 = 8.6
06:19:35 | INFO     | [STACK] RAVEUSD long: 3 tools (crash_neg_ac+flash_crash+deep_dip_8h) → score 125.3 × 1.6 = 200.5
06:19:35 | INFO     | [BLACKLIST] RAVEUSD in mandatory cooldown (4.7h hard, 4.7h total) — skipping crash_neg_ac
06:19:35 | INFO     | Skipping buy_btc_leading (ZECUSD) - bull tool blocked in fear/bear (F&G=32, 82% bullish)
06:19:35 | INFO     | Skipping simple_buy_uptrend (XMRUSD) - bull tool blocked in fear/bear (F&G=32, 82% bullish)
06:19:35 | INFO     | Skipping simple_buy_uptrend (DOTUSD) - bull tool blocked in fear/bear (F&G=32, 82% bullish)
06:19:35 | DEBUG    | Skipping ema_cross_short (JITOSOLUSD) — short blocked (US Non-ECP margin restriction)
06:19:35 | DEBUG    | Skipping ema_cross_short (XBTUSD) — short blocked (US Non-ECP margin restriction)
06:19:35 | DEBUG    | Skipping ema_cross_short (ADAUSD) — short blocked (US Non-ECP margin restriction)
06:19:35 | INFO     | Skipping simple_buy_uptrend (XRPUSD) - bull tool blocked in fear/bear (F&G=32, 82% bullish)
06:19:35 | INFO     | Skipping buy_btc_leading (TAOUSD) - bull tool blocked in fear/bear (F&G=32, 82% bullish)
06:19:35 | DEBUG    | Skipping ema_cross_short (ZECUSD) — short blocked (US Non-ECP margin restriction)
06:19:35 | INFO     | Skipping buy_btc_leading (AVAXUSD) - bull tool blocked in fear/bear (F&G=32, 82% bullish)
06:19:35 | DEBUG    | Skipping ema_cross_short (ETHUSD) — short blocked (US Non-ECP margin restriction)
06:19:35 | DEBUG    | Skipping ema_cross_short (SOLUSD) — short blocked (US Non-ECP margin restriction)
06:19:35 | DEBUG    | Skipping ema_cross_short (DOTUSD) — short blocked (US Non-ECP margin restriction)
06:19:35 | DEBUG    | Skipping ema_cross_short (AVAXUSD) — short blocked (US Non-ECP margin restriction)
06:19:35 | DEBUG    | Skipping ema_cross_short (BNBUSD) — short blocked (US Non-ECP margin restriction)
06:19:35 | DEBUG    | Skipping ema_cross_short (XRPUSD) — short blocked (US Non-ECP margin restriction)
06:19:35 | DEBUG    | Skipping ema_cross_short (LINKUSD) — short blocked (US Non-ECP margin restriction)
06:19:35 | INFO     | Skipping simple_buy_uptrend (LINKUSD) - bull tool blocked in fear/bear (F&G=32, 82% bullish)
06:19:35 | DEBUG    | Skipping ema_cross_short (LTCUSD) — short blocked (US Non-ECP margin restriction)
06:19:35 | DEBUG    | Skipping ema_cross_short (XMRUSD) — short blocked (US Non-ECP margin restriction)
06:19:35 | INFO     | [BLACKLIST] RAVEUSD in mandatory cooldown (4.7h hard, 4.7h total) — skipping distribution_short
06:19:35 | INFO     | [2026-04-22 06:19:35] CYCLE #4930 | F&G: 32 (Neutral) | Allocation: Grid 0% / Active 100%
06:19:35 | INFO     | Balance: $341.64 (start: $300.00, +13.9%) | Grid: $0.00 | Active: $273.54
06:19:35 | INFO     | Grid: 0 positions across 40 pairs | 0 round trips | $0.00 profit
06:19:35 | INFO     | Active: 1/8 positions open
06:19:35 | INFO     |   → HYPEUSD long +1.9% (btc_alt_spread, 17.5h held)
06:19:35 | INFO     | Signals this cycle: crash_neg_ac RAVEUSD (score 200.5), buy_btc_leading ZECUSD (score 22.8), ema_cross_short HYPEUSD (score 19.4)
06:19:35 | INFO     | MTF: 18% bearish 4h, 82% bullish 4h | Avg 4h RSI: 62.6
06:19:35 | INFO     | Tool streaks: entropy_dip L5
06:19:35 | INFO     | Cycle took 13.3s, sleeping 286.7s
06:19:35 | INFO     | ════════════════════════════════════════════════════════════════════════════════
06:20:42 | INFO     | 💰 VOLUME SPIKE: SOLUSD 3.4x normal volume
06:20:45 | INFO     | 🔌 Real-time event during sleep! Processing...
06:21:21 | INFO     | 💰 VOLUME SPIKE: XBTUSD 3.9x normal volume
06:21:25 | INFO     | 🔌 Real-time event during sleep! Processing...
06:21:30 | INFO     | 💰 VOLUME SPIKE: UNIUSD 5.0x normal volume
06:21:35 | INFO     | 🔌 Real-time event during sleep! Processing...
06:22:53 | INFO     | 💰 VOLUME SPIKE: XLMUSD 3.3x normal volume
06:22:55 | INFO     | 🔌 Real-time event during sleep! Processing...
06:23:15 | INFO     | 💰 VOLUME SPIKE: AAVEUSD 5.0x normal volume
06:23:15 | INFO     | 🔌 Real-time event during sleep! Processing...
06:23:57 | INFO     | 💰 VOLUME SPIKE: ETHUSD 3.6x normal volume
06:24:05 | INFO     | 🔌 Real-time event during sleep! Processing...
06:24:22 | INFO     | ════════════════════════════════════════════════════════════════════════════════
06:24:34 | INFO     | 💰 Kraken account balance: $341.86
06:24:34 | INFO     | [STACK] JITOSOLUSD short: 2 tools (ema_cross_short+entropy_short) → score 7.9 × 1.3 = 10.3
06:24:34 | INFO     | [STACK] ADAUSD short: 2 tools (ema_cross_short+entropy_short) → score 6.4 × 1.3 = 8.3
06:24:34 | INFO     | [STACK] XBTUSD short: 2 tools (ema_cross_short+entropy_short) → score 6.6 × 1.3 = 8.5
06:24:34 | INFO     | [STACK] RAVEUSD long: 3 tools (crash_neg_ac+mega_crash+flash_crash) → score 145.2 × 1.6 = 232.3
06:24:34 | INFO     | [BLACKLIST] RAVEUSD in mandatory cooldown (4.6h hard, 4.6h total) — skipping crash_neg_ac
06:24:34 | INFO     | Skipping buy_btc_leading (ZECUSD) - bull tool blocked in fear/bear (F&G=32, 82% bullish)
06:24:34 | INFO     | Skipping simple_buy_uptrend (XMRUSD) - bull tool blocked in fear/bear (F&G=32, 82% bullish)
06:24:34 | INFO     | Skipping simple_buy_uptrend (DOTUSD) - bull tool blocked in fear/bear (F&G=32, 82% bullish)
06:24:34 | DEBUG    | Skipping ema_cross_short (JITOSOLUSD) — short blocked (US Non-ECP margin restriction)
06:24:34 | DEBUG    | Skipping ema_cross_short (XBTUSD) — short blocked (US Non-ECP margin restriction)
06:24:34 | DEBUG    | Skipping ema_cross_short (ADAUSD) — short blocked (US Non-ECP margin restriction)
06:24:34 | INFO     | Skipping simple_buy_uptrend (XRPUSD) - bull tool blocked in fear/bear (F&G=32, 82% bullish)
06:24:34 | INFO     | Skipping buy_btc_leading (TAOUSD) - bull tool blocked in fear/bear (F&G=32, 82% bullish)
06:24:34 | INFO     | Skipping buy_btc_leading (AVAXUSD) - bull tool blocked in fear/bear (F&G=32, 82% bullish)
06:24:34 | DEBUG    | Skipping ema_cross_short (ETHUSD) — short blocked (US Non-ECP margin restriction)
06:24:34 | DEBUG    | Skipping ema_cross_short (SOLUSD) — short blocked (US Non-ECP margin restriction)
06:24:34 | DEBUG    | Skipping ema_cross_short (DOTUSD) — short blocked (US Non-ECP margin restriction)
06:24:34 | DEBUG    | Skipping ema_cross_short (AVAXUSD) — short blocked (US Non-ECP margin restriction)
06:24:34 | DEBUG    | Skipping ema_cross_short (BNBUSD) — short blocked (US Non-ECP margin restriction)
06:24:34 | DEBUG    | Skipping ema_cross_short (XRPUSD) — short blocked (US Non-ECP margin restriction)
06:24:34 | DEBUG    | Skipping ema_cross_short (LINKUSD) — short blocked (US Non-ECP margin restriction)
06:24:34 | DEBUG    | Skipping ema_cross_short (LTCUSD) — short blocked (US Non-ECP margin restriction)
06:24:34 | INFO     | Skipping simple_buy_uptrend (LINKUSD) - bull tool blocked in fear/bear (F&G=32, 82% bullish)
06:24:34 | DEBUG    | Skipping ema_cross_short (TAOUSD) — short blocked (US Non-ECP margin restriction)
06:24:34 | DEBUG    | Skipping ema_cross_short (XMRUSD) — short blocked (US Non-ECP margin restriction)
06:24:34 | DEBUG    | Skipping ema_cross_short (ZECUSD) — short blocked (US Non-ECP margin restriction)
06:24:34 | INFO     | [BLACKLIST] RAVEUSD in mandatory cooldown (4.6h hard, 4.6h total) — skipping distribution_short
06:24:34 | INFO     | [2026-04-22 06:24:34] CYCLE #4931 | F&G: 32 (Neutral) | Allocation: Grid 0% / Active 100%
06:24:34 | INFO     | Balance: $341.86 (start: $300.00, +14.0%) | Grid: $0.00 | Active: $273.76
06:24:34 | INFO     | Grid: 0 positions across 40 pairs | 0 round trips | $0.00 profit
06:24:34 | INFO     | Active: 1/8 positions open
06:24:34 | INFO     |   → HYPEUSD long +2.2% (btc_alt_spread, 17.6h held)
06:24:34 | INFO     | Signals this cycle: crash_neg_ac RAVEUSD (score 232.3), buy_btc_leading ZECUSD (score 22.6), ema_cross_short HYPEUSD (score 20.2)
06:24:34 | INFO     | MTF: 18% bearish 4h, 82% bullish 4h | Avg 4h RSI: 62.9
06:24:34 | INFO     | Tool streaks: entropy_dip L5
06:24:34 | INFO     | Cycle took 12.1s, sleeping 287.9s
06:24:34 | INFO     | ════════════════════════════════════════════════════════════════════════════════
06:25:12 | INFO     | 💰 VOLUME SPIKE: FILUSD 5.0x normal volume
06:25:14 | INFO     | 🔌 Real-time event during sleep! Processing...
06:28:53 | INFO     | 💰 VOLUME SPIKE: AVAXUSD 4.9x normal volume
06:28:55 | INFO     | 🔌 Real-time event during sleep! Processing...
06:29:22 | INFO     | ════════════════════════════════════════════════════════════════════════════════
06:29:34 | INFO     | 💰 Kraken account balance: $341.79
06:29:34 | INFO     | [STACK] JITOSOLUSD short: 2 tools (ema_cross_short+entropy_short) → score 7.9 × 1.3 = 10.3
06:29:34 | INFO     | [STACK] ADAUSD short: 2 tools (ema_cross_short+entropy_short) → score 6.4 × 1.3 = 8.4
06:29:34 | INFO     | [STACK] XBTUSD short: 2 tools (ema_cross_short+entropy_short) → score 6.6 × 1.3 = 8.6
06:29:34 | INFO     | [STACK] RAVEUSD long: 3 tools (crash_neg_ac+mega_crash+flash_crash) → score 144.1 × 1.6 = 230.5
06:29:34 | INFO     | [BLACKLIST] RAVEUSD in mandatory cooldown (4.5h hard, 4.5h total) — skipping crash_neg_ac
06:29:34 | INFO     | Skipping buy_btc_leading (ZECUSD) - bull tool blocked in fear/bear (F&G=32, 82% bullish)
06:29:34 | INFO     | Skipping simple_buy_uptrend (XMRUSD) - bull tool blocked in fear/bear (F&G=32, 82% bullish)
06:29:34 | INFO     | Skipping simple_buy_uptrend (DOTUSD) - bull tool blocked in fear/bear (F&G=32, 82% bullish)
06:29:34 | DEBUG    | Skipping ema_cross_short (JITOSOLUSD) — short blocked (US Non-ECP margin restriction)
06:29:34 | DEBUG    | Skipping ema_cross_short (XBTUSD) — short blocked (US Non-ECP margin restriction)
06:29:34 | DEBUG    | Skipping ema_cross_short (ADAUSD) — short blocked (US Non-ECP margin restriction)
06:29:34 | INFO     | Skipping simple_buy_uptrend (XRPUSD) - bull tool blocked in fear/bear (F&G=32, 82% bullish)
06:29:34 | INFO     | Skipping buy_btc_leading (TAOUSD) - bull tool blocked in fear/bear (F&G=32, 82% bullish)
06:29:34 | DEBUG    | Skipping ema_cross_short (ETHUSD) — short blocked (US Non-ECP margin restriction)
06:29:34 | DEBUG    | Skipping ema_cross_short (SOLUSD) — short blocked (US Non-ECP margin restriction)
06:29:34 | DEBUG    | Skipping ema_cross_short (DOTUSD) — short blocked (US Non-ECP margin restriction)
06:29:34 | DEBUG    | Skipping ema_cross_short (AVAXUSD) — short blocked (US Non-ECP margin restriction)
06:29:34 | DEBUG    | Skipping ema_cross_short (BNBUSD) — short blocked (US Non-ECP margin restriction)
06:29:34 | DEBUG    | Skipping ema_cross_short (XRPUSD) — short blocked (US Non-ECP margin restriction)
06:29:34 | DEBUG    | Skipping ema_cross_short (LINKUSD) — short blocked (US Non-ECP margin restriction)
06:29:34 | DEBUG    | Skipping ema_cross_short (LTCUSD) — short blocked (US Non-ECP margin restriction)
06:29:34 | INFO     | Skipping simple_buy_uptrend (LINKUSD) - bull tool blocked in fear/bear (F&G=32, 82% bullish)
06:29:34 | DEBUG    | Skipping ema_cross_short (TAOUSD) — short blocked (US Non-ECP margin restriction)
06:29:34 | DEBUG    | Skipping ema_cross_short (XMRUSD) — short blocked (US Non-ECP margin restriction)
06:29:34 | DEBUG    | Skipping ema_cross_short (ZECUSD) — short blocked (US Non-ECP margin restriction)
06:29:34 | INFO     | [BLACKLIST] RAVEUSD in mandatory cooldown (4.5h hard, 4.5h total) — skipping distribution_short
06:29:34 | INFO     | [2026-04-22 06:29:34] CYCLE #4932 | F&G: 32 (Neutral) | Allocation: Grid 0% / Active 100%
06:29:34 | INFO     | Balance: $341.79 (start: $300.00, +13.9%) | Grid: $0.00 | Active: $273.69
06:29:34 | INFO     | Grid: 0 positions across 40 pairs | 0 round trips | $0.00 profit
06:29:34 | INFO     | Active: 1/8 positions open
06:29:34 | INFO     |   → HYPEUSD long +2.1% (btc_alt_spread, 17.7h held)
06:29:34 | INFO     | Signals this cycle: crash_neg_ac RAVEUSD (score 230.5), buy_btc_leading ZECUSD (score 22.8), ema_cross_short HYPEUSD (score 20.0)
06:29:34 | INFO     | MTF: 18% bearish 4h, 82% bullish 4h | Avg 4h RSI: 63.4
06:29:34 | INFO     | Tool streaks: entropy_dip L5
06:29:34 | INFO     | Cycle took 11.5s, sleeping 288.5s
06:29:34 | INFO     | ════════════════════════════════════════════════════════════════════════════════
06:30:23 | INFO     | 💰 VOLUME SPIKE: ADAUSD 4.2x normal volume
06:30:24 | INFO     | 🔌 Real-time event during sleep! Processing...
06:32:01 | INFO     | 💰 VOLUME SPIKE: ATOMUSD 4.5x normal volume
06:32:04 | INFO     | 🔌 Real-time event during sleep! Processing...
06:32:38 | INFO     | 💰 VOLUME SPIKE: UNIUSD 4.9x normal volume
06:32:44 | INFO     | 🔌 Real-time event during sleep! Processing...
06:33:21 | INFO     | 💰 VOLUME SPIKE: XBTUSD 3.0x normal volume
06:33:24 | INFO     | 🔌 Real-time event during sleep! Processing...
06:34:02 | INFO     | 💰 VOLUME SPIKE: LINKUSD 3.7x normal volume
06:34:04 | INFO     | 🔌 Real-time event during sleep! Processing...
06:34:07 | INFO     | 💰 VOLUME SPIKE: SOLUSD 4.6x normal volume
06:34:14 | INFO     | 🔌 Real-time event during sleep! Processing...
06:34:23 | INFO     | ════════════════════════════════════════════════════════════════════════════════
06:34:28 | INFO     | 💰 VOLUME SPIKE: XRPUSD 3.5x normal volume
06:34:35 | INFO     | 💰 Kraken account balance: $342.00
06:34:35 | INFO     | [STACK] JITOSOLUSD short: 2 tools (ema_cross_short+entropy_short) → score 7.9 × 1.3 = 10.3
06:34:35 | INFO     | [STACK] ADAUSD short: 2 tools (ema_cross_short+entropy_short) → score 6.5 × 1.3 = 8.4
06:34:35 | INFO     | [STACK] XBTUSD short: 2 tools (ema_cross_short+entropy_short) → score 6.7 × 1.3 = 8.7
06:34:35 | INFO     | [STACK] RAVEUSD long: 4 tools (crash_neg_ac+mega_crash+flash_crash+deep_dip_8h) → score 138.7 × 1.6 = 221.9
06:34:35 | INFO     | [BLACKLIST] RAVEUSD in mandatory cooldown (4.4h hard, 4.4h total) — skipping crash_neg_ac
06:34:35 | INFO     | Skipping buy_btc_leading (ZECUSD) - bull tool blocked in fear/bear (F&G=32, 82% bullish)
06:34:35 | INFO     | Skipping simple_buy_uptrend (XMRUSD) - bull tool blocked in fear/bear (F&G=32, 82% bullish)
06:34:35 | INFO     | Skipping simple_buy_uptrend (DOTUSD) - bull tool blocked in fear/bear (F&G=32, 82% bullish)
06:34:35 | DEBUG    | Skipping ema_cross_short (JITOSOLUSD) — short blocked (US Non-ECP margin restriction)
06:34:35 | DEBUG    | Skipping ema_cross_short (XBTUSD) — short blocked (US Non-ECP margin restriction)
06:34:35 | INFO     | Skipping simple_buy_uptrend (XRPUSD) - bull tool blocked in fear/bear (F&G=32, 82% bullish)
06:34:35 | DEBUG    | Skipping ema_cross_short (ADAUSD) — short blocked (US Non-ECP margin restriction)
06:34:35 | INFO     | Skipping buy_btc_leading (TAOUSD) - bull tool blocked in fear/bear (F&G=32, 82% bullish)
06:34:35 | DEBUG    | Skipping ema_cross_short (ETHUSD) — short blocked (US Non-ECP margin restriction)
06:34:35 | DEBUG    | Skipping ema_cross_short (SOLUSD) — short blocked (US Non-ECP margin restriction)
06:34:35 | DEBUG    | Skipping ema_cross_short (DOTUSD) — short blocked (US Non-ECP margin restriction)
06:34:35 | DEBUG    | Skipping ema_cross_short (AVAXUSD) — short blocked (US Non-ECP margin restriction)
06:34:35 | DEBUG    | Skipping ema_cross_short (BNBUSD) — short blocked (US Non-ECP margin restriction)
06:34:35 | DEBUG    | Skipping ema_cross_short (XRPUSD) — short blocked (US Non-ECP margin restriction)
06:34:35 | DEBUG    | Skipping ema_cross_short (LINKUSD) — short blocked (US Non-ECP margin restriction)
06:34:35 | DEBUG    | Skipping ema_cross_short (LTCUSD) — short blocked (US Non-ECP margin restriction)
06:34:35 | INFO     | Skipping simple_buy_uptrend (LINKUSD) - bull tool blocked in fear/bear (F&G=32, 82% bullish)
06:34:35 | DEBUG    | Skipping ema_cross_short (TAOUSD) — short blocked (US Non-ECP margin restriction)
06:34:35 | DEBUG    | Skipping ema_cross_short (XMRUSD) — short blocked (US Non-ECP margin restriction)
06:34:35 | DEBUG    | Skipping ema_cross_short (ZECUSD) — short blocked (US Non-ECP margin restriction)
06:34:35 | INFO     | [BLACKLIST] RAVEUSD in mandatory cooldown (4.4h hard, 4.4h total) — skipping distribution_short
06:34:35 | INFO     | [2026-04-22 06:34:35] CYCLE #4933 | F&G: 32 (Neutral) | Allocation: Grid 0% / Active 100%
06:34:35 | INFO     | Balance: $342.00 (start: $300.00, +14.0%) | Grid: $0.00 | Active: $273.90
06:34:35 | INFO     | Grid: 0 positions across 40 pairs | 0 round trips | $0.00 profit
06:34:35 | INFO     | Active: 1/8 positions open
06:34:35 | INFO     |   → HYPEUSD long +2.4% (btc_alt_spread, 17.8h held)
06:34:35 | INFO     | Signals this cycle: crash_neg_ac RAVEUSD (score 221.9), buy_btc_leading ZECUSD (score 22.9), ema_cross_short HYPEUSD (score 20.7)
06:34:35 | INFO     | MTF: 18% bearish 4h, 82% bullish 4h | Avg 4h RSI: 63.7
06:34:35 | INFO     | Tool streaks: entropy_dip L5
06:34:35 | INFO     | Cycle took 11.9s, sleeping 288.1s
06:34:35 | INFO     | ════════════════════════════════════════════════════════════════════════════════
06:34:45 | INFO     | 🔌 Real-time event during sleep! Processing...
06:34:59 | INFO     | 💰 VOLUME SPIKE: DOTUSD 4.7x normal volume
06:35:05 | INFO     | 🔌 Real-time event during sleep! Processing...
06:36:21 | INFO     | 💰 VOLUME SPIKE: ETHUSD 4.3x normal volume
06:36:25 | INFO     | 🔌 Real-time event during sleep! Processing...
06:37:52 | INFO     | 💰 VOLUME SPIKE: XLMUSD 4.9x normal volume
06:37:55 | INFO     | 🔌 Real-time event during sleep! Processing...
06:38:05 | INFO     | 💰 VOLUME SPIKE: LTCUSD 3.1x normal volume
06:38:15 | INFO     | 🔌 Real-time event during sleep! Processing...
06:38:55 | INFO     | 💰 VOLUME SPIKE: AAVEUSD 5.0x normal volume
06:39:05 | INFO     | 🔌 Real-time event during sleep! Processing...
06:39:23 | INFO     | ════════════════════════════════════════════════════════════════════════════════
06:39:36 | INFO     | 💰 Kraken account balance: $342.24
06:39:36 | INFO     | [STACK] JITOSOLUSD short: 2 tools (ema_cross_short+entropy_short) → score 7.6 × 1.3 = 9.9
06:39:36 | INFO     | [STACK] ADAUSD short: 2 tools (ema_cross_short+entropy_short) → score 6.6 × 1.3 = 8.5
06:39:36 | INFO     | [STACK] XBTUSD short: 2 tools (ema_cross_short+entropy_short) → score 6.7 × 1.3 = 8.7
06:39:36 | INFO     | [STACK] RAVEUSD long: 3 tools (crash_neg_ac+mega_crash+flash_crash) → score 140.7 × 1.6 = 225.1
06:39:36 | INFO     | [BLACKLIST] RAVEUSD in mandatory cooldown (4.3h hard, 4.3h total) — skipping crash_neg_ac
06:39:36 | INFO     | Skipping buy_btc_leading (ZECUSD) - bull tool blocked in fear/bear (F&G=32, 82% bullish)
06:39:36 | INFO     | Skipping simple_buy_uptrend (DOTUSD) - bull tool blocked in fear/bear (F&G=32, 82% bullish)
06:39:36 | INFO     | Skipping simple_buy_uptrend (XMRUSD) - bull tool blocked in fear/bear (F&G=32, 82% bullish)
06:39:36 | DEBUG    | Skipping ema_cross_short (JITOSOLUSD) — short blocked (US Non-ECP margin restriction)
06:39:36 | DEBUG    | Skipping ema_cross_short (XBTUSD) — short blocked (US Non-ECP margin restriction)
06:39:36 | DEBUG    | Skipping ema_cross_short (ADAUSD) — short blocked (US Non-ECP margin restriction)
06:39:36 | INFO     | Skipping simple_buy_uptrend (XRPUSD) - bull tool blocked in fear/bear (F&G=32, 82% bullish)
06:39:36 | INFO     | Skipping buy_btc_leading (TAOUSD) - bull tool blocked in fear/bear (F&G=32, 82% bullish)
06:39:36 | DEBUG    | Skipping ema_cross_short (ETHUSD) — short blocked (US Non-ECP margin restriction)
06:39:36 | DEBUG    | Skipping ema_cross_short (SOLUSD) — short blocked (US Non-ECP margin restriction)
06:39:36 | DEBUG    | Skipping ema_cross_short (DOTUSD) — short blocked (US Non-ECP margin restriction)
06:39:36 | DEBUG    | Skipping ema_cross_short (AVAXUSD) — short blocked (US Non-ECP margin restriction)
06:39:36 | DEBUG    | Skipping ema_cross_short (BNBUSD) — short blocked (US Non-ECP margin restriction)
06:39:36 | DEBUG    | Skipping ema_cross_short (XRPUSD) — short blocked (US Non-ECP margin restriction)
06:39:36 | DEBUG    | Skipping ema_cross_short (LINKUSD) — short blocked (US Non-ECP margin restriction)
06:39:36 | INFO     | Skipping simple_buy_uptrend (LINKUSD) - bull tool blocked in fear/bear (F&G=32, 82% bullish)
06:39:36 | DEBUG    | Skipping ema_cross_short (LTCUSD) — short blocked (US Non-ECP margin restriction)
06:39:36 | DEBUG    | Skipping ema_cross_short (TAOUSD) — short blocked (US Non-ECP margin restriction)
06:39:36 | DEBUG    | Skipping ema_cross_short (XMRUSD) — short blocked (US Non-ECP margin restriction)
06:39:36 | DEBUG    | Skipping ema_cross_short (ZECUSD) — short blocked (US Non-ECP margin restriction)
06:39:36 | INFO     | [BLACKLIST] RAVEUSD in mandatory cooldown (4.3h hard, 4.3h total) — skipping distribution_short
06:39:36 | INFO     | [2026-04-22 06:39:36] CYCLE #4934 | F&G: 32 (Neutral) | Allocation: Grid 0% / Active 100%
06:39:36 | INFO     | Balance: $342.24 (start: $300.00, +14.1%) | Grid: $0.00 | Active: $274.14
06:39:36 | INFO     | Grid: 0 positions across 40 pairs | 0 round trips | $0.00 profit
06:39:36 | INFO     | Active: 1/8 positions open
06:39:36 | INFO     |   → HYPEUSD long +2.7% (btc_alt_spread, 17.8h held)
06:39:36 | INFO     | Signals this cycle: crash_neg_ac RAVEUSD (score 225.1), buy_btc_leading ZECUSD (score 22.9), ema_cross_short HYPEUSD (score 21.5)
06:39:36 | INFO     | MTF: 18% bearish 4h, 82% bullish 4h | Avg 4h RSI: 64.1
06:39:36 | INFO     | Tool streaks: entropy_dip L5
06:39:36 | INFO     | Cycle took 13.3s, sleeping 286.7s
06:39:36 | INFO     | ════════════════════════════════════════════════════════════════════════════════
06:40:03 | INFO     | 💰 VOLUME SPIKE: AVAXUSD 3.2x normal volume
06:40:03 | INFO     | 💰 VOLUME SPIKE: NEARUSD 3.5x normal volume
06:40:04 | INFO     | 💰 VOLUME SPIKE: FILUSD 5.0x normal volume
06:40:06 | INFO     | 🔌 Real-time event during sleep! Processing...
06:41:57 | INFO     | 💰 VOLUME SPIKE: ADAUSD 4.3x normal volume
06:42:06 | INFO     | 🔌 Real-time event during sleep! Processing...
06:42:46 | INFO     | 💰 VOLUME SPIKE: UNIUSD 3.5x normal volume
06:42:46 | INFO     | 🔌 Real-time event during sleep! Processing...
06:44:23 | INFO     | ════════════════════════════════════════════════════════════════════════════════
06:44:30 | INFO     | 💰 VOLUME SPIKE: LINKUSD 3.1x normal volume
06:44:35 | INFO     | 💰 Kraken account balance: $342.05
06:44:35 | INFO     | [STACK] JITOSOLUSD short: 2 tools (ema_cross_short+entropy_short) → score 7.6 × 1.3 = 9.9
06:44:35 | INFO     | [STACK] ADAUSD short: 2 tools (ema_cross_short+entropy_short) → score 6.5 × 1.3 = 8.5
06:44:35 | INFO     | [STACK] XBTUSD short: 2 tools (ema_cross_short+entropy_short) → score 6.7 × 1.3 = 8.7
06:44:35 | INFO     | [STACK] RAVEUSD long: 3 tools (crash_neg_ac+mega_crash+flash_crash) → score 145.2 × 1.6 = 232.3
06:44:35 | INFO     | [BLACKLIST] RAVEUSD in mandatory cooldown (4.3h hard, 4.3h total) — skipping crash_neg_ac
06:44:35 | INFO     | Skipping buy_btc_leading (ZECUSD) - bull tool blocked in fear/bear (F&G=32, 82% bullish)
06:44:35 | INFO     | Skipping simple_buy_uptrend (DOTUSD) - bull tool blocked in fear/bear (F&G=32, 82% bullish)
06:44:35 | INFO     | Skipping simple_buy_uptrend (XMRUSD) - bull tool blocked in fear/bear (F&G=32, 82% bullish)
06:44:35 | DEBUG    | Skipping ema_cross_short (JITOSOLUSD) — short blocked (US Non-ECP margin restriction)
06:44:35 | DEBUG    | Skipping ema_cross_short (XBTUSD) — short blocked (US Non-ECP margin restriction)
06:44:35 | DEBUG    | Skipping ema_cross_short (ADAUSD) — short blocked (US Non-ECP margin restriction)
06:44:35 | INFO     | Skipping simple_buy_uptrend (XRPUSD) - bull tool blocked in fear/bear (F&G=32, 82% bullish)
06:44:35 | INFO     | Skipping buy_btc_leading (TAOUSD) - bull tool blocked in fear/bear (F&G=32, 82% bullish)
06:44:35 | DEBUG    | Skipping ema_cross_short (ZECUSD) — short blocked (US Non-ECP margin restriction)
06:44:35 | DEBUG    | Skipping ema_cross_short (SOLUSD) — short blocked (US Non-ECP margin restriction)
06:44:35 | DEBUG    | Skipping ema_cross_short (ETHUSD) — short blocked (US Non-ECP margin restriction)
06:44:35 | DEBUG    | Skipping ema_cross_short (DOTUSD) — short blocked (US Non-ECP margin restriction)
06:44:35 | DEBUG    | Skipping ema_cross_short (AVAXUSD) — short blocked (US Non-ECP margin restriction)
06:44:35 | DEBUG    | Skipping ema_cross_short (BNBUSD) — short blocked (US Non-ECP margin restriction)
06:44:35 | DEBUG    | Skipping ema_cross_short (XRPUSD) — short blocked (US Non-ECP margin restriction)
06:44:35 | DEBUG    | Skipping ema_cross_short (LINKUSD) — short blocked (US Non-ECP margin restriction)
06:44:35 | DEBUG    | Skipping ema_cross_short (LTCUSD) — short blocked (US Non-ECP margin restriction)
06:44:35 | INFO     | Skipping simple_buy_uptrend (LINKUSD) - bull tool blocked in fear/bear (F&G=32, 82% bullish)
06:44:35 | DEBUG    | Skipping ema_cross_short (TAOUSD) — short blocked (US Non-ECP margin restriction)
06:44:35 | DEBUG    | Skipping ema_cross_short (XMRUSD) — short blocked (US Non-ECP margin restriction)
06:44:35 | INFO     | [BLACKLIST] RAVEUSD in mandatory cooldown (4.3h hard, 4.3h total) — skipping distribution_short
06:44:35 | INFO     | [2026-04-22 06:44:35] CYCLE #4935 | F&G: 32 (Neutral) | Allocation: Grid 0% / Active 100%
06:44:35 | INFO     | Balance: $342.05 (start: $300.00, +14.0%) | Grid: $0.00 | Active: $273.95
06:44:35 | INFO     | Grid: 0 positions across 40 pairs | 0 round trips | $0.00 profit
06:44:35 | INFO     | Active: 1/8 positions open
06:44:35 | INFO     |   → HYPEUSD long +2.5% (btc_alt_spread, 17.9h held)
06:44:35 | INFO     | Signals this cycle: crash_neg_ac RAVEUSD (score 232.3), buy_btc_leading ZECUSD (score 22.9), ema_cross_short HYPEUSD (score 20.9)
06:44:35 | INFO     | MTF: 18% bearish 4h, 82% bullish 4h | Avg 4h RSI: 63.4
06:44:35 | INFO     | Tool streaks: entropy_dip L5
06:44:35 | INFO     | Cycle took 12.0s, sleeping 288.0s
06:44:35 | INFO     | ════════════════════════════════════════════════════════════════════════════════
06:44:45 | INFO     | 🔌 Real-time event during sleep! Processing...
06:46:20 | INFO     | 💰 VOLUME SPIKE: XRPUSD 3.6x normal volume
06:46:25 | INFO     | 💰 VOLUME SPIKE: ETHUSD 3.3x normal volume
06:46:25 | INFO     | 🔌 Real-time event during sleep! Processing...
06:48:27 | INFO     | 💰 VOLUME SPIKE: XBTUSD 3.3x normal volume
06:48:32 | INFO     | 💰 VOLUME SPIKE: DOTUSD 3.1x normal volume
06:48:35 | INFO     | 🔌 Real-time event during sleep! Processing...
06:49:23 | INFO     | ════════════════════════════════════════════════════════════════════════════════
06:49:35 | INFO     | 💰 Kraken account balance: $342.20
06:49:35 | INFO     | [STACK] JITOSOLUSD short: 2 tools (ema_cross_short+entropy_short) → score 7.6 × 1.3 = 9.9
06:49:35 | INFO     | [STACK] ADAUSD short: 2 tools (ema_cross_short+entropy_short) → score 6.6 × 1.3 = 8.6
06:49:35 | INFO     | [STACK] XBTUSD short: 2 tools (ema_cross_short+entropy_short) → score 6.7 × 1.3 = 8.7
06:49:35 | INFO     | [STACK] RAVEUSD long: 3 tools (crash_neg_ac+mega_crash+flash_crash) → score 147.5 × 1.6 = 236.0
06:49:35 | INFO     | [BLACKLIST] RAVEUSD in mandatory cooldown (4.2h hard, 4.2h total) — skipping crash_neg_ac
06:49:35 | INFO     | Skipping buy_btc_leading (ZECUSD) - bull tool blocked in fear/bear (F&G=32, 82% bullish)
06:49:35 | INFO     | Skipping simple_buy_uptrend (DOTUSD) - bull tool blocked in fear/bear (F&G=32, 82% bullish)
06:49:35 | INFO     | Skipping simple_buy_uptrend (XMRUSD) - bull tool blocked in fear/bear (F&G=32, 82% bullish)
06:49:35 | DEBUG    | Skipping ema_cross_short (JITOSOLUSD) — short blocked (US Non-ECP margin restriction)
06:49:35 | DEBUG    | Skipping ema_cross_short (XBTUSD) — short blocked (US Non-ECP margin restriction)
06:49:35 | DEBUG    | Skipping ema_cross_short (ADAUSD) — short blocked (US Non-ECP margin restriction)
06:49:35 | INFO     | Skipping simple_buy_uptrend (XRPUSD) - bull tool blocked in fear/bear (F&G=32, 82% bullish)
06:49:35 | INFO     | Skipping buy_btc_leading (TAOUSD) - bull tool blocked in fear/bear (F&G=32, 82% bullish)
06:49:35 | DEBUG    | Skipping ema_cross_short (ZECUSD) — short blocked (US Non-ECP margin restriction)
06:49:35 | DEBUG    | Skipping ema_cross_short (SOLUSD) — short blocked (US Non-ECP margin restriction)
06:49:35 | DEBUG    | Skipping ema_cross_short (ETHUSD) — short blocked (US Non-ECP margin restriction)
06:49:35 | DEBUG    | Skipping ema_cross_short (DOTUSD) — short blocked (US Non-ECP margin restriction)
06:49:35 | DEBUG    | Skipping ema_cross_short (AVAXUSD) — short blocked (US Non-ECP margin restriction)
06:49:35 | DEBUG    | Skipping ema_cross_short (BNBUSD) — short blocked (US Non-ECP margin restriction)
06:49:35 | DEBUG    | Skipping ema_cross_short (XRPUSD) — short blocked (US Non-ECP margin restriction)
06:49:35 | DEBUG    | Skipping ema_cross_short (LINKUSD) — short blocked (US Non-ECP margin restriction)
06:49:35 | DEBUG    | Skipping ema_cross_short (LTCUSD) — short blocked (US Non-ECP margin restriction)
06:49:35 | INFO     | Skipping simple_buy_uptrend (LINKUSD) - bull tool blocked in fear/bear (F&G=32, 82% bullish)
06:49:35 | DEBUG    | Skipping ema_cross_short (TAOUSD) — short blocked (US Non-ECP margin restriction)
06:49:35 | DEBUG    | Skipping ema_cross_short (XMRUSD) — short blocked (US Non-ECP margin restriction)
06:49:35 | INFO     | [BLACKLIST] RAVEUSD in mandatory cooldown (4.2h hard, 4.2h total) — skipping distribution_short
06:49:35 | INFO     | [2026-04-22 06:49:35] CYCLE #4936 | F&G: 32 (Neutral) | Allocation: Grid 0% / Active 100%
06:49:35 | INFO     | Balance: $342.20 (start: $300.00, +14.1%) | Grid: $0.00 | Active: $274.10
06:49:35 | INFO     | Grid: 0 positions across 40 pairs | 0 round trips | $0.00 profit
06:49:35 | INFO     | Active: 1/8 positions open
06:49:35 | INFO     |   → HYPEUSD long +2.7% (btc_alt_spread, 18.0h held)
06:49:35 | INFO     | Signals this cycle: crash_neg_ac RAVEUSD (score 236.0), buy_btc_leading ZECUSD (score 23.1), ema_cross_short HYPEUSD (score 21.4)
06:49:35 | INFO     | MTF: 18% bearish 4h, 82% bullish 4h | Avg 4h RSI: 63.8
06:49:35 | INFO     | Tool streaks: entropy_dip L5
06:49:35 | INFO     | Cycle took 11.7s, sleeping 288.3s
06:49:35 | INFO     | ════════════════════════════════════════════════════════════════════════════════
06:51:24 | INFO     | 💰 VOLUME SPIKE: AAVEUSD 4.0x normal volume
06:51:25 | INFO     | 🔌 Real-time event during sleep! Processing...
06:52:47 | INFO     | 💰 VOLUME SPIKE: ATOMUSD 5.0x normal volume
06:52:55 | INFO     | 🔌 Real-time event during sleep! Processing...
06:54:11 | INFO     | 💰 VOLUME SPIKE: FILUSD 5.0x normal volume
06:54:15 | INFO     | 🔌 Real-time event during sleep! Processing...
06:54:24 | INFO     | ════════════════════════════════════════════════════════════════════════════════
06:54:35 | INFO     | 💰 Kraken account balance: $342.22
06:54:36 | INFO     | [STACK] JITOSOLUSD short: 2 tools (ema_cross_short+entropy_short) → score 7.6 × 1.3 = 9.9
06:54:36 | INFO     | [STACK] ADAUSD short: 2 tools (ema_cross_short+entropy_short) → score 6.5 × 1.3 = 8.5
06:54:36 | INFO     | [STACK] XBTUSD short: 2 tools (ema_cross_short+entropy_short) → score 6.7 × 1.3 = 8.7
06:54:36 | INFO     | [STACK] RAVEUSD long: 3 tools (crash_neg_ac+mega_crash+flash_crash) → score 148.0 × 1.6 = 236.9
06:54:36 | INFO     | [BLACKLIST] RAVEUSD in mandatory cooldown (4.1h hard, 4.1h total) — skipping crash_neg_ac
06:54:36 | INFO     | Skipping buy_btc_leading (ZECUSD) - bull tool blocked in fear/bear (F&G=32, 82% bullish)
06:54:36 | INFO     | Skipping simple_buy_uptrend (DOTUSD) - bull tool blocked in fear/bear (F&G=32, 82% bullish)
06:54:36 | INFO     | Skipping simple_buy_uptrend (XMRUSD) - bull tool blocked in fear/bear (F&G=32, 82% bullish)
06:54:36 | DEBUG    | Skipping ema_cross_short (JITOSOLUSD) — short blocked (US Non-ECP margin restriction)
06:54:36 | DEBUG    | Skipping ema_cross_short (XBTUSD) — short blocked (US Non-ECP margin restriction)
06:54:36 | DEBUG    | Skipping ema_cross_short (ADAUSD) — short blocked (US Non-ECP margin restriction)
06:54:36 | INFO     | Skipping simple_buy_uptrend (XRPUSD) - bull tool blocked in fear/bear (F&G=32, 82% bullish)
06:54:36 | INFO     | Skipping buy_btc_leading (TAOUSD) - bull tool blocked in fear/bear (F&G=32, 82% bullish)
06:54:36 | DEBUG    | Skipping ema_cross_short (ZECUSD) — short blocked (US Non-ECP margin restriction)
06:54:36 | DEBUG    | Skipping ema_cross_short (ETHUSD) — short blocked (US Non-ECP margin restriction)
06:54:36 | DEBUG    | Skipping ema_cross_short (SOLUSD) — short blocked (US Non-ECP margin restriction)
06:54:36 | DEBUG    | Skipping ema_cross_short (DOTUSD) — short blocked (US Non-ECP margin restriction)
06:54:36 | DEBUG    | Skipping ema_cross_short (AVAXUSD) — short blocked (US Non-ECP margin restriction)
06:54:36 | DEBUG    | Skipping ema_cross_short (BNBUSD) — short blocked (US Non-ECP margin restriction)
06:54:36 | DEBUG    | Skipping ema_cross_short (XRPUSD) — short blocked (US Non-ECP margin restriction)
06:54:36 | DEBUG    | Skipping ema_cross_short (LINKUSD) — short blocked (US Non-ECP margin restriction)
06:54:36 | DEBUG    | Skipping ema_cross_short (LTCUSD) — short blocked (US Non-ECP margin restriction)
06:54:36 | INFO     | Skipping simple_buy_uptrend (LINKUSD) - bull tool blocked in fear/bear (F&G=32, 82% bullish)
06:54:36 | DEBUG    | Skipping ema_cross_short (TAOUSD) — short blocked (US Non-ECP margin restriction)
06:54:36 | DEBUG    | Skipping ema_cross_short (XMRUSD) — short blocked (US Non-ECP margin restriction)
06:54:36 | INFO     | [BLACKLIST] RAVEUSD in mandatory cooldown (4.1h hard, 4.1h total) — skipping distribution_short
06:54:36 | INFO     | [2026-04-22 06:54:36] CYCLE #4937 | F&G: 32 (Neutral) | Allocation: Grid 0% / Active 100%
06:54:36 | INFO     | Balance: $342.22 (start: $300.00, +14.1%) | Grid: $0.00 | Active: $274.12
06:54:36 | INFO     | Grid: 0 positions across 40 pairs | 0 round trips | $0.00 profit
06:54:36 | INFO     | Active: 1/8 positions open
06:54:36 | INFO     |   → HYPEUSD long +2.7% (btc_alt_spread, 18.1h held)
06:54:36 | INFO     | Signals this cycle: crash_neg_ac RAVEUSD (score 236.9), buy_btc_leading ZECUSD (score 23.1), ema_cross_short HYPEUSD (score 21.4)
06:54:36 | INFO     | MTF: 18% bearish 4h, 82% bullish 4h | Avg 4h RSI: 64.1
06:54:36 | INFO     | Tool streaks: entropy_dip L5
06:54:36 | INFO     | Cycle took 11.9s, sleeping 288.1s
06:54:36 | INFO     | ════════════════════════════════════════════════════════════════════════════════
06:55:00 | INFO     | 💰 VOLUME SPIKE: NEARUSD 5.0x normal volume
06:55:06 | INFO     | 🔌 Real-time event during sleep! Processing...
06:55:18 | INFO     | 💰 VOLUME SPIKE: ADAUSD 3.8x normal volume
06:55:26 | INFO     | 🔌 Real-time event during sleep! Processing...
06:56:36 | INFO     | 💰 VOLUME SPIKE: XRPUSD 3.8x normal volume
06:56:46 | INFO     | 🔌 Real-time event during sleep! Processing...
06:57:19 | INFO     | 💰 VOLUME SPIKE: AVAXUSD 5.0x normal volume
06:57:26 | INFO     | 🔌 Real-time event during sleep! Processing...
06:57:46 | INFO     | 💰 VOLUME SPIKE: SOLUSD 4.7x normal volume
06:57:56 | INFO     | 🔌 Real-time event during sleep! Processing...
06:58:36 | INFO     | 💰 VOLUME SPIKE: XLMUSD 4.1x normal volume
06:58:46 | INFO     | 🔌 Real-time event during sleep! Processing...
06:59:24 | INFO     | ════════════════════════════════════════════════════════════════════════════════
06:59:35 | INFO     | 💰 Kraken account balance: $342.29
06:59:35 | INFO     | [STACK] JITOSOLUSD short: 2 tools (ema_cross_short+entropy_short) → score 7.6 × 1.3 = 9.9
06:59:35 | INFO     | [STACK] ADAUSD short: 2 tools (ema_cross_short+entropy_short) → score 6.5 × 1.3 = 8.4
06:59:35 | INFO     | [STACK] XBTUSD short: 2 tools (ema_cross_short+entropy_short) → score 6.7 × 1.3 = 8.7
06:59:35 | INFO     | [STACK] RAVEUSD long: 3 tools (crash_neg_ac+mega_crash+flash_crash) → score 160.2 × 1.6 = 256.3
06:59:35 | INFO     | [BLACKLIST] RAVEUSD in mandatory cooldown (4.0h hard, 4.0h total) — skipping crash_neg_ac
06:59:35 | INFO     | Skipping buy_btc_leading (ZECUSD) - bull tool blocked in fear/bear (F&G=32, 82% bullish)
06:59:35 | INFO     | Skipping simple_buy_uptrend (DOTUSD) - bull tool blocked in fear/bear (F&G=32, 82% bullish)
06:59:35 | INFO     | Skipping simple_buy_uptrend (XMRUSD) - bull tool blocked in fear/bear (F&G=32, 82% bullish)
06:59:35 | DEBUG    | Skipping ema_cross_short (JITOSOLUSD) — short blocked (US Non-ECP margin restriction)
06:59:35 | DEBUG    | Skipping ema_cross_short (XBTUSD) — short blocked (US Non-ECP margin restriction)
06:59:35 | DEBUG    | Skipping ema_cross_short (ADAUSD) — short blocked (US Non-ECP margin restriction)
06:59:35 | INFO     | Skipping simple_buy_uptrend (XRPUSD) - bull tool blocked in fear/bear (F&G=32, 82% bullish)
06:59:35 | INFO     | Skipping buy_btc_leading (TAOUSD) - bull tool blocked in fear/bear (F&G=32, 82% bullish)
06:59:35 | INFO     | Skipping buy_btc_leading (AVAXUSD) - bull tool blocked in fear/bear (F&G=32, 82% bullish)
06:59:35 | DEBUG    | Skipping ema_cross_short (ZECUSD) — short blocked (US Non-ECP margin restriction)
06:59:35 | DEBUG    | Skipping ema_cross_short (SOLUSD) — short blocked (US Non-ECP margin restriction)
06:59:35 | DEBUG    | Skipping ema_cross_short (ETHUSD) — short blocked (US Non-ECP margin restriction)
06:59:35 | DEBUG    | Skipping ema_cross_short (DOTUSD) — short blocked (US Non-ECP margin restriction)
06:59:35 | DEBUG    | Skipping ema_cross_short (AVAXUSD) — short blocked (US Non-ECP margin restriction)
06:59:35 | DEBUG    | Skipping ema_cross_short (BNBUSD) — short blocked (US Non-ECP margin restriction)
06:59:35 | DEBUG    | Skipping ema_cross_short (XRPUSD) — short blocked (US Non-ECP margin restriction)
06:59:35 | DEBUG    | Skipping ema_cross_short (LTCUSD) — short blocked (US Non-ECP margin restriction)
06:59:35 | DEBUG    | Skipping ema_cross_short (LINKUSD) — short blocked (US Non-ECP margin restriction)
06:59:35 | INFO     | Skipping simple_buy_uptrend (LINKUSD) - bull tool blocked in fear/bear (F&G=32, 82% bullish)
06:59:35 | DEBUG    | Skipping ema_cross_short (TAOUSD) — short blocked (US Non-ECP margin restriction)
06:59:35 | INFO     | Skipping simple_buy_uptrend (BNBUSD) - bull tool blocked in fear/bear (F&G=32, 82% bullish)
06:59:35 | DEBUG    | Skipping ema_cross_short (XMRUSD) — short blocked (US Non-ECP margin restriction)
06:59:35 | INFO     | [BLACKLIST] RAVEUSD in mandatory cooldown (4.0h hard, 4.0h total) — skipping distribution_short
06:59:35 | INFO     | [2026-04-22 06:59:35] CYCLE #4938 | F&G: 32 (Neutral) | Allocation: Grid 0% / Active 100%
06:59:35 | INFO     | Balance: $342.29 (start: $300.00, +14.1%) | Grid: $0.00 | Active: $274.19
06:59:35 | INFO     | Grid: 0 positions across 40 pairs | 0 round trips | $0.00 profit
06:59:35 | INFO     | Active: 1/8 positions open
06:59:35 | INFO     |   → HYPEUSD long +2.8% (btc_alt_spread, 18.2h held)
06:59:35 | INFO     | Signals this cycle: crash_neg_ac RAVEUSD (score 256.3), buy_btc_leading ZECUSD (score 23.1), ema_cross_short HYPEUSD (score 21.6)
06:59:35 | INFO     | MTF: 18% bearish 4h, 82% bullish 4h | Avg 4h RSI: 63.6
06:59:35 | INFO     | Tool streaks: entropy_dip L5
06:59:35 | INFO     | Cycle took 11.5s, sleeping 288.5s
06:59:35 | INFO     | ════════════════════════════════════════════════════════════════════════════════
07:00:49 | INFO     | 💰 VOLUME SPIKE: ETHUSD 3.2x normal volume
07:00:55 | INFO     | 🔌 Real-time event during sleep! Processing...
07:01:20 | INFO     | 💰 VOLUME SPIKE: LINKUSD 4.1x normal volume
07:01:25 | INFO     | 🔌 Real-time event during sleep! Processing...
07:02:00 | INFO     | 💰 VOLUME SPIKE: XBTUSD 4.6x normal volume
07:02:05 | INFO     | 🔌 Real-time event during sleep! Processing...
07:02:45 | INFO     | 💰 VOLUME SPIKE: LTCUSD 3.4x normal volume
07:02:45 | INFO     | 🔌 Real-time event during sleep! Processing...
07:03:57 | INFO     | 💰 VOLUME SPIKE: ATOMUSD 5.0x normal volume
07:04:06 | INFO     | 🔌 Real-time event during sleep! Processing...
07:04:07 | INFO     | 💰 VOLUME SPIKE: DOTUSD 3.4x normal volume
07:04:16 | INFO     | 🔌 Real-time event during sleep! Processing...
07:04:24 | INFO     | ════════════════════════════════════════════════════════════════════════════════
07:04:36 | INFO     | 💰 Kraken account balance: $342.43
07:04:36 | INFO     | [STACK] JITOSOLUSD short: 2 tools (ema_cross_short+entropy_short) → score 7.4 × 1.3 = 9.6
07:04:36 | INFO     | [STACK] ZECUSD short: 2 tools (distribution_short+ema_cross_short) → score 8.9 × 1.3 = 11.5
07:04:36 | INFO     | [STACK] ADAUSD short: 2 tools (ema_cross_short+entropy_short) → score 6.4 × 1.3 = 8.3
07:04:36 | INFO     | [STACK] XBTUSD short: 2 tools (ema_cross_short+entropy_short) → score 6.6 × 1.3 = 8.6
07:04:36 | INFO     | [STACK] LINKUSD short: 2 tools (ema_cross_short+distribution_short) → score 5.3 × 1.3 = 6.8
07:04:36 | INFO     | [STACK] RAVEUSD long: 3 tools (crash_neg_ac+mega_crash+flash_crash) → score 259.7 × 1.6 = 415.6
07:04:36 | INFO     | [STACK] XRPUSD short: 2 tools (ema_cross_short+entropy_short) → score 5.3 × 1.3 = 7.0
07:04:36 | INFO     | [BLACKLIST] RAVEUSD in mandatory cooldown (3.9h hard, 3.9h total) — skipping crash_neg_ac
07:04:36 | INFO     | Skipping buy_btc_leading (ZECUSD) - bull tool blocked in fear/bear (F&G=32, 82% bullish)
07:04:36 | DEBUG    | Skipping distribution_short (XMRUSD) — short blocked (US Non-ECP margin restriction)
07:04:36 | INFO     | [BEARISH OVERLAY] simple_buy_uptrend XMRUSD blocked — distribution_short short score 18.4 active
07:04:36 | DEBUG    | Skipping distribution_short (ZECUSD) — short blocked (US Non-ECP margin restriction)
07:04:36 | DEBUG    | Skipping ema_cross_short (JITOSOLUSD) — short blocked (US Non-ECP margin restriction)
07:04:36 | INFO     | Skipping buy_btc_leading (TAOUSD) - bull tool blocked in fear/bear (F&G=32, 82% bullish)
07:04:36 | DEBUG    | Skipping ema_cross_short (XBTUSD) — short blocked (US Non-ECP margin restriction)
07:04:36 | DEBUG    | Skipping ema_cross_short (ADAUSD) — short blocked (US Non-ECP margin restriction)
07:04:36 | INFO     | Skipping simple_buy_uptrend (XRPUSD) - bull tool blocked in fear/bear (F&G=32, 82% bullish)
07:04:36 | DEBUG    | Skipping ema_cross_short (XRPUSD) — short blocked (US Non-ECP margin restriction)
07:04:36 | DEBUG    | Skipping ema_cross_short (SOLUSD) — short blocked (US Non-ECP margin restriction)
07:04:36 | DEBUG    | Skipping ema_cross_short (LINKUSD) — short blocked (US Non-ECP margin restriction)
07:04:36 | DEBUG    | Skipping ema_cross_short (ETHUSD) — short blocked (US Non-ECP margin restriction)
07:04:36 | DEBUG    | Skipping ema_cross_short (DOTUSD) — short blocked (US Non-ECP margin restriction)
07:04:36 | DEBUG    | Skipping ema_cross_short (AVAXUSD) — short blocked (US Non-ECP margin restriction)
07:04:36 | DEBUG    | Skipping ema_cross_short (BNBUSD) — short blocked (US Non-ECP margin restriction)
07:04:36 | DEBUG    | Skipping ema_cross_short (LTCUSD) — short blocked (US Non-ECP margin restriction)
07:04:36 | DEBUG    | Skipping ema_cross_short (TAOUSD) — short blocked (US Non-ECP margin restriction)
07:04:36 | INFO     | Skipping simple_buy_uptrend (LINKUSD) - bull tool blocked in fear/bear (F&G=32, 82% bullish)
07:04:36 | INFO     | Skipping simple_buy_uptrend (LTCUSD) - bull tool blocked in fear/bear (F&G=32, 82% bullish)
07:04:36 | INFO     | [BLACKLIST] RAVEUSD in mandatory cooldown (3.9h hard, 3.9h total) — skipping distribution_short
07:04:36 | INFO     | [2026-04-22 07:04:36] CYCLE #4939 | F&G: 32 (Neutral) | Allocation: Grid 0% / Active 100%
07:04:36 | INFO     | Balance: $342.43 (start: $300.00, +14.1%) | Grid: $0.00 | Active: $274.33
07:04:36 | INFO     | Grid: 0 positions across 40 pairs | 0 round trips | $0.00 profit
07:04:36 | INFO     | Active: 1/8 positions open
07:04:36 | INFO     |   → HYPEUSD long +3.0% (btc_alt_spread, 18.3h held)
07:04:36 | INFO     | Signals this cycle: crash_neg_ac RAVEUSD (score 415.6), ema_cross_short HYPEUSD (score 23.2), buy_btc_leading ZECUSD (score 22.8)
07:04:36 | INFO     | MTF: 18% bearish 4h, 82% bullish 4h | Avg 4h RSI: 64.4
07:04:36 | INFO     | Tool streaks: entropy_dip L5
07:04:36 | INFO     | Cycle took 11.6s, sleeping 288.4s
07:04:36 | INFO     | ════════════════════════════════════════════════════════════════════════════════
07:07:11 | INFO     | 💰 VOLUME SPIKE: NEARUSD 5.0x normal volume
07:07:16 | INFO     | 🔌 Real-time event during sleep! Processing...
07:07:21 | INFO     | 💰 VOLUME SPIKE: AAVEUSD 5.0x normal volume
07:07:26 | INFO     | 🔌 Real-time event during sleep! Processing...
07:08:33 | INFO     | 💰 VOLUME SPIKE: XRPUSD 3.3x normal volume
07:08:36 | INFO     | 🔌 Real-time event during sleep! Processing...
07:08:53 | INFO     | 💰 VOLUME SPIKE: ADAUSD 4.3x normal volume
07:08:56 | INFO     | 🔌 Real-time event during sleep! Processing...
07:09:21 | INFO     | 💰 VOLUME SPIKE: SOLUSD 3.9x normal volume
07:09:24 | INFO     | 🔌 Real-time event during sleep! Processing...
07:09:24 | INFO     | ════════════════════════════════════════════════════════════════════════════════
07:09:26 | INFO     | 💰 VOLUME SPIKE: UNIUSD 5.0x normal volume
07:09:37 | INFO     | 💰 Kraken account balance: $342.31
07:09:37 | INFO     | [VOLATILITY] Scanning 659 USD pairs for volatility...
07:09:40 | INFO     | [VOLATILITY] Selected 20 pairs (from 10 liquid). Top 5: RAVEUSD (score=0.44, vol=61.7%, pos=36%), XZECZUSD (score=0.07, vol=9.5%, pos=44%), HYPEUSD (score=0.07, vol=5.7%, pos=92%), XETHZUSD (score=0.06, vol=5.7%, pos=78%), JITOSOLUSD (score=0.06, vol=5.3%, pos=85%)
07:09:41 | INFO     | [STACK] JITOSOLUSD short: 2 tools (ema_cross_short+entropy_short) → score 7.4 × 1.3 = 9.6
07:09:41 | INFO     | [STACK] ZECUSD short: 2 tools (distribution_short+ema_cross_short) → score 8.5 × 1.3 = 11.1
07:09:41 | INFO     | [STACK] ADAUSD short: 2 tools (ema_cross_short+entropy_short) → score 6.4 × 1.3 = 8.3
07:09:41 | INFO     | [STACK] XBTUSD short: 2 tools (ema_cross_short+entropy_short) → score 6.5 × 1.3 = 8.5
07:09:41 | INFO     | [STACK] RAVEUSD long: 3 tools (crash_neg_ac+mega_crash+flash_crash) → score 244.1 × 1.6 = 390.5
07:09:41 | INFO     | [STACK] XRPUSD short: 2 tools (ema_cross_short+entropy_short) → score 5.2 × 1.3 = 6.8
07:09:41 | INFO     | [BLACKLIST] RAVEUSD in mandatory cooldown (3.8h hard, 3.8h total) — skipping crash_neg_ac
07:09:41 | INFO     | Skipping buy_btc_leading (ZECUSD) - bull tool blocked in fear/bear (F&G=32, 82% bullish)
07:09:41 | DEBUG    | Skipping distribution_short (XMRUSD) — short blocked (US Non-ECP margin restriction)
07:09:41 | INFO     | [BEARISH OVERLAY] simple_buy_uptrend XMRUSD blocked — distribution_short short score 18.4 active
07:09:41 | DEBUG    | Skipping distribution_short (ZECUSD) — short blocked (US Non-ECP margin restriction)
07:09:41 | DEBUG    | Skipping ema_cross_short (JITOSOLUSD) — short blocked (US Non-ECP margin restriction)
07:09:41 | INFO     | Skipping buy_btc_leading (TAOUSD) - bull tool blocked in fear/bear (F&G=32, 82% bullish)
07:09:41 | DEBUG    | Skipping ema_cross_short (XBTUSD) — short blocked (US Non-ECP margin restriction)
07:09:41 | DEBUG    | Skipping ema_cross_short (ADAUSD) — short blocked (US Non-ECP margin restriction)
07:09:41 | INFO     | Skipping simple_buy_uptrend (XRPUSD) - bull tool blocked in fear/bear (F&G=32, 82% bullish)
07:09:41 | INFO     | Skipping buy_btc_leading (AVAXUSD) - bull tool blocked in fear/bear (F&G=32, 82% bullish)
07:09:41 | DEBUG    | Skipping ema_cross_short (XRPUSD) — short blocked (US Non-ECP margin restriction)
07:09:41 | DEBUG    | Skipping ema_cross_short (SOLUSD) — short blocked (US Non-ECP margin restriction)
07:09:41 | DEBUG    | Skipping ema_cross_short (DOTUSD) — short blocked (US Non-ECP margin restriction)
07:09:41 | DEBUG    | Skipping ema_cross_short (ETHUSD) — short blocked (US Non-ECP margin restriction)
07:09:41 | DEBUG    | Skipping ema_cross_short (AVAXUSD) — short blocked (US Non-ECP margin restriction)
07:09:41 | DEBUG    | Skipping ema_cross_short (LTCUSD) — short blocked (US Non-ECP margin restriction)
07:09:41 | DEBUG    | Skipping ema_cross_short (BNBUSD) — short blocked (US Non-ECP margin restriction)
07:09:41 | DEBUG    | Skipping ema_cross_short (LINKUSD) — short blocked (US Non-ECP margin restriction)
07:09:41 | DEBUG    | Skipping ema_cross_short (TAOUSD) — short blocked (US Non-ECP margin restriction)
07:09:41 | INFO     | Skipping simple_buy_uptrend (BNBUSD) - bull tool blocked in fear/bear (F&G=32, 82% bullish)
07:09:41 | INFO     | Skipping simple_buy_uptrend (LINKUSD) - bull tool blocked in fear/bear (F&G=32, 82% bullish)
07:09:41 | INFO     | Skipping simple_buy_uptrend (LTCUSD) - bull tool blocked in fear/bear (F&G=32, 82% bullish)
07:09:41 | INFO     | [BLACKLIST] RAVEUSD in mandatory cooldown (3.8h hard, 3.8h total) — skipping distribution_short
07:09:41 | INFO     | [2026-04-22 07:09:41] CYCLE #4940 | F&G: 32 (Neutral) | Allocation: Grid 0% / Active 100%
07:09:41 | INFO     | Balance: $342.31 (start: $300.00, +14.1%) | Grid: $0.00 | Active: $274.20
07:09:41 | INFO     | Grid: 0 positions across 40 pairs | 0 round trips | $0.00 profit
07:09:41 | INFO     | Active: 1/8 positions open
07:09:41 | INFO     |   → HYPEUSD long +2.8% (btc_alt_spread, 18.4h held)
07:09:41 | INFO     | Signals this cycle: crash_neg_ac RAVEUSD (score 390.5), ema_cross_short HYPEUSD (score 22.8), buy_btc_leading ZECUSD (score 22.6)
07:09:41 | INFO     | MTF: 18% bearish 4h, 82% bullish 4h | Avg 4h RSI: 63.4
07:09:41 | INFO     | Tool streaks: entropy_dip L5
07:09:41 | INFO     | Cycle took 16.2s, sleeping 283.8s
07:09:41 | INFO     | ════════════════════════════════════════════════════════════════════════════════
07:09:51 | INFO     | 🔌 Real-time event during sleep! Processing...
07:09:57 | INFO     | 💰 VOLUME SPIKE: XLMUSD 4.5x normal volume
07:10:01 | INFO     | 🔌 Real-time event during sleep! Processing...
07:13:48 | INFO     | 💰 VOLUME SPIKE: FILUSD 5.0x normal volume
07:13:51 | INFO     | 🔌 Real-time event during sleep! Processing...
07:14:11 | INFO     | 💰 VOLUME SPIKE: LTCUSD 3.9x normal volume
07:14:21 | INFO     | 🔌 Real-time event during sleep! Processing...
07:14:25 | INFO     | ════════════════════════════════════════════════════════════════════════════════
07:14:35 | INFO     | 💰 Kraken account balance: $342.14
07:14:35 | INFO     | [STACK] JITOSOLUSD short: 2 tools (ema_cross_short+entropy_short) → score 7.4 × 1.3 = 9.6
07:14:35 | INFO     | [STACK] ADAUSD short: 2 tools (ema_cross_short+entropy_short) → score 6.4 × 1.3 = 8.3
07:14:35 | INFO     | [STACK] XBTUSD short: 2 tools (ema_cross_short+entropy_short) → score 6.5 × 1.3 = 8.5
07:14:35 | INFO     | [STACK] RAVEUSD long: 3 tools (crash_neg_ac+mega_crash+flash_crash) → score 268.5 × 1.6 = 429.7
07:14:35 | INFO     | [STACK] XRPUSD short: 2 tools (ema_cross_short+entropy_short) → score 5.3 × 1.3 = 6.9
07:14:35 | INFO     | [BLACKLIST] RAVEUSD in mandatory cooldown (3.8h hard, 3.8h total) — skipping crash_neg_ac
07:14:35 | INFO     | Skipping buy_btc_leading (ZECUSD) - bull tool blocked in fear/bear (F&G=32, 82% bullish)
07:14:35 | DEBUG    | Skipping distribution_short (XMRUSD) — short blocked (US Non-ECP margin restriction)
07:14:35 | INFO     | Skipping simple_buy_uptrend (DOTUSD) - bull tool blocked in fear/bear (F&G=32, 82% bullish)
07:14:35 | DEBUG    | Skipping distribution_short (ZECUSD) — short blocked (US Non-ECP margin restriction)
07:14:35 | INFO     | [BEARISH OVERLAY] simple_buy_uptrend XMRUSD blocked — distribution_short short score 18.4 active
07:14:35 | DEBUG    | Skipping ema_cross_short (JITOSOLUSD) — short blocked (US Non-ECP margin restriction)
07:14:35 | INFO     | Skipping buy_btc_leading (TAOUSD) - bull tool blocked in fear/bear (F&G=32, 82% bullish)
07:14:35 | DEBUG    | Skipping ema_cross_short (XBTUSD) — short blocked (US Non-ECP margin restriction)
07:14:35 | DEBUG    | Skipping ema_cross_short (ADAUSD) — short blocked (US Non-ECP margin restriction)
07:14:35 | INFO     | Skipping simple_buy_uptrend (XRPUSD) - bull tool blocked in fear/bear (F&G=32, 82% bullish)
07:14:35 | DEBUG    | Skipping ema_cross_short (XRPUSD) — short blocked (US Non-ECP margin restriction)
07:14:35 | DEBUG    | Skipping ema_cross_short (SOLUSD) — short blocked (US Non-ECP margin restriction)
07:14:35 | DEBUG    | Skipping ema_cross_short (ETHUSD) — short blocked (US Non-ECP margin restriction)
07:14:35 | DEBUG    | Skipping ema_cross_short (DOTUSD) — short blocked (US Non-ECP margin restriction)
07:14:35 | DEBUG    | Skipping ema_cross_short (AVAXUSD) — short blocked (US Non-ECP margin restriction)
07:14:35 | DEBUG    | Skipping ema_cross_short (BNBUSD) — short blocked (US Non-ECP margin restriction)
07:14:35 | DEBUG    | Skipping ema_cross_short (LTCUSD) — short blocked (US Non-ECP margin restriction)
07:14:35 | DEBUG    | Skipping ema_cross_short (LINKUSD) — short blocked (US Non-ECP margin restriction)
07:14:35 | DEBUG    | Skipping ema_cross_short (TAOUSD) — short blocked (US Non-ECP margin restriction)
07:14:35 | INFO     | Skipping simple_buy_uptrend (BNBUSD) - bull tool blocked in fear/bear (F&G=32, 82% bullish)
07:14:35 | INFO     | Skipping simple_buy_uptrend (LINKUSD) - bull tool blocked in fear/bear (F&G=32, 82% bullish)
07:14:35 | INFO     | Skipping simple_buy_uptrend (LTCUSD) - bull tool blocked in fear/bear (F&G=32, 82% bullish)
07:14:35 | INFO     | [BLACKLIST] RAVEUSD in mandatory cooldown (3.8h hard, 3.8h total) — skipping distribution_short
07:14:35 | INFO     | [2026-04-22 07:14:35] CYCLE #4941 | F&G: 32 (Neutral) | Allocation: Grid 0% / Active 100%
07:14:35 | INFO     | Balance: $342.14 (start: $300.00, +14.0%) | Grid: $0.00 | Active: $274.04
07:14:35 | INFO     | Grid: 0 positions across 40 pairs | 0 round trips | $0.00 profit
07:14:35 | INFO     | Active: 1/8 positions open
07:14:35 | INFO     |   → HYPEUSD long +2.6% (btc_alt_spread, 18.4h held)
07:14:35 | INFO     | Signals this cycle: crash_neg_ac RAVEUSD (score 429.7), buy_btc_leading ZECUSD (score 22.8), ema_cross_short HYPEUSD (score 22.2)
07:14:35 | INFO     | MTF: 18% bearish 4h, 82% bullish 4h | Avg 4h RSI: 63.2
07:14:35 | INFO     | Tool streaks: entropy_dip L5
07:14:35 | INFO     | Cycle took 10.1s, sleeping 289.9s
07:14:35 | INFO     | ════════════════════════════════════════════════════════════════════════════════
07:18:48 | INFO     | 💰 VOLUME SPIKE: NEARUSD 4.4x normal volume
07:18:55 | INFO     | 🔌 Real-time event during sleep! Processing...
07:18:55 | INFO     | 💰 VOLUME SPIKE: ATOMUSD 5.0x normal volume
07:19:05 | INFO     | 🔌 Real-time event during sleep! Processing...
07:19:19 | INFO     | 💰 VOLUME SPIKE: ADAUSD 3.1x normal volume
07:19:19 | INFO     | 💰 VOLUME SPIKE: ETHUSD 3.8x normal volume
07:19:25 | INFO     | 🔌 Real-time event during sleep! Processing...
07:19:25 | INFO     | ════════════════════════════════════════════════════════════════════════════════
07:19:36 | INFO     | 💰 Kraken account balance: $342.15
07:19:36 | INFO     | [STACK] JITOSOLUSD short: 2 tools (ema_cross_short+entropy_short) → score 7.4 × 1.3 = 9.6
07:19:36 | INFO     | [STACK] ZECUSD short: 2 tools (distribution_short+ema_cross_short) → score 8.0 × 1.3 = 10.4
07:19:36 | INFO     | [STACK] ADAUSD short: 2 tools (ema_cross_short+entropy_short) → score 6.4 × 1.3 = 8.4
07:19:36 | INFO     | [STACK] XBTUSD short: 2 tools (ema_cross_short+entropy_short) → score 6.6 × 1.3 = 8.5
07:19:36 | INFO     | [STACK] RAVEUSD long: 3 tools (crash_neg_ac+mega_crash+flash_crash) → score 262.4 × 1.6 = 419.9
07:19:36 | INFO     | [STACK] XRPUSD short: 2 tools (ema_cross_short+entropy_short) → score 5.3 × 1.3 = 6.9
07:19:36 | INFO     | [BLACKLIST] RAVEUSD in mandatory cooldown (3.7h hard, 3.7h total) — skipping crash_neg_ac
07:19:36 | INFO     | Skipping buy_btc_leading (ZECUSD) - bull tool blocked in fear/bear (F&G=32, 82% bullish)
07:19:36 | DEBUG    | Skipping distribution_short (XMRUSD) — short blocked (US Non-ECP margin restriction)
07:19:36 | INFO     | Skipping simple_buy_uptrend (DOTUSD) - bull tool blocked in fear/bear (F&G=32, 82% bullish)
07:19:36 | DEBUG    | Skipping distribution_short (ZECUSD) — short blocked (US Non-ECP margin restriction)
07:19:36 | DEBUG    | Skipping ema_cross_short (JITOSOLUSD) — short blocked (US Non-ECP margin restriction)
07:19:36 | INFO     | Skipping buy_btc_leading (TAOUSD) - bull tool blocked in fear/bear (F&G=32, 82% bullish)
07:19:36 | DEBUG    | Skipping ema_cross_short (XBTUSD) — short blocked (US Non-ECP margin restriction)
07:19:36 | DEBUG    | Skipping ema_cross_short (ADAUSD) — short blocked (US Non-ECP margin restriction)
07:19:36 | INFO     | Skipping simple_buy_uptrend (XRPUSD) - bull tool blocked in fear/bear (F&G=32, 82% bullish)
07:19:36 | DEBUG    | Skipping ema_cross_short (XRPUSD) — short blocked (US Non-ECP margin restriction)
07:19:36 | DEBUG    | Skipping ema_cross_short (SOLUSD) — short blocked (US Non-ECP margin restriction)
07:19:36 | DEBUG    | Skipping ema_cross_short (ETHUSD) — short blocked (US Non-ECP margin restriction)
07:19:36 | DEBUG    | Skipping ema_cross_short (DOTUSD) — short blocked (US Non-ECP margin restriction)
07:19:36 | DEBUG    | Skipping ema_cross_short (AVAXUSD) — short blocked (US Non-ECP margin restriction)
07:19:36 | DEBUG    | Skipping ema_cross_short (BNBUSD) — short blocked (US Non-ECP margin restriction)
07:19:36 | DEBUG    | Skipping ema_cross_short (LINKUSD) — short blocked (US Non-ECP margin restriction)
07:19:36 | DEBUG    | Skipping ema_cross_short (LTCUSD) — short blocked (US Non-ECP margin restriction)
07:19:36 | DEBUG    | Skipping ema_cross_short (TAOUSD) — short blocked (US Non-ECP margin restriction)
07:19:36 | INFO     | Skipping simple_buy_uptrend (LINKUSD) - bull tool blocked in fear/bear (F&G=32, 82% bullish)
07:19:36 | INFO     | Skipping simple_buy_uptrend (BNBUSD) - bull tool blocked in fear/bear (F&G=32, 82% bullish)
07:19:36 | INFO     | Skipping simple_buy_uptrend (LTCUSD) - bull tool blocked in fear/bear (F&G=32, 82% bullish)
07:19:36 | INFO     | [BLACKLIST] RAVEUSD in mandatory cooldown (3.7h hard, 3.7h total) — skipping distribution_short
07:19:36 | INFO     | [2026-04-22 07:19:36] CYCLE #4942 | F&G: 32 (Neutral) | Allocation: Grid 0% / Active 100%
07:19:36 | INFO     | Balance: $342.15 (start: $300.00, +14.1%) | Grid: $0.00 | Active: $274.05
07:19:36 | INFO     | Grid: 0 positions across 40 pairs | 0 round trips | $0.00 profit
07:19:36 | INFO     | Active: 1/8 positions open
07:19:36 | INFO     |   → HYPEUSD long +2.6% (btc_alt_spread, 18.5h held)
07:19:36 | INFO     | Signals this cycle: crash_neg_ac RAVEUSD (score 419.9), buy_btc_leading ZECUSD (score 22.7), ema_cross_short HYPEUSD (score 22.3)
07:19:36 | INFO     | MTF: 18% bearish 4h, 82% bullish 4h | Avg 4h RSI: 63.2
07:19:36 | INFO     | Tool streaks: entropy_dip L5
07:19:36 | INFO     | Cycle took 11.1s, sleeping 288.9s
07:19:36 | INFO     | ════════════════════════════════════════════════════════════════════════════════
07:20:28 | INFO     | 💰 VOLUME SPIKE: AVAXUSD 5.0x normal volume
07:20:28 | INFO     | 💰 VOLUME SPIKE: XLMUSD 3.2x normal volume
07:20:36 | INFO     | 🔌 Real-time event during sleep! Processing...
07:21:30 | INFO     | 💰 VOLUME SPIKE: XRPUSD 3.2x normal volume
07:21:36 | INFO     | 🔌 Real-time event during sleep! Processing...
07:22:33 | INFO     | 💰 VOLUME SPIKE: AAVEUSD 5.0x normal volume
07:22:36 | INFO     | 🔌 Real-time event during sleep! Processing...
07:23:57 | INFO     | 💰 VOLUME SPIKE: UNIUSD 5.0x normal volume
07:24:06 | INFO     | 🔌 Real-time event during sleep! Processing...
07:24:12 | INFO     | 💰 VOLUME SPIKE: LINKUSD 5.0x normal volume
07:24:16 | INFO     | 🔌 Real-time event during sleep! Processing...
07:24:25 | INFO     | ════════════════════════════════════════════════════════════════════════════════
07:24:27 | INFO     | 💰 VOLUME SPIKE: DOTUSD 3.1x normal volume
07:24:36 | INFO     | 💰 Kraken account balance: $342.03
07:24:36 | INFO     | [STACK] JITOSOLUSD short: 2 tools (ema_cross_short+entropy_short) → score 7.4 × 1.3 = 9.6
07:24:36 | INFO     | [STACK] ZECUSD short: 2 tools (distribution_short+ema_cross_short) → score 8.0 × 1.3 = 10.4
07:24:36 | INFO     | [STACK] ADAUSD short: 2 tools (ema_cross_short+entropy_short) → score 6.3 × 1.3 = 8.2
07:24:36 | INFO     | [STACK] XBTUSD short: 2 tools (ema_cross_short+entropy_short) → score 6.6 × 1.3 = 8.5
07:24:36 | INFO     | [STACK] RAVEUSD long: 3 tools (crash_neg_ac+mega_crash+flash_crash) → score 262.7 × 1.6 = 420.2
07:24:36 | INFO     | [STACK] XRPUSD short: 2 tools (ema_cross_short+entropy_short) → score 5.3 × 1.3 = 6.9
07:24:36 | INFO     | [BLACKLIST] RAVEUSD in mandatory cooldown (3.6h hard, 3.6h total) — skipping crash_neg_ac
07:24:36 | INFO     | Skipping buy_btc_leading (ZECUSD) - bull tool blocked in fear/bear (F&G=32, 82% bullish)
07:24:36 | DEBUG    | Skipping distribution_short (XMRUSD) — short blocked (US Non-ECP margin restriction)
07:24:36 | INFO     | Skipping simple_buy_uptrend (DOTUSD) - bull tool blocked in fear/bear (F&G=32, 82% bullish)
07:24:36 | DEBUG    | Skipping distribution_short (ZECUSD) — short blocked (US Non-ECP margin restriction)
07:24:36 | DEBUG    | Skipping ema_cross_short (JITOSOLUSD) — short blocked (US Non-ECP margin restriction)
07:24:36 | INFO     | Skipping buy_btc_leading (TAOUSD) - bull tool blocked in fear/bear (F&G=32, 82% bullish)
07:24:36 | DEBUG    | Skipping ema_cross_short (XBTUSD) — short blocked (US Non-ECP margin restriction)
07:24:36 | DEBUG    | Skipping ema_cross_short (ADAUSD) — short blocked (US Non-ECP margin restriction)
07:24:36 | INFO     | Skipping simple_buy_uptrend (XRPUSD) - bull tool blocked in fear/bear (F&G=32, 82% bullish)
07:24:36 | INFO     | Skipping buy_btc_leading (AVAXUSD) - bull tool blocked in fear/bear (F&G=32, 82% bullish)
07:24:36 | DEBUG    | Skipping ema_cross_short (XRPUSD) — short blocked (US Non-ECP margin restriction)
07:24:36 | DEBUG    | Skipping ema_cross_short (ETHUSD) — short blocked (US Non-ECP margin restriction)
07:24:36 | DEBUG    | Skipping ema_cross_short (SOLUSD) — short blocked (US Non-ECP margin restriction)
07:24:36 | DEBUG    | Skipping ema_cross_short (DOTUSD) — short blocked (US Non-ECP margin restriction)
07:24:36 | DEBUG    | Skipping ema_cross_short (AVAXUSD) — short blocked (US Non-ECP margin restriction)
07:24:36 | DEBUG    | Skipping ema_cross_short (BNBUSD) — short blocked (US Non-ECP margin restriction)
07:24:36 | DEBUG    | Skipping ema_cross_short (LTCUSD) — short blocked (US Non-ECP margin restriction)
07:24:36 | DEBUG    | Skipping ema_cross_short (LINKUSD) — short blocked (US Non-ECP margin restriction)
07:24:36 | INFO     | Skipping simple_buy_uptrend (BNBUSD) - bull tool blocked in fear/bear (F&G=32, 82% bullish)
07:24:36 | DEBUG    | Skipping ema_cross_short (TAOUSD) — short blocked (US Non-ECP margin restriction)
07:24:36 | INFO     | Skipping simple_buy_uptrend (LINKUSD) - bull tool blocked in fear/bear (F&G=32, 82% bullish)
07:24:36 | INFO     | Skipping simple_buy_uptrend (LTCUSD) - bull tool blocked in fear/bear (F&G=32, 82% bullish)
07:24:36 | INFO     | [BLACKLIST] RAVEUSD in mandatory cooldown (3.6h hard, 3.6h total) — skipping distribution_short
07:24:36 | INFO     | [2026-04-22 07:24:36] CYCLE #4943 | F&G: 32 (Neutral) | Allocation: Grid 0% / Active 100%
07:24:36 | INFO     | Balance: $342.03 (start: $300.00, +14.0%) | Grid: $0.00 | Active: $273.93
07:24:36 | INFO     | Grid: 0 positions across 40 pairs | 0 round trips | $0.00 profit
07:24:36 | INFO     | Active: 1/8 positions open
07:24:36 | INFO     |   → HYPEUSD long +2.4% (btc_alt_spread, 18.6h held)
07:24:36 | INFO     | Signals this cycle: crash_neg_ac RAVEUSD (score 420.2), buy_btc_leading ZECUSD (score 22.8), ema_cross_short HYPEUSD (score 21.9)
07:24:36 | INFO     | MTF: 18% bearish 4h, 82% bullish 4h | Avg 4h RSI: 63.1
07:24:36 | INFO     | Tool streaks: entropy_dip L5
07:24:36 | INFO     | Cycle took 10.6s, sleeping 289.4s
07:24:36 | INFO     | ════════════════════════════════════════════════════════════════════════════════
07:24:46 | INFO     | 🔌 Real-time event during sleep! Processing...
07:26:53 | INFO     | 💰 VOLUME SPIKE: XBTUSD 3.0x normal volume
07:26:56 | INFO     | 🔌 Real-time event during sleep! Processing...
07:27:03 | INFO     | 💰 VOLUME SPIKE: LTCUSD 3.7x normal volume
07:27:06 | INFO     | 🔌 Real-time event during sleep! Processing...
07:28:03 | INFO     | 💰 VOLUME SPIKE: SOLUSD 5.0x normal volume
07:28:06 | INFO     | 🔌 Real-time event during sleep! Processing...
07:29:25 | INFO     | ════════════════════════════════════════════════════════════════════════════════
07:29:37 | INFO     | 💰 Kraken account balance: $341.98
07:29:37 | INFO     | [STACK] JITOSOLUSD short: 2 tools (ema_cross_short+entropy_short) → score 7.4 × 1.3 = 9.6
07:29:37 | INFO     | [STACK] ADAUSD short: 2 tools (ema_cross_short+entropy_short) → score 6.3 × 1.3 = 8.2
07:29:37 | INFO     | [STACK] XBTUSD short: 2 tools (ema_cross_short+entropy_short) → score 6.6 × 1.3 = 8.6
07:29:37 | INFO     | [STACK] RAVEUSD long: 3 tools (crash_neg_ac+mega_crash+flash_crash) → score 272.9 × 1.6 = 436.6
07:29:37 | INFO     | [STACK] XRPUSD short: 2 tools (ema_cross_short+entropy_short) → score 5.3 × 1.3 = 6.9
07:29:37 | INFO     | [BLACKLIST] RAVEUSD in mandatory cooldown (3.5h hard, 3.5h total) — skipping crash_neg_ac
07:29:37 | INFO     | Skipping buy_btc_leading (ZECUSD) - bull tool blocked in fear/bear (F&G=32, 82% bullish)
07:29:37 | DEBUG    | Skipping distribution_short (XMRUSD) — short blocked (US Non-ECP margin restriction)
07:29:37 | INFO     | Skipping simple_buy_uptrend (DOTUSD) - bull tool blocked in fear/bear (F&G=32, 82% bullish)
07:29:37 | DEBUG    | Skipping distribution_short (ZECUSD) — short blocked (US Non-ECP margin restriction)
07:29:37 | DEBUG    | Skipping ema_cross_short (JITOSOLUSD) — short blocked (US Non-ECP margin restriction)
07:29:37 | INFO     | Skipping buy_btc_leading (TAOUSD) - bull tool blocked in fear/bear (F&G=32, 82% bullish)
07:29:37 | DEBUG    | Skipping ema_cross_short (XBTUSD) — short blocked (US Non-ECP margin restriction)
07:29:37 | DEBUG    | Skipping ema_cross_short (ADAUSD) — short blocked (US Non-ECP margin restriction)
07:29:37 | INFO     | Skipping simple_buy_uptrend (XRPUSD) - bull tool blocked in fear/bear (F&G=32, 82% bullish)
07:29:37 | INFO     | Skipping buy_btc_leading (AVAXUSD) - bull tool blocked in fear/bear (F&G=32, 82% bullish)
07:29:37 | DEBUG    | Skipping ema_cross_short (XRPUSD) — short blocked (US Non-ECP margin restriction)
07:29:37 | DEBUG    | Skipping ema_cross_short (SOLUSD) — short blocked (US Non-ECP margin restriction)
07:29:37 | DEBUG    | Skipping ema_cross_short (ETHUSD) — short blocked (US Non-ECP margin restriction)
07:29:37 | DEBUG    | Skipping ema_cross_short (DOTUSD) — short blocked (US Non-ECP margin restriction)
07:29:37 | DEBUG    | Skipping ema_cross_short (AVAXUSD) — short blocked (US Non-ECP margin restriction)
07:29:37 | DEBUG    | Skipping ema_cross_short (BNBUSD) — short blocked (US Non-ECP margin restriction)
07:29:37 | DEBUG    | Skipping ema_cross_short (LTCUSD) — short blocked (US Non-ECP margin restriction)
07:29:37 | DEBUG    | Skipping ema_cross_short (LINKUSD) — short blocked (US Non-ECP margin restriction)
07:29:37 | DEBUG    | Skipping ema_cross_short (TAOUSD) — short blocked (US Non-ECP margin restriction)
07:29:37 | INFO     | Skipping simple_buy_uptrend (BNBUSD) - bull tool blocked in fear/bear (F&G=32, 82% bullish)
07:29:37 | INFO     | Skipping simple_buy_uptrend (LINKUSD) - bull tool blocked in fear/bear (F&G=32, 82% bullish)
07:29:37 | INFO     | Skipping simple_buy_uptrend (LTCUSD) - bull tool blocked in fear/bear (F&G=32, 82% bullish)
07:29:37 | INFO     | [BLACKLIST] RAVEUSD in mandatory cooldown (3.5h hard, 3.5h total) — skipping distribution_short
07:29:37 | INFO     | [2026-04-22 07:29:37] CYCLE #4944 | F&G: 32 (Neutral) | Allocation: Grid 0% / Active 100%
07:29:37 | INFO     | Balance: $341.98 (start: $300.00, +14.0%) | Grid: $0.00 | Active: $273.88
07:29:37 | INFO     | Grid: 0 positions across 40 pairs | 0 round trips | $0.00 profit
07:29:37 | INFO     | Active: 1/8 positions open
07:29:37 | INFO     |   → HYPEUSD long +2.4% (btc_alt_spread, 18.7h held)
07:29:37 | INFO     | Signals this cycle: crash_neg_ac RAVEUSD (score 436.6), buy_btc_leading ZECUSD (score 22.9), ema_cross_short HYPEUSD (score 21.7)
07:29:37 | INFO     | MTF: 18% bearish 4h, 82% bullish 4h | Avg 4h RSI: 62.5
07:29:37 | INFO     | Tool streaks: entropy_dip L5
07:29:37 | INFO     | Cycle took 11.6s, sleeping 288.4s
07:29:37 | INFO     | ════════════════════════════════════════════════════════════════════════════════
07:30:05 | INFO     | 💰 VOLUME SPIKE: ATOMUSD 3.1x normal volume
07:30:07 | INFO     | 🔌 Real-time event during sleep! Processing...
07:31:15 | INFO     | 💰 VOLUME SPIKE: XLMUSD 4.8x normal volume
07:31:17 | INFO     | 🔌 Real-time event during sleep! Processing...
07:31:17 | INFO     | 💰 VOLUME SPIKE: NEARUSD 5.0x normal volume
07:31:27 | INFO     | 🔌 Real-time event during sleep! Processing...
07:31:27 | INFO     | 💰 VOLUME SPIKE: ETHUSD 3.7x normal volume
07:31:37 | INFO     | 🔌 Real-time event during sleep! Processing...
07:31:45 | INFO     | 💰 VOLUME SPIKE: XRPUSD 4.6x normal volume
07:31:47 | INFO     | 🔌 Real-time event during sleep! Processing...
07:33:40 | INFO     | 💰 VOLUME SPIKE: AAVEUSD 5.0x normal volume
07:33:47 | INFO     | 🔌 Real-time event during sleep! Processing...
07:34:13 | INFO     | 💰 VOLUME SPIKE: FILUSD 5.0x normal volume
07:34:17 | INFO     | 🔌 Real-time event during sleep! Processing...
07:34:25 | INFO     | ════════════════════════════════════════════════════════════════════════════════
07:34:36 | INFO     | 💰 Kraken account balance: $342.02
07:34:36 | INFO     | [STACK] JITOSOLUSD short: 2 tools (ema_cross_short+entropy_short) → score 7.4 × 1.3 = 9.6
07:34:36 | INFO     | [STACK] ZECUSD short: 2 tools (distribution_short+ema_cross_short) → score 8.0 × 1.3 = 10.4
07:34:36 | INFO     | [STACK] XMRUSD short: 2 tools (distribution_short+falling_wedge_short) → score 18.4 × 1.3 = 23.9
07:34:36 | INFO     | [STACK] ADAUSD short: 2 tools (ema_cross_short+entropy_short) → score 6.2 × 1.3 = 8.1
07:34:36 | INFO     | [STACK] XBTUSD short: 2 tools (ema_cross_short+entropy_short) → score 6.6 × 1.3 = 8.6
07:34:36 | INFO     | [STACK] RAVEUSD long: 3 tools (crash_neg_ac+mega_crash+flash_crash) → score 255.4 × 1.6 = 408.6
07:34:36 | INFO     | [STACK] XRPUSD short: 2 tools (ema_cross_short+entropy_short) → score 5.3 × 1.3 = 6.9
07:34:36 | INFO     | [BLACKLIST] RAVEUSD in mandatory cooldown (3.4h hard, 3.4h total) — skipping crash_neg_ac
07:34:36 | DEBUG    | Skipping distribution_short (XMRUSD) — short blocked (US Non-ECP margin restriction)
07:34:36 | INFO     | Skipping buy_btc_leading (ZECUSD) - bull tool blocked in fear/bear (F&G=32, 82% bullish)
07:34:36 | INFO     | Skipping simple_buy_uptrend (DOTUSD) - bull tool blocked in fear/bear (F&G=32, 82% bullish)
07:34:36 | DEBUG    | Skipping distribution_short (ZECUSD) — short blocked (US Non-ECP margin restriction)
07:34:36 | DEBUG    | Skipping ema_cross_short (JITOSOLUSD) — short blocked (US Non-ECP margin restriction)
07:34:36 | INFO     | Skipping buy_btc_leading (TAOUSD) - bull tool blocked in fear/bear (F&G=32, 82% bullish)
07:34:36 | DEBUG    | Skipping ema_cross_short (XBTUSD) — short blocked (US Non-ECP margin restriction)
07:34:36 | INFO     | Skipping simple_buy_uptrend (XRPUSD) - bull tool blocked in fear/bear (F&G=32, 82% bullish)
07:34:36 | DEBUG    | Skipping ema_cross_short (ADAUSD) — short blocked (US Non-ECP margin restriction)
07:34:36 | INFO     | Skipping buy_btc_leading (AVAXUSD) - bull tool blocked in fear/bear (F&G=32, 82% bullish)
07:34:36 | DEBUG    | Skipping ema_cross_short (XRPUSD) — short blocked (US Non-ECP margin restriction)
07:34:36 | DEBUG    | Skipping ema_cross_short (ETHUSD) — short blocked (US Non-ECP margin restriction)
07:34:36 | DEBUG    | Skipping ema_cross_short (SOLUSD) — short blocked (US Non-ECP margin restriction)
07:34:36 | DEBUG    | Skipping ema_cross_short (DOTUSD) — short blocked (US Non-ECP margin restriction)
07:34:36 | DEBUG    | Skipping ema_cross_short (AVAXUSD) — short blocked (US Non-ECP margin restriction)
07:34:36 | DEBUG    | Skipping ema_cross_short (BNBUSD) — short blocked (US Non-ECP margin restriction)
07:34:36 | DEBUG    | Skipping ema_cross_short (LTCUSD) — short blocked (US Non-ECP margin restriction)
07:34:36 | DEBUG    | Skipping ema_cross_short (LINKUSD) — short blocked (US Non-ECP margin restriction)
07:34:36 | INFO     | Skipping simple_buy_uptrend (BNBUSD) - bull tool blocked in fear/bear (F&G=32, 82% bullish)
07:34:36 | DEBUG    | Skipping ema_cross_short (TAOUSD) — short blocked (US Non-ECP margin restriction)
07:34:36 | INFO     | Skipping simple_buy_uptrend (LINKUSD) - bull tool blocked in fear/bear (F&G=32, 82% bullish)
07:34:36 | INFO     | Skipping simple_buy_uptrend (LTCUSD) - bull tool blocked in fear/bear (F&G=32, 82% bullish)
07:34:36 | INFO     | [BLACKLIST] RAVEUSD in mandatory cooldown (3.4h hard, 3.4h total) — skipping distribution_short
07:34:36 | INFO     | [2026-04-22 07:34:36] CYCLE #4945 | F&G: 32 (Neutral) | Allocation: Grid 0% / Active 100%
07:34:36 | INFO     | Balance: $342.02 (start: $300.00, +14.0%) | Grid: $0.00 | Active: $273.92
07:34:36 | INFO     | Grid: 0 positions across 40 pairs | 0 round trips | $0.00 profit
07:34:36 | INFO     | Active: 1/8 positions open
07:34:36 | INFO     |   → HYPEUSD long +2.6% (btc_alt_spread, 18.8h held)
07:34:36 | INFO     | Signals this cycle: crash_neg_ac RAVEUSD (score 408.6), distribution_short XMRUSD (score 23.9), buy_btc_leading ZECUSD (score 22.8)
07:34:36 | INFO     | MTF: 18% bearish 4h, 82% bullish 4h | Avg 4h RSI: 62.8
07:34:36 | INFO     | Tool streaks: entropy_dip L5
07:34:36 | INFO     | Cycle took 10.9s, sleeping 289.1s
07:34:36 | INFO     | ════════════════════════════════════════════════════════════════════════════════
07:34:52 | INFO     | 💰 VOLUME SPIKE: ADAUSD 4.4x normal volume
07:34:56 | INFO     | 🔌 Real-time event during sleep! Processing...
07:36:22 | INFO     | 💰 VOLUME SPIKE: LINKUSD 4.3x normal volume
07:36:26 | INFO     | 🔌 Real-time event during sleep! Processing...
07:36:29 | INFO     | 💰 VOLUME SPIKE: UNIUSD 3.1x normal volume
07:36:34 | INFO     | 💰 VOLUME SPIKE: AVAXUSD 4.0x normal volume
07:36:36 | INFO     | 🔌 Real-time event during sleep! Processing...
07:39:26 | INFO     | ════════════════════════════════════════════════════════════════════════════════
07:39:37 | INFO     | 💰 Kraken account balance: $342.05
07:39:37 | INFO     | [STACK] JITOSOLUSD short: 2 tools (ema_cross_short+entropy_short) → score 7.4 × 1.3 = 9.6
07:39:37 | INFO     | [STACK] ZECUSD short: 2 tools (distribution_short+ema_cross_short) → score 14.0 × 1.3 = 18.2
07:39:37 | INFO     | [STACK] XMRUSD short: 2 tools (distribution_short+falling_wedge_short) → score 18.4 × 1.3 = 23.9
07:39:37 | INFO     | [STACK] ADAUSD short: 2 tools (ema_cross_short+entropy_short) → score 6.2 × 1.3 = 8.1
07:39:37 | INFO     | [STACK] XBTUSD short: 2 tools (ema_cross_short+entropy_short) → score 6.6 × 1.3 = 8.6
07:39:37 | INFO     | [STACK] RAVEUSD long: 3 tools (crash_neg_ac+mega_crash+flash_crash) → score 256.8 × 1.6 = 410.8
07:39:37 | INFO     | [STACK] XRPUSD short: 2 tools (ema_cross_short+entropy_short) → score 5.4 × 1.3 = 7.0
07:39:37 | INFO     | [BLACKLIST] RAVEUSD in mandatory cooldown (3.3h hard, 3.3h total) — skipping crash_neg_ac
07:39:37 | DEBUG    | Skipping distribution_short (XMRUSD) — short blocked (US Non-ECP margin restriction)
07:39:37 | INFO     | Skipping buy_btc_leading (ZECUSD) - bull tool blocked in fear/bear (F&G=32, 82% bullish)
07:39:37 | DEBUG    | Skipping distribution_short (ZECUSD) — short blocked (US Non-ECP margin restriction)
07:39:37 | INFO     | Skipping simple_buy_uptrend (DOTUSD) - bull tool blocked in fear/bear (F&G=32, 82% bullish)
07:39:37 | DEBUG    | Skipping ema_cross_short (JITOSOLUSD) — short blocked (US Non-ECP margin restriction)
07:39:37 | INFO     | Skipping buy_btc_leading (TAOUSD) - bull tool blocked in fear/bear (F&G=32, 82% bullish)
07:39:37 | DEBUG    | Skipping ema_cross_short (XBTUSD) — short blocked (US Non-ECP margin restriction)
07:39:37 | INFO     | Skipping simple_buy_uptrend (XRPUSD) - bull tool blocked in fear/bear (F&G=32, 82% bullish)
07:39:37 | DEBUG    | Skipping ema_cross_short (ADAUSD) — short blocked (US Non-ECP margin restriction)
07:39:37 | INFO     | Skipping buy_btc_leading (AVAXUSD) - bull tool blocked in fear/bear (F&G=32, 82% bullish)
07:39:37 | DEBUG    | Skipping ema_cross_short (XRPUSD) — short blocked (US Non-ECP margin restriction)
07:39:37 | DEBUG    | Skipping ema_cross_short (ETHUSD) — short blocked (US Non-ECP margin restriction)
07:39:37 | DEBUG    | Skipping ema_cross_short (SOLUSD) — short blocked (US Non-ECP margin restriction)
07:39:37 | DEBUG    | Skipping ema_cross_short (DOTUSD) — short blocked (US Non-ECP margin restriction)
07:39:37 | DEBUG    | Skipping ema_cross_short (AVAXUSD) — short blocked (US Non-ECP margin restriction)
07:39:37 | DEBUG    | Skipping ema_cross_short (BNBUSD) — short blocked (US Non-ECP margin restriction)
07:39:37 | DEBUG    | Skipping ema_cross_short (LTCUSD) — short blocked (US Non-ECP margin restriction)
07:39:37 | DEBUG    | Skipping ema_cross_short (LINKUSD) — short blocked (US Non-ECP margin restriction)
07:39:37 | DEBUG    | Skipping ema_cross_short (TAOUSD) — short blocked (US Non-ECP margin restriction)
07:39:37 | INFO     | Skipping simple_buy_uptrend (BNBUSD) - bull tool blocked in fear/bear (F&G=32, 82% bullish)
07:39:37 | INFO     | Skipping simple_buy_uptrend (LINKUSD) - bull tool blocked in fear/bear (F&G=32, 82% bullish)
07:39:37 | INFO     | Skipping simple_buy_uptrend (LTCUSD) - bull tool blocked in fear/bear (F&G=32, 82% bullish)
07:39:37 | INFO     | [BLACKLIST] RAVEUSD in mandatory cooldown (3.3h hard, 3.3h total) — skipping distribution_short
07:39:37 | INFO     | [2026-04-22 07:39:37] CYCLE #4946 | F&G: 32 (Neutral) | Allocation: Grid 0% / Active 100%
07:39:37 | INFO     | Balance: $342.05 (start: $300.00, +14.0%) | Grid: $0.00 | Active: $273.95
07:39:37 | INFO     | Grid: 0 positions across 40 pairs | 0 round trips | $0.00 profit
07:39:37 | INFO     | Active: 1/8 positions open
07:39:37 | INFO     |   → HYPEUSD long +2.5% (btc_alt_spread, 18.9h held)
07:39:37 | INFO     | Signals this cycle: crash_neg_ac RAVEUSD (score 410.8), distribution_short XMRUSD (score 23.9), buy_btc_leading ZECUSD (score 22.8)
07:39:37 | INFO     | MTF: 18% bearish 4h, 82% bullish 4h | Avg 4h RSI: 62.8
07:39:37 | INFO     | Tool streaks: entropy_dip L5
07:39:37 | INFO     | Cycle took 11.7s, sleeping 288.3s
07:39:37 | INFO     | ════════════════════════════════════════════════════════════════════════════════
07:40:01 | INFO     | 💰 VOLUME SPIKE: DOTUSD 3.1x normal volume
07:40:07 | INFO     | 🔌 Real-time event during sleep! Processing...
07:40:08 | INFO     | 💰 VOLUME SPIKE: SOLUSD 3.1x normal volume
07:40:17 | INFO     | 🔌 Real-time event during sleep! Processing...
07:41:31 | INFO     | 💰 VOLUME SPIKE: XBTUSD 4.3x normal volume
07:41:38 | INFO     | 🔌 Real-time event during sleep! Processing...
07:42:04 | INFO     | 💰 VOLUME SPIKE: XRPUSD 4.9x normal volume
07:42:08 | INFO     | 🔌 Real-time event during sleep! Processing...
07:43:42 | INFO     | 💰 VOLUME SPIKE: LTCUSD 3.6x normal volume
07:43:48 | INFO     | 🔌 Real-time event during sleep! Processing...
07:44:26 | INFO     | ════════════════════════════════════════════════════════════════════════════════
07:44:38 | INFO     | 💰 Kraken account balance: $342.22
07:44:38 | INFO     | [STACK] JITOSOLUSD short: 2 tools (ema_cross_short+entropy_short) → score 7.4 × 1.3 = 9.6
07:44:38 | INFO     | [STACK] ZECUSD short: 2 tools (distribution_short+ema_cross_short) → score 8.0 × 1.3 = 10.4
07:44:38 | INFO     | [STACK] XMRUSD short: 2 tools (distribution_short+falling_wedge_short) → score 18.4 × 1.3 = 23.9
07:44:38 | INFO     | [STACK] ADAUSD short: 2 tools (ema_cross_short+entropy_short) → score 6.2 × 1.3 = 8.1
07:44:38 | INFO     | [STACK] XBTUSD short: 2 tools (ema_cross_short+entropy_short) → score 6.6 × 1.3 = 8.5
07:44:38 | INFO     | [STACK] RAVEUSD long: 3 tools (crash_neg_ac+mega_crash+flash_crash) → score 264.2 × 1.6 = 422.7
07:44:38 | INFO     | [STACK] XRPUSD short: 2 tools (ema_cross_short+entropy_short) → score 5.4 × 1.3 = 7.0
07:44:38 | INFO     | [BLACKLIST] RAVEUSD in mandatory cooldown (3.3h hard, 3.3h total) — skipping crash_neg_ac
07:44:38 | DEBUG    | Skipping distribution_short (XMRUSD) — short blocked (US Non-ECP margin restriction)
07:44:38 | INFO     | Skipping buy_btc_leading (ZECUSD) - bull tool blocked in fear/bear (F&G=32, 82% bullish)
07:44:38 | INFO     | Skipping simple_buy_uptrend (DOTUSD) - bull tool blocked in fear/bear (F&G=32, 82% bullish)
07:44:38 | DEBUG    | Skipping distribution_short (ZECUSD) — short blocked (US Non-ECP margin restriction)
07:44:38 | DEBUG    | Skipping ema_cross_short (JITOSOLUSD) — short blocked (US Non-ECP margin restriction)
07:44:38 | INFO     | Skipping buy_btc_leading (TAOUSD) - bull tool blocked in fear/bear (F&G=32, 82% bullish)
07:44:38 | DEBUG    | Skipping ema_cross_short (XBTUSD) — short blocked (US Non-ECP margin restriction)
07:44:38 | INFO     | Skipping simple_buy_uptrend (XRPUSD) - bull tool blocked in fear/bear (F&G=32, 82% bullish)
07:44:38 | DEBUG    | Skipping ema_cross_short (ADAUSD) — short blocked (US Non-ECP margin restriction)
07:44:38 | INFO     | Skipping buy_btc_leading (AVAXUSD) - bull tool blocked in fear/bear (F&G=32, 82% bullish)
07:44:38 | INFO     | Skipping simple_buy_uptrend (ADAUSD) - bull tool blocked in fear/bear (F&G=32, 82% bullish)
07:44:38 | DEBUG    | Skipping ema_cross_short (XRPUSD) — short blocked (US Non-ECP margin restriction)
07:44:38 | DEBUG    | Skipping ema_cross_short (ETHUSD) — short blocked (US Non-ECP margin restriction)
07:44:38 | DEBUG    | Skipping ema_cross_short (SOLUSD) — short blocked (US Non-ECP margin restriction)
07:44:38 | DEBUG    | Skipping ema_cross_short (DOTUSD) — short blocked (US Non-ECP margin restriction)
07:44:38 | DEBUG    | Skipping ema_cross_short (AVAXUSD) — short blocked (US Non-ECP margin restriction)
07:44:38 | DEBUG    | Skipping ema_cross_short (BNBUSD) — short blocked (US Non-ECP margin restriction)
07:44:38 | DEBUG    | Skipping ema_cross_short (LINKUSD) — short blocked (US Non-ECP margin restriction)
07:44:38 | DEBUG    | Skipping ema_cross_short (LTCUSD) — short blocked (US Non-ECP margin restriction)
07:44:38 | DEBUG    | Skipping ema_cross_short (TAOUSD) — short blocked (US Non-ECP margin restriction)
07:44:38 | INFO     | Skipping simple_buy_uptrend (LINKUSD) - bull tool blocked in fear/bear (F&G=32, 82% bullish)
07:44:38 | INFO     | Skipping simple_buy_uptrend (LTCUSD) - bull tool blocked in fear/bear (F&G=32, 82% bullish)
07:44:38 | INFO     | [BLACKLIST] RAVEUSD in mandatory cooldown (3.3h hard, 3.3h total) — skipping distribution_short
07:44:38 | INFO     | [2026-04-22 07:44:38] CYCLE #4947 | F&G: 32 (Neutral) | Allocation: Grid 0% / Active 100%
07:44:38 | INFO     | Balance: $342.22 (start: $300.00, +14.1%) | Grid: $0.00 | Active: $274.12
07:44:38 | INFO     | Grid: 0 positions across 40 pairs | 0 round trips | $0.00 profit
07:44:38 | INFO     | Active: 1/8 positions open
07:44:38 | INFO     |   → HYPEUSD long +2.7% (btc_alt_spread, 18.9h held)
07:44:38 | INFO     | Signals this cycle: crash_neg_ac RAVEUSD (score 422.7), distribution_short XMRUSD (score 23.9), buy_btc_leading ZECUSD (score 22.7)
07:44:38 | INFO     | MTF: 18% bearish 4h, 82% bullish 4h | Avg 4h RSI: 62.5
07:44:38 | INFO     | Tool streaks: entropy_dip L5
07:44:38 | INFO     | Cycle took 12.3s, sleeping 287.7s
07:44:38 | INFO     | ════════════════════════════════════════════════════════════════════════════════
07:45:02 | INFO     | 💰 VOLUME SPIKE: FILUSD 5.0x normal volume
07:45:08 | INFO     | 🔌 Real-time event during sleep! Processing...
07:45:16 | INFO     | 💰 VOLUME SPIKE: ATOMUSD 3.5x normal volume
07:45:18 | INFO     | 🔌 Real-time event during sleep! Processing...
07:46:31 | INFO     | 💰 VOLUME SPIKE: XLMUSD 3.9x normal volume
07:46:38 | INFO     | 🔌 Real-time event during sleep! Processing...
07:46:45 | INFO     | 💰 VOLUME SPIKE: LINKUSD 5.0x normal volume
07:46:48 | INFO     | 🔌 Real-time event during sleep! Processing...
07:47:07 | INFO     | 💰 VOLUME SPIKE: ETHUSD 3.3x normal volume
07:47:08 | INFO     | 🔌 Real-time event during sleep! Processing...
07:49:26 | INFO     | ════════════════════════════════════════════════════════════════════════════════
07:49:38 | INFO     | 💰 Kraken account balance: $342.19
07:49:38 | INFO     | [STACK] JITOSOLUSD short: 2 tools (ema_cross_short+entropy_short) → score 7.4 × 1.3 = 9.6
07:49:38 | INFO     | [STACK] ZECUSD short: 2 tools (distribution_short+ema_cross_short) → score 7.4 × 1.3 = 9.7
07:49:38 | INFO     | [STACK] XMRUSD short: 2 tools (distribution_short+falling_wedge_short) → score 18.4 × 1.3 = 23.9
07:49:38 | INFO     | [STACK] ADAUSD short: 2 tools (ema_cross_short+entropy_short) → score 6.3 × 1.3 = 8.2
07:49:38 | INFO     | [STACK] XBTUSD short: 2 tools (ema_cross_short+entropy_short) → score 6.6 × 1.3 = 8.6
07:49:38 | INFO     | [STACK] RAVEUSD long: 3 tools (crash_neg_ac+mega_crash+flash_crash) → score 257.6 × 1.6 = 412.2
07:49:38 | INFO     | [STACK] XRPUSD short: 2 tools (ema_cross_short+entropy_short) → score 5.4 × 1.3 = 7.0
07:49:38 | INFO     | [BLACKLIST] RAVEUSD in mandatory cooldown (3.2h hard, 3.2h total) — skipping crash_neg_ac
07:49:38 | DEBUG    | Skipping distribution_short (XMRUSD) — short blocked (US Non-ECP margin restriction)
07:49:38 | INFO     | Skipping buy_btc_leading (ZECUSD) - bull tool blocked in fear/bear (F&G=32, 82% bullish)
07:49:38 | INFO     | Skipping simple_buy_uptrend (DOTUSD) - bull tool blocked in fear/bear (F&G=32, 82% bullish)
07:49:38 | DEBUG    | Skipping distribution_short (ZECUSD) — short blocked (US Non-ECP margin restriction)
07:49:38 | DEBUG    | Skipping ema_cross_short (JITOSOLUSD) — short blocked (US Non-ECP margin restriction)
07:49:38 | INFO     | Skipping buy_btc_leading (TAOUSD) - bull tool blocked in fear/bear (F&G=32, 82% bullish)
07:49:38 | DEBUG    | Skipping ema_cross_short (XBTUSD) — short blocked (US Non-ECP margin restriction)
07:49:38 | INFO     | Skipping simple_buy_uptrend (XRPUSD) - bull tool blocked in fear/bear (F&G=32, 82% bullish)
07:49:38 | DEBUG    | Skipping ema_cross_short (ADAUSD) — short blocked (US Non-ECP margin restriction)
07:49:38 | INFO     | Skipping buy_btc_leading (AVAXUSD) - bull tool blocked in fear/bear (F&G=32, 82% bullish)
07:49:38 | DEBUG    | Skipping ema_cross_short (XRPUSD) — short blocked (US Non-ECP margin restriction)
07:49:38 | DEBUG    | Skipping ema_cross_short (ETHUSD) — short blocked (US Non-ECP margin restriction)
07:49:38 | DEBUG    | Skipping ema_cross_short (SOLUSD) — short blocked (US Non-ECP margin restriction)
07:49:38 | DEBUG    | Skipping ema_cross_short (DOTUSD) — short blocked (US Non-ECP margin restriction)
07:49:38 | DEBUG    | Skipping ema_cross_short (AVAXUSD) — short blocked (US Non-ECP margin restriction)
07:49:38 | DEBUG    | Skipping ema_cross_short (BNBUSD) — short blocked (US Non-ECP margin restriction)
07:49:38 | DEBUG    | Skipping ema_cross_short (LTCUSD) — short blocked (US Non-ECP margin restriction)
07:49:38 | DEBUG    | Skipping ema_cross_short (LINKUSD) — short blocked (US Non-ECP margin restriction)
07:49:38 | INFO     | Skipping simple_buy_uptrend (LINKUSD) - bull tool blocked in fear/bear (F&G=32, 82% bullish)
07:49:38 | DEBUG    | Skipping ema_cross_short (TAOUSD) — short blocked (US Non-ECP margin restriction)
07:49:38 | INFO     | Skipping simple_buy_uptrend (LTCUSD) - bull tool blocked in fear/bear (F&G=32, 82% bullish)
07:49:38 | INFO     | [BLACKLIST] RAVEUSD in mandatory cooldown (3.2h hard, 3.2h total) — skipping distribution_short
07:49:38 | INFO     | [2026-04-22 07:49:38] CYCLE #4948 | F&G: 32 (Neutral) | Allocation: Grid 0% / Active 100%
07:49:38 | INFO     | Balance: $342.19 (start: $300.00, +14.1%) | Grid: $0.00 | Active: $274.09
07:49:38 | INFO     | Grid: 0 positions across 40 pairs | 0 round trips | $0.00 profit
07:49:38 | INFO     | Active: 1/8 positions open
07:49:38 | INFO     |   → HYPEUSD long +2.7% (btc_alt_spread, 19.0h held)
07:49:38 | INFO     | Signals this cycle: crash_neg_ac RAVEUSD (score 412.2), distribution_short XMRUSD (score 23.9), buy_btc_leading ZECUSD (score 22.7)
07:49:38 | INFO     | MTF: 18% bearish 4h, 82% bullish 4h | Avg 4h RSI: 63.2
07:49:38 | INFO     | Tool streaks: entropy_dip L5
07:49:38 | INFO     | Cycle took 12.0s, sleeping 288.0s
07:49:38 | INFO     | ════════════════════════════════════════════════════════════════════════════════
07:49:59 | INFO     | 💰 VOLUME SPIKE: UNIUSD 5.0x normal volume
07:50:07 | INFO     | 💰 VOLUME SPIKE: AVAXUSD 4.8x normal volume
07:50:08 | INFO     | 🔌 Real-time event during sleep! Processing...
07:51:13 | INFO     | 💰 VOLUME SPIKE: NEARUSD 5.0x normal volume
07:51:18 | INFO     | 🔌 Real-time event during sleep! Processing...
07:51:45 | INFO     | 💰 VOLUME SPIKE: SOLUSD 4.4x normal volume
07:51:48 | INFO     | 🔌 Real-time event during sleep! Processing...
07:52:37 | INFO     | 💰 VOLUME SPIKE: AAVEUSD 5.0x normal volume
07:52:38 | INFO     | 🔌 Real-time event during sleep! Processing...
07:54:26 | INFO     | ════════════════════════════════════════════════════════════════════════════════
07:54:38 | INFO     | 💰 Kraken account balance: $342.14
07:54:38 | INFO     | [STACK] JITOSOLUSD short: 2 tools (ema_cross_short+entropy_short) → score 7.4 × 1.3 = 9.6
07:54:38 | INFO     | [STACK] ZECUSD short: 2 tools (ema_cross_short+distribution_short) → score 4.5 × 1.3 = 5.9
07:54:38 | INFO     | [STACK] XMRUSD short: 2 tools (falling_wedge_short+distribution_short) → score 19.8 × 1.3 = 25.7
07:54:38 | INFO     | [STACK] ADAUSD short: 2 tools (ema_cross_short+entropy_short) → score 6.3 × 1.3 = 8.1
07:54:38 | INFO     | [STACK] XBTUSD short: 2 tools (ema_cross_short+entropy_short) → score 6.6 × 1.3 = 8.6
07:54:38 | INFO     | [STACK] RAVEUSD long: 3 tools (crash_neg_ac+mega_crash+flash_crash) → score 267.8 × 1.6 = 428.5
07:54:38 | INFO     | [BLACKLIST] RAVEUSD in mandatory cooldown (3.1h hard, 3.1h total) — skipping crash_neg_ac
07:54:38 | DEBUG    | Skipping falling_wedge_short (XMRUSD) — short blocked (US Non-ECP margin restriction)
07:54:38 | INFO     | Skipping buy_btc_leading (ZECUSD) - bull tool blocked in fear/bear (F&G=32, 82% bullish)
07:54:38 | INFO     | Skipping simple_buy_uptrend (DOTUSD) - bull tool blocked in fear/bear (F&G=32, 82% bullish)
07:54:38 | DEBUG    | Skipping ema_cross_short (JITOSOLUSD) — short blocked (US Non-ECP margin restriction)
07:54:38 | INFO     | Skipping buy_btc_leading (TAOUSD) - bull tool blocked in fear/bear (F&G=32, 82% bullish)
07:54:38 | DEBUG    | Skipping ema_cross_short (XBTUSD) — short blocked (US Non-ECP margin restriction)
07:54:38 | INFO     | Skipping simple_buy_uptrend (XRPUSD) - bull tool blocked in fear/bear (F&G=32, 82% bullish)
07:54:38 | DEBUG    | Skipping ema_cross_short (ADAUSD) — short blocked (US Non-ECP margin restriction)
07:54:38 | INFO     | Skipping buy_btc_leading (AVAXUSD) - bull tool blocked in fear/bear (F&G=32, 82% bullish)
07:54:38 | DEBUG    | Skipping ema_cross_short (ETHUSD) — short blocked (US Non-ECP margin restriction)
07:54:38 | DEBUG    | Skipping ema_cross_short (SOLUSD) — short blocked (US Non-ECP margin restriction)
07:54:38 | DEBUG    | Skipping ema_cross_short (DOTUSD) — short blocked (US Non-ECP margin restriction)
07:54:38 | DEBUG    | Skipping ema_cross_short (AVAXUSD) — short blocked (US Non-ECP margin restriction)
07:54:38 | DEBUG    | Skipping ema_cross_short (ZECUSD) — short blocked (US Non-ECP margin restriction)
07:54:38 | DEBUG    | Skipping ema_cross_short (BNBUSD) — short blocked (US Non-ECP margin restriction)
07:54:38 | DEBUG    | Skipping ema_cross_short (XRPUSD) — short blocked (US Non-ECP margin restriction)
07:54:38 | DEBUG    | Skipping ema_cross_short (LINKUSD) — short blocked (US Non-ECP margin restriction)
07:54:38 | DEBUG    | Skipping ema_cross_short (LTCUSD) — short blocked (US Non-ECP margin restriction)
07:54:38 | INFO     | Skipping simple_buy_uptrend (LINKUSD) - bull tool blocked in fear/bear (F&G=32, 82% bullish)
07:54:38 | DEBUG    | Skipping ema_cross_short (TAOUSD) — short blocked (US Non-ECP margin restriction)
07:54:38 | INFO     | Skipping simple_buy_uptrend (LTCUSD) - bull tool blocked in fear/bear (F&G=32, 82% bullish)
07:54:38 | INFO     | [BLACKLIST] RAVEUSD in mandatory cooldown (3.1h hard, 3.1h total) — skipping distribution_short
07:54:38 | INFO     | [2026-04-22 07:54:38] CYCLE #4949 | F&G: 32 (Neutral) | Allocation: Grid 0% / Active 100%
07:54:38 | INFO     | Balance: $342.14 (start: $300.00, +14.0%) | Grid: $0.00 | Active: $274.04
07:54:38 | INFO     | Grid: 0 positions across 40 pairs | 0 round trips | $0.00 profit
07:54:38 | INFO     | Active: 1/8 positions open
07:54:38 | INFO     |   → HYPEUSD long +2.6% (btc_alt_spread, 19.1h held)
07:54:38 | INFO     | Signals this cycle: crash_neg_ac RAVEUSD (score 428.5), falling_wedge_short XMRUSD (score 25.7), buy_btc_leading ZECUSD (score 22.6)
07:54:38 | INFO     | MTF: 18% bearish 4h, 82% bullish 4h | Avg 4h RSI: 63.2
07:54:38 | INFO     | Tool streaks: entropy_dip L5
07:54:38 | INFO     | Cycle took 12.1s, sleeping 287.9s
07:54:38 | INFO     | ════════════════════════════════════════════════════════════════════════════════
07:55:02 | INFO     | 💰 VOLUME SPIKE: LTCUSD 3.9x normal volume
07:55:08 | INFO     | 🔌 Real-time event during sleep! Processing...
07:55:16 | INFO     | 💰 VOLUME SPIKE: ADAUSD 3.2x normal volume
07:55:18 | INFO     | 🔌 Real-time event during sleep! Processing...
07:55:24 | INFO     | 💰 VOLUME SPIKE: DOTUSD 4.8x normal volume
07:55:28 | INFO     | 🔌 Real-time event during sleep! Processing...
07:55:42 | INFO     | 💰 VOLUME SPIKE: ATOMUSD 3.2x normal volume
07:55:48 | INFO     | 🔌 Real-time event during sleep! Processing...
07:56:32 | INFO     | 💰 VOLUME SPIKE: XRPUSD 3.3x normal volume
07:56:39 | INFO     | 🔌 Real-time event during sleep! Processing...
07:58:08 | INFO     | 💰 VOLUME SPIKE: FILUSD 4.1x normal volume
07:58:09 | INFO     | 🔌 Real-time event during sleep! Processing...
07:59:27 | INFO     | ════════════════════════════════════════════════════════════════════════════════
07:59:37 | INFO     | 💰 VOLUME SPIKE: XBTUSD 3.2x normal volume
07:59:38 | INFO     | 💰 Kraken account balance: $342.31
07:59:38 | INFO     | [STACK] JITOSOLUSD short: 2 tools (ema_cross_short+entropy_short) → score 7.4 × 1.3 = 9.6
07:59:38 | INFO     | [STACK] ZECUSD short: 2 tools (ema_cross_short+distribution_short) → score 4.4 × 1.3 = 5.7
07:59:38 | INFO     | [STACK] XMRUSD short: 2 tools (falling_wedge_short+distribution_short) → score 19.8 × 1.3 = 25.7
07:59:38 | INFO     | [STACK] ADAUSD short: 2 tools (ema_cross_short+entropy_short) → score 6.3 × 1.3 = 8.2
07:59:38 | INFO     | [STACK] XBTUSD short: 2 tools (ema_cross_short+entropy_short) → score 6.6 × 1.3 = 8.6
07:59:38 | INFO     | [STACK] RAVEUSD long: 3 tools (crash_neg_ac+mega_crash+flash_crash) → score 260.5 × 1.6 = 416.8
07:59:38 | INFO     | [STACK] XRPUSD short: 2 tools (ema_cross_short+entropy_short) → score 5.5 × 1.3 = 7.1
07:59:38 | INFO     | [BLACKLIST] RAVEUSD in mandatory cooldown (3.0h hard, 3.0h total) — skipping crash_neg_ac
07:59:38 | DEBUG    | Skipping falling_wedge_short (XMRUSD) — short blocked (US Non-ECP margin restriction)
07:59:38 | INFO     | Skipping buy_btc_leading (ZECUSD) - bull tool blocked in fear/bear (F&G=32, 82% bullish)
07:59:38 | INFO     | Skipping simple_buy_uptrend (DOTUSD) - bull tool blocked in fear/bear (F&G=32, 82% bullish)
07:59:38 | DEBUG    | Skipping ema_cross_short (JITOSOLUSD) — short blocked (US Non-ECP margin restriction)
07:59:38 | INFO     | Skipping buy_btc_leading (TAOUSD) - bull tool blocked in fear/bear (F&G=32, 82% bullish)
07:59:38 | DEBUG    | Skipping ema_cross_short (XBTUSD) — short blocked (US Non-ECP margin restriction)
07:59:38 | INFO     | Skipping simple_buy_uptrend (XRPUSD) - bull tool blocked in fear/bear (F&G=32, 82% bullish)
07:59:38 | DEBUG    | Skipping ema_cross_short (ADAUSD) — short blocked (US Non-ECP margin restriction)
07:59:38 | INFO     | Skipping buy_btc_leading (AVAXUSD) - bull tool blocked in fear/bear (F&G=32, 82% bullish)
07:59:38 | DEBUG    | Skipping ema_cross_short (XRPUSD) — short blocked (US Non-ECP margin restriction)
07:59:38 | DEBUG    | Skipping ema_cross_short (ETHUSD) — short blocked (US Non-ECP margin restriction)
07:59:38 | DEBUG    | Skipping ema_cross_short (SOLUSD) — short blocked (US Non-ECP margin restriction)
07:59:38 | DEBUG    | Skipping ema_cross_short (DOTUSD) — short blocked (US Non-ECP margin restriction)
07:59:38 | DEBUG    | Skipping ema_cross_short (AVAXUSD) — short blocked (US Non-ECP margin restriction)
07:59:38 | DEBUG    | Skipping ema_cross_short (ZECUSD) — short blocked (US Non-ECP margin restriction)
07:59:38 | DEBUG    | Skipping ema_cross_short (BNBUSD) — short blocked (US Non-ECP margin restriction)
07:59:38 | DEBUG    | Skipping ema_cross_short (LTCUSD) — short blocked (US Non-ECP margin restriction)
07:59:38 | DEBUG    | Skipping ema_cross_short (LINKUSD) — short blocked (US Non-ECP margin restriction)
07:59:38 | INFO     | Skipping simple_buy_uptrend (LINKUSD) - bull tool blocked in fear/bear (F&G=32, 82% bullish)
07:59:38 | DEBUG    | Skipping ema_cross_short (TAOUSD) — short blocked (US Non-ECP margin restriction)
07:59:38 | INFO     | Skipping simple_buy_uptrend (LTCUSD) - bull tool blocked in fear/bear (F&G=32, 82% bullish)
07:59:38 | INFO     | [BLACKLIST] RAVEUSD in mandatory cooldown (3.0h hard, 3.0h total) — skipping distribution_short
07:59:38 | INFO     | [2026-04-22 07:59:38] CYCLE #4950 | F&G: 32 (Neutral) | Allocation: Grid 0% / Active 100%
07:59:38 | INFO     | Balance: $342.31 (start: $300.00, +14.1%) | Grid: $0.00 | Active: $274.21
07:59:38 | INFO     | Grid: 0 positions across 40 pairs | 0 round trips | $0.00 profit
07:59:38 | INFO     | Active: 1/8 positions open
07:59:38 | INFO     |   → HYPEUSD long +2.8% (btc_alt_spread, 19.2h held)
07:59:38 | INFO     | Signals this cycle: crash_neg_ac RAVEUSD (score 416.8), falling_wedge_short XMRUSD (score 25.7), ema_cross_short HYPEUSD (score 22.8)
07:59:38 | INFO     | MTF: 18% bearish 4h, 82% bullish 4h | Avg 4h RSI: 63.0
07:59:38 | INFO     | Tool streaks: entropy_dip L5
07:59:38 | INFO     | Cycle took 11.5s, sleeping 288.5s
07:59:38 | INFO     | ════════════════════════════════════════════════════════════════════════════════
07:59:48 | INFO     | 🔌 Real-time event during sleep! Processing...
07:59:54 | INFO     | 💰 VOLUME SPIKE: ETHUSD 4.6x normal volume
07:59:58 | INFO     | 🔌 Real-time event during sleep! Processing...
08:00:12 | INFO     | 💰 VOLUME SPIKE: AVAXUSD 5.0x normal volume
08:00:18 | INFO     | 🔌 Real-time event during sleep! Processing...
08:01:02 | INFO     | 💰 VOLUME SPIKE: LINKUSD 3.7x normal volume
08:01:08 | INFO     | 🔌 Real-time event during sleep! Processing...
08:01:48 | INFO     | 💰 VOLUME SPIKE: SOLUSD 3.2x normal volume
08:01:58 | INFO     | 🔌 Real-time event during sleep! Processing...
08:04:27 | INFO     | ════════════════════════════════════════════════════════════════════════════════
08:04:37 | INFO     | 💰 Kraken account balance: $342.41
08:04:37 | INFO     | [STACK] LTCUSD long: 2 tools (buy_btc_leading+simple_buy_uptrend) → score 5.6 × 1.3 = 7.3
08:04:37 | INFO     | [STACK] JITOSOLUSD short: 2 tools (ema_cross_short+entropy_short) → score 7.1 × 1.3 = 9.2
08:04:37 | INFO     | [STACK] ZECUSD short: 2 tools (distribution_short+ema_cross_short) → score 15.7 × 1.3 = 20.4
08:04:37 | INFO     | [STACK] ADAUSD short: 2 tools (ema_cross_short+entropy_short) → score 6.2 × 1.3 = 8.0
08:04:37 | INFO     | [STACK] XBTUSD short: 2 tools (ema_cross_short+entropy_short) → score 6.5 × 1.3 = 8.5
08:04:37 | INFO     | [STACK] AVAXUSD short: 2 tools (ema_cross_short+distribution_short) → score 5.7 × 1.3 = 7.4
08:04:37 | INFO     | [STACK] RAVEUSD long: 2 tools (crash_neg_ac+mega_crash) → score 141.7 × 1.3 = 184.2
08:04:37 | INFO     | [STACK] XRPUSD short: 2 tools (ema_cross_short+entropy_short) → score 5.4 × 1.3 = 7.0
08:04:37 | INFO     | [BLACKLIST] RAVEUSD in mandatory cooldown (2.9h hard, 2.9h total) — skipping crash_neg_ac
08:04:37 | DEBUG    | Skipping distribution_short (XMRUSD) — short blocked (US Non-ECP margin restriction)
08:04:37 | INFO     | [BEARISH OVERLAY] buy_btc_leading ZECUSD blocked — distribution_short short score 18.8 active
08:04:37 | DEBUG    | Skipping distribution_short (ZECUSD) — short blocked (US Non-ECP margin restriction)
08:04:37 | INFO     | Skipping simple_buy_uptrend (DOTUSD) - bull tool blocked in fear/bear (F&G=32, 82% bullish)
08:04:37 | DEBUG    | Skipping ema_cross_short (JITOSOLUSD) — short blocked (US Non-ECP margin restriction)
08:04:37 | INFO     | Skipping buy_btc_leading (TAOUSD) - bull tool blocked in fear/bear (F&G=32, 82% bullish)
08:04:37 | DEBUG    | Skipping ema_cross_short (XBTUSD) — short blocked (US Non-ECP margin restriction)
08:04:37 | INFO     | Skipping simple_buy_uptrend (XRPUSD) - bull tool blocked in fear/bear (F&G=32, 82% bullish)
08:04:37 | DEBUG    | Skipping ema_cross_short (ADAUSD) — short blocked (US Non-ECP margin restriction)
08:04:37 | DEBUG    | Skipping ema_cross_short (AVAXUSD) — short blocked (US Non-ECP margin restriction)
08:04:37 | INFO     | Skipping buy_btc_leading (LTCUSD) - bull tool blocked in fear/bear (F&G=32, 82% bullish)
08:04:37 | DEBUG    | Skipping ema_cross_short (XRPUSD) — short blocked (US Non-ECP margin restriction)
08:04:37 | DEBUG    | Skipping ema_cross_short (ETHUSD) — short blocked (US Non-ECP margin restriction)
08:04:37 | DEBUG    | Skipping ema_cross_short (SOLUSD) — short blocked (US Non-ECP margin restriction)
08:04:37 | DEBUG    | Skipping ema_cross_short (DOTUSD) — short blocked (US Non-ECP margin restriction)
08:04:37 | DEBUG    | Skipping ema_cross_short (BNBUSD) — short blocked (US Non-ECP margin restriction)
08:04:37 | INFO     | Skipping simple_buy_uptrend (LINKUSD) - bull tool blocked in fear/bear (F&G=32, 82% bullish)
08:04:37 | DEBUG    | Skipping ema_cross_short (LINKUSD) — short blocked (US Non-ECP margin restriction)
08:04:37 | DEBUG    | Skipping ema_cross_short (LTCUSD) — short blocked (US Non-ECP margin restriction)
08:04:37 | DEBUG    | Skipping ema_cross_short (TAOUSD) — short blocked (US Non-ECP margin restriction)
08:04:37 | INFO     | [BLACKLIST] RAVEUSD in mandatory cooldown (2.9h hard, 2.9h total) — skipping distribution_short
08:04:37 | INFO     | [2026-04-22 08:04:37] CYCLE #4951 | F&G: 32 (Neutral) | Allocation: Grid 0% / Active 100%
08:04:37 | INFO     | Balance: $342.41 (start: $300.00, +14.1%) | Grid: $0.00 | Active: $274.31
08:04:37 | INFO     | Grid: 0 positions across 40 pairs | 0 round trips | $0.00 profit
08:04:37 | INFO     | Active: 1/8 positions open
08:04:37 | INFO     |   → HYPEUSD long +3.0% (btc_alt_spread, 19.3h held)
08:04:37 | INFO     | Signals this cycle: crash_neg_ac RAVEUSD (score 184.2), distribution_short XMRUSD (score 33.6), buy_btc_leading ZECUSD (score 24.1)
08:04:37 | INFO     | MTF: 18% bearish 4h, 82% bullish 4h | Avg 4h RSI: 63.6
08:04:37 | INFO     | Tool streaks: entropy_dip L5
08:04:37 | INFO     | Cycle took 10.6s, sleeping 289.4s
08:04:37 | INFO     | ════════════════════════════════════════════════════════════════════════════════
08:05:01 | INFO     | 💰 VOLUME SPIKE: AAVEUSD 5.0x normal volume
08:05:07 | INFO     | 🔌 Real-time event during sleep! Processing...
08:05:35 | INFO     | 💰 VOLUME SPIKE: XLMUSD 3.4x normal volume
08:05:37 | INFO     | 🔌 Real-time event during sleep! Processing...
08:05:58 | INFO     | 💰 VOLUME SPIKE: UNIUSD 5.0x normal volume
08:06:07 | INFO     | 🔌 Real-time event during sleep! Processing...
08:07:58 | INFO     | 💰 VOLUME SPIKE: LTCUSD 3.2x normal volume
08:08:08 | INFO     | 🔌 Real-time event during sleep! Processing...
08:09:27 | INFO     | ════════════════════════════════════════════════════════════════════════════════
08:09:41 | INFO     | 💰 Kraken account balance: $342.36
08:09:41 | INFO     | [VOLATILITY] Scanning 659 USD pairs for volatility...
08:09:43 | INFO     | [VOLATILITY] Selected 20 pairs (from 10 liquid). Top 5: RAVEUSD (score=0.41, vol=61.7%, pos=31%), HYPEUSD (score=0.07, vol=5.7%, pos=97%), XZECZUSD (score=0.07, vol=8.4%, pos=51%), XETHZUSD (score=0.07, vol=5.7%, pos=89%), JITOSOLUSD (score=0.07, vol=5.3%, pos=88%)
08:09:43 | INFO     | [STACK] JITOSOLUSD short: 2 tools (ema_cross_short+entropy_short) → score 7.1 × 1.3 = 9.2
08:09:43 | INFO     | [STACK] ZECUSD short: 2 tools (distribution_short+ema_cross_short) → score 15.7 × 1.3 = 20.4
08:09:43 | INFO     | [STACK] ADAUSD short: 2 tools (ema_cross_short+entropy_short) → score 6.1 × 1.3 = 8.0
08:09:43 | INFO     | [STACK] XBTUSD short: 2 tools (ema_cross_short+entropy_short) → score 6.5 × 1.3 = 8.4
08:09:43 | INFO     | [STACK] AVAXUSD short: 2 tools (ema_cross_short+distribution_short) → score 5.6 × 1.3 = 7.3
08:09:43 | INFO     | [STACK] RAVEUSD long: 2 tools (crash_neg_ac+mega_crash) → score 144.1 × 1.3 = 187.3
08:09:43 | INFO     | [STACK] XRPUSD short: 2 tools (ema_cross_short+entropy_short) → score 5.3 × 1.3 = 6.9
08:09:43 | INFO     | [BLACKLIST] RAVEUSD in mandatory cooldown (2.8h hard, 2.8h total) — skipping crash_neg_ac
08:09:43 | DEBUG    | Skipping distribution_short (XMRUSD) — short blocked (US Non-ECP margin restriction)
08:09:43 | INFO     | [BEARISH OVERLAY] buy_btc_leading ZECUSD blocked — distribution_short short score 18.8 active
08:09:43 | DEBUG    | Skipping distribution_short (ZECUSD) — short blocked (US Non-ECP margin restriction)
08:09:43 | INFO     | Skipping simple_buy_uptrend (DOTUSD) - bull tool blocked in fear/bear (F&G=32, 82% bullish)
08:09:43 | DEBUG    | Skipping ema_cross_short (JITOSOLUSD) — short blocked (US Non-ECP margin restriction)
08:09:43 | INFO     | Skipping buy_btc_leading (TAOUSD) - bull tool blocked in fear/bear (F&G=32, 82% bullish)
08:09:43 | DEBUG    | Skipping ema_cross_short (XBTUSD) — short blocked (US Non-ECP margin restriction)
08:09:43 | INFO     | Skipping simple_buy_uptrend (XRPUSD) - bull tool blocked in fear/bear (F&G=32, 82% bullish)
08:09:43 | DEBUG    | Skipping ema_cross_short (ADAUSD) — short blocked (US Non-ECP margin restriction)
08:09:43 | DEBUG    | Skipping ema_cross_short (AVAXUSD) — short blocked (US Non-ECP margin restriction)
08:09:43 | INFO     | Skipping buy_btc_leading (AVAXUSD) - bull tool blocked in fear/bear (F&G=32, 82% bullish)
08:09:43 | DEBUG    | Skipping ema_cross_short (XRPUSD) — short blocked (US Non-ECP margin restriction)
08:09:43 | DEBUG    | Skipping ema_cross_short (ETHUSD) — short blocked (US Non-ECP margin restriction)
08:09:43 | DEBUG    | Skipping ema_cross_short (SOLUSD) — short blocked (US Non-ECP margin restriction)
08:09:43 | DEBUG    | Skipping ema_cross_short (DOTUSD) — short blocked (US Non-ECP margin restriction)
08:09:43 | DEBUG    | Skipping ema_cross_short (BNBUSD) — short blocked (US Non-ECP margin restriction)
08:09:43 | INFO     | Skipping simple_buy_uptrend (LINKUSD) - bull tool blocked in fear/bear (F&G=32, 82% bullish)
08:09:43 | DEBUG    | Skipping ema_cross_short (LTCUSD) — short blocked (US Non-ECP margin restriction)
08:09:43 | DEBUG    | Skipping ema_cross_short (LINKUSD) — short blocked (US Non-ECP margin restriction)
08:09:43 | DEBUG    | Skipping ema_cross_short (TAOUSD) — short blocked (US Non-ECP margin restriction)
08:09:43 | INFO     | Skipping simple_buy_uptrend (LTCUSD) - bull tool blocked in fear/bear (F&G=32, 82% bullish)
08:09:43 | INFO     | [BLACKLIST] RAVEUSD in mandatory cooldown (2.8h hard, 2.8h total) — skipping distribution_short
08:09:43 | DEBUG    | Kelly sizing for btc_alt_spread: WR=53%, payoff=0.1, kelly_f=0.50
08:09:43 | INFO     | [SIZE CAP] ZEURZUSD capped $274.26 → $68.47 (20% of $342.36)
08:09:52 | INFO     | [META] btc_alt_spread ZEURZUSD pooled prob 0.46 → size x0.99
08:09:53 | INFO     | Placing buy limit order: 57.80584797 ZEURZUSD @ 1.17267
08:09:53 | WARNING  | Kraken API error (attempt 1/3): ['EAccount:Invalid permissions:EUR/USD trading restricted for US:FL.'] — retrying in 2s
08:09:55 | WARNING  | Kraken API error (attempt 2/3): ['EAccount:Invalid permissions:EUR/USD trading restricted for US:FL.'] — retrying in 4s
08:09:59 | ERROR    | Kraken API error after 3 attempts: ['EAccount:Invalid permissions:EUR/USD trading restricted for US:FL.']
08:09:59 | WARNING  | Order failed for ZEURZUSD — no order_id returned, aborting position
08:09:59 | INFO     | [2026-04-22 08:09:59] CYCLE #4952 | F&G: 32 (Neutral) | Allocation: Grid 0% / Active 100%
08:09:59 | INFO     | Balance: $342.36 (start: $300.00, +14.1%) | Grid: $0.00 | Active: $274.26
08:09:59 | INFO     | Grid: 0 positions across 40 pairs | 0 round trips | $0.00 profit
08:09:59 | INFO     | Active: 1/8 positions open
08:09:59 | INFO     |   → HYPEUSD long +2.9% (btc_alt_spread, 19.4h held)
08:09:59 | INFO     | Signals this cycle: crash_neg_ac RAVEUSD (score 187.3), distribution_short XMRUSD (score 30.7), buy_btc_leading ZECUSD (score 24.1)
08:09:59 | INFO     | MTF: 18% bearish 4h, 82% bullish 4h | Avg 4h RSI: 63.1
08:09:59 | INFO     | Tool streaks: entropy_dip L5
08:09:59 | INFO     | Cycle took 32.2s, sleeping 267.8s
08:09:59 | INFO     | ════════════════════════════════════════════════════════════════════════════════
08:11:11 | INFO     | 💰 VOLUME SPIKE: XBTUSD 4.0x normal volume
08:11:11 | INFO     | 💰 VOLUME SPIKE: ADAUSD 3.7x normal volume
08:11:18 | INFO     | 💰 VOLUME SPIKE: NEARUSD 4.5x normal volume
08:11:19 | INFO     | 🔌 Real-time event during sleep! Processing...
08:12:24 | INFO     | 💰 VOLUME SPIKE: ATOMUSD 4.8x normal volume
08:12:29 | INFO     | 🔌 Real-time event during sleep! Processing...
08:12:43 | INFO     | 💰 VOLUME SPIKE: AVAXUSD 4.9x normal volume
08:12:49 | INFO     | 🔌 Real-time event during sleep! Processing...
08:12:59 | INFO     | 💰 VOLUME SPIKE: SOLUSD 4.8x normal volume
08:13:09 | INFO     | 🔌 Real-time event during sleep! Processing...
08:13:36 | INFO     | 💰 VOLUME SPIKE: LINKUSD 4.7x normal volume
08:13:39 | INFO     | 🔌 Real-time event during sleep! Processing...
08:13:50 | INFO     | 💰 VOLUME SPIKE: DOTUSD 3.6x normal volume
08:13:59 | INFO     | 🔌 Real-time event during sleep! Processing...
08:14:27 | INFO     | ════════════════════════════════════════════════════════════════════════════════
08:14:39 | INFO     | 💰 Kraken account balance: $342.65
08:14:39 | INFO     | [STACK] LTCUSD long: 2 tools (buy_btc_leading+simple_buy_uptrend) → score 5.7 × 1.3 = 7.4
08:14:39 | INFO     | [STACK] JITOSOLUSD short: 2 tools (ema_cross_short+entropy_short) → score 7.1 × 1.3 = 9.2
08:14:39 | INFO     | [STACK] ZECUSD short: 2 tools (distribution_short+ema_cross_short) → score 15.0 × 1.3 = 19.6
08:14:39 | INFO     | [STACK] ADAUSD short: 2 tools (ema_cross_short+entropy_short) → score 6.1 × 1.3 = 8.0
08:14:39 | INFO     | [STACK] XBTUSD short: 2 tools (ema_cross_short+entropy_short) → score 6.6 × 1.3 = 8.5
08:14:39 | INFO     | [STACK] AVAXUSD short: 2 tools (ema_cross_short+distribution_short) → score 5.7 × 1.3 = 7.4
08:14:39 | INFO     | [STACK] RAVEUSD long: 3 tools (crash_neg_ac+mega_crash+flash_crash) → score 184.3 × 1.6 = 294.9
08:14:39 | INFO     | [STACK] XRPUSD short: 2 tools (ema_cross_short+entropy_short) → score 5.4 × 1.3 = 7.0
08:14:39 | INFO     | [BLACKLIST] RAVEUSD in mandatory cooldown (2.8h hard, 2.8h total) — skipping crash_neg_ac
08:14:39 | DEBUG    | Skipping distribution_short (XMRUSD) — short blocked (US Non-ECP margin restriction)
08:14:39 | INFO     | [BEARISH OVERLAY] buy_btc_leading ZECUSD blocked — distribution_short short score 18.1 active
08:14:39 | DEBUG    | Skipping distribution_short (ZECUSD) — short blocked (US Non-ECP margin restriction)
08:14:39 | INFO     | Skipping simple_buy_uptrend (DOTUSD) - bull tool blocked in fear/bear (F&G=32, 82% bullish)
08:14:39 | DEBUG    | Skipping ema_cross_short (JITOSOLUSD) — short blocked (US Non-ECP margin restriction)
08:14:39 | INFO     | Skipping buy_btc_leading (TAOUSD) - bull tool blocked in fear/bear (F&G=32, 82% bullish)
08:14:39 | DEBUG    | Skipping ema_cross_short (XBTUSD) — short blocked (US Non-ECP margin restriction)
08:14:39 | INFO     | Skipping simple_buy_uptrend (XRPUSD) - bull tool blocked in fear/bear (F&G=32, 82% bullish)
08:14:39 | DEBUG    | Skipping ema_cross_short (ADAUSD) — short blocked (US Non-ECP margin restriction)
08:14:39 | INFO     | Skipping buy_btc_leading (LTCUSD) - bull tool blocked in fear/bear (F&G=32, 82% bullish)
08:14:39 | DEBUG    | Skipping ema_cross_short (AVAXUSD) — short blocked (US Non-ECP margin restriction)
08:14:39 | DEBUG    | Skipping ema_cross_short (XRPUSD) — short blocked (US Non-ECP margin restriction)
08:14:39 | DEBUG    | Skipping ema_cross_short (ETHUSD) — short blocked (US Non-ECP margin restriction)
08:14:39 | DEBUG    | Skipping ema_cross_short (SOLUSD) — short blocked (US Non-ECP margin restriction)
08:14:39 | DEBUG    | Skipping ema_cross_short (DOTUSD) — short blocked (US Non-ECP margin restriction)
08:14:39 | DEBUG    | Skipping ema_cross_short (BNBUSD) — short blocked (US Non-ECP margin restriction)
08:14:39 | INFO     | Skipping simple_buy_uptrend (LINKUSD) - bull tool blocked in fear/bear (F&G=32, 82% bullish)
08:14:39 | DEBUG    | Skipping ema_cross_short (LINKUSD) — short blocked (US Non-ECP margin restriction)
08:14:39 | DEBUG    | Skipping ema_cross_short (LTCUSD) — short blocked (US Non-ECP margin restriction)
08:14:39 | DEBUG    | Skipping ema_cross_short (TAOUSD) — short blocked (US Non-ECP margin restriction)
08:14:39 | INFO     | [BLACKLIST] RAVEUSD in mandatory cooldown (2.8h hard, 2.8h total) — skipping distribution_short
08:14:39 | DEBUG    | Kelly sizing for btc_alt_spread: WR=53%, payoff=0.1, kelly_f=0.50
08:14:39 | INFO     | [SIZE CAP] ZEURZUSD capped $274.55 → $68.53 (20% of $342.65)
08:14:47 | INFO     | [META] btc_alt_spread ZEURZUSD pooled prob 0.46 → size x0.99
08:14:47 | INFO     | Placing buy limit order: 57.85603056 ZEURZUSD @ 1.17265
08:14:48 | WARNING  | Kraken API error (attempt 1/3): ['EAccount:Invalid permissions:EUR/USD trading restricted for US:FL.'] — retrying in 2s
08:14:50 | WARNING  | Kraken API error (attempt 2/3): ['EAccount:Invalid permissions:EUR/USD trading restricted for US:FL.'] — retrying in 4s
08:14:54 | ERROR    | Kraken API error after 3 attempts: ['EAccount:Invalid permissions:EUR/USD trading restricted for US:FL.']
08:14:54 | WARNING  | Order failed for ZEURZUSD — no order_id returned, aborting position
08:14:54 | INFO     | [2026-04-22 08:14:54] CYCLE #4953 | F&G: 32 (Neutral) | Allocation: Grid 0% / Active 100%
08:14:54 | INFO     | Balance: $342.65 (start: $300.00, +14.2%) | Grid: $0.00 | Active: $274.55
08:14:54 | INFO     | Grid: 0 positions across 40 pairs | 0 round trips | $0.00 profit
08:14:54 | INFO     | Active: 1/8 positions open
08:14:54 | INFO     |   → HYPEUSD long +3.3% (btc_alt_spread, 19.4h held)
08:14:54 | INFO     | Signals this cycle: crash_neg_ac RAVEUSD (score 294.9), distribution_short XMRUSD (score 30.7), ema_cross_short HYPEUSD (score 24.3)
08:14:54 | INFO     | MTF: 18% bearish 4h, 82% bullish 4h | Avg 4h RSI: 63.4
08:14:54 | INFO     | Tool streaks: entropy_dip L5
08:14:54 | INFO     | Cycle took 27.0s, sleeping 273.0s
08:14:54 | INFO     | ════════════════════════════════════════════════════════════════════════════════
08:16:37 | INFO     | 💰 VOLUME SPIKE: UNIUSD 4.9x normal volume
08:16:44 | INFO     | 🔌 Real-time event during sleep! Processing...
08:17:44 | INFO     | 💰 VOLUME SPIKE: ETHUSD 3.1x normal volume
08:17:44 | INFO     | 🔌 Real-time event during sleep! Processing...
08:19:27 | INFO     | ════════════════════════════════════════════════════════════════════════════════
08:19:38 | INFO     | 💰 Kraken account balance: $342.53
08:19:38 | INFO     | [STACK] LTCUSD long: 2 tools (buy_btc_leading+simple_buy_uptrend) → score 5.5 × 1.3 = 7.2
08:19:38 | INFO     | [STACK] JITOSOLUSD short: 2 tools (ema_cross_short+entropy_short) → score 7.1 × 1.3 = 9.2
08:19:38 | INFO     | [STACK] ZECUSD short: 2 tools (distribution_short+ema_cross_short) → score 15.0 × 1.3 = 19.6
08:19:38 | INFO     | [STACK] ADAUSD short: 2 tools (ema_cross_short+entropy_short) → score 6.1 × 1.3 = 8.0
08:19:38 | INFO     | [STACK] XBTUSD short: 2 tools (ema_cross_short+entropy_short) → score 6.5 × 1.3 = 8.4
08:19:38 | INFO     | [STACK] AVAXUSD short: 2 tools (ema_cross_short+distribution_short) → score 5.4 × 1.3 = 7.1
08:19:38 | INFO     | [STACK] RAVEUSD long: 3 tools (crash_neg_ac+mega_crash+flash_crash) → score 180.4 × 1.6 = 288.6
08:19:38 | INFO     | [STACK] XRPUSD short: 2 tools (ema_cross_short+entropy_short) → score 5.3 × 1.3 = 6.9
08:19:38 | INFO     | [BLACKLIST] RAVEUSD in mandatory cooldown (2.7h hard, 2.7h total) — skipping crash_neg_ac
08:19:38 | DEBUG    | Skipping distribution_short (XMRUSD) — short blocked (US Non-ECP margin restriction)
08:19:38 | INFO     | [BEARISH OVERLAY] buy_btc_leading ZECUSD blocked — distribution_short short score 18.1 active
08:19:38 | DEBUG    | Skipping distribution_short (ZECUSD) — short blocked (US Non-ECP margin restriction)
08:19:38 | INFO     | Skipping simple_buy_uptrend (DOTUSD) - bull tool blocked in fear/bear (F&G=32, 82% bullish)
08:19:38 | DEBUG    | Skipping ema_cross_short (JITOSOLUSD) — short blocked (US Non-ECP margin restriction)
08:19:38 | INFO     | Skipping buy_btc_leading (TAOUSD) - bull tool blocked in fear/bear (F&G=32, 82% bullish)
08:19:38 | DEBUG    | Skipping ema_cross_short (XBTUSD) — short blocked (US Non-ECP margin restriction)
08:19:38 | INFO     | Skipping simple_buy_uptrend (XRPUSD) - bull tool blocked in fear/bear (F&G=32, 82% bullish)
08:19:38 | DEBUG    | Skipping ema_cross_short (ADAUSD) — short blocked (US Non-ECP margin restriction)
08:19:38 | INFO     | Skipping buy_btc_leading (AVAXUSD) - bull tool blocked in fear/bear (F&G=32, 82% bullish)
08:19:38 | INFO     | Skipping buy_btc_leading (LTCUSD) - bull tool blocked in fear/bear (F&G=32, 82% bullish)
08:19:38 | DEBUG    | Skipping ema_cross_short (AVAXUSD) — short blocked (US Non-ECP margin restriction)
08:19:38 | DEBUG    | Skipping ema_cross_short (XRPUSD) — short blocked (US Non-ECP margin restriction)
08:19:38 | DEBUG    | Skipping ema_cross_short (ETHUSD) — short blocked (US Non-ECP margin restriction)
08:19:38 | DEBUG    | Skipping ema_cross_short (SOLUSD) — short blocked (US Non-ECP margin restriction)
08:19:38 | DEBUG    | Skipping ema_cross_short (DOTUSD) — short blocked (US Non-ECP margin restriction)
08:19:38 | DEBUG    | Skipping ema_cross_short (BNBUSD) — short blocked (US Non-ECP margin restriction)
08:19:38 | DEBUG    | Skipping ema_cross_short (LTCUSD) — short blocked (US Non-ECP margin restriction)
08:19:38 | INFO     | Skipping simple_buy_uptrend (LINKUSD) - bull tool blocked in fear/bear (F&G=32, 82% bullish)
08:19:38 | DEBUG    | Skipping ema_cross_short (LINKUSD) — short blocked (US Non-ECP margin restriction)
08:19:38 | DEBUG    | Skipping ema_cross_short (TAOUSD) — short blocked (US Non-ECP margin restriction)
08:19:38 | INFO     | [BLACKLIST] RAVEUSD in mandatory cooldown (2.7h hard, 2.7h total) — skipping distribution_short
08:19:38 | DEBUG    | Kelly sizing for btc_alt_spread: WR=53%, payoff=0.1, kelly_f=0.50
08:19:38 | INFO     | [SIZE CAP] ZEURZUSD capped $274.43 → $68.51 (20% of $342.53)
08:19:46 | INFO     | [META] btc_alt_spread ZEURZUSD pooled prob 0.46 → size x0.99
08:19:46 | INFO     | Placing buy limit order: 57.83577955 ZEURZUSD @ 1.17265
08:19:46 | WARNING  | Kraken API error (attempt 1/3): ['EAccount:Invalid permissions:EUR/USD trading restricted for US:FL.'] — retrying in 2s
08:19:48 | WARNING  | Kraken API error (attempt 2/3): ['EAccount:Invalid permissions:EUR/USD trading restricted for US:FL.'] — retrying in 4s
08:19:53 | ERROR    | Kraken API error after 3 attempts: ['EAccount:Invalid permissions:EUR/USD trading restricted for US:FL.']
08:19:53 | WARNING  | Order failed for ZEURZUSD — no order_id returned, aborting position
08:19:53 | INFO     | [2026-04-22 08:19:53] CYCLE #4954 | F&G: 32 (Neutral) | Allocation: Grid 0% / Active 100%
08:19:53 | INFO     | Balance: $342.53 (start: $300.00, +14.2%) | Grid: $0.00 | Active: $274.43
08:19:53 | INFO     | Grid: 0 positions across 40 pairs | 0 round trips | $0.00 profit
08:19:53 | INFO     | Active: 1/8 positions open
08:19:53 | INFO     |   → HYPEUSD long +3.2% (btc_alt_spread, 19.5h held)
08:19:53 | INFO     | Signals this cycle: crash_neg_ac RAVEUSD (score 288.6), distribution_short XMRUSD (score 30.7), buy_btc_leading ZECUSD (score 24.0)
08:19:53 | INFO     | MTF: 18% bearish 4h, 82% bullish 4h | Avg 4h RSI: 62.9
08:19:53 | INFO     | Tool streaks: entropy_dip L5
08:19:53 | INFO     | Cycle took 25.1s, sleeping 274.9s
08:19:53 | INFO     | ════════════════════════════════════════════════════════════════════════════════
08:20:26 | INFO     | 💰 VOLUME SPIKE: AAVEUSD 5.0x normal volume
08:20:33 | INFO     | 🔌 Real-time event during sleep! Processing...
08:20:53 | INFO     | 💰 VOLUME SPIKE: XLMUSD 3.9x normal volume
08:21:03 | INFO     | 🔌 Real-time event during sleep! Processing...
08:21:35 | INFO     | 💰 VOLUME SPIKE: NEARUSD 4.8x normal volume
08:21:43 | INFO     | 🔌 Real-time event during sleep! Processing...
08:22:19 | INFO     | 💰 VOLUME SPIKE: LTCUSD 3.1x normal volume
08:22:23 | INFO     | 🔌 Real-time event during sleep! Processing...
08:22:41 | INFO     | 💰 VOLUME SPIKE: XBTUSD 3.3x normal volume
08:22:43 | INFO     | 🔌 Real-time event during sleep! Processing...
08:24:28 | INFO     | ════════════════════════════════════════════════════════════════════════════════
08:24:38 | INFO     | 💰 Kraken account balance: $342.55
08:24:38 | INFO     | [STACK] LTCUSD long: 2 tools (buy_btc_leading+simple_buy_uptrend) → score 5.5 × 1.3 = 7.1
08:24:38 | INFO     | [STACK] JITOSOLUSD short: 2 tools (ema_cross_short+entropy_short) → score 7.1 × 1.3 = 9.2
08:24:38 | INFO     | [STACK] ZECUSD short: 2 tools (distribution_short+ema_cross_short) → score 15.0 × 1.3 = 19.5
08:24:38 | INFO     | [STACK] ADAUSD short: 2 tools (ema_cross_short+entropy_short) → score 6.0 × 1.3 = 7.8
08:24:38 | INFO     | [STACK] XBTUSD short: 2 tools (ema_cross_short+entropy_short) → score 6.4 × 1.3 = 8.3
08:24:38 | INFO     | [STACK] AVAXUSD short: 2 tools (ema_cross_short+distribution_short) → score 5.4 × 1.3 = 7.1
08:24:38 | INFO     | [STACK] RAVEUSD long: 3 tools (crash_neg_ac+mega_crash+flash_crash) → score 181.9 × 1.6 = 291.1
08:24:38 | INFO     | [STACK] XRPUSD short: 2 tools (ema_cross_short+entropy_short) → score 5.3 × 1.3 = 6.9
08:24:38 | INFO     | [BLACKLIST] RAVEUSD in mandatory cooldown (2.6h hard, 2.6h total) — skipping crash_neg_ac
08:24:38 | INFO     | [BEARISH OVERLAY] buy_btc_leading ZECUSD blocked — distribution_short short score 18.0 active
08:24:38 | DEBUG    | Skipping distribution_short (ZECUSD) — short blocked (US Non-ECP margin restriction)
08:24:38 | INFO     | Skipping simple_buy_uptrend (DOTUSD) - bull tool blocked in fear/bear (F&G=32, 82% bullish)
08:24:38 | INFO     | Skipping simple_buy_uptrend (XMRUSD) - bull tool blocked in fear/bear (F&G=32, 82% bullish)
08:24:38 | DEBUG    | Skipping ema_cross_short (JITOSOLUSD) — short blocked (US Non-ECP margin restriction)
08:24:38 | DEBUG    | Skipping ema_cross_short (XBTUSD) — short blocked (US Non-ECP margin restriction)
08:24:38 | INFO     | Skipping buy_btc_leading (TAOUSD) - bull tool blocked in fear/bear (F&G=32, 82% bullish)
08:24:38 | INFO     | Skipping simple_buy_uptrend (XRPUSD) - bull tool blocked in fear/bear (F&G=32, 82% bullish)
08:24:38 | DEBUG    | Skipping ema_cross_short (ADAUSD) — short blocked (US Non-ECP margin restriction)
08:24:38 | INFO     | Skipping buy_btc_leading (AVAXUSD) - bull tool blocked in fear/bear (F&G=32, 82% bullish)
08:24:38 | INFO     | Skipping buy_btc_leading (LTCUSD) - bull tool blocked in fear/bear (F&G=32, 82% bullish)
08:24:38 | DEBUG    | Skipping ema_cross_short (AVAXUSD) — short blocked (US Non-ECP margin restriction)
08:24:38 | DEBUG    | Skipping ema_cross_short (XRPUSD) — short blocked (US Non-ECP margin restriction)
08:24:38 | DEBUG    | Skipping ema_cross_short (ETHUSD) — short blocked (US Non-ECP margin restriction)
08:24:38 | DEBUG    | Skipping ema_cross_short (SOLUSD) — short blocked (US Non-ECP margin restriction)
08:24:38 | DEBUG    | Skipping ema_cross_short (DOTUSD) — short blocked (US Non-ECP margin restriction)
08:24:38 | DEBUG    | Skipping ema_cross_short (BNBUSD) — short blocked (US Non-ECP margin restriction)
08:24:38 | INFO     | Skipping simple_buy_uptrend (LINKUSD) - bull tool blocked in fear/bear (F&G=32, 82% bullish)
08:24:38 | DEBUG    | Skipping ema_cross_short (LINKUSD) — short blocked (US Non-ECP margin restriction)
08:24:38 | DEBUG    | Skipping ema_cross_short (LTCUSD) — short blocked (US Non-ECP margin restriction)
08:24:38 | DEBUG    | Skipping ema_cross_short (TAOUSD) — short blocked (US Non-ECP margin restriction)
08:24:38 | INFO     | [BLACKLIST] RAVEUSD in mandatory cooldown (2.6h hard, 2.6h total) — skipping distribution_short
08:24:38 | DEBUG    | Kelly sizing for btc_alt_spread: WR=53%, payoff=0.1, kelly_f=0.50
08:24:38 | INFO     | [SIZE CAP] ZEURZUSD capped $274.45 → $68.51 (20% of $342.55)
08:24:48 | INFO     | [META] btc_alt_spread ZEURZUSD pooled prob 0.46 → size x0.99
08:24:48 | INFO     | Placing buy limit order: 57.83419667 ZEURZUSD @ 1.17274
08:24:49 | WARNING  | Kraken API error (attempt 1/3): ['EAccount:Invalid permissions:EUR/USD trading restricted for US:FL.'] — retrying in 2s
08:24:51 | WARNING  | Kraken API error (attempt 2/3): ['EAccount:Invalid permissions:EUR/USD trading restricted for US:FL.'] — retrying in 4s
08:24:55 | ERROR    | Kraken API error after 3 attempts: ['EAccount:Invalid permissions:EUR/USD trading restricted for US:FL.']
08:24:55 | WARNING  | Order failed for ZEURZUSD — no order_id returned, aborting position
08:24:55 | INFO     | [2026-04-22 08:24:55] CYCLE #4955 | F&G: 32 (Neutral) | Allocation: Grid 0% / Active 100%
08:24:55 | INFO     | Balance: $342.55 (start: $300.00, +14.2%) | Grid: $0.00 | Active: $274.45
08:24:55 | INFO     | Grid: 0 positions across 40 pairs | 0 round trips | $0.00 profit
08:24:55 | INFO     | Active: 1/8 positions open
08:24:55 | INFO     |   → HYPEUSD long +3.2% (btc_alt_spread, 19.6h held)
08:24:55 | INFO     | Signals this cycle: crash_neg_ac RAVEUSD (score 291.1), ema_cross_short HYPEUSD (score 23.9), buy_btc_leading ZECUSD (score 23.8)
08:24:55 | INFO     | MTF: 18% bearish 4h, 82% bullish 4h | Avg 4h RSI: 63.0
08:24:55 | INFO     | Tool streaks: entropy_dip L5
08:24:55 | INFO     | Cycle took 27.4s, sleeping 272.6s
08:24:55 | INFO     | ════════════════════════════════════════════════════════════════════════════════
08:25:42 | INFO     | 💰 VOLUME SPIKE: SOLUSD 3.1x normal volume
08:25:45 | INFO     | 🔌 Real-time event during sleep! Processing...
08:26:22 | INFO     | 💰 VOLUME SPIKE: LINKUSD 5.0x normal volume
08:26:25 | INFO     | 🔌 Real-time event during sleep! Processing...
08:26:46 | INFO     | 💰 VOLUME SPIKE: ATOMUSD 4.2x normal volume
08:26:55 | INFO     | 🔌 Real-time event during sleep! Processing...
08:27:50 | INFO     | 💰 VOLUME SPIKE: XRPUSD 3.4x normal volume
08:27:55 | INFO     | 🔌 Real-time event during sleep! Processing...
08:28:55 | INFO     | 💰 VOLUME SPIKE: FILUSD 5.0x normal volume
08:28:55 | INFO     | 🔌 Real-time event during sleep! Processing...
08:29:28 | INFO     | ════════════════════════════════════════════════════════════════════════════════
08:29:40 | INFO     | 💰 Kraken account balance: $342.48
08:29:40 | INFO     | [STACK] LTCUSD long: 2 tools (buy_btc_leading+simple_buy_uptrend) → score 5.5 × 1.3 = 7.1
08:29:40 | INFO     | [STACK] JITOSOLUSD short: 2 tools (ema_cross_short+entropy_short) → score 7.1 × 1.3 = 9.2
08:29:40 | INFO     | [STACK] ZECUSD short: 2 tools (distribution_short+ema_cross_short) → score 14.2 × 1.3 = 18.5
08:29:40 | INFO     | [STACK] ADAUSD short: 2 tools (ema_cross_short+entropy_short) → score 5.9 × 1.3 = 7.6
08:29:40 | INFO     | [STACK] XBTUSD short: 2 tools (ema_cross_short+entropy_short) → score 6.4 × 1.3 = 8.3
08:29:40 | INFO     | [STACK] AVAXUSD short: 2 tools (ema_cross_short+distribution_short) → score 5.3 × 1.3 = 6.9
08:29:40 | INFO     | [STACK] RAVEUSD long: 3 tools (crash_neg_ac+mega_crash+flash_crash) → score 194.3 × 1.6 = 310.8
08:29:40 | INFO     | [STACK] XRPUSD short: 2 tools (ema_cross_short+entropy_short) → score 5.2 × 1.3 = 6.8
08:29:40 | INFO     | [BLACKLIST] RAVEUSD in mandatory cooldown (2.5h hard, 2.5h total) — skipping crash_neg_ac
08:29:40 | INFO     | Skipping buy_btc_leading (ZECUSD) - bull tool blocked in fear/bear (F&G=32, 82% bullish)
08:29:40 | DEBUG    | Skipping distribution_short (ZECUSD) — short blocked (US Non-ECP margin restriction)
08:29:40 | INFO     | Skipping simple_buy_uptrend (DOTUSD) - bull tool blocked in fear/bear (F&G=32, 82% bullish)
08:29:40 | DEBUG    | Skipping ema_cross_short (JITOSOLUSD) — short blocked (US Non-ECP margin restriction)
08:29:40 | INFO     | Skipping buy_btc_leading (TAOUSD) - bull tool blocked in fear/bear (F&G=32, 82% bullish)
08:29:40 | DEBUG    | Skipping ema_cross_short (XBTUSD) — short blocked (US Non-ECP margin restriction)
08:29:40 | INFO     | Skipping simple_buy_uptrend (XRPUSD) - bull tool blocked in fear/bear (F&G=32, 82% bullish)
08:29:40 | DEBUG    | Skipping ema_cross_short (ADAUSD) — short blocked (US Non-ECP margin restriction)
08:29:40 | INFO     | Skipping simple_buy_uptrend (ADAUSD) - bull tool blocked in fear/bear (F&G=32, 82% bullish)
08:29:40 | INFO     | Skipping buy_btc_leading (AVAXUSD) - bull tool blocked in fear/bear (F&G=32, 82% bullish)
08:29:40 | INFO     | Skipping buy_btc_leading (LTCUSD) - bull tool blocked in fear/bear (F&G=32, 82% bullish)
08:29:40 | DEBUG    | Skipping ema_cross_short (AVAXUSD) — short blocked (US Non-ECP margin restriction)
08:29:40 | DEBUG    | Skipping ema_cross_short (ETHUSD) — short blocked (US Non-ECP margin restriction)
08:29:40 | DEBUG    | Skipping ema_cross_short (XRPUSD) — short blocked (US Non-ECP margin restriction)
08:29:40 | DEBUG    | Skipping ema_cross_short (SOLUSD) — short blocked (US Non-ECP margin restriction)
08:29:40 | DEBUG    | Skipping ema_cross_short (DOTUSD) — short blocked (US Non-ECP margin restriction)
08:29:40 | DEBUG    | Skipping ema_cross_short (BNBUSD) — short blocked (US Non-ECP margin restriction)
08:29:40 | INFO     | Skipping simple_buy_uptrend (LINKUSD) - bull tool blocked in fear/bear (F&G=32, 82% bullish)
08:29:40 | DEBUG    | Skipping ema_cross_short (LTCUSD) — short blocked (US Non-ECP margin restriction)
08:29:40 | DEBUG    | Skipping ema_cross_short (LINKUSD) — short blocked (US Non-ECP margin restriction)
08:29:40 | DEBUG    | Skipping ema_cross_short (TAOUSD) — short blocked (US Non-ECP margin restriction)
08:29:40 | DEBUG    | Kelly sizing for btc_alt_spread: WR=53%, payoff=0.1, kelly_f=0.50
08:29:40 | INFO     | [SIZE CAP] ZEURZUSD capped $274.38 → $68.50 (20% of $342.48)
08:29:50 | INFO     | [META] btc_alt_spread ZEURZUSD pooled prob 0.46 → size x0.99
08:29:50 | INFO     | Placing buy limit order: 57.84266545 ZEURZUSD @ 1.17233
08:29:50 | WARNING  | Kraken API error (attempt 1/3): ['EAccount:Invalid permissions:EUR/USD trading restricted for US:FL.'] — retrying in 2s
08:29:53 | WARNING  | Kraken API error (attempt 2/3): ['EAccount:Invalid permissions:EUR/USD trading restricted for US:FL.'] — retrying in 4s
08:29:57 | ERROR    | Kraken API error after 3 attempts: ['EAccount:Invalid permissions:EUR/USD trading restricted for US:FL.']
08:29:57 | WARNING  | Order failed for ZEURZUSD — no order_id returned, aborting position
08:29:57 | INFO     | [2026-04-22 08:29:57] CYCLE #4956 | F&G: 32 (Neutral) | Allocation: Grid 0% / Active 100%
08:29:57 | INFO     | Balance: $342.48 (start: $300.00, +14.2%) | Grid: $0.00 | Active: $274.38
08:29:57 | INFO     | Grid: 0 positions across 40 pairs | 0 round trips | $0.00 profit
08:29:57 | INFO     | Active: 1/8 positions open
08:29:57 | INFO     |   → HYPEUSD long +3.1% (btc_alt_spread, 19.7h held)
08:29:57 | INFO     | Signals this cycle: crash_neg_ac RAVEUSD (score 310.8), buy_btc_leading ZECUSD (score 23.9), ema_cross_short HYPEUSD (score 23.7)
08:29:57 | INFO     | MTF: 18% bearish 4h, 82% bullish 4h | Avg 4h RSI: 61.9
08:29:57 | INFO     | Tool streaks: entropy_dip L5
08:29:57 | INFO     | Cycle took 29.2s, sleeping 270.8s
08:29:57 | INFO     | ════════════════════════════════════════════════════════════════════════════════
08:33:45 | INFO     | 💰 VOLUME SPIKE: AAVEUSD 3.8x normal volume
08:33:47 | INFO     | 🔌 Real-time event during sleep! Processing...
08:34:28 | INFO     | ════════════════════════════════════════════════════════════════════════════════
08:34:40 | INFO     | 💰 Kraken account balance: $342.39
08:34:40 | INFO     | [STACK] LTCUSD long: 2 tools (buy_btc_leading+simple_buy_uptrend) → score 5.4 × 1.3 = 7.1
08:34:40 | INFO     | [STACK] JITOSOLUSD short: 2 tools (ema_cross_short+entropy_short) → score 7.1 × 1.3 = 9.2
08:34:40 | INFO     | [STACK] ZECUSD short: 2 tools (distribution_short+ema_cross_short) → score 14.2 × 1.3 = 18.5
08:34:40 | INFO     | [STACK] ADAUSD short: 2 tools (ema_cross_short+entropy_short) → score 5.9 × 1.3 = 7.6
08:34:40 | INFO     | [STACK] XBTUSD short: 2 tools (ema_cross_short+entropy_short) → score 6.4 × 1.3 = 8.3
08:34:40 | INFO     | [STACK] AVAXUSD short: 2 tools (ema_cross_short+distribution_short) → score 5.1 × 1.3 = 6.7
08:34:40 | INFO     | [STACK] RAVEUSD long: 3 tools (crash_neg_ac+mega_crash+flash_crash) → score 201.6 × 1.6 = 322.6
08:34:40 | INFO     | [STACK] XRPUSD short: 2 tools (ema_cross_short+entropy_short) → score 5.2 × 1.3 = 6.8
08:34:40 | INFO     | [BLACKLIST] RAVEUSD in mandatory cooldown (2.4h hard, 2.4h total) — skipping crash_neg_ac
08:34:40 | INFO     | Skipping buy_btc_leading (ZECUSD) - bull tool blocked in fear/bear (F&G=32, 82% bullish)
08:34:40 | DEBUG    | Skipping distribution_short (ZECUSD) — short blocked (US Non-ECP margin restriction)
08:34:40 | INFO     | Skipping simple_buy_uptrend (DOTUSD) - bull tool blocked in fear/bear (F&G=32, 82% bullish)
08:34:40 | INFO     | Skipping simple_buy_uptrend (XMRUSD) - bull tool blocked in fear/bear (F&G=32, 82% bullish)
08:34:40 | DEBUG    | Skipping ema_cross_short (JITOSOLUSD) — short blocked (US Non-ECP margin restriction)
08:34:40 | INFO     | Skipping buy_btc_leading (TAOUSD) - bull tool blocked in fear/bear (F&G=32, 82% bullish)
08:34:40 | DEBUG    | Skipping ema_cross_short (XBTUSD) — short blocked (US Non-ECP margin restriction)
08:34:40 | INFO     | Skipping simple_buy_uptrend (XRPUSD) - bull tool blocked in fear/bear (F&G=32, 82% bullish)
08:34:40 | DEBUG    | Skipping ema_cross_short (ADAUSD) — short blocked (US Non-ECP margin restriction)
08:34:40 | INFO     | Skipping buy_btc_leading (AVAXUSD) - bull tool blocked in fear/bear (F&G=32, 82% bullish)
08:34:40 | INFO     | Skipping simple_buy_uptrend (ADAUSD) - bull tool blocked in fear/bear (F&G=32, 82% bullish)
08:34:40 | INFO     | Skipping buy_btc_leading (LTCUSD) - bull tool blocked in fear/bear (F&G=32, 82% bullish)
08:34:40 | DEBUG    | Skipping ema_cross_short (ETHUSD) — short blocked (US Non-ECP margin restriction)
08:34:40 | DEBUG    | Skipping ema_cross_short (XRPUSD) — short blocked (US Non-ECP margin restriction)
08:34:40 | DEBUG    | Skipping ema_cross_short (AVAXUSD) — short blocked (US Non-ECP margin restriction)
08:34:40 | DEBUG    | Skipping ema_cross_short (SOLUSD) — short blocked (US Non-ECP margin restriction)
08:34:40 | DEBUG    | Skipping ema_cross_short (DOTUSD) — short blocked (US Non-ECP margin restriction)
08:34:40 | DEBUG    | Skipping ema_cross_short (BNBUSD) — short blocked (US Non-ECP margin restriction)
08:34:40 | DEBUG    | Skipping ema_cross_short (LTCUSD) — short blocked (US Non-ECP margin restriction)
08:34:40 | DEBUG    | Skipping ema_cross_short (LINKUSD) — short blocked (US Non-ECP margin restriction)
08:34:40 | INFO     | Skipping simple_buy_uptrend (LINKUSD) - bull tool blocked in fear/bear (F&G=32, 82% bullish)
08:34:40 | DEBUG    | Skipping ema_cross_short (TAOUSD) — short blocked (US Non-ECP margin restriction)
08:34:40 | DEBUG    | Kelly sizing for btc_alt_spread: WR=53%, payoff=0.1, kelly_f=0.50
08:34:40 | INFO     | [SIZE CAP] ZEURZUSD capped $274.29 → $68.48 (20% of $342.39)
08:34:50 | INFO     | [META] btc_alt_spread ZEURZUSD pooled prob 0.46 → size x0.99
08:34:50 | INFO     | Placing buy limit order: 57.83721708 ZEURZUSD @ 1.17215
08:34:50 | WARNING  | Kraken API error (attempt 1/3): ['EAccount:Invalid permissions:EUR/USD trading restricted for US:FL.'] — retrying in 2s
08:34:52 | WARNING  | Kraken API error (attempt 2/3): ['EAccount:Invalid permissions:EUR/USD trading restricted for US:FL.'] — retrying in 4s
08:34:56 | ERROR    | Kraken API error after 3 attempts: ['EAccount:Invalid permissions:EUR/USD trading restricted for US:FL.']
08:34:56 | WARNING  | Order failed for ZEURZUSD — no order_id returned, aborting position
08:34:56 | INFO     | [2026-04-22 08:34:56] CYCLE #4957 | F&G: 32 (Neutral) | Allocation: Grid 0% / Active 100%
08:34:56 | INFO     | Balance: $342.39 (start: $300.00, +14.1%) | Grid: $0.00 | Active: $274.29
08:34:56 | INFO     | Grid: 0 positions across 40 pairs | 0 round trips | $0.00 profit
08:34:56 | INFO     | Active: 1/8 positions open
08:34:56 | INFO     |   → HYPEUSD long +3.0% (btc_alt_spread, 19.8h held)
08:34:56 | INFO     | Signals this cycle: crash_neg_ac RAVEUSD (score 322.6), buy_btc_leading ZECUSD (score 23.9), ema_cross_short HYPEUSD (score 23.4)
08:34:56 | INFO     | MTF: 18% bearish 4h, 82% bullish 4h | Avg 4h RSI: 61.6
08:34:56 | INFO     | Tool streaks: entropy_dip L5
08:34:56 | INFO     | Cycle took 27.9s, sleeping 272.1s
08:34:56 | INFO     | ════════════════════════════════════════════════════════════════════════════════
08:36:01 | INFO     | 💰 VOLUME SPIKE: SOLUSD 3.6x normal volume
08:36:06 | INFO     | 🔌 Real-time event during sleep! Processing...
08:36:12 | INFO     | 💰 VOLUME SPIKE: NEARUSD 5.0x normal volume
08:36:16 | INFO     | 🔌 Real-time event during sleep! Processing...
08:37:51 | INFO     | 💰 VOLUME SPIKE: XLMUSD 3.9x normal volume
08:37:56 | INFO     | 🔌 Real-time event during sleep! Processing...
08:39:28 | INFO     | ════════════════════════════════════════════════════════════════════════════════
08:39:40 | INFO     | 💰 Kraken account balance: $342.34
08:39:40 | INFO     | [STACK] LTCUSD long: 2 tools (buy_btc_leading+simple_buy_uptrend) → score 5.4 × 1.3 = 7.0
08:39:40 | INFO     | [STACK] JITOSOLUSD short: 2 tools (ema_cross_short+entropy_short) → score 7.1 × 1.3 = 9.2
08:39:40 | INFO     | [STACK] ZECUSD short: 2 tools (distribution_short+ema_cross_short) → score 24.9 × 1.3 = 32.4
08:39:40 | INFO     | [STACK] ADAUSD short: 2 tools (ema_cross_short+entropy_short) → score 5.9 × 1.3 = 7.6
08:39:40 | INFO     | [STACK] XBTUSD short: 2 tools (ema_cross_short+entropy_short) → score 6.4 × 1.3 = 8.3
08:39:40 | INFO     | [STACK] AVAXUSD short: 2 tools (ema_cross_short+distribution_short) → score 5.2 × 1.3 = 6.8
08:39:40 | INFO     | [STACK] RAVEUSD long: 3 tools (crash_neg_ac+mega_crash+flash_crash) → score 221.3 × 1.6 = 354.1
08:39:40 | INFO     | [STACK] XRPUSD short: 2 tools (ema_cross_short+entropy_short) → score 5.1 × 1.3 = 6.6
08:39:40 | INFO     | [BLACKLIST] RAVEUSD in mandatory cooldown (2.3h hard, 2.3h total) — skipping crash_neg_ac
08:39:40 | DEBUG    | Skipping distribution_short (ZECUSD) — short blocked (US Non-ECP margin restriction)
08:39:40 | INFO     | [BEARISH OVERLAY] buy_btc_leading ZECUSD blocked — distribution_short short score 29.9 active
08:39:40 | INFO     | Skipping simple_buy_uptrend (DOTUSD) - bull tool blocked in fear/bear (F&G=32, 82% bullish)
08:39:40 | INFO     | Skipping simple_buy_uptrend (XMRUSD) - bull tool blocked in fear/bear (F&G=32, 82% bullish)
08:39:40 | DEBUG    | Skipping ema_cross_short (JITOSOLUSD) — short blocked (US Non-ECP margin restriction)
08:39:40 | INFO     | Skipping buy_btc_leading (TAOUSD) - bull tool blocked in fear/bear (F&G=32, 82% bullish)
08:39:40 | DEBUG    | Skipping ema_cross_short (XBTUSD) — short blocked (US Non-ECP margin restriction)
08:39:40 | INFO     | Skipping simple_buy_uptrend (XRPUSD) - bull tool blocked in fear/bear (F&G=32, 82% bullish)
08:39:40 | DEBUG    | Skipping ema_cross_short (ADAUSD) — short blocked (US Non-ECP margin restriction)
08:39:40 | INFO     | Skipping simple_buy_uptrend (ADAUSD) - bull tool blocked in fear/bear (F&G=32, 82% bullish)
08:39:40 | INFO     | Skipping buy_btc_leading (AVAXUSD) - bull tool blocked in fear/bear (F&G=32, 82% bullish)
08:39:40 | INFO     | Skipping buy_btc_leading (LTCUSD) - bull tool blocked in fear/bear (F&G=32, 82% bullish)
08:39:40 | DEBUG    | Skipping ema_cross_short (ETHUSD) — short blocked (US Non-ECP margin restriction)
08:39:40 | DEBUG    | Skipping ema_cross_short (AVAXUSD) — short blocked (US Non-ECP margin restriction)
08:39:40 | DEBUG    | Skipping ema_cross_short (XRPUSD) — short blocked (US Non-ECP margin restriction)
08:39:40 | DEBUG    | Skipping ema_cross_short (SOLUSD) — short blocked (US Non-ECP margin restriction)
08:39:40 | DEBUG    | Skipping ema_cross_short (DOTUSD) — short blocked (US Non-ECP margin restriction)
08:39:40 | DEBUG    | Skipping ema_cross_short (BNBUSD) — short blocked (US Non-ECP margin restriction)
08:39:40 | DEBUG    | Skipping ema_cross_short (LTCUSD) — short blocked (US Non-ECP margin restriction)
08:39:40 | DEBUG    | Skipping ema_cross_short (LINKUSD) — short blocked (US Non-ECP margin restriction)
08:39:40 | INFO     | Skipping simple_buy_uptrend (LINKUSD) - bull tool blocked in fear/bear (F&G=32, 82% bullish)
08:39:40 | INFO     | Skipping simple_buy_uptrend (BNBUSD) - bull tool blocked in fear/bear (F&G=32, 82% bullish)
08:39:40 | DEBUG    | Skipping ema_cross_short (TAOUSD) — short blocked (US Non-ECP margin restriction)
08:39:40 | DEBUG    | Kelly sizing for btc_alt_spread: WR=53%, payoff=0.1, kelly_f=0.50
08:39:40 | INFO     | [SIZE CAP] ZEURZUSD capped $274.24 → $68.47 (20% of $342.34)
08:39:40 | INFO     | 💰 VOLUME SPIKE: ADAUSD 3.3x normal volume
08:39:50 | INFO     | [META] btc_alt_spread ZEURZUSD pooled prob 0.47 → size x0.99
08:39:50 | INFO     | Placing buy limit order: 57.83520646 ZEURZUSD @ 1.17201
08:39:50 | WARNING  | Kraken API error (attempt 1/3): ['EAccount:Invalid permissions:EUR/USD trading restricted for US:FL.'] — retrying in 2s
08:39:52 | WARNING  | Kraken API error (attempt 2/3): ['EAccount:Invalid permissions:EUR/USD trading restricted for US:FL.'] — retrying in 4s
08:39:56 | ERROR    | Kraken API error after 3 attempts: ['EAccount:Invalid permissions:EUR/USD trading restricted for US:FL.']
08:39:56 | WARNING  | Order failed for ZEURZUSD — no order_id returned, aborting position
08:39:56 | INFO     | [2026-04-22 08:39:56] CYCLE #4958 | F&G: 32 (Neutral) | Allocation: Grid 0% / Active 100%
08:39:56 | INFO     | Balance: $342.34 (start: $300.00, +14.1%) | Grid: $0.00 | Active: $274.24
08:39:56 | INFO     | Grid: 0 positions across 40 pairs | 0 round trips | $0.00 profit
08:39:56 | INFO     | Active: 1/8 positions open
08:39:56 | INFO     |   → HYPEUSD long +2.9% (btc_alt_spread, 19.9h held)
08:39:56 | INFO     | Signals this cycle: crash_neg_ac RAVEUSD (score 354.1), distribution_short ZECUSD (score 32.4), buy_btc_leading ZECUSD (score 24.0)
08:39:56 | INFO     | MTF: 18% bearish 4h, 82% bullish 4h | Avg 4h RSI: 61.3
08:39:56 | INFO     | Tool streaks: entropy_dip L5
08:39:56 | INFO     | Cycle took 28.1s, sleeping 271.9s
08:39:56 | INFO     | ════════════════════════════════════════════════════════════════════════════════
08:40:01 | INFO     | 💰 VOLUME SPIKE: ATOMUSD 3.7x normal volume
08:40:01 | INFO     | 💰 VOLUME SPIKE: DOTUSD 3.1x normal volume
08:40:06 | INFO     | 💰 VOLUME SPIKE: UNIUSD 5.0x normal volume
08:40:06 | INFO     | 🔌 Real-time event during sleep! Processing...
08:40:09 | INFO     | 💰 VOLUME SPIKE: XRPUSD 4.1x normal volume
08:40:09 | INFO     | 💰 VOLUME SPIKE: AVAXUSD 3.4x normal volume
08:40:16 | INFO     | 🔌 Real-time event during sleep! Processing...
08:42:29 | INFO     | 💰 VOLUME SPIKE: LINKUSD 4.3x normal volume
08:42:37 | INFO     | 🔌 Real-time event during sleep! Processing...
08:42:55 | INFO     | 💰 VOLUME SPIKE: ETHUSD 3.1x normal volume
08:42:57 | INFO     | 🔌 Real-time event during sleep! Processing...
08:44:29 | INFO     | ════════════════════════════════════════════════════════════════════════════════
08:44:41 | INFO     | 💰 Kraken account balance: $342.41
08:44:41 | INFO     | [STACK] LTCUSD long: 2 tools (buy_btc_leading+simple_buy_uptrend) → score 5.5 × 1.3 = 7.1
08:44:41 | INFO     | [STACK] JITOSOLUSD short: 2 tools (ema_cross_short+entropy_short) → score 7.1 × 1.3 = 9.2
08:44:41 | INFO     | [STACK] ZECUSD short: 2 tools (distribution_short+ema_cross_short) → score 24.9 × 1.3 = 32.4
08:44:41 | INFO     | [STACK] ADAUSD short: 2 tools (ema_cross_short+entropy_short) → score 5.8 × 1.3 = 7.5
08:44:41 | INFO     | [STACK] XBTUSD short: 2 tools (ema_cross_short+entropy_short) → score 6.4 × 1.3 = 8.3
08:44:41 | INFO     | [STACK] AVAXUSD short: 2 tools (ema_cross_short+distribution_short) → score 5.2 × 1.3 = 6.8
08:44:41 | INFO     | [STACK] RAVEUSD long: 3 tools (crash_neg_ac+mega_crash+flash_crash) → score 213.2 × 1.6 = 341.2
08:44:41 | INFO     | [STACK] XRPUSD short: 2 tools (ema_cross_short+entropy_short) → score 5.1 × 1.3 = 6.6
08:44:41 | INFO     | [BLACKLIST] RAVEUSD in mandatory cooldown (2.3h hard, 2.3h total) — skipping crash_neg_ac
08:44:41 | DEBUG    | Skipping distribution_short (ZECUSD) — short blocked (US Non-ECP margin restriction)
08:44:41 | INFO     | [BEARISH OVERLAY] buy_btc_leading ZECUSD blocked — distribution_short short score 29.9 active
08:44:41 | DEBUG    | Skipping falling_wedge_short (XMRUSD) — short blocked (US Non-ECP margin restriction)
08:44:41 | INFO     | Skipping simple_buy_uptrend (DOTUSD) - bull tool blocked in fear/bear (F&G=32, 82% bullish)
08:44:41 | INFO     | Skipping simple_buy_uptrend (XMRUSD) - bull tool blocked in fear/bear (F&G=32, 82% bullish)
08:44:41 | DEBUG    | Skipping ema_cross_short (JITOSOLUSD) — short blocked (US Non-ECP margin restriction)
08:44:41 | INFO     | Skipping buy_btc_leading (TAOUSD) - bull tool blocked in fear/bear (F&G=32, 82% bullish)
08:44:41 | DEBUG    | Skipping ema_cross_short (XBTUSD) — short blocked (US Non-ECP margin restriction)
08:44:41 | INFO     | Skipping simple_buy_uptrend (XRPUSD) - bull tool blocked in fear/bear (F&G=32, 82% bullish)
08:44:41 | DEBUG    | Skipping ema_cross_short (ADAUSD) — short blocked (US Non-ECP margin restriction)
08:44:41 | INFO     | Skipping buy_btc_leading (AVAXUSD) - bull tool blocked in fear/bear (F&G=32, 82% bullish)
08:44:41 | INFO     | Skipping simple_buy_uptrend (ADAUSD) - bull tool blocked in fear/bear (F&G=32, 82% bullish)
08:44:41 | INFO     | Skipping buy_btc_leading (LTCUSD) - bull tool blocked in fear/bear (F&G=32, 82% bullish)
08:44:41 | DEBUG    | Skipping ema_cross_short (ETHUSD) — short blocked (US Non-ECP margin restriction)
08:44:41 | DEBUG    | Skipping ema_cross_short (AVAXUSD) — short blocked (US Non-ECP margin restriction)
08:44:41 | DEBUG    | Skipping ema_cross_short (SOLUSD) — short blocked (US Non-ECP margin restriction)
08:44:41 | DEBUG    | Skipping ema_cross_short (XRPUSD) — short blocked (US Non-ECP margin restriction)
08:44:41 | DEBUG    | Skipping ema_cross_short (DOTUSD) — short blocked (US Non-ECP margin restriction)
08:44:41 | DEBUG    | Skipping ema_cross_short (BNBUSD) — short blocked (US Non-ECP margin restriction)
08:44:41 | DEBUG    | Skipping ema_cross_short (LTCUSD) — short blocked (US Non-ECP margin restriction)
08:44:41 | DEBUG    | Skipping ema_cross_short (LINKUSD) — short blocked (US Non-ECP margin restriction)
08:44:41 | INFO     | Skipping simple_buy_uptrend (LINKUSD) - bull tool blocked in fear/bear (F&G=32, 82% bullish)
08:44:41 | DEBUG    | Skipping ema_cross_short (TAOUSD) — short blocked (US Non-ECP margin restriction)
08:44:41 | DEBUG    | Kelly sizing for btc_alt_spread: WR=53%, payoff=0.1, kelly_f=0.50
08:44:41 | INFO     | [SIZE CAP] ZEURZUSD capped $274.31 → $68.48 (20% of $342.41)
08:44:52 | INFO     | [META] btc_alt_spread ZEURZUSD pooled prob 0.47 → size x0.99
08:44:52 | INFO     | Placing buy limit order: 57.84378765 ZEURZUSD @ 1.17207
08:44:52 | WARNING  | Kraken API error (attempt 1/3): ['EAccount:Invalid permissions:EUR/USD trading restricted for US:FL.'] — retrying in 2s
08:44:55 | WARNING  | Kraken API error (attempt 2/3): ['EAccount:Invalid permissions:EUR/USD trading restricted for US:FL.'] — retrying in 4s
08:44:59 | ERROR    | Kraken API error after 3 attempts: ['EAccount:Invalid permissions:EUR/USD trading restricted for US:FL.']
08:44:59 | WARNING  | Order failed for ZEURZUSD — no order_id returned, aborting position
08:44:59 | INFO     | [2026-04-22 08:44:59] CYCLE #4959 | F&G: 32 (Neutral) | Allocation: Grid 0% / Active 100%
08:44:59 | INFO     | Balance: $342.41 (start: $300.00, +14.1%) | Grid: $0.00 | Active: $274.31
08:44:59 | INFO     | Grid: 0 positions across 40 pairs | 0 round trips | $0.00 profit
08:44:59 | INFO     | Active: 1/8 positions open
08:44:59 | INFO     |   → HYPEUSD long +3.0% (btc_alt_spread, 19.9h held)
08:44:59 | INFO     | Signals this cycle: crash_neg_ac RAVEUSD (score 341.2), distribution_short ZECUSD (score 32.4), buy_btc_leading ZECUSD (score 24.0)
08:44:59 | INFO     | MTF: 18% bearish 4h, 82% bullish 4h | Avg 4h RSI: 61.1
08:44:59 | INFO     | Tool streaks: entropy_dip L5
08:44:59 | INFO     | Cycle took 30.3s, sleeping 269.7s
08:44:59 | INFO     | ════════════════════════════════════════════════════════════════════════════════
08:46:27 | INFO     | 💰 VOLUME SPIKE: NEARUSD 5.0x normal volume
08:46:29 | INFO     | 🔌 Real-time event during sleep! Processing...
08:46:37 | INFO     | 💰 VOLUME SPIKE: XBTUSD 3.3x normal volume
08:46:39 | INFO     | 🔌 Real-time event during sleep! Processing...
08:47:30 | INFO     | 💰 VOLUME SPIKE: LTCUSD 3.0x normal volume
08:47:39 | INFO     | 🔌 Real-time event during sleep! Processing...
08:47:56 | INFO     | 💰 VOLUME SPIKE: AAVEUSD 5.0x normal volume
08:47:59 | INFO     | 🔌 Real-time event during sleep! Processing...
08:49:29 | INFO     | ════════════════════════════════════════════════════════════════════════════════
08:49:40 | INFO     | 💰 Kraken account balance: $342.60
08:49:40 | INFO     | [STACK] LTCUSD long: 2 tools (buy_btc_leading+simple_buy_uptrend) → score 5.5 × 1.3 = 7.1
08:49:40 | INFO     | [STACK] JITOSOLUSD short: 2 tools (ema_cross_short+entropy_short) → score 7.1 × 1.3 = 9.2
08:49:40 | INFO     | [STACK] ZECUSD short: 2 tools (distribution_short+ema_cross_short) → score 14.2 × 1.3 = 18.5
08:49:40 | INFO     | [STACK] ADAUSD short: 2 tools (ema_cross_short+entropy_short) → score 5.9 × 1.3 = 7.6
08:49:40 | INFO     | [STACK] XBTUSD short: 2 tools (ema_cross_short+entropy_short) → score 6.4 × 1.3 = 8.3
08:49:40 | INFO     | [STACK] AVAXUSD short: 2 tools (ema_cross_short+distribution_short) → score 5.3 × 1.3 = 6.9
08:49:40 | INFO     | [STACK] RAVEUSD long: 3 tools (crash_neg_ac+mega_crash+flash_crash) → score 224.9 × 1.6 = 359.9
08:49:40 | INFO     | [STACK] XRPUSD short: 2 tools (ema_cross_short+entropy_short) → score 5.1 × 1.3 = 6.7
08:49:40 | INFO     | [BLACKLIST] RAVEUSD in mandatory cooldown (2.2h hard, 2.2h total) — skipping crash_neg_ac
08:49:40 | DEBUG    | Skipping falling_wedge_short (XMRUSD) — short blocked (US Non-ECP margin restriction)
08:49:40 | INFO     | Skipping buy_btc_leading (ZECUSD) - bull tool blocked in fear/bear (F&G=32, 82% bullish)
08:49:40 | DEBUG    | Skipping distribution_short (ZECUSD) — short blocked (US Non-ECP margin restriction)
08:49:40 | INFO     | Skipping simple_buy_uptrend (DOTUSD) - bull tool blocked in fear/bear (F&G=32, 82% bullish)
08:49:40 | INFO     | [BEARISH OVERLAY] simple_buy_uptrend XMRUSD blocked — falling_wedge_short short score 49.2 active
08:49:40 | DEBUG    | Skipping ema_cross_short (JITOSOLUSD) — short blocked (US Non-ECP margin restriction)
08:49:40 | INFO     | Skipping buy_btc_leading (TAOUSD) - bull tool blocked in fear/bear (F&G=32, 82% bullish)
08:49:40 | DEBUG    | Skipping ema_cross_short (XBTUSD) — short blocked (US Non-ECP margin restriction)
08:49:40 | INFO     | Skipping simple_buy_uptrend (XRPUSD) - bull tool blocked in fear/bear (F&G=32, 82% bullish)
08:49:40 | DEBUG    | Skipping ema_cross_short (ADAUSD) — short blocked (US Non-ECP margin restriction)
08:49:40 | INFO     | Skipping simple_buy_uptrend (ADAUSD) - bull tool blocked in fear/bear (F&G=32, 82% bullish)
08:49:40 | INFO     | Skipping buy_btc_leading (AVAXUSD) - bull tool blocked in fear/bear (F&G=32, 82% bullish)
08:49:40 | INFO     | Skipping buy_btc_leading (LTCUSD) - bull tool blocked in fear/bear (F&G=32, 82% bullish)
08:49:40 | DEBUG    | Skipping ema_cross_short (ETHUSD) — short blocked (US Non-ECP margin restriction)
08:49:40 | DEBUG    | Skipping ema_cross_short (AVAXUSD) — short blocked (US Non-ECP margin restriction)
08:49:40 | DEBUG    | Skipping ema_cross_short (SOLUSD) — short blocked (US Non-ECP margin restriction)
08:49:40 | DEBUG    | Skipping ema_cross_short (XRPUSD) — short blocked (US Non-ECP margin restriction)
08:49:40 | DEBUG    | Skipping ema_cross_short (DOTUSD) — short blocked (US Non-ECP margin restriction)
08:49:40 | DEBUG    | Skipping ema_cross_short (BNBUSD) — short blocked (US Non-ECP margin restriction)
08:49:40 | DEBUG    | Skipping ema_cross_short (LINKUSD) — short blocked (US Non-ECP margin restriction)
08:49:40 | DEBUG    | Skipping ema_cross_short (LTCUSD) — short blocked (US Non-ECP margin restriction)
08:49:40 | INFO     | Skipping simple_buy_uptrend (LINKUSD) - bull tool blocked in fear/bear (F&G=32, 82% bullish)
08:49:40 | DEBUG    | Skipping ema_cross_short (TAOUSD) — short blocked (US Non-ECP margin restriction)
08:49:40 | DEBUG    | Kelly sizing for btc_alt_spread: WR=53%, payoff=0.1, kelly_f=0.50
08:49:40 | INFO     | [SIZE CAP] ZEURZUSD capped $274.50 → $68.52 (20% of $342.60)
08:49:52 | INFO     | [META] btc_alt_spread ZEURZUSD pooled prob 0.47 → size x0.99
08:49:52 | INFO     | Placing buy limit order: 57.88069903 ZEURZUSD @ 1.17197
08:49:52 | WARNING  | Kraken API error (attempt 1/3): ['EAccount:Invalid permissions:EUR/USD trading restricted for US:FL.'] — retrying in 2s
08:49:54 | WARNING  | Kraken API error (attempt 2/3): ['EAccount:Invalid permissions:EUR/USD trading restricted for US:FL.'] — retrying in 4s
08:49:58 | ERROR    | Kraken API error after 3 attempts: ['EAccount:Invalid permissions:EUR/USD trading restricted for US:FL.']
08:49:58 | WARNING  | Order failed for ZEURZUSD — no order_id returned, aborting position
08:49:58 | INFO     | [2026-04-22 08:49:58] CYCLE #4960 | F&G: 32 (Neutral) | Allocation: Grid 0% / Active 100%
08:49:58 | INFO     | Balance: $342.60 (start: $300.00, +14.2%) | Grid: $0.00 | Active: $274.50
08:49:58 | INFO     | Grid: 0 positions across 40 pairs | 0 round trips | $0.00 profit
08:49:58 | INFO     | Active: 1/8 positions open
08:49:58 | INFO     |   → HYPEUSD long +3.3% (btc_alt_spread, 20.0h held)
08:49:58 | INFO     | Signals this cycle: crash_neg_ac RAVEUSD (score 359.9), falling_wedge_short XMRUSD (score 49.2), ema_cross_short HYPEUSD (score 24.1)
08:49:58 | INFO     | MTF: 18% bearish 4h, 82% bullish 4h | Avg 4h RSI: 61.8
08:49:58 | INFO     | Tool streaks: entropy_dip L5
08:49:58 | INFO     | Cycle took 29.7s, sleeping 270.3s
08:49:58 | INFO     | ════════════════════════════════════════════════════════════════════════════════
08:50:34 | INFO     | 💰 VOLUME SPIKE: ATOMUSD 3.3x normal volume
08:50:38 | INFO     | 🔌 Real-time event during sleep! Processing...
08:51:01 | INFO     | 💰 VOLUME SPIKE: ADAUSD 3.4x normal volume
08:51:09 | INFO     | 🔌 Real-time event during sleep! Processing...
08:51:57 | INFO     | 💰 VOLUME SPIKE: AVAXUSD 3.7x normal volume
08:51:59 | INFO     | 🔌 Real-time event during sleep! Processing...
08:52:14 | INFO     | 💰 VOLUME SPIKE: FILUSD 5.0x normal volume
08:52:17 | INFO     | 💰 VOLUME SPIKE: SOLUSD 3.1x normal volume
08:52:19 | INFO     | 🔌 Real-time event during sleep! Processing...
08:52:59 | INFO     | 💰 VOLUME SPIKE: XRPUSD 3.3x normal volume
08:53:09 | INFO     | 🔌 Real-time event during sleep! Processing...
08:53:36 | INFO     | 💰 VOLUME SPIKE: XLMUSD 4.8x normal volume
08:53:39 | INFO     | 🔌 Real-time event during sleep! Processing...
08:54:29 | INFO     | ════════════════════════════════════════════════════════════════════════════════
08:54:40 | INFO     | 💰 Kraken account balance: $342.67
08:54:40 | INFO     | [STACK] LTCUSD long: 2 tools (buy_btc_leading+simple_buy_uptrend) → score 5.5 × 1.3 = 7.2
08:54:40 | INFO     | [STACK] JITOSOLUSD short: 2 tools (ema_cross_short+entropy_short) → score 7.1 × 1.3 = 9.2
08:54:40 | INFO     | [STACK] ADAUSD short: 2 tools (ema_cross_short+entropy_short) → score 5.9 × 1.3 = 7.6
08:54:40 | INFO     | [STACK] XBTUSD short: 2 tools (ema_cross_short+entropy_short) → score 6.4 × 1.3 = 8.3
08:54:40 | INFO     | [STACK] AVAXUSD short: 2 tools (ema_cross_short+distribution_short) → score 5.2 × 1.3 = 6.8
08:54:40 | INFO     | [STACK] RAVEUSD long: 3 tools (crash_neg_ac+mega_crash+flash_crash) → score 210.3 × 1.6 = 336.5
08:54:40 | INFO     | [STACK] XRPUSD short: 2 tools (ema_cross_short+entropy_short) → score 5.2 × 1.3 = 6.7
08:54:40 | INFO     | [BLACKLIST] RAVEUSD in mandatory cooldown (2.1h hard, 2.1h total) — skipping crash_neg_ac
08:54:40 | DEBUG    | Skipping falling_wedge_short (XMRUSD) — short blocked (US Non-ECP margin restriction)
08:54:40 | DEBUG    | Skipping distribution_short (ZECUSD) — short blocked (US Non-ECP margin restriction)
08:54:40 | INFO     | [BEARISH OVERLAY] buy_btc_leading ZECUSD blocked — distribution_short short score 24.9 active
08:54:40 | INFO     | Skipping simple_buy_uptrend (DOTUSD) - bull tool blocked in fear/bear (F&G=32, 82% bullish)
08:54:40 | INFO     | [BEARISH OVERLAY] simple_buy_uptrend XMRUSD blocked — falling_wedge_short short score 51.4 active
08:54:40 | DEBUG    | Skipping ema_cross_short (JITOSOLUSD) — short blocked (US Non-ECP margin restriction)
08:54:40 | DEBUG    | Skipping ema_cross_short (XBTUSD) — short blocked (US Non-ECP margin restriction)
08:54:40 | INFO     | Skipping buy_btc_leading (TAOUSD) - bull tool blocked in fear/bear (F&G=32, 82% bullish)
08:54:40 | INFO     | Skipping simple_buy_uptrend (XRPUSD) - bull tool blocked in fear/bear (F&G=32, 82% bullish)
08:54:40 | DEBUG    | Skipping ema_cross_short (ADAUSD) — short blocked (US Non-ECP margin restriction)
08:54:40 | INFO     | Skipping buy_btc_leading (AVAXUSD) - bull tool blocked in fear/bear (F&G=32, 82% bullish)
08:54:40 | INFO     | Skipping simple_buy_uptrend (ADAUSD) - bull tool blocked in fear/bear (F&G=32, 82% bullish)
08:54:40 | INFO     | Skipping buy_btc_leading (LTCUSD) - bull tool blocked in fear/bear (F&G=32, 82% bullish)
08:54:40 | DEBUG    | Skipping ema_cross_short (ETHUSD) — short blocked (US Non-ECP margin restriction)
08:54:40 | DEBUG    | Skipping ema_cross_short (SOLUSD) — short blocked (US Non-ECP margin restriction)
08:54:40 | DEBUG    | Skipping ema_cross_short (AVAXUSD) — short blocked (US Non-ECP margin restriction)
08:54:40 | DEBUG    | Skipping ema_cross_short (XRPUSD) — short blocked (US Non-ECP margin restriction)
08:54:40 | DEBUG    | Skipping ema_cross_short (DOTUSD) — short blocked (US Non-ECP margin restriction)
08:54:40 | DEBUG    | Skipping ema_cross_short (BNBUSD) — short blocked (US Non-ECP margin restriction)
08:54:40 | INFO     | Skipping simple_buy_uptrend (LINKUSD) - bull tool blocked in fear/bear (F&G=32, 82% bullish)
08:54:40 | DEBUG    | Skipping ema_cross_short (LINKUSD) — short blocked (US Non-ECP margin restriction)
08:54:40 | DEBUG    | Skipping ema_cross_short (LTCUSD) — short blocked (US Non-ECP margin restriction)
08:54:40 | DEBUG    | Skipping ema_cross_short (TAOUSD) — short blocked (US Non-ECP margin restriction)
08:54:40 | DEBUG    | Kelly sizing for btc_alt_spread: WR=53%, payoff=0.1, kelly_f=0.50
08:54:40 | INFO     | [SIZE CAP] ZEURZUSD capped $274.57 → $68.53 (20% of $342.67)
08:54:48 | INFO     | [META] btc_alt_spread ZEURZUSD pooled prob 0.46 → size x0.99
08:54:48 | INFO     | Placing buy limit order: 57.87757391 ZEURZUSD @ 1.17227
08:54:48 | WARNING  | Kraken API error (attempt 1/3): ['EAccount:Invalid permissions:EUR/USD trading restricted for US:FL.'] — retrying in 2s
08:54:50 | WARNING  | Kraken API error (attempt 2/3): ['EAccount:Invalid permissions:EUR/USD trading restricted for US:FL.'] — retrying in 4s
08:54:55 | ERROR    | Kraken API error after 3 attempts: ['EAccount:Invalid permissions:EUR/USD trading restricted for US:FL.']
08:54:55 | WARNING  | Order failed for ZEURZUSD — no order_id returned, aborting position
08:54:55 | INFO     | [2026-04-22 08:54:55] CYCLE #4961 | F&G: 32 (Neutral) | Allocation: Grid 0% / Active 100%
08:54:55 | INFO     | Balance: $342.67 (start: $300.00, +14.2%) | Grid: $0.00 | Active: $274.57
08:54:55 | INFO     | Grid: 0 positions across 40 pairs | 0 round trips | $0.00 profit
08:54:55 | INFO     | Active: 1/8 positions open
08:54:55 | INFO     |   → HYPEUSD long +3.4% (btc_alt_spread, 20.1h held)
08:54:55 | INFO     | Signals this cycle: crash_neg_ac RAVEUSD (score 336.5), falling_wedge_short XMRUSD (score 51.4), distribution_short ZECUSD (score 24.9)
08:54:55 | INFO     | MTF: 18% bearish 4h, 82% bullish 4h | Avg 4h RSI: 62.1
08:54:55 | INFO     | Tool streaks: entropy_dip L5
08:54:55 | INFO     | Cycle took 25.6s, sleeping 274.4s
08:54:55 | INFO     | ════════════════════════════════════════════════════════════════════════════════
08:56:39 | INFO     | 💰 VOLUME SPIKE: XBTUSD 4.0x normal volume
08:56:45 | INFO     | 🔌 Real-time event during sleep! Processing...
08:57:14 | INFO     | 💰 VOLUME SPIKE: ETHUSD 3.0x normal volume
08:57:15 | INFO     | 🔌 Real-time event during sleep! Processing...
08:58:24 | INFO     | 💰 VOLUME SPIKE: LINKUSD 4.8x normal volume
08:58:25 | INFO     | 🔌 Real-time event during sleep! Processing...
08:59:29 | INFO     | ════════════════════════════════════════════════════════════════════════════════
08:59:40 | INFO     | 💰 Kraken account balance: $342.58
08:59:41 | INFO     | [STACK] LTCUSD long: 2 tools (buy_btc_leading+simple_buy_uptrend) → score 5.5 × 1.3 = 7.1
08:59:41 | INFO     | [STACK] JITOSOLUSD short: 2 tools (ema_cross_short+entropy_short) → score 7.1 × 1.3 = 9.2
08:59:41 | INFO     | [STACK] ADAUSD short: 2 tools (ema_cross_short+entropy_short) → score 5.8 × 1.3 = 7.6
08:59:41 | INFO     | [STACK] XBTUSD short: 2 tools (ema_cross_short+entropy_short) → score 6.4 × 1.3 = 8.4
08:59:41 | INFO     | [STACK] AVAXUSD short: 2 tools (ema_cross_short+distribution_short) → score 5.1 × 1.3 = 6.7
08:59:41 | INFO     | [STACK] RAVEUSD long: 3 tools (crash_neg_ac+mega_crash+flash_crash) → score 202.3 × 1.6 = 323.6
08:59:41 | INFO     | [STACK] XRPUSD short: 2 tools (ema_cross_short+entropy_short) → score 5.2 × 1.3 = 6.7
08:59:41 | INFO     | [BLACKLIST] RAVEUSD in mandatory cooldown (2.0h hard, 2.0h total) — skipping crash_neg_ac
08:59:41 | DEBUG    | Skipping falling_wedge_short (XMRUSD) — short blocked (US Non-ECP margin restriction)
08:59:41 | DEBUG    | Skipping distribution_short (ZECUSD) — short blocked (US Non-ECP margin restriction)
08:59:41 | INFO     | [BEARISH OVERLAY] buy_btc_leading ZECUSD blocked — distribution_short short score 24.9 active
08:59:41 | INFO     | Skipping simple_buy_uptrend (DOTUSD) - bull tool blocked in fear/bear (F&G=32, 82% bullish)
08:59:41 | INFO     | [BEARISH OVERLAY] simple_buy_uptrend XMRUSD blocked — falling_wedge_short short score 51.4 active
08:59:41 | DEBUG    | Skipping ema_cross_short (JITOSOLUSD) — short blocked (US Non-ECP margin restriction)
08:59:41 | INFO     | Skipping buy_btc_leading (TAOUSD) - bull tool blocked in fear/bear (F&G=32, 82% bullish)
08:59:41 | DEBUG    | Skipping ema_cross_short (XBTUSD) — short blocked (US Non-ECP margin restriction)
08:59:41 | INFO     | Skipping simple_buy_uptrend (XRPUSD) - bull tool blocked in fear/bear (F&G=32, 82% bullish)
08:59:41 | DEBUG    | Skipping ema_cross_short (ADAUSD) — short blocked (US Non-ECP margin restriction)
08:59:41 | INFO     | Skipping buy_btc_leading (AVAXUSD) - bull tool blocked in fear/bear (F&G=32, 82% bullish)
08:59:41 | INFO     | Skipping simple_buy_uptrend (ADAUSD) - bull tool blocked in fear/bear (F&G=32, 82% bullish)
08:59:41 | INFO     | Skipping buy_btc_leading (LTCUSD) - bull tool blocked in fear/bear (F&G=32, 82% bullish)
08:59:41 | DEBUG    | Skipping ema_cross_short (ETHUSD) — short blocked (US Non-ECP margin restriction)
08:59:41 | DEBUG    | Skipping ema_cross_short (SOLUSD) — short blocked (US Non-ECP margin restriction)
08:59:41 | DEBUG    | Skipping ema_cross_short (XRPUSD) — short blocked (US Non-ECP margin restriction)
08:59:41 | DEBUG    | Skipping ema_cross_short (AVAXUSD) — short blocked (US Non-ECP margin restriction)
08:59:41 | DEBUG    | Skipping ema_cross_short (DOTUSD) — short blocked (US Non-ECP margin restriction)
08:59:41 | DEBUG    | Skipping ema_cross_short (BNBUSD) — short blocked (US Non-ECP margin restriction)
08:59:41 | INFO     | Skipping simple_buy_uptrend (LINKUSD) - bull tool blocked in fear/bear (F&G=32, 82% bullish)
08:59:41 | DEBUG    | Skipping ema_cross_short (LINKUSD) — short blocked (US Non-ECP margin restriction)
08:59:41 | DEBUG    | Skipping ema_cross_short (LTCUSD) — short blocked (US Non-ECP margin restriction)
08:59:41 | DEBUG    | Skipping ema_cross_short (TAOUSD) — short blocked (US Non-ECP margin restriction)
08:59:41 | DEBUG    | Kelly sizing for btc_alt_spread: WR=53%, payoff=0.1, kelly_f=0.50
08:59:41 | INFO     | [SIZE CAP] ZEURZUSD capped $274.48 → $68.52 (20% of $342.58)
08:59:48 | INFO     | [META] btc_alt_spread ZEURZUSD pooled prob 0.46 → size x0.99
08:59:48 | INFO     | Placing buy limit order: 57.86020492 ZEURZUSD @ 1.17233
08:59:49 | WARNING  | Kraken API error (attempt 1/3): ['EAccount:Invalid permissions:EUR/USD trading restricted for US:FL.'] — retrying in 2s
08:59:51 | WARNING  | Kraken API error (attempt 2/3): ['EAccount:Invalid permissions:EUR/USD trading restricted for US:FL.'] — retrying in 4s
08:59:55 | ERROR    | Kraken API error after 3 attempts: ['EAccount:Invalid permissions:EUR/USD trading restricted for US:FL.']
08:59:55 | WARNING  | Order failed for ZEURZUSD — no order_id returned, aborting position
08:59:55 | INFO     | [2026-04-22 08:59:55] CYCLE #4962 | F&G: 32 (Neutral) | Allocation: Grid 0% / Active 100%
08:59:55 | INFO     | Balance: $342.58 (start: $300.00, +14.2%) | Grid: $0.00 | Active: $274.48
08:59:55 | INFO     | Grid: 0 positions across 40 pairs | 0 round trips | $0.00 profit
08:59:55 | INFO     | Active: 1/8 positions open
08:59:55 | INFO     |   → HYPEUSD long +3.2% (btc_alt_spread, 20.2h held)
08:59:55 | INFO     | Signals this cycle: crash_neg_ac RAVEUSD (score 323.6), falling_wedge_short XMRUSD (score 51.4), distribution_short ZECUSD (score 24.9)
08:59:55 | INFO     | MTF: 18% bearish 4h, 82% bullish 4h | Avg 4h RSI: 62.1
08:59:55 | INFO     | Tool streaks: entropy_dip L5
08:59:55 | INFO     | 💰 VOLUME SPIKE: UNIUSD 5.0x normal volume
08:59:55 | INFO     | Cycle took 25.7s, sleeping 274.3s
08:59:55 | INFO     | ════════════════════════════════════════════════════════════════════════════════
09:00:00 | INFO     | 💰 VOLUME SPIKE: AAVEUSD 5.0x normal volume
09:00:05 | INFO     | 🔌 Real-time event during sleep! Processing...
09:01:40 | INFO     | 💰 VOLUME SPIKE: DOTUSD 3.4x normal volume
09:01:45 | INFO     | 🔌 Real-time event during sleep! Processing...
09:01:55 | INFO     | 💰 VOLUME SPIKE: NEARUSD 5.0x normal volume
09:02:05 | INFO     | 🔌 Real-time event during sleep! Processing...
09:02:14 | INFO     | 💰 VOLUME SPIKE: ATOMUSD 4.2x normal volume
09:02:15 | INFO     | 🔌 Real-time event during sleep! Processing...
09:02:18 | INFO     | 💰 VOLUME SPIKE: SOLUSD 4.4x normal volume
09:02:22 | INFO     | 💰 VOLUME SPIKE: FILUSD 5.0x normal volume
09:02:25 | INFO     | 🔌 Real-time event during sleep! Processing...
09:02:31 | INFO     | 💰 VOLUME SPIKE: ADAUSD 4.2x normal volume
09:02:35 | INFO     | 🔌 Real-time event during sleep! Processing...
09:04:29 | INFO     | ════════════════════════════════════════════════════════════════════════════════
09:04:40 | INFO     | 💰 Kraken account balance: $342.81
09:04:40 | INFO     | [MARKET BEAR] cautious cash mode — short_pairs=15, short_signals=26, top3=37.6, dominance=1.10, active_allocation=85%
09:04:40 | INFO     | [STACK] LTCUSD short: 2 tools (ema_cross_short+distribution_short) → score 4.9 × 1.3 = 6.4
09:04:40 | INFO     | [STACK] JITOSOLUSD short: 2 tools (ema_cross_short+entropy_short) → score 6.7 × 1.3 = 8.8
09:04:40 | INFO     | [STACK] ADAUSD short: 3 tools (ema_cross_short+entropy_short+distribution_short) → score 5.4 × 1.6 = 8.7
09:04:40 | INFO     | [STACK] XBTUSD short: 2 tools (ema_cross_short+entropy_short) → score 6.2 × 1.3 = 8.1
09:04:40 | INFO     | [STACK] TAOUSD short: 2 tools (ema_cross_short+distribution_short) → score 4.6 × 1.3 = 6.0
09:04:40 | INFO     | [STACK] LINKUSD short: 2 tools (ema_cross_short+distribution_short) → score 4.9 × 1.3 = 6.4
09:04:40 | INFO     | [STACK] AVAXUSD short: 2 tools (ema_cross_short+distribution_short) → score 4.7 × 1.3 = 6.1
09:04:40 | INFO     | [STACK] DOTUSD short: 2 tools (ema_cross_short+distribution_short) → score 5.1 × 1.3 = 6.6
09:04:40 | INFO     | [STACK] RAVEUSD long: 2 tools (mega_crash+flash_crash) → score 58.4 × 1.3 = 75.9
09:04:40 | INFO     | [STACK] XRPUSD short: 3 tools (ema_cross_short+entropy_short+distribution_short) → score 4.9 × 1.6 = 7.9
09:04:40 | INFO     | [BLACKLIST] RAVEUSD in mandatory cooldown (1.9h hard, 1.9h total) — skipping mega_crash
09:04:40 | DEBUG    | Skipping distribution_short (ZECUSD) — short blocked (US Non-ECP margin restriction)
09:04:40 | DEBUG    | Skipping falling_wedge_short (XMRUSD) — short blocked (US Non-ECP margin restriction)
09:04:40 | INFO     | [BEARISH OVERLAY] buy_btc_leading ZECUSD blocked — distribution_short short score 54.5 active
09:04:40 | INFO     | Skipping simple_buy_uptrend (DOTUSD) - bull tool blocked in fear/bear (F&G=32, 82% bullish)
09:04:40 | INFO     | [BEARISH OVERLAY] simple_buy_uptrend XMRUSD blocked — falling_wedge_short short score 33.6 active
09:04:40 | DEBUG    | Skipping ema_cross_short (JITOSOLUSD) — short blocked (US Non-ECP margin restriction)
09:04:40 | DEBUG    | Skipping ema_cross_short (ADAUSD) — short blocked (US Non-ECP margin restriction)
09:04:40 | INFO     | Skipping buy_btc_leading (AVAXUSD) - bull tool blocked in fear/bear (F&G=32, 82% bullish)
09:04:40 | INFO     | Skipping buy_btc_leading (TAOUSD) - bull tool blocked in fear/bear (F&G=32, 82% bullish)
09:04:40 | DEBUG    | Skipping ema_cross_short (XBTUSD) — short blocked (US Non-ECP margin restriction)
09:04:40 | DEBUG    | Skipping ema_cross_short (XRPUSD) — short blocked (US Non-ECP margin restriction)
09:04:40 | INFO     | Skipping simple_buy_uptrend (XRPUSD) - bull tool blocked in fear/bear (F&G=32, 82% bullish)
09:04:40 | DEBUG    | Skipping ema_cross_short (ETHUSD) — short blocked (US Non-ECP margin restriction)
09:04:40 | DEBUG    | Skipping ema_cross_short (SOLUSD) — short blocked (US Non-ECP margin restriction)
09:04:40 | DEBUG    | Skipping ema_cross_short (DOTUSD) — short blocked (US Non-ECP margin restriction)
09:04:40 | DEBUG    | Skipping ema_cross_short (LTCUSD) — short blocked (US Non-ECP margin restriction)
09:04:40 | DEBUG    | Skipping ema_cross_short (LINKUSD) — short blocked (US Non-ECP margin restriction)
09:04:40 | INFO     | Skipping buy_btc_leading (LTCUSD) - bull tool blocked in fear/bear (F&G=32, 82% bullish)
09:04:40 | DEBUG    | Skipping ema_cross_short (AVAXUSD) — short blocked (US Non-ECP margin restriction)
09:04:40 | DEBUG    | Skipping ema_cross_short (TAOUSD) — short blocked (US Non-ECP margin restriction)
09:04:40 | INFO     | Skipping simple_buy_uptrend (ADAUSD) - bull tool blocked in fear/bear (F&G=32, 82% bullish)
09:04:40 | DEBUG    | Skipping ema_cross_short (BNBUSD) — short blocked (US Non-ECP margin restriction)
09:04:40 | INFO     | Skipping simple_buy_uptrend (LINKUSD) - bull tool blocked in fear/bear (F&G=32, 82% bullish)
09:04:40 | INFO     | [MARKET BEAR] btc_alt_spread ZEURZUSD blocked — cautious cash mode score 2.6 < 12.0
09:04:40 | INFO     | [2026-04-22 09:04:40] CYCLE #4963 | F&G: 32 (Neutral) | Allocation: Grid 0% / Active 85%
09:04:40 | INFO     | Balance: $342.81 (start: $300.00, +14.3%) | Grid: $0.00 | Active: $223.28
09:04:40 | INFO     | Grid: 0 positions across 40 pairs | 0 round trips | $0.00 profit
09:04:40 | INFO     | Active: 1/8 positions open
09:04:40 | INFO     |   → HYPEUSD long +3.6% (btc_alt_spread, 20.3h held)
09:04:40 | INFO     | Signals this cycle: mega_crash RAVEUSD (score 75.9), distribution_short ZECUSD (score 54.5), falling_wedge_short XMRUSD (score 33.6)
09:04:40 | INFO     | MTF: 18% bearish 4h, 82% bullish 4h | Avg 4h RSI: 61.7
09:04:40 | INFO     | Tool streaks: entropy_dip L5
09:04:40 | INFO     | Cycle took 10.5s, sleeping 289.5s
09:04:40 | INFO     | ════════════════════════════════════════════════════════════════════════════════
09:07:16 | INFO     | 💰 VOLUME SPIKE: ETHUSD 4.0x normal volume
09:07:20 | INFO     | 🔌 Real-time event during sleep! Processing...
09:07:23 | INFO     | 💰 VOLUME SPIKE: AVAXUSD 4.8x normal volume
09:07:30 | INFO     | 🔌 Real-time event during sleep! Processing...
09:09:19 | INFO     | 💰 VOLUME SPIKE: XLMUSD 3.2x normal volume
09:09:20 | INFO     | 🔌 Real-time event during sleep! Processing...
09:09:30 | INFO     | ════════════════════════════════════════════════════════════════════════════════
09:09:30 | INFO     | 💰 VOLUME SPIKE: XRPUSD 3.3x normal volume
09:09:32 | INFO     | 💰 VOLUME SPIKE: XBTUSD 3.2x normal volume
09:09:32 | INFO     | 💰 VOLUME SPIKE: LINKUSD 3.4x normal volume
09:09:41 | INFO     | 💰 Kraken account balance: $342.94
09:09:41 | INFO     | [VOLATILITY] Scanning 659 USD pairs for volatility...
09:09:44 | INFO     | [VOLATILITY] Selected 20 pairs (from 10 liquid). Top 5: RAVEUSD (score=0.10, vol=55.3%, pos=15%), HYPEUSD (score=0.09, vol=6.4%, pos=100%), XZECZUSD (score=0.08, vol=8.4%, pos=57%), XETHZUSD (score=0.07, vol=5.7%, pos=96%), JITOSOLUSD (score=0.07, vol=5.4%, pos=96%)
09:09:45 | INFO     | [MARKET BEAR] risk-off cash mode — short_pairs=15, short_signals=24, top3=54.8, dominance=1.41, active_allocation=45%
09:09:45 | INFO     | [STACK] JITOSOLUSD short: 2 tools (ema_cross_short+entropy_short) → score 6.7 × 1.3 = 8.8
09:09:45 | INFO     | [STACK] ZECUSD short: 2 tools (distribution_short+ema_cross_short) → score 25.6 × 1.3 = 33.3
09:09:45 | INFO     | [STACK] ADAUSD short: 3 tools (ema_cross_short+entropy_short+distribution_short) → score 5.8 × 1.6 = 9.2
09:09:45 | INFO     | [STACK] XBTUSD short: 2 tools (ema_cross_short+entropy_short) → score 6.4 × 1.3 = 8.3
09:09:45 | INFO     | [STACK] TAOUSD short: 2 tools (ema_cross_short+distribution_short) → score 5.0 × 1.3 = 6.5
09:09:45 | INFO     | [STACK] AVAXUSD short: 2 tools (ema_cross_short+distribution_short) → score 5.0 × 1.3 = 6.5
09:09:45 | INFO     | [STACK] DOTUSD short: 2 tools (ema_cross_short+distribution_short) → score 5.4 × 1.3 = 7.0
09:09:45 | INFO     | [STACK] RAVEUSD long: 2 tools (mega_crash+flash_crash) → score 59.5 × 1.3 = 77.4
09:09:45 | INFO     | [STACK] XRPUSD short: 2 tools (ema_cross_short+entropy_short) → score 5.1 × 1.3 = 6.7
09:09:45 | DEBUG    | Skipping falling_wedge_short (XMRUSD) — short blocked (US Non-ECP margin restriction)
09:09:45 | INFO     | [BLACKLIST] RAVEUSD in mandatory cooldown (1.8h hard, 1.8h total) — skipping mega_crash
09:09:45 | DEBUG    | Skipping distribution_short (ZECUSD) — short blocked (US Non-ECP margin restriction)
09:09:45 | INFO     | [BEARISH OVERLAY] buy_btc_leading ZECUSD blocked — distribution_short short score 30.7 active
09:09:45 | INFO     | [MARKET BEAR] simple_buy_uptrend DOTUSD blocked — risk-off cash mode with score floor 18.0
09:09:45 | INFO     | [BEARISH OVERLAY] simple_buy_uptrend XMRUSD blocked — falling_wedge_short short score 113.6 active
09:09:45 | DEBUG    | Skipping ema_cross_short (ADAUSD) — short blocked (US Non-ECP margin restriction)
09:09:45 | DEBUG    | Skipping ema_cross_short (JITOSOLUSD) — short blocked (US Non-ECP margin restriction)
09:09:45 | INFO     | [MARKET BEAR] buy_btc_leading AVAXUSD blocked — risk-off cash mode with score floor 18.0
09:09:45 | INFO     | [MARKET BEAR] buy_btc_leading TAOUSD blocked — risk-off cash mode with score floor 18.0
09:09:45 | DEBUG    | Skipping ema_cross_short (XBTUSD) — short blocked (US Non-ECP margin restriction)
09:09:45 | INFO     | [MARKET BEAR] simple_buy_uptrend XRPUSD blocked — risk-off cash mode with score floor 18.0
09:09:45 | DEBUG    | Skipping ema_cross_short (ETHUSD) — short blocked (US Non-ECP margin restriction)
09:09:45 | DEBUG    | Skipping ema_cross_short (DOTUSD) — short blocked (US Non-ECP margin restriction)
09:09:45 | DEBUG    | Skipping ema_cross_short (SOLUSD) — short blocked (US Non-ECP margin restriction)
09:09:45 | DEBUG    | Skipping ema_cross_short (XRPUSD) — short blocked (US Non-ECP margin restriction)
09:09:45 | DEBUG    | Skipping ema_cross_short (TAOUSD) — short blocked (US Non-ECP margin restriction)
09:09:45 | DEBUG    | Skipping ema_cross_short (AVAXUSD) — short blocked (US Non-ECP margin restriction)
09:09:45 | INFO     | [MARKET BEAR] buy_btc_leading LTCUSD blocked — risk-off cash mode with score floor 18.0
09:09:45 | INFO     | [MARKET BEAR] simple_buy_uptrend ADAUSD blocked — risk-off cash mode with score floor 18.0
09:09:45 | DEBUG    | Skipping ema_cross_short (BNBUSD) — short blocked (US Non-ECP margin restriction)
09:09:45 | DEBUG    | Skipping ema_cross_short (LINKUSD) — short blocked (US Non-ECP margin restriction)
09:09:45 | DEBUG    | Skipping ema_cross_short (LTCUSD) — short blocked (US Non-ECP margin restriction)
09:09:45 | INFO     | [MARKET BEAR] simple_buy_uptrend LINKUSD blocked — risk-off cash mode with score floor 18.0
09:09:45 | INFO     | [MARKET BEAR] btc_alt_spread ZEURZUSD blocked — risk-off cash mode with score floor 18.0
09:09:45 | INFO     | [2026-04-22 09:09:45] CYCLE #4964 | F&G: 32 (Neutral) | Allocation: Grid 0% / Active 45%
09:09:45 | INFO     | Balance: $342.94 (start: $300.00, +14.3%) | Grid: $0.00 | Active: $86.22
09:09:45 | INFO     | Grid: 0 positions across 40 pairs | 0 round trips | $0.00 profit
09:09:45 | INFO     | Active: 1/8 positions open
09:09:45 | INFO     |   → HYPEUSD long +3.7% (btc_alt_spread, 20.4h held)
09:09:45 | INFO     | Signals this cycle: falling_wedge_short XMRUSD (score 113.6), mega_crash RAVEUSD (score 77.4), distribution_short ZECUSD (score 33.3)
09:09:45 | INFO     | MTF: 18% bearish 4h, 82% bullish 4h | Avg 4h RSI: 63.8
09:09:45 | INFO     | Tool streaks: entropy_dip L5
09:09:45 | INFO     | Cycle took 14.9s, sleeping 285.1s
09:09:45 | INFO     | ════════════════════════════════════════════════════════════════════════════════
09:09:45 | INFO     | 💰 VOLUME SPIKE: LTCUSD 3.3x normal volume
09:09:55 | INFO     | 🔌 Real-time event during sleep! Processing...
09:10:07 | INFO     | 💰 VOLUME SPIKE: UNIUSD 4.8x normal volume
09:10:15 | INFO     | 🔌 Real-time event during sleep! Processing...
09:14:15 | INFO     | 💰 VOLUME SPIKE: ATOMUSD 3.1x normal volume
09:14:15 | INFO     | 🔌 Real-time event during sleep! Processing...
09:14:30 | INFO     | ════════════════════════════════════════════════════════════════════════════════
09:14:43 | INFO     | 💰 Kraken account balance: $343.06
09:14:43 | INFO     | [MARKET BEAR] risk-off cash mode — short_pairs=15, short_signals=24, top3=57.4, dominance=1.36, active_allocation=45%
09:14:43 | INFO     | [STACK] LTCUSD long: 2 tools (buy_btc_leading+simple_buy_uptrend) → score 6.3 × 1.3 = 8.1
09:14:43 | INFO     | [STACK] JITOSOLUSD short: 2 tools (ema_cross_short+entropy_short) → score 6.7 × 1.3 = 8.8
09:14:43 | INFO     | [STACK] ZECUSD short: 2 tools (distribution_short+ema_cross_short) → score 22.3 × 1.3 = 29.0
09:14:43 | INFO     | [STACK] ADAUSD short: 3 tools (ema_cross_short+entropy_short+distribution_short) → score 5.6 × 1.6 = 8.9
09:14:43 | INFO     | [STACK] XBTUSD short: 2 tools (ema_cross_short+entropy_short) → score 6.3 × 1.3 = 8.2
09:14:43 | INFO     | [STACK] TAOUSD short: 2 tools (ema_cross_short+distribution_short) → score 4.9 × 1.3 = 6.4
09:14:43 | INFO     | [STACK] AVAXUSD short: 2 tools (ema_cross_short+distribution_short) → score 4.8 × 1.3 = 6.3
09:14:43 | INFO     | [STACK] DOTUSD short: 2 tools (ema_cross_short+distribution_short) → score 5.3 × 1.3 = 6.9
09:14:43 | INFO     | [STACK] RAVEUSD long: 2 tools (mega_crash+flash_crash) → score 65.4 × 1.3 = 85.0
09:14:43 | INFO     | [STACK] XRPUSD short: 2 tools (ema_cross_short+entropy_short) → score 5.1 × 1.3 = 6.6
09:14:43 | DEBUG    | Skipping falling_wedge_short (XMRUSD) — short blocked (US Non-ECP margin restriction)
09:14:43 | INFO     | [BLACKLIST] RAVEUSD in mandatory cooldown (1.8h hard, 1.8h total) — skipping mega_crash
09:14:43 | DEBUG    | Skipping distribution_short (ZECUSD) — short blocked (US Non-ECP margin restriction)
09:14:43 | INFO     | [BEARISH OVERLAY] buy_btc_leading ZECUSD blocked — distribution_short short score 26.8 active
09:14:43 | INFO     | [MARKET BEAR] simple_buy_uptrend DOTUSD blocked — risk-off cash mode with score floor 18.0
09:14:43 | INFO     | [BEARISH OVERLAY] simple_buy_uptrend XMRUSD blocked — falling_wedge_short short score 124.3 active
09:14:43 | DEBUG    | Skipping ema_cross_short (ADAUSD) — short blocked (US Non-ECP margin restriction)
09:14:43 | DEBUG    | Skipping ema_cross_short (JITOSOLUSD) — short blocked (US Non-ECP margin restriction)
09:14:43 | INFO     | [MARKET BEAR] buy_btc_leading AVAXUSD blocked — risk-off cash mode with score floor 18.0
09:14:43 | INFO     | [MARKET BEAR] buy_btc_leading TAOUSD blocked — risk-off cash mode with score floor 18.0
09:14:43 | DEBUG    | Skipping ema_cross_short (XBTUSD) — short blocked (US Non-ECP margin restriction)
09:14:43 | INFO     | [MARKET BEAR] buy_btc_leading LTCUSD blocked — risk-off cash mode with score floor 18.0
09:14:43 | INFO     | [MARKET BEAR] simple_buy_uptrend XRPUSD blocked — risk-off cash mode with score floor 18.0
09:14:43 | DEBUG    | Skipping ema_cross_short (ETHUSD) — short blocked (US Non-ECP margin restriction)
09:14:43 | DEBUG    | Skipping ema_cross_short (DOTUSD) — short blocked (US Non-ECP margin restriction)
09:14:43 | DEBUG    | Skipping ema_cross_short (SOLUSD) — short blocked (US Non-ECP margin restriction)
09:14:43 | DEBUG    | Skipping ema_cross_short (XRPUSD) — short blocked (US Non-ECP margin restriction)
09:14:43 | DEBUG    | Skipping ema_cross_short (TAOUSD) — short blocked (US Non-ECP margin restriction)
09:14:43 | DEBUG    | Skipping ema_cross_short (AVAXUSD) — short blocked (US Non-ECP margin restriction)
09:14:43 | INFO     | [MARKET BEAR] simple_buy_uptrend ADAUSD blocked — risk-off cash mode with score floor 18.0
09:14:43 | DEBUG    | Skipping ema_cross_short (BNBUSD) — short blocked (US Non-ECP margin restriction)
09:14:43 | DEBUG    | Skipping ema_cross_short (LINKUSD) — short blocked (US Non-ECP margin restriction)
09:14:43 | DEBUG    | Skipping ema_cross_short (LTCUSD) — short blocked (US Non-ECP margin restriction)
09:14:43 | INFO     | [MARKET BEAR] simple_buy_uptrend LINKUSD blocked — risk-off cash mode with score floor 18.0
09:14:43 | INFO     | [MARKET BEAR] btc_alt_spread ZEURZUSD blocked — risk-off cash mode with score floor 18.0
09:14:43 | INFO     | [2026-04-22 09:14:43] CYCLE #4965 | F&G: 32 (Neutral) | Allocation: Grid 0% / Active 45%
09:14:43 | INFO     | Balance: $343.06 (start: $300.00, +14.4%) | Grid: $0.00 | Active: $86.28
09:14:43 | INFO     | Grid: 0 positions across 40 pairs | 0 round trips | $0.00 profit
09:14:43 | INFO     | Active: 1/8 positions open
09:14:43 | INFO     |   → HYPEUSD long +3.9% (btc_alt_spread, 20.4h held)
09:14:43 | INFO     | Signals this cycle: falling_wedge_short XMRUSD (score 124.3), mega_crash RAVEUSD (score 85.0), distribution_short ZECUSD (score 29.0)
09:14:43 | INFO     | MTF: 18% bearish 4h, 82% bullish 4h | Avg 4h RSI: 63.3
09:14:43 | INFO     | Tool streaks: entropy_dip L5
09:14:43 | INFO     | Cycle took 13.6s, sleeping 286.4s
09:14:43 | INFO     | ════════════════════════════════════════════════════════════════════════════════
09:14:56 | INFO     | 💰 VOLUME SPIKE: SOLUSD 3.6x normal volume
09:15:03 | INFO     | 🔌 Real-time event during sleep! Processing...
09:16:59 | INFO     | 💰 VOLUME SPIKE: AAVEUSD 3.2x normal volume
09:17:04 | INFO     | 🔌 Real-time event during sleep! Processing...
09:17:58 | INFO     | 💰 VOLUME SPIKE: ADAUSD 3.1x normal volume
09:18:04 | INFO     | 🔌 Real-time event during sleep! Processing...
09:19:14 | INFO     | 💰 VOLUME SPIKE: FILUSD 5.0x normal volume
09:19:24 | INFO     | 🔌 Real-time event during sleep! Processing...
09:19:25 | INFO     | 💰 VOLUME SPIKE: NEARUSD 5.0x normal volume
09:19:30 | INFO     | 🔌 Real-time event during sleep! Processing...
09:19:30 | INFO     | ════════════════════════════════════════════════════════════════════════════════
09:19:31 | INFO     | 💰 VOLUME SPIKE: XLMUSD 3.1x normal volume
09:19:31 | INFO     | 💰 VOLUME SPIKE: XRPUSD 3.3x normal volume
09:19:32 | INFO     | 💰 VOLUME SPIKE: AVAXUSD 5.0x normal volume
09:19:34 | INFO     | 💰 VOLUME SPIKE: XBTUSD 4.1x normal volume
09:19:36 | INFO     | 💰 VOLUME SPIKE: ETHUSD 3.0x normal volume
09:19:42 | INFO     | 💰 Kraken account balance: $342.88
09:19:42 | INFO     | [MARKET BEAR] defensive cash mode — short_pairs=15, short_signals=22, top3=56.6, dominance=1.22, active_allocation=65%
09:19:42 | INFO     | [STACK] LTCUSD long: 2 tools (buy_btc_leading+simple_buy_uptrend) → score 6.4 × 1.3 = 8.3
09:19:42 | INFO     | [STACK] JITOSOLUSD short: 2 tools (ema_cross_short+entropy_short) → score 6.7 × 1.3 = 8.8
09:19:42 | INFO     | [STACK] ZECUSD short: 2 tools (distribution_short+ema_cross_short) → score 20.3 × 1.3 = 26.4
09:19:42 | INFO     | [STACK] ADAUSD short: 2 tools (ema_cross_short+entropy_short) → score 5.6 × 1.3 = 7.3
09:19:42 | INFO     | [STACK] XBTUSD short: 2 tools (ema_cross_short+entropy_short) → score 6.4 × 1.3 = 8.3
09:19:42 | INFO     | [STACK] TAOUSD short: 2 tools (ema_cross_short+distribution_short) → score 5.0 × 1.3 = 6.5
09:19:42 | INFO     | [STACK] AVAXUSD short: 2 tools (ema_cross_short+distribution_short) → score 4.9 × 1.3 = 6.4
09:19:42 | INFO     | [STACK] DOTUSD short: 2 tools (ema_cross_short+distribution_short) → score 5.3 × 1.3 = 6.9
09:19:42 | INFO     | [STACK] RAVEUSD long: 2 tools (mega_crash+flash_crash) → score 77.1 × 1.3 = 100.2
09:19:42 | DEBUG    | Skipping falling_wedge_short (XMRUSD) — short blocked (US Non-ECP margin restriction)
09:19:42 | INFO     | [BLACKLIST] RAVEUSD in mandatory cooldown (1.7h hard, 1.7h total) — skipping mega_crash
09:19:42 | DEBUG    | Skipping distribution_short (ZECUSD) — short blocked (US Non-ECP margin restriction)
09:19:42 | INFO     | [BEARISH OVERLAY] buy_btc_leading ZECUSD blocked — distribution_short short score 24.4 active
09:19:42 | INFO     | Skipping simple_buy_uptrend (DOTUSD) - bull tool blocked in fear/bear (F&G=32, 82% bullish)
09:19:42 | INFO     | [BEARISH OVERLAY] simple_buy_uptrend XMRUSD blocked — falling_wedge_short short score 124.3 active
09:19:42 | DEBUG    | Skipping ema_cross_short (JITOSOLUSD) — short blocked (US Non-ECP margin restriction)
09:19:42 | INFO     | Skipping buy_btc_leading (AVAXUSD) - bull tool blocked in fear/bear (F&G=32, 82% bullish)
09:19:42 | INFO     | Skipping buy_btc_leading (TAOUSD) - bull tool blocked in fear/bear (F&G=32, 82% bullish)
09:19:42 | INFO     | Skipping buy_btc_leading (LTCUSD) - bull tool blocked in fear/bear (F&G=32, 82% bullish)
09:19:42 | DEBUG    | Skipping ema_cross_short (XBTUSD) — short blocked (US Non-ECP margin restriction)
09:19:42 | INFO     | Skipping simple_buy_uptrend (XRPUSD) - bull tool blocked in fear/bear (F&G=32, 82% bullish)
09:19:42 | DEBUG    | Skipping ema_cross_short (ADAUSD) — short blocked (US Non-ECP margin restriction)
09:19:42 | DEBUG    | Skipping ema_cross_short (ETHUSD) — short blocked (US Non-ECP margin restriction)
09:19:42 | DEBUG    | Skipping ema_cross_short (DOTUSD) — short blocked (US Non-ECP margin restriction)
09:19:42 | DEBUG    | Skipping ema_cross_short (SOLUSD) — short blocked (US Non-ECP margin restriction)
09:19:42 | DEBUG    | Skipping ema_cross_short (TAOUSD) — short blocked (US Non-ECP margin restriction)
09:19:42 | DEBUG    | Skipping ema_cross_short (AVAXUSD) — short blocked (US Non-ECP margin restriction)
09:19:42 | INFO     | Skipping simple_buy_uptrend (ADAUSD) - bull tool blocked in fear/bear (F&G=32, 82% bullish)
09:19:42 | DEBUG    | Skipping ema_cross_short (BNBUSD) — short blocked (US Non-ECP margin restriction)
09:19:42 | DEBUG    | Skipping ema_cross_short (XRPUSD) — short blocked (US Non-ECP margin restriction)
09:19:42 | DEBUG    | Skipping ema_cross_short (LTCUSD) — short blocked (US Non-ECP margin restriction)
09:19:42 | DEBUG    | Skipping ema_cross_short (LINKUSD) — short blocked (US Non-ECP margin restriction)
09:19:42 | INFO     | Skipping simple_buy_uptrend (LINKUSD) - bull tool blocked in fear/bear (F&G=32, 82% bullish)
09:19:42 | INFO     | [MARKET BEAR] btc_alt_spread ZEURZUSD blocked — defensive cash mode score 1.8 < 15.0
09:19:42 | INFO     | [2026-04-22 09:19:42] CYCLE #4966 | F&G: 32 (Neutral) | Allocation: Grid 0% / Active 65%
09:19:42 | INFO     | Balance: $342.88 (start: $300.00, +14.3%) | Grid: $0.00 | Active: $154.77
09:19:42 | INFO     | Grid: 0 positions across 40 pairs | 0 round trips | $0.00 profit
09:19:42 | INFO     | Active: 1/8 positions open
09:19:42 | INFO     |   → HYPEUSD long +3.7% (btc_alt_spread, 20.5h held)
09:19:42 | INFO     | Signals this cycle: falling_wedge_short XMRUSD (score 124.3), mega_crash RAVEUSD (score 100.2), distribution_short ZECUSD (score 26.4)
09:19:42 | INFO     | MTF: 18% bearish 4h, 82% bullish 4h | Avg 4h RSI: 63.4
09:19:42 | INFO     | Tool streaks: entropy_dip L5
09:19:42 | INFO     | Cycle took 12.4s, sleeping 287.6s
09:19:42 | INFO     | ════════════════════════════════════════════════════════════════════════════════
09:19:52 | INFO     | 🔌 Real-time event during sleep! Processing...
09:21:01 | INFO     | 💰 VOLUME SPIKE: LTCUSD 3.2x normal volume
09:21:03 | INFO     | 🔌 Real-time event during sleep! Processing...
09:24:30 | INFO     | ════════════════════════════════════════════════════════════════════════════════
09:24:43 | INFO     | 💰 Kraken account balance: $342.93
09:24:43 | INFO     | [MARKET BEAR] defensive cash mode — short_pairs=15, short_signals=22, top3=56.6, dominance=1.28, active_allocation=65%
09:24:43 | INFO     | [STACK] LTCUSD long: 2 tools (buy_btc_leading+simple_buy_uptrend) → score 6.4 × 1.3 = 8.3
09:24:43 | INFO     | [STACK] JITOSOLUSD short: 2 tools (ema_cross_short+entropy_short) → score 6.7 × 1.3 = 8.8
09:24:43 | INFO     | [STACK] ZECUSD short: 2 tools (distribution_short+ema_cross_short) → score 20.3 × 1.3 = 26.4
09:24:43 | INFO     | [STACK] ADAUSD short: 2 tools (ema_cross_short+entropy_short) → score 5.6 × 1.3 = 7.3
09:24:43 | INFO     | [STACK] XBTUSD short: 2 tools (ema_cross_short+entropy_short) → score 6.4 × 1.3 = 8.3
09:24:43 | INFO     | [STACK] TAOUSD short: 2 tools (ema_cross_short+distribution_short) → score 4.9 × 1.3 = 6.4
09:24:43 | INFO     | [STACK] AVAXUSD short: 2 tools (ema_cross_short+distribution_short) → score 5.0 × 1.3 = 6.5
09:24:43 | INFO     | [STACK] DOTUSD short: 2 tools (ema_cross_short+distribution_short) → score 5.3 × 1.3 = 6.9
09:24:43 | INFO     | [STACK] RAVEUSD long: 2 tools (mega_crash+flash_crash) → score 72.4 × 1.3 = 94.1
09:24:43 | DEBUG    | Skipping falling_wedge_short (XMRUSD) — short blocked (US Non-ECP margin restriction)
09:24:43 | INFO     | [BLACKLIST] RAVEUSD in mandatory cooldown (1.6h hard, 1.6h total) — skipping mega_crash
09:24:43 | DEBUG    | Skipping distribution_short (ZECUSD) — short blocked (US Non-ECP margin restriction)
09:24:43 | INFO     | [BEARISH OVERLAY] buy_btc_leading ZECUSD blocked — distribution_short short score 24.4 active
09:24:43 | INFO     | Skipping simple_buy_uptrend (DOTUSD) - bull tool blocked in fear/bear (F&G=32, 82% bullish)
09:24:43 | INFO     | [BEARISH OVERLAY] simple_buy_uptrend XMRUSD blocked — falling_wedge_short short score 124.3 active
09:24:43 | DEBUG    | Skipping ema_cross_short (JITOSOLUSD) — short blocked (US Non-ECP margin restriction)
09:24:43 | INFO     | Skipping buy_btc_leading (AVAXUSD) - bull tool blocked in fear/bear (F&G=32, 82% bullish)
09:24:43 | INFO     | Skipping buy_btc_leading (TAOUSD) - bull tool blocked in fear/bear (F&G=32, 82% bullish)
09:24:43 | INFO     | Skipping buy_btc_leading (LTCUSD) - bull tool blocked in fear/bear (F&G=32, 82% bullish)
09:24:43 | DEBUG    | Skipping ema_cross_short (XBTUSD) — short blocked (US Non-ECP margin restriction)
09:24:43 | INFO     | Skipping simple_buy_uptrend (XRPUSD) - bull tool blocked in fear/bear (F&G=32, 82% bullish)
09:24:43 | DEBUG    | Skipping ema_cross_short (ADAUSD) — short blocked (US Non-ECP margin restriction)
09:24:43 | DEBUG    | Skipping ema_cross_short (ETHUSD) — short blocked (US Non-ECP margin restriction)
09:24:43 | DEBUG    | Skipping ema_cross_short (DOTUSD) — short blocked (US Non-ECP margin restriction)
09:24:43 | DEBUG    | Skipping ema_cross_short (SOLUSD) — short blocked (US Non-ECP margin restriction)
09:24:43 | DEBUG    | Skipping ema_cross_short (AVAXUSD) — short blocked (US Non-ECP margin restriction)
09:24:43 | DEBUG    | Skipping ema_cross_short (TAOUSD) — short blocked (US Non-ECP margin restriction)
09:24:43 | INFO     | Skipping simple_buy_uptrend (ADAUSD) - bull tool blocked in fear/bear (F&G=32, 82% bullish)
09:24:43 | DEBUG    | Skipping ema_cross_short (BNBUSD) — short blocked (US Non-ECP margin restriction)
09:24:43 | DEBUG    | Skipping ema_cross_short (XRPUSD) — short blocked (US Non-ECP margin restriction)
09:24:43 | DEBUG    | Skipping ema_cross_short (LTCUSD) — short blocked (US Non-ECP margin restriction)
09:24:43 | DEBUG    | Skipping ema_cross_short (LINKUSD) — short blocked (US Non-ECP margin restriction)
09:24:43 | INFO     | Skipping simple_buy_uptrend (LINKUSD) - bull tool blocked in fear/bear (F&G=32, 82% bullish)
09:24:43 | INFO     | [2026-04-22 09:24:43] CYCLE #4967 | F&G: 32 (Neutral) | Allocation: Grid 0% / Active 65%
09:24:43 | INFO     | Balance: $342.93 (start: $300.00, +14.3%) | Grid: $0.00 | Active: $154.80
09:24:43 | INFO     | Grid: 0 positions across 40 pairs | 0 round trips | $0.00 profit
09:24:43 | INFO     | Active: 1/8 positions open
09:24:43 | INFO     |   → HYPEUSD long +3.7% (btc_alt_spread, 20.6h held)
09:24:43 | INFO     | Signals this cycle: falling_wedge_short XMRUSD (score 124.3), mega_crash RAVEUSD (score 94.1), distribution_short ZECUSD (score 26.4)
09:24:43 | INFO     | MTF: 18% bearish 4h, 82% bullish 4h | Avg 4h RSI: 63.7
09:24:43 | INFO     | Tool streaks: entropy_dip L5
09:24:43 | INFO     | Cycle took 13.1s, sleeping 286.9s
09:24:43 | INFO     | ════════════════════════════════════════════════════════════════════════════════
09:25:10 | INFO     | 💰 VOLUME SPIKE: UNIUSD 5.0x normal volume
09:25:13 | INFO     | 🔌 Real-time event during sleep! Processing...
09:27:01 | INFO     | 💰 VOLUME SPIKE: AAVEUSD 4.4x normal volume
09:27:04 | INFO     | 🔌 Real-time event during sleep! Processing...
09:28:59 | INFO     | 💰 VOLUME SPIKE: LINKUSD 3.3x normal volume
09:29:04 | INFO     | 🔌 Real-time event during sleep! Processing...
09:29:20 | INFO     | 💰 VOLUME SPIKE: FILUSD 5.0x normal volume
09:29:24 | INFO     | 🔌 Real-time event during sleep! Processing...
09:29:31 | INFO     | ════════════════════════════════════════════════════════════════════════════════
09:29:43 | INFO     | 💰 Kraken account balance: $342.89
09:29:43 | INFO     | [MARKET BEAR] defensive cash mode — short_pairs=15, short_signals=23, top3=56.6, dominance=1.30, active_allocation=65%
09:29:43 | INFO     | [STACK] LTCUSD long: 2 tools (buy_btc_leading+simple_buy_uptrend) → score 6.5 × 1.3 = 8.5
09:29:43 | INFO     | [STACK] JITOSOLUSD short: 2 tools (ema_cross_short+entropy_short) → score 6.7 × 1.3 = 8.8
09:29:43 | INFO     | [STACK] ZECUSD short: 2 tools (distribution_short+ema_cross_short) → score 20.3 × 1.3 = 26.4
09:29:43 | INFO     | [STACK] ADAUSD short: 2 tools (ema_cross_short+entropy_short) → score 5.7 × 1.3 = 7.3
09:29:43 | INFO     | [STACK] XBTUSD short: 2 tools (ema_cross_short+entropy_short) → score 6.4 × 1.3 = 8.3
09:29:43 | INFO     | [STACK] TAOUSD short: 2 tools (ema_cross_short+distribution_short) → score 4.8 × 1.3 = 6.2
09:29:43 | INFO     | [STACK] AVAXUSD short: 2 tools (ema_cross_short+distribution_short) → score 5.0 × 1.3 = 6.5
09:29:43 | INFO     | [STACK] DOTUSD short: 2 tools (ema_cross_short+distribution_short) → score 5.2 × 1.3 = 6.8
09:29:43 | INFO     | [STACK] RAVEUSD long: 2 tools (mega_crash+flash_crash) → score 69.8 × 1.3 = 90.7
09:29:43 | INFO     | [STACK] XRPUSD short: 2 tools (ema_cross_short+entropy_short) → score 5.1 × 1.3 = 6.7
09:29:43 | DEBUG    | Skipping falling_wedge_short (XMRUSD) — short blocked (US Non-ECP margin restriction)
09:29:43 | INFO     | [BLACKLIST] RAVEUSD in mandatory cooldown (1.5h hard, 1.5h total) — skipping mega_crash
09:29:43 | DEBUG    | Skipping distribution_short (ZECUSD) — short blocked (US Non-ECP margin restriction)
09:29:43 | INFO     | [BEARISH OVERLAY] buy_btc_leading ZECUSD blocked — distribution_short short score 24.4 active
09:29:43 | INFO     | Skipping simple_buy_uptrend (DOTUSD) - bull tool blocked in fear/bear (F&G=32, 82% bullish)
09:29:43 | INFO     | [BEARISH OVERLAY] simple_buy_uptrend XMRUSD blocked — falling_wedge_short short score 124.3 active
09:29:43 | DEBUG    | Skipping ema_cross_short (JITOSOLUSD) — short blocked (US Non-ECP margin restriction)
09:29:43 | INFO     | Skipping buy_btc_leading (AVAXUSD) - bull tool blocked in fear/bear (F&G=32, 82% bullish)
09:29:43 | INFO     | Skipping buy_btc_leading (TAOUSD) - bull tool blocked in fear/bear (F&G=32, 82% bullish)
09:29:43 | INFO     | Skipping buy_btc_leading (LTCUSD) - bull tool blocked in fear/bear (F&G=32, 82% bullish)
09:29:43 | DEBUG    | Skipping ema_cross_short (XBTUSD) — short blocked (US Non-ECP margin restriction)
09:29:43 | INFO     | Skipping simple_buy_uptrend (XRPUSD) - bull tool blocked in fear/bear (F&G=32, 82% bullish)
09:29:43 | DEBUG    | Skipping ema_cross_short (ADAUSD) — short blocked (US Non-ECP margin restriction)
09:29:43 | DEBUG    | Skipping ema_cross_short (ETHUSD) — short blocked (US Non-ECP margin restriction)
09:29:43 | DEBUG    | Skipping ema_cross_short (DOTUSD) — short blocked (US Non-ECP margin restriction)
09:29:43 | DEBUG    | Skipping ema_cross_short (SOLUSD) — short blocked (US Non-ECP margin restriction)
09:29:43 | DEBUG    | Skipping ema_cross_short (XRPUSD) — short blocked (US Non-ECP margin restriction)
09:29:43 | DEBUG    | Skipping ema_cross_short (AVAXUSD) — short blocked (US Non-ECP margin restriction)
09:29:43 | INFO     | Skipping simple_buy_uptrend (ADAUSD) - bull tool blocked in fear/bear (F&G=32, 82% bullish)
09:29:43 | DEBUG    | Skipping ema_cross_short (TAOUSD) — short blocked (US Non-ECP margin restriction)
09:29:43 | DEBUG    | Skipping ema_cross_short (BNBUSD) — short blocked (US Non-ECP margin restriction)
09:29:43 | DEBUG    | Skipping ema_cross_short (LINKUSD) — short blocked (US Non-ECP margin restriction)
09:29:43 | DEBUG    | Skipping ema_cross_short (LTCUSD) — short blocked (US Non-ECP margin restriction)
09:29:43 | INFO     | Skipping simple_buy_uptrend (LINKUSD) - bull tool blocked in fear/bear (F&G=32, 82% bullish)
09:29:43 | INFO     | [MARKET BEAR] btc_alt_spread ZEURZUSD blocked — defensive cash mode score 0.7 < 15.0
09:29:43 | INFO     | [2026-04-22 09:29:43] CYCLE #4968 | F&G: 32 (Neutral) | Allocation: Grid 0% / Active 65%
09:29:43 | INFO     | Balance: $342.89 (start: $300.00, +14.3%) | Grid: $0.00 | Active: $154.78
09:29:43 | INFO     | Grid: 0 positions across 40 pairs | 0 round trips | $0.00 profit
09:29:43 | INFO     | Active: 1/8 positions open
09:29:43 | INFO     |   → HYPEUSD long +3.7% (btc_alt_spread, 20.7h held)
09:29:43 | INFO     | Signals this cycle: falling_wedge_short XMRUSD (score 124.3), mega_crash RAVEUSD (score 90.7), distribution_short ZECUSD (score 26.4)
09:29:43 | INFO     | MTF: 18% bearish 4h, 82% bullish 4h | Avg 4h RSI: 63.4
09:29:43 | INFO     | Tool streaks: entropy_dip L5
09:29:43 | INFO     | Cycle took 12.4s, sleeping 287.6s
09:29:43 | INFO     | ════════════════════════════════════════════════════════════════════════════════
09:29:44 | INFO     | 💰 VOLUME SPIKE: NEARUSD 4.1x normal volume
09:29:53 | INFO     | 🔌 Real-time event during sleep! Processing...
09:30:02 | INFO     | 💰 VOLUME SPIKE: DOTUSD 3.4x normal volume
09:30:02 | INFO     | 💰 VOLUME SPIKE: SOLUSD 3.6x normal volume
09:30:03 | INFO     | 🔌 Real-time event during sleep! Processing...
09:30:22 | INFO     | 💰 VOLUME SPIKE: ATOMUSD 3.5x normal volume
09:30:23 | INFO     | 🔌 Real-time event during sleep! Processing...
09:30:38 | INFO     | 💰 VOLUME SPIKE: XBTUSD 3.0x normal volume
09:30:43 | INFO     | 🔌 Real-time event during sleep! Processing...
09:30:47 | INFO     | 💰 VOLUME SPIKE: ETHUSD 3.1x normal volume
09:30:53 | INFO     | 🔌 Real-time event during sleep! Processing...
09:31:09 | INFO     | 💰 VOLUME SPIKE: LTCUSD 3.0x normal volume
09:31:13 | INFO     | 🔌 Real-time event during sleep! Processing...
09:31:41 | INFO     | 💰 VOLUME SPIKE: XRPUSD 3.9x normal volume
09:31:43 | INFO     | 🔌 Real-time event during sleep! Processing...
09:34:31 | INFO     | ════════════════════════════════════════════════════════════════════════════════
09:34:43 | INFO     | 💰 Kraken account balance: $342.96
09:34:43 | INFO     | [MARKET BEAR] defensive cash mode — short_pairs=15, short_signals=21, top3=56.7, dominance=1.26, active_allocation=65%
09:34:43 | INFO     | [STACK] JITOSOLUSD short: 2 tools (ema_cross_short+entropy_short) → score 6.7 × 1.3 = 8.8
09:34:43 | INFO     | [STACK] ADAUSD short: 2 tools (ema_cross_short+entropy_short) → score 5.6 × 1.3 = 7.2
09:34:43 | INFO     | [STACK] XBTUSD short: 2 tools (ema_cross_short+entropy_short) → score 6.3 × 1.3 = 8.2
09:34:43 | INFO     | [STACK] TAOUSD short: 2 tools (ema_cross_short+distribution_short) → score 4.9 × 1.3 = 6.4
09:34:43 | INFO     | [STACK] AVAXUSD short: 2 tools (ema_cross_short+distribution_short) → score 4.8 × 1.3 = 6.3
09:34:43 | INFO     | [STACK] RAVEUSD long: 2 tools (mega_crash+flash_crash) → score 72.4 × 1.3 = 94.1
09:34:43 | INFO     | [STACK] XRPUSD short: 2 tools (ema_cross_short+entropy_short) → score 5.1 × 1.3 = 6.6
09:34:43 | DEBUG    | Skipping falling_wedge_short (XMRUSD) — short blocked (US Non-ECP margin restriction)
09:34:43 | INFO     | [BLACKLIST] RAVEUSD in mandatory cooldown (1.4h hard, 1.4h total) — skipping mega_crash
09:34:43 | INFO     | [BEARISH OVERLAY] buy_btc_leading ZECUSD blocked — distribution_short short score 20.3 active
09:34:43 | DEBUG    | Skipping distribution_short (ZECUSD) — short blocked (US Non-ECP margin restriction)
09:34:43 | INFO     | Skipping simple_buy_uptrend (DOTUSD) - bull tool blocked in fear/bear (F&G=32, 82% bullish)
09:34:43 | INFO     | [BEARISH OVERLAY] simple_buy_uptrend XMRUSD blocked — falling_wedge_short short score 124.3 active
09:34:43 | DEBUG    | Skipping ema_cross_short (JITOSOLUSD) — short blocked (US Non-ECP margin restriction)
09:34:43 | INFO     | Skipping buy_btc_leading (AVAXUSD) - bull tool blocked in fear/bear (F&G=32, 82% bullish)
09:34:43 | INFO     | Skipping buy_btc_leading (TAOUSD) - bull tool blocked in fear/bear (F&G=32, 82% bullish)
09:34:43 | DEBUG    | Skipping ema_cross_short (XBTUSD) — short blocked (US Non-ECP margin restriction)
09:34:43 | INFO     | Skipping simple_buy_uptrend (XRPUSD) - bull tool blocked in fear/bear (F&G=32, 82% bullish)
09:34:43 | DEBUG    | Skipping ema_cross_short (ADAUSD) — short blocked (US Non-ECP margin restriction)
09:34:43 | DEBUG    | Skipping ema_cross_short (ETHUSD) — short blocked (US Non-ECP margin restriction)
09:34:43 | DEBUG    | Skipping ema_cross_short (SOLUSD) — short blocked (US Non-ECP margin restriction)
09:34:43 | DEBUG    | Skipping ema_cross_short (XRPUSD) — short blocked (US Non-ECP margin restriction)
09:34:43 | INFO     | Skipping buy_btc_leading (LTCUSD) - bull tool blocked in fear/bear (F&G=32, 82% bullish)
09:34:43 | DEBUG    | Skipping ema_cross_short (TAOUSD) — short blocked (US Non-ECP margin restriction)
09:34:43 | DEBUG    | Skipping ema_cross_short (AVAXUSD) — short blocked (US Non-ECP margin restriction)
09:34:43 | INFO     | Skipping simple_buy_uptrend (ADAUSD) - bull tool blocked in fear/bear (F&G=32, 82% bullish)
09:34:43 | DEBUG    | Skipping ema_cross_short (BNBUSD) — short blocked (US Non-ECP margin restriction)
09:34:43 | DEBUG    | Skipping ema_cross_short (DOTUSD) — short blocked (US Non-ECP margin restriction)
09:34:43 | DEBUG    | Skipping ema_cross_short (LINKUSD) — short blocked (US Non-ECP margin restriction)
09:34:43 | DEBUG    | Skipping ema_cross_short (LTCUSD) — short blocked (US Non-ECP margin restriction)
09:34:43 | INFO     | Skipping simple_buy_uptrend (LINKUSD) - bull tool blocked in fear/bear (F&G=32, 82% bullish)
09:34:43 | INFO     | [MARKET BEAR] btc_alt_spread ZEURZUSD blocked — defensive cash mode score 1.8 < 15.0
09:34:43 | INFO     | [2026-04-22 09:34:43] CYCLE #4969 | F&G: 32 (Neutral) | Allocation: Grid 0% / Active 65%
09:34:43 | INFO     | Balance: $342.96 (start: $300.00, +14.3%) | Grid: $0.00 | Active: $154.82
09:34:43 | INFO     | Grid: 0 positions across 40 pairs | 0 round trips | $0.00 profit
09:34:43 | INFO     | Active: 1/8 positions open
09:34:43 | INFO     |   → HYPEUSD long +3.8% (btc_alt_spread, 20.8h held)
09:34:43 | INFO     | Signals this cycle: falling_wedge_short XMRUSD (score 124.3), mega_crash RAVEUSD (score 94.1), ema_cross_short HYPEUSD (score 25.3)
09:34:43 | INFO     | MTF: 18% bearish 4h, 82% bullish 4h | Avg 4h RSI: 62.7
09:34:43 | INFO     | Tool streaks: entropy_dip L5
09:34:43 | INFO     | Cycle took 12.4s, sleeping 287.6s
09:34:43 | INFO     | ════════════════════════════════════════════════════════════════════════════════
09:35:16 | INFO     | 💰 VOLUME SPIKE: ADAUSD 4.4x normal volume
09:35:23 | INFO     | 🔌 Real-time event during sleep! Processing...
09:39:14 | INFO     | 💰 VOLUME SPIKE: AAVEUSD 3.2x normal volume
09:39:23 | INFO     | 🔌 Real-time event during sleep! Processing...
09:39:31 | INFO     | ════════════════════════════════════════════════════════════════════════════════
09:39:43 | INFO     | 💰 Kraken account balance: $342.94
09:39:43 | INFO     | [MARKET BEAR] risk-off cash mode — short_pairs=15, short_signals=20, top3=61.7, dominance=1.37, active_allocation=45%
09:39:43 | INFO     | [STACK] JITOSOLUSD short: 2 tools (ema_cross_short+entropy_short) → score 6.7 × 1.3 = 8.8
09:39:43 | INFO     | [STACK] ADAUSD short: 2 tools (ema_cross_short+entropy_short) → score 5.6 × 1.3 = 7.2
09:39:43 | INFO     | [STACK] XBTUSD short: 2 tools (ema_cross_short+entropy_short) → score 6.4 × 1.3 = 8.3
09:39:43 | INFO     | [STACK] TAOUSD short: 2 tools (ema_cross_short+distribution_short) → score 4.9 × 1.3 = 6.4
09:39:43 | INFO     | [STACK] AVAXUSD short: 2 tools (ema_cross_short+distribution_short) → score 4.7 × 1.3 = 6.2
09:39:43 | INFO     | [STACK] RAVEUSD long: 2 tools (mega_crash+flash_crash) → score 70.4 × 1.3 = 91.5
09:39:43 | DEBUG    | Skipping falling_wedge_short (XMRUSD) — short blocked (US Non-ECP margin restriction)
09:39:43 | INFO     | [BLACKLIST] RAVEUSD in mandatory cooldown (1.3h hard, 1.3h total) — skipping mega_crash
09:39:43 | DEBUG    | Skipping distribution_short (ZECUSD) — short blocked (US Non-ECP margin restriction)
09:39:43 | INFO     | [BEARISH OVERLAY] buy_btc_leading ZECUSD blocked — distribution_short short score 35.6 active
09:39:43 | INFO     | [MARKET BEAR] simple_buy_uptrend DOTUSD blocked — risk-off cash mode with score floor 18.0
09:39:43 | INFO     | [BEARISH OVERLAY] simple_buy_uptrend XMRUSD blocked — falling_wedge_short short score 124.3 active
09:39:43 | INFO     | [MARKET BEAR] buy_btc_leading AVAXUSD blocked — risk-off cash mode with score floor 18.0
09:39:43 | DEBUG    | Skipping ema_cross_short (JITOSOLUSD) — short blocked (US Non-ECP margin restriction)
09:39:43 | INFO     | [MARKET BEAR] buy_btc_leading TAOUSD blocked — risk-off cash mode with score floor 18.0
09:39:43 | DEBUG    | Skipping ema_cross_short (XBTUSD) — short blocked (US Non-ECP margin restriction)
09:39:43 | INFO     | [MARKET BEAR] simple_buy_uptrend XRPUSD blocked — risk-off cash mode with score floor 18.0
09:39:43 | DEBUG    | Skipping ema_cross_short (ADAUSD) — short blocked (US Non-ECP margin restriction)
09:39:43 | DEBUG    | Skipping ema_cross_short (ETHUSD) — short blocked (US Non-ECP margin restriction)
09:39:43 | DEBUG    | Skipping ema_cross_short (SOLUSD) — short blocked (US Non-ECP margin restriction)
09:39:43 | INFO     | [MARKET BEAR] buy_btc_leading LTCUSD blocked — risk-off cash mode with score floor 18.0
09:39:43 | DEBUG    | Skipping ema_cross_short (TAOUSD) — short blocked (US Non-ECP margin restriction)
09:39:43 | INFO     | [MARKET BEAR] simple_buy_uptrend ADAUSD blocked — risk-off cash mode with score floor 18.0
09:39:43 | DEBUG    | Skipping ema_cross_short (AVAXUSD) — short blocked (US Non-ECP margin restriction)
09:39:43 | DEBUG    | Skipping ema_cross_short (BNBUSD) — short blocked (US Non-ECP margin restriction)
09:39:43 | DEBUG    | Skipping ema_cross_short (DOTUSD) — short blocked (US Non-ECP margin restriction)
09:39:43 | DEBUG    | Skipping ema_cross_short (XRPUSD) — short blocked (US Non-ECP margin restriction)
09:39:43 | DEBUG    | Skipping ema_cross_short (LINKUSD) — short blocked (US Non-ECP margin restriction)
09:39:43 | DEBUG    | Skipping ema_cross_short (LTCUSD) — short blocked (US Non-ECP margin restriction)
09:39:43 | INFO     | [MARKET BEAR] simple_buy_uptrend LINKUSD blocked — risk-off cash mode with score floor 18.0
09:39:43 | INFO     | [2026-04-22 09:39:43] CYCLE #4970 | F&G: 32 (Neutral) | Allocation: Grid 0% / Active 45%
09:39:43 | INFO     | Balance: $342.94 (start: $300.00, +14.3%) | Grid: $0.00 | Active: $86.22
09:39:43 | INFO     | Grid: 0 positions across 40 pairs | 0 round trips | $0.00 profit
09:39:43 | INFO     | Active: 1/8 positions open
09:39:43 | INFO     |   → HYPEUSD long +3.8% (btc_alt_spread, 20.9h held)
09:39:43 | INFO     | Signals this cycle: falling_wedge_short XMRUSD (score 124.3), mega_crash RAVEUSD (score 91.5), distribution_short ZECUSD (score 35.6)
09:39:43 | INFO     | MTF: 18% bearish 4h, 82% bullish 4h | Avg 4h RSI: 62.8
09:39:43 | INFO     | Tool streaks: entropy_dip L5
09:39:43 | INFO     | Cycle took 11.8s, sleeping 288.2s
09:39:43 | INFO     | ════════════════════════════════════════════════════════════════════════════════
09:40:04 | INFO     | 💰 VOLUME SPIKE: FILUSD 5.0x normal volume
09:40:09 | INFO     | 💰 VOLUME SPIKE: UNIUSD 5.0x normal volume
09:40:13 | INFO     | 🔌 Real-time event during sleep! Processing...
09:40:38 | INFO     | 💰 VOLUME SPIKE: DOTUSD 3.2x normal volume
09:40:43 | INFO     | 🔌 Real-time event during sleep! Processing...
09:41:10 | INFO     | 💰 VOLUME SPIKE: XBTUSD 4.1x normal volume
09:41:13 | INFO     | 🔌 Real-time event during sleep! Processing...
09:41:42 | INFO     | 💰 VOLUME SPIKE: XRPUSD 4.1x normal volume
09:41:43 | INFO     | 🔌 Real-time event during sleep! Processing...
09:42:27 | INFO     | 💰 VOLUME SPIKE: ETHUSD 3.0x normal volume
09:42:33 | INFO     | 🔌 Real-time event during sleep! Processing...
09:43:43 | INFO     | 💰 VOLUME SPIKE: LTCUSD 4.1x normal volume
09:43:43 | INFO     | 🔌 Real-time event during sleep! Processing...
09:44:31 | INFO     | ════════════════════════════════════════════════════════════════════════════════
09:44:45 | INFO     | 💰 Kraken account balance: $343.00
09:44:45 | INFO     | [MARKET BEAR] defensive cash mode — short_pairs=15, short_signals=20, top3=61.8, dominance=1.34, active_allocation=65%
09:44:45 | INFO     | [STACK] LTCUSD long: 2 tools (buy_btc_leading+simple_buy_uptrend) → score 6.8 × 1.3 = 8.8
09:44:45 | INFO     | [STACK] JITOSOLUSD short: 2 tools (ema_cross_short+entropy_short) → score 6.7 × 1.3 = 8.8
09:44:45 | INFO     | [STACK] ADAUSD short: 2 tools (ema_cross_short+entropy_short) → score 5.8 × 1.3 = 7.6
09:44:45 | INFO     | [STACK] XBTUSD short: 2 tools (ema_cross_short+entropy_short) → score 6.5 × 1.3 = 8.5
09:44:45 | INFO     | [STACK] TAOUSD short: 2 tools (ema_cross_short+distribution_short) → score 5.0 × 1.3 = 6.6
09:44:45 | INFO     | [STACK] AVAXUSD short: 2 tools (ema_cross_short+distribution_short) → score 5.0 × 1.3 = 6.5
09:44:45 | INFO     | [STACK] RAVEUSD long: 2 tools (mega_crash+flash_crash) → score 71.4 × 1.3 = 92.8
09:44:45 | DEBUG    | Skipping falling_wedge_short (XMRUSD) — short blocked (US Non-ECP margin restriction)
09:44:45 | INFO     | [BLACKLIST] RAVEUSD in mandatory cooldown (1.3h hard, 1.3h total) — skipping mega_crash
09:44:45 | DEBUG    | Skipping distribution_short (ZECUSD) — short blocked (US Non-ECP margin restriction)
09:44:45 | INFO     | [BEARISH OVERLAY] buy_btc_leading ZECUSD blocked — distribution_short short score 35.6 active
09:44:45 | INFO     | Skipping simple_buy_uptrend (DOTUSD) - bull tool blocked in fear/bear (F&G=32, 82% bullish)
09:44:45 | INFO     | [BEARISH OVERLAY] simple_buy_uptrend XMRUSD blocked — falling_wedge_short short score 124.3 active
09:44:45 | INFO     | Skipping buy_btc_leading (AVAXUSD) - bull tool blocked in fear/bear (F&G=32, 82% bullish)
09:44:45 | INFO     | Skipping buy_btc_leading (LTCUSD) - bull tool blocked in fear/bear (F&G=32, 82% bullish)
09:44:45 | DEBUG    | Skipping ema_cross_short (JITOSOLUSD) — short blocked (US Non-ECP margin restriction)
09:44:45 | INFO     | Skipping buy_btc_leading (TAOUSD) - bull tool blocked in fear/bear (F&G=32, 82% bullish)
09:44:45 | DEBUG    | Skipping ema_cross_short (XBTUSD) — short blocked (US Non-ECP margin restriction)
09:44:45 | INFO     | Skipping simple_buy_uptrend (XRPUSD) - bull tool blocked in fear/bear (F&G=32, 82% bullish)
09:44:45 | DEBUG    | Skipping ema_cross_short (ADAUSD) — short blocked (US Non-ECP margin restriction)
09:44:45 | DEBUG    | Skipping ema_cross_short (ETHUSD) — short blocked (US Non-ECP margin restriction)
09:44:45 | DEBUG    | Skipping ema_cross_short (SOLUSD) — short blocked (US Non-ECP margin restriction)
09:44:45 | INFO     | Skipping simple_buy_uptrend (ADAUSD) - bull tool blocked in fear/bear (F&G=32, 82% bullish)
09:44:45 | DEBUG    | Skipping ema_cross_short (TAOUSD) — short blocked (US Non-ECP margin restriction)
09:44:45 | DEBUG    | Skipping ema_cross_short (AVAXUSD) — short blocked (US Non-ECP margin restriction)
09:44:45 | DEBUG    | Skipping ema_cross_short (BNBUSD) — short blocked (US Non-ECP margin restriction)
09:44:45 | DEBUG    | Skipping ema_cross_short (XRPUSD) — short blocked (US Non-ECP margin restriction)
09:44:45 | DEBUG    | Skipping ema_cross_short (DOTUSD) — short blocked (US Non-ECP margin restriction)
09:44:45 | DEBUG    | Skipping ema_cross_short (LINKUSD) — short blocked (US Non-ECP margin restriction)
09:44:45 | DEBUG    | Skipping ema_cross_short (LTCUSD) — short blocked (US Non-ECP margin restriction)
09:44:45 | INFO     | Skipping simple_buy_uptrend (LINKUSD) - bull tool blocked in fear/bear (F&G=32, 82% bullish)
09:44:45 | INFO     | [2026-04-22 09:44:45] CYCLE #4971 | F&G: 32 (Neutral) | Allocation: Grid 0% / Active 65%
09:44:45 | INFO     | Balance: $343.00 (start: $300.00, +14.3%) | Grid: $0.00 | Active: $154.85
09:44:45 | INFO     | Grid: 0 positions across 40 pairs | 0 round trips | $0.00 profit
09:44:45 | INFO     | Active: 1/8 positions open
09:44:45 | INFO     |   → HYPEUSD long +3.8% (btc_alt_spread, 20.9h held)
09:44:45 | INFO     | Signals this cycle: falling_wedge_short XMRUSD (score 124.3), mega_crash RAVEUSD (score 92.8), distribution_short ZECUSD (score 35.6)
09:44:45 | INFO     | MTF: 18% bearish 4h, 82% bullish 4h | Avg 4h RSI: 64.7
09:44:45 | INFO     | Tool streaks: entropy_dip L5
09:44:45 | INFO     | Cycle took 13.5s, sleeping 286.5s
09:44:45 | INFO     | ════════════════════════════════════════════════════════════════════════════════
09:45:25 | INFO     | 💰 VOLUME SPIKE: NEARUSD 5.0x normal volume
09:45:25 | INFO     | 🔌 Real-time event during sleep! Processing...
09:45:30 | INFO     | 💰 VOLUME SPIKE: XLMUSD 3.5x normal volume
09:45:32 | INFO     | 💰 VOLUME SPIKE: LINKUSD 3.7x normal volume
09:45:35 | INFO     | 🔌 Real-time event during sleep! Processing...
09:45:59 | INFO     | 💰 VOLUME SPIKE: ADAUSD 3.1x normal volume
09:46:05 | INFO     | 🔌 Real-time event during sleep! Processing...
09:46:27 | INFO     | 💰 VOLUME SPIKE: ATOMUSD 3.9x normal volume
09:46:35 | INFO     | 🔌 Real-time event during sleep! Processing...
09:49:24 | INFO     | 💰 VOLUME SPIKE: AVAXUSD 4.7x normal volume
09:49:25 | INFO     | 🔌 Real-time event during sleep! Processing...
09:49:31 | INFO     | ════════════════════════════════════════════════════════════════════════════════
09:49:45 | INFO     | 💰 Kraken account balance: $342.98
09:49:45 | INFO     | [MARKET BEAR] defensive cash mode — short_pairs=15, short_signals=22, top3=56.7, dominance=1.20, active_allocation=65%
09:49:45 | INFO     | [STACK] LTCUSD long: 2 tools (buy_btc_leading+simple_buy_uptrend) → score 6.8 × 1.3 = 8.8
09:49:45 | INFO     | [STACK] JITOSOLUSD short: 2 tools (ema_cross_short+entropy_short) → score 6.7 × 1.3 = 8.8
09:49:45 | INFO     | [STACK] ZECUSD short: 2 tools (distribution_short+ema_cross_short) → score 20.3 × 1.3 = 26.4
09:49:45 | INFO     | [STACK] ADAUSD short: 2 tools (ema_cross_short+entropy_short) → score 5.7 × 1.3 = 7.4
09:49:45 | INFO     | [STACK] XBTUSD short: 2 tools (ema_cross_short+entropy_short) → score 6.5 × 1.3 = 8.5
09:49:45 | INFO     | [STACK] TAOUSD short: 3 tools (ema_cross_short+distribution_short+falling_wedge_short) → score 5.1 × 1.6 = 8.2
09:49:45 | INFO     | [STACK] AVAXUSD short: 2 tools (ema_cross_short+distribution_short) → score 4.9 × 1.3 = 6.4
09:49:45 | INFO     | [STACK] RAVEUSD long: 2 tools (mega_crash+flash_crash) → score 79.9 × 1.3 = 103.8
09:49:45 | DEBUG    | Skipping falling_wedge_short (XMRUSD) — short blocked (US Non-ECP margin restriction)
09:49:45 | INFO     | [BLACKLIST] RAVEUSD in mandatory cooldown (1.2h hard, 1.2h total) — skipping mega_crash
09:49:45 | DEBUG    | Skipping distribution_short (ZECUSD) — short blocked (US Non-ECP margin restriction)
09:49:45 | INFO     | [BEARISH OVERLAY] buy_btc_leading ZECUSD blocked — distribution_short short score 24.4 active
09:49:45 | INFO     | Skipping simple_buy_uptrend (DOTUSD) - bull tool blocked in fear/bear (F&G=32, 82% bullish)
09:49:45 | INFO     | [BEARISH OVERLAY] simple_buy_uptrend XMRUSD blocked — falling_wedge_short short score 124.3 active
09:49:45 | INFO     | Skipping buy_btc_leading (AVAXUSD) - bull tool blocked in fear/bear (F&G=32, 82% bullish)
09:49:45 | INFO     | Skipping buy_btc_leading (LTCUSD) - bull tool blocked in fear/bear (F&G=32, 82% bullish)
09:49:45 | DEBUG    | Skipping ema_cross_short (JITOSOLUSD) — short blocked (US Non-ECP margin restriction)
09:49:45 | INFO     | Skipping buy_btc_leading (TAOUSD) - bull tool blocked in fear/bear (F&G=32, 82% bullish)
09:49:45 | DEBUG    | Skipping ema_cross_short (XBTUSD) — short blocked (US Non-ECP margin restriction)
09:49:45 | DEBUG    | Skipping ema_cross_short (TAOUSD) — short blocked (US Non-ECP margin restriction)
09:49:45 | INFO     | Skipping simple_buy_uptrend (XRPUSD) - bull tool blocked in fear/bear (F&G=32, 82% bullish)
09:49:45 | DEBUG    | Skipping ema_cross_short (ADAUSD) — short blocked (US Non-ECP margin restriction)
09:49:45 | DEBUG    | Skipping ema_cross_short (ETHUSD) — short blocked (US Non-ECP margin restriction)
09:49:45 | DEBUG    | Skipping ema_cross_short (SOLUSD) — short blocked (US Non-ECP margin restriction)
09:49:45 | INFO     | Skipping simple_buy_uptrend (ADAUSD) - bull tool blocked in fear/bear (F&G=32, 82% bullish)
09:49:45 | DEBUG    | Skipping ema_cross_short (AVAXUSD) — short blocked (US Non-ECP margin restriction)
09:49:45 | DEBUG    | Skipping ema_cross_short (BNBUSD) — short blocked (US Non-ECP margin restriction)
09:49:45 | DEBUG    | Skipping ema_cross_short (XRPUSD) — short blocked (US Non-ECP margin restriction)
09:49:45 | DEBUG    | Skipping ema_cross_short (DOTUSD) — short blocked (US Non-ECP margin restriction)
09:49:45 | DEBUG    | Skipping ema_cross_short (LINKUSD) — short blocked (US Non-ECP margin restriction)
09:49:45 | DEBUG    | Skipping ema_cross_short (LTCUSD) — short blocked (US Non-ECP margin restriction)
09:49:45 | INFO     | Skipping simple_buy_uptrend (LINKUSD) - bull tool blocked in fear/bear (F&G=32, 82% bullish)
09:49:45 | INFO     | [2026-04-22 09:49:45] CYCLE #4972 | F&G: 32 (Neutral) | Allocation: Grid 0% / Active 65%
09:49:45 | INFO     | Balance: $342.98 (start: $300.00, +14.3%) | Grid: $0.00 | Active: $154.84
09:49:45 | INFO     | Grid: 0 positions across 40 pairs | 0 round trips | $0.00 profit
09:49:45 | INFO     | Active: 1/8 positions open
09:49:45 | INFO     |   → HYPEUSD long +3.8% (btc_alt_spread, 21.0h held)
09:49:45 | INFO     | Signals this cycle: falling_wedge_short XMRUSD (score 124.3), mega_crash RAVEUSD (score 103.8), distribution_short ZECUSD (score 26.4)
09:49:45 | INFO     | MTF: 18% bearish 4h, 82% bullish 4h | Avg 4h RSI: 64.6
09:49:45 | INFO     | Tool streaks: entropy_dip L5
09:49:45 | INFO     | Cycle took 13.2s, sleeping 286.8s
09:49:45 | INFO     | ════════════════════════════════════════════════════════════════════════════════
09:51:00 | INFO     | 💰 VOLUME SPIKE: DOTUSD 4.1x normal volume
09:51:05 | INFO     | 🔌 Real-time event during sleep! Processing...
09:51:41 | INFO     | 💰 VOLUME SPIKE: SOLUSD 3.2x normal volume
09:51:45 | INFO     | 🔌 Real-time event during sleep! Processing...
09:51:58 | INFO     | 💰 VOLUME SPIKE: FILUSD 4.9x normal volume
09:52:05 | INFO     | 🔌 Real-time event during sleep! Processing...
09:52:55 | DEBUG    | Websocket error: Connection to remote host was lost.
09:52:55 | INFO     | Websocket disconnected, reconnecting in 5s...
09:53:01 | INFO     | 🔌 Crash monitor connected, subscribing to 16 pairs
09:53:47 | INFO     | 💰 VOLUME SPIKE: XBTUSD 3.1x normal volume
09:53:55 | INFO     | 🔌 Real-time event during sleep! Processing...
09:54:00 | INFO     | 💰 VOLUME SPIKE: ETHUSD 3.5x normal volume
09:54:05 | INFO     | 🔌 Real-time event during sleep! Processing...
09:54:32 | INFO     | ════════════════════════════════════════════════════════════════════════════════
09:54:45 | INFO     | 💰 Kraken account balance: $342.95
09:54:45 | INFO     | [MARKET BEAR] defensive cash mode — short_pairs=15, short_signals=22, top3=56.5, dominance=1.25, active_allocation=65%
09:54:45 | INFO     | [STACK] LTCUSD long: 2 tools (buy_btc_leading+simple_buy_uptrend) → score 7.0 × 1.3 = 9.0
09:54:45 | INFO     | [STACK] JITOSOLUSD short: 2 tools (ema_cross_short+entropy_short) → score 6.7 × 1.3 = 8.8
09:54:45 | INFO     | [STACK] ZECUSD short: 2 tools (distribution_short+ema_cross_short) → score 20.3 × 1.3 = 26.4
09:54:45 | INFO     | [STACK] ADAUSD short: 2 tools (ema_cross_short+entropy_short) → score 5.6 × 1.3 = 7.3
09:54:45 | INFO     | [STACK] XBTUSD short: 2 tools (ema_cross_short+entropy_short) → score 6.7 × 1.3 = 8.7
09:54:45 | INFO     | [STACK] TAOUSD short: 3 tools (ema_cross_short+distribution_short+falling_wedge_short) → score 4.9 × 1.6 = 7.9
09:54:45 | INFO     | [STACK] AVAXUSD short: 2 tools (ema_cross_short+distribution_short) → score 4.9 × 1.3 = 6.4
09:54:45 | INFO     | [STACK] RAVEUSD long: 2 tools (mega_crash+flash_crash) → score 79.0 × 1.3 = 102.8
09:54:45 | DEBUG    | Skipping falling_wedge_short (XMRUSD) — short blocked (US Non-ECP margin restriction)
09:54:45 | INFO     | [BLACKLIST] RAVEUSD in mandatory cooldown (1.1h hard, 1.1h total) — skipping mega_crash
09:54:45 | DEBUG    | Skipping distribution_short (ZECUSD) — short blocked (US Non-ECP margin restriction)
09:54:45 | INFO     | [BEARISH OVERLAY] buy_btc_leading ZECUSD blocked — distribution_short short score 24.4 active
09:54:45 | INFO     | Skipping simple_buy_uptrend (DOTUSD) - bull tool blocked in fear/bear (F&G=32, 82% bullish)
09:54:45 | INFO     | [BEARISH OVERLAY] simple_buy_uptrend XMRUSD blocked — falling_wedge_short short score 124.3 active
09:54:45 | INFO     | Skipping buy_btc_leading (AVAXUSD) - bull tool blocked in fear/bear (F&G=32, 82% bullish)
09:54:45 | INFO     | Skipping buy_btc_leading (TAOUSD) - bull tool blocked in fear/bear (F&G=32, 82% bullish)
09:54:45 | INFO     | Skipping buy_btc_leading (LTCUSD) - bull tool blocked in fear/bear (F&G=32, 82% bullish)
09:54:45 | DEBUG    | Skipping ema_cross_short (JITOSOLUSD) — short blocked (US Non-ECP margin restriction)
09:54:45 | DEBUG    | Skipping ema_cross_short (XBTUSD) — short blocked (US Non-ECP margin restriction)
09:54:45 | DEBUG    | Skipping ema_cross_short (TAOUSD) — short blocked (US Non-ECP margin restriction)
09:54:45 | DEBUG    | Skipping ema_cross_short (ADAUSD) — short blocked (US Non-ECP margin restriction)
09:54:45 | DEBUG    | Skipping ema_cross_short (ETHUSD) — short blocked (US Non-ECP margin restriction)
09:54:45 | DEBUG    | Skipping ema_cross_short (SOLUSD) — short blocked (US Non-ECP margin restriction)
09:54:45 | DEBUG    | Skipping ema_cross_short (AVAXUSD) — short blocked (US Non-ECP margin restriction)
09:54:45 | INFO     | Skipping simple_buy_uptrend (ADAUSD) - bull tool blocked in fear/bear (F&G=32, 82% bullish)
09:54:45 | DEBUG    | Skipping ema_cross_short (BNBUSD) — short blocked (US Non-ECP margin restriction)
09:54:45 | DEBUG    | Skipping ema_cross_short (XRPUSD) — short blocked (US Non-ECP margin restriction)
09:54:45 | DEBUG    | Skipping ema_cross_short (DOTUSD) — short blocked (US Non-ECP margin restriction)
09:54:45 | DEBUG    | Skipping ema_cross_short (LINKUSD) — short blocked (US Non-ECP margin restriction)
09:54:45 | DEBUG    | Skipping ema_cross_short (LTCUSD) — short blocked (US Non-ECP margin restriction)
09:54:45 | INFO     | Skipping simple_buy_uptrend (LINKUSD) - bull tool blocked in fear/bear (F&G=32, 82% bullish)
09:54:45 | INFO     | [2026-04-22 09:54:45] CYCLE #4973 | F&G: 32 (Neutral) | Allocation: Grid 0% / Active 65%
09:54:45 | INFO     | Balance: $342.95 (start: $300.00, +14.3%) | Grid: $0.00 | Active: $154.82
09:54:45 | INFO     | Grid: 0 positions across 40 pairs | 0 round trips | $0.00 profit
09:54:45 | INFO     | Active: 1/8 positions open
09:54:45 | INFO     |   → HYPEUSD long +3.6% (btc_alt_spread, 21.1h held)
09:54:45 | INFO     | Signals this cycle: falling_wedge_short XMRUSD (score 124.3), mega_crash RAVEUSD (score 102.8), distribution_short ZECUSD (score 26.4)
09:54:45 | INFO     | MTF: 18% bearish 4h, 82% bullish 4h | Avg 4h RSI: 64.5
09:54:45 | INFO     | Tool streaks: entropy_dip L5
09:54:45 | INFO     | Cycle took 13.1s, sleeping 286.9s
09:54:45 | INFO     | ════════════════════════════════════════════════════════════════════════════════
09:55:39 | INFO     | 💰 VOLUME SPIKE: LTCUSD 3.8x normal volume
09:55:45 | INFO     | 🔌 Real-time event during sleep! Processing...
09:55:46 | INFO     | 💰 VOLUME SPIKE: AAVEUSD 3.0x normal volume
09:55:55 | INFO     | 🔌 Real-time event during sleep! Processing...
09:55:59 | INFO     | 💰 VOLUME SPIKE: LINKUSD 3.2x normal volume
09:56:05 | INFO     | 🔌 Real-time event during sleep! Processing...
09:58:01 | INFO     | 💰 VOLUME SPIKE: UNIUSD 4.1x normal volume
09:58:05 | INFO     | 🔌 Real-time event during sleep! Processing...
09:59:32 | INFO     | ════════════════════════════════════════════════════════════════════════════════
09:59:45 | INFO     | 💰 Kraken account balance: $342.85
09:59:45 | INFO     | [MARKET BEAR] defensive cash mode — short_pairs=15, short_signals=22, top3=56.6, dominance=1.24, active_allocation=65%
09:59:45 | INFO     | [STACK] LTCUSD long: 2 tools (buy_btc_leading+simple_buy_uptrend) → score 7.1 × 1.3 = 9.3
09:59:45 | INFO     | [STACK] JITOSOLUSD short: 2 tools (ema_cross_short+entropy_short) → score 6.7 × 1.3 = 8.8
09:59:45 | INFO     | [STACK] ZECUSD short: 2 tools (distribution_short+ema_cross_short) → score 20.3 × 1.3 = 26.4
09:59:45 | INFO     | [STACK] ADAUSD short: 2 tools (ema_cross_short+entropy_short) → score 5.6 × 1.3 = 7.3
09:59:45 | INFO     | [STACK] XBTUSD short: 2 tools (ema_cross_short+entropy_short) → score 6.7 × 1.3 = 8.8
09:59:45 | INFO     | [STACK] TAOUSD short: 3 tools (ema_cross_short+distribution_short+falling_wedge_short) → score 4.8 × 1.6 = 7.7
09:59:45 | INFO     | [STACK] AVAXUSD short: 2 tools (ema_cross_short+distribution_short) → score 4.9 × 1.3 = 6.4
09:59:45 | INFO     | [STACK] RAVEUSD long: 2 tools (mega_crash+flash_crash) → score 78.9 × 1.3 = 102.6
09:59:45 | DEBUG    | Skipping falling_wedge_short (XMRUSD) — short blocked (US Non-ECP margin restriction)
09:59:45 | INFO     | [BLACKLIST] RAVEUSD in mandatory cooldown (1.0h hard, 1.0h total) — skipping mega_crash
09:59:45 | DEBUG    | Skipping distribution_short (ZECUSD) — short blocked (US Non-ECP margin restriction)
09:59:45 | INFO     | [BEARISH OVERLAY] buy_btc_leading ZECUSD blocked — distribution_short short score 24.4 active
09:59:45 | INFO     | Skipping simple_buy_uptrend (DOTUSD) - bull tool blocked in fear/bear (F&G=32, 82% bullish)
09:59:45 | INFO     | [BEARISH OVERLAY] simple_buy_uptrend XMRUSD blocked — falling_wedge_short short score 124.3 active
09:59:45 | INFO     | Skipping buy_btc_leading (AVAXUSD) - bull tool blocked in fear/bear (F&G=32, 82% bullish)
09:59:45 | INFO     | Skipping buy_btc_leading (TAOUSD) - bull tool blocked in fear/bear (F&G=32, 82% bullish)
09:59:45 | INFO     | Skipping buy_btc_leading (LTCUSD) - bull tool blocked in fear/bear (F&G=32, 82% bullish)
09:59:45 | DEBUG    | Skipping ema_cross_short (XBTUSD) — short blocked (US Non-ECP margin restriction)
09:59:45 | DEBUG    | Skipping ema_cross_short (JITOSOLUSD) — short blocked (US Non-ECP margin restriction)
09:59:45 | DEBUG    | Skipping ema_cross_short (TAOUSD) — short blocked (US Non-ECP margin restriction)
09:59:45 | DEBUG    | Skipping ema_cross_short (ETHUSD) — short blocked (US Non-ECP margin restriction)
09:59:45 | DEBUG    | Skipping ema_cross_short (ADAUSD) — short blocked (US Non-ECP margin restriction)
09:59:45 | DEBUG    | Skipping ema_cross_short (SOLUSD) — short blocked (US Non-ECP margin restriction)
09:59:45 | DEBUG    | Skipping ema_cross_short (AVAXUSD) — short blocked (US Non-ECP margin restriction)
09:59:45 | DEBUG    | Skipping ema_cross_short (BNBUSD) — short blocked (US Non-ECP margin restriction)
09:59:45 | INFO     | Skipping simple_buy_uptrend (ADAUSD) - bull tool blocked in fear/bear (F&G=32, 82% bullish)
09:59:45 | DEBUG    | Skipping ema_cross_short (XRPUSD) — short blocked (US Non-ECP margin restriction)
09:59:45 | DEBUG    | Skipping ema_cross_short (DOTUSD) — short blocked (US Non-ECP margin restriction)
09:59:45 | DEBUG    | Skipping ema_cross_short (LTCUSD) — short blocked (US Non-ECP margin restriction)
09:59:45 | DEBUG    | Skipping ema_cross_short (LINKUSD) — short blocked (US Non-ECP margin restriction)
09:59:45 | INFO     | Skipping simple_buy_uptrend (LINKUSD) - bull tool blocked in fear/bear (F&G=32, 82% bullish)
09:59:45 | INFO     | [2026-04-22 09:59:45] CYCLE #4974 | F&G: 32 (Neutral) | Allocation: Grid 0% / Active 65%
09:59:45 | INFO     | Balance: $342.85 (start: $300.00, +14.3%) | Grid: $0.00 | Active: $154.75
09:59:45 | INFO     | Grid: 0 positions across 40 pairs | 0 round trips | $0.00 profit
09:59:45 | INFO     | Active: 1/8 positions open
09:59:45 | INFO     |   → HYPEUSD long +3.7% (btc_alt_spread, 21.2h held)
09:59:45 | INFO     | Signals this cycle: falling_wedge_short XMRUSD (score 124.3), mega_crash RAVEUSD (score 102.6), distribution_short ZECUSD (score 26.4)
09:59:45 | INFO     | MTF: 18% bearish 4h, 82% bullish 4h | Avg 4h RSI: 64.4
09:59:45 | INFO     | Tool streaks: entropy_dip L5
09:59:45 | INFO     | Cycle took 12.9s, sleeping 287.1s
09:59:45 | INFO     | ════════════════════════════════════════════════════════════════════════════════
10:00:21 | INFO     | 💰 VOLUME SPIKE: XLMUSD 3.9x normal volume
10:00:25 | INFO     | 🔌 Real-time event during sleep! Processing...
10:00:57 | INFO     | 💰 VOLUME SPIKE: ATOMUSD 3.2x normal volume
10:01:05 | INFO     | 🔌 Real-time event during sleep! Processing...
10:01:20 | INFO     | 💰 VOLUME SPIKE: NEARUSD 5.0x normal volume
10:01:25 | INFO     | 🔌 Real-time event during sleep! Processing...
10:01:47 | INFO     | 💰 VOLUME SPIKE: ADAUSD 3.6x normal volume
10:01:55 | INFO     | 🔌 Real-time event during sleep! Processing...
10:02:38 | INFO     | 💰 VOLUME SPIKE: DOTUSD 4.9x normal volume
10:02:45 | INFO     | 🔌 Real-time event during sleep! Processing...
10:03:59 | INFO     | 💰 VOLUME SPIKE: AVAXUSD 5.0x normal volume
10:04:05 | INFO     | 🔌 Real-time event during sleep! Processing...
10:04:32 | INFO     | ════════════════════════════════════════════════════════════════════════════════
10:04:43 | INFO     | 💰 Kraken account balance: $342.95
10:04:43 | INFO     | [MARKET BEAR] normal — short_pairs=14, short_signals=21, top3=13.2, dominance=0.67, active_allocation=100%
10:04:43 | INFO     | [STACK] LTCUSD short: 2 tools (ema_cross_short+distribution_short) → score 5.0 × 1.3 = 6.5
10:04:43 | INFO     | [STACK] JITOSOLUSD short: 2 tools (ema_cross_short+entropy_short) → score 6.4 × 1.3 = 8.3
10:04:43 | INFO     | [STACK] ADAUSD short: 2 tools (ema_cross_short+entropy_short) → score 5.4 × 1.3 = 7.0
10:04:43 | INFO     | [STACK] XBTUSD short: 2 tools (ema_cross_short+entropy_short) → score 6.9 × 1.3 = 8.9
10:04:43 | INFO     | [STACK] TAOUSD short: 2 tools (distribution_short+ema_cross_short) → score 5.2 × 1.3 = 6.8
10:04:43 | INFO     | [STACK] AVAXUSD short: 2 tools (ema_cross_short+distribution_short) → score 4.8 × 1.3 = 6.3
10:04:43 | INFO     | [STACK] DOTUSD short: 2 tools (ema_cross_short+distribution_short) → score 4.9 × 1.3 = 6.3
10:04:43 | INFO     | [STACK] RAVEUSD long: 2 tools (mega_crash+flash_crash) → score 39.7 × 1.3 = 51.6
10:04:43 | INFO     | [BLACKLIST] RAVEUSD in mandatory cooldown (0.9h hard, 0.9h total) — skipping mega_crash
10:04:43 | INFO     | Skipping buy_btc_leading (ZECUSD) - bull tool blocked in fear/bear (F&G=32, 82% bullish)
10:04:43 | INFO     | Skipping simple_buy_uptrend (DOTUSD) - bull tool blocked in fear/bear (F&G=32, 82% bullish)
10:04:43 | INFO     | Skipping simple_buy_uptrend (XMRUSD) - bull tool blocked in fear/bear (F&G=32, 82% bullish)
10:04:43 | DEBUG    | Skipping ema_cross_short (XBTUSD) — short blocked (US Non-ECP margin restriction)
10:04:43 | INFO     | Skipping buy_btc_leading (TAOUSD) - bull tool blocked in fear/bear (F&G=32, 82% bullish)
10:04:43 | INFO     | Skipping buy_btc_leading (AVAXUSD) - bull tool blocked in fear/bear (F&G=32, 82% bullish)
10:04:43 | DEBUG    | Skipping ema_cross_short (JITOSOLUSD) — short blocked (US Non-ECP margin restriction)
10:04:43 | INFO     | Skipping simple_buy_uptrend (XRPUSD) - bull tool blocked in fear/bear (F&G=32, 82% bullish)
10:04:43 | DEBUG    | Skipping ema_cross_short (ETHUSD) — short blocked (US Non-ECP margin restriction)
10:04:43 | DEBUG    | Skipping ema_cross_short (SOLUSD) — short blocked (US Non-ECP margin restriction)
10:04:43 | DEBUG    | Skipping ema_cross_short (ADAUSD) — short blocked (US Non-ECP margin restriction)
10:04:43 | DEBUG    | Skipping distribution_short (TAOUSD) — short blocked (US Non-ECP margin restriction)
10:04:43 | INFO     | Skipping simple_buy_uptrend (ADAUSD) - bull tool blocked in fear/bear (F&G=32, 82% bullish)
10:04:43 | DEBUG    | Skipping ema_cross_short (BNBUSD) — short blocked (US Non-ECP margin restriction)
10:04:43 | DEBUG    | Skipping ema_cross_short (LTCUSD) — short blocked (US Non-ECP margin restriction)
10:04:43 | DEBUG    | Skipping ema_cross_short (DOTUSD) — short blocked (US Non-ECP margin restriction)
10:04:43 | DEBUG    | Skipping ema_cross_short (AVAXUSD) — short blocked (US Non-ECP margin restriction)
10:04:43 | DEBUG    | Skipping ema_cross_short (XRPUSD) — short blocked (US Non-ECP margin restriction)
10:04:43 | INFO     | Skipping simple_buy_uptrend (LINKUSD) - bull tool blocked in fear/bear (F&G=32, 82% bullish)
10:04:43 | DEBUG    | Skipping ema_cross_short (LINKUSD) — short blocked (US Non-ECP margin restriction)
10:04:43 | DEBUG    | Skipping ema_cross_short (ZECUSD) — short blocked (US Non-ECP margin restriction)
10:04:43 | INFO     | Skipping simple_buy_uptrend (LTCUSD) - bull tool blocked in fear/bear (F&G=32, 82% bullish)
10:04:43 | INFO     | [2026-04-22 10:04:43] CYCLE #4975 | F&G: 32 (Neutral) | Allocation: Grid 0% / Active 100%
10:04:43 | INFO     | Balance: $342.95 (start: $300.00, +14.3%) | Grid: $0.00 | Active: $274.85
10:04:43 | INFO     | Grid: 0 positions across 40 pairs | 0 round trips | $0.00 profit
10:04:43 | INFO     | Active: 1/8 positions open
10:04:43 | INFO     |   → HYPEUSD long +3.8% (btc_alt_spread, 21.3h held)
10:04:43 | INFO     | Signals this cycle: mega_crash RAVEUSD (score 51.6), ema_cross_short HYPEUSD (score 25.3), buy_btc_leading ZECUSD (score 22.0)
10:04:43 | INFO     | MTF: 18% bearish 4h, 82% bullish 4h | Avg 4h RSI: 65.1
10:04:43 | INFO     | Tool streaks: entropy_dip L5
10:04:43 | INFO     | Cycle took 10.8s, sleeping 289.2s
10:04:43 | INFO     | ════════════════════════════════════════════════════════════════════════════════
10:06:33 | INFO     | 💰 VOLUME SPIKE: XRPUSD 3.6x normal volume
10:06:33 | INFO     | 🔌 Real-time event during sleep! Processing...
10:08:30 | INFO     | 💰 VOLUME SPIKE: LTCUSD 3.4x normal volume
10:08:33 | INFO     | 🔌 Real-time event during sleep! Processing...
10:09:32 | INFO     | ════════════════════════════════════════════════════════════════════════════════
10:09:45 | INFO     | 💰 Kraken account balance: $342.91
10:09:45 | INFO     | [VOLATILITY] Scanning 659 USD pairs for volatility...
10:09:48 | INFO     | [VOLATILITY] Selected 20 pairs (from 10 liquid). Top 5: RAVEUSD (score=0.11, vol=71.8%, pos=10%), HYPEUSD (score=0.09, vol=6.7%, pos=94%), XETHZUSD (score=0.08, vol=6.1%, pos=95%), JITOSOLUSD (score=0.08, vol=5.8%, pos=97%), XZECZUSD (score=0.08, vol=8.4%, pos=55%)
10:09:48 | INFO     | [STACK] LTCUSD short: 2 tools (ema_cross_short+distribution_short) → score 4.9 × 1.3 = 6.4
10:09:48 | INFO     | [STACK] LTCUSD long: 2 tools (buy_btc_leading+simple_buy_uptrend) → score 7.4 × 1.3 = 9.7
10:09:48 | INFO     | [STACK] JITOSOLUSD short: 2 tools (ema_cross_short+entropy_short) → score 6.4 × 1.3 = 8.3
10:09:48 | INFO     | [STACK] ADAUSD short: 2 tools (ema_cross_short+entropy_short) → score 5.4 × 1.3 = 7.0
10:09:48 | INFO     | [STACK] XBTUSD short: 2 tools (ema_cross_short+entropy_short) → score 6.8 × 1.3 = 8.9
10:09:48 | INFO     | [STACK] TAOUSD short: 2 tools (distribution_short+ema_cross_short) → score 5.2 × 1.3 = 6.8
10:09:48 | INFO     | [STACK] AVAXUSD short: 2 tools (ema_cross_short+distribution_short) → score 4.8 × 1.3 = 6.3
10:09:48 | INFO     | [STACK] DOTUSD short: 2 tools (ema_cross_short+distribution_short) → score 4.9 × 1.3 = 6.3
10:09:48 | INFO     | [STACK] RAVEUSD long: 2 tools (mega_crash+flash_crash) → score 40.5 × 1.3 = 52.6
10:09:48 | INFO     | [BLACKLIST] RAVEUSD in mandatory cooldown (0.8h hard, 0.8h total) — skipping mega_crash
10:09:48 | INFO     | Skipping buy_btc_leading (ZECUSD) - bull tool blocked in fear/bear (F&G=32, 82% bullish)
10:09:48 | INFO     | Skipping simple_buy_uptrend (DOTUSD) - bull tool blocked in fear/bear (F&G=32, 82% bullish)
10:09:48 | INFO     | Skipping simple_buy_uptrend (XMRUSD) - bull tool blocked in fear/bear (F&G=32, 82% bullish)
10:09:48 | INFO     | Skipping buy_btc_leading (LTCUSD) - bull tool blocked in fear/bear (F&G=32, 82% bullish)
10:09:48 | DEBUG    | Skipping ema_cross_short (XBTUSD) — short blocked (US Non-ECP margin restriction)
10:09:48 | INFO     | Skipping buy_btc_leading (TAOUSD) - bull tool blocked in fear/bear (F&G=32, 82% bullish)
10:09:48 | INFO     | Skipping buy_btc_leading (AVAXUSD) - bull tool blocked in fear/bear (F&G=32, 82% bullish)
10:09:48 | DEBUG    | Skipping ema_cross_short (JITOSOLUSD) — short blocked (US Non-ECP margin restriction)
10:09:48 | INFO     | Skipping simple_buy_uptrend (XRPUSD) - bull tool blocked in fear/bear (F&G=32, 82% bullish)
10:09:48 | DEBUG    | Skipping ema_cross_short (ETHUSD) — short blocked (US Non-ECP margin restriction)
10:09:48 | DEBUG    | Skipping ema_cross_short (SOLUSD) — short blocked (US Non-ECP margin restriction)
10:09:48 | DEBUG    | Skipping ema_cross_short (ADAUSD) — short blocked (US Non-ECP margin restriction)
10:09:48 | DEBUG    | Skipping distribution_short (TAOUSD) — short blocked (US Non-ECP margin restriction)
10:09:48 | INFO     | Skipping simple_buy_uptrend (ADAUSD) - bull tool blocked in fear/bear (F&G=32, 82% bullish)
10:09:48 | DEBUG    | Skipping ema_cross_short (BNBUSD) — short blocked (US Non-ECP margin restriction)
10:09:48 | DEBUG    | Skipping ema_cross_short (LTCUSD) — short blocked (US Non-ECP margin restriction)
10:09:48 | DEBUG    | Skipping ema_cross_short (DOTUSD) — short blocked (US Non-ECP margin restriction)
10:09:48 | DEBUG    | Skipping ema_cross_short (AVAXUSD) — short blocked (US Non-ECP margin restriction)
10:09:48 | DEBUG    | Skipping ema_cross_short (XRPUSD) — short blocked (US Non-ECP margin restriction)
10:09:48 | INFO     | Skipping simple_buy_uptrend (LINKUSD) - bull tool blocked in fear/bear (F&G=32, 82% bullish)
10:09:48 | DEBUG    | Skipping ema_cross_short (LINKUSD) — short blocked (US Non-ECP margin restriction)
10:09:48 | DEBUG    | Skipping ema_cross_short (ZECUSD) — short blocked (US Non-ECP margin restriction)
10:09:48 | INFO     | [2026-04-22 10:09:48] CYCLE #4976 | F&G: 32 (Neutral) | Allocation: Grid 0% / Active 100%
10:09:48 | INFO     | Balance: $342.91 (start: $300.00, +14.3%) | Grid: $0.00 | Active: $274.81
10:09:48 | INFO     | Grid: 0 positions across 40 pairs | 0 round trips | $0.00 profit
10:09:48 | INFO     | Active: 1/8 positions open
10:09:48 | INFO     |   → HYPEUSD long +3.7% (btc_alt_spread, 21.4h held)
10:09:48 | INFO     | Signals this cycle: mega_crash RAVEUSD (score 52.6), ema_cross_short HYPEUSD (score 25.2), buy_btc_leading ZECUSD (score 22.0)
10:09:48 | INFO     | MTF: 18% bearish 4h, 82% bullish 4h | Avg 4h RSI: 64.3
10:09:48 | INFO     | Tool streaks: entropy_dip L5
10:09:48 | INFO     | Cycle took 15.4s, sleeping 284.6s
10:09:48 | INFO     | ════════════════════════════════════════════════════════════════════════════════
10:10:01 | INFO     | 💰 VOLUME SPIKE: FILUSD 5.0x normal volume
10:10:08 | INFO     | 🔌 Real-time event during sleep! Processing...
10:10:40 | INFO     | 💰 VOLUME SPIKE: UNIUSD 5.0x normal volume
10:10:48 | INFO     | 🔌 Real-time event during sleep! Processing...
10:11:25 | INFO     | 💰 VOLUME SPIKE: AAVEUSD 5.0x normal volume
10:11:28 | INFO     | 🔌 Real-time event during sleep! Processing...
10:11:35 | INFO     | 💰 VOLUME SPIKE: SOLUSD 3.9x normal volume
10:11:38 | INFO     | 🔌 Real-time event during sleep! Processing...
10:11:38 | INFO     | 💰 VOLUME SPIKE: XBTUSD 3.5x normal volume
10:11:48 | INFO     | 🔌 Real-time event during sleep! Processing...
10:12:38 | INFO     | 💰 VOLUME SPIKE: ATOMUSD 3.7x normal volume
10:12:38 | INFO     | 🔌 Real-time event during sleep! Processing...
10:13:06 | INFO     | 💰 VOLUME SPIKE: LINKUSD 3.3x normal volume
10:13:08 | INFO     | 🔌 Real-time event during sleep! Processing...
10:13:32 | INFO     | 💰 VOLUME SPIKE: ADAUSD 3.7x normal volume
10:13:38 | INFO     | 🔌 Real-time event during sleep! Processing...
10:14:33 | INFO     | ════════════════════════════════════════════════════════════════════════════════
10:14:42 | INFO     | 💰 VOLUME SPIKE: ETHUSD 3.6x normal volume
10:14:43 | INFO     | 💰 Kraken account balance: $342.95
10:14:43 | INFO     | [STACK] LTCUSD short: 2 tools (ema_cross_short+distribution_short) → score 5.1 × 1.3 = 6.6
10:14:43 | INFO     | [STACK] JITOSOLUSD short: 2 tools (ema_cross_short+entropy_short) → score 6.4 × 1.3 = 8.3
10:14:43 | INFO     | [STACK] ADAUSD short: 2 tools (ema_cross_short+entropy_short) → score 5.6 × 1.3 = 7.3
10:14:43 | INFO     | [STACK] XBTUSD short: 2 tools (ema_cross_short+entropy_short) → score 6.9 × 1.3 = 9.0
10:14:43 | INFO     | [STACK] TAOUSD short: 2 tools (distribution_short+ema_cross_short) → score 5.2 × 1.3 = 6.8
10:14:43 | INFO     | [STACK] AVAXUSD short: 2 tools (ema_cross_short+distribution_short) → score 5.0 × 1.3 = 6.5
10:14:43 | INFO     | [STACK] DOTUSD short: 2 tools (ema_cross_short+distribution_short) → score 5.0 × 1.3 = 6.4
10:14:43 | INFO     | [STACK] RAVEUSD long: 2 tools (mega_crash+flash_crash) → score 37.0 × 1.3 = 48.1
10:14:43 | INFO     | [BLACKLIST] RAVEUSD in mandatory cooldown (0.8h hard, 0.8h total) — skipping mega_crash
10:14:43 | INFO     | Skipping buy_btc_leading (ZECUSD) - bull tool blocked in fear/bear (F&G=32, 82% bullish)
10:14:43 | INFO     | Skipping simple_buy_uptrend (DOTUSD) - bull tool blocked in fear/bear (F&G=32, 82% bullish)
10:14:43 | INFO     | Skipping simple_buy_uptrend (XMRUSD) - bull tool blocked in fear/bear (F&G=32, 82% bullish)
10:14:43 | DEBUG    | Skipping ema_cross_short (XBTUSD) — short blocked (US Non-ECP margin restriction)
10:14:43 | INFO     | Skipping buy_btc_leading (TAOUSD) - bull tool blocked in fear/bear (F&G=32, 82% bullish)
10:14:43 | INFO     | Skipping buy_btc_leading (AVAXUSD) - bull tool blocked in fear/bear (F&G=32, 82% bullish)
10:14:43 | DEBUG    | Skipping ema_cross_short (JITOSOLUSD) — short blocked (US Non-ECP margin restriction)
10:14:43 | DEBUG    | Skipping ema_cross_short (ETHUSD) — short blocked (US Non-ECP margin restriction)
10:14:43 | DEBUG    | Skipping ema_cross_short (ADAUSD) — short blocked (US Non-ECP margin restriction)
10:14:43 | DEBUG    | Skipping ema_cross_short (SOLUSD) — short blocked (US Non-ECP margin restriction)
10:14:43 | DEBUG    | Skipping distribution_short (TAOUSD) — short blocked (US Non-ECP margin restriction)
10:14:43 | DEBUG    | Skipping ema_cross_short (BNBUSD) — short blocked (US Non-ECP margin restriction)
10:14:43 | DEBUG    | Skipping ema_cross_short (LTCUSD) — short blocked (US Non-ECP margin restriction)
10:14:43 | DEBUG    | Skipping ema_cross_short (AVAXUSD) — short blocked (US Non-ECP margin restriction)
10:14:43 | DEBUG    | Skipping ema_cross_short (DOTUSD) — short blocked (US Non-ECP margin restriction)
10:14:43 | DEBUG    | Skipping ema_cross_short (XRPUSD) — short blocked (US Non-ECP margin restriction)
10:14:43 | INFO     | Skipping simple_buy_uptrend (LINKUSD) - bull tool blocked in fear/bear (F&G=32, 82% bullish)
10:14:43 | DEBUG    | Skipping ema_cross_short (LINKUSD) — short blocked (US Non-ECP margin restriction)
10:14:43 | DEBUG    | Skipping ema_cross_short (ZECUSD) — short blocked (US Non-ECP margin restriction)
10:14:43 | INFO     | Skipping simple_buy_uptrend (LTCUSD) - bull tool blocked in fear/bear (F&G=32, 82% bullish)
10:14:43 | INFO     | [2026-04-22 10:14:43] CYCLE #4977 | F&G: 32 (Neutral) | Allocation: Grid 0% / Active 100%
10:14:43 | INFO     | Balance: $342.95 (start: $300.00, +14.3%) | Grid: $0.00 | Active: $274.85
10:14:43 | INFO     | Grid: 0 positions across 40 pairs | 0 round trips | $0.00 profit
10:14:43 | INFO     | Active: 1/8 positions open
10:14:43 | INFO     |   → HYPEUSD long +3.9% (btc_alt_spread, 21.4h held)
10:14:43 | INFO     | Signals this cycle: mega_crash RAVEUSD (score 48.1), ema_cross_short HYPEUSD (score 25.5), buy_btc_leading ZECUSD (score 22.4)
10:14:43 | INFO     | MTF: 18% bearish 4h, 82% bullish 4h | Avg 4h RSI: 65.1
10:14:43 | INFO     | Tool streaks: entropy_dip L5
10:14:43 | INFO     | Cycle took 10.3s, sleeping 289.7s
10:14:43 | INFO     | ════════════════════════════════════════════════════════════════════════════════
10:14:53 | INFO     | 🔌 Real-time event during sleep! Processing...
10:15:09 | INFO     | 💰 VOLUME SPIKE: XLMUSD 3.8x normal volume
10:15:13 | INFO     | 🔌 Real-time event during sleep! Processing...
10:15:30 | INFO     | 💰 VOLUME SPIKE: NEARUSD 5.0x normal volume
10:15:33 | INFO     | 🔌 Real-time event during sleep! Processing...
10:16:50 | INFO     | 💰 VOLUME SPIKE: AVAXUSD 4.8x normal volume
10:16:53 | INFO     | 🔌 Real-time event during sleep! Processing...
10:19:33 | INFO     | ════════════════════════════════════════════════════════════════════════════════
10:19:44 | INFO     | 💰 Kraken account balance: $342.79
10:19:44 | INFO     | [STACK] LTCUSD short: 2 tools (ema_cross_short+distribution_short) → score 5.0 × 1.3 = 6.5
10:19:44 | INFO     | [STACK] JITOSOLUSD short: 2 tools (ema_cross_short+entropy_short) → score 6.4 × 1.3 = 8.3
10:19:44 | INFO     | [STACK] ADAUSD short: 2 tools (ema_cross_short+entropy_short) → score 5.5 × 1.3 = 7.1
10:19:44 | INFO     | [STACK] XBTUSD short: 2 tools (ema_cross_short+entropy_short) → score 6.8 × 1.3 = 8.8
10:19:44 | INFO     | [STACK] TAOUSD short: 2 tools (distribution_short+ema_cross_short) → score 5.2 × 1.3 = 6.8
10:19:44 | INFO     | [STACK] AVAXUSD short: 2 tools (ema_cross_short+distribution_short) → score 5.0 × 1.3 = 6.5
10:19:44 | INFO     | [STACK] DOTUSD short: 2 tools (ema_cross_short+distribution_short) → score 5.1 × 1.3 = 6.7
10:19:44 | INFO     | [STACK] RAVEUSD long: 2 tools (mega_crash+flash_crash) → score 44.6 × 1.3 = 58.0
10:19:44 | INFO     | [BLACKLIST] RAVEUSD in mandatory cooldown (0.7h hard, 0.7h total) — skipping mega_crash
10:19:44 | INFO     | Skipping buy_btc_leading (ZECUSD) - bull tool blocked in fear/bear (F&G=32, 82% bullish)
10:19:44 | INFO     | Skipping simple_buy_uptrend (DOTUSD) - bull tool blocked in fear/bear (F&G=32, 82% bullish)
10:19:44 | INFO     | Skipping simple_buy_uptrend (XMRUSD) - bull tool blocked in fear/bear (F&G=32, 82% bullish)
10:19:44 | DEBUG    | Skipping ema_cross_short (XBTUSD) — short blocked (US Non-ECP margin restriction)
10:19:44 | INFO     | Skipping buy_btc_leading (TAOUSD) - bull tool blocked in fear/bear (F&G=32, 82% bullish)
10:19:44 | DEBUG    | Skipping ema_cross_short (JITOSOLUSD) — short blocked (US Non-ECP margin restriction)
10:19:44 | INFO     | Skipping buy_btc_leading (AVAXUSD) - bull tool blocked in fear/bear (F&G=32, 82% bullish)
10:19:44 | INFO     | Skipping simple_buy_uptrend (XRPUSD) - bull tool blocked in fear/bear (F&G=32, 82% bullish)
10:19:44 | DEBUG    | Skipping ema_cross_short (ETHUSD) — short blocked (US Non-ECP margin restriction)
10:19:44 | DEBUG    | Skipping ema_cross_short (ADAUSD) — short blocked (US Non-ECP margin restriction)
10:19:44 | DEBUG    | Skipping ema_cross_short (SOLUSD) — short blocked (US Non-ECP margin restriction)
10:19:44 | INFO     | Skipping simple_buy_uptrend (ADAUSD) - bull tool blocked in fear/bear (F&G=32, 82% bullish)
10:19:44 | DEBUG    | Skipping distribution_short (TAOUSD) — short blocked (US Non-ECP margin restriction)
10:19:44 | DEBUG    | Skipping ema_cross_short (DOTUSD) — short blocked (US Non-ECP margin restriction)
10:19:44 | DEBUG    | Skipping ema_cross_short (LTCUSD) — short blocked (US Non-ECP margin restriction)
10:19:44 | DEBUG    | Skipping ema_cross_short (BNBUSD) — short blocked (US Non-ECP margin restriction)
10:19:44 | DEBUG    | Skipping ema_cross_short (AVAXUSD) — short blocked (US Non-ECP margin restriction)
10:19:44 | DEBUG    | Skipping ema_cross_short (XRPUSD) — short blocked (US Non-ECP margin restriction)
10:19:44 | INFO     | Skipping simple_buy_uptrend (LINKUSD) - bull tool blocked in fear/bear (F&G=32, 82% bullish)
10:19:44 | DEBUG    | Skipping ema_cross_short (LINKUSD) — short blocked (US Non-ECP margin restriction)
10:19:44 | DEBUG    | Skipping ema_cross_short (ZECUSD) — short blocked (US Non-ECP margin restriction)
10:19:44 | INFO     | Skipping simple_buy_uptrend (LTCUSD) - bull tool blocked in fear/bear (F&G=32, 82% bullish)
10:19:44 | INFO     | [2026-04-22 10:19:44] CYCLE #4978 | F&G: 32 (Neutral) | Allocation: Grid 0% / Active 100%
10:19:44 | INFO     | Balance: $342.79 (start: $300.00, +14.3%) | Grid: $0.00 | Active: $274.69
10:19:44 | INFO     | Grid: 0 positions across 40 pairs | 0 round trips | $0.00 profit
10:19:44 | INFO     | Active: 1/8 positions open
10:19:44 | INFO     |   → HYPEUSD long +3.5% (btc_alt_spread, 21.5h held)
10:19:44 | INFO     | Signals this cycle: mega_crash RAVEUSD (score 58.0), ema_cross_short HYPEUSD (score 24.8), buy_btc_leading ZECUSD (score 22.0)
10:19:44 | INFO     | MTF: 18% bearish 4h, 82% bullish 4h | Avg 4h RSI: 64.6
10:19:44 | INFO     | Tool streaks: entropy_dip L5
10:19:44 | INFO     | Cycle took 11.3s, sleeping 288.7s
10:19:44 | INFO     | ════════════════════════════════════════════════════════════════════════════════
10:21:51 | INFO     | 💰 VOLUME SPIKE: UNIUSD 3.7x normal volume
10:21:54 | INFO     | 🔌 Real-time event during sleep! Processing...
10:22:38 | INFO     | 💰 VOLUME SPIKE: ATOMUSD 3.2x normal volume
10:22:44 | INFO     | 🔌 Real-time event during sleep! Processing...
10:24:33 | INFO     | ════════════════════════════════════════════════════════════════════════════════
10:24:45 | INFO     | 💰 Kraken account balance: $342.74
10:24:45 | INFO     | [STACK] LTCUSD short: 2 tools (ema_cross_short+distribution_short) → score 5.1 × 1.3 = 6.6
10:24:45 | INFO     | [STACK] JITOSOLUSD short: 2 tools (ema_cross_short+entropy_short) → score 6.4 × 1.3 = 8.3
10:24:45 | INFO     | [STACK] ADAUSD short: 2 tools (ema_cross_short+entropy_short) → score 5.5 × 1.3 = 7.2
10:24:45 | INFO     | [STACK] XBTUSD short: 2 tools (ema_cross_short+entropy_short) → score 7.0 × 1.3 = 9.1
10:24:45 | INFO     | [STACK] TAOUSD short: 2 tools (distribution_short+ema_cross_short) → score 5.2 × 1.3 = 6.8
10:24:45 | INFO     | [STACK] LINKUSD long: 2 tools (buy_btc_leading+simple_buy_uptrend) → score 6.0 × 1.3 = 7.7
10:24:45 | INFO     | [STACK] AVAXUSD short: 2 tools (ema_cross_short+distribution_short) → score 4.8 × 1.3 = 6.3
10:24:45 | INFO     | [STACK] DOTUSD short: 2 tools (ema_cross_short+distribution_short) → score 5.0 × 1.3 = 6.5
10:24:45 | INFO     | [STACK] RAVEUSD long: 2 tools (mega_crash+flash_crash) → score 32.8 × 1.3 = 42.6
10:24:45 | INFO     | [BLACKLIST] RAVEUSD in mandatory cooldown (0.6h hard, 0.6h total) — skipping mega_crash
10:24:45 | INFO     | Skipping buy_btc_leading (ZECUSD) - bull tool blocked in fear/bear (F&G=32, 82% bullish)
10:24:45 | INFO     | Skipping simple_buy_uptrend (DOTUSD) - bull tool blocked in fear/bear (F&G=32, 82% bullish)
10:24:45 | INFO     | Skipping simple_buy_uptrend (XMRUSD) - bull tool blocked in fear/bear (F&G=32, 82% bullish)
10:24:45 | DEBUG    | Skipping ema_cross_short (XBTUSD) — short blocked (US Non-ECP margin restriction)
10:24:45 | INFO     | Skipping buy_btc_leading (TAOUSD) - bull tool blocked in fear/bear (F&G=32, 82% bullish)
10:24:45 | INFO     | Skipping buy_btc_leading (AVAXUSD) - bull tool blocked in fear/bear (F&G=32, 82% bullish)
10:24:45 | DEBUG    | Skipping ema_cross_short (JITOSOLUSD) — short blocked (US Non-ECP margin restriction)
10:24:45 | INFO     | Skipping simple_buy_uptrend (XRPUSD) - bull tool blocked in fear/bear (F&G=32, 82% bullish)
10:24:45 | INFO     | Skipping buy_btc_leading (LINKUSD) - bull tool blocked in fear/bear (F&G=32, 82% bullish)
10:24:45 | DEBUG    | Skipping ema_cross_short (ADAUSD) — short blocked (US Non-ECP margin restriction)
10:24:45 | DEBUG    | Skipping ema_cross_short (ETHUSD) — short blocked (US Non-ECP margin restriction)
10:24:45 | DEBUG    | Skipping ema_cross_short (SOLUSD) — short blocked (US Non-ECP margin restriction)
10:24:45 | INFO     | Skipping simple_buy_uptrend (ADAUSD) - bull tool blocked in fear/bear (F&G=32, 82% bullish)
10:24:45 | DEBUG    | Skipping distribution_short (TAOUSD) — short blocked (US Non-ECP margin restriction)
10:24:45 | DEBUG    | Skipping ema_cross_short (LTCUSD) — short blocked (US Non-ECP margin restriction)
10:24:45 | DEBUG    | Skipping ema_cross_short (DOTUSD) — short blocked (US Non-ECP margin restriction)
10:24:45 | DEBUG    | Skipping ema_cross_short (BNBUSD) — short blocked (US Non-ECP margin restriction)
10:24:45 | DEBUG    | Skipping ema_cross_short (AVAXUSD) — short blocked (US Non-ECP margin restriction)
10:24:45 | DEBUG    | Skipping ema_cross_short (XRPUSD) — short blocked (US Non-ECP margin restriction)
10:24:45 | DEBUG    | Skipping ema_cross_short (LINKUSD) — short blocked (US Non-ECP margin restriction)
10:24:45 | DEBUG    | Skipping ema_cross_short (ZECUSD) — short blocked (US Non-ECP margin restriction)
10:24:45 | INFO     | Skipping simple_buy_uptrend (LTCUSD) - bull tool blocked in fear/bear (F&G=32, 82% bullish)
10:24:45 | INFO     | [2026-04-22 10:24:45] CYCLE #4979 | F&G: 32 (Neutral) | Allocation: Grid 0% / Active 100%
10:24:45 | INFO     | Balance: $342.74 (start: $300.00, +14.2%) | Grid: $0.00 | Active: $274.64
10:24:45 | INFO     | Grid: 0 positions across 40 pairs | 0 round trips | $0.00 profit
10:24:45 | INFO     | Active: 1/8 positions open
10:24:45 | INFO     |   → HYPEUSD long +3.5% (btc_alt_spread, 21.6h held)
10:24:45 | INFO     | Signals this cycle: mega_crash RAVEUSD (score 42.6), ema_cross_short HYPEUSD (score 24.8), buy_btc_leading ZECUSD (score 22.2)
10:24:45 | INFO     | MTF: 18% bearish 4h, 82% bullish 4h | Avg 4h RSI: 64.9
10:24:45 | INFO     | Tool streaks: entropy_dip L5
10:24:45 | INFO     | Cycle took 11.6s, sleeping 288.4s
10:24:45 | INFO     | ════════════════════════════════════════════════════════════════════════════════
10:24:51 | INFO     | 💰 VOLUME SPIKE: AAVEUSD 4.2x normal volume
10:24:55 | INFO     | 🔌 Real-time event during sleep! Processing...
10:25:06 | INFO     | 💰 VOLUME SPIKE: ADAUSD 3.3x normal volume
10:25:15 | INFO     | 🔌 Real-time event during sleep! Processing...
10:26:47 | INFO     | 💰 VOLUME SPIKE: FILUSD 4.7x normal volume
10:26:55 | INFO     | 🔌 Real-time event during sleep! Processing...
10:27:03 | INFO     | 💰 VOLUME SPIKE: XLMUSD 4.0x normal volume
10:27:05 | INFO     | 🔌 Real-time event during sleep! Processing...
10:27:20 | INFO     | 💰 VOLUME SPIKE: NEARUSD 4.8x normal volume
10:27:25 | INFO     | 🔌 Real-time event during sleep! Processing...
10:28:12 | INFO     | 💰 VOLUME SPIKE: ETHUSD 3.2x normal volume
10:28:15 | INFO     | 🔌 Real-time event during sleep! Processing...
10:29:33 | INFO     | ════════════════════════════════════════════════════════════════════════════════
10:29:44 | INFO     | 💰 Kraken account balance: $342.68
10:29:44 | INFO     | [MARKET BEAR] cautious cash mode — short_pairs=14, short_signals=21, top3=12.9, dominance=0.92, active_allocation=85%
10:29:44 | INFO     | [STACK] LTCUSD short: 2 tools (ema_cross_short+distribution_short) → score 5.1 × 1.3 = 6.6
10:29:44 | INFO     | [STACK] JITOSOLUSD short: 2 tools (ema_cross_short+entropy_short) → score 6.4 × 1.3 = 8.3
10:29:44 | INFO     | [STACK] ADAUSD short: 2 tools (ema_cross_short+entropy_short) → score 5.6 × 1.3 = 7.2
10:29:44 | INFO     | [STACK] XBTUSD short: 2 tools (ema_cross_short+entropy_short) → score 7.1 × 1.3 = 9.2
10:29:44 | INFO     | [STACK] TAOUSD short: 2 tools (distribution_short+ema_cross_short) → score 5.2 × 1.3 = 6.8
10:29:44 | INFO     | [STACK] LINKUSD long: 2 tools (buy_btc_leading+simple_buy_uptrend) → score 6.1 × 1.3 = 8.0
10:29:44 | INFO     | [STACK] AVAXUSD short: 2 tools (ema_cross_short+distribution_short) → score 4.9 × 1.3 = 6.4
10:29:44 | INFO     | [STACK] DOTUSD short: 2 tools (ema_cross_short+distribution_short) → score 5.0 × 1.3 = 6.5
10:29:44 | INFO     | [BLACKLIST] RAVEUSD in mandatory cooldown (0.5h hard, 0.5h total) — skipping flash_crash
10:29:44 | INFO     | Skipping buy_btc_leading (ZECUSD) - bull tool blocked in fear/bear (F&G=32, 82% bullish)
10:29:44 | INFO     | Skipping simple_buy_uptrend (DOTUSD) - bull tool blocked in fear/bear (F&G=32, 82% bullish)
10:29:44 | INFO     | Skipping simple_buy_uptrend (XMRUSD) - bull tool blocked in fear/bear (F&G=32, 82% bullish)
10:29:44 | DEBUG    | Skipping ema_cross_short (XBTUSD) — short blocked (US Non-ECP margin restriction)
10:29:44 | INFO     | Skipping buy_btc_leading (TAOUSD) - bull tool blocked in fear/bear (F&G=32, 82% bullish)
10:29:44 | INFO     | Skipping buy_btc_leading (AVAXUSD) - bull tool blocked in fear/bear (F&G=32, 82% bullish)
10:29:44 | DEBUG    | Skipping ema_cross_short (JITOSOLUSD) — short blocked (US Non-ECP margin restriction)
10:29:44 | INFO     | Skipping buy_btc_leading (LINKUSD) - bull tool blocked in fear/bear (F&G=32, 82% bullish)
10:29:44 | DEBUG    | Skipping ema_cross_short (ADAUSD) — short blocked (US Non-ECP margin restriction)
10:29:44 | DEBUG    | Skipping ema_cross_short (ETHUSD) — short blocked (US Non-ECP margin restriction)
10:29:44 | DEBUG    | Skipping ema_cross_short (SOLUSD) — short blocked (US Non-ECP margin restriction)
10:29:44 | INFO     | Skipping simple_buy_uptrend (ADAUSD) - bull tool blocked in fear/bear (F&G=32, 82% bullish)
10:29:44 | DEBUG    | Skipping distribution_short (TAOUSD) — short blocked (US Non-ECP margin restriction)
10:29:44 | DEBUG    | Skipping ema_cross_short (LTCUSD) — short blocked (US Non-ECP margin restriction)
10:29:44 | DEBUG    | Skipping ema_cross_short (BNBUSD) — short blocked (US Non-ECP margin restriction)
10:29:44 | DEBUG    | Skipping ema_cross_short (DOTUSD) — short blocked (US Non-ECP margin restriction)
10:29:44 | DEBUG    | Skipping ema_cross_short (AVAXUSD) — short blocked (US Non-ECP margin restriction)
10:29:44 | DEBUG    | Skipping ema_cross_short (XRPUSD) — short blocked (US Non-ECP margin restriction)
10:29:44 | DEBUG    | Skipping ema_cross_short (ZECUSD) — short blocked (US Non-ECP margin restriction)
10:29:44 | DEBUG    | Skipping ema_cross_short (LINKUSD) — short blocked (US Non-ECP margin restriction)
10:29:44 | INFO     | Skipping simple_buy_uptrend (LTCUSD) - bull tool blocked in fear/bear (F&G=32, 82% bullish)
10:29:44 | INFO     | [2026-04-22 10:29:44] CYCLE #4980 | F&G: 32 (Neutral) | Allocation: Grid 0% / Active 85%
10:29:44 | INFO     | Balance: $342.68 (start: $300.00, +14.2%) | Grid: $0.00 | Active: $223.17
10:29:44 | INFO     | Grid: 0 positions across 40 pairs | 0 round trips | $0.00 profit
10:29:44 | INFO     | Active: 1/8 positions open
10:29:44 | INFO     |   → HYPEUSD long +3.4% (btc_alt_spread, 21.7h held)
10:29:44 | INFO     | Signals this cycle: flash_crash RAVEUSD (score 28.3), ema_cross_short HYPEUSD (score 24.4), buy_btc_leading ZECUSD (score 22.1)
10:29:44 | INFO     | MTF: 18% bearish 4h, 82% bullish 4h | Avg 4h RSI: 65.0
10:29:44 | INFO     | Tool streaks: entropy_dip L5
10:29:44 | INFO     | Cycle took 10.4s, sleeping 289.6s
10:29:44 | INFO     | ════════════════════════════════════════════════════════════════════════════════
10:29:54 | INFO     | 💰 VOLUME SPIKE: AVAXUSD 3.3x normal volume
10:30:04 | INFO     | 🔌 Real-time event during sleep! Processing...
10:30:18 | INFO     | 💰 VOLUME SPIKE: DOTUSD 4.2x normal volume
10:30:24 | INFO     | 🔌 Real-time event during sleep! Processing...
10:30:30 | INFO     | 💰 VOLUME SPIKE: LINKUSD 3.9x normal volume
10:30:34 | INFO     | 🔌 Real-time event during sleep! Processing...
10:30:51 | INFO     | 💰 VOLUME SPIKE: LTCUSD 3.0x normal volume
10:30:54 | INFO     | 🔌 Real-time event during sleep! Processing...
10:31:00 | INFO     | 💰 VOLUME SPIKE: SOLUSD 3.7x normal volume
10:31:04 | INFO     | 🔌 Real-time event during sleep! Processing...
10:32:22 | INFO     | 💰 VOLUME SPIKE: XRPUSD 3.3x normal volume
10:32:24 | INFO     | 🔌 Real-time event during sleep! Processing...
10:32:57 | INFO     | 💰 VOLUME SPIKE: ATOMUSD 4.0x normal volume
10:32:59 | INFO     | 💰 VOLUME SPIKE: XBTUSD 3.1x normal volume
10:33:04 | INFO     | 🔌 Real-time event during sleep! Processing...
10:34:33 | INFO     | ════════════════════════════════════════════════════════════════════════════════
10:34:44 | INFO     | 💰 Kraken account balance: $342.31
10:34:44 | INFO     | [MARKET BEAR] normal — short_pairs=15, short_signals=23, top3=16.5, dominance=0.81, active_allocation=100%
10:34:44 | INFO     | [STACK] LTCUSD short: 2 tools (ema_cross_short+distribution_short) → score 5.1 × 1.3 = 6.6
10:34:44 | INFO     | [STACK] JITOSOLUSD short: 2 tools (ema_cross_short+entropy_short) → score 6.4 × 1.3 = 8.3
10:34:44 | INFO     | [STACK] ADAUSD short: 2 tools (ema_cross_short+entropy_short) → score 5.3 × 1.3 = 6.9
10:34:44 | INFO     | [STACK] XBTUSD short: 2 tools (ema_cross_short+entropy_short) → score 6.7 × 1.3 = 8.8
10:34:44 | INFO     | [STACK] TAOUSD short: 3 tools (falling_wedge_short+distribution_short+ema_cross_short) → score 5.4 × 1.6 = 8.6
10:34:44 | INFO     | [STACK] LINKUSD long: 2 tools (buy_btc_leading+simple_buy_uptrend) → score 5.8 × 1.3 = 7.5
10:34:44 | INFO     | [STACK] AVAXUSD short: 2 tools (ema_cross_short+distribution_short) → score 4.6 × 1.3 = 6.0
10:34:44 | INFO     | [STACK] DOTUSD short: 2 tools (ema_cross_short+distribution_short) → score 5.0 × 1.3 = 6.5
10:34:44 | INFO     | [STACK] RAVEUSD long: 2 tools (crash_neg_ac+flash_crash) → score 32.7 × 1.3 = 42.5
10:34:44 | INFO     | [BLACKLIST] RAVEUSD in mandatory cooldown (0.4h hard, 0.4h total) — skipping crash_neg_ac
10:34:44 | INFO     | Skipping buy_btc_leading (ZECUSD) - bull tool blocked in fear/bear (F&G=32, 82% bullish)
10:34:44 | DEBUG    | Skipping falling_wedge_short (XMRUSD) — short blocked (US Non-ECP margin restriction)
10:34:44 | INFO     | Skipping simple_buy_uptrend (DOTUSD) - bull tool blocked in fear/bear (F&G=32, 82% bullish)
10:34:44 | INFO     | [BEARISH OVERLAY] simple_buy_uptrend XMRUSD blocked — falling_wedge_short short score 19.7 active
10:34:44 | INFO     | Skipping buy_btc_leading (TAOUSD) - bull tool blocked in fear/bear (F&G=32, 82% bullish)
10:34:44 | DEBUG    | Skipping ema_cross_short (XBTUSD) — short blocked (US Non-ECP margin restriction)
10:34:44 | DEBUG    | Skipping falling_wedge_short (TAOUSD) — short blocked (US Non-ECP margin restriction)
10:34:44 | INFO     | Skipping buy_btc_leading (AVAXUSD) - bull tool blocked in fear/bear (F&G=32, 82% bullish)
10:34:44 | DEBUG    | Skipping ema_cross_short (JITOSOLUSD) — short blocked (US Non-ECP margin restriction)
10:34:44 | INFO     | Skipping simple_buy_uptrend (XRPUSD) - bull tool blocked in fear/bear (F&G=32, 82% bullish)
10:34:44 | INFO     | Skipping buy_btc_leading (LINKUSD) - bull tool blocked in fear/bear (F&G=32, 82% bullish)
10:34:44 | INFO     | Skipping buy_btc_leading (ETHUSD) - bull tool blocked in fear/bear (F&G=32, 82% bullish)
10:34:44 | DEBUG    | Skipping ema_cross_short (ADAUSD) — short blocked (US Non-ECP margin restriction)
10:34:44 | DEBUG    | Skipping ema_cross_short (SOLUSD) — short blocked (US Non-ECP margin restriction)
10:34:44 | DEBUG    | Skipping ema_cross_short (ETHUSD) — short blocked (US Non-ECP margin restriction)
10:34:44 | DEBUG    | Skipping ema_cross_short (LTCUSD) — short blocked (US Non-ECP margin restriction)
10:34:44 | INFO     | Skipping simple_buy_uptrend (ADAUSD) - bull tool blocked in fear/bear (F&G=32, 82% bullish)
10:34:44 | DEBUG    | Skipping ema_cross_short (DOTUSD) — short blocked (US Non-ECP margin restriction)
10:34:44 | DEBUG    | Skipping ema_cross_short (BNBUSD) — short blocked (US Non-ECP margin restriction)
10:34:44 | DEBUG    | Skipping ema_cross_short (AVAXUSD) — short blocked (US Non-ECP margin restriction)
10:34:44 | DEBUG    | Skipping ema_cross_short (XRPUSD) — short blocked (US Non-ECP margin restriction)
10:34:44 | DEBUG    | Skipping ema_cross_short (ZECUSD) — short blocked (US Non-ECP margin restriction)
10:34:44 | DEBUG    | Skipping ema_cross_short (LINKUSD) — short blocked (US Non-ECP margin restriction)
10:34:44 | INFO     | Skipping simple_buy_uptrend (LTCUSD) - bull tool blocked in fear/bear (F&G=32, 82% bullish)
10:34:44 | INFO     | [2026-04-22 10:34:44] CYCLE #4981 | F&G: 32 (Neutral) | Allocation: Grid 0% / Active 100%
10:34:44 | INFO     | Balance: $342.31 (start: $300.00, +14.1%) | Grid: $0.00 | Active: $274.21
10:34:44 | INFO     | Grid: 0 positions across 40 pairs | 0 round trips | $0.00 profit
10:34:44 | INFO     | Active: 1/8 positions open
10:34:44 | INFO     |   → HYPEUSD long +2.8% (btc_alt_spread, 21.8h held)
10:34:44 | INFO     | Signals this cycle: crash_neg_ac RAVEUSD (score 42.5), ema_cross_short HYPEUSD (score 23.1), buy_btc_leading ZECUSD (score 21.7)
10:34:44 | INFO     | MTF: 18% bearish 4h, 82% bullish 4h | Avg 4h RSI: 62.9
10:34:44 | INFO     | Tool streaks: entropy_dip L5
10:34:44 | INFO     | Cycle took 10.7s, sleeping 289.3s
10:34:44 | INFO     | ════════════════════════════════════════════════════════════════════════════════
10:39:05 | INFO     | 💰 VOLUME SPIKE: FILUSD 5.0x normal volume
10:39:14 | INFO     | 🔌 Real-time event during sleep! Processing...
10:39:22 | INFO     | 💰 VOLUME SPIKE: NEARUSD 3.6x normal volume
10:39:24 | INFO     | 🔌 Real-time event during sleep! Processing...
10:39:34 | INFO     | ════════════════════════════════════════════════════════════════════════════════
10:39:45 | INFO     | 💰 Kraken account balance: $342.16
10:39:45 | INFO     | [MARKET BEAR] defensive cash mode — short_pairs=15, short_signals=23, top3=19.7, dominance=1.14, active_allocation=65%
10:39:45 | INFO     | [STACK] LTCUSD short: 2 tools (ema_cross_short+distribution_short) → score 5.1 × 1.3 = 6.6
10:39:45 | INFO     | [STACK] JITOSOLUSD short: 2 tools (ema_cross_short+entropy_short) → score 6.4 × 1.3 = 8.3
10:39:45 | INFO     | [STACK] ADAUSD short: 2 tools (ema_cross_short+entropy_short) → score 5.3 × 1.3 = 6.9
10:39:45 | INFO     | [STACK] XBTUSD short: 2 tools (ema_cross_short+entropy_short) → score 6.8 × 1.3 = 8.9
10:39:45 | INFO     | [STACK] TAOUSD short: 3 tools (falling_wedge_short+distribution_short+ema_cross_short) → score 5.4 × 1.6 = 8.6
10:39:45 | INFO     | [STACK] LINKUSD long: 2 tools (buy_btc_leading+simple_buy_uptrend) → score 5.9 × 1.3 = 7.7
10:39:45 | INFO     | [STACK] AVAXUSD short: 2 tools (ema_cross_short+distribution_short) → score 4.7 × 1.3 = 6.2
10:39:45 | INFO     | [STACK] DOTUSD short: 2 tools (ema_cross_short+distribution_short) → score 5.0 × 1.3 = 6.4
10:39:45 | DEBUG    | Skipping falling_wedge_short (XMRUSD) — short blocked (US Non-ECP margin restriction)
10:39:45 | INFO     | [BLACKLIST] RAVEUSD in mandatory cooldown (0.3h hard, 0.3h total) — skipping flash_crash
10:39:45 | INFO     | Skipping buy_btc_leading (ZECUSD) - bull tool blocked in fear/bear (F&G=32, 82% bullish)
10:39:45 | INFO     | Skipping simple_buy_uptrend (DOTUSD) - bull tool blocked in fear/bear (F&G=32, 82% bullish)
10:39:45 | INFO     | [BEARISH OVERLAY] simple_buy_uptrend XMRUSD blocked — falling_wedge_short short score 29.5 active
10:39:45 | INFO     | Skipping buy_btc_leading (TAOUSD) - bull tool blocked in fear/bear (F&G=32, 82% bullish)
10:39:45 | DEBUG    | Skipping ema_cross_short (XBTUSD) — short blocked (US Non-ECP margin restriction)
10:39:45 | DEBUG    | Skipping falling_wedge_short (TAOUSD) — short blocked (US Non-ECP margin restriction)
10:39:45 | INFO     | Skipping buy_btc_leading (AVAXUSD) - bull tool blocked in fear/bear (F&G=32, 82% bullish)
10:39:45 | DEBUG    | Skipping ema_cross_short (JITOSOLUSD) — short blocked (US Non-ECP margin restriction)
10:39:45 | INFO     | Skipping buy_btc_leading (LINKUSD) - bull tool blocked in fear/bear (F&G=32, 82% bullish)
10:39:45 | INFO     | Skipping simple_buy_uptrend (XRPUSD) - bull tool blocked in fear/bear (F&G=32, 82% bullish)
10:39:45 | DEBUG    | Skipping ema_cross_short (ADAUSD) — short blocked (US Non-ECP margin restriction)
10:39:45 | DEBUG    | Skipping ema_cross_short (ETHUSD) — short blocked (US Non-ECP margin restriction)
10:39:45 | DEBUG    | Skipping ema_cross_short (SOLUSD) — short blocked (US Non-ECP margin restriction)
10:39:45 | DEBUG    | Skipping ema_cross_short (LTCUSD) — short blocked (US Non-ECP margin restriction)
10:39:45 | INFO     | Skipping simple_buy_uptrend (ADAUSD) - bull tool blocked in fear/bear (F&G=32, 82% bullish)
10:39:45 | DEBUG    | Skipping ema_cross_short (DOTUSD) — short blocked (US Non-ECP margin restriction)
10:39:45 | DEBUG    | Skipping ema_cross_short (BNBUSD) — short blocked (US Non-ECP margin restriction)
10:39:45 | DEBUG    | Skipping ema_cross_short (AVAXUSD) — short blocked (US Non-ECP margin restriction)
10:39:45 | DEBUG    | Skipping ema_cross_short (XRPUSD) — short blocked (US Non-ECP margin restriction)
10:39:45 | DEBUG    | Skipping ema_cross_short (LINKUSD) — short blocked (US Non-ECP margin restriction)
10:39:45 | DEBUG    | Skipping ema_cross_short (ZECUSD) — short blocked (US Non-ECP margin restriction)
10:39:45 | INFO     | Skipping simple_buy_uptrend (LTCUSD) - bull tool blocked in fear/bear (F&G=32, 82% bullish)
10:39:45 | INFO     | [2026-04-22 10:39:45] CYCLE #4982 | F&G: 32 (Neutral) | Allocation: Grid 0% / Active 65%
10:39:45 | INFO     | Balance: $342.16 (start: $300.00, +14.1%) | Grid: $0.00 | Active: $154.30
10:39:45 | INFO     | Grid: 0 positions across 40 pairs | 0 round trips | $0.00 profit
10:39:45 | INFO     | Active: 1/8 positions open
10:39:45 | INFO     |   → HYPEUSD long +2.6% (btc_alt_spread, 21.9h held)
10:39:45 | INFO     | Signals this cycle: falling_wedge_short XMRUSD (score 29.5), flash_crash RAVEUSD (score 28.2), ema_cross_short HYPEUSD (score 22.6)
10:39:45 | INFO     | MTF: 18% bearish 4h, 82% bullish 4h | Avg 4h RSI: 62.9
10:39:45 | INFO     | Tool streaks: entropy_dip L5
10:39:45 | INFO     | Cycle took 11.7s, sleeping 288.3s
10:39:45 | INFO     | ════════════════════════════════════════════════════════════════════════════════
10:40:54 | INFO     | 💰 VOLUME SPIKE: ETHUSD 3.0x normal volume
10:40:54 | INFO     | 💰 VOLUME SPIKE: UNIUSD 5.0x normal volume
10:40:55 | INFO     | 🔌 Real-time event during sleep! Processing...
10:43:29 | INFO     | 💰 VOLUME SPIKE: XLMUSD 3.9x normal volume
10:43:29 | INFO     | 💰 VOLUME SPIKE: AVAXUSD 4.7x normal volume
10:43:35 | INFO     | 🔌 Real-time event during sleep! Processing...
10:44:26 | INFO     | 💰 VOLUME SPIKE: ATOMUSD 3.9x normal volume
10:44:34 | INFO     | 🔌 Real-time event during sleep! Processing...
10:44:34 | INFO     | ════════════════════════════════════════════════════════════════════════════════
10:44:45 | INFO     | 💰 Kraken account balance: $342.12
10:44:45 | INFO     | [MARKET BEAR] cautious cash mode — short_pairs=14, short_signals=19, top3=19.6, dominance=0.96, active_allocation=85%
10:44:45 | INFO     | [STACK] JITOSOLUSD short: 2 tools (ema_cross_short+entropy_short) → score 6.4 × 1.3 = 8.3
10:44:45 | INFO     | [STACK] ADAUSD short: 2 tools (ema_cross_short+entropy_short) → score 5.2 × 1.3 = 6.7
10:44:45 | INFO     | [STACK] XBTUSD short: 2 tools (ema_cross_short+entropy_short) → score 6.7 × 1.3 = 8.7
10:44:45 | INFO     | [STACK] LINKUSD long: 2 tools (buy_btc_leading+simple_buy_uptrend) → score 5.8 × 1.3 = 7.5
10:44:45 | INFO     | [STACK] AVAXUSD short: 2 tools (ema_cross_short+distribution_short) → score 4.6 × 1.3 = 6.0
10:44:45 | INFO     | [STACK] DOTUSD short: 2 tools (ema_cross_short+distribution_short) → score 4.9 × 1.3 = 6.4
10:44:45 | DEBUG    | Skipping falling_wedge_short (XMRUSD) — short blocked (US Non-ECP margin restriction)
10:44:45 | INFO     | [BLACKLIST] RAVEUSD in mandatory cooldown (0.3h hard, 0.3h total) — skipping flash_crash
10:44:45 | INFO     | Skipping buy_btc_leading (ZECUSD) - bull tool blocked in fear/bear (F&G=32, 82% bullish)
10:44:45 | INFO     | Skipping simple_buy_uptrend (DOTUSD) - bull tool blocked in fear/bear (F&G=32, 82% bullish)
10:44:45 | INFO     | [BEARISH OVERLAY] simple_buy_uptrend XMRUSD blocked — falling_wedge_short short score 29.5 active
10:44:45 | DEBUG    | Skipping ema_cross_short (XBTUSD) — short blocked (US Non-ECP margin restriction)
10:44:45 | INFO     | Skipping buy_btc_leading (AVAXUSD) - bull tool blocked in fear/bear (F&G=32, 82% bullish)
10:44:45 | DEBUG    | Skipping ema_cross_short (JITOSOLUSD) — short blocked (US Non-ECP margin restriction)
10:44:45 | INFO     | Skipping buy_btc_leading (LINKUSD) - bull tool blocked in fear/bear (F&G=32, 82% bullish)
10:44:45 | INFO     | Skipping simple_buy_uptrend (XRPUSD) - bull tool blocked in fear/bear (F&G=32, 82% bullish)
10:44:45 | INFO     | Skipping buy_btc_leading (ETHUSD) - bull tool blocked in fear/bear (F&G=32, 82% bullish)
10:44:45 | INFO     | Skipping simple_buy_uptrend (SOLUSD) - bull tool blocked in fear/bear (F&G=32, 82% bullish)
10:44:45 | DEBUG    | Skipping ema_cross_short (ADAUSD) — short blocked (US Non-ECP margin restriction)
10:44:45 | DEBUG    | Skipping ema_cross_short (SOLUSD) — short blocked (US Non-ECP margin restriction)
10:44:45 | DEBUG    | Skipping ema_cross_short (ETHUSD) — short blocked (US Non-ECP margin restriction)
10:44:45 | DEBUG    | Skipping ema_cross_short (DOTUSD) — short blocked (US Non-ECP margin restriction)
10:44:45 | INFO     | Skipping simple_buy_uptrend (ADAUSD) - bull tool blocked in fear/bear (F&G=32, 82% bullish)
10:44:45 | DEBUG    | Skipping ema_cross_short (BNBUSD) — short blocked (US Non-ECP margin restriction)
10:44:45 | DEBUG    | Skipping ema_cross_short (AVAXUSD) — short blocked (US Non-ECP margin restriction)
10:44:46 | DEBUG    | Skipping ema_cross_short (XRPUSD) — short blocked (US Non-ECP margin restriction)
10:44:46 | DEBUG    | Skipping ema_cross_short (LTCUSD) — short blocked (US Non-ECP margin restriction)
10:44:46 | DEBUG    | Skipping ema_cross_short (ZECUSD) — short blocked (US Non-ECP margin restriction)
10:44:46 | DEBUG    | Skipping ema_cross_short (LINKUSD) — short blocked (US Non-ECP margin restriction)
10:44:46 | INFO     | Skipping simple_buy_uptrend (LTCUSD) - bull tool blocked in fear/bear (F&G=32, 82% bullish)
10:44:46 | INFO     | [2026-04-22 10:44:46] CYCLE #4983 | F&G: 32 (Neutral) | Allocation: Grid 0% / Active 85%
10:44:46 | INFO     | Balance: $342.12 (start: $300.00, +14.0%) | Grid: $0.00 | Active: $222.70
10:44:46 | INFO     | Grid: 0 positions across 40 pairs | 0 round trips | $0.00 profit
10:44:46 | INFO     | Active: 1/8 positions open
10:44:46 | INFO     |   → HYPEUSD long +2.6% (btc_alt_spread, 21.9h held)
10:44:46 | INFO     | Signals this cycle: falling_wedge_short XMRUSD (score 29.5), flash_crash RAVEUSD (score 29.1), ema_cross_short HYPEUSD (score 22.5)
10:44:46 | INFO     | MTF: 18% bearish 4h, 82% bullish 4h | Avg 4h RSI: 61.9
10:44:46 | INFO     | Tool streaks: entropy_dip L5
10:44:46 | INFO     | Cycle took 11.8s, sleeping 288.2s
10:44:46 | INFO     | ════════════════════════════════════════════════════════════════════════════════
10:45:58 | INFO     | 💰 VOLUME SPIKE: SOLUSD 3.3x normal volume
10:46:06 | INFO     | 🔌 Real-time event during sleep! Processing...
10:46:18 | INFO     | 💰 VOLUME SPIKE: ADAUSD 4.9x normal volume
10:46:26 | INFO     | 🔌 Real-time event during sleep! Processing...
10:47:36 | INFO     | 💰 VOLUME SPIKE: AAVEUSD 3.2x normal volume
10:47:46 | INFO     | 🔌 Real-time event during sleep! Processing...
10:48:43 | INFO     | 💰 VOLUME SPIKE: LINKUSD 4.1x normal volume
10:48:46 | INFO     | 🔌 Real-time event during sleep! Processing...
10:49:34 | INFO     | ════════════════════════════════════════════════════════════════════════════════
10:49:37 | INFO     | 💰 VOLUME SPIKE: DOTUSD 3.6x normal volume
10:49:47 | INFO     | 💰 Kraken account balance: $342.60
10:49:47 | INFO     | [MARKET BEAR] defensive cash mode — short_pairs=15, short_signals=23, top3=24.1, dominance=1.18, active_allocation=65%
10:49:47 | INFO     | [STACK] JITOSOLUSD short: 2 tools (ema_cross_short+entropy_short) → score 6.4 × 1.3 = 8.3
10:49:47 | INFO     | [STACK] ADAUSD short: 2 tools (ema_cross_short+entropy_short) → score 5.3 × 1.3 = 6.9
10:49:47 | INFO     | [STACK] XBTUSD short: 2 tools (ema_cross_short+entropy_short) → score 6.8 × 1.3 = 8.9
10:49:47 | INFO     | [STACK] TAOUSD short: 3 tools (falling_wedge_short+distribution_short+ema_cross_short) → score 18.6 × 1.6 = 29.8
10:49:47 | INFO     | [STACK] LINKUSD long: 2 tools (buy_btc_leading+simple_buy_uptrend) → score 6.0 × 1.3 = 7.8
10:49:47 | INFO     | [STACK] AVAXUSD short: 2 tools (ema_cross_short+distribution_short) → score 4.7 × 1.3 = 6.1
10:49:47 | INFO     | [STACK] DOTUSD short: 2 tools (ema_cross_short+distribution_short) → score 4.9 × 1.3 = 6.4
10:49:47 | INFO     | [STACK] ETHUSD short: 2 tools (ema_cross_short+entropy_short) → score 6.7 × 1.3 = 8.8
10:49:47 | DEBUG    | Skipping falling_wedge_short (TAOUSD) — short blocked (US Non-ECP margin restriction)
10:49:47 | DEBUG    | Skipping falling_wedge_short (XMRUSD) — short blocked (US Non-ECP margin restriction)
10:49:47 | INFO     | [BLACKLIST] RAVEUSD in mandatory cooldown (0.2h hard, 0.2h total) — skipping flash_crash
10:49:47 | INFO     | Skipping buy_btc_leading (ZECUSD) - bull tool blocked in fear/bear (F&G=32, 82% bullish)
10:49:47 | INFO     | Skipping simple_buy_uptrend (DOTUSD) - bull tool blocked in fear/bear (F&G=32, 82% bullish)
10:49:47 | INFO     | [BEARISH OVERLAY] simple_buy_uptrend XMRUSD blocked — falling_wedge_short short score 29.5 active
10:49:47 | INFO     | [BEARISH OVERLAY] buy_btc_leading TAOUSD blocked — falling_wedge_short short score 26.1 active
10:49:47 | DEBUG    | Skipping ema_cross_short (XBTUSD) — short blocked (US Non-ECP margin restriction)
10:49:47 | DEBUG    | Skipping ema_cross_short (ETHUSD) — short blocked (US Non-ECP margin restriction)
10:49:47 | INFO     | Skipping buy_btc_leading (AVAXUSD) - bull tool blocked in fear/bear (F&G=32, 82% bullish)
10:49:47 | DEBUG    | Skipping ema_cross_short (JITOSOLUSD) — short blocked (US Non-ECP margin restriction)
10:49:47 | INFO     | Skipping buy_btc_leading (LINKUSD) - bull tool blocked in fear/bear (F&G=32, 82% bullish)
10:49:47 | INFO     | Skipping simple_buy_uptrend (XRPUSD) - bull tool blocked in fear/bear (F&G=32, 82% bullish)
10:49:47 | INFO     | Skipping buy_btc_leading (ETHUSD) - bull tool blocked in fear/bear (F&G=32, 82% bullish)
10:49:47 | DEBUG    | Skipping ema_cross_short (ADAUSD) — short blocked (US Non-ECP margin restriction)
10:49:47 | DEBUG    | Skipping ema_cross_short (SOLUSD) — short blocked (US Non-ECP margin restriction)
10:49:47 | INFO     | Skipping simple_buy_uptrend (ADAUSD) - bull tool blocked in fear/bear (F&G=32, 82% bullish)
10:49:47 | DEBUG    | Skipping ema_cross_short (BNBUSD) — short blocked (US Non-ECP margin restriction)
10:49:47 | DEBUG    | Skipping ema_cross_short (DOTUSD) — short blocked (US Non-ECP margin restriction)
10:49:47 | DEBUG    | Skipping ema_cross_short (AVAXUSD) — short blocked (US Non-ECP margin restriction)
10:49:47 | DEBUG    | Skipping ema_cross_short (XRPUSD) — short blocked (US Non-ECP margin restriction)
10:49:47 | DEBUG    | Skipping ema_cross_short (LTCUSD) — short blocked (US Non-ECP margin restriction)
10:49:47 | DEBUG    | Skipping ema_cross_short (ZECUSD) — short blocked (US Non-ECP margin restriction)
10:49:47 | DEBUG    | Skipping ema_cross_short (LINKUSD) — short blocked (US Non-ECP margin restriction)
10:49:47 | INFO     | Skipping simple_buy_uptrend (LTCUSD) - bull tool blocked in fear/bear (F&G=32, 82% bullish)
10:49:47 | INFO     | [2026-04-22 10:49:47] CYCLE #4984 | F&G: 32 (Neutral) | Allocation: Grid 0% / Active 65%
10:49:47 | INFO     | Balance: $342.60 (start: $300.00, +14.2%) | Grid: $0.00 | Active: $154.59
10:49:47 | INFO     | Grid: 0 positions across 40 pairs | 0 round trips | $0.00 profit
10:49:47 | INFO     | Active: 1/8 positions open
10:49:47 | INFO     |   → HYPEUSD long +3.3% (btc_alt_spread, 22.0h held)
10:49:47 | INFO     | Signals this cycle: falling_wedge_short TAOUSD (score 29.8), falling_wedge_short XMRUSD (score 29.5), flash_crash RAVEUSD (score 29.0)
10:49:47 | INFO     | MTF: 18% bearish 4h, 82% bullish 4h | Avg 4h RSI: 63.0
10:49:47 | INFO     | Tool streaks: entropy_dip L5
10:49:47 | INFO     | Cycle took 13.0s, sleeping 287.0s
10:49:47 | INFO     | ════════════════════════════════════════════════════════════════════════════════
10:49:57 | INFO     | 🔌 Real-time event during sleep! Processing...
10:50:05 | INFO     | 💰 VOLUME SPIKE: XBTUSD 3.0x normal volume
10:50:07 | INFO     | 🔌 Real-time event during sleep! Processing...
10:52:11 | INFO     | 💰 VOLUME SPIKE: FILUSD 3.4x normal volume
10:52:17 | INFO     | 🔌 Real-time event during sleep! Processing...
10:53:33 | INFO     | 💰 VOLUME SPIKE: NEARUSD 5.0x normal volume
10:53:37 | INFO     | 🔌 Real-time event during sleep! Processing...
10:54:34 | INFO     | ════════════════════════════════════════════════════════════════════════════════
10:54:45 | INFO     | 💰 Kraken account balance: $342.43
10:54:45 | INFO     | [MARKET BEAR] cautious cash mode — short_pairs=15, short_signals=21, top3=23.9, dominance=1.09, active_allocation=85%
10:54:45 | INFO     | [STACK] JITOSOLUSD short: 2 tools (ema_cross_short+entropy_short) → score 6.4 × 1.3 = 8.3
10:54:45 | INFO     | [STACK] ADAUSD short: 2 tools (ema_cross_short+entropy_short) → score 5.5 × 1.3 = 7.1
10:54:45 | INFO     | [STACK] XBTUSD short: 2 tools (ema_cross_short+entropy_short) → score 6.9 × 1.3 = 9.0
10:54:45 | INFO     | [STACK] TAOUSD short: 2 tools (falling_wedge_short+ema_cross_short) → score 18.6 × 1.3 = 24.2
10:54:45 | INFO     | [STACK] LINKUSD long: 2 tools (buy_btc_leading+simple_buy_uptrend) → score 6.0 × 1.3 = 7.8
10:54:45 | INFO     | [STACK] AVAXUSD short: 2 tools (ema_cross_short+distribution_short) → score 4.7 × 1.3 = 6.2
10:54:45 | INFO     | [STACK] DOTUSD short: 2 tools (ema_cross_short+distribution_short) → score 5.0 × 1.3 = 6.5
10:54:45 | DEBUG    | Skipping falling_wedge_short (XMRUSD) — short blocked (US Non-ECP margin restriction)
10:54:45 | INFO     | [BLACKLIST] RAVEUSD in mandatory cooldown (0.1h hard, 0.1h total) — skipping flash_crash
10:54:45 | DEBUG    | Skipping falling_wedge_short (TAOUSD) — short blocked (US Non-ECP margin restriction)
10:54:45 | INFO     | Skipping buy_btc_leading (ZECUSD) - bull tool blocked in fear/bear (F&G=32, 82% bullish)
10:54:45 | INFO     | Skipping simple_buy_uptrend (DOTUSD) - bull tool blocked in fear/bear (F&G=32, 82% bullish)
10:54:45 | INFO     | [BEARISH OVERLAY] simple_buy_uptrend XMRUSD blocked — falling_wedge_short short score 29.5 active
10:54:45 | INFO     | [BEARISH OVERLAY] buy_btc_leading TAOUSD blocked — falling_wedge_short short score 22.4 active
10:54:45 | DEBUG    | Skipping ema_cross_short (XBTUSD) — short blocked (US Non-ECP margin restriction)
10:54:45 | INFO     | Skipping buy_btc_leading (AVAXUSD) - bull tool blocked in fear/bear (F&G=32, 82% bullish)
10:54:45 | DEBUG    | Skipping ema_cross_short (JITOSOLUSD) — short blocked (US Non-ECP margin restriction)
10:54:45 | INFO     | Skipping buy_btc_leading (LINKUSD) - bull tool blocked in fear/bear (F&G=32, 82% bullish)
10:54:45 | INFO     | Skipping simple_buy_uptrend (XRPUSD) - bull tool blocked in fear/bear (F&G=32, 82% bullish)
10:54:45 | INFO     | Skipping buy_btc_leading (ETHUSD) - bull tool blocked in fear/bear (F&G=32, 82% bullish)
10:54:45 | INFO     | Skipping simple_buy_uptrend (SOLUSD) - bull tool blocked in fear/bear (F&G=32, 82% bullish)
10:54:45 | DEBUG    | Skipping ema_cross_short (ADAUSD) — short blocked (US Non-ECP margin restriction)
10:54:45 | INFO     | Skipping simple_buy_uptrend (ADAUSD) - bull tool blocked in fear/bear (F&G=32, 82% bullish)
10:54:45 | DEBUG    | Skipping ema_cross_short (ETHUSD) — short blocked (US Non-ECP margin restriction)
10:54:45 | DEBUG    | Skipping ema_cross_short (SOLUSD) — short blocked (US Non-ECP margin restriction)
10:54:45 | DEBUG    | Skipping ema_cross_short (DOTUSD) — short blocked (US Non-ECP margin restriction)
10:54:45 | DEBUG    | Skipping ema_cross_short (BNBUSD) — short blocked (US Non-ECP margin restriction)
10:54:45 | DEBUG    | Skipping ema_cross_short (AVAXUSD) — short blocked (US Non-ECP margin restriction)
10:54:45 | DEBUG    | Skipping ema_cross_short (XRPUSD) — short blocked (US Non-ECP margin restriction)
10:54:45 | DEBUG    | Skipping ema_cross_short (LTCUSD) — short blocked (US Non-ECP margin restriction)
10:54:45 | DEBUG    | Skipping ema_cross_short (ZECUSD) — short blocked (US Non-ECP margin restriction)
10:54:45 | DEBUG    | Skipping ema_cross_short (LINKUSD) — short blocked (US Non-ECP margin restriction)
10:54:45 | INFO     | [MARKET BEAR] btc_alt_spread ZEURZUSD blocked — cautious cash mode score 0.6 < 12.0
10:54:45 | INFO     | [2026-04-22 10:54:45] CYCLE #4985 | F&G: 32 (Neutral) | Allocation: Grid 0% / Active 85%
10:54:45 | INFO     | Balance: $342.43 (start: $300.00, +14.1%) | Grid: $0.00 | Active: $222.97
10:54:45 | INFO     | Grid: 0 positions across 40 pairs | 0 round trips | $0.00 profit
10:54:45 | INFO     | Active: 1/8 positions open
10:54:45 | INFO     |   → HYPEUSD long +3.0% (btc_alt_spread, 22.1h held)
10:54:45 | INFO     | Signals this cycle: falling_wedge_short XMRUSD (score 29.5), flash_crash RAVEUSD (score 28.6), falling_wedge_short TAOUSD (score 24.2)
10:54:45 | INFO     | MTF: 18% bearish 4h, 82% bullish 4h | Avg 4h RSI: 63.3
10:54:45 | INFO     | Tool streaks: entropy_dip L5
10:54:45 | INFO     | Cycle took 10.5s, sleeping 289.5s
10:54:45 | INFO     | ════════════════════════════════════════════════════════════════════════════════
10:56:40 | INFO     | 💰 VOLUME SPIKE: ADAUSD 4.3x normal volume
10:56:45 | INFO     | 🔌 Real-time event during sleep! Processing...
10:57:33 | INFO     | 💰 VOLUME SPIKE: ETHUSD 3.1x normal volume
10:57:35 | INFO     | 🔌 Real-time event during sleep! Processing...
10:58:22 | INFO     | 💰 VOLUME SPIKE: AAVEUSD 4.7x normal volume
10:58:25 | INFO     | 🔌 Real-time event during sleep! Processing...
10:58:44 | INFO     | 💰 VOLUME SPIKE: AVAXUSD 4.8x normal volume
10:58:45 | INFO     | 🔌 Real-time event during sleep! Processing...
10:59:22 | INFO     | 💰 VOLUME SPIKE: XLMUSD 3.4x normal volume
10:59:25 | INFO     | 🔌 Real-time event during sleep! Processing...
10:59:34 | INFO     | ════════════════════════════════════════════════════════════════════════════════
10:59:48 | INFO     | 💰 Kraken account balance: $342.47
10:59:48 | INFO     | [MARKET BEAR] defensive cash mode — short_pairs=15, short_signals=21, top3=23.9, dominance=1.21, active_allocation=65%
10:59:48 | INFO     | [STACK] JITOSOLUSD short: 2 tools (ema_cross_short+entropy_short) → score 6.4 × 1.3 = 8.3
10:59:48 | INFO     | [STACK] ADAUSD short: 2 tools (ema_cross_short+entropy_short) → score 5.5 × 1.3 = 7.1
10:59:48 | INFO     | [STACK] XBTUSD short: 2 tools (ema_cross_short+entropy_short) → score 7.0 × 1.3 = 9.1
10:59:48 | INFO     | [STACK] TAOUSD short: 2 tools (falling_wedge_short+ema_cross_short) → score 18.6 × 1.3 = 24.2
10:59:48 | INFO     | [STACK] LINKUSD long: 2 tools (buy_btc_leading+simple_buy_uptrend) → score 6.1 × 1.3 = 7.9
10:59:48 | INFO     | [STACK] AVAXUSD short: 2 tools (ema_cross_short+distribution_short) → score 4.9 × 1.3 = 6.4
10:59:48 | INFO     | [STACK] DOTUSD short: 2 tools (ema_cross_short+distribution_short) → score 5.0 × 1.3 = 6.5
10:59:48 | DEBUG    | Skipping falling_wedge_short (XMRUSD) — short blocked (US Non-ECP margin restriction)
10:59:48 | INFO     | [BLACKLIST] RAVEUSD in mandatory cooldown (0.0h hard, 0.0h total) — skipping flash_crash
10:59:48 | DEBUG    | Skipping falling_wedge_short (TAOUSD) — short blocked (US Non-ECP margin restriction)
10:59:48 | INFO     | Skipping buy_btc_leading (ZECUSD) - bull tool blocked in fear/bear (F&G=32, 82% bullish)
10:59:48 | INFO     | Skipping simple_buy_uptrend (DOTUSD) - bull tool blocked in fear/bear (F&G=32, 82% bullish)
10:59:48 | INFO     | [BEARISH OVERLAY] simple_buy_uptrend XMRUSD blocked — falling_wedge_short short score 29.5 active
10:59:48 | INFO     | [BEARISH OVERLAY] buy_btc_leading TAOUSD blocked — falling_wedge_short short score 22.4 active
10:59:48 | DEBUG    | Skipping ema_cross_short (XBTUSD) — short blocked (US Non-ECP margin restriction)
10:59:48 | INFO     | Skipping buy_btc_leading (AVAXUSD) - bull tool blocked in fear/bear (F&G=32, 82% bullish)
10:59:48 | DEBUG    | Skipping ema_cross_short (JITOSOLUSD) — short blocked (US Non-ECP margin restriction)
10:59:48 | INFO     | Skipping simple_buy_uptrend (XRPUSD) - bull tool blocked in fear/bear (F&G=32, 82% bullish)
10:59:48 | INFO     | Skipping buy_btc_leading (LINKUSD) - bull tool blocked in fear/bear (F&G=32, 82% bullish)
10:59:48 | DEBUG    | Skipping ema_cross_short (ADAUSD) — short blocked (US Non-ECP margin restriction)
10:59:48 | INFO     | Skipping simple_buy_uptrend (ADAUSD) - bull tool blocked in fear/bear (F&G=32, 82% bullish)
10:59:48 | DEBUG    | Skipping ema_cross_short (ETHUSD) — short blocked (US Non-ECP margin restriction)
10:59:48 | DEBUG    | Skipping ema_cross_short (SOLUSD) — short blocked (US Non-ECP margin restriction)
10:59:48 | DEBUG    | Skipping ema_cross_short (BNBUSD) — short blocked (US Non-ECP margin restriction)
10:59:48 | DEBUG    | Skipping ema_cross_short (DOTUSD) — short blocked (US Non-ECP margin restriction)
10:59:48 | DEBUG    | Skipping ema_cross_short (AVAXUSD) — short blocked (US Non-ECP margin restriction)
10:59:48 | DEBUG    | Skipping ema_cross_short (XRPUSD) — short blocked (US Non-ECP margin restriction)
10:59:48 | DEBUG    | Skipping ema_cross_short (LTCUSD) — short blocked (US Non-ECP margin restriction)
10:59:48 | DEBUG    | Skipping ema_cross_short (ZECUSD) — short blocked (US Non-ECP margin restriction)
10:59:48 | DEBUG    | Skipping ema_cross_short (LINKUSD) — short blocked (US Non-ECP margin restriction)
10:59:48 | INFO     | [MARKET BEAR] btc_alt_spread ZEURZUSD blocked — defensive cash mode score 1.9 < 15.0
10:59:48 | INFO     | [2026-04-22 10:59:48] CYCLE #4986 | F&G: 32 (Neutral) | Allocation: Grid 0% / Active 65%
10:59:48 | INFO     | Balance: $342.47 (start: $300.00, +14.2%) | Grid: $0.00 | Active: $154.50
10:59:48 | INFO     | Grid: 0 positions across 40 pairs | 0 round trips | $0.00 profit
10:59:48 | INFO     | Active: 1/8 positions open
10:59:48 | INFO     |   → HYPEUSD long +3.0% (btc_alt_spread, 22.2h held)
10:59:48 | INFO     | Signals this cycle: falling_wedge_short XMRUSD (score 29.5), flash_crash RAVEUSD (score 29.0), falling_wedge_short TAOUSD (score 24.2)
10:59:48 | INFO     | MTF: 18% bearish 4h, 82% bullish 4h | Avg 4h RSI: 63.9
10:59:48 | INFO     | Tool streaks: entropy_dip L5
10:59:48 | INFO     | Cycle took 13.5s, sleeping 286.5s
10:59:48 | INFO     | ════════════════════════════════════════════════════════════════════════════════
11:00:14 | INFO     | 💰 VOLUME SPIKE: LTCUSD 3.1x normal volume
11:00:18 | INFO     | 🔌 Real-time event during sleep! Processing...
11:00:45 | INFO     | 💰 VOLUME SPIKE: SOLUSD 3.9x normal volume
11:00:48 | INFO     | 🔌 Real-time event during sleep! Processing...
11:03:39 | INFO     | 💰 VOLUME SPIKE: XRPUSD 3.1x normal volume
11:03:48 | INFO     | 🔌 Real-time event during sleep! Processing...
11:03:50 | INFO     | 💰 VOLUME SPIKE: ATOMUSD 5.0x normal volume
11:03:58 | INFO     | 🔌 Real-time event during sleep! Processing...
11:04:35 | INFO     | ════════════════════════════════════════════════════════════════════════════════
11:04:46 | INFO     | 💰 Kraken account balance: $342.29
11:04:46 | INFO     | [MARKET BEAR] normal — short_pairs=14, short_signals=21, top3=11.8, dominance=0.72, active_allocation=100%
11:04:46 | INFO     | [STACK] LTCUSD long: 2 tools (buy_btc_leading+simple_buy_uptrend) → score 7.5 × 1.3 = 9.7
11:04:46 | INFO     | [STACK] JITOSOLUSD short: 2 tools (ema_cross_short+entropy_short) → score 6.1 × 1.3 = 8.0
11:04:46 | INFO     | [STACK] BNBUSD short: 2 tools (ema_cross_short+entropy_short) → score 6.5 × 1.3 = 8.5
11:04:46 | INFO     | [STACK] ADAUSD short: 2 tools (ema_cross_short+entropy_short) → score 5.2 × 1.3 = 6.7
11:04:46 | INFO     | [STACK] XBTUSD short: 2 tools (ema_cross_short+entropy_short) → score 7.0 × 1.3 = 9.0
11:04:46 | INFO     | [STACK] TAOUSD short: 2 tools (falling_wedge_short+ema_cross_short) → score 4.4 × 1.3 = 5.7
11:04:46 | INFO     | [STACK] LINKUSD long: 2 tools (buy_btc_leading+simple_buy_uptrend) → score 6.6 × 1.3 = 8.5
11:04:46 | INFO     | [STACK] DOTUSD short: 2 tools (ema_cross_short+distribution_short) → score 4.7 × 1.3 = 6.0
11:04:46 | INFO     | [STACK] XRPUSD short: 2 tools (ema_cross_short+entropy_short) → score 5.1 × 1.3 = 6.7
11:04:46 | INFO     | Skipping buy_btc_leading (ZECUSD) - bull tool blocked in fear/bear (F&G=32, 82% bullish)
11:04:46 | DEBUG    | Kelly sizing for flash_crash: WR=55%, payoff=1.7, kelly_f=1.28
11:04:46 | INFO     | [SIZE CAP] RAVEUSD capped $401.10 → $68.46 (20% of $342.29)
11:04:56 | INFO     | Placing buy limit order: 58.44844 RAVEUSD @ 1.17126
11:04:56 | INFO     | Order placed: {'txid': ['O3BT6O-ZABSD-74QIN4'], 'descr': {'order': 'buy 58.448 RAVEUSD @ limit 1.17126'}}
11:04:56 | INFO     | Placing sell limit order: 29.22422 RAVEUSD @ 1.28839
11:04:56 | INFO     | Order placed: {'txid': ['ONQ6NH-ODWRJ-HXEQPQ'], 'descr': {'order': 'sell 29.224 RAVEUSD @ limit 1.28839'}}
11:04:56 | INFO     | [TP PLACED] RAVEUSD sell 29.2242 @ $1.2884 (10% TP)
11:04:56 | INFO     | [OPEN] RAVEUSD long LIMIT @ $1.1713 | Tool: flash_crash | Size: $68.46 | Score: 17.6 | SL: 7.0%
11:04:56 | INFO     | Skipping simple_buy_uptrend (DOTUSD) - bull tool blocked in fear/bear (F&G=32, 82% bullish)
11:04:56 | INFO     | Skipping simple_buy_uptrend (XMRUSD) - bull tool blocked in fear/bear (F&G=32, 82% bullish)
11:04:56 | INFO     | Skipping buy_btc_leading (AVAXUSD) - bull tool blocked in fear/bear (F&G=32, 82% bullish)
11:04:56 | INFO     | Skipping buy_btc_leading (LTCUSD) - bull tool blocked in fear/bear (F&G=32, 82% bullish)
11:04:56 | DEBUG    | Skipping ema_cross_short (XBTUSD) — short blocked (US Non-ECP margin restriction)
11:04:56 | INFO     | Skipping buy_btc_leading (LINKUSD) - bull tool blocked in fear/bear (F&G=32, 82% bullish)
11:04:56 | INFO     | Skipping buy_btc_leading (ETHUSD) - bull tool blocked in fear/bear (F&G=32, 82% bullish)
11:04:56 | DEBUG    | Skipping ema_cross_short (BNBUSD) — short blocked (US Non-ECP margin restriction)
11:04:56 | DEBUG    | Skipping ema_cross_short (JITOSOLUSD) — short blocked (US Non-ECP margin restriction)
11:04:56 | INFO     | Skipping simple_buy_uptrend (XRPUSD) - bull tool blocked in fear/bear (F&G=32, 82% bullish)
11:04:56 | DEBUG    | Skipping ema_cross_short (ADAUSD) — short blocked (US Non-ECP margin restriction)
11:04:56 | DEBUG    | Skipping ema_cross_short (XRPUSD) — short blocked (US Non-ECP margin restriction)
11:04:56 | DEBUG    | Skipping ema_cross_short (SOLUSD) — short blocked (US Non-ECP margin restriction)
11:04:56 | DEBUG    | Skipping ema_cross_short (ETHUSD) — short blocked (US Non-ECP margin restriction)
11:04:56 | INFO     | Skipping simple_buy_uptrend (SOLUSD) - bull tool blocked in fear/bear (F&G=32, 82% bullish)
11:04:56 | DEBUG    | Skipping ema_cross_short (DOTUSD) — short blocked (US Non-ECP margin restriction)
11:04:56 | DEBUG    | Skipping falling_wedge_short (TAOUSD) — short blocked (US Non-ECP margin restriction)
11:04:56 | INFO     | Skipping simple_buy_uptrend (ADAUSD) - bull tool blocked in fear/bear (F&G=32, 82% bullish)
11:04:56 | DEBUG    | Skipping ema_cross_short (LTCUSD) — short blocked (US Non-ECP margin restriction)
11:04:56 | DEBUG    | Skipping ema_cross_short (ZECUSD) — short blocked (US Non-ECP margin restriction)
11:04:56 | DEBUG    | Skipping ema_cross_short (AVAXUSD) — short blocked (US Non-ECP margin restriction)
11:04:56 | DEBUG    | Skipping ema_cross_short (LINKUSD) — short blocked (US Non-ECP margin restriction)
11:04:56 | DEBUG    | Kelly sizing for btc_alt_spread: WR=53%, payoff=0.1, kelly_f=0.50
11:04:56 | INFO     | [SIZE CAP] ZEURZUSD capped $205.73 → $68.46 (20% of $342.29)
11:05:05 | INFO     | 💰 VOLUME SPIKE: UNIUSD 4.1x normal volume
11:05:05 | INFO     | [META] btc_alt_spread ZEURZUSD pooled prob 0.47 → size x0.99
11:05:05 | INFO     | Placing buy limit order: 57.86593226 ZEURZUSD @ 1.17122
11:05:05 | WARNING  | Kraken API error (attempt 1/3): ['EAccount:Invalid permissions:EUR/USD trading restricted for US:FL.'] — retrying in 2s
11:05:08 | WARNING  | Kraken API error (attempt 2/3): ['EAccount:Invalid permissions:EUR/USD trading restricted for US:FL.'] — retrying in 4s
11:05:12 | ERROR    | Kraken API error after 3 attempts: ['EAccount:Invalid permissions:EUR/USD trading restricted for US:FL.']
11:05:12 | WARNING  | Order failed for ZEURZUSD — no order_id returned, aborting position
11:05:12 | INFO     | [2026-04-22 11:05:12] CYCLE #4987 | F&G: 32 (Neutral) | Allocation: Grid 0% / Active 100%
11:05:12 | INFO     | Balance: $342.29 (start: $300.00, +14.1%) | Grid: $0.00 | Active: $205.73
11:05:12 | INFO     | Grid: 0 positions across 40 pairs | 0 round trips | $0.00 profit
11:05:12 | INFO     | Active: 2/8 positions open
11:05:12 | INFO     |   → HYPEUSD long +2.8% (btc_alt_spread, 22.3h held)
11:05:12 | INFO     |   → RAVEUSD long -0.1% (flash_crash, 0.0h held)
11:05:12 | INFO     | Signals this cycle: buy_btc_leading ZECUSD (score 23.3), ema_cross_short HYPEUSD (score 21.8), flash_crash RAVEUSD (score 17.6)
11:05:12 | INFO     | MTF: 18% bearish 4h, 82% bullish 4h | Avg 4h RSI: 62.5
11:05:12 | INFO     | Tool streaks: entropy_dip L5
11:05:12 | INFO     | Cycle took 37.2s, sleeping 262.8s
11:05:12 | INFO     | ════════════════════════════════════════════════════════════════════════════════
11:05:22 | INFO     | 🔌 Real-time event during sleep! Processing...
11:08:30 | INFO     | 💰 VOLUME SPIKE: AAVEUSD 3.1x normal volume
11:08:32 | INFO     | 🔌 Real-time event during sleep! Processing...
11:09:35 | INFO     | ════════════════════════════════════════════════════════════════════════════════
11:09:47 | INFO     | 💰 VOLUME SPIKE: AVAXUSD 3.3x normal volume
11:09:53 | INFO     | 💰 Kraken account balance: $340.23
11:09:53 | INFO     | [VOLATILITY] Scanning 659 USD pairs for volatility...
11:09:56 | INFO     | [VOLATILITY] Selected 20 pairs (from 10 liquid). Top 5: RAVEUSD (score=0.13, vol=71.8%, pos=17%), XXBTZUSD (score=0.08, vol=5.8%, pos=96%), HYPEUSD (score=0.07, vol=6.7%, pos=74%), XZECZUSD (score=0.07, vol=6.8%, pos=71%), XETHZUSD (score=0.07, vol=6.1%, pos=83%)
11:09:56 | INFO     | [FILLED] RAVEUSD long — holding 58.4485 on Kraken
11:09:56 | INFO     | [STACK] JITOSOLUSD short: 2 tools (ema_cross_short+entropy_short) → score 6.1 × 1.3 = 8.0
11:09:56 | INFO     | [STACK] BNBUSD short: 2 tools (ema_cross_short+entropy_short) → score 6.5 × 1.3 = 8.5
11:09:56 | INFO     | [STACK] ADAUSD short: 2 tools (ema_cross_short+entropy_short) → score 5.3 × 1.3 = 6.9
11:09:56 | INFO     | [STACK] XBTUSD short: 2 tools (ema_cross_short+entropy_short) → score 7.0 × 1.3 = 9.1
11:09:56 | INFO     | [STACK] TAOUSD short: 2 tools (falling_wedge_short+ema_cross_short) → score 8.4 × 1.3 = 11.0
11:09:56 | INFO     | [STACK] LINKUSD long: 2 tools (buy_btc_leading+simple_buy_uptrend) → score 6.6 × 1.3 = 8.5
11:09:56 | INFO     | [STACK] AVAXUSD short: 2 tools (ema_cross_short+falling_wedge_short) → score 4.9 × 1.3 = 6.3
11:09:56 | INFO     | [STACK] DOTUSD short: 2 tools (ema_cross_short+distribution_short) → score 4.8 × 1.3 = 6.2
11:09:56 | INFO     | [STACK] RAVEUSD long: 2 tools (mega_crash+flash_crash) → score 34.4 × 1.3 = 44.8
11:09:56 | INFO     | [STACK] XRPUSD short: 2 tools (ema_cross_short+entropy_short) → score 5.2 × 1.3 = 6.7
11:09:56 | INFO     | Skipping buy_btc_leading (ZECUSD) - bull tool blocked in fear/bear (F&G=32, 82% bullish)
11:09:56 | INFO     | Skipping simple_buy_uptrend (DOTUSD) - bull tool blocked in fear/bear (F&G=32, 82% bullish)
11:09:56 | DEBUG    | Skipping falling_wedge_short (TAOUSD) — short blocked (US Non-ECP margin restriction)
11:09:56 | INFO     | Skipping simple_buy_uptrend (XMRUSD) - bull tool blocked in fear/bear (F&G=32, 82% bullish)
11:09:56 | INFO     | Skipping buy_btc_leading (AVAXUSD) - bull tool blocked in fear/bear (F&G=32, 82% bullish)
11:09:56 | DEBUG    | Skipping ema_cross_short (XBTUSD) — short blocked (US Non-ECP margin restriction)
11:09:56 | INFO     | Skipping buy_btc_leading (LINKUSD) - bull tool blocked in fear/bear (F&G=32, 82% bullish)
11:09:56 | INFO     | Skipping buy_btc_leading (ETHUSD) - bull tool blocked in fear/bear (F&G=32, 82% bullish)
11:09:56 | DEBUG    | Skipping ema_cross_short (BNBUSD) — short blocked (US Non-ECP margin restriction)
11:09:56 | DEBUG    | Skipping ema_cross_short (JITOSOLUSD) — short blocked (US Non-ECP margin restriction)
11:09:56 | INFO     | Skipping simple_buy_uptrend (XRPUSD) - bull tool blocked in fear/bear (F&G=32, 82% bullish)
11:09:56 | DEBUG    | Skipping ema_cross_short (ADAUSD) — short blocked (US Non-ECP margin restriction)
11:09:56 | DEBUG    | Skipping ema_cross_short (XRPUSD) — short blocked (US Non-ECP margin restriction)
11:09:56 | DEBUG    | Skipping ema_cross_short (ETHUSD) — short blocked (US Non-ECP margin restriction)
11:09:56 | DEBUG    | Skipping ema_cross_short (AVAXUSD) — short blocked (US Non-ECP margin restriction)
11:09:56 | DEBUG    | Skipping ema_cross_short (SOLUSD) — short blocked (US Non-ECP margin restriction)
11:09:56 | DEBUG    | Skipping ema_cross_short (DOTUSD) — short blocked (US Non-ECP margin restriction)
11:09:56 | INFO     | Skipping simple_buy_uptrend (SOLUSD) - bull tool blocked in fear/bear (F&G=32, 82% bullish)
11:09:56 | INFO     | Skipping simple_buy_uptrend (ADAUSD) - bull tool blocked in fear/bear (F&G=32, 82% bullish)
11:09:56 | DEBUG    | Skipping ema_cross_short (LTCUSD) — short blocked (US Non-ECP margin restriction)
11:09:56 | DEBUG    | Skipping ema_cross_short (ZECUSD) — short blocked (US Non-ECP margin restriction)
11:09:56 | DEBUG    | Skipping ema_cross_short (LINKUSD) — short blocked (US Non-ECP margin restriction)
11:09:56 | DEBUG    | Kelly sizing for btc_alt_spread: WR=53%, payoff=0.1, kelly_f=0.50
11:09:56 | INFO     | [SIZE CAP] ZEURZUSD capped $203.67 → $68.05 (20% of $340.23)
11:10:14 | INFO     | [META] btc_alt_spread ZEURZUSD pooled prob 0.47 → size x0.99
11:10:14 | INFO     | Placing buy limit order: 57.50706726 ZEURZUSD @ 1.17143
11:10:15 | WARNING  | Kraken API error (attempt 1/3): ['EAccount:Invalid permissions:EUR/USD trading restricted for US:FL.'] — retrying in 2s
11:10:17 | WARNING  | Kraken API error (attempt 2/3): ['EAccount:Invalid permissions:EUR/USD trading restricted for US:FL.'] — retrying in 4s
11:10:21 | ERROR    | Kraken API error after 3 attempts: ['EAccount:Invalid permissions:EUR/USD trading restricted for US:FL.']
11:10:21 | WARNING  | Order failed for ZEURZUSD — no order_id returned, aborting position
11:10:21 | INFO     | [2026-04-22 11:10:21] CYCLE #4988 | F&G: 32 (Neutral) | Allocation: Grid 0% / Active 100%
11:10:21 | INFO     | Balance: $340.23 (start: $300.00, +13.4%) | Grid: $0.00 | Active: $203.67
11:10:21 | INFO     | Grid: 0 positions across 40 pairs | 0 round trips | $0.00 profit
11:10:21 | INFO     | Active: 2/8 positions open
11:10:21 | INFO     |   → HYPEUSD long +2.4% (btc_alt_spread, 22.4h held)
11:10:21 | INFO     |   → RAVEUSD long -2.3% (flash_crash, 0.1h held)
11:10:21 | INFO     | Signals this cycle: mega_crash RAVEUSD (score 44.8), buy_btc_leading ZECUSD (score 23.3), ema_cross_short HYPEUSD (score 20.9)
11:10:21 | INFO     | MTF: 18% bearish 4h, 82% bullish 4h | Avg 4h RSI: 63.0
11:10:21 | INFO     | Tool streaks: entropy_dip L5
11:10:21 | INFO     | Cycle took 46.0s, sleeping 254.0s
11:10:21 | INFO     | ════════════════════════════════════════════════════════════════════════════════
11:10:31 | INFO     | 🔌 Real-time event during sleep! Processing...
11:11:03 | DEBUG    | Websocket error: fin=1 opcode=8 data=b'\x03\xe9CloudFlare WebSocket proxy restarting'
11:11:03 | INFO     | Websocket disconnected, reconnecting in 5s...
11:11:12 | INFO     | 🔌 Crash monitor connected, subscribing to 16 pairs
11:12:21 | INFO     | 💰 VOLUME SPIKE: ADAUSD 4.2x normal volume
11:12:31 | INFO     | 🔌 Real-time event during sleep! Processing...
11:13:08 | INFO     | 💰 VOLUME SPIKE: XLMUSD 3.8x normal volume
11:13:11 | INFO     | 🔌 Real-time event during sleep! Processing...
11:13:51 | INFO     | 💰 VOLUME SPIKE: ATOMUSD 5.0x normal volume
11:13:51 | INFO     | 🔌 Real-time event during sleep! Processing...
11:14:13 | INFO     | 💰 VOLUME SPIKE: NEARUSD 5.0x normal volume
11:14:21 | INFO     | 🔌 Real-time event during sleep! Processing...
11:14:35 | INFO     | ════════════════════════════════════════════════════════════════════════════════
11:14:46 | INFO     | 💰 VOLUME SPIKE: DOTUSD 3.4x normal volume
11:14:49 | INFO     | 💰 Kraken account balance: $340.06
11:14:49 | INFO     | Placing buy limit order: 30.20026 RAVEUSD @ 1.13284
11:14:49 | INFO     | Order placed: {'txid': ['OJRCL7-FHR73-43WJ3L'], 'descr': {'order': 'buy 30.200 RAVEUSD @ limit 1.13284'}}
11:14:49 | INFO     | [DCA] RAVEUSD adding $34.23 @ $1.1328 (down 3.2% from entry)
11:14:49 | INFO     | [DCA COMPLETE] RAVEUSD new avg: $1.1584 | Total size: $102.69 | New qty: 88.6487 | SL: $0.0000 → $1.0773
11:14:49 | INFO     | [STACK] JITOSOLUSD short: 2 tools (ema_cross_short+entropy_short) → score 6.1 × 1.3 = 8.0
11:14:49 | INFO     | [STACK] ADAUSD short: 2 tools (ema_cross_short+entropy_short) → score 5.3 × 1.3 = 6.8
11:14:49 | INFO     | [STACK] XBTUSD short: 2 tools (ema_cross_short+entropy_short) → score 6.9 × 1.3 = 9.0
11:14:49 | INFO     | [STACK] TAOUSD short: 2 tools (falling_wedge_short+ema_cross_short) → score 11.4 × 1.3 = 14.8
11:14:49 | INFO     | [STACK] LINKUSD long: 2 tools (buy_btc_leading+simple_buy_uptrend) → score 6.6 × 1.3 = 8.6
11:14:49 | INFO     | [STACK] AVAXUSD short: 2 tools (ema_cross_short+falling_wedge_short) → score 4.9 × 1.3 = 6.4
11:14:49 | INFO     | [STACK] DOTUSD short: 2 tools (ema_cross_short+distribution_short) → score 4.7 × 1.3 = 6.1
11:14:49 | INFO     | [STACK] RAVEUSD long: 2 tools (mega_crash+flash_crash) → score 36.1 × 1.3 = 47.0
11:14:49 | INFO     | [STACK] XRPUSD short: 2 tools (ema_cross_short+entropy_short) → score 5.1 × 1.3 = 6.7
11:14:49 | INFO     | Skipping buy_btc_leading (ZECUSD) - bull tool blocked in fear/bear (F&G=32, 82% bullish)
11:14:49 | DEBUG    | Skipping falling_wedge_short (TAOUSD) — short blocked (US Non-ECP margin restriction)
11:14:49 | INFO     | Skipping simple_buy_uptrend (DOTUSD) - bull tool blocked in fear/bear (F&G=32, 82% bullish)
11:14:49 | INFO     | Skipping simple_buy_uptrend (XMRUSD) - bull tool blocked in fear/bear (F&G=32, 82% bullish)
11:14:49 | INFO     | Skipping buy_btc_leading (AVAXUSD) - bull tool blocked in fear/bear (F&G=32, 82% bullish)
11:14:49 | DEBUG    | Skipping ema_cross_short (XBTUSD) — short blocked (US Non-ECP margin restriction)
11:14:49 | INFO     | Skipping buy_btc_leading (LINKUSD) - bull tool blocked in fear/bear (F&G=32, 82% bullish)
11:14:49 | INFO     | Skipping buy_btc_leading (ETHUSD) - bull tool blocked in fear/bear (F&G=32, 82% bullish)
11:14:49 | DEBUG    | Skipping ema_cross_short (JITOSOLUSD) — short blocked (US Non-ECP margin restriction)
11:14:49 | INFO     | Skipping simple_buy_uptrend (XRPUSD) - bull tool blocked in fear/bear (F&G=32, 82% bullish)
11:14:49 | DEBUG    | Skipping ema_cross_short (ADAUSD) — short blocked (US Non-ECP margin restriction)
11:14:49 | DEBUG    | Skipping ema_cross_short (XRPUSD) — short blocked (US Non-ECP margin restriction)
11:14:49 | DEBUG    | Skipping ema_cross_short (AVAXUSD) — short blocked (US Non-ECP margin restriction)
11:14:49 | DEBUG    | Skipping ema_cross_short (BNBUSD) — short blocked (US Non-ECP margin restriction)
11:14:49 | DEBUG    | Skipping ema_cross_short (ETHUSD) — short blocked (US Non-ECP margin restriction)
11:14:49 | DEBUG    | Skipping ema_cross_short (SOLUSD) — short blocked (US Non-ECP margin restriction)
11:14:49 | DEBUG    | Skipping ema_cross_short (DOTUSD) — short blocked (US Non-ECP margin restriction)
11:14:49 | INFO     | Skipping simple_buy_uptrend (SOLUSD) - bull tool blocked in fear/bear (F&G=32, 82% bullish)
11:14:49 | INFO     | Skipping simple_buy_uptrend (ADAUSD) - bull tool blocked in fear/bear (F&G=32, 82% bullish)
11:14:49 | DEBUG    | Skipping ema_cross_short (LTCUSD) — short blocked (US Non-ECP margin restriction)
11:14:49 | DEBUG    | Skipping ema_cross_short (ZECUSD) — short blocked (US Non-ECP margin restriction)
11:14:49 | DEBUG    | Skipping ema_cross_short (LINKUSD) — short blocked (US Non-ECP margin restriction)
11:14:49 | INFO     | Skipping simple_buy_uptrend (LTCUSD) - bull tool blocked in fear/bear (F&G=32, 82% bullish)
11:14:49 | DEBUG    | Kelly sizing for btc_alt_spread: WR=53%, payoff=0.1, kelly_f=0.50
11:14:49 | INFO     | [SIZE CAP] ZEURZUSD capped $169.27 → $68.01 (20% of $340.06)
11:15:01 | INFO     | [META] btc_alt_spread ZEURZUSD pooled prob 0.47 → size x0.99
11:15:01 | INFO     | Placing buy limit order: 57.47816821 ZEURZUSD @ 1.17144
11:15:02 | WARNING  | Kraken API error (attempt 1/3): ['EAccount:Invalid permissions:EUR/USD trading restricted for US:FL.'] — retrying in 2s
11:15:04 | WARNING  | Kraken API error (attempt 2/3): ['EAccount:Invalid permissions:EUR/USD trading restricted for US:FL.'] — retrying in 4s
11:15:08 | ERROR    | Kraken API error after 3 attempts: ['EAccount:Invalid permissions:EUR/USD trading restricted for US:FL.']
11:15:08 | WARNING  | Order failed for ZEURZUSD — no order_id returned, aborting position
11:15:08 | INFO     | [2026-04-22 11:15:08] CYCLE #4989 | F&G: 32 (Neutral) | Allocation: Grid 0% / Active 100%
11:15:08 | INFO     | Balance: $340.06 (start: $300.00, +13.4%) | Grid: $0.00 | Active: $169.27
11:15:08 | INFO     | Grid: 0 positions across 40 pairs | 0 round trips | $0.00 profit
11:15:08 | INFO     | Active: 2/8 positions open
11:15:08 | INFO     |   → HYPEUSD long +2.7% (btc_alt_spread, 22.4h held)
11:15:08 | INFO     |   → RAVEUSD long -2.2% (flash_crash, 0.2h held)
11:15:08 | INFO     | Signals this cycle: mega_crash RAVEUSD (score 47.0), buy_btc_leading ZECUSD (score 23.4), ema_cross_short HYPEUSD (score 21.5)
11:15:08 | INFO     | MTF: 18% bearish 4h, 82% bullish 4h | Avg 4h RSI: 62.5
11:15:08 | INFO     | Tool streaks: entropy_dip L5
11:15:08 | INFO     | Cycle took 33.1s, sleeping 266.9s
11:15:08 | INFO     | ════════════════════════════════════════════════════════════════════════════════
11:15:18 | INFO     | 🔌 Real-time event during sleep! Processing...
11:17:04 | INFO     | 💰 VOLUME SPIKE: LINKUSD 3.4x normal volume
11:17:08 | INFO     | 🔌 Real-time event during sleep! Processing...
11:17:13 | INFO     | 💰 VOLUME SPIKE: UNIUSD 5.0x normal volume
11:17:18 | INFO     | 🔌 Real-time event during sleep! Processing...
11:17:43 | INFO     | 💰 VOLUME SPIKE: FILUSD 5.0x normal volume
11:17:48 | INFO     | 🔌 Real-time event during sleep! Processing...
11:18:44 | INFO     | 💰 VOLUME SPIKE: SOLUSD 3.2x normal volume
11:18:48 | INFO     | 🔌 Real-time event during sleep! Processing...
11:19:35 | INFO     | ════════════════════════════════════════════════════════════════════════════════
11:19:55 | INFO     | 💰 Kraken account balance: $340.38
11:19:55 | INFO     | [STACK] LTCUSD long: 2 tools (buy_btc_leading+simple_buy_uptrend) → score 7.4 × 1.3 = 9.6
11:19:55 | INFO     | [STACK] JITOSOLUSD short: 2 tools (ema_cross_short+entropy_short) → score 6.1 × 1.3 = 8.0
11:19:55 | INFO     | [STACK] ADAUSD short: 2 tools (ema_cross_short+entropy_short) → score 5.1 × 1.3 = 6.7
11:19:55 | INFO     | [STACK] XBTUSD short: 2 tools (ema_cross_short+entropy_short) → score 6.9 × 1.3 = 9.0
11:19:55 | INFO     | [STACK] TAOUSD short: 2 tools (falling_wedge_short+ema_cross_short) → score 22.2 × 1.3 = 28.9
11:19:55 | INFO     | [STACK] LINKUSD long: 2 tools (buy_btc_leading+simple_buy_uptrend) → score 6.6 × 1.3 = 8.6
11:19:55 | INFO     | [STACK] AVAXUSD short: 2 tools (ema_cross_short+falling_wedge_short) → score 4.9 × 1.3 = 6.3
11:19:55 | INFO     | [STACK] DOTUSD short: 2 tools (ema_cross_short+distribution_short) → score 4.5 × 1.3 = 5.9
11:19:55 | INFO     | [STACK] RAVEUSD long: 2 tools (mega_crash+flash_crash) → score 35.1 × 1.3 = 45.6
11:19:55 | INFO     | [STACK] XRPUSD short: 2 tools (ema_cross_short+entropy_short) → score 5.2 × 1.3 = 6.7
11:19:55 | DEBUG    | Skipping falling_wedge_short (TAOUSD) — short blocked (US Non-ECP margin restriction)
11:19:55 | INFO     | Skipping buy_btc_leading (ZECUSD) - bull tool blocked in fear/bear (F&G=32, 82% bullish)
11:19:55 | INFO     | Skipping simple_buy_uptrend (DOTUSD) - bull tool blocked in fear/bear (F&G=32, 82% bullish)
11:19:55 | INFO     | Skipping simple_buy_uptrend (XMRUSD) - bull tool blocked in fear/bear (F&G=32, 82% bullish)
11:19:55 | INFO     | Skipping buy_btc_leading (AVAXUSD) - bull tool blocked in fear/bear (F&G=32, 82% bullish)
11:19:55 | INFO     | Skipping buy_btc_leading (LTCUSD) - bull tool blocked in fear/bear (F&G=32, 82% bullish)
11:19:55 | DEBUG    | Skipping ema_cross_short (XBTUSD) — short blocked (US Non-ECP margin restriction)
11:19:55 | INFO     | Skipping buy_btc_leading (LINKUSD) - bull tool blocked in fear/bear (F&G=32, 82% bullish)
11:19:55 | INFO     | Skipping buy_btc_leading (ETHUSD) - bull tool blocked in fear/bear (F&G=32, 82% bullish)
11:19:55 | DEBUG    | Skipping ema_cross_short (JITOSOLUSD) — short blocked (US Non-ECP margin restriction)
11:19:55 | INFO     | Skipping simple_buy_uptrend (XRPUSD) - bull tool blocked in fear/bear (F&G=32, 82% bullish)
11:19:55 | DEBUG    | Skipping ema_cross_short (XRPUSD) — short blocked (US Non-ECP margin restriction)
11:19:55 | DEBUG    | Skipping ema_cross_short (ADAUSD) — short blocked (US Non-ECP margin restriction)
11:19:55 | DEBUG    | Skipping ema_cross_short (BNBUSD) — short blocked (US Non-ECP margin restriction)
11:19:55 | DEBUG    | Skipping ema_cross_short (ETHUSD) — short blocked (US Non-ECP margin restriction)
11:19:55 | DEBUG    | Skipping ema_cross_short (AVAXUSD) — short blocked (US Non-ECP margin restriction)
11:19:55 | DEBUG    | Skipping ema_cross_short (SOLUSD) — short blocked (US Non-ECP margin restriction)
11:19:55 | DEBUG    | Skipping ema_cross_short (DOTUSD) — short blocked (US Non-ECP margin restriction)
11:19:55 | INFO     | Skipping simple_buy_uptrend (SOLUSD) - bull tool blocked in fear/bear (F&G=32, 82% bullish)
11:19:55 | DEBUG    | Skipping ema_cross_short (LTCUSD) — short blocked (US Non-ECP margin restriction)
11:19:55 | INFO     | Skipping simple_buy_uptrend (ADAUSD) - bull tool blocked in fear/bear (F&G=32, 82% bullish)
11:19:55 | DEBUG    | Skipping ema_cross_short (ZECUSD) — short blocked (US Non-ECP margin restriction)
11:19:55 | DEBUG    | Skipping ema_cross_short (LINKUSD) — short blocked (US Non-ECP margin restriction)
11:19:55 | DEBUG    | Kelly sizing for btc_alt_spread: WR=53%, payoff=0.1, kelly_f=0.50
11:19:55 | INFO     | [SIZE CAP] ZEURZUSD capped $169.59 → $68.08 (20% of $340.38)
11:20:06 | INFO     | [META] btc_alt_spread ZEURZUSD pooled prob 0.47 → size x0.99
11:20:06 | INFO     | Placing buy limit order: 57.53502253 ZEURZUSD @ 1.17137
11:20:06 | WARNING  | Kraken API error (attempt 1/3): ['EAccount:Invalid permissions:EUR/USD trading restricted for US:FL.'] — retrying in 2s
11:20:08 | WARNING  | Kraken API error (attempt 2/3): ['EAccount:Invalid permissions:EUR/USD trading restricted for US:FL.'] — retrying in 4s
11:20:12 | ERROR    | Kraken API error after 3 attempts: ['EAccount:Invalid permissions:EUR/USD trading restricted for US:FL.']
11:20:12 | WARNING  | Order failed for ZEURZUSD — no order_id returned, aborting position
11:20:12 | INFO     | [2026-04-22 11:20:12] CYCLE #4990 | F&G: 32 (Neutral) | Allocation: Grid 0% / Active 100%
11:20:12 | INFO     | Balance: $340.38 (start: $300.00, +13.5%) | Grid: $0.00 | Active: $169.59
11:20:12 | INFO     | Grid: 0 positions across 40 pairs | 0 round trips | $0.00 profit
11:20:12 | INFO     | Active: 2/8 positions open
11:20:12 | INFO     |   → HYPEUSD long +2.7% (btc_alt_spread, 22.5h held)
11:20:12 | INFO     |   → RAVEUSD long -1.6% (flash_crash, 0.3h held)
11:20:12 | INFO     | Signals this cycle: mega_crash RAVEUSD (score 45.6), falling_wedge_short TAOUSD (score 28.9), buy_btc_leading ZECUSD (score 23.3)
11:20:12 | INFO     | MTF: 18% bearish 4h, 82% bullish 4h | Avg 4h RSI: 62.2
11:20:12 | INFO     | Tool streaks: entropy_dip L5
11:20:12 | INFO     | Cycle took 37.0s, sleeping 263.0s
11:20:12 | INFO     | ════════════════════════════════════════════════════════════════════════════════
11:21:37 | INFO     | 💰 VOLUME SPIKE: AAVEUSD 3.7x normal volume
11:21:42 | INFO     | 🔌 Real-time event during sleep! Processing...
11:21:44 | INFO     | 💰 VOLUME SPIKE: ETHUSD 3.9x normal volume
11:21:52 | INFO     | 🔌 Real-time event during sleep! Processing...
11:21:58 | INFO     | 💰 VOLUME SPIKE: LTCUSD 3.6x normal volume
11:22:02 | INFO     | 🔌 Real-time event during sleep! Processing...
11:23:14 | INFO     | 💰 VOLUME SPIKE: ADAUSD 4.3x normal volume
11:23:22 | INFO     | 🔌 Real-time event during sleep! Processing...
11:23:30 | INFO     | 💰 VOLUME SPIKE: AVAXUSD 5.0x normal volume
11:23:32 | INFO     | 🔌 Real-time event during sleep! Processing...
11:24:35 | INFO     | ════════════════════════════════════════════════════════════════════════════════
11:24:49 | INFO     | 💰 Kraken account balance: $339.36
11:24:49 | INFO     | [STACK] JITOSOLUSD short: 2 tools (ema_cross_short+entropy_short) → score 6.1 × 1.3 = 8.0
11:24:49 | INFO     | [STACK] ADAUSD short: 2 tools (ema_cross_short+entropy_short) → score 5.2 × 1.3 = 6.7
11:24:49 | INFO     | [STACK] XBTUSD short: 2 tools (ema_cross_short+entropy_short) → score 7.0 × 1.3 = 9.1
11:24:49 | INFO     | [STACK] LINKUSD long: 2 tools (buy_btc_leading+simple_buy_uptrend) → score 6.7 × 1.3 = 8.7
11:24:49 | INFO     | [STACK] AVAXUSD short: 2 tools (ema_cross_short+falling_wedge_short) → score 4.9 × 1.3 = 6.3
11:24:49 | INFO     | [STACK] DOTUSD short: 2 tools (ema_cross_short+distribution_short) → score 4.7 × 1.3 = 6.1
11:24:49 | INFO     | [STACK] RAVEUSD long: 2 tools (mega_crash+flash_crash) → score 37.6 × 1.3 = 48.9
11:24:49 | INFO     | [STACK] XRPUSD short: 2 tools (ema_cross_short+entropy_short) → score 5.2 × 1.3 = 6.8
11:24:49 | INFO     | Skipping buy_btc_leading (ZECUSD) - bull tool blocked in fear/bear (F&G=32, 82% bullish)
11:24:49 | INFO     | Skipping simple_buy_uptrend (DOTUSD) - bull tool blocked in fear/bear (F&G=32, 82% bullish)
11:24:49 | INFO     | Skipping simple_buy_uptrend (XMRUSD) - bull tool blocked in fear/bear (F&G=32, 82% bullish)
11:24:49 | INFO     | Skipping buy_btc_leading (AVAXUSD) - bull tool blocked in fear/bear (F&G=32, 82% bullish)
11:24:49 | DEBUG    | Skipping ema_cross_short (XBTUSD) — short blocked (US Non-ECP margin restriction)
11:24:49 | INFO     | Skipping buy_btc_leading (LINKUSD) - bull tool blocked in fear/bear (F&G=32, 82% bullish)
11:24:49 | INFO     | Skipping buy_btc_leading (ETHUSD) - bull tool blocked in fear/bear (F&G=32, 82% bullish)
11:24:49 | DEBUG    | Skipping ema_cross_short (JITOSOLUSD) — short blocked (US Non-ECP margin restriction)
11:24:49 | INFO     | Skipping simple_buy_uptrend (XRPUSD) - bull tool blocked in fear/bear (F&G=32, 82% bullish)
11:24:49 | DEBUG    | Skipping ema_cross_short (XRPUSD) — short blocked (US Non-ECP margin restriction)
11:24:49 | DEBUG    | Skipping ema_cross_short (ADAUSD) — short blocked (US Non-ECP margin restriction)
11:24:49 | DEBUG    | Skipping ema_cross_short (BNBUSD) — short blocked (US Non-ECP margin restriction)
11:24:49 | DEBUG    | Skipping ema_cross_short (AVAXUSD) — short blocked (US Non-ECP margin restriction)
11:24:49 | DEBUG    | Skipping ema_cross_short (ETHUSD) — short blocked (US Non-ECP margin restriction)
11:24:49 | DEBUG    | Skipping ema_cross_short (SOLUSD) — short blocked (US Non-ECP margin restriction)
11:24:49 | DEBUG    | Skipping ema_cross_short (DOTUSD) — short blocked (US Non-ECP margin restriction)
11:24:49 | INFO     | Skipping simple_buy_uptrend (SOLUSD) - bull tool blocked in fear/bear (F&G=32, 82% bullish)
11:24:49 | DEBUG    | Skipping ema_cross_short (LTCUSD) — short blocked (US Non-ECP margin restriction)
11:24:49 | INFO     | Skipping simple_buy_uptrend (ADAUSD) - bull tool blocked in fear/bear (F&G=32, 82% bullish)
11:24:49 | DEBUG    | Skipping ema_cross_short (ZECUSD) — short blocked (US Non-ECP margin restriction)
11:24:49 | DEBUG    | Skipping ema_cross_short (LINKUSD) — short blocked (US Non-ECP margin restriction)
11:24:49 | INFO     | Skipping simple_buy_uptrend (LTCUSD) - bull tool blocked in fear/bear (F&G=32, 82% bullish)
11:24:49 | DEBUG    | Kelly sizing for btc_alt_spread: WR=53%, payoff=0.1, kelly_f=0.50
11:24:49 | INFO     | [SIZE CAP] ZEURZUSD capped $168.57 → $67.87 (20% of $339.36)
11:24:59 | INFO     | [META] btc_alt_spread ZEURZUSD pooled prob 0.47 → size x0.99
11:24:59 | INFO     | Placing buy limit order: 57.35724504 ZEURZUSD @ 1.17147
11:24:59 | WARNING  | Kraken API error (attempt 1/3): ['EAccount:Invalid permissions:EUR/USD trading restricted for US:FL.'] — retrying in 2s
11:25:01 | WARNING  | Kraken API error (attempt 2/3): ['EAccount:Invalid permissions:EUR/USD trading restricted for US:FL.'] — retrying in 4s
11:25:06 | ERROR    | Kraken API error after 3 attempts: ['EAccount:Invalid permissions:EUR/USD trading restricted for US:FL.']
11:25:06 | WARNING  | Order failed for ZEURZUSD — no order_id returned, aborting position
11:25:06 | INFO     | [2026-04-22 11:25:06] CYCLE #4991 | F&G: 32 (Neutral) | Allocation: Grid 0% / Active 100%
11:25:06 | INFO     | Balance: $339.36 (start: $300.00, +13.1%) | Grid: $0.00 | Active: $168.57
11:25:06 | INFO     | Grid: 0 positions across 40 pairs | 0 round trips | $0.00 profit
11:25:06 | INFO     | Active: 2/8 positions open
11:25:06 | INFO     |   → HYPEUSD long +2.8% (btc_alt_spread, 22.6h held)
11:25:06 | INFO     |   → RAVEUSD long -3.0% (flash_crash, 0.3h held)
11:25:06 | INFO     | Signals this cycle: mega_crash RAVEUSD (score 48.9), buy_btc_leading ZECUSD (score 23.4), ema_cross_short HYPEUSD (score 21.7)
11:25:06 | INFO     | MTF: 18% bearish 4h, 82% bullish 4h | Avg 4h RSI: 62.4
11:25:06 | INFO     | Tool streaks: entropy_dip L5
11:25:06 | INFO     | Cycle took 30.1s, sleeping 269.9s
11:25:06 | INFO     | ════════════════════════════════════════════════════════════════════════════════
11:26:27 | INFO     | 💰 VOLUME SPIKE: XBTUSD 3.0x normal volume
11:26:36 | INFO     | 🔌 Real-time event during sleep! Processing...
11:27:20 | INFO     | 💰 VOLUME SPIKE: UNIUSD 5.0x normal volume
11:27:20 | INFO     | 💰 VOLUME SPIKE: XRPUSD 3.0x normal volume
11:27:26 | INFO     | 🔌 Real-time event during sleep! Processing...
11:27:26 | INFO     | 💰 VOLUME SPIKE: LINKUSD 4.0x normal volume
11:27:36 | INFO     | 🔌 Real-time event during sleep! Processing...
11:28:49 | INFO     | 💰 VOLUME SPIKE: NEARUSD 3.8x normal volume
11:28:56 | INFO     | 🔌 Real-time event during sleep! Processing...
11:29:13 | INFO     | 💰 VOLUME SPIKE: XLMUSD 4.2x normal volume
11:29:16 | INFO     | 🔌 Real-time event during sleep! Processing...
11:29:36 | INFO     | ════════════════════════════════════════════════════════════════════════════════
11:29:47 | INFO     | 💰 Kraken account balance: $338.62
11:29:47 | INFO     | [STACK] LTCUSD long: 2 tools (buy_btc_leading+simple_buy_uptrend) → score 7.7 × 1.3 = 9.9
11:29:47 | INFO     | [STACK] JITOSOLUSD short: 2 tools (ema_cross_short+entropy_short) → score 6.2 × 1.3 = 8.1
11:29:47 | INFO     | [STACK] ADAUSD short: 2 tools (ema_cross_short+entropy_short) → score 5.2 × 1.3 = 6.7
11:29:47 | INFO     | [STACK] XBTUSD short: 2 tools (ema_cross_short+entropy_short) → score 7.1 × 1.3 = 9.2
11:29:47 | INFO     | [STACK] LINKUSD long: 2 tools (buy_btc_leading+simple_buy_uptrend) → score 6.8 × 1.3 = 8.9
11:29:47 | INFO     | [STACK] AVAXUSD short: 2 tools (ema_cross_short+falling_wedge_short) → score 4.9 × 1.3 = 6.4
11:29:47 | INFO     | [STACK] DOTUSD short: 3 tools (ema_cross_short+distribution_short+falling_wedge_short) → score 4.8 × 1.6 = 7.7
11:29:47 | INFO     | [STACK] RAVEUSD long: 2 tools (mega_crash+flash_crash) → score 38.2 × 1.3 = 49.7
11:29:47 | INFO     | [STACK] XRPUSD short: 2 tools (ema_cross_short+entropy_short) → score 5.2 × 1.3 = 6.7
11:29:47 | INFO     | Skipping buy_btc_leading (ZECUSD) - bull tool blocked in fear/bear (F&G=32, 82% bullish)
11:29:47 | INFO     | Skipping simple_buy_uptrend (DOTUSD) - bull tool blocked in fear/bear (F&G=32, 82% bullish)
11:29:47 | INFO     | Skipping simple_buy_uptrend (XMRUSD) - bull tool blocked in fear/bear (F&G=32, 82% bullish)
11:29:47 | INFO     | Skipping buy_btc_leading (LTCUSD) - bull tool blocked in fear/bear (F&G=32, 82% bullish)
11:29:47 | INFO     | Skipping buy_btc_leading (AVAXUSD) - bull tool blocked in fear/bear (F&G=32, 82% bullish)
11:29:47 | DEBUG    | Skipping ema_cross_short (XBTUSD) — short blocked (US Non-ECP margin restriction)
11:29:47 | INFO     | Skipping buy_btc_leading (LINKUSD) - bull tool blocked in fear/bear (F&G=32, 82% bullish)
11:29:47 | INFO     | Skipping buy_btc_leading (ETHUSD) - bull tool blocked in fear/bear (F&G=32, 82% bullish)
11:29:47 | DEBUG    | Skipping ema_cross_short (JITOSOLUSD) — short blocked (US Non-ECP margin restriction)
11:29:47 | DEBUG    | Skipping ema_cross_short (DOTUSD) — short blocked (US Non-ECP margin restriction)
11:29:47 | INFO     | Skipping simple_buy_uptrend (XRPUSD) - bull tool blocked in fear/bear (F&G=32, 82% bullish)
11:29:47 | DEBUG    | Skipping ema_cross_short (ADAUSD) — short blocked (US Non-ECP margin restriction)
11:29:47 | DEBUG    | Skipping ema_cross_short (XRPUSD) — short blocked (US Non-ECP margin restriction)
11:29:47 | DEBUG    | Skipping ema_cross_short (AVAXUSD) — short blocked (US Non-ECP margin restriction)
11:29:47 | DEBUG    | Skipping ema_cross_short (BNBUSD) — short blocked (US Non-ECP margin restriction)
11:29:47 | DEBUG    | Skipping ema_cross_short (ETHUSD) — short blocked (US Non-ECP margin restriction)
11:29:47 | DEBUG    | Skipping ema_cross_short (SOLUSD) — short blocked (US Non-ECP margin restriction)
11:29:47 | INFO     | Skipping simple_buy_uptrend (SOLUSD) - bull tool blocked in fear/bear (F&G=32, 82% bullish)
11:29:47 | DEBUG    | Skipping ema_cross_short (ZECUSD) — short blocked (US Non-ECP margin restriction)
11:29:47 | INFO     | Skipping simple_buy_uptrend (ADAUSD) - bull tool blocked in fear/bear (F&G=32, 82% bullish)
11:29:47 | DEBUG    | Skipping ema_cross_short (LTCUSD) — short blocked (US Non-ECP margin restriction)
11:29:47 | DEBUG    | Skipping ema_cross_short (LINKUSD) — short blocked (US Non-ECP margin restriction)
11:29:47 | DEBUG    | Kelly sizing for btc_alt_spread: WR=53%, payoff=0.1, kelly_f=0.50
11:29:47 | INFO     | [SIZE CAP] ZEURZUSD capped $167.84 → $67.72 (20% of $338.62)
11:29:55 | INFO     | [META] btc_alt_spread ZEURZUSD pooled prob 0.47 → size x0.99
11:29:55 | INFO     | Placing buy limit order: 57.22618004 ZEURZUSD @ 1.17162
11:29:55 | WARNING  | Kraken API error (attempt 1/3): ['EAccount:Invalid permissions:EUR/USD trading restricted for US:FL.'] — retrying in 2s
11:29:57 | WARNING  | Kraken API error (attempt 2/3): ['EAccount:Invalid permissions:EUR/USD trading restricted for US:FL.'] — retrying in 4s
11:30:01 | ERROR    | Kraken API error after 3 attempts: ['EAccount:Invalid permissions:EUR/USD trading restricted for US:FL.']
11:30:01 | WARNING  | Order failed for ZEURZUSD — no order_id returned, aborting position
11:30:01 | INFO     | [2026-04-22 11:30:01] CYCLE #4992 | F&G: 32 (Neutral) | Allocation: Grid 0% / Active 100%
11:30:02 | INFO     | Balance: $338.62 (start: $300.00, +12.9%) | Grid: $0.00 | Active: $167.84
11:30:02 | INFO     | Grid: 0 positions across 40 pairs | 0 round trips | $0.00 profit
11:30:02 | INFO     | Active: 2/8 positions open
11:30:02 | INFO     |   → HYPEUSD long +2.8% (btc_alt_spread, 22.7h held)
11:30:02 | INFO     |   → RAVEUSD long -3.3% (flash_crash, 0.4h held)
11:30:02 | INFO     | Signals this cycle: mega_crash RAVEUSD (score 49.7), buy_btc_leading ZECUSD (score 23.4), ema_cross_short HYPEUSD (score 21.7)
11:30:02 | INFO     | MTF: 18% bearish 4h, 82% bullish 4h | Avg 4h RSI: 62.6
11:30:02 | INFO     | Tool streaks: entropy_dip L5
11:30:02 | INFO     | Cycle took 25.8s, sleeping 274.2s
11:30:02 | INFO     | ════════════════════════════════════════════════════════════════════════════════
11:30:02 | INFO     | 💰 VOLUME SPIKE: DOTUSD 3.5x normal volume
11:30:12 | INFO     | 🔌 Real-time event during sleep! Processing...
11:31:50 | INFO     | 💰 VOLUME SPIKE: AAVEUSD 4.8x normal volume
11:31:52 | INFO     | 🔌 Real-time event during sleep! Processing...
11:33:48 | INFO     | 💰 VOLUME SPIKE: AVAXUSD 3.6x normal volume
11:33:52 | INFO     | 🔌 Real-time event during sleep! Processing...
11:34:36 | INFO     | ════════════════════════════════════════════════════════════════════════════════
11:34:46 | INFO     | 💰 Kraken account balance: $338.45
11:34:46 | INFO     | [MARKET BEAR] cautious cash mode — short_pairs=13, short_signals=21, top3=31.9, dominance=0.89, active_allocation=85%
11:34:46 | INFO     | [STACK] LTCUSD long: 2 tools (buy_btc_leading+simple_buy_uptrend) → score 7.7 × 1.3 = 10.0
11:34:46 | INFO     | [STACK] JITOSOLUSD short: 2 tools (ema_cross_short+entropy_short) → score 6.2 × 1.3 = 8.1
11:34:46 | INFO     | [STACK] ZECUSD short: 2 tools (falling_wedge_short+ema_cross_short) → score 67.3 × 1.3 = 87.5
11:34:46 | INFO     | [STACK] ADAUSD short: 2 tools (ema_cross_short+entropy_short) → score 5.2 × 1.3 = 6.8
11:34:46 | INFO     | [STACK] XBTUSD short: 2 tools (ema_cross_short+entropy_short) → score 7.1 × 1.3 = 9.2
11:34:46 | INFO     | [STACK] LINKUSD long: 2 tools (buy_btc_leading+simple_buy_uptrend) → score 6.9 × 1.3 = 8.9
11:34:46 | INFO     | [STACK] AVAXUSD short: 2 tools (ema_cross_short+falling_wedge_short) → score 4.7 × 1.3 = 6.1
11:34:46 | INFO     | [STACK] DOTUSD short: 3 tools (ema_cross_short+distribution_short+falling_wedge_short) → score 4.8 × 1.6 = 7.7
11:34:46 | INFO     | [STACK] RAVEUSD long: 2 tools (mega_crash+flash_crash) → score 38.1 × 1.3 = 49.6
11:34:46 | INFO     | [STACK] XRPUSD short: 2 tools (ema_cross_short+entropy_short) → score 5.1 × 1.3 = 6.7
11:34:46 | DEBUG    | Skipping falling_wedge_short (ZECUSD) — short blocked (US Non-ECP margin restriction)
11:34:46 | INFO     | [BEARISH OVERLAY] buy_btc_leading ZECUSD blocked — falling_wedge_short short score 80.8 active
11:34:46 | INFO     | Skipping simple_buy_uptrend (DOTUSD) - bull tool blocked in fear/bear (F&G=32, 82% bullish)
11:34:46 | INFO     | Skipping simple_buy_uptrend (XMRUSD) - bull tool blocked in fear/bear (F&G=32, 82% bullish)
11:34:46 | INFO     | Skipping buy_btc_leading (AVAXUSD) - bull tool blocked in fear/bear (F&G=32, 82% bullish)
11:34:46 | INFO     | Skipping buy_btc_leading (LTCUSD) - bull tool blocked in fear/bear (F&G=32, 82% bullish)
11:34:46 | DEBUG    | Skipping ema_cross_short (XBTUSD) — short blocked (US Non-ECP margin restriction)
11:34:46 | INFO     | Skipping buy_btc_leading (LINKUSD) - bull tool blocked in fear/bear (F&G=32, 82% bullish)
11:34:46 | INFO     | Skipping buy_btc_leading (ETHUSD) - bull tool blocked in fear/bear (F&G=32, 82% bullish)
11:34:46 | DEBUG    | Skipping ema_cross_short (JITOSOLUSD) — short blocked (US Non-ECP margin restriction)
11:34:46 | DEBUG    | Skipping ema_cross_short (DOTUSD) — short blocked (US Non-ECP margin restriction)
11:34:46 | INFO     | Skipping simple_buy_uptrend (XRPUSD) - bull tool blocked in fear/bear (F&G=32, 82% bullish)
11:34:46 | DEBUG    | Skipping ema_cross_short (ADAUSD) — short blocked (US Non-ECP margin restriction)
11:34:46 | DEBUG    | Skipping ema_cross_short (XRPUSD) — short blocked (US Non-ECP margin restriction)
11:34:46 | DEBUG    | Skipping ema_cross_short (BNBUSD) — short blocked (US Non-ECP margin restriction)
11:34:46 | DEBUG    | Skipping ema_cross_short (ETHUSD) — short blocked (US Non-ECP margin restriction)
11:34:46 | DEBUG    | Skipping ema_cross_short (AVAXUSD) — short blocked (US Non-ECP margin restriction)
11:34:46 | DEBUG    | Skipping ema_cross_short (SOLUSD) — short blocked (US Non-ECP margin restriction)
11:34:46 | INFO     | Skipping simple_buy_uptrend (SOLUSD) - bull tool blocked in fear/bear (F&G=32, 82% bullish)
11:34:46 | INFO     | Skipping simple_buy_uptrend (ADAUSD) - bull tool blocked in fear/bear (F&G=32, 82% bullish)
11:34:46 | DEBUG    | Skipping ema_cross_short (LTCUSD) — short blocked (US Non-ECP margin restriction)
11:34:46 | DEBUG    | Skipping ema_cross_short (LINKUSD) — short blocked (US Non-ECP margin restriction)
11:34:46 | INFO     | [2026-04-22 11:34:46] CYCLE #4993 | F&G: 32 (Neutral) | Allocation: Grid 0% / Active 85%
11:34:46 | INFO     | Balance: $338.45 (start: $300.00, +12.8%) | Grid: $0.00 | Active: $116.90
11:34:46 | INFO     | Grid: 0 positions across 40 pairs | 0 round trips | $0.00 profit
11:34:46 | INFO     | Active: 2/8 positions open
11:34:46 | INFO     |   → HYPEUSD long +2.6% (btc_alt_spread, 22.8h held)
11:34:46 | INFO     |   → RAVEUSD long -3.3% (flash_crash, 0.5h held)
11:34:46 | INFO     | Signals this cycle: falling_wedge_short ZECUSD (score 87.5), mega_crash RAVEUSD (score 49.6), buy_btc_leading ZECUSD (score 23.1)
11:34:46 | INFO     | MTF: 18% bearish 4h, 82% bullish 4h | Avg 4h RSI: 62.5
11:34:46 | INFO     | Tool streaks: entropy_dip L5
11:34:46 | INFO     | Cycle took 10.4s, sleeping 289.6s
11:34:46 | INFO     | ════════════════════════════════════════════════════════════════════════════════
11:34:57 | INFO     | 💰 VOLUME SPIKE: ETHUSD 3.0x normal volume
11:34:59 | INFO     | 💰 VOLUME SPIKE: LTCUSD 3.1x normal volume
11:35:06 | INFO     | 🔌 Real-time event during sleep! Processing...
11:36:17 | INFO     | 💰 VOLUME SPIKE: ADAUSD 3.0x normal volume
11:36:17 | INFO     | 💰 VOLUME SPIKE: FILUSD 5.0x normal volume
11:36:26 | INFO     | 🔌 Real-time event during sleep! Processing...
11:36:55 | INFO     | 💰 VOLUME SPIKE: SOLUSD 3.2x normal volume
11:36:56 | INFO     | 🔌 Real-time event during sleep! Processing...
11:37:22 | INFO     | 💰 VOLUME SPIKE: XRPUSD 3.6x normal volume
11:37:26 | INFO     | 🔌 Real-time event during sleep! Processing...
11:39:36 | INFO     | ════════════════════════════════════════════════════════════════════════════════
11:39:47 | INFO     | 💰 Kraken account balance: $340.94
11:39:47 | INFO     | [MARKET BEAR] risk-off cash mode — short_pairs=14, short_signals=23, top3=43.0, dominance=1.51, active_allocation=45%
11:39:47 | INFO     | [STACK] JITOSOLUSD short: 2 tools (ema_cross_short+entropy_short) → score 6.2 × 1.3 = 8.1
11:39:47 | INFO     | [STACK] ZECUSD short: 2 tools (falling_wedge_short+ema_cross_short) → score 69.7 × 1.3 = 90.6
11:39:47 | INFO     | [STACK] BNBUSD short: 2 tools (ema_cross_short+entropy_short) → score 6.5 × 1.3 = 8.4
11:39:47 | INFO     | [STACK] ADAUSD short: 2 tools (ema_cross_short+entropy_short) → score 5.4 × 1.3 = 7.0
11:39:47 | INFO     | [STACK] XBTUSD short: 2 tools (ema_cross_short+entropy_short) → score 7.2 × 1.3 = 9.4
11:39:47 | INFO     | [STACK] TAOUSD short: 2 tools (falling_wedge_short+ema_cross_short) → score 37.5 × 1.3 = 48.8
11:39:47 | INFO     | [STACK] LINKUSD long: 2 tools (buy_btc_leading+simple_buy_uptrend) → score 7.1 × 1.3 = 9.2
11:39:47 | INFO     | [STACK] AVAXUSD short: 2 tools (ema_cross_short+falling_wedge_short) → score 5.0 × 1.3 = 6.5
11:39:47 | INFO     | [STACK] DOTUSD short: 2 tools (ema_cross_short+falling_wedge_short) → score 4.9 × 1.3 = 6.3
11:39:47 | INFO     | [STACK] RAVEUSD long: 2 tools (mega_crash+flash_crash) → score 34.7 × 1.3 = 45.1
11:39:47 | INFO     | [STACK] XRPUSD short: 2 tools (ema_cross_short+entropy_short) → score 5.3 × 1.3 = 6.9
11:39:47 | DEBUG    | Skipping falling_wedge_short (ZECUSD) — short blocked (US Non-ECP margin restriction)
11:39:47 | DEBUG    | Skipping falling_wedge_short (TAOUSD) — short blocked (US Non-ECP margin restriction)
11:39:47 | INFO     | [MARKET BEAR] simple_buy_uptrend DOTUSD blocked — risk-off cash mode with score floor 18.0
11:39:47 | INFO     | [MARKET BEAR] simple_buy_uptrend XMRUSD blocked — risk-off cash mode with score floor 18.0
11:39:47 | INFO     | [MARKET BEAR] buy_btc_leading AVAXUSD blocked — risk-off cash mode with score floor 18.0
11:39:47 | DEBUG    | Skipping ema_cross_short (XBTUSD) — short blocked (US Non-ECP margin restriction)
11:39:47 | INFO     | [MARKET BEAR] buy_btc_leading LINKUSD blocked — risk-off cash mode with score floor 18.0
11:39:47 | DEBUG    | Skipping ema_cross_short (BNBUSD) — short blocked (US Non-ECP margin restriction)
11:39:47 | DEBUG    | Skipping ema_cross_short (JITOSOLUSD) — short blocked (US Non-ECP margin restriction)
11:39:47 | INFO     | [MARKET BEAR] simple_buy_uptrend XRPUSD blocked — risk-off cash mode with score floor 18.0
11:39:47 | DEBUG    | Skipping ema_cross_short (ADAUSD) — short blocked (US Non-ECP margin restriction)
11:39:47 | DEBUG    | Skipping ema_cross_short (XRPUSD) — short blocked (US Non-ECP margin restriction)
11:39:47 | DEBUG    | Skipping ema_cross_short (ETHUSD) — short blocked (US Non-ECP margin restriction)
11:39:47 | DEBUG    | Skipping ema_cross_short (AVAXUSD) — short blocked (US Non-ECP margin restriction)
11:39:47 | DEBUG    | Skipping ema_cross_short (DOTUSD) — short blocked (US Non-ECP margin restriction)
11:39:47 | DEBUG    | Skipping ema_cross_short (SOLUSD) — short blocked (US Non-ECP margin restriction)
11:39:47 | INFO     | [MARKET BEAR] simple_buy_uptrend SOLUSD blocked — risk-off cash mode with score floor 18.0
11:39:47 | INFO     | [MARKET BEAR] simple_buy_uptrend ADAUSD blocked — risk-off cash mode with score floor 18.0
11:39:47 | DEBUG    | Skipping ema_cross_short (LTCUSD) — short blocked (US Non-ECP margin restriction)
11:39:47 | DEBUG    | Skipping ema_cross_short (LINKUSD) — short blocked (US Non-ECP margin restriction)
11:39:47 | INFO     | [MARKET BEAR] simple_buy_uptrend LTCUSD blocked — risk-off cash mode with score floor 18.0
11:39:47 | INFO     | [MARKET BEAR] btc_alt_spread ZEURZUSD blocked — risk-off cash mode with score floor 18.0
11:39:47 | INFO     | [2026-04-22 11:39:47] CYCLE #4994 | F&G: 32 (Neutral) | Allocation: Grid 0% / Active 45%
11:39:47 | INFO     | Balance: $340.94 (start: $300.00, +13.6%) | Grid: $0.00 | Active: $0.00
11:39:47 | INFO     | Grid: 0 positions across 40 pairs | 0 round trips | $0.00 profit
11:39:47 | INFO     | Active: 2/8 positions open
11:39:47 | INFO     |   → HYPEUSD long +2.8% (btc_alt_spread, 22.9h held)
11:39:47 | INFO     |   → RAVEUSD long -1.3% (flash_crash, 0.6h held)
11:39:47 | INFO     | Signals this cycle: falling_wedge_short ZECUSD (score 90.6), falling_wedge_short TAOUSD (score 48.8), mega_crash RAVEUSD (score 45.1)
11:39:47 | INFO     | MTF: 18% bearish 4h, 82% bullish 4h | Avg 4h RSI: 63.9
11:39:47 | INFO     | Tool streaks: entropy_dip L5
11:39:47 | INFO     | Cycle took 10.9s, sleeping 289.1s
11:39:47 | INFO     | ════════════════════════════════════════════════════════════════════════════════
11:40:04 | INFO     | 💰 VOLUME SPIKE: NEARUSD 4.3x normal volume
11:40:07 | INFO     | 🔌 Real-time event during sleep! Processing...
11:42:17 | INFO     | 💰 VOLUME SPIKE: AAVEUSD 3.3x normal volume
11:42:27 | INFO     | 🔌 Real-time event during sleep! Processing...
11:43:56 | INFO     | 💰 VOLUME SPIKE: UNIUSD 4.9x normal volume
11:43:57 | INFO     | 🔌 Real-time event during sleep! Processing...
11:44:36 | INFO     | ════════════════════════════════════════════════════════════════════════════════
11:44:47 | INFO     | 💰 Kraken account balance: $340.49
11:44:47 | INFO     | [MARKET BEAR] risk-off cash mode — short_pairs=14, short_signals=23, top3=44.0, dominance=1.42, active_allocation=45%
11:44:47 | INFO     | [STACK] LTCUSD long: 2 tools (buy_btc_leading+simple_buy_uptrend) → score 8.0 × 1.3 = 10.4
11:44:47 | INFO     | [STACK] JITOSOLUSD short: 2 tools (ema_cross_short+entropy_short) → score 6.2 × 1.3 = 8.1
11:44:47 | INFO     | [STACK] ZECUSD short: 2 tools (falling_wedge_short+ema_cross_short) → score 72.6 × 1.3 = 94.3
11:44:47 | INFO     | [STACK] BNBUSD short: 2 tools (ema_cross_short+entropy_short) → score 6.5 × 1.3 = 8.4
11:44:47 | INFO     | [STACK] ADAUSD short: 2 tools (ema_cross_short+entropy_short) → score 5.4 × 1.3 = 7.0
11:44:47 | INFO     | [STACK] XBTUSD short: 2 tools (ema_cross_short+entropy_short) → score 7.2 × 1.3 = 9.4
11:44:47 | INFO     | [STACK] TAOUSD short: 2 tools (falling_wedge_short+ema_cross_short) → score 37.5 × 1.3 = 48.8
11:44:47 | INFO     | [STACK] LINKUSD long: 2 tools (buy_btc_leading+simple_buy_uptrend) → score 7.1 × 1.3 = 9.2
11:44:47 | INFO     | [STACK] AVAXUSD short: 2 tools (ema_cross_short+falling_wedge_short) → score 4.9 × 1.3 = 6.4
11:44:47 | INFO     | [STACK] DOTUSD short: 2 tools (ema_cross_short+falling_wedge_short) → score 4.8 × 1.3 = 6.2
11:44:47 | INFO     | [STACK] RAVEUSD long: 2 tools (mega_crash+flash_crash) → score 34.9 × 1.3 = 45.4
11:44:47 | INFO     | [STACK] XRPUSD short: 2 tools (ema_cross_short+entropy_short) → score 5.3 × 1.3 = 6.8
11:44:47 | DEBUG    | Skipping falling_wedge_short (ZECUSD) — short blocked (US Non-ECP margin restriction)
11:44:47 | DEBUG    | Skipping falling_wedge_short (TAOUSD) — short blocked (US Non-ECP margin restriction)
11:44:47 | INFO     | [MARKET BEAR] simple_buy_uptrend DOTUSD blocked — risk-off cash mode with score floor 18.0
11:44:47 | INFO     | [MARKET BEAR] simple_buy_uptrend XMRUSD blocked — risk-off cash mode with score floor 18.0
11:44:47 | INFO     | [MARKET BEAR] buy_btc_leading LTCUSD blocked — risk-off cash mode with score floor 18.0
11:44:47 | INFO     | [MARKET BEAR] buy_btc_leading AVAXUSD blocked — risk-off cash mode with score floor 18.0
11:44:47 | DEBUG    | Skipping ema_cross_short (XBTUSD) — short blocked (US Non-ECP margin restriction)
11:44:47 | INFO     | [MARKET BEAR] buy_btc_leading LINKUSD blocked — risk-off cash mode with score floor 18.0
11:44:47 | DEBUG    | Skipping ema_cross_short (BNBUSD) — short blocked (US Non-ECP margin restriction)
11:44:47 | DEBUG    | Skipping ema_cross_short (JITOSOLUSD) — short blocked (US Non-ECP margin restriction)
11:44:47 | INFO     | [MARKET BEAR] simple_buy_uptrend XRPUSD blocked — risk-off cash mode with score floor 18.0
11:44:47 | DEBUG    | Skipping ema_cross_short (ADAUSD) — short blocked (US Non-ECP margin restriction)
11:44:47 | DEBUG    | Skipping ema_cross_short (XRPUSD) — short blocked (US Non-ECP margin restriction)
11:44:47 | DEBUG    | Skipping ema_cross_short (ETHUSD) — short blocked (US Non-ECP margin restriction)
11:44:47 | DEBUG    | Skipping ema_cross_short (AVAXUSD) — short blocked (US Non-ECP margin restriction)
11:44:47 | DEBUG    | Skipping ema_cross_short (DOTUSD) — short blocked (US Non-ECP margin restriction)
11:44:47 | DEBUG    | Skipping ema_cross_short (SOLUSD) — short blocked (US Non-ECP margin restriction)
11:44:47 | INFO     | [MARKET BEAR] simple_buy_uptrend SOLUSD blocked — risk-off cash mode with score floor 18.0
11:44:47 | INFO     | [MARKET BEAR] simple_buy_uptrend ADAUSD blocked — risk-off cash mode with score floor 18.0
11:44:47 | DEBUG    | Skipping ema_cross_short (LTCUSD) — short blocked (US Non-ECP margin restriction)
11:44:47 | DEBUG    | Skipping ema_cross_short (LINKUSD) — short blocked (US Non-ECP margin restriction)
11:44:47 | INFO     | [MARKET BEAR] btc_alt_spread ZEURZUSD blocked — risk-off cash mode with score floor 18.0
11:44:47 | INFO     | [2026-04-22 11:44:47] CYCLE #4995 | F&G: 32 (Neutral) | Allocation: Grid 0% / Active 45%
11:44:47 | INFO     | Balance: $340.49 (start: $300.00, +13.5%) | Grid: $0.00 | Active: $0.00
11:44:47 | INFO     | Grid: 0 positions across 40 pairs | 0 round trips | $0.00 profit
11:44:47 | INFO     | Active: 2/8 positions open
11:44:47 | INFO     |   → HYPEUSD long +2.9% (btc_alt_spread, 22.9h held)
11:44:47 | INFO     |   → RAVEUSD long -1.5% (flash_crash, 0.7h held)
11:44:47 | INFO     | Signals this cycle: falling_wedge_short ZECUSD (score 94.3), falling_wedge_short TAOUSD (score 48.8), mega_crash RAVEUSD (score 45.4)
11:44:47 | INFO     | MTF: 18% bearish 4h, 82% bullish 4h | Avg 4h RSI: 63.6
11:44:47 | INFO     | Tool streaks: entropy_dip L5
11:44:47 | INFO     | Cycle took 11.0s, sleeping 289.0s
11:44:47 | INFO     | ════════════════════════════════════════════════════════════════════════════════
11:46:55 | INFO     | 💰 VOLUME SPIKE: XBTUSD 3.7x normal volume
11:46:57 | INFO     | 🔌 Real-time event during sleep! Processing...
11:47:04 | INFO     | 💰 VOLUME SPIKE: DOTUSD 4.8x normal volume
11:47:07 | INFO     | 🔌 Real-time event during sleep! Processing...
11:47:32 | INFO     | 💰 VOLUME SPIKE: ADAUSD 3.4x normal volume
11:47:37 | INFO     | 🔌 Real-time event during sleep! Processing...
11:47:41 | INFO     | 💰 VOLUME SPIKE: LTCUSD 4.5x normal volume
11:47:47 | INFO     | 🔌 Real-time event during sleep! Processing...
11:48:47 | INFO     | 💰 VOLUME SPIKE: AVAXUSD 3.3x normal volume
11:48:48 | INFO     | 🔌 Real-time event during sleep! Processing...
11:49:01 | INFO     | 💰 VOLUME SPIKE: ETHUSD 3.1x normal volume
11:49:08 | INFO     | 🔌 Real-time event during sleep! Processing...
11:49:37 | INFO     | ════════════════════════════════════════════════════════════════════════════════
11:49:47 | INFO     | 💰 Kraken account balance: $338.86
11:49:47 | INFO     | 💰 VOLUME SPIKE: ATOMUSD 4.4x normal volume
11:49:47 | INFO     | [MARKET BEAR] risk-off cash mode — short_pairs=14, short_signals=22, top3=46.2, dominance=1.72, active_allocation=45%
11:49:47 | INFO     | [STACK] JITOSOLUSD short: 2 tools (ema_cross_short+entropy_short) → score 6.2 × 1.3 = 8.1
11:49:47 | INFO     | [STACK] ZECUSD short: 2 tools (falling_wedge_short+ema_cross_short) → score 78.7 × 1.3 = 102.3
11:49:47 | INFO     | [STACK] BNBUSD short: 2 tools (ema_cross_short+entropy_short) → score 6.5 × 1.3 = 8.5
11:49:47 | INFO     | [STACK] ADAUSD short: 2 tools (ema_cross_short+entropy_short) → score 5.5 × 1.3 = 7.1
11:49:47 | INFO     | [STACK] XBTUSD short: 2 tools (ema_cross_short+entropy_short) → score 7.3 × 1.3 = 9.5
11:49:47 | INFO     | [STACK] LINKUSD long: 2 tools (buy_btc_leading+simple_buy_uptrend) → score 7.1 × 1.3 = 9.3
11:49:47 | INFO     | [STACK] AVAXUSD short: 2 tools (ema_cross_short+falling_wedge_short) → score 4.9 × 1.3 = 6.4
11:49:47 | INFO     | [STACK] DOTUSD short: 2 tools (ema_cross_short+falling_wedge_short) → score 4.8 × 1.3 = 6.2
11:49:47 | INFO     | [STACK] RAVEUSD long: 2 tools (mega_crash+flash_crash) → score 38.2 × 1.3 = 49.6
11:49:47 | INFO     | [STACK] XRPUSD short: 2 tools (ema_cross_short+entropy_short) → score 5.5 × 1.3 = 7.1
11:49:47 | DEBUG    | Skipping falling_wedge_short (ZECUSD) — short blocked (US Non-ECP margin restriction)
11:49:47 | DEBUG    | Skipping falling_wedge_short (TAOUSD) — short blocked (US Non-ECP margin restriction)
11:49:47 | INFO     | [MARKET BEAR] simple_buy_uptrend DOTUSD blocked — risk-off cash mode with score floor 18.0
11:49:47 | INFO     | [MARKET BEAR] simple_buy_uptrend XMRUSD blocked — risk-off cash mode with score floor 18.0
11:49:47 | INFO     | [MARKET BEAR] buy_btc_leading AVAXUSD blocked — risk-off cash mode with score floor 18.0
11:49:47 | DEBUG    | Skipping ema_cross_short (XBTUSD) — short blocked (US Non-ECP margin restriction)
11:49:47 | INFO     | [MARKET BEAR] buy_btc_leading LINKUSD blocked — risk-off cash mode with score floor 18.0
11:49:47 | DEBUG    | Skipping ema_cross_short (BNBUSD) — short blocked (US Non-ECP margin restriction)
11:49:47 | DEBUG    | Skipping ema_cross_short (JITOSOLUSD) — short blocked (US Non-ECP margin restriction)
11:49:47 | INFO     | [MARKET BEAR] simple_buy_uptrend XRPUSD blocked — risk-off cash mode with score floor 18.0
11:49:47 | DEBUG    | Skipping ema_cross_short (ADAUSD) — short blocked (US Non-ECP margin restriction)
11:49:47 | DEBUG    | Skipping ema_cross_short (XRPUSD) — short blocked (US Non-ECP margin restriction)
11:49:47 | DEBUG    | Skipping ema_cross_short (ETHUSD) — short blocked (US Non-ECP margin restriction)
11:49:47 | DEBUG    | Skipping ema_cross_short (AVAXUSD) — short blocked (US Non-ECP margin restriction)
11:49:47 | DEBUG    | Skipping ema_cross_short (SOLUSD) — short blocked (US Non-ECP margin restriction)
11:49:47 | DEBUG    | Skipping ema_cross_short (DOTUSD) — short blocked (US Non-ECP margin restriction)
11:49:47 | INFO     | [MARKET BEAR] simple_buy_uptrend SOLUSD blocked — risk-off cash mode with score floor 18.0
11:49:47 | DEBUG    | Skipping ema_cross_short (LTCUSD) — short blocked (US Non-ECP margin restriction)
11:49:47 | DEBUG    | Skipping ema_cross_short (LINKUSD) — short blocked (US Non-ECP margin restriction)
11:49:47 | INFO     | [MARKET BEAR] btc_alt_spread ZEURZUSD blocked — risk-off cash mode with score floor 18.0
11:49:47 | INFO     | [2026-04-22 11:49:47] CYCLE #4996 | F&G: 32 (Neutral) | Allocation: Grid 0% / Active 45%
11:49:47 | INFO     | Balance: $338.86 (start: $300.00, +13.0%) | Grid: $0.00 | Active: $0.00
11:49:47 | INFO     | Grid: 0 positions across 40 pairs | 0 round trips | $0.00 profit
11:49:47 | INFO     | Active: 2/8 positions open
11:49:47 | INFO     |   → HYPEUSD long +3.1% (btc_alt_spread, 23.0h held)
11:49:47 | INFO     |   → RAVEUSD long -3.3% (flash_crash, 0.7h held)
11:49:47 | INFO     | Signals this cycle: falling_wedge_short ZECUSD (score 102.3), mega_crash RAVEUSD (score 49.6), falling_wedge_short TAOUSD (score 37.5)
11:49:47 | INFO     | MTF: 18% bearish 4h, 82% bullish 4h | Avg 4h RSI: 64.0
11:49:47 | INFO     | Tool streaks: entropy_dip L5
11:49:47 | INFO     | Cycle took 10.7s, sleeping 289.3s
11:49:47 | INFO     | ════════════════════════════════════════════════════════════════════════════════
11:49:57 | INFO     | 🔌 Real-time event during sleep! Processing...
11:51:47 | INFO     | 💰 VOLUME SPIKE: NEARUSD 5.0x normal volume
11:51:47 | INFO     | 🔌 Real-time event during sleep! Processing...
11:53:42 | INFO     | 💰 VOLUME SPIKE: FILUSD 5.0x normal volume
11:53:47 | INFO     | 🔌 Real-time event during sleep! Processing...
11:54:13 | INFO     | 💰 VOLUME SPIKE: AAVEUSD 5.0x normal volume
11:54:17 | INFO     | 🔌 Real-time event during sleep! Processing...
11:54:37 | INFO     | ════════════════════════════════════════════════════════════════════════════════
11:54:48 | INFO     | 💰 VOLUME SPIKE: SOLUSD 3.6x normal volume
11:54:49 | INFO     | 💰 Kraken account balance: $338.81
11:54:49 | INFO     | [MARKET BEAR] normal — short_pairs=13, short_signals=20, top3=12.3, dominance=0.74, active_allocation=100%
11:54:49 | INFO     | [STACK] JITOSOLUSD short: 2 tools (ema_cross_short+entropy_short) → score 6.2 × 1.3 = 8.1
11:54:49 | INFO     | [STACK] BNBUSD short: 2 tools (ema_cross_short+entropy_short) → score 6.5 × 1.3 = 8.5
11:54:49 | INFO     | [STACK] ADAUSD short: 2 tools (ema_cross_short+entropy_short) → score 5.5 × 1.3 = 7.1
11:54:49 | INFO     | [STACK] XBTUSD short: 2 tools (ema_cross_short+entropy_short) → score 7.4 × 1.3 = 9.6
11:54:49 | INFO     | [STACK] LINKUSD long: 2 tools (buy_btc_leading+simple_buy_uptrend) → score 7.3 × 1.3 = 9.5
11:54:49 | INFO     | [STACK] AVAXUSD short: 2 tools (ema_cross_short+falling_wedge_short) → score 4.9 × 1.3 = 6.3
11:54:49 | INFO     | [STACK] DOTUSD short: 2 tools (ema_cross_short+falling_wedge_short) → score 4.7 × 1.3 = 6.1
11:54:49 | INFO     | [STACK] RAVEUSD long: 2 tools (mega_crash+flash_crash) → score 38.4 × 1.3 = 50.0
11:54:49 | INFO     | [STACK] XRPUSD short: 2 tools (ema_cross_short+entropy_short) → score 5.4 × 1.3 = 7.0
11:54:49 | INFO     | Skipping simple_buy_uptrend (DOTUSD) - bull tool blocked in fear/bear (F&G=32, 82% bullish)
11:54:49 | INFO     | Skipping simple_buy_uptrend (XMRUSD) - bull tool blocked in fear/bear (F&G=32, 82% bullish)
11:54:49 | INFO     | Skipping buy_btc_leading (AVAXUSD) - bull tool blocked in fear/bear (F&G=32, 82% bullish)
11:54:49 | DEBUG    | Skipping ema_cross_short (XBTUSD) — short blocked (US Non-ECP margin restriction)
11:54:49 | INFO     | Skipping buy_btc_leading (LINKUSD) - bull tool blocked in fear/bear (F&G=32, 82% bullish)
11:54:49 | DEBUG    | Skipping ema_cross_short (BNBUSD) — short blocked (US Non-ECP margin restriction)
11:54:49 | DEBUG    | Skipping ema_cross_short (JITOSOLUSD) — short blocked (US Non-ECP margin restriction)
11:54:49 | INFO     | Skipping simple_buy_uptrend (XRPUSD) - bull tool blocked in fear/bear (F&G=32, 82% bullish)
11:54:49 | DEBUG    | Skipping ema_cross_short (ADAUSD) — short blocked (US Non-ECP margin restriction)
11:54:49 | DEBUG    | Skipping ema_cross_short (XRPUSD) — short blocked (US Non-ECP margin restriction)
11:54:49 | DEBUG    | Skipping ema_cross_short (ZECUSD) — short blocked (US Non-ECP margin restriction)
11:54:49 | DEBUG    | Skipping ema_cross_short (ETHUSD) — short blocked (US Non-ECP margin restriction)
11:54:49 | DEBUG    | Skipping ema_cross_short (AVAXUSD) — short blocked (US Non-ECP margin restriction)
11:54:49 | DEBUG    | Skipping ema_cross_short (SOLUSD) — short blocked (US Non-ECP margin restriction)
11:54:49 | DEBUG    | Skipping ema_cross_short (DOTUSD) — short blocked (US Non-ECP margin restriction)
11:54:49 | INFO     | Skipping simple_buy_uptrend (SOLUSD) - bull tool blocked in fear/bear (F&G=32, 82% bullish)
11:54:49 | INFO     | Skipping simple_buy_uptrend (ADAUSD) - bull tool blocked in fear/bear (F&G=32, 82% bullish)
11:54:49 | DEBUG    | Skipping ema_cross_short (LTCUSD) — short blocked (US Non-ECP margin restriction)
11:54:49 | DEBUG    | Skipping ema_cross_short (LINKUSD) — short blocked (US Non-ECP margin restriction)
11:54:49 | DEBUG    | Kelly sizing for btc_alt_spread: WR=53%, payoff=0.1, kelly_f=0.50
11:54:49 | INFO     | [SIZE CAP] ZEURZUSD capped $168.02 → $67.76 (20% of $338.81)
11:54:56 | INFO     | 💰 VOLUME SPIKE: UNIUSD 3.2x normal volume
11:55:02 | INFO     | [META] btc_alt_spread ZEURZUSD pooled prob 0.47 → size x0.99
11:55:02 | INFO     | Placing buy limit order: 57.29106285 ZEURZUSD @ 1.17092
11:55:02 | WARNING  | Kraken API error (attempt 1/3): ['EAccount:Invalid permissions:EUR/USD trading restricted for US:FL.'] — retrying in 2s
11:55:04 | WARNING  | Kraken API error (attempt 2/3): ['EAccount:Invalid permissions:EUR/USD trading restricted for US:FL.'] — retrying in 4s
11:55:09 | ERROR    | Kraken API error after 3 attempts: ['EAccount:Invalid permissions:EUR/USD trading restricted for US:FL.']
11:55:09 | WARNING  | Order failed for ZEURZUSD — no order_id returned, aborting position
11:55:09 | INFO     | [2026-04-22 11:55:09] CYCLE #4997 | F&G: 32 (Neutral) | Allocation: Grid 0% / Active 100%
11:55:09 | INFO     | Balance: $338.81 (start: $300.00, +12.9%) | Grid: $0.00 | Active: $168.02
11:55:09 | INFO     | Grid: 0 positions across 40 pairs | 0 round trips | $0.00 profit
11:55:09 | INFO     | Active: 2/8 positions open
11:55:09 | INFO     |   → HYPEUSD long +3.2% (btc_alt_spread, 23.1h held)
11:55:09 | INFO     |   → RAVEUSD long -3.5% (flash_crash, 0.8h held)
11:55:09 | INFO     | Signals this cycle: mega_crash RAVEUSD (score 50.0), ema_cross_short HYPEUSD (score 22.7), simple_buy_uptrend DOTUSD (score 13.6)
11:55:09 | INFO     | MTF: 18% bearish 4h, 82% bullish 4h | Avg 4h RSI: 64.1
11:55:09 | INFO     | Tool streaks: entropy_dip L5
11:55:09 | INFO     | Cycle took 32.0s, sleeping 268.0s
11:55:09 | INFO     | ════════════════════════════════════════════════════════════════════════════════
11:55:19 | INFO     | 🔌 Real-time event during sleep! Processing...
11:56:38 | INFO     | 💰 VOLUME SPIKE: LINKUSD 3.1x normal volume
11:56:39 | INFO     | 🔌 Real-time event during sleep! Processing...
11:57:21 | INFO     | 💰 VOLUME SPIKE: XRPUSD 3.3x normal volume
11:57:29 | INFO     | 🔌 Real-time event during sleep! Processing...
11:57:40 | INFO     | 💰 VOLUME SPIKE: ADAUSD 3.6x normal volume
11:57:40 | INFO     | 💰 VOLUME SPIKE: DOTUSD 3.3x normal volume
11:57:49 | INFO     | 🔌 Real-time event during sleep! Processing...
11:58:56 | INFO     | 💰 VOLUME SPIKE: AVAXUSD 4.3x normal volume
11:58:57 | INFO     | 💰 VOLUME SPIKE: XLMUSD 4.7x normal volume
11:58:59 | INFO     | 🔌 Real-time event during sleep! Processing...
11:59:37 | INFO     | ════════════════════════════════════════════════════════════════════════════════
11:59:52 | INFO     | 💰 Kraken account balance: $338.95
11:59:52 | INFO     | [STACK] JITOSOLUSD short: 2 tools (ema_cross_short+entropy_short) → score 6.2 × 1.3 = 8.1
11:59:52 | INFO     | [STACK] ADAUSD short: 2 tools (ema_cross_short+entropy_short) → score 5.3 × 1.3 = 6.9
11:59:52 | INFO     | [STACK] ADAUSD long: 2 tools (buy_btc_leading+simple_buy_uptrend) → score 6.6 × 1.3 = 8.6
11:59:52 | INFO     | [STACK] XBTUSD short: 2 tools (ema_cross_short+entropy_short) → score 7.3 × 1.3 = 9.5
11:59:52 | INFO     | [STACK] LINKUSD long: 2 tools (buy_btc_leading+simple_buy_uptrend) → score 7.2 × 1.3 = 9.4
11:59:52 | INFO     | [STACK] AVAXUSD short: 2 tools (ema_cross_short+falling_wedge_short) → score 4.8 × 1.3 = 6.2
11:59:52 | INFO     | [STACK] DOTUSD short: 2 tools (ema_cross_short+falling_wedge_short) → score 4.6 × 1.3 = 6.0
11:59:52 | INFO     | [STACK] RAVEUSD long: 2 tools (mega_crash+flash_crash) → score 37.7 × 1.3 = 49.0
11:59:52 | INFO     | [STACK] XRPUSD short: 2 tools (ema_cross_short+entropy_short) → score 5.3 × 1.3 = 6.8
11:59:52 | INFO     | Skipping simple_buy_uptrend (DOTUSD) - bull tool blocked in fear/bear (F&G=32, 82% bullish)
11:59:52 | INFO     | Skipping simple_buy_uptrend (XMRUSD) - bull tool blocked in fear/bear (F&G=32, 82% bullish)
11:59:52 | INFO     | Skipping buy_btc_leading (AVAXUSD) - bull tool blocked in fear/bear (F&G=32, 82% bullish)
11:59:52 | DEBUG    | Skipping ema_cross_short (XBTUSD) — short blocked (US Non-ECP margin restriction)
11:59:52 | INFO     | Skipping buy_btc_leading (LINKUSD) - bull tool blocked in fear/bear (F&G=32, 82% bullish)
11:59:52 | INFO     | Skipping buy_btc_leading (ADAUSD) - bull tool blocked in fear/bear (F&G=32, 82% bullish)
11:59:52 | DEBUG    | Skipping ema_cross_short (JITOSOLUSD) — short blocked (US Non-ECP margin restriction)
11:59:52 | INFO     | Skipping simple_buy_uptrend (XRPUSD) - bull tool blocked in fear/bear (F&G=32, 82% bullish)
11:59:52 | DEBUG    | Skipping ema_cross_short (ADAUSD) — short blocked (US Non-ECP margin restriction)
11:59:52 | DEBUG    | Skipping ema_cross_short (XRPUSD) — short blocked (US Non-ECP margin restriction)
11:59:52 | DEBUG    | Skipping ema_cross_short (ZECUSD) — short blocked (US Non-ECP margin restriction)
11:59:52 | DEBUG    | Skipping ema_cross_short (ETHUSD) — short blocked (US Non-ECP margin restriction)
11:59:52 | DEBUG    | Skipping ema_cross_short (BNBUSD) — short blocked (US Non-ECP margin restriction)
11:59:52 | DEBUG    | Skipping ema_cross_short (AVAXUSD) — short blocked (US Non-ECP margin restriction)
11:59:52 | DEBUG    | Skipping ema_cross_short (SOLUSD) — short blocked (US Non-ECP margin restriction)
11:59:52 | DEBUG    | Skipping ema_cross_short (DOTUSD) — short blocked (US Non-ECP margin restriction)
11:59:52 | INFO     | Skipping simple_buy_uptrend (SOLUSD) - bull tool blocked in fear/bear (F&G=32, 82% bullish)
11:59:52 | DEBUG    | Skipping ema_cross_short (LTCUSD) — short blocked (US Non-ECP margin restriction)
11:59:52 | DEBUG    | Skipping ema_cross_short (LINKUSD) — short blocked (US Non-ECP margin restriction)
11:59:52 | DEBUG    | Kelly sizing for btc_alt_spread: WR=53%, payoff=0.1, kelly_f=0.50
11:59:52 | INFO     | [SIZE CAP] ZEURZUSD capped $168.16 → $67.79 (20% of $338.95)
12:00:09 | INFO     | [META] btc_alt_spread ZEURZUSD pooled prob 0.47 → size x0.99
12:00:09 | INFO     | Placing buy limit order: 57.31027539 ZEURZUSD @ 1.17101
12:00:09 | WARNING  | Kraken API error (attempt 1/3): ['EAccount:Invalid permissions:EUR/USD trading restricted for US:FL.'] — retrying in 2s
12:00:11 | WARNING  | Kraken API error (attempt 2/3): ['EAccount:Invalid permissions:EUR/USD trading restricted for US:FL.'] — retrying in 4s
12:00:15 | ERROR    | Kraken API error after 3 attempts: ['EAccount:Invalid permissions:EUR/USD trading restricted for US:FL.']
12:00:15 | WARNING  | Order failed for ZEURZUSD — no order_id returned, aborting position
12:00:15 | DEBUG    | Kelly sizing for btc_alt_spread: WR=53%, payoff=0.1, kelly_f=0.50
12:00:15 | INFO     | [SIZE CAP] TAOUSD capped $166.99 → $67.79 (20% of $338.95)
12:00:25 | INFO     | [META] btc_alt_spread TAOUSD pooled prob 0.47 → size x0.99
12:00:25 | INFO     | Placing buy limit order: 0.27498 TAOUSD @ 244.0498
12:00:25 | INFO     | Order placed: {'txid': ['OYASWL-VHPCO-HFEUGK'], 'descr': {'order': 'buy 0.274980 TAOUSD @ limit 244.0498'}}
12:00:25 | INFO     | Placing sell limit order: 0.13749 TAOUSD @ 263.5737
12:00:26 | ERROR    | Kraken API error (non-retriable): ['EOrder:Insufficient funds']
12:00:26 | INFO     | [OPEN] TAOUSD long LIMIT @ $244.0498 | Tool: btc_alt_spread | Size: $67.11 | Score: 0.2 | SL: 4.0%
12:00:26 | INFO     | [2026-04-22 12:00:26] CYCLE #4998 | F&G: 32 (Neutral) | Allocation: Grid 0% / Active 100%
12:00:26 | INFO     | Balance: $338.95 (start: $300.00, +13.0%) | Grid: $0.00 | Active: $101.05
12:00:26 | INFO     | Grid: 0 positions across 40 pairs | 0 round trips | $0.00 profit
12:00:26 | INFO     | Active: 3/8 positions open
12:00:26 | INFO     |   → HYPEUSD long +2.8% (btc_alt_spread, 23.2h held)
12:00:26 | INFO     |   → RAVEUSD long -3.0% (flash_crash, 0.9h held)
12:00:26 | INFO     |   → TAOUSD long +0.0% (btc_alt_spread, 0.0h held)
12:00:26 | INFO     | Signals this cycle: mega_crash RAVEUSD (score 49.0), ema_cross_short HYPEUSD (score 21.7), simple_buy_uptrend DOTUSD (score 13.4)
12:00:26 | INFO     | MTF: 24% bearish 4h, 76% bullish 4h | Avg 4h RSI: 62.8
12:00:26 | INFO     | Tool streaks: entropy_dip L5
12:00:26 | INFO     | Cycle took 48.9s, sleeping 251.1s
12:00:26 | INFO     | ════════════════════════════════════════════════════════════════════════════════
12:02:03 | INFO     | 💰 VOLUME SPIKE: ETHUSD 3.1x normal volume
12:02:06 | INFO     | 🔌 Real-time event during sleep! Processing...
12:02:08 | INFO     | 💰 VOLUME SPIKE: ATOMUSD 3.1x normal volume
12:02:16 | INFO     | 🔌 Real-time event during sleep! Processing...
12:02:24 | INFO     | 💰 VOLUME SPIKE: NEARUSD 4.7x normal volume
12:02:26 | INFO     | 🔌 Real-time event during sleep! Processing...
12:04:37 | INFO     | ════════════════════════════════════════════════════════════════════════════════
12:04:50 | INFO     | 💰 Kraken account balance: $338.21
12:04:50 | INFO     | [FILLED] TAOUSD long — holding 0.2752 on Kraken
12:04:50 | INFO     | [STACK] JITOSOLUSD short: 2 tools (ema_cross_short+entropy_short) → score 6.1 × 1.3 = 7.9
12:04:50 | INFO     | [STACK] BNBUSD short: 2 tools (ema_cross_short+entropy_short) → score 6.4 × 1.3 = 8.3
12:04:50 | INFO     | [STACK] ADAUSD short: 2 tools (ema_cross_short+entropy_short) → score 5.2 × 1.3 = 6.8
12:04:50 | INFO     | [STACK] XBTUSD short: 2 tools (ema_cross_short+entropy_short) → score 7.4 × 1.3 = 9.6
12:04:50 | INFO     | [STACK] LINKUSD short: 2 tools (ema_cross_short+falling_wedge_short) → score 4.5 × 1.3 = 5.8
12:04:50 | INFO     | [STACK] LINKUSD long: 2 tools (buy_btc_leading+simple_buy_uptrend) → score 7.1 × 1.3 = 9.3
12:04:50 | INFO     | [STACK] AVAXUSD short: 2 tools (ema_cross_short+distribution_short) → score 4.6 × 1.3 = 6.0
12:04:50 | INFO     | [STACK] DOTUSD short: 2 tools (ema_cross_short+distribution_short) → score 4.3 × 1.3 = 5.6
12:04:50 | INFO     | [STACK] RAVEUSD long: 2 tools (mega_crash+flash_crash) → score 43.8 × 1.3 = 57.0
12:04:50 | INFO     | [STACK] XRPUSD short: 2 tools (ema_cross_short+entropy_short) → score 5.2 × 1.3 = 6.8
12:04:50 | INFO     | Skipping simple_buy_uptrend (DOTUSD) - bull tool blocked in fear/bear (F&G=32, 76% bullish)
12:04:50 | INFO     | Skipping simple_buy_uptrend (XMRUSD) - bull tool blocked in fear/bear (F&G=32, 76% bullish)
12:04:50 | INFO     | Skipping buy_btc_leading (AVAXUSD) - bull tool blocked in fear/bear (F&G=32, 76% bullish)
12:04:50 | DEBUG    | Skipping ema_cross_short (XBTUSD) — short blocked (US Non-ECP margin restriction)
12:04:50 | INFO     | Skipping buy_btc_leading (LINKUSD) - bull tool blocked in fear/bear (F&G=32, 76% bullish)
12:04:50 | DEBUG    | Skipping ema_cross_short (BNBUSD) — short blocked (US Non-ECP margin restriction)
12:04:50 | DEBUG    | Skipping ema_cross_short (ZECUSD) — short blocked (US Non-ECP margin restriction)
12:04:50 | DEBUG    | Skipping ema_cross_short (JITOSOLUSD) — short blocked (US Non-ECP margin restriction)
12:04:50 | INFO     | Skipping simple_buy_uptrend (XRPUSD) - bull tool blocked in fear/bear (F&G=32, 76% bullish)
12:04:50 | DEBUG    | Skipping ema_cross_short (XRPUSD) — short blocked (US Non-ECP margin restriction)
12:04:50 | DEBUG    | Skipping ema_cross_short (ADAUSD) — short blocked (US Non-ECP margin restriction)
12:04:50 | DEBUG    | Skipping ema_cross_short (ETHUSD) — short blocked (US Non-ECP margin restriction)
12:04:50 | DEBUG    | Skipping ema_cross_short (AVAXUSD) — short blocked (US Non-ECP margin restriction)
12:04:50 | DEBUG    | Skipping ema_cross_short (LINKUSD) — short blocked (US Non-ECP margin restriction)
12:04:50 | INFO     | Skipping simple_buy_uptrend (SOLUSD) - bull tool blocked in fear/bear (F&G=32, 76% bullish)
12:04:50 | DEBUG    | Skipping ema_cross_short (SOLUSD) — short blocked (US Non-ECP margin restriction)
12:04:50 | DEBUG    | Skipping ema_cross_short (DOTUSD) — short blocked (US Non-ECP margin restriction)
12:04:50 | INFO     | Skipping simple_buy_uptrend (ADAUSD) - bull tool blocked in fear/bear (F&G=32, 76% bullish)
12:04:50 | DEBUG    | Skipping ema_cross_short (LTCUSD) — short blocked (US Non-ECP margin restriction)
12:04:50 | DEBUG    | Kelly sizing for btc_alt_spread: WR=53%, payoff=0.1, kelly_f=0.50
12:04:50 | INFO     | [SIZE CAP] ZEURZUSD capped $100.31 → $67.64 (20% of $338.21)
12:05:04 | INFO     | [META] btc_alt_spread ZEURZUSD pooled prob 0.47 → size x0.99
12:05:04 | INFO     | Placing buy limit order: 57.19323830 ZEURZUSD @ 1.17087
12:05:05 | WARNING  | Kraken API error (attempt 1/3): ['EAccount:Invalid permissions:EUR/USD trading restricted for US:FL.'] — retrying in 2s
12:05:07 | WARNING  | Kraken API error (attempt 2/3): ['EAccount:Invalid permissions:EUR/USD trading restricted for US:FL.'] — retrying in 4s
12:05:11 | ERROR    | Kraken API error after 3 attempts: ['EAccount:Invalid permissions:EUR/USD trading restricted for US:FL.']
12:05:11 | WARNING  | Order failed for ZEURZUSD — no order_id returned, aborting position
12:05:11 | INFO     | [2026-04-22 12:05:11] CYCLE #4999 | F&G: 32 (Neutral) | Allocation: Grid 0% / Active 100%
12:05:11 | INFO     | Balance: $338.21 (start: $300.00, +12.7%) | Grid: $0.00 | Active: $100.31
12:05:11 | INFO     | Grid: 0 positions across 40 pairs | 0 round trips | $0.00 profit
12:05:11 | INFO     | Active: 3/8 positions open
12:05:11 | INFO     |   → HYPEUSD long +3.1% (btc_alt_spread, 23.3h held)
12:05:11 | INFO     |   → RAVEUSD long -3.7% (flash_crash, 1.0h held)
12:05:11 | INFO     |   → TAOUSD long -0.1% (btc_alt_spread, 0.1h held)
12:05:11 | INFO     | Signals this cycle: mega_crash RAVEUSD (score 57.0), ema_cross_short HYPEUSD (score 20.9), simple_buy_uptrend DOTUSD (score 12.9)
12:05:11 | INFO     | MTF: 24% bearish 4h, 76% bullish 4h | Avg 4h RSI: 63.4
12:05:11 | INFO     | Tool streaks: entropy_dip L5
12:05:11 | INFO     | Cycle took 34.0s, sleeping 266.0s
12:05:11 | INFO     | ════════════════════════════════════════════════════════════════════════════════
12:05:36 | INFO     | 💰 VOLUME SPIKE: FILUSD 5.0x normal volume
12:05:41 | INFO     | 🔌 Real-time event during sleep! Processing...
12:07:00 | INFO     | 💰 VOLUME SPIKE: LINKUSD 3.2x normal volume
12:07:01 | INFO     | 🔌 Real-time event during sleep! Processing...
12:07:24 | INFO     | 💰 VOLUME SPIKE: XRPUSD 4.6x normal volume
12:07:28 | INFO     | 💰 VOLUME SPIKE: AAVEUSD 4.8x normal volume
12:07:31 | INFO     | 🔌 Real-time event during sleep! Processing...
12:07:41 | INFO     | Shutdown signal received, stopping bot...
12:07:41 | INFO     | Saving final state...
12:07:41 | INFO     | 🚀 FINAL TRADING BOT STOPPED
