timestamp,open,high,low,close,volume
2025-03-24 16:00:00+00:00,192.94,192.94,190.98,190.98,0.38
2025-03-24 20:00:00+00:00,190.9,190.9,188.39,188.39,4.161
2025-03-25 00:00:00+00:00,188.9,188.9,186.35,186.53,55.794
2025-03-25 04:00:00+00:00,187.02,188.77,187.02,188.77,2.272
2025-03-25 08:00:00+00:00,188.77,190.67,188.77,190.67,54.683
2025-03-25 12:00:00+00:00,188.88,190.27,187.29,189.3,15.495
2025-03-25 16:00:00+00:00,186.83,188.23,186.35,186.82,1.824
2025-03-25 20:00:00+00:00,188.23,188.77,185.24,186.31,4.57
2025-03-26 00:00:00+00:00,186.32,186.67,182.65,182.83,5.016
2025-03-26 04:00:00+00:00,184.23,188.27,184.23,188.27,4.519
2025-03-26 08:00:00+00:00,188.77,189.25,186.43,189.25,1.028
2025-03-26 12:00:00+00:00,189.72,189.72,180.64,182.46,11.494
2025-03-26 16:00:00+00:00,180.52,181.85,174.32,177.73,41.101
2025-03-26 20:00:00+00:00,176.93,179.36,175.48,176.66,12.518
2025-03-27 00:00:00+00:00,178.6,183.41,178.6,181.35,78.081
2025-03-27 04:00:00+00:00,183.39,185.02,182.99,182.99,4.284
2025-03-27 08:00:00+00:00,184.62,185.71,182.42,182.42,8.995
2025-03-27 12:00:00+00:00,181.48,185.58,180.82,183.21,13.165
2025-03-27 16:00:00+00:00,183.2,183.84,181.97,183.84,4.779
2025-03-27 20:00:00+00:00,185.02,185.8,185.02,185.8,1.877
2025-03-28 00:00:00+00:00,185.95,187.3,184.65,184.67,9.221
2025-03-28 04:00:00+00:00,183.99,183.99,175.28,175.87,22.204
2025-03-28 08:00:00+00:00,175.83,176.02,173.06,173.94,8.918
2025-03-28 12:00:00+00:00,174.08,174.08,170.0,170.0,12.705
2025-03-28 16:00:00+00:00,169.64,172.8,168.42,172.8,4.796
2025-03-28 20:00:00+00:00,170.99,175.41,170.99,175.41,2.068
2025-03-29 00:00:00+00:00,175.95,177.88,173.58,175.87,7.416
2025-03-29 04:00:00+00:00,175.15,179.6,174.82,179.1,5.777
2025-03-29 08:00:00+00:00,180.13,180.42,172.79,172.79,5.645
2025-03-29 12:00:00+00:00,174.02,175.95,171.97,172.33,19.059
2025-03-29 16:00:00+00:00,172.92,172.92,167.38,169.61,16.711
2025-03-29 20:00:00+00:00,167.92,168.02,166.03,168.02,3.847
2025-03-30 00:00:00+00:00,168.03,169.05,166.06,167.7,6.605
2025-03-30 04:00:00+00:00,166.57,166.57,164.94,166.21,0.9
2025-03-30 08:00:00+00:00,167.36,167.37,164.94,164.94,2.789
2025-03-30 12:00:00+00:00,164.49,165.14,162.82,162.82,47.518
2025-03-30 16:00:00+00:00,162.78,166.54,161.96,165.63,3.031
2025-03-30 20:00:00+00:00,164.41,164.88,162.17,162.71,8.914
2025-03-31 00:00:00+00:00,162.83,164.06,160.0,160.27,100.589
2025-03-31 04:00:00+00:00,159.57,161.62,156.43,156.43,17.517
2025-03-31 08:00:00+00:00,157.23,157.64,152.53,156.07,35.151
2025-03-31 12:00:00+00:00,156.85,162.91,155.61,161.61,18.939
2025-03-31 16:00:00+00:00,161.83,162.43,157.61,159.55,21.227
2025-03-31 20:00:00+00:00,159.83,159.83,158.76,158.8,4.098
2025-04-01 00:00:00+00:00,159.23,161.62,159.23,161.62,5.416
2025-04-01 04:00:00+00:00,161.1,165.78,161.1,165.78,5.493
2025-04-01 08:00:00+00:00,165.99,169.23,165.23,165.7,14.367
2025-04-01 12:00:00+00:00,165.88,171.3,163.59,169.64,12.149
2025-04-01 16:00:00+00:00,170.64,170.64,166.42,167.17,4.087
2025-04-01 20:00:00+00:00,167.66,168.33,166.06,166.7,5.985
2025-04-02 00:00:00+00:00,166.08,166.08,161.3,161.3,12.163
2025-04-02 04:00:00+00:00,161.44,164.21,157.96,158.76,18.214
2025-04-02 08:00:00+00:00,160.82,160.89,158.76,158.76,1.407
2025-04-02 12:00:00+00:00,157.97,164.06,156.39,162.73,48.041
2025-04-02 16:00:00+00:00,162.99,165.25,161.16,164.06,8.78
2025-04-02 20:00:00+00:00,163.23,168.7,150.0,150.57,88.277
2025-04-03 00:00:00+00:00,153.39,155.86,153.39,155.86,2.436
2025-04-03 04:00:00+00:00,155.47,156.91,152.2,152.2,11.596
2025-04-03 08:00:00+00:00,153.9,154.51,149.95,151.12,2.782
2025-04-03 12:00:00+00:00,149.06,149.14,146.64,148.92,100.713
2025-04-03 16:00:00+00:00,149.64,151.12,149.64,150.7,1.054
2025-04-03 20:00:00+00:00,151.3,152.42,150.37,150.37,3.063
2025-04-04 00:00:00+00:00,151.42,151.42,147.73,148.46,6.062
2025-04-04 04:00:00+00:00,148.45,151.12,148.45,151.12,0.192
2025-04-04 08:00:00+00:00,153.39,153.78,144.83,147.01,12.753
2025-04-04 12:00:00+00:00,146.82,152.09,145.17,149.42,40.656
2025-04-04 16:00:00+00:00,151.06,153.27,150.6,153.27,8.605
2025-04-04 20:00:00+00:00,153.33,153.39,152.95,152.95,1.405
2025-04-05 00:00:00+00:00,152.14,153.86,152.14,152.8,0.647
2025-04-05 04:00:00+00:00,152.94,152.94,150.49,150.49,5.316
2025-04-05 08:00:00+00:00,151.73,154.62,151.73,154.11,6.439
2025-04-05 12:00:00+00:00,152.53,152.63,151.3,151.3,0.538
2025-04-05 16:00:00+00:00,151.35,151.35,151.35,151.35,0.066
2025-04-05 20:00:00+00:00,149.96,152.3,149.83,152.3,3.719
2025-04-06 00:00:00+00:00,152.1,152.1,150.46,150.46,1.596
2025-04-06 04:00:00+00:00,149.42,149.42,148.65,149.06,0.896
2025-04-06 08:00:00+00:00,148.03,148.03,146.97,146.97,1.337
2025-04-06 12:00:00+00:00,146.03,146.03,143.0,144.64,2.026
2025-04-06 16:00:00+00:00,142.03,142.78,131.5,131.5,34.267
2025-04-06 20:00:00+00:00,132.51,132.51,127.27,129.17,44.702
2025-04-07 00:00:00+00:00,128.95,131.34,122.39,122.39,9.826
2025-04-07 04:00:00+00:00,124.42,124.83,114.9,117.29,48.456
2025-04-07 08:00:00+00:00,118.97,124.49,118.97,123.48,21.01
2025-04-07 12:00:00+00:00,124.32,135.56,123.88,131.38,38.666
2025-04-07 16:00:00+00:00,130.03,133.3,129.18,130.93,15.525
2025-04-07 20:00:00+00:00,132.67,135.06,129.32,132.41,8.182
2025-04-08 00:00:00+00:00,131.63,135.9,130.94,133.45,34.851
2025-04-08 04:00:00+00:00,135.3,135.93,130.03,130.03,2.984
2025-04-08 08:00:00+00:00,130.88,131.14,130.88,130.89,0.795
2025-04-08 12:00:00+00:00,133.21,135.31,130.03,131.4,22.868
2025-04-08 16:00:00+00:00,129.55,129.6,124.82,126.25,15.374
2025-04-08 20:00:00+00:00,125.39,127.19,123.88,127.19,4.817
2025-04-09 00:00:00+00:00,126.69,127.22,120.11,124.09,108.741
2025-04-09 04:00:00+00:00,125.3,129.35,125.03,129.35,9.057
2025-04-09 08:00:00+00:00,128.93,130.07,125.39,126.04,8.085
2025-04-09 12:00:00+00:00,126.1,129.61,125.71,128.45,14.536
2025-04-09 16:00:00+00:00,130.07,143.78,129.67,141.68,55.376
2025-04-09 20:00:00+00:00,142.58,145.0,141.74,143.21,43.578
2025-04-10 00:00:00+00:00,142.5,142.5,138.03,138.45,1.551
2025-04-10 04:00:00+00:00,139.14,139.14,139.14,139.14,0.014
2025-04-10 08:00:00+00:00,137.26,137.96,136.37,137.08,0.759
2025-04-10 12:00:00+00:00,136.27,136.27,129.18,129.64,5.847
2025-04-10 16:00:00+00:00,128.6,130.5,128.26,130.5,5.452
2025-04-10 20:00:00+00:00,132.15,132.84,131.88,131.94,5.051
2025-04-11 00:00:00+00:00,131.74,136.24,131.74,134.4,3.68
2025-04-11 04:00:00+00:00,134.6,136.79,134.6,136.79,0.882
2025-04-11 08:00:00+00:00,136.83,136.83,133.87,135.08,2.005
2025-04-11 12:00:00+00:00,134.4,136.14,133.73,135.46,2.852
2025-04-11 16:00:00+00:00,136.14,138.15,136.14,137.82,1.208
2025-04-11 20:00:00+00:00,136.66,139.05,135.76,135.76,6.934
2025-04-12 00:00:00+00:00,135.88,135.88,134.4,134.4,0.383
2025-04-12 04:00:00+00:00,134.03,136.83,134.03,136.83,1.095
2025-04-12 08:00:00+00:00,137.52,140.27,137.52,140.27,1.945
2025-04-12 12:00:00+00:00,140.27,148.51,139.42,148.51,62.646
2025-04-12 16:00:00+00:00,147.15,149.25,147.06,148.36,21.363
2025-04-12 20:00:00+00:00,149.78,150.02,147.86,147.86,2.922
2025-04-13 00:00:00+00:00,147.87,147.87,145.25,145.25,5.501
2025-04-13 04:00:00+00:00,144.19,144.56,143.39,144.07,3.276
2025-04-13 08:00:00+00:00,144.1,145.33,142.75,142.75,0.441
2025-04-13 12:00:00+00:00,143.36,143.36,140.03,140.45,2.405
2025-04-13 16:00:00+00:00,141.12,145.59,138.66,138.66,69.555
2025-04-13 20:00:00+00:00,139.87,141.72,136.79,138.42,8.195
2025-04-14 00:00:00+00:00,138.98,146.42,138.98,142.03,17.559
2025-04-14 04:00:00+00:00,142.26,143.54,140.11,140.11,0.661
2025-04-14 08:00:00+00:00,141.99,147.05,141.99,145.45,4.695
2025-04-14 12:00:00+00:00,145.48,146.06,139.18,139.86,19.914
2025-04-14 16:00:00+00:00,138.51,141.01,138.26,140.2,87.999
2025-04-14 20:00:00+00:00,139.55,139.55,137.03,137.33,21.368
2025-04-15 00:00:00+00:00,136.43,138.91,136.35,138.91,11.971
2025-04-15 04:00:00+00:00,138.23,139.61,138.03,138.74,4.172
2025-04-15 08:00:00+00:00,139.4,141.51,139.2,139.98,7.585
2025-04-15 12:00:00+00:00,141.01,141.73,135.76,135.76,18.329
2025-04-15 16:00:00+00:00,137.52,137.65,134.4,134.4,6.837
2025-04-15 20:00:00+00:00,134.34,135.35,133.73,134.53,40.69
2025-04-16 00:00:00+00:00,134.16,136.14,133.73,135.67,6.339
2025-04-16 04:00:00+00:00,134.4,134.4,133.73,133.73,0.175
2025-04-16 08:00:00+00:00,133.09,136.15,132.64,135.12,5.124
2025-04-16 12:00:00+00:00,134.4,136.83,133.09,135.08,5.343
2025-04-16 16:00:00+00:00,134.4,137.06,130.03,135.83,31.238
2025-04-16 20:00:00+00:00,136.61,136.66,133.73,133.73,0.83
2025-04-17 00:00:00+00:00,135.46,136.14,135.46,135.91,2.564
2025-04-17 04:00:00+00:00,136.3,139.61,136.3,139.61,3.191
2025-04-17 08:00:00+00:00,137.96,138.45,136.94,137.42,1.621
2025-04-17 12:00:00+00:00,138.43,139.56,135.08,138.19,4.565
2025-04-17 16:00:00+00:00,137.08,141.18,137.08,137.12,11.769
2025-04-17 20:00:00+00:00,138.16,139.58,138.13,138.26,10.465
2025-04-18 00:00:00+00:00,138.21,139.4,138.21,139.2,1.502
2025-04-18 04:00:00+00:00,138.84,139.61,138.39,139.61,3.193
2025-04-18 08:00:00+00:00,140.27,141.01,138.51,138.85,6.65
2025-04-18 12:00:00+00:00,138.85,138.85,137.66,137.66,5.734
2025-04-18 16:00:00+00:00,138.2,138.3,138.2,138.2,2.463
2025-04-18 20:00:00+00:00,138.97,139.22,138.37,138.37,30.106
2025-04-19 00:00:00+00:00,139.61,139.77,139.61,139.77,5.503
2025-04-19 04:00:00+00:00,139.28,140.31,139.28,139.83,3.551
2025-04-19 08:00:00+00:00,139.36,139.36,139.36,139.36,0.179
2025-04-19 12:00:00+00:00,138.51,140.79,138.51,140.79,0.25
2025-04-19 16:00:00+00:00,141.01,141.72,140.92,141.11,1.323
2025-04-19 20:00:00+00:00,141.83,142.87,141.83,142.16,6.808
2025-04-20 00:00:00+00:00,142.77,143.01,142.59,143.01,36.132
2025-04-20 04:00:00+00:00,143.01,143.15,140.43,140.43,3.197
2025-04-20 08:00:00+00:00,140.33,140.33,137.12,138.24,2.008
2025-04-20 12:00:00+00:00,138.24,138.24,138.24,138.24,0.0
2025-04-20 16:00:00+00:00,138.91,140.31,138.82,140.31,1.967
2025-04-20 20:00:00+00:00,140.79,143.15,139.29,140.65,44.903
2025-04-21 00:00:00+00:00,141.03,145.98,141.03,145.98,25.813
2025-04-21 04:00:00+00:00,144.34,145.25,144.07,145.25,0.291
2025-04-21 08:00:00+00:00,144.75,144.75,144.75,144.75,0.1
2025-04-21 12:00:00+00:00,143.47,145.33,142.75,144.0,3.339
2025-04-21 16:00:00+00:00,143.8,143.8,139.18,141.23,13.651
2025-04-21 20:00:00+00:00,141.72,142.43,141.38,142.13,23.763
2025-04-22 00:00:00+00:00,142.91,144.61,139.91,142.87,13.809
2025-04-22 04:00:00+00:00,143.46,147.74,143.46,147.27,6.12
2025-04-22 08:00:00+00:00,147.45,148.28,146.25,146.25,31.82
2025-04-22 12:00:00+00:00,148.28,154.99,146.44,151.48,220.801
2025-04-22 16:00:00+00:00,151.92,152.82,150.86,151.88,12.637
2025-04-22 20:00:00+00:00,152.68,158.58,152.68,158.58,148.119
2025-04-23 00:00:00+00:00,159.08,163.04,158.69,163.04,13.656
2025-04-23 04:00:00+00:00,163.06,165.14,161.84,162.58,50.847
2025-04-23 08:00:00+00:00,163.94,165.78,162.65,164.76,1.999
2025-04-23 12:00:00+00:00,166.25,168.72,162.65,166.42,13.168
2025-04-23 16:00:00+00:00,165.45,168.27,164.29,164.29,3.772
2025-04-23 20:00:00+00:00,166.42,168.1,166.42,168.1,0.212
2025-04-24 00:00:00+00:00,168.94,170.37,165.12,165.12,8.217
2025-04-24 04:00:00+00:00,164.93,165.86,161.6,161.6,12.251
2025-04-24 08:00:00+00:00,161.6,161.6,158.59,160.5,43.79
2025-04-24 12:00:00+00:00,161.49,167.02,161.49,167.0,4.443
2025-04-24 16:00:00+00:00,167.26,169.17,164.49,167.26,10.626
2025-04-24 20:00:00+00:00,168.01,168.1,165.95,168.1,2.714
2025-04-25 00:00:00+00:00,167.26,169.67,163.96,166.42,14.389
2025-04-25 04:00:00+00:00,167.26,167.73,166.54,166.54,4.541
2025-04-25 08:00:00+00:00,167.52,168.1,165.95,165.95,13.438
2025-04-25 12:00:00+00:00,168.1,168.41,162.97,168.01,206.89
2025-04-25 16:00:00+00:00,165.95,170.37,165.95,166.79,9.991
2025-04-25 20:00:00+00:00,168.27,168.96,166.78,167.34,2.831
2025-04-26 00:00:00+00:00,167.62,172.0,167.62,169.31,17.662
2025-04-26 04:00:00+00:00,168.7,170.97,167.62,170.97,139.341
2025-04-26 08:00:00+00:00,171.51,172.83,165.95,165.95,11.785
2025-04-26 12:00:00+00:00,166.5,168.1,164.5,168.1,139.96
2025-04-26 16:00:00+00:00,166.78,170.75,166.78,170.75,2.008
2025-04-26 20:00:00+00:00,171.49,172.94,170.4,170.6,7.582
2025-04-27 00:00:00+00:00,173.24,179.09,170.6,170.8,43.804
2025-04-27 04:00:00+00:00,170.17,170.17,167.84,169.2,6.565
2025-04-27 08:00:00+00:00,170.64,170.68,169.57,170.68,0.536
2025-04-27 12:00:00+00:00,168.48,170.64,166.42,166.75,6.95
2025-04-27 16:00:00+00:00,166.18,170.64,165.93,170.64,2.772
2025-04-27 20:00:00+00:00,168.46,168.46,166.7,166.7,2.695
2025-04-28 00:00:00+00:00,166.42,167.89,161.89,167.89,9.361
2025-04-28 04:00:00+00:00,168.1,174.83,168.1,174.83,15.478
2025-04-28 08:00:00+00:00,172.99,172.99,169.31,170.52,9.051
2025-04-28 12:00:00+00:00,170.16,170.16,163.47,163.47,161.447
2025-04-28 16:00:00+00:00,164.37,168.1,163.47,168.1,47.201
2025-04-28 20:00:00+00:00,165.95,166.17,165.12,165.74,9.265
2025-04-29 00:00:00+00:00,164.92,168.1,164.92,166.07,31.56
2025-04-29 04:00:00+00:00,166.57,168.94,164.04,168.64,9.534
2025-04-29 08:00:00+00:00,169.78,170.75,167.98,167.98,43.541
2025-04-29 12:00:00+00:00,168.84,169.79,166.42,169.4,7.486
2025-04-29 16:00:00+00:00,167.62,170.24,167.62,170.24,0.322
2025-04-29 20:00:00+00:00,168.12,168.34,163.47,165.72,47.374
2025-04-30 00:00:00+00:00,166.41,166.96,163.47,165.83,8.233
2025-04-30 04:00:00+00:00,163.47,163.47,163.47,163.47,0.072
2025-04-30 08:00:00+00:00,162.84,163.77,162.84,163.65,0.363
2025-04-30 12:00:00+00:00,163.7,163.7,155.55,159.83,31.874
2025-04-30 16:00:00+00:00,159.37,164.11,158.91,164.11,16.809
2025-04-30 20:00:00+00:00,164.76,166.71,164.29,164.33,54.136
2025-05-01 00:00:00+00:00,164.35,168.1,164.35,167.83,5.162
2025-05-01 04:00:00+00:00,167.32,169.94,167.21,167.9,5.888
2025-05-01 08:00:00+00:00,170.37,173.91,170.04,173.91,3.27
2025-05-01 12:00:00+00:00,172.55,178.95,172.55,175.61,30.298
2025-05-01 16:00:00+00:00,176.73,176.73,174.48,175.16,23.961
2025-05-01 20:00:00+00:00,174.52,174.9,172.33,172.87,7.137
2025-05-02 00:00:00+00:00,173.24,175.86,172.93,175.86,1.158
2025-05-02 04:00:00+00:00,173.61,173.61,172.74,172.74,0.135
2025-05-02 08:00:00+00:00,173.18,173.18,173.18,173.18,0.12
2025-05-02 12:00:00+00:00,172.05,176.02,172.05,174.78,7.799
2025-05-02 16:00:00+00:00,175.86,178.95,174.41,174.41,10.056
2025-05-02 20:00:00+00:00,173.61,173.61,173.23,173.23,0.476
2025-05-03 00:00:00+00:00,173.01,173.01,173.01,173.01,0.269
2025-05-03 04:00:00+00:00,173.33,173.91,172.74,172.74,1.769
2025-05-03 08:00:00+00:00,174.53,174.53,171.49,172.02,3.516
2025-05-03 12:00:00+00:00,174.11,174.11,173.77,173.77,0.13
2025-05-03 16:00:00+00:00,171.88,174.11,170.03,174.11,3.814
2025-05-03 20:00:00+00:00,174.98,180.49,174.98,176.49,13.011
2025-05-04 00:00:00+00:00,177.13,178.53,175.17,175.66,7.236
2025-05-04 04:00:00+00:00,177.01,178.53,176.97,176.97,2.808
2025-05-04 08:00:00+00:00,176.24,176.24,174.48,174.48,1.219
2025-05-04 12:00:00+00:00,174.03,174.94,172.74,173.0,25.288
2025-05-04 16:00:00+00:00,173.38,173.38,171.88,172.68,8.635
2025-05-04 20:00:00+00:00,173.68,175.27,171.02,171.02,2.061
2025-05-05 00:00:00+00:00,172.18,174.67,170.03,174.67,5.663
2025-05-05 04:00:00+00:00,174.12,180.13,174.12,180.13,11.501
2025-05-05 08:00:00+00:00,180.23,180.38,176.24,176.64,12.472
2025-05-05 12:00:00+00:00,175.36,177.38,173.61,173.61,5.175
2025-05-05 16:00:00+00:00,175.86,179.89,175.86,178.96,12.533
2025-05-05 20:00:00+00:00,177.9,180.69,175.18,177.13,8.883
2025-05-06 00:00:00+00:00,176.28,176.28,171.88,173.67,12.18
2025-05-06 04:00:00+00:00,171.88,171.88,171.38,171.38,0.407
2025-05-06 08:00:00+00:00,171.02,171.02,165.12,165.12,7.663
2025-05-06 12:00:00+00:00,165.5,169.18,163.4,169.18,14.391
2025-05-06 16:00:00+00:00,167.98,173.45,167.24,172.51,15.245
2025-05-06 20:00:00+00:00,172.79,178.53,169.3,178.53,17.214
2025-05-07 00:00:00+00:00,177.96,179.91,173.26,173.39,13.235
2025-05-07 04:00:00+00:00,173.39,173.39,173.39,173.39,0.0
2025-05-07 08:00:00+00:00,174.28,174.28,172.57,172.57,0.987
2025-05-07 12:00:00+00:00,172.03,172.05,169.79,169.79,3.395
2025-05-07 16:00:00+00:00,169.53,169.79,167.62,169.79,9.409
2025-05-07 20:00:00+00:00,170.64,174.14,170.33,171.88,3.636
2025-05-08 00:00:00+00:00,172.88,186.37,172.24,185.8,27.651
2025-05-08 04:00:00+00:00,186.72,188.08,182.53,187.5,19.428
2025-05-08 08:00:00+00:00,187.85,189.87,186.51,187.17,8.231
2025-05-08 12:00:00+00:00,189.38,196.15,186.47,191.19,25.244
2025-05-08 16:00:00+00:00,193.3,199.76,190.01,198.08,37.503
2025-05-08 20:00:00+00:00,198.85,207.8,195.88,204.7,48.033
2025-05-09 00:00:00+00:00,204.24,208.41,202.78,204.82,14.558
2025-05-09 04:00:00+00:00,205.79,214.35,203.27,212.38,15.52
2025-05-09 08:00:00+00:00,212.78,220.27,206.64,209.62,44.135
2025-05-09 12:00:00+00:00,209.12,212.74,204.82,208.52,7.987
2025-05-09 16:00:00+00:00,206.48,211.33,205.85,210.29,8.275
2025-05-09 20:00:00+00:00,211.2,211.67,209.64,211.67,1.626
2025-05-10 00:00:00+00:00,212.04,214.44,210.01,211.51,5.422
2025-05-10 04:00:00+00:00,210.01,220.05,210.01,218.98,39.164
2025-05-10 08:00:00+00:00,218.0,223.23,216.07,216.07,29.913
2025-05-10 12:00:00+00:00,215.75,223.25,215.75,219.78,12.089
2025-05-10 16:00:00+00:00,219.82,228.29,219.82,223.98,23.706
2025-05-10 20:00:00+00:00,225.16,230.0,224.18,228.56,30.983
2025-05-11 00:00:00+00:00,228.02,229.86,221.0,225.7,20.297
2025-05-11 04:00:00+00:00,223.96,226.12,216.42,216.92,7.77
2025-05-11 08:00:00+00:00,218.77,222.55,217.88,222.55,7.503
2025-05-11 12:00:00+00:00,222.78,223.66,215.23,215.23,7.466
2025-05-11 16:00:00+00:00,215.69,220.84,213.83,220.71,12.873
2025-05-11 20:00:00+00:00,220.2,221.97,218.53,218.53,6.225
2025-05-12 00:00:00+00:00,221.44,222.95,217.3,221.52,7.199
2025-05-12 04:00:00+00:00,221.27,229.34,219.52,223.57,32.519
2025-05-12 08:00:00+00:00,222.76,225.33,218.53,218.53,14.058
2025-05-12 12:00:00+00:00,221.44,225.77,218.22,218.22,18.608
2025-05-12 16:00:00+00:00,217.51,222.78,212.12,218.0,85.001
2025-05-12 20:00:00+00:00,219.84,222.55,219.48,221.99,6.062
2025-05-13 00:00:00+00:00,221.95,221.95,210.45,211.12,29.132
2025-05-13 04:00:00+00:00,211.02,217.04,211.02,217.04,23.83
2025-05-13 08:00:00+00:00,214.26,219.23,214.05,219.23,3.303
2025-05-13 12:00:00+00:00,216.88,226.97,216.66,226.97,26.989
2025-05-13 16:00:00+00:00,226.1,238.15,225.51,234.46,53.183
2025-05-13 20:00:00+00:00,233.95,237.88,231.3,235.55,20.73
2025-05-14 00:00:00+00:00,236.75,238.88,230.71,230.88,12.945
2025-05-14 04:00:00+00:00,231.04,235.15,231.04,233.76,3.685
2025-05-14 08:00:00+00:00,232.9,232.9,227.4,229.45,10.368
2025-05-14 12:00:00+00:00,229.92,231.82,225.28,227.68,15.634
2025-05-14 16:00:00+00:00,228.33,230.17,224.08,228.55,8.521
2025-05-14 20:00:00+00:00,226.91,229.54,226.91,229.54,2.433
2025-05-15 00:00:00+00:00,230.18,233.02,226.11,226.11,13.175
2025-05-15 04:00:00+00:00,228.32,228.59,221.91,221.91,25.035
2025-05-15 08:00:00+00:00,222.86,230.91,222.86,226.84,20.344
2025-05-15 12:00:00+00:00,224.83,227.05,217.3,226.52,17.736
2025-05-15 16:00:00+00:00,225.96,235.12,221.38,222.65,44.471
2025-05-15 20:00:00+00:00,224.78,225.33,219.56,223.67,10.102
2025-05-16 00:00:00+00:00,224.05,229.8,221.91,229.8,8.17
2025-05-16 04:00:00+00:00,230.17,238.5,229.4,238.48,33.365
2025-05-16 08:00:00+00:00,238.72,244.77,235.28,241.66,38.466
2025-05-16 12:00:00+00:00,241.98,241.98,233.9,234.98,27.303
2025-05-16 16:00:00+00:00,236.53,237.15,231.67,234.02,9.256
2025-05-16 20:00:00+00:00,234.28,234.28,228.49,233.13,8.183
2025-05-17 00:00:00+00:00,231.37,231.37,221.81,227.05,28.37
2025-05-17 04:00:00+00:00,227.22,229.34,225.27,225.27,1.841
2025-05-17 08:00:00+00:00,224.83,228.19,224.01,225.19,3.574
2025-05-17 12:00:00+00:00,225.33,225.33,221.91,225.33,3.564
2025-05-17 16:00:00+00:00,223.24,224.05,221.0,221.46,5.803
2025-05-17 20:00:00+00:00,222.07,224.79,220.57,222.49,17.214
2025-05-18 00:00:00+00:00,222.19,223.22,219.89,221.08,4.338
2025-05-18 04:00:00+00:00,223.22,227.05,223.22,227.05,6.196
2025-05-18 08:00:00+00:00,227.74,228.95,224.83,225.82,3.377
2025-05-18 12:00:00+00:00,227.44,242.11,226.73,241.53,42.375
2025-05-18 16:00:00+00:00,242.14,243.93,223.55,223.55,24.559
2025-05-18 20:00:00+00:00,223.46,233.55,219.32,233.55,41.668
2025-05-19 00:00:00+00:00,233.06,233.98,217.25,217.25,22.335
2025-05-19 04:00:00+00:00,217.17,219.23,212.12,219.23,21.255
2025-05-19 08:00:00+00:00,218.64,221.52,217.3,220.04,32.924
2025-05-19 12:00:00+00:00,220.89,229.34,218.53,229.11,30.486
2025-05-19 16:00:00+00:00,228.3,240.4,228.3,240.4,54.487
2025-05-19 20:00:00+00:00,239.81,249.46,237.97,248.16,25.04
2025-05-20 00:00:00+00:00,249.19,267.51,246.92,266.2,161.196
2025-05-20 04:00:00+00:00,264.84,270.22,263.88,265.81,37.103
2025-05-20 08:00:00+00:00,267.54,267.84,260.47,262.32,56.04
2025-05-20 12:00:00+00:00,261.97,263.89,258.88,263.89,21.632
2025-05-20 16:00:00+00:00,264.16,265.18,254.75,258.62,20.954
2025-05-20 20:00:00+00:00,257.28,260.93,257.26,258.13,35.612
2025-05-21 00:00:00+00:00,259.33,261.23,257.97,261.23,0.967
2025-05-21 04:00:00+00:00,260.31,261.82,257.09,259.96,9.36
2025-05-21 08:00:00+00:00,260.0,260.0,253.13,254.29,5.855
2025-05-21 12:00:00+00:00,253.31,256.77,251.23,253.48,11.045
2025-05-21 16:00:00+00:00,256.18,260.05,243.43,248.54,75.294
2025-05-21 20:00:00+00:00,247.23,253.94,246.62,247.49,39.335
2025-05-22 00:00:00+00:00,247.51,256.59,247.51,256.08,9.115
2025-05-22 04:00:00+00:00,255.31,256.21,251.23,251.95,7.131
2025-05-22 08:00:00+00:00,254.29,259.64,251.51,257.85,12.899
2025-05-22 12:00:00+00:00,254.74,258.62,252.37,257.84,8.049
2025-05-22 16:00:00+00:00,256.21,258.62,254.75,255.31,25.1
2025-05-22 20:00:00+00:00,255.03,256.23,254.04,256.21,1.335
2025-05-23 00:00:00+00:00,256.62,263.89,254.99,263.89,35.54
2025-05-23 04:00:00+00:00,261.97,261.97,253.97,256.21,12.433
2025-05-23 08:00:00+00:00,255.78,260.05,246.21,246.21,21.897
2025-05-23 12:00:00+00:00,245.62,262.36,240.07,252.37,35.594
2025-05-23 16:00:00+00:00,254.29,262.24,252.37,262.24,11.771
2025-05-23 20:00:00+00:00,260.05,262.11,253.31,255.33,15.094
2025-05-24 00:00:00+00:00,256.76,259.92,251.23,254.29,24.517
2025-05-24 04:00:00+00:00,254.04,261.97,254.04,261.23,13.452
2025-05-24 08:00:00+00:00,258.13,267.03,257.59,264.7,19.876
2025-05-24 12:00:00+00:00,263.09,273.71,262.79,272.2,63.421
2025-05-24 16:00:00+00:00,272.2,277.05,266.05,266.05,55.154
2025-05-24 20:00:00+00:00,265.81,265.81,260.27,260.27,7.804
2025-05-25 00:00:00+00:00,263.82,270.53,256.59,269.65,12.888
2025-05-25 04:00:00+00:00,269.12,270.54,265.02,265.68,5.797
2025-05-25 08:00:00+00:00,265.43,268.48,261.49,262.98,5.899
2025-05-25 12:00:00+00:00,265.0,265.9,260.05,264.51,6.38
2025-05-25 16:00:00+00:00,262.09,265.81,260.31,265.81,2.442
2025-05-25 20:00:00+00:00,263.89,269.65,263.37,269.19,3.289
2025-05-26 00:00:00+00:00,269.61,276.02,269.44,270.54,42.457
2025-05-26 04:00:00+00:00,268.41,273.48,266.35,271.19,5.115
2025-05-26 08:00:00+00:00,269.76,269.76,262.02,262.02,9.528
2025-05-26 12:00:00+00:00,263.95,265.18,259.88,265.18,5.198
2025-05-26 16:00:00+00:00,265.64,268.05,263.2,268.05,10.149
2025-05-26 20:00:00+00:00,268.48,269.19,266.67,267.12,11.504
2025-05-27 00:00:00+00:00,267.66,267.66,263.58,267.15,8.193
2025-05-27 04:00:00+00:00,265.11,273.48,265.11,272.86,19.475
2025-05-27 08:00:00+00:00,273.26,280.18,273.26,279.24,55.896
2025-05-27 12:00:00+00:00,280.58,281.88,276.59,277.32,11.148
2025-05-27 16:00:00+00:00,276.26,279.85,274.23,275.33,5.488
2025-05-27 20:00:00+00:00,275.12,275.12,270.86,270.86,8.639
2025-05-28 00:00:00+00:00,270.79,273.31,267.52,273.31,31.446
2025-05-28 04:00:00+00:00,270.99,274.31,269.21,269.81,2.651
2025-05-28 08:00:00+00:00,269.3,269.92,267.07,269.92,13.383
2025-05-28 12:00:00+00:00,270.54,270.58,264.17,264.17,29.78
2025-05-28 16:00:00+00:00,264.11,265.84,261.29,261.37,21.987
2025-05-28 20:00:00+00:00,261.37,265.18,260.47,265.18,28.059
2025-05-29 00:00:00+00:00,265.16,274.1,265.16,271.57,51.321
2025-05-29 04:00:00+00:00,272.49,273.33,266.59,269.44,11.787
2025-05-29 08:00:00+00:00,268.41,269.41,266.59,266.59,2.661
2025-05-29 12:00:00+00:00,265.81,265.81,252.81,254.29,54.265
2025-05-29 16:00:00+00:00,256.21,258.34,253.42,253.42,4.65
2025-05-29 20:00:00+00:00,254.05,255.02,249.13,249.13,19.856
2025-05-30 00:00:00+00:00,250.13,252.44,240.86,250.45,19.3
2025-05-30 04:00:00+00:00,250.43,253.5,249.98,250.39,10.688
2025-05-30 08:00:00+00:00,249.04,250.98,247.76,250.14,2.346
2025-05-30 12:00:00+00:00,248.56,251.01,245.29,248.54,37.546
2025-05-30 16:00:00+00:00,246.62,254.77,240.42,253.71,13.217
2025-05-30 20:00:00+00:00,252.37,255.95,249.0,251.84,16.22
2025-05-31 00:00:00+00:00,251.67,251.67,242.63,251.01,24.893
2025-05-31 04:00:00+00:00,248.82,253.22,247.49,249.34,9.052
2025-05-31 08:00:00+00:00,249.29,250.45,247.49,247.49,2.695
2025-05-31 12:00:00+00:00,247.35,252.37,246.62,248.73,6.773
2025-05-31 16:00:00+00:00,248.54,253.87,248.54,253.87,3.321
2025-05-31 20:00:00+00:00,253.87,253.94,247.01,247.94,16.24
2025-06-01 00:00:00+00:00,247.3,247.7,237.47,241.22,65.383
2025-06-01 04:00:00+00:00,242.59,245.36,241.63,241.65,9.684
2025-06-01 08:00:00+00:00,240.68,242.65,239.32,241.34,13.292
2025-06-01 12:00:00+00:00,239.32,249.72,239.32,249.72,5.133
2025-06-01 16:00:00+00:00,250.45,254.29,244.3,244.3,32.828
2025-06-01 20:00:00+00:00,246.62,248.54,244.73,246.62,1.499
2025-06-02 00:00:00+00:00,246.09,246.09,241.46,241.88,1.401
2025-06-02 04:00:00+00:00,240.68,243.54,239.86,243.54,4.465
2025-06-02 08:00:00+00:00,243.97,244.18,239.33,240.85,8.305
2025-06-02 12:00:00+00:00,243.54,252.79,243.54,252.79,6.887
2025-06-02 16:00:00+00:00,252.0,254.29,249.83,250.66,8.636
2025-06-02 20:00:00+00:00,251.15,257.85,250.45,257.85,33.774
2025-06-03 00:00:00+00:00,257.98,259.63,254.75,257.55,11.718
2025-06-03 04:00:00+00:00,254.29,258.34,254.29,258.34,18.001
2025-06-03 08:00:00+00:00,258.6,260.06,256.35,258.74,7.426
2025-06-03 12:00:00+00:00,259.63,272.78,259.63,269.6,62.054
2025-06-03 16:00:00+00:00,269.87,270.98,266.73,268.24,38.611
2025-06-03 20:00:00+00:00,268.51,268.51,263.56,266.67,11.019
2025-06-04 00:00:00+00:00,267.81,267.84,262.8,267.42,16.9
2025-06-04 04:00:00+00:00,267.15,267.42,263.09,265.81,25.011
2025-06-04 08:00:00+00:00,266.51,272.78,266.51,269.65,5.926
2025-06-04 12:00:00+00:00,270.37,275.91,267.07,273.66,32.387
2025-06-04 16:00:00+00:00,273.1,273.1,265.82,266.62,8.474
2025-06-04 20:00:00+00:00,265.81,265.81,263.35,265.81,6.795
2025-06-05 00:00:00+00:00,264.17,266.2,262.56,265.16,3.138
2025-06-05 04:00:00+00:00,265.23,265.71,261.1,261.1,6.957
2025-06-05 08:00:00+00:00,261.34,262.27,259.88,261.26,10.092
2025-06-05 12:00:00+00:00,263.56,266.51,258.74,260.76,14.137
2025-06-05 16:00:00+00:00,259.17,259.17,250.04,251.35,13.408
2025-06-05 20:00:00+00:00,251.9,251.9,240.42,242.09,17.79
2025-06-06 00:00:00+00:00,241.63,248.47,240.04,248.47,2.835
2025-06-06 04:00:00+00:00,248.48,248.48,245.85,247.88,2.503
2025-06-06 08:00:00+00:00,249.27,251.8,249.27,251.8,1.264
2025-06-06 12:00:00+00:00,249.58,253.94,248.15,252.0,6.231
2025-06-06 16:00:00+00:00,253.11,254.77,250.98,251.98,11.543
2025-06-06 20:00:00+00:00,250.45,253.87,250.25,250.25,4.958
2025-06-07 00:00:00+00:00,251.14,253.87,249.98,253.87,0.53
2025-06-07 04:00:00+00:00,253.87,253.87,253.87,253.87,0.0
2025-06-07 08:00:00+00:00,251.97,251.97,251.97,251.97,0.022
2025-06-07 12:00:00+00:00,254.49,258.35,254.49,258.35,6.913
2025-06-07 16:00:00+00:00,258.59,258.73,256.78,256.78,0.789
2025-06-07 20:00:00+00:00,259.64,260.45,258.23,258.98,7.651
2025-06-08 00:00:00+00:00,256.65,256.65,254.75,255.55,4.252
2025-06-08 04:00:00+00:00,255.32,255.32,255.32,255.32,0.012
2025-06-08 08:00:00+00:00,254.25,254.4,252.49,252.49,2.923
2025-06-08 12:00:00+00:00,252.49,252.49,252.49,252.49,0.0
2025-06-08 16:00:00+00:00,255.77,256.63,254.92,254.92,3.991
2025-06-08 20:00:00+00:00,256.77,257.01,253.96,254.76,5.703
2025-06-09 00:00:00+00:00,253.42,253.42,250.9,250.9,4.889
2025-06-09 04:00:00+00:00,252.7,254.77,252.38,254.19,2.984
2025-06-09 08:00:00+00:00,255.31,260.5,255.31,260.05,6.559
2025-06-09 12:00:00+00:00,260.5,263.52,258.29,262.12,11.201
2025-06-09 16:00:00+00:00,262.49,268.71,262.16,268.02,17.751
2025-06-09 20:00:00+00:00,267.85,285.36,267.85,283.31,64.354
2025-06-10 00:00:00+00:00,283.08,291.5,283.08,289.79,25.953
2025-06-10 04:00:00+00:00,289.89,293.79,288.69,289.9,9.678
2025-06-10 08:00:00+00:00,290.93,317.56,290.93,314.98,52.489
2025-06-10 12:00:00+00:00,314.29,317.27,302.2,304.6,29.384
2025-06-10 16:00:00+00:00,305.42,309.68,302.09,305.81,70.154
2025-06-10 20:00:00+00:00,303.93,310.81,301.66,308.13,7.159
2025-06-11 00:00:00+00:00,308.65,309.68,304.98,309.68,3.185
2025-06-11 04:00:00+00:00,309.85,312.95,308.26,309.83,7.034
2025-06-11 08:00:00+00:00,309.29,309.61,305.55,308.36,25.212
2025-06-11 12:00:00+00:00,307.36,325.1,307.36,317.72,102.141
2025-06-11 16:00:00+00:00,315.08,315.08,305.56,305.56,42.999
2025-06-11 20:00:00+00:00,305.47,308.13,300.27,305.02,72.912
2025-06-12 00:00:00+00:00,305.02,305.56,295.99,297.59,13.164
2025-06-12 04:00:00+00:00,297.4,301.25,295.38,295.38,4.257
2025-06-12 08:00:00+00:00,295.18,295.47,293.0,293.0,3.004
2025-06-12 12:00:00+00:00,294.71,301.55,294.71,297.07,8.716
2025-06-12 16:00:00+00:00,298.26,309.09,296.11,296.63,17.102
2025-06-12 20:00:00+00:00,297.87,297.87,288.16,295.3,94.352
2025-06-13 00:00:00+00:00,291.37,291.37,262.88,274.1,64.074
2025-06-13 04:00:00+00:00,271.95,285.26,266.59,280.62,35.064
2025-06-13 08:00:00+00:00,284.46,287.66,280.62,282.77,4.486
2025-06-13 12:00:00+00:00,284.62,287.28,277.44,284.36,10.25
2025-06-13 16:00:00+00:00,283.6,288.37,277.64,283.0,6.639
2025-06-13 20:00:00+00:00,280.63,291.26,279.03,290.5,33.6
2025-06-14 00:00:00+00:00,290.44,290.69,285.45,289.61,4.91
2025-06-14 04:00:00+00:00,286.45,286.98,277.98,279.85,6.281
2025-06-14 08:00:00+00:00,277.72,278.04,273.84,278.04,15.368
2025-06-14 12:00:00+00:00,276.08,278.3,271.11,272.11,4.26
2025-06-14 16:00:00+00:00,270.98,273.33,268.21,273.33,18.469
2025-06-14 20:00:00+00:00,274.31,278.45,274.3,275.45,2.191
2025-06-15 00:00:00+00:00,277.14,277.14,274.88,274.88,1.137
2025-06-15 04:00:00+00:00,275.82,277.17,272.07,272.07,1.503
2025-06-15 08:00:00+00:00,271.18,276.01,270.23,276.01,0.931
2025-06-15 12:00:00+00:00,276.46,278.45,274.29,274.29,1.408
2025-06-15 16:00:00+00:00,273.84,274.26,271.44,271.44,1.855
2025-06-15 20:00:00+00:00,271.3,274.63,266.06,274.63,6.672
2025-06-16 00:00:00+00:00,274.89,280.16,273.11,279.7,5.011
2025-06-16 04:00:00+00:00,278.59,291.38,278.08,290.24,16.38
2025-06-16 08:00:00+00:00,287.96,288.94,282.18,286.93,3.418
2025-06-16 12:00:00+00:00,287.28,293.22,286.1,287.76,12.335
2025-06-16 16:00:00+00:00,287.38,289.81,287.38,289.16,4.551
2025-06-16 20:00:00+00:00,287.7,288.58,274.88,274.88,9.367
2025-06-17 00:00:00+00:00,274.29,283.0,272.07,282.09,11.341
2025-06-17 04:00:00+00:00,281.65,281.65,275.86,275.86,3.891
2025-06-17 08:00:00+00:00,277.48,277.48,267.68,269.7,4.772
2025-06-17 12:00:00+00:00,269.09,271.89,263.88,263.88,2.415
2025-06-17 16:00:00+00:00,264.79,273.33,262.56,272.09,6.656
2025-06-17 20:00:00+00:00,269.77,271.03,266.76,266.76,6.345
2025-06-18 00:00:00+00:00,266.59,268.85,265.08,267.68,3.051
2025-06-18 04:00:00+00:00,268.71,269.7,264.11,264.11,1.626
2025-06-18 08:00:00+00:00,266.52,267.68,258.88,262.05,19.659
2025-06-18 12:00:00+00:00,261.49,263.85,255.94,258.88,6.68
2025-06-18 16:00:00+00:00,257.88,259.92,255.56,257.69,4.133
2025-06-18 20:00:00+00:00,259.6,263.64,257.58,257.58,13.956
2025-06-19 00:00:00+00:00,258.61,262.53,257.88,259.12,2.409
2025-06-19 04:00:00+00:00,257.66,260.64,257.58,259.6,1.511
2025-06-19 08:00:00+00:00,260.93,265.85,260.65,263.64,2.055
2025-06-19 12:00:00+00:00,262.09,262.09,249.24,249.24,8.521
2025-06-19 16:00:00+00:00,251.47,253.54,251.47,251.89,3.995
2025-06-19 20:00:00+00:00,252.2,257.05,252.2,254.32,2.156
2025-06-20 00:00:00+00:00,255.51,255.92,255.51,255.92,0.842
2025-06-20 04:00:00+00:00,253.76,258.64,251.51,258.64,2.02
2025-06-20 08:00:00+00:00,259.6,261.82,258.58,259.53,1.137
2025-06-20 12:00:00+00:00,261.62,264.16,255.03,255.03,6.657
2025-06-20 16:00:00+00:00,254.04,254.04,242.18,246.88,10.603
2025-06-20 20:00:00+00:00,249.46,251.96,245.41,245.71,5.058
2025-06-21 00:00:00+00:00,244.0,247.11,244.0,247.11,10.106
2025-06-21 04:00:00+00:00,247.97,249.49,247.47,247.47,0.202
2025-06-21 08:00:00+00:00,247.45,249.44,247.4,247.4,4.482
2025-06-21 12:00:00+00:00,249.49,249.49,243.87,244.42,1.271
2025-06-21 16:00:00+00:00,244.77,245.54,241.39,243.3,5.029
2025-06-21 20:00:00+00:00,241.88,245.18,227.6,232.9,13.616
2025-06-22 00:00:00+00:00,236.41,237.93,230.54,230.54,13.53
2025-06-22 04:00:00+00:00,233.5,236.41,233.5,234.12,0.908
2025-06-22 08:00:00+00:00,231.14,231.35,226.05,229.7,16.815
2025-06-22 12:00:00+00:00,229.7,230.09,218.77,218.77,65.234
2025-06-22 16:00:00+00:00,222.55,222.77,217.06,217.06,8.445
2025-06-22 20:00:00+00:00,216.89,226.69,214.53,226.69,10.498
2025-06-23 00:00:00+00:00,228.29,231.22,227.04,231.11,2.191
2025-06-23 04:00:00+00:00,230.05,233.98,230.05,232.21,0.751
2025-06-23 08:00:00+00:00,231.64,231.73,228.98,230.14,0.414
2025-06-23 12:00:00+00:00,230.91,234.51,227.71,228.98,4.34
2025-06-23 16:00:00+00:00,227.71,243.6,222.28,243.6,13.645
2025-06-23 20:00:00+00:00,244.78,258.18,242.8,258.18,71.942
2025-06-24 00:00:00+00:00,255.56,260.38,253.54,260.38,6.255
2025-06-24 04:00:00+00:00,260.93,263.64,257.59,257.59,2.624
2025-06-24 08:00:00+00:00,257.58,264.8,255.94,261.47,16.694
2025-06-24 12:00:00+00:00,260.32,262.67,258.88,262.67,2.329
2025-06-24 16:00:00+00:00,263.56,269.17,262.79,263.3,16.773
2025-06-24 20:00:00+00:00,265.66,266.47,262.3,262.62,6.234
2025-06-25 00:00:00+00:00,263.57,270.6,263.57,266.59,3.722
2025-06-25 04:00:00+00:00,265.74,265.74,263.09,263.09,1.328
2025-06-25 08:00:00+00:00,265.4,265.66,259.6,260.95,4.964
2025-06-25 12:00:00+00:00,259.17,262.99,256.56,256.59,5.635
2025-06-25 16:00:00+00:00,257.43,259.6,255.94,257.13,2.034
2025-06-25 20:00:00+00:00,259.6,259.92,254.51,255.79,2.15
2025-06-26 00:00:00+00:00,257.58,265.82,257.58,262.3,6.95
2025-06-26 04:00:00+00:00,261.2,263.85,258.88,263.85,1.667
2025-06-26 08:00:00+00:00,264.16,264.22,255.94,255.94,3.256
2025-06-26 12:00:00+00:00,255.57,255.57,251.23,253.54,6.62
2025-06-26 16:00:00+00:00,251.53,254.77,250.33,254.77,7.135
2025-06-26 20:00:00+00:00,254.88,258.64,249.37,249.37,6.121
2025-06-27 00:00:00+00:00,251.14,255.77,248.82,255.77,1.937
2025-06-27 04:00:00+00:00,257.05,258.64,257.05,257.71,1.527
2025-06-27 08:00:00+00:00,259.6,262.67,259.6,262.67,3.025
2025-06-27 12:00:00+00:00,260.32,265.78,258.88,265.78,5.993
2025-06-27 16:00:00+00:00,265.78,266.2,253.49,257.05,16.129
2025-06-27 20:00:00+00:00,257.34,258.62,256.18,258.62,1.354
2025-06-28 00:00:00+00:00,258.84,258.84,258.84,258.84,0.014
2025-06-28 04:00:00+00:00,255.56,255.56,255.31,255.31,0.058
2025-06-28 08:00:00+00:00,255.03,256.43,253.95,256.43,0.671
2025-06-28 12:00:00+00:00,254.16,256.59,253.54,256.59,0.565
2025-06-28 16:00:00+00:00,257.05,258.34,254.92,257.16,3.554
2025-06-28 20:00:00+00:00,258.06,261.23,258.06,261.23,0.654
2025-06-29 00:00:00+00:00,259.77,259.77,257.58,257.58,31.011
2025-06-29 04:00:00+00:00,259.6,264.32,259.6,264.32,2.931
2025-06-29 08:00:00+00:00,264.62,273.97,263.82,273.14,12.697
2025-06-29 12:00:00+00:00,271.72,274.62,270.57,271.83,2.783
2025-06-29 16:00:00+00:00,270.79,277.38,270.79,276.44,2.558
2025-06-29 20:00:00+00:00,275.04,280.18,271.72,278.53,13.737
2025-06-30 00:00:00+00:00,278.12,280.74,275.25,275.45,54.412
2025-06-30 04:00:00+00:00,276.54,276.54,270.76,271.37,204.506
2025-06-30 08:00:00+00:00,269.78,270.24,269.1,269.38,1.65
2025-06-30 12:00:00+00:00,271.35,276.01,268.83,276.01,10.282
2025-06-30 16:00:00+00:00,273.74,283.0,272.15,283.0,11.339
2025-06-30 20:00:00+00:00,283.0,284.6,272.92,275.76,9.599
2025-07-01 00:00:00+00:00,273.84,275.76,273.74,274.17,9.087
2025-07-01 04:00:00+00:00,273.74,273.74,268.1,271.55,15.977
2025-07-01 08:00:00+00:00,272.01,272.01,267.44,267.44,3.851
2025-07-01 12:00:00+00:00,267.13,267.13,262.9,265.66,11.839
2025-07-01 16:00:00+00:00,264.8,264.8,262.56,262.56,7.269
2025-07-01 20:00:00+00:00,262.09,265.38,259.88,259.95,7.837
2025-07-02 00:00:00+00:00,259.61,260.93,257.58,258.92,2.837
2025-07-02 04:00:00+00:00,261.09,263.64,261.09,263.24,0.572
2025-07-02 08:00:00+00:00,263.85,265.46,263.58,263.94,0.707
2025-07-02 12:00:00+00:00,265.66,273.34,265.55,273.34,7.865
2025-07-02 16:00:00+00:00,273.74,282.85,273.74,280.18,30.61
2025-07-02 20:00:00+00:00,278.0,281.24,276.26,276.26,3.121
2025-07-03 00:00:00+00:00,275.86,276.49,273.51,273.78,6.836
2025-07-03 04:00:00+00:00,273.73,281.82,273.73,281.82,4.217
2025-07-03 08:00:00+00:00,282.61,284.46,278.46,278.6,8.766
2025-07-03 12:00:00+00:00,280.88,285.23,275.22,275.22,17.769
2025-07-03 16:00:00+00:00,277.78,280.18,276.32,279.18,1.679
2025-07-03 20:00:00+00:00,280.46,281.48,278.59,278.59,0.588
2025-07-04 00:00:00+00:00,281.59,281.82,276.59,277.49,1.539
2025-07-04 04:00:00+00:00,276.28,276.36,270.24,270.24,21.173
2025-07-04 08:00:00+00:00,269.76,271.89,268.39,268.54,5.665
2025-07-04 12:00:00+00:00,268.41,268.41,260.87,260.87,7.994
2025-07-04 16:00:00+00:00,260.73,262.67,258.88,261.99,18.782
2025-07-04 20:00:00+00:00,262.69,267.54,262.68,264.78,13.124
2025-07-05 00:00:00+00:00,265.67,269.68,265.67,268.77,3.949
2025-07-05 04:00:00+00:00,267.82,270.54,267.82,270.54,1.401
2025-07-05 08:00:00+00:00,270.99,274.97,270.41,271.79,3.881
2025-07-05 12:00:00+00:00,273.66,273.66,270.79,271.19,3.209
2025-07-05 16:00:00+00:00,269.76,271.89,267.68,271.89,2.516
2025-07-05 20:00:00+00:00,271.44,276.01,271.44,273.74,3.381
2025-07-06 00:00:00+00:00,272.84,273.1,272.15,273.1,0.913
2025-07-06 04:00:00+00:00,271.72,273.09,271.51,273.09,1.046
2025-07-06 08:00:00+00:00,271.2,271.2,269.95,270.65,1.198
2025-07-06 12:00:00+00:00,272.87,278.45,272.87,275.76,3.437
2025-07-06 16:00:00+00:00,274.9,275.76,273.74,275.76,0.672
2025-07-06 20:00:00+00:00,277.38,291.42,277.38,286.98,25.516
2025-07-07 00:00:00+00:00,287.13,288.37,283.6,288.37,2.525
2025-07-07 04:00:00+00:00,288.72,289.35,285.45,286.7,4.133
2025-07-07 08:00:00+00:00,286.91,288.88,285.64,286.3,3.038
2025-07-07 12:00:00+00:00,286.1,290.17,285.02,285.89,4.284
2025-07-07 16:00:00+00:00,285.89,285.89,279.37,283.3,19.022
2025-07-07 20:00:00+00:00,279.8,283.29,277.78,283.29,4.083
2025-07-08 00:00:00+00:00,283.84,284.46,277.64,277.64,10.331
2025-07-08 04:00:00+00:00,279.52,282.85,279.52,282.85,1.458
2025-07-08 08:00:00+00:00,283.0,288.22,281.2,288.22,4.196
2025-07-08 12:00:00+00:00,288.36,290.24,285.02,285.82,3.719
2025-07-08 16:00:00+00:00,284.88,295.37,284.22,292.35,13.007
2025-07-08 20:00:00+00:00,289.9,293.22,289.88,293.22,1.889
2025-07-09 00:00:00+00:00,291.94,294.56,290.37,290.72,4.041
2025-07-09 04:00:00+00:00,291.32,303.14,291.32,298.83,24.97
2025-07-09 08:00:00+00:00,300.07,300.72,297.52,298.49,1.986
2025-07-09 12:00:00+00:00,299.9,302.02,295.96,298.12,4.417
2025-07-09 16:00:00+00:00,297.58,304.81,295.18,302.8,7.92
2025-07-09 20:00:00+00:00,301.57,306.63,295.96,303.62,17.433
2025-07-10 00:00:00+00:00,301.58,302.18,298.15,298.92,10.721
2025-07-10 04:00:00+00:00,298.23,299.01,294.98,299.01,8.434
2025-07-10 08:00:00+00:00,299.35,299.35,293.5,294.9,6.857
2025-07-10 12:00:00+00:00,294.53,295.96,292.8,295.96,4.701
2025-07-10 16:00:00+00:00,296.56,307.81,296.56,305.51,79.955
2025-07-10 20:00:00+00:00,304.97,328.85,303.64,308.78,133.752
2025-07-11 00:00:00+00:00,308.65,309.81,303.78,307.72,7.213
2025-07-11 04:00:00+00:00,304.91,315.39,304.91,309.91,13.879
2025-07-11 08:00:00+00:00,310.81,318.02,310.81,312.49,16.105
2025-07-11 12:00:00+00:00,314.92,315.11,303.24,303.24,185.61
2025-07-11 16:00:00+00:00,304.89,309.84,304.89,308.25,9.669
2025-07-11 20:00:00+00:00,307.75,307.75,294.81,299.42,54.966
2025-07-12 00:00:00+00:00,296.56,302.25,293.22,299.98,5.166
2025-07-12 04:00:00+00:00,299.9,302.02,297.07,302.02,1.498
2025-07-12 08:00:00+00:00,302.84,306.59,302.84,303.24,4.557
2025-07-12 12:00:00+00:00,303.21,303.21,293.22,294.89,9.105
2025-07-12 16:00:00+00:00,295.96,301.13,295.96,298.5,1.492
2025-07-12 20:00:00+00:00,300.7,302.34,300.29,301.79,1.874
2025-07-13 00:00:00+00:00,301.79,303.15,300.45,303.15,172.239
2025-07-13 04:00:00+00:00,303.24,305.28,300.86,305.28,0.875
2025-07-13 08:00:00+00:00,304.25,304.91,301.57,303.13,64.592
2025-07-13 12:00:00+00:00,303.02,317.09,302.35,311.1,25.016
2025-07-13 16:00:00+00:00,310.95,314.36,308.25,312.49,11.004
2025-07-13 20:00:00+00:00,311.58,311.58,304.34,304.59,11.816
2025-07-14 00:00:00+00:00,306.58,324.97,306.58,324.07,361.942
2025-07-14 04:00:00+00:00,323.22,327.57,319.09,323.49,17.251
2025-07-14 08:00:00+00:00,322.39,331.46,320.94,323.99,162.51
2025-07-14 12:00:00+00:00,323.77,327.13,317.2,318.16,18.846
2025-07-14 16:00:00+00:00,319.92,320.82,313.02,314.92,28.598
2025-07-14 20:00:00+00:00,313.25,317.07,311.46,314.15,5.902
2025-07-15 00:00:00+00:00,313.25,315.94,305.64,308.25,9.165
2025-07-15 04:00:00+00:00,309.6,317.52,306.58,313.02,6.276
2025-07-15 08:00:00+00:00,311.89,314.92,309.48,309.48,2.801
2025-07-15 12:00:00+00:00,311.58,324.05,308.78,323.7,22.154
2025-07-15 16:00:00+00:00,323.94,331.02,317.69,317.69,47.033
2025-07-15 20:00:00+00:00,317.24,330.18,316.59,329.03,8.761
2025-07-16 00:00:00+00:00,325.53,330.55,322.26,325.33,7.889
2025-07-16 04:00:00+00:00,324.03,334.99,324.03,332.65,35.442
2025-07-16 08:00:00+00:00,331.37,333.02,328.88,328.88,4.665
2025-07-16 12:00:00+00:00,329.81,334.53,324.41,327.43,5.034
2025-07-16 16:00:00+00:00,327.67,359.62,327.67,328.99,106.444
2025-07-16 20:00:00+00:00,332.76,333.33,321.95,324.6,25.682
2025-07-17 00:00:00+00:00,324.97,326.74,316.6,316.88,34.873
2025-07-17 04:00:00+00:00,318.29,325.92,318.29,325.92,4.113
2025-07-17 08:00:00+00:00,325.6,331.44,321.23,321.23,15.703
2025-07-17 12:00:00+00:00,321.22,325.56,317.85,325.11,7.707
2025-07-17 16:00:00+00:00,321.15,325.11,315.92,317.75,24.799
2025-07-17 20:00:00+00:00,316.6,324.42,312.27,321.27,25.066
2025-07-18 00:00:00+00:00,322.17,334.14,317.72,325.32,105.919
2025-07-18 04:00:00+00:00,328.38,337.72,327.42,327.42,43.004
2025-07-18 08:00:00+00:00,329.65,332.15,324.62,327.49,6.999
2025-07-18 12:00:00+00:00,328.74,334.44,314.59,318.01,156.157
2025-07-18 16:00:00+00:00,318.31,324.09,316.17,317.12,9.351
2025-07-18 20:00:00+00:00,315.04,325.92,311.78,325.11,18.542
2025-07-19 00:00:00+00:00,325.56,325.56,316.17,322.32,3.517
2025-07-19 04:00:00+00:00,320.15,320.19,316.17,316.17,0.627
2025-07-19 08:00:00+00:00,315.02,315.6,313.45,313.45,16.749
2025-07-19 12:00:00+00:00,313.02,317.05,312.47,316.63,0.835
2025-07-19 16:00:00+00:00,317.05,317.52,313.45,317.12,1.657
2025-07-19 20:00:00+00:00,317.52,319.11,313.02,319.11,4.977
2025-07-20 00:00:00+00:00,319.43,323.94,319.43,323.94,2.54
2025-07-20 04:00:00+00:00,324.09,327.5,320.96,327.5,5.026
2025-07-20 08:00:00+00:00,327.5,328.84,325.33,328.84,2.563
2025-07-20 12:00:00+00:00,326.44,334.75,325.97,334.46,11.493
2025-07-20 16:00:00+00:00,333.49,335.15,325.79,326.41,8.453
2025-07-20 20:00:00+00:00,326.83,328.13,319.02,324.09,11.589
2025-07-21 00:00:00+00:00,321.77,331.45,319.01,331.37,5.263
2025-07-21 04:00:00+00:00,331.47,334.27,328.74,332.11,10.715
2025-07-21 08:00:00+00:00,329.92,332.68,328.13,330.83,4.9
2025-07-21 12:00:00+00:00,329.23,333.81,327.42,327.42,13.306
2025-07-21 16:00:00+00:00,326.41,326.74,318.41,319.79,19.408
2025-07-21 20:00:00+00:00,319.44,323.49,319.18,323.49,7.609
2025-07-22 00:00:00+00:00,323.94,324.09,314.2,316.66,15.619
2025-07-22 04:00:00+00:00,316.28,316.28,307.67,308.78,9.929
2025-07-22 08:00:00+00:00,308.39,311.74,304.49,311.74,20.219
2025-07-22 12:00:00+00:00,311.31,311.31,302.66,307.39,166.078
2025-07-22 16:00:00+00:00,307.0,307.73,300.86,300.86,10.647
2025-07-22 20:00:00+00:00,303.18,311.73,303.18,308.93,2.587
2025-07-23 00:00:00+00:00,307.84,309.21,305.53,305.53,4.247
2025-07-23 04:00:00+00:00,305.51,307.83,302.27,305.2,0.711
2025-07-23 08:00:00+00:00,301.16,302.92,298.96,298.96,23.265
2025-07-23 12:00:00+00:00,299.3,299.3,286.45,295.61,54.031
2025-07-23 16:00:00+00:00,291.57,292.55,284.6,290.22,6.396
2025-07-23 20:00:00+00:00,289.24,291.57,282.51,290.31,5.816
2025-07-24 00:00:00+00:00,289.24,293.7,289.24,292.62,3.718
2025-07-24 04:00:00+00:00,289.33,289.33,276.59,284.83,43.081
2025-07-24 08:00:00+00:00,285.5,290.24,283.25,290.24,3.236
2025-07-24 12:00:00+00:00,288.76,294.56,284.6,290.42,3.175
2025-07-24 16:00:00+00:00,289.33,293.89,286.1,291.93,4.436
2025-07-24 20:00:00+00:00,294.19,294.56,286.1,286.1,1.091
2025-07-25 00:00:00+00:00,285.02,288.72,280.0,284.6,14.751
2025-07-25 04:00:00+00:00,282.96,287.94,282.27,286.62,3.331
2025-07-25 08:00:00+00:00,286.92,294.56,286.92,294.56,4.225
2025-07-25 12:00:00+00:00,294.62,295.56,285.02,288.72,5.941
2025-07-25 16:00:00+00:00,289.24,290.17,286.92,289.5,9.857
2025-07-25 20:00:00+00:00,288.58,294.56,288.58,294.56,336.11
2025-07-26 00:00:00+00:00,294.56,298.64,294.56,298.23,18.824
2025-07-26 04:00:00+00:00,299.01,299.28,296.21,296.21,1.108
2025-07-26 08:00:00+00:00,297.87,298.54,296.21,296.21,1.12
2025-07-26 12:00:00+00:00,297.1,297.1,293.71,294.67,0.898
2025-07-26 16:00:00+00:00,293.54,297.15,293.34,297.15,12.285
2025-07-26 20:00:00+00:00,295.83,298.64,294.81,294.81,1.123
2025-07-27 00:00:00+00:00,295.04,298.25,295.04,296.78,6.938
2025-07-27 04:00:00+00:00,296.09,298.64,296.09,296.21,1.129
2025-07-27 08:00:00+00:00,294.81,295.16,294.81,295.16,0.306
2025-07-27 12:00:00+00:00,297.24,297.24,297.24,297.24,0.013
2025-07-27 16:00:00+00:00,297.24,300.97,297.24,298.54,3.531
2025-07-27 20:00:00+00:00,298.02,305.06,298.02,305.06,1.627
2025-07-28 00:00:00+00:00,305.28,306.59,301.15,303.66,3.566
2025-07-28 04:00:00+00:00,303.18,308.94,303.18,305.51,1.218
2025-07-28 08:00:00+00:00,305.02,305.05,303.04,303.04,2.357
2025-07-28 12:00:00+00:00,302.66,302.66,291.41,291.57,71.58
2025-07-28 16:00:00+00:00,290.78,292.73,287.53,287.53,2.077
2025-07-28 20:00:00+00:00,286.98,290.06,286.1,289.24,1.179
2025-07-29 00:00:00+00:00,290.17,291.63,284.6,290.17,4.1
2025-07-29 04:00:00+00:00,290.31,294.56,287.28,294.56,1.36
2025-07-29 08:00:00+00:00,295.04,295.04,286.1,289.1,1.46
2025-07-29 12:00:00+00:00,289.24,291.63,280.51,284.21,109.139
2025-07-29 16:00:00+00:00,280.43,285.5,279.95,281.84,7.065
2025-07-29 20:00:00+00:00,281.84,282.99,279.95,282.99,4.567
2025-07-30 00:00:00+00:00,279.95,284.07,279.03,284.07,3.146
2025-07-30 04:00:00+00:00,281.03,283.9,280.43,283.9,0.314
2025-07-30 08:00:00+00:00,279.95,279.95,272.47,272.47,5.536
2025-07-30 12:00:00+00:00,275.3,278.78,274.21,278.78,2.309
2025-07-30 16:00:00+00:00,275.34,279.79,264.11,274.1,29.403
2025-07-30 20:00:00+00:00,274.31,275.68,269.76,275.3,2.695
2025-07-31 00:00:00+00:00,275.27,279.93,275.27,279.93,2.99
2025-07-31 04:00:00+00:00,277.99,278.03,276.84,277.06,2.923
2025-07-31 08:00:00+00:00,277.53,277.53,274.88,274.88,0.527
2025-07-31 12:00:00+00:00,273.84,273.84,266.01,268.65,3.263
2025-07-31 16:00:00+00:00,270.22,271.89,266.01,268.86,23.031
2025-07-31 20:00:00+00:00,266.01,268.33,260.18,260.18,47.087
2025-08-01 00:00:00+00:00,259.88,263.55,255.57,262.24,25.726
2025-08-01 04:00:00+00:00,262.1,263.04,256.31,256.72,22.225
2025-08-01 08:00:00+00:00,255.94,259.04,253.76,259.04,4.014
2025-08-01 12:00:00+00:00,259.64,261.82,253.4,259.64,7.369
2025-08-01 16:00:00+00:00,260.9,260.93,254.39,258.09,6.323
2025-08-01 20:00:00+00:00,260.35,260.35,249.75,256.97,34.379
2025-08-02 00:00:00+00:00,257.03,258.15,255.05,258.15,3.73
2025-08-02 04:00:00+00:00,256.53,256.53,251.23,255.77,1.17
2025-08-02 08:00:00+00:00,254.7,254.7,252.07,254.39,0.887
2025-08-02 12:00:00+00:00,254.42,255.77,252.07,252.07,1.386
2025-08-02 16:00:00+00:00,252.02,253.22,245.44,251.95,46.486
2025-08-02 20:00:00+00:00,251.74,252.07,248.73,250.29,1.466
2025-08-03 00:00:00+00:00,251.48,254.49,247.42,254.49,3.454
2025-08-03 04:00:00+00:00,255.77,255.81,255.77,255.81,0.27
2025-08-03 08:00:00+00:00,255.86,259.04,255.86,259.04,1.307
2025-08-03 12:00:00+00:00,256.72,258.56,256.0,258.56,0.634
2025-08-03 16:00:00+00:00,259.03,259.04,257.21,259.02,0.448
2025-08-03 20:00:00+00:00,259.64,259.81,259.64,259.81,0.239
2025-08-04 00:00:00+00:00,260.93,264.27,260.36,262.59,6.009
2025-08-04 04:00:00+00:00,262.08,262.08,261.27,261.27,0.556
2025-08-04 08:00:00+00:00,260.82,261.65,260.81,261.65,2.39
2025-08-04 12:00:00+00:00,263.08,267.58,263.08,263.69,10.687
2025-08-04 16:00:00+00:00,266.01,270.86,264.36,265.74,9.75
2025-08-04 20:00:00+00:00,265.66,269.37,265.66,268.41,11.888
2025-08-05 00:00:00+00:00,266.01,267.43,261.76,261.76,2.6
2025-08-05 04:00:00+00:00,261.48,261.48,257.59,257.59,1.537
2025-08-05 08:00:00+00:00,256.96,262.24,256.72,262.24,1.864
2025-08-05 12:00:00+00:00,259.05,259.73,253.76,253.76,2.16
2025-08-05 16:00:00+00:00,256.25,256.25,252.31,252.31,0.333
2025-08-05 20:00:00+00:00,252.31,254.49,251.23,254.22,1.116
2025-08-06 00:00:00+00:00,254.54,255.01,250.71,254.11,6.509
2025-08-06 04:00:00+00:00,254.26,258.34,254.26,258.04,1.259
2025-08-06 08:00:00+00:00,256.5,256.5,256.5,256.5,0.01
2025-08-06 12:00:00+00:00,256.5,263.49,253.76,263.49,13.956
2025-08-06 16:00:00+00:00,260.02,263.89,260.02,261.95,1.845
2025-08-06 20:00:00+00:00,263.1,263.1,263.1,263.1,0.262
2025-08-07 00:00:00+00:00,264.62,265.18,262.48,262.49,1.596
2025-08-07 04:00:00+00:00,265.66,266.01,263.2,266.01,0.998
2025-08-07 08:00:00+00:00,266.2,273.98,266.2,272.53,4.987
2025-08-07 12:00:00+00:00,274.07,275.3,271.17,271.17,2.96
2025-08-07 16:00:00+00:00,271.11,280.18,270.66,280.18,7.109
2025-08-07 20:00:00+00:00,280.5,286.85,279.82,286.85,89.863
2025-08-08 00:00:00+00:00,286.84,287.28,279.38,284.6,8.944
2025-08-08 04:00:00+00:00,282.27,284.5,279.95,282.59,10.034
2025-08-08 08:00:00+00:00,284.6,284.6,281.08,281.08,0.207
2025-08-08 12:00:00+00:00,280.84,288.07,280.84,281.84,4.436
2025-08-08 16:00:00+00:00,284.58,294.21,284.02,294.21,8.745
2025-08-08 20:00:00+00:00,294.56,294.65,290.79,290.79,3.449
2025-08-09 00:00:00+00:00,290.81,292.85,290.78,292.85,7.696
2025-08-09 04:00:00+00:00,293.89,302.84,293.64,300.04,51.559
2025-08-09 08:00:00+00:00,300.86,304.53,298.61,304.4,29.034
2025-08-09 12:00:00+00:00,301.17,304.23,298.15,304.23,28.068
2025-08-09 16:00:00+00:00,303.24,308.35,302.59,306.39,79.288
2025-08-09 20:00:00+00:00,307.44,311.07,305.51,307.83,38.119
2025-08-10 00:00:00+00:00,307.86,310.92,303.86,303.86,6.593
2025-08-10 04:00:00+00:00,306.49,306.49,300.48,300.48,6.314
2025-08-10 08:00:00+00:00,300.83,305.51,298.15,303.18,2.813
2025-08-10 12:00:00+00:00,301.15,308.13,300.76,307.26,1.981
2025-08-10 16:00:00+00:00,306.04,306.04,304.18,304.46,1.482
2025-08-10 20:00:00+00:00,303.79,308.45,302.66,306.76,1.615
2025-08-11 00:00:00+00:00,307.05,310.76,307.05,310.48,11.145
2025-08-11 04:00:00+00:00,310.77,312.27,304.91,304.91,4.628
2025-08-11 08:00:00+00:00,304.74,304.74,296.66,296.66,5.206
2025-08-11 12:00:00+00:00,299.89,302.02,295.18,295.35,27.65
2025-08-11 16:00:00+00:00,298.51,302.02,296.21,296.21,6.661
2025-08-11 20:00:00+00:00,297.37,297.37,291.41,293.89,6.595
2025-08-12 00:00:00+00:00,295.67,303.54,295.16,297.77,7.704
2025-08-12 04:00:00+00:00,299.61,299.68,295.91,296.91,8.328
2025-08-12 08:00:00+00:00,298.54,298.54,293.34,294.56,3.833
2025-08-12 12:00:00+00:00,296.21,313.09,296.21,313.09,19.135
2025-08-12 16:00:00+00:00,313.09,319.44,312.27,312.64,34.921
2025-08-12 20:00:00+00:00,317.08,323.7,316.64,323.7,23.269
2025-08-13 00:00:00+00:00,322.71,325.11,317.12,325.11,6.958
2025-08-13 04:00:00+00:00,325.56,327.52,319.02,320.57,10.241
2025-08-13 08:00:00+00:00,323.49,329.31,320.39,328.45,8.101
2025-08-13 12:00:00+00:00,330.02,334.54,320.84,323.51,55.135
2025-08-13 16:00:00+00:00,324.07,329.02,324.07,327.08,3.591
2025-08-13 20:00:00+00:00,327.08,335.49,327.08,332.74,30.495
2025-08-14 00:00:00+00:00,334.14,339.91,328.71,339.91,30.64
2025-08-14 04:00:00+00:00,339.45,339.89,328.88,328.88,12.905
2025-08-14 08:00:00+00:00,329.35,329.35,324.09,324.56,7.724
2025-08-14 12:00:00+00:00,323.02,323.02,306.15,316.3,79.097
2025-08-14 16:00:00+00:00,313.54,313.54,307.24,309.64,10.0
2025-08-14 20:00:00+00:00,307.84,314.38,304.18,312.65,7.183
2025-08-15 00:00:00+00:00,311.23,316.19,310.58,316.19,4.781
2025-08-15 04:00:00+00:00,317.08,317.12,309.91,309.91,2.245
2025-08-15 08:00:00+00:00,312.42,312.58,309.96,309.96,0.958
2025-08-15 12:00:00+00:00,308.78,312.79,294.81,297.63,32.25
2025-08-15 16:00:00+00:00,294.66,298.64,293.89,296.21,14.039
2025-08-15 20:00:00+00:00,296.1,302.02,296.1,299.14,2.628
2025-08-16 00:00:00+00:00,300.86,302.99,298.74,300.73,1.705
2025-08-16 04:00:00+00:00,298.54,300.16,298.15,300.16,0.094
2025-08-16 08:00:00+00:00,297.77,297.77,291.88,295.27,160.747
2025-08-16 12:00:00+00:00,291.57,293.81,290.2,293.51,1.42
2025-08-16 16:00:00+00:00,293.89,296.21,293.17,295.09,3.983
2025-08-16 20:00:00+00:00,296.0,296.74,293.9,296.74,35.979
2025-08-17 00:00:00+00:00,294.96,297.52,294.96,297.52,1.997
2025-08-17 04:00:00+00:00,297.81,301.64,297.81,301.61,1.667
2025-08-17 08:00:00+00:00,301.64,308.75,301.64,308.75,8.378
2025-08-17 12:00:00+00:00,306.65,309.68,303.78,309.68,1.845
2025-08-17 16:00:00+00:00,309.93,311.12,300.76,300.76,3.836
2025-08-17 20:00:00+00:00,300.78,305.32,300.58,304.4,10.78
2025-08-18 00:00:00+00:00,303.98,304.72,289.72,293.12,21.275
2025-08-18 04:00:00+00:00,289.33,291.57,286.1,286.1,2.488
2025-08-18 08:00:00+00:00,285.41,289.24,284.6,286.53,10.316
2025-08-18 12:00:00+00:00,289.24,292.72,286.45,289.24,5.343
2025-08-18 16:00:00+00:00,290.17,294.19,287.53,291.43,4.323
2025-08-18 20:00:00+00:00,290.59,295.64,288.32,288.32,3.035
2025-08-19 00:00:00+00:00,288.32,292.69,281.84,281.84,8.921
2025-08-19 04:00:00+00:00,281.31,284.59,280.43,284.58,1.835
2025-08-19 08:00:00+00:00,284.46,288.72,284.46,288.72,5.525
2025-08-19 12:00:00+00:00,287.27,287.27,278.34,279.95,15.636
2025-08-19 16:00:00+00:00,279.04,281.2,276.26,278.7,8.012
2025-08-19 20:00:00+00:00,277.63,281.24,277.63,277.63,2.026
2025-08-20 00:00:00+00:00,278.74,285.48,277.63,283.21,5.071
2025-08-20 04:00:00+00:00,284.7,288.37,282.41,288.37,1.698
2025-08-20 08:00:00+00:00,288.64,291.63,286.45,287.01,1.47
2025-08-20 12:00:00+00:00,289.24,294.83,283.25,289.33,9.523
2025-08-20 16:00:00+00:00,293.09,297.52,290.78,297.52,11.12
2025-08-20 20:00:00+00:00,297.66,299.28,297.66,299.28,34.014
2025-08-21 00:00:00+00:00,297.18,303.91,297.18,299.26,5.243
2025-08-21 04:00:00+00:00,298.54,302.92,297.43,302.3,2.315
2025-08-21 08:00:00+00:00,301.15,301.7,298.55,298.55,1.753
2025-08-21 12:00:00+00:00,298.54,304.4,297.0,297.01,3.239
2025-08-21 16:00:00+00:00,297.26,303.18,294.81,297.77,14.595
2025-08-21 20:00:00+00:00,300.17,302.33,300.17,302.33,3.687
2025-08-22 00:00:00+00:00,302.28,307.72,298.54,299.82,36.88
2025-08-22 04:00:00+00:00,303.18,305.06,300.76,305.06,1.319
2025-08-22 08:00:00+00:00,305.51,308.55,297.77,297.77,25.738
2025-08-22 12:00:00+00:00,297.01,324.89,294.81,319.87,257.364
2025-08-22 16:00:00+00:00,322.59,338.74,320.99,338.74,45.816
2025-08-22 20:00:00+00:00,338.7,346.81,335.71,345.12,334.515
2025-08-23 00:00:00+00:00,345.42,354.51,343.88,345.73,239.874
2025-08-23 04:00:00+00:00,347.75,355.68,342.98,342.98,17.367
2025-08-23 08:00:00+00:00,342.48,357.2,340.27,352.1,26.341
2025-08-23 12:00:00+00:00,351.74,387.75,351.67,364.48,385.408
2025-08-23 16:00:00+00:00,364.69,366.52,351.82,357.47,242.326
2025-08-23 20:00:00+00:00,357.43,359.28,352.67,357.14,150.512
2025-08-24 00:00:00+00:00,359.29,359.69,349.89,352.47,13.77
2025-08-24 04:00:00+00:00,352.89,352.9,348.17,348.17,1.995
2025-08-24 08:00:00+00:00,350.1,354.46,345.41,345.41,15.92
2025-08-24 12:00:00+00:00,350.39,355.59,350.39,353.24,75.682
2025-08-24 16:00:00+00:00,355.46,359.43,345.57,352.69,25.963
2025-08-24 20:00:00+00:00,348.19,352.69,343.9,348.67,50.534
2025-08-25 00:00:00+00:00,349.18,349.18,342.98,344.33,3.538
2025-08-25 04:00:00+00:00,345.78,345.78,330.71,330.71,18.867
2025-08-25 08:00:00+00:00,329.55,332.83,326.25,326.25,5.894
2025-08-25 12:00:00+00:00,328.74,329.87,324.34,326.0,14.174
2025-08-25 16:00:00+00:00,324.62,326.11,317.12,317.12,110.819
2025-08-25 20:00:00+00:00,316.6,318.65,310.74,317.52,32.706
2025-08-26 00:00:00+00:00,318.57,327.47,314.59,327.47,10.613
2025-08-26 04:00:00+00:00,328.38,333.27,328.38,328.74,40.172
2025-08-26 08:00:00+00:00,327.89,333.71,327.42,331.8,1.616
2025-08-26 12:00:00+00:00,329.06,338.47,327.66,330.36,29.133
2025-08-26 16:00:00+00:00,330.36,333.81,328.74,333.81,11.903
2025-08-26 20:00:00+00:00,335.0,338.02,334.42,336.94,9.998
2025-08-27 00:00:00+00:00,334.89,337.97,329.53,335.0,2.407
2025-08-27 04:00:00+00:00,331.32,333.38,328.75,328.75,2.191
2025-08-27 08:00:00+00:00,328.74,331.06,327.83,331.06,1.585
2025-08-27 12:00:00+00:00,330.32,330.32,324.09,326.0,5.054
2025-08-27 16:00:00+00:00,324.62,327.19,321.77,322.55,2.559
2025-08-27 20:00:00+00:00,321.77,325.56,320.14,320.14,13.89
2025-08-28 00:00:00+00:00,319.82,325.56,319.34,325.56,5.404
2025-08-28 04:00:00+00:00,326.41,328.23,324.09,324.09,0.873
2025-08-28 08:00:00+00:00,326.41,328.44,318.43,318.43,2.938
2025-08-28 12:00:00+00:00,318.22,319.32,313.47,316.96,10.534
2025-08-28 16:00:00+00:00,316.5,317.12,313.33,313.33,2.539
2025-08-28 20:00:00+00:00,315.0,317.52,313.11,317.52,5.218
2025-08-29 00:00:00+00:00,317.73,317.73,314.93,314.93,0.951
2025-08-29 04:00:00+00:00,314.8,316.77,306.8,309.93,7.78
2025-08-29 08:00:00+00:00,306.46,310.15,305.0,309.17,43.36
2025-08-29 12:00:00+00:00,310.8,317.08,306.3,312.47,3.743
2025-08-29 16:00:00+00:00,310.51,315.78,309.91,313.86,99.422
2025-08-29 20:00:00+00:00,312.24,321.09,312.0,321.09,22.648
2025-08-30 00:00:00+00:00,317.13,318.16,310.84,312.91,2.551
2025-08-30 04:00:00+00:00,314.31,318.87,314.31,316.99,5.059
2025-08-30 08:00:00+00:00,316.4,318.58,314.59,317.12,0.822
2025-08-30 12:00:00+00:00,317.9,317.9,312.96,315.4,0.677
2025-08-30 16:00:00+00:00,314.62,317.03,314.13,315.27,4.428
2025-08-30 20:00:00+00:00,316.49,319.11,316.49,319.11,3.724
2025-08-31 00:00:00+00:00,319.44,323.94,319.44,322.03,7.164
2025-08-31 04:00:00+00:00,323.39,324.09,319.33,319.33,2.025
2025-08-31 08:00:00+00:00,321.77,324.09,321.06,324.09,0.385
2025-08-31 12:00:00+00:00,321.77,321.77,317.75,317.75,0.407
2025-08-31 16:00:00+00:00,321.77,322.32,321.77,322.32,0.134
2025-08-31 20:00:00+00:00,319.44,319.44,316.08,316.08,3.131
2025-09-01 00:00:00+00:00,315.02,316.81,310.84,310.84,2.634
2025-09-01 04:00:00+00:00,310.4,315.94,309.91,315.94,3.336
2025-09-01 08:00:00+00:00,317.07,319.11,308.64,308.64,6.113
2025-09-01 12:00:00+00:00,308.37,310.15,306.83,306.83,7.194
2025-09-01 16:00:00+00:00,306.52,308.37,304.02,307.83,21.098
2025-09-01 20:00:00+00:00,305.51,305.51,299.55,304.65,44.107
2025-09-02 00:00:00+00:00,304.66,310.15,304.66,310.15,2.157
2025-09-02 04:00:00+00:00,310.81,317.08,310.81,310.85,2.995
2025-09-02 08:00:00+00:00,310.33,313.68,309.7,313.27,1.751
2025-09-02 12:00:00+00:00,310.15,314.8,305.3,308.78,2.415
2025-09-02 16:00:00+00:00,308.37,313.9,307.83,313.9,0.92
2025-09-02 20:00:00+00:00,313.93,317.52,313.79,316.26,1.476
2025-09-03 00:00:00+00:00,314.8,317.12,313.45,315.7,9.37
2025-09-03 04:00:00+00:00,317.52,318.11,314.8,314.8,10.04
2025-09-03 08:00:00+00:00,317.12,322.78,315.95,322.78,69.067
2025-09-03 12:00:00+00:00,322.75,328.6,320.4,324.21,8.992
2025-09-03 16:00:00+00:00,325.32,328.5,325.08,327.28,81.445
2025-09-03 20:00:00+00:00,327.79,327.94,327.79,327.94,1.33
2025-09-04 00:00:00+00:00,328.6,331.06,323.0,324.74,72.889
2025-09-04 04:00:00+00:00,322.92,322.92,317.75,317.75,2.379
2025-09-04 08:00:00+00:00,318.52,324.09,318.2,323.59,2.656
2025-09-04 12:00:00+00:00,321.77,324.09,308.64,308.64,4.013
2025-09-04 16:00:00+00:00,308.37,310.81,306.0,307.18,4.725
2025-09-04 20:00:00+00:00,308.47,310.12,307.2,307.2,0.598
2025-09-05 00:00:00+00:00,306.01,310.0,306.0,308.15,27.542
2025-09-05 04:00:00+00:00,308.0,311.23,308.0,311.0,1.168
2025-09-05 08:00:00+00:00,308.99,312.34,308.99,309.72,12.032
2025-09-05 12:00:00+00:00,311.38,313.08,299.26,303.14,63.543
2025-09-05 16:00:00+00:00,303.14,304.66,302.0,304.66,6.789
2025-09-05 20:00:00+00:00,305.06,306.59,302.27,303.08,1.009
2025-09-06 00:00:00+00:00,303.5,305.43,303.5,305.43,1.353
2025-09-06 04:00:00+00:00,302.56,302.56,300.02,301.69,2.023
2025-09-06 08:00:00+00:00,300.7,300.7,299.5,299.5,27.912
2025-09-06 12:00:00+00:00,299.5,299.5,299.0,299.0,98.889
2025-09-06 16:00:00+00:00,302.41,302.41,297.77,297.77,1.665
2025-09-06 20:00:00+00:00,300.5,301.63,298.14,298.84,31.257
2025-09-07 00:00:00+00:00,298.52,300.86,298.52,300.86,0.873
2025-09-07 04:00:00+00:00,301.64,302.31,301.64,301.64,7.643
2025-09-07 08:00:00+00:00,302.76,302.76,301.13,301.13,0.411
2025-09-07 12:00:00+00:00,300.45,300.45,300.45,300.45,0.128
2025-09-07 16:00:00+00:00,300.22,300.22,298.54,298.54,0.039
2025-09-07 20:00:00+00:00,299.84,303.59,299.83,303.59,0.633
2025-09-08 00:00:00+00:00,300.86,303.18,300.1,303.18,2.511
2025-09-08 04:00:00+00:00,300.86,300.86,299.0,299.0,2.906
2025-09-08 08:00:00+00:00,302.19,304.45,300.86,303.09,2.908
2025-09-08 12:00:00+00:00,303.18,306.59,303.18,306.59,6.918
2025-09-08 16:00:00+00:00,307.68,307.69,302.27,304.2,2.068
2025-09-08 20:00:00+00:00,301.15,305.5,300.76,302.61,2.491
2025-09-09 00:00:00+00:00,304.61,304.63,299.26,299.26,1.977
2025-09-09 04:00:00+00:00,301.44,309.43,300.94,309.43,10.491
2025-09-09 08:00:00+00:00,308.25,308.79,305.51,305.51,2.543
2025-09-09 12:00:00+00:00,305.3,305.3,295.3,295.3,75.484
2025-09-09 16:00:00+00:00,297.18,299.1,297.18,299.1,0.237
2025-09-09 20:00:00+00:00,299.72,299.72,297.02,297.25,5.221
2025-09-10 00:00:00+00:00,297.0,300.14,296.21,300.14,1.869
2025-09-10 04:00:00+00:00,296.29,300.01,296.21,296.21,0.115
2025-09-10 08:00:00+00:00,298.54,299.5,298.08,298.11,0.411
2025-09-10 12:00:00+00:00,298.11,306.19,298.11,303.18,15.578
2025-09-10 16:00:00+00:00,302.4,304.33,297.77,297.77,20.98
2025-09-10 20:00:00+00:00,298.91,300.78,298.91,300.09,3.151
2025-09-11 00:00:00+00:00,300.09,305.06,300.09,305.06,4.29
2025-09-11 04:00:00+00:00,305.06,308.19,304.03,308.19,3.55
2025-09-11 08:00:00+00:00,305.51,307.31,303.45,303.53,0.621
2025-09-11 12:00:00+00:00,306.66,306.71,300.86,303.18,15.954
2025-09-11 16:00:00+00:00,303.18,305.51,303.06,305.51,5.444
2025-09-11 20:00:00+00:00,306.19,309.68,306.19,309.3,73.473
2025-09-12 00:00:00+00:00,308.94,312.47,308.94,310.24,181.097
2025-09-12 04:00:00+00:00,312.4,315.41,310.65,312.9,13.509
2025-09-12 08:00:00+00:00,312.08,314.8,308.38,313.27,19.148
2025-09-12 12:00:00+00:00,312.47,315.5,311.9,312.58,3.545
2025-09-12 16:00:00+00:00,312.58,321.07,311.47,319.59,19.787
2025-09-12 20:00:00+00:00,319.12,321.54,317.13,321.54,17.056
2025-09-13 00:00:00+00:00,321.15,321.71,317.39,320.13,2.111
2025-09-13 04:00:00+00:00,319.96,319.96,315.22,315.22,12.807
2025-09-13 08:00:00+00:00,317.74,320.87,317.74,318.54,13.282
2025-09-13 12:00:00+00:00,318.44,320.29,314.41,314.48,4.046
2025-09-13 16:00:00+00:00,315.54,315.56,309.95,314.34,5.393
2025-09-13 20:00:00+00:00,312.91,314.8,312.91,314.43,1.527
2025-09-14 00:00:00+00:00,314.65,315.21,312.47,314.39,68.217
2025-09-14 04:00:00+00:00,311.27,312.33,308.8,308.8,2.309
2025-09-14 08:00:00+00:00,309.74,310.83,307.83,307.83,174.445
2025-09-14 12:00:00+00:00,308.49,308.49,302.66,302.66,2.471
2025-09-14 16:00:00+00:00,305.51,308.19,305.51,306.24,0.657
2025-09-14 20:00:00+00:00,309.26,309.66,306.64,306.64,0.265
2025-09-15 00:00:00+00:00,308.02,309.42,305.3,307.82,2.694
2025-09-15 04:00:00+00:00,307.83,309.68,304.18,304.18,0.93
2025-09-15 08:00:00+00:00,303.89,303.89,297.76,298.25,47.719
2025-09-15 12:00:00+00:00,300.73,300.73,296.11,298.51,11.815
2025-09-15 16:00:00+00:00,296.21,298.5,295.9,298.28,1.073
2025-09-15 20:00:00+00:00,298.54,300.13,298.54,300.13,0.927
2025-09-16 00:00:00+00:00,300.13,300.13,297.0,297.0,1.476
2025-09-16 04:00:00+00:00,296.21,296.21,293.52,293.98,23.19
2025-09-16 08:00:00+00:00,296.21,298.4,295.09,298.4,6.934
2025-09-16 12:00:00+00:00,293.89,293.89,290.42,293.3,40.484
2025-09-16 16:00:00+00:00,293.3,300.12,293.3,300.12,24.153
2025-09-16 20:00:00+00:00,298.43,300.86,298.43,299.85,1.127
2025-09-17 00:00:00+00:00,301.43,301.43,297.26,298.03,2.578
2025-09-17 04:00:00+00:00,296.3,299.7,293.96,298.56,2.385
2025-09-17 08:00:00+00:00,298.17,299.61,294.81,298.02,19.826
2025-09-17 12:00:00+00:00,295.24,298.37,293.34,295.76,9.317
2025-09-17 16:00:00+00:00,292.51,299.69,290.85,299.47,30.559
2025-09-17 20:00:00+00:00,298.31,308.0,296.21,306.09,28.428
2025-09-18 00:00:00+00:00,307.12,309.16,304.94,308.72,4.743
2025-09-18 04:00:00+00:00,305.52,305.52,302.95,305.5,1.866
2025-09-18 08:00:00+00:00,305.51,308.43,305.51,306.27,2.312
2025-09-18 12:00:00+00:00,307.19,310.41,306.79,309.37,16.614
2025-09-18 16:00:00+00:00,309.95,312.45,309.95,310.24,6.475
2025-09-18 20:00:00+00:00,310.24,310.24,307.25,308.94,11.263
2025-09-19 00:00:00+00:00,310.15,310.33,305.3,305.3,9.142
2025-09-19 04:00:00+00:00,304.56,306.49,303.18,305.51,0.41
2025-09-19 08:00:00+00:00,307.69,308.54,303.78,303.78,5.467
2025-09-19 12:00:00+00:00,305.81,307.12,299.26,299.26,2.3
2025-09-19 16:00:00+00:00,301.48,301.61,297.77,297.77,16.117
2025-09-19 20:00:00+00:00,300.14,300.21,298.7,298.7,5.663
2025-09-20 00:00:00+00:00,298.75,298.79,297.58,297.98,85.229
2025-09-20 04:00:00+00:00,297.98,297.98,297.98,297.98,0.0
2025-09-20 08:00:00+00:00,298.53,298.53,295.5,296.94,20.423
2025-09-20 12:00:00+00:00,295.0,299.94,294.94,299.44,2.46
2025-09-20 16:00:00+00:00,299.91,299.91,296.21,296.56,1.293
2025-09-20 20:00:00+00:00,297.33,299.83,297.33,299.52,14.308
2025-09-21 00:00:00+00:00,296.21,297.69,296.21,296.69,1.99
2025-09-21 04:00:00+00:00,296.49,299.57,296.49,299.57,0.859
2025-09-21 08:00:00+00:00,296.21,296.21,293.89,293.89,1.43
2025-09-21 12:00:00+00:00,296.21,298.52,296.21,298.52,0.016
2025-09-21 16:00:00+00:00,293.89,297.15,293.34,297.15,0.495
2025-09-21 20:00:00+00:00,293.89,296.19,293.73,294.69,0.793
2025-09-22 00:00:00+00:00,293.37,293.37,282.27,283.28,50.31
2025-09-22 04:00:00+00:00,282.24,282.24,264.69,266.76,239.958
2025-09-22 08:00:00+00:00,268.57,268.57,262.79,266.2,10.142
2025-09-22 12:00:00+00:00,267.07,270.22,265.05,265.43,1.405
2025-09-22 16:00:00+00:00,266.12,267.23,263.69,263.69,8.279
2025-09-22 20:00:00+00:00,266.01,270.22,266.01,270.22,0.873
2025-09-23 00:00:00+00:00,270.64,270.66,263.69,268.33,15.686
2025-09-23 04:00:00+00:00,267.95,271.59,267.25,271.59,2.583
2025-09-23 08:00:00+00:00,271.6,271.88,271.6,271.78,2.87
2025-09-23 12:00:00+00:00,272.08,279.71,272.08,279.71,4.099
2025-09-23 16:00:00+00:00,279.81,281.22,273.51,273.51,4.264
2025-09-23 20:00:00+00:00,276.23,277.25,274.17,276.23,19.146
2025-09-24 00:00:00+00:00,274.51,277.63,270.83,270.98,14.28
2025-09-24 04:00:00+00:00,270.79,278.32,269.04,278.32,4.905
2025-09-24 08:00:00+00:00,276.96,278.69,275.87,277.61,1.422
2025-09-24 12:00:00+00:00,279.84,280.66,279.84,280.66,0.613
2025-09-24 16:00:00+00:00,278.15,280.15,278.12,278.12,0.129
2025-09-24 20:00:00+00:00,277.65,277.76,277.63,277.64,0.386
2025-09-25 00:00:00+00:00,278.95,278.97,270.66,270.66,4.286
2025-09-25 04:00:00+00:00,269.79,271.58,266.01,268.03,1.872
2025-09-25 08:00:00+00:00,269.5,270.66,266.01,266.01,0.666
2025-09-25 12:00:00+00:00,265.44,269.17,260.84,267.11,7.331
2025-09-25 16:00:00+00:00,266.24,266.24,255.94,263.69,148.612
2025-09-25 20:00:00+00:00,261.99,263.56,258.88,258.88,14.669
2025-09-26 00:00:00+00:00,261.36,267.23,261.36,267.23,5.597
2025-09-26 04:00:00+00:00,263.7,263.7,260.18,260.18,0.593
2025-09-26 08:00:00+00:00,259.88,259.88,256.72,256.72,9.196
2025-09-26 12:00:00+00:00,259.04,265.23,259.04,265.23,13.98
2025-09-26 16:00:00+00:00,265.85,272.21,265.85,272.21,29.521
2025-09-26 20:00:00+00:00,269.07,270.14,269.07,270.14,2.469
2025-09-27 00:00:00+00:00,270.14,270.14,270.14,270.14,0.0
2025-09-27 04:00:00+00:00,270.14,270.14,270.14,270.14,0.0
2025-09-27 08:00:00+00:00,268.33,268.33,266.48,267.7,3.446
2025-09-27 12:00:00+00:00,267.83,267.83,267.83,267.83,0.744
2025-09-27 16:00:00+00:00,266.01,266.01,266.01,266.01,0.011
2025-09-27 20:00:00+00:00,268.33,268.33,268.33,268.33,0.011
2025-09-28 00:00:00+00:00,266.01,266.48,264.87,265.22,2.347
2025-09-28 04:00:00+00:00,266.81,266.81,264.69,264.69,0.093
2025-09-28 08:00:00+00:00,264.12,264.12,261.36,262.29,1.751
2025-09-28 12:00:00+00:00,263.69,264.87,263.69,264.87,0.488
2025-09-28 16:00:00+00:00,266.01,268.45,266.01,268.45,0.442
2025-09-28 20:00:00+00:00,268.85,276.81,268.85,274.98,8.911
2025-09-29 00:00:00+00:00,274.98,274.98,274.98,274.98,0.0
2025-09-29 04:00:00+00:00,272.98,273.63,270.66,270.66,4.073
2025-09-29 08:00:00+00:00,271.87,274.64,270.66,270.66,47.808
2025-09-29 12:00:00+00:00,269.58,277.98,269.44,274.39,4.882
2025-09-29 16:00:00+00:00,273.51,276.79,272.15,276.79,0.993
2025-09-29 20:00:00+00:00,277.06,279.91,277.06,279.39,1.3
2025-09-30 00:00:00+00:00,276.26,277.63,274.06,274.06,1.068
2025-09-30 04:00:00+00:00,273.51,274.44,272.07,272.07,0.862
2025-09-30 08:00:00+00:00,272.17,272.52,269.44,272.52,0.86
2025-09-30 12:00:00+00:00,272.54,272.54,267.13,267.13,1.653
2025-09-30 16:00:00+00:00,266.76,274.31,266.76,274.31,7.131
2025-09-30 20:00:00+00:00,275.3,278.69,273.1,273.1,6.908
2025-10-01 00:00:00+00:00,272.98,274.09,269.79,269.79,3.228
2025-10-01 04:00:00+00:00,270.32,272.98,270.32,270.66,6.173
2025-10-01 08:00:00+00:00,272.95,285.68,272.95,284.26,17.106
2025-10-01 12:00:00+00:00,284.53,286.96,284.21,286.96,0.888
2025-10-01 16:00:00+00:00,287.05,287.05,283.42,286.1,1.644
2025-10-01 20:00:00+00:00,285.15,285.15,282.73,284.0,12.838
2025-10-02 00:00:00+00:00,286.92,288.47,285.01,288.47,1.295
2025-10-02 04:00:00+00:00,286.95,287.75,286.95,287.68,2.564
2025-10-02 08:00:00+00:00,285.5,285.5,283.25,283.25,3.582
2025-10-02 12:00:00+00:00,283.69,283.69,279.78,282.27,3.838
2025-10-02 16:00:00+00:00,284.05,294.04,284.0,291.81,13.54
2025-10-02 20:00:00+00:00,291.59,291.59,287.54,287.54,22.525
2025-10-03 00:00:00+00:00,291.57,292.71,291.57,292.7,0.023
2025-10-03 04:00:00+00:00,292.7,292.7,286.1,286.1,1.0
2025-10-03 08:00:00+00:00,284.83,285.37,284.27,285.2,5.644
2025-10-03 12:00:00+00:00,284.41,291.57,284.4,291.57,14.448
2025-10-03 16:00:00+00:00,291.57,300.26,286.92,291.48,140.399
2025-10-03 20:00:00+00:00,290.84,292.34,289.81,290.67,7.484
2025-10-04 00:00:00+00:00,291.65,292.56,286.92,286.92,69.186
2025-10-04 04:00:00+00:00,286.47,286.98,286.02,286.02,2.405
2025-10-04 08:00:00+00:00,284.83,284.83,282.68,282.68,2.106
2025-10-04 12:00:00+00:00,282.27,283.48,280.43,280.43,3.368
2025-10-04 16:00:00+00:00,281.64,281.64,281.64,281.64,0.529
2025-10-04 20:00:00+00:00,283.37,284.01,282.84,284.01,3.159
2025-10-05 00:00:00+00:00,282.27,288.47,282.27,288.47,4.989
2025-10-05 04:00:00+00:00,289.24,293.08,289.24,293.08,70.075
2025-10-05 08:00:00+00:00,293.82,295.67,288.37,288.37,13.48
2025-10-05 12:00:00+00:00,287.54,291.2,287.53,289.74,0.954
2025-10-05 16:00:00+00:00,290.13,290.13,284.6,284.6,4.436
2025-10-05 20:00:00+00:00,285.72,286.16,284.68,284.68,0.27
2025-10-06 00:00:00+00:00,283.94,288.22,283.25,286.93,11.886
2025-10-06 04:00:00+00:00,288.36,289.81,288.36,289.21,0.738
2025-10-06 08:00:00+00:00,289.3,291.38,289.3,291.38,0.883
2025-10-06 12:00:00+00:00,291.57,298.47,291.56,296.02,3.5
2025-10-06 16:00:00+00:00,298.53,300.86,298.53,298.83,131.758
2025-10-06 20:00:00+00:00,301.16,301.41,296.32,296.34,4.927
2025-10-07 00:00:00+00:00,299.91,299.91,296.21,297.0,7.367
2025-10-07 04:00:00+00:00,295.03,298.35,291.57,291.57,8.618
2025-10-07 08:00:00+00:00,290.91,293.75,288.85,291.57,62.171
2025-10-07 12:00:00+00:00,289.78,292.63,277.95,277.95,11.919
2025-10-07 16:00:00+00:00,277.72,281.43,276.58,276.83,3.545
2025-10-07 20:00:00+00:00,278.27,278.27,275.8,275.8,2.917
2025-10-08 00:00:00+00:00,276.24,279.84,275.09,275.09,1.091
2025-10-08 04:00:00+00:00,274.96,277.63,274.96,277.63,5.375
2025-10-08 08:00:00+00:00,277.64,279.95,277.64,279.95,0.656
2025-10-08 12:00:00+00:00,281.24,282.65,279.03,279.03,0.677
2025-10-08 16:00:00+00:00,280.63,286.13,280.63,286.13,1.72
2025-10-08 20:00:00+00:00,284.89,286.13,284.89,285.95,0.622
2025-10-09 00:00:00+00:00,282.27,282.27,279.03,281.63,5.439
2025-10-09 04:00:00+00:00,282.27,283.69,279.03,279.03,0.255
2025-10-09 08:00:00+00:00,277.72,277.72,273.51,274.18,1.602
2025-10-09 12:00:00+00:00,275.45,277.04,270.08,272.55,35.077
2025-10-09 16:00:00+00:00,270.69,272.98,269.1,272.98,4.543
2025-10-09 20:00:00+00:00,271.28,275.18,271.27,274.02,2.011
2025-10-10 00:00:00+00:00,275.26,278.69,273.66,278.69,64.411
2025-10-10 04:00:00+00:00,275.3,277.9,273.75,275.3,0.732
2025-10-10 08:00:00+00:00,273.57,276.06,273.57,275.6,6.493
2025-10-10 12:00:00+00:00,277.63,278.45,263.2,266.29,67.783
2025-10-10 16:00:00+00:00,263.69,266.34,255.94,259.58,102.168
2025-10-10 20:00:00+00:00,259.44,259.64,160.49,230.0,363.712
2025-10-11 00:00:00+00:00,230.0,249.01,219.23,224.42,90.872
2025-10-11 04:00:00+00:00,231.06,236.01,230.15,236.01,2.371
2025-10-11 08:00:00+00:00,238.13,242.78,235.83,240.45,2.311
2025-10-11 12:00:00+00:00,238.99,243.08,232.63,239.27,5.273
2025-10-11 16:00:00+00:00,240.4,240.45,231.58,235.19,4.799
2025-10-11 20:00:00+00:00,229.6,233.98,216.78,233.98,11.751
2025-10-12 00:00:00+00:00,231.56,231.56,226.51,229.42,7.051
2025-10-12 04:00:00+00:00,228.59,233.48,228.59,230.98,0.266
2025-10-12 08:00:00+00:00,233.98,234.35,228.86,228.86,0.903
2025-10-12 12:00:00+00:00,233.3,245.78,230.5,245.78,5.583
2025-10-12 16:00:00+00:00,245.76,256.52,243.31,255.08,64.787
2025-10-12 20:00:00+00:00,255.0,255.0,248.73,253.22,8.964
2025-10-13 00:00:00+00:00,250.01,252.07,246.35,247.27,35.971
2025-10-13 04:00:00+00:00,249.12,254.49,246.74,251.25,5.601
2025-10-13 08:00:00+00:00,253.78,254.39,244.93,248.31,4.364
2025-10-13 12:00:00+00:00,249.44,253.22,246.27,252.07,4.042
2025-10-13 16:00:00+00:00,253.22,260.93,251.82,260.93,8.557
2025-10-13 20:00:00+00:00,261.36,262.24,261.36,262.24,0.711
2025-10-14 00:00:00+00:00,260.77,263.0,253.76,255.09,149.405
2025-10-14 04:00:00+00:00,253.29,254.19,241.0,242.81,24.901
2025-10-14 08:00:00+00:00,243.44,246.83,243.43,244.41,4.831
2025-10-14 12:00:00+00:00,241.07,250.7,240.87,250.7,3.672
2025-10-14 16:00:00+00:00,251.08,255.08,247.9,252.07,6.59
2025-10-14 20:00:00+00:00,252.04,256.69,252.04,256.69,2.707
2025-10-15 00:00:00+00:00,253.63,255.77,252.06,252.94,51.396
2025-10-15 04:00:00+00:00,254.39,255.77,254.39,255.77,0.319
2025-10-15 08:00:00+00:00,256.72,262.24,252.49,252.49,28.645
2025-10-15 12:00:00+00:00,252.07,252.07,243.33,243.33,4.99
2025-10-15 16:00:00+00:00,241.0,241.0,240.67,240.67,22.677
2025-10-15 20:00:00+00:00,238.39,241.8,237.43,241.8,0.519
2025-10-16 00:00:00+00:00,244.81,244.81,241.66,241.66,0.035
2025-10-16 04:00:00+00:00,242.01,242.01,242.01,242.01,0.212
2025-10-16 08:00:00+00:00,240.21,243.68,234.23,243.67,6.095
2025-10-16 12:00:00+00:00,245.58,245.79,237.94,237.94,60.486
2025-10-16 16:00:00+00:00,233.05,233.05,230.04,230.07,1.168
2025-10-16 20:00:00+00:00,232.01,232.26,222.84,224.96,111.252
2025-10-17 00:00:00+00:00,222.6,226.42,221.86,221.86,13.169
2025-10-17 04:00:00+00:00,221.35,221.35,208.77,208.77,124.327
2025-10-17 08:00:00+00:00,208.76,212.5,203.47,212.5,10.003
2025-10-17 12:00:00+00:00,210.4,210.4,200.46,205.55,4.702
2025-10-17 16:00:00+00:00,207.05,207.07,205.39,205.54,0.724
2025-10-17 20:00:00+00:00,207.69,207.69,207.69,207.69,0.226
2025-10-18 00:00:00+00:00,209.32,209.58,207.01,209.58,0.573
2025-10-18 04:00:00+00:00,207.61,210.22,207.61,210.22,0.07
2025-10-18 08:00:00+00:00,210.28,210.28,207.76,209.61,1.288
2025-10-18 12:00:00+00:00,209.33,212.03,209.33,212.03,6.043
2025-10-18 16:00:00+00:00,209.2,213.61,209.2,213.61,2.441
2025-10-18 20:00:00+00:00,213.39,216.11,213.39,216.11,0.775
2025-10-19 00:00:00+00:00,214.74,216.79,213.09,216.09,5.066
2025-10-19 04:00:00+00:00,216.68,217.78,213.99,213.99,2.042
2025-10-19 08:00:00+00:00,214.34,220.44,214.34,220.21,12.025
2025-10-19 12:00:00+00:00,220.41,225.71,219.69,224.7,7.38
2025-10-19 16:00:00+00:00,222.45,226.14,222.45,223.26,2.5
2025-10-19 20:00:00+00:00,224.3,225.08,224.09,225.08,0.305
2025-10-20 00:00:00+00:00,221.5,228.27,221.35,228.27,5.621
2025-10-20 04:00:00+00:00,227.15,234.41,227.15,232.11,12.889
2025-10-20 08:00:00+00:00,234.39,235.99,234.39,235.34,4.545
2025-10-20 12:00:00+00:00,231.55,233.7,228.66,233.52,3.416
2025-10-20 16:00:00+00:00,226.87,229.77,224.88,225.89,3.637
2025-10-20 20:00:00+00:00,230.65,230.65,230.6,230.61,1.928
2025-10-21 00:00:00+00:00,227.42,230.87,223.74,223.74,2.523
2025-10-21 04:00:00+00:00,222.64,222.64,218.62,219.3,1.03
2025-10-21 08:00:00+00:00,218.8,218.8,218.8,218.8,0.053
2025-10-21 12:00:00+00:00,228.27,236.01,228.27,235.8,3.909
2025-10-21 16:00:00+00:00,236.34,236.59,232.05,232.05,4.027
2025-10-21 20:00:00+00:00,226.87,226.87,218.76,218.76,2.066
2025-10-22 00:00:00+00:00,219.67,221.21,218.23,218.23,0.756
2025-10-22 04:00:00+00:00,220.0,222.83,217.21,217.21,2.933
2025-10-22 08:00:00+00:00,215.91,227.48,215.0,227.48,12.03
2025-10-22 12:00:00+00:00,223.18,223.18,217.95,221.67,1.343
2025-10-22 16:00:00+00:00,222.52,223.17,215.91,215.91,2.369
2025-10-22 20:00:00+00:00,215.63,218.35,208.69,214.31,3.21
2025-10-23 00:00:00+00:00,217.33,217.78,217.2,217.2,0.628
2025-10-23 04:00:00+00:00,221.42,221.42,221.09,221.09,0.035
2025-10-23 08:00:00+00:00,222.74,223.19,219.27,219.27,4.623
2025-10-23 12:00:00+00:00,220.83,222.21,220.83,222.21,0.326
2025-10-23 16:00:00+00:00,225.74,228.05,222.63,222.63,1.617
2025-10-23 20:00:00+00:00,222.81,224.0,222.81,224.0,0.857
2025-10-24 00:00:00+00:00,225.0,225.89,225.0,225.66,2.038
2025-10-24 04:00:00+00:00,228.29,234.5,228.29,229.99,76.057
2025-10-24 08:00:00+00:00,233.75,233.75,228.89,228.92,0.079
2025-10-24 12:00:00+00:00,233.93,233.93,226.05,226.05,1.093
2025-10-24 16:00:00+00:00,226.66,229.67,224.89,228.02,2.528
2025-10-24 20:00:00+00:00,227.55,227.55,227.55,227.55,0.005
2025-10-25 00:00:00+00:00,227.33,227.36,227.33,227.36,0.832
2025-10-25 04:00:00+00:00,227.36,227.36,227.36,227.36,0.0
2025-10-25 08:00:00+00:00,229.49,229.49,229.49,229.49,0.315
2025-10-25 12:00:00+00:00,227.9,229.56,226.1,229.56,0.048
2025-10-25 16:00:00+00:00,228.92,230.08,227.0,230.08,2.23
2025-10-25 20:00:00+00:00,229.27,229.27,229.27,229.27,0.042
2025-10-26 00:00:00+00:00,223.84,223.84,223.52,223.52,0.272
2025-10-26 04:00:00+00:00,223.82,228.55,223.82,228.55,0.068
2025-10-26 08:00:00+00:00,227.08,235.0,226.4,235.0,688.762
2025-10-26 12:00:00+00:00,235.83,241.41,234.28,237.62,116.017
2025-10-26 16:00:00+00:00,237.62,240.4,235.69,240.4,28.649
2025-10-26 20:00:00+00:00,235.72,241.89,235.68,241.55,40.646
2025-10-27 00:00:00+00:00,242.0,244.77,242.0,244.77,71.406
2025-10-27 04:00:00+00:00,244.66,248.51,243.01,243.01,41.218
2025-10-27 08:00:00+00:00,245.64,245.64,237.12,237.12,5.048
2025-10-27 12:00:00+00:00,238.01,240.91,235.68,240.47,4.789
2025-10-27 16:00:00+00:00,236.78,241.23,236.78,239.76,4.432
2025-10-27 20:00:00+00:00,236.89,236.89,233.09,234.21,2.915
2025-10-28 00:00:00+00:00,236.01,236.01,236.01,236.01,0.048
2025-10-28 04:00:00+00:00,233.09,237.36,233.09,237.36,1.306
2025-10-28 08:00:00+00:00,235.54,235.54,235.54,235.54,0.043
2025-10-28 12:00:00+00:00,237.98,237.98,229.98,229.98,1.832
2025-10-28 16:00:00+00:00,234.09,235.83,229.98,229.98,1.56
2025-10-28 20:00:00+00:00,229.57,232.47,225.68,228.37,3.721
2025-10-29 00:00:00+00:00,229.04,230.18,228.51,230.18,1.307
2025-10-29 04:00:00+00:00,230.18,230.18,230.18,230.18,0.0
2025-10-29 08:00:00+00:00,228.6,228.6,226.48,226.83,0.858
2025-10-29 12:00:00+00:00,231.67,232.15,226.49,226.49,1.679
2025-10-29 16:00:00+00:00,231.59,232.26,222.37,232.24,7.978
2025-10-29 20:00:00+00:00,230.26,235.22,226.49,226.49,9.276
2025-10-30 00:00:00+00:00,226.49,231.05,226.08,231.05,5.774
2025-10-30 04:00:00+00:00,226.05,229.81,220.14,228.74,18.622
2025-10-30 08:00:00+00:00,225.68,225.68,223.52,223.52,1.723
2025-10-30 12:00:00+00:00,223.05,223.09,213.52,213.52,36.64
2025-10-30 16:00:00+00:00,213.03,213.65,207.68,208.02,39.064
2025-10-30 20:00:00+00:00,211.09,215.19,211.09,214.1,4.968
2025-10-31 00:00:00+00:00,215.2,219.83,215.2,218.31,9.643
2025-10-31 04:00:00+00:00,219.31,219.82,217.44,219.82,0.183
2025-10-31 08:00:00+00:00,217.4,217.4,217.4,217.4,0.112
2025-10-31 12:00:00+00:00,219.88,221.79,219.88,221.79,0.193
2025-10-31 16:00:00+00:00,217.51,234.35,213.2,234.35,77.421
2025-10-31 20:00:00+00:00,234.35,235.81,229.06,229.06,14.17
2025-11-01 00:00:00+00:00,227.66,227.7,226.05,226.46,1.991
2025-11-01 04:00:00+00:00,225.23,225.23,225.23,225.23,0.377
2025-11-01 08:00:00+00:00,225.87,225.87,225.87,225.87,0.066
2025-11-01 12:00:00+00:00,227.79,227.79,223.05,225.17,1.667
2025-11-01 16:00:00+00:00,221.73,226.01,221.73,225.34,5.048
2025-11-01 20:00:00+00:00,224.03,226.33,221.46,221.46,0.698
2025-11-02 00:00:00+00:00,221.85,223.15,221.85,223.15,0.754
2025-11-02 04:00:00+00:00,223.15,223.15,223.15,223.15,0.0
2025-11-02 08:00:00+00:00,224.08,225.05,220.57,220.57,2.492
2025-11-02 12:00:00+00:00,220.14,223.29,218.96,223.29,0.646
2025-11-02 16:00:00+00:00,222.01,237.12,222.01,226.05,10.162
2025-11-02 20:00:00+00:00,223.86,229.46,223.86,229.46,1.835
2025-11-03 00:00:00+00:00,231.69,232.38,216.38,219.43,4.588
2025-11-03 04:00:00+00:00,218.94,220.33,209.27,215.1,24.23
2025-11-03 08:00:00+00:00,214.38,214.38,209.8,209.8,0.686
2025-11-03 12:00:00+00:00,215.2,217.31,196.58,199.41,92.051
2025-11-03 16:00:00+00:00,202.23,206.88,202.23,202.99,1.771
2025-11-03 20:00:00+00:00,201.64,202.43,197.83,198.31,6.173
2025-11-04 00:00:00+00:00,202.03,205.57,200.95,205.57,16.749
2025-11-04 04:00:00+00:00,203.05,203.05,193.25,194.92,9.782
2025-11-04 08:00:00+00:00,199.1,199.1,196.05,198.08,4.256
2025-11-04 12:00:00+00:00,197.4,203.88,194.26,198.73,5.086
2025-11-04 16:00:00+00:00,197.83,197.83,185.38,186.12,149.097
2025-11-04 20:00:00+00:00,185.38,191.02,177.09,189.08,96.937
2025-11-05 00:00:00+00:00,187.48,200.9,181.25,198.04,10.304
2025-11-05 04:00:00+00:00,200.93,201.54,197.96,197.96,0.353
2025-11-05 08:00:00+00:00,196.15,196.85,194.84,195.13,3.398
2025-11-05 12:00:00+00:00,199.35,199.39,197.59,198.06,1.258
2025-11-05 16:00:00+00:00,200.81,205.55,200.81,205.55,3.621
2025-11-05 20:00:00+00:00,202.72,204.47,202.71,203.23,1.405
2025-11-06 00:00:00+00:00,199.39,205.55,199.13,205.55,2.401
2025-11-06 04:00:00+00:00,205.57,205.57,198.81,200.25,2.636
2025-11-06 08:00:00+00:00,200.64,200.64,200.64,200.64,0.479
2025-11-06 12:00:00+00:00,197.83,197.83,194.84,194.84,1.421
2025-11-06 16:00:00+00:00,199.39,199.39,199.34,199.34,0.263
2025-11-06 20:00:00+00:00,197.65,198.12,197.65,198.12,0.842
2025-11-07 00:00:00+00:00,198.54,198.54,198.54,198.54,0.291
2025-11-07 04:00:00+00:00,198.24,202.31,198.24,202.31,0.787
2025-11-07 08:00:00+00:00,202.45,202.45,194.84,194.84,1.82
2025-11-07 12:00:00+00:00,191.89,200.9,190.37,200.9,7.317
2025-11-07 16:00:00+00:00,197.96,211.3,197.96,211.3,10.252
2025-11-07 20:00:00+00:00,211.3,212.47,207.16,207.21,123.021
2025-11-08 00:00:00+00:00,209.35,210.25,206.92,207.93,7.562
2025-11-08 04:00:00+00:00,205.49,206.57,203.97,204.67,2.976
2025-11-08 08:00:00+00:00,205.31,208.3,205.31,206.4,1.067
2025-11-08 12:00:00+00:00,204.69,204.69,199.95,200.77,2.517
2025-11-08 16:00:00+00:00,203.27,210.22,199.95,203.32,9.415
2025-11-08 20:00:00+00:00,201.56,201.56,201.45,201.45,2.087
2025-11-09 00:00:00+00:00,201.38,201.38,197.1,197.13,23.645
2025-11-09 04:00:00+00:00,197.5,199.56,197.5,199.56,0.572
2025-11-09 08:00:00+00:00,199.96,202.45,199.96,202.45,0.273
2025-11-09 12:00:00+00:00,203.79,209.0,203.79,209.0,4.142
2025-11-09 16:00:00+00:00,208.2,212.82,208.2,212.24,29.674
2025-11-09 20:00:00+00:00,211.36,214.6,211.36,212.64,6.696
2025-11-10 00:00:00+00:00,210.36,221.2,210.36,219.87,163.546
2025-11-10 04:00:00+00:00,219.23,221.87,219.11,220.19,8.081
2025-11-10 08:00:00+00:00,219.55,225.42,219.26,224.65,74.944
2025-11-10 12:00:00+00:00,222.74,222.74,219.55,219.55,5.544
2025-11-10 16:00:00+00:00,220.63,223.08,216.8,222.42,2.559
2025-11-10 20:00:00+00:00,224.19,229.25,219.13,226.47,17.213
2025-11-11 00:00:00+00:00,228.95,232.24,225.64,231.69,7.392
2025-11-11 04:00:00+00:00,228.84,228.84,216.8,216.8,5.675
2025-11-11 08:00:00+00:00,217.23,218.95,217.23,218.95,0.432
2025-11-11 12:00:00+00:00,215.91,216.28,214.8,216.28,1.013
2025-11-11 16:00:00+00:00,217.52,217.52,212.31,215.87,6.109
2025-11-11 20:00:00+00:00,211.44,211.44,207.51,207.51,75.899
2025-11-12 00:00:00+00:00,207.53,214.32,207.1,214.32,6.009
2025-11-12 04:00:00+00:00,213.15,213.15,213.15,213.15,0.011
2025-11-12 08:00:00+00:00,212.45,217.78,212.45,217.78,2.763
2025-11-12 12:00:00+00:00,218.51,218.51,207.1,207.1,1.16
2025-11-12 16:00:00+00:00,206.92,208.65,203.97,208.17,6.67
2025-11-12 20:00:00+00:00,208.67,208.72,204.57,204.57,1.407
2025-11-13 00:00:00+00:00,206.35,210.96,204.78,210.96,13.244
2025-11-13 04:00:00+00:00,205.65,216.78,205.65,211.43,90.702
2025-11-13 08:00:00+00:00,211.81,214.79,211.81,214.79,0.144
2025-11-13 12:00:00+00:00,213.14,213.14,207.51,207.51,0.422
2025-11-13 16:00:00+00:00,207.1,207.65,191.89,191.89,94.616
2025-11-13 20:00:00+00:00,191.01,201.83,191.0,199.0,19.407
2025-11-14 00:00:00+00:00,201.78,201.78,194.84,194.84,0.665
2025-11-14 04:00:00+00:00,191.89,191.89,185.75,186.74,32.435
2025-11-14 08:00:00+00:00,185.74,186.33,179.54,179.54,128.926
2025-11-14 12:00:00+00:00,179.64,184.05,174.99,181.93,23.464
2025-11-14 16:00:00+00:00,178.55,182.95,177.09,181.0,13.537
2025-11-14 20:00:00+00:00,181.15,181.44,175.0,175.0,14.004
2025-11-15 00:00:00+00:00,177.12,179.19,173.93,179.19,1.989
2025-11-15 04:00:00+00:00,179.67,179.67,179.67,179.67,0.018
2025-11-15 08:00:00+00:00,178.15,180.63,178.15,180.63,1.066
2025-11-15 12:00:00+00:00,180.63,180.63,180.63,180.63,0.0
2025-11-15 16:00:00+00:00,181.94,181.94,181.94,181.94,0.119
2025-11-15 20:00:00+00:00,179.78,179.78,177.97,177.97,0.28
2025-11-16 00:00:00+00:00,177.79,177.79,177.79,177.79,0.119
2025-11-16 04:00:00+00:00,181.38,181.58,180.73,180.73,0.326
2025-11-16 08:00:00+00:00,181.23,181.94,177.27,177.27,0.79
2025-11-16 12:00:00+00:00,176.79,179.32,174.36,174.36,1.398
2025-11-16 16:00:00+00:00,172.79,174.62,168.39,173.34,56.323
2025-11-16 20:00:00+00:00,172.54,176.39,169.84,173.15,23.041
2025-11-17 00:00:00+00:00,174.01,176.48,174.01,176.48,0.424
2025-11-17 04:00:00+00:00,177.95,178.49,177.95,178.49,0.27
2025-11-17 08:00:00+00:00,178.95,180.09,178.29,178.29,1.479
2025-11-17 12:00:00+00:00,178.0,181.94,172.45,176.37,4.445
2025-11-17 16:00:00+00:00,173.18,178.47,165.43,166.88,14.087
2025-11-17 20:00:00+00:00,165.1,168.22,165.1,168.22,40.205
2025-11-18 00:00:00+00:00,168.96,168.96,168.03,168.17,5.34
2025-11-18 04:00:00+00:00,169.76,171.17,165.65,171.17,7.257
2025-11-18 08:00:00+00:00,171.17,173.2,170.95,173.2,2.212
2025-11-18 12:00:00+00:00,171.24,177.26,171.09,176.07,12.046
2025-11-18 16:00:00+00:00,178.48,179.71,177.25,178.55,4.745
2025-11-18 20:00:00+00:00,178.65,178.65,176.02,176.02,4.149
2025-11-19 00:00:00+00:00,176.0,177.77,176.0,177.77,1.232
2025-11-19 04:00:00+00:00,175.14,175.14,170.38,172.91,3.056
2025-11-19 08:00:00+00:00,174.05,176.48,174.05,176.48,0.372
2025-11-19 12:00:00+00:00,173.0,174.24,168.39,168.39,2.363
2025-11-19 16:00:00+00:00,167.27,167.27,164.3,164.3,108.505
2025-11-19 20:00:00+00:00,164.38,174.62,164.38,174.62,157.769
2025-11-20 00:00:00+00:00,175.26,176.48,174.42,176.48,0.809
2025-11-20 04:00:00+00:00,174.85,178.49,174.79,178.49,28.13
2025-11-20 08:00:00+00:00,178.68,178.92,176.42,177.67,1.117
2025-11-20 12:00:00+00:00,177.93,179.19,173.44,173.44,16.265
2025-11-20 16:00:00+00:00,172.81,172.81,159.5,163.51,25.835
2025-11-20 20:00:00+00:00,162.74,166.25,162.74,164.85,2.23
2025-11-21 00:00:00+00:00,165.41,167.12,162.24,162.24,1.175
2025-11-21 04:00:00+00:00,164.16,165.77,150.66,156.19,28.95
2025-11-21 08:00:00+00:00,157.63,158.6,152.78,152.78,14.044
2025-11-21 12:00:00+00:00,153.17,157.55,149.52,152.4,19.153
2025-11-21 16:00:00+00:00,151.31,158.6,151.31,158.6,16.135
2025-11-21 20:00:00+00:00,154.98,158.6,153.84,157.53,1.581
2025-11-22 00:00:00+00:00,158.58,159.93,158.58,159.1,1.783
2025-11-22 04:00:00+00:00,158.7,158.7,156.14,157.83,5.317
2025-11-22 08:00:00+00:00,157.06,157.06,155.44,156.48,0.914
2025-11-22 12:00:00+00:00,155.43,158.59,155.43,157.09,13.367
2025-11-22 16:00:00+00:00,160.22,160.32,155.42,160.32,2.551
2025-11-22 20:00:00+00:00,156.1,163.38,156.1,161.07,27.922
2025-11-23 00:00:00+00:00,161.57,163.93,160.13,163.93,6.254
2025-11-23 04:00:00+00:00,164.86,165.51,164.86,165.51,0.835
2025-11-23 08:00:00+00:00,165.51,165.51,165.51,165.51,0.0
2025-11-23 12:00:00+00:00,165.51,165.51,165.51,165.51,0.0
2025-11-23 16:00:00+00:00,165.72,169.97,164.38,169.97,4.308
2025-11-23 20:00:00+00:00,170.37,171.17,167.27,167.27,5.181
2025-11-24 00:00:00+00:00,166.77,172.25,166.77,172.25,1.522
2025-11-24 04:00:00+00:00,172.11,174.12,170.33,170.33,1.003
2025-11-24 08:00:00+00:00,169.84,169.84,169.01,169.01,0.464
2025-11-24 12:00:00+00:00,170.36,173.72,168.7,173.72,5.384
2025-11-24 16:00:00+00:00,173.8,177.87,170.12,177.87,9.562
2025-11-24 20:00:00+00:00,177.91,179.93,177.91,179.51,23.856
2025-11-25 00:00:00+00:00,178.14,180.09,176.72,179.38,71.768
2025-11-25 04:00:00+00:00,178.72,180.88,178.71,179.47,2.994
2025-11-25 08:00:00+00:00,177.27,177.27,176.49,176.63,7.55
2025-11-25 12:00:00+00:00,177.67,179.27,174.47,178.03,0.7
2025-11-25 16:00:00+00:00,175.53,178.91,175.53,178.91,1.416
2025-11-25 20:00:00+00:00,178.42,181.29,175.84,181.28,6.914
2025-11-26 00:00:00+00:00,177.44,177.44,177.44,177.44,0.081
2025-11-26 04:00:00+00:00,176.7,177.63,176.7,177.63,0.651
2025-11-26 08:00:00+00:00,177.51,177.51,176.04,176.04,2.12
2025-11-26 12:00:00+00:00,175.1,177.77,175.1,177.77,2.847
2025-11-26 16:00:00+00:00,179.19,189.13,179.19,189.13,32.644
2025-11-26 20:00:00+00:00,187.07,187.96,185.71,187.96,0.369
2025-11-27 00:00:00+00:00,185.5,187.37,185.5,187.37,0.299
2025-11-27 04:00:00+00:00,189.03,189.14,189.02,189.12,12.733
2025-11-27 08:00:00+00:00,184.94,184.94,182.08,182.08,0.822
2025-11-27 12:00:00+00:00,182.08,182.08,182.08,182.08,0.0
2025-11-27 16:00:00+00:00,186.02,187.58,185.19,187.58,0.368
2025-11-27 20:00:00+00:00,187.58,187.58,187.58,187.58,0.0
2025-11-28 00:00:00+00:00,184.74,189.77,183.3,187.09,6.322
2025-11-28 04:00:00+00:00,187.53,187.53,187.53,187.53,0.021
2025-11-28 08:00:00+00:00,187.58,187.58,186.48,186.48,0.155
2025-11-28 12:00:00+00:00,184.72,188.63,184.72,188.63,9.19
2025-11-28 16:00:00+00:00,183.3,183.3,183.3,183.3,0.18
2025-11-28 20:00:00+00:00,184.21,184.21,184.21,184.21,0.343
2025-11-29 00:00:00+00:00,184.74,184.74,184.74,184.74,0.013
2025-11-29 04:00:00+00:00,186.45,186.45,186.45,186.45,1.594
2025-11-29 08:00:00+00:00,184.15,184.15,184.15,184.15,0.02
2025-11-29 12:00:00+00:00,185.08,185.08,185.08,185.08,0.539
2025-11-29 16:00:00+00:00,181.95,184.35,180.56,184.35,3.577
2025-11-29 20:00:00+00:00,184.48,184.48,184.48,184.48,1.084
2025-11-30 00:00:00+00:00,180.59,190.03,180.59,190.03,1.303
2025-11-30 04:00:00+00:00,190.0,190.59,184.6,186.1,4.042
2025-11-30 08:00:00+00:00,184.42,184.42,177.14,177.14,2.623
2025-11-30 12:00:00+00:00,177.14,177.14,177.14,177.14,0.0
2025-11-30 16:00:00+00:00,177.14,177.14,177.14,177.14,0.0
2025-11-30 20:00:00+00:00,181.1,181.72,178.31,181.72,0.093
2025-12-01 00:00:00+00:00,177.12,177.58,167.27,167.27,101.108
2025-12-01 04:00:00+00:00,166.56,167.22,166.26,166.29,11.089
2025-12-01 08:00:00+00:00,165.59,167.65,164.98,167.65,1.079
2025-12-01 12:00:00+00:00,164.76,164.76,164.3,164.3,0.866
2025-12-01 16:00:00+00:00,165.58,165.58,162.69,162.69,1.751
2025-12-01 20:00:00+00:00,166.77,171.93,166.42,171.92,10.442
2025-12-02 00:00:00+00:00,172.16,172.16,172.16,172.16,0.033
2025-12-02 04:00:00+00:00,167.54,167.54,167.54,167.54,0.144
2025-12-02 08:00:00+00:00,167.8,173.64,167.27,171.72,11.467
2025-12-02 12:00:00+00:00,173.8,183.4,168.68,181.15,55.77
2025-12-02 16:00:00+00:00,184.74,189.84,181.38,189.84,109.899
2025-12-02 20:00:00+00:00,185.38,190.69,185.37,190.47,49.165
2025-12-03 00:00:00+00:00,190.75,191.83,189.33,191.21,43.821
2025-12-03 04:00:00+00:00,191.87,194.0,190.04,193.67,3.004
2025-12-03 08:00:00+00:00,194.27,194.5,190.91,191.54,4.655
2025-12-03 12:00:00+00:00,192.81,195.99,192.21,194.89,69.094
2025-12-03 16:00:00+00:00,194.21,195.21,192.54,194.95,3.041
2025-12-03 20:00:00+00:00,195.85,200.32,195.72,197.9,120.829
2025-12-04 00:00:00+00:00,196.9,200.18,195.88,195.88,1.186
2025-12-04 04:00:00+00:00,195.25,195.25,193.05,193.05,80.098
2025-12-04 08:00:00+00:00,193.03,196.97,192.38,196.93,1.174
2025-12-04 12:00:00+00:00,197.78,197.95,192.16,196.21,8.137
2025-12-04 16:00:00+00:00,194.92,195.9,188.03,188.03,9.315
2025-12-04 20:00:00+00:00,188.03,188.03,188.03,188.03,0.0
2025-12-05 00:00:00+00:00,188.03,188.03,188.03,188.03,0.0
2025-12-05 04:00:00+00:00,193.02,193.02,192.93,192.93,0.313
2025-12-05 08:00:00+00:00,189.98,190.0,189.34,189.34,16.395
2025-12-05 12:00:00+00:00,189.34,189.34,189.34,189.34,0.0
2025-12-05 16:00:00+00:00,187.01,187.01,181.68,186.01,5.734
2025-12-05 20:00:00+00:00,186.27,186.27,186.27,186.27,2.904
2025-12-06 00:00:00+00:00,186.27,186.27,186.27,186.27,0.0
2025-12-06 04:00:00+00:00,186.27,186.27,186.27,186.27,0.0
2025-12-06 08:00:00+00:00,186.27,186.27,186.27,186.27,0.0
2025-12-06 12:00:00+00:00,187.44,187.58,187.44,187.58,0.456
2025-12-06 16:00:00+00:00,189.58,192.13,189.58,191.61,1.585
2025-12-06 20:00:00+00:00,189.17,189.17,186.65,186.65,0.069
2025-12-07 00:00:00+00:00,190.37,190.59,190.37,190.59,1.657
2025-12-07 04:00:00+00:00,192.07,192.07,192.07,192.07,0.052
2025-12-07 08:00:00+00:00,192.07,192.07,192.07,192.07,0.0
2025-12-07 12:00:00+00:00,188.53,188.53,183.3,187.58,2.454
2025-12-07 16:00:00+00:00,190.47,194.41,190.47,194.41,4.712
2025-12-07 20:00:00+00:00,194.0,194.01,183.46,189.89,9.845
2025-12-08 00:00:00+00:00,189.89,192.25,189.89,192.25,0.543
2025-12-08 04:00:00+00:00,192.61,192.89,192.18,192.89,1.427
2025-12-08 08:00:00+00:00,193.39,196.95,193.39,196.95,5.102
2025-12-08 12:00:00+00:00,195.67,199.39,193.27,198.79,8.35
2025-12-08 16:00:00+00:00,191.97,194.33,189.0,191.89,57.959
2025-12-08 20:00:00+00:00,191.52,193.51,189.08,191.85,2.244
2025-12-09 00:00:00+00:00,190.78,190.78,188.98,189.08,0.752
2025-12-09 04:00:00+00:00,188.26,189.83,187.64,189.83,0.622
2025-12-09 08:00:00+00:00,188.49,188.49,187.99,187.99,0.322
2025-12-09 12:00:00+00:00,187.93,196.95,187.93,196.95,1.278
2025-12-09 16:00:00+00:00,197.07,205.57,197.07,204.41,15.007
2025-12-09 20:00:00+00:00,201.18,203.15,201.18,202.05,2.806
2025-12-10 00:00:00+00:00,200.56,200.56,199.12,200.0,1.447
2025-12-10 04:00:00+00:00,200.0,200.0,200.0,200.0,0.0
2025-12-10 08:00:00+00:00,197.9,197.9,197.28,197.28,0.376
2025-12-10 12:00:00+00:00,197.35,197.35,197.35,197.35,0.307
2025-12-10 16:00:00+00:00,200.28,203.96,200.21,203.96,7.307
2025-12-10 20:00:00+00:00,204.79,206.3,196.73,198.67,3.663
2025-12-11 00:00:00+00:00,196.41,196.41,187.78,187.78,8.998
2025-12-11 04:00:00+00:00,191.37,191.37,190.44,190.44,5.576
2025-12-11 08:00:00+00:00,189.44,189.44,189.0,189.0,0.339
2025-12-11 12:00:00+00:00,189.0,189.0,189.0,189.0,0.0
2025-12-11 16:00:00+00:00,192.32,195.53,192.26,195.53,1.494
2025-12-11 20:00:00+00:00,189.2,202.31,189.2,202.31,87.053
2025-12-12 00:00:00+00:00,203.53,206.47,199.66,204.29,5.951
2025-12-12 04:00:00+00:00,204.57,204.57,204.12,204.54,0.739
2025-12-12 08:00:00+00:00,203.77,204.45,203.77,204.45,0.279
2025-12-12 12:00:00+00:00,204.86,204.86,194.05,194.05,2.871
2025-12-12 16:00:00+00:00,193.44,194.18,189.74,189.74,9.113
2025-12-12 20:00:00+00:00,190.45,190.45,190.45,190.45,0.347
2025-12-13 00:00:00+00:00,190.45,190.45,190.45,190.45,0.0
2025-12-13 04:00:00+00:00,194.32,195.57,194.32,195.57,1.375
2025-12-13 08:00:00+00:00,196.15,202.84,196.15,196.58,5.205
2025-12-13 12:00:00+00:00,198.12,198.56,198.12,198.55,2.801
2025-12-13 16:00:00+00:00,196.89,196.89,196.89,196.89,0.29
2025-12-13 20:00:00+00:00,196.21,196.41,196.15,196.41,0.391
2025-12-14 00:00:00+00:00,196.41,196.41,196.41,196.41,0.0
2025-12-14 04:00:00+00:00,195.59,195.59,193.24,193.7,24.804
2025-12-14 08:00:00+00:00,193.25,196.34,192.63,192.63,63.639
2025-12-14 12:00:00+00:00,192.7,193.54,192.7,193.54,0.28
2025-12-14 16:00:00+00:00,192.18,192.18,189.99,189.99,5.521
2025-12-14 20:00:00+00:00,189.19,189.9,186.04,186.04,4.056
2025-12-15 00:00:00+00:00,190.37,196.94,190.26,190.26,2.592
2025-12-15 04:00:00+00:00,190.26,190.26,190.26,190.26,0.0
2025-12-15 08:00:00+00:00,192.79,192.79,192.79,192.79,0.178
2025-12-15 12:00:00+00:00,194.76,194.76,183.77,183.77,4.19
2025-12-15 16:00:00+00:00,181.56,185.09,179.07,183.9,7.812
2025-12-15 20:00:00+00:00,185.24,194.05,185.01,194.05,88.404
2025-12-16 00:00:00+00:00,195.34,195.34,188.0,188.0,72.551
2025-12-16 04:00:00+00:00,188.0,188.0,183.77,183.77,28.062
2025-12-16 08:00:00+00:00,186.21,186.21,184.48,184.48,0.104
2025-12-16 12:00:00+00:00,184.48,184.48,184.48,184.48,0.0
2025-12-16 16:00:00+00:00,190.98,191.81,186.58,189.62,3.174
2025-12-16 20:00:00+00:00,184.7,188.54,184.7,188.54,1.294
2025-12-17 00:00:00+00:00,187.56,187.56,185.5,185.5,0.138
2025-12-17 04:00:00+00:00,185.34,185.34,183.32,183.32,2.491
2025-12-17 08:00:00+00:00,183.85,183.85,183.23,183.23,0.444
2025-12-17 12:00:00+00:00,186.44,192.62,181.92,183.59,4.031
2025-12-17 16:00:00+00:00,181.58,181.58,177.09,177.09,10.659
2025-12-17 20:00:00+00:00,180.78,180.98,178.35,178.35,4.878
2025-12-18 00:00:00+00:00,178.35,178.35,178.35,178.35,0.0
2025-12-18 04:00:00+00:00,178.04,180.59,176.86,180.59,0.661
2025-12-18 08:00:00+00:00,179.71,179.71,179.71,179.71,0.679
2025-12-18 12:00:00+00:00,175.78,184.72,175.78,177.6,4.606
2025-12-18 16:00:00+00:00,177.12,177.12,170.0,170.0,8.273
2025-12-18 20:00:00+00:00,171.91,176.83,171.91,176.83,1.273
2025-12-19 00:00:00+00:00,172.68,179.13,171.12,173.88,6.242
2025-12-19 04:00:00+00:00,180.43,183.4,180.43,183.4,1.968
2025-12-19 08:00:00+00:00,183.4,183.4,183.4,183.4,0.0
2025-12-19 12:00:00+00:00,180.89,186.4,179.31,186.38,2.913
2025-12-19 16:00:00+00:00,186.45,186.45,186.45,186.45,0.544
2025-12-19 20:00:00+00:00,184.77,186.45,180.6,184.34,27.967
2025-12-20 00:00:00+00:00,180.61,180.61,180.61,180.61,0.224
2025-12-20 04:00:00+00:00,181.22,183.4,181.22,183.4,2.248
2025-12-20 08:00:00+00:00,181.43,181.43,181.43,181.43,0.173
2025-12-20 12:00:00+00:00,181.43,181.43,181.43,181.43,0.0
2025-12-20 16:00:00+00:00,181.43,181.43,181.43,181.43,0.0
2025-12-20 20:00:00+00:00,181.43,181.43,181.43,181.43,0.0
2025-12-21 00:00:00+00:00,178.85,178.85,177.09,177.14,21.052
2025-12-21 04:00:00+00:00,177.14,177.14,177.14,177.14,0.0
2025-12-21 08:00:00+00:00,177.49,178.51,177.49,178.51,0.525
2025-12-21 12:00:00+00:00,176.86,176.86,176.28,176.28,0.397
2025-12-21 16:00:00+00:00,176.28,176.28,176.28,176.28,0.0
2025-12-21 20:00:00+00:00,179.6,179.6,156.5,163.35,112.133
2025-12-22 00:00:00+00:00,163.36,163.68,160.57,161.66,15.097
2025-12-22 04:00:00+00:00,162.5,164.88,160.32,160.32,31.242
2025-12-22 08:00:00+00:00,159.4,159.55,158.73,159.18,1.006
2025-12-22 12:00:00+00:00,158.89,161.63,155.0,155.0,52.032
2025-12-22 16:00:00+00:00,157.25,157.8,154.11,154.11,1.21
2025-12-22 20:00:00+00:00,152.78,152.78,148.45,151.13,12.836
2025-12-23 00:00:00+00:00,150.0,152.5,150.0,152.5,10.561
2025-12-23 04:00:00+00:00,153.86,154.99,152.53,152.72,15.71
2025-12-23 08:00:00+00:00,150.93,150.93,150.92,150.92,0.216
2025-12-23 12:00:00+00:00,149.7,152.64,148.94,152.64,1.074
2025-12-23 16:00:00+00:00,152.4,153.18,152.4,153.18,0.565
2025-12-23 20:00:00+00:00,150.37,150.38,150.37,150.37,8.573
2025-12-24 00:00:00+00:00,150.84,151.56,149.67,151.56,2.14
2025-12-24 04:00:00+00:00,148.68,148.68,147.78,147.78,2.365
2025-12-24 08:00:00+00:00,146.83,148.56,146.44,148.56,4.286
2025-12-24 12:00:00+00:00,147.45,148.18,146.34,148.18,28.343
2025-12-24 16:00:00+00:00,149.65,149.65,147.75,147.98,1.031
2025-12-24 20:00:00+00:00,147.23,147.23,147.07,147.07,1.034
2025-12-25 00:00:00+00:00,148.9,150.82,148.9,150.82,1.439
2025-12-25 04:00:00+00:00,149.82,149.91,149.82,149.91,0.299
2025-12-25 08:00:00+00:00,150.52,150.52,149.9,149.9,0.525
2025-12-25 12:00:00+00:00,152.19,153.69,151.88,151.88,2.128
2025-12-25 16:00:00+00:00,153.85,153.97,152.6,152.6,0.885
2025-12-25 20:00:00+00:00,149.06,149.06,148.92,148.92,0.332
2025-12-26 00:00:00+00:00,150.93,152.91,149.66,151.55,0.89
2025-12-26 04:00:00+00:00,151.87,153.97,151.87,152.45,2.478
2025-12-26 08:00:00+00:00,152.31,154.45,152.31,154.45,0.662
2025-12-26 12:00:00+00:00,155.51,156.49,152.19,153.77,2.388
2025-12-26 16:00:00+00:00,155.55,155.76,154.52,154.52,0.593
2025-12-26 20:00:00+00:00,154.13,154.13,154.13,154.13,0.04
2025-12-27 00:00:00+00:00,156.78,156.78,156.78,156.78,0.027
2025-12-27 04:00:00+00:00,154.96,157.08,154.96,156.25,3.41
2025-12-27 08:00:00+00:00,156.54,156.56,155.72,155.72,3.195
2025-12-27 12:00:00+00:00,155.72,155.72,155.72,155.72,0.0
2025-12-27 16:00:00+00:00,154.23,156.45,154.23,156.13,0.438
2025-12-27 20:00:00+00:00,153.29,157.71,153.29,157.71,2.625
2025-12-28 00:00:00+00:00,155.89,155.97,155.89,155.97,0.739
2025-12-28 04:00:00+00:00,154.39,156.11,154.39,156.08,2.028
2025-12-28 08:00:00+00:00,156.85,156.85,156.85,156.85,0.048
2025-12-28 12:00:00+00:00,155.41,155.42,155.41,155.41,3.209
2025-12-28 16:00:00+00:00,155.41,155.41,155.41,155.41,0.0
2025-12-28 20:00:00+00:00,153.33,153.33,153.33,153.33,0.032
2025-12-29 00:00:00+00:00,154.26,155.92,154.26,155.75,18.662
2025-12-29 04:00:00+00:00,157.81,159.11,156.04,156.04,2.128
2025-12-29 08:00:00+00:00,152.78,152.78,152.28,152.28,0.829
2025-12-29 12:00:00+00:00,150.59,152.95,149.93,149.93,11.194
2025-12-29 16:00:00+00:00,149.93,149.93,149.93,149.93,0.0
2025-12-29 20:00:00+00:00,149.34,149.34,148.94,149.11,2.907
2025-12-30 00:00:00+00:00,149.11,149.11,149.11,149.11,0.0
2025-12-30 04:00:00+00:00,149.11,149.11,149.11,149.11,0.0
2025-12-30 08:00:00+00:00,150.27,150.46,150.27,150.46,0.123
2025-12-30 12:00:00+00:00,150.46,150.46,150.46,150.46,0.0
2025-12-30 16:00:00+00:00,150.11,152.51,149.81,149.81,6.478
2025-12-30 20:00:00+00:00,151.02,151.02,151.02,151.02,0.026
2025-12-31 00:00:00+00:00,149.9,149.9,149.9,149.9,0.473
2025-12-31 04:00:00+00:00,150.79,150.79,149.77,149.77,1.276
2025-12-31 08:00:00+00:00,149.35,149.35,149.35,149.35,0.192
2025-12-31 12:00:00+00:00,148.45,148.45,147.78,147.78,1.213
2025-12-31 16:00:00+00:00,146.28,149.84,144.58,144.58,132.638
2025-12-31 20:00:00+00:00,144.91,147.0,144.91,147.0,5.884
2026-01-01 00:00:00+00:00,143.61,149.68,143.61,146.0,5.142
2026-01-01 04:00:00+00:00,146.0,146.0,146.0,146.0,11.744
2026-01-01 08:00:00+00:00,146.01,146.01,146.01,146.01,0.148
2026-01-01 12:00:00+00:00,146.0,146.0,146.0,146.0,3.928
2026-01-01 16:00:00+00:00,149.8,150.08,149.65,150.08,6.201
2026-01-01 20:00:00+00:00,150.08,150.08,150.05,150.05,7.045
2026-01-02 00:00:00+00:00,150.08,150.7,149.71,149.71,1.281
2026-01-02 04:00:00+00:00,150.42,152.01,150.42,150.59,0.584
2026-01-02 08:00:00+00:00,152.29,152.97,152.29,152.97,0.55
2026-01-02 12:00:00+00:00,153.68,154.97,153.68,154.97,3.373
2026-01-02 16:00:00+00:00,155.59,157.15,155.51,156.13,1.91
2026-01-02 20:00:00+00:00,157.43,165.94,157.43,163.65,94.242
2026-01-03 00:00:00+00:00,164.78,166.0,164.78,166.0,6.616
2026-01-03 04:00:00+00:00,166.01,167.15,161.73,161.73,1.32
2026-01-03 08:00:00+00:00,160.94,160.94,159.75,159.75,1.424
2026-01-03 12:00:00+00:00,158.43,162.19,158.43,162.19,5.76
2026-01-03 16:00:00+00:00,162.18,162.18,162.18,162.18,0.012
2026-01-03 20:00:00+00:00,159.85,162.19,158.92,162.04,7.566
2026-01-04 00:00:00+00:00,164.54,165.66,164.54,165.18,1.37
2026-01-04 04:00:00+00:00,163.5,165.62,161.89,161.89,0.966
2026-01-04 08:00:00+00:00,162.22,162.22,162.22,162.22,0.156
2026-01-04 12:00:00+00:00,165.71,165.78,165.05,165.05,0.553
2026-01-04 16:00:00+00:00,165.97,165.98,165.97,165.98,0.322
2026-01-04 20:00:00+00:00,162.95,165.64,162.95,165.64,0.885
2026-01-05 00:00:00+00:00,164.19,167.18,164.19,166.6,1.692
2026-01-05 04:00:00+00:00,165.99,165.99,165.99,165.99,0.013
2026-01-05 08:00:00+00:00,167.83,167.83,167.63,167.63,0.024
2026-01-05 12:00:00+00:00,165.0,172.94,165.0,172.85,23.728
2026-01-05 16:00:00+00:00,169.12,174.6,168.15,174.6,5.75
2026-01-05 20:00:00+00:00,174.61,175.49,174.61,175.49,2.047
2026-01-06 00:00:00+00:00,175.45,175.45,171.78,171.78,1.236
2026-01-06 04:00:00+00:00,173.24,173.24,173.24,173.24,0.238
2026-01-06 08:00:00+00:00,171.56,171.56,171.56,171.56,0.04
2026-01-06 12:00:00+00:00,175.49,177.6,172.01,172.01,8.011
2026-01-06 16:00:00+00:00,172.01,173.6,168.25,173.53,15.21
2026-01-06 20:00:00+00:00,171.78,174.62,171.78,174.62,1.415
2026-01-07 00:00:00+00:00,176.98,176.98,170.42,170.42,3.509
2026-01-07 04:00:00+00:00,170.42,170.42,170.42,170.42,0.0
2026-01-07 08:00:00+00:00,174.21,174.62,174.21,174.62,0.754
2026-01-07 12:00:00+00:00,170.51,170.51,165.12,165.12,1.16
2026-01-07 16:00:00+00:00,166.89,170.63,166.89,166.9,1.286
2026-01-07 20:00:00+00:00,166.31,168.04,165.54,168.04,5.452
2026-01-08 00:00:00+00:00,167.14,170.06,167.14,170.06,0.427
2026-01-08 04:00:00+00:00,165.0,165.0,163.23,163.23,3.145
2026-01-08 08:00:00+00:00,165.75,165.76,164.07,164.07,0.461
2026-01-08 12:00:00+00:00,161.99,165.91,161.56,165.91,1.517
2026-01-08 16:00:00+00:00,165.98,167.3,164.2,164.2,7.354
2026-01-08 20:00:00+00:00,163.74,165.81,162.88,165.81,1.178
2026-01-09 00:00:00+00:00,164.71,164.71,164.55,164.55,0.319
2026-01-09 04:00:00+00:00,166.55,166.71,163.14,166.71,2.545
2026-01-09 08:00:00+00:00,166.71,166.71,166.71,166.71,0.0
2026-01-09 12:00:00+00:00,166.84,169.11,164.54,169.11,3.131
2026-01-09 16:00:00+00:00,169.87,170.1,163.84,163.84,2.911
2026-01-09 20:00:00+00:00,163.84,163.84,163.84,163.84,0.0
2026-01-10 00:00:00+00:00,164.69,164.69,164.69,164.69,0.19
2026-01-10 04:00:00+00:00,164.69,164.69,164.69,164.69,0.0
2026-01-10 08:00:00+00:00,164.82,164.82,164.21,164.21,0.618
2026-01-10 12:00:00+00:00,164.21,164.21,164.21,164.21,0.0
2026-01-10 16:00:00+00:00,164.48,167.23,164.48,167.23,0.543
2026-01-10 20:00:00+00:00,167.23,167.23,167.23,167.23,0.0
2026-01-11 00:00:00+00:00,165.84,165.84,165.84,165.84,0.013
2026-01-11 04:00:00+00:00,165.84,165.84,165.84,165.84,0.0
2026-01-11 08:00:00+00:00,165.95,165.95,165.95,165.95,0.774
2026-01-11 12:00:00+00:00,166.7,168.15,166.7,168.15,1.42
2026-01-11 16:00:00+00:00,169.11,171.25,167.06,167.25,6.624
2026-01-11 20:00:00+00:00,167.01,169.45,167.01,169.45,0.375
2026-01-12 00:00:00+00:00,166.71,171.14,166.71,171.14,1.254
2026-01-12 04:00:00+00:00,171.59,171.59,166.1,171.59,2.271
2026-01-12 08:00:00+00:00,164.74,164.74,163.39,163.39,1.849
2026-01-12 12:00:00+00:00,162.65,164.96,161.64,164.96,0.829
2026-01-12 16:00:00+00:00,165.98,166.0,165.98,166.0,0.402
2026-01-12 20:00:00+00:00,166.0,166.0,166.0,166.0,0.0
2026-01-13 00:00:00+00:00,166.0,166.0,166.0,166.0,0.0
2026-01-13 04:00:00+00:00,169.11,170.37,169.11,170.37,0.724
2026-01-13 08:00:00+00:00,169.58,172.29,169.58,172.29,2.624
2026-01-13 12:00:00+00:00,171.84,172.76,170.52,172.65,0.848
2026-01-13 16:00:00+00:00,173.1,175.37,169.83,175.37,7.697
2026-01-13 20:00:00+00:00,175.2,180.0,173.79,176.66,8.739
2026-01-14 00:00:00+00:00,177.45,178.76,174.4,178.76,16.551
2026-01-14 04:00:00+00:00,177.89,179.38,177.1,179.38,0.459
2026-01-14 08:00:00+00:00,178.22,178.22,178.22,178.22,0.012
2026-01-14 12:00:00+00:00,175.83,177.61,175.83,175.9,12.662
2026-01-14 16:00:00+00:00,178.86,180.0,178.86,180.0,23.382
2026-01-14 20:00:00+00:00,177.79,179.91,176.08,177.28,5.595
2026-01-15 00:00:00+00:00,176.74,179.41,172.57,172.57,4.012
2026-01-15 04:00:00+00:00,173.8,173.8,173.8,173.8,0.808
2026-01-15 08:00:00+00:00,172.71,172.71,172.71,172.71,0.148
2026-01-15 12:00:00+00:00,173.68,175.33,170.02,170.02,5.963
2026-01-15 16:00:00+00:00,174.18,177.91,169.42,173.74,10.008
2026-01-15 20:00:00+00:00,170.11,171.92,169.41,170.63,4.458
2026-01-16 00:00:00+00:00,172.29,172.29,172.29,172.29,0.155
2026-01-16 04:00:00+00:00,172.74,172.74,170.93,170.96,1.466
2026-01-16 08:00:00+00:00,173.23,173.23,172.73,172.73,0.664
2026-01-16 12:00:00+00:00,171.89,172.8,168.57,168.57,12.226
2026-01-16 16:00:00+00:00,168.57,168.57,168.57,168.57,0.0
2026-01-16 20:00:00+00:00,172.6,177.4,172.6,177.4,4.246
2026-01-17 00:00:00+00:00,175.37,175.4,175.37,175.4,2.311
2026-01-17 04:00:00+00:00,174.52,174.74,174.52,174.52,2.861
2026-01-17 08:00:00+00:00,171.7,174.37,171.7,174.37,2.139
2026-01-17 12:00:00+00:00,176.4,176.4,176.4,176.4,0.012
2026-01-17 16:00:00+00:00,175.43,175.43,174.41,175.14,3.969
2026-01-17 20:00:00+00:00,174.14,174.14,171.83,173.56,16.215
2026-01-18 00:00:00+00:00,173.56,173.56,173.56,173.56,0.0
2026-01-18 04:00:00+00:00,173.56,173.56,173.56,173.56,0.0
2026-01-18 08:00:00+00:00,173.31,173.31,172.84,172.84,0.031
2026-01-18 12:00:00+00:00,172.84,172.84,172.84,172.84,0.0
2026-01-18 16:00:00+00:00,175.44,176.62,174.77,176.62,27.427
2026-01-18 20:00:00+00:00,176.62,176.62,168.99,168.99,8.829
2026-01-19 00:00:00+00:00,168.58,168.58,157.64,164.49,4.773
2026-01-19 04:00:00+00:00,164.49,164.49,164.49,164.49,0.026
2026-01-19 08:00:00+00:00,163.13,164.65,162.51,164.41,67.643
2026-01-19 12:00:00+00:00,162.45,162.45,162.45,162.45,2.0
2026-01-19 16:00:00+00:00,165.35,165.35,165.35,165.35,0.149
2026-01-19 20:00:00+00:00,165.6,165.78,165.58,165.58,0.289
2026-01-20 00:00:00+00:00,165.58,165.58,165.58,165.58,0.0
2026-01-20 04:00:00+00:00,162.52,165.09,161.42,165.09,1.909
2026-01-20 08:00:00+00:00,160.49,160.78,158.95,159.91,17.369
2026-01-20 12:00:00+00:00,157.6,157.64,156.05,156.57,9.123
2026-01-20 16:00:00+00:00,155.17,155.17,154.26,155.02,0.185
2026-01-20 20:00:00+00:00,153.61,154.96,152.64,154.19,2.713
2026-01-21 00:00:00+00:00,155.08,155.42,155.08,155.41,1.173
2026-01-21 04:00:00+00:00,157.71,157.82,157.71,157.82,0.217
2026-01-21 08:00:00+00:00,157.13,157.13,156.49,156.49,0.388
2026-01-21 12:00:00+00:00,158.28,158.28,158.28,158.28,0.381
2026-01-21 16:00:00+00:00,152.78,161.75,152.64,161.75,1.983
2026-01-21 20:00:00+00:00,161.51,162.21,161.51,162.21,1.307
2026-01-22 00:00:00+00:00,159.76,162.84,159.76,160.0,14.745
2026-01-22 04:00:00+00:00,160.0,160.0,160.0,160.0,0.0
2026-01-22 08:00:00+00:00,159.07,159.07,157.5,157.5,0.024
2026-01-22 12:00:00+00:00,159.05,159.05,156.43,156.43,0.595
2026-01-22 16:00:00+00:00,157.06,159.02,156.66,156.66,3.178
2026-01-22 20:00:00+00:00,156.19,156.7,156.19,156.7,4.452
2026-01-23 00:00:00+00:00,157.39,157.39,157.39,157.39,12.0
2026-01-23 04:00:00+00:00,159.0,159.0,159.0,159.0,0.025
2026-01-23 08:00:00+00:00,159.0,159.0,159.0,159.0,0.0
2026-01-23 12:00:00+00:00,158.02,158.02,156.85,156.85,1.775
2026-01-23 16:00:00+00:00,157.73,157.73,157.73,157.73,0.016
2026-01-23 20:00:00+00:00,157.73,157.73,157.73,157.73,0.0
2026-01-24 00:00:00+00:00,157.73,157.73,157.73,157.73,0.0
2026-01-24 04:00:00+00:00,157.73,157.73,157.73,157.73,0.0
2026-01-24 08:00:00+00:00,157.73,157.73,157.73,157.73,0.0
2026-01-24 12:00:00+00:00,155.67,155.67,155.67,155.67,2.115
2026-01-24 16:00:00+00:00,155.2,155.2,154.46,154.46,4.176
2026-01-24 20:00:00+00:00,156.86,156.86,156.86,156.86,0.014
2026-01-25 00:00:00+00:00,156.86,156.86,156.86,156.86,0.0
2026-01-25 04:00:00+00:00,154.78,155.08,154.33,154.33,20.857
2026-01-25 08:00:00+00:00,153.64,155.57,153.64,155.57,0.123
2026-01-25 12:00:00+00:00,152.87,153.87,152.87,153.87,0.895
2026-01-25 16:00:00+00:00,152.89,152.89,146.76,146.76,40.754
2026-01-25 20:00:00+00:00,145.63,147.0,145.63,147.0,0.767
2026-01-26 00:00:00+00:00,147.09,151.28,147.09,149.32,3.621
2026-01-26 04:00:00+00:00,149.32,149.32,149.32,149.32,0.0
2026-01-26 08:00:00+00:00,152.43,152.55,151.51,151.51,0.674
2026-01-26 12:00:00+00:00,153.97,154.45,152.38,152.38,0.928
2026-01-26 16:00:00+00:00,152.27,152.27,151.95,151.95,1.3
2026-01-26 20:00:00+00:00,154.33,154.33,154.33,154.33,0.404
2026-01-27 00:00:00+00:00,154.66,154.66,154.66,154.66,0.013
2026-01-27 04:00:00+00:00,153.01,153.01,153.01,153.01,0.02
2026-01-27 08:00:00+00:00,154.29,154.29,153.61,153.61,0.511
2026-01-27 12:00:00+00:00,153.64,156.38,153.64,156.36,12.227
2026-01-27 16:00:00+00:00,155.73,157.0,154.04,156.54,22.796
2026-01-27 20:00:00+00:00,157.82,158.73,157.82,158.73,0.944
2026-01-28 00:00:00+00:00,157.92,159.61,157.92,158.57,3.88
2026-01-28 04:00:00+00:00,158.24,158.83,158.24,158.83,0.464
2026-01-28 08:00:00+00:00,157.63,162.21,157.63,160.52,1.493
2026-01-28 12:00:00+00:00,163.0,163.65,160.52,160.52,1.591
2026-01-28 16:00:00+00:00,160.2,160.2,160.2,160.2,0.294
2026-01-28 20:00:00+00:00,159.39,161.35,159.22,161.35,0.783
2026-01-29 00:00:00+00:00,159.62,159.62,159.62,159.62,0.312
2026-01-29 04:00:00+00:00,156.59,160.71,156.05,156.05,6.518
2026-01-29 08:00:00+00:00,155.45,155.45,155.45,155.45,0.012
2026-01-29 12:00:00+00:00,152.78,152.78,145.71,145.71,11.09
2026-01-29 16:00:00+00:00,146.38,149.04,143.34,143.46,67.546
2026-01-29 20:00:00+00:00,144.61,146.24,144.61,146.24,0.36
2026-01-30 00:00:00+00:00,146.66,146.66,141.81,144.29,8.46
2026-01-30 04:00:00+00:00,144.35,146.39,140.85,140.85,1.26
2026-01-30 08:00:00+00:00,139.89,139.89,139.89,139.89,0.311
2026-01-30 12:00:00+00:00,140.0,140.0,138.9,138.9,7.138
2026-01-30 16:00:00+00:00,138.9,138.9,136.54,136.54,8.582
2026-01-30 20:00:00+00:00,141.04,141.05,138.39,138.39,0.832
2026-01-31 00:00:00+00:00,137.98,137.98,137.19,137.19,23.338
2026-01-31 04:00:00+00:00,141.68,141.69,135.69,135.69,2.659
2026-01-31 08:00:00+00:00,135.09,135.09,133.01,133.01,1.126
2026-01-31 12:00:00+00:00,133.13,133.29,128.55,133.29,12.022
2026-01-31 16:00:00+00:00,130.89,130.89,116.54,123.83,63.27
2026-01-31 20:00:00+00:00,124.5,129.61,124.5,129.61,3.03
2026-02-01 00:00:00+00:00,130.07,130.07,128.48,128.48,1.094
2026-02-01 04:00:00+00:00,128.95,128.95,125.93,125.93,0.254
2026-02-01 08:00:00+00:00,126.94,128.01,126.76,128.01,1.793
2026-02-01 12:00:00+00:00,125.5,125.5,122.45,122.45,2.285
2026-02-01 16:00:00+00:00,125.2,125.2,125.14,125.14,0.669
2026-02-01 20:00:00+00:00,126.04,127.13,122.39,122.39,2.234
2026-02-02 00:00:00+00:00,126.23,126.91,121.0,123.74,5.36
2026-02-02 04:00:00+00:00,123.48,126.76,122.42,123.45,3.498
2026-02-02 08:00:00+00:00,121.94,126.91,121.94,126.84,0.931
2026-02-02 12:00:00+00:00,127.6,130.07,125.47,130.07,1.625
2026-02-02 16:00:00+00:00,130.07,130.07,130.07,130.07,0.0
2026-02-02 20:00:00+00:00,128.74,128.74,127.54,127.54,1.958
2026-02-03 00:00:00+00:00,126.84,131.08,126.28,126.28,17.832
2026-02-03 04:00:00+00:00,130.74,130.74,130.74,130.74,0.382
2026-02-03 08:00:00+00:00,128.2,129.24,127.74,129.24,0.449
2026-02-03 12:00:00+00:00,127.3,129.21,127.3,129.21,0.465
2026-02-03 16:00:00+00:00,125.98,128.07,120.7,126.91,3.642
2026-02-03 20:00:00+00:00,129.61,130.07,125.43,125.43,9.649
2026-02-04 00:00:00+00:00,128.54,128.61,126.63,127.49,2.212
2026-02-04 04:00:00+00:00,127.71,127.71,127.37,127.37,0.617
2026-02-04 08:00:00+00:00,127.16,127.16,127.16,127.16,0.013
2026-02-04 12:00:00+00:00,124.81,126.66,122.39,122.39,2.663
2026-02-04 16:00:00+00:00,121.88,123.77,120.0,123.77,6.479
2026-02-04 20:00:00+00:00,124.78,124.78,121.79,121.81,4.306
2026-02-05 00:00:00+00:00,125.88,125.88,121.73,121.73,0.862
2026-02-05 04:00:00+00:00,121.28,122.26,119.42,119.42,4.034
2026-02-05 08:00:00+00:00,119.57,119.66,117.46,119.36,7.569
2026-02-05 12:00:00+00:00,117.55,117.55,110.12,114.6,32.213
2026-02-05 16:00:00+00:00,115.03,115.04,109.7,109.94,6.786
2026-02-05 20:00:00+00:00,108.25,108.25,100.0,100.97,31.585
2026-02-06 00:00:00+00:00,100.57,106.53,93.38,104.23,45.684
2026-02-06 04:00:00+00:00,104.64,108.52,103.05,103.05,3.332
2026-02-06 08:00:00+00:00,102.97,106.88,101.12,106.7,7.172
2026-02-06 12:00:00+00:00,109.0,110.35,108.1,108.1,34.044
2026-02-06 16:00:00+00:00,111.82,115.04,111.82,115.04,3.561
2026-02-06 20:00:00+00:00,114.14,116.97,114.14,116.97,0.522
2026-02-07 00:00:00+00:00,112.71,116.78,112.71,113.4,2.593
2026-02-07 04:00:00+00:00,110.96,111.87,110.94,111.87,1.583
2026-02-07 08:00:00+00:00,111.87,111.87,111.87,111.87,0.0
2026-02-07 12:00:00+00:00,114.6,114.6,114.6,114.6,0.151
2026-02-07 16:00:00+00:00,115.04,115.95,111.31,115.95,2.177
2026-02-07 20:00:00+00:00,115.29,115.29,111.14,111.14,0.11
2026-02-08 00:00:00+00:00,112.41,112.41,112.41,112.41,5.778
2026-02-08 04:00:00+00:00,112.41,112.41,112.41,112.41,0.0
2026-02-08 08:00:00+00:00,113.08,113.08,111.83,111.83,0.996
2026-02-08 12:00:00+00:00,115.36,115.36,112.8,112.95,2.902
2026-02-08 16:00:00+00:00,112.88,114.12,112.88,114.04,1.335
2026-02-08 20:00:00+00:00,111.4,115.36,111.4,115.36,2.414
2026-02-09 00:00:00+00:00,112.59,112.63,112.59,112.63,0.859
2026-02-09 04:00:00+00:00,112.63,112.63,112.63,112.63,0.0
2026-02-09 08:00:00+00:00,110.96,113.91,110.68,111.38,2.328
2026-02-09 12:00:00+00:00,110.95,113.93,108.92,108.92,0.795
2026-02-09 16:00:00+00:00,114.6,115.04,114.6,115.04,0.674
2026-02-09 20:00:00+00:00,111.07,111.07,111.07,111.07,0.322
2026-02-10 00:00:00+00:00,112.88,113.55,110.94,110.94,2.144
2026-02-10 04:00:00+00:00,111.02,111.02,108.55,108.55,0.783
2026-02-10 08:00:00+00:00,108.55,108.55,108.55,108.55,0.0
2026-02-10 12:00:00+00:00,108.25,111.0,108.25,111.0,2.236
2026-02-10 16:00:00+00:00,110.62,110.62,107.76,107.76,1.104
2026-02-10 20:00:00+00:00,108.38,109.45,108.38,109.45,0.848
2026-02-11 00:00:00+00:00,109.45,109.52,109.02,109.02,3.152
2026-02-11 04:00:00+00:00,107.55,107.55,104.86,106.07,2.253
2026-02-11 08:00:00+00:00,105.23,105.58,105.1,105.1,2.772
2026-02-11 12:00:00+00:00,109.09,112.25,105.33,106.02,6.64
2026-02-11 16:00:00+00:00,108.16,108.16,107.41,107.41,2.457
2026-02-11 20:00:00+00:00,109.09,110.83,109.09,110.83,2.913
2026-02-12 00:00:00+00:00,109.38,109.38,109.06,109.06,1.053
2026-02-12 04:00:00+00:00,109.73,109.73,109.53,109.53,0.875
2026-02-12 08:00:00+00:00,111.35,111.35,110.72,110.72,0.263
2026-02-12 12:00:00+00:00,109.56,109.56,108.53,108.53,0.981
2026-02-12 16:00:00+00:00,107.89,115.04,107.89,110.94,5.041
2026-02-12 20:00:00+00:00,110.22,115.52,110.22,115.52,12.831
2026-02-13 00:00:00+00:00,113.83,113.83,111.58,111.58,11.831
2026-02-13 04:00:00+00:00,111.82,111.82,109.73,109.73,0.887
2026-02-13 08:00:00+00:00,109.74,113.28,109.74,112.83,0.842
2026-02-13 12:00:00+00:00,112.48,118.1,112.48,118.1,46.234
2026-02-13 16:00:00+00:00,118.1,118.11,118.1,118.1,15.218
2026-02-13 20:00:00+00:00,117.82,120.38,117.82,120.38,2.034
2026-02-14 00:00:00+00:00,119.96,119.96,119.96,119.96,0.035
2026-02-14 04:00:00+00:00,120.6,124.79,120.6,124.79,7.559
2026-02-14 08:00:00+00:00,125.56,129.5,125.17,129.5,4.164
2026-02-14 12:00:00+00:00,129.59,129.61,129.59,129.61,0.281
2026-02-14 16:00:00+00:00,130.07,130.07,130.07,130.07,0.462
2026-02-14 20:00:00+00:00,130.07,130.07,130.07,130.07,0.0
2026-02-15 00:00:00+00:00,130.07,130.07,130.07,130.07,0.0
2026-02-15 04:00:00+00:00,130.07,130.07,130.07,130.07,0.0
2026-02-15 08:00:00+00:00,130.85,130.85,126.64,126.64,1.705
2026-02-15 12:00:00+00:00,130.66,130.66,124.48,124.48,0.914
2026-02-15 16:00:00+00:00,124.41,124.64,122.85,124.39,1.104
2026-02-15 20:00:00+00:00,122.63,127.33,122.63,127.33,1.578
2026-02-16 00:00:00+00:00,127.67,128.47,127.67,128.47,0.597
2026-02-16 04:00:00+00:00,125.29,125.29,125.29,125.29,0.156
2026-02-16 08:00:00+00:00,128.2,128.2,128.2,128.2,0.023
2026-02-16 12:00:00+00:00,128.76,128.76,123.77,123.77,1.274
2026-02-16 16:00:00+00:00,125.63,125.63,125.63,125.63,0.079
2026-02-16 20:00:00+00:00,125.78,126.21,125.78,126.21,0.435
2026-02-17 00:00:00+00:00,127.5,129.6,127.5,129.48,1.76
2026-02-17 04:00:00+00:00,129.48,129.48,129.48,129.48,0.0
2026-02-17 08:00:00+00:00,129.48,129.48,129.48,129.48,0.0
2026-02-17 12:00:00+00:00,129.48,129.48,129.48,129.48,0.0
2026-02-17 16:00:00+00:00,129.61,131.64,129.61,131.64,5.673
2026-02-17 20:00:00+00:00,131.64,131.64,131.64,131.64,0.0
2026-02-18 00:00:00+00:00,125.49,126.45,122.39,126.45,1.731
2026-02-18 04:00:00+00:00,127.69,127.69,127.69,127.69,0.088
2026-02-18 08:00:00+00:00,127.69,127.69,127.69,127.69,0.0
2026-02-18 12:00:00+00:00,126.72,128.2,126.72,128.2,0.813
2026-02-18 16:00:00+00:00,126.35,126.35,121.93,121.93,2.566
2026-02-18 20:00:00+00:00,122.52,124.54,122.52,124.53,0.685
2026-02-19 00:00:00+00:00,123.43,123.43,122.46,122.46,0.314
2026-02-19 04:00:00+00:00,122.46,122.46,122.46,122.46,0.0
2026-02-19 08:00:00+00:00,123.31,123.31,121.94,121.94,0.37
2026-02-19 12:00:00+00:00,124.72,124.72,124.72,124.72,0.092
2026-02-19 16:00:00+00:00,120.46,124.77,120.09,120.09,19.893
2026-02-19 20:00:00+00:00,124.75,124.79,123.95,124.79,3.272
2026-02-20 00:00:00+00:00,126.0,126.45,126.0,126.45,0.633
2026-02-20 04:00:00+00:00,123.65,123.65,123.65,123.65,0.296
2026-02-20 08:00:00+00:00,125.28,125.38,125.28,125.38,0.619
2026-02-20 12:00:00+00:00,124.3,124.3,114.79,115.22,41.375
2026-02-20 16:00:00+00:00,118.63,118.63,117.19,117.19,0.764
2026-02-20 20:00:00+00:00,117.27,117.27,117.27,117.27,0.597
2026-02-21 00:00:00+00:00,115.65,117.81,114.83,114.83,14.102
2026-02-21 04:00:00+00:00,118.47,119.36,118.47,119.36,0.595
2026-02-21 08:00:00+00:00,120.37,122.56,120.01,122.56,4.572
2026-02-21 12:00:00+00:00,122.14,123.83,122.14,123.83,2.198
2026-02-21 16:00:00+00:00,123.83,123.83,123.83,123.83,0.0
2026-02-21 20:00:00+00:00,123.83,123.83,123.83,123.83,0.0
2026-02-22 00:00:00+00:00,120.72,120.72,119.42,119.42,1.14
2026-02-22 04:00:00+00:00,119.47,119.99,119.21,119.21,1.934
2026-02-22 08:00:00+00:00,118.82,119.88,117.46,119.88,0.769
2026-02-22 12:00:00+00:00,118.58,119.76,117.8,119.58,1.162
2026-02-22 16:00:00+00:00,119.89,119.89,119.03,119.53,0.514
2026-02-22 20:00:00+00:00,117.26,119.61,117.26,117.26,1.743
2026-02-23 00:00:00+00:00,117.24,117.24,113.7,113.7,2.039
2026-02-23 04:00:00+00:00,114.25,115.92,114.25,114.98,0.878
2026-02-23 08:00:00+00:00,115.03,117.9,114.0,117.79,2.702
2026-02-23 12:00:00+00:00,119.2,119.2,115.79,115.79,0.184
2026-02-23 16:00:00+00:00,115.63,115.63,113.7,113.7,1.229
2026-02-23 20:00:00+00:00,113.7,113.7,113.7,113.7,0.0
2026-02-24 00:00:00+00:00,113.7,113.7,113.7,113.7,0.0
2026-02-24 04:00:00+00:00,112.61,113.56,111.48,113.56,3.022
2026-02-24 08:00:00+00:00,113.82,113.82,112.9,112.9,0.089
2026-02-24 12:00:00+00:00,111.64,111.64,111.64,111.64,0.031
2026-02-24 16:00:00+00:00,112.43,116.65,112.43,116.65,0.115
2026-02-24 20:00:00+00:00,111.0,117.21,111.0,112.01,4.564
2026-02-25 00:00:00+00:00,115.91,120.07,114.97,118.58,4.626
2026-02-25 04:00:00+00:00,118.15,120.09,117.55,117.55,8.572
2026-02-25 08:00:00+00:00,116.76,116.76,116.76,116.76,0.301
2026-02-25 12:00:00+00:00,120.37,120.84,120.37,120.84,0.703
2026-02-25 16:00:00+00:00,121.28,123.83,121.28,122.15,11.387
2026-02-25 20:00:00+00:00,120.14,123.41,118.46,118.46,5.1
2026-02-26 00:00:00+00:00,120.1,120.1,118.04,118.29,1.795
2026-02-26 04:00:00+00:00,116.54,117.88,115.56,115.69,4.405
2026-02-26 08:00:00+00:00,115.04,117.39,114.26,117.39,11.536
2026-02-26 12:00:00+00:00,114.83,114.83,113.17,113.17,6.725
2026-02-26 16:00:00+00:00,114.98,114.98,110.94,113.15,1.36
2026-02-26 20:00:00+00:00,114.6,116.25,114.34,116.2,1.159
2026-02-27 00:00:00+00:00,113.28,114.77,113.28,114.77,3.414
2026-02-27 04:00:00+00:00,117.46,118.73,117.46,118.6,19.689
2026-02-27 08:00:00+00:00,120.38,120.84,116.23,116.23,3.338
2026-02-27 12:00:00+00:00,113.84,116.02,113.84,116.02,2.31
2026-02-27 16:00:00+00:00,113.72,116.08,112.1,112.1,1.511
2026-02-27 20:00:00+00:00,112.09,116.41,110.94,111.54,18.074
2026-02-28 00:00:00+00:00,112.93,112.93,112.93,112.93,0.459
2026-02-28 04:00:00+00:00,111.02,111.02,106.97,106.97,12.953
2026-02-28 08:00:00+00:00,106.03,106.03,105.13,105.13,2.205
2026-02-28 12:00:00+00:00,105.16,109.53,105.16,107.84,2.168
2026-02-28 16:00:00+00:00,107.5,107.5,107.4,107.4,0.402
2026-02-28 20:00:00+00:00,111.64,113.06,108.76,113.06,1.792
2026-03-01 00:00:00+00:00,113.98,117.9,113.98,117.9,1.634
2026-03-01 04:00:00+00:00,114.6,114.6,114.57,114.57,0.379
2026-03-01 08:00:00+00:00,115.19,115.19,112.95,112.95,2.167
2026-03-01 12:00:00+00:00,113.33,115.52,112.22,115.52,3.832
2026-03-01 16:00:00+00:00,115.49,115.99,112.14,114.23,2.602
2026-03-01 20:00:00+00:00,112.13,114.6,110.94,114.6,3.571
2026-03-02 00:00:00+00:00,115.04,116.5,115.04,115.39,4.32
2026-03-02 04:00:00+00:00,113.84,113.84,113.84,113.84,5.728
2026-03-02 08:00:00+00:00,115.17,115.17,111.14,111.14,1.45
2026-03-02 12:00:00+00:00,114.63,123.83,113.92,123.39,30.205
2026-03-02 16:00:00+00:00,120.56,126.45,120.56,124.72,1.693
2026-03-02 20:00:00+00:00,122.42,125.87,122.42,125.87,3.774
2026-03-03 00:00:00+00:00,120.95,122.45,119.81,122.22,26.316
2026-03-03 04:00:00+00:00,122.55,122.55,118.91,118.91,36.408
2026-03-03 08:00:00+00:00,118.78,118.78,110.94,112.2,8.767
2026-03-03 12:00:00+00:00,111.98,114.03,109.12,109.12,6.971
2026-03-03 16:00:00+00:00,110.94,112.51,109.0,112.51,27.933
2026-03-03 20:00:00+00:00,111.05,112.25,108.25,112.25,12.621
2026-03-04 00:00:00+00:00,108.49,108.49,108.49,108.49,1.25
2026-03-04 04:00:00+00:00,108.66,108.66,108.66,108.66,4.343
2026-03-04 08:00:00+00:00,114.48,117.35,114.4,117.26,2.253
2026-03-04 12:00:00+00:00,116.57,118.02,112.99,118.02,4.122
2026-03-04 16:00:00+00:00,114.8,120.35,114.8,120.35,0.521
2026-03-04 20:00:00+00:00,113.97,114.32,113.97,114.32,0.351
2026-03-05 00:00:00+00:00,115.68,116.64,114.2,114.2,4.104
2026-03-05 04:00:00+00:00,114.2,114.2,114.2,114.2,0.0
2026-03-05 08:00:00+00:00,118.27,118.27,116.1,116.16,0.526
2026-03-05 12:00:00+00:00,117.56,119.08,117.56,119.08,0.386
2026-03-05 16:00:00+00:00,118.78,118.78,118.78,118.78,0.372
2026-03-05 20:00:00+00:00,117.64,117.64,117.64,117.64,0.056
2026-03-06 00:00:00+00:00,117.64,117.64,117.64,117.64,0.04
2026-03-06 04:00:00+00:00,117.64,117.64,117.64,117.64,0.0
2026-03-06 08:00:00+00:00,116.44,118.96,116.44,118.96,0.848
2026-03-06 12:00:00+00:00,114.58,114.58,110.29,114.4,15.315
2026-03-06 16:00:00+00:00,111.04,113.29,111.04,113.29,3.164
2026-03-06 20:00:00+00:00,111.07,113.42,111.04,112.74,0.774
2026-03-07 00:00:00+00:00,112.74,112.74,112.74,112.74,0.0
2026-03-07 04:00:00+00:00,112.74,112.74,112.74,112.74,0.0
2026-03-07 08:00:00+00:00,112.74,112.74,112.74,112.74,0.0
2026-03-07 12:00:00+00:00,112.74,112.74,112.74,112.74,0.0
2026-03-07 16:00:00+00:00,112.74,112.74,112.74,112.74,0.0
2026-03-07 20:00:00+00:00,108.85,108.85,108.28,108.28,1.005
2026-03-08 00:00:00+00:00,108.25,108.25,108.25,108.25,0.693
2026-03-08 04:00:00+00:00,106.8,109.39,106.8,109.39,2.257
2026-03-08 08:00:00+00:00,109.39,109.39,109.39,109.39,0.0
2026-03-08 12:00:00+00:00,106.64,106.64,106.64,106.64,0.502
2026-03-08 16:00:00+00:00,107.53,108.55,107.53,108.55,0.643
2026-03-08 20:00:00+00:00,105.78,105.78,105.61,105.64,1.384
2026-03-09 00:00:00+00:00,106.64,107.52,106.55,106.79,1.343
2026-03-09 04:00:00+00:00,106.79,106.79,106.79,106.79,0.0
2026-03-09 08:00:00+00:00,106.42,106.42,106.24,106.24,0.891
2026-03-09 12:00:00+00:00,106.27,106.27,105.5,105.59,2.196
2026-03-09 16:00:00+00:00,109.09,109.09,109.09,109.09,0.159
2026-03-09 20:00:00+00:00,109.09,109.09,109.09,109.09,0.0
2026-03-10 00:00:00+00:00,106.86,109.53,106.86,109.53,3.411
2026-03-10 04:00:00+00:00,109.05,109.11,109.05,109.11,0.732
2026-03-10 08:00:00+00:00,111.82,112.41,110.68,111.61,3.185
2026-03-10 12:00:00+00:00,112.17,114.99,111.33,114.97,1.613
2026-03-10 16:00:00+00:00,114.89,114.94,110.94,111.47,1.851
2026-03-10 20:00:00+00:00,111.47,111.47,111.47,111.47,0.0
2026-03-11 00:00:00+00:00,111.47,111.47,111.47,111.47,0.0
2026-03-11 04:00:00+00:00,111.47,111.47,111.47,111.47,0.0
2026-03-11 08:00:00+00:00,111.47,111.47,111.47,111.47,0.0
2026-03-11 12:00:00+00:00,111.47,111.47,111.47,111.47,0.0
2026-03-11 16:00:00+00:00,111.47,111.47,111.47,111.47,0.0
2026-03-11 20:00:00+00:00,109.4,109.4,109.39,109.39,1.794
2026-03-12 00:00:00+00:00,109.16,109.16,108.25,108.95,3.499
2026-03-12 04:00:00+00:00,108.95,108.95,108.95,108.95,0.0
2026-03-12 08:00:00+00:00,109.01,109.01,109.01,109.01,0.463
2026-03-12 12:00:00+00:00,107.45,108.55,107.44,108.55,1.415
2026-03-12 16:00:00+00:00,108.91,108.91,108.84,108.84,0.271
2026-03-12 20:00:00+00:00,111.82,112.25,111.82,112.25,0.69
2026-03-13 00:00:00+00:00,111.51,116.44,111.51,116.0,7.667
2026-03-13 04:00:00+00:00,115.15,115.15,113.81,113.81,0.799
2026-03-13 08:00:00+00:00,113.81,113.81,113.81,113.81,0.0
2026-03-13 12:00:00+00:00,117.46,118.02,117.46,118.02,2.454
2026-03-13 16:00:00+00:00,113.75,113.75,113.7,113.7,1.03
2026-03-13 20:00:00+00:00,113.16,116.69,110.99,110.99,7.643
2026-03-14 00:00:00+00:00,110.99,110.99,110.99,110.99,0.0
2026-03-14 04:00:00+00:00,111.04,112.43,110.94,112.43,1.126
2026-03-14 08:00:00+00:00,112.43,112.43,112.43,112.43,0.0
2026-03-14 12:00:00+00:00,108.28,108.83,108.28,108.83,1.848
2026-03-14 16:00:00+00:00,108.83,108.83,108.83,108.83,0.0
2026-03-14 20:00:00+00:00,110.97,110.97,108.69,108.69,0.162
2026-03-15 00:00:00+00:00,108.69,108.69,108.69,108.69,0.0
2026-03-15 04:00:00+00:00,108.69,108.69,108.69,108.69,0.0
2026-03-15 08:00:00+00:00,108.69,108.69,108.69,108.69,0.0
2026-03-15 12:00:00+00:00,113.58,114.04,113.58,114.04,1.946
2026-03-15 16:00:00+00:00,114.55,115.04,114.55,115.04,1.137
2026-03-15 20:00:00+00:00,117.46,117.46,116.03,116.08,1.287
2026-03-16 00:00:00+00:00,117.8,119.24,116.73,116.73,5.601
2026-03-16 04:00:00+00:00,117.87,117.87,117.87,117.87,0.323
2026-03-16 08:00:00+00:00,120.13,120.13,119.25,119.25,0.595
2026-03-16 12:00:00+00:00,120.35,122.93,119.95,119.95,4.444
2026-03-16 16:00:00+00:00,119.95,119.95,119.95,119.95,0.0
2026-03-16 20:00:00+00:00,121.42,124.46,121.42,124.46,9.497
2026-03-17 00:00:00+00:00,124.46,124.46,124.46,124.46,0.0
2026-03-17 04:00:00+00:00,124.46,124.46,124.46,124.46,0.0
2026-03-17 08:00:00+00:00,121.5,121.5,121.42,121.42,1.205
2026-03-17 12:00:00+00:00,121.76,123.18,120.26,120.26,0.626
2026-03-17 16:00:00+00:00,121.37,122.47,121.37,122.47,0.639
2026-03-17 20:00:00+00:00,122.26,122.71,121.72,122.71,20.033
2026-03-18 00:00:00+00:00,119.48,121.83,119.42,121.83,1.249
2026-03-18 04:00:00+00:00,118.72,118.88,118.72,118.88,8.437
2026-03-18 08:00:00+00:00,118.76,118.76,117.6,117.6,2.15
2026-03-18 12:00:00+00:00,117.56,117.56,113.04,113.04,4.083
2026-03-18 16:00:00+00:00,114.47,114.47,113.54,113.54,0.173
2026-03-18 20:00:00+00:00,113.54,113.54,113.54,113.54,0.0
2026-03-19 00:00:00+00:00,114.36,118.41,114.36,118.37,2.233
2026-03-19 04:00:00+00:00,113.71,113.71,112.56,112.56,0.96
2026-03-19 08:00:00+00:00,112.53,115.28,112.53,114.35,0.827
2026-03-19 12:00:00+00:00,112.95,113.95,110.94,110.94,3.917
2026-03-19 16:00:00+00:00,110.94,112.73,110.94,112.73,1.854
2026-03-19 20:00:00+00:00,112.9,112.9,112.9,112.9,0.253
2026-03-20 00:00:00+00:00,112.9,112.9,112.9,112.9,0.0
2026-03-20 04:00:00+00:00,112.23,112.23,112.09,112.09,1.387
2026-03-20 08:00:00+00:00,112.09,112.09,112.09,112.09,0.0
2026-03-20 12:00:00+00:00,111.42,111.42,108.51,108.51,1.344
2026-03-20 16:00:00+00:00,110.22,110.64,109.75,110.64,3.903
2026-03-20 20:00:00+00:00,111.98,111.98,111.77,111.77,0.556
2026-03-21 00:00:00+00:00,111.77,111.77,111.77,111.77,0.0
2026-03-21 04:00:00+00:00,111.69,111.69,111.69,111.69,0.501
2026-03-21 08:00:00+00:00,111.21,112.2,111.21,112.2,0.683
2026-03-21 12:00:00+00:00,112.39,112.39,112.35,112.35,0.351
2026-03-21 16:00:00+00:00,112.35,112.35,112.35,112.35,0.0
2026-03-21 20:00:00+00:00,108.47,112.6,108.25,112.6,5.502
2026-03-22 00:00:00+00:00,108.97,108.97,108.58,108.91,1.154
2026-03-22 04:00:00+00:00,108.91,108.91,108.91,108.91,0.0
2026-03-22 08:00:00+00:00,108.09,108.09,106.66,106.66,3.248
2026-03-22 12:00:00+00:00,109.88,109.88,109.8,109.86,3.202
2026-03-22 16:00:00+00:00,107.13,107.13,106.43,106.43,0.999
2026-03-22 20:00:00+00:00,105.63,106.45,104.57,106.45,2.166
2026-03-23 00:00:00+00:00,107.97,107.97,107.95,107.95,1.028
2026-03-23 04:00:00+00:00,107.95,107.95,107.95,107.95,0.0
2026-03-23 08:00:00+00:00,108.68,111.82,108.68,109.09,2.375
2026-03-23 12:00:00+00:00,108.88,112.24,108.88,112.24,0.727
2026-03-23 16:00:00+00:00,112.24,112.24,112.24,112.24,0.0
2026-03-23 20:00:00+00:00,112.24,112.24,112.24,112.24,0.0
2026-03-24 00:00:00+00:00,109.33,109.33,109.33,109.33,0.417
2026-03-24 04:00:00+00:00,109.11,109.11,109.11,109.11,0.375
2026-03-24 08:00:00+00:00,110.46,111.05,109.69,109.69,1.833
2026-03-24 12:00:00+00:00,109.69,109.69,109.69,109.69,0.0
