timestamp,open,high,low,close,volume
2025-03-24 16:00:00+00:00,0.7343,0.7409,0.7264,0.7364,33290.0
2025-03-24 20:00:00+00:00,0.735,0.7439,0.7256,0.7317,72443.0
2025-03-25 00:00:00+00:00,0.7324,0.7379,0.7223,0.7226,45508.0
2025-03-25 04:00:00+00:00,0.7221,0.7488,0.7216,0.7357,77024.7
2025-03-25 08:00:00+00:00,0.7353,0.7628,0.7352,0.7601,176106.6
2025-03-25 12:00:00+00:00,0.7594,0.7662,0.749,0.7571,183773.7
2025-03-25 16:00:00+00:00,0.7567,0.758,0.7484,0.7504,252967.6
2025-03-25 20:00:00+00:00,0.7487,0.7522,0.7405,0.7443,66682.4
2025-03-26 00:00:00+00:00,0.7443,0.7545,0.7389,0.7422,64262.3
2025-03-26 04:00:00+00:00,0.7418,0.7686,0.7405,0.7663,38813.5
2025-03-26 08:00:00+00:00,0.7687,0.7728,0.7637,0.7698,14174.4
2025-03-26 12:00:00+00:00,0.7701,0.7702,0.737,0.7401,165997.6
2025-03-26 16:00:00+00:00,0.7394,0.7424,0.7212,0.7281,114573.5
2025-03-26 20:00:00+00:00,0.7269,0.7345,0.7212,0.7273,23845.0
2025-03-27 00:00:00+00:00,0.7286,0.7433,0.7264,0.7418,27690.2
2025-03-27 04:00:00+00:00,0.7413,0.7414,0.734,0.7389,61591.1
2025-03-27 08:00:00+00:00,0.7386,0.7422,0.7312,0.7312,3744.4
2025-03-27 12:00:00+00:00,0.7312,0.74,0.7212,0.734,690444.6
2025-03-27 16:00:00+00:00,0.7337,0.7377,0.7292,0.735,9044.1
2025-03-27 20:00:00+00:00,0.7337,0.7419,0.7329,0.7381,42904.6
2025-03-28 00:00:00+00:00,0.7382,0.7458,0.729,0.7325,51448.2
2025-03-28 04:00:00+00:00,0.7312,0.7318,0.7011,0.7017,148024.8
2025-03-28 08:00:00+00:00,0.7018,0.705,0.695,0.7046,113197.3
2025-03-28 12:00:00+00:00,0.7031,0.7059,0.6957,0.6992,127986.8
2025-03-28 16:00:00+00:00,0.6991,0.7005,0.6899,0.6955,84736.2
2025-03-28 20:00:00+00:00,0.6968,0.7086,0.6965,0.7064,21954.8
2025-03-29 00:00:00+00:00,0.7058,0.7116,0.6907,0.7024,103100.9
2025-03-29 04:00:00+00:00,0.7005,0.7005,0.6784,0.6832,32293.4
2025-03-29 08:00:00+00:00,0.6841,0.6874,0.6612,0.6663,47638.8
2025-03-29 12:00:00+00:00,0.6663,0.6772,0.6663,0.6695,66489.7
2025-03-29 16:00:00+00:00,0.6727,0.674,0.6597,0.6724,68948.6
2025-03-29 20:00:00+00:00,0.6687,0.6742,0.6659,0.6735,79521.2
2025-03-30 00:00:00+00:00,0.6736,0.6838,0.6678,0.6791,9598.4
2025-03-30 04:00:00+00:00,0.6811,0.6839,0.6775,0.6819,1858.2
2025-03-30 08:00:00+00:00,0.684,0.686,0.6739,0.6754,5018.6
2025-03-30 12:00:00+00:00,0.6741,0.6762,0.6661,0.6698,7462.3
2025-03-30 16:00:00+00:00,0.6698,0.674,0.6573,0.6676,51348.8
2025-03-30 20:00:00+00:00,0.6672,0.6699,0.6519,0.6593,216588.8
2025-03-31 00:00:00+00:00,0.6619,0.6619,0.6484,0.6495,18857.0
2025-03-31 04:00:00+00:00,0.6496,0.685,0.6427,0.6428,102822.3
2025-03-31 08:00:00+00:00,0.6463,0.6514,0.631,0.6458,25663.8
2025-03-31 12:00:00+00:00,0.6453,0.6628,0.6354,0.6577,107766.1
2025-03-31 16:00:00+00:00,0.6576,0.6649,0.6509,0.6561,13346.7
2025-03-31 20:00:00+00:00,0.6561,0.6634,0.6554,0.6612,6543.2
2025-04-01 00:00:00+00:00,0.6625,0.6723,0.6581,0.6676,27616.9
2025-04-01 04:00:00+00:00,0.6673,0.6754,0.6669,0.669,5259.1
2025-04-01 08:00:00+00:00,0.6699,0.6833,0.6699,0.6727,10875.0
2025-04-01 12:00:00+00:00,0.6746,0.6937,0.668,0.6913,56491.6
2025-04-01 16:00:00+00:00,0.6919,0.6929,0.6758,0.6776,73719.2
2025-04-01 20:00:00+00:00,0.6771,0.6833,0.6738,0.6777,66577.1
2025-04-02 00:00:00+00:00,0.676,0.6771,0.6648,0.6727,57517.5
2025-04-02 04:00:00+00:00,0.6732,0.6756,0.663,0.6701,4357.7
2025-04-02 08:00:00+00:00,0.6723,0.6837,0.6685,0.677,12012.1
2025-04-02 12:00:00+00:00,0.6766,0.697,0.6745,0.692,59719.8
2025-04-02 16:00:00+00:00,0.692,0.6966,0.6815,0.69,48276.4
2025-04-02 20:00:00+00:00,0.6891,0.7067,0.6358,0.6391,272333.3
2025-04-03 00:00:00+00:00,0.6401,0.6571,0.6364,0.6527,12159.7
2025-04-03 04:00:00+00:00,0.6521,0.6563,0.6444,0.6463,80783.1
2025-04-03 08:00:00+00:00,0.6494,0.6538,0.6388,0.642,34115.5
2025-04-03 12:00:00+00:00,0.6434,0.6434,0.6135,0.6287,188868.1
2025-04-03 16:00:00+00:00,0.6292,0.6429,0.6273,0.639,70667.1
2025-04-03 20:00:00+00:00,0.6387,0.6524,0.6387,0.6504,18630.3
2025-04-04 00:00:00+00:00,0.6525,0.6532,0.6423,0.6512,73440.4
2025-04-04 04:00:00+00:00,0.6515,0.6627,0.6459,0.6627,39737.8
2025-04-04 08:00:00+00:00,0.6627,0.6651,0.628,0.6355,365836.4
2025-04-04 12:00:00+00:00,0.6324,0.6701,0.6301,0.6576,75174.3
2025-04-04 16:00:00+00:00,0.658,0.6657,0.6508,0.6591,86142.9
2025-04-04 20:00:00+00:00,0.661,0.6677,0.6563,0.6608,34642.4
2025-04-05 00:00:00+00:00,0.6588,0.6665,0.6575,0.658,7080.9
2025-04-05 04:00:00+00:00,0.6567,0.6586,0.6532,0.657,19162.5
2025-04-05 08:00:00+00:00,0.6575,0.6638,0.6575,0.6611,2185.6
2025-04-05 12:00:00+00:00,0.6605,0.6614,0.6454,0.6474,43031.7
2025-04-05 16:00:00+00:00,0.6477,0.653,0.6462,0.647,12855.2
2025-04-05 20:00:00+00:00,0.6472,0.6556,0.6458,0.6545,7594.2
2025-04-06 00:00:00+00:00,0.6535,0.6553,0.6447,0.6459,40050.8
2025-04-06 04:00:00+00:00,0.6471,0.6479,0.6377,0.6389,13271.6
2025-04-06 08:00:00+00:00,0.6395,0.6409,0.6358,0.6384,143058.1
2025-04-06 12:00:00+00:00,0.6381,0.6381,0.6186,0.6273,51187.3
2025-04-06 16:00:00+00:00,0.627,0.6277,0.5832,0.5905,262397.7
2025-04-06 20:00:00+00:00,0.5899,0.5914,0.5604,0.5714,196021.7
2025-04-07 00:00:00+00:00,0.5731,0.5856,0.5487,0.5567,77541.9
2025-04-07 04:00:00+00:00,0.5571,0.5642,0.5115,0.5236,264793.0
2025-04-07 08:00:00+00:00,0.5197,0.5591,0.5194,0.5439,60766.6
2025-04-07 12:00:00+00:00,0.5423,0.6031,0.5364,0.5752,272699.4
2025-04-07 16:00:00+00:00,0.5737,0.5843,0.561,0.5799,36501.0
2025-04-07 20:00:00+00:00,0.5804,0.5947,0.5804,0.5857,58018.5
2025-04-08 00:00:00+00:00,0.5857,0.604,0.5803,0.5924,47833.4
2025-04-08 04:00:00+00:00,0.5921,0.5983,0.5807,0.5821,8528.9
2025-04-08 08:00:00+00:00,0.582,0.6064,0.5777,0.603,19010.5
2025-04-08 12:00:00+00:00,0.6065,0.619,0.5911,0.5915,144836.3
2025-04-08 16:00:00+00:00,0.5923,0.5925,0.5577,0.5609,133897.4
2025-04-08 20:00:00+00:00,0.5586,0.5665,0.5538,0.5577,24602.6
2025-04-09 00:00:00+00:00,0.558,0.5648,0.5373,0.549,72398.2
2025-04-09 04:00:00+00:00,0.549,0.5776,0.5487,0.5745,49024.2
2025-04-09 08:00:00+00:00,0.5769,0.5775,0.5558,0.5578,48926.9
2025-04-09 12:00:00+00:00,0.5576,0.5753,0.5551,0.5725,16478.3
2025-04-09 16:00:00+00:00,0.57,0.6427,0.57,0.6327,257310.4
2025-04-09 20:00:00+00:00,0.6329,0.6456,0.6263,0.6323,131639.2
2025-04-10 00:00:00+00:00,0.6322,0.6338,0.6067,0.6143,41118.5
2025-04-10 04:00:00+00:00,0.6145,0.6272,0.6087,0.6214,35792.9
2025-04-10 08:00:00+00:00,0.6191,0.6324,0.616,0.6199,17372.4
2025-04-10 12:00:00+00:00,0.6203,0.6304,0.5871,0.5897,111178.0
2025-04-10 16:00:00+00:00,0.59,0.6013,0.586,0.5999,29783.8
2025-04-10 20:00:00+00:00,0.5995,0.6111,0.5989,0.6096,38657.0
2025-04-11 00:00:00+00:00,0.6098,0.6255,0.6062,0.6221,17388.0
2025-04-11 04:00:00+00:00,0.6215,0.6355,0.6215,0.6275,22273.7
2025-04-11 08:00:00+00:00,0.6264,0.6436,0.6217,0.6228,23323.0
2025-04-11 12:00:00+00:00,0.6233,0.6308,0.6156,0.6211,72430.7
2025-04-11 16:00:00+00:00,0.6202,0.6322,0.6179,0.6272,7952.3
2025-04-11 20:00:00+00:00,0.6271,0.6325,0.6225,0.6245,17249.0
2025-04-12 00:00:00+00:00,0.6222,0.6251,0.6175,0.6218,9397.8
2025-04-12 04:00:00+00:00,0.6228,0.6354,0.6217,0.6329,24501.5
2025-04-12 08:00:00+00:00,0.6355,0.6408,0.6298,0.6371,6541.9
2025-04-12 12:00:00+00:00,0.6376,0.6671,0.6355,0.6603,71952.2
2025-04-12 16:00:00+00:00,0.6612,0.6618,0.6472,0.6545,109649.8
2025-04-12 20:00:00+00:00,0.6562,0.6647,0.6555,0.6608,17410.3
2025-04-13 00:00:00+00:00,0.6604,0.6631,0.6477,0.6514,21502.9
2025-04-13 04:00:00+00:00,0.6498,0.6498,0.6418,0.6443,4173.2
2025-04-13 08:00:00+00:00,0.6433,0.6682,0.6412,0.6497,57203.6
2025-04-13 12:00:00+00:00,0.6531,0.6541,0.6377,0.644,18347.6
2025-04-13 16:00:00+00:00,0.6445,0.6619,0.6335,0.6413,33786.7
2025-04-13 20:00:00+00:00,0.6392,0.6475,0.6307,0.6389,140963.7
2025-04-14 00:00:00+00:00,0.6363,0.6569,0.6363,0.6427,95168.6
2025-04-14 04:00:00+00:00,0.6437,0.6529,0.6344,0.6416,10055.8
2025-04-14 08:00:00+00:00,0.6418,0.6506,0.6353,0.648,47029.1
2025-04-14 12:00:00+00:00,0.6496,0.6569,0.6312,0.6335,30997.4
2025-04-14 16:00:00+00:00,0.634,0.6434,0.6285,0.6396,26196.4
2025-04-14 20:00:00+00:00,0.6382,0.6384,0.6307,0.6348,9714.9
2025-04-15 00:00:00+00:00,0.6331,0.6448,0.6313,0.6439,15580.1
2025-04-15 04:00:00+00:00,0.6446,0.6454,0.6392,0.6449,2742.1
2025-04-15 08:00:00+00:00,0.6458,0.6482,0.6346,0.6361,10529.0
2025-04-15 12:00:00+00:00,0.6392,0.6456,0.6207,0.6234,102471.8
2025-04-15 16:00:00+00:00,0.6232,0.6252,0.6163,0.6182,79848.6
2025-04-15 20:00:00+00:00,0.6186,0.621,0.6072,0.6082,57623.7
2025-04-16 00:00:00+00:00,0.6088,0.6176,0.6043,0.6125,24932.0
2025-04-16 04:00:00+00:00,0.612,0.6121,0.6029,0.604,124462.1
2025-04-16 08:00:00+00:00,0.6028,0.6113,0.6017,0.607,5007.7
2025-04-16 12:00:00+00:00,0.6062,0.6179,0.6016,0.6099,11063.6
2025-04-16 16:00:00+00:00,0.6111,0.6166,0.5964,0.6165,26826.7
2025-04-16 20:00:00+00:00,0.6165,0.6241,0.6082,0.6092,37184.1
2025-04-17 00:00:00+00:00,0.6103,0.6171,0.609,0.613,9436.9
2025-04-17 04:00:00+00:00,0.6139,0.6231,0.6117,0.6198,2220.1
2025-04-17 08:00:00+00:00,0.6208,0.6208,0.6129,0.6182,1495.8
2025-04-17 12:00:00+00:00,0.6192,0.6231,0.6105,0.6196,13632.2
2025-04-17 16:00:00+00:00,0.6201,0.6303,0.6146,0.6186,50797.7
2025-04-17 20:00:00+00:00,0.6198,0.6239,0.6161,0.6161,1762.9
2025-04-18 00:00:00+00:00,0.616,0.6175,0.6116,0.6125,38486.4
2025-04-18 04:00:00+00:00,0.6125,0.6152,0.611,0.6142,7432.6
2025-04-18 08:00:00+00:00,0.6143,0.6183,0.6117,0.6156,4716.5
2025-04-18 12:00:00+00:00,0.6156,0.6202,0.6137,0.6158,13949.6
2025-04-18 16:00:00+00:00,0.616,0.6287,0.6158,0.6262,43914.3
2025-04-18 20:00:00+00:00,0.6275,0.6316,0.6254,0.6271,13589.5
2025-04-19 00:00:00+00:00,0.6288,0.6344,0.628,0.6322,38377.1
2025-04-19 04:00:00+00:00,0.6329,0.6335,0.6279,0.6315,1001.1
2025-04-19 08:00:00+00:00,0.6306,0.6315,0.6264,0.6264,3184.2
2025-04-19 12:00:00+00:00,0.6269,0.6277,0.6218,0.6222,4362.7
2025-04-19 16:00:00+00:00,0.6227,0.6294,0.6196,0.6279,17062.0
2025-04-19 20:00:00+00:00,0.6277,0.6314,0.6266,0.6283,25368.7
2025-04-20 00:00:00+00:00,0.6309,0.6339,0.6294,0.6303,5771.8
2025-04-20 04:00:00+00:00,0.6303,0.6326,0.6226,0.6246,61303.0
2025-04-20 08:00:00+00:00,0.6239,0.624,0.6128,0.6145,14242.5
2025-04-20 12:00:00+00:00,0.6151,0.6181,0.612,0.612,1050.7
2025-04-20 16:00:00+00:00,0.6118,0.6197,0.6104,0.6197,4885.8
2025-04-20 20:00:00+00:00,0.6193,0.6255,0.6158,0.6201,5090.8
2025-04-21 00:00:00+00:00,0.623,0.64,0.623,0.638,75528.2
2025-04-21 04:00:00+00:00,0.6389,0.6479,0.6368,0.644,8369.1
2025-04-21 08:00:00+00:00,0.646,0.6482,0.6375,0.6393,4697.9
2025-04-21 12:00:00+00:00,0.6398,0.6497,0.634,0.635,101983.5
2025-04-21 16:00:00+00:00,0.6358,0.6358,0.6163,0.6229,64274.9
2025-04-21 20:00:00+00:00,0.6224,0.6243,0.6184,0.6243,7301.9
2025-04-22 00:00:00+00:00,0.623,0.6317,0.6162,0.6235,57254.2
2025-04-22 04:00:00+00:00,0.6263,0.635,0.6228,0.6327,27355.9
2025-04-22 08:00:00+00:00,0.6341,0.6431,0.6331,0.6406,149916.5
2025-04-22 12:00:00+00:00,0.6389,0.6664,0.6372,0.6547,72294.3
2025-04-22 16:00:00+00:00,0.6565,0.6587,0.6495,0.6557,126652.8
2025-04-22 20:00:00+00:00,0.656,0.6845,0.6496,0.6796,272632.3
2025-04-23 00:00:00+00:00,0.6823,0.6933,0.6775,0.693,80911.9
2025-04-23 04:00:00+00:00,0.6936,0.7,0.6893,0.6997,145964.7
2025-04-23 08:00:00+00:00,0.6996,0.7096,0.6963,0.6999,52030.6
2025-04-23 12:00:00+00:00,0.7041,0.7172,0.6847,0.6982,155813.3
2025-04-23 16:00:00+00:00,0.6979,0.71,0.6942,0.6988,80501.1
2025-04-23 20:00:00+00:00,0.6975,0.7013,0.6946,0.6967,72989.5
2025-04-24 00:00:00+00:00,0.6979,0.6996,0.681,0.681,45523.6
2025-04-24 04:00:00+00:00,0.683,0.6886,0.6781,0.679,54732.4
2025-04-24 08:00:00+00:00,0.6791,0.6907,0.6708,0.687,41109.7
2025-04-24 12:00:00+00:00,0.6866,0.7435,0.6852,0.7255,169094.3
2025-04-24 16:00:00+00:00,0.7269,0.7444,0.7182,0.7299,164193.6
2025-04-24 20:00:00+00:00,0.7302,0.7311,0.7133,0.7243,31928.2
2025-04-25 00:00:00+00:00,0.7223,0.7259,0.7024,0.7131,67950.7
2025-04-25 04:00:00+00:00,0.7103,0.7233,0.7076,0.7232,58885.7
2025-04-25 08:00:00+00:00,0.7203,0.7225,0.7116,0.7206,54052.7
2025-04-25 12:00:00+00:00,0.7212,0.7291,0.7059,0.72,128000.6
2025-04-25 16:00:00+00:00,0.7201,0.732,0.7113,0.7171,83992.9
2025-04-25 20:00:00+00:00,0.7174,0.7174,0.7073,0.7144,10946.1
2025-04-26 00:00:00+00:00,0.7134,0.7262,0.7134,0.7205,19636.8
2025-04-26 04:00:00+00:00,0.72,0.7331,0.7123,0.7261,10579.8
2025-04-26 08:00:00+00:00,0.7261,0.7338,0.7054,0.7054,10450.0
2025-04-26 12:00:00+00:00,0.7089,0.7122,0.7006,0.7093,20709.0
2025-04-26 16:00:00+00:00,0.7086,0.7093,0.704,0.7064,26518.6
2025-04-26 20:00:00+00:00,0.7076,0.7109,0.7033,0.707,2433.4
2025-04-27 00:00:00+00:00,0.7072,0.7162,0.6956,0.7025,25309.0
2025-04-27 04:00:00+00:00,0.7029,0.7029,0.6925,0.7001,50258.9
2025-04-27 08:00:00+00:00,0.7005,0.7028,0.6973,0.6973,3786.5
2025-04-27 12:00:00+00:00,0.6963,0.7082,0.6916,0.6965,15217.4
2025-04-27 16:00:00+00:00,0.6952,0.7147,0.6913,0.7147,10372.9
2025-04-27 20:00:00+00:00,0.7149,0.7155,0.7031,0.704,22664.1
2025-04-28 00:00:00+00:00,0.7028,0.7082,0.6827,0.7066,83273.2
2025-04-28 04:00:00+00:00,0.7078,0.7252,0.7078,0.7247,87459.1
2025-04-28 08:00:00+00:00,0.7255,0.7284,0.7134,0.7214,11154.0
2025-04-28 12:00:00+00:00,0.721,0.721,0.6849,0.6902,43342.9
2025-04-28 16:00:00+00:00,0.6892,0.7094,0.6851,0.707,39140.0
2025-04-28 20:00:00+00:00,0.705,0.7052,0.6962,0.7041,13378.3
2025-04-29 00:00:00+00:00,0.7051,0.7093,0.698,0.7045,60762.8
2025-04-29 04:00:00+00:00,0.7031,0.7146,0.6973,0.7117,54488.1
2025-04-29 08:00:00+00:00,0.7128,0.7165,0.7097,0.7148,13805.8
2025-04-29 12:00:00+00:00,0.7151,0.7172,0.7046,0.7078,17589.9
2025-04-29 16:00:00+00:00,0.7092,0.7174,0.7078,0.7093,10878.3
2025-04-29 20:00:00+00:00,0.7095,0.7095,0.6895,0.6955,14121.9
2025-04-30 00:00:00+00:00,0.6954,0.7022,0.6918,0.7015,11193.2
2025-04-30 04:00:00+00:00,0.7026,0.7027,0.6929,0.6945,7900.6
2025-04-30 08:00:00+00:00,0.6951,0.6996,0.6951,0.6985,563.4
2025-04-30 12:00:00+00:00,0.7003,0.7003,0.6657,0.6771,168937.2
2025-04-30 16:00:00+00:00,0.676,0.688,0.6749,0.6845,46701.7
2025-04-30 20:00:00+00:00,0.6845,0.6903,0.6796,0.6813,32083.3
2025-05-01 00:00:00+00:00,0.6812,0.6922,0.6812,0.6879,5882.2
2025-05-01 04:00:00+00:00,0.6882,0.6933,0.6851,0.693,9722.3
2025-05-01 08:00:00+00:00,0.6926,0.708,0.6916,0.7076,18070.1
2025-05-01 12:00:00+00:00,0.708,0.7098,0.6928,0.7008,38096.7
2025-05-01 16:00:00+00:00,0.7045,0.709,0.7,0.706,70428.5
2025-05-01 20:00:00+00:00,0.7034,0.714,0.7033,0.7053,25036.4
2025-05-02 00:00:00+00:00,0.7051,0.7249,0.7023,0.714,18846.9
2025-05-02 04:00:00+00:00,0.7148,0.7154,0.7014,0.7014,25598.5
2025-05-02 08:00:00+00:00,0.7011,0.7099,0.7011,0.7072,1472.7
2025-05-02 12:00:00+00:00,0.7063,0.7157,0.704,0.7063,74746.7
2025-05-02 16:00:00+00:00,0.7072,0.7136,0.6893,0.6904,29560.2
2025-05-02 20:00:00+00:00,0.6895,0.6996,0.6894,0.6969,18462.8
2025-05-03 00:00:00+00:00,0.6974,0.6994,0.6922,0.6985,5744.6
2025-05-03 04:00:00+00:00,0.6986,0.7018,0.6952,0.6982,5344.6
2025-05-03 08:00:00+00:00,0.6983,0.7032,0.6943,0.6966,1982.8
2025-05-03 12:00:00+00:00,0.6977,0.7289,0.6977,0.7188,47688.6
2025-05-03 16:00:00+00:00,0.7219,0.7242,0.7045,0.7129,44055.5
2025-05-03 20:00:00+00:00,0.7137,0.7144,0.6996,0.7015,12460.6
2025-05-04 00:00:00+00:00,0.6998,0.7142,0.6951,0.6982,74397.0
2025-05-04 04:00:00+00:00,0.6983,0.706,0.6942,0.6966,9922.9
2025-05-04 08:00:00+00:00,0.6971,0.6971,0.6875,0.6898,6103.4
2025-05-04 12:00:00+00:00,0.6895,0.6934,0.6833,0.6906,36363.6
2025-05-04 16:00:00+00:00,0.6927,0.6931,0.6811,0.6853,7617.0
2025-05-04 20:00:00+00:00,0.686,0.6895,0.6727,0.6779,103063.7
2025-05-05 00:00:00+00:00,0.6763,0.68,0.667,0.6736,70953.8
2025-05-05 04:00:00+00:00,0.6739,0.6919,0.6739,0.6851,5866.2
2025-05-05 08:00:00+00:00,0.6865,0.6891,0.6638,0.6657,16826.7
2025-05-05 12:00:00+00:00,0.6639,0.6692,0.6552,0.6582,93302.1
2025-05-05 16:00:00+00:00,0.658,0.6725,0.658,0.6633,13496.9
2025-05-05 20:00:00+00:00,0.6631,0.6694,0.6545,0.6621,12070.0
2025-05-06 00:00:00+00:00,0.6638,0.6654,0.6533,0.6614,25059.0
2025-05-06 04:00:00+00:00,0.6611,0.667,0.6582,0.6627,14668.2
2025-05-06 08:00:00+00:00,0.6608,0.6608,0.6445,0.6475,47775.5
2025-05-06 12:00:00+00:00,0.6478,0.6571,0.6431,0.6521,16253.8
2025-05-06 16:00:00+00:00,0.6506,0.6651,0.6464,0.6639,15930.4
2025-05-06 20:00:00+00:00,0.6646,0.6798,0.6536,0.6786,31719.6
2025-05-07 00:00:00+00:00,0.6778,0.6886,0.6721,0.6771,91578.4
2025-05-07 04:00:00+00:00,0.6779,0.6827,0.6739,0.6827,4498.5
2025-05-07 08:00:00+00:00,0.6819,0.6868,0.6807,0.6834,3047.0
2025-05-07 12:00:00+00:00,0.6806,0.6816,0.6647,0.6659,22998.7
2025-05-07 16:00:00+00:00,0.6657,0.6695,0.6556,0.66,114216.0
2025-05-07 20:00:00+00:00,0.659,0.6748,0.6561,0.6719,55395.6
2025-05-08 00:00:00+00:00,0.6708,0.7038,0.6701,0.7015,123076.8
2025-05-08 04:00:00+00:00,0.7016,0.711,0.6992,0.7082,80485.0
2025-05-08 08:00:00+00:00,0.7087,0.7237,0.7087,0.7193,32018.7
2025-05-08 12:00:00+00:00,0.7197,0.7432,0.7159,0.7306,268476.6
2025-05-08 16:00:00+00:00,0.7327,0.7402,0.7289,0.7396,89281.2
2025-05-08 20:00:00+00:00,0.7402,0.7696,0.7378,0.7682,105781.8
2025-05-09 00:00:00+00:00,0.7684,0.7746,0.7551,0.7557,91148.2
2025-05-09 04:00:00+00:00,0.7552,0.7959,0.7549,0.7898,60085.1
2025-05-09 08:00:00+00:00,0.793,0.817,0.7748,0.793,195917.8
2025-05-09 12:00:00+00:00,0.793,0.799,0.7725,0.7826,459564.2
2025-05-09 16:00:00+00:00,0.7784,0.7892,0.7728,0.7807,95188.2
2025-05-09 20:00:00+00:00,0.7813,0.7827,0.7726,0.7767,23187.0
2025-05-10 00:00:00+00:00,0.7787,0.7904,0.7708,0.7819,35745.1
2025-05-10 04:00:00+00:00,0.7796,0.8012,0.7755,0.8007,44858.3
2025-05-10 08:00:00+00:00,0.8004,0.8124,0.7879,0.7928,45788.7
2025-05-10 12:00:00+00:00,0.7922,0.8128,0.7918,0.8021,25188.9
2025-05-10 16:00:00+00:00,0.802,0.8386,0.8018,0.8119,101341.0
2025-05-10 20:00:00+00:00,0.8109,0.8431,0.8055,0.8422,70858.8
2025-05-11 00:00:00+00:00,0.8398,0.8453,0.8075,0.8176,293808.0
2025-05-11 04:00:00+00:00,0.8163,0.8211,0.7845,0.7916,50163.4
2025-05-11 08:00:00+00:00,0.7921,0.8038,0.7877,0.8034,39828.1
2025-05-11 12:00:00+00:00,0.8039,0.8049,0.7858,0.7896,34301.7
2025-05-11 16:00:00+00:00,0.7893,0.8152,0.782,0.8093,34111.6
2025-05-11 20:00:00+00:00,0.8085,0.813,0.8008,0.8058,8594.4
2025-05-12 00:00:00+00:00,0.8053,0.8207,0.7966,0.8195,21743.1
2025-05-12 04:00:00+00:00,0.8176,0.8439,0.8075,0.8252,86381.2
2025-05-12 08:00:00+00:00,0.8257,0.8366,0.8144,0.824,29949.4
2025-05-12 12:00:00+00:00,0.8228,0.863,0.8097,0.8222,176135.8
2025-05-12 16:00:00+00:00,0.8236,0.8337,0.7808,0.8062,237717.8
2025-05-12 20:00:00+00:00,0.8036,0.8241,0.8012,0.8169,17853.9
2025-05-13 00:00:00+00:00,0.8172,0.8172,0.7744,0.7744,70627.4
2025-05-13 04:00:00+00:00,0.7743,0.7967,0.7722,0.791,13011.8
2025-05-13 08:00:00+00:00,0.7931,0.803,0.7869,0.7969,11140.0
2025-05-13 12:00:00+00:00,0.7989,0.808,0.7911,0.8059,29045.6
2025-05-13 16:00:00+00:00,0.8054,0.8412,0.8054,0.8348,149302.5
2025-05-13 20:00:00+00:00,0.8347,0.8355,0.8252,0.8304,35741.5
2025-05-14 00:00:00+00:00,0.8303,0.8325,0.8131,0.8164,206814.9
2025-05-14 04:00:00+00:00,0.8157,0.8308,0.8136,0.8281,48273.0
2025-05-14 08:00:00+00:00,0.8288,0.8289,0.8,0.8192,46175.4
2025-05-14 12:00:00+00:00,0.8198,0.8292,0.7983,0.8066,36793.3
2025-05-14 16:00:00+00:00,0.8066,0.8099,0.7893,0.8004,23867.6
2025-05-14 20:00:00+00:00,0.8003,0.803,0.792,0.799,11361.3
2025-05-15 00:00:00+00:00,0.799,0.8098,0.7872,0.793,143711.3
2025-05-15 04:00:00+00:00,0.7921,0.7956,0.7662,0.77,53889.2
2025-05-15 08:00:00+00:00,0.7684,0.7833,0.7596,0.7685,83081.0
2025-05-15 12:00:00+00:00,0.7707,0.7785,0.7454,0.7751,169738.0
2025-05-15 16:00:00+00:00,0.7755,0.7911,0.7588,0.7685,61410.7
2025-05-15 20:00:00+00:00,0.7708,0.7769,0.7492,0.7597,22297.6
2025-05-16 00:00:00+00:00,0.7619,0.7828,0.7604,0.7812,22467.0
2025-05-16 04:00:00+00:00,0.783,0.7854,0.7733,0.7781,6378.7
2025-05-16 08:00:00+00:00,0.778,0.7848,0.7638,0.7793,12204.7
2025-05-16 12:00:00+00:00,0.7778,0.7845,0.7688,0.7777,15785.5
2025-05-16 16:00:00+00:00,0.7783,0.7816,0.7671,0.7719,11093.5
2025-05-16 20:00:00+00:00,0.7717,0.7717,0.7513,0.7585,57516.3
2025-05-17 00:00:00+00:00,0.7587,0.7603,0.7362,0.7544,66078.0
2025-05-17 04:00:00+00:00,0.7549,0.7807,0.7541,0.7759,30441.7
2025-05-17 08:00:00+00:00,0.7739,0.7765,0.7574,0.7638,6400.6
2025-05-17 12:00:00+00:00,0.761,0.761,0.7462,0.7508,25642.5
2025-05-17 16:00:00+00:00,0.7502,0.7502,0.7276,0.7357,45312.7
2025-05-17 20:00:00+00:00,0.738,0.7531,0.7336,0.7419,23190.6
2025-05-18 00:00:00+00:00,0.7423,0.7454,0.7359,0.7392,88550.1
2025-05-18 04:00:00+00:00,0.739,0.7599,0.739,0.7594,31029.9
2025-05-18 08:00:00+00:00,0.7602,0.765,0.7554,0.7554,71295.1
2025-05-18 12:00:00+00:00,0.7559,0.7756,0.7514,0.7756,17560.0
2025-05-18 16:00:00+00:00,0.7741,0.7741,0.731,0.7318,83977.8
2025-05-18 20:00:00+00:00,0.7316,0.762,0.7181,0.7611,41767.0
2025-05-19 00:00:00+00:00,0.7581,0.7641,0.7277,0.7277,40270.3
2025-05-19 04:00:00+00:00,0.7275,0.7298,0.711,0.7248,67785.6
2025-05-19 08:00:00+00:00,0.7226,0.7293,0.7173,0.7286,32778.3
2025-05-19 12:00:00+00:00,0.7233,0.7391,0.718,0.7352,12612.6
2025-05-19 16:00:00+00:00,0.7352,0.7465,0.731,0.7415,12338.4
2025-05-19 20:00:00+00:00,0.7416,0.7443,0.7373,0.7432,12930.7
2025-05-20 00:00:00+00:00,0.7434,0.7536,0.7408,0.7433,59012.1
2025-05-20 04:00:00+00:00,0.7408,0.7447,0.7317,0.7331,30886.1
2025-05-20 08:00:00+00:00,0.7343,0.7358,0.725,0.7283,9480.3
2025-05-20 12:00:00+00:00,0.7276,0.7336,0.7234,0.7317,12711.7
2025-05-20 16:00:00+00:00,0.7335,0.74,0.7257,0.74,5770.8
2025-05-20 20:00:00+00:00,0.7368,0.7484,0.7354,0.7445,15758.3
2025-05-21 00:00:00+00:00,0.7462,0.7536,0.737,0.7525,27191.2
2025-05-21 04:00:00+00:00,0.7509,0.7651,0.7497,0.7543,137394.6
2025-05-21 08:00:00+00:00,0.7541,0.7626,0.745,0.755,23349.4
2025-05-21 12:00:00+00:00,0.7547,0.7669,0.7483,0.7659,18065.3
2025-05-21 16:00:00+00:00,0.7667,0.783,0.7432,0.7616,66301.3
2025-05-21 20:00:00+00:00,0.762,0.7771,0.7579,0.7692,62474.0
2025-05-22 00:00:00+00:00,0.7691,0.7911,0.7691,0.7882,45408.1
2025-05-22 04:00:00+00:00,0.7895,0.7942,0.7841,0.7931,36392.9
2025-05-22 08:00:00+00:00,0.7945,0.8093,0.7918,0.8052,65928.3
2025-05-22 12:00:00+00:00,0.8028,0.8083,0.7964,0.8028,43882.8
2025-05-22 16:00:00+00:00,0.8034,0.808,0.8,0.8018,14428.8
2025-05-22 20:00:00+00:00,0.803,0.8088,0.798,0.8079,61474.6
2025-05-23 00:00:00+00:00,0.8085,0.8384,0.8066,0.8364,184897.1
2025-05-23 04:00:00+00:00,0.8384,0.8404,0.8045,0.808,61924.9
2025-05-23 08:00:00+00:00,0.81,0.8242,0.7788,0.7815,28285.9
2025-05-23 12:00:00+00:00,0.7772,0.7907,0.7612,0.7786,97204.5
2025-05-23 16:00:00+00:00,0.7784,0.7847,0.7718,0.7735,11081.2
2025-05-23 20:00:00+00:00,0.7729,0.7729,0.744,0.7485,60258.0
2025-05-24 00:00:00+00:00,0.7463,0.7623,0.7441,0.7621,21062.5
2025-05-24 04:00:00+00:00,0.7601,0.7662,0.7551,0.7571,34969.2
2025-05-24 08:00:00+00:00,0.7591,0.765,0.7545,0.7612,5614.9
2025-05-24 12:00:00+00:00,0.7612,0.7627,0.7514,0.7582,73306.3
2025-05-24 16:00:00+00:00,0.7568,0.7618,0.7525,0.7546,8725.7
2025-05-24 20:00:00+00:00,0.7546,0.7546,0.7419,0.7443,11962.4
2025-05-25 00:00:00+00:00,0.7473,0.748,0.7323,0.7439,20499.8
2025-05-25 04:00:00+00:00,0.7428,0.7434,0.7348,0.7371,5809.0
2025-05-25 08:00:00+00:00,0.7364,0.7389,0.7286,0.7382,13376.0
2025-05-25 12:00:00+00:00,0.7375,0.7512,0.7314,0.7394,8256.4
2025-05-25 16:00:00+00:00,0.739,0.7507,0.7358,0.7507,128889.8
2025-05-25 20:00:00+00:00,0.7483,0.7599,0.7421,0.7597,15829.7
2025-05-26 00:00:00+00:00,0.7602,0.765,0.7552,0.7625,12162.6
2025-05-26 04:00:00+00:00,0.7612,0.775,0.7612,0.775,12295.5
2025-05-26 08:00:00+00:00,0.7746,0.7768,0.7619,0.7673,16132.6
2025-05-26 12:00:00+00:00,0.7673,0.7719,0.7577,0.7691,15000.1
2025-05-26 16:00:00+00:00,0.7682,0.7691,0.7521,0.7554,6823.4
2025-05-26 20:00:00+00:00,0.7529,0.7617,0.7515,0.7596,4048.3
2025-05-27 00:00:00+00:00,0.7598,0.7622,0.7444,0.7539,35622.8
2025-05-27 04:00:00+00:00,0.7561,0.7659,0.7509,0.765,10423.6
2025-05-27 08:00:00+00:00,0.7662,0.7725,0.7662,0.7686,8740.0
2025-05-27 12:00:00+00:00,0.7696,0.7749,0.7564,0.7674,16769.2
2025-05-27 16:00:00+00:00,0.7675,0.7739,0.7629,0.7645,98818.1
2025-05-27 20:00:00+00:00,0.7643,0.7668,0.7559,0.758,13439.9
2025-05-28 00:00:00+00:00,0.7575,0.7603,0.751,0.7557,23362.1
2025-05-28 04:00:00+00:00,0.7528,0.7585,0.7461,0.7532,3973.8
2025-05-28 08:00:00+00:00,0.7515,0.7598,0.7483,0.7598,11016.4
2025-05-28 12:00:00+00:00,0.7589,0.7608,0.7409,0.7426,82368.0
2025-05-28 16:00:00+00:00,0.7419,0.7508,0.7331,0.7332,26221.6
2025-05-28 20:00:00+00:00,0.733,0.7471,0.733,0.7463,33205.5
2025-05-29 00:00:00+00:00,0.7476,0.7639,0.7456,0.7583,32651.6
2025-05-29 04:00:00+00:00,0.7575,0.7575,0.7459,0.7511,8393.7
2025-05-29 08:00:00+00:00,0.7505,0.7557,0.7477,0.7542,2777.7
2025-05-29 12:00:00+00:00,0.755,0.755,0.7338,0.7384,16970.6
2025-05-29 16:00:00+00:00,0.7377,0.7391,0.7231,0.7271,67171.3
2025-05-29 20:00:00+00:00,0.7276,0.7355,0.7207,0.7207,63585.1
2025-05-30 00:00:00+00:00,0.7218,0.7271,0.689,0.71,81799.5
2025-05-30 04:00:00+00:00,0.7067,0.7111,0.6976,0.7013,8299.9
2025-05-30 08:00:00+00:00,0.6989,0.7096,0.6941,0.7092,5755.8
2025-05-30 12:00:00+00:00,0.7094,0.7102,0.6973,0.7032,22743.2
2025-05-30 16:00:00+00:00,0.7014,0.7144,0.6832,0.7117,22376.6
2025-05-30 20:00:00+00:00,0.7099,0.7099,0.6864,0.689,243595.8
2025-05-31 00:00:00+00:00,0.6905,0.6905,0.66,0.6623,182297.3
2025-05-31 04:00:00+00:00,0.6609,0.6707,0.6583,0.6671,19841.5
2025-05-31 08:00:00+00:00,0.6659,0.6711,0.6633,0.6635,4560.3
2025-05-31 12:00:00+00:00,0.664,0.6858,0.664,0.6794,12498.2
2025-05-31 16:00:00+00:00,0.684,0.6931,0.6833,0.6898,10320.4
2025-05-31 20:00:00+00:00,0.6885,0.6947,0.6843,0.686,5124.7
2025-06-01 00:00:00+00:00,0.6849,0.6849,0.6726,0.6782,22904.7
2025-06-01 04:00:00+00:00,0.678,0.6842,0.6713,0.6733,93795.3
2025-06-01 08:00:00+00:00,0.671,0.671,0.6552,0.664,20537.7
2025-06-01 12:00:00+00:00,0.662,0.6751,0.658,0.6751,61488.2
2025-06-01 16:00:00+00:00,0.6752,0.6849,0.6706,0.6782,15082.2
2025-06-01 20:00:00+00:00,0.6797,0.6875,0.6777,0.6835,22740.5
2025-06-02 00:00:00+00:00,0.6851,0.6891,0.6746,0.6768,8031.6
2025-06-02 04:00:00+00:00,0.6808,0.6809,0.6767,0.6808,2496.9
2025-06-02 08:00:00+00:00,0.6774,0.6774,0.6642,0.6666,6366.8
2025-06-02 12:00:00+00:00,0.6666,0.6752,0.6666,0.673,24749.5
2025-06-02 16:00:00+00:00,0.6725,0.6787,0.6696,0.6714,9648.6
2025-06-02 20:00:00+00:00,0.6741,0.6908,0.6741,0.6898,24274.9
2025-06-03 00:00:00+00:00,0.6882,0.7061,0.6881,0.6938,62050.0
2025-06-03 04:00:00+00:00,0.6916,0.6973,0.6891,0.6973,996.4
2025-06-03 08:00:00+00:00,0.6932,0.6948,0.6887,0.6923,3132.2
2025-06-03 12:00:00+00:00,0.6905,0.694,0.6835,0.6922,43474.0
2025-06-03 16:00:00+00:00,0.6913,0.6913,0.6862,0.6897,6958.8
2025-06-03 20:00:00+00:00,0.6901,0.6907,0.6746,0.6859,31289.6
2025-06-04 00:00:00+00:00,0.6855,0.7014,0.6831,0.6977,24856.0
2025-06-04 04:00:00+00:00,0.6989,0.6989,0.6913,0.6968,7144.6
2025-06-04 08:00:00+00:00,0.6973,0.7015,0.6939,0.6939,5184.3
2025-06-04 12:00:00+00:00,0.6931,0.6931,0.6796,0.6885,39173.9
2025-06-04 16:00:00+00:00,0.6885,0.6885,0.6714,0.6743,42335.4
2025-06-04 20:00:00+00:00,0.6711,0.6732,0.6624,0.665,26904.1
2025-06-05 00:00:00+00:00,0.667,0.6752,0.6656,0.6737,3405.9
2025-06-05 04:00:00+00:00,0.6757,0.6807,0.6727,0.6795,4475.9
2025-06-05 08:00:00+00:00,0.6778,0.6836,0.6767,0.6786,6227.9
2025-06-05 12:00:00+00:00,0.681,0.6879,0.6693,0.6751,16415.3
2025-06-05 16:00:00+00:00,0.6731,0.6731,0.6352,0.6423,99614.2
2025-06-05 20:00:00+00:00,0.6413,0.6423,0.6194,0.626,83072.8
2025-06-06 00:00:00+00:00,0.6273,0.6374,0.6224,0.6374,34538.7
2025-06-06 04:00:00+00:00,0.6367,0.6423,0.6357,0.6422,2751.3
2025-06-06 08:00:00+00:00,0.6401,0.6522,0.6401,0.6496,16484.1
2025-06-06 12:00:00+00:00,0.6516,0.6718,0.6515,0.6632,37749.5
2025-06-06 16:00:00+00:00,0.6687,0.6718,0.6608,0.6638,30975.0
2025-06-06 20:00:00+00:00,0.6607,0.6647,0.6531,0.656,19224.7
2025-06-07 00:00:00+00:00,0.654,0.6611,0.6499,0.6611,18739.0
2025-06-07 04:00:00+00:00,0.6612,0.6693,0.6579,0.6669,1916.2
2025-06-07 08:00:00+00:00,0.6694,0.6694,0.6631,0.6674,2119.3
2025-06-07 12:00:00+00:00,0.6682,0.6701,0.666,0.6661,15860.9
2025-06-07 16:00:00+00:00,0.6651,0.6651,0.6618,0.6637,4288.4
2025-06-07 20:00:00+00:00,0.6644,0.6691,0.6638,0.6639,7955.4
2025-06-08 00:00:00+00:00,0.6628,0.6628,0.6565,0.6585,8445.1
2025-06-08 04:00:00+00:00,0.6568,0.6647,0.6568,0.6625,4193.8
2025-06-08 08:00:00+00:00,0.6617,0.664,0.6522,0.664,13492.6
2025-06-08 12:00:00+00:00,0.6647,0.6787,0.6641,0.6702,18511.0
2025-06-08 16:00:00+00:00,0.6702,0.6769,0.6698,0.673,13504.4
2025-06-08 20:00:00+00:00,0.6744,0.6787,0.6685,0.669,11604.7
2025-06-09 00:00:00+00:00,0.6701,0.6702,0.661,0.6614,61388.5
2025-06-09 04:00:00+00:00,0.6626,0.6648,0.6566,0.6632,164097.5
2025-06-09 08:00:00+00:00,0.6635,0.6766,0.6618,0.6746,23729.3
2025-06-09 12:00:00+00:00,0.6746,0.6753,0.6664,0.6731,12609.2
2025-06-09 16:00:00+00:00,0.6758,0.6854,0.6758,0.682,244221.0
2025-06-09 20:00:00+00:00,0.6828,0.7068,0.6821,0.7031,55673.2
2025-06-10 00:00:00+00:00,0.705,0.7151,0.705,0.7051,90068.8
2025-06-10 04:00:00+00:00,0.705,0.7061,0.6931,0.6955,23447.4
2025-06-10 08:00:00+00:00,0.6939,0.7116,0.6868,0.7052,100869.9
2025-06-10 12:00:00+00:00,0.706,0.7117,0.6885,0.6957,74012.8
2025-06-10 16:00:00+00:00,0.6968,0.7138,0.6968,0.7061,71757.6
2025-06-10 20:00:00+00:00,0.7084,0.7191,0.7047,0.7159,30756.1
2025-06-11 00:00:00+00:00,0.7163,0.7211,0.7099,0.7198,61783.3
2025-06-11 04:00:00+00:00,0.7182,0.7263,0.718,0.7247,63647.9
2025-06-11 08:00:00+00:00,0.7259,0.728,0.7117,0.7147,7919.2
2025-06-11 12:00:00+00:00,0.7144,0.7303,0.7117,0.724,67908.3
2025-06-11 16:00:00+00:00,0.7228,0.7231,0.7029,0.7035,89704.3
2025-06-11 20:00:00+00:00,0.7029,0.7096,0.69,0.6968,109248.9
2025-06-12 00:00:00+00:00,0.6985,0.6997,0.6892,0.6904,21198.7
2025-06-12 04:00:00+00:00,0.6891,0.6939,0.6863,0.689,14669.2
2025-06-12 08:00:00+00:00,0.6867,0.6867,0.6761,0.6775,36502.7
2025-06-12 12:00:00+00:00,0.6788,0.6897,0.6768,0.6768,19543.5
2025-06-12 16:00:00+00:00,0.6768,0.6915,0.6667,0.6678,86216.2
2025-06-12 20:00:00+00:00,0.6691,0.6712,0.6576,0.662,31578.0
2025-06-13 00:00:00+00:00,0.6607,0.6607,0.6182,0.6351,148529.3
2025-06-13 04:00:00+00:00,0.6327,0.6364,0.6261,0.6347,36325.1
2025-06-13 08:00:00+00:00,0.6361,0.6418,0.6306,0.6417,5732.2
2025-06-13 12:00:00+00:00,0.642,0.6429,0.6288,0.6384,12763.0
2025-06-13 16:00:00+00:00,0.6404,0.6442,0.6284,0.6312,59129.4
2025-06-13 20:00:00+00:00,0.6313,0.6423,0.6313,0.6423,9242.2
2025-06-14 00:00:00+00:00,0.6404,0.6423,0.6343,0.6371,7721.9
2025-06-14 04:00:00+00:00,0.6367,0.6387,0.6336,0.6374,15879.9
2025-06-14 08:00:00+00:00,0.6349,0.6374,0.6326,0.636,3798.5
2025-06-14 12:00:00+00:00,0.636,0.6375,0.627,0.627,8523.0
2025-06-14 16:00:00+00:00,0.63,0.63,0.6153,0.6194,18884.8
2025-06-14 20:00:00+00:00,0.6186,0.627,0.6139,0.6246,12185.4
2025-06-15 00:00:00+00:00,0.6244,0.629,0.6244,0.629,4381.8
2025-06-15 04:00:00+00:00,0.6289,0.6336,0.6284,0.6289,34805.0
2025-06-15 08:00:00+00:00,0.6271,0.6275,0.6218,0.6241,8567.4
2025-06-15 12:00:00+00:00,0.6262,0.6346,0.6262,0.631,3424.3
2025-06-15 16:00:00+00:00,0.6311,0.6325,0.6271,0.6304,11572.2
2025-06-15 20:00:00+00:00,0.6281,0.6346,0.6213,0.6332,7037.2
2025-06-16 00:00:00+00:00,0.6327,0.6401,0.626,0.6383,11349.5
2025-06-16 04:00:00+00:00,0.6364,0.6499,0.6363,0.6489,35395.1
2025-06-16 08:00:00+00:00,0.6462,0.647,0.6397,0.6464,10115.0
2025-06-16 12:00:00+00:00,0.6481,0.6533,0.6438,0.6472,13391.3
2025-06-16 16:00:00+00:00,0.6501,0.6564,0.6501,0.6539,66411.3
2025-06-16 20:00:00+00:00,0.6527,0.6547,0.6286,0.6286,94736.0
2025-06-17 00:00:00+00:00,0.6279,0.6416,0.6,0.6373,190035.2
2025-06-17 04:00:00+00:00,0.6346,0.6354,0.6307,0.6327,6433.5
2025-06-17 08:00:00+00:00,0.6308,0.6308,0.6208,0.6208,3903.7
2025-06-17 12:00:00+00:00,0.622,0.6274,0.6074,0.6097,109765.9
2025-06-17 16:00:00+00:00,0.6115,0.6218,0.6,0.6194,58653.8
2025-06-17 20:00:00+00:00,0.6176,0.6176,0.6065,0.6102,6458.4
2025-06-18 00:00:00+00:00,0.6117,0.6165,0.6089,0.6142,47344.6
2025-06-18 04:00:00+00:00,0.6157,0.6204,0.6121,0.6121,6156.4
2025-06-18 08:00:00+00:00,0.6157,0.6157,0.6009,0.6066,6433.5
2025-06-18 12:00:00+00:00,0.6047,0.6056,0.5891,0.5974,139457.3
2025-06-18 16:00:00+00:00,0.5938,0.5999,0.5888,0.592,42611.6
2025-06-18 20:00:00+00:00,0.5902,0.6091,0.5902,0.6035,91329.2
2025-06-19 00:00:00+00:00,0.6047,0.6112,0.5993,0.602,44380.6
2025-06-19 04:00:00+00:00,0.6028,0.6084,0.5989,0.599,13144.2
2025-06-19 08:00:00+00:00,0.5998,0.6028,0.5978,0.5978,5422.0
2025-06-19 12:00:00+00:00,0.5977,0.5987,0.5906,0.5906,31324.8
2025-06-19 16:00:00+00:00,0.5924,0.6019,0.5896,0.5992,9233.5
2025-06-19 20:00:00+00:00,0.5992,0.6033,0.5973,0.6014,8804.6
2025-06-20 00:00:00+00:00,0.6034,0.6034,0.599,0.6002,129151.8
2025-06-20 04:00:00+00:00,0.5974,0.6028,0.5874,0.6028,6770.4
2025-06-20 08:00:00+00:00,0.6027,0.6053,0.6004,0.6027,6326.4
2025-06-20 12:00:00+00:00,0.6018,0.6047,0.5817,0.5817,39867.5
2025-06-20 16:00:00+00:00,0.5841,0.5841,0.5621,0.5779,77766.8
2025-06-20 20:00:00+00:00,0.5787,0.5838,0.5727,0.5768,20760.9
2025-06-21 00:00:00+00:00,0.5779,0.5867,0.5776,0.5849,6198.7
2025-06-21 04:00:00+00:00,0.5851,0.5877,0.5822,0.5822,2686.9
2025-06-21 08:00:00+00:00,0.5829,0.5864,0.582,0.5849,18831.2
2025-06-21 12:00:00+00:00,0.5845,0.5845,0.5727,0.573,6165.8
2025-06-21 16:00:00+00:00,0.5757,0.5779,0.5639,0.5658,9263.2
2025-06-21 20:00:00+00:00,0.5642,0.5677,0.5451,0.5573,348914.2
2025-06-22 00:00:00+00:00,0.5573,0.5637,0.5453,0.5471,123566.6
2025-06-22 04:00:00+00:00,0.5479,0.5573,0.5461,0.549,7383.2
2025-06-22 08:00:00+00:00,0.5473,0.549,0.5394,0.5457,7192.6
2025-06-22 12:00:00+00:00,0.5473,0.5508,0.521,0.5232,77278.4
2025-06-22 16:00:00+00:00,0.5234,0.5351,0.5204,0.5238,31936.5
2025-06-22 20:00:00+00:00,0.5234,0.5413,0.5107,0.5413,82718.1
2025-06-23 00:00:00+00:00,0.5403,0.548,0.5403,0.546,41317.8
2025-06-23 04:00:00+00:00,0.5452,0.5513,0.5452,0.5487,10704.9
2025-06-23 08:00:00+00:00,0.549,0.549,0.5405,0.5426,1426.7
2025-06-23 12:00:00+00:00,0.5408,0.556,0.5388,0.5421,75171.0
2025-06-23 16:00:00+00:00,0.5419,0.5595,0.5295,0.5556,103567.0
2025-06-23 20:00:00+00:00,0.5556,0.5931,0.5556,0.5829,227620.7
2025-06-24 00:00:00+00:00,0.5832,0.5832,0.577,0.5797,17301.8
2025-06-24 04:00:00+00:00,0.5805,0.5929,0.5805,0.582,11747.1
2025-06-24 08:00:00+00:00,0.5814,0.5863,0.5779,0.5842,31361.3
2025-06-24 12:00:00+00:00,0.5849,0.5871,0.5807,0.5849,8629.6
2025-06-24 16:00:00+00:00,0.5838,0.5912,0.5797,0.5814,14219.1
2025-06-24 20:00:00+00:00,0.5835,0.5875,0.5829,0.5875,16501.9
2025-06-25 00:00:00+00:00,0.5875,0.5902,0.5842,0.5849,83050.2
2025-06-25 04:00:00+00:00,0.5843,0.5857,0.579,0.5857,7445.2
2025-06-25 08:00:00+00:00,0.5814,0.5824,0.5739,0.5808,17330.3
2025-06-25 12:00:00+00:00,0.5798,0.5853,0.5669,0.5669,11052.5
2025-06-25 16:00:00+00:00,0.567,0.5758,0.5644,0.5717,74779.0
2025-06-25 20:00:00+00:00,0.5715,0.5744,0.564,0.5665,51528.4
2025-06-26 00:00:00+00:00,0.5675,0.5814,0.5674,0.5737,49632.0
2025-06-26 04:00:00+00:00,0.5741,0.5741,0.5684,0.5725,960.0
2025-06-26 08:00:00+00:00,0.5716,0.5716,0.5634,0.5641,6214.4
2025-06-26 12:00:00+00:00,0.5631,0.5631,0.5507,0.5542,67652.7
2025-06-26 16:00:00+00:00,0.5548,0.5573,0.55,0.557,128404.5
2025-06-26 20:00:00+00:00,0.5589,0.5628,0.5516,0.554,48121.8
2025-06-27 00:00:00+00:00,0.5549,0.5607,0.5498,0.5604,6298.6
2025-06-27 04:00:00+00:00,0.5601,0.5602,0.5552,0.5556,1464.1
2025-06-27 08:00:00+00:00,0.5568,0.5568,0.5535,0.5539,1904.1
2025-06-27 12:00:00+00:00,0.5543,0.5556,0.548,0.5556,45247.0
2025-06-27 16:00:00+00:00,0.5556,0.6008,0.5458,0.5553,167518.4
2025-06-27 20:00:00+00:00,0.5527,0.5617,0.5511,0.5588,27969.4
2025-06-28 00:00:00+00:00,0.5581,0.5631,0.5563,0.5605,9485.7
2025-06-28 04:00:00+00:00,0.5602,0.5641,0.5586,0.5617,630.5
2025-06-28 08:00:00+00:00,0.5607,0.5607,0.5584,0.559,1684.5
2025-06-28 12:00:00+00:00,0.5596,0.5637,0.5561,0.5637,17525.9
2025-06-28 16:00:00+00:00,0.5641,0.5685,0.5625,0.5641,9090.1
2025-06-28 20:00:00+00:00,0.5634,0.567,0.5628,0.5652,5076.0
2025-06-29 00:00:00+00:00,0.5647,0.5682,0.5626,0.5641,71884.5
2025-06-29 04:00:00+00:00,0.5626,0.5626,0.56,0.56,8559.6
2025-06-29 08:00:00+00:00,0.5615,0.5658,0.5615,0.5649,74577.7
2025-06-29 12:00:00+00:00,0.5649,0.5662,0.5556,0.5562,13270.5
2025-06-29 16:00:00+00:00,0.5562,0.5612,0.5555,0.5574,32471.5
2025-06-29 20:00:00+00:00,0.5586,0.5849,0.5567,0.5768,93565.5
2025-06-30 00:00:00+00:00,0.5785,0.58,0.5669,0.5697,25931.5
2025-06-30 04:00:00+00:00,0.5687,0.5693,0.5599,0.5663,14149.9
2025-06-30 08:00:00+00:00,0.5667,0.5667,0.5634,0.5643,7320.7
2025-06-30 12:00:00+00:00,0.5641,0.571,0.556,0.5685,25708.3
2025-06-30 16:00:00+00:00,0.5667,0.5896,0.5659,0.588,217811.4
2025-06-30 20:00:00+00:00,0.59,0.59,0.571,0.571,433116.5
2025-07-01 00:00:00+00:00,0.5726,0.5762,0.5652,0.5689,10542.9
2025-07-01 04:00:00+00:00,0.5664,0.5667,0.5599,0.5667,25036.2
2025-07-01 08:00:00+00:00,0.5625,0.5626,0.5588,0.5589,2276.4
2025-07-01 12:00:00+00:00,0.5597,0.5597,0.5441,0.5468,115671.0
2025-07-01 16:00:00+00:00,0.5473,0.5541,0.5388,0.5398,54824.1
2025-07-01 20:00:00+00:00,0.5392,0.5446,0.5362,0.5422,90653.0
2025-07-02 00:00:00+00:00,0.5419,0.5485,0.5391,0.548,33513.8
2025-07-02 04:00:00+00:00,0.5485,0.5574,0.5485,0.5569,40197.1
2025-07-02 08:00:00+00:00,0.5576,0.5641,0.5568,0.5598,2554.4
2025-07-02 12:00:00+00:00,0.56,0.5785,0.557,0.5785,13227.4
2025-07-02 16:00:00+00:00,0.578,0.5983,0.5776,0.5954,165816.5
2025-07-02 20:00:00+00:00,0.5952,0.5986,0.5836,0.5836,65475.5
2025-07-03 00:00:00+00:00,0.5835,0.5881,0.583,0.5878,38499.7
2025-07-03 04:00:00+00:00,0.5898,0.6083,0.5888,0.6083,38590.7
2025-07-03 08:00:00+00:00,0.6084,0.6098,0.6015,0.603,19875.1
2025-07-03 12:00:00+00:00,0.6044,0.611,0.5869,0.5877,34525.0
2025-07-03 16:00:00+00:00,0.5905,0.5967,0.589,0.5955,32021.3
2025-07-03 20:00:00+00:00,0.5954,0.6024,0.5952,0.5986,27642.8
2025-07-04 00:00:00+00:00,0.6003,0.603,0.5911,0.5938,18335.6
2025-07-04 04:00:00+00:00,0.592,0.592,0.5801,0.5801,2090.5
2025-07-04 08:00:00+00:00,0.58,0.5836,0.5754,0.5827,3277.8
2025-07-04 12:00:00+00:00,0.5834,0.5834,0.571,0.5727,5706.0
2025-07-04 16:00:00+00:00,0.5708,0.5726,0.5637,0.5668,19549.4
2025-07-04 20:00:00+00:00,0.5666,0.577,0.5664,0.5738,46349.0
2025-07-05 00:00:00+00:00,0.5749,0.5832,0.5709,0.5795,15887.2
2025-07-05 04:00:00+00:00,0.5782,0.5839,0.5768,0.5807,2133.8
2025-07-05 08:00:00+00:00,0.5793,0.5793,0.5716,0.5762,6061.4
2025-07-05 12:00:00+00:00,0.5744,0.5757,0.5733,0.5755,6109.2
2025-07-05 16:00:00+00:00,0.5759,0.5768,0.5704,0.5726,5133.9
2025-07-05 20:00:00+00:00,0.5739,0.5768,0.5718,0.5768,1547.1
2025-07-06 00:00:00+00:00,0.5744,0.5747,0.5708,0.5723,6107.5
2025-07-06 04:00:00+00:00,0.576,0.5762,0.5727,0.5744,665.9
2025-07-06 08:00:00+00:00,0.5733,0.5791,0.5733,0.5773,1143.9
2025-07-06 12:00:00+00:00,0.5785,0.5902,0.5785,0.5837,9825.8
2025-07-06 16:00:00+00:00,0.5867,0.587,0.5792,0.5815,14938.3
2025-07-06 20:00:00+00:00,0.5849,0.5924,0.5836,0.5845,14116.0
2025-07-07 00:00:00+00:00,0.5864,0.5949,0.5833,0.5877,10292.3
2025-07-07 04:00:00+00:00,0.5877,0.5894,0.5822,0.5894,26763.1
2025-07-07 08:00:00+00:00,0.5902,0.5905,0.5849,0.5871,2205.6
2025-07-07 12:00:00+00:00,0.587,0.5905,0.5802,0.583,26544.9
2025-07-07 16:00:00+00:00,0.5833,0.587,0.5751,0.5801,78433.6
2025-07-07 20:00:00+00:00,0.5779,0.5802,0.5744,0.5797,12657.0
2025-07-08 00:00:00+00:00,0.5814,0.5833,0.573,0.5762,16473.8
2025-07-08 04:00:00+00:00,0.5753,0.5802,0.5727,0.5779,26102.5
2025-07-08 08:00:00+00:00,0.5787,0.587,0.5782,0.5849,6382.3
2025-07-08 12:00:00+00:00,0.5843,0.5876,0.5797,0.5816,27967.7
2025-07-08 16:00:00+00:00,0.5817,0.5919,0.5792,0.5878,9879.8
2025-07-08 20:00:00+00:00,0.5874,0.5886,0.5843,0.5876,2591.7
2025-07-09 00:00:00+00:00,0.5872,0.5883,0.5843,0.5853,18537.5
2025-07-09 04:00:00+00:00,0.585,0.5991,0.5839,0.5946,17035.4
2025-07-09 08:00:00+00:00,0.5969,0.61,0.5928,0.6088,18566.7
2025-07-09 12:00:00+00:00,0.6084,0.6204,0.6017,0.61,56686.4
2025-07-09 16:00:00+00:00,0.6109,0.6236,0.6065,0.6213,96250.6
2025-07-09 20:00:00+00:00,0.621,0.6268,0.6157,0.6226,147989.5
2025-07-10 00:00:00+00:00,0.6247,0.626,0.6178,0.6227,10245.5
2025-07-10 04:00:00+00:00,0.6205,0.6397,0.6188,0.6275,18418.5
2025-07-10 08:00:00+00:00,0.627,0.6333,0.6257,0.6307,9629.8
2025-07-10 12:00:00+00:00,0.6298,0.63,0.6217,0.63,17539.4
2025-07-10 16:00:00+00:00,0.6293,0.6768,0.629,0.6525,625970.2
2025-07-10 20:00:00+00:00,0.653,0.6796,0.653,0.6776,114987.9
2025-07-11 00:00:00+00:00,0.6778,0.6895,0.6685,0.6852,70071.4
2025-07-11 04:00:00+00:00,0.687,0.702,0.6829,0.6989,75819.5
2025-07-11 08:00:00+00:00,0.701,0.7354,0.6989,0.7269,104426.4
2025-07-11 12:00:00+00:00,0.7291,0.776,0.7289,0.7357,345931.9
2025-07-11 16:00:00+00:00,0.7379,0.7449,0.7209,0.7434,136307.6
2025-07-11 20:00:00+00:00,0.7401,0.7401,0.6938,0.7103,127862.5
2025-07-12 00:00:00+00:00,0.7117,0.7362,0.6994,0.7309,43139.7
2025-07-12 04:00:00+00:00,0.7313,0.7318,0.712,0.7135,6585.3
2025-07-12 08:00:00+00:00,0.716,0.7338,0.7116,0.7232,10401.3
2025-07-12 12:00:00+00:00,0.7236,0.7236,0.6886,0.6926,34175.6
2025-07-12 16:00:00+00:00,0.6905,0.7081,0.6905,0.7055,8234.1
2025-07-12 20:00:00+00:00,0.7047,0.7098,0.6965,0.709,17499.0
2025-07-13 00:00:00+00:00,0.7074,0.7222,0.7063,0.7222,65967.8
2025-07-13 04:00:00+00:00,0.7198,0.7478,0.7178,0.7401,56974.4
2025-07-13 08:00:00+00:00,0.7401,0.7423,0.7241,0.7266,11421.9
2025-07-13 12:00:00+00:00,0.7291,0.76,0.7286,0.741,303767.7
2025-07-13 16:00:00+00:00,0.7407,0.7521,0.733,0.7467,71057.8
2025-07-13 20:00:00+00:00,0.745,0.7493,0.7274,0.7385,85345.8
2025-07-14 00:00:00+00:00,0.7357,0.7663,0.7347,0.76,66122.5
2025-07-14 04:00:00+00:00,0.7621,0.7672,0.7463,0.7627,96391.0
2025-07-14 08:00:00+00:00,0.7609,0.7643,0.7445,0.7493,219837.9
2025-07-14 12:00:00+00:00,0.7467,0.7605,0.7282,0.7331,60258.3
2025-07-14 16:00:00+00:00,0.7337,0.7449,0.7291,0.7321,96807.2
2025-07-14 20:00:00+00:00,0.7321,0.7372,0.7221,0.7347,124603.7
2025-07-15 00:00:00+00:00,0.7342,0.7393,0.711,0.7182,81659.7
2025-07-15 04:00:00+00:00,0.716,0.7299,0.7139,0.7204,22873.4
2025-07-15 08:00:00+00:00,0.7195,0.7359,0.7138,0.7253,27838.4
2025-07-15 12:00:00+00:00,0.7271,0.7389,0.712,0.7256,101451.5
2025-07-15 16:00:00+00:00,0.7268,0.7461,0.7232,0.7233,221023.8
2025-07-15 20:00:00+00:00,0.7232,0.7489,0.7223,0.7458,145137.0
2025-07-16 00:00:00+00:00,0.745,0.7505,0.7335,0.7379,32107.4
2025-07-16 04:00:00+00:00,0.7367,0.7489,0.7333,0.7471,4410.4
2025-07-16 08:00:00+00:00,0.7467,0.7546,0.7429,0.744,14883.2
2025-07-16 12:00:00+00:00,0.7447,0.76,0.7435,0.7509,386831.4
2025-07-16 16:00:00+00:00,0.7511,0.7703,0.7489,0.7621,189472.5
2025-07-16 20:00:00+00:00,0.7643,0.7851,0.7593,0.7646,310503.0
2025-07-17 00:00:00+00:00,0.7635,0.7716,0.7409,0.7444,38111.0
2025-07-17 04:00:00+00:00,0.7455,0.7791,0.7434,0.7735,45224.7
2025-07-17 08:00:00+00:00,0.7712,0.8241,0.7689,0.815,265975.5
2025-07-17 12:00:00+00:00,0.8167,0.8188,0.788,0.8035,110348.1
2025-07-17 16:00:00+00:00,0.8042,0.8163,0.7857,0.7984,87689.6
2025-07-17 20:00:00+00:00,0.8,0.8373,0.7883,0.8194,255450.4
2025-07-18 00:00:00+00:00,0.8227,0.864,0.8203,0.8589,663247.7
2025-07-18 04:00:00+00:00,0.8594,0.8943,0.8525,0.8525,285613.4
2025-07-18 08:00:00+00:00,0.8571,0.8653,0.8413,0.8515,187617.8
2025-07-18 12:00:00+00:00,0.8509,0.8621,0.81,0.8215,365651.1
2025-07-18 16:00:00+00:00,0.8235,0.8347,0.8116,0.818,372776.1
2025-07-18 20:00:00+00:00,0.8155,0.8227,0.7966,0.8155,187340.6
2025-07-19 00:00:00+00:00,0.8155,0.8306,0.8026,0.8262,139499.6
2025-07-19 04:00:00+00:00,0.8275,0.8366,0.8216,0.8275,9274.5
2025-07-19 08:00:00+00:00,0.8257,0.8357,0.8183,0.8183,17325.6
2025-07-19 12:00:00+00:00,0.8202,0.8289,0.8116,0.8208,25262.0
2025-07-19 16:00:00+00:00,0.8222,0.8345,0.8157,0.829,171851.1
2025-07-19 20:00:00+00:00,0.8287,0.8346,0.8176,0.8306,8731.0
2025-07-20 00:00:00+00:00,0.8275,0.8449,0.823,0.8421,23527.5
2025-07-20 04:00:00+00:00,0.8412,0.849,0.8312,0.8435,148801.2
2025-07-20 08:00:00+00:00,0.8461,0.8603,0.8461,0.8521,30703.7
2025-07-20 12:00:00+00:00,0.8506,0.8729,0.8471,0.8714,238434.1
2025-07-20 16:00:00+00:00,0.8709,0.8773,0.8571,0.8721,393260.8
2025-07-20 20:00:00+00:00,0.8696,0.8772,0.8385,0.8571,298705.6
2025-07-21 00:00:00+00:00,0.8578,0.8705,0.8421,0.866,438855.6
2025-07-21 04:00:00+00:00,0.866,0.8969,0.8639,0.8928,263745.1
2025-07-21 08:00:00+00:00,0.8939,0.9107,0.8807,0.9107,117136.9
2025-07-21 12:00:00+00:00,0.9109,0.932,0.9006,0.9107,322541.9
2025-07-21 16:00:00+00:00,0.9102,0.9116,0.8762,0.8765,395589.5
2025-07-21 20:00:00+00:00,0.8771,0.8925,0.874,0.8897,126693.3
2025-07-22 00:00:00+00:00,0.8895,0.9089,0.8687,0.8862,546680.1
2025-07-22 04:00:00+00:00,0.8824,0.885,0.856,0.8695,56090.5
2025-07-22 08:00:00+00:00,0.8688,0.882,0.855,0.8772,37507.5
2025-07-22 12:00:00+00:00,0.8784,0.8913,0.8583,0.8798,132056.0
2025-07-22 16:00:00+00:00,0.8792,0.8939,0.8742,0.8766,301568.9
2025-07-22 20:00:00+00:00,0.8798,0.9034,0.8798,0.9021,258392.4
2025-07-23 00:00:00+00:00,0.9006,0.9006,0.8797,0.8813,155836.8
2025-07-23 04:00:00+00:00,0.8795,0.889,0.8667,0.8667,20638.1
2025-07-23 08:00:00+00:00,0.8665,0.8736,0.8561,0.8617,122506.4
2025-07-23 12:00:00+00:00,0.8603,0.8623,0.8091,0.8337,273367.8
2025-07-23 16:00:00+00:00,0.8333,0.8335,0.8,0.8138,134358.9
2025-07-23 20:00:00+00:00,0.8134,0.82,0.7862,0.8148,205665.7
2025-07-24 00:00:00+00:00,0.8151,0.8244,0.8111,0.8178,82211.2
2025-07-24 04:00:00+00:00,0.8138,0.8167,0.7639,0.7892,65943.7
2025-07-24 08:00:00+00:00,0.7858,0.8159,0.7858,0.8159,136778.8
2025-07-24 12:00:00+00:00,0.8159,0.8371,0.7976,0.8224,27868.1
2025-07-24 16:00:00+00:00,0.8211,0.8274,0.8053,0.8181,12090.5
2025-07-24 20:00:00+00:00,0.8167,0.8253,0.8014,0.8066,37424.7
2025-07-25 00:00:00+00:00,0.8054,0.811,0.7835,0.7945,77791.1
2025-07-25 04:00:00+00:00,0.7967,0.8099,0.7866,0.7968,29764.2
2025-07-25 08:00:00+00:00,0.7968,0.8172,0.788,0.8106,10072.2
2025-07-25 12:00:00+00:00,0.8138,0.818,0.7756,0.7853,31085.3
2025-07-25 16:00:00+00:00,0.7858,0.7993,0.7797,0.7956,34982.4
2025-07-25 20:00:00+00:00,0.7937,0.8167,0.7934,0.8167,28154.8
2025-07-26 00:00:00+00:00,0.8153,0.8273,0.8117,0.8242,50787.3
2025-07-26 04:00:00+00:00,0.8238,0.827,0.8178,0.8194,88959.1
2025-07-26 08:00:00+00:00,0.8224,0.8282,0.8224,0.8226,6457.3
2025-07-26 12:00:00+00:00,0.8236,0.8338,0.8224,0.8313,47152.3
2025-07-26 16:00:00+00:00,0.8338,0.8377,0.8223,0.8291,12530.3
2025-07-26 20:00:00+00:00,0.8279,0.8311,0.8194,0.8202,6071.0
2025-07-27 00:00:00+00:00,0.8202,0.83,0.8181,0.8299,19324.8
2025-07-27 04:00:00+00:00,0.8275,0.8385,0.8235,0.8235,11101.0
2025-07-27 08:00:00+00:00,0.8226,0.8311,0.8149,0.8244,6432.7
2025-07-27 12:00:00+00:00,0.8224,0.8293,0.8154,0.8215,14427.9
2025-07-27 16:00:00+00:00,0.8215,0.833,0.8203,0.8252,27990.2
2025-07-27 20:00:00+00:00,0.8282,0.8377,0.8262,0.8304,39873.5
2025-07-28 00:00:00+00:00,0.8304,0.8436,0.8253,0.8404,35179.4
2025-07-28 04:00:00+00:00,0.8428,0.8549,0.8347,0.8411,100298.9
2025-07-28 08:00:00+00:00,0.837,0.8399,0.8253,0.8305,9465.3
2025-07-28 12:00:00+00:00,0.8296,0.8336,0.8025,0.8025,70981.4
2025-07-28 16:00:00+00:00,0.8029,0.8081,0.7928,0.7969,81883.7
2025-07-28 20:00:00+00:00,0.7984,0.7992,0.7876,0.7898,26397.3
2025-07-29 00:00:00+00:00,0.7932,0.7998,0.7807,0.7915,96423.4
2025-07-29 04:00:00+00:00,0.7941,0.8087,0.7886,0.8087,36216.0
2025-07-29 08:00:00+00:00,0.809,0.809,0.7901,0.7957,14897.7
2025-07-29 12:00:00+00:00,0.7969,0.8048,0.7764,0.7831,44999.0
2025-07-29 16:00:00+00:00,0.7803,0.7869,0.77,0.7764,13591.6
2025-07-29 20:00:00+00:00,0.7749,0.7834,0.7707,0.7834,24416.8
2025-07-30 00:00:00+00:00,0.7817,0.7886,0.7749,0.7882,16982.2
2025-07-30 04:00:00+00:00,0.7868,0.7882,0.7753,0.7776,5973.3
2025-07-30 08:00:00+00:00,0.7803,0.7848,0.7534,0.7561,19707.7
2025-07-30 12:00:00+00:00,0.7566,0.7771,0.7527,0.7722,180668.4
2025-07-30 16:00:00+00:00,0.7722,0.7783,0.733,0.7617,284350.5
2025-07-30 20:00:00+00:00,0.7617,0.767,0.7526,0.7631,22728.0
2025-07-31 00:00:00+00:00,0.7632,0.7808,0.7632,0.78,30835.2
2025-07-31 04:00:00+00:00,0.7786,0.7831,0.7776,0.7827,28194.4
2025-07-31 08:00:00+00:00,0.7831,0.788,0.7762,0.7769,3380.5
2025-07-31 12:00:00+00:00,0.7776,0.7776,0.7541,0.7603,38565.3
2025-07-31 16:00:00+00:00,0.7634,0.7751,0.7503,0.7515,54943.5
2025-07-31 20:00:00+00:00,0.7518,0.7534,0.7368,0.7404,139852.7
2025-08-01 00:00:00+00:00,0.74,0.7413,0.718,0.7349,128782.2
2025-08-01 04:00:00+00:00,0.7347,0.7347,0.7185,0.7224,23947.5
2025-08-01 08:00:00+00:00,0.7199,0.7272,0.7113,0.7272,30846.6
2025-08-01 12:00:00+00:00,0.7275,0.7359,0.7098,0.7316,50789.9
2025-08-01 16:00:00+00:00,0.7352,0.7355,0.7168,0.7331,22153.5
2025-08-01 20:00:00+00:00,0.7305,0.7305,0.6994,0.7143,70122.4
2025-08-02 00:00:00+00:00,0.7136,0.7237,0.7115,0.7236,17414.7
2025-08-02 04:00:00+00:00,0.7214,0.7277,0.7064,0.7224,9550.6
2025-08-02 08:00:00+00:00,0.7229,0.7237,0.7074,0.7144,3967.9
2025-08-02 12:00:00+00:00,0.7152,0.7164,0.6963,0.6991,9672.1
2025-08-02 16:00:00+00:00,0.6991,0.705,0.6849,0.6957,39598.6
2025-08-02 20:00:00+00:00,0.6946,0.7046,0.6945,0.6977,132555.1
2025-08-03 00:00:00+00:00,0.6972,0.7174,0.6889,0.7174,25271.3
2025-08-03 04:00:00+00:00,0.7149,0.725,0.7063,0.7208,98213.4
2025-08-03 08:00:00+00:00,0.725,0.7281,0.7203,0.7236,14687.9
2025-08-03 12:00:00+00:00,0.7244,0.7258,0.7187,0.7257,1816.7
2025-08-03 16:00:00+00:00,0.7261,0.7284,0.7212,0.7253,39034.2
2025-08-03 20:00:00+00:00,0.7228,0.7305,0.722,0.7267,26910.6
2025-08-04 00:00:00+00:00,0.7275,0.7422,0.7257,0.7365,123340.5
2025-08-04 04:00:00+00:00,0.7386,0.7404,0.7301,0.7404,11530.2
2025-08-04 08:00:00+00:00,0.7387,0.7408,0.7352,0.7373,2819.7
2025-08-04 12:00:00+00:00,0.7392,0.754,0.7373,0.7443,55179.2
2025-08-04 16:00:00+00:00,0.7456,0.7587,0.7419,0.7432,14352.6
2025-08-04 20:00:00+00:00,0.7435,0.7568,0.7435,0.7547,71866.9
2025-08-05 00:00:00+00:00,0.7535,0.7589,0.7458,0.7484,6593.1
2025-08-05 04:00:00+00:00,0.7478,0.751,0.7352,0.7352,158033.1
2025-08-05 08:00:00+00:00,0.7352,0.7581,0.7344,0.7518,7322.7
2025-08-05 12:00:00+00:00,0.751,0.7511,0.7199,0.7224,70725.2
2025-08-05 16:00:00+00:00,0.7238,0.7283,0.7193,0.7193,40619.6
2025-08-05 20:00:00+00:00,0.7212,0.7279,0.713,0.7253,100723.2
2025-08-06 00:00:00+00:00,0.725,0.725,0.7126,0.7132,15569.8
2025-08-06 04:00:00+00:00,0.7125,0.7281,0.7112,0.7254,2794.7
2025-08-06 08:00:00+00:00,0.7272,0.7279,0.7224,0.7267,5782.5
2025-08-06 12:00:00+00:00,0.7267,0.7419,0.7203,0.7419,23302.7
2025-08-06 16:00:00+00:00,0.7422,0.7476,0.7359,0.7409,64492.9
2025-08-06 20:00:00+00:00,0.743,0.7434,0.7384,0.7409,6909.7
2025-08-07 00:00:00+00:00,0.7418,0.744,0.734,0.7345,7309.5
2025-08-07 04:00:00+00:00,0.7343,0.743,0.7343,0.7396,4744.0
2025-08-07 08:00:00+00:00,0.743,0.769,0.7404,0.767,79041.6
2025-08-07 12:00:00+00:00,0.7691,0.7727,0.755,0.7607,151453.0
2025-08-07 16:00:00+00:00,0.7626,0.7662,0.7443,0.7631,37671.2
2025-08-07 20:00:00+00:00,0.7661,0.7877,0.7646,0.7877,114515.2
2025-08-08 00:00:00+00:00,0.7862,0.8001,0.7786,0.7943,194922.9
2025-08-08 04:00:00+00:00,0.7969,0.7997,0.7874,0.7994,92071.1
2025-08-08 08:00:00+00:00,0.7983,0.8067,0.7941,0.8,91871.6
2025-08-08 12:00:00+00:00,0.7997,0.8053,0.7776,0.7815,45609.9
2025-08-08 16:00:00+00:00,0.7831,0.8004,0.7803,0.7988,35306.0
2025-08-08 20:00:00+00:00,0.7997,0.7999,0.7898,0.7898,27221.5
2025-08-09 00:00:00+00:00,0.7914,0.8003,0.7888,0.7969,14881.4
2025-08-09 04:00:00+00:00,0.7952,0.8163,0.795,0.8069,31341.9
2025-08-09 08:00:00+00:00,0.8076,0.8172,0.807,0.8078,13047.8
2025-08-09 12:00:00+00:00,0.8058,0.8194,0.7978,0.8065,89093.8
2025-08-09 16:00:00+00:00,0.808,0.8205,0.8061,0.8166,148853.2
2025-08-09 20:00:00+00:00,0.8158,0.8201,0.802,0.8023,38796.2
2025-08-10 00:00:00+00:00,0.8035,0.8239,0.8014,0.8239,23932.9
2025-08-10 04:00:00+00:00,0.8233,0.8339,0.791,0.7941,186309.4
2025-08-10 08:00:00+00:00,0.7936,0.8011,0.7852,0.7913,16690.1
2025-08-10 12:00:00+00:00,0.7905,0.8053,0.7886,0.8035,20761.8
2025-08-10 16:00:00+00:00,0.8053,0.8081,0.7998,0.8066,78872.9
2025-08-10 20:00:00+00:00,0.8045,0.8045,0.7908,0.8005,15521.5
2025-08-11 00:00:00+00:00,0.8016,0.8288,0.7984,0.8248,105916.0
2025-08-11 04:00:00+00:00,0.8261,0.8327,0.8093,0.8093,64896.3
2025-08-11 08:00:00+00:00,0.8108,0.8195,0.7876,0.7913,27466.0
2025-08-11 12:00:00+00:00,0.7917,0.7969,0.7837,0.7956,60224.8
2025-08-11 16:00:00+00:00,0.7941,0.804,0.7799,0.7831,207340.6
2025-08-11 20:00:00+00:00,0.7832,0.7854,0.7599,0.7746,116563.0
2025-08-12 00:00:00+00:00,0.7725,0.7875,0.7715,0.7807,44613.6
2025-08-12 04:00:00+00:00,0.7831,0.7876,0.7722,0.7811,97619.7
2025-08-12 08:00:00+00:00,0.7803,0.7831,0.7668,0.7749,21374.8
2025-08-12 12:00:00+00:00,0.775,0.8139,0.7743,0.8139,272855.7
2025-08-12 16:00:00+00:00,0.8119,0.8482,0.8119,0.8482,124281.0
2025-08-12 20:00:00+00:00,0.8482,0.8569,0.8377,0.8424,154339.5
2025-08-13 00:00:00+00:00,0.8424,0.8586,0.8332,0.8567,194400.4
2025-08-13 04:00:00+00:00,0.8559,0.8618,0.8389,0.8591,61907.8
2025-08-13 08:00:00+00:00,0.8591,0.8871,0.8591,0.88,55975.5
2025-08-13 12:00:00+00:00,0.88,0.888,0.8631,0.8736,90463.2
2025-08-13 16:00:00+00:00,0.8698,0.8847,0.867,0.884,53553.4
2025-08-13 20:00:00+00:00,0.8848,0.924,0.877,0.9045,214210.3
2025-08-14 00:00:00+00:00,0.9043,0.9863,0.9042,0.9832,583078.8
2025-08-14 04:00:00+00:00,0.9856,1.0189,0.9753,0.9948,307507.5
2025-08-14 08:00:00+00:00,0.9924,0.9997,0.96,0.9635,113273.5
2025-08-14 12:00:00+00:00,0.9649,0.9752,0.8881,0.9264,434685.5
2025-08-14 16:00:00+00:00,0.9284,0.9284,0.89,0.9005,198348.6
2025-08-14 20:00:00+00:00,0.9001,0.936,0.8794,0.9274,116502.5
2025-08-15 00:00:00+00:00,0.9233,0.9449,0.9117,0.93,221595.7
2025-08-15 04:00:00+00:00,0.9288,0.9602,0.9187,0.9498,117880.5
2025-08-15 08:00:00+00:00,0.9505,0.9629,0.9381,0.9456,78402.9
2025-08-15 12:00:00+00:00,0.9424,0.9585,0.9174,0.9239,55605.2
2025-08-15 16:00:00+00:00,0.9232,0.9498,0.9117,0.9283,189736.6
2025-08-15 20:00:00+00:00,0.9287,0.9618,0.9273,0.9424,155542.0
2025-08-16 00:00:00+00:00,0.9444,0.977,0.9444,0.9561,40168.7
2025-08-16 04:00:00+00:00,0.9564,0.9699,0.943,0.962,29397.0
2025-08-16 08:00:00+00:00,0.9589,0.9633,0.902,0.9022,68405.7
2025-08-16 12:00:00+00:00,0.9039,0.9185,0.9038,0.9108,44353.5
2025-08-16 16:00:00+00:00,0.9112,0.9233,0.9077,0.919,33104.2
2025-08-16 20:00:00+00:00,0.9168,0.9224,0.9168,0.9187,2977.4
2025-08-17 00:00:00+00:00,0.9187,0.9433,0.9057,0.9392,18852.8
2025-08-17 04:00:00+00:00,0.936,0.9597,0.936,0.9595,74987.9
2025-08-17 08:00:00+00:00,0.96,0.9856,0.9512,0.9706,36117.3
2025-08-17 12:00:00+00:00,0.9703,0.9782,0.9603,0.9743,32924.7
2025-08-17 16:00:00+00:00,0.9766,0.9766,0.944,0.9515,78655.7
2025-08-17 20:00:00+00:00,0.9505,0.9663,0.95,0.9614,19958.9
2025-08-18 00:00:00+00:00,0.9609,0.9678,0.9141,0.9222,75567.2
2025-08-18 04:00:00+00:00,0.9195,0.9282,0.907,0.9193,117819.2
2025-08-18 08:00:00+00:00,0.9183,0.9233,0.895,0.9,64380.4
2025-08-18 12:00:00+00:00,0.8962,0.9157,0.8937,0.9157,128872.5
2025-08-18 16:00:00+00:00,0.9165,0.934,0.9058,0.9183,71001.4
2025-08-18 20:00:00+00:00,0.9201,0.9325,0.9098,0.9231,76341.6
2025-08-19 00:00:00+00:00,0.9259,0.9408,0.9009,0.9033,137280.9
2025-08-19 04:00:00+00:00,0.9033,0.931,0.8958,0.9288,24102.4
2025-08-19 08:00:00+00:00,0.9294,0.9515,0.9176,0.9306,155241.4
2025-08-19 12:00:00+00:00,0.9323,0.9352,0.8681,0.8736,291137.5
2025-08-19 16:00:00+00:00,0.8698,0.875,0.8512,0.8531,171149.5
2025-08-19 20:00:00+00:00,0.8568,0.8628,0.8444,0.8444,98597.2
2025-08-20 00:00:00+00:00,0.8461,0.8553,0.8444,0.8492,51817.3
2025-08-20 04:00:00+00:00,0.8505,0.8551,0.847,0.8483,8379.2
2025-08-20 08:00:00+00:00,0.8517,0.8626,0.8381,0.8483,16674.5
2025-08-20 12:00:00+00:00,0.8488,0.885,0.8397,0.8704,149409.6
2025-08-20 16:00:00+00:00,0.8729,0.8915,0.8695,0.8886,209866.6
2025-08-20 20:00:00+00:00,0.8883,0.89,0.879,0.8793,111516.4
2025-08-21 00:00:00+00:00,0.8793,0.8914,0.8706,0.8852,17181.2
2025-08-21 04:00:00+00:00,0.8849,0.8849,0.8687,0.8729,30645.0
2025-08-21 08:00:00+00:00,0.876,0.878,0.8646,0.8674,12726.4
2025-08-21 12:00:00+00:00,0.8642,0.879,0.8582,0.8582,36485.9
2025-08-21 16:00:00+00:00,0.8602,0.867,0.8506,0.8527,23322.4
2025-08-21 20:00:00+00:00,0.8526,0.8641,0.8473,0.8498,32052.7
2025-08-22 00:00:00+00:00,0.8517,0.8663,0.845,0.8483,15116.8
2025-08-22 04:00:00+00:00,0.8517,0.8622,0.8486,0.8592,7286.4
2025-08-22 08:00:00+00:00,0.8606,0.8626,0.8345,0.8345,18089.6
2025-08-22 12:00:00+00:00,0.8341,0.9169,0.823,0.9058,890775.8
2025-08-22 16:00:00+00:00,0.9101,0.9389,0.9101,0.935,118587.9
2025-08-22 20:00:00+00:00,0.9312,0.9408,0.928,0.9305,90447.9
2025-08-23 00:00:00+00:00,0.9305,0.9305,0.8925,0.9034,265199.0
2025-08-23 04:00:00+00:00,0.9028,0.9365,0.9028,0.9253,132584.6
2025-08-23 08:00:00+00:00,0.9262,0.9262,0.9111,0.9165,25058.3
2025-08-23 12:00:00+00:00,0.9136,0.9224,0.9102,0.9168,120915.5
2025-08-23 16:00:00+00:00,0.9176,0.9176,0.9084,0.9156,14287.5
2025-08-23 20:00:00+00:00,0.9133,0.9173,0.9076,0.9125,189476.9
2025-08-24 00:00:00+00:00,0.9167,0.921,0.912,0.9169,204767.6
2025-08-24 04:00:00+00:00,0.9165,0.9214,0.9037,0.9066,33517.2
2025-08-24 08:00:00+00:00,0.9058,0.9072,0.8895,0.8935,120419.6
2025-08-24 12:00:00+00:00,0.8936,0.9066,0.892,0.8976,46316.7
2025-08-24 16:00:00+00:00,0.8999,0.9631,0.8976,0.9245,529297.6
2025-08-24 20:00:00+00:00,0.9204,0.9288,0.8992,0.9094,216922.2
2025-08-25 00:00:00+00:00,0.9099,0.9269,0.8885,0.9188,146850.7
2025-08-25 04:00:00+00:00,0.921,0.921,0.8706,0.8728,172790.2
2025-08-25 08:00:00+00:00,0.8707,0.8755,0.8565,0.8659,42087.7
2025-08-25 12:00:00+00:00,0.8668,0.8763,0.8565,0.8676,31109.8
2025-08-25 16:00:00+00:00,0.8638,0.8799,0.8503,0.8503,45866.9
2025-08-25 20:00:00+00:00,0.8501,0.8546,0.832,0.8364,92143.3
2025-08-26 00:00:00+00:00,0.8351,0.8464,0.8299,0.8352,125200.3
2025-08-26 04:00:00+00:00,0.8371,0.8488,0.8359,0.8423,43007.8
2025-08-26 08:00:00+00:00,0.8399,0.8458,0.8357,0.8398,26957.2
2025-08-26 12:00:00+00:00,0.8349,0.8586,0.8325,0.849,90608.1
2025-08-26 16:00:00+00:00,0.8515,0.8742,0.8488,0.8742,319679.4
2025-08-26 20:00:00+00:00,0.8735,0.8742,0.8637,0.8659,38724.0
2025-08-27 00:00:00+00:00,0.8657,0.8729,0.8557,0.8698,32661.5
2025-08-27 04:00:00+00:00,0.8692,0.8758,0.8538,0.8573,9895.0
2025-08-27 08:00:00+00:00,0.8577,0.8667,0.8545,0.8659,8567.7
2025-08-27 12:00:00+00:00,0.8645,0.8763,0.8559,0.8722,40553.1
2025-08-27 16:00:00+00:00,0.8705,0.8743,0.8582,0.865,42884.5
2025-08-27 20:00:00+00:00,0.8612,0.8716,0.8483,0.8496,44007.7
2025-08-28 00:00:00+00:00,0.8505,0.8607,0.8454,0.8574,18220.9
2025-08-28 04:00:00+00:00,0.86,0.8731,0.8593,0.8706,38988.3
2025-08-28 08:00:00+00:00,0.8729,0.8784,0.863,0.8656,106190.6
2025-08-28 12:00:00+00:00,0.8663,0.8734,0.8549,0.8549,274681.4
2025-08-28 16:00:00+00:00,0.8583,0.8638,0.8437,0.8437,29169.6
2025-08-28 20:00:00+00:00,0.8436,0.8616,0.8423,0.8584,17349.9
2025-08-29 00:00:00+00:00,0.8585,0.865,0.8402,0.8547,32673.4
2025-08-29 04:00:00+00:00,0.8523,0.8537,0.8256,0.8298,55982.3
2025-08-29 08:00:00+00:00,0.8282,0.8282,0.8158,0.8228,36895.5
2025-08-29 12:00:00+00:00,0.8245,0.8477,0.8156,0.8255,90715.1
2025-08-29 16:00:00+00:00,0.823,0.8262,0.813,0.8225,93539.8
2025-08-29 20:00:00+00:00,0.8209,0.8289,0.8112,0.8271,51232.3
2025-08-30 00:00:00+00:00,0.8274,0.8352,0.8136,0.8352,24232.9
2025-08-30 04:00:00+00:00,0.8355,0.8436,0.8313,0.8359,11243.1
2025-08-30 08:00:00+00:00,0.8359,0.836,0.8258,0.8258,28178.4
2025-08-30 12:00:00+00:00,0.8258,0.8258,0.8065,0.8226,46864.4
2025-08-30 16:00:00+00:00,0.8217,0.8237,0.8167,0.8195,23659.4
2025-08-30 20:00:00+00:00,0.8201,0.8232,0.8159,0.8217,3237.2
2025-08-31 00:00:00+00:00,0.8246,0.8372,0.8212,0.8359,16244.0
2025-08-31 04:00:00+00:00,0.8342,0.8342,0.8265,0.8276,4089.2
2025-08-31 08:00:00+00:00,0.8272,0.8311,0.8183,0.8225,4478.1
2025-08-31 12:00:00+00:00,0.8225,0.8257,0.8174,0.8233,4544.6
2025-08-31 16:00:00+00:00,0.8216,0.827,0.8216,0.8249,5070.7
2025-08-31 20:00:00+00:00,0.8236,0.8288,0.81,0.811,29177.5
2025-09-01 00:00:00+00:00,0.8122,0.8138,0.8012,0.8089,59537.8
2025-09-01 04:00:00+00:00,0.8092,0.8393,0.7952,0.8353,52897.5
2025-09-01 08:00:00+00:00,0.8395,0.844,0.8186,0.8186,40032.6
2025-09-01 12:00:00+00:00,0.8197,0.8251,0.8095,0.8111,17603.6
2025-09-01 16:00:00+00:00,0.8085,0.812,0.8023,0.812,17771.3
2025-09-01 20:00:00+00:00,0.8086,0.81,0.7824,0.7977,217444.2
2025-09-02 00:00:00+00:00,0.8025,0.8198,0.7988,0.8177,21037.9
2025-09-02 04:00:00+00:00,0.8165,0.8219,0.8152,0.8167,10066.7
2025-09-02 08:00:00+00:00,0.8195,0.825,0.8167,0.8167,8650.0
2025-09-02 12:00:00+00:00,0.8143,0.8271,0.8014,0.8095,96425.7
2025-09-02 16:00:00+00:00,0.8133,0.8229,0.8081,0.8201,8765.8
2025-09-02 20:00:00+00:00,0.82,0.8345,0.82,0.8312,61484.0
2025-09-03 00:00:00+00:00,0.835,0.8411,0.8274,0.8321,39584.6
2025-09-03 04:00:00+00:00,0.8334,0.834,0.8274,0.8294,6138.7
2025-09-03 08:00:00+00:00,0.8311,0.8353,0.8276,0.8331,62523.5
2025-09-03 12:00:00+00:00,0.833,0.8412,0.8288,0.8412,12788.1
2025-09-03 16:00:00+00:00,0.8392,0.842,0.8341,0.8417,61401.8
2025-09-03 20:00:00+00:00,0.8422,0.8427,0.8348,0.8378,66993.9
2025-09-04 00:00:00+00:00,0.8376,0.8425,0.8239,0.825,13479.3
2025-09-04 04:00:00+00:00,0.8247,0.8263,0.8143,0.8152,7446.8
2025-09-04 08:00:00+00:00,0.8177,0.8241,0.8167,0.8183,5654.9
2025-09-04 12:00:00+00:00,0.8184,0.8205,0.8058,0.8076,45794.2
2025-09-04 16:00:00+00:00,0.8077,0.8121,0.8028,0.8053,46923.6
2025-09-04 20:00:00+00:00,0.8047,0.8167,0.8038,0.8093,69838.2
2025-09-05 00:00:00+00:00,0.81,0.8167,0.8043,0.8167,19629.6
2025-09-05 04:00:00+00:00,0.8165,0.8302,0.8155,0.8284,13393.0
2025-09-05 08:00:00+00:00,0.8279,0.8311,0.8224,0.831,6686.9
2025-09-05 12:00:00+00:00,0.8307,0.8478,0.8186,0.8257,97221.9
2025-09-05 16:00:00+00:00,0.8224,0.8346,0.8212,0.8346,13837.2
2025-09-05 20:00:00+00:00,0.8352,0.8377,0.8284,0.8311,31251.9
2025-09-06 00:00:00+00:00,0.8306,0.8355,0.8283,0.834,48991.3
2025-09-06 04:00:00+00:00,0.8335,0.8335,0.8237,0.8253,5208.4
2025-09-06 08:00:00+00:00,0.8256,0.8256,0.819,0.8224,6807.1
2025-09-06 12:00:00+00:00,0.8219,0.8274,0.8212,0.8237,12165.2
2025-09-06 16:00:00+00:00,0.8221,0.8245,0.815,0.8154,14263.8
2025-09-06 20:00:00+00:00,0.8162,0.8201,0.8161,0.8177,5516.4
2025-09-07 00:00:00+00:00,0.8186,0.8277,0.8181,0.8273,8635.7
2025-09-07 04:00:00+00:00,0.8282,0.8284,0.8245,0.8272,13493.1
2025-09-07 08:00:00+00:00,0.8282,0.833,0.8266,0.833,18509.6
2025-09-07 12:00:00+00:00,0.8329,0.8372,0.826,0.8344,17658.5
2025-09-07 16:00:00+00:00,0.8344,0.8344,0.823,0.8282,10206.1
2025-09-07 20:00:00+00:00,0.8278,0.84,0.8264,0.8375,23349.0
2025-09-08 00:00:00+00:00,0.8355,0.846,0.8311,0.8437,24647.7
2025-09-08 04:00:00+00:00,0.8399,0.8439,0.834,0.8439,11213.9
2025-09-08 08:00:00+00:00,0.8456,0.855,0.8435,0.8525,13851.3
2025-09-08 12:00:00+00:00,0.852,0.8669,0.85,0.8616,128187.3
2025-09-08 16:00:00+00:00,0.8667,0.8682,0.8578,0.8615,64165.3
2025-09-08 20:00:00+00:00,0.8635,0.8669,0.8583,0.8624,34016.2
2025-09-09 00:00:00+00:00,0.8665,0.8737,0.8569,0.8668,40006.8
2025-09-09 04:00:00+00:00,0.8644,0.8922,0.8632,0.8878,134628.4
2025-09-09 08:00:00+00:00,0.8883,0.8943,0.8835,0.8856,19714.5
2025-09-09 12:00:00+00:00,0.8846,0.8912,0.853,0.8566,57683.4
2025-09-09 16:00:00+00:00,0.8595,0.865,0.8566,0.8633,20513.3
2025-09-09 20:00:00+00:00,0.8607,0.867,0.8598,0.8653,20734.3
2025-09-10 00:00:00+00:00,0.8653,0.8789,0.8596,0.8761,45918.9
2025-09-10 04:00:00+00:00,0.8777,0.8811,0.8698,0.8797,64758.3
2025-09-10 08:00:00+00:00,0.8792,0.8821,0.8722,0.874,8531.5
2025-09-10 12:00:00+00:00,0.8745,0.8954,0.8745,0.8886,142554.3
2025-09-10 16:00:00+00:00,0.8869,0.8926,0.8742,0.8782,80754.6
2025-09-10 20:00:00+00:00,0.878,0.8859,0.8768,0.8843,25880.3
2025-09-11 00:00:00+00:00,0.8846,0.8935,0.8813,0.8935,72291.0
2025-09-11 04:00:00+00:00,0.8939,0.8939,0.8841,0.887,4305.5
2025-09-11 08:00:00+00:00,0.8865,0.8913,0.8833,0.8846,5301.6
2025-09-11 12:00:00+00:00,0.8869,0.8966,0.8679,0.8773,121000.2
2025-09-11 16:00:00+00:00,0.8788,0.8821,0.8774,0.8821,6964.4
2025-09-11 20:00:00+00:00,0.8798,0.895,0.8798,0.8928,19947.6
2025-09-12 00:00:00+00:00,0.8929,0.9087,0.8929,0.9,200164.3
2025-09-12 04:00:00+00:00,0.8983,0.905,0.8978,0.8997,7755.0
2025-09-12 08:00:00+00:00,0.8984,0.8985,0.8886,0.8894,52172.4
2025-09-12 12:00:00+00:00,0.8883,0.8947,0.8838,0.8923,101072.2
2025-09-12 16:00:00+00:00,0.8936,0.9071,0.8933,0.9071,114718.3
2025-09-12 20:00:00+00:00,0.9071,0.9177,0.9014,0.9168,59955.0
2025-09-13 00:00:00+00:00,0.9171,0.9368,0.9159,0.9295,81160.9
2025-09-13 04:00:00+00:00,0.9268,0.929,0.9234,0.9255,46778.1
2025-09-13 08:00:00+00:00,0.9287,0.9535,0.9283,0.949,105228.7
2025-09-13 12:00:00+00:00,0.9494,0.9507,0.9292,0.9396,157756.9
2025-09-13 16:00:00+00:00,0.9406,0.9406,0.915,0.9272,107365.5
2025-09-13 20:00:00+00:00,0.9277,0.9348,0.9269,0.9309,36780.2
2025-09-14 00:00:00+00:00,0.9287,0.9323,0.9138,0.9188,63760.9
2025-09-14 04:00:00+00:00,0.9168,0.9232,0.9122,0.9136,6958.6
2025-09-14 08:00:00+00:00,0.9129,0.9191,0.9013,0.9034,33190.6
2025-09-14 12:00:00+00:00,0.9045,0.9056,0.88,0.8861,71264.0
2025-09-14 16:00:00+00:00,0.8879,0.897,0.8879,0.8883,28805.7
2025-09-14 20:00:00+00:00,0.8914,0.8956,0.8862,0.8885,12196.7
2025-09-15 00:00:00+00:00,0.8889,0.8946,0.88,0.8937,22307.9
2025-09-15 04:00:00+00:00,0.8949,0.9018,0.874,0.8781,15431.8
2025-09-15 08:00:00+00:00,0.8751,0.8751,0.8538,0.8635,72892.6
2025-09-15 12:00:00+00:00,0.8627,0.869,0.855,0.8588,12046.4
2025-09-15 16:00:00+00:00,0.8576,0.8637,0.8545,0.8607,29480.2
2025-09-15 20:00:00+00:00,0.8611,0.8662,0.8594,0.864,8888.3
2025-09-16 00:00:00+00:00,0.8628,0.8653,0.8594,0.8601,8857.0
2025-09-16 04:00:00+00:00,0.8595,0.865,0.8536,0.865,20628.6
2025-09-16 08:00:00+00:00,0.8664,0.8734,0.8664,0.8708,18942.2
2025-09-16 12:00:00+00:00,0.872,0.8753,0.8577,0.8693,15731.6
2025-09-16 16:00:00+00:00,0.8698,0.8794,0.8671,0.8744,23291.5
2025-09-16 20:00:00+00:00,0.878,0.883,0.8756,0.8801,26675.8
2025-09-17 00:00:00+00:00,0.8786,0.8828,0.8735,0.8735,16523.5
2025-09-17 04:00:00+00:00,0.8754,0.8854,0.8677,0.8817,58702.9
2025-09-17 08:00:00+00:00,0.8792,0.8792,0.8695,0.8727,8059.7
2025-09-17 12:00:00+00:00,0.8737,0.8743,0.8656,0.8697,95835.1
2025-09-17 16:00:00+00:00,0.8686,0.884,0.8625,0.8833,73216.2
2025-09-17 20:00:00+00:00,0.8837,0.9183,0.8761,0.9116,166262.7
2025-09-18 00:00:00+00:00,0.9136,0.9244,0.9082,0.9141,78987.7
2025-09-18 04:00:00+00:00,0.9181,0.9181,0.8995,0.9123,21455.6
2025-09-18 08:00:00+00:00,0.9122,0.9202,0.9106,0.9136,55424.7
2025-09-18 12:00:00+00:00,0.9129,0.9275,0.9091,0.9256,106294.0
2025-09-18 16:00:00+00:00,0.9241,0.9386,0.9226,0.9313,128126.2
2025-09-18 20:00:00+00:00,0.9316,0.9328,0.9164,0.9239,62781.9
2025-09-19 00:00:00+00:00,0.926,0.937,0.9188,0.9188,42333.6
2025-09-19 04:00:00+00:00,0.9182,0.9225,0.903,0.904,34145.9
2025-09-19 08:00:00+00:00,0.9047,0.9116,0.8939,0.8973,44112.5
2025-09-19 12:00:00+00:00,0.8954,0.9087,0.8917,0.897,36507.2
2025-09-19 16:00:00+00:00,0.897,0.9052,0.8924,0.8947,14521.7
2025-09-19 20:00:00+00:00,0.8962,0.8987,0.8862,0.8886,85484.0
2025-09-20 00:00:00+00:00,0.8893,0.8975,0.8885,0.8933,11503.0
2025-09-20 04:00:00+00:00,0.8938,0.9048,0.8908,0.9048,19146.6
2025-09-20 08:00:00+00:00,0.9048,0.9048,0.8874,0.8946,6592.3
2025-09-20 12:00:00+00:00,0.8929,0.9033,0.8902,0.9008,15099.1
2025-09-20 16:00:00+00:00,0.9016,0.9016,0.8893,0.8937,9024.0
2025-09-20 20:00:00+00:00,0.8899,0.8966,0.8899,0.8937,1826.5
2025-09-21 00:00:00+00:00,0.8933,0.8977,0.8905,0.8968,6212.3
2025-09-21 04:00:00+00:00,0.8968,0.9009,0.895,0.899,46858.9
2025-09-21 08:00:00+00:00,0.8946,0.8946,0.8768,0.8848,8117.4
2025-09-21 12:00:00+00:00,0.8852,0.8886,0.8852,0.8878,4674.2
2025-09-21 16:00:00+00:00,0.8875,0.8879,0.8761,0.8864,11533.4
2025-09-21 20:00:00+00:00,0.8869,0.8883,0.8801,0.8864,11237.5
2025-09-22 00:00:00+00:00,0.8878,0.8878,0.8468,0.856,69711.0
2025-09-22 04:00:00+00:00,0.8529,0.8565,0.7922,0.8178,100020.8
2025-09-22 08:00:00+00:00,0.8178,0.8273,0.8131,0.8218,80173.9
2025-09-22 12:00:00+00:00,0.8214,0.8319,0.8204,0.8204,25543.8
2025-09-22 16:00:00+00:00,0.8251,0.8268,0.8136,0.8137,37575.3
2025-09-22 20:00:00+00:00,0.8176,0.8269,0.8156,0.825,18951.6
2025-09-23 00:00:00+00:00,0.824,0.8294,0.805,0.8235,101847.1
2025-09-23 04:00:00+00:00,0.8237,0.827,0.8168,0.8254,8302.9
2025-09-23 08:00:00+00:00,0.8231,0.8269,0.8181,0.8204,9811.7
2025-09-23 12:00:00+00:00,0.8237,0.8253,0.815,0.8224,22998.4
2025-09-23 16:00:00+00:00,0.82,0.828,0.8078,0.8088,12511.4
2025-09-23 20:00:00+00:00,0.809,0.8147,0.8058,0.8062,22915.1
2025-09-24 00:00:00+00:00,0.8075,0.8158,0.7994,0.8014,44566.7
2025-09-24 04:00:00+00:00,0.7998,0.8159,0.7914,0.8157,11101.5
2025-09-24 08:00:00+00:00,0.8147,0.8219,0.8146,0.8195,6711.6
2025-09-24 12:00:00+00:00,0.8216,0.8289,0.8172,0.8209,8771.3
2025-09-24 16:00:00+00:00,0.8208,0.8252,0.8202,0.8237,14795.9
2025-09-24 20:00:00+00:00,0.8225,0.8226,0.8108,0.8108,55996.7
2025-09-25 00:00:00+00:00,0.8122,0.8146,0.7948,0.7998,18253.4
2025-09-25 04:00:00+00:00,0.8014,0.8015,0.7868,0.7915,29135.7
2025-09-25 08:00:00+00:00,0.79,0.7927,0.7805,0.7805,8207.3
2025-09-25 12:00:00+00:00,0.7809,0.7974,0.7765,0.79,80406.0
2025-09-25 16:00:00+00:00,0.7907,0.7907,0.7355,0.7707,602857.9
2025-09-25 20:00:00+00:00,0.7707,0.7732,0.7586,0.763,26701.8
2025-09-26 00:00:00+00:00,0.7639,0.7805,0.7639,0.774,30419.9
2025-09-26 04:00:00+00:00,0.7746,0.7787,0.7684,0.7718,54616.9
2025-09-26 08:00:00+00:00,0.7753,0.7776,0.7582,0.765,5904.4
2025-09-26 12:00:00+00:00,0.7616,0.7779,0.7584,0.7758,70427.8
2025-09-26 16:00:00+00:00,0.7756,0.795,0.7756,0.7903,85745.4
2025-09-26 20:00:00+00:00,0.7884,0.7927,0.7867,0.7905,3224.9
2025-09-27 00:00:00+00:00,0.7919,0.7938,0.7891,0.7938,7706.9
2025-09-27 04:00:00+00:00,0.793,0.7931,0.7826,0.7826,1785.7
2025-09-27 08:00:00+00:00,0.7829,0.7849,0.777,0.7843,2392.3
2025-09-27 12:00:00+00:00,0.7825,0.7857,0.7806,0.7838,4525.1
2025-09-27 16:00:00+00:00,0.7843,0.7855,0.7779,0.7813,8081.5
2025-09-27 20:00:00+00:00,0.7803,0.7857,0.7779,0.78,10105.7
2025-09-28 00:00:00+00:00,0.7799,0.7822,0.7728,0.7749,16987.0
2025-09-28 04:00:00+00:00,0.7749,0.7756,0.7699,0.7699,2505.8
2025-09-28 08:00:00+00:00,0.773,0.773,0.7662,0.7662,48705.0
2025-09-28 12:00:00+00:00,0.7677,0.7796,0.765,0.7788,3167.4
2025-09-28 16:00:00+00:00,0.7807,0.7911,0.7807,0.7892,54986.3
2025-09-28 20:00:00+00:00,0.7896,0.8105,0.7888,0.8084,48693.5
2025-09-29 00:00:00+00:00,0.8069,0.808,0.7979,0.8034,9403.3
2025-09-29 04:00:00+00:00,0.8046,0.8046,0.7936,0.7936,1027.5
2025-09-29 08:00:00+00:00,0.7998,0.8025,0.7906,0.7951,1926.5
2025-09-29 12:00:00+00:00,0.7934,0.8145,0.7892,0.8014,8246.5
2025-09-29 16:00:00+00:00,0.8037,0.8046,0.795,0.8044,34481.4
2025-09-29 20:00:00+00:00,0.8062,0.8134,0.8062,0.8063,10735.7
2025-09-30 00:00:00+00:00,0.8055,0.8069,0.7977,0.7988,23232.2
2025-09-30 04:00:00+00:00,0.7987,0.8034,0.7948,0.7948,6463.1
2025-09-30 08:00:00+00:00,0.7933,0.7933,0.7852,0.7915,8221.9
2025-09-30 12:00:00+00:00,0.7889,0.7942,0.779,0.7835,21794.6
2025-09-30 16:00:00+00:00,0.7834,0.8019,0.7809,0.8002,22928.8
2025-09-30 20:00:00+00:00,0.7995,0.8116,0.7995,0.8063,31283.4
2025-10-01 00:00:00+00:00,0.8069,0.81,0.7971,0.7971,39509.4
2025-10-01 04:00:00+00:00,0.7968,0.8062,0.7968,0.8062,7776.2
2025-10-01 08:00:00+00:00,0.8063,0.8369,0.8063,0.8368,24184.8
2025-10-01 12:00:00+00:00,0.8355,0.8422,0.8325,0.839,33726.2
2025-10-01 16:00:00+00:00,0.8405,0.8467,0.8338,0.8452,18665.4
2025-10-01 20:00:00+00:00,0.8452,0.8498,0.8391,0.8498,13624.8
2025-10-02 00:00:00+00:00,0.8496,0.8604,0.8478,0.855,29021.8
2025-10-02 04:00:00+00:00,0.8545,0.8635,0.8506,0.8538,62088.1
2025-10-02 08:00:00+00:00,0.8555,0.8557,0.8496,0.851,13441.5
2025-10-02 12:00:00+00:00,0.8496,0.8559,0.8368,0.8524,32077.6
2025-10-02 16:00:00+00:00,0.8528,0.8771,0.8528,0.8754,59241.5
2025-10-02 20:00:00+00:00,0.8754,0.8754,0.865,0.8702,141863.0
2025-10-03 00:00:00+00:00,0.8665,0.8675,0.8503,0.8615,57782.4
2025-10-03 04:00:00+00:00,0.8611,0.8664,0.8548,0.8548,10925.1
2025-10-03 08:00:00+00:00,0.8568,0.8588,0.8508,0.8542,20631.4
2025-10-03 12:00:00+00:00,0.8536,0.8727,0.8496,0.872,48993.4
2025-10-03 16:00:00+00:00,0.873,0.8907,0.8582,0.8703,79260.7
2025-10-03 20:00:00+00:00,0.869,0.8734,0.8634,0.8652,22015.9
2025-10-04 00:00:00+00:00,0.8644,0.8685,0.8502,0.8545,44942.5
2025-10-04 04:00:00+00:00,0.8545,0.8581,0.8522,0.8546,2680.0
2025-10-04 08:00:00+00:00,0.8527,0.8527,0.8416,0.8437,13563.8
2025-10-04 12:00:00+00:00,0.8438,0.8493,0.8339,0.8369,15198.6
2025-10-04 16:00:00+00:00,0.8358,0.8408,0.8342,0.8369,11531.3
2025-10-04 20:00:00+00:00,0.8376,0.8432,0.8376,0.8393,22078.3
2025-10-05 00:00:00+00:00,0.839,0.8626,0.8358,0.855,35257.0
2025-10-05 04:00:00+00:00,0.8548,0.8767,0.8548,0.8766,21094.2
2025-10-05 08:00:00+00:00,0.8766,0.8816,0.8588,0.8644,38035.7
2025-10-05 12:00:00+00:00,0.8612,0.8614,0.852,0.8528,10417.8
2025-10-05 16:00:00+00:00,0.8537,0.855,0.8275,0.8303,92274.4
2025-10-05 20:00:00+00:00,0.8312,0.8398,0.8285,0.8374,16103.4
2025-10-06 00:00:00+00:00,0.8366,0.8451,0.8324,0.8398,11888.4
2025-10-06 04:00:00+00:00,0.8392,0.8495,0.8369,0.8408,9333.2
2025-10-06 08:00:00+00:00,0.8458,0.854,0.8451,0.8513,8010.9
2025-10-06 12:00:00+00:00,0.8521,0.8795,0.8516,0.8745,117404.9
2025-10-06 16:00:00+00:00,0.876,0.8795,0.8698,0.877,72377.3
2025-10-06 20:00:00+00:00,0.8779,0.8795,0.8672,0.8717,114775.9
2025-10-07 00:00:00+00:00,0.8715,0.8767,0.8665,0.8676,36602.0
2025-10-07 04:00:00+00:00,0.8666,0.8746,0.8546,0.8565,23093.9
2025-10-07 08:00:00+00:00,0.8545,0.8605,0.8489,0.8605,9991.6
2025-10-07 12:00:00+00:00,0.8584,0.8706,0.8299,0.8332,159639.3
2025-10-07 16:00:00+00:00,0.8336,0.8408,0.8239,0.8259,59115.6
2025-10-07 20:00:00+00:00,0.8288,0.8346,0.8183,0.8225,16267.1
2025-10-08 00:00:00+00:00,0.8203,0.8289,0.8122,0.8141,37003.2
2025-10-08 04:00:00+00:00,0.8151,0.8187,0.8091,0.8176,15745.0
2025-10-08 08:00:00+00:00,0.8174,0.8268,0.8174,0.8212,5848.6
2025-10-08 12:00:00+00:00,0.8224,0.829,0.8156,0.8166,56978.8
2025-10-08 16:00:00+00:00,0.817,0.8501,0.817,0.8397,51169.0
2025-10-08 20:00:00+00:00,0.8393,0.8423,0.8355,0.8379,38744.0
2025-10-09 00:00:00+00:00,0.8382,0.8392,0.8126,0.8219,44480.1
2025-10-09 04:00:00+00:00,0.8212,0.8251,0.8135,0.8177,10284.7
2025-10-09 08:00:00+00:00,0.8126,0.8145,0.8026,0.8141,29037.9
2025-10-09 12:00:00+00:00,0.8159,0.8208,0.7993,0.8042,41139.0
2025-10-09 16:00:00+00:00,0.8061,0.8098,0.7954,0.8071,41715.5
2025-10-09 20:00:00+00:00,0.8099,0.8182,0.8074,0.8133,9674.4
2025-10-10 00:00:00+00:00,0.8172,0.821,0.8092,0.816,7879.2
2025-10-10 04:00:00+00:00,0.8194,0.8218,0.8107,0.8107,3128.1
2025-10-10 08:00:00+00:00,0.8105,0.8182,0.8098,0.8167,3585.2
2025-10-10 12:00:00+00:00,0.8191,0.8234,0.78,0.7826,56273.4
2025-10-10 16:00:00+00:00,0.7822,0.7896,0.7605,0.7677,88625.1
2025-10-10 20:00:00+00:00,0.7695,0.7748,0.5537,0.6346,824783.6
2025-10-11 00:00:00+00:00,0.6346,0.6728,0.621,0.6463,322918.6
2025-10-11 04:00:00+00:00,0.6465,0.6575,0.6423,0.6471,124430.8
2025-10-11 08:00:00+00:00,0.6523,0.6815,0.6523,0.6632,18717.3
2025-10-11 12:00:00+00:00,0.6653,0.6654,0.6416,0.6538,58636.0
2025-10-11 16:00:00+00:00,0.6529,0.6579,0.6249,0.6351,147385.6
2025-10-11 20:00:00+00:00,0.6292,0.6342,0.6092,0.6308,33237.4
2025-10-12 00:00:00+00:00,0.6327,0.6357,0.6187,0.6329,30075.9
2025-10-12 04:00:00+00:00,0.6336,0.6506,0.6327,0.6473,13348.4
2025-10-12 08:00:00+00:00,0.6462,0.6501,0.6386,0.6449,23288.2
2025-10-12 12:00:00+00:00,0.6486,0.6835,0.6385,0.6816,54067.8
2025-10-12 16:00:00+00:00,0.6828,0.699,0.6802,0.699,97710.5
2025-10-12 20:00:00+00:00,0.6991,0.7079,0.6868,0.7019,75339.4
2025-10-13 00:00:00+00:00,0.6982,0.7156,0.6956,0.703,29083.4
2025-10-13 04:00:00+00:00,0.7041,0.725,0.6976,0.714,35700.6
2025-10-13 08:00:00+00:00,0.7188,0.7281,0.6928,0.7076,68925.6
2025-10-13 12:00:00+00:00,0.7035,0.7259,0.7026,0.7184,44808.2
2025-10-13 16:00:00+00:00,0.7161,0.727,0.7093,0.7207,17938.8
2025-10-13 20:00:00+00:00,0.7247,0.7347,0.7228,0.7283,48466.0
2025-10-14 00:00:00+00:00,0.7293,0.7326,0.7111,0.7143,12563.6
2025-10-14 04:00:00+00:00,0.716,0.7185,0.6699,0.6755,284096.6
2025-10-14 08:00:00+00:00,0.6785,0.686,0.6633,0.678,35362.0
2025-10-14 12:00:00+00:00,0.6755,0.6963,0.6629,0.6924,22600.1
2025-10-14 16:00:00+00:00,0.6921,0.7079,0.6869,0.6937,29269.1
2025-10-14 20:00:00+00:00,0.6968,0.7009,0.6908,0.6998,31649.9
2025-10-15 00:00:00+00:00,0.6998,0.7035,0.6885,0.6906,9287.5
2025-10-15 04:00:00+00:00,0.6912,0.703,0.6895,0.6999,32967.3
2025-10-15 08:00:00+00:00,0.7029,0.715,0.6876,0.6943,19396.9
2025-10-15 12:00:00+00:00,0.6906,0.6931,0.6696,0.6731,23799.4
2025-10-15 16:00:00+00:00,0.6734,0.6752,0.6644,0.6696,37972.1
2025-10-15 20:00:00+00:00,0.6705,0.6724,0.6592,0.6682,55934.4
2025-10-16 00:00:00+00:00,0.67,0.675,0.6664,0.6729,17858.7
2025-10-16 04:00:00+00:00,0.6716,0.675,0.6646,0.6688,48096.4
2025-10-16 08:00:00+00:00,0.6714,0.681,0.6526,0.6792,15978.8
2025-10-16 12:00:00+00:00,0.6815,0.6833,0.6496,0.6508,97739.4
2025-10-16 16:00:00+00:00,0.6502,0.664,0.6397,0.6463,49768.7
2025-10-16 20:00:00+00:00,0.6426,0.6456,0.6336,0.6445,16029.3
2025-10-17 00:00:00+00:00,0.645,0.6549,0.645,0.6503,25215.7
2025-10-17 04:00:00+00:00,0.652,0.652,0.608,0.608,73374.3
2025-10-17 08:00:00+00:00,0.6071,0.6211,0.5938,0.6166,126026.7
2025-10-17 12:00:00+00:00,0.6195,0.6249,0.6085,0.6234,94135.7
2025-10-17 16:00:00+00:00,0.6256,0.6336,0.6211,0.6238,24804.1
2025-10-17 20:00:00+00:00,0.6291,0.6338,0.6245,0.6245,13477.1
2025-10-18 00:00:00+00:00,0.6242,0.6358,0.6234,0.6329,14219.7
2025-10-18 04:00:00+00:00,0.6316,0.638,0.6248,0.6312,47103.7
2025-10-18 08:00:00+00:00,0.632,0.6373,0.6319,0.6365,44031.3
2025-10-18 12:00:00+00:00,0.6383,0.6404,0.628,0.6323,14925.5
2025-10-18 16:00:00+00:00,0.63,0.6364,0.6266,0.6356,24914.6
2025-10-18 20:00:00+00:00,0.6366,0.6392,0.6321,0.6337,6431.6
2025-10-19 00:00:00+00:00,0.6345,0.6353,0.6288,0.6342,6226.9
2025-10-19 04:00:00+00:00,0.6347,0.6347,0.6262,0.6287,1201.9
2025-10-19 08:00:00+00:00,0.6305,0.6494,0.622,0.6414,64617.6
2025-10-19 12:00:00+00:00,0.6401,0.661,0.6385,0.6594,19875.4
2025-10-19 16:00:00+00:00,0.6609,0.6647,0.6564,0.6591,40892.4
2025-10-19 20:00:00+00:00,0.6584,0.6618,0.652,0.652,55625.8
2025-10-20 00:00:00+00:00,0.6509,0.6637,0.6397,0.6623,17509.9
2025-10-20 04:00:00+00:00,0.6637,0.6744,0.6622,0.6685,52071.2
2025-10-20 08:00:00+00:00,0.6688,0.6737,0.6628,0.6664,6095.7
2025-10-20 12:00:00+00:00,0.6659,0.6707,0.663,0.6658,13168.2
2025-10-20 16:00:00+00:00,0.6632,0.6698,0.6544,0.6672,67053.9
2025-10-20 20:00:00+00:00,0.6658,0.6702,0.6628,0.6631,24852.2
2025-10-21 00:00:00+00:00,0.662,0.6635,0.6497,0.6514,24985.4
2025-10-21 04:00:00+00:00,0.6501,0.6501,0.6395,0.643,20775.4
2025-10-21 08:00:00+00:00,0.6395,0.6485,0.6382,0.6436,4522.8
2025-10-21 12:00:00+00:00,0.6501,0.6914,0.6454,0.6797,447208.6
2025-10-21 16:00:00+00:00,0.6814,0.6842,0.6654,0.6705,77999.8
2025-10-21 20:00:00+00:00,0.6688,0.6688,0.641,0.6424,53160.6
2025-10-22 00:00:00+00:00,0.6421,0.6468,0.6381,0.6381,82182.0
2025-10-22 04:00:00+00:00,0.6417,0.6444,0.6323,0.637,54997.0
2025-10-22 08:00:00+00:00,0.6362,0.6385,0.6268,0.6361,21359.2
2025-10-22 12:00:00+00:00,0.6356,0.6436,0.6284,0.6372,18416.2
2025-10-22 16:00:00+00:00,0.6353,0.6374,0.6229,0.6283,59986.0
2025-10-22 20:00:00+00:00,0.6286,0.6288,0.6085,0.6242,85684.4
2025-10-23 00:00:00+00:00,0.6245,0.6291,0.6233,0.6275,65961.8
2025-10-23 04:00:00+00:00,0.6273,0.6423,0.6272,0.6378,4923.9
2025-10-23 08:00:00+00:00,0.6399,0.6413,0.6352,0.6367,3032.8
2025-10-23 12:00:00+00:00,0.6347,0.645,0.6324,0.6416,7884.1
2025-10-23 16:00:00+00:00,0.6425,0.652,0.6423,0.6482,56617.4
2025-10-23 20:00:00+00:00,0.6441,0.6441,0.6376,0.6423,19771.7
2025-10-24 00:00:00+00:00,0.6417,0.6462,0.6394,0.6394,11625.3
2025-10-24 04:00:00+00:00,0.6394,0.654,0.6392,0.6487,3145.7
2025-10-24 08:00:00+00:00,0.647,0.6529,0.6448,0.6501,7139.8
2025-10-24 12:00:00+00:00,0.6501,0.6618,0.6438,0.6456,43935.0
2025-10-24 16:00:00+00:00,0.6438,0.655,0.6432,0.655,6192.9
2025-10-24 20:00:00+00:00,0.6554,0.6581,0.6545,0.6563,13337.9
2025-10-25 00:00:00+00:00,0.6559,0.6584,0.6535,0.6536,7740.2
2025-10-25 04:00:00+00:00,0.6543,0.6571,0.6515,0.653,13625.5
2025-10-25 08:00:00+00:00,0.6534,0.654,0.6487,0.654,15637.3
2025-10-25 12:00:00+00:00,0.6543,0.6566,0.6516,0.6526,7726.6
2025-10-25 16:00:00+00:00,0.6517,0.6583,0.6517,0.6567,5707.0
2025-10-25 20:00:00+00:00,0.6585,0.6591,0.654,0.6556,6345.8
2025-10-26 00:00:00+00:00,0.6544,0.656,0.649,0.6493,9266.7
2025-10-26 04:00:00+00:00,0.6482,0.6549,0.6482,0.6545,19268.9
2025-10-26 08:00:00+00:00,0.6574,0.6728,0.6554,0.6728,7850.3
2025-10-26 12:00:00+00:00,0.6728,0.6796,0.6728,0.6786,61610.9
2025-10-26 16:00:00+00:00,0.6759,0.6766,0.6722,0.6727,29263.9
2025-10-26 20:00:00+00:00,0.6724,0.6874,0.6686,0.6815,37353.1
2025-10-27 00:00:00+00:00,0.6812,0.6933,0.6812,0.6848,14064.4
2025-10-27 04:00:00+00:00,0.6842,0.6912,0.6779,0.6786,24094.4
2025-10-27 08:00:00+00:00,0.681,0.6819,0.6724,0.6778,13379.5
2025-10-27 12:00:00+00:00,0.6762,0.6766,0.6663,0.6753,20053.7
2025-10-27 16:00:00+00:00,0.6765,0.6845,0.6749,0.6756,48629.5
2025-10-27 20:00:00+00:00,0.6738,0.6738,0.6642,0.6669,9981.9
2025-10-28 00:00:00+00:00,0.6669,0.6715,0.6626,0.6639,18343.5
2025-10-28 04:00:00+00:00,0.6651,0.6698,0.657,0.6627,4411.7
2025-10-28 08:00:00+00:00,0.6621,0.6667,0.6621,0.6629,72598.4
2025-10-28 12:00:00+00:00,0.6625,0.675,0.6526,0.6649,64207.3
2025-10-28 16:00:00+00:00,0.6658,0.6708,0.6526,0.6537,76102.0
2025-10-28 20:00:00+00:00,0.6551,0.6551,0.6365,0.6456,97211.6
2025-10-29 00:00:00+00:00,0.6456,0.6474,0.6411,0.6424,10281.7
2025-10-29 04:00:00+00:00,0.6432,0.6464,0.6428,0.6441,8614.8
2025-10-29 08:00:00+00:00,0.6441,0.6505,0.6407,0.6504,49066.4
2025-10-29 12:00:00+00:00,0.6507,0.6539,0.6374,0.6379,5215.6
2025-10-29 16:00:00+00:00,0.6376,0.6583,0.625,0.6509,115241.4
2025-10-29 20:00:00+00:00,0.6506,0.6565,0.6379,0.6397,17825.6
2025-10-30 00:00:00+00:00,0.6404,0.6475,0.6363,0.646,16430.3
2025-10-30 04:00:00+00:00,0.6436,0.6477,0.621,0.6458,39696.4
2025-10-30 08:00:00+00:00,0.645,0.645,0.6298,0.6302,13374.6
2025-10-30 12:00:00+00:00,0.6297,0.6297,0.6024,0.6034,139882.8
2025-10-30 16:00:00+00:00,0.6024,0.6085,0.5874,0.5874,97944.6
2025-10-30 20:00:00+00:00,0.5886,0.602,0.5886,0.602,28013.1
2025-10-31 00:00:00+00:00,0.6017,0.6111,0.6001,0.6092,9146.5
2025-10-31 04:00:00+00:00,0.6102,0.6152,0.6102,0.6136,9219.9
2025-10-31 08:00:00+00:00,0.6115,0.6164,0.6102,0.6164,8428.4
2025-10-31 12:00:00+00:00,0.6169,0.6195,0.6114,0.6129,12328.8
2025-10-31 16:00:00+00:00,0.6128,0.6128,0.5995,0.6126,12393.7
2025-10-31 20:00:00+00:00,0.6096,0.6114,0.6066,0.6099,6234.4
2025-11-01 00:00:00+00:00,0.6096,0.6102,0.6044,0.6102,22973.7
2025-11-01 04:00:00+00:00,0.6126,0.6133,0.6079,0.6114,3749.1
2025-11-01 08:00:00+00:00,0.6138,0.6167,0.6117,0.6117,5583.5
2025-11-01 12:00:00+00:00,0.6141,0.6141,0.6065,0.61,8771.1
2025-11-01 16:00:00+00:00,0.6148,0.6148,0.6099,0.613,17911.9
2025-11-01 20:00:00+00:00,0.6139,0.6153,0.6085,0.6121,56152.6
2025-11-02 00:00:00+00:00,0.613,0.613,0.6082,0.6092,17750.7
2025-11-02 04:00:00+00:00,0.6087,0.6166,0.6079,0.6159,1839.4
2025-11-02 08:00:00+00:00,0.6169,0.6169,0.6066,0.6134,6161.9
2025-11-02 12:00:00+00:00,0.6134,0.6134,0.5977,0.6025,20188.8
2025-11-02 16:00:00+00:00,0.5987,0.6013,0.5928,0.5962,23715.8
2025-11-02 20:00:00+00:00,0.5976,0.6111,0.5976,0.6111,27918.0
2025-11-03 00:00:00+00:00,0.6101,0.6114,0.575,0.575,67147.3
2025-11-03 04:00:00+00:00,0.5747,0.5792,0.5675,0.5781,65561.4
2025-11-03 08:00:00+00:00,0.5783,0.585,0.5712,0.5763,9650.6
2025-11-03 12:00:00+00:00,0.5771,0.5795,0.5361,0.55,140359.1
2025-11-03 16:00:00+00:00,0.55,0.568,0.55,0.555,112479.5
2025-11-03 20:00:00+00:00,0.5558,0.5558,0.5432,0.5535,94422.2
2025-11-04 00:00:00+00:00,0.5511,0.5622,0.5471,0.5622,35815.7
2025-11-04 04:00:00+00:00,0.5621,0.5628,0.531,0.531,155740.6
2025-11-04 08:00:00+00:00,0.5418,0.5465,0.5378,0.5456,18580.7
2025-11-04 12:00:00+00:00,0.5442,0.5532,0.5337,0.543,85480.4
2025-11-04 16:00:00+00:00,0.5431,0.5456,0.5091,0.5144,185485.4
2025-11-04 20:00:00+00:00,0.5139,0.5258,0.4911,0.5222,127938.2
2025-11-05 00:00:00+00:00,0.5203,0.5339,0.4957,0.5325,57342.7
2025-11-05 04:00:00+00:00,0.5338,0.5372,0.5295,0.5355,9915.6
2025-11-05 08:00:00+00:00,0.53,0.533,0.5236,0.532,9049.3
2025-11-05 12:00:00+00:00,0.5346,0.5485,0.5346,0.5485,107518.0
2025-11-05 16:00:00+00:00,0.5485,0.5501,0.5426,0.5432,28824.1
2025-11-05 20:00:00+00:00,0.5432,0.5484,0.5397,0.5478,35831.0
2025-11-06 00:00:00+00:00,0.5483,0.5483,0.5352,0.5428,17167.8
2025-11-06 04:00:00+00:00,0.5425,0.5441,0.5335,0.5345,16992.8
2025-11-06 08:00:00+00:00,0.5339,0.5385,0.533,0.5356,4565.3
2025-11-06 12:00:00+00:00,0.5355,0.538,0.522,0.5228,221737.5
2025-11-06 16:00:00+00:00,0.5256,0.5308,0.5171,0.5262,115982.1
2025-11-06 20:00:00+00:00,0.5288,0.5339,0.5224,0.5277,23261.1
2025-11-07 00:00:00+00:00,0.5321,0.5411,0.5298,0.5411,17396.5
2025-11-07 04:00:00+00:00,0.5411,0.5474,0.5375,0.5468,72688.6
2025-11-07 08:00:00+00:00,0.548,0.5495,0.5264,0.5307,29906.6
2025-11-07 12:00:00+00:00,0.5297,0.5466,0.5199,0.5456,91499.7
2025-11-07 16:00:00+00:00,0.5456,0.5845,0.5449,0.5785,208385.3
2025-11-07 20:00:00+00:00,0.5811,0.5859,0.5767,0.5786,45554.8
2025-11-08 00:00:00+00:00,0.5806,0.5928,0.5745,0.5826,38991.8
2025-11-08 04:00:00+00:00,0.5838,0.5881,0.5745,0.5803,20347.9
2025-11-08 08:00:00+00:00,0.5833,0.5838,0.5722,0.5756,41710.0
2025-11-08 12:00:00+00:00,0.5762,0.5762,0.5561,0.5581,30671.7
2025-11-08 16:00:00+00:00,0.5569,0.5642,0.5544,0.5607,11905.9
2025-11-08 20:00:00+00:00,0.5624,0.5687,0.5591,0.5686,14228.2
2025-11-09 00:00:00+00:00,0.5692,0.5692,0.5483,0.549,11318.0
2025-11-09 04:00:00+00:00,0.5513,0.5639,0.5513,0.5619,17225.0
2025-11-09 08:00:00+00:00,0.5619,0.5629,0.5503,0.5629,7287.8
2025-11-09 12:00:00+00:00,0.5619,0.5776,0.5619,0.5752,24896.6
2025-11-09 16:00:00+00:00,0.5749,0.5831,0.5704,0.5826,27899.3
2025-11-09 20:00:00+00:00,0.5832,0.5846,0.5745,0.5788,9782.2
2025-11-10 00:00:00+00:00,0.5782,0.591,0.5753,0.5869,19590.7
2025-11-10 04:00:00+00:00,0.5896,0.591,0.5867,0.5885,44246.9
2025-11-10 08:00:00+00:00,0.5868,0.6024,0.5868,0.5971,13081.4
2025-11-10 12:00:00+00:00,0.5934,0.6007,0.5817,0.5885,39957.4
2025-11-10 16:00:00+00:00,0.5845,0.5921,0.5788,0.5921,51178.0
2025-11-10 20:00:00+00:00,0.5879,0.5979,0.5855,0.5939,12439.7
2025-11-11 00:00:00+00:00,0.5939,0.6065,0.5869,0.6021,26176.3
2025-11-11 04:00:00+00:00,0.6002,0.6002,0.5759,0.5759,13272.3
2025-11-11 08:00:00+00:00,0.5764,0.5823,0.5756,0.5823,3031.7
2025-11-11 12:00:00+00:00,0.5838,0.5838,0.57,0.5717,198353.0
2025-11-11 16:00:00+00:00,0.5721,0.5743,0.5606,0.5641,35691.9
2025-11-11 20:00:00+00:00,0.5613,0.562,0.5537,0.5565,12673.1
2025-11-12 00:00:00+00:00,0.559,0.5612,0.5532,0.5605,6496.9
2025-11-12 04:00:00+00:00,0.5608,0.5648,0.5571,0.5571,11048.2
2025-11-12 08:00:00+00:00,0.5647,0.5729,0.5647,0.5725,2811.2
2025-11-12 12:00:00+00:00,0.5744,0.5804,0.5573,0.5574,65630.7
2025-11-12 16:00:00+00:00,0.5577,0.5604,0.541,0.5456,41222.8
2025-11-12 20:00:00+00:00,0.5469,0.5503,0.545,0.5452,4431.9
2025-11-13 00:00:00+00:00,0.5474,0.5628,0.5456,0.5588,36033.3
2025-11-13 04:00:00+00:00,0.5572,0.5703,0.5569,0.5635,7749.9
2025-11-13 08:00:00+00:00,0.5667,0.5702,0.5638,0.5638,2135.5
2025-11-13 12:00:00+00:00,0.5631,0.567,0.5528,0.554,59216.1
2025-11-13 16:00:00+00:00,0.5532,0.5536,0.5194,0.5216,181302.2
2025-11-13 20:00:00+00:00,0.5212,0.5346,0.5156,0.5301,117152.4
2025-11-14 00:00:00+00:00,0.5295,0.534,0.5235,0.5251,25163.9
2025-11-14 04:00:00+00:00,0.5255,0.5271,0.5071,0.5232,87115.6
2025-11-14 08:00:00+00:00,0.5211,0.5228,0.5112,0.512,62900.7
2025-11-14 12:00:00+00:00,0.5102,0.5191,0.5009,0.5146,52599.3
2025-11-14 16:00:00+00:00,0.5142,0.52,0.5084,0.5155,29735.0
2025-11-14 20:00:00+00:00,0.512,0.512,0.4908,0.498,38973.6
2025-11-15 00:00:00+00:00,0.4987,0.5144,0.4987,0.5111,14512.6
2025-11-15 04:00:00+00:00,0.5125,0.515,0.506,0.5104,11442.3
2025-11-15 08:00:00+00:00,0.508,0.508,0.501,0.5056,7489.7
2025-11-15 12:00:00+00:00,0.5026,0.5096,0.5026,0.5064,7266.9
2025-11-15 16:00:00+00:00,0.506,0.511,0.5043,0.507,80457.3
2025-11-15 20:00:00+00:00,0.5071,0.5082,0.4987,0.5051,26442.0
2025-11-16 00:00:00+00:00,0.504,0.506,0.4938,0.5041,12462.3
2025-11-16 04:00:00+00:00,0.5042,0.5077,0.5009,0.5046,38320.4
2025-11-16 08:00:00+00:00,0.5041,0.5093,0.4973,0.4973,5250.8
2025-11-16 12:00:00+00:00,0.4986,0.4993,0.4845,0.485,32232.8
2025-11-16 16:00:00+00:00,0.4844,0.49,0.4765,0.4859,33856.8
2025-11-16 20:00:00+00:00,0.4848,0.4874,0.4739,0.4866,65904.2
2025-11-17 00:00:00+00:00,0.485,0.4952,0.4811,0.4931,73061.5
2025-11-17 04:00:00+00:00,0.4935,0.4964,0.4911,0.4955,10420.7
2025-11-17 08:00:00+00:00,0.4961,0.4979,0.4911,0.4951,3476.9
2025-11-17 12:00:00+00:00,0.4946,0.4984,0.4735,0.4767,46630.0
2025-11-17 16:00:00+00:00,0.4749,0.4838,0.46,0.4606,223159.3
2025-11-17 20:00:00+00:00,0.46,0.4651,0.4584,0.4646,254143.9
2025-11-18 00:00:00+00:00,0.4656,0.4698,0.4563,0.4682,70416.8
2025-11-18 04:00:00+00:00,0.4685,0.4713,0.4589,0.4657,21976.4
2025-11-18 08:00:00+00:00,0.4655,0.4705,0.4649,0.4689,8266.5
2025-11-18 12:00:00+00:00,0.4679,0.4766,0.4602,0.4744,34692.5
2025-11-18 16:00:00+00:00,0.4731,0.4815,0.4731,0.4782,200017.5
2025-11-18 20:00:00+00:00,0.4782,0.4806,0.4733,0.4765,31292.5
2025-11-19 00:00:00+00:00,0.475,0.4764,0.4683,0.4683,18108.6
2025-11-19 04:00:00+00:00,0.4683,0.4683,0.4529,0.4679,24205.3
2025-11-19 08:00:00+00:00,0.468,0.4704,0.4636,0.4671,12243.8
2025-11-19 12:00:00+00:00,0.4661,0.4727,0.4568,0.4568,8725.9
2025-11-19 16:00:00+00:00,0.4572,0.4587,0.4392,0.4414,119608.2
2025-11-19 20:00:00+00:00,0.4408,0.4642,0.4408,0.4628,46691.2
2025-11-20 00:00:00+00:00,0.4623,0.4694,0.4618,0.4665,6456.1
2025-11-20 04:00:00+00:00,0.4671,0.4704,0.4643,0.4704,5325.6
2025-11-20 08:00:00+00:00,0.4702,0.4702,0.4645,0.4655,12181.0
2025-11-20 12:00:00+00:00,0.4661,0.4708,0.4561,0.4561,170730.4
2025-11-20 16:00:00+00:00,0.4566,0.4566,0.4288,0.4361,284796.9
2025-11-20 20:00:00+00:00,0.4352,0.4446,0.4315,0.4319,14099.8
2025-11-21 00:00:00+00:00,0.4327,0.4386,0.4248,0.4319,38053.6
2025-11-21 04:00:00+00:00,0.4319,0.4319,0.4054,0.4083,111947.5
2025-11-21 08:00:00+00:00,0.4091,0.4186,0.3987,0.399,61709.7
2025-11-21 12:00:00+00:00,0.399,0.4134,0.3878,0.41,617819.3
2025-11-21 16:00:00+00:00,0.4107,0.4192,0.3996,0.4094,86519.8
2025-11-21 20:00:00+00:00,0.4083,0.4199,0.3982,0.4115,23882.5
2025-11-22 00:00:00+00:00,0.4122,0.4149,0.407,0.4079,23339.7
2025-11-22 04:00:00+00:00,0.408,0.412,0.4004,0.4071,80941.6
2025-11-22 08:00:00+00:00,0.4077,0.4078,0.3964,0.403,134214.6
2025-11-22 12:00:00+00:00,0.401,0.4038,0.3904,0.3986,92557.1
2025-11-22 16:00:00+00:00,0.3987,0.4045,0.3987,0.3999,22924.6
2025-11-22 20:00:00+00:00,0.4018,0.4096,0.3997,0.4045,42381.2
2025-11-23 00:00:00+00:00,0.4048,0.4111,0.4014,0.4092,61486.5
2025-11-23 04:00:00+00:00,0.4112,0.4158,0.4112,0.415,58869.8
2025-11-23 08:00:00+00:00,0.4121,0.4138,0.4078,0.4088,28762.0
2025-11-23 12:00:00+00:00,0.4116,0.4191,0.4116,0.417,32165.6
2025-11-23 16:00:00+00:00,0.4181,0.4181,0.4094,0.416,30922.2
2025-11-23 20:00:00+00:00,0.4139,0.4158,0.4092,0.4092,10441.8
2025-11-24 00:00:00+00:00,0.4101,0.42,0.4058,0.4176,17941.2
2025-11-24 04:00:00+00:00,0.4184,0.422,0.4102,0.414,16235.8
2025-11-24 08:00:00+00:00,0.4133,0.4133,0.4058,0.4087,10682.7
2025-11-24 12:00:00+00:00,0.4063,0.4149,0.4027,0.4116,705633.4
2025-11-24 16:00:00+00:00,0.4127,0.4298,0.4126,0.4269,165267.0
2025-11-24 20:00:00+00:00,0.4277,0.4344,0.4275,0.4288,18408.5
2025-11-25 00:00:00+00:00,0.4279,0.4287,0.4223,0.4228,19655.4
2025-11-25 04:00:00+00:00,0.4242,0.4271,0.4187,0.4187,18571.3
2025-11-25 08:00:00+00:00,0.4184,0.419,0.4138,0.415,9619.4
2025-11-25 12:00:00+00:00,0.4147,0.4169,0.4048,0.4131,15463.4
2025-11-25 16:00:00+00:00,0.4131,0.4209,0.4102,0.4102,20464.1
2025-11-25 20:00:00+00:00,0.4173,0.426,0.4153,0.4228,6097.5
2025-11-26 00:00:00+00:00,0.4245,0.4276,0.4209,0.4209,11710.3
2025-11-26 04:00:00+00:00,0.4216,0.4244,0.4185,0.4243,12761.6
2025-11-26 08:00:00+00:00,0.4245,0.4245,0.4143,0.4148,5027.2
2025-11-26 12:00:00+00:00,0.4134,0.4175,0.4113,0.4113,12072.1
2025-11-26 16:00:00+00:00,0.4145,0.4352,0.4145,0.4338,12468.1
2025-11-26 20:00:00+00:00,0.4335,0.437,0.4316,0.4346,10974.6
2025-11-27 00:00:00+00:00,0.4354,0.4383,0.4333,0.4361,20580.3
2025-11-27 04:00:00+00:00,0.433,0.4347,0.4306,0.4334,4314.8
2025-11-27 08:00:00+00:00,0.4358,0.4367,0.429,0.429,2586.1
2025-11-27 12:00:00+00:00,0.4295,0.4336,0.4269,0.4336,39067.6
2025-11-27 16:00:00+00:00,0.4334,0.4372,0.4311,0.4362,14789.7
2025-11-27 20:00:00+00:00,0.4369,0.4389,0.4323,0.4335,29580.8
2025-11-28 00:00:00+00:00,0.4326,0.4334,0.4226,0.4262,8588.6
2025-11-28 04:00:00+00:00,0.4257,0.4279,0.4243,0.4268,4180.9
2025-11-28 08:00:00+00:00,0.428,0.4367,0.4254,0.4255,19128.8
2025-11-28 12:00:00+00:00,0.4252,0.4345,0.4235,0.4319,6365.7
2025-11-28 16:00:00+00:00,0.4319,0.4319,0.4153,0.4225,16012.0
2025-11-28 20:00:00+00:00,0.4187,0.4221,0.4182,0.4204,12975.8
2025-11-29 00:00:00+00:00,0.4198,0.422,0.4163,0.4163,27571.6
2025-11-29 04:00:00+00:00,0.4169,0.4185,0.4143,0.4169,19810.4
2025-11-29 08:00:00+00:00,0.4156,0.4188,0.4144,0.4188,3970.6
2025-11-29 12:00:00+00:00,0.4193,0.4196,0.4161,0.4196,6582.5
2025-11-29 16:00:00+00:00,0.4193,0.4196,0.4112,0.414,75751.7
2025-11-29 20:00:00+00:00,0.4153,0.4175,0.4137,0.4148,2056.2
2025-11-30 00:00:00+00:00,0.415,0.4196,0.4141,0.4196,2903.4
2025-11-30 04:00:00+00:00,0.4194,0.4201,0.4163,0.4193,1922.4
2025-11-30 08:00:00+00:00,0.4178,0.4214,0.4177,0.4177,7076.8
2025-11-30 12:00:00+00:00,0.4186,0.426,0.4186,0.4226,31713.3
2025-11-30 16:00:00+00:00,0.4265,0.4268,0.4239,0.4241,5323.9
2025-11-30 20:00:00+00:00,0.4257,0.4265,0.4145,0.4145,11518.2
2025-12-01 00:00:00+00:00,0.4156,0.4156,0.3846,0.3868,85690.4
2025-12-01 04:00:00+00:00,0.3864,0.3881,0.3822,0.3881,154049.0
2025-12-01 08:00:00+00:00,0.3887,0.3887,0.3825,0.3827,18737.3
2025-12-01 12:00:00+00:00,0.3828,0.3836,0.3725,0.3766,111452.4
2025-12-01 16:00:00+00:00,0.3762,0.3785,0.3731,0.3755,13544.9
2025-12-01 20:00:00+00:00,0.3772,0.3874,0.3769,0.3856,16343.3
2025-12-02 00:00:00+00:00,0.3864,0.3915,0.3853,0.3915,30051.2
2025-12-02 04:00:00+00:00,0.3921,0.3938,0.3892,0.3892,4406.9
2025-12-02 08:00:00+00:00,0.3894,0.394,0.386,0.3934,12348.3
2025-12-02 12:00:00+00:00,0.3939,0.4305,0.3939,0.4277,121883.2
2025-12-02 16:00:00+00:00,0.4307,0.4372,0.4284,0.4359,40738.0
2025-12-02 20:00:00+00:00,0.4354,0.4386,0.4318,0.4341,33082.0
2025-12-03 00:00:00+00:00,0.4342,0.4389,0.4298,0.4378,13221.9
2025-12-03 04:00:00+00:00,0.4382,0.4469,0.4367,0.4457,145506.9
2025-12-03 08:00:00+00:00,0.4424,0.4424,0.4361,0.4366,14084.2
2025-12-03 12:00:00+00:00,0.4373,0.4409,0.4269,0.4347,95361.1
2025-12-03 16:00:00+00:00,0.4339,0.445,0.4339,0.445,29967.2
2025-12-03 20:00:00+00:00,0.4455,0.4538,0.4444,0.4495,32275.5
2025-12-04 00:00:00+00:00,0.451,0.4554,0.447,0.4491,19991.2
2025-12-04 04:00:00+00:00,0.4494,0.4534,0.4457,0.4514,9649.8
2025-12-04 08:00:00+00:00,0.4516,0.4516,0.4445,0.4462,6715.1
2025-12-04 12:00:00+00:00,0.446,0.4513,0.4403,0.4484,14928.7
2025-12-04 16:00:00+00:00,0.4468,0.4503,0.4346,0.4413,14469.8
2025-12-04 20:00:00+00:00,0.4421,0.4444,0.4385,0.4396,131496.5
2025-12-05 00:00:00+00:00,0.4398,0.4432,0.4385,0.4405,9295.5
2025-12-05 04:00:00+00:00,0.4407,0.4415,0.4361,0.4391,2574.1
2025-12-05 08:00:00+00:00,0.4396,0.4398,0.4286,0.4305,11688.6
2025-12-05 12:00:00+00:00,0.4302,0.432,0.4235,0.4287,10148.9
2025-12-05 16:00:00+00:00,0.4247,0.4247,0.41,0.417,119080.8
2025-12-05 20:00:00+00:00,0.4162,0.4166,0.4133,0.4142,8263.6
2025-12-06 00:00:00+00:00,0.4145,0.4172,0.4119,0.417,106514.6
2025-12-06 04:00:00+00:00,0.4159,0.4167,0.411,0.4117,33705.9
2025-12-06 08:00:00+00:00,0.4106,0.4129,0.4102,0.4112,9548.6
2025-12-06 12:00:00+00:00,0.4155,0.4167,0.4126,0.4154,170419.2
2025-12-06 16:00:00+00:00,0.4149,0.421,0.4124,0.4124,72122.5
2025-12-06 20:00:00+00:00,0.413,0.4161,0.4114,0.4134,18917.6
2025-12-07 00:00:00+00:00,0.4134,0.419,0.4134,0.419,51000.1
2025-12-07 04:00:00+00:00,0.4192,0.42,0.4148,0.4176,47356.3
2025-12-07 08:00:00+00:00,0.4169,0.419,0.4152,0.4152,6583.0
2025-12-07 12:00:00+00:00,0.4151,0.4196,0.4072,0.4193,152101.7
2025-12-07 16:00:00+00:00,0.4194,0.4346,0.4194,0.4299,23051.3
2025-12-07 20:00:00+00:00,0.4331,0.4331,0.4116,0.4147,6775.1
2025-12-08 00:00:00+00:00,0.4147,0.4259,0.4147,0.4222,8151.0
2025-12-08 04:00:00+00:00,0.4237,0.4296,0.4237,0.4296,7471.7
2025-12-08 08:00:00+00:00,0.4292,0.438,0.4292,0.4309,84963.1
2025-12-08 12:00:00+00:00,0.4309,0.4392,0.4309,0.4351,9530.4
2025-12-08 16:00:00+00:00,0.4349,0.4408,0.4311,0.4335,70893.0
2025-12-08 20:00:00+00:00,0.4351,0.4372,0.4305,0.432,81384.2
2025-12-09 00:00:00+00:00,0.4335,0.4344,0.4269,0.4325,104599.9
2025-12-09 04:00:00+00:00,0.4317,0.4326,0.4243,0.4292,2947.5
2025-12-09 08:00:00+00:00,0.4263,0.4432,0.4255,0.438,69426.2
2025-12-09 12:00:00+00:00,0.4376,0.4694,0.4376,0.4676,155135.8
2025-12-09 16:00:00+00:00,0.4694,0.4838,0.4694,0.4772,94773.0
2025-12-09 20:00:00+00:00,0.4769,0.4777,0.4659,0.4688,53878.4
2025-12-10 00:00:00+00:00,0.4704,0.4715,0.4622,0.4632,41883.5
2025-12-10 04:00:00+00:00,0.4626,0.4652,0.4593,0.4618,33200.5
2025-12-10 08:00:00+00:00,0.4613,0.4754,0.4606,0.4606,23283.4
2025-12-10 12:00:00+00:00,0.4661,0.4661,0.4622,0.4633,19586.4
2025-12-10 16:00:00+00:00,0.4627,0.4706,0.4589,0.4643,43520.7
2025-12-10 20:00:00+00:00,0.4659,0.4741,0.4529,0.4529,104106.7
2025-12-11 00:00:00+00:00,0.455,0.455,0.4311,0.4312,135168.9
2025-12-11 04:00:00+00:00,0.4312,0.4333,0.4254,0.4256,25575.6
2025-12-11 08:00:00+00:00,0.4265,0.4265,0.42,0.42,50756.2
2025-12-11 12:00:00+00:00,0.4199,0.4215,0.4122,0.4156,89517.5
2025-12-11 16:00:00+00:00,0.4149,0.4217,0.4102,0.4186,89831.1
2025-12-11 20:00:00+00:00,0.4192,0.428,0.4192,0.4253,11173.2
2025-12-12 00:00:00+00:00,0.425,0.4272,0.4184,0.423,17229.6
2025-12-12 04:00:00+00:00,0.4226,0.4292,0.4201,0.4273,7105.7
2025-12-12 08:00:00+00:00,0.4237,0.4248,0.4222,0.4248,4379.6
2025-12-12 12:00:00+00:00,0.4241,0.4259,0.4068,0.4068,48990.4
2025-12-12 16:00:00+00:00,0.4072,0.4155,0.4032,0.4112,60166.3
2025-12-12 20:00:00+00:00,0.4101,0.4117,0.4085,0.4094,14165.7
2025-12-13 00:00:00+00:00,0.4094,0.4121,0.4094,0.4107,7874.4
2025-12-13 04:00:00+00:00,0.4099,0.4115,0.4084,0.4105,9769.5
2025-12-13 08:00:00+00:00,0.4112,0.4145,0.4112,0.4145,6557.0
2025-12-13 12:00:00+00:00,0.4122,0.4145,0.4111,0.4132,3919.2
2025-12-13 16:00:00+00:00,0.414,0.414,0.4098,0.41,14068.1
2025-12-13 20:00:00+00:00,0.4103,0.4112,0.4065,0.4112,9106.2
2025-12-14 00:00:00+00:00,0.4111,0.4115,0.4095,0.4101,2545.2
2025-12-14 04:00:00+00:00,0.4099,0.4099,0.4069,0.4081,601.1
2025-12-14 08:00:00+00:00,0.4086,0.4086,0.3984,0.404,9083.4
2025-12-14 12:00:00+00:00,0.4031,0.4042,0.3967,0.3992,19676.1
2025-12-14 16:00:00+00:00,0.3993,0.4015,0.3961,0.3988,39328.4
2025-12-14 20:00:00+00:00,0.3987,0.3999,0.3914,0.3975,13155.2
2025-12-15 00:00:00+00:00,0.3978,0.4065,0.3958,0.4024,80465.6
2025-12-15 04:00:00+00:00,0.402,0.4057,0.402,0.4027,4370.1
2025-12-15 08:00:00+00:00,0.4026,0.4055,0.4017,0.4031,5080.8
2025-12-15 12:00:00+00:00,0.402,0.4028,0.383,0.3853,247676.8
2025-12-15 16:00:00+00:00,0.3839,0.3893,0.3776,0.3849,44701.1
2025-12-15 20:00:00+00:00,0.3841,0.3881,0.3804,0.3881,80502.3
2025-12-16 00:00:00+00:00,0.3881,0.3901,0.3806,0.3807,15119.2
2025-12-16 04:00:00+00:00,0.3823,0.3836,0.3782,0.3805,5430.7
2025-12-16 08:00:00+00:00,0.3817,0.3901,0.3806,0.3876,5410.8
2025-12-16 12:00:00+00:00,0.3878,0.3913,0.3787,0.3913,47269.0
2025-12-16 16:00:00+00:00,0.3892,0.39,0.3844,0.3874,9165.0
2025-12-16 20:00:00+00:00,0.3867,0.3875,0.3848,0.3848,2221.8
2025-12-17 00:00:00+00:00,0.3856,0.3866,0.3825,0.3833,42500.4
2025-12-17 04:00:00+00:00,0.3839,0.3839,0.3786,0.3797,105065.5
2025-12-17 08:00:00+00:00,0.379,0.3794,0.3769,0.3793,7011.4
2025-12-17 12:00:00+00:00,0.3821,0.3997,0.3787,0.3819,51132.0
2025-12-17 16:00:00+00:00,0.3842,0.3842,0.3643,0.3672,92261.5
2025-12-17 20:00:00+00:00,0.3695,0.3709,0.3648,0.3666,38456.8
2025-12-18 00:00:00+00:00,0.3668,0.3686,0.3637,0.365,65157.9
2025-12-18 04:00:00+00:00,0.3659,0.3665,0.361,0.3621,58281.0
2025-12-18 08:00:00+00:00,0.364,0.3654,0.3618,0.3644,2843.5
2025-12-18 12:00:00+00:00,0.3642,0.3783,0.3642,0.3747,212536.6
2025-12-18 16:00:00+00:00,0.3735,0.3735,0.3475,0.3489,73191.7
2025-12-18 20:00:00+00:00,0.3489,0.3548,0.3485,0.3519,169404.1
2025-12-19 00:00:00+00:00,0.3512,0.3626,0.3471,0.3607,23935.6
2025-12-19 04:00:00+00:00,0.3605,0.3697,0.3595,0.3657,111249.8
2025-12-19 08:00:00+00:00,0.3669,0.3669,0.3659,0.3663,1819.1
2025-12-19 12:00:00+00:00,0.3679,0.3779,0.3661,0.3717,15815.1
2025-12-19 16:00:00+00:00,0.3721,0.38,0.3694,0.3798,6985.6
2025-12-19 20:00:00+00:00,0.3786,0.3794,0.3757,0.3771,16314.9
2025-12-20 00:00:00+00:00,0.3764,0.3774,0.3743,0.3747,41494.6
2025-12-20 04:00:00+00:00,0.3744,0.3747,0.3727,0.3747,4694.2
2025-12-20 08:00:00+00:00,0.3779,0.3797,0.3773,0.3781,1750.7
2025-12-20 12:00:00+00:00,0.3765,0.3789,0.3747,0.3789,10237.7
2025-12-20 16:00:00+00:00,0.3768,0.377,0.3753,0.3753,1568.8
2025-12-20 20:00:00+00:00,0.3756,0.376,0.3728,0.3728,6488.0
2025-12-21 00:00:00+00:00,0.3733,0.374,0.3679,0.3698,9753.7
2025-12-21 04:00:00+00:00,0.3692,0.3694,0.3675,0.3675,9615.7
2025-12-21 08:00:00+00:00,0.3676,0.3748,0.3669,0.3742,5324.0
2025-12-21 12:00:00+00:00,0.3711,0.3719,0.3581,0.3599,22691.7
2025-12-21 16:00:00+00:00,0.3631,0.3653,0.3618,0.3645,7280.7
2025-12-21 20:00:00+00:00,0.3647,0.3738,0.3612,0.3665,199441.2
2025-12-22 00:00:00+00:00,0.3675,0.3745,0.3626,0.3674,23048.4
2025-12-22 04:00:00+00:00,0.3683,0.3683,0.3653,0.3672,4510.9
2025-12-22 08:00:00+00:00,0.3698,0.3717,0.3688,0.3709,1366.3
2025-12-22 12:00:00+00:00,0.3722,0.3815,0.3722,0.3804,12397.1
2025-12-22 16:00:00+00:00,0.3804,0.3809,0.3681,0.3681,28514.0
2025-12-22 20:00:00+00:00,0.3704,0.3723,0.3661,0.3713,18178.7
2025-12-23 00:00:00+00:00,0.3709,0.3742,0.366,0.3689,14794.2
2025-12-23 04:00:00+00:00,0.3681,0.3682,0.363,0.3654,7077.1
2025-12-23 08:00:00+00:00,0.3637,0.3685,0.3623,0.3685,7416.2
2025-12-23 12:00:00+00:00,0.3663,0.3663,0.3554,0.3612,35706.6
2025-12-23 16:00:00+00:00,0.3606,0.3649,0.3602,0.3624,24241.7
2025-12-23 20:00:00+00:00,0.361,0.3654,0.361,0.3621,6669.7
2025-12-24 00:00:00+00:00,0.3639,0.3649,0.3572,0.36,4668.9
2025-12-24 04:00:00+00:00,0.3607,0.3608,0.3547,0.3573,4385.1
2025-12-24 08:00:00+00:00,0.3564,0.3592,0.3546,0.3592,2214.8
2025-12-24 12:00:00+00:00,0.358,0.358,0.3521,0.3559,10655.8
2025-12-24 16:00:00+00:00,0.3567,0.3576,0.3547,0.356,2013.6
2025-12-24 20:00:00+00:00,0.3562,0.3582,0.355,0.3566,20709.5
2025-12-25 00:00:00+00:00,0.3572,0.3606,0.3554,0.3606,4376.2
2025-12-25 04:00:00+00:00,0.3604,0.361,0.3586,0.3586,1464.5
2025-12-25 08:00:00+00:00,0.361,0.361,0.3499,0.351,13576.4
2025-12-25 12:00:00+00:00,0.3508,0.3585,0.35,0.3579,490314.0
2025-12-25 16:00:00+00:00,0.3574,0.3595,0.3537,0.3595,56945.4
2025-12-25 20:00:00+00:00,0.3594,0.3596,0.341,0.3433,26773.0
2025-12-26 00:00:00+00:00,0.3449,0.3581,0.3419,0.3522,20386.8
2025-12-26 04:00:00+00:00,0.3537,0.3564,0.3514,0.3518,2155.1
2025-12-26 08:00:00+00:00,0.3542,0.3557,0.354,0.3554,4295.2
2025-12-26 12:00:00+00:00,0.3575,0.3576,0.3462,0.3468,9216.0
2025-12-26 16:00:00+00:00,0.3474,0.3507,0.3444,0.3507,261882.7
2025-12-26 20:00:00+00:00,0.3501,0.3506,0.3491,0.3504,17156.9
2025-12-27 00:00:00+00:00,0.3494,0.3556,0.3494,0.3551,21440.4
2025-12-27 04:00:00+00:00,0.3548,0.3548,0.352,0.3541,6227.7
2025-12-27 08:00:00+00:00,0.3534,0.3549,0.3532,0.3549,4131.5
2025-12-27 12:00:00+00:00,0.3552,0.3585,0.3552,0.3572,136940.4
2025-12-27 16:00:00+00:00,0.3576,0.358,0.3559,0.358,24055.6
2025-12-27 20:00:00+00:00,0.3587,0.3705,0.3587,0.3691,140469.0
2025-12-28 00:00:00+00:00,0.3709,0.3713,0.368,0.3703,17385.4
2025-12-28 04:00:00+00:00,0.3702,0.3775,0.3702,0.3747,6318.4
2025-12-28 08:00:00+00:00,0.3741,0.3741,0.3704,0.3718,5736.3
2025-12-28 12:00:00+00:00,0.3711,0.3718,0.3694,0.3718,35943.4
2025-12-28 16:00:00+00:00,0.3703,0.3712,0.3621,0.3642,30901.9
2025-12-28 20:00:00+00:00,0.3624,0.3686,0.3624,0.3684,9714.9
2025-12-29 00:00:00+00:00,0.3686,0.3822,0.3683,0.3819,33796.1
2025-12-29 04:00:00+00:00,0.3814,0.3843,0.3743,0.3756,53439.0
2025-12-29 08:00:00+00:00,0.3756,0.3763,0.3681,0.3713,4992.6
2025-12-29 12:00:00+00:00,0.3686,0.3686,0.3626,0.3656,9958.3
2025-12-29 16:00:00+00:00,0.3655,0.3655,0.3531,0.3531,35429.9
2025-12-29 20:00:00+00:00,0.3528,0.3553,0.351,0.353,9881.3
2025-12-30 00:00:00+00:00,0.3534,0.3554,0.3491,0.3518,28957.9
2025-12-30 04:00:00+00:00,0.353,0.3537,0.3513,0.3537,7784.1
2025-12-30 08:00:00+00:00,0.354,0.3566,0.354,0.3545,10138.5
2025-12-30 12:00:00+00:00,0.3539,0.3575,0.3514,0.3538,182764.6
2025-12-30 16:00:00+00:00,0.3549,0.3559,0.3508,0.3519,14414.1
2025-12-30 20:00:00+00:00,0.351,0.3518,0.349,0.3515,11649.8
2025-12-31 00:00:00+00:00,0.3506,0.3538,0.3496,0.351,24198.3
2025-12-31 04:00:00+00:00,0.3523,0.3534,0.3509,0.3513,9117.3
2025-12-31 08:00:00+00:00,0.3512,0.3512,0.3493,0.3505,3114.8
2025-12-31 12:00:00+00:00,0.3498,0.3506,0.3405,0.3426,13136.8
2025-12-31 16:00:00+00:00,0.3418,0.3418,0.3321,0.333,67821.2
2025-12-31 20:00:00+00:00,0.332,0.3355,0.331,0.3334,497029.8
2026-01-01 00:00:00+00:00,0.3345,0.3355,0.3332,0.3336,202686.1
2026-01-01 04:00:00+00:00,0.3345,0.3386,0.3323,0.3378,577572.0
2026-01-01 08:00:00+00:00,0.3375,0.3411,0.3366,0.3402,21393.4
2026-01-01 12:00:00+00:00,0.3413,0.3491,0.3408,0.3476,9934.1
2026-01-01 16:00:00+00:00,0.3469,0.3576,0.3467,0.3576,19207.9
2026-01-01 20:00:00+00:00,0.3583,0.3611,0.3561,0.3569,21879.8
2026-01-02 00:00:00+00:00,0.3567,0.3632,0.3549,0.3621,44045.9
2026-01-02 04:00:00+00:00,0.3631,0.3642,0.3558,0.3562,45170.6
2026-01-02 08:00:00+00:00,0.3574,0.3675,0.357,0.3603,17335.6
2026-01-02 12:00:00+00:00,0.3648,0.3743,0.3612,0.3743,7295.4
2026-01-02 16:00:00+00:00,0.3738,0.3928,0.3738,0.3878,117562.1
2026-01-02 20:00:00+00:00,0.3878,0.3962,0.3856,0.3941,37510.2
2026-01-03 00:00:00+00:00,0.396,0.3986,0.391,0.3982,169503.7
2026-01-03 04:00:00+00:00,0.3986,0.3986,0.384,0.3848,47208.9
2026-01-03 08:00:00+00:00,0.385,0.3872,0.3831,0.384,3913.6
2026-01-03 12:00:00+00:00,0.3859,0.3897,0.3838,0.3872,4311.7
2026-01-03 16:00:00+00:00,0.3878,0.39,0.3876,0.3881,13434.5
2026-01-03 20:00:00+00:00,0.3858,0.39,0.3858,0.39,7249.3
2026-01-04 00:00:00+00:00,0.3897,0.3997,0.3897,0.3997,144689.3
2026-01-04 04:00:00+00:00,0.3997,0.4018,0.3944,0.3952,66888.1
2026-01-04 08:00:00+00:00,0.3941,0.405,0.3929,0.4008,63427.1
2026-01-04 12:00:00+00:00,0.4028,0.4043,0.3972,0.3993,14186.6
2026-01-04 16:00:00+00:00,0.4,0.4036,0.3959,0.397,18183.8
2026-01-04 20:00:00+00:00,0.4001,0.4016,0.3987,0.4002,103767.2
2026-01-05 00:00:00+00:00,0.4006,0.4077,0.3982,0.4038,130874.9
2026-01-05 04:00:00+00:00,0.4037,0.4037,0.3946,0.4021,505640.5
2026-01-05 08:00:00+00:00,0.4015,0.4032,0.3971,0.3974,54612.6
2026-01-05 12:00:00+00:00,0.3996,0.4135,0.3974,0.4108,72939.2
2026-01-05 16:00:00+00:00,0.4138,0.4196,0.4076,0.416,43160.6
2026-01-05 20:00:00+00:00,0.4196,0.4248,0.4166,0.4221,63479.6
2026-01-06 00:00:00+00:00,0.4218,0.4305,0.4179,0.4261,31284.9
2026-01-06 04:00:00+00:00,0.426,0.4263,0.4143,0.4143,8326.2
2026-01-06 08:00:00+00:00,0.4178,0.422,0.4157,0.422,4562.9
2026-01-06 12:00:00+00:00,0.4221,0.4367,0.4184,0.4189,32718.9
2026-01-06 16:00:00+00:00,0.419,0.419,0.4016,0.4072,14789.3
2026-01-06 20:00:00+00:00,0.4093,0.4217,0.4093,0.4196,86100.2
2026-01-07 00:00:00+00:00,0.4196,0.421,0.4093,0.4117,13495.4
2026-01-07 04:00:00+00:00,0.4117,0.418,0.411,0.4174,13901.9
2026-01-07 08:00:00+00:00,0.4192,0.4221,0.41,0.4155,11585.8
2026-01-07 12:00:00+00:00,0.4137,0.4137,0.4011,0.4033,64551.0
2026-01-07 16:00:00+00:00,0.4055,0.4073,0.4008,0.4029,71606.1
2026-01-07 20:00:00+00:00,0.4021,0.4038,0.3985,0.4017,19100.4
2026-01-08 00:00:00+00:00,0.4025,0.4045,0.3965,0.3987,21908.4
2026-01-08 04:00:00+00:00,0.399,0.4014,0.3901,0.3954,8228.7
2026-01-08 08:00:00+00:00,0.3942,0.3942,0.3875,0.3889,6244.3
2026-01-08 12:00:00+00:00,0.3895,0.3952,0.3854,0.3952,17611.9
2026-01-08 16:00:00+00:00,0.3955,0.3972,0.3917,0.3944,73283.6
2026-01-08 20:00:00+00:00,0.3922,0.3992,0.3902,0.3966,4503.0
2026-01-09 00:00:00+00:00,0.397,0.4,0.3949,0.3971,5167.9
2026-01-09 04:00:00+00:00,0.3988,0.4,0.3942,0.3995,3710.2
2026-01-09 08:00:00+00:00,0.3971,0.3971,0.3899,0.3922,5620.9
2026-01-09 12:00:00+00:00,0.3934,0.405,0.3878,0.3946,34002.9
2026-01-09 16:00:00+00:00,0.4011,0.4046,0.3892,0.3918,5710.0
2026-01-09 20:00:00+00:00,0.391,0.3947,0.3908,0.3924,5230.3
2026-01-10 00:00:00+00:00,0.3912,0.3915,0.3871,0.3877,3455.9
2026-01-10 04:00:00+00:00,0.3897,0.3897,0.385,0.3885,2835.9
2026-01-10 08:00:00+00:00,0.388,0.3913,0.3879,0.39,31972.7
2026-01-10 12:00:00+00:00,0.3917,0.3917,0.3891,0.3897,2698.0
2026-01-10 16:00:00+00:00,0.391,0.3916,0.3883,0.3915,8702.2
2026-01-10 20:00:00+00:00,0.3914,0.3916,0.3853,0.389,4612.6
2026-01-11 00:00:00+00:00,0.3886,0.3923,0.3878,0.3907,5302.9
2026-01-11 04:00:00+00:00,0.3907,0.3919,0.3893,0.3917,3262.5
2026-01-11 08:00:00+00:00,0.3908,0.3929,0.3903,0.3912,4347.5
2026-01-11 12:00:00+00:00,0.3923,0.3971,0.389,0.389,16688.7
2026-01-11 16:00:00+00:00,0.3909,0.3964,0.3909,0.3932,9357.4
2026-01-11 20:00:00+00:00,0.3902,0.3926,0.385,0.3902,28054.2
2026-01-12 00:00:00+00:00,0.3906,0.4032,0.3863,0.3975,24648.1
2026-01-12 04:00:00+00:00,0.3985,0.401,0.3902,0.3902,5326.0
2026-01-12 08:00:00+00:00,0.3909,0.3909,0.3852,0.3859,3703.3
2026-01-12 12:00:00+00:00,0.388,0.3946,0.3817,0.3945,19614.5
2026-01-12 16:00:00+00:00,0.3952,0.3992,0.3922,0.3929,9748.3
2026-01-12 20:00:00+00:00,0.3942,0.3955,0.384,0.3873,9439.0
2026-01-13 00:00:00+00:00,0.387,0.3886,0.3859,0.3863,17538.4
2026-01-13 04:00:00+00:00,0.3876,0.3952,0.3876,0.3902,2422.4
2026-01-13 08:00:00+00:00,0.3941,0.3952,0.3922,0.3922,2433.9
2026-01-13 12:00:00+00:00,0.393,0.4061,0.3911,0.4052,54407.5
2026-01-13 16:00:00+00:00,0.4062,0.4113,0.4061,0.4081,8227.2
2026-01-13 20:00:00+00:00,0.4113,0.4259,0.407,0.4212,50876.5
2026-01-14 00:00:00+00:00,0.4226,0.4247,0.42,0.4238,5193.6
2026-01-14 04:00:00+00:00,0.4259,0.4268,0.4188,0.424,1695906.4
2026-01-14 08:00:00+00:00,0.4241,0.4241,0.4142,0.4142,10258.8
2026-01-14 12:00:00+00:00,0.4137,0.4221,0.4114,0.4203,34149.3
2026-01-14 16:00:00+00:00,0.4219,0.4236,0.41,0.4196,12309.0
2026-01-14 20:00:00+00:00,0.4156,0.4168,0.4122,0.4141,10465.4
2026-01-15 00:00:00+00:00,0.4138,0.415,0.3996,0.3996,23433.4
2026-01-15 04:00:00+00:00,0.4013,0.4041,0.4007,0.4039,5790.7
2026-01-15 08:00:00+00:00,0.4045,0.4054,0.4017,0.4038,3563.3
2026-01-15 12:00:00+00:00,0.406,0.4097,0.3934,0.4004,24369.1
2026-01-15 16:00:00+00:00,0.3967,0.4008,0.3899,0.3914,26728.9
2026-01-15 20:00:00+00:00,0.3927,0.395,0.3901,0.3939,5847.9
2026-01-16 00:00:00+00:00,0.3937,0.3947,0.3908,0.3925,13511.0
2026-01-16 04:00:00+00:00,0.3912,0.3939,0.3889,0.3939,14806.7
2026-01-16 08:00:00+00:00,0.3933,0.3933,0.391,0.3914,1690.8
2026-01-16 12:00:00+00:00,0.3918,0.3918,0.3794,0.3819,7452.8
2026-01-16 16:00:00+00:00,0.3811,0.388,0.3811,0.388,74024.0
2026-01-16 20:00:00+00:00,0.3863,0.3981,0.3861,0.3959,17450.5
2026-01-17 00:00:00+00:00,0.3968,0.3981,0.3936,0.3948,28868.9
2026-01-17 04:00:00+00:00,0.3944,0.3969,0.3944,0.3961,4225.3
2026-01-17 08:00:00+00:00,0.3961,0.3968,0.3961,0.3961,520.6
2026-01-17 12:00:00+00:00,0.3961,0.4021,0.3961,0.4007,3160.7
2026-01-17 16:00:00+00:00,0.4025,0.4046,0.3998,0.4015,7437.8
2026-01-17 20:00:00+00:00,0.4005,0.4015,0.3961,0.3968,6587.5
2026-01-18 00:00:00+00:00,0.3973,0.3992,0.3933,0.3957,7459.4
2026-01-18 04:00:00+00:00,0.3953,0.3963,0.3941,0.3952,3770.5
2026-01-18 08:00:00+00:00,0.3924,0.3948,0.3924,0.3948,2097.5
2026-01-18 12:00:00+00:00,0.3934,0.3951,0.3899,0.3927,8415.7
2026-01-18 16:00:00+00:00,0.3938,0.396,0.3908,0.396,7870.9
2026-01-18 20:00:00+00:00,0.3922,0.3966,0.3762,0.3762,21230.0
2026-01-19 00:00:00+00:00,0.3754,0.3754,0.3531,0.3663,97909.9
2026-01-19 04:00:00+00:00,0.3666,0.3668,0.361,0.3652,25201.4
2026-01-19 08:00:00+00:00,0.3645,0.3725,0.3645,0.3698,3923.0
2026-01-19 12:00:00+00:00,0.3678,0.3692,0.3655,0.3666,58279.5
2026-01-19 16:00:00+00:00,0.3683,0.3728,0.3669,0.3705,52422.4
2026-01-19 20:00:00+00:00,0.3723,0.3725,0.3668,0.3709,4800.8
2026-01-20 00:00:00+00:00,0.3703,0.3704,0.3668,0.3674,2583.8
2026-01-20 04:00:00+00:00,0.3672,0.3685,0.3641,0.3679,11174.1
2026-01-20 08:00:00+00:00,0.3639,0.3645,0.358,0.36,2696.8
2026-01-20 12:00:00+00:00,0.3598,0.3638,0.3564,0.3595,31885.3
2026-01-20 16:00:00+00:00,0.3593,0.3602,0.3503,0.3509,22308.6
2026-01-20 20:00:00+00:00,0.3517,0.3542,0.3478,0.3514,60234.7
2026-01-21 00:00:00+00:00,0.3513,0.3611,0.3502,0.3597,43609.4
2026-01-21 04:00:00+00:00,0.359,0.3623,0.3586,0.3623,2694.2
2026-01-21 08:00:00+00:00,0.3595,0.3595,0.3549,0.3549,3912.3
2026-01-21 12:00:00+00:00,0.3537,0.3631,0.3505,0.36,18446.2
2026-01-21 16:00:00+00:00,0.3611,0.3668,0.347,0.3668,39730.5
2026-01-21 20:00:00+00:00,0.3651,0.373,0.3629,0.3651,7645.4
2026-01-22 00:00:00+00:00,0.3695,0.3695,0.3639,0.3639,22710.8
2026-01-22 04:00:00+00:00,0.3649,0.3667,0.3641,0.365,1227.6
2026-01-22 08:00:00+00:00,0.3658,0.3658,0.3646,0.3649,4467.3
2026-01-22 12:00:00+00:00,0.3638,0.3649,0.3559,0.3596,62215.2
2026-01-22 16:00:00+00:00,0.3611,0.3642,0.3585,0.3619,4358.7
2026-01-22 20:00:00+00:00,0.3612,0.3621,0.3571,0.3589,27421.7
2026-01-23 00:00:00+00:00,0.36,0.3631,0.359,0.362,6547.2
2026-01-23 04:00:00+00:00,0.3625,0.3652,0.3595,0.3623,9451.8
2026-01-23 08:00:00+00:00,0.3613,0.3613,0.3585,0.3594,3768.2
2026-01-23 12:00:00+00:00,0.3599,0.3605,0.352,0.3595,10975.4
2026-01-23 16:00:00+00:00,0.3613,0.371,0.36,0.36,61980.9
2026-01-23 20:00:00+00:00,0.361,0.3629,0.3583,0.3611,12087.2
2026-01-24 00:00:00+00:00,0.3613,0.3617,0.359,0.3617,6439.0
2026-01-24 04:00:00+00:00,0.3622,0.3622,0.3597,0.3597,1169.8
2026-01-24 08:00:00+00:00,0.3599,0.36,0.3599,0.36,2273.8
2026-01-24 12:00:00+00:00,0.36,0.3603,0.358,0.3591,29820.8
2026-01-24 16:00:00+00:00,0.358,0.3598,0.3572,0.3582,15797.4
2026-01-24 20:00:00+00:00,0.3598,0.3607,0.3586,0.3587,5456.4
2026-01-25 00:00:00+00:00,0.3594,0.3594,0.3547,0.3566,7035.6
2026-01-25 04:00:00+00:00,0.357,0.3576,0.3547,0.3558,1212.7
2026-01-25 08:00:00+00:00,0.3551,0.3595,0.3549,0.3595,938.0
2026-01-25 12:00:00+00:00,0.3567,0.3567,0.351,0.3531,50546.8
2026-01-25 16:00:00+00:00,0.3513,0.3513,0.3343,0.335,115604.8
2026-01-25 20:00:00+00:00,0.3361,0.3396,0.3332,0.3392,54697.5
2026-01-26 00:00:00+00:00,0.3389,0.3492,0.3389,0.3444,53822.4
2026-01-26 04:00:00+00:00,0.3464,0.3495,0.3464,0.3491,1110.2
2026-01-26 08:00:00+00:00,0.3495,0.3512,0.346,0.3474,1616.5
2026-01-26 12:00:00+00:00,0.3475,0.3576,0.3475,0.3519,7567.8
2026-01-26 16:00:00+00:00,0.3542,0.3551,0.351,0.3533,80450.9
2026-01-26 20:00:00+00:00,0.3523,0.3529,0.3491,0.3529,42128.9
2026-01-27 00:00:00+00:00,0.3514,0.3552,0.3513,0.3528,6334.4
2026-01-27 04:00:00+00:00,0.3531,0.3534,0.3514,0.3518,1555.1
2026-01-27 08:00:00+00:00,0.3518,0.3518,0.3493,0.3502,2657.1
2026-01-27 12:00:00+00:00,0.3504,0.3523,0.3479,0.3491,21084.0
2026-01-27 16:00:00+00:00,0.3522,0.3571,0.349,0.3554,54069.4
2026-01-27 20:00:00+00:00,0.3568,0.3638,0.3566,0.3619,8264.8
2026-01-28 00:00:00+00:00,0.3602,0.3602,0.3566,0.357,7512.8
2026-01-28 04:00:00+00:00,0.357,0.3584,0.3552,0.3575,6587.2
2026-01-28 08:00:00+00:00,0.3582,0.3642,0.3567,0.3642,19232.3
2026-01-28 12:00:00+00:00,0.3633,0.3638,0.3549,0.3575,4242.0
2026-01-28 16:00:00+00:00,0.3572,0.3613,0.3557,0.3585,6456.8
2026-01-28 20:00:00+00:00,0.3585,0.3613,0.3569,0.3582,4407.0
2026-01-29 00:00:00+00:00,0.3582,0.3583,0.35,0.3514,8593.0
2026-01-29 04:00:00+00:00,0.3511,0.3519,0.3487,0.3516,18736.7
2026-01-29 08:00:00+00:00,0.3501,0.3505,0.346,0.347,5792.4
2026-01-29 12:00:00+00:00,0.3473,0.3473,0.3307,0.3352,70209.3
2026-01-29 16:00:00+00:00,0.332,0.3404,0.3276,0.3314,247016.6
2026-01-29 20:00:00+00:00,0.3309,0.336,0.33,0.3341,232081.1
2026-01-30 00:00:00+00:00,0.3353,0.336,0.3209,0.3251,35580.8
2026-01-30 04:00:00+00:00,0.3252,0.33,0.3202,0.3234,16477.0
2026-01-30 08:00:00+00:00,0.3251,0.3286,0.3205,0.3286,13693.1
2026-01-30 12:00:00+00:00,0.3261,0.3274,0.3212,0.3259,5142.9
2026-01-30 16:00:00+00:00,0.3265,0.3317,0.3182,0.3297,428102.3
2026-01-30 20:00:00+00:00,0.3275,0.3279,0.3199,0.3199,20391.5
2026-01-31 00:00:00+00:00,0.3209,0.3219,0.3182,0.3193,6642.5
2026-01-31 04:00:00+00:00,0.319,0.3192,0.3106,0.3115,318097.4
2026-01-31 08:00:00+00:00,0.3102,0.3131,0.308,0.3091,19355.9
2026-01-31 12:00:00+00:00,0.3108,0.3109,0.2936,0.2984,78925.4
2026-01-31 16:00:00+00:00,0.2964,0.2996,0.27,0.2854,287954.8
2026-01-31 20:00:00+00:00,0.2866,0.2955,0.2823,0.2936,70682.8
2026-02-01 00:00:00+00:00,0.294,0.2973,0.2925,0.2955,10031.1
2026-02-01 04:00:00+00:00,0.2963,0.2986,0.2939,0.2963,24073.7
2026-02-01 08:00:00+00:00,0.297,0.2982,0.2932,0.296,12547.9
2026-02-01 12:00:00+00:00,0.2947,0.2966,0.285,0.288,34871.5
2026-02-01 16:00:00+00:00,0.2881,0.2907,0.2846,0.2863,29796.7
2026-02-01 20:00:00+00:00,0.2873,0.2904,0.2796,0.2858,29609.2
2026-02-02 00:00:00+00:00,0.2863,0.293,0.277,0.287,58184.8
2026-02-02 04:00:00+00:00,0.2847,0.2896,0.276,0.2855,310647.4
2026-02-02 08:00:00+00:00,0.286,0.2941,0.286,0.2941,17716.6
2026-02-02 12:00:00+00:00,0.2937,0.3023,0.2937,0.3012,25240.6
2026-02-02 16:00:00+00:00,0.3008,0.3032,0.299,0.3011,19181.9
2026-02-02 20:00:00+00:00,0.3015,0.3015,0.2981,0.2989,16793.4
2026-02-03 00:00:00+00:00,0.2989,0.3004,0.2944,0.2977,6826.2
2026-02-03 04:00:00+00:00,0.299,0.3013,0.2968,0.3,145134.7
2026-02-03 08:00:00+00:00,0.2988,0.2988,0.2953,0.2971,10863.4
2026-02-03 12:00:00+00:00,0.2994,0.3046,0.2942,0.3046,15651.3
2026-02-03 16:00:00+00:00,0.2995,0.2998,0.2807,0.2937,34876.0
2026-02-03 20:00:00+00:00,0.2924,0.3033,0.2915,0.2924,6536.8
2026-02-04 00:00:00+00:00,0.2922,0.3011,0.2905,0.3011,7551.7
2026-02-04 04:00:00+00:00,0.3015,0.3019,0.296,0.3007,8197.9
2026-02-04 08:00:00+00:00,0.2998,0.3019,0.295,0.2978,23255.3
2026-02-04 12:00:00+00:00,0.2977,0.2977,0.2834,0.2855,29960.8
2026-02-04 16:00:00+00:00,0.2858,0.2918,0.2816,0.2918,45778.8
2026-02-04 20:00:00+00:00,0.2913,0.293,0.2813,0.2862,121287.8
2026-02-05 00:00:00+00:00,0.2858,0.2896,0.2825,0.2825,28258.2
2026-02-05 04:00:00+00:00,0.2832,0.2857,0.2788,0.2831,25758.8
2026-02-05 08:00:00+00:00,0.2824,0.2832,0.2675,0.2719,42211.2
2026-02-05 12:00:00+00:00,0.2725,0.277,0.2583,0.2627,109703.9
2026-02-05 16:00:00+00:00,0.2619,0.2673,0.2539,0.254,126077.2
2026-02-05 20:00:00+00:00,0.2541,0.2561,0.2444,0.2461,277060.4
2026-02-06 00:00:00+00:00,0.2461,0.2523,0.224,0.2482,107086.9
2026-02-06 04:00:00+00:00,0.2485,0.2592,0.2485,0.2519,80958.8
2026-02-06 08:00:00+00:00,0.2507,0.2639,0.2505,0.2618,14118.0
2026-02-06 12:00:00+00:00,0.2607,0.2745,0.2607,0.2745,42946.5
2026-02-06 16:00:00+00:00,0.2752,0.2841,0.2744,0.2801,25536.9
2026-02-06 20:00:00+00:00,0.2793,0.2803,0.2745,0.2766,90400.3
2026-02-07 00:00:00+00:00,0.2754,0.2761,0.2714,0.2754,13833.5
2026-02-07 04:00:00+00:00,0.2759,0.2775,0.2663,0.2689,16994.7
2026-02-07 08:00:00+00:00,0.2687,0.2687,0.2661,0.2669,2683.4
2026-02-07 12:00:00+00:00,0.2699,0.2738,0.2691,0.2734,7004.7
2026-02-07 16:00:00+00:00,0.2762,0.2802,0.2707,0.2751,330002.6
2026-02-07 20:00:00+00:00,0.2749,0.2752,0.2706,0.2717,5578.6
2026-02-08 00:00:00+00:00,0.2721,0.2725,0.2698,0.2698,9507.6
2026-02-08 04:00:00+00:00,0.2703,0.2716,0.2698,0.2708,38058.5
2026-02-08 08:00:00+00:00,0.2746,0.2749,0.272,0.2742,7251.2
2026-02-08 12:00:00+00:00,0.2731,0.2754,0.2717,0.2729,6561.6
2026-02-08 16:00:00+00:00,0.2731,0.2738,0.2674,0.2733,4409.1
2026-02-08 20:00:00+00:00,0.2732,0.2749,0.2685,0.2717,25390.3
2026-02-09 00:00:00+00:00,0.2712,0.2734,0.2688,0.2732,2467.9
2026-02-09 04:00:00+00:00,0.2729,0.2735,0.2694,0.2694,2370.2
2026-02-09 08:00:00+00:00,0.2694,0.2694,0.2598,0.262,26473.0
2026-02-09 12:00:00+00:00,0.2645,0.2688,0.2628,0.2678,20073.5
2026-02-09 16:00:00+00:00,0.2657,0.2727,0.2657,0.2699,6169.6
2026-02-09 20:00:00+00:00,0.2717,0.2723,0.2688,0.2715,460.1
2026-02-10 00:00:00+00:00,0.2704,0.2704,0.2656,0.2665,12114.7
2026-02-10 04:00:00+00:00,0.2678,0.2678,0.262,0.2629,2964.1
2026-02-10 08:00:00+00:00,0.2651,0.2651,0.2637,0.2637,1904.9
2026-02-10 12:00:00+00:00,0.2625,0.2657,0.2625,0.2657,2076.9
2026-02-10 16:00:00+00:00,0.2618,0.2649,0.2603,0.2627,118660.7
2026-02-10 20:00:00+00:00,0.2628,0.2628,0.2617,0.2618,4484.1
2026-02-11 00:00:00+00:00,0.2621,0.2643,0.2616,0.2628,22368.5
2026-02-11 04:00:00+00:00,0.2618,0.2618,0.2546,0.2558,346436.7
2026-02-11 08:00:00+00:00,0.2554,0.2554,0.253,0.253,3078.1
2026-02-11 12:00:00+00:00,0.2553,0.2629,0.2514,0.2528,23103.3
2026-02-11 16:00:00+00:00,0.2536,0.2582,0.2515,0.2574,10729.2
2026-02-11 20:00:00+00:00,0.2557,0.2578,0.2553,0.2553,2733.1
2026-02-12 00:00:00+00:00,0.2573,0.2592,0.2564,0.2592,6639.3
2026-02-12 04:00:00+00:00,0.2582,0.2624,0.2582,0.2624,10874.3
2026-02-12 08:00:00+00:00,0.2634,0.2695,0.2624,0.2679,21667.0
2026-02-12 12:00:00+00:00,0.267,0.267,0.2633,0.2633,10585.0
2026-02-12 16:00:00+00:00,0.2623,0.2648,0.2574,0.262,11203.7
2026-02-12 20:00:00+00:00,0.2599,0.265,0.2599,0.265,3872.4
2026-02-13 00:00:00+00:00,0.2653,0.2653,0.2619,0.2626,10540.8
2026-02-13 04:00:00+00:00,0.2628,0.2632,0.2597,0.2629,2292.7
2026-02-13 08:00:00+00:00,0.2622,0.2641,0.2622,0.2639,2052.7
2026-02-13 12:00:00+00:00,0.2633,0.2737,0.2633,0.2693,16277.5
2026-02-13 16:00:00+00:00,0.2709,0.2741,0.2709,0.2728,17976.5
2026-02-13 20:00:00+00:00,0.2722,0.2746,0.2721,0.273,8316.1
2026-02-14 00:00:00+00:00,0.2739,0.2777,0.2726,0.2771,1491.1
2026-02-14 04:00:00+00:00,0.2766,0.2766,0.2743,0.275,3495.1
2026-02-14 08:00:00+00:00,0.2777,0.2842,0.2777,0.282,23480.3
2026-02-14 12:00:00+00:00,0.2841,0.2868,0.2806,0.2855,96758.3
2026-02-14 16:00:00+00:00,0.2864,0.2992,0.2855,0.2992,9048.7
2026-02-14 20:00:00+00:00,0.2997,0.3,0.2939,0.2949,8947.5
2026-02-15 00:00:00+00:00,0.2957,0.2985,0.2933,0.2947,5709.3
2026-02-15 04:00:00+00:00,0.298,0.3007,0.2974,0.3005,3343.0
2026-02-15 08:00:00+00:00,0.3009,0.3016,0.2902,0.2902,4394.0
2026-02-15 12:00:00+00:00,0.2892,0.29,0.2813,0.2857,34696.8
2026-02-15 16:00:00+00:00,0.2839,0.2842,0.2774,0.2786,28040.3
2026-02-15 20:00:00+00:00,0.2786,0.2826,0.2786,0.2825,7462.6
2026-02-16 00:00:00+00:00,0.2834,0.2834,0.2797,0.2802,3902.5
2026-02-16 04:00:00+00:00,0.2781,0.2809,0.2781,0.2809,72.8
2026-02-16 08:00:00+00:00,0.2815,0.2852,0.2799,0.2837,4940.2
2026-02-16 12:00:00+00:00,0.2866,0.2874,0.2767,0.279,31352.6
2026-02-16 16:00:00+00:00,0.2817,0.2837,0.2802,0.2831,28487.1
2026-02-16 20:00:00+00:00,0.2828,0.287,0.2828,0.2858,13901.5
2026-02-17 00:00:00+00:00,0.2858,0.288,0.284,0.2862,24393.8
2026-02-17 04:00:00+00:00,0.2859,0.2896,0.2859,0.2882,11136.8
2026-02-17 08:00:00+00:00,0.2861,0.2861,0.2801,0.2809,1492.9
2026-02-17 12:00:00+00:00,0.2818,0.2838,0.2778,0.2811,20715.5
2026-02-17 16:00:00+00:00,0.2819,0.2866,0.2788,0.2836,5157.7
2026-02-17 20:00:00+00:00,0.2829,0.2835,0.2808,0.2808,1183.6
2026-02-18 00:00:00+00:00,0.2811,0.2837,0.2798,0.2837,15969.3
2026-02-18 04:00:00+00:00,0.2826,0.2831,0.2823,0.2823,3641.2
2026-02-18 08:00:00+00:00,0.2861,0.2865,0.2802,0.2813,8139.6
2026-02-18 12:00:00+00:00,0.2817,0.287,0.2782,0.2841,11552.9
2026-02-18 16:00:00+00:00,0.2828,0.2831,0.2713,0.2737,32538.4
2026-02-18 20:00:00+00:00,0.2737,0.2757,0.2729,0.2737,21124.6
2026-02-19 00:00:00+00:00,0.2731,0.2755,0.272,0.2749,39044.5
2026-02-19 04:00:00+00:00,0.2753,0.2769,0.2735,0.2769,1940.0
2026-02-19 08:00:00+00:00,0.2735,0.2739,0.2727,0.2738,9632.3
2026-02-19 12:00:00+00:00,0.2715,0.2738,0.2682,0.2702,17641.1
2026-02-19 16:00:00+00:00,0.2692,0.2738,0.2677,0.2727,7842.1
2026-02-19 20:00:00+00:00,0.2721,0.273,0.2721,0.2729,3563.1
2026-02-20 00:00:00+00:00,0.2729,0.275,0.2722,0.274,3219.3
2026-02-20 04:00:00+00:00,0.2736,0.275,0.2726,0.2742,44534.3
2026-02-20 08:00:00+00:00,0.2766,0.2788,0.2763,0.2788,3089.1
2026-02-20 12:00:00+00:00,0.277,0.287,0.2704,0.287,18843.7
2026-02-20 16:00:00+00:00,0.2895,0.2928,0.2809,0.2828,16554.9
2026-02-20 20:00:00+00:00,0.2828,0.2861,0.2828,0.2861,947.2
2026-02-21 00:00:00+00:00,0.2851,0.2851,0.2827,0.2829,4912.2
2026-02-21 04:00:00+00:00,0.2825,0.284,0.2812,0.2814,9152.7
2026-02-21 08:00:00+00:00,0.2831,0.286,0.2831,0.2847,2593.7
2026-02-21 12:00:00+00:00,0.2815,0.2843,0.2815,0.2834,10047.5
2026-02-21 16:00:00+00:00,0.2815,0.2822,0.2794,0.2805,17730.5
2026-02-21 20:00:00+00:00,0.2813,0.2813,0.2795,0.2806,12065.0
2026-02-22 00:00:00+00:00,0.2802,0.2802,0.276,0.2774,20119.9
2026-02-22 04:00:00+00:00,0.2773,0.2773,0.2756,0.2767,1806.5
2026-02-22 08:00:00+00:00,0.2754,0.2765,0.2754,0.2765,13028.1
2026-02-22 12:00:00+00:00,0.2747,0.2747,0.2704,0.2722,17875.9
2026-02-22 16:00:00+00:00,0.2715,0.2715,0.2691,0.2701,234224.6
2026-02-22 20:00:00+00:00,0.2701,0.2724,0.2695,0.2714,213564.5
2026-02-23 00:00:00+00:00,0.2717,0.2717,0.2567,0.261,484989.9
2026-02-23 04:00:00+00:00,0.2609,0.2664,0.2598,0.2664,3708.3
2026-02-23 08:00:00+00:00,0.2656,0.2713,0.2656,0.2713,4992.4
2026-02-23 12:00:00+00:00,0.2724,0.2743,0.2677,0.2683,33806.7
2026-02-23 16:00:00+00:00,0.2663,0.2663,0.2613,0.2624,19399.3
2026-02-23 20:00:00+00:00,0.2612,0.2643,0.2612,0.2622,91214.1
2026-02-24 00:00:00+00:00,0.2642,0.2642,0.2582,0.2582,22855.4
2026-02-24 04:00:00+00:00,0.2591,0.2591,0.256,0.256,9692.8
2026-02-24 08:00:00+00:00,0.2571,0.2577,0.2566,0.2577,2140.6
2026-02-24 12:00:00+00:00,0.2577,0.2602,0.2537,0.2602,13409.9
2026-02-24 16:00:00+00:00,0.2602,0.2622,0.2595,0.261,5824.2
2026-02-24 20:00:00+00:00,0.2607,0.2607,0.2583,0.2585,15671.9
2026-02-25 00:00:00+00:00,0.2579,0.2709,0.2579,0.2665,38485.4
2026-02-25 04:00:00+00:00,0.2652,0.2665,0.2632,0.2643,12195.1
2026-02-25 08:00:00+00:00,0.2671,0.2706,0.2671,0.2705,52846.0
2026-02-25 12:00:00+00:00,0.2716,0.2926,0.2713,0.2913,96345.4
2026-02-25 16:00:00+00:00,0.2941,0.3033,0.292,0.3033,30516.1
2026-02-25 20:00:00+00:00,0.3034,0.3136,0.2945,0.2958,54131.0
2026-02-26 00:00:00+00:00,0.2966,0.301,0.2947,0.2956,32670.5
2026-02-26 04:00:00+00:00,0.2952,0.2991,0.2933,0.2949,4673.6
2026-02-26 08:00:00+00:00,0.2945,0.2949,0.2892,0.2897,80719.7
2026-02-26 12:00:00+00:00,0.2921,0.2944,0.2892,0.2924,7773.8
2026-02-26 16:00:00+00:00,0.2892,0.2896,0.2827,0.2887,20875.7
2026-02-26 20:00:00+00:00,0.2895,0.2895,0.2853,0.2869,3482.5
2026-02-27 00:00:00+00:00,0.2871,0.2879,0.2854,0.2871,2536.4
2026-02-27 04:00:00+00:00,0.291,0.2955,0.29,0.29,18474.3
2026-02-27 08:00:00+00:00,0.2924,0.2924,0.281,0.2818,11865.9
2026-02-27 12:00:00+00:00,0.2809,0.2844,0.2792,0.2792,7040.8
2026-02-27 16:00:00+00:00,0.2788,0.2793,0.2746,0.2762,4049.8
2026-02-27 20:00:00+00:00,0.2758,0.2772,0.2728,0.2771,4866.1
2026-02-28 00:00:00+00:00,0.2778,0.2794,0.2769,0.2779,6634.5
2026-02-28 04:00:00+00:00,0.2766,0.277,0.2631,0.2653,111252.4
2026-02-28 08:00:00+00:00,0.2653,0.2659,0.2597,0.2648,31155.7
2026-02-28 12:00:00+00:00,0.2635,0.2706,0.2632,0.2677,155082.4
2026-02-28 16:00:00+00:00,0.2685,0.2781,0.2678,0.2752,24604.5
2026-02-28 20:00:00+00:00,0.2766,0.284,0.2761,0.2815,27689.5
2026-03-01 00:00:00+00:00,0.2831,0.2918,0.279,0.2868,5727.3
2026-03-01 04:00:00+00:00,0.2866,0.2866,0.2819,0.2827,7633.9
2026-03-01 08:00:00+00:00,0.2812,0.2812,0.2778,0.279,2015.0
2026-03-01 12:00:00+00:00,0.2786,0.2836,0.2759,0.2799,1822.9
2026-03-01 16:00:00+00:00,0.2816,0.2816,0.2734,0.2737,22210.9
2026-03-01 20:00:00+00:00,0.2735,0.2766,0.2693,0.2735,77052.9
2026-03-02 00:00:00+00:00,0.272,0.2785,0.272,0.2763,2963.4
2026-03-02 04:00:00+00:00,0.2768,0.2768,0.27,0.27,2399.3
2026-03-02 08:00:00+00:00,0.2698,0.2737,0.269,0.2723,4779.7
2026-03-02 12:00:00+00:00,0.2719,0.2862,0.2709,0.284,99682.1
2026-03-02 16:00:00+00:00,0.2849,0.2884,0.2788,0.2798,13964.7
2026-03-02 20:00:00+00:00,0.2795,0.2807,0.2762,0.2762,43142.8
2026-03-03 00:00:00+00:00,0.2768,0.2768,0.2723,0.2735,80180.1
2026-03-03 04:00:00+00:00,0.2735,0.2735,0.268,0.2687,17129.7
2026-03-03 08:00:00+00:00,0.268,0.268,0.2633,0.2633,18693.6
2026-03-03 12:00:00+00:00,0.2659,0.2672,0.2619,0.265,21424.5
2026-03-03 16:00:00+00:00,0.265,0.2709,0.2635,0.2635,4665.2
2026-03-03 20:00:00+00:00,0.2642,0.2648,0.2607,0.2639,29783.9
2026-03-04 00:00:00+00:00,0.2622,0.2652,0.262,0.2645,11792.3
2026-03-04 04:00:00+00:00,0.2627,0.2654,0.2593,0.2654,33473.3
2026-03-04 08:00:00+00:00,0.2656,0.2738,0.2644,0.2683,17356.3
2026-03-04 12:00:00+00:00,0.2677,0.2809,0.2663,0.2809,15740.5
2026-03-04 16:00:00+00:00,0.2814,0.2837,0.278,0.2837,17384.2
2026-03-04 20:00:00+00:00,0.2821,0.2821,0.2746,0.2747,15582.6
2026-03-05 00:00:00+00:00,0.2748,0.277,0.2731,0.2734,7506.0
2026-03-05 04:00:00+00:00,0.2743,0.2756,0.2718,0.2725,1347.6
2026-03-05 08:00:00+00:00,0.2704,0.2766,0.2704,0.2764,9600.5
2026-03-05 12:00:00+00:00,0.2736,0.2766,0.2704,0.2716,18786.1
2026-03-05 16:00:00+00:00,0.2687,0.2701,0.2659,0.2693,6557.3
2026-03-05 20:00:00+00:00,0.2697,0.2713,0.2687,0.2699,6933.2
2026-03-06 00:00:00+00:00,0.2686,0.2711,0.2685,0.2703,6579.4
2026-03-06 04:00:00+00:00,0.271,0.271,0.267,0.2708,2390.7
2026-03-06 08:00:00+00:00,0.2676,0.2676,0.2662,0.2664,2654.2
2026-03-06 12:00:00+00:00,0.2669,0.269,0.2566,0.2572,73737.3
2026-03-06 16:00:00+00:00,0.257,0.2601,0.2562,0.2592,14493.5
2026-03-06 20:00:00+00:00,0.2584,0.2599,0.2578,0.2599,7420.6
2026-03-07 00:00:00+00:00,0.2596,0.2607,0.2587,0.259,17077.7
2026-03-07 04:00:00+00:00,0.259,0.2594,0.2574,0.2583,8542.9
2026-03-07 08:00:00+00:00,0.2588,0.259,0.2582,0.259,6024.2
2026-03-07 12:00:00+00:00,0.2588,0.2588,0.2519,0.255,77263.1
2026-03-07 16:00:00+00:00,0.2548,0.2567,0.2548,0.255,15505.6
2026-03-07 20:00:00+00:00,0.2557,0.2561,0.254,0.2547,11384.1
2026-03-08 00:00:00+00:00,0.2549,0.255,0.2514,0.2516,436261.9
2026-03-08 04:00:00+00:00,0.2525,0.253,0.25,0.2525,5537.4
2026-03-08 08:00:00+00:00,0.2532,0.2563,0.2532,0.2563,4613.8
2026-03-08 12:00:00+00:00,0.2543,0.2545,0.2486,0.2486,21754.2
2026-03-08 16:00:00+00:00,0.2509,0.2535,0.2495,0.2535,2509.7
2026-03-08 20:00:00+00:00,0.2515,0.2536,0.2463,0.2493,13757.1
2026-03-09 00:00:00+00:00,0.2505,0.2562,0.2496,0.254,8666.7
2026-03-09 04:00:00+00:00,0.2531,0.2591,0.2531,0.255,14676.9
2026-03-09 08:00:00+00:00,0.2559,0.258,0.255,0.2551,8861.0
2026-03-09 12:00:00+00:00,0.2549,0.2599,0.2545,0.2545,21278.4
2026-03-09 16:00:00+00:00,0.2573,0.2625,0.2551,0.2595,459555.4
2026-03-09 20:00:00+00:00,0.259,0.2599,0.255,0.2569,26548.9
2026-03-10 00:00:00+00:00,0.2548,0.2636,0.2548,0.2588,27308.8
2026-03-10 04:00:00+00:00,0.2598,0.2619,0.259,0.2601,3872.3
2026-03-10 08:00:00+00:00,0.2622,0.2681,0.2618,0.2645,37781.3
2026-03-10 12:00:00+00:00,0.2637,0.2746,0.2619,0.2703,57308.6
2026-03-10 16:00:00+00:00,0.2718,0.2747,0.2623,0.2623,33143.2
2026-03-10 20:00:00+00:00,0.2639,0.2643,0.2602,0.2615,12130.8
2026-03-11 00:00:00+00:00,0.2617,0.2641,0.2593,0.2598,9749.8
2026-03-11 04:00:00+00:00,0.2594,0.2626,0.2571,0.2571,10777.6
2026-03-11 08:00:00+00:00,0.2578,0.2597,0.2576,0.2585,4232.0
2026-03-11 12:00:00+00:00,0.2596,0.2664,0.2596,0.2629,28115.4
2026-03-11 16:00:00+00:00,0.2623,0.2669,0.2615,0.2642,133028.5
2026-03-11 20:00:00+00:00,0.2649,0.2655,0.2623,0.2623,7962.0
2026-03-12 00:00:00+00:00,0.2619,0.263,0.2592,0.2593,30748.3
2026-03-12 04:00:00+00:00,0.2598,0.2619,0.2581,0.2591,223419.9
2026-03-12 08:00:00+00:00,0.26,0.2625,0.26,0.2624,3700.7
2026-03-12 12:00:00+00:00,0.2618,0.2636,0.2588,0.2619,5757.3
2026-03-12 16:00:00+00:00,0.2612,0.2636,0.2607,0.2633,4913.3
2026-03-12 20:00:00+00:00,0.2623,0.2653,0.2613,0.2629,4526.6
2026-03-13 00:00:00+00:00,0.2656,0.2728,0.2656,0.2697,250786.9
2026-03-13 04:00:00+00:00,0.2721,0.2756,0.2706,0.272,17569.6
2026-03-13 08:00:00+00:00,0.2722,0.2749,0.272,0.2741,11275.1
2026-03-13 12:00:00+00:00,0.2755,0.2815,0.2712,0.2712,109265.0
2026-03-13 16:00:00+00:00,0.272,0.2722,0.2663,0.268,80529.7
2026-03-13 20:00:00+00:00,0.2677,0.2691,0.2637,0.2652,21557.8
2026-03-14 00:00:00+00:00,0.2648,0.2658,0.2635,0.2658,98403.1
2026-03-14 04:00:00+00:00,0.2652,0.2658,0.2616,0.2618,368807.6
2026-03-14 08:00:00+00:00,0.2612,0.2621,0.2597,0.2608,10362.6
2026-03-14 12:00:00+00:00,0.2609,0.2615,0.2597,0.2602,23186.4
2026-03-14 16:00:00+00:00,0.2622,0.2622,0.2586,0.2596,3917.8
2026-03-14 20:00:00+00:00,0.2592,0.2636,0.2589,0.2636,7423.5
2026-03-15 00:00:00+00:00,0.2645,0.2656,0.2618,0.2652,41420.5
2026-03-15 04:00:00+00:00,0.2663,0.267,0.264,0.2643,15735.2
2026-03-15 08:00:00+00:00,0.2649,0.2666,0.2647,0.2655,2394.1
2026-03-15 12:00:00+00:00,0.2649,0.2649,0.2632,0.2645,2916.7
2026-03-15 16:00:00+00:00,0.2636,0.2652,0.2628,0.2634,9633.7
2026-03-15 20:00:00+00:00,0.264,0.2722,0.2633,0.2702,40157.4
2026-03-16 00:00:00+00:00,0.2718,0.2806,0.2683,0.2773,40974.5
2026-03-16 04:00:00+00:00,0.2784,0.2922,0.2784,0.2902,99667.3
2026-03-16 08:00:00+00:00,0.2928,0.2931,0.2845,0.2848,24705.1
2026-03-16 12:00:00+00:00,0.286,0.2879,0.2827,0.285,11565.6
2026-03-16 16:00:00+00:00,0.2849,0.2893,0.2849,0.2875,36045.2
2026-03-16 20:00:00+00:00,0.288,0.292,0.2873,0.2909,33378.3
2026-03-17 00:00:00+00:00,0.2901,0.2929,0.2841,0.2853,39706.9
2026-03-17 04:00:00+00:00,0.2834,0.2881,0.2817,0.2872,13978.9
2026-03-17 08:00:00+00:00,0.2868,0.2887,0.286,0.2877,14555.6
2026-03-17 12:00:00+00:00,0.2864,0.2893,0.2845,0.2893,8505.8
2026-03-17 16:00:00+00:00,0.286,0.2922,0.2859,0.2889,19060.3
2026-03-17 20:00:00+00:00,0.2885,0.2916,0.2885,0.2899,83126.8
2026-03-18 00:00:00+00:00,0.2921,0.2931,0.2867,0.2911,36838.1
2026-03-18 04:00:00+00:00,0.2916,0.2951,0.2875,0.288,6187.3
2026-03-18 08:00:00+00:00,0.2896,0.2916,0.2798,0.2798,124260.0
2026-03-18 12:00:00+00:00,0.2788,0.28,0.2704,0.2724,114756.9
2026-03-18 16:00:00+00:00,0.2714,0.2751,0.2702,0.2739,114186.1
2026-03-18 20:00:00+00:00,0.2716,0.2748,0.2708,0.2748,36242.8
2026-03-19 00:00:00+00:00,0.273,0.2756,0.2724,0.2747,9677.1
2026-03-19 04:00:00+00:00,0.2728,0.2728,0.2662,0.2697,21066.3
2026-03-19 08:00:00+00:00,0.2697,0.2708,0.2691,0.2691,6602.2
2026-03-19 12:00:00+00:00,0.2689,0.2689,0.2634,0.2653,56034.0
2026-03-19 16:00:00+00:00,0.2643,0.2685,0.2631,0.2676,9688.3
2026-03-19 20:00:00+00:00,0.2672,0.2686,0.2662,0.2677,3665.2
2026-03-20 00:00:00+00:00,0.2688,0.2706,0.2681,0.2706,3300.7
2026-03-20 04:00:00+00:00,0.2702,0.2724,0.2682,0.2682,4392.1
2026-03-20 08:00:00+00:00,0.2706,0.2712,0.268,0.2682,5959.4
2026-03-20 12:00:00+00:00,0.2691,0.2691,0.2647,0.2663,9013.5
2026-03-20 16:00:00+00:00,0.2671,0.2671,0.2616,0.2639,19597.9
2026-03-20 20:00:00+00:00,0.2641,0.2667,0.2627,0.2667,1045.1
2026-03-21 00:00:00+00:00,0.2664,0.2672,0.2661,0.2662,2371.8
2026-03-21 04:00:00+00:00,0.2662,0.2669,0.2643,0.2643,319.9
2026-03-21 08:00:00+00:00,0.2647,0.2647,0.2643,0.2643,2658.5
2026-03-21 12:00:00+00:00,0.265,0.2652,0.2636,0.2636,5853.9
2026-03-21 16:00:00+00:00,0.265,0.2651,0.2636,0.2647,6443.5
2026-03-21 20:00:00+00:00,0.2647,0.2662,0.2568,0.2569,53597.9
2026-03-22 00:00:00+00:00,0.2569,0.26,0.2536,0.26,34247.6
2026-03-22 04:00:00+00:00,0.2583,0.2591,0.2575,0.2591,1869.8
2026-03-22 08:00:00+00:00,0.2569,0.2569,0.2555,0.2559,5123.5
2026-03-22 12:00:00+00:00,0.2551,0.2576,0.2551,0.2559,7680.0
2026-03-22 16:00:00+00:00,0.2553,0.2555,0.251,0.2514,10364.3
2026-03-22 20:00:00+00:00,0.2528,0.2528,0.2488,0.2506,80976.9
2026-03-23 00:00:00+00:00,0.2508,0.2532,0.2504,0.2526,35447.5
2026-03-23 04:00:00+00:00,0.2522,0.2534,0.2481,0.2481,42964.4
2026-03-23 08:00:00+00:00,0.2509,0.2642,0.2484,0.2598,50339.8
2026-03-23 12:00:00+00:00,0.2596,0.2664,0.2576,0.2625,86760.5
2026-03-23 16:00:00+00:00,0.2615,0.2627,0.2597,0.2619,3378.2
2026-03-23 20:00:00+00:00,0.2619,0.2649,0.2613,0.2643,5470.1
2026-03-24 00:00:00+00:00,0.2632,0.2632,0.2585,0.2607,6669.8
2026-03-24 04:00:00+00:00,0.262,0.2656,0.262,0.2656,2566.7
2026-03-24 08:00:00+00:00,0.2664,0.2684,0.2623,0.2637,10113.0
2026-03-24 12:00:00+00:00,0.2635,0.2639,0.2624,0.263,1222.4
