timestamp,open,high,low,close,volume
2025-03-24 16:00:00+00:00,4.901,4.939,4.874,4.939,36.68
2025-03-24 20:00:00+00:00,4.95,4.982,4.896,4.911,356.88
2025-03-25 00:00:00+00:00,4.951,5.011,4.923,4.923,840.1
2025-03-25 04:00:00+00:00,4.918,4.931,4.877,4.877,79.9
2025-03-25 08:00:00+00:00,4.9,4.9,4.846,4.892,143.57
2025-03-25 12:00:00+00:00,4.903,4.903,4.824,4.824,11.7
2025-03-25 16:00:00+00:00,4.821,4.864,4.813,4.83,36.27
2025-03-25 20:00:00+00:00,4.841,4.861,4.796,4.835,317.04
2025-03-26 00:00:00+00:00,4.836,4.896,4.778,4.778,194.14
2025-03-26 04:00:00+00:00,4.794,4.906,4.774,4.906,101.75
2025-03-26 08:00:00+00:00,4.906,4.94,4.844,4.94,69.61
2025-03-26 12:00:00+00:00,4.95,4.976,4.874,4.94,317.22
2025-03-26 16:00:00+00:00,4.91,4.917,4.831,4.893,1754.61
2025-03-26 20:00:00+00:00,4.903,4.95,4.852,4.88,825.17
2025-03-27 00:00:00+00:00,4.917,4.962,4.84,4.956,865.93
2025-03-27 04:00:00+00:00,4.958,4.959,4.858,4.858,604.23
2025-03-27 08:00:00+00:00,4.927,4.927,4.789,4.795,348.86
2025-03-27 12:00:00+00:00,4.786,4.874,4.745,4.855,747.18
2025-03-27 16:00:00+00:00,4.854,4.882,4.766,4.84,157.83
2025-03-27 20:00:00+00:00,4.74,4.85,4.739,4.85,4.5
2025-03-28 00:00:00+00:00,4.805,4.869,4.723,4.796,253.37
2025-03-28 04:00:00+00:00,4.721,4.738,4.559,4.559,563.31
2025-03-28 08:00:00+00:00,4.587,4.594,4.549,4.594,371.7
2025-03-28 12:00:00+00:00,4.594,4.663,4.568,4.569,97.75
2025-03-28 16:00:00+00:00,4.548,4.593,4.505,4.505,182.27
2025-03-28 20:00:00+00:00,4.526,4.584,4.524,4.556,142.44
2025-03-29 00:00:00+00:00,4.501,4.61,4.418,4.547,397.71
2025-03-29 04:00:00+00:00,4.496,4.496,4.445,4.452,57.68
2025-03-29 08:00:00+00:00,4.505,4.505,4.393,4.396,57.48
2025-03-29 12:00:00+00:00,4.41,4.485,4.358,4.361,131.95
2025-03-29 16:00:00+00:00,4.349,4.36,4.258,4.261,268.97
2025-03-29 20:00:00+00:00,4.261,4.297,4.183,4.216,208.79
2025-03-30 00:00:00+00:00,4.242,4.304,4.2,4.304,3276.66
2025-03-30 04:00:00+00:00,4.316,4.339,4.304,4.328,122.44
2025-03-30 08:00:00+00:00,4.323,4.383,4.323,4.332,37.82
2025-03-30 12:00:00+00:00,4.317,4.317,4.263,4.284,45.25
2025-03-30 16:00:00+00:00,4.309,4.348,4.247,4.328,102.73
2025-03-30 20:00:00+00:00,4.331,4.379,4.231,4.313,325.7
2025-03-31 00:00:00+00:00,4.332,4.351,4.248,4.287,194.45
2025-03-31 04:00:00+00:00,4.304,4.338,4.221,4.229,248.94
2025-03-31 08:00:00+00:00,4.247,4.292,4.2,4.292,5836.14
2025-03-31 12:00:00+00:00,4.279,4.459,4.279,4.407,301.57
2025-03-31 16:00:00+00:00,4.4,4.418,4.362,4.384,289.44
2025-03-31 20:00:00+00:00,4.382,4.4,4.355,4.379,184.04
2025-04-01 00:00:00+00:00,4.382,4.432,4.349,4.432,120.87
2025-04-01 04:00:00+00:00,4.454,4.474,4.415,4.435,288.88
2025-04-01 08:00:00+00:00,4.453,4.544,4.453,4.461,2384.43
2025-04-01 12:00:00+00:00,4.449,4.513,4.378,4.513,308.24
2025-04-01 16:00:00+00:00,4.452,4.473,4.407,4.414,62.64
2025-04-01 20:00:00+00:00,4.418,4.418,4.355,4.355,26.19
2025-04-02 00:00:00+00:00,4.365,4.477,4.287,4.318,598.99
2025-04-02 04:00:00+00:00,4.362,4.387,4.293,4.296,148.6
2025-04-02 08:00:00+00:00,4.326,4.377,4.326,4.351,19.46
2025-04-02 12:00:00+00:00,4.343,4.527,4.341,4.527,236.76
2025-04-02 16:00:00+00:00,4.544,4.563,4.437,4.491,89.04
2025-04-02 20:00:00+00:00,4.516,4.589,4.141,4.214,720.58
2025-04-03 00:00:00+00:00,4.232,4.449,4.232,4.374,313.84
2025-04-03 04:00:00+00:00,4.418,5.444,4.378,4.378,4062.1
2025-04-03 08:00:00+00:00,4.442,4.442,4.287,4.366,130.01
2025-04-03 12:00:00+00:00,4.305,4.375,4.247,4.375,322.59
2025-04-03 16:00:00+00:00,4.345,4.541,4.345,4.541,289.26
2025-04-03 20:00:00+00:00,4.542,4.708,4.536,4.649,1854.35
2025-04-04 00:00:00+00:00,4.66,4.821,4.595,4.805,1028.19
2025-04-04 04:00:00+00:00,4.822,4.864,4.733,4.784,204.73
2025-04-04 08:00:00+00:00,4.803,4.819,4.642,4.721,831.21
2025-04-04 12:00:00+00:00,4.728,5.091,4.728,5.061,1152.89
2025-04-04 16:00:00+00:00,5.015,5.076,4.976,5.009,151.93
2025-04-04 20:00:00+00:00,4.984,5.047,4.942,4.942,320.58
2025-04-05 00:00:00+00:00,4.976,5.001,4.901,4.901,605.64
2025-04-05 04:00:00+00:00,4.899,4.95,4.87,4.943,212.43
2025-04-05 08:00:00+00:00,4.918,4.957,4.885,4.943,448.62
2025-04-05 12:00:00+00:00,4.95,4.95,4.874,4.874,76.75
2025-04-05 16:00:00+00:00,4.872,4.895,4.85,4.892,174.49
2025-04-05 20:00:00+00:00,4.846,4.853,4.724,4.795,102.2
2025-04-06 00:00:00+00:00,4.797,4.818,4.729,4.763,161.07
2025-04-06 04:00:00+00:00,4.759,4.759,4.7,4.7,46.73
2025-04-06 08:00:00+00:00,4.748,4.751,4.718,4.718,12.4
2025-04-06 12:00:00+00:00,4.727,4.746,4.673,4.746,160.91
2025-04-06 16:00:00+00:00,4.749,4.761,4.445,4.484,543.31
2025-04-06 20:00:00+00:00,4.485,4.543,4.386,4.444,1127.68
2025-04-07 00:00:00+00:00,4.432,4.564,4.263,4.291,1144.08
2025-04-07 04:00:00+00:00,4.308,4.352,4.046,4.067,644.48
2025-04-07 08:00:00+00:00,4.046,4.279,4.038,4.141,290.92
2025-04-07 12:00:00+00:00,4.172,4.583,4.158,4.46,1282.79
2025-04-07 16:00:00+00:00,4.429,4.442,4.327,4.339,858.09
2025-04-07 20:00:00+00:00,4.351,4.419,4.332,4.359,145.39
2025-04-08 00:00:00+00:00,4.328,4.411,4.259,4.312,414.05
2025-04-08 04:00:00+00:00,4.314,4.357,4.241,4.281,238.22
2025-04-08 08:00:00+00:00,4.262,4.346,4.228,4.34,245.95
2025-04-08 12:00:00+00:00,4.349,4.418,4.271,4.34,1004.05
2025-04-08 16:00:00+00:00,4.263,4.305,4.11,4.175,311.27
2025-04-08 20:00:00+00:00,4.192,4.253,4.158,4.158,498.94
2025-04-09 00:00:00+00:00,4.157,4.192,4.02,4.152,379.86
2025-04-09 04:00:00+00:00,4.202,4.315,4.187,4.302,265.82
2025-04-09 08:00:00+00:00,4.273,4.273,4.202,4.202,25.49
2025-04-09 12:00:00+00:00,4.23,4.302,4.186,4.302,591.13
2025-04-09 16:00:00+00:00,4.297,4.571,4.281,4.556,652.44
2025-04-09 20:00:00+00:00,4.53,4.559,4.515,4.538,281.74
2025-04-10 00:00:00+00:00,4.535,4.535,4.407,4.444,794.9
2025-04-10 04:00:00+00:00,4.427,4.472,4.426,4.426,21.45
2025-04-10 08:00:00+00:00,4.41,4.426,4.377,4.377,60.0
2025-04-10 12:00:00+00:00,4.44,4.44,4.239,4.25,504.86
2025-04-10 16:00:00+00:00,4.264,4.316,4.262,4.294,480.06
2025-04-10 20:00:00+00:00,4.294,4.332,4.28,4.326,196.64
2025-04-11 00:00:00+00:00,4.339,4.4,4.29,4.374,192.46
2025-04-11 04:00:00+00:00,4.363,4.363,4.306,4.306,11.67
2025-04-11 08:00:00+00:00,4.296,4.314,4.245,4.245,268.79
2025-04-11 12:00:00+00:00,4.241,4.314,4.209,4.259,568.83
2025-04-11 16:00:00+00:00,4.247,4.293,4.208,4.256,445.38
2025-04-11 20:00:00+00:00,4.239,4.288,4.222,4.268,1372.5
2025-04-12 00:00:00+00:00,4.316,4.317,4.169,4.219,1399.61
2025-04-12 04:00:00+00:00,4.234,4.236,4.189,4.189,16.63
2025-04-12 08:00:00+00:00,4.189,4.227,4.189,4.206,172.61
2025-04-12 12:00:00+00:00,4.202,4.351,4.202,4.332,268.75
2025-04-12 16:00:00+00:00,4.294,4.336,4.263,4.273,613.23
2025-04-12 20:00:00+00:00,4.306,4.394,4.306,4.337,243.86
2025-04-13 00:00:00+00:00,4.389,4.396,4.28,4.303,465.86
2025-04-13 04:00:00+00:00,4.263,4.274,4.231,4.231,42.43
2025-04-13 08:00:00+00:00,4.238,4.252,4.224,4.249,145.22
2025-04-13 12:00:00+00:00,4.246,4.263,4.183,4.204,675.57
2025-04-13 16:00:00+00:00,4.216,4.293,4.058,4.107,936.04
2025-04-13 20:00:00+00:00,4.121,4.15,4.058,4.115,538.03
2025-04-14 00:00:00+00:00,4.145,4.266,4.141,4.229,423.15
2025-04-14 04:00:00+00:00,4.23,4.234,4.096,4.114,213.74
2025-04-14 08:00:00+00:00,4.137,4.193,4.064,4.193,424.31
2025-04-14 12:00:00+00:00,4.199,4.239,4.117,4.117,185.14
2025-04-14 16:00:00+00:00,4.117,4.187,4.11,4.115,1436.04
2025-04-14 20:00:00+00:00,4.17,4.193,4.129,4.144,75.78
2025-04-15 00:00:00+00:00,4.136,4.207,4.096,4.162,284.47
2025-04-15 04:00:00+00:00,4.172,4.172,4.117,4.117,68.52
2025-04-15 08:00:00+00:00,4.164,4.178,4.133,4.14,43.6
2025-04-15 12:00:00+00:00,4.138,4.184,4.036,4.066,1575.89
2025-04-15 16:00:00+00:00,4.059,4.078,4.027,4.042,1333.11
2025-04-15 20:00:00+00:00,4.042,4.114,3.98,3.98,529.93
2025-04-16 00:00:00+00:00,3.975,4.066,3.966,4.034,1592.5
2025-04-16 04:00:00+00:00,4.028,4.036,3.975,3.975,56.55
2025-04-16 08:00:00+00:00,3.975,4.029,3.942,4.015,112.06
2025-04-16 12:00:00+00:00,3.996,4.093,3.989,4.093,846.46
2025-04-16 16:00:00+00:00,4.098,4.107,3.928,4.04,2230.46
2025-04-16 20:00:00+00:00,4.051,4.098,4.024,4.024,112.47
2025-04-17 00:00:00+00:00,4.035,4.112,3.996,3.998,284.94
2025-04-17 04:00:00+00:00,4.032,4.127,4.032,4.127,66.34
2025-04-17 08:00:00+00:00,4.113,4.113,4.08,4.094,388.06
2025-04-17 12:00:00+00:00,4.092,4.109,4.028,4.088,110.92
2025-04-17 16:00:00+00:00,4.101,4.19,4.101,4.153,226.67
2025-04-17 20:00:00+00:00,4.18,4.18,4.096,4.096,185.56
2025-04-18 00:00:00+00:00,4.113,4.18,4.08,4.125,203.61
2025-04-18 04:00:00+00:00,4.137,4.167,4.137,4.166,86.64
2025-04-18 08:00:00+00:00,4.172,4.196,4.059,4.169,891.12
2025-04-18 12:00:00+00:00,4.192,4.192,4.117,4.159,347.3
2025-04-18 16:00:00+00:00,4.155,4.214,4.142,4.2,94.38
2025-04-18 20:00:00+00:00,4.179,4.179,4.117,4.117,26.35
2025-04-19 00:00:00+00:00,4.137,4.201,4.121,4.2,49.92
2025-04-19 04:00:00+00:00,4.179,4.179,4.153,4.153,9.61
2025-04-19 08:00:00+00:00,4.157,4.167,4.156,4.167,11.0
2025-04-19 12:00:00+00:00,4.156,4.2,4.147,4.187,14.33
2025-04-19 16:00:00+00:00,4.199,4.204,4.137,4.204,132.02
2025-04-19 20:00:00+00:00,4.129,4.242,4.129,4.238,85.58
2025-04-20 00:00:00+00:00,4.217,4.246,4.152,4.245,191.21
2025-04-20 04:00:00+00:00,4.229,4.254,4.189,4.189,125.82
2025-04-20 08:00:00+00:00,4.195,4.195,4.124,4.128,156.86
2025-04-20 12:00:00+00:00,4.12,4.12,4.11,4.11,35.18
2025-04-20 16:00:00+00:00,4.133,4.156,4.121,4.156,77.44
2025-04-20 20:00:00+00:00,4.163,4.17,4.129,4.156,15.91
2025-04-21 00:00:00+00:00,4.153,4.253,4.146,4.216,385.87
2025-04-21 04:00:00+00:00,4.218,4.291,4.197,4.26,196.1
2025-04-21 08:00:00+00:00,4.253,4.267,4.245,4.246,32.98
2025-04-21 12:00:00+00:00,4.263,4.273,4.186,4.225,480.47
2025-04-21 16:00:00+00:00,4.228,4.228,4.129,4.176,143.95
2025-04-21 20:00:00+00:00,4.14,4.14,4.05,4.05,245.46
2025-04-22 00:00:00+00:00,4.063,4.089,3.977,4.06,360.84
2025-04-22 04:00:00+00:00,4.058,4.072,3.994,4.058,158.96
2025-04-22 08:00:00+00:00,4.065,4.117,4.029,4.117,165.63
2025-04-22 12:00:00+00:00,4.117,4.247,4.094,4.204,338.48
2025-04-22 16:00:00+00:00,4.245,4.245,4.191,4.238,85.28
2025-04-22 20:00:00+00:00,4.253,4.332,4.219,4.292,1148.34
2025-04-23 00:00:00+00:00,4.31,4.368,4.23,4.368,896.32
2025-04-23 04:00:00+00:00,4.348,4.41,4.348,4.369,96.56
2025-04-23 08:00:00+00:00,4.337,4.38,4.309,4.309,59.69
2025-04-23 12:00:00+00:00,4.411,4.411,4.267,4.267,169.6
2025-04-23 16:00:00+00:00,4.36,4.431,4.338,4.354,169.66
2025-04-23 20:00:00+00:00,4.419,4.419,4.346,4.415,133.5
2025-04-24 00:00:00+00:00,4.418,4.433,4.248,4.318,1090.14
2025-04-24 04:00:00+00:00,4.322,4.371,4.322,4.34,87.82
2025-04-24 08:00:00+00:00,4.318,4.368,4.292,4.337,29.24
2025-04-24 12:00:00+00:00,4.371,4.573,4.371,4.564,945.44
2025-04-24 16:00:00+00:00,4.548,4.604,4.529,4.547,69.52
2025-04-24 20:00:00+00:00,4.571,4.588,4.544,4.544,8.05
2025-04-25 00:00:00+00:00,4.54,4.597,4.432,4.472,266.08
2025-04-25 04:00:00+00:00,4.482,4.591,4.482,4.575,163.85
2025-04-25 08:00:00+00:00,4.55,4.583,4.514,4.514,30.93
2025-04-25 12:00:00+00:00,4.56,4.606,4.512,4.606,30.46
2025-04-25 16:00:00+00:00,4.596,4.624,4.531,4.531,183.5
2025-04-25 20:00:00+00:00,4.563,4.576,4.517,4.576,20.51
2025-04-26 00:00:00+00:00,4.569,4.636,4.558,4.636,66.4
2025-04-26 04:00:00+00:00,4.607,4.652,4.529,4.652,2303.05
2025-04-26 08:00:00+00:00,4.653,4.66,4.556,4.556,1474.0
2025-04-26 12:00:00+00:00,4.578,4.677,4.578,4.677,1231.59
2025-04-26 16:00:00+00:00,4.687,4.721,4.638,4.646,413.73
2025-04-26 20:00:00+00:00,4.647,4.647,4.588,4.589,45.72
2025-04-27 00:00:00+00:00,4.621,4.699,4.489,4.49,284.24
2025-04-27 04:00:00+00:00,4.49,4.565,4.448,4.448,230.96
2025-04-27 08:00:00+00:00,4.485,4.485,4.446,4.449,307.81
2025-04-27 12:00:00+00:00,4.472,4.505,4.418,4.418,109.31
2025-04-27 16:00:00+00:00,4.419,4.437,4.378,4.437,988.69
2025-04-27 20:00:00+00:00,4.443,4.449,4.369,4.432,31.22
2025-04-28 00:00:00+00:00,4.368,4.432,4.292,4.371,213.87
2025-04-28 04:00:00+00:00,4.393,4.47,4.393,4.462,59.84
2025-04-28 08:00:00+00:00,4.478,4.489,4.38,4.38,970.12
2025-04-28 12:00:00+00:00,4.484,4.484,4.351,4.351,70.87
2025-04-28 16:00:00+00:00,4.409,4.47,4.34,4.461,19.35
2025-04-28 20:00:00+00:00,4.43,4.478,4.383,4.47,64.19
2025-04-29 00:00:00+00:00,4.426,4.492,4.407,4.407,94.77
2025-04-29 04:00:00+00:00,4.479,4.515,4.431,4.511,48.32
2025-04-29 08:00:00+00:00,4.498,4.498,4.445,4.445,164.85
2025-04-29 12:00:00+00:00,4.439,4.497,4.435,4.435,70.7
2025-04-29 16:00:00+00:00,4.502,4.502,4.424,4.424,28.23
2025-04-29 20:00:00+00:00,4.444,4.444,4.343,4.343,143.97
2025-04-30 00:00:00+00:00,4.347,4.403,4.328,4.379,224.23
2025-04-30 04:00:00+00:00,4.318,4.37,4.318,4.34,175.6
2025-04-30 08:00:00+00:00,4.316,4.415,4.316,4.387,84.94
2025-04-30 12:00:00+00:00,4.414,4.414,4.229,4.238,484.03
2025-04-30 16:00:00+00:00,4.276,4.314,4.246,4.262,180.95
2025-04-30 20:00:00+00:00,4.315,4.339,4.295,4.304,244.91
2025-05-01 00:00:00+00:00,4.309,4.344,4.276,4.293,234.18
2025-05-01 04:00:00+00:00,4.323,4.344,4.314,4.314,345.5
2025-05-01 08:00:00+00:00,4.344,4.389,4.304,4.389,78.91
2025-05-01 12:00:00+00:00,4.371,4.421,4.315,4.375,57.73
2025-05-01 16:00:00+00:00,4.427,4.484,4.415,4.449,327.85
2025-05-01 20:00:00+00:00,4.456,4.47,4.399,4.399,6.1
2025-05-02 00:00:00+00:00,4.429,4.492,4.428,4.452,445.94
2025-05-02 04:00:00+00:00,4.452,4.452,4.424,4.424,2.49
2025-05-02 08:00:00+00:00,4.418,4.418,4.418,4.418,2.02
2025-05-02 12:00:00+00:00,4.415,4.445,4.398,4.445,118.97
2025-05-02 16:00:00+00:00,4.436,4.436,4.361,4.361,517.53
2025-05-02 20:00:00+00:00,4.389,4.389,4.339,4.387,790.82
2025-05-03 00:00:00+00:00,4.394,4.41,4.34,4.361,27.0
2025-05-03 04:00:00+00:00,4.322,4.33,4.322,4.33,75.56
2025-05-03 08:00:00+00:00,4.312,4.345,4.263,4.28,184.62
2025-05-03 12:00:00+00:00,4.284,4.284,4.244,4.251,75.5
2025-05-03 16:00:00+00:00,4.248,4.253,4.161,4.253,1029.81
2025-05-03 20:00:00+00:00,4.258,4.26,4.232,4.248,5.14
2025-05-04 00:00:00+00:00,4.25,4.262,4.204,4.209,216.66
2025-05-04 04:00:00+00:00,4.2,4.255,4.184,4.184,101.68
2025-05-04 08:00:00+00:00,4.176,4.19,4.127,4.159,53.4
2025-05-04 12:00:00+00:00,4.141,4.167,4.12,4.121,156.94
2025-05-04 16:00:00+00:00,4.115,4.115,4.07,4.07,118.87
2025-05-04 20:00:00+00:00,4.106,4.113,4.079,4.083,39.74
2025-05-05 00:00:00+00:00,4.108,4.162,4.091,4.158,93.1
2025-05-05 04:00:00+00:00,4.165,4.7,4.111,4.15,2890.85
2025-05-05 08:00:00+00:00,4.15,4.15,4.055,4.055,163.18
2025-05-05 12:00:00+00:00,4.088,4.093,4.065,4.087,1069.58
2025-05-05 16:00:00+00:00,4.059,4.133,4.059,4.133,103.49
2025-05-05 20:00:00+00:00,4.072,4.103,4.066,4.07,267.5
2025-05-06 00:00:00+00:00,4.066,4.104,4.029,4.058,82.74
2025-05-06 04:00:00+00:00,4.08,4.08,4.042,4.053,276.88
2025-05-06 08:00:00+00:00,4.044,4.044,4.001,4.001,248.18
2025-05-06 12:00:00+00:00,4.032,4.067,4.023,4.039,183.73
2025-05-06 16:00:00+00:00,4.032,4.067,4.029,4.064,32.0
2025-05-06 20:00:00+00:00,4.056,4.103,3.979,4.1,281.82
2025-05-07 00:00:00+00:00,4.104,4.153,4.101,4.101,201.81
2025-05-07 04:00:00+00:00,4.125,4.125,4.1,4.124,115.79
2025-05-07 08:00:00+00:00,4.149,4.183,4.11,4.14,161.8
2025-05-07 12:00:00+00:00,4.11,4.135,4.11,4.135,32.63
2025-05-07 16:00:00+00:00,4.117,4.138,4.092,4.132,827.06
2025-05-07 20:00:00+00:00,4.123,4.174,4.123,4.174,76.84
2025-05-08 00:00:00+00:00,4.164,4.276,4.164,4.271,397.22
2025-05-08 04:00:00+00:00,4.279,4.328,4.265,4.328,567.35
2025-05-08 08:00:00+00:00,4.314,4.381,4.314,4.365,192.76
2025-05-08 12:00:00+00:00,4.387,4.449,4.34,4.448,291.52
2025-05-08 16:00:00+00:00,4.448,4.453,4.41,4.44,2160.58
2025-05-08 20:00:00+00:00,4.454,4.574,4.424,4.5,1689.16
2025-05-09 00:00:00+00:00,4.527,4.645,4.493,4.58,2279.48
2025-05-09 04:00:00+00:00,4.572,4.746,4.572,4.731,1576.57
2025-05-09 08:00:00+00:00,4.747,4.942,4.747,4.931,1180.43
2025-05-09 12:00:00+00:00,4.904,4.99,4.868,4.94,1557.61
2025-05-09 16:00:00+00:00,4.874,4.989,4.87,4.911,432.13
2025-05-09 20:00:00+00:00,4.95,4.986,4.911,4.93,50.4
2025-05-10 00:00:00+00:00,4.947,5.042,4.87,4.938,465.25
2025-05-10 04:00:00+00:00,4.91,4.995,4.91,4.995,106.17
2025-05-10 08:00:00+00:00,4.963,5.042,4.935,5.002,391.39
2025-05-10 12:00:00+00:00,5.006,5.097,4.996,5.006,414.38
2025-05-10 16:00:00+00:00,5.085,5.21,5.062,5.161,1084.35
2025-05-10 20:00:00+00:00,5.104,5.385,5.1,5.378,820.94
2025-05-11 00:00:00+00:00,5.386,5.416,5.244,5.334,1065.19
2025-05-11 04:00:00+00:00,5.359,5.369,5.126,5.175,282.91
2025-05-11 08:00:00+00:00,5.147,5.317,5.147,5.317,69.8
2025-05-11 12:00:00+00:00,5.278,5.284,5.131,5.247,193.21
2025-05-11 16:00:00+00:00,5.254,5.329,5.153,5.283,448.53
2025-05-11 20:00:00+00:00,5.247,5.331,5.229,5.285,160.38
2025-05-12 00:00:00+00:00,5.319,5.365,5.229,5.297,670.57
2025-05-12 04:00:00+00:00,5.272,5.49,5.272,5.368,1375.82
2025-05-12 08:00:00+00:00,5.361,5.438,5.315,5.32,756.23
2025-05-12 12:00:00+00:00,5.34,5.408,5.218,5.238,548.89
2025-05-12 16:00:00+00:00,5.263,5.397,5.122,5.227,950.61
2025-05-12 20:00:00+00:00,5.256,5.295,5.215,5.27,226.8
2025-05-13 00:00:00+00:00,5.227,5.231,5.019,5.019,909.34
2025-05-13 04:00:00+00:00,5.035,5.12,5.035,5.073,85.01
2025-05-13 08:00:00+00:00,5.061,5.155,5.061,5.139,215.93
2025-05-13 12:00:00+00:00,5.089,5.179,5.089,5.142,252.66
2025-05-13 16:00:00+00:00,5.151,5.343,5.151,5.323,1165.98
2025-05-13 20:00:00+00:00,5.294,5.339,5.273,5.273,433.92
2025-05-14 00:00:00+00:00,5.288,5.34,5.226,5.24,839.12
2025-05-14 04:00:00+00:00,5.22,5.276,5.214,5.229,15.31
2025-05-14 08:00:00+00:00,5.2,5.241,5.093,5.195,629.89
2025-05-14 12:00:00+00:00,5.195,5.195,5.067,5.067,121.56
2025-05-14 16:00:00+00:00,5.102,5.134,5.067,5.13,149.69
2025-05-14 20:00:00+00:00,5.128,5.128,5.061,5.073,264.11
2025-05-15 00:00:00+00:00,5.073,5.14,5.021,5.083,206.65
2025-05-15 04:00:00+00:00,5.023,5.093,4.87,4.892,424.28
2025-05-15 08:00:00+00:00,4.944,4.979,4.808,4.867,186.4
2025-05-15 12:00:00+00:00,4.885,4.935,4.775,4.884,272.2
2025-05-15 16:00:00+00:00,4.891,4.984,4.798,4.798,142.69
2025-05-15 20:00:00+00:00,4.857,4.909,4.789,4.85,159.73
2025-05-16 00:00:00+00:00,4.874,4.949,4.802,4.949,634.61
2025-05-16 04:00:00+00:00,4.95,4.97,4.902,4.97,48.69
2025-05-16 08:00:00+00:00,4.923,4.966,4.874,4.966,79.65
2025-05-16 12:00:00+00:00,4.961,4.976,4.919,4.919,16.86
2025-05-16 16:00:00+00:00,4.91,4.93,4.876,4.886,310.86
2025-05-16 20:00:00+00:00,4.917,4.917,4.795,4.833,71.04
2025-05-17 00:00:00+00:00,4.781,4.795,4.668,4.728,242.52
2025-05-17 04:00:00+00:00,4.745,4.793,4.665,4.665,7.52
2025-05-17 08:00:00+00:00,4.737,4.776,4.737,4.776,16.67
2025-05-17 12:00:00+00:00,4.737,4.797,4.702,4.794,61.48
2025-05-17 16:00:00+00:00,4.766,4.766,4.684,4.687,24.98
2025-05-17 20:00:00+00:00,4.691,4.747,4.691,4.715,6.74
2025-05-18 00:00:00+00:00,4.726,4.763,4.684,4.743,122.05
2025-05-18 04:00:00+00:00,4.745,4.777,4.745,4.773,21.55
2025-05-18 08:00:00+00:00,4.797,4.832,4.788,4.82,39.94
2025-05-18 12:00:00+00:00,4.833,5.103,4.805,5.103,523.92
2025-05-18 16:00:00+00:00,5.091,5.118,4.743,4.743,390.11
2025-05-18 20:00:00+00:00,4.723,4.951,4.645,4.951,304.39
2025-05-19 00:00:00+00:00,4.969,5.005,4.718,4.718,1510.65
2025-05-19 04:00:00+00:00,4.741,4.763,4.664,4.706,51.92
2025-05-19 08:00:00+00:00,4.684,4.684,4.637,4.637,43.67
2025-05-19 12:00:00+00:00,4.628,4.73,4.593,4.73,224.02
2025-05-19 16:00:00+00:00,4.733,4.841,4.733,4.778,116.55
2025-05-19 20:00:00+00:00,4.774,4.795,4.764,4.795,69.95
2025-05-20 00:00:00+00:00,4.793,4.901,4.743,4.821,1464.16
2025-05-20 04:00:00+00:00,4.874,4.874,4.788,4.795,212.71
2025-05-20 08:00:00+00:00,4.786,4.786,4.696,4.696,75.99
2025-05-20 12:00:00+00:00,4.675,4.733,4.667,4.733,76.73
2025-05-20 16:00:00+00:00,4.738,4.765,4.677,4.75,27.01
2025-05-20 20:00:00+00:00,4.772,4.867,4.759,4.863,335.77
2025-05-21 00:00:00+00:00,4.834,4.905,4.788,4.905,263.05
2025-05-21 04:00:00+00:00,4.896,4.991,4.892,4.909,247.04
2025-05-21 08:00:00+00:00,4.944,4.944,4.855,4.915,188.09
2025-05-21 12:00:00+00:00,4.921,4.976,4.921,4.946,99.48
2025-05-21 16:00:00+00:00,4.981,5.057,4.841,4.966,362.78
2025-05-21 20:00:00+00:00,4.942,5.026,4.942,4.983,171.24
2025-05-22 00:00:00+00:00,4.957,5.103,4.957,5.095,481.38
2025-05-22 04:00:00+00:00,5.085,5.106,5.022,5.048,148.06
2025-05-22 08:00:00+00:00,5.043,5.151,5.02,5.075,533.39
2025-05-22 12:00:00+00:00,5.128,5.204,5.128,5.197,598.96
2025-05-22 16:00:00+00:00,5.215,5.225,5.16,5.196,174.62
2025-05-22 20:00:00+00:00,5.2,5.201,5.152,5.176,218.15
2025-05-23 00:00:00+00:00,5.185,5.332,5.176,5.332,452.87
2025-05-23 04:00:00+00:00,5.334,5.341,5.152,5.186,187.2
2025-05-23 08:00:00+00:00,5.204,5.273,5.071,5.071,242.0
2025-05-23 12:00:00+00:00,5.096,5.136,4.979,5.049,232.05
2025-05-23 16:00:00+00:00,5.03,5.104,5.011,5.011,110.7
2025-05-23 20:00:00+00:00,5.006,5.006,4.778,4.784,341.31
2025-05-24 00:00:00+00:00,4.808,4.857,4.784,4.857,1050.03
2025-05-24 04:00:00+00:00,4.841,4.851,4.806,4.806,9.62
2025-05-24 08:00:00+00:00,4.793,4.843,4.783,4.828,33.43
2025-05-24 12:00:00+00:00,4.794,4.827,4.784,4.823,4.88
2025-05-24 16:00:00+00:00,4.778,4.825,4.747,4.749,52.1
2025-05-24 20:00:00+00:00,4.768,4.775,4.703,4.709,282.76
2025-05-25 00:00:00+00:00,4.713,4.719,4.645,4.691,655.33
2025-05-25 04:00:00+00:00,4.701,4.715,4.682,4.682,8.96
2025-05-25 08:00:00+00:00,4.667,4.673,4.602,4.652,112.09
2025-05-25 12:00:00+00:00,4.667,4.689,4.582,4.597,20.83
2025-05-25 16:00:00+00:00,4.626,4.721,4.626,4.712,73.99
2025-05-25 20:00:00+00:00,4.72,4.8,4.645,4.789,687.34
2025-05-26 00:00:00+00:00,4.779,4.844,4.779,4.785,150.51
2025-05-26 04:00:00+00:00,4.813,4.906,4.813,4.906,73.76
2025-05-26 08:00:00+00:00,4.909,4.942,4.851,4.851,1506.25
2025-05-26 12:00:00+00:00,4.835,4.874,4.788,4.87,73.17
2025-05-26 16:00:00+00:00,4.874,4.881,4.742,4.742,187.95
2025-05-26 20:00:00+00:00,4.788,4.824,4.757,4.763,32.46
2025-05-27 00:00:00+00:00,4.774,4.786,4.695,4.772,122.86
2025-05-27 04:00:00+00:00,4.77,4.852,4.77,4.837,374.96
2025-05-27 08:00:00+00:00,4.84,4.9,4.84,4.9,124.49
2025-05-27 12:00:00+00:00,4.9,4.95,4.828,4.84,395.26
2025-05-27 16:00:00+00:00,4.829,4.85,4.777,4.778,176.82
2025-05-27 20:00:00+00:00,4.776,4.816,4.726,4.731,95.05
2025-05-28 00:00:00+00:00,4.749,4.777,4.653,4.742,1508.65
2025-05-28 04:00:00+00:00,4.718,4.718,4.687,4.71,22.32
2025-05-28 08:00:00+00:00,4.705,4.788,4.705,4.784,76.92
2025-05-28 12:00:00+00:00,4.771,4.865,4.705,4.723,548.0
2025-05-28 16:00:00+00:00,4.713,4.747,4.646,4.646,529.52
2025-05-28 20:00:00+00:00,4.671,4.831,4.671,4.831,253.96
2025-05-29 00:00:00+00:00,4.823,4.906,4.789,4.889,291.49
2025-05-29 04:00:00+00:00,4.889,4.889,4.747,4.758,272.48
2025-05-29 08:00:00+00:00,4.828,4.829,4.79,4.79,66.27
2025-05-29 12:00:00+00:00,4.79,4.828,4.724,4.785,70.93
2025-05-29 16:00:00+00:00,4.765,4.765,4.546,4.645,1103.58
2025-05-29 20:00:00+00:00,4.665,4.704,4.587,4.59,250.45
2025-05-30 00:00:00+00:00,4.622,4.66,4.405,4.534,1077.62
2025-05-30 04:00:00+00:00,4.469,4.524,4.44,4.445,533.21
2025-05-30 08:00:00+00:00,4.448,4.499,4.44,4.499,723.4
2025-05-30 12:00:00+00:00,4.441,4.465,4.397,4.417,455.45
2025-05-30 16:00:00+00:00,4.397,4.432,4.285,4.432,430.75
2025-05-30 20:00:00+00:00,4.415,4.425,4.247,4.247,223.92
2025-05-31 00:00:00+00:00,4.283,4.297,4.184,4.254,707.77
2025-05-31 04:00:00+00:00,4.234,4.273,4.22,4.264,24.4
2025-05-31 08:00:00+00:00,4.22,4.22,4.22,4.22,17.75
2025-05-31 12:00:00+00:00,4.29,4.328,4.29,4.319,1.35
2025-05-31 16:00:00+00:00,4.309,4.361,4.309,4.361,131.88
2025-05-31 20:00:00+00:00,4.36,4.382,4.289,4.331,476.43
2025-06-01 00:00:00+00:00,4.336,4.492,4.3,4.315,770.31
2025-06-01 04:00:00+00:00,4.34,4.415,4.326,4.415,672.38
2025-06-01 08:00:00+00:00,4.33,4.33,4.263,4.3,212.18
2025-06-01 12:00:00+00:00,4.283,4.35,4.283,4.35,33.83
2025-06-01 16:00:00+00:00,4.332,4.358,4.266,4.272,172.58
2025-06-01 20:00:00+00:00,4.311,4.706,4.309,4.375,835.25
2025-06-02 00:00:00+00:00,4.367,4.396,4.281,4.281,234.55
2025-06-02 04:00:00+00:00,4.317,4.317,4.301,4.301,26.51
2025-06-02 08:00:00+00:00,4.277,4.301,4.263,4.269,579.54
2025-06-02 12:00:00+00:00,4.292,4.341,4.292,4.341,45.48
2025-06-02 16:00:00+00:00,4.328,4.911,4.298,4.332,2606.03
2025-06-02 20:00:00+00:00,4.386,4.486,4.386,4.486,198.55
2025-06-03 00:00:00+00:00,4.491,4.539,4.465,4.476,228.26
2025-06-03 04:00:00+00:00,4.492,4.501,4.442,4.501,172.39
2025-06-03 08:00:00+00:00,4.501,4.501,4.501,4.501,0.0
2025-06-03 12:00:00+00:00,4.484,4.491,4.434,4.442,85.68
2025-06-03 16:00:00+00:00,4.459,4.575,4.416,4.465,1882.78
2025-06-03 20:00:00+00:00,4.464,4.464,4.38,4.418,1256.26
2025-06-04 00:00:00+00:00,4.435,4.474,4.402,4.434,144.04
2025-06-04 04:00:00+00:00,4.461,4.466,4.426,4.446,53.55
2025-06-04 08:00:00+00:00,4.41,4.458,4.366,4.417,32.27
2025-06-04 12:00:00+00:00,4.366,4.366,4.333,4.339,61.2
2025-06-04 16:00:00+00:00,4.366,4.53,4.277,4.337,2225.29
2025-06-04 20:00:00+00:00,4.286,4.301,4.247,4.3,198.24
2025-06-05 00:00:00+00:00,4.275,4.303,4.27,4.274,91.05
2025-06-05 04:00:00+00:00,4.32,4.338,4.32,4.338,8.98
2025-06-05 08:00:00+00:00,4.339,4.344,4.303,4.303,33.28
2025-06-05 12:00:00+00:00,4.309,4.342,4.241,4.286,65.3
2025-06-05 16:00:00+00:00,4.263,4.302,4.15,4.205,610.79
2025-06-05 20:00:00+00:00,4.168,4.197,4.023,4.093,687.68
2025-06-06 00:00:00+00:00,4.124,4.129,4.094,4.129,269.69
2025-06-06 04:00:00+00:00,4.151,4.171,4.151,4.152,27.97
2025-06-06 08:00:00+00:00,4.134,4.178,4.126,4.126,98.89
2025-06-06 12:00:00+00:00,4.183,4.263,4.177,4.254,126.8
2025-06-06 16:00:00+00:00,4.261,4.283,4.191,4.259,230.04
2025-06-06 20:00:00+00:00,4.26,4.26,4.182,4.182,124.18
2025-06-07 00:00:00+00:00,4.167,4.263,4.167,4.263,454.72
2025-06-07 04:00:00+00:00,4.274,4.303,4.238,4.295,247.35
2025-06-07 08:00:00+00:00,4.303,4.307,4.276,4.285,322.38
2025-06-07 12:00:00+00:00,4.293,4.296,4.274,4.296,144.75
2025-06-07 16:00:00+00:00,4.316,4.316,4.296,4.301,356.71
2025-06-07 20:00:00+00:00,4.285,4.329,4.285,4.326,79.27
2025-06-08 00:00:00+00:00,4.301,4.327,4.276,4.276,322.63
2025-06-08 04:00:00+00:00,4.298,4.298,4.263,4.263,43.3
2025-06-08 08:00:00+00:00,4.245,4.245,4.224,4.224,30.53
2025-06-08 12:00:00+00:00,4.258,4.298,4.232,4.266,60.1
2025-06-08 16:00:00+00:00,4.303,4.312,4.187,4.304,140.11
2025-06-08 20:00:00+00:00,4.313,4.313,4.263,4.263,33.88
2025-06-09 00:00:00+00:00,4.271,4.296,4.236,4.269,154.52
2025-06-09 04:00:00+00:00,4.286,4.289,4.244,4.255,11.25
2025-06-09 08:00:00+00:00,4.284,4.328,4.284,4.328,46.1
2025-06-09 12:00:00+00:00,4.321,4.328,4.264,4.293,242.31
2025-06-09 16:00:00+00:00,4.331,4.386,4.331,4.362,657.21
2025-06-09 20:00:00+00:00,4.368,4.44,4.368,4.41,195.75
2025-06-10 00:00:00+00:00,4.44,4.467,3.88,4.432,2267.41
2025-06-10 04:00:00+00:00,4.431,4.46,4.403,4.411,19.86
2025-06-10 08:00:00+00:00,4.386,4.541,4.385,4.541,196.84
2025-06-10 12:00:00+00:00,4.545,4.568,4.465,4.465,503.83
2025-06-10 16:00:00+00:00,4.505,4.615,4.47,4.614,378.19
2025-06-10 20:00:00+00:00,4.59,4.635,4.565,4.61,442.23
2025-06-11 00:00:00+00:00,4.6,4.622,4.558,4.558,288.32
2025-06-11 04:00:00+00:00,4.608,4.618,4.573,4.616,162.21
2025-06-11 08:00:00+00:00,4.622,4.622,4.505,4.505,123.47
2025-06-11 12:00:00+00:00,4.545,4.645,4.545,4.599,299.21
2025-06-11 16:00:00+00:00,4.64,4.64,4.508,4.511,575.41
2025-06-11 20:00:00+00:00,4.505,4.545,4.465,4.505,161.65
2025-06-12 00:00:00+00:00,4.51,4.539,4.445,4.464,229.62
2025-06-12 04:00:00+00:00,4.456,4.456,4.412,4.412,255.16
2025-06-12 08:00:00+00:00,4.398,4.421,4.339,4.339,129.74
2025-06-12 12:00:00+00:00,4.383,4.433,4.347,4.37,167.72
2025-06-12 16:00:00+00:00,4.398,4.426,4.312,4.312,270.6
2025-06-12 20:00:00+00:00,4.316,4.336,4.222,4.222,269.21
2025-06-13 00:00:00+00:00,4.202,4.202,4.011,4.113,1146.59
2025-06-13 04:00:00+00:00,4.09,4.09,4.054,4.054,17.4
2025-06-13 08:00:00+00:00,4.041,4.041,4.027,4.027,40.11
2025-06-13 12:00:00+00:00,4.085,4.085,4.085,4.085,211.56
2025-06-13 16:00:00+00:00,4.148,4.148,4.035,4.061,53.91
2025-06-13 20:00:00+00:00,4.051,4.138,4.051,4.112,190.18
2025-06-14 00:00:00+00:00,4.11,4.148,4.076,4.116,137.9
2025-06-14 04:00:00+00:00,4.124,4.137,4.124,4.127,5.16
2025-06-14 08:00:00+00:00,4.124,4.133,4.078,4.103,312.0
2025-06-14 12:00:00+00:00,4.075,4.151,4.075,4.109,59.55
2025-06-14 16:00:00+00:00,4.107,4.107,4.058,4.058,208.46
2025-06-14 20:00:00+00:00,4.05,4.101,4.021,4.101,187.24
2025-06-15 00:00:00+00:00,4.103,4.116,4.067,4.097,97.51
2025-06-15 04:00:00+00:00,4.118,4.131,4.117,4.131,24.49
2025-06-15 08:00:00+00:00,4.07,4.071,4.04,4.04,42.73
2025-06-15 12:00:00+00:00,4.109,4.119,4.109,4.119,7.79
2025-06-15 16:00:00+00:00,4.07,4.072,4.057,4.057,255.97
2025-06-15 20:00:00+00:00,4.027,4.072,4.021,4.072,183.78
2025-06-16 00:00:00+00:00,4.095,4.142,4.072,4.139,555.41
2025-06-16 04:00:00+00:00,4.122,4.196,4.122,4.196,185.15
2025-06-16 08:00:00+00:00,4.214,4.235,4.196,4.196,318.05
2025-06-16 12:00:00+00:00,4.241,4.289,4.199,4.242,188.62
2025-06-16 16:00:00+00:00,4.264,4.288,4.238,4.248,142.05
2025-06-16 20:00:00+00:00,4.258,4.298,4.154,4.154,631.14
2025-06-17 00:00:00+00:00,4.12,4.194,4.061,4.182,490.9
2025-06-17 04:00:00+00:00,4.187,4.189,4.187,4.189,3.93
2025-06-17 08:00:00+00:00,4.138,4.138,4.066,4.066,281.48
2025-06-17 12:00:00+00:00,4.181,4.181,4.029,4.029,104.59
2025-06-17 16:00:00+00:00,4.003,4.087,3.989,4.087,245.38
2025-06-17 20:00:00+00:00,4.074,4.074,4.003,4.003,50.48
2025-06-18 00:00:00+00:00,4.04,4.053,4.0,4.032,42.78
2025-06-18 04:00:00+00:00,4.058,4.058,4.054,4.054,3.7
2025-06-18 08:00:00+00:00,3.996,3.996,3.942,3.992,152.5
2025-06-18 12:00:00+00:00,3.935,4.024,3.929,4.024,183.56
2025-06-18 16:00:00+00:00,3.996,4.018,3.959,4.018,280.6
2025-06-18 20:00:00+00:00,4.025,4.069,4.003,4.069,60.64
2025-06-19 00:00:00+00:00,3.997,4.064,3.979,3.991,107.72
2025-06-19 04:00:00+00:00,4.027,4.047,4.021,4.027,94.75
2025-06-19 08:00:00+00:00,4.002,4.005,3.995,3.995,76.11
2025-06-19 12:00:00+00:00,4.021,4.021,3.897,3.961,2754.2
2025-06-19 16:00:00+00:00,3.97,4.025,3.946,4.0,59.77
2025-06-19 20:00:00+00:00,4.057,4.058,4.021,4.058,75.41
2025-06-20 00:00:00+00:00,4.046,4.054,3.959,3.959,202.9
2025-06-20 04:00:00+00:00,4.018,4.018,3.997,3.997,1.87
2025-06-20 08:00:00+00:00,4.058,4.07,4.039,4.039,155.04
2025-06-20 12:00:00+00:00,4.069,4.069,3.964,3.964,19.67
2025-06-20 16:00:00+00:00,3.944,3.944,3.841,3.938,324.73
2025-06-20 20:00:00+00:00,3.964,3.969,3.93,3.93,16.75
2025-06-21 00:00:00+00:00,3.903,3.963,3.878,3.963,284.79
2025-06-21 04:00:00+00:00,3.971,3.981,3.969,3.981,76.83
2025-06-21 08:00:00+00:00,3.952,3.952,3.952,3.952,6.86
2025-06-21 12:00:00+00:00,3.927,3.927,3.875,3.875,311.88
2025-06-21 16:00:00+00:00,3.869,3.876,3.816,3.816,127.58
2025-06-21 20:00:00+00:00,3.768,4.057,3.694,3.749,1023.59
2025-06-22 00:00:00+00:00,3.759,3.839,3.72,3.728,318.46
2025-06-22 04:00:00+00:00,3.767,3.767,3.767,3.767,1.59
2025-06-22 08:00:00+00:00,3.75,3.77,3.709,3.77,85.88
2025-06-22 12:00:00+00:00,3.701,3.701,3.617,3.657,258.32
2025-06-22 16:00:00+00:00,3.636,3.696,3.6,3.649,3343.53
2025-06-22 20:00:00+00:00,3.616,3.714,3.564,3.67,846.23
2025-06-23 00:00:00+00:00,3.718,3.757,3.684,3.737,230.49
2025-06-23 04:00:00+00:00,3.752,3.786,3.74,3.78,261.11
2025-06-23 08:00:00+00:00,3.79,3.79,3.79,3.79,52.43
2025-06-23 12:00:00+00:00,3.792,3.886,3.792,3.884,157.32
2025-06-23 16:00:00+00:00,3.806,3.934,3.753,3.934,70.57
2025-06-23 20:00:00+00:00,3.94,4.087,3.94,4.087,997.49
2025-06-24 00:00:00+00:00,4.081,4.086,4.004,4.004,220.15
2025-06-24 04:00:00+00:00,4.025,4.084,3.996,4.084,83.94
2025-06-24 08:00:00+00:00,4.039,4.084,4.039,4.084,489.71
2025-06-24 12:00:00+00:00,4.026,4.08,4.002,4.059,356.68
2025-06-24 16:00:00+00:00,4.098,4.141,4.03,4.03,119.83
2025-06-24 20:00:00+00:00,4.087,4.087,4.084,4.084,7.03
2025-06-25 00:00:00+00:00,4.051,4.087,4.032,4.037,272.62
2025-06-25 04:00:00+00:00,4.066,4.077,4.066,4.077,2.47
2025-06-25 08:00:00+00:00,4.028,4.059,3.985,4.059,89.07
2025-06-25 12:00:00+00:00,4.037,4.067,4.037,4.067,114.63
2025-06-25 16:00:00+00:00,4.015,4.04,4.005,4.011,151.82
2025-06-25 20:00:00+00:00,4.048,4.048,3.984,3.984,71.62
2025-06-26 00:00:00+00:00,3.999,4.065,3.962,4.032,27.88
2025-06-26 04:00:00+00:00,4.03,4.038,3.992,4.038,8.86
2025-06-26 08:00:00+00:00,4.038,4.038,4.038,4.038,0.0
2025-06-26 12:00:00+00:00,3.945,3.945,3.917,3.929,984.29
2025-06-26 16:00:00+00:00,3.925,3.925,3.925,3.925,1.0
2025-06-26 20:00:00+00:00,3.956,3.963,3.893,3.893,43.4
2025-06-27 00:00:00+00:00,3.892,3.963,3.875,3.947,152.0
2025-06-27 04:00:00+00:00,3.943,3.963,3.903,3.963,161.63
2025-06-27 08:00:00+00:00,3.963,3.963,3.963,3.963,0.0
2025-06-27 12:00:00+00:00,3.9,3.902,3.879,3.892,85.85
2025-06-27 16:00:00+00:00,3.934,3.934,3.846,3.902,41.44
2025-06-27 20:00:00+00:00,3.865,3.943,3.85,3.938,84.94
2025-06-28 00:00:00+00:00,3.932,3.949,3.911,3.949,29.14
2025-06-28 04:00:00+00:00,3.944,3.944,3.944,3.944,1.52
2025-06-28 08:00:00+00:00,3.945,3.945,3.938,3.938,10.96
2025-06-28 12:00:00+00:00,3.964,3.992,3.946,3.992,117.26
2025-06-28 16:00:00+00:00,4.0,4.025,3.976,3.976,38.34
2025-06-28 20:00:00+00:00,4.014,4.014,3.994,3.994,39.06
2025-06-29 00:00:00+00:00,3.988,4.013,3.963,3.99,104.61
2025-06-29 04:00:00+00:00,3.981,4.023,3.954,4.007,263.35
2025-06-29 08:00:00+00:00,4.024,4.044,4.014,4.014,166.76
2025-06-29 12:00:00+00:00,4.003,4.028,3.987,3.987,80.05
2025-06-29 16:00:00+00:00,4.02,4.044,3.997,4.044,30.25
2025-06-29 20:00:00+00:00,4.053,4.224,4.02,4.217,539.03
2025-06-30 00:00:00+00:00,4.224,4.236,4.152,4.152,96.09
2025-06-30 04:00:00+00:00,4.175,4.175,4.12,4.165,140.91
2025-06-30 08:00:00+00:00,4.175,4.175,4.113,4.113,17.96
2025-06-30 12:00:00+00:00,4.144,4.168,4.067,4.161,4530.66
2025-06-30 16:00:00+00:00,4.081,4.156,4.081,4.156,320.55
2025-06-30 20:00:00+00:00,4.147,4.149,4.131,4.149,215.94
2025-07-01 00:00:00+00:00,4.111,4.182,4.048,4.048,292.17
2025-07-01 04:00:00+00:00,4.05,4.05,3.984,3.984,82.27
2025-07-01 08:00:00+00:00,3.979,3.979,3.968,3.968,61.38
2025-07-01 12:00:00+00:00,3.975,4.057,3.975,4.057,4.32
2025-07-01 16:00:00+00:00,4.002,4.021,3.954,3.962,108.94
2025-07-01 20:00:00+00:00,3.943,3.962,3.917,3.924,626.34
2025-07-02 00:00:00+00:00,4.017,4.021,3.913,3.999,132.8
2025-07-02 04:00:00+00:00,4.02,4.02,4.018,4.018,3.48
2025-07-02 08:00:00+00:00,3.975,4.025,3.975,4.025,90.75
2025-07-02 12:00:00+00:00,4.022,4.057,4.018,4.057,116.66
2025-07-02 16:00:00+00:00,4.087,4.234,4.087,4.155,563.95
2025-07-02 20:00:00+00:00,4.236,4.242,4.155,4.206,124.67
2025-07-03 00:00:00+00:00,4.154,4.246,4.152,4.185,193.32
2025-07-03 04:00:00+00:00,4.18,4.254,4.18,4.254,71.76
2025-07-03 08:00:00+00:00,4.256,4.256,4.256,4.256,0.82
2025-07-03 12:00:00+00:00,4.228,4.24,4.171,4.193,35.12
2025-07-03 16:00:00+00:00,4.168,4.199,4.166,4.199,27.63
2025-07-03 20:00:00+00:00,4.216,4.246,4.199,4.2,295.34
2025-07-04 00:00:00+00:00,4.156,4.243,4.133,4.133,302.24
2025-07-04 04:00:00+00:00,4.149,4.149,4.058,4.058,80.42
2025-07-04 08:00:00+00:00,4.038,4.113,4.016,4.113,38.24
2025-07-04 12:00:00+00:00,4.056,4.137,4.014,4.014,329.72
2025-07-04 16:00:00+00:00,3.996,4.27,3.937,3.996,423.73
2025-07-04 20:00:00+00:00,3.987,4.064,3.979,3.979,82.26
2025-07-05 00:00:00+00:00,4.019,4.186,3.981,4.086,112.69
2025-07-05 04:00:00+00:00,4.147,4.15,3.996,4.15,36.39
2025-07-05 08:00:00+00:00,4.108,4.145,4.108,4.13,13.05
2025-07-05 12:00:00+00:00,4.0,4.0,3.98,3.98,27.52
2025-07-05 16:00:00+00:00,3.978,3.98,3.942,3.942,115.86
2025-07-05 20:00:00+00:00,3.987,3.987,3.985,3.985,24.57
2025-07-06 00:00:00+00:00,3.99,4.058,3.978,3.997,217.95
2025-07-06 04:00:00+00:00,4.085,4.085,3.997,3.997,14.69
2025-07-06 08:00:00+00:00,3.981,4.187,3.981,4.058,247.11
2025-07-06 12:00:00+00:00,4.009,4.086,3.997,4.057,54.79
2025-07-06 16:00:00+00:00,4.057,4.27,4.021,4.08,1001.31
2025-07-06 20:00:00+00:00,4.051,4.14,4.051,4.14,44.17
2025-07-07 00:00:00+00:00,4.087,4.233,4.059,4.097,122.88
2025-07-07 04:00:00+00:00,4.125,4.125,4.058,4.058,36.93
2025-07-07 08:00:00+00:00,4.058,4.058,4.058,4.058,10.62
2025-07-07 12:00:00+00:00,4.06,4.061,4.06,4.061,13.32
2025-07-07 16:00:00+00:00,4.09,4.12,4.013,4.053,537.87
2025-07-07 20:00:00+00:00,4.059,4.059,4.025,4.025,308.14
2025-07-08 00:00:00+00:00,4.019,4.071,3.997,3.997,183.93
2025-07-08 04:00:00+00:00,4.011,4.04,3.997,4.04,66.63
2025-07-08 08:00:00+00:00,4.016,4.08,4.015,4.059,93.91
2025-07-08 12:00:00+00:00,4.095,4.14,4.043,4.087,97.01
2025-07-08 16:00:00+00:00,4.143,4.151,4.101,4.124,50.28
2025-07-08 20:00:00+00:00,4.152,4.152,4.135,4.135,14.65
2025-07-09 00:00:00+00:00,4.129,4.169,4.087,4.095,259.19
2025-07-09 04:00:00+00:00,4.121,4.167,4.101,4.167,27.15
2025-07-09 08:00:00+00:00,4.177,4.202,4.154,4.202,166.67
2025-07-09 12:00:00+00:00,4.213,4.234,4.2,4.212,51.9
2025-07-09 16:00:00+00:00,4.238,4.312,4.186,4.286,626.72
2025-07-09 20:00:00+00:00,4.309,4.356,4.278,4.289,461.15
2025-07-10 00:00:00+00:00,4.29,4.352,4.29,4.352,145.01
2025-07-10 04:00:00+00:00,4.327,4.348,4.26,4.337,515.75
2025-07-10 08:00:00+00:00,4.337,4.349,4.299,4.299,249.06
2025-07-10 12:00:00+00:00,4.319,4.353,4.299,4.313,193.04
2025-07-10 16:00:00+00:00,4.281,4.452,4.281,4.419,453.74
2025-07-10 20:00:00+00:00,4.419,4.623,4.419,4.623,2484.51
2025-07-11 00:00:00+00:00,4.63,4.685,4.535,4.639,1074.89
2025-07-11 04:00:00+00:00,4.651,4.716,4.62,4.62,719.49
2025-07-11 08:00:00+00:00,4.634,4.702,4.634,4.645,115.11
2025-07-11 12:00:00+00:00,4.679,4.79,4.666,4.666,633.79
2025-07-11 16:00:00+00:00,4.656,4.782,4.656,4.753,321.53
2025-07-11 20:00:00+00:00,4.76,4.76,4.582,4.64,520.78
2025-07-12 00:00:00+00:00,4.599,4.708,4.571,4.702,179.78
2025-07-12 04:00:00+00:00,4.708,4.709,4.638,4.663,101.16
2025-07-12 08:00:00+00:00,4.663,4.663,4.653,4.653,41.23
2025-07-12 12:00:00+00:00,4.706,4.706,4.503,4.519,259.79
2025-07-12 16:00:00+00:00,4.591,4.611,4.49,4.548,158.49
2025-07-12 20:00:00+00:00,4.541,4.6,4.541,4.579,206.23
2025-07-13 00:00:00+00:00,4.592,4.606,4.531,4.578,79.26
2025-07-13 04:00:00+00:00,4.607,4.685,4.599,4.685,82.97
2025-07-13 08:00:00+00:00,4.679,4.679,4.616,4.616,416.51
2025-07-13 12:00:00+00:00,4.644,4.753,4.633,4.7,502.65
2025-07-13 16:00:00+00:00,4.751,4.752,4.671,4.671,244.97
2025-07-13 20:00:00+00:00,4.737,4.737,4.603,4.627,566.19
2025-07-14 00:00:00+00:00,4.665,4.836,4.662,4.777,1690.93
2025-07-14 04:00:00+00:00,4.829,4.871,4.735,4.8,693.15
2025-07-14 08:00:00+00:00,4.767,4.8,4.723,4.723,400.58
2025-07-14 12:00:00+00:00,4.776,4.776,4.554,4.605,847.22
2025-07-14 16:00:00+00:00,4.62,4.625,4.524,4.541,160.47
2025-07-14 20:00:00+00:00,4.523,4.57,4.492,4.563,500.32
2025-07-15 00:00:00+00:00,4.515,4.59,4.429,4.473,1517.54
2025-07-15 04:00:00+00:00,4.481,4.51,4.433,4.472,857.72
2025-07-15 08:00:00+00:00,4.429,4.521,4.429,4.501,270.7
2025-07-15 12:00:00+00:00,4.52,4.58,4.452,4.452,393.42
2025-07-15 16:00:00+00:00,4.593,4.693,4.531,4.582,351.35
2025-07-15 20:00:00+00:00,4.56,4.715,4.56,4.701,423.06
2025-07-16 00:00:00+00:00,4.643,4.72,4.624,4.649,186.63
2025-07-16 04:00:00+00:00,4.651,4.702,4.596,4.656,75.65
2025-07-16 08:00:00+00:00,4.707,4.728,4.669,4.669,261.36
2025-07-16 12:00:00+00:00,4.669,4.7,4.596,4.637,201.92
2025-07-16 16:00:00+00:00,4.703,4.795,4.667,4.728,1541.02
2025-07-16 20:00:00+00:00,4.799,4.871,4.735,4.735,1291.6
2025-07-17 00:00:00+00:00,4.74,4.805,4.64,4.652,314.42
2025-07-17 04:00:00+00:00,4.679,4.785,4.679,4.751,173.6
2025-07-17 08:00:00+00:00,4.794,4.826,4.774,4.816,202.16
2025-07-17 12:00:00+00:00,4.769,4.87,4.665,4.829,2324.28
2025-07-17 16:00:00+00:00,4.735,4.831,4.702,4.831,638.36
2025-07-17 20:00:00+00:00,4.75,4.893,4.698,4.883,826.42
2025-07-18 00:00:00+00:00,4.859,5.006,4.838,4.95,2038.03
2025-07-18 04:00:00+00:00,5.017,5.153,4.965,5.052,1203.6
2025-07-18 08:00:00+00:00,5.033,5.128,4.989,4.995,541.32
2025-07-18 12:00:00+00:00,5.089,5.122,4.909,4.909,1012.97
2025-07-18 16:00:00+00:00,4.977,5.018,4.877,4.877,490.16
2025-07-18 20:00:00+00:00,4.94,4.94,4.757,4.757,523.56
2025-07-19 00:00:00+00:00,4.877,4.941,4.786,4.941,224.35
2025-07-19 04:00:00+00:00,4.886,4.987,4.886,4.913,566.69
2025-07-19 08:00:00+00:00,4.877,4.877,4.855,4.855,46.16
2025-07-19 12:00:00+00:00,4.899,4.899,4.796,4.85,196.74
2025-07-19 16:00:00+00:00,4.857,5.048,4.777,5.005,655.71
2025-07-19 20:00:00+00:00,5.004,5.02,4.933,5.019,516.04
2025-07-20 00:00:00+00:00,5.019,5.053,4.952,5.036,985.4
2025-07-20 04:00:00+00:00,5.024,5.154,5.013,5.112,650.75
2025-07-20 08:00:00+00:00,5.135,5.203,5.131,5.152,715.12
2025-07-20 12:00:00+00:00,5.203,5.254,5.158,5.254,893.13
2025-07-20 16:00:00+00:00,5.255,5.275,5.192,5.267,391.31
2025-07-20 20:00:00+00:00,5.211,5.266,5.081,5.196,754.77
2025-07-21 00:00:00+00:00,5.13,5.188,5.081,5.188,674.66
2025-07-21 04:00:00+00:00,5.213,5.27,5.107,5.258,662.22
2025-07-21 08:00:00+00:00,5.267,5.293,5.194,5.246,864.63
2025-07-21 12:00:00+00:00,5.225,5.31,5.225,5.258,346.57
2025-07-21 16:00:00+00:00,5.308,5.308,5.151,5.151,406.7
2025-07-21 20:00:00+00:00,5.126,5.26,5.125,5.203,874.54
2025-07-22 00:00:00+00:00,5.162,5.213,5.03,5.09,777.23
2025-07-22 04:00:00+00:00,5.149,5.149,4.968,5.003,89.12
2025-07-22 08:00:00+00:00,4.979,5.067,4.922,5.005,650.05
2025-07-22 12:00:00+00:00,5.003,5.132,4.948,5.078,109.06
2025-07-22 16:00:00+00:00,5.094,5.112,4.991,4.991,51.97
2025-07-22 20:00:00+00:00,5.055,5.12,5.042,5.12,53.66
2025-07-23 00:00:00+00:00,5.043,5.136,5.019,5.045,568.37
2025-07-23 04:00:00+00:00,5.074,5.135,5.074,5.087,75.34
2025-07-23 08:00:00+00:00,5.091,5.091,4.945,5.001,1480.15
2025-07-23 12:00:00+00:00,4.999,5.018,4.767,4.828,1561.53
2025-07-23 16:00:00+00:00,4.846,4.846,4.661,4.772,292.04
2025-07-23 20:00:00+00:00,4.664,4.721,4.579,4.687,481.48
2025-07-24 00:00:00+00:00,4.679,4.75,4.662,4.75,259.02
2025-07-24 04:00:00+00:00,4.719,4.726,4.47,4.551,701.61
2025-07-24 08:00:00+00:00,4.593,4.664,4.523,4.664,3062.58
2025-07-24 12:00:00+00:00,4.668,4.758,4.668,4.75,102.1
2025-07-24 16:00:00+00:00,4.667,4.964,4.652,4.714,1081.99
2025-07-24 20:00:00+00:00,4.666,4.718,4.639,4.639,63.08
2025-07-25 00:00:00+00:00,4.593,4.659,4.513,4.513,94.63
2025-07-25 04:00:00+00:00,4.562,4.616,4.529,4.616,86.84
2025-07-25 08:00:00+00:00,4.551,4.704,4.551,4.664,77.13
2025-07-25 12:00:00+00:00,4.719,4.734,4.516,4.516,2149.85
2025-07-25 16:00:00+00:00,4.592,4.623,4.544,4.558,121.97
2025-07-25 20:00:00+00:00,4.591,4.712,4.59,4.712,126.2
2025-07-26 00:00:00+00:00,4.713,4.733,4.652,4.652,382.12
2025-07-26 04:00:00+00:00,4.697,4.73,4.66,4.694,88.26
2025-07-26 08:00:00+00:00,4.718,4.75,4.671,4.714,231.97
2025-07-26 12:00:00+00:00,4.68,4.783,4.679,4.747,269.66
2025-07-26 16:00:00+00:00,4.72,4.831,4.705,4.83,727.25
2025-07-26 20:00:00+00:00,4.818,4.831,4.753,4.77,1781.27
2025-07-27 00:00:00+00:00,4.78,4.832,4.75,4.787,155.24
2025-07-27 04:00:00+00:00,4.786,4.833,4.761,4.809,201.49
2025-07-27 08:00:00+00:00,4.761,4.829,4.75,4.829,100.82
2025-07-27 12:00:00+00:00,4.806,4.833,4.76,4.76,326.29
2025-07-27 16:00:00+00:00,4.836,4.856,4.804,4.841,137.04
2025-07-27 20:00:00+00:00,4.8,4.877,4.8,4.857,333.48
2025-07-28 00:00:00+00:00,4.873,4.911,4.818,4.838,441.73
2025-07-28 04:00:00+00:00,4.887,4.946,4.821,4.887,169.95
2025-07-28 08:00:00+00:00,4.878,4.942,4.878,4.94,21.53
2025-07-28 12:00:00+00:00,4.853,4.939,4.736,4.736,1646.26
2025-07-28 16:00:00+00:00,4.793,4.871,4.649,4.649,946.2
2025-07-28 20:00:00+00:00,4.667,4.667,4.595,4.609,80.14
2025-07-29 00:00:00+00:00,4.609,4.698,4.549,4.646,246.86
2025-07-29 04:00:00+00:00,4.637,4.758,4.631,4.758,303.6
2025-07-29 08:00:00+00:00,4.664,4.664,4.621,4.621,142.92
2025-07-29 12:00:00+00:00,4.683,4.73,4.559,4.608,189.39
2025-07-29 16:00:00+00:00,4.555,4.65,4.555,4.579,142.39
2025-07-29 20:00:00+00:00,4.551,4.641,4.522,4.522,396.15
2025-07-30 00:00:00+00:00,4.6,4.637,4.55,4.617,68.52
2025-07-30 04:00:00+00:00,4.601,4.623,4.513,4.513,247.6
2025-07-30 08:00:00+00:00,4.584,4.591,4.4,4.4,335.81
2025-07-30 12:00:00+00:00,4.414,4.52,4.391,4.503,211.48
2025-07-30 16:00:00+00:00,4.471,4.515,4.268,4.396,363.27
2025-07-30 20:00:00+00:00,4.411,4.44,4.256,4.411,395.23
2025-07-31 00:00:00+00:00,4.424,4.478,4.313,4.478,911.37
2025-07-31 04:00:00+00:00,4.485,4.511,4.482,4.511,89.36
2025-07-31 08:00:00+00:00,4.463,4.516,4.462,4.483,54.58
2025-07-31 12:00:00+00:00,4.402,4.45,4.256,4.373,984.52
2025-07-31 16:00:00+00:00,4.378,4.735,4.309,4.35,1351.65
2025-07-31 20:00:00+00:00,4.296,4.31,4.195,4.195,1285.84
2025-08-01 00:00:00+00:00,4.183,4.248,4.067,4.22,1054.93
2025-08-01 04:00:00+00:00,4.226,4.226,4.135,4.135,42.26
2025-08-01 08:00:00+00:00,4.12,4.187,4.112,4.187,19.99
2025-08-01 12:00:00+00:00,4.214,4.252,4.158,4.252,160.33
2025-08-01 16:00:00+00:00,4.167,4.235,4.167,4.225,441.21
2025-08-01 20:00:00+00:00,4.173,4.222,4.045,4.128,148.2
2025-08-02 00:00:00+00:00,4.126,4.187,4.126,4.173,378.12
2025-08-02 04:00:00+00:00,4.179,4.2,4.059,4.075,153.72
2025-08-02 08:00:00+00:00,4.167,4.167,4.096,4.099,121.14
2025-08-02 12:00:00+00:00,4.125,4.125,4.125,4.125,10.0
2025-08-02 16:00:00+00:00,4.062,4.103,4.019,4.064,170.39
2025-08-02 20:00:00+00:00,4.064,4.127,4.034,4.127,170.41
2025-08-03 00:00:00+00:00,4.123,4.146,4.033,4.062,111.0
2025-08-03 04:00:00+00:00,4.146,4.17,4.146,4.17,36.54
2025-08-03 08:00:00+00:00,4.189,4.257,4.166,4.257,46.12
2025-08-03 12:00:00+00:00,4.187,4.253,4.187,4.253,32.81
2025-08-03 16:00:00+00:00,4.192,4.259,4.178,4.259,53.76
2025-08-03 20:00:00+00:00,4.248,4.279,4.193,4.279,82.32
2025-08-04 00:00:00+00:00,4.266,4.342,4.266,4.313,153.45
2025-08-04 04:00:00+00:00,4.288,4.318,4.226,4.294,561.5
2025-08-04 08:00:00+00:00,4.263,4.263,4.225,4.225,31.77
2025-08-04 12:00:00+00:00,4.245,4.306,4.232,4.232,112.88
2025-08-04 16:00:00+00:00,4.267,4.332,4.238,4.283,299.17
2025-08-04 20:00:00+00:00,4.307,4.342,4.185,4.322,1390.83
2025-08-05 00:00:00+00:00,4.314,4.34,4.24,4.24,743.16
2025-08-05 04:00:00+00:00,4.322,4.322,4.185,4.254,56.06
2025-08-05 08:00:00+00:00,4.248,4.292,4.246,4.246,208.52
2025-08-05 12:00:00+00:00,4.261,4.283,4.167,4.167,601.67
2025-08-05 16:00:00+00:00,4.188,4.192,4.165,4.165,52.9
2025-08-05 20:00:00+00:00,4.168,4.198,4.122,4.168,340.46
2025-08-06 00:00:00+00:00,4.235,4.235,4.144,4.166,2520.28
2025-08-06 04:00:00+00:00,4.15,4.276,4.097,4.178,313.87
2025-08-06 08:00:00+00:00,4.217,4.217,4.2,4.2,31.19
2025-08-06 12:00:00+00:00,4.2,4.279,4.2,4.279,271.38
2025-08-06 16:00:00+00:00,4.297,4.326,4.253,4.326,305.58
2025-08-06 20:00:00+00:00,4.3,4.331,4.123,4.317,2024.18
2025-08-07 00:00:00+00:00,4.293,4.333,4.246,4.319,66.86
2025-08-07 04:00:00+00:00,4.302,4.33,4.277,4.315,235.07
2025-08-07 08:00:00+00:00,4.301,4.411,4.301,4.331,382.75
2025-08-07 12:00:00+00:00,4.416,4.43,4.363,4.363,71.36
2025-08-07 16:00:00+00:00,4.402,4.411,4.324,4.411,132.68
2025-08-07 20:00:00+00:00,4.418,4.464,4.418,4.464,631.55
2025-08-08 00:00:00+00:00,4.464,4.542,4.382,4.508,2537.7
2025-08-08 04:00:00+00:00,4.513,4.529,4.452,4.529,700.41
2025-08-08 08:00:00+00:00,4.5,4.592,4.493,4.591,952.14
2025-08-08 12:00:00+00:00,4.559,4.656,4.516,4.559,1776.56
2025-08-08 16:00:00+00:00,4.558,4.624,4.523,4.559,116.36
2025-08-08 20:00:00+00:00,4.599,4.609,4.576,4.576,79.56
2025-08-09 00:00:00+00:00,4.602,4.634,4.537,4.603,1234.33
2025-08-09 04:00:00+00:00,4.638,4.719,4.526,4.71,317.34
2025-08-09 08:00:00+00:00,4.723,4.758,4.692,4.733,84.16
2025-08-09 12:00:00+00:00,4.758,4.791,4.709,4.734,135.0
2025-08-09 16:00:00+00:00,4.73,4.76,4.702,4.76,180.54
2025-08-09 20:00:00+00:00,4.723,4.776,4.718,4.718,960.08
2025-08-10 00:00:00+00:00,4.734,4.793,4.727,4.762,311.13
2025-08-10 04:00:00+00:00,4.778,4.802,4.638,4.638,318.92
2025-08-10 08:00:00+00:00,4.642,4.653,4.575,4.575,106.55
2025-08-10 12:00:00+00:00,4.575,4.686,4.575,4.686,160.49
2025-08-10 16:00:00+00:00,4.686,4.687,4.652,4.668,252.89
2025-08-10 20:00:00+00:00,4.667,4.702,4.614,4.67,390.63
2025-08-11 00:00:00+00:00,4.647,4.755,4.612,4.73,923.83
2025-08-11 04:00:00+00:00,4.75,4.774,4.652,4.652,139.78
2025-08-11 08:00:00+00:00,4.628,4.734,4.493,4.581,458.98
2025-08-11 12:00:00+00:00,4.488,4.593,4.456,4.593,154.0
2025-08-11 16:00:00+00:00,4.616,4.655,4.462,4.484,1086.98
2025-08-11 20:00:00+00:00,4.582,4.583,4.46,4.47,271.05
2025-08-12 00:00:00+00:00,4.481,4.56,4.461,4.535,838.57
2025-08-12 04:00:00+00:00,4.53,4.537,4.474,4.497,228.44
2025-08-12 08:00:00+00:00,4.519,4.539,4.487,4.539,18.02
2025-08-12 12:00:00+00:00,4.541,4.616,4.522,4.616,236.14
2025-08-12 16:00:00+00:00,4.63,4.741,4.63,4.672,974.8
2025-08-12 20:00:00+00:00,4.7,4.799,4.668,4.668,99.48
2025-08-13 00:00:00+00:00,4.749,4.756,4.663,4.756,239.94
2025-08-13 04:00:00+00:00,4.767,4.769,4.593,4.71,704.17
2025-08-13 08:00:00+00:00,4.765,4.85,4.752,4.834,1965.13
2025-08-13 12:00:00+00:00,4.847,4.884,4.782,4.861,666.5
2025-08-13 16:00:00+00:00,4.785,4.872,4.785,4.817,116.57
2025-08-13 20:00:00+00:00,4.814,4.893,4.753,4.881,302.38
2025-08-14 00:00:00+00:00,4.809,4.913,4.809,4.912,287.6
2025-08-14 04:00:00+00:00,4.911,4.911,4.796,4.862,435.51
2025-08-14 08:00:00+00:00,4.778,4.871,4.716,4.729,165.25
2025-08-14 12:00:00+00:00,4.717,4.717,4.462,4.605,506.29
2025-08-14 16:00:00+00:00,4.602,4.603,4.487,4.558,1605.0
2025-08-14 20:00:00+00:00,4.533,4.533,4.445,4.517,65.98
2025-08-15 00:00:00+00:00,4.522,4.578,4.48,4.578,435.72
2025-08-15 04:00:00+00:00,4.578,4.616,4.564,4.59,80.16
2025-08-15 08:00:00+00:00,4.542,4.542,4.511,4.511,114.96
2025-08-15 12:00:00+00:00,4.48,4.515,4.366,4.366,246.63
2025-08-15 16:00:00+00:00,4.425,4.425,4.354,4.386,7.37
2025-08-15 20:00:00+00:00,4.386,4.478,4.341,4.453,47.83
2025-08-16 00:00:00+00:00,4.41,4.494,4.392,4.491,156.23
2025-08-16 04:00:00+00:00,4.478,4.495,4.41,4.495,29.73
2025-08-16 08:00:00+00:00,4.512,4.512,4.494,4.494,27.19
2025-08-16 12:00:00+00:00,4.517,4.575,4.514,4.575,253.72
2025-08-16 16:00:00+00:00,4.592,4.596,4.541,4.542,110.81
2025-08-16 20:00:00+00:00,4.577,4.581,4.558,4.575,78.04
2025-08-17 00:00:00+00:00,4.581,4.581,4.543,4.543,54.72
2025-08-17 04:00:00+00:00,4.599,4.663,4.588,4.663,125.93
2025-08-17 08:00:00+00:00,4.664,4.687,4.652,4.652,34.03
2025-08-17 12:00:00+00:00,4.628,4.732,4.628,4.731,193.9
2025-08-17 16:00:00+00:00,4.735,4.747,4.619,4.713,263.04
2025-08-17 20:00:00+00:00,4.61,4.664,4.61,4.664,12.52
2025-08-18 00:00:00+00:00,4.623,4.728,4.441,4.443,387.12
2025-08-18 04:00:00+00:00,4.495,4.497,4.386,4.478,123.04
2025-08-18 08:00:00+00:00,4.401,4.434,4.381,4.434,9.61
2025-08-18 12:00:00+00:00,4.41,4.469,4.41,4.442,36.81
2025-08-18 16:00:00+00:00,4.484,4.501,4.422,4.49,455.55
2025-08-18 20:00:00+00:00,4.505,4.522,4.458,4.47,502.28
2025-08-19 00:00:00+00:00,4.454,4.524,4.361,4.399,683.09
2025-08-19 04:00:00+00:00,4.425,4.425,4.35,4.37,35.37
2025-08-19 08:00:00+00:00,4.383,4.449,4.366,4.449,27.08
2025-08-19 12:00:00+00:00,4.41,4.44,4.326,4.326,549.41
2025-08-19 16:00:00+00:00,4.313,4.349,4.289,4.334,237.23
2025-08-19 20:00:00+00:00,4.31,4.349,4.31,4.334,331.91
2025-08-20 00:00:00+00:00,4.3,4.349,4.252,4.348,1161.2
2025-08-20 04:00:00+00:00,4.346,4.363,4.309,4.353,408.05
2025-08-20 08:00:00+00:00,4.36,4.381,4.325,4.381,152.81
2025-08-20 12:00:00+00:00,4.35,4.45,4.306,4.45,353.05
2025-08-20 16:00:00+00:00,4.451,4.488,4.41,4.484,251.05
2025-08-20 20:00:00+00:00,4.495,4.502,4.492,4.498,112.91
2025-08-21 00:00:00+00:00,4.472,4.505,4.41,4.462,160.44
2025-08-21 04:00:00+00:00,4.496,4.496,4.483,4.484,51.33
2025-08-21 08:00:00+00:00,4.484,4.494,4.454,4.494,231.89
2025-08-21 12:00:00+00:00,4.488,4.511,4.457,4.463,108.85
2025-08-21 16:00:00+00:00,4.46,4.46,4.422,4.425,30.25
2025-08-21 20:00:00+00:00,4.422,4.453,4.396,4.396,28.46
2025-08-22 00:00:00+00:00,4.402,4.484,4.4,4.429,14.53
2025-08-22 04:00:00+00:00,4.43,4.43,4.409,4.428,52.6
2025-08-22 08:00:00+00:00,4.407,4.511,4.332,4.362,331.83
2025-08-22 12:00:00+00:00,4.38,4.663,4.309,4.655,939.28
2025-08-22 16:00:00+00:00,4.655,4.77,4.655,4.769,915.43
2025-08-22 20:00:00+00:00,4.769,4.85,4.742,4.802,2115.12
2025-08-23 00:00:00+00:00,4.846,4.846,4.711,4.78,231.86
2025-08-23 04:00:00+00:00,4.763,4.847,4.763,4.814,759.59
2025-08-23 08:00:00+00:00,4.848,4.848,4.801,4.846,52.14
2025-08-23 12:00:00+00:00,4.848,4.912,4.848,4.875,229.67
2025-08-23 16:00:00+00:00,4.894,4.925,4.854,4.925,470.3
2025-08-23 20:00:00+00:00,4.912,4.918,4.884,4.884,61.61
2025-08-24 00:00:00+00:00,4.902,4.902,4.817,4.817,201.16
2025-08-24 04:00:00+00:00,4.84,4.841,4.723,4.739,150.25
2025-08-24 08:00:00+00:00,4.723,4.723,4.663,4.663,105.8
2025-08-24 12:00:00+00:00,4.675,4.726,4.672,4.72,152.41
2025-08-24 16:00:00+00:00,4.684,4.96,4.684,4.77,936.69
2025-08-24 20:00:00+00:00,4.75,4.85,4.717,4.843,160.85
2025-08-25 00:00:00+00:00,4.834,4.841,4.718,4.841,304.99
2025-08-25 04:00:00+00:00,4.822,4.825,4.55,4.55,679.67
2025-08-25 08:00:00+00:00,4.55,4.588,4.501,4.556,402.2
2025-08-25 12:00:00+00:00,4.553,4.657,4.543,4.62,95.04
2025-08-25 16:00:00+00:00,4.6,4.648,4.513,4.513,331.57
2025-08-25 20:00:00+00:00,4.501,4.501,4.4,4.416,773.1
2025-08-26 00:00:00+00:00,4.4,4.499,4.394,4.499,337.55
2025-08-26 04:00:00+00:00,4.496,4.496,4.431,4.462,37.52
2025-08-26 08:00:00+00:00,4.434,4.482,4.434,4.482,17.78
2025-08-26 12:00:00+00:00,4.486,4.569,4.4,4.462,297.15
2025-08-26 16:00:00+00:00,4.469,4.562,4.45,4.562,80.6
2025-08-26 20:00:00+00:00,4.575,4.575,4.525,4.525,310.74
2025-08-27 00:00:00+00:00,4.524,4.548,4.493,4.524,161.93
2025-08-27 04:00:00+00:00,4.555,4.556,4.524,4.524,87.46
2025-08-27 08:00:00+00:00,4.493,4.545,4.493,4.499,15.15
2025-08-27 12:00:00+00:00,4.501,4.585,4.501,4.574,147.63
2025-08-27 16:00:00+00:00,4.542,4.585,4.511,4.585,554.82
2025-08-27 20:00:00+00:00,4.536,4.588,4.493,4.493,121.01
2025-08-28 00:00:00+00:00,4.467,4.556,4.463,4.535,95.23
2025-08-28 04:00:00+00:00,4.557,4.575,4.557,4.557,40.64
2025-08-28 08:00:00+00:00,4.588,4.593,4.543,4.579,69.19
2025-08-28 12:00:00+00:00,4.588,4.723,4.583,4.684,258.52
2025-08-28 16:00:00+00:00,4.667,4.667,4.612,4.62,137.13
2025-08-28 20:00:00+00:00,4.605,4.8,4.605,4.8,593.77
2025-08-29 00:00:00+00:00,4.8,4.8,4.75,4.75,384.19
2025-08-29 04:00:00+00:00,4.775,4.805,4.602,4.651,337.51
2025-08-29 08:00:00+00:00,4.651,4.651,4.519,4.565,446.85
2025-08-29 12:00:00+00:00,4.606,4.652,4.511,4.556,633.8
2025-08-29 16:00:00+00:00,4.556,4.556,4.445,4.466,142.65
2025-08-29 20:00:00+00:00,4.434,4.513,4.434,4.476,332.71
2025-08-30 00:00:00+00:00,4.475,4.541,4.405,4.54,628.54
2025-08-30 04:00:00+00:00,4.518,4.547,4.518,4.547,13.72
2025-08-30 08:00:00+00:00,4.547,4.548,4.489,4.548,146.72
2025-08-30 12:00:00+00:00,4.461,4.8,4.461,4.501,798.85
2025-08-30 16:00:00+00:00,4.542,4.566,4.468,4.469,278.23
2025-08-30 20:00:00+00:00,4.507,4.507,4.469,4.469,230.97
2025-08-31 00:00:00+00:00,4.51,4.611,4.47,4.596,224.41
2025-08-31 04:00:00+00:00,4.582,4.612,4.569,4.609,824.25
2025-08-31 08:00:00+00:00,4.612,4.612,4.527,4.588,70.88
2025-08-31 12:00:00+00:00,4.614,4.614,4.546,4.608,28.02
2025-08-31 16:00:00+00:00,4.608,4.612,4.513,4.513,189.8
2025-08-31 20:00:00+00:00,4.513,4.555,4.461,4.461,75.93
2025-09-01 00:00:00+00:00,4.46,4.519,4.392,4.409,875.79
2025-09-01 04:00:00+00:00,4.38,4.542,4.378,4.542,130.07
2025-09-01 08:00:00+00:00,4.542,4.614,4.457,4.478,401.41
2025-09-01 12:00:00+00:00,4.474,4.474,4.425,4.425,86.27
2025-09-01 16:00:00+00:00,4.415,4.436,4.399,4.43,547.1
2025-09-01 20:00:00+00:00,4.394,4.404,4.33,4.373,370.3
2025-09-02 00:00:00+00:00,4.398,4.451,4.354,4.451,94.43
2025-09-02 04:00:00+00:00,4.448,4.448,4.417,4.44,583.11
2025-09-02 08:00:00+00:00,4.443,4.443,4.418,4.418,14.22
2025-09-02 12:00:00+00:00,4.38,4.477,4.38,4.38,281.14
2025-09-02 16:00:00+00:00,4.362,4.434,4.362,4.4,252.01
2025-09-02 20:00:00+00:00,4.397,4.445,4.397,4.431,219.89
2025-09-03 00:00:00+00:00,4.438,4.451,4.359,4.451,69.5
2025-09-03 04:00:00+00:00,4.402,4.428,4.402,4.428,14.14
2025-09-03 08:00:00+00:00,4.464,4.478,4.445,4.478,136.21
2025-09-03 12:00:00+00:00,4.475,4.531,4.415,4.531,323.86
2025-09-03 16:00:00+00:00,4.538,4.558,4.513,4.536,527.23
2025-09-03 20:00:00+00:00,4.522,4.538,4.52,4.536,162.28
2025-09-04 00:00:00+00:00,4.517,4.542,4.447,4.447,426.4
2025-09-04 04:00:00+00:00,4.445,4.516,4.4,4.413,70.62
2025-09-04 08:00:00+00:00,4.402,4.402,4.402,4.402,22.75
2025-09-04 12:00:00+00:00,4.42,4.42,4.383,4.384,364.57
2025-09-04 16:00:00+00:00,4.383,4.49,4.376,4.433,93.24
2025-09-04 20:00:00+00:00,4.344,4.446,4.3,4.429,858.05
2025-09-05 00:00:00+00:00,4.429,4.442,4.339,4.387,130.21
2025-09-05 04:00:00+00:00,4.409,4.451,4.409,4.451,21.7
2025-09-05 08:00:00+00:00,4.476,4.478,4.445,4.478,233.81
2025-09-05 12:00:00+00:00,4.486,4.548,4.419,4.419,556.07
2025-09-05 16:00:00+00:00,4.43,4.443,4.398,4.411,178.05
2025-09-05 20:00:00+00:00,4.41,4.481,4.41,4.43,150.96
2025-09-06 00:00:00+00:00,4.436,4.479,4.434,4.434,104.76
2025-09-06 04:00:00+00:00,4.43,4.43,4.394,4.403,114.04
2025-09-06 08:00:00+00:00,4.39,4.39,4.354,4.355,3996.63
2025-09-06 12:00:00+00:00,4.365,4.395,4.36,4.395,17175.82
2025-09-06 16:00:00+00:00,4.408,4.408,4.368,4.368,160.67
2025-09-06 20:00:00+00:00,4.391,4.424,4.357,4.389,113.21
2025-09-07 00:00:00+00:00,4.407,4.456,4.407,4.456,147.51
2025-09-07 04:00:00+00:00,4.426,4.426,4.426,4.426,0.8
2025-09-07 08:00:00+00:00,4.441,4.476,4.418,4.457,110.11
2025-09-07 12:00:00+00:00,4.462,4.484,4.462,4.484,125.63
2025-09-07 16:00:00+00:00,4.415,4.475,4.415,4.467,31.66
2025-09-07 20:00:00+00:00,4.465,4.512,4.441,4.497,474.53
2025-09-08 00:00:00+00:00,4.499,4.547,4.476,4.542,189.74
2025-09-08 04:00:00+00:00,4.542,4.542,4.542,4.542,0.0
2025-09-08 08:00:00+00:00,4.526,4.55,4.508,4.55,57.71
2025-09-08 12:00:00+00:00,4.53,4.578,4.505,4.578,829.66
2025-09-08 16:00:00+00:00,4.583,4.591,4.53,4.549,329.72
2025-09-08 20:00:00+00:00,4.533,4.555,4.506,4.552,254.73
2025-09-09 00:00:00+00:00,4.562,4.59,4.502,4.502,104.14
2025-09-09 04:00:00+00:00,4.552,4.639,4.552,4.639,299.33
2025-09-09 08:00:00+00:00,4.658,4.665,4.63,4.665,15.43
2025-09-09 12:00:00+00:00,4.67,4.67,4.513,4.542,227.43
2025-09-09 16:00:00+00:00,4.538,4.597,4.503,4.597,108.24
2025-09-09 20:00:00+00:00,4.611,4.611,4.557,4.597,147.4
2025-09-10 00:00:00+00:00,4.595,4.615,4.543,4.598,217.97
2025-09-10 04:00:00+00:00,4.59,4.605,4.543,4.543,162.73
2025-09-10 08:00:00+00:00,4.616,4.659,4.591,4.642,223.41
2025-09-10 12:00:00+00:00,4.624,4.72,4.608,4.66,264.65
2025-09-10 16:00:00+00:00,4.683,4.683,4.616,4.672,394.21
2025-09-10 20:00:00+00:00,4.693,4.695,4.66,4.664,899.72
2025-09-11 00:00:00+00:00,4.668,4.712,4.606,4.699,967.24
2025-09-11 04:00:00+00:00,4.652,4.683,4.652,4.683,42.86
2025-09-11 08:00:00+00:00,4.668,4.668,4.668,4.668,0.63
2025-09-11 12:00:00+00:00,4.605,4.676,4.595,4.673,538.01
2025-09-11 16:00:00+00:00,4.664,4.692,4.597,4.692,437.93
2025-09-11 20:00:00+00:00,4.688,4.713,4.675,4.696,67.14
2025-09-12 00:00:00+00:00,4.699,4.732,4.664,4.664,413.02
2025-09-12 04:00:00+00:00,4.675,4.705,4.673,4.696,171.1
2025-09-12 08:00:00+00:00,4.664,4.673,4.636,4.636,1004.17
2025-09-12 12:00:00+00:00,4.701,4.701,4.595,4.667,66.96
2025-09-12 16:00:00+00:00,4.685,4.742,4.685,4.742,274.49
2025-09-12 20:00:00+00:00,4.724,4.77,4.699,4.746,654.32
2025-09-13 00:00:00+00:00,4.748,4.78,4.703,4.748,113.35
2025-09-13 04:00:00+00:00,4.744,4.799,4.734,4.783,350.11
2025-09-13 08:00:00+00:00,4.799,4.872,4.789,4.85,1957.56
2025-09-13 12:00:00+00:00,4.833,4.877,4.794,4.861,166.37
2025-09-13 16:00:00+00:00,4.802,4.804,4.782,4.804,29.7
2025-09-13 20:00:00+00:00,4.863,4.863,4.806,4.806,242.75
2025-09-14 00:00:00+00:00,4.81,4.832,4.751,4.751,121.55
2025-09-14 04:00:00+00:00,4.746,4.789,4.723,4.773,420.08
2025-09-14 08:00:00+00:00,4.782,4.782,4.693,4.772,71.08
2025-09-14 12:00:00+00:00,4.688,4.749,4.628,4.628,218.17
2025-09-14 16:00:00+00:00,4.667,4.697,4.667,4.678,39.96
2025-09-14 20:00:00+00:00,4.672,4.695,4.626,4.626,111.37
2025-09-15 00:00:00+00:00,4.628,4.671,4.611,4.625,310.33
2025-09-15 04:00:00+00:00,4.601,4.624,4.566,4.566,97.99
2025-09-15 08:00:00+00:00,4.543,4.543,4.478,4.515,111.54
2025-09-15 12:00:00+00:00,4.513,4.614,4.504,4.504,301.8
2025-09-15 16:00:00+00:00,4.466,4.491,4.464,4.464,160.82
2025-09-15 20:00:00+00:00,4.543,4.543,4.446,4.485,203.16
2025-09-16 00:00:00+00:00,4.504,4.53,4.441,4.441,106.73
2025-09-16 04:00:00+00:00,4.425,4.468,4.424,4.461,25.5
2025-09-16 08:00:00+00:00,4.493,4.495,4.45,4.45,242.1
2025-09-16 12:00:00+00:00,4.431,4.511,4.431,4.511,16.05
2025-09-16 16:00:00+00:00,4.493,4.583,4.492,4.583,532.95
2025-09-16 20:00:00+00:00,4.557,4.597,4.503,4.573,171.19
2025-09-17 00:00:00+00:00,4.595,4.631,4.511,4.624,190.85
2025-09-17 04:00:00+00:00,4.513,4.53,4.089,4.53,1140.12
2025-09-17 08:00:00+00:00,4.505,4.505,4.505,4.505,22.17
2025-09-17 12:00:00+00:00,4.487,4.505,4.467,4.497,64.4
2025-09-17 16:00:00+00:00,4.482,4.547,4.43,4.547,187.56
2025-09-17 20:00:00+00:00,4.547,4.634,4.547,4.631,203.07
2025-09-18 00:00:00+00:00,4.632,4.652,4.549,4.652,478.1
2025-09-18 04:00:00+00:00,4.587,4.653,4.565,4.565,85.35
2025-09-18 08:00:00+00:00,4.569,4.623,4.554,4.554,32.6
2025-09-18 12:00:00+00:00,4.558,4.646,4.557,4.604,1109.05
2025-09-18 16:00:00+00:00,4.631,4.701,4.605,4.665,813.84
2025-09-18 20:00:00+00:00,4.682,4.703,4.654,4.662,267.54
2025-09-19 00:00:00+00:00,4.676,4.752,4.65,4.65,403.63
2025-09-19 04:00:00+00:00,4.618,4.641,4.608,4.633,238.48
2025-09-19 08:00:00+00:00,4.668,4.668,4.594,4.594,18.92
2025-09-19 12:00:00+00:00,4.584,4.675,4.527,4.529,151.54
2025-09-19 16:00:00+00:00,4.528,4.558,4.46,4.482,622.09
2025-09-19 20:00:00+00:00,4.5,4.504,4.458,4.483,50.22
2025-09-20 00:00:00+00:00,4.45,4.532,4.418,4.459,86.32
2025-09-20 04:00:00+00:00,4.478,4.478,4.478,4.478,0.71
2025-09-20 08:00:00+00:00,4.478,4.478,4.478,4.478,0.0
2025-09-20 12:00:00+00:00,4.496,4.499,4.413,4.442,509.6
2025-09-20 16:00:00+00:00,4.479,4.479,4.446,4.446,14.57
2025-09-20 20:00:00+00:00,4.423,4.423,4.423,4.423,2.6
2025-09-21 00:00:00+00:00,4.442,4.499,4.442,4.485,135.03
2025-09-21 04:00:00+00:00,4.485,4.495,4.449,4.449,2783.28
2025-09-21 08:00:00+00:00,4.5,4.5,4.5,4.5,0.41
2025-09-21 12:00:00+00:00,4.463,4.463,4.427,4.427,43.45
2025-09-21 16:00:00+00:00,4.423,4.465,4.407,4.441,245.09
2025-09-21 20:00:00+00:00,4.418,4.433,4.416,4.421,55.43
2025-09-22 00:00:00+00:00,4.4,4.42,4.266,4.266,428.06
2025-09-22 04:00:00+00:00,4.298,4.477,3.999,4.142,1716.71
2025-09-22 08:00:00+00:00,4.148,4.169,4.133,4.145,11.76
2025-09-22 12:00:00+00:00,4.178,4.188,4.109,4.109,120.61
2025-09-22 16:00:00+00:00,4.117,4.166,4.099,4.099,139.05
2025-09-22 20:00:00+00:00,4.111,4.175,4.111,4.175,379.43
2025-09-23 00:00:00+00:00,4.144,4.199,4.121,4.181,107.97
2025-09-23 04:00:00+00:00,4.154,4.211,4.127,4.211,69.95
2025-09-23 08:00:00+00:00,4.196,4.196,4.196,4.196,46.51
2025-09-23 12:00:00+00:00,4.203,4.214,4.147,4.204,443.2
2025-09-23 16:00:00+00:00,4.187,4.214,4.15,4.16,1659.16
2025-09-23 20:00:00+00:00,4.15,4.157,4.128,4.128,596.78
2025-09-24 00:00:00+00:00,4.144,4.199,4.129,4.142,41.9
2025-09-24 04:00:00+00:00,4.11,4.186,4.11,4.182,2882.37
2025-09-24 08:00:00+00:00,4.186,4.226,4.186,4.226,49.11
2025-09-24 12:00:00+00:00,4.227,4.227,4.208,4.208,23.58
2025-09-24 16:00:00+00:00,4.187,4.196,4.125,4.182,159.73
2025-09-24 20:00:00+00:00,4.187,4.187,4.128,4.128,140.59
2025-09-25 00:00:00+00:00,4.208,4.219,4.114,4.136,187.96
2025-09-25 04:00:00+00:00,4.183,4.279,4.058,4.106,221.89
2025-09-25 08:00:00+00:00,4.068,4.141,4.032,4.067,39.3
2025-09-25 12:00:00+00:00,4.024,4.5,4.02,4.094,2344.76
2025-09-25 16:00:00+00:00,4.076,4.094,3.957,4.068,1509.28
2025-09-25 20:00:00+00:00,4.058,4.087,3.996,4.082,75.17
2025-09-26 00:00:00+00:00,4.025,4.075,3.976,4.071,420.81
2025-09-26 04:00:00+00:00,4.064,4.081,4.064,4.081,51.65
2025-09-26 08:00:00+00:00,4.061,4.077,3.962,3.977,137.53
2025-09-26 12:00:00+00:00,3.979,4.54,3.975,4.102,3124.74
2025-09-26 16:00:00+00:00,4.103,4.175,4.087,4.166,428.5
2025-09-26 20:00:00+00:00,4.177,4.177,4.162,4.177,529.77
2025-09-27 00:00:00+00:00,4.104,4.177,4.082,4.09,260.33
2025-09-27 04:00:00+00:00,4.092,4.103,4.092,4.103,219.72
2025-09-27 08:00:00+00:00,4.078,4.123,4.063,4.069,144.52
2025-09-27 12:00:00+00:00,4.081,4.102,4.081,4.102,6.94
2025-09-27 16:00:00+00:00,4.161,4.161,4.063,4.063,126.15
2025-09-27 20:00:00+00:00,4.154,4.154,4.144,4.144,4.81
2025-09-28 00:00:00+00:00,4.138,4.157,4.058,4.141,240.17
2025-09-28 04:00:00+00:00,4.104,4.105,4.051,4.105,74.66
2025-09-28 08:00:00+00:00,4.035,4.341,4.021,4.032,564.97
2025-09-28 12:00:00+00:00,4.094,4.1,4.094,4.1,8.08
2025-09-28 16:00:00+00:00,4.11,4.121,4.11,4.121,122.13
2025-09-28 20:00:00+00:00,4.133,4.187,4.119,4.163,208.11
2025-09-29 00:00:00+00:00,4.181,4.188,4.128,4.128,95.42
2025-09-29 04:00:00+00:00,4.116,4.125,4.109,4.109,21.7
2025-09-29 08:00:00+00:00,4.097,4.097,4.097,4.097,56.53
2025-09-29 12:00:00+00:00,4.084,4.128,4.019,4.128,929.34
2025-09-29 16:00:00+00:00,4.113,4.126,4.02,4.126,778.27
2025-09-29 20:00:00+00:00,4.128,4.182,4.068,4.105,826.21
2025-09-30 00:00:00+00:00,4.098,4.153,4.058,4.058,80.14
2025-09-30 04:00:00+00:00,4.075,4.09,4.051,4.051,62.73
2025-09-30 08:00:00+00:00,4.05,4.069,4.025,4.069,313.06
2025-09-30 12:00:00+00:00,4.02,4.02,3.996,4.003,187.49
2025-09-30 16:00:00+00:00,3.996,4.044,3.996,4.044,155.67
2025-09-30 20:00:00+00:00,4.077,4.118,4.067,4.095,328.88
2025-10-01 00:00:00+00:00,4.072,4.126,4.069,4.069,73.82
2025-10-01 04:00:00+00:00,4.121,4.121,4.082,4.082,47.13
2025-10-01 08:00:00+00:00,4.128,4.249,4.128,4.2,433.21
2025-10-01 12:00:00+00:00,4.188,4.245,4.186,4.186,294.27
2025-10-01 16:00:00+00:00,4.158,4.209,4.145,4.158,67.6
2025-10-01 20:00:00+00:00,4.127,4.145,4.067,4.145,228.78
2025-10-02 00:00:00+00:00,4.127,4.226,4.113,4.226,1441.5
2025-10-02 04:00:00+00:00,4.227,4.243,4.227,4.229,228.78
2025-10-02 08:00:00+00:00,4.232,4.262,4.214,4.262,333.22
2025-10-02 12:00:00+00:00,4.272,4.272,4.178,4.178,44.46
2025-10-02 16:00:00+00:00,4.24,4.315,4.24,4.315,1529.12
2025-10-02 20:00:00+00:00,4.315,4.324,4.275,4.304,570.33
2025-10-03 00:00:00+00:00,4.294,4.322,4.223,4.265,810.99
2025-10-03 04:00:00+00:00,4.241,4.264,4.23,4.248,106.72
2025-10-03 08:00:00+00:00,4.264,4.282,4.22,4.24,111.22
2025-10-03 12:00:00+00:00,4.235,4.307,4.203,4.273,703.62
2025-10-03 16:00:00+00:00,4.316,4.344,4.246,4.323,891.71
2025-10-03 20:00:00+00:00,4.318,4.329,4.28,4.28,1364.52
2025-10-04 00:00:00+00:00,4.274,4.327,4.22,4.22,608.42
2025-10-04 04:00:00+00:00,4.22,4.227,4.203,4.203,114.05
2025-10-04 08:00:00+00:00,4.184,4.184,4.134,4.134,145.35
2025-10-04 12:00:00+00:00,4.157,4.157,4.093,4.093,391.82
2025-10-04 16:00:00+00:00,4.099,4.115,4.094,4.115,19.61
2025-10-04 20:00:00+00:00,4.109,4.109,4.106,4.106,263.59
2025-10-05 00:00:00+00:00,4.124,4.208,4.124,4.201,4774.49
2025-10-05 04:00:00+00:00,4.18,4.262,4.18,4.262,318.58
2025-10-05 08:00:00+00:00,4.262,4.296,4.185,4.212,376.39
2025-10-05 12:00:00+00:00,4.223,4.281,4.197,4.238,75.45
2025-10-05 16:00:00+00:00,4.196,4.226,4.131,4.131,127.31
2025-10-05 20:00:00+00:00,4.131,4.163,4.131,4.144,286.46
2025-10-06 00:00:00+00:00,4.174,4.224,4.118,4.118,287.44
2025-10-06 04:00:00+00:00,4.129,4.18,4.129,4.167,129.08
2025-10-06 08:00:00+00:00,4.146,4.167,4.146,4.167,90.29
2025-10-06 12:00:00+00:00,4.164,4.262,4.131,4.262,226.78
2025-10-06 16:00:00+00:00,4.259,4.301,4.258,4.287,229.8
2025-10-06 20:00:00+00:00,4.287,4.301,4.258,4.297,111.3
2025-10-07 00:00:00+00:00,4.297,4.3,4.223,4.223,273.42
2025-10-07 04:00:00+00:00,4.246,4.3,4.195,4.195,207.78
2025-10-07 08:00:00+00:00,4.193,4.214,4.131,4.136,749.1
2025-10-07 12:00:00+00:00,4.223,4.228,4.044,4.047,580.86
2025-10-07 16:00:00+00:00,4.094,4.094,4.059,4.059,1721.48
2025-10-07 20:00:00+00:00,4.106,4.106,4.049,4.049,19.57
2025-10-08 00:00:00+00:00,4.102,4.119,4.028,4.028,1174.46
2025-10-08 04:00:00+00:00,4.02,4.069,4.02,4.069,10.38
2025-10-08 08:00:00+00:00,4.063,4.063,4.063,4.063,16.28
2025-10-08 12:00:00+00:00,4.067,4.15,4.067,4.12,356.63
2025-10-08 16:00:00+00:00,4.12,4.19,4.12,4.161,460.69
2025-10-08 20:00:00+00:00,4.178,4.198,4.148,4.148,2653.87
2025-10-09 00:00:00+00:00,4.198,4.206,4.035,4.075,870.21
2025-10-09 04:00:00+00:00,4.09,4.118,4.058,4.06,829.27
2025-10-09 08:00:00+00:00,4.035,4.051,4.009,4.051,238.53
2025-10-09 12:00:00+00:00,4.037,4.056,4.001,4.019,255.21
2025-10-09 16:00:00+00:00,4.036,4.046,3.993,4.04,589.91
2025-10-09 20:00:00+00:00,4.059,4.076,4.035,4.063,18.03
2025-10-10 00:00:00+00:00,4.068,4.12,4.034,4.12,833.82
2025-10-10 04:00:00+00:00,4.099,4.099,4.046,4.046,241.87
2025-10-10 08:00:00+00:00,4.049,4.117,4.049,4.117,23.15
2025-10-10 12:00:00+00:00,4.122,4.189,3.925,3.997,532.95
2025-10-10 16:00:00+00:00,4.002,4.01,3.86,3.906,743.46
2025-10-10 20:00:00+00:00,3.906,3.906,2.703,3.01,14098.33
2025-10-11 00:00:00+00:00,3.066,3.152,2.864,3.087,2527.02
2025-10-11 04:00:00+00:00,3.056,3.176,3.013,3.132,745.32
2025-10-11 08:00:00+00:00,3.188,3.302,3.086,3.292,313.2
2025-10-11 12:00:00+00:00,3.303,3.404,3.082,3.199,3336.03
2025-10-11 16:00:00+00:00,3.2,3.272,3.13,3.233,523.79
2025-10-11 20:00:00+00:00,3.13,3.25,3.034,3.223,1296.03
2025-10-12 00:00:00+00:00,3.1,3.718,3.036,3.15,2969.51
2025-10-12 04:00:00+00:00,3.15,3.26,3.15,3.26,38.32
2025-10-12 08:00:00+00:00,3.273,3.35,3.251,3.345,180.9
2025-10-12 12:00:00+00:00,3.338,3.443,3.242,3.443,172.22
2025-10-12 16:00:00+00:00,3.451,3.526,3.45,3.464,206.08
2025-10-12 20:00:00+00:00,3.527,3.538,3.481,3.481,35.31
2025-10-13 00:00:00+00:00,3.536,3.551,3.449,3.494,389.07
2025-10-13 04:00:00+00:00,3.468,3.548,3.468,3.548,108.76
2025-10-13 08:00:00+00:00,3.536,3.578,3.441,3.466,152.71
2025-10-13 12:00:00+00:00,3.481,3.592,3.481,3.547,864.84
2025-10-13 16:00:00+00:00,3.57,3.672,3.488,3.608,285.92
2025-10-13 20:00:00+00:00,3.593,3.641,3.593,3.617,11.72
2025-10-14 00:00:00+00:00,3.656,3.666,3.52,3.601,311.95
2025-10-14 04:00:00+00:00,3.52,3.537,3.326,3.359,394.73
2025-10-14 08:00:00+00:00,3.387,3.397,3.315,3.383,161.58
2025-10-14 12:00:00+00:00,3.322,3.445,3.322,3.445,3198.98
2025-10-14 16:00:00+00:00,3.452,3.503,3.395,3.484,181.44
2025-10-14 20:00:00+00:00,3.482,3.482,3.438,3.449,23.1
2025-10-15 00:00:00+00:00,3.463,3.503,3.402,3.44,1013.26
2025-10-15 04:00:00+00:00,3.471,3.487,3.434,3.458,441.21
2025-10-15 08:00:00+00:00,3.507,3.511,3.4,3.487,734.89
2025-10-15 12:00:00+00:00,3.405,3.419,3.315,3.343,401.55
2025-10-15 16:00:00+00:00,3.33,3.399,3.311,3.312,498.09
2025-10-15 20:00:00+00:00,3.293,3.32,3.29,3.314,419.9
2025-10-16 00:00:00+00:00,3.323,3.397,3.32,3.391,460.04
2025-10-16 04:00:00+00:00,3.357,3.367,3.357,3.367,2.67
2025-10-16 08:00:00+00:00,3.332,3.397,3.267,3.383,2234.34
2025-10-16 12:00:00+00:00,3.402,3.445,3.279,3.372,175.91
2025-10-16 16:00:00+00:00,3.276,3.317,3.22,3.276,845.41
2025-10-16 20:00:00+00:00,3.219,3.268,3.219,3.231,107.03
2025-10-17 00:00:00+00:00,3.268,3.301,3.24,3.265,518.94
2025-10-17 04:00:00+00:00,3.256,3.256,3.077,3.077,1531.93
2025-10-17 08:00:00+00:00,3.054,3.178,3.021,3.178,122.83
2025-10-17 12:00:00+00:00,3.143,3.21,3.119,3.179,242.05
2025-10-17 16:00:00+00:00,3.211,3.332,3.108,3.177,464.86
2025-10-17 20:00:00+00:00,3.239,3.239,3.156,3.156,74.31
2025-10-18 00:00:00+00:00,3.135,3.202,3.135,3.2,613.44
2025-10-18 04:00:00+00:00,3.207,3.21,3.207,3.21,26.92
2025-10-18 08:00:00+00:00,3.244,3.244,3.203,3.203,11.05
2025-10-18 12:00:00+00:00,3.247,3.247,3.18,3.187,49.68
2025-10-18 16:00:00+00:00,3.167,3.244,3.167,3.225,170.24
2025-10-18 20:00:00+00:00,3.175,3.237,3.173,3.234,144.58
2025-10-19 00:00:00+00:00,3.131,3.246,3.131,3.215,272.47
2025-10-19 04:00:00+00:00,3.139,3.247,3.131,3.131,102.68
2025-10-19 08:00:00+00:00,3.225,3.225,3.102,3.175,139.04
2025-10-19 12:00:00+00:00,3.25,3.272,3.25,3.256,1017.2
2025-10-19 16:00:00+00:00,3.239,3.283,3.181,3.243,112.37
2025-10-19 20:00:00+00:00,3.257,3.265,3.245,3.249,285.5
2025-10-20 00:00:00+00:00,3.22,3.252,3.177,3.25,218.34
2025-10-20 04:00:00+00:00,3.276,3.31,3.263,3.275,153.41
2025-10-20 08:00:00+00:00,3.288,3.31,3.272,3.272,165.37
2025-10-20 12:00:00+00:00,3.285,3.314,3.274,3.29,327.89
2025-10-20 16:00:00+00:00,3.272,3.307,3.221,3.307,43.77
2025-10-20 20:00:00+00:00,3.307,3.307,3.307,3.307,0.0
2025-10-21 00:00:00+00:00,3.274,3.314,3.235,3.248,136.45
2025-10-21 04:00:00+00:00,3.227,3.227,3.177,3.2,84.36
2025-10-21 08:00:00+00:00,3.19,3.228,3.164,3.197,21.75
2025-10-21 12:00:00+00:00,3.25,3.355,3.235,3.355,268.32
2025-10-21 16:00:00+00:00,3.363,3.374,3.312,3.325,105.73
2025-10-21 20:00:00+00:00,3.276,3.295,3.219,3.219,104.77
2025-10-22 00:00:00+00:00,3.206,3.398,3.138,3.203,608.98
2025-10-22 04:00:00+00:00,3.245,3.245,3.171,3.173,221.62
2025-10-22 08:00:00+00:00,3.175,3.176,3.108,3.173,80.67
2025-10-22 12:00:00+00:00,3.167,3.183,3.151,3.163,45.24
2025-10-22 16:00:00+00:00,3.095,3.185,3.095,3.126,197.79
2025-10-22 20:00:00+00:00,3.131,3.193,3.038,3.102,231.7
2025-10-23 00:00:00+00:00,3.122,3.135,3.102,3.118,126.35
2025-10-23 04:00:00+00:00,3.151,3.165,3.151,3.165,84.52
2025-10-23 08:00:00+00:00,3.166,3.189,3.106,3.145,207.53
2025-10-23 12:00:00+00:00,3.191,3.198,3.175,3.198,71.68
2025-10-23 16:00:00+00:00,3.193,3.228,3.179,3.212,432.34
2025-10-23 20:00:00+00:00,3.175,3.175,3.162,3.167,514.27
2025-10-24 00:00:00+00:00,3.181,3.227,3.154,3.168,185.64
2025-10-24 04:00:00+00:00,3.154,3.186,3.131,3.184,139.93
2025-10-24 08:00:00+00:00,3.184,3.185,3.138,3.138,575.71
2025-10-24 12:00:00+00:00,3.151,3.187,3.134,3.134,175.54
2025-10-24 16:00:00+00:00,3.149,3.149,3.137,3.141,91.79
2025-10-24 20:00:00+00:00,3.183,3.184,3.17,3.17,13.9
2025-10-25 00:00:00+00:00,3.167,3.209,3.158,3.184,372.81
2025-10-25 04:00:00+00:00,3.168,3.168,3.149,3.149,4.1
2025-10-25 08:00:00+00:00,3.156,3.156,3.144,3.146,188.13
2025-10-25 12:00:00+00:00,3.146,3.223,3.145,3.211,208.4
2025-10-25 16:00:00+00:00,3.142,3.224,3.142,3.15,189.49
2025-10-25 20:00:00+00:00,3.15,3.216,3.15,3.17,22.99
2025-10-26 00:00:00+00:00,3.153,3.226,3.129,3.18,209.67
2025-10-26 04:00:00+00:00,3.177,3.187,3.118,3.127,272.25
2025-10-26 08:00:00+00:00,3.186,3.224,3.186,3.224,5930.48
2025-10-26 12:00:00+00:00,3.213,3.248,3.207,3.219,141.32
2025-10-26 16:00:00+00:00,3.257,3.257,3.238,3.238,21.06
2025-10-26 20:00:00+00:00,3.209,3.296,3.207,3.243,332.65
2025-10-27 00:00:00+00:00,3.261,3.298,3.239,3.242,209.59
2025-10-27 04:00:00+00:00,3.28,3.28,3.257,3.278,50.78
2025-10-27 08:00:00+00:00,3.291,3.291,3.207,3.207,62.86
2025-10-27 12:00:00+00:00,3.203,3.28,3.179,3.279,275.35
2025-10-27 16:00:00+00:00,3.222,3.244,3.222,3.236,12.15
2025-10-27 20:00:00+00:00,3.2,3.2,3.139,3.182,58.71
2025-10-28 00:00:00+00:00,3.208,3.224,3.15,3.15,138.15
2025-10-28 04:00:00+00:00,3.157,3.19,3.153,3.19,17.52
2025-10-28 08:00:00+00:00,3.185,3.189,3.162,3.162,24.98
2025-10-28 12:00:00+00:00,3.154,3.208,3.129,3.166,44.32
2025-10-28 16:00:00+00:00,3.146,3.205,3.134,3.185,1471.11
2025-10-28 20:00:00+00:00,3.115,3.115,3.038,3.1,770.08
2025-10-29 00:00:00+00:00,3.121,3.123,3.049,3.099,468.23
2025-10-29 04:00:00+00:00,3.089,3.119,3.089,3.119,11.73
2025-10-29 08:00:00+00:00,3.105,3.125,3.086,3.125,37.11
2025-10-29 12:00:00+00:00,3.104,3.104,3.079,3.079,118.61
2025-10-29 16:00:00+00:00,3.037,3.148,3.037,3.148,51.87
2025-10-29 20:00:00+00:00,3.156,3.175,3.094,3.094,1186.41
2025-10-30 00:00:00+00:00,3.09,3.139,3.073,3.086,245.76
2025-10-30 04:00:00+00:00,3.086,3.143,3.001,3.106,106.9
2025-10-30 08:00:00+00:00,3.125,3.125,3.052,3.079,86.91
2025-10-30 12:00:00+00:00,3.037,3.037,2.93,2.93,2552.47
2025-10-30 16:00:00+00:00,2.95,2.956,2.861,2.861,1280.67
2025-10-30 20:00:00+00:00,2.926,2.977,2.876,2.931,221.57
2025-10-31 00:00:00+00:00,2.98,3.017,2.922,3.017,750.4
2025-10-31 04:00:00+00:00,3.017,3.017,3.009,3.009,7.96
2025-10-31 08:00:00+00:00,3.018,3.018,3.017,3.017,24.42
2025-10-31 12:00:00+00:00,3.012,3.2,2.97,3.005,197.05
2025-10-31 16:00:00+00:00,2.969,2.997,2.928,2.985,201.87
2025-10-31 20:00:00+00:00,2.985,2.985,2.953,2.974,74.9
2025-11-01 00:00:00+00:00,2.962,3.015,2.945,2.949,273.41
2025-11-01 04:00:00+00:00,2.924,3.009,2.924,2.989,56.49
2025-11-01 08:00:00+00:00,3.016,3.016,2.947,3.011,264.25
2025-11-01 12:00:00+00:00,3.005,3.015,3.005,3.012,123.1
2025-11-01 16:00:00+00:00,3.016,3.035,2.966,3.035,46.64
2025-11-01 20:00:00+00:00,3.046,3.046,3.002,3.02,149.53
2025-11-02 00:00:00+00:00,3.006,3.045,2.997,2.997,215.77
2025-11-02 04:00:00+00:00,3.018,3.047,3.016,3.047,41.83
2025-11-02 08:00:00+00:00,3.047,3.049,3.006,3.042,164.38
2025-11-02 12:00:00+00:00,3.013,3.013,2.965,2.984,228.21
2025-11-02 16:00:00+00:00,2.965,3.035,2.945,2.945,101.75
2025-11-02 20:00:00+00:00,2.972,3.068,2.972,3.063,195.26
2025-11-03 00:00:00+00:00,3.046,3.077,2.87,2.906,406.57
2025-11-03 04:00:00+00:00,2.88,2.901,2.83,2.865,337.84
2025-11-03 08:00:00+00:00,2.872,2.872,2.759,2.785,447.87
2025-11-03 12:00:00+00:00,2.792,2.81,2.652,2.74,1157.08
2025-11-03 16:00:00+00:00,2.74,2.949,2.582,2.582,1892.29
2025-11-03 20:00:00+00:00,2.581,2.595,2.473,2.516,1912.79
2025-11-04 00:00:00+00:00,2.521,2.626,2.493,2.614,904.72
2025-11-04 04:00:00+00:00,2.559,2.621,2.447,2.481,238.45
2025-11-04 08:00:00+00:00,2.522,2.595,2.497,2.586,213.29
2025-11-04 12:00:00+00:00,2.585,2.632,2.573,2.632,27.89
2025-11-04 16:00:00+00:00,2.517,2.541,2.45,2.47,533.64
2025-11-04 20:00:00+00:00,2.425,2.548,2.32,2.548,1169.84
2025-11-05 00:00:00+00:00,2.539,2.557,2.41,2.529,963.26
2025-11-05 04:00:00+00:00,2.561,2.616,2.541,2.616,431.45
2025-11-05 08:00:00+00:00,2.59,2.6,2.556,2.57,52.95
2025-11-05 12:00:00+00:00,2.617,2.661,2.617,2.661,5.98
2025-11-05 16:00:00+00:00,2.632,2.688,2.63,2.682,977.52
2025-11-05 20:00:00+00:00,2.651,2.69,2.65,2.69,118.12
2025-11-06 00:00:00+00:00,2.689,2.69,2.603,2.65,360.17
2025-11-06 04:00:00+00:00,2.652,2.652,2.581,2.581,55.44
2025-11-06 08:00:00+00:00,2.612,2.612,2.57,2.607,57.61
2025-11-06 12:00:00+00:00,2.58,2.676,2.538,2.56,418.46
2025-11-06 16:00:00+00:00,2.56,2.637,2.56,2.637,390.58
2025-11-06 20:00:00+00:00,2.623,2.671,2.614,2.637,103.23
2025-11-07 00:00:00+00:00,2.679,2.724,2.647,2.688,1624.03
2025-11-07 04:00:00+00:00,2.713,2.789,2.647,2.789,206.74
2025-11-07 08:00:00+00:00,2.799,2.81,2.713,2.767,990.04
2025-11-07 12:00:00+00:00,2.767,2.871,2.698,2.777,2225.5
2025-11-07 16:00:00+00:00,2.872,3.175,2.85,3.058,642.71
2025-11-07 20:00:00+00:00,3.159,3.159,3.047,3.047,218.14
2025-11-08 00:00:00+00:00,3.038,3.146,3.026,3.037,461.97
2025-11-08 04:00:00+00:00,3.037,3.145,2.987,3.102,96.3
2025-11-08 08:00:00+00:00,2.98,3.09,2.945,3.09,1003.98
2025-11-08 12:00:00+00:00,3.021,3.032,2.904,3.025,46.63
2025-11-08 16:00:00+00:00,3.011,3.066,2.99,2.993,110.02
2025-11-08 20:00:00+00:00,2.984,3.083,2.982,3.067,436.76
2025-11-09 00:00:00+00:00,2.912,3.05,2.83,2.92,83.46
2025-11-09 04:00:00+00:00,2.92,2.92,2.83,2.83,52.15
2025-11-09 08:00:00+00:00,2.921,2.963,2.85,2.963,55.74
2025-11-09 12:00:00+00:00,2.83,2.966,2.83,2.966,155.73
2025-11-09 16:00:00+00:00,2.987,3.2,2.917,3.048,1682.59
2025-11-09 20:00:00+00:00,2.995,3.077,2.985,2.985,28.8
2025-11-10 00:00:00+00:00,3.035,3.037,2.919,3.037,280.56
2025-11-10 04:00:00+00:00,3.037,3.037,3.037,3.037,9.66
2025-11-10 08:00:00+00:00,3.037,3.067,3.037,3.067,19.83
2025-11-10 12:00:00+00:00,3.096,3.119,3.0,3.001,66.26
2025-11-10 16:00:00+00:00,3.097,3.118,3.002,3.009,84.87
2025-11-10 20:00:00+00:00,3.085,3.15,3.009,3.009,1092.92
2025-11-11 00:00:00+00:00,3.029,3.147,3.0,3.056,336.1
2025-11-11 04:00:00+00:00,3.052,3.129,3.009,3.009,69.11
2025-11-11 08:00:00+00:00,3.137,3.137,3.102,3.102,2.34
2025-11-11 12:00:00+00:00,3.0,3.147,2.967,2.985,700.27
2025-11-11 16:00:00+00:00,3.122,3.14,3.114,3.114,88.41
2025-11-11 20:00:00+00:00,2.963,2.964,2.962,2.962,137.26
2025-11-12 00:00:00+00:00,2.913,3.004,2.913,2.913,155.86
2025-11-12 04:00:00+00:00,2.913,3.01,2.837,3.01,256.87
2025-11-12 08:00:00+00:00,3.011,3.107,3.011,3.107,113.47
2025-11-12 12:00:00+00:00,3.107,3.125,2.951,2.951,297.84
2025-11-12 16:00:00+00:00,2.95,2.987,2.815,2.919,544.24
2025-11-12 20:00:00+00:00,2.841,2.944,2.838,2.838,110.0
2025-11-13 00:00:00+00:00,2.89,2.993,2.828,2.993,797.72
2025-11-13 04:00:00+00:00,3.013,3.013,2.919,2.919,27.03
2025-11-13 08:00:00+00:00,2.999,3.021,2.999,3.015,43.02
2025-11-13 12:00:00+00:00,2.996,2.998,2.915,2.915,137.14
2025-11-13 16:00:00+00:00,3.005,3.005,2.801,2.801,454.02
2025-11-13 20:00:00+00:00,2.764,3.2,2.745,2.871,1049.39
2025-11-14 00:00:00+00:00,2.842,2.9,2.839,2.839,484.13
2025-11-14 04:00:00+00:00,2.861,2.932,2.751,2.932,446.58
2025-11-14 08:00:00+00:00,2.906,3.047,2.786,2.786,44.98
2025-11-14 12:00:00+00:00,2.745,2.884,2.745,2.884,193.12
2025-11-14 16:00:00+00:00,2.884,2.924,2.834,2.834,71.66
2025-11-14 20:00:00+00:00,2.784,2.944,2.759,2.847,60.19
2025-11-15 00:00:00+00:00,2.76,2.886,2.759,2.878,114.49
2025-11-15 04:00:00+00:00,2.856,2.988,2.799,2.988,240.79
2025-11-15 08:00:00+00:00,2.913,2.998,2.877,2.877,27.0
2025-11-15 12:00:00+00:00,2.858,3.003,2.858,2.953,26.83
2025-11-15 16:00:00+00:00,2.981,2.981,2.858,2.949,323.72
2025-11-15 20:00:00+00:00,2.857,2.857,2.857,2.857,8.74
2025-11-16 00:00:00+00:00,2.836,2.875,2.76,2.806,144.23
2025-11-16 04:00:00+00:00,2.875,2.875,2.875,2.875,1.04
2025-11-16 08:00:00+00:00,2.808,2.903,2.808,2.887,1049.64
2025-11-16 12:00:00+00:00,2.806,2.869,2.759,2.869,704.27
2025-11-16 16:00:00+00:00,2.819,2.819,2.71,2.786,120.55
2025-11-16 20:00:00+00:00,2.703,2.703,2.702,2.702,1392.01
2025-11-17 00:00:00+00:00,2.709,2.861,2.709,2.747,624.3
2025-11-17 04:00:00+00:00,2.829,2.832,2.751,2.832,80.24
2025-11-17 08:00:00+00:00,2.832,2.87,2.752,2.87,146.14
2025-11-17 12:00:00+00:00,2.784,2.909,2.779,2.901,203.71
2025-11-17 16:00:00+00:00,2.907,2.907,2.717,2.717,87.05
2025-11-17 20:00:00+00:00,2.702,2.898,2.691,2.691,763.84
2025-11-18 00:00:00+00:00,2.687,2.852,2.673,2.79,2637.56
2025-11-18 04:00:00+00:00,2.703,2.797,2.703,2.797,58.55
2025-11-18 08:00:00+00:00,2.814,2.815,2.786,2.801,38.88
2025-11-18 12:00:00+00:00,2.763,2.763,2.738,2.738,37.43
2025-11-18 16:00:00+00:00,2.713,2.798,2.713,2.741,53349.37
2025-11-18 20:00:00+00:00,2.787,2.787,2.715,2.715,847.44
2025-11-19 00:00:00+00:00,2.781,2.784,2.701,2.701,446.26
2025-11-19 04:00:00+00:00,2.776,2.776,2.618,2.706,674.33
2025-11-19 08:00:00+00:00,2.719,2.732,2.683,2.683,70.48
2025-11-19 12:00:00+00:00,2.755,2.783,2.691,2.783,111.65
2025-11-19 16:00:00+00:00,2.653,2.729,2.626,2.626,565.22
2025-11-19 20:00:00+00:00,2.626,2.781,2.626,2.781,36.24
2025-11-20 00:00:00+00:00,2.659,2.816,2.659,2.816,6619.58
2025-11-20 04:00:00+00:00,2.843,3.07,2.786,3.07,809.21
2025-11-20 08:00:00+00:00,2.993,3.124,2.985,2.988,831.59
2025-11-20 12:00:00+00:00,2.988,3.077,2.937,3.019,21233.59
2025-11-20 16:00:00+00:00,2.993,3.041,2.75,2.817,505.93
2025-11-20 20:00:00+00:00,2.744,2.845,2.743,2.759,162.18
2025-11-21 00:00:00+00:00,2.817,2.838,2.696,2.7,493.91
2025-11-21 04:00:00+00:00,2.787,2.787,2.56,2.638,1650.79
2025-11-21 08:00:00+00:00,2.562,2.664,2.56,2.56,21.48
2025-11-21 12:00:00+00:00,2.636,2.636,2.485,2.605,787.79
2025-11-21 16:00:00+00:00,2.493,2.641,2.492,2.64,1061.08
2025-11-21 20:00:00+00:00,2.605,2.641,2.456,2.461,534.29
2025-11-22 00:00:00+00:00,2.461,2.531,2.457,2.481,304.8
2025-11-22 04:00:00+00:00,2.527,2.533,2.451,2.533,181.8
2025-11-22 08:00:00+00:00,2.451,2.53,2.44,2.53,63.94
2025-11-22 12:00:00+00:00,2.529,2.529,2.439,2.439,36.63
2025-11-22 16:00:00+00:00,2.523,2.533,2.443,2.533,60.26
2025-11-22 20:00:00+00:00,2.531,2.533,2.452,2.533,379.12
2025-11-23 00:00:00+00:00,2.469,2.559,2.465,2.559,132.56
2025-11-23 04:00:00+00:00,2.559,2.56,2.559,2.56,48.2
2025-11-23 08:00:00+00:00,2.56,2.56,2.56,2.56,1.17
2025-11-23 12:00:00+00:00,2.569,2.569,2.485,2.485,63.71
2025-11-23 16:00:00+00:00,2.565,2.568,2.559,2.559,156.54
2025-11-23 20:00:00+00:00,2.485,2.559,2.485,2.559,7.59
2025-11-24 00:00:00+00:00,2.482,2.571,2.441,2.571,317.41
2025-11-24 04:00:00+00:00,2.571,2.571,2.498,2.553,16.06
2025-11-24 08:00:00+00:00,2.484,2.578,2.431,2.431,229.24
2025-11-24 12:00:00+00:00,2.481,2.481,2.4,2.475,126.89
2025-11-24 16:00:00+00:00,2.483,2.551,2.412,2.551,31.67
2025-11-24 20:00:00+00:00,2.461,2.537,2.406,2.537,76.2
2025-11-25 00:00:00+00:00,2.547,2.551,2.45,2.551,150.55
2025-11-25 04:00:00+00:00,2.551,2.551,2.5,2.5,644.29
2025-11-25 08:00:00+00:00,2.5,2.5,2.5,2.5,0.0
2025-11-25 12:00:00+00:00,2.4,2.4,2.4,2.4,22.75
2025-11-25 16:00:00+00:00,2.497,2.497,2.408,2.419,673.51
2025-11-25 20:00:00+00:00,2.497,2.497,2.413,2.497,120.67
2025-11-26 00:00:00+00:00,2.497,2.497,2.416,2.456,190.38
2025-11-26 04:00:00+00:00,2.495,2.495,2.401,2.429,14.89
2025-11-26 08:00:00+00:00,2.497,2.497,2.497,2.497,4.79
2025-11-26 12:00:00+00:00,2.425,2.487,2.404,2.487,171.39
2025-11-26 16:00:00+00:00,2.463,2.576,2.458,2.572,275.21
2025-11-26 20:00:00+00:00,2.576,2.576,2.557,2.557,33.45
2025-11-27 00:00:00+00:00,2.574,2.577,2.5,2.545,1193.29
2025-11-27 04:00:00+00:00,2.545,2.545,2.517,2.536,174.25
2025-11-27 08:00:00+00:00,2.535,2.535,2.497,2.535,11.56
2025-11-27 12:00:00+00:00,2.535,2.566,2.497,2.566,420.75
2025-11-27 16:00:00+00:00,2.576,2.635,2.487,2.549,858.16
2025-11-27 20:00:00+00:00,2.55,2.554,2.491,2.491,160.23
2025-11-28 00:00:00+00:00,2.552,2.552,2.49,2.538,606.07
2025-11-28 04:00:00+00:00,2.535,2.535,2.46,2.46,523.69
2025-11-28 08:00:00+00:00,2.536,2.536,2.536,2.536,1.18
2025-11-28 12:00:00+00:00,2.536,2.554,2.507,2.507,519.88
2025-11-28 16:00:00+00:00,2.554,2.634,2.415,2.415,1677.43
2025-11-28 20:00:00+00:00,2.415,2.415,2.415,2.415,0.0
2025-11-29 00:00:00+00:00,2.417,2.559,2.417,2.419,151.58
2025-11-29 04:00:00+00:00,2.504,2.504,2.504,2.504,99.77
2025-11-29 08:00:00+00:00,2.42,2.461,2.4,2.44,56.43
2025-11-29 12:00:00+00:00,2.475,2.477,2.377,2.377,104.41
2025-11-29 16:00:00+00:00,2.392,2.446,2.377,2.431,89.26
2025-11-29 20:00:00+00:00,2.431,2.431,2.385,2.385,68.86
2025-11-30 00:00:00+00:00,2.432,2.49,2.377,2.396,384.93
2025-11-30 04:00:00+00:00,2.479,2.479,2.474,2.474,9.29
2025-11-30 08:00:00+00:00,2.484,2.484,2.384,2.384,111.69
2025-11-30 12:00:00+00:00,2.45,2.473,2.432,2.473,36.19
2025-11-30 16:00:00+00:00,2.426,2.443,2.407,2.443,121.6
2025-11-30 20:00:00+00:00,2.415,2.435,2.354,2.411,79.25
2025-12-01 00:00:00+00:00,2.33,2.593,2.243,2.247,847.91
2025-12-01 04:00:00+00:00,2.307,2.327,2.3,2.3,124.47
2025-12-01 08:00:00+00:00,2.32,2.32,2.247,2.32,99.84
2025-12-01 12:00:00+00:00,2.24,2.264,2.15,2.172,463.84
2025-12-01 16:00:00+00:00,2.171,2.264,2.151,2.151,478.07
2025-12-01 20:00:00+00:00,2.25,2.315,2.151,2.307,101.1
2025-12-02 00:00:00+00:00,2.299,2.307,2.134,2.284,1157.2
2025-12-02 04:00:00+00:00,2.28,2.284,2.28,2.284,1.92
2025-12-02 08:00:00+00:00,2.284,2.284,2.13,2.13,32.52
2025-12-02 12:00:00+00:00,2.284,2.446,2.252,2.436,291.25
2025-12-02 16:00:00+00:00,2.436,2.436,2.356,2.356,572.07
2025-12-02 20:00:00+00:00,2.413,2.413,2.356,2.398,243.88
2025-12-03 00:00:00+00:00,2.385,2.448,2.332,2.404,401.23
2025-12-03 04:00:00+00:00,2.404,2.462,2.356,2.356,126.59
2025-12-03 08:00:00+00:00,2.356,2.429,2.356,2.427,63.68
2025-12-03 12:00:00+00:00,2.419,2.421,2.294,2.294,44.82
2025-12-03 16:00:00+00:00,2.376,2.408,2.32,2.408,137.09
2025-12-03 20:00:00+00:00,2.323,2.444,2.323,2.413,176.47
2025-12-04 00:00:00+00:00,2.413,2.413,2.328,2.364,234.25
2025-12-04 04:00:00+00:00,2.363,2.409,2.324,2.408,137.6
2025-12-04 08:00:00+00:00,2.412,2.412,2.412,2.412,1.24
2025-12-04 12:00:00+00:00,2.413,2.413,2.324,2.381,14.57
2025-12-04 16:00:00+00:00,2.324,2.393,2.3,2.386,156.11
2025-12-04 20:00:00+00:00,2.379,2.379,2.379,2.379,20.95
2025-12-05 00:00:00+00:00,2.355,2.399,2.287,2.288,251.06
2025-12-05 04:00:00+00:00,2.351,2.368,2.342,2.353,151.59
2025-12-05 08:00:00+00:00,2.379,2.379,2.274,2.274,23.73
2025-12-05 12:00:00+00:00,2.316,2.316,2.248,2.248,92.23
2025-12-05 16:00:00+00:00,2.227,2.289,2.15,2.15,307.93
2025-12-05 20:00:00+00:00,2.215,2.215,2.13,2.138,222.6
2025-12-06 00:00:00+00:00,2.215,2.215,2.139,2.215,474.71
2025-12-06 04:00:00+00:00,2.269,2.349,2.203,2.242,435.1
2025-12-06 08:00:00+00:00,2.301,2.301,2.19,2.19,463.41
2025-12-06 12:00:00+00:00,2.259,2.259,2.196,2.196,13.78
2025-12-06 16:00:00+00:00,2.245,2.259,2.194,2.194,66.83
2025-12-06 20:00:00+00:00,2.308,2.337,2.203,2.244,28.85
2025-12-07 00:00:00+00:00,2.26,2.338,2.207,2.301,396.71
2025-12-07 04:00:00+00:00,2.27,2.27,2.219,2.219,42.2
2025-12-07 08:00:00+00:00,2.225,2.269,2.198,2.198,21.95
2025-12-07 12:00:00+00:00,2.218,2.218,2.177,2.193,208.53
2025-12-07 16:00:00+00:00,2.203,2.283,2.203,2.283,96.63
2025-12-07 20:00:00+00:00,2.162,2.162,2.157,2.157,62.21
2025-12-08 00:00:00+00:00,2.223,2.225,2.158,2.225,225.19
2025-12-08 04:00:00+00:00,2.229,2.273,2.229,2.273,73.42
2025-12-08 08:00:00+00:00,2.289,2.327,2.238,2.238,870.72
2025-12-08 12:00:00+00:00,2.274,2.301,2.268,2.268,19.29
2025-12-08 16:00:00+00:00,2.293,2.293,2.293,2.293,13.29
2025-12-08 20:00:00+00:00,2.306,2.306,2.203,2.203,134.03
2025-12-09 00:00:00+00:00,2.304,2.329,2.191,2.225,225.42
2025-12-09 04:00:00+00:00,2.223,2.224,2.19,2.211,56.4
2025-12-09 08:00:00+00:00,2.242,2.242,2.242,2.242,1.33
2025-12-09 12:00:00+00:00,2.29,2.312,2.29,2.312,123.03
2025-12-09 16:00:00+00:00,2.372,2.446,2.326,2.37,858.46
2025-12-09 20:00:00+00:00,2.328,2.365,2.296,2.365,140.54
2025-12-10 00:00:00+00:00,2.341,2.371,2.295,2.356,467.62
2025-12-10 04:00:00+00:00,2.252,2.343,2.251,2.251,36.21
2025-12-10 08:00:00+00:00,2.324,2.324,2.251,2.251,65.47
2025-12-10 12:00:00+00:00,2.32,2.32,2.206,2.302,158.82
2025-12-10 16:00:00+00:00,2.306,2.324,2.229,2.263,248.34
2025-12-10 20:00:00+00:00,2.359,2.405,2.251,2.254,99.41
2025-12-11 00:00:00+00:00,2.313,2.315,2.184,2.184,715.0
2025-12-11 04:00:00+00:00,2.166,2.212,2.166,2.212,661.32
2025-12-11 08:00:00+00:00,2.208,2.212,2.17,2.212,295.09
2025-12-11 12:00:00+00:00,2.212,2.243,2.169,2.169,85.64
2025-12-11 16:00:00+00:00,2.168,2.228,2.165,2.228,69.28
2025-12-11 20:00:00+00:00,2.24,2.24,2.224,2.224,2.98
2025-12-12 00:00:00+00:00,2.167,2.252,2.162,2.212,150.28
2025-12-12 04:00:00+00:00,2.212,2.248,2.212,2.248,11.55
2025-12-12 08:00:00+00:00,2.24,2.244,2.24,2.244,3.33
2025-12-12 12:00:00+00:00,2.212,2.212,2.1,2.1,164.97
2025-12-12 16:00:00+00:00,2.08,2.139,2.04,2.134,414.67
2025-12-12 20:00:00+00:00,2.074,2.171,2.074,2.171,325.11
2025-12-13 00:00:00+00:00,2.17,2.172,2.098,2.112,725.09
2025-12-13 04:00:00+00:00,2.172,2.172,2.172,2.172,8.27
2025-12-13 08:00:00+00:00,2.176,2.195,2.127,2.135,82.47
2025-12-13 12:00:00+00:00,2.195,2.195,2.195,2.195,14.27
2025-12-13 16:00:00+00:00,2.131,2.195,2.131,2.139,154.32
2025-12-13 20:00:00+00:00,2.208,2.212,2.133,2.133,1790.07
2025-12-14 00:00:00+00:00,2.151,2.377,2.125,2.204,1000.07
2025-12-14 04:00:00+00:00,2.196,2.196,2.186,2.186,29.48
2025-12-14 08:00:00+00:00,2.166,2.194,2.166,2.194,5.46
2025-12-14 12:00:00+00:00,2.189,2.189,2.121,2.172,34.27
2025-12-14 16:00:00+00:00,2.119,2.169,2.097,2.169,115.46
2025-12-14 20:00:00+00:00,2.151,2.151,2.078,2.078,125.88
2025-12-15 00:00:00+00:00,2.126,2.157,2.078,2.15,255.48
2025-12-15 04:00:00+00:00,2.151,2.161,2.151,2.161,39.75
2025-12-15 08:00:00+00:00,2.161,2.161,2.161,2.161,5.99
2025-12-15 12:00:00+00:00,2.161,2.161,2.037,2.037,376.05
2025-12-15 16:00:00+00:00,2.119,2.119,2.01,2.036,410.17
2025-12-15 20:00:00+00:00,2.036,2.045,2.036,2.045,58.37
2025-12-16 00:00:00+00:00,2.026,2.091,2.002,2.002,57.53
2025-12-16 04:00:00+00:00,2.053,2.053,2.053,2.053,3.25
2025-12-16 08:00:00+00:00,2.053,2.074,2.037,2.074,282.81
2025-12-16 12:00:00+00:00,2.068,2.068,2.068,2.068,12.04
2025-12-16 16:00:00+00:00,2.03,2.072,2.001,2.07,39.4
2025-12-16 20:00:00+00:00,2.049,2.049,1.996,2.033,802.58
2025-12-17 00:00:00+00:00,1.959,2.043,1.959,2.034,767.93
2025-12-17 04:00:00+00:00,2.033,2.035,1.96,2.027,948.37
2025-12-17 08:00:00+00:00,2.019,2.019,1.967,2.003,78.85
2025-12-17 12:00:00+00:00,2.008,2.058,2.008,2.017,482.76
2025-12-17 16:00:00+00:00,2.056,2.056,1.921,1.979,604.54
2025-12-17 20:00:00+00:00,1.921,2.093,1.921,1.957,307.29
2025-12-18 00:00:00+00:00,1.954,1.971,1.902,1.902,544.71
2025-12-18 04:00:00+00:00,1.902,1.93,1.88,1.88,765.75
2025-12-18 08:00:00+00:00,1.933,1.933,1.855,1.86,1037.19
2025-12-18 12:00:00+00:00,1.916,1.967,1.916,1.945,77.44
2025-12-18 16:00:00+00:00,1.957,2.111,1.843,1.843,4404.94
2025-12-18 20:00:00+00:00,1.829,1.829,1.829,1.829,103.8
2025-12-19 00:00:00+00:00,1.831,1.905,1.829,1.905,265.09
2025-12-19 04:00:00+00:00,1.865,1.916,1.865,1.873,58.76
2025-12-19 08:00:00+00:00,1.873,1.928,1.873,1.922,60.86
2025-12-19 12:00:00+00:00,1.874,1.932,1.874,1.893,388.52
2025-12-19 16:00:00+00:00,1.902,1.971,1.902,1.971,38.11
2025-12-19 20:00:00+00:00,1.943,1.998,1.921,1.921,463.65
2025-12-20 00:00:00+00:00,1.93,1.998,1.923,1.985,104.88
2025-12-20 04:00:00+00:00,1.993,1.998,1.993,1.994,244.07
2025-12-20 08:00:00+00:00,1.999,2.005,1.952,2.005,60.87
2025-12-20 12:00:00+00:00,2.003,2.003,1.95,1.952,221.52
2025-12-20 16:00:00+00:00,1.993,2.007,1.95,2.007,168.19
2025-12-20 20:00:00+00:00,1.952,2.005,1.952,2.005,47.49
2025-12-21 00:00:00+00:00,1.95,2.005,1.95,1.976,182.77
2025-12-21 04:00:00+00:00,1.95,1.997,1.95,1.95,140.33
2025-12-21 08:00:00+00:00,2.007,2.007,2.007,2.007,1.49
2025-12-21 12:00:00+00:00,1.95,2.0,1.942,1.942,71.63
2025-12-21 16:00:00+00:00,1.869,1.99,1.869,1.888,2342.33
2025-12-21 20:00:00+00:00,1.886,1.886,1.886,1.886,517.8
2025-12-22 00:00:00+00:00,1.982,1.982,1.882,1.9,275.27
2025-12-22 04:00:00+00:00,1.961,1.961,1.961,1.961,2.54
2025-12-22 08:00:00+00:00,1.96,1.97,1.96,1.97,69.56
2025-12-22 12:00:00+00:00,1.966,1.989,1.966,1.989,178.7
2025-12-22 16:00:00+00:00,1.944,2.002,1.94,1.94,877.45
2025-12-22 20:00:00+00:00,1.939,1.939,1.939,1.939,13.24
2025-12-23 00:00:00+00:00,1.94,1.972,1.889,1.97,516.19
2025-12-23 04:00:00+00:00,1.959,1.959,1.959,1.959,2.54
2025-12-23 08:00:00+00:00,1.968,1.968,1.968,1.968,1.52
2025-12-23 12:00:00+00:00,1.981,1.981,1.888,1.95,68.92
2025-12-23 16:00:00+00:00,1.963,2.001,1.95,2.0,151.43
2025-12-23 20:00:00+00:00,1.998,1.999,1.998,1.999,385.13
2025-12-24 00:00:00+00:00,2.0,2.0,1.948,1.948,73.75
2025-12-24 04:00:00+00:00,1.932,1.972,1.932,1.972,11.53
2025-12-24 08:00:00+00:00,1.988,1.988,1.932,1.932,160.8
2025-12-24 12:00:00+00:00,1.986,1.986,1.924,1.924,36.15
2025-12-24 16:00:00+00:00,1.914,1.963,1.912,1.963,1319.63
2025-12-24 20:00:00+00:00,1.912,1.996,1.912,1.996,614.71
2025-12-25 00:00:00+00:00,1.996,2.01,1.928,1.952,322.51
2025-12-25 04:00:00+00:00,2.006,2.103,1.991,1.991,543.92
2025-12-25 08:00:00+00:00,2.047,2.047,2.047,2.047,1.46
2025-12-25 12:00:00+00:00,2.054,2.054,1.983,2.051,544.24
2025-12-25 16:00:00+00:00,1.983,2.052,1.983,2.037,73.85
2025-12-25 20:00:00+00:00,1.982,2.029,1.982,2.029,11.42
2025-12-26 00:00:00+00:00,1.952,2.043,1.947,2.043,1721.5
2025-12-26 04:00:00+00:00,2.054,2.057,2.054,2.057,14.87
2025-12-26 08:00:00+00:00,2.051,2.051,2.051,2.051,1.46
2025-12-26 12:00:00+00:00,2.054,2.054,2.001,2.001,23.79
2025-12-26 16:00:00+00:00,2.046,2.046,1.976,1.976,663.59
2025-12-26 20:00:00+00:00,2.054,2.057,2.001,2.001,193.98
2025-12-27 00:00:00+00:00,2.057,2.057,2.002,2.057,662.86
2025-12-27 04:00:00+00:00,2.055,2.057,2.055,2.057,3.88
2025-12-27 08:00:00+00:00,2.051,2.051,2.051,2.051,1.46
2025-12-27 12:00:00+00:00,2.057,2.057,2.033,2.057,92.16
2025-12-27 16:00:00+00:00,2.066,2.066,2.006,2.066,450.22
2025-12-27 20:00:00+00:00,2.066,2.11,2.013,2.054,232.54
2025-12-28 00:00:00+00:00,2.054,2.101,2.028,2.101,355.35
2025-12-28 04:00:00+00:00,2.105,2.276,2.098,2.098,825.43
2025-12-28 08:00:00+00:00,2.138,2.138,2.101,2.133,26.71
2025-12-28 12:00:00+00:00,2.148,2.148,2.084,2.1,77.36
2025-12-28 16:00:00+00:00,2.099,2.099,2.05,2.05,71.43
2025-12-28 20:00:00+00:00,2.095,2.095,2.093,2.093,204.82
2025-12-29 00:00:00+00:00,2.05,2.12,2.05,2.082,68.49
2025-12-29 04:00:00+00:00,2.05,2.087,2.05,2.087,9.28
2025-12-29 08:00:00+00:00,2.083,2.083,2.048,2.048,7.63
2025-12-29 12:00:00+00:00,2.045,2.045,2.045,2.045,12.18
2025-12-29 16:00:00+00:00,1.974,2.045,1.97,1.97,693.97
2025-12-29 20:00:00+00:00,1.97,1.974,1.948,1.974,264.15
2025-12-30 00:00:00+00:00,2.011,2.09,1.934,2.09,530.16
2025-12-30 04:00:00+00:00,2.028,2.028,2.017,2.017,36.95
2025-12-30 08:00:00+00:00,2.016,2.083,1.951,1.951,751.84
2025-12-30 12:00:00+00:00,1.956,2.052,1.956,2.045,79.11
2025-12-30 16:00:00+00:00,2.053,2.053,1.949,1.972,251.44
2025-12-30 20:00:00+00:00,1.972,1.972,1.964,1.964,295.91
2025-12-31 00:00:00+00:00,1.963,2.024,1.959,2.024,186.83
2025-12-31 04:00:00+00:00,1.913,1.999,1.913,1.964,1040.38
2025-12-31 08:00:00+00:00,1.998,1.998,1.875,1.902,125.49
2025-12-31 12:00:00+00:00,1.968,1.983,1.968,1.983,34.19
2025-12-31 16:00:00+00:00,1.944,1.953,1.902,1.902,295.3
2025-12-31 20:00:00+00:00,1.902,1.97,1.902,1.91,922.7
2026-01-01 00:00:00+00:00,1.945,1.955,1.902,1.954,1110.7
2026-01-01 04:00:00+00:00,1.948,1.954,1.902,1.95,93.88
2026-01-01 08:00:00+00:00,1.902,1.954,1.902,1.954,25.91
2026-01-01 12:00:00+00:00,1.906,2.137,1.906,2.011,1158.06
2026-01-01 16:00:00+00:00,2.032,2.131,2.032,2.086,705.95
2026-01-01 20:00:00+00:00,2.045,2.088,2.006,2.006,278.33
2026-01-02 00:00:00+00:00,2.092,2.096,2.052,2.056,1375.77
2026-01-02 04:00:00+00:00,2.076,2.134,2.058,2.058,54.16
2026-01-02 08:00:00+00:00,2.13,2.13,2.058,2.058,62.43
2026-01-02 12:00:00+00:00,2.14,2.14,2.062,2.14,60.56
2026-01-02 16:00:00+00:00,2.14,2.152,2.106,2.107,4487.5
2026-01-02 20:00:00+00:00,2.152,2.195,2.113,2.195,121.3
2026-01-03 00:00:00+00:00,2.195,2.231,2.116,2.229,550.33
2026-01-03 04:00:00+00:00,2.249,2.251,2.191,2.191,145.02
2026-01-03 08:00:00+00:00,2.19,2.25,2.184,2.232,491.44
2026-01-03 12:00:00+00:00,2.236,2.236,2.173,2.179,842.65
2026-01-03 16:00:00+00:00,2.236,2.252,2.195,2.252,179.33
2026-01-03 20:00:00+00:00,2.25,2.275,2.193,2.275,218.9
2026-01-04 00:00:00+00:00,2.275,2.275,2.195,2.263,95.95
2026-01-04 04:00:00+00:00,2.278,2.28,2.213,2.28,118.67
2026-01-04 08:00:00+00:00,2.29,2.329,2.237,2.329,187.93
2026-01-04 12:00:00+00:00,2.33,2.357,2.271,2.271,235.16
2026-01-04 16:00:00+00:00,2.28,2.361,2.279,2.361,157.74
2026-01-04 20:00:00+00:00,2.268,2.408,2.268,2.397,336.17
2026-01-05 00:00:00+00:00,2.332,2.398,2.326,2.383,369.08
2026-01-05 04:00:00+00:00,2.316,2.345,2.304,2.343,148.51
2026-01-05 08:00:00+00:00,2.304,2.341,2.303,2.341,42.83
2026-01-05 12:00:00+00:00,2.337,2.369,2.337,2.36,65.69
2026-01-05 16:00:00+00:00,2.36,2.382,2.36,2.382,77.4
2026-01-05 20:00:00+00:00,2.383,2.383,2.326,2.326,26.83
2026-01-06 00:00:00+00:00,2.354,2.41,2.342,2.41,377.1
2026-01-06 04:00:00+00:00,2.41,2.41,2.41,2.41,215.49
2026-01-06 08:00:00+00:00,2.39,2.412,2.39,2.412,65.96
2026-01-06 12:00:00+00:00,2.377,2.56,2.376,2.473,1869.47
2026-01-06 16:00:00+00:00,2.472,2.472,2.383,2.451,571.43
2026-01-06 20:00:00+00:00,2.451,2.538,2.451,2.538,122.32
2026-01-07 00:00:00+00:00,2.556,2.556,2.44,2.49,309.5
2026-01-07 04:00:00+00:00,2.446,2.48,2.425,2.48,71.31
2026-01-07 08:00:00+00:00,2.49,2.722,2.384,2.505,1695.38
2026-01-07 12:00:00+00:00,2.425,2.49,2.425,2.49,51.93
2026-01-07 16:00:00+00:00,2.45,2.469,2.385,2.469,143.8
2026-01-07 20:00:00+00:00,2.384,2.467,2.384,2.453,46.01
2026-01-08 00:00:00+00:00,2.397,2.452,2.384,2.442,341.39
2026-01-08 04:00:00+00:00,2.444,2.444,2.4,2.444,157.01
2026-01-08 08:00:00+00:00,2.445,2.471,2.405,2.471,89.9
2026-01-08 12:00:00+00:00,2.485,2.51,2.425,2.51,435.44
2026-01-08 16:00:00+00:00,2.425,2.425,2.405,2.405,143.88
2026-01-08 20:00:00+00:00,2.386,2.453,2.384,2.453,144.6
2026-01-09 00:00:00+00:00,2.415,2.483,2.395,2.477,172.33
2026-01-09 04:00:00+00:00,2.471,2.481,2.471,2.481,43.07
2026-01-09 08:00:00+00:00,2.483,2.493,2.4,2.493,25.88
2026-01-09 12:00:00+00:00,2.493,2.99,2.467,2.538,1537.09
2026-01-09 16:00:00+00:00,2.55,2.591,2.497,2.588,692.25
2026-01-09 20:00:00+00:00,2.578,2.7,2.553,2.554,1164.31
2026-01-10 00:00:00+00:00,2.621,2.632,2.553,2.553,479.36
2026-01-10 04:00:00+00:00,2.568,2.653,2.568,2.653,2208.47
2026-01-10 08:00:00+00:00,2.665,2.665,2.665,2.665,1.12
2026-01-10 12:00:00+00:00,2.669,2.672,2.582,2.65,206.09
2026-01-10 16:00:00+00:00,2.659,2.67,2.557,2.557,316.32
2026-01-10 20:00:00+00:00,2.655,2.655,2.553,2.553,24.78
2026-01-11 00:00:00+00:00,2.554,2.627,2.554,2.562,1070.04
2026-01-11 04:00:00+00:00,2.594,2.742,2.566,2.686,1398.08
2026-01-11 08:00:00+00:00,2.671,2.694,2.671,2.694,63.83
2026-01-11 12:00:00+00:00,2.677,2.688,2.597,2.597,144.41
2026-01-11 16:00:00+00:00,2.566,2.669,2.566,2.566,120.53
2026-01-11 20:00:00+00:00,2.651,2.654,2.565,2.565,94.79
2026-01-12 00:00:00+00:00,2.56,2.643,2.553,2.627,831.38
2026-01-12 04:00:00+00:00,2.562,2.654,2.562,2.654,111.36
2026-01-12 08:00:00+00:00,2.626,2.638,2.557,2.633,163.21
2026-01-12 12:00:00+00:00,2.646,2.646,2.618,2.618,10.2
2026-01-12 16:00:00+00:00,2.557,2.642,2.497,2.497,345.31
2026-01-12 20:00:00+00:00,2.552,2.56,2.468,2.541,567.89
2026-01-13 00:00:00+00:00,2.468,2.54,2.468,2.475,188.49
2026-01-13 04:00:00+00:00,2.56,2.56,2.505,2.505,176.5
2026-01-13 08:00:00+00:00,2.56,2.561,2.56,2.561,5.67
2026-01-13 12:00:00+00:00,2.559,2.627,2.489,2.627,309.16
2026-01-13 16:00:00+00:00,2.644,2.664,2.574,2.663,74.52
2026-01-13 20:00:00+00:00,2.659,2.676,2.603,2.673,253.55
2026-01-14 00:00:00+00:00,2.6,2.673,2.598,2.673,32.91
2026-01-14 04:00:00+00:00,2.669,2.695,2.668,2.692,9.72
2026-01-14 08:00:00+00:00,2.693,2.693,2.691,2.691,2.31
2026-01-14 12:00:00+00:00,2.693,2.718,2.602,2.699,406.69
2026-01-14 16:00:00+00:00,2.597,2.648,2.597,2.646,73.61
2026-01-14 20:00:00+00:00,2.665,2.665,2.555,2.647,96.87
2026-01-15 00:00:00+00:00,2.554,2.658,2.553,2.61,244.34
2026-01-15 04:00:00+00:00,2.606,2.606,2.51,2.581,15.36
2026-01-15 08:00:00+00:00,2.593,2.593,2.51,2.51,66.68
2026-01-15 12:00:00+00:00,2.587,2.595,2.454,2.454,1089.37
2026-01-15 16:00:00+00:00,2.571,2.572,2.458,2.534,563.04
2026-01-15 20:00:00+00:00,2.453,2.453,2.453,2.453,12.2
2026-01-16 00:00:00+00:00,2.537,2.537,2.441,2.449,175.34
2026-01-16 04:00:00+00:00,2.526,2.526,2.455,2.461,130.77
2026-01-16 08:00:00+00:00,2.525,2.531,2.525,2.531,1.98
2026-01-16 12:00:00+00:00,2.48,2.527,2.432,2.432,136.79
2026-01-16 16:00:00+00:00,2.491,2.491,2.45,2.45,1619.29
2026-01-16 20:00:00+00:00,2.506,2.527,2.429,2.459,66.71
2026-01-17 00:00:00+00:00,2.528,2.529,2.451,2.529,280.22
2026-01-17 04:00:00+00:00,2.529,2.538,2.475,2.538,97.52
2026-01-17 08:00:00+00:00,2.574,2.599,2.529,2.588,136.01
2026-01-17 12:00:00+00:00,2.591,2.599,2.562,2.599,46.61
2026-01-17 16:00:00+00:00,2.538,2.599,2.537,2.599,145.59
2026-01-17 20:00:00+00:00,2.59,2.616,2.59,2.616,422.15
2026-01-18 00:00:00+00:00,2.544,2.618,2.543,2.543,123.63
2026-01-18 04:00:00+00:00,2.536,2.577,2.51,2.51,38.42
2026-01-18 08:00:00+00:00,2.51,2.543,2.484,2.519,133.31
2026-01-18 12:00:00+00:00,2.519,2.519,2.519,2.519,9.9
2026-01-18 16:00:00+00:00,2.52,2.533,2.484,2.533,579.37
2026-01-18 20:00:00+00:00,2.485,2.511,2.426,2.484,238.29
2026-01-19 00:00:00+00:00,2.425,2.425,2.245,2.411,1171.7
2026-01-19 04:00:00+00:00,2.377,2.377,2.332,2.332,12.29
2026-01-19 08:00:00+00:00,2.332,2.411,2.332,2.35,35.4
2026-01-19 12:00:00+00:00,2.348,2.411,2.312,2.411,169.27
2026-01-19 16:00:00+00:00,2.412,2.492,2.412,2.481,212.51
2026-01-19 20:00:00+00:00,2.457,2.481,2.432,2.432,142.31
2026-01-20 00:00:00+00:00,2.432,2.511,2.432,2.433,257.12
2026-01-20 04:00:00+00:00,2.512,2.541,2.424,2.424,223.58
2026-01-20 08:00:00+00:00,2.419,2.452,2.384,2.448,37.71
2026-01-20 12:00:00+00:00,2.442,2.442,2.344,2.367,264.12
2026-01-20 16:00:00+00:00,2.324,2.403,2.284,2.284,296.63
2026-01-20 20:00:00+00:00,2.272,2.365,2.271,2.271,590.13
2026-01-21 00:00:00+00:00,2.268,2.437,2.268,2.437,225.71
2026-01-21 04:00:00+00:00,2.409,2.429,2.349,2.349,73.08
2026-01-21 08:00:00+00:00,2.419,2.419,2.419,2.419,1.24
2026-01-21 12:00:00+00:00,2.419,2.438,2.344,2.416,175.08
2026-01-21 16:00:00+00:00,2.36,2.429,2.305,2.429,382.88
2026-01-21 20:00:00+00:00,2.43,2.448,2.388,2.421,121.72
2026-01-22 00:00:00+00:00,2.375,2.44,2.36,2.43,196.45
2026-01-22 04:00:00+00:00,2.43,2.43,2.43,2.43,18.08
2026-01-22 08:00:00+00:00,2.438,2.438,2.368,2.368,31.62
2026-01-22 12:00:00+00:00,2.437,2.437,2.339,2.339,88.84
2026-01-22 16:00:00+00:00,2.335,2.335,2.326,2.328,51.43
2026-01-22 20:00:00+00:00,2.316,2.328,2.316,2.328,6.03
2026-01-23 00:00:00+00:00,2.316,2.404,2.316,2.404,347.91
2026-01-23 04:00:00+00:00,2.401,2.401,2.401,2.401,4.16
2026-01-23 08:00:00+00:00,2.402,2.402,2.402,2.402,1.25
2026-01-23 12:00:00+00:00,2.318,2.396,2.318,2.396,157.92
2026-01-23 16:00:00+00:00,2.38,2.429,2.38,2.427,192.22
2026-01-23 20:00:00+00:00,2.344,2.411,2.295,2.376,4706.47
2026-01-24 00:00:00+00:00,2.314,2.378,2.307,2.378,1338.59
2026-01-24 04:00:00+00:00,2.35,2.378,2.35,2.378,35.86
2026-01-24 08:00:00+00:00,2.403,2.403,2.322,2.385,823.84
2026-01-24 12:00:00+00:00,2.39,2.39,2.302,2.325,516.93
2026-01-24 16:00:00+00:00,2.301,2.345,2.291,2.345,962.03
2026-01-24 20:00:00+00:00,2.345,2.365,2.3,2.302,465.88
2026-01-25 00:00:00+00:00,2.302,2.363,2.3,2.359,193.92
2026-01-25 04:00:00+00:00,2.3,2.3,2.3,2.3,27.25
2026-01-25 08:00:00+00:00,2.29,2.311,2.29,2.311,52.85
2026-01-25 12:00:00+00:00,2.311,2.311,2.26,2.26,386.45
2026-01-25 16:00:00+00:00,2.26,2.28,2.216,2.216,343.32
2026-01-25 20:00:00+00:00,2.201,2.288,2.191,2.195,980.49
2026-01-26 00:00:00+00:00,2.191,2.288,2.191,2.281,218.38
2026-01-26 04:00:00+00:00,2.193,2.27,2.193,2.27,246.21
2026-01-26 08:00:00+00:00,2.286,2.286,2.203,2.203,14.68
2026-01-26 12:00:00+00:00,2.29,2.309,2.29,2.309,88.45
2026-01-26 16:00:00+00:00,2.246,2.246,2.191,2.191,241.55
2026-01-26 20:00:00+00:00,2.279,2.279,2.257,2.274,74.63
2026-01-27 00:00:00+00:00,2.274,2.283,2.191,2.271,112.48
2026-01-27 04:00:00+00:00,2.203,2.279,2.19,2.255,65.82
2026-01-27 08:00:00+00:00,2.257,2.257,2.179,2.179,93.95
2026-01-27 12:00:00+00:00,2.252,2.252,2.246,2.246,32.95
2026-01-27 16:00:00+00:00,2.252,2.252,2.191,2.252,110.37
2026-01-27 20:00:00+00:00,2.253,2.27,2.203,2.203,566.64
2026-01-28 00:00:00+00:00,2.259,2.259,2.252,2.252,110.64
2026-01-28 04:00:00+00:00,2.249,2.277,2.249,2.255,8.85
2026-01-28 08:00:00+00:00,2.281,2.281,2.277,2.278,72.07
2026-01-28 12:00:00+00:00,2.291,2.302,2.227,2.276,397.28
2026-01-28 16:00:00+00:00,2.257,2.306,2.229,2.257,467.27
2026-01-28 20:00:00+00:00,2.229,2.229,2.227,2.227,143.85
2026-01-29 00:00:00+00:00,2.256,2.264,2.19,2.19,219.29
2026-01-29 04:00:00+00:00,2.208,2.254,2.175,2.254,55.57
2026-01-29 08:00:00+00:00,2.206,2.256,2.154,2.154,255.08
2026-01-29 12:00:00+00:00,2.217,2.221,2.1,2.1,655.63
2026-01-29 16:00:00+00:00,2.166,2.172,2.086,2.086,881.66
2026-01-29 20:00:00+00:00,2.086,2.16,2.086,2.159,159.75
2026-01-30 00:00:00+00:00,2.156,2.177,2.074,2.074,243.41
2026-01-30 04:00:00+00:00,2.078,2.114,2.068,2.114,50.17
2026-01-30 08:00:00+00:00,2.06,2.13,2.056,2.056,166.21
2026-01-30 12:00:00+00:00,2.058,2.114,2.054,2.113,98.74
2026-01-30 16:00:00+00:00,2.113,2.141,2.055,2.14,222.8
2026-01-30 20:00:00+00:00,2.139,2.139,2.066,2.115,413.04
2026-01-31 00:00:00+00:00,2.134,2.14,2.117,2.121,399.73
2026-01-31 04:00:00+00:00,2.107,2.116,2.047,2.047,100.5
2026-01-31 08:00:00+00:00,2.044,2.08,2.021,2.08,305.24
2026-01-31 12:00:00+00:00,2.074,2.074,1.97,1.98,858.57
2026-01-31 16:00:00+00:00,1.98,2.028,1.845,1.933,1052.15
2026-01-31 20:00:00+00:00,1.925,1.974,1.851,1.974,290.37
2026-02-01 00:00:00+00:00,1.975,1.996,1.938,1.996,230.05
2026-02-01 04:00:00+00:00,1.995,1.995,1.995,1.995,3.21
2026-02-01 08:00:00+00:00,1.996,1.996,1.995,1.995,7.34
2026-02-01 12:00:00+00:00,1.992,1.992,1.903,1.903,351.27
2026-02-01 16:00:00+00:00,1.903,1.955,1.899,1.955,1221.34
2026-02-01 20:00:00+00:00,1.938,1.95,1.886,1.886,42.47
2026-02-02 00:00:00+00:00,1.947,1.973,1.86,1.886,765.69
2026-02-02 04:00:00+00:00,1.948,1.948,1.886,1.924,104.74
2026-02-02 08:00:00+00:00,1.944,1.948,1.914,1.948,26.7
2026-02-02 12:00:00+00:00,1.924,1.997,1.904,1.965,890.54
2026-02-02 16:00:00+00:00,1.972,2.006,1.97,2.006,420.44
2026-02-02 20:00:00+00:00,1.96,2.006,1.96,2.006,492.79
2026-02-03 00:00:00+00:00,1.96,2.003,1.952,1.978,293.18
2026-02-03 04:00:00+00:00,1.984,1.998,1.984,1.998,22.34
2026-02-03 08:00:00+00:00,2.005,2.03,2.005,2.03,283.21
2026-02-03 12:00:00+00:00,2.017,2.017,1.968,1.968,231.87
2026-02-03 16:00:00+00:00,1.984,2.029,1.897,1.962,779.04
2026-02-03 20:00:00+00:00,1.993,2.047,1.975,1.975,500.39
2026-02-04 00:00:00+00:00,2.046,2.1,1.985,2.1,3195.56
2026-02-04 04:00:00+00:00,2.104,2.104,2.046,2.05,1172.83
2026-02-04 08:00:00+00:00,2.1,2.104,2.033,2.033,238.75
2026-02-04 12:00:00+00:00,2.08,2.08,2.012,2.067,44.39
2026-02-04 16:00:00+00:00,2.012,2.043,1.986,2.04,329.65
2026-02-04 20:00:00+00:00,2.019,2.04,1.979,2.004,291.24
2026-02-05 00:00:00+00:00,1.992,2.047,1.981,2.029,1326.48
2026-02-05 04:00:00+00:00,1.988,2.033,1.988,2.033,237.25
2026-02-05 08:00:00+00:00,2.047,2.047,1.96,1.96,405.73
2026-02-05 12:00:00+00:00,1.95,2.044,1.933,1.933,360.01
2026-02-05 16:00:00+00:00,1.89,1.907,1.802,1.869,2988.74
2026-02-05 20:00:00+00:00,1.8,1.869,1.761,1.814,1175.89
2026-02-06 00:00:00+00:00,1.791,1.836,1.6,1.774,2004.44
2026-02-06 04:00:00+00:00,1.769,1.851,1.769,1.808,711.47
2026-02-06 08:00:00+00:00,1.808,1.894,1.795,1.883,402.4
2026-02-06 12:00:00+00:00,1.897,1.934,1.862,1.92,624.52
2026-02-06 16:00:00+00:00,1.886,2.035,1.886,1.941,3252.34
2026-02-06 20:00:00+00:00,1.943,2.016,1.937,1.946,1643.27
2026-02-07 00:00:00+00:00,2.007,2.02,1.946,1.986,346.61
2026-02-07 04:00:00+00:00,1.99,2.031,1.96,1.96,1157.2
2026-02-07 08:00:00+00:00,1.985,1.985,1.933,1.933,746.89
2026-02-07 12:00:00+00:00,1.997,2.019,1.982,1.982,28.82
2026-02-07 16:00:00+00:00,2.028,2.046,1.98,2.038,1071.6
2026-02-07 20:00:00+00:00,2.034,2.043,1.98,1.98,549.67
2026-02-08 00:00:00+00:00,1.98,2.043,1.973,1.973,383.93
2026-02-08 04:00:00+00:00,1.954,2.032,1.954,1.999,281.95
2026-02-08 08:00:00+00:00,1.981,2.006,1.945,1.945,109.59
2026-02-08 12:00:00+00:00,1.951,2.007,1.946,1.96,241.46
2026-02-08 16:00:00+00:00,1.945,1.999,1.942,1.978,367.13
2026-02-08 20:00:00+00:00,1.934,1.941,1.931,1.931,1235.73
2026-02-09 00:00:00+00:00,1.934,1.995,1.931,1.935,5543.47
2026-02-09 04:00:00+00:00,1.941,1.992,1.941,1.992,66.12
2026-02-09 08:00:00+00:00,1.986,1.986,1.913,1.956,266.4
2026-02-09 12:00:00+00:00,1.904,1.994,1.904,1.967,93.97
2026-02-09 16:00:00+00:00,1.918,1.995,1.918,1.995,69.5
2026-02-09 20:00:00+00:00,1.951,1.994,1.951,1.952,106.76
2026-02-10 00:00:00+00:00,1.952,1.991,1.95,1.95,319.27
2026-02-10 04:00:00+00:00,1.98,1.996,1.904,1.913,279.39
2026-02-10 08:00:00+00:00,1.94,1.94,1.904,1.904,30.47
2026-02-10 12:00:00+00:00,1.903,1.96,1.9,1.954,229.16
2026-02-10 16:00:00+00:00,1.9,1.965,1.9,1.944,244.76
2026-02-10 20:00:00+00:00,1.902,1.959,1.902,1.959,28.57
2026-02-11 00:00:00+00:00,1.902,1.962,1.902,1.928,138.89
2026-02-11 04:00:00+00:00,1.902,1.938,1.881,1.881,1179.08
2026-02-11 08:00:00+00:00,1.914,1.914,1.914,1.914,1.56
2026-02-11 12:00:00+00:00,1.933,2.009,1.886,1.886,629.58
2026-02-11 16:00:00+00:00,1.898,1.964,1.886,1.886,55.91
2026-02-11 20:00:00+00:00,1.946,1.967,1.946,1.967,77.34
2026-02-12 00:00:00+00:00,1.95,1.968,1.931,1.968,1115.8
2026-02-12 04:00:00+00:00,1.992,1.996,1.992,1.996,75.83
2026-02-12 08:00:00+00:00,1.997,2.019,1.997,2.019,184.99
2026-02-12 12:00:00+00:00,1.968,1.982,1.955,1.982,632.27
2026-02-12 16:00:00+00:00,1.952,1.963,1.931,1.963,405.92
2026-02-12 20:00:00+00:00,1.963,1.963,1.963,1.963,0.0
2026-02-13 00:00:00+00:00,1.933,1.988,1.932,1.988,80.18
2026-02-13 04:00:00+00:00,1.937,1.984,1.937,1.982,90.94
2026-02-13 08:00:00+00:00,1.993,2.035,1.993,2.035,507.7
2026-02-13 12:00:00+00:00,1.974,2.07,1.974,2.07,341.12
2026-02-13 16:00:00+00:00,2.037,2.05,2.037,2.05,94.84
2026-02-13 20:00:00+00:00,2.096,2.132,2.051,2.126,399.33
2026-02-14 00:00:00+00:00,2.07,2.14,2.059,2.14,216.26
2026-02-14 04:00:00+00:00,2.14,2.14,2.14,2.14,5.13
2026-02-14 08:00:00+00:00,2.14,2.15,2.048,2.15,346.33
2026-02-14 12:00:00+00:00,2.151,2.177,2.125,2.177,70.74
2026-02-14 16:00:00+00:00,2.178,2.219,2.147,2.219,265.18
2026-02-14 20:00:00+00:00,2.162,2.225,2.153,2.19,643.29
2026-02-15 00:00:00+00:00,2.154,2.225,2.153,2.175,692.58
2026-02-15 04:00:00+00:00,2.139,2.215,2.139,2.215,885.67
2026-02-15 08:00:00+00:00,2.182,2.216,2.153,2.212,706.55
2026-02-15 12:00:00+00:00,2.136,2.174,2.086,2.086,638.67
2026-02-15 16:00:00+00:00,2.086,2.086,2.086,2.086,17.13
2026-02-15 20:00:00+00:00,2.086,2.086,2.086,2.086,0.0
2026-02-16 00:00:00+00:00,2.159,2.159,2.139,2.156,270.19
2026-02-16 04:00:00+00:00,2.156,2.156,2.156,2.156,0.0
2026-02-16 08:00:00+00:00,2.157,2.178,2.127,2.178,639.03
2026-02-16 12:00:00+00:00,2.196,2.253,2.142,2.239,563.95
2026-02-16 16:00:00+00:00,2.242,2.253,2.197,2.253,420.46
2026-02-16 20:00:00+00:00,2.262,2.325,2.234,2.325,1896.39
2026-02-17 00:00:00+00:00,2.263,2.313,2.246,2.309,378.79
2026-02-17 04:00:00+00:00,2.278,2.311,2.278,2.311,1151.24
2026-02-17 08:00:00+00:00,2.253,2.31,2.219,2.219,167.86
2026-02-17 12:00:00+00:00,2.286,2.318,2.262,2.276,767.53
2026-02-17 16:00:00+00:00,2.319,2.329,2.227,2.227,181.38
2026-02-17 20:00:00+00:00,2.227,2.298,2.226,2.233,628.11
2026-02-18 00:00:00+00:00,2.227,2.289,2.218,2.286,1482.06
2026-02-18 04:00:00+00:00,2.29,2.311,2.258,2.311,2441.5
2026-02-18 08:00:00+00:00,2.311,2.33,2.272,2.272,118.52
2026-02-18 12:00:00+00:00,2.271,2.446,2.271,2.446,696.61
2026-02-18 16:00:00+00:00,2.395,2.537,2.369,2.425,1009.56
2026-02-18 20:00:00+00:00,2.349,2.349,2.304,2.304,128.61
2026-02-19 00:00:00+00:00,2.32,2.368,2.272,2.276,284.42
2026-02-19 04:00:00+00:00,2.367,2.367,2.366,2.366,8.52
2026-02-19 08:00:00+00:00,2.337,2.346,2.337,2.346,2.79
2026-02-19 12:00:00+00:00,2.276,2.33,2.276,2.276,45.75
2026-02-19 16:00:00+00:00,2.312,2.342,2.276,2.276,822.37
2026-02-19 20:00:00+00:00,2.267,2.304,2.267,2.304,27.32
2026-02-20 00:00:00+00:00,2.266,2.37,2.266,2.321,1128.17
2026-02-20 04:00:00+00:00,2.277,2.307,2.251,2.307,85.67
2026-02-20 08:00:00+00:00,2.322,2.33,2.31,2.31,318.18
2026-02-20 12:00:00+00:00,2.311,2.379,2.304,2.377,1586.75
2026-02-20 16:00:00+00:00,2.396,2.396,2.396,2.396,35.4
2026-02-20 20:00:00+00:00,2.384,2.392,2.384,2.392,146.46
2026-02-21 00:00:00+00:00,2.316,2.407,2.316,2.407,1424.71
2026-02-21 04:00:00+00:00,2.408,2.412,2.37,2.371,1866.06
2026-02-21 08:00:00+00:00,2.411,2.411,2.352,2.409,60.96
2026-02-21 12:00:00+00:00,2.35,2.409,2.32,2.391,231.44
2026-02-21 16:00:00+00:00,2.397,2.397,2.397,2.397,0.57
2026-02-21 20:00:00+00:00,2.391,2.398,2.311,2.311,76.1
2026-02-22 00:00:00+00:00,2.311,2.356,2.267,2.321,294.11
2026-02-22 04:00:00+00:00,2.316,2.316,2.316,2.316,2.15
2026-02-22 08:00:00+00:00,2.32,2.32,2.32,2.32,1.29
2026-02-22 12:00:00+00:00,2.267,2.285,2.247,2.247,2341.1
2026-02-22 16:00:00+00:00,2.265,2.282,2.242,2.242,2171.38
2026-02-22 20:00:00+00:00,2.243,2.297,2.242,2.278,42.6
2026-02-23 00:00:00+00:00,2.227,2.28,2.179,2.179,347.18
2026-02-23 04:00:00+00:00,2.208,2.243,2.208,2.243,2179.67
2026-02-23 08:00:00+00:00,2.228,2.231,2.228,2.231,61.09
2026-02-23 12:00:00+00:00,2.228,2.228,2.145,2.197,4312.78
2026-02-23 16:00:00+00:00,2.197,2.197,2.116,2.117,68.7
2026-02-23 20:00:00+00:00,2.115,2.124,2.101,2.124,1301.62
2026-02-24 00:00:00+00:00,2.153,2.175,2.089,2.089,5777.14
2026-02-24 04:00:00+00:00,2.144,2.144,2.064,2.064,111.03
2026-02-24 08:00:00+00:00,2.049,2.049,2.035,2.035,124.85
2026-02-24 12:00:00+00:00,2.029,2.084,2.005,2.021,1094.69
2026-02-24 16:00:00+00:00,2.021,2.068,1.994,1.994,317.01
2026-02-24 20:00:00+00:00,2.028,2.028,1.976,1.976,56.35
2026-02-25 00:00:00+00:00,1.975,2.105,1.975,2.09,283.76
2026-02-25 04:00:00+00:00,2.08,2.08,2.021,2.078,198.17
2026-02-25 08:00:00+00:00,2.087,2.101,2.022,2.033,312.78
2026-02-25 12:00:00+00:00,2.074,2.116,2.064,2.116,178.34
2026-02-25 16:00:00+00:00,2.076,2.116,2.062,2.089,194.1
2026-02-25 20:00:00+00:00,2.057,2.057,1.93,1.93,773.24
2026-02-26 00:00:00+00:00,1.912,1.99,1.876,1.876,574.51
2026-02-26 04:00:00+00:00,1.969,1.969,1.904,1.92,2655.87
2026-02-26 08:00:00+00:00,1.92,1.963,1.913,1.913,276.35
2026-02-26 12:00:00+00:00,1.896,1.952,1.866,1.866,864.7
2026-02-26 16:00:00+00:00,1.855,1.855,1.831,1.846,711.46
2026-02-26 20:00:00+00:00,1.849,1.906,1.841,1.901,563.37
2026-02-27 00:00:00+00:00,1.9,1.925,1.864,1.925,737.02
2026-02-27 04:00:00+00:00,1.926,1.947,1.897,1.897,143.36
2026-02-27 08:00:00+00:00,1.886,1.958,1.881,1.881,262.97
2026-02-27 12:00:00+00:00,1.931,1.931,1.867,1.912,114.06
2026-02-27 16:00:00+00:00,1.857,1.88,1.844,1.88,360.21
2026-02-27 20:00:00+00:00,1.878,1.879,1.832,1.876,156.52
2026-02-28 00:00:00+00:00,1.878,1.882,1.852,1.86,289.95
2026-02-28 04:00:00+00:00,1.861,1.861,1.798,1.798,550.61
2026-02-28 08:00:00+00:00,1.821,1.87,1.773,1.87,73.88
2026-02-28 12:00:00+00:00,1.837,1.837,1.837,1.837,5.11
2026-02-28 16:00:00+00:00,1.824,1.837,1.802,1.837,31.16
2026-02-28 20:00:00+00:00,1.85,1.859,1.826,1.828,209.79
2026-03-01 00:00:00+00:00,1.86,1.87,1.824,1.87,317.26
2026-03-01 04:00:00+00:00,1.888,1.888,1.888,1.888,105.68
2026-03-01 08:00:00+00:00,1.834,1.885,1.823,1.883,149.38
2026-03-01 12:00:00+00:00,1.824,1.894,1.769,1.794,334.54
2026-03-01 16:00:00+00:00,1.837,1.837,1.794,1.832,17.35
2026-03-01 20:00:00+00:00,1.801,1.806,1.769,1.8,292.52
2026-03-02 00:00:00+00:00,1.8,1.831,1.775,1.826,181.55
2026-03-02 04:00:00+00:00,1.832,1.832,1.831,1.831,13.02
2026-03-02 08:00:00+00:00,1.8,1.834,1.789,1.818,97.76
2026-03-02 12:00:00+00:00,1.818,1.87,1.818,1.87,217.15
2026-03-02 16:00:00+00:00,1.87,1.87,1.823,1.831,481.44
2026-03-02 20:00:00+00:00,1.831,1.831,1.831,1.831,0.0
2026-03-03 00:00:00+00:00,1.869,1.869,1.826,1.854,211.17
2026-03-03 04:00:00+00:00,1.854,1.854,1.825,1.851,13.37
2026-03-03 08:00:00+00:00,1.849,1.849,1.818,1.825,546.28
2026-03-03 12:00:00+00:00,1.774,1.812,1.768,1.769,28.85
2026-03-03 16:00:00+00:00,1.819,1.837,1.777,1.837,79.47
2026-03-03 20:00:00+00:00,1.808,1.835,1.771,1.835,19.21
2026-03-04 00:00:00+00:00,1.835,1.837,1.801,1.801,227.55
2026-03-04 04:00:00+00:00,1.838,1.839,1.838,1.839,97.49
2026-03-04 08:00:00+00:00,1.869,1.914,1.82,1.892,296.44
2026-03-04 12:00:00+00:00,1.825,1.901,1.825,1.901,113.56
2026-03-04 16:00:00+00:00,1.844,1.902,1.844,1.902,384.15
2026-03-04 20:00:00+00:00,1.876,1.93,1.85,1.85,276.84
2026-03-05 00:00:00+00:00,1.895,1.922,1.85,1.85,464.83
2026-03-05 04:00:00+00:00,1.851,1.914,1.851,1.914,52.09
2026-03-05 08:00:00+00:00,1.905,1.905,1.901,1.901,23.38
2026-03-05 12:00:00+00:00,1.919,1.919,1.859,1.913,62.04
2026-03-05 16:00:00+00:00,1.85,1.85,1.819,1.846,484.21
2026-03-05 20:00:00+00:00,1.821,1.859,1.82,1.859,65.23
2026-03-06 00:00:00+00:00,1.856,1.859,1.852,1.855,54.7
2026-03-06 04:00:00+00:00,1.859,1.859,1.849,1.849,657.94
2026-03-06 08:00:00+00:00,1.86,1.86,1.809,1.835,169.83
2026-03-06 12:00:00+00:00,1.823,1.826,1.757,1.826,101.02
2026-03-06 16:00:00+00:00,1.759,1.805,1.759,1.804,116.43
2026-03-06 20:00:00+00:00,1.814,1.834,1.814,1.831,72.5
2026-03-07 00:00:00+00:00,1.836,1.838,1.79,1.834,42.86
2026-03-07 04:00:00+00:00,1.838,1.838,1.838,1.838,3.8
2026-03-07 08:00:00+00:00,1.838,1.838,1.837,1.838,56.6
2026-03-07 12:00:00+00:00,1.832,1.832,1.832,1.832,272.78
2026-03-07 16:00:00+00:00,1.836,1.836,1.763,1.813,550.28
2026-03-07 20:00:00+00:00,1.804,1.829,1.761,1.826,226.29
2026-03-08 00:00:00+00:00,1.805,1.824,1.767,1.768,90.43
2026-03-08 04:00:00+00:00,1.761,1.761,1.758,1.758,115.08
2026-03-08 08:00:00+00:00,1.774,1.774,1.744,1.75,55.82
2026-03-08 12:00:00+00:00,1.749,1.772,1.638,1.747,875.67
2026-03-08 16:00:00+00:00,1.743,1.75,1.742,1.75,29.89
2026-03-08 20:00:00+00:00,1.724,1.761,1.707,1.707,72.55
2026-03-09 00:00:00+00:00,1.769,1.769,1.652,1.727,502.59
2026-03-09 04:00:00+00:00,1.754,1.766,1.71,1.712,1329.39
2026-03-09 08:00:00+00:00,1.764,1.764,1.764,1.764,1.69
2026-03-09 12:00:00+00:00,1.768,1.776,1.713,1.728,34.24
2026-03-09 16:00:00+00:00,1.763,1.789,1.707,1.727,252.12
2026-03-09 20:00:00+00:00,1.787,1.787,1.763,1.763,282.91
2026-03-10 00:00:00+00:00,1.763,1.775,1.738,1.767,102.03
2026-03-10 04:00:00+00:00,1.776,1.776,1.776,1.776,54.08
2026-03-10 08:00:00+00:00,1.729,1.787,1.729,1.733,39.12
2026-03-10 12:00:00+00:00,1.79,1.836,1.777,1.835,226.49
2026-03-10 16:00:00+00:00,1.838,1.839,1.777,1.81,489.9
2026-03-10 20:00:00+00:00,1.81,1.81,1.773,1.79,50.68
2026-03-11 00:00:00+00:00,1.807,1.808,1.775,1.808,173.26
2026-03-11 04:00:00+00:00,1.814,1.825,1.814,1.825,5.35
2026-03-11 08:00:00+00:00,1.833,1.835,1.833,1.833,110.63
2026-03-11 12:00:00+00:00,1.835,2.001,1.788,1.829,2942.4
2026-03-11 16:00:00+00:00,1.836,1.846,1.805,1.805,53.74
2026-03-11 20:00:00+00:00,1.804,1.809,1.804,1.809,34.35
2026-03-12 00:00:00+00:00,1.856,1.858,1.81,1.81,81.39
2026-03-12 04:00:00+00:00,1.81,1.81,1.81,1.81,0.0
2026-03-12 08:00:00+00:00,1.853,1.853,1.81,1.81,230.27
2026-03-12 12:00:00+00:00,1.81,1.846,1.81,1.81,359.75
2026-03-12 16:00:00+00:00,1.829,1.829,1.799,1.799,91.06
2026-03-12 20:00:00+00:00,1.804,1.852,1.802,1.852,37.25
2026-03-13 00:00:00+00:00,1.869,1.869,1.8,1.803,468.85
2026-03-13 04:00:00+00:00,1.854,1.858,1.806,1.858,24.36
2026-03-13 08:00:00+00:00,1.858,1.858,1.802,1.806,36.32
2026-03-13 12:00:00+00:00,1.862,1.891,1.862,1.891,461.78
2026-03-13 16:00:00+00:00,1.886,1.889,1.826,1.83,521.77
2026-03-13 20:00:00+00:00,1.828,1.873,1.826,1.873,78.84
2026-03-14 00:00:00+00:00,1.879,1.882,1.826,1.882,285.52
2026-03-14 04:00:00+00:00,1.883,1.893,1.846,1.881,55.77
2026-03-14 08:00:00+00:00,1.887,1.889,1.848,1.848,197.35
2026-03-14 12:00:00+00:00,1.846,1.895,1.846,1.893,283.77
2026-03-14 16:00:00+00:00,1.9,1.9,1.858,1.858,261.48
2026-03-14 20:00:00+00:00,1.858,1.858,1.858,1.858,0.0
2026-03-15 00:00:00+00:00,1.846,1.852,1.841,1.841,48.51
2026-03-15 04:00:00+00:00,1.875,1.879,1.875,1.879,84.19
2026-03-15 08:00:00+00:00,1.87,1.879,1.857,1.857,123.28
2026-03-15 12:00:00+00:00,1.885,1.885,1.873,1.873,114.64
2026-03-15 16:00:00+00:00,1.851,1.853,1.849,1.853,186.89
2026-03-15 20:00:00+00:00,1.856,1.863,1.856,1.863,56.5
2026-03-16 00:00:00+00:00,1.842,1.885,1.842,1.88,67.45
2026-03-16 04:00:00+00:00,1.859,1.902,1.849,1.849,97.83
2026-03-16 08:00:00+00:00,1.913,1.929,1.852,1.876,702.62
2026-03-16 12:00:00+00:00,1.914,1.92,1.884,1.884,115.84
2026-03-16 16:00:00+00:00,1.876,1.98,1.876,1.959,723.1
2026-03-16 20:00:00+00:00,1.999,2.001,1.957,1.957,129.17
2026-03-17 00:00:00+00:00,2.003,2.031,1.945,1.945,861.81
2026-03-17 04:00:00+00:00,1.938,1.963,1.931,1.953,48.08
2026-03-17 08:00:00+00:00,1.952,1.953,1.927,1.953,172.0
2026-03-17 12:00:00+00:00,1.925,1.986,1.925,1.976,67.47
2026-03-17 16:00:00+00:00,1.974,1.978,1.945,1.945,15.03
2026-03-17 20:00:00+00:00,1.928,1.986,1.928,1.984,318.48
2026-03-18 00:00:00+00:00,1.984,2.001,1.934,2.001,408.97
2026-03-18 04:00:00+00:00,2.024,2.024,1.96,1.96,3.23
2026-03-18 08:00:00+00:00,2.032,2.032,2.023,2.023,6.41
2026-03-18 12:00:00+00:00,1.96,1.983,1.893,1.899,556.86
2026-03-18 16:00:00+00:00,1.955,1.955,1.881,1.881,577.7
2026-03-18 20:00:00+00:00,1.876,1.876,1.876,1.876,56.4
2026-03-19 00:00:00+00:00,1.914,1.914,1.871,1.914,113.26
2026-03-19 04:00:00+00:00,1.923,1.923,1.884,1.884,45.38
2026-03-19 08:00:00+00:00,1.891,1.891,1.844,1.849,172.18
2026-03-19 12:00:00+00:00,1.846,1.849,1.846,1.849,414.41
2026-03-19 16:00:00+00:00,1.85,1.85,1.822,1.845,226.99
2026-03-19 20:00:00+00:00,1.853,1.853,1.801,1.826,750.53
2026-03-20 00:00:00+00:00,1.827,1.835,1.801,1.806,242.86
2026-03-20 04:00:00+00:00,1.803,1.837,1.789,1.819,261.27
2026-03-20 08:00:00+00:00,1.835,1.835,1.835,1.835,1.63
2026-03-20 12:00:00+00:00,1.814,1.814,1.814,1.814,10.01
2026-03-20 16:00:00+00:00,1.779,1.815,1.779,1.805,89.41
2026-03-20 20:00:00+00:00,1.825,1.835,1.807,1.834,392.51
2026-03-21 00:00:00+00:00,1.849,1.856,1.809,1.826,47.4
2026-03-21 04:00:00+00:00,1.856,1.861,1.822,1.861,10.12
2026-03-21 08:00:00+00:00,1.861,1.861,1.826,1.861,216.93
2026-03-21 12:00:00+00:00,1.826,1.856,1.826,1.829,141.59
2026-03-21 16:00:00+00:00,1.83,1.849,1.83,1.849,3489.92
2026-03-21 20:00:00+00:00,1.843,1.843,1.789,1.789,384.74
2026-03-22 00:00:00+00:00,1.789,1.809,1.775,1.797,236.18
2026-03-22 04:00:00+00:00,1.809,1.809,1.775,1.799,3476.98
2026-03-22 08:00:00+00:00,1.774,1.781,1.773,1.781,10.33
2026-03-22 12:00:00+00:00,1.779,1.803,1.755,1.803,163.26
2026-03-22 16:00:00+00:00,1.809,1.809,1.773,1.809,135.53
2026-03-22 20:00:00+00:00,1.794,1.794,1.779,1.78,30.77
2026-03-23 00:00:00+00:00,1.781,1.797,1.78,1.797,116.23
2026-03-23 04:00:00+00:00,1.786,1.786,1.755,1.755,4.57
2026-03-23 08:00:00+00:00,1.748,1.778,1.748,1.778,18.85
2026-03-23 12:00:00+00:00,1.773,1.843,1.773,1.821,592.79
2026-03-23 16:00:00+00:00,1.755,1.793,1.755,1.778,75.36
2026-03-23 20:00:00+00:00,1.757,1.801,1.757,1.786,233.89
2026-03-24 00:00:00+00:00,1.757,1.798,1.757,1.757,64.76
2026-03-24 04:00:00+00:00,1.796,1.796,1.796,1.796,2.77
2026-03-24 08:00:00+00:00,1.798,1.802,1.757,1.802,40.68
2026-03-24 12:00:00+00:00,1.777,1.801,1.777,1.777,1507.9
