timestamp,open,high,low,close,volume
2025-03-24 16:00:00+00:00,21.5,21.51,21.26,21.43,151.44
2025-03-24 20:00:00+00:00,21.37,21.48,21.25,21.45,117.04
2025-03-25 00:00:00+00:00,21.47,21.64,21.35,21.35,63.17
2025-03-25 04:00:00+00:00,21.3,21.88,21.3,21.83,211.51
2025-03-25 08:00:00+00:00,21.9,22.38,21.86,22.37,122.7
2025-03-25 12:00:00+00:00,22.38,22.79,22.17,22.51,356.29
2025-03-25 16:00:00+00:00,22.66,23.24,22.46,23.11,505.62
2025-03-25 20:00:00+00:00,23.16,23.45,22.79,22.92,531.03
2025-03-26 00:00:00+00:00,22.92,23.22,22.57,22.64,162.48
2025-03-26 04:00:00+00:00,22.65,22.84,22.59,22.84,81.0
2025-03-26 08:00:00+00:00,22.85,22.95,22.64,22.95,175.45
2025-03-26 12:00:00+00:00,22.84,22.84,21.99,22.16,410.43
2025-03-26 16:00:00+00:00,22.14,22.45,21.87,22.13,512.91
2025-03-26 20:00:00+00:00,22.11,22.25,21.88,22.02,427.71
2025-03-27 00:00:00+00:00,22.03,22.37,22.03,22.18,130.62
2025-03-27 04:00:00+00:00,22.15,22.15,21.94,22.06,2163.42
2025-03-27 08:00:00+00:00,22.06,22.16,21.86,21.89,3054.08
2025-03-27 12:00:00+00:00,21.84,22.28,21.65,21.99,146.43
2025-03-27 16:00:00+00:00,21.95,22.11,21.83,22.11,41.76
2025-03-27 20:00:00+00:00,21.95,22.19,21.95,22.03,25.42
2025-03-28 00:00:00+00:00,22.03,22.15,21.67,21.69,213.15
2025-03-28 04:00:00+00:00,21.76,21.76,20.69,20.72,2249.59
2025-03-28 08:00:00+00:00,20.78,20.78,20.2,20.54,708.94
2025-03-28 12:00:00+00:00,20.51,20.6,19.99,19.99,401.75
2025-03-28 16:00:00+00:00,19.98,20.01,19.79,19.8,112.83
2025-03-28 20:00:00+00:00,19.85,20.59,19.84,20.37,171.24
2025-03-29 00:00:00+00:00,20.36,20.48,20.1,20.48,44.47
2025-03-29 04:00:00+00:00,20.5,20.5,19.84,19.84,378.56
2025-03-29 08:00:00+00:00,20.0,20.14,19.68,19.83,34.98
2025-03-29 12:00:00+00:00,19.88,20.29,19.88,20.03,88.09
2025-03-29 16:00:00+00:00,19.97,20.06,19.69,19.81,100.75
2025-03-29 20:00:00+00:00,19.86,19.86,19.45,19.65,182.72
2025-03-30 00:00:00+00:00,19.53,19.88,19.4,19.67,96.02
2025-03-30 04:00:00+00:00,19.73,19.73,19.39,19.59,80.19
2025-03-30 08:00:00+00:00,19.47,19.66,19.2,19.38,112.96
2025-03-30 12:00:00+00:00,19.29,19.44,19.07,19.39,73.06
2025-03-30 16:00:00+00:00,19.32,19.37,19.0,19.15,87.52
2025-03-30 20:00:00+00:00,19.13,19.13,18.71,18.87,574.04
2025-03-31 00:00:00+00:00,18.87,18.99,18.49,18.65,510.54
2025-03-31 04:00:00+00:00,18.68,18.92,18.45,18.45,188.53
2025-03-31 08:00:00+00:00,18.61,18.67,18.2,18.67,134.92
2025-03-31 12:00:00+00:00,18.71,19.1,18.43,19.05,314.93
2025-03-31 16:00:00+00:00,18.93,18.98,18.65,18.66,217.41
2025-03-31 20:00:00+00:00,18.69,18.85,18.62,18.85,28.79
2025-04-01 00:00:00+00:00,18.83,19.14,18.75,18.99,94.31
2025-04-01 04:00:00+00:00,19.0,19.48,18.98,19.26,469.7
2025-04-01 08:00:00+00:00,19.25,19.69,19.25,19.42,243.04
2025-04-01 12:00:00+00:00,19.42,19.9,19.0,19.9,183.5
2025-04-01 16:00:00+00:00,19.82,19.82,19.36,19.4,93.4
2025-04-01 20:00:00+00:00,19.35,19.85,19.33,19.76,46.11
2025-04-02 00:00:00+00:00,19.78,19.78,19.15,19.22,179.56
2025-04-02 04:00:00+00:00,19.24,19.49,18.8,19.03,647.94
2025-04-02 08:00:00+00:00,19.01,19.54,18.93,19.26,94.76
2025-04-02 12:00:00+00:00,19.25,19.76,18.94,19.64,313.59
2025-04-02 16:00:00+00:00,19.75,19.81,19.21,19.38,162.24
2025-04-02 20:00:00+00:00,19.43,19.8,17.79,17.99,1114.27
2025-04-03 00:00:00+00:00,17.96,18.84,17.91,18.77,334.56
2025-04-03 04:00:00+00:00,18.78,18.96,18.22,18.37,96.77
2025-04-03 08:00:00+00:00,18.4,18.49,18.01,18.09,74.27
2025-04-03 12:00:00+00:00,18.07,18.17,17.59,17.92,278.58
2025-04-03 16:00:00+00:00,18.05,18.28,17.85,17.98,75.83
2025-04-03 20:00:00+00:00,18.01,18.24,17.88,18.11,53.79
2025-04-04 00:00:00+00:00,18.22,18.24,17.95,18.05,91.71
2025-04-04 04:00:00+00:00,18.05,18.57,17.98,18.57,81.04
2025-04-04 08:00:00+00:00,18.59,18.74,17.63,17.86,319.68
2025-04-04 12:00:00+00:00,17.85,18.43,17.85,18.08,326.48
2025-04-04 16:00:00+00:00,17.99,18.35,17.76,18.06,366.35
2025-04-04 20:00:00+00:00,18.13,18.32,18.07,18.21,127.2
2025-04-05 00:00:00+00:00,18.18,18.35,18.09,18.13,16.36
2025-04-05 04:00:00+00:00,18.1,18.21,18.07,18.21,182.35
2025-04-05 08:00:00+00:00,18.23,18.31,18.23,18.25,90.41
2025-04-05 12:00:00+00:00,18.25,18.29,17.78,17.82,641.5
2025-04-05 16:00:00+00:00,17.91,17.97,17.85,17.87,71.26
2025-04-05 20:00:00+00:00,17.84,17.91,17.73,17.91,28.65
2025-04-06 00:00:00+00:00,17.83,17.9,17.34,17.38,263.06
2025-04-06 04:00:00+00:00,17.39,17.51,17.19,17.21,37.7
2025-04-06 08:00:00+00:00,17.16,17.32,17.13,17.17,91.13
2025-04-06 12:00:00+00:00,17.18,17.29,16.87,17.29,330.53
2025-04-06 16:00:00+00:00,17.28,17.28,16.16,16.43,987.78
2025-04-06 20:00:00+00:00,16.4,16.4,15.65,16.04,2196.1
2025-04-07 00:00:00+00:00,16.03,16.39,15.48,15.73,614.42
2025-04-07 04:00:00+00:00,15.75,16.1,14.7,14.79,861.8
2025-04-07 08:00:00+00:00,14.92,15.76,14.76,15.35,379.01
2025-04-07 12:00:00+00:00,15.44,17.03,15.44,16.48,1383.8
2025-04-07 16:00:00+00:00,16.41,17.12,16.16,16.63,600.14
2025-04-07 20:00:00+00:00,16.67,16.97,16.65,16.65,83.53
2025-04-08 00:00:00+00:00,16.69,17.32,16.69,17.16,142.25
2025-04-08 04:00:00+00:00,17.2,17.44,16.99,16.99,141.25
2025-04-08 08:00:00+00:00,17.06,17.47,16.86,17.45,110.07
2025-04-08 12:00:00+00:00,17.49,17.72,17.09,17.09,276.23
2025-04-08 16:00:00+00:00,17.13,17.13,16.01,16.05,294.56
2025-04-08 20:00:00+00:00,16.05,16.28,15.95,16.15,93.52
2025-04-09 00:00:00+00:00,16.12,16.39,15.65,15.97,309.75
2025-04-09 04:00:00+00:00,16.11,16.84,16.08,16.68,204.17
2025-04-09 08:00:00+00:00,16.63,16.66,16.13,16.27,140.01
2025-04-09 12:00:00+00:00,16.18,16.88,15.98,16.78,309.55
2025-04-09 16:00:00+00:00,16.9,18.9,16.9,18.5,4739.7
2025-04-09 20:00:00+00:00,18.57,18.73,18.43,18.45,419.76
2025-04-10 00:00:00+00:00,18.42,18.43,17.86,18.03,217.12
2025-04-10 04:00:00+00:00,18.03,18.34,18.01,18.1,34.97
2025-04-10 08:00:00+00:00,18.03,18.13,17.92,18.0,47.46
2025-04-10 12:00:00+00:00,18.03,18.37,17.58,17.73,348.73
2025-04-10 16:00:00+00:00,17.7,18.25,17.61,18.22,271.08
2025-04-10 20:00:00+00:00,18.17,18.41,18.15,18.29,3598.54
2025-04-11 00:00:00+00:00,18.32,18.65,18.32,18.49,277.37
2025-04-11 04:00:00+00:00,18.56,18.65,18.43,18.53,67.91
2025-04-11 08:00:00+00:00,18.65,18.96,18.42,18.84,145.05
2025-04-11 12:00:00+00:00,18.85,19.5,18.81,19.2,474.73
2025-04-11 16:00:00+00:00,19.18,19.55,19.11,19.19,116.86
2025-04-11 20:00:00+00:00,19.21,19.29,19.06,19.14,70.79
2025-04-12 00:00:00+00:00,19.07,19.07,18.86,18.88,64.18
2025-04-12 04:00:00+00:00,19.01,19.31,19.01,19.07,30.37
2025-04-12 08:00:00+00:00,19.15,19.23,19.0,19.13,18.51
2025-04-12 12:00:00+00:00,19.17,20.97,19.16,20.49,869.05
2025-04-12 16:00:00+00:00,20.55,20.8,20.12,20.23,155.18
2025-04-12 20:00:00+00:00,20.2,20.63,20.2,20.44,48.7
2025-04-13 00:00:00+00:00,20.5,20.62,20.21,20.3,118.63
2025-04-13 04:00:00+00:00,20.25,20.25,19.9,19.92,211.95
2025-04-13 08:00:00+00:00,19.93,20.24,19.93,20.0,421.55
2025-04-13 12:00:00+00:00,20.01,20.01,19.53,19.76,155.85
2025-04-13 16:00:00+00:00,19.77,20.5,19.47,19.77,429.49
2025-04-13 20:00:00+00:00,19.66,19.94,19.29,19.59,185.22
2025-04-14 00:00:00+00:00,19.57,20.59,19.57,19.91,860.23
2025-04-14 04:00:00+00:00,19.97,20.26,19.81,20.13,45.01
2025-04-14 08:00:00+00:00,20.15,20.5,19.99,20.49,293.68
2025-04-14 12:00:00+00:00,20.43,20.65,19.77,19.87,195.75
2025-04-14 16:00:00+00:00,19.87,20.48,19.73,20.32,155.72
2025-04-14 20:00:00+00:00,20.28,20.36,20.08,20.12,230.93
2025-04-15 00:00:00+00:00,20.06,20.23,19.87,20.23,117.88
2025-04-15 04:00:00+00:00,20.24,20.27,19.83,20.0,121.52
2025-04-15 08:00:00+00:00,19.99,20.14,19.82,19.93,70.44
2025-04-15 12:00:00+00:00,19.88,20.23,19.49,19.49,316.25
2025-04-15 16:00:00+00:00,19.56,19.57,19.25,19.25,127.38
2025-04-15 20:00:00+00:00,19.33,19.44,18.98,19.01,920.56
2025-04-16 00:00:00+00:00,18.97,19.01,18.7,18.92,189.54
2025-04-16 04:00:00+00:00,18.86,18.94,18.65,18.67,68.9
2025-04-16 08:00:00+00:00,18.63,18.97,18.59,18.86,108.6
2025-04-16 12:00:00+00:00,18.91,19.26,18.74,19.06,253.3
2025-04-16 16:00:00+00:00,19.03,19.25,18.52,19.07,421.57
2025-04-16 20:00:00+00:00,19.05,19.05,18.7,18.75,201.32
2025-04-17 00:00:00+00:00,18.72,18.98,18.72,18.89,42.39
2025-04-17 04:00:00+00:00,18.97,19.53,18.97,19.53,205.97
2025-04-17 08:00:00+00:00,19.43,19.43,19.16,19.25,92.73
2025-04-17 12:00:00+00:00,19.28,19.4,18.83,19.19,183.38
2025-04-17 16:00:00+00:00,19.21,19.51,19.0,19.11,1218.42
2025-04-17 20:00:00+00:00,19.14,19.2,18.96,19.05,1612.62
2025-04-18 00:00:00+00:00,19.01,19.13,18.92,19.06,95.52
2025-04-18 04:00:00+00:00,19.05,19.14,19.01,19.14,33.23
2025-04-18 08:00:00+00:00,19.17,19.31,19.01,19.07,22.94
2025-04-18 12:00:00+00:00,19.09,19.23,18.88,18.88,687.24
2025-04-18 16:00:00+00:00,18.91,19.15,18.83,19.15,374.61
2025-04-18 20:00:00+00:00,19.14,19.23,19.05,19.12,67.28
2025-04-19 00:00:00+00:00,19.06,19.3,19.05,19.3,80.47
2025-04-19 04:00:00+00:00,19.3,19.5,19.18,19.47,489.77
2025-04-19 08:00:00+00:00,19.51,19.68,19.45,19.5,48.66
2025-04-19 12:00:00+00:00,19.6,19.8,19.59,19.76,77.93
2025-04-19 16:00:00+00:00,19.71,20.11,19.64,20.03,408.38
2025-04-19 20:00:00+00:00,20.05,20.35,19.93,19.93,197.62
2025-04-20 00:00:00+00:00,19.96,20.02,19.83,19.83,161.44
2025-04-20 04:00:00+00:00,19.8,19.97,19.59,19.62,132.08
2025-04-20 08:00:00+00:00,19.64,19.67,19.24,19.3,113.8
2025-04-20 12:00:00+00:00,19.3,19.53,19.3,19.35,39.48
2025-04-20 16:00:00+00:00,19.34,19.55,19.33,19.55,88.35
2025-04-20 20:00:00+00:00,19.55,19.71,19.34,19.44,130.31
2025-04-21 00:00:00+00:00,19.53,20.11,19.53,19.96,188.38
2025-04-21 04:00:00+00:00,19.91,20.6,19.86,20.58,228.29
2025-04-21 08:00:00+00:00,20.61,20.9,20.39,20.51,299.94
2025-04-21 12:00:00+00:00,20.55,20.64,20.27,20.51,458.04
2025-04-21 16:00:00+00:00,20.56,20.65,19.84,20.09,498.19
2025-04-21 20:00:00+00:00,20.06,20.09,19.73,19.94,244.76
2025-04-22 00:00:00+00:00,19.89,20.19,19.46,19.9,464.8
2025-04-22 04:00:00+00:00,19.96,20.28,19.62,20.28,168.12
2025-04-22 08:00:00+00:00,20.3,20.43,20.06,20.38,126.05
2025-04-22 12:00:00+00:00,20.37,21.95,20.36,21.6,2567.28
2025-04-22 16:00:00+00:00,21.61,21.77,20.63,21.55,2220.8
2025-04-22 20:00:00+00:00,21.56,22.27,21.56,22.06,290.04
2025-04-23 00:00:00+00:00,22.09,22.56,21.93,22.42,676.79
2025-04-23 04:00:00+00:00,22.47,22.83,22.44,22.83,198.86
2025-04-23 08:00:00+00:00,22.84,23.06,22.59,22.67,139.17
2025-04-23 12:00:00+00:00,22.72,22.95,21.9,22.25,277.26
2025-04-23 16:00:00+00:00,22.24,22.62,22.09,22.25,333.88
2025-04-23 20:00:00+00:00,22.22,22.56,22.22,22.29,131.92
2025-04-24 00:00:00+00:00,22.45,22.45,21.86,21.86,186.63
2025-04-24 04:00:00+00:00,21.84,22.15,21.82,21.84,152.26
2025-04-24 08:00:00+00:00,21.92,22.01,21.64,21.97,40.61
2025-04-24 12:00:00+00:00,22.05,22.61,21.95,22.36,1134.6
2025-04-24 16:00:00+00:00,22.31,22.47,21.97,22.2,135.55
2025-04-24 20:00:00+00:00,22.21,22.41,22.05,22.36,161.73
2025-04-25 00:00:00+00:00,22.32,22.53,21.8,22.06,159.91
2025-04-25 04:00:00+00:00,22.03,22.5,21.98,22.34,135.56
2025-04-25 08:00:00+00:00,22.34,22.57,22.21,22.57,154.69
2025-04-25 12:00:00+00:00,22.53,22.84,22.14,22.66,1199.3
2025-04-25 16:00:00+00:00,22.65,22.77,22.23,22.24,308.94
2025-04-25 20:00:00+00:00,22.32,22.48,22.16,22.18,266.13
2025-04-26 00:00:00+00:00,22.23,22.95,22.23,22.62,210.05
2025-04-26 04:00:00+00:00,22.67,22.67,22.32,22.53,129.07
2025-04-26 08:00:00+00:00,22.51,22.75,21.9,21.9,145.63
2025-04-26 12:00:00+00:00,21.92,22.06,21.75,22.0,221.83
2025-04-26 16:00:00+00:00,21.96,22.09,21.84,22.08,602.35
2025-04-26 20:00:00+00:00,22.13,22.42,22.13,22.4,98.37
2025-04-27 00:00:00+00:00,22.41,22.77,22.08,22.29,260.35
2025-04-27 04:00:00+00:00,22.35,22.52,22.04,22.26,85.25
2025-04-27 08:00:00+00:00,22.35,22.47,22.09,22.09,59.02
2025-04-27 12:00:00+00:00,22.07,22.3,21.82,21.87,405.43
2025-04-27 16:00:00+00:00,21.86,22.1,21.68,22.1,128.66
2025-04-27 20:00:00+00:00,22.09,22.11,21.68,21.68,236.81
2025-04-28 00:00:00+00:00,21.71,21.8,21.05,21.74,1121.97
2025-04-28 04:00:00+00:00,21.79,22.33,21.79,22.26,329.22
2025-04-28 08:00:00+00:00,22.34,22.42,21.99,22.3,873.49
2025-04-28 12:00:00+00:00,22.25,22.25,21.3,21.36,510.27
2025-04-28 16:00:00+00:00,21.43,22.06,21.32,22.06,137.38
2025-04-28 20:00:00+00:00,22.0,22.0,21.73,21.86,627.63
2025-04-29 00:00:00+00:00,21.84,22.06,21.68,21.87,185.06
2025-04-29 04:00:00+00:00,21.83,22.15,21.65,22.12,183.49
2025-04-29 08:00:00+00:00,22.16,22.27,21.98,22.12,157.24
2025-04-29 12:00:00+00:00,22.05,22.17,21.85,22.0,98.19
2025-04-29 16:00:00+00:00,22.01,22.22,21.85,21.89,799.71
2025-04-29 20:00:00+00:00,21.91,21.91,21.29,21.54,2236.5
2025-04-30 00:00:00+00:00,21.55,21.88,21.55,21.88,88.82
2025-04-30 04:00:00+00:00,21.83,21.88,21.49,21.49,22.51
2025-04-30 08:00:00+00:00,21.48,21.69,21.47,21.66,36.44
2025-04-30 12:00:00+00:00,21.62,21.62,20.39,21.01,1075.03
2025-04-30 16:00:00+00:00,20.89,21.18,20.73,21.0,155.7
2025-04-30 20:00:00+00:00,21.02,21.2,20.83,20.92,572.25
2025-05-01 00:00:00+00:00,20.92,21.27,20.91,20.96,633.53
2025-05-01 04:00:00+00:00,20.96,21.23,20.83,21.23,32.67
2025-05-01 08:00:00+00:00,21.19,21.57,21.19,21.48,82.68
2025-05-01 12:00:00+00:00,21.49,21.52,21.15,21.32,3921.92
2025-05-01 16:00:00+00:00,21.45,21.83,21.26,21.75,1043.4
2025-05-01 20:00:00+00:00,21.76,21.81,21.53,21.56,89.15
2025-05-02 00:00:00+00:00,21.69,22.14,21.67,22.04,142.0
2025-05-02 04:00:00+00:00,22.03,22.03,21.29,21.29,171.13
2025-05-02 08:00:00+00:00,21.3,21.41,21.18,21.38,49.46
2025-05-02 12:00:00+00:00,21.29,21.64,21.16,21.4,208.98
2025-05-02 16:00:00+00:00,21.5,21.64,21.0,21.0,127.78
2025-05-02 20:00:00+00:00,21.0,21.37,21.0,21.22,60.44
2025-05-03 00:00:00+00:00,21.17,21.17,21.08,21.11,92.23
2025-05-03 04:00:00+00:00,21.1,21.17,20.9,20.9,34.59
2025-05-03 08:00:00+00:00,20.89,21.04,20.66,20.71,102.54
2025-05-03 12:00:00+00:00,20.76,20.95,20.76,20.92,108.65
2025-05-03 16:00:00+00:00,20.84,20.86,20.51,20.86,149.16
2025-05-03 20:00:00+00:00,20.87,20.87,20.54,20.55,30.68
2025-05-04 00:00:00+00:00,20.52,20.6,20.24,20.33,141.84
2025-05-04 04:00:00+00:00,20.26,20.41,20.14,20.2,118.44
2025-05-04 08:00:00+00:00,20.17,20.19,20.03,20.06,129.16
2025-05-04 12:00:00+00:00,20.11,20.19,19.81,19.97,384.96
2025-05-04 16:00:00+00:00,19.97,20.06,19.88,20.03,156.56
2025-05-04 20:00:00+00:00,20.07,20.18,19.77,19.87,105.13
2025-05-05 00:00:00+00:00,19.94,20.22,19.71,20.01,110.34
2025-05-05 04:00:00+00:00,19.97,20.2,19.9,19.98,31.06
2025-05-05 08:00:00+00:00,20.07,20.07,19.49,19.53,86.99
2025-05-05 12:00:00+00:00,19.46,19.65,19.31,19.33,406.69
2025-05-05 16:00:00+00:00,19.37,19.83,19.36,19.6,250.0
2025-05-05 20:00:00+00:00,19.6,19.84,19.42,19.7,62.61
2025-05-06 00:00:00+00:00,19.67,19.75,19.44,19.71,86.39
2025-05-06 04:00:00+00:00,19.73,19.84,19.73,19.78,51.89
2025-05-06 08:00:00+00:00,19.7,19.76,19.29,19.29,118.9
2025-05-06 12:00:00+00:00,19.37,19.77,19.32,19.61,309.57
2025-05-06 16:00:00+00:00,19.58,19.93,19.51,19.88,109.35
2025-05-06 20:00:00+00:00,19.84,20.1,19.4,19.99,129.58
2025-05-07 00:00:00+00:00,20.02,20.24,19.77,19.94,154.67
2025-05-07 04:00:00+00:00,19.95,19.97,19.67,19.88,28.0
2025-05-07 08:00:00+00:00,19.92,19.99,19.73,19.79,16.4
2025-05-07 12:00:00+00:00,19.72,19.72,19.27,19.29,133.67
2025-05-07 16:00:00+00:00,19.28,19.4,19.1,19.27,220.54
2025-05-07 20:00:00+00:00,19.24,19.7,19.24,19.53,360.32
2025-05-08 00:00:00+00:00,19.53,20.31,19.52,20.31,270.43
2025-05-08 04:00:00+00:00,20.31,20.87,20.31,20.82,578.88
2025-05-08 08:00:00+00:00,20.86,21.15,20.86,20.92,169.71
2025-05-08 12:00:00+00:00,21.0,21.44,20.64,21.16,389.18
2025-05-08 16:00:00+00:00,21.21,21.49,21.2,21.41,309.1
2025-05-08 20:00:00+00:00,21.5,22.13,21.36,22.13,2387.05
2025-05-09 00:00:00+00:00,22.14,22.43,22.05,22.05,430.34
2025-05-09 04:00:00+00:00,22.09,23.03,21.99,22.87,419.36
2025-05-09 08:00:00+00:00,22.99,23.99,22.76,23.51,1273.05
2025-05-09 12:00:00+00:00,23.57,23.67,22.93,23.12,283.43
2025-05-09 16:00:00+00:00,23.08,23.43,22.81,23.05,561.6
2025-05-09 20:00:00+00:00,23.12,23.24,22.95,23.24,221.15
2025-05-10 00:00:00+00:00,23.27,23.63,23.01,23.46,347.1
2025-05-10 04:00:00+00:00,23.4,24.22,23.28,24.15,298.5
2025-05-10 08:00:00+00:00,24.21,24.77,23.9,24.1,709.31
2025-05-10 12:00:00+00:00,24.12,24.74,24.11,24.44,127.28
2025-05-10 16:00:00+00:00,24.44,24.82,24.33,24.53,319.12
2025-05-10 20:00:00+00:00,24.54,25.94,24.36,25.94,995.21
2025-05-11 00:00:00+00:00,25.75,25.98,24.96,25.31,692.16
2025-05-11 04:00:00+00:00,25.31,25.4,24.34,24.54,610.24
2025-05-11 08:00:00+00:00,24.53,24.86,24.43,24.84,103.08
2025-05-11 12:00:00+00:00,24.83,24.84,24.22,24.4,442.13
2025-05-11 16:00:00+00:00,24.27,24.91,24.16,24.84,234.79
2025-05-11 20:00:00+00:00,24.71,24.92,24.51,24.73,65.1
2025-05-12 00:00:00+00:00,24.81,25.17,24.46,25.08,500.41
2025-05-12 04:00:00+00:00,25.1,26.75,24.89,25.93,847.05
2025-05-12 08:00:00+00:00,25.94,25.95,24.91,25.03,620.08
2025-05-12 12:00:00+00:00,25.02,25.67,24.61,24.7,544.45
2025-05-12 16:00:00+00:00,24.7,25.16,23.75,24.41,660.14
2025-05-12 20:00:00+00:00,24.45,25.01,22.64,24.81,4017.1
2025-05-13 00:00:00+00:00,24.83,24.83,23.5,23.51,573.63
2025-05-13 04:00:00+00:00,23.49,24.52,23.48,24.29,305.83
2025-05-13 08:00:00+00:00,24.44,24.7,24.27,24.53,131.66
2025-05-13 12:00:00+00:00,24.51,24.88,24.33,24.87,319.85
2025-05-13 16:00:00+00:00,24.89,26.2,24.87,25.77,1183.24
2025-05-13 20:00:00+00:00,25.84,25.96,25.1,25.75,817.52
2025-05-14 00:00:00+00:00,25.8,26.25,25.52,25.88,541.13
2025-05-14 04:00:00+00:00,25.94,26.51,25.94,26.11,294.08
2025-05-14 08:00:00+00:00,26.06,26.08,25.43,25.92,306.13
2025-05-14 12:00:00+00:00,25.94,25.95,25.14,25.38,200.59
2025-05-14 16:00:00+00:00,25.37,25.47,25.0,25.21,381.11
2025-05-14 20:00:00+00:00,25.25,25.25,24.75,24.99,137.4
2025-05-15 00:00:00+00:00,24.96,25.09,24.4,24.4,383.41
2025-05-15 04:00:00+00:00,24.39,24.59,23.55,23.55,389.74
2025-05-15 08:00:00+00:00,23.53,24.17,23.53,23.97,276.26
2025-05-15 12:00:00+00:00,23.94,24.07,23.03,23.8,596.72
2025-05-15 16:00:00+00:00,23.76,24.17,23.27,23.48,359.0
2025-05-15 20:00:00+00:00,23.56,23.71,22.99,23.45,280.54
2025-05-16 00:00:00+00:00,23.47,23.91,23.35,23.91,164.47
2025-05-16 04:00:00+00:00,23.93,24.01,23.68,23.74,28.3
2025-05-16 08:00:00+00:00,23.68,23.91,23.28,23.84,90.95
2025-05-16 12:00:00+00:00,23.73,23.92,23.46,23.58,90.93
2025-05-16 16:00:00+00:00,23.74,23.83,23.37,23.49,135.11
2025-05-16 20:00:00+00:00,23.54,23.56,22.69,23.11,806.42
2025-05-17 00:00:00+00:00,23.0,23.02,22.29,22.75,409.66
2025-05-17 04:00:00+00:00,22.77,23.15,22.71,22.71,475.79
2025-05-17 08:00:00+00:00,22.77,22.88,22.58,22.86,68.02
2025-05-17 12:00:00+00:00,22.76,22.76,22.34,22.48,80.18
2025-05-17 16:00:00+00:00,22.45,22.55,22.13,22.18,522.22
2025-05-17 20:00:00+00:00,22.23,22.55,22.0,22.18,148.91
2025-05-18 00:00:00+00:00,22.21,22.34,22.04,22.21,45.44
2025-05-18 04:00:00+00:00,22.26,23.16,22.25,23.09,220.21
2025-05-18 08:00:00+00:00,23.17,23.28,22.95,23.0,22.89
2025-05-18 12:00:00+00:00,22.92,23.84,22.8,23.75,350.78
2025-05-18 16:00:00+00:00,23.72,23.72,22.08,22.08,696.23
2025-05-18 20:00:00+00:00,22.03,23.13,21.63,23.11,1045.58
2025-05-19 00:00:00+00:00,22.97,23.17,21.93,21.93,378.48
2025-05-19 04:00:00+00:00,21.91,22.04,21.3,21.71,173.53
2025-05-19 08:00:00+00:00,21.67,21.81,21.55,21.69,15.64
2025-05-19 12:00:00+00:00,21.55,22.17,21.45,22.11,79.23
2025-05-19 16:00:00+00:00,22.08,22.59,21.93,22.32,263.75
2025-05-19 20:00:00+00:00,22.21,22.3,21.99,22.27,51.45
2025-05-20 00:00:00+00:00,22.27,22.8,22.1,22.41,189.49
2025-05-20 04:00:00+00:00,22.38,22.6,22.22,22.24,55.43
2025-05-20 08:00:00+00:00,22.28,22.32,21.96,21.97,185.96
2025-05-20 12:00:00+00:00,22.1,22.19,21.87,22.14,97.94
2025-05-20 16:00:00+00:00,22.2,22.4,21.78,22.4,215.99
2025-05-20 20:00:00+00:00,22.33,22.72,22.31,22.52,130.27
2025-05-21 00:00:00+00:00,22.52,22.63,22.17,22.63,157.6
2025-05-21 04:00:00+00:00,22.52,22.98,22.3,22.49,1179.27
2025-05-21 08:00:00+00:00,22.59,22.83,22.39,22.73,45.27
2025-05-21 12:00:00+00:00,22.73,23.24,22.55,23.24,203.69
2025-05-21 16:00:00+00:00,23.18,23.74,22.43,22.91,878.96
2025-05-21 20:00:00+00:00,22.84,23.38,22.62,23.18,166.95
2025-05-22 00:00:00+00:00,23.16,23.83,23.16,23.78,194.66
2025-05-22 04:00:00+00:00,23.77,24.1,23.74,23.97,459.1
2025-05-22 08:00:00+00:00,24.12,25.36,24.12,25.12,1783.15
2025-05-22 12:00:00+00:00,25.18,25.41,24.8,25.08,1159.35
2025-05-22 16:00:00+00:00,25.18,25.37,25.05,25.09,337.73
2025-05-22 20:00:00+00:00,25.16,25.31,24.76,25.25,201.28
2025-05-23 00:00:00+00:00,25.26,25.81,25.07,25.73,1095.77
2025-05-23 04:00:00+00:00,25.64,25.64,24.94,25.05,791.66
2025-05-23 08:00:00+00:00,25.16,25.95,24.31,24.38,606.74
2025-05-23 12:00:00+00:00,24.48,24.98,23.72,24.47,592.54
2025-05-23 16:00:00+00:00,24.58,24.62,24.0,24.0,704.5
2025-05-23 20:00:00+00:00,24.01,24.01,22.9,23.03,451.84
2025-05-24 00:00:00+00:00,23.03,23.43,22.96,23.31,213.91
2025-05-24 04:00:00+00:00,23.27,23.41,23.01,23.09,663.33
2025-05-24 08:00:00+00:00,23.1,23.42,22.89,23.22,132.82
2025-05-24 12:00:00+00:00,23.22,23.24,23.01,23.09,180.68
2025-05-24 16:00:00+00:00,23.07,23.18,22.82,22.93,122.87
2025-05-24 20:00:00+00:00,23.02,23.07,22.78,22.96,97.59
2025-05-25 00:00:00+00:00,23.0,23.13,22.52,22.93,217.86
2025-05-25 04:00:00+00:00,22.85,22.91,22.43,22.46,82.23
2025-05-25 08:00:00+00:00,22.46,22.47,22.14,22.36,92.39
2025-05-25 12:00:00+00:00,22.43,22.55,22.04,22.18,278.28
2025-05-25 16:00:00+00:00,22.15,22.55,22.14,22.55,241.82
2025-05-25 20:00:00+00:00,22.52,23.43,22.34,23.43,572.05
2025-05-26 00:00:00+00:00,23.45,23.78,23.25,23.4,353.22
2025-05-26 04:00:00+00:00,23.4,23.92,23.32,23.87,72.15
2025-05-26 08:00:00+00:00,23.91,23.97,23.55,23.7,98.43
2025-05-26 12:00:00+00:00,23.7,23.85,23.22,23.48,115.39
2025-05-26 16:00:00+00:00,23.43,23.43,22.9,22.9,174.72
2025-05-26 20:00:00+00:00,22.97,23.2,22.91,23.07,175.18
2025-05-27 00:00:00+00:00,23.15,23.16,22.54,23.11,152.01
2025-05-27 04:00:00+00:00,23.16,23.86,23.15,23.57,243.66
2025-05-27 08:00:00+00:00,23.6,23.72,23.43,23.56,26.99
2025-05-27 12:00:00+00:00,23.62,23.83,23.15,23.45,138.31
2025-05-27 16:00:00+00:00,23.43,23.8,23.33,23.39,485.76
2025-05-27 20:00:00+00:00,23.42,23.55,23.19,23.32,165.01
2025-05-28 00:00:00+00:00,23.36,23.67,23.36,23.56,226.39
2025-05-28 04:00:00+00:00,23.56,23.64,23.17,23.33,60.57
2025-05-28 08:00:00+00:00,23.26,23.58,23.1,23.58,150.05
2025-05-28 12:00:00+00:00,23.55,23.74,22.86,22.86,389.78
2025-05-28 16:00:00+00:00,22.9,23.37,22.82,22.83,276.44
2025-05-28 20:00:00+00:00,22.82,23.57,22.82,23.57,301.8
2025-05-29 00:00:00+00:00,23.6,24.32,23.49,24.18,947.16
2025-05-29 04:00:00+00:00,24.28,24.3,23.55,23.76,191.36
2025-05-29 08:00:00+00:00,23.71,23.75,23.41,23.41,59.33
2025-05-29 12:00:00+00:00,23.41,23.42,22.7,22.76,240.36
2025-05-29 16:00:00+00:00,22.77,22.98,22.48,22.62,739.75
2025-05-29 20:00:00+00:00,22.68,22.75,22.21,22.26,247.87
2025-05-30 00:00:00+00:00,22.28,22.34,21.22,21.77,937.53
2025-05-30 04:00:00+00:00,21.77,21.84,21.34,21.57,179.67
2025-05-30 08:00:00+00:00,21.4,21.83,21.3,21.79,57.95
2025-05-30 12:00:00+00:00,21.8,21.84,21.47,21.5,179.54
2025-05-30 16:00:00+00:00,21.47,21.48,20.85,21.29,586.4
2025-05-30 20:00:00+00:00,21.21,21.3,20.49,20.62,249.77
2025-05-31 00:00:00+00:00,20.48,20.48,19.82,19.96,556.65
2025-05-31 04:00:00+00:00,19.93,20.26,19.93,20.19,31.63
2025-05-31 08:00:00+00:00,20.24,20.32,20.16,20.16,23.36
2025-05-31 12:00:00+00:00,20.35,20.85,20.35,20.73,109.89
2025-05-31 16:00:00+00:00,20.87,20.98,20.74,20.91,126.78
2025-05-31 20:00:00+00:00,20.87,21.11,20.79,20.8,302.95
2025-06-01 00:00:00+00:00,20.78,20.78,20.54,20.72,89.09
2025-06-01 04:00:00+00:00,20.69,20.89,20.65,20.65,39.06
2025-06-01 08:00:00+00:00,20.52,21.84,20.32,20.45,1073.17
2025-06-01 12:00:00+00:00,20.41,20.75,20.21,20.69,61.6
2025-06-01 16:00:00+00:00,20.71,20.91,20.43,20.58,146.35
2025-06-01 20:00:00+00:00,20.61,20.94,20.61,20.87,42.63
2025-06-02 00:00:00+00:00,20.96,20.99,20.49,20.64,34.86
2025-06-02 04:00:00+00:00,20.64,20.64,20.64,20.64,0.0
2025-06-02 08:00:00+00:00,20.71,20.71,20.26,20.3,270.59
2025-06-02 12:00:00+00:00,20.31,20.66,20.31,20.66,189.88
2025-06-02 16:00:00+00:00,20.54,20.73,20.54,20.73,8.3
2025-06-02 20:00:00+00:00,20.63,21.28,20.62,21.18,277.09
2025-06-03 00:00:00+00:00,21.12,21.66,21.12,21.35,434.44
2025-06-03 04:00:00+00:00,21.28,21.43,21.16,21.41,111.44
2025-06-03 08:00:00+00:00,21.18,21.22,21.16,21.21,16.58
2025-06-03 12:00:00+00:00,21.23,21.55,21.17,21.55,30.17
2025-06-03 16:00:00+00:00,21.4,21.53,21.3,21.53,219.83
2025-06-03 20:00:00+00:00,21.43,21.43,20.91,21.08,124.97
2025-06-04 00:00:00+00:00,21.2,21.61,21.08,21.51,71.16
2025-06-04 04:00:00+00:00,21.36,21.55,21.32,21.55,17.02
2025-06-04 08:00:00+00:00,21.46,21.46,21.06,21.08,98.99
2025-06-04 12:00:00+00:00,21.04,21.12,20.77,21.12,56.8
2025-06-04 16:00:00+00:00,21.05,21.07,20.7,20.7,62.42
2025-06-04 20:00:00+00:00,20.65,20.65,20.1,20.1,423.62
2025-06-05 00:00:00+00:00,20.15,20.19,19.99,20.11,42.52
2025-06-05 04:00:00+00:00,20.23,20.31,20.11,20.28,74.97
2025-06-05 08:00:00+00:00,20.28,20.35,20.05,20.15,73.41
2025-06-05 12:00:00+00:00,20.13,20.49,19.83,20.06,121.23
2025-06-05 16:00:00+00:00,19.96,19.96,19.2,19.29,975.21
2025-06-05 20:00:00+00:00,19.29,19.31,18.46,18.82,613.06
2025-06-06 00:00:00+00:00,18.74,19.15,18.66,19.15,45.23
2025-06-06 04:00:00+00:00,19.16,19.49,19.16,19.38,94.67
2025-06-06 08:00:00+00:00,19.44,19.44,19.41,19.41,18.68
2025-06-06 12:00:00+00:00,19.38,19.93,19.37,19.68,1253.05
2025-06-06 16:00:00+00:00,19.73,19.73,19.46,19.46,9.08
2025-06-06 20:00:00+00:00,19.43,19.75,19.43,19.63,37.87
2025-06-07 00:00:00+00:00,19.61,20.11,19.61,20.03,115.87
2025-06-07 04:00:00+00:00,20.08,20.65,20.05,20.64,173.8
2025-06-07 08:00:00+00:00,20.67,21.08,20.62,20.97,73.5
2025-06-07 12:00:00+00:00,20.9,20.99,20.77,20.88,24.82
2025-06-07 16:00:00+00:00,20.76,20.85,20.73,20.85,33.08
2025-06-07 20:00:00+00:00,20.87,20.89,20.75,20.75,377.02
2025-06-08 00:00:00+00:00,20.64,20.64,20.35,20.35,142.47
2025-06-08 04:00:00+00:00,20.37,20.37,20.29,20.33,12.45
2025-06-08 08:00:00+00:00,20.6,20.64,20.18,20.47,26.45
2025-06-08 12:00:00+00:00,20.64,20.79,20.52,20.7,59.27
2025-06-08 16:00:00+00:00,20.79,21.33,20.79,21.19,226.42
2025-06-08 20:00:00+00:00,21.33,21.48,21.03,21.03,124.52
2025-06-09 00:00:00+00:00,21.07,21.07,20.64,20.78,53.96
2025-06-09 04:00:00+00:00,20.67,20.67,20.26,20.31,117.25
2025-06-09 08:00:00+00:00,20.25,20.87,20.24,20.76,38.3
2025-06-09 12:00:00+00:00,20.86,21.06,20.67,21.06,62.58
2025-06-09 16:00:00+00:00,21.03,21.4,21.03,21.22,95.48
2025-06-09 20:00:00+00:00,21.31,21.98,21.31,21.87,311.22
2025-06-10 00:00:00+00:00,21.92,22.15,21.73,21.8,556.92
2025-06-10 04:00:00+00:00,21.78,21.81,21.54,21.71,96.41
2025-06-10 08:00:00+00:00,21.56,22.29,21.52,22.18,158.88
2025-06-10 12:00:00+00:00,22.27,22.44,21.59,21.91,240.57
2025-06-10 16:00:00+00:00,21.92,22.43,21.8,22.27,149.48
2025-06-10 20:00:00+00:00,22.23,22.57,22.06,22.53,327.04
2025-06-11 00:00:00+00:00,22.57,22.61,22.06,22.34,278.91
2025-06-11 04:00:00+00:00,22.21,22.45,22.21,22.45,16.35
2025-06-11 08:00:00+00:00,22.27,22.27,21.91,21.91,136.11
2025-06-11 12:00:00+00:00,22.04,22.72,22.04,22.55,239.61
2025-06-11 16:00:00+00:00,22.55,22.55,21.68,21.73,355.15
2025-06-11 20:00:00+00:00,21.68,21.91,21.34,21.61,586.02
2025-06-12 00:00:00+00:00,21.55,21.58,21.18,21.26,142.63
2025-06-12 04:00:00+00:00,21.18,21.23,20.99,20.99,206.15
2025-06-12 08:00:00+00:00,20.97,21.12,20.8,20.82,116.92
2025-06-12 12:00:00+00:00,20.82,21.28,20.77,20.95,50.79
2025-06-12 16:00:00+00:00,21.13,21.21,20.52,20.58,261.78
2025-06-12 20:00:00+00:00,20.57,20.64,20.18,20.34,139.85
2025-06-13 00:00:00+00:00,20.14,20.14,18.52,19.17,1939.1
2025-06-13 04:00:00+00:00,18.85,19.01,18.85,19.01,20.73
2025-06-13 08:00:00+00:00,19.19,19.37,19.09,19.09,20.43
2025-06-13 12:00:00+00:00,19.31,19.37,18.91,19.33,154.6
2025-06-13 16:00:00+00:00,19.41,19.54,18.95,19.12,140.91
2025-06-13 20:00:00+00:00,19.15,19.43,19.15,19.39,34.99
2025-06-14 00:00:00+00:00,19.33,19.38,19.15,19.15,69.51
2025-06-14 04:00:00+00:00,19.39,19.39,19.12,19.12,20.16
2025-06-14 08:00:00+00:00,19.17,19.18,19.07,19.07,24.61
2025-06-14 12:00:00+00:00,19.08,19.11,18.91,18.95,201.07
2025-06-14 16:00:00+00:00,19.05,19.05,18.75,18.94,201.06
2025-06-14 20:00:00+00:00,18.91,19.05,18.79,18.99,48.16
2025-06-15 00:00:00+00:00,18.97,19.06,18.94,19.0,6.99
2025-06-15 04:00:00+00:00,19.12,19.22,18.99,18.99,11.54
2025-06-15 08:00:00+00:00,18.87,18.99,18.77,18.99,35.63
2025-06-15 12:00:00+00:00,19.03,19.22,18.95,19.2,26.25
2025-06-15 16:00:00+00:00,19.08,19.19,19.08,19.13,42.59
2025-06-15 20:00:00+00:00,18.99,19.15,18.77,19.14,76.12
2025-06-16 00:00:00+00:00,19.1,19.45,19.08,19.23,63.14
2025-06-16 04:00:00+00:00,19.28,19.8,19.28,19.75,799.41
2025-06-16 08:00:00+00:00,19.7,19.73,19.46,19.48,62.73
2025-06-16 12:00:00+00:00,19.55,19.92,19.52,19.68,185.56
2025-06-16 16:00:00+00:00,19.86,19.92,19.68,19.74,147.4
2025-06-16 20:00:00+00:00,19.7,19.94,19.01,19.01,430.67
2025-06-17 00:00:00+00:00,19.0,19.45,18.74,19.35,139.07
2025-06-17 04:00:00+00:00,19.23,19.23,19.1,19.13,4.99
2025-06-17 08:00:00+00:00,19.02,19.02,18.89,18.91,137.44
2025-06-17 12:00:00+00:00,18.94,18.95,18.56,18.58,88.64
2025-06-17 16:00:00+00:00,18.54,18.93,18.17,18.93,200.9
2025-06-17 20:00:00+00:00,18.85,18.85,18.38,18.64,272.6
2025-06-18 00:00:00+00:00,18.61,18.83,18.59,18.64,32.51
2025-06-18 04:00:00+00:00,18.84,18.86,18.82,18.82,24.85
2025-06-18 08:00:00+00:00,18.64,18.66,18.33,18.36,47.4
2025-06-18 12:00:00+00:00,18.41,18.56,18.08,18.53,50.33
2025-06-18 16:00:00+00:00,18.17,18.44,18.13,18.3,92.37
2025-06-18 20:00:00+00:00,18.22,18.61,18.13,18.13,23.36
2025-06-19 00:00:00+00:00,18.14,18.27,18.0,18.11,224.69
2025-06-19 04:00:00+00:00,17.96,18.15,17.88,17.97,122.53
2025-06-19 08:00:00+00:00,17.93,17.93,17.93,17.93,0.23
2025-06-19 12:00:00+00:00,17.98,18.78,17.69,17.77,666.36
2025-06-19 16:00:00+00:00,17.85,17.99,17.73,17.99,369.15
2025-06-19 20:00:00+00:00,18.04,18.15,18.04,18.06,220.93
2025-06-20 00:00:00+00:00,18.07,18.17,18.02,18.02,152.29
2025-06-20 04:00:00+00:00,17.85,18.39,17.85,18.28,60.91
2025-06-20 08:00:00+00:00,18.42,18.42,18.24,18.3,6.94
2025-06-20 12:00:00+00:00,18.27,18.27,17.79,17.91,36.58
2025-06-20 16:00:00+00:00,17.75,17.75,16.96,17.32,585.69
2025-06-20 20:00:00+00:00,17.48,17.65,17.23,17.29,85.89
2025-06-21 00:00:00+00:00,17.48,17.52,17.47,17.49,23.91
2025-06-21 04:00:00+00:00,17.59,17.59,17.55,17.57,29.86
2025-06-21 08:00:00+00:00,17.55,17.59,17.51,17.55,114.83
2025-06-21 12:00:00+00:00,17.49,17.49,17.02,17.15,281.88
2025-06-21 16:00:00+00:00,17.11,17.12,16.79,16.79,1213.0
2025-06-21 20:00:00+00:00,16.82,17.05,16.36,16.78,632.63
2025-06-22 00:00:00+00:00,16.79,17.09,16.61,16.65,89.43
2025-06-22 04:00:00+00:00,16.9,16.99,16.85,16.99,52.14
2025-06-22 08:00:00+00:00,16.67,16.67,16.55,16.62,289.27
2025-06-22 12:00:00+00:00,16.54,16.54,16.0,16.02,1205.29
2025-06-22 16:00:00+00:00,16.07,16.32,15.97,16.0,4467.43
2025-06-22 20:00:00+00:00,15.95,16.49,15.72,16.49,253.9
2025-06-23 00:00:00+00:00,16.53,16.72,16.52,16.52,96.79
2025-06-23 04:00:00+00:00,16.61,17.04,16.61,16.93,550.29
2025-06-23 08:00:00+00:00,17.05,17.13,16.81,16.81,215.82
2025-06-23 12:00:00+00:00,16.93,17.23,16.73,16.73,246.95
2025-06-23 16:00:00+00:00,16.72,17.29,16.25,17.26,381.2
2025-06-23 20:00:00+00:00,17.36,18.19,17.36,17.98,2768.16
2025-06-24 00:00:00+00:00,18.12,18.2,17.95,18.05,52.61
2025-06-24 04:00:00+00:00,18.03,18.44,17.99,18.08,43.82
2025-06-24 08:00:00+00:00,18.01,18.2,17.9,17.98,35.56
2025-06-24 12:00:00+00:00,18.02,18.2,18.0,18.07,30.38
2025-06-24 16:00:00+00:00,18.16,18.37,17.95,17.95,319.06
2025-06-24 20:00:00+00:00,17.98,18.2,17.98,18.2,59.76
2025-06-25 00:00:00+00:00,18.24,18.33,18.11,18.22,26.65
2025-06-25 04:00:00+00:00,18.01,18.12,18.0,18.12,39.08
2025-06-25 08:00:00+00:00,17.94,17.94,17.77,17.82,62.12
2025-06-25 12:00:00+00:00,17.89,18.11,17.58,17.58,162.1
2025-06-25 16:00:00+00:00,17.56,17.67,17.55,17.67,18.61
2025-06-25 20:00:00+00:00,17.73,17.73,17.45,17.45,18.58
2025-06-26 00:00:00+00:00,17.55,17.96,17.49,17.73,36.93
2025-06-26 04:00:00+00:00,17.63,17.63,17.55,17.62,10.18
2025-06-26 08:00:00+00:00,17.54,17.54,17.43,17.44,12.97
2025-06-26 12:00:00+00:00,17.38,17.38,17.11,17.11,115.37
2025-06-26 16:00:00+00:00,17.23,17.36,17.19,17.36,43.57
2025-06-26 20:00:00+00:00,17.38,17.56,17.19,17.22,17.01
2025-06-27 00:00:00+00:00,17.21,17.53,17.04,17.53,83.34
2025-06-27 04:00:00+00:00,17.51,17.56,17.37,17.37,113.63
2025-06-27 08:00:00+00:00,17.52,17.54,17.49,17.49,15.29
2025-06-27 12:00:00+00:00,17.48,17.48,17.36,17.41,144.29
2025-06-27 16:00:00+00:00,17.55,17.75,17.17,17.17,73.83
2025-06-27 20:00:00+00:00,17.3,17.61,17.3,17.61,93.32
2025-06-28 00:00:00+00:00,17.59,17.64,17.52,17.6,10.07
2025-06-28 04:00:00+00:00,17.6,17.64,17.54,17.64,12.4
2025-06-28 08:00:00+00:00,17.65,17.71,17.59,17.66,41.39
2025-06-28 12:00:00+00:00,17.6,17.75,17.6,17.75,14.47
2025-06-28 16:00:00+00:00,17.76,18.04,17.76,17.97,61.28
2025-06-28 20:00:00+00:00,17.94,18.01,17.91,18.01,20.39
2025-06-29 00:00:00+00:00,17.96,17.96,17.84,17.85,46.13
2025-06-29 04:00:00+00:00,17.87,17.92,17.87,17.91,14.75
2025-06-29 08:00:00+00:00,18.01,18.11,18.01,18.11,9.73
2025-06-29 12:00:00+00:00,18.02,18.03,17.84,17.84,14.15
2025-06-29 16:00:00+00:00,17.88,18.07,17.88,18.05,25.86
2025-06-29 20:00:00+00:00,18.02,18.88,18.02,18.75,675.09
2025-06-30 00:00:00+00:00,18.78,18.84,18.31,18.31,395.45
2025-06-30 04:00:00+00:00,18.31,18.35,18.06,18.12,1492.09
2025-06-30 08:00:00+00:00,18.22,18.23,18.11,18.11,26.26
2025-06-30 12:00:00+00:00,18.01,18.08,17.74,18.08,295.86
2025-06-30 16:00:00+00:00,18.05,18.24,17.93,18.24,366.25
2025-06-30 20:00:00+00:00,18.19,18.24,17.92,17.95,119.75
2025-07-01 00:00:00+00:00,17.94,17.98,17.76,17.85,132.41
2025-07-01 04:00:00+00:00,17.73,17.73,17.45,17.51,92.47
2025-07-01 08:00:00+00:00,17.64,17.64,17.49,17.49,9.24
2025-07-01 12:00:00+00:00,17.43,17.46,17.22,17.22,90.1
2025-07-01 16:00:00+00:00,17.33,17.46,17.07,17.19,311.16
2025-07-01 20:00:00+00:00,17.05,17.13,16.99,17.11,267.62
2025-07-02 00:00:00+00:00,17.1,17.3,16.99,17.3,26.34
2025-07-02 04:00:00+00:00,17.36,17.6,17.36,17.58,97.08
2025-07-02 08:00:00+00:00,17.57,17.67,17.54,17.67,188.75
2025-07-02 12:00:00+00:00,17.55,18.01,17.55,18.01,176.24
2025-07-02 16:00:00+00:00,18.01,18.76,18.01,18.62,463.79
2025-07-02 20:00:00+00:00,18.65,18.76,18.5,18.5,940.02
2025-07-03 00:00:00+00:00,18.6,18.63,18.46,18.61,165.38
2025-07-03 04:00:00+00:00,18.55,19.11,18.55,19.08,531.5
2025-07-03 08:00:00+00:00,19.05,19.05,18.68,18.73,200.61
2025-07-03 12:00:00+00:00,18.72,18.93,18.36,18.36,233.03
2025-07-03 16:00:00+00:00,18.41,18.58,18.4,18.5,100.17
2025-07-03 20:00:00+00:00,18.57,18.65,18.49,18.5,240.87
2025-07-04 00:00:00+00:00,18.57,18.8,18.53,18.78,323.98
2025-07-04 04:00:00+00:00,18.7,18.7,18.13,18.13,164.45
2025-07-04 08:00:00+00:00,18.1,18.16,17.97,18.1,44.11
2025-07-04 12:00:00+00:00,18.17,18.17,17.7,17.72,1912.08
2025-07-04 16:00:00+00:00,17.69,17.9,17.52,17.7,980.91
2025-07-04 20:00:00+00:00,17.7,17.84,17.66,17.84,50.1
2025-07-05 00:00:00+00:00,17.8,17.86,17.68,17.81,77.99
2025-07-05 04:00:00+00:00,17.83,17.9,17.77,17.9,154.29
2025-07-05 08:00:00+00:00,17.82,17.9,17.8,17.9,54.83
2025-07-05 12:00:00+00:00,17.85,17.9,17.85,17.88,16.74
2025-07-05 16:00:00+00:00,17.81,17.81,17.64,17.72,23.46
2025-07-05 20:00:00+00:00,17.79,17.93,17.76,17.92,106.51
2025-07-06 00:00:00+00:00,17.81,17.81,17.81,17.81,14.3
2025-07-06 04:00:00+00:00,17.84,17.84,17.84,17.84,5.6
2025-07-06 08:00:00+00:00,17.79,17.8,17.79,17.8,12.41
2025-07-06 12:00:00+00:00,17.96,18.27,17.96,18.14,1737.53
2025-07-06 16:00:00+00:00,18.23,18.28,18.12,18.17,2.98
2025-07-06 20:00:00+00:00,18.26,18.6,18.17,18.32,270.04
2025-07-07 00:00:00+00:00,18.26,18.49,18.22,18.49,253.09
2025-07-07 04:00:00+00:00,18.36,18.36,18.13,18.2,34.8
2025-07-07 08:00:00+00:00,18.29,18.29,18.17,18.17,52.4
2025-07-07 12:00:00+00:00,18.1,18.22,17.97,18.02,174.04
2025-07-07 16:00:00+00:00,18.02,18.08,17.85,18.05,270.2
2025-07-07 20:00:00+00:00,17.92,17.95,17.8,17.9,69.57
2025-07-08 00:00:00+00:00,18.05,18.05,17.77,17.82,67.86
2025-07-08 04:00:00+00:00,17.75,17.89,17.71,17.77,106.25
2025-07-08 08:00:00+00:00,17.92,18.27,17.84,18.17,95.92
2025-07-08 12:00:00+00:00,18.16,18.21,18.0,18.0,104.52
2025-07-08 16:00:00+00:00,18.0,18.46,17.94,18.35,125.9
2025-07-08 20:00:00+00:00,18.34,18.4,18.3,18.3,81.6
2025-07-09 00:00:00+00:00,18.35,18.35,18.1,18.23,14.19
2025-07-09 04:00:00+00:00,18.13,18.51,18.13,18.4,66.23
2025-07-09 08:00:00+00:00,18.43,18.51,18.33,18.51,33.61
2025-07-09 12:00:00+00:00,18.54,18.7,18.41,18.52,345.89
2025-07-09 16:00:00+00:00,18.52,19.14,18.5,19.1,153.27
2025-07-09 20:00:00+00:00,19.15,19.62,18.98,19.5,589.67
2025-07-10 00:00:00+00:00,19.55,19.59,19.39,19.51,271.64
2025-07-10 04:00:00+00:00,19.44,19.51,19.41,19.51,32.05
2025-07-10 08:00:00+00:00,19.58,19.58,19.51,19.56,4.04
2025-07-10 12:00:00+00:00,19.56,19.67,19.42,19.48,52.04
2025-07-10 16:00:00+00:00,19.6,19.95,19.6,19.78,486.0
2025-07-10 20:00:00+00:00,19.89,20.79,19.89,20.62,819.22
2025-07-11 00:00:00+00:00,20.72,20.89,20.52,20.87,124.54
2025-07-11 04:00:00+00:00,20.9,21.21,20.77,20.88,471.69
2025-07-11 08:00:00+00:00,20.88,21.16,20.88,21.0,34.97
2025-07-11 12:00:00+00:00,21.05,21.49,20.9,20.9,1173.63
2025-07-11 16:00:00+00:00,20.95,21.38,20.84,21.3,136.92
2025-07-11 20:00:00+00:00,21.29,21.29,20.35,20.64,391.27
2025-07-12 00:00:00+00:00,20.63,21.01,20.4,20.79,77.49
2025-07-12 04:00:00+00:00,20.79,20.89,20.36,20.89,467.06
2025-07-12 08:00:00+00:00,20.89,21.05,20.75,20.98,326.53
2025-07-12 12:00:00+00:00,20.85,20.92,20.19,20.19,200.11
2025-07-12 16:00:00+00:00,20.4,20.83,20.4,20.76,198.11
2025-07-12 20:00:00+00:00,20.64,20.83,20.39,20.64,2060.79
2025-07-13 00:00:00+00:00,20.78,21.16,20.75,21.12,511.09
2025-07-13 04:00:00+00:00,21.05,21.28,20.98,21.28,75.99
2025-07-13 08:00:00+00:00,21.31,21.36,21.12,21.19,76.09
2025-07-13 12:00:00+00:00,21.17,21.63,21.17,21.23,232.0
2025-07-13 16:00:00+00:00,21.34,21.76,21.11,21.56,667.77
2025-07-13 20:00:00+00:00,21.52,21.56,21.0,21.19,166.62
2025-07-14 00:00:00+00:00,21.24,22.01,21.23,21.8,1040.16
2025-07-14 04:00:00+00:00,21.79,22.08,21.59,21.93,466.8
2025-07-14 08:00:00+00:00,21.68,21.85,21.65,21.74,47.53
2025-07-14 12:00:00+00:00,21.68,21.95,21.33,21.46,549.67
2025-07-14 16:00:00+00:00,21.41,21.61,21.02,21.19,571.64
2025-07-14 20:00:00+00:00,21.12,21.39,21.07,21.26,175.36
2025-07-15 00:00:00+00:00,21.25,21.25,20.5,20.56,563.73
2025-07-15 04:00:00+00:00,20.57,20.88,20.55,20.88,2258.3
2025-07-15 08:00:00+00:00,20.69,21.47,20.67,20.98,142.44
2025-07-15 12:00:00+00:00,21.12,21.28,20.74,21.24,110.0
2025-07-15 16:00:00+00:00,21.28,21.85,21.19,21.19,720.42
2025-07-15 20:00:00+00:00,21.43,22.54,21.43,22.54,553.6
2025-07-16 00:00:00+00:00,22.49,22.49,21.69,21.75,674.08
2025-07-16 04:00:00+00:00,21.71,22.07,21.67,22.0,277.75
2025-07-16 08:00:00+00:00,22.0,22.1,21.92,21.99,101.69
2025-07-16 12:00:00+00:00,22.03,22.36,21.96,22.04,667.71
2025-07-16 16:00:00+00:00,22.11,23.0,22.11,22.6,981.75
2025-07-16 20:00:00+00:00,22.66,22.99,22.48,22.7,1429.43
2025-07-17 00:00:00+00:00,22.65,22.86,22.04,22.12,166.58
2025-07-17 04:00:00+00:00,22.21,22.76,22.2,22.69,234.53
2025-07-17 08:00:00+00:00,22.76,23.21,22.76,22.92,322.41
2025-07-17 12:00:00+00:00,22.84,23.02,22.46,22.71,704.38
2025-07-17 16:00:00+00:00,22.76,22.92,22.31,22.5,257.99
2025-07-17 20:00:00+00:00,22.38,24.3,22.22,23.83,814.55
2025-07-18 00:00:00+00:00,24.0,24.56,23.7,24.24,414.77
2025-07-18 04:00:00+00:00,24.35,25.0,24.34,24.44,980.69
2025-07-18 08:00:00+00:00,24.43,24.58,24.0,24.11,563.21
2025-07-18 12:00:00+00:00,24.13,24.5,23.59,23.8,216.31
2025-07-18 16:00:00+00:00,23.76,24.01,23.49,23.64,123.22
2025-07-18 20:00:00+00:00,23.46,23.69,23.12,23.5,736.71
2025-07-19 00:00:00+00:00,23.56,23.79,23.02,23.79,272.72
2025-07-19 04:00:00+00:00,23.8,23.99,23.72,23.72,94.7
2025-07-19 08:00:00+00:00,23.62,23.62,23.46,23.61,48.89
2025-07-19 12:00:00+00:00,23.72,23.84,23.33,23.58,122.39
2025-07-19 16:00:00+00:00,23.64,25.15,23.64,24.91,454.98
2025-07-19 20:00:00+00:00,24.87,25.37,24.21,24.52,891.88
2025-07-20 00:00:00+00:00,24.48,24.77,24.38,24.77,112.29
2025-07-20 04:00:00+00:00,24.55,24.84,24.48,24.84,40.83
2025-07-20 08:00:00+00:00,24.82,25.24,24.8,25.16,239.25
2025-07-20 12:00:00+00:00,25.08,25.43,24.92,25.42,429.69
2025-07-20 16:00:00+00:00,25.43,25.54,25.01,25.31,316.52
2025-07-20 20:00:00+00:00,25.24,25.3,24.57,25.12,421.84
2025-07-21 00:00:00+00:00,25.02,25.43,24.67,25.43,368.77
2025-07-21 04:00:00+00:00,25.43,25.83,25.38,25.83,538.01
2025-07-21 08:00:00+00:00,25.76,26.45,25.56,26.11,448.3
2025-07-21 12:00:00+00:00,26.03,26.32,25.7,25.92,411.91
2025-07-21 16:00:00+00:00,25.9,25.9,25.11,25.12,524.02
2025-07-21 20:00:00+00:00,25.24,25.56,25.16,25.56,116.06
2025-07-22 00:00:00+00:00,25.4,26.01,24.88,25.78,438.4
2025-07-22 04:00:00+00:00,25.96,26.04,25.12,25.66,199.37
2025-07-22 08:00:00+00:00,25.51,25.61,24.84,25.61,213.32
2025-07-22 12:00:00+00:00,25.63,25.63,24.92,24.97,121.6
2025-07-22 16:00:00+00:00,24.92,27.0,24.84,24.84,897.65
2025-07-22 20:00:00+00:00,24.92,25.87,24.92,25.87,243.49
2025-07-23 00:00:00+00:00,25.87,26.09,25.51,25.51,292.93
2025-07-23 04:00:00+00:00,25.5,25.75,25.25,25.26,187.75
2025-07-23 08:00:00+00:00,25.4,25.48,24.87,25.02,257.54
2025-07-23 12:00:00+00:00,24.95,25.08,23.67,24.37,829.39
2025-07-23 16:00:00+00:00,24.28,24.28,23.46,23.88,396.15
2025-07-23 20:00:00+00:00,23.85,24.09,23.2,23.96,416.94
2025-07-24 00:00:00+00:00,23.88,24.21,23.88,24.04,148.9
2025-07-24 04:00:00+00:00,23.96,23.99,22.53,23.26,398.29
2025-07-24 08:00:00+00:00,23.3,23.82,23.2,23.82,96.36
2025-07-24 12:00:00+00:00,23.88,24.4,23.51,24.14,1273.34
2025-07-24 16:00:00+00:00,24.16,24.27,23.73,24.01,413.61
2025-07-24 20:00:00+00:00,24.07,24.2,23.62,23.62,152.23
2025-07-25 00:00:00+00:00,23.58,23.65,22.92,23.03,308.08
2025-07-25 04:00:00+00:00,23.13,23.35,22.88,23.01,41.73
2025-07-25 08:00:00+00:00,23.13,23.88,23.13,23.76,81.48
2025-07-25 12:00:00+00:00,23.63,23.8,22.99,23.13,226.07
2025-07-25 16:00:00+00:00,23.26,23.51,23.13,23.5,51.77
2025-07-25 20:00:00+00:00,23.41,24.02,23.38,24.02,100.15
2025-07-26 00:00:00+00:00,23.94,24.14,23.88,24.05,130.68
2025-07-26 04:00:00+00:00,24.06,24.16,24.03,24.16,15.33
2025-07-26 08:00:00+00:00,24.22,24.38,24.16,24.34,57.08
2025-07-26 12:00:00+00:00,24.24,24.91,24.2,24.79,481.27
2025-07-26 16:00:00+00:00,24.66,25.74,24.53,25.41,698.98
2025-07-26 20:00:00+00:00,25.41,25.43,24.91,24.91,211.93
2025-07-27 00:00:00+00:00,24.91,25.06,24.91,24.93,500.85
2025-07-27 04:00:00+00:00,24.99,25.19,24.95,24.95,56.2
2025-07-27 08:00:00+00:00,24.92,25.1,24.78,24.92,81.84
2025-07-27 12:00:00+00:00,24.92,25.09,24.91,25.01,10.56
2025-07-27 16:00:00+00:00,25.06,25.51,25.06,25.44,143.68
2025-07-27 20:00:00+00:00,25.48,26.42,25.42,26.02,470.42
2025-07-28 00:00:00+00:00,26.05,26.26,25.84,26.16,588.31
2025-07-28 04:00:00+00:00,26.11,26.76,26.1,26.54,2507.12
2025-07-28 08:00:00+00:00,26.49,27.31,26.49,27.3,365.28
2025-07-28 12:00:00+00:00,27.3,27.34,25.93,26.15,461.69
2025-07-28 16:00:00+00:00,26.05,26.15,25.39,25.39,298.56
2025-07-28 20:00:00+00:00,25.39,25.46,25.01,25.19,453.04
2025-07-29 00:00:00+00:00,25.2,25.32,24.45,25.06,533.55
2025-07-29 04:00:00+00:00,25.08,25.47,24.92,25.45,550.07
2025-07-29 08:00:00+00:00,25.32,25.32,24.55,24.75,69.03
2025-07-29 12:00:00+00:00,24.7,25.15,24.21,24.4,360.48
2025-07-29 16:00:00+00:00,24.28,24.53,24.06,24.14,215.39
2025-07-29 20:00:00+00:00,24.01,24.4,23.91,24.39,282.82
2025-07-30 00:00:00+00:00,24.27,24.47,24.14,24.28,84.01
2025-07-30 04:00:00+00:00,24.27,24.27,23.94,24.07,8.02
2025-07-30 08:00:00+00:00,23.99,24.06,23.37,23.37,376.27
2025-07-30 12:00:00+00:00,23.37,23.51,23.16,23.24,135.99
2025-07-30 16:00:00+00:00,23.38,23.63,22.48,23.26,228.84
2025-07-30 20:00:00+00:00,23.26,23.43,23.13,23.28,104.04
2025-07-31 00:00:00+00:00,23.28,23.69,23.28,23.69,238.51
2025-07-31 04:00:00+00:00,23.7,24.06,23.7,23.88,146.78
2025-07-31 08:00:00+00:00,23.89,24.09,23.63,23.63,64.77
2025-07-31 12:00:00+00:00,23.62,23.62,22.85,23.11,282.17
2025-07-31 16:00:00+00:00,23.04,23.46,22.79,22.8,1192.01
2025-07-31 20:00:00+00:00,22.78,22.92,22.43,22.46,192.43
2025-08-01 00:00:00+00:00,22.46,22.53,21.84,22.41,667.26
2025-08-01 04:00:00+00:00,22.43,22.43,21.8,22.05,179.92
2025-08-01 08:00:00+00:00,21.94,22.05,21.69,22.05,97.59
2025-08-01 12:00:00+00:00,22.17,22.34,21.66,22.19,218.72
2025-08-01 16:00:00+00:00,22.21,22.21,21.51,22.01,312.0
2025-08-01 20:00:00+00:00,21.62,21.91,21.08,21.57,317.99
2025-08-02 00:00:00+00:00,21.64,21.72,21.64,21.7,14.4
2025-08-02 04:00:00+00:00,21.71,21.71,21.22,21.67,3.11
2025-08-02 08:00:00+00:00,21.68,21.7,21.3,21.41,57.43
2025-08-02 12:00:00+00:00,21.47,21.56,21.19,21.19,85.04
2025-08-02 16:00:00+00:00,21.18,21.3,20.72,21.1,371.22
2025-08-02 20:00:00+00:00,20.93,21.08,20.88,20.88,27.11
2025-08-03 00:00:00+00:00,20.95,21.18,20.12,21.18,769.76
2025-08-03 04:00:00+00:00,21.08,21.22,21.08,21.22,20.03
2025-08-03 08:00:00+00:00,21.23,21.38,21.15,21.38,14.41
2025-08-03 12:00:00+00:00,21.39,21.44,21.27,21.44,38.27
2025-08-03 16:00:00+00:00,21.38,24.92,21.35,21.54,1420.02
2025-08-03 20:00:00+00:00,21.4,21.47,21.31,21.47,228.28
2025-08-04 00:00:00+00:00,21.4,21.92,21.38,21.75,277.65
2025-08-04 04:00:00+00:00,21.85,21.98,21.85,21.98,5.0
2025-08-04 08:00:00+00:00,21.96,22.0,21.76,21.76,122.68
2025-08-04 12:00:00+00:00,21.82,22.58,21.82,22.26,415.0
2025-08-04 16:00:00+00:00,22.59,22.85,22.33,22.33,256.68
2025-08-04 20:00:00+00:00,22.44,23.07,22.44,23.06,92.91
2025-08-05 00:00:00+00:00,23.05,23.05,22.71,22.71,64.62
2025-08-05 04:00:00+00:00,22.79,22.79,22.18,22.26,76.98
2025-08-05 08:00:00+00:00,22.26,22.77,22.26,22.71,27.72
2025-08-05 12:00:00+00:00,22.59,22.59,21.68,21.68,273.84
2025-08-05 16:00:00+00:00,21.89,21.92,21.66,21.66,215.63
2025-08-05 20:00:00+00:00,21.77,21.92,21.42,21.92,103.23
2025-08-06 00:00:00+00:00,21.93,21.93,21.6,21.72,83.0
2025-08-06 04:00:00+00:00,21.79,22.28,21.79,22.23,203.93
2025-08-06 08:00:00+00:00,22.15,22.19,21.96,21.96,88.46
2025-08-06 12:00:00+00:00,21.96,22.34,21.82,22.34,98.08
2025-08-06 16:00:00+00:00,22.34,22.36,22.06,22.19,19.98
2025-08-06 20:00:00+00:00,22.25,22.26,22.14,22.25,7.59
2025-08-07 00:00:00+00:00,22.16,22.25,22.06,22.07,70.65
2025-08-07 04:00:00+00:00,22.04,22.28,22.04,22.24,33.74
2025-08-07 08:00:00+00:00,22.32,22.86,22.25,22.78,177.02
2025-08-07 12:00:00+00:00,22.81,22.83,22.53,22.64,114.71
2025-08-07 16:00:00+00:00,22.68,22.86,22.22,22.86,124.57
2025-08-07 20:00:00+00:00,22.86,23.3,22.86,23.28,1235.73
2025-08-08 00:00:00+00:00,23.34,23.61,23.02,23.28,498.71
2025-08-08 04:00:00+00:00,23.16,23.54,23.08,23.44,65.91
2025-08-08 08:00:00+00:00,23.52,23.56,23.34,23.45,104.02
2025-08-08 12:00:00+00:00,23.39,23.91,23.1,23.1,573.79
2025-08-08 16:00:00+00:00,23.26,23.82,23.21,23.76,387.78
2025-08-08 20:00:00+00:00,23.8,23.86,23.67,23.77,306.43
2025-08-09 00:00:00+00:00,23.77,24.16,23.77,23.98,282.9
2025-08-09 04:00:00+00:00,23.99,24.65,23.99,24.35,363.33
2025-08-09 08:00:00+00:00,24.43,24.73,24.4,24.56,128.31
2025-08-09 12:00:00+00:00,24.75,24.82,24.08,24.16,234.15
2025-08-09 16:00:00+00:00,24.22,24.56,24.2,24.48,153.64
2025-08-09 20:00:00+00:00,24.5,24.78,24.18,24.21,509.12
2025-08-10 00:00:00+00:00,24.25,24.47,24.08,24.37,1063.99
2025-08-10 04:00:00+00:00,24.37,24.52,23.49,23.49,447.86
2025-08-10 08:00:00+00:00,23.46,23.66,23.3,23.52,44.41
2025-08-10 12:00:00+00:00,23.52,24.05,23.51,24.05,440.69
2025-08-10 16:00:00+00:00,24.02,24.02,23.79,23.92,291.87
2025-08-10 20:00:00+00:00,23.89,23.89,23.62,23.89,137.37
2025-08-11 00:00:00+00:00,23.74,24.45,23.68,24.35,258.13
2025-08-11 04:00:00+00:00,24.47,24.6,22.0,24.08,2011.89
2025-08-11 08:00:00+00:00,24.09,24.28,23.3,23.42,295.45
2025-08-11 12:00:00+00:00,23.35,23.72,23.12,23.66,658.84
2025-08-11 16:00:00+00:00,23.73,24.01,23.16,23.16,129.44
2025-08-11 20:00:00+00:00,23.17,23.19,22.69,22.88,353.13
2025-08-12 00:00:00+00:00,22.9,23.22,22.9,23.05,306.13
2025-08-12 04:00:00+00:00,23.0,23.21,22.86,23.0,5.34
2025-08-12 08:00:00+00:00,23.13,23.13,22.8,22.8,168.55
2025-08-12 12:00:00+00:00,23.0,24.22,22.93,24.22,344.69
2025-08-12 16:00:00+00:00,24.22,24.6,24.19,24.6,528.99
2025-08-12 20:00:00+00:00,24.62,24.88,24.59,24.73,342.17
2025-08-13 00:00:00+00:00,24.71,25.02,24.37,25.02,238.1
2025-08-13 04:00:00+00:00,25.03,25.13,24.45,24.72,211.64
2025-08-13 08:00:00+00:00,24.76,25.4,24.76,25.11,219.13
2025-08-13 12:00:00+00:00,25.1,25.42,24.79,25.1,920.86
2025-08-13 16:00:00+00:00,25.2,25.37,25.05,25.37,335.92
2025-08-13 20:00:00+00:00,25.25,25.67,25.25,25.5,429.69
2025-08-14 00:00:00+00:00,25.48,25.99,25.29,25.97,514.17
2025-08-14 04:00:00+00:00,25.79,25.89,25.14,25.24,206.3
2025-08-14 08:00:00+00:00,25.14,25.2,24.75,25.01,352.2
2025-08-14 12:00:00+00:00,25.06,25.13,23.31,24.04,2010.96
2025-08-14 16:00:00+00:00,23.87,23.89,23.46,23.66,396.0
2025-08-14 20:00:00+00:00,23.52,23.66,23.23,23.66,155.86
2025-08-15 00:00:00+00:00,23.73,24.8,23.73,24.8,685.62
2025-08-15 04:00:00+00:00,24.84,25.61,24.63,25.45,548.07
2025-08-15 08:00:00+00:00,25.28,25.36,24.61,24.62,189.79
2025-08-15 12:00:00+00:00,24.59,24.64,23.62,23.63,455.79
2025-08-15 16:00:00+00:00,23.61,24.21,23.52,23.75,319.95
2025-08-15 20:00:00+00:00,23.56,24.12,23.51,23.63,141.25
2025-08-16 00:00:00+00:00,23.8,24.08,23.8,23.94,92.1
2025-08-16 04:00:00+00:00,23.87,23.97,23.66,23.97,12.14
2025-08-16 08:00:00+00:00,24.01,24.04,23.62,23.66,74.27
2025-08-16 12:00:00+00:00,23.76,24.22,23.76,24.22,2411.45
2025-08-16 16:00:00+00:00,24.27,24.3,23.94,24.17,61.83
2025-08-16 20:00:00+00:00,24.19,24.32,24.18,24.32,41.84
2025-08-17 00:00:00+00:00,24.21,24.42,24.03,24.41,237.78
2025-08-17 04:00:00+00:00,24.47,24.73,24.47,24.48,265.53
2025-08-17 08:00:00+00:00,24.55,24.91,24.55,24.82,127.86
2025-08-17 12:00:00+00:00,24.65,25.4,24.65,25.4,904.98
2025-08-17 16:00:00+00:00,25.4,25.65,24.95,25.06,276.37
2025-08-17 20:00:00+00:00,25.07,25.25,25.0,25.06,154.89
2025-08-18 00:00:00+00:00,25.03,25.27,23.73,23.94,1081.29
2025-08-18 04:00:00+00:00,23.89,24.09,23.45,23.56,228.64
2025-08-18 08:00:00+00:00,23.54,23.86,23.39,23.66,103.38
2025-08-18 12:00:00+00:00,23.63,24.12,23.42,23.7,113.87
2025-08-18 16:00:00+00:00,23.77,23.94,23.44,23.81,229.62
2025-08-18 20:00:00+00:00,23.77,24.1,23.59,23.66,98.17
2025-08-19 00:00:00+00:00,23.67,24.02,23.13,23.13,609.27
2025-08-19 04:00:00+00:00,23.09,23.26,22.98,23.04,249.72
2025-08-19 08:00:00+00:00,22.98,23.34,22.87,23.34,883.69
2025-08-19 12:00:00+00:00,23.27,23.43,22.68,22.79,302.26
2025-08-19 16:00:00+00:00,22.81,22.84,22.46,22.61,821.95
2025-08-19 20:00:00+00:00,22.46,22.7,22.34,22.34,97.22
2025-08-20 00:00:00+00:00,22.49,22.8,22.28,22.8,349.52
2025-08-20 04:00:00+00:00,22.85,22.97,22.78,22.83,92.68
2025-08-20 08:00:00+00:00,22.9,23.03,22.58,22.73,165.43
2025-08-20 12:00:00+00:00,22.86,23.33,22.43,23.13,135.27
2025-08-20 16:00:00+00:00,23.18,23.48,23.0,23.48,778.01
2025-08-20 20:00:00+00:00,23.43,23.57,23.43,23.48,192.95
2025-08-21 00:00:00+00:00,23.43,23.58,23.18,23.42,138.17
2025-08-21 04:00:00+00:00,23.39,23.54,23.23,23.39,397.37
2025-08-21 08:00:00+00:00,23.26,23.26,23.01,23.11,70.67
2025-08-21 12:00:00+00:00,23.14,23.39,22.95,22.95,124.69
2025-08-21 16:00:00+00:00,22.92,23.05,22.76,22.82,233.05
2025-08-21 20:00:00+00:00,22.87,23.03,22.74,22.74,282.39
2025-08-22 00:00:00+00:00,22.87,23.2,22.73,22.84,177.27
2025-08-22 04:00:00+00:00,23.0,23.09,22.84,23.09,34.42
2025-08-22 08:00:00+00:00,23.13,23.14,22.6,22.68,135.74
2025-08-22 12:00:00+00:00,22.6,24.49,22.28,24.33,1060.69
2025-08-22 16:00:00+00:00,24.29,25.2,24.29,25.12,3492.47
2025-08-22 20:00:00+00:00,25.13,25.38,25.1,25.26,475.42
2025-08-23 00:00:00+00:00,25.21,25.26,24.54,24.86,400.51
2025-08-23 04:00:00+00:00,25.02,25.56,25.01,25.32,237.39
2025-08-23 08:00:00+00:00,25.26,26.01,25.23,25.86,474.38
2025-08-23 12:00:00+00:00,25.95,26.74,25.63,25.63,2726.83
2025-08-23 16:00:00+00:00,25.63,25.98,25.39,25.93,1090.36
2025-08-23 20:00:00+00:00,26.0,26.31,25.78,26.26,862.12
2025-08-24 00:00:00+00:00,26.3,26.3,25.9,26.0,838.2
2025-08-24 04:00:00+00:00,26.0,26.0,25.48,25.48,74.65
2025-08-24 08:00:00+00:00,25.46,25.53,24.96,25.05,276.24
2025-08-24 12:00:00+00:00,25.02,25.87,25.01,25.5,743.53
2025-08-24 16:00:00+00:00,25.52,26.55,25.28,25.75,1092.56
2025-08-24 20:00:00+00:00,25.83,25.87,25.2,25.75,1690.31
2025-08-25 00:00:00+00:00,25.76,25.93,25.19,25.63,456.32
2025-08-25 04:00:00+00:00,25.48,25.48,24.21,24.24,319.27
2025-08-25 08:00:00+00:00,24.3,24.37,24.04,24.22,215.4
2025-08-25 12:00:00+00:00,24.28,24.54,24.1,24.16,163.18
2025-08-25 16:00:00+00:00,24.1,24.28,23.56,23.56,288.88
2025-08-25 20:00:00+00:00,23.63,23.63,23.08,23.36,471.75
2025-08-26 00:00:00+00:00,23.26,23.6,23.13,23.35,211.87
2025-08-26 04:00:00+00:00,23.35,23.52,23.16,23.39,85.46
2025-08-26 08:00:00+00:00,23.31,23.52,23.21,23.28,26.28
2025-08-26 12:00:00+00:00,23.52,23.9,23.2,23.6,136.92
2025-08-26 16:00:00+00:00,23.77,24.27,23.75,24.27,178.72
2025-08-26 20:00:00+00:00,24.27,24.63,24.08,24.18,480.45
2025-08-27 00:00:00+00:00,24.14,24.49,23.88,24.49,136.6
2025-08-27 04:00:00+00:00,24.4,24.62,24.19,24.31,161.3
2025-08-27 08:00:00+00:00,24.36,24.52,24.36,24.38,9.93
2025-08-27 12:00:00+00:00,24.5,25.29,24.5,24.98,769.65
2025-08-27 16:00:00+00:00,25.06,25.19,24.59,24.7,364.53
2025-08-27 20:00:00+00:00,24.64,25.04,24.39,24.57,239.56
2025-08-28 00:00:00+00:00,24.45,24.71,24.26,24.71,91.3
2025-08-28 04:00:00+00:00,24.67,24.86,24.56,24.56,69.73
2025-08-28 08:00:00+00:00,24.78,24.92,24.42,24.48,55.85
2025-08-28 12:00:00+00:00,24.51,25.04,24.45,24.56,293.96
2025-08-28 16:00:00+00:00,24.64,24.66,24.19,24.19,204.56
2025-08-28 20:00:00+00:00,24.24,24.91,24.24,24.91,37.38
2025-08-29 00:00:00+00:00,24.92,25.13,24.78,25.09,609.21
2025-08-29 04:00:00+00:00,25.13,25.14,24.1,24.1,1141.57
2025-08-29 08:00:00+00:00,24.19,24.19,23.6,23.76,345.16
2025-08-29 12:00:00+00:00,23.74,24.41,23.45,23.51,555.15
2025-08-29 16:00:00+00:00,23.51,23.55,23.23,23.52,127.89
2025-08-29 20:00:00+00:00,23.49,23.61,23.25,23.59,50.58
2025-08-30 00:00:00+00:00,23.52,23.65,23.17,23.53,197.18
2025-08-30 04:00:00+00:00,23.6,23.87,23.6,23.87,51.64
2025-08-30 08:00:00+00:00,23.67,23.67,23.55,23.64,17.89
2025-08-30 12:00:00+00:00,23.74,23.9,23.4,23.9,26.99
2025-08-30 16:00:00+00:00,23.72,23.72,23.66,23.67,31.28
2025-08-30 20:00:00+00:00,23.7,23.83,23.58,23.82,81.94
2025-08-31 00:00:00+00:00,23.79,24.05,23.79,23.99,41.42
2025-08-31 04:00:00+00:00,23.89,23.89,23.85,23.89,1.99
2025-08-31 08:00:00+00:00,23.92,24.16,23.88,23.88,32.96
2025-08-31 12:00:00+00:00,24.09,24.09,23.91,23.97,67.71
2025-08-31 16:00:00+00:00,23.97,24.01,23.84,23.84,81.39
2025-08-31 20:00:00+00:00,23.8,23.94,23.4,23.4,110.02
2025-09-01 00:00:00+00:00,23.39,23.44,23.08,23.08,1068.48
2025-09-01 04:00:00+00:00,23.16,23.77,22.89,23.77,162.43
2025-09-01 08:00:00+00:00,23.79,24.29,23.73,23.77,151.06
2025-09-01 12:00:00+00:00,23.83,23.88,23.62,23.62,46.48
2025-09-01 16:00:00+00:00,23.59,23.82,23.39,23.49,1017.13
2025-09-01 20:00:00+00:00,23.49,23.49,22.67,23.13,705.21
2025-09-02 00:00:00+00:00,23.16,23.73,23.06,23.63,312.96
2025-09-02 04:00:00+00:00,23.65,24.1,23.65,23.82,167.3
2025-09-02 08:00:00+00:00,24.12,24.22,24.0,24.0,99.12
2025-09-02 12:00:00+00:00,23.94,24.18,23.56,23.75,153.66
2025-09-02 16:00:00+00:00,23.69,23.92,23.68,23.77,107.44
2025-09-02 20:00:00+00:00,23.9,24.49,23.9,24.38,199.36
2025-09-03 00:00:00+00:00,24.5,24.66,24.25,24.29,102.6
2025-09-03 04:00:00+00:00,24.4,24.75,24.36,24.75,204.93
2025-09-03 08:00:00+00:00,24.75,25.76,24.75,24.99,506.09
2025-09-03 12:00:00+00:00,25.03,25.48,24.92,25.48,131.13
2025-09-03 16:00:00+00:00,25.48,25.56,25.18,25.34,165.16
2025-09-03 20:00:00+00:00,25.37,25.38,25.15,25.15,151.84
2025-09-04 00:00:00+00:00,25.23,25.26,25.09,25.14,71.25
2025-09-04 04:00:00+00:00,25.18,25.18,24.68,24.77,93.83
2025-09-04 08:00:00+00:00,24.77,24.85,24.62,24.62,34.57
2025-09-04 12:00:00+00:00,24.59,24.78,24.54,24.78,175.5
2025-09-04 16:00:00+00:00,24.71,24.74,24.22,24.22,195.83
2025-09-04 20:00:00+00:00,24.35,24.5,24.24,24.24,26.76
2025-09-05 00:00:00+00:00,24.22,24.36,23.91,24.36,155.13
2025-09-05 04:00:00+00:00,24.36,24.94,24.25,24.94,431.04
2025-09-05 08:00:00+00:00,24.88,25.2,24.62,24.73,321.9
2025-09-05 12:00:00+00:00,24.74,25.08,24.16,24.36,419.22
2025-09-05 16:00:00+00:00,24.33,24.42,24.33,24.41,5.36
2025-09-05 20:00:00+00:00,24.39,24.55,24.24,24.49,1297.22
2025-09-06 00:00:00+00:00,24.5,24.5,24.36,24.45,574.97
2025-09-06 04:00:00+00:00,24.4,24.4,24.24,24.24,89.58
2025-09-06 08:00:00+00:00,24.22,24.22,24.13,24.16,16.39
2025-09-06 12:00:00+00:00,24.15,24.41,24.15,24.34,8.37
2025-09-06 16:00:00+00:00,24.22,24.59,24.22,24.36,96.07
2025-09-06 20:00:00+00:00,24.37,24.47,24.32,24.38,91.44
2025-09-07 00:00:00+00:00,24.41,24.64,24.41,24.64,22.68
2025-09-07 04:00:00+00:00,24.61,24.66,24.55,24.62,134.33
2025-09-07 08:00:00+00:00,24.61,24.84,24.42,24.49,329.03
2025-09-07 12:00:00+00:00,24.5,24.7,24.46,24.65,27.96
2025-09-07 16:00:00+00:00,24.5,24.56,24.32,24.56,141.62
2025-09-07 20:00:00+00:00,24.55,24.92,24.53,24.67,139.04
2025-09-08 00:00:00+00:00,24.67,24.99,24.53,24.83,101.15
2025-09-08 04:00:00+00:00,24.89,25.01,24.64,25.01,59.23
2025-09-08 08:00:00+00:00,25.03,25.39,25.03,25.12,359.03
2025-09-08 12:00:00+00:00,25.18,25.76,25.1,25.63,496.28
2025-09-08 16:00:00+00:00,25.72,25.76,25.35,25.35,471.5
2025-09-08 20:00:00+00:00,25.34,25.48,25.26,25.31,79.3
2025-09-09 00:00:00+00:00,25.22,25.34,24.94,25.12,109.68
2025-09-09 04:00:00+00:00,25.11,26.11,25.11,25.85,376.37
2025-09-09 08:00:00+00:00,26.0,26.2,25.92,26.0,258.98
2025-09-09 12:00:00+00:00,26.0,26.37,25.67,25.93,676.03
2025-09-09 16:00:00+00:00,25.98,26.11,25.86,26.02,22.31
2025-09-09 20:00:00+00:00,25.9,26.04,25.9,25.92,28.13
2025-09-10 00:00:00+00:00,25.78,26.27,25.78,26.18,2788.05
2025-09-10 04:00:00+00:00,26.25,27.05,26.2,26.95,2178.85
2025-09-10 08:00:00+00:00,26.83,27.0,26.42,26.83,920.29
2025-09-10 12:00:00+00:00,26.92,28.98,26.92,28.59,1855.88
2025-09-10 16:00:00+00:00,28.69,29.13,28.3,28.45,3206.0
2025-09-10 20:00:00+00:00,28.56,29.5,28.5,29.49,717.87
2025-09-11 00:00:00+00:00,29.44,29.49,28.83,29.41,2316.39
2025-09-11 04:00:00+00:00,29.44,30.0,28.59,28.84,1389.32
2025-09-11 08:00:00+00:00,28.75,29.1,28.74,28.97,127.6
2025-09-11 12:00:00+00:00,28.95,29.08,28.36,28.95,1184.84
2025-09-11 16:00:00+00:00,29.02,29.06,28.87,29.01,25.44
2025-09-11 20:00:00+00:00,28.96,29.2,28.78,29.2,2504.82
2025-09-12 00:00:00+00:00,29.22,29.38,28.85,28.85,289.77
2025-09-12 04:00:00+00:00,28.81,29.06,28.49,28.71,242.55
2025-09-12 08:00:00+00:00,28.6,28.62,28.35,28.35,141.66
2025-09-12 12:00:00+00:00,28.34,28.75,28.29,28.52,266.98
2025-09-12 16:00:00+00:00,28.48,28.67,28.47,28.65,1505.68
2025-09-12 20:00:00+00:00,28.71,28.99,28.55,28.95,1155.22
2025-09-13 00:00:00+00:00,28.95,30.29,28.79,30.29,781.02
2025-09-13 04:00:00+00:00,30.29,31.2,30.12,30.89,1645.25
2025-09-13 08:00:00+00:00,30.98,31.08,30.05,30.47,1057.04
2025-09-13 12:00:00+00:00,30.47,30.52,29.69,29.8,342.35
2025-09-13 16:00:00+00:00,29.92,29.94,29.31,29.66,475.72
2025-09-13 20:00:00+00:00,29.67,30.05,29.67,30.05,213.65
2025-09-14 00:00:00+00:00,30.12,30.17,29.77,29.8,237.58
2025-09-14 04:00:00+00:00,29.86,30.57,29.67,29.88,462.94
2025-09-14 08:00:00+00:00,29.97,30.21,29.67,29.67,60.79
2025-09-14 12:00:00+00:00,29.84,29.86,29.02,29.08,359.56
2025-09-14 16:00:00+00:00,29.28,29.79,29.26,29.59,2105.97
2025-09-14 20:00:00+00:00,29.66,30.4,29.35,29.44,4474.67
2025-09-15 00:00:00+00:00,29.42,29.81,29.27,29.7,1914.86
2025-09-15 04:00:00+00:00,29.77,30.26,29.11,29.11,116.99
2025-09-15 08:00:00+00:00,29.08,29.08,28.28,28.89,569.24
2025-09-15 12:00:00+00:00,28.87,28.98,28.39,28.39,263.63
2025-09-15 16:00:00+00:00,28.35,29.19,28.34,29.19,466.86
2025-09-15 20:00:00+00:00,29.07,30.4,29.06,29.83,2322.89
2025-09-16 00:00:00+00:00,29.88,29.88,29.35,29.35,151.93
2025-09-16 04:00:00+00:00,29.31,30.63,29.17,30.63,346.9
2025-09-16 08:00:00+00:00,30.64,30.99,30.43,30.43,272.57
2025-09-16 12:00:00+00:00,30.49,30.52,29.75,29.99,675.99
2025-09-16 16:00:00+00:00,30.0,30.35,30.0,30.0,106.05
2025-09-16 20:00:00+00:00,29.94,30.19,29.93,30.03,154.33
2025-09-17 00:00:00+00:00,30.06,30.14,29.84,29.9,212.14
2025-09-17 04:00:00+00:00,29.74,30.2,29.51,30.15,279.41
2025-09-17 08:00:00+00:00,30.22,30.22,29.86,29.91,50.1
2025-09-17 12:00:00+00:00,29.84,29.84,29.43,29.56,239.23
2025-09-17 16:00:00+00:00,29.66,30.29,29.66,30.02,3760.18
2025-09-17 20:00:00+00:00,30.18,31.98,29.84,31.87,1193.15
2025-09-18 00:00:00+00:00,31.82,33.0,31.71,32.96,758.29
2025-09-18 04:00:00+00:00,32.96,33.25,32.42,32.86,2536.38
2025-09-18 08:00:00+00:00,32.93,33.1,32.7,32.7,321.94
2025-09-18 12:00:00+00:00,32.75,33.52,32.72,33.14,1065.79
2025-09-18 16:00:00+00:00,33.23,34.82,33.15,34.68,4303.59
2025-09-18 20:00:00+00:00,34.69,35.44,34.61,35.2,1167.32
2025-09-19 00:00:00+00:00,35.28,35.78,34.77,34.84,1214.38
2025-09-19 04:00:00+00:00,34.68,34.81,33.96,34.44,760.99
2025-09-19 08:00:00+00:00,34.44,34.54,33.84,33.96,2142.09
2025-09-19 12:00:00+00:00,34.0,34.3,33.54,33.83,577.28
2025-09-19 16:00:00+00:00,34.04,34.37,33.79,33.95,375.02
2025-09-19 20:00:00+00:00,33.84,33.94,32.53,33.68,3031.38
2025-09-20 00:00:00+00:00,33.79,34.04,33.5,33.7,138.07
2025-09-20 04:00:00+00:00,33.71,34.03,33.7,33.88,66.4
2025-09-20 08:00:00+00:00,33.8,33.8,32.86,33.04,185.08
2025-09-20 12:00:00+00:00,33.04,34.02,32.91,33.5,378.07
2025-09-20 16:00:00+00:00,33.68,33.68,33.06,33.34,113.31
2025-09-20 20:00:00+00:00,33.27,33.44,33.14,33.16,108.99
2025-09-21 00:00:00+00:00,33.12,33.25,32.81,33.18,229.57
2025-09-21 04:00:00+00:00,33.23,33.29,32.93,32.98,348.58
2025-09-21 08:00:00+00:00,32.88,33.53,32.6,32.88,306.47
2025-09-21 12:00:00+00:00,32.93,33.1,32.85,33.1,299.75
2025-09-21 16:00:00+00:00,33.04,33.14,32.66,33.14,253.32
2025-09-21 20:00:00+00:00,32.98,33.18,32.98,33.06,51.4
2025-09-22 00:00:00+00:00,33.0,33.01,31.34,31.86,2624.43
2025-09-22 04:00:00+00:00,31.82,31.92,29.74,30.59,1235.36
2025-09-22 08:00:00+00:00,30.52,31.43,29.47,31.08,854.56
2025-09-22 12:00:00+00:00,31.07,32.53,31.04,31.96,1193.88
2025-09-22 16:00:00+00:00,32.06,32.14,31.38,31.38,236.72
2025-09-22 20:00:00+00:00,31.37,33.95,31.35,33.74,2754.3
2025-09-23 00:00:00+00:00,33.81,35.73,32.78,34.8,1374.82
2025-09-23 04:00:00+00:00,35.0,35.54,33.96,35.09,444.23
2025-09-23 08:00:00+00:00,35.18,35.46,34.37,34.4,524.65
2025-09-23 12:00:00+00:00,34.46,36.09,34.0,35.13,1441.44
2025-09-23 16:00:00+00:00,35.11,35.2,33.72,33.83,711.35
2025-09-23 20:00:00+00:00,33.85,33.85,33.52,33.64,176.2
2025-09-24 00:00:00+00:00,33.55,34.83,33.19,33.19,433.44
2025-09-24 04:00:00+00:00,33.15,34.37,32.9,34.13,218.87
2025-09-24 08:00:00+00:00,34.27,34.34,34.01,34.2,32.47
2025-09-24 12:00:00+00:00,34.25,34.73,34.21,34.73,513.87
2025-09-24 16:00:00+00:00,34.52,34.82,34.49,34.6,148.44
2025-09-24 20:00:00+00:00,34.19,34.23,32.31,32.42,1108.32
2025-09-25 00:00:00+00:00,32.26,32.71,31.75,31.86,330.39
2025-09-25 04:00:00+00:00,31.72,31.85,30.71,30.71,1045.21
2025-09-25 08:00:00+00:00,30.9,31.05,30.49,30.51,130.76
2025-09-25 12:00:00+00:00,30.58,30.7,30.15,30.24,1143.24
2025-09-25 16:00:00+00:00,30.2,30.26,28.88,29.47,5565.77
2025-09-25 20:00:00+00:00,29.34,29.36,28.62,28.64,917.32
2025-09-26 00:00:00+00:00,28.6,28.97,28.0,28.31,947.98
2025-09-26 04:00:00+00:00,28.22,28.46,27.76,28.32,1096.55
2025-09-26 08:00:00+00:00,28.28,28.51,27.4,27.58,616.98
2025-09-26 12:00:00+00:00,27.56,27.87,27.08,27.87,620.76
2025-09-26 16:00:00+00:00,27.85,29.55,27.85,28.59,1217.78
2025-09-26 20:00:00+00:00,28.68,29.0,28.63,28.87,452.03
2025-09-27 00:00:00+00:00,28.94,28.97,28.76,28.76,453.77
2025-09-27 04:00:00+00:00,28.86,28.91,28.69,28.72,170.16
2025-09-27 08:00:00+00:00,28.65,28.65,28.34,28.42,30.83
2025-09-27 12:00:00+00:00,28.35,28.88,28.27,28.57,167.83
2025-09-27 16:00:00+00:00,28.67,28.7,28.52,28.65,73.26
2025-09-27 20:00:00+00:00,28.67,28.95,28.64,28.79,58.19
2025-09-28 00:00:00+00:00,28.74,28.77,28.26,28.26,642.81
2025-09-28 04:00:00+00:00,28.24,28.34,28.16,28.24,59.69
2025-09-28 08:00:00+00:00,28.27,28.67,28.19,28.2,20.77
2025-09-28 12:00:00+00:00,28.11,28.86,27.96,28.8,49.23
2025-09-28 16:00:00+00:00,28.85,30.86,28.85,29.05,1226.9
2025-09-28 20:00:00+00:00,29.04,30.17,29.04,30.05,1095.82
2025-09-29 00:00:00+00:00,30.13,30.2,29.47,29.65,630.89
2025-09-29 04:00:00+00:00,29.73,29.76,29.31,29.76,77.17
2025-09-29 08:00:00+00:00,29.73,29.97,29.14,29.64,146.51
2025-09-29 12:00:00+00:00,29.64,30.46,29.17,30.25,218.5
2025-09-29 16:00:00+00:00,30.54,30.65,30.07,30.54,95.54
2025-09-29 20:00:00+00:00,30.61,30.76,30.42,30.45,176.76
2025-09-30 00:00:00+00:00,30.44,30.58,29.84,29.91,183.34
2025-09-30 04:00:00+00:00,29.89,29.96,29.47,29.47,307.02
2025-09-30 08:00:00+00:00,29.52,29.68,29.24,29.48,174.54
2025-09-30 12:00:00+00:00,29.42,29.42,28.88,28.98,514.79
2025-09-30 16:00:00+00:00,28.98,30.04,28.84,29.95,530.92
2025-09-30 20:00:00+00:00,30.03,30.3,29.87,29.94,387.63
2025-10-01 00:00:00+00:00,30.02,30.12,29.68,29.68,440.06
2025-10-01 04:00:00+00:00,29.68,29.98,29.68,29.78,393.75
2025-10-01 08:00:00+00:00,30.02,31.02,30.02,30.69,404.2
2025-10-01 12:00:00+00:00,30.69,31.15,30.37,30.6,2059.88
2025-10-01 16:00:00+00:00,30.6,30.7,30.46,30.59,120.76
2025-10-01 20:00:00+00:00,30.54,31.01,30.5,30.98,326.85
2025-10-02 00:00:00+00:00,30.77,31.37,30.54,30.88,1282.96
2025-10-02 04:00:00+00:00,30.82,30.95,30.61,30.66,1456.86
2025-10-02 08:00:00+00:00,30.59,30.79,30.46,30.55,405.89
2025-10-02 12:00:00+00:00,30.62,31.54,29.6,29.99,2723.79
2025-10-02 16:00:00+00:00,30.01,31.1,29.93,30.97,2411.53
2025-10-02 20:00:00+00:00,31.02,32.0,30.79,31.01,1903.02
2025-10-03 00:00:00+00:00,30.97,31.08,30.52,30.82,324.07
2025-10-03 04:00:00+00:00,30.91,30.95,30.17,30.23,142.99
2025-10-03 08:00:00+00:00,30.25,30.52,30.07,30.16,303.98
2025-10-03 12:00:00+00:00,30.16,31.24,30.07,31.16,445.28
2025-10-03 16:00:00+00:00,31.29,31.52,30.54,31.3,1264.89
2025-10-03 20:00:00+00:00,31.22,31.46,31.13,31.44,304.22
2025-10-04 00:00:00+00:00,31.4,31.41,31.08,31.09,310.61
2025-10-04 04:00:00+00:00,31.27,31.32,30.83,30.85,548.25
2025-10-04 08:00:00+00:00,30.8,30.8,30.32,30.32,138.75
2025-10-04 12:00:00+00:00,30.34,30.42,29.89,30.0,714.8
2025-10-04 16:00:00+00:00,29.95,30.1,29.9,30.03,311.84
2025-10-04 20:00:00+00:00,30.02,30.25,30.01,30.17,290.22
2025-10-05 00:00:00+00:00,30.1,30.65,29.91,30.51,362.21
2025-10-05 04:00:00+00:00,30.51,31.02,30.41,31.02,511.78
2025-10-05 08:00:00+00:00,31.06,31.16,30.11,30.36,206.32
2025-10-05 12:00:00+00:00,30.29,30.62,30.03,30.24,2118.7
2025-10-05 16:00:00+00:00,30.28,30.28,29.66,29.66,242.47
2025-10-05 20:00:00+00:00,29.74,30.14,29.74,30.11,6707.58
2025-10-06 00:00:00+00:00,30.07,30.35,29.94,30.17,2206.95
2025-10-06 04:00:00+00:00,30.21,30.39,30.19,30.25,181.74
2025-10-06 08:00:00+00:00,30.35,30.77,30.35,30.53,152.82
2025-10-06 12:00:00+00:00,30.62,30.95,30.48,30.9,917.7
2025-10-06 16:00:00+00:00,30.9,31.0,30.71,30.82,477.11
2025-10-06 20:00:00+00:00,30.89,31.0,30.51,30.71,4553.31
2025-10-07 00:00:00+00:00,30.71,30.71,30.28,30.28,2207.84
2025-10-07 04:00:00+00:00,30.35,30.57,30.07,30.11,1093.38
2025-10-07 08:00:00+00:00,30.05,30.05,29.53,30.03,400.58
2025-10-07 12:00:00+00:00,29.99,29.99,28.46,28.56,1650.98
2025-10-07 16:00:00+00:00,28.45,28.77,28.11,28.11,962.55
2025-10-07 20:00:00+00:00,28.25,28.45,27.84,27.96,1630.32
2025-10-08 00:00:00+00:00,27.96,28.39,27.91,27.94,1894.03
2025-10-08 04:00:00+00:00,27.93,28.22,27.93,28.17,54.16
2025-10-08 08:00:00+00:00,28.26,28.41,28.23,28.41,10.23
2025-10-08 12:00:00+00:00,28.29,28.68,28.26,28.32,265.99
2025-10-08 16:00:00+00:00,28.34,29.6,28.31,29.2,1105.58
2025-10-08 20:00:00+00:00,29.23,29.23,28.81,28.84,93.14
2025-10-09 00:00:00+00:00,28.88,28.88,28.16,28.43,695.69
2025-10-09 04:00:00+00:00,28.43,28.52,28.3,28.3,168.92
2025-10-09 08:00:00+00:00,28.21,28.42,27.99,28.42,105.53
2025-10-09 12:00:00+00:00,28.31,28.74,27.88,27.88,171.37
2025-10-09 16:00:00+00:00,28.0,28.16,27.62,28.15,787.82
2025-10-09 20:00:00+00:00,27.99,28.43,27.99,28.35,301.98
2025-10-10 00:00:00+00:00,28.43,28.55,28.34,28.48,151.53
2025-10-10 04:00:00+00:00,28.46,28.61,28.32,28.32,100.93
2025-10-10 08:00:00+00:00,28.37,28.4,28.16,28.16,40.38
2025-10-10 12:00:00+00:00,28.25,28.34,26.81,27.07,1503.52
2025-10-10 16:00:00+00:00,27.0,27.14,26.1,26.46,2107.74
2025-10-10 20:00:00+00:00,26.49,26.71,20.47,20.74,6554.48
2025-10-11 00:00:00+00:00,20.75,22.84,20.41,21.98,1784.75
2025-10-11 04:00:00+00:00,21.93,22.64,21.79,22.29,725.07
2025-10-11 08:00:00+00:00,22.18,23.29,22.18,22.73,635.6
2025-10-11 12:00:00+00:00,22.61,23.0,22.02,22.84,419.0
2025-10-11 16:00:00+00:00,22.74,23.13,21.82,21.89,363.13
2025-10-11 20:00:00+00:00,21.75,21.75,20.98,21.47,8209.26
2025-10-12 00:00:00+00:00,21.47,21.6,20.69,21.04,3530.54
2025-10-12 04:00:00+00:00,21.29,21.53,21.29,21.38,172.73
2025-10-12 08:00:00+00:00,21.37,21.46,20.98,21.15,821.51
2025-10-12 12:00:00+00:00,21.37,22.52,20.76,22.45,1288.39
2025-10-12 16:00:00+00:00,22.43,23.11,22.34,23.01,5661.1
2025-10-12 20:00:00+00:00,23.0,23.35,22.33,22.37,5800.09
2025-10-13 00:00:00+00:00,22.45,22.47,21.95,22.23,541.17
2025-10-13 04:00:00+00:00,22.23,22.88,22.23,22.88,198.58
2025-10-13 08:00:00+00:00,22.73,23.03,21.73,22.26,202.49
2025-10-13 12:00:00+00:00,22.1,23.03,22.1,22.87,1791.98
2025-10-13 16:00:00+00:00,22.8,24.01,22.75,23.9,668.84
2025-10-13 20:00:00+00:00,23.91,24.01,23.73,23.81,262.61
2025-10-14 00:00:00+00:00,23.75,23.87,23.16,23.32,3554.51
2025-10-14 04:00:00+00:00,23.3,23.3,22.02,22.1,590.21
2025-10-14 08:00:00+00:00,22.0,22.69,21.99,22.49,701.34
2025-10-14 12:00:00+00:00,22.25,22.82,21.79,22.82,701.76
2025-10-14 16:00:00+00:00,22.7,23.09,22.36,22.36,1759.12
2025-10-14 20:00:00+00:00,22.57,22.83,22.36,22.7,2769.3
2025-10-15 00:00:00+00:00,22.75,22.87,22.45,22.45,234.93
2025-10-15 04:00:00+00:00,22.41,22.97,22.41,22.97,64.97
2025-10-15 08:00:00+00:00,22.98,23.22,22.46,22.46,122.05
2025-10-15 12:00:00+00:00,22.36,22.51,21.8,21.8,350.76
2025-10-15 16:00:00+00:00,21.95,22.02,21.66,21.89,311.05
2025-10-15 20:00:00+00:00,22.09,22.09,21.59,21.92,193.43
2025-10-16 00:00:00+00:00,21.93,22.11,21.86,22.02,66.98
2025-10-16 04:00:00+00:00,21.89,22.05,21.73,21.73,21.28
2025-10-16 08:00:00+00:00,21.87,22.27,21.1,22.2,393.69
2025-10-16 12:00:00+00:00,22.29,22.34,21.1,21.11,62.5
2025-10-16 16:00:00+00:00,21.06,21.49,20.56,20.79,1950.98
2025-10-16 20:00:00+00:00,20.81,21.33,20.64,20.99,4374.84
2025-10-17 00:00:00+00:00,20.98,21.17,20.52,20.98,1859.85
2025-10-17 04:00:00+00:00,20.98,21.05,19.38,19.38,4300.11
2025-10-17 08:00:00+00:00,19.43,19.98,19.08,19.78,1319.26
2025-10-17 12:00:00+00:00,19.83,19.9,19.45,19.89,1290.94
2025-10-17 16:00:00+00:00,19.94,20.19,19.86,19.9,375.33
2025-10-17 20:00:00+00:00,19.93,20.26,19.93,19.98,97.53
2025-10-18 00:00:00+00:00,19.96,20.11,19.85,20.06,1703.98
2025-10-18 04:00:00+00:00,19.96,20.37,19.94,20.18,33.27
2025-10-18 08:00:00+00:00,20.23,20.26,20.23,20.26,13.92
2025-10-18 12:00:00+00:00,20.25,20.26,19.9,20.04,2327.6
2025-10-18 16:00:00+00:00,19.95,20.16,19.85,20.13,416.6
2025-10-18 20:00:00+00:00,20.2,20.28,20.14,20.19,286.62
2025-10-19 00:00:00+00:00,20.21,20.21,20.03,20.15,222.57
2025-10-19 04:00:00+00:00,20.24,20.24,19.9,19.96,101.21
2025-10-19 08:00:00+00:00,20.14,20.56,19.78,20.46,122.77
2025-10-19 12:00:00+00:00,20.44,20.8,20.44,20.71,223.24
2025-10-19 16:00:00+00:00,20.6,20.82,20.58,20.71,286.68
2025-10-19 20:00:00+00:00,20.7,20.79,20.6,20.6,318.46
2025-10-20 00:00:00+00:00,20.55,21.05,20.18,21.03,428.51
2025-10-20 04:00:00+00:00,21.03,21.14,20.86,20.86,325.88
2025-10-20 08:00:00+00:00,20.82,20.87,20.63,20.69,75.31
2025-10-20 12:00:00+00:00,20.71,20.85,20.6,20.64,87.73
2025-10-20 16:00:00+00:00,20.54,20.56,20.29,20.56,109.04
2025-10-20 20:00:00+00:00,20.54,20.58,20.36,20.36,173.91
2025-10-21 00:00:00+00:00,20.35,20.35,19.82,19.85,951.05
2025-10-21 04:00:00+00:00,19.8,19.8,19.47,19.62,279.25
2025-10-21 08:00:00+00:00,19.68,20.02,19.68,20.01,144.57
2025-10-21 12:00:00+00:00,20.03,20.82,19.89,20.75,862.13
2025-10-21 16:00:00+00:00,20.73,20.85,20.29,20.43,182.2
2025-10-21 20:00:00+00:00,20.35,20.35,19.5,19.55,204.95
2025-10-22 00:00:00+00:00,19.55,19.64,19.36,19.43,165.3
2025-10-22 04:00:00+00:00,19.52,19.52,19.32,19.37,17.73
2025-10-22 08:00:00+00:00,19.57,19.57,19.3,19.56,677.26
2025-10-22 12:00:00+00:00,19.67,19.68,19.3,19.58,300.72
2025-10-22 16:00:00+00:00,19.47,19.49,19.0,19.0,763.85
2025-10-22 20:00:00+00:00,19.0,19.03,18.44,18.92,1597.54
2025-10-23 00:00:00+00:00,19.0,19.21,19.0,19.1,275.64
2025-10-23 04:00:00+00:00,19.07,19.52,19.07,19.5,75.46
2025-10-23 08:00:00+00:00,19.59,19.59,19.45,19.45,49.31
2025-10-23 12:00:00+00:00,19.27,19.57,19.27,19.57,25.08
2025-10-23 16:00:00+00:00,19.59,19.7,19.36,19.36,196.02
2025-10-23 20:00:00+00:00,19.35,19.35,19.01,19.09,137.38
2025-10-24 00:00:00+00:00,19.14,19.21,19.05,19.21,122.29
2025-10-24 04:00:00+00:00,19.26,19.63,19.26,19.43,189.5
2025-10-24 08:00:00+00:00,19.39,19.62,19.39,19.55,101.25
2025-10-24 12:00:00+00:00,19.54,19.92,19.25,19.25,1030.19
2025-10-24 16:00:00+00:00,19.26,19.52,19.16,19.49,579.67
2025-10-24 20:00:00+00:00,19.58,19.62,19.48,19.48,114.37
2025-10-25 00:00:00+00:00,19.51,19.51,19.31,19.31,32.25
2025-10-25 04:00:00+00:00,19.35,19.43,19.3,19.37,46.17
2025-10-25 08:00:00+00:00,19.44,19.44,19.28,19.37,37.02
2025-10-25 12:00:00+00:00,19.53,19.63,19.51,19.53,67.38
2025-10-25 16:00:00+00:00,19.51,19.81,19.49,19.76,127.6
2025-10-25 20:00:00+00:00,19.72,19.74,19.66,19.67,60.14
2025-10-26 00:00:00+00:00,19.71,19.76,19.43,19.43,57.73
2025-10-26 04:00:00+00:00,19.42,19.64,19.42,19.64,4293.3
2025-10-26 08:00:00+00:00,19.71,20.37,19.71,20.37,209.35
2025-10-26 12:00:00+00:00,20.4,20.58,20.26,20.4,128.66
2025-10-26 16:00:00+00:00,20.34,20.35,20.23,20.29,84.95
2025-10-26 20:00:00+00:00,20.18,20.89,20.14,20.81,378.32
2025-10-27 00:00:00+00:00,20.76,21.01,20.76,20.84,613.21
2025-10-27 04:00:00+00:00,20.82,21.07,20.75,20.76,1439.95
2025-10-27 08:00:00+00:00,20.86,20.89,20.47,20.47,3892.78
2025-10-27 12:00:00+00:00,20.47,20.49,20.29,20.46,188.87
2025-10-27 16:00:00+00:00,20.5,20.75,20.5,20.6,117.96
2025-10-27 20:00:00+00:00,20.57,20.57,20.21,20.31,145.94
2025-10-28 00:00:00+00:00,20.34,20.48,20.19,20.22,53.46
2025-10-28 04:00:00+00:00,20.26,20.45,20.02,20.31,115.84
2025-10-28 08:00:00+00:00,20.29,20.51,20.21,20.21,36.82
2025-10-28 12:00:00+00:00,20.33,20.46,19.79,20.05,490.0
2025-10-28 16:00:00+00:00,20.03,20.16,19.6,19.68,567.9
2025-10-28 20:00:00+00:00,19.58,19.59,19.2,19.54,5315.82
2025-10-29 00:00:00+00:00,19.47,19.52,19.39,19.45,97.62
2025-10-29 04:00:00+00:00,19.47,19.62,19.37,19.62,580.75
2025-10-29 08:00:00+00:00,19.6,19.76,19.44,19.73,309.69
2025-10-29 12:00:00+00:00,19.73,19.82,19.38,19.42,1518.22
2025-10-29 16:00:00+00:00,19.4,20.16,19.36,19.97,1771.44
2025-10-29 20:00:00+00:00,20.01,20.12,19.56,19.64,105.72
2025-10-30 00:00:00+00:00,19.7,19.95,19.48,19.8,1465.87
2025-10-30 04:00:00+00:00,19.8,19.89,19.08,19.84,244.27
2025-10-30 08:00:00+00:00,19.85,19.85,19.2,19.25,65.34
2025-10-30 12:00:00+00:00,19.2,19.21,18.18,18.18,830.83
2025-10-30 16:00:00+00:00,18.22,18.32,17.56,17.58,2566.6
2025-10-30 20:00:00+00:00,17.73,18.12,17.72,18.12,2038.04
2025-10-31 00:00:00+00:00,18.09,18.37,18.09,18.28,282.41
2025-10-31 04:00:00+00:00,18.38,18.44,18.25,18.25,241.2
2025-10-31 08:00:00+00:00,18.29,18.49,18.24,18.49,18.25
2025-10-31 12:00:00+00:00,18.52,18.57,18.26,18.26,146.31
2025-10-31 16:00:00+00:00,18.27,18.36,17.82,18.27,662.68
2025-10-31 20:00:00+00:00,18.27,18.27,18.05,18.22,155.09
2025-11-01 00:00:00+00:00,18.17,18.41,18.11,18.41,185.67
2025-11-01 04:00:00+00:00,18.44,18.48,18.31,18.42,443.1
2025-11-01 08:00:00+00:00,18.52,18.7,18.47,18.7,81.79
2025-11-01 12:00:00+00:00,18.71,18.72,18.44,18.53,108.5
2025-11-01 16:00:00+00:00,18.64,18.68,18.59,18.64,78.12
2025-11-01 20:00:00+00:00,18.7,18.72,18.52,18.72,112.35
2025-11-02 00:00:00+00:00,18.74,18.76,18.66,18.7,42.27
2025-11-02 04:00:00+00:00,18.71,18.98,18.71,18.98,40.96
2025-11-02 08:00:00+00:00,18.95,18.95,18.59,18.72,165.02
2025-11-02 12:00:00+00:00,18.76,18.76,18.22,18.34,97.37
2025-11-02 16:00:00+00:00,18.28,18.31,18.11,18.11,452.7
2025-11-02 20:00:00+00:00,18.14,18.87,18.14,18.84,220.2
2025-11-03 00:00:00+00:00,18.82,18.9,17.59,17.59,641.12
2025-11-03 04:00:00+00:00,17.52,17.74,17.22,17.55,209.7
2025-11-03 08:00:00+00:00,17.5,17.62,17.24,17.46,98.16
2025-11-03 12:00:00+00:00,17.5,18.3,16.44,16.47,1440.32
2025-11-03 16:00:00+00:00,16.41,17.91,16.3,16.81,873.23
2025-11-03 20:00:00+00:00,16.77,16.78,16.46,16.68,416.58
2025-11-04 00:00:00+00:00,16.64,16.97,16.5,16.91,339.36
2025-11-04 04:00:00+00:00,16.96,16.99,16.05,16.19,925.55
2025-11-04 08:00:00+00:00,16.17,16.8,16.16,16.72,224.36
2025-11-04 12:00:00+00:00,16.72,16.84,16.33,16.44,1054.06
2025-11-04 16:00:00+00:00,16.44,16.47,15.35,15.59,2261.88
2025-11-04 20:00:00+00:00,15.6,16.16,15.03,16.02,1429.94
2025-11-05 00:00:00+00:00,15.97,16.45,15.32,16.42,846.75
2025-11-05 04:00:00+00:00,16.46,16.6,16.31,16.6,70.55
2025-11-05 08:00:00+00:00,16.43,16.45,16.24,16.24,71.69
2025-11-05 12:00:00+00:00,16.62,16.76,16.53,16.72,144.41
2025-11-05 16:00:00+00:00,16.72,16.98,16.68,16.85,109.66
2025-11-05 20:00:00+00:00,16.79,16.79,16.58,16.62,265.4
2025-11-06 00:00:00+00:00,16.57,16.65,16.39,16.65,1130.53
2025-11-06 04:00:00+00:00,16.57,16.57,16.24,16.24,71.78
2025-11-06 08:00:00+00:00,16.23,16.34,16.23,16.31,40.45
2025-11-06 12:00:00+00:00,16.28,16.28,15.8,15.84,627.72
2025-11-06 16:00:00+00:00,15.87,16.19,15.63,16.1,236.97
2025-11-06 20:00:00+00:00,16.15,16.17,15.94,16.09,312.89
2025-11-07 00:00:00+00:00,16.14,16.5,16.1,16.45,544.87
2025-11-07 04:00:00+00:00,16.46,16.91,16.42,16.91,443.15
2025-11-07 08:00:00+00:00,16.93,16.98,16.29,16.53,145.75
2025-11-07 12:00:00+00:00,16.51,16.85,16.14,16.85,1108.14
2025-11-07 16:00:00+00:00,16.9,17.92,16.76,17.83,1905.66
2025-11-07 20:00:00+00:00,17.84,18.05,17.72,17.77,736.76
2025-11-08 00:00:00+00:00,17.83,18.39,17.71,17.86,654.1
2025-11-08 04:00:00+00:00,17.88,18.05,17.57,17.87,544.2
2025-11-08 08:00:00+00:00,17.86,17.86,17.75,17.75,29.51
2025-11-08 12:00:00+00:00,17.75,17.75,17.13,17.16,459.77
2025-11-08 16:00:00+00:00,17.11,17.36,17.07,17.28,679.37
2025-11-08 20:00:00+00:00,17.25,17.49,17.25,17.49,76.9
2025-11-09 00:00:00+00:00,17.5,17.6,16.84,16.92,404.27
2025-11-09 04:00:00+00:00,16.95,17.14,16.89,17.1,564.17
2025-11-09 08:00:00+00:00,17.09,17.34,16.9,17.24,90.84
2025-11-09 12:00:00+00:00,17.27,17.85,17.27,17.72,554.5
2025-11-09 16:00:00+00:00,17.62,17.88,17.5,17.88,129.91
2025-11-09 20:00:00+00:00,17.89,17.91,17.71,17.75,649.28
2025-11-10 00:00:00+00:00,17.7,18.11,17.7,18.01,372.51
2025-11-10 04:00:00+00:00,18.02,18.07,17.91,17.99,640.3
2025-11-10 08:00:00+00:00,17.86,18.29,17.86,18.14,95.43
2025-11-10 12:00:00+00:00,18.06,18.31,17.86,18.03,230.73
2025-11-10 16:00:00+00:00,18.0,18.15,17.73,18.15,899.23
2025-11-10 20:00:00+00:00,18.03,18.31,17.85,18.13,189.38
2025-11-11 00:00:00+00:00,18.21,18.56,17.99,18.29,313.8
2025-11-11 04:00:00+00:00,18.36,18.36,17.55,17.55,448.99
2025-11-11 08:00:00+00:00,17.52,17.86,17.52,17.86,30.07
2025-11-11 12:00:00+00:00,17.77,17.84,17.64,17.64,441.72
2025-11-11 16:00:00+00:00,17.62,17.71,17.28,17.28,140.09
2025-11-11 20:00:00+00:00,17.27,17.27,17.0,17.07,188.61
2025-11-12 00:00:00+00:00,17.09,17.14,16.97,17.1,188.97
2025-11-12 04:00:00+00:00,17.12,17.43,17.08,17.17,83.83
2025-11-12 08:00:00+00:00,17.23,17.64,17.23,17.55,96.05
2025-11-12 12:00:00+00:00,17.58,17.75,17.0,17.0,182.72
2025-11-12 16:00:00+00:00,17.0,17.02,16.68,16.86,198.41
2025-11-12 20:00:00+00:00,16.73,16.97,16.73,16.97,7.06
2025-11-13 00:00:00+00:00,16.87,17.62,16.87,17.57,206.18
2025-11-13 04:00:00+00:00,17.49,17.69,17.3,17.46,89.43
2025-11-13 08:00:00+00:00,17.25,17.34,17.24,17.29,21.64
2025-11-13 12:00:00+00:00,17.27,17.42,16.91,16.92,766.7
2025-11-13 16:00:00+00:00,17.0,17.03,15.97,15.97,1604.29
2025-11-13 20:00:00+00:00,15.94,16.3,15.83,16.27,795.8
2025-11-14 00:00:00+00:00,16.05,16.06,15.92,15.98,303.72
2025-11-14 04:00:00+00:00,15.87,16.01,15.35,15.97,305.54
2025-11-14 08:00:00+00:00,15.94,15.94,15.35,15.35,101.51
2025-11-14 12:00:00+00:00,15.32,15.64,15.11,15.51,594.13
2025-11-14 16:00:00+00:00,15.53,15.7,15.42,15.69,187.64
2025-11-14 20:00:00+00:00,15.45,15.55,14.89,15.13,861.82
2025-11-15 00:00:00+00:00,15.3,15.61,15.22,15.61,58.23
2025-11-15 04:00:00+00:00,15.61,15.72,15.6,15.7,5830.32
2025-11-15 08:00:00+00:00,15.59,15.75,15.43,15.45,18938.67
2025-11-15 12:00:00+00:00,15.48,15.66,15.45,15.64,340.39
2025-11-15 16:00:00+00:00,15.56,15.76,15.54,15.7,116.96
2025-11-15 20:00:00+00:00,15.73,15.73,15.5,15.53,21474.57
2025-11-16 00:00:00+00:00,15.54,15.73,15.31,15.72,3144.96
2025-11-16 04:00:00+00:00,15.69,15.76,15.63,15.73,89.31
2025-11-16 08:00:00+00:00,15.77,15.84,15.5,15.5,77.68
2025-11-16 12:00:00+00:00,15.54,15.54,15.12,15.12,5093.6
2025-11-16 16:00:00+00:00,15.09,15.34,14.66,14.97,701.88
2025-11-16 20:00:00+00:00,15.01,15.24,14.79,15.18,436.57
2025-11-17 00:00:00+00:00,15.15,15.67,15.08,15.67,216.47
2025-11-17 04:00:00+00:00,15.59,15.76,15.57,15.76,70.87
2025-11-17 08:00:00+00:00,15.62,15.71,15.62,15.64,29.72
2025-11-17 12:00:00+00:00,15.61,15.78,15.12,15.26,687.68
2025-11-17 16:00:00+00:00,15.12,15.31,14.38,14.38,1844.74
2025-11-17 20:00:00+00:00,14.38,14.68,14.29,14.54,631.74
2025-11-18 00:00:00+00:00,14.55,14.55,14.06,14.51,1350.28
2025-11-18 04:00:00+00:00,14.48,14.65,14.38,14.59,154.45
2025-11-18 08:00:00+00:00,14.6,14.74,14.57,14.57,255.28
2025-11-18 12:00:00+00:00,14.58,14.79,14.41,14.74,365.06
2025-11-18 16:00:00+00:00,14.71,14.91,14.65,14.73,53961.44
2025-11-18 20:00:00+00:00,14.73,14.73,14.53,14.57,260.83
2025-11-19 00:00:00+00:00,14.57,14.63,14.41,14.45,328.29
2025-11-19 04:00:00+00:00,14.43,14.45,13.8,14.32,1516.32
2025-11-19 08:00:00+00:00,14.45,14.54,14.28,14.5,132.59
2025-11-19 12:00:00+00:00,14.51,14.51,14.09,14.09,1210.0
2025-11-19 16:00:00+00:00,14.13,14.13,13.72,13.8,602.79
2025-11-19 20:00:00+00:00,13.75,14.31,13.75,14.24,419.38
2025-11-20 00:00:00+00:00,14.27,14.34,14.27,14.34,376.41
2025-11-20 04:00:00+00:00,14.31,14.42,14.25,14.31,458.43
2025-11-20 08:00:00+00:00,14.33,14.38,14.3,14.31,52.94
2025-11-20 12:00:00+00:00,14.44,14.5,14.27,14.27,283.96
2025-11-20 16:00:00+00:00,14.23,14.23,13.5,13.71,1597.96
2025-11-20 20:00:00+00:00,13.76,13.97,13.76,13.85,266.94
2025-11-21 00:00:00+00:00,13.95,13.98,13.76,13.81,112.13
2025-11-21 04:00:00+00:00,13.67,13.74,12.83,13.16,4151.43
2025-11-21 08:00:00+00:00,13.12,13.34,12.9,12.9,343.92
2025-11-21 12:00:00+00:00,12.9,13.28,12.68,13.05,2026.1
2025-11-21 16:00:00+00:00,12.97,13.44,12.88,13.3,707.68
2025-11-21 20:00:00+00:00,13.25,13.37,13.2,13.31,1036.69
2025-11-22 00:00:00+00:00,13.27,13.32,13.25,13.25,102.55
2025-11-22 04:00:00+00:00,13.28,13.3,13.22,13.28,191.27
2025-11-22 08:00:00+00:00,13.26,13.28,13.25,13.28,30.98
2025-11-22 12:00:00+00:00,13.19,13.24,13.05,13.15,78.59
2025-11-22 16:00:00+00:00,13.25,13.28,13.22,13.22,211.97
2025-11-22 20:00:00+00:00,13.28,13.32,13.19,13.27,326.64
2025-11-23 00:00:00+00:00,13.28,13.35,13.28,13.35,22.76
2025-11-23 04:00:00+00:00,13.38,13.41,13.26,13.26,236.98
2025-11-23 08:00:00+00:00,13.3,13.37,13.29,13.31,83.3
2025-11-23 12:00:00+00:00,13.36,13.41,13.34,13.41,43.57
2025-11-23 16:00:00+00:00,13.4,13.43,13.27,13.41,105.48
2025-11-23 20:00:00+00:00,13.36,13.44,13.33,13.33,119.7
2025-11-24 00:00:00+00:00,13.21,13.51,13.18,13.47,91.21
2025-11-24 04:00:00+00:00,13.39,13.52,13.36,13.46,117.56
2025-11-24 08:00:00+00:00,13.41,13.41,13.27,13.3,24.93
2025-11-24 12:00:00+00:00,13.4,13.49,13.27,13.49,606.77
2025-11-24 16:00:00+00:00,13.58,14.0,13.58,13.98,1823.22
2025-11-24 20:00:00+00:00,14.01,14.03,13.88,13.88,101.81
2025-11-25 00:00:00+00:00,13.91,13.94,13.86,13.91,169.65
2025-11-25 04:00:00+00:00,13.94,13.94,13.88,13.88,7.08
2025-11-25 08:00:00+00:00,13.85,13.92,13.84,13.91,9.87
2025-11-25 12:00:00+00:00,13.93,13.94,13.76,13.84,60.05
2025-11-25 16:00:00+00:00,13.96,14.05,13.89,13.9,422.9
2025-11-25 20:00:00+00:00,14.07,14.38,13.99,14.38,2597.37
2025-11-26 00:00:00+00:00,14.23,14.24,14.11,14.12,6.22
2025-11-26 04:00:00+00:00,14.02,14.09,14.01,14.04,45.95
2025-11-26 08:00:00+00:00,14.02,14.03,13.97,13.97,18.61
2025-11-26 12:00:00+00:00,13.96,14.04,13.93,13.99,37.86
2025-11-26 16:00:00+00:00,13.99,14.58,13.99,14.56,130.98
2025-11-26 20:00:00+00:00,14.54,14.91,14.52,14.91,186.09
2025-11-27 00:00:00+00:00,14.96,15.0,14.91,14.95,212.39
2025-11-27 04:00:00+00:00,14.94,14.95,14.92,14.94,69.97
2025-11-27 08:00:00+00:00,14.89,14.98,14.89,14.92,18.05
2025-11-27 12:00:00+00:00,14.95,14.99,14.92,14.92,94.83
2025-11-27 16:00:00+00:00,14.97,15.17,14.94,15.13,821.02
2025-11-27 20:00:00+00:00,15.03,15.05,15.03,15.04,20.84
2025-11-28 00:00:00+00:00,15.05,15.12,15.0,15.06,59.05
2025-11-28 04:00:00+00:00,15.02,15.12,14.99,15.02,139.47
2025-11-28 08:00:00+00:00,15.06,15.1,14.8,14.98,261.45
2025-11-28 12:00:00+00:00,15.01,15.27,15.01,15.21,61.39
2025-11-28 16:00:00+00:00,15.01,15.01,14.82,14.87,33.13
2025-11-28 20:00:00+00:00,14.87,14.87,14.84,14.84,7.12
2025-11-29 00:00:00+00:00,14.85,14.9,14.84,14.86,35.26
2025-11-29 04:00:00+00:00,14.87,14.88,14.65,14.65,918.99
2025-11-29 08:00:00+00:00,14.66,14.7,14.66,14.7,23.12
2025-11-29 12:00:00+00:00,14.87,14.97,14.76,14.8,1182.62
2025-11-29 16:00:00+00:00,14.71,14.76,14.41,14.43,149.55
2025-11-29 20:00:00+00:00,14.43,14.44,14.22,14.22,82.47
2025-11-30 00:00:00+00:00,14.27,14.34,14.16,14.16,122.11
2025-11-30 04:00:00+00:00,14.14,14.14,14.01,14.13,14.52
2025-11-30 08:00:00+00:00,14.14,14.2,14.09,14.09,27.15
2025-11-30 12:00:00+00:00,14.29,14.31,14.1,14.12,78.74
2025-11-30 16:00:00+00:00,14.18,14.27,13.89,13.9,34.95
2025-11-30 20:00:00+00:00,13.99,14.03,13.7,13.7,963.0
2025-12-01 00:00:00+00:00,13.67,13.67,12.97,12.98,2525.99
2025-12-01 04:00:00+00:00,12.94,12.99,12.93,12.99,194.68
2025-12-01 08:00:00+00:00,13.05,13.07,12.94,12.94,68.89
2025-12-01 12:00:00+00:00,12.94,12.96,12.64,12.71,1010.78
2025-12-01 16:00:00+00:00,12.59,12.91,12.57,12.83,384.75
2025-12-01 20:00:00+00:00,12.8,12.85,12.55,12.82,137.37
2025-12-02 00:00:00+00:00,12.75,13.01,12.73,12.88,214.87
2025-12-02 04:00:00+00:00,12.98,13.03,12.91,13.03,42.16
2025-12-02 08:00:00+00:00,13.06,13.06,12.89,12.89,25.03
2025-12-02 12:00:00+00:00,12.94,13.67,12.92,13.63,804.24
2025-12-02 16:00:00+00:00,13.71,13.72,13.57,13.65,520.83
2025-12-02 20:00:00+00:00,13.66,13.76,13.6,13.65,229.41
2025-12-03 00:00:00+00:00,13.64,15.03,13.61,13.84,3565.05
2025-12-03 04:00:00+00:00,13.86,14.39,13.86,14.09,69.4
2025-12-03 08:00:00+00:00,14.14,14.14,14.06,14.08,29.55
2025-12-03 12:00:00+00:00,14.08,14.26,13.87,14.15,514.44
2025-12-03 16:00:00+00:00,14.15,14.5,14.1,14.5,689.0
2025-12-03 20:00:00+00:00,14.45,15.0,14.45,14.82,345.12
2025-12-04 00:00:00+00:00,14.83,14.83,14.74,14.74,10.64
2025-12-04 04:00:00+00:00,14.73,14.75,14.72,14.75,48.07
2025-12-04 08:00:00+00:00,14.71,14.71,14.71,14.71,7.2
2025-12-04 12:00:00+00:00,14.73,14.87,14.66,14.87,438.16
2025-12-04 16:00:00+00:00,14.76,14.76,14.22,14.45,273.02
2025-12-04 20:00:00+00:00,14.44,14.48,14.39,14.43,34.84
2025-12-05 00:00:00+00:00,14.47,14.48,14.42,14.43,58.24
2025-12-05 04:00:00+00:00,14.47,14.47,14.35,14.41,8.34
2025-12-05 08:00:00+00:00,14.25,14.25,13.79,13.8,197.99
2025-12-05 12:00:00+00:00,13.76,13.8,13.58,13.68,374.36
2025-12-05 16:00:00+00:00,13.58,13.75,13.19,13.38,521.1
2025-12-05 20:00:00+00:00,13.38,13.38,13.14,13.25,51.86
2025-12-06 00:00:00+00:00,13.21,13.39,13.21,13.34,454.07
2025-12-06 04:00:00+00:00,13.34,13.34,13.25,13.25,323.24
2025-12-06 08:00:00+00:00,13.25,13.26,13.17,13.17,749.65
2025-12-06 12:00:00+00:00,13.23,13.36,13.18,13.36,352.09
2025-12-06 16:00:00+00:00,13.43,13.5,13.31,13.33,873.65
2025-12-06 20:00:00+00:00,13.34,13.44,13.33,13.44,43.44
2025-12-07 00:00:00+00:00,13.5,13.53,13.48,13.48,36.31
2025-12-07 04:00:00+00:00,13.51,13.51,13.42,13.48,48.42
2025-12-07 08:00:00+00:00,13.37,13.37,13.34,13.36,18.26
2025-12-07 12:00:00+00:00,13.35,13.45,13.05,13.39,74.09
2025-12-07 16:00:00+00:00,13.38,13.85,13.34,13.76,60.52
2025-12-07 20:00:00+00:00,13.72,13.72,13.3,13.4,61.76
2025-12-08 00:00:00+00:00,13.41,13.65,13.4,13.53,15.25
2025-12-08 04:00:00+00:00,13.61,13.72,13.61,13.71,36.92
2025-12-08 08:00:00+00:00,13.67,13.89,13.67,13.75,170.88
2025-12-08 12:00:00+00:00,13.81,13.81,13.55,13.62,62.49
2025-12-08 16:00:00+00:00,13.54,13.7,13.53,13.64,295.88
2025-12-08 20:00:00+00:00,13.64,13.64,13.64,13.64,0.0
2025-12-09 00:00:00+00:00,13.62,13.7,13.55,13.7,85.48
2025-12-09 04:00:00+00:00,13.74,13.74,13.55,13.69,53.74
2025-12-09 08:00:00+00:00,13.67,13.69,13.53,13.53,65.23
2025-12-09 12:00:00+00:00,13.67,14.11,13.62,14.11,102.77
2025-12-09 16:00:00+00:00,14.15,14.73,14.15,14.67,561.55
2025-12-09 20:00:00+00:00,14.61,14.63,14.5,14.62,770.9
2025-12-10 00:00:00+00:00,14.6,14.62,14.6,14.6,8.19
2025-12-10 04:00:00+00:00,14.63,14.63,14.55,14.59,101.28
2025-12-10 08:00:00+00:00,14.6,14.64,14.19,14.23,194.34
2025-12-10 12:00:00+00:00,14.2,14.3,14.17,14.25,30.32
2025-12-10 16:00:00+00:00,14.25,14.64,14.25,14.58,73.9
2025-12-10 20:00:00+00:00,14.54,14.84,14.12,14.22,190.44
2025-12-11 00:00:00+00:00,14.11,14.11,13.3,13.33,438.59
2025-12-11 04:00:00+00:00,13.28,13.48,13.25,13.38,122.35
2025-12-11 08:00:00+00:00,13.38,13.39,13.27,13.27,23.07
2025-12-11 12:00:00+00:00,13.33,13.34,12.93,12.97,267.27
2025-12-11 16:00:00+00:00,12.95,13.35,12.91,13.35,156.59
2025-12-11 20:00:00+00:00,13.27,13.76,13.27,13.43,323.09
2025-12-12 00:00:00+00:00,13.52,13.68,13.37,13.65,129.71
2025-12-12 04:00:00+00:00,13.65,13.76,13.65,13.76,31.64
2025-12-12 08:00:00+00:00,13.55,13.56,13.55,13.56,7.09
2025-12-12 12:00:00+00:00,13.63,13.63,12.83,12.83,113.01
2025-12-12 16:00:00+00:00,12.96,13.59,12.85,13.09,547.64
2025-12-12 20:00:00+00:00,13.08,13.15,13.07,13.15,175.23
2025-12-13 00:00:00+00:00,13.17,13.23,13.15,13.23,32.33
2025-12-13 04:00:00+00:00,13.21,13.38,13.21,13.34,12.08
2025-12-13 08:00:00+00:00,13.38,13.44,13.38,13.44,9.97
2025-12-13 12:00:00+00:00,13.3,13.45,13.27,13.38,13.05
2025-12-13 16:00:00+00:00,13.4,13.41,13.34,13.39,67.46
2025-12-13 20:00:00+00:00,13.41,13.41,13.3,13.34,72.54
2025-12-14 00:00:00+00:00,13.34,13.39,13.33,13.33,31.13
2025-12-14 04:00:00+00:00,13.33,13.33,13.33,13.33,0.0
2025-12-14 08:00:00+00:00,13.19,13.19,13.05,13.05,22.43
2025-12-14 12:00:00+00:00,13.06,14.1,13.0,13.05,416.09
2025-12-14 16:00:00+00:00,13.04,13.05,12.91,12.95,634.26
2025-12-14 20:00:00+00:00,12.95,12.98,12.77,12.88,494.85
2025-12-15 00:00:00+00:00,12.88,13.25,12.88,13.1,146.55
2025-12-15 04:00:00+00:00,13.22,13.31,13.2,13.31,11.81
2025-12-15 08:00:00+00:00,13.21,13.3,13.21,13.3,6.37
2025-12-15 12:00:00+00:00,13.16,13.18,12.49,12.55,584.09
2025-12-15 16:00:00+00:00,12.45,12.66,12.25,12.38,505.66
2025-12-15 20:00:00+00:00,12.35,12.39,12.33,12.34,164.25
2025-12-16 00:00:00+00:00,12.34,12.34,12.19,12.25,418.56
2025-12-16 04:00:00+00:00,12.21,12.34,12.1,12.21,44.2
2025-12-16 08:00:00+00:00,12.17,12.38,12.16,12.38,232.89
2025-12-16 12:00:00+00:00,12.35,12.35,11.98,12.28,267.27
2025-12-16 16:00:00+00:00,12.34,12.34,12.22,12.29,392.61
2025-12-16 20:00:00+00:00,12.3,12.37,12.3,12.34,70.19
2025-12-17 00:00:00+00:00,12.3,12.37,12.3,12.32,36.76
2025-12-17 04:00:00+00:00,12.24,12.25,12.06,12.25,59.62
2025-12-17 08:00:00+00:00,12.12,12.16,12.07,12.16,43.72
2025-12-17 12:00:00+00:00,12.2,12.63,12.15,12.15,199.83
2025-12-17 16:00:00+00:00,12.11,12.11,11.75,11.87,372.12
2025-12-17 20:00:00+00:00,11.9,11.91,11.83,11.83,29.46
2025-12-18 00:00:00+00:00,11.84,11.87,11.72,11.75,215.47
2025-12-18 04:00:00+00:00,11.77,11.77,11.66,11.74,112.36
2025-12-18 08:00:00+00:00,11.76,11.77,11.67,11.67,277.03
2025-12-18 12:00:00+00:00,11.81,12.27,11.81,12.1,250.71
2025-12-18 16:00:00+00:00,12.16,12.16,11.34,11.34,694.61
2025-12-18 20:00:00+00:00,11.41,11.56,11.37,11.46,77.65
2025-12-19 00:00:00+00:00,11.34,11.75,11.28,11.75,473.19
2025-12-19 04:00:00+00:00,11.77,12.01,11.65,11.93,247.21
2025-12-19 08:00:00+00:00,11.99,11.99,11.93,11.97,124.97
2025-12-19 12:00:00+00:00,11.99,12.39,11.94,12.19,294.99
2025-12-19 16:00:00+00:00,12.29,12.38,12.08,12.35,184.27
2025-12-19 20:00:00+00:00,12.37,12.38,12.26,12.26,52.92
2025-12-20 00:00:00+00:00,12.27,12.27,12.2,12.21,39.83
2025-12-20 04:00:00+00:00,12.25,12.3,12.25,12.27,25.6
2025-12-20 08:00:00+00:00,12.37,12.38,12.34,12.34,13.45
2025-12-20 12:00:00+00:00,12.2,12.22,12.16,12.21,55.79
2025-12-20 16:00:00+00:00,12.27,12.28,12.27,12.27,24.39
2025-12-20 20:00:00+00:00,12.25,12.27,12.15,12.15,29.03
2025-12-21 00:00:00+00:00,12.21,12.21,12.12,12.15,31.16
2025-12-21 04:00:00+00:00,12.13,12.13,12.13,12.13,0.1
2025-12-21 08:00:00+00:00,12.13,12.31,12.13,12.31,9.27
2025-12-21 12:00:00+00:00,12.27,12.29,11.97,12.04,108.43
2025-12-21 16:00:00+00:00,12.16,12.16,12.12,12.12,32.89
2025-12-21 20:00:00+00:00,12.1,12.23,12.02,12.12,1052.1
2025-12-22 00:00:00+00:00,12.19,12.4,12.06,12.21,442.7
2025-12-22 04:00:00+00:00,12.21,12.21,12.17,12.17,1037.64
2025-12-22 08:00:00+00:00,12.32,12.4,12.25,12.4,292.23
2025-12-22 12:00:00+00:00,12.34,12.39,12.34,12.39,7.14
2025-12-22 16:00:00+00:00,12.37,12.4,12.13,12.16,44.09
2025-12-22 20:00:00+00:00,12.13,12.43,12.11,12.43,159.28
2025-12-23 00:00:00+00:00,12.45,12.52,12.45,12.47,73.73
2025-12-23 04:00:00+00:00,12.4,12.4,12.17,12.19,36.0
2025-12-23 08:00:00+00:00,12.16,12.28,12.16,12.28,27.9
2025-12-23 12:00:00+00:00,12.3,12.3,11.87,11.95,176.13
2025-12-23 16:00:00+00:00,12.0,12.13,11.97,12.07,206.21
2025-12-23 20:00:00+00:00,12.19,12.33,12.19,12.26,107.31
2025-12-24 00:00:00+00:00,12.19,12.19,12.0,12.0,75.59
2025-12-24 04:00:00+00:00,12.13,12.34,11.97,12.02,676.42
2025-12-24 08:00:00+00:00,12.05,12.06,12.01,12.01,94.21
2025-12-24 12:00:00+00:00,12.1,12.1,11.92,11.92,17.07
2025-12-24 16:00:00+00:00,12.01,12.01,11.92,11.92,160.59
2025-12-24 20:00:00+00:00,12.13,12.13,12.1,12.1,23.67
2025-12-25 00:00:00+00:00,12.07,12.19,12.07,12.15,150.57
2025-12-25 04:00:00+00:00,12.17,12.18,12.17,12.18,6.11
2025-12-25 08:00:00+00:00,12.27,12.31,12.18,12.2,15.62
2025-12-25 12:00:00+00:00,12.22,12.4,12.18,12.33,62.04
2025-12-25 16:00:00+00:00,12.36,12.52,12.36,12.44,20.18
2025-12-25 20:00:00+00:00,12.41,12.44,12.08,12.08,157.49
2025-12-26 00:00:00+00:00,12.06,12.59,12.05,12.52,3846.92
2025-12-26 04:00:00+00:00,12.51,12.51,12.51,12.51,7.92
2025-12-26 08:00:00+00:00,12.44,12.45,12.44,12.45,12.57
2025-12-26 12:00:00+00:00,12.43,12.43,12.17,12.23,97.1
2025-12-26 16:00:00+00:00,12.25,12.36,12.19,12.34,104.63
2025-12-26 20:00:00+00:00,12.38,12.38,12.32,12.37,365.17
2025-12-27 00:00:00+00:00,12.35,12.39,12.34,12.38,118.49
2025-12-27 04:00:00+00:00,12.43,12.44,12.38,12.44,15.35
2025-12-27 08:00:00+00:00,12.46,12.5,12.44,12.47,11.38
2025-12-27 12:00:00+00:00,12.48,12.53,12.48,12.52,430.49
2025-12-27 16:00:00+00:00,12.57,12.59,12.5,12.5,216.12
2025-12-27 20:00:00+00:00,12.55,12.78,12.55,12.68,275.55
2025-12-28 00:00:00+00:00,12.76,12.88,12.74,12.8,14.89
2025-12-28 04:00:00+00:00,12.86,12.86,12.79,12.81,13.12
2025-12-28 08:00:00+00:00,12.86,12.86,12.69,12.69,22.08
2025-12-28 12:00:00+00:00,12.64,12.76,12.64,12.76,3.68
2025-12-28 16:00:00+00:00,12.72,12.72,12.59,12.59,21.76
2025-12-28 20:00:00+00:00,12.59,12.61,12.53,12.61,142.11
2025-12-29 00:00:00+00:00,12.79,13.06,12.79,13.05,202.62
2025-12-29 04:00:00+00:00,13.13,13.25,12.91,13.0,1395.75
2025-12-29 08:00:00+00:00,13.03,13.03,12.74,12.78,170.75
2025-12-29 12:00:00+00:00,12.57,12.74,12.5,12.74,113.54
2025-12-29 16:00:00+00:00,12.65,12.68,12.57,12.57,447.24
2025-12-29 20:00:00+00:00,12.51,12.51,12.38,12.38,308.98
2025-12-30 00:00:00+00:00,12.41,12.41,12.35,12.35,14.99
2025-12-30 04:00:00+00:00,12.42,12.48,12.41,12.48,148.61
2025-12-30 08:00:00+00:00,12.51,12.53,12.49,12.52,79.88
2025-12-30 12:00:00+00:00,12.54,12.59,12.47,12.51,1095.78
2025-12-30 16:00:00+00:00,12.58,12.58,12.5,12.52,189.62
2025-12-30 20:00:00+00:00,12.5,12.57,12.48,12.57,150.09
2025-12-31 00:00:00+00:00,12.52,12.7,12.51,12.62,1030.81
2025-12-31 04:00:00+00:00,12.62,12.62,12.62,12.62,1.77
2025-12-31 08:00:00+00:00,12.49,12.49,12.47,12.47,19.38
2025-12-31 12:00:00+00:00,12.58,12.6,12.46,12.46,342.52
2025-12-31 16:00:00+00:00,12.45,12.45,12.25,12.34,798.67
2025-12-31 20:00:00+00:00,12.31,12.37,12.27,12.33,280.45
2026-01-01 00:00:00+00:00,12.35,12.36,12.29,12.29,393.59
2026-01-01 04:00:00+00:00,12.23,12.27,12.23,12.26,494.12
2026-01-01 08:00:00+00:00,12.3,12.37,12.3,12.37,192.32
2026-01-01 12:00:00+00:00,12.37,12.57,12.37,12.53,114.42
2026-01-01 16:00:00+00:00,12.54,13.53,12.54,13.53,206.13
2026-01-01 20:00:00+00:00,13.58,13.67,13.41,13.51,533.47
2026-01-02 00:00:00+00:00,13.55,13.81,13.53,13.75,50.01
2026-01-02 04:00:00+00:00,13.71,13.71,13.39,13.39,127.79
2026-01-02 08:00:00+00:00,13.46,13.54,13.37,13.4,47.07
2026-01-02 12:00:00+00:00,13.41,13.42,13.1,13.19,110.97
2026-01-02 16:00:00+00:00,13.31,13.63,13.3,13.63,482.53
2026-01-02 20:00:00+00:00,13.67,13.93,13.63,13.81,115.18
2026-01-03 00:00:00+00:00,13.86,14.24,13.83,14.23,279.82
2026-01-03 04:00:00+00:00,14.27,14.27,13.72,13.74,245.26
2026-01-03 08:00:00+00:00,13.73,14.03,13.73,13.96,559.08
2026-01-03 12:00:00+00:00,14.03,14.4,13.93,13.93,138.45
2026-01-03 16:00:00+00:00,13.84,13.91,13.82,13.85,97.89
2026-01-03 20:00:00+00:00,13.87,14.02,13.87,14.02,10.53
2026-01-04 00:00:00+00:00,14.03,14.05,13.95,14.01,76.08
2026-01-04 04:00:00+00:00,14.01,14.11,14.0,14.05,70.39
2026-01-04 08:00:00+00:00,14.05,14.06,14.01,14.06,84.01
2026-01-04 12:00:00+00:00,14.11,14.16,14.03,14.06,21.94
2026-01-04 16:00:00+00:00,14.2,14.28,14.03,14.1,109.82
2026-01-04 20:00:00+00:00,14.3,14.48,14.24,14.26,317.7
2026-01-05 00:00:00+00:00,14.27,14.48,14.22,14.42,153.89
2026-01-05 04:00:00+00:00,14.33,14.33,14.14,14.25,267.84
2026-01-05 08:00:00+00:00,14.31,14.35,14.24,14.24,43.86
2026-01-05 12:00:00+00:00,14.16,14.26,14.06,14.22,272.15
2026-01-05 16:00:00+00:00,14.09,14.32,14.0,14.32,293.0
2026-01-05 20:00:00+00:00,14.4,14.73,14.36,14.46,328.25
2026-01-06 00:00:00+00:00,14.49,14.72,14.29,14.42,259.94
2026-01-06 04:00:00+00:00,14.44,14.86,14.35,14.39,1017.31
2026-01-06 08:00:00+00:00,14.34,14.52,14.28,14.52,148.34
2026-01-06 12:00:00+00:00,14.53,14.83,14.44,14.53,682.25
2026-01-06 16:00:00+00:00,14.56,14.56,14.29,14.51,722.02
2026-01-06 20:00:00+00:00,14.52,14.76,14.49,14.62,384.06
2026-01-07 00:00:00+00:00,14.47,14.52,14.47,14.48,97.64
2026-01-07 04:00:00+00:00,14.5,14.53,14.47,14.47,234.6
2026-01-07 08:00:00+00:00,14.54,14.54,14.45,14.45,79.42
2026-01-07 12:00:00+00:00,14.46,14.46,13.94,14.03,462.24
2026-01-07 16:00:00+00:00,14.0,14.08,13.89,14.08,79.03
2026-01-07 20:00:00+00:00,14.1,14.15,14.03,14.13,114.8
2026-01-08 00:00:00+00:00,14.09,14.2,14.02,14.05,83.12
2026-01-08 04:00:00+00:00,14.01,14.13,13.72,13.72,88.32
2026-01-08 08:00:00+00:00,13.95,13.96,13.74,13.94,80.51
2026-01-08 12:00:00+00:00,13.8,13.97,13.61,13.94,85.96
2026-01-08 16:00:00+00:00,13.94,14.03,13.87,13.87,110.77
2026-01-08 20:00:00+00:00,13.87,13.96,13.87,13.96,3.06
2026-01-09 00:00:00+00:00,13.92,13.95,13.89,13.95,33.78
2026-01-09 04:00:00+00:00,13.98,14.01,13.91,13.99,30.75
2026-01-09 08:00:00+00:00,13.82,13.87,13.66,13.78,54.35
2026-01-09 12:00:00+00:00,13.72,14.15,13.72,14.0,62.13
2026-01-09 16:00:00+00:00,14.03,14.03,13.72,13.72,26.95
2026-01-09 20:00:00+00:00,13.84,13.84,13.81,13.81,39.37
2026-01-10 00:00:00+00:00,13.75,13.75,13.66,13.66,78.38
2026-01-10 04:00:00+00:00,13.67,13.72,13.67,13.72,154.57
2026-01-10 08:00:00+00:00,13.79,13.86,13.79,13.86,16.09
2026-01-10 12:00:00+00:00,13.83,13.88,13.82,13.82,15.06
2026-01-10 16:00:00+00:00,13.88,13.88,13.84,13.88,7.79
2026-01-10 20:00:00+00:00,13.89,13.9,13.75,13.78,7.13
2026-01-11 00:00:00+00:00,13.73,13.76,13.69,13.73,7.39
2026-01-11 04:00:00+00:00,13.79,13.79,13.79,13.79,1.31
2026-01-11 08:00:00+00:00,13.82,13.84,13.82,13.82,39.43
2026-01-11 12:00:00+00:00,13.85,13.96,13.85,13.91,37.78
2026-01-11 16:00:00+00:00,13.86,13.99,13.84,13.89,369.27
2026-01-11 20:00:00+00:00,13.85,13.85,13.55,13.56,223.8
2026-01-12 00:00:00+00:00,13.7,14.23,13.7,14.06,160.98
2026-01-12 04:00:00+00:00,14.02,14.05,13.79,13.79,197.75
2026-01-12 08:00:00+00:00,13.72,13.72,13.58,13.69,7.55
2026-01-12 12:00:00+00:00,13.68,13.89,13.49,13.89,117.04
2026-01-12 16:00:00+00:00,13.89,13.93,13.73,13.73,84.47
2026-01-12 20:00:00+00:00,13.75,13.75,13.55,13.55,1162.96
2026-01-13 00:00:00+00:00,13.54,13.58,13.49,13.57,60.34
2026-01-13 04:00:00+00:00,13.66,13.74,13.66,13.74,182.76
2026-01-13 08:00:00+00:00,13.83,13.84,13.8,13.8,8.43
2026-01-13 12:00:00+00:00,13.74,14.34,13.74,14.25,425.62
2026-01-13 16:00:00+00:00,14.38,14.56,14.37,14.55,320.83
2026-01-13 20:00:00+00:00,14.55,14.83,14.47,14.74,628.76
2026-01-14 00:00:00+00:00,14.73,14.77,14.73,14.74,143.27
2026-01-14 04:00:00+00:00,14.74,14.74,14.74,14.74,1.7
2026-01-14 08:00:00+00:00,14.7,14.7,14.51,14.51,101.41
2026-01-14 12:00:00+00:00,14.54,14.74,14.44,14.72,138.23
2026-01-14 16:00:00+00:00,14.77,14.94,14.44,14.66,292.24
2026-01-14 20:00:00+00:00,14.65,14.67,14.58,14.64,160.38
2026-01-15 00:00:00+00:00,14.5,14.5,14.14,14.14,177.23
2026-01-15 04:00:00+00:00,14.24,14.29,14.24,14.29,122.1
2026-01-15 08:00:00+00:00,14.32,14.43,14.32,14.33,59.2
2026-01-15 12:00:00+00:00,14.31,14.39,13.84,13.87,243.48
2026-01-15 16:00:00+00:00,14.06,14.07,13.65,13.69,220.36
2026-01-15 20:00:00+00:00,13.74,13.77,13.64,13.77,32.35
2026-01-16 00:00:00+00:00,13.81,13.87,13.72,13.77,119.01
2026-01-16 04:00:00+00:00,13.73,13.81,13.73,13.8,89.33
2026-01-16 08:00:00+00:00,13.79,13.79,13.77,13.77,10.9
2026-01-16 12:00:00+00:00,13.77,13.79,13.36,13.36,158.31
2026-01-16 16:00:00+00:00,13.36,13.39,13.25,13.39,163.01
2026-01-16 20:00:00+00:00,13.33,13.65,13.33,13.62,489.79
2026-01-17 00:00:00+00:00,13.61,13.61,13.56,13.56,5.69
2026-01-17 04:00:00+00:00,13.57,13.59,13.56,13.59,3.96
2026-01-17 08:00:00+00:00,13.67,13.68,13.65,13.68,33.16
2026-01-17 12:00:00+00:00,13.7,13.93,13.7,13.87,14.36
2026-01-17 16:00:00+00:00,13.88,13.88,13.76,13.81,104.16
2026-01-17 20:00:00+00:00,13.84,13.84,13.74,13.74,155.19
2026-01-18 00:00:00+00:00,13.76,13.76,13.67,13.72,9.03
2026-01-18 04:00:00+00:00,13.68,13.68,13.62,13.62,20.21
2026-01-18 08:00:00+00:00,13.63,15.42,13.6,13.62,1036.13
2026-01-18 12:00:00+00:00,13.58,13.58,13.51,13.51,4.28
2026-01-18 16:00:00+00:00,13.63,13.74,13.58,13.71,344.63
2026-01-18 20:00:00+00:00,13.73,13.77,12.97,12.97,416.91
2026-01-19 00:00:00+00:00,12.97,12.97,12.35,12.67,1301.45
2026-01-19 04:00:00+00:00,12.67,12.67,12.57,12.63,384.73
2026-01-19 08:00:00+00:00,12.78,12.84,12.71,12.75,27.17
2026-01-19 12:00:00+00:00,12.75,12.79,12.72,12.79,183.22
2026-01-19 16:00:00+00:00,12.66,13.0,12.66,12.83,656.25
2026-01-19 20:00:00+00:00,12.84,12.86,12.65,12.65,684.49
2026-01-20 00:00:00+00:00,12.71,12.77,12.64,12.7,62.81
2026-01-20 04:00:00+00:00,12.71,13.0,12.57,12.62,765.72
2026-01-20 08:00:00+00:00,12.53,12.54,12.47,12.52,51.66
2026-01-20 12:00:00+00:00,12.4,12.44,12.35,12.44,147.21
2026-01-20 16:00:00+00:00,12.34,12.34,12.09,12.18,212.47
2026-01-20 20:00:00+00:00,12.23,12.34,12.03,12.1,223.99
2026-01-21 00:00:00+00:00,12.12,12.32,12.12,12.3,20.88
2026-01-21 04:00:00+00:00,12.29,12.36,12.25,12.25,6.8
2026-01-21 08:00:00+00:00,12.24,14.02,12.14,12.14,1598.94
2026-01-21 12:00:00+00:00,12.13,12.41,12.01,12.37,2246.01
2026-01-21 16:00:00+00:00,12.36,12.54,11.92,12.54,537.59
2026-01-21 20:00:00+00:00,12.46,12.75,12.43,12.51,197.61
2026-01-22 00:00:00+00:00,12.55,12.55,12.45,12.49,8.83
2026-01-22 04:00:00+00:00,12.55,12.55,12.49,12.51,26.83
2026-01-22 08:00:00+00:00,12.42,12.47,12.38,12.38,29.3
2026-01-22 12:00:00+00:00,12.36,12.36,12.06,12.19,343.99
2026-01-22 16:00:00+00:00,12.19,12.25,12.12,12.13,200.25
2026-01-22 20:00:00+00:00,12.19,12.24,12.11,12.17,439.98
2026-01-23 00:00:00+00:00,12.21,12.27,12.2,12.27,193.16
2026-01-23 04:00:00+00:00,12.32,12.36,12.17,12.17,55.11
2026-01-23 08:00:00+00:00,12.12,12.22,12.11,12.22,28.64
2026-01-23 12:00:00+00:00,12.21,12.23,12.01,12.19,104.5
2026-01-23 16:00:00+00:00,12.21,12.47,12.19,12.19,376.28
2026-01-23 20:00:00+00:00,12.17,12.21,12.14,12.21,49.5
2026-01-24 00:00:00+00:00,12.18,12.18,12.17,12.17,102.9
2026-01-24 04:00:00+00:00,12.23,12.23,12.14,12.16,50.8
2026-01-24 08:00:00+00:00,12.1,12.1,12.09,12.09,63.58
2026-01-24 12:00:00+00:00,12.1,12.12,12.09,12.1,10.57
2026-01-24 16:00:00+00:00,12.05,12.09,12.05,12.07,631.56
2026-01-24 20:00:00+00:00,12.09,12.12,12.08,12.08,58.13
2026-01-25 00:00:00+00:00,12.07,12.08,11.94,11.98,367.43
2026-01-25 04:00:00+00:00,11.98,11.98,11.94,11.94,18.62
2026-01-25 08:00:00+00:00,11.93,12.04,11.89,12.04,108.43
2026-01-25 12:00:00+00:00,11.91,11.91,11.89,11.89,1.39
2026-01-25 16:00:00+00:00,11.82,11.82,11.22,11.22,442.77
2026-01-25 20:00:00+00:00,11.31,11.5,11.3,11.5,154.67
2026-01-26 00:00:00+00:00,11.53,11.73,11.49,11.64,93.65
2026-01-26 04:00:00+00:00,11.65,11.65,11.58,11.58,29.63
2026-01-26 08:00:00+00:00,11.76,11.76,11.66,11.69,462.92
2026-01-26 12:00:00+00:00,11.8,11.9,11.69,11.69,71.85
2026-01-26 16:00:00+00:00,11.8,11.8,11.68,11.75,159.25
2026-01-26 20:00:00+00:00,11.66,11.75,11.66,11.75,115.2
2026-01-27 00:00:00+00:00,11.71,11.81,11.71,11.81,31.39
2026-01-27 04:00:00+00:00,11.8,11.8,11.73,11.78,334.69
2026-01-27 08:00:00+00:00,11.77,11.77,11.68,11.68,21.39
2026-01-27 12:00:00+00:00,11.69,11.73,11.62,11.62,21.49
2026-01-27 16:00:00+00:00,11.73,11.95,11.64,11.72,274.62
2026-01-27 20:00:00+00:00,11.9,12.18,11.9,12.18,149.15
2026-01-28 00:00:00+00:00,12.13,12.17,12.08,12.09,24.46
2026-01-28 04:00:00+00:00,12.1,12.18,12.09,12.09,207.09
2026-01-28 08:00:00+00:00,12.06,12.21,12.03,12.21,138.04
2026-01-28 12:00:00+00:00,12.25,12.27,11.97,12.07,30.8
2026-01-28 16:00:00+00:00,11.98,12.05,11.94,12.05,21.64
2026-01-28 20:00:00+00:00,12.07,12.14,12.06,12.14,76.93
2026-01-29 00:00:00+00:00,11.91,11.91,11.77,11.78,805.57
2026-01-29 04:00:00+00:00,11.75,11.84,11.7,11.8,180.56
2026-01-29 08:00:00+00:00,11.8,11.8,11.65,11.7,47.73
2026-01-29 12:00:00+00:00,11.66,11.66,10.9,10.9,517.78
2026-01-29 16:00:00+00:00,11.01,11.06,10.85,11.02,1629.4
2026-01-29 20:00:00+00:00,11.0,11.1,10.98,11.04,79.0
2026-01-30 00:00:00+00:00,11.04,11.07,10.77,10.92,279.94
2026-01-30 04:00:00+00:00,10.99,10.99,10.83,10.84,20.63
2026-01-30 08:00:00+00:00,10.95,11.01,10.85,10.97,97.28
2026-01-30 12:00:00+00:00,10.93,11.01,10.89,10.96,175.7
2026-01-30 16:00:00+00:00,10.93,11.04,10.62,11.04,666.13
2026-01-30 20:00:00+00:00,10.95,10.95,10.83,10.91,794.43
2026-01-31 00:00:00+00:00,10.86,10.89,10.82,10.82,36.81
2026-01-31 04:00:00+00:00,10.88,10.88,10.6,10.64,864.36
2026-01-31 08:00:00+00:00,10.59,10.62,10.42,10.62,268.81
2026-01-31 12:00:00+00:00,10.58,10.58,10.01,10.21,481.08
2026-01-31 16:00:00+00:00,10.13,10.24,9.28,9.91,2623.65
2026-01-31 20:00:00+00:00,9.86,10.14,9.81,10.13,507.59
2026-02-01 00:00:00+00:00,10.18,10.22,10.11,10.21,54.99
2026-02-01 04:00:00+00:00,10.24,10.25,10.19,10.24,15.76
2026-02-01 08:00:00+00:00,10.19,10.19,10.04,10.12,101.09
2026-02-01 12:00:00+00:00,10.06,10.08,9.81,9.81,487.52
2026-02-01 16:00:00+00:00,9.86,10.05,9.82,9.83,2703.52
2026-02-01 20:00:00+00:00,9.88,10.05,9.71,10.05,943.64
2026-02-02 00:00:00+00:00,9.86,10.1,9.56,9.86,732.79
2026-02-02 04:00:00+00:00,9.88,9.9,9.57,9.88,852.41
2026-02-02 08:00:00+00:00,9.92,10.03,9.77,10.03,1051.43
2026-02-02 12:00:00+00:00,10.09,10.31,10.05,10.29,583.08
2026-02-02 16:00:00+00:00,10.23,10.25,10.16,10.18,581.51
2026-02-02 20:00:00+00:00,10.15,10.15,10.1,10.15,86.21
2026-02-03 00:00:00+00:00,10.11,10.12,9.95,9.99,85.08
2026-02-03 04:00:00+00:00,10.1,10.18,9.85,10.15,1724.71
2026-02-03 08:00:00+00:00,10.04,10.06,10.04,10.06,20.53
2026-02-03 12:00:00+00:00,10.12,10.22,9.98,10.17,732.17
2026-02-03 16:00:00+00:00,10.1,10.1,9.55,9.88,743.6
2026-02-03 20:00:00+00:00,10.03,10.25,9.94,9.94,572.54
2026-02-04 00:00:00+00:00,9.93,10.05,9.92,10.02,141.58
2026-02-04 04:00:00+00:00,10.12,10.14,10.12,10.14,70.84
2026-02-04 08:00:00+00:00,10.15,10.15,9.92,10.02,360.95
2026-02-04 12:00:00+00:00,10.01,10.01,9.65,9.71,955.95
2026-02-04 16:00:00+00:00,9.73,9.93,9.6,9.93,1926.62
2026-02-04 20:00:00+00:00,9.92,9.92,9.61,9.76,469.98
2026-02-05 00:00:00+00:00,9.7,9.79,9.61,9.61,954.6
2026-02-05 04:00:00+00:00,9.55,9.62,9.49,9.49,144.16
2026-02-05 08:00:00+00:00,9.61,9.61,9.22,9.33,248.97
2026-02-05 12:00:00+00:00,9.29,9.43,8.79,9.0,852.07
2026-02-05 16:00:00+00:00,8.86,9.09,8.69,8.69,778.41
2026-02-05 20:00:00+00:00,8.71,9.43,8.27,8.3,3526.79
2026-02-06 00:00:00+00:00,8.3,8.48,7.79,8.3,2164.05
2026-02-06 04:00:00+00:00,8.27,8.63,8.27,8.43,1862.1
2026-02-06 08:00:00+00:00,8.42,8.8,8.36,8.73,1863.24
2026-02-06 12:00:00+00:00,8.67,9.07,8.67,9.07,2319.76
2026-02-06 16:00:00+00:00,9.01,9.47,9.01,9.2,3476.16
2026-02-06 20:00:00+00:00,9.24,9.38,9.22,9.31,292.05
2026-02-07 00:00:00+00:00,9.23,9.3,9.2,9.3,37.73
2026-02-07 04:00:00+00:00,9.31,9.35,8.93,9.03,487.85
2026-02-07 08:00:00+00:00,9.06,9.06,9.05,9.05,33.82
2026-02-07 12:00:00+00:00,9.04,9.22,9.04,9.16,897.75
2026-02-07 16:00:00+00:00,9.19,9.37,9.14,9.37,779.87
2026-02-07 20:00:00+00:00,9.27,9.31,9.2,9.22,831.2
2026-02-08 00:00:00+00:00,9.2,9.24,9.14,9.14,487.51
2026-02-08 04:00:00+00:00,9.13,9.16,9.11,9.11,27.8
2026-02-08 08:00:00+00:00,9.17,9.25,9.17,9.25,126.1
2026-02-08 12:00:00+00:00,9.23,9.28,9.16,9.16,221.64
2026-02-08 16:00:00+00:00,9.16,9.19,9.07,9.19,95.28
2026-02-08 20:00:00+00:00,9.13,9.27,9.03,9.11,1030.42
2026-02-09 00:00:00+00:00,9.07,9.14,9.07,9.13,32.93
2026-02-09 04:00:00+00:00,9.17,9.17,9.04,9.04,196.5
2026-02-09 08:00:00+00:00,9.0,9.0,8.79,8.79,1995.65
2026-02-09 12:00:00+00:00,8.86,8.99,8.86,8.99,398.28
2026-02-09 16:00:00+00:00,8.95,9.15,8.95,9.1,502.35
2026-02-09 20:00:00+00:00,9.13,9.13,9.02,9.05,265.02
2026-02-10 00:00:00+00:00,9.05,9.05,8.88,8.88,84.71
2026-02-10 04:00:00+00:00,8.98,8.98,8.77,8.77,122.59
2026-02-10 08:00:00+00:00,8.83,8.87,8.83,8.85,61.91
2026-02-10 12:00:00+00:00,8.83,8.88,8.75,8.81,2189.4
2026-02-10 16:00:00+00:00,8.8,8.85,8.66,8.7,2246.37
2026-02-10 20:00:00+00:00,8.72,8.74,8.66,8.74,21.21
2026-02-11 00:00:00+00:00,8.81,8.94,8.81,8.94,35.64
2026-02-11 04:00:00+00:00,8.79,8.79,8.54,8.56,1242.9
2026-02-11 08:00:00+00:00,8.53,8.6,8.49,8.6,1509.83
2026-02-11 12:00:00+00:00,8.58,8.87,8.47,8.52,1060.38
2026-02-11 16:00:00+00:00,8.55,8.73,8.49,8.73,1469.79
2026-02-11 20:00:00+00:00,8.72,8.75,8.66,8.66,195.12
2026-02-12 00:00:00+00:00,8.73,8.76,8.73,8.76,72.34
2026-02-12 04:00:00+00:00,8.73,8.8,8.73,8.8,910.81
2026-02-12 08:00:00+00:00,8.81,8.85,8.81,8.85,26.51
2026-02-12 12:00:00+00:00,8.89,8.95,8.82,8.93,217.92
2026-02-12 16:00:00+00:00,8.71,8.85,8.65,8.85,1628.91
2026-02-12 20:00:00+00:00,8.79,8.92,8.7,8.88,134.71
2026-02-13 00:00:00+00:00,8.93,8.97,8.83,8.87,106.58
2026-02-13 04:00:00+00:00,8.8,8.84,8.77,8.84,57.75
2026-02-13 08:00:00+00:00,8.86,8.88,8.85,8.85,45.2
2026-02-13 12:00:00+00:00,8.91,9.19,8.89,9.19,141.52
2026-02-13 16:00:00+00:00,9.2,9.21,9.15,9.19,85.85
2026-02-13 20:00:00+00:00,9.2,9.25,9.2,9.23,60.7
2026-02-14 00:00:00+00:00,9.14,9.2,9.13,9.2,44.54
2026-02-14 04:00:00+00:00,9.22,9.22,9.16,9.17,9.02
2026-02-14 08:00:00+00:00,9.27,9.28,9.22,9.28,15.83
2026-02-14 12:00:00+00:00,9.29,9.38,9.29,9.35,21.79
2026-02-14 16:00:00+00:00,9.39,9.63,9.39,9.63,121.31
2026-02-14 20:00:00+00:00,9.66,9.71,9.54,9.58,67.05
2026-02-15 00:00:00+00:00,9.57,9.57,9.46,9.57,55.14
2026-02-15 04:00:00+00:00,9.63,9.72,9.63,9.72,154.01
2026-02-15 08:00:00+00:00,9.54,9.6,9.51,9.51,50.04
2026-02-15 12:00:00+00:00,9.55,9.55,9.29,9.41,84.61
2026-02-15 16:00:00+00:00,9.36,9.36,9.21,9.28,61.81
2026-02-15 20:00:00+00:00,9.18,9.27,9.16,9.26,24.18
2026-02-16 00:00:00+00:00,9.29,9.29,9.29,9.29,1.21
2026-02-16 04:00:00+00:00,9.31,9.32,9.29,9.3,40.05
2026-02-16 08:00:00+00:00,9.3,9.3,9.2,9.23,25.58
2026-02-16 12:00:00+00:00,9.38,9.41,9.07,9.09,202.22
2026-02-16 16:00:00+00:00,9.13,9.16,9.13,9.16,23.62
2026-02-16 20:00:00+00:00,9.21,9.32,9.21,9.32,10.28
2026-02-17 00:00:00+00:00,9.24,9.27,9.23,9.27,150.93
2026-02-17 04:00:00+00:00,9.2,9.23,9.2,9.23,4.38
2026-02-17 08:00:00+00:00,9.16,9.17,9.06,9.06,13.35
2026-02-17 12:00:00+00:00,9.14,9.21,9.04,9.07,106.7
2026-02-17 16:00:00+00:00,9.24,9.27,9.05,9.23,22.04
2026-02-17 20:00:00+00:00,9.17,9.17,9.17,9.17,21.62
2026-02-18 00:00:00+00:00,9.13,9.14,9.13,9.14,2.73
2026-02-18 04:00:00+00:00,9.08,9.08,9.05,9.07,24.61
2026-02-18 08:00:00+00:00,9.14,9.15,9.01,9.06,37.36
2026-02-18 12:00:00+00:00,9.07,9.09,8.98,9.05,37.32
2026-02-18 16:00:00+00:00,9.05,9.05,8.81,8.84,223.02
2026-02-18 20:00:00+00:00,8.87,8.88,8.85,8.88,120.25
2026-02-19 00:00:00+00:00,8.87,8.89,8.87,8.89,12.42
2026-02-19 04:00:00+00:00,8.92,8.94,8.85,8.91,15.05
2026-02-19 08:00:00+00:00,8.8,8.8,8.8,8.8,1.34
2026-02-19 12:00:00+00:00,8.79,8.83,8.69,8.81,385.11
2026-02-19 16:00:00+00:00,8.82,8.91,8.8,8.87,420.6
2026-02-19 20:00:00+00:00,8.88,8.93,8.88,8.88,392.02
2026-02-20 00:00:00+00:00,8.93,8.95,8.93,8.94,86.25
2026-02-20 04:00:00+00:00,8.9,9.27,8.9,9.2,292.97
2026-02-20 08:00:00+00:00,9.24,9.31,9.23,9.24,389.45
2026-02-20 12:00:00+00:00,9.13,9.16,8.94,9.12,431.12
2026-02-20 16:00:00+00:00,9.21,9.22,9.02,9.14,242.79
2026-02-20 20:00:00+00:00,9.16,9.16,9.16,9.16,2.17
2026-02-21 00:00:00+00:00,9.16,9.18,9.13,9.18,17.77
2026-02-21 04:00:00+00:00,9.17,9.2,9.14,9.14,70.07
2026-02-21 08:00:00+00:00,9.23,9.28,9.23,9.28,23.82
2026-02-21 12:00:00+00:00,9.28,9.45,9.24,9.28,190.71
2026-02-21 16:00:00+00:00,9.22,9.3,9.21,9.3,12.2
2026-02-21 20:00:00+00:00,9.28,9.28,9.17,9.17,17.95
2026-02-22 00:00:00+00:00,9.09,9.1,9.02,9.04,260.07
2026-02-22 04:00:00+00:00,9.05,9.05,9.0,9.0,91.83
2026-02-22 08:00:00+00:00,8.98,8.98,8.98,8.98,8.39
2026-02-22 12:00:00+00:00,8.96,8.96,8.84,8.84,89.65
2026-02-22 16:00:00+00:00,8.83,8.83,8.82,8.82,4.07
2026-02-22 20:00:00+00:00,8.8,8.83,8.8,8.82,9.69
2026-02-23 00:00:00+00:00,8.9,8.9,8.36,8.42,250.19
2026-02-23 04:00:00+00:00,8.41,8.59,8.34,8.59,93.72
2026-02-23 08:00:00+00:00,8.55,8.64,8.54,8.64,114.15
2026-02-23 12:00:00+00:00,8.72,8.74,8.6,8.6,8.24
2026-02-23 16:00:00+00:00,8.53,8.6,8.39,8.47,180.35
2026-02-23 20:00:00+00:00,8.41,8.42,8.41,8.42,3.32
2026-02-24 00:00:00+00:00,8.34,8.44,8.24,8.31,195.49
2026-02-24 04:00:00+00:00,8.27,8.31,8.27,8.31,64.01
2026-02-24 08:00:00+00:00,8.27,8.3,8.26,8.3,44.7
2026-02-24 12:00:00+00:00,8.28,8.32,8.18,8.32,76.13
2026-02-24 16:00:00+00:00,8.39,8.42,8.32,8.32,29.21
2026-02-24 20:00:00+00:00,8.32,8.32,8.24,8.28,107.87
2026-02-25 00:00:00+00:00,8.3,8.68,8.3,8.57,318.49
2026-02-25 04:00:00+00:00,8.5,8.54,8.5,8.54,97.12
2026-02-25 08:00:00+00:00,8.65,8.85,8.65,8.85,45.83
2026-02-25 12:00:00+00:00,9.0,9.57,8.99,9.56,276.34
2026-02-25 16:00:00+00:00,9.64,9.78,9.58,9.7,112.99
2026-02-25 20:00:00+00:00,9.72,9.83,9.5,9.5,315.38
2026-02-26 00:00:00+00:00,9.54,9.54,9.54,9.54,17.32
2026-02-26 04:00:00+00:00,9.5,9.5,9.33,9.33,31.67
2026-02-26 08:00:00+00:00,9.32,9.39,9.25,9.25,87.16
2026-02-26 12:00:00+00:00,9.25,9.34,9.25,9.27,89.43
2026-02-26 16:00:00+00:00,9.22,9.3,9.09,9.3,159.53
2026-02-26 20:00:00+00:00,9.29,9.3,9.23,9.3,144.57
2026-02-27 00:00:00+00:00,9.3,9.41,9.26,9.41,309.81
2026-02-27 04:00:00+00:00,9.43,9.46,9.39,9.41,100.06
2026-02-27 08:00:00+00:00,9.36,9.37,9.0,9.01,179.75
2026-02-27 12:00:00+00:00,9.02,9.05,8.94,9.0,160.51
2026-02-27 16:00:00+00:00,8.93,8.96,8.86,8.86,139.31
2026-02-27 20:00:00+00:00,8.87,8.94,8.8,8.94,130.28
2026-02-28 00:00:00+00:00,8.97,8.97,8.92,8.92,20.01
2026-02-28 04:00:00+00:00,8.89,8.91,8.5,8.72,378.25
2026-02-28 08:00:00+00:00,8.53,8.55,8.46,8.51,95.93
2026-02-28 12:00:00+00:00,8.54,8.72,8.54,8.66,99.77
2026-02-28 16:00:00+00:00,8.64,8.96,8.64,8.93,397.97
2026-02-28 20:00:00+00:00,8.91,9.21,8.91,9.18,194.22
2026-03-01 00:00:00+00:00,9.18,9.42,9.06,9.26,131.78
2026-03-01 04:00:00+00:00,9.27,9.34,9.18,9.2,34.97
2026-03-01 08:00:00+00:00,9.18,9.18,9.16,9.18,44.81
2026-03-01 12:00:00+00:00,9.08,9.19,9.04,9.17,195.95
2026-03-01 16:00:00+00:00,9.15,9.16,8.97,9.06,94.57
2026-03-01 20:00:00+00:00,8.96,9.04,8.85,9.04,125.42
2026-03-02 00:00:00+00:00,9.13,9.14,9.04,9.09,68.82
2026-03-02 04:00:00+00:00,9.11,9.11,8.88,8.88,19.74
2026-03-02 08:00:00+00:00,8.88,9.02,8.88,9.0,159.64
2026-03-02 12:00:00+00:00,8.92,9.38,8.9,9.32,678.34
2026-03-02 16:00:00+00:00,9.35,9.45,9.19,9.24,167.82
2026-03-02 20:00:00+00:00,9.23,9.23,9.2,9.23,181.35
2026-03-03 00:00:00+00:00,9.17,9.23,9.16,9.19,385.74
2026-03-03 04:00:00+00:00,9.08,9.19,9.08,9.19,34.7
2026-03-03 08:00:00+00:00,9.08,9.08,8.96,9.02,35.35
2026-03-03 12:00:00+00:00,8.95,9.14,8.93,9.14,81.21
2026-03-03 16:00:00+00:00,9.22,9.31,9.15,9.16,216.34
2026-03-03 20:00:00+00:00,9.17,9.18,9.06,9.17,191.14
2026-03-04 00:00:00+00:00,9.21,9.21,9.19,9.19,63.62
2026-03-04 04:00:00+00:00,9.1,9.11,9.05,9.05,12.17
2026-03-04 08:00:00+00:00,9.2,9.43,9.2,9.37,79.31
2026-03-04 12:00:00+00:00,9.31,9.72,9.31,9.72,263.72
2026-03-04 16:00:00+00:00,9.58,9.72,9.5,9.69,224.11
2026-03-04 20:00:00+00:00,9.61,9.61,9.48,9.48,94.4
2026-03-05 00:00:00+00:00,9.47,9.52,9.43,9.44,75.05
2026-03-05 04:00:00+00:00,9.45,9.49,9.33,9.35,181.07
2026-03-05 08:00:00+00:00,9.36,9.57,9.36,9.51,63.39
2026-03-05 12:00:00+00:00,9.4,9.5,9.35,9.4,94.4
2026-03-05 16:00:00+00:00,9.31,9.41,9.3,9.41,20.25
2026-03-05 20:00:00+00:00,9.46,9.49,9.42,9.42,9.15
2026-03-06 00:00:00+00:00,9.4,9.4,9.4,9.4,8.1
2026-03-06 04:00:00+00:00,9.37,9.37,9.37,9.37,5.86
2026-03-06 08:00:00+00:00,9.41,9.41,9.26,9.26,37.35
2026-03-06 12:00:00+00:00,9.22,9.23,8.93,9.03,475.65
2026-03-06 16:00:00+00:00,8.93,8.98,8.89,8.97,40.94
2026-03-06 20:00:00+00:00,8.98,9.07,8.96,9.06,53.89
2026-03-07 00:00:00+00:00,9.03,9.06,9.02,9.06,21.42
2026-03-07 04:00:00+00:00,9.03,9.03,8.98,9.0,5.68
2026-03-07 08:00:00+00:00,8.99,9.0,8.99,9.0,50.28
2026-03-07 12:00:00+00:00,9.01,9.02,8.96,8.98,91.75
2026-03-07 16:00:00+00:00,8.96,8.99,8.93,8.93,41.96
2026-03-07 20:00:00+00:00,8.9,8.94,8.88,8.89,199.91
2026-03-08 00:00:00+00:00,8.89,8.91,8.83,8.83,28.11
2026-03-08 04:00:00+00:00,8.82,8.88,8.8,8.87,40.83
2026-03-08 08:00:00+00:00,8.91,9.0,8.91,9.0,26.95
2026-03-08 12:00:00+00:00,8.94,8.97,8.87,8.87,248.83
2026-03-08 16:00:00+00:00,8.87,8.97,8.87,8.97,3.62
2026-03-08 20:00:00+00:00,8.97,8.97,8.69,8.82,143.42
2026-03-09 00:00:00+00:00,8.9,9.09,8.86,8.97,270.09
2026-03-09 04:00:00+00:00,8.99,9.28,8.99,9.08,542.56
2026-03-09 08:00:00+00:00,9.09,9.16,9.03,9.06,122.22
2026-03-09 12:00:00+00:00,9.11,9.32,9.11,9.23,437.94
2026-03-09 16:00:00+00:00,9.28,9.55,9.22,9.43,228.79
2026-03-09 20:00:00+00:00,9.39,9.47,9.22,9.22,130.43
2026-03-10 00:00:00+00:00,9.25,9.54,9.25,9.35,535.58
2026-03-10 04:00:00+00:00,9.37,9.52,9.36,9.4,620.55
2026-03-10 08:00:00+00:00,9.42,9.6,9.42,9.49,529.71
2026-03-10 12:00:00+00:00,9.46,9.82,9.33,9.82,513.8
2026-03-10 16:00:00+00:00,9.78,10.0,9.53,9.6,711.79
2026-03-10 20:00:00+00:00,9.56,9.59,9.51,9.51,49.41
2026-03-11 00:00:00+00:00,9.56,9.57,9.49,9.55,58.87
2026-03-11 04:00:00+00:00,9.56,9.72,9.49,9.49,197.45
2026-03-11 08:00:00+00:00,9.55,9.55,9.52,9.52,73.72
2026-03-11 12:00:00+00:00,9.57,9.83,9.52,9.61,1113.18
2026-03-11 16:00:00+00:00,9.62,9.75,9.56,9.72,180.22
2026-03-11 20:00:00+00:00,9.61,9.65,9.52,9.52,111.67
2026-03-12 00:00:00+00:00,9.54,9.56,9.45,9.48,556.79
2026-03-12 04:00:00+00:00,9.53,9.53,9.44,9.46,32.58
2026-03-12 08:00:00+00:00,9.6,9.6,9.5,9.57,107.46
2026-03-12 12:00:00+00:00,9.57,9.62,9.49,9.57,258.5
2026-03-12 16:00:00+00:00,9.59,9.65,9.41,9.62,633.8
2026-03-12 20:00:00+00:00,9.61,9.72,9.58,9.72,72.19
2026-03-13 00:00:00+00:00,9.79,9.99,9.74,9.91,786.24
2026-03-13 04:00:00+00:00,9.95,9.97,9.83,9.83,135.06
2026-03-13 08:00:00+00:00,9.87,10.01,9.82,9.98,174.35
2026-03-13 12:00:00+00:00,10.03,10.26,9.89,9.89,1096.02
2026-03-13 16:00:00+00:00,9.87,9.93,9.73,9.73,189.43
2026-03-13 20:00:00+00:00,9.75,9.83,9.68,9.68,119.54
2026-03-14 00:00:00+00:00,9.66,9.74,9.61,9.74,64.05
2026-03-14 04:00:00+00:00,9.75,11.2,9.6,9.61,2436.09
2026-03-14 08:00:00+00:00,9.59,9.59,9.55,9.56,122.81
2026-03-14 12:00:00+00:00,9.54,9.57,9.54,9.57,20.34
2026-03-14 16:00:00+00:00,9.54,9.59,9.53,9.57,212.64
2026-03-14 20:00:00+00:00,9.58,9.71,9.58,9.7,138.97
2026-03-15 00:00:00+00:00,9.73,9.79,9.68,9.73,164.58
2026-03-15 04:00:00+00:00,9.71,9.71,9.68,9.68,27.37
2026-03-15 08:00:00+00:00,9.77,9.83,9.77,9.79,169.98
2026-03-15 12:00:00+00:00,9.86,9.87,9.72,9.75,197.39
2026-03-15 16:00:00+00:00,9.72,9.79,9.7,9.71,96.3
2026-03-15 20:00:00+00:00,9.75,10.03,9.75,9.93,314.59
2026-03-16 00:00:00+00:00,9.96,10.4,9.88,10.25,434.23
2026-03-16 04:00:00+00:00,10.32,10.51,10.3,10.34,793.8
2026-03-16 08:00:00+00:00,10.43,10.43,10.22,10.23,286.07
2026-03-16 12:00:00+00:00,10.23,10.26,10.05,10.08,726.52
2026-03-16 16:00:00+00:00,10.17,10.3,10.17,10.29,219.84
2026-03-16 20:00:00+00:00,10.31,10.56,10.31,10.48,446.75
2026-03-17 00:00:00+00:00,10.48,10.51,10.31,10.32,266.66
2026-03-17 04:00:00+00:00,10.28,10.38,10.26,10.38,66.06
2026-03-17 08:00:00+00:00,10.32,10.32,10.24,10.27,252.87
2026-03-17 12:00:00+00:00,10.28,10.31,10.23,10.26,263.69
2026-03-17 16:00:00+00:00,10.28,10.33,10.28,10.28,44.58
2026-03-17 20:00:00+00:00,10.27,10.33,9.66,10.19,1830.24
2026-03-18 00:00:00+00:00,10.2,10.28,10.17,10.28,170.06
2026-03-18 04:00:00+00:00,10.28,10.34,10.24,10.3,52.48
2026-03-18 08:00:00+00:00,10.25,10.27,9.9,9.98,303.62
2026-03-18 12:00:00+00:00,9.92,9.92,9.5,9.56,1128.31
2026-03-18 16:00:00+00:00,9.54,9.71,9.5,9.63,2756.93
2026-03-18 20:00:00+00:00,9.63,9.73,9.58,9.67,345.72
2026-03-19 00:00:00+00:00,9.68,9.74,9.64,9.71,250.48
2026-03-19 04:00:00+00:00,9.66,9.66,9.47,9.58,298.05
2026-03-19 08:00:00+00:00,9.5,9.58,9.5,9.58,166.4
2026-03-19 12:00:00+00:00,9.49,9.49,9.33,9.4,723.87
2026-03-19 16:00:00+00:00,9.36,9.57,9.36,9.51,449.47
2026-03-19 20:00:00+00:00,9.52,9.53,9.45,9.46,466.04
2026-03-20 00:00:00+00:00,9.46,9.57,9.46,9.55,265.06
2026-03-20 04:00:00+00:00,9.58,9.58,9.47,9.54,109.15
2026-03-20 08:00:00+00:00,9.53,9.6,9.5,9.53,265.84
2026-03-20 12:00:00+00:00,9.5,9.51,9.43,9.48,536.99
2026-03-20 16:00:00+00:00,9.5,9.5,9.43,9.47,236.13
2026-03-20 20:00:00+00:00,9.53,9.64,9.48,9.57,224.76
2026-03-21 00:00:00+00:00,9.57,9.6,9.53,9.59,102.37
2026-03-21 04:00:00+00:00,9.61,9.61,9.58,9.61,26.41
2026-03-21 08:00:00+00:00,9.57,9.57,9.56,9.56,68.33
2026-03-21 12:00:00+00:00,9.52,9.53,9.47,9.47,82.33
2026-03-21 16:00:00+00:00,9.54,9.55,9.49,9.5,109.84
2026-03-21 20:00:00+00:00,9.5,9.53,9.16,9.19,253.96
2026-03-22 00:00:00+00:00,9.15,9.31,9.06,9.28,404.84
2026-03-22 04:00:00+00:00,9.28,9.31,9.21,9.26,24.32
2026-03-22 08:00:00+00:00,9.17,9.17,9.07,9.07,291.11
2026-03-22 12:00:00+00:00,9.06,9.13,9.06,9.08,163.27
2026-03-22 16:00:00+00:00,9.11,9.11,8.97,8.99,270.45
2026-03-22 20:00:00+00:00,8.99,9.09,8.88,9.04,348.4
2026-03-23 00:00:00+00:00,9.02,9.38,9.02,9.08,1530.35
2026-03-23 04:00:00+00:00,9.12,9.19,8.97,8.98,135.39
2026-03-23 08:00:00+00:00,9.01,9.57,8.95,9.42,2175.47
2026-03-23 12:00:00+00:00,9.44,9.75,9.41,9.5,447.33
2026-03-23 16:00:00+00:00,9.49,9.62,9.49,9.49,87.4
2026-03-23 20:00:00+00:00,9.53,9.55,9.51,9.55,141.56
2026-03-24 00:00:00+00:00,9.6,9.6,9.47,9.56,252.63
2026-03-24 04:00:00+00:00,9.6,9.65,9.48,9.59,232.25
2026-03-24 08:00:00+00:00,9.6,9.6,9.53,9.53,239.32
2026-03-24 12:00:00+00:00,9.53,9.55,9.52,9.52,108.21
