timestamp,open,high,low,close,volume
2025-03-24 16:00:00+00:00,0.18412,0.18851,0.18068,0.18638,236603.0
2025-03-24 20:00:00+00:00,0.18649,0.18879,0.18213,0.18297,49419.0
2025-03-25 00:00:00+00:00,0.18283,0.18745,0.18143,0.18143,437646.0
2025-03-25 04:00:00+00:00,0.18138,0.185,0.18094,0.18262,64662.0
2025-03-25 08:00:00+00:00,0.1835,0.18687,0.18336,0.18645,58166.0
2025-03-25 12:00:00+00:00,0.18593,0.19349,0.18479,0.19182,155690.0
2025-03-25 16:00:00+00:00,0.19112,0.19327,0.18893,0.19136,175544.0
2025-03-25 20:00:00+00:00,0.19102,0.19349,0.1889,0.19086,101148.0
2025-03-26 00:00:00+00:00,0.19052,0.19576,0.18942,0.19,174930.0
2025-03-26 04:00:00+00:00,0.19055,0.20176,0.19055,0.2013,41573.0
2025-03-26 08:00:00+00:00,0.2013,0.20559,0.2013,0.20331,530041.0
2025-03-26 12:00:00+00:00,0.20364,0.20364,0.19521,0.19632,321087.0
2025-03-26 16:00:00+00:00,0.1956,0.19781,0.19201,0.19423,174429.0
2025-03-26 20:00:00+00:00,0.19446,0.19753,0.19235,0.19476,1102813.0
2025-03-27 00:00:00+00:00,0.19483,0.20017,0.193,0.19943,55081.0
2025-03-27 04:00:00+00:00,0.19844,0.19844,0.1954,0.19629,11624.0
2025-03-27 08:00:00+00:00,0.19675,0.19742,0.19251,0.19333,29489.0
2025-03-27 12:00:00+00:00,0.19303,0.19492,0.1892,0.19178,826237.0
2025-03-27 16:00:00+00:00,0.19173,0.19281,0.18812,0.19108,184482.0
2025-03-27 20:00:00+00:00,0.19105,0.19292,0.19069,0.191,73525.0
2025-03-28 00:00:00+00:00,0.19058,0.19291,0.18779,0.18914,636115.0
2025-03-28 04:00:00+00:00,0.18855,0.18898,0.18139,0.18139,132559.0
2025-03-28 08:00:00+00:00,0.18175,0.18254,0.17925,0.18168,109386.0
2025-03-28 12:00:00+00:00,0.1816,0.18224,0.17813,0.17965,179767.0
2025-03-28 16:00:00+00:00,0.18043,0.18112,0.17873,0.17873,55420.0
2025-03-28 20:00:00+00:00,0.17875,0.18119,0.17743,0.18026,86039.0
2025-03-29 00:00:00+00:00,0.18099,0.1823,0.17528,0.17873,44743.0
2025-03-29 04:00:00+00:00,0.17895,0.1794,0.17398,0.17474,24757.0
2025-03-29 08:00:00+00:00,0.17413,0.17413,0.16872,0.16947,81535.0
2025-03-29 12:00:00+00:00,0.16973,0.17223,0.165,0.16966,791263.0
2025-03-29 16:00:00+00:00,0.1702,0.1702,0.16602,0.16911,169844.0
2025-03-29 20:00:00+00:00,0.16808,0.16941,0.16761,0.16941,16917.0
2025-03-30 00:00:00+00:00,0.16932,0.17195,0.16807,0.17087,112967.0
2025-03-30 04:00:00+00:00,0.17104,0.17178,0.17015,0.17039,46121.0
2025-03-30 08:00:00+00:00,0.17158,0.17178,0.16928,0.16941,73432.0
2025-03-30 12:00:00+00:00,0.17024,0.17074,0.16783,0.16844,56720.0
2025-03-30 16:00:00+00:00,0.16883,0.17094,0.1663,0.16926,175231.0
2025-03-30 20:00:00+00:00,0.16917,0.16917,0.1647,0.16626,63287.0
2025-03-31 00:00:00+00:00,0.16672,0.16783,0.16307,0.16465,57863.0
2025-03-31 04:00:00+00:00,0.16482,0.16709,0.16257,0.16257,20002.0
2025-03-31 08:00:00+00:00,0.16375,0.16479,0.16036,0.16398,27904.0
2025-03-31 12:00:00+00:00,0.16297,0.16823,0.16108,0.16727,77284.0
2025-03-31 16:00:00+00:00,0.16803,0.16803,0.1645,0.16602,29970.0
2025-03-31 20:00:00+00:00,0.16566,0.16688,0.16465,0.16623,39048.0
2025-04-01 00:00:00+00:00,0.16704,0.16937,0.16608,0.1686,40471.0
2025-04-01 04:00:00+00:00,0.16844,0.17045,0.16807,0.16995,14653.0
2025-04-01 08:00:00+00:00,0.16977,0.17489,0.16977,0.17048,88444.0
2025-04-01 12:00:00+00:00,0.17037,0.17533,0.16736,0.17519,66999.0
2025-04-01 16:00:00+00:00,0.1748,0.17534,0.17114,0.17187,143932.0
2025-04-01 20:00:00+00:00,0.17197,0.17475,0.17113,0.17441,57919.0
2025-04-02 00:00:00+00:00,0.17332,0.17332,0.17008,0.1714,36249.0
2025-04-02 04:00:00+00:00,0.17157,0.17157,0.16783,0.16925,75229.0
2025-04-02 08:00:00+00:00,0.17015,0.17332,0.17014,0.17107,51334.0
2025-04-02 12:00:00+00:00,0.17154,0.17772,0.16982,0.17562,175460.0
2025-04-02 16:00:00+00:00,0.17627,0.17627,0.17087,0.17407,54912.0
2025-04-02 20:00:00+00:00,0.17249,0.1789,0.16238,0.16367,532646.0
2025-04-03 00:00:00+00:00,0.1633,0.1666,0.1633,0.16613,65514.0
2025-04-03 04:00:00+00:00,0.16629,0.16717,0.16398,0.1642,42075.0
2025-04-03 08:00:00+00:00,0.16417,0.16449,0.1596,0.16014,63662.0
2025-04-03 12:00:00+00:00,0.16068,0.1609,0.1555,0.1575,139902.0
2025-04-03 16:00:00+00:00,0.15871,0.15985,0.157,0.15841,29159.0
2025-04-03 20:00:00+00:00,0.15841,0.16203,0.15802,0.16203,92090.0
2025-04-04 00:00:00+00:00,0.16226,0.16305,0.16002,0.16248,18375.0
2025-04-04 04:00:00+00:00,0.16281,0.16643,0.16213,0.16637,68516.0
2025-04-04 08:00:00+00:00,0.16658,0.16724,0.16017,0.16234,50078.0
2025-04-04 12:00:00+00:00,0.16257,0.17146,0.16166,0.16742,297205.0
2025-04-04 16:00:00+00:00,0.16759,0.172,0.16708,0.16929,162925.0
2025-04-04 20:00:00+00:00,0.16961,0.17261,0.1689,0.17105,16807.0
2025-04-05 00:00:00+00:00,0.17091,0.17141,0.16965,0.16965,65087.0
2025-04-05 04:00:00+00:00,0.17,0.17,0.16819,0.16877,4976.0
2025-04-05 08:00:00+00:00,0.16909,0.17044,0.16908,0.16994,20169.0
2025-04-05 12:00:00+00:00,0.17012,0.17062,0.16619,0.16716,107332.0
2025-04-05 16:00:00+00:00,0.16719,0.16841,0.16684,0.16773,83102.0
2025-04-05 20:00:00+00:00,0.16788,0.16911,0.16728,0.16911,32004.0
2025-04-06 00:00:00+00:00,0.16879,0.16937,0.16734,0.16758,11340.0
2025-04-06 04:00:00+00:00,0.16719,0.16752,0.16509,0.16509,6817.0
2025-04-06 08:00:00+00:00,0.165,0.16551,0.16378,0.16401,173595.0
2025-04-06 12:00:00+00:00,0.1644,0.16444,0.16,0.16195,137200.0
2025-04-06 16:00:00+00:00,0.16144,0.16151,0.1509,0.15286,296844.0
2025-04-06 20:00:00+00:00,0.15319,0.15319,0.14608,0.149,471975.0
2025-04-07 00:00:00+00:00,0.149,0.15134,0.14034,0.1419,280783.0
2025-04-07 04:00:00+00:00,0.14221,0.14305,0.13048,0.13283,740118.0
2025-04-07 08:00:00+00:00,0.13306,0.14154,0.13306,0.13756,173979.0
2025-04-07 12:00:00+00:00,0.13756,0.15375,0.13756,0.147,432215.0
2025-04-07 16:00:00+00:00,0.147,0.14963,0.14407,0.14711,296832.0
2025-04-07 20:00:00+00:00,0.14778,0.15238,0.14778,0.14945,295477.0
2025-04-08 00:00:00+00:00,0.14932,0.15319,0.14718,0.1511,206269.0
2025-04-08 04:00:00+00:00,0.15138,0.15227,0.1485,0.15067,51608.0
2025-04-08 08:00:00+00:00,0.1518,0.15627,0.15042,0.15627,74131.0
2025-04-08 12:00:00+00:00,0.15597,0.15673,0.15024,0.15036,85576.0
2025-04-08 16:00:00+00:00,0.15073,0.15073,0.14225,0.14293,416806.0
2025-04-08 20:00:00+00:00,0.14317,0.14456,0.14112,0.14176,33368.0
2025-04-09 00:00:00+00:00,0.14208,0.14298,0.13695,0.13866,261862.0
2025-04-09 04:00:00+00:00,0.13972,0.1476,0.13959,0.1469,154047.0
2025-04-09 08:00:00+00:00,0.14671,0.14809,0.14326,0.14413,148233.0
2025-04-09 12:00:00+00:00,0.14311,0.14877,0.14309,0.1463,120159.0
2025-04-09 16:00:00+00:00,0.14623,0.16191,0.14623,0.16017,1022247.0
2025-04-09 20:00:00+00:00,0.16042,0.16415,0.16026,0.16026,335597.0
2025-04-10 00:00:00+00:00,0.16026,0.16026,0.15378,0.15504,758619.0
2025-04-10 04:00:00+00:00,0.15558,0.15798,0.1545,0.15598,143488.0
2025-04-10 08:00:00+00:00,0.15607,0.15653,0.15561,0.15596,45861.0
2025-04-10 12:00:00+00:00,0.157,0.1585,0.14935,0.15015,205254.0
2025-04-10 16:00:00+00:00,0.15022,0.15466,0.149,0.15412,306383.0
2025-04-10 20:00:00+00:00,0.15476,0.15562,0.15313,0.15351,179060.0
2025-04-11 00:00:00+00:00,0.15365,0.15744,0.15359,0.15692,178844.0
2025-04-11 04:00:00+00:00,0.15652,0.15801,0.15601,0.15723,38243.0
2025-04-11 08:00:00+00:00,0.15648,0.1598,0.15648,0.15785,58768.0
2025-04-11 12:00:00+00:00,0.15744,0.1597,0.15695,0.15859,210675.0
2025-04-11 16:00:00+00:00,0.15861,0.16081,0.15826,0.15984,93549.0
2025-04-11 20:00:00+00:00,0.15966,0.16222,0.15965,0.15979,64107.0
2025-04-12 00:00:00+00:00,0.15989,0.1599,0.15816,0.1585,38207.0
2025-04-12 04:00:00+00:00,0.15861,0.16465,0.1586,0.16313,72855.0
2025-04-12 08:00:00+00:00,0.1633,0.16398,0.16181,0.16221,6970.0
2025-04-12 12:00:00+00:00,0.16195,0.16863,0.16177,0.16726,213217.0
2025-04-12 16:00:00+00:00,0.168,0.168,0.16506,0.16602,96002.0
2025-04-12 20:00:00+00:00,0.16657,0.16932,0.16656,0.16799,80253.0
2025-04-13 00:00:00+00:00,0.16757,0.16807,0.16546,0.16639,15016.0
2025-04-13 04:00:00+00:00,0.16577,0.16577,0.16398,0.16411,41276.0
2025-04-13 08:00:00+00:00,0.16398,0.1683,0.16366,0.16451,63219.0
2025-04-13 12:00:00+00:00,0.16545,0.16545,0.16134,0.16216,76163.0
2025-04-13 16:00:00+00:00,0.16243,0.16801,0.161,0.16315,166740.0
2025-04-13 20:00:00+00:00,0.1633,0.16526,0.16141,0.16189,23043.0
2025-04-14 00:00:00+00:00,0.16297,0.16944,0.16297,0.1653,93520.0
2025-04-14 04:00:00+00:00,0.16538,0.16798,0.16284,0.16417,26106.0
2025-04-14 08:00:00+00:00,0.16464,0.16616,0.16297,0.1661,7067.0
2025-04-14 12:00:00+00:00,0.16542,0.16656,0.15982,0.16,186755.0
2025-04-14 16:00:00+00:00,0.16042,0.16124,0.15929,0.15998,144023.0
2025-04-14 20:00:00+00:00,0.15967,0.15967,0.15759,0.15885,103308.0
2025-04-15 00:00:00+00:00,0.15802,0.1605,0.15753,0.16041,91773.0
2025-04-15 04:00:00+00:00,0.16097,0.16097,0.15889,0.16032,50853.0
2025-04-15 08:00:00+00:00,0.16034,0.16058,0.15853,0.15853,8708.0
2025-04-15 12:00:00+00:00,0.15842,0.16118,0.155,0.15568,57780.0
2025-04-15 16:00:00+00:00,0.15599,0.15607,0.15466,0.15515,15523.0
2025-04-15 20:00:00+00:00,0.15505,0.15629,0.1532,0.15337,96004.0
2025-04-16 00:00:00+00:00,0.15379,0.15583,0.15252,0.15556,86089.0
2025-04-16 04:00:00+00:00,0.15487,0.15544,0.15269,0.15269,26176.0
2025-04-16 08:00:00+00:00,0.1525,0.15419,0.15147,0.15333,14524.0
2025-04-16 12:00:00+00:00,0.1532,0.15628,0.15202,0.15565,388497.0
2025-04-16 16:00:00+00:00,0.1546,0.1564,0.15042,0.15568,279835.0
2025-04-16 20:00:00+00:00,0.15628,0.15717,0.1542,0.15469,20846.0
2025-04-17 00:00:00+00:00,0.155,0.15706,0.15416,0.15468,39529.0
2025-04-17 04:00:00+00:00,0.15497,0.15759,0.15497,0.15717,9289.0
2025-04-17 08:00:00+00:00,0.15606,0.15659,0.15555,0.15659,32693.0
2025-04-17 12:00:00+00:00,0.15652,0.15702,0.1531,0.15544,17328.0
2025-04-17 16:00:00+00:00,0.1552,0.15926,0.1552,0.15648,48819.0
2025-04-17 20:00:00+00:00,0.15699,0.15749,0.15539,0.1555,25682.0
2025-04-18 00:00:00+00:00,0.15616,0.15616,0.15384,0.15447,11954.0
2025-04-18 04:00:00+00:00,0.1544,0.15501,0.15411,0.15499,78156.0
2025-04-18 08:00:00+00:00,0.1553,0.15601,0.1553,0.15543,2768.0
2025-04-18 12:00:00+00:00,0.15543,0.15687,0.15543,0.1564,18080.0
2025-04-18 16:00:00+00:00,0.15646,0.15869,0.15613,0.1578,146079.0
2025-04-18 20:00:00+00:00,0.1578,0.15876,0.1578,0.15831,76365.0
2025-04-19 00:00:00+00:00,0.15744,0.15952,0.1573,0.1595,23914.0
2025-04-19 04:00:00+00:00,0.15966,0.16057,0.15838,0.15938,55547.0
2025-04-19 08:00:00+00:00,0.159,0.159,0.15776,0.15784,20181.0
2025-04-19 12:00:00+00:00,0.15777,0.15858,0.1575,0.1575,111202.0
2025-04-19 16:00:00+00:00,0.1575,0.15816,0.15648,0.15731,34841.0
2025-04-19 20:00:00+00:00,0.15704,0.15806,0.15693,0.15699,3219.0
2025-04-20 00:00:00+00:00,0.1573,0.15899,0.1573,0.158,38473.0
2025-04-20 04:00:00+00:00,0.15891,0.15923,0.15678,0.15694,20596.0
2025-04-20 08:00:00+00:00,0.15658,0.15658,0.15295,0.15295,16437.0
2025-04-20 12:00:00+00:00,0.1542,0.15496,0.15284,0.15284,12955.0
2025-04-20 16:00:00+00:00,0.15284,0.15473,0.15274,0.15418,20433.0
2025-04-20 20:00:00+00:00,0.15601,0.15735,0.15364,0.15364,17727.0
2025-04-21 00:00:00+00:00,0.15601,0.16147,0.15601,0.16012,112836.0
2025-04-21 04:00:00+00:00,0.16044,0.16255,0.16028,0.16191,74822.0
2025-04-21 08:00:00+00:00,0.16164,0.16263,0.16034,0.16181,7412.0
2025-04-21 12:00:00+00:00,0.16169,0.16331,0.15998,0.16023,39367.0
2025-04-21 16:00:00+00:00,0.16018,0.16097,0.15594,0.15875,58369.0
2025-04-21 20:00:00+00:00,0.15785,0.15938,0.15772,0.15938,23646.0
2025-04-22 00:00:00+00:00,0.15952,0.1622,0.15738,0.1608,48333.0
2025-04-22 04:00:00+00:00,0.16147,0.16463,0.16029,0.1642,41172.0
2025-04-22 08:00:00+00:00,0.16428,0.16479,0.16325,0.16422,43408.0
2025-04-22 12:00:00+00:00,0.16413,0.17328,0.16404,0.17193,439938.0
2025-04-22 16:00:00+00:00,0.172,0.17226,0.17008,0.17185,293840.0
2025-04-22 20:00:00+00:00,0.17183,0.17983,0.17167,0.1792,787547.0
2025-04-23 00:00:00+00:00,0.17886,0.18461,0.17877,0.18206,227008.0
2025-04-23 04:00:00+00:00,0.18211,0.18493,0.18016,0.18078,47451.0
2025-04-23 08:00:00+00:00,0.18191,0.18344,0.1809,0.18206,13301.0
2025-04-23 12:00:00+00:00,0.1827,0.18553,0.1751,0.1784,372440.0
2025-04-23 16:00:00+00:00,0.17807,0.18162,0.17695,0.17855,246404.0
2025-04-23 20:00:00+00:00,0.17855,0.18001,0.17749,0.1787,185395.0
2025-04-24 00:00:00+00:00,0.1788,0.17924,0.17306,0.17315,114748.0
2025-04-24 04:00:00+00:00,0.17306,0.17439,0.1722,0.1722,68779.0
2025-04-24 08:00:00+00:00,0.17218,0.17399,0.1699,0.17352,68642.0
2025-04-24 12:00:00+00:00,0.17342,0.18074,0.17342,0.17851,499584.0
2025-04-24 16:00:00+00:00,0.17839,0.18184,0.17764,0.1805,183730.0
2025-04-24 20:00:00+00:00,0.18094,0.183,0.17927,0.18214,41376.0
2025-04-25 00:00:00+00:00,0.1821,0.18454,0.17763,0.18054,45762.0
2025-04-25 04:00:00+00:00,0.1809,0.18282,0.17983,0.18282,37662.0
2025-04-25 08:00:00+00:00,0.18227,0.183,0.18054,0.18274,181928.0
2025-04-25 12:00:00+00:00,0.18296,0.18604,0.17927,0.18257,204566.0
2025-04-25 16:00:00+00:00,0.18236,0.18475,0.18019,0.1816,118096.0
2025-04-25 20:00:00+00:00,0.18117,0.18274,0.18046,0.18168,31715.0
2025-04-26 00:00:00+00:00,0.1824,0.19268,0.1824,0.18696,161350.0
2025-04-26 04:00:00+00:00,0.18647,0.18754,0.18392,0.1864,102603.0
2025-04-26 08:00:00+00:00,0.18581,0.18734,0.18124,0.18124,313560.0
2025-04-26 12:00:00+00:00,0.18166,0.18257,0.18046,0.18256,121332.0
2025-04-26 16:00:00+00:00,0.18092,0.18165,0.18047,0.181,18991.0
2025-04-26 20:00:00+00:00,0.18128,0.18205,0.18035,0.18188,27875.0
2025-04-27 00:00:00+00:00,0.18196,0.18329,0.17775,0.17924,117796.0
2025-04-27 04:00:00+00:00,0.17954,0.18016,0.17692,0.18016,37301.0
2025-04-27 08:00:00+00:00,0.1805,0.18242,0.1805,0.18128,7839.0
2025-04-27 12:00:00+00:00,0.18056,0.18302,0.17969,0.18058,82985.0
2025-04-27 16:00:00+00:00,0.18013,0.18205,0.1778,0.18205,159924.0
2025-04-27 20:00:00+00:00,0.18205,0.18222,0.17927,0.1798,65449.0
2025-04-28 00:00:00+00:00,0.17909,0.17972,0.17386,0.17919,179953.0
2025-04-28 04:00:00+00:00,0.17914,0.18156,0.17914,0.18092,5298.0
2025-04-28 08:00:00+00:00,0.18145,0.1826,0.17965,0.1826,58841.0
2025-04-28 12:00:00+00:00,0.1816,0.1816,0.17436,0.17554,72583.0
2025-04-28 16:00:00+00:00,0.17535,0.17948,0.17414,0.17879,90743.0
2025-04-28 20:00:00+00:00,0.17879,0.17927,0.17754,0.17867,19050.0
2025-04-29 00:00:00+00:00,0.17885,0.18054,0.17727,0.17937,45421.0
2025-04-29 04:00:00+00:00,0.17979,0.18016,0.17756,0.17979,6229.0
2025-04-29 08:00:00+00:00,0.18005,0.18015,0.17789,0.17939,7654.0
2025-04-29 12:00:00+00:00,0.17772,0.17979,0.17727,0.17815,9721.0
2025-04-29 16:00:00+00:00,0.178,0.1804,0.178,0.17846,98519.0
2025-04-29 20:00:00+00:00,0.17864,0.17864,0.17255,0.17426,478461.0
2025-04-30 00:00:00+00:00,0.17437,0.17635,0.17336,0.17635,59707.0
2025-04-30 04:00:00+00:00,0.17608,0.17608,0.17277,0.17342,49803.0
2025-04-30 08:00:00+00:00,0.17331,0.17583,0.17331,0.17574,26231.0
2025-04-30 12:00:00+00:00,0.17575,0.17575,0.16704,0.16983,82666.0
2025-04-30 16:00:00+00:00,0.16952,0.17251,0.1691,0.17249,95959.0
2025-04-30 20:00:00+00:00,0.17249,0.17426,0.1721,0.17259,20311.0
2025-05-01 00:00:00+00:00,0.17264,0.17536,0.17264,0.17411,13465.0
2025-05-01 04:00:00+00:00,0.1739,0.17543,0.1739,0.17531,6807.0
2025-05-01 08:00:00+00:00,0.17546,0.17945,0.17541,0.17945,39092.0
2025-05-01 12:00:00+00:00,0.1793,0.1822,0.17727,0.18015,331600.0
2025-05-01 16:00:00+00:00,0.18125,0.1832,0.1809,0.18148,305422.0
2025-05-01 20:00:00+00:00,0.18092,0.1823,0.18024,0.18093,33596.0
2025-05-02 00:00:00+00:00,0.18078,0.18428,0.18,0.18232,325789.0
2025-05-02 04:00:00+00:00,0.18273,0.18273,0.17944,0.17967,35725.0
2025-05-02 08:00:00+00:00,0.17942,0.18147,0.17942,0.18147,15938.0
2025-05-02 12:00:00+00:00,0.18098,0.18257,0.18039,0.18147,228663.0
2025-05-02 16:00:00+00:00,0.18205,0.18405,0.17979,0.17979,61488.0
2025-05-02 20:00:00+00:00,0.17976,0.18225,0.17975,0.18119,25671.0
2025-05-03 00:00:00+00:00,0.18166,0.182,0.18004,0.18083,71810.0
2025-05-03 04:00:00+00:00,0.18028,0.18087,0.17861,0.17886,36035.0
2025-05-03 08:00:00+00:00,0.17853,0.1796,0.17756,0.1782,27766.0
2025-05-03 12:00:00+00:00,0.17802,0.17927,0.17782,0.17896,17490.0
2025-05-03 16:00:00+00:00,0.17844,0.17861,0.17542,0.1773,81042.0
2025-05-03 20:00:00+00:00,0.17744,0.17744,0.17539,0.17593,44263.0
2025-05-04 00:00:00+00:00,0.17594,0.17727,0.17489,0.17536,19200.0
2025-05-04 04:00:00+00:00,0.17536,0.17613,0.17447,0.17503,30993.0
2025-05-04 08:00:00+00:00,0.17461,0.17463,0.17361,0.17463,12230.0
2025-05-04 12:00:00+00:00,0.17471,0.17471,0.17249,0.1736,90209.0
2025-05-04 16:00:00+00:00,0.17312,0.17314,0.17155,0.17233,58749.0
2025-05-04 20:00:00+00:00,0.17246,0.17287,0.17017,0.17017,34892.0
2025-05-05 00:00:00+00:00,0.17053,0.17162,0.16864,0.17071,49166.0
2025-05-05 04:00:00+00:00,0.17065,0.17382,0.17065,0.173,55463.0
2025-05-05 08:00:00+00:00,0.17399,0.17444,0.17051,0.17055,9952.0
2025-05-05 12:00:00+00:00,0.17102,0.17136,0.16864,0.16864,77946.0
2025-05-05 16:00:00+00:00,0.16934,0.1725,0.16934,0.17092,31057.0
2025-05-05 20:00:00+00:00,0.16996,0.1721,0.16842,0.17062,23190.0
2025-05-06 00:00:00+00:00,0.17053,0.1711,0.16714,0.16983,45586.0
2025-05-06 04:00:00+00:00,0.16996,0.16998,0.16891,0.1697,1764.0
2025-05-06 08:00:00+00:00,0.16891,0.16891,0.1647,0.16506,65384.0
2025-05-06 12:00:00+00:00,0.16577,0.16785,0.1642,0.16719,66885.0
2025-05-06 16:00:00+00:00,0.1665,0.1696,0.16577,0.16931,136631.0
2025-05-06 20:00:00+00:00,0.16894,0.17217,0.16744,0.17184,41284.0
2025-05-07 00:00:00+00:00,0.17232,0.17405,0.17055,0.17146,42050.0
2025-05-07 04:00:00+00:00,0.1721,0.17325,0.17134,0.17325,2413.0
2025-05-07 08:00:00+00:00,0.17308,0.1738,0.17308,0.17326,22516.0
2025-05-07 12:00:00+00:00,0.17339,0.17339,0.17075,0.17075,10851.0
2025-05-07 16:00:00+00:00,0.17055,0.1721,0.16914,0.16996,61128.0
2025-05-07 20:00:00+00:00,0.16965,0.17252,0.16937,0.17204,37007.0
2025-05-08 00:00:00+00:00,0.17187,0.17941,0.17186,0.17941,91855.0
2025-05-08 04:00:00+00:00,0.17941,0.18254,0.17934,0.18254,151185.0
2025-05-08 08:00:00+00:00,0.18163,0.18533,0.18163,0.183,94792.0
2025-05-08 12:00:00+00:00,0.18323,0.191,0.18323,0.18939,354367.0
2025-05-08 16:00:00+00:00,0.1894,0.19264,0.1894,0.19087,353417.0
2025-05-08 20:00:00+00:00,0.19139,0.19806,0.19012,0.19757,587811.0
2025-05-09 00:00:00+00:00,0.19742,0.19841,0.19336,0.19336,150363.0
2025-05-09 04:00:00+00:00,0.19336,0.20858,0.19318,0.20562,187113.0
2025-05-09 08:00:00+00:00,0.20599,0.21421,0.20201,0.20757,309710.0
2025-05-09 12:00:00+00:00,0.20708,0.20976,0.20119,0.20463,440891.0
2025-05-09 16:00:00+00:00,0.20317,0.20592,0.20131,0.20521,155332.0
2025-05-09 20:00:00+00:00,0.20537,0.20591,0.20396,0.20498,53660.0
2025-05-10 00:00:00+00:00,0.20565,0.21077,0.2037,0.20994,305093.0
2025-05-10 04:00:00+00:00,0.20979,0.22614,0.2083,0.22393,409520.0
2025-05-10 08:00:00+00:00,0.22517,0.23058,0.22159,0.22265,166213.0
2025-05-10 12:00:00+00:00,0.22414,0.22908,0.22412,0.22747,490640.0
2025-05-10 16:00:00+00:00,0.22701,0.23909,0.22701,0.23485,337679.0
2025-05-10 20:00:00+00:00,0.23513,0.25083,0.23295,0.25081,734649.0
2025-05-11 00:00:00+00:00,0.25047,0.25971,0.23575,0.23952,2360675.0
2025-05-11 04:00:00+00:00,0.23949,0.24248,0.22787,0.23049,664985.0
2025-05-11 08:00:00+00:00,0.23052,0.23485,0.22931,0.23403,43086.0
2025-05-11 12:00:00+00:00,0.23434,0.23609,0.22569,0.22787,122955.0
2025-05-11 16:00:00+00:00,0.22749,0.23317,0.22237,0.23176,191547.0
2025-05-11 20:00:00+00:00,0.23089,0.23464,0.22929,0.23118,149820.0
2025-05-12 00:00:00+00:00,0.23216,0.24081,0.23088,0.23806,169627.0
2025-05-12 04:00:00+00:00,0.23839,0.25348,0.23683,0.24286,288805.0
2025-05-12 08:00:00+00:00,0.24256,0.2521,0.24075,0.2424,266218.0
2025-05-12 12:00:00+00:00,0.24235,0.24649,0.2317,0.23197,920575.0
2025-05-12 16:00:00+00:00,0.23214,0.23658,0.22073,0.22704,691286.0
2025-05-12 20:00:00+00:00,0.22747,0.23366,0.22552,0.23101,160863.0
2025-05-13 00:00:00+00:00,0.23089,0.23089,0.21754,0.21806,281275.0
2025-05-13 04:00:00+00:00,0.21845,0.22563,0.21845,0.22439,110427.0
2025-05-13 08:00:00+00:00,0.22344,0.22967,0.22341,0.22812,111592.0
2025-05-13 12:00:00+00:00,0.22769,0.23338,0.22463,0.23338,144169.0
2025-05-13 16:00:00+00:00,0.23323,0.24274,0.23298,0.238,381104.0
2025-05-13 20:00:00+00:00,0.23851,0.2412,0.23683,0.2412,256298.0
2025-05-14 00:00:00+00:00,0.24073,0.24315,0.23429,0.23827,306603.0
2025-05-14 04:00:00+00:00,0.23881,0.24746,0.23691,0.23803,1024365.0
2025-05-14 08:00:00+00:00,0.23745,0.23869,0.23215,0.23724,133400.0
2025-05-14 12:00:00+00:00,0.23723,0.23856,0.22995,0.23293,314293.0
2025-05-14 16:00:00+00:00,0.23323,0.23487,0.22836,0.23447,220730.0
2025-05-14 20:00:00+00:00,0.23428,0.23499,0.23076,0.23273,213913.0
2025-05-15 00:00:00+00:00,0.233,0.23659,0.22778,0.23146,145783.0
2025-05-15 04:00:00+00:00,0.23248,0.23474,0.22287,0.22397,196473.0
2025-05-15 08:00:00+00:00,0.22507,0.2288,0.22217,0.22594,126688.0
2025-05-15 12:00:00+00:00,0.22676,0.22905,0.21687,0.22591,483061.0
2025-05-15 16:00:00+00:00,0.22557,0.229,0.21951,0.2218,229309.0
2025-05-15 20:00:00+00:00,0.22271,0.22373,0.2142,0.21827,399579.0
2025-05-16 00:00:00+00:00,0.21927,0.22709,0.21841,0.22605,156148.0
2025-05-16 04:00:00+00:00,0.2267,0.22742,0.22374,0.22562,153194.0
2025-05-16 08:00:00+00:00,0.22518,0.2299,0.22173,0.227,121642.0
2025-05-16 12:00:00+00:00,0.22773,0.22905,0.22474,0.22819,184547.0
2025-05-16 16:00:00+00:00,0.2299,0.23077,0.22462,0.22673,111925.0
2025-05-16 20:00:00+00:00,0.22536,0.22536,0.21982,0.2214,50406.0
2025-05-17 00:00:00+00:00,0.22087,0.22217,0.21446,0.21819,503696.0
2025-05-17 04:00:00+00:00,0.21827,0.22013,0.21643,0.21665,230408.0
2025-05-17 08:00:00+00:00,0.21583,0.21721,0.21446,0.21632,347521.0
2025-05-17 12:00:00+00:00,0.21565,0.21665,0.21178,0.21489,358797.0
2025-05-17 16:00:00+00:00,0.21469,0.21614,0.21098,0.21471,898487.0
2025-05-17 20:00:00+00:00,0.21566,0.21734,0.21275,0.21458,105254.0
2025-05-18 00:00:00+00:00,0.21526,0.21689,0.21385,0.21617,216963.0
2025-05-18 04:00:00+00:00,0.2159,0.22184,0.2159,0.22184,105142.0
2025-05-18 08:00:00+00:00,0.22174,0.22483,0.22174,0.22228,201178.0
2025-05-18 12:00:00+00:00,0.22199,0.23725,0.2214,0.2363,870238.0
2025-05-18 16:00:00+00:00,0.23698,0.23769,0.22217,0.22304,424971.0
2025-05-18 20:00:00+00:00,0.2218,0.2344,0.21874,0.23312,485294.0
2025-05-19 00:00:00+00:00,0.23342,0.23558,0.21957,0.21957,243902.0
2025-05-19 04:00:00+00:00,0.21957,0.2214,0.21431,0.21772,196619.0
2025-05-19 08:00:00+00:00,0.21796,0.21796,0.2156,0.21742,19283.0
2025-05-19 12:00:00+00:00,0.21711,0.22274,0.21446,0.22167,134208.0
2025-05-19 16:00:00+00:00,0.22108,0.22586,0.21975,0.22377,184306.0
2025-05-19 20:00:00+00:00,0.224,0.22517,0.22218,0.22418,110162.0
2025-05-20 00:00:00+00:00,0.22432,0.23045,0.22392,0.22545,294416.0
2025-05-20 04:00:00+00:00,0.22592,0.22766,0.22207,0.22223,147323.0
2025-05-20 08:00:00+00:00,0.22254,0.22308,0.21905,0.22079,84100.0
2025-05-20 12:00:00+00:00,0.22087,0.22106,0.21781,0.22106,179940.0
2025-05-20 16:00:00+00:00,0.22123,0.22512,0.21809,0.22452,32233.0
2025-05-20 20:00:00+00:00,0.22376,0.22709,0.22281,0.22566,244667.0
2025-05-21 00:00:00+00:00,0.22602,0.23,0.22423,0.22875,609882.0
2025-05-21 04:00:00+00:00,0.22866,0.23334,0.22621,0.22667,278325.0
2025-05-21 08:00:00+00:00,0.22688,0.22733,0.22497,0.22698,16878.0
2025-05-21 12:00:00+00:00,0.22656,0.234,0.22559,0.2319,399530.0
2025-05-21 16:00:00+00:00,0.23203,0.2375,0.22294,0.23054,966358.0
2025-05-21 20:00:00+00:00,0.23027,0.237,0.22818,0.23366,252247.0
2025-05-22 00:00:00+00:00,0.23425,0.24329,0.23425,0.24098,845708.0
2025-05-22 04:00:00+00:00,0.2416,0.24178,0.23683,0.24116,163844.0
2025-05-22 08:00:00+00:00,0.24124,0.24473,0.23909,0.24064,70816.0
2025-05-22 12:00:00+00:00,0.24019,0.24259,0.23936,0.24084,75457.0
2025-05-22 16:00:00+00:00,0.2414,0.24272,0.23899,0.23918,410023.0
2025-05-22 20:00:00+00:00,0.24,0.24559,0.23789,0.24457,145586.0
2025-05-23 00:00:00+00:00,0.24481,0.25414,0.24381,0.2513,983600.0
2025-05-23 04:00:00+00:00,0.25123,0.25123,0.24227,0.24351,117877.0
2025-05-23 08:00:00+00:00,0.24432,0.24868,0.23402,0.23487,96886.0
2025-05-23 12:00:00+00:00,0.23416,0.23839,0.22764,0.23456,311786.0
2025-05-23 16:00:00+00:00,0.23441,0.23666,0.23272,0.23274,88206.0
2025-05-23 20:00:00+00:00,0.23258,0.23258,0.2234,0.2253,333553.0
2025-05-24 00:00:00+00:00,0.22477,0.22954,0.22471,0.22919,560164.0
2025-05-24 04:00:00+00:00,0.22924,0.23017,0.22701,0.22764,107131.0
2025-05-24 08:00:00+00:00,0.22752,0.23017,0.22583,0.23006,31492.0
2025-05-24 12:00:00+00:00,0.22935,0.22935,0.22702,0.2273,43173.0
2025-05-24 16:00:00+00:00,0.22783,0.22897,0.2263,0.22656,47856.0
2025-05-24 20:00:00+00:00,0.22689,0.22753,0.22395,0.22543,228065.0
2025-05-25 00:00:00+00:00,0.22473,0.22606,0.2197,0.22394,232133.0
2025-05-25 04:00:00+00:00,0.22362,0.22405,0.22063,0.22063,37510.0
2025-05-25 08:00:00+00:00,0.22056,0.22056,0.21736,0.21919,144057.0
2025-05-25 12:00:00+00:00,0.21961,0.22076,0.216,0.2186,269320.0
2025-05-25 16:00:00+00:00,0.21788,0.22063,0.21689,0.22063,40572.0
2025-05-25 20:00:00+00:00,0.22026,0.22496,0.21853,0.22479,33543.0
2025-05-26 00:00:00+00:00,0.22495,0.22746,0.22379,0.22733,75685.0
2025-05-26 04:00:00+00:00,0.22764,0.23027,0.22693,0.23004,52433.0
2025-05-26 08:00:00+00:00,0.23002,0.23003,0.22566,0.22586,53384.0
2025-05-26 12:00:00+00:00,0.22566,0.22814,0.22347,0.22678,85027.0
2025-05-26 16:00:00+00:00,0.22703,0.22703,0.22273,0.22429,16444.0
2025-05-26 20:00:00+00:00,0.22355,0.22792,0.22348,0.22625,164532.0
2025-05-27 00:00:00+00:00,0.226,0.22678,0.21994,0.22427,307085.0
2025-05-27 04:00:00+00:00,0.22406,0.22813,0.22265,0.22813,123164.0
2025-05-27 08:00:00+00:00,0.22813,0.22861,0.2275,0.22854,89691.0
2025-05-27 12:00:00+00:00,0.2286,0.23184,0.225,0.22871,152281.0
2025-05-27 16:00:00+00:00,0.22824,0.22996,0.2268,0.22736,56255.0
2025-05-27 20:00:00+00:00,0.22746,0.22858,0.22474,0.22619,279475.0
2025-05-28 00:00:00+00:00,0.22486,0.22774,0.22329,0.2247,72082.0
2025-05-28 04:00:00+00:00,0.22454,0.22527,0.22193,0.22283,16690.0
2025-05-28 08:00:00+00:00,0.22292,0.22356,0.22121,0.22356,54118.0
2025-05-28 12:00:00+00:00,0.22371,0.22423,0.218,0.21923,213814.0
2025-05-28 16:00:00+00:00,0.21857,0.22138,0.21712,0.21712,132699.0
2025-05-28 20:00:00+00:00,0.21738,0.2215,0.21738,0.22065,105753.0
2025-05-29 00:00:00+00:00,0.22112,0.22787,0.22049,0.22634,483241.0
2025-05-29 04:00:00+00:00,0.22672,0.22672,0.22328,0.22499,335837.0
2025-05-29 08:00:00+00:00,0.22413,0.22605,0.2239,0.22503,18511.0
2025-05-29 12:00:00+00:00,0.22463,0.22477,0.2181,0.21976,124295.0
2025-05-29 16:00:00+00:00,0.21953,0.22147,0.21505,0.2164,409729.0
2025-05-29 20:00:00+00:00,0.21644,0.21912,0.2142,0.2142,159647.0
2025-05-30 00:00:00+00:00,0.21505,0.21646,0.20145,0.20844,294817.0
2025-05-30 04:00:00+00:00,0.2082,0.20922,0.20357,0.20445,49160.0
2025-05-30 08:00:00+00:00,0.20463,0.20538,0.20185,0.20538,24424.0
2025-05-30 12:00:00+00:00,0.20474,0.20514,0.2011,0.20217,103732.0
2025-05-30 16:00:00+00:00,0.20167,0.20243,0.1944,0.2008,392255.0
2025-05-30 20:00:00+00:00,0.20034,0.20034,0.191,0.19315,415947.0
2025-05-31 00:00:00+00:00,0.19358,0.1943,0.18571,0.18931,243388.0
2025-05-31 04:00:00+00:00,0.18813,0.19075,0.18777,0.18968,244655.0
2025-05-31 08:00:00+00:00,0.18919,0.18946,0.18581,0.18617,134847.0
2025-05-31 12:00:00+00:00,0.18693,0.19421,0.18693,0.19145,29308.0
2025-05-31 16:00:00+00:00,0.19242,0.19492,0.19158,0.19394,20698.0
2025-05-31 20:00:00+00:00,0.19436,0.19509,0.1922,0.19241,516538.0
2025-06-01 00:00:00+00:00,0.192,0.192,0.18675,0.19008,206941.0
2025-06-01 04:00:00+00:00,0.1902,0.19213,0.18939,0.18994,323429.0
2025-06-01 08:00:00+00:00,0.19,0.19,0.18654,0.18926,32184.0
2025-06-01 12:00:00+00:00,0.18903,0.19241,0.18745,0.19119,40142.0
2025-06-01 16:00:00+00:00,0.19241,0.1944,0.18886,0.19146,583215.0
2025-06-01 20:00:00+00:00,0.19174,0.1946,0.19098,0.19335,320599.0
2025-06-02 00:00:00+00:00,0.19325,0.19416,0.18933,0.19079,179877.0
2025-06-02 04:00:00+00:00,0.19046,0.19276,0.18998,0.19216,35777.0
2025-06-02 08:00:00+00:00,0.19266,0.19294,0.18843,0.18905,111001.0
2025-06-02 12:00:00+00:00,0.18936,0.19245,0.18877,0.19158,589075.0
2025-06-02 16:00:00+00:00,0.19154,0.19352,0.18895,0.19002,362502.0
2025-06-02 20:00:00+00:00,0.1907,0.1962,0.19068,0.19526,188241.0
2025-06-03 00:00:00+00:00,0.19485,0.20029,0.19473,0.19573,160865.0
2025-06-03 04:00:00+00:00,0.19573,0.19635,0.19449,0.19543,284748.0
2025-06-03 08:00:00+00:00,0.19489,0.19566,0.19342,0.19519,27064.0
2025-06-03 12:00:00+00:00,0.1947,0.19817,0.19421,0.19753,182934.0
2025-06-03 16:00:00+00:00,0.19754,0.19754,0.19476,0.19695,28081.0
2025-06-03 20:00:00+00:00,0.19689,0.19689,0.19164,0.1932,30351.0
2025-06-04 00:00:00+00:00,0.19319,0.19689,0.19199,0.19612,225012.0
2025-06-04 04:00:00+00:00,0.19577,0.1964,0.19492,0.19526,74013.0
2025-06-04 08:00:00+00:00,0.19573,0.19627,0.19351,0.19351,101509.0
2025-06-04 12:00:00+00:00,0.19425,0.19425,0.18998,0.19285,162192.0
2025-06-04 16:00:00+00:00,0.1925,0.19267,0.18942,0.18942,44241.0
2025-06-04 20:00:00+00:00,0.18933,0.18998,0.18725,0.1881,128875.0
2025-06-05 00:00:00+00:00,0.1887,0.19066,0.18784,0.18932,56772.0
2025-06-05 04:00:00+00:00,0.1907,0.19072,0.18796,0.18819,113712.0
2025-06-05 08:00:00+00:00,0.18862,0.18952,0.18819,0.18866,62519.0
2025-06-05 12:00:00+00:00,0.18998,0.19235,0.18731,0.18929,60537.0
2025-06-05 16:00:00+00:00,0.18934,0.18934,0.17171,0.17401,818077.0
2025-06-05 20:00:00+00:00,0.17373,0.17373,0.1679,0.17087,705107.0
2025-06-06 00:00:00+00:00,0.1708,0.1753,0.17,0.1753,298313.0
2025-06-06 04:00:00+00:00,0.17542,0.17627,0.17476,0.17516,42602.0
2025-06-06 08:00:00+00:00,0.17532,0.1779,0.17511,0.1779,65758.0
2025-06-06 12:00:00+00:00,0.17813,0.18427,0.17724,0.1814,138536.0
2025-06-06 16:00:00+00:00,0.1814,0.1821,0.17829,0.17882,92742.0
2025-06-06 20:00:00+00:00,0.17895,0.18008,0.17864,0.17875,104526.0
2025-06-07 00:00:00+00:00,0.17875,0.18242,0.17778,0.18211,86880.0
2025-06-07 04:00:00+00:00,0.18209,0.18594,0.18172,0.18507,29242.0
2025-06-07 08:00:00+00:00,0.18518,0.18718,0.18457,0.18608,47854.0
2025-06-07 12:00:00+00:00,0.18582,0.18848,0.18582,0.1868,84872.0
2025-06-07 16:00:00+00:00,0.18692,0.18692,0.18214,0.18329,42292.0
2025-06-07 20:00:00+00:00,0.18352,0.18624,0.18352,0.18485,21165.0
2025-06-08 00:00:00+00:00,0.18419,0.18443,0.18321,0.18336,9666.0
2025-06-08 04:00:00+00:00,0.18367,0.1844,0.18281,0.18281,308072.0
2025-06-08 08:00:00+00:00,0.18254,0.18388,0.18069,0.18388,16875.0
2025-06-08 12:00:00+00:00,0.183,0.18496,0.18282,0.18432,11231.0
2025-06-08 16:00:00+00:00,0.184,0.18625,0.184,0.1857,53575.0
2025-06-08 20:00:00+00:00,0.18568,0.18673,0.18359,0.184,35643.0
2025-06-09 00:00:00+00:00,0.18376,0.18436,0.18131,0.18266,55078.0
2025-06-09 04:00:00+00:00,0.1826,0.1826,0.18029,0.18103,14872.0
2025-06-09 08:00:00+00:00,0.18202,0.18693,0.18169,0.18605,52537.0
2025-06-09 12:00:00+00:00,0.18492,0.18546,0.1828,0.18462,162582.0
2025-06-09 16:00:00+00:00,0.185,0.18775,0.18488,0.18686,167499.0
2025-06-09 20:00:00+00:00,0.18691,0.19563,0.18657,0.19456,294641.0
2025-06-10 00:00:00+00:00,0.1944,0.19563,0.19203,0.1932,152648.0
2025-06-10 04:00:00+00:00,0.19335,0.19337,0.19001,0.19129,53692.0
2025-06-10 08:00:00+00:00,0.19087,0.19577,0.1896,0.1942,106575.0
2025-06-10 12:00:00+00:00,0.19484,0.19734,0.189,0.19075,102066.0
2025-06-10 16:00:00+00:00,0.19105,0.196,0.19006,0.19373,96035.0
2025-06-10 20:00:00+00:00,0.19399,0.1984,0.19364,0.1984,204650.0
2025-06-11 00:00:00+00:00,0.1981,0.19862,0.19476,0.19788,58495.0
2025-06-11 04:00:00+00:00,0.1972,0.20543,0.19677,0.20244,299214.0
2025-06-11 08:00:00+00:00,0.20264,0.20378,0.19835,0.19919,41712.0
2025-06-11 12:00:00+00:00,0.19895,0.20325,0.1984,0.20311,192632.0
2025-06-11 16:00:00+00:00,0.203,0.20367,0.19421,0.19506,244321.0
2025-06-11 20:00:00+00:00,0.19416,0.19653,0.19137,0.19277,72203.0
2025-06-12 00:00:00+00:00,0.19314,0.19356,0.19015,0.19142,44785.0
2025-06-12 04:00:00+00:00,0.19049,0.19105,0.18922,0.18922,56857.0
2025-06-12 08:00:00+00:00,0.18918,0.19012,0.18658,0.18722,42762.0
2025-06-12 12:00:00+00:00,0.18722,0.18963,0.18568,0.18588,62107.0
2025-06-12 16:00:00+00:00,0.18682,0.19,0.18389,0.18389,48694.0
2025-06-12 20:00:00+00:00,0.18535,0.18535,0.18021,0.18161,100241.0
2025-06-13 00:00:00+00:00,0.18121,0.18121,0.17,0.17472,956001.0
2025-06-13 04:00:00+00:00,0.17364,0.17364,0.17152,0.17323,67482.0
2025-06-13 08:00:00+00:00,0.17478,0.17639,0.17341,0.1752,43696.0
2025-06-13 12:00:00+00:00,0.17558,0.1783,0.17363,0.17756,52752.0
2025-06-13 16:00:00+00:00,0.17814,0.17969,0.17576,0.17731,114262.0
2025-06-13 20:00:00+00:00,0.17728,0.18004,0.17728,0.17989,11451.0
2025-06-14 00:00:00+00:00,0.17989,0.17989,0.17722,0.17759,36827.0
2025-06-14 04:00:00+00:00,0.17782,0.17838,0.17586,0.17613,20791.0
2025-06-14 08:00:00+00:00,0.17589,0.17763,0.17589,0.17763,14750.0
2025-06-14 12:00:00+00:00,0.17762,0.17813,0.17585,0.17628,13236.0
2025-06-14 16:00:00+00:00,0.17666,0.17814,0.17491,0.17696,72290.0
2025-06-14 20:00:00+00:00,0.17606,0.17816,0.17531,0.17816,15291.0
2025-06-15 00:00:00+00:00,0.17802,0.17807,0.17,0.17715,386689.0
2025-06-15 04:00:00+00:00,0.17769,0.17815,0.17516,0.17516,11296.0
2025-06-15 08:00:00+00:00,0.17516,0.17516,0.17361,0.17423,22937.0
2025-06-15 12:00:00+00:00,0.17396,0.17683,0.17396,0.17668,27988.0
2025-06-15 16:00:00+00:00,0.17546,0.17633,0.17277,0.17349,33924.0
2025-06-15 20:00:00+00:00,0.17331,0.17563,0.17152,0.17548,124928.0
2025-06-16 00:00:00+00:00,0.17548,0.17673,0.17292,0.17631,101629.0
2025-06-16 04:00:00+00:00,0.17699,0.17862,0.17672,0.17815,121645.0
2025-06-16 08:00:00+00:00,0.17809,0.17809,0.17561,0.17561,104820.0
2025-06-16 12:00:00+00:00,0.1768,0.17909,0.17643,0.17838,31059.0
2025-06-16 16:00:00+00:00,0.17762,0.18083,0.17762,0.17992,119275.0
2025-06-16 20:00:00+00:00,0.17942,0.17987,0.17183,0.1724,136304.0
2025-06-17 00:00:00+00:00,0.1724,0.17577,0.16846,0.17449,195504.0
2025-06-17 04:00:00+00:00,0.17489,0.17489,0.17368,0.1738,70280.0
2025-06-17 08:00:00+00:00,0.17294,0.17294,0.17085,0.171,15362.0
2025-06-17 12:00:00+00:00,0.17113,0.17199,0.16635,0.16737,114668.0
2025-06-17 16:00:00+00:00,0.16755,0.17103,0.16418,0.17103,148883.0
2025-06-17 20:00:00+00:00,0.17056,0.17056,0.16869,0.17,25416.0
2025-06-18 00:00:00+00:00,0.16959,0.17146,0.1692,0.17001,115442.0
2025-06-18 04:00:00+00:00,0.17084,0.17193,0.17018,0.1708,6716.0
2025-06-18 08:00:00+00:00,0.17053,0.17054,0.16635,0.16869,81106.0
2025-06-18 12:00:00+00:00,0.16847,0.16931,0.16441,0.16818,145764.0
2025-06-18 16:00:00+00:00,0.1679,0.16856,0.16558,0.16687,98188.0
2025-06-18 20:00:00+00:00,0.16663,0.1713,0.16663,0.17033,66888.0
2025-06-19 00:00:00+00:00,0.17048,0.1717,0.16929,0.17048,124744.0
2025-06-19 04:00:00+00:00,0.17085,0.17135,0.16986,0.16996,7976.0
2025-06-19 08:00:00+00:00,0.17039,0.1708,0.16876,0.16876,4084.0
2025-06-19 12:00:00+00:00,0.16884,0.1699,0.16775,0.16845,30527.0
2025-06-19 16:00:00+00:00,0.16843,0.1708,0.16817,0.16986,88073.0
2025-06-19 20:00:00+00:00,0.16982,0.17157,0.16954,0.17065,147162.0
2025-06-20 00:00:00+00:00,0.17103,0.17103,0.16919,0.16929,143718.0
2025-06-20 04:00:00+00:00,0.16904,0.17048,0.16724,0.17048,90565.0
2025-06-20 08:00:00+00:00,0.17029,0.17111,0.16983,0.17057,26796.0
2025-06-20 12:00:00+00:00,0.17131,0.17186,0.16571,0.16571,32297.0
2025-06-20 16:00:00+00:00,0.1659,0.16594,0.15875,0.16291,235676.0
2025-06-20 20:00:00+00:00,0.16339,0.16406,0.16129,0.16201,8939.0
2025-06-21 00:00:00+00:00,0.16212,0.16375,0.16211,0.16342,37651.0
2025-06-21 04:00:00+00:00,0.163,0.16345,0.16271,0.16273,4198.0
2025-06-21 08:00:00+00:00,0.16283,0.16406,0.16283,0.16379,4527.0
2025-06-21 12:00:00+00:00,0.16295,0.16295,0.15908,0.16034,88454.0
2025-06-21 16:00:00+00:00,0.1601,0.16059,0.15745,0.15774,126834.0
2025-06-21 20:00:00+00:00,0.15737,0.15845,0.15146,0.15424,207009.0
2025-06-22 00:00:00+00:00,0.15452,0.15759,0.15279,0.15426,444853.0
2025-06-22 04:00:00+00:00,0.15491,0.15717,0.1544,0.15675,36437.0
2025-06-22 08:00:00+00:00,0.15689,0.1569,0.15392,0.15545,40286.0
2025-06-22 12:00:00+00:00,0.15565,0.15618,0.14543,0.14646,192888.0
2025-06-22 16:00:00+00:00,0.14661,0.15037,0.1455,0.14716,129341.0
2025-06-22 20:00:00+00:00,0.1474,0.1512,0.14282,0.15114,235121.0
2025-06-23 00:00:00+00:00,0.15113,0.153,0.15102,0.15215,69084.0
2025-06-23 04:00:00+00:00,0.15182,0.15476,0.15181,0.15365,18933.0
2025-06-23 08:00:00+00:00,0.15359,0.15382,0.15124,0.15139,11298.0
2025-06-23 12:00:00+00:00,0.15311,0.15636,0.15176,0.15227,165968.0
2025-06-23 16:00:00+00:00,0.15249,0.15759,0.149,0.15681,363602.0
2025-06-23 20:00:00+00:00,0.15732,0.16535,0.15732,0.16427,498813.0
2025-06-24 00:00:00+00:00,0.16364,0.16417,0.16195,0.16272,53045.0
2025-06-24 04:00:00+00:00,0.16304,0.1674,0.16249,0.16302,56519.0
2025-06-24 08:00:00+00:00,0.16296,0.16494,0.16246,0.16349,43573.0
2025-06-24 12:00:00+00:00,0.16368,0.16436,0.16127,0.16352,53031.0
2025-06-24 16:00:00+00:00,0.1636,0.16619,0.1629,0.1629,103806.0
2025-06-24 20:00:00+00:00,0.16355,0.16561,0.16355,0.1654,72686.0
2025-06-25 00:00:00+00:00,0.16514,0.16673,0.16444,0.16618,52612.0
2025-06-25 04:00:00+00:00,0.16523,0.16716,0.16429,0.16655,22688.0
2025-06-25 08:00:00+00:00,0.16574,0.16637,0.16434,0.16551,51053.0
2025-06-25 12:00:00+00:00,0.16507,0.16734,0.16239,0.16258,39007.0
2025-06-25 16:00:00+00:00,0.16348,0.16619,0.16341,0.16558,43867.0
2025-06-25 20:00:00+00:00,0.16591,0.16662,0.16364,0.16429,31911.0
2025-06-26 00:00:00+00:00,0.16445,0.168,0.16399,0.16583,26698.0
2025-06-26 04:00:00+00:00,0.16561,0.16561,0.16399,0.16503,6048.0
2025-06-26 08:00:00+00:00,0.16528,0.16528,0.16129,0.16148,168914.0
2025-06-26 12:00:00+00:00,0.16145,0.16191,0.15828,0.16027,230091.0
2025-06-26 16:00:00+00:00,0.1599,0.16117,0.15918,0.16117,49926.0
2025-06-26 20:00:00+00:00,0.16139,0.16359,0.15917,0.15999,44538.0
2025-06-27 00:00:00+00:00,0.15992,0.16268,0.1582,0.16267,102695.0
2025-06-27 04:00:00+00:00,0.16213,0.16243,0.16095,0.16151,26484.0
2025-06-27 08:00:00+00:00,0.16144,0.16191,0.16037,0.1604,6220.0
2025-06-27 12:00:00+00:00,0.16058,0.16155,0.15849,0.16107,53341.0
2025-06-27 16:00:00+00:00,0.16111,0.17996,0.15729,0.15949,505576.0
2025-06-27 20:00:00+00:00,0.15986,0.16153,0.15984,0.16119,65367.0
2025-06-28 00:00:00+00:00,0.16095,0.16251,0.1607,0.16234,26861.0
2025-06-28 04:00:00+00:00,0.16224,0.16304,0.16197,0.16304,1808.0
2025-06-28 08:00:00+00:00,0.16282,0.16298,0.16236,0.16276,5056.0
2025-06-28 12:00:00+00:00,0.16178,0.16294,0.16126,0.16294,59835.0
2025-06-28 16:00:00+00:00,0.16343,0.16478,0.16289,0.16386,44770.0
2025-06-28 20:00:00+00:00,0.16367,0.16442,0.16324,0.16345,34654.0
2025-06-29 00:00:00+00:00,0.1637,0.16396,0.16278,0.16283,76861.0
2025-06-29 04:00:00+00:00,0.16261,0.16411,0.16261,0.16411,77681.0
2025-06-29 08:00:00+00:00,0.16403,0.16484,0.16403,0.16418,4293.0
2025-06-29 12:00:00+00:00,0.1645,0.165,0.16326,0.16339,73756.0
2025-06-29 16:00:00+00:00,0.16366,0.1648,0.16362,0.16438,44510.0
2025-06-29 20:00:00+00:00,0.16402,0.16988,0.16402,0.1694,144082.0
2025-06-30 00:00:00+00:00,0.16907,0.16986,0.16693,0.1676,54835.0
2025-06-30 04:00:00+00:00,0.16733,0.16733,0.1645,0.16517,53287.0
2025-06-30 08:00:00+00:00,0.16524,0.16547,0.1649,0.1649,96584.0
2025-06-30 12:00:00+00:00,0.1649,0.16563,0.16169,0.16502,211457.0
2025-06-30 16:00:00+00:00,0.16428,0.16758,0.16411,0.16705,83368.0
2025-06-30 20:00:00+00:00,0.16707,0.16767,0.16493,0.16493,121821.0
2025-07-01 00:00:00+00:00,0.16504,0.16601,0.16409,0.16416,121463.0
2025-07-01 04:00:00+00:00,0.16455,0.16455,0.16139,0.1623,39774.0
2025-07-01 08:00:00+00:00,0.16184,0.16184,0.16055,0.16098,52042.0
2025-07-01 12:00:00+00:00,0.16036,0.16043,0.1588,0.15914,124004.0
2025-07-01 16:00:00+00:00,0.15983,0.15983,0.15597,0.15777,324933.0
2025-07-01 20:00:00+00:00,0.15779,0.1586,0.15683,0.15726,53148.0
2025-07-02 00:00:00+00:00,0.15785,0.15941,0.15672,0.15929,20706.0
2025-07-02 04:00:00+00:00,0.1592,0.16139,0.1592,0.16071,17848.0
2025-07-02 08:00:00+00:00,0.16119,0.16207,0.16081,0.16095,31764.0
2025-07-02 12:00:00+00:00,0.16095,0.16565,0.16005,0.16565,278438.0
2025-07-02 16:00:00+00:00,0.16568,0.1734,0.16567,0.17101,1100199.0
2025-07-02 20:00:00+00:00,0.17118,0.17241,0.16823,0.16876,224350.0
2025-07-03 00:00:00+00:00,0.16898,0.17285,0.16756,0.16887,1422878.0
2025-07-03 04:00:00+00:00,0.16882,0.17492,0.16876,0.17448,71095.0
2025-07-03 08:00:00+00:00,0.17447,0.179,0.1731,0.17397,3130206.0
2025-07-03 12:00:00+00:00,0.17397,0.179,0.16948,0.17012,2571205.0
2025-07-03 16:00:00+00:00,0.17157,0.179,0.16912,0.17227,2317583.0
2025-07-03 20:00:00+00:00,0.17397,0.1811,0.17217,0.17651,11570344.0
2025-07-04 00:00:00+00:00,0.17862,0.1831,0.17065,0.17122,28171234.0
2025-07-04 04:00:00+00:00,0.17125,0.18999,0.16699,0.16853,20095569.0
2025-07-04 08:00:00+00:00,0.16825,0.16825,0.16567,0.1667,155293.0
2025-07-04 12:00:00+00:00,0.16661,0.16707,0.16282,0.16324,146016.0
2025-07-04 16:00:00+00:00,0.16325,0.16325,0.16143,0.16222,142243.0
2025-07-04 20:00:00+00:00,0.16222,0.1648,0.16222,0.16331,401119.0
2025-07-05 00:00:00+00:00,0.16321,0.1648,0.1629,0.16438,329620.0
2025-07-05 04:00:00+00:00,0.16384,0.16521,0.16377,0.16521,24456.0
2025-07-05 08:00:00+00:00,0.16442,0.16442,0.1633,0.16399,42393.0
2025-07-05 12:00:00+00:00,0.16415,0.16436,0.16315,0.16319,121435.0
2025-07-05 16:00:00+00:00,0.16348,0.16375,0.16246,0.1635,58105.0
2025-07-05 20:00:00+00:00,0.16372,0.16476,0.16334,0.16436,14301.0
2025-07-06 00:00:00+00:00,0.16425,0.1646,0.16367,0.16388,49151.0
2025-07-06 04:00:00+00:00,0.16401,0.16418,0.16352,0.16396,10180.0
2025-07-06 08:00:00+00:00,0.16406,0.16536,0.16348,0.16526,78494.0
2025-07-06 12:00:00+00:00,0.16506,0.17498,0.16506,0.16957,491988.0
2025-07-06 16:00:00+00:00,0.17026,0.17083,0.16759,0.16932,64001.0
2025-07-06 20:00:00+00:00,0.16919,0.17378,0.16919,0.17189,197269.0
2025-07-07 00:00:00+00:00,0.17195,0.17692,0.17036,0.17516,309492.0
2025-07-07 04:00:00+00:00,0.17516,0.17516,0.17192,0.17252,75608.0
2025-07-07 08:00:00+00:00,0.17296,0.17296,0.17071,0.17082,80736.0
2025-07-07 12:00:00+00:00,0.1708,0.1709,0.16806,0.16882,135240.0
2025-07-07 16:00:00+00:00,0.16844,0.16874,0.16647,0.1684,241467.0
2025-07-07 20:00:00+00:00,0.16762,0.16794,0.16581,0.16794,71683.0
2025-07-08 00:00:00+00:00,0.16746,0.16856,0.16603,0.16766,119383.0
2025-07-08 04:00:00+00:00,0.16733,0.16879,0.16719,0.16879,165824.0
2025-07-08 08:00:00+00:00,0.16892,0.17177,0.16789,0.17135,50315.0
2025-07-08 12:00:00+00:00,0.17078,0.17158,0.16846,0.16918,60918.0
2025-07-08 16:00:00+00:00,0.16924,0.17177,0.16875,0.1708,34418.0
2025-07-08 20:00:00+00:00,0.17044,0.17127,0.16988,0.1711,55978.0
2025-07-09 00:00:00+00:00,0.17074,0.17229,0.17015,0.17016,167469.0
2025-07-09 04:00:00+00:00,0.17054,0.17331,0.17054,0.17169,1789812.0
2025-07-09 08:00:00+00:00,0.17171,0.17364,0.17043,0.17277,2232408.0
2025-07-09 12:00:00+00:00,0.17303,0.17458,0.17044,0.17145,8851023.0
2025-07-09 16:00:00+00:00,0.17225,0.17733,0.17056,0.17674,10391544.0
2025-07-09 20:00:00+00:00,0.17666,0.18599,0.17369,0.17992,6668336.0
2025-07-10 00:00:00+00:00,0.17978,0.18136,0.17744,0.18026,4831262.0
2025-07-10 04:00:00+00:00,0.17962,0.18217,0.17883,0.18137,189685.0
2025-07-10 08:00:00+00:00,0.18175,0.18252,0.17869,0.17997,7002886.0
2025-07-10 12:00:00+00:00,0.17996,0.18102,0.17755,0.17871,6069309.0
2025-07-10 16:00:00+00:00,0.17987,0.18742,0.17854,0.18557,3176912.0
2025-07-10 20:00:00+00:00,0.18553,0.19624,0.18553,0.19509,937831.0
2025-07-11 00:00:00+00:00,0.19513,0.19901,0.158,0.19772,1407408.0
2025-07-11 04:00:00+00:00,0.198,0.20133,0.19526,0.19716,510210.0
2025-07-11 08:00:00+00:00,0.19716,0.2003,0.19716,0.19912,82602.0
2025-07-11 12:00:00+00:00,0.19921,0.20919,0.19804,0.2011,1545312.0
2025-07-11 16:00:00+00:00,0.20061,0.21342,0.19955,0.21182,1075713.0
2025-07-11 20:00:00+00:00,0.2106,0.21074,0.19642,0.20118,560502.0
2025-07-12 00:00:00+00:00,0.20118,0.20621,0.19758,0.20378,245345.0
2025-07-12 04:00:00+00:00,0.20378,0.20445,0.20053,0.20068,54986.0
2025-07-12 08:00:00+00:00,0.2014,0.20244,0.19948,0.20044,77886.0
2025-07-12 12:00:00+00:00,0.20043,0.20043,0.19153,0.19304,403617.0
2025-07-12 16:00:00+00:00,0.19311,0.19804,0.19311,0.19719,269172.0
2025-07-12 20:00:00+00:00,0.19724,0.1977,0.19444,0.1977,105996.0
2025-07-13 00:00:00+00:00,0.19781,0.19935,0.19636,0.19858,163860.0
2025-07-13 04:00:00+00:00,0.19801,0.19979,0.19746,0.19894,136000.0
2025-07-13 08:00:00+00:00,0.19821,0.19946,0.1964,0.19848,325346.0
2025-07-13 12:00:00+00:00,0.19912,0.20373,0.19886,0.2001,208618.0
2025-07-13 16:00:00+00:00,0.20012,0.20311,0.19798,0.20129,205327.0
2025-07-13 20:00:00+00:00,0.20124,0.20174,0.19595,0.19815,199384.0
2025-07-14 00:00:00+00:00,0.19816,0.20561,0.198,0.20446,360242.0
2025-07-14 04:00:00+00:00,0.20448,0.21048,0.20357,0.20774,349082.0
2025-07-14 08:00:00+00:00,0.20725,0.20914,0.20486,0.20581,50280.0
2025-07-14 12:00:00+00:00,0.20544,0.20682,0.19824,0.19972,562866.0
2025-07-14 16:00:00+00:00,0.19949,0.20127,0.19736,0.19805,402737.0
2025-07-14 20:00:00+00:00,0.19739,0.19817,0.19475,0.19713,126483.0
2025-07-15 00:00:00+00:00,0.19704,0.19817,0.18853,0.1903,647338.0
2025-07-15 04:00:00+00:00,0.18971,0.19235,0.18886,0.19068,192462.0
2025-07-15 08:00:00+00:00,0.19012,0.19236,0.18981,0.19138,56621.0
2025-07-15 12:00:00+00:00,0.19153,0.19555,0.18963,0.19223,215866.0
2025-07-15 16:00:00+00:00,0.1925,0.19817,0.19191,0.19191,294294.0
2025-07-15 20:00:00+00:00,0.19154,0.19913,0.19146,0.19913,114799.0
2025-07-16 00:00:00+00:00,0.19913,0.20191,0.19445,0.19545,5887320.0
2025-07-16 04:00:00+00:00,0.19557,0.1995,0.19397,0.19917,8637001.0
2025-07-16 08:00:00+00:00,0.19846,0.20204,0.19819,0.20047,139222.0
2025-07-16 12:00:00+00:00,0.20144,0.20648,0.1995,0.2028,312954.0
2025-07-16 16:00:00+00:00,0.20357,0.21055,0.20244,0.20841,611695.0
2025-07-16 20:00:00+00:00,0.20896,0.22091,0.20887,0.21325,1384527.0
2025-07-17 00:00:00+00:00,0.2125,0.21767,0.20682,0.20793,593823.0
2025-07-17 04:00:00+00:00,0.20749,0.21328,0.20741,0.2126,135066.0
2025-07-17 08:00:00+00:00,0.21131,0.21689,0.2113,0.21619,171973.0
2025-07-17 12:00:00+00:00,0.21584,0.21828,0.20959,0.21409,316333.0
2025-07-17 16:00:00+00:00,0.21404,0.21549,0.20844,0.21124,416566.0
2025-07-17 20:00:00+00:00,0.21095,0.22221,0.20808,0.21743,664865.0
2025-07-18 00:00:00+00:00,0.21752,0.23743,0.2162,0.23619,1549485.0
2025-07-18 04:00:00+00:00,0.2365,0.24883,0.23364,0.23796,1057543.0
2025-07-18 08:00:00+00:00,0.23931,0.24217,0.23602,0.24003,314421.0
2025-07-18 12:00:00+00:00,0.24016,0.25386,0.23462,0.23655,1787431.0
2025-07-18 16:00:00+00:00,0.23742,0.24085,0.23115,0.23381,530559.0
2025-07-18 20:00:00+00:00,0.23311,0.23635,0.2273,0.23635,153058.0
2025-07-19 00:00:00+00:00,0.2357,0.25077,0.23569,0.24776,1509635.0
2025-07-19 04:00:00+00:00,0.24972,0.25688,0.24929,0.25434,857386.0
2025-07-19 08:00:00+00:00,0.25449,0.2575,0.24444,0.24444,312295.0
2025-07-19 12:00:00+00:00,0.24538,0.24711,0.23927,0.24222,604565.0
2025-07-19 16:00:00+00:00,0.242,0.24385,0.2398,0.24268,422061.0
2025-07-19 20:00:00+00:00,0.24216,0.24247,0.23763,0.24099,91812.0
2025-07-20 00:00:00+00:00,0.24152,0.25704,0.24009,0.2552,985978.0
2025-07-20 04:00:00+00:00,0.25506,0.25745,0.2492,0.252,437151.0
2025-07-20 08:00:00+00:00,0.25149,0.25538,0.2504,0.25289,76416.0
2025-07-20 12:00:00+00:00,0.25137,0.255,0.25035,0.25394,410955.0
2025-07-20 16:00:00+00:00,0.25449,0.27767,0.25449,0.2739,1806333.0
2025-07-20 20:00:00+00:00,0.27461,0.27699,0.263,0.27371,1474010.0
2025-07-21 00:00:00+00:00,0.27374,0.27732,0.26461,0.27103,1346751.0
2025-07-21 04:00:00+00:00,0.27167,0.27816,0.26908,0.27333,452513.0
2025-07-21 08:00:00+00:00,0.2729,0.27892,0.26749,0.27207,367596.0
2025-07-21 12:00:00+00:00,0.27081,0.28516,0.26946,0.283,1027732.0
2025-07-21 16:00:00+00:00,0.28229,0.28746,0.26778,0.26795,1105582.0
2025-07-21 20:00:00+00:00,0.26882,0.27355,0.26576,0.27122,532759.0
2025-07-22 00:00:00+00:00,0.27123,0.27468,0.26325,0.26576,636739.0
2025-07-22 04:00:00+00:00,0.26522,0.26914,0.25767,0.26526,1191086.0
2025-07-22 08:00:00+00:00,0.2651,0.26855,0.26312,0.26739,348912.0
2025-07-22 12:00:00+00:00,0.26684,0.26838,0.2595,0.26618,400466.0
2025-07-22 16:00:00+00:00,0.26611,0.27005,0.25813,0.26011,353894.0
2025-07-22 20:00:00+00:00,0.26006,0.27088,0.25981,0.27043,413742.0
2025-07-23 00:00:00+00:00,0.27089,0.27089,0.26163,0.26225,2384566.0
2025-07-23 04:00:00+00:00,0.26354,0.26595,0.25877,0.25986,1500205.0
2025-07-23 08:00:00+00:00,0.26055,0.26106,0.25344,0.25571,227102.0
2025-07-23 12:00:00+00:00,0.25539,0.25605,0.24096,0.24867,912762.0
2025-07-23 16:00:00+00:00,0.24868,0.24892,0.23738,0.24189,1847534.0
2025-07-23 20:00:00+00:00,0.24165,0.24362,0.23072,0.2404,2154552.0
2025-07-24 00:00:00+00:00,0.24014,0.2465,0.23865,0.24297,693408.0
2025-07-24 04:00:00+00:00,0.2427,0.24404,0.22185,0.233,829671.0
2025-07-24 08:00:00+00:00,0.23191,0.23942,0.23149,0.23942,93752.0
2025-07-24 12:00:00+00:00,0.23834,0.2445,0.23285,0.2395,424659.0
2025-07-24 16:00:00+00:00,0.23968,0.24153,0.23404,0.23888,297609.0
2025-07-24 20:00:00+00:00,0.23879,0.24065,0.23113,0.23113,61665.0
2025-07-25 00:00:00+00:00,0.23106,0.23106,0.22244,0.225,384658.0
2025-07-25 04:00:00+00:00,0.22599,0.2298,0.22296,0.226,95045.0
2025-07-25 08:00:00+00:00,0.22658,0.233,0.2256,0.23083,31510.0
2025-07-25 12:00:00+00:00,0.23191,0.23299,0.22139,0.22432,118443.0
2025-07-25 16:00:00+00:00,0.224,0.22908,0.21779,0.2274,450781.0
2025-07-25 20:00:00+00:00,0.22707,0.23641,0.2269,0.23617,80140.0
2025-07-26 00:00:00+00:00,0.23619,0.23876,0.23341,0.23634,329809.0
2025-07-26 04:00:00+00:00,0.23702,0.23873,0.23658,0.23751,68075.0
2025-07-26 08:00:00+00:00,0.23726,0.23976,0.23593,0.23667,88852.0
2025-07-26 12:00:00+00:00,0.23593,0.23981,0.23551,0.23863,135312.0
2025-07-26 16:00:00+00:00,0.23869,0.23968,0.23492,0.23885,85705.0
2025-07-26 20:00:00+00:00,0.23927,0.24,0.2353,0.2353,47970.0
2025-07-27 00:00:00+00:00,0.2353,0.23988,0.2351,0.23917,87646.0
2025-07-27 04:00:00+00:00,0.23923,0.243,0.23642,0.23642,67817.0
2025-07-27 08:00:00+00:00,0.23626,0.239,0.2345,0.23606,35825.0
2025-07-27 12:00:00+00:00,0.23712,0.23898,0.23475,0.23622,194592.0
2025-07-27 16:00:00+00:00,0.23712,0.24174,0.23681,0.23961,1077429.0
2025-07-27 20:00:00+00:00,0.24055,0.24362,0.23769,0.24056,587020.0
2025-07-28 00:00:00+00:00,0.24016,0.2452,0.23853,0.24465,578267.0
2025-07-28 04:00:00+00:00,0.2448,0.24811,0.24152,0.24311,437417.0
2025-07-28 08:00:00+00:00,0.24333,0.24385,0.23989,0.24119,36034.0
2025-07-28 12:00:00+00:00,0.24065,0.2428,0.23001,0.23277,1059894.0
2025-07-28 16:00:00+00:00,0.23222,0.23363,0.22722,0.22866,431582.0
2025-07-28 20:00:00+00:00,0.22936,0.22936,0.22438,0.22599,171159.0
2025-07-29 00:00:00+00:00,0.22583,0.22794,0.22239,0.22706,199598.0
2025-07-29 04:00:00+00:00,0.22725,0.23228,0.22598,0.23145,50083.0
2025-07-29 08:00:00+00:00,0.23145,0.23162,0.2255,0.22739,42250.0
2025-07-29 12:00:00+00:00,0.22711,0.23068,0.22096,0.22303,191771.0
2025-07-29 16:00:00+00:00,0.22267,0.22432,0.21781,0.22207,248623.0
2025-07-29 20:00:00+00:00,0.22117,0.22411,0.2194,0.223,85794.0
2025-07-30 00:00:00+00:00,0.22367,0.22562,0.22083,0.22374,1320045.0
2025-07-30 04:00:00+00:00,0.22459,0.22459,0.22124,0.2215,73232.0
2025-07-30 08:00:00+00:00,0.22162,0.22267,0.21472,0.21568,174506.0
2025-07-30 12:00:00+00:00,0.2161,0.22274,0.21429,0.2207,268964.0
2025-07-30 16:00:00+00:00,0.22049,0.22362,0.20936,0.21779,1360640.0
2025-07-30 20:00:00+00:00,0.21757,0.22048,0.21486,0.21997,124132.0
2025-07-31 00:00:00+00:00,0.2194,0.2235,0.2194,0.22322,549729.0
2025-07-31 04:00:00+00:00,0.22267,0.22401,0.22189,0.22321,17604.0
2025-07-31 08:00:00+00:00,0.22365,0.22533,0.2218,0.22225,43334.0
2025-07-31 12:00:00+00:00,0.2213,0.22184,0.215,0.21747,698150.0
2025-07-31 16:00:00+00:00,0.21783,0.22124,0.21301,0.21363,852918.0
2025-07-31 20:00:00+00:00,0.2131,0.2142,0.20849,0.20979,214550.0
2025-08-01 00:00:00+00:00,0.20977,0.21014,0.20353,0.20911,382823.0
2025-08-01 04:00:00+00:00,0.20911,0.20911,0.20403,0.2058,18214.0
2025-08-01 08:00:00+00:00,0.20452,0.20797,0.20133,0.20732,755280.0
2025-08-01 12:00:00+00:00,0.20798,0.21014,0.20216,0.20961,361940.0
2025-08-01 16:00:00+00:00,0.20941,0.21245,0.2039,0.20877,326562.0
2025-08-01 20:00:00+00:00,0.20807,0.20807,0.196,0.20085,1096134.0
2025-08-02 00:00:00+00:00,0.20077,0.20298,0.20005,0.20238,109991.0
2025-08-02 04:00:00+00:00,0.20177,0.20338,0.19474,0.2004,53283.0
2025-08-02 08:00:00+00:00,0.2,0.20115,0.19739,0.19998,25913.0
2025-08-02 12:00:00+00:00,0.19951,0.19995,0.19399,0.19477,120460.0
2025-08-02 16:00:00+00:00,0.19453,0.19726,0.19,0.1927,274901.0
2025-08-02 20:00:00+00:00,0.19264,0.19471,0.1896,0.19138,197296.0
2025-08-03 00:00:00+00:00,0.19206,0.19636,0.18888,0.19567,383332.0
2025-08-03 04:00:00+00:00,0.19579,0.19691,0.19522,0.19614,124620.0
2025-08-03 08:00:00+00:00,0.19666,0.19931,0.19582,0.19778,65857.0
2025-08-03 12:00:00+00:00,0.19856,0.19924,0.1971,0.1986,64089.0
2025-08-03 16:00:00+00:00,0.19906,0.20744,0.19832,0.19877,454017.0
2025-08-03 20:00:00+00:00,0.19856,0.20023,0.19803,0.1987,208786.0
2025-08-04 00:00:00+00:00,0.19862,0.20273,0.19757,0.20141,1348003.0
2025-08-04 04:00:00+00:00,0.20198,0.20351,0.19959,0.20322,89669.0
2025-08-04 08:00:00+00:00,0.2037,0.20389,0.20045,0.20079,24821.0
2025-08-04 12:00:00+00:00,0.201,0.20612,0.20077,0.20377,361255.0
2025-08-04 16:00:00+00:00,0.20413,0.20957,0.20413,0.2046,473027.0
2025-08-04 20:00:00+00:00,0.2044,0.21102,0.2044,0.2101,689589.0
2025-08-05 00:00:00+00:00,0.20988,0.21075,0.20612,0.20639,77402.0
2025-08-05 04:00:00+00:00,0.20604,0.20699,0.20169,0.20169,66568.0
2025-08-05 08:00:00+00:00,0.20193,0.20872,0.20148,0.20752,26199.0
2025-08-05 12:00:00+00:00,0.20698,0.20721,0.19732,0.19733,318343.0
2025-08-05 16:00:00+00:00,0.19821,0.19983,0.19718,0.19767,86609.0
2025-08-05 20:00:00+00:00,0.19856,0.20041,0.19614,0.20015,387224.0
2025-08-06 00:00:00+00:00,0.19992,0.20022,0.1957,0.19642,732004.0
2025-08-06 04:00:00+00:00,0.19586,0.20204,0.19563,0.20127,51344.0
2025-08-06 08:00:00+00:00,0.20077,0.20152,0.1989,0.20058,32601.0
2025-08-06 12:00:00+00:00,0.20071,0.20542,0.1989,0.20536,107603.0
2025-08-06 16:00:00+00:00,0.20464,0.20696,0.20302,0.20481,113817.0
2025-08-06 20:00:00+00:00,0.20585,0.2059,0.20444,0.20477,36079.0
2025-08-07 00:00:00+00:00,0.20496,0.20617,0.20338,0.20401,32412.0
2025-08-07 04:00:00+00:00,0.20447,0.20625,0.20388,0.20542,109343.0
2025-08-07 08:00:00+00:00,0.20647,0.21474,0.20528,0.21402,874607.0
2025-08-07 12:00:00+00:00,0.21441,0.21542,0.2124,0.21416,579389.0
2025-08-07 16:00:00+00:00,0.21459,0.21794,0.21025,0.21623,219768.0
2025-08-07 20:00:00+00:00,0.21656,0.2231,0.21633,0.22205,469403.0
2025-08-08 00:00:00+00:00,0.22197,0.22451,0.21968,0.22197,807657.0
2025-08-08 04:00:00+00:00,0.22185,0.22493,0.22016,0.22493,123701.0
2025-08-08 08:00:00+00:00,0.22494,0.22657,0.2218,0.22263,125374.0
2025-08-08 12:00:00+00:00,0.22285,0.22903,0.22006,0.22122,255237.0
2025-08-08 16:00:00+00:00,0.22144,0.22971,0.22103,0.22879,399601.0
2025-08-08 20:00:00+00:00,0.22936,0.23228,0.22746,0.23057,683980.0
2025-08-09 00:00:00+00:00,0.23014,0.23351,0.22978,0.22978,223894.0
2025-08-09 04:00:00+00:00,0.23,0.23641,0.22969,0.23599,271020.0
2025-08-09 08:00:00+00:00,0.23556,0.23872,0.23535,0.23753,252355.0
2025-08-09 12:00:00+00:00,0.23799,0.24412,0.23593,0.24042,530541.0
2025-08-09 16:00:00+00:00,0.24108,0.24628,0.24057,0.24279,493490.0
2025-08-09 20:00:00+00:00,0.24316,0.24497,0.23947,0.24011,249053.0
2025-08-10 00:00:00+00:00,0.24011,0.24304,0.23889,0.2425,287389.0
2025-08-10 04:00:00+00:00,0.24176,0.24333,0.2322,0.2322,716485.0
2025-08-10 08:00:00+00:00,0.23285,0.234,0.22959,0.23106,651834.0
2025-08-10 12:00:00+00:00,0.23095,0.2345,0.23007,0.23191,275081.0
2025-08-10 16:00:00+00:00,0.23241,0.23537,0.23241,0.23504,39034.0
2025-08-10 20:00:00+00:00,0.23515,0.23515,0.23133,0.23385,223779.0
2025-08-11 00:00:00+00:00,0.23292,0.24092,0.23263,0.23922,832272.0
2025-08-11 04:00:00+00:00,0.23933,0.24078,0.23339,0.23339,153413.0
2025-08-11 08:00:00+00:00,0.23316,0.23602,0.227,0.22846,193077.0
2025-08-11 12:00:00+00:00,0.22803,0.23135,0.22578,0.23135,270288.0
2025-08-11 16:00:00+00:00,0.23135,0.23355,0.22594,0.22729,508465.0
2025-08-11 20:00:00+00:00,0.22737,0.22767,0.22138,0.22222,205344.0
2025-08-12 00:00:00+00:00,0.22205,0.22711,0.22205,0.22456,141776.0
2025-08-12 04:00:00+00:00,0.2243,0.2264,0.2215,0.2248,113403.0
2025-08-12 08:00:00+00:00,0.22432,0.22516,0.21943,0.22131,167068.0
2025-08-12 12:00:00+00:00,0.22047,0.22981,0.22047,0.22981,718422.0
2025-08-12 16:00:00+00:00,0.22906,0.23584,0.22851,0.23537,587749.0
2025-08-12 20:00:00+00:00,0.235,0.23839,0.235,0.23586,649226.0
2025-08-13 00:00:00+00:00,0.23581,0.23991,0.23136,0.23906,315170.0
2025-08-13 04:00:00+00:00,0.23799,0.24494,0.23487,0.24494,387712.0
2025-08-13 08:00:00+00:00,0.24495,0.25033,0.24457,0.24637,376664.0
2025-08-13 12:00:00+00:00,0.24698,0.24809,0.23939,0.24155,637444.0
2025-08-13 16:00:00+00:00,0.24168,0.245,0.24028,0.2442,508640.0
2025-08-13 20:00:00+00:00,0.24363,0.24613,0.24174,0.24584,503692.0
2025-08-14 00:00:00+00:00,0.245,0.25536,0.24296,0.2526,536405.0
2025-08-14 04:00:00+00:00,0.25293,0.25445,0.24363,0.244,446288.0
2025-08-14 08:00:00+00:00,0.24384,0.24422,0.23712,0.2379,199273.0
2025-08-14 12:00:00+00:00,0.23768,0.23937,0.22,0.22584,1136651.0
2025-08-14 16:00:00+00:00,0.22553,0.22572,0.221,0.22431,168868.0
2025-08-14 20:00:00+00:00,0.2235,0.22436,0.21749,0.2235,623463.0
2025-08-15 00:00:00+00:00,0.22346,0.22961,0.22306,0.22885,418474.0
2025-08-15 04:00:00+00:00,0.22962,0.23232,0.22735,0.23055,115591.0
2025-08-15 08:00:00+00:00,0.23094,0.23271,0.22936,0.22964,108068.0
2025-08-15 12:00:00+00:00,0.23038,0.23176,0.22139,0.2225,207285.0
2025-08-15 16:00:00+00:00,0.22185,0.22516,0.2202,0.22214,122273.0
2025-08-15 20:00:00+00:00,0.22173,0.235,0.22093,0.22863,921325.0
2025-08-16 00:00:00+00:00,0.22895,0.23552,0.22802,0.23262,1628959.0
2025-08-16 04:00:00+00:00,0.23257,0.23341,0.22971,0.23341,40641.0
2025-08-16 08:00:00+00:00,0.23352,0.2345,0.22716,0.22716,95862.0
2025-08-16 12:00:00+00:00,0.22706,0.23045,0.22538,0.22815,75069.0
2025-08-16 16:00:00+00:00,0.22931,0.2306,0.22795,0.2295,85720.0
2025-08-16 20:00:00+00:00,0.22925,0.23135,0.2287,0.23107,40496.0
2025-08-17 00:00:00+00:00,0.23121,0.234,0.22851,0.23355,51949.0
2025-08-17 04:00:00+00:00,0.23324,0.23552,0.23232,0.23279,133941.0
2025-08-17 08:00:00+00:00,0.2329,0.23505,0.23252,0.23409,41623.0
2025-08-17 12:00:00+00:00,0.2335,0.24198,0.23232,0.24095,225842.0
2025-08-17 16:00:00+00:00,0.2415,0.24212,0.231,0.23243,331401.0
2025-08-17 20:00:00+00:00,0.23243,0.23775,0.23205,0.2344,95513.0
2025-08-18 00:00:00+00:00,0.2344,0.23554,0.22281,0.22476,976161.0
2025-08-18 04:00:00+00:00,0.22468,0.2264,0.22096,0.22185,128355.0
2025-08-18 08:00:00+00:00,0.22157,0.22308,0.22006,0.22151,149228.0
2025-08-18 12:00:00+00:00,0.22148,0.22434,0.22062,0.22329,202528.0
2025-08-18 16:00:00+00:00,0.2236,0.22532,0.22082,0.2241,188094.0
2025-08-18 20:00:00+00:00,0.2232,0.22676,0.22191,0.22192,286019.0
2025-08-19 00:00:00+00:00,0.22271,0.22549,0.21576,0.21604,346925.0
2025-08-19 04:00:00+00:00,0.216,0.21844,0.21465,0.21685,161217.0
2025-08-19 08:00:00+00:00,0.21772,0.22057,0.21628,0.2204,89183.0
2025-08-19 12:00:00+00:00,0.21979,0.22218,0.21388,0.21388,417455.0
2025-08-19 16:00:00+00:00,0.21417,0.21479,0.21068,0.21177,538243.0
2025-08-19 20:00:00+00:00,0.21155,0.21424,0.20883,0.20883,316376.0
2025-08-20 00:00:00+00:00,0.20988,0.21301,0.20841,0.21123,204146.0
2025-08-20 04:00:00+00:00,0.21199,0.21381,0.21199,0.21378,82932.0
2025-08-20 08:00:00+00:00,0.21305,0.2155,0.21182,0.2138,139286.0
2025-08-20 12:00:00+00:00,0.21381,0.21803,0.212,0.21489,619683.0
2025-08-20 16:00:00+00:00,0.21596,0.22152,0.2158,0.22094,449503.0
2025-08-20 20:00:00+00:00,0.2215,0.22243,0.22059,0.22111,584376.0
2025-08-21 00:00:00+00:00,0.2218,0.22432,0.21958,0.22203,169478.0
2025-08-21 04:00:00+00:00,0.22203,0.22419,0.22016,0.22078,148300.0
2025-08-21 08:00:00+00:00,0.22087,0.22087,0.215,0.21731,434423.0
2025-08-21 12:00:00+00:00,0.21746,0.22052,0.21478,0.21527,398044.0
2025-08-21 16:00:00+00:00,0.21526,0.21818,0.21455,0.21508,358582.0
2025-08-21 20:00:00+00:00,0.21525,0.2175,0.214,0.215,200015.0
2025-08-22 00:00:00+00:00,0.21538,0.219,0.21522,0.21528,150976.0
2025-08-22 04:00:00+00:00,0.21559,0.21859,0.21536,0.21826,57667.0
2025-08-22 08:00:00+00:00,0.21837,0.21881,0.212,0.212,179614.0
2025-08-22 12:00:00+00:00,0.21202,0.23341,0.2095,0.23046,1728724.0
2025-08-22 16:00:00+00:00,0.23111,0.23951,0.23111,0.23873,342856.0
2025-08-22 20:00:00+00:00,0.23854,0.24185,0.23853,0.24043,90479.0
2025-08-23 00:00:00+00:00,0.24099,0.24099,0.22919,0.23187,539416.0
2025-08-23 04:00:00+00:00,0.23181,0.23902,0.23181,0.2372,155044.0
2025-08-23 08:00:00+00:00,0.23799,0.23967,0.23571,0.23571,121888.0
2025-08-23 12:00:00+00:00,0.23577,0.23888,0.23459,0.23628,255850.0
2025-08-23 16:00:00+00:00,0.23628,0.23759,0.23557,0.237,50695.0
2025-08-23 20:00:00+00:00,0.23693,0.238,0.2343,0.23596,186156.0
2025-08-24 00:00:00+00:00,0.23701,0.23815,0.23535,0.23671,204296.0
2025-08-24 04:00:00+00:00,0.23691,0.23695,0.23209,0.23264,51269.0
2025-08-24 08:00:00+00:00,0.23209,0.23303,0.2284,0.22941,399937.0
2025-08-24 12:00:00+00:00,0.23043,0.23375,0.2296,0.23106,225541.0
2025-08-24 16:00:00+00:00,0.23092,0.24477,0.23074,0.2351,1237282.0
2025-08-24 20:00:00+00:00,0.23511,0.23624,0.22793,0.23214,535631.0
2025-08-25 00:00:00+00:00,0.23277,0.2345,0.22676,0.2306,775347.0
2025-08-25 04:00:00+00:00,0.23046,0.23079,0.22024,0.22101,554985.0
2025-08-25 08:00:00+00:00,0.22024,0.22135,0.21726,0.2194,133439.0
2025-08-25 12:00:00+00:00,0.21911,0.22103,0.21779,0.21875,313765.0
2025-08-25 16:00:00+00:00,0.21803,0.22022,0.21375,0.21375,477888.0
2025-08-25 20:00:00+00:00,0.21367,0.21478,0.20601,0.2094,798668.0
2025-08-26 00:00:00+00:00,0.20942,0.21195,0.20757,0.20974,184413.0
2025-08-26 04:00:00+00:00,0.21032,0.21252,0.2096,0.21169,107588.0
2025-08-26 08:00:00+00:00,0.21096,0.21144,0.2096,0.21063,13984.0
2025-08-26 12:00:00+00:00,0.20968,0.21513,0.20946,0.21262,362517.0
2025-08-26 16:00:00+00:00,0.21301,0.21968,0.2125,0.21968,166280.0
2025-08-26 20:00:00+00:00,0.21869,0.21978,0.21739,0.21809,144560.0
2025-08-27 00:00:00+00:00,0.21797,0.22147,0.21629,0.22147,109514.0
2025-08-27 04:00:00+00:00,0.22145,0.22299,0.21816,0.21882,366870.0
2025-08-27 08:00:00+00:00,0.2183,0.22085,0.2175,0.22062,90944.0
2025-08-27 12:00:00+00:00,0.21999,0.22274,0.21843,0.22109,666863.0
2025-08-27 16:00:00+00:00,0.22192,0.22308,0.21905,0.21992,358016.0
2025-08-27 20:00:00+00:00,0.21995,0.2235,0.21844,0.21844,488304.0
2025-08-28 00:00:00+00:00,0.21895,0.2214,0.21689,0.22092,114741.0
2025-08-28 04:00:00+00:00,0.2216,0.22526,0.2216,0.22359,144592.0
2025-08-28 08:00:00+00:00,0.22432,0.2259,0.22267,0.2235,617665.0
2025-08-28 12:00:00+00:00,0.22353,0.22491,0.2203,0.2203,301939.0
2025-08-28 16:00:00+00:00,0.22172,0.22336,0.21952,0.2199,125769.0
2025-08-28 20:00:00+00:00,0.21968,0.22457,0.21942,0.22406,55288.0
2025-08-29 00:00:00+00:00,0.22454,0.22513,0.21967,0.22249,157615.0
2025-08-29 04:00:00+00:00,0.22203,0.22279,0.215,0.21501,420579.0
2025-08-29 08:00:00+00:00,0.21589,0.216,0.21194,0.21488,424351.0
2025-08-29 12:00:00+00:00,0.21441,0.22072,0.2123,0.21301,729554.0
2025-08-29 16:00:00+00:00,0.21279,0.21434,0.20992,0.21199,250362.0
2025-08-29 20:00:00+00:00,0.21199,0.21441,0.21023,0.21371,81976.0
2025-08-30 00:00:00+00:00,0.21377,0.21876,0.21151,0.21738,89245.0
2025-08-30 04:00:00+00:00,0.21767,0.21767,0.21625,0.217,40594.0
2025-08-30 08:00:00+00:00,0.2175,0.21766,0.215,0.21504,17783.0
2025-08-30 12:00:00+00:00,0.21574,0.21619,0.21309,0.21611,94265.0
2025-08-30 16:00:00+00:00,0.21597,0.21608,0.21465,0.21541,9359.0
2025-08-30 20:00:00+00:00,0.21468,0.21611,0.21451,0.21575,118862.0
2025-08-31 00:00:00+00:00,0.21618,0.2211,0.21618,0.22024,155370.0
2025-08-31 04:00:00+00:00,0.22022,0.22022,0.21727,0.21776,21834.0
2025-08-31 08:00:00+00:00,0.21855,0.21928,0.21634,0.2171,54725.0
2025-08-31 12:00:00+00:00,0.21805,0.21823,0.21651,0.21722,148903.0
2025-08-31 16:00:00+00:00,0.21807,0.21853,0.21706,0.21817,17060.0
2025-08-31 20:00:00+00:00,0.21749,0.21822,0.2133,0.21369,150630.0
2025-09-01 00:00:00+00:00,0.2133,0.21391,0.20911,0.21066,450657.0
2025-09-01 04:00:00+00:00,0.20988,0.21781,0.20845,0.21729,315267.0
2025-09-01 08:00:00+00:00,0.2179,0.21979,0.21526,0.21555,376130.0
2025-09-01 12:00:00+00:00,0.21538,0.21698,0.21301,0.21338,100225.0
2025-09-01 16:00:00+00:00,0.2131,0.2131,0.21035,0.21205,113548.0
2025-09-01 20:00:00+00:00,0.2123,0.21281,0.20519,0.21031,459707.0
2025-09-02 00:00:00+00:00,0.21046,0.21391,0.20945,0.2133,121674.0
2025-09-02 04:00:00+00:00,0.21319,0.21477,0.21199,0.21199,74607.0
2025-09-02 08:00:00+00:00,0.21265,0.21391,0.21144,0.21144,57730.0
2025-09-02 12:00:00+00:00,0.2113,0.21375,0.2068,0.20956,366434.0
2025-09-02 16:00:00+00:00,0.20988,0.2131,0.20988,0.21131,372133.0
2025-09-02 20:00:00+00:00,0.21144,0.21527,0.21144,0.21497,189583.0
2025-09-03 00:00:00+00:00,0.21447,0.2165,0.21275,0.21464,461763.0
2025-09-03 04:00:00+00:00,0.21482,0.21617,0.21406,0.21617,175580.0
2025-09-03 08:00:00+00:00,0.21618,0.21702,0.21458,0.21702,105782.0
2025-09-03 12:00:00+00:00,0.21701,0.2194,0.21509,0.21907,149977.0
2025-09-03 16:00:00+00:00,0.21929,0.22127,0.21745,0.22127,228071.0
2025-09-03 20:00:00+00:00,0.22061,0.22341,0.22042,0.22042,106868.0
2025-09-04 00:00:00+00:00,0.22073,0.22093,0.21628,0.21628,102869.0
2025-09-04 04:00:00+00:00,0.21663,0.21741,0.21441,0.21512,106216.0
2025-09-04 08:00:00+00:00,0.21538,0.21651,0.21491,0.21567,7609.0
2025-09-04 12:00:00+00:00,0.21567,0.21672,0.21186,0.21245,169601.0
2025-09-04 16:00:00+00:00,0.21237,0.21334,0.2106,0.21105,207982.0
2025-09-04 20:00:00+00:00,0.21061,0.21444,0.21055,0.21269,121202.0
2025-09-05 00:00:00+00:00,0.21277,0.2148,0.21199,0.21402,126201.0
2025-09-05 04:00:00+00:00,0.21403,0.218,0.21319,0.21751,111779.0
2025-09-05 08:00:00+00:00,0.21752,0.21752,0.2155,0.21623,37585.0
2025-09-05 12:00:00+00:00,0.21677,0.22067,0.21275,0.21458,441720.0
2025-09-05 16:00:00+00:00,0.2143,0.21703,0.2138,0.21703,95030.0
2025-09-05 20:00:00+00:00,0.21721,0.21995,0.21718,0.21789,171912.0
2025-09-06 00:00:00+00:00,0.21788,0.21894,0.21703,0.21766,83121.0
2025-09-06 04:00:00+00:00,0.21784,0.21784,0.21537,0.21581,37851.0
2025-09-06 08:00:00+00:00,0.2157,0.21595,0.21411,0.21468,42993.0
2025-09-06 12:00:00+00:00,0.21444,0.21567,0.21329,0.21409,154683.0
2025-09-06 16:00:00+00:00,0.2138,0.21532,0.21242,0.21242,69037.0
2025-09-06 20:00:00+00:00,0.21308,0.2179,0.21308,0.21598,96350.0
2025-09-07 00:00:00+00:00,0.21623,0.21719,0.2157,0.21701,92353.0
2025-09-07 04:00:00+00:00,0.21664,0.21766,0.21645,0.21733,25527.0
2025-09-07 08:00:00+00:00,0.21768,0.21927,0.21733,0.21927,24670.0
2025-09-07 12:00:00+00:00,0.21893,0.22499,0.21831,0.22407,273572.0
2025-09-07 16:00:00+00:00,0.22407,0.22407,0.22032,0.22243,152653.0
2025-09-07 20:00:00+00:00,0.22267,0.22901,0.2221,0.22868,310492.0
2025-09-08 00:00:00+00:00,0.22838,0.23435,0.2265,0.23177,469436.0
2025-09-08 04:00:00+00:00,0.23161,0.23299,0.23046,0.23277,63560.0
2025-09-08 08:00:00+00:00,0.23279,0.23458,0.23249,0.23297,59883.0
2025-09-08 12:00:00+00:00,0.23339,0.2395,0.2329,0.23819,670481.0
2025-09-08 16:00:00+00:00,0.23868,0.23957,0.23663,0.23763,212194.0
2025-09-08 20:00:00+00:00,0.23759,0.24393,0.23759,0.24186,904863.0
2025-09-09 00:00:00+00:00,0.24159,0.24333,0.23353,0.23638,532218.0
2025-09-09 04:00:00+00:00,0.23578,0.24201,0.23537,0.23988,118851.0
2025-09-09 08:00:00+00:00,0.24063,0.24217,0.23978,0.24186,48101.0
2025-09-09 12:00:00+00:00,0.24127,0.24927,0.23698,0.23857,1457653.0
2025-09-09 16:00:00+00:00,0.2388,0.2431,0.23759,0.24231,172791.0
2025-09-09 20:00:00+00:00,0.24124,0.24254,0.23975,0.24123,80043.0
2025-09-10 00:00:00+00:00,0.24003,0.24194,0.23641,0.24105,177905.0
2025-09-10 04:00:00+00:00,0.2409,0.24194,0.2388,0.24068,125115.0
2025-09-10 08:00:00+00:00,0.24073,0.24217,0.23946,0.24009,104203.0
2025-09-10 12:00:00+00:00,0.24034,0.24552,0.23953,0.24379,598647.0
2025-09-10 16:00:00+00:00,0.24371,0.24877,0.2392,0.24043,322627.0
2025-09-10 20:00:00+00:00,0.24063,0.24571,0.24032,0.24517,159949.0
2025-09-11 00:00:00+00:00,0.24516,0.25312,0.24386,0.25279,437449.0
2025-09-11 04:00:00+00:00,0.25288,0.25306,0.24848,0.24995,391607.0
2025-09-11 08:00:00+00:00,0.249,0.25171,0.24883,0.25106,92988.0
2025-09-11 12:00:00+00:00,0.25123,0.2543,0.24291,0.24622,837358.0
2025-09-11 16:00:00+00:00,0.24671,0.25284,0.2467,0.25265,517508.0
2025-09-11 20:00:00+00:00,0.2519,0.25688,0.25046,0.25627,282888.0
2025-09-12 00:00:00+00:00,0.25527,0.26409,0.25462,0.26167,536207.0
2025-09-12 04:00:00+00:00,0.26118,0.26352,0.25927,0.26012,91249.0
2025-09-12 08:00:00+00:00,0.26013,0.26141,0.25874,0.25966,62745.0
2025-09-12 12:00:00+00:00,0.26012,0.267,0.2581,0.26645,552296.0
2025-09-12 16:00:00+00:00,0.26655,0.27281,0.2653,0.27229,1012927.0
2025-09-12 20:00:00+00:00,0.27224,0.2784,0.27035,0.27566,343833.0
2025-09-13 00:00:00+00:00,0.27582,0.28216,0.27305,0.28011,732607.0
2025-09-13 04:00:00+00:00,0.28015,0.28527,0.28015,0.28334,514180.0
2025-09-13 08:00:00+00:00,0.28253,0.29896,0.28227,0.29597,826270.0
2025-09-13 12:00:00+00:00,0.29521,0.3062,0.29176,0.29622,1267221.0
2025-09-13 16:00:00+00:00,0.29722,0.30058,0.28313,0.28707,1125976.0
2025-09-13 20:00:00+00:00,0.28582,0.29197,0.28582,0.28954,222637.0
2025-09-14 00:00:00+00:00,0.2892,0.29457,0.28126,0.28732,405446.0
2025-09-14 04:00:00+00:00,0.28747,0.29197,0.28478,0.29128,100463.0
2025-09-14 08:00:00+00:00,0.2908,0.29265,0.28518,0.28594,246240.0
2025-09-14 12:00:00+00:00,0.2851,0.2871,0.26509,0.27367,740669.0
2025-09-14 16:00:00+00:00,0.27404,0.28323,0.27323,0.27687,183080.0
2025-09-14 20:00:00+00:00,0.27847,0.28253,0.27766,0.27776,98029.0
2025-09-15 00:00:00+00:00,0.27855,0.2812,0.27443,0.28055,283930.0
2025-09-15 04:00:00+00:00,0.2802,0.28836,0.2677,0.26956,460391.0
2025-09-15 08:00:00+00:00,0.26914,0.26914,0.259,0.26572,361526.0
2025-09-15 12:00:00+00:00,0.26476,0.26509,0.26154,0.26462,383376.0
2025-09-15 16:00:00+00:00,0.26452,0.2662,0.2623,0.26407,237694.0
2025-09-15 20:00:00+00:00,0.26387,0.26912,0.26387,0.2687,198383.0
2025-09-16 00:00:00+00:00,0.2673,0.26996,0.2659,0.26819,93170.0
2025-09-16 04:00:00+00:00,0.267,0.26923,0.26315,0.26776,70906.0
2025-09-16 08:00:00+00:00,0.26797,0.26935,0.26373,0.2653,49400.0
2025-09-16 12:00:00+00:00,0.2641,0.26693,0.25739,0.26614,261564.0
2025-09-16 16:00:00+00:00,0.26618,0.27093,0.26478,0.26749,423477.0
2025-09-16 20:00:00+00:00,0.26806,0.27176,0.26728,0.26949,128552.0
2025-09-17 00:00:00+00:00,0.27039,0.27117,0.26638,0.26676,295912.0
2025-09-17 04:00:00+00:00,0.26744,0.26996,0.26432,0.26872,141599.0
2025-09-17 08:00:00+00:00,0.26812,0.28775,0.26478,0.2662,375811.0
2025-09-17 12:00:00+00:00,0.26599,0.26809,0.26324,0.26586,198615.0
2025-09-17 16:00:00+00:00,0.2648,0.27412,0.26074,0.27284,718211.0
2025-09-17 20:00:00+00:00,0.2733,0.28361,0.26728,0.28255,819209.0
2025-09-18 00:00:00+00:00,0.28252,0.28562,0.27836,0.28299,460312.0
2025-09-18 04:00:00+00:00,0.28162,0.28287,0.27627,0.28033,88362.0
2025-09-18 08:00:00+00:00,0.28011,0.2817,0.27827,0.27886,65552.0
2025-09-18 12:00:00+00:00,0.27882,0.28751,0.27882,0.28735,359807.0
2025-09-18 16:00:00+00:00,0.2873,0.28836,0.2812,0.2826,349249.0
2025-09-18 20:00:00+00:00,0.28258,0.28258,0.27575,0.27789,137650.0
2025-09-19 00:00:00+00:00,0.27795,0.28442,0.27632,0.27632,119364.0
2025-09-19 04:00:00+00:00,0.27649,0.27715,0.27371,0.27604,174821.0
2025-09-19 08:00:00+00:00,0.27522,0.27657,0.27058,0.27062,401964.0
2025-09-19 12:00:00+00:00,0.27087,0.27209,0.26474,0.26676,385333.0
2025-09-19 16:00:00+00:00,0.26628,0.26837,0.2635,0.26523,328836.0
2025-09-19 20:00:00+00:00,0.26561,0.26748,0.26352,0.26488,75264.0
2025-09-20 00:00:00+00:00,0.26482,0.267,0.26328,0.26545,142428.0
2025-09-20 04:00:00+00:00,0.26538,0.26698,0.26454,0.26628,206686.0
2025-09-20 08:00:00+00:00,0.26607,0.26607,0.2635,0.26453,8990.0
2025-09-20 12:00:00+00:00,0.26467,0.26923,0.26439,0.2683,333310.0
2025-09-20 16:00:00+00:00,0.26894,0.26894,0.26542,0.26602,131880.0
2025-09-20 20:00:00+00:00,0.2665,0.26888,0.2665,0.26777,57365.0
2025-09-21 00:00:00+00:00,0.2677,0.26923,0.26731,0.26906,108890.0
2025-09-21 04:00:00+00:00,0.26956,0.26956,0.26754,0.26811,65307.0
2025-09-21 08:00:00+00:00,0.26749,0.26749,0.26369,0.26644,76536.0
2025-09-21 12:00:00+00:00,0.26584,0.26776,0.26584,0.26601,139423.0
2025-09-21 16:00:00+00:00,0.26536,0.26587,0.26087,0.26338,525623.0
2025-09-21 20:00:00+00:00,0.26244,0.26345,0.2606,0.26172,77305.0
2025-09-22 00:00:00+00:00,0.2606,0.26216,0.24542,0.24885,609838.0
2025-09-22 04:00:00+00:00,0.24891,0.24962,0.23312,0.2375,453186.0
2025-09-22 08:00:00+00:00,0.23788,0.24058,0.2366,0.23871,95380.0
2025-09-22 12:00:00+00:00,0.23871,0.24304,0.2378,0.23936,480421.0
2025-09-22 16:00:00+00:00,0.24023,0.24143,0.23578,0.23578,57957.0
2025-09-22 20:00:00+00:00,0.23704,0.24154,0.23704,0.24083,42293.0
2025-09-23 00:00:00+00:00,0.24155,0.24279,0.23405,0.24032,276153.0
2025-09-23 04:00:00+00:00,0.23994,0.24377,0.23858,0.24167,479474.0
2025-09-23 08:00:00+00:00,0.24272,0.24297,0.23963,0.24089,116232.0
2025-09-23 12:00:00+00:00,0.24115,0.24191,0.23833,0.24022,267236.0
2025-09-23 16:00:00+00:00,0.24003,0.24352,0.23691,0.23734,406314.0
2025-09-23 20:00:00+00:00,0.2385,0.24118,0.23666,0.2373,45163.0
2025-09-24 00:00:00+00:00,0.23749,0.24056,0.23435,0.23435,94734.0
2025-09-24 04:00:00+00:00,0.23429,0.2396,0.23195,0.23788,186954.0
2025-09-24 08:00:00+00:00,0.23962,0.24352,0.23858,0.24321,67275.0
2025-09-24 12:00:00+00:00,0.24288,0.2504,0.24288,0.24536,483103.0
2025-09-24 16:00:00+00:00,0.24536,0.24642,0.24217,0.24399,402735.0
2025-09-24 20:00:00+00:00,0.24383,0.24405,0.24056,0.24056,63818.0
2025-09-25 00:00:00+00:00,0.24051,0.2417,0.2341,0.23601,349706.0
2025-09-25 04:00:00+00:00,0.23624,0.23673,0.23216,0.23315,117448.0
2025-09-25 08:00:00+00:00,0.23389,0.23455,0.232,0.232,873673.0
2025-09-25 12:00:00+00:00,0.232,0.23362,0.22766,0.23038,3007098.0
2025-09-25 16:00:00+00:00,0.23073,0.2317,0.22048,0.22628,912912.0
2025-09-25 20:00:00+00:00,0.2265,0.2265,0.22103,0.22265,213086.0
2025-09-26 00:00:00+00:00,0.22286,0.22746,0.22286,0.22638,51134.0
2025-09-26 04:00:00+00:00,0.22723,0.22764,0.22455,0.22668,40583.0
2025-09-26 08:00:00+00:00,0.22716,0.22782,0.2218,0.22524,101920.0
2025-09-26 12:00:00+00:00,0.22428,0.22765,0.22191,0.22761,129105.0
2025-09-26 16:00:00+00:00,0.22782,0.23354,0.22782,0.23125,416993.0
2025-09-26 20:00:00+00:00,0.23124,0.23256,0.2301,0.23256,27931.0
2025-09-27 00:00:00+00:00,0.23222,0.23389,0.23182,0.23372,47363.0
2025-09-27 04:00:00+00:00,0.23315,0.23391,0.2306,0.23096,374615.0
2025-09-27 08:00:00+00:00,0.23082,0.23082,0.22843,0.22956,28361.0
2025-09-27 12:00:00+00:00,0.22946,0.23073,0.228,0.22996,22954.0
2025-09-27 16:00:00+00:00,0.23028,0.23028,0.22785,0.2299,73323.0
2025-09-27 20:00:00+00:00,0.2298,0.23217,0.22918,0.23056,118129.0
2025-09-28 00:00:00+00:00,0.23038,0.23055,0.22782,0.22871,19869.0
2025-09-28 04:00:00+00:00,0.2281,0.22938,0.22723,0.22938,36139.0
2025-09-28 08:00:00+00:00,0.22857,0.22917,0.22542,0.22546,189436.0
2025-09-28 12:00:00+00:00,0.22538,0.22972,0.22501,0.22902,140522.0
2025-09-28 16:00:00+00:00,0.22996,0.23175,0.22964,0.23165,34314.0
2025-09-28 20:00:00+00:00,0.23154,0.23743,0.23143,0.23703,319432.0
2025-09-29 00:00:00+00:00,0.23626,0.23643,0.2341,0.23523,62270.0
2025-09-29 04:00:00+00:00,0.23558,0.23558,0.23133,0.23202,27014.0
2025-09-29 08:00:00+00:00,0.23268,0.23315,0.22941,0.23079,69647.0
2025-09-29 12:00:00+00:00,0.2307,0.23742,0.2289,0.23403,201262.0
2025-09-29 16:00:00+00:00,0.2341,0.23494,0.23081,0.23494,77571.0
2025-09-29 20:00:00+00:00,0.23497,0.23869,0.23482,0.23482,131767.0
2025-09-30 00:00:00+00:00,0.23519,0.23549,0.23216,0.23356,174575.0
2025-09-30 04:00:00+00:00,0.23331,0.23391,0.23149,0.23172,20614.0
2025-09-30 08:00:00+00:00,0.23223,0.23223,0.2286,0.23,48057.0
2025-09-30 12:00:00+00:00,0.23006,0.23104,0.22665,0.2282,266765.0
2025-09-30 16:00:00+00:00,0.22776,0.23217,0.22733,0.23217,146215.0
2025-09-30 20:00:00+00:00,0.23271,0.23397,0.23107,0.23135,20930.0
2025-10-01 00:00:00+00:00,0.23275,0.23391,0.23022,0.23061,103802.0
2025-10-01 04:00:00+00:00,0.23061,0.23367,0.23061,0.23367,76412.0
2025-10-01 08:00:00+00:00,0.23396,0.24441,0.23396,0.24193,412999.0
2025-10-01 12:00:00+00:00,0.24239,0.2457,0.24184,0.24496,130576.0
2025-10-01 16:00:00+00:00,0.245,0.24707,0.24297,0.24643,152377.0
2025-10-01 20:00:00+00:00,0.24616,0.24897,0.24496,0.24859,53397.0
2025-10-02 00:00:00+00:00,0.24859,0.25551,0.24688,0.25482,527467.0
2025-10-02 04:00:00+00:00,0.25396,0.25765,0.25254,0.25521,163349.0
2025-10-02 08:00:00+00:00,0.25649,0.25921,0.25549,0.25549,238522.0
2025-10-02 12:00:00+00:00,0.25653,0.25664,0.2506,0.25466,407737.0
2025-10-02 16:00:00+00:00,0.25479,0.26023,0.25446,0.2601,341776.0
2025-10-02 20:00:00+00:00,0.25961,0.26411,0.25829,0.26124,384186.0
2025-10-03 00:00:00+00:00,0.26116,0.26215,0.25565,0.25957,356249.0
2025-10-03 04:00:00+00:00,0.26,0.26119,0.25228,0.25548,270692.0
2025-10-03 08:00:00+00:00,0.25398,0.25698,0.25397,0.25576,34138.0
2025-10-03 12:00:00+00:00,0.2558,0.26073,0.25295,0.26072,228463.0
2025-10-03 16:00:00+00:00,0.2607,0.26519,0.25535,0.25916,813932.0
2025-10-03 20:00:00+00:00,0.25856,0.26,0.25796,0.25937,117123.0
2025-10-04 00:00:00+00:00,0.25777,0.25866,0.25161,0.25256,434015.0
2025-10-04 04:00:00+00:00,0.25334,0.25564,0.25256,0.25372,44171.0
2025-10-04 08:00:00+00:00,0.254,0.254,0.24864,0.24939,246828.0
2025-10-04 12:00:00+00:00,0.2494,0.25221,0.24736,0.24783,193729.0
2025-10-04 16:00:00+00:00,0.24754,0.24945,0.24653,0.24878,133711.0
2025-10-04 20:00:00+00:00,0.249,0.25103,0.249,0.25085,74422.0
2025-10-05 00:00:00+00:00,0.25021,0.25963,0.24977,0.25866,484523.0
2025-10-05 04:00:00+00:00,0.25866,0.26391,0.25751,0.26321,630929.0
2025-10-05 08:00:00+00:00,0.26396,0.26496,0.25765,0.25863,500158.0
2025-10-05 12:00:00+00:00,0.25774,0.25803,0.25477,0.25557,391644.0
2025-10-05 16:00:00+00:00,0.25541,0.25751,0.25103,0.25103,241749.0
2025-10-05 20:00:00+00:00,0.25109,0.25356,0.25093,0.25299,86660.0
2025-10-06 00:00:00+00:00,0.25219,0.25535,0.25111,0.25437,467225.0
2025-10-06 04:00:00+00:00,0.25309,0.2581,0.25223,0.2548,405916.0
2025-10-06 08:00:00+00:00,0.25598,0.2617,0.25585,0.26012,227079.0
2025-10-06 12:00:00+00:00,0.26087,0.26808,0.25918,0.26654,801354.0
2025-10-06 16:00:00+00:00,0.26657,0.26996,0.2634,0.26862,899543.0
2025-10-06 20:00:00+00:00,0.2685,0.26994,0.26563,0.26591,885107.0
2025-10-07 00:00:00+00:00,0.26643,0.26796,0.2642,0.26685,363001.0
2025-10-07 04:00:00+00:00,0.26622,0.2675,0.2596,0.26044,171408.0
2025-10-07 08:00:00+00:00,0.26039,0.26806,0.257,0.26138,600758.0
2025-10-07 12:00:00+00:00,0.26133,0.26538,0.25039,0.2507,624106.0
2025-10-07 16:00:00+00:00,0.25181,0.25371,0.249,0.24938,1528711.0
2025-10-07 20:00:00+00:00,0.24925,0.25201,0.24654,0.24673,694820.0
2025-10-08 00:00:00+00:00,0.24671,0.25046,0.24436,0.24515,236958.0
2025-10-08 04:00:00+00:00,0.24465,0.24672,0.24312,0.24672,311471.0
2025-10-08 08:00:00+00:00,0.24673,0.25044,0.24657,0.24874,130560.0
2025-10-08 12:00:00+00:00,0.24898,0.25652,0.24882,0.25295,442786.0
2025-10-08 16:00:00+00:00,0.25264,0.261,0.25257,0.25912,711625.0
2025-10-08 20:00:00+00:00,0.259,0.2595,0.2552,0.25577,108541.0
2025-10-09 00:00:00+00:00,0.25611,0.25611,0.247,0.2491,666212.0
2025-10-09 04:00:00+00:00,0.24887,0.25097,0.24668,0.24668,84168.0
2025-10-09 08:00:00+00:00,0.24661,0.2477,0.24346,0.2477,255192.0
2025-10-09 12:00:00+00:00,0.24758,0.25111,0.2424,0.24512,523527.0
2025-10-09 16:00:00+00:00,0.24462,0.24705,0.24206,0.24634,252291.0
2025-10-09 20:00:00+00:00,0.24711,0.25042,0.24617,0.24858,210693.0
2025-10-10 00:00:00+00:00,0.24845,0.253,0.24753,0.25124,52660.0
2025-10-10 04:00:00+00:00,0.2525,0.25292,0.24717,0.24817,103500.0
2025-10-10 08:00:00+00:00,0.24814,0.25112,0.2465,0.25075,158397.0
2025-10-10 12:00:00+00:00,0.25115,0.25387,0.2361,0.23798,849073.0
2025-10-10 16:00:00+00:00,0.2381,0.23922,0.23045,0.2323,472588.0
2025-10-10 20:00:00+00:00,0.23246,0.23451,0.17425,0.19392,4495788.0
2025-10-11 00:00:00+00:00,0.1926,0.20306,0.18668,0.19399,1068800.0
2025-10-11 04:00:00+00:00,0.19421,0.19706,0.19,0.19061,147503.0
2025-10-11 08:00:00+00:00,0.19061,0.19746,0.19061,0.19399,170293.0
2025-10-11 12:00:00+00:00,0.1935,0.19414,0.18636,0.19228,305564.0
2025-10-11 16:00:00+00:00,0.19228,0.19391,0.18392,0.18399,812201.0
2025-10-11 20:00:00+00:00,0.18509,0.18613,0.17832,0.18548,930296.0
2025-10-12 00:00:00+00:00,0.18515,0.18643,0.1809,0.18526,223020.0
2025-10-12 04:00:00+00:00,0.18643,0.19111,0.18643,0.18944,144129.0
2025-10-12 08:00:00+00:00,0.18955,0.19081,0.18745,0.18898,39586.0
2025-10-12 12:00:00+00:00,0.18872,0.20678,0.18721,0.20634,1050734.0
2025-10-12 16:00:00+00:00,0.20649,0.21042,0.20514,0.21005,579111.0
2025-10-12 20:00:00+00:00,0.21,0.21393,0.205,0.2074,422324.0
2025-10-13 00:00:00+00:00,0.20655,0.20955,0.20519,0.20753,366656.0
2025-10-13 04:00:00+00:00,0.20754,0.21269,0.20649,0.20965,131145.0
2025-10-13 08:00:00+00:00,0.20986,0.21262,0.2023,0.20636,346894.0
2025-10-13 12:00:00+00:00,0.20591,0.21285,0.20455,0.21039,412475.0
2025-10-13 16:00:00+00:00,0.2109,0.21676,0.20852,0.21549,372605.0
2025-10-13 20:00:00+00:00,0.21589,0.218,0.2133,0.21339,234563.0
2025-10-14 00:00:00+00:00,0.21389,0.21526,0.20675,0.20767,276072.0
2025-10-14 04:00:00+00:00,0.20755,0.20808,0.19613,0.19757,414440.0
2025-10-14 08:00:00+00:00,0.19792,0.20114,0.19473,0.19913,543742.0
2025-10-14 12:00:00+00:00,0.19897,0.20351,0.19333,0.20261,474499.0
2025-10-14 16:00:00+00:00,0.20314,0.20649,0.2,0.20333,631518.0
2025-10-14 20:00:00+00:00,0.20333,0.205,0.20218,0.20422,206055.0
2025-10-15 00:00:00+00:00,0.20403,0.20666,0.20166,0.20243,275249.0
2025-10-15 04:00:00+00:00,0.20255,0.20443,0.2021,0.20443,156094.0
2025-10-15 08:00:00+00:00,0.20421,0.20813,0.20089,0.20273,189035.0
2025-10-15 12:00:00+00:00,0.20202,0.20315,0.19741,0.19895,662661.0
2025-10-15 16:00:00+00:00,0.19897,0.19997,0.19645,0.1965,336177.0
2025-10-15 20:00:00+00:00,0.19857,0.19857,0.19437,0.19643,165579.0
2025-10-16 00:00:00+00:00,0.19643,0.19896,0.19535,0.19646,207185.0
2025-10-16 04:00:00+00:00,0.197,0.19947,0.19521,0.197,109647.0
2025-10-16 08:00:00+00:00,0.197,0.20022,0.19079,0.20007,240700.0
2025-10-16 12:00:00+00:00,0.20022,0.20108,0.189,0.189,328251.0
2025-10-16 16:00:00+00:00,0.189,0.19458,0.18636,0.18757,591992.0
2025-10-16 20:00:00+00:00,0.18831,0.18881,0.18454,0.18806,199306.0
2025-10-17 00:00:00+00:00,0.18824,0.19084,0.18824,0.19005,144757.0
2025-10-17 04:00:00+00:00,0.19044,0.19055,0.17856,0.17856,895234.0
2025-10-17 08:00:00+00:00,0.17923,0.18379,0.17583,0.18255,674830.0
2025-10-17 12:00:00+00:00,0.18261,0.18444,0.17981,0.18444,557642.0
2025-10-17 16:00:00+00:00,0.1849,0.18706,0.18336,0.18426,85580.0
2025-10-17 20:00:00+00:00,0.18417,0.18765,0.18417,0.18489,137290.0
2025-10-18 00:00:00+00:00,0.18452,0.18813,0.18423,0.18747,109250.0
2025-10-18 04:00:00+00:00,0.1856,0.18974,0.18517,0.18768,31347.0
2025-10-18 08:00:00+00:00,0.18748,0.1879,0.18675,0.18784,43811.0
2025-10-18 12:00:00+00:00,0.18809,0.18809,0.18619,0.1876,374089.0
2025-10-18 16:00:00+00:00,0.18767,0.19019,0.18639,0.18948,380594.0
2025-10-18 20:00:00+00:00,0.18982,0.18987,0.18891,0.18951,131411.0
2025-10-19 00:00:00+00:00,0.18951,0.19042,0.18794,0.19038,143701.0
2025-10-19 04:00:00+00:00,0.18995,0.19112,0.18831,0.18832,75556.0
2025-10-19 08:00:00+00:00,0.18982,0.19648,0.18619,0.19296,658845.0
2025-10-19 12:00:00+00:00,0.19285,0.19795,0.1928,0.19629,485292.0
2025-10-19 16:00:00+00:00,0.19631,0.1985,0.19564,0.19672,171556.0
2025-10-19 20:00:00+00:00,0.19682,0.1973,0.19483,0.19483,466153.0
2025-10-20 00:00:00+00:00,0.19473,0.19968,0.19193,0.19906,118065.0
2025-10-20 04:00:00+00:00,0.19968,0.20222,0.19873,0.20089,115546.0
2025-10-20 08:00:00+00:00,0.20089,0.20217,0.19986,0.20022,111375.0
2025-10-20 12:00:00+00:00,0.19979,0.20166,0.19917,0.19917,293763.0
2025-10-20 16:00:00+00:00,0.19901,0.20043,0.19613,0.20043,346035.0
2025-10-20 20:00:00+00:00,0.19931,0.20022,0.1986,0.19961,191752.0
2025-10-21 00:00:00+00:00,0.19973,0.20038,0.19602,0.19624,62862.0
2025-10-21 04:00:00+00:00,0.19625,0.19625,0.19281,0.19436,173359.0
2025-10-21 08:00:00+00:00,0.1937,0.19521,0.19213,0.19453,319020.0
2025-10-21 12:00:00+00:00,0.19483,0.20544,0.19395,0.20472,639021.0
2025-10-21 16:00:00+00:00,0.20482,0.20506,0.19922,0.20169,376880.0
2025-10-21 20:00:00+00:00,0.20152,0.20159,0.1936,0.19405,420027.0
2025-10-22 00:00:00+00:00,0.19373,0.1954,0.19269,0.1936,308777.0
2025-10-22 04:00:00+00:00,0.19387,0.19521,0.18984,0.19126,473288.0
2025-10-22 08:00:00+00:00,0.1915,0.19164,0.18709,0.19036,110933.0
2025-10-22 12:00:00+00:00,0.1911,0.193,0.18847,0.19232,263253.0
2025-10-22 16:00:00+00:00,0.19199,0.1931,0.18891,0.19033,169970.0
2025-10-22 20:00:00+00:00,0.1903,0.19074,0.18529,0.18993,548793.0
2025-10-23 00:00:00+00:00,0.1895,0.19148,0.1895,0.1908,181320.0
2025-10-23 04:00:00+00:00,0.191,0.19483,0.19099,0.19333,29634.0
2025-10-23 08:00:00+00:00,0.19446,0.19566,0.19333,0.19343,28050.0
2025-10-23 12:00:00+00:00,0.193,0.19612,0.19168,0.19524,574031.0
2025-10-23 16:00:00+00:00,0.19554,0.19728,0.19464,0.19588,193538.0
2025-10-23 20:00:00+00:00,0.19544,0.19544,0.19234,0.19447,147669.0
2025-10-24 00:00:00+00:00,0.19472,0.19566,0.19397,0.195,86294.0
2025-10-24 04:00:00+00:00,0.1952,0.19826,0.19512,0.19611,126173.0
2025-10-24 08:00:00+00:00,0.19682,0.19759,0.19566,0.19683,9747.0
2025-10-24 12:00:00+00:00,0.19729,0.20045,0.19429,0.19505,281546.0
2025-10-24 16:00:00+00:00,0.19449,0.19685,0.19426,0.19681,108319.0
2025-10-24 20:00:00+00:00,0.19715,0.19835,0.19715,0.19775,7573.0
2025-10-25 00:00:00+00:00,0.19787,0.19978,0.19736,0.19771,58229.0
2025-10-25 04:00:00+00:00,0.19882,0.19946,0.19792,0.19792,75904.0
2025-10-25 08:00:00+00:00,0.19804,0.19854,0.19683,0.19735,10477.0
2025-10-25 12:00:00+00:00,0.19792,0.19826,0.19614,0.19614,60121.0
2025-10-25 16:00:00+00:00,0.19622,0.19801,0.19614,0.19742,129726.0
2025-10-25 20:00:00+00:00,0.1975,0.19772,0.19621,0.19649,18303.0
2025-10-26 00:00:00+00:00,0.19651,0.19674,0.19473,0.19484,81503.0
2025-10-26 04:00:00+00:00,0.19553,0.19646,0.19527,0.19646,11066.0
2025-10-26 08:00:00+00:00,0.19646,0.20222,0.19646,0.20169,187460.0
2025-10-26 12:00:00+00:00,0.20197,0.20351,0.20119,0.20303,239912.0
2025-10-26 16:00:00+00:00,0.20285,0.20285,0.20166,0.20178,156881.0
2025-10-26 20:00:00+00:00,0.2016,0.20694,0.20051,0.20561,596745.0
2025-10-27 00:00:00+00:00,0.20563,0.20947,0.2055,0.20669,781196.0
2025-10-27 04:00:00+00:00,0.20693,0.20871,0.20544,0.20616,132402.0
2025-10-27 08:00:00+00:00,0.20644,0.20644,0.20185,0.2032,354738.0
2025-10-27 12:00:00+00:00,0.20339,0.20375,0.20089,0.20319,256416.0
2025-10-27 16:00:00+00:00,0.20365,0.20557,0.2031,0.20316,84931.0
2025-10-27 20:00:00+00:00,0.20316,0.20316,0.19919,0.20021,201678.0
2025-10-28 00:00:00+00:00,0.20041,0.20148,0.19853,0.19941,305063.0
2025-10-28 04:00:00+00:00,0.19923,0.20172,0.19834,0.20034,105171.0
2025-10-28 08:00:00+00:00,0.20049,0.20105,0.19961,0.19962,49730.0
2025-10-28 12:00:00+00:00,0.19964,0.20288,0.19704,0.19948,456306.0
2025-10-28 16:00:00+00:00,0.2,0.2023,0.19622,0.19708,376890.0
2025-10-28 20:00:00+00:00,0.19663,0.19663,0.19039,0.1937,795606.0
2025-10-29 00:00:00+00:00,0.1937,0.1948,0.19281,0.19321,84756.0
2025-10-29 04:00:00+00:00,0.1929,0.19449,0.19289,0.19445,28776.0
2025-10-29 08:00:00+00:00,0.19353,0.19554,0.19281,0.19554,45087.0
2025-10-29 12:00:00+00:00,0.19556,0.19946,0.19059,0.1908,905054.0
2025-10-29 16:00:00+00:00,0.19057,0.19678,0.18738,0.194,1144111.0
2025-10-29 20:00:00+00:00,0.19459,0.19661,0.19167,0.19231,257555.0
2025-10-30 00:00:00+00:00,0.19247,0.19446,0.19133,0.19424,201973.0
2025-10-30 04:00:00+00:00,0.19388,0.19388,0.18625,0.19261,410557.0
2025-10-30 08:00:00+00:00,0.19195,0.19196,0.18781,0.18781,88992.0
2025-10-30 12:00:00+00:00,0.1878,0.18787,0.18006,0.18081,740249.0
2025-10-30 16:00:00+00:00,0.18059,0.18202,0.17658,0.1766,558385.0
2025-10-30 20:00:00+00:00,0.17656,0.18294,0.17656,0.18287,319030.0
2025-10-31 00:00:00+00:00,0.18279,0.18573,0.18243,0.18477,316406.0
2025-10-31 04:00:00+00:00,0.18501,0.18581,0.1843,0.1843,57231.0
2025-10-31 08:00:00+00:00,0.18487,0.18721,0.18392,0.18721,19423.0
2025-10-31 12:00:00+00:00,0.18695,0.18721,0.18478,0.18623,127122.0
2025-10-31 16:00:00+00:00,0.1854,0.18793,0.18298,0.18761,159618.0
2025-10-31 20:00:00+00:00,0.18747,0.18844,0.18569,0.18683,222416.0
2025-11-01 00:00:00+00:00,0.1858,0.18709,0.1854,0.18709,78530.0
2025-11-01 04:00:00+00:00,0.18691,0.18725,0.18575,0.18699,20945.0
2025-11-01 08:00:00+00:00,0.18729,0.18792,0.18689,0.1872,86003.0
2025-11-01 12:00:00+00:00,0.18728,0.18741,0.18553,0.18645,12384.0
2025-11-01 16:00:00+00:00,0.18762,0.18775,0.18657,0.18721,34494.0
2025-11-01 20:00:00+00:00,0.18754,0.18828,0.18629,0.18731,160833.0
2025-11-02 00:00:00+00:00,0.18689,0.18717,0.186,0.18665,28892.0
2025-11-02 04:00:00+00:00,0.18631,0.18871,0.18631,0.18807,50150.0
2025-11-02 08:00:00+00:00,0.18752,0.18769,0.18498,0.18669,41630.0
2025-11-02 12:00:00+00:00,0.18686,0.18687,0.183,0.18351,84892.0
2025-11-02 16:00:00+00:00,0.18332,0.184,0.18198,0.18277,251432.0
2025-11-02 20:00:00+00:00,0.18307,0.18643,0.18296,0.18643,167361.0
2025-11-03 00:00:00+00:00,0.18634,0.18634,0.175,0.175,751183.0
2025-11-03 04:00:00+00:00,0.17478,0.17662,0.17126,0.17353,510956.0
2025-11-03 08:00:00+00:00,0.17341,0.17516,0.17163,0.17457,160056.0
2025-11-03 12:00:00+00:00,0.17514,0.17568,0.1661,0.16739,621651.0
2025-11-03 16:00:00+00:00,0.1665,0.17159,0.1657,0.16816,272667.0
2025-11-03 20:00:00+00:00,0.16785,0.16785,0.16447,0.16734,378078.0
2025-11-04 00:00:00+00:00,0.16691,0.17069,0.16572,0.17069,59633.0
2025-11-04 04:00:00+00:00,0.17084,0.17093,0.16091,0.16197,860426.0
2025-11-04 08:00:00+00:00,0.16193,0.16682,0.16185,0.1659,85677.0
2025-11-04 12:00:00+00:00,0.16637,0.16833,0.16095,0.16364,713838.0
2025-11-04 16:00:00+00:00,0.1643,0.16492,0.15433,0.15778,985691.0
2025-11-04 20:00:00+00:00,0.15796,0.16412,0.15138,0.16282,502489.0
2025-11-05 00:00:00+00:00,0.16212,0.16485,0.15477,0.16466,235076.0
2025-11-05 04:00:00+00:00,0.16487,0.16598,0.1637,0.16537,55494.0
2025-11-05 08:00:00+00:00,0.16412,0.16448,0.16136,0.16411,19001.0
2025-11-05 12:00:00+00:00,0.16389,0.16722,0.16374,0.16722,138182.0
2025-11-05 16:00:00+00:00,0.16733,0.16884,0.16629,0.16735,217617.0
2025-11-05 20:00:00+00:00,0.16746,0.16816,0.16604,0.16742,399975.0
2025-11-06 00:00:00+00:00,0.16742,0.16799,0.1642,0.16714,350947.0
2025-11-06 04:00:00+00:00,0.16664,0.16743,0.16282,0.16332,57705.0
2025-11-06 08:00:00+00:00,0.16328,0.16386,0.1623,0.16285,148608.0
2025-11-06 12:00:00+00:00,0.16277,0.16356,0.15884,0.1594,217865.0
2025-11-06 16:00:00+00:00,0.15924,0.16192,0.15729,0.16095,317700.0
2025-11-06 20:00:00+00:00,0.16135,0.16285,0.15972,0.16095,91513.0
2025-11-07 00:00:00+00:00,0.16164,0.16493,0.16101,0.16412,243698.0
2025-11-07 04:00:00+00:00,0.16395,0.16722,0.16392,0.16708,17799.0
2025-11-07 08:00:00+00:00,0.16722,0.16733,0.16235,0.16412,246031.0
2025-11-07 12:00:00+00:00,0.1634,0.17024,0.1598,0.1693,542570.0
2025-11-07 16:00:00+00:00,0.16932,0.18156,0.1684,0.17973,641390.0
2025-11-07 20:00:00+00:00,0.18,0.18103,0.17839,0.17867,150173.0
2025-11-08 00:00:00+00:00,0.17896,0.18329,0.17747,0.17985,184310.0
2025-11-08 04:00:00+00:00,0.18062,0.18233,0.17786,0.18016,31008.0
2025-11-08 08:00:00+00:00,0.18075,0.18225,0.17874,0.17875,12820.0
2025-11-08 12:00:00+00:00,0.17934,0.17972,0.17346,0.17447,278396.0
2025-11-08 16:00:00+00:00,0.17434,0.17571,0.17284,0.17476,164474.0
2025-11-08 20:00:00+00:00,0.17514,0.17654,0.17466,0.17623,142935.0
2025-11-09 00:00:00+00:00,0.17614,0.17614,0.17136,0.17188,91475.0
2025-11-09 04:00:00+00:00,0.1723,0.17522,0.1723,0.17522,43858.0
2025-11-09 08:00:00+00:00,0.17462,0.17544,0.17263,0.17466,77965.0
2025-11-09 12:00:00+00:00,0.17525,0.17942,0.175,0.17826,213097.0
2025-11-09 16:00:00+00:00,0.17813,0.18002,0.17675,0.18002,24012.0
2025-11-09 20:00:00+00:00,0.18,0.18141,0.17838,0.17928,133111.0
2025-11-10 00:00:00+00:00,0.17837,0.18351,0.17826,0.18187,180535.0
2025-11-10 04:00:00+00:00,0.18203,0.18203,0.18021,0.18163,64620.0
2025-11-10 08:00:00+00:00,0.1813,0.18552,0.17992,0.18359,115435.0
2025-11-10 12:00:00+00:00,0.18298,0.18392,0.17786,0.17913,151201.0
2025-11-10 16:00:00+00:00,0.17917,0.18102,0.17737,0.17992,241410.0
2025-11-10 20:00:00+00:00,0.18087,0.18413,0.17837,0.18181,770654.0
2025-11-11 00:00:00+00:00,0.18236,0.18625,0.17969,0.18339,383154.0
2025-11-11 04:00:00+00:00,0.18274,0.18274,0.1765,0.17661,253359.0
2025-11-11 08:00:00+00:00,0.17644,0.17851,0.17644,0.17756,23967.0
2025-11-11 12:00:00+00:00,0.17826,0.17841,0.17544,0.1759,189482.0
2025-11-11 16:00:00+00:00,0.17613,0.1769,0.1736,0.1744,544291.0
2025-11-11 20:00:00+00:00,0.17398,0.17416,0.17173,0.17219,118027.0
2025-11-12 00:00:00+00:00,0.1727,0.17312,0.17122,0.17217,73861.0
2025-11-12 04:00:00+00:00,0.17159,0.17265,0.17119,0.17138,41300.0
2025-11-12 08:00:00+00:00,0.17128,0.17693,0.17128,0.17626,158791.0
2025-11-12 12:00:00+00:00,0.17611,0.17837,0.17103,0.17103,378215.0
2025-11-12 16:00:00+00:00,0.1711,0.1711,0.16736,0.16899,444311.0
2025-11-12 20:00:00+00:00,0.1694,0.17126,0.1694,0.17005,90290.0
2025-11-13 00:00:00+00:00,0.17024,0.17549,0.16951,0.17432,165487.0
2025-11-13 04:00:00+00:00,0.17398,0.1769,0.17342,0.17484,382806.0
2025-11-13 08:00:00+00:00,0.17576,0.17662,0.1745,0.17616,33317.0
2025-11-13 12:00:00+00:00,0.17566,0.17789,0.17223,0.17223,351195.0
2025-11-13 16:00:00+00:00,0.17287,0.17313,0.1604,0.16132,884846.0
2025-11-13 20:00:00+00:00,0.16122,0.16545,0.16017,0.1641,476730.0
2025-11-14 00:00:00+00:00,0.1636,0.1652,0.16298,0.16389,326177.0
2025-11-14 04:00:00+00:00,0.16382,0.16612,0.15942,0.16612,474708.0
2025-11-14 08:00:00+00:00,0.16497,0.16497,0.16052,0.16151,109508.0
2025-11-14 12:00:00+00:00,0.16133,0.16435,0.1578,0.16332,611701.0
2025-11-14 16:00:00+00:00,0.16267,0.16465,0.16106,0.16253,69552.0
2025-11-14 20:00:00+00:00,0.16305,0.16305,0.15494,0.15792,252368.0
2025-11-15 00:00:00+00:00,0.15751,0.16277,0.15751,0.16275,58241.0
2025-11-15 04:00:00+00:00,0.16298,0.16386,0.16217,0.16313,98282.0
2025-11-15 08:00:00+00:00,0.16309,0.16309,0.16093,0.16146,65761.0
2025-11-15 12:00:00+00:00,0.16226,0.16398,0.16226,0.16358,517751.0
2025-11-15 16:00:00+00:00,0.16279,0.16462,0.16206,0.16376,240666.0
2025-11-15 20:00:00+00:00,0.16386,0.16399,0.16178,0.16333,16538.0
2025-11-16 00:00:00+00:00,0.16299,0.16429,0.1604,0.16367,550427.0
2025-11-16 04:00:00+00:00,0.16332,0.16412,0.16308,0.16412,19677.0
2025-11-16 08:00:00+00:00,0.16412,0.16542,0.16109,0.16159,250517.0
2025-11-16 12:00:00+00:00,0.16188,0.16225,0.15866,0.15866,103560.0
2025-11-16 16:00:00+00:00,0.15834,0.15946,0.15384,0.15579,530560.0
2025-11-16 20:00:00+00:00,0.15599,0.15969,0.15515,0.15869,408688.0
2025-11-17 00:00:00+00:00,0.15869,0.16154,0.15748,0.16154,220173.0
2025-11-17 04:00:00+00:00,0.16157,0.16231,0.16071,0.16182,337670.0
2025-11-17 08:00:00+00:00,0.16137,0.16274,0.16101,0.16274,11885.0
2025-11-17 12:00:00+00:00,0.16193,0.16475,0.15773,0.15841,1612802.0
2025-11-17 16:00:00+00:00,0.15776,0.16062,0.15194,0.15229,886792.0
2025-11-17 20:00:00+00:00,0.152,0.15321,0.15073,0.15187,234264.0
2025-11-18 00:00:00+00:00,0.15168,0.15472,0.14956,0.15469,554233.0
2025-11-18 04:00:00+00:00,0.15472,0.15601,0.15232,0.15552,197737.0
2025-11-18 08:00:00+00:00,0.15558,0.15773,0.15514,0.15707,260294.0
2025-11-18 12:00:00+00:00,0.15673,0.16033,0.15626,0.15944,386520.0
2025-11-18 16:00:00+00:00,0.15884,0.1627,0.15884,0.16159,222043.0
2025-11-18 20:00:00+00:00,0.16253,0.16262,0.16093,0.16178,540433.0
2025-11-19 00:00:00+00:00,0.16135,0.16226,0.15928,0.15958,475132.0
2025-11-19 04:00:00+00:00,0.15947,0.15997,0.15562,0.159,63265.0
2025-11-19 08:00:00+00:00,0.15856,0.1593,0.15753,0.15884,16571.0
2025-11-19 12:00:00+00:00,0.15861,0.15952,0.1542,0.1542,145148.0
2025-11-19 16:00:00+00:00,0.15461,0.15525,0.14709,0.14881,858432.0
2025-11-19 20:00:00+00:00,0.1484,0.155,0.1484,0.15425,267373.0
2025-11-20 00:00:00+00:00,0.15412,0.15831,0.15358,0.15778,261391.0
2025-11-20 04:00:00+00:00,0.15778,0.15865,0.15655,0.15785,55312.0
2025-11-20 08:00:00+00:00,0.15782,0.15782,0.15722,0.15769,8933.0
2025-11-20 12:00:00+00:00,0.1579,0.15953,0.15622,0.15757,143764.0
2025-11-20 16:00:00+00:00,0.1577,0.1577,0.14639,0.14979,1184722.0
2025-11-20 20:00:00+00:00,0.14935,0.15295,0.14834,0.14884,265930.0
2025-11-21 00:00:00+00:00,0.14901,0.15099,0.14538,0.14785,192734.0
2025-11-21 04:00:00+00:00,0.14665,0.14811,0.13814,0.14035,394843.0
2025-11-21 08:00:00+00:00,0.1398,0.14223,0.13645,0.1367,413844.0
2025-11-21 12:00:00+00:00,0.13672,0.14198,0.13339,0.13752,604506.0
2025-11-21 16:00:00+00:00,0.13748,0.14319,0.13588,0.13953,387615.0
2025-11-21 20:00:00+00:00,0.13923,0.14155,0.13588,0.14049,143205.0
2025-11-22 00:00:00+00:00,0.1402,0.14135,0.13892,0.13955,69961.0
2025-11-22 04:00:00+00:00,0.13872,0.13979,0.1358,0.13979,44445.0
2025-11-22 08:00:00+00:00,0.13922,0.13979,0.13565,0.13892,115968.0
2025-11-22 12:00:00+00:00,0.13806,0.13893,0.1358,0.13803,63803.0
2025-11-22 16:00:00+00:00,0.13839,0.14007,0.13839,0.13983,47253.0
2025-11-22 20:00:00+00:00,0.14008,0.14235,0.13912,0.14055,109777.0
2025-11-23 00:00:00+00:00,0.14023,0.14313,0.13966,0.14244,132464.0
2025-11-23 04:00:00+00:00,0.143,0.14458,0.14207,0.14207,4793.0
2025-11-23 08:00:00+00:00,0.143,0.14412,0.143,0.1436,215275.0
2025-11-23 12:00:00+00:00,0.14385,0.14774,0.14385,0.1473,196235.0
2025-11-23 16:00:00+00:00,0.14736,0.14746,0.14471,0.14701,91023.0
2025-11-23 20:00:00+00:00,0.14645,0.14746,0.14465,0.14465,92417.0
2025-11-24 00:00:00+00:00,0.14447,0.14913,0.14378,0.1474,507488.0
2025-11-24 04:00:00+00:00,0.14735,0.14881,0.14467,0.14632,78372.0
2025-11-24 08:00:00+00:00,0.14586,0.14688,0.144,0.14501,44658.0
2025-11-24 12:00:00+00:00,0.14495,0.14766,0.14296,0.14655,202550.0
2025-11-24 16:00:00+00:00,0.14781,0.1531,0.14687,0.15243,168767.0
2025-11-24 20:00:00+00:00,0.15316,0.15379,0.15174,0.15209,70879.0
2025-11-25 00:00:00+00:00,0.15187,0.15238,0.15035,0.15109,29950.0
2025-11-25 04:00:00+00:00,0.15156,0.15194,0.1494,0.1494,251558.0
2025-11-25 08:00:00+00:00,0.1494,0.14957,0.14761,0.14891,117406.0
2025-11-25 12:00:00+00:00,0.1487,0.14989,0.14582,0.14768,508756.0
2025-11-25 16:00:00+00:00,0.14832,0.15199,0.14832,0.15102,269200.0
2025-11-25 20:00:00+00:00,0.15132,0.15501,0.15132,0.15321,203493.0
2025-11-26 00:00:00+00:00,0.15317,0.15382,0.15036,0.15036,37197.0
2025-11-26 04:00:00+00:00,0.15071,0.15205,0.15022,0.15205,290083.0
2025-11-26 08:00:00+00:00,0.15241,0.15241,0.14984,0.14996,45816.0
2025-11-26 12:00:00+00:00,0.15014,0.15215,0.14881,0.1502,389523.0
2025-11-26 16:00:00+00:00,0.15097,0.15665,0.15097,0.15599,280074.0
2025-11-26 20:00:00+00:00,0.15607,0.1562,0.15447,0.15455,80170.0
2025-11-27 00:00:00+00:00,0.15489,0.15573,0.15385,0.15385,59797.0
2025-11-27 04:00:00+00:00,0.15409,0.1547,0.15382,0.15441,10909.0
2025-11-27 08:00:00+00:00,0.15398,0.15447,0.15253,0.15281,34156.0
2025-11-27 12:00:00+00:00,0.15242,0.15382,0.1523,0.15382,24475.0
2025-11-27 16:00:00+00:00,0.15319,0.15398,0.15282,0.15385,105760.0
2025-11-27 20:00:00+00:00,0.15388,0.15467,0.15253,0.15268,70423.0
2025-11-28 00:00:00+00:00,0.15249,0.15255,0.14982,0.1508,72539.0
2025-11-28 04:00:00+00:00,0.15092,0.15106,0.14971,0.15029,3890.0
2025-11-28 08:00:00+00:00,0.14999,0.15321,0.14986,0.15011,170613.0
2025-11-28 12:00:00+00:00,0.15104,0.15533,0.15039,0.15362,252158.0
2025-11-28 16:00:00+00:00,0.15325,0.15325,0.14837,0.15106,171438.0
2025-11-28 20:00:00+00:00,0.15057,0.15112,0.14987,0.15029,64723.0
2025-11-29 00:00:00+00:00,0.15043,0.15099,0.14965,0.14988,72880.0
2025-11-29 04:00:00+00:00,0.14991,0.15062,0.14872,0.1489,49558.0
2025-11-29 08:00:00+00:00,0.14931,0.14931,0.14912,0.14923,9297.0
2025-11-29 12:00:00+00:00,0.14941,0.14961,0.14844,0.14938,36381.0
2025-11-29 16:00:00+00:00,0.14915,0.14915,0.1473,0.14814,151445.0
2025-11-29 20:00:00+00:00,0.14808,0.14899,0.14808,0.1484,5048.0
2025-11-30 00:00:00+00:00,0.14852,0.14933,0.14851,0.14918,19821.0
2025-11-30 04:00:00+00:00,0.14922,0.14922,0.14847,0.14897,44453.0
2025-11-30 08:00:00+00:00,0.14927,0.14949,0.14877,0.14877,30124.0
2025-11-30 12:00:00+00:00,0.14989,0.15056,0.14908,0.14933,73269.0
2025-11-30 16:00:00+00:00,0.14919,0.15033,0.14919,0.14968,47100.0
2025-11-30 20:00:00+00:00,0.15,0.15026,0.146,0.146,109583.0
2025-12-01 00:00:00+00:00,0.14598,0.14598,0.1371,0.13729,445730.0
2025-12-01 04:00:00+00:00,0.13709,0.1378,0.1369,0.13767,295456.0
2025-12-01 08:00:00+00:00,0.13813,0.13821,0.1369,0.1369,172074.0
2025-12-01 12:00:00+00:00,0.1369,0.13699,0.13196,0.13396,379366.0
2025-12-01 16:00:00+00:00,0.13388,0.13388,0.1323,0.13314,61763.0
2025-12-01 20:00:00+00:00,0.13389,0.13639,0.13112,0.13549,457860.0
2025-12-02 00:00:00+00:00,0.13554,0.13713,0.13507,0.13619,52211.0
2025-12-02 04:00:00+00:00,0.13643,0.13643,0.13539,0.13539,11833.0
2025-12-02 08:00:00+00:00,0.13495,0.13704,0.13454,0.13683,6434.0
2025-12-02 12:00:00+00:00,0.13697,0.14767,0.1367,0.14604,224124.0
2025-12-02 16:00:00+00:00,0.14613,0.14706,0.14515,0.14609,45884.0
2025-12-02 20:00:00+00:00,0.14591,0.14712,0.14482,0.14586,233578.0
2025-12-03 00:00:00+00:00,0.14566,0.14778,0.14566,0.14751,21412.0
2025-12-03 04:00:00+00:00,0.14737,0.15196,0.14737,0.15061,135908.0
2025-12-03 08:00:00+00:00,0.15115,0.15115,0.14929,0.1499,29401.0
2025-12-03 12:00:00+00:00,0.15011,0.15072,0.14664,0.14909,158042.0
2025-12-03 16:00:00+00:00,0.14921,0.15183,0.14877,0.15067,50809.0
2025-12-03 20:00:00+00:00,0.15082,0.15321,0.15031,0.15137,16090.0
2025-12-04 00:00:00+00:00,0.15195,0.15259,0.15075,0.15097,24376.0
2025-12-04 04:00:00+00:00,0.15131,0.15131,0.14936,0.14973,134771.0
2025-12-04 08:00:00+00:00,0.14976,0.14996,0.1492,0.14939,4946.0
2025-12-04 12:00:00+00:00,0.14899,0.151,0.1479,0.15012,206138.0
2025-12-04 16:00:00+00:00,0.1495,0.14963,0.14583,0.14759,141072.0
2025-12-04 20:00:00+00:00,0.14827,0.14852,0.14713,0.14738,35974.0
2025-12-05 00:00:00+00:00,0.14779,0.1483,0.14739,0.14761,21765.0
2025-12-05 04:00:00+00:00,0.14713,0.14755,0.1463,0.14729,241621.0
2025-12-05 08:00:00+00:00,0.1463,0.1463,0.14381,0.14381,81093.0
2025-12-05 12:00:00+00:00,0.14448,0.1447,0.14191,0.14231,236560.0
2025-12-05 16:00:00+00:00,0.1422,0.1422,0.13748,0.1393,298742.0
2025-12-05 20:00:00+00:00,0.13893,0.13937,0.13804,0.13936,101356.0
2025-12-06 00:00:00+00:00,0.13923,0.14036,0.13913,0.13931,8710.0
2025-12-06 04:00:00+00:00,0.13931,0.13955,0.13902,0.13945,3288.0
2025-12-06 08:00:00+00:00,0.13941,0.13961,0.13858,0.1395,129245.0
2025-12-06 12:00:00+00:00,0.13961,0.14061,0.13912,0.13966,91471.0
2025-12-06 16:00:00+00:00,0.14012,0.14027,0.139,0.1394,124525.0
2025-12-06 20:00:00+00:00,0.13937,0.14027,0.1393,0.13971,44352.0
2025-12-07 00:00:00+00:00,0.13992,0.14035,0.13975,0.14001,99325.0
2025-12-07 04:00:00+00:00,0.14039,0.14081,0.13933,0.13933,25151.0
2025-12-07 08:00:00+00:00,0.13937,0.13939,0.13863,0.13907,74624.0
2025-12-07 12:00:00+00:00,0.1399,0.1399,0.13496,0.13868,319999.0
2025-12-07 16:00:00+00:00,0.13909,0.14287,0.13833,0.142,100968.0
2025-12-07 20:00:00+00:00,0.14165,0.14224,0.13598,0.13796,121088.0
2025-12-08 00:00:00+00:00,0.13843,0.14158,0.13829,0.1404,65888.0
2025-12-08 04:00:00+00:00,0.14034,0.14231,0.14012,0.14216,96773.0
2025-12-08 08:00:00+00:00,0.14235,0.14464,0.14235,0.14298,66458.0
2025-12-08 12:00:00+00:00,0.14298,0.1447,0.14184,0.14267,69234.0
2025-12-08 16:00:00+00:00,0.14182,0.14359,0.14143,0.1431,30444.0
2025-12-08 20:00:00+00:00,0.14303,0.14418,0.14231,0.14231,19691.0
2025-12-09 00:00:00+00:00,0.14166,0.14166,0.14025,0.14072,49264.0
2025-12-09 04:00:00+00:00,0.14141,0.14148,0.13953,0.14055,4267.0
2025-12-09 08:00:00+00:00,0.14025,0.14061,0.14006,0.14061,20177.0
2025-12-09 12:00:00+00:00,0.14115,0.14661,0.14076,0.14635,330788.0
2025-12-09 16:00:00+00:00,0.14679,0.153,0.14679,0.1508,459232.0
2025-12-09 20:00:00+00:00,0.15097,0.15149,0.14669,0.14841,330729.0
2025-12-10 00:00:00+00:00,0.14821,0.14821,0.14603,0.14755,8482.0
2025-12-10 04:00:00+00:00,0.1471,0.14761,0.1463,0.1463,13556.0
2025-12-10 08:00:00+00:00,0.14656,0.14755,0.14542,0.14558,50543.0
2025-12-10 12:00:00+00:00,0.14577,0.14639,0.14462,0.14512,53444.0
2025-12-10 16:00:00+00:00,0.14506,0.14918,0.14506,0.14687,462379.0
2025-12-10 20:00:00+00:00,0.1473,0.1502,0.14234,0.14327,454625.0
2025-12-11 00:00:00+00:00,0.14346,0.14346,0.13731,0.1383,153949.0
2025-12-11 04:00:00+00:00,0.1385,0.13898,0.13796,0.13819,66721.0
2025-12-11 08:00:00+00:00,0.13797,0.13834,0.13723,0.13831,96538.0
2025-12-11 12:00:00+00:00,0.13785,0.13852,0.13651,0.1376,251357.0
2025-12-11 16:00:00+00:00,0.13736,0.1396,0.13644,0.13865,476484.0
2025-12-11 20:00:00+00:00,0.13861,0.14266,0.13861,0.14075,602118.0
2025-12-12 00:00:00+00:00,0.14048,0.1412,0.13905,0.14098,20276.0
2025-12-12 04:00:00+00:00,0.14037,0.14115,0.13988,0.14074,33837.0
2025-12-12 08:00:00+00:00,0.14017,0.14119,0.14017,0.14109,25979.0
2025-12-12 12:00:00+00:00,0.14084,0.14111,0.1352,0.13523,459419.0
2025-12-12 16:00:00+00:00,0.13615,0.13722,0.13421,0.13624,269774.0
2025-12-12 20:00:00+00:00,0.13611,0.13719,0.13611,0.13693,36948.0
2025-12-13 00:00:00+00:00,0.13719,0.13761,0.13715,0.13715,15237.0
2025-12-13 04:00:00+00:00,0.13744,0.13778,0.13721,0.13778,8203.0
2025-12-13 08:00:00+00:00,0.13779,0.13929,0.13779,0.13868,5890.0
2025-12-13 12:00:00+00:00,0.13908,0.13985,0.13861,0.13932,41747.0
2025-12-13 16:00:00+00:00,0.13892,0.13915,0.13883,0.13883,4955.0
2025-12-13 20:00:00+00:00,0.13883,0.13922,0.13851,0.13913,20023.0
2025-12-14 00:00:00+00:00,0.13901,0.13917,0.13874,0.13888,19163.0
2025-12-14 04:00:00+00:00,0.13837,0.13852,0.13764,0.13779,2365.0
2025-12-14 08:00:00+00:00,0.13758,0.13766,0.13581,0.13681,81240.0
2025-12-14 12:00:00+00:00,0.13669,0.1367,0.13503,0.13548,85336.0
2025-12-14 16:00:00+00:00,0.13539,0.13597,0.13358,0.13424,122595.0
2025-12-14 20:00:00+00:00,0.13408,0.13473,0.13269,0.1343,198615.0
2025-12-15 00:00:00+00:00,0.13444,0.13835,0.13433,0.13657,184959.0
2025-12-15 04:00:00+00:00,0.13685,0.13698,0.13617,0.1363,4202.0
2025-12-15 08:00:00+00:00,0.1367,0.13755,0.13665,0.13755,67038.0
2025-12-15 12:00:00+00:00,0.13685,0.13728,0.13,0.13075,947175.0
2025-12-15 16:00:00+00:00,0.13022,0.13104,0.12674,0.12872,421208.0
2025-12-15 20:00:00+00:00,0.1284,0.12951,0.12754,0.12941,45698.0
2025-12-16 00:00:00+00:00,0.1297,0.12995,0.129,0.12931,45935.0
2025-12-16 04:00:00+00:00,0.12939,0.13006,0.12779,0.12907,77063.0
2025-12-16 08:00:00+00:00,0.12893,0.13194,0.12875,0.13194,152651.0
2025-12-16 12:00:00+00:00,0.13136,0.13285,0.12904,0.1328,341587.0
2025-12-16 16:00:00+00:00,0.13271,0.13297,0.1311,0.13172,125132.0
2025-12-16 20:00:00+00:00,0.1321,0.13233,0.13149,0.13185,61882.0
2025-12-17 00:00:00+00:00,0.13154,0.13211,0.13123,0.13141,71333.0
2025-12-17 04:00:00+00:00,0.13071,0.13105,0.13007,0.13096,6708.0
2025-12-17 08:00:00+00:00,0.1305,0.1305,0.12948,0.12996,24316.0
2025-12-17 12:00:00+00:00,0.12979,0.13615,0.12953,0.13046,503442.0
2025-12-17 16:00:00+00:00,0.12972,0.13055,0.125,0.12551,299732.0
2025-12-17 20:00:00+00:00,0.1262,0.12757,0.12565,0.12596,42027.0
2025-12-18 00:00:00+00:00,0.12615,0.1266,0.12523,0.1255,18001.0
2025-12-18 04:00:00+00:00,0.12567,0.1261,0.12384,0.12473,48772.0
2025-12-18 08:00:00+00:00,0.12514,0.12623,0.12493,0.12581,157913.0
2025-12-18 12:00:00+00:00,0.12585,0.13006,0.12585,0.12989,422388.0
2025-12-18 16:00:00+00:00,0.12936,0.1298,0.12001,0.12022,342373.0
2025-12-18 20:00:00+00:00,0.12134,0.12361,0.12112,0.12219,141598.0
2025-12-19 00:00:00+00:00,0.12231,0.12623,0.12065,0.12559,34801.0
2025-12-19 04:00:00+00:00,0.12582,0.12862,0.12544,0.12787,181992.0
2025-12-19 08:00:00+00:00,0.12808,0.12838,0.12799,0.12815,154367.0
2025-12-19 12:00:00+00:00,0.12821,0.13202,0.12808,0.12981,174729.0
2025-12-19 16:00:00+00:00,0.13168,0.13333,0.13001,0.13333,152471.0
2025-12-19 20:00:00+00:00,0.13284,0.13317,0.13189,0.13256,20584.0
2025-12-20 00:00:00+00:00,0.13176,0.13181,0.13075,0.13176,39003.0
2025-12-20 04:00:00+00:00,0.13085,0.13164,0.13085,0.13164,69706.0
2025-12-20 08:00:00+00:00,0.13217,0.13237,0.13209,0.13237,5009.0
2025-12-20 12:00:00+00:00,0.13206,0.13228,0.13153,0.13228,31180.0
2025-12-20 16:00:00+00:00,0.13206,0.1322,0.13185,0.13211,21496.0
2025-12-20 20:00:00+00:00,0.13205,0.13241,0.13164,0.13203,26805.0
2025-12-21 00:00:00+00:00,0.13189,0.13189,0.13072,0.13111,16519.0
2025-12-21 04:00:00+00:00,0.13108,0.13173,0.13103,0.1314,24931.0
2025-12-21 08:00:00+00:00,0.13179,0.13301,0.13179,0.13262,24537.0
2025-12-21 12:00:00+00:00,0.13136,0.13175,0.12904,0.12964,75630.0
2025-12-21 16:00:00+00:00,0.12939,0.13045,0.12922,0.13045,19016.0
2025-12-21 20:00:00+00:00,0.1304,0.13148,0.12932,0.13114,20056.0
2025-12-22 00:00:00+00:00,0.13153,0.13409,0.12971,0.13215,74795.0
2025-12-22 04:00:00+00:00,0.13226,0.13226,0.1317,0.13189,3153.0
2025-12-22 08:00:00+00:00,0.13216,0.13301,0.13192,0.13265,123784.0
2025-12-22 12:00:00+00:00,0.13315,0.13501,0.13265,0.13349,188352.0
2025-12-22 16:00:00+00:00,0.13464,0.1351,0.13182,0.13188,27384.0
2025-12-22 20:00:00+00:00,0.13173,0.13249,0.13098,0.1321,41691.0
2025-12-23 00:00:00+00:00,0.13245,0.13336,0.13187,0.13249,71457.0
2025-12-23 04:00:00+00:00,0.13179,0.13179,0.1299,0.13063,38304.0
2025-12-23 08:00:00+00:00,0.13073,0.13084,0.13011,0.13084,8541.0
2025-12-23 12:00:00+00:00,0.13074,0.13074,0.12799,0.1295,455435.0
2025-12-23 16:00:00+00:00,0.13002,0.13055,0.12845,0.12904,210205.0
2025-12-23 20:00:00+00:00,0.12897,0.12973,0.12897,0.12955,56719.0
2025-12-24 00:00:00+00:00,0.12917,0.13003,0.12764,0.12824,99079.0
2025-12-24 04:00:00+00:00,0.1286,0.1286,0.12683,0.12724,26210.0
2025-12-24 08:00:00+00:00,0.12734,0.12843,0.1272,0.12789,20923.0
2025-12-24 12:00:00+00:00,0.12832,0.12845,0.12686,0.12818,236195.0
2025-12-24 16:00:00+00:00,0.12845,0.12923,0.12777,0.12785,63770.0
2025-12-24 20:00:00+00:00,0.12832,0.12907,0.12832,0.12857,38486.0
2025-12-25 00:00:00+00:00,0.1283,0.12894,0.128,0.12882,8068.0
2025-12-25 04:00:00+00:00,0.1289,0.1289,0.12772,0.12772,5394.0
2025-12-25 08:00:00+00:00,0.12839,0.12839,0.12589,0.12644,48809.0
2025-12-25 12:00:00+00:00,0.12671,0.12813,0.12592,0.12799,99624.0
2025-12-25 16:00:00+00:00,0.1274,0.12781,0.12683,0.12702,21832.0
2025-12-25 20:00:00+00:00,0.12712,0.12713,0.12331,0.12361,98147.0
2025-12-26 00:00:00+00:00,0.12409,0.12748,0.12402,0.12605,158267.0
2025-12-26 04:00:00+00:00,0.12554,0.12627,0.12538,0.12542,49224.0
2025-12-26 08:00:00+00:00,0.12563,0.12583,0.12532,0.12532,10919.0
2025-12-26 12:00:00+00:00,0.12567,0.12618,0.12148,0.1222,307111.0
2025-12-26 16:00:00+00:00,0.12186,0.12239,0.1209,0.12206,60367.0
2025-12-26 20:00:00+00:00,0.12203,0.12266,0.12132,0.12223,178029.0
2025-12-27 00:00:00+00:00,0.12231,0.12303,0.12214,0.12303,76338.0
2025-12-27 04:00:00+00:00,0.12301,0.12334,0.1228,0.12298,3758.0
2025-12-27 08:00:00+00:00,0.12269,0.12278,0.12264,0.12278,1096.0
2025-12-27 12:00:00+00:00,0.12343,0.12362,0.12282,0.12312,25723.0
2025-12-27 16:00:00+00:00,0.12281,0.12319,0.12271,0.12285,29090.0
2025-12-27 20:00:00+00:00,0.12294,0.1247,0.12294,0.12427,54772.0
2025-12-28 00:00:00+00:00,0.12405,0.12405,0.12367,0.12394,21627.0
2025-12-28 04:00:00+00:00,0.12389,0.12436,0.12381,0.12405,11026.0
2025-12-28 08:00:00+00:00,0.1239,0.12412,0.12361,0.12397,19385.0
2025-12-28 12:00:00+00:00,0.12401,0.12432,0.12401,0.12408,2306.0
2025-12-28 16:00:00+00:00,0.12436,0.12436,0.12308,0.12339,100272.0
2025-12-28 20:00:00+00:00,0.12326,0.12381,0.12275,0.12345,174865.0
2025-12-29 00:00:00+00:00,0.12393,0.12743,0.12393,0.12741,201663.0
2025-12-29 04:00:00+00:00,0.1277,0.12797,0.12652,0.12711,83227.0
2025-12-29 08:00:00+00:00,0.12687,0.12687,0.12457,0.12524,385957.0
2025-12-29 12:00:00+00:00,0.12446,0.12472,0.12262,0.12445,236704.0
2025-12-29 16:00:00+00:00,0.12353,0.12407,0.12287,0.12319,58363.0
2025-12-29 20:00:00+00:00,0.12258,0.12304,0.12235,0.12304,12334.0
2025-12-30 00:00:00+00:00,0.1229,0.12301,0.12256,0.12256,19691.0
2025-12-30 04:00:00+00:00,0.12327,0.12366,0.12312,0.12366,2495.0
2025-12-30 08:00:00+00:00,0.124,0.12501,0.124,0.12466,18377.0
2025-12-30 12:00:00+00:00,0.12431,0.12569,0.12319,0.12457,237003.0
2025-12-30 16:00:00+00:00,0.12495,0.12495,0.12283,0.12283,316797.0
2025-12-30 20:00:00+00:00,0.12311,0.12332,0.12254,0.12332,10594.0
2025-12-31 00:00:00+00:00,0.1231,0.12371,0.1231,0.12339,77923.0
2025-12-31 04:00:00+00:00,0.1233,0.12332,0.12316,0.12332,1114.0
2025-12-31 08:00:00+00:00,0.12355,0.12355,0.12301,0.12301,16790.0
2025-12-31 12:00:00+00:00,0.12343,0.12372,0.12079,0.12121,176797.0
2025-12-31 16:00:00+00:00,0.12097,0.12142,0.11638,0.11744,624395.0
2025-12-31 20:00:00+00:00,0.11713,0.11789,0.11646,0.11754,128204.0
2026-01-01 00:00:00+00:00,0.11774,0.11879,0.11774,0.1184,469648.0
2026-01-01 04:00:00+00:00,0.11841,0.11865,0.11792,0.11857,369021.0
2026-01-01 08:00:00+00:00,0.11854,0.12109,0.11854,0.12055,105454.0
2026-01-01 12:00:00+00:00,0.12055,0.1273,0.12039,0.12491,246627.0
2026-01-01 16:00:00+00:00,0.12447,0.12567,0.12364,0.12567,348206.0
2026-01-01 20:00:00+00:00,0.12589,0.12703,0.12524,0.12684,132816.0
2026-01-02 00:00:00+00:00,0.12647,0.12909,0.12621,0.12878,80744.0
2026-01-02 04:00:00+00:00,0.12903,0.12917,0.12773,0.12801,44332.0
2026-01-02 08:00:00+00:00,0.12819,0.13484,0.12808,0.12872,407503.0
2026-01-02 12:00:00+00:00,0.1297,0.13602,0.12946,0.13511,454765.0
2026-01-02 16:00:00+00:00,0.13496,0.13982,0.13496,0.13935,363567.0
2026-01-02 20:00:00+00:00,0.13947,0.1448,0.13934,0.14166,731139.0
2026-01-03 00:00:00+00:00,0.1419,0.14416,0.14137,0.14416,248671.0
2026-01-03 04:00:00+00:00,0.14354,0.14385,0.139,0.14003,526207.0
2026-01-03 08:00:00+00:00,0.14,0.14313,0.13917,0.1429,176141.0
2026-01-03 12:00:00+00:00,0.14284,0.14332,0.14221,0.14221,65160.0
2026-01-03 16:00:00+00:00,0.14213,0.14225,0.14076,0.14197,187103.0
2026-01-03 20:00:00+00:00,0.14124,0.1435,0.14124,0.1435,67383.0
2026-01-04 00:00:00+00:00,0.14273,0.1518,0.14273,0.15098,701609.0
2026-01-04 04:00:00+00:00,0.15137,0.15401,0.1496,0.15151,270976.0
2026-01-04 08:00:00+00:00,0.15186,0.15275,0.15136,0.15201,105160.0
2026-01-04 12:00:00+00:00,0.15275,0.15421,0.15058,0.15143,94582.0
2026-01-04 16:00:00+00:00,0.15143,0.15264,0.14806,0.15006,257561.0
2026-01-04 20:00:00+00:00,0.15052,0.15082,0.14853,0.14954,91595.0
2026-01-05 00:00:00+00:00,0.14977,0.15246,0.14896,0.15142,181606.0
2026-01-05 04:00:00+00:00,0.15175,0.15192,0.14889,0.15012,98223.0
2026-01-05 08:00:00+00:00,0.14995,0.15069,0.14608,0.14755,83104.0
2026-01-05 12:00:00+00:00,0.14733,0.14881,0.14645,0.14863,252748.0
2026-01-05 16:00:00+00:00,0.14946,0.15371,0.147,0.15156,650162.0
2026-01-05 20:00:00+00:00,0.15174,0.15413,0.15074,0.15211,326913.0
2026-01-06 00:00:00+00:00,0.15192,0.15444,0.14893,0.1528,262874.0
2026-01-06 04:00:00+00:00,0.1527,0.1527,0.14944,0.14944,99271.0
2026-01-06 08:00:00+00:00,0.14968,0.15082,0.14963,0.15078,37515.0
2026-01-06 12:00:00+00:00,0.15087,0.15643,0.14942,0.14942,643573.0
2026-01-06 16:00:00+00:00,0.15026,0.15026,0.14375,0.146,954450.0
2026-01-06 20:00:00+00:00,0.14625,0.15089,0.14625,0.15089,120449.0
2026-01-07 00:00:00+00:00,0.15002,0.15019,0.14706,0.14837,48356.0
2026-01-07 04:00:00+00:00,0.1486,0.14884,0.14755,0.14884,10876.0
2026-01-07 08:00:00+00:00,0.14937,0.15379,0.14776,0.14855,371673.0
2026-01-07 12:00:00+00:00,0.14833,0.14843,0.14514,0.14571,256145.0
2026-01-07 16:00:00+00:00,0.14706,0.1485,0.14571,0.14679,86671.0
2026-01-07 20:00:00+00:00,0.14589,0.14741,0.14555,0.14657,67036.0
2026-01-08 00:00:00+00:00,0.14673,0.14772,0.14481,0.14574,361380.0
2026-01-08 04:00:00+00:00,0.14526,0.14706,0.14118,0.14407,545568.0
2026-01-08 08:00:00+00:00,0.1444,0.1447,0.13851,0.14096,259415.0
2026-01-08 12:00:00+00:00,0.14074,0.14203,0.13847,0.14164,231748.0
2026-01-08 16:00:00+00:00,0.14162,0.14313,0.14101,0.14196,60514.0
2026-01-08 20:00:00+00:00,0.14168,0.14332,0.14115,0.14224,29855.0
2026-01-09 00:00:00+00:00,0.14243,0.14349,0.14152,0.14321,228865.0
2026-01-09 04:00:00+00:00,0.14297,0.14319,0.14224,0.14224,3399.0
2026-01-09 08:00:00+00:00,0.14183,0.14183,0.13905,0.14099,61649.0
2026-01-09 12:00:00+00:00,0.1402,0.14445,0.13841,0.14167,438198.0
2026-01-09 16:00:00+00:00,0.14224,0.14407,0.13911,0.1396,212770.0
2026-01-09 20:00:00+00:00,0.1396,0.1412,0.1396,0.14062,55291.0
2026-01-10 00:00:00+00:00,0.14045,0.14079,0.13974,0.14049,7824.0
2026-01-10 04:00:00+00:00,0.14007,0.14022,0.13999,0.14006,2378.0
2026-01-10 08:00:00+00:00,0.14028,0.14055,0.13966,0.14014,31357.0
2026-01-10 12:00:00+00:00,0.14017,0.14017,0.13984,0.14013,19850.0
2026-01-10 16:00:00+00:00,0.13998,0.14039,0.13977,0.14009,91568.0
2026-01-10 20:00:00+00:00,0.14024,0.14043,0.13965,0.1397,19871.0
2026-01-11 00:00:00+00:00,0.13936,0.13957,0.13864,0.13923,209227.0
2026-01-11 04:00:00+00:00,0.13895,0.13991,0.13882,0.13991,63615.0
2026-01-11 08:00:00+00:00,0.13985,0.14028,0.13983,0.14001,15249.0
2026-01-11 12:00:00+00:00,0.14019,0.14088,0.13659,0.13797,121370.0
2026-01-11 16:00:00+00:00,0.13847,0.13982,0.13764,0.13782,264666.0
2026-01-11 20:00:00+00:00,0.13716,0.1382,0.13598,0.13766,116718.0
2026-01-12 00:00:00+00:00,0.13755,0.14226,0.13749,0.14086,241785.0
2026-01-12 04:00:00+00:00,0.1407,0.14123,0.13793,0.13793,51387.0
2026-01-12 08:00:00+00:00,0.13852,0.13852,0.13569,0.1364,54329.0
2026-01-12 12:00:00+00:00,0.1367,0.1386,0.13513,0.1386,131095.0
2026-01-12 16:00:00+00:00,0.13836,0.14003,0.13699,0.13831,130766.0
2026-01-12 20:00:00+00:00,0.13902,0.13902,0.13569,0.13697,87970.0
2026-01-13 00:00:00+00:00,0.13672,0.13733,0.13665,0.13699,6763.0
2026-01-13 04:00:00+00:00,0.13774,0.13945,0.13759,0.13891,72201.0
2026-01-13 08:00:00+00:00,0.1387,0.14027,0.1387,0.13932,12764.0
2026-01-13 12:00:00+00:00,0.1394,0.1422,0.13862,0.14184,229120.0
2026-01-13 16:00:00+00:00,0.14226,0.14467,0.14216,0.1443,122862.0
2026-01-13 20:00:00+00:00,0.14438,0.15079,0.1436,0.14755,803408.0
2026-01-14 00:00:00+00:00,0.14853,0.14949,0.14724,0.14949,56398.0
2026-01-14 04:00:00+00:00,0.14974,0.14974,0.14704,0.14815,356336.0
2026-01-14 08:00:00+00:00,0.14842,0.14862,0.14598,0.14598,94068.0
2026-01-14 12:00:00+00:00,0.1462,0.14969,0.14576,0.14872,352500.0
2026-01-14 16:00:00+00:00,0.14949,0.15123,0.14633,0.14784,544077.0
2026-01-14 20:00:00+00:00,0.14903,0.14903,0.14641,0.1474,85650.0
2026-01-15 00:00:00+00:00,0.14671,0.1469,0.14256,0.14262,135308.0
2026-01-15 04:00:00+00:00,0.14297,0.14427,0.14297,0.14422,47870.0
2026-01-15 08:00:00+00:00,0.14388,0.14467,0.14353,0.14363,18317.0
2026-01-15 12:00:00+00:00,0.14384,0.14499,0.14011,0.1422,238071.0
2026-01-15 16:00:00+00:00,0.1423,0.1423,0.13929,0.1398,129715.0
2026-01-15 20:00:00+00:00,0.1402,0.14041,0.13893,0.14031,34759.0
2026-01-16 00:00:00+00:00,0.13999,0.14016,0.13924,0.13941,57856.0
2026-01-16 04:00:00+00:00,0.13928,0.14029,0.13839,0.14029,24319.0
2026-01-16 08:00:00+00:00,0.14008,0.14022,0.13748,0.13789,56410.0
2026-01-16 12:00:00+00:00,0.13755,0.13825,0.13522,0.13562,415691.0
2026-01-16 16:00:00+00:00,0.13562,0.13708,0.13562,0.13708,43099.0
2026-01-16 20:00:00+00:00,0.13704,0.13831,0.137,0.13821,42693.0
2026-01-17 00:00:00+00:00,0.13816,0.13854,0.13725,0.13736,9311.0
2026-01-17 04:00:00+00:00,0.1374,0.13794,0.13715,0.13733,21909.0
2026-01-17 08:00:00+00:00,0.13743,0.13788,0.13729,0.13781,21284.0
2026-01-17 12:00:00+00:00,0.13785,0.13982,0.1375,0.13982,46155.0
2026-01-17 16:00:00+00:00,0.13982,0.13984,0.13794,0.13879,34695.0
2026-01-17 20:00:00+00:00,0.13872,0.13899,0.1375,0.13779,108233.0
2026-01-18 00:00:00+00:00,0.1381,0.1381,0.13699,0.13737,2525.0
2026-01-18 04:00:00+00:00,0.13722,0.13764,0.13704,0.13715,4378.0
2026-01-18 08:00:00+00:00,0.13762,0.13763,0.13726,0.13726,6772.0
2026-01-18 12:00:00+00:00,0.13736,0.13806,0.13645,0.13686,46568.0
2026-01-18 16:00:00+00:00,0.13716,0.13782,0.13657,0.13768,32957.0
2026-01-18 20:00:00+00:00,0.13727,0.13792,0.13153,0.13153,221593.0
2026-01-19 00:00:00+00:00,0.13146,0.13146,0.12125,0.12743,452479.0
2026-01-19 04:00:00+00:00,0.12727,0.12756,0.12673,0.12706,10190.0
2026-01-19 08:00:00+00:00,0.12752,0.12833,0.12752,0.12767,11418.0
2026-01-19 12:00:00+00:00,0.12756,0.12894,0.12741,0.12799,41559.0
2026-01-19 16:00:00+00:00,0.128,0.13006,0.128,0.12993,48226.0
2026-01-19 20:00:00+00:00,0.12995,0.13071,0.12891,0.12907,43297.0
2026-01-20 00:00:00+00:00,0.12917,0.12942,0.12787,0.12791,24505.0
2026-01-20 04:00:00+00:00,0.12779,0.1283,0.12653,0.12704,31701.0
2026-01-20 08:00:00+00:00,0.12646,0.12646,0.12522,0.12522,116782.0
2026-01-20 12:00:00+00:00,0.12542,0.12706,0.12431,0.12474,460444.0
2026-01-20 16:00:00+00:00,0.12519,0.12519,0.12338,0.12385,95158.0
2026-01-20 20:00:00+00:00,0.12407,0.12434,0.12217,0.12343,82179.0
2026-01-21 00:00:00+00:00,0.12348,0.12623,0.12348,0.12575,40782.0
2026-01-21 04:00:00+00:00,0.12576,0.12576,0.1253,0.12545,5715.0
2026-01-21 08:00:00+00:00,0.12474,0.12481,0.12307,0.12307,134745.0
2026-01-21 12:00:00+00:00,0.12286,0.12663,0.12161,0.12663,389258.0
2026-01-21 16:00:00+00:00,0.12608,0.12813,0.1204,0.12792,357377.0
2026-01-21 20:00:00+00:00,0.12725,0.12862,0.12648,0.12648,312859.0
2026-01-22 00:00:00+00:00,0.12657,0.12797,0.1265,0.1265,76097.0
2026-01-22 04:00:00+00:00,0.12729,0.12748,0.12618,0.12619,2685.0
2026-01-22 08:00:00+00:00,0.12613,0.12706,0.12566,0.12604,7661.0
2026-01-22 12:00:00+00:00,0.12586,0.12617,0.12333,0.12454,429412.0
2026-01-22 16:00:00+00:00,0.12465,0.12547,0.12426,0.12492,189692.0
2026-01-22 20:00:00+00:00,0.12461,0.12465,0.12381,0.12424,12690.0
2026-01-23 00:00:00+00:00,0.12443,0.12553,0.12442,0.1255,13986.0
2026-01-23 04:00:00+00:00,0.12561,0.12603,0.1251,0.12535,27558.0
2026-01-23 08:00:00+00:00,0.12505,0.12545,0.12423,0.12507,79872.0
2026-01-23 12:00:00+00:00,0.12509,0.12529,0.12174,0.12466,329223.0
2026-01-23 16:00:00+00:00,0.12496,0.12778,0.12432,0.12476,422631.0
2026-01-23 20:00:00+00:00,0.12478,0.12491,0.12333,0.12469,62970.0
2026-01-24 00:00:00+00:00,0.12473,0.12487,0.12434,0.12484,6756.0
2026-01-24 04:00:00+00:00,0.12477,0.12477,0.12425,0.12427,6187.0
2026-01-24 08:00:00+00:00,0.12462,0.12477,0.12444,0.12465,4342.0
2026-01-24 12:00:00+00:00,0.1244,0.12466,0.12359,0.1236,276110.0
2026-01-24 16:00:00+00:00,0.12356,0.12434,0.12307,0.12427,37785.0
2026-01-24 20:00:00+00:00,0.12425,0.12455,0.12405,0.12437,8756.0
2026-01-25 00:00:00+00:00,0.12429,0.12432,0.12306,0.12307,54482.0
2026-01-25 04:00:00+00:00,0.12328,0.12357,0.12282,0.12282,14991.0
2026-01-25 08:00:00+00:00,0.12293,0.12348,0.12246,0.12343,12408.0
2026-01-25 12:00:00+00:00,0.12324,0.12331,0.12171,0.12224,102813.0
2026-01-25 16:00:00+00:00,0.12163,0.12183,0.11762,0.11868,531758.0
2026-01-25 20:00:00+00:00,0.11926,0.11958,0.11802,0.11958,231010.0
2026-01-26 00:00:00+00:00,0.11979,0.12284,0.11979,0.1216,76741.0
2026-01-26 04:00:00+00:00,0.12233,0.12246,0.12141,0.12191,19886.0
2026-01-26 08:00:00+00:00,0.12187,0.12233,0.12088,0.12103,24037.0
2026-01-26 12:00:00+00:00,0.12126,0.12347,0.12126,0.12188,133592.0
2026-01-26 16:00:00+00:00,0.12273,0.12321,0.1216,0.1221,162438.0
2026-01-26 20:00:00+00:00,0.12219,0.12287,0.1221,0.12268,46999.0
2026-01-27 00:00:00+00:00,0.12213,0.12319,0.12092,0.1231,177400.0
2026-01-27 04:00:00+00:00,0.12307,0.12307,0.12232,0.12233,17208.0
2026-01-27 08:00:00+00:00,0.12208,0.12232,0.12175,0.12232,39124.0
2026-01-27 12:00:00+00:00,0.12253,0.1228,0.1215,0.12231,4563.0
2026-01-27 16:00:00+00:00,0.12307,0.12541,0.12191,0.1244,44639.0
2026-01-27 20:00:00+00:00,0.1248,0.12755,0.12474,0.12626,418436.0
2026-01-28 00:00:00+00:00,0.12647,0.12662,0.12431,0.12459,287194.0
2026-01-28 04:00:00+00:00,0.12418,0.12589,0.12402,0.12551,37115.0
2026-01-28 08:00:00+00:00,0.12551,0.12774,0.12536,0.12663,76853.0
2026-01-28 12:00:00+00:00,0.1264,0.12662,0.12402,0.12436,60496.0
2026-01-28 16:00:00+00:00,0.12454,0.12542,0.12381,0.1253,143784.0
2026-01-28 20:00:00+00:00,0.1256,0.12619,0.12455,0.1249,53452.0
2026-01-29 00:00:00+00:00,0.12455,0.12475,0.12217,0.12236,92224.0
2026-01-29 04:00:00+00:00,0.12195,0.12253,0.12148,0.12203,108565.0
2026-01-29 08:00:00+00:00,0.12165,0.12191,0.12088,0.12114,22635.0
2026-01-29 12:00:00+00:00,0.12108,0.12114,0.11551,0.11646,2588387.0
2026-01-29 16:00:00+00:00,0.11606,0.11856,0.11454,0.11571,168529.0
2026-01-29 20:00:00+00:00,0.11553,0.11732,0.11553,0.11725,34635.0
2026-01-30 00:00:00+00:00,0.11752,0.11779,0.1126,0.11421,288228.0
2026-01-30 04:00:00+00:00,0.11467,0.11541,0.11234,0.11407,59711.0
2026-01-30 08:00:00+00:00,0.11442,0.11561,0.11318,0.11561,39150.0
2026-01-30 12:00:00+00:00,0.11458,0.11637,0.11413,0.11591,222375.0
2026-01-30 16:00:00+00:00,0.11596,0.11863,0.11354,0.11851,547433.0
2026-01-30 20:00:00+00:00,0.11783,0.11783,0.11527,0.11583,101859.0
2026-01-31 00:00:00+00:00,0.11579,0.11593,0.11506,0.11514,13628.0
2026-01-31 04:00:00+00:00,0.11551,0.11569,0.11207,0.11294,25774.0
2026-01-31 08:00:00+00:00,0.11291,0.11291,0.11049,0.112,119825.0
2026-01-31 12:00:00+00:00,0.11146,0.11146,0.10558,0.10662,584706.0
2026-01-31 16:00:00+00:00,0.10714,0.10793,0.0959,0.10186,1216338.0
2026-01-31 20:00:00+00:00,0.10179,0.10462,0.10052,0.1041,274798.0
2026-02-01 00:00:00+00:00,0.10471,0.10555,0.10377,0.10463,96505.0
2026-02-01 04:00:00+00:00,0.10533,0.10619,0.10463,0.10594,262209.0
2026-02-01 08:00:00+00:00,0.10641,0.10641,0.10471,0.10579,899160.0
2026-02-01 12:00:00+00:00,0.10571,0.10674,0.10266,0.10436,390676.0
2026-02-01 16:00:00+00:00,0.10409,0.10619,0.10299,0.10369,2716842.0
2026-02-01 20:00:00+00:00,0.10454,0.10566,0.10134,0.10426,908705.0
2026-02-02 00:00:00+00:00,0.1044,0.10637,0.09971,0.10324,919369.0
2026-02-02 04:00:00+00:00,0.1023,0.1049,0.09961,0.10347,666952.0
2026-02-02 08:00:00+00:00,0.10375,0.10534,0.10334,0.10534,65220.0
2026-02-02 12:00:00+00:00,0.10556,0.11055,0.10556,0.1095,528039.0
2026-02-02 16:00:00+00:00,0.1095,0.10985,0.1078,0.10782,173201.0
2026-02-02 20:00:00+00:00,0.10775,0.10878,0.10722,0.10789,544405.0
2026-02-03 00:00:00+00:00,0.10769,0.10826,0.10561,0.10775,205759.0
2026-02-03 04:00:00+00:00,0.10726,0.10916,0.10661,0.10803,43502.0
2026-02-03 08:00:00+00:00,0.10877,0.10892,0.10654,0.10685,68330.0
2026-02-03 12:00:00+00:00,0.10661,0.1103,0.10574,0.11001,739292.0
2026-02-03 16:00:00+00:00,0.10996,0.10998,0.10231,0.10661,485114.0
2026-02-03 20:00:00+00:00,0.10597,0.11004,0.10534,0.1061,309972.0
2026-02-04 00:00:00+00:00,0.10592,0.10942,0.10569,0.10869,117781.0
2026-02-04 04:00:00+00:00,0.10872,0.1091,0.1075,0.10855,110010.0
2026-02-04 08:00:00+00:00,0.10835,0.10848,0.10661,0.10759,41987.0
2026-02-04 12:00:00+00:00,0.10755,0.10758,0.10285,0.1035,538170.0
2026-02-04 16:00:00+00:00,0.1037,0.10536,0.10147,0.10525,946449.0
2026-02-04 20:00:00+00:00,0.10539,0.10571,0.10139,0.1039,417156.0
2026-02-05 00:00:00+00:00,0.10354,0.10466,0.10225,0.10256,197182.0
2026-02-05 04:00:00+00:00,0.10252,0.10358,0.10079,0.10155,921422.0
2026-02-05 08:00:00+00:00,0.10176,0.10278,0.09751,0.09936,343370.0
2026-02-05 12:00:00+00:00,0.09906,0.10048,0.09287,0.09472,2385014.0
2026-02-05 16:00:00+00:00,0.0944,0.09565,0.09069,0.09143,2089307.0
2026-02-05 20:00:00+00:00,0.09177,0.09191,0.08702,0.08839,1653890.0
2026-02-06 00:00:00+00:00,0.08863,0.09121,0.08009,0.08965,1255582.0
2026-02-06 04:00:00+00:00,0.09013,0.09365,0.09013,0.09077,314241.0
2026-02-06 08:00:00+00:00,0.09081,0.09422,0.09047,0.09355,49932.0
2026-02-06 12:00:00+00:00,0.09323,0.09682,0.09309,0.09672,247451.0
2026-02-06 16:00:00+00:00,0.09689,0.10203,0.09689,0.0989,399840.0
2026-02-06 20:00:00+00:00,0.09821,0.09996,0.09821,0.09854,266526.0
2026-02-07 00:00:00+00:00,0.09855,0.09891,0.09747,0.09865,197215.0
2026-02-07 04:00:00+00:00,0.09873,0.09901,0.09491,0.0957,174668.0
2026-02-07 08:00:00+00:00,0.09615,0.09615,0.0952,0.09555,62995.0
2026-02-07 12:00:00+00:00,0.09646,0.09785,0.0957,0.09688,69034.0
2026-02-07 16:00:00+00:00,0.09687,0.09944,0.09682,0.09854,673959.0
2026-02-07 20:00:00+00:00,0.09836,0.09864,0.0901,0.09807,143813.0
2026-02-08 00:00:00+00:00,0.09808,0.09834,0.09778,0.09819,173375.0
2026-02-08 04:00:00+00:00,0.09689,0.09733,0.09681,0.09681,2505.0
2026-02-08 08:00:00+00:00,0.09669,0.09855,0.0963,0.09766,71863.0
2026-02-08 12:00:00+00:00,0.09817,0.09855,0.09667,0.09704,72504.0
2026-02-08 16:00:00+00:00,0.09779,0.09804,0.09493,0.09782,101214.0
2026-02-08 20:00:00+00:00,0.09726,0.09889,0.09607,0.09607,316305.0
2026-02-09 00:00:00+00:00,0.09696,0.09747,0.09592,0.09724,262816.0
2026-02-09 04:00:00+00:00,0.0964,0.0964,0.09506,0.09537,134102.0
2026-02-09 08:00:00+00:00,0.09506,0.09506,0.09257,0.09307,59459.0
2026-02-09 12:00:00+00:00,0.09324,0.09549,0.09324,0.09498,65292.0
2026-02-09 16:00:00+00:00,0.09514,0.09695,0.09473,0.09648,122243.0
2026-02-09 20:00:00+00:00,0.09598,0.09671,0.09514,0.09671,413009.0
2026-02-10 00:00:00+00:00,0.09628,0.09629,0.09434,0.0949,21299.0
2026-02-10 04:00:00+00:00,0.09544,0.09557,0.09308,0.09345,50463.0
2026-02-10 08:00:00+00:00,0.09353,0.09384,0.09287,0.09287,24719.0
2026-02-10 12:00:00+00:00,0.09303,0.09371,0.09188,0.09338,258233.0
2026-02-10 16:00:00+00:00,0.09314,0.09422,0.09239,0.09315,300807.0
2026-02-10 20:00:00+00:00,0.09271,0.09315,0.09245,0.09279,7192.0
2026-02-11 00:00:00+00:00,0.09288,0.09359,0.09218,0.09258,93645.0
2026-02-11 04:00:00+00:00,0.09258,0.09266,0.09033,0.09077,495757.0
2026-02-11 08:00:00+00:00,0.0906,0.09065,0.08947,0.08985,134090.0
2026-02-11 12:00:00+00:00,0.09009,0.09227,0.088,0.08865,447848.0
2026-02-11 16:00:00+00:00,0.08914,0.09129,0.08892,0.0911,271250.0
2026-02-11 20:00:00+00:00,0.09095,0.09218,0.0906,0.09112,76274.0
2026-02-12 00:00:00+00:00,0.0915,0.09227,0.09126,0.09207,361556.0
2026-02-12 04:00:00+00:00,0.09218,0.09302,0.09177,0.09297,39801.0
2026-02-12 08:00:00+00:00,0.09297,0.09422,0.09252,0.09422,71916.0
2026-02-12 12:00:00+00:00,0.09396,0.0945,0.09305,0.09333,342282.0
2026-02-12 16:00:00+00:00,0.09293,0.09293,0.09088,0.09205,125704.0
2026-02-12 20:00:00+00:00,0.09156,0.09337,0.09074,0.09299,33368.0
2026-02-13 00:00:00+00:00,0.0932,0.09321,0.09232,0.09312,41405.0
2026-02-13 04:00:00+00:00,0.09283,0.09337,0.09184,0.09296,26718.0
2026-02-13 08:00:00+00:00,0.0936,0.094,0.09345,0.09393,52389.0
2026-02-13 12:00:00+00:00,0.09385,0.09653,0.09298,0.0952,284734.0
2026-02-13 16:00:00+00:00,0.09582,0.09693,0.09582,0.09652,51065.0
2026-02-13 20:00:00+00:00,0.0963,0.09763,0.09615,0.09675,352259.0
2026-02-14 00:00:00+00:00,0.09681,0.09704,0.09637,0.09658,15855.0
2026-02-14 04:00:00+00:00,0.09701,0.09701,0.09657,0.09665,961.0
2026-02-14 08:00:00+00:00,0.09719,0.10089,0.09719,0.10089,244607.0
2026-02-14 12:00:00+00:00,0.10086,0.1043,0.09923,0.10392,459580.0
2026-02-14 16:00:00+00:00,0.10362,0.1093,0.10255,0.10868,613335.0
2026-02-14 20:00:00+00:00,0.10904,0.11376,0.10806,0.11132,544722.0
2026-02-15 00:00:00+00:00,0.11146,0.11524,0.11092,0.11501,401291.0
2026-02-15 04:00:00+00:00,0.11506,0.1175,0.11399,0.11589,236066.0
2026-02-15 08:00:00+00:00,0.1159,0.1159,0.11223,0.11268,101274.0
2026-02-15 12:00:00+00:00,0.11293,0.11293,0.10698,0.10789,607934.0
2026-02-15 16:00:00+00:00,0.10758,0.10758,0.1027,0.10306,108078.0
2026-02-15 20:00:00+00:00,0.10257,0.10336,0.10166,0.10225,32346.0
2026-02-16 00:00:00+00:00,0.10261,0.1031,0.10195,0.10196,147450.0
2026-02-16 04:00:00+00:00,0.1028,0.10347,0.10134,0.10237,115805.0
2026-02-16 08:00:00+00:00,0.10252,0.10312,0.10083,0.1019,15497.0
2026-02-16 12:00:00+00:00,0.10178,0.10318,0.09861,0.09965,225513.0
2026-02-16 16:00:00+00:00,0.10051,0.10123,0.10025,0.10063,198710.0
2026-02-16 20:00:00+00:00,0.10051,0.1011,0.1004,0.10097,47600.0
2026-02-17 00:00:00+00:00,0.10073,0.10119,0.10016,0.10064,22823.0
2026-02-17 04:00:00+00:00,0.10064,0.10065,0.09932,0.0998,33327.0
2026-02-17 08:00:00+00:00,0.0998,0.0998,0.09879,0.09893,11757.0
2026-02-17 12:00:00+00:00,0.09892,0.10095,0.09875,0.10035,121888.0
2026-02-17 16:00:00+00:00,0.10096,0.10347,0.09996,0.10104,101828.0
2026-02-17 20:00:00+00:00,0.10073,0.10137,0.10039,0.1005,36546.0
2026-02-18 00:00:00+00:00,0.10094,0.10137,0.10025,0.10124,41911.0
2026-02-18 04:00:00+00:00,0.10117,0.1015,0.10087,0.1015,226823.0
2026-02-18 08:00:00+00:00,0.10141,0.1018,0.09932,0.10014,99840.0
2026-02-18 12:00:00+00:00,0.1004,0.10216,0.09954,0.101,242625.0
2026-02-18 16:00:00+00:00,0.10088,0.10088,0.09754,0.09754,355815.0
2026-02-18 20:00:00+00:00,0.09856,0.09903,0.09815,0.09851,126412.0
2026-02-19 00:00:00+00:00,0.09849,0.09881,0.09809,0.09816,7592.0
2026-02-19 04:00:00+00:00,0.09881,0.09887,0.09687,0.09827,80183.0
2026-02-19 08:00:00+00:00,0.09816,0.09816,0.09745,0.09772,13787.0
2026-02-19 12:00:00+00:00,0.09773,0.09826,0.09653,0.09722,81761.0
2026-02-19 16:00:00+00:00,0.09656,0.09821,0.09504,0.09813,144158.0
2026-02-19 20:00:00+00:00,0.09813,0.0984,0.09752,0.0984,40714.0
2026-02-20 00:00:00+00:00,0.09837,0.09942,0.09837,0.09884,49343.0
2026-02-20 04:00:00+00:00,0.09883,0.09959,0.09861,0.09898,78183.0
2026-02-20 08:00:00+00:00,0.09859,0.09947,0.09841,0.09841,175309.0
2026-02-20 12:00:00+00:00,0.09848,0.10051,0.09581,0.10004,608291.0
2026-02-20 16:00:00+00:00,0.1003,0.1023,0.09884,0.10003,980769.0
2026-02-20 20:00:00+00:00,0.10055,0.10092,0.10004,0.10004,673459.0
2026-02-21 00:00:00+00:00,0.1001,0.10026,0.09913,0.09989,232325.0
2026-02-21 04:00:00+00:00,0.10002,0.10008,0.09982,0.10008,4818.0
2026-02-21 08:00:00+00:00,0.10008,0.10093,0.09993,0.10011,524271.0
2026-02-21 12:00:00+00:00,0.10022,0.10065,0.10004,0.10027,43162.0
2026-02-21 16:00:00+00:00,0.09968,0.0999,0.09903,0.09949,70779.0
2026-02-21 20:00:00+00:00,0.09956,0.09956,0.09849,0.09849,27285.0
2026-02-22 00:00:00+00:00,0.09851,0.09851,0.09682,0.09682,36988.0
2026-02-22 04:00:00+00:00,0.09729,0.09742,0.09688,0.09705,35165.0
2026-02-22 08:00:00+00:00,0.09726,0.09734,0.09713,0.09734,2912.0
2026-02-22 12:00:00+00:00,0.09653,0.0967,0.09529,0.09569,55269.0
2026-02-22 16:00:00+00:00,0.0955,0.09561,0.09476,0.09513,276242.0
2026-02-22 20:00:00+00:00,0.095,0.09575,0.09475,0.0955,19965.0
2026-02-23 00:00:00+00:00,0.09558,0.09564,0.09169,0.09292,689826.0
2026-02-23 04:00:00+00:00,0.09235,0.0952,0.09235,0.09516,290282.0
2026-02-23 08:00:00+00:00,0.09485,0.09707,0.09469,0.09707,16011.0
2026-02-23 12:00:00+00:00,0.09707,0.09753,0.09497,0.09508,7318.0
2026-02-23 16:00:00+00:00,0.09499,0.09528,0.09264,0.09264,20703.0
2026-02-23 20:00:00+00:00,0.09294,0.09341,0.09248,0.09248,8256.0
2026-02-24 00:00:00+00:00,0.0931,0.09323,0.09106,0.092,50223.0
2026-02-24 04:00:00+00:00,0.09184,0.09184,0.09071,0.09113,106214.0
2026-02-24 08:00:00+00:00,0.09153,0.09161,0.09097,0.09097,4105.0
2026-02-24 12:00:00+00:00,0.09111,0.09248,0.09013,0.09182,215219.0
2026-02-24 16:00:00+00:00,0.09156,0.09228,0.09153,0.09206,5201.0
2026-02-24 20:00:00+00:00,0.09191,0.09228,0.09139,0.0914,12247.0
2026-02-25 00:00:00+00:00,0.09144,0.09464,0.09109,0.09279,58285.0
2026-02-25 04:00:00+00:00,0.09211,0.09279,0.09162,0.09275,114939.0
2026-02-25 08:00:00+00:00,0.09276,0.09408,0.09246,0.09408,42356.0
2026-02-25 12:00:00+00:00,0.0941,0.10248,0.09408,0.10136,539944.0
2026-02-25 16:00:00+00:00,0.10136,0.10417,0.10132,0.10409,829281.0
2026-02-25 20:00:00+00:00,0.10429,0.10609,0.09957,0.09994,394722.0
2026-02-26 00:00:00+00:00,0.10083,0.10145,0.09998,0.10094,435702.0
2026-02-26 04:00:00+00:00,0.1013,0.10134,0.0994,0.0994,125942.0
2026-02-26 08:00:00+00:00,0.10016,0.10043,0.09842,0.09842,253420.0
2026-02-26 12:00:00+00:00,0.09854,0.09937,0.09745,0.09844,47906.0
2026-02-26 16:00:00+00:00,0.09806,0.09806,0.09555,0.09745,117909.0
2026-02-26 20:00:00+00:00,0.09731,0.09753,0.09658,0.09703,175739.0
2026-02-27 00:00:00+00:00,0.09676,0.09752,0.09658,0.09735,10960.0
2026-02-27 04:00:00+00:00,0.09764,0.09905,0.09764,0.09836,254879.0
2026-02-27 08:00:00+00:00,0.09832,0.09832,0.09479,0.09497,174045.0
2026-02-27 12:00:00+00:00,0.09501,0.09542,0.09386,0.09414,86083.0
2026-02-27 16:00:00+00:00,0.09361,0.09397,0.09283,0.09283,49001.0
2026-02-27 20:00:00+00:00,0.09318,0.09338,0.09211,0.09338,35319.0
2026-02-28 00:00:00+00:00,0.09361,0.0937,0.09336,0.09364,23820.0
2026-02-28 04:00:00+00:00,0.09303,0.09303,0.08809,0.09005,140668.0
2026-02-28 08:00:00+00:00,0.08881,0.08919,0.08779,0.08906,12636.0
2026-02-28 12:00:00+00:00,0.08884,0.09186,0.08884,0.09092,97975.0
2026-02-28 16:00:00+00:00,0.09078,0.09342,0.09045,0.093,105054.0
2026-02-28 20:00:00+00:00,0.09277,0.09499,0.09277,0.09386,73568.0
2026-03-01 00:00:00+00:00,0.09365,0.0978,0.09304,0.09599,190852.0
2026-03-01 04:00:00+00:00,0.09632,0.09655,0.09445,0.09483,48122.0
2026-03-01 08:00:00+00:00,0.09474,0.0948,0.09339,0.09365,21768.0
2026-03-01 12:00:00+00:00,0.09323,0.0953,0.09265,0.09399,44003.0
2026-03-01 16:00:00+00:00,0.09372,0.09447,0.09156,0.09179,60372.0
2026-03-01 20:00:00+00:00,0.0916,0.09348,0.09068,0.09182,39264.0
2026-03-02 00:00:00+00:00,0.0923,0.09422,0.09221,0.09333,75136.0
2026-03-02 04:00:00+00:00,0.09309,0.09347,0.09117,0.09175,29151.0
2026-03-02 08:00:00+00:00,0.09155,0.09299,0.09145,0.0921,20402.0
2026-03-02 12:00:00+00:00,0.09116,0.09654,0.09067,0.09571,215473.0
2026-03-02 16:00:00+00:00,0.0957,0.09765,0.09449,0.09549,48685.0
2026-03-02 20:00:00+00:00,0.09541,0.09541,0.0933,0.09354,17004.0
2026-03-03 00:00:00+00:00,0.09323,0.09379,0.09257,0.09268,23218.0
2026-03-03 04:00:00+00:00,0.09212,0.09226,0.09131,0.09131,74165.0
2026-03-03 08:00:00+00:00,0.09116,0.09116,0.08939,0.08986,69346.0
2026-03-03 12:00:00+00:00,0.09048,0.09102,0.0888,0.08996,50465.0
2026-03-03 16:00:00+00:00,0.0901,0.09219,0.08924,0.08941,372773.0
2026-03-03 20:00:00+00:00,0.08912,0.09048,0.08866,0.09026,408071.0
2026-03-04 00:00:00+00:00,0.09003,0.09048,0.08887,0.08887,7765.0
2026-03-04 04:00:00+00:00,0.0894,0.09048,0.08887,0.08979,54535.0
2026-03-04 08:00:00+00:00,0.09016,0.09329,0.09016,0.09233,64426.0
2026-03-04 12:00:00+00:00,0.09184,0.09903,0.09157,0.09903,156016.0
2026-03-04 16:00:00+00:00,0.09915,0.10417,0.09775,0.10297,427483.0
2026-03-04 20:00:00+00:00,0.10309,0.10354,0.09893,0.09898,348172.0
2026-03-05 00:00:00+00:00,0.09898,0.09898,0.09567,0.09609,238017.0
2026-03-05 04:00:00+00:00,0.09615,0.0972,0.09531,0.09531,42867.0
2026-03-05 08:00:00+00:00,0.09568,0.09778,0.09551,0.09623,52342.0
2026-03-05 12:00:00+00:00,0.09559,0.0963,0.094,0.0944,82630.0
2026-03-05 16:00:00+00:00,0.09383,0.09435,0.09281,0.09425,442145.0
2026-03-05 20:00:00+00:00,0.0942,0.09474,0.09364,0.09364,62997.0
2026-03-06 00:00:00+00:00,0.09377,0.09394,0.09323,0.09357,36421.0
2026-03-06 04:00:00+00:00,0.09326,0.09431,0.09308,0.09431,143924.0
2026-03-06 08:00:00+00:00,0.09323,0.09333,0.09232,0.09333,41664.0
2026-03-06 12:00:00+00:00,0.09328,0.09328,0.09012,0.09012,293327.0
2026-03-06 16:00:00+00:00,0.0902,0.09118,0.0901,0.09084,57494.0
2026-03-06 20:00:00+00:00,0.0907,0.09179,0.0907,0.0914,105581.0
2026-03-07 00:00:00+00:00,0.09141,0.09207,0.09104,0.09107,35097.0
2026-03-07 04:00:00+00:00,0.09102,0.09102,0.09047,0.09052,50370.0
2026-03-07 08:00:00+00:00,0.09016,0.09055,0.09008,0.09054,19199.0
2026-03-07 12:00:00+00:00,0.09048,0.09048,0.08953,0.09001,43937.0
2026-03-07 16:00:00+00:00,0.09001,0.09061,0.08939,0.08939,33534.0
2026-03-07 20:00:00+00:00,0.08993,0.09008,0.08965,0.08988,5792.0
2026-03-08 00:00:00+00:00,0.09007,0.09007,0.08868,0.08941,26514.0
2026-03-08 04:00:00+00:00,0.0895,0.08963,0.08887,0.08925,8873.0
2026-03-08 08:00:00+00:00,0.08905,0.09114,0.08905,0.08933,88678.0
2026-03-08 12:00:00+00:00,0.08916,0.08916,0.08787,0.08862,108231.0
2026-03-08 16:00:00+00:00,0.08868,0.08961,0.08834,0.08961,9381.0
2026-03-08 20:00:00+00:00,0.08919,0.08997,0.08681,0.0891,270270.0
2026-03-09 00:00:00+00:00,0.08993,0.09176,0.08912,0.09032,137421.0
2026-03-09 04:00:00+00:00,0.09034,0.09176,0.08939,0.09004,46056.0
2026-03-09 08:00:00+00:00,0.09048,0.09105,0.08994,0.09048,24243.0
2026-03-09 12:00:00+00:00,0.09048,0.09216,0.09048,0.09111,113713.0
2026-03-09 16:00:00+00:00,0.09102,0.0927,0.09094,0.09143,200726.0
2026-03-09 20:00:00+00:00,0.09161,0.09162,0.09017,0.09017,201930.0
2026-03-10 00:00:00+00:00,0.09051,0.0922,0.09051,0.09123,108440.0
2026-03-10 04:00:00+00:00,0.09142,0.09245,0.09142,0.09233,50212.0
2026-03-10 08:00:00+00:00,0.09245,0.0959,0.09218,0.09453,182883.0
2026-03-10 12:00:00+00:00,0.09462,0.09969,0.09435,0.09894,451849.0
2026-03-10 16:00:00+00:00,0.09869,0.10049,0.0944,0.0944,552941.0
2026-03-10 20:00:00+00:00,0.09469,0.09515,0.094,0.09441,31073.0
2026-03-11 00:00:00+00:00,0.09441,0.09459,0.09253,0.09289,42148.0
2026-03-11 04:00:00+00:00,0.09249,0.09308,0.09147,0.09164,130745.0
2026-03-11 08:00:00+00:00,0.092,0.09232,0.09163,0.09201,12250.0
2026-03-11 12:00:00+00:00,0.0921,0.09476,0.09133,0.09241,484917.0
2026-03-11 16:00:00+00:00,0.09249,0.09458,0.09249,0.09366,526454.0
2026-03-11 20:00:00+00:00,0.09361,0.09388,0.0929,0.0929,112937.0
2026-03-12 00:00:00+00:00,0.09288,0.09288,0.09183,0.09229,185762.0
2026-03-12 04:00:00+00:00,0.09234,0.09286,0.09201,0.09286,26860.0
2026-03-12 08:00:00+00:00,0.09276,0.09492,0.09239,0.09448,56374.0
2026-03-12 12:00:00+00:00,0.09482,0.09589,0.09323,0.09416,390531.0
2026-03-12 16:00:00+00:00,0.09411,0.09478,0.09328,0.09458,44443.0
2026-03-12 20:00:00+00:00,0.09454,0.09514,0.09412,0.09484,23717.0
2026-03-13 00:00:00+00:00,0.09549,0.09799,0.09549,0.09703,265065.0
2026-03-13 04:00:00+00:00,0.09636,0.09687,0.09606,0.09649,13255.0
2026-03-13 08:00:00+00:00,0.09698,0.10029,0.09698,0.10018,202203.0
2026-03-13 12:00:00+00:00,0.10039,0.10184,0.09745,0.09778,226610.0
2026-03-13 16:00:00+00:00,0.09824,0.09832,0.09553,0.09576,148531.0
2026-03-13 20:00:00+00:00,0.096,0.09663,0.09553,0.09586,3821.0
2026-03-14 00:00:00+00:00,0.09573,0.09621,0.09517,0.09602,102140.0
2026-03-14 04:00:00+00:00,0.0959,0.09632,0.09435,0.09435,33294.0
2026-03-14 08:00:00+00:00,0.09443,0.09508,0.09411,0.09489,8188.0
2026-03-14 12:00:00+00:00,0.09522,0.09553,0.09459,0.09459,61852.0
2026-03-14 16:00:00+00:00,0.09532,0.09535,0.09447,0.09482,13218.0
2026-03-14 20:00:00+00:00,0.09491,0.0962,0.09474,0.09586,58036.0
2026-03-15 00:00:00+00:00,0.09592,0.09724,0.09548,0.09608,76301.0
2026-03-15 04:00:00+00:00,0.09609,0.09629,0.09558,0.09564,31262.0
2026-03-15 08:00:00+00:00,0.09597,0.09646,0.09596,0.09619,8676.0
2026-03-15 12:00:00+00:00,0.09622,0.09657,0.09491,0.09515,37641.0
2026-03-15 16:00:00+00:00,0.09497,0.09549,0.09457,0.09537,65360.0
2026-03-15 20:00:00+00:00,0.09518,0.09794,0.09518,0.09728,218654.0
2026-03-16 00:00:00+00:00,0.09748,0.10144,0.0972,0.09989,223174.0
2026-03-16 04:00:00+00:00,0.10025,0.10262,0.09986,0.10219,293483.0
2026-03-16 08:00:00+00:00,0.10234,0.10295,0.09953,0.10018,321601.0
2026-03-16 12:00:00+00:00,0.10005,0.10343,0.09991,0.10005,219410.0
2026-03-16 16:00:00+00:00,0.1,0.1028,0.09997,0.10191,118460.0
2026-03-16 20:00:00+00:00,0.10184,0.10365,0.10131,0.10334,145721.0
2026-03-17 00:00:00+00:00,0.10322,0.10442,0.10018,0.101,422630.0
2026-03-17 04:00:00+00:00,0.10131,0.10151,0.09953,0.10035,260039.0
2026-03-17 08:00:00+00:00,0.10062,0.10138,0.1001,0.1001,262609.0
2026-03-17 12:00:00+00:00,0.10004,0.1002,0.09854,0.09953,152839.0
2026-03-17 16:00:00+00:00,0.09963,0.101,0.09963,0.10029,64267.0
2026-03-17 20:00:00+00:00,0.10033,0.10166,0.09997,0.10033,63921.0
2026-03-18 00:00:00+00:00,0.1001,0.10175,0.09967,0.10111,135425.0
2026-03-18 04:00:00+00:00,0.10099,0.10099,0.09929,0.09943,101982.0
2026-03-18 08:00:00+00:00,0.09977,0.10002,0.09673,0.097,138126.0
2026-03-18 12:00:00+00:00,0.09692,0.09692,0.09401,0.09448,186433.0
2026-03-18 16:00:00+00:00,0.09415,0.09549,0.09342,0.09497,128999.0
2026-03-18 20:00:00+00:00,0.09474,0.09553,0.09411,0.09509,40965.0
2026-03-19 00:00:00+00:00,0.09531,0.09585,0.09463,0.09547,103131.0
2026-03-19 04:00:00+00:00,0.09527,0.09531,0.09328,0.09447,240787.0
2026-03-19 08:00:00+00:00,0.09439,0.09507,0.09386,0.09386,56656.0
2026-03-19 12:00:00+00:00,0.09386,0.09386,0.09223,0.09302,79940.0
2026-03-19 16:00:00+00:00,0.0925,0.09401,0.0918,0.09401,42809.0
2026-03-19 20:00:00+00:00,0.09346,0.09378,0.09322,0.09323,31478.0
2026-03-20 00:00:00+00:00,0.09379,0.09452,0.09349,0.09409,48311.0
2026-03-20 04:00:00+00:00,0.09421,0.09538,0.09375,0.09401,22161.0
2026-03-20 08:00:00+00:00,0.09435,0.09492,0.09379,0.09426,15359.0
2026-03-20 12:00:00+00:00,0.09429,0.0943,0.09321,0.09418,300474.0
2026-03-20 16:00:00+00:00,0.09435,0.09435,0.09308,0.09308,65227.0
2026-03-20 20:00:00+00:00,0.09327,0.09476,0.09327,0.0942,34671.0
2026-03-21 00:00:00+00:00,0.09413,0.09503,0.09401,0.09478,11906.0
2026-03-21 04:00:00+00:00,0.09476,0.09488,0.09435,0.09441,5086.0
2026-03-21 08:00:00+00:00,0.09434,0.0944,0.09401,0.09401,29787.0
2026-03-21 12:00:00+00:00,0.09409,0.0946,0.09374,0.0946,15413.0
2026-03-21 16:00:00+00:00,0.09475,0.09475,0.09393,0.09396,54747.0
2026-03-21 20:00:00+00:00,0.09404,0.09435,0.09074,0.09108,123596.0
2026-03-22 00:00:00+00:00,0.0911,0.09275,0.09025,0.09275,52530.0
2026-03-22 04:00:00+00:00,0.09236,0.09269,0.09157,0.09157,4605.0
2026-03-22 08:00:00+00:00,0.09136,0.09157,0.09094,0.09118,277026.0
2026-03-22 12:00:00+00:00,0.09144,0.09188,0.09126,0.09134,53742.0
2026-03-22 16:00:00+00:00,0.09153,0.09162,0.09026,0.09055,16677.0
2026-03-22 20:00:00+00:00,0.09055,0.09055,0.08926,0.09053,256665.0
2026-03-23 00:00:00+00:00,0.09026,0.09136,0.08994,0.09092,130649.0
2026-03-23 04:00:00+00:00,0.09079,0.09096,0.08974,0.09066,103524.0
2026-03-23 08:00:00+00:00,0.09073,0.0953,0.0894,0.09259,725886.0
2026-03-23 12:00:00+00:00,0.0926,0.09573,0.0918,0.09362,185691.0
2026-03-23 16:00:00+00:00,0.0936,0.09565,0.09316,0.09484,54300.0
2026-03-23 20:00:00+00:00,0.09549,0.09552,0.09364,0.09409,340496.0
2026-03-24 00:00:00+00:00,0.09413,0.09413,0.09283,0.09382,242484.0
2026-03-24 04:00:00+00:00,0.09382,0.09538,0.09349,0.09533,22361.0
2026-03-24 08:00:00+00:00,0.09522,0.09553,0.09379,0.09415,310532.0
2026-03-24 12:00:00+00:00,0.09433,0.09462,0.09396,0.09462,23503.0
