timestamp,open,high,low,close,volume
2025-03-24 16:00:00+00:00,4.686,4.717,4.676,4.71,106.81
2025-03-24 20:00:00+00:00,4.696,4.703,4.59,4.607,816.96
2025-03-25 00:00:00+00:00,4.623,4.656,4.59,4.59,188.94
2025-03-25 04:00:00+00:00,4.604,4.646,4.604,4.605,52.29
2025-03-25 08:00:00+00:00,4.598,4.674,4.596,4.674,182.61
2025-03-25 12:00:00+00:00,4.668,4.704,4.638,4.666,862.33
2025-03-25 16:00:00+00:00,4.666,4.674,4.639,4.662,2350.0
2025-03-25 20:00:00+00:00,4.675,4.675,4.616,4.625,72.47
2025-03-26 00:00:00+00:00,4.654,4.684,4.604,4.604,111.43
2025-03-26 04:00:00+00:00,4.622,4.704,4.621,4.704,517.7
2025-03-26 08:00:00+00:00,4.716,4.763,4.685,4.763,298.04
2025-03-26 12:00:00+00:00,4.754,4.754,4.617,4.688,566.41
2025-03-26 16:00:00+00:00,4.723,4.73,4.615,4.654,697.79
2025-03-26 20:00:00+00:00,4.675,4.723,4.635,4.684,1472.45
2025-03-27 00:00:00+00:00,4.695,4.753,4.695,4.74,985.87
2025-03-27 04:00:00+00:00,4.721,4.721,4.673,4.673,46.73
2025-03-27 08:00:00+00:00,4.666,4.703,4.59,4.59,3301.38
2025-03-27 12:00:00+00:00,4.59,4.651,4.505,4.576,2786.63
2025-03-27 16:00:00+00:00,4.576,4.612,4.566,4.601,1171.73
2025-03-27 20:00:00+00:00,4.578,4.664,4.578,4.628,490.12
2025-03-28 00:00:00+00:00,4.595,4.635,4.566,4.566,279.26
2025-03-28 04:00:00+00:00,4.566,4.566,4.316,4.316,962.83
2025-03-28 08:00:00+00:00,4.314,4.346,4.256,4.266,444.04
2025-03-28 12:00:00+00:00,4.297,4.35,4.248,4.306,153.09
2025-03-28 16:00:00+00:00,4.286,4.367,4.257,4.266,1202.74
2025-03-28 20:00:00+00:00,4.27,4.295,4.256,4.295,31.13
2025-03-29 00:00:00+00:00,4.28,4.28,4.181,4.225,1250.86
2025-03-29 04:00:00+00:00,4.234,4.234,4.146,4.146,675.67
2025-03-29 08:00:00+00:00,4.165,4.167,4.061,4.061,463.46
2025-03-29 12:00:00+00:00,4.084,4.109,4.074,4.076,114.24
2025-03-29 16:00:00+00:00,4.056,4.113,4.023,4.064,296.29
2025-03-29 20:00:00+00:00,4.068,4.068,4.002,4.045,299.76
2025-03-30 00:00:00+00:00,4.049,4.144,4.036,4.116,5742.96
2025-03-30 04:00:00+00:00,4.131,4.131,4.096,4.125,21.04
2025-03-30 08:00:00+00:00,4.134,4.167,4.096,4.096,210.43
2025-03-30 12:00:00+00:00,4.084,4.086,4.033,4.068,749.3
2025-03-30 16:00:00+00:00,4.07,4.115,4.013,4.086,422.76
2025-03-30 20:00:00+00:00,4.075,4.075,3.977,4.038,1332.28
2025-03-31 00:00:00+00:00,4.036,4.079,3.977,4.026,475.4
2025-03-31 04:00:00+00:00,4.035,4.074,3.987,3.987,216.51
2025-03-31 08:00:00+00:00,4.014,4.039,3.952,4.039,472.63
2025-03-31 12:00:00+00:00,4.023,4.085,3.986,4.066,685.87
2025-03-31 16:00:00+00:00,4.056,4.093,4.024,4.056,436.52
2025-03-31 20:00:00+00:00,4.027,4.046,3.977,3.977,848.95
2025-04-01 00:00:00+00:00,4.043,4.085,4.018,4.071,517.45
2025-04-01 04:00:00+00:00,4.084,4.157,4.084,4.156,292.13
2025-04-01 08:00:00+00:00,4.173,4.258,4.161,4.184,494.25
2025-04-01 12:00:00+00:00,4.204,4.271,4.146,4.254,355.44
2025-04-01 16:00:00+00:00,4.254,4.254,4.148,4.148,177.17
2025-04-01 20:00:00+00:00,4.159,4.184,4.154,4.166,82.52
2025-04-02 00:00:00+00:00,4.156,4.163,4.07,4.106,587.48
2025-04-02 04:00:00+00:00,4.106,4.114,4.023,4.065,246.78
2025-04-02 08:00:00+00:00,4.065,4.132,4.041,4.076,129.68
2025-04-02 12:00:00+00:00,4.066,4.22,4.055,4.21,241.34
2025-04-02 16:00:00+00:00,4.214,4.214,4.126,4.207,154.45
2025-04-02 20:00:00+00:00,4.119,4.213,3.917,3.964,2429.34
2025-04-03 00:00:00+00:00,3.961,4.104,3.961,4.046,414.83
2025-04-03 04:00:00+00:00,4.036,4.055,3.977,3.977,83.92
2025-04-03 08:00:00+00:00,4.015,4.035,3.933,3.946,246.67
2025-04-03 12:00:00+00:00,3.936,3.965,3.811,3.957,7252.94
2025-04-03 16:00:00+00:00,3.962,4.053,3.945,4.026,456.06
2025-04-03 20:00:00+00:00,4.016,4.068,4.016,4.046,311.34
2025-04-04 00:00:00+00:00,4.061,4.064,3.995,4.006,247.25
2025-04-04 04:00:00+00:00,4.006,4.085,3.986,4.084,122.63
2025-04-04 08:00:00+00:00,4.094,4.12,3.962,4.014,1082.06
2025-04-04 12:00:00+00:00,4.053,4.115,4.014,4.074,541.42
2025-04-04 16:00:00+00:00,4.068,4.088,4.033,4.046,516.94
2025-04-04 20:00:00+00:00,4.065,4.065,4.023,4.038,199.77
2025-04-05 00:00:00+00:00,4.034,4.054,4.022,4.022,44.93
2025-04-05 04:00:00+00:00,4.029,4.029,3.994,4.005,37.8
2025-04-05 08:00:00+00:00,4.003,4.08,3.988,3.995,28.79
2025-04-05 12:00:00+00:00,3.988,4.054,3.91,3.91,1757.3
2025-04-05 16:00:00+00:00,3.915,3.95,3.915,3.928,179.59
2025-04-05 20:00:00+00:00,3.939,3.944,3.934,3.944,27.0
2025-04-06 00:00:00+00:00,3.948,3.964,3.919,3.935,11381.03
2025-04-06 04:00:00+00:00,3.933,3.954,3.925,3.925,53.9
2025-04-06 08:00:00+00:00,3.921,3.939,3.906,3.925,74.52
2025-04-06 12:00:00+00:00,3.927,3.979,3.823,3.893,3191.33
2025-04-06 16:00:00+00:00,3.856,3.856,3.694,3.741,3144.64
2025-04-06 20:00:00+00:00,3.744,3.744,3.311,3.68,9449.66
2025-04-07 00:00:00+00:00,3.679,3.695,3.445,3.495,3292.01
2025-04-07 04:00:00+00:00,3.504,3.534,3.295,3.336,1810.24
2025-04-07 08:00:00+00:00,3.329,3.477,3.302,3.386,842.3
2025-04-07 12:00:00+00:00,3.408,3.723,3.394,3.598,2194.21
2025-04-07 16:00:00+00:00,3.595,3.641,3.522,3.575,673.0
2025-04-07 20:00:00+00:00,3.572,3.644,3.57,3.59,307.19
2025-04-08 00:00:00+00:00,3.614,3.694,3.576,3.646,763.66
2025-04-08 04:00:00+00:00,3.666,3.666,3.584,3.584,398.77
2025-04-08 08:00:00+00:00,3.604,3.67,3.572,3.668,355.01
2025-04-08 12:00:00+00:00,3.678,3.682,3.576,3.611,378.71
2025-04-08 16:00:00+00:00,3.576,3.576,3.394,3.403,2780.15
2025-04-08 20:00:00+00:00,3.413,3.438,3.35,3.376,1230.23
2025-04-09 00:00:00+00:00,3.356,3.419,3.261,3.343,1524.55
2025-04-09 04:00:00+00:00,3.363,3.491,3.363,3.491,1157.66
2025-04-09 08:00:00+00:00,3.474,3.483,3.374,3.374,1036.61
2025-04-09 12:00:00+00:00,3.393,3.443,3.342,3.374,844.13
2025-04-09 16:00:00+00:00,3.367,3.734,3.367,3.692,3449.81
2025-04-09 20:00:00+00:00,3.694,3.744,3.636,3.651,434.79
2025-04-10 00:00:00+00:00,3.632,3.632,3.516,3.535,2283.64
2025-04-10 04:00:00+00:00,3.544,3.604,3.526,3.577,892.98
2025-04-10 08:00:00+00:00,3.543,3.654,3.465,3.465,1330.31
2025-04-10 12:00:00+00:00,3.503,3.561,3.4,3.422,1231.75
2025-04-10 16:00:00+00:00,3.422,3.454,3.391,3.454,1070.86
2025-04-10 20:00:00+00:00,3.466,3.483,3.451,3.454,139.51
2025-04-11 00:00:00+00:00,3.466,3.532,3.419,3.532,305.08
2025-04-11 04:00:00+00:00,3.539,3.539,3.487,3.513,52.55
2025-04-11 08:00:00+00:00,3.49,3.54,3.49,3.517,186.34
2025-04-11 12:00:00+00:00,3.5,3.546,3.497,3.527,110.33
2025-04-11 16:00:00+00:00,3.534,3.59,3.492,3.566,504.24
2025-04-11 20:00:00+00:00,3.564,3.584,3.505,3.553,452.81
2025-04-12 00:00:00+00:00,3.564,3.564,3.536,3.536,39.66
2025-04-12 04:00:00+00:00,3.554,3.574,3.554,3.574,26.43
2025-04-12 08:00:00+00:00,3.584,3.603,3.578,3.593,87.41
2025-04-12 12:00:00+00:00,3.594,3.751,3.554,3.751,573.29
2025-04-12 16:00:00+00:00,3.716,3.716,3.696,3.698,97.77
2025-04-12 20:00:00+00:00,3.725,3.734,3.706,3.706,254.23
2025-04-13 00:00:00+00:00,3.717,3.744,3.676,3.676,124.5
2025-04-13 04:00:00+00:00,3.667,3.67,3.64,3.64,182.87
2025-04-13 08:00:00+00:00,3.636,3.755,3.631,3.716,490.86
2025-04-13 12:00:00+00:00,3.745,3.745,3.651,3.685,449.02
2025-04-13 16:00:00+00:00,3.706,3.813,3.658,3.704,4605.14
2025-04-13 20:00:00+00:00,3.725,3.754,3.626,3.635,312.36
2025-04-14 00:00:00+00:00,3.671,3.754,3.664,3.695,216.68
2025-04-14 04:00:00+00:00,3.694,3.728,3.64,3.649,186.95
2025-04-14 08:00:00+00:00,3.667,3.781,3.667,3.78,559.04
2025-04-14 12:00:00+00:00,3.723,3.789,3.688,3.688,410.01
2025-04-14 16:00:00+00:00,3.713,3.745,3.685,3.699,229.64
2025-04-14 20:00:00+00:00,3.716,3.718,3.675,3.675,970.74
2025-04-15 00:00:00+00:00,3.673,3.742,3.632,3.684,1109.44
2025-04-15 04:00:00+00:00,3.656,3.725,3.656,3.722,58.16
2025-04-15 08:00:00+00:00,3.705,3.726,3.644,3.644,84.68
2025-04-15 12:00:00+00:00,3.684,3.73,3.588,3.589,370.9
2025-04-15 16:00:00+00:00,3.666,3.666,3.566,3.599,445.26
2025-04-15 20:00:00+00:00,3.556,3.584,3.521,3.521,544.19
2025-04-16 00:00:00+00:00,3.519,3.564,3.511,3.564,185.33
2025-04-16 04:00:00+00:00,3.536,3.545,3.515,3.515,61.18
2025-04-16 08:00:00+00:00,3.515,3.544,3.489,3.528,355.25
2025-04-16 12:00:00+00:00,3.521,3.607,3.487,3.594,281.59
2025-04-16 16:00:00+00:00,3.556,3.584,3.478,3.584,584.99
2025-04-16 20:00:00+00:00,3.593,3.615,3.545,3.545,175.53
2025-04-17 00:00:00+00:00,3.584,3.584,3.539,3.539,270.56
2025-04-17 04:00:00+00:00,3.584,3.694,3.584,3.656,274.09
2025-04-17 08:00:00+00:00,3.662,3.662,3.623,3.652,77.88
2025-04-17 12:00:00+00:00,3.636,3.636,3.575,3.634,103.57
2025-04-17 16:00:00+00:00,3.645,3.678,3.606,3.614,7712.38
2025-04-17 20:00:00+00:00,3.644,3.654,3.616,3.636,292.97
2025-04-18 00:00:00+00:00,3.648,3.654,3.633,3.654,66.84
2025-04-18 04:00:00+00:00,3.664,3.685,3.654,3.663,191.64
2025-04-18 08:00:00+00:00,3.685,3.723,3.682,3.715,602.41
2025-04-18 12:00:00+00:00,3.726,3.744,3.686,3.686,49.44
2025-04-18 16:00:00+00:00,3.686,3.686,3.686,3.686,0.0
2025-04-18 20:00:00+00:00,3.686,3.686,3.686,3.686,0.0
2025-04-19 00:00:00+00:00,3.676,3.734,3.651,3.721,725.21
2025-04-19 04:00:00+00:00,3.719,3.728,3.718,3.722,59.95
2025-04-19 08:00:00+00:00,3.674,3.733,3.674,3.723,98.93
2025-04-19 12:00:00+00:00,3.726,3.726,3.725,3.725,27.95
2025-04-19 16:00:00+00:00,3.722,3.78,3.702,3.778,189.28
2025-04-19 20:00:00+00:00,3.781,3.886,3.781,3.88,804.53
2025-04-20 00:00:00+00:00,3.88,3.914,3.834,3.879,222.82
2025-04-20 04:00:00+00:00,3.914,3.941,3.872,3.881,255.77
2025-04-20 08:00:00+00:00,3.87,3.873,3.814,3.836,200.71
2025-04-20 12:00:00+00:00,3.826,3.854,3.795,3.846,128.83
2025-04-20 16:00:00+00:00,3.874,3.909,3.874,3.884,129.86
2025-04-20 20:00:00+00:00,3.918,3.918,3.882,3.882,269.86
2025-04-21 00:00:00+00:00,3.882,3.947,3.866,3.919,368.91
2025-04-21 04:00:00+00:00,3.905,3.962,3.903,3.948,85.68
2025-04-21 08:00:00+00:00,3.967,3.974,3.896,3.91,79.42
2025-04-21 12:00:00+00:00,3.888,3.946,3.878,3.885,141.26
2025-04-21 16:00:00+00:00,3.874,3.874,3.802,3.835,308.06
2025-04-21 20:00:00+00:00,3.85,3.85,3.778,3.778,2119.21
2025-04-22 00:00:00+00:00,3.779,3.81,3.738,3.749,2997.52
2025-04-22 04:00:00+00:00,3.75,3.764,3.691,3.759,735.89
2025-04-22 08:00:00+00:00,3.781,3.792,3.734,3.764,117.35
2025-04-22 12:00:00+00:00,3.798,3.926,3.787,3.859,3850.29
2025-04-22 16:00:00+00:00,3.867,3.918,3.867,3.918,91.45
2025-04-22 20:00:00+00:00,3.918,4.038,3.918,3.955,2224.05
2025-04-23 00:00:00+00:00,3.957,4.085,3.957,4.083,3253.39
2025-04-23 04:00:00+00:00,4.09,4.113,4.086,4.086,590.84
2025-04-23 08:00:00+00:00,4.113,4.189,4.084,4.089,4772.39
2025-04-23 12:00:00+00:00,4.099,4.157,3.977,4.03,1423.24
2025-04-23 16:00:00+00:00,4.074,4.147,4.057,4.066,2991.41
2025-04-23 20:00:00+00:00,4.096,4.11,4.059,4.059,363.4
2025-04-24 00:00:00+00:00,4.067,4.085,3.987,3.987,2753.82
2025-04-24 04:00:00+00:00,3.985,4.036,3.975,4.022,960.03
2025-04-24 08:00:00+00:00,3.978,4.01,3.941,4.01,110.48
2025-04-24 12:00:00+00:00,3.986,4.175,3.981,4.145,1254.16
2025-04-24 16:00:00+00:00,4.175,4.239,4.135,4.217,1731.32
2025-04-24 20:00:00+00:00,4.239,4.268,4.239,4.251,235.36
2025-04-25 00:00:00+00:00,4.279,4.35,4.227,4.25,738.51
2025-04-25 04:00:00+00:00,4.253,4.357,4.253,4.357,328.99
2025-04-25 08:00:00+00:00,4.33,4.346,4.285,4.318,41.4
2025-04-25 12:00:00+00:00,4.285,4.305,4.236,4.305,610.64
2025-04-25 16:00:00+00:00,4.279,4.329,4.272,4.272,254.22
2025-04-25 20:00:00+00:00,4.243,4.281,4.228,4.281,363.76
2025-04-26 00:00:00+00:00,4.255,4.35,4.255,4.313,60.0
2025-04-26 04:00:00+00:00,4.287,4.313,4.253,4.313,242.55
2025-04-26 08:00:00+00:00,4.294,4.295,4.246,4.246,399.0
2025-04-26 12:00:00+00:00,4.237,4.285,3.578,4.285,3815.37
2025-04-26 16:00:00+00:00,4.285,4.285,4.268,4.268,1039.06
2025-04-26 20:00:00+00:00,4.291,4.291,4.268,4.273,19.45
2025-04-27 00:00:00+00:00,4.281,4.284,4.158,4.168,560.76
2025-04-27 04:00:00+00:00,4.173,4.173,4.118,4.127,126.35
2025-04-27 08:00:00+00:00,4.129,4.168,4.115,4.12,74.81
2025-04-27 12:00:00+00:00,4.111,4.128,4.07,4.08,653.0
2025-04-27 16:00:00+00:00,4.09,4.11,4.064,4.11,411.8
2025-04-27 20:00:00+00:00,4.137,4.137,4.092,4.092,60.59
2025-04-28 00:00:00+00:00,4.086,4.116,4.003,4.116,359.13
2025-04-28 04:00:00+00:00,4.124,4.22,4.064,4.213,332.83
2025-04-28 08:00:00+00:00,4.224,4.253,4.166,4.21,115.59
2025-04-28 12:00:00+00:00,4.208,4.208,4.095,4.104,145.86
2025-04-28 16:00:00+00:00,4.126,4.241,4.126,4.234,584.88
2025-04-28 20:00:00+00:00,4.243,4.257,3.95,4.23,2841.17
2025-04-29 00:00:00+00:00,4.236,4.3,4.228,4.27,960.94
2025-04-29 04:00:00+00:00,4.245,4.321,4.222,4.275,925.03
2025-04-29 08:00:00+00:00,4.294,4.296,4.259,4.259,200.22
2025-04-29 12:00:00+00:00,4.246,4.289,4.207,4.256,161.04
2025-04-29 16:00:00+00:00,4.245,4.292,4.23,4.247,134.59
2025-04-29 20:00:00+00:00,4.225,4.262,4.109,4.113,579.85
2025-04-30 00:00:00+00:00,4.133,4.169,4.1,4.169,236.56
2025-04-30 04:00:00+00:00,4.165,4.165,4.095,4.096,24.96
2025-04-30 08:00:00+00:00,4.095,4.129,4.095,4.104,9.2
2025-04-30 12:00:00+00:00,4.101,4.101,4.033,4.089,394.68
2025-04-30 16:00:00+00:00,4.053,4.11,4.046,4.103,9817.8
2025-04-30 20:00:00+00:00,4.113,4.13,4.064,4.077,319.01
2025-05-01 00:00:00+00:00,4.12,4.12,4.087,4.087,51.21
2025-05-01 04:00:00+00:00,4.087,4.132,4.073,4.124,120.52
2025-05-01 08:00:00+00:00,4.14,4.186,4.107,4.186,8921.37
2025-05-01 12:00:00+00:00,4.157,4.205,4.144,4.205,262.47
2025-05-01 16:00:00+00:00,4.206,4.206,4.129,4.142,116.35
2025-05-01 20:00:00+00:00,4.167,4.217,4.167,4.17,24.07
2025-05-02 00:00:00+00:00,4.22,4.279,4.184,4.25,273.18
2025-05-02 04:00:00+00:00,4.255,4.255,4.173,4.21,217.18
2025-05-02 08:00:00+00:00,4.209,4.209,4.182,4.182,4.63
2025-05-02 12:00:00+00:00,4.184,4.237,4.166,4.208,151.8
2025-05-02 16:00:00+00:00,4.182,4.186,4.145,4.145,109.78
2025-05-02 20:00:00+00:00,4.153,4.158,4.151,4.158,35.5
2025-05-03 00:00:00+00:00,4.126,4.126,4.11,4.12,34.91
2025-05-03 04:00:00+00:00,4.15,4.15,4.141,4.141,21.94
2025-05-03 08:00:00+00:00,4.137,4.137,4.081,4.081,90.8
2025-05-03 12:00:00+00:00,4.114,4.128,4.096,4.114,9.24
2025-05-03 16:00:00+00:00,4.081,4.081,4.009,4.04,218.51
2025-05-03 20:00:00+00:00,4.065,4.068,4.04,4.04,518.75
2025-05-04 00:00:00+00:00,4.03,4.038,3.994,4.038,506.45
2025-05-04 04:00:00+00:00,3.999,4.029,3.986,4.018,181.34
2025-05-04 08:00:00+00:00,3.983,3.987,3.96,3.96,178.55
2025-05-04 12:00:00+00:00,4.017,4.017,3.933,3.986,69.67
2025-05-04 16:00:00+00:00,3.938,3.944,3.907,3.931,1364.31
2025-05-04 20:00:00+00:00,3.964,3.964,3.904,3.904,14.3
2025-05-05 00:00:00+00:00,3.92,3.994,3.919,3.98,2529.74
2025-05-05 04:00:00+00:00,3.98,4.009,3.959,3.966,217.62
2025-05-05 08:00:00+00:00,3.964,3.964,3.912,3.913,2120.14
2025-05-05 12:00:00+00:00,3.904,3.965,3.892,3.892,2324.97
2025-05-05 16:00:00+00:00,3.923,3.977,3.915,3.96,112.97
2025-05-05 20:00:00+00:00,3.916,3.946,3.895,3.909,629.61
2025-05-06 00:00:00+00:00,3.916,3.916,3.865,3.916,876.72
2025-05-06 04:00:00+00:00,3.918,3.918,3.896,3.912,43.78
2025-05-06 08:00:00+00:00,3.866,3.885,3.836,3.836,268.59
2025-05-06 12:00:00+00:00,3.87,3.929,3.831,3.866,326.06
2025-05-06 16:00:00+00:00,3.851,3.957,3.85,3.957,239.31
2025-05-06 20:00:00+00:00,3.916,3.97,3.858,3.964,495.39
2025-05-07 00:00:00+00:00,3.975,4.001,3.921,3.94,314.85
2025-05-07 04:00:00+00:00,3.969,3.97,3.949,3.958,399.12
2025-05-07 08:00:00+00:00,3.985,4.001,3.985,4.001,9.31
2025-05-07 12:00:00+00:00,3.956,3.956,3.947,3.947,85.66
2025-05-07 16:00:00+00:00,3.92,3.982,3.882,3.911,1572.06
2025-05-07 20:00:00+00:00,3.906,3.965,3.906,3.959,57.6
2025-05-08 00:00:00+00:00,3.99,4.163,3.99,4.153,610.33
2025-05-08 04:00:00+00:00,4.166,4.265,4.154,4.218,1922.07
2025-05-08 08:00:00+00:00,4.242,4.319,4.237,4.246,1084.27
2025-05-08 12:00:00+00:00,4.248,4.344,4.206,4.312,5056.57
2025-05-08 16:00:00+00:00,4.32,4.329,4.276,4.322,1430.56
2025-05-08 20:00:00+00:00,4.335,4.483,4.3,4.449,2132.98
2025-05-09 00:00:00+00:00,4.468,4.55,4.467,4.476,1497.6
2025-05-09 04:00:00+00:00,4.474,4.621,4.391,4.603,2287.63
2025-05-09 08:00:00+00:00,4.608,4.748,4.563,4.686,2348.07
2025-05-09 12:00:00+00:00,4.676,4.757,4.632,4.663,2797.15
2025-05-09 16:00:00+00:00,4.738,4.862,4.691,4.755,3106.4
2025-05-09 20:00:00+00:00,4.753,4.802,4.735,4.79,902.33
2025-05-10 00:00:00+00:00,4.799,5.034,4.799,4.968,5449.02
2025-05-10 04:00:00+00:00,4.971,5.133,4.935,5.078,1667.11
2025-05-10 08:00:00+00:00,5.11,5.189,5.046,5.064,1403.92
2025-05-10 12:00:00+00:00,5.065,5.092,5.0,5.003,370.61
2025-05-10 16:00:00+00:00,4.997,5.143,4.982,5.075,1730.52
2025-05-10 20:00:00+00:00,5.085,5.312,5.064,5.312,989.48
2025-05-11 00:00:00+00:00,5.322,5.35,5.07,5.149,3023.62
2025-05-11 04:00:00+00:00,5.104,5.195,4.961,5.063,580.65
2025-05-11 08:00:00+00:00,5.011,5.101,4.961,5.101,269.92
2025-05-11 12:00:00+00:00,5.111,5.113,5.002,5.024,1249.69
2025-05-11 16:00:00+00:00,5.006,5.144,4.997,5.06,1768.48
2025-05-11 20:00:00+00:00,5.075,5.12,5.075,5.085,86.11
2025-05-12 00:00:00+00:00,5.059,5.15,5.028,5.13,669.96
2025-05-12 04:00:00+00:00,5.143,5.387,5.133,5.275,2399.78
2025-05-12 08:00:00+00:00,5.251,5.3,5.195,5.195,1222.44
2025-05-12 12:00:00+00:00,5.188,5.356,5.07,5.114,6695.39
2025-05-12 16:00:00+00:00,5.106,5.177,4.91,5.036,1587.4
2025-05-12 20:00:00+00:00,4.969,5.111,4.968,5.067,573.36
2025-05-13 00:00:00+00:00,5.06,5.06,4.831,4.84,648.05
2025-05-13 04:00:00+00:00,4.829,5.006,4.828,4.977,288.93
2025-05-13 08:00:00+00:00,4.995,5.05,4.965,5.043,403.55
2025-05-13 12:00:00+00:00,4.995,5.066,4.973,4.995,86.86
2025-05-13 16:00:00+00:00,5.042,5.267,5.042,5.203,1675.68
2025-05-13 20:00:00+00:00,5.185,5.232,5.157,5.208,314.69
2025-05-14 00:00:00+00:00,5.216,5.254,5.13,5.16,2288.12
2025-05-14 04:00:00+00:00,5.163,5.227,5.148,5.181,323.8
2025-05-14 08:00:00+00:00,5.169,5.169,5.028,5.117,596.98
2025-05-14 12:00:00+00:00,5.106,5.106,4.973,5.01,1702.96
2025-05-14 16:00:00+00:00,5.04,5.044,4.961,5.041,54.17
2025-05-14 20:00:00+00:00,5.017,5.018,4.97,4.973,212.84
2025-05-15 00:00:00+00:00,5.017,5.017,4.892,4.916,1233.61
2025-05-15 04:00:00+00:00,4.908,4.908,4.766,4.766,1147.09
2025-05-15 08:00:00+00:00,4.827,4.875,4.73,4.831,531.85
2025-05-15 12:00:00+00:00,4.785,4.839,4.691,4.837,8384.55
2025-05-15 16:00:00+00:00,4.838,4.914,4.76,4.772,308.18
2025-05-15 20:00:00+00:00,4.814,4.814,4.689,4.731,480.49
2025-05-16 00:00:00+00:00,4.766,4.871,4.766,4.863,210.06
2025-05-16 04:00:00+00:00,4.876,4.89,4.812,4.867,83.34
2025-05-16 08:00:00+00:00,4.815,4.947,4.815,4.895,386.13
2025-05-16 12:00:00+00:00,4.895,4.943,4.847,4.847,49.83
2025-05-16 16:00:00+00:00,4.876,4.892,4.823,4.823,853.32
2025-05-16 20:00:00+00:00,4.815,4.815,4.721,4.758,141.1
2025-05-17 00:00:00+00:00,4.724,4.724,4.612,4.676,1743.62
2025-05-17 04:00:00+00:00,4.721,4.738,4.667,4.667,707.33
2025-05-17 08:00:00+00:00,4.725,4.725,4.662,4.662,52.42
2025-05-17 12:00:00+00:00,4.635,4.724,4.617,4.675,414.54
2025-05-17 16:00:00+00:00,4.625,4.68,4.584,4.606,930.45
2025-05-17 20:00:00+00:00,4.625,4.625,4.568,4.568,103.92
2025-05-18 00:00:00+00:00,4.615,4.636,4.597,4.597,220.17
2025-05-18 04:00:00+00:00,4.642,4.738,4.642,4.731,186.26
2025-05-18 08:00:00+00:00,4.757,4.792,4.757,4.758,27.74
2025-05-18 12:00:00+00:00,4.755,4.913,4.742,4.913,199.94
2025-05-18 16:00:00+00:00,4.878,4.91,4.6,4.605,479.83
2025-05-18 20:00:00+00:00,4.588,4.798,4.518,4.798,439.26
2025-05-19 00:00:00+00:00,4.804,4.804,4.552,4.553,311.64
2025-05-19 04:00:00+00:00,4.547,4.547,4.419,4.51,801.05
2025-05-19 08:00:00+00:00,4.493,4.526,4.476,4.506,272.08
2025-05-19 12:00:00+00:00,4.491,4.575,4.455,4.575,50.37
2025-05-19 16:00:00+00:00,4.552,4.642,4.552,4.593,74.69
2025-05-19 20:00:00+00:00,4.601,4.601,4.566,4.568,33.05
2025-05-20 00:00:00+00:00,4.625,4.705,4.6,4.655,199.48
2025-05-20 04:00:00+00:00,4.669,4.669,4.585,4.585,83.13
2025-05-20 08:00:00+00:00,4.612,4.612,4.547,4.555,54.14
2025-05-20 12:00:00+00:00,4.535,4.535,4.522,4.522,10.22
2025-05-20 16:00:00+00:00,4.607,4.631,4.554,4.631,42.12
2025-05-20 20:00:00+00:00,4.625,4.683,4.625,4.681,194.73
2025-05-21 00:00:00+00:00,4.691,4.738,4.633,4.705,388.8
2025-05-21 04:00:00+00:00,4.711,4.771,4.711,4.761,346.68
2025-05-21 08:00:00+00:00,4.695,4.699,4.624,4.699,193.95
2025-05-21 12:00:00+00:00,4.695,4.766,4.695,4.719,31.3
2025-05-21 16:00:00+00:00,4.752,4.852,4.619,4.75,1721.74
2025-05-21 20:00:00+00:00,4.755,4.793,4.733,4.791,1003.63
2025-05-22 00:00:00+00:00,4.737,4.861,4.737,4.845,401.66
2025-05-22 04:00:00+00:00,4.807,4.862,4.803,4.83,178.41
2025-05-22 08:00:00+00:00,4.862,4.942,4.856,4.866,681.73
2025-05-22 12:00:00+00:00,4.9,4.973,4.886,4.951,199.1
2025-05-22 16:00:00+00:00,4.919,4.985,4.909,4.909,125.69
2025-05-22 20:00:00+00:00,4.941,4.949,4.891,4.949,85.27
2025-05-23 00:00:00+00:00,4.913,5.104,4.912,5.104,1658.21
2025-05-23 04:00:00+00:00,5.111,5.111,4.908,4.949,411.16
2025-05-23 08:00:00+00:00,4.989,5.001,4.726,4.755,971.09
2025-05-23 12:00:00+00:00,4.745,4.811,4.607,4.745,817.68
2025-05-23 16:00:00+00:00,4.708,4.747,4.689,4.734,510.05
2025-05-23 20:00:00+00:00,4.675,4.687,4.545,4.545,2822.82
2025-05-24 00:00:00+00:00,4.559,4.629,4.559,4.601,1360.96
2025-05-24 04:00:00+00:00,4.617,4.638,4.586,4.599,53.61
2025-05-24 08:00:00+00:00,4.604,4.643,4.574,4.589,189.84
2025-05-24 12:00:00+00:00,4.619,4.619,4.551,4.584,308.36
2025-05-24 16:00:00+00:00,4.555,4.596,4.555,4.589,14.58
2025-05-24 20:00:00+00:00,4.597,4.597,4.518,4.533,71.82
2025-05-25 00:00:00+00:00,4.564,4.564,4.465,4.505,515.85
2025-05-25 04:00:00+00:00,4.517,4.545,4.505,4.505,66.87
2025-05-25 08:00:00+00:00,4.465,4.465,4.435,4.439,73.94
2025-05-25 12:00:00+00:00,4.478,4.488,4.358,4.406,333.31
2025-05-25 16:00:00+00:00,4.396,4.458,4.387,4.458,112.92
2025-05-25 20:00:00+00:00,4.455,4.526,4.437,4.526,120.96
2025-05-26 00:00:00+00:00,4.528,4.559,4.528,4.548,63.97
2025-05-26 04:00:00+00:00,4.562,4.612,4.555,4.58,121.67
2025-05-26 08:00:00+00:00,4.576,4.576,4.519,4.519,82.2
2025-05-26 12:00:00+00:00,4.507,4.535,4.478,4.532,135.26
2025-05-26 16:00:00+00:00,4.539,4.544,4.433,4.433,379.88
2025-05-26 20:00:00+00:00,4.473,4.473,4.442,4.442,47.76
2025-05-27 00:00:00+00:00,4.478,4.479,4.371,4.424,298.76
2025-05-27 04:00:00+00:00,4.446,4.533,4.446,4.533,100.66
2025-05-27 08:00:00+00:00,4.54,4.571,4.535,4.551,24.16
2025-05-27 12:00:00+00:00,4.565,4.61,4.505,4.575,537.69
2025-05-27 16:00:00+00:00,4.586,4.611,4.574,4.574,90.95
2025-05-27 20:00:00+00:00,4.568,4.571,4.527,4.544,234.95
2025-05-28 00:00:00+00:00,4.508,4.555,4.493,4.545,245.13
2025-05-28 04:00:00+00:00,4.526,4.558,4.505,4.537,68.27
2025-05-28 08:00:00+00:00,4.536,4.603,4.51,4.576,332.71
2025-05-28 12:00:00+00:00,4.611,4.653,4.45,4.505,701.48
2025-05-28 16:00:00+00:00,4.496,4.553,4.419,4.432,455.03
2025-05-28 20:00:00+00:00,4.455,4.588,4.444,4.559,758.38
2025-05-29 00:00:00+00:00,4.596,4.667,4.586,4.627,332.83
2025-05-29 04:00:00+00:00,4.599,4.636,4.525,4.552,448.67
2025-05-29 08:00:00+00:00,4.543,4.586,4.543,4.586,24.04
2025-05-29 12:00:00+00:00,4.589,4.589,4.461,4.468,253.47
2025-05-29 16:00:00+00:00,4.505,4.505,4.409,4.439,752.61
2025-05-29 20:00:00+00:00,4.45,4.46,4.323,4.343,587.04
2025-05-30 00:00:00+00:00,4.334,4.348,4.111,4.209,976.79
2025-05-30 04:00:00+00:00,4.195,4.213,4.15,4.2,202.09
2025-05-30 08:00:00+00:00,4.175,4.236,4.175,4.192,51.82
2025-05-30 12:00:00+00:00,4.199,4.212,4.172,4.172,158.42
2025-05-30 16:00:00+00:00,4.155,4.178,4.05,4.178,682.48
2025-05-30 20:00:00+00:00,4.167,4.167,4.011,4.048,221.86
2025-05-31 00:00:00+00:00,4.002,4.044,3.901,3.954,1449.82
2025-05-31 04:00:00+00:00,3.94,4.007,3.916,4.007,374.72
2025-05-31 08:00:00+00:00,3.969,3.969,3.968,3.968,26.7
2025-05-31 12:00:00+00:00,4.016,4.117,4.016,4.052,381.37
2025-05-31 16:00:00+00:00,4.089,4.109,4.089,4.109,10.73
2025-05-31 20:00:00+00:00,4.101,4.113,4.071,4.095,144.78
2025-06-01 00:00:00+00:00,4.041,4.083,4.038,4.056,758.05
2025-06-01 04:00:00+00:00,4.088,4.088,4.055,4.078,12.14
2025-06-01 08:00:00+00:00,4.028,4.032,3.977,4.032,149.09
2025-06-01 12:00:00+00:00,4.021,4.056,4.005,4.045,524.81
2025-06-01 16:00:00+00:00,4.068,4.068,4.059,4.059,26.81
2025-06-01 20:00:00+00:00,4.011,4.074,4.011,4.066,124.7
2025-06-02 00:00:00+00:00,4.085,4.085,4.008,4.008,25.43
2025-06-02 04:00:00+00:00,4.008,4.008,4.008,4.008,0.0
2025-06-02 08:00:00+00:00,4.008,4.008,3.962,3.965,280.71
2025-06-02 12:00:00+00:00,3.974,4.053,3.974,4.009,111.51
2025-06-02 16:00:00+00:00,4.035,4.044,4.026,4.044,785.17
2025-06-02 20:00:00+00:00,4.068,4.161,4.024,4.146,239.82
2025-06-03 00:00:00+00:00,4.166,4.216,4.148,4.148,371.27
2025-06-03 04:00:00+00:00,4.141,4.182,4.141,4.182,23.24
2025-06-03 08:00:00+00:00,4.142,4.183,4.141,4.183,142.22
2025-06-03 12:00:00+00:00,4.142,4.197,4.129,4.192,259.42
2025-06-03 16:00:00+00:00,4.183,4.196,4.142,4.174,267.13
2025-06-03 20:00:00+00:00,4.141,4.158,4.101,4.148,50.19
2025-06-04 00:00:00+00:00,4.134,4.202,3.942,4.201,1204.97
2025-06-04 04:00:00+00:00,4.165,4.209,4.154,4.194,490.77
2025-06-04 08:00:00+00:00,4.178,4.178,4.141,4.141,10.6
2025-06-04 12:00:00+00:00,4.108,4.108,4.056,4.101,234.4
2025-06-04 16:00:00+00:00,4.073,4.093,4.038,4.058,378.4
2025-06-04 20:00:00+00:00,4.031,4.036,3.933,3.994,1198.84
2025-06-05 00:00:00+00:00,4.003,4.027,4.0,4.0,278.89
2025-06-05 04:00:00+00:00,4.036,4.056,4.036,4.056,7.21
2025-06-05 08:00:00+00:00,4.023,4.023,3.994,3.994,203.23
2025-06-05 12:00:00+00:00,4.019,4.068,3.972,4.017,343.01
2025-06-05 16:00:00+00:00,3.98,3.993,3.835,3.897,2384.52
2025-06-05 20:00:00+00:00,3.9,3.9,3.756,3.843,3026.49
2025-06-06 00:00:00+00:00,3.85,3.914,3.85,3.914,153.05
2025-06-06 04:00:00+00:00,3.914,3.914,3.914,3.914,0.0
2025-06-06 08:00:00+00:00,3.881,3.881,3.881,3.881,4.89
2025-06-06 12:00:00+00:00,3.929,3.98,3.863,3.947,381.77
2025-06-06 16:00:00+00:00,3.968,3.969,3.888,3.888,373.01
2025-06-06 20:00:00+00:00,3.897,3.907,3.875,3.875,331.8
2025-06-07 00:00:00+00:00,3.874,3.97,3.872,3.97,296.72
2025-06-07 04:00:00+00:00,3.98,4.023,3.98,4.023,89.01
2025-06-07 08:00:00+00:00,4.016,4.031,3.973,4.031,79.34
2025-06-07 12:00:00+00:00,4.012,4.041,4.012,4.041,11.45
2025-06-07 16:00:00+00:00,4.02,4.03,4.018,4.018,32.63
2025-06-07 20:00:00+00:00,4.035,4.035,4.026,4.035,261.4
2025-06-08 00:00:00+00:00,4.003,4.024,4.003,4.021,9.67
2025-06-08 04:00:00+00:00,3.996,3.996,3.996,3.996,44.68
2025-06-08 08:00:00+00:00,3.992,4.001,3.992,4.001,17.63
2025-06-08 12:00:00+00:00,4.05,4.094,4.03,4.075,308.08
2025-06-08 16:00:00+00:00,4.073,4.102,4.073,4.102,57.47
2025-06-08 20:00:00+00:00,4.061,4.061,4.026,4.03,26.51
2025-06-09 00:00:00+00:00,4.028,4.034,3.989,3.992,202.65
2025-06-09 04:00:00+00:00,3.98,3.98,3.971,3.971,28.52
2025-06-09 08:00:00+00:00,4.007,4.068,4.002,4.053,157.42
2025-06-09 12:00:00+00:00,4.021,4.035,3.991,4.035,109.57
2025-06-09 16:00:00+00:00,4.035,4.085,4.029,4.05,303.74
2025-06-09 20:00:00+00:00,4.075,4.159,4.075,4.159,662.05
2025-06-10 00:00:00+00:00,4.152,4.208,4.151,4.155,203.65
2025-06-10 04:00:00+00:00,4.141,4.155,4.1,4.116,189.37
2025-06-10 08:00:00+00:00,4.118,4.23,4.117,4.23,123.92
2025-06-10 12:00:00+00:00,4.239,4.305,4.188,4.23,734.93
2025-06-10 16:00:00+00:00,4.263,4.303,4.224,4.303,50.7
2025-06-10 20:00:00+00:00,4.275,4.309,4.232,4.304,483.68
2025-06-11 00:00:00+00:00,4.306,4.308,4.19,4.279,1092.68
2025-06-11 04:00:00+00:00,4.263,4.324,4.227,4.324,356.51
2025-06-11 08:00:00+00:00,4.31,4.31,4.22,4.22,228.96
2025-06-11 12:00:00+00:00,4.214,4.338,4.214,4.338,336.85
2025-06-11 16:00:00+00:00,4.329,4.335,4.19,4.241,807.7
2025-06-11 20:00:00+00:00,4.222,4.263,4.15,4.189,1010.0
2025-06-12 00:00:00+00:00,4.161,4.182,4.127,4.157,384.9
2025-06-12 04:00:00+00:00,4.126,4.126,4.064,4.064,775.55
2025-06-12 08:00:00+00:00,4.061,4.061,4.017,4.017,317.47
2025-06-12 12:00:00+00:00,4.061,4.101,4.038,4.038,1151.87
2025-06-12 16:00:00+00:00,4.073,4.08,3.977,3.977,437.41
2025-06-12 20:00:00+00:00,3.971,3.977,3.917,3.941,275.02
2025-06-13 00:00:00+00:00,3.901,3.901,3.669,3.782,1792.27
2025-06-13 04:00:00+00:00,3.758,3.825,3.722,3.825,275.99
2025-06-13 08:00:00+00:00,3.811,3.852,3.765,3.83,108.35
2025-06-13 12:00:00+00:00,3.845,3.846,3.802,3.846,1162.7
2025-06-13 16:00:00+00:00,3.846,3.846,3.756,3.756,6186.01
2025-06-13 20:00:00+00:00,3.77,3.842,3.77,3.826,17.61
2025-06-14 00:00:00+00:00,3.838,3.838,3.8,3.814,58.23
2025-06-14 04:00:00+00:00,3.829,3.829,3.822,3.822,7.83
2025-06-14 08:00:00+00:00,3.79,3.802,3.773,3.802,71.85
2025-06-14 12:00:00+00:00,3.793,3.813,3.756,3.788,194.6
2025-06-14 16:00:00+00:00,3.752,3.791,3.724,3.759,217.55
2025-06-14 20:00:00+00:00,3.742,3.766,3.735,3.766,105.15
2025-06-15 00:00:00+00:00,3.79,3.796,3.772,3.772,34.54
2025-06-15 04:00:00+00:00,3.809,3.809,3.771,3.777,172.02
2025-06-15 08:00:00+00:00,3.761,3.786,3.742,3.786,81.54
2025-06-15 12:00:00+00:00,3.813,3.829,3.741,3.822,203.64
2025-06-15 16:00:00+00:00,3.789,3.79,3.768,3.774,125.88
2025-06-15 20:00:00+00:00,3.743,3.769,3.74,3.769,182.42
2025-06-16 00:00:00+00:00,3.802,3.846,3.802,3.845,11572.86
2025-06-16 04:00:00+00:00,3.846,3.901,3.846,3.901,48901.67
2025-06-16 08:00:00+00:00,3.903,3.914,3.887,3.908,136.98
2025-06-16 12:00:00+00:00,3.873,3.954,3.873,3.954,2490.16
2025-06-16 16:00:00+00:00,3.954,3.98,3.849,3.98,32249.6
2025-06-16 20:00:00+00:00,3.988,3.988,3.612,3.864,2512.17
2025-06-17 00:00:00+00:00,3.843,3.892,3.742,3.877,1785.18
2025-06-17 04:00:00+00:00,3.867,3.867,3.867,3.867,0.7
2025-06-17 08:00:00+00:00,3.806,3.806,3.764,3.764,54.74
2025-06-17 12:00:00+00:00,3.764,3.764,3.707,3.707,8637.51
2025-06-17 16:00:00+00:00,3.707,3.752,3.667,3.752,1071.11
2025-06-17 20:00:00+00:00,3.712,3.712,3.703,3.703,66.79
2025-06-18 00:00:00+00:00,3.724,3.724,3.724,3.724,21.96
2025-06-18 04:00:00+00:00,3.756,3.777,3.756,3.777,129.57
2025-06-18 08:00:00+00:00,3.687,3.688,3.642,3.688,137.43
2025-06-18 12:00:00+00:00,3.682,3.682,3.588,3.648,1027.08
2025-06-18 16:00:00+00:00,3.628,3.637,3.556,3.63,697.04
2025-06-18 20:00:00+00:00,3.603,3.673,3.603,3.621,137.82
2025-06-19 00:00:00+00:00,3.588,3.593,3.588,3.593,6.49
2025-06-19 04:00:00+00:00,3.607,3.629,3.576,3.58,452.18
2025-06-19 08:00:00+00:00,3.556,3.556,3.556,3.556,3.41
2025-06-19 12:00:00+00:00,3.575,3.575,3.53,3.53,194.87
2025-06-19 16:00:00+00:00,3.523,3.575,3.495,3.55,939.71
2025-06-19 20:00:00+00:00,3.56,3.566,3.537,3.537,2832.81
2025-06-20 00:00:00+00:00,3.551,3.575,3.522,3.522,404.01
2025-06-20 04:00:00+00:00,3.495,3.512,3.462,3.512,2485.12
2025-06-20 08:00:00+00:00,3.54,3.548,3.52,3.523,84.88
2025-06-20 12:00:00+00:00,3.555,3.569,3.469,3.469,316.51
2025-06-20 16:00:00+00:00,3.47,3.47,3.341,3.427,1616.63
2025-06-20 20:00:00+00:00,3.43,3.451,3.408,3.408,37.26
2025-06-21 00:00:00+00:00,3.449,3.459,3.449,3.458,104.95
2025-06-21 04:00:00+00:00,3.454,3.486,3.447,3.483,29.15
2025-06-21 08:00:00+00:00,3.495,3.495,3.484,3.484,44.03
2025-06-21 12:00:00+00:00,3.424,3.424,3.386,3.386,220.79
2025-06-21 16:00:00+00:00,3.382,3.399,3.343,3.343,351.45
2025-06-21 20:00:00+00:00,3.354,3.37,3.211,3.327,3224.95
2025-06-22 00:00:00+00:00,3.339,3.357,3.242,3.244,2544.82
2025-06-22 04:00:00+00:00,3.274,3.338,3.274,3.338,400.08
2025-06-22 08:00:00+00:00,3.286,3.294,3.258,3.294,390.88
2025-06-22 12:00:00+00:00,3.289,3.289,3.135,3.168,5500.14
2025-06-22 16:00:00+00:00,3.181,3.2,3.136,3.152,1745.02
2025-06-22 20:00:00+00:00,3.138,3.156,3.01,3.143,3254.45
2025-06-23 00:00:00+00:00,3.142,3.176,3.128,3.176,447.61
2025-06-23 04:00:00+00:00,3.183,3.239,3.183,3.23,549.62
2025-06-23 08:00:00+00:00,3.22,3.22,3.175,3.175,49.29
2025-06-23 12:00:00+00:00,3.21,3.292,3.21,3.21,587.77
2025-06-23 16:00:00+00:00,3.192,3.288,3.118,3.27,462.97
2025-06-23 20:00:00+00:00,3.286,3.41,3.286,3.41,1575.17
2025-06-24 00:00:00+00:00,3.417,3.429,3.392,3.392,282.83
2025-06-24 04:00:00+00:00,3.377,3.481,3.344,3.413,435.55
2025-06-24 08:00:00+00:00,3.401,3.429,3.392,3.409,117.68
2025-06-24 12:00:00+00:00,3.413,3.473,3.405,3.443,521.78
2025-06-24 16:00:00+00:00,3.477,3.515,3.419,3.419,634.28
2025-06-24 20:00:00+00:00,3.418,3.423,3.418,3.423,970.47
2025-06-25 00:00:00+00:00,3.417,3.452,3.417,3.43,264.23
2025-06-25 04:00:00+00:00,3.419,3.441,3.398,3.441,2.54
2025-06-25 08:00:00+00:00,3.395,3.402,3.382,3.382,54.83
2025-06-25 12:00:00+00:00,3.429,3.429,3.365,3.365,35.99
2025-06-25 16:00:00+00:00,3.369,3.403,3.355,3.403,18.88
2025-06-25 20:00:00+00:00,3.403,3.408,3.336,3.341,44.94
2025-06-26 00:00:00+00:00,3.358,3.42,3.345,3.411,122.62
2025-06-26 04:00:00+00:00,3.344,3.344,3.339,3.339,43.58
2025-06-26 08:00:00+00:00,3.348,3.35,3.319,3.319,1434.48
2025-06-26 12:00:00+00:00,3.319,3.33,3.278,3.3,1582.4
2025-06-26 16:00:00+00:00,3.304,3.304,3.3,3.3,4.01
2025-06-26 20:00:00+00:00,3.306,3.313,3.3,3.305,127.45
2025-06-27 00:00:00+00:00,3.316,3.345,3.282,3.345,63.51
2025-06-27 04:00:00+00:00,3.355,3.367,3.292,3.292,206.42
2025-06-27 08:00:00+00:00,3.307,3.308,3.302,3.308,10.71
2025-06-27 12:00:00+00:00,3.307,3.355,3.307,3.355,106.15
2025-06-27 16:00:00+00:00,3.363,3.384,3.304,3.304,324.87
2025-06-27 20:00:00+00:00,3.328,3.361,3.328,3.361,422.0
2025-06-28 00:00:00+00:00,3.36,3.37,3.348,3.37,41.64
2025-06-28 04:00:00+00:00,3.348,3.348,3.348,3.348,3.0
2025-06-28 08:00:00+00:00,3.332,3.352,3.332,3.352,22.76
2025-06-28 12:00:00+00:00,3.352,3.352,3.352,3.352,0.0
2025-06-28 16:00:00+00:00,3.373,3.41,3.368,3.391,671.24
2025-06-28 20:00:00+00:00,3.41,3.419,3.359,3.406,118.73
2025-06-29 00:00:00+00:00,3.414,3.414,3.414,3.414,28.98
2025-06-29 04:00:00+00:00,3.41,3.41,3.372,3.372,20.19
2025-06-29 08:00:00+00:00,3.414,3.429,3.41,3.429,70.81
2025-06-29 12:00:00+00:00,3.438,3.438,3.41,3.41,4.44
2025-06-29 16:00:00+00:00,3.402,3.434,3.396,3.415,92.48
2025-06-29 20:00:00+00:00,3.413,3.58,3.365,3.576,819.3
2025-06-30 00:00:00+00:00,3.524,3.524,3.479,3.479,107.82
2025-06-30 04:00:00+00:00,3.478,3.478,3.417,3.417,137.47
2025-06-30 08:00:00+00:00,3.459,3.465,3.397,3.397,79.92
2025-06-30 12:00:00+00:00,3.405,3.466,3.359,3.402,550.33
2025-06-30 16:00:00+00:00,3.378,3.451,3.378,3.451,292.85
2025-06-30 20:00:00+00:00,3.459,3.459,3.389,3.389,124.53
2025-07-01 00:00:00+00:00,3.396,3.417,3.38,3.38,138.2
2025-07-01 04:00:00+00:00,3.375,3.375,3.318,3.358,175.85
2025-07-01 08:00:00+00:00,3.333,3.333,3.316,3.324,14.45
2025-07-01 12:00:00+00:00,3.316,3.35,3.314,3.346,230.43
2025-07-01 16:00:00+00:00,3.328,3.332,3.29,3.29,15016.31
2025-07-01 20:00:00+00:00,3.282,3.282,3.259,3.277,343.06
2025-07-02 00:00:00+00:00,3.259,3.295,3.259,3.295,222.87
2025-07-02 04:00:00+00:00,3.318,3.337,3.318,3.318,419.13
2025-07-02 08:00:00+00:00,3.3,3.314,3.3,3.309,682.47
2025-07-02 12:00:00+00:00,3.339,3.429,3.339,3.429,423.75
2025-07-02 16:00:00+00:00,3.431,3.588,3.43,3.582,1283.58
2025-07-02 20:00:00+00:00,3.597,3.614,3.543,3.543,1412.67
2025-07-03 00:00:00+00:00,3.578,3.578,3.534,3.542,410.94
2025-07-03 04:00:00+00:00,3.535,3.658,3.525,3.658,1414.32
2025-07-03 08:00:00+00:00,3.647,3.647,3.582,3.582,74.68
2025-07-03 12:00:00+00:00,3.576,3.632,3.502,3.505,299.11
2025-07-03 16:00:00+00:00,3.513,3.548,3.513,3.548,597.56
2025-07-03 20:00:00+00:00,3.557,3.557,3.53,3.54,57.44
2025-07-04 00:00:00+00:00,3.536,3.559,3.503,3.559,424.85
2025-07-04 04:00:00+00:00,3.501,3.513,3.448,3.454,128.61
2025-07-04 08:00:00+00:00,3.435,3.491,3.417,3.491,525.0
2025-07-04 12:00:00+00:00,3.402,3.446,3.365,3.365,422.66
2025-07-04 16:00:00+00:00,3.35,3.35,3.316,3.32,534.72
2025-07-04 20:00:00+00:00,3.375,3.375,3.324,3.328,588.62
2025-07-05 00:00:00+00:00,3.366,3.376,3.344,3.376,3361.41
2025-07-05 04:00:00+00:00,3.376,3.383,3.357,3.383,3070.3
2025-07-05 08:00:00+00:00,3.36,3.36,3.348,3.348,93.15
2025-07-05 12:00:00+00:00,3.346,3.346,3.346,3.346,0.29
2025-07-05 16:00:00+00:00,3.334,3.334,3.314,3.314,217.35
2025-07-05 20:00:00+00:00,3.34,3.367,3.334,3.367,91.15
2025-07-06 00:00:00+00:00,3.37,3.37,3.319,3.332,134.79
2025-07-06 04:00:00+00:00,3.35,3.356,3.31,3.332,491.18
2025-07-06 08:00:00+00:00,3.344,3.364,3.342,3.364,57.18
2025-07-06 12:00:00+00:00,3.344,3.419,3.342,3.398,687.74
2025-07-06 16:00:00+00:00,3.376,3.415,3.376,3.384,203.25
2025-07-06 20:00:00+00:00,3.406,3.442,3.347,3.414,383.26
2025-07-07 00:00:00+00:00,3.38,3.423,3.38,3.415,50.39
2025-07-07 04:00:00+00:00,3.415,3.415,3.396,3.396,7.05
2025-07-07 08:00:00+00:00,3.387,3.388,3.38,3.38,54.1
2025-07-07 12:00:00+00:00,3.431,3.431,3.388,3.388,50.29
2025-07-07 16:00:00+00:00,3.401,3.401,3.344,3.39,6450.13
2025-07-07 20:00:00+00:00,3.354,3.37,3.331,3.367,310.81
2025-07-08 00:00:00+00:00,3.367,3.391,3.354,3.371,297.47
2025-07-08 04:00:00+00:00,3.349,3.349,3.335,3.335,52.81
2025-07-08 08:00:00+00:00,3.333,3.396,3.331,3.394,78.34
2025-07-08 12:00:00+00:00,3.398,3.413,3.332,3.367,444.56
2025-07-08 16:00:00+00:00,3.38,3.459,3.38,3.436,139.8
2025-07-08 20:00:00+00:00,3.426,3.473,3.391,3.449,571.04
2025-07-09 00:00:00+00:00,3.441,3.468,3.405,3.411,621.23
2025-07-09 04:00:00+00:00,3.426,3.483,3.426,3.483,449.68
2025-07-09 08:00:00+00:00,3.481,3.525,3.477,3.525,390.05
2025-07-09 12:00:00+00:00,3.526,3.564,3.502,3.531,482.49
2025-07-09 16:00:00+00:00,3.532,3.622,3.506,3.622,832.65
2025-07-09 20:00:00+00:00,3.622,3.658,3.587,3.654,682.83
2025-07-10 00:00:00+00:00,3.632,3.636,3.582,3.636,635.13
2025-07-10 04:00:00+00:00,3.641,3.678,3.641,3.678,881.34
2025-07-10 08:00:00+00:00,3.656,3.696,3.654,3.696,85.38
2025-07-10 12:00:00+00:00,3.688,3.688,3.612,3.623,331.39
2025-07-10 16:00:00+00:00,3.672,3.759,3.639,3.72,982.62
2025-07-10 20:00:00+00:00,3.732,3.888,3.732,3.888,1568.26
2025-07-11 00:00:00+00:00,3.854,3.929,3.821,3.922,2760.42
2025-07-11 04:00:00+00:00,3.915,4.011,3.895,3.962,1973.45
2025-07-11 08:00:00+00:00,3.977,3.993,3.923,3.943,556.98
2025-07-11 12:00:00+00:00,3.98,4.102,3.944,3.971,2019.08
2025-07-11 16:00:00+00:00,3.966,4.08,3.962,4.08,381.07
2025-07-11 20:00:00+00:00,4.041,4.068,3.839,3.928,1921.62
2025-07-12 00:00:00+00:00,3.904,4.011,3.904,4.011,379.12
2025-07-12 04:00:00+00:00,4.012,4.061,3.917,3.971,443.96
2025-07-12 08:00:00+00:00,3.964,4.019,3.964,4.001,86.81
2025-07-12 12:00:00+00:00,3.964,3.964,3.812,3.812,628.93
2025-07-12 16:00:00+00:00,3.868,3.907,3.823,3.862,275.47
2025-07-12 20:00:00+00:00,3.857,3.897,3.66,3.887,3305.93
2025-07-13 00:00:00+00:00,3.901,3.916,3.687,3.903,1464.4
2025-07-13 04:00:00+00:00,3.911,4.001,3.908,4.001,362.12
2025-07-13 08:00:00+00:00,4.007,4.007,3.96,3.985,924.76
2025-07-13 12:00:00+00:00,3.958,4.059,3.838,4.027,1872.14
2025-07-13 16:00:00+00:00,4.045,4.053,3.756,4.03,1815.59
2025-07-13 20:00:00+00:00,4.002,4.039,3.66,3.963,1972.79
2025-07-14 00:00:00+00:00,3.99,4.149,3.7,4.124,2828.55
2025-07-14 04:00:00+00:00,4.128,4.191,4.077,4.154,1446.03
2025-07-14 08:00:00+00:00,4.1,4.157,4.086,4.09,586.44
2025-07-14 12:00:00+00:00,4.077,4.089,3.972,3.972,1472.6
2025-07-14 16:00:00+00:00,4.007,4.032,3.941,3.941,180.66
2025-07-14 20:00:00+00:00,3.936,3.96,3.907,3.951,800.91
2025-07-15 00:00:00+00:00,3.917,3.953,3.801,3.814,1665.98
2025-07-15 04:00:00+00:00,3.885,3.888,3.87,3.888,115.54
2025-07-15 08:00:00+00:00,3.859,3.889,3.835,3.889,201.03
2025-07-15 12:00:00+00:00,3.89,3.962,3.856,3.958,349.15
2025-07-15 16:00:00+00:00,3.962,4.094,3.951,3.951,1293.59
2025-07-15 20:00:00+00:00,3.941,4.096,3.938,4.096,627.34
2025-07-16 00:00:00+00:00,4.086,4.117,4.016,4.016,206.47
2025-07-16 04:00:00+00:00,4.033,4.141,4.023,4.141,1467.03
2025-07-16 08:00:00+00:00,4.129,4.129,4.115,4.123,46.8
2025-07-16 12:00:00+00:00,4.13,4.18,4.088,4.122,782.0
2025-07-16 16:00:00+00:00,4.114,4.224,4.108,4.147,1590.21
2025-07-16 20:00:00+00:00,4.194,4.267,4.145,4.186,2892.19
2025-07-17 00:00:00+00:00,4.169,4.241,4.07,4.101,1248.55
2025-07-17 04:00:00+00:00,4.094,4.215,4.094,4.215,74.91
2025-07-17 08:00:00+00:00,4.22,4.268,4.204,4.204,394.48
2025-07-17 12:00:00+00:00,4.239,4.265,4.148,4.157,1576.49
2025-07-17 16:00:00+00:00,4.153,4.207,4.119,4.144,1227.58
2025-07-17 20:00:00+00:00,4.118,4.3,4.074,4.27,2844.7
2025-07-18 00:00:00+00:00,4.259,4.429,4.236,4.421,4550.93
2025-07-18 04:00:00+00:00,4.402,4.615,4.402,4.485,2564.95
2025-07-18 08:00:00+00:00,4.583,4.586,4.384,4.384,1665.72
2025-07-18 12:00:00+00:00,4.412,4.488,4.257,4.293,1733.4
2025-07-18 16:00:00+00:00,4.309,4.36,4.228,4.27,444.2
2025-07-18 20:00:00+00:00,4.227,4.259,4.148,4.172,1940.65
2025-07-19 00:00:00+00:00,4.233,4.285,4.138,4.275,1542.36
2025-07-19 04:00:00+00:00,4.308,4.326,4.269,4.306,335.26
2025-07-19 08:00:00+00:00,4.269,4.269,4.269,4.269,15.88
2025-07-19 12:00:00+00:00,4.231,4.246,4.172,4.233,621.89
2025-07-19 16:00:00+00:00,4.217,4.397,4.217,4.382,405.56
2025-07-19 20:00:00+00:00,4.364,4.449,4.314,4.413,1328.5
2025-07-20 00:00:00+00:00,4.41,4.417,4.41,4.417,29.24
2025-07-20 04:00:00+00:00,4.392,4.439,4.357,4.439,182.95
2025-07-20 08:00:00+00:00,4.442,4.501,4.426,4.444,906.6
2025-07-20 12:00:00+00:00,4.497,4.541,4.483,4.541,1188.54
2025-07-20 16:00:00+00:00,4.546,4.574,4.48,4.569,2402.61
2025-07-20 20:00:00+00:00,4.567,4.567,4.395,4.445,1195.22
2025-07-21 00:00:00+00:00,4.426,4.544,4.39,4.544,568.27
2025-07-21 04:00:00+00:00,4.519,4.596,4.518,4.575,413.02
2025-07-21 08:00:00+00:00,4.605,4.613,4.527,4.613,570.44
2025-07-21 12:00:00+00:00,4.6,4.666,4.567,4.583,1724.8
2025-07-21 16:00:00+00:00,4.578,4.579,4.434,4.434,1101.6
2025-07-21 20:00:00+00:00,4.463,4.508,4.434,4.473,1089.66
2025-07-22 00:00:00+00:00,4.5,4.526,4.373,4.444,992.95
2025-07-22 04:00:00+00:00,4.393,4.428,4.312,4.428,373.62
2025-07-22 08:00:00+00:00,4.339,4.412,4.277,4.412,307.85
2025-07-22 12:00:00+00:00,4.413,4.491,4.259,4.484,2481.03
2025-07-22 16:00:00+00:00,4.442,4.451,4.362,4.362,1067.39
2025-07-22 20:00:00+00:00,4.364,4.549,4.358,4.519,1100.46
2025-07-23 00:00:00+00:00,4.528,4.543,4.45,4.472,648.31
2025-07-23 04:00:00+00:00,4.538,4.538,4.428,4.429,875.95
2025-07-23 08:00:00+00:00,4.425,4.425,4.334,4.368,1183.87
2025-07-23 12:00:00+00:00,4.318,4.336,4.128,4.239,2820.97
2025-07-23 16:00:00+00:00,4.2,4.2,4.081,4.156,607.01
2025-07-23 20:00:00+00:00,4.085,4.136,4.008,4.1,1027.97
2025-07-24 00:00:00+00:00,4.09,4.197,4.09,4.152,723.47
2025-07-24 04:00:00+00:00,4.116,4.186,3.9,4.007,2196.32
2025-07-24 08:00:00+00:00,4.023,4.031,3.917,4.031,261.16
2025-07-24 12:00:00+00:00,3.989,4.13,3.958,4.069,2446.83
2025-07-24 16:00:00+00:00,4.054,4.094,3.994,4.06,1149.88
2025-07-24 20:00:00+00:00,4.068,4.074,3.989,3.989,10118.51
2025-07-25 00:00:00+00:00,3.982,4.017,3.873,3.927,1284.56
2025-07-25 04:00:00+00:00,3.928,3.97,3.891,3.906,238.11
2025-07-25 08:00:00+00:00,3.965,4.053,3.945,4.053,286.47
2025-07-25 12:00:00+00:00,4.065,4.068,3.917,3.948,1696.3
2025-07-25 16:00:00+00:00,3.951,4.014,3.951,4.014,44.56
2025-07-25 20:00:00+00:00,4.023,4.094,3.988,4.075,740.87
2025-07-26 00:00:00+00:00,4.081,4.117,4.081,4.117,42.59
2025-07-26 04:00:00+00:00,4.123,4.124,4.106,4.107,111.09
2025-07-26 08:00:00+00:00,4.109,4.109,4.082,4.095,435.95
2025-07-26 12:00:00+00:00,4.096,4.146,4.054,4.12,1189.24
2025-07-26 16:00:00+00:00,4.149,4.194,4.11,4.194,365.88
2025-07-26 20:00:00+00:00,4.184,4.184,4.124,4.124,11.41
2025-07-27 00:00:00+00:00,4.156,4.173,4.104,4.167,65.83
2025-07-27 04:00:00+00:00,4.177,4.194,4.177,4.194,98.43
2025-07-27 08:00:00+00:00,4.12,4.172,4.12,4.172,273.3
2025-07-27 12:00:00+00:00,4.154,4.165,4.152,4.159,41.71
2025-07-27 16:00:00+00:00,4.176,4.217,4.145,4.145,1151.53
2025-07-27 20:00:00+00:00,4.198,4.248,4.16,4.226,1139.02
2025-07-28 00:00:00+00:00,4.236,4.262,4.19,4.244,617.02
2025-07-28 04:00:00+00:00,4.249,4.306,4.187,4.267,756.18
2025-07-28 08:00:00+00:00,4.255,4.276,4.224,4.224,191.28
2025-07-28 12:00:00+00:00,4.224,4.296,4.056,4.056,1753.08
2025-07-28 16:00:00+00:00,4.039,4.075,3.982,3.982,956.42
2025-07-28 20:00:00+00:00,3.982,3.983,3.941,3.941,1560.02
2025-07-29 00:00:00+00:00,3.933,3.986,3.91,3.949,555.7
2025-07-29 04:00:00+00:00,3.983,4.068,3.97,4.068,162.09
2025-07-29 08:00:00+00:00,4.012,4.012,3.977,3.995,148.57
2025-07-29 12:00:00+00:00,4.005,4.027,3.897,3.897,512.9
2025-07-29 16:00:00+00:00,3.91,3.943,3.849,3.862,313.13
2025-07-29 20:00:00+00:00,3.841,3.902,3.822,3.885,336.92
2025-07-30 00:00:00+00:00,3.866,3.919,3.863,3.906,213.58
2025-07-30 04:00:00+00:00,3.863,3.863,3.843,3.843,16.7
2025-07-30 08:00:00+00:00,3.849,3.85,3.732,3.732,551.19
2025-07-30 12:00:00+00:00,3.767,3.859,3.766,3.766,563.19
2025-07-30 16:00:00+00:00,3.789,3.85,3.549,3.714,4737.57
2025-07-30 20:00:00+00:00,3.784,3.806,3.773,3.784,59.19
2025-07-31 00:00:00+00:00,3.809,3.868,3.767,3.868,142.57
2025-07-31 04:00:00+00:00,3.887,3.903,3.887,3.903,39.12
2025-07-31 08:00:00+00:00,3.901,3.919,3.879,3.919,1551.54
2025-07-31 12:00:00+00:00,3.853,3.853,3.756,3.776,280.45
2025-07-31 16:00:00+00:00,3.8,3.85,3.743,3.743,1354.56
2025-07-31 20:00:00+00:00,3.724,3.724,3.673,3.673,160.54
2025-08-01 00:00:00+00:00,3.667,3.721,3.596,3.721,505.83
2025-08-01 04:00:00+00:00,3.695,3.695,3.631,3.634,153.46
2025-08-01 08:00:00+00:00,3.619,3.651,3.574,3.651,508.63
2025-08-01 12:00:00+00:00,3.658,3.685,3.549,3.659,2340.87
2025-08-01 16:00:00+00:00,3.659,3.665,3.544,3.597,4016.76
2025-08-01 20:00:00+00:00,3.6,3.6,3.352,3.548,3095.45
2025-08-02 00:00:00+00:00,3.559,3.598,3.559,3.583,421.04
2025-08-02 04:00:00+00:00,3.568,3.622,3.522,3.522,159.2
2025-08-02 08:00:00+00:00,3.554,3.557,3.536,3.537,5202.81
2025-08-02 12:00:00+00:00,3.555,3.555,3.502,3.502,181.53
2025-08-02 16:00:00+00:00,3.487,3.543,3.433,3.497,356.3
2025-08-02 20:00:00+00:00,3.511,3.516,3.441,3.508,92.93
2025-08-03 00:00:00+00:00,3.527,3.551,3.518,3.551,50.01
2025-08-03 04:00:00+00:00,3.55,3.567,3.55,3.567,35.64
2025-08-03 08:00:00+00:00,3.559,3.603,3.559,3.56,46.69
2025-08-03 12:00:00+00:00,3.589,3.611,3.575,3.575,178.53
2025-08-03 16:00:00+00:00,3.614,3.614,3.614,3.614,0.83
2025-08-03 20:00:00+00:00,3.611,3.614,3.607,3.607,46.15
2025-08-04 00:00:00+00:00,3.622,3.658,3.61,3.61,113.24
2025-08-04 04:00:00+00:00,3.659,3.659,3.659,3.659,13.64
2025-08-04 08:00:00+00:00,3.626,3.629,3.605,3.62,46.57
2025-08-04 12:00:00+00:00,3.614,3.71,3.614,3.705,164.72
2025-08-04 16:00:00+00:00,3.71,3.762,3.668,3.683,110.22
2025-08-04 20:00:00+00:00,3.718,3.766,3.706,3.724,210.75
2025-08-05 00:00:00+00:00,3.715,3.718,3.667,3.667,51.8
2025-08-05 04:00:00+00:00,3.654,3.654,3.596,3.596,179.41
2025-08-05 08:00:00+00:00,3.639,3.694,3.625,3.694,78.71
2025-08-05 12:00:00+00:00,3.701,3.701,3.574,3.574,248.46
2025-08-05 16:00:00+00:00,3.582,3.595,3.557,3.558,10082.02
2025-08-05 20:00:00+00:00,3.556,3.626,3.541,3.6,1057.57
2025-08-06 00:00:00+00:00,3.594,3.615,3.561,3.561,297.93
2025-08-06 04:00:00+00:00,3.612,3.637,3.612,3.637,1516.04
2025-08-06 08:00:00+00:00,3.617,3.617,3.617,3.617,27.69
2025-08-06 12:00:00+00:00,3.574,3.67,3.574,3.67,81.02
2025-08-06 16:00:00+00:00,3.678,3.699,3.648,3.648,500.27
2025-08-06 20:00:00+00:00,3.656,3.683,3.656,3.683,30.43
2025-08-07 00:00:00+00:00,3.662,3.698,3.644,3.645,90.99
2025-08-07 04:00:00+00:00,3.671,3.672,3.671,3.672,122.55
2025-08-07 08:00:00+00:00,3.672,3.784,3.672,3.784,7185.09
2025-08-07 12:00:00+00:00,3.791,3.807,3.77,3.774,874.77
2025-08-07 16:00:00+00:00,3.772,3.783,3.699,3.783,313.87
2025-08-07 20:00:00+00:00,3.784,3.864,3.784,3.854,923.66
2025-08-08 00:00:00+00:00,3.864,3.919,3.819,3.887,4453.36
2025-08-08 04:00:00+00:00,3.873,3.945,3.837,3.911,1723.77
2025-08-08 08:00:00+00:00,3.885,3.887,3.885,3.887,32.46
2025-08-08 12:00:00+00:00,3.943,3.952,3.875,3.875,126.99
2025-08-08 16:00:00+00:00,3.883,3.973,3.883,3.966,334.74
2025-08-08 20:00:00+00:00,3.981,3.991,3.977,3.98,342.99
2025-08-09 00:00:00+00:00,3.98,4.027,3.931,3.975,444.03
2025-08-09 04:00:00+00:00,4.031,4.085,3.999,4.055,860.99
2025-08-09 08:00:00+00:00,4.081,4.112,4.075,4.098,210.01
2025-08-09 12:00:00+00:00,4.113,4.144,4.044,4.084,399.45
2025-08-09 16:00:00+00:00,4.099,4.141,4.076,4.141,103.15
2025-08-09 20:00:00+00:00,4.128,4.157,4.097,4.13,547.4
2025-08-10 00:00:00+00:00,4.149,4.178,4.091,4.116,213.56
2025-08-10 04:00:00+00:00,4.155,4.174,4.023,4.026,1158.18
2025-08-10 08:00:00+00:00,4.004,4.044,3.971,4.0,1043.44
2025-08-10 12:00:00+00:00,4.0,4.083,3.998,4.083,585.92
2025-08-10 16:00:00+00:00,4.072,4.084,4.072,4.084,235.49
2025-08-10 20:00:00+00:00,4.073,4.073,4.038,4.054,88.9
2025-08-11 00:00:00+00:00,4.069,4.156,4.069,4.13,461.1
2025-08-11 04:00:00+00:00,4.133,4.134,4.056,4.056,154.13
2025-08-11 08:00:00+00:00,4.038,4.069,3.909,3.909,614.81
2025-08-11 12:00:00+00:00,3.909,3.949,3.89,3.932,883.05
2025-08-11 16:00:00+00:00,3.973,4.018,3.884,3.984,310.15
2025-08-11 20:00:00+00:00,3.888,3.898,3.838,3.871,588.3
2025-08-12 00:00:00+00:00,3.853,3.929,3.849,3.929,2339.98
2025-08-12 04:00:00+00:00,3.929,3.929,3.886,3.887,2645.49
2025-08-12 08:00:00+00:00,3.92,3.92,3.85,3.85,34.3
2025-08-12 12:00:00+00:00,3.935,4.097,3.935,4.097,822.65
2025-08-12 16:00:00+00:00,4.064,4.229,4.064,4.168,2312.81
2025-08-12 20:00:00+00:00,4.193,4.194,4.133,4.135,1050.78
2025-08-13 00:00:00+00:00,4.169,4.207,4.119,4.148,524.62
2025-08-13 04:00:00+00:00,4.195,4.22,4.16,4.16,152.7
2025-08-13 08:00:00+00:00,4.232,4.3,4.214,4.26,1990.39
2025-08-13 12:00:00+00:00,4.26,4.308,4.19,4.192,2811.44
2025-08-13 16:00:00+00:00,4.28,4.28,4.185,4.225,531.33
2025-08-13 20:00:00+00:00,4.225,4.312,4.187,4.243,3135.72
2025-08-14 00:00:00+00:00,4.312,4.366,4.269,4.363,286.73
2025-08-14 04:00:00+00:00,4.309,4.358,4.227,4.256,1030.58
2025-08-14 08:00:00+00:00,4.225,4.274,4.178,4.26,1445.66
2025-08-14 12:00:00+00:00,4.201,4.201,3.933,4.034,2851.49
2025-08-14 16:00:00+00:00,3.989,3.995,3.962,3.995,417.31
2025-08-14 20:00:00+00:00,3.988,3.988,3.91,3.983,1036.44
2025-08-15 00:00:00+00:00,3.983,4.048,3.97,4.048,1953.01
2025-08-15 04:00:00+00:00,4.019,4.09,4.011,4.09,125.32
2025-08-15 08:00:00+00:00,4.051,4.052,3.994,4.003,536.63
2025-08-15 12:00:00+00:00,3.977,4.042,3.839,3.839,1619.55
2025-08-15 16:00:00+00:00,3.889,3.89,3.85,3.858,4693.04
2025-08-15 20:00:00+00:00,3.885,3.929,3.831,3.929,59.57
2025-08-16 00:00:00+00:00,3.931,3.946,3.867,3.913,280.48
2025-08-16 04:00:00+00:00,3.913,3.913,3.907,3.907,3.81
2025-08-16 08:00:00+00:00,3.935,3.938,3.894,3.924,360.27
2025-08-16 12:00:00+00:00,3.956,3.988,3.92,3.988,77.91
2025-08-16 16:00:00+00:00,3.97,3.984,3.932,3.938,1237.56
2025-08-16 20:00:00+00:00,3.953,3.987,3.953,3.959,43.18
2025-08-17 00:00:00+00:00,3.967,3.967,3.923,3.966,179.44
2025-08-17 04:00:00+00:00,3.97,4.03,3.97,4.022,92.74
2025-08-17 08:00:00+00:00,4.029,4.092,4.029,4.092,216.63
2025-08-17 12:00:00+00:00,4.074,4.17,4.072,4.17,667.99
2025-08-17 16:00:00+00:00,4.17,4.187,4.042,4.042,1039.9
2025-08-17 20:00:00+00:00,4.042,4.093,4.042,4.093,43.47
2025-08-18 00:00:00+00:00,4.055,4.055,3.858,3.91,2853.06
2025-08-18 04:00:00+00:00,3.873,3.931,3.845,3.863,133.49
2025-08-18 08:00:00+00:00,3.866,3.913,3.83,3.913,352.02
2025-08-18 12:00:00+00:00,3.91,3.97,3.759,3.889,9746.58
2025-08-18 16:00:00+00:00,3.889,3.946,3.889,3.912,691.71
2025-08-18 20:00:00+00:00,3.949,3.962,3.919,3.919,17.71
2025-08-19 00:00:00+00:00,3.92,3.956,3.822,3.822,158.02
2025-08-19 04:00:00+00:00,3.816,3.873,3.798,3.873,110.95
2025-08-19 08:00:00+00:00,3.862,3.899,3.86,3.899,1065.47
2025-08-19 12:00:00+00:00,3.875,3.901,3.78,3.78,2969.94
2025-08-19 16:00:00+00:00,3.766,3.796,3.724,3.724,1571.48
2025-08-19 20:00:00+00:00,3.733,3.802,3.733,3.774,403.42
2025-08-20 00:00:00+00:00,3.745,3.77,3.704,3.77,4024.28
2025-08-20 04:00:00+00:00,3.77,3.77,3.77,3.77,0.0
2025-08-20 08:00:00+00:00,3.792,3.811,3.756,3.756,69.42
2025-08-20 12:00:00+00:00,3.816,3.866,3.724,3.866,306.06
2025-08-20 16:00:00+00:00,3.868,3.894,3.785,3.894,1552.97
2025-08-20 20:00:00+00:00,3.892,3.892,3.892,3.892,52.3
2025-08-21 00:00:00+00:00,3.888,3.914,3.829,3.845,199.42
2025-08-21 04:00:00+00:00,3.845,3.845,3.845,3.845,0.0
2025-08-21 08:00:00+00:00,3.845,3.872,3.823,3.823,226.53
2025-08-21 12:00:00+00:00,3.854,3.854,3.785,3.811,1668.6
2025-08-21 16:00:00+00:00,3.793,3.843,3.782,3.843,1280.04
2025-08-21 20:00:00+00:00,3.814,3.846,3.802,3.802,31.99
2025-08-22 00:00:00+00:00,3.813,3.833,3.813,3.832,43.98
2025-08-22 04:00:00+00:00,3.793,3.843,3.793,3.83,506.06
2025-08-22 08:00:00+00:00,3.773,3.773,3.756,3.756,28.2
2025-08-22 12:00:00+00:00,3.756,3.996,3.697,3.996,1968.34
2025-08-22 16:00:00+00:00,4.0,4.108,3.977,4.108,1426.95
2025-08-22 20:00:00+00:00,4.103,4.206,4.096,4.204,793.84
2025-08-23 00:00:00+00:00,4.19,4.19,4.034,4.073,939.37
2025-08-23 04:00:00+00:00,4.118,4.178,4.081,4.171,740.24
2025-08-23 08:00:00+00:00,4.132,4.152,4.131,4.152,636.51
2025-08-23 12:00:00+00:00,4.15,4.183,4.096,4.149,2734.59
2025-08-23 16:00:00+00:00,4.185,4.228,4.09,4.228,1014.51
2025-08-23 20:00:00+00:00,4.24,4.262,4.189,4.217,1563.44
2025-08-24 00:00:00+00:00,4.242,4.242,4.148,4.148,109.13
2025-08-24 04:00:00+00:00,4.164,4.164,4.085,4.099,96.03
2025-08-24 08:00:00+00:00,4.091,4.092,4.022,4.045,339.81
2025-08-24 12:00:00+00:00,4.054,4.095,4.054,4.095,68.68
2025-08-24 16:00:00+00:00,4.095,4.279,4.064,4.157,4090.26
2025-08-24 20:00:00+00:00,4.1,4.149,4.047,4.105,2974.21
2025-08-25 00:00:00+00:00,4.06,4.144,4.056,4.134,549.96
2025-08-25 04:00:00+00:00,4.112,4.128,3.91,3.91,757.82
2025-08-25 08:00:00+00:00,3.901,3.91,3.864,3.878,1165.48
2025-08-25 12:00:00+00:00,3.903,3.937,3.869,3.885,749.72
2025-08-25 16:00:00+00:00,3.86,3.889,3.778,3.778,1586.5
2025-08-25 20:00:00+00:00,3.796,3.796,3.692,3.741,597.45
2025-08-26 00:00:00+00:00,3.723,3.8,3.697,3.799,619.87
2025-08-26 04:00:00+00:00,3.808,3.818,3.778,3.778,289.25
2025-08-26 08:00:00+00:00,3.782,3.782,3.781,3.781,58.39
2025-08-26 12:00:00+00:00,3.775,3.85,3.769,3.848,1055.38
2025-08-26 16:00:00+00:00,3.825,3.941,3.805,3.927,200.41
2025-08-26 20:00:00+00:00,3.909,3.929,3.875,3.88,311.5
2025-08-27 00:00:00+00:00,3.894,3.915,3.856,3.858,72.74
2025-08-27 04:00:00+00:00,3.853,3.853,3.853,3.853,36.52
2025-08-27 08:00:00+00:00,3.867,3.886,3.85,3.886,48.97
2025-08-27 12:00:00+00:00,3.862,3.945,3.86,3.904,123.51
2025-08-27 16:00:00+00:00,3.877,3.893,3.859,3.859,121.05
2025-08-27 20:00:00+00:00,3.841,3.868,3.838,3.868,82.9
2025-08-28 00:00:00+00:00,3.84,3.908,3.79,3.871,631.21
2025-08-28 04:00:00+00:00,3.881,3.945,3.881,3.916,172.24
2025-08-28 08:00:00+00:00,3.946,3.99,3.904,3.99,135.77
2025-08-28 12:00:00+00:00,3.963,4.012,3.94,4.002,208.43
2025-08-28 16:00:00+00:00,3.92,3.938,3.901,3.91,561.34
2025-08-28 20:00:00+00:00,3.885,4.036,3.881,3.981,1385.51
2025-08-29 00:00:00+00:00,3.997,3.997,3.79,3.97,1235.09
2025-08-29 04:00:00+00:00,3.96,3.96,3.814,3.814,313.5
2025-08-29 08:00:00+00:00,3.8,3.828,3.756,3.828,181.17
2025-08-29 12:00:00+00:00,3.829,3.908,3.757,3.829,406.76
2025-08-29 16:00:00+00:00,3.756,3.795,3.725,3.757,351.16
2025-08-29 20:00:00+00:00,3.753,3.787,3.753,3.775,359.44
2025-08-30 00:00:00+00:00,3.789,3.81,3.718,3.81,313.65
2025-08-30 04:00:00+00:00,3.81,3.81,3.81,3.81,138.68
2025-08-30 08:00:00+00:00,3.795,3.795,3.768,3.768,7.48
2025-08-30 12:00:00+00:00,3.793,3.793,3.725,3.786,322.81
2025-08-30 16:00:00+00:00,3.771,3.816,3.758,3.816,38.64
2025-08-30 20:00:00+00:00,3.79,3.798,3.773,3.773,60.08
2025-08-31 00:00:00+00:00,3.816,3.87,3.816,3.867,219.83
2025-08-31 04:00:00+00:00,3.823,3.823,3.823,3.823,1.0
2025-08-31 08:00:00+00:00,3.827,3.827,3.792,3.792,41.61
2025-08-31 12:00:00+00:00,3.791,3.825,3.791,3.818,215.95
2025-08-31 16:00:00+00:00,3.818,3.818,3.818,3.818,0.0
2025-08-31 20:00:00+00:00,3.809,3.81,3.731,3.731,800.83
2025-09-01 00:00:00+00:00,3.724,3.735,3.68,3.689,4236.55
2025-09-01 04:00:00+00:00,3.702,3.819,3.661,3.819,315.61
2025-09-01 08:00:00+00:00,3.819,3.871,3.782,3.796,533.85
2025-09-01 12:00:00+00:00,3.764,3.768,3.743,3.761,66.07
2025-09-01 16:00:00+00:00,3.724,3.74,3.698,3.74,134.48
2025-09-01 20:00:00+00:00,3.74,3.74,3.618,3.693,567.1
2025-09-02 00:00:00+00:00,3.693,3.777,3.693,3.777,180.14
2025-09-02 04:00:00+00:00,3.774,3.783,3.768,3.783,57.25
2025-09-02 08:00:00+00:00,3.765,3.765,3.726,3.726,10.66
2025-09-02 12:00:00+00:00,3.753,3.809,3.699,3.753,430.14
2025-09-02 16:00:00+00:00,3.753,3.777,3.747,3.754,283.66
2025-09-02 20:00:00+00:00,3.752,3.819,3.752,3.819,114.35
2025-09-03 00:00:00+00:00,3.813,3.955,3.807,3.814,1873.43
2025-09-03 04:00:00+00:00,3.895,3.895,3.8,3.8,81.66
2025-09-03 08:00:00+00:00,3.833,3.833,3.807,3.807,16.03
2025-09-03 12:00:00+00:00,3.849,3.887,3.849,3.887,164.84
2025-09-03 16:00:00+00:00,3.869,3.89,3.861,3.886,116.35
2025-09-03 20:00:00+00:00,3.89,3.934,3.87,3.872,2267.3
2025-09-04 00:00:00+00:00,3.862,3.898,3.808,3.808,2772.12
2025-09-04 04:00:00+00:00,3.806,3.806,3.78,3.78,485.04
2025-09-04 08:00:00+00:00,3.77,3.844,3.77,3.84,2636.92
2025-09-04 12:00:00+00:00,3.798,3.801,3.75,3.75,285.63
2025-09-04 16:00:00+00:00,3.754,3.754,3.743,3.743,545.01
2025-09-04 20:00:00+00:00,3.76,3.786,3.76,3.786,80.63
2025-09-05 00:00:00+00:00,3.815,3.816,3.762,3.763,65.12
2025-09-05 04:00:00+00:00,3.786,3.829,3.786,3.829,219.11
2025-09-05 08:00:00+00:00,3.818,3.841,3.811,3.817,2857.55
2025-09-05 12:00:00+00:00,3.842,3.887,3.782,3.832,5289.49
2025-09-05 16:00:00+00:00,3.818,3.818,3.799,3.818,25.31
2025-09-05 20:00:00+00:00,3.825,3.856,3.82,3.824,349.19
2025-09-06 00:00:00+00:00,3.85,3.877,3.846,3.877,84.06
2025-09-06 04:00:00+00:00,3.863,3.863,3.825,3.825,38.99
2025-09-06 08:00:00+00:00,3.821,3.821,3.796,3.82,2713.72
2025-09-06 12:00:00+00:00,3.817,3.817,3.791,3.791,53.19
2025-09-06 16:00:00+00:00,3.791,3.812,3.791,3.812,44.71
2025-09-06 20:00:00+00:00,3.812,3.812,3.812,3.812,0.0
2025-09-07 00:00:00+00:00,3.832,3.849,3.821,3.849,62.77
2025-09-07 04:00:00+00:00,3.845,3.857,3.845,3.857,2.29
2025-09-07 08:00:00+00:00,3.842,3.858,3.842,3.858,1133.58
2025-09-07 12:00:00+00:00,3.887,4.073,3.887,3.977,10836.76
2025-09-07 16:00:00+00:00,3.967,4.044,3.958,3.997,363.94
2025-09-07 20:00:00+00:00,3.977,4.05,3.971,4.05,266.82
2025-09-08 00:00:00+00:00,4.004,4.1,3.964,4.064,977.33
2025-09-08 04:00:00+00:00,4.031,4.031,3.994,3.994,72.24
2025-09-08 08:00:00+00:00,4.019,4.042,4.019,4.042,91.64
2025-09-08 12:00:00+00:00,4.01,4.069,3.996,4.069,100.43
2025-09-08 16:00:00+00:00,4.072,4.079,4.033,4.053,112.59
2025-09-08 20:00:00+00:00,4.019,4.072,4.004,4.049,499.77
2025-09-09 00:00:00+00:00,4.072,4.093,4.029,4.029,505.66
2025-09-09 04:00:00+00:00,4.093,4.174,4.088,4.127,1653.91
2025-09-09 08:00:00+00:00,4.145,4.25,4.137,4.143,869.92
2025-09-09 12:00:00+00:00,4.143,4.169,4.056,4.056,1595.04
2025-09-09 16:00:00+00:00,4.039,4.069,4.038,4.069,306.33
2025-09-09 20:00:00+00:00,4.095,4.139,4.085,4.139,824.93
2025-09-10 00:00:00+00:00,4.134,4.148,4.051,4.141,872.35
2025-09-10 04:00:00+00:00,4.122,4.122,4.074,4.1,71.59
2025-09-10 08:00:00+00:00,4.098,4.098,4.082,4.095,53.99
2025-09-10 12:00:00+00:00,4.14,4.207,4.14,4.162,1327.91
2025-09-10 16:00:00+00:00,4.149,4.19,4.149,4.15,161.67
2025-09-10 20:00:00+00:00,4.174,4.221,4.15,4.207,2022.21
2025-09-11 00:00:00+00:00,4.207,4.251,4.184,4.247,922.6
2025-09-11 04:00:00+00:00,4.247,4.247,4.216,4.238,608.6
2025-09-11 08:00:00+00:00,4.231,4.231,4.186,4.199,385.16
2025-09-11 12:00:00+00:00,4.233,4.233,4.148,4.173,207.73
2025-09-11 16:00:00+00:00,4.175,4.24,4.175,4.24,302.54
2025-09-11 20:00:00+00:00,4.21,4.256,4.182,4.243,562.56
2025-09-12 00:00:00+00:00,4.249,4.278,4.176,4.216,2747.47
2025-09-12 04:00:00+00:00,4.216,4.26,4.216,4.228,1271.2
2025-09-12 08:00:00+00:00,4.225,4.225,4.175,4.175,1012.79
2025-09-12 12:00:00+00:00,4.173,4.254,4.163,4.204,266.88
2025-09-12 16:00:00+00:00,4.212,4.291,4.202,4.291,1314.44
2025-09-12 20:00:00+00:00,4.29,4.339,4.255,4.329,2071.76
2025-09-13 00:00:00+00:00,4.322,4.371,4.318,4.371,701.55
2025-09-13 04:00:00+00:00,4.375,4.496,4.367,4.476,1869.89
2025-09-13 08:00:00+00:00,4.499,4.583,4.487,4.527,1757.24
2025-09-13 12:00:00+00:00,4.58,4.63,4.493,4.505,2094.05
2025-09-13 16:00:00+00:00,4.486,4.505,4.425,4.46,1053.18
2025-09-13 20:00:00+00:00,4.502,4.502,4.447,4.487,270.25
2025-09-14 00:00:00+00:00,4.434,4.494,4.397,4.4,414.75
2025-09-14 04:00:00+00:00,4.4,4.4,4.381,4.4,802.93
2025-09-14 08:00:00+00:00,4.413,4.477,4.389,4.389,220.49
2025-09-14 12:00:00+00:00,4.374,4.374,4.285,4.345,269.53
2025-09-14 16:00:00+00:00,4.35,4.376,4.333,4.333,1023.86
2025-09-14 20:00:00+00:00,4.371,4.379,4.325,4.345,58.6
2025-09-15 00:00:00+00:00,4.358,4.383,4.341,4.373,296.19
2025-09-15 04:00:00+00:00,4.364,4.39,4.245,4.245,1272.26
2025-09-15 08:00:00+00:00,4.238,4.238,4.141,4.18,1579.8
2025-09-15 12:00:00+00:00,4.17,4.179,4.124,4.124,3490.51
2025-09-15 16:00:00+00:00,4.129,4.183,4.111,4.156,243.02
2025-09-15 20:00:00+00:00,4.159,4.172,4.136,4.136,1103.48
2025-09-16 00:00:00+00:00,4.139,4.158,4.129,4.142,138.51
2025-09-16 04:00:00+00:00,4.142,4.186,4.142,4.177,159.47
2025-09-16 08:00:00+00:00,4.197,4.243,4.197,4.213,157.45
2025-09-16 12:00:00+00:00,4.218,4.231,4.178,4.224,38.0
2025-09-16 16:00:00+00:00,4.224,4.282,4.201,4.281,244.24
2025-09-16 20:00:00+00:00,4.278,4.292,4.264,4.29,215.89
2025-09-17 00:00:00+00:00,4.247,4.262,4.218,4.218,175.33
2025-09-17 04:00:00+00:00,4.218,4.236,4.183,4.236,190.28
2025-09-17 08:00:00+00:00,4.168,4.192,4.168,4.192,35.55
2025-09-17 12:00:00+00:00,4.179,4.215,4.163,4.173,417.44
2025-09-17 16:00:00+00:00,4.155,4.266,4.145,4.266,213.73
2025-09-17 20:00:00+00:00,4.279,4.425,4.231,4.408,2331.6
2025-09-18 00:00:00+00:00,4.406,4.492,4.398,4.492,1702.84
2025-09-18 04:00:00+00:00,4.481,4.511,4.43,4.488,130.91
2025-09-18 08:00:00+00:00,4.509,4.582,4.481,4.536,1726.31
2025-09-18 12:00:00+00:00,4.535,4.582,4.51,4.539,2037.98
2025-09-18 16:00:00+00:00,4.543,4.595,4.533,4.541,2413.55
2025-09-18 20:00:00+00:00,4.581,4.591,4.506,4.527,349.67
2025-09-19 00:00:00+00:00,4.556,4.876,4.216,4.62,19431.63
2025-09-19 04:00:00+00:00,4.619,4.669,4.581,4.605,261.87
2025-09-19 08:00:00+00:00,4.625,4.633,4.47,4.489,944.15
2025-09-19 12:00:00+00:00,4.512,4.523,4.419,4.434,1286.11
2025-09-19 16:00:00+00:00,4.454,4.47,4.36,4.421,3156.13
2025-09-19 20:00:00+00:00,4.41,4.414,4.321,4.321,578.2
2025-09-20 00:00:00+00:00,4.372,4.381,4.295,4.325,402.52
2025-09-20 04:00:00+00:00,4.342,4.41,4.342,4.41,165.28
2025-09-20 08:00:00+00:00,4.398,4.398,4.356,4.356,48.38
2025-09-20 12:00:00+00:00,4.363,4.451,4.34,4.422,553.17
2025-09-20 16:00:00+00:00,4.396,4.427,4.36,4.36,57.69
2025-09-20 20:00:00+00:00,4.369,4.407,4.35,4.35,235.82
2025-09-21 00:00:00+00:00,4.35,4.353,4.341,4.348,57.99
2025-09-21 04:00:00+00:00,4.348,4.37,4.343,4.343,430.72
2025-09-21 08:00:00+00:00,4.368,4.369,4.295,4.295,713.4
2025-09-21 12:00:00+00:00,4.309,4.345,4.28,4.286,1730.47
2025-09-21 16:00:00+00:00,4.278,4.316,4.245,4.316,140.53
2025-09-21 20:00:00+00:00,4.31,4.311,4.269,4.281,66.84
2025-09-22 00:00:00+00:00,4.272,4.273,4.106,4.156,1012.03
2025-09-22 04:00:00+00:00,4.141,4.141,3.941,4.004,24106.17
2025-09-22 08:00:00+00:00,3.971,3.971,3.947,3.955,161.35
2025-09-22 12:00:00+00:00,3.958,4.021,3.94,3.98,2730.74
2025-09-22 16:00:00+00:00,3.987,4.015,3.939,3.939,451.38
2025-09-22 20:00:00+00:00,3.952,4.031,3.945,4.031,110.86
2025-09-23 00:00:00+00:00,4.053,4.06,3.947,3.987,2859.55
2025-09-23 04:00:00+00:00,4.028,4.049,3.99,4.025,222.67
2025-09-23 08:00:00+00:00,4.03,4.03,4.018,4.018,59.64
2025-09-23 12:00:00+00:00,4.036,4.051,4.027,4.027,346.96
2025-09-23 16:00:00+00:00,4.028,4.052,3.96,4.003,294.46
2025-09-23 20:00:00+00:00,3.991,4.03,3.97,3.97,66.9
2025-09-24 00:00:00+00:00,3.968,4.046,3.939,3.939,858.41
2025-09-24 04:00:00+00:00,3.939,4.051,3.917,4.051,471.34
2025-09-24 08:00:00+00:00,4.035,4.068,4.024,4.068,179.9
2025-09-24 12:00:00+00:00,4.068,4.104,4.053,4.104,134.92
2025-09-24 16:00:00+00:00,4.052,4.066,4.023,4.023,195.93
2025-09-24 20:00:00+00:00,4.05,4.05,3.982,3.982,472.3
2025-09-25 00:00:00+00:00,4.038,4.038,3.933,3.991,227.04
2025-09-25 04:00:00+00:00,3.926,3.933,3.874,3.933,282.58
2025-09-25 08:00:00+00:00,3.934,3.947,3.926,3.926,19.11
2025-09-25 12:00:00+00:00,3.885,3.97,3.841,3.908,3546.3
2025-09-25 16:00:00+00:00,3.919,3.946,3.78,3.9,14153.24
2025-09-25 20:00:00+00:00,3.861,3.861,3.782,3.784,113.77
2025-09-26 00:00:00+00:00,3.825,3.863,3.814,3.814,71.26
2025-09-26 04:00:00+00:00,3.822,3.845,3.774,3.819,757.13
2025-09-26 08:00:00+00:00,3.833,3.833,3.804,3.804,17.13
2025-09-26 12:00:00+00:00,3.824,3.901,3.824,3.901,297.68
2025-09-26 16:00:00+00:00,3.906,3.967,3.906,3.914,272.05
2025-09-26 20:00:00+00:00,3.922,3.926,3.904,3.909,413.23
2025-09-27 00:00:00+00:00,3.9,3.929,3.899,3.899,30.28
2025-09-27 04:00:00+00:00,3.902,3.902,3.884,3.887,41.62
2025-09-27 08:00:00+00:00,3.875,3.886,3.853,3.853,217.55
2025-09-27 12:00:00+00:00,3.878,3.887,3.852,3.887,128.32
2025-09-27 16:00:00+00:00,3.88,3.88,3.87,3.87,27.84
2025-09-27 20:00:00+00:00,3.882,3.898,3.859,3.893,151.22
2025-09-28 00:00:00+00:00,3.874,3.874,3.824,3.824,179.81
2025-09-28 04:00:00+00:00,3.822,3.827,3.814,3.814,29.9
2025-09-28 08:00:00+00:00,3.826,3.83,3.796,3.796,78.48
2025-09-28 12:00:00+00:00,3.832,3.832,3.827,3.827,5.8
2025-09-28 16:00:00+00:00,3.867,3.901,3.861,3.861,77.84
2025-09-28 20:00:00+00:00,3.903,4.021,3.899,3.996,288.52
2025-09-29 00:00:00+00:00,3.97,4.098,3.965,3.965,1254.53
2025-09-29 04:00:00+00:00,3.962,3.962,3.933,3.933,44.97
2025-09-29 08:00:00+00:00,3.931,3.943,3.919,3.943,36.4
2025-09-29 12:00:00+00:00,3.918,4.006,3.867,3.975,359.83
2025-09-29 16:00:00+00:00,3.917,3.951,3.917,3.947,55.98
2025-09-29 20:00:00+00:00,4.006,4.012,3.983,3.983,246.68
2025-09-30 00:00:00+00:00,3.983,3.983,3.934,3.947,506.33
2025-09-30 04:00:00+00:00,3.925,3.938,3.914,3.914,270.38
2025-09-30 08:00:00+00:00,3.901,3.901,3.873,3.888,188.27
2025-09-30 12:00:00+00:00,3.903,3.911,3.82,3.82,13021.05
2025-09-30 16:00:00+00:00,3.825,3.897,3.807,3.897,68.76
2025-09-30 20:00:00+00:00,3.901,3.927,3.873,3.873,269.53
2025-10-01 00:00:00+00:00,3.917,3.929,3.91,3.929,171.02
2025-10-01 04:00:00+00:00,3.897,3.918,3.897,3.918,235.76
2025-10-01 08:00:00+00:00,3.937,4.103,3.937,4.087,420.79
2025-10-01 12:00:00+00:00,4.041,4.099,4.041,4.098,86.93
2025-10-01 16:00:00+00:00,4.077,4.115,4.02,4.115,1039.82
2025-10-01 20:00:00+00:00,4.102,4.117,4.09,4.117,461.22
2025-10-02 00:00:00+00:00,4.127,4.178,4.083,4.178,1721.44
2025-10-02 04:00:00+00:00,4.178,4.243,4.178,4.197,252.14
2025-10-02 08:00:00+00:00,4.179,4.268,4.13,4.266,13055.82
2025-10-02 12:00:00+00:00,4.259,4.356,4.183,4.244,1852.96
2025-10-02 16:00:00+00:00,4.279,4.33,4.258,4.33,928.73
2025-10-02 20:00:00+00:00,4.299,4.329,4.29,4.316,406.99
2025-10-03 00:00:00+00:00,4.27,4.28,4.229,4.248,2642.47
2025-10-03 04:00:00+00:00,4.263,4.263,4.196,4.208,585.68
2025-10-03 08:00:00+00:00,4.189,4.202,4.189,4.202,125.25
2025-10-03 12:00:00+00:00,4.235,4.327,4.213,4.327,983.51
2025-10-03 16:00:00+00:00,4.334,4.375,4.248,4.32,3350.87
2025-10-03 20:00:00+00:00,4.308,4.339,4.308,4.339,14.52
2025-10-04 00:00:00+00:00,4.319,4.319,4.27,4.27,393.66
2025-10-04 04:00:00+00:00,4.266,4.302,4.266,4.302,409.34
2025-10-04 08:00:00+00:00,4.249,4.25,4.197,4.197,195.41
2025-10-04 12:00:00+00:00,4.209,4.209,4.148,4.156,228.22
2025-10-04 16:00:00+00:00,4.193,4.193,4.173,4.18,3.62
2025-10-04 20:00:00+00:00,4.175,4.238,4.175,4.195,1299.35
2025-10-05 00:00:00+00:00,4.199,4.275,4.199,4.275,118.89
2025-10-05 04:00:00+00:00,4.264,4.363,4.247,4.363,653.84
2025-10-05 08:00:00+00:00,4.294,4.294,4.244,4.244,195.2
2025-10-05 12:00:00+00:00,4.262,4.263,4.22,4.252,100.73
2025-10-05 16:00:00+00:00,4.216,4.216,4.081,4.081,417.39
2025-10-05 20:00:00+00:00,4.153,4.153,4.129,4.147,62.53
2025-10-06 00:00:00+00:00,4.15,4.173,4.116,4.173,33.64
2025-10-06 04:00:00+00:00,4.167,4.188,4.151,4.188,421.78
2025-10-06 08:00:00+00:00,4.179,4.22,4.175,4.22,112.54
2025-10-06 12:00:00+00:00,4.243,4.435,4.214,4.357,964.01
2025-10-06 16:00:00+00:00,4.379,4.4,4.353,4.4,615.31
2025-10-06 20:00:00+00:00,4.345,4.421,4.345,4.416,480.05
2025-10-07 00:00:00+00:00,4.382,4.43,4.358,4.358,862.71
2025-10-07 04:00:00+00:00,4.378,4.385,4.288,4.288,872.81
2025-10-07 08:00:00+00:00,4.28,4.335,4.268,4.326,4187.75
2025-10-07 12:00:00+00:00,4.332,4.369,4.148,4.148,4462.12
2025-10-07 16:00:00+00:00,4.19,4.19,4.113,4.147,3242.55
2025-10-07 20:00:00+00:00,4.129,4.187,4.127,4.174,486.54
2025-10-08 00:00:00+00:00,4.173,4.18,4.094,4.094,341.87
2025-10-08 04:00:00+00:00,4.122,4.148,4.07,4.133,1578.62
2025-10-08 08:00:00+00:00,4.15,4.177,4.12,4.177,87.71
2025-10-08 12:00:00+00:00,4.14,4.188,4.14,4.161,541.78
2025-10-08 16:00:00+00:00,4.161,4.242,4.161,4.223,228.48
2025-10-08 20:00:00+00:00,4.2,4.229,4.196,4.196,1705.45
2025-10-09 00:00:00+00:00,4.169,4.169,4.081,4.102,789.76
2025-10-09 04:00:00+00:00,4.109,4.117,4.063,4.063,170.21
2025-10-09 08:00:00+00:00,4.056,4.056,3.988,4.033,169.74
2025-10-09 12:00:00+00:00,4.055,4.093,3.987,3.996,270.86
2025-10-09 16:00:00+00:00,4.008,4.035,3.97,4.035,211.8
2025-10-09 20:00:00+00:00,4.046,4.094,4.046,4.094,54.15
2025-10-10 00:00:00+00:00,4.1,4.13,4.051,4.13,166.75
2025-10-10 04:00:00+00:00,4.136,4.148,4.07,4.07,74.69
2025-10-10 08:00:00+00:00,4.071,4.178,4.071,4.169,239.64
2025-10-10 12:00:00+00:00,4.188,4.28,4.02,4.075,2219.19
2025-10-10 16:00:00+00:00,4.055,4.075,3.884,3.951,1202.33
2025-10-10 20:00:00+00:00,3.936,3.936,3.15,3.237,40843.81
2025-10-11 00:00:00+00:00,3.237,3.238,2.893,3.138,12984.3
2025-10-11 04:00:00+00:00,3.138,3.205,3.076,3.203,1468.38
2025-10-11 08:00:00+00:00,3.209,3.304,3.2,3.254,646.74
2025-10-11 12:00:00+00:00,3.239,3.239,3.085,3.154,494.14
2025-10-11 16:00:00+00:00,3.154,3.161,2.985,3.013,3011.06
2025-10-11 20:00:00+00:00,3.027,3.027,2.9,2.989,568.4
2025-10-12 00:00:00+00:00,3.003,3.017,2.912,2.996,2521.93
2025-10-12 04:00:00+00:00,2.99,3.055,2.981,3.054,749.92
2025-10-12 08:00:00+00:00,3.052,3.06,2.979,3.018,364.93
2025-10-12 12:00:00+00:00,3.029,3.196,2.985,3.185,1802.77
2025-10-12 16:00:00+00:00,3.205,3.271,3.205,3.225,674.07
2025-10-12 20:00:00+00:00,3.275,3.296,3.209,3.236,818.14
2025-10-13 00:00:00+00:00,3.216,3.255,3.209,3.253,522.15
2025-10-13 04:00:00+00:00,3.202,3.316,3.202,3.316,483.39
2025-10-13 08:00:00+00:00,3.325,3.355,3.23,3.23,535.09
2025-10-13 12:00:00+00:00,3.298,3.341,3.231,3.325,1028.36
2025-10-13 16:00:00+00:00,3.307,3.402,3.297,3.396,1864.03
2025-10-13 20:00:00+00:00,3.396,3.433,3.373,3.402,262.01
2025-10-14 00:00:00+00:00,3.433,3.433,3.29,3.295,1728.25
2025-10-14 04:00:00+00:00,3.288,3.288,3.077,3.121,1215.32
2025-10-14 08:00:00+00:00,3.152,3.162,3.077,3.147,510.87
2025-10-14 12:00:00+00:00,3.136,3.232,3.07,3.232,3143.21
2025-10-14 16:00:00+00:00,3.211,3.273,3.192,3.209,1416.96
2025-10-14 20:00:00+00:00,3.218,3.258,3.218,3.258,48.5
2025-10-15 00:00:00+00:00,3.237,3.24,3.209,3.212,660.37
2025-10-15 04:00:00+00:00,3.256,3.279,3.256,3.264,212.72
2025-10-15 08:00:00+00:00,3.286,3.316,3.222,3.229,439.12
2025-10-15 12:00:00+00:00,3.221,3.231,3.133,3.141,614.21
2025-10-15 16:00:00+00:00,3.141,3.183,3.139,3.139,74.0
2025-10-15 20:00:00+00:00,3.181,3.181,3.1,3.142,2118.46
2025-10-16 00:00:00+00:00,3.128,3.166,3.128,3.157,260.85
2025-10-16 04:00:00+00:00,3.149,3.149,3.149,3.149,15.44
2025-10-16 08:00:00+00:00,3.131,3.193,3.049,3.171,776.81
2025-10-16 12:00:00+00:00,3.196,3.196,3.051,3.051,394.85
2025-10-16 16:00:00+00:00,3.05,3.12,3.001,3.001,1462.95
2025-10-16 20:00:00+00:00,3.001,3.034,2.976,3.015,220.79
2025-10-17 00:00:00+00:00,3.021,3.134,3.012,3.012,633.28
2025-10-17 04:00:00+00:00,3.011,3.012,2.815,2.815,4138.42
2025-10-17 08:00:00+00:00,2.814,2.933,2.787,2.882,2816.95
2025-10-17 12:00:00+00:00,2.928,2.933,2.861,2.912,1303.52
2025-10-17 16:00:00+00:00,2.929,2.941,2.874,2.894,312.67
2025-10-17 20:00:00+00:00,2.905,2.955,2.885,2.885,730.49
2025-10-18 00:00:00+00:00,2.896,2.953,2.895,2.953,1203.13
2025-10-18 04:00:00+00:00,2.939,2.961,2.905,2.93,224.76
2025-10-18 08:00:00+00:00,2.916,2.941,2.916,2.933,82.59
2025-10-18 12:00:00+00:00,2.951,2.951,2.914,2.933,191.44
2025-10-18 16:00:00+00:00,2.909,2.94,2.9,2.921,674.86
2025-10-18 20:00:00+00:00,2.941,2.958,2.928,2.957,114.23
2025-10-19 00:00:00+00:00,2.918,2.938,2.901,2.935,68.24
2025-10-19 04:00:00+00:00,2.936,2.939,2.919,2.919,1577.59
2025-10-19 08:00:00+00:00,2.941,3.005,2.89,2.982,1292.36
2025-10-19 12:00:00+00:00,2.975,3.036,2.964,3.036,1456.3
2025-10-19 16:00:00+00:00,3.018,3.056,3.009,3.026,867.52
2025-10-19 20:00:00+00:00,3.02,3.039,3.001,3.003,650.01
2025-10-20 00:00:00+00:00,3.0,3.063,2.947,3.044,1369.33
2025-10-20 04:00:00+00:00,3.054,3.116,3.054,3.081,397.61
2025-10-20 08:00:00+00:00,3.08,3.113,3.068,3.075,165.29
2025-10-20 12:00:00+00:00,3.052,3.12,3.052,3.091,510.2
2025-10-20 16:00:00+00:00,3.057,3.098,3.038,3.098,305.68
2025-10-20 20:00:00+00:00,3.093,3.115,3.078,3.078,112.97
2025-10-21 00:00:00+00:00,3.059,3.082,3.025,3.025,655.17
2025-10-21 04:00:00+00:00,3.025,3.025,2.955,3.012,89.92
2025-10-21 08:00:00+00:00,2.992,3.001,2.981,2.993,32.28
2025-10-21 12:00:00+00:00,3.022,3.18,3.009,3.177,971.62
2025-10-21 16:00:00+00:00,3.17,3.189,3.116,3.139,1452.08
2025-10-21 20:00:00+00:00,3.115,3.115,2.996,2.996,227.74
2025-10-22 00:00:00+00:00,3.01,3.039,2.984,3.009,508.31
2025-10-22 04:00:00+00:00,3.009,3.017,2.961,2.961,575.57
2025-10-22 08:00:00+00:00,2.962,2.992,2.934,2.956,168.09
2025-10-22 12:00:00+00:00,2.996,3.014,2.963,2.968,1075.85
2025-10-22 16:00:00+00:00,2.982,2.982,2.934,2.94,352.45
2025-10-22 20:00:00+00:00,2.941,2.941,2.849,2.914,2289.22
2025-10-23 00:00:00+00:00,2.923,2.942,2.918,2.942,224.58
2025-10-23 04:00:00+00:00,2.92,2.973,2.92,2.973,184.66
2025-10-23 08:00:00+00:00,2.976,2.982,2.949,2.949,158.58
2025-10-23 12:00:00+00:00,2.949,3.001,2.922,3.001,468.87
2025-10-23 16:00:00+00:00,2.998,3.023,2.99,2.99,281.48
2025-10-23 20:00:00+00:00,2.97,2.996,2.97,2.996,193.38
2025-10-24 00:00:00+00:00,2.99,3.003,2.99,3.001,217.93
2025-10-24 04:00:00+00:00,3.034,3.06,3.034,3.05,408.85
2025-10-24 08:00:00+00:00,3.066,3.09,3.025,3.07,1033.64
2025-10-24 12:00:00+00:00,3.089,3.13,3.03,3.057,641.45
2025-10-24 16:00:00+00:00,3.01,3.07,3.01,3.062,284.97
2025-10-24 20:00:00+00:00,3.061,3.081,3.061,3.081,66.06
2025-10-25 00:00:00+00:00,3.056,3.078,3.056,3.056,53.37
2025-10-25 04:00:00+00:00,3.059,3.068,3.044,3.044,72.67
2025-10-25 08:00:00+00:00,3.037,3.037,3.037,3.037,7.47
2025-10-25 12:00:00+00:00,3.061,3.089,3.044,3.089,98.76
2025-10-25 16:00:00+00:00,3.064,3.085,3.06,3.085,48.68
2025-10-25 20:00:00+00:00,3.094,3.1,3.04,3.099,378.37
2025-10-26 00:00:00+00:00,3.069,3.098,3.035,3.064,31.33
2025-10-26 04:00:00+00:00,3.05,3.093,3.05,3.093,24.24
2025-10-26 08:00:00+00:00,3.107,3.146,3.099,3.102,333.22
2025-10-26 12:00:00+00:00,3.147,3.18,3.142,3.173,426.88
2025-10-26 16:00:00+00:00,3.172,3.176,3.167,3.176,185.89
2025-10-26 20:00:00+00:00,3.161,3.23,3.161,3.208,455.23
2025-10-27 00:00:00+00:00,3.201,3.23,3.188,3.222,526.82
2025-10-27 04:00:00+00:00,3.222,3.242,3.186,3.186,309.51
2025-10-27 08:00:00+00:00,3.187,3.236,3.147,3.147,367.34
2025-10-27 12:00:00+00:00,3.168,3.241,3.125,3.181,176.53
2025-10-27 16:00:00+00:00,3.175,3.205,3.175,3.205,81.91
2025-10-27 20:00:00+00:00,3.139,3.151,3.121,3.121,66.75
2025-10-28 00:00:00+00:00,3.15,3.161,3.115,3.117,65.99
2025-10-28 04:00:00+00:00,3.115,3.162,3.109,3.162,14.01
2025-10-28 08:00:00+00:00,3.134,3.171,3.134,3.143,36.67
2025-10-28 12:00:00+00:00,3.175,3.182,3.098,3.098,657.98
2025-10-28 16:00:00+00:00,3.171,3.171,3.067,3.075,695.48
2025-10-28 20:00:00+00:00,3.048,3.051,3.0,3.051,88.1
2025-10-29 00:00:00+00:00,3.047,3.052,3.036,3.036,183.87
2025-10-29 04:00:00+00:00,3.054,3.072,3.018,3.018,364.45
2025-10-29 08:00:00+00:00,3.042,3.106,3.042,3.106,233.22
2025-10-29 12:00:00+00:00,3.107,3.118,3.098,3.108,330.02
2025-10-29 16:00:00+00:00,3.134,3.192,3.034,3.158,460.27
2025-10-29 20:00:00+00:00,3.165,3.177,3.077,3.077,168.25
2025-10-30 00:00:00+00:00,3.083,3.11,3.082,3.11,83.63
2025-10-30 04:00:00+00:00,3.065,3.07,2.984,3.07,2131.67
2025-10-30 08:00:00+00:00,3.083,3.084,3.001,3.001,49.69
2025-10-30 12:00:00+00:00,2.992,2.992,2.858,2.858,2057.13
2025-10-30 16:00:00+00:00,2.858,2.9,2.797,2.811,3427.95
2025-10-30 20:00:00+00:00,2.811,2.87,2.811,2.87,522.07
2025-10-31 00:00:00+00:00,2.876,2.913,2.875,2.909,340.26
2025-10-31 04:00:00+00:00,2.914,2.928,2.882,2.882,218.77
2025-10-31 08:00:00+00:00,2.896,2.9,2.882,2.882,353.74
2025-10-31 12:00:00+00:00,2.922,2.929,2.885,2.919,377.04
2025-10-31 16:00:00+00:00,2.892,2.903,2.832,2.898,506.8
2025-10-31 20:00:00+00:00,2.903,2.911,2.872,2.911,53.61
2025-11-01 00:00:00+00:00,2.862,2.906,2.862,2.906,136.1
2025-11-01 04:00:00+00:00,2.899,2.905,2.89,2.905,334.81
2025-11-01 08:00:00+00:00,2.914,2.952,2.908,2.952,532.49
2025-11-01 12:00:00+00:00,2.942,2.942,2.912,2.931,383.81
2025-11-01 16:00:00+00:00,2.958,2.964,2.945,2.951,106.24
2025-11-01 20:00:00+00:00,2.955,2.969,2.955,2.969,19.37
2025-11-02 00:00:00+00:00,2.965,2.965,2.945,2.964,156.24
2025-11-02 04:00:00+00:00,2.97,3.006,2.97,3.006,4287.16
2025-11-02 08:00:00+00:00,3.002,3.013,2.988,2.988,168.46
2025-11-02 12:00:00+00:00,2.976,2.988,2.91,2.91,185.61
2025-11-02 16:00:00+00:00,2.914,2.948,2.877,2.903,607.94
2025-11-02 20:00:00+00:00,2.946,2.982,2.905,2.982,394.33
2025-11-03 00:00:00+00:00,2.987,2.987,2.8,2.8,1889.06
2025-11-03 04:00:00+00:00,2.778,2.83,2.734,2.79,1313.16
2025-11-03 08:00:00+00:00,2.766,2.82,2.729,2.773,247.47
2025-11-03 12:00:00+00:00,2.768,2.803,2.711,2.773,590.17
2025-11-03 16:00:00+00:00,2.772,2.879,2.694,2.7,1224.31
2025-11-03 20:00:00+00:00,2.7,2.7,2.68,2.68,226.68
2025-11-04 00:00:00+00:00,2.68,2.68,2.639,2.639,508.45
2025-11-04 04:00:00+00:00,2.642,2.689,2.511,2.612,2743.48
2025-11-04 08:00:00+00:00,2.565,2.698,2.565,2.65,894.64
2025-11-04 12:00:00+00:00,2.602,2.7,2.602,2.7,648.65
2025-11-04 16:00:00+00:00,2.7,2.7,2.458,2.458,12682.59
2025-11-04 20:00:00+00:00,2.459,2.571,2.4,2.523,4019.92
2025-11-05 00:00:00+00:00,2.523,2.571,2.523,2.571,922.32
2025-11-05 04:00:00+00:00,2.562,2.588,2.549,2.588,611.4
2025-11-05 08:00:00+00:00,2.555,2.607,2.545,2.607,832.64
2025-11-05 12:00:00+00:00,2.607,2.63,2.577,2.63,1437.35
2025-11-05 16:00:00+00:00,2.618,2.65,2.574,2.638,1249.17
2025-11-05 20:00:00+00:00,2.652,2.674,2.611,2.639,872.85
2025-11-06 00:00:00+00:00,2.639,2.678,2.619,2.67,600.23
2025-11-06 04:00:00+00:00,2.662,2.662,2.6,2.62,1002.64
2025-11-06 08:00:00+00:00,2.609,2.621,2.589,2.589,215.75
2025-11-06 12:00:00+00:00,2.571,2.64,2.553,2.553,880.85
2025-11-06 16:00:00+00:00,2.551,2.641,2.53,2.633,2669.11
2025-11-06 20:00:00+00:00,2.667,2.668,2.623,2.64,123.5
2025-11-07 00:00:00+00:00,2.669,2.803,2.669,2.796,6978.51
2025-11-07 04:00:00+00:00,2.8,2.898,2.693,2.824,2157.33
2025-11-07 08:00:00+00:00,2.841,2.874,2.755,2.832,3665.59
2025-11-07 12:00:00+00:00,2.832,2.898,2.655,2.895,4487.58
2025-11-07 16:00:00+00:00,2.861,3.332,2.861,3.242,11705.22
2025-11-07 20:00:00+00:00,3.222,3.3,3.194,3.249,4334.29
2025-11-08 00:00:00+00:00,3.29,3.526,3.192,3.391,4615.84
2025-11-08 04:00:00+00:00,3.405,3.427,3.23,3.281,5426.97
2025-11-08 08:00:00+00:00,3.244,3.304,3.211,3.27,1562.54
2025-11-08 12:00:00+00:00,3.274,3.284,3.13,3.13,3659.29
2025-11-08 16:00:00+00:00,3.12,3.246,3.095,3.173,3085.32
2025-11-08 20:00:00+00:00,3.143,3.251,3.142,3.251,1239.7
2025-11-09 00:00:00+00:00,3.253,3.304,3.133,3.149,860.71
2025-11-09 04:00:00+00:00,3.141,3.186,3.095,3.148,2119.28
2025-11-09 08:00:00+00:00,3.137,3.166,3.048,3.153,216.58
2025-11-09 12:00:00+00:00,3.134,3.259,3.134,3.243,630.68
2025-11-09 16:00:00+00:00,3.244,3.246,3.168,3.216,580.0
2025-11-09 20:00:00+00:00,3.199,3.25,3.185,3.247,806.22
2025-11-10 00:00:00+00:00,3.235,3.267,3.196,3.26,954.36
2025-11-10 04:00:00+00:00,3.252,3.275,3.214,3.261,1778.82
2025-11-10 08:00:00+00:00,3.253,3.268,3.203,3.251,702.58
2025-11-10 12:00:00+00:00,3.25,3.354,3.171,3.195,3966.91
2025-11-10 16:00:00+00:00,3.161,3.244,3.13,3.244,1344.71
2025-11-10 20:00:00+00:00,3.249,3.298,3.201,3.268,4571.64
2025-11-11 00:00:00+00:00,3.262,3.374,3.221,3.315,3037.96
2025-11-11 04:00:00+00:00,3.308,3.308,3.163,3.202,4381.77
2025-11-11 08:00:00+00:00,3.147,3.193,3.143,3.193,261.76
2025-11-11 12:00:00+00:00,3.155,3.2,3.154,3.2,3615.54
2025-11-11 16:00:00+00:00,3.202,3.215,3.133,3.133,254.09
2025-11-11 20:00:00+00:00,3.117,3.198,3.048,3.048,758.37
2025-11-12 00:00:00+00:00,3.073,3.112,3.073,3.088,39.1
2025-11-12 04:00:00+00:00,3.094,3.095,3.078,3.078,198.81
2025-11-12 08:00:00+00:00,3.115,3.124,3.113,3.124,70.95
2025-11-12 12:00:00+00:00,3.098,3.153,2.955,3.0,1548.07
2025-11-12 16:00:00+00:00,2.95,3.055,2.887,2.887,15612.82
2025-11-12 20:00:00+00:00,2.963,2.963,2.911,2.93,464.09
2025-11-13 00:00:00+00:00,2.929,3.01,2.929,3.002,173.32
2025-11-13 04:00:00+00:00,2.981,3.052,2.981,2.984,182.74
2025-11-13 08:00:00+00:00,2.968,3.052,2.968,2.973,10591.0
2025-11-13 12:00:00+00:00,2.998,3.035,2.947,3.004,702.24
2025-11-13 16:00:00+00:00,2.973,2.999,2.799,2.799,5334.7
2025-11-13 20:00:00+00:00,2.783,2.877,2.767,2.872,545.91
2025-11-14 00:00:00+00:00,2.879,2.879,2.823,2.854,434.4
2025-11-14 04:00:00+00:00,2.815,2.909,2.752,2.909,171.8
2025-11-14 08:00:00+00:00,2.865,2.865,2.841,2.859,66.95
2025-11-14 12:00:00+00:00,2.821,2.885,2.772,2.885,943.93
2025-11-14 16:00:00+00:00,2.853,2.853,2.852,2.853,501.37
2025-11-14 20:00:00+00:00,2.853,2.881,2.772,2.816,439.42
2025-11-15 00:00:00+00:00,2.835,2.885,2.815,2.885,236.38
2025-11-15 04:00:00+00:00,2.828,2.94,2.828,2.94,81.58
2025-11-15 08:00:00+00:00,2.865,2.894,2.858,2.858,148.44
2025-11-15 12:00:00+00:00,2.901,2.966,2.899,2.899,50.82
2025-11-15 16:00:00+00:00,2.865,2.885,2.818,2.871,761.2
2025-11-15 20:00:00+00:00,2.848,2.85,2.828,2.847,103.97
2025-11-16 00:00:00+00:00,2.821,2.848,2.779,2.83,736.8
2025-11-16 04:00:00+00:00,2.873,2.879,2.84,2.878,238.27
2025-11-16 08:00:00+00:00,2.852,2.902,2.852,2.894,483.26
2025-11-16 12:00:00+00:00,2.821,2.828,2.772,2.772,315.34
2025-11-16 16:00:00+00:00,2.772,2.791,2.696,2.73,4472.89
2025-11-16 20:00:00+00:00,2.759,2.797,2.55,2.797,2495.84
2025-11-17 00:00:00+00:00,2.791,2.838,2.791,2.794,872.53
2025-11-17 04:00:00+00:00,2.827,2.83,2.806,2.824,550.21
2025-11-17 08:00:00+00:00,2.83,2.835,2.781,2.835,187.5
2025-11-17 12:00:00+00:00,2.835,2.841,2.748,2.776,240.67
2025-11-17 16:00:00+00:00,2.748,2.792,2.638,2.638,564.9
2025-11-17 20:00:00+00:00,2.663,2.673,2.622,2.672,128.38
2025-11-18 00:00:00+00:00,2.676,2.743,2.674,2.743,231.38
2025-11-18 04:00:00+00:00,2.704,2.754,2.7,2.7,126.54
2025-11-18 08:00:00+00:00,2.712,2.731,2.712,2.728,23.41
2025-11-18 12:00:00+00:00,2.701,2.755,2.689,2.755,59.59
2025-11-18 16:00:00+00:00,2.769,2.797,2.765,2.797,2001.07
2025-11-18 20:00:00+00:00,2.75,2.79,2.75,2.764,431.38
2025-11-19 00:00:00+00:00,2.736,2.748,2.718,2.718,383.79
2025-11-19 04:00:00+00:00,2.72,2.72,2.648,2.708,181.44
2025-11-19 08:00:00+00:00,2.712,2.724,2.707,2.717,114.52
2025-11-19 12:00:00+00:00,2.706,2.706,2.648,2.648,158.1
2025-11-19 16:00:00+00:00,2.647,2.647,2.573,2.582,1930.1
2025-11-19 20:00:00+00:00,2.582,2.7,2.582,2.677,588.09
2025-11-20 00:00:00+00:00,2.7,2.709,2.7,2.709,217.67
2025-11-20 04:00:00+00:00,2.712,2.736,2.71,2.713,237.43
2025-11-20 08:00:00+00:00,2.749,2.765,2.718,2.759,88.55
2025-11-20 12:00:00+00:00,2.769,2.809,2.717,2.717,443.16
2025-11-20 16:00:00+00:00,2.703,2.703,2.511,2.547,1923.35
2025-11-20 20:00:00+00:00,2.561,2.599,2.534,2.541,44.3
2025-11-21 00:00:00+00:00,2.566,2.623,2.523,2.542,798.74
2025-11-21 04:00:00+00:00,2.514,2.552,2.368,2.398,1220.87
2025-11-21 08:00:00+00:00,2.4,2.441,2.338,2.338,4791.15
2025-11-21 12:00:00+00:00,2.337,2.419,2.301,2.36,2089.97
2025-11-21 16:00:00+00:00,2.343,2.427,2.34,2.396,1038.18
2025-11-21 20:00:00+00:00,2.343,2.364,2.278,2.34,395.34
2025-11-22 00:00:00+00:00,2.324,2.354,2.323,2.337,1206.71
2025-11-22 04:00:00+00:00,2.315,2.317,2.267,2.289,940.91
2025-11-22 08:00:00+00:00,2.281,2.313,2.271,2.3,339.39
2025-11-22 12:00:00+00:00,2.268,2.3,2.256,2.298,242.16
2025-11-22 16:00:00+00:00,2.307,2.313,2.266,2.279,999.45
2025-11-22 20:00:00+00:00,2.295,2.334,2.295,2.334,66.71
2025-11-23 00:00:00+00:00,2.306,2.358,2.306,2.34,988.64
2025-11-23 04:00:00+00:00,2.348,2.366,2.319,2.319,655.42
2025-11-23 08:00:00+00:00,2.344,2.36,2.33,2.33,149.92
2025-11-23 12:00:00+00:00,2.336,2.342,2.314,2.314,136.73
2025-11-23 16:00:00+00:00,2.33,2.338,2.274,2.315,1480.66
2025-11-23 20:00:00+00:00,2.302,2.308,2.252,2.252,749.51
2025-11-24 00:00:00+00:00,2.247,2.331,2.241,2.331,515.7
2025-11-24 04:00:00+00:00,2.309,2.309,2.279,2.279,119.23
2025-11-24 08:00:00+00:00,2.272,2.272,2.243,2.243,90.37
2025-11-24 12:00:00+00:00,2.278,2.298,2.278,2.298,473.35
2025-11-24 16:00:00+00:00,2.316,2.365,2.316,2.365,190.02
2025-11-24 20:00:00+00:00,2.375,2.393,2.361,2.364,1622.75
2025-11-25 00:00:00+00:00,2.342,2.352,2.307,2.323,354.26
2025-11-25 04:00:00+00:00,2.322,2.322,2.272,2.272,19.83
2025-11-25 08:00:00+00:00,2.273,2.283,2.25,2.283,613.27
2025-11-25 12:00:00+00:00,2.264,2.291,2.185,2.245,1298.86
2025-11-25 16:00:00+00:00,2.222,2.285,2.217,2.257,7438.81
2025-11-25 20:00:00+00:00,2.263,2.314,2.26,2.314,510.84
2025-11-26 00:00:00+00:00,2.295,2.295,2.287,2.287,187.1
2025-11-26 04:00:00+00:00,2.271,2.308,2.263,2.304,296.76
2025-11-26 08:00:00+00:00,2.306,2.306,2.259,2.259,41.97
2025-11-26 12:00:00+00:00,2.26,2.26,2.25,2.25,6104.09
2025-11-26 16:00:00+00:00,2.277,2.369,2.277,2.356,486.88
2025-11-26 20:00:00+00:00,2.362,2.362,2.344,2.359,114.07
2025-11-27 00:00:00+00:00,2.337,2.371,2.323,2.324,1410.85
2025-11-27 04:00:00+00:00,2.322,2.343,2.316,2.316,310.04
2025-11-27 08:00:00+00:00,2.33,2.348,2.33,2.336,181.57
2025-11-27 12:00:00+00:00,2.333,2.34,2.309,2.34,468.3
2025-11-27 16:00:00+00:00,2.351,2.379,2.313,2.378,1125.38
2025-11-27 20:00:00+00:00,2.376,2.387,2.334,2.334,883.52
2025-11-28 00:00:00+00:00,2.333,2.344,2.301,2.321,150.27
2025-11-28 04:00:00+00:00,2.318,2.346,2.313,2.313,66.07
2025-11-28 08:00:00+00:00,2.332,2.36,2.321,2.321,144.48
2025-11-28 12:00:00+00:00,2.365,2.376,2.316,2.376,64.08
2025-11-28 16:00:00+00:00,2.377,2.377,2.271,2.271,1052.64
2025-11-28 20:00:00+00:00,2.287,2.287,2.287,2.287,1129.11
2025-11-29 00:00:00+00:00,2.26,2.284,2.256,2.268,18.66
2025-11-29 04:00:00+00:00,2.283,2.283,2.283,2.283,6.55
2025-11-29 08:00:00+00:00,2.269,2.273,2.263,2.273,222.85
2025-11-29 12:00:00+00:00,2.3,2.307,2.255,2.264,1273.29
2025-11-29 16:00:00+00:00,2.274,2.275,2.237,2.243,371.38
2025-11-29 20:00:00+00:00,2.266,2.28,2.252,2.252,74.47
2025-11-30 00:00:00+00:00,2.263,2.263,2.262,2.262,421.38
2025-11-30 04:00:00+00:00,2.277,2.277,2.267,2.272,188.4
2025-11-30 08:00:00+00:00,2.261,2.281,2.259,2.268,27.6
2025-11-30 12:00:00+00:00,2.259,2.288,2.259,2.259,78.43
2025-11-30 16:00:00+00:00,2.284,2.322,2.275,2.298,260.64
2025-11-30 20:00:00+00:00,2.267,2.273,2.21,2.21,118.52
2025-12-01 00:00:00+00:00,2.203,2.211,2.044,2.055,6261.45
2025-12-01 04:00:00+00:00,2.049,2.066,2.01,2.031,6087.61
2025-12-01 08:00:00+00:00,2.047,2.065,2.041,2.065,68.64
2025-12-01 12:00:00+00:00,2.048,2.048,1.968,2.001,3913.4
2025-12-01 16:00:00+00:00,1.987,2.015,1.97,1.995,1754.63
2025-12-01 20:00:00+00:00,2.022,2.043,2.022,2.037,1262.98
2025-12-02 00:00:00+00:00,2.047,2.061,2.047,2.061,193.99
2025-12-02 04:00:00+00:00,2.062,2.062,2.06,2.06,17.6
2025-12-02 08:00:00+00:00,2.036,2.118,2.036,2.118,167.26
2025-12-02 12:00:00+00:00,2.098,2.331,2.084,2.3,22594.24
2025-12-02 16:00:00+00:00,2.258,2.285,2.237,2.243,1948.53
2025-12-02 20:00:00+00:00,2.23,2.285,2.23,2.248,675.87
2025-12-03 00:00:00+00:00,2.244,2.322,2.244,2.287,2813.88
2025-12-03 04:00:00+00:00,2.302,2.325,2.302,2.32,246.98
2025-12-03 08:00:00+00:00,2.312,2.317,2.296,2.304,156.45
2025-12-03 12:00:00+00:00,2.299,2.305,2.239,2.276,281.55
2025-12-03 16:00:00+00:00,2.317,2.331,2.264,2.324,1893.12
2025-12-03 20:00:00+00:00,2.322,2.443,2.289,2.369,1188.24
2025-12-04 00:00:00+00:00,2.356,2.37,2.313,2.333,706.47
2025-12-04 04:00:00+00:00,2.34,2.374,2.32,2.373,295.6
2025-12-04 08:00:00+00:00,2.374,2.374,2.366,2.366,7.56
2025-12-04 12:00:00+00:00,2.364,2.364,2.311,2.316,68.18
2025-12-04 16:00:00+00:00,2.323,2.329,2.255,2.289,219.23
2025-12-04 20:00:00+00:00,2.298,2.301,2.279,2.279,37.67
2025-12-05 00:00:00+00:00,2.296,2.323,2.292,2.311,218.06
2025-12-05 04:00:00+00:00,2.304,2.312,2.264,2.31,63.0
2025-12-05 08:00:00+00:00,2.276,2.295,2.228,2.264,55.42
2025-12-05 12:00:00+00:00,2.268,2.268,2.2,2.237,1883.42
2025-12-05 16:00:00+00:00,2.238,2.238,2.094,2.129,775.47
2025-12-05 20:00:00+00:00,2.132,2.133,2.102,2.113,101.75
2025-12-06 00:00:00+00:00,2.127,2.132,2.127,2.132,4.67
2025-12-06 04:00:00+00:00,2.133,2.435,2.109,2.136,1869.06
2025-12-06 08:00:00+00:00,2.104,2.136,2.092,2.136,236.11
2025-12-06 12:00:00+00:00,2.141,2.141,2.104,2.117,814.43
2025-12-06 16:00:00+00:00,2.149,2.163,2.126,2.126,533.56
2025-12-06 20:00:00+00:00,2.129,2.151,2.129,2.14,498.12
2025-12-07 00:00:00+00:00,2.125,2.148,2.125,2.127,139.26
2025-12-07 04:00:00+00:00,2.145,2.151,2.134,2.151,82.77
2025-12-07 08:00:00+00:00,2.119,2.153,2.103,2.103,89.66
2025-12-07 12:00:00+00:00,2.095,2.14,2.05,2.118,161.67
2025-12-07 16:00:00+00:00,2.111,2.156,2.111,2.154,56.61
2025-12-07 20:00:00+00:00,2.134,2.139,2.051,2.078,200.65
2025-12-08 00:00:00+00:00,2.093,2.142,2.082,2.106,810.33
2025-12-08 04:00:00+00:00,2.125,2.144,2.077,2.135,2582.67
2025-12-08 08:00:00+00:00,2.15,2.172,2.15,2.151,158.34
2025-12-08 12:00:00+00:00,2.148,2.151,2.122,2.151,345.9
2025-12-08 16:00:00+00:00,2.141,2.176,2.138,2.138,17645.03
2025-12-08 20:00:00+00:00,2.151,2.151,2.11,2.11,14114.56
2025-12-09 00:00:00+00:00,2.106,2.118,2.103,2.111,76.8
2025-12-09 04:00:00+00:00,2.135,2.135,2.094,2.131,46.84
2025-12-09 08:00:00+00:00,2.137,2.138,2.137,2.138,47.13
2025-12-09 12:00:00+00:00,2.119,2.217,2.111,2.217,1764.89
2025-12-09 16:00:00+00:00,2.218,2.39,2.185,2.311,3228.86
2025-12-09 20:00:00+00:00,2.31,2.31,2.272,2.293,92.41
2025-12-10 00:00:00+00:00,2.271,2.289,2.23,2.278,134.64
2025-12-10 04:00:00+00:00,2.24,2.276,2.22,2.22,556.77
2025-12-10 08:00:00+00:00,2.203,2.206,2.188,2.188,97.95
2025-12-10 12:00:00+00:00,2.209,2.215,2.184,2.195,103.08
2025-12-10 16:00:00+00:00,2.228,2.282,2.228,2.247,1030.22
2025-12-10 20:00:00+00:00,2.242,2.319,2.171,2.232,2807.45
2025-12-11 00:00:00+00:00,2.177,2.177,2.043,2.076,4716.16
2025-12-11 04:00:00+00:00,2.057,2.093,2.057,2.091,251.67
2025-12-11 08:00:00+00:00,2.06,2.068,2.039,2.06,700.54
2025-12-11 12:00:00+00:00,2.078,2.08,2.022,2.022,1743.78
2025-12-11 16:00:00+00:00,2.01,2.068,2.01,2.031,357.77
2025-12-11 20:00:00+00:00,2.047,2.094,2.046,2.094,834.66
2025-12-12 00:00:00+00:00,2.058,2.079,2.039,2.079,210.22
2025-12-12 04:00:00+00:00,2.061,2.092,2.044,2.092,487.46
2025-12-12 08:00:00+00:00,2.045,2.045,2.02,2.02,103.92
2025-12-12 12:00:00+00:00,2.048,2.073,1.961,1.962,958.56
2025-12-12 16:00:00+00:00,1.999,2.052,1.963,1.971,251.96
2025-12-12 20:00:00+00:00,1.971,1.971,1.971,1.971,0.0
2025-12-13 00:00:00+00:00,2.022,2.035,2.022,2.031,10.73
2025-12-13 04:00:00+00:00,2.051,2.051,2.041,2.041,14.64
2025-12-13 08:00:00+00:00,2.026,2.064,2.026,2.064,18.51
2025-12-13 12:00:00+00:00,2.05,2.066,2.044,2.045,205.84
2025-12-13 16:00:00+00:00,2.047,2.065,2.013,2.044,471.68
2025-12-13 20:00:00+00:00,2.06,2.065,2.03,2.03,964.6
2025-12-14 00:00:00+00:00,2.025,2.052,2.025,2.033,217.91
2025-12-14 04:00:00+00:00,2.014,2.014,2.008,2.01,251.64
2025-12-14 08:00:00+00:00,2.001,2.017,1.965,1.965,3827.47
2025-12-14 12:00:00+00:00,2.002,2.002,1.979,1.989,74.72
2025-12-14 16:00:00+00:00,1.985,1.985,1.951,1.972,807.66
2025-12-14 20:00:00+00:00,1.965,1.974,1.931,1.957,8502.05
2025-12-15 00:00:00+00:00,1.961,2.016,1.93,2.016,1045.46
2025-12-15 04:00:00+00:00,2.016,2.016,2.016,2.016,2.47
2025-12-15 08:00:00+00:00,2.016,2.016,1.992,2.007,156.37
2025-12-15 12:00:00+00:00,2.01,2.01,1.879,1.887,1240.74
2025-12-15 16:00:00+00:00,1.908,1.914,1.843,1.878,6677.04
2025-12-15 20:00:00+00:00,1.874,1.92,1.872,1.92,24964.96
2025-12-16 00:00:00+00:00,1.889,1.904,1.88,1.88,634.18
2025-12-16 04:00:00+00:00,1.888,1.892,1.874,1.878,372.0
2025-12-16 08:00:00+00:00,1.883,1.942,1.88,1.942,423.84
2025-12-16 12:00:00+00:00,1.916,1.939,1.873,1.873,757.85
2025-12-16 16:00:00+00:00,1.913,1.917,1.908,1.91,138.12
2025-12-16 20:00:00+00:00,1.905,1.908,1.896,1.904,110.27
2025-12-17 00:00:00+00:00,1.896,1.909,1.878,1.909,1528.77
2025-12-17 04:00:00+00:00,1.868,1.894,1.862,1.894,117.74
2025-12-17 08:00:00+00:00,1.899,1.899,1.856,1.876,342.56
2025-12-17 12:00:00+00:00,1.894,1.948,1.863,1.879,356.65
2025-12-17 16:00:00+00:00,1.863,1.863,1.796,1.815,1883.21
2025-12-17 20:00:00+00:00,1.82,1.831,1.803,1.808,251.67
2025-12-18 00:00:00+00:00,1.805,1.831,1.794,1.794,603.39
2025-12-18 04:00:00+00:00,1.795,1.795,1.78,1.78,10424.73
2025-12-18 08:00:00+00:00,1.797,1.797,1.797,1.797,7.47
2025-12-18 12:00:00+00:00,1.829,1.871,1.829,1.842,2235.51
2025-12-18 16:00:00+00:00,1.886,1.886,1.708,1.73,4372.89
2025-12-18 20:00:00+00:00,1.742,1.777,1.742,1.777,247.18
2025-12-19 00:00:00+00:00,1.779,1.804,1.745,1.804,165.99
2025-12-19 04:00:00+00:00,1.787,1.826,1.763,1.787,999.73
2025-12-19 08:00:00+00:00,1.793,1.815,1.785,1.815,160.71
2025-12-19 12:00:00+00:00,1.813,1.87,1.809,1.833,4290.97
2025-12-19 16:00:00+00:00,1.839,1.871,1.812,1.871,802.7
2025-12-19 20:00:00+00:00,1.872,1.875,1.868,1.868,100.98
2025-12-20 00:00:00+00:00,1.849,1.884,1.849,1.864,90.93
2025-12-20 04:00:00+00:00,1.858,1.868,1.833,1.833,104.45
2025-12-20 08:00:00+00:00,1.858,1.882,1.858,1.882,38.87
2025-12-20 12:00:00+00:00,1.867,1.867,1.834,1.849,78.21
2025-12-20 16:00:00+00:00,1.834,1.852,1.831,1.831,59.74
2025-12-20 20:00:00+00:00,1.857,1.857,1.857,1.857,5.37
2025-12-21 00:00:00+00:00,1.83,1.83,1.801,1.801,1001.21
2025-12-21 04:00:00+00:00,1.801,1.801,1.801,1.801,0.0
2025-12-21 08:00:00+00:00,1.838,1.842,1.838,1.842,84.06
2025-12-21 12:00:00+00:00,1.837,1.858,1.758,1.76,620.11
2025-12-21 16:00:00+00:00,1.77,1.838,1.77,1.812,3922.11
2025-12-21 20:00:00+00:00,1.809,1.809,1.809,1.809,74.21
2025-12-22 00:00:00+00:00,1.811,1.84,1.774,1.774,310.42
2025-12-22 04:00:00+00:00,1.783,1.813,1.783,1.813,8.37
2025-12-22 08:00:00+00:00,1.827,1.841,1.827,1.841,110.99
2025-12-22 12:00:00+00:00,1.796,1.845,1.796,1.845,115.93
2025-12-22 16:00:00+00:00,1.81,1.811,1.773,1.773,207.77
2025-12-22 20:00:00+00:00,1.768,1.769,1.768,1.769,19.7
2025-12-23 00:00:00+00:00,1.775,1.793,1.761,1.761,151.43
2025-12-23 04:00:00+00:00,1.758,1.758,1.758,1.758,279.06
2025-12-23 08:00:00+00:00,1.764,1.764,1.751,1.751,315.57
2025-12-23 12:00:00+00:00,1.766,1.766,1.73,1.752,1184.7
2025-12-23 16:00:00+00:00,1.761,1.774,1.739,1.753,1531.55
2025-12-23 20:00:00+00:00,1.78,1.781,1.762,1.762,139.03
2025-12-24 00:00:00+00:00,1.762,1.762,1.734,1.734,196.73
2025-12-24 04:00:00+00:00,1.733,1.748,1.723,1.738,584.32
2025-12-24 08:00:00+00:00,1.719,1.728,1.719,1.728,33.86
2025-12-24 12:00:00+00:00,1.738,1.742,1.708,1.722,115.49
2025-12-24 16:00:00+00:00,1.729,1.738,1.729,1.738,32.51
2025-12-24 20:00:00+00:00,1.742,1.75,1.742,1.75,294.37
2025-12-25 00:00:00+00:00,1.739,1.756,1.739,1.756,74.95
2025-12-25 04:00:00+00:00,1.756,1.756,1.65,1.743,1235.55
2025-12-25 08:00:00+00:00,1.712,1.712,1.696,1.71,118.19
2025-12-25 12:00:00+00:00,1.743,1.743,1.71,1.731,176.41
2025-12-25 16:00:00+00:00,1.715,1.738,1.715,1.738,100.42
2025-12-25 20:00:00+00:00,1.708,1.737,1.681,1.703,1763.58
2025-12-26 00:00:00+00:00,1.677,1.747,1.652,1.747,720.67
2025-12-26 04:00:00+00:00,1.733,1.755,1.733,1.753,570.83
2025-12-26 08:00:00+00:00,1.715,1.752,1.706,1.752,402.6
2025-12-26 12:00:00+00:00,1.74,1.751,1.692,1.71,1236.17
2025-12-26 16:00:00+00:00,1.717,1.728,1.666,1.718,1342.48
2025-12-26 20:00:00+00:00,1.724,1.729,1.717,1.717,292.54
2025-12-27 00:00:00+00:00,1.73,1.764,1.706,1.731,64.34
2025-12-27 04:00:00+00:00,1.752,1.763,1.752,1.763,285.44
2025-12-27 08:00:00+00:00,1.759,1.768,1.724,1.768,393.05
2025-12-27 12:00:00+00:00,1.77,1.818,1.76,1.818,233.96
2025-12-27 16:00:00+00:00,1.819,1.845,1.798,1.836,3710.32
2025-12-27 20:00:00+00:00,1.852,1.99,1.812,1.901,1182.73
2025-12-28 00:00:00+00:00,1.879,1.886,1.871,1.879,327.6
2025-12-28 04:00:00+00:00,1.891,1.893,1.891,1.893,100.01
2025-12-28 08:00:00+00:00,1.888,1.888,1.886,1.886,186.19
2025-12-28 12:00:00+00:00,1.875,1.883,1.875,1.883,222.02
2025-12-28 16:00:00+00:00,1.871,1.88,1.839,1.864,1809.68
2025-12-28 20:00:00+00:00,1.844,1.85,1.833,1.833,242.86
2025-12-29 00:00:00+00:00,1.851,1.901,1.851,1.901,339.35
2025-12-29 04:00:00+00:00,1.894,1.901,1.886,1.901,46.73
2025-12-29 08:00:00+00:00,1.87,1.87,1.854,1.855,24.96
2025-12-29 12:00:00+00:00,1.838,1.857,1.823,1.857,821.31
2025-12-29 16:00:00+00:00,1.838,1.867,1.83,1.83,61.1
2025-12-29 20:00:00+00:00,1.832,1.835,1.821,1.821,59.86
2025-12-30 00:00:00+00:00,1.817,1.82,1.8,1.8,209.47
2025-12-30 04:00:00+00:00,1.814,1.816,1.814,1.816,2355.55
2025-12-30 08:00:00+00:00,1.822,1.838,1.822,1.823,33.22
2025-12-30 12:00:00+00:00,1.822,1.911,1.806,1.838,3093.61
2025-12-30 16:00:00+00:00,1.844,1.851,1.813,1.813,298.89
2025-12-30 20:00:00+00:00,1.816,1.829,1.807,1.807,1101.83
2025-12-31 00:00:00+00:00,1.806,1.829,1.806,1.829,342.16
2025-12-31 04:00:00+00:00,1.829,1.829,1.811,1.811,32.22
2025-12-31 08:00:00+00:00,1.808,1.812,1.808,1.812,306.01
2025-12-31 12:00:00+00:00,1.833,1.869,1.822,1.837,394.58
2025-12-31 16:00:00+00:00,1.806,1.806,1.761,1.789,1432.04
2025-12-31 20:00:00+00:00,1.79,1.805,1.79,1.805,8.13
2026-01-01 00:00:00+00:00,1.798,1.798,1.775,1.775,136.96
2026-01-01 04:00:00+00:00,1.783,1.783,1.774,1.783,905.32
2026-01-01 08:00:00+00:00,1.79,1.814,1.783,1.814,168.29
2026-01-01 12:00:00+00:00,1.82,1.918,1.817,1.858,1167.42
2026-01-01 16:00:00+00:00,1.915,1.995,1.89,1.995,461.37
2026-01-01 20:00:00+00:00,2.008,2.039,1.983,2.031,2248.62
2026-01-02 00:00:00+00:00,1.998,2.013,1.988,2.013,135.52
2026-01-02 04:00:00+00:00,2.013,2.013,1.98,2.011,337.68
2026-01-02 08:00:00+00:00,1.986,2.013,1.976,1.983,249.62
2026-01-02 12:00:00+00:00,2.003,2.014,1.983,1.999,2847.05
2026-01-02 16:00:00+00:00,2.04,2.11,1.999,2.11,2839.03
2026-01-02 20:00:00+00:00,2.11,2.163,2.079,2.163,1695.38
2026-01-03 00:00:00+00:00,2.168,2.216,2.134,2.166,1405.15
2026-01-03 04:00:00+00:00,2.169,2.173,2.112,2.112,462.44
2026-01-03 08:00:00+00:00,2.113,2.113,2.112,2.112,86.54
2026-01-03 12:00:00+00:00,2.112,2.139,2.112,2.133,76.62
2026-01-03 16:00:00+00:00,2.142,2.142,2.116,2.141,61.31
2026-01-03 20:00:00+00:00,2.117,2.142,2.109,2.113,148.61
2026-01-04 00:00:00+00:00,2.128,2.142,2.111,2.138,93.16
2026-01-04 04:00:00+00:00,2.142,2.156,2.126,2.126,327.34
2026-01-04 08:00:00+00:00,2.14,2.156,2.119,2.156,1339.55
2026-01-04 12:00:00+00:00,2.157,2.174,2.142,2.158,110.49
2026-01-04 16:00:00+00:00,2.166,2.174,2.126,2.126,264.7
2026-01-04 20:00:00+00:00,2.111,2.157,2.111,2.157,174.71
2026-01-05 00:00:00+00:00,2.157,2.172,2.113,2.172,256.54
2026-01-05 04:00:00+00:00,2.17,2.173,2.114,2.142,555.43
2026-01-05 08:00:00+00:00,2.126,2.139,2.101,2.101,292.45
2026-01-05 12:00:00+00:00,2.125,2.19,2.125,2.179,367.58
2026-01-05 16:00:00+00:00,2.2,2.216,2.158,2.175,1022.49
2026-01-05 20:00:00+00:00,2.178,2.237,2.175,2.184,3767.31
2026-01-06 00:00:00+00:00,2.211,2.237,2.179,2.179,601.67
2026-01-06 04:00:00+00:00,2.187,2.24,2.183,2.183,372.87
2026-01-06 08:00:00+00:00,2.179,2.235,2.179,2.235,20.88
2026-01-06 12:00:00+00:00,2.237,2.26,2.176,2.176,523.47
2026-01-06 16:00:00+00:00,2.176,2.204,2.119,2.152,2955.38
2026-01-06 20:00:00+00:00,2.146,2.237,1.736,2.237,3067.64
2026-01-07 00:00:00+00:00,2.206,2.221,2.177,2.177,176.14
2026-01-07 04:00:00+00:00,2.2,2.222,2.179,2.222,745.54
2026-01-07 08:00:00+00:00,2.239,2.241,2.177,2.204,348.81
2026-01-07 12:00:00+00:00,2.198,2.198,2.142,2.142,887.58
2026-01-07 16:00:00+00:00,2.152,2.162,2.142,2.157,173.14
2026-01-07 20:00:00+00:00,2.142,2.152,2.126,2.152,403.23
2026-01-08 00:00:00+00:00,2.157,2.157,2.114,2.114,1201.4
2026-01-08 04:00:00+00:00,2.114,2.154,2.094,2.126,3202.01
2026-01-08 08:00:00+00:00,2.141,2.141,2.081,2.126,100.88
2026-01-08 12:00:00+00:00,2.111,2.158,2.094,2.127,220.18
2026-01-08 16:00:00+00:00,2.158,2.162,2.114,2.114,117.54
2026-01-08 20:00:00+00:00,2.111,2.126,2.103,2.111,306.04
2026-01-09 00:00:00+00:00,2.11,2.12,2.094,2.097,93.23
2026-01-09 04:00:00+00:00,2.118,2.118,2.098,2.116,5.19
2026-01-09 08:00:00+00:00,2.115,2.115,2.062,2.092,372.43
2026-01-09 12:00:00+00:00,2.063,2.126,2.05,2.094,1118.03
2026-01-09 16:00:00+00:00,2.109,2.141,2.073,2.073,581.0
2026-01-09 20:00:00+00:00,2.093,2.109,2.066,2.078,361.47
2026-01-10 00:00:00+00:00,2.078,2.088,2.078,2.088,499.09
2026-01-10 04:00:00+00:00,2.088,2.11,2.07,2.11,73.5
2026-01-10 08:00:00+00:00,2.097,2.109,2.094,2.109,194.95
2026-01-10 12:00:00+00:00,2.11,2.135,2.095,2.095,113.18
2026-01-10 16:00:00+00:00,2.098,2.125,1.998,2.124,7165.2
2026-01-10 20:00:00+00:00,2.126,2.135,2.078,2.107,579.29
2026-01-11 00:00:00+00:00,2.079,2.108,2.079,2.103,63.99
2026-01-11 04:00:00+00:00,2.1,2.125,2.078,2.125,1712.22
2026-01-11 08:00:00+00:00,2.125,2.125,2.125,2.125,236.24
2026-01-11 12:00:00+00:00,2.125,2.128,2.063,2.063,1340.31
2026-01-11 16:00:00+00:00,2.093,2.122,2.079,2.079,231.04
2026-01-11 20:00:00+00:00,2.078,2.078,2.036,2.062,190.12
2026-01-12 00:00:00+00:00,2.073,2.148,2.062,2.148,498.63
2026-01-12 04:00:00+00:00,2.15,2.15,2.073,2.093,521.37
2026-01-12 08:00:00+00:00,2.062,2.062,2.036,2.061,47.56
2026-01-12 12:00:00+00:00,2.057,2.078,2.035,2.078,457.77
2026-01-12 16:00:00+00:00,2.091,2.11,2.06,2.087,1967.48
2026-01-12 20:00:00+00:00,2.062,2.062,2.036,2.036,47.15
2026-01-13 00:00:00+00:00,2.062,2.094,2.049,2.062,339.34
2026-01-13 04:00:00+00:00,2.077,2.108,2.064,2.108,1205.31
2026-01-13 08:00:00+00:00,2.108,2.108,2.108,2.108,0.0
2026-01-13 12:00:00+00:00,2.108,2.247,2.108,2.245,2157.77
2026-01-13 16:00:00+00:00,2.248,2.346,2.216,2.252,2865.39
2026-01-13 20:00:00+00:00,2.253,2.329,2.219,2.297,2005.74
2026-01-14 00:00:00+00:00,2.272,2.3,2.27,2.273,954.34
2026-01-14 04:00:00+00:00,2.284,2.301,2.255,2.301,1316.28
2026-01-14 08:00:00+00:00,2.272,2.286,2.255,2.255,227.13
2026-01-14 12:00:00+00:00,2.254,2.301,2.241,2.292,1627.79
2026-01-14 16:00:00+00:00,2.256,2.256,2.2,2.252,820.0
2026-01-14 20:00:00+00:00,2.251,2.252,2.222,2.222,528.59
2026-01-15 00:00:00+00:00,2.236,2.237,2.164,2.192,1214.72
2026-01-15 04:00:00+00:00,2.189,2.19,2.189,2.19,73.48
2026-01-15 08:00:00+00:00,2.178,2.216,2.178,2.216,148.1
2026-01-15 12:00:00+00:00,2.214,2.237,2.142,2.173,976.56
2026-01-15 16:00:00+00:00,2.158,2.158,2.103,2.116,1648.72
2026-01-15 20:00:00+00:00,2.123,2.131,2.096,2.124,1549.31
2026-01-16 00:00:00+00:00,2.124,2.126,2.12,2.126,220.19
2026-01-16 04:00:00+00:00,2.113,2.144,2.073,2.127,756.65
2026-01-16 08:00:00+00:00,2.15,2.151,2.126,2.126,376.37
2026-01-16 12:00:00+00:00,2.14,2.14,2.044,2.063,3667.48
2026-01-16 16:00:00+00:00,2.075,2.094,2.062,2.094,249.89
2026-01-16 20:00:00+00:00,2.105,2.132,2.096,2.096,1449.43
2026-01-17 00:00:00+00:00,2.12,2.126,2.097,2.126,202.69
2026-01-17 04:00:00+00:00,2.135,2.151,2.135,2.151,199.44
2026-01-17 08:00:00+00:00,2.158,2.234,2.142,2.194,819.85
2026-01-17 12:00:00+00:00,2.231,2.231,2.175,2.185,60.59
2026-01-17 16:00:00+00:00,2.231,2.231,2.217,2.217,349.46
2026-01-17 20:00:00+00:00,2.175,2.234,2.175,2.234,818.97
2026-01-18 00:00:00+00:00,2.217,2.217,2.159,2.159,359.61
2026-01-18 04:00:00+00:00,2.158,2.158,2.146,2.146,128.08
2026-01-18 08:00:00+00:00,2.169,2.169,2.143,2.143,82.3
2026-01-18 12:00:00+00:00,2.168,2.168,2.136,2.158,181.37
2026-01-18 16:00:00+00:00,2.168,2.189,2.168,2.189,230.04
2026-01-18 20:00:00+00:00,2.19,2.19,2.06,2.06,910.2
2026-01-19 00:00:00+00:00,2.06,2.06,1.856,1.978,7224.25
2026-01-19 04:00:00+00:00,1.978,1.981,1.962,1.962,371.37
2026-01-19 08:00:00+00:00,1.982,1.996,1.972,1.996,46.3
2026-01-19 12:00:00+00:00,1.995,2.0,1.965,1.976,147.89
2026-01-19 16:00:00+00:00,1.998,2.059,1.996,2.059,657.37
2026-01-19 20:00:00+00:00,2.061,2.061,2.011,2.03,330.62
2026-01-20 00:00:00+00:00,2.042,2.046,2.03,2.041,404.67
2026-01-20 04:00:00+00:00,2.039,2.046,1.983,1.983,607.17
2026-01-20 08:00:00+00:00,1.982,1.995,1.966,1.966,113.46
2026-01-20 12:00:00+00:00,1.979,1.979,1.937,1.937,767.17
2026-01-20 16:00:00+00:00,1.934,1.934,1.901,1.913,492.15
2026-01-20 20:00:00+00:00,1.918,1.932,1.892,1.892,609.37
2026-01-21 00:00:00+00:00,1.93,1.95,1.93,1.95,16.19
2026-01-21 04:00:00+00:00,1.951,1.96,1.95,1.96,35.28
2026-01-21 08:00:00+00:00,1.934,1.934,1.922,1.922,19.7
2026-01-21 12:00:00+00:00,1.918,1.981,1.892,1.981,419.06
2026-01-21 16:00:00+00:00,1.951,1.99,1.881,1.99,1029.0
2026-01-21 20:00:00+00:00,1.991,1.997,1.941,1.941,242.21
2026-01-22 00:00:00+00:00,1.965,1.987,1.965,1.984,58.91
2026-01-22 04:00:00+00:00,1.978,1.982,1.941,1.96,74.23
2026-01-22 08:00:00+00:00,1.965,1.965,1.945,1.945,125.76
2026-01-22 12:00:00+00:00,1.957,1.957,1.918,1.933,290.99
2026-01-22 16:00:00+00:00,1.928,1.949,1.919,1.919,266.46
2026-01-22 20:00:00+00:00,1.939,1.939,1.919,1.931,785.82
2026-01-23 00:00:00+00:00,1.948,1.982,1.948,1.954,2575.3
2026-01-23 04:00:00+00:00,1.98,1.981,1.95,1.961,512.23
2026-01-23 08:00:00+00:00,1.934,1.947,1.923,1.946,27.0
2026-01-23 12:00:00+00:00,1.95,1.961,1.906,1.942,105.25
2026-01-23 16:00:00+00:00,1.933,1.981,1.925,1.925,395.92
2026-01-23 20:00:00+00:00,1.918,1.929,1.908,1.929,1708.99
2026-01-24 00:00:00+00:00,1.93,1.947,1.921,1.921,134.69
2026-01-24 04:00:00+00:00,1.921,1.921,1.921,1.921,0.0
2026-01-24 08:00:00+00:00,1.921,1.924,1.921,1.924,74.91
2026-01-24 12:00:00+00:00,1.938,1.938,1.896,1.896,434.1
2026-01-24 16:00:00+00:00,1.917,1.919,1.903,1.903,125.01
2026-01-24 20:00:00+00:00,1.934,1.936,1.934,1.936,2.59
2026-01-25 00:00:00+00:00,1.922,1.924,1.909,1.909,187.52
2026-01-25 04:00:00+00:00,1.922,1.922,1.902,1.902,78.69
2026-01-25 08:00:00+00:00,1.89,1.917,1.886,1.917,179.02
2026-01-25 12:00:00+00:00,1.917,1.917,1.883,1.884,185.64
2026-01-25 16:00:00+00:00,1.883,1.883,1.788,1.788,5497.87
2026-01-25 20:00:00+00:00,1.806,1.835,1.793,1.835,478.34
2026-01-26 00:00:00+00:00,1.839,1.851,1.839,1.85,2196.43
2026-01-26 04:00:00+00:00,1.863,1.863,1.863,1.863,2.67
2026-01-26 08:00:00+00:00,1.866,1.867,1.828,1.867,105.83
2026-01-26 12:00:00+00:00,1.872,1.901,1.827,1.842,440.13
2026-01-26 16:00:00+00:00,1.88,1.901,1.836,1.87,921.99
2026-01-26 20:00:00+00:00,1.884,1.886,1.884,1.886,142.29
2026-01-27 00:00:00+00:00,1.872,1.885,1.837,1.881,721.49
2026-01-27 04:00:00+00:00,1.856,1.859,1.856,1.859,17.58
2026-01-27 08:00:00+00:00,1.876,1.876,1.863,1.863,84.75
2026-01-27 12:00:00+00:00,1.85,1.874,1.824,1.836,764.76
2026-01-27 16:00:00+00:00,1.868,1.883,1.834,1.85,531.03
2026-01-27 20:00:00+00:00,1.884,1.899,1.871,1.875,420.77
2026-01-28 00:00:00+00:00,1.871,1.88,1.87,1.875,166.92
2026-01-28 04:00:00+00:00,1.869,1.877,1.846,1.866,1050.88
2026-01-28 08:00:00+00:00,1.871,1.892,1.871,1.892,175.42
2026-01-28 12:00:00+00:00,1.895,1.901,1.839,1.849,456.06
2026-01-28 16:00:00+00:00,1.856,1.857,1.841,1.845,571.13
2026-01-28 20:00:00+00:00,1.854,1.886,1.822,1.886,1618.04
2026-01-29 00:00:00+00:00,1.871,1.882,1.8,1.82,5582.11
2026-01-29 04:00:00+00:00,1.811,1.833,1.808,1.811,728.18
2026-01-29 08:00:00+00:00,1.81,1.818,1.79,1.79,339.85
2026-01-29 12:00:00+00:00,1.793,1.802,1.712,1.729,1605.01
2026-01-29 16:00:00+00:00,1.749,1.751,1.7,1.75,2114.86
2026-01-29 20:00:00+00:00,1.724,1.763,1.719,1.73,211.71
2026-01-30 00:00:00+00:00,1.746,1.746,1.679,1.694,1106.76
2026-01-30 04:00:00+00:00,1.712,1.714,1.678,1.714,464.31
2026-01-30 08:00:00+00:00,1.72,1.725,1.68,1.709,295.48
2026-01-30 12:00:00+00:00,1.705,1.722,1.669,1.669,620.46
2026-01-30 16:00:00+00:00,1.683,1.725,1.657,1.666,991.88
2026-01-30 20:00:00+00:00,1.704,1.704,1.691,1.691,31.17
2026-01-31 00:00:00+00:00,1.706,1.706,1.668,1.668,74.08
2026-01-31 04:00:00+00:00,1.69,1.69,1.635,1.651,396.56
2026-01-31 08:00:00+00:00,1.633,1.652,1.616,1.616,581.87
2026-01-31 12:00:00+00:00,1.64,1.64,1.542,1.592,1596.19
2026-01-31 16:00:00+00:00,1.592,1.592,1.416,1.5,9011.74
2026-01-31 20:00:00+00:00,1.505,1.551,1.483,1.551,738.12
2026-02-01 00:00:00+00:00,1.492,1.562,1.492,1.56,32.98
2026-02-01 04:00:00+00:00,1.558,1.558,1.556,1.556,7.71
2026-02-01 08:00:00+00:00,1.533,1.551,1.533,1.548,103.8
2026-02-01 12:00:00+00:00,1.554,1.554,1.477,1.485,486.23
2026-02-01 16:00:00+00:00,1.529,1.539,1.451,1.492,81.57
2026-02-01 20:00:00+00:00,1.472,1.548,1.461,1.497,441.01
2026-02-02 00:00:00+00:00,1.501,1.556,1.46,1.491,1127.04
2026-02-02 04:00:00+00:00,1.522,1.522,1.476,1.476,240.55
2026-02-02 08:00:00+00:00,1.527,1.527,1.527,1.527,6.55
2026-02-02 12:00:00+00:00,1.507,1.581,1.506,1.561,673.51
2026-02-02 16:00:00+00:00,1.574,1.574,1.574,1.574,12.67
2026-02-02 20:00:00+00:00,1.571,1.574,1.521,1.527,161.53
2026-02-03 00:00:00+00:00,1.575,1.575,1.511,1.521,776.89
2026-02-03 04:00:00+00:00,1.549,1.575,1.523,1.561,177.02
2026-02-03 08:00:00+00:00,1.512,1.512,1.511,1.511,86.11
2026-02-03 12:00:00+00:00,1.547,1.547,1.511,1.511,189.69
2026-02-03 16:00:00+00:00,1.51,1.511,1.434,1.48,3749.94
2026-02-03 20:00:00+00:00,1.436,1.569,1.436,1.483,1669.27
2026-02-04 00:00:00+00:00,1.501,1.516,1.501,1.515,60.38
2026-02-04 04:00:00+00:00,1.545,1.548,1.53,1.548,33.32
2026-02-04 08:00:00+00:00,1.503,1.51,1.482,1.482,346.4
2026-02-04 12:00:00+00:00,1.482,1.482,1.436,1.461,983.06
2026-02-04 16:00:00+00:00,1.456,1.479,1.426,1.479,3874.19
2026-02-04 20:00:00+00:00,1.483,1.492,1.439,1.462,1034.02
2026-02-05 00:00:00+00:00,1.464,1.48,1.443,1.443,3278.07
2026-02-05 04:00:00+00:00,1.439,1.439,1.42,1.42,2663.97
2026-02-05 08:00:00+00:00,1.42,1.43,1.344,1.393,2167.53
2026-02-05 12:00:00+00:00,1.392,1.408,1.255,1.345,2776.93
2026-02-05 16:00:00+00:00,1.328,1.357,1.296,1.31,2557.88
2026-02-05 20:00:00+00:00,1.296,1.296,1.236,1.244,3457.06
2026-02-06 00:00:00+00:00,1.263,1.279,1.111,1.26,16090.91
2026-02-06 04:00:00+00:00,1.242,1.303,1.239,1.282,1014.18
2026-02-06 08:00:00+00:00,1.292,1.319,1.274,1.311,371.25
2026-02-06 12:00:00+00:00,1.332,1.357,1.332,1.357,131.73
2026-02-06 16:00:00+00:00,1.356,1.4,1.327,1.368,7178.02
2026-02-06 20:00:00+00:00,1.368,1.41,1.345,1.38,5013.21
2026-02-07 00:00:00+00:00,1.357,1.38,1.347,1.38,927.06
2026-02-07 04:00:00+00:00,1.382,1.402,1.328,1.337,570.97
2026-02-07 08:00:00+00:00,1.361,1.361,1.313,1.344,326.46
2026-02-07 12:00:00+00:00,1.366,1.367,1.336,1.363,137.44
2026-02-07 16:00:00+00:00,1.389,1.393,1.353,1.388,1937.11
2026-02-07 20:00:00+00:00,1.381,1.41,1.318,1.318,4281.34
2026-02-08 00:00:00+00:00,1.384,1.384,1.346,1.376,172.56
2026-02-08 04:00:00+00:00,1.359,1.364,1.346,1.346,232.93
2026-02-08 08:00:00+00:00,1.374,1.38,1.322,1.36,194.83
2026-02-08 12:00:00+00:00,1.372,1.372,1.36,1.36,431.29
2026-02-08 16:00:00+00:00,1.356,1.356,1.356,1.356,145.67
2026-02-08 20:00:00+00:00,1.34,1.364,1.313,1.337,3481.18
2026-02-09 00:00:00+00:00,1.355,1.355,1.34,1.35,3364.82
2026-02-09 04:00:00+00:00,1.364,1.364,1.312,1.322,373.35
2026-02-09 08:00:00+00:00,1.312,1.316,1.267,1.29,3713.62
2026-02-09 12:00:00+00:00,1.298,1.313,1.295,1.313,5220.06
2026-02-09 16:00:00+00:00,1.305,1.344,1.302,1.302,2567.02
2026-02-09 20:00:00+00:00,1.328,1.328,1.328,1.328,376.17
2026-02-10 00:00:00+00:00,1.326,1.34,1.292,1.296,490.84
2026-02-10 04:00:00+00:00,1.295,1.295,1.283,1.283,3169.31
2026-02-10 08:00:00+00:00,1.284,1.284,1.271,1.279,3258.48
2026-02-10 12:00:00+00:00,1.276,1.301,1.27,1.301,317.49
2026-02-10 16:00:00+00:00,1.284,1.285,1.269,1.274,582.76
2026-02-10 20:00:00+00:00,1.277,1.286,1.277,1.286,122.53
2026-02-11 00:00:00+00:00,1.286,1.286,1.286,1.286,16.16
2026-02-11 04:00:00+00:00,1.266,1.266,1.242,1.242,968.84
2026-02-11 08:00:00+00:00,1.235,1.259,1.227,1.249,225.77
2026-02-11 12:00:00+00:00,1.239,1.295,1.234,1.234,992.09
2026-02-11 16:00:00+00:00,1.239,1.26,1.239,1.26,262.29
2026-02-11 20:00:00+00:00,1.271,1.28,1.252,1.252,107.24
2026-02-12 00:00:00+00:00,1.251,1.281,1.251,1.281,1424.42
2026-02-12 04:00:00+00:00,1.283,1.292,1.268,1.289,614.52
2026-02-12 08:00:00+00:00,1.301,1.307,1.274,1.274,338.55
2026-02-12 12:00:00+00:00,1.291,1.307,1.28,1.28,981.09
2026-02-12 16:00:00+00:00,1.264,1.286,1.255,1.286,504.29
2026-02-12 20:00:00+00:00,1.262,1.262,1.262,1.262,75.63
2026-02-13 00:00:00+00:00,1.277,1.277,1.272,1.275,69.0
2026-02-13 04:00:00+00:00,1.268,1.287,1.266,1.287,404.14
2026-02-13 08:00:00+00:00,1.264,1.264,1.254,1.254,18.93
2026-02-13 12:00:00+00:00,1.264,1.312,1.259,1.312,191.5
2026-02-13 16:00:00+00:00,1.304,1.338,1.304,1.309,720.61
2026-02-13 20:00:00+00:00,1.332,1.332,1.305,1.305,30.87
2026-02-14 00:00:00+00:00,1.357,1.357,1.319,1.319,597.14
2026-02-14 04:00:00+00:00,1.348,1.354,1.305,1.338,60.94
2026-02-14 08:00:00+00:00,1.36,1.377,1.341,1.369,343.62
2026-02-14 12:00:00+00:00,1.374,1.392,1.35,1.392,595.86
2026-02-14 16:00:00+00:00,1.403,1.43,1.358,1.43,1790.64
2026-02-14 20:00:00+00:00,1.388,1.436,1.388,1.436,646.79
2026-02-15 00:00:00+00:00,1.425,1.426,1.381,1.414,513.98
2026-02-15 04:00:00+00:00,1.42,1.436,1.42,1.436,86.64
2026-02-15 08:00:00+00:00,1.401,1.406,1.401,1.406,306.99
2026-02-15 12:00:00+00:00,1.433,1.433,1.351,1.379,906.37
2026-02-15 16:00:00+00:00,1.367,1.38,1.346,1.347,326.26
2026-02-15 20:00:00+00:00,1.356,1.38,1.352,1.38,63.91
2026-02-16 00:00:00+00:00,1.36,1.38,1.351,1.355,150.22
2026-02-16 04:00:00+00:00,1.368,1.369,1.35,1.356,254.45
2026-02-16 08:00:00+00:00,1.364,1.364,1.345,1.358,163.78
2026-02-16 12:00:00+00:00,1.339,1.387,1.339,1.346,774.83
2026-02-16 16:00:00+00:00,1.354,1.383,1.349,1.361,303.32
2026-02-16 20:00:00+00:00,1.378,1.378,1.378,1.378,2.06
2026-02-17 00:00:00+00:00,1.381,1.383,1.356,1.37,153.3
2026-02-17 04:00:00+00:00,1.367,1.383,1.367,1.376,101.05
2026-02-17 08:00:00+00:00,1.376,1.376,1.376,1.376,0.0
2026-02-17 12:00:00+00:00,1.33,1.376,1.33,1.374,481.59
2026-02-17 16:00:00+00:00,1.361,1.374,1.359,1.359,105.98
2026-02-17 20:00:00+00:00,1.367,1.367,1.346,1.353,1167.04
2026-02-18 00:00:00+00:00,1.357,1.357,1.346,1.348,132.74
2026-02-18 04:00:00+00:00,1.365,1.378,1.35,1.378,227.0
2026-02-18 08:00:00+00:00,1.384,1.385,1.342,1.342,1979.41
2026-02-18 12:00:00+00:00,1.383,1.383,1.328,1.358,189.43
2026-02-18 16:00:00+00:00,1.342,1.35,1.303,1.346,1295.44
2026-02-18 20:00:00+00:00,1.3,1.339,1.296,1.339,178.17
2026-02-19 00:00:00+00:00,1.326,1.326,1.296,1.326,112.55
2026-02-19 04:00:00+00:00,1.312,1.312,1.309,1.311,216.57
2026-02-19 08:00:00+00:00,1.3,1.3,1.284,1.284,211.28
2026-02-19 12:00:00+00:00,1.299,1.303,1.275,1.275,229.82
2026-02-19 16:00:00+00:00,1.27,1.291,1.262,1.266,814.14
2026-02-19 20:00:00+00:00,1.265,1.282,1.265,1.278,41.97
2026-02-20 00:00:00+00:00,1.292,1.292,1.292,1.292,44.15
2026-02-20 04:00:00+00:00,1.29,1.299,1.28,1.28,741.86
2026-02-20 08:00:00+00:00,1.284,1.312,1.284,1.297,369.7
2026-02-20 12:00:00+00:00,1.292,1.334,1.283,1.334,746.53
2026-02-20 16:00:00+00:00,1.36,1.36,1.32,1.338,938.19
2026-02-20 20:00:00+00:00,1.338,1.354,1.333,1.333,182.17
2026-02-21 00:00:00+00:00,1.337,1.337,1.329,1.329,153.89
2026-02-21 04:00:00+00:00,1.36,1.365,1.36,1.365,160.28
2026-02-21 08:00:00+00:00,1.382,1.4,1.354,1.388,1902.73
2026-02-21 12:00:00+00:00,1.388,1.39,1.366,1.384,91.75
2026-02-21 16:00:00+00:00,1.366,1.375,1.355,1.367,388.02
2026-02-21 20:00:00+00:00,1.355,1.366,1.352,1.36,83.26
2026-02-22 00:00:00+00:00,1.361,1.371,1.347,1.351,201.28
2026-02-22 04:00:00+00:00,1.35,1.353,1.336,1.353,338.44
2026-02-22 08:00:00+00:00,1.333,1.363,1.329,1.331,172.63
2026-02-22 12:00:00+00:00,1.328,1.36,1.312,1.333,322.18
2026-02-22 16:00:00+00:00,1.318,1.335,1.309,1.309,200.76
2026-02-22 20:00:00+00:00,1.304,1.304,1.303,1.303,112.44
2026-02-23 00:00:00+00:00,1.3,1.302,1.238,1.25,1688.71
2026-02-23 04:00:00+00:00,1.262,1.288,1.262,1.288,158.14
2026-02-23 08:00:00+00:00,1.273,1.309,1.273,1.309,10.47
2026-02-23 12:00:00+00:00,1.303,1.312,1.283,1.283,322.34
2026-02-23 16:00:00+00:00,1.28,1.281,1.263,1.271,527.19
2026-02-23 20:00:00+00:00,1.257,1.27,1.257,1.27,347.23
2026-02-24 00:00:00+00:00,1.275,1.284,1.258,1.258,1224.96
2026-02-24 04:00:00+00:00,1.255,1.255,1.244,1.246,620.3
2026-02-24 08:00:00+00:00,1.258,1.258,1.258,1.258,93.87
2026-02-24 12:00:00+00:00,1.244,1.245,1.227,1.245,949.71
2026-02-24 16:00:00+00:00,1.259,1.261,1.227,1.247,362.11
2026-02-24 20:00:00+00:00,1.248,1.271,1.237,1.271,869.96
2026-02-25 00:00:00+00:00,1.237,1.306,1.237,1.271,1217.02
2026-02-25 04:00:00+00:00,1.275,1.329,1.25,1.27,11551.41
2026-02-25 08:00:00+00:00,1.292,1.387,1.282,1.387,3090.54
2026-02-25 12:00:00+00:00,1.398,1.553,1.377,1.507,2034.34
2026-02-25 16:00:00+00:00,1.524,1.625,1.507,1.625,4414.7
2026-02-25 20:00:00+00:00,1.64,1.742,1.607,1.639,8717.71
2026-02-26 00:00:00+00:00,1.668,1.69,1.615,1.625,1913.1
2026-02-26 04:00:00+00:00,1.6,1.612,1.57,1.612,491.74
2026-02-26 08:00:00+00:00,1.585,1.629,1.585,1.62,596.48
2026-02-26 12:00:00+00:00,1.622,1.63,1.571,1.602,756.66
2026-02-26 16:00:00+00:00,1.609,1.609,1.512,1.583,654.49
2026-02-26 20:00:00+00:00,1.563,1.645,1.563,1.643,491.66
2026-02-27 00:00:00+00:00,1.612,1.665,1.583,1.654,4076.25
2026-02-27 04:00:00+00:00,1.642,1.679,1.589,1.604,1418.45
2026-02-27 08:00:00+00:00,1.608,1.61,1.568,1.568,346.19
2026-02-27 12:00:00+00:00,1.552,1.594,1.546,1.56,356.5
2026-02-27 16:00:00+00:00,1.576,1.646,1.551,1.634,555.59
2026-02-27 20:00:00+00:00,1.615,1.649,1.585,1.603,918.76
2026-02-28 00:00:00+00:00,1.604,1.626,1.58,1.594,1978.31
2026-02-28 04:00:00+00:00,1.57,1.57,1.487,1.523,2563.46
2026-02-28 08:00:00+00:00,1.487,1.507,1.459,1.459,1009.97
2026-02-28 12:00:00+00:00,1.484,1.534,1.458,1.499,7579.14
2026-02-28 16:00:00+00:00,1.521,1.648,1.521,1.598,6953.05
2026-02-28 20:00:00+00:00,1.598,1.677,1.598,1.675,788.59
2026-03-01 00:00:00+00:00,1.675,1.679,1.614,1.639,10085.71
2026-03-01 04:00:00+00:00,1.612,1.63,1.575,1.628,4947.06
2026-03-01 08:00:00+00:00,1.578,1.578,1.57,1.577,210.52
2026-03-01 12:00:00+00:00,1.544,1.569,1.541,1.541,5077.95
2026-03-01 16:00:00+00:00,1.556,1.556,1.525,1.546,8788.09
2026-03-01 20:00:00+00:00,1.515,1.543,1.49,1.538,684.13
2026-03-02 00:00:00+00:00,1.542,1.591,1.542,1.584,4869.77
2026-03-02 04:00:00+00:00,1.565,1.573,1.511,1.511,552.94
2026-03-02 08:00:00+00:00,1.501,1.501,1.501,1.501,38.99
2026-03-02 12:00:00+00:00,1.518,1.587,1.505,1.587,10271.88
2026-03-02 16:00:00+00:00,1.608,1.608,1.527,1.527,1217.78
2026-03-02 20:00:00+00:00,1.533,1.541,1.511,1.511,1124.33
2026-03-03 00:00:00+00:00,1.527,1.527,1.491,1.493,13172.43
2026-03-03 04:00:00+00:00,1.485,1.513,1.485,1.498,5016.77
2026-03-03 08:00:00+00:00,1.51,1.51,1.462,1.49,12310.25
2026-03-03 12:00:00+00:00,1.496,1.526,1.494,1.494,1500.1
2026-03-03 16:00:00+00:00,1.527,1.555,1.495,1.555,715.33
2026-03-03 20:00:00+00:00,1.539,1.554,1.505,1.538,5720.25
2026-03-04 00:00:00+00:00,1.533,1.554,1.533,1.554,70.51
2026-03-04 04:00:00+00:00,1.515,1.551,1.512,1.529,9536.2
2026-03-04 08:00:00+00:00,1.547,1.573,1.517,1.542,5071.14
2026-03-04 12:00:00+00:00,1.513,1.55,1.511,1.55,1521.46
2026-03-04 16:00:00+00:00,1.555,1.563,1.527,1.562,6183.56
2026-03-04 20:00:00+00:00,1.548,1.548,1.516,1.54,5427.39
2026-03-05 00:00:00+00:00,1.525,1.567,1.514,1.515,1154.13
2026-03-05 04:00:00+00:00,1.543,1.565,1.511,1.511,2274.82
2026-03-05 08:00:00+00:00,1.503,1.54,1.502,1.54,289.05
2026-03-05 12:00:00+00:00,1.541,1.554,1.507,1.507,2108.1
2026-03-05 16:00:00+00:00,1.509,1.518,1.487,1.518,11084.78
2026-03-05 20:00:00+00:00,1.533,1.548,1.533,1.543,2294.14
2026-03-06 00:00:00+00:00,1.554,1.556,1.522,1.552,63.41
2026-03-06 04:00:00+00:00,1.528,1.551,1.516,1.545,428.54
2026-03-06 08:00:00+00:00,1.545,1.545,1.545,1.545,0.0
2026-03-06 12:00:00+00:00,1.487,1.505,1.477,1.477,5174.41
2026-03-06 16:00:00+00:00,1.472,1.495,1.46,1.491,5561.44
2026-03-06 20:00:00+00:00,1.488,1.525,1.471,1.5,3568.11
2026-03-07 00:00:00+00:00,1.493,1.526,1.474,1.499,13676.68
2026-03-07 04:00:00+00:00,1.494,1.514,1.494,1.499,33.76
2026-03-07 08:00:00+00:00,1.483,1.489,1.47,1.47,53.77
2026-03-07 12:00:00+00:00,1.457,1.517,1.457,1.477,871.54
2026-03-07 16:00:00+00:00,1.477,1.477,1.441,1.441,388.94
2026-03-07 20:00:00+00:00,1.483,1.484,1.433,1.433,115.62
2026-03-08 00:00:00+00:00,1.462,1.462,1.44,1.445,192.76
2026-03-08 04:00:00+00:00,1.445,1.476,1.445,1.447,168.63
2026-03-08 08:00:00+00:00,1.433,1.458,1.433,1.458,76.4
2026-03-08 12:00:00+00:00,1.471,1.492,1.445,1.445,232.45
2026-03-08 16:00:00+00:00,1.445,1.473,1.444,1.473,167.22
2026-03-08 20:00:00+00:00,1.46,1.476,1.426,1.447,18873.38
2026-03-09 00:00:00+00:00,1.464,1.496,1.459,1.49,5617.54
2026-03-09 04:00:00+00:00,1.459,1.526,1.459,1.5,1272.51
2026-03-09 08:00:00+00:00,1.486,1.488,1.472,1.482,230.09
2026-03-09 12:00:00+00:00,1.466,1.525,1.46,1.46,583.47
2026-03-09 16:00:00+00:00,1.502,1.552,1.481,1.51,5240.15
2026-03-09 20:00:00+00:00,1.504,1.54,1.486,1.497,769.18
2026-03-10 00:00:00+00:00,1.497,1.532,1.47,1.519,5988.42
2026-03-10 04:00:00+00:00,1.516,1.544,1.513,1.532,9578.71
2026-03-10 08:00:00+00:00,1.524,1.534,1.513,1.518,422.79
2026-03-10 12:00:00+00:00,1.523,1.546,1.5,1.532,1691.8
2026-03-10 16:00:00+00:00,1.533,1.541,1.486,1.492,729.55
2026-03-10 20:00:00+00:00,1.485,1.502,1.482,1.484,256.98
2026-03-11 00:00:00+00:00,1.485,1.492,1.475,1.492,1240.09
2026-03-11 04:00:00+00:00,1.507,1.507,1.488,1.495,1082.04
2026-03-11 08:00:00+00:00,1.489,1.489,1.489,1.489,17.04
2026-03-11 12:00:00+00:00,1.512,1.549,1.503,1.534,1530.21
2026-03-11 16:00:00+00:00,1.527,1.555,1.506,1.553,280.59
2026-03-11 20:00:00+00:00,1.539,1.539,1.519,1.523,1402.24
2026-03-12 00:00:00+00:00,1.516,1.55,1.499,1.499,392.59
2026-03-12 04:00:00+00:00,1.507,1.507,1.488,1.501,4529.09
2026-03-12 08:00:00+00:00,1.489,1.53,1.489,1.514,245.93
2026-03-12 12:00:00+00:00,1.501,1.509,1.487,1.508,4744.88
2026-03-12 16:00:00+00:00,1.505,1.508,1.484,1.506,434.46
2026-03-12 20:00:00+00:00,1.486,1.52,1.483,1.52,89.08
2026-03-13 00:00:00+00:00,1.526,1.547,1.526,1.533,804.24
2026-03-13 04:00:00+00:00,1.525,1.549,1.505,1.505,6715.82
2026-03-13 08:00:00+00:00,1.501,1.523,1.501,1.523,356.72
2026-03-13 12:00:00+00:00,1.53,1.548,1.501,1.501,622.57
2026-03-13 16:00:00+00:00,1.51,1.51,1.473,1.478,5815.46
2026-03-13 20:00:00+00:00,1.47,1.47,1.454,1.454,1931.73
2026-03-14 00:00:00+00:00,1.449,1.464,1.44,1.444,1424.74
2026-03-14 04:00:00+00:00,1.444,1.466,1.439,1.455,609.85
2026-03-14 08:00:00+00:00,1.431,1.431,1.43,1.43,206.03
2026-03-14 12:00:00+00:00,1.431,1.443,1.426,1.426,300.32
2026-03-14 16:00:00+00:00,1.457,1.457,1.42,1.423,183.02
2026-03-14 20:00:00+00:00,1.413,1.44,1.409,1.411,2385.01
2026-03-15 00:00:00+00:00,1.414,1.416,1.4,1.415,3401.79
2026-03-15 04:00:00+00:00,1.415,1.431,1.415,1.431,173.14
2026-03-15 08:00:00+00:00,1.426,1.436,1.426,1.436,30.74
2026-03-15 12:00:00+00:00,1.424,1.424,1.424,1.424,7.25
2026-03-15 16:00:00+00:00,1.426,1.454,1.402,1.435,95.64
2026-03-15 20:00:00+00:00,1.439,1.439,1.43,1.439,1102.72
2026-03-16 00:00:00+00:00,1.453,1.485,1.433,1.485,2807.97
2026-03-16 04:00:00+00:00,1.466,1.594,1.466,1.594,7142.15
2026-03-16 08:00:00+00:00,1.601,1.62,1.576,1.576,792.02
2026-03-16 12:00:00+00:00,1.598,1.617,1.556,1.556,353.28
2026-03-16 16:00:00+00:00,1.557,1.618,1.557,1.612,4320.97
2026-03-16 20:00:00+00:00,1.609,1.657,1.609,1.619,6230.12
2026-03-17 00:00:00+00:00,1.643,1.65,1.6,1.6,1131.26
2026-03-17 04:00:00+00:00,1.6,1.623,1.589,1.592,36.19
2026-03-17 08:00:00+00:00,1.629,1.639,1.599,1.601,224.33
2026-03-17 12:00:00+00:00,1.592,1.609,1.575,1.581,118.44
2026-03-17 16:00:00+00:00,1.597,1.607,1.597,1.602,21.06
2026-03-17 20:00:00+00:00,1.613,1.629,1.601,1.613,101.9
2026-03-18 00:00:00+00:00,1.607,1.65,1.607,1.65,210.42
2026-03-18 04:00:00+00:00,1.633,1.633,1.633,1.633,1.83
2026-03-18 08:00:00+00:00,1.627,1.637,1.6,1.6,159.94
2026-03-18 12:00:00+00:00,1.594,1.617,1.55,1.558,5598.78
2026-03-18 16:00:00+00:00,1.55,1.569,1.55,1.568,1164.35
2026-03-18 20:00:00+00:00,1.55,1.567,1.55,1.567,101.75
2026-03-19 00:00:00+00:00,1.565,1.565,1.565,1.565,2.54
2026-03-19 04:00:00+00:00,1.552,1.553,1.534,1.534,269.87
2026-03-19 08:00:00+00:00,1.538,1.549,1.524,1.549,216.43
2026-03-19 12:00:00+00:00,1.519,1.532,1.508,1.508,392.5
2026-03-19 16:00:00+00:00,1.508,1.533,1.496,1.514,167.03
2026-03-19 20:00:00+00:00,1.492,1.553,1.492,1.553,93.64
2026-03-20 00:00:00+00:00,1.531,1.541,1.531,1.541,182.99
2026-03-20 04:00:00+00:00,1.55,1.55,1.548,1.548,13.04
2026-03-20 08:00:00+00:00,1.527,1.542,1.52,1.537,256.13
2026-03-20 12:00:00+00:00,1.545,1.546,1.511,1.511,219.87
2026-03-20 16:00:00+00:00,1.526,1.527,1.526,1.527,69.39
2026-03-20 20:00:00+00:00,1.504,1.532,1.501,1.522,326.13
2026-03-21 00:00:00+00:00,1.512,1.527,1.502,1.504,107.57
2026-03-21 04:00:00+00:00,1.522,1.527,1.506,1.506,15.33
2026-03-21 08:00:00+00:00,1.495,1.506,1.487,1.487,4431.02
2026-03-21 12:00:00+00:00,1.502,1.504,1.486,1.486,234.41
2026-03-21 16:00:00+00:00,1.505,1.505,1.502,1.502,40.69
2026-03-21 20:00:00+00:00,1.489,1.49,1.461,1.461,1172.27
2026-03-22 00:00:00+00:00,1.46,1.502,1.457,1.472,188.39
2026-03-22 04:00:00+00:00,1.453,1.459,1.453,1.459,32.69
2026-03-22 08:00:00+00:00,1.449,1.449,1.439,1.441,275.21
2026-03-22 12:00:00+00:00,1.437,1.437,1.431,1.431,9.51
2026-03-22 16:00:00+00:00,1.436,1.437,1.422,1.422,442.29
2026-03-22 20:00:00+00:00,1.413,1.431,1.394,1.406,200.87
2026-03-23 00:00:00+00:00,1.427,1.436,1.427,1.435,181.18
2026-03-23 04:00:00+00:00,1.433,1.444,1.433,1.444,5.57
2026-03-23 08:00:00+00:00,1.42,1.489,1.409,1.46,1141.74
2026-03-23 12:00:00+00:00,1.47,1.47,1.453,1.453,233.87
2026-03-23 16:00:00+00:00,1.439,1.461,1.439,1.451,5220.07
2026-03-23 20:00:00+00:00,1.451,1.451,1.451,1.451,0.0
2026-03-24 00:00:00+00:00,1.497,1.557,1.406,1.406,5296.45
2026-03-24 04:00:00+00:00,1.418,1.518,1.418,1.423,187.49
2026-03-24 08:00:00+00:00,1.41,1.41,1.387,1.387,114.28
2026-03-24 12:00:00+00:00,1.409,1.409,1.385,1.385,378.93
