timestamp,open,high,low,close,volume
2025-03-24 16:00:00+00:00,2088.75,2098.02,2069.59,2088.92,99.2653
2025-03-24 20:00:00+00:00,2087.46,2095.01,2069.36,2082.94,72.0595
2025-03-25 00:00:00+00:00,2080.31,2098.23,2042.57,2042.62,30.3716
2025-03-25 04:00:00+00:00,2043.41,2063.92,2039.02,2054.8,4.7656
2025-03-25 08:00:00+00:00,2057.71,2074.61,2054.9,2070.24,122.3129
2025-03-25 12:00:00+00:00,2066.26,2079.27,2054.11,2069.58,99.7323
2025-03-25 16:00:00+00:00,2073.76,2080.58,2058.1,2078.8,19.336
2025-03-25 20:00:00+00:00,2078.18,2080.58,2055.07,2064.58,123.4918
2025-03-26 00:00:00+00:00,2064.89,2078.14,2044.92,2047.69,17.3446
2025-03-26 04:00:00+00:00,2048.58,2070.58,2048.58,2069.1,3.8303
2025-03-26 08:00:00+00:00,2069.55,2074.03,2059.58,2070.14,5.7467
2025-03-26 12:00:00+00:00,2067.93,2069.46,2007.73,2013.04,412.9071
2025-03-26 16:00:00+00:00,2011.88,2020.73,1984.47,2002.42,60.3283
2025-03-26 20:00:00+00:00,2004.82,2014.28,1995.34,2007.52,102.3155
2025-03-27 00:00:00+00:00,2008.45,2033.09,2006.36,2032.07,134.891
2025-03-27 04:00:00+00:00,2028.69,2030.12,2021.48,2026.08,3.9852
2025-03-27 08:00:00+00:00,2023.86,2033.61,2013.16,2015.14,10.0448
2025-03-27 12:00:00+00:00,2015.18,2024.4,1986.89,2007.51,122.9921
2025-03-27 16:00:00+00:00,2005.95,2013.42,1994.42,2004.56,14.2584
2025-03-27 20:00:00+00:00,2003.83,2017.68,2000.6,2002.0,47.3887
2025-03-28 00:00:00+00:00,2004.11,2015.47,1992.8,2002.07,171.0146
2025-03-28 04:00:00+00:00,2001.64,2004.34,1905.0,1911.05,115.6181
2025-03-28 08:00:00+00:00,1914.65,1920.19,1867.37,1900.26,125.9476
2025-03-28 12:00:00+00:00,1901.46,1901.61,1873.62,1873.62,366.6055
2025-03-28 16:00:00+00:00,1871.16,1883.67,1863.36,1871.49,233.5326
2025-03-28 20:00:00+00:00,1874.98,1900.0,1874.79,1895.89,21.9694
2025-03-29 00:00:00+00:00,1896.95,1912.0,1886.6,1900.54,120.7511
2025-03-29 04:00:00+00:00,1900.01,1902.37,1876.13,1876.13,2.1897
2025-03-29 08:00:00+00:00,1880.96,1884.81,1832.69,1839.45,21.382
2025-03-29 12:00:00+00:00,1842.51,1862.24,1835.32,1837.68,8.8216
2025-03-29 16:00:00+00:00,1838.51,1846.46,1799.06,1826.23,21.5257
2025-03-29 20:00:00+00:00,1819.98,1828.79,1813.56,1828.47,8.135
2025-03-30 00:00:00+00:00,1827.52,1842.8,1813.25,1834.62,7.4161
2025-03-30 04:00:00+00:00,1836.42,1844.72,1834.94,1838.67,191.1226
2025-03-30 08:00:00+00:00,1845.09,1847.7,1828.11,1833.68,56.3871
2025-03-30 12:00:00+00:00,1830.7,1835.61,1790.01,1813.6,20.0207
2025-03-30 16:00:00+00:00,1813.47,1830.96,1787.16,1813.41,37.8457
2025-03-30 20:00:00+00:00,1812.37,1819.9,1769.96,1804.35,35.1778
2025-03-31 00:00:00+00:00,1808.69,1822.66,1778.03,1798.35,28.7457
2025-03-31 04:00:00+00:00,1799.48,1812.78,1791.63,1791.63,9.3394
2025-03-31 08:00:00+00:00,1800.86,1817.47,1779.12,1813.83,14.5536
2025-03-31 12:00:00+00:00,1812.92,1850.86,1798.01,1845.21,177.9061
2025-03-31 16:00:00+00:00,1844.23,1846.86,1818.82,1828.66,91.8208
2025-03-31 20:00:00+00:00,1826.01,1832.36,1816.43,1827.07,85.5677
2025-04-01 00:00:00+00:00,1821.82,1840.0,1819.54,1835.0,99.3947
2025-04-01 04:00:00+00:00,1832.98,1864.19,1832.96,1858.48,80.9004
2025-04-01 08:00:00+00:00,1864.99,1890.0,1857.1,1860.35,57.0043
2025-04-01 12:00:00+00:00,1862.53,1925.0,1845.49,1921.48,79.8456
2025-04-01 16:00:00+00:00,1923.45,1923.45,1900.3,1907.15,269.334
2025-04-01 20:00:00+00:00,1905.26,1920.19,1897.61,1905.35,10.489
2025-04-02 00:00:00+00:00,1905.25,1906.41,1873.62,1876.62,36.8294
2025-04-02 04:00:00+00:00,1880.62,1882.29,1852.44,1863.4,4.8715
2025-04-02 08:00:00+00:00,1865.65,1887.49,1863.4,1870.62,2.1098
2025-04-02 12:00:00+00:00,1868.74,1914.03,1855.32,1896.0,35.2195
2025-04-02 16:00:00+00:00,1896.47,1912.63,1883.55,1912.63,181.3676
2025-04-02 20:00:00+00:00,1906.55,1952.76,1783.3,1793.43,352.1836
2025-04-03 00:00:00+00:00,1794.96,1830.96,1780.84,1822.33,203.3645
2025-04-03 04:00:00+00:00,1822.44,1843.9,1808.69,1817.37,131.9668
2025-04-03 08:00:00+00:00,1817.4,1822.05,1789.8,1799.04,1.3639
2025-04-03 12:00:00+00:00,1795.98,1797.39,1752.56,1780.56,327.3396
2025-04-03 16:00:00+00:00,1781.44,1797.55,1770.0,1784.03,65.2076
2025-04-03 20:00:00+00:00,1784.97,1820.02,1780.76,1819.25,25.0841
2025-04-04 00:00:00+00:00,1818.44,1821.79,1772.31,1792.24,111.622
2025-04-04 04:00:00+00:00,1787.95,1820.0,1785.28,1820.0,17.3933
2025-04-04 08:00:00+00:00,1818.22,1833.7,1761.56,1783.42,40.5926
2025-04-04 12:00:00+00:00,1781.68,1817.37,1770.65,1798.2,169.3208
2025-04-04 16:00:00+00:00,1798.2,1827.4,1784.38,1808.93,145.2888
2025-04-04 20:00:00+00:00,1809.11,1825.0,1802.54,1813.04,276.0396
2025-04-05 00:00:00+00:00,1813.71,1826.36,1810.51,1810.73,94.2009
2025-04-05 04:00:00+00:00,1812.87,1814.4,1805.22,1813.14,2.3507
2025-04-05 08:00:00+00:00,1811.13,1819.54,1807.83,1807.83,7.3067
2025-04-05 12:00:00+00:00,1807.63,1807.63,1779.12,1780.88,120.2608
2025-04-05 16:00:00+00:00,1783.23,1793.97,1782.08,1782.08,10.0581
2025-04-05 20:00:00+00:00,1783.21,1808.92,1765.92,1805.4,61.1403
2025-04-06 00:00:00+00:00,1805.39,1814.99,1802.4,1804.59,77.944
2025-04-06 04:00:00+00:00,1809.89,1812.2,1793.54,1796.94,2.3452
2025-04-06 08:00:00+00:00,1796.28,1796.28,1784.36,1789.94,4.9412
2025-04-06 12:00:00+00:00,1787.97,1789.48,1734.13,1760.13,104.0143
2025-04-06 16:00:00+00:00,1761.25,1761.25,1604.74,1624.83,342.2749
2025-04-06 20:00:00+00:00,1624.82,1630.0,1540.52,1577.55,538.9338
2025-04-07 00:00:00+00:00,1577.02,1612.95,1523.36,1543.15,235.0376
2025-04-07 04:00:00+00:00,1543.65,1560.61,1413.76,1458.28,181.9929
2025-04-07 08:00:00+00:00,1464.38,1518.0,1463.24,1480.39,28.2395
2025-04-07 12:00:00+00:00,1484.95,1635.43,1482.85,1559.01,410.8248
2025-04-07 16:00:00+00:00,1552.75,1572.13,1527.38,1550.26,167.6333
2025-04-07 20:00:00+00:00,1546.48,1584.11,1546.48,1554.1,104.6705
2025-04-08 00:00:00+00:00,1551.0,1615.86,1543.35,1581.55,151.9414
2025-04-08 04:00:00+00:00,1587.58,1598.48,1562.29,1563.63,77.9468
2025-04-08 08:00:00+00:00,1567.88,1588.38,1555.59,1587.34,28.6476
2025-04-08 12:00:00+00:00,1587.68,1590.44,1519.94,1527.18,107.9467
2025-04-08 16:00:00+00:00,1530.96,1530.96,1457.14,1464.63,174.139
2025-04-08 20:00:00+00:00,1468.31,1484.46,1449.58,1472.65,90.1725
2025-04-09 00:00:00+00:00,1475.18,1480.0,1386.53,1419.49,175.2311
2025-04-09 04:00:00+00:00,1429.68,1489.03,1423.75,1483.5,67.6184
2025-04-09 08:00:00+00:00,1481.02,1493.63,1446.68,1455.0,12.4737
2025-04-09 12:00:00+00:00,1456.66,1497.41,1439.72,1491.56,127.9221
2025-04-09 16:00:00+00:00,1484.86,1670.1,1483.74,1641.9,151.5805
2025-04-09 20:00:00+00:00,1643.23,1685.09,1643.23,1668.6,157.736
2025-04-10 00:00:00+00:00,1666.44,1666.5,1603.4,1611.38,42.7643
2025-04-10 04:00:00+00:00,1617.51,1626.01,1585.0,1597.22,36.1333
2025-04-10 08:00:00+00:00,1594.38,1602.59,1582.76,1592.65,38.2223
2025-04-10 12:00:00+00:00,1594.26,1624.05,1485.83,1496.99,431.8621
2025-04-10 16:00:00+00:00,1496.0,1531.31,1474.19,1513.96,91.4533
2025-04-10 20:00:00+00:00,1514.57,1533.0,1514.57,1522.57,25.6405
2025-04-11 00:00:00+00:00,1522.57,1550.7,1507.03,1540.8,20.8532
2025-04-11 04:00:00+00:00,1542.36,1562.14,1542.36,1554.13,11.939
2025-04-11 08:00:00+00:00,1546.35,1582.46,1540.27,1557.45,9.3383
2025-04-11 12:00:00+00:00,1560.65,1579.65,1541.38,1564.48,272.771
2025-04-11 16:00:00+00:00,1561.05,1588.45,1555.57,1566.43,22.1608
2025-04-11 20:00:00+00:00,1566.66,1580.62,1558.51,1569.0,30.5857
2025-04-12 00:00:00+00:00,1563.82,1568.3,1548.16,1556.41,17.9788
2025-04-12 04:00:00+00:00,1554.36,1584.33,1552.31,1584.33,16.9974
2025-04-12 08:00:00+00:00,1584.82,1603.93,1584.82,1595.14,6.7611
2025-04-12 12:00:00+00:00,1593.02,1668.52,1593.02,1656.53,93.5271
2025-04-12 16:00:00+00:00,1658.44,1658.49,1629.82,1639.97,77.5713
2025-04-12 20:00:00+00:00,1644.33,1658.63,1642.95,1645.65,10.9151
2025-04-13 00:00:00+00:00,1643.6,1649.54,1607.27,1624.42,37.8557
2025-04-13 04:00:00+00:00,1624.3,1624.3,1598.46,1615.18,4.3627
2025-04-13 08:00:00+00:00,1611.66,1627.59,1592.95,1597.76,12.1628
2025-04-13 12:00:00+00:00,1604.74,1605.94,1566.5,1582.08,15.9898
2025-04-13 16:00:00+00:00,1590.07,1647.7,1562.99,1588.0,93.2131
2025-04-13 20:00:00+00:00,1590.76,1615.33,1574.14,1598.57,25.3048
2025-04-14 00:00:00+00:00,1600.35,1659.04,1596.17,1628.87,21.8589
2025-04-14 04:00:00+00:00,1630.11,1640.66,1614.2,1635.37,5.7704
2025-04-14 08:00:00+00:00,1636.53,1690.09,1629.96,1675.55,63.9569
2025-04-14 12:00:00+00:00,1672.0,1687.55,1621.2,1630.03,98.3866
2025-04-14 16:00:00+00:00,1627.55,1650.46,1616.32,1634.67,24.8319
2025-04-14 20:00:00+00:00,1634.29,1636.1,1610.0,1622.17,21.9915
2025-04-15 00:00:00+00:00,1626.91,1641.99,1617.04,1638.29,3.6116
2025-04-15 04:00:00+00:00,1636.28,1646.78,1635.1,1643.47,5.0096
2025-04-15 08:00:00+00:00,1645.17,1650.5,1623.74,1631.12,0.6931
2025-04-15 12:00:00+00:00,1633.8,1659.55,1603.4,1617.34,36.9128
2025-04-15 16:00:00+00:00,1622.47,1626.23,1597.55,1604.16,17.6228
2025-04-15 20:00:00+00:00,1607.98,1615.31,1583.81,1587.68,17.9807
2025-04-16 00:00:00+00:00,1587.68,1602.45,1576.91,1591.44,24.7593
2025-04-16 04:00:00+00:00,1591.35,1592.18,1555.59,1564.96,41.9985
2025-04-16 08:00:00+00:00,1560.86,1584.64,1557.45,1584.64,27.0488
2025-04-16 12:00:00+00:00,1585.65,1612.65,1566.79,1590.63,11.1528
2025-04-16 16:00:00+00:00,1591.58,1610.67,1541.0,1592.35,89.7201
2025-04-16 20:00:00+00:00,1589.46,1597.55,1572.42,1578.01,39.9631
2025-04-17 00:00:00+00:00,1579.48,1594.88,1577.44,1585.96,14.6849
2025-04-17 04:00:00+00:00,1583.33,1609.53,1582.09,1600.89,19.5476
2025-04-17 08:00:00+00:00,1600.0,1603.49,1589.22,1596.95,16.7558
2025-04-17 12:00:00+00:00,1594.97,1602.4,1565.15,1585.87,29.6226
2025-04-17 16:00:00+00:00,1579.73,1615.33,1579.09,1581.04,32.1015
2025-04-17 20:00:00+00:00,1586.45,1591.8,1580.99,1581.83,18.6842
2025-04-18 00:00:00+00:00,1579.66,1587.56,1577.66,1584.64,11.9779
2025-04-18 04:00:00+00:00,1584.64,1584.64,1574.82,1583.57,5.1049
2025-04-18 08:00:00+00:00,1585.62,1590.41,1582.99,1589.88,1.5818
2025-04-18 12:00:00+00:00,1591.61,1595.63,1581.16,1583.43,18.5615
2025-04-18 16:00:00+00:00,1583.59,1594.84,1582.98,1591.34,11.4454
2025-04-18 20:00:00+00:00,1592.26,1598.43,1587.61,1589.33,6.3772
2025-04-19 00:00:00+00:00,1588.3,1598.54,1585.0,1598.54,8.4492
2025-04-19 04:00:00+00:00,1597.7,1612.65,1596.1,1600.4,4.2881
2025-04-19 08:00:00+00:00,1599.98,1605.49,1594.59,1595.83,11.1726
2025-04-19 12:00:00+00:00,1596.46,1612.21,1595.94,1604.81,6.4555
2025-04-19 16:00:00+00:00,1610.02,1629.89,1600.0,1614.57,15.2344
2025-04-19 20:00:00+00:00,1613.98,1620.33,1610.71,1613.53,1.909
2025-04-20 00:00:00+00:00,1612.05,1619.34,1608.59,1611.44,6.9628
2025-04-20 04:00:00+00:00,1611.59,1616.86,1590.0,1594.83,14.8046
2025-04-20 08:00:00+00:00,1591.23,1592.64,1565.94,1567.92,6.0803
2025-04-20 12:00:00+00:00,1573.72,1582.37,1571.56,1571.56,13.5441
2025-04-20 16:00:00+00:00,1573.02,1585.65,1573.02,1585.33,1.5801
2025-04-20 20:00:00+00:00,1585.87,1598.97,1576.2,1585.7,6.7548
2025-04-21 00:00:00+00:00,1588.61,1643.6,1587.97,1636.46,59.2807
2025-04-21 04:00:00+00:00,1639.35,1656.9,1634.75,1644.4,14.7069
2025-04-21 08:00:00+00:00,1644.64,1653.46,1618.69,1622.88,3.9693
2025-04-21 12:00:00+00:00,1626.99,1640.37,1608.15,1623.08,8.8238
2025-04-21 16:00:00+00:00,1622.45,1624.52,1564.12,1573.9,65.2555
2025-04-21 20:00:00+00:00,1573.9,1580.81,1571.62,1580.5,15.8262
2025-04-22 00:00:00+00:00,1577.94,1592.14,1540.27,1579.22,54.3227
2025-04-22 04:00:00+00:00,1580.64,1623.0,1576.18,1619.5,11.5178
2025-04-22 08:00:00+00:00,1621.99,1636.0,1614.37,1629.76,22.6701
2025-04-22 12:00:00+00:00,1632.17,1724.17,1628.04,1698.4,98.7331
2025-04-22 16:00:00+00:00,1702.95,1709.22,1684.85,1698.56,74.3209
2025-04-22 20:00:00+00:00,1698.56,1775.71,1693.84,1756.56,111.0903
2025-04-23 00:00:00+00:00,1757.3,1805.55,1747.2,1796.81,46.9755
2025-04-23 04:00:00+00:00,1791.31,1816.46,1774.16,1791.57,18.8504
2025-04-23 08:00:00+00:00,1791.57,1809.86,1780.52,1793.97,6.8239
2025-04-23 12:00:00+00:00,1804.22,1833.5,1764.19,1795.91,97.9433
2025-04-23 16:00:00+00:00,1790.67,1808.69,1775.66,1783.7,55.9613
2025-04-23 20:00:00+00:00,1787.14,1806.13,1787.14,1796.25,27.1889
2025-04-24 00:00:00+00:00,1795.95,1801.29,1767.94,1767.94,15.3874
2025-04-24 04:00:00+00:00,1772.47,1776.39,1752.27,1754.11,8.4771
2025-04-24 08:00:00+00:00,1758.26,1758.26,1723.48,1755.39,63.9685
2025-04-24 12:00:00+00:00,1753.82,1775.91,1744.21,1773.39,19.101
2025-04-24 16:00:00+00:00,1769.62,1776.52,1748.46,1766.53,120.5032
2025-04-24 20:00:00+00:00,1766.3,1772.74,1754.2,1768.0,11.3509
2025-04-25 00:00:00+00:00,1767.99,1789.23,1741.61,1760.65,14.941
2025-04-25 04:00:00+00:00,1762.67,1780.37,1761.64,1775.14,7.878
2025-04-25 08:00:00+00:00,1774.89,1792.26,1765.92,1783.54,6.3741
2025-04-25 12:00:00+00:00,1789.76,1826.0,1759.18,1807.65,119.981
2025-04-25 16:00:00+00:00,1807.63,1809.07,1784.45,1800.06,85.9043
2025-04-25 20:00:00+00:00,1801.39,1808.69,1785.71,1785.71,9.6645
2025-04-26 00:00:00+00:00,1786.35,1814.68,1786.03,1797.26,7.9303
2025-04-26 04:00:00+00:00,1798.18,1810.3,1790.0,1802.54,3.0087
2025-04-26 08:00:00+00:00,1799.54,1839.58,1780.61,1780.78,70.7602
2025-04-26 12:00:00+00:00,1789.77,1802.95,1780.79,1800.59,3.4423
2025-04-26 16:00:00+00:00,1798.91,1812.16,1797.58,1811.46,36.6956
2025-04-26 20:00:00+00:00,1814.62,1829.99,1806.27,1821.14,6.8639
2025-04-27 00:00:00+00:00,1821.45,1855.69,1802.35,1807.58,71.3836
2025-04-27 04:00:00+00:00,1809.17,1809.24,1791.36,1803.38,5.9426
2025-04-27 08:00:00+00:00,1804.85,1813.1,1804.7,1809.81,1.7024
2025-04-27 12:00:00+00:00,1804.8,1806.46,1784.3,1794.4,41.156
2025-04-27 16:00:00+00:00,1793.43,1807.48,1787.84,1806.52,2.1251
2025-04-27 20:00:00+00:00,1806.52,1806.52,1790.0,1794.69,92.4793
2025-04-28 00:00:00+00:00,1791.77,1792.67,1752.58,1783.48,24.8806
2025-04-28 04:00:00+00:00,1784.94,1810.99,1784.93,1805.51,68.2849
2025-04-28 08:00:00+00:00,1805.51,1826.08,1788.97,1816.18,7.7292
2025-04-28 12:00:00+00:00,1815.74,1816.49,1754.34,1758.86,88.718
2025-04-28 16:00:00+00:00,1763.53,1803.64,1746.32,1797.48,28.1486
2025-04-28 20:00:00+00:00,1792.59,1804.46,1782.22,1798.54,26.4021
2025-04-29 00:00:00+00:00,1797.61,1809.36,1788.93,1802.03,64.6841
2025-04-29 04:00:00+00:00,1802.32,1822.02,1790.39,1821.85,28.8186
2025-04-29 08:00:00+00:00,1821.86,1841.11,1817.38,1830.15,34.9073
2025-04-29 12:00:00+00:00,1827.47,1833.05,1804.46,1817.88,17.1123
2025-04-29 16:00:00+00:00,1817.75,1831.44,1808.85,1824.29,6.0336
2025-04-29 20:00:00+00:00,1817.22,1817.22,1781.93,1799.87,90.5845
2025-04-30 00:00:00+00:00,1797.99,1812.04,1790.3,1812.0,65.3956
2025-04-30 04:00:00+00:00,1810.32,1812.0,1792.22,1793.83,16.2694
2025-04-30 08:00:00+00:00,1798.29,1815.95,1795.09,1815.83,9.0361
2025-04-30 12:00:00+00:00,1815.49,1815.49,1733.75,1766.0,190.3297
2025-04-30 16:00:00+00:00,1765.89,1792.06,1758.55,1792.06,78.1024
2025-04-30 20:00:00+00:00,1792.24,1808.18,1790.11,1794.32,22.7527
2025-05-01 00:00:00+00:00,1795.14,1817.28,1792.52,1812.39,27.4064
2025-05-01 04:00:00+00:00,1808.97,1816.9,1804.96,1811.59,8.6468
2025-05-01 08:00:00+00:00,1808.53,1856.74,1808.53,1845.53,72.7585
2025-05-01 12:00:00+00:00,1846.15,1870.86,1826.1,1851.7,33.9791
2025-05-01 16:00:00+00:00,1853.82,1868.92,1840.11,1840.11,15.4152
2025-05-01 20:00:00+00:00,1843.11,1847.85,1834.81,1838.31,7.1059
2025-05-02 00:00:00+00:00,1839.66,1851.14,1833.96,1846.94,20.3491
2025-05-02 04:00:00+00:00,1848.41,1848.41,1815.57,1815.57,13.9803
2025-05-02 08:00:00+00:00,1816.61,1833.96,1812.13,1832.41,5.5769
2025-05-02 12:00:00+00:00,1835.4,1859.22,1829.28,1841.53,58.0867
2025-05-02 16:00:00+00:00,1842.34,1869.52,1831.88,1839.57,29.7371
2025-05-02 20:00:00+00:00,1837.21,1848.01,1833.01,1840.53,8.9467
2025-05-03 00:00:00+00:00,1842.39,1843.26,1827.96,1836.27,25.0047
2025-05-03 04:00:00+00:00,1835.69,1837.71,1824.96,1828.07,4.3469
2025-05-03 08:00:00+00:00,1825.28,1829.52,1817.88,1825.09,3.5734
2025-05-03 12:00:00+00:00,1824.44,1837.2,1824.44,1834.5,3.0653
2025-05-03 16:00:00+00:00,1832.95,1837.42,1812.0,1837.42,56.7916
2025-05-03 20:00:00+00:00,1839.65,1848.13,1830.46,1832.99,11.2044
2025-05-04 00:00:00+00:00,1834.59,1848.13,1827.52,1833.79,6.5471
2025-05-04 04:00:00+00:00,1833.93,1849.55,1831.66,1838.92,0.5896
2025-05-04 08:00:00+00:00,1841.32,1841.32,1823.37,1828.53,2.5785
2025-05-04 12:00:00+00:00,1830.17,1833.73,1820.61,1831.26,19.9646
2025-05-04 16:00:00+00:00,1831.81,1832.38,1823.29,1827.56,2.7433
2025-05-04 20:00:00+00:00,1829.26,1841.44,1803.79,1808.17,3.9189
2025-05-05 00:00:00+00:00,1810.99,1817.76,1783.01,1798.9,33.7125
2025-05-05 04:00:00+00:00,1795.77,1828.05,1792.58,1825.8,3.1523
2025-05-05 08:00:00+00:00,1825.74,1830.45,1799.32,1803.31,2.0465
2025-05-05 12:00:00+00:00,1801.38,1811.65,1795.45,1800.41,10.6916
2025-05-05 16:00:00+00:00,1804.8,1827.27,1801.75,1816.63,21.157
2025-05-05 20:00:00+00:00,1814.61,1831.88,1802.63,1819.05,5.3756
2025-05-06 00:00:00+00:00,1820.67,1820.67,1794.21,1806.88,29.8638
2025-05-06 04:00:00+00:00,1807.87,1808.51,1799.57,1804.6,2.1392
2025-05-06 08:00:00+00:00,1800.63,1802.5,1757.96,1768.42,17.8931
2025-05-06 12:00:00+00:00,1768.42,1778.17,1751.68,1769.24,9.4774
2025-05-06 16:00:00+00:00,1767.74,1797.9,1763.73,1784.96,11.0606
2025-05-06 20:00:00+00:00,1784.49,1816.99,1765.92,1815.43,23.778
2025-05-07 00:00:00+00:00,1816.55,1848.69,1815.07,1828.27,62.8823
2025-05-07 04:00:00+00:00,1826.48,1836.7,1826.48,1836.7,2.6939
2025-05-07 08:00:00+00:00,1839.15,1846.43,1832.72,1834.51,22.8929
2025-05-07 12:00:00+00:00,1836.75,1836.77,1815.25,1817.99,7.1668
2025-05-07 16:00:00+00:00,1817.96,1817.96,1789.16,1797.78,39.6681
2025-05-07 20:00:00+00:00,1796.05,1824.88,1790.06,1812.02,20.5196
2025-05-08 00:00:00+00:00,1810.7,1905.03,1809.63,1904.43,113.8757
2025-05-08 04:00:00+00:00,1904.21,1942.66,1893.0,1929.31,240.3891
2025-05-08 08:00:00+00:00,1929.26,1967.06,1928.92,1957.03,10.7131
2025-05-08 12:00:00+00:00,1959.11,2080.0,1957.11,2049.6,271.3445
2025-05-08 16:00:00+00:00,2054.01,2136.9,2035.31,2116.11,128.3265
2025-05-08 20:00:00+00:00,2121.42,2223.19,2112.98,2206.67,171.6788
2025-05-09 00:00:00+00:00,2200.29,2243.99,2184.3,2201.89,96.6834
2025-05-09 04:00:00+00:00,2204.27,2387.65,2202.69,2367.97,83.5646
2025-05-09 08:00:00+00:00,2363.7,2488.35,2294.72,2350.0,317.625
2025-05-09 12:00:00+00:00,2350.1,2387.48,2273.11,2300.31,119.3558
2025-05-09 16:00:00+00:00,2299.73,2353.83,2276.64,2331.08,36.5797
2025-05-09 20:00:00+00:00,2332.86,2351.0,2323.78,2346.37,38.0267
2025-05-10 00:00:00+00:00,2343.69,2380.0,2322.23,2337.84,18.3875
2025-05-10 04:00:00+00:00,2337.15,2416.54,2330.22,2397.02,56.6804
2025-05-10 08:00:00+00:00,2399.18,2434.07,2363.43,2385.0,59.3651
2025-05-10 12:00:00+00:00,2388.31,2446.02,2388.31,2433.72,60.8876
2025-05-10 16:00:00+00:00,2435.2,2510.41,2434.04,2500.8,115.2493
2025-05-10 20:00:00+00:00,2500.1,2599.28,2472.53,2583.47,121.7464
2025-05-11 00:00:00+00:00,2583.99,2604.31,2506.37,2539.7,239.3792
2025-05-11 04:00:00+00:00,2540.71,2561.21,2462.59,2477.46,127.8166
2025-05-11 08:00:00+00:00,2477.49,2533.94,2474.67,2530.15,15.575
2025-05-11 12:00:00+00:00,2528.67,2530.36,2442.02,2462.59,118.0859
2025-05-11 16:00:00+00:00,2465.29,2523.97,2444.14,2510.0,23.0948
2025-05-11 20:00:00+00:00,2504.54,2527.17,2484.93,2512.17,75.1019
2025-05-12 00:00:00+00:00,2515.14,2546.73,2494.29,2518.04,121.0167
2025-05-12 04:00:00+00:00,2517.1,2622.72,2489.57,2553.49,108.2304
2025-05-12 08:00:00+00:00,2555.94,2586.59,2523.83,2531.07,26.6294
2025-05-12 12:00:00+00:00,2536.51,2574.28,2483.1,2483.15,134.2186
2025-05-12 16:00:00+00:00,2490.63,2509.93,2409.98,2459.84,168.2223
2025-05-12 20:00:00+00:00,2458.1,2498.3,2455.16,2489.81,35.7277
2025-05-13 00:00:00+00:00,2489.81,2493.36,2416.98,2432.7,57.9124
2025-05-13 04:00:00+00:00,2425.88,2477.51,2425.88,2462.59,8.9296
2025-05-13 08:00:00+00:00,2468.67,2522.83,2453.59,2511.13,17.8991
2025-05-13 12:00:00+00:00,2515.22,2573.34,2497.23,2565.91,66.2754
2025-05-13 16:00:00+00:00,2561.98,2736.98,2560.89,2690.91,95.0817
2025-05-13 20:00:00+00:00,2693.7,2705.15,2657.0,2686.21,113.6347
2025-05-14 00:00:00+00:00,2678.01,2723.29,2624.69,2644.9,136.8405
2025-05-14 04:00:00+00:00,2639.8,2685.85,2639.8,2643.91,20.6086
2025-05-14 08:00:00+00:00,2641.51,2641.51,2581.2,2621.63,22.7081
2025-05-14 12:00:00+00:00,2624.93,2633.17,2561.02,2589.41,45.0573
2025-05-14 16:00:00+00:00,2594.21,2615.93,2549.86,2603.69,40.7991
2025-05-14 20:00:00+00:00,2605.09,2614.55,2587.19,2612.63,33.5637
2025-05-15 00:00:00+00:00,2611.21,2643.99,2568.96,2574.17,44.2896
2025-05-15 04:00:00+00:00,2574.0,2596.15,2516.62,2534.85,82.1542
2025-05-15 08:00:00+00:00,2530.26,2565.16,2519.54,2552.2,11.059
2025-05-15 12:00:00+00:00,2556.98,2577.14,2481.43,2566.68,72.2434
2025-05-15 16:00:00+00:00,2564.92,2599.94,2514.0,2529.9,83.2367
2025-05-15 20:00:00+00:00,2529.87,2562.07,2515.22,2546.07,23.7455
2025-05-16 00:00:00+00:00,2548.02,2582.08,2535.72,2580.07,44.1948
2025-05-16 04:00:00+00:00,2579.83,2618.35,2566.07,2598.14,23.336
2025-05-16 08:00:00+00:00,2596.43,2647.3,2560.0,2620.56,19.7837
2025-05-16 12:00:00+00:00,2617.24,2620.9,2574.07,2587.14,63.4585
2025-05-16 16:00:00+00:00,2597.7,2600.99,2570.86,2589.89,24.0534
2025-05-16 20:00:00+00:00,2593.71,2593.71,2530.46,2536.59,35.9633
2025-05-17 00:00:00+00:00,2530.78,2534.48,2453.59,2494.32,108.8587
2025-05-17 04:00:00+00:00,2493.66,2509.88,2476.25,2492.53,17.8163
2025-05-17 08:00:00+00:00,2489.48,2493.48,2468.3,2483.61,5.2559
2025-05-17 12:00:00+00:00,2480.92,2485.48,2448.87,2473.51,47.3402
2025-05-17 16:00:00+00:00,2476.55,2486.9,2450.12,2471.69,17.7458
2025-05-17 20:00:00+00:00,2473.51,2494.36,2454.07,2474.9,21.775
2025-05-18 00:00:00+00:00,2473.41,2487.43,2469.55,2479.34,27.4127
2025-05-18 04:00:00+00:00,2477.84,2514.06,2477.84,2507.88,6.7728
2025-05-18 08:00:00+00:00,2512.5,2527.02,2500.0,2505.85,7.582
2025-05-18 12:00:00+00:00,2500.07,2583.05,2489.21,2577.56,77.5659
2025-05-18 16:00:00+00:00,2581.81,2581.81,2402.9,2406.0,160.6122
2025-05-18 20:00:00+00:00,2406.73,2509.68,2327.6,2496.71,110.3497
2025-05-19 00:00:00+00:00,2503.81,2510.75,2382.09,2387.14,30.0573
2025-05-19 04:00:00+00:00,2389.55,2413.43,2350.91,2402.66,24.4287
2025-05-19 08:00:00+00:00,2397.86,2421.14,2390.91,2420.67,19.2253
2025-05-19 12:00:00+00:00,2409.31,2470.04,2387.48,2469.85,41.6181
2025-05-19 16:00:00+00:00,2460.57,2543.51,2453.59,2522.58,52.811
2025-05-19 20:00:00+00:00,2517.24,2533.31,2493.1,2533.31,15.0841
2025-05-20 00:00:00+00:00,2530.47,2588.56,2512.42,2552.84,53.7689
2025-05-20 04:00:00+00:00,2551.28,2575.85,2525.0,2531.63,7.2609
2025-05-20 08:00:00+00:00,2531.89,2539.29,2493.11,2514.84,15.0935
2025-05-20 12:00:00+00:00,2507.63,2511.1,2465.89,2485.01,21.9072
2025-05-20 16:00:00+00:00,2479.62,2508.78,2445.89,2500.07,39.6902
2025-05-20 20:00:00+00:00,2502.22,2537.0,2483.45,2524.65,24.3531
2025-05-21 00:00:00+00:00,2522.47,2553.15,2510.55,2545.59,30.5611
2025-05-21 04:00:00+00:00,2547.36,2612.87,2538.01,2561.09,48.0475
2025-05-21 08:00:00+00:00,2556.78,2561.21,2518.07,2543.51,10.84
2025-05-21 12:00:00+00:00,2535.87,2578.86,2522.55,2568.31,89.3229
2025-05-21 16:00:00+00:00,2568.31,2611.61,2472.95,2517.23,981.5143
2025-05-21 20:00:00+00:00,2515.53,2596.11,2489.57,2549.96,59.9813
2025-05-22 00:00:00+00:00,2548.94,2644.81,2548.94,2635.0,147.6028
2025-05-22 04:00:00+00:00,2627.6,2646.11,2603.45,2631.63,101.6259
2025-05-22 08:00:00+00:00,2634.34,2690.88,2634.34,2662.95,41.515
2025-05-22 12:00:00+00:00,2659.81,2678.45,2625.32,2667.41,25.8758
2025-05-22 16:00:00+00:00,2665.85,2675.29,2629.49,2629.86,25.0957
2025-05-22 20:00:00+00:00,2636.81,2664.71,2630.98,2664.71,23.4196
2025-05-23 00:00:00+00:00,2654.39,2731.72,2645.45,2724.1,166.6064
2025-05-23 04:00:00+00:00,2720.39,2724.72,2653.51,2654.83,36.6539
2025-05-23 08:00:00+00:00,2657.76,2688.29,2553.49,2561.21,78.5982
2025-05-23 12:00:00+00:00,2561.27,2589.66,2508.9,2568.74,96.0206
2025-05-23 16:00:00+00:00,2569.49,2584.52,2548.28,2560.91,38.5416
2025-05-23 20:00:00+00:00,2554.55,2560.97,2504.96,2516.3,15.2176
2025-05-24 00:00:00+00:00,2524.03,2555.0,2518.18,2551.45,27.8076
2025-05-24 04:00:00+00:00,2547.92,2561.55,2535.45,2550.51,11.636
2025-05-24 08:00:00+00:00,2546.16,2574.63,2545.25,2568.18,32.2551
2025-05-24 12:00:00+00:00,2564.6,2564.77,2544.62,2553.66,2.666
2025-05-24 16:00:00+00:00,2556.55,2565.82,2544.33,2552.34,5.3707
2025-05-24 20:00:00+00:00,2551.79,2556.94,2519.54,2529.03,13.0157
2025-05-25 00:00:00+00:00,2534.89,2538.88,2480.01,2515.0,72.0868
2025-05-25 04:00:00+00:00,2512.49,2515.22,2489.57,2493.83,5.1583
2025-05-25 08:00:00+00:00,2493.27,2500.08,2466.35,2497.44,15.0021
2025-05-25 12:00:00+00:00,2500.06,2523.19,2481.82,2510.0,47.0299
2025-05-25 16:00:00+00:00,2512.0,2533.94,2497.45,2529.6,8.3991
2025-05-25 20:00:00+00:00,2527.62,2552.88,2509.67,2552.1,11.1579
2025-05-26 00:00:00+00:00,2552.42,2575.0,2539.88,2564.56,12.6744
2025-05-26 04:00:00+00:00,2560.95,2596.87,2557.86,2580.0,40.2261
2025-05-26 08:00:00+00:00,2577.95,2580.0,2556.62,2567.6,4.4872
2025-05-26 12:00:00+00:00,2568.96,2573.79,2542.33,2565.29,4.2359
2025-05-26 16:00:00+00:00,2569.96,2572.73,2528.04,2542.06,12.8801
2025-05-26 20:00:00+00:00,2539.14,2582.0,2537.87,2563.07,63.5671
2025-05-27 00:00:00+00:00,2565.05,2572.22,2512.7,2551.12,14.8577
2025-05-27 04:00:00+00:00,2555.1,2615.94,2551.34,2603.58,50.1519
2025-05-27 08:00:00+00:00,2609.93,2653.49,2609.93,2653.38,37.5266
2025-05-27 12:00:00+00:00,2653.51,2680.81,2634.55,2664.0,130.1064
2025-05-27 16:00:00+00:00,2669.25,2708.34,2660.74,2688.17,55.5324
2025-05-27 20:00:00+00:00,2688.35,2692.98,2652.84,2665.1,42.4196
2025-05-28 00:00:00+00:00,2660.37,2660.37,2619.85,2645.7,79.1025
2025-05-28 04:00:00+00:00,2644.91,2648.01,2625.74,2639.75,2.5885
2025-05-28 08:00:00+00:00,2633.71,2655.74,2610.0,2655.74,11.8766
2025-05-28 12:00:00+00:00,2655.78,2686.99,2614.91,2627.4,63.3443
2025-05-28 16:00:00+00:00,2633.25,2662.29,2617.24,2619.69,22.4775
2025-05-28 20:00:00+00:00,2615.03,2685.14,2613.32,2680.18,35.0211
2025-05-29 00:00:00+00:00,2681.42,2779.0,2673.7,2761.32,187.3831
2025-05-29 04:00:00+00:00,2764.16,2765.16,2704.46,2729.53,37.5012
2025-05-29 08:00:00+00:00,2727.51,2743.11,2710.02,2716.21,99.728
2025-05-29 12:00:00+00:00,2718.17,2719.34,2623.71,2650.82,93.5092
2025-05-29 16:00:00+00:00,2644.65,2674.52,2630.63,2651.0,76.0403
2025-05-29 20:00:00+00:00,2651.83,2668.83,2617.6,2632.51,77.3276
2025-05-30 00:00:00+00:00,2632.65,2645.15,2561.91,2631.38,94.1734
2025-05-30 04:00:00+00:00,2630.15,2649.18,2609.09,2624.65,13.3061
2025-05-30 08:00:00+00:00,2620.47,2625.53,2590.91,2622.07,4.4126
2025-05-30 12:00:00+00:00,2624.11,2624.11,2575.85,2597.35,14.307
2025-05-30 16:00:00+00:00,2597.8,2604.24,2535.34,2575.32,76.3294
2025-05-30 20:00:00+00:00,2571.68,2589.23,2510.57,2529.21,96.4119
2025-05-31 00:00:00+00:00,2528.35,2538.0,2480.0,2512.23,101.4495
2025-05-31 04:00:00+00:00,2508.5,2525.0,2506.99,2525.0,41.3579
2025-05-31 08:00:00+00:00,2523.31,2534.89,2511.31,2516.88,24.7275
2025-05-31 12:00:00+00:00,2521.92,2549.86,2521.92,2535.29,32.0049
2025-05-31 16:00:00+00:00,2537.3,2547.23,2525.08,2537.28,5.9055
2025-05-31 20:00:00+00:00,2535.4,2549.03,2525.0,2529.47,19.4476
2025-06-01 00:00:00+00:00,2526.2,2527.29,2491.98,2514.86,37.7819
2025-06-01 04:00:00+00:00,2512.32,2525.47,2506.9,2509.04,3.0541
2025-06-01 08:00:00+00:00,2506.74,2507.63,2480.0,2500.0,42.6941
2025-06-01 12:00:00+00:00,2497.84,2523.0,2470.07,2523.0,33.699
2025-06-01 16:00:00+00:00,2523.43,2545.96,2495.21,2521.78,36.7234
2025-06-01 20:00:00+00:00,2519.95,2545.69,2518.34,2534.16,8.8024
2025-06-02 00:00:00+00:00,2536.21,2540.31,2492.0,2498.88,83.7856
2025-06-02 04:00:00+00:00,2499.12,2512.97,2484.93,2504.77,44.5102
2025-06-02 08:00:00+00:00,2504.72,2515.59,2476.54,2478.97,9.3929
2025-06-02 12:00:00+00:00,2484.3,2551.95,2480.06,2543.61,96.3034
2025-06-02 16:00:00+00:00,2537.09,2562.07,2526.72,2534.04,39.7024
2025-06-02 20:00:00+00:00,2536.15,2613.39,2536.15,2603.78,64.8319
2025-06-03 00:00:00+00:00,2606.51,2649.04,2586.62,2604.01,72.6892
2025-06-03 04:00:00+00:00,2592.34,2620.1,2589.66,2618.02,15.713
2025-06-03 08:00:00+00:00,2608.05,2618.66,2596.91,2603.06,6.7404
2025-06-03 12:00:00+00:00,2602.12,2651.66,2599.19,2621.37,44.4751
2025-06-03 16:00:00+00:00,2623.99,2625.72,2603.45,2624.81,34.1074
2025-06-03 20:00:00+00:00,2626.23,2626.23,2579.27,2589.22,43.7245
2025-06-04 00:00:00+00:00,2594.23,2640.31,2585.02,2628.68,13.0
2025-06-04 04:00:00+00:00,2629.01,2643.99,2620.0,2628.4,12.5243
2025-06-04 08:00:00+00:00,2629.03,2647.9,2624.82,2625.91,7.8253
2025-06-04 12:00:00+00:00,2623.85,2678.04,2596.04,2666.02,40.3295
2025-06-04 16:00:00+00:00,2667.15,2667.42,2622.65,2623.85,15.9883
2025-06-04 20:00:00+00:00,2622.91,2623.64,2600.0,2607.28,18.6388
2025-06-05 00:00:00+00:00,2605.07,2631.28,2601.08,2627.57,14.5016
2025-06-05 04:00:00+00:00,2622.4,2634.32,2602.72,2603.16,22.978
2025-06-05 08:00:00+00:00,2608.48,2612.76,2583.5,2607.86,20.826
2025-06-05 12:00:00+00:00,2606.86,2640.29,2564.16,2594.7,48.9959
2025-06-05 16:00:00+00:00,2590.4,2591.71,2518.2,2535.59,146.0631
2025-06-05 20:00:00+00:00,2530.8,2535.0,2393.89,2417.83,132.7317
2025-06-06 00:00:00+00:00,2413.64,2455.36,2390.0,2455.19,139.5645
2025-06-06 04:00:00+00:00,2455.19,2465.52,2447.45,2453.85,56.9678
2025-06-06 08:00:00+00:00,2452.27,2491.21,2452.27,2476.1,24.9789
2025-06-06 12:00:00+00:00,2478.36,2529.82,2468.36,2503.0,96.7807
2025-06-06 16:00:00+00:00,2512.97,2516.99,2483.0,2486.98,28.5624
2025-06-06 20:00:00+00:00,2488.21,2503.06,2473.44,2479.62,19.9867
2025-06-07 00:00:00+00:00,2477.18,2493.09,2457.83,2488.78,39.1277
2025-06-07 04:00:00+00:00,2487.27,2500.07,2481.78,2490.2,90.5833
2025-06-07 08:00:00+00:00,2492.0,2500.55,2483.1,2495.27,3.1208
2025-06-07 12:00:00+00:00,2494.75,2520.69,2492.57,2517.04,24.2967
2025-06-07 16:00:00+00:00,2520.79,2523.7,2505.44,2517.29,12.7842
2025-06-07 20:00:00+00:00,2523.26,2542.89,2518.42,2526.29,11.0204
2025-06-08 00:00:00+00:00,2525.29,2526.09,2509.06,2512.45,9.4757
2025-06-08 04:00:00+00:00,2509.07,2517.95,2509.07,2512.97,1.3246
2025-06-08 08:00:00+00:00,2515.41,2519.11,2493.17,2514.47,9.925
2025-06-08 12:00:00+00:00,2512.1,2523.7,2504.82,2511.88,10.7314
2025-06-08 16:00:00+00:00,2515.45,2539.0,2514.21,2533.28,20.8104
2025-06-08 20:00:00+00:00,2530.1,2546.37,2501.3,2508.6,26.9738
2025-06-09 00:00:00+00:00,2509.12,2511.82,2482.46,2494.79,46.1469
2025-06-09 04:00:00+00:00,2497.34,2497.97,2478.56,2487.36,13.3802
2025-06-09 08:00:00+00:00,2492.58,2545.68,2487.98,2538.24,40.5859
2025-06-09 12:00:00+00:00,2538.96,2547.04,2509.88,2539.54,32.1432
2025-06-09 16:00:00+00:00,2537.58,2588.23,2535.1,2582.09,58.9517
2025-06-09 20:00:00+00:00,2582.28,2686.6,2575.16,2679.87,69.6035
2025-06-10 00:00:00+00:00,2679.74,2717.33,2665.03,2676.37,128.209
2025-06-10 04:00:00+00:00,2684.99,2690.0,2657.7,2677.96,29.4906
2025-06-10 08:00:00+00:00,2679.06,2796.85,2669.77,2774.62,171.865
2025-06-10 12:00:00+00:00,2775.0,2775.0,2692.88,2730.0,58.8502
2025-06-10 16:00:00+00:00,2737.83,2800.23,2729.62,2770.27,109.7041
2025-06-10 20:00:00+00:00,2774.94,2825.83,2738.16,2813.87,98.1909
2025-06-11 00:00:00+00:00,2811.06,2832.66,2773.1,2792.37,57.5968
2025-06-11 04:00:00+00:00,2791.55,2802.58,2781.74,2791.66,17.9509
2025-06-11 08:00:00+00:00,2790.42,2791.95,2756.05,2771.84,23.3712
2025-06-11 12:00:00+00:00,2772.78,2877.16,2765.16,2862.87,118.7677
2025-06-11 16:00:00+00:00,2863.42,2873.05,2802.53,2812.14,151.246
2025-06-11 20:00:00+00:00,2803.0,2828.61,2744.93,2770.75,128.6953
2025-06-12 00:00:00+00:00,2769.93,2783.24,2748.68,2767.46,67.2308
2025-06-12 04:00:00+00:00,2767.1,2775.08,2735.75,2741.2,47.2792
2025-06-12 08:00:00+00:00,2741.2,2759.56,2723.93,2729.62,37.9874
2025-06-12 12:00:00+00:00,2732.38,2771.84,2713.58,2720.0,75.5546
2025-06-12 16:00:00+00:00,2720.0,2770.89,2694.33,2698.48,107.8414
2025-06-12 20:00:00+00:00,2693.22,2703.48,2619.28,2645.61,200.3104
2025-06-13 00:00:00+00:00,2642.16,2646.93,2440.0,2515.83,336.5076
2025-06-13 04:00:00+00:00,2508.21,2539.0,2494.05,2529.46,48.8267
2025-06-13 08:00:00+00:00,2528.04,2544.94,2509.66,2544.0,17.7227
2025-06-13 12:00:00+00:00,2544.54,2561.55,2505.38,2552.06,97.6707
2025-06-13 16:00:00+00:00,2550.52,2582.45,2512.0,2524.1,61.6299
2025-06-13 20:00:00+00:00,2530.29,2582.03,2528.43,2582.03,57.8852
2025-06-14 00:00:00+00:00,2574.78,2574.78,2547.49,2549.68,22.6481
2025-06-14 04:00:00+00:00,2550.46,2555.49,2528.04,2539.8,13.0751
2025-06-14 08:00:00+00:00,2535.41,2539.98,2520.0,2539.98,5.0272
2025-06-14 12:00:00+00:00,2533.41,2544.53,2507.64,2514.09,25.8033
2025-06-14 16:00:00+00:00,2519.22,2524.18,2491.0,2511.73,55.7336
2025-06-14 20:00:00+00:00,2507.27,2539.0,2498.3,2532.58,35.4243
2025-06-15 00:00:00+00:00,2530.97,2540.78,2525.8,2529.45,16.2393
2025-06-15 04:00:00+00:00,2532.0,2551.95,2523.8,2527.57,23.4727
2025-06-15 08:00:00+00:00,2527.49,2527.49,2509.37,2521.39,2.22
2025-06-15 12:00:00+00:00,2517.66,2551.84,2514.87,2538.25,63.2414
2025-06-15 16:00:00+00:00,2542.85,2555.47,2529.4,2536.0,13.433
2025-06-15 20:00:00+00:00,2534.63,2548.0,2491.57,2547.94,84.4345
2025-06-16 00:00:00+00:00,2543.04,2576.51,2517.17,2567.3,57.2249
2025-06-16 04:00:00+00:00,2569.5,2636.06,2566.21,2626.18,47.8245
2025-06-16 08:00:00+00:00,2627.75,2631.77,2594.87,2614.29,3.7455
2025-06-16 12:00:00+00:00,2617.76,2655.41,2605.71,2636.15,26.2884
2025-06-16 16:00:00+00:00,2633.12,2667.68,2629.1,2652.95,36.4103
2025-06-16 20:00:00+00:00,2661.82,2676.82,2536.76,2539.0,138.1151
2025-06-17 00:00:00+00:00,2536.08,2615.53,2525.0,2606.46,38.359
2025-06-17 04:00:00+00:00,2608.14,2608.73,2571.56,2585.36,20.862
2025-06-17 08:00:00+00:00,2578.09,2585.92,2542.33,2551.39,15.594
2025-06-17 12:00:00+00:00,2551.83,2564.77,2484.04,2500.37,94.5315
2025-06-17 16:00:00+00:00,2504.83,2540.42,2461.02,2531.8,181.1928
2025-06-17 20:00:00+00:00,2532.03,2534.69,2492.53,2516.22,23.0773
2025-06-18 00:00:00+00:00,2512.07,2535.6,2507.89,2526.6,24.1525
2025-06-18 04:00:00+00:00,2532.0,2544.53,2515.88,2530.12,38.4923
2025-06-18 08:00:00+00:00,2537.37,2544.81,2490.0,2512.3,31.1134
2025-06-18 12:00:00+00:00,2511.64,2538.26,2471.95,2509.65,72.2067
2025-06-18 16:00:00+00:00,2506.07,2515.86,2469.35,2493.79,125.8215
2025-06-18 20:00:00+00:00,2492.53,2535.0,2483.1,2523.61,61.1226
2025-06-19 00:00:00+00:00,2524.54,2545.31,2508.27,2522.96,23.9615
2025-06-19 04:00:00+00:00,2525.77,2531.6,2515.92,2521.43,11.2549
2025-06-19 08:00:00+00:00,2522.98,2543.27,2522.98,2534.08,16.1994
2025-06-19 12:00:00+00:00,2526.93,2534.88,2492.0,2493.44,69.2652
2025-06-19 16:00:00+00:00,2498.74,2521.29,2486.21,2504.36,37.1838
2025-06-19 20:00:00+00:00,2506.43,2530.0,2504.46,2521.69,37.4337
2025-06-20 00:00:00+00:00,2519.09,2529.0,2512.97,2520.76,11.8982
2025-06-20 04:00:00+00:00,2516.72,2547.26,2504.31,2545.19,40.8743
2025-06-20 08:00:00+00:00,2549.79,2565.57,2540.94,2549.31,15.8362
2025-06-20 12:00:00+00:00,2549.31,2558.4,2490.0,2494.48,124.8368
2025-06-20 16:00:00+00:00,2494.48,2496.32,2378.01,2420.8,184.8637
2025-06-20 20:00:00+00:00,2422.3,2437.4,2383.76,2407.82,72.348
2025-06-21 00:00:00+00:00,2405.44,2430.96,2395.9,2429.5,37.9221
2025-06-21 04:00:00+00:00,2427.5,2427.67,2419.57,2427.67,19.6832
2025-06-21 08:00:00+00:00,2427.33,2447.75,2426.16,2439.85,4.0655
2025-06-21 12:00:00+00:00,2442.56,2442.56,2412.83,2423.05,12.9446
2025-06-21 16:00:00+00:00,2425.21,2427.44,2383.76,2383.76,53.1442
2025-06-21 20:00:00+00:00,2383.0,2407.93,2217.7,2300.0,228.6513
2025-06-22 00:00:00+00:00,2297.83,2322.69,2248.72,2262.85,94.2143
2025-06-22 04:00:00+00:00,2262.85,2296.86,2262.69,2269.93,74.6755
2025-06-22 08:00:00+00:00,2279.2,2279.2,2237.76,2269.65,4.7264
2025-06-22 12:00:00+00:00,2277.94,2284.51,2158.73,2171.0,131.5241
2025-06-22 16:00:00+00:00,2175.0,2218.11,2173.55,2185.67,88.8168
2025-06-22 20:00:00+00:00,2184.23,2235.66,2115.0,2225.79,174.6205
2025-06-23 00:00:00+00:00,2226.3,2256.61,2221.88,2235.62,18.2461
2025-06-23 04:00:00+00:00,2237.49,2271.42,2229.22,2256.4,78.7551
2025-06-23 08:00:00+00:00,2260.1,2272.53,2242.41,2255.17,9.0566
2025-06-23 12:00:00+00:00,2250.68,2310.71,2234.0,2250.0,86.0759
2025-06-23 16:00:00+00:00,2249.37,2322.44,2190.16,2313.21,175.2533
2025-06-23 20:00:00+00:00,2314.2,2437.05,2310.81,2412.2,135.0799
2025-06-24 00:00:00+00:00,2412.05,2417.71,2392.07,2401.1,18.2209
2025-06-24 04:00:00+00:00,2401.58,2431.36,2393.89,2395.01,7.4401
2025-06-24 08:00:00+00:00,2394.26,2446.43,2377.9,2411.77,31.1555
2025-06-24 12:00:00+00:00,2415.53,2453.65,2404.65,2436.76,47.9183
2025-06-24 16:00:00+00:00,2441.0,2478.56,2420.27,2429.53,54.6391
2025-06-24 20:00:00+00:00,2433.42,2447.27,2430.47,2444.68,40.3781
2025-06-25 00:00:00+00:00,2446.62,2465.72,2438.97,2445.43,16.57
2025-06-25 04:00:00+00:00,2445.96,2450.15,2425.83,2447.46,6.794
2025-06-25 08:00:00+00:00,2446.05,2446.05,2408.99,2427.82,12.6151
2025-06-25 12:00:00+00:00,2427.67,2443.86,2391.53,2408.47,31.3097
2025-06-25 16:00:00+00:00,2404.85,2437.12,2404.42,2428.72,18.1848
2025-06-25 20:00:00+00:00,2432.93,2452.33,2408.98,2419.16,48.8521
2025-06-26 00:00:00+00:00,2419.54,2515.0,2416.21,2485.89,85.1372
2025-06-26 04:00:00+00:00,2483.51,2495.01,2467.92,2490.57,7.9826
2025-06-26 08:00:00+00:00,2487.81,2497.08,2442.02,2447.49,8.6074
2025-06-26 12:00:00+00:00,2451.49,2455.82,2411.02,2433.82,45.9763
2025-06-26 16:00:00+00:00,2433.21,2441.17,2420.85,2440.02,31.7024
2025-06-26 20:00:00+00:00,2435.11,2458.0,2396.3,2414.91,63.0483
2025-06-27 00:00:00+00:00,2417.56,2447.91,2382.17,2447.22,55.5298
2025-06-27 04:00:00+00:00,2447.94,2456.5,2434.16,2443.43,19.7915
2025-06-27 08:00:00+00:00,2442.88,2459.0,2437.48,2446.52,24.6783
2025-06-27 12:00:00+00:00,2446.79,2455.96,2416.02,2437.74,15.662
2025-06-27 16:00:00+00:00,2437.28,2444.15,2390.0,2413.75,103.2963
2025-06-27 20:00:00+00:00,2416.21,2430.05,2414.71,2421.92,21.3622
2025-06-28 00:00:00+00:00,2421.77,2422.68,2405.19,2422.68,18.317
2025-06-28 04:00:00+00:00,2420.78,2430.91,2417.78,2430.91,4.7806
2025-06-28 08:00:00+00:00,2430.92,2430.92,2420.17,2427.93,12.0809
2025-06-28 12:00:00+00:00,2427.3,2440.0,2421.57,2438.01,27.2605
2025-06-28 16:00:00+00:00,2437.39,2447.65,2432.48,2432.48,8.4866
2025-06-28 20:00:00+00:00,2435.74,2442.18,2427.61,2437.4,22.1884
2025-06-29 00:00:00+00:00,2436.9,2439.83,2425.58,2431.2,6.1181
2025-06-29 04:00:00+00:00,2427.95,2438.5,2427.26,2437.23,5.612
2025-06-29 08:00:00+00:00,2440.06,2461.22,2439.42,2460.39,11.9544
2025-06-29 12:00:00+00:00,2457.98,2457.98,2434.2,2436.01,10.0935
2025-06-29 16:00:00+00:00,2439.69,2442.35,2431.28,2437.42,4.4087
2025-06-29 20:00:00+00:00,2437.62,2522.57,2414.29,2500.61,160.4014
2025-06-30 00:00:00+00:00,2501.67,2519.23,2494.79,2499.81,22.0194
2025-06-30 04:00:00+00:00,2498.7,2504.52,2458.94,2480.96,32.0705
2025-06-30 08:00:00+00:00,2483.66,2484.43,2448.0,2464.54,57.673
2025-06-30 12:00:00+00:00,2460.46,2485.69,2436.32,2476.04,73.8228
2025-06-30 16:00:00+00:00,2474.99,2517.23,2463.16,2517.23,51.1422
2025-06-30 20:00:00+00:00,2509.06,2521.58,2484.21,2487.03,110.2163
2025-07-01 00:00:00+00:00,2487.9,2498.52,2478.57,2485.47,26.5835
2025-07-01 04:00:00+00:00,2491.11,2491.11,2447.25,2465.69,25.1478
2025-07-01 08:00:00+00:00,2464.5,2464.5,2443.75,2446.0,6.2837
2025-07-01 12:00:00+00:00,2448.27,2453.57,2410.0,2426.65,91.0376
2025-07-01 16:00:00+00:00,2422.66,2432.81,2404.07,2405.06,71.1595
2025-07-01 20:00:00+00:00,2403.66,2416.69,2387.64,2402.84,98.8762
2025-07-02 00:00:00+00:00,2403.24,2429.95,2374.58,2428.66,40.1614
2025-07-02 04:00:00+00:00,2429.56,2452.82,2427.61,2447.68,22.8014
2025-07-02 08:00:00+00:00,2450.66,2457.83,2443.96,2445.24,27.2074
2025-07-02 12:00:00+00:00,2444.22,2500.0,2432.82,2494.41,96.2265
2025-07-02 16:00:00+00:00,2497.58,2603.41,2494.73,2603.41,270.2255
2025-07-02 20:00:00+00:00,2603.41,2615.26,2567.21,2567.25,76.5823
2025-07-03 00:00:00+00:00,2569.71,2585.96,2558.45,2561.6,39.3611
2025-07-03 04:00:00+00:00,2563.1,2603.16,2561.21,2600.89,25.0497
2025-07-03 08:00:00+00:00,2599.79,2615.49,2582.96,2597.11,68.9132
2025-07-03 12:00:00+00:00,2596.72,2633.47,2566.55,2571.61,100.2799
2025-07-03 16:00:00+00:00,2571.3,2591.66,2567.12,2588.13,20.0892
2025-07-03 20:00:00+00:00,2585.44,2602.52,2585.43,2589.38,13.9335
2025-07-04 00:00:00+00:00,2590.03,2598.63,2573.14,2580.88,16.033
2025-07-04 04:00:00+00:00,2581.0,2586.15,2534.21,2534.21,32.278
2025-07-04 08:00:00+00:00,2536.48,2555.8,2530.84,2548.9,2.4358
2025-07-04 12:00:00+00:00,2548.9,2553.94,2500.12,2500.53,89.7223
2025-07-04 16:00:00+00:00,2502.6,2506.04,2476.41,2480.81,84.6142
2025-07-04 20:00:00+00:00,2484.86,2520.32,2483.21,2511.3,19.8466
2025-07-05 00:00:00+00:00,2509.63,2524.24,2500.01,2519.93,8.3194
2025-07-05 04:00:00+00:00,2517.91,2528.25,2513.48,2521.15,23.2109
2025-07-05 08:00:00+00:00,2520.34,2524.95,2509.53,2524.95,1.0068
2025-07-05 12:00:00+00:00,2516.77,2521.6,2506.61,2506.61,14.0631
2025-07-05 16:00:00+00:00,2509.42,2512.05,2488.33,2506.61,28.7196
2025-07-05 20:00:00+00:00,2506.83,2521.93,2498.03,2517.6,24.323
2025-07-06 00:00:00+00:00,2515.06,2520.35,2510.71,2514.39,7.1457
2025-07-06 04:00:00+00:00,2515.0,2525.48,2508.89,2517.94,11.6845
2025-07-06 08:00:00+00:00,2515.8,2518.18,2505.88,2512.09,13.1492
2025-07-06 12:00:00+00:00,2512.73,2568.49,2512.73,2557.25,40.3697
2025-07-06 16:00:00+00:00,2559.93,2559.93,2524.19,2537.26,23.2272
2025-07-06 20:00:00+00:00,2542.24,2603.59,2541.63,2569.59,46.3881
2025-07-07 00:00:00+00:00,2572.23,2588.41,2551.0,2576.16,13.2504
2025-07-07 04:00:00+00:00,2578.58,2580.45,2561.21,2576.16,3.2866
2025-07-07 08:00:00+00:00,2579.19,2585.88,2553.49,2562.15,2.817
2025-07-07 12:00:00+00:00,2563.57,2566.76,2528.68,2532.9,67.2843
2025-07-07 16:00:00+00:00,2533.01,2558.25,2514.18,2543.6,67.5238
2025-07-07 20:00:00+00:00,2540.0,2546.28,2526.32,2545.28,20.6315
2025-07-08 00:00:00+00:00,2543.09,2553.48,2525.13,2536.9,14.5861
2025-07-08 04:00:00+00:00,2537.06,2562.42,2533.39,2556.18,12.0025
2025-07-08 08:00:00+00:00,2551.19,2583.88,2546.85,2574.39,8.3378
2025-07-08 12:00:00+00:00,2578.03,2599.0,2558.45,2564.12,49.3799
2025-07-08 16:00:00+00:00,2565.12,2626.63,2560.64,2611.08,171.6248
2025-07-08 20:00:00+00:00,2607.36,2617.66,2599.05,2616.36,32.4483
2025-07-09 00:00:00+00:00,2615.07,2623.85,2591.02,2591.02,26.7688
2025-07-09 04:00:00+00:00,2593.98,2643.96,2591.4,2626.02,23.5519
2025-07-09 08:00:00+00:00,2625.53,2628.1,2605.72,2628.1,9.7216
2025-07-09 12:00:00+00:00,2627.0,2672.69,2627.0,2657.74,59.0042
2025-07-09 16:00:00+00:00,2655.8,2793.89,2652.81,2761.88,136.1847
2025-07-09 20:00:00+00:00,2766.87,2782.82,2732.1,2766.31,127.3859
2025-07-10 00:00:00+00:00,2770.71,2795.58,2754.56,2774.56,34.6062
2025-07-10 04:00:00+00:00,2773.9,2820.85,2766.53,2792.88,44.2337
2025-07-10 08:00:00+00:00,2787.16,2795.58,2772.87,2775.72,10.6907
2025-07-10 12:00:00+00:00,2775.72,2791.66,2759.78,2768.44,13.4781
2025-07-10 16:00:00+00:00,2768.18,2837.36,2768.18,2816.73,159.6476
2025-07-10 20:00:00+00:00,2816.16,2998.1,2810.46,2952.17,265.9707
2025-07-11 00:00:00+00:00,2952.81,2972.76,2915.65,2971.61,171.1154
2025-07-11 04:00:00+00:00,2970.63,3028.88,2951.44,2970.0,177.9029
2025-07-11 08:00:00+00:00,2970.0,3038.0,2966.18,2984.58,73.2108
2025-07-11 12:00:00+00:00,2981.67,3007.57,2941.5,2942.66,74.3425
2025-07-11 16:00:00+00:00,2949.98,3006.46,2937.38,3005.25,102.7717
2025-07-11 20:00:00+00:00,3001.92,3006.46,2922.15,2959.04,91.6479
2025-07-12 00:00:00+00:00,2959.04,2970.22,2935.45,2964.66,46.9093
2025-07-12 04:00:00+00:00,2965.03,2975.9,2944.56,2964.88,9.444
2025-07-12 08:00:00+00:00,2966.31,2977.31,2960.6,2963.92,77.4174
2025-07-12 12:00:00+00:00,2967.61,2967.61,2905.31,2912.24,63.4223
2025-07-12 16:00:00+00:00,2916.25,2944.82,2916.25,2939.71,47.5935
2025-07-12 20:00:00+00:00,2940.06,2945.53,2917.22,2940.46,28.6662
2025-07-13 00:00:00+00:00,2941.41,2957.69,2936.35,2953.77,15.9996
2025-07-13 04:00:00+00:00,2953.77,2966.14,2947.63,2959.9,94.182
2025-07-13 08:00:00+00:00,2961.56,2962.52,2946.88,2962.52,2.5483
2025-07-13 12:00:00+00:00,2965.79,3016.0,2963.15,2991.23,73.7068
2025-07-13 16:00:00+00:00,2992.03,3007.69,2965.03,2992.87,42.6901
2025-07-13 20:00:00+00:00,2989.82,2996.56,2942.78,2973.37,71.7939
2025-07-14 00:00:00+00:00,2969.55,3048.67,2964.21,3039.67,117.5964
2025-07-14 04:00:00+00:00,3037.03,3062.5,3019.74,3044.1,78.7948
2025-07-14 08:00:00+00:00,3043.68,3081.89,3025.81,3053.82,46.205
2025-07-14 12:00:00+00:00,3053.29,3066.67,2995.02,3012.44,109.2381
2025-07-14 16:00:00+00:00,3013.66,3028.94,2984.94,2999.09,77.2442
2025-07-14 20:00:00+00:00,2993.61,3019.68,2983.43,3012.74,51.758
2025-07-15 00:00:00+00:00,3014.52,3021.51,2934.27,2945.75,178.9999
2025-07-15 04:00:00+00:00,2954.86,2994.47,2936.27,2979.31,50.5003
2025-07-15 08:00:00+00:00,2975.56,2985.39,2962.24,2978.53,18.9192
2025-07-15 12:00:00+00:00,2982.05,3066.28,2969.55,3038.97,147.9147
2025-07-15 16:00:00+00:00,3043.48,3096.76,3032.97,3051.5,197.837
2025-07-15 20:00:00+00:00,3039.89,3142.47,3029.1,3140.8,153.8759
2025-07-16 00:00:00+00:00,3141.92,3150.31,3103.57,3114.36,100.1639
2025-07-16 04:00:00+00:00,3116.48,3173.94,3101.58,3162.7,65.5282
2025-07-16 08:00:00+00:00,3162.7,3171.17,3144.84,3151.53,41.1536
2025-07-16 12:00:00+00:00,3149.22,3262.48,3149.22,3243.75,276.1498
2025-07-16 16:00:00+00:00,3243.78,3382.01,3236.58,3382.0,263.8628
2025-07-16 20:00:00+00:00,3382.0,3423.36,3344.69,3370.92,220.9164
2025-07-17 00:00:00+00:00,3370.93,3397.03,3315.0,3326.7,188.431
2025-07-17 04:00:00+00:00,3325.67,3466.45,3320.3,3450.24,88.2444
2025-07-17 08:00:00+00:00,3450.45,3477.77,3427.35,3440.96,95.6624
2025-07-17 12:00:00+00:00,3436.42,3441.73,3364.96,3423.85,148.1708
2025-07-17 16:00:00+00:00,3423.85,3452.92,3368.05,3409.0,177.4887
2025-07-17 20:00:00+00:00,3407.39,3518.85,3374.78,3470.93,185.1896
2025-07-18 00:00:00+00:00,3477.97,3625.39,3460.3,3597.43,198.1264
2025-07-18 04:00:00+00:00,3591.65,3671.43,3578.47,3607.24,94.364
2025-07-18 08:00:00+00:00,3610.96,3624.18,3584.78,3610.65,32.6902
2025-07-18 12:00:00+00:00,3606.58,3671.63,3532.77,3561.82,233.4637
2025-07-18 16:00:00+00:00,3568.18,3621.11,3540.0,3548.42,112.3778
2025-07-18 20:00:00+00:00,3553.95,3572.31,3480.0,3548.02,107.2914
2025-07-19 00:00:00+00:00,3544.56,3595.0,3510.49,3590.5,70.0064
2025-07-19 04:00:00+00:00,3587.86,3603.96,3567.05,3573.72,33.5554
2025-07-19 08:00:00+00:00,3567.42,3574.98,3540.5,3555.16,23.9919
2025-07-19 12:00:00+00:00,3556.3,3572.3,3528.93,3553.65,28.3986
2025-07-19 16:00:00+00:00,3548.42,3578.85,3535.0,3571.46,20.4596
2025-07-19 20:00:00+00:00,3579.78,3596.99,3540.88,3591.95,44.2943
2025-07-20 00:00:00+00:00,3583.09,3689.5,3575.26,3655.65,94.6571
2025-07-20 04:00:00+00:00,3664.44,3688.57,3635.0,3671.41,50.7718
2025-07-20 08:00:00+00:00,3676.63,3762.47,3676.21,3756.76,90.5609
2025-07-20 12:00:00+00:00,3754.8,3789.19,3723.93,3788.29,140.4572
2025-07-20 16:00:00+00:00,3788.63,3821.94,3740.45,3754.06,160.6161
2025-07-20 20:00:00+00:00,3750.25,3771.0,3695.0,3760.19,146.9645
2025-07-21 00:00:00+00:00,3750.28,3765.06,3703.16,3752.24,113.3269
2025-07-21 04:00:00+00:00,3760.0,3810.43,3749.11,3788.79,61.7119
2025-07-21 08:00:00+00:00,3789.77,3834.84,3757.79,3810.69,102.9429
2025-07-21 12:00:00+00:00,3809.14,3854.7,3778.06,3812.0,114.9423
2025-07-21 16:00:00+00:00,3810.28,3817.47,3721.54,3728.04,99.8137
2025-07-21 20:00:00+00:00,3734.15,3777.68,3723.93,3767.17,83.054
2025-07-22 00:00:00+00:00,3766.5,3789.83,3694.85,3729.68,259.4643
2025-07-22 04:00:00+00:00,3728.99,3731.85,3642.17,3667.64,99.7356
2025-07-22 08:00:00+00:00,3669.93,3715.43,3616.0,3702.01,64.0244
2025-07-22 12:00:00+00:00,3707.26,3726.47,3627.63,3719.91,157.9938
2025-07-22 16:00:00+00:00,3718.01,3748.72,3658.39,3665.25,117.5254
2025-07-22 20:00:00+00:00,3670.82,3749.89,3660.94,3749.89,96.529
2025-07-23 00:00:00+00:00,3747.93,3763.63,3716.0,3731.5,47.8759
2025-07-23 04:00:00+00:00,3729.81,3733.25,3667.56,3675.9,60.2581
2025-07-23 08:00:00+00:00,3671.8,3696.0,3643.58,3670.42,23.7967
2025-07-23 12:00:00+00:00,3672.6,3679.2,3582.59,3640.0,139.3268
2025-07-23 16:00:00+00:00,3640.96,3640.96,3547.2,3598.99,122.93
2025-07-23 20:00:00+00:00,3592.08,3631.55,3529.6,3624.05,52.2295
2025-07-24 00:00:00+00:00,3624.05,3663.63,3610.0,3644.43,51.957
2025-07-24 04:00:00+00:00,3646.25,3653.93,3509.09,3593.87,94.0705
2025-07-24 08:00:00+00:00,3588.05,3655.8,3583.51,3655.03,32.8727
2025-07-24 12:00:00+00:00,3655.0,3768.94,3617.2,3729.59,94.2001
2025-07-24 16:00:00+00:00,3730.0,3751.84,3670.89,3728.23,48.7546
2025-07-24 20:00:00+00:00,3728.96,3740.98,3697.64,3705.54,23.8989
2025-07-25 00:00:00+00:00,3707.55,3707.55,3577.97,3592.31,69.6565
2025-07-25 04:00:00+00:00,3601.77,3664.44,3585.22,3630.61,20.4432
2025-07-25 08:00:00+00:00,3637.86,3743.99,3635.06,3722.93,31.2522
2025-07-25 12:00:00+00:00,3728.83,3730.15,3604.04,3632.5,33.7903
2025-07-25 16:00:00+00:00,3637.8,3659.11,3619.22,3644.27,33.3692
2025-07-25 20:00:00+00:00,3641.98,3727.91,3639.67,3720.94,51.3066
2025-07-26 00:00:00+00:00,3720.95,3762.35,3702.09,3746.31,73.0408
2025-07-26 04:00:00+00:00,3742.84,3753.88,3734.01,3743.42,22.3391
2025-07-26 08:00:00+00:00,3745.36,3778.28,3732.21,3741.69,19.847
2025-07-26 12:00:00+00:00,3733.83,3748.56,3717.49,3737.7,24.8287
2025-07-26 16:00:00+00:00,3735.29,3751.58,3712.94,3751.48,18.9141
2025-07-26 20:00:00+00:00,3743.64,3788.86,3737.24,3740.65,30.9781
2025-07-27 00:00:00+00:00,3740.7,3787.04,3731.68,3774.69,26.8482
2025-07-27 04:00:00+00:00,3775.86,3805.45,3765.0,3767.92,22.3962
2025-07-27 08:00:00+00:00,3769.96,3836.06,3752.95,3813.97,28.3554
2025-07-27 12:00:00+00:00,3816.57,3831.19,3793.51,3821.25,26.5231
2025-07-27 16:00:00+00:00,3822.11,3866.64,3810.23,3825.45,85.6158
2025-07-27 20:00:00+00:00,3829.91,3875.0,3816.35,3873.34,52.005
2025-07-28 00:00:00+00:00,3873.95,3901.97,3844.36,3879.08,62.9809
2025-07-28 04:00:00+00:00,3875.5,3937.99,3869.7,3892.9,98.4825
2025-07-28 08:00:00+00:00,3886.63,3899.69,3859.03,3876.0,38.5864
2025-07-28 12:00:00+00:00,3881.14,3888.92,3775.67,3807.14,139.4931
2025-07-28 16:00:00+00:00,3805.29,3823.4,3756.01,3794.87,38.2267
2025-07-28 20:00:00+00:00,3799.24,3803.0,3765.35,3794.79,7.4054
2025-07-29 00:00:00+00:00,3799.24,3818.8,3733.79,3796.03,86.1672
2025-07-29 04:00:00+00:00,3793.1,3877.62,3776.7,3877.6,25.8477
2025-07-29 08:00:00+00:00,3877.57,3882.7,3814.12,3822.0,23.9754
2025-07-29 12:00:00+00:00,3827.02,3872.0,3751.23,3763.75,124.4324
2025-07-29 16:00:00+00:00,3763.77,3791.5,3719.5,3769.86,63.0151
2025-07-29 20:00:00+00:00,3760.6,3797.52,3744.43,3794.85,31.8498
2025-07-30 00:00:00+00:00,3794.68,3826.13,3755.71,3821.65,46.4413
2025-07-30 04:00:00+00:00,3815.11,3831.19,3788.86,3804.69,41.3686
2025-07-30 08:00:00+00:00,3814.03,3823.53,3747.0,3758.69,41.605
2025-07-30 12:00:00+00:00,3760.06,3829.49,3751.71,3801.42,53.5627
2025-07-30 16:00:00+00:00,3800.11,3818.08,3686.64,3760.27,63.4688
2025-07-30 20:00:00+00:00,3764.31,3811.43,3742.65,3810.03,57.9006
2025-07-31 00:00:00+00:00,3809.36,3864.38,3801.91,3862.78,45.8908
2025-07-31 04:00:00+00:00,3862.78,3875.0,3852.48,3863.0,39.8337
2025-07-31 08:00:00+00:00,3861.35,3869.65,3828.6,3830.42,22.5629
2025-07-31 12:00:00+00:00,3840.04,3844.9,3765.06,3786.42,67.0273
2025-07-31 16:00:00+00:00,3790.96,3817.37,3739.2,3742.57,59.0041
2025-07-31 20:00:00+00:00,3737.91,3756.1,3688.61,3694.59,35.3228
2025-08-01 00:00:00+00:00,3695.04,3722.22,3620.35,3703.95,57.7028
2025-08-01 04:00:00+00:00,3706.86,3706.86,3625.13,3647.04,51.5725
2025-08-01 08:00:00+00:00,3645.14,3646.12,3588.66,3644.48,36.3326
2025-08-01 12:00:00+00:00,3644.42,3673.41,3568.71,3619.56,105.4307
2025-08-01 16:00:00+00:00,3614.17,3633.21,3515.26,3520.01,87.8068
2025-08-01 20:00:00+00:00,3519.59,3552.22,3434.26,3491.19,90.3869
2025-08-02 00:00:00+00:00,3491.88,3530.34,3481.11,3520.82,75.2859
2025-08-02 04:00:00+00:00,3530.2,3537.35,3458.5,3519.89,14.3785
2025-08-02 08:00:00+00:00,3519.92,3522.28,3478.05,3509.87,10.2828
2025-08-02 12:00:00+00:00,3506.27,3516.15,3453.58,3458.65,56.3939
2025-08-02 16:00:00+00:00,3457.35,3479.94,3374.9,3387.68,96.9176
2025-08-02 20:00:00+00:00,3386.33,3437.79,3370.75,3394.85,46.4856
2025-08-03 00:00:00+00:00,3403.59,3449.35,3358.03,3445.74,45.9115
2025-08-03 04:00:00+00:00,3443.28,3457.46,3436.48,3453.27,18.9541
2025-08-03 08:00:00+00:00,3459.12,3514.03,3454.88,3488.2,26.2703
2025-08-03 12:00:00+00:00,3486.46,3501.54,3458.5,3477.18,25.0149
2025-08-03 16:00:00+00:00,3473.7,3513.48,3471.06,3494.83,28.9235
2025-08-03 20:00:00+00:00,3500.3,3518.85,3485.91,3499.5,5.0437
2025-08-04 00:00:00+00:00,3496.28,3575.24,3493.99,3558.42,45.1079
2025-08-04 04:00:00+00:00,3563.95,3565.94,3524.06,3552.51,5.6748
2025-08-04 08:00:00+00:00,3553.07,3573.62,3542.73,3558.71,4.2308
2025-08-04 12:00:00+00:00,3553.93,3661.7,3553.93,3649.78,54.0066
2025-08-04 16:00:00+00:00,3651.06,3718.92,3646.97,3668.54,92.1019
2025-08-04 20:00:00+00:00,3667.82,3735.83,3663.41,3723.12,58.1019
2025-08-05 00:00:00+00:00,3723.13,3723.13,3650.0,3654.43,68.568
2025-08-05 04:00:00+00:00,3650.06,3678.79,3604.41,3614.66,32.1555
2025-08-05 08:00:00+00:00,3614.75,3693.71,3611.02,3665.58,3.5448
2025-08-05 12:00:00+00:00,3673.22,3678.83,3558.67,3569.68,71.4315
2025-08-05 16:00:00+00:00,3572.97,3607.72,3561.84,3577.85,13.1246
2025-08-05 20:00:00+00:00,3575.56,3621.82,3548.34,3613.2,11.896
2025-08-06 00:00:00+00:00,3618.1,3621.42,3564.19,3585.83,27.9155
2025-08-06 04:00:00+00:00,3579.81,3659.16,3574.82,3631.55,16.4217
2025-08-06 08:00:00+00:00,3640.72,3640.72,3612.52,3616.35,9.8392
2025-08-06 12:00:00+00:00,3619.47,3665.11,3577.03,3665.11,62.5785
2025-08-06 16:00:00+00:00,3660.4,3697.11,3640.1,3682.0,39.9481
2025-08-06 20:00:00+00:00,3679.76,3684.36,3646.18,3684.14,13.2681
2025-08-07 00:00:00+00:00,3683.94,3713.31,3649.67,3658.51,16.7619
2025-08-07 04:00:00+00:00,3658.32,3710.01,3655.29,3691.35,11.8252
2025-08-07 08:00:00+00:00,3703.26,3839.69,3703.26,3828.75,89.8462
2025-08-07 12:00:00+00:00,3828.75,3861.99,3806.86,3839.63,162.4237
2025-08-07 16:00:00+00:00,3838.82,3873.86,3783.64,3851.75,29.0599
2025-08-07 20:00:00+00:00,3869.52,3922.93,3849.94,3916.68,185.3507
2025-08-08 00:00:00+00:00,3916.58,3964.51,3881.13,3935.48,139.0536
2025-08-08 04:00:00+00:00,3941.3,3941.3,3896.66,3908.05,16.2689
2025-08-08 08:00:00+00:00,3921.51,3925.97,3886.28,3916.14,7.056
2025-08-08 12:00:00+00:00,3916.15,4002.37,3890.4,3950.89,138.575
2025-08-08 16:00:00+00:00,3955.81,4061.98,3953.29,4057.38,243.8168
2025-08-08 20:00:00+00:00,4062.01,4067.02,4008.63,4008.63,38.19
2025-08-09 00:00:00+00:00,4015.14,4052.62,4007.61,4052.39,40.2331
2025-08-09 04:00:00+00:00,4046.85,4194.98,4046.49,4173.5,172.6798
2025-08-09 08:00:00+00:00,4169.0,4242.0,4167.45,4186.78,109.3577
2025-08-09 12:00:00+00:00,4194.03,4222.95,4154.72,4213.38,36.5833
2025-08-09 16:00:00+00:00,4212.74,4265.59,4200.97,4255.48,71.38801
2025-08-09 20:00:00+00:00,4258.09,4321.38,4242.92,4268.66,86.52358
2025-08-10 00:00:00+00:00,4268.06,4327.68,4205.39,4246.1,89.9334
2025-08-10 04:00:00+00:00,4245.5,4264.26,4170.77,4193.89,102.5204
2025-08-10 08:00:00+00:00,4185.03,4230.8,4164.36,4179.28,17.7017
2025-08-10 12:00:00+00:00,4192.24,4233.05,4162.57,4214.53,103.9909
2025-08-10 16:00:00+00:00,4214.66,4255.0,4214.66,4254.54,48.3503
2025-08-10 20:00:00+00:00,4243.61,4254.8,4188.71,4254.57,58.764
2025-08-11 00:00:00+00:00,4248.25,4315.0,4238.48,4303.89,377.6773
2025-08-11 04:00:00+00:00,4303.84,4330.0,4268.23,4268.23,50.5666
2025-08-11 08:00:00+00:00,4269.8,4278.29,4173.49,4191.36,32.741
2025-08-11 12:00:00+00:00,4190.51,4326.53,4169.95,4326.53,74.3701
2025-08-11 16:00:00+00:00,4327.46,4362.88,4238.1,4258.25,388.28619
2025-08-11 20:00:00+00:00,4258.25,4261.24,4192.84,4229.51,58.9265
2025-08-12 00:00:00+00:00,4228.31,4309.9,4219.67,4292.78,87.1715
2025-08-12 04:00:00+00:00,4281.74,4319.74,4263.58,4316.28,19.2122
2025-08-12 08:00:00+00:00,4315.44,4330.0,4259.89,4285.94,38.6825
2025-08-12 12:00:00+00:00,4295.68,4477.46,4283.14,4476.51,199.86291
2025-08-12 16:00:00+00:00,4476.49,4516.04,4444.22,4515.76,128.47893
2025-08-12 20:00:00+00:00,4515.76,4637.6,4502.01,4593.0,191.34299
2025-08-13 00:00:00+00:00,4586.94,4654.87,4566.98,4649.09,109.09142
2025-08-13 04:00:00+00:00,4649.08,4679.62,4610.89,4628.13,37.00208
2025-08-13 08:00:00+00:00,4621.42,4710.74,4610.89,4689.79,69.39548
2025-08-13 12:00:00+00:00,4690.0,4732.43,4620.25,4664.13,97.86461
2025-08-13 16:00:00+00:00,4664.13,4748.0,4664.13,4738.46,97.13728
2025-08-13 20:00:00+00:00,4747.38,4778.97,4701.12,4750.57,121.04044
2025-08-14 00:00:00+00:00,4749.43,4777.75,4709.63,4771.3,143.4642
2025-08-14 04:00:00+00:00,4765.19,4784.62,4719.8,4759.88,36.3556
2025-08-14 08:00:00+00:00,4752.78,4761.54,4677.79,4709.34,58.493
2025-08-14 12:00:00+00:00,4707.48,4733.76,4446.97,4632.94,353.8432
2025-08-14 16:00:00+00:00,4631.64,4631.64,4482.49,4541.27,153.7667
2025-08-14 20:00:00+00:00,4538.96,4569.96,4456.0,4551.71,68.4335
2025-08-15 00:00:00+00:00,4536.95,4639.15,4536.95,4624.44,101.9725
2025-08-15 04:00:00+00:00,4634.03,4649.4,4596.58,4638.16,38.4273
2025-08-15 08:00:00+00:00,4636.66,4663.58,4613.78,4642.23,7.0791
2025-08-15 12:00:00+00:00,4637.92,4660.92,4400.0,4428.05,110.6295
2025-08-15 16:00:00+00:00,4425.81,4455.73,4375.0,4385.04,137.0826
2025-08-15 20:00:00+00:00,4380.34,4488.75,4370.93,4443.02,68.9317
2025-08-16 00:00:00+00:00,4437.3,4485.77,4427.2,4427.2,83.1184
2025-08-16 04:00:00+00:00,4438.01,4461.54,4411.7,4456.61,9.0538
2025-08-16 08:00:00+00:00,4453.95,4458.66,4375.14,4388.91,22.5696
2025-08-16 12:00:00+00:00,4384.33,4426.91,4371.5,4395.02,19.0171
2025-08-16 16:00:00+00:00,4400.24,4435.77,4393.34,4424.23,24.3131
2025-08-16 20:00:00+00:00,4420.0,4435.18,4406.58,4422.85,37.2246
2025-08-17 00:00:00+00:00,4422.84,4455.3,4397.76,4453.34,38.0571
2025-08-17 04:00:00+00:00,4453.49,4490.0,4445.8,4466.69,59.1593
2025-08-17 08:00:00+00:00,4467.73,4570.53,4459.36,4548.51,23.1851
2025-08-17 12:00:00+00:00,4551.7,4567.83,4520.0,4561.15,29.0477
2025-08-17 16:00:00+00:00,4562.34,4567.8,4428.49,4459.06,55.4449
2025-08-17 20:00:00+00:00,4460.14,4533.68,4456.19,4472.92,33.9669
2025-08-18 00:00:00+00:00,4469.11,4478.7,4283.22,4322.55,114.4576
2025-08-18 04:00:00+00:00,4321.59,4343.41,4233.27,4252.68,78.8871
2025-08-18 08:00:00+00:00,4266.85,4317.29,4227.5,4269.69,24.9158
2025-08-18 12:00:00+00:00,4276.58,4365.73,4264.87,4331.05,53.2211
2025-08-18 16:00:00+00:00,4333.11,4380.34,4303.29,4360.02,59.1028
2025-08-18 20:00:00+00:00,4348.37,4382.35,4306.93,4313.96,31.0934
2025-08-19 00:00:00+00:00,4308.06,4354.22,4215.0,4223.98,175.0417
2025-08-19 04:00:00+00:00,4223.38,4248.16,4196.69,4237.09,108.6647
2025-08-19 08:00:00+00:00,4234.51,4315.14,4219.68,4301.75,18.5246
2025-08-19 12:00:00+00:00,4310.64,4335.46,4171.11,4202.1,108.0553
2025-08-19 16:00:00+00:00,4200.39,4206.14,4116.87,4140.0,106.6942
2025-08-19 20:00:00+00:00,4140.09,4165.0,4070.47,4085.11,89.5166
2025-08-20 00:00:00+00:00,4084.1,4155.16,4064.99,4142.41,100.8322
2025-08-20 04:00:00+00:00,4145.84,4207.26,4137.2,4183.95,51.6326
2025-08-20 08:00:00+00:00,4183.84,4237.72,4151.96,4188.27,19.8449
2025-08-20 12:00:00+00:00,4195.2,4304.69,4105.01,4256.94,87.9977
2025-08-20 16:00:00+00:00,4260.37,4358.33,4260.35,4347.1,69.3844
2025-08-20 20:00:00+00:00,4352.14,4374.32,4322.0,4338.38,66.7993
2025-08-21 00:00:00+00:00,4337.1,4339.29,4278.36,4294.76,57.0874
2025-08-21 04:00:00+00:00,4303.67,4322.53,4273.04,4305.77,12.6974
2025-08-21 08:00:00+00:00,4313.05,4313.05,4259.79,4279.12,13.068
2025-08-21 12:00:00+00:00,4282.58,4325.0,4230.0,4250.82,48.0809
2025-08-21 16:00:00+00:00,4237.56,4271.16,4211.18,4229.74,28.8461
2025-08-21 20:00:00+00:00,4228.32,4260.21,4207.38,4231.45,12.1175
2025-08-22 00:00:00+00:00,4221.44,4313.79,4221.44,4283.07,30.4871
2025-08-22 04:00:00+00:00,4285.26,4344.29,4276.16,4337.05,34.6557
2025-08-22 08:00:00+00:00,4333.29,4350.9,4276.93,4276.93,15.1533
2025-08-22 12:00:00+00:00,4282.43,4664.04,4210.0,4618.43,310.2804
2025-08-22 16:00:00+00:00,4616.49,4854.75,4612.64,4853.67,479.81436
2025-08-22 20:00:00+00:00,4853.01,4884.99,4790.0,4834.18,315.62821
2025-08-23 00:00:00+00:00,4833.72,4833.72,4667.76,4702.7,146.772
2025-08-23 04:00:00+00:00,4699.77,4761.85,4694.84,4717.68,63.5569
2025-08-23 08:00:00+00:00,4716.59,4748.36,4695.0,4695.07,77.149
2025-08-23 12:00:00+00:00,4707.7,4767.59,4702.48,4767.15,31.1158
2025-08-23 16:00:00+00:00,4749.36,4767.0,4730.17,4764.88,42.2104
2025-08-23 20:00:00+00:00,4764.66,4796.85,4740.61,4779.79,27.9337
2025-08-24 00:00:00+00:00,4780.0,4816.66,4756.61,4791.25,95.8635
2025-08-24 04:00:00+00:00,4794.11,4797.64,4756.94,4756.94,8.9125
2025-08-24 08:00:00+00:00,4756.61,4783.15,4725.0,4750.33,41.8891
2025-08-24 12:00:00+00:00,4749.79,4825.02,4737.71,4796.84,39.3585
2025-08-24 16:00:00+00:00,4798.0,4954.75,4748.73,4810.1,261.23978
2025-08-24 20:00:00+00:00,4813.12,4819.26,4714.49,4789.5,123.9718
2025-08-25 00:00:00+00:00,4781.39,4798.98,4670.0,4740.0,96.9166
2025-08-25 04:00:00+00:00,4722.08,4740.63,4584.99,4603.64,104.1283
2025-08-25 08:00:00+00:00,4600.0,4618.41,4525.0,4598.6,31.0517
2025-08-25 12:00:00+00:00,4595.04,4683.64,4586.01,4610.0,65.3309
2025-08-25 16:00:00+00:00,4609.09,4641.66,4420.0,4420.0,137.8081
2025-08-25 20:00:00+00:00,4429.57,4449.36,4342.84,4391.05,130.9045
2025-08-26 00:00:00+00:00,4370.77,4448.92,4315.6,4411.14,72.7527
2025-08-26 04:00:00+00:00,4417.15,4450.6,4397.76,4422.9,18.8624
2025-08-26 08:00:00+00:00,4436.13,4461.72,4408.22,4424.69,33.1111
2025-08-26 12:00:00+00:00,4415.05,4575.93,4410.0,4520.76,107.5644
2025-08-26 16:00:00+00:00,4517.21,4594.63,4502.07,4594.63,133.1696
2025-08-26 20:00:00+00:00,4594.55,4629.21,4566.83,4607.01,140.4625
2025-08-27 00:00:00+00:00,4607.08,4625.54,4543.18,4619.82,96.6424
2025-08-27 04:00:00+00:00,4599.96,4641.98,4562.23,4571.31,76.7167
2025-08-27 08:00:00+00:00,4582.72,4617.54,4558.29,4607.26,6.5569
2025-08-27 12:00:00+00:00,4613.19,4661.1,4577.93,4657.34,58.0169
2025-08-27 16:00:00+00:00,4651.95,4657.02,4536.66,4572.13,70.6616
2025-08-27 20:00:00+00:00,4564.05,4610.0,4481.15,4509.11,74.437
2025-08-28 00:00:00+00:00,4495.43,4546.86,4469.39,4546.86,22.8224
2025-08-28 04:00:00+00:00,4545.3,4598.68,4538.04,4591.28,18.463
2025-08-28 08:00:00+00:00,4591.71,4630.41,4581.64,4586.18,17.2072
2025-08-28 12:00:00+00:00,4593.9,4612.91,4487.71,4493.63,50.8441
2025-08-28 16:00:00+00:00,4507.7,4528.65,4440.16,4440.16,45.7325
2025-08-28 20:00:00+00:00,4437.15,4515.55,4430.85,4512.09,43.2218
2025-08-29 00:00:00+00:00,4508.06,4516.35,4440.0,4492.07,62.909
2025-08-29 04:00:00+00:00,4488.42,4503.22,4371.48,4377.33,84.2202
2025-08-29 08:00:00+00:00,4382.84,4397.76,4321.64,4342.38,37.8443
2025-08-29 12:00:00+00:00,4356.92,4452.17,4271.16,4312.14,114.0586
2025-08-29 16:00:00+00:00,4312.14,4364.69,4299.44,4347.84,83.5822
2025-08-29 20:00:00+00:00,4338.91,4375.0,4310.92,4360.99,32.3573
2025-08-30 00:00:00+00:00,4368.03,4377.54,4255.0,4359.73,57.2566
2025-08-30 04:00:00+00:00,4362.49,4410.99,4351.05,4399.04,10.4322
2025-08-30 08:00:00+00:00,4399.79,4406.08,4381.55,4388.0,4.4096
2025-08-30 12:00:00+00:00,4394.58,4394.58,4335.63,4375.9,18.4288
2025-08-30 16:00:00+00:00,4366.32,4374.12,4339.81,4352.1,12.7903
2025-08-30 20:00:00+00:00,4357.62,4374.56,4336.19,4374.56,21.5513
2025-08-31 00:00:00+00:00,4370.25,4486.79,4370.25,4486.79,27.3441
2025-08-31 04:00:00+00:00,4486.78,4489.78,4430.85,4451.64,6.8423
2025-08-31 08:00:00+00:00,4451.83,4478.56,4443.88,4474.21,21.9136
2025-08-31 12:00:00+00:00,4470.94,4495.82,4450.71,4480.0,14.2729
2025-08-31 16:00:00+00:00,4480.34,4489.77,4459.54,4459.54,10.1395
2025-08-31 20:00:00+00:00,4462.82,4477.87,4381.0,4394.22,36.1092
2025-09-01 00:00:00+00:00,4394.61,4431.33,4363.4,4386.63,72.4453
2025-09-01 04:00:00+00:00,4405.11,4459.55,4361.72,4459.55,11.1523
2025-09-01 08:00:00+00:00,4460.51,4489.77,4386.57,4401.81,38.2506
2025-09-01 12:00:00+00:00,4397.74,4422.35,4350.0,4364.16,42.613
2025-09-01 16:00:00+00:00,4363.19,4375.18,4313.65,4369.99,22.3892
2025-09-01 20:00:00+00:00,4369.94,4369.95,4212.0,4306.17,134.7807
2025-09-02 00:00:00+00:00,4308.05,4390.85,4293.0,4377.55,26.3764
2025-09-02 04:00:00+00:00,4372.62,4414.96,4363.98,4381.62,27.4751
2025-09-02 08:00:00+00:00,4380.78,4404.72,4344.78,4356.9,2.9866
2025-09-02 12:00:00+00:00,4355.84,4393.5,4274.2,4295.97,48.9791
2025-09-02 16:00:00+00:00,4303.68,4328.51,4260.31,4268.33,46.9281
2025-09-02 20:00:00+00:00,4275.96,4334.1,4274.51,4332.63,23.4296
2025-09-03 00:00:00+00:00,4329.21,4352.04,4284.03,4331.56,16.1597
2025-09-03 04:00:00+00:00,4325.61,4340.77,4290.69,4315.91,24.5157
2025-09-03 08:00:00+00:00,4318.86,4382.42,4313.5,4372.02,9.8373
2025-09-03 12:00:00+00:00,4381.81,4480.48,4344.78,4470.81,104.8891
2025-09-03 16:00:00+00:00,4480.0,4489.99,4450.63,4472.11,14.2797
2025-09-03 20:00:00+00:00,4485.82,4485.82,4433.76,4455.18,18.3188
2025-09-04 00:00:00+00:00,4445.05,4480.0,4393.5,4396.7,62.2855
2025-09-04 04:00:00+00:00,4412.41,4413.26,4358.33,4379.92,10.9064
2025-09-04 08:00:00+00:00,4376.87,4427.2,4364.96,4415.14,2.4604
2025-09-04 12:00:00+00:00,4411.59,4430.57,4298.68,4305.0,58.1606
2025-09-04 16:00:00+00:00,4306.97,4322.55,4263.27,4274.41,94.3247
2025-09-04 20:00:00+00:00,4272.73,4347.04,4271.25,4306.98,22.6152
2025-09-05 00:00:00+00:00,4304.96,4333.87,4293.56,4330.0,18.9083
2025-09-05 04:00:00+00:00,4326.31,4425.03,4316.2,4414.55,22.6619
2025-09-05 08:00:00+00:00,4421.98,4422.9,4374.56,4414.65,10.1082
2025-09-05 12:00:00+00:00,4420.09,4486.05,4259.79,4293.7,138.4993
2025-09-05 16:00:00+00:00,4278.84,4329.83,4276.93,4319.96,11.5977
2025-09-05 20:00:00+00:00,4330.0,4342.66,4291.38,4308.29,13.7594
2025-09-06 00:00:00+00:00,4306.19,4328.56,4299.67,4320.15,12.1072
2025-09-06 04:00:00+00:00,4315.06,4320.14,4291.54,4309.14,9.1373
2025-09-06 08:00:00+00:00,4312.13,4312.4,4287.83,4296.14,1.8523
2025-09-06 12:00:00+00:00,4289.17,4306.32,4265.0,4270.0,27.3205
2025-09-06 16:00:00+00:00,4267.43,4302.45,4242.9,4256.72,28.449
2025-09-06 20:00:00+00:00,4257.96,4287.75,4252.71,4277.15,6.3337
2025-09-07 00:00:00+00:00,4272.95,4304.45,4271.0,4301.25,6.1664
2025-09-07 04:00:00+00:00,4301.4,4306.0,4285.07,4301.34,1.0197
2025-09-07 08:00:00+00:00,4302.11,4313.9,4294.76,4311.97,5.1327
2025-09-07 12:00:00+00:00,4297.17,4312.12,4293.49,4302.18,21.1089
2025-09-07 16:00:00+00:00,4304.94,4304.94,4272.21,4294.69,19.0914
2025-09-07 20:00:00+00:00,4294.27,4332.97,4281.42,4315.98,11.4489
2025-09-08 00:00:00+00:00,4310.72,4329.1,4281.64,4311.85,31.7629
2025-09-08 04:00:00+00:00,4305.13,4318.85,4288.35,4291.98,16.2112
2025-09-08 08:00:00+00:00,4294.77,4337.47,4287.87,4324.65,17.3711
2025-09-08 12:00:00+00:00,4318.33,4380.32,4307.15,4364.84,19.108
2025-09-08 16:00:00+00:00,4379.27,4379.8,4286.95,4294.96,69.7924
2025-09-08 20:00:00+00:00,4299.31,4335.45,4283.97,4311.63,26.5114
2025-09-09 00:00:00+00:00,4303.43,4319.08,4280.84,4312.11,67.118
2025-09-09 04:00:00+00:00,4300.17,4378.95,4300.17,4358.13,28.1049
2025-09-09 08:00:00+00:00,4367.11,4367.11,4340.85,4345.34,3.3015
2025-09-09 12:00:00+00:00,4340.87,4363.97,4280.17,4288.0,48.9671
2025-09-09 16:00:00+00:00,4291.15,4303.65,4280.26,4294.57,26.5709
2025-09-09 20:00:00+00:00,4299.31,4319.31,4284.0,4317.52,11.1876
2025-09-10 00:00:00+00:00,4317.84,4328.29,4286.94,4320.12,13.6866
2025-09-10 04:00:00+00:00,4322.11,4328.55,4296.78,4328.55,21.2126
2025-09-10 08:00:00+00:00,4318.62,4334.08,4314.45,4333.18,4.7139
2025-09-10 12:00:00+00:00,4333.2,4449.5,4328.66,4406.48,96.8608
2025-09-10 16:00:00+00:00,4400.67,4413.36,4304.48,4325.21,28.585
2025-09-10 20:00:00+00:00,4325.21,4356.87,4321.18,4353.48,16.791
2025-09-11 00:00:00+00:00,4344.67,4408.09,4340.01,4404.12,18.9422
2025-09-11 04:00:00+00:00,4408.33,4446.61,4394.42,4445.48,51.6966
2025-09-11 08:00:00+00:00,4442.4,4444.06,4407.89,4437.95,5.9645
2025-09-11 12:00:00+00:00,4441.93,4476.14,4358.83,4409.69,124.3744
2025-09-11 16:00:00+00:00,4416.23,4441.62,4401.45,4428.06,12.2979
2025-09-11 20:00:00+00:00,4434.73,4465.42,4409.7,4464.78,13.0483
2025-09-12 00:00:00+00:00,4458.21,4530.78,4444.32,4503.68,125.6629
2025-09-12 04:00:00+00:00,4504.47,4557.01,4499.14,4522.92,44.1897
2025-09-12 08:00:00+00:00,4528.67,4534.38,4503.17,4521.13,13.1123
2025-09-12 12:00:00+00:00,4524.13,4567.14,4505.0,4544.27,45.7518
2025-09-12 16:00:00+00:00,4544.46,4650.0,4535.0,4650.0,78.6198
2025-09-12 20:00:00+00:00,4650.27,4737.17,4618.56,4695.7,70.064
2025-09-13 00:00:00+00:00,4712.89,4760.0,4689.35,4742.39,27.7195
2025-09-13 04:00:00+00:00,4757.41,4757.41,4701.97,4710.0,22.678
2025-09-13 08:00:00+00:00,4710.0,4737.97,4702.97,4722.59,9.944
2025-09-13 12:00:00+00:00,4723.59,4731.76,4647.65,4657.2,60.6359
2025-09-13 16:00:00+00:00,4657.99,4666.37,4606.12,4628.45,16.6405
2025-09-13 20:00:00+00:00,4638.61,4671.16,4625.06,4647.46,39.8126
2025-09-14 00:00:00+00:00,4667.33,4692.75,4612.35,4663.06,52.8947
2025-09-14 04:00:00+00:00,4660.0,4675.73,4633.42,4651.28,5.5953
2025-09-14 08:00:00+00:00,4658.45,4671.35,4629.92,4629.92,3.5765
2025-09-14 12:00:00+00:00,4637.0,4649.54,4578.85,4586.31,25.9481
2025-09-14 16:00:00+00:00,4586.27,4629.86,4586.27,4615.9,7.187
2025-09-14 20:00:00+00:00,4615.39,4636.1,4599.35,4606.71,9.7132
2025-09-15 00:00:00+00:00,4608.35,4638.65,4581.41,4623.78,8.2996
2025-09-15 04:00:00+00:00,4629.12,4667.57,4591.73,4607.45,3.7776
2025-09-15 08:00:00+00:00,4590.09,4592.86,4500.99,4537.39,22.8318
2025-09-15 12:00:00+00:00,4522.24,4540.23,4469.15,4506.46,26.7886
2025-09-15 16:00:00+00:00,4503.42,4516.37,4478.48,4480.84,48.8615
2025-09-15 20:00:00+00:00,4497.15,4530.77,4483.42,4520.64,8.8256
2025-09-16 00:00:00+00:00,4518.16,4534.37,4500.05,4518.84,24.2919
2025-09-16 04:00:00+00:00,4523.14,4530.39,4492.47,4508.93,23.9846
2025-09-16 08:00:00+00:00,4522.66,4533.48,4496.0,4503.29,6.0327
2025-09-16 12:00:00+00:00,4503.45,4511.89,4426.49,4465.12,52.936
2025-09-16 16:00:00+00:00,4465.12,4506.53,4446.35,4479.19,50.143
2025-09-16 20:00:00+00:00,4492.73,4525.79,4476.32,4504.09,10.7649
2025-09-17 00:00:00+00:00,4499.91,4539.93,4490.85,4498.84,29.8437
2025-09-17 04:00:00+00:00,4498.39,4549.15,4466.53,4534.84,78.928
2025-09-17 08:00:00+00:00,4534.4,4534.4,4480.05,4491.84,13.9022
2025-09-17 12:00:00+00:00,4498.87,4514.09,4470.53,4479.75,20.0247
2025-09-17 16:00:00+00:00,4490.69,4527.39,4421.2,4521.1,61.8943
2025-09-17 20:00:00+00:00,4522.02,4611.22,4487.07,4588.67,79.4196
2025-09-18 00:00:00+00:00,4587.32,4638.0,4575.27,4607.39,42.7771
2025-09-18 04:00:00+00:00,4616.2,4617.31,4555.57,4580.03,12.857
2025-09-18 08:00:00+00:00,4569.9,4605.48,4568.41,4573.64,18.4439
2025-09-18 12:00:00+00:00,4576.04,4618.52,4561.6,4590.08,31.7985
2025-09-18 16:00:00+00:00,4611.07,4631.7,4578.34,4598.43,23.3339
2025-09-18 20:00:00+00:00,4594.5,4611.43,4571.0,4589.13,8.2876
2025-09-19 00:00:00+00:00,4595.28,4620.49,4544.63,4557.63,23.9578
2025-09-19 04:00:00+00:00,4552.78,4559.64,4521.61,4544.27,8.5941
2025-09-19 08:00:00+00:00,4544.49,4544.74,4510.03,4511.47,7.7822
2025-09-19 12:00:00+00:00,4521.3,4544.43,4449.75,4477.52,19.4242
2025-09-19 16:00:00+00:00,4477.81,4488.61,4440.16,4452.39,14.9522
2025-09-19 20:00:00+00:00,4444.46,4478.47,4444.46,4470.04,23.2339
2025-09-20 00:00:00+00:00,4466.0,4478.14,4453.85,4465.82,6.6847
2025-09-20 04:00:00+00:00,4473.66,4482.78,4466.98,4482.78,8.9154
2025-09-20 08:00:00+00:00,4468.77,4482.82,4455.41,4473.49,1.8322
2025-09-20 12:00:00+00:00,4473.08,4506.18,4456.65,4499.64,5.1621
2025-09-20 16:00:00+00:00,4501.31,4504.99,4471.74,4480.55,46.9425
2025-09-20 20:00:00+00:00,4480.18,4503.11,4478.18,4482.39,13.7995
2025-09-21 00:00:00+00:00,4482.44,4493.49,4460.51,4477.15,7.2329
2025-09-21 04:00:00+00:00,4477.15,4495.59,4465.61,4476.27,8.9593
2025-09-21 08:00:00+00:00,4479.61,4479.86,4445.8,4463.1,9.3791
2025-09-21 12:00:00+00:00,4467.09,4487.23,4461.21,4482.15,15.7872
2025-09-21 16:00:00+00:00,4486.95,4495.94,4465.46,4494.1,15.4968
2025-09-21 20:00:00+00:00,4494.1,4494.1,4443.49,4443.49,27.4593
2025-09-22 00:00:00+00:00,4443.53,4458.92,4267.58,4309.09,54.3184
2025-09-22 04:00:00+00:00,4304.0,4310.27,4075.5,4195.2,75.8804
2025-09-22 08:00:00+00:00,4192.04,4207.5,4141.11,4182.89,9.2297
2025-09-22 12:00:00+00:00,4181.99,4216.37,4160.14,4178.73,28.025
2025-09-22 16:00:00+00:00,4174.95,4191.94,4126.85,4135.35,30.6499
2025-09-22 20:00:00+00:00,4146.17,4209.99,4137.78,4199.23,25.1349
2025-09-23 00:00:00+00:00,4203.68,4213.83,4119.8,4190.8,28.4937
2025-09-23 04:00:00+00:00,4172.45,4210.0,4158.23,4203.18,17.0943
2025-09-23 08:00:00+00:00,4208.51,4222.11,4181.19,4195.0,12.7103
2025-09-23 12:00:00+00:00,4195.77,4217.47,4164.82,4189.87,15.001
2025-09-23 16:00:00+00:00,4187.09,4207.23,4141.56,4160.7,19.8679
2025-09-23 20:00:00+00:00,4155.85,4191.81,4149.61,4176.26,7.3133
2025-09-24 00:00:00+00:00,4160.75,4198.0,4131.48,4154.0,6.6611
2025-09-24 04:00:00+00:00,4150.36,4184.88,4078.05,4169.99,17.8914
2025-09-24 08:00:00+00:00,4179.3,4193.61,4158.95,4187.99,1.9979
2025-09-24 12:00:00+00:00,4186.11,4201.16,4150.0,4163.44,15.998
2025-09-24 16:00:00+00:00,4174.0,4195.17,4158.23,4168.18,5.3081
2025-09-24 20:00:00+00:00,4167.31,4173.91,4135.0,4143.0,4.9493
2025-09-25 00:00:00+00:00,4156.19,4164.73,4025.72,4063.6,54.6045
2025-09-25 04:00:00+00:00,4064.72,4073.19,3971.85,4009.0,31.6062
2025-09-25 08:00:00+00:00,4016.19,4048.88,4000.0,4006.67,9.735
2025-09-25 12:00:00+00:00,4006.09,4018.81,3931.57,4006.55,103.4943
2025-09-25 16:00:00+00:00,4005.71,4006.49,3826.92,3910.54,191.2823
2025-09-25 20:00:00+00:00,3920.06,3934.59,3854.21,3856.4,106.0813
2025-09-26 00:00:00+00:00,3856.4,3966.09,3854.5,3966.09,241.6363
2025-09-26 04:00:00+00:00,3958.81,3976.0,3905.0,3933.99,14.3139
2025-09-26 08:00:00+00:00,3934.01,3948.35,3875.58,3906.77,9.9535
2025-09-26 12:00:00+00:00,3910.16,3978.58,3877.13,3949.89,8.7544
2025-09-26 16:00:00+00:00,3953.84,4061.73,3953.84,4028.87,74.0763
2025-09-26 20:00:00+00:00,4028.74,4039.24,4005.36,4025.19,3.9725
2025-09-27 00:00:00+00:00,4019.85,4037.26,4006.11,4024.17,8.4629
2025-09-27 04:00:00+00:00,4021.6,4030.26,4006.86,4010.0,3.7733
2025-09-27 08:00:00+00:00,4013.35,4015.84,3974.06,4007.83,3.764
2025-09-27 12:00:00+00:00,4003.76,4029.28,3988.75,4022.13,11.4362
2025-09-27 16:00:00+00:00,4020.81,4021.37,3978.84,4002.56,5.3113
2025-09-27 20:00:00+00:00,4003.97,4035.15,4000.25,4012.0,4.2327
2025-09-28 00:00:00+00:00,4026.57,4032.79,3990.74,4007.45,5.3396
2025-09-28 04:00:00+00:00,4004.1,4012.23,3993.18,4008.63,3.0742
2025-09-28 08:00:00+00:00,4014.89,4014.9,3983.09,3994.92,0.5711
2025-09-28 12:00:00+00:00,3992.72,4029.98,3963.46,4024.09,6.6349
2025-09-28 16:00:00+00:00,4023.61,4052.64,4013.61,4040.85,2.8094
2025-09-28 20:00:00+00:00,4046.49,4138.94,4034.91,4138.94,13.2319
2025-09-29 00:00:00+00:00,4134.93,4142.36,4101.62,4117.43,11.7094
2025-09-29 04:00:00+00:00,4124.46,4124.46,4090.83,4108.14,1.2572
2025-09-29 08:00:00+00:00,4111.84,4137.73,4096.61,4105.12,1.785
2025-09-29 12:00:00+00:00,4109.32,4200.0,4079.26,4169.0,9.4974
2025-09-29 16:00:00+00:00,4168.93,4189.44,4130.0,4189.44,9.7338
2025-09-29 20:00:00+00:00,4188.65,4231.1,4178.52,4218.61,13.8434
2025-09-30 00:00:00+00:00,4217.99,4237.75,4188.39,4200.34,15.6204
2025-09-30 04:00:00+00:00,4199.97,4201.54,4172.65,4183.31,5.3306
2025-09-30 08:00:00+00:00,4187.17,4187.17,4137.46,4166.78,4.2929
2025-09-30 12:00:00+00:00,4166.78,4172.88,4092.52,4123.43,11.3191
2025-09-30 16:00:00+00:00,4123.33,4169.2,4094.07,4169.16,3.5782
2025-09-30 20:00:00+00:00,4169.06,4198.49,4120.89,4141.12,4.9728
2025-10-01 00:00:00+00:00,4148.62,4171.59,4124.78,4127.84,6.4814
2025-10-01 04:00:00+00:00,4131.72,4152.69,4126.85,4146.52,7.2249
2025-10-01 08:00:00+00:00,4146.52,4322.18,4146.52,4288.45,25.5698
2025-10-01 12:00:00+00:00,4307.93,4344.11,4260.25,4317.02,11.5359
2025-10-01 16:00:00+00:00,4334.8,4344.23,4290.61,4331.89,10.7936
2025-10-01 20:00:00+00:00,4335.41,4352.55,4292.13,4332.75,9.4052
2025-10-02 00:00:00+00:00,4351.33,4396.76,4331.89,4388.47,19.0276
2025-10-02 04:00:00+00:00,4373.36,4421.37,4361.79,4373.18,18.1546
2025-10-02 08:00:00+00:00,4384.62,4392.63,4368.01,4378.75,3.1678
2025-10-02 12:00:00+00:00,4385.56,4437.42,4339.81,4437.42,44.1806
2025-10-02 16:00:00+00:00,4437.24,4509.71,4424.41,4503.91,58.0785
2025-10-02 20:00:00+00:00,4493.42,4498.88,4457.87,4485.03,17.9999
2025-10-03 00:00:00+00:00,4485.59,4553.25,4462.73,4491.0,43.7136
2025-10-03 04:00:00+00:00,4505.53,4509.72,4457.1,4474.91,17.2898
2025-10-03 08:00:00+00:00,4468.91,4489.83,4432.2,4479.99,27.4698
2025-10-03 12:00:00+00:00,4479.97,4531.24,4440.0,4531.24,25.2745
2025-10-03 16:00:00+00:00,4534.6,4588.83,4453.72,4510.51,36.5983
2025-10-03 20:00:00+00:00,4522.75,4537.02,4490.0,4508.49,5.6502
2025-10-04 00:00:00+00:00,4508.47,4517.74,4465.0,4485.29,31.191
2025-10-04 04:00:00+00:00,4485.17,4514.99,4470.5,4502.76,7.4663
2025-10-04 08:00:00+00:00,4490.96,4507.04,4478.53,4478.53,1.2342
2025-10-04 12:00:00+00:00,4484.67,4506.0,4441.52,4460.13,17.1698
2025-10-04 16:00:00+00:00,4460.13,4474.76,4444.64,4471.31,4.646
2025-10-04 20:00:00+00:00,4470.06,4493.47,4462.27,4487.1,3.7643
2025-10-05 00:00:00+00:00,4480.55,4568.06,4462.82,4546.96,22.5353
2025-10-05 04:00:00+00:00,4528.91,4608.88,4526.29,4589.13,33.6994
2025-10-05 08:00:00+00:00,4590.19,4613.37,4525.1,4541.53,3.4333
2025-10-05 12:00:00+00:00,4551.11,4551.11,4524.74,4537.98,14.2811
2025-10-05 16:00:00+00:00,4536.08,4541.43,4486.3,4486.3,11.9503
2025-10-05 20:00:00+00:00,4483.23,4523.46,4476.52,4509.69,14.4186
2025-10-06 00:00:00+00:00,4510.13,4549.14,4492.02,4526.55,11.1159
2025-10-06 04:00:00+00:00,4543.6,4573.49,4508.82,4548.67,9.8847
2025-10-06 08:00:00+00:00,4547.92,4586.0,4543.37,4575.85,14.2693
2025-10-06 12:00:00+00:00,4576.27,4689.79,4569.53,4662.53,81.6624
2025-10-06 16:00:00+00:00,4677.88,4729.22,4656.06,4703.67,79.163
2025-10-06 20:00:00+00:00,4727.09,4731.99,4650.0,4674.85,114.637
2025-10-07 00:00:00+00:00,4674.85,4697.21,4661.63,4687.34,23.2709
2025-10-07 04:00:00+00:00,4687.32,4724.3,4664.1,4679.2,16.9125
2025-10-07 08:00:00+00:00,4677.81,4707.88,4634.43,4707.88,21.3988
2025-10-07 12:00:00+00:00,4709.62,4747.0,4482.93,4510.0,105.1781
2025-10-07 16:00:00+00:00,4509.97,4519.47,4450.03,4486.63,40.8163
2025-10-07 20:00:00+00:00,4471.93,4513.26,4433.16,4453.42,11.1356
2025-10-08 00:00:00+00:00,4444.07,4495.54,4435.77,4446.36,20.9679
2025-10-08 04:00:00+00:00,4445.9,4465.41,4414.44,4463.09,18.381
2025-10-08 08:00:00+00:00,4463.09,4500.96,4463.09,4496.22,7.3762
2025-10-08 12:00:00+00:00,4493.42,4517.08,4440.46,4450.0,22.7702
2025-10-08 16:00:00+00:00,4453.21,4568.64,4449.12,4519.67,62.2489
2025-10-08 20:00:00+00:00,4521.65,4537.91,4501.98,4525.13,4.5995
2025-10-09 00:00:00+00:00,4533.16,4535.01,4400.0,4449.07,20.321
2025-10-09 04:00:00+00:00,4452.26,4459.23,4414.44,4432.2,1.4761
2025-10-09 08:00:00+00:00,4417.02,4417.02,4320.68,4383.26,27.9131
2025-10-09 12:00:00+00:00,4369.58,4409.74,4294.6,4311.28,103.0145
2025-10-09 16:00:00+00:00,4321.72,4341.04,4270.05,4341.04,23.9813
2025-10-09 20:00:00+00:00,4341.04,4383.62,4332.95,4364.69,13.043
2025-10-10 00:00:00+00:00,4371.65,4391.51,4346.3,4346.3,11.6238
2025-10-10 04:00:00+00:00,4357.85,4378.17,4318.17,4326.12,2.194
2025-10-10 08:00:00+00:00,4318.01,4349.77,4315.6,4348.45,3.6241
2025-10-10 12:00:00+00:00,4346.79,4386.44,4078.38,4100.0,63.3094
2025-10-10 16:00:00+00:00,4100.0,4136.36,3969.0,4001.68,86.9363
2025-10-10 20:00:00+00:00,4019.43,4033.95,3827.0,3857.22,224.9743
2025-10-11 00:00:00+00:00,3857.27,3986.22,3741.11,3807.34,93.7144
2025-10-11 04:00:00+00:00,3807.34,4002.37,3739.56,3766.16,32.0147
2025-10-11 08:00:00+00:00,3767.75,3855.19,3767.67,3840.98,17.3228
2025-10-11 12:00:00+00:00,3840.85,3852.43,3791.53,3832.99,21.1572
2025-10-11 16:00:00+00:00,3833.0,3852.48,3734.67,3734.81,20.741
2025-10-11 20:00:00+00:00,3734.96,3767.5,3655.3,3759.8,32.7991
2025-10-12 00:00:00+00:00,3759.78,3813.32,3698.92,3791.05,34.948
2025-10-12 04:00:00+00:00,3786.21,3845.14,3780.87,3835.13,12.4313
2025-10-12 08:00:00+00:00,3820.4,3862.22,3814.0,3828.68,34.1227
2025-10-12 12:00:00+00:00,3836.58,4076.82,3795.87,4041.49,38.6916
2025-10-12 16:00:00+00:00,4041.77,4162.71,4035.68,4124.41,44.9158
2025-10-12 20:00:00+00:00,4141.26,4200.0,4084.23,4157.63,28.7786
2025-10-13 00:00:00+00:00,4158.95,4216.31,4123.98,4131.5,34.9258
2025-10-13 04:00:00+00:00,4148.2,4197.81,4117.63,4179.67,5.0071
2025-10-13 08:00:00+00:00,4185.62,4193.48,4045.39,4096.02,9.9473
2025-10-13 12:00:00+00:00,4066.1,4176.51,4058.0,4128.31,20.4995
2025-10-13 16:00:00+00:00,4143.65,4267.05,4129.44,4266.2,44.4317
2025-10-13 20:00:00+00:00,4264.88,4287.83,4234.97,4245.66,12.7691
2025-10-14 00:00:00+00:00,4253.29,4264.13,4138.74,4149.7,35.2518
2025-10-14 04:00:00+00:00,4149.7,4157.53,3967.36,3982.46,66.5588
2025-10-14 08:00:00+00:00,3982.32,4015.81,3890.52,3962.61,34.4418
2025-10-14 12:00:00+00:00,3978.94,4084.75,3898.56,4084.75,45.4732
2025-10-14 16:00:00+00:00,4086.91,4156.43,4051.84,4103.02,25.7806
2025-10-14 20:00:00+00:00,4118.88,4143.79,4076.44,4125.59,44.3717
2025-10-15 00:00:00+00:00,4134.51,4142.37,4063.6,4084.22,9.6304
2025-10-15 04:00:00+00:00,4083.73,4127.83,4078.05,4123.93,5.1746
2025-10-15 08:00:00+00:00,4122.96,4213.86,4090.0,4091.04,25.2763
2025-10-15 12:00:00+00:00,4106.46,4111.71,3963.46,3986.31,19.1005
2025-10-15 16:00:00+00:00,3985.75,4012.5,3938.2,3989.55,24.2764
2025-10-15 20:00:00+00:00,3989.55,4003.56,3930.95,3990.85,18.3761
2025-10-16 00:00:00+00:00,3996.81,4035.09,3977.21,4012.91,12.1551
2025-10-16 04:00:00+00:00,4022.67,4049.77,3981.23,4004.4,6.9342
2025-10-16 08:00:00+00:00,4004.39,4072.7,3943.96,4063.58,15.5845
2025-10-16 12:00:00+00:00,4063.02,4081.36,3895.51,3913.23,23.5542
2025-10-16 16:00:00+00:00,3896.8,3964.9,3858.0,3881.85,47.7617
2025-10-16 20:00:00+00:00,3881.85,3897.86,3829.8,3895.57,13.8388
2025-10-17 00:00:00+00:00,3886.77,3949.04,3886.77,3934.34,13.2718
2025-10-17 04:00:00+00:00,3935.73,3935.76,3755.02,3755.02,30.4851
2025-10-17 08:00:00+00:00,3755.02,3815.82,3677.97,3781.78,40.8287
2025-10-17 12:00:00+00:00,3784.76,3807.73,3717.45,3798.72,34.1216
2025-10-17 16:00:00+00:00,3803.41,3849.76,3780.63,3822.79,12.0818
2025-10-17 20:00:00+00:00,3831.8,3885.12,3827.82,3831.26,39.1122
2025-10-18 00:00:00+00:00,3843.83,3882.35,3823.63,3876.53,6.8498
2025-10-18 04:00:00+00:00,3876.2,3927.14,3841.07,3895.26,11.4353
2025-10-18 08:00:00+00:00,3896.73,3907.89,3867.8,3881.36,2.5066
2025-10-18 12:00:00+00:00,3896.31,3896.31,3850.03,3882.64,20.6431
2025-10-18 16:00:00+00:00,3881.47,3903.11,3855.93,3895.86,23.4353
2025-10-18 20:00:00+00:00,3891.61,3906.78,3868.67,3891.49,4.813
2025-10-19 00:00:00+00:00,3883.53,3906.06,3858.95,3895.29,7.723
2025-10-19 04:00:00+00:00,3906.78,3920.19,3877.3,3888.22,6.9806
2025-10-19 08:00:00+00:00,3892.82,3952.85,3833.34,3927.18,18.849
2025-10-19 12:00:00+00:00,3921.31,3999.56,3910.55,3983.84,13.254
2025-10-19 16:00:00+00:00,3983.84,4025.88,3961.0,3981.92,36.7227
2025-10-19 20:00:00+00:00,3991.62,4029.0,3977.45,3984.51,11.6449
2025-10-20 00:00:00+00:00,3973.59,4037.91,3912.0,4037.62,20.7381
2025-10-20 04:00:00+00:00,4031.8,4084.14,4020.29,4053.48,13.7269
2025-10-20 08:00:00+00:00,4061.02,4076.87,4010.47,4038.16,14.0071
2025-10-20 12:00:00+00:00,4038.45,4048.61,4005.24,4005.44,13.0366
2025-10-20 16:00:00+00:00,4003.09,4003.09,3924.37,3978.95,70.2529
2025-10-20 20:00:00+00:00,3989.78,4001.46,3970.18,3982.05,12.7628
2025-10-21 00:00:00+00:00,3979.58,3986.25,3917.2,3917.2,12.0549
2025-10-21 04:00:00+00:00,3917.2,3929.11,3840.29,3880.92,13.0183
2025-10-21 08:00:00+00:00,3895.28,3895.95,3852.53,3895.65,10.2758
2025-10-21 12:00:00+00:00,3890.24,4087.84,3854.35,4078.55,78.9777
2025-10-21 16:00:00+00:00,4087.87,4107.0,3966.85,4012.79,34.3293
2025-10-21 20:00:00+00:00,4008.7,4008.7,3855.19,3860.71,26.0865
2025-10-22 00:00:00+00:00,3881.32,3887.22,3801.0,3862.99,18.9888
2025-10-22 04:00:00+00:00,3861.48,3884.21,3841.0,3872.37,4.2353
2025-10-22 08:00:00+00:00,3873.78,3873.78,3777.63,3831.29,34.2913
2025-10-22 12:00:00+00:00,3831.44,3875.4,3783.24,3846.63,14.2862
2025-10-22 16:00:00+00:00,3846.77,3857.22,3789.47,3801.32,11.3414
2025-10-22 20:00:00+00:00,3812.78,3813.16,3714.07,3807.54,21.3686
2025-10-23 00:00:00+00:00,3810.06,3833.59,3796.66,3815.82,37.6182
2025-10-23 04:00:00+00:00,3830.49,3895.92,3818.37,3882.93,22.4533
2025-10-23 08:00:00+00:00,3886.01,3901.93,3861.59,3870.15,9.9111
2025-10-23 12:00:00+00:00,3869.74,3882.46,3811.04,3881.77,30.9505
2025-10-23 16:00:00+00:00,3881.44,3930.9,3847.23,3862.81,16.04
2025-10-23 20:00:00+00:00,3867.42,3867.42,3820.56,3859.86,5.4006
2025-10-24 00:00:00+00:00,3858.71,3895.6,3836.9,3894.3,13.3652
2025-10-24 04:00:00+00:00,3892.14,3985.62,3883.73,3936.04,26.3052
2025-10-24 08:00:00+00:00,3945.0,3967.09,3927.43,3942.8,7.9287
2025-10-24 12:00:00+00:00,3949.55,4015.84,3875.2,3893.54,25.725
2025-10-24 16:00:00+00:00,3892.44,3936.85,3864.25,3922.57,17.7493
2025-10-24 20:00:00+00:00,3924.55,3943.36,3920.41,3937.79,42.4487
2025-10-25 00:00:00+00:00,3937.61,3937.61,3916.61,3926.34,4.7949
2025-10-25 04:00:00+00:00,3924.83,3957.51,3920.4,3932.24,18.8423
2025-10-25 08:00:00+00:00,3937.3,3955.24,3932.11,3944.25,5.524
2025-10-25 12:00:00+00:00,3944.18,3955.1,3923.44,3923.44,12.9805
2025-10-25 16:00:00+00:00,3942.42,3966.45,3922.24,3960.0,7.955
2025-10-25 20:00:00+00:00,3960.22,3964.14,3940.0,3950.86,10.5277
2025-10-26 00:00:00+00:00,3955.66,3964.05,3922.08,3935.2,12.7331
2025-10-26 04:00:00+00:00,3928.78,3953.9,3926.93,3953.9,6.148
2025-10-26 08:00:00+00:00,3955.25,4050.0,3949.72,4042.36,19.9776
2025-10-26 12:00:00+00:00,4043.46,4095.72,4043.44,4074.26,41.1607
2025-10-26 16:00:00+00:00,4075.36,4077.67,4046.17,4065.5,22.5137
2025-10-26 20:00:00+00:00,4069.52,4176.77,4059.63,4163.26,30.2975
2025-10-27 00:00:00+00:00,4157.59,4222.43,4151.61,4209.36,92.6899
2025-10-27 04:00:00+00:00,4208.17,4250.0,4193.84,4213.89,15.6762
2025-10-27 08:00:00+00:00,4202.69,4202.69,4137.73,4159.27,16.8487
2025-10-27 12:00:00+00:00,4158.12,4183.74,4123.65,4171.74,6.6096
2025-10-27 16:00:00+00:00,4172.8,4230.65,4172.8,4191.99,10.4761
2025-10-27 20:00:00+00:00,4188.82,4193.48,4094.57,4119.27,17.4441
2025-10-28 00:00:00+00:00,4119.26,4141.73,4073.32,4091.85,12.6707
2025-10-28 04:00:00+00:00,4091.85,4125.31,4067.21,4117.63,5.7648
2025-10-28 08:00:00+00:00,4118.47,4134.94,4097.92,4114.26,79.088
2025-10-28 12:00:00+00:00,4110.51,4171.7,4074.6,4098.31,14.5329
2025-10-28 16:00:00+00:00,4098.64,4149.3,4029.04,4032.22,16.8727
2025-10-28 20:00:00+00:00,4038.0,4041.62,3935.17,3982.02,44.9514
2025-10-29 00:00:00+00:00,3980.25,4008.27,3967.11,3994.73,24.7653
2025-10-29 04:00:00+00:00,3998.13,4035.24,3996.66,4027.46,6.4359
2025-10-29 08:00:00+00:00,4022.84,4022.84,3983.1,4014.0,6.7996
2025-10-29 12:00:00+00:00,4014.92,4029.08,3945.32,3959.68,10.1542
2025-10-29 16:00:00+00:00,3961.42,4014.47,3841.28,3907.89,48.3658
2025-10-29 20:00:00+00:00,3919.23,3962.91,3878.72,3906.76,5.5291
2025-10-30 00:00:00+00:00,3906.75,3952.48,3884.27,3926.85,12.2333
2025-10-30 04:00:00+00:00,3941.56,3943.92,3847.16,3934.38,41.4376
2025-10-30 08:00:00+00:00,3942.58,3942.58,3879.88,3884.21,12.8429
2025-10-30 12:00:00+00:00,3888.74,3888.74,3761.24,3777.22,85.4188
2025-10-30 16:00:00+00:00,3777.59,3804.33,3683.82,3683.82,74.5296
2025-10-30 20:00:00+00:00,3701.09,3805.08,3682.12,3805.08,37.2055
2025-10-31 00:00:00+00:00,3801.42,3862.08,3796.32,3830.27,44.4505
2025-10-31 04:00:00+00:00,3836.05,3874.18,3819.63,3821.83,5.0856
2025-10-31 08:00:00+00:00,3834.99,3879.25,3820.0,3870.29,5.9759
2025-10-31 12:00:00+00:00,3875.51,3885.09,3835.18,3860.53,17.2531
2025-10-31 16:00:00+00:00,3865.89,3902.31,3805.09,3896.02,79.0964
2025-10-31 20:00:00+00:00,3895.39,3895.39,3841.87,3853.38,3.6138
2025-11-01 00:00:00+00:00,3853.07,3862.31,3833.19,3857.88,4.7006
2025-11-01 04:00:00+00:00,3862.49,3869.84,3850.29,3861.18,0.7327
2025-11-01 08:00:00+00:00,3863.13,3881.35,3863.13,3880.65,2.7487
2025-11-01 12:00:00+00:00,3880.79,3901.95,3857.24,3893.21,7.846
2025-11-01 16:00:00+00:00,3898.91,3905.9,3864.24,3876.69,7.2235
2025-11-01 20:00:00+00:00,3882.16,3891.75,3864.05,3873.11,2.3253
2025-11-02 00:00:00+00:00,3876.9,3887.55,3864.18,3883.8,4.2196
2025-11-02 04:00:00+00:00,3877.97,3915.26,3877.97,3907.88,28.6613
2025-11-02 08:00:00+00:00,3911.76,3911.81,3855.11,3891.94,2.0227
2025-11-02 12:00:00+00:00,3893.83,3895.85,3840.99,3851.73,9.5811
2025-11-02 16:00:00+00:00,3851.26,3869.47,3841.51,3848.45,1.6689
2025-11-02 20:00:00+00:00,3858.99,3912.76,3843.72,3899.46,9.4892
2025-11-03 00:00:00+00:00,3900.08,3912.76,3731.5,3743.94,22.6206
2025-11-03 04:00:00+00:00,3732.01,3761.24,3687.61,3710.64,43.6815
2025-11-03 08:00:00+00:00,3719.3,3738.8,3666.0,3713.86,32.0624
2025-11-03 12:00:00+00:00,3714.9,3750.13,3585.42,3605.76,57.0588
2025-11-03 16:00:00+00:00,3596.56,3679.21,3570.0,3640.44,57.4855
2025-11-03 20:00:00+00:00,3647.63,3647.63,3560.27,3597.34,42.352
2025-11-04 00:00:00+00:00,3598.57,3654.52,3564.45,3645.76,14.8076
2025-11-04 04:00:00+00:00,3645.76,3648.21,3476.76,3490.01,106.6489
2025-11-04 08:00:00+00:00,3494.85,3531.68,3465.0,3529.57,69.972
2025-11-04 12:00:00+00:00,3530.94,3585.47,3476.75,3507.86,49.7706
2025-11-04 16:00:00+00:00,3501.28,3516.48,3227.3,3227.3,196.6167
2025-11-04 20:00:00+00:00,3241.45,3304.37,3061.04,3303.95,183.1098
2025-11-05 00:00:00+00:00,3287.49,3347.96,3168.66,3330.21,59.5683
2025-11-05 04:00:00+00:00,3345.73,3351.03,3305.08,3337.11,15.2141
2025-11-05 08:00:00+00:00,3327.18,3327.18,3277.76,3325.35,14.4686
2025-11-05 12:00:00+00:00,3324.1,3398.21,3312.17,3398.21,94.8688
2025-11-05 16:00:00+00:00,3403.81,3478.2,3375.78,3463.48,69.6844
2025-11-05 20:00:00+00:00,3463.45,3484.46,3417.93,3423.37,10.4795
2025-11-06 00:00:00+00:00,3420.41,3448.85,3374.53,3431.24,21.7107
2025-11-06 04:00:00+00:00,3438.12,3454.09,3365.24,3374.42,29.7293
2025-11-06 08:00:00+00:00,3375.98,3413.01,3371.13,3402.47,9.4058
2025-11-06 12:00:00+00:00,3402.25,3404.4,3275.33,3297.96,53.7142
2025-11-06 16:00:00+00:00,3310.44,3351.36,3248.55,3328.4,42.3456
2025-11-06 20:00:00+00:00,3332.31,3337.1,3290.22,3316.0,19.7643
2025-11-07 00:00:00+00:00,3316.0,3363.76,3279.91,3349.0,7.3903
2025-11-07 04:00:00+00:00,3344.12,3369.38,3331.04,3358.51,10.6066
2025-11-07 08:00:00+00:00,3358.01,3360.86,3225.29,3271.74,27.0004
2025-11-07 12:00:00+00:00,3264.73,3317.21,3197.82,3300.0,58.9248
2025-11-07 16:00:00+00:00,3300.0,3447.99,3279.91,3446.69,80.2834
2025-11-07 20:00:00+00:00,3446.83,3473.11,3432.42,3434.47,38.6592
2025-11-08 00:00:00+00:00,3439.22,3465.33,3416.41,3461.72,7.213
2025-11-08 04:00:00+00:00,3461.72,3485.04,3421.81,3447.44,19.8525
2025-11-08 08:00:00+00:00,3451.92,3468.46,3411.71,3411.71,4.9584
2025-11-08 12:00:00+00:00,3415.24,3427.97,3375.18,3377.42,25.29
2025-11-08 16:00:00+00:00,3383.49,3405.97,3357.24,3388.99,11.5116
2025-11-08 20:00:00+00:00,3391.35,3414.07,3380.69,3405.79,7.9693
2025-11-09 00:00:00+00:00,3400.45,3409.93,3361.12,3380.67,5.3343
2025-11-09 04:00:00+00:00,3372.61,3423.83,3371.44,3423.83,9.0899
2025-11-09 08:00:00+00:00,3421.0,3432.42,3384.38,3423.2,11.8561
2025-11-09 12:00:00+00:00,3430.38,3560.55,3424.36,3522.27,44.8229
2025-11-09 16:00:00+00:00,3522.95,3580.0,3500.77,3580.0,29.0663
2025-11-09 20:00:00+00:00,3573.16,3620.88,3560.73,3587.35,39.047
2025-11-10 00:00:00+00:00,3588.06,3656.64,3555.95,3626.61,54.1485
2025-11-10 04:00:00+00:00,3626.21,3634.01,3590.82,3611.85,14.3153
2025-11-10 08:00:00+00:00,3612.44,3628.62,3586.18,3614.03,118.3973
2025-11-10 12:00:00+00:00,3614.67,3621.27,3508.75,3508.95,49.9451
2025-11-10 16:00:00+00:00,3519.97,3573.62,3508.74,3571.61,22.1579
2025-11-10 20:00:00+00:00,3567.81,3582.82,3528.56,3562.14,14.9305
2025-11-11 00:00:00+00:00,3572.23,3646.03,3555.31,3609.85,73.7224
2025-11-11 04:00:00+00:00,3610.87,3611.86,3533.64,3553.67,4.1111
2025-11-11 08:00:00+00:00,3555.62,3584.5,3549.99,3573.83,7.3914
2025-11-11 12:00:00+00:00,3577.5,3593.26,3469.56,3481.1,55.4397
2025-11-11 16:00:00+00:00,3474.11,3498.28,3447.95,3471.21,29.5928
2025-11-11 20:00:00+00:00,3465.37,3465.42,3406.84,3411.52,12.5253
2025-11-12 00:00:00+00:00,3429.47,3456.23,3412.0,3444.46,14.6774
2025-11-12 04:00:00+00:00,3436.25,3456.56,3426.61,3426.61,5.8411
2025-11-12 08:00:00+00:00,3436.94,3568.2,3436.94,3552.74,14.1092
2025-11-12 12:00:00+00:00,3553.49,3587.49,3422.69,3444.43,40.1348
2025-11-12 16:00:00+00:00,3444.38,3456.15,3372.61,3416.86,46.3336
2025-11-12 20:00:00+00:00,3414.82,3438.34,3394.38,3412.55,14.2125
2025-11-13 00:00:00+00:00,3417.19,3469.4,3382.14,3458.47,66.0013
2025-11-13 04:00:00+00:00,3463.2,3563.33,3435.02,3532.83,59.4396
2025-11-13 08:00:00+00:00,3538.04,3548.78,3480.36,3506.51,42.996
2025-11-13 12:00:00+00:00,3506.6,3518.22,3370.75,3384.13,83.0946
2025-11-13 16:00:00+00:00,3396.05,3396.05,3179.25,3200.26,215.7786
2025-11-13 20:00:00+00:00,3184.43,3272.73,3165.0,3240.0,142.3905
2025-11-14 00:00:00+00:00,3240.0,3253.82,3185.74,3220.48,10.2833
2025-11-14 04:00:00+00:00,3232.21,3239.01,3111.54,3219.46,80.701
2025-11-14 08:00:00+00:00,3219.46,3219.46,3117.36,3143.34,19.0431
2025-11-14 12:00:00+00:00,3146.11,3233.74,3073.22,3190.6,84.8537
2025-11-14 16:00:00+00:00,3191.0,3254.71,3154.89,3203.29,42.3195
2025-11-14 20:00:00+00:00,3215.14,3215.14,3092.22,3105.95,29.6558
2025-11-15 00:00:00+00:00,3121.26,3193.0,3119.45,3180.31,11.5811
2025-11-15 04:00:00+00:00,3179.92,3190.05,3162.2,3173.55,8.0461
2025-11-15 08:00:00+00:00,3169.6,3172.06,3135.46,3150.88,20.4731
2025-11-15 12:00:00+00:00,3155.92,3199.09,3154.63,3183.23,17.1482
2025-11-15 16:00:00+00:00,3192.64,3231.36,3164.99,3201.15,10.54
2025-11-15 20:00:00+00:00,3202.56,3202.57,3153.61,3172.36,6.3186
2025-11-16 00:00:00+00:00,3172.28,3209.65,3133.21,3198.0,26.9277
2025-11-16 04:00:00+00:00,3203.36,3217.83,3188.6,3217.83,2.5952
2025-11-16 08:00:00+00:00,3221.39,3248.74,3162.2,3163.73,25.3018
2025-11-16 12:00:00+00:00,3169.78,3181.17,3100.0,3100.0,28.2772
2025-11-16 16:00:00+00:00,3099.24,3131.69,3027.08,3098.27,84.2905
2025-11-16 20:00:00+00:00,3097.83,3113.44,3007.85,3099.47,31.2739
2025-11-17 00:00:00+00:00,3099.72,3180.8,3076.45,3176.11,890.0886
2025-11-17 04:00:00+00:00,3175.2,3208.05,3165.04,3198.39,22.204
2025-11-17 08:00:00+00:00,3202.23,3220.21,3181.17,3206.24,8.5664
2025-11-17 12:00:00+00:00,3201.57,3210.13,3096.69,3117.95,67.0079
2025-11-17 16:00:00+00:00,3129.32,3140.76,2975.04,2999.1,196.54
2025-11-17 20:00:00+00:00,2975.43,3034.73,2964.0,3031.21,67.2253
2025-11-18 00:00:00+00:00,3026.61,3050.22,2950.0,3025.96,90.1348
2025-11-18 04:00:00+00:00,3016.71,3032.13,2957.96,3031.43,78.954
2025-11-18 08:00:00+00:00,3032.5,3072.37,3025.53,3055.79,71.8436
2025-11-18 12:00:00+00:00,3052.81,3122.87,3031.24,3116.93,116.2811
2025-11-18 16:00:00+00:00,3106.57,3169.94,3097.68,3139.43,133.2482
2025-11-18 20:00:00+00:00,3158.85,3158.85,3099.24,3125.25,34.7196
2025-11-19 00:00:00+00:00,3106.93,3122.87,3071.03,3073.98,80.8201
2025-11-19 04:00:00+00:00,3070.85,3084.95,2996.44,3082.88,81.7671
2025-11-19 08:00:00+00:00,3086.52,3111.54,3049.73,3080.48,26.4637
2025-11-19 12:00:00+00:00,3087.61,3105.95,2970.93,2970.93,53.6681
2025-11-19 16:00:00+00:00,2988.84,2992.8,2874.11,2883.45,156.2943
2025-11-19 20:00:00+00:00,2896.85,3025.96,2875.65,3025.96,561.2848
2025-11-20 00:00:00+00:00,3015.43,3056.12,3010.34,3039.07,70.0876
2025-11-20 04:00:00+00:00,3041.48,3057.88,3010.85,3040.53,10.4466
2025-11-20 08:00:00+00:00,3043.32,3043.32,2994.28,3026.62,4.4152
2025-11-20 12:00:00+00:00,3025.32,3039.41,2951.05,2951.05,32.1442
2025-11-20 16:00:00+00:00,2951.07,2963.94,2795.05,2852.81,128.1647
2025-11-20 20:00:00+00:00,2851.83,2903.04,2819.78,2840.39,24.0439
2025-11-21 00:00:00+00:00,2840.31,2880.05,2776.0,2817.71,45.5437
2025-11-21 04:00:00+00:00,2806.32,2832.53,2661.46,2716.43,69.536
2025-11-21 08:00:00+00:00,2732.94,2752.21,2661.69,2689.01,37.9931
2025-11-21 12:00:00+00:00,2693.61,2783.14,2625.27,2706.61,158.7179
2025-11-21 16:00:00+00:00,2713.06,2805.31,2679.3,2742.47,79.9687
2025-11-21 20:00:00+00:00,2755.26,2777.11,2711.51,2767.0,46.1335
2025-11-22 00:00:00+00:00,2770.96,2783.15,2739.62,2757.36,15.2452
2025-11-22 04:00:00+00:00,2755.69,2770.24,2728.38,2763.03,48.2746
2025-11-22 08:00:00+00:00,2760.73,2760.73,2706.61,2739.11,11.183
2025-11-22 12:00:00+00:00,2735.73,2751.18,2712.86,2735.99,14.1698
2025-11-22 16:00:00+00:00,2740.8,2761.66,2740.8,2746.67,38.4738
2025-11-22 20:00:00+00:00,2755.08,2799.26,2732.99,2777.09,37.3436
2025-11-23 00:00:00+00:00,2767.89,2834.25,2767.89,2829.18,78.923
2025-11-23 04:00:00+00:00,2829.48,2851.55,2780.74,2788.61,27.8805
2025-11-23 08:00:00+00:00,2797.16,2821.77,2797.16,2817.2,14.651
2025-11-23 12:00:00+00:00,2815.6,2856.55,2811.26,2833.98,23.5106
2025-11-23 16:00:00+00:00,2837.8,2845.13,2786.14,2820.87,26.661
2025-11-23 20:00:00+00:00,2821.49,2843.71,2795.73,2803.83,14.2725
2025-11-24 00:00:00+00:00,2799.86,2865.17,2764.41,2858.12,55.8722
2025-11-24 04:00:00+00:00,2861.61,2884.24,2805.56,2832.96,38.7888
2025-11-24 08:00:00+00:00,2825.75,2839.34,2790.11,2800.38,35.7763
2025-11-24 12:00:00+00:00,2801.04,2858.62,2788.82,2846.22,46.481
2025-11-24 16:00:00+00:00,2846.49,2978.2,2842.51,2952.32,101.0623
2025-11-24 20:00:00+00:00,2965.0,2983.61,2954.46,2954.74,49.1064
2025-11-25 00:00:00+00:00,2954.57,2954.57,2907.09,2907.09,34.0592
2025-11-25 04:00:00+00:00,2914.84,2942.0,2903.93,2903.93,30.2873
2025-11-25 08:00:00+00:00,2906.47,2908.57,2868.54,2897.19,36.7613
2025-11-25 12:00:00+00:00,2894.55,2932.39,2857.37,2891.03,39.2384
2025-11-25 16:00:00+00:00,2899.63,2956.48,2873.52,2921.61,44.6294
2025-11-25 20:00:00+00:00,2923.43,2979.11,2911.17,2959.94,42.2547
2025-11-26 00:00:00+00:00,2958.03,2982.26,2922.17,2927.69,58.0089
2025-11-26 04:00:00+00:00,2934.16,2953.58,2921.61,2944.65,17.2399
2025-11-26 08:00:00+00:00,2946.8,2946.8,2901.74,2915.43,4.567
2025-11-26 12:00:00+00:00,2920.43,2945.36,2890.48,2912.39,31.7766
2025-11-26 16:00:00+00:00,2937.06,3044.23,2931.51,3036.68,42.4964
2025-11-26 20:00:00+00:00,3035.41,3035.59,3004.38,3019.84,30.1016
2025-11-27 00:00:00+00:00,3031.85,3069.94,3002.59,3039.85,48.8082
2025-11-27 04:00:00+00:00,3034.87,3053.16,3018.75,3028.99,9.0703
2025-11-27 08:00:00+00:00,3031.58,3038.97,3019.89,3031.82,26.8573
2025-11-27 12:00:00+00:00,3030.21,3030.72,2987.01,3014.15,15.8198
2025-11-27 16:00:00+00:00,3012.62,3039.37,3006.91,3030.0,92.9701
2025-11-27 20:00:00+00:00,3030.0,3044.06,3005.74,3014.25,29.7648
2025-11-28 00:00:00+00:00,3011.03,3026.29,2994.05,3010.58,35.5907
2025-11-28 04:00:00+00:00,3011.29,3028.62,3003.88,3003.88,13.1056
2025-11-28 08:00:00+00:00,3002.7,3077.52,3002.7,3034.47,17.7573
2025-11-28 12:00:00+00:00,3035.25,3097.12,3032.16,3075.13,48.2128
2025-11-28 16:00:00+00:00,3074.77,3074.77,3014.42,3048.33,46.3444
2025-11-28 20:00:00+00:00,3053.47,3063.24,3022.59,3030.13,14.0685
2025-11-29 00:00:00+00:00,3038.37,3052.01,3017.94,3019.86,20.2872
2025-11-29 04:00:00+00:00,3025.69,3045.12,2995.02,3005.75,26.5006
2025-11-29 08:00:00+00:00,3003.59,3012.35,2989.36,3000.88,30.6966
2025-11-29 12:00:00+00:00,3002.13,3011.6,2988.04,2999.58,43.8149
2025-11-29 16:00:00+00:00,3006.14,3009.84,2967.08,2990.28,33.6387
2025-11-29 20:00:00+00:00,2990.22,3003.12,2982.59,2989.07,5.5989
2025-11-30 00:00:00+00:00,2988.46,3011.59,2976.47,2999.77,14.0822
2025-11-30 04:00:00+00:00,2999.46,3008.09,2988.29,3004.75,6.6567
2025-11-30 08:00:00+00:00,3004.36,3019.01,3002.56,3007.27,44.1852
2025-11-30 12:00:00+00:00,3005.82,3051.43,3003.66,3030.08,23.5134
2025-11-30 16:00:00+00:00,3030.18,3050.19,3029.93,3033.37,6.9146
2025-11-30 20:00:00+00:00,3036.37,3041.11,2991.69,2991.69,39.6788
2025-12-01 00:00:00+00:00,2994.14,2999.11,2814.99,2824.58,49.0068
2025-12-01 04:00:00+00:00,2825.91,2841.06,2809.16,2841.06,19.6376
2025-12-01 08:00:00+00:00,2835.25,2851.41,2828.39,2845.06,18.366
2025-12-01 12:00:00+00:00,2839.6,2843.75,2721.04,2748.82,70.9778
2025-12-01 16:00:00+00:00,2750.63,2759.77,2721.05,2744.6,17.3522
2025-12-01 20:00:00+00:00,2747.1,2818.09,2744.05,2802.75,21.686
2025-12-02 00:00:00+00:00,2800.45,2823.53,2786.59,2809.79,27.0526
2025-12-02 04:00:00+00:00,2806.7,2817.08,2799.58,2805.04,60.9611
2025-12-02 08:00:00+00:00,2806.35,2831.27,2783.17,2819.64,15.5325
2025-12-02 12:00:00+00:00,2826.71,3017.65,2820.58,2998.86,128.1646
2025-12-02 16:00:00+00:00,3014.1,3032.08,2987.8,3016.04,63.2324
2025-12-02 20:00:00+00:00,3021.34,3021.34,2969.67,2993.49,15.1074
2025-12-03 00:00:00+00:00,2997.13,3044.99,2983.71,3034.92,102.5852
2025-12-03 04:00:00+00:00,3026.35,3084.95,3026.35,3056.22,96.8226
2025-12-03 08:00:00+00:00,3064.93,3078.78,3045.0,3069.14,7.4265
2025-12-03 12:00:00+00:00,3077.89,3143.34,3033.44,3086.17,50.8144
2025-12-03 16:00:00+00:00,3093.86,3140.08,3065.58,3129.5,58.6773
2025-12-03 20:00:00+00:00,3135.21,3215.56,3122.96,3189.53,70.3125
2025-12-04 00:00:00+00:00,3195.41,3237.85,3174.02,3207.08,34.8315
2025-12-04 04:00:00+00:00,3212.13,3219.5,3173.18,3191.57,73.8085
2025-12-04 08:00:00+00:00,3187.83,3208.85,3176.09,3183.88,7.7782
2025-12-04 12:00:00+00:00,3186.23,3226.1,3138.98,3199.92,46.5514
2025-12-04 16:00:00+00:00,3206.82,3219.46,3067.99,3123.37,66.4783
2025-12-04 20:00:00+00:00,3125.62,3151.55,3109.88,3129.94,7.2505
2025-12-05 00:00:00+00:00,3139.0,3191.86,3130.15,3172.72,34.3097
2025-12-05 04:00:00+00:00,3171.6,3182.47,3154.27,3169.56,30.7755
2025-12-05 08:00:00+00:00,3177.18,3177.18,3108.56,3134.02,25.8556
2025-12-05 12:00:00+00:00,3131.54,3156.04,3087.02,3098.75,38.7952
2025-12-05 16:00:00+00:00,3091.93,3104.16,2987.03,3036.8,81.5886
2025-12-05 20:00:00+00:00,3041.9,3047.6,3004.26,3019.6,26.9502
2025-12-06 00:00:00+00:00,3025.6,3047.55,3008.96,3037.98,29.7327
2025-12-06 04:00:00+00:00,3044.72,3044.72,3028.01,3029.86,0.9214
2025-12-06 08:00:00+00:00,3026.78,3039.68,3010.14,3039.68,3.0273
2025-12-06 12:00:00+00:00,3039.68,3059.99,3025.58,3045.63,19.402
2025-12-06 16:00:00+00:00,3043.84,3063.78,3027.5,3030.77,4.4944
2025-12-06 20:00:00+00:00,3034.62,3051.26,3026.36,3036.78,9.3566
2025-12-07 00:00:00+00:00,3035.67,3057.31,3030.8,3053.3,0.6838
2025-12-07 04:00:00+00:00,3055.02,3056.92,3032.51,3032.51,2.5517
2025-12-07 08:00:00+00:00,3035.46,3042.52,3026.5,3037.0,11.1072
2025-12-07 12:00:00+00:00,3036.62,3050.71,2924.62,3030.19,30.7147
2025-12-07 16:00:00+00:00,3014.44,3148.73,3002.13,3110.68,58.4017
2025-12-07 20:00:00+00:00,3138.01,3146.58,3015.42,3062.31,6.5922
2025-12-08 00:00:00+00:00,3068.01,3131.32,3037.15,3112.78,38.8527
2025-12-08 04:00:00+00:00,3120.07,3137.53,3108.85,3130.33,13.8135
2025-12-08 08:00:00+00:00,3130.42,3178.36,3130.42,3144.26,14.8573
2025-12-08 12:00:00+00:00,3143.05,3176.35,3091.1,3116.27,37.5192
2025-12-08 16:00:00+00:00,3109.41,3130.33,3082.29,3127.48,36.5573
2025-12-08 20:00:00+00:00,3127.63,3151.91,3117.6,3124.14,16.8783
2025-12-09 00:00:00+00:00,3126.47,3142.96,3091.46,3127.5,22.0335
2025-12-09 04:00:00+00:00,3127.73,3127.73,3098.46,3124.59,24.3393
2025-12-09 08:00:00+00:00,3123.35,3127.73,3100.79,3106.15,5.3432
2025-12-09 12:00:00+00:00,3119.33,3253.47,3099.14,3249.28,57.9899
2025-12-09 16:00:00+00:00,3239.24,3397.52,3239.24,3360.05,92.0143
2025-12-09 20:00:00+00:00,3349.8,3358.92,3288.73,3319.3,26.9855
2025-12-10 00:00:00+00:00,3317.21,3325.04,3290.14,3308.46,31.0503
2025-12-10 04:00:00+00:00,3308.43,3335.22,3306.95,3324.3,39.8683
2025-12-10 08:00:00+00:00,3325.52,3373.18,3297.42,3317.21,50.3861
2025-12-10 12:00:00+00:00,3313.78,3339.76,3308.91,3333.27,40.5176
2025-12-10 16:00:00+00:00,3321.07,3433.26,3320.29,3389.65,100.0808
2025-12-10 20:00:00+00:00,3397.5,3445.49,3321.51,3321.51,37.3811
2025-12-11 00:00:00+00:00,3327.8,3328.78,3169.54,3184.78,116.8103
2025-12-11 04:00:00+00:00,3192.82,3215.12,3177.05,3201.09,13.9439
2025-12-11 08:00:00+00:00,3187.73,3209.96,3181.17,3201.0,8.7341
2025-12-11 12:00:00+00:00,3196.19,3207.9,3146.02,3180.61,53.211
2025-12-11 16:00:00+00:00,3176.32,3231.34,3157.24,3200.26,41.2103
2025-12-11 20:00:00+00:00,3200.62,3271.69,3197.36,3236.25,77.7455
2025-12-12 00:00:00+00:00,3233.91,3264.0,3189.0,3252.01,16.207
2025-12-12 04:00:00+00:00,3245.0,3264.3,3233.16,3250.05,13.1508
2025-12-12 08:00:00+00:00,3246.18,3257.53,3234.28,3238.73,8.3315
2025-12-12 12:00:00+00:00,3243.47,3250.25,3068.64,3070.0,59.3324
2025-12-12 16:00:00+00:00,3068.88,3140.0,3047.85,3075.28,65.8934
2025-12-12 20:00:00+00:00,3074.88,3098.64,3069.66,3083.62,17.8747
2025-12-13 00:00:00+00:00,3084.17,3096.11,3075.99,3090.43,5.9624
2025-12-13 04:00:00+00:00,3090.39,3097.4,3085.87,3095.07,3.4658
2025-12-13 08:00:00+00:00,3097.16,3137.49,3097.16,3121.36,8.5752
2025-12-13 12:00:00+00:00,3123.21,3130.17,3100.79,3112.53,4.0681
2025-12-13 16:00:00+00:00,3114.5,3114.5,3096.34,3108.07,25.3915
2025-12-13 20:00:00+00:00,3115.64,3122.45,3082.29,3112.6,9.2609
2025-12-14 00:00:00+00:00,3112.6,3128.0,3101.56,3119.01,26.683
2025-12-14 04:00:00+00:00,3119.01,3120.81,3107.64,3116.36,10.8075
2025-12-14 08:00:00+00:00,3116.68,3117.5,3050.9,3084.74,55.7869
2025-12-14 12:00:00+00:00,3078.51,3107.56,3073.95,3085.62,25.047
2025-12-14 16:00:00+00:00,3084.37,3105.95,3074.43,3098.64,4.5319
2025-12-14 20:00:00+00:00,3099.24,3099.24,3030.0,3065.01,44.2967
2025-12-15 00:00:00+00:00,3067.23,3149.39,3055.33,3109.05,30.4581
2025-12-15 04:00:00+00:00,3115.76,3144.39,3105.95,3131.45,29.2239
2025-12-15 08:00:00+00:00,3127.6,3176.4,3124.13,3158.38,22.2789
2025-12-15 12:00:00+00:00,3158.34,3161.37,2987.09,3014.21,68.7823
2025-12-15 16:00:00+00:00,3014.02,3016.63,2864.36,2946.59,148.7058
2025-12-15 20:00:00+00:00,2937.56,2967.46,2918.6,2965.68,26.971
2025-12-16 00:00:00+00:00,2964.87,2977.85,2923.51,2929.77,13.8496
2025-12-16 04:00:00+00:00,2939.6,2949.94,2882.44,2926.93,71.4247
2025-12-16 08:00:00+00:00,2929.65,2960.83,2923.41,2959.99,27.1309
2025-12-16 12:00:00+00:00,2957.67,2979.11,2890.05,2972.05,48.2781
2025-12-16 16:00:00+00:00,2967.11,2967.11,2914.05,2947.5,26.6869
2025-12-16 20:00:00+00:00,2942.45,2963.89,2942.44,2963.89,19.1496
2025-12-17 00:00:00+00:00,2960.78,2971.86,2942.86,2946.98,29.1646
2025-12-17 04:00:00+00:00,2953.24,2953.24,2913.85,2948.02,34.6155
2025-12-17 08:00:00+00:00,2944.09,2944.09,2910.58,2928.12,2.0658
2025-12-17 12:00:00+00:00,2931.5,3026.18,2890.48,2913.0,164.5903
2025-12-17 16:00:00+00:00,2930.9,2930.9,2798.88,2824.0,150.0557
2025-12-17 20:00:00+00:00,2817.79,2844.86,2808.53,2833.0,39.1678
2025-12-18 00:00:00+00:00,2834.41,2846.24,2823.54,2829.44,25.9748
2025-12-18 04:00:00+00:00,2834.08,2841.37,2825.0,2838.83,15.5155
2025-12-18 08:00:00+00:00,2838.22,2862.27,2835.52,2859.22,43.9032
2025-12-18 12:00:00+00:00,2859.27,2995.3,2852.35,2960.29,96.5318
2025-12-18 16:00:00+00:00,2960.15,2966.78,2779.1,2779.1,129.6623
2025-12-18 20:00:00+00:00,2786.17,2839.29,2774.6,2822.14,22.8179
2025-12-19 00:00:00+00:00,2832.27,2933.46,2812.93,2915.77,67.1177
2025-12-19 04:00:00+00:00,2917.64,2981.6,2911.65,2950.05,47.3247
2025-12-19 08:00:00+00:00,2956.55,2970.14,2936.08,2963.72,4.3336
2025-12-19 12:00:00+00:00,2967.27,3016.68,2947.05,2960.44,44.8664
2025-12-19 16:00:00+00:00,2968.03,3004.77,2934.72,2984.5,53.9812
2025-12-19 20:00:00+00:00,2984.5,3000.37,2976.23,2984.38,15.3213
2025-12-20 00:00:00+00:00,2976.85,2993.63,2972.02,2992.92,13.1909
2025-12-20 04:00:00+00:00,2994.09,2994.09,2975.09,2975.1,21.5956
2025-12-20 08:00:00+00:00,2990.48,2990.48,2976.49,2987.21,7.8459
2025-12-20 12:00:00+00:00,2989.45,2993.52,2969.05,2976.1,19.8028
2025-12-20 16:00:00+00:00,2980.46,2980.53,2974.12,2979.5,13.6237
2025-12-20 20:00:00+00:00,2974.88,2986.44,2974.19,2979.58,8.1303
2025-12-21 00:00:00+00:00,2976.98,2981.57,2963.0,2973.99,1.3549
2025-12-21 04:00:00+00:00,2974.59,2980.6,2971.45,2980.6,4.1993
2025-12-21 08:00:00+00:00,2981.6,3011.67,2979.24,2996.39,5.9504
2025-12-21 12:00:00+00:00,2997.76,3003.65,2945.61,2976.16,39.3511
2025-12-21 16:00:00+00:00,2978.54,2995.64,2971.4,2992.01,12.4563
2025-12-21 20:00:00+00:00,2992.63,3007.73,2971.64,3002.1,44.9934
2025-12-22 00:00:00+00:00,3004.93,3058.77,2971.17,3025.46,57.5147
2025-12-22 04:00:00+00:00,3028.46,3041.48,3022.8,3028.68,26.3065
2025-12-22 08:00:00+00:00,3034.58,3055.77,3028.05,3047.38,13.5015
2025-12-22 12:00:00+00:00,3053.1,3074.8,3023.06,3052.05,118.7999
2025-12-22 16:00:00+00:00,3055.98,3057.61,2974.87,2981.01,38.9649
2025-12-22 20:00:00+00:00,2980.67,3014.11,2965.62,3009.19,31.8375
2025-12-23 00:00:00+00:00,3007.69,3034.51,2973.85,2990.85,35.4891
2025-12-23 04:00:00+00:00,2990.05,2997.64,2947.6,2968.13,12.4466
2025-12-23 08:00:00+00:00,2967.26,2973.3,2957.05,2971.66,33.1293
2025-12-23 12:00:00+00:00,2972.93,2972.93,2901.1,2924.7,78.3751
2025-12-23 16:00:00+00:00,2928.8,2965.5,2909.41,2944.01,93.7602
2025-12-23 20:00:00+00:00,2954.25,2986.84,2939.9,2963.97,46.5998
2025-12-24 00:00:00+00:00,2963.38,2976.39,2925.0,2946.23,33.252
2025-12-24 04:00:00+00:00,2948.53,2957.05,2918.62,2942.05,11.9073
2025-12-24 08:00:00+00:00,2937.35,2937.35,2916.44,2927.05,4.3766
2025-12-24 12:00:00+00:00,2926.5,2937.44,2890.48,2920.49,10.0708
2025-12-24 16:00:00+00:00,2928.49,2951.32,2918.22,2946.66,3.7319
2025-12-24 20:00:00+00:00,2944.26,2961.56,2935.5,2945.46,38.0205
2025-12-25 00:00:00+00:00,2945.0,2955.55,2938.41,2947.63,21.1282
2025-12-25 04:00:00+00:00,2947.95,2951.51,2938.27,2941.34,8.2103
2025-12-25 08:00:00+00:00,2941.34,2945.52,2913.76,2926.26,2.3631
2025-12-25 12:00:00+00:00,2925.06,2969.54,2925.06,2958.44,45.5233
2025-12-25 16:00:00+00:00,2964.22,2965.06,2945.2,2953.85,31.9538
2025-12-25 20:00:00+00:00,2956.69,2956.98,2892.76,2905.0,57.1935
2025-12-26 00:00:00+00:00,2905.0,2992.63,2900.0,2968.05,22.6452
2025-12-26 04:00:00+00:00,2960.89,2990.62,2955.07,2957.05,34.5957
2025-12-26 08:00:00+00:00,2959.46,2974.52,2959.46,2966.05,7.7511
2025-12-26 12:00:00+00:00,2968.76,2985.55,2900.41,2917.74,93.3207
2025-12-26 16:00:00+00:00,2927.96,2940.0,2910.06,2925.67,24.5188
2025-12-26 20:00:00+00:00,2929.99,2939.09,2924.1,2931.95,51.4563
2025-12-27 00:00:00+00:00,2930.44,2931.57,2922.85,2930.49,10.1652
2025-12-27 04:00:00+00:00,2933.5,2936.5,2926.72,2933.87,8.232
2025-12-27 08:00:00+00:00,2935.34,2939.51,2923.08,2931.09,13.8818
2025-12-27 12:00:00+00:00,2933.26,2936.09,2926.58,2926.8,6.4912
2025-12-27 16:00:00+00:00,2926.35,2931.89,2917.15,2931.83,13.3539
2025-12-27 20:00:00+00:00,2932.14,2957.52,2929.32,2950.4,19.2659
2025-12-28 00:00:00+00:00,2949.07,2951.94,2940.9,2944.89,10.2459
2025-12-28 04:00:00+00:00,2942.24,2946.78,2932.0,2939.5,9.4298
2025-12-28 08:00:00+00:00,2939.1,2949.99,2930.85,2944.99,12.0027
2025-12-28 12:00:00+00:00,2946.73,2959.56,2940.27,2948.56,1.6945
2025-12-28 16:00:00+00:00,2955.11,2955.82,2926.66,2933.03,8.0661
2025-12-28 20:00:00+00:00,2934.37,2954.75,2928.75,2953.1,9.3687
2025-12-29 00:00:00+00:00,2949.63,3046.24,2942.21,3046.15,118.3389
2025-12-29 04:00:00+00:00,3046.24,3055.26,3010.05,3021.0,18.8683
2025-12-29 08:00:00+00:00,3018.86,3022.7,2960.0,2966.05,37.687
2025-12-29 12:00:00+00:00,2960.01,2966.82,2916.0,2940.26,44.3691
2025-12-29 16:00:00+00:00,2935.75,2952.22,2917.57,2938.81,20.4187
2025-12-29 20:00:00+00:00,2933.84,2945.82,2924.99,2939.5,50.4831
2025-12-30 00:00:00+00:00,2938.2,2954.13,2922.09,2954.13,11.4044
2025-12-30 04:00:00+00:00,2952.5,2957.3,2938.02,2952.02,11.4543
2025-12-30 08:00:00+00:00,2955.43,3001.03,2955.43,2977.11,11.1378
2025-12-30 12:00:00+00:00,2982.89,3007.2,2962.76,2997.68,34.4715
2025-12-30 16:00:00+00:00,2987.97,2995.77,2948.5,2973.97,9.2323
2025-12-30 20:00:00+00:00,2970.32,2974.59,2951.79,2974.59,43.699
2025-12-31 00:00:00+00:00,2974.0,2983.72,2963.01,2970.05,19.6923
2025-12-31 04:00:00+00:00,2976.85,2979.35,2969.55,2974.8,7.9164
2025-12-31 08:00:00+00:00,2978.73,3000.72,2965.05,3000.62,13.4795
2025-12-31 12:00:00+00:00,3001.42,3023.31,2966.26,2986.44,24.2333
2025-12-31 16:00:00+00:00,2984.56,2996.64,2960.12,2966.49,11.7477
2025-12-31 20:00:00+00:00,2973.15,2984.69,2959.61,2972.18,63.7066
2026-01-01 00:00:00+00:00,2973.54,2986.61,2971.0,2980.17,29.9419
2026-01-01 04:00:00+00:00,2980.99,2983.14,2973.11,2975.76,6.9668
2026-01-01 08:00:00+00:00,2978.84,2989.62,2975.74,2983.67,20.3543
2026-01-01 12:00:00+00:00,2990.08,2991.07,2974.08,2986.52,9.8893
2026-01-01 16:00:00+00:00,2989.22,3004.77,2977.49,2994.08,12.7609
2026-01-01 20:00:00+00:00,2995.56,3008.97,2985.92,3003.78,11.0417
2026-01-02 00:00:00+00:00,3003.66,3031.01,2990.43,3020.12,29.8658
2026-01-02 04:00:00+00:00,3019.35,3037.51,3009.69,3019.08,17.1323
2026-01-02 08:00:00+00:00,3017.78,3067.23,3016.53,3047.13,35.308
2026-01-02 12:00:00+00:00,3048.16,3104.98,3021.36,3088.89,32.46
2026-01-02 16:00:00+00:00,3087.83,3148.41,3076.79,3122.31,53.1088
2026-01-02 20:00:00+00:00,3127.21,3143.17,3116.23,3123.09,22.8592
2026-01-03 00:00:00+00:00,3126.54,3135.61,3115.63,3128.37,20.3924
2026-01-03 04:00:00+00:00,3126.09,3131.26,3078.88,3093.93,46.3429
2026-01-03 08:00:00+00:00,3095.37,3105.45,3090.0,3100.99,0.6718
2026-01-03 12:00:00+00:00,3099.51,3113.02,3094.88,3104.56,5.1124
2026-01-03 16:00:00+00:00,3097.94,3119.3,3097.94,3112.87,17.0239
2026-01-03 20:00:00+00:00,3115.46,3130.55,3108.11,3129.68,15.2258
2026-01-04 00:00:00+00:00,3127.7,3166.91,3123.87,3142.67,45.2819
2026-01-04 04:00:00+00:00,3149.53,3161.38,3138.52,3144.53,22.2598
2026-01-04 08:00:00+00:00,3139.4,3147.49,3133.35,3143.05,4.7418
2026-01-04 12:00:00+00:00,3142.47,3147.45,3121.67,3129.22,4.7959
2026-01-04 16:00:00+00:00,3131.18,3143.93,3118.81,3133.87,12.2151
2026-01-04 20:00:00+00:00,3132.33,3154.91,3132.33,3148.3,13.1472
2026-01-05 00:00:00+00:00,3154.77,3220.15,3138.35,3186.05,63.8759
2026-01-05 04:00:00+00:00,3188.22,3190.42,3136.49,3162.4,28.1197
2026-01-05 08:00:00+00:00,3165.73,3181.73,3155.16,3179.93,16.6264
2026-01-05 12:00:00+00:00,3182.31,3208.6,3138.4,3197.99,27.4725
2026-01-05 16:00:00+00:00,3199.69,3229.11,3165.3,3225.62,75.8132
2026-01-05 20:00:00+00:00,3224.6,3262.5,3222.29,3224.57,48.6349
2026-01-06 00:00:00+00:00,3231.51,3246.51,3204.83,3225.8,27.9427
2026-01-06 04:00:00+00:00,3225.3,3249.89,3216.46,3218.51,50.9944
2026-01-06 08:00:00+00:00,3221.55,3242.18,3216.21,3235.94,0.8609
2026-01-06 12:00:00+00:00,3236.87,3306.58,3232.4,3274.16,34.5514
2026-01-06 16:00:00+00:00,3273.67,3279.72,3181.06,3226.24,85.954
2026-01-06 20:00:00+00:00,3226.52,3299.99,3226.52,3293.33,42.5109
2026-01-07 00:00:00+00:00,3284.85,3299.8,3241.15,3258.11,29.9241
2026-01-07 04:00:00+00:00,3266.92,3267.17,3246.05,3255.37,5.0569
2026-01-07 08:00:00+00:00,3255.75,3262.68,3198.62,3228.15,18.1101
2026-01-07 12:00:00+00:00,3223.66,3227.01,3148.95,3168.89,36.4385
2026-01-07 16:00:00+00:00,3172.07,3174.78,3129.63,3150.22,21.5258
2026-01-07 20:00:00+00:00,3153.95,3175.72,3129.38,3167.36,38.472
2026-01-08 00:00:00+00:00,3164.21,3185.8,3135.76,3140.64,5.599
2026-01-08 04:00:00+00:00,3146.95,3162.18,3090.25,3131.09,9.7932
2026-01-08 08:00:00+00:00,3133.09,3133.22,3100.79,3113.21,0.2816
2026-01-08 12:00:00+00:00,3127.05,3127.05,3058.36,3092.94,53.8694
2026-01-08 16:00:00+00:00,3105.71,3137.6,3094.27,3121.6,18.2984
2026-01-08 20:00:00+00:00,3108.0,3127.73,3093.13,3113.02,2.3934
2026-01-09 00:00:00+00:00,3109.53,3146.55,3085.06,3117.2,12.9896
2026-01-09 04:00:00+00:00,3124.78,3126.86,3113.46,3114.51,0.9451
2026-01-09 08:00:00+00:00,3114.41,3120.71,3071.58,3102.16,3.7644
2026-01-09 12:00:00+00:00,3092.26,3143.91,3061.21,3103.89,29.533
2026-01-09 16:00:00+00:00,3113.16,3143.46,3071.58,3080.37,9.2092
2026-01-09 20:00:00+00:00,3084.13,3100.74,3070.0,3086.92,11.3435
2026-01-10 00:00:00+00:00,3092.56,3096.77,3078.79,3092.93,12.296
2026-01-10 04:00:00+00:00,3089.66,3097.55,3082.38,3091.61,1.5468
2026-01-10 08:00:00+00:00,3093.77,3101.74,3088.48,3099.91,3.5983
2026-01-10 12:00:00+00:00,3100.67,3102.68,3091.14,3097.99,2.4463
2026-01-10 16:00:00+00:00,3098.72,3102.46,3089.87,3092.46,6.0392
2026-01-10 20:00:00+00:00,3094.0,3095.66,3080.1,3087.75,5.5335
2026-01-11 00:00:00+00:00,3087.36,3102.26,3085.49,3098.55,5.2021
2026-01-11 04:00:00+00:00,3099.16,3102.56,3092.64,3096.22,9.2549
2026-01-11 08:00:00+00:00,3095.71,3110.65,3094.92,3108.71,4.21
2026-01-11 12:00:00+00:00,3108.34,3129.31,3106.9,3117.55,11.4539
2026-01-11 16:00:00+00:00,3117.55,3144.83,3115.52,3127.81,29.7442
2026-01-11 20:00:00+00:00,3124.57,3128.4,3092.4,3124.24,43.9541
2026-01-12 00:00:00+00:00,3114.56,3170.2,3103.33,3161.44,12.4838
2026-01-12 04:00:00+00:00,3158.01,3170.07,3136.45,3136.45,22.9385
2026-01-12 08:00:00+00:00,3138.08,3141.27,3103.33,3114.29,4.3634
2026-01-12 12:00:00+00:00,3121.05,3131.22,3070.85,3128.75,35.4815
2026-01-12 16:00:00+00:00,3128.2,3148.5,3085.3,3123.25,33.457
2026-01-12 20:00:00+00:00,3122.71,3127.0,3088.11,3098.3,29.4174
2026-01-13 00:00:00+00:00,3106.38,3119.12,3090.3,3114.0,8.4947
2026-01-13 04:00:00+00:00,3113.06,3147.2,3108.35,3126.15,19.8814
2026-01-13 08:00:00+00:00,3125.68,3146.48,3125.68,3141.29,0.6438
2026-01-13 12:00:00+00:00,3137.62,3186.07,3127.56,3177.09,42.4403
2026-01-13 16:00:00+00:00,3189.94,3215.71,3171.29,3213.25,34.0418
2026-01-13 20:00:00+00:00,3213.47,3361.44,3191.42,3323.05,126.8211
2026-01-14 00:00:00+00:00,3329.42,3357.72,3311.21,3349.11,95.7312
2026-01-14 04:00:00+00:00,3351.85,3361.45,3322.99,3340.32,3.9562
2026-01-14 08:00:00+00:00,3339.0,3343.97,3284.68,3284.68,51.7175
2026-01-14 12:00:00+00:00,3292.6,3360.29,3283.89,3342.06,60.3096
2026-01-14 16:00:00+00:00,3355.85,3400.0,3318.08,3373.56,61.6131
2026-01-14 20:00:00+00:00,3372.73,3384.91,3350.07,3360.31,22.396
2026-01-15 00:00:00+00:00,3351.1,3354.55,3277.13,3282.69,50.0486
2026-01-15 04:00:00+00:00,3290.87,3333.35,3287.56,3328.0,33.6821
2026-01-15 08:00:00+00:00,3328.0,3379.05,3319.58,3347.1,34.9829
2026-01-15 12:00:00+00:00,3352.0,3382.37,3287.5,3323.8,26.9261
2026-01-15 16:00:00+00:00,3331.48,3336.12,3277.27,3288.87,55.1333
2026-01-15 20:00:00+00:00,3298.62,3320.34,3276.35,3316.53,30.5375
2026-01-16 00:00:00+00:00,3316.58,3327.08,3289.95,3300.03,25.2217
2026-01-16 04:00:00+00:00,3299.35,3317.52,3280.5,3303.86,14.1204
2026-01-16 08:00:00+00:00,3314.42,3318.15,3300.12,3302.5,2.2918
2026-01-16 12:00:00+00:00,3302.65,3318.77,3250.1,3258.61,19.6462
2026-01-16 16:00:00+00:00,3268.06,3290.2,3267.11,3276.08,9.3772
2026-01-16 20:00:00+00:00,3278.72,3299.96,3270.79,3297.24,89.8074
2026-01-17 00:00:00+00:00,3293.38,3295.41,3284.0,3290.64,33.4052
2026-01-17 04:00:00+00:00,3289.06,3293.84,3286.17,3290.8,18.382
2026-01-17 08:00:00+00:00,3289.37,3305.48,3289.37,3302.81,30.8305
2026-01-17 12:00:00+00:00,3301.71,3332.77,3299.45,3329.36,82.2318
2026-01-17 16:00:00+00:00,3328.4,3329.94,3312.99,3315.68,100.0067
2026-01-17 20:00:00+00:00,3317.15,3319.46,3298.05,3310.64,31.9044
2026-01-18 00:00:00+00:00,3307.86,3317.52,3295.86,3315.02,46.1431
2026-01-18 04:00:00+00:00,3315.02,3317.69,3306.76,3309.21,7.7479
2026-01-18 08:00:00+00:00,3306.0,3324.78,3303.88,3322.76,77.2664
2026-01-18 12:00:00+00:00,3322.85,3347.56,3314.67,3333.89,97.5653
2026-01-18 16:00:00+00:00,3332.49,3368.72,3330.88,3346.51,112.9026
2026-01-18 20:00:00+00:00,3345.59,3362.61,3279.42,3284.14,212.6373
2026-01-19 00:00:00+00:00,3284.42,3284.42,3180.44,3209.8,259.6817
2026-01-19 04:00:00+00:00,3209.8,3217.67,3187.07,3208.96,80.2469
2026-01-19 08:00:00+00:00,3204.11,3229.14,3197.66,3224.44,108.8469
2026-01-19 12:00:00+00:00,3224.7,3235.9,3206.35,3216.07,120.793
2026-01-19 16:00:00+00:00,3215.36,3226.51,3209.15,3219.59,70.0258
2026-01-19 20:00:00+00:00,3221.14,3229.07,3165.72,3189.17,224.4447
2026-01-20 00:00:00+00:00,3187.57,3199.56,3176.44,3188.12,102.2114
2026-01-20 04:00:00+00:00,3186.68,3187.76,3109.97,3128.82,254.0483
2026-01-20 08:00:00+00:00,3122.97,3125.08,3086.42,3111.15,54.5486
2026-01-20 12:00:00+00:00,3110.58,3117.58,2995.34,3027.61,555.1914
2026-01-20 16:00:00+00:00,3034.17,3040.93,2984.09,2992.78,315.7088
2026-01-20 20:00:00+00:00,2993.24,3006.34,2918.67,2940.2,154.4364
2026-01-21 00:00:00+00:00,2940.35,2983.54,2924.1,2981.83,163.4494
2026-01-21 04:00:00+00:00,2982.61,3001.03,2966.42,2969.46,65.5229
2026-01-21 08:00:00+00:00,2967.96,2975.88,2938.33,2938.33,169.3805
2026-01-21 12:00:00+00:00,2941.29,3025.96,2902.03,3003.5,832.2071
2026-01-21 16:00:00+00:00,2993.89,3067.67,2866.78,3057.02,143.3889
2026-01-21 20:00:00+00:00,3057.02,3057.02,2971.03,2990.59,103.2485
2026-01-22 00:00:00+00:00,2990.19,3036.15,2983.54,3020.25,45.1525
2026-01-22 04:00:00+00:00,3020.45,3029.96,3002.1,3002.1,28.8986
2026-01-22 08:00:00+00:00,3013.67,3018.72,2978.6,2991.55,4.6063
2026-01-22 12:00:00+00:00,2984.45,3006.97,2907.72,2945.31,80.8635
2026-01-22 16:00:00+00:00,2946.68,2969.54,2925.58,2957.03,27.6318
2026-01-22 20:00:00+00:00,2951.39,2957.17,2931.24,2951.05,116.1206
2026-01-23 00:00:00+00:00,2953.38,2972.3,2946.97,2963.69,53.2378
2026-01-23 04:00:00+00:00,2964.55,2983.6,2936.43,2946.29,122.3282
2026-01-23 08:00:00+00:00,2949.14,2951.53,2916.94,2940.63,159.1636
2026-01-23 12:00:00+00:00,2940.42,2961.71,2892.91,2953.47,182.6388
2026-01-23 16:00:00+00:00,2956.05,3017.63,2941.0,2960.2,166.6945
2026-01-23 20:00:00+00:00,2956.98,2961.7,2933.12,2957.74,64.3423
2026-01-24 00:00:00+00:00,2958.92,2969.58,2950.05,2964.14,36.7637
2026-01-24 04:00:00+00:00,2963.24,2966.88,2955.44,2958.76,62.3045
2026-01-24 08:00:00+00:00,2957.84,2964.93,2956.36,2960.8,5.6165
2026-01-24 12:00:00+00:00,2961.02,2967.72,2945.31,2957.11,53.1858
2026-01-24 16:00:00+00:00,2959.23,2968.28,2952.92,2955.01,59.3011
2026-01-24 20:00:00+00:00,2954.45,2963.96,2951.14,2953.8,39.8137
2026-01-25 00:00:00+00:00,2954.53,2958.78,2937.53,2943.52,57.366
2026-01-25 04:00:00+00:00,2943.03,2949.0,2935.96,2943.26,32.6384
2026-01-25 08:00:00+00:00,2941.92,2947.14,2922.17,2936.3,59.0118
2026-01-25 12:00:00+00:00,2938.08,2944.77,2923.24,2926.16,67.636
2026-01-25 16:00:00+00:00,2925.62,2925.62,2797.72,2814.2,380.6895
2026-01-25 20:00:00+00:00,2816.01,2826.1,2788.51,2818.64,179.9125
2026-01-26 00:00:00+00:00,2816.12,2898.28,2814.03,2849.09,367.7961
2026-01-26 04:00:00+00:00,2851.35,2910.49,2851.19,2904.34,242.7956
2026-01-26 08:00:00+00:00,2904.01,2933.72,2882.28,2891.13,180.4276
2026-01-26 12:00:00+00:00,2895.31,2950.0,2875.97,2899.76,273.081
2026-01-26 16:00:00+00:00,2899.41,2935.96,2884.86,2921.64,216.5676
2026-01-26 20:00:00+00:00,2922.03,2948.36,2898.11,2929.61,144.8634
2026-01-27 00:00:00+00:00,2929.62,2948.37,2912.27,2940.48,44.958
2026-01-27 04:00:00+00:00,2939.17,2957.28,2926.52,2930.31,43.7632
2026-01-27 08:00:00+00:00,2929.29,2933.05,2900.37,2906.07,19.4387
2026-01-27 12:00:00+00:00,2917.82,2941.17,2907.15,2939.91,147.37
2026-01-27 16:00:00+00:00,2937.87,2996.8,2919.16,2979.12,357.8853
2026-01-27 20:00:00+00:00,2980.55,3034.74,2980.55,3026.17,221.8746
2026-01-28 00:00:00+00:00,3027.51,3029.05,2996.71,3005.78,57.7655
2026-01-28 04:00:00+00:00,3005.4,3017.11,2993.1,3004.67,96.8654
2026-01-28 08:00:00+00:00,3003.54,3044.4,2987.16,3039.83,92.7382
2026-01-28 12:00:00+00:00,3039.34,3041.46,2984.89,3010.13,100.6069
2026-01-28 16:00:00+00:00,3006.82,3031.03,2993.01,3027.38,221.5132
2026-01-28 20:00:00+00:00,3014.11,3036.73,2996.92,3011.22,67.6937
2026-01-29 00:00:00+00:00,3013.13,3013.7,2945.61,2952.41,76.382
2026-01-29 04:00:00+00:00,2952.49,2962.13,2940.21,2962.09,28.1662
2026-01-29 08:00:00+00:00,2959.14,2968.3,2923.93,2929.84,108.6439
2026-01-29 12:00:00+00:00,2932.88,2939.73,2797.1,2822.13,127.4777
2026-01-29 16:00:00+00:00,2819.83,2858.62,2755.17,2804.54,329.2341
2026-01-29 20:00:00+00:00,2798.81,2826.79,2788.01,2822.47,113.0404
2026-01-30 00:00:00+00:00,2824.93,2828.02,2684.77,2741.19,408.5575
2026-01-30 04:00:00+00:00,2737.45,2772.14,2696.92,2743.52,123.9536
2026-01-30 08:00:00+00:00,2739.9,2766.83,2710.3,2758.47,106.5524
2026-01-30 12:00:00+00:00,2761.86,2766.5,2695.0,2729.11,143.9466
2026-01-30 16:00:00+00:00,2730.34,2760.5,2636.75,2752.88,275.8385
2026-01-30 20:00:00+00:00,2738.02,2740.53,2668.02,2707.96,228.6036
2026-01-31 00:00:00+00:00,2704.8,2714.22,2688.15,2696.58,43.8662
2026-01-31 04:00:00+00:00,2695.42,2704.83,2669.25,2678.86,64.8573
2026-01-31 08:00:00+00:00,2681.44,2681.44,2607.31,2638.15,193.2389
2026-01-31 12:00:00+00:00,2639.64,2643.93,2513.56,2529.29,540.0296
2026-01-31 16:00:00+00:00,2534.43,2552.27,2242.77,2387.14,1173.6326
2026-01-31 20:00:00+00:00,2385.42,2471.35,2354.85,2454.19,309.5081
2026-02-01 00:00:00+00:00,2448.01,2476.78,2430.5,2441.03,170.4443
2026-02-01 04:00:00+00:00,2443.36,2455.25,2391.76,2411.66,162.1906
2026-02-01 08:00:00+00:00,2411.42,2438.46,2377.52,2410.93,242.4469
2026-02-01 12:00:00+00:00,2409.09,2410.8,2288.83,2323.21,380.3308
2026-02-01 16:00:00+00:00,2308.4,2376.48,2285.37,2315.55,432.0575
2026-02-01 20:00:00+00:00,2319.63,2348.62,2218.82,2270.61,621.5109
2026-02-02 00:00:00+00:00,2271.04,2323.6,2165.96,2240.06,524.5801
2026-02-02 04:00:00+00:00,2241.18,2268.11,2159.14,2235.09,533.859
2026-02-02 08:00:00+00:00,2243.31,2318.36,2234.5,2280.68,511.295
2026-02-02 12:00:00+00:00,2286.75,2395.3,2271.37,2369.89,669.3771
2026-02-02 16:00:00+00:00,2371.02,2387.38,2328.47,2334.39,255.877
2026-02-02 20:00:00+00:00,2327.97,2353.77,2314.84,2345.51,97.4252
2026-02-03 00:00:00+00:00,2340.0,2357.84,2286.94,2343.55,216.5787
2026-02-03 04:00:00+00:00,2343.53,2354.0,2299.08,2322.86,135.6797
2026-02-03 08:00:00+00:00,2322.92,2333.43,2264.23,2277.24,300.9754
2026-02-03 12:00:00+00:00,2277.18,2318.22,2253.46,2302.23,240.7361
2026-02-03 16:00:00+00:00,2302.41,2302.41,2110.59,2207.13,1010.761
2026-02-03 20:00:00+00:00,2207.66,2351.4,2188.73,2234.08,540.2389
2026-02-04 00:00:00+00:00,2233.48,2296.34,2225.48,2284.0,162.3748
2026-02-04 04:00:00+00:00,2286.13,2292.51,2256.93,2283.5,116.9367
2026-02-04 08:00:00+00:00,2284.0,2285.76,2226.97,2256.46,62.0069
2026-02-04 12:00:00+00:00,2255.98,2260.09,2137.28,2154.25,545.0543
2026-02-04 16:00:00+00:00,2153.3,2192.76,2077.49,2184.08,972.0183
2026-02-04 20:00:00+00:00,2182.8,2187.82,2087.04,2147.84,359.8818
2026-02-05 00:00:00+00:00,2145.77,2173.49,2098.88,2108.24,312.5542
2026-02-05 04:00:00+00:00,2111.16,2124.91,2068.34,2089.93,418.101
2026-02-05 08:00:00+00:00,2093.45,2149.29,2063.0,2078.02,148.9576
2026-02-05 12:00:00+00:00,2081.74,2104.91,1926.88,1961.5,758.9756
2026-02-05 16:00:00+00:00,1961.67,2018.37,1917.62,1928.22,338.6943
2026-02-05 20:00:00+00:00,1931.46,1941.05,1818.23,1825.6,441.2354
2026-02-06 00:00:00+00:00,1826.85,1948.45,1749.27,1894.3,318.5357
2026-02-06 04:00:00+00:00,1895.36,1974.65,1888.23,1895.28,85.2854
2026-02-06 08:00:00+00:00,1900.78,1940.12,1865.71,1932.21,94.2199
2026-02-06 12:00:00+00:00,1931.54,2001.5,1916.29,1982.15,115.772
2026-02-06 16:00:00+00:00,1977.54,2089.25,1976.56,2066.89,596.8614
2026-02-06 20:00:00+00:00,2064.16,2093.6,2044.88,2064.39,157.0876
2026-02-07 00:00:00+00:00,2063.18,2085.82,2034.91,2081.66,93.1896
2026-02-07 04:00:00+00:00,2081.84,2118.06,1995.98,2030.27,626.5074
2026-02-07 08:00:00+00:00,2023.82,2031.24,2005.02,2019.51,30.2552
2026-02-07 12:00:00+00:00,2023.53,2075.54,2010.0,2052.32,90.2821
2026-02-07 16:00:00+00:00,2054.86,2110.0,2012.24,2089.78,584.2473
2026-02-07 20:00:00+00:00,2091.02,2110.59,2074.28,2095.0,100.9299
2026-02-08 00:00:00+00:00,2086.48,2102.63,2078.43,2080.13,18.6546
2026-02-08 04:00:00+00:00,2080.13,2088.32,2065.8,2081.35,28.9368
2026-02-08 08:00:00+00:00,2084.23,2136.51,2078.5,2131.87,46.0528
2026-02-08 12:00:00+00:00,2131.0,2144.5,2098.2,2106.16,43.5562
2026-02-08 16:00:00+00:00,2111.65,2127.68,2074.28,2127.08,46.2753
2026-02-08 20:00:00+00:00,2121.56,2150.55,2071.91,2089.2,144.0494
2026-02-09 00:00:00+00:00,2090.52,2102.63,2055.39,2100.33,152.9285
2026-02-09 04:00:00+00:00,2100.5,2101.43,2065.13,2067.34,41.1865
2026-02-09 08:00:00+00:00,2065.41,2069.38,2014.29,2023.0,48.055
2026-02-09 12:00:00+00:00,2028.57,2074.6,2007.02,2064.58,83.605
2026-02-09 16:00:00+00:00,2059.73,2141.97,2050.03,2129.04,195.0823
2026-02-09 20:00:00+00:00,2128.01,2145.99,2090.09,2105.29,71.4715
2026-02-10 00:00:00+00:00,2104.72,2124.22,2054.02,2064.89,111.302
2026-02-10 04:00:00+00:00,2069.45,2074.4,1998.4,2008.1,84.1011
2026-02-10 08:00:00+00:00,2009.45,2027.04,1997.47,2003.32,24.9274
2026-02-10 12:00:00+00:00,2009.11,2038.6,1991.29,2020.43,55.0826
2026-02-10 16:00:00+00:00,2022.98,2045.53,1996.22,2021.14,69.3155
2026-02-10 20:00:00+00:00,2021.05,2021.77,1999.71,2020.2,54.0614
2026-02-11 00:00:00+00:00,2022.84,2032.0,1997.92,2010.0,34.595
2026-02-11 04:00:00+00:00,2008.46,2009.12,1938.72,1953.98,101.2389
2026-02-11 08:00:00+00:00,1949.03,1955.78,1932.81,1954.83,34.3438
2026-02-11 12:00:00+00:00,1954.28,2015.66,1905.0,1931.34,97.329
2026-02-11 16:00:00+00:00,1930.71,1958.48,1908.64,1953.45,200.481
2026-02-11 20:00:00+00:00,1954.01,1987.48,1933.26,1941.74,148.3782
2026-02-12 00:00:00+00:00,1943.77,1977.35,1943.77,1969.39,81.0737
2026-02-12 04:00:00+00:00,1968.44,1982.31,1954.12,1970.4,16.5098
2026-02-12 08:00:00+00:00,1971.26,2000.06,1958.32,1990.45,73.4317
2026-02-12 12:00:00+00:00,1988.79,1994.06,1944.5,1947.24,115.2687
2026-02-12 16:00:00+00:00,1948.18,1948.2,1898.8,1927.15,144.0525
2026-02-12 20:00:00+00:00,1926.02,1951.79,1911.43,1947.97,91.8846
2026-02-13 00:00:00+00:00,1947.31,1957.41,1929.0,1952.06,57.7513
2026-02-13 04:00:00+00:00,1953.9,1954.91,1925.24,1935.23,23.4204
2026-02-13 08:00:00+00:00,1939.5,1968.42,1938.22,1960.16,21.9208
2026-02-13 12:00:00+00:00,1959.35,2050.01,1953.75,2031.92,135.6203
2026-02-13 16:00:00+00:00,2036.69,2071.81,2032.03,2060.26,104.9479
2026-02-13 20:00:00+00:00,2056.49,2059.09,2040.07,2048.73,89.4108
2026-02-14 00:00:00+00:00,2049.11,2057.48,2043.41,2054.03,5.9186
2026-02-14 04:00:00+00:00,2054.31,2059.9,2049.58,2057.46,8.8215
2026-02-14 08:00:00+00:00,2059.2,2106.92,2059.2,2099.55,26.1192
2026-02-14 12:00:00+00:00,2099.04,2100.0,2066.19,2087.29,39.7846
2026-02-14 16:00:00+00:00,2085.04,2090.61,2068.0,2088.51,19.4906
2026-02-14 20:00:00+00:00,2088.5,2099.82,2079.33,2085.57,16.7546
2026-02-15 00:00:00+00:00,2085.9,2089.22,2036.39,2058.38,91.3396
2026-02-15 04:00:00+00:00,2059.33,2102.63,2059.33,2092.48,39.5593
2026-02-15 08:00:00+00:00,2091.92,2091.92,2055.29,2061.98,26.0822
2026-02-15 12:00:00+00:00,2062.32,2067.26,1992.57,2008.94,92.4209
2026-02-15 16:00:00+00:00,2010.83,2010.83,1930.09,1944.1,188.2894
2026-02-15 20:00:00+00:00,1941.98,1974.08,1935.84,1965.35,32.6786
2026-02-16 00:00:00+00:00,1966.15,1980.25,1949.66,1957.81,25.2316
2026-02-16 04:00:00+00:00,1959.79,1977.7,1956.64,1972.05,12.9425
2026-02-16 08:00:00+00:00,1973.87,1993.08,1959.22,1977.41,32.438
2026-02-16 12:00:00+00:00,1975.92,2022.35,1938.71,1956.5,74.5544
2026-02-16 16:00:00+00:00,1957.05,1987.52,1956.68,1977.38,32.7251
2026-02-16 20:00:00+00:00,1972.78,2002.79,1972.31,1998.53,43.5268
2026-02-17 00:00:00+00:00,1999.37,2008.02,1982.08,1985.43,23.5176
2026-02-17 04:00:00+00:00,1986.66,1997.44,1966.17,1987.02,41.2695
2026-02-17 08:00:00+00:00,1988.71,1990.41,1962.48,1968.91,22.0572
2026-02-17 12:00:00+00:00,1969.73,2002.08,1942.27,1967.84,78.1702
2026-02-17 16:00:00+00:00,1969.82,2015.16,1954.02,2000.65,129.5171
2026-02-17 20:00:00+00:00,2000.76,2003.62,1988.16,1991.26,61.4326
2026-02-18 00:00:00+00:00,1991.68,1999.41,1968.55,1999.23,34.0772
2026-02-18 04:00:00+00:00,1995.78,2022.11,1994.39,2021.81,17.2771
2026-02-18 08:00:00+00:00,2017.98,2038.35,1977.31,1985.1,30.4574
2026-02-18 12:00:00+00:00,1980.91,2008.98,1954.87,1984.81,127.3453
2026-02-18 16:00:00+00:00,1985.12,1987.48,1923.92,1940.94,697.3714
2026-02-18 20:00:00+00:00,1941.71,1955.77,1935.43,1955.77,243.2707
2026-02-19 00:00:00+00:00,1953.72,1974.39,1951.57,1972.95,99.0967
2026-02-19 04:00:00+00:00,1973.35,1986.52,1965.11,1980.58,56.7699
2026-02-19 08:00:00+00:00,1980.9,1980.9,1949.22,1949.95,85.2282
2026-02-19 12:00:00+00:00,1948.89,1955.34,1911.98,1921.41,227.9342
2026-02-19 16:00:00+00:00,1925.4,1945.09,1907.0,1940.66,102.6412
2026-02-19 20:00:00+00:00,1941.31,1952.25,1935.78,1948.61,75.7397
2026-02-20 00:00:00+00:00,1947.61,1964.15,1947.61,1955.76,114.6959
2026-02-20 04:00:00+00:00,1956.01,1968.53,1931.75,1960.39,133.8894
2026-02-20 08:00:00+00:00,1960.98,1973.11,1940.79,1944.1,116.9142
2026-02-20 12:00:00+00:00,1944.65,1980.25,1923.47,1963.31,362.7553
2026-02-20 16:00:00+00:00,1964.8,1980.19,1938.94,1963.68,745.2068
2026-02-20 20:00:00+00:00,1963.11,1974.81,1961.73,1969.25,206.0799
2026-02-21 00:00:00+00:00,1969.1,1970.2,1956.47,1959.12,64.2328
2026-02-21 04:00:00+00:00,1959.39,1965.4,1956.44,1961.65,71.7134
2026-02-21 08:00:00+00:00,1962.64,1987.98,1962.64,1976.34,75.4309
2026-02-21 12:00:00+00:00,1977.95,1995.5,1970.37,1987.68,148.1896
2026-02-21 16:00:00+00:00,1987.84,1995.0,1976.38,1989.19,233.346
2026-02-21 20:00:00+00:00,1988.53,1990.68,1971.52,1973.51,147.1081
2026-02-22 00:00:00+00:00,1973.51,1982.43,1968.6,1974.25,141.8077
2026-02-22 04:00:00+00:00,1975.4,1978.93,1971.29,1977.56,41.3387
2026-02-22 08:00:00+00:00,1975.84,1982.4,1971.71,1982.4,68.2419
2026-02-22 12:00:00+00:00,1981.43,1981.43,1944.18,1953.77,238.4435
2026-02-22 16:00:00+00:00,1954.33,1955.7,1935.32,1943.95,99.1203
2026-02-22 20:00:00+00:00,1944.49,1960.85,1940.21,1957.91,114.9472
2026-02-23 00:00:00+00:00,1954.43,1956.36,1848.09,1863.19,585.429
2026-02-23 04:00:00+00:00,1863.3,1888.38,1853.95,1883.76,68.7747
2026-02-23 08:00:00+00:00,1883.73,1927.61,1877.61,1914.25,216.7331
2026-02-23 12:00:00+00:00,1915.6,1935.09,1894.34,1896.0,440.8247
2026-02-23 16:00:00+00:00,1895.93,1899.81,1836.71,1857.01,1078.1649
2026-02-23 20:00:00+00:00,1856.7,1869.1,1846.94,1856.69,309.2009
2026-02-24 00:00:00+00:00,1858.59,1868.84,1812.01,1831.87,749.2135
2026-02-24 04:00:00+00:00,1831.91,1839.24,1814.01,1824.92,590.2315
2026-02-24 08:00:00+00:00,1824.13,1835.99,1816.1,1826.7,271.0397
2026-02-24 12:00:00+00:00,1826.45,1850.06,1800.64,1848.63,463.3288
2026-02-24 16:00:00+00:00,1848.06,1864.81,1837.73,1852.39,394.8468
2026-02-24 20:00:00+00:00,1852.26,1863.27,1845.66,1851.54,160.2694
2026-02-25 00:00:00+00:00,1851.82,1943.85,1846.66,1905.93,785.8208
2026-02-25 04:00:00+00:00,1906.1,1913.86,1878.06,1894.15,414.0539
2026-02-25 08:00:00+00:00,1893.62,1927.24,1890.53,1925.67,146.5308
2026-02-25 12:00:00+00:00,1925.98,2027.04,1924.04,2013.62,1034.133
2026-02-25 16:00:00+00:00,2014.44,2083.59,2013.54,2071.83,1257.7411
2026-02-25 20:00:00+00:00,2071.82,2144.5,2034.46,2057.35,850.2883
2026-02-26 00:00:00+00:00,2057.05,2076.42,2039.52,2056.18,659.4795
2026-02-26 04:00:00+00:00,2054.05,2081.62,2052.36,2054.71,314.8584
2026-02-26 08:00:00+00:00,2055.94,2083.57,2045.27,2057.15,406.3217
2026-02-26 12:00:00+00:00,2058.7,2077.87,2011.8,2032.91,1219.5775
2026-02-26 16:00:00+00:00,2033.51,2037.76,1975.95,2030.34,1141.7894
2026-02-26 20:00:00+00:00,2030.44,2041.22,2018.86,2026.71,327.3163
2026-02-27 00:00:00+00:00,2027.22,2049.5,2001.21,2045.29,333.4289
2026-02-27 04:00:00+00:00,2046.67,2062.6,2023.27,2033.75,287.861
2026-02-27 08:00:00+00:00,2032.29,2045.05,1954.02,1962.6,543.2664
2026-02-27 12:00:00+00:00,1961.86,1968.94,1939.11,1948.27,875.126
2026-02-27 16:00:00+00:00,1948.08,1948.42,1907.54,1920.73,459.8811
2026-02-27 20:00:00+00:00,1920.88,1933.54,1887.84,1929.82,274.7178
2026-02-28 00:00:00+00:00,1929.21,1936.48,1920.59,1924.96,140.4528
2026-02-28 04:00:00+00:00,1925.31,1929.81,1836.24,1867.63,514.7866
2026-02-28 08:00:00+00:00,1863.76,1880.78,1845.4,1862.28,302.7318
2026-02-28 12:00:00+00:00,1865.58,1916.02,1863.46,1898.8,722.1744
2026-02-28 16:00:00+00:00,1897.72,1954.61,1886.34,1947.58,841.9339
2026-02-28 20:00:00+00:00,1946.46,1984.75,1940.28,1964.65,866.3581
2026-03-01 00:00:00+00:00,1966.2,2053.36,1944.18,2022.26,808.7536
2026-03-01 04:00:00+00:00,2025.2,2030.02,1988.94,2005.67,388.2226
2026-03-01 08:00:00+00:00,2007.75,2010.13,1972.47,1984.3,292.7408
2026-03-01 12:00:00+00:00,1983.01,2027.04,1968.94,1992.91,537.7274
2026-03-01 16:00:00+00:00,1994.37,2007.68,1947.01,1954.53,765.5376
2026-03-01 20:00:00+00:00,1953.57,1967.98,1907.44,1939.12,875.2544
2026-03-02 00:00:00+00:00,1939.54,1988.7,1937.57,1972.15,663.3375
2026-03-02 04:00:00+00:00,1971.75,1982.7,1926.09,1941.49,248.3501
2026-03-02 08:00:00+00:00,1939.77,1966.15,1921.59,1948.55,320.8177
2026-03-02 12:00:00+00:00,1947.11,2065.29,1922.4,2046.06,382.631
2026-03-02 16:00:00+00:00,2049.22,2087.91,2019.12,2043.91,579.9505
2026-03-02 20:00:00+00:00,2044.98,2058.06,2025.58,2027.26,450.8063
2026-03-03 00:00:00+00:00,2028.47,2041.56,1998.24,2008.98,357.5257
2026-03-03 04:00:00+00:00,2009.58,2019.33,1988.48,1995.44,273.9954
2026-03-03 08:00:00+00:00,1995.85,1998.33,1939.66,1962.49,443.2854
2026-03-03 12:00:00+00:00,1961.34,1989.48,1929.84,1969.31,847.431
2026-03-03 16:00:00+00:00,1968.91,2013.28,1959.39,1985.81,926.2477
2026-03-03 20:00:00+00:00,1986.98,2000.33,1959.89,1982.79,334.7709
2026-03-04 00:00:00+00:00,1982.56,1997.26,1945.5,1957.88,540.3511
2026-03-04 04:00:00+00:00,1961.04,2009.97,1951.63,2004.2,381.2327
2026-03-04 08:00:00+00:00,2006.23,2092.7,2002.08,2055.6,466.4441
2026-03-04 12:00:00+00:00,2054.34,2156.88,2036.75,2149.99,720.4281
2026-03-04 16:00:00+00:00,2151.15,2198.46,2129.82,2177.7,630.5375
2026-03-04 20:00:00+00:00,2178.56,2179.12,2117.05,2129.3,479.4601
2026-03-05 00:00:00+00:00,2126.68,2141.88,2107.33,2119.7,510.2102
2026-03-05 04:00:00+00:00,2120.51,2143.58,2095.35,2100.64,330.69
2026-03-05 08:00:00+00:00,2105.24,2162.7,2094.7,2138.1,275.2582
2026-03-05 12:00:00+00:00,2138.45,2142.84,2068.44,2080.98,660.9439
2026-03-05 16:00:00+00:00,2087.21,2093.41,2055.33,2074.21,625.94
2026-03-05 20:00:00+00:00,2076.68,2098.28,2068.44,2072.95,366.6234
2026-03-06 00:00:00+00:00,2072.9,2093.03,2062.63,2083.26,335.9984
2026-03-06 04:00:00+00:00,2081.63,2087.39,2059.47,2082.54,155.561
2026-03-06 08:00:00+00:00,2079.85,2082.3,2046.17,2051.2,236.3209
2026-03-06 12:00:00+00:00,2050.66,2061.58,1967.2,1978.43,217.981
2026-03-06 16:00:00+00:00,1976.82,1991.95,1956.09,1984.56,342.0733
2026-03-06 20:00:00+00:00,1984.15,1989.3,1969.57,1978.08,218.4385
2026-03-07 00:00:00+00:00,1977.86,1995.98,1973.21,1983.37,129.9362
2026-03-07 04:00:00+00:00,1979.81,1982.87,1965.14,1982.87,83.889
2026-03-07 08:00:00+00:00,1981.74,1994.28,1975.69,1991.28,56.6268
2026-03-07 12:00:00+00:00,1989.42,1991.14,1971.66,1981.26,162.2544
2026-03-07 16:00:00+00:00,1979.98,1983.37,1949.36,1954.35,155.0126
2026-03-07 20:00:00+00:00,1956.87,1973.95,1956.77,1968.86,70.0217
2026-03-08 00:00:00+00:00,1969.43,1976.63,1936.55,1947.76,178.6708
2026-03-08 04:00:00+00:00,1946.89,1959.68,1930.09,1955.01,179.8788
2026-03-08 08:00:00+00:00,1955.59,1978.75,1945.5,1950.63,136.7441
2026-03-08 12:00:00+00:00,1951.78,1954.19,1925.23,1942.78,256.6121
2026-03-08 16:00:00+00:00,1943.67,1969.96,1928.52,1964.64,163.8262
2026-03-08 20:00:00+00:00,1965.08,1970.75,1912.99,1935.01,235.3733
2026-03-09 00:00:00+00:00,1935.77,2004.34,1929.91,1977.4,483.8672
2026-03-09 04:00:00+00:00,1978.23,2013.4,1963.52,1983.71,320.201
2026-03-09 08:00:00+00:00,1983.21,2021.85,1979.78,1992.31,200.4646
2026-03-09 12:00:00+00:00,1992.55,2033.01,1992.55,2024.88,303.4404
2026-03-09 16:00:00+00:00,2022.78,2053.64,2006.7,2035.87,165.7634
2026-03-09 20:00:00+00:00,2034.43,2036.54,1989.51,1994.71,217.8319
2026-03-10 00:00:00+00:00,1992.09,2053.07,1991.31,2026.79,206.5624
2026-03-10 04:00:00+00:00,2027.55,2059.42,2026.7,2048.52,131.907
2026-03-10 08:00:00+00:00,2054.36,2074.63,2053.6,2061.6,159.7529
2026-03-10 12:00:00+00:00,2061.6,2085.07,2009.0,2079.34,319.7177
2026-03-10 16:00:00+00:00,2079.68,2090.42,2027.72,2036.98,473.5064
2026-03-10 20:00:00+00:00,2037.17,2047.3,2019.12,2036.9,307.9752
2026-03-11 00:00:00+00:00,2036.06,2041.06,2018.44,2021.69,111.3748
2026-03-11 04:00:00+00:00,2021.28,2041.15,2008.31,2014.31,88.5136
2026-03-11 08:00:00+00:00,2014.7,2033.98,2012.03,2019.57,45.6547
2026-03-11 12:00:00+00:00,2017.3,2081.66,2013.89,2049.15,652.145
2026-03-11 16:00:00+00:00,2045.78,2084.78,2045.78,2075.08,382.0701
2026-03-11 20:00:00+00:00,2073.0,2083.0,2046.04,2051.42,28.9276
2026-03-12 00:00:00+00:00,2052.17,2056.4,2018.44,2022.98,45.9566
2026-03-12 04:00:00+00:00,2023.5,2040.94,2019.79,2039.21,20.5446
2026-03-12 08:00:00+00:00,2042.41,2076.41,2039.89,2062.36,26.1598
2026-03-12 12:00:00+00:00,2063.25,2095.63,2038.81,2069.21,115.3361
2026-03-12 16:00:00+00:00,2072.44,2077.43,2045.99,2072.28,22.0384
2026-03-12 20:00:00+00:00,2070.68,2092.88,2055.0,2073.25,53.7772
2026-03-13 00:00:00+00:00,2070.82,2147.88,2069.98,2119.3,106.6964
2026-03-13 04:00:00+00:00,2119.09,2119.09,2091.48,2098.38,17.4754
2026-03-13 08:00:00+00:00,2099.42,2132.45,2092.54,2121.4,67.4428
2026-03-13 12:00:00+00:00,2121.48,2207.86,2121.48,2126.74,235.6693
2026-03-13 16:00:00+00:00,2128.78,2139.82,2091.23,2105.09,91.2447
2026-03-13 20:00:00+00:00,2102.62,2116.0,2079.06,2093.02,39.6029
2026-03-14 00:00:00+00:00,2089.61,2102.72,2084.35,2101.15,14.3441
2026-03-14 04:00:00+00:00,2100.77,2104.97,2070.44,2078.98,14.5205
2026-03-14 08:00:00+00:00,2077.01,2080.39,2062.63,2072.75,5.7604
2026-03-14 12:00:00+00:00,2073.47,2080.38,2071.27,2074.19,4.3007
2026-03-14 16:00:00+00:00,2070.97,2078.39,2070.95,2076.71,5.3877
2026-03-14 20:00:00+00:00,2077.9,2098.39,2077.9,2097.59,23.7015
2026-03-15 00:00:00+00:00,2093.89,2106.71,2084.34,2095.99,28.8575
2026-03-15 04:00:00+00:00,2097.01,2115.69,2097.01,2104.0,8.4983
2026-03-15 08:00:00+00:00,2108.51,2122.62,2108.51,2120.59,11.2224
2026-03-15 12:00:00+00:00,2119.16,2119.16,2087.99,2095.32,40.1307
2026-03-15 16:00:00+00:00,2093.92,2117.46,2089.97,2112.02,13.4737
2026-03-15 20:00:00+00:00,2112.23,2201.8,2109.68,2178.63,114.1953
2026-03-16 00:00:00+00:00,2181.71,2251.65,2166.09,2235.95,116.6669
2026-03-16 04:00:00+00:00,2237.6,2286.92,2237.6,2246.69,150.8345
2026-03-16 08:00:00+00:00,2251.01,2280.11,2236.33,2271.24,40.2865
2026-03-16 12:00:00+00:00,2269.88,2309.0,2256.14,2270.01,215.6202
2026-03-16 16:00:00+00:00,2272.87,2347.53,2270.61,2330.49,128.8644
2026-03-16 20:00:00+00:00,2329.78,2385.0,2324.6,2351.45,137.3254
2026-03-17 00:00:00+00:00,2352.49,2374.42,2308.72,2318.1,135.9025
2026-03-17 04:00:00+00:00,2323.51,2338.25,2297.48,2325.55,200.252
2026-03-17 08:00:00+00:00,2330.73,2334.37,2307.52,2326.67,54.0078
2026-03-17 12:00:00+00:00,2327.66,2356.75,2302.89,2316.17,104.7546
2026-03-17 16:00:00+00:00,2315.82,2342.46,2314.5,2321.42,78.8968
2026-03-17 20:00:00+00:00,2319.45,2343.78,2318.0,2318.0,38.3178
2026-03-18 00:00:00+00:00,2320.67,2349.85,2308.0,2341.94,32.335
2026-03-18 04:00:00+00:00,2342.19,2342.19,2313.31,2317.91,18.2462
2026-03-18 08:00:00+00:00,2323.29,2331.98,2263.62,2269.27,42.3036
2026-03-18 12:00:00+00:00,2265.89,2269.95,2169.66,2187.9,210.6589
2026-03-18 16:00:00+00:00,2187.03,2221.14,2167.72,2184.91,133.2804
2026-03-18 20:00:00+00:00,2184.91,2206.36,2152.81,2205.84,42.4418
2026-03-19 00:00:00+00:00,2203.3,2233.1,2188.06,2213.41,43.5739
2026-03-19 04:00:00+00:00,2210.19,2211.79,2142.01,2166.91,92.1505
2026-03-19 08:00:00+00:00,2169.46,2190.92,2158.64,2169.19,26.6777
2026-03-19 12:00:00+00:00,2167.08,2167.4,2100.0,2119.0,85.1822
2026-03-19 16:00:00+00:00,2117.8,2154.0,2105.41,2139.6,33.7208
2026-03-19 20:00:00+00:00,2140.51,2154.55,2133.01,2137.79,21.2041
2026-03-20 00:00:00+00:00,2136.17,2160.12,2133.54,2153.3,13.5915
2026-03-20 04:00:00+00:00,2151.39,2158.4,2122.89,2152.05,21.51
2026-03-20 08:00:00+00:00,2155.48,2176.41,2132.75,2142.29,30.0862
2026-03-20 12:00:00+00:00,2144.1,2151.63,2118.1,2134.14,55.5295
2026-03-20 16:00:00+00:00,2134.4,2144.49,2117.41,2132.38,55.2179
2026-03-20 20:00:00+00:00,2135.42,2167.74,2125.22,2145.87,21.8842
2026-03-21 00:00:00+00:00,2148.69,2158.95,2145.23,2153.6,32.1982
2026-03-21 04:00:00+00:00,2154.97,2158.05,2151.38,2156.17,11.0721
2026-03-21 08:00:00+00:00,2155.18,2158.66,2151.85,2157.49,12.9434
2026-03-21 12:00:00+00:00,2158.73,2168.16,2148.43,2154.71,153.2518
2026-03-21 16:00:00+00:00,2154.68,2155.82,2143.46,2152.38,13.2511
2026-03-21 20:00:00+00:00,2152.58,2156.65,2071.7,2083.97,64.5293
2026-03-22 00:00:00+00:00,2079.34,2125.65,2051.04,2113.75,99.7983
2026-03-22 04:00:00+00:00,2114.54,2122.0,2093.0,2093.0,26.7839
2026-03-22 08:00:00+00:00,2092.79,2094.97,2067.77,2068.33,16.2903
2026-03-22 12:00:00+00:00,2071.49,2090.82,2071.29,2081.06,19.3962
2026-03-22 16:00:00+00:00,2082.12,2083.6,2055.38,2063.03,37.6861
2026-03-22 20:00:00+00:00,2063.16,2073.23,2026.81,2052.85,48.829
2026-03-23 00:00:00+00:00,2054.45,2071.19,2037.34,2052.46,40.6142
2026-03-23 04:00:00+00:00,2052.85,2070.02,2024.12,2047.74,65.5711
2026-03-23 08:00:00+00:00,2050.01,2197.76,2029.58,2133.54,208.2855
2026-03-23 12:00:00+00:00,2138.97,2191.77,2109.63,2128.02,135.5324
2026-03-23 16:00:00+00:00,2129.11,2176.67,2118.55,2151.82,74.8618
2026-03-23 20:00:00+00:00,2151.6,2165.61,2141.01,2151.83,32.4871
2026-03-24 00:00:00+00:00,2152.26,2154.55,2125.57,2139.46,36.8811
2026-03-24 04:00:00+00:00,2142.43,2169.66,2130.8,2166.47,33.4652
2026-03-24 08:00:00+00:00,2164.43,2174.82,2148.06,2172.66,23.1287
2026-03-24 12:00:00+00:00,2164.94,2166.17,2137.56,2137.56,18.9702
