timestamp,open,high,low,close,volume
2025-03-24 16:00:00+00:00,3.132,3.142,3.132,3.138,100.15
2025-03-24 20:00:00+00:00,3.131,3.131,3.131,3.131,20.01
2025-03-25 00:00:00+00:00,3.124,3.124,3.094,3.094,40.33
2025-03-25 04:00:00+00:00,3.097,3.097,3.097,3.097,4.69
2025-03-25 08:00:00+00:00,3.12,3.12,3.12,3.12,0.53
2025-03-25 12:00:00+00:00,3.12,3.12,3.12,3.12,0.0
2025-03-25 16:00:00+00:00,3.12,3.12,3.12,3.12,0.0
2025-03-25 20:00:00+00:00,3.125,3.125,3.125,3.125,5.2
2025-03-26 00:00:00+00:00,3.133,3.165,3.131,3.133,55.56
2025-03-26 04:00:00+00:00,3.133,3.2,3.133,3.2,523.06
2025-03-26 08:00:00+00:00,3.2,3.209,3.2,3.206,578.92
2025-03-26 12:00:00+00:00,3.163,3.163,3.094,3.094,201.21
2025-03-26 16:00:00+00:00,3.085,3.085,3.047,3.047,1098.26
2025-03-26 20:00:00+00:00,3.012,3.014,3.012,3.014,64.75
2025-03-27 00:00:00+00:00,3.022,3.103,3.022,3.1,87.53
2025-03-27 04:00:00+00:00,3.087,3.087,3.062,3.062,116.52
2025-03-27 08:00:00+00:00,3.049,3.049,3.014,3.014,26.85
2025-03-27 12:00:00+00:00,3.001,3.001,2.964,2.997,276.79
2025-03-27 16:00:00+00:00,3.011,3.025,2.993,3.025,70.51
2025-03-27 20:00:00+00:00,3.017,3.023,3.017,3.023,76.23
2025-03-28 00:00:00+00:00,3.023,3.023,3.023,3.023,0.0
2025-03-28 04:00:00+00:00,3.0,3.0,2.885,2.885,567.77
2025-03-28 08:00:00+00:00,2.867,2.868,2.85,2.85,72.05
2025-03-28 12:00:00+00:00,2.849,2.849,2.824,2.845,524.65
2025-03-28 16:00:00+00:00,2.81,2.828,2.8,2.81,540.64
2025-03-28 20:00:00+00:00,2.82,2.82,2.82,2.82,5.32
2025-03-29 00:00:00+00:00,2.781,2.781,2.781,2.781,8.71
2025-03-29 04:00:00+00:00,2.779,2.779,2.774,2.774,104.41
2025-03-29 08:00:00+00:00,2.787,2.791,2.758,2.758,9.63
2025-03-29 12:00:00+00:00,2.758,2.758,2.758,2.758,0.0
2025-03-29 16:00:00+00:00,2.747,2.747,2.73,2.73,55.71
2025-03-29 20:00:00+00:00,2.719,2.719,2.719,2.719,413.54
2025-03-30 00:00:00+00:00,2.719,2.719,2.719,2.719,0.0
2025-03-30 04:00:00+00:00,2.763,2.778,2.756,2.778,115.59
2025-03-30 08:00:00+00:00,2.778,2.778,2.778,2.778,0.0
2025-03-30 12:00:00+00:00,2.738,2.738,2.737,2.737,10.86
2025-03-30 16:00:00+00:00,2.729,2.785,2.729,2.771,25.9
2025-03-30 20:00:00+00:00,2.736,2.736,2.728,2.728,6.12
2025-03-31 00:00:00+00:00,2.76,2.779,2.733,2.779,167.37
2025-03-31 04:00:00+00:00,2.75,2.775,2.739,2.775,17.74
2025-03-31 08:00:00+00:00,2.714,2.735,2.708,2.735,9.21
2025-03-31 12:00:00+00:00,2.758,2.806,2.752,2.796,192.87
2025-03-31 16:00:00+00:00,2.796,2.796,2.796,2.796,0.0
2025-03-31 20:00:00+00:00,2.782,2.782,2.782,2.782,1.79
2025-04-01 00:00:00+00:00,2.775,2.775,2.775,2.775,4.31
2025-04-01 04:00:00+00:00,2.831,2.936,2.831,2.936,256.82
2025-04-01 08:00:00+00:00,2.871,2.871,2.867,2.867,13.24
2025-04-01 12:00:00+00:00,2.854,2.903,2.854,2.903,188.96
2025-04-01 16:00:00+00:00,2.903,2.903,2.903,2.903,0.0
2025-04-01 20:00:00+00:00,2.825,2.845,2.824,2.845,33.89
2025-04-02 00:00:00+00:00,2.812,2.812,2.789,2.789,12.9
2025-04-02 04:00:00+00:00,2.781,2.781,2.77,2.77,15.05
2025-04-02 08:00:00+00:00,2.77,2.77,2.77,2.77,0.0
2025-04-02 12:00:00+00:00,2.844,2.871,2.824,2.871,11.15
2025-04-02 16:00:00+00:00,2.871,2.871,2.871,2.871,0.0
2025-04-02 20:00:00+00:00,2.888,2.896,2.654,2.698,185.14
2025-04-03 00:00:00+00:00,2.718,2.772,2.718,2.772,125.42
2025-04-03 04:00:00+00:00,2.762,2.762,2.72,2.72,27.28
2025-04-03 08:00:00+00:00,2.723,2.723,2.657,2.657,22.19
2025-04-03 12:00:00+00:00,2.645,2.67,2.617,2.67,531.01
2025-04-03 16:00:00+00:00,2.677,2.693,2.677,2.693,9.05
2025-04-03 20:00:00+00:00,2.716,2.74,2.716,2.73,39.61
2025-04-04 00:00:00+00:00,2.73,2.73,2.73,2.73,0.0
2025-04-04 04:00:00+00:00,2.728,3.452,2.728,2.881,5744.27
2025-04-04 08:00:00+00:00,2.893,2.893,2.735,2.735,175.12
2025-04-04 12:00:00+00:00,2.735,2.735,2.735,2.735,0.0
2025-04-04 16:00:00+00:00,2.801,2.801,2.76,2.771,5041.34
2025-04-04 20:00:00+00:00,2.774,2.784,2.774,2.784,16.38
2025-04-05 00:00:00+00:00,2.784,2.784,2.784,2.784,0.0
2025-04-05 04:00:00+00:00,2.741,2.741,2.739,2.739,10.28
2025-04-05 08:00:00+00:00,2.736,2.752,2.736,2.751,31.85
2025-04-05 12:00:00+00:00,2.706,2.708,2.657,2.657,48.72
2025-04-05 16:00:00+00:00,2.678,2.7,2.678,2.7,7.28
2025-04-05 20:00:00+00:00,2.695,2.699,2.679,2.699,55.78
2025-04-06 00:00:00+00:00,2.691,2.691,2.687,2.687,17.36
2025-04-06 04:00:00+00:00,2.652,2.652,2.652,2.652,2.1
2025-04-06 08:00:00+00:00,2.639,2.65,2.639,2.649,14.69
2025-04-06 12:00:00+00:00,2.617,2.618,2.563,2.563,792.85
2025-04-06 16:00:00+00:00,2.563,2.563,2.4,2.4,673.29
2025-04-06 20:00:00+00:00,2.388,2.411,2.332,2.371,223.66
2025-04-07 00:00:00+00:00,2.39,2.442,2.292,2.292,126.11
2025-04-07 04:00:00+00:00,2.333,2.355,2.131,2.228,235.23
2025-04-07 08:00:00+00:00,2.247,2.307,2.247,2.307,123.68
2025-04-07 12:00:00+00:00,2.328,2.463,2.281,2.352,331.01
2025-04-07 16:00:00+00:00,2.352,2.352,2.352,2.352,0.0
2025-04-07 20:00:00+00:00,2.386,2.386,2.379,2.379,8.61
2025-04-08 00:00:00+00:00,2.399,2.407,2.399,2.402,42.58
2025-04-08 04:00:00+00:00,2.375,2.375,2.352,2.352,168.71
2025-04-08 08:00:00+00:00,2.316,2.369,2.316,2.369,18.56
2025-04-08 12:00:00+00:00,2.316,2.342,2.316,2.342,10.97
2025-04-08 16:00:00+00:00,2.336,2.342,2.246,2.246,427.34
2025-04-08 20:00:00+00:00,2.246,2.246,2.246,2.246,0.0
2025-04-09 00:00:00+00:00,2.212,2.272,2.203,2.272,47.02
2025-04-09 04:00:00+00:00,2.281,2.321,2.281,2.321,231.77
2025-04-09 08:00:00+00:00,2.333,2.341,2.325,2.325,466.47
2025-04-09 12:00:00+00:00,2.281,2.335,2.281,2.335,22.21
2025-04-09 16:00:00+00:00,2.357,2.52,2.357,2.52,82.67
2025-04-09 20:00:00+00:00,2.501,2.52,2.501,2.52,35.13
2025-04-10 00:00:00+00:00,2.462,2.462,2.391,2.407,198.06
2025-04-10 04:00:00+00:00,2.398,2.432,2.398,2.432,34.81
2025-04-10 08:00:00+00:00,2.404,2.404,2.388,2.388,10.5
2025-04-10 12:00:00+00:00,2.396,2.396,2.316,2.316,29.52
2025-04-10 16:00:00+00:00,2.316,2.316,2.316,2.316,0.0
2025-04-10 20:00:00+00:00,2.316,2.316,2.316,2.316,0.0
2025-04-11 00:00:00+00:00,2.369,2.388,2.369,2.388,10.62
2025-04-11 04:00:00+00:00,2.388,2.408,2.388,2.408,11.14
2025-04-11 08:00:00+00:00,2.404,2.429,2.404,2.429,1.52
2025-04-11 12:00:00+00:00,2.421,2.421,2.421,2.421,4.13
2025-04-11 16:00:00+00:00,2.442,2.451,2.441,2.45,3141.93
2025-04-11 20:00:00+00:00,2.45,2.46,2.45,2.46,5963.65
2025-04-12 00:00:00+00:00,2.445,2.46,2.417,2.425,565.45
2025-04-12 04:00:00+00:00,2.472,2.472,2.472,2.472,5.71
2025-04-12 08:00:00+00:00,2.48,2.48,2.453,2.453,17.72
2025-04-12 12:00:00+00:00,2.495,2.55,2.495,2.546,40.47
2025-04-12 16:00:00+00:00,2.532,2.563,2.532,2.553,195.1
2025-04-12 20:00:00+00:00,2.564,2.583,2.564,2.583,501.9
2025-04-13 00:00:00+00:00,2.544,2.582,2.531,2.535,53.99
2025-04-13 04:00:00+00:00,2.5,2.5,2.5,2.5,8.71
2025-04-13 08:00:00+00:00,2.512,2.512,2.512,2.512,9.04
2025-04-13 12:00:00+00:00,2.493,2.493,2.478,2.478,9.7
2025-04-13 16:00:00+00:00,2.557,2.571,2.5,2.5,36.67
2025-04-13 20:00:00+00:00,2.508,2.509,2.454,2.454,74.92
2025-04-14 00:00:00+00:00,2.518,2.557,2.518,2.557,32.78
2025-04-14 04:00:00+00:00,2.5,2.5,2.5,2.5,8.71
2025-04-14 08:00:00+00:00,2.557,2.557,2.557,2.557,8.52
2025-04-14 12:00:00+00:00,2.535,2.588,2.535,2.538,40.29
2025-04-14 16:00:00+00:00,2.582,2.582,2.582,2.582,0.49
2025-04-14 20:00:00+00:00,2.582,2.582,2.582,2.582,0.0
2025-04-15 00:00:00+00:00,2.534,2.538,2.5,2.5,22.86
2025-04-15 04:00:00+00:00,2.5,2.5,2.5,2.5,0.0
2025-04-15 08:00:00+00:00,2.529,2.529,2.512,2.512,19.05
2025-04-15 12:00:00+00:00,2.473,2.473,2.462,2.462,35.3
2025-04-15 16:00:00+00:00,2.438,2.438,2.424,2.427,76.72
2025-04-15 20:00:00+00:00,2.422,2.422,2.422,2.422,4.14
2025-04-16 00:00:00+00:00,2.414,2.437,2.414,2.433,51.09
2025-04-16 04:00:00+00:00,2.404,2.404,2.398,2.398,8.4
2025-04-16 08:00:00+00:00,2.388,2.418,2.388,2.411,9.77
2025-04-16 12:00:00+00:00,2.411,2.411,2.411,2.411,0.0
2025-04-16 16:00:00+00:00,2.402,2.417,2.364,2.384,870.89
2025-04-16 20:00:00+00:00,2.41,2.41,2.372,2.372,36.2
2025-04-17 00:00:00+00:00,2.404,2.404,2.393,2.393,116.34
2025-04-17 04:00:00+00:00,2.412,2.412,2.412,2.412,0.53
2025-04-17 08:00:00+00:00,2.369,2.369,2.361,2.361,6.0
2025-04-17 12:00:00+00:00,2.352,2.352,2.352,2.352,8.71
2025-04-17 16:00:00+00:00,2.397,2.406,2.396,2.406,11.66
2025-04-17 20:00:00+00:00,2.368,2.368,2.368,2.368,46.0
2025-04-18 00:00:00+00:00,2.38,2.393,2.38,2.393,7.97
2025-04-18 04:00:00+00:00,2.415,2.415,2.408,2.408,4.69
2025-04-18 08:00:00+00:00,2.436,2.457,2.436,2.453,215.79
2025-04-18 12:00:00+00:00,2.477,2.48,2.477,2.48,61.32
2025-04-18 16:00:00+00:00,2.479,2.486,2.479,2.486,12.94
2025-04-18 20:00:00+00:00,2.464,2.469,2.457,2.463,170.94
2025-04-19 00:00:00+00:00,2.479,2.479,2.479,2.479,2.0
2025-04-19 04:00:00+00:00,2.49,2.501,2.49,2.501,3.52
2025-04-19 08:00:00+00:00,2.501,2.501,2.501,2.501,0.0
2025-04-19 12:00:00+00:00,2.501,2.501,2.501,2.501,0.0
2025-04-19 16:00:00+00:00,2.514,2.593,2.514,2.593,99.28
2025-04-19 20:00:00+00:00,2.596,2.648,2.585,2.623,144.37
2025-04-20 00:00:00+00:00,2.623,2.623,2.623,2.623,0.0
2025-04-20 04:00:00+00:00,2.64,2.64,2.64,2.64,18.0
2025-04-20 08:00:00+00:00,2.581,2.584,2.577,2.584,17.03
2025-04-20 12:00:00+00:00,2.582,2.631,2.582,2.619,185.29
2025-04-20 16:00:00+00:00,2.636,2.677,2.636,2.677,156.23
2025-04-20 20:00:00+00:00,2.657,2.657,2.657,2.657,9.57
2025-04-21 00:00:00+00:00,2.657,2.657,2.657,2.657,0.0
2025-04-21 04:00:00+00:00,2.66,2.66,2.66,2.66,18.75
2025-04-21 08:00:00+00:00,2.66,2.66,2.66,2.66,0.0
2025-04-21 12:00:00+00:00,2.678,2.709,2.678,2.709,216.66
2025-04-21 16:00:00+00:00,2.655,2.655,2.613,2.613,34.17
2025-04-21 20:00:00+00:00,2.641,2.641,2.585,2.585,22.77
2025-04-22 00:00:00+00:00,2.579,2.611,2.577,2.611,27.98
2025-04-22 04:00:00+00:00,2.538,2.542,2.487,2.487,147.14
2025-04-22 08:00:00+00:00,2.533,2.533,2.509,2.529,319.04
2025-04-22 12:00:00+00:00,2.516,2.64,2.516,2.64,53.89
2025-04-22 16:00:00+00:00,2.637,2.637,2.637,2.637,1.52
2025-04-22 20:00:00+00:00,2.657,2.718,2.657,2.718,46.55
2025-04-23 00:00:00+00:00,2.718,2.76,2.718,2.736,543.89
2025-04-23 04:00:00+00:00,2.731,2.772,2.731,2.732,532.53
2025-04-23 08:00:00+00:00,2.738,2.738,2.738,2.738,3.0
2025-04-23 12:00:00+00:00,2.753,2.774,2.685,2.685,539.83
2025-04-23 16:00:00+00:00,2.757,2.816,2.757,2.761,431.04
2025-04-23 20:00:00+00:00,2.792,2.792,2.779,2.779,69.35
2025-04-24 00:00:00+00:00,2.739,2.739,2.698,2.698,17.42
2025-04-24 04:00:00+00:00,2.698,2.698,2.698,2.698,0.0
2025-04-24 08:00:00+00:00,2.682,2.689,2.682,2.689,12.16
2025-04-24 12:00:00+00:00,2.76,2.844,2.76,2.844,399.74
2025-04-24 16:00:00+00:00,2.846,2.846,2.799,2.833,22.34
2025-04-24 20:00:00+00:00,2.853,2.853,2.831,2.848,319.22
2025-04-25 00:00:00+00:00,2.864,2.912,2.824,2.824,558.24
2025-04-25 04:00:00+00:00,2.861,2.89,2.857,2.89,27.25
2025-04-25 08:00:00+00:00,2.89,2.89,2.89,2.89,0.0
2025-04-25 12:00:00+00:00,2.824,2.872,2.824,2.872,15.73
2025-04-25 16:00:00+00:00,2.82,2.82,2.82,2.82,7.0
2025-04-25 20:00:00+00:00,2.845,2.858,2.841,2.858,22.51
2025-04-26 00:00:00+00:00,2.888,2.921,2.888,2.921,9.05
2025-04-26 04:00:00+00:00,2.91,2.91,2.875,2.886,1490.14
2025-04-26 08:00:00+00:00,2.886,2.886,2.886,2.886,0.0
2025-04-26 12:00:00+00:00,2.853,2.853,2.814,2.845,230.08
2025-04-26 16:00:00+00:00,2.855,2.855,2.855,2.855,306.16
2025-04-26 20:00:00+00:00,2.87,2.881,2.87,2.881,768.67
2025-04-27 00:00:00+00:00,2.868,2.883,2.763,2.777,444.73
2025-04-27 04:00:00+00:00,2.739,2.739,2.739,2.739,8.71
2025-04-27 08:00:00+00:00,2.733,2.745,2.733,2.745,153.55
2025-04-27 12:00:00+00:00,2.707,2.71,2.689,2.689,520.92
2025-04-27 16:00:00+00:00,2.678,2.678,2.678,2.678,198.61
2025-04-27 20:00:00+00:00,2.678,2.678,2.678,2.678,0.0
2025-04-28 00:00:00+00:00,2.678,2.725,2.657,2.725,580.71
2025-04-28 04:00:00+00:00,2.724,2.76,2.724,2.76,759.77
2025-04-28 08:00:00+00:00,2.773,2.801,2.773,2.78,67.59
2025-04-28 12:00:00+00:00,2.74,2.74,2.691,2.691,662.59
2025-04-28 16:00:00+00:00,2.69,2.76,2.69,2.76,21.54
2025-04-28 20:00:00+00:00,2.771,2.775,2.758,2.76,3821.5
2025-04-29 00:00:00+00:00,2.789,2.836,2.785,2.785,623.74
2025-04-29 04:00:00+00:00,2.766,2.802,2.757,2.799,1258.6
2025-04-29 08:00:00+00:00,2.789,2.789,2.789,2.789,1.95
2025-04-29 12:00:00+00:00,2.789,2.789,2.789,2.789,0.0
2025-04-29 16:00:00+00:00,2.789,2.789,2.789,2.789,10.5
2025-04-29 20:00:00+00:00,2.763,2.763,2.719,2.719,69.89
2025-04-30 00:00:00+00:00,2.73,2.731,2.73,2.731,47.57
2025-04-30 04:00:00+00:00,2.731,2.731,2.731,2.731,0.0
2025-04-30 08:00:00+00:00,2.741,2.776,2.741,2.776,1.61
2025-04-30 12:00:00+00:00,2.712,2.76,2.687,2.747,33.11
2025-04-30 16:00:00+00:00,2.742,2.772,2.742,2.772,1.53
2025-04-30 20:00:00+00:00,2.786,2.801,2.77,2.775,158.59
2025-05-01 00:00:00+00:00,2.794,2.8,2.751,2.751,54.75
2025-05-01 04:00:00+00:00,2.755,2.775,2.75,2.775,229.89
2025-05-01 08:00:00+00:00,2.777,2.82,2.777,2.82,2.7
2025-05-01 12:00:00+00:00,2.803,2.807,2.803,2.807,19.95
2025-05-01 16:00:00+00:00,2.816,2.847,2.816,2.834,665.91
2025-05-01 20:00:00+00:00,2.841,2.854,2.841,2.854,6.73
2025-05-02 00:00:00+00:00,2.866,2.87,2.866,2.87,0.98
2025-05-02 04:00:00+00:00,2.84,2.84,2.84,2.84,7.39
2025-05-02 08:00:00+00:00,2.888,2.903,2.84,2.84,349.02
2025-05-02 12:00:00+00:00,2.824,2.824,2.821,2.821,256.85
2025-05-02 16:00:00+00:00,2.781,2.781,2.76,2.76,184.21
2025-05-02 20:00:00+00:00,2.76,2.76,2.76,2.76,0.0
2025-05-03 00:00:00+00:00,2.76,2.76,2.76,2.76,0.0
2025-05-03 04:00:00+00:00,2.76,2.76,2.759,2.759,45.66
2025-05-03 08:00:00+00:00,2.742,2.742,2.722,2.722,61.72
2025-05-03 12:00:00+00:00,2.719,2.719,2.719,2.719,128.76
2025-05-03 16:00:00+00:00,2.705,2.705,2.617,2.619,728.5
2025-05-03 20:00:00+00:00,2.65,2.66,2.639,2.66,128.48
2025-05-04 00:00:00+00:00,2.635,2.677,2.635,2.668,211.0
2025-05-04 04:00:00+00:00,2.668,2.668,2.668,2.668,0.0
2025-05-04 08:00:00+00:00,2.63,2.63,2.617,2.622,538.49
2025-05-04 12:00:00+00:00,2.622,2.622,2.622,2.622,0.0
2025-05-04 16:00:00+00:00,2.618,2.631,2.613,2.618,100.48
2025-05-04 20:00:00+00:00,2.631,2.633,2.625,2.626,9.55
2025-05-05 00:00:00+00:00,2.651,2.68,2.651,2.68,33.19
2025-05-05 04:00:00+00:00,2.663,2.667,2.65,2.65,455.37
2025-05-05 08:00:00+00:00,2.657,2.657,2.612,2.612,54.31
2025-05-05 12:00:00+00:00,2.623,2.623,2.577,2.577,21.08
2025-05-05 16:00:00+00:00,2.611,2.636,2.611,2.636,17.2
2025-05-05 20:00:00+00:00,2.628,2.628,2.588,2.62,49.58
2025-05-06 00:00:00+00:00,2.62,2.62,2.62,2.62,21.0
2025-05-06 04:00:00+00:00,2.62,2.62,2.62,2.62,0.0
2025-05-06 08:00:00+00:00,2.577,2.604,2.572,2.572,19.83
2025-05-06 12:00:00+00:00,2.572,2.572,2.572,2.572,0.0
2025-05-06 16:00:00+00:00,2.538,2.538,2.538,2.538,8.71
2025-05-06 20:00:00+00:00,2.5,2.593,2.5,2.593,415.06
2025-05-07 00:00:00+00:00,2.596,2.61,2.594,2.594,62.64
2025-05-07 04:00:00+00:00,2.574,2.574,2.574,2.574,18.47
2025-05-07 08:00:00+00:00,2.595,2.595,2.595,2.595,0.52
2025-05-07 12:00:00+00:00,2.595,2.595,2.595,2.595,0.0
2025-05-07 16:00:00+00:00,2.548,2.548,2.533,2.533,23.85
2025-05-07 20:00:00+00:00,2.566,2.596,2.561,2.596,25.5
2025-05-08 00:00:00+00:00,2.609,2.696,2.609,2.696,211.97
2025-05-08 04:00:00+00:00,2.702,2.727,2.702,2.721,67.51
2025-05-08 08:00:00+00:00,2.75,2.76,2.75,2.76,24.02
2025-05-08 12:00:00+00:00,2.751,2.837,2.748,2.808,1393.32
2025-05-08 16:00:00+00:00,2.839,2.86,2.836,2.836,333.73
2025-05-08 20:00:00+00:00,2.867,2.941,2.867,2.925,836.72
2025-05-09 00:00:00+00:00,2.947,2.979,2.936,2.936,766.32
2025-05-09 04:00:00+00:00,2.975,3.028,2.962,3.003,1143.52
2025-05-09 08:00:00+00:00,3.031,3.093,2.995,3.063,628.47
2025-05-09 12:00:00+00:00,3.038,3.054,2.96,2.995,659.48
2025-05-09 16:00:00+00:00,3.028,3.028,2.995,3.02,151.84
2025-05-09 20:00:00+00:00,2.99,2.99,2.99,2.99,247.47
2025-05-10 00:00:00+00:00,3.034,3.039,3.025,3.032,1.36
2025-05-10 04:00:00+00:00,3.002,3.058,3.002,3.058,35.13
2025-05-10 08:00:00+00:00,3.07,3.083,3.001,3.001,252.17
2025-05-10 12:00:00+00:00,3.064,3.07,3.049,3.049,9.19
2025-05-10 16:00:00+00:00,3.072,3.127,3.053,3.127,1405.64
2025-05-10 20:00:00+00:00,3.137,3.28,3.092,3.28,2332.25
2025-05-11 00:00:00+00:00,3.212,3.298,3.163,3.265,940.76
2025-05-11 04:00:00+00:00,3.293,3.302,3.125,3.143,312.64
2025-05-11 08:00:00+00:00,3.152,3.171,3.152,3.171,76.72
2025-05-11 12:00:00+00:00,3.169,3.186,3.1,3.186,22.93
2025-05-11 16:00:00+00:00,3.097,3.176,3.094,3.176,179.88
2025-05-11 20:00:00+00:00,3.117,3.141,3.117,3.141,181.09
2025-05-12 00:00:00+00:00,3.141,3.141,3.141,3.141,0.0
2025-05-12 04:00:00+00:00,3.213,3.3,3.193,3.23,822.72
2025-05-12 08:00:00+00:00,3.207,3.281,3.188,3.188,864.5
2025-05-12 12:00:00+00:00,3.246,3.263,3.111,3.111,1079.09
2025-05-12 16:00:00+00:00,3.133,3.133,3.001,3.1,984.58
2025-05-12 20:00:00+00:00,3.117,3.151,3.07,3.142,175.09
2025-05-13 00:00:00+00:00,3.094,3.094,2.967,2.967,370.24
2025-05-13 04:00:00+00:00,2.956,3.023,2.956,3.023,38.11
2025-05-13 08:00:00+00:00,3.037,3.1,3.022,3.068,1137.42
2025-05-13 12:00:00+00:00,3.065,3.065,3.065,3.065,4.02
2025-05-13 16:00:00+00:00,3.1,3.24,3.1,3.24,1820.7
2025-05-13 20:00:00+00:00,3.231,3.249,3.201,3.247,661.21
2025-05-14 00:00:00+00:00,3.25,3.284,3.227,3.227,799.88
2025-05-14 04:00:00+00:00,3.196,3.196,3.19,3.19,215.73
2025-05-14 08:00:00+00:00,3.177,3.192,3.123,3.163,96.62
2025-05-14 12:00:00+00:00,3.094,3.11,3.06,3.06,22.09
2025-05-14 16:00:00+00:00,3.092,3.092,3.047,3.084,15.18
2025-05-14 20:00:00+00:00,3.056,3.056,3.038,3.043,387.17
2025-05-15 00:00:00+00:00,3.043,3.043,3.043,3.043,0.0
2025-05-15 04:00:00+00:00,3.001,3.001,2.911,2.911,47.09
2025-05-15 08:00:00+00:00,2.953,2.953,2.947,2.947,5.44
2025-05-15 12:00:00+00:00,2.977,2.977,2.9,2.9,535.21
2025-05-15 16:00:00+00:00,2.977,3.023,2.937,2.937,34.39
2025-05-15 20:00:00+00:00,2.911,2.924,2.885,2.885,540.53
2025-05-16 00:00:00+00:00,2.975,2.981,2.975,2.981,26.88
2025-05-16 04:00:00+00:00,2.974,2.998,2.974,2.991,50.51
2025-05-16 08:00:00+00:00,2.968,3.017,2.968,3.017,24.8
2025-05-16 12:00:00+00:00,3.021,3.022,2.953,2.953,60.78
2025-05-16 16:00:00+00:00,2.92,2.92,2.92,2.92,2.49
2025-05-16 20:00:00+00:00,2.911,2.94,2.867,2.884,2673.4
2025-05-17 00:00:00+00:00,2.85,2.85,2.781,2.811,668.93
2025-05-17 04:00:00+00:00,2.81,2.844,2.81,2.844,10.83
2025-05-17 08:00:00+00:00,2.811,2.811,2.781,2.781,14.74
2025-05-17 12:00:00+00:00,2.755,2.8,2.754,2.8,4.22
2025-05-17 16:00:00+00:00,2.77,2.77,2.77,2.77,500.0
2025-05-17 20:00:00+00:00,2.763,2.767,2.752,2.767,76.62
2025-05-18 00:00:00+00:00,2.801,2.801,2.801,2.801,7.78
2025-05-18 04:00:00+00:00,2.824,2.874,2.824,2.874,14.83
2025-05-18 08:00:00+00:00,2.888,2.906,2.858,2.858,26.01
2025-05-18 12:00:00+00:00,2.926,2.966,2.926,2.966,2093.56
2025-05-18 16:00:00+00:00,2.977,2.981,2.781,2.781,77.45
2025-05-18 20:00:00+00:00,2.754,2.894,2.724,2.894,77.75
2025-05-19 00:00:00+00:00,2.921,2.922,2.781,2.781,46.04
2025-05-19 04:00:00+00:00,2.763,2.801,2.739,2.801,25.91
2025-05-19 08:00:00+00:00,2.785,2.785,2.785,2.785,3.85
2025-05-19 12:00:00+00:00,2.739,2.83,2.739,2.83,25.16
2025-05-19 16:00:00+00:00,2.844,2.906,2.844,2.888,97.34
2025-05-19 20:00:00+00:00,2.888,2.888,2.888,2.888,0.0
2025-05-20 00:00:00+00:00,2.893,2.893,2.893,2.893,2.09
2025-05-20 04:00:00+00:00,2.869,2.871,2.869,2.87,11.49
2025-05-20 08:00:00+00:00,2.824,2.824,2.812,2.812,9.87
2025-05-20 12:00:00+00:00,2.781,2.842,2.781,2.821,531.12
2025-05-20 16:00:00+00:00,2.8,2.82,2.767,2.82,17.07
2025-05-20 20:00:00+00:00,2.837,2.865,2.837,2.86,36.45
2025-05-21 00:00:00+00:00,2.848,2.888,2.82,2.888,25.11
2025-05-21 04:00:00+00:00,2.889,2.904,2.889,2.892,80.34
2025-05-21 08:00:00+00:00,2.884,2.884,2.884,2.884,0.36
2025-05-21 12:00:00+00:00,2.893,2.914,2.893,2.914,2.95
2025-05-21 16:00:00+00:00,2.928,2.996,2.849,2.865,220.54
2025-05-21 20:00:00+00:00,2.921,2.976,2.914,2.976,569.5
2025-05-22 00:00:00+00:00,2.977,3.023,2.974,3.023,1687.54
2025-05-22 04:00:00+00:00,3.038,3.038,3.025,3.025,32.48
2025-05-22 08:00:00+00:00,3.041,3.078,3.041,3.043,28.22
2025-05-22 12:00:00+00:00,3.043,3.09,3.008,3.09,71.84
2025-05-22 16:00:00+00:00,3.086,3.086,3.086,3.086,299.21
2025-05-22 20:00:00+00:00,3.05,3.068,3.043,3.068,17.88
2025-05-23 00:00:00+00:00,3.093,3.152,3.073,3.14,715.52
2025-05-23 04:00:00+00:00,3.119,3.119,3.043,3.043,26.96
2025-05-23 08:00:00+00:00,3.061,3.093,2.942,2.942,94.98
2025-05-23 12:00:00+00:00,2.931,3.008,2.882,2.967,1118.89
2025-05-23 16:00:00+00:00,2.942,2.967,2.942,2.942,35.54
2025-05-23 20:00:00+00:00,2.927,2.927,2.837,2.837,224.62
2025-05-24 00:00:00+00:00,2.866,2.879,2.841,2.879,56.52
2025-05-24 04:00:00+00:00,2.874,2.874,2.845,2.845,31.81
2025-05-24 08:00:00+00:00,2.852,2.866,2.841,2.866,505.6
2025-05-24 12:00:00+00:00,2.866,2.866,2.866,2.866,0.0
2025-05-24 16:00:00+00:00,2.858,2.874,2.857,2.874,65.71
2025-05-24 20:00:00+00:00,2.841,2.841,2.816,2.827,21.65
2025-05-25 00:00:00+00:00,2.796,2.816,2.766,2.816,747.63
2025-05-25 04:00:00+00:00,2.805,2.805,2.79,2.79,50.41
2025-05-25 08:00:00+00:00,2.765,2.765,2.752,2.752,1.37
2025-05-25 12:00:00+00:00,2.79,2.79,2.727,2.749,15.4
2025-05-25 16:00:00+00:00,2.762,2.772,2.758,2.772,28.49
2025-05-25 20:00:00+00:00,2.79,2.816,2.79,2.816,11.05
2025-05-26 00:00:00+00:00,2.812,2.844,2.812,2.816,24.75
2025-05-26 04:00:00+00:00,2.841,2.846,2.841,2.846,1.53
2025-05-26 08:00:00+00:00,2.833,2.833,2.833,2.833,0.68
2025-05-26 12:00:00+00:00,2.829,2.829,2.79,2.82,21.0
2025-05-26 16:00:00+00:00,2.79,2.79,2.763,2.789,44.42
2025-05-26 20:00:00+00:00,2.79,2.796,2.79,2.796,18.92
2025-05-27 00:00:00+00:00,2.765,2.805,2.739,2.805,44.41
2025-05-27 04:00:00+00:00,2.813,2.866,2.806,2.866,21.52
2025-05-27 08:00:00+00:00,2.872,2.897,2.872,2.897,930.46
2025-05-27 12:00:00+00:00,2.884,2.917,2.859,2.859,108.17
2025-05-27 16:00:00+00:00,2.891,2.9,2.891,2.9,18.24
2025-05-27 20:00:00+00:00,2.9,2.9,2.9,2.9,0.0
2025-05-28 00:00:00+00:00,2.884,2.884,2.866,2.866,2.46
2025-05-28 04:00:00+00:00,2.842,2.842,2.841,2.841,1.4
2025-05-28 08:00:00+00:00,2.829,2.866,2.829,2.866,2.32
2025-05-28 12:00:00+00:00,2.891,2.891,2.811,2.811,190.59
2025-05-28 16:00:00+00:00,2.841,2.841,2.76,2.76,6049.02
2025-05-28 20:00:00+00:00,2.79,2.844,2.79,2.844,15.25
2025-05-29 00:00:00+00:00,2.82,2.942,2.82,2.908,1108.75
2025-05-29 04:00:00+00:00,2.891,2.891,2.856,2.856,197.51
2025-05-29 08:00:00+00:00,2.856,2.856,2.856,2.856,0.0
2025-05-29 12:00:00+00:00,2.841,2.841,2.79,2.816,64.71
2025-05-29 16:00:00+00:00,2.79,2.79,2.76,2.76,60.03
2025-05-29 20:00:00+00:00,2.782,2.79,2.765,2.765,11.12
2025-05-30 00:00:00+00:00,2.742,2.742,2.577,2.677,222.63
2025-05-30 04:00:00+00:00,2.639,2.656,2.629,2.656,8.02
2025-05-30 08:00:00+00:00,2.658,2.664,2.658,2.664,2.2
2025-05-30 12:00:00+00:00,2.639,2.664,2.639,2.664,4.0
2025-05-30 16:00:00+00:00,2.639,2.639,2.54,2.578,493.5
2025-05-30 20:00:00+00:00,2.575,2.575,2.5,2.52,65.23
2025-05-31 00:00:00+00:00,2.484,2.506,2.458,2.506,69.4
2025-05-31 04:00:00+00:00,2.489,2.506,2.486,2.506,2175.61
2025-05-31 08:00:00+00:00,2.494,2.521,2.494,2.521,12.24
2025-05-31 12:00:00+00:00,2.536,2.56,2.536,2.56,18.0
2025-05-31 16:00:00+00:00,2.56,2.581,2.553,2.581,105.42
2025-05-31 20:00:00+00:00,2.588,2.614,2.588,2.598,68.72
2025-06-01 00:00:00+00:00,2.582,2.582,2.574,2.575,17.03
2025-06-01 04:00:00+00:00,2.575,2.575,2.565,2.565,7.82
2025-06-01 08:00:00+00:00,2.54,2.54,2.522,2.522,70.26
2025-06-01 12:00:00+00:00,2.522,2.522,2.522,2.522,0.0
2025-06-01 16:00:00+00:00,2.522,2.522,2.522,2.522,0.0
2025-06-01 20:00:00+00:00,2.522,2.522,2.522,2.522,0.0
2025-06-02 00:00:00+00:00,2.537,2.54,2.537,2.54,24.69
2025-06-02 04:00:00+00:00,2.519,2.524,2.519,2.524,17.62
2025-06-02 08:00:00+00:00,2.52,2.52,2.517,2.517,85.5
2025-06-02 12:00:00+00:00,2.517,2.517,2.517,2.517,0.0
2025-06-02 16:00:00+00:00,2.557,2.572,2.557,2.572,404.15
2025-06-02 20:00:00+00:00,2.583,2.642,2.576,2.642,67.1
2025-06-03 00:00:00+00:00,2.65,2.684,2.639,2.639,264.55
2025-06-03 04:00:00+00:00,2.639,2.639,2.639,2.639,0.0
2025-06-03 08:00:00+00:00,2.617,2.622,2.596,2.62,132.22
2025-06-03 12:00:00+00:00,2.639,2.639,2.637,2.637,2.31
2025-06-03 16:00:00+00:00,2.656,2.658,2.656,2.658,15.04
2025-06-03 20:00:00+00:00,2.663,2.663,2.614,2.614,76.28
2025-06-04 00:00:00+00:00,2.639,2.664,2.639,2.639,15.55
2025-06-04 04:00:00+00:00,2.639,2.639,2.639,2.639,0.0
2025-06-04 08:00:00+00:00,2.614,2.614,2.614,2.614,1.0
2025-06-04 12:00:00+00:00,2.592,2.614,2.577,2.614,47.15
2025-06-04 16:00:00+00:00,2.614,2.614,2.614,2.614,0.0
2025-06-04 20:00:00+00:00,2.588,2.588,2.55,2.55,20.71
2025-06-05 00:00:00+00:00,2.588,2.588,2.588,2.588,1.0
2025-06-05 04:00:00+00:00,2.594,2.594,2.558,2.564,279.4
2025-06-05 08:00:00+00:00,2.552,2.554,2.505,2.505,61.08
2025-06-05 12:00:00+00:00,2.538,2.538,2.484,2.501,277.66
2025-06-05 16:00:00+00:00,2.462,2.462,2.367,2.417,43.17
2025-06-05 20:00:00+00:00,2.379,2.379,2.329,2.376,66.99
2025-06-06 00:00:00+00:00,2.39,2.411,2.39,2.411,10.32
2025-06-06 04:00:00+00:00,2.411,2.411,2.411,2.411,0.0
2025-06-06 08:00:00+00:00,2.409,2.409,2.409,2.409,0.51
2025-06-06 12:00:00+00:00,2.428,2.455,2.428,2.444,249.25
2025-06-06 16:00:00+00:00,2.44,2.443,2.437,2.443,398.49
2025-06-06 20:00:00+00:00,2.426,2.426,2.426,2.426,10.3
2025-06-07 00:00:00+00:00,2.406,2.462,2.406,2.462,189.54
2025-06-07 04:00:00+00:00,2.477,2.5,2.477,2.5,10.32
2025-06-07 08:00:00+00:00,2.485,2.485,2.485,2.485,1.98
2025-06-07 12:00:00+00:00,2.513,2.518,2.5,2.518,2244.53
2025-06-07 16:00:00+00:00,2.518,2.518,2.518,2.518,0.0
2025-06-07 20:00:00+00:00,2.518,2.518,2.518,2.518,508.0
2025-06-08 00:00:00+00:00,2.501,2.501,2.491,2.491,12.22
2025-06-08 04:00:00+00:00,2.522,2.522,2.522,2.522,79.12
2025-06-08 08:00:00+00:00,2.482,2.482,2.478,2.478,1.55
2025-06-08 12:00:00+00:00,2.523,2.534,2.523,2.534,6.81
2025-06-08 16:00:00+00:00,2.535,2.535,2.526,2.526,15.7
2025-06-08 20:00:00+00:00,2.526,2.526,2.526,2.526,0.0
2025-06-09 00:00:00+00:00,2.48,2.488,2.48,2.485,515.81
2025-06-09 04:00:00+00:00,2.462,2.462,2.462,2.462,9.71
2025-06-09 08:00:00+00:00,2.513,2.518,2.513,2.517,10.52
2025-06-09 12:00:00+00:00,2.517,2.517,2.517,2.517,0.0
2025-06-09 16:00:00+00:00,2.517,2.517,2.517,2.517,0.0
2025-06-09 20:00:00+00:00,2.538,2.596,2.538,2.596,49.05
2025-06-10 00:00:00+00:00,2.609,2.62,2.58,2.61,250.12
2025-06-10 04:00:00+00:00,2.588,2.598,2.582,2.588,416.62
2025-06-10 08:00:00+00:00,2.603,2.694,2.603,2.694,126.93
2025-06-10 12:00:00+00:00,2.699,2.718,2.657,2.657,2091.97
2025-06-10 16:00:00+00:00,2.681,2.718,2.681,2.718,96.42
2025-06-10 20:00:00+00:00,2.702,2.752,2.699,2.752,124.61
2025-06-11 00:00:00+00:00,2.729,2.729,2.712,2.712,65.87
2025-06-11 04:00:00+00:00,2.707,2.707,2.707,2.707,3.69
2025-06-11 08:00:00+00:00,2.722,2.722,2.689,2.689,250.61
2025-06-11 12:00:00+00:00,2.715,2.765,2.715,2.765,21.49
2025-06-11 16:00:00+00:00,2.745,2.761,2.698,2.714,252.96
2025-06-11 20:00:00+00:00,2.689,2.715,2.689,2.689,3.0
2025-06-12 00:00:00+00:00,2.693,2.693,2.646,2.646,13.74
2025-06-12 04:00:00+00:00,2.644,2.662,2.63,2.662,447.45
2025-06-12 08:00:00+00:00,2.617,2.617,2.588,2.59,48.48
2025-06-12 12:00:00+00:00,2.614,2.639,2.614,2.614,28.77
2025-06-12 16:00:00+00:00,2.588,2.588,2.556,2.556,232.81
2025-06-12 20:00:00+00:00,2.538,2.538,2.487,2.513,1865.31
2025-06-13 00:00:00+00:00,2.487,2.487,2.352,2.406,120.38
2025-06-13 04:00:00+00:00,2.392,2.392,2.383,2.383,97.59
2025-06-13 08:00:00+00:00,2.404,2.404,2.404,2.404,41.47
2025-06-13 12:00:00+00:00,2.39,2.42,2.37,2.42,39.74
2025-06-13 16:00:00+00:00,2.411,2.425,2.411,2.425,4.67
2025-06-13 20:00:00+00:00,2.431,2.447,2.431,2.443,32.9
2025-06-14 00:00:00+00:00,2.43,2.431,2.43,2.431,11.68
2025-06-14 04:00:00+00:00,2.442,2.442,2.437,2.437,12.29
2025-06-14 08:00:00+00:00,2.439,2.439,2.435,2.435,15.81
2025-06-14 12:00:00+00:00,2.435,2.435,2.435,2.435,0.0
2025-06-14 16:00:00+00:00,2.388,2.421,2.388,2.419,95.57
2025-06-14 20:00:00+00:00,2.419,2.419,2.419,2.419,0.0
2025-06-15 00:00:00+00:00,2.419,2.419,2.419,2.419,0.0
2025-06-15 04:00:00+00:00,2.442,2.442,2.442,2.442,8.52
2025-06-15 08:00:00+00:00,2.442,2.442,2.442,2.442,0.0
2025-06-15 12:00:00+00:00,2.418,2.424,2.406,2.424,200.01
2025-06-15 16:00:00+00:00,2.419,2.419,2.398,2.398,70.23
2025-06-15 20:00:00+00:00,2.398,2.398,2.376,2.387,45.87
2025-06-16 00:00:00+00:00,2.442,2.455,2.44,2.44,578.2
2025-06-16 04:00:00+00:00,2.452,2.49,2.452,2.486,42.23
2025-06-16 08:00:00+00:00,2.493,2.52,2.493,2.52,24.04
2025-06-16 12:00:00+00:00,2.522,2.538,2.495,2.532,55.87
2025-06-16 16:00:00+00:00,2.535,2.535,2.535,2.535,5.94
2025-06-16 20:00:00+00:00,2.557,2.563,2.462,2.462,102.44
2025-06-17 00:00:00+00:00,2.425,2.498,2.425,2.495,95.29
2025-06-17 04:00:00+00:00,2.476,2.476,2.476,2.476,60.43
2025-06-17 08:00:00+00:00,2.425,2.43,2.404,2.404,24.98
2025-06-17 12:00:00+00:00,2.414,2.423,2.388,2.388,13.37
2025-06-17 16:00:00+00:00,2.37,2.424,2.352,2.424,37.9
2025-06-17 20:00:00+00:00,2.424,2.424,2.424,2.424,0.0
2025-06-18 00:00:00+00:00,2.424,2.424,2.424,2.424,0.0
2025-06-18 04:00:00+00:00,2.415,2.415,2.415,2.415,10.34
2025-06-18 08:00:00+00:00,2.352,2.362,2.323,2.362,16.99
2025-06-18 12:00:00+00:00,2.362,2.362,2.362,2.362,4.23
2025-06-18 16:00:00+00:00,2.352,2.352,2.352,2.352,20.32
2025-06-18 20:00:00+00:00,2.382,2.396,2.382,2.396,0.93
2025-06-19 00:00:00+00:00,2.403,2.42,2.403,2.42,10.05
2025-06-19 04:00:00+00:00,2.42,2.42,2.42,2.42,0.0
2025-06-19 08:00:00+00:00,2.376,2.376,2.362,2.362,2.0
2025-06-19 12:00:00+00:00,2.352,2.352,2.332,2.335,12.83
2025-06-19 16:00:00+00:00,2.342,2.355,2.342,2.355,8.5
2025-06-19 20:00:00+00:00,2.355,2.355,2.355,2.355,0.0
2025-06-20 00:00:00+00:00,2.355,2.355,2.355,2.355,0.0
2025-06-20 04:00:00+00:00,2.355,2.355,2.355,2.355,0.0
2025-06-20 08:00:00+00:00,2.389,2.389,2.389,2.389,1.0
2025-06-20 12:00:00+00:00,2.316,2.316,2.305,2.305,29.51
2025-06-20 16:00:00+00:00,2.288,2.288,2.201,2.25,1257.68
2025-06-20 20:00:00+00:00,2.257,2.262,2.251,2.251,16.75
2025-06-21 00:00:00+00:00,2.277,2.305,2.277,2.305,13.55
2025-06-21 04:00:00+00:00,2.305,2.305,2.305,2.305,0.0
2025-06-21 08:00:00+00:00,2.3,2.3,2.288,2.288,11.73
2025-06-21 12:00:00+00:00,2.288,2.288,2.288,2.288,0.0
2025-06-21 16:00:00+00:00,2.246,2.246,2.246,2.246,8.71
2025-06-21 20:00:00+00:00,2.232,2.25,2.139,2.177,318.48
2025-06-22 00:00:00+00:00,2.193,2.213,2.193,2.2,65.69
2025-06-22 04:00:00+00:00,2.189,2.2,2.186,2.2,414.03
2025-06-22 08:00:00+00:00,2.145,2.167,2.131,2.167,34.15
2025-06-22 12:00:00+00:00,2.173,2.173,2.054,2.105,507.1
2025-06-22 16:00:00+00:00,2.049,2.071,2.033,2.04,399.8
2025-06-22 20:00:00+00:00,2.028,2.063,1.97,2.063,635.73
2025-06-23 00:00:00+00:00,2.078,2.078,2.069,2.069,767.73
2025-06-23 04:00:00+00:00,2.095,2.12,2.081,2.12,21.07
2025-06-23 08:00:00+00:00,2.12,2.12,2.12,2.12,0.0
2025-06-23 12:00:00+00:00,2.127,2.16,2.112,2.112,26.81
2025-06-23 16:00:00+00:00,2.09,2.182,2.08,2.182,37.57
2025-06-23 20:00:00+00:00,2.194,2.262,2.194,2.262,34.98
2025-06-24 00:00:00+00:00,2.262,2.262,2.262,2.262,0.0
2025-06-24 04:00:00+00:00,2.282,2.284,2.282,2.284,14.96
2025-06-24 08:00:00+00:00,2.279,2.297,2.278,2.282,458.68
2025-06-24 12:00:00+00:00,2.305,2.305,2.305,2.305,0.53
2025-06-24 16:00:00+00:00,2.308,2.352,2.308,2.311,119.99
2025-06-24 20:00:00+00:00,2.311,2.311,2.311,2.311,0.0
2025-06-25 00:00:00+00:00,2.295,2.299,2.295,2.296,13.76
2025-06-25 04:00:00+00:00,2.281,2.281,2.259,2.281,18.01
2025-06-25 08:00:00+00:00,2.273,2.273,2.273,2.273,63.29
2025-06-25 12:00:00+00:00,2.25,2.25,2.246,2.246,10.81
2025-06-25 16:00:00+00:00,2.223,2.261,2.223,2.249,243.63
2025-06-25 20:00:00+00:00,2.274,2.274,2.246,2.246,217.74
2025-06-26 00:00:00+00:00,2.275,2.297,2.275,2.297,12.74
2025-06-26 04:00:00+00:00,2.277,2.277,2.277,2.277,10.97
2025-06-26 08:00:00+00:00,2.246,2.25,2.246,2.25,21.42
2025-06-26 12:00:00+00:00,2.251,2.251,2.212,2.225,284.61
2025-06-26 16:00:00+00:00,2.186,2.224,2.186,2.191,37.05
2025-06-26 20:00:00+00:00,2.226,2.226,2.209,2.209,8.06
2025-06-27 00:00:00+00:00,2.247,2.247,2.178,2.214,34.66
2025-06-27 04:00:00+00:00,2.221,2.221,2.221,2.221,1.0
2025-06-27 08:00:00+00:00,2.221,2.221,2.221,2.221,0.0
2025-06-27 12:00:00+00:00,2.221,2.221,2.221,2.221,0.0
2025-06-27 16:00:00+00:00,2.212,2.212,2.145,2.172,24.69
2025-06-27 20:00:00+00:00,2.164,2.226,2.164,2.226,37.52
2025-06-28 00:00:00+00:00,2.226,2.226,2.226,2.226,0.0
2025-06-28 04:00:00+00:00,2.226,2.226,2.226,2.226,0.0
2025-06-28 08:00:00+00:00,2.226,2.226,2.226,2.226,0.0
2025-06-28 12:00:00+00:00,2.221,2.228,2.221,2.228,107.98
2025-06-28 16:00:00+00:00,2.194,2.238,2.194,2.23,69.66
2025-06-28 20:00:00+00:00,2.262,2.277,2.262,2.277,8.98
2025-06-29 00:00:00+00:00,2.286,2.286,2.286,2.286,4.38
2025-06-29 04:00:00+00:00,2.286,2.286,2.286,2.286,0.0
2025-06-29 08:00:00+00:00,2.286,2.286,2.286,2.286,0.0
2025-06-29 12:00:00+00:00,2.254,2.254,2.254,2.254,78.01
2025-06-29 16:00:00+00:00,2.254,2.254,2.254,2.254,0.0
2025-06-29 20:00:00+00:00,2.274,2.421,2.274,2.408,140.34
2025-06-30 00:00:00+00:00,2.404,2.404,2.339,2.339,20.71
2025-06-30 04:00:00+00:00,2.316,2.316,2.292,2.292,36.43
2025-06-30 08:00:00+00:00,2.316,2.363,2.316,2.363,23.33
2025-06-30 12:00:00+00:00,2.339,2.339,2.27,2.311,16.03
2025-06-30 16:00:00+00:00,2.325,2.333,2.296,2.333,41.14
2025-06-30 20:00:00+00:00,2.351,2.351,2.351,2.351,21.21
2025-07-01 00:00:00+00:00,2.351,2.351,2.351,2.351,35.0
2025-07-01 04:00:00+00:00,2.281,2.281,2.245,2.245,28.71
2025-07-01 08:00:00+00:00,2.216,2.29,2.216,2.29,28.49
2025-07-01 12:00:00+00:00,2.29,2.29,2.29,2.29,0.0
2025-07-01 16:00:00+00:00,2.212,2.212,2.212,2.212,8.71
2025-07-01 20:00:00+00:00,2.241,2.258,2.241,2.258,42.95
2025-07-02 00:00:00+00:00,2.258,2.258,2.258,2.258,0.0
2025-07-02 04:00:00+00:00,2.219,2.219,2.219,2.219,4.0
2025-07-02 08:00:00+00:00,2.242,2.242,2.242,2.242,3.51
2025-07-02 12:00:00+00:00,2.262,2.297,2.262,2.297,17.04
2025-07-02 16:00:00+00:00,2.329,2.42,2.328,2.409,92.09
2025-07-02 20:00:00+00:00,2.426,2.426,2.373,2.373,5.07
2025-07-03 00:00:00+00:00,2.368,2.38,2.368,2.38,58.98
2025-07-03 04:00:00+00:00,2.407,2.437,2.389,2.437,392.92
2025-07-03 08:00:00+00:00,2.434,2.434,2.405,2.405,412.38
2025-07-03 12:00:00+00:00,2.423,2.423,2.371,2.371,103.32
2025-07-03 16:00:00+00:00,2.383,2.383,2.383,2.383,19.3
2025-07-03 20:00:00+00:00,2.396,2.396,2.396,2.396,93.04
2025-07-04 00:00:00+00:00,2.396,2.396,2.396,2.396,0.0
2025-07-04 04:00:00+00:00,2.352,2.352,2.316,2.316,65.57
2025-07-04 08:00:00+00:00,2.306,2.328,2.306,2.318,15.07
2025-07-04 12:00:00+00:00,2.293,2.329,2.281,2.294,26.82
2025-07-04 16:00:00+00:00,2.246,2.246,2.234,2.234,9.66
2025-07-04 20:00:00+00:00,2.292,2.292,2.254,2.254,29.75
2025-07-05 00:00:00+00:00,2.254,2.254,2.254,2.254,0.0
2025-07-05 04:00:00+00:00,2.288,2.288,2.288,2.288,0.44
2025-07-05 08:00:00+00:00,2.288,2.288,2.288,2.288,0.0
2025-07-05 12:00:00+00:00,2.279,2.279,2.242,2.243,6.31
2025-07-05 16:00:00+00:00,2.215,2.215,2.215,2.215,18.7
2025-07-05 20:00:00+00:00,2.215,2.215,2.215,2.215,0.0
2025-07-06 00:00:00+00:00,2.215,2.215,2.215,2.215,0.0
2025-07-06 04:00:00+00:00,2.215,2.215,2.215,2.215,0.0
2025-07-06 08:00:00+00:00,2.215,2.215,2.215,2.215,0.0
2025-07-06 12:00:00+00:00,2.275,2.31,2.275,2.31,32.26
2025-07-06 16:00:00+00:00,2.295,2.326,2.275,2.275,123.59
2025-07-06 20:00:00+00:00,2.3,2.3,2.3,2.3,4.33
2025-07-07 00:00:00+00:00,2.302,2.329,2.302,2.308,162.83
2025-07-07 04:00:00+00:00,2.313,2.313,2.293,2.293,2.75
2025-07-07 08:00:00+00:00,2.284,2.305,2.284,2.304,25.18
2025-07-07 12:00:00+00:00,2.269,2.293,2.262,2.27,526.56
2025-07-07 16:00:00+00:00,2.27,2.278,2.248,2.278,830.9
2025-07-07 20:00:00+00:00,2.267,2.28,2.263,2.28,954.71
2025-07-08 00:00:00+00:00,2.288,2.288,2.246,2.271,588.0
2025-07-08 04:00:00+00:00,2.271,2.271,2.271,2.271,0.0
2025-07-08 08:00:00+00:00,2.239,2.293,2.239,2.29,1331.37
2025-07-08 12:00:00+00:00,2.286,2.297,2.286,2.297,9.46
2025-07-08 16:00:00+00:00,2.296,2.326,2.294,2.294,13.76
2025-07-08 20:00:00+00:00,2.294,2.294,2.294,2.294,0.0
2025-07-09 00:00:00+00:00,2.294,2.294,2.294,2.294,0.0
2025-07-09 04:00:00+00:00,2.333,2.338,2.333,2.338,225.89
2025-07-09 08:00:00+00:00,2.343,2.343,2.331,2.331,17.29
2025-07-09 12:00:00+00:00,2.358,2.375,2.358,2.375,50.58
2025-07-09 16:00:00+00:00,2.374,2.442,2.341,2.398,185.69
2025-07-09 20:00:00+00:00,2.447,2.468,2.438,2.468,27.8
2025-07-10 00:00:00+00:00,2.468,2.468,2.468,2.468,0.0
2025-07-10 04:00:00+00:00,2.446,2.446,2.424,2.424,32.24
2025-07-10 08:00:00+00:00,2.444,2.445,2.435,2.435,407.61
2025-07-10 12:00:00+00:00,2.435,2.435,2.435,2.435,0.0
2025-07-10 16:00:00+00:00,2.47,2.518,2.464,2.499,402.77
2025-07-10 20:00:00+00:00,2.518,2.6,2.518,2.587,875.8
2025-07-11 00:00:00+00:00,2.584,2.618,2.547,2.618,130.73
2025-07-11 04:00:00+00:00,2.574,2.653,2.574,2.587,1814.2
2025-07-11 08:00:00+00:00,2.589,2.634,2.589,2.607,52.55
2025-07-11 12:00:00+00:00,2.638,2.669,2.602,2.602,88.99
2025-07-11 16:00:00+00:00,2.623,2.661,2.587,2.66,66.89
2025-07-11 20:00:00+00:00,2.627,2.647,2.521,2.558,271.25
2025-07-12 00:00:00+00:00,2.584,2.596,2.584,2.596,53.52
2025-07-12 04:00:00+00:00,2.538,2.538,2.538,2.538,8.71
2025-07-12 08:00:00+00:00,2.57,2.57,2.57,2.57,11.19
2025-07-12 12:00:00+00:00,2.512,2.526,2.47,2.47,127.78
2025-07-12 16:00:00+00:00,2.521,2.525,2.489,2.525,8.18
2025-07-12 20:00:00+00:00,2.539,2.539,2.539,2.539,6.24
2025-07-13 00:00:00+00:00,2.542,2.548,2.542,2.548,29.43
2025-07-13 04:00:00+00:00,2.552,2.557,2.552,2.557,14.76
2025-07-13 08:00:00+00:00,2.566,2.566,2.549,2.549,101.37
2025-07-13 12:00:00+00:00,2.574,2.6,2.569,2.569,148.78
2025-07-13 16:00:00+00:00,2.569,2.569,2.569,2.569,0.0
2025-07-13 20:00:00+00:00,2.566,2.566,2.553,2.553,12.52
2025-07-14 00:00:00+00:00,2.581,2.658,2.581,2.626,416.54
2025-07-14 04:00:00+00:00,2.658,2.683,2.637,2.653,997.53
2025-07-14 08:00:00+00:00,2.623,2.642,2.623,2.642,62.26
2025-07-14 12:00:00+00:00,2.617,2.617,2.569,2.569,42.35
2025-07-14 16:00:00+00:00,2.578,2.603,2.556,2.563,140.06
2025-07-14 20:00:00+00:00,2.555,2.562,2.538,2.562,163.82
2025-07-15 00:00:00+00:00,2.5,2.5,2.484,2.484,25.39
2025-07-15 04:00:00+00:00,2.501,2.51,2.501,2.502,327.11
2025-07-15 08:00:00+00:00,2.498,2.498,2.498,2.498,3.96
2025-07-15 12:00:00+00:00,2.515,2.541,2.515,2.541,8.62
2025-07-15 16:00:00+00:00,2.557,2.626,2.543,2.543,95.35
2025-07-15 20:00:00+00:00,2.561,2.65,2.556,2.65,67.95
2025-07-16 00:00:00+00:00,2.665,2.665,2.619,2.619,173.63
2025-07-16 04:00:00+00:00,2.647,2.647,2.625,2.625,151.98
2025-07-16 08:00:00+00:00,2.605,2.627,2.603,2.603,64.85
2025-07-16 12:00:00+00:00,2.64,2.64,2.64,2.64,37.88
2025-07-16 16:00:00+00:00,2.64,2.687,2.637,2.678,237.86
2025-07-16 20:00:00+00:00,2.693,2.727,2.657,2.657,661.54
2025-07-17 00:00:00+00:00,2.643,2.643,2.603,2.634,348.78
2025-07-17 04:00:00+00:00,2.675,2.692,2.67,2.67,36.22
2025-07-17 08:00:00+00:00,2.661,2.717,2.661,2.716,571.84
2025-07-17 12:00:00+00:00,2.716,2.716,2.716,2.716,0.0
2025-07-17 16:00:00+00:00,2.65,2.716,2.624,2.677,495.56
2025-07-17 20:00:00+00:00,2.631,2.738,2.627,2.731,2187.73
2025-07-18 00:00:00+00:00,2.706,2.805,2.706,2.761,851.53
2025-07-18 04:00:00+00:00,2.819,2.903,2.819,2.879,1077.21
2025-07-18 08:00:00+00:00,2.855,2.886,2.81,2.886,147.63
2025-07-18 12:00:00+00:00,2.876,2.898,2.755,2.755,292.88
2025-07-18 16:00:00+00:00,2.79,2.822,2.753,2.769,581.58
2025-07-18 20:00:00+00:00,2.739,2.779,2.698,2.748,77.21
2025-07-19 00:00:00+00:00,2.758,2.801,2.687,2.801,416.86
2025-07-19 04:00:00+00:00,2.804,2.822,2.769,2.769,854.51
2025-07-19 08:00:00+00:00,2.758,2.758,2.716,2.716,238.39
2025-07-19 12:00:00+00:00,2.706,2.724,2.665,2.706,285.08
2025-07-19 16:00:00+00:00,2.661,2.822,2.661,2.798,666.63
2025-07-19 20:00:00+00:00,2.796,2.796,2.763,2.765,142.84
2025-07-20 00:00:00+00:00,2.756,2.808,2.756,2.772,248.71
2025-07-20 04:00:00+00:00,2.781,2.781,2.781,2.781,179.77
2025-07-20 08:00:00+00:00,2.842,2.862,2.787,2.862,310.55
2025-07-20 12:00:00+00:00,2.845,2.921,2.842,2.921,978.39
2025-07-20 16:00:00+00:00,2.923,3.0,2.907,2.934,1267.66
2025-07-20 20:00:00+00:00,2.911,2.927,2.824,2.859,464.01
2025-07-21 00:00:00+00:00,2.846,2.907,2.842,2.907,668.68
2025-07-21 04:00:00+00:00,2.905,2.932,2.905,2.932,231.07
2025-07-21 08:00:00+00:00,2.882,2.882,2.882,2.882,207.55
2025-07-21 12:00:00+00:00,2.903,2.977,2.903,2.94,564.77
2025-07-21 16:00:00+00:00,2.911,2.956,2.865,2.865,817.72
2025-07-21 20:00:00+00:00,2.897,2.897,2.897,2.897,42.51
2025-07-22 00:00:00+00:00,2.839,2.925,2.824,2.925,54.18
2025-07-22 04:00:00+00:00,2.824,2.844,2.781,2.844,2349.36
2025-07-22 08:00:00+00:00,2.781,2.844,2.761,2.844,34.09
2025-07-22 12:00:00+00:00,2.839,2.886,2.777,2.886,76.53
2025-07-22 16:00:00+00:00,2.888,2.888,2.824,2.838,20.81
2025-07-22 20:00:00+00:00,2.888,2.932,2.888,2.932,779.17
2025-07-23 00:00:00+00:00,2.886,2.886,2.885,2.885,90.15
2025-07-23 04:00:00+00:00,2.915,2.915,2.867,2.867,326.89
2025-07-23 08:00:00+00:00,2.838,2.838,2.818,2.818,195.13
2025-07-23 12:00:00+00:00,2.784,2.784,2.657,2.707,209.17
2025-07-23 16:00:00+00:00,2.698,2.698,2.605,2.605,439.63
2025-07-23 20:00:00+00:00,2.6,2.64,2.56,2.64,500.85
2025-07-24 00:00:00+00:00,2.639,2.641,2.639,2.641,35.55
2025-07-24 04:00:00+00:00,2.59,2.59,2.484,2.557,274.21
2025-07-24 08:00:00+00:00,2.575,2.596,2.559,2.596,28.02
2025-07-24 12:00:00+00:00,2.604,2.677,2.604,2.677,38.62
2025-07-24 16:00:00+00:00,2.617,2.617,2.617,2.617,8.71
2025-07-24 20:00:00+00:00,2.617,2.617,2.617,2.617,0.0
2025-07-25 00:00:00+00:00,2.577,2.591,2.538,2.538,93.71
2025-07-25 04:00:00+00:00,2.518,2.543,2.518,2.543,61.96
2025-07-25 08:00:00+00:00,2.596,2.602,2.596,2.602,11.22
2025-07-25 12:00:00+00:00,2.538,2.553,2.538,2.553,44.29
2025-07-25 16:00:00+00:00,2.553,2.553,2.553,2.553,0.0
2025-07-25 20:00:00+00:00,2.596,2.636,2.596,2.636,32.23
2025-07-26 00:00:00+00:00,2.643,2.656,2.642,2.656,29.45
2025-07-26 04:00:00+00:00,2.649,2.649,2.64,2.64,30.17
2025-07-26 08:00:00+00:00,2.634,2.657,2.634,2.657,16.16
2025-07-26 12:00:00+00:00,2.653,2.653,2.653,2.653,7.52
2025-07-26 16:00:00+00:00,2.659,2.91,2.659,2.694,13017.57
2025-07-26 20:00:00+00:00,2.674,2.687,2.658,2.658,3012.0
2025-07-27 00:00:00+00:00,2.657,2.657,2.649,2.649,12.58
2025-07-27 04:00:00+00:00,2.671,2.844,2.671,2.698,2319.85
2025-07-27 08:00:00+00:00,2.7,2.7,2.682,2.682,54.39
2025-07-27 12:00:00+00:00,2.695,2.695,2.678,2.678,72.7
2025-07-27 16:00:00+00:00,2.722,3.141,2.716,2.722,4687.97
2025-07-27 20:00:00+00:00,2.726,2.761,2.706,2.761,522.96
2025-07-28 00:00:00+00:00,2.76,2.789,2.726,2.763,1274.93
2025-07-28 04:00:00+00:00,2.763,2.806,2.742,2.762,666.25
2025-07-28 08:00:00+00:00,2.777,2.802,2.777,2.787,65.7
2025-07-28 12:00:00+00:00,2.741,2.746,2.698,2.746,1088.0
2025-07-28 16:00:00+00:00,2.673,2.673,2.6,2.6,7082.88
2025-07-28 20:00:00+00:00,2.595,2.613,2.578,2.592,551.45
2025-07-29 00:00:00+00:00,2.585,2.605,2.557,2.583,270.11
2025-07-29 04:00:00+00:00,2.596,2.636,2.596,2.636,213.51
2025-07-29 08:00:00+00:00,2.622,2.622,2.622,2.622,13.62
2025-07-29 12:00:00+00:00,2.577,2.577,2.57,2.57,3395.49
2025-07-29 16:00:00+00:00,2.571,2.585,2.538,2.547,2115.43
2025-07-29 20:00:00+00:00,2.547,2.547,2.547,2.547,0.0
2025-07-30 00:00:00+00:00,2.547,2.547,2.547,2.547,0.0
2025-07-30 04:00:00+00:00,2.545,2.545,2.545,2.545,6.78
2025-07-30 08:00:00+00:00,2.541,2.541,2.462,2.468,3335.58
2025-07-30 12:00:00+00:00,2.473,2.526,2.473,2.503,5043.34
2025-07-30 16:00:00+00:00,2.494,2.494,2.353,2.462,1657.28
2025-07-30 20:00:00+00:00,2.48,2.485,2.444,2.444,63.38
2025-07-31 00:00:00+00:00,2.501,2.527,2.495,2.527,149.57
2025-07-31 04:00:00+00:00,2.533,2.533,2.533,2.533,30.76
2025-07-31 08:00:00+00:00,2.518,2.518,2.518,2.518,20.83
2025-07-31 12:00:00+00:00,2.462,2.462,2.44,2.452,13.6
2025-07-31 16:00:00+00:00,2.486,2.486,2.486,2.486,3.93
2025-07-31 20:00:00+00:00,2.437,2.437,2.388,2.389,59.1
2025-08-01 00:00:00+00:00,2.377,2.384,2.322,2.376,744.46
2025-08-01 04:00:00+00:00,2.382,2.382,2.354,2.358,49.58
2025-08-01 08:00:00+00:00,2.329,2.351,2.289,2.351,452.09
2025-08-01 12:00:00+00:00,2.369,2.373,2.316,2.334,187.58
2025-08-01 16:00:00+00:00,2.334,2.334,2.334,2.334,0.0
2025-08-01 20:00:00+00:00,2.334,2.334,2.236,2.297,329.89
2025-08-02 00:00:00+00:00,2.319,2.319,2.315,2.315,14.86
2025-08-02 04:00:00+00:00,2.315,2.315,2.315,2.315,0.0
2025-08-02 08:00:00+00:00,2.315,2.315,2.315,2.315,0.0
2025-08-02 12:00:00+00:00,2.299,2.303,2.299,2.303,25.9
2025-08-02 16:00:00+00:00,2.246,2.246,2.222,2.222,93.23
2025-08-02 20:00:00+00:00,2.279,2.279,2.273,2.273,6265.46
2025-08-03 00:00:00+00:00,2.29,2.297,2.29,2.297,423.43
2025-08-03 04:00:00+00:00,2.297,2.297,2.297,2.297,0.0
2025-08-03 08:00:00+00:00,2.31,2.333,2.31,2.333,18.95
2025-08-03 12:00:00+00:00,2.333,2.333,2.333,2.333,0.0
2025-08-03 16:00:00+00:00,2.333,2.333,2.333,2.333,0.0
2025-08-03 20:00:00+00:00,2.341,2.349,2.34,2.34,42.46
2025-08-04 00:00:00+00:00,2.357,2.376,2.356,2.356,172.92
2025-08-04 04:00:00+00:00,2.363,2.369,2.363,2.365,312.79
2025-08-04 08:00:00+00:00,2.365,2.365,2.365,2.365,0.0
2025-08-04 12:00:00+00:00,2.344,2.385,2.344,2.385,4.97
2025-08-04 16:00:00+00:00,2.406,2.431,2.401,2.402,65.87
2025-08-04 20:00:00+00:00,2.432,2.432,2.432,2.432,1.14
2025-08-05 00:00:00+00:00,2.366,2.366,2.366,2.366,25.0
2025-08-05 04:00:00+00:00,2.388,2.405,2.351,2.351,1178.81
2025-08-05 08:00:00+00:00,2.366,2.406,2.366,2.406,13.33
2025-08-05 12:00:00+00:00,2.352,2.352,2.352,2.352,8.71
2025-08-05 16:00:00+00:00,2.316,2.363,2.312,2.312,33.5
2025-08-05 20:00:00+00:00,2.281,2.333,2.281,2.333,18.76
2025-08-06 00:00:00+00:00,2.287,2.287,2.282,2.282,14.83
2025-08-06 04:00:00+00:00,2.281,2.333,2.28,2.333,17.97
2025-08-06 08:00:00+00:00,2.319,2.319,2.319,2.319,1.97
2025-08-06 12:00:00+00:00,2.334,2.369,2.334,2.369,26.39
2025-08-06 16:00:00+00:00,2.369,2.369,2.369,2.369,0.0
2025-08-06 20:00:00+00:00,2.369,2.369,2.369,2.369,0.0
2025-08-07 00:00:00+00:00,2.369,2.369,2.369,2.369,0.0
2025-08-07 04:00:00+00:00,2.369,2.369,2.369,2.369,0.0
2025-08-07 08:00:00+00:00,2.381,2.448,2.38,2.44,798.78
2025-08-07 12:00:00+00:00,2.44,2.44,2.44,2.44,0.0
2025-08-07 16:00:00+00:00,2.424,2.424,2.424,2.424,41.12
2025-08-07 20:00:00+00:00,2.451,2.481,2.451,2.481,105.59
2025-08-08 00:00:00+00:00,2.485,2.506,2.485,2.506,15.83
2025-08-08 04:00:00+00:00,2.506,2.506,2.506,2.506,0.0
2025-08-08 08:00:00+00:00,2.482,2.498,2.482,2.498,557.65
2025-08-08 12:00:00+00:00,2.492,2.523,2.473,2.473,152.44
2025-08-08 16:00:00+00:00,2.531,2.55,2.531,2.55,594.76
2025-08-08 20:00:00+00:00,2.54,2.549,2.54,2.549,27.81
2025-08-09 00:00:00+00:00,2.557,2.557,2.557,2.557,9.66
2025-08-09 04:00:00+00:00,2.567,2.6,2.532,2.6,169.93
2025-08-09 08:00:00+00:00,2.589,2.638,2.589,2.638,520.98
2025-08-09 12:00:00+00:00,2.629,2.629,2.627,2.627,8.65
2025-08-09 16:00:00+00:00,2.616,2.626,2.616,2.626,59.13
2025-08-09 20:00:00+00:00,2.626,2.626,2.626,2.626,10.0
2025-08-10 00:00:00+00:00,2.623,2.636,2.612,2.636,63.77
2025-08-10 04:00:00+00:00,2.649,2.652,2.577,2.577,97.98
2025-08-10 08:00:00+00:00,2.586,2.59,2.568,2.579,227.84
2025-08-10 12:00:00+00:00,2.575,2.611,2.555,2.611,20.28
2025-08-10 16:00:00+00:00,2.605,2.624,2.592,2.624,189.13
2025-08-10 20:00:00+00:00,2.606,2.614,2.606,2.614,49.71
2025-08-11 00:00:00+00:00,2.636,2.667,2.636,2.66,59.66
2025-08-11 04:00:00+00:00,2.653,2.659,2.639,2.639,139.98
2025-08-11 08:00:00+00:00,2.577,2.577,2.525,2.525,18.56
2025-08-11 12:00:00+00:00,2.519,2.519,2.492,2.5,218.27
2025-08-11 16:00:00+00:00,2.557,2.566,2.5,2.5,223.88
2025-08-11 20:00:00+00:00,2.462,2.462,2.462,2.462,8.71
2025-08-12 00:00:00+00:00,2.462,2.462,2.462,2.462,0.0
2025-08-12 04:00:00+00:00,2.488,2.489,2.488,2.489,15.28
2025-08-12 08:00:00+00:00,2.483,2.483,2.483,2.483,124.9
2025-08-12 12:00:00+00:00,2.518,2.557,2.513,2.557,37.8
2025-08-12 16:00:00+00:00,2.58,2.636,2.58,2.622,101.28
2025-08-12 20:00:00+00:00,2.644,2.65,2.644,2.65,170.51
2025-08-13 00:00:00+00:00,2.63,2.63,2.607,2.63,127.46
2025-08-13 04:00:00+00:00,2.652,2.652,2.638,2.638,1184.6
2025-08-13 08:00:00+00:00,2.662,2.695,2.662,2.695,512.96
2025-08-13 12:00:00+00:00,2.695,2.725,2.661,2.661,886.57
2025-08-13 16:00:00+00:00,2.714,2.714,2.686,2.686,12.51
2025-08-13 20:00:00+00:00,2.719,2.758,2.7,2.757,2541.23
2025-08-14 00:00:00+00:00,2.714,2.752,2.714,2.752,285.6
2025-08-14 04:00:00+00:00,2.744,2.744,2.667,2.687,1164.09
2025-08-14 08:00:00+00:00,2.657,2.665,2.626,2.658,187.58
2025-08-14 12:00:00+00:00,2.666,2.666,2.49,2.557,217.72
2025-08-14 16:00:00+00:00,2.521,2.521,2.481,2.517,84.62
2025-08-14 20:00:00+00:00,2.462,2.496,2.46,2.496,53.43
2025-08-15 00:00:00+00:00,2.496,2.521,2.496,2.521,125.85
2025-08-15 04:00:00+00:00,2.535,2.535,2.505,2.505,30.67
2025-08-15 08:00:00+00:00,2.514,2.514,2.5,2.5,79.75
2025-08-15 12:00:00+00:00,2.49,2.49,2.4,2.42,682.65
2025-08-15 16:00:00+00:00,2.425,2.48,2.401,2.425,9141.0
2025-08-15 20:00:00+00:00,2.425,2.425,2.425,2.425,0.0
2025-08-16 00:00:00+00:00,2.48,2.49,2.48,2.48,117.27
2025-08-16 04:00:00+00:00,2.48,2.48,2.48,2.48,0.0
2025-08-16 08:00:00+00:00,2.481,2.497,2.481,2.497,79.12
2025-08-16 12:00:00+00:00,2.502,2.518,2.465,2.518,55.78
2025-08-16 16:00:00+00:00,2.531,2.531,2.531,2.531,3.95
2025-08-16 20:00:00+00:00,2.528,2.528,2.528,2.528,9.41
2025-08-17 00:00:00+00:00,2.529,2.529,2.529,2.529,35.38
2025-08-17 04:00:00+00:00,2.535,2.548,2.535,2.548,134.13
2025-08-17 08:00:00+00:00,2.557,2.579,2.557,2.57,84.26
2025-08-17 12:00:00+00:00,2.584,2.615,2.584,2.615,27.02
2025-08-17 16:00:00+00:00,2.615,2.624,2.56,2.56,443.48
2025-08-17 20:00:00+00:00,2.6,2.601,2.56,2.56,638.77
2025-08-18 00:00:00+00:00,2.549,2.549,2.452,2.452,142.14
2025-08-18 04:00:00+00:00,2.444,2.449,2.428,2.449,41.44
2025-08-18 08:00:00+00:00,2.425,2.47,2.412,2.469,110.31
2025-08-18 12:00:00+00:00,2.471,2.485,2.47,2.47,29.39
2025-08-18 16:00:00+00:00,2.483,2.486,2.467,2.47,471.06
2025-08-18 20:00:00+00:00,2.49,2.506,2.471,2.492,174.27
2025-08-19 00:00:00+00:00,2.452,2.463,2.41,2.44,891.35
2025-08-19 04:00:00+00:00,2.41,2.436,2.395,2.436,355.63
2025-08-19 08:00:00+00:00,2.437,2.437,2.437,2.437,2.18
2025-08-19 12:00:00+00:00,2.452,2.452,2.386,2.386,73.93
2025-08-19 16:00:00+00:00,2.386,2.386,2.354,2.374,167.96
2025-08-19 20:00:00+00:00,2.374,2.374,2.374,2.374,0.0
2025-08-20 00:00:00+00:00,2.354,2.354,2.354,2.354,5.96
2025-08-20 04:00:00+00:00,2.379,2.379,2.379,2.379,11.96
2025-08-20 08:00:00+00:00,2.395,2.395,2.388,2.388,105.81
2025-08-20 12:00:00+00:00,2.355,2.418,2.352,2.418,75.15
2025-08-20 16:00:00+00:00,2.437,2.442,2.437,2.442,17.44
2025-08-20 20:00:00+00:00,2.451,2.451,2.451,2.451,20.39
2025-08-21 00:00:00+00:00,2.433,2.456,2.433,2.456,28.26
2025-08-21 04:00:00+00:00,2.454,2.454,2.454,2.454,14.5
2025-08-21 08:00:00+00:00,2.4,2.4,2.399,2.399,46.77
2025-08-21 12:00:00+00:00,2.388,2.388,2.385,2.385,27.66
2025-08-21 16:00:00+00:00,2.38,2.38,2.38,2.38,500.0
2025-08-21 20:00:00+00:00,2.405,2.405,2.404,2.404,933.56
2025-08-22 00:00:00+00:00,2.417,2.417,2.391,2.391,14.76
2025-08-22 04:00:00+00:00,2.39,2.39,2.381,2.381,37.16
2025-08-22 08:00:00+00:00,2.38,2.441,2.364,2.441,25.12
2025-08-22 12:00:00+00:00,2.352,2.487,2.31,2.487,1186.68
2025-08-22 16:00:00+00:00,2.505,2.579,2.478,2.574,577.0
2025-08-22 20:00:00+00:00,2.586,2.606,2.573,2.573,62.8
2025-08-23 00:00:00+00:00,2.538,2.538,2.5,2.508,117.76
2025-08-23 04:00:00+00:00,2.537,2.563,2.537,2.563,87.09
2025-08-23 08:00:00+00:00,2.538,2.538,2.538,2.538,1.71
2025-08-23 12:00:00+00:00,2.52,2.52,2.52,2.52,34.2
2025-08-23 16:00:00+00:00,2.536,2.542,2.505,2.542,218.6
2025-08-23 20:00:00+00:00,2.542,2.542,2.542,2.542,0.0
2025-08-24 00:00:00+00:00,2.501,2.501,2.5,2.5,35.89
2025-08-24 04:00:00+00:00,2.476,2.479,2.452,2.455,133.51
2025-08-24 08:00:00+00:00,2.44,2.44,2.4,2.404,202.67
2025-08-24 12:00:00+00:00,2.404,2.439,2.404,2.439,2297.57
2025-08-24 16:00:00+00:00,2.398,2.527,2.398,2.425,1391.5
2025-08-24 20:00:00+00:00,2.429,2.437,2.398,2.436,413.62
2025-08-25 00:00:00+00:00,2.389,2.442,2.382,2.442,60.43
2025-08-25 04:00:00+00:00,2.388,2.388,2.295,2.303,2652.55
2025-08-25 08:00:00+00:00,2.301,2.301,2.28,2.28,111.89
2025-08-25 12:00:00+00:00,2.304,2.304,2.295,2.303,182.51
2025-08-25 16:00:00+00:00,2.286,2.289,2.222,2.222,3262.99
2025-08-25 20:00:00+00:00,2.224,2.224,2.145,2.161,783.09
2025-08-26 00:00:00+00:00,2.151,2.228,2.151,2.228,1551.43
2025-08-26 04:00:00+00:00,2.238,2.239,2.238,2.239,5.87
2025-08-26 08:00:00+00:00,2.216,2.301,2.216,2.301,57.08
2025-08-26 12:00:00+00:00,2.315,2.333,2.291,2.291,514.46
2025-08-26 16:00:00+00:00,2.303,2.346,2.303,2.346,7.67
2025-08-26 20:00:00+00:00,2.346,2.346,2.334,2.334,114.87
2025-08-27 00:00:00+00:00,2.334,2.334,2.334,2.334,0.0
2025-08-27 04:00:00+00:00,2.32,2.32,2.32,2.32,21.0
2025-08-27 08:00:00+00:00,2.308,2.311,2.308,2.311,9.45
2025-08-27 12:00:00+00:00,2.336,2.336,2.336,2.336,42.73
2025-08-27 16:00:00+00:00,2.313,2.328,2.313,2.328,267.12
2025-08-27 20:00:00+00:00,2.334,2.339,2.297,2.298,621.53
2025-08-28 00:00:00+00:00,2.328,2.328,2.315,2.315,7.14
2025-08-28 04:00:00+00:00,2.328,2.328,2.328,2.328,17.64
2025-08-28 08:00:00+00:00,2.344,2.344,2.344,2.344,12.29
2025-08-28 12:00:00+00:00,2.356,2.392,2.31,2.385,292.95
2025-08-28 16:00:00+00:00,2.316,2.316,2.316,2.316,8.71
2025-08-28 20:00:00+00:00,2.369,2.391,2.369,2.383,46.5
2025-08-29 00:00:00+00:00,2.395,2.395,2.389,2.389,206.36
2025-08-29 04:00:00+00:00,2.316,2.316,2.316,2.316,8.71
2025-08-29 08:00:00+00:00,2.287,2.297,2.281,2.283,62.16
2025-08-29 12:00:00+00:00,2.333,2.333,2.255,2.29,66.21
2025-08-29 16:00:00+00:00,2.271,2.271,2.232,2.232,636.29
2025-08-29 20:00:00+00:00,2.232,2.232,2.232,2.232,0.0
2025-08-30 00:00:00+00:00,2.265,2.327,2.265,2.327,69.64
2025-08-30 04:00:00+00:00,2.309,2.309,2.309,2.309,49.71
2025-08-30 08:00:00+00:00,2.292,2.292,2.292,2.292,3.68
2025-08-30 12:00:00+00:00,2.281,2.281,2.265,2.274,80.46
2025-08-30 16:00:00+00:00,2.271,2.271,2.271,2.271,20.0
2025-08-30 20:00:00+00:00,2.271,2.271,2.271,2.271,0.0
2025-08-31 00:00:00+00:00,2.331,2.335,2.331,2.335,142.34
2025-08-31 04:00:00+00:00,2.329,2.329,2.312,2.312,92.83
2025-08-31 08:00:00+00:00,2.314,2.314,2.281,2.295,190.93
2025-08-31 12:00:00+00:00,2.296,2.296,2.296,2.296,15.9
2025-08-31 16:00:00+00:00,2.311,2.311,2.303,2.303,8.66
2025-08-31 20:00:00+00:00,2.3,2.3,2.3,2.3,8.6
2025-09-01 00:00:00+00:00,2.266,2.307,2.228,2.228,129.34
2025-09-01 04:00:00+00:00,2.222,2.351,2.215,2.328,138.26
2025-09-01 08:00:00+00:00,2.362,2.506,2.342,2.376,634.08
2025-09-01 12:00:00+00:00,2.37,2.376,2.333,2.333,1048.68
2025-09-01 16:00:00+00:00,2.316,2.368,2.3,2.359,97.28
2025-09-01 20:00:00+00:00,2.292,2.296,2.239,2.295,215.15
2025-09-02 00:00:00+00:00,2.295,2.297,2.295,2.297,27.04
2025-09-02 04:00:00+00:00,2.283,2.283,2.264,2.264,36.83
2025-09-02 08:00:00+00:00,2.294,2.294,2.267,2.274,913.14
2025-09-02 12:00:00+00:00,2.246,2.283,2.222,2.281,45.81
2025-09-02 16:00:00+00:00,2.257,2.257,2.257,2.257,34.14
2025-09-02 20:00:00+00:00,2.255,2.275,2.255,2.275,4.45
2025-09-03 00:00:00+00:00,2.28,2.288,2.28,2.288,18.33
2025-09-03 04:00:00+00:00,2.288,2.288,2.288,2.288,0.0
2025-09-03 08:00:00+00:00,2.259,2.26,2.259,2.26,51.19
2025-09-03 12:00:00+00:00,2.272,2.304,2.263,2.304,3060.52
2025-09-03 16:00:00+00:00,2.326,2.326,2.321,2.321,324.27
2025-09-03 20:00:00+00:00,2.333,2.348,2.333,2.348,38.57
2025-09-04 00:00:00+00:00,2.298,2.298,2.298,2.298,12.82
2025-09-04 04:00:00+00:00,2.281,2.281,2.263,2.263,24.26
2025-09-04 08:00:00+00:00,2.259,2.259,2.259,2.259,1.54
2025-09-04 12:00:00+00:00,2.246,2.246,2.227,2.244,201.66
2025-09-04 16:00:00+00:00,2.244,2.244,2.244,2.244,331.03
2025-09-04 20:00:00+00:00,2.244,2.244,2.244,2.244,0.0
2025-09-05 00:00:00+00:00,2.244,2.244,2.244,2.244,0.0
2025-09-05 04:00:00+00:00,2.276,2.297,2.276,2.297,53.08
2025-09-05 08:00:00+00:00,2.319,2.319,2.319,2.319,1.75
2025-09-05 12:00:00+00:00,2.333,2.374,2.316,2.33,80.3
2025-09-05 16:00:00+00:00,2.311,2.323,2.311,2.323,3.73
2025-09-05 20:00:00+00:00,2.323,2.323,2.323,2.323,0.0
2025-09-06 00:00:00+00:00,2.324,2.324,2.324,2.324,0.44
2025-09-06 04:00:00+00:00,2.324,2.324,2.324,2.324,0.0
2025-09-06 08:00:00+00:00,2.324,2.324,2.324,2.324,0.0
2025-09-06 12:00:00+00:00,2.324,2.324,2.324,2.324,0.0
2025-09-06 16:00:00+00:00,2.333,2.333,2.333,2.333,0.44
2025-09-06 20:00:00+00:00,2.333,2.333,2.333,2.333,0.0
2025-09-07 00:00:00+00:00,2.334,2.35,2.334,2.35,6.4
2025-09-07 04:00:00+00:00,2.369,2.417,2.369,2.376,44.22
2025-09-07 08:00:00+00:00,2.376,2.376,2.376,2.376,0.0
2025-09-07 12:00:00+00:00,2.376,2.376,2.376,2.376,0.0
2025-09-07 16:00:00+00:00,2.369,2.384,2.364,2.376,822.48
2025-09-07 20:00:00+00:00,2.378,2.378,2.378,2.378,14.75
2025-09-08 00:00:00+00:00,2.378,2.378,2.378,2.378,0.0
2025-09-08 04:00:00+00:00,2.44,2.452,2.42,2.42,29.04
2025-09-08 08:00:00+00:00,2.423,2.432,2.415,2.415,215.57
2025-09-08 12:00:00+00:00,2.41,2.444,2.401,2.444,259.49
2025-09-08 16:00:00+00:00,2.444,2.444,2.444,2.444,0.0
2025-09-08 20:00:00+00:00,2.444,2.444,2.444,2.444,0.0
2025-09-09 00:00:00+00:00,2.444,2.444,2.444,2.444,0.0
2025-09-09 04:00:00+00:00,2.465,2.49,2.438,2.444,286.25
2025-09-09 08:00:00+00:00,2.477,2.499,2.432,2.499,266.17
2025-09-09 12:00:00+00:00,2.425,2.425,2.425,2.425,8.71
2025-09-09 16:00:00+00:00,2.415,2.448,2.415,2.448,326.39
2025-09-09 20:00:00+00:00,2.448,2.448,2.448,2.448,0.0
2025-09-10 00:00:00+00:00,2.451,2.451,2.451,2.451,10.36
2025-09-10 04:00:00+00:00,2.451,2.451,2.451,2.451,0.0
2025-09-10 08:00:00+00:00,2.451,2.451,2.451,2.451,0.0
2025-09-10 12:00:00+00:00,2.48,2.499,2.427,2.492,528.83
2025-09-10 16:00:00+00:00,2.492,2.492,2.492,2.492,0.0
2025-09-10 20:00:00+00:00,2.477,2.481,2.477,2.481,300.04
2025-09-11 00:00:00+00:00,2.499,2.499,2.499,2.499,79.54
2025-09-11 04:00:00+00:00,2.515,2.533,2.508,2.533,311.9
2025-09-11 08:00:00+00:00,2.525,2.525,2.525,2.525,199.07
2025-09-11 12:00:00+00:00,2.492,2.512,2.468,2.472,8093.84
2025-09-11 16:00:00+00:00,2.495,2.501,2.495,2.499,61.68
2025-09-11 20:00:00+00:00,2.519,2.537,2.517,2.529,395.73
2025-09-12 00:00:00+00:00,2.538,2.541,2.538,2.541,58.37
2025-09-12 04:00:00+00:00,2.542,2.542,2.528,2.531,527.34
2025-09-12 08:00:00+00:00,2.502,2.502,2.495,2.498,60.64
2025-09-12 12:00:00+00:00,2.49,2.494,2.483,2.493,72.34
2025-09-12 16:00:00+00:00,2.503,2.545,2.499,2.545,1126.48
2025-09-12 20:00:00+00:00,2.545,2.568,2.545,2.563,37.83
2025-09-13 00:00:00+00:00,2.559,2.59,2.548,2.59,1134.36
2025-09-13 04:00:00+00:00,2.565,2.581,2.565,2.581,246.8
2025-09-13 08:00:00+00:00,2.59,2.622,2.59,2.622,644.03
2025-09-13 12:00:00+00:00,2.63,2.65,2.594,2.613,2156.34
2025-09-13 16:00:00+00:00,2.579,2.618,2.577,2.613,56.17
2025-09-13 20:00:00+00:00,2.612,2.62,2.612,2.62,32.9
2025-09-14 00:00:00+00:00,2.621,2.625,2.596,2.619,419.23
2025-09-14 04:00:00+00:00,2.569,2.569,2.569,2.569,72.23
2025-09-14 08:00:00+00:00,2.568,2.568,2.538,2.538,17.15
2025-09-14 12:00:00+00:00,2.533,2.533,2.5,2.501,57.18
2025-09-14 16:00:00+00:00,2.501,2.501,2.501,2.501,0.0
2025-09-14 20:00:00+00:00,2.526,2.526,2.526,2.526,3.81
2025-09-15 00:00:00+00:00,2.526,2.526,2.501,2.501,117.45
2025-09-15 04:00:00+00:00,2.547,2.547,2.498,2.498,7.95
2025-09-15 08:00:00+00:00,2.47,2.47,2.415,2.415,586.91
2025-09-15 12:00:00+00:00,2.404,2.418,2.388,2.388,105.08
2025-09-15 16:00:00+00:00,2.379,2.404,2.379,2.404,27.39
2025-09-15 20:00:00+00:00,2.408,2.408,2.408,2.408,10.37
2025-09-16 00:00:00+00:00,2.409,2.409,2.4,2.4,520.0
2025-09-16 04:00:00+00:00,2.438,2.438,2.372,2.417,64.12
2025-09-16 08:00:00+00:00,2.423,2.423,2.423,2.423,3.35
2025-09-16 12:00:00+00:00,2.442,2.442,2.442,2.442,8.52
2025-09-16 16:00:00+00:00,2.468,2.6,2.468,2.6,4451.0
2025-09-16 20:00:00+00:00,2.574,2.696,2.574,2.577,1936.65
2025-09-17 00:00:00+00:00,2.567,2.567,2.567,2.567,39.84
2025-09-17 04:00:00+00:00,2.538,2.538,2.533,2.533,18.74
2025-09-17 08:00:00+00:00,2.513,2.513,2.499,2.499,14.74
2025-09-17 12:00:00+00:00,2.499,2.499,2.499,2.499,0.0
2025-09-17 16:00:00+00:00,2.468,2.533,2.437,2.533,194.2
2025-09-17 20:00:00+00:00,2.536,2.557,2.536,2.557,50.97
2025-09-18 00:00:00+00:00,2.514,2.592,2.514,2.592,342.18
2025-09-18 04:00:00+00:00,2.555,2.555,2.544,2.544,64.2
2025-09-18 08:00:00+00:00,2.56,2.56,2.56,2.56,6.8
2025-09-18 12:00:00+00:00,2.555,2.555,2.555,2.555,1954.89
2025-09-18 16:00:00+00:00,2.574,2.593,2.566,2.58,290.78
2025-09-18 20:00:00+00:00,2.58,2.58,2.576,2.576,73.2
2025-09-19 00:00:00+00:00,2.596,2.603,2.558,2.558,57.71
2025-09-19 04:00:00+00:00,2.543,2.586,2.537,2.545,153.04
2025-09-19 08:00:00+00:00,2.585,2.585,2.5,2.5,425.32
2025-09-19 12:00:00+00:00,2.551,2.554,2.463,2.463,189.21
2025-09-19 16:00:00+00:00,2.507,2.507,2.462,2.462,25.46
2025-09-19 20:00:00+00:00,2.46,2.511,2.434,2.434,110.76
2025-09-20 00:00:00+00:00,2.434,2.434,2.434,2.434,0.0
2025-09-20 04:00:00+00:00,2.434,2.434,2.434,2.434,0.0
2025-09-20 08:00:00+00:00,2.441,2.441,2.439,2.439,55.24
2025-09-20 12:00:00+00:00,2.439,2.439,2.439,2.439,0.0
2025-09-20 16:00:00+00:00,2.516,2.516,2.483,2.483,4.84
2025-09-20 20:00:00+00:00,2.444,2.488,2.444,2.488,142.12
2025-09-21 00:00:00+00:00,2.43,2.459,2.43,2.459,10.28
2025-09-21 04:00:00+00:00,2.459,2.459,2.459,2.459,0.0
2025-09-21 08:00:00+00:00,2.435,2.478,2.414,2.478,197.06
2025-09-21 12:00:00+00:00,2.478,2.478,2.478,2.478,0.0
2025-09-21 16:00:00+00:00,2.404,2.404,2.402,2.402,15.5
2025-09-21 20:00:00+00:00,2.442,2.442,2.392,2.392,67.58
2025-09-22 00:00:00+00:00,2.391,2.391,2.316,2.316,122.72
2025-09-22 04:00:00+00:00,2.285,2.285,2.198,2.278,114.78
2025-09-22 08:00:00+00:00,2.255,2.255,2.253,2.253,2.93
2025-09-22 12:00:00+00:00,2.246,2.756,2.245,2.333,859.3
2025-09-22 16:00:00+00:00,2.246,2.296,2.246,2.256,59.35
2025-09-22 20:00:00+00:00,2.237,2.237,2.235,2.235,171.72
2025-09-23 00:00:00+00:00,2.257,2.257,2.222,2.222,1479.22
2025-09-23 04:00:00+00:00,2.227,2.227,2.227,2.227,2.96
2025-09-23 08:00:00+00:00,2.268,2.279,2.268,2.279,41.99
2025-09-23 12:00:00+00:00,2.26,2.26,2.26,2.26,11.06
2025-09-23 16:00:00+00:00,2.262,2.262,2.261,2.261,1139.7
2025-09-23 20:00:00+00:00,2.236,2.236,2.236,2.236,73.82
2025-09-24 00:00:00+00:00,2.268,2.268,2.268,2.268,22.04
2025-09-24 04:00:00+00:00,2.212,2.262,2.21,2.262,160.83
2025-09-24 08:00:00+00:00,2.263,2.27,2.263,2.27,14.3
2025-09-24 12:00:00+00:00,2.272,2.296,2.272,2.296,5.67
2025-09-24 16:00:00+00:00,2.288,2.288,2.251,2.251,7.78
2025-09-24 20:00:00+00:00,2.265,2.265,2.254,2.254,66.29
2025-09-25 00:00:00+00:00,2.237,2.237,2.202,2.202,1005.22
2025-09-25 04:00:00+00:00,2.193,2.201,2.18,2.201,155.1
2025-09-25 08:00:00+00:00,2.199,2.199,2.199,2.199,5.75
2025-09-25 12:00:00+00:00,2.18,2.18,2.178,2.178,100.45
2025-09-25 16:00:00+00:00,2.184,2.184,2.097,2.134,6153.68
2025-09-25 20:00:00+00:00,2.112,2.112,2.112,2.112,182.82
2025-09-26 00:00:00+00:00,2.14,2.14,2.14,2.14,9.34
2025-09-26 04:00:00+00:00,2.14,2.14,2.14,2.14,0.0
2025-09-26 08:00:00+00:00,2.113,2.114,2.113,2.114,578.01
2025-09-26 12:00:00+00:00,2.108,2.143,2.096,2.141,573.69
2025-09-26 16:00:00+00:00,2.16,2.194,2.16,2.194,460.37
2025-09-26 20:00:00+00:00,2.191,2.191,2.191,2.191,283.49
2025-09-27 00:00:00+00:00,2.194,2.194,2.191,2.192,547.39
2025-09-27 04:00:00+00:00,2.192,2.192,2.192,2.192,0.0
2025-09-27 08:00:00+00:00,2.181,2.181,2.181,2.181,4.12
2025-09-27 12:00:00+00:00,2.181,2.181,2.181,2.181,114.09
2025-09-27 16:00:00+00:00,2.181,2.181,2.181,2.181,0.0
2025-09-27 20:00:00+00:00,2.181,2.181,2.181,2.181,0.0
2025-09-28 00:00:00+00:00,2.182,2.182,2.176,2.176,5.07
2025-09-28 04:00:00+00:00,2.156,2.156,2.145,2.145,44.69
2025-09-28 08:00:00+00:00,2.131,2.131,2.131,2.131,10.69
2025-09-28 12:00:00+00:00,2.132,2.181,2.132,2.154,609.1
2025-09-28 16:00:00+00:00,2.165,2.165,2.165,2.165,4.57
2025-09-28 20:00:00+00:00,2.146,2.208,2.146,2.173,63.54
2025-09-29 00:00:00+00:00,2.203,2.203,2.203,2.203,90.5
2025-09-29 04:00:00+00:00,2.19,2.19,2.19,2.19,4.38
2025-09-29 08:00:00+00:00,2.18,2.18,2.18,2.18,4.04
2025-09-29 12:00:00+00:00,2.148,2.204,2.148,2.166,881.15
2025-09-29 16:00:00+00:00,2.184,2.189,2.184,2.189,3.2
2025-09-29 20:00:00+00:00,2.224,2.228,2.21,2.21,129.76
2025-09-30 00:00:00+00:00,2.18,2.18,2.178,2.178,9.71
2025-09-30 04:00:00+00:00,2.196,2.196,2.195,2.195,425.97
2025-09-30 08:00:00+00:00,2.195,2.195,2.195,2.195,0.0
2025-09-30 12:00:00+00:00,2.16,2.16,2.145,2.145,18.34
2025-09-30 16:00:00+00:00,2.139,2.139,2.139,2.139,28.49
2025-09-30 20:00:00+00:00,2.194,2.194,2.191,2.191,138.72
2025-10-01 00:00:00+00:00,2.191,2.193,2.169,2.169,42.1
2025-10-01 04:00:00+00:00,2.185,2.185,2.181,2.181,1204.82
2025-10-01 08:00:00+00:00,2.2,2.269,2.2,2.253,228.81
2025-10-01 12:00:00+00:00,2.246,2.246,2.245,2.245,376.24
2025-10-01 16:00:00+00:00,2.259,2.297,2.259,2.297,21.76
2025-10-01 20:00:00+00:00,2.295,2.557,2.279,2.299,960.61
2025-10-02 00:00:00+00:00,2.305,2.329,2.294,2.329,48.21
2025-10-02 04:00:00+00:00,2.329,2.349,2.325,2.325,1201.38
2025-10-02 08:00:00+00:00,2.321,2.339,2.316,2.339,41.06
2025-10-02 12:00:00+00:00,2.33,2.33,2.33,2.33,355.45
2025-10-02 16:00:00+00:00,2.346,2.369,2.346,2.351,1161.4
2025-10-02 20:00:00+00:00,2.359,2.359,2.359,2.359,36.01
2025-10-03 00:00:00+00:00,2.351,2.353,2.324,2.35,232.8
2025-10-03 04:00:00+00:00,2.35,2.35,2.35,2.35,0.0
2025-10-03 08:00:00+00:00,2.35,2.35,2.35,2.35,0.0
2025-10-03 12:00:00+00:00,2.341,2.37,2.323,2.363,2846.53
2025-10-03 16:00:00+00:00,2.391,2.428,2.38,2.428,196.68
2025-10-03 20:00:00+00:00,2.403,2.403,2.403,2.403,109.01
2025-10-04 00:00:00+00:00,2.379,2.379,2.379,2.379,0.83
2025-10-04 04:00:00+00:00,2.356,2.371,2.356,2.371,5.05
2025-10-04 08:00:00+00:00,2.352,2.352,2.309,2.314,70.77
2025-10-04 12:00:00+00:00,2.281,2.281,2.281,2.281,8.71
2025-10-04 16:00:00+00:00,2.285,2.298,2.279,2.295,480.99
2025-10-04 20:00:00+00:00,2.295,2.295,2.295,2.295,0.0
2025-10-05 00:00:00+00:00,2.333,2.333,2.306,2.306,12.85
2025-10-05 04:00:00+00:00,2.364,2.388,2.363,2.386,52.69
2025-10-05 08:00:00+00:00,2.406,2.412,2.363,2.363,75.56
2025-10-05 12:00:00+00:00,2.352,2.352,2.352,2.352,8.71
2025-10-05 16:00:00+00:00,2.373,2.373,2.316,2.316,97.25
2025-10-05 20:00:00+00:00,2.316,2.316,2.316,2.316,0.0
2025-10-06 00:00:00+00:00,2.347,2.347,2.347,2.347,168.66
2025-10-06 04:00:00+00:00,2.343,2.36,2.332,2.354,322.65
2025-10-06 08:00:00+00:00,2.355,2.355,2.348,2.348,39.29
2025-10-06 12:00:00+00:00,2.369,2.42,2.368,2.42,133.43
2025-10-06 16:00:00+00:00,2.42,2.42,2.42,2.42,0.0
2025-10-06 20:00:00+00:00,2.421,2.421,2.405,2.41,396.49
2025-10-07 00:00:00+00:00,2.41,2.41,2.41,2.41,0.0
2025-10-07 04:00:00+00:00,2.375,2.375,2.375,2.375,32.21
2025-10-07 08:00:00+00:00,2.375,2.385,2.374,2.385,19.09
2025-10-07 12:00:00+00:00,2.352,2.352,2.281,2.302,299.91
2025-10-07 16:00:00+00:00,2.301,2.317,2.278,2.31,2016.76
2025-10-07 20:00:00+00:00,2.292,2.292,2.285,2.285,56.53
2025-10-08 00:00:00+00:00,2.267,2.314,2.267,2.308,23.23
2025-10-08 04:00:00+00:00,2.308,2.308,2.308,2.308,0.0
2025-10-08 08:00:00+00:00,2.308,2.308,2.308,2.308,0.0
2025-10-08 12:00:00+00:00,2.293,2.361,2.291,2.293,268.27
2025-10-08 16:00:00+00:00,2.361,2.406,2.327,2.406,585.5
2025-10-08 20:00:00+00:00,2.36,2.367,2.36,2.367,7.69
2025-10-09 00:00:00+00:00,2.352,2.352,2.316,2.316,51.42
2025-10-09 04:00:00+00:00,2.317,2.317,2.281,2.281,56.9
2025-10-09 08:00:00+00:00,2.264,2.325,2.252,2.286,239.88
2025-10-09 12:00:00+00:00,2.246,2.246,2.239,2.239,9.26
2025-10-09 16:00:00+00:00,2.255,2.255,2.255,2.255,8.94
2025-10-09 20:00:00+00:00,2.259,2.297,2.259,2.297,2749.31
2025-10-10 00:00:00+00:00,2.333,2.333,2.333,2.333,8.52
2025-10-10 04:00:00+00:00,2.368,2.376,2.325,2.349,318.57
2025-10-10 08:00:00+00:00,2.357,2.364,2.355,2.355,114.5
2025-10-10 12:00:00+00:00,2.405,2.442,2.281,2.281,1948.43
2025-10-10 16:00:00+00:00,2.246,2.246,2.18,2.18,62.29
2025-10-10 20:00:00+00:00,2.198,2.409,2.021,2.038,2336.96
2025-10-11 00:00:00+00:00,2.057,2.406,1.601,1.792,1581.69
2025-10-11 04:00:00+00:00,1.792,2.014,1.678,1.678,1475.71
2025-10-11 08:00:00+00:00,1.716,1.854,1.655,1.676,645.99
2025-10-11 12:00:00+00:00,1.656,1.715,1.569,1.656,1290.62
2025-10-11 16:00:00+00:00,1.656,1.688,1.579,1.602,625.04
2025-10-11 20:00:00+00:00,1.602,1.602,1.476,1.565,999.71
2025-10-12 00:00:00+00:00,1.535,1.55,1.507,1.55,275.67
2025-10-12 04:00:00+00:00,1.513,1.574,1.513,1.562,503.31
2025-10-12 08:00:00+00:00,1.58,1.58,1.547,1.547,278.92
2025-10-12 12:00:00+00:00,1.58,1.648,1.548,1.643,807.99
2025-10-12 16:00:00+00:00,1.659,1.688,1.65,1.688,1373.91
2025-10-12 20:00:00+00:00,1.689,1.697,1.652,1.652,134.53
2025-10-13 00:00:00+00:00,1.688,1.705,1.632,1.675,2142.16
2025-10-13 04:00:00+00:00,1.675,2.024,1.675,1.743,2925.46
2025-10-13 08:00:00+00:00,1.743,1.743,1.6,1.638,1927.78
2025-10-13 12:00:00+00:00,1.628,1.668,1.627,1.627,722.55
2025-10-13 16:00:00+00:00,1.664,1.716,1.634,1.716,617.0
2025-10-13 20:00:00+00:00,1.728,1.741,1.706,1.736,110.53
2025-10-14 00:00:00+00:00,1.738,1.741,1.692,1.692,514.98
2025-10-14 04:00:00+00:00,1.678,1.678,1.569,1.576,850.32
2025-10-14 08:00:00+00:00,1.579,1.604,1.57,1.57,1301.43
2025-10-14 12:00:00+00:00,1.573,1.654,1.573,1.654,625.64
2025-10-14 16:00:00+00:00,1.654,1.687,1.618,1.687,280.12
2025-10-14 20:00:00+00:00,1.667,1.727,1.665,1.666,8557.6
2025-10-15 00:00:00+00:00,1.67,1.67,1.66,1.664,1243.68
2025-10-15 04:00:00+00:00,1.659,1.659,1.659,1.659,7.3
2025-10-15 08:00:00+00:00,1.69,1.712,1.652,1.652,871.67
2025-10-15 12:00:00+00:00,1.667,1.667,1.62,1.66,6925.35
2025-10-15 16:00:00+00:00,1.664,1.78,1.602,1.602,4009.36
2025-10-15 20:00:00+00:00,1.6,1.6,1.592,1.595,36.28
2025-10-16 00:00:00+00:00,1.6,1.622,1.6,1.622,191.35
2025-10-16 04:00:00+00:00,1.622,1.622,1.622,1.622,0.0
2025-10-16 08:00:00+00:00,1.578,1.598,1.541,1.598,506.93
2025-10-16 12:00:00+00:00,1.57,1.606,1.53,1.53,146.49
2025-10-16 16:00:00+00:00,1.533,1.565,1.5,1.512,7946.87
2025-10-16 20:00:00+00:00,1.484,1.497,1.453,1.497,729.39
2025-10-17 00:00:00+00:00,1.497,1.51,1.488,1.488,932.7
2025-10-17 04:00:00+00:00,1.51,1.51,1.394,1.419,394.06
2025-10-17 08:00:00+00:00,1.424,1.449,1.384,1.449,214.67
2025-10-17 12:00:00+00:00,1.459,1.459,1.424,1.424,1425.26
2025-10-17 16:00:00+00:00,1.468,1.473,1.467,1.467,93.6
2025-10-17 20:00:00+00:00,1.447,1.454,1.447,1.454,36.32
2025-10-18 00:00:00+00:00,1.487,1.501,1.463,1.499,62.71
2025-10-18 04:00:00+00:00,1.499,1.499,1.499,1.499,0.0
2025-10-18 08:00:00+00:00,1.499,1.499,1.479,1.479,17.04
2025-10-18 12:00:00+00:00,1.487,1.507,1.469,1.469,91.21
2025-10-18 16:00:00+00:00,1.465,1.499,1.465,1.499,20.62
2025-10-18 20:00:00+00:00,1.497,1.498,1.472,1.478,218.16
2025-10-19 00:00:00+00:00,1.501,1.509,1.501,1.509,22.09
2025-10-19 04:00:00+00:00,1.509,1.509,1.509,1.509,0.0
2025-10-19 08:00:00+00:00,1.479,1.518,1.468,1.518,72.84
2025-10-19 12:00:00+00:00,1.531,1.541,1.531,1.541,27.34
2025-10-19 16:00:00+00:00,1.546,1.546,1.546,1.546,1.14
2025-10-19 20:00:00+00:00,1.546,1.546,1.546,1.546,0.0
2025-10-20 00:00:00+00:00,1.507,1.565,1.503,1.565,84.39
2025-10-20 04:00:00+00:00,1.573,1.604,1.573,1.604,42.28
2025-10-20 08:00:00+00:00,1.556,1.614,1.556,1.614,44.91
2025-10-20 12:00:00+00:00,1.617,1.617,1.617,1.617,11.94
2025-10-20 16:00:00+00:00,1.585,1.598,1.564,1.564,73.13
2025-10-20 20:00:00+00:00,1.564,1.564,1.564,1.564,10.95
2025-10-21 00:00:00+00:00,1.569,1.569,1.553,1.553,153.6
2025-10-21 04:00:00+00:00,1.53,1.535,1.523,1.535,249.81
2025-10-21 08:00:00+00:00,1.551,1.583,1.551,1.559,88.45
2025-10-21 12:00:00+00:00,1.555,1.64,1.544,1.64,802.83
2025-10-21 16:00:00+00:00,1.644,1.657,1.614,1.634,148.49
2025-10-21 20:00:00+00:00,1.642,1.659,1.581,1.61,6780.01
2025-10-22 00:00:00+00:00,1.61,1.61,1.55,1.573,3887.59
2025-10-22 04:00:00+00:00,1.544,1.544,1.53,1.536,978.09
2025-10-22 08:00:00+00:00,1.512,1.513,1.512,1.513,811.29
2025-10-22 12:00:00+00:00,1.542,1.547,1.508,1.527,1250.18
2025-10-22 16:00:00+00:00,1.527,1.527,1.527,1.527,0.0
2025-10-22 20:00:00+00:00,1.512,1.521,1.462,1.521,2289.4
2025-10-23 00:00:00+00:00,1.522,1.532,1.487,1.487,66.25
2025-10-23 04:00:00+00:00,1.539,1.544,1.539,1.544,19.66
2025-10-23 08:00:00+00:00,1.557,1.558,1.557,1.558,436.98
2025-10-23 12:00:00+00:00,1.549,1.565,1.531,1.565,143.66
2025-10-23 16:00:00+00:00,1.574,1.576,1.532,1.532,304.73
2025-10-23 20:00:00+00:00,1.544,1.544,1.544,1.544,86.32
2025-10-24 00:00:00+00:00,1.544,1.544,1.544,1.544,0.0
2025-10-24 04:00:00+00:00,1.576,1.582,1.576,1.582,105.85
2025-10-24 08:00:00+00:00,1.555,1.555,1.555,1.555,248.78
2025-10-24 12:00:00+00:00,1.538,1.598,1.538,1.56,6980.25
2025-10-24 16:00:00+00:00,1.539,1.539,1.539,1.539,3601.59
2025-10-24 20:00:00+00:00,1.564,1.569,1.564,1.569,37.28
2025-10-25 00:00:00+00:00,1.569,1.569,1.569,1.569,0.0
2025-10-25 04:00:00+00:00,1.569,1.569,1.569,1.569,0.0
2025-10-25 08:00:00+00:00,1.569,1.569,1.569,1.569,0.0
2025-10-25 12:00:00+00:00,1.549,1.549,1.542,1.542,18.3
2025-10-25 16:00:00+00:00,1.566,1.57,1.566,1.57,24.63
2025-10-25 20:00:00+00:00,1.57,1.57,1.57,1.57,0.0
2025-10-26 00:00:00+00:00,1.57,1.57,1.57,1.57,0.0
2025-10-26 04:00:00+00:00,1.57,1.57,1.57,1.57,0.0
2025-10-26 08:00:00+00:00,1.577,1.631,1.577,1.631,3223.07
2025-10-26 12:00:00+00:00,1.634,1.641,1.619,1.621,135.27
2025-10-26 16:00:00+00:00,1.638,1.645,1.636,1.636,311.42
2025-10-26 20:00:00+00:00,1.654,1.669,1.628,1.652,364.61
2025-10-27 00:00:00+00:00,1.652,1.671,1.652,1.671,126.32
2025-10-27 04:00:00+00:00,1.671,1.671,1.671,1.671,0.0
2025-10-27 08:00:00+00:00,1.627,1.627,1.619,1.619,13.65
2025-10-27 12:00:00+00:00,1.619,1.619,1.605,1.605,342.89
2025-10-27 16:00:00+00:00,1.625,1.687,1.625,1.68,924.26
2025-10-27 20:00:00+00:00,1.639,1.639,1.639,1.639,175.0
2025-10-28 00:00:00+00:00,1.639,1.664,1.627,1.627,169.84
2025-10-28 04:00:00+00:00,1.627,1.627,1.627,1.627,0.0
2025-10-28 08:00:00+00:00,1.655,1.655,1.655,1.655,12.05
2025-10-28 12:00:00+00:00,1.612,1.614,1.593,1.6,88.17
2025-10-28 16:00:00+00:00,1.59,1.606,1.583,1.588,571.67
2025-10-28 20:00:00+00:00,1.581,1.581,1.543,1.548,1131.67
2025-10-29 00:00:00+00:00,1.548,1.548,1.548,1.548,0.0
2025-10-29 04:00:00+00:00,1.548,1.548,1.548,1.548,0.0
2025-10-29 08:00:00+00:00,1.536,1.62,1.536,1.62,372.64
2025-10-29 12:00:00+00:00,1.628,1.638,1.602,1.602,779.79
2025-10-29 16:00:00+00:00,1.602,1.627,1.554,1.627,273.77
2025-10-29 20:00:00+00:00,1.632,1.632,1.58,1.586,265.43
2025-10-30 00:00:00+00:00,1.578,1.61,1.578,1.61,45.37
2025-10-30 04:00:00+00:00,1.554,1.577,1.507,1.577,389.6
2025-10-30 08:00:00+00:00,1.547,1.548,1.532,1.545,160.57
2025-10-30 12:00:00+00:00,1.53,1.53,1.461,1.472,304.94
2025-10-30 16:00:00+00:00,1.439,1.439,1.408,1.415,493.02
2025-10-30 20:00:00+00:00,1.437,1.456,1.437,1.456,27.83
2025-10-31 00:00:00+00:00,1.47,1.493,1.47,1.472,51.81
2025-10-31 04:00:00+00:00,1.494,1.518,1.494,1.518,19.32
2025-10-31 08:00:00+00:00,1.512,1.513,1.512,1.513,65.81
2025-10-31 12:00:00+00:00,1.487,1.525,1.487,1.525,75.65
2025-10-31 16:00:00+00:00,1.484,1.511,1.461,1.511,75.23
2025-10-31 20:00:00+00:00,1.509,1.51,1.506,1.506,4424.86
2025-11-01 00:00:00+00:00,1.514,1.541,1.514,1.541,169.98
2025-11-01 04:00:00+00:00,1.542,1.564,1.542,1.564,306.91
2025-11-01 08:00:00+00:00,1.565,1.638,1.556,1.636,731.0
2025-11-01 12:00:00+00:00,1.644,1.712,1.644,1.704,1791.83
2025-11-01 16:00:00+00:00,1.67,1.716,1.67,1.672,1128.29
2025-11-01 20:00:00+00:00,1.67,1.67,1.654,1.666,803.76
2025-11-02 00:00:00+00:00,1.666,1.682,1.666,1.674,190.56
2025-11-02 04:00:00+00:00,1.696,1.696,1.696,1.696,11.02
2025-11-02 08:00:00+00:00,1.709,1.791,1.705,1.72,5716.85
2025-11-02 12:00:00+00:00,1.72,1.72,1.627,1.627,314.24
2025-11-02 16:00:00+00:00,1.619,1.651,1.618,1.643,96.56
2025-11-02 20:00:00+00:00,1.664,1.664,1.664,1.664,13.32
2025-11-03 00:00:00+00:00,1.664,1.664,1.582,1.582,392.96
2025-11-03 04:00:00+00:00,1.578,1.578,1.487,1.527,1295.1
2025-11-03 08:00:00+00:00,1.54,1.542,1.502,1.539,374.36
2025-11-03 12:00:00+00:00,1.539,1.556,1.461,1.462,118.94
2025-11-03 16:00:00+00:00,1.461,1.517,1.438,1.438,4229.67
2025-11-03 20:00:00+00:00,1.431,1.463,1.398,1.463,343.17
2025-11-04 00:00:00+00:00,1.423,1.518,1.423,1.518,670.03
2025-11-04 04:00:00+00:00,1.52,1.55,1.439,1.461,1071.87
2025-11-04 08:00:00+00:00,1.445,1.479,1.445,1.479,14.16
2025-11-04 12:00:00+00:00,1.439,1.487,1.421,1.465,423.97
2025-11-04 16:00:00+00:00,1.442,1.442,1.333,1.351,1382.3
2025-11-04 20:00:00+00:00,1.333,1.378,1.267,1.378,126.57
2025-11-05 00:00:00+00:00,1.377,1.392,1.314,1.392,601.19
2025-11-05 04:00:00+00:00,1.392,1.392,1.386,1.386,145.65
2025-11-05 08:00:00+00:00,1.364,1.394,1.34,1.394,127.9
2025-11-05 12:00:00+00:00,1.352,1.352,1.35,1.35,38.18
2025-11-05 16:00:00+00:00,1.368,1.418,1.368,1.418,383.15
2025-11-05 20:00:00+00:00,1.418,1.418,1.374,1.389,648.66
2025-11-06 00:00:00+00:00,1.389,1.389,1.303,1.318,373.05
2025-11-06 04:00:00+00:00,1.318,1.318,1.318,1.318,0.0
2025-11-06 08:00:00+00:00,1.316,1.357,1.31,1.357,177.39
2025-11-06 12:00:00+00:00,1.376,1.376,1.376,1.376,7.43
2025-11-06 16:00:00+00:00,1.419,2.406,1.367,2.318,5127.29
2025-11-06 20:00:00+00:00,2.318,2.318,1.85,1.895,649.01
2025-11-07 00:00:00+00:00,2.004,2.385,1.944,2.167,915.05
2025-11-07 04:00:00+00:00,2.167,2.385,2.02,2.147,2168.96
2025-11-07 08:00:00+00:00,2.147,2.385,2.031,2.384,318.1
2025-11-07 12:00:00+00:00,2.384,2.5,1.993,2.5,3671.18
2025-11-07 16:00:00+00:00,2.5,4.437,2.5,3.102,38408.35
2025-11-07 20:00:00+00:00,3.103,4.46,2.82,3.26,9464.24
2025-11-08 00:00:00+00:00,3.331,3.785,3.063,3.063,5845.06
2025-11-08 04:00:00+00:00,3.321,3.369,3.02,3.316,2999.47
2025-11-08 08:00:00+00:00,3.109,3.581,3.006,3.153,4867.97
2025-11-08 12:00:00+00:00,3.383,3.535,2.924,2.924,4709.67
2025-11-08 16:00:00+00:00,2.831,2.978,2.739,2.83,6528.89
2025-11-08 20:00:00+00:00,2.83,3.148,2.5,2.962,9741.06
2025-11-09 00:00:00+00:00,2.964,2.964,2.561,2.561,13478.8
2025-11-09 04:00:00+00:00,2.56,2.632,2.452,2.614,14729.19
2025-11-09 08:00:00+00:00,2.663,2.716,2.496,2.716,1006.0
2025-11-09 12:00:00+00:00,2.637,2.868,2.637,2.68,11548.0
2025-11-09 16:00:00+00:00,2.684,2.877,2.651,2.877,1185.3
2025-11-09 20:00:00+00:00,2.87,2.962,2.833,2.844,10084.92
2025-11-10 00:00:00+00:00,2.844,2.873,2.644,2.838,6907.17
2025-11-10 04:00:00+00:00,2.838,2.963,2.694,2.963,1618.87
2025-11-10 08:00:00+00:00,2.96,2.96,2.96,2.96,351.88
2025-11-10 12:00:00+00:00,2.96,2.963,2.96,2.96,31.23
2025-11-10 16:00:00+00:00,2.96,3.245,2.491,2.506,546.14
2025-11-10 20:00:00+00:00,2.93,2.931,2.93,2.931,11.03
2025-11-11 00:00:00+00:00,2.514,2.899,2.513,2.59,462.9
2025-11-11 04:00:00+00:00,2.894,2.9,2.53,2.9,725.86
2025-11-11 08:00:00+00:00,2.9,2.9,2.9,2.9,156.7
2025-11-11 12:00:00+00:00,2.9,2.9,2.9,2.9,0.0
2025-11-11 16:00:00+00:00,2.5,2.5,2.44,2.44,548.04
2025-11-11 20:00:00+00:00,2.44,2.44,2.44,2.44,1.09
2025-11-12 00:00:00+00:00,2.5,2.5,2.5,2.5,30.96
2025-11-12 04:00:00+00:00,2.5,2.5,2.5,2.5,0.0
2025-11-12 08:00:00+00:00,2.5,2.5,2.44,2.44,154.26
2025-11-12 12:00:00+00:00,2.44,2.44,2.41,2.41,171.74
2025-11-12 16:00:00+00:00,2.41,2.496,2.051,2.151,21074.52
2025-11-12 20:00:00+00:00,2.169,2.232,2.169,2.179,653.84
2025-11-13 00:00:00+00:00,2.18,2.252,2.176,2.2,1357.96
2025-11-13 04:00:00+00:00,2.251,2.252,2.17,2.17,82.68
2025-11-13 08:00:00+00:00,2.139,2.225,2.139,2.225,43.12
2025-11-13 12:00:00+00:00,2.172,2.172,2.172,2.172,5.98
2025-11-13 16:00:00+00:00,2.092,2.274,2.002,2.056,2727.42
2025-11-13 20:00:00+00:00,2.001,2.094,1.992,2.094,511.61
2025-11-14 00:00:00+00:00,2.104,2.124,2.104,2.124,2.66
2025-11-14 04:00:00+00:00,2.072,2.072,2.037,2.065,1610.45
2025-11-14 08:00:00+00:00,2.145,2.166,2.141,2.141,43.58
2025-11-14 12:00:00+00:00,2.036,2.073,2.0,2.01,441.67
2025-11-14 16:00:00+00:00,2.047,2.047,1.967,2.036,611.95
2025-11-14 20:00:00+00:00,1.961,2.038,1.911,1.999,1417.74
2025-11-15 00:00:00+00:00,2.0,2.077,2.0,2.077,223.26
2025-11-15 04:00:00+00:00,2.078,2.19,2.006,2.1,1717.96
2025-11-15 08:00:00+00:00,2.1,2.1,2.1,2.1,1138.84
2025-11-15 12:00:00+00:00,2.204,2.204,2.204,2.204,14.94
2025-11-15 16:00:00+00:00,2.204,2.206,2.204,2.206,98.87
2025-11-15 20:00:00+00:00,2.05,2.05,2.049,2.049,157.72
2025-11-16 00:00:00+00:00,2.204,2.204,2.001,2.001,172.43
2025-11-16 04:00:00+00:00,2.001,2.001,2.001,2.001,0.0
2025-11-16 08:00:00+00:00,2.022,2.099,2.02,2.02,452.44
2025-11-16 12:00:00+00:00,2.018,2.018,1.971,1.989,165.84
2025-11-16 16:00:00+00:00,1.934,1.956,1.88,1.955,460.66
2025-11-16 20:00:00+00:00,1.956,1.974,1.955,1.974,230.42
2025-11-17 00:00:00+00:00,1.975,2.1,1.957,1.957,1822.6
2025-11-17 04:00:00+00:00,1.957,1.957,1.957,1.957,0.0
2025-11-17 08:00:00+00:00,1.978,1.978,1.978,1.978,9.79
2025-11-17 12:00:00+00:00,2.024,2.024,1.907,2.004,1911.48
2025-11-17 16:00:00+00:00,2.024,2.159,1.946,2.128,1998.86
2025-11-17 20:00:00+00:00,2.062,2.085,1.986,2.01,2652.13
2025-11-18 00:00:00+00:00,2.01,2.203,2.01,2.085,8271.76
2025-11-18 04:00:00+00:00,2.067,2.09,1.98,2.015,1482.73
2025-11-18 08:00:00+00:00,1.98,1.98,1.891,1.944,302.29
2025-11-18 12:00:00+00:00,1.934,1.995,1.921,1.957,229.66
2025-11-18 16:00:00+00:00,1.997,2.023,1.985,1.985,379.29
2025-11-18 20:00:00+00:00,2.031,2.035,1.91,2.02,1732.32
2025-11-19 00:00:00+00:00,2.003,2.004,1.921,1.921,866.55
2025-11-19 04:00:00+00:00,1.92,1.975,1.812,1.878,3395.57
2025-11-19 08:00:00+00:00,1.896,1.932,1.887,1.887,49.78
2025-11-19 12:00:00+00:00,1.834,1.866,1.834,1.866,97.69
2025-11-19 16:00:00+00:00,1.831,1.831,1.77,1.786,1229.13
2025-11-19 20:00:00+00:00,1.771,1.975,1.761,1.975,164.81
2025-11-20 00:00:00+00:00,1.889,2.8,1.889,1.891,8612.77
2025-11-20 04:00:00+00:00,1.891,1.891,1.774,1.881,7394.46
2025-11-20 08:00:00+00:00,1.861,1.886,1.849,1.886,341.4
2025-11-20 12:00:00+00:00,1.806,1.892,1.798,1.864,4512.57
2025-11-20 16:00:00+00:00,1.788,1.806,1.76,1.786,1281.68
2025-11-20 20:00:00+00:00,1.796,1.83,1.796,1.83,619.1
2025-11-21 00:00:00+00:00,1.842,1.862,1.803,1.842,1669.07
2025-11-21 04:00:00+00:00,1.766,1.789,1.6,1.661,6239.67
2025-11-21 08:00:00+00:00,1.67,1.681,1.578,1.588,592.21
2025-11-21 12:00:00+00:00,1.606,1.683,1.606,1.683,351.25
2025-11-21 16:00:00+00:00,1.699,1.699,1.699,1.699,1.33
2025-11-21 20:00:00+00:00,1.665,1.698,1.664,1.664,362.7
2025-11-22 00:00:00+00:00,1.656,1.684,1.61,1.61,198.44
2025-11-22 04:00:00+00:00,1.596,1.6,1.596,1.6,13.03
2025-11-22 08:00:00+00:00,1.595,1.595,1.595,1.595,152.17
2025-11-22 12:00:00+00:00,1.595,1.599,1.585,1.599,167.85
2025-11-22 16:00:00+00:00,1.613,1.613,1.58,1.58,53.53
2025-11-22 20:00:00+00:00,1.578,1.656,1.578,1.656,1160.63
2025-11-23 00:00:00+00:00,1.596,1.66,1.596,1.66,104.41
2025-11-23 04:00:00+00:00,1.674,1.688,1.674,1.688,36.99
2025-11-23 08:00:00+00:00,1.688,1.688,1.688,1.688,0.0
2025-11-23 12:00:00+00:00,1.694,1.694,1.694,1.694,52.24
2025-11-23 16:00:00+00:00,1.646,1.646,1.628,1.628,75.02
2025-11-23 20:00:00+00:00,1.688,1.688,1.62,1.629,847.56
2025-11-24 00:00:00+00:00,1.626,1.66,1.626,1.65,1789.43
2025-11-24 04:00:00+00:00,1.65,1.65,1.65,1.65,0.0
2025-11-24 08:00:00+00:00,1.65,1.65,1.64,1.64,71.55
2025-11-24 12:00:00+00:00,1.64,1.64,1.64,1.64,0.0
2025-11-24 16:00:00+00:00,1.703,1.713,1.703,1.713,291.15
2025-11-24 20:00:00+00:00,1.713,1.713,1.713,1.713,0.0
2025-11-25 00:00:00+00:00,1.697,1.698,1.629,1.629,683.42
2025-11-25 04:00:00+00:00,1.602,1.628,1.602,1.628,350.4
2025-11-25 08:00:00+00:00,1.6,1.656,1.6,1.656,328.49
2025-11-25 12:00:00+00:00,1.6,1.6,1.6,1.6,1779.44
2025-11-25 16:00:00+00:00,1.612,1.715,1.612,1.633,353.41
2025-11-25 20:00:00+00:00,1.633,1.633,1.633,1.633,0.0
2025-11-26 00:00:00+00:00,1.633,1.633,1.633,1.633,0.0
2025-11-26 04:00:00+00:00,1.633,1.633,1.633,1.633,17.96
2025-11-26 08:00:00+00:00,1.619,1.693,1.618,1.681,134.21
2025-11-26 12:00:00+00:00,1.577,1.661,1.577,1.661,447.45
2025-11-26 16:00:00+00:00,1.733,1.733,1.733,1.733,14.38
2025-11-26 20:00:00+00:00,1.7,1.714,1.69,1.714,678.2
2025-11-27 00:00:00+00:00,1.714,1.714,1.714,1.714,0.0
2025-11-27 04:00:00+00:00,1.71,1.732,1.7,1.732,358.05
2025-11-27 08:00:00+00:00,1.7,1.7,1.68,1.68,712.01
2025-11-27 12:00:00+00:00,1.695,1.695,1.68,1.68,23.42
2025-11-27 16:00:00+00:00,1.68,1.68,1.68,1.68,0.0
2025-11-27 20:00:00+00:00,1.68,1.68,1.68,1.68,0.0
2025-11-28 00:00:00+00:00,1.68,1.68,1.68,1.68,83.47
2025-11-28 04:00:00+00:00,1.683,1.684,1.683,1.684,106.61
2025-11-28 08:00:00+00:00,1.68,1.68,1.68,1.68,52.24
2025-11-28 12:00:00+00:00,1.735,1.735,1.735,1.735,11.5
2025-11-28 16:00:00+00:00,1.727,1.728,1.727,1.728,16.94
2025-11-28 20:00:00+00:00,1.728,1.728,1.728,1.728,0.0
2025-11-29 00:00:00+00:00,1.728,1.728,1.728,1.728,0.0
2025-11-29 04:00:00+00:00,1.711,1.763,1.711,1.722,80.24
2025-11-29 08:00:00+00:00,1.722,1.722,1.722,1.722,0.0
2025-11-29 12:00:00+00:00,1.722,1.722,1.722,1.722,0.0
2025-11-29 16:00:00+00:00,1.722,1.722,1.722,1.722,0.0
2025-11-29 20:00:00+00:00,1.704,1.704,1.68,1.68,37.41
2025-11-30 00:00:00+00:00,1.68,1.68,1.68,1.68,0.0
2025-11-30 04:00:00+00:00,1.68,1.68,1.68,1.68,0.0
2025-11-30 08:00:00+00:00,1.68,1.68,1.68,1.68,0.0
2025-11-30 12:00:00+00:00,1.609,1.678,1.609,1.678,119.96
2025-11-30 16:00:00+00:00,1.609,1.609,1.6,1.6,19.19
2025-11-30 20:00:00+00:00,1.669,1.669,1.6,1.6,420.11
2025-12-01 00:00:00+00:00,1.6,1.6,1.424,1.426,3939.16
2025-12-01 04:00:00+00:00,1.493,1.493,1.46,1.46,564.82
2025-12-01 08:00:00+00:00,1.503,1.503,1.5,1.5,19.93
2025-12-01 12:00:00+00:00,1.5,1.5,1.5,1.5,0.0
2025-12-01 16:00:00+00:00,1.422,1.486,1.422,1.486,64.57
2025-12-01 20:00:00+00:00,1.492,1.492,1.492,1.492,10.21
2025-12-02 00:00:00+00:00,1.513,1.513,1.513,1.513,6.59
2025-12-02 04:00:00+00:00,1.513,1.513,1.513,1.513,0.0
2025-12-02 08:00:00+00:00,1.513,1.513,1.513,1.513,0.0
2025-12-02 12:00:00+00:00,1.516,1.557,1.513,1.557,386.29
2025-12-02 16:00:00+00:00,1.496,1.496,1.496,1.496,6.43
2025-12-02 20:00:00+00:00,1.569,1.573,1.569,1.573,104.36
2025-12-03 00:00:00+00:00,1.501,1.501,1.5,1.501,68.32
2025-12-03 04:00:00+00:00,1.501,1.501,1.501,1.501,0.0
2025-12-03 08:00:00+00:00,1.531,1.599,1.531,1.599,20.83
2025-12-03 12:00:00+00:00,1.616,1.616,1.519,1.519,19.13
2025-12-03 16:00:00+00:00,1.519,1.519,1.519,1.519,0.0
2025-12-03 20:00:00+00:00,1.54,1.617,1.539,1.571,347.07
2025-12-04 00:00:00+00:00,1.61,1.61,1.61,1.61,90.77
2025-12-04 04:00:00+00:00,1.61,1.61,1.61,1.61,0.0
2025-12-04 08:00:00+00:00,1.61,1.61,1.61,1.61,0.0
2025-12-04 12:00:00+00:00,1.61,1.61,1.61,1.61,0.0
2025-12-04 16:00:00+00:00,1.553,1.612,1.553,1.584,4275.62
2025-12-04 20:00:00+00:00,1.583,1.583,1.583,1.583,6.12
2025-12-05 00:00:00+00:00,1.583,1.583,1.583,1.583,0.0
2025-12-05 04:00:00+00:00,1.533,1.591,1.502,1.591,68.27
2025-12-05 08:00:00+00:00,1.591,1.591,1.591,1.591,0.0
2025-12-05 12:00:00+00:00,1.591,1.591,1.591,1.591,0.0
2025-12-05 16:00:00+00:00,1.502,1.568,1.446,1.493,1412.41
2025-12-05 20:00:00+00:00,1.434,1.483,1.432,1.483,504.6
2025-12-06 00:00:00+00:00,1.432,1.456,1.432,1.455,154.78
2025-12-06 04:00:00+00:00,1.495,1.495,1.495,1.495,13.33
2025-12-06 08:00:00+00:00,1.454,1.454,1.454,1.454,48.17
2025-12-06 12:00:00+00:00,1.495,1.495,1.495,1.495,3.33
2025-12-06 16:00:00+00:00,1.45,1.45,1.45,1.45,143.15
2025-12-06 20:00:00+00:00,1.45,1.45,1.45,1.45,0.0
2025-12-07 00:00:00+00:00,1.499,1.566,1.499,1.564,1008.87
2025-12-07 04:00:00+00:00,1.563,1.563,1.563,1.563,51.62
2025-12-07 08:00:00+00:00,1.563,1.563,1.563,1.563,0.0
2025-12-07 12:00:00+00:00,1.504,1.504,1.48,1.48,6.5
2025-12-07 16:00:00+00:00,1.48,1.48,1.48,1.48,0.0
2025-12-07 20:00:00+00:00,1.48,1.48,1.44,1.461,727.46
2025-12-08 00:00:00+00:00,1.44,1.483,1.44,1.483,185.69
2025-12-08 04:00:00+00:00,1.489,1.505,1.489,1.505,53.35
2025-12-08 08:00:00+00:00,1.52,1.52,1.48,1.483,25.75
2025-12-08 12:00:00+00:00,1.547,1.547,1.547,1.547,3.22
2025-12-08 16:00:00+00:00,1.544,1.545,1.544,1.545,15.49
2025-12-08 20:00:00+00:00,1.545,1.545,1.545,1.545,0.0
2025-12-09 00:00:00+00:00,1.545,1.545,1.545,1.545,0.0
2025-12-09 04:00:00+00:00,1.444,1.444,1.444,1.444,100.41
2025-12-09 08:00:00+00:00,1.527,1.527,1.527,1.527,13.06
2025-12-09 12:00:00+00:00,1.535,1.535,1.535,1.535,285.6
2025-12-09 16:00:00+00:00,1.536,1.597,1.503,1.58,1870.1
2025-12-09 20:00:00+00:00,1.552,1.552,1.552,1.552,322.17
2025-12-10 00:00:00+00:00,1.502,1.564,1.502,1.564,607.84
2025-12-10 04:00:00+00:00,1.5,1.5,1.5,1.5,5.12
2025-12-10 08:00:00+00:00,1.49,1.513,1.488,1.513,693.72
2025-12-10 12:00:00+00:00,1.525,1.525,1.523,1.523,655.61
2025-12-10 16:00:00+00:00,1.476,1.476,1.476,1.476,54.9
2025-12-10 20:00:00+00:00,1.548,1.548,1.475,1.532,314.43
2025-12-11 00:00:00+00:00,1.426,1.426,1.38,1.401,519.72
2025-12-11 04:00:00+00:00,1.382,1.382,1.382,1.382,21.21
2025-12-11 08:00:00+00:00,1.38,1.38,1.38,1.38,26.96
2025-12-11 12:00:00+00:00,1.355,1.387,1.355,1.387,31.07
2025-12-11 16:00:00+00:00,1.387,1.387,1.387,1.387,0.0
2025-12-11 20:00:00+00:00,1.392,1.392,1.392,1.392,10.93
2025-12-12 00:00:00+00:00,1.397,1.397,1.361,1.361,18.08
2025-12-12 04:00:00+00:00,1.397,1.397,1.361,1.361,94.85
2025-12-12 08:00:00+00:00,1.361,1.361,1.361,1.361,20.63
2025-12-12 12:00:00+00:00,1.361,1.361,1.36,1.36,519.72
2025-12-12 16:00:00+00:00,1.36,1.379,1.303,1.303,1478.53
2025-12-12 20:00:00+00:00,1.303,1.303,1.303,1.303,0.0
2025-12-13 00:00:00+00:00,1.303,1.303,1.303,1.303,0.0
2025-12-13 04:00:00+00:00,1.359,1.359,1.359,1.359,36.68
2025-12-13 08:00:00+00:00,1.313,1.313,1.313,1.313,79.75
2025-12-13 12:00:00+00:00,1.321,1.355,1.321,1.355,3.44
2025-12-13 16:00:00+00:00,1.363,1.364,1.363,1.364,456.12
2025-12-13 20:00:00+00:00,1.315,1.315,1.315,1.315,18.46
2025-12-14 00:00:00+00:00,1.325,1.325,1.325,1.325,3.0
2025-12-14 04:00:00+00:00,1.325,1.325,1.325,1.325,0.0
2025-12-14 08:00:00+00:00,1.321,1.321,1.32,1.32,13.21
2025-12-14 12:00:00+00:00,1.371,1.371,1.3,1.3,34.29
2025-12-14 16:00:00+00:00,1.31,1.315,1.3,1.3,196.39
2025-12-14 20:00:00+00:00,1.301,1.301,1.3,1.3,107.38
2025-12-15 00:00:00+00:00,1.337,1.338,1.286,1.291,234.24
2025-12-15 04:00:00+00:00,1.291,1.291,1.291,1.291,0.0
2025-12-15 08:00:00+00:00,1.293,1.293,1.293,1.293,2.09
2025-12-15 12:00:00+00:00,1.346,1.346,1.262,1.262,31.93
2025-12-15 16:00:00+00:00,1.25,1.25,1.222,1.222,280.57
2025-12-15 20:00:00+00:00,1.222,1.26,1.18,1.26,261.69
2025-12-16 00:00:00+00:00,1.26,1.26,1.26,1.26,50.0
2025-12-16 04:00:00+00:00,1.206,1.206,1.206,1.206,20.3
2025-12-16 08:00:00+00:00,1.276,1.294,1.272,1.294,38.95
2025-12-16 12:00:00+00:00,1.294,1.294,1.294,1.294,0.0
2025-12-16 16:00:00+00:00,1.294,1.294,1.294,1.294,0.0
2025-12-16 20:00:00+00:00,1.288,1.288,1.287,1.288,223.11
2025-12-17 00:00:00+00:00,1.296,1.303,1.296,1.303,37.71
2025-12-17 04:00:00+00:00,1.303,1.303,1.303,1.303,0.0
2025-12-17 08:00:00+00:00,1.304,1.304,1.262,1.283,211.18
2025-12-17 12:00:00+00:00,1.283,1.29,1.283,1.29,233.24
2025-12-17 16:00:00+00:00,1.262,1.263,1.262,1.263,78.96
2025-12-17 20:00:00+00:00,1.269,1.271,1.269,1.269,435.93
2025-12-18 00:00:00+00:00,1.23,1.253,1.23,1.253,107.98
2025-12-18 04:00:00+00:00,1.203,1.215,1.18,1.215,52.33
2025-12-18 08:00:00+00:00,1.239,1.239,1.239,1.239,2.43
2025-12-18 12:00:00+00:00,1.18,1.259,1.18,1.259,616.83
2025-12-18 16:00:00+00:00,1.18,1.238,1.125,1.158,1119.16
2025-12-18 20:00:00+00:00,1.194,1.2,1.194,1.2,71.16
2025-12-19 00:00:00+00:00,1.215,1.236,1.215,1.236,23.74
2025-12-19 04:00:00+00:00,1.208,1.25,1.208,1.25,389.97
2025-12-19 08:00:00+00:00,1.266,1.266,1.266,1.266,2.39
2025-12-19 12:00:00+00:00,1.269,1.28,1.242,1.242,53.08
2025-12-19 16:00:00+00:00,1.243,1.331,1.243,1.331,70.34
2025-12-19 20:00:00+00:00,1.349,1.349,1.273,1.342,687.21
2025-12-20 00:00:00+00:00,1.314,1.314,1.314,1.314,37.96
2025-12-20 04:00:00+00:00,1.314,1.314,1.314,1.314,0.0
2025-12-20 08:00:00+00:00,1.293,1.352,1.29,1.323,18.76
2025-12-20 12:00:00+00:00,1.29,1.29,1.29,1.29,1.56
2025-12-20 16:00:00+00:00,1.326,1.33,1.326,1.33,129.0
2025-12-20 20:00:00+00:00,1.359,1.385,1.359,1.385,38.2
2025-12-21 00:00:00+00:00,1.329,1.329,1.329,1.329,8.51
2025-12-21 04:00:00+00:00,1.309,1.353,1.309,1.353,198.51
2025-12-21 08:00:00+00:00,1.342,1.342,1.342,1.342,2.25
2025-12-21 12:00:00+00:00,1.305,1.338,1.267,1.267,209.65
2025-12-21 16:00:00+00:00,1.275,1.293,1.226,1.226,456.53
2025-12-21 20:00:00+00:00,1.232,1.232,1.232,1.232,3274.27
2025-12-22 00:00:00+00:00,1.281,1.285,1.251,1.251,142.73
2025-12-22 04:00:00+00:00,1.333,1.333,1.333,1.333,7.48
2025-12-22 08:00:00+00:00,1.331,1.331,1.331,1.331,17.6
2025-12-22 12:00:00+00:00,1.331,1.331,1.331,1.331,0.0
2025-12-22 16:00:00+00:00,1.331,1.331,1.331,1.331,0.0
2025-12-22 20:00:00+00:00,1.255,1.255,1.254,1.254,46.0
2025-12-23 00:00:00+00:00,1.266,1.313,1.213,1.313,76.59
2025-12-23 04:00:00+00:00,1.257,1.257,1.257,1.257,10.0
2025-12-23 08:00:00+00:00,1.236,1.288,1.236,1.288,11.3
2025-12-23 12:00:00+00:00,1.289,1.314,1.262,1.314,6704.46
2025-12-23 16:00:00+00:00,1.314,1.348,1.314,1.348,99.27
2025-12-23 20:00:00+00:00,1.291,1.299,1.289,1.299,366.78
2025-12-24 00:00:00+00:00,1.372,1.372,1.37,1.37,9.44
2025-12-24 04:00:00+00:00,1.347,1.347,1.347,1.347,5.0
2025-12-24 08:00:00+00:00,1.307,1.307,1.3,1.3,29.15
2025-12-24 12:00:00+00:00,1.314,1.332,1.251,1.332,17.54
2025-12-24 16:00:00+00:00,1.332,1.332,1.332,1.332,0.0
2025-12-24 20:00:00+00:00,1.251,1.251,1.251,1.251,31.2
2025-12-25 00:00:00+00:00,1.251,1.251,1.251,1.251,0.0
2025-12-25 04:00:00+00:00,1.251,1.251,1.251,1.251,0.0
2025-12-25 08:00:00+00:00,1.252,1.28,1.252,1.28,25.97
2025-12-25 12:00:00+00:00,1.251,1.308,1.25,1.304,611.12
2025-12-25 16:00:00+00:00,1.252,1.252,1.252,1.252,9.02
2025-12-25 20:00:00+00:00,1.24,1.309,1.212,1.212,88.14
2025-12-26 00:00:00+00:00,1.259,1.259,1.246,1.246,11.61
2025-12-26 04:00:00+00:00,1.246,1.246,1.24,1.24,138.27
2025-12-26 08:00:00+00:00,1.24,1.28,1.24,1.28,13.65
2025-12-26 12:00:00+00:00,1.24,1.24,1.24,1.24,22.5
2025-12-26 16:00:00+00:00,1.237,1.259,1.204,1.214,298.18
2025-12-26 20:00:00+00:00,1.245,1.245,1.214,1.214,50.41
2025-12-27 00:00:00+00:00,1.249,1.273,1.218,1.273,17.76
2025-12-27 04:00:00+00:00,1.212,1.266,1.202,1.202,24.51
2025-12-27 08:00:00+00:00,1.216,1.273,1.208,1.208,6.21
2025-12-27 12:00:00+00:00,1.208,1.208,1.208,1.208,0.0
2025-12-27 16:00:00+00:00,1.202,1.202,1.202,1.202,38.08
2025-12-27 20:00:00+00:00,1.216,1.317,1.216,1.317,43.67
2025-12-28 00:00:00+00:00,1.266,1.266,1.266,1.266,4.97
2025-12-28 04:00:00+00:00,1.332,1.361,1.319,1.319,34.95
2025-12-28 08:00:00+00:00,1.321,1.372,1.321,1.369,13.51
2025-12-28 12:00:00+00:00,1.369,1.369,1.369,1.369,2.0
2025-12-28 16:00:00+00:00,1.319,1.346,1.307,1.307,48.44
2025-12-28 20:00:00+00:00,1.375,1.375,1.364,1.365,82.67
2025-12-29 00:00:00+00:00,1.367,1.367,1.367,1.367,18.5
2025-12-29 04:00:00+00:00,1.367,1.367,1.367,1.367,0.0
2025-12-29 08:00:00+00:00,1.379,1.379,1.379,1.379,2.19
2025-12-29 12:00:00+00:00,1.375,1.375,1.375,1.375,15.08
2025-12-29 16:00:00+00:00,1.317,1.319,1.317,1.319,539.54
2025-12-29 20:00:00+00:00,1.319,1.358,1.283,1.283,286.3
2025-12-30 00:00:00+00:00,1.283,1.32,1.283,1.32,45.35
2025-12-30 04:00:00+00:00,1.31,1.31,1.31,1.31,151.93
2025-12-30 08:00:00+00:00,1.32,1.337,1.287,1.337,2330.0
2025-12-30 12:00:00+00:00,1.337,1.337,1.337,1.337,0.0
2025-12-30 16:00:00+00:00,1.335,1.335,1.335,1.335,149.54
2025-12-30 20:00:00+00:00,1.285,1.329,1.285,1.329,295.67
2025-12-31 00:00:00+00:00,1.342,1.342,1.342,1.342,49.08
2025-12-31 04:00:00+00:00,1.342,1.342,1.342,1.342,0.0
2025-12-31 08:00:00+00:00,1.371,1.371,1.371,1.371,2.21
2025-12-31 12:00:00+00:00,1.35,1.35,1.293,1.293,84.96
2025-12-31 16:00:00+00:00,1.288,1.291,1.265,1.291,90.26
2025-12-31 20:00:00+00:00,1.291,1.311,1.291,1.299,776.65
2026-01-01 00:00:00+00:00,1.318,1.318,1.265,1.28,671.66
2026-01-01 04:00:00+00:00,1.28,1.28,1.28,1.28,0.0
2026-01-01 08:00:00+00:00,1.269,1.319,1.269,1.319,3.64
2026-01-01 12:00:00+00:00,1.32,1.509,1.32,1.474,4310.75
2026-01-01 16:00:00+00:00,1.515,1.557,1.514,1.514,10654.04
2026-01-01 20:00:00+00:00,1.514,1.514,1.51,1.51,733.08
2026-01-02 00:00:00+00:00,1.461,1.461,1.461,1.461,7.05
2026-01-02 04:00:00+00:00,1.451,1.451,1.451,1.451,689.18
2026-01-02 08:00:00+00:00,1.484,1.484,1.456,1.467,44.65
2026-01-02 12:00:00+00:00,1.46,1.46,1.46,1.46,6.86
2026-01-02 16:00:00+00:00,1.444,1.478,1.444,1.477,536.41
2026-01-02 20:00:00+00:00,1.478,1.49,1.463,1.463,193.21
2026-01-03 00:00:00+00:00,1.5,1.569,1.488,1.544,2984.21
2026-01-03 04:00:00+00:00,1.542,1.542,1.513,1.513,375.81
2026-01-03 08:00:00+00:00,1.469,1.497,1.469,1.491,107.78
2026-01-03 12:00:00+00:00,1.463,1.501,1.456,1.501,104.17
2026-01-03 16:00:00+00:00,1.498,1.505,1.498,1.505,344.87
2026-01-03 20:00:00+00:00,1.477,1.499,1.462,1.462,11.99
2026-01-04 00:00:00+00:00,1.533,1.533,1.533,1.533,13.22
2026-01-04 04:00:00+00:00,1.533,1.533,1.533,1.533,0.0
2026-01-04 08:00:00+00:00,1.472,1.531,1.472,1.531,11.14
2026-01-04 12:00:00+00:00,1.464,1.533,1.464,1.533,55.4
2026-01-04 16:00:00+00:00,1.529,1.531,1.462,1.531,225.56
2026-01-04 20:00:00+00:00,1.51,1.51,1.51,1.51,18.86
2026-01-05 00:00:00+00:00,1.535,1.536,1.488,1.488,41.54
2026-01-05 04:00:00+00:00,1.488,1.535,1.475,1.475,99.34
2026-01-05 08:00:00+00:00,1.527,1.527,1.525,1.525,89.71
2026-01-05 12:00:00+00:00,1.536,1.658,1.536,1.648,2354.76
2026-01-05 16:00:00+00:00,1.659,1.679,1.561,1.593,590.19
2026-01-05 20:00:00+00:00,1.557,1.623,1.551,1.623,43.06
2026-01-06 00:00:00+00:00,1.55,1.603,1.55,1.603,83.94
2026-01-06 04:00:00+00:00,1.622,1.622,1.609,1.609,61.82
2026-01-06 08:00:00+00:00,1.606,1.606,1.606,1.606,1.88
2026-01-06 12:00:00+00:00,1.606,1.635,1.555,1.633,243.49
2026-01-06 16:00:00+00:00,1.597,1.618,1.548,1.605,790.73
2026-01-06 20:00:00+00:00,1.605,1.605,1.605,1.605,0.0
2026-01-07 00:00:00+00:00,1.605,1.605,1.537,1.605,161.51
2026-01-07 04:00:00+00:00,1.532,1.612,1.513,1.601,74.46
2026-01-07 08:00:00+00:00,1.615,1.615,1.591,1.591,18.64
2026-01-07 12:00:00+00:00,1.555,1.59,1.505,1.545,213.59
2026-01-07 16:00:00+00:00,1.545,1.545,1.545,1.545,0.0
2026-01-07 20:00:00+00:00,1.545,1.545,1.545,1.545,0.0
2026-01-08 00:00:00+00:00,1.545,1.545,1.545,1.545,0.0
2026-01-08 04:00:00+00:00,1.476,1.476,1.475,1.475,94.9
2026-01-08 08:00:00+00:00,1.521,1.534,1.5,1.5,21.09
2026-01-08 12:00:00+00:00,1.5,1.5,1.5,1.5,0.0
2026-01-08 16:00:00+00:00,1.531,1.531,1.531,1.531,13.04
2026-01-08 20:00:00+00:00,1.531,1.531,1.531,1.531,0.0
2026-01-09 00:00:00+00:00,1.531,1.531,1.531,1.531,0.0
2026-01-09 04:00:00+00:00,1.515,1.528,1.515,1.528,69.62
2026-01-09 08:00:00+00:00,1.512,1.521,1.51,1.52,48.22
2026-01-09 12:00:00+00:00,1.52,1.52,1.52,1.52,0.0
2026-01-09 16:00:00+00:00,1.529,1.535,1.529,1.535,20.18
2026-01-09 20:00:00+00:00,1.513,1.513,1.513,1.513,83.83
2026-01-10 00:00:00+00:00,1.513,1.513,1.513,1.513,0.0
2026-01-10 04:00:00+00:00,1.513,1.513,1.513,1.513,0.0
2026-01-10 08:00:00+00:00,1.505,1.517,1.505,1.517,448.29
2026-01-10 12:00:00+00:00,1.519,1.519,1.519,1.519,65.71
2026-01-10 16:00:00+00:00,1.519,1.519,1.519,1.519,0.0
2026-01-10 20:00:00+00:00,1.519,1.519,1.519,1.519,0.0
2026-01-11 00:00:00+00:00,1.519,1.519,1.519,1.519,0.0
2026-01-11 04:00:00+00:00,1.462,1.462,1.462,1.462,77.4
2026-01-11 08:00:00+00:00,1.466,1.509,1.466,1.504,11.48
2026-01-11 12:00:00+00:00,1.504,1.504,1.504,1.504,3613.57
2026-01-11 16:00:00+00:00,1.48,1.518,1.48,1.518,4266.9
2026-01-11 20:00:00+00:00,1.462,1.462,1.445,1.445,141.0
2026-01-12 00:00:00+00:00,1.44,1.44,1.44,1.44,5.9
2026-01-12 04:00:00+00:00,1.44,1.44,1.44,1.44,0.0
2026-01-12 08:00:00+00:00,1.433,1.524,1.432,1.516,63.24
2026-01-12 12:00:00+00:00,1.51,1.51,1.51,1.51,1.33
2026-01-12 16:00:00+00:00,1.51,1.51,1.51,1.51,0.0
2026-01-12 20:00:00+00:00,1.5,1.5,1.5,1.5,6500.0
2026-01-13 00:00:00+00:00,1.444,1.479,1.444,1.479,60.29
2026-01-13 04:00:00+00:00,1.46,1.521,1.451,1.454,2173.74
2026-01-13 08:00:00+00:00,1.448,1.521,1.448,1.503,81.57
2026-01-13 12:00:00+00:00,1.528,1.57,1.528,1.57,192.14
2026-01-13 16:00:00+00:00,1.543,1.543,1.507,1.507,42.65
2026-01-13 20:00:00+00:00,1.558,1.595,1.513,1.515,483.72
2026-01-14 00:00:00+00:00,1.595,1.595,1.595,1.595,319.64
2026-01-14 04:00:00+00:00,1.594,1.594,1.594,1.594,1.26
2026-01-14 08:00:00+00:00,1.594,1.595,1.593,1.595,118.49
2026-01-14 12:00:00+00:00,1.596,1.631,1.596,1.631,1419.78
2026-01-14 16:00:00+00:00,1.637,1.643,1.553,1.603,635.03
2026-01-14 20:00:00+00:00,1.615,1.616,1.553,1.553,166.55
2026-01-15 00:00:00+00:00,1.617,1.673,1.512,1.512,2669.42
2026-01-15 04:00:00+00:00,1.516,1.587,1.516,1.587,7840.03
2026-01-15 08:00:00+00:00,1.587,1.587,1.587,1.587,1.9
2026-01-15 12:00:00+00:00,1.6,1.6,1.506,1.506,107.31
2026-01-15 16:00:00+00:00,1.503,1.545,1.476,1.527,139.1
2026-01-15 20:00:00+00:00,1.454,1.454,1.454,1.454,30.04
2026-01-16 00:00:00+00:00,1.478,1.565,1.456,1.565,164.58
2026-01-16 04:00:00+00:00,1.565,1.565,1.565,1.565,155.46
2026-01-16 08:00:00+00:00,1.545,1.545,1.545,1.545,1.96
2026-01-16 12:00:00+00:00,1.503,1.503,1.503,1.503,14.44
2026-01-16 16:00:00+00:00,1.476,1.531,1.476,1.524,149.37
2026-01-16 20:00:00+00:00,1.524,1.536,1.524,1.535,1091.21
2026-01-17 00:00:00+00:00,1.547,1.553,1.477,1.549,113.19
2026-01-17 04:00:00+00:00,1.549,1.549,1.549,1.549,0.0
2026-01-17 08:00:00+00:00,1.565,1.578,1.565,1.578,16.34
2026-01-17 12:00:00+00:00,1.581,1.583,1.581,1.583,23.5
2026-01-17 16:00:00+00:00,1.583,1.583,1.583,1.583,0.0
2026-01-17 20:00:00+00:00,1.583,1.583,1.583,1.583,0.0
2026-01-18 00:00:00+00:00,1.582,1.582,1.582,1.582,31.6
2026-01-18 04:00:00+00:00,1.582,1.582,1.582,1.582,194.69
2026-01-18 08:00:00+00:00,1.582,1.582,1.518,1.554,78.14
2026-01-18 12:00:00+00:00,1.561,1.561,1.518,1.541,44.26
2026-01-18 16:00:00+00:00,1.541,1.541,1.541,1.541,0.0
2026-01-18 20:00:00+00:00,1.503,1.503,1.453,1.453,62.65
2026-01-19 00:00:00+00:00,1.428,1.428,1.27,1.367,1511.62
2026-01-19 04:00:00+00:00,1.387,1.399,1.367,1.399,64.59
2026-01-19 08:00:00+00:00,1.396,1.396,1.37,1.381,36.52
2026-01-19 12:00:00+00:00,1.381,1.381,1.381,1.381,0.0
2026-01-19 16:00:00+00:00,1.343,1.402,1.343,1.402,460.48
2026-01-19 20:00:00+00:00,1.388,1.388,1.388,1.388,104.1
2026-01-20 00:00:00+00:00,1.347,1.402,1.347,1.347,191.74
2026-01-20 04:00:00+00:00,1.347,1.347,1.347,1.347,0.0
2026-01-20 08:00:00+00:00,1.346,1.357,1.333,1.355,25.22
2026-01-20 12:00:00+00:00,1.355,1.355,1.355,1.355,0.0
2026-01-20 16:00:00+00:00,1.315,1.315,1.315,1.315,16.51
2026-01-20 20:00:00+00:00,1.319,1.364,1.301,1.301,265.77
2026-01-21 00:00:00+00:00,1.364,1.364,1.297,1.335,53.39
2026-01-21 04:00:00+00:00,1.335,1.335,1.335,1.335,0.0
2026-01-21 08:00:00+00:00,1.335,1.364,1.335,1.364,7.93
2026-01-21 12:00:00+00:00,1.361,1.361,1.293,1.293,28.27
2026-01-21 16:00:00+00:00,1.361,1.364,1.318,1.364,448.3
2026-01-21 20:00:00+00:00,1.369,1.371,1.321,1.371,132.43
2026-01-22 00:00:00+00:00,1.371,1.371,1.371,1.371,0.0
2026-01-22 04:00:00+00:00,1.371,1.371,1.371,1.371,0.0
2026-01-22 08:00:00+00:00,1.373,1.373,1.373,1.373,2.2
2026-01-22 12:00:00+00:00,1.315,1.315,1.315,1.315,16.51
2026-01-22 16:00:00+00:00,1.305,1.367,1.305,1.367,10.09
2026-01-22 20:00:00+00:00,1.367,1.367,1.367,1.367,0.0
2026-01-23 00:00:00+00:00,1.307,1.359,1.307,1.359,15.42
2026-01-23 04:00:00+00:00,1.364,1.365,1.364,1.365,116.61
2026-01-23 08:00:00+00:00,1.358,1.367,1.315,1.367,30.37
2026-01-23 12:00:00+00:00,1.31,1.322,1.31,1.322,28.26
2026-01-23 16:00:00+00:00,1.307,1.355,1.295,1.341,48.77
2026-01-23 20:00:00+00:00,1.305,1.305,1.294,1.294,332.43
2026-01-24 00:00:00+00:00,1.294,1.294,1.294,1.294,0.0
2026-01-24 04:00:00+00:00,1.294,1.294,1.294,1.294,0.0
2026-01-24 08:00:00+00:00,1.291,1.333,1.291,1.333,26.87
2026-01-24 12:00:00+00:00,1.333,1.333,1.333,1.333,0.0
2026-01-24 16:00:00+00:00,1.333,1.333,1.333,1.333,0.0
2026-01-24 20:00:00+00:00,1.333,1.333,1.333,1.333,0.0
2026-01-25 00:00:00+00:00,1.333,1.333,1.333,1.333,0.0
2026-01-25 04:00:00+00:00,1.333,1.333,1.333,1.333,0.0
2026-01-25 08:00:00+00:00,1.325,1.325,1.325,1.325,2.28
2026-01-25 12:00:00+00:00,1.325,1.325,1.325,1.325,0.0
2026-01-25 16:00:00+00:00,1.274,1.283,1.22,1.22,265.98
2026-01-25 20:00:00+00:00,1.24,1.255,1.24,1.255,192.07
2026-01-26 00:00:00+00:00,1.214,1.266,1.214,1.266,256.27
2026-01-26 04:00:00+00:00,1.266,1.266,1.266,1.266,228.15
2026-01-26 08:00:00+00:00,1.279,1.28,1.277,1.277,176.7
2026-01-26 12:00:00+00:00,1.234,1.287,1.234,1.287,80.66
2026-01-26 16:00:00+00:00,1.296,1.296,1.251,1.251,77.6
2026-01-26 20:00:00+00:00,1.251,1.251,1.251,1.251,0.0
2026-01-27 00:00:00+00:00,1.251,1.251,1.251,1.251,1928.53
2026-01-27 04:00:00+00:00,1.251,1.279,1.251,1.279,36.03
2026-01-27 08:00:00+00:00,1.244,1.279,1.244,1.279,228.05
2026-01-27 12:00:00+00:00,1.276,1.276,1.276,1.276,15.66
2026-01-27 16:00:00+00:00,1.246,1.281,1.246,1.281,1984.11
2026-01-27 20:00:00+00:00,1.244,1.296,1.244,1.296,873.48
2026-01-28 00:00:00+00:00,1.296,1.296,1.296,1.296,0.0
2026-01-28 04:00:00+00:00,1.275,1.276,1.275,1.276,278.61
2026-01-28 08:00:00+00:00,1.296,1.296,1.296,1.296,2.33
2026-01-28 12:00:00+00:00,1.286,1.286,1.286,1.286,15.53
2026-01-28 16:00:00+00:00,1.286,1.286,1.286,1.286,0.0
2026-01-28 20:00:00+00:00,1.286,1.286,1.286,1.286,0.0
2026-01-29 00:00:00+00:00,1.271,1.271,1.271,1.271,7.87
2026-01-29 04:00:00+00:00,1.297,1.297,1.297,1.297,77.04
2026-01-29 08:00:00+00:00,1.232,1.247,1.231,1.245,36.43
2026-01-29 12:00:00+00:00,1.228,1.228,1.15,1.15,274.51
2026-01-29 16:00:00+00:00,1.199,1.231,1.16,1.172,10681.21
2026-01-29 20:00:00+00:00,1.198,1.198,1.198,1.198,6.03
2026-01-30 00:00:00+00:00,1.207,1.207,1.14,1.17,78.93
2026-01-30 04:00:00+00:00,1.17,1.17,1.16,1.16,429.0
2026-01-30 08:00:00+00:00,1.156,1.176,1.156,1.176,33.69
2026-01-30 12:00:00+00:00,1.176,1.176,1.176,1.176,0.0
2026-01-30 16:00:00+00:00,1.185,1.198,1.15,1.192,1910.67
2026-01-30 20:00:00+00:00,1.162,1.191,1.162,1.191,99.05
2026-01-31 00:00:00+00:00,1.156,1.187,1.15,1.153,308.9
2026-01-31 04:00:00+00:00,1.15,1.152,1.15,1.152,99.79
2026-01-31 08:00:00+00:00,1.151,1.159,1.139,1.159,84.1
2026-01-31 12:00:00+00:00,1.139,1.139,1.053,1.053,1028.48
2026-01-31 16:00:00+00:00,1.084,1.104,0.951,1.018,2285.59
2026-01-31 20:00:00+00:00,1.015,1.064,1.015,1.064,65.63
2026-02-01 00:00:00+00:00,1.063,1.064,1.063,1.064,604.88
2026-02-01 04:00:00+00:00,1.037,1.037,1.037,1.037,1.16
2026-02-01 08:00:00+00:00,1.086,1.086,1.007,1.013,78.78
2026-02-01 12:00:00+00:00,1.029,1.079,1.029,1.079,25.7
2026-02-01 16:00:00+00:00,1.068,1.072,1.068,1.072,380.22
2026-02-01 20:00:00+00:00,1.06,1.06,1.019,1.019,48.83
2026-02-02 00:00:00+00:00,1.019,1.019,1.019,1.019,316.5
2026-02-02 04:00:00+00:00,1.028,1.069,1.028,1.069,120.28
2026-02-02 08:00:00+00:00,1.018,1.064,1.017,1.064,135.31
2026-02-02 12:00:00+00:00,1.072,1.072,1.059,1.059,730.54
2026-02-02 16:00:00+00:00,1.092,1.092,1.057,1.057,19.55
2026-02-02 20:00:00+00:00,1.092,1.092,1.035,1.092,147.56
2026-02-03 00:00:00+00:00,1.084,1.084,1.084,1.084,21.23
2026-02-03 04:00:00+00:00,1.085,1.119,1.057,1.119,86.0
2026-02-03 08:00:00+00:00,1.087,1.087,1.063,1.063,15.49
2026-02-03 12:00:00+00:00,1.067,1.104,1.067,1.101,54.06
2026-02-03 16:00:00+00:00,1.043,1.045,1.023,1.045,240.83
2026-02-03 20:00:00+00:00,1.104,1.112,1.035,1.112,236.71
2026-02-04 00:00:00+00:00,1.112,1.112,1.112,1.112,0.0
2026-02-04 04:00:00+00:00,1.112,1.112,1.112,1.112,0.0
2026-02-04 08:00:00+00:00,1.112,1.112,1.077,1.077,26.53
2026-02-04 12:00:00+00:00,1.064,1.085,1.054,1.054,198.48
2026-02-04 16:00:00+00:00,1.027,1.05,1.027,1.049,373.89
2026-02-04 20:00:00+00:00,1.071,1.071,1.033,1.04,4679.91
2026-02-05 00:00:00+00:00,1.04,1.04,1.04,1.04,0.0
2026-02-05 04:00:00+00:00,1.04,1.04,1.04,1.04,0.0
2026-02-05 08:00:00+00:00,1.019,1.067,0.991,1.017,885.66
2026-02-05 12:00:00+00:00,0.99,1.03,0.95,0.95,633.04
2026-02-05 16:00:00+00:00,0.949,0.96,0.926,0.946,1623.05
2026-02-05 20:00:00+00:00,0.921,0.921,0.877,0.916,717.68
2026-02-06 00:00:00+00:00,0.873,0.91,0.757,0.876,2219.18
2026-02-06 04:00:00+00:00,0.868,0.915,0.868,0.915,46.83
2026-02-06 08:00:00+00:00,0.931,0.931,0.876,0.885,107.89
2026-02-06 12:00:00+00:00,0.871,0.953,0.871,0.953,664.29
2026-02-06 16:00:00+00:00,0.968,1.002,0.912,0.946,306.71
2026-02-06 20:00:00+00:00,0.946,0.946,0.946,0.946,0.0
2026-02-07 00:00:00+00:00,0.952,1.007,0.952,0.956,74.26
2026-02-07 04:00:00+00:00,0.95,0.95,0.95,0.95,105.26
2026-02-07 08:00:00+00:00,0.979,0.984,0.979,0.984,8.89
2026-02-07 12:00:00+00:00,0.996,0.996,0.945,0.988,62.55
2026-02-07 16:00:00+00:00,1.0,1.0,1.0,1.0,19.97
2026-02-07 20:00:00+00:00,0.988,0.988,0.988,0.988,70.7
2026-02-08 00:00:00+00:00,0.988,0.988,0.988,0.988,0.0
2026-02-08 04:00:00+00:00,0.974,0.974,0.974,0.974,102.61
2026-02-08 08:00:00+00:00,0.967,0.967,0.967,0.967,3.13
2026-02-08 12:00:00+00:00,0.941,0.977,0.941,0.977,158.35
2026-02-08 16:00:00+00:00,0.94,0.952,0.94,0.952,138.46
2026-02-08 20:00:00+00:00,0.943,0.944,0.917,0.917,151.27
2026-02-09 00:00:00+00:00,0.946,0.947,0.922,0.947,427.43
2026-02-09 04:00:00+00:00,0.947,0.947,0.947,0.947,0.0
2026-02-09 08:00:00+00:00,0.918,0.918,0.9,0.911,108.54
2026-02-09 12:00:00+00:00,0.893,0.914,0.858,0.862,570.52
2026-02-09 16:00:00+00:00,0.937,0.937,0.937,0.937,14.49
2026-02-09 20:00:00+00:00,0.9,0.954,0.9,0.954,16.5
2026-02-10 00:00:00+00:00,0.954,0.954,0.954,0.954,0.0
2026-02-10 04:00:00+00:00,0.954,0.954,0.954,0.954,0.0
2026-02-10 08:00:00+00:00,0.949,0.949,0.93,0.93,23.83
2026-02-10 12:00:00+00:00,0.924,0.937,0.922,0.935,224.02
2026-02-10 16:00:00+00:00,0.935,0.935,0.935,0.935,0.0
2026-02-10 20:00:00+00:00,0.935,0.935,0.935,0.935,0.0
2026-02-11 00:00:00+00:00,0.89,0.899,0.89,0.897,138.47
2026-02-11 04:00:00+00:00,0.88,0.88,0.88,0.88,569.0
2026-02-11 08:00:00+00:00,0.874,0.878,0.861,0.878,34.09
2026-02-11 12:00:00+00:00,0.881,0.887,0.881,0.887,593.29
2026-02-11 16:00:00+00:00,0.887,0.887,0.887,0.887,0.0
2026-02-11 20:00:00+00:00,0.895,0.951,0.87,0.87,265.66
2026-02-12 00:00:00+00:00,0.902,0.945,0.9,0.9,282.38
2026-02-12 04:00:00+00:00,0.93,0.93,0.93,0.93,6.2
2026-02-12 08:00:00+00:00,0.905,0.953,0.904,0.904,66.63
2026-02-12 12:00:00+00:00,0.883,0.952,0.883,0.888,112.55
2026-02-12 16:00:00+00:00,0.888,0.888,0.888,0.888,0.0
2026-02-12 20:00:00+00:00,0.906,0.906,0.904,0.904,12.48
2026-02-13 00:00:00+00:00,0.89,0.89,0.89,0.89,18.71
2026-02-13 04:00:00+00:00,0.89,0.89,0.89,0.89,0.0
2026-02-13 08:00:00+00:00,0.881,0.913,0.881,0.913,11.16
2026-02-13 12:00:00+00:00,0.856,0.925,0.856,0.925,596.54
2026-02-13 16:00:00+00:00,0.945,0.952,0.918,0.951,110.58
2026-02-13 20:00:00+00:00,0.959,0.967,0.959,0.967,61.64
2026-02-14 00:00:00+00:00,0.977,0.977,0.977,0.977,56.29
2026-02-14 04:00:00+00:00,0.977,0.977,0.977,0.977,0.0
2026-02-14 08:00:00+00:00,0.976,0.976,0.976,0.976,3.1
2026-02-14 12:00:00+00:00,0.985,0.993,0.938,0.946,239.07
2026-02-14 16:00:00+00:00,1.004,1.029,0.956,0.999,270.46
2026-02-14 20:00:00+00:00,1.031,1.031,1.031,1.031,9.69
2026-02-15 00:00:00+00:00,1.031,1.031,1.031,1.031,0.0
2026-02-15 04:00:00+00:00,1.031,1.031,1.031,1.031,0.0
2026-02-15 08:00:00+00:00,1.019,1.019,1.019,1.019,12.83
2026-02-15 12:00:00+00:00,0.967,0.982,0.954,0.959,457.65
2026-02-15 16:00:00+00:00,0.954,0.954,0.937,0.937,49.31
2026-02-15 20:00:00+00:00,0.937,0.937,0.937,0.937,0.0
2026-02-16 00:00:00+00:00,0.937,0.937,0.937,0.937,0.0
2026-02-16 04:00:00+00:00,0.937,0.937,0.937,0.937,0.0
2026-02-16 08:00:00+00:00,0.954,0.984,0.954,0.983,17.93
2026-02-16 12:00:00+00:00,0.998,0.998,0.99,0.99,35.09
2026-02-16 16:00:00+00:00,0.957,0.968,0.957,0.968,233.16
2026-02-16 20:00:00+00:00,0.968,0.968,0.968,0.968,0.0
2026-02-17 00:00:00+00:00,0.968,0.968,0.968,0.968,0.0
2026-02-17 04:00:00+00:00,0.968,0.968,0.968,0.968,0.0
2026-02-17 08:00:00+00:00,0.976,0.976,0.976,0.976,3.1
2026-02-17 12:00:00+00:00,0.976,0.976,0.976,0.976,0.0
2026-02-17 16:00:00+00:00,0.969,0.969,0.969,0.969,41.16
2026-02-17 20:00:00+00:00,0.946,1.056,0.936,0.944,170.25
2026-02-18 00:00:00+00:00,0.937,1.003,0.936,0.952,271.82
2026-02-18 04:00:00+00:00,0.943,0.943,0.943,0.943,15.36
2026-02-18 08:00:00+00:00,0.987,0.999,0.987,0.999,23.32
2026-02-18 12:00:00+00:00,0.935,0.994,0.935,0.994,193.31
2026-02-18 16:00:00+00:00,0.936,0.937,0.931,0.931,644.75
2026-02-18 20:00:00+00:00,0.924,0.932,0.923,0.932,101.8
2026-02-19 00:00:00+00:00,0.932,0.932,0.932,0.932,99.95
2026-02-19 04:00:00+00:00,0.935,0.939,0.935,0.939,41.26
2026-02-19 08:00:00+00:00,0.934,0.934,0.934,0.934,3.24
2026-02-19 12:00:00+00:00,0.934,0.934,0.934,0.934,0.0
2026-02-19 16:00:00+00:00,0.901,0.936,0.899,0.936,40.84
2026-02-19 20:00:00+00:00,0.936,0.936,0.936,0.936,0.0
2026-02-20 00:00:00+00:00,0.936,0.936,0.936,0.936,0.0
2026-02-20 04:00:00+00:00,0.9,0.928,0.9,0.928,78.78
2026-02-20 08:00:00+00:00,0.934,0.934,0.934,0.934,3.23
2026-02-20 12:00:00+00:00,0.936,0.95,0.936,0.95,1644.6
2026-02-20 16:00:00+00:00,0.952,0.952,0.939,0.939,45.6
2026-02-20 20:00:00+00:00,0.966,0.966,0.938,0.94,31.8
2026-02-21 00:00:00+00:00,0.94,0.94,0.94,0.94,0.0
2026-02-21 04:00:00+00:00,0.976,0.976,0.959,0.959,120.0
2026-02-21 08:00:00+00:00,0.999,1.02,0.981,0.999,190.91
2026-02-21 12:00:00+00:00,0.99,0.99,0.99,0.99,434.34
2026-02-21 16:00:00+00:00,0.99,0.99,0.99,0.99,0.0
2026-02-21 20:00:00+00:00,0.99,0.99,0.99,0.99,0.0
2026-02-22 00:00:00+00:00,0.959,0.981,0.946,0.946,47.3
2026-02-22 04:00:00+00:00,0.967,0.967,0.963,0.965,149.26
2026-02-22 08:00:00+00:00,0.964,0.964,0.964,0.964,3.14
2026-02-22 12:00:00+00:00,0.958,0.958,0.922,0.922,101.78
2026-02-22 16:00:00+00:00,0.937,0.939,0.937,0.938,44.79
2026-02-22 20:00:00+00:00,0.939,0.939,0.844,0.939,175.38
2026-02-23 00:00:00+00:00,0.892,0.892,0.87,0.87,40.31
2026-02-23 04:00:00+00:00,0.912,0.912,0.912,0.912,38.14
2026-02-23 08:00:00+00:00,0.912,0.918,0.894,0.918,89.86
2026-02-23 12:00:00+00:00,0.916,0.916,0.912,0.912,22.89
2026-02-23 16:00:00+00:00,0.9,0.906,0.9,0.906,66.58
2026-02-23 20:00:00+00:00,0.895,0.895,0.895,0.895,22.32
2026-02-24 00:00:00+00:00,0.895,0.895,0.895,0.895,0.0
2026-02-24 04:00:00+00:00,0.88,0.88,0.874,0.874,525.39
2026-02-24 08:00:00+00:00,0.866,0.866,0.866,0.866,1.63
2026-02-24 12:00:00+00:00,0.88,0.885,0.88,0.885,79.5
2026-02-24 16:00:00+00:00,0.886,0.886,0.886,0.886,31.84
2026-02-24 20:00:00+00:00,0.886,0.886,0.886,0.886,0.0
2026-02-25 00:00:00+00:00,0.902,0.913,0.902,0.913,248.81
2026-02-25 04:00:00+00:00,0.888,0.888,0.888,0.888,23.0
2026-02-25 08:00:00+00:00,0.88,0.936,0.88,0.936,325.28
2026-02-25 12:00:00+00:00,0.898,1.065,0.898,1.041,1381.47
2026-02-25 16:00:00+00:00,1.082,1.102,1.035,1.102,303.53
2026-02-25 20:00:00+00:00,1.091,1.091,1.091,1.091,45.88
2026-02-26 00:00:00+00:00,1.03,1.044,1.026,1.033,1620.95
2026-02-26 04:00:00+00:00,1.031,1.031,1.004,1.011,789.05
2026-02-26 08:00:00+00:00,1.016,1.02,1.001,1.004,59.52
2026-02-26 12:00:00+00:00,0.987,1.023,0.986,1.023,433.76
2026-02-26 16:00:00+00:00,0.982,1.008,0.976,1.008,152.07
2026-02-26 20:00:00+00:00,1.026,1.033,1.026,1.033,211.6
2026-02-27 00:00:00+00:00,1.032,1.032,1.0,1.0,157.86
2026-02-27 04:00:00+00:00,1.0,1.0,1.0,1.0,0.0
2026-02-27 08:00:00+00:00,1.015,1.028,1.015,1.028,63.09
2026-02-27 12:00:00+00:00,0.991,0.991,0.987,0.987,67.98
2026-02-27 16:00:00+00:00,0.987,0.997,0.985,0.997,80.39
2026-02-27 20:00:00+00:00,0.976,0.976,0.975,0.975,25.36
2026-02-28 00:00:00+00:00,0.975,0.975,0.975,0.975,0.0
2026-02-28 04:00:00+00:00,0.969,0.969,0.933,0.957,270.78
2026-02-28 08:00:00+00:00,0.948,0.948,0.948,0.948,3.19
2026-02-28 12:00:00+00:00,0.949,0.951,0.938,0.95,888.79
2026-02-28 16:00:00+00:00,0.972,0.987,0.924,0.96,190.25
2026-02-28 20:00:00+00:00,1.012,1.012,1.012,1.012,24.18
2026-03-01 00:00:00+00:00,1.017,1.036,1.004,1.004,106.15
2026-03-01 04:00:00+00:00,0.991,0.991,0.991,0.991,38.77
2026-03-01 08:00:00+00:00,0.984,0.99,0.976,0.99,83.94
2026-03-01 12:00:00+00:00,0.972,0.972,0.972,0.972,24.65
2026-03-01 16:00:00+00:00,0.99,0.99,0.99,0.99,10.11
2026-03-01 20:00:00+00:00,0.99,0.99,0.99,0.99,0.0
2026-03-02 00:00:00+00:00,0.981,0.986,0.981,0.986,33.02
2026-03-02 04:00:00+00:00,0.991,0.991,0.991,0.991,51.34
2026-03-02 08:00:00+00:00,0.989,0.989,0.989,0.989,3.05
2026-03-02 12:00:00+00:00,0.994,1.04,0.99,1.02,414.73
2026-03-02 16:00:00+00:00,1.022,1.022,1.022,1.022,159.99
2026-03-02 20:00:00+00:00,1.019,1.021,1.015,1.017,113.91
2026-03-03 00:00:00+00:00,0.983,1.021,0.983,1.021,70.44
2026-03-03 04:00:00+00:00,1.021,1.021,1.021,1.021,0.0
2026-03-03 08:00:00+00:00,0.979,1.004,0.975,1.004,31.96
2026-03-03 12:00:00+00:00,1.004,1.004,1.004,1.004,0.0
2026-03-03 16:00:00+00:00,0.997,1.003,0.997,1.003,57.44
2026-03-03 20:00:00+00:00,1.012,1.012,1.012,1.012,116.58
2026-03-04 00:00:00+00:00,1.011,1.011,1.011,1.011,49.28
2026-03-04 04:00:00+00:00,1.011,1.011,1.011,1.011,0.0
2026-03-04 08:00:00+00:00,1.015,1.034,1.001,1.032,90.41
2026-03-04 12:00:00+00:00,1.032,1.032,1.032,1.032,0.0
2026-03-04 16:00:00+00:00,1.02,1.023,1.006,1.008,397.91
2026-03-04 20:00:00+00:00,1.059,1.059,1.011,1.011,14.73
2026-03-05 00:00:00+00:00,1.011,1.011,1.01,1.01,24.8
2026-03-05 04:00:00+00:00,1.01,1.01,1.01,1.01,0.0
2026-03-05 08:00:00+00:00,1.011,1.046,1.011,1.017,40.49
2026-03-05 12:00:00+00:00,1.017,1.017,1.017,1.017,0.0
2026-03-05 16:00:00+00:00,1.017,1.017,1.017,1.017,0.0
2026-03-05 20:00:00+00:00,1.017,1.017,1.017,1.017,0.0
2026-03-06 00:00:00+00:00,1.014,1.014,1.014,1.014,15.65
2026-03-06 04:00:00+00:00,1.014,1.014,1.014,1.014,0.0
2026-03-06 08:00:00+00:00,1.021,1.021,1.021,1.021,2.96
2026-03-06 12:00:00+00:00,0.973,0.973,0.973,0.973,15.86
2026-03-06 16:00:00+00:00,0.958,1.003,0.958,0.996,121.12
2026-03-06 20:00:00+00:00,0.996,0.996,0.996,0.996,0.0
2026-03-07 00:00:00+00:00,0.996,0.996,0.996,0.996,0.0
2026-03-07 04:00:00+00:00,0.996,0.996,0.996,0.996,0.0
2026-03-07 08:00:00+00:00,0.998,0.998,0.998,0.998,3.03
2026-03-07 12:00:00+00:00,0.998,0.998,0.998,0.998,0.0
2026-03-07 16:00:00+00:00,0.936,0.995,0.936,0.995,101.36
2026-03-07 20:00:00+00:00,0.981,0.981,0.921,0.974,110.43
2026-03-08 00:00:00+00:00,0.92,0.958,0.92,0.958,188.04
2026-03-08 04:00:00+00:00,0.908,0.966,0.908,0.951,397.14
2026-03-08 08:00:00+00:00,0.936,0.95,0.93,0.95,23.52
2026-03-08 12:00:00+00:00,0.95,0.95,0.95,0.95,0.0
2026-03-08 16:00:00+00:00,0.947,0.947,0.947,0.947,210.6
2026-03-08 20:00:00+00:00,0.955,0.955,0.955,0.955,16.03
2026-03-09 00:00:00+00:00,0.955,0.955,0.955,0.955,0.0
2026-03-09 04:00:00+00:00,0.955,0.955,0.955,0.955,0.0
2026-03-09 08:00:00+00:00,0.963,0.963,0.962,0.962,34.76
2026-03-09 12:00:00+00:00,0.953,0.953,0.953,0.953,19.69
2026-03-09 16:00:00+00:00,0.975,0.975,0.969,0.969,23.73
2026-03-09 20:00:00+00:00,0.936,0.948,0.936,0.938,34.94
2026-03-10 00:00:00+00:00,0.938,0.938,0.938,0.938,0.0
2026-03-10 04:00:00+00:00,0.929,0.929,0.929,0.929,36.17
2026-03-10 08:00:00+00:00,0.951,0.951,0.951,0.951,3.17
2026-03-10 12:00:00+00:00,0.92,0.944,0.92,0.92,95.09
2026-03-10 16:00:00+00:00,0.918,0.918,0.88,0.905,850.22
2026-03-10 20:00:00+00:00,0.898,0.898,0.866,0.866,85.48
2026-03-11 00:00:00+00:00,0.862,0.862,0.862,0.862,11.35
2026-03-11 04:00:00+00:00,0.871,0.881,0.84,0.881,82.29
2026-03-11 08:00:00+00:00,0.883,0.893,0.883,0.893,52.5
2026-03-11 12:00:00+00:00,0.893,0.913,0.87,0.875,117.1
2026-03-11 16:00:00+00:00,0.898,0.898,0.895,0.895,16.81
2026-03-11 20:00:00+00:00,0.895,0.895,0.895,0.895,0.0
2026-03-12 00:00:00+00:00,0.875,0.875,0.855,0.855,152.63
2026-03-12 04:00:00+00:00,0.855,0.855,0.855,0.855,0.0
2026-03-12 08:00:00+00:00,0.882,0.882,0.882,0.882,14.83
2026-03-12 12:00:00+00:00,0.882,0.882,0.882,0.882,0.0
2026-03-12 16:00:00+00:00,0.86,0.86,0.86,0.86,90.4
2026-03-12 20:00:00+00:00,0.86,0.86,0.86,0.86,0.0
2026-03-13 00:00:00+00:00,0.881,0.903,0.881,0.903,207.25
2026-03-13 04:00:00+00:00,0.903,0.903,0.903,0.903,0.0
2026-03-13 08:00:00+00:00,0.897,0.897,0.897,0.897,3.37
2026-03-13 12:00:00+00:00,0.897,0.897,0.897,0.897,0.0
2026-03-13 16:00:00+00:00,0.897,0.897,0.897,0.897,0.0
2026-03-13 20:00:00+00:00,0.864,0.889,0.864,0.889,26.21
2026-03-14 00:00:00+00:00,0.889,0.889,0.889,0.889,0.0
2026-03-14 04:00:00+00:00,0.877,0.877,0.877,0.877,26.41
2026-03-14 08:00:00+00:00,0.902,0.902,0.902,0.902,3.34
2026-03-14 12:00:00+00:00,0.902,0.902,0.902,0.902,0.0
2026-03-14 16:00:00+00:00,0.908,0.921,0.886,0.886,175.37
2026-03-14 20:00:00+00:00,0.886,0.886,0.886,0.886,0.0
2026-03-15 00:00:00+00:00,0.884,0.884,0.874,0.874,45.39
2026-03-15 04:00:00+00:00,0.887,0.887,0.887,0.887,3.38
2026-03-15 08:00:00+00:00,0.895,0.895,0.895,0.895,3.37
2026-03-15 12:00:00+00:00,0.895,0.895,0.895,0.895,0.0
2026-03-15 16:00:00+00:00,0.895,0.895,0.895,0.895,0.0
2026-03-15 20:00:00+00:00,0.904,0.904,0.904,0.904,3.0
2026-03-16 00:00:00+00:00,0.913,0.922,0.899,0.922,36.79
2026-03-16 04:00:00+00:00,0.923,0.954,0.917,0.944,119.96
2026-03-16 08:00:00+00:00,0.957,0.963,0.957,0.963,30.56
2026-03-16 12:00:00+00:00,0.934,0.934,0.93,0.93,49.79
2026-03-16 16:00:00+00:00,0.94,0.987,0.935,0.961,340.73
2026-03-16 20:00:00+00:00,0.99,1.014,0.976,0.976,59.2
2026-03-17 00:00:00+00:00,0.976,0.976,0.976,0.976,0.0
2026-03-17 04:00:00+00:00,0.976,0.976,0.976,0.976,0.0
2026-03-17 08:00:00+00:00,1.021,1.021,0.961,0.975,42.9
2026-03-17 12:00:00+00:00,0.975,0.975,0.975,0.975,0.0
2026-03-17 16:00:00+00:00,0.975,0.975,0.975,0.975,0.0
2026-03-17 20:00:00+00:00,0.975,0.975,0.975,0.975,0.0
2026-03-18 00:00:00+00:00,0.975,0.975,0.975,0.975,0.0
2026-03-18 04:00:00+00:00,0.975,0.975,0.975,0.975,0.0
2026-03-18 08:00:00+00:00,0.983,0.983,0.94,0.94,14.03
2026-03-18 12:00:00+00:00,0.934,0.934,0.92,0.92,133.49
2026-03-18 16:00:00+00:00,0.92,0.92,0.92,0.92,0.0
2026-03-18 20:00:00+00:00,0.92,0.92,0.92,0.92,0.0
2026-03-19 00:00:00+00:00,0.892,0.934,0.892,0.933,71.14
2026-03-19 04:00:00+00:00,0.933,0.933,0.933,0.933,0.0
2026-03-19 08:00:00+00:00,0.923,0.923,0.923,0.923,3.27
2026-03-19 12:00:00+00:00,0.89,0.89,0.89,0.89,14.69
2026-03-19 16:00:00+00:00,0.883,0.898,0.873,0.898,98.48
2026-03-19 20:00:00+00:00,0.865,0.896,0.865,0.896,73.89
2026-03-20 00:00:00+00:00,0.899,0.899,0.899,0.899,7.35
2026-03-20 04:00:00+00:00,0.899,0.899,0.899,0.899,0.0
2026-03-20 08:00:00+00:00,0.921,0.921,0.885,0.885,14.68
2026-03-20 12:00:00+00:00,0.885,0.885,0.885,0.885,0.0
2026-03-20 16:00:00+00:00,0.889,0.915,0.889,0.915,111.46
2026-03-20 20:00:00+00:00,0.914,0.914,0.914,0.914,27.31
2026-03-21 00:00:00+00:00,0.907,0.907,0.861,0.861,91.97
2026-03-21 04:00:00+00:00,0.921,0.921,0.92,0.92,9.48
2026-03-21 08:00:00+00:00,0.913,0.913,0.913,0.913,3.31
2026-03-21 12:00:00+00:00,0.923,0.959,0.923,0.959,113.72
2026-03-21 16:00:00+00:00,0.95,0.975,0.931,0.931,246.28
2026-03-21 20:00:00+00:00,0.926,0.926,0.885,0.885,94.62
2026-03-22 00:00:00+00:00,0.885,0.885,0.885,0.885,0.0
2026-03-22 04:00:00+00:00,0.853,0.891,0.853,0.879,446.64
2026-03-22 08:00:00+00:00,0.881,0.881,0.867,0.867,5.43
2026-03-22 12:00:00+00:00,0.878,0.878,0.878,0.878,10.9
2026-03-22 16:00:00+00:00,0.852,0.885,0.852,0.885,62.18
2026-03-22 20:00:00+00:00,0.862,0.892,0.839,0.839,2357.29
2026-03-23 00:00:00+00:00,0.827,0.827,0.827,0.827,70.6
2026-03-23 04:00:00+00:00,0.856,0.868,0.856,0.868,128.72
2026-03-23 08:00:00+00:00,0.869,0.905,0.83,0.905,128.12
2026-03-23 12:00:00+00:00,0.847,0.847,0.847,0.847,46.0
2026-03-23 16:00:00+00:00,0.913,0.928,0.913,0.927,36.12
2026-03-23 20:00:00+00:00,0.938,0.938,0.9,0.908,42.46
2026-03-24 00:00:00+00:00,0.908,0.908,0.908,0.908,0.0
2026-03-24 04:00:00+00:00,0.94,0.944,0.91,0.913,41.61
2026-03-24 08:00:00+00:00,0.927,0.927,0.909,0.909,14.96
2026-03-24 12:00:00+00:00,0.909,0.909,0.909,0.909,0.0
