timestamp,open,high,low,close,volume
2025-03-24 16:00:00+00:00,15.21,15.22,15.01,15.16,110.85
2025-03-24 20:00:00+00:00,15.21,15.24,15.02,15.07,199.09
2025-03-25 00:00:00+00:00,15.09,15.21,14.89,14.89,384.07
2025-03-25 04:00:00+00:00,14.88,15.22,14.88,15.18,266.31
2025-03-25 08:00:00+00:00,15.21,15.47,15.21,15.46,199.36
2025-03-25 12:00:00+00:00,15.43,15.57,15.29,15.33,470.11
2025-03-25 16:00:00+00:00,15.39,15.47,15.31,15.4,19.23
2025-03-25 20:00:00+00:00,15.5,15.58,15.36,15.44,529.62
2025-03-26 00:00:00+00:00,15.43,15.61,15.26,15.26,128.13
2025-03-26 04:00:00+00:00,15.32,15.93,15.32,15.91,278.75
2025-03-26 08:00:00+00:00,15.93,15.97,15.79,15.89,95.89
2025-03-26 12:00:00+00:00,15.89,15.89,15.2,15.3,5957.52
2025-03-26 16:00:00+00:00,15.33,15.46,14.96,15.2,3862.79
2025-03-26 20:00:00+00:00,15.19,15.28,15.05,15.25,639.94
2025-03-27 00:00:00+00:00,15.23,15.77,15.16,15.7,378.08
2025-03-27 04:00:00+00:00,15.63,15.72,15.54,15.6,1054.11
2025-03-27 08:00:00+00:00,15.59,15.72,15.5,15.5,18.28
2025-03-27 12:00:00+00:00,15.51,15.76,15.28,15.62,195.77
2025-03-27 16:00:00+00:00,15.55,15.62,15.32,15.5,148.17
2025-03-27 20:00:00+00:00,15.48,15.67,15.42,15.49,84.16
2025-03-28 00:00:00+00:00,15.46,15.57,15.27,15.3,1542.79
2025-03-28 04:00:00+00:00,15.35,15.37,14.45,14.48,312.49
2025-03-28 08:00:00+00:00,14.51,14.51,14.23,14.37,202.74
2025-03-28 12:00:00+00:00,14.36,14.42,14.17,14.18,6193.97
2025-03-28 16:00:00+00:00,14.18,14.19,14.03,14.07,371.83
2025-03-28 20:00:00+00:00,14.16,14.32,14.05,14.25,2906.38
2025-03-29 00:00:00+00:00,14.3,14.39,14.08,14.26,184.31
2025-03-29 04:00:00+00:00,14.26,14.27,13.87,13.92,128.41
2025-03-29 08:00:00+00:00,13.92,13.96,13.56,13.6,206.14
2025-03-29 12:00:00+00:00,13.65,13.82,13.63,13.63,50.01
2025-03-29 16:00:00+00:00,13.67,13.69,13.4,13.51,224.37
2025-03-29 20:00:00+00:00,13.5,13.54,13.39,13.52,16.54
2025-03-30 00:00:00+00:00,13.55,13.77,13.41,13.7,105.34
2025-03-30 04:00:00+00:00,13.7,13.78,13.63,13.71,14.5
2025-03-30 08:00:00+00:00,13.7,13.84,13.67,13.7,139.35
2025-03-30 12:00:00+00:00,13.62,13.68,13.48,13.64,279.73
2025-03-30 16:00:00+00:00,13.64,13.69,13.41,13.65,97.55
2025-03-30 20:00:00+00:00,13.61,13.61,13.2,13.32,169.65
2025-03-31 00:00:00+00:00,13.42,13.52,13.16,13.24,137.95
2025-03-31 04:00:00+00:00,13.24,13.43,13.15,13.18,74.1
2025-03-31 08:00:00+00:00,13.28,13.28,13.0,13.27,474.85
2025-03-31 12:00:00+00:00,13.24,13.68,13.16,13.61,204.39
2025-03-31 16:00:00+00:00,13.62,13.7,13.43,13.53,130.39
2025-03-31 20:00:00+00:00,13.54,13.63,13.45,13.55,572.43
2025-04-01 00:00:00+00:00,13.49,13.75,13.49,13.64,69.32
2025-04-01 04:00:00+00:00,13.59,13.78,13.59,13.73,23.21
2025-04-01 08:00:00+00:00,13.72,14.05,13.72,13.98,140.67
2025-04-01 12:00:00+00:00,13.95,14.36,13.7,14.36,602.27
2025-04-01 16:00:00+00:00,14.37,14.37,14.12,14.19,1244.11
2025-04-01 20:00:00+00:00,14.11,14.24,14.04,14.06,47.54
2025-04-02 00:00:00+00:00,14.04,14.05,13.66,13.75,345.54
2025-04-02 04:00:00+00:00,13.72,13.83,13.36,13.43,1052.58
2025-04-02 08:00:00+00:00,13.35,13.68,13.34,13.5,101.98
2025-04-02 12:00:00+00:00,13.5,14.16,13.38,14.11,206.54
2025-04-02 16:00:00+00:00,14.07,14.12,13.74,14.01,147.83
2025-04-02 20:00:00+00:00,13.95,14.33,12.81,12.95,1014.73
2025-04-03 00:00:00+00:00,12.97,13.29,12.97,13.19,166.69
2025-04-03 04:00:00+00:00,13.21,13.26,12.89,12.92,61.24
2025-04-03 08:00:00+00:00,13.03,13.03,12.71,12.8,152.86
2025-04-03 12:00:00+00:00,12.77,12.77,12.32,12.55,741.65
2025-04-03 16:00:00+00:00,12.59,12.7,12.44,12.64,145.19
2025-04-03 20:00:00+00:00,12.63,12.9,12.63,12.9,81.03
2025-04-04 00:00:00+00:00,12.92,12.94,12.67,12.71,202.62
2025-04-04 04:00:00+00:00,12.72,13.07,12.63,13.07,71.38
2025-04-04 08:00:00+00:00,13.08,13.16,12.37,12.57,293.37
2025-04-04 12:00:00+00:00,12.48,12.89,12.46,12.77,471.5
2025-04-04 16:00:00+00:00,12.75,13.06,12.69,12.89,113.65
2025-04-04 20:00:00+00:00,12.96,13.09,12.92,12.92,620.71
2025-04-05 00:00:00+00:00,12.92,13.01,12.86,12.86,81.4
2025-04-05 04:00:00+00:00,12.85,12.92,12.8,12.89,54.71
2025-04-05 08:00:00+00:00,12.87,13.03,12.87,12.91,62.46
2025-04-05 12:00:00+00:00,12.85,12.85,12.58,12.58,6059.62
2025-04-05 16:00:00+00:00,12.63,12.72,12.62,12.62,28.04
2025-04-05 20:00:00+00:00,12.66,12.86,12.64,12.86,341.68
2025-04-06 00:00:00+00:00,12.8,12.93,12.74,12.74,40.54
2025-04-06 04:00:00+00:00,12.78,12.81,12.64,12.64,15.24
2025-04-06 08:00:00+00:00,12.63,12.68,12.54,12.68,30.55
2025-04-06 12:00:00+00:00,12.62,12.62,12.08,12.31,376.7
2025-04-06 16:00:00+00:00,12.28,12.28,11.44,11.58,1908.9
2025-04-06 20:00:00+00:00,11.62,11.62,11.02,11.24,2057.63
2025-04-07 00:00:00+00:00,11.23,11.5,10.81,10.91,890.79
2025-04-07 04:00:00+00:00,10.94,11.14,10.12,10.4,1857.7
2025-04-07 08:00:00+00:00,10.33,10.92,10.33,10.69,288.97
2025-04-07 12:00:00+00:00,10.67,11.83,10.67,11.29,2892.67
2025-04-07 16:00:00+00:00,11.28,11.48,11.09,11.38,583.9
2025-04-07 20:00:00+00:00,11.4,11.65,11.4,11.48,391.51
2025-04-08 00:00:00+00:00,11.52,11.84,11.38,11.64,154.09
2025-04-08 04:00:00+00:00,11.64,11.84,11.53,11.53,90.26
2025-04-08 08:00:00+00:00,11.52,11.78,11.43,11.78,477.94
2025-04-08 12:00:00+00:00,11.78,11.86,11.38,11.4,1978.99
2025-04-08 16:00:00+00:00,11.41,11.42,10.86,10.93,792.82
2025-04-08 20:00:00+00:00,10.91,11.07,10.8,10.86,383.72
2025-04-09 00:00:00+00:00,10.86,11.02,10.46,10.64,713.1
2025-04-09 04:00:00+00:00,10.72,11.49,10.72,11.43,392.13
2025-04-09 08:00:00+00:00,11.37,11.47,11.11,11.13,483.44
2025-04-09 12:00:00+00:00,11.14,11.47,11.07,11.37,537.88
2025-04-09 16:00:00+00:00,11.42,12.73,11.41,12.56,11233.37
2025-04-09 20:00:00+00:00,12.64,12.8,12.64,12.67,5864.98
2025-04-10 00:00:00+00:00,12.65,12.66,12.18,12.3,178.29
2025-04-10 04:00:00+00:00,12.31,12.49,12.26,12.33,888.39
2025-04-10 08:00:00+00:00,12.33,12.42,12.29,12.39,94.18
2025-04-10 12:00:00+00:00,12.38,12.56,11.8,11.81,725.21
2025-04-10 16:00:00+00:00,11.84,12.07,11.7,12.07,276.81
2025-04-10 20:00:00+00:00,12.03,12.1,12.0,12.08,353.96
2025-04-11 00:00:00+00:00,12.07,12.45,12.04,12.36,133.48
2025-04-11 04:00:00+00:00,12.42,12.5,12.33,12.42,83.28
2025-04-11 08:00:00+00:00,12.35,12.67,12.34,12.51,76.12
2025-04-11 12:00:00+00:00,12.5,12.65,12.38,12.55,1105.73
2025-04-11 16:00:00+00:00,12.51,12.82,12.49,12.72,193.82
2025-04-11 20:00:00+00:00,12.74,12.88,12.61,12.68,945.95
2025-04-12 00:00:00+00:00,12.66,12.67,12.49,12.57,40.95
2025-04-12 04:00:00+00:00,12.6,12.77,12.57,12.77,58.34
2025-04-12 08:00:00+00:00,12.78,12.92,12.7,12.75,54.79
2025-04-12 12:00:00+00:00,12.76,13.25,12.76,13.11,321.37
2025-04-12 16:00:00+00:00,13.1,13.18,12.98,13.1,42.0
2025-04-12 20:00:00+00:00,13.12,13.27,13.11,13.16,216.41
2025-04-13 00:00:00+00:00,13.14,13.21,13.0,13.05,5691.72
2025-04-13 04:00:00+00:00,13.0,13.01,12.9,12.9,85.4
2025-04-13 08:00:00+00:00,12.97,13.15,12.8,12.82,253.92
2025-04-13 12:00:00+00:00,12.82,12.88,12.61,12.69,420.12
2025-04-13 16:00:00+00:00,12.71,13.21,12.51,12.67,938.53
2025-04-13 20:00:00+00:00,12.66,12.8,12.45,12.63,144.12
2025-04-14 00:00:00+00:00,12.67,13.14,12.67,12.77,374.19
2025-04-14 04:00:00+00:00,12.79,12.86,12.59,12.62,447.82
2025-04-14 08:00:00+00:00,12.73,13.22,12.73,13.14,231.92
2025-04-14 12:00:00+00:00,13.11,13.22,12.68,12.68,165.51
2025-04-14 16:00:00+00:00,12.68,13.01,12.66,12.85,170.41
2025-04-14 20:00:00+00:00,12.84,12.87,12.59,12.6,57.02
2025-04-15 00:00:00+00:00,12.63,12.72,12.54,12.68,353.06
2025-04-15 04:00:00+00:00,12.66,12.78,12.63,12.68,16.65
2025-04-15 08:00:00+00:00,12.77,12.77,12.53,12.53,76.4
2025-04-15 12:00:00+00:00,12.62,12.8,12.31,12.31,428.67
2025-04-15 16:00:00+00:00,12.38,12.41,12.27,12.38,161.47
2025-04-15 20:00:00+00:00,12.39,12.41,12.22,12.25,79.45
2025-04-16 00:00:00+00:00,12.21,12.41,12.18,12.38,137.52
2025-04-16 04:00:00+00:00,12.4,12.41,12.15,12.15,31.43
2025-04-16 08:00:00+00:00,12.15,12.28,12.07,12.18,67.68
2025-04-16 12:00:00+00:00,12.17,12.5,12.05,12.34,64.9
2025-04-16 16:00:00+00:00,12.28,12.46,11.92,12.41,431.63
2025-04-16 20:00:00+00:00,12.4,12.5,12.28,12.35,43.15
2025-04-17 00:00:00+00:00,12.37,12.49,12.34,12.35,72.21
2025-04-17 04:00:00+00:00,12.38,12.68,12.38,12.61,87.45
2025-04-17 08:00:00+00:00,12.59,12.59,12.41,12.49,96.33
2025-04-17 12:00:00+00:00,12.47,12.53,12.24,12.48,110.34
2025-04-17 16:00:00+00:00,12.42,12.68,12.4,12.48,1227.61
2025-04-17 20:00:00+00:00,12.54,12.6,12.49,12.52,21.37
2025-04-18 00:00:00+00:00,12.53,12.55,12.43,12.53,22.28
2025-04-18 04:00:00+00:00,12.56,12.67,12.55,12.67,14.43
2025-04-18 08:00:00+00:00,12.68,12.7,12.64,12.65,30.74
2025-04-18 12:00:00+00:00,12.6,12.63,12.48,12.51,34.29
2025-04-18 16:00:00+00:00,12.52,12.62,12.52,12.61,764.31
2025-04-18 20:00:00+00:00,12.63,12.64,12.54,12.54,71.5
2025-04-19 00:00:00+00:00,12.54,12.74,12.53,12.74,75.31
2025-04-19 04:00:00+00:00,12.75,12.86,12.75,12.86,43.47
2025-04-19 08:00:00+00:00,12.86,12.9,12.75,12.76,85.65
2025-04-19 12:00:00+00:00,12.79,12.8,12.72,12.79,19.4
2025-04-19 16:00:00+00:00,12.76,12.98,12.71,12.95,115.85
2025-04-19 20:00:00+00:00,12.93,13.03,12.91,12.95,281.34
2025-04-20 00:00:00+00:00,12.94,13.02,12.92,13.02,63.07
2025-04-20 04:00:00+00:00,13.04,13.08,12.9,12.96,688.52
2025-04-20 08:00:00+00:00,12.98,13.13,12.91,12.91,1149.7
2025-04-20 12:00:00+00:00,12.95,13.2,12.94,13.12,96.67
2025-04-20 16:00:00+00:00,13.08,13.43,13.08,13.43,227.14
2025-04-20 20:00:00+00:00,13.43,13.58,13.26,13.28,330.26
2025-04-21 00:00:00+00:00,13.3,13.64,13.27,13.54,145.19
2025-04-21 04:00:00+00:00,13.54,13.62,13.48,13.62,87.17
2025-04-21 08:00:00+00:00,13.63,13.68,13.4,13.4,87.92
2025-04-21 12:00:00+00:00,13.47,13.58,13.34,13.35,442.44
2025-04-21 16:00:00+00:00,13.33,13.38,12.98,13.13,1618.76
2025-04-21 20:00:00+00:00,13.12,13.12,13.04,13.07,101.06
2025-04-22 00:00:00+00:00,13.09,13.32,12.9,13.12,456.83
2025-04-22 04:00:00+00:00,13.17,13.33,13.03,13.29,136.3
2025-04-22 08:00:00+00:00,13.34,13.49,13.27,13.48,141.89
2025-04-22 12:00:00+00:00,13.44,14.04,13.44,13.75,1593.75
2025-04-22 16:00:00+00:00,13.86,13.9,13.73,13.85,207.58
2025-04-22 20:00:00+00:00,13.85,14.16,13.81,14.12,322.08
2025-04-23 00:00:00+00:00,14.15,14.39,14.03,14.39,501.77
2025-04-23 04:00:00+00:00,14.4,14.74,14.4,14.74,1532.01
2025-04-23 08:00:00+00:00,14.74,15.16,14.69,15.04,357.31
2025-04-23 12:00:00+00:00,15.01,15.25,14.61,14.82,547.51
2025-04-23 16:00:00+00:00,14.85,15.02,14.73,14.85,1003.62
2025-04-23 20:00:00+00:00,14.86,15.14,14.86,15.01,357.01
2025-04-24 00:00:00+00:00,15.04,15.09,14.57,14.59,429.28
2025-04-24 04:00:00+00:00,14.59,14.59,14.27,14.3,1585.37
2025-04-24 08:00:00+00:00,14.34,14.4,14.17,14.34,205.09
2025-04-24 12:00:00+00:00,14.46,15.12,14.46,14.86,1507.77
2025-04-24 16:00:00+00:00,14.91,15.05,14.73,14.95,410.77
2025-04-24 20:00:00+00:00,14.97,15.09,14.86,15.01,493.61
2025-04-25 00:00:00+00:00,15.01,15.18,14.72,14.98,548.76
2025-04-25 04:00:00+00:00,14.97,15.26,14.93,15.08,262.69
2025-04-25 08:00:00+00:00,15.12,15.28,15.0,15.1,278.47
2025-04-25 12:00:00+00:00,15.15,15.33,14.83,15.18,385.35
2025-04-25 16:00:00+00:00,15.11,15.21,14.95,15.04,337.19
2025-04-25 20:00:00+00:00,15.06,15.06,14.92,14.92,32.01
2025-04-26 00:00:00+00:00,14.96,15.26,14.94,15.1,213.81
2025-04-26 04:00:00+00:00,15.1,15.2,14.98,15.12,125.69
2025-04-26 08:00:00+00:00,15.07,15.23,14.76,14.78,702.55
2025-04-26 12:00:00+00:00,14.81,14.92,14.7,14.92,758.33
2025-04-26 16:00:00+00:00,14.88,14.9,14.81,14.89,14.33
2025-04-26 20:00:00+00:00,14.92,14.96,14.81,14.86,49.82
2025-04-27 00:00:00+00:00,14.84,15.08,14.62,14.75,883.32
2025-04-27 04:00:00+00:00,14.76,14.84,14.46,14.55,260.05
2025-04-27 08:00:00+00:00,14.59,14.65,14.51,14.55,12.93
2025-04-27 12:00:00+00:00,14.54,14.63,14.4,14.5,897.94
2025-04-27 16:00:00+00:00,14.42,14.8,14.42,14.78,151.99
2025-04-27 20:00:00+00:00,14.8,14.8,14.57,14.57,130.68
2025-04-28 00:00:00+00:00,14.55,14.85,14.27,14.85,630.84
2025-04-28 04:00:00+00:00,14.86,15.03,14.77,15.0,206.27
2025-04-28 08:00:00+00:00,15.04,15.09,14.79,14.96,328.68
2025-04-28 12:00:00+00:00,14.95,14.95,14.46,14.46,536.48
2025-04-28 16:00:00+00:00,14.5,15.0,14.43,14.93,301.76
2025-04-28 20:00:00+00:00,14.89,15.09,14.79,15.02,1276.53
2025-04-29 00:00:00+00:00,15.01,15.24,14.95,15.1,973.61
2025-04-29 04:00:00+00:00,15.09,15.19,14.86,15.18,188.27
2025-04-29 08:00:00+00:00,15.21,15.22,15.01,15.05,339.95
2025-04-29 12:00:00+00:00,15.02,15.02,14.86,14.89,248.77
2025-04-29 16:00:00+00:00,14.93,15.0,14.8,14.87,92.4
2025-04-29 20:00:00+00:00,14.89,14.89,14.51,14.63,6466.77
2025-04-30 00:00:00+00:00,14.67,14.74,14.52,14.74,119.79
2025-04-30 04:00:00+00:00,14.67,14.67,14.46,14.46,68.43
2025-04-30 08:00:00+00:00,14.48,14.65,14.48,14.65,19.99
2025-04-30 12:00:00+00:00,14.59,14.59,13.86,14.15,909.64
2025-04-30 16:00:00+00:00,14.08,14.36,14.01,14.26,594.7
2025-04-30 20:00:00+00:00,14.26,14.41,14.23,14.33,46.08
2025-05-01 00:00:00+00:00,14.35,14.65,14.33,14.58,891.95
2025-05-01 04:00:00+00:00,14.51,14.73,14.51,14.71,309.14
2025-05-01 08:00:00+00:00,14.74,15.0,14.71,14.96,443.94
2025-05-01 12:00:00+00:00,14.98,15.03,14.72,14.86,262.93
2025-05-01 16:00:00+00:00,14.93,14.99,14.84,14.91,149.7
2025-05-01 20:00:00+00:00,14.84,14.94,14.75,14.75,180.36
2025-05-02 00:00:00+00:00,14.77,15.01,14.71,14.91,183.38
2025-05-02 04:00:00+00:00,14.88,14.88,14.57,14.57,119.31
2025-05-02 08:00:00+00:00,14.7,14.75,14.61,14.61,51.53
2025-05-02 12:00:00+00:00,14.61,14.86,14.51,14.78,1100.49
2025-05-02 16:00:00+00:00,14.79,15.0,14.63,14.67,1157.26
2025-05-02 20:00:00+00:00,14.62,14.79,14.57,14.59,63.75
2025-05-03 00:00:00+00:00,14.62,14.65,14.51,14.51,94.58
2025-05-03 04:00:00+00:00,14.53,14.53,14.36,14.41,100.02
2025-05-03 08:00:00+00:00,14.37,14.41,14.29,14.36,78.0
2025-05-03 12:00:00+00:00,14.41,14.51,14.41,14.46,36.81
2025-05-03 16:00:00+00:00,14.43,14.43,14.18,14.36,190.6
2025-05-03 20:00:00+00:00,14.37,14.43,14.25,14.25,316.51
2025-05-04 00:00:00+00:00,14.24,14.35,14.18,14.23,23.54
2025-05-04 04:00:00+00:00,14.17,14.25,14.08,14.08,463.67
2025-05-04 08:00:00+00:00,14.12,14.12,13.98,14.04,144.87
2025-05-04 12:00:00+00:00,14.07,14.17,13.99,14.1,77.49
2025-05-04 16:00:00+00:00,14.1,14.12,13.99,14.04,48.55
2025-05-04 20:00:00+00:00,14.05,14.17,13.83,13.84,646.36
2025-05-05 00:00:00+00:00,13.87,14.04,13.77,13.89,326.59
2025-05-05 04:00:00+00:00,13.9,14.18,13.9,14.08,53.24
2025-05-05 08:00:00+00:00,14.1,14.1,13.67,13.7,216.16
2025-05-05 12:00:00+00:00,13.7,13.8,13.54,13.57,1702.39
2025-05-05 16:00:00+00:00,13.58,13.8,13.58,13.63,323.13
2025-05-05 20:00:00+00:00,13.65,13.74,13.5,13.66,913.48
2025-05-06 00:00:00+00:00,13.63,13.68,13.42,13.59,102.67
2025-05-06 04:00:00+00:00,13.56,13.6,13.49,13.54,26.66
2025-05-06 08:00:00+00:00,13.49,13.49,13.22,13.27,226.47
2025-05-06 12:00:00+00:00,13.3,13.48,13.21,13.42,211.61
2025-05-06 16:00:00+00:00,13.34,13.67,13.34,13.61,116.45
2025-05-06 20:00:00+00:00,13.61,13.86,13.34,13.81,919.82
2025-05-07 00:00:00+00:00,13.8,14.06,13.8,13.94,203.47
2025-05-07 04:00:00+00:00,13.96,13.99,13.7,13.91,191.95
2025-05-07 08:00:00+00:00,13.92,13.96,13.82,13.86,16.18
2025-05-07 12:00:00+00:00,13.81,13.82,13.58,13.58,485.2
2025-05-07 16:00:00+00:00,13.58,13.68,13.46,13.64,479.83
2025-05-07 20:00:00+00:00,13.59,13.89,13.55,13.84,296.54
2025-05-08 00:00:00+00:00,13.84,14.48,13.83,14.48,651.9
2025-05-08 04:00:00+00:00,14.5,14.7,14.48,14.66,190.37
2025-05-08 08:00:00+00:00,14.69,14.94,14.69,14.88,301.56
2025-05-08 12:00:00+00:00,14.88,15.41,14.81,15.21,807.81
2025-05-08 16:00:00+00:00,15.24,15.59,15.19,15.56,1984.97
2025-05-08 20:00:00+00:00,15.59,15.94,15.49,15.87,1170.08
2025-05-09 00:00:00+00:00,15.79,15.93,15.66,15.66,495.0
2025-05-09 04:00:00+00:00,15.66,16.27,15.6,16.08,1314.0
2025-05-09 08:00:00+00:00,16.13,16.73,15.88,16.26,1786.45
2025-05-09 12:00:00+00:00,16.23,16.38,15.78,15.96,1189.75
2025-05-09 16:00:00+00:00,15.93,16.16,15.76,16.01,276.94
2025-05-09 20:00:00+00:00,15.99,16.08,15.94,15.98,297.74
2025-05-10 00:00:00+00:00,16.07,16.28,15.86,16.06,271.03
2025-05-10 04:00:00+00:00,16.02,16.4,15.9,16.39,419.41
2025-05-10 08:00:00+00:00,16.4,16.48,16.05,16.08,1299.9
2025-05-10 12:00:00+00:00,16.14,16.5,16.14,16.44,801.97
2025-05-10 16:00:00+00:00,16.48,16.96,16.46,16.78,1299.27
2025-05-10 20:00:00+00:00,16.78,17.43,16.65,17.35,3193.67
2025-05-11 00:00:00+00:00,17.32,17.39,16.81,16.99,555.35
2025-05-11 04:00:00+00:00,16.92,17.02,16.32,16.48,873.66
2025-05-11 08:00:00+00:00,16.47,16.65,16.4,16.65,671.26
2025-05-11 12:00:00+00:00,16.66,16.83,16.44,16.64,575.53
2025-05-11 16:00:00+00:00,16.63,17.04,16.47,16.96,486.26
2025-05-11 20:00:00+00:00,16.97,17.13,16.86,17.08,558.22
2025-05-12 00:00:00+00:00,17.1,17.31,16.81,17.07,765.78
2025-05-12 04:00:00+00:00,17.12,17.97,16.97,17.52,1901.7
2025-05-12 08:00:00+00:00,17.49,17.62,17.11,17.11,4512.65
2025-05-12 12:00:00+00:00,17.17,17.57,16.25,16.86,2789.24
2025-05-12 16:00:00+00:00,16.85,17.01,16.08,16.5,1094.66
2025-05-12 20:00:00+00:00,16.53,16.81,16.42,16.76,215.31
2025-05-13 00:00:00+00:00,16.75,16.75,16.05,16.05,1976.08
2025-05-13 04:00:00+00:00,16.06,16.55,16.06,16.42,103.08
2025-05-13 08:00:00+00:00,16.48,16.75,16.38,16.69,107.91
2025-05-13 12:00:00+00:00,16.65,16.88,16.56,16.88,225.03
2025-05-13 16:00:00+00:00,16.87,17.8,16.87,17.56,1563.94
2025-05-13 20:00:00+00:00,17.64,17.75,17.38,17.42,332.07
2025-05-14 00:00:00+00:00,17.4,17.51,17.09,17.21,799.34
2025-05-14 04:00:00+00:00,17.2,17.43,17.16,17.22,209.45
2025-05-14 08:00:00+00:00,17.21,17.21,16.82,17.12,483.69
2025-05-14 12:00:00+00:00,17.14,17.25,16.78,17.0,258.18
2025-05-14 16:00:00+00:00,16.98,17.08,16.7,17.01,327.23
2025-05-14 20:00:00+00:00,16.99,17.05,16.81,17.01,394.4
2025-05-15 00:00:00+00:00,17.04,17.18,16.7,16.7,2633.87
2025-05-15 04:00:00+00:00,16.69,16.8,16.2,16.2,757.06
2025-05-15 08:00:00+00:00,16.26,16.53,16.07,16.29,230.31
2025-05-15 12:00:00+00:00,16.32,16.46,15.87,16.44,431.05
2025-05-15 16:00:00+00:00,16.47,16.68,16.0,16.14,385.81
2025-05-15 20:00:00+00:00,16.2,16.29,15.72,16.02,1460.72
2025-05-16 00:00:00+00:00,16.02,16.32,15.93,16.32,183.01
2025-05-16 04:00:00+00:00,16.31,16.47,16.18,16.38,106.58
2025-05-16 08:00:00+00:00,16.32,16.51,16.05,16.36,158.25
2025-05-16 12:00:00+00:00,16.32,16.36,16.1,16.21,212.91
2025-05-16 16:00:00+00:00,16.3,16.32,15.98,16.02,399.92
2025-05-16 20:00:00+00:00,16.06,16.06,15.33,15.74,1395.92
2025-05-17 00:00:00+00:00,15.76,15.76,15.26,15.49,2311.04
2025-05-17 04:00:00+00:00,15.52,15.62,15.34,15.39,138.92
2025-05-17 08:00:00+00:00,15.4,15.45,15.25,15.36,169.16
2025-05-17 12:00:00+00:00,15.29,15.4,15.14,15.34,174.25
2025-05-17 16:00:00+00:00,15.3,15.41,15.11,15.24,490.45
2025-05-17 20:00:00+00:00,15.29,15.47,15.15,15.32,112.73
2025-05-18 00:00:00+00:00,15.33,15.41,15.28,15.38,68.15
2025-05-18 04:00:00+00:00,15.38,15.72,15.38,15.72,175.55
2025-05-18 08:00:00+00:00,15.73,15.85,15.63,15.64,103.1
2025-05-18 12:00:00+00:00,15.61,16.32,15.56,16.32,1493.63
2025-05-18 16:00:00+00:00,16.33,16.37,15.18,15.28,1723.91
2025-05-18 20:00:00+00:00,15.21,15.94,14.94,15.87,617.6
2025-05-19 00:00:00+00:00,15.87,15.98,15.14,15.14,487.33
2025-05-19 04:00:00+00:00,15.13,15.27,14.86,15.21,440.13
2025-05-19 08:00:00+00:00,15.14,15.29,15.13,15.21,137.27
2025-05-19 12:00:00+00:00,15.17,15.5,15.03,15.44,504.1
2025-05-19 16:00:00+00:00,15.39,15.88,15.39,15.77,335.84
2025-05-19 20:00:00+00:00,15.77,15.82,15.65,15.79,329.67
2025-05-20 00:00:00+00:00,15.8,16.39,15.68,16.14,2708.35
2025-05-20 04:00:00+00:00,16.08,16.26,15.92,15.92,465.78
2025-05-20 08:00:00+00:00,15.9,16.02,15.55,15.69,266.07
2025-05-20 12:00:00+00:00,15.64,15.64,15.42,15.53,571.55
2025-05-20 16:00:00+00:00,15.46,15.62,15.25,15.62,142.79
2025-05-20 20:00:00+00:00,15.58,15.77,15.53,15.65,125.66
2025-05-21 00:00:00+00:00,15.72,15.91,15.54,15.84,2167.39
2025-05-21 04:00:00+00:00,15.9,16.08,15.82,15.82,453.86
2025-05-21 08:00:00+00:00,15.87,16.23,15.6,15.87,540.35
2025-05-21 12:00:00+00:00,15.87,16.15,15.66,16.14,1672.41
2025-05-21 16:00:00+00:00,16.15,16.47,15.57,15.97,2174.12
2025-05-21 20:00:00+00:00,15.98,16.28,15.78,16.1,259.44
2025-05-22 00:00:00+00:00,16.16,16.5,16.06,16.45,1784.1
2025-05-22 04:00:00+00:00,16.4,16.46,16.23,16.4,545.89
2025-05-22 08:00:00+00:00,16.42,16.73,16.42,16.62,521.41
2025-05-22 12:00:00+00:00,16.63,16.89,16.4,16.85,687.99
2025-05-22 16:00:00+00:00,16.82,16.88,16.66,16.68,418.82
2025-05-22 20:00:00+00:00,16.72,16.77,16.55,16.75,412.21
2025-05-23 00:00:00+00:00,16.74,17.14,16.6,17.09,1399.68
2025-05-23 04:00:00+00:00,17.1,17.1,16.58,16.67,248.06
2025-05-23 08:00:00+00:00,16.7,17.12,16.25,16.27,745.17
2025-05-23 12:00:00+00:00,16.32,16.47,15.8,16.2,1054.38
2025-05-23 16:00:00+00:00,16.18,16.35,16.04,16.05,332.27
2025-05-23 20:00:00+00:00,16.04,16.04,15.44,15.54,1673.06
2025-05-24 00:00:00+00:00,15.56,15.79,15.47,15.74,525.74
2025-05-24 04:00:00+00:00,15.73,15.87,15.67,15.67,41.85
2025-05-24 08:00:00+00:00,15.7,15.9,15.64,15.82,115.7
2025-05-24 12:00:00+00:00,15.75,15.76,15.6,15.6,72.1
2025-05-24 16:00:00+00:00,15.58,15.68,15.44,15.49,415.51
2025-05-24 20:00:00+00:00,15.46,15.51,15.26,15.34,163.93
2025-05-25 00:00:00+00:00,15.38,15.47,15.1,15.45,785.61
2025-05-25 04:00:00+00:00,15.4,15.45,15.28,15.3,130.86
2025-05-25 08:00:00+00:00,15.26,15.26,15.06,15.15,381.22
2025-05-25 12:00:00+00:00,15.12,15.29,14.88,15.03,497.99
2025-05-25 16:00:00+00:00,15.02,15.17,14.91,15.16,160.69
2025-05-25 20:00:00+00:00,15.09,15.54,15.02,15.44,254.95
2025-05-26 00:00:00+00:00,15.52,15.77,15.52,15.69,533.66
2025-05-26 04:00:00+00:00,15.69,15.9,15.6,15.9,1283.17
2025-05-26 08:00:00+00:00,15.9,15.95,15.7,15.76,148.43
2025-05-26 12:00:00+00:00,15.74,15.79,15.44,15.73,309.87
2025-05-26 16:00:00+00:00,15.79,15.8,15.41,15.51,253.41
2025-05-26 20:00:00+00:00,15.44,15.65,15.42,15.45,29.24
2025-05-27 00:00:00+00:00,15.51,15.61,15.17,15.5,1358.56
2025-05-27 04:00:00+00:00,15.5,15.87,15.45,15.87,141.57
2025-05-27 08:00:00+00:00,15.85,15.94,15.83,15.9,64.08
2025-05-27 12:00:00+00:00,15.91,16.07,15.74,15.99,1316.44
2025-05-27 16:00:00+00:00,15.97,16.09,15.89,15.89,156.29
2025-05-27 20:00:00+00:00,15.95,16.01,15.78,15.9,197.9
2025-05-28 00:00:00+00:00,15.92,16.02,15.72,15.98,285.1
2025-05-28 04:00:00+00:00,16.03,16.11,15.53,15.91,1624.94
2025-05-28 08:00:00+00:00,15.82,16.0,15.74,15.95,278.4
2025-05-28 12:00:00+00:00,15.97,16.06,15.44,15.46,314.36
2025-05-28 16:00:00+00:00,15.46,15.67,15.31,15.31,548.34
2025-05-28 20:00:00+00:00,15.37,15.75,15.37,15.64,725.37
2025-05-29 00:00:00+00:00,15.66,16.16,15.61,16.0,783.25
2025-05-29 04:00:00+00:00,16.02,16.03,15.7,15.73,596.49
2025-05-29 08:00:00+00:00,15.82,15.9,15.81,15.82,59.58
2025-05-29 12:00:00+00:00,15.77,15.79,15.33,15.37,2264.39
2025-05-29 16:00:00+00:00,15.34,15.48,15.16,15.2,682.9
2025-05-29 20:00:00+00:00,15.25,15.27,15.01,15.05,139.03
2025-05-30 00:00:00+00:00,15.05,15.13,14.23,14.7,2955.22
2025-05-30 04:00:00+00:00,14.62,14.74,14.48,14.52,380.48
2025-05-30 08:00:00+00:00,14.47,14.55,14.31,14.52,76.85
2025-05-30 12:00:00+00:00,14.44,14.57,14.18,14.24,969.94
2025-05-30 16:00:00+00:00,14.22,14.33,13.86,14.3,1424.19
2025-05-30 20:00:00+00:00,14.18,14.21,13.79,13.9,626.14
2025-05-31 00:00:00+00:00,13.85,13.94,13.41,13.53,1183.6
2025-05-31 04:00:00+00:00,13.59,13.69,13.56,13.69,74.65
2025-05-31 08:00:00+00:00,13.7,13.86,13.64,13.64,71.22
2025-05-31 12:00:00+00:00,13.87,14.01,13.86,13.98,244.97
2025-05-31 16:00:00+00:00,13.89,14.18,13.89,14.1,406.82
2025-05-31 20:00:00+00:00,14.09,14.18,13.97,13.97,115.94
2025-06-01 00:00:00+00:00,13.98,13.98,13.76,13.87,515.04
2025-06-01 04:00:00+00:00,13.86,13.97,13.84,13.84,97.36
2025-06-01 08:00:00+00:00,13.79,13.79,13.6,13.68,135.34
2025-06-01 12:00:00+00:00,13.71,13.94,13.71,13.94,28.47
2025-06-01 16:00:00+00:00,13.96,14.08,13.81,13.92,129.17
2025-06-01 20:00:00+00:00,14.02,14.1,13.94,14.06,286.76
2025-06-02 00:00:00+00:00,14.04,14.04,13.82,13.82,342.69
2025-06-02 04:00:00+00:00,13.9,13.9,13.9,13.9,5.04
2025-06-02 08:00:00+00:00,13.83,13.83,13.66,13.66,102.99
2025-06-02 12:00:00+00:00,13.71,13.8,13.65,13.69,32.54
2025-06-02 16:00:00+00:00,13.68,13.8,13.61,13.61,706.86
2025-06-02 20:00:00+00:00,13.8,14.09,13.8,14.09,84.53
2025-06-03 00:00:00+00:00,14.04,14.4,14.04,14.13,153.88
2025-06-03 04:00:00+00:00,14.1,14.14,14.06,14.14,54.37
2025-06-03 08:00:00+00:00,14.07,14.13,14.01,14.13,122.75
2025-06-03 12:00:00+00:00,14.13,14.42,14.09,14.36,100.14
2025-06-03 16:00:00+00:00,14.24,14.38,14.24,14.36,85.39
2025-06-03 20:00:00+00:00,14.24,14.24,14.0,14.15,105.42
2025-06-04 00:00:00+00:00,14.18,14.39,14.09,14.39,165.09
2025-06-04 04:00:00+00:00,14.33,14.41,14.26,14.27,138.51
2025-06-04 08:00:00+00:00,14.35,14.46,14.24,14.24,90.42
2025-06-04 12:00:00+00:00,14.17,14.2,14.0,14.2,76.23
2025-06-04 16:00:00+00:00,14.09,14.09,13.92,13.93,281.73
2025-06-04 20:00:00+00:00,13.9,13.92,13.74,13.83,334.89
2025-06-05 00:00:00+00:00,13.82,13.93,13.76,13.86,84.58
2025-06-05 04:00:00+00:00,13.96,13.96,13.74,13.84,50.89
2025-06-05 08:00:00+00:00,13.73,13.82,13.64,13.71,179.94
2025-06-05 12:00:00+00:00,13.87,14.02,13.55,13.67,176.71
2025-06-05 16:00:00+00:00,13.6,13.6,13.15,13.22,801.88
2025-06-05 20:00:00+00:00,13.2,13.2,12.66,12.92,793.96
2025-06-06 00:00:00+00:00,12.89,13.18,12.88,13.18,387.26
2025-06-06 04:00:00+00:00,13.18,13.25,13.15,13.23,50.19
2025-06-06 08:00:00+00:00,13.19,13.25,13.19,13.23,47.92
2025-06-06 12:00:00+00:00,13.27,13.67,13.27,13.52,212.77
2025-06-06 16:00:00+00:00,13.58,13.59,13.39,13.52,530.93
2025-06-06 20:00:00+00:00,13.49,13.6,13.45,13.6,353.71
2025-06-07 00:00:00+00:00,13.5,13.8,13.5,13.8,96.3
2025-06-07 04:00:00+00:00,13.8,14.06,13.8,13.99,1148.5
2025-06-07 08:00:00+00:00,14.0,14.01,13.91,13.98,34.11
2025-06-07 12:00:00+00:00,13.99,14.03,13.88,13.88,73.89
2025-06-07 16:00:00+00:00,13.95,13.95,13.75,13.84,159.81
2025-06-07 20:00:00+00:00,13.8,13.88,13.78,13.84,302.93
2025-06-08 00:00:00+00:00,13.77,13.86,13.76,13.8,50.87
2025-06-08 04:00:00+00:00,13.78,13.81,13.74,13.74,224.67
2025-06-08 08:00:00+00:00,13.72,13.74,13.57,13.74,75.2
2025-06-08 12:00:00+00:00,13.76,13.84,13.73,13.82,31.5
2025-06-08 16:00:00+00:00,13.82,13.88,13.79,13.87,915.97
2025-06-08 20:00:00+00:00,13.9,13.96,13.71,13.71,65.94
2025-06-09 00:00:00+00:00,13.71,13.81,13.62,13.62,387.91
2025-06-09 04:00:00+00:00,13.61,13.61,13.56,13.56,16.59
2025-06-09 08:00:00+00:00,13.62,13.93,13.62,13.88,76.82
2025-06-09 12:00:00+00:00,13.87,14.0,13.78,13.94,568.74
2025-06-09 16:00:00+00:00,13.98,14.08,13.97,14.03,322.79
2025-06-09 20:00:00+00:00,14.04,14.36,14.02,14.32,1008.41
2025-06-10 00:00:00+00:00,14.33,14.6,14.33,14.45,392.53
2025-06-10 04:00:00+00:00,14.44,14.54,14.34,14.47,1338.62
2025-06-10 08:00:00+00:00,14.44,15.21,14.18,15.13,2469.84
2025-06-10 12:00:00+00:00,15.09,15.34,14.83,15.09,899.26
2025-06-10 16:00:00+00:00,15.14,15.52,15.08,15.21,690.59
2025-06-10 20:00:00+00:00,15.29,15.42,15.18,15.38,86.04
2025-06-11 00:00:00+00:00,15.44,15.48,15.16,15.31,126.03
2025-06-11 04:00:00+00:00,15.32,15.44,15.23,15.44,41.46
2025-06-11 08:00:00+00:00,15.34,15.47,15.09,15.09,122.21
2025-06-11 12:00:00+00:00,15.17,15.64,15.11,15.64,315.29
2025-06-11 16:00:00+00:00,15.54,15.57,15.13,15.14,307.82
2025-06-11 20:00:00+00:00,15.1,15.21,14.79,14.89,1268.41
2025-06-12 00:00:00+00:00,14.87,14.93,14.6,14.64,380.41
2025-06-12 04:00:00+00:00,14.63,14.64,14.43,14.43,405.57
2025-06-12 08:00:00+00:00,14.44,14.44,14.07,14.19,313.59
2025-06-12 12:00:00+00:00,14.11,14.5,14.11,14.36,551.13
2025-06-12 16:00:00+00:00,14.33,14.55,14.1,14.1,461.57
2025-06-12 20:00:00+00:00,14.16,14.19,13.85,14.0,1541.91
2025-06-13 00:00:00+00:00,13.98,13.98,12.8,13.28,2482.88
2025-06-13 04:00:00+00:00,13.16,13.27,13.16,13.24,458.66
2025-06-13 08:00:00+00:00,13.29,13.39,13.15,13.26,100.91
2025-06-13 12:00:00+00:00,13.37,13.45,13.12,13.43,540.53
2025-06-13 16:00:00+00:00,13.48,13.58,13.0,13.15,1229.19
2025-06-13 20:00:00+00:00,13.13,13.42,13.08,13.41,172.6
2025-06-14 00:00:00+00:00,13.39,13.45,13.22,13.22,1360.85
2025-06-14 04:00:00+00:00,13.3,13.3,13.15,13.15,31.66
2025-06-14 08:00:00+00:00,13.15,13.15,13.09,13.1,1210.77
2025-06-14 12:00:00+00:00,13.12,13.12,12.98,12.98,132.57
2025-06-14 16:00:00+00:00,13.01,13.05,12.85,13.05,440.9
2025-06-14 20:00:00+00:00,12.95,13.19,12.95,13.19,821.57
2025-06-15 00:00:00+00:00,13.23,13.24,13.18,13.23,23.17
2025-06-15 04:00:00+00:00,13.23,13.29,13.14,13.14,101.67
2025-06-15 08:00:00+00:00,13.13,13.13,13.04,13.09,32.14
2025-06-15 12:00:00+00:00,13.1,13.27,13.1,13.18,196.71
2025-06-15 16:00:00+00:00,13.12,13.21,13.12,13.21,127.43
2025-06-15 20:00:00+00:00,13.15,13.28,13.02,13.25,68.91
2025-06-16 00:00:00+00:00,13.26,13.46,13.21,13.4,158.65
2025-06-16 04:00:00+00:00,13.37,13.7,13.37,13.7,362.81
2025-06-16 08:00:00+00:00,13.68,13.68,13.63,13.63,27.73
2025-06-16 12:00:00+00:00,13.68,13.87,13.68,13.84,129.05
2025-06-16 16:00:00+00:00,13.87,14.05,13.82,14.05,532.05
2025-06-16 20:00:00+00:00,14.05,14.12,13.5,13.5,836.05
2025-06-17 00:00:00+00:00,13.49,13.78,13.35,13.64,645.15
2025-06-17 04:00:00+00:00,13.59,13.6,13.5,13.5,14.85
2025-06-17 08:00:00+00:00,13.41,13.41,13.25,13.26,97.01
2025-06-17 12:00:00+00:00,13.2,13.33,12.93,12.93,82.11
2025-06-17 16:00:00+00:00,12.99,13.18,12.85,13.18,186.54
2025-06-17 20:00:00+00:00,13.2,13.2,12.89,13.0,394.05
2025-06-18 00:00:00+00:00,13.0,13.1,12.98,13.05,115.65
2025-06-18 04:00:00+00:00,13.18,13.21,13.01,13.01,212.65
2025-06-18 08:00:00+00:00,13.05,13.05,12.7,12.85,288.52
2025-06-18 12:00:00+00:00,12.8,12.98,12.67,12.91,648.03
2025-06-18 16:00:00+00:00,12.8,12.88,12.74,12.82,119.3
2025-06-18 20:00:00+00:00,12.74,13.09,12.74,13.07,74.94
2025-06-19 00:00:00+00:00,13.07,13.24,13.01,13.12,228.69
2025-06-19 04:00:00+00:00,13.19,13.24,13.17,13.17,21.01
2025-06-19 08:00:00+00:00,13.17,13.37,13.17,13.31,69.82
2025-06-19 12:00:00+00:00,13.19,13.2,12.91,12.99,570.64
2025-06-19 16:00:00+00:00,12.96,13.12,12.96,12.99,49.61
2025-06-19 20:00:00+00:00,13.05,13.08,13.02,13.05,14.44
2025-06-20 00:00:00+00:00,13.09,13.12,13.02,13.02,439.69
2025-06-20 04:00:00+00:00,12.96,13.18,12.92,13.13,54.22
2025-06-20 08:00:00+00:00,13.24,13.24,13.11,13.12,34.1
2025-06-20 12:00:00+00:00,13.17,13.22,12.82,12.94,251.46
2025-06-20 16:00:00+00:00,12.8,12.8,12.37,12.53,1401.23
2025-06-20 20:00:00+00:00,12.6,12.7,12.41,12.49,131.26
2025-06-21 00:00:00+00:00,12.49,12.71,12.49,12.71,68.15
2025-06-21 04:00:00+00:00,12.63,12.67,12.58,12.58,35.21
2025-06-21 08:00:00+00:00,12.68,12.75,12.65,12.71,1177.83
2025-06-21 12:00:00+00:00,12.68,12.68,12.42,12.42,86.23
2025-06-21 16:00:00+00:00,12.54,12.55,12.23,12.23,114.8
2025-06-21 20:00:00+00:00,12.2,12.31,11.73,12.0,959.61
2025-06-22 00:00:00+00:00,12.03,12.17,11.86,11.96,833.08
2025-06-22 04:00:00+00:00,12.03,12.05,11.97,11.98,154.09
2025-06-22 08:00:00+00:00,11.98,11.98,11.81,11.84,901.44
2025-06-22 12:00:00+00:00,11.88,11.94,11.32,11.47,1500.32
2025-06-22 16:00:00+00:00,11.47,11.52,11.23,11.23,650.26
2025-06-22 20:00:00+00:00,11.21,11.67,10.96,11.67,630.58
2025-06-23 00:00:00+00:00,11.66,11.75,11.59,11.67,142.92
2025-06-23 04:00:00+00:00,11.75,11.89,11.75,11.89,33.81
2025-06-23 08:00:00+00:00,11.84,11.84,11.8,11.8,21.27
2025-06-23 12:00:00+00:00,11.81,12.08,11.71,11.76,1287.13
2025-06-23 16:00:00+00:00,11.75,12.17,11.43,12.17,1567.08
2025-06-23 20:00:00+00:00,12.14,12.93,12.13,12.84,2872.05
2025-06-24 00:00:00+00:00,12.84,13.0,12.8,12.93,1086.41
2025-06-24 04:00:00+00:00,13.01,13.29,13.01,13.04,1356.11
2025-06-24 08:00:00+00:00,13.0,13.19,12.95,13.12,58.93
2025-06-24 12:00:00+00:00,13.17,13.43,13.04,13.38,1138.41
2025-06-24 16:00:00+00:00,13.41,13.71,13.27,13.3,425.04
2025-06-24 20:00:00+00:00,13.36,13.4,13.27,13.37,457.98
2025-06-25 00:00:00+00:00,13.41,13.47,13.29,13.44,62.09
2025-06-25 04:00:00+00:00,13.32,13.48,13.29,13.48,29.16
2025-06-25 08:00:00+00:00,13.4,13.42,13.25,13.26,393.7
2025-06-25 12:00:00+00:00,13.2,13.32,13.02,13.03,1292.07
2025-06-25 16:00:00+00:00,13.05,13.21,13.05,13.21,120.56
2025-06-25 20:00:00+00:00,13.2,13.29,13.06,13.13,86.68
2025-06-26 00:00:00+00:00,13.12,13.54,13.1,13.37,783.32
2025-06-26 04:00:00+00:00,13.32,13.32,13.24,13.32,50.63
2025-06-26 08:00:00+00:00,13.37,13.37,13.17,13.18,48.95
2025-06-26 12:00:00+00:00,13.16,13.17,12.99,13.06,632.68
2025-06-26 16:00:00+00:00,13.07,13.14,13.0,13.13,212.57
2025-06-26 20:00:00+00:00,13.14,13.25,12.92,12.95,631.04
2025-06-27 00:00:00+00:00,12.95,13.16,12.79,13.16,218.47
2025-06-27 04:00:00+00:00,13.17,13.2,13.05,13.05,26.17
2025-06-27 08:00:00+00:00,13.01,13.17,13.01,13.01,50.32
2025-06-27 12:00:00+00:00,13.07,13.07,12.84,13.07,497.88
2025-06-27 16:00:00+00:00,12.98,13.16,12.74,12.75,243.34
2025-06-27 20:00:00+00:00,12.92,13.06,12.72,13.04,764.8
2025-06-28 00:00:00+00:00,13.04,13.17,13.02,13.12,240.92
2025-06-28 04:00:00+00:00,13.15,13.15,13.1,13.12,39.55
2025-06-28 08:00:00+00:00,13.11,13.18,13.1,13.1,28.87
2025-06-28 12:00:00+00:00,13.1,13.26,12.99,13.26,1250.68
2025-06-28 16:00:00+00:00,13.28,13.39,13.2,13.33,1390.82
2025-06-28 20:00:00+00:00,13.3,13.45,13.3,13.39,192.82
2025-06-29 00:00:00+00:00,13.39,13.42,13.3,13.3,618.96
2025-06-29 04:00:00+00:00,13.29,13.37,13.29,13.37,2259.85
2025-06-29 08:00:00+00:00,13.43,13.46,13.43,13.46,11.82
2025-06-29 12:00:00+00:00,13.39,13.41,13.24,13.27,488.93
2025-06-29 16:00:00+00:00,13.26,13.39,13.19,13.35,1355.34
2025-06-29 20:00:00+00:00,13.33,13.87,13.28,13.73,882.07
2025-06-30 00:00:00+00:00,13.72,13.77,13.49,13.49,93.67
2025-06-30 04:00:00+00:00,13.45,13.46,13.23,13.23,812.45
2025-06-30 08:00:00+00:00,13.33,13.33,13.19,13.23,58.31
2025-06-30 12:00:00+00:00,13.18,13.32,13.14,13.32,57.09
2025-06-30 16:00:00+00:00,13.32,13.59,13.31,13.59,1072.55
2025-06-30 20:00:00+00:00,13.57,13.65,13.41,13.44,546.76
2025-07-01 00:00:00+00:00,13.36,13.41,13.25,13.29,587.51
2025-07-01 04:00:00+00:00,13.23,13.23,13.1,13.19,56.23
2025-07-01 08:00:00+00:00,13.17,13.17,13.15,13.17,30.12
2025-07-01 12:00:00+00:00,13.13,13.15,12.97,13.0,1160.66
2025-07-01 16:00:00+00:00,13.01,13.06,12.85,12.85,816.37
2025-07-01 20:00:00+00:00,12.82,12.9,12.78,12.84,506.17
2025-07-02 00:00:00+00:00,12.88,12.94,12.75,12.91,94.72
2025-07-02 04:00:00+00:00,12.88,13.08,12.88,13.05,1072.07
2025-07-02 08:00:00+00:00,13.09,13.17,13.06,13.15,629.95
2025-07-02 12:00:00+00:00,13.06,13.35,13.01,13.35,124.65
2025-07-02 16:00:00+00:00,13.37,13.76,13.37,13.76,2016.57
2025-07-02 20:00:00+00:00,13.76,13.82,13.57,13.57,886.84
2025-07-03 00:00:00+00:00,13.56,13.57,13.43,13.53,193.09
2025-07-03 04:00:00+00:00,13.51,13.88,13.51,13.88,2926.97
2025-07-03 08:00:00+00:00,13.88,13.93,13.73,13.77,356.17
2025-07-03 12:00:00+00:00,13.88,14.08,13.59,13.64,515.55
2025-07-03 16:00:00+00:00,13.63,13.75,13.58,13.71,582.29
2025-07-03 20:00:00+00:00,13.79,13.79,13.67,13.68,478.13
2025-07-04 00:00:00+00:00,13.69,13.75,13.57,13.57,45.14
2025-07-04 04:00:00+00:00,13.58,13.58,13.38,13.38,988.94
2025-07-04 08:00:00+00:00,13.37,13.44,13.25,13.35,255.83
2025-07-04 12:00:00+00:00,13.32,13.32,13.08,13.11,1072.95
2025-07-04 16:00:00+00:00,13.11,13.13,12.99,13.0,1026.71
2025-07-04 20:00:00+00:00,13.02,13.14,13.02,13.14,67.26
2025-07-05 00:00:00+00:00,13.19,13.22,13.13,13.2,138.43
2025-07-05 04:00:00+00:00,13.19,13.24,13.16,13.24,105.78
2025-07-05 08:00:00+00:00,13.18,13.18,13.1,13.18,33.33
2025-07-05 12:00:00+00:00,13.18,13.18,13.15,13.15,13.63
2025-07-05 16:00:00+00:00,13.11,13.11,13.01,13.03,134.88
2025-07-05 20:00:00+00:00,13.1,13.21,13.1,13.21,28338.28
2025-07-06 00:00:00+00:00,13.19,13.21,13.18,13.18,10721.71
2025-07-06 04:00:00+00:00,13.2,13.21,13.15,13.21,8824.15
2025-07-06 08:00:00+00:00,13.13,13.17,13.13,13.17,15.65
2025-07-06 12:00:00+00:00,13.21,13.46,13.21,13.46,8370.67
2025-07-06 16:00:00+00:00,13.46,13.46,13.38,13.38,3595.28
2025-07-06 20:00:00+00:00,13.41,13.68,13.4,13.48,2321.51
2025-07-07 00:00:00+00:00,13.48,13.63,13.43,13.61,7403.0
2025-07-07 04:00:00+00:00,13.55,13.68,13.5,13.63,227.15
2025-07-07 08:00:00+00:00,13.59,13.6,13.54,13.54,158.07
2025-07-07 12:00:00+00:00,13.54,13.66,13.44,13.51,136.68
2025-07-07 16:00:00+00:00,13.53,13.56,13.35,13.44,259.58
2025-07-07 20:00:00+00:00,13.35,13.44,13.27,13.44,86.54
2025-07-08 00:00:00+00:00,13.41,13.44,13.23,13.24,1580.81
2025-07-08 04:00:00+00:00,13.24,13.31,13.21,13.31,13.59
2025-07-08 08:00:00+00:00,13.25,13.51,13.25,13.51,1588.22
2025-07-08 12:00:00+00:00,13.52,13.66,13.43,13.46,65.79
2025-07-08 16:00:00+00:00,13.5,13.9,13.45,13.87,353.45
2025-07-08 20:00:00+00:00,13.91,13.99,13.87,13.93,316.24
2025-07-09 00:00:00+00:00,13.97,13.97,13.82,13.94,312.74
2025-07-09 04:00:00+00:00,13.85,14.21,13.8,14.21,385.82
2025-07-09 08:00:00+00:00,14.19,14.19,13.98,14.05,630.65
2025-07-09 12:00:00+00:00,14.04,14.14,13.88,14.0,428.16
2025-07-09 16:00:00+00:00,14.03,14.34,13.94,14.34,970.76
2025-07-09 20:00:00+00:00,14.33,14.35,14.12,14.27,602.64
2025-07-10 00:00:00+00:00,14.24,14.38,14.17,14.28,672.51
2025-07-10 04:00:00+00:00,14.32,14.48,14.23,14.42,342.04
2025-07-10 08:00:00+00:00,14.44,14.46,14.31,14.33,153.32
2025-07-10 12:00:00+00:00,14.32,14.36,14.23,14.29,473.4
2025-07-10 16:00:00+00:00,14.34,14.72,14.34,14.65,2511.57
2025-07-10 20:00:00+00:00,14.67,15.31,14.67,15.26,1791.53
2025-07-11 00:00:00+00:00,15.26,15.43,15.01,15.35,404.29
2025-07-11 04:00:00+00:00,15.36,15.6,15.24,15.29,343.08
2025-07-11 08:00:00+00:00,15.39,15.57,15.39,15.43,1345.94
2025-07-11 12:00:00+00:00,15.49,15.85,15.44,15.47,864.51
2025-07-11 16:00:00+00:00,15.54,15.8,15.44,15.73,944.82
2025-07-11 20:00:00+00:00,15.76,15.81,15.04,15.28,2775.49
2025-07-12 00:00:00+00:00,15.32,15.46,15.08,15.31,281.05
2025-07-12 04:00:00+00:00,15.38,15.39,15.14,15.24,58.86
2025-07-12 08:00:00+00:00,15.29,15.39,15.23,15.23,409.96
2025-07-12 12:00:00+00:00,15.29,15.29,14.68,14.79,3083.57
2025-07-12 16:00:00+00:00,14.79,15.07,14.79,15.05,86.39
2025-07-12 20:00:00+00:00,15.01,15.09,14.89,15.09,301.92
2025-07-13 00:00:00+00:00,15.08,15.19,15.07,15.14,3345.22
2025-07-13 04:00:00+00:00,15.16,15.34,15.12,15.34,392.58
2025-07-13 08:00:00+00:00,15.36,15.39,15.29,15.39,269.45
2025-07-13 12:00:00+00:00,15.42,15.93,15.41,15.72,577.75
2025-07-13 16:00:00+00:00,15.74,15.94,15.56,15.79,916.68
2025-07-13 20:00:00+00:00,15.84,15.87,15.49,15.68,87.83
2025-07-14 00:00:00+00:00,15.69,16.2,15.66,16.14,4180.09
2025-07-14 04:00:00+00:00,16.17,16.28,15.95,16.14,703.51
2025-07-14 08:00:00+00:00,16.08,16.3,15.96,16.24,245.04
2025-07-14 12:00:00+00:00,16.22,16.48,15.85,15.96,1578.92
2025-07-14 16:00:00+00:00,15.96,16.14,15.71,15.74,463.32
2025-07-14 20:00:00+00:00,15.71,15.88,15.6,15.78,427.75
2025-07-15 00:00:00+00:00,15.74,15.84,15.19,15.24,2296.56
2025-07-15 04:00:00+00:00,15.27,15.49,15.17,15.44,952.32
2025-07-15 08:00:00+00:00,15.39,15.49,15.28,15.34,236.43
2025-07-15 12:00:00+00:00,15.31,15.71,15.19,15.55,461.28
2025-07-15 16:00:00+00:00,15.62,16.17,15.59,15.61,1791.05
2025-07-15 20:00:00+00:00,15.65,16.17,15.59,16.09,973.24
2025-07-16 00:00:00+00:00,16.09,16.21,15.87,15.95,2216.53
2025-07-16 04:00:00+00:00,15.94,16.35,15.84,16.32,367.51
2025-07-16 08:00:00+00:00,16.33,16.61,16.33,16.47,368.24
2025-07-16 12:00:00+00:00,16.4,16.82,16.4,16.59,411.55
2025-07-16 16:00:00+00:00,16.62,17.0,16.61,16.86,1110.82
2025-07-16 20:00:00+00:00,16.92,17.02,16.61,16.67,1547.07
2025-07-17 00:00:00+00:00,16.74,16.83,16.34,16.44,1415.42
2025-07-17 04:00:00+00:00,16.44,17.01,16.38,17.01,1211.52
2025-07-17 08:00:00+00:00,16.92,17.25,16.92,17.1,1436.74
2025-07-17 12:00:00+00:00,17.07,17.31,16.82,17.14,981.22
2025-07-17 16:00:00+00:00,17.18,17.31,16.79,17.06,1585.05
2025-07-17 20:00:00+00:00,17.04,18.06,16.87,17.99,5121.97
2025-07-18 00:00:00+00:00,18.02,18.74,17.88,18.72,20361.73
2025-07-18 04:00:00+00:00,18.7,19.12,18.51,18.52,1667.87
2025-07-18 08:00:00+00:00,18.6,18.75,18.28,18.36,1916.74
2025-07-18 12:00:00+00:00,18.42,18.66,17.75,17.94,2814.04
2025-07-18 16:00:00+00:00,17.97,18.12,17.64,17.7,778.25
2025-07-18 20:00:00+00:00,17.64,17.9,17.34,17.82,1193.11
2025-07-19 00:00:00+00:00,17.88,18.21,17.55,18.21,914.88
2025-07-19 04:00:00+00:00,18.24,18.33,17.94,18.0,571.22
2025-07-19 08:00:00+00:00,17.94,17.96,17.74,17.74,150.77
2025-07-19 12:00:00+00:00,17.7,17.94,17.61,17.94,1388.03
2025-07-19 16:00:00+00:00,17.88,18.49,17.88,18.36,1159.34
2025-07-19 20:00:00+00:00,18.4,18.51,18.13,18.38,666.28
2025-07-20 00:00:00+00:00,18.43,18.79,18.31,18.72,1525.17
2025-07-20 04:00:00+00:00,18.65,18.95,18.54,18.78,759.21
2025-07-20 08:00:00+00:00,18.82,19.65,18.82,19.34,1392.32
2025-07-20 12:00:00+00:00,19.39,19.95,19.2,19.72,1337.7
2025-07-20 16:00:00+00:00,19.73,19.76,19.19,19.5,7295.07
2025-07-20 20:00:00+00:00,19.45,19.52,18.91,19.29,1160.5
2025-07-21 00:00:00+00:00,19.35,19.57,19.0,19.51,1939.9
2025-07-21 04:00:00+00:00,19.49,19.9,19.41,19.73,1487.45
2025-07-21 08:00:00+00:00,19.82,20.2,19.6,20.07,2165.26
2025-07-21 12:00:00+00:00,20.06,20.23,19.74,19.82,1221.76
2025-07-21 16:00:00+00:00,19.8,19.82,19.21,19.23,994.64
2025-07-21 20:00:00+00:00,19.29,19.59,19.29,19.53,393.86
2025-07-22 00:00:00+00:00,19.47,19.96,19.04,19.53,2182.19
2025-07-22 04:00:00+00:00,19.51,22.0,18.93,19.04,9296.43
2025-07-22 08:00:00+00:00,19.0,19.33,18.64,19.23,632.96
2025-07-22 12:00:00+00:00,19.22,19.42,18.77,19.35,773.31
2025-07-22 16:00:00+00:00,19.36,19.55,18.97,19.06,930.16
2025-07-22 20:00:00+00:00,19.06,19.67,19.06,19.66,1366.94
2025-07-23 00:00:00+00:00,19.59,19.73,19.44,19.44,860.21
2025-07-23 04:00:00+00:00,19.49,19.65,18.94,19.09,9001.31
2025-07-23 08:00:00+00:00,19.12,19.23,18.78,18.92,1313.48
2025-07-23 12:00:00+00:00,18.87,18.9,17.85,18.48,4761.57
2025-07-23 16:00:00+00:00,18.36,18.36,17.7,18.0,1124.14
2025-07-23 20:00:00+00:00,18.06,18.26,17.58,18.15,928.84
2025-07-24 00:00:00+00:00,18.16,18.46,18.06,18.27,880.51
2025-07-24 04:00:00+00:00,18.22,18.26,17.17,17.71,1013.08
2025-07-24 08:00:00+00:00,17.69,18.1,17.63,18.1,407.59
2025-07-24 12:00:00+00:00,18.12,18.64,17.81,18.5,464.4
2025-07-24 16:00:00+00:00,18.42,18.54,18.11,18.35,463.9
2025-07-24 20:00:00+00:00,18.36,18.43,17.88,17.88,371.69
2025-07-25 00:00:00+00:00,17.88,17.88,17.27,17.5,1428.27
2025-07-25 04:00:00+00:00,17.49,17.68,17.34,17.5,156.14
2025-07-25 08:00:00+00:00,17.5,18.38,17.5,18.27,510.89
2025-07-25 12:00:00+00:00,18.38,18.43,17.42,17.63,576.0
2025-07-25 16:00:00+00:00,17.64,17.84,17.5,17.84,282.2
2025-07-25 20:00:00+00:00,17.73,18.38,17.66,18.23,444.04
2025-07-26 00:00:00+00:00,18.2,18.45,18.19,18.37,240.24
2025-07-26 04:00:00+00:00,18.38,18.38,18.23,18.24,487.13
2025-07-26 08:00:00+00:00,18.25,18.46,18.24,18.24,458.83
2025-07-26 12:00:00+00:00,18.2,18.39,18.19,18.36,288.49
2025-07-26 16:00:00+00:00,18.43,18.56,18.25,18.56,269.86
2025-07-26 20:00:00+00:00,18.45,18.61,18.35,18.41,343.46
2025-07-27 00:00:00+00:00,18.38,18.76,18.38,18.67,262.09
2025-07-27 04:00:00+00:00,18.76,19.03,18.74,18.76,492.64
2025-07-27 08:00:00+00:00,18.77,18.96,18.55,18.75,286.31
2025-07-27 12:00:00+00:00,18.8,18.92,18.67,18.81,371.22
2025-07-27 16:00:00+00:00,18.88,19.12,18.88,19.03,2320.27
2025-07-27 20:00:00+00:00,19.02,19.29,18.92,19.21,657.29
2025-07-28 00:00:00+00:00,19.23,19.41,18.94,19.12,1490.57
2025-07-28 04:00:00+00:00,19.17,19.52,19.05,19.26,1201.58
2025-07-28 08:00:00+00:00,19.26,19.26,18.96,19.06,111.72
2025-07-28 12:00:00+00:00,19.06,19.06,18.3,18.3,3473.59
2025-07-28 16:00:00+00:00,18.35,18.49,18.12,18.12,17999.88
2025-07-28 20:00:00+00:00,18.14,18.27,17.96,18.05,4967.69
2025-07-29 00:00:00+00:00,18.15,18.28,17.9,18.27,257.66
2025-07-29 04:00:00+00:00,18.25,18.56,18.13,18.55,248.27
2025-07-29 08:00:00+00:00,18.57,18.59,18.0,18.0,310.94
2025-07-29 12:00:00+00:00,18.15,18.3,17.62,17.75,2404.82
2025-07-29 16:00:00+00:00,17.7,17.9,17.5,17.64,687.46
2025-07-29 20:00:00+00:00,17.63,17.85,17.6,17.79,76.74
2025-07-30 00:00:00+00:00,17.83,17.9,17.63,17.89,99.0
2025-07-30 04:00:00+00:00,17.88,17.88,17.64,17.75,399.09
2025-07-30 08:00:00+00:00,17.64,17.75,17.04,17.24,2187.42
2025-07-30 12:00:00+00:00,17.23,17.7,17.23,17.54,663.61
2025-07-30 16:00:00+00:00,17.64,17.75,16.82,17.47,2254.57
2025-07-30 20:00:00+00:00,17.45,17.75,17.37,17.7,356.81
2025-07-31 00:00:00+00:00,17.68,18.06,17.67,18.06,176.25
2025-07-31 04:00:00+00:00,18.01,18.1,17.96,18.02,142.9
2025-07-31 08:00:00+00:00,18.04,18.19,17.96,17.96,61.0
2025-07-31 12:00:00+00:00,18.0,18.0,17.37,17.44,1283.61
2025-07-31 16:00:00+00:00,17.54,17.84,17.24,17.24,341.31
2025-07-31 20:00:00+00:00,17.24,17.28,16.87,16.92,1588.11
2025-08-01 00:00:00+00:00,16.86,17.04,16.46,16.88,1606.12
2025-08-01 04:00:00+00:00,16.88,16.88,16.51,16.55,559.32
2025-08-01 08:00:00+00:00,16.55,16.61,16.3,16.61,296.72
2025-08-01 12:00:00+00:00,16.62,16.79,16.19,16.65,594.76
2025-08-01 16:00:00+00:00,16.69,16.73,16.17,16.34,455.41
2025-08-01 20:00:00+00:00,16.39,16.39,15.73,16.1,1321.96
2025-08-02 00:00:00+00:00,16.09,16.22,16.09,16.18,153.16
2025-08-02 04:00:00+00:00,16.21,16.35,15.8,16.1,334.33
2025-08-02 08:00:00+00:00,15.98,15.98,15.85,15.98,205.21
2025-08-02 12:00:00+00:00,15.98,16.07,15.76,15.76,1698.2
2025-08-02 16:00:00+00:00,15.79,15.89,15.44,15.61,661.28
2025-08-02 20:00:00+00:00,15.6,15.79,15.55,15.65,66.85
2025-08-03 00:00:00+00:00,15.68,15.9,15.01,15.9,2399.5
2025-08-03 04:00:00+00:00,15.88,16.0,15.84,16.0,226.03
2025-08-03 08:00:00+00:00,16.02,16.22,16.01,16.13,181.96
2025-08-03 12:00:00+00:00,16.16,16.17,16.1,16.1,35.13
2025-08-03 16:00:00+00:00,16.26,16.33,16.23,16.23,635.35
2025-08-03 20:00:00+00:00,16.23,16.38,16.21,16.3,85.62
2025-08-04 00:00:00+00:00,16.31,16.64,16.27,16.54,278.57
2025-08-04 04:00:00+00:00,16.63,16.65,16.45,16.65,77.73
2025-08-04 08:00:00+00:00,16.67,16.74,16.56,16.56,163.37
2025-08-04 12:00:00+00:00,16.55,16.94,16.55,16.9,421.35
2025-08-04 16:00:00+00:00,16.94,17.18,16.82,16.84,318.96
2025-08-04 20:00:00+00:00,16.86,17.15,16.86,17.13,141.51
2025-08-05 00:00:00+00:00,17.06,17.12,16.78,16.81,155.13
2025-08-05 04:00:00+00:00,16.78,16.9,16.45,16.55,389.52
2025-08-05 08:00:00+00:00,16.57,16.97,16.57,16.88,192.24
2025-08-05 12:00:00+00:00,16.82,16.82,16.26,16.26,774.22
2025-08-05 16:00:00+00:00,16.36,16.41,16.26,16.26,100.35
2025-08-05 20:00:00+00:00,16.28,16.41,16.1,16.41,449.75
2025-08-06 00:00:00+00:00,16.37,16.37,16.07,16.07,304.93
2025-08-06 04:00:00+00:00,16.06,16.51,16.05,16.49,159.84
2025-08-06 08:00:00+00:00,16.41,16.45,16.35,16.45,72.57
2025-08-06 12:00:00+00:00,16.36,16.77,16.26,16.77,246.9
2025-08-06 16:00:00+00:00,16.79,16.89,16.63,16.74,62.91
2025-08-06 20:00:00+00:00,16.71,16.78,16.7,16.7,312.03
2025-08-07 00:00:00+00:00,16.65,16.74,16.59,16.59,126.94
2025-08-07 04:00:00+00:00,16.64,16.82,16.64,16.82,39.46
2025-08-07 08:00:00+00:00,16.84,17.41,16.83,17.34,316.26
2025-08-07 12:00:00+00:00,17.38,18.08,17.32,17.84,3919.42
2025-08-07 16:00:00+00:00,17.83,18.3,17.64,18.27,1114.84
2025-08-07 20:00:00+00:00,18.31,18.49,18.23,18.49,1457.79
2025-08-08 00:00:00+00:00,18.49,19.2,18.1,19.2,1562.33
2025-08-08 04:00:00+00:00,19.15,19.41,18.78,19.41,604.92
2025-08-08 08:00:00+00:00,19.29,19.48,19.18,19.48,1669.11
2025-08-08 12:00:00+00:00,19.44,19.9,19.07,19.18,1937.37
2025-08-08 16:00:00+00:00,19.26,19.73,19.11,19.73,624.82
2025-08-08 20:00:00+00:00,19.65,19.94,19.51,19.91,1505.31
2025-08-09 00:00:00+00:00,19.94,20.92,19.72,20.8,1834.38
2025-08-09 04:00:00+00:00,20.91,21.48,20.71,20.73,1581.05
2025-08-09 08:00:00+00:00,20.89,21.14,20.75,20.86,488.37
2025-08-09 12:00:00+00:00,21.02,21.41,20.93,21.05,954.12
2025-08-09 16:00:00+00:00,21.23,21.41,21.11,21.26,679.67
2025-08-09 20:00:00+00:00,21.28,21.97,21.19,21.97,1687.68
2025-08-10 00:00:00+00:00,21.92,22.18,20.43,21.33,2651.49
2025-08-10 04:00:00+00:00,21.41,22.68,21.41,21.89,1286.69
2025-08-10 08:00:00+00:00,21.94,22.22,21.56,21.56,119.09
2025-08-10 12:00:00+00:00,21.6,22.52,21.18,22.52,1308.29
2025-08-10 16:00:00+00:00,22.45,22.65,22.02,22.1,1021.36
2025-08-10 20:00:00+00:00,22.1,22.22,21.82,22.12,443.9
2025-08-11 00:00:00+00:00,22.0,22.39,21.82,22.27,1502.9
2025-08-11 04:00:00+00:00,22.36,22.6,21.91,21.95,598.19
2025-08-11 08:00:00+00:00,21.98,22.04,21.24,21.29,876.18
2025-08-11 12:00:00+00:00,21.32,22.04,21.22,21.91,1949.52
2025-08-11 16:00:00+00:00,22.0,22.22,21.25,21.34,974.25
2025-08-11 20:00:00+00:00,21.41,21.41,20.87,21.16,483.46
2025-08-12 00:00:00+00:00,21.09,21.71,21.06,21.44,672.02
2025-08-12 04:00:00+00:00,21.45,21.71,21.43,21.48,175.7
2025-08-12 08:00:00+00:00,21.44,21.63,21.0,21.25,1440.97
2025-08-12 12:00:00+00:00,21.34,24.09,21.34,24.0,6526.28
2025-08-12 16:00:00+00:00,24.03,24.21,23.19,23.42,848.45
2025-08-12 20:00:00+00:00,23.4,23.68,23.14,23.57,2066.84
2025-08-13 00:00:00+00:00,23.55,24.53,23.32,24.53,2901.72
2025-08-13 04:00:00+00:00,24.54,24.73,23.28,23.43,3659.72
2025-08-13 08:00:00+00:00,23.44,24.32,23.4,24.22,264.38
2025-08-13 12:00:00+00:00,24.16,24.16,23.38,23.62,1794.87
2025-08-13 16:00:00+00:00,23.7,23.91,23.48,23.77,2093.2
2025-08-13 20:00:00+00:00,23.81,24.12,23.54,24.02,3500.0
2025-08-14 00:00:00+00:00,23.92,24.28,23.78,24.27,984.37
2025-08-14 04:00:00+00:00,24.24,24.24,23.44,23.54,2604.69
2025-08-14 08:00:00+00:00,23.58,23.82,23.23,23.29,368.67
2025-08-14 12:00:00+00:00,23.32,23.52,21.56,22.82,2148.59
2025-08-14 16:00:00+00:00,22.77,22.8,22.14,22.45,993.65
2025-08-14 20:00:00+00:00,22.36,22.56,21.89,22.45,3946.08
2025-08-15 00:00:00+00:00,22.44,22.82,22.2,22.82,1202.06
2025-08-15 04:00:00+00:00,22.7,22.99,22.44,22.57,181.43
2025-08-15 08:00:00+00:00,22.61,22.64,22.18,22.18,313.18
2025-08-15 12:00:00+00:00,22.27,22.54,21.47,21.63,1347.85
2025-08-15 16:00:00+00:00,21.54,21.89,21.4,21.58,1020.05
2025-08-15 20:00:00+00:00,21.45,22.05,21.37,21.78,198.06
2025-08-16 00:00:00+00:00,21.73,22.11,21.73,21.82,316.19
2025-08-16 04:00:00+00:00,21.81,22.09,21.56,22.09,55.28
2025-08-16 08:00:00+00:00,22.03,22.14,21.45,21.45,191.4
2025-08-16 12:00:00+00:00,21.44,22.11,21.44,22.03,278.78
2025-08-16 16:00:00+00:00,21.99,22.86,21.98,22.66,274.97
2025-08-16 20:00:00+00:00,22.82,22.97,22.58,22.66,485.25
2025-08-17 00:00:00+00:00,22.65,23.41,22.36,23.32,410.16
2025-08-17 04:00:00+00:00,23.32,24.51,23.32,24.26,2090.08
2025-08-17 08:00:00+00:00,24.22,24.81,24.19,24.64,1475.5
2025-08-17 12:00:00+00:00,24.66,26.25,24.46,26.25,5698.75
2025-08-17 16:00:00+00:00,26.25,26.3,25.29,25.38,1505.06
2025-08-17 20:00:00+00:00,25.42,25.89,25.37,25.7,5324.76
2025-08-18 00:00:00+00:00,25.67,26.19,24.62,25.16,6211.64
2025-08-18 04:00:00+00:00,25.02,25.08,24.31,24.72,2170.56
2025-08-18 08:00:00+00:00,24.7,25.23,24.4,24.49,169.04
2025-08-18 12:00:00+00:00,24.56,25.89,24.48,25.37,3903.54
2025-08-18 16:00:00+00:00,25.41,25.95,24.79,25.52,1529.27
2025-08-18 20:00:00+00:00,25.48,26.68,25.14,25.76,10768.66
2025-08-19 00:00:00+00:00,25.77,25.8,24.13,24.21,3219.63
2025-08-19 04:00:00+00:00,24.21,24.62,23.94,24.32,2209.88
2025-08-19 08:00:00+00:00,24.28,24.91,24.12,24.72,1278.69
2025-08-19 12:00:00+00:00,24.66,24.92,23.91,24.31,2402.04
2025-08-19 16:00:00+00:00,24.3,24.42,23.48,23.92,2110.73
2025-08-19 20:00:00+00:00,23.98,24.03,23.52,23.52,1150.14
2025-08-20 00:00:00+00:00,23.54,24.36,23.37,23.98,12743.23
2025-08-20 04:00:00+00:00,24.09,24.81,24.09,24.45,888.53
2025-08-20 08:00:00+00:00,24.49,25.19,24.42,24.88,3503.68
2025-08-20 12:00:00+00:00,24.92,26.49,24.58,25.93,5774.15
2025-08-20 16:00:00+00:00,26.04,26.26,25.46,26.12,2562.85
2025-08-20 20:00:00+00:00,26.12,26.88,26.05,26.41,2548.58
2025-08-21 00:00:00+00:00,26.4,26.54,25.75,25.75,12487.26
2025-08-21 04:00:00+00:00,25.81,25.82,25.52,25.72,83.53
2025-08-21 08:00:00+00:00,25.76,26.36,25.64,26.14,1828.43
2025-08-21 12:00:00+00:00,26.14,26.15,25.02,25.02,956.13
2025-08-21 16:00:00+00:00,25.11,25.22,24.7,24.9,2550.31
2025-08-21 20:00:00+00:00,24.97,25.1,24.61,24.75,1271.26
2025-08-22 00:00:00+00:00,24.78,25.19,24.57,24.69,908.25
2025-08-22 04:00:00+00:00,24.72,25.12,24.64,25.12,292.1
2025-08-22 08:00:00+00:00,25.02,25.23,24.25,24.34,832.99
2025-08-22 12:00:00+00:00,24.29,26.71,24.14,26.54,10633.46
2025-08-22 16:00:00+00:00,26.54,27.86,26.54,27.25,4551.97
2025-08-22 20:00:00+00:00,27.14,27.31,26.67,26.84,872.07
2025-08-23 00:00:00+00:00,26.76,26.81,25.87,25.98,1563.17
2025-08-23 04:00:00+00:00,26.04,26.24,25.76,25.88,2374.67
2025-08-23 08:00:00+00:00,25.93,25.93,25.62,25.62,142.18
2025-08-23 12:00:00+00:00,25.65,26.2,25.56,25.99,529.17
2025-08-23 16:00:00+00:00,26.02,26.23,25.88,26.19,306.84
2025-08-23 20:00:00+00:00,26.15,26.36,26.08,26.33,2780.77
2025-08-24 00:00:00+00:00,26.24,26.28,25.72,25.99,913.25
2025-08-24 04:00:00+00:00,25.91,25.96,25.6,25.62,122.62
2025-08-24 08:00:00+00:00,25.62,25.72,25.3,25.49,964.85
2025-08-24 12:00:00+00:00,25.6,25.86,25.5,25.52,470.72
2025-08-24 16:00:00+00:00,25.62,26.65,25.28,26.02,3855.81
2025-08-24 20:00:00+00:00,26.1,26.22,25.01,25.82,2701.63
2025-08-25 00:00:00+00:00,25.83,26.4,25.37,25.91,1329.78
2025-08-25 04:00:00+00:00,25.95,26.38,24.86,24.86,2605.27
2025-08-25 08:00:00+00:00,24.97,25.15,24.39,24.61,583.55
2025-08-25 12:00:00+00:00,24.57,24.67,24.27,24.42,2398.16
2025-08-25 16:00:00+00:00,24.31,24.75,23.62,23.62,3699.95
2025-08-25 20:00:00+00:00,23.68,23.8,23.11,23.42,1495.53
2025-08-26 00:00:00+00:00,23.42,23.62,23.1,23.16,1171.71
2025-08-26 04:00:00+00:00,23.17,23.5,22.9,23.21,821.77
2025-08-26 08:00:00+00:00,23.13,23.73,22.92,23.54,134.61
2025-08-26 12:00:00+00:00,23.43,24.53,23.42,24.11,1695.28
2025-08-26 16:00:00+00:00,24.22,24.45,23.97,24.45,785.99
2025-08-26 20:00:00+00:00,24.31,24.73,24.28,24.39,197.72
2025-08-27 00:00:00+00:00,24.45,24.53,24.07,24.46,665.47
2025-08-27 04:00:00+00:00,24.32,24.65,24.02,24.02,596.96
2025-08-27 08:00:00+00:00,24.19,24.57,24.01,24.33,100.68
2025-08-27 12:00:00+00:00,24.22,24.62,24.11,24.36,351.77
2025-08-27 16:00:00+00:00,24.42,24.53,24.09,24.2,423.04
2025-08-27 20:00:00+00:00,24.12,24.45,23.61,23.73,339.4
2025-08-28 00:00:00+00:00,23.75,23.92,23.58,23.82,146.02
2025-08-28 04:00:00+00:00,23.91,24.34,23.91,24.2,147.13
2025-08-28 08:00:00+00:00,24.22,24.42,23.62,23.87,263.97
2025-08-28 12:00:00+00:00,23.92,25.99,23.82,24.71,10475.48
2025-08-28 16:00:00+00:00,24.78,25.27,24.5,24.5,1195.3
2025-08-28 20:00:00+00:00,24.5,25.38,24.45,25.17,914.16
2025-08-29 00:00:00+00:00,25.16,25.2,24.13,24.28,611.95
2025-08-29 04:00:00+00:00,24.27,24.27,23.52,23.52,1316.7
2025-08-29 08:00:00+00:00,23.5,23.52,23.26,23.37,522.39
2025-08-29 12:00:00+00:00,23.45,24.09,23.15,23.42,1028.55
2025-08-29 16:00:00+00:00,23.49,23.54,23.18,23.32,1251.38
2025-08-29 20:00:00+00:00,23.32,23.5,23.17,23.44,136.09
2025-08-30 00:00:00+00:00,23.41,23.53,22.88,23.22,1891.22
2025-08-30 04:00:00+00:00,23.2,23.51,23.2,23.42,402.78
2025-08-30 08:00:00+00:00,23.32,23.43,23.25,23.39,63.13
2025-08-30 12:00:00+00:00,23.27,23.42,22.99,23.41,69.3
2025-08-30 16:00:00+00:00,23.32,23.43,23.29,23.36,84.04
2025-08-30 20:00:00+00:00,23.3,23.52,23.3,23.47,192.52
2025-08-31 00:00:00+00:00,23.46,23.91,23.42,23.9,177.09
2025-08-31 04:00:00+00:00,23.92,23.93,23.69,23.76,137.22
2025-08-31 08:00:00+00:00,23.76,23.82,23.6,23.73,89.33
2025-08-31 12:00:00+00:00,23.74,24.01,23.65,23.76,347.18
2025-08-31 16:00:00+00:00,23.78,23.87,23.65,23.72,147.27
2025-08-31 20:00:00+00:00,23.65,23.68,23.17,23.17,339.7
2025-09-01 00:00:00+00:00,23.2,23.33,22.95,23.06,1563.33
2025-09-01 04:00:00+00:00,23.06,23.61,22.76,23.61,709.06
2025-09-01 08:00:00+00:00,23.55,23.87,23.2,23.23,523.14
2025-09-01 12:00:00+00:00,23.25,23.32,22.77,22.78,203.33
2025-09-01 16:00:00+00:00,22.76,22.82,22.58,22.81,1285.71
2025-09-01 20:00:00+00:00,22.73,22.73,22.17,22.52,1057.2
2025-09-02 00:00:00+00:00,22.51,23.18,22.39,23.13,1196.39
2025-09-02 04:00:00+00:00,23.15,23.48,23.13,23.21,264.39
2025-09-02 08:00:00+00:00,23.32,23.42,23.1,23.1,57.27
2025-09-02 12:00:00+00:00,23.06,23.48,22.61,22.81,4629.37
2025-09-02 16:00:00+00:00,22.86,23.12,22.82,23.02,834.59
2025-09-02 20:00:00+00:00,23.1,23.56,23.1,23.56,557.16
2025-09-03 00:00:00+00:00,23.43,23.58,23.22,23.44,110.55
2025-09-03 04:00:00+00:00,23.4,23.48,23.24,23.24,57.25
2025-09-03 08:00:00+00:00,23.29,23.57,23.25,23.54,616.9
2025-09-03 12:00:00+00:00,23.5,23.82,23.41,23.77,1545.11
2025-09-03 16:00:00+00:00,23.82,23.91,23.53,23.85,1811.39
2025-09-03 20:00:00+00:00,23.87,23.87,23.71,23.71,127.05
2025-09-04 00:00:00+00:00,23.71,23.92,23.5,23.53,1450.44
2025-09-04 04:00:00+00:00,23.55,23.58,23.17,23.29,164.35
2025-09-04 08:00:00+00:00,23.32,23.42,23.2,23.34,76.32
2025-09-04 12:00:00+00:00,23.37,23.39,22.48,22.48,1114.59
2025-09-04 16:00:00+00:00,22.47,22.54,22.12,22.25,5145.5
2025-09-04 20:00:00+00:00,22.28,22.57,22.28,22.33,394.49
2025-09-05 00:00:00+00:00,22.32,22.51,22.29,22.47,496.04
2025-09-05 04:00:00+00:00,22.42,23.07,22.42,23.07,380.57
2025-09-05 08:00:00+00:00,23.05,23.05,22.69,22.77,175.15
2025-09-05 12:00:00+00:00,22.78,23.26,22.12,22.27,2019.42
2025-09-05 16:00:00+00:00,22.23,22.45,22.07,22.45,287.56
2025-09-05 20:00:00+00:00,22.47,22.52,22.2,22.32,195.15
2025-09-06 00:00:00+00:00,22.27,22.52,22.27,22.5,303.34
2025-09-06 04:00:00+00:00,22.46,22.46,22.13,22.22,27.02
2025-09-06 08:00:00+00:00,22.21,22.23,22.11,22.22,483.21
2025-09-06 12:00:00+00:00,22.28,22.3,22.04,22.04,450.94
2025-09-06 16:00:00+00:00,22.04,22.24,21.9,21.91,2716.68
2025-09-06 20:00:00+00:00,21.92,22.26,21.92,22.18,458.02
2025-09-07 00:00:00+00:00,22.17,22.45,22.17,22.42,205.79
2025-09-07 04:00:00+00:00,22.42,22.42,22.26,22.27,59.67
2025-09-07 08:00:00+00:00,22.42,22.42,22.18,22.39,99.25
2025-09-07 12:00:00+00:00,22.23,22.44,22.23,22.44,146.02
2025-09-07 16:00:00+00:00,22.42,22.44,22.13,22.26,564.43
2025-09-07 20:00:00+00:00,22.27,22.58,22.17,22.45,644.11
2025-09-08 00:00:00+00:00,22.43,22.75,22.25,22.63,205.21
2025-09-08 04:00:00+00:00,22.56,22.56,22.36,22.36,219.77
2025-09-08 08:00:00+00:00,22.44,23.15,22.44,22.99,746.3
2025-09-08 12:00:00+00:00,23.02,23.25,22.93,23.22,1177.19
2025-09-08 16:00:00+00:00,23.17,23.18,22.9,22.95,301.17
2025-09-08 20:00:00+00:00,22.97,23.18,22.88,22.97,241.2
2025-09-09 00:00:00+00:00,23.1,23.26,22.9,23.15,1227.15
2025-09-09 04:00:00+00:00,23.18,23.77,23.11,23.63,413.79
2025-09-09 08:00:00+00:00,23.65,23.78,23.58,23.58,1318.15
2025-09-09 12:00:00+00:00,23.54,23.72,22.86,22.86,1034.33
2025-09-09 16:00:00+00:00,22.97,23.04,22.9,23.04,124.38
2025-09-09 20:00:00+00:00,23.05,23.16,22.99,23.13,446.39
2025-09-10 00:00:00+00:00,23.04,23.4,22.9,23.3,1012.36
2025-09-10 04:00:00+00:00,23.42,23.62,23.15,23.42,336.72
2025-09-10 08:00:00+00:00,23.46,23.47,23.29,23.35,110.89
2025-09-10 12:00:00+00:00,23.35,23.9,23.35,23.7,1844.05
2025-09-10 16:00:00+00:00,23.59,23.65,23.24,23.35,389.85
2025-09-10 20:00:00+00:00,23.37,23.59,23.3,23.57,355.87
2025-09-11 00:00:00+00:00,23.55,23.8,23.43,23.78,213.34
2025-09-11 04:00:00+00:00,23.82,23.88,23.7,23.82,147.91
2025-09-11 08:00:00+00:00,23.77,23.84,23.73,23.84,85.22
2025-09-11 12:00:00+00:00,23.87,24.27,23.33,23.57,1114.63
2025-09-11 16:00:00+00:00,23.62,23.95,23.6,23.95,725.71
2025-09-11 20:00:00+00:00,23.91,24.46,23.91,24.43,920.63
2025-09-12 00:00:00+00:00,24.45,24.75,23.31,24.63,3035.79
2025-09-12 04:00:00+00:00,24.59,24.82,24.53,24.53,664.94
2025-09-12 08:00:00+00:00,24.52,24.52,24.32,24.33,473.08
2025-09-12 12:00:00+00:00,24.34,24.65,24.2,24.47,130.83
2025-09-12 16:00:00+00:00,24.48,25.16,24.48,25.16,2083.19
2025-09-12 20:00:00+00:00,25.07,25.7,24.94,25.17,3466.66
2025-09-13 00:00:00+00:00,25.13,25.27,24.97,25.25,1224.77
2025-09-13 04:00:00+00:00,25.25,25.26,25.02,25.21,510.29
2025-09-13 08:00:00+00:00,25.22,25.61,25.14,25.27,282.01
2025-09-13 12:00:00+00:00,25.3,25.37,24.73,24.82,523.28
2025-09-13 16:00:00+00:00,24.82,24.91,24.5,24.74,704.92
2025-09-13 20:00:00+00:00,24.82,24.97,24.7,24.87,402.26
2025-09-14 00:00:00+00:00,24.87,25.0,24.66,24.72,397.73
2025-09-14 04:00:00+00:00,24.71,24.87,24.52,24.63,244.37
2025-09-14 08:00:00+00:00,24.62,24.74,24.36,24.46,95.14
2025-09-14 12:00:00+00:00,24.36,24.45,23.87,24.03,3347.87
2025-09-14 16:00:00+00:00,24.09,24.24,24.05,24.13,411.79
2025-09-14 20:00:00+00:00,24.21,24.36,24.06,24.06,135.53
2025-09-15 00:00:00+00:00,24.06,24.27,23.97,24.27,142.41
2025-09-15 04:00:00+00:00,24.28,24.41,23.82,23.82,83.31
2025-09-15 08:00:00+00:00,23.86,23.86,23.24,23.46,717.17
2025-09-15 12:00:00+00:00,23.39,23.43,23.04,23.18,676.35
2025-09-15 16:00:00+00:00,23.2,23.37,23.02,23.37,215.53
2025-09-15 20:00:00+00:00,23.33,23.82,23.33,23.56,306.46
2025-09-16 00:00:00+00:00,23.54,23.56,23.41,23.41,141.69
2025-09-16 04:00:00+00:00,23.41,23.56,23.2,23.45,75.17
2025-09-16 08:00:00+00:00,23.52,23.71,23.52,23.57,58.74
2025-09-16 12:00:00+00:00,23.65,23.66,23.13,23.35,617.66
2025-09-16 16:00:00+00:00,23.42,23.71,23.32,23.49,295.31
2025-09-16 20:00:00+00:00,23.58,23.65,23.47,23.49,59.43
2025-09-17 00:00:00+00:00,23.49,23.54,23.33,23.33,147.24
2025-09-17 04:00:00+00:00,23.32,23.6,23.26,23.56,448.13
2025-09-17 08:00:00+00:00,23.43,23.43,23.1,23.12,80.42
2025-09-17 12:00:00+00:00,23.07,23.07,22.6,22.98,1717.11
2025-09-17 16:00:00+00:00,22.88,23.43,22.82,23.43,432.2
2025-09-17 20:00:00+00:00,23.4,24.22,23.28,24.01,804.33
2025-09-18 00:00:00+00:00,24.02,24.18,23.86,24.11,742.38
2025-09-18 04:00:00+00:00,24.17,24.17,23.72,24.01,223.22
2025-09-18 08:00:00+00:00,23.92,24.39,23.92,24.17,228.67
2025-09-18 12:00:00+00:00,24.18,24.5,24.08,24.5,1229.74
2025-09-18 16:00:00+00:00,24.45,24.57,24.35,24.44,786.73
2025-09-18 20:00:00+00:00,24.5,24.73,24.49,24.64,235.24
2025-09-19 00:00:00+00:00,24.64,24.87,24.47,24.52,698.17
2025-09-19 04:00:00+00:00,24.51,24.8,24.23,24.8,2904.36
2025-09-19 08:00:00+00:00,24.8,24.82,23.85,23.87,325.89
2025-09-19 12:00:00+00:00,23.98,23.98,23.36,23.61,892.32
2025-09-19 16:00:00+00:00,23.61,23.68,23.31,23.46,233.14
2025-09-19 20:00:00+00:00,23.45,23.62,23.4,23.52,86.55
2025-09-20 00:00:00+00:00,23.47,23.66,23.36,23.47,179.67
2025-09-20 04:00:00+00:00,23.45,23.56,23.37,23.56,598.69
2025-09-20 08:00:00+00:00,23.46,23.46,23.15,23.22,344.34
2025-09-20 12:00:00+00:00,23.21,23.54,23.03,23.41,3533.11
2025-09-20 16:00:00+00:00,23.41,23.44,23.26,23.3,106.65
2025-09-20 20:00:00+00:00,23.34,23.43,23.3,23.3,714.95
2025-09-21 00:00:00+00:00,23.34,23.42,23.26,23.36,306.38
2025-09-21 04:00:00+00:00,23.31,23.42,23.31,23.33,28.33
2025-09-21 08:00:00+00:00,23.26,23.26,23.06,23.11,177.65
2025-09-21 12:00:00+00:00,23.21,23.24,23.04,23.08,99.53
2025-09-21 16:00:00+00:00,23.1,23.19,22.94,23.19,5325.84
2025-09-21 20:00:00+00:00,23.14,23.14,22.94,22.94,139.93
2025-09-22 00:00:00+00:00,23.01,23.01,21.94,22.19,1233.52
2025-09-22 04:00:00+00:00,22.13,22.22,20.32,21.34,1215.55
2025-09-22 08:00:00+00:00,21.25,21.39,21.1,21.23,151.6
2025-09-22 12:00:00+00:00,21.22,21.56,21.19,21.27,970.95
2025-09-22 16:00:00+00:00,21.25,21.33,21.15,21.15,228.77
2025-09-22 20:00:00+00:00,21.14,21.64,21.14,21.64,467.65
2025-09-23 00:00:00+00:00,21.68,21.72,21.2,21.55,299.78
2025-09-23 04:00:00+00:00,21.53,21.84,21.37,21.84,239.7
2025-09-23 08:00:00+00:00,21.82,21.86,21.67,21.78,296.69
2025-09-23 12:00:00+00:00,21.81,21.97,21.74,21.96,475.28
2025-09-23 16:00:00+00:00,21.82,21.98,21.58,21.58,1007.78
2025-09-23 20:00:00+00:00,21.66,21.8,21.53,21.59,159.07
2025-09-24 00:00:00+00:00,21.53,21.7,21.28,21.35,427.3
2025-09-24 04:00:00+00:00,21.25,21.73,21.05,21.68,213.65
2025-09-24 08:00:00+00:00,21.69,21.84,21.66,21.84,31.42
2025-09-24 12:00:00+00:00,21.76,21.92,21.59,21.83,153.7
2025-09-24 16:00:00+00:00,21.83,21.93,21.79,21.82,175.06
2025-09-24 20:00:00+00:00,21.85,21.85,21.58,21.63,382.62
2025-09-25 00:00:00+00:00,21.65,21.66,21.17,21.25,394.86
2025-09-25 04:00:00+00:00,21.3,21.34,20.95,21.06,428.56
2025-09-25 08:00:00+00:00,21.0,21.1,20.76,20.76,405.48
2025-09-25 12:00:00+00:00,20.86,21.14,20.44,20.8,5437.57
2025-09-25 16:00:00+00:00,20.8,20.8,19.86,20.38,2092.74
2025-09-25 20:00:00+00:00,20.4,20.5,20.01,20.02,267.49
2025-09-26 00:00:00+00:00,20.14,20.62,20.14,20.53,56327.7
2025-09-26 04:00:00+00:00,20.51,20.6,20.23,20.31,331.96
2025-09-26 08:00:00+00:00,20.4,20.5,19.95,20.22,682.9
2025-09-26 12:00:00+00:00,20.15,20.63,20.02,20.61,287.4
2025-09-26 16:00:00+00:00,20.63,21.2,20.63,20.95,717.84
2025-09-26 20:00:00+00:00,20.95,21.11,20.9,21.08,499.95
2025-09-27 00:00:00+00:00,21.04,21.12,20.97,21.1,627.75
2025-09-27 04:00:00+00:00,21.12,21.12,20.96,20.96,113.14
2025-09-27 08:00:00+00:00,20.9,21.06,20.84,21.0,262.65
2025-09-27 12:00:00+00:00,20.96,21.05,20.87,20.94,68.61
2025-09-27 16:00:00+00:00,20.85,20.96,20.72,20.8,681.93
2025-09-27 20:00:00+00:00,20.86,21.06,20.82,20.95,120.26
2025-09-28 00:00:00+00:00,20.9,20.96,20.69,20.7,301.34
2025-09-28 04:00:00+00:00,20.72,20.8,20.67,20.71,30.58
2025-09-28 08:00:00+00:00,20.73,20.73,20.5,20.53,53.95
2025-09-28 12:00:00+00:00,20.5,20.92,20.44,20.87,320.92
2025-09-28 16:00:00+00:00,20.96,21.27,20.96,21.17,955.89
2025-09-28 20:00:00+00:00,21.21,21.71,21.21,21.65,380.84
2025-09-29 00:00:00+00:00,21.64,21.67,21.44,21.48,37.87
2025-09-29 04:00:00+00:00,21.48,21.48,21.19,21.3,168.83
2025-09-29 08:00:00+00:00,21.33,21.38,21.1,21.21,97.2
2025-09-29 12:00:00+00:00,21.17,21.65,20.94,21.4,1159.8
2025-09-29 16:00:00+00:00,21.44,21.71,21.23,21.71,578.14
2025-09-29 20:00:00+00:00,21.67,21.9,21.67,21.74,275.87
2025-09-30 00:00:00+00:00,21.72,21.82,21.47,21.5,258.51
2025-09-30 04:00:00+00:00,21.5,21.63,21.39,21.39,159.64
2025-09-30 08:00:00+00:00,21.36,21.47,21.27,21.47,612.61
2025-09-30 12:00:00+00:00,21.41,21.44,21.0,21.05,595.4
2025-09-30 16:00:00+00:00,21.02,21.49,20.97,21.49,715.86
2025-09-30 20:00:00+00:00,21.48,21.65,21.3,21.34,172.29
2025-10-01 00:00:00+00:00,21.32,21.53,21.1,21.19,451.85
2025-10-01 04:00:00+00:00,21.17,21.37,21.15,21.34,403.05
2025-10-01 08:00:00+00:00,21.34,22.25,21.34,22.12,1133.45
2025-10-01 12:00:00+00:00,22.23,22.46,22.13,22.37,627.76
2025-10-01 16:00:00+00:00,22.45,22.59,22.31,22.54,764.13
2025-10-01 20:00:00+00:00,22.52,22.6,22.29,22.54,907.23
2025-10-02 00:00:00+00:00,22.61,22.79,22.44,22.7,492.22
2025-10-02 04:00:00+00:00,22.75,22.83,22.59,22.6,244.79
2025-10-02 08:00:00+00:00,22.58,22.61,22.42,22.47,200.07
2025-10-02 12:00:00+00:00,22.42,22.53,21.98,22.38,1523.77
2025-10-02 16:00:00+00:00,22.34,23.12,22.34,22.99,2928.6
2025-10-02 20:00:00+00:00,22.99,22.99,22.67,22.69,2170.3
2025-10-03 00:00:00+00:00,22.77,22.83,22.56,22.67,454.49
2025-10-03 04:00:00+00:00,22.66,22.69,22.32,22.39,548.82
2025-10-03 08:00:00+00:00,22.31,22.39,22.27,22.38,100.88
2025-10-03 12:00:00+00:00,22.29,22.69,21.19,22.69,5852.63
2025-10-03 16:00:00+00:00,22.67,23.04,22.14,22.63,1128.77
2025-10-03 20:00:00+00:00,22.55,22.7,22.45,22.45,1024.93
2025-10-04 00:00:00+00:00,22.46,22.6,22.16,22.21,329.86
2025-10-04 04:00:00+00:00,22.26,22.26,22.08,22.08,154.11
2025-10-04 08:00:00+00:00,22.06,22.06,21.8,21.83,242.65
2025-10-04 12:00:00+00:00,21.81,22.13,21.65,21.85,888.36
2025-10-04 16:00:00+00:00,21.85,22.01,21.8,21.98,285.15
2025-10-04 20:00:00+00:00,21.99,22.66,21.99,22.02,1496.77
2025-10-05 00:00:00+00:00,22.02,22.58,21.97,22.37,700.28
2025-10-05 04:00:00+00:00,22.35,22.8,22.35,22.8,391.84
2025-10-05 08:00:00+00:00,22.81,22.88,22.51,22.72,202.88
2025-10-05 12:00:00+00:00,22.74,22.76,21.19,22.41,1443.47
2025-10-05 16:00:00+00:00,22.45,22.61,21.93,21.93,343.25
2025-10-05 20:00:00+00:00,21.94,22.09,21.61,22.01,4339.38
2025-10-06 00:00:00+00:00,22.0,22.18,21.53,21.88,1135.78
2025-10-06 04:00:00+00:00,21.84,22.12,21.74,21.9,499.8
2025-10-06 08:00:00+00:00,22.0,22.23,22.0,22.14,154.99
2025-10-06 12:00:00+00:00,22.23,22.96,22.19,22.94,1505.3
2025-10-06 16:00:00+00:00,22.91,23.5,22.79,23.5,1085.7
2025-10-06 20:00:00+00:00,23.5,23.59,23.28,23.41,1290.14
2025-10-07 00:00:00+00:00,23.34,23.68,23.29,23.35,844.11
2025-10-07 04:00:00+00:00,23.35,23.54,22.83,22.83,847.97
2025-10-07 08:00:00+00:00,22.82,22.85,22.59,22.76,398.33
2025-10-07 12:00:00+00:00,22.76,23.03,21.88,22.0,1169.9
2025-10-07 16:00:00+00:00,21.91,22.18,21.82,21.87,338.29
2025-10-07 20:00:00+00:00,21.95,22.15,21.79,21.79,701.32
2025-10-08 00:00:00+00:00,21.82,22.14,21.7,21.7,361.63
2025-10-08 04:00:00+00:00,21.73,21.92,21.66,21.84,374.36
2025-10-08 08:00:00+00:00,21.9,22.13,21.9,22.03,53.59
2025-10-08 12:00:00+00:00,22.0,22.33,21.89,21.98,326.79
2025-10-08 16:00:00+00:00,21.98,22.55,21.98,22.49,546.49
2025-10-08 20:00:00+00:00,22.54,22.63,22.42,22.6,222.17
2025-10-09 00:00:00+00:00,22.65,22.67,22.0,22.21,1097.48
2025-10-09 04:00:00+00:00,22.26,22.46,21.94,21.94,263.85
2025-10-09 08:00:00+00:00,21.99,21.99,21.63,21.79,128.73
2025-10-09 12:00:00+00:00,21.79,22.0,21.35,21.53,700.36
2025-10-09 16:00:00+00:00,21.5,21.88,21.4,21.71,734.56
2025-10-09 20:00:00+00:00,21.75,22.1,21.71,22.02,64.38
2025-10-10 00:00:00+00:00,22.05,22.56,22.05,22.45,481.12
2025-10-10 04:00:00+00:00,22.45,22.59,22.27,22.32,625.79
2025-10-10 08:00:00+00:00,22.45,22.74,22.37,22.37,292.54
2025-10-10 12:00:00+00:00,22.54,22.74,21.34,21.4,869.42
2025-10-10 16:00:00+00:00,21.43,21.5,20.44,20.5,2015.11
2025-10-10 20:00:00+00:00,20.48,20.78,16.89,17.97,8090.81
2025-10-11 00:00:00+00:00,17.97,18.5,17.0,17.52,2195.99
2025-10-11 04:00:00+00:00,17.49,17.84,17.36,17.76,1905.48
2025-10-11 08:00:00+00:00,17.72,18.49,17.72,18.02,568.33
2025-10-11 12:00:00+00:00,18.02,18.14,17.48,18.0,1617.33
2025-10-11 16:00:00+00:00,18.01,18.14,17.14,17.32,1013.54
2025-10-11 20:00:00+00:00,17.14,17.45,16.64,17.32,955.25
2025-10-12 00:00:00+00:00,17.11,17.22,16.7,17.11,463.74
2025-10-12 04:00:00+00:00,17.22,17.5,17.18,17.47,109.31
2025-10-12 08:00:00+00:00,17.43,17.56,17.22,17.45,342.36
2025-10-12 12:00:00+00:00,17.46,18.8,17.26,18.8,1768.48
2025-10-12 16:00:00+00:00,18.76,19.36,18.76,19.31,966.83
2025-10-12 20:00:00+00:00,19.36,19.41,18.84,19.02,1570.18
2025-10-13 00:00:00+00:00,18.94,19.76,18.77,18.98,3987.79
2025-10-13 04:00:00+00:00,19.07,19.63,18.94,19.53,228.07
2025-10-13 08:00:00+00:00,19.61,19.76,18.94,19.22,556.62
2025-10-13 12:00:00+00:00,19.34,19.83,19.22,19.74,2760.33
2025-10-13 16:00:00+00:00,19.8,20.09,19.54,20.02,3050.67
2025-10-13 20:00:00+00:00,20.02,20.16,19.86,19.86,526.84
2025-10-14 00:00:00+00:00,19.91,20.02,19.33,19.49,817.56
2025-10-14 04:00:00+00:00,19.46,19.47,18.32,18.56,1462.27
2025-10-14 08:00:00+00:00,18.66,18.74,18.09,18.67,623.78
2025-10-14 12:00:00+00:00,18.58,19.03,18.0,19.03,962.87
2025-10-14 16:00:00+00:00,18.9,19.33,18.66,18.93,1264.39
2025-10-14 20:00:00+00:00,18.85,19.13,18.85,19.13,165.66
2025-10-15 00:00:00+00:00,19.05,19.23,18.85,18.95,269.92
2025-10-15 04:00:00+00:00,18.89,19.12,18.88,18.97,233.2
2025-10-15 08:00:00+00:00,18.84,19.23,18.59,18.71,640.4
2025-10-15 12:00:00+00:00,18.69,18.74,18.05,18.19,514.58
2025-10-15 16:00:00+00:00,18.04,18.26,17.88,17.99,1099.19
2025-10-15 20:00:00+00:00,18.06,18.09,17.73,18.03,666.01
2025-10-16 00:00:00+00:00,18.06,18.2,17.95,18.04,763.46
2025-10-16 04:00:00+00:00,17.98,18.14,17.95,18.06,338.49
2025-10-16 08:00:00+00:00,18.06,18.49,17.54,18.42,1387.72
2025-10-16 12:00:00+00:00,18.54,18.57,17.65,17.65,473.24
2025-10-16 16:00:00+00:00,17.69,18.06,17.3,17.52,3171.9
2025-10-16 20:00:00+00:00,17.38,17.44,17.11,17.42,831.34
2025-10-17 00:00:00+00:00,17.46,17.62,17.4,17.48,190.81
2025-10-17 04:00:00+00:00,17.51,17.51,16.19,16.19,6500.37
2025-10-17 08:00:00+00:00,16.17,16.57,15.74,16.49,2483.93
2025-10-17 12:00:00+00:00,16.61,16.69,16.17,16.57,414.41
2025-10-17 16:00:00+00:00,16.61,16.83,16.3,16.4,472.05
2025-10-17 20:00:00+00:00,16.48,16.71,16.48,16.61,192.85
2025-10-18 00:00:00+00:00,16.61,16.89,16.61,16.81,262.95
2025-10-18 04:00:00+00:00,16.75,16.98,16.58,16.66,450.94
2025-10-18 08:00:00+00:00,16.81,16.91,16.79,16.8,27.99
2025-10-18 12:00:00+00:00,16.9,16.93,16.66,16.8,460.91
2025-10-18 16:00:00+00:00,16.81,16.88,16.65,16.85,1519.85
2025-10-18 20:00:00+00:00,16.87,16.93,16.78,16.82,90.5
2025-10-19 00:00:00+00:00,16.81,16.83,16.66,16.82,413.15
2025-10-19 04:00:00+00:00,16.85,16.87,16.7,16.72,319.7
2025-10-19 08:00:00+00:00,16.92,17.3,16.55,17.15,439.39
2025-10-19 12:00:00+00:00,17.21,17.5,16.8,17.44,1598.67
2025-10-19 16:00:00+00:00,17.36,17.65,17.33,17.48,720.8
2025-10-19 20:00:00+00:00,17.46,17.55,17.25,17.25,628.51
2025-10-20 00:00:00+00:00,17.24,17.67,16.92,17.66,448.92
2025-10-20 04:00:00+00:00,17.6,18.94,17.6,18.62,1470.85
2025-10-20 08:00:00+00:00,18.65,19.01,18.61,19.01,473.23
2025-10-20 12:00:00+00:00,18.96,19.17,18.78,18.79,2307.92
2025-10-20 16:00:00+00:00,18.72,18.89,18.46,18.89,886.08
2025-10-20 20:00:00+00:00,18.82,18.94,18.6,18.61,922.11
2025-10-21 00:00:00+00:00,18.66,18.93,18.17,18.17,704.91
2025-10-21 04:00:00+00:00,18.16,18.16,17.68,18.02,286.91
2025-10-21 08:00:00+00:00,17.99,18.09,17.85,18.08,222.25
2025-10-21 12:00:00+00:00,18.11,18.95,17.85,18.81,1652.47
2025-10-21 16:00:00+00:00,18.73,20.16,18.09,18.17,2591.5
2025-10-21 20:00:00+00:00,18.17,18.17,17.55,17.55,572.68
2025-10-22 00:00:00+00:00,17.65,17.74,17.43,17.55,1994.39
2025-10-22 04:00:00+00:00,17.64,17.81,17.45,17.61,74.32
2025-10-22 08:00:00+00:00,17.61,17.61,17.16,17.43,741.72
2025-10-22 12:00:00+00:00,17.38,17.55,17.16,17.48,137.83
2025-10-22 16:00:00+00:00,17.49,17.49,17.07,17.07,250.7
2025-10-22 20:00:00+00:00,17.24,17.28,16.74,17.17,1419.29
2025-10-23 00:00:00+00:00,17.21,17.34,17.16,17.28,208.52
2025-10-23 04:00:00+00:00,17.28,17.67,17.27,17.6,350.61
2025-10-23 08:00:00+00:00,17.65,17.67,17.3,17.34,282.66
2025-10-23 12:00:00+00:00,17.27,17.44,17.11,17.41,638.56
2025-10-23 16:00:00+00:00,17.45,17.74,17.4,17.49,1200.39
2025-10-23 20:00:00+00:00,17.38,17.4,17.19,17.4,405.1
2025-10-24 00:00:00+00:00,17.41,17.46,17.32,17.34,643.77
2025-10-24 04:00:00+00:00,17.35,17.72,17.35,17.6,432.6
2025-10-24 08:00:00+00:00,17.56,17.79,17.55,17.71,441.47
2025-10-24 12:00:00+00:00,17.75,18.09,17.47,17.55,1573.51
2025-10-24 16:00:00+00:00,17.61,17.86,17.58,17.79,78.65
2025-10-24 20:00:00+00:00,17.76,17.98,17.74,17.92,123.67
2025-10-25 00:00:00+00:00,17.88,17.94,17.77,17.77,134.18
2025-10-25 04:00:00+00:00,17.86,18.0,17.86,18.0,113.06
2025-10-25 08:00:00+00:00,18.02,18.02,17.92,17.94,225.51
2025-10-25 12:00:00+00:00,18.02,18.07,17.95,18.02,94.8
2025-10-25 16:00:00+00:00,18.0,18.2,17.99,18.2,360.36
2025-10-25 20:00:00+00:00,18.2,18.25,17.99,17.99,598.33
2025-10-26 00:00:00+00:00,17.99,18.0,17.71,17.71,1257.46
2025-10-26 04:00:00+00:00,17.76,17.84,17.76,17.84,175.7
2025-10-26 08:00:00+00:00,17.88,18.31,17.88,18.3,538.58
2025-10-26 12:00:00+00:00,18.33,18.47,18.22,18.28,725.76
2025-10-26 16:00:00+00:00,18.28,19.27,18.11,18.16,1148.28
2025-10-26 20:00:00+00:00,18.13,18.7,18.09,18.52,363.96
2025-10-27 00:00:00+00:00,18.6,19.02,18.55,18.97,439.42
2025-10-27 04:00:00+00:00,18.88,19.03,18.68,18.8,296.74
2025-10-27 08:00:00+00:00,18.84,18.84,18.37,18.51,176.92
2025-10-27 12:00:00+00:00,18.5,18.5,18.2,18.36,874.74
2025-10-27 16:00:00+00:00,18.56,18.8,18.5,18.5,202.86
2025-10-27 20:00:00+00:00,18.5,18.5,18.11,18.23,63.78
2025-10-28 00:00:00+00:00,18.22,18.4,18.11,18.24,243.14
2025-10-28 04:00:00+00:00,18.22,18.48,18.05,18.34,451.51
2025-10-28 08:00:00+00:00,18.28,18.5,18.27,18.5,569.24
2025-10-28 12:00:00+00:00,18.36,18.81,18.11,18.33,595.31
2025-10-28 16:00:00+00:00,18.38,18.62,17.92,17.97,406.8
2025-10-28 20:00:00+00:00,17.94,17.94,17.46,17.89,789.2
2025-10-29 00:00:00+00:00,17.86,18.1,17.77,17.81,929.11
2025-10-29 04:00:00+00:00,17.84,17.97,17.84,17.95,35.85
2025-10-29 08:00:00+00:00,17.94,18.11,17.77,18.11,57.31
2025-10-29 12:00:00+00:00,18.15,18.28,18.05,18.06,637.8
2025-10-29 16:00:00+00:00,17.89,18.48,17.56,18.24,722.05
2025-10-29 20:00:00+00:00,18.3,18.65,18.0,18.0,256.57
2025-10-30 00:00:00+00:00,18.16,18.24,18.1,18.17,385.69
2025-10-30 04:00:00+00:00,18.06,18.42,17.5,18.39,395.88
2025-10-30 08:00:00+00:00,18.35,18.37,17.66,17.68,453.1
2025-10-30 12:00:00+00:00,17.69,17.69,16.9,17.02,1635.49
2025-10-30 16:00:00+00:00,16.89,17.03,16.39,16.44,1887.7
2025-10-30 20:00:00+00:00,16.56,16.78,16.51,16.75,2938.51
2025-10-31 00:00:00+00:00,16.77,17.08,16.75,16.92,38264.49
2025-10-31 04:00:00+00:00,16.92,17.28,16.92,17.25,12671.19
2025-10-31 08:00:00+00:00,17.27,17.34,17.2,17.3,217.68
2025-10-31 12:00:00+00:00,17.31,17.42,17.1,17.26,205.02
2025-10-31 16:00:00+00:00,17.25,17.3,16.78,17.3,805.62
2025-10-31 20:00:00+00:00,17.28,17.35,17.14,17.23,113.52
2025-11-01 00:00:00+00:00,17.21,17.31,17.09,17.29,1003.93
2025-11-01 04:00:00+00:00,17.3,17.33,17.14,17.25,101.28
2025-11-01 08:00:00+00:00,17.32,17.4,17.13,17.33,793.36
2025-11-01 12:00:00+00:00,17.34,17.38,17.14,17.15,126.94
2025-11-01 16:00:00+00:00,17.22,17.27,17.09,17.2,87.05
2025-11-01 20:00:00+00:00,17.21,17.32,17.05,17.11,286.2
2025-11-02 00:00:00+00:00,17.12,17.19,17.04,17.17,102.04
2025-11-02 04:00:00+00:00,17.15,17.56,17.15,17.56,1192.15
2025-11-02 08:00:00+00:00,17.5,17.59,17.27,17.59,102.7
2025-11-02 12:00:00+00:00,17.56,17.56,17.09,17.15,149.51
2025-11-02 16:00:00+00:00,17.09,17.28,17.02,17.06,72.88
2025-11-02 20:00:00+00:00,17.09,17.59,17.09,17.59,201.7
2025-11-03 00:00:00+00:00,17.57,17.63,16.35,16.35,1570.83
2025-11-03 04:00:00+00:00,16.33,16.51,15.88,16.15,1873.7
2025-11-03 08:00:00+00:00,16.09,16.21,15.83,16.09,143.87
2025-11-03 12:00:00+00:00,16.11,16.27,14.66,15.23,2725.39
2025-11-03 16:00:00+00:00,15.31,15.81,15.31,15.32,1804.96
2025-11-03 20:00:00+00:00,15.4,15.42,15.08,15.16,541.75
2025-11-04 00:00:00+00:00,15.2,15.5,15.13,15.44,451.16
2025-11-04 04:00:00+00:00,15.46,15.46,14.61,14.61,2590.13
2025-11-04 08:00:00+00:00,14.59,15.24,14.51,15.03,1025.72
2025-11-04 12:00:00+00:00,15.04,15.41,14.7,15.07,3252.41
2025-11-04 16:00:00+00:00,15.2,15.2,14.17,14.28,2454.43
2025-11-04 20:00:00+00:00,14.26,14.86,13.83,14.77,5526.8
2025-11-05 00:00:00+00:00,14.65,14.85,14.0,14.85,1796.65
2025-11-05 04:00:00+00:00,14.83,15.0,14.78,14.86,1453.43
2025-11-05 08:00:00+00:00,14.89,14.89,14.58,14.85,155.23
2025-11-05 12:00:00+00:00,14.81,15.1,14.74,15.06,12042.8
2025-11-05 16:00:00+00:00,15.1,15.4,15.01,15.21,910.17
2025-11-05 20:00:00+00:00,15.32,15.37,15.04,15.18,132.87
2025-11-06 00:00:00+00:00,15.08,15.17,14.87,15.13,731.09
2025-11-06 04:00:00+00:00,15.16,15.21,14.82,14.92,1047.15
2025-11-06 08:00:00+00:00,14.92,14.96,14.76,14.95,721.27
2025-11-06 12:00:00+00:00,14.96,15.07,14.41,14.44,1958.74
2025-11-06 16:00:00+00:00,14.6,14.74,14.26,14.67,3138.6
2025-11-06 20:00:00+00:00,14.79,14.79,14.59,14.59,298.44
2025-11-07 00:00:00+00:00,14.77,15.03,14.61,15.01,174.72
2025-11-07 04:00:00+00:00,14.95,15.18,14.86,15.18,515.42
2025-11-07 08:00:00+00:00,15.11,15.11,14.51,14.68,1125.43
2025-11-07 12:00:00+00:00,14.68,15.07,14.33,15.06,1356.49
2025-11-07 16:00:00+00:00,15.04,16.19,14.99,16.08,2967.77
2025-11-07 20:00:00+00:00,16.04,16.21,15.75,15.76,340.91
2025-11-08 00:00:00+00:00,15.93,16.02,15.63,15.89,204.25
2025-11-08 04:00:00+00:00,15.82,15.82,15.55,15.71,147.2
2025-11-08 08:00:00+00:00,15.7,15.9,15.67,15.71,200.32
2025-11-08 12:00:00+00:00,15.6,15.71,15.19,15.27,225.46
2025-11-08 16:00:00+00:00,15.16,15.45,14.47,15.25,617.36
2025-11-08 20:00:00+00:00,15.38,15.53,15.3,15.51,113.32
2025-11-09 00:00:00+00:00,15.41,15.47,15.05,15.07,322.89
2025-11-09 04:00:00+00:00,15.09,15.42,15.09,15.42,171.06
2025-11-09 08:00:00+00:00,15.27,15.48,15.11,15.48,68.13
2025-11-09 12:00:00+00:00,15.49,15.93,15.48,15.85,718.98
2025-11-09 16:00:00+00:00,15.84,16.08,15.74,16.08,860.9
2025-11-09 20:00:00+00:00,16.1,16.13,15.89,15.93,809.53
2025-11-10 00:00:00+00:00,15.82,16.32,15.81,16.26,1235.15
2025-11-10 04:00:00+00:00,16.24,16.4,16.21,16.36,833.28
2025-11-10 08:00:00+00:00,16.36,16.63,16.2,16.59,2128.67
2025-11-10 12:00:00+00:00,16.52,16.66,15.98,16.03,1688.48
2025-11-10 16:00:00+00:00,16.05,16.27,15.95,16.19,1761.92
2025-11-10 20:00:00+00:00,16.22,16.44,16.03,16.37,368.6
2025-11-11 00:00:00+00:00,16.4,16.78,16.19,16.59,402.49
2025-11-11 04:00:00+00:00,16.64,16.64,16.02,16.02,142.95
2025-11-11 08:00:00+00:00,15.99,16.2,15.99,16.18,150.18
2025-11-11 12:00:00+00:00,16.26,16.26,15.74,15.83,439.02
2025-11-11 16:00:00+00:00,15.83,15.89,15.6,15.66,853.8
2025-11-11 20:00:00+00:00,15.61,15.63,15.29,15.34,408.79
2025-11-12 00:00:00+00:00,15.34,15.43,15.25,15.43,590.76
2025-11-12 04:00:00+00:00,15.38,15.53,15.34,15.41,79.53
2025-11-12 08:00:00+00:00,15.38,16.15,15.38,16.05,872.83
2025-11-12 12:00:00+00:00,16.16,16.25,15.35,15.35,905.83
2025-11-12 16:00:00+00:00,15.39,15.4,14.95,15.12,1232.76
2025-11-12 20:00:00+00:00,15.15,15.43,15.13,15.13,60420.87
2025-11-13 00:00:00+00:00,15.15,15.64,15.09,15.52,1215.98
2025-11-13 04:00:00+00:00,15.49,15.99,15.47,15.85,951.2
2025-11-13 08:00:00+00:00,15.86,15.92,15.64,15.74,343.17
2025-11-13 12:00:00+00:00,15.68,15.76,15.29,15.29,1722.29
2025-11-13 16:00:00+00:00,15.3,15.34,14.26,14.26,2976.1
2025-11-13 20:00:00+00:00,14.22,14.71,14.16,14.54,1598.12
2025-11-14 00:00:00+00:00,14.52,14.61,14.39,14.39,265.28
2025-11-14 04:00:00+00:00,14.42,14.54,13.96,14.43,4101.67
2025-11-14 08:00:00+00:00,14.46,14.46,14.17,14.17,62.35
2025-11-14 12:00:00+00:00,14.14,14.44,13.83,14.26,1840.92
2025-11-14 16:00:00+00:00,14.34,14.48,14.1,14.27,272.44
2025-11-14 20:00:00+00:00,14.26,14.26,13.6,13.83,12412.59
2025-11-15 00:00:00+00:00,13.93,14.27,13.87,14.27,583.93
2025-11-15 04:00:00+00:00,14.21,14.24,14.05,14.09,45121.34
2025-11-15 08:00:00+00:00,14.05,14.1,13.85,14.01,323.87
2025-11-15 12:00:00+00:00,14.08,14.27,14.08,14.21,1123.67
2025-11-15 16:00:00+00:00,14.15,14.35,14.06,14.22,16572.84
2025-11-15 20:00:00+00:00,14.22,14.22,14.0,14.11,190.9
2025-11-16 00:00:00+00:00,14.13,14.23,13.88,14.19,169.51
2025-11-16 04:00:00+00:00,14.18,14.3,14.17,14.3,104.05
2025-11-16 08:00:00+00:00,14.36,14.51,14.04,14.11,419.13
2025-11-16 12:00:00+00:00,14.08,14.14,13.77,13.81,305.39
2025-11-16 16:00:00+00:00,13.76,13.91,13.39,13.71,3067.73
2025-11-16 20:00:00+00:00,13.61,13.85,13.42,13.85,216.53
2025-11-17 00:00:00+00:00,13.74,14.0,13.6,13.99,478.0
2025-11-17 04:00:00+00:00,13.98,14.14,13.92,14.14,139.23
2025-11-17 08:00:00+00:00,14.1,14.2,14.01,14.09,147.54
2025-11-17 12:00:00+00:00,14.13,14.24,13.65,13.72,1134.76
2025-11-17 16:00:00+00:00,13.7,13.77,13.1,13.2,949.38
2025-11-17 20:00:00+00:00,13.26,13.29,13.1,13.29,1031.94
2025-11-18 00:00:00+00:00,13.32,13.45,13.08,13.45,303.19
2025-11-18 04:00:00+00:00,13.44,13.57,13.26,13.44,986.21
2025-11-18 08:00:00+00:00,13.39,13.55,13.38,13.55,95.82
2025-11-18 12:00:00+00:00,13.44,13.79,13.36,13.69,332.94
2025-11-18 16:00:00+00:00,13.73,13.97,13.73,13.9,347.62
2025-11-18 20:00:00+00:00,13.93,13.93,13.74,13.89,323.07
2025-11-19 00:00:00+00:00,13.75,13.8,13.52,13.52,927.49
2025-11-19 04:00:00+00:00,13.52,13.53,13.14,13.51,26703.35
2025-11-19 08:00:00+00:00,13.51,13.56,13.36,13.44,18329.62
2025-11-19 12:00:00+00:00,13.41,13.47,13.01,13.01,270.98
2025-11-19 16:00:00+00:00,13.12,13.14,12.8,12.87,4566.92
2025-11-19 20:00:00+00:00,12.91,13.57,12.87,13.53,1960.78
2025-11-20 00:00:00+00:00,13.47,13.68,13.47,13.62,585.9
2025-11-20 04:00:00+00:00,13.64,13.88,13.6,13.88,175.04
2025-11-20 08:00:00+00:00,13.93,13.97,13.65,13.7,326.24
2025-11-20 12:00:00+00:00,13.7,13.85,13.41,13.41,44490.87
2025-11-20 16:00:00+00:00,13.38,13.42,12.79,13.01,3171.97
2025-11-20 20:00:00+00:00,12.99,13.28,12.88,12.92,228.76
2025-11-21 00:00:00+00:00,13.04,13.2,12.81,12.88,313.94
2025-11-21 04:00:00+00:00,12.87,12.88,11.98,12.28,4736.24
2025-11-21 08:00:00+00:00,12.35,12.43,11.87,11.87,5008.92
2025-11-21 12:00:00+00:00,11.87,12.29,11.63,11.88,609.86
2025-11-21 16:00:00+00:00,11.84,12.32,11.77,12.08,1252.65
2025-11-21 20:00:00+00:00,12.08,12.21,11.81,12.15,227.99
2025-11-22 00:00:00+00:00,12.13,12.22,12.07,12.11,229.77
2025-11-22 04:00:00+00:00,12.03,12.03,11.87,12.03,955.9
2025-11-22 08:00:00+00:00,11.99,11.99,11.78,11.97,133.48
2025-11-22 12:00:00+00:00,11.82,11.98,11.82,11.96,243.85
2025-11-22 16:00:00+00:00,11.91,12.09,11.91,12.02,594.17
2025-11-22 20:00:00+00:00,12.08,12.29,12.0,12.16,136.34
2025-11-23 00:00:00+00:00,12.2,12.46,12.13,12.46,1642.44
2025-11-23 04:00:00+00:00,12.47,12.58,12.31,12.31,587.22
2025-11-23 08:00:00+00:00,12.46,12.58,12.46,12.52,57.86
2025-11-23 12:00:00+00:00,12.54,12.69,12.5,12.69,538.46
2025-11-23 16:00:00+00:00,12.73,12.73,12.47,12.65,2971.1
2025-11-23 20:00:00+00:00,12.63,12.73,12.5,12.5,122.96
2025-11-24 00:00:00+00:00,12.49,12.84,12.35,12.69,1106.14
2025-11-24 04:00:00+00:00,12.7,12.84,12.53,12.61,12028.13
2025-11-24 08:00:00+00:00,12.61,12.65,12.37,12.48,907.38
2025-11-24 12:00:00+00:00,12.55,12.69,12.35,12.68,304.65
2025-11-24 16:00:00+00:00,12.62,13.2,12.62,12.98,328.66
2025-11-24 20:00:00+00:00,13.0,13.15,12.98,12.98,368.74
2025-11-25 00:00:00+00:00,12.98,13.0,12.88,12.93,229.38
2025-11-25 04:00:00+00:00,12.96,12.98,12.88,12.88,22.31
2025-11-25 08:00:00+00:00,12.8,12.8,12.68,12.8,90.2
2025-11-25 12:00:00+00:00,12.83,12.88,12.56,12.73,387.98
2025-11-25 16:00:00+00:00,12.8,13.12,12.76,12.96,202.59
2025-11-25 20:00:00+00:00,13.03,13.2,12.88,13.12,843.29
2025-11-26 00:00:00+00:00,13.09,13.16,12.96,12.96,47.07
2025-11-26 04:00:00+00:00,12.96,13.08,12.95,13.08,22.3
2025-11-26 08:00:00+00:00,12.96,12.97,12.85,12.85,201.71
2025-11-26 12:00:00+00:00,12.8,12.96,12.76,12.83,61.08
2025-11-26 16:00:00+00:00,12.96,13.48,12.96,13.43,3156.02
2025-11-26 20:00:00+00:00,13.39,13.5,13.36,13.48,499.81
2025-11-27 00:00:00+00:00,13.42,13.53,13.37,13.37,435.2
2025-11-27 04:00:00+00:00,13.39,13.39,13.36,13.38,41.2
2025-11-27 08:00:00+00:00,13.32,13.35,13.32,13.35,14.39
2025-11-27 12:00:00+00:00,13.28,13.44,13.26,13.44,137.61
2025-11-27 16:00:00+00:00,13.48,13.53,13.44,13.48,52.96
2025-11-27 20:00:00+00:00,13.5,13.51,13.33,13.33,165.83
2025-11-28 00:00:00+00:00,13.3,13.37,13.14,13.24,173.31
2025-11-28 04:00:00+00:00,13.29,13.29,13.23,13.23,20.55
2025-11-28 08:00:00+00:00,13.33,13.52,13.28,13.28,93.15
2025-11-28 12:00:00+00:00,13.31,13.48,13.3,13.44,786.89
2025-11-28 16:00:00+00:00,13.36,13.36,13.06,13.2,80.03
2025-11-28 20:00:00+00:00,13.13,13.22,13.11,13.14,173.2
2025-11-29 00:00:00+00:00,13.12,13.17,13.05,13.05,10691.09
2025-11-29 04:00:00+00:00,13.08,13.14,13.02,13.12,16.55
2025-11-29 08:00:00+00:00,13.04,13.15,13.04,13.15,11.92
2025-11-29 12:00:00+00:00,13.08,13.2,13.08,13.15,85.7
2025-11-29 16:00:00+00:00,13.13,13.13,12.95,13.04,52.15
2025-11-29 20:00:00+00:00,12.98,13.04,12.96,12.98,11.78
2025-11-30 00:00:00+00:00,13.0,13.09,12.99,13.09,8.07
2025-11-30 04:00:00+00:00,13.09,13.1,12.98,12.98,5.38
2025-11-30 08:00:00+00:00,13.04,13.05,13.02,13.02,181.67
2025-11-30 12:00:00+00:00,13.12,13.32,13.1,13.24,987.11
2025-11-30 16:00:00+00:00,13.32,13.42,13.3,13.3,110.33
2025-11-30 20:00:00+00:00,13.28,13.3,12.95,12.95,277.87
2025-12-01 00:00:00+00:00,13.0,13.0,12.14,12.14,1385.93
2025-12-01 04:00:00+00:00,12.15,12.17,12.04,12.17,138.88
2025-12-01 08:00:00+00:00,12.19,12.19,12.14,12.16,148.6
2025-12-01 12:00:00+00:00,12.1,12.14,11.84,11.91,339.48
2025-12-01 16:00:00+00:00,11.99,11.99,11.81,11.85,278.62
2025-12-01 20:00:00+00:00,11.96,12.15,11.92,12.13,399.19
2025-12-02 00:00:00+00:00,12.1,12.22,12.03,12.07,708.19
2025-12-02 04:00:00+00:00,12.13,12.19,12.1,12.11,20.42
2025-12-02 08:00:00+00:00,12.03,12.26,12.03,12.26,18.91
2025-12-02 12:00:00+00:00,12.23,13.36,12.23,13.27,1609.39
2025-12-02 16:00:00+00:00,13.3,13.45,13.26,13.43,704.14
2025-12-02 20:00:00+00:00,13.36,13.54,13.32,13.54,516.8
2025-12-03 00:00:00+00:00,13.52,13.97,13.42,13.97,887.34
2025-12-03 04:00:00+00:00,13.96,14.39,13.96,14.35,1972.02
2025-12-03 08:00:00+00:00,14.36,14.56,14.32,14.35,531.57
2025-12-03 12:00:00+00:00,14.44,14.67,14.21,14.42,1014.28
2025-12-03 16:00:00+00:00,14.42,14.55,14.36,14.41,619.96
2025-12-03 20:00:00+00:00,14.4,14.74,14.4,14.66,640.49
2025-12-04 00:00:00+00:00,14.65,14.92,14.53,14.63,1700.79
2025-12-04 04:00:00+00:00,14.62,14.62,14.34,14.53,722.84
2025-12-04 08:00:00+00:00,14.54,14.76,14.44,14.48,83.7
2025-12-04 12:00:00+00:00,14.49,14.55,14.25,14.44,269.32
2025-12-04 16:00:00+00:00,14.53,14.53,13.98,14.18,137.79
2025-12-04 20:00:00+00:00,14.19,14.36,14.18,14.29,156.68
2025-12-05 00:00:00+00:00,14.19,14.38,14.17,14.27,189.12
2025-12-05 04:00:00+00:00,14.3,14.3,14.18,14.27,5.62
2025-12-05 08:00:00+00:00,14.31,14.31,13.99,13.99,182.03
2025-12-05 12:00:00+00:00,14.05,14.1,13.75,13.93,547.51
2025-12-05 16:00:00+00:00,13.85,13.85,13.36,13.6,888.36
2025-12-05 20:00:00+00:00,13.57,13.64,13.52,13.63,68.12
2025-12-06 00:00:00+00:00,13.55,13.76,13.48,13.68,49.89
2025-12-06 04:00:00+00:00,13.67,13.67,13.6,13.6,33.46
2025-12-06 08:00:00+00:00,13.52,13.76,13.52,13.66,23.67
2025-12-06 12:00:00+00:00,13.76,13.92,13.67,13.92,154.02
2025-12-06 16:00:00+00:00,13.9,14.06,13.81,13.82,1532.22
2025-12-06 20:00:00+00:00,13.93,14.01,13.92,13.92,91.27
2025-12-07 00:00:00+00:00,13.9,14.01,13.88,14.01,724.13
2025-12-07 04:00:00+00:00,14.04,14.04,13.9,13.9,15.91
2025-12-07 08:00:00+00:00,13.85,13.86,13.76,13.85,24.07
2025-12-07 12:00:00+00:00,13.93,13.96,13.2,13.65,967.61
2025-12-07 16:00:00+00:00,13.61,14.15,13.52,14.02,362.81
2025-12-07 20:00:00+00:00,14.1,14.14,13.43,13.53,182.44
2025-12-08 00:00:00+00:00,13.63,14.03,13.55,13.92,184.5
2025-12-08 04:00:00+00:00,13.9,14.06,13.9,14.02,64.89
2025-12-08 08:00:00+00:00,14.06,14.27,13.93,13.93,81.36
2025-12-08 12:00:00+00:00,13.97,14.01,13.74,13.74,314.67
2025-12-08 16:00:00+00:00,13.68,13.85,13.56,13.71,134.65
2025-12-08 20:00:00+00:00,13.69,13.87,13.69,13.76,15.54
2025-12-09 00:00:00+00:00,13.78,13.84,13.56,13.68,155.08
2025-12-09 04:00:00+00:00,13.72,13.76,13.6,13.76,12.58
2025-12-09 08:00:00+00:00,13.85,13.85,13.68,13.72,16.15
2025-12-09 12:00:00+00:00,13.76,14.43,13.68,14.43,342.08
2025-12-09 16:00:00+00:00,14.44,14.99,14.44,14.64,557.9
2025-12-09 20:00:00+00:00,14.63,14.63,14.25,14.44,276.06
2025-12-10 00:00:00+00:00,14.37,14.43,14.25,14.25,96.15
2025-12-10 04:00:00+00:00,14.22,14.23,14.13,14.13,54.07
2025-12-10 08:00:00+00:00,14.18,14.36,14.07,14.18,129.14
2025-12-10 12:00:00+00:00,14.14,14.18,13.96,13.96,65.97
2025-12-10 16:00:00+00:00,14.04,14.63,14.01,14.44,649.75
2025-12-10 20:00:00+00:00,14.45,14.88,14.1,14.1,974.57
2025-12-11 00:00:00+00:00,14.08,14.14,13.44,13.48,394.52
2025-12-11 04:00:00+00:00,13.5,13.65,13.48,13.61,529.3
2025-12-11 08:00:00+00:00,13.52,13.6,13.44,13.59,32.17
2025-12-11 12:00:00+00:00,13.62,13.68,13.49,13.52,470.76
2025-12-11 16:00:00+00:00,13.44,13.83,13.41,13.73,469.44
2025-12-11 20:00:00+00:00,13.78,14.19,13.78,14.1,445.28
2025-12-12 00:00:00+00:00,14.12,14.18,13.85,14.01,188.08
2025-12-12 04:00:00+00:00,13.99,14.2,13.99,14.08,14.1
2025-12-12 08:00:00+00:00,14.01,14.14,13.99,14.14,44.24
2025-12-12 12:00:00+00:00,14.18,14.33,13.46,13.46,148.84
2025-12-12 16:00:00+00:00,13.44,13.65,13.32,13.54,433.88
2025-12-12 20:00:00+00:00,13.6,13.69,13.57,13.69,507.3
2025-12-13 00:00:00+00:00,13.66,13.72,13.61,13.72,41.55
2025-12-13 04:00:00+00:00,13.71,13.79,13.71,13.74,29.64
2025-12-13 08:00:00+00:00,13.81,13.96,13.8,13.85,63.74
2025-12-13 12:00:00+00:00,13.82,13.82,13.68,13.79,125.02
2025-12-13 16:00:00+00:00,13.85,13.85,13.71,13.75,62.74
2025-12-13 20:00:00+00:00,13.72,13.72,13.65,13.71,26.11
2025-12-14 00:00:00+00:00,13.76,13.8,13.72,13.72,296.74
2025-12-14 04:00:00+00:00,13.73,13.73,13.68,13.68,8.52
2025-12-14 08:00:00+00:00,13.64,13.64,13.46,13.46,57.38
2025-12-14 12:00:00+00:00,13.6,13.64,13.44,13.44,13.0
2025-12-14 16:00:00+00:00,13.43,13.52,13.36,13.37,406.32
2025-12-14 20:00:00+00:00,13.36,13.39,13.1,13.28,274.97
2025-12-15 00:00:00+00:00,13.3,13.68,13.28,13.6,769.25
2025-12-15 04:00:00+00:00,13.57,13.68,13.52,13.61,345.96
2025-12-15 08:00:00+00:00,13.57,13.72,13.57,13.67,207.5
2025-12-15 12:00:00+00:00,13.6,13.68,12.76,12.8,1790.43
2025-12-15 16:00:00+00:00,12.75,12.83,12.5,12.73,139.03
2025-12-15 20:00:00+00:00,12.72,12.91,12.64,12.91,416.31
2025-12-16 00:00:00+00:00,12.82,12.9,12.73,12.73,16.8
2025-12-16 04:00:00+00:00,12.77,12.8,12.57,12.73,19.68
2025-12-16 08:00:00+00:00,12.8,12.96,12.8,12.88,18.79
2025-12-16 12:00:00+00:00,12.96,13.1,12.73,13.05,375.72
2025-12-16 16:00:00+00:00,12.96,13.03,12.8,12.96,46.18
2025-12-16 20:00:00+00:00,12.97,13.0,12.88,12.95,104.46
2025-12-17 00:00:00+00:00,12.88,12.96,12.8,12.85,51.22
2025-12-17 04:00:00+00:00,12.85,12.85,12.69,12.8,46.42
2025-12-17 08:00:00+00:00,12.77,12.77,12.62,12.71,34.45
2025-12-17 12:00:00+00:00,12.73,13.16,12.49,12.56,615.12
2025-12-17 16:00:00+00:00,12.5,12.5,12.14,12.27,1818.85
2025-12-17 20:00:00+00:00,12.35,12.35,12.18,12.24,113.22
2025-12-18 00:00:00+00:00,12.25,12.29,12.2,12.23,33.35
2025-12-18 04:00:00+00:00,12.24,12.24,12.11,12.11,63.97
2025-12-18 08:00:00+00:00,12.19,12.19,12.19,12.19,5.85
2025-12-18 12:00:00+00:00,12.46,12.86,12.43,12.65,560.63
2025-12-18 16:00:00+00:00,12.58,12.58,11.78,11.78,292.31
2025-12-18 20:00:00+00:00,11.9,12.02,11.87,11.96,215.51
2025-12-19 00:00:00+00:00,11.97,12.33,11.87,12.29,205.29
2025-12-19 04:00:00+00:00,12.23,12.49,12.22,12.36,117.38
2025-12-19 08:00:00+00:00,12.41,12.41,12.38,12.38,65.23
2025-12-19 12:00:00+00:00,12.45,12.74,12.44,12.5,472.42
2025-12-19 16:00:00+00:00,12.58,12.69,12.42,12.69,141.64
2025-12-19 20:00:00+00:00,12.6,12.61,12.55,12.55,36.89
2025-12-20 00:00:00+00:00,12.5,12.58,12.5,12.58,131.8
2025-12-20 04:00:00+00:00,12.52,12.58,12.49,12.58,204.74
2025-12-20 08:00:00+00:00,12.65,12.65,12.62,12.62,11.28
2025-12-20 12:00:00+00:00,12.58,12.65,12.58,12.65,15.03
2025-12-20 16:00:00+00:00,12.64,12.65,12.58,12.58,16.2
2025-12-20 20:00:00+00:00,12.62,12.62,12.61,12.61,12.4
2025-12-21 00:00:00+00:00,12.54,12.61,12.43,12.49,249.94
2025-12-21 04:00:00+00:00,12.51,12.53,12.51,12.53,10.29
2025-12-21 08:00:00+00:00,12.58,12.67,12.58,12.58,21.41
2025-12-21 12:00:00+00:00,12.6,12.64,12.24,12.33,395.34
2025-12-21 16:00:00+00:00,12.34,12.41,12.3,12.39,78.12
2025-12-21 20:00:00+00:00,12.34,12.44,12.32,12.44,3.83
2025-12-22 00:00:00+00:00,12.47,12.67,12.37,12.55,212.9
2025-12-22 04:00:00+00:00,12.56,12.57,12.51,12.54,29.81
2025-12-22 08:00:00+00:00,12.65,12.73,12.61,12.68,53.34
2025-12-22 12:00:00+00:00,12.73,12.91,12.65,12.8,106.28
2025-12-22 16:00:00+00:00,12.8,12.87,12.46,12.46,46.47
2025-12-22 20:00:00+00:00,12.5,12.66,12.37,12.57,525.44
2025-12-23 00:00:00+00:00,12.56,12.68,12.44,12.51,97.36
2025-12-23 04:00:00+00:00,12.49,12.53,12.23,12.23,174.13
2025-12-23 08:00:00+00:00,12.26,12.26,12.26,12.26,10.94
2025-12-23 12:00:00+00:00,12.27,12.29,12.07,12.28,111.89
2025-12-23 16:00:00+00:00,12.25,12.43,12.25,12.36,1075.78
2025-12-23 20:00:00+00:00,12.36,12.48,12.36,12.43,49.65
2025-12-24 00:00:00+00:00,12.4,12.42,12.18,12.2,385.77
2025-12-24 04:00:00+00:00,12.27,12.31,12.15,12.16,19.81
2025-12-24 08:00:00+00:00,12.17,12.19,12.16,12.18,197.0
2025-12-24 12:00:00+00:00,12.24,12.24,12.02,12.11,394.42
2025-12-24 16:00:00+00:00,12.27,12.27,12.18,12.18,22.25
2025-12-24 20:00:00+00:00,12.26,12.36,12.26,12.29,42.68
2025-12-25 00:00:00+00:00,12.25,12.29,12.25,12.29,437.06
2025-12-25 04:00:00+00:00,12.35,12.35,12.3,12.3,10.0
2025-12-25 08:00:00+00:00,12.24,12.24,12.11,12.11,69.59
2025-12-25 12:00:00+00:00,12.25,12.38,12.21,12.38,67.7
2025-12-25 16:00:00+00:00,12.41,12.42,12.27,12.35,61.39
2025-12-25 20:00:00+00:00,12.39,12.39,12.0,12.07,268.54
2025-12-26 00:00:00+00:00,12.06,12.52,12.03,12.38,581.76
2025-12-26 04:00:00+00:00,12.34,12.48,12.34,12.38,928.18
2025-12-26 08:00:00+00:00,12.4,12.41,12.38,12.39,21.14
2025-12-26 12:00:00+00:00,12.47,12.48,12.08,12.11,67.34
2025-12-26 16:00:00+00:00,12.24,12.25,12.16,12.19,72.84
2025-12-26 20:00:00+00:00,12.25,12.25,12.19,12.22,38.16
2025-12-27 00:00:00+00:00,12.19,12.26,12.17,12.26,13.72
2025-12-27 04:00:00+00:00,12.25,12.25,12.18,12.18,3.64
2025-12-27 08:00:00+00:00,12.25,12.29,12.23,12.26,33.94
2025-12-27 12:00:00+00:00,12.28,12.35,12.28,12.34,20.58
2025-12-27 16:00:00+00:00,12.31,12.32,12.28,12.32,8.34
2025-12-27 20:00:00+00:00,12.34,12.55,12.22,12.55,1282.58
2025-12-28 00:00:00+00:00,12.48,13.53,12.45,12.47,949.11
2025-12-28 04:00:00+00:00,12.52,12.53,12.48,12.48,60.82
2025-12-28 08:00:00+00:00,12.43,12.43,12.42,12.42,15.75
2025-12-28 12:00:00+00:00,12.51,12.52,12.47,12.52,12.29
2025-12-28 16:00:00+00:00,12.58,12.6,12.38,12.41,231.78
2025-12-28 20:00:00+00:00,12.35,12.39,12.33,12.36,79.37
2025-12-29 00:00:00+00:00,12.48,12.97,12.48,12.95,684.35
2025-12-29 04:00:00+00:00,12.97,12.97,12.75,12.75,313.84
2025-12-29 08:00:00+00:00,12.73,12.74,12.5,12.59,53.31
2025-12-29 12:00:00+00:00,12.5,12.5,12.28,12.45,242.66
2025-12-29 16:00:00+00:00,12.39,12.45,12.28,12.29,942.38
2025-12-29 20:00:00+00:00,12.31,12.32,12.3,12.32,28.98
2025-12-30 00:00:00+00:00,12.32,12.38,12.27,12.35,705.53
2025-12-30 04:00:00+00:00,12.4,12.43,12.31,12.34,112.77
2025-12-30 08:00:00+00:00,12.45,12.53,12.45,12.5,102.64
2025-12-30 12:00:00+00:00,12.47,12.61,12.43,12.55,301.05
2025-12-30 16:00:00+00:00,12.5,12.5,12.36,12.4,154.72
2025-12-30 20:00:00+00:00,12.4,12.4,12.39,12.4,23.74
2025-12-31 00:00:00+00:00,12.37,12.43,12.35,12.4,30.32
2025-12-31 04:00:00+00:00,12.41,12.41,12.37,12.39,31.48
2025-12-31 08:00:00+00:00,12.4,12.48,12.4,12.46,17.38
2025-12-31 12:00:00+00:00,12.45,12.54,12.34,12.39,184.99
2025-12-31 16:00:00+00:00,12.38,12.41,12.24,12.3,117.57
2025-12-31 20:00:00+00:00,12.2,12.29,12.2,12.22,199.81
2026-01-01 00:00:00+00:00,12.23,12.29,12.23,12.25,182.5
2026-01-01 04:00:00+00:00,12.24,12.29,12.17,12.2,678.65
2026-01-01 08:00:00+00:00,12.22,12.29,12.22,12.27,530.32
2026-01-01 12:00:00+00:00,12.27,12.39,12.24,12.39,639.89
2026-01-01 16:00:00+00:00,12.41,12.51,12.36,12.51,83.18
2026-01-01 20:00:00+00:00,12.53,12.63,12.51,12.61,74.53
2026-01-02 00:00:00+00:00,12.6,12.91,12.57,12.88,191.85
2026-01-02 04:00:00+00:00,12.96,12.97,12.83,12.83,795.53
2026-01-02 08:00:00+00:00,12.92,13.16,12.89,12.93,227.44
2026-01-02 12:00:00+00:00,12.98,13.17,12.84,13.1,615.46
2026-01-02 16:00:00+00:00,13.12,13.36,13.12,13.27,487.76
2026-01-02 20:00:00+00:00,13.29,13.41,13.24,13.28,210.17
2026-01-03 00:00:00+00:00,13.28,13.35,13.23,13.33,282.47
2026-01-03 04:00:00+00:00,13.28,13.28,12.99,13.02,239.55
2026-01-03 08:00:00+00:00,13.02,13.12,13.02,13.11,184.18
2026-01-03 12:00:00+00:00,13.1,13.17,13.1,13.1,96.77
2026-01-03 16:00:00+00:00,13.14,13.23,13.13,13.18,126.54
2026-01-03 20:00:00+00:00,13.18,13.27,13.17,13.26,222.96
2026-01-04 00:00:00+00:00,13.22,13.38,13.2,13.36,121.7
2026-01-04 04:00:00+00:00,13.36,13.44,13.28,13.28,332.34
2026-01-04 08:00:00+00:00,13.29,13.45,13.29,13.43,413.67
2026-01-04 12:00:00+00:00,13.46,13.56,13.39,13.43,200.58
2026-01-04 16:00:00+00:00,13.51,13.58,13.36,13.37,103.96
2026-01-04 20:00:00+00:00,13.41,13.5,13.36,13.42,93.56
2026-01-05 00:00:00+00:00,13.44,13.88,13.42,13.75,762.75
2026-01-05 04:00:00+00:00,13.67,13.67,13.44,13.59,653.77
2026-01-05 08:00:00+00:00,13.57,13.62,13.46,13.48,20.73
2026-01-05 12:00:00+00:00,13.6,13.73,13.41,13.73,47.11
2026-01-05 16:00:00+00:00,13.72,13.85,13.6,13.78,223.69
2026-01-05 20:00:00+00:00,13.85,14.13,13.85,13.92,867.58
2026-01-06 00:00:00+00:00,13.86,13.96,13.6,13.8,658.37
2026-01-06 04:00:00+00:00,13.82,13.96,13.72,13.72,466.81
2026-01-06 08:00:00+00:00,13.71,13.91,13.71,13.91,26.55
2026-01-06 12:00:00+00:00,13.93,14.24,13.85,13.96,431.32
2026-01-06 16:00:00+00:00,13.93,13.93,13.49,13.72,656.09
2026-01-06 20:00:00+00:00,13.76,14.06,13.75,14.03,235.76
2026-01-07 00:00:00+00:00,14.0,14.02,13.72,13.8,225.71
2026-01-07 04:00:00+00:00,13.83,13.85,13.74,13.84,32.2
2026-01-07 08:00:00+00:00,13.88,13.93,13.6,13.68,149.31
2026-01-07 12:00:00+00:00,13.69,13.69,13.34,13.42,1036.96
2026-01-07 16:00:00+00:00,13.38,13.47,13.36,13.43,709.79
2026-01-07 20:00:00+00:00,13.36,13.44,13.34,13.44,99.48
2026-01-08 00:00:00+00:00,13.44,13.54,13.35,13.35,59.03
2026-01-08 04:00:00+00:00,13.38,13.48,13.1,13.32,208.27
2026-01-08 08:00:00+00:00,13.36,13.36,13.11,13.2,92.35
2026-01-08 12:00:00+00:00,13.18,13.33,13.05,13.29,56.21
2026-01-08 16:00:00+00:00,13.3,13.32,13.2,13.24,59.03
2026-01-08 20:00:00+00:00,13.2,13.31,13.09,13.28,101.72
2026-01-09 00:00:00+00:00,13.24,13.34,13.19,13.34,67.11
2026-01-09 04:00:00+00:00,13.33,13.33,13.23,13.31,34.69
2026-01-09 08:00:00+00:00,13.26,13.26,13.11,13.18,81.13
2026-01-09 12:00:00+00:00,13.19,13.41,13.09,13.28,76.51
2026-01-09 16:00:00+00:00,13.36,13.44,13.12,13.12,60.49
2026-01-09 20:00:00+00:00,13.14,13.21,13.14,13.2,46.49
2026-01-10 00:00:00+00:00,13.12,13.16,13.09,13.15,96.55
2026-01-10 04:00:00+00:00,13.12,13.12,13.11,13.11,16.29
2026-01-10 08:00:00+00:00,13.15,13.21,13.15,13.21,84.47
2026-01-10 12:00:00+00:00,13.24,13.24,13.15,13.2,29.91
2026-01-10 16:00:00+00:00,13.17,13.64,13.16,13.25,1042.12
2026-01-10 20:00:00+00:00,13.27,13.27,13.12,13.12,130.09
2026-01-11 00:00:00+00:00,13.17,13.26,13.15,13.26,50.53
2026-01-11 04:00:00+00:00,13.28,13.29,13.21,13.21,64.56
2026-01-11 08:00:00+00:00,13.23,13.25,13.2,13.22,267.18
2026-01-11 12:00:00+00:00,13.25,13.28,13.2,13.2,55.36
2026-01-11 16:00:00+00:00,13.25,13.36,13.25,13.28,91.22
2026-01-11 20:00:00+00:00,13.26,13.26,13.07,13.2,386.84
2026-01-12 00:00:00+00:00,13.2,13.51,13.14,13.41,981.68
2026-01-12 04:00:00+00:00,13.42,13.44,13.34,13.34,220.53
2026-01-12 08:00:00+00:00,13.28,13.28,13.14,13.19,136.2
2026-01-12 12:00:00+00:00,13.19,13.27,12.99,13.27,374.53
2026-01-12 16:00:00+00:00,13.26,13.31,13.12,13.17,133.85
2026-01-12 20:00:00+00:00,13.26,13.26,13.04,13.08,33.02
2026-01-13 00:00:00+00:00,13.1,13.16,13.09,13.13,493.32
2026-01-13 04:00:00+00:00,13.18,13.31,13.18,13.26,49.11
2026-01-13 08:00:00+00:00,13.24,13.32,13.21,13.29,755.07
2026-01-13 12:00:00+00:00,13.33,13.57,13.33,13.57,105.97
2026-01-13 16:00:00+00:00,13.6,13.72,13.56,13.72,357.28
2026-01-13 20:00:00+00:00,13.72,14.17,13.7,14.05,2015.11
2026-01-14 00:00:00+00:00,14.08,14.22,14.0,14.13,674.65
2026-01-14 04:00:00+00:00,14.12,14.12,13.99,14.09,2674.81
2026-01-14 08:00:00+00:00,14.1,14.17,13.94,13.97,27661.55
2026-01-14 12:00:00+00:00,13.98,14.27,13.91,14.21,24870.88
2026-01-14 16:00:00+00:00,14.27,14.39,14.07,14.24,1221.61
2026-01-14 20:00:00+00:00,14.24,14.3,14.09,14.1,187.07
2026-01-15 00:00:00+00:00,14.09,14.12,13.74,13.74,978.52
2026-01-15 04:00:00+00:00,13.78,13.93,13.78,13.93,36.14
2026-01-15 08:00:00+00:00,13.93,14.06,13.87,13.94,607.78
2026-01-15 12:00:00+00:00,14.0,14.2,13.74,13.93,921.89
2026-01-15 16:00:00+00:00,13.91,13.91,13.57,13.66,213.65
2026-01-15 20:00:00+00:00,13.68,13.76,13.56,13.76,392.08
2026-01-16 00:00:00+00:00,13.79,13.85,13.66,13.76,114.28
2026-01-16 04:00:00+00:00,13.7,13.82,13.66,13.79,79.41
2026-01-16 08:00:00+00:00,13.83,13.84,13.72,13.72,76.29
2026-01-16 12:00:00+00:00,13.75,13.77,13.44,13.48,157.77
2026-01-16 16:00:00+00:00,13.49,13.63,13.49,13.57,71.6
2026-01-16 20:00:00+00:00,13.54,13.75,13.54,13.74,53.74
2026-01-17 00:00:00+00:00,13.71,13.75,13.67,13.67,119.97
2026-01-17 04:00:00+00:00,13.69,13.72,13.66,13.72,45.06
2026-01-17 08:00:00+00:00,13.72,13.77,13.71,13.71,25.58
2026-01-17 12:00:00+00:00,13.71,13.86,13.71,13.85,157.94
2026-01-17 16:00:00+00:00,13.89,13.89,13.78,13.8,14.8
2026-01-17 20:00:00+00:00,13.79,13.79,13.68,13.73,302.05
2026-01-18 00:00:00+00:00,13.76,13.78,13.61,13.69,159.05
2026-01-18 04:00:00+00:00,13.7,13.74,13.7,13.73,177.36
2026-01-18 08:00:00+00:00,13.75,13.8,13.75,13.8,34.77
2026-01-18 12:00:00+00:00,13.83,13.83,13.77,13.77,26.27
2026-01-18 16:00:00+00:00,13.8,13.85,13.76,13.79,87.86
2026-01-18 20:00:00+00:00,13.77,13.86,13.34,13.34,735.59
2026-01-19 00:00:00+00:00,13.31,13.31,12.58,12.87,2347.98
2026-01-19 04:00:00+00:00,12.87,12.87,12.76,12.79,116.43
2026-01-19 08:00:00+00:00,12.83,12.83,12.78,12.79,8.26
2026-01-19 12:00:00+00:00,12.78,12.79,12.75,12.79,19.94
2026-01-19 16:00:00+00:00,12.88,12.97,12.87,12.93,66.65
2026-01-19 20:00:00+00:00,12.97,12.98,12.78,12.88,50.94
2026-01-20 00:00:00+00:00,12.89,12.89,12.83,12.83,55.28
2026-01-20 04:00:00+00:00,12.87,12.87,12.65,12.67,551.22
2026-01-20 08:00:00+00:00,12.62,12.63,12.48,12.52,100.02
2026-01-20 12:00:00+00:00,12.53,12.61,12.38,12.43,251.52
2026-01-20 16:00:00+00:00,12.43,12.46,12.22,12.27,537.22
2026-01-20 20:00:00+00:00,12.3,12.35,12.1,12.16,442.79
2026-01-21 00:00:00+00:00,12.18,12.35,12.11,12.34,135.4
2026-01-21 04:00:00+00:00,12.37,12.45,12.37,12.37,66.47
2026-01-21 08:00:00+00:00,12.34,12.42,12.3,12.32,856.56
2026-01-21 12:00:00+00:00,12.17,12.54,12.1,12.42,444.59
2026-01-21 16:00:00+00:00,12.4,12.58,11.91,12.58,2194.63
2026-01-21 20:00:00+00:00,12.52,12.65,12.32,12.5,63.41
2026-01-22 00:00:00+00:00,12.43,12.53,12.41,12.53,34.81
2026-01-22 04:00:00+00:00,12.53,12.53,12.42,12.43,468.5
2026-01-22 08:00:00+00:00,12.43,12.48,12.43,12.48,11.25
2026-01-22 12:00:00+00:00,12.43,12.43,12.16,12.3,79.52
2026-01-22 16:00:00+00:00,12.27,12.31,12.21,12.23,878.25
2026-01-22 20:00:00+00:00,12.26,12.26,12.23,12.23,21.51
2026-01-23 00:00:00+00:00,12.27,12.29,12.25,12.29,9.31
2026-01-23 04:00:00+00:00,12.35,12.37,12.25,12.25,56.01
2026-01-23 08:00:00+00:00,12.21,12.21,12.21,12.21,26.43
2026-01-23 12:00:00+00:00,12.28,12.29,12.08,12.14,193.22
2026-01-23 16:00:00+00:00,12.39,12.48,12.23,12.23,1090.17
2026-01-23 20:00:00+00:00,12.22,12.26,12.18,12.25,90.87
2026-01-24 00:00:00+00:00,12.2,12.29,12.19,12.24,27.27
2026-01-24 04:00:00+00:00,12.28,12.28,12.23,12.25,271.86
2026-01-24 08:00:00+00:00,12.21,12.24,12.2,12.23,53.29
2026-01-24 12:00:00+00:00,12.22,12.22,12.2,12.2,4.89
2026-01-24 16:00:00+00:00,12.14,12.21,12.14,12.18,80.82
2026-01-24 20:00:00+00:00,12.22,12.23,12.21,12.21,19.76
2026-01-25 00:00:00+00:00,12.22,12.22,12.15,12.19,41.53
2026-01-25 04:00:00+00:00,12.12,12.12,12.06,12.08,246.2
2026-01-25 08:00:00+00:00,12.06,12.06,12.03,12.03,36.28
2026-01-25 12:00:00+00:00,12.07,12.07,11.99,11.99,54.2
2026-01-25 16:00:00+00:00,11.95,11.95,11.38,11.38,2624.45
2026-01-25 20:00:00+00:00,11.51,11.53,11.44,11.49,85.03
2026-01-26 00:00:00+00:00,11.54,11.85,11.54,11.73,515.44
2026-01-26 04:00:00+00:00,11.75,11.83,11.75,11.83,19.7
2026-01-26 08:00:00+00:00,11.93,11.95,11.8,11.83,35.92
2026-01-26 12:00:00+00:00,11.85,12.1,11.79,12.03,1499.96
2026-01-26 16:00:00+00:00,11.94,12.0,11.84,11.97,25.55
2026-01-26 20:00:00+00:00,11.97,12.0,11.88,11.97,723.99
2026-01-27 00:00:00+00:00,11.95,12.05,11.94,11.99,181.61
2026-01-27 04:00:00+00:00,12.01,12.01,11.93,11.93,3.31
2026-01-27 08:00:00+00:00,11.93,11.93,11.89,11.92,9.83
2026-01-27 12:00:00+00:00,11.87,11.99,11.87,11.99,72.0
2026-01-27 16:00:00+00:00,12.13,12.16,11.85,12.0,226.35
2026-01-27 20:00:00+00:00,12.06,12.13,12.03,12.1,247.81
2026-01-28 00:00:00+00:00,12.05,12.05,11.97,12.0,13.33
2026-01-28 04:00:00+00:00,12.0,12.0,11.92,11.92,104.72
2026-01-28 08:00:00+00:00,11.9,11.9,11.87,11.87,98.28
2026-01-28 12:00:00+00:00,11.98,12.0,11.77,11.78,83.61
2026-01-28 16:00:00+00:00,11.78,11.83,11.78,11.81,80.05
2026-01-28 20:00:00+00:00,11.9,11.9,11.82,11.82,283.84
2026-01-29 00:00:00+00:00,11.85,11.85,11.68,11.68,51.6
2026-01-29 04:00:00+00:00,11.64,11.66,11.57,11.63,164.97
2026-01-29 08:00:00+00:00,11.58,11.58,11.58,11.58,0.77
2026-01-29 12:00:00+00:00,11.52,11.61,10.89,10.99,2789.3
2026-01-29 16:00:00+00:00,11.05,11.18,10.83,10.89,551.68
2026-01-29 20:00:00+00:00,10.96,11.16,10.96,11.09,286.55
2026-01-30 00:00:00+00:00,11.15,11.18,10.62,10.87,1151.35
2026-01-30 04:00:00+00:00,10.87,10.98,10.65,10.65,519.22
2026-01-30 08:00:00+00:00,10.84,10.84,10.77,10.77,1246.22
2026-01-30 12:00:00+00:00,10.71,10.82,10.61,10.82,45.48
2026-01-30 16:00:00+00:00,10.78,10.99,10.52,10.92,697.75
2026-01-30 20:00:00+00:00,10.7,10.81,10.7,10.8,282.0
2026-01-31 00:00:00+00:00,10.8,10.82,10.74,10.82,27.7
2026-01-31 04:00:00+00:00,10.78,10.79,10.65,10.67,507.29
2026-01-31 08:00:00+00:00,10.51,10.58,10.38,10.51,124.15
2026-01-31 12:00:00+00:00,10.49,10.49,9.98,10.1,638.79
2026-01-31 16:00:00+00:00,10.08,10.12,9.0,9.67,2961.65
2026-01-31 20:00:00+00:00,9.59,9.88,9.58,9.88,2943.89
2026-02-01 00:00:00+00:00,10.0,10.08,9.97,10.08,149.29
2026-02-01 04:00:00+00:00,10.03,10.05,9.9,9.9,483.08
2026-02-01 08:00:00+00:00,9.95,9.95,9.8,9.8,1636.01
2026-02-01 12:00:00+00:00,9.75,9.77,9.5,9.52,745.46
2026-02-01 16:00:00+00:00,9.51,9.68,9.42,9.5,1062.72
2026-02-01 20:00:00+00:00,9.54,9.56,9.35,9.4,1614.68
2026-02-02 00:00:00+00:00,9.31,9.62,9.03,9.37,49113.85
2026-02-02 04:00:00+00:00,9.27,9.48,9.08,9.39,4894.23
2026-02-02 08:00:00+00:00,9.44,9.62,9.44,9.62,101.88
2026-02-02 12:00:00+00:00,9.65,10.0,9.63,9.98,1551.96
2026-02-02 16:00:00+00:00,9.96,9.99,9.77,9.79,365.75
2026-02-02 20:00:00+00:00,9.8,9.85,9.78,9.83,504.66
2026-02-03 00:00:00+00:00,9.79,9.85,9.62,9.8,428.72
2026-02-03 04:00:00+00:00,9.78,9.86,9.69,9.74,767.22
2026-02-03 08:00:00+00:00,9.59,9.64,9.57,9.63,135.03
2026-02-03 12:00:00+00:00,9.58,9.68,9.51,9.62,311.92
2026-02-03 16:00:00+00:00,9.66,9.66,9.11,9.4,845.46
2026-02-03 20:00:00+00:00,9.63,9.86,9.51,9.51,175.26
2026-02-04 00:00:00+00:00,9.48,9.74,9.48,9.74,77.32
2026-02-04 04:00:00+00:00,9.75,9.75,9.58,9.64,23.05
2026-02-04 08:00:00+00:00,9.7,9.71,9.55,9.6,366.98
2026-02-04 12:00:00+00:00,9.53,9.58,9.28,9.28,193.95
2026-02-04 16:00:00+00:00,9.23,9.42,9.06,9.42,1473.71
2026-02-04 20:00:00+00:00,9.43,9.43,9.12,9.28,1103.18
2026-02-05 00:00:00+00:00,9.25,9.32,9.11,9.11,1980.65
2026-02-05 04:00:00+00:00,9.07,9.14,8.99,9.14,1309.52
2026-02-05 08:00:00+00:00,9.2,9.2,8.81,8.83,1506.64
2026-02-05 12:00:00+00:00,8.96,9.06,8.32,8.51,1090.91
2026-02-05 16:00:00+00:00,8.41,8.63,8.25,8.36,1325.97
2026-02-05 20:00:00+00:00,8.23,8.27,7.88,7.91,3996.4
2026-02-06 00:00:00+00:00,7.9,8.2,7.19,8.0,4633.18
2026-02-06 04:00:00+00:00,8.02,8.36,8.01,8.11,3650.3
2026-02-06 08:00:00+00:00,8.09,8.32,8.0,8.32,173.14
2026-02-06 12:00:00+00:00,8.28,8.63,8.28,8.58,1476.81
2026-02-06 16:00:00+00:00,8.65,9.04,8.63,9.04,1192.05
2026-02-06 20:00:00+00:00,8.81,8.96,8.77,8.89,128.59
2026-02-07 00:00:00+00:00,8.85,8.93,8.8,8.93,348.49
2026-02-07 04:00:00+00:00,8.96,8.97,8.62,8.67,1723.23
2026-02-07 08:00:00+00:00,8.7,8.72,8.61,8.64,2022.66
2026-02-07 12:00:00+00:00,8.79,8.8,8.71,8.79,567.81
2026-02-07 16:00:00+00:00,8.77,8.98,8.77,8.92,2092.3
2026-02-07 20:00:00+00:00,9.0,9.0,8.88,8.88,160.08
2026-02-08 00:00:00+00:00,8.92,8.94,8.85,8.89,108.43
2026-02-08 04:00:00+00:00,8.84,8.86,8.82,8.83,187.29
2026-02-08 08:00:00+00:00,8.94,8.95,8.83,8.95,384.84
2026-02-08 12:00:00+00:00,9.05,9.05,8.87,8.87,326.99
2026-02-08 16:00:00+00:00,8.91,8.93,8.74,8.93,62.29
2026-02-08 20:00:00+00:00,8.89,8.98,8.76,8.87,386.19
2026-02-09 00:00:00+00:00,8.84,8.87,8.78,8.81,1026.34
2026-02-09 04:00:00+00:00,8.86,8.86,8.81,8.82,11.49
2026-02-09 08:00:00+00:00,8.68,8.68,8.5,8.57,735.37
2026-02-09 12:00:00+00:00,8.6,8.76,8.55,8.76,132.08
2026-02-09 16:00:00+00:00,8.8,8.96,8.8,8.94,25.65
2026-02-09 20:00:00+00:00,8.98,9.0,8.78,8.91,668.5
2026-02-10 00:00:00+00:00,8.84,8.88,8.68,8.68,47.83
2026-02-10 04:00:00+00:00,8.72,8.72,8.49,8.55,167.74
2026-02-10 08:00:00+00:00,8.56,8.58,8.52,8.52,1267.53
2026-02-10 12:00:00+00:00,8.52,8.61,8.52,8.59,49.34
2026-02-10 16:00:00+00:00,8.57,8.63,8.52,8.55,1163.36
2026-02-10 20:00:00+00:00,8.53,8.57,8.51,8.55,161.79
2026-02-11 00:00:00+00:00,8.56,8.6,8.56,8.6,8.5
2026-02-11 04:00:00+00:00,8.46,8.46,8.34,8.34,142.5
2026-02-11 08:00:00+00:00,8.3,8.3,8.23,8.28,425.36
2026-02-11 12:00:00+00:00,8.27,8.54,8.17,8.27,827.59
2026-02-11 16:00:00+00:00,8.27,8.31,8.19,8.3,451.27
2026-02-11 20:00:00+00:00,8.28,8.38,8.28,8.33,57.66
2026-02-12 00:00:00+00:00,8.34,8.43,8.34,8.39,651.47
2026-02-12 04:00:00+00:00,8.42,8.48,8.41,8.48,23.28
2026-02-12 08:00:00+00:00,8.44,8.52,8.44,8.52,28.67
2026-02-12 12:00:00+00:00,8.52,8.52,8.41,8.41,25.45
2026-02-12 16:00:00+00:00,8.25,8.38,8.21,8.38,191.48
2026-02-12 20:00:00+00:00,8.31,8.43,8.25,8.41,227.21
2026-02-13 00:00:00+00:00,8.39,8.41,8.35,8.4,494.2
2026-02-13 04:00:00+00:00,8.43,8.43,8.36,8.38,128.72
2026-02-13 08:00:00+00:00,8.45,8.47,8.44,8.45,63.46
2026-02-13 12:00:00+00:00,8.46,8.82,8.44,8.73,162.84
2026-02-13 16:00:00+00:00,8.7,8.91,8.7,8.83,284.36
2026-02-13 20:00:00+00:00,8.8,8.84,8.78,8.82,194.04
2026-02-14 00:00:00+00:00,8.78,8.87,8.76,8.84,135.76
2026-02-14 04:00:00+00:00,8.85,8.85,8.85,8.85,9.08
2026-02-14 08:00:00+00:00,8.96,9.0,8.92,9.0,120.83
2026-02-14 12:00:00+00:00,8.95,9.04,8.94,9.01,238.15
2026-02-14 16:00:00+00:00,9.02,9.18,8.98,9.18,680.04
2026-02-14 20:00:00+00:00,9.12,9.2,9.08,9.08,622.05
2026-02-15 00:00:00+00:00,9.1,9.11,8.95,8.98,487.75
2026-02-15 04:00:00+00:00,9.15,9.15,9.11,9.14,135.46
2026-02-15 08:00:00+00:00,9.22,9.22,9.09,9.14,280.13
2026-02-15 12:00:00+00:00,9.07,9.07,8.77,8.88,639.49
2026-02-15 16:00:00+00:00,8.87,8.89,8.64,8.82,1807.64
2026-02-15 20:00:00+00:00,8.67,8.76,8.67,8.76,16.01
2026-02-16 00:00:00+00:00,8.85,8.85,8.7,8.73,248.65
2026-02-16 04:00:00+00:00,8.8,8.8,8.73,8.76,100.08
2026-02-16 08:00:00+00:00,8.81,8.86,8.74,8.74,592.87
2026-02-16 12:00:00+00:00,8.8,8.97,8.68,8.68,385.8
2026-02-16 16:00:00+00:00,8.76,8.82,8.75,8.76,207.42
2026-02-16 20:00:00+00:00,8.78,8.94,8.78,8.92,139.33
2026-02-17 00:00:00+00:00,8.96,9.0,8.93,8.95,78.3
2026-02-17 04:00:00+00:00,8.93,8.93,8.83,8.83,34.88
2026-02-17 08:00:00+00:00,8.79,8.83,8.76,8.76,41.69
2026-02-17 12:00:00+00:00,8.78,8.88,8.65,8.76,870.81
2026-02-17 16:00:00+00:00,8.84,8.93,8.72,8.91,458.09
2026-02-17 20:00:00+00:00,8.85,8.85,8.84,8.85,13.35
2026-02-18 00:00:00+00:00,8.84,8.87,8.78,8.85,201.2
2026-02-18 04:00:00+00:00,8.87,8.87,8.87,8.87,1.47
2026-02-18 08:00:00+00:00,8.93,8.96,8.87,8.87,79.82
2026-02-18 12:00:00+00:00,8.68,8.81,8.66,8.81,25.88
2026-02-18 16:00:00+00:00,8.78,8.78,8.56,8.56,434.66
2026-02-18 20:00:00+00:00,8.54,8.59,8.54,8.56,11.67
2026-02-19 00:00:00+00:00,8.6,8.69,8.59,8.69,125.41
2026-02-19 04:00:00+00:00,8.69,8.69,8.68,8.68,15.87
2026-02-19 08:00:00+00:00,8.64,8.64,8.6,8.6,14.42
2026-02-19 12:00:00+00:00,8.58,8.58,8.39,8.42,719.6
2026-02-19 16:00:00+00:00,8.4,8.49,8.4,8.47,200.15
2026-02-19 20:00:00+00:00,8.49,8.56,8.49,8.56,9.09
2026-02-20 00:00:00+00:00,8.59,8.64,8.59,8.6,136.8
2026-02-20 04:00:00+00:00,8.6,8.63,8.57,8.63,1951.85
2026-02-20 08:00:00+00:00,8.69,8.73,8.6,8.6,83.4
2026-02-20 12:00:00+00:00,8.61,8.82,8.52,8.7,46.39
2026-02-20 16:00:00+00:00,8.81,8.96,8.75,8.89,236.8
2026-02-20 20:00:00+00:00,8.91,9.03,8.91,8.95,108.11
2026-02-21 00:00:00+00:00,8.96,8.97,8.9,8.91,710.28
2026-02-21 04:00:00+00:00,8.89,8.93,8.85,8.89,89.68
2026-02-21 08:00:00+00:00,8.91,8.97,8.91,8.93,176.44
2026-02-21 12:00:00+00:00,8.91,9.0,8.91,8.93,256.38
2026-02-21 16:00:00+00:00,8.93,8.97,8.93,8.95,123.98
2026-02-21 20:00:00+00:00,8.93,8.93,8.86,8.86,148.91
2026-02-22 00:00:00+00:00,8.87,8.91,8.82,8.84,264.76
2026-02-22 04:00:00+00:00,8.86,8.86,8.81,8.84,377.79
2026-02-22 08:00:00+00:00,8.81,8.83,8.81,8.82,41.94
2026-02-22 12:00:00+00:00,8.77,8.79,8.7,8.72,197.37
2026-02-22 16:00:00+00:00,8.69,8.71,8.62,8.63,35.0
2026-02-22 20:00:00+00:00,8.61,8.66,8.61,8.66,1112.6
2026-02-23 00:00:00+00:00,8.66,8.66,8.2,8.22,351.93
2026-02-23 04:00:00+00:00,8.24,8.39,8.21,8.39,105.77
2026-02-23 08:00:00+00:00,8.34,8.56,8.34,8.46,505.6
2026-02-23 12:00:00+00:00,8.47,8.55,8.4,8.4,1458.51
2026-02-23 16:00:00+00:00,8.34,8.34,8.19,8.23,233.66
2026-02-23 20:00:00+00:00,8.25,8.35,8.25,8.35,123.64
2026-02-24 00:00:00+00:00,8.3,8.34,8.13,8.22,375.56
2026-02-24 04:00:00+00:00,8.21,8.23,8.15,8.19,64.34
2026-02-24 08:00:00+00:00,8.14,8.2,8.14,8.2,9.92
2026-02-24 12:00:00+00:00,8.18,8.21,8.09,8.21,451.8
2026-02-24 16:00:00+00:00,8.27,8.27,8.19,8.24,468.94
2026-02-24 20:00:00+00:00,8.23,8.25,8.22,8.25,47.35
2026-02-25 00:00:00+00:00,8.21,8.64,8.2,8.6,470.36
2026-02-25 04:00:00+00:00,8.5,8.56,8.44,8.47,611.21
2026-02-25 08:00:00+00:00,8.56,8.65,8.56,8.65,662.93
2026-02-25 12:00:00+00:00,8.64,9.32,8.64,9.32,739.45
2026-02-25 16:00:00+00:00,9.34,9.98,9.32,9.46,1410.74
2026-02-25 20:00:00+00:00,9.46,9.6,9.2,9.2,1341.88
2026-02-26 00:00:00+00:00,9.25,9.32,9.22,9.23,656.3
2026-02-26 04:00:00+00:00,9.24,9.32,9.24,9.3,50.63
2026-02-26 08:00:00+00:00,9.26,9.29,9.24,9.29,88.65
2026-02-26 12:00:00+00:00,9.25,9.27,9.05,9.11,433.5
2026-02-26 16:00:00+00:00,9.02,9.09,8.86,9.08,4919.51
2026-02-26 20:00:00+00:00,9.12,9.12,9.06,9.11,101.98
2026-02-27 00:00:00+00:00,9.06,9.15,9.02,9.15,31.14
2026-02-27 04:00:00+00:00,9.19,9.25,9.16,9.16,582.28
2026-02-27 08:00:00+00:00,9.16,9.16,8.84,8.84,262.34
2026-02-27 12:00:00+00:00,8.85,8.86,8.75,8.81,296.39
2026-02-27 16:00:00+00:00,8.72,8.75,8.67,8.67,127.53
2026-02-27 20:00:00+00:00,8.69,8.7,8.59,8.68,406.77
2026-02-28 00:00:00+00:00,8.7,8.76,8.67,8.74,78.13
2026-02-28 04:00:00+00:00,8.68,8.68,8.25,8.42,3662.49
2026-02-28 08:00:00+00:00,8.3,8.34,8.24,8.33,579.59
2026-02-28 12:00:00+00:00,8.31,8.53,8.31,8.45,108.01
2026-02-28 16:00:00+00:00,8.44,8.69,8.42,8.69,956.85
2026-02-28 20:00:00+00:00,8.73,8.92,8.73,8.83,1316.08
2026-03-01 00:00:00+00:00,8.83,9.19,8.8,9.03,227.07
2026-03-01 04:00:00+00:00,9.04,9.05,8.9,8.99,63.79
2026-03-01 08:00:00+00:00,8.96,8.96,8.85,8.91,75.77
2026-03-01 12:00:00+00:00,8.86,9.05,8.81,8.96,335.45
2026-03-01 16:00:00+00:00,8.95,8.95,8.68,8.68,551.62
2026-03-01 20:00:00+00:00,8.67,8.76,8.53,8.68,420.0
2026-03-02 00:00:00+00:00,8.7,8.89,8.66,8.82,64.57
2026-03-02 04:00:00+00:00,8.83,8.84,8.63,8.67,228.86
2026-03-02 08:00:00+00:00,8.67,8.75,8.6,8.68,29.84
2026-03-02 12:00:00+00:00,8.71,9.17,8.6,9.07,1606.66
2026-03-02 16:00:00+00:00,9.12,9.23,8.97,9.05,486.49
2026-03-02 20:00:00+00:00,9.07,9.1,8.97,8.97,414.13
2026-03-03 00:00:00+00:00,8.98,8.99,8.86,8.93,530.68
2026-03-03 04:00:00+00:00,8.9,8.92,8.81,8.82,209.65
2026-03-03 08:00:00+00:00,8.75,8.76,8.62,8.62,361.08
2026-03-03 12:00:00+00:00,8.7,8.75,8.59,8.75,189.97
2026-03-03 16:00:00+00:00,8.78,8.93,8.71,8.81,327.9
2026-03-03 20:00:00+00:00,8.78,8.86,8.7,8.83,604.71
2026-03-04 00:00:00+00:00,8.81,8.86,8.7,8.72,297.7
2026-03-04 04:00:00+00:00,8.75,8.92,8.7,8.92,236.08
2026-03-04 08:00:00+00:00,8.93,9.29,8.92,9.12,916.52
2026-03-04 12:00:00+00:00,9.12,9.47,9.07,9.47,230.64
2026-03-04 16:00:00+00:00,9.5,9.62,9.4,9.58,1044.59
2026-03-04 20:00:00+00:00,9.55,9.55,9.31,9.37,262.45
2026-03-05 00:00:00+00:00,9.36,9.38,9.26,9.26,196.65
2026-03-05 04:00:00+00:00,9.29,9.32,9.22,9.22,127.8
2026-03-05 08:00:00+00:00,9.27,9.44,9.27,9.44,27.31
2026-03-05 12:00:00+00:00,9.47,9.47,9.17,9.24,79.85
2026-03-05 16:00:00+00:00,9.17,9.22,9.07,9.22,76.84
2026-03-05 20:00:00+00:00,9.2,9.31,8.72,9.18,1312.11
2026-03-06 00:00:00+00:00,9.21,9.28,9.19,9.25,22.62
2026-03-06 04:00:00+00:00,9.26,9.27,9.16,9.27,28.54
2026-03-06 08:00:00+00:00,9.22,9.22,9.12,9.12,11.44
2026-03-06 12:00:00+00:00,9.07,9.12,8.78,8.86,1720.77
2026-03-06 16:00:00+00:00,8.75,8.81,8.7,8.81,176.27
2026-03-06 20:00:00+00:00,8.81,8.82,8.75,8.8,25.81
2026-03-07 00:00:00+00:00,8.77,8.82,8.76,8.8,213.58
2026-03-07 04:00:00+00:00,8.77,8.83,8.76,8.76,25.27
2026-03-07 08:00:00+00:00,8.77,8.81,8.77,8.77,24.92
2026-03-07 12:00:00+00:00,8.78,8.81,8.75,8.75,13.05
2026-03-07 16:00:00+00:00,8.74,8.76,8.64,8.64,130.11
2026-03-07 20:00:00+00:00,8.7,8.72,8.66,8.68,66.05
2026-03-08 00:00:00+00:00,8.72,8.72,8.59,8.6,105.85
2026-03-08 04:00:00+00:00,8.63,8.67,8.53,8.65,133.62
2026-03-08 08:00:00+00:00,8.6,8.75,8.6,8.65,53.73
2026-03-08 12:00:00+00:00,8.6,8.65,8.56,8.56,155.83
2026-03-08 16:00:00+00:00,8.55,8.65,8.55,8.64,24.26
2026-03-08 20:00:00+00:00,8.64,8.68,8.4,8.55,486.37
2026-03-09 00:00:00+00:00,8.56,8.78,8.5,8.67,229.79
2026-03-09 04:00:00+00:00,8.68,8.86,8.68,8.71,115.02
2026-03-09 08:00:00+00:00,8.75,8.83,8.73,8.77,51.06
2026-03-09 12:00:00+00:00,8.79,8.96,8.77,8.9,105.2
2026-03-09 16:00:00+00:00,8.94,9.1,8.88,9.0,392.42
2026-03-09 20:00:00+00:00,9.02,9.02,8.85,8.88,556.2
2026-03-10 00:00:00+00:00,8.85,9.07,8.85,8.96,647.36
2026-03-10 04:00:00+00:00,8.97,9.09,8.96,9.09,9.47
2026-03-10 08:00:00+00:00,9.1,9.16,9.08,9.08,53.11
2026-03-10 12:00:00+00:00,9.07,9.19,8.86,9.16,777.47
2026-03-10 16:00:00+00:00,9.12,9.18,8.91,8.97,143.33
2026-03-10 20:00:00+00:00,8.97,9.01,8.94,9.0,79.78
2026-03-11 00:00:00+00:00,8.99,9.0,8.91,8.91,19.71
2026-03-11 04:00:00+00:00,8.93,9.02,8.88,8.88,107.75
2026-03-11 08:00:00+00:00,8.9,8.94,8.9,8.9,73.37
2026-03-11 12:00:00+00:00,8.97,9.15,8.91,9.01,2371.63
2026-03-11 16:00:00+00:00,9.02,9.15,8.99,9.08,2198.97
2026-03-11 20:00:00+00:00,9.07,9.1,9.0,9.0,92.27
2026-03-12 00:00:00+00:00,8.98,9.01,8.84,8.85,922.72
2026-03-12 04:00:00+00:00,8.9,8.94,8.86,8.94,223.95
2026-03-12 08:00:00+00:00,8.95,9.1,8.92,9.03,141.64
2026-03-12 12:00:00+00:00,9.02,9.07,8.91,9.05,92.41
2026-03-12 16:00:00+00:00,9.02,9.1,8.96,9.04,102.23
2026-03-12 20:00:00+00:00,9.02,9.07,8.96,9.07,229.96
2026-03-13 00:00:00+00:00,9.12,9.39,9.12,9.27,850.3
2026-03-13 04:00:00+00:00,9.29,9.3,9.18,9.18,111.05
2026-03-13 08:00:00+00:00,9.17,9.29,9.17,9.29,70.65
2026-03-13 12:00:00+00:00,9.32,9.6,9.24,9.24,300.17
2026-03-13 16:00:00+00:00,9.26,9.32,9.11,9.17,293.78
2026-03-13 20:00:00+00:00,9.14,9.19,9.06,9.07,277.03
2026-03-14 00:00:00+00:00,9.11,9.12,9.06,9.06,73.91
2026-03-14 04:00:00+00:00,9.12,9.13,8.99,8.99,876.85
2026-03-14 08:00:00+00:00,8.97,9.0,8.93,8.98,25.72
2026-03-14 12:00:00+00:00,8.98,9.01,8.98,8.98,72.62
2026-03-14 16:00:00+00:00,9.02,9.04,9.02,9.04,62.33
2026-03-14 20:00:00+00:00,9.03,9.16,9.02,9.16,21.69
2026-03-15 00:00:00+00:00,9.17,9.24,9.13,9.2,102.29
2026-03-15 04:00:00+00:00,9.22,9.25,9.19,9.23,24.52
2026-03-15 08:00:00+00:00,9.24,9.28,9.24,9.28,40.28
2026-03-15 12:00:00+00:00,9.27,9.27,9.17,9.19,94.42
2026-03-15 16:00:00+00:00,9.16,9.22,9.13,9.18,227.81
2026-03-15 20:00:00+00:00,9.21,9.54,9.21,9.47,158.07
2026-03-16 00:00:00+00:00,9.52,9.78,9.44,9.68,1020.66
2026-03-16 04:00:00+00:00,9.69,9.82,9.69,9.71,2071.67
2026-03-16 08:00:00+00:00,9.72,9.74,9.6,9.67,87.1
2026-03-16 12:00:00+00:00,9.72,9.81,9.62,9.76,216.4
2026-03-16 16:00:00+00:00,9.72,9.98,9.72,9.9,386.75
2026-03-16 20:00:00+00:00,9.95,10.07,9.88,9.92,168.39
2026-03-17 00:00:00+00:00,9.94,10.04,9.81,9.81,1552.07
2026-03-17 04:00:00+00:00,9.86,9.86,9.7,9.81,93.86
2026-03-17 08:00:00+00:00,9.77,9.77,9.75,9.75,14.17
2026-03-17 12:00:00+00:00,9.79,9.91,9.74,9.77,116.44
2026-03-17 16:00:00+00:00,9.82,9.89,9.82,9.82,57.75
2026-03-17 20:00:00+00:00,9.83,9.87,9.8,9.8,30.4
2026-03-18 00:00:00+00:00,9.82,9.87,9.77,9.87,67.78
2026-03-18 04:00:00+00:00,9.9,9.9,9.82,9.82,7.71
2026-03-18 08:00:00+00:00,9.86,9.87,9.52,9.56,249.35
2026-03-18 12:00:00+00:00,9.53,9.53,9.13,9.18,1826.9
2026-03-18 16:00:00+00:00,9.17,9.3,9.1,9.18,284.86
2026-03-18 20:00:00+00:00,9.17,9.24,9.1,9.21,106.0
2026-03-19 00:00:00+00:00,9.21,9.32,9.21,9.27,222.97
2026-03-19 04:00:00+00:00,9.22,9.26,9.06,9.14,1156.97
2026-03-19 08:00:00+00:00,9.11,9.16,9.11,9.16,3.14
2026-03-19 12:00:00+00:00,9.07,9.07,8.91,8.91,673.02
2026-03-19 16:00:00+00:00,8.92,9.07,8.92,9.07,32.62
2026-03-19 20:00:00+00:00,9.05,9.09,9.04,9.05,53.14
2026-03-20 00:00:00+00:00,9.08,9.13,9.07,9.12,200.28
2026-03-20 04:00:00+00:00,9.15,9.15,9.04,9.12,124.38
2026-03-20 08:00:00+00:00,9.17,9.2,9.07,9.07,82.54
2026-03-20 12:00:00+00:00,9.08,9.11,8.97,9.03,648.65
2026-03-20 16:00:00+00:00,9.05,9.07,8.97,8.98,284.1
2026-03-20 20:00:00+00:00,9.03,9.16,9.03,9.11,71.82
2026-03-21 00:00:00+00:00,9.13,9.17,9.12,9.15,104.81
2026-03-21 04:00:00+00:00,9.16,9.16,9.11,9.14,65.86
2026-03-21 08:00:00+00:00,9.14,9.14,9.08,9.1,94.35
2026-03-21 12:00:00+00:00,9.11,9.14,9.06,9.09,37.22
2026-03-21 16:00:00+00:00,9.08,9.09,9.05,9.06,34.01
2026-03-21 20:00:00+00:00,9.07,9.11,8.8,8.84,480.39
2026-03-22 00:00:00+00:00,8.75,8.93,8.68,8.93,236.46
2026-03-22 04:00:00+00:00,8.92,8.94,8.86,8.86,73.1
2026-03-22 08:00:00+00:00,8.82,8.83,8.78,8.78,43.3
2026-03-22 12:00:00+00:00,8.77,8.81,8.77,8.8,98.35
2026-03-22 16:00:00+00:00,8.8,8.82,8.7,8.7,717.68
2026-03-22 20:00:00+00:00,8.74,8.75,8.59,8.72,1325.09
2026-03-23 00:00:00+00:00,8.72,8.79,8.64,8.73,821.27
2026-03-23 04:00:00+00:00,8.72,8.79,8.58,8.64,323.09
2026-03-23 08:00:00+00:00,8.63,9.25,8.6,9.02,903.65
2026-03-23 12:00:00+00:00,8.97,9.29,8.96,9.07,1279.36
2026-03-23 16:00:00+00:00,9.08,9.17,9.0,9.17,244.36
2026-03-23 20:00:00+00:00,9.14,9.16,9.06,9.06,231.46
2026-03-24 00:00:00+00:00,9.12,9.12,9.02,9.08,115.75
2026-03-24 04:00:00+00:00,9.12,9.25,9.07,9.25,161.64
2026-03-24 08:00:00+00:00,9.22,9.24,9.17,9.22,288.56
2026-03-24 12:00:00+00:00,9.22,9.25,9.17,9.17,75.71
