timestamp,open,high,low,close,volume
2025-03-24 16:00:00+00:00,94.26,94.87,93.47,94.71,16.027
2025-03-24 20:00:00+00:00,94.93,95.5,93.0,93.69,127.487
2025-03-25 00:00:00+00:00,93.68,94.33,92.27,92.29,117.639
2025-03-25 04:00:00+00:00,92.01,92.71,92.0,92.47,18.987
2025-03-25 08:00:00+00:00,92.67,93.18,92.33,93.06,10.548
2025-03-25 12:00:00+00:00,93.17,94.68,92.89,93.4,57.07
2025-03-25 16:00:00+00:00,93.32,93.76,92.88,93.76,27.081
2025-03-25 20:00:00+00:00,93.34,94.59,93.15,94.59,30.128
2025-03-26 00:00:00+00:00,94.6,96.0,93.38,93.46,182.627
2025-03-26 04:00:00+00:00,93.74,95.75,93.46,95.75,3.558
2025-03-26 08:00:00+00:00,95.69,96.39,95.2,95.92,32.27
2025-03-26 12:00:00+00:00,95.72,95.72,92.91,93.0,118.325
2025-03-26 16:00:00+00:00,92.77,93.53,91.03,92.31,510.463
2025-03-26 20:00:00+00:00,92.17,92.95,91.69,92.22,153.74
2025-03-27 00:00:00+00:00,92.25,94.04,92.24,93.83,171.222
2025-03-27 04:00:00+00:00,93.96,94.09,93.45,93.93,6.638
2025-03-27 08:00:00+00:00,94.22,94.87,93.76,93.76,19.246
2025-03-27 12:00:00+00:00,94.15,94.21,92.31,94.08,136.468
2025-03-27 16:00:00+00:00,93.82,93.83,91.01,92.63,107.707
2025-03-27 20:00:00+00:00,92.56,93.1,92.56,92.7,62.056
2025-03-28 00:00:00+00:00,92.54,93.33,91.98,92.46,124.729
2025-03-28 04:00:00+00:00,92.35,92.36,88.27,88.44,747.546
2025-03-28 08:00:00+00:00,88.81,89.03,87.52,88.0,716.502
2025-03-28 12:00:00+00:00,87.84,87.86,87.03,87.4,27.332
2025-03-28 16:00:00+00:00,87.12,87.47,86.25,86.25,22.919
2025-03-28 20:00:00+00:00,86.67,87.51,85.9,87.49,26.576
2025-03-29 00:00:00+00:00,87.48,87.97,86.25,87.54,18.961
2025-03-29 04:00:00+00:00,87.56,87.57,85.85,85.85,26.311
2025-03-29 08:00:00+00:00,86.41,86.41,85.1,85.1,18.182
2025-03-29 12:00:00+00:00,86.25,86.66,86.06,86.06,12.739
2025-03-29 16:00:00+00:00,85.99,85.99,84.27,85.69,43.081
2025-03-29 20:00:00+00:00,85.3,85.3,84.51,85.22,120.964
2025-03-30 00:00:00+00:00,85.17,86.63,84.79,86.35,13.436
2025-03-30 04:00:00+00:00,86.64,86.79,86.0,86.69,18.377
2025-03-30 08:00:00+00:00,86.2,86.2,86.18,86.18,3.786
2025-03-30 12:00:00+00:00,86.02,86.27,85.24,86.27,19.938
2025-03-30 16:00:00+00:00,86.46,86.64,85.93,86.64,6.299
2025-03-30 20:00:00+00:00,86.48,86.64,84.98,86.02,50.113
2025-03-31 00:00:00+00:00,86.1,86.1,84.65,84.65,63.002
2025-03-31 04:00:00+00:00,84.84,85.64,83.52,83.52,27.831
2025-03-31 08:00:00+00:00,83.82,83.82,81.02,82.22,213.474
2025-03-31 12:00:00+00:00,82.03,83.67,81.21,83.67,146.995
2025-03-31 16:00:00+00:00,82.98,84.2,82.84,83.57,13.578
2025-03-31 20:00:00+00:00,83.79,83.97,83.02,83.25,27.916
2025-04-01 00:00:00+00:00,83.25,83.91,83.13,83.91,10.549
2025-04-01 04:00:00+00:00,84.17,84.66,83.8,84.66,12.179
2025-04-01 08:00:00+00:00,84.91,85.67,84.0,84.0,31.08
2025-04-01 12:00:00+00:00,83.97,85.66,83.74,85.66,41.458
2025-04-01 16:00:00+00:00,85.35,85.7,84.84,85.01,37.953
2025-04-01 20:00:00+00:00,84.49,85.23,84.49,84.91,20.59
2025-04-02 00:00:00+00:00,84.2,84.6,82.5,83.2,64.785
2025-04-02 04:00:00+00:00,83.03,84.66,80.91,81.23,76.718
2025-04-02 08:00:00+00:00,82.22,83.18,82.05,83.18,18.6
2025-04-02 12:00:00+00:00,82.95,87.18,82.95,85.99,1284.08
2025-04-02 16:00:00+00:00,85.49,87.0,84.98,86.61,203.441
2025-04-02 20:00:00+00:00,86.4,88.33,81.03,81.89,244.814
2025-04-03 00:00:00+00:00,81.1,84.17,81.1,83.26,200.693
2025-04-03 04:00:00+00:00,83.52,83.68,83.45,83.45,1.993
2025-04-03 08:00:00+00:00,83.7,84.58,81.59,82.54,16.166
2025-04-03 12:00:00+00:00,82.53,82.53,80.25,81.77,1011.953
2025-04-03 16:00:00+00:00,82.02,82.54,81.08,82.22,19.486
2025-04-03 20:00:00+00:00,82.0,83.43,80.7,83.43,241.98
2025-04-04 00:00:00+00:00,83.49,83.6,82.98,83.1,19.341
2025-04-04 04:00:00+00:00,83.24,84.66,82.67,84.66,745.981
2025-04-04 08:00:00+00:00,84.66,85.07,81.72,82.3,44.075
2025-04-04 12:00:00+00:00,82.3,84.74,82.19,84.71,188.085
2025-04-04 16:00:00+00:00,84.07,84.8,83.51,84.4,85.212
2025-04-04 20:00:00+00:00,84.38,84.7,84.16,84.16,14.393
2025-04-05 00:00:00+00:00,84.32,84.87,84.32,84.56,5.638
2025-04-05 04:00:00+00:00,84.27,84.27,84.27,84.27,0.034
2025-04-05 08:00:00+00:00,83.77,83.95,83.51,83.7,18.457
2025-04-05 12:00:00+00:00,83.18,83.34,82.05,82.05,8.79
2025-04-05 16:00:00+00:00,82.19,82.46,81.92,82.0,385.255
2025-04-05 20:00:00+00:00,81.91,82.6,81.71,82.6,43.127
2025-04-06 00:00:00+00:00,82.42,82.98,82.11,82.23,11.139
2025-04-06 04:00:00+00:00,82.34,82.36,81.63,81.74,4.664
2025-04-06 08:00:00+00:00,81.57,81.79,81.17,81.17,8.318
2025-04-06 12:00:00+00:00,81.42,81.42,78.27,78.95,1364.592
2025-04-06 16:00:00+00:00,78.75,78.75,71.75,72.67,371.697
2025-04-06 20:00:00+00:00,72.96,72.96,68.47,70.5,972.172
2025-04-07 00:00:00+00:00,70.6,71.71,67.5,68.14,456.602
2025-04-07 04:00:00+00:00,68.25,68.62,63.38,64.93,658.681
2025-04-07 08:00:00+00:00,64.49,68.17,63.87,66.95,101.066
2025-04-07 12:00:00+00:00,67.1,72.99,66.92,70.71,346.928
2025-04-07 16:00:00+00:00,69.62,71.45,69.33,70.72,182.771
2025-04-07 20:00:00+00:00,71.29,72.3,70.96,70.97,54.388
2025-04-08 00:00:00+00:00,70.97,72.82,70.42,72.06,971.149
2025-04-08 04:00:00+00:00,71.91,72.85,71.02,71.33,100.759
2025-04-08 08:00:00+00:00,71.1,73.14,71.08,72.74,21.781
2025-04-08 12:00:00+00:00,73.25,73.4,70.84,71.59,511.54
2025-04-08 16:00:00+00:00,71.31,71.31,67.99,68.81,1233.633
2025-04-08 20:00:00+00:00,68.76,69.74,68.74,69.25,19.004
2025-04-09 00:00:00+00:00,69.13,70.01,66.9,68.32,662.92
2025-04-09 04:00:00+00:00,68.99,70.61,68.99,70.56,28.763
2025-04-09 08:00:00+00:00,70.93,71.37,69.62,69.62,23.842
2025-04-09 12:00:00+00:00,70.46,72.04,69.97,71.55,25.966
2025-04-09 16:00:00+00:00,71.87,78.23,71.82,77.45,875.381
2025-04-09 20:00:00+00:00,77.29,78.17,76.01,76.01,182.626
2025-04-10 00:00:00+00:00,76.12,76.14,73.95,74.15,577.912
2025-04-10 04:00:00+00:00,74.73,74.99,73.77,74.15,14.664
2025-04-10 08:00:00+00:00,74.03,74.46,73.4,73.4,19.895
2025-04-10 12:00:00+00:00,73.88,74.3,71.16,71.68,491.923
2025-04-10 16:00:00+00:00,71.57,73.04,71.12,73.04,165.628
2025-04-10 20:00:00+00:00,72.9,73.82,72.79,73.82,12.289
2025-04-11 00:00:00+00:00,73.97,75.32,73.86,75.18,140.02
2025-04-11 04:00:00+00:00,74.98,76.11,74.98,75.56,35.385
2025-04-11 08:00:00+00:00,75.89,77.49,75.81,75.95,54.757
2025-04-11 12:00:00+00:00,75.7,76.55,75.62,76.36,24.875
2025-04-11 16:00:00+00:00,76.45,77.2,75.94,77.03,7.978
2025-04-11 20:00:00+00:00,76.58,77.0,75.98,76.31,65.64
2025-04-12 00:00:00+00:00,76.18,76.29,75.17,75.31,18.894
2025-04-12 04:00:00+00:00,75.07,76.19,74.98,75.91,14.585
2025-04-12 08:00:00+00:00,76.22,76.54,75.82,75.85,12.858
2025-04-12 12:00:00+00:00,76.38,79.9,76.38,78.91,28.095
2025-04-12 16:00:00+00:00,78.76,79.0,78.23,78.77,437.737
2025-04-12 20:00:00+00:00,78.91,79.19,78.72,78.72,17.017
2025-04-13 00:00:00+00:00,78.87,79.0,77.84,78.32,9.023
2025-04-13 04:00:00+00:00,77.97,78.91,77.37,78.91,11.778
2025-04-13 08:00:00+00:00,78.69,79.54,78.58,78.58,27.607
2025-04-13 12:00:00+00:00,79.24,79.36,77.71,78.14,109.183
2025-04-13 16:00:00+00:00,78.18,79.98,77.25,77.94,328.637
2025-04-13 20:00:00+00:00,78.19,78.86,76.52,77.86,381.857
2025-04-14 00:00:00+00:00,77.94,80.56,77.84,78.91,414.654
2025-04-14 04:00:00+00:00,78.83,79.4,77.31,77.58,25.344
2025-04-14 08:00:00+00:00,78.02,78.53,77.12,78.53,94.615
2025-04-14 12:00:00+00:00,78.67,79.29,76.52,76.54,608.174
2025-04-14 16:00:00+00:00,76.42,77.5,75.86,77.07,614.549
2025-04-14 20:00:00+00:00,77.17,77.43,76.8,77.43,12.324
2025-04-15 00:00:00+00:00,76.81,78.49,76.38,78.49,54.453
2025-04-15 04:00:00+00:00,78.53,78.67,77.82,78.3,15.268
2025-04-15 08:00:00+00:00,78.38,78.38,77.21,77.21,18.239
2025-04-15 12:00:00+00:00,77.3,78.19,75.5,75.62,55.189
2025-04-15 16:00:00+00:00,75.62,75.62,74.81,75.31,155.882
2025-04-15 20:00:00+00:00,75.31,76.22,75.08,75.24,8.078
2025-04-16 00:00:00+00:00,75.24,76.48,74.67,75.54,72.546
2025-04-16 04:00:00+00:00,75.79,76.12,75.3,75.74,4.52
2025-04-16 08:00:00+00:00,74.98,76.22,74.61,74.62,12.83
2025-04-16 12:00:00+00:00,74.52,75.65,73.77,75.06,124.588
2025-04-16 16:00:00+00:00,75.25,75.89,73.52,75.57,36.083
2025-04-16 20:00:00+00:00,75.65,75.76,74.35,74.35,31.788
2025-04-17 00:00:00+00:00,74.53,75.12,73.83,74.07,100.041
2025-04-17 04:00:00+00:00,74.25,75.71,74.25,74.92,11.152
2025-04-17 08:00:00+00:00,75.67,75.68,74.66,74.86,6.882
2025-04-17 12:00:00+00:00,75.37,75.52,73.72,75.02,20.426
2025-04-17 16:00:00+00:00,75.26,76.79,74.81,75.01,188.25
2025-04-17 20:00:00+00:00,75.35,75.55,74.68,74.81,24.632
2025-04-18 00:00:00+00:00,74.72,75.28,74.66,75.21,39.561
2025-04-18 04:00:00+00:00,75.1,75.57,74.71,75.57,10.189
2025-04-18 08:00:00+00:00,75.63,75.96,75.62,75.71,10.377
2025-04-18 12:00:00+00:00,75.78,76.0,75.15,75.94,59.581
2025-04-18 16:00:00+00:00,75.93,77.09,75.52,76.8,496.461
2025-04-18 20:00:00+00:00,76.43,76.6,75.95,76.01,87.768
2025-04-19 00:00:00+00:00,76.18,76.5,75.84,76.5,100.458
2025-04-19 04:00:00+00:00,76.54,76.54,76.17,76.19,8.53
2025-04-19 08:00:00+00:00,76.21,76.28,75.95,76.04,7.455
2025-04-19 12:00:00+00:00,75.95,76.21,75.76,76.16,17.671
2025-04-19 16:00:00+00:00,75.62,76.13,74.3,75.78,59.843
2025-04-19 20:00:00+00:00,75.79,76.49,75.63,76.33,36.967
2025-04-20 00:00:00+00:00,76.14,76.54,76.09,76.37,207.099
2025-04-20 04:00:00+00:00,76.45,76.9,76.37,76.46,9.003
2025-04-20 08:00:00+00:00,76.74,76.74,75.48,75.48,21.14
2025-04-20 12:00:00+00:00,75.72,76.27,75.72,75.98,45.975
2025-04-20 16:00:00+00:00,76.51,77.64,76.31,77.64,118.361
2025-04-20 20:00:00+00:00,77.6,78.43,77.42,78.21,59.374
2025-04-21 00:00:00+00:00,78.2,79.81,77.9,78.71,225.477
2025-04-21 04:00:00+00:00,79.38,80.35,78.71,80.33,330.131
2025-04-21 08:00:00+00:00,80.4,81.66,79.85,79.85,33.208
2025-04-21 12:00:00+00:00,80.08,80.57,79.64,79.73,119.754
2025-04-21 16:00:00+00:00,79.59,79.59,77.51,77.96,50.201
2025-04-21 20:00:00+00:00,78.26,78.26,77.6,78.06,18.589
2025-04-22 00:00:00+00:00,78.19,79.49,77.45,78.78,71.966
2025-04-22 04:00:00+00:00,78.95,79.6,78.3,79.57,18.017
2025-04-22 08:00:00+00:00,79.73,80.07,79.23,79.94,20.37
2025-04-22 12:00:00+00:00,79.97,83.45,79.97,82.41,304.612
2025-04-22 16:00:00+00:00,82.47,83.26,82.47,82.73,73.146
2025-04-22 20:00:00+00:00,82.47,84.64,78.0,83.38,334.383
2025-04-23 00:00:00+00:00,83.85,85.21,83.34,84.68,66.642
2025-04-23 04:00:00+00:00,84.68,85.04,84.19,84.29,40.334
2025-04-23 08:00:00+00:00,84.5,85.12,84.17,84.19,33.364
2025-04-23 12:00:00+00:00,84.6,85.1,82.5,83.43,204.168
2025-04-23 16:00:00+00:00,83.67,84.36,82.68,83.35,22.272
2025-04-23 20:00:00+00:00,83.27,83.43,82.86,83.33,18.896
2025-04-24 00:00:00+00:00,83.31,84.09,81.92,81.92,68.827
2025-04-24 04:00:00+00:00,81.91,82.71,81.91,81.91,1.922
2025-04-24 08:00:00+00:00,81.77,81.78,80.95,81.62,10.143
2025-04-24 12:00:00+00:00,81.32,83.79,81.32,83.79,19.297
2025-04-24 16:00:00+00:00,83.15,83.8,82.68,83.36,47.688
2025-04-24 20:00:00+00:00,83.44,84.44,83.22,84.35,25.33
2025-04-25 00:00:00+00:00,84.2,84.77,83.02,83.46,86.444
2025-04-25 04:00:00+00:00,83.39,85.08,83.39,84.51,22.763
2025-04-25 08:00:00+00:00,84.51,85.73,84.51,85.73,39.452
2025-04-25 12:00:00+00:00,85.79,87.23,84.96,86.47,178.409
2025-04-25 16:00:00+00:00,86.17,87.15,85.62,86.46,464.718
2025-04-25 20:00:00+00:00,86.62,87.18,86.33,86.42,208.56
2025-04-26 00:00:00+00:00,86.58,87.97,86.34,87.69,45.589
2025-04-26 04:00:00+00:00,87.59,87.86,86.92,87.3,38.797
2025-04-26 08:00:00+00:00,87.23,87.63,85.63,85.73,193.507
2025-04-26 12:00:00+00:00,85.79,86.73,85.26,86.73,58.763
2025-04-26 16:00:00+00:00,86.54,87.52,86.33,87.3,24.518
2025-04-26 20:00:00+00:00,87.25,87.71,87.09,87.2,39.38
2025-04-27 00:00:00+00:00,87.19,87.74,85.86,85.86,39.87
2025-04-27 04:00:00+00:00,85.96,85.96,84.61,85.5,38.397
2025-04-27 08:00:00+00:00,85.4,86.49,85.4,86.34,16.112
2025-04-27 12:00:00+00:00,85.76,87.14,85.76,86.16,41.701
2025-04-27 16:00:00+00:00,86.51,86.93,86.21,86.93,14.513
2025-04-27 20:00:00+00:00,87.02,87.02,85.48,85.48,67.024
2025-04-28 00:00:00+00:00,85.34,85.71,83.77,85.29,74.451
2025-04-28 04:00:00+00:00,85.5,87.29,84.82,87.29,26.703
2025-04-28 08:00:00+00:00,87.51,88.04,86.42,87.18,42.375
2025-04-28 12:00:00+00:00,87.25,87.25,84.03,84.2,59.156
2025-04-28 16:00:00+00:00,84.5,85.64,84.0,85.45,256.489
2025-04-28 20:00:00+00:00,84.92,86.15,84.66,85.5,35.593
2025-04-29 00:00:00+00:00,85.11,86.98,85.06,86.58,229.462
2025-04-29 04:00:00+00:00,86.2,86.89,85.24,86.75,93.953
2025-04-29 08:00:00+00:00,86.95,86.95,85.34,85.83,38.127
2025-04-29 12:00:00+00:00,85.68,85.79,85.06,85.36,58.229
2025-04-29 16:00:00+00:00,85.85,87.31,85.73,86.3,297.439
2025-04-29 20:00:00+00:00,86.64,86.64,84.61,85.46,130.171
2025-04-30 00:00:00+00:00,85.73,86.56,85.39,86.0,36.641
2025-04-30 04:00:00+00:00,85.86,86.43,84.5,84.65,143.306
2025-04-30 08:00:00+00:00,84.94,85.03,84.62,85.03,9.966
2025-04-30 12:00:00+00:00,84.92,85.07,81.46,82.92,127.159
2025-04-30 16:00:00+00:00,82.65,83.55,82.65,83.17,65.747
2025-04-30 20:00:00+00:00,83.8,84.57,83.39,83.85,205.314
2025-05-01 00:00:00+00:00,83.77,84.9,83.41,84.2,24.395
2025-05-01 04:00:00+00:00,84.27,85.09,84.2,85.09,36.361
2025-05-01 08:00:00+00:00,85.09,87.08,84.97,86.82,85.069
2025-05-01 12:00:00+00:00,87.1,88.06,85.88,87.65,84.205
2025-05-01 16:00:00+00:00,87.9,89.74,87.87,89.61,121.507
2025-05-01 20:00:00+00:00,89.75,91.01,88.39,88.94,178.733
2025-05-02 00:00:00+00:00,88.93,90.95,88.67,90.07,91.768
2025-05-02 04:00:00+00:00,90.09,90.09,88.08,88.09,38.16
2025-05-02 08:00:00+00:00,88.42,88.99,88.26,88.7,29.466
2025-05-02 12:00:00+00:00,88.63,89.41,88.09,88.3,103.085
2025-05-02 16:00:00+00:00,88.31,89.21,87.42,87.42,47.735
2025-05-02 20:00:00+00:00,87.55,87.99,86.92,87.93,84.455
2025-05-03 00:00:00+00:00,87.81,87.81,87.18,87.64,7.657
2025-05-03 04:00:00+00:00,87.39,87.62,86.77,86.77,22.628
2025-05-03 08:00:00+00:00,86.74,87.26,86.25,86.28,48.664
2025-05-03 12:00:00+00:00,86.15,87.49,86.15,86.97,132.236
2025-05-03 16:00:00+00:00,86.79,87.01,85.73,86.92,63.367
2025-05-03 20:00:00+00:00,87.1,87.14,86.56,86.79,6.204
2025-05-04 00:00:00+00:00,87.03,87.03,85.81,86.16,31.728
2025-05-04 04:00:00+00:00,86.23,86.67,85.69,86.14,32.193
2025-05-04 08:00:00+00:00,86.16,86.16,85.63,85.91,20.738
2025-05-04 12:00:00+00:00,85.71,86.62,85.62,86.45,34.173
2025-05-04 16:00:00+00:00,86.17,86.5,85.78,86.3,29.118
2025-05-04 20:00:00+00:00,86.42,86.88,84.84,85.11,50.972
2025-05-05 00:00:00+00:00,85.11,86.49,84.73,86.13,48.216
2025-05-05 04:00:00+00:00,86.69,88.43,86.69,88.03,56.96
2025-05-05 08:00:00+00:00,88.11,89.54,87.65,88.18,248.266
2025-05-05 12:00:00+00:00,87.61,88.23,85.73,85.74,70.191
2025-05-05 16:00:00+00:00,85.72,87.7,84.34,84.34,59.801
2025-05-05 20:00:00+00:00,84.31,84.53,82.25,83.41,146.681
2025-05-06 00:00:00+00:00,83.06,83.58,81.76,82.72,129.708
2025-05-06 04:00:00+00:00,82.58,83.11,81.88,81.88,69.872
2025-05-06 08:00:00+00:00,81.8,81.92,81.15,81.72,166.393
2025-05-06 12:00:00+00:00,81.91,83.01,81.41,82.33,57.509
2025-05-06 16:00:00+00:00,82.33,84.55,81.75,84.39,47.065
2025-05-06 20:00:00+00:00,83.99,92.42,83.64,91.71,497.02
2025-05-07 00:00:00+00:00,92.3,93.55,91.29,91.86,255.585
2025-05-07 04:00:00+00:00,91.85,92.64,91.2,92.51,25.944
2025-05-07 08:00:00+00:00,92.6,93.02,91.21,91.21,88.496
2025-05-07 12:00:00+00:00,91.3,91.32,88.89,88.89,89.788
2025-05-07 16:00:00+00:00,88.78,88.78,87.14,87.96,115.024
2025-05-07 20:00:00+00:00,87.57,90.95,87.56,89.64,110.017
2025-05-08 00:00:00+00:00,89.68,92.01,88.65,91.74,141.684
2025-05-08 04:00:00+00:00,91.86,93.39,91.38,92.7,188.705
2025-05-08 08:00:00+00:00,92.81,93.02,90.89,92.13,123.562
2025-05-08 12:00:00+00:00,91.91,94.27,88.0,93.47,957.834
2025-05-08 16:00:00+00:00,93.26,94.79,90.43,93.01,269.668
2025-05-08 20:00:00+00:00,93.0,95.3,92.29,94.68,186.917
2025-05-09 00:00:00+00:00,94.9,96.09,93.87,94.81,491.096
2025-05-09 04:00:00+00:00,94.59,98.5,94.45,98.19,184.754
2025-05-09 08:00:00+00:00,98.54,101.43,97.32,98.99,468.846
2025-05-09 12:00:00+00:00,98.82,100.33,97.32,98.27,510.435
2025-05-09 16:00:00+00:00,98.14,99.63,97.78,98.98,163.296
2025-05-09 20:00:00+00:00,99.29,100.85,98.89,100.18,43.053
2025-05-10 00:00:00+00:00,100.87,106.95,100.87,103.51,594.652
2025-05-10 04:00:00+00:00,102.73,104.3,102.26,104.11,145.665
2025-05-10 08:00:00+00:00,104.11,104.44,100.79,100.79,387.689
2025-05-10 12:00:00+00:00,101.42,102.64,101.36,101.91,356.174
2025-05-10 16:00:00+00:00,101.77,104.39,101.77,103.16,43.504
2025-05-10 20:00:00+00:00,103.28,105.53,100.1,105.26,211.208
2025-05-11 00:00:00+00:00,105.03,105.97,102.18,105.01,509.243
2025-05-11 04:00:00+00:00,104.66,104.66,99.83,99.93,159.64
2025-05-11 08:00:00+00:00,100.8,101.68,99.82,101.58,34.274
2025-05-11 12:00:00+00:00,101.63,101.86,98.27,99.69,174.926
2025-05-11 16:00:00+00:00,98.79,100.91,98.29,100.32,69.466
2025-05-11 20:00:00+00:00,100.17,100.84,99.65,99.85,78.007
2025-05-12 00:00:00+00:00,100.43,103.45,99.35,100.71,236.133
2025-05-12 04:00:00+00:00,101.11,104.22,100.18,102.02,136.743
2025-05-12 08:00:00+00:00,102.14,103.3,101.38,102.42,60.709
2025-05-12 12:00:00+00:00,101.96,103.97,99.15,100.38,347.135
2025-05-12 16:00:00+00:00,100.57,102.5,98.38,101.54,203.393
2025-05-12 20:00:00+00:00,101.77,104.91,100.9,103.97,128.49
2025-05-13 00:00:00+00:00,104.08,104.65,99.95,100.21,343.709
2025-05-13 04:00:00+00:00,100.23,103.55,100.23,103.04,112.174
2025-05-13 08:00:00+00:00,102.26,103.06,101.63,103.06,77.759
2025-05-13 12:00:00+00:00,102.79,103.32,99.75,101.19,102.385
2025-05-13 16:00:00+00:00,101.19,104.91,98.0,104.42,516.687
2025-05-13 20:00:00+00:00,103.82,104.8,103.03,103.56,77.024
2025-05-14 00:00:00+00:00,103.35,104.64,102.51,103.34,173.198
2025-05-14 04:00:00+00:00,103.03,105.85,103.03,104.84,168.48
2025-05-14 08:00:00+00:00,104.44,104.44,101.19,102.45,87.181
2025-05-14 12:00:00+00:00,102.26,102.7,99.0,99.86,175.174
2025-05-14 16:00:00+00:00,99.99,100.59,98.53,100.35,243.942
2025-05-14 20:00:00+00:00,100.35,101.51,100.09,100.89,117.451
2025-05-15 00:00:00+00:00,100.95,101.93,99.55,99.55,66.416
2025-05-15 04:00:00+00:00,99.96,100.24,95.1,95.88,530.197
2025-05-15 08:00:00+00:00,96.23,98.28,96.23,98.21,56.581
2025-05-15 12:00:00+00:00,97.73,98.83,95.72,98.61,174.002
2025-05-15 16:00:00+00:00,98.4,99.75,97.46,99.61,57.315
2025-05-15 20:00:00+00:00,99.57,100.43,97.85,99.33,88.984
2025-05-16 00:00:00+00:00,99.48,101.08,98.7,100.84,38.417
2025-05-16 04:00:00+00:00,100.68,101.0,99.74,99.74,11.939
2025-05-16 08:00:00+00:00,99.94,101.11,98.38,101.06,53.619
2025-05-16 12:00:00+00:00,101.07,101.51,100.14,101.5,84.699
2025-05-16 16:00:00+00:00,101.51,102.15,100.31,100.31,876.123
2025-05-16 20:00:00+00:00,100.33,100.33,98.8,99.57,70.0
2025-05-17 00:00:00+00:00,99.41,99.99,97.46,99.23,243.197
2025-05-17 04:00:00+00:00,99.24,101.09,99.24,101.06,43.695
2025-05-17 08:00:00+00:00,100.62,100.97,98.65,98.96,62.75
2025-05-17 12:00:00+00:00,98.75,98.85,97.11,97.78,290.303
2025-05-17 16:00:00+00:00,97.5,97.88,96.42,96.46,97.233
2025-05-17 20:00:00+00:00,96.34,97.49,95.75,96.24,39.174
2025-05-18 00:00:00+00:00,96.17,97.0,95.85,96.6,39.253
2025-05-18 04:00:00+00:00,96.67,98.62,96.67,98.62,334.996
2025-05-18 08:00:00+00:00,98.65,99.07,98.31,98.74,6.896
2025-05-18 12:00:00+00:00,97.95,101.72,97.95,101.72,74.573
2025-05-18 16:00:00+00:00,101.77,102.28,97.1,97.1,271.017
2025-05-18 20:00:00+00:00,97.03,101.29,95.99,101.24,411.855
2025-05-19 00:00:00+00:00,100.79,101.18,97.1,97.21,46.197
2025-05-19 04:00:00+00:00,97.01,97.78,94.43,95.88,151.024
2025-05-19 08:00:00+00:00,95.79,95.84,95.0,95.84,18.411
2025-05-19 12:00:00+00:00,95.54,97.83,94.54,97.83,115.768
2025-05-19 16:00:00+00:00,97.16,99.23,97.16,99.12,75.401
2025-05-19 20:00:00+00:00,99.32,99.32,97.88,98.56,76.04
2025-05-20 00:00:00+00:00,98.15,99.62,97.94,97.94,52.54
2025-05-20 04:00:00+00:00,97.91,98.28,93.63,94.12,167.573
2025-05-20 08:00:00+00:00,94.05,94.05,92.52,93.49,107.484
2025-05-20 12:00:00+00:00,92.74,94.04,92.44,94.04,95.783
2025-05-20 16:00:00+00:00,93.74,99.44,93.15,93.84,320.42
2025-05-20 20:00:00+00:00,93.84,94.57,93.73,94.47,98.198
2025-05-21 00:00:00+00:00,94.16,95.08,93.6,94.85,72.621
2025-05-21 04:00:00+00:00,94.99,96.07,94.54,94.54,71.481
2025-05-21 08:00:00+00:00,94.8,95.63,94.78,95.58,68.143
2025-05-21 12:00:00+00:00,95.39,96.61,94.81,96.61,218.584
2025-05-21 16:00:00+00:00,96.64,98.2,94.26,96.34,935.081
2025-05-21 20:00:00+00:00,95.92,97.49,95.92,97.42,125.124
2025-05-22 00:00:00+00:00,97.09,99.92,97.09,99.92,321.163
2025-05-22 04:00:00+00:00,99.45,99.62,97.59,99.06,53.889
2025-05-22 08:00:00+00:00,99.23,99.73,97.88,98.65,43.285
2025-05-22 12:00:00+00:00,98.25,99.23,97.7,99.06,101.504
2025-05-22 16:00:00+00:00,99.37,100.53,98.83,99.48,203.966
2025-05-22 20:00:00+00:00,99.62,100.85,99.15,100.1,54.322
2025-05-23 00:00:00+00:00,100.38,102.78,99.87,102.0,177.046
2025-05-23 04:00:00+00:00,102.28,102.28,99.72,100.26,64.597
2025-05-23 08:00:00+00:00,100.61,101.94,97.09,97.09,84.437
2025-05-23 12:00:00+00:00,97.03,99.98,95.14,98.37,174.814
2025-05-23 16:00:00+00:00,98.2,99.23,97.82,98.96,63.761
2025-05-23 20:00:00+00:00,98.3,98.3,94.69,95.12,159.124
2025-05-24 00:00:00+00:00,95.25,97.11,95.25,96.65,81.754
2025-05-24 04:00:00+00:00,97.1,97.11,96.34,96.67,24.614
2025-05-24 08:00:00+00:00,96.63,97.76,96.63,97.49,20.069
2025-05-24 12:00:00+00:00,96.96,97.09,96.35,97.09,13.39
2025-05-24 16:00:00+00:00,96.88,96.88,95.96,96.57,18.675
2025-05-24 20:00:00+00:00,96.5,96.77,95.47,95.47,84.335
2025-05-25 00:00:00+00:00,95.94,96.14,94.38,95.88,53.01
2025-05-25 04:00:00+00:00,95.62,95.98,95.0,95.53,8.653
2025-05-25 08:00:00+00:00,94.97,95.24,93.91,94.41,42.523
2025-05-25 12:00:00+00:00,94.41,94.93,93.16,94.15,96.489
2025-05-25 16:00:00+00:00,94.04,94.88,94.04,94.66,8.842
2025-05-25 20:00:00+00:00,94.56,95.79,93.89,95.78,140.108
2025-05-26 00:00:00+00:00,95.7,96.46,93.82,96.27,167.689
2025-05-26 04:00:00+00:00,96.14,97.11,96.03,96.74,118.749
2025-05-26 08:00:00+00:00,97.04,97.25,96.59,96.88,15.603
2025-05-26 12:00:00+00:00,96.76,97.52,96.45,97.22,38.212
2025-05-26 16:00:00+00:00,97.22,97.22,94.35,94.91,122.869
2025-05-26 20:00:00+00:00,94.59,95.58,94.29,95.02,109.93
2025-05-27 00:00:00+00:00,94.76,95.26,93.14,94.41,199.545
2025-05-27 04:00:00+00:00,94.42,95.58,93.72,95.58,28.316
2025-05-27 08:00:00+00:00,95.61,96.19,95.22,95.35,26.566
2025-05-27 12:00:00+00:00,95.78,96.64,95.03,96.41,61.246
2025-05-27 16:00:00+00:00,96.43,96.92,96.26,96.71,140.42
2025-05-27 20:00:00+00:00,96.78,96.94,95.51,95.97,61.579
2025-05-28 00:00:00+00:00,95.43,96.19,95.24,95.54,28.607
2025-05-28 04:00:00+00:00,95.84,95.86,95.03,95.38,69.753
2025-05-28 08:00:00+00:00,95.56,97.19,95.37,97.17,50.651
2025-05-28 12:00:00+00:00,97.23,97.43,94.15,94.59,54.991
2025-05-28 16:00:00+00:00,94.72,95.69,93.59,93.59,70.185
2025-05-28 20:00:00+00:00,93.46,95.46,93.46,95.33,69.496
2025-05-29 00:00:00+00:00,95.19,98.87,94.88,97.59,127.731
2025-05-29 04:00:00+00:00,97.6,97.94,96.23,97.02,140.595
2025-05-29 08:00:00+00:00,97.09,97.41,96.83,97.2,46.289
2025-05-29 12:00:00+00:00,96.9,97.0,94.81,95.97,204.644
2025-05-29 16:00:00+00:00,95.58,95.76,93.67,93.85,110.728
2025-05-29 20:00:00+00:00,93.84,94.54,92.98,92.98,98.581
2025-05-30 00:00:00+00:00,93.48,93.85,89.58,91.73,292.365
2025-05-30 04:00:00+00:00,91.72,91.74,90.16,90.43,24.731
2025-05-30 08:00:00+00:00,90.26,90.6,89.28,90.6,42.476
2025-05-30 12:00:00+00:00,90.59,90.59,89.19,90.1,118.934
2025-05-30 16:00:00+00:00,89.67,89.94,86.9,88.51,334.867
2025-05-30 20:00:00+00:00,88.28,88.43,85.02,85.7,135.395
2025-05-31 00:00:00+00:00,85.61,85.61,83.3,84.42,300.934
2025-05-31 04:00:00+00:00,83.81,85.21,83.77,85.04,49.98
2025-05-31 08:00:00+00:00,85.18,85.48,84.4,84.72,9.391
2025-05-31 12:00:00+00:00,85.66,87.41,85.66,87.03,22.93
2025-05-31 16:00:00+00:00,87.7,87.81,86.81,87.04,61.924
2025-05-31 20:00:00+00:00,87.47,87.7,87.12,87.22,21.964
2025-06-01 00:00:00+00:00,87.01,87.32,86.26,87.07,60.563
2025-06-01 04:00:00+00:00,87.07,87.41,86.5,86.5,54.527
2025-06-01 08:00:00+00:00,86.59,86.91,86.0,86.91,20.015
2025-06-01 12:00:00+00:00,86.8,87.81,86.45,87.41,25.489
2025-06-01 16:00:00+00:00,87.89,88.44,86.89,87.85,31.272
2025-06-01 20:00:00+00:00,88.01,88.74,87.44,88.43,51.11
2025-06-02 00:00:00+00:00,88.29,88.46,87.03,87.58,235.153
2025-06-02 04:00:00+00:00,87.57,89.7,87.36,89.7,20.642
2025-06-02 08:00:00+00:00,89.3,89.3,87.77,88.06,20.187
2025-06-02 12:00:00+00:00,87.84,88.53,87.5,88.5,14.465
2025-06-02 16:00:00+00:00,88.11,89.08,87.97,88.21,63.638
2025-06-02 20:00:00+00:00,88.84,89.83,88.71,89.83,152.637
2025-06-03 00:00:00+00:00,89.47,90.61,89.47,89.69,38.289
2025-06-03 04:00:00+00:00,89.62,89.8,88.47,89.55,33.971
2025-06-03 08:00:00+00:00,89.3,89.71,88.91,88.91,8.523
2025-06-03 12:00:00+00:00,88.77,90.14,88.77,89.68,79.276
2025-06-03 16:00:00+00:00,90.03,90.47,85.39,90.36,138.054
2025-06-03 20:00:00+00:00,90.28,90.28,88.94,89.29,28.007
2025-06-04 00:00:00+00:00,89.58,90.75,89.58,90.61,108.666
2025-06-04 04:00:00+00:00,90.55,90.82,89.92,90.12,21.674
2025-06-04 08:00:00+00:00,90.19,90.98,90.19,90.2,6.797
2025-06-04 12:00:00+00:00,90.1,90.23,89.39,90.13,58.181
2025-06-04 16:00:00+00:00,89.86,89.94,88.9,89.38,33.844
2025-06-04 20:00:00+00:00,88.93,88.93,87.5,88.14,111.224
2025-06-05 00:00:00+00:00,88.07,89.02,87.97,88.33,22.231
2025-06-05 04:00:00+00:00,88.33,88.33,87.3,87.36,20.448
2025-06-05 08:00:00+00:00,87.61,87.96,87.23,87.41,20.321
2025-06-05 12:00:00+00:00,87.84,89.04,86.9,87.6,31.707
2025-06-05 16:00:00+00:00,87.63,87.63,85.0,86.08,63.951
2025-06-05 20:00:00+00:00,85.04,85.04,82.03,83.44,178.507
2025-06-06 00:00:00+00:00,83.63,84.38,83.4,84.29,33.462
2025-06-06 04:00:00+00:00,84.39,84.39,83.8,83.8,14.011
2025-06-06 08:00:00+00:00,84.01,84.64,83.94,84.64,3.726
2025-06-06 12:00:00+00:00,84.72,86.81,84.65,86.31,36.278
2025-06-06 16:00:00+00:00,86.58,86.96,86.15,86.69,27.587
2025-06-06 20:00:00+00:00,86.98,87.58,86.95,87.11,26.83
2025-06-07 00:00:00+00:00,87.28,87.95,86.68,87.73,31.508
2025-06-07 04:00:00+00:00,87.67,88.16,87.61,88.16,4.4
2025-06-07 08:00:00+00:00,88.16,88.66,87.81,88.42,11.914
2025-06-07 12:00:00+00:00,88.35,88.86,88.22,88.86,10.749
2025-06-07 16:00:00+00:00,88.86,89.22,88.07,88.28,50.367
2025-06-07 20:00:00+00:00,88.2,88.88,88.18,88.47,44.729
2025-06-08 00:00:00+00:00,88.43,88.55,88.05,88.55,57.764
2025-06-08 04:00:00+00:00,88.35,88.35,87.04,87.04,10.258
2025-06-08 08:00:00+00:00,87.31,87.4,86.68,87.09,4.691
2025-06-08 12:00:00+00:00,87.13,88.18,87.0,87.81,13.574
2025-06-08 16:00:00+00:00,88.09,88.35,87.81,87.97,31.568
2025-06-08 20:00:00+00:00,87.93,88.01,87.12,87.38,10.225
2025-06-09 00:00:00+00:00,87.17,87.8,86.88,87.63,25.301
2025-06-09 04:00:00+00:00,88.0,88.1,86.63,87.05,11.122
2025-06-09 08:00:00+00:00,87.02,89.23,87.02,89.23,42.443
2025-06-09 12:00:00+00:00,89.15,89.42,87.71,87.82,45.78
2025-06-09 16:00:00+00:00,88.55,89.23,88.49,88.49,86.053
2025-06-09 20:00:00+00:00,88.58,90.65,88.4,90.65,86.349
2025-06-10 00:00:00+00:00,90.65,91.27,90.37,90.77,41.365
2025-06-10 04:00:00+00:00,90.63,90.63,89.67,90.57,17.928
2025-06-10 08:00:00+00:00,90.25,91.62,89.67,91.35,66.112
2025-06-10 12:00:00+00:00,91.61,92.89,90.19,90.41,96.153
2025-06-10 16:00:00+00:00,90.97,92.19,90.36,91.68,125.484
2025-06-10 20:00:00+00:00,91.68,93.5,88.4,92.99,205.832
2025-06-11 00:00:00+00:00,93.5,93.51,91.04,91.9,92.582
2025-06-11 04:00:00+00:00,91.8,91.97,91.32,91.62,15.334
2025-06-11 08:00:00+00:00,91.98,92.27,90.97,91.18,34.341
2025-06-11 12:00:00+00:00,91.11,93.39,90.95,93.18,80.4
2025-06-11 16:00:00+00:00,93.14,94.09,91.82,91.87,132.631
2025-06-11 20:00:00+00:00,91.87,92.51,90.41,91.4,29.814
2025-06-12 00:00:00+00:00,91.66,91.9,90.5,90.66,249.72
2025-06-12 04:00:00+00:00,90.34,90.36,89.36,89.64,293.403
2025-06-12 08:00:00+00:00,89.36,89.69,88.3,88.3,22.384
2025-06-12 12:00:00+00:00,88.34,89.36,88.08,88.08,59.558
2025-06-12 16:00:00+00:00,88.96,89.79,87.5,87.5,26.459
2025-06-12 20:00:00+00:00,87.56,87.79,86.33,86.56,110.972
2025-06-13 00:00:00+00:00,86.37,86.65,81.61,83.38,180.008
2025-06-13 04:00:00+00:00,82.99,83.9,82.34,83.89,51.887
2025-06-13 08:00:00+00:00,83.9,84.32,83.21,83.73,65.804
2025-06-13 12:00:00+00:00,84.12,84.48,82.95,84.44,297.246
2025-06-13 16:00:00+00:00,84.13,84.98,83.9,84.82,120.491
2025-06-13 20:00:00+00:00,84.28,86.54,84.27,86.54,29.235
2025-06-14 00:00:00+00:00,86.31,86.71,85.55,86.14,43.579
2025-06-14 04:00:00+00:00,86.14,86.6,85.66,86.28,128.151
2025-06-14 08:00:00+00:00,86.34,86.9,85.77,86.27,101.563
2025-06-14 12:00:00+00:00,85.91,86.39,85.09,85.35,40.293
2025-06-14 16:00:00+00:00,85.12,85.12,84.32,84.79,84.434
2025-06-14 20:00:00+00:00,84.42,85.49,84.42,85.22,28.518
2025-06-15 00:00:00+00:00,85.28,85.92,85.13,85.7,14.358
2025-06-15 04:00:00+00:00,85.87,86.23,85.31,85.44,32.076
2025-06-15 08:00:00+00:00,85.23,85.42,84.93,85.31,10.253
2025-06-15 12:00:00+00:00,85.26,86.41,85.26,86.02,39.304
2025-06-15 16:00:00+00:00,85.68,86.37,85.68,86.06,15.132
2025-06-15 20:00:00+00:00,85.83,86.24,84.84,86.24,26.906
2025-06-16 00:00:00+00:00,85.84,87.89,85.4,86.61,141.828
2025-06-16 04:00:00+00:00,86.85,87.53,86.75,87.33,11.773
2025-06-16 08:00:00+00:00,87.11,87.55,86.75,87.14,28.671
2025-06-16 12:00:00+00:00,87.18,88.67,86.19,87.95,92.904
2025-06-16 16:00:00+00:00,88.08,88.72,88.06,88.72,193.751
2025-06-16 20:00:00+00:00,88.57,88.76,86.68,86.68,77.616
2025-06-17 00:00:00+00:00,86.71,87.6,85.56,86.83,126.228
2025-06-17 04:00:00+00:00,87.07,87.07,86.36,86.61,5.434
2025-06-17 08:00:00+00:00,86.09,86.14,84.91,85.22,11.597
2025-06-17 12:00:00+00:00,85.02,85.85,83.21,84.1,235.297
2025-06-17 16:00:00+00:00,83.75,85.05,82.58,84.63,101.595
2025-06-17 20:00:00+00:00,84.82,84.82,83.83,84.33,79.404
2025-06-18 00:00:00+00:00,84.23,85.52,83.83,85.36,39.998
2025-06-18 04:00:00+00:00,85.3,85.54,84.83,84.83,12.29
2025-06-18 08:00:00+00:00,85.02,85.02,82.96,84.48,86.588
2025-06-18 12:00:00+00:00,84.59,85.17,83.52,85.0,25.187
2025-06-18 16:00:00+00:00,84.81,85.02,84.11,84.42,43.643
2025-06-18 20:00:00+00:00,84.17,85.34,84.03,85.0,53.666
2025-06-19 00:00:00+00:00,84.61,85.52,84.25,84.64,42.14
2025-06-19 04:00:00+00:00,84.63,85.37,84.63,85.0,5.762
2025-06-19 08:00:00+00:00,84.9,85.81,84.86,85.34,56.862
2025-06-19 12:00:00+00:00,85.18,85.83,84.44,85.0,53.36
2025-06-19 16:00:00+00:00,84.89,85.39,84.32,85.05,54.242
2025-06-19 20:00:00+00:00,84.85,85.18,84.71,85.04,9.638
2025-06-20 00:00:00+00:00,84.79,85.03,84.38,85.03,80.719
2025-06-20 04:00:00+00:00,84.94,85.55,84.19,85.46,106.954
2025-06-20 08:00:00+00:00,85.47,85.88,85.23,85.78,26.272
2025-06-20 12:00:00+00:00,85.36,85.86,83.72,83.84,48.889
2025-06-20 16:00:00+00:00,83.93,83.94,80.97,82.79,100.512
2025-06-20 20:00:00+00:00,83.05,83.72,82.51,82.85,123.912
2025-06-21 00:00:00+00:00,82.65,83.63,82.35,83.63,14.523
2025-06-21 04:00:00+00:00,83.57,84.07,83.57,83.62,66.335
2025-06-21 08:00:00+00:00,83.35,83.37,83.15,83.24,31.513
2025-06-21 12:00:00+00:00,83.23,83.23,82.44,82.56,21.021
2025-06-21 16:00:00+00:00,82.81,82.82,80.85,80.92,88.407
2025-06-21 20:00:00+00:00,81.06,81.54,78.75,79.67,286.722
2025-06-22 00:00:00+00:00,80.17,81.3,79.73,80.43,52.227
2025-06-22 04:00:00+00:00,80.52,81.86,80.43,81.14,18.955
2025-06-22 08:00:00+00:00,81.19,81.23,80.29,81.01,19.347
2025-06-22 12:00:00+00:00,81.3,81.3,77.64,78.05,183.07
2025-06-22 16:00:00+00:00,77.9,79.25,77.42,78.1,190.723
2025-06-22 20:00:00+00:00,77.97,80.27,76.47,80.11,116.919
2025-06-23 00:00:00+00:00,80.35,80.86,79.7,79.81,40.614
2025-06-23 04:00:00+00:00,79.98,81.05,79.94,80.81,10.128
2025-06-23 08:00:00+00:00,80.99,80.99,80.16,80.89,3.114
2025-06-23 12:00:00+00:00,81.22,82.17,80.71,81.22,49.242
2025-06-23 16:00:00+00:00,80.8,83.11,79.48,83.09,55.889
2025-06-23 20:00:00+00:00,83.14,85.35,82.92,85.05,218.419
2025-06-24 00:00:00+00:00,84.75,85.24,84.3,84.39,42.745
2025-06-24 04:00:00+00:00,84.41,85.07,84.31,84.57,79.605
2025-06-24 08:00:00+00:00,84.38,84.73,83.9,84.38,23.159
2025-06-24 12:00:00+00:00,84.35,84.58,83.97,84.47,10.417
2025-06-24 16:00:00+00:00,84.26,84.87,84.06,84.48,38.594
2025-06-24 20:00:00+00:00,84.92,85.12,84.64,84.81,9.666
2025-06-25 00:00:00+00:00,84.96,85.32,84.27,85.01,34.932
2025-06-25 04:00:00+00:00,85.05,85.48,84.75,85.24,14.058
2025-06-25 08:00:00+00:00,84.95,85.15,84.06,84.41,18.446
2025-06-25 12:00:00+00:00,84.53,85.38,84.01,84.37,33.83
2025-06-25 16:00:00+00:00,84.34,84.94,84.02,84.51,30.641
2025-06-25 20:00:00+00:00,84.91,85.17,83.8,84.45,49.384
2025-06-26 00:00:00+00:00,84.62,85.52,84.38,85.14,29.291
2025-06-26 04:00:00+00:00,85.22,85.57,84.93,85.46,4.945
2025-06-26 08:00:00+00:00,85.63,85.81,85.03,85.03,6.518
2025-06-26 12:00:00+00:00,84.88,85.24,83.89,84.35,37.199
2025-06-26 16:00:00+00:00,84.69,85.17,84.16,85.17,58.688
2025-06-26 20:00:00+00:00,85.22,85.45,84.52,84.53,4.0
2025-06-27 00:00:00+00:00,84.27,85.64,83.72,85.6,189.333
2025-06-27 04:00:00+00:00,84.88,85.55,84.84,85.12,47.482
2025-06-27 08:00:00+00:00,84.93,84.93,84.19,84.45,53.364
2025-06-27 12:00:00+00:00,84.53,84.56,83.4,84.31,114.024
2025-06-27 16:00:00+00:00,84.23,84.84,83.28,84.02,37.444
2025-06-27 20:00:00+00:00,84.14,85.22,84.13,84.77,22.121
2025-06-28 00:00:00+00:00,84.77,85.23,84.38,85.22,25.854
2025-06-28 04:00:00+00:00,85.22,85.54,85.17,85.48,114.575
2025-06-28 08:00:00+00:00,84.98,85.74,84.81,85.64,25.402
2025-06-28 12:00:00+00:00,85.4,86.4,85.0,86.4,240.371
2025-06-28 16:00:00+00:00,86.56,87.37,85.96,86.69,112.738
2025-06-28 20:00:00+00:00,86.46,86.49,85.95,86.06,97.285
2025-06-29 00:00:00+00:00,86.27,86.5,85.83,86.22,193.367
2025-06-29 04:00:00+00:00,86.62,86.88,86.19,86.88,5.811
2025-06-29 08:00:00+00:00,86.7,87.11,86.57,86.74,41.837
2025-06-29 12:00:00+00:00,86.28,86.97,86.08,86.08,70.886
2025-06-29 16:00:00+00:00,86.78,87.11,86.39,86.55,30.303
2025-06-29 20:00:00+00:00,86.71,88.4,86.34,88.19,67.991
2025-06-30 00:00:00+00:00,88.18,88.37,87.29,87.29,19.334
2025-06-30 04:00:00+00:00,87.48,87.54,85.92,86.38,33.648
2025-06-30 08:00:00+00:00,86.04,86.09,85.56,85.62,14.986
2025-06-30 12:00:00+00:00,85.37,86.23,84.81,86.17,23.354
2025-06-30 16:00:00+00:00,86.07,87.09,85.67,87.09,86.502
2025-06-30 20:00:00+00:00,86.86,87.03,86.0,86.25,36.702
2025-07-01 00:00:00+00:00,85.86,86.99,85.7,86.4,18.553
2025-07-01 04:00:00+00:00,86.6,86.7,85.59,86.7,35.135
2025-07-01 08:00:00+00:00,86.55,86.55,85.34,85.34,26.33
2025-07-01 12:00:00+00:00,85.29,85.71,84.2,84.49,34.937
2025-07-01 16:00:00+00:00,84.49,84.61,83.86,84.0,49.836
2025-07-01 20:00:00+00:00,83.9,83.9,82.5,83.17,84.58
2025-07-02 00:00:00+00:00,83.14,83.83,83.04,83.63,22.618
2025-07-02 04:00:00+00:00,83.86,84.22,83.81,84.13,11.679
2025-07-02 08:00:00+00:00,84.31,84.39,84.07,84.39,9.577
2025-07-02 12:00:00+00:00,84.02,86.19,83.92,86.01,75.943
2025-07-02 16:00:00+00:00,86.23,87.8,83.2,87.8,168.986
2025-07-02 20:00:00+00:00,87.88,88.46,87.3,87.3,35.524
2025-07-03 00:00:00+00:00,87.5,88.4,87.03,88.4,19.538
2025-07-03 04:00:00+00:00,88.01,91.0,87.99,91.0,204.893
2025-07-03 08:00:00+00:00,91.0,92.13,90.44,91.43,90.693
2025-07-03 12:00:00+00:00,91.44,91.75,88.89,88.89,43.185
2025-07-03 16:00:00+00:00,89.04,90.13,88.89,89.58,43.269
2025-07-03 20:00:00+00:00,89.67,89.87,88.84,88.87,12.346
2025-07-04 00:00:00+00:00,89.16,89.29,88.12,88.74,26.902
2025-07-04 04:00:00+00:00,88.48,89.21,87.25,87.51,8.092
2025-07-04 08:00:00+00:00,87.44,88.68,87.14,88.23,24.79
2025-07-04 12:00:00+00:00,88.22,88.3,86.33,86.5,203.834
2025-07-04 16:00:00+00:00,86.65,87.18,85.71,86.05,56.911
2025-07-04 20:00:00+00:00,86.32,86.76,86.32,86.74,8.303
2025-07-05 00:00:00+00:00,86.78,87.06,86.24,86.66,9.573
2025-07-05 04:00:00+00:00,86.67,86.98,86.37,86.37,6.233
2025-07-05 08:00:00+00:00,86.37,86.41,85.81,85.81,8.978
2025-07-05 12:00:00+00:00,86.72,86.9,85.89,86.32,11.199
2025-07-05 16:00:00+00:00,86.44,86.55,86.24,86.26,5.152
2025-07-05 20:00:00+00:00,86.8,87.77,86.48,87.5,15.272
2025-07-06 00:00:00+00:00,87.37,87.66,86.77,86.86,10.801
2025-07-06 04:00:00+00:00,87.05,87.06,86.8,86.8,6.303
2025-07-06 08:00:00+00:00,86.62,87.35,86.62,87.35,18.184
2025-07-06 12:00:00+00:00,87.28,88.28,84.0,87.99,163.128
2025-07-06 16:00:00+00:00,87.98,88.09,87.18,87.4,14.342
2025-07-06 20:00:00+00:00,87.55,88.4,87.3,87.3,48.625
2025-07-07 00:00:00+00:00,87.5,88.09,86.99,88.09,73.101
2025-07-07 04:00:00+00:00,87.91,88.21,87.3,87.73,1.654
2025-07-07 08:00:00+00:00,87.93,87.93,86.58,86.58,2.631
2025-07-07 12:00:00+00:00,86.91,87.26,86.1,86.16,243.173
2025-07-07 16:00:00+00:00,86.1,86.29,85.49,86.01,208.358
2025-07-07 20:00:00+00:00,85.88,86.21,85.49,86.2,199.201
2025-07-08 00:00:00+00:00,86.2,86.36,85.36,86.08,72.793
2025-07-08 04:00:00+00:00,85.5,86.69,85.5,86.69,5.709
2025-07-08 08:00:00+00:00,86.44,86.82,85.94,86.82,50.269
2025-07-08 12:00:00+00:00,86.59,87.01,86.2,86.42,196.45
2025-07-08 16:00:00+00:00,86.72,87.51,85.7,87.24,33.906
2025-07-08 20:00:00+00:00,87.24,88.05,86.95,87.65,63.305
2025-07-09 00:00:00+00:00,88.0,88.06,87.15,87.66,13.053
2025-07-09 04:00:00+00:00,87.63,88.19,87.4,88.18,12.056
2025-07-09 08:00:00+00:00,88.15,88.41,87.25,88.41,8.525
2025-07-09 12:00:00+00:00,88.46,88.97,86.91,88.4,420.838
2025-07-09 16:00:00+00:00,88.21,90.42,87.74,90.13,204.029
2025-07-09 20:00:00+00:00,89.94,91.25,89.83,90.63,70.14
2025-07-10 00:00:00+00:00,90.63,91.41,89.92,90.84,23.435
2025-07-10 04:00:00+00:00,90.5,91.2,90.41,91.2,4.542
2025-07-10 08:00:00+00:00,91.38,91.38,90.51,91.06,9.231
2025-07-10 12:00:00+00:00,90.94,91.16,90.32,91.16,122.952
2025-07-10 16:00:00+00:00,91.47,93.0,91.28,92.53,390.627
2025-07-10 20:00:00+00:00,92.53,95.17,92.1,94.9,300.75
2025-07-11 00:00:00+00:00,94.55,95.8,93.59,95.51,109.655
2025-07-11 04:00:00+00:00,95.29,96.52,94.62,95.53,101.889
2025-07-11 08:00:00+00:00,95.07,96.02,95.07,95.3,11.678
2025-07-11 12:00:00+00:00,95.35,98.23,94.92,96.48,343.16
2025-07-11 16:00:00+00:00,97.04,97.73,95.8,96.99,44.645
2025-07-11 20:00:00+00:00,96.99,97.0,92.88,94.18,435.793
2025-07-12 00:00:00+00:00,94.21,95.44,93.2,94.57,258.605
2025-07-12 04:00:00+00:00,94.57,94.57,92.56,93.08,38.207
2025-07-12 08:00:00+00:00,92.92,94.03,92.51,93.17,24.739
2025-07-12 12:00:00+00:00,93.26,93.26,90.82,90.82,139.487
2025-07-12 16:00:00+00:00,91.51,92.72,91.51,92.72,55.035
2025-07-12 20:00:00+00:00,92.85,92.85,91.87,92.57,43.249
2025-07-13 00:00:00+00:00,92.63,93.61,92.31,93.2,73.587
2025-07-13 04:00:00+00:00,93.2,94.53,92.98,94.47,71.83
2025-07-13 08:00:00+00:00,94.55,94.85,93.97,94.85,6.65
2025-07-13 12:00:00+00:00,94.92,97.4,94.92,95.58,114.623
2025-07-13 16:00:00+00:00,96.15,96.75,95.37,96.33,58.085
2025-07-13 20:00:00+00:00,95.9,96.5,94.13,94.4,154.528
2025-07-14 00:00:00+00:00,94.48,96.99,93.91,96.57,258.268
2025-07-14 04:00:00+00:00,96.81,97.77,96.23,97.3,301.889
2025-07-14 08:00:00+00:00,96.51,97.96,93.2,97.28,229.141
2025-07-14 12:00:00+00:00,97.12,97.6,95.0,95.33,82.99
2025-07-14 16:00:00+00:00,95.16,96.36,94.02,95.17,199.934
2025-07-14 20:00:00+00:00,94.83,95.73,94.37,95.73,28.28
2025-07-15 00:00:00+00:00,95.33,96.0,91.15,91.87,390.3
2025-07-15 04:00:00+00:00,91.82,93.05,91.33,92.95,17.195
2025-07-15 08:00:00+00:00,92.48,93.28,92.16,92.64,17.809
2025-07-15 12:00:00+00:00,92.72,93.88,91.72,93.48,99.593
2025-07-15 16:00:00+00:00,93.57,96.19,88.0,95.15,1385.785
2025-07-15 20:00:00+00:00,95.18,96.62,94.99,96.37,173.526
2025-07-16 00:00:00+00:00,95.92,97.29,95.24,95.56,243.622
2025-07-16 04:00:00+00:00,95.46,96.51,95.17,96.16,22.246
2025-07-16 08:00:00+00:00,96.41,97.64,96.14,97.16,34.406
2025-07-16 12:00:00+00:00,97.08,97.98,95.96,96.63,63.067
2025-07-16 16:00:00+00:00,97.0,99.65,96.65,98.45,1093.233
2025-07-16 20:00:00+00:00,98.64,99.9,96.87,97.52,436.309
2025-07-17 00:00:00+00:00,97.52,98.71,95.44,96.14,233.583
2025-07-17 04:00:00+00:00,96.14,98.55,96.0,98.32,81.764
2025-07-17 08:00:00+00:00,97.96,101.18,97.94,99.72,156.747
2025-07-17 12:00:00+00:00,99.95,101.7,98.3,101.67,179.862
2025-07-17 16:00:00+00:00,101.66,102.26,100.11,101.03,159.01
2025-07-17 20:00:00+00:00,100.85,103.55,99.78,101.4,431.595
2025-07-18 00:00:00+00:00,101.75,107.73,101.15,107.73,554.702
2025-07-18 04:00:00+00:00,107.79,110.08,106.28,107.84,362.613
2025-07-18 08:00:00+00:00,108.27,112.0,107.95,108.59,203.872
2025-07-18 12:00:00+00:00,108.85,110.28,103.26,103.88,347.58
2025-07-18 16:00:00+00:00,104.11,105.85,102.19,102.35,228.075
2025-07-18 20:00:00+00:00,102.21,102.35,100.19,101.65,131.494
2025-07-19 00:00:00+00:00,101.74,102.8,100.21,102.35,71.185
2025-07-19 04:00:00+00:00,102.14,104.28,101.81,102.66,31.702
2025-07-19 08:00:00+00:00,102.78,102.8,101.15,101.45,23.657
2025-07-19 12:00:00+00:00,101.15,101.5,100.09,100.96,144.423
2025-07-19 16:00:00+00:00,101.34,113.25,100.99,112.5,1164.774
2025-07-19 20:00:00+00:00,112.83,114.11,109.12,113.61,910.685
2025-07-20 00:00:00+00:00,113.27,113.36,110.73,112.91,141.339
2025-07-20 04:00:00+00:00,112.5,118.53,112.5,117.92,372.16
2025-07-20 08:00:00+00:00,117.57,120.0,115.83,115.83,225.734
2025-07-20 12:00:00+00:00,116.2,118.39,115.86,117.22,201.499
2025-07-20 16:00:00+00:00,117.53,121.44,116.78,117.85,743.471
2025-07-20 20:00:00+00:00,117.79,117.79,114.1,116.88,322.732
2025-07-21 00:00:00+00:00,116.54,117.92,115.42,117.54,766.361
2025-07-21 04:00:00+00:00,117.26,121.97,117.09,120.37,154.466
2025-07-21 08:00:00+00:00,120.72,120.72,117.91,117.91,354.989
2025-07-21 12:00:00+00:00,118.15,119.3,116.48,118.33,767.411
2025-07-21 16:00:00+00:00,118.31,118.31,114.68,115.35,331.105
2025-07-21 20:00:00+00:00,115.1,116.35,114.93,115.52,115.73
2025-07-22 00:00:00+00:00,115.41,116.94,112.99,115.52,466.313
2025-07-22 04:00:00+00:00,115.86,116.61,114.13,115.16,177.192
2025-07-22 08:00:00+00:00,114.98,115.59,112.72,115.59,252.401
2025-07-22 12:00:00+00:00,115.18,116.19,110.32,115.87,492.929
2025-07-22 16:00:00+00:00,115.93,119.72,115.69,117.19,187.722
2025-07-22 20:00:00+00:00,116.96,119.58,116.12,119.48,318.286
2025-07-23 00:00:00+00:00,119.04,122.21,117.48,120.3,236.644
2025-07-23 04:00:00+00:00,119.72,120.02,117.0,117.57,182.581
2025-07-23 08:00:00+00:00,117.42,117.92,116.37,116.85,33.603
2025-07-23 12:00:00+00:00,116.68,116.88,111.03,114.71,170.104
2025-07-23 16:00:00+00:00,114.56,114.84,110.94,112.07,139.719
2025-07-23 20:00:00+00:00,112.5,113.02,109.12,112.24,178.192
2025-07-24 00:00:00+00:00,112.12,114.26,111.49,113.08,32.399
2025-07-24 04:00:00+00:00,113.41,113.41,106.67,110.7,326.426
2025-07-24 08:00:00+00:00,110.84,114.12,110.73,113.76,206.056
2025-07-24 12:00:00+00:00,113.9,115.24,111.03,113.53,82.8
2025-07-24 16:00:00+00:00,113.16,114.01,111.2,113.57,36.417
2025-07-24 20:00:00+00:00,113.16,114.57,111.93,111.94,37.708
2025-07-25 00:00:00+00:00,111.93,111.93,108.32,109.4,106.355
2025-07-25 04:00:00+00:00,109.5,112.68,108.61,111.12,102.382
2025-07-25 08:00:00+00:00,111.41,116.0,110.91,115.66,86.854
2025-07-25 12:00:00+00:00,115.81,116.19,109.57,110.93,95.773
2025-07-25 16:00:00+00:00,110.54,112.12,109.49,111.21,35.328
2025-07-25 20:00:00+00:00,111.25,113.75,111.0,113.53,71.93
2025-07-26 00:00:00+00:00,113.65,113.73,112.31,112.95,38.217
2025-07-26 04:00:00+00:00,113.29,113.71,112.55,113.45,21.457
2025-07-26 08:00:00+00:00,113.41,114.24,113.28,113.92,37.219
2025-07-26 12:00:00+00:00,113.5,114.48,112.82,113.48,73.195
2025-07-26 16:00:00+00:00,113.77,115.49,113.46,114.98,32.978
2025-07-26 20:00:00+00:00,114.49,115.07,113.96,113.96,86.891
2025-07-27 00:00:00+00:00,113.96,115.22,113.68,114.74,38.0
2025-07-27 04:00:00+00:00,114.35,115.46,114.22,114.22,18.197
2025-07-27 08:00:00+00:00,114.12,114.12,112.56,113.32,33.335
2025-07-27 12:00:00+00:00,112.97,114.01,112.82,113.32,90.232
2025-07-27 16:00:00+00:00,113.71,115.2,113.43,114.25,30.296
2025-07-27 20:00:00+00:00,114.35,115.26,113.52,115.03,79.773
2025-07-28 00:00:00+00:00,114.87,116.06,113.94,115.32,135.189
2025-07-28 04:00:00+00:00,114.97,116.29,114.5,115.02,47.914
2025-07-28 08:00:00+00:00,114.67,115.03,113.04,113.73,64.784
2025-07-28 12:00:00+00:00,112.94,112.94,110.07,110.07,292.388
2025-07-28 16:00:00+00:00,110.23,110.95,108.79,109.36,187.005
2025-07-28 20:00:00+00:00,109.33,110.07,108.5,108.93,76.904
2025-07-29 00:00:00+00:00,109.0,110.03,107.72,109.36,87.977
2025-07-29 04:00:00+00:00,109.53,110.66,108.92,110.66,9.254
2025-07-29 08:00:00+00:00,110.38,110.38,108.39,108.62,30.67
2025-07-29 12:00:00+00:00,109.36,110.38,107.2,108.46,192.093
2025-07-29 16:00:00+00:00,108.05,109.81,106.9,108.01,120.904
2025-07-29 20:00:00+00:00,107.91,108.81,107.58,108.24,43.068
2025-07-30 00:00:00+00:00,108.49,109.55,107.64,108.86,53.858
2025-07-30 04:00:00+00:00,108.8,109.53,107.58,108.97,23.546
2025-07-30 08:00:00+00:00,109.53,110.28,107.08,107.48,17.877
2025-07-30 12:00:00+00:00,107.37,109.79,107.21,109.32,71.99
2025-07-30 16:00:00+00:00,109.35,110.49,105.36,108.9,367.716
2025-07-30 20:00:00+00:00,108.9,111.33,108.5,110.38,168.834
2025-07-31 00:00:00+00:00,110.6,111.77,110.28,110.44,106.907
2025-07-31 04:00:00+00:00,110.72,111.23,110.31,110.84,16.266
2025-07-31 08:00:00+00:00,111.1,111.33,109.6,109.6,19.682
2025-07-31 12:00:00+00:00,109.79,110.27,108.63,109.19,211.47
2025-07-31 16:00:00+00:00,109.27,110.27,108.07,108.07,111.354
2025-07-31 20:00:00+00:00,108.0,108.5,105.06,105.58,169.269
2025-08-01 00:00:00+00:00,105.83,107.0,104.11,106.38,210.745
2025-08-01 04:00:00+00:00,106.38,106.38,104.5,104.84,74.513
2025-08-01 08:00:00+00:00,104.71,105.55,103.44,105.55,27.327
2025-08-01 12:00:00+00:00,105.6,106.84,103.98,106.38,38.637
2025-08-01 16:00:00+00:00,106.0,106.82,104.13,106.37,30.224
2025-08-01 20:00:00+00:00,106.38,108.11,104.13,106.55,194.48
2025-08-02 00:00:00+00:00,106.77,108.34,105.96,108.05,34.261
2025-08-02 04:00:00+00:00,108.05,108.35,106.27,108.35,41.031
2025-08-02 08:00:00+00:00,108.42,108.5,106.21,106.8,33.873
2025-08-02 12:00:00+00:00,106.98,110.0,106.98,108.08,88.576
2025-08-02 16:00:00+00:00,108.07,108.07,104.13,105.13,214.08
2025-08-02 20:00:00+00:00,104.93,107.11,104.62,106.03,44.394
2025-08-03 00:00:00+00:00,106.38,109.0,104.23,107.34,67.6
2025-08-03 04:00:00+00:00,107.22,108.44,107.09,107.98,3.875
2025-08-03 08:00:00+00:00,107.98,110.0,107.74,109.37,21.84
2025-08-03 12:00:00+00:00,109.16,110.11,108.5,109.98,79.722
2025-08-03 16:00:00+00:00,109.98,109.98,108.66,108.97,258.198
2025-08-03 20:00:00+00:00,108.9,111.26,108.73,110.46,70.101
2025-08-04 00:00:00+00:00,110.57,111.75,110.21,111.35,139.608
2025-08-04 04:00:00+00:00,111.54,112.4,110.53,111.54,224.525
2025-08-04 08:00:00+00:00,111.27,114.12,111.2,113.79,176.594
2025-08-04 12:00:00+00:00,114.18,119.57,114.01,117.82,475.894
2025-08-04 16:00:00+00:00,118.34,119.96,117.74,119.96,219.827
2025-08-04 20:00:00+00:00,119.96,121.39,119.15,120.91,240.789
2025-08-05 00:00:00+00:00,121.34,123.71,120.14,121.71,233.624
2025-08-05 04:00:00+00:00,121.67,125.0,119.7,121.42,489.245
2025-08-05 08:00:00+00:00,121.2,129.05,121.0,127.68,239.992
2025-08-05 12:00:00+00:00,128.02,128.14,121.09,121.73,439.499
2025-08-05 16:00:00+00:00,122.06,123.73,119.67,120.0,156.551
2025-08-05 20:00:00+00:00,120.0,121.22,119.76,120.23,89.563
2025-08-06 00:00:00+00:00,120.63,120.63,117.88,117.88,230.842
2025-08-06 04:00:00+00:00,117.87,118.82,117.41,118.21,26.526
2025-08-06 08:00:00+00:00,118.12,118.43,116.39,116.68,22.81
2025-08-06 12:00:00+00:00,116.51,118.35,115.28,118.35,45.85
2025-08-06 16:00:00+00:00,118.48,120.95,117.12,120.1,114.369
2025-08-06 20:00:00+00:00,120.2,120.23,118.42,119.36,79.718
2025-08-07 00:00:00+00:00,119.35,120.92,117.91,119.52,101.357
2025-08-07 04:00:00+00:00,119.95,122.17,119.42,119.42,63.916
2025-08-07 08:00:00+00:00,119.73,121.08,117.43,120.96,71.458
2025-08-07 12:00:00+00:00,120.35,121.64,119.52,121.64,61.193
2025-08-07 16:00:00+00:00,121.34,122.31,119.98,122.02,57.789
2025-08-07 20:00:00+00:00,122.06,122.9,121.33,122.9,165.388
2025-08-08 00:00:00+00:00,122.51,124.22,121.14,121.54,197.486
2025-08-08 04:00:00+00:00,121.54,122.48,119.42,122.13,101.875
2025-08-08 08:00:00+00:00,122.55,123.9,120.58,121.67,55.764
2025-08-08 12:00:00+00:00,122.02,123.99,120.75,121.35,55.94
2025-08-08 16:00:00+00:00,121.45,126.27,121.07,125.26,149.294
2025-08-08 20:00:00+00:00,125.26,125.47,123.83,123.84,112.722
2025-08-09 00:00:00+00:00,123.78,124.28,122.9,123.3,88.039
2025-08-09 04:00:00+00:00,123.11,125.82,122.74,124.57,86.071
2025-08-09 08:00:00+00:00,124.58,125.55,124.56,125.05,17.088
2025-08-09 12:00:00+00:00,124.98,126.21,120.97,121.5,142.468
2025-08-09 16:00:00+00:00,121.49,122.55,121.11,121.66,86.844
2025-08-09 20:00:00+00:00,122.02,122.39,120.31,120.39,127.447
2025-08-10 00:00:00+00:00,120.28,123.52,120.23,122.63,121.771
2025-08-10 04:00:00+00:00,122.2,123.79,118.35,119.13,71.704
2025-08-10 08:00:00+00:00,119.01,122.43,118.75,122.43,99.368
2025-08-10 12:00:00+00:00,121.72,125.95,120.44,124.1,137.439
2025-08-10 16:00:00+00:00,124.13,125.33,122.94,124.89,87.746
2025-08-10 20:00:00+00:00,124.9,125.01,123.0,123.81,83.282
2025-08-11 00:00:00+00:00,123.81,127.12,122.15,126.05,110.825
2025-08-11 04:00:00+00:00,126.06,126.06,123.22,123.22,111.466
2025-08-11 08:00:00+00:00,123.16,127.98,122.94,126.63,97.906
2025-08-11 12:00:00+00:00,126.52,127.52,123.43,125.05,169.472
2025-08-11 16:00:00+00:00,125.41,127.02,120.83,121.59,162.537
2025-08-11 20:00:00+00:00,121.54,121.66,119.61,120.41,90.511
2025-08-12 00:00:00+00:00,119.87,121.39,119.44,119.76,103.114
2025-08-12 04:00:00+00:00,119.72,120.23,118.64,119.29,37.505
2025-08-12 08:00:00+00:00,118.82,120.14,118.56,119.32,22.593
2025-08-12 12:00:00+00:00,119.76,124.74,119.29,124.74,214.733
2025-08-12 16:00:00+00:00,124.3,128.83,124.07,128.83,355.104
2025-08-12 20:00:00+00:00,128.83,131.87,124.84,130.55,553.071
2025-08-13 00:00:00+00:00,130.83,131.38,128.66,131.06,188.029
2025-08-13 04:00:00+00:00,131.38,134.0,130.58,131.0,241.359
2025-08-13 08:00:00+00:00,131.56,133.86,131.28,131.77,166.398
2025-08-13 12:00:00+00:00,132.07,132.46,129.52,130.03,168.418
2025-08-13 16:00:00+00:00,130.46,131.05,128.95,130.21,47.902
2025-08-13 20:00:00+00:00,130.0,131.18,129.16,130.99,60.053
2025-08-14 00:00:00+00:00,131.0,133.24,130.75,133.24,124.377
2025-08-14 04:00:00+00:00,133.29,133.75,129.42,129.42,115.489
2025-08-14 08:00:00+00:00,129.36,129.43,127.02,127.52,194.948
2025-08-14 12:00:00+00:00,127.56,128.08,120.6,123.11,484.82
2025-08-14 16:00:00+00:00,122.63,122.78,119.72,121.77,182.724
2025-08-14 20:00:00+00:00,121.19,122.0,119.67,121.19,87.977
2025-08-15 00:00:00+00:00,121.13,122.79,120.72,122.79,167.404
2025-08-15 04:00:00+00:00,122.17,122.95,121.06,121.06,11.99
2025-08-15 08:00:00+00:00,121.66,121.67,120.3,121.19,11.168
2025-08-15 12:00:00+00:00,120.71,121.67,116.75,117.42,162.827
2025-08-15 16:00:00+00:00,117.6,119.05,116.96,117.88,67.031
2025-08-15 20:00:00+00:00,117.43,119.81,117.42,118.91,62.67
2025-08-16 00:00:00+00:00,119.29,120.77,117.74,119.92,68.79
2025-08-16 04:00:00+00:00,119.93,120.43,118.09,118.82,37.315
2025-08-16 08:00:00+00:00,118.6,118.82,117.28,117.28,23.039
2025-08-16 12:00:00+00:00,117.57,119.26,115.1,118.76,284.696
2025-08-16 16:00:00+00:00,118.62,120.5,118.35,120.13,130.609
2025-08-16 20:00:00+00:00,120.24,120.95,119.44,120.95,63.705
2025-08-17 00:00:00+00:00,120.85,120.85,119.87,120.8,75.806
2025-08-17 04:00:00+00:00,120.71,123.11,120.71,123.11,194.257
2025-08-17 08:00:00+00:00,123.11,123.11,121.67,122.27,100.944
2025-08-17 12:00:00+00:00,122.26,122.32,120.82,122.3,16.218
2025-08-17 16:00:00+00:00,122.33,122.9,120.54,120.78,128.077
2025-08-17 20:00:00+00:00,121.18,121.66,120.5,120.74,24.63
2025-08-18 00:00:00+00:00,120.71,120.71,115.43,116.61,166.635
2025-08-18 04:00:00+00:00,116.72,117.14,115.43,116.07,67.471
2025-08-18 08:00:00+00:00,115.84,117.0,115.38,116.49,36.582
2025-08-18 12:00:00+00:00,116.28,118.41,116.28,118.13,266.809
2025-08-18 16:00:00+00:00,118.35,118.7,116.21,117.9,83.595
2025-08-18 20:00:00+00:00,117.89,118.91,117.08,117.7,109.21
2025-08-19 00:00:00+00:00,117.85,118.96,115.23,115.23,118.483
2025-08-19 04:00:00+00:00,115.18,117.33,113.56,114.97,120.3
2025-08-19 08:00:00+00:00,115.03,116.22,114.32,116.15,29.759
2025-08-19 12:00:00+00:00,116.0,116.68,113.3,114.22,103.551
2025-08-19 16:00:00+00:00,114.18,114.37,112.35,113.32,118.0
2025-08-19 20:00:00+00:00,113.47,115.4,112.43,112.67,77.508
2025-08-20 00:00:00+00:00,112.87,114.5,112.56,113.77,68.94
2025-08-20 04:00:00+00:00,114.16,114.22,113.76,114.22,9.718
2025-08-20 08:00:00+00:00,114.2,115.39,113.77,114.22,16.83
2025-08-20 12:00:00+00:00,114.67,116.0,112.24,115.0,56.542
2025-08-20 16:00:00+00:00,115.58,116.85,114.69,116.8,160.232
2025-08-20 20:00:00+00:00,116.96,117.04,116.14,116.48,12.413
2025-08-21 00:00:00+00:00,116.06,117.23,111.0,116.45,164.12
2025-08-21 04:00:00+00:00,116.07,116.45,115.5,116.04,52.872
2025-08-21 08:00:00+00:00,115.63,115.83,114.62,114.62,15.49
2025-08-21 12:00:00+00:00,114.67,116.04,114.12,114.12,50.903
2025-08-21 16:00:00+00:00,114.04,115.38,113.53,114.67,44.401
2025-08-21 20:00:00+00:00,114.39,115.57,114.39,114.67,80.636
2025-08-22 00:00:00+00:00,114.98,116.48,114.29,115.54,32.085
2025-08-22 04:00:00+00:00,115.87,116.95,115.61,116.37,28.801
2025-08-22 08:00:00+00:00,116.62,116.63,114.5,114.5,19.063
2025-08-22 12:00:00+00:00,114.36,120.49,112.72,119.76,238.294
2025-08-22 16:00:00+00:00,119.46,122.69,119.46,122.67,264.171
2025-08-22 20:00:00+00:00,122.66,123.53,122.22,122.82,79.923
2025-08-23 00:00:00+00:00,123.05,123.51,118.99,120.14,69.209
2025-08-23 04:00:00+00:00,120.46,122.92,120.46,122.47,35.783
2025-08-23 08:00:00+00:00,121.95,121.95,121.19,121.19,13.302
2025-08-23 12:00:00+00:00,121.17,121.67,120.54,120.65,41.505
2025-08-23 16:00:00+00:00,120.48,121.6,120.46,121.14,5.59
2025-08-23 20:00:00+00:00,121.34,121.42,120.5,121.16,7.095
2025-08-24 00:00:00+00:00,121.37,122.08,120.63,120.63,12.536
2025-08-24 04:00:00+00:00,121.02,121.67,119.67,119.67,27.331
2025-08-24 08:00:00+00:00,119.53,120.2,118.35,118.35,14.562
2025-08-24 12:00:00+00:00,118.34,120.2,118.33,119.29,13.971
2025-08-24 16:00:00+00:00,119.72,124.74,118.89,120.7,183.684
2025-08-24 20:00:00+00:00,120.71,120.71,117.12,118.35,152.986
2025-08-25 00:00:00+00:00,118.76,118.76,115.67,117.42,114.359
2025-08-25 04:00:00+00:00,117.5,117.5,112.17,112.5,143.189
2025-08-25 08:00:00+00:00,112.16,112.87,110.73,111.44,220.576
2025-08-25 12:00:00+00:00,111.53,112.43,110.83,111.84,68.784
2025-08-25 16:00:00+00:00,111.54,112.58,109.25,109.25,313.031
2025-08-25 20:00:00+00:00,109.25,109.64,106.85,109.45,428.518
2025-08-26 00:00:00+00:00,109.08,110.28,108.6,110.03,71.133
2025-08-26 04:00:00+00:00,110.04,111.29,109.82,110.66,30.947
2025-08-26 08:00:00+00:00,110.23,110.93,109.97,110.23,11.231
2025-08-26 12:00:00+00:00,110.66,112.6,110.66,112.19,56.527
2025-08-26 16:00:00+00:00,111.66,114.59,111.66,114.59,276.744
2025-08-26 20:00:00+00:00,114.49,114.62,113.24,113.92,61.5
2025-08-27 00:00:00+00:00,113.92,114.32,112.44,114.06,32.174
2025-08-27 04:00:00+00:00,114.14,116.27,112.73,112.76,90.197
2025-08-27 08:00:00+00:00,112.95,113.32,112.29,113.24,14.744
2025-08-27 12:00:00+00:00,113.31,114.32,112.48,114.16,32.436
2025-08-27 16:00:00+00:00,113.32,114.21,112.87,113.32,20.463
2025-08-27 20:00:00+00:00,113.38,114.22,112.16,112.16,227.44
2025-08-28 00:00:00+00:00,112.58,112.87,111.44,112.69,118.68
2025-08-28 04:00:00+00:00,113.18,114.15,113.16,113.69,39.528
2025-08-28 08:00:00+00:00,113.77,113.77,112.93,113.3,49.06
2025-08-28 12:00:00+00:00,113.69,114.38,112.37,112.37,86.153
2025-08-28 16:00:00+00:00,112.8,113.32,111.54,111.96,47.556
2025-08-28 20:00:00+00:00,111.83,113.92,111.83,113.66,17.858
2025-08-29 00:00:00+00:00,113.32,113.75,112.43,113.33,18.388
2025-08-29 04:00:00+00:00,113.4,113.53,110.28,110.48,43.981
2025-08-29 08:00:00+00:00,110.74,110.74,108.93,109.81,63.682
2025-08-29 12:00:00+00:00,109.87,111.98,108.92,110.17,218.159
2025-08-29 16:00:00+00:00,109.82,110.23,108.78,109.92,72.172
2025-08-29 20:00:00+00:00,109.37,110.16,109.08,110.16,17.797
2025-08-30 00:00:00+00:00,109.86,110.92,108.5,110.62,37.725
2025-08-30 04:00:00+00:00,110.62,110.79,110.39,110.39,4.895
2025-08-30 08:00:00+00:00,110.99,111.15,110.25,110.25,7.973
2025-08-30 12:00:00+00:00,110.25,110.62,109.36,110.62,18.59
2025-08-30 16:00:00+00:00,110.65,110.66,109.43,110.23,11.671
2025-08-30 20:00:00+00:00,109.95,110.83,109.78,110.77,39.886
2025-08-31 00:00:00+00:00,110.75,111.92,110.39,111.67,14.914
2025-08-31 04:00:00+00:00,111.24,111.44,110.92,111.23,21.078
2025-08-31 08:00:00+00:00,111.54,111.74,111.1,111.29,13.522
2025-08-31 12:00:00+00:00,111.39,111.47,110.28,110.62,9.501
2025-08-31 16:00:00+00:00,110.24,110.73,109.83,109.83,17.553
2025-08-31 20:00:00+00:00,110.43,110.56,108.9,109.18,24.693
2025-09-01 00:00:00+00:00,108.88,109.32,107.42,108.07,46.082
2025-09-01 04:00:00+00:00,108.19,110.28,107.38,110.28,30.16
2025-09-01 08:00:00+00:00,110.47,111.23,109.26,109.26,42.373
2025-09-01 12:00:00+00:00,109.53,110.26,109.36,109.36,40.203
2025-09-01 16:00:00+00:00,109.27,109.74,108.25,109.74,32.506
2025-09-01 20:00:00+00:00,109.26,109.34,106.57,108.73,114.41
2025-09-02 00:00:00+00:00,108.17,110.46,108.08,110.46,68.343
2025-09-02 04:00:00+00:00,110.47,111.6,110.23,110.65,44.197
2025-09-02 08:00:00+00:00,110.94,110.96,110.33,110.69,10.848
2025-09-02 12:00:00+00:00,110.43,111.87,108.88,109.85,131.843
2025-09-02 16:00:00+00:00,110.11,110.67,109.37,109.37,66.781
2025-09-02 20:00:00+00:00,109.96,111.96,109.96,111.89,42.453
2025-09-03 00:00:00+00:00,111.49,112.17,110.15,111.18,33.085
2025-09-03 04:00:00+00:00,111.69,111.87,111.1,111.54,19.583
2025-09-03 08:00:00+00:00,111.97,112.42,111.56,112.01,18.099
2025-09-03 12:00:00+00:00,112.02,113.18,111.56,112.44,31.34
2025-09-03 16:00:00+00:00,112.58,112.86,112.1,112.33,16.025
2025-09-03 20:00:00+00:00,112.23,113.09,112.23,112.67,20.363
2025-09-04 00:00:00+00:00,112.77,113.32,111.35,111.35,38.885
2025-09-04 04:00:00+00:00,111.95,111.95,110.8,111.43,10.239
2025-09-04 08:00:00+00:00,111.22,111.53,110.79,111.5,9.896
2025-09-04 12:00:00+00:00,110.81,111.51,109.0,109.78,55.982
2025-09-04 16:00:00+00:00,110.18,110.61,109.39,109.87,52.408
2025-09-04 20:00:00+00:00,109.84,111.96,109.84,111.18,22.446
2025-09-05 00:00:00+00:00,110.86,112.47,110.67,111.1,35.051
2025-09-05 04:00:00+00:00,111.52,113.14,111.24,113.1,45.189
2025-09-05 08:00:00+00:00,113.11,113.33,112.44,112.87,69.516
2025-09-05 12:00:00+00:00,112.63,114.98,111.72,112.69,120.188
2025-09-05 16:00:00+00:00,112.33,113.22,111.98,112.51,70.002
2025-09-05 20:00:00+00:00,113.25,113.32,111.86,112.07,52.451
2025-09-06 00:00:00+00:00,111.98,112.66,111.85,112.66,8.617
2025-09-06 04:00:00+00:00,112.13,112.13,111.36,111.41,11.579
2025-09-06 08:00:00+00:00,111.75,111.93,111.3,111.45,14.012
2025-09-06 12:00:00+00:00,111.62,111.98,111.22,111.7,33.032
2025-09-06 16:00:00+00:00,111.71,112.4,111.58,112.05,17.308
2025-09-06 20:00:00+00:00,112.38,112.39,111.63,111.63,14.021
2025-09-07 00:00:00+00:00,111.7,112.87,111.7,112.58,10.412
2025-09-07 04:00:00+00:00,113.05,113.98,112.59,113.92,28.892
2025-09-07 08:00:00+00:00,113.46,114.32,113.33,114.19,45.42
2025-09-07 12:00:00+00:00,114.57,115.34,114.29,114.73,54.266
2025-09-07 16:00:00+00:00,114.56,115.03,114.0,114.55,62.235
2025-09-07 20:00:00+00:00,114.15,115.12,114.04,115.1,18.326
2025-09-08 00:00:00+00:00,114.73,115.35,113.78,114.67,38.108
2025-09-08 04:00:00+00:00,114.26,114.26,112.16,112.87,40.242
2025-09-08 08:00:00+00:00,113.32,113.77,112.91,113.18,99.455
2025-09-08 12:00:00+00:00,113.39,113.79,112.9,113.32,20.122
2025-09-08 16:00:00+00:00,113.09,113.41,112.38,112.38,167.337
2025-09-08 20:00:00+00:00,112.37,112.85,112.0,112.31,39.067
2025-09-09 00:00:00+00:00,112.65,113.79,111.81,111.96,136.122
2025-09-09 04:00:00+00:00,112.28,114.18,112.28,114.08,86.419
2025-09-09 08:00:00+00:00,114.14,114.62,113.42,113.84,87.791
2025-09-09 12:00:00+00:00,113.42,113.9,111.0,111.43,116.005
2025-09-09 16:00:00+00:00,111.37,112.23,111.1,112.05,26.288
2025-09-09 20:00:00+00:00,112.18,112.29,111.6,111.94,20.085
2025-09-10 00:00:00+00:00,111.61,113.13,111.54,113.09,28.961
2025-09-10 04:00:00+00:00,112.52,113.24,112.28,113.21,24.758
2025-09-10 08:00:00+00:00,112.8,113.23,112.61,113.15,55.059
2025-09-10 12:00:00+00:00,113.25,115.23,113.25,114.14,57.776
2025-09-10 16:00:00+00:00,114.49,118.69,114.49,115.51,230.02
2025-09-10 20:00:00+00:00,115.57,117.59,115.44,117.59,38.71
2025-09-11 00:00:00+00:00,117.69,117.73,116.01,116.49,68.083
2025-09-11 04:00:00+00:00,116.49,117.61,116.17,116.96,27.544
2025-09-11 08:00:00+00:00,116.96,117.43,114.04,116.74,38.775
2025-09-11 12:00:00+00:00,116.95,117.43,113.3,114.06,113.061
2025-09-11 16:00:00+00:00,114.07,115.58,114.0,115.19,28.454
2025-09-11 20:00:00+00:00,115.15,116.12,115.05,115.72,45.736
2025-09-12 00:00:00+00:00,116.06,116.89,114.85,115.58,98.473
2025-09-12 04:00:00+00:00,115.3,116.4,112.9,115.93,45.396
2025-09-12 08:00:00+00:00,115.59,116.33,115.3,115.58,21.055
2025-09-12 12:00:00+00:00,115.22,116.67,114.91,116.49,38.09
2025-09-12 16:00:00+00:00,115.92,117.84,115.92,117.46,66.808
2025-09-12 20:00:00+00:00,117.04,118.11,116.85,118.11,71.41
2025-09-13 00:00:00+00:00,118.06,118.49,117.61,118.3,43.88
2025-09-13 04:00:00+00:00,118.03,119.26,117.72,118.62,50.387
2025-09-13 08:00:00+00:00,118.55,120.48,118.55,119.95,67.251
2025-09-13 12:00:00+00:00,119.8,120.69,117.61,118.82,74.273
2025-09-13 16:00:00+00:00,119.2,120.55,118.07,119.55,59.021
2025-09-13 20:00:00+00:00,119.61,120.19,119.08,119.49,41.895
2025-09-14 00:00:00+00:00,119.07,119.7,116.12,116.57,41.722
2025-09-14 04:00:00+00:00,116.5,117.55,116.1,116.52,24.545
2025-09-14 08:00:00+00:00,116.53,117.18,115.58,115.58,26.434
2025-09-14 12:00:00+00:00,115.72,116.03,114.13,114.98,83.009
2025-09-14 16:00:00+00:00,115.12,115.57,115.01,115.55,201.626
2025-09-14 20:00:00+00:00,115.04,116.04,115.04,115.12,23.793
2025-09-15 00:00:00+00:00,115.15,116.18,114.67,115.73,26.031
2025-09-15 04:00:00+00:00,115.68,116.56,114.84,115.02,24.826
2025-09-15 08:00:00+00:00,114.69,114.81,112.72,113.85,143.154
2025-09-15 12:00:00+00:00,113.85,113.9,112.48,113.18,129.327
2025-09-15 16:00:00+00:00,112.43,113.63,112.11,112.99,77.83
2025-09-15 20:00:00+00:00,113.71,113.77,113.28,113.75,9.732
2025-09-16 00:00:00+00:00,113.32,116.68,112.72,112.72,92.063
2025-09-16 04:00:00+00:00,112.53,115.07,112.31,115.07,31.081
2025-09-16 08:00:00+00:00,114.28,115.13,114.22,114.56,16.514
2025-09-16 12:00:00+00:00,114.56,114.96,113.43,114.96,90.71
2025-09-16 16:00:00+00:00,114.36,115.61,114.36,114.95,26.761
2025-09-16 20:00:00+00:00,115.34,115.64,114.77,114.77,32.276
2025-09-17 00:00:00+00:00,114.85,115.74,112.44,114.7,44.87
2025-09-17 04:00:00+00:00,114.63,115.45,113.96,115.45,35.889
2025-09-17 08:00:00+00:00,115.4,115.4,113.77,114.3,25.391
2025-09-17 12:00:00+00:00,114.48,115.76,113.73,114.04,33.76
2025-09-17 16:00:00+00:00,113.77,115.21,113.21,114.84,49.846
2025-09-17 20:00:00+00:00,115.07,117.51,114.22,117.09,106.613
2025-09-18 00:00:00+00:00,117.34,118.01,116.96,117.63,83.145
2025-09-18 04:00:00+00:00,118.01,118.01,115.11,115.58,57.751
2025-09-18 08:00:00+00:00,115.86,116.2,115.18,115.66,9.262
2025-09-18 12:00:00+00:00,115.66,117.31,115.4,117.14,72.515
2025-09-18 16:00:00+00:00,117.22,118.76,117.1,118.5,109.296
2025-09-18 20:00:00+00:00,118.49,119.0,117.59,118.17,85.614
2025-09-19 00:00:00+00:00,118.16,119.4,116.72,116.72,48.255
2025-09-19 04:00:00+00:00,116.93,117.82,116.4,117.82,30.987
2025-09-19 08:00:00+00:00,117.84,117.84,115.58,115.94,90.564
2025-09-19 12:00:00+00:00,116.03,116.47,114.66,115.58,62.235
2025-09-19 16:00:00+00:00,115.37,115.62,113.96,113.96,142.192
2025-09-19 20:00:00+00:00,113.96,114.62,113.48,114.2,108.452
2025-09-20 00:00:00+00:00,113.86,114.66,113.49,114.5,25.352
2025-09-20 04:00:00+00:00,114.47,115.22,114.08,115.12,9.45
2025-09-20 08:00:00+00:00,115.0,115.13,113.49,113.49,26.464
2025-09-20 12:00:00+00:00,113.77,114.79,113.53,114.74,67.571
2025-09-20 16:00:00+00:00,114.61,114.72,113.55,114.05,6.692
2025-09-20 20:00:00+00:00,113.85,114.66,112.01,113.84,52.683
2025-09-21 00:00:00+00:00,113.9,114.41,113.74,114.4,10.431
2025-09-21 04:00:00+00:00,114.42,115.29,114.06,115.29,22.204
2025-09-21 08:00:00+00:00,115.4,116.17,114.67,114.68,29.478
2025-09-21 12:00:00+00:00,115.17,115.54,114.67,115.54,14.22
2025-09-21 16:00:00+00:00,115.57,115.96,114.69,115.22,9.097
2025-09-21 20:00:00+00:00,115.17,115.25,114.07,114.07,17.274
2025-09-22 00:00:00+00:00,114.16,114.49,110.15,111.46,202.05
2025-09-22 04:00:00+00:00,111.28,111.54,105.87,105.87,138.101
2025-09-22 08:00:00+00:00,105.87,107.22,105.0,105.79,116.195
2025-09-22 12:00:00+00:00,105.96,108.05,105.0,105.93,46.786
2025-09-22 16:00:00+00:00,105.91,107.5,104.51,104.51,132.879
2025-09-22 20:00:00+00:00,104.86,108.55,104.86,105.71,34.714
2025-09-23 00:00:00+00:00,105.67,106.56,104.49,106.56,101.799
2025-09-23 04:00:00+00:00,106.23,106.38,105.56,106.29,124.956
2025-09-23 08:00:00+00:00,106.47,106.59,104.0,106.51,215.904
2025-09-23 12:00:00+00:00,106.43,107.07,104.3,106.61,75.696
2025-09-23 16:00:00+00:00,106.38,106.73,105.54,105.96,87.5
2025-09-23 20:00:00+00:00,106.07,106.68,105.79,106.22,46.566
2025-09-24 00:00:00+00:00,106.23,107.51,105.78,105.78,50.16
2025-09-24 04:00:00+00:00,105.79,107.25,104.71,106.79,64.928
2025-09-24 08:00:00+00:00,106.87,107.36,106.52,107.35,22.373
2025-09-24 12:00:00+00:00,106.98,107.63,106.11,106.88,39.554
2025-09-24 16:00:00+00:00,106.84,107.14,105.78,106.18,32.026
2025-09-24 20:00:00+00:00,106.01,106.53,105.54,105.54,98.937
2025-09-25 00:00:00+00:00,105.74,105.92,104.23,104.9,101.342
2025-09-25 04:00:00+00:00,104.89,104.89,103.47,104.29,130.267
2025-09-25 08:00:00+00:00,104.3,104.32,103.0,103.47,74.994
2025-09-25 12:00:00+00:00,103.87,105.04,102.41,104.35,451.377
2025-09-25 16:00:00+00:00,104.8,104.8,100.31,102.66,185.92
2025-09-25 20:00:00+00:00,102.83,103.07,101.53,102.03,106.283
2025-09-26 00:00:00+00:00,102.21,103.82,102.21,103.2,49.085
2025-09-26 04:00:00+00:00,103.23,103.87,102.66,102.79,33.44
2025-09-26 08:00:00+00:00,103.03,103.07,101.01,101.85,20.753
2025-09-26 12:00:00+00:00,101.85,103.65,101.45,103.65,45.567
2025-09-26 16:00:00+00:00,103.87,104.7,103.63,103.67,45.102
2025-09-26 20:00:00+00:00,104.22,104.61,103.75,104.59,25.647
2025-09-27 00:00:00+00:00,104.45,104.66,103.47,103.96,21.656
2025-09-27 04:00:00+00:00,103.91,104.03,103.57,103.66,5.804
2025-09-27 08:00:00+00:00,103.51,104.3,103.08,104.26,28.443
2025-09-27 12:00:00+00:00,104.22,104.85,103.94,104.85,18.346
2025-09-27 16:00:00+00:00,104.94,104.94,104.15,104.18,163.612
2025-09-27 20:00:00+00:00,104.57,104.96,104.32,104.32,13.784
2025-09-28 00:00:00+00:00,104.23,104.9,103.6,103.61,49.121
2025-09-28 04:00:00+00:00,103.9,104.09,103.69,103.97,20.373
2025-09-28 08:00:00+00:00,103.61,103.63,100.0,103.29,81.476
2025-09-28 12:00:00+00:00,103.26,104.3,102.91,104.3,19.748
2025-09-28 16:00:00+00:00,104.43,105.47,104.31,105.47,47.758
2025-09-28 20:00:00+00:00,105.47,107.0,105.0,106.91,112.251
2025-09-29 00:00:00+00:00,106.41,107.15,106.39,106.75,18.929
2025-09-29 04:00:00+00:00,106.88,106.89,105.56,106.02,18.155
2025-09-29 08:00:00+00:00,105.58,106.13,105.5,105.84,20.7
2025-09-29 12:00:00+00:00,105.93,107.39,105.47,106.15,50.858
2025-09-29 16:00:00+00:00,106.21,106.79,105.52,106.34,90.775
2025-09-29 20:00:00+00:00,105.94,107.21,105.94,107.05,40.922
2025-09-30 00:00:00+00:00,107.04,107.2,106.38,106.68,13.527
2025-09-30 04:00:00+00:00,106.73,106.73,105.61,105.61,13.166
2025-09-30 08:00:00+00:00,105.87,105.87,105.21,105.21,6.41
2025-09-30 12:00:00+00:00,105.3,105.67,103.89,104.23,103.617
2025-09-30 16:00:00+00:00,104.51,106.92,103.91,106.92,49.032
2025-09-30 20:00:00+00:00,106.89,107.51,106.35,106.95,98.768
2025-10-01 00:00:00+00:00,107.06,107.06,105.72,105.72,35.82
2025-10-01 04:00:00+00:00,105.71,106.71,105.54,105.78,24.47
2025-10-01 08:00:00+00:00,105.95,110.66,105.95,110.03,226.004
2025-10-01 12:00:00+00:00,110.03,111.86,109.98,111.46,171.366
2025-10-01 16:00:00+00:00,111.47,112.44,110.64,111.98,58.772
2025-10-01 20:00:00+00:00,111.56,115.1,111.03,115.1,364.333
2025-10-02 00:00:00+00:00,115.1,121.2,115.1,118.36,344.894
2025-10-02 04:00:00+00:00,118.47,119.84,117.56,119.29,46.958
2025-10-02 08:00:00+00:00,119.44,122.65,118.82,119.76,181.363
2025-10-02 12:00:00+00:00,119.71,120.18,117.27,118.96,126.215
2025-10-02 16:00:00+00:00,119.07,119.99,118.02,119.82,59.432
2025-10-02 20:00:00+00:00,119.33,119.98,119.08,119.74,101.681
2025-10-03 00:00:00+00:00,119.64,119.64,117.37,117.37,138.868
2025-10-03 04:00:00+00:00,117.74,118.69,116.02,116.35,65.186
2025-10-03 08:00:00+00:00,116.47,117.66,115.86,117.49,32.947
2025-10-03 12:00:00+00:00,117.26,120.06,117.26,120.06,79.52
2025-10-03 16:00:00+00:00,119.9,124.6,118.71,122.34,503.104
2025-10-03 20:00:00+00:00,122.27,122.37,120.39,120.39,87.769
2025-10-04 00:00:00+00:00,120.4,120.82,118.16,119.32,134.073
2025-10-04 04:00:00+00:00,119.49,119.49,118.46,118.46,22.341
2025-10-04 08:00:00+00:00,118.39,118.82,117.76,118.06,25.363
2025-10-04 12:00:00+00:00,118.16,118.79,117.54,117.63,32.701
2025-10-04 16:00:00+00:00,118.25,119.2,117.64,119.08,20.024
2025-10-04 20:00:00+00:00,118.99,120.54,118.5,120.3,52.097
2025-10-05 00:00:00+00:00,120.54,124.11,120.16,122.52,174.965
2025-10-05 04:00:00+00:00,122.64,122.84,120.76,122.34,80.122
2025-10-05 08:00:00+00:00,122.35,122.35,119.57,120.32,49.149
2025-10-05 12:00:00+00:00,119.72,120.66,119.57,119.73,152.514
2025-10-05 16:00:00+00:00,120.33,120.35,118.44,118.44,37.077
2025-10-05 20:00:00+00:00,119.26,119.47,118.44,118.9,39.914
2025-10-06 00:00:00+00:00,118.62,121.16,118.23,120.76,231.521
2025-10-06 04:00:00+00:00,120.66,121.29,119.51,119.78,153.105
2025-10-06 08:00:00+00:00,119.83,120.83,119.78,119.98,70.944
2025-10-06 12:00:00+00:00,120.86,121.16,119.56,120.52,92.638
2025-10-06 16:00:00+00:00,120.54,120.61,119.01,119.65,60.772
2025-10-06 20:00:00+00:00,120.25,120.25,118.26,118.35,49.246
2025-10-07 00:00:00+00:00,118.56,119.21,117.79,118.65,65.218
2025-10-07 04:00:00+00:00,118.74,119.33,117.54,118.28,24.531
2025-10-07 08:00:00+00:00,117.61,118.7,117.57,118.02,33.653
2025-10-07 12:00:00+00:00,117.6,119.04,115.18,115.62,149.368
2025-10-07 16:00:00+00:00,116.09,116.8,115.36,115.73,57.999
2025-10-07 20:00:00+00:00,116.26,117.47,116.26,116.87,61.005
2025-10-08 00:00:00+00:00,117.4,118.23,116.67,117.02,37.392
2025-10-08 04:00:00+00:00,116.68,117.4,115.47,116.26,55.567
2025-10-08 08:00:00+00:00,115.64,117.24,115.64,116.16,24.24
2025-10-08 12:00:00+00:00,116.03,117.59,115.88,116.43,53.469
2025-10-08 16:00:00+00:00,116.26,119.52,116.26,118.76,97.834
2025-10-08 20:00:00+00:00,118.24,118.7,117.85,118.42,63.428
2025-10-09 00:00:00+00:00,118.79,119.81,116.92,118.8,118.744
2025-10-09 04:00:00+00:00,118.49,119.78,117.24,117.24,29.774
2025-10-09 08:00:00+00:00,117.86,117.96,115.58,116.91,59.93
2025-10-09 12:00:00+00:00,116.63,119.05,116.63,117.82,129.8
2025-10-09 16:00:00+00:00,118.8,121.0,115.65,118.96,182.365
2025-10-09 20:00:00+00:00,118.98,128.0,118.32,125.93,501.264
2025-10-10 00:00:00+00:00,125.99,132.56,125.07,131.37,488.074
2025-10-10 04:00:00+00:00,131.07,131.61,126.05,128.14,309.906
2025-10-10 08:00:00+00:00,128.75,132.85,128.63,132.83,137.769
2025-10-10 12:00:00+00:00,132.1,135.8,126.06,126.96,530.5
2025-10-10 16:00:00+00:00,126.95,129.12,125.04,126.75,572.382
2025-10-10 20:00:00+00:00,126.38,127.55,78.0,96.73,2483.969
2025-10-11 00:00:00+00:00,95.97,102.59,95.12,100.57,547.87
2025-10-11 04:00:00+00:00,101.04,101.12,98.0,98.35,130.171
2025-10-11 08:00:00+00:00,98.17,100.59,96.93,98.17,24.082
2025-10-11 12:00:00+00:00,97.8,105.0,95.07,96.18,323.48
2025-10-11 16:00:00+00:00,98.05,98.05,93.3,93.8,189.51
2025-10-11 20:00:00+00:00,93.88,99.1,90.23,93.53,185.442
2025-10-12 00:00:00+00:00,93.03,94.42,90.92,94.24,130.765
2025-10-12 04:00:00+00:00,93.99,96.53,93.99,96.53,84.959
2025-10-12 08:00:00+00:00,95.33,96.45,94.07,96.0,149.788
2025-10-12 12:00:00+00:00,95.87,98.41,94.42,98.25,89.472
2025-10-12 16:00:00+00:00,98.35,100.96,97.8,100.51,60.496
2025-10-12 20:00:00+00:00,100.31,102.0,98.14,98.9,148.961
2025-10-13 00:00:00+00:00,99.06,100.13,97.6,98.76,57.252
2025-10-13 04:00:00+00:00,98.82,98.9,96.21,97.79,111.042
2025-10-13 08:00:00+00:00,97.3,98.5,95.27,96.68,121.625
2025-10-13 12:00:00+00:00,97.85,98.58,95.59,97.47,82.302
2025-10-13 16:00:00+00:00,98.12,100.19,97.12,100.19,52.683
2025-10-13 20:00:00+00:00,100.5,103.6,98.92,99.89,103.04
2025-10-14 00:00:00+00:00,99.89,100.56,97.86,98.25,52.337
2025-10-14 04:00:00+00:00,98.49,98.49,92.0,93.43,280.248
2025-10-14 08:00:00+00:00,93.71,94.83,92.0,94.09,209.395
2025-10-14 12:00:00+00:00,93.07,95.58,91.24,94.14,180.157
2025-10-14 16:00:00+00:00,95.19,98.16,94.56,98.15,331.176
2025-10-14 20:00:00+00:00,98.17,98.38,96.34,97.59,167.714
2025-10-15 00:00:00+00:00,97.02,98.33,96.38,97.24,31.096
2025-10-15 04:00:00+00:00,97.89,98.6,97.34,97.92,10.502
2025-10-15 08:00:00+00:00,98.32,99.91,87.0,97.07,187.179
2025-10-15 12:00:00+00:00,96.66,98.08,94.42,94.54,103.345
2025-10-15 16:00:00+00:00,94.7,95.21,93.42,94.94,112.564
2025-10-15 20:00:00+00:00,95.28,95.28,93.44,95.23,63.063
2025-10-16 00:00:00+00:00,95.5,96.32,94.14,94.86,64.476
2025-10-16 04:00:00+00:00,95.47,95.57,93.87,95.57,19.397
2025-10-16 08:00:00+00:00,94.58,95.99,92.22,95.96,77.109
2025-10-16 12:00:00+00:00,96.04,96.91,91.74,91.76,96.255
2025-10-16 16:00:00+00:00,90.84,93.25,89.91,91.62,131.226
2025-10-16 20:00:00+00:00,90.0,92.44,89.91,92.44,38.845
2025-10-17 00:00:00+00:00,92.44,93.17,90.49,91.93,61.24
2025-10-17 04:00:00+00:00,91.92,92.55,84.77,84.77,158.393
2025-10-17 08:00:00+00:00,85.76,88.08,84.11,87.32,81.686
2025-10-17 12:00:00+00:00,87.27,89.98,86.4,88.39,125.78
2025-10-17 16:00:00+00:00,89.97,91.02,88.25,89.05,40.621
2025-10-17 20:00:00+00:00,90.51,91.9,89.69,90.12,32.089
2025-10-18 00:00:00+00:00,91.16,91.81,89.77,90.68,33.541
2025-10-18 04:00:00+00:00,89.78,91.9,88.41,89.7,46.389
2025-10-18 08:00:00+00:00,90.95,91.9,89.61,91.28,160.744
2025-10-18 12:00:00+00:00,91.88,94.26,89.32,91.15,508.089
2025-10-18 16:00:00+00:00,91.02,92.09,89.9,92.02,467.656
2025-10-18 20:00:00+00:00,91.55,92.07,90.37,91.95,23.73
2025-10-19 00:00:00+00:00,91.67,92.46,90.03,92.35,57.874
2025-10-19 04:00:00+00:00,91.86,92.34,91.86,92.09,0.617
2025-10-19 08:00:00+00:00,92.09,93.31,90.72,91.67,165.129
2025-10-19 12:00:00+00:00,93.61,94.57,93.45,94.43,97.825
2025-10-19 16:00:00+00:00,94.43,94.69,93.3,94.26,12.5
2025-10-19 20:00:00+00:00,94.09,94.4,93.15,93.15,56.243
2025-10-20 00:00:00+00:00,93.86,94.98,92.18,94.98,49.073
2025-10-20 04:00:00+00:00,94.94,95.61,94.28,95.09,22.129
2025-10-20 08:00:00+00:00,94.88,95.56,94.18,95.27,35.702
2025-10-20 12:00:00+00:00,94.51,95.65,94.24,95.37,45.497
2025-10-20 16:00:00+00:00,94.85,95.52,93.57,95.24,67.046
2025-10-20 20:00:00+00:00,95.09,96.77,93.57,94.19,87.725
2025-10-21 00:00:00+00:00,93.92,96.2,92.84,92.94,28.909
2025-10-21 04:00:00+00:00,92.82,93.96,91.73,93.15,30.013
2025-10-21 08:00:00+00:00,93.12,93.92,91.6,92.79,11.794
2025-10-21 12:00:00+00:00,93.87,96.58,91.62,94.76,126.291
2025-10-21 16:00:00+00:00,95.3,96.82,95.02,95.38,24.37
2025-10-21 20:00:00+00:00,95.57,96.35,92.61,92.61,91.096
2025-10-22 00:00:00+00:00,92.47,96.05,91.72,94.63,20.914
2025-10-22 04:00:00+00:00,92.5,94.64,92.06,93.03,25.06
2025-10-22 08:00:00+00:00,92.95,93.07,90.2,93.07,18.834
2025-10-22 12:00:00+00:00,92.36,93.81,92.33,93.81,37.011
2025-10-22 16:00:00+00:00,92.13,94.66,91.76,94.56,70.457
2025-10-22 20:00:00+00:00,93.23,95.23,90.02,91.88,77.333
2025-10-23 00:00:00+00:00,92.37,93.95,91.74,93.89,13.569
2025-10-23 04:00:00+00:00,91.91,93.84,90.39,92.24,4.441
2025-10-23 08:00:00+00:00,93.79,93.89,90.11,91.82,10.962
2025-10-23 12:00:00+00:00,93.36,95.45,90.83,94.64,70.131
2025-10-23 16:00:00+00:00,93.39,94.27,93.38,93.98,11.594
2025-10-23 20:00:00+00:00,94.45,95.9,93.09,95.76,19.001
2025-10-24 00:00:00+00:00,93.31,96.0,92.61,94.59,107.206
2025-10-24 04:00:00+00:00,94.62,96.34,94.1,94.1,13.947
2025-10-24 08:00:00+00:00,96.3,96.64,96.3,96.58,5.331
2025-10-24 12:00:00+00:00,96.63,97.13,93.71,94.57,56.072
2025-10-24 16:00:00+00:00,94.35,96.95,94.35,96.2,39.254
2025-10-24 20:00:00+00:00,95.32,97.12,95.32,96.79,36.942
2025-10-25 00:00:00+00:00,96.26,97.2,95.19,96.15,33.942
2025-10-25 04:00:00+00:00,96.73,97.2,96.06,97.2,5.526
2025-10-25 08:00:00+00:00,96.36,97.18,95.8,96.03,15.422
2025-10-25 12:00:00+00:00,96.85,97.09,95.73,96.47,7.445
2025-10-25 16:00:00+00:00,96.61,97.05,96.17,97.05,16.162
2025-10-25 20:00:00+00:00,96.71,97.09,95.97,96.91,37.834
2025-10-26 00:00:00+00:00,95.34,97.14,95.13,96.59,8.618
2025-10-26 04:00:00+00:00,96.47,98.33,96.47,97.47,16.621
2025-10-26 08:00:00+00:00,97.39,98.43,97.38,98.43,13.452
2025-10-26 12:00:00+00:00,98.74,99.62,96.76,98.9,85.489
2025-10-26 16:00:00+00:00,99.25,99.45,98.91,99.15,7.142
2025-10-26 20:00:00+00:00,98.92,100.68,98.76,100.09,44.965
2025-10-27 00:00:00+00:00,100.11,100.85,99.52,100.01,51.686
2025-10-27 04:00:00+00:00,99.89,101.15,99.35,99.9,60.186
2025-10-27 08:00:00+00:00,99.83,99.92,98.6,99.01,24.512
2025-10-27 12:00:00+00:00,98.41,102.37,98.18,102.05,49.941
2025-10-27 16:00:00+00:00,101.92,103.0,101.55,101.73,79.136
2025-10-27 20:00:00+00:00,101.7,102.83,98.76,99.45,63.387
2025-10-28 00:00:00+00:00,99.35,100.57,98.94,100.02,37.403
2025-10-28 04:00:00+00:00,100.05,107.92,99.36,102.38,275.217
2025-10-28 08:00:00+00:00,103.37,103.37,101.13,102.35,44.658
2025-10-28 12:00:00+00:00,102.29,102.73,98.15,99.33,138.924
2025-10-28 16:00:00+00:00,99.23,99.97,98.1,98.12,54.305
2025-10-28 20:00:00+00:00,97.88,98.06,95.61,96.66,99.549
2025-10-29 00:00:00+00:00,96.73,98.04,95.75,96.38,9.857
2025-10-29 04:00:00+00:00,96.45,98.35,96.45,98.35,8.474
2025-10-29 08:00:00+00:00,97.95,98.61,97.0,98.05,21.133
2025-10-29 12:00:00+00:00,98.76,100.62,96.69,98.35,49.207
2025-10-29 16:00:00+00:00,98.04,99.45,96.01,99.25,48.983
2025-10-29 20:00:00+00:00,99.32,99.91,98.76,98.76,23.422
2025-10-30 00:00:00+00:00,98.35,99.81,98.17,98.76,28.941
2025-10-30 04:00:00+00:00,98.35,98.9,95.86,98.43,35.34
2025-10-30 08:00:00+00:00,98.35,98.35,96.57,96.88,33.486
2025-10-30 12:00:00+00:00,96.0,97.0,91.72,92.01,247.449
2025-10-30 16:00:00+00:00,91.84,92.8,90.36,91.17,228.777
2025-10-30 20:00:00+00:00,90.94,93.21,90.94,93.21,54.695
2025-10-31 00:00:00+00:00,93.24,94.29,92.36,93.83,28.378
2025-10-31 04:00:00+00:00,94.58,95.12,92.94,94.77,52.922
2025-10-31 08:00:00+00:00,94.43,95.05,94.17,94.2,13.446
2025-10-31 12:00:00+00:00,95.13,96.03,94.78,95.86,99.283
2025-10-31 16:00:00+00:00,95.81,96.15,93.99,96.15,42.297
2025-10-31 20:00:00+00:00,96.14,96.29,95.35,95.45,17.033
2025-11-01 00:00:00+00:00,95.15,96.17,95.03,96.17,22.207
2025-11-01 04:00:00+00:00,96.11,107.23,95.07,99.4,173.416
2025-11-01 08:00:00+00:00,99.24,99.24,97.81,98.67,35.105
2025-11-01 12:00:00+00:00,98.67,99.45,98.37,98.76,37.729
2025-11-01 16:00:00+00:00,98.91,107.22,98.91,99.05,102.83
2025-11-01 20:00:00+00:00,99.71,101.75,99.53,101.17,74.346
2025-11-02 00:00:00+00:00,101.17,120.0,99.49,100.29,315.046
2025-11-02 04:00:00+00:00,100.48,100.57,99.46,100.57,25.684
2025-11-02 08:00:00+00:00,100.87,101.32,99.94,100.57,48.597
2025-11-02 12:00:00+00:00,100.95,100.95,98.33,99.08,67.538
2025-11-02 16:00:00+00:00,98.35,98.68,97.62,98.28,36.307
2025-11-02 20:00:00+00:00,98.64,99.7,98.17,99.7,26.156
2025-11-03 00:00:00+00:00,99.35,99.82,92.64,94.3,184.946
2025-11-03 04:00:00+00:00,94.02,94.85,92.53,92.78,37.318
2025-11-03 08:00:00+00:00,93.63,94.59,91.94,92.01,109.667
2025-11-03 12:00:00+00:00,93.2,94.47,86.65,87.78,284.495
2025-11-03 16:00:00+00:00,87.61,90.4,86.9,87.68,103.799
2025-11-03 20:00:00+00:00,88.17,89.82,86.38,87.5,82.129
2025-11-04 00:00:00+00:00,87.5,90.01,86.6,90.01,351.201
2025-11-04 04:00:00+00:00,90.25,91.05,85.62,86.44,175.536
2025-11-04 08:00:00+00:00,87.73,87.73,86.03,87.23,22.341
2025-11-04 12:00:00+00:00,86.67,89.15,85.7,87.78,89.504
2025-11-04 16:00:00+00:00,88.93,88.94,82.5,83.66,429.586
2025-11-04 20:00:00+00:00,83.44,85.77,80.0,85.47,321.289
2025-11-05 00:00:00+00:00,85.05,87.19,82.07,87.19,111.174
2025-11-05 04:00:00+00:00,87.2,87.74,86.07,87.11,16.971
2025-11-05 08:00:00+00:00,86.65,87.72,85.68,87.12,98.032
2025-11-05 12:00:00+00:00,86.49,87.77,85.45,87.77,45.385
2025-11-05 16:00:00+00:00,87.86,89.26,87.22,89.07,43.147
2025-11-05 20:00:00+00:00,88.81,89.83,87.73,89.83,80.261
2025-11-06 00:00:00+00:00,89.31,89.94,87.65,88.59,59.997
2025-11-06 04:00:00+00:00,89.81,89.81,86.46,87.25,34.886
2025-11-06 08:00:00+00:00,86.79,87.48,86.79,87.22,37.884
2025-11-06 12:00:00+00:00,86.95,89.74,85.66,87.05,122.577
2025-11-06 16:00:00+00:00,86.76,89.65,85.0,89.09,218.839
2025-11-06 20:00:00+00:00,87.81,89.02,86.45,86.81,53.588
2025-11-07 00:00:00+00:00,87.19,89.38,85.53,89.33,76.674
2025-11-07 04:00:00+00:00,89.04,90.78,86.33,87.67,46.28
2025-11-07 08:00:00+00:00,90.77,90.78,86.29,87.95,65.29
2025-11-07 12:00:00+00:00,87.95,94.25,85.32,94.12,155.589
2025-11-07 16:00:00+00:00,93.71,104.85,92.54,100.57,851.28
2025-11-07 20:00:00+00:00,100.62,103.6,97.82,101.75,110.983
2025-11-08 00:00:00+00:00,101.74,102.83,100.03,101.41,153.159
2025-11-08 04:00:00+00:00,101.7,102.37,98.48,100.46,31.189
2025-11-08 08:00:00+00:00,99.53,101.34,98.33,99.35,117.055
2025-11-08 12:00:00+00:00,100.01,101.07,98.39,99.03,100.6
2025-11-08 16:00:00+00:00,99.19,101.34,97.82,100.57,163.748
2025-11-08 20:00:00+00:00,100.8,107.65,97.48,106.74,291.202
2025-11-09 00:00:00+00:00,106.51,109.6,99.8,99.8,209.034
2025-11-09 04:00:00+00:00,100.26,102.0,99.49,101.46,47.007
2025-11-09 08:00:00+00:00,101.66,106.53,98.9,101.75,160.649
2025-11-09 12:00:00+00:00,102.04,109.93,101.13,107.17,313.377
2025-11-09 16:00:00+00:00,107.18,109.74,104.74,109.74,117.284
2025-11-09 20:00:00+00:00,109.15,113.42,108.98,110.0,421.003
2025-11-10 00:00:00+00:00,110.5,112.04,107.61,108.28,143.982
2025-11-10 04:00:00+00:00,108.56,109.31,107.21,107.21,179.965
2025-11-10 08:00:00+00:00,108.01,108.39,106.85,107.31,124.124
2025-11-10 12:00:00+00:00,107.1,109.6,105.79,107.37,271.828
2025-11-10 16:00:00+00:00,107.43,109.06,106.6,107.57,228.09
2025-11-10 20:00:00+00:00,107.84,108.16,103.81,104.55,94.459
2025-11-11 00:00:00+00:00,104.3,106.9,102.9,105.48,120.352
2025-11-11 04:00:00+00:00,105.56,107.23,102.36,102.36,55.662
2025-11-11 08:00:00+00:00,102.36,103.59,102.13,102.77,62.38
2025-11-11 12:00:00+00:00,102.84,102.96,99.9,101.02,57.812
2025-11-11 16:00:00+00:00,101.13,101.85,99.65,100.08,149.625
2025-11-11 20:00:00+00:00,100.22,100.97,99.23,100.2,98.085
2025-11-12 00:00:00+00:00,100.37,100.37,98.96,99.61,201.819
2025-11-12 04:00:00+00:00,99.91,100.11,99.1,99.83,34.782
2025-11-12 08:00:00+00:00,100.02,102.81,100.02,101.93,105.808
2025-11-12 12:00:00+00:00,101.79,104.22,98.85,100.13,121.105
2025-11-12 16:00:00+00:00,100.12,100.54,95.0,97.2,188.301
2025-11-12 20:00:00+00:00,97.58,98.87,97.25,97.87,120.755
2025-11-13 00:00:00+00:00,96.27,99.92,96.15,99.3,114.239
2025-11-13 04:00:00+00:00,98.99,102.04,98.76,100.59,106.839
2025-11-13 08:00:00+00:00,100.58,100.96,98.92,100.09,38.38
2025-11-13 12:00:00+00:00,99.98,102.66,98.76,99.45,122.381
2025-11-13 16:00:00+00:00,99.38,100.01,93.66,95.17,124.18
2025-11-13 20:00:00+00:00,94.59,97.54,94.48,96.82,86.171
2025-11-14 00:00:00+00:00,95.68,97.52,95.11,96.27,73.206
2025-11-14 04:00:00+00:00,96.37,98.9,93.63,98.13,225.725
2025-11-14 08:00:00+00:00,98.13,98.13,95.73,95.8,49.973
2025-11-14 12:00:00+00:00,95.25,97.66,94.0,97.66,152.55
2025-11-14 16:00:00+00:00,97.01,100.18,96.37,99.95,122.88
2025-11-14 20:00:00+00:00,99.74,100.01,97.0,97.59,84.109
2025-11-15 00:00:00+00:00,98.12,106.4,97.62,103.78,177.785
2025-11-15 04:00:00+00:00,104.54,105.75,102.4,102.4,86.29
2025-11-15 08:00:00+00:00,102.42,103.32,101.63,102.98,43.008
2025-11-15 12:00:00+00:00,103.05,109.4,102.37,104.32,294.861
2025-11-15 16:00:00+00:00,104.77,104.79,102.54,103.05,61.324
2025-11-15 20:00:00+00:00,103.01,103.01,101.98,102.71,17.518
2025-11-16 00:00:00+00:00,101.76,103.13,100.09,103.13,45.906
2025-11-16 04:00:00+00:00,103.31,103.31,101.18,101.18,12.3
2025-11-16 08:00:00+00:00,102.17,102.81,100.05,100.05,45.065
2025-11-16 12:00:00+00:00,100.07,101.75,97.91,97.91,81.69
2025-11-16 16:00:00+00:00,98.71,98.71,95.73,96.92,210.375
2025-11-16 20:00:00+00:00,96.66,97.54,95.0,96.24,190.371
2025-11-17 00:00:00+00:00,95.33,97.87,95.23,97.48,60.1
2025-11-17 04:00:00+00:00,97.16,97.6,96.63,97.31,26.7
2025-11-17 08:00:00+00:00,97.16,97.17,95.93,96.58,17.203
2025-11-17 12:00:00+00:00,96.6,97.08,93.92,94.9,74.737
2025-11-17 16:00:00+00:00,94.44,99.35,91.87,93.05,169.798
2025-11-17 20:00:00+00:00,91.75,93.05,90.65,91.89,102.988
2025-11-18 00:00:00+00:00,91.8,93.14,90.65,93.11,97.331
2025-11-18 04:00:00+00:00,91.76,95.68,91.76,95.23,57.87
2025-11-18 08:00:00+00:00,96.13,96.57,94.71,94.71,13.647
2025-11-18 12:00:00+00:00,95.14,98.34,93.7,96.37,79.739
2025-11-18 16:00:00+00:00,96.74,98.13,95.07,95.07,38.15
2025-11-18 20:00:00+00:00,96.23,97.77,94.81,95.36,135.616
2025-11-19 00:00:00+00:00,95.45,97.73,94.37,96.56,24.867
2025-11-19 04:00:00+00:00,94.35,96.11,92.44,94.69,29.156
2025-11-19 08:00:00+00:00,94.45,95.44,92.31,92.58,21.268
2025-11-19 12:00:00+00:00,93.69,94.5,91.51,91.93,34.087
2025-11-19 16:00:00+00:00,92.02,92.02,89.19,90.21,230.62
2025-11-19 20:00:00+00:00,89.38,93.24,89.38,93.24,49.382
2025-11-20 00:00:00+00:00,92.42,94.11,91.7,93.05,184.0
2025-11-20 04:00:00+00:00,93.07,93.5,92.28,93.14,77.036
2025-11-20 08:00:00+00:00,92.4,93.0,91.94,92.03,6.439
2025-11-20 12:00:00+00:00,92.17,92.75,90.64,90.64,213.054
2025-11-20 16:00:00+00:00,90.64,90.64,86.1,86.93,251.834
2025-11-20 20:00:00+00:00,86.69,89.21,86.69,87.3,24.534
2025-11-21 00:00:00+00:00,87.99,104.0,86.74,87.2,179.168
2025-11-21 04:00:00+00:00,87.76,87.76,80.84,84.4,204.519
2025-11-21 08:00:00+00:00,84.99,85.38,81.82,81.85,70.068
2025-11-21 12:00:00+00:00,81.96,84.38,80.57,82.47,245.381
2025-11-21 16:00:00+00:00,81.92,86.54,81.09,83.29,267.941
2025-11-21 20:00:00+00:00,82.49,82.91,80.23,82.81,129.887
2025-11-22 00:00:00+00:00,83.0,83.83,81.87,83.6,26.125
2025-11-22 04:00:00+00:00,83.28,83.53,81.85,83.29,53.839
2025-11-22 08:00:00+00:00,83.23,83.23,81.45,82.8,74.395
2025-11-22 12:00:00+00:00,82.22,82.31,80.97,81.32,24.347
2025-11-22 16:00:00+00:00,82.24,82.5,81.95,82.46,19.282
2025-11-22 20:00:00+00:00,81.79,82.7,81.06,82.2,49.329
2025-11-23 00:00:00+00:00,82.09,83.99,82.04,83.71,25.248
2025-11-23 04:00:00+00:00,83.8,84.44,82.52,84.44,21.824
2025-11-23 08:00:00+00:00,83.69,83.69,82.8,82.8,3.16
2025-11-23 12:00:00+00:00,84.47,84.49,83.06,83.27,5.982
2025-11-23 16:00:00+00:00,84.11,85.84,83.08,84.72,42.215
2025-11-23 20:00:00+00:00,83.94,85.77,82.98,84.65,33.825
2025-11-24 00:00:00+00:00,82.93,85.3,82.19,85.01,82.341
2025-11-24 04:00:00+00:00,84.18,85.26,83.34,84.11,20.441
2025-11-24 08:00:00+00:00,83.01,83.28,82.84,83.28,17.494
2025-11-24 12:00:00+00:00,82.61,84.99,82.49,84.99,29.909
2025-11-24 16:00:00+00:00,84.6,87.26,82.0,85.98,121.004
2025-11-24 20:00:00+00:00,86.02,87.26,85.88,85.88,24.526
2025-11-25 00:00:00+00:00,85.47,86.85,85.13,85.13,38.938
2025-11-25 04:00:00+00:00,85.1,86.24,84.39,84.39,16.858
2025-11-25 08:00:00+00:00,84.06,84.35,83.64,83.64,21.589
2025-11-25 12:00:00+00:00,84.29,84.43,83.09,84.35,30.241
2025-11-25 16:00:00+00:00,84.67,86.64,84.34,86.39,86.762
2025-11-25 20:00:00+00:00,86.88,86.88,84.35,84.45,146.828
2025-11-26 00:00:00+00:00,85.75,86.18,83.99,84.58,106.474
2025-11-26 04:00:00+00:00,84.83,85.77,83.99,84.62,12.649
2025-11-26 08:00:00+00:00,83.87,85.86,83.86,85.86,8.572
2025-11-26 12:00:00+00:00,83.74,84.98,83.38,83.38,20.226
2025-11-26 16:00:00+00:00,83.31,87.46,83.31,86.6,63.698
2025-11-26 20:00:00+00:00,86.59,87.75,85.86,86.94,76.804
2025-11-27 00:00:00+00:00,86.85,87.74,86.01,87.67,82.824
2025-11-27 04:00:00+00:00,86.16,87.74,86.02,86.43,93.2
2025-11-27 08:00:00+00:00,86.43,87.73,86.07,86.78,79.718
2025-11-27 12:00:00+00:00,86.43,87.75,85.97,87.18,114.826
2025-11-27 16:00:00+00:00,87.32,87.75,86.46,87.72,78.548
2025-11-27 20:00:00+00:00,87.29,87.74,86.31,86.31,110.146
2025-11-28 00:00:00+00:00,87.27,87.37,84.84,85.49,76.841
2025-11-28 04:00:00+00:00,86.4,86.58,84.7,84.7,20.181
2025-11-28 08:00:00+00:00,85.44,86.17,84.94,84.94,28.725
2025-11-28 12:00:00+00:00,85.04,86.89,85.04,85.91,112.679
2025-11-28 16:00:00+00:00,86.62,86.62,83.03,84.87,155.158
2025-11-28 20:00:00+00:00,84.66,84.89,83.77,84.89,22.47
2025-11-29 00:00:00+00:00,84.17,85.08,84.17,85.08,18.975
2025-11-29 04:00:00+00:00,84.42,86.01,83.98,84.1,103.214
2025-11-29 08:00:00+00:00,84.39,84.52,83.94,84.52,5.419
2025-11-29 12:00:00+00:00,85.04,85.04,83.94,84.23,27.861
2025-11-29 16:00:00+00:00,84.36,84.7,83.2,83.47,117.289
2025-11-29 20:00:00+00:00,84.19,84.2,83.28,83.73,17.745
2025-11-30 00:00:00+00:00,83.91,85.1,83.5,84.32,126.153
2025-11-30 04:00:00+00:00,84.49,84.49,83.51,83.98,10.919
2025-11-30 08:00:00+00:00,84.42,85.21,83.61,83.98,39.436
2025-11-30 12:00:00+00:00,84.1,85.21,83.74,83.92,29.46
2025-11-30 16:00:00+00:00,84.85,84.93,83.82,84.87,51.516
2025-11-30 20:00:00+00:00,83.88,84.14,82.33,82.33,151.175
2025-12-01 00:00:00+00:00,82.74,82.74,77.89,77.9,490.17
2025-12-01 04:00:00+00:00,77.32,79.43,76.98,78.81,80.576
2025-12-01 08:00:00+00:00,78.1,78.1,76.96,77.83,13.722
2025-12-01 12:00:00+00:00,77.3,78.89,75.0,75.04,115.388
2025-12-01 16:00:00+00:00,75.02,76.69,75.01,75.7,75.103
2025-12-01 20:00:00+00:00,76.21,78.98,75.86,76.09,39.372
2025-12-02 00:00:00+00:00,78.96,79.12,76.2,77.93,37.042
2025-12-02 04:00:00+00:00,76.38,76.38,76.38,76.38,0.173
2025-12-02 08:00:00+00:00,78.03,79.11,77.4,78.73,37.158
2025-12-02 12:00:00+00:00,78.76,83.02,77.35,82.92,94.766
2025-12-02 16:00:00+00:00,82.98,83.05,81.73,83.05,36.688
2025-12-02 20:00:00+00:00,82.44,83.52,82.13,83.5,36.798
2025-12-03 00:00:00+00:00,83.52,84.21,82.2,82.45,37.355
2025-12-03 04:00:00+00:00,84.17,85.98,83.45,83.45,64.633
2025-12-03 08:00:00+00:00,85.2,85.75,83.81,85.03,20.121
2025-12-03 12:00:00+00:00,85.59,85.75,83.73,84.34,40.345
2025-12-03 16:00:00+00:00,84.34,86.17,84.13,85.9,69.931
2025-12-03 20:00:00+00:00,84.92,86.67,84.91,86.02,58.783
2025-12-04 00:00:00+00:00,85.88,86.81,85.49,86.08,28.368
2025-12-04 04:00:00+00:00,86.11,86.69,85.3,85.3,17.687
2025-12-04 08:00:00+00:00,86.67,86.67,83.72,83.72,21.607
2025-12-04 12:00:00+00:00,83.73,85.62,83.3,84.42,21.426
2025-12-04 16:00:00+00:00,84.3,84.87,82.21,82.91,45.662
2025-12-04 20:00:00+00:00,83.51,89.98,83.51,84.36,180.686
2025-12-05 00:00:00+00:00,83.62,84.37,83.31,83.32,47.634
2025-12-05 04:00:00+00:00,83.57,84.35,83.13,84.26,19.001
2025-12-05 08:00:00+00:00,83.22,83.95,82.07,82.87,6.77
2025-12-05 12:00:00+00:00,82.54,82.98,81.54,81.54,2.935
2025-12-05 16:00:00+00:00,82.11,82.11,79.68,79.72,73.139
2025-12-05 20:00:00+00:00,80.33,80.74,79.8,79.89,30.551
2025-12-06 00:00:00+00:00,81.11,81.11,79.77,80.69,21.965
2025-12-06 04:00:00+00:00,80.52,81.02,79.99,79.99,19.808
2025-12-06 08:00:00+00:00,80.0,81.17,79.86,81.17,32.417
2025-12-06 12:00:00+00:00,81.76,81.9,79.92,80.95,14.917
2025-12-06 16:00:00+00:00,80.74,82.69,80.01,81.44,51.429
2025-12-06 20:00:00+00:00,81.6,82.24,80.7,80.7,8.629
2025-12-07 00:00:00+00:00,82.05,82.68,80.72,82.19,34.591
2025-12-07 04:00:00+00:00,82.21,82.69,81.57,82.13,7.602
2025-12-07 08:00:00+00:00,82.13,82.2,81.03,82.02,33.91
2025-12-07 12:00:00+00:00,82.13,82.3,79.97,81.28,54.219
2025-12-07 16:00:00+00:00,81.18,83.7,81.18,83.14,43.062
2025-12-07 20:00:00+00:00,82.85,83.71,80.08,82.55,48.849
2025-12-08 00:00:00+00:00,80.77,83.26,80.17,83.26,81.5
2025-12-08 04:00:00+00:00,82.77,83.79,81.35,83.42,16.898
2025-12-08 08:00:00+00:00,83.44,84.08,83.44,83.51,3.104
2025-12-08 12:00:00+00:00,83.56,86.55,81.33,84.32,156.685
2025-12-08 16:00:00+00:00,83.08,84.35,82.42,83.51,45.202
2025-12-08 20:00:00+00:00,84.21,84.47,83.49,84.47,73.896
2025-12-09 00:00:00+00:00,84.55,84.67,82.89,83.6,45.069
2025-12-09 04:00:00+00:00,84.29,84.29,82.61,83.0,17.228
2025-12-09 08:00:00+00:00,84.06,84.06,84.06,84.06,1.189
2025-12-09 12:00:00+00:00,84.08,86.03,83.51,86.03,99.446
2025-12-09 16:00:00+00:00,86.05,87.28,85.4,86.12,67.713
2025-12-09 20:00:00+00:00,86.05,86.78,85.29,86.01,32.365
2025-12-10 00:00:00+00:00,86.18,86.82,84.61,85.78,10.463
2025-12-10 04:00:00+00:00,84.55,86.01,84.47,84.58,24.702
2025-12-10 08:00:00+00:00,84.23,84.23,83.91,83.91,6.293
2025-12-10 12:00:00+00:00,85.32,85.32,83.76,83.76,20.198
2025-12-10 16:00:00+00:00,84.93,85.96,84.28,85.39,16.387
2025-12-10 20:00:00+00:00,86.03,87.0,84.48,84.48,39.895
2025-12-11 00:00:00+00:00,84.82,85.84,80.42,80.47,17.781
2025-12-11 04:00:00+00:00,80.45,81.85,80.45,81.16,5.71
2025-12-11 08:00:00+00:00,80.7,81.63,80.47,80.61,5.375
2025-12-11 12:00:00+00:00,81.15,85.66,80.6,80.78,42.607
2025-12-11 16:00:00+00:00,80.64,82.69,80.64,81.71,14.316
2025-12-11 20:00:00+00:00,81.92,83.43,81.62,82.93,18.789
2025-12-12 00:00:00+00:00,83.5,83.53,82.53,83.0,37.568
2025-12-12 04:00:00+00:00,82.56,84.03,82.56,83.35,16.743
2025-12-12 08:00:00+00:00,83.53,84.15,83.51,83.96,14.757
2025-12-12 12:00:00+00:00,84.26,85.95,80.73,80.73,72.802
2025-12-12 16:00:00+00:00,80.84,82.68,80.57,81.32,30.548
2025-12-12 20:00:00+00:00,81.59,82.95,81.59,82.68,45.133
2025-12-13 00:00:00+00:00,82.03,82.92,81.38,82.66,13.354
2025-12-13 04:00:00+00:00,81.78,82.91,81.78,82.25,12.514
2025-12-13 08:00:00+00:00,82.45,82.94,81.59,82.19,30.206
2025-12-13 12:00:00+00:00,81.59,82.93,81.12,81.55,13.316
2025-12-13 16:00:00+00:00,81.88,82.69,80.98,81.65,15.583
2025-12-13 20:00:00+00:00,81.65,81.65,81.02,81.02,10.425
2025-12-14 00:00:00+00:00,81.56,82.08,81.18,81.18,243.013
2025-12-14 04:00:00+00:00,82.08,82.08,80.77,81.65,11.699
2025-12-14 08:00:00+00:00,80.68,81.51,79.77,80.02,18.531
2025-12-14 12:00:00+00:00,80.06,80.06,78.92,78.92,56.476
2025-12-14 16:00:00+00:00,79.07,79.37,78.92,78.98,2.42
2025-12-14 20:00:00+00:00,78.91,79.85,78.13,78.94,33.792
2025-12-15 00:00:00+00:00,79.5,80.98,78.92,79.99,78.119
2025-12-15 04:00:00+00:00,80.75,81.34,80.34,80.64,33.943
2025-12-15 08:00:00+00:00,81.02,81.59,80.73,81.54,30.217
2025-12-15 12:00:00+00:00,81.47,83.75,77.54,78.41,64.612
2025-12-15 16:00:00+00:00,78.41,78.41,75.92,77.22,59.838
2025-12-15 20:00:00+00:00,76.84,77.92,76.66,77.78,20.603
2025-12-16 00:00:00+00:00,77.72,77.91,76.94,77.84,35.981
2025-12-16 04:00:00+00:00,77.84,78.05,77.13,77.31,38.601
2025-12-16 08:00:00+00:00,77.27,78.98,77.27,78.98,22.065
2025-12-16 12:00:00+00:00,78.96,79.3,77.7,79.12,52.553
2025-12-16 16:00:00+00:00,78.99,79.75,78.54,79.14,47.536
2025-12-16 20:00:00+00:00,79.14,79.74,78.94,79.54,21.998
2025-12-17 00:00:00+00:00,78.99,79.73,77.39,79.12,121.117
2025-12-17 04:00:00+00:00,79.13,79.7,78.69,78.94,11.021
2025-12-17 08:00:00+00:00,78.68,79.17,77.94,78.02,48.239
2025-12-17 12:00:00+00:00,78.92,81.56,78.38,78.57,147.243
2025-12-17 16:00:00+00:00,77.95,77.95,74.79,76.14,185.753
2025-12-17 20:00:00+00:00,76.7,76.7,75.47,75.71,43.912
2025-12-18 00:00:00+00:00,75.97,76.67,75.53,75.69,73.52
2025-12-18 04:00:00+00:00,75.88,76.41,75.02,75.4,114.954
2025-12-18 08:00:00+00:00,75.44,76.21,75.34,76.21,56.958
2025-12-18 12:00:00+00:00,76.26,78.79,75.1,78.0,192.456
2025-12-18 16:00:00+00:00,78.28,78.31,72.79,72.79,137.315
2025-12-18 20:00:00+00:00,72.84,74.85,72.84,74.48,63.108
2025-12-19 00:00:00+00:00,74.22,76.33,73.2,75.32,94.45
2025-12-19 04:00:00+00:00,75.47,76.45,75.1,75.75,29.148
2025-12-19 08:00:00+00:00,75.82,76.85,75.59,76.85,35.859
2025-12-19 12:00:00+00:00,76.31,77.22,76.08,76.47,88.469
2025-12-19 16:00:00+00:00,76.89,77.27,76.3,77.27,45.229
2025-12-19 20:00:00+00:00,77.97,77.97,77.36,77.56,36.849
2025-12-20 00:00:00+00:00,77.39,77.96,76.92,77.26,14.752
2025-12-20 04:00:00+00:00,77.5,77.65,76.52,77.16,58.994
2025-12-20 08:00:00+00:00,77.09,77.71,77.08,77.71,11.552
2025-12-20 12:00:00+00:00,77.19,77.76,76.54,76.54,47.417
2025-12-20 16:00:00+00:00,77.35,77.85,76.85,77.61,16.478
2025-12-20 20:00:00+00:00,77.81,81.0,77.28,80.25,136.241
2025-12-21 00:00:00+00:00,77.74,80.56,76.77,76.77,20.464
2025-12-21 04:00:00+00:00,78.58,78.58,76.65,77.91,13.6
2025-12-21 08:00:00+00:00,77.91,77.91,77.09,77.45,8.544
2025-12-21 12:00:00+00:00,77.67,77.91,75.84,75.84,41.167
2025-12-21 16:00:00+00:00,77.0,77.07,75.55,76.53,20.129
2025-12-21 20:00:00+00:00,76.25,76.97,76.25,76.87,40.835
2025-12-22 00:00:00+00:00,77.73,78.49,76.31,78.15,47.51
2025-12-22 04:00:00+00:00,77.35,78.23,77.35,78.23,16.104
2025-12-22 08:00:00+00:00,77.54,78.26,77.54,78.02,17.264
2025-12-22 12:00:00+00:00,77.98,79.4,77.97,78.25,8.819
2025-12-22 16:00:00+00:00,78.92,79.24,77.1,77.1,11.409
2025-12-22 20:00:00+00:00,76.51,78.05,75.98,77.78,63.818
2025-12-23 00:00:00+00:00,77.03,77.69,76.65,76.87,11.266
2025-12-23 04:00:00+00:00,76.91,77.71,76.61,77.0,36.573
2025-12-23 08:00:00+00:00,77.73,77.73,76.1,77.0,13.199
2025-12-23 12:00:00+00:00,77.3,77.3,75.8,76.57,21.991
2025-12-23 16:00:00+00:00,77.18,78.07,76.51,78.07,26.239
2025-12-23 20:00:00+00:00,77.64,77.97,77.04,77.23,34.328
2025-12-24 00:00:00+00:00,77.21,77.69,76.04,76.57,17.737
2025-12-24 04:00:00+00:00,76.91,76.92,75.71,75.86,19.359
2025-12-24 08:00:00+00:00,76.4,76.4,75.38,76.21,4.08
2025-12-24 12:00:00+00:00,76.21,77.14,75.37,76.22,9.343
2025-12-24 16:00:00+00:00,76.56,76.57,75.25,75.88,31.996
2025-12-24 20:00:00+00:00,75.74,76.72,75.41,75.92,24.297
2025-12-25 00:00:00+00:00,75.34,76.66,75.34,76.2,11.999
2025-12-25 04:00:00+00:00,76.09,76.09,75.95,75.95,4.131
2025-12-25 08:00:00+00:00,77.13,77.3,77.13,77.3,2.714
2025-12-25 12:00:00+00:00,76.21,76.95,75.98,76.95,28.357
2025-12-25 16:00:00+00:00,77.36,77.96,76.8,77.38,67.888
2025-12-25 20:00:00+00:00,77.08,77.48,75.63,75.91,29.63
2025-12-26 00:00:00+00:00,75.56,78.15,75.4,78.08,76.705
2025-12-26 04:00:00+00:00,78.04,78.09,77.22,77.22,30.208
2025-12-26 08:00:00+00:00,76.88,77.19,76.71,77.19,4.218
2025-12-26 12:00:00+00:00,76.81,77.88,75.65,75.65,28.778
2025-12-26 16:00:00+00:00,76.01,77.45,76.01,76.52,3.198
2025-12-26 20:00:00+00:00,76.65,77.48,76.64,77.48,14.612
2025-12-27 00:00:00+00:00,76.8,78.06,76.44,77.78,17.917
2025-12-27 04:00:00+00:00,76.94,78.16,76.94,77.1,8.63
2025-12-27 08:00:00+00:00,77.05,77.82,76.81,77.69,34.607
2025-12-27 12:00:00+00:00,78.05,78.89,77.65,78.89,15.403
2025-12-27 16:00:00+00:00,78.89,79.37,78.8,79.37,13.732
2025-12-27 20:00:00+00:00,79.39,80.58,79.01,80.14,14.085
2025-12-28 00:00:00+00:00,79.85,80.42,79.35,79.35,10.253
2025-12-28 04:00:00+00:00,80.02,80.02,78.81,79.48,5.273
2025-12-28 08:00:00+00:00,80.11,80.11,79.2,79.54,6.829
2025-12-28 12:00:00+00:00,79.57,79.59,79.57,79.59,0.232
2025-12-28 16:00:00+00:00,79.46,80.25,78.36,78.36,12.344
2025-12-28 20:00:00+00:00,79.84,79.9,78.43,78.45,5.121
2025-12-29 00:00:00+00:00,78.5,80.27,78.49,80.23,22.496
2025-12-29 04:00:00+00:00,79.95,80.28,78.57,79.94,158.798
2025-12-29 08:00:00+00:00,78.43,78.81,77.67,78.81,10.241
2025-12-29 12:00:00+00:00,77.84,79.15,77.1,79.15,51.082
2025-12-29 16:00:00+00:00,78.13,79.38,77.63,77.63,44.644
2025-12-29 20:00:00+00:00,78.23,78.88,77.7,78.6,9.606
2025-12-30 00:00:00+00:00,79.11,79.4,77.67,78.77,7.881
2025-12-30 04:00:00+00:00,78.87,78.87,78.82,78.82,0.152
2025-12-30 08:00:00+00:00,78.09,78.8,77.92,78.45,12.184
2025-12-30 12:00:00+00:00,77.96,79.38,77.89,78.16,13.286
2025-12-30 16:00:00+00:00,79.18,79.18,77.9,77.95,11.32
2025-12-30 20:00:00+00:00,78.49,79.27,77.96,78.56,28.503
2025-12-31 00:00:00+00:00,79.14,79.14,77.61,77.91,21.884
2025-12-31 04:00:00+00:00,78.04,78.2,78.03,78.2,3.02
2025-12-31 08:00:00+00:00,78.2,79.08,78.11,78.11,5.398
2025-12-31 12:00:00+00:00,78.36,78.37,77.77,77.81,8.381
2025-12-31 16:00:00+00:00,78.19,78.34,76.45,77.87,41.611
2025-12-31 20:00:00+00:00,76.91,78.2,76.48,78.2,10.923
2026-01-01 00:00:00+00:00,76.83,78.41,76.48,77.17,27.286
2026-01-01 04:00:00+00:00,77.93,78.53,76.63,78.53,14.978
2026-01-01 08:00:00+00:00,77.11,78.49,77.02,78.09,11.673
2026-01-01 12:00:00+00:00,77.52,78.57,77.29,78.39,11.204
2026-01-01 16:00:00+00:00,79.06,79.35,78.51,79.35,92.557
2026-01-01 20:00:00+00:00,79.43,80.29,78.94,79.93,45.073
2026-01-02 00:00:00+00:00,79.37,80.3,79.24,79.99,12.005
2026-01-02 04:00:00+00:00,79.73,80.02,79.31,79.31,7.908
2026-01-02 08:00:00+00:00,79.48,80.63,79.12,79.68,25.788
2026-01-02 12:00:00+00:00,80.34,80.97,79.81,79.98,61.888
2026-01-02 16:00:00+00:00,80.68,81.55,80.68,80.76,28.728
2026-01-02 20:00:00+00:00,81.02,82.24,81.01,82.0,62.746
2026-01-03 00:00:00+00:00,81.76,82.75,81.58,82.56,27.144
2026-01-03 04:00:00+00:00,82.67,82.75,81.17,81.54,53.381
2026-01-03 08:00:00+00:00,82.67,82.67,80.84,80.94,1.737
2026-01-03 12:00:00+00:00,82.08,82.09,80.81,81.38,8.98
2026-01-03 16:00:00+00:00,82.34,82.85,81.73,82.85,11.565
2026-01-03 20:00:00+00:00,82.82,82.82,81.9,82.77,2.843
2026-01-04 00:00:00+00:00,82.67,82.84,81.81,82.78,21.266
2026-01-04 04:00:00+00:00,82.46,82.67,81.98,82.27,1.257
2026-01-04 08:00:00+00:00,81.73,82.78,81.39,82.64,23.9
2026-01-04 12:00:00+00:00,82.6,83.03,82.6,83.03,19.92
2026-01-04 16:00:00+00:00,83.12,83.74,81.72,81.72,46.741
2026-01-04 20:00:00+00:00,81.73,83.56,81.37,81.37,10.865
2026-01-05 00:00:00+00:00,81.37,83.6,81.37,81.55,19.063
2026-01-05 04:00:00+00:00,83.48,83.58,81.4,81.47,15.258
2026-01-05 08:00:00+00:00,83.6,83.6,83.58,83.58,6.198
2026-01-05 12:00:00+00:00,83.3,83.6,83.3,83.58,14.548
2026-01-05 16:00:00+00:00,83.6,84.03,81.41,82.73,22.825
2026-01-05 20:00:00+00:00,82.75,84.52,82.75,83.59,22.454
2026-01-06 00:00:00+00:00,83.44,84.5,82.88,82.91,21.37
2026-01-06 04:00:00+00:00,83.72,84.43,82.92,83.17,29.85
2026-01-06 08:00:00+00:00,82.98,83.78,82.97,83.78,19.349
2026-01-06 12:00:00+00:00,84.05,84.87,83.53,83.53,82.596
2026-01-06 16:00:00+00:00,83.16,84.58,81.33,83.42,32.215
2026-01-06 20:00:00+00:00,81.65,84.18,81.61,82.42,33.87
2026-01-07 00:00:00+00:00,84.18,84.18,82.39,82.61,38.426
2026-01-07 04:00:00+00:00,83.19,83.54,82.57,82.93,37.352
2026-01-07 08:00:00+00:00,83.59,84.11,82.48,82.48,32.03
2026-01-07 12:00:00+00:00,82.46,83.95,81.52,81.52,46.369
2026-01-07 16:00:00+00:00,82.95,83.22,81.26,82.18,33.831
2026-01-07 20:00:00+00:00,81.27,83.11,81.17,81.66,56.806
2026-01-08 00:00:00+00:00,81.75,83.36,81.15,81.38,86.979
2026-01-08 04:00:00+00:00,82.67,83.23,80.47,81.42,106.845
2026-01-08 08:00:00+00:00,83.34,83.34,80.4,80.65,4.688
2026-01-08 12:00:00+00:00,81.4,81.41,80.06,80.35,12.875
2026-01-08 16:00:00+00:00,82.47,82.98,80.24,81.11,33.276
2026-01-08 20:00:00+00:00,83.03,83.38,80.28,81.44,6.4
2026-01-09 00:00:00+00:00,82.14,83.3,80.23,81.46,6.41
2026-01-09 04:00:00+00:00,82.27,82.61,82.27,82.61,3.283
2026-01-09 08:00:00+00:00,82.47,82.62,80.09,80.09,21.261
2026-01-09 12:00:00+00:00,81.0,82.19,80.0,82.19,27.885
2026-01-09 16:00:00+00:00,82.04,82.04,81.06,81.26,23.105
2026-01-09 20:00:00+00:00,81.43,84.08,79.95,80.39,114.07
2026-01-10 00:00:00+00:00,81.84,82.09,79.98,81.92,24.767
2026-01-10 04:00:00+00:00,81.29,82.03,80.8,81.56,83.783
2026-01-10 08:00:00+00:00,80.15,81.96,80.15,81.11,10.15
2026-01-10 12:00:00+00:00,82.02,82.61,81.8,81.92,17.395
2026-01-10 16:00:00+00:00,82.33,82.54,80.71,82.16,11.47
2026-01-10 20:00:00+00:00,82.25,82.25,80.41,81.05,14.252
2026-01-11 00:00:00+00:00,82.13,82.51,80.07,81.71,17.843
2026-01-11 04:00:00+00:00,81.46,82.43,81.06,82.43,11.909
2026-01-11 08:00:00+00:00,81.29,81.29,80.92,80.92,9.672
2026-01-11 12:00:00+00:00,81.15,82.01,80.22,81.41,18.383
2026-01-11 16:00:00+00:00,80.29,82.09,80.21,82.09,12.04
2026-01-11 20:00:00+00:00,80.27,81.9,78.0,80.23,613.778
2026-01-12 00:00:00+00:00,78.48,80.42,77.78,79.54,68.486
2026-01-12 04:00:00+00:00,78.59,80.86,78.35,78.96,30.762
2026-01-12 08:00:00+00:00,80.23,80.84,77.51,77.55,17.971
2026-01-12 12:00:00+00:00,77.54,78.24,75.57,77.26,57.244
2026-01-12 16:00:00+00:00,77.13,77.39,75.67,75.99,31.219
2026-01-12 20:00:00+00:00,76.69,77.05,76.07,76.1,22.317
2026-01-13 00:00:00+00:00,77.81,77.81,74.63,75.77,64.444
2026-01-13 04:00:00+00:00,76.52,76.85,75.0,76.85,40.522
2026-01-13 08:00:00+00:00,76.43,77.13,75.11,77.07,20.425
2026-01-13 12:00:00+00:00,76.36,77.45,76.02,76.02,126.965
2026-01-13 16:00:00+00:00,77.38,77.97,76.0,77.11,87.408
2026-01-13 20:00:00+00:00,77.25,78.68,75.96,77.84,108.25
2026-01-14 00:00:00+00:00,78.44,79.38,77.56,79.38,68.989
2026-01-14 04:00:00+00:00,79.0,79.38,78.58,79.31,54.104
2026-01-14 08:00:00+00:00,78.89,79.4,77.84,78.11,33.557
2026-01-14 12:00:00+00:00,79.6,80.84,77.92,79.54,66.03
2026-01-14 16:00:00+00:00,80.07,80.71,77.5,77.55,34.133
2026-01-14 20:00:00+00:00,79.04,79.27,76.01,76.01,147.559
2026-01-15 00:00:00+00:00,76.01,81.12,73.34,74.42,121.65
2026-01-15 04:00:00+00:00,73.81,74.85,73.56,74.58,96.913
2026-01-15 08:00:00+00:00,74.5,82.4,74.45,75.49,93.112
2026-01-15 12:00:00+00:00,76.8,76.8,71.2,72.46,60.371
2026-01-15 16:00:00+00:00,72.46,73.3,71.75,72.5,114.528
2026-01-15 20:00:00+00:00,72.55,74.03,71.43,72.76,305.51
2026-01-16 00:00:00+00:00,73.12,73.96,71.23,72.38,122.139
2026-01-16 04:00:00+00:00,72.57,73.07,71.23,72.06,206.353
2026-01-16 08:00:00+00:00,72.23,72.81,71.66,72.81,54.125
2026-01-16 12:00:00+00:00,72.97,73.11,71.0,72.23,181.301
2026-01-16 16:00:00+00:00,71.81,74.85,71.81,74.23,204.689
2026-01-16 20:00:00+00:00,73.92,76.04,73.63,76.04,151.162
2026-01-17 00:00:00+00:00,75.08,76.18,74.27,74.36,61.802
2026-01-17 04:00:00+00:00,74.27,75.64,74.27,74.78,25.049
2026-01-17 08:00:00+00:00,75.54,75.68,73.83,74.64,57.273
2026-01-17 12:00:00+00:00,74.37,75.49,73.99,73.99,16.249
2026-01-17 16:00:00+00:00,75.06,75.54,74.19,75.02,55.968
2026-01-17 20:00:00+00:00,75.14,75.71,73.78,74.77,54.417
2026-01-18 00:00:00+00:00,74.81,75.7,73.82,75.17,31.844
2026-01-18 04:00:00+00:00,74.77,75.59,73.97,74.98,28.208
2026-01-18 08:00:00+00:00,73.97,75.72,73.97,74.65,33.864
2026-01-18 12:00:00+00:00,75.55,75.55,74.4,74.85,36.814
2026-01-18 16:00:00+00:00,74.41,75.87,74.41,75.51,26.197
2026-01-18 20:00:00+00:00,74.42,75.59,72.58,74.0,47.996
2026-01-19 00:00:00+00:00,72.1,72.25,68.88,70.46,360.701
2026-01-19 04:00:00+00:00,70.39,70.48,69.21,70.48,49.206
2026-01-19 08:00:00+00:00,70.65,71.19,69.6,70.14,35.376
2026-01-19 12:00:00+00:00,71.27,71.27,70.06,70.83,49.085
2026-01-19 16:00:00+00:00,70.9,71.58,69.34,71.58,48.175
2026-01-19 20:00:00+00:00,71.77,71.78,70.4,70.85,31.681
2026-01-20 00:00:00+00:00,71.51,71.72,70.34,70.34,36.531
2026-01-20 04:00:00+00:00,70.83,71.32,69.35,69.59,180.776
2026-01-20 08:00:00+00:00,69.34,70.19,68.9,70.19,69.492
2026-01-20 12:00:00+00:00,70.59,70.59,68.45,68.65,61.011
2026-01-20 16:00:00+00:00,68.87,69.08,67.51,67.6,200.891
2026-01-20 20:00:00+00:00,68.45,68.45,66.03,67.36,165.38
2026-01-21 00:00:00+00:00,67.36,69.05,66.46,69.05,19.326
2026-01-21 04:00:00+00:00,68.99,69.39,67.13,68.61,109.749
2026-01-21 08:00:00+00:00,68.38,68.92,63.4,68.72,189.138
2026-01-21 12:00:00+00:00,67.94,69.06,67.41,68.36,203.504
2026-01-21 16:00:00+00:00,69.4,69.4,65.9,68.85,105.281
2026-01-21 20:00:00+00:00,69.34,69.66,67.86,68.62,134.933
2026-01-22 00:00:00+00:00,68.85,69.65,67.91,69.08,55.166
2026-01-22 04:00:00+00:00,68.63,69.48,68.5,68.5,56.119
2026-01-22 08:00:00+00:00,69.2,69.2,67.78,68.99,49.043
2026-01-22 12:00:00+00:00,68.97,68.97,67.24,67.31,48.098
2026-01-22 16:00:00+00:00,68.08,68.6,67.43,68.41,51.344
2026-01-22 20:00:00+00:00,68.33,68.48,67.45,67.46,24.496
2026-01-23 00:00:00+00:00,67.53,69.66,67.33,69.41,12.601
2026-01-23 04:00:00+00:00,69.4,69.65,67.97,68.98,12.026
2026-01-23 08:00:00+00:00,68.53,69.18,67.78,68.87,42.824
2026-01-23 12:00:00+00:00,68.87,68.93,67.03,68.93,19.792
2026-01-23 16:00:00+00:00,68.13,69.06,67.33,67.76,137.775
2026-01-23 20:00:00+00:00,67.77,68.74,66.99,67.94,51.952
2026-01-24 00:00:00+00:00,68.81,68.81,67.14,68.48,29.217
2026-01-24 04:00:00+00:00,68.69,69.03,67.8,69.03,10.673
2026-01-24 08:00:00+00:00,68.52,68.95,68.51,68.95,15.122
2026-01-24 12:00:00+00:00,69.04,69.04,67.82,68.14,14.471
2026-01-24 16:00:00+00:00,68.14,68.88,67.85,68.57,23.596
2026-01-24 20:00:00+00:00,67.28,68.16,67.13,68.16,43.277
2026-01-25 00:00:00+00:00,68.34,69.02,67.28,68.86,13.602
2026-01-25 04:00:00+00:00,68.43,69.02,68.3,69.02,22.267
2026-01-25 08:00:00+00:00,68.84,70.27,68.44,70.0,64.384
2026-01-25 12:00:00+00:00,69.52,70.25,68.88,69.48,70.811
2026-01-25 16:00:00+00:00,69.28,69.28,65.53,66.11,92.845
2026-01-25 20:00:00+00:00,66.04,67.19,65.35,67.19,73.502
2026-01-26 00:00:00+00:00,67.46,68.12,65.74,67.34,50.548
2026-01-26 04:00:00+00:00,67.68,68.28,66.87,68.28,50.494
2026-01-26 08:00:00+00:00,68.48,68.76,67.59,68.09,19.159
2026-01-26 12:00:00+00:00,68.81,70.12,67.54,69.09,32.297
2026-01-26 16:00:00+00:00,69.11,70.19,69.08,70.14,32.246
2026-01-26 20:00:00+00:00,69.14,70.19,69.14,70.19,12.166
2026-01-27 00:00:00+00:00,69.57,70.19,68.58,69.71,23.379
2026-01-27 04:00:00+00:00,69.8,70.05,69.28,69.94,6.924
2026-01-27 08:00:00+00:00,69.26,69.57,69.07,69.07,50.754
2026-01-27 12:00:00+00:00,69.07,70.19,68.55,69.49,59.451
2026-01-27 16:00:00+00:00,70.01,70.19,68.8,69.9,25.507
2026-01-27 20:00:00+00:00,68.58,70.58,68.54,70.24,93.277
2026-01-28 00:00:00+00:00,70.55,70.55,68.87,70.04,129.094
2026-01-28 04:00:00+00:00,69.46,70.05,68.81,68.89,21.531
2026-01-28 08:00:00+00:00,68.82,69.97,68.81,69.97,2.849
2026-01-28 12:00:00+00:00,69.99,70.0,68.51,68.54,52.251
2026-01-28 16:00:00+00:00,69.04,69.83,68.58,69.58,46.349
2026-01-28 20:00:00+00:00,69.08,69.84,68.92,69.68,34.198
2026-01-29 00:00:00+00:00,69.42,69.8,68.51,69.47,52.686
2026-01-29 04:00:00+00:00,69.28,69.79,68.75,69.24,43.521
2026-01-29 08:00:00+00:00,67.94,68.14,67.74,68.14,24.245
2026-01-29 12:00:00+00:00,67.55,68.08,65.04,65.09,163.061
2026-01-29 16:00:00+00:00,65.45,70.98,64.37,65.08,242.016
2026-01-29 20:00:00+00:00,65.46,66.69,65.2,66.66,10.472
2026-01-30 00:00:00+00:00,66.0,66.69,63.03,65.02,151.364
2026-01-30 04:00:00+00:00,63.57,64.79,63.3,63.3,63.065
2026-01-30 08:00:00+00:00,64.41,65.1,64.41,65.1,15.058
2026-01-30 12:00:00+00:00,64.69,65.2,64.26,65.02,56.159
2026-01-30 16:00:00+00:00,64.99,66.32,63.88,65.67,109.177
2026-01-30 20:00:00+00:00,66.03,66.19,64.84,65.39,38.638
2026-01-31 00:00:00+00:00,64.79,66.18,64.71,65.01,16.341
2026-01-31 04:00:00+00:00,65.15,72.0,63.8,63.8,228.869
2026-01-31 08:00:00+00:00,63.57,63.63,62.5,63.11,70.059
2026-01-31 12:00:00+00:00,63.05,63.36,59.97,61.17,378.85
2026-01-31 16:00:00+00:00,60.05,69.7,56.05,58.52,423.518
2026-01-31 20:00:00+00:00,58.11,60.0,57.66,59.04,366.891
2026-02-01 00:00:00+00:00,60.13,65.43,58.93,61.78,286.47
2026-02-01 04:00:00+00:00,60.45,60.59,59.1,60.51,52.841
2026-02-01 08:00:00+00:00,60.58,60.8,58.45,59.24,30.505
2026-02-01 12:00:00+00:00,58.95,59.82,57.67,57.67,40.171
2026-02-01 16:00:00+00:00,57.72,59.8,57.71,58.7,83.377
2026-02-01 20:00:00+00:00,58.56,60.59,57.2,58.46,190.474
2026-02-02 00:00:00+00:00,59.05,60.03,56.68,58.09,120.347
2026-02-02 04:00:00+00:00,58.66,58.79,56.68,58.63,167.183
2026-02-02 08:00:00+00:00,58.79,59.45,57.8,59.42,66.653
2026-02-02 12:00:00+00:00,58.41,61.05,58.41,61.05,71.427
2026-02-02 16:00:00+00:00,61.02,61.03,59.03,60.05,176.893
2026-02-02 20:00:00+00:00,59.83,60.72,59.05,60.36,45.534
2026-02-03 00:00:00+00:00,59.48,60.82,59.25,59.25,38.821
2026-02-03 04:00:00+00:00,60.54,60.66,59.3,59.99,10.87
2026-02-03 08:00:00+00:00,60.15,60.2,59.41,59.41,15.605
2026-02-03 12:00:00+00:00,60.01,60.39,59.38,60.25,142.484
2026-02-03 16:00:00+00:00,60.32,60.32,56.97,59.01,380.046
2026-02-03 20:00:00+00:00,59.39,61.55,58.97,59.25,355.633
2026-02-04 00:00:00+00:00,59.49,60.74,59.34,60.74,34.819
2026-02-04 04:00:00+00:00,60.85,60.91,60.54,60.76,5.264
2026-02-04 08:00:00+00:00,60.87,60.87,59.77,59.77,13.39
2026-02-04 12:00:00+00:00,59.82,59.94,57.76,58.22,41.312
2026-02-04 16:00:00+00:00,58.15,59.57,57.15,59.57,178.012
2026-02-04 20:00:00+00:00,59.34,59.36,57.9,59.05,103.221
2026-02-05 00:00:00+00:00,58.94,59.33,58.24,58.28,29.42
2026-02-05 04:00:00+00:00,58.34,58.34,57.67,57.8,53.411
2026-02-05 08:00:00+00:00,58.28,58.28,55.79,56.61,147.384
2026-02-05 12:00:00+00:00,56.61,58.01,52.73,54.79,351.901
2026-02-05 16:00:00+00:00,53.89,55.11,52.41,52.69,268.664
2026-02-05 20:00:00+00:00,52.84,52.84,50.41,51.0,408.258
2026-02-06 00:00:00+00:00,53.01,53.01,45.13,50.02,468.072
2026-02-06 04:00:00+00:00,49.98,52.82,49.95,51.21,200.775
2026-02-06 08:00:00+00:00,51.24,53.13,50.65,53.13,120.872
2026-02-06 12:00:00+00:00,52.43,54.8,52.31,54.26,265.049
2026-02-06 16:00:00+00:00,54.81,56.47,54.37,55.13,105.983
2026-02-06 20:00:00+00:00,54.91,55.74,54.59,55.74,24.052
2026-02-07 00:00:00+00:00,55.05,55.05,54.2,54.85,186.274
2026-02-07 04:00:00+00:00,55.04,55.98,52.94,53.75,72.175
2026-02-07 08:00:00+00:00,53.73,53.9,53.12,53.12,10.189
2026-02-07 12:00:00+00:00,53.8,54.45,53.8,54.35,322.102
2026-02-07 16:00:00+00:00,54.77,55.88,54.7,55.41,144.481
2026-02-07 20:00:00+00:00,55.73,55.97,54.64,54.64,8.304
2026-02-08 00:00:00+00:00,55.22,55.46,54.96,55.05,128.844
2026-02-08 04:00:00+00:00,55.29,55.39,54.9,55.02,126.579
2026-02-08 08:00:00+00:00,55.54,55.54,55.25,55.46,13.451
2026-02-08 12:00:00+00:00,55.29,55.38,54.77,54.77,0.598
2026-02-08 16:00:00+00:00,54.71,54.93,53.75,54.93,62.591
2026-02-08 20:00:00+00:00,54.88,55.15,54.05,54.67,65.996
2026-02-09 00:00:00+00:00,54.61,55.58,54.26,54.94,13.181
2026-02-09 04:00:00+00:00,54.89,55.64,54.52,54.52,9.59
2026-02-09 08:00:00+00:00,53.85,53.85,52.46,52.86,24.997
2026-02-09 12:00:00+00:00,53.08,55.01,53.08,54.49,22.496
2026-02-09 16:00:00+00:00,54.2,55.26,53.48,54.77,38.075
2026-02-09 20:00:00+00:00,54.8,55.27,52.96,54.48,81.147
2026-02-10 00:00:00+00:00,54.5,55.24,53.72,53.89,34.826
2026-02-10 04:00:00+00:00,54.07,54.29,53.05,54.29,9.091
2026-02-10 08:00:00+00:00,53.29,55.27,53.29,53.56,25.49
2026-02-10 12:00:00+00:00,53.07,53.42,52.98,53.29,2.838
2026-02-10 16:00:00+00:00,53.29,53.7,52.86,53.29,162.358
2026-02-10 20:00:00+00:00,53.31,53.4,53.0,53.32,29.211
2026-02-11 00:00:00+00:00,53.3,54.19,53.26,53.29,19.366
2026-02-11 04:00:00+00:00,53.0,53.03,52.04,52.2,5.435
2026-02-11 08:00:00+00:00,51.94,52.61,51.69,51.69,4.257
2026-02-11 12:00:00+00:00,52.49,52.7,51.07,51.22,31.351
2026-02-11 16:00:00+00:00,51.23,52.88,51.23,52.22,39.816
2026-02-11 20:00:00+00:00,52.13,53.44,52.05,52.05,182.762
2026-02-12 00:00:00+00:00,52.59,53.52,52.44,52.78,104.147
2026-02-12 04:00:00+00:00,52.83,53.87,52.83,53.49,70.633
2026-02-12 08:00:00+00:00,53.21,53.82,53.21,53.8,38.654
2026-02-12 12:00:00+00:00,53.13,53.23,52.88,52.9,45.895
2026-02-12 16:00:00+00:00,52.67,52.76,51.22,52.56,104.444
2026-02-12 20:00:00+00:00,52.4,53.18,51.28,53.01,51.642
2026-02-13 00:00:00+00:00,53.13,53.55,52.82,53.46,14.726
2026-02-13 04:00:00+00:00,52.92,53.57,52.48,52.78,31.063
2026-02-13 08:00:00+00:00,53.22,53.95,53.22,53.37,9.973
2026-02-13 12:00:00+00:00,53.42,54.8,52.71,54.33,89.14
2026-02-13 16:00:00+00:00,54.49,55.84,54.49,55.21,93.923
2026-02-13 20:00:00+00:00,55.03,55.83,54.55,55.64,81.333
2026-02-14 00:00:00+00:00,54.99,55.37,54.89,55.37,7.914
2026-02-14 04:00:00+00:00,55.3,55.4,55.06,55.22,16.272
2026-02-14 08:00:00+00:00,55.56,55.96,55.56,55.86,16.237
2026-02-14 12:00:00+00:00,55.28,56.26,55.14,56.02,40.325
2026-02-14 16:00:00+00:00,56.18,56.66,55.86,56.51,29.554
2026-02-14 20:00:00+00:00,56.42,56.51,56.04,56.18,47.237
2026-02-15 00:00:00+00:00,55.77,56.03,55.13,55.13,40.741
2026-02-15 04:00:00+00:00,56.31,56.61,56.01,56.61,37.537
2026-02-15 08:00:00+00:00,56.36,56.44,55.67,55.93,16.046
2026-02-15 12:00:00+00:00,56.01,56.01,54.39,55.07,26.662
2026-02-15 16:00:00+00:00,55.06,55.62,54.23,54.94,53.283
2026-02-15 20:00:00+00:00,54.47,55.04,54.47,54.75,33.286
2026-02-16 00:00:00+00:00,55.06,56.76,54.4,54.71,41.069
2026-02-16 04:00:00+00:00,54.66,54.66,53.85,54.29,13.569
2026-02-16 08:00:00+00:00,54.22,54.69,53.47,53.48,12.642
2026-02-16 12:00:00+00:00,53.85,54.11,53.48,53.48,10.762
2026-02-16 16:00:00+00:00,53.7,54.41,53.54,54.41,41.219
2026-02-16 20:00:00+00:00,54.45,55.4,54.45,54.86,9.355
2026-02-17 00:00:00+00:00,55.05,55.39,54.98,55.19,71.618
2026-02-17 04:00:00+00:00,55.24,55.89,54.95,55.6,2.85
2026-02-17 08:00:00+00:00,55.78,55.78,54.69,54.72,5.932
2026-02-17 12:00:00+00:00,54.85,54.99,53.26,53.36,36.489
2026-02-17 16:00:00+00:00,54.06,54.78,53.64,54.18,20.884
2026-02-17 20:00:00+00:00,54.28,55.53,53.79,53.9,41.417
2026-02-18 00:00:00+00:00,53.91,54.33,53.74,54.33,61.629
2026-02-18 04:00:00+00:00,54.1,55.55,54.1,54.33,7.574
2026-02-18 08:00:00+00:00,54.29,54.4,53.74,53.74,3.918
2026-02-18 12:00:00+00:00,53.84,54.87,53.5,54.87,24.386
2026-02-18 16:00:00+00:00,54.19,54.43,53.05,53.05,18.579
2026-02-18 20:00:00+00:00,53.3,53.3,53.07,53.16,9.025
2026-02-19 00:00:00+00:00,53.34,53.83,53.09,53.36,13.558
2026-02-19 04:00:00+00:00,53.62,53.62,53.21,53.36,5.233
2026-02-19 08:00:00+00:00,52.85,52.91,52.59,52.59,6.108
2026-02-19 12:00:00+00:00,52.48,52.48,51.6,51.6,98.468
2026-02-19 16:00:00+00:00,51.96,52.76,51.87,52.58,85.362
2026-02-19 20:00:00+00:00,52.57,52.75,52.39,52.71,39.321
2026-02-20 00:00:00+00:00,52.69,53.12,52.67,53.05,3.452
2026-02-20 04:00:00+00:00,52.97,53.42,52.97,53.42,274.203
2026-02-20 08:00:00+00:00,53.76,54.13,53.73,54.13,6.422
2026-02-20 12:00:00+00:00,53.57,55.17,52.97,54.72,131.95
2026-02-20 16:00:00+00:00,55.26,55.39,54.32,54.87,97.462
2026-02-20 20:00:00+00:00,55.01,55.82,55.0,55.25,22.097
2026-02-21 00:00:00+00:00,55.28,55.38,54.85,55.13,26.538
2026-02-21 04:00:00+00:00,54.91,55.22,54.91,55.1,28.434
2026-02-21 08:00:00+00:00,55.58,55.62,55.05,55.05,11.88
2026-02-21 12:00:00+00:00,55.46,55.82,55.4,55.82,198.327
2026-02-21 16:00:00+00:00,55.81,55.94,55.2,55.23,35.278
2026-02-21 20:00:00+00:00,55.37,55.61,54.93,54.95,26.049
2026-02-22 00:00:00+00:00,54.86,54.86,54.37,54.44,39.654
2026-02-22 04:00:00+00:00,54.52,54.8,54.2,54.8,29.084
2026-02-22 08:00:00+00:00,54.67,54.76,54.62,54.76,6.94
2026-02-22 12:00:00+00:00,54.34,54.36,53.01,53.32,19.375
2026-02-22 16:00:00+00:00,53.37,53.5,53.17,53.3,26.864
2026-02-22 20:00:00+00:00,53.16,53.52,53.03,53.52,42.853
2026-02-23 00:00:00+00:00,53.39,53.4,50.95,51.48,747.181
2026-02-23 04:00:00+00:00,51.4,52.25,51.04,52.12,217.753
2026-02-23 08:00:00+00:00,52.05,52.99,51.88,52.73,2.529
2026-02-23 12:00:00+00:00,52.8,53.05,52.11,52.11,59.538
2026-02-23 16:00:00+00:00,52.1,52.11,50.76,51.26,33.616
2026-02-23 20:00:00+00:00,51.15,51.91,51.15,51.55,25.849
2026-02-24 00:00:00+00:00,51.57,51.79,50.75,50.98,15.147
2026-02-24 04:00:00+00:00,51.0,52.55,50.26,50.85,53.809
2026-02-24 08:00:00+00:00,50.77,50.92,50.52,50.66,11.239
2026-02-24 12:00:00+00:00,50.62,51.34,50.22,51.21,22.109
2026-02-24 16:00:00+00:00,51.44,51.75,50.98,51.64,126.499
2026-02-24 20:00:00+00:00,51.51,53.43,50.58,51.16,66.282
2026-02-25 00:00:00+00:00,51.18,52.93,51.04,52.34,59.66
2026-02-25 04:00:00+00:00,52.34,52.72,52.14,52.4,54.047
2026-02-25 08:00:00+00:00,52.73,53.49,52.73,53.49,14.934
2026-02-25 12:00:00+00:00,53.57,58.15,53.57,57.77,94.94
2026-02-25 16:00:00+00:00,57.97,58.39,57.82,58.13,48.951
2026-02-25 20:00:00+00:00,58.3,58.95,56.24,56.59,75.864
2026-02-26 00:00:00+00:00,56.99,57.01,56.21,56.56,8.294
2026-02-26 04:00:00+00:00,56.51,56.79,56.29,56.3,6.353
2026-02-26 08:00:00+00:00,56.06,56.36,55.79,55.81,66.451
2026-02-26 12:00:00+00:00,55.91,56.35,55.44,55.47,47.148
2026-02-26 16:00:00+00:00,55.85,55.85,54.56,55.59,44.876
2026-02-26 20:00:00+00:00,55.82,55.82,55.22,55.43,4.15
2026-02-27 00:00:00+00:00,55.57,56.2,55.44,56.07,43.875
2026-02-27 04:00:00+00:00,56.22,56.35,55.78,55.99,4.495
2026-02-27 08:00:00+00:00,56.06,56.06,54.91,54.91,22.618
2026-02-27 12:00:00+00:00,54.73,55.06,54.48,54.72,25.32
2026-02-27 16:00:00+00:00,54.44,54.57,53.87,54.14,36.856
2026-02-27 20:00:00+00:00,53.74,54.55,53.47,54.55,31.434
2026-02-28 00:00:00+00:00,54.65,54.89,54.51,54.63,17.202
2026-02-28 04:00:00+00:00,54.6,54.65,51.67,52.52,46.257
2026-02-28 08:00:00+00:00,51.94,52.12,51.55,51.89,5.9
2026-02-28 12:00:00+00:00,51.75,52.92,51.75,52.6,25.658
2026-02-28 16:00:00+00:00,52.64,54.13,52.64,54.04,52.307
2026-02-28 20:00:00+00:00,54.1,55.26,52.25,54.49,220.855
2026-03-01 00:00:00+00:00,54.21,55.73,53.87,54.81,18.255
2026-03-01 04:00:00+00:00,54.69,54.96,54.32,54.48,4.651
2026-03-01 08:00:00+00:00,54.55,54.71,53.82,54.16,8.562
2026-03-01 12:00:00+00:00,53.94,54.66,53.81,54.54,54.119
2026-03-01 16:00:00+00:00,54.47,54.47,53.26,53.26,13.258
2026-03-01 20:00:00+00:00,52.93,53.7,52.69,53.23,40.799
2026-03-02 00:00:00+00:00,53.33,54.16,53.22,54.16,29.479
2026-03-02 04:00:00+00:00,54.15,54.17,53.22,53.33,9.638
2026-03-02 08:00:00+00:00,53.23,53.7,53.1,53.44,74.507
2026-03-02 12:00:00+00:00,53.33,55.34,53.08,54.97,26.555
2026-03-02 16:00:00+00:00,54.92,55.54,54.22,54.88,127.775
2026-03-02 20:00:00+00:00,55.01,55.25,54.58,54.58,65.071
2026-03-03 00:00:00+00:00,54.77,54.77,54.25,54.25,23.401
2026-03-03 04:00:00+00:00,54.11,55.51,53.76,54.12,106.701
2026-03-03 08:00:00+00:00,53.94,53.94,53.24,53.24,51.672
2026-03-03 12:00:00+00:00,53.93,54.36,53.16,54.09,38.551
2026-03-03 16:00:00+00:00,54.68,55.07,54.29,54.79,18.641
2026-03-03 20:00:00+00:00,54.79,55.19,54.45,54.99,42.711
2026-03-04 00:00:00+00:00,54.8,55.7,54.38,55.24,13.021
2026-03-04 04:00:00+00:00,54.68,55.53,54.41,54.64,8.813
2026-03-04 08:00:00+00:00,55.29,56.6,55.29,56.2,37.21
2026-03-04 12:00:00+00:00,55.8,56.44,55.34,56.42,27.495
2026-03-04 16:00:00+00:00,57.05,57.66,56.5,57.44,69.975
2026-03-04 20:00:00+00:00,57.27,57.44,56.51,56.89,54.749
2026-03-05 00:00:00+00:00,56.66,57.59,56.47,56.49,26.177
2026-03-05 04:00:00+00:00,56.47,57.45,55.81,57.45,22.089
2026-03-05 08:00:00+00:00,56.3,56.74,56.08,56.08,14.531
2026-03-05 12:00:00+00:00,55.88,56.44,55.67,56.0,114.177
2026-03-05 16:00:00+00:00,55.42,55.68,55.11,55.44,35.57
2026-03-05 20:00:00+00:00,55.31,55.88,55.31,55.63,15.675
2026-03-06 00:00:00+00:00,55.54,57.48,55.41,57.48,10.704
2026-03-06 04:00:00+00:00,55.63,55.63,55.19,55.19,1.975
2026-03-06 08:00:00+00:00,55.59,55.59,55.2,55.21,0.722
2026-03-06 12:00:00+00:00,54.94,54.94,53.64,53.68,20.349
2026-03-06 16:00:00+00:00,53.65,53.8,53.12,53.61,21.221
2026-03-06 20:00:00+00:00,53.71,54.06,53.7,54.06,38.005
2026-03-07 00:00:00+00:00,53.81,54.07,53.81,53.94,20.007
2026-03-07 04:00:00+00:00,53.74,53.8,53.52,53.52,2.622
2026-03-07 08:00:00+00:00,53.72,54.23,53.72,54.03,17.865
2026-03-07 12:00:00+00:00,53.96,54.06,53.75,53.75,13.815
2026-03-07 16:00:00+00:00,53.74,53.92,53.31,53.31,35.431
2026-03-07 20:00:00+00:00,53.47,53.68,53.3,53.55,17.134
2026-03-08 00:00:00+00:00,53.63,53.74,53.06,53.22,34.805
2026-03-08 04:00:00+00:00,53.22,53.38,52.87,53.17,169.334
2026-03-08 08:00:00+00:00,53.05,53.86,52.69,53.55,179.454
2026-03-08 12:00:00+00:00,53.71,53.71,52.66,52.66,49.465
2026-03-08 16:00:00+00:00,52.69,53.11,52.26,53.1,25.844
2026-03-08 20:00:00+00:00,53.06,53.19,51.96,52.59,76.692
2026-03-09 00:00:00+00:00,52.9,53.78,52.54,53.31,36.079
2026-03-09 04:00:00+00:00,53.4,54.03,52.87,53.28,10.413
2026-03-09 08:00:00+00:00,53.29,53.49,53.24,53.49,3.83
2026-03-09 12:00:00+00:00,53.54,54.23,53.54,53.75,51.097
2026-03-09 16:00:00+00:00,53.89,55.06,53.61,54.29,26.46
2026-03-09 20:00:00+00:00,54.22,55.13,52.85,54.56,58.244
2026-03-10 00:00:00+00:00,53.76,66.5,53.75,54.15,265.649
2026-03-10 04:00:00+00:00,54.15,54.26,53.91,54.15,133.997
2026-03-10 08:00:00+00:00,54.14,54.68,53.77,54.18,19.97
2026-03-10 12:00:00+00:00,54.1,55.34,53.98,54.73,199.749
2026-03-10 16:00:00+00:00,54.85,55.36,53.68,53.84,61.366
2026-03-10 20:00:00+00:00,53.84,54.11,53.47,53.81,48.267
2026-03-11 00:00:00+00:00,53.86,59.05,53.75,54.72,67.027
2026-03-11 04:00:00+00:00,53.87,54.13,53.52,53.77,19.056
2026-03-11 08:00:00+00:00,53.87,53.98,53.67,53.88,28.27
2026-03-11 12:00:00+00:00,53.8,55.03,53.76,54.72,41.922
2026-03-11 16:00:00+00:00,54.66,55.56,54.62,55.05,39.811
2026-03-11 20:00:00+00:00,54.91,55.45,54.13,54.81,5.961
2026-03-12 00:00:00+00:00,54.86,55.03,54.11,54.11,8.79
2026-03-12 04:00:00+00:00,54.13,54.29,53.93,54.17,31.097
2026-03-12 08:00:00+00:00,54.38,54.61,54.12,54.51,11.598
2026-03-12 12:00:00+00:00,54.43,54.46,53.98,54.33,4.868
2026-03-12 16:00:00+00:00,54.35,55.38,53.58,54.42,10.273
2026-03-12 20:00:00+00:00,54.31,55.38,54.04,54.97,13.966
2026-03-13 00:00:00+00:00,54.99,55.46,54.9,55.32,20.936
2026-03-13 04:00:00+00:00,55.37,55.37,55.08,55.08,1.293
2026-03-13 08:00:00+00:00,55.33,56.27,55.27,56.08,17.864
2026-03-13 12:00:00+00:00,56.24,56.81,55.25,55.25,85.331
2026-03-13 16:00:00+00:00,55.25,55.93,55.25,55.57,53.912
2026-03-13 20:00:00+00:00,55.57,56.35,55.13,55.27,27.425
2026-03-14 00:00:00+00:00,55.22,55.72,55.13,55.72,132.955
2026-03-14 04:00:00+00:00,55.78,55.78,54.66,54.66,394.884
2026-03-14 08:00:00+00:00,54.68,54.74,54.47,54.72,55.505
2026-03-14 12:00:00+00:00,54.61,54.79,54.37,54.47,34.678
2026-03-14 16:00:00+00:00,54.55,54.93,54.5,54.82,12.625
2026-03-14 20:00:00+00:00,54.59,54.87,54.59,54.87,6.133
2026-03-15 00:00:00+00:00,54.87,55.09,54.78,55.09,11.28
2026-03-15 04:00:00+00:00,55.2,55.26,55.11,55.24,67.335
2026-03-15 08:00:00+00:00,55.29,55.67,55.26,55.41,26.4
2026-03-15 12:00:00+00:00,55.4,55.51,55.08,55.11,19.862
2026-03-15 16:00:00+00:00,55.06,55.31,55.06,55.31,10.366
2026-03-15 20:00:00+00:00,55.24,56.54,55.13,56.3,26.157
2026-03-16 00:00:00+00:00,56.26,56.93,55.78,56.66,30.825
2026-03-16 04:00:00+00:00,56.72,57.67,56.7,57.48,39.171
2026-03-16 08:00:00+00:00,57.68,57.95,57.11,57.38,16.481
2026-03-16 12:00:00+00:00,57.39,58.19,57.28,58.13,30.401
2026-03-16 16:00:00+00:00,57.86,58.8,57.8,58.36,96.319
2026-03-16 20:00:00+00:00,58.36,58.91,58.3,58.61,133.514
2026-03-17 00:00:00+00:00,59.0,59.24,58.05,58.05,67.587
2026-03-17 04:00:00+00:00,57.72,58.0,57.53,57.87,3.896
2026-03-17 08:00:00+00:00,57.97,57.97,57.73,57.87,9.227
2026-03-17 12:00:00+00:00,57.66,58.28,57.47,58.01,18.858
2026-03-17 16:00:00+00:00,58.12,58.58,58.12,58.46,33.333
2026-03-17 20:00:00+00:00,58.22,58.6,57.97,58.21,23.14
2026-03-18 00:00:00+00:00,58.03,58.65,57.72,58.65,21.757
2026-03-18 04:00:00+00:00,57.92,58.14,57.92,57.99,2.267
2026-03-18 08:00:00+00:00,57.71,58.77,56.45,56.56,24.743
2026-03-18 12:00:00+00:00,56.43,56.43,55.4,55.7,50.189
2026-03-18 16:00:00+00:00,55.56,57.37,55.56,55.8,79.741
2026-03-18 20:00:00+00:00,55.55,56.31,55.49,56.02,29.236
2026-03-19 00:00:00+00:00,56.09,57.48,55.82,56.08,9.374
2026-03-19 04:00:00+00:00,55.68,55.84,55.08,55.48,7.76
2026-03-19 08:00:00+00:00,55.19,55.61,55.19,55.56,17.424
2026-03-19 12:00:00+00:00,55.25,55.35,54.72,54.78,42.463
2026-03-19 16:00:00+00:00,54.94,55.73,54.94,55.63,9.059
2026-03-19 20:00:00+00:00,55.83,55.92,55.42,55.45,20.204
2026-03-20 00:00:00+00:00,55.62,56.3,55.6,56.3,6.83
2026-03-20 04:00:00+00:00,56.0,56.51,55.71,55.94,6.914
2026-03-20 08:00:00+00:00,56.0,56.51,55.53,55.63,31.945
2026-03-20 12:00:00+00:00,55.3,55.56,55.22,55.28,14.46
2026-03-20 16:00:00+00:00,55.43,55.58,55.28,55.39,6.505
2026-03-20 20:00:00+00:00,55.61,56.18,55.31,56.16,15.452
2026-03-21 00:00:00+00:00,56.2,56.43,56.13,56.27,26.801
2026-03-21 04:00:00+00:00,56.19,56.52,55.96,56.3,14.912
2026-03-21 08:00:00+00:00,56.43,56.43,56.04,56.12,6.563
2026-03-21 12:00:00+00:00,55.93,56.0,55.62,55.73,19.359
2026-03-21 16:00:00+00:00,55.66,56.16,55.6,55.86,16.415
2026-03-21 20:00:00+00:00,55.86,55.97,54.48,54.48,42.118
2026-03-22 00:00:00+00:00,54.45,54.87,53.75,54.79,58.454
2026-03-22 04:00:00+00:00,54.81,54.81,54.59,54.67,151.013
2026-03-22 08:00:00+00:00,54.21,54.29,53.92,53.92,24.822
2026-03-22 12:00:00+00:00,54.23,54.29,54.06,54.2,11.743
2026-03-22 16:00:00+00:00,54.19,54.19,53.74,53.74,13.062
2026-03-22 20:00:00+00:00,53.66,56.77,53.2,53.72,37.76
2026-03-23 00:00:00+00:00,53.62,55.11,53.14,53.92,161.572
2026-03-23 04:00:00+00:00,54.27,55.02,53.34,53.64,15.038
2026-03-23 08:00:00+00:00,53.85,56.1,53.61,54.95,92.745
2026-03-23 12:00:00+00:00,54.84,55.91,54.75,55.12,70.155
2026-03-23 16:00:00+00:00,55.12,55.58,55.12,55.41,15.414
2026-03-23 20:00:00+00:00,55.29,56.02,55.29,55.69,35.879
2026-03-24 00:00:00+00:00,55.65,55.72,55.1,55.58,208.279
2026-03-24 04:00:00+00:00,55.55,55.81,55.35,55.81,10.19
2026-03-24 08:00:00+00:00,55.78,56.0,55.7,55.84,15.477
2026-03-24 12:00:00+00:00,55.66,55.77,55.66,55.72,1.203
