timestamp,open,high,low,close,volume
2025-03-24 16:00:00+00:00,2.958,2.958,2.929,2.937,445.2
2025-03-24 20:00:00+00:00,2.938,2.938,2.901,2.901,300.0
2025-03-25 00:00:00+00:00,2.938,2.944,2.938,2.944,11.2
2025-03-25 04:00:00+00:00,2.922,2.922,2.922,2.922,166.8
2025-03-25 08:00:00+00:00,2.931,2.987,2.931,2.987,153.0
2025-03-25 12:00:00+00:00,2.988,3.019,2.988,3.019,93.7
2025-03-25 16:00:00+00:00,3.002,3.058,3.002,3.058,79.6
2025-03-25 20:00:00+00:00,3.06,3.073,3.016,3.027,100.1
2025-03-26 00:00:00+00:00,3.045,3.062,3.035,3.035,161.0
2025-03-26 04:00:00+00:00,3.063,3.063,3.063,3.063,1.3
2025-03-26 08:00:00+00:00,3.063,3.063,3.063,3.063,0.0
2025-03-26 12:00:00+00:00,3.011,3.024,2.981,2.981,79.2
2025-03-26 16:00:00+00:00,2.975,2.978,2.941,2.941,755.4
2025-03-26 20:00:00+00:00,2.987,3.017,2.987,3.017,148.0
2025-03-27 00:00:00+00:00,3.017,3.082,3.014,3.082,292.0
2025-03-27 04:00:00+00:00,3.059,3.059,2.995,2.995,72.9
2025-03-27 08:00:00+00:00,2.992,2.992,2.981,2.981,48.0
2025-03-27 12:00:00+00:00,2.976,3.011,2.941,3.011,292.4
2025-03-27 16:00:00+00:00,2.998,3.034,2.998,3.026,210.6
2025-03-27 20:00:00+00:00,3.034,3.034,3.034,3.034,10.5
2025-03-28 00:00:00+00:00,2.987,2.991,2.978,2.978,35.7
2025-03-28 04:00:00+00:00,2.974,2.974,2.813,2.813,550.5
2025-03-28 08:00:00+00:00,2.809,2.809,2.77,2.789,93.8
2025-03-28 12:00:00+00:00,2.766,2.766,2.728,2.728,386.2
2025-03-28 16:00:00+00:00,2.739,2.753,2.708,2.708,122.0
2025-03-28 20:00:00+00:00,2.708,2.739,2.675,2.739,179.2
2025-03-29 00:00:00+00:00,2.744,2.755,2.733,2.755,155.1
2025-03-29 04:00:00+00:00,2.761,2.767,2.661,2.661,196.0
2025-03-29 08:00:00+00:00,2.659,2.659,2.594,2.594,502.9
2025-03-29 12:00:00+00:00,2.651,2.651,2.581,2.581,177.2
2025-03-29 16:00:00+00:00,2.574,2.574,2.522,2.552,246.6
2025-03-29 20:00:00+00:00,2.522,2.567,2.522,2.567,450.1
2025-03-30 00:00:00+00:00,2.582,2.661,2.582,2.617,189.4
2025-03-30 04:00:00+00:00,2.613,2.613,2.602,2.602,22.3
2025-03-30 08:00:00+00:00,2.654,2.73,2.654,2.73,392.3
2025-03-30 12:00:00+00:00,2.734,2.77,2.621,2.641,652.7
2025-03-30 16:00:00+00:00,2.613,2.664,2.593,2.664,144.4
2025-03-30 20:00:00+00:00,2.613,2.613,2.565,2.572,138.3
2025-03-31 00:00:00+00:00,2.582,2.613,2.542,2.572,1433.3
2025-03-31 04:00:00+00:00,2.568,2.612,2.532,2.532,300.1
2025-03-31 08:00:00+00:00,2.526,2.545,2.476,2.545,178.0
2025-03-31 12:00:00+00:00,2.55,2.623,2.515,2.616,808.5
2025-03-31 16:00:00+00:00,2.572,2.592,2.515,2.515,157.1
2025-03-31 20:00:00+00:00,2.51,2.523,2.493,2.523,291.5
2025-04-01 00:00:00+00:00,2.488,2.573,2.487,2.573,102.4
2025-04-01 04:00:00+00:00,2.533,2.582,2.533,2.582,22.1
2025-04-01 08:00:00+00:00,2.584,2.652,2.564,2.652,203.4
2025-04-01 12:00:00+00:00,2.627,2.693,2.587,2.684,338.1
2025-04-01 16:00:00+00:00,2.684,2.684,2.684,2.684,0.0
2025-04-01 20:00:00+00:00,2.694,2.694,2.694,2.694,4.4
2025-04-02 00:00:00+00:00,2.635,2.667,2.581,2.581,449.5
2025-04-02 04:00:00+00:00,2.574,2.574,2.517,2.559,481.4
2025-04-02 08:00:00+00:00,2.581,2.606,2.54,2.606,103.4
2025-04-02 12:00:00+00:00,2.612,2.714,2.612,2.714,237.3
2025-04-02 16:00:00+00:00,2.722,2.724,2.611,2.643,365.6
2025-04-02 20:00:00+00:00,2.64,2.747,2.409,2.449,1190.0
2025-04-03 00:00:00+00:00,2.466,2.544,2.466,2.511,508.1
2025-04-03 04:00:00+00:00,2.491,2.491,2.455,2.455,366.6
2025-04-03 08:00:00+00:00,2.461,2.461,2.374,2.374,527.2
2025-04-03 12:00:00+00:00,2.367,2.435,2.366,2.384,300.6
2025-04-03 16:00:00+00:00,2.397,2.477,2.396,2.477,288.1
2025-04-03 20:00:00+00:00,2.483,2.515,2.435,2.515,171.4
2025-04-04 00:00:00+00:00,2.472,2.511,2.46,2.472,894.0
2025-04-04 04:00:00+00:00,2.472,2.55,2.449,2.55,320.2
2025-04-04 08:00:00+00:00,2.55,2.57,2.404,2.405,556.9
2025-04-04 12:00:00+00:00,2.453,2.51,2.433,2.487,184.3
2025-04-04 16:00:00+00:00,2.452,2.515,2.433,2.486,161.3
2025-04-04 20:00:00+00:00,2.52,2.52,2.52,2.52,4.6
2025-04-05 00:00:00+00:00,2.521,2.522,2.499,2.499,16.3
2025-04-05 04:00:00+00:00,2.472,2.472,2.465,2.465,13.9
2025-04-05 08:00:00+00:00,2.461,2.461,2.456,2.457,23.2
2025-04-05 12:00:00+00:00,2.457,2.457,2.419,2.419,300.6
2025-04-05 16:00:00+00:00,2.418,2.418,2.413,2.413,27.8
2025-04-05 20:00:00+00:00,2.412,2.444,2.404,2.444,118.5
2025-04-06 00:00:00+00:00,2.444,2.444,2.444,2.444,0.0
2025-04-06 04:00:00+00:00,2.409,2.409,2.396,2.396,343.9
2025-04-06 08:00:00+00:00,2.391,2.411,2.377,2.377,245.2
2025-04-06 12:00:00+00:00,2.375,2.375,2.299,2.36,1202.8
2025-04-06 16:00:00+00:00,2.326,2.334,2.159,2.194,4256.2
2025-04-06 20:00:00+00:00,2.195,2.197,2.113,2.17,5078.5
2025-04-07 00:00:00+00:00,2.154,2.22,2.094,2.12,1016.0
2025-04-07 04:00:00+00:00,2.142,2.163,1.988,1.988,2941.2
2025-04-07 08:00:00+00:00,2.003,2.087,1.988,2.019,464.1
2025-04-07 12:00:00+00:00,2.057,2.249,1.993,2.153,1425.4
2025-04-07 16:00:00+00:00,2.12,2.123,2.05,2.107,794.9
2025-04-07 20:00:00+00:00,2.128,2.147,2.118,2.145,605.7
2025-04-08 00:00:00+00:00,2.099,2.163,2.069,2.115,447.9
2025-04-08 04:00:00+00:00,2.134,2.134,2.081,2.09,226.4
2025-04-08 08:00:00+00:00,2.076,2.153,2.058,2.153,216.3
2025-04-08 12:00:00+00:00,2.137,2.138,2.058,2.078,746.4
2025-04-08 16:00:00+00:00,2.056,2.056,1.884,1.9,1078.2
2025-04-08 20:00:00+00:00,1.902,1.916,1.879,1.913,274.9
2025-04-09 00:00:00+00:00,1.909,1.921,1.825,1.844,872.4
2025-04-09 04:00:00+00:00,1.886,1.93,1.882,1.913,332.5
2025-04-09 08:00:00+00:00,1.922,1.922,1.848,1.849,268.1
2025-04-09 12:00:00+00:00,1.844,1.921,1.831,1.907,217.7
2025-04-09 16:00:00+00:00,1.925,2.143,1.925,2.069,2090.2
2025-04-09 20:00:00+00:00,2.09,2.149,2.09,2.124,1115.9
2025-04-10 00:00:00+00:00,2.099,2.141,2.027,2.027,248.8
2025-04-10 04:00:00+00:00,2.063,2.087,2.063,2.087,72.7
2025-04-10 08:00:00+00:00,2.046,2.046,2.031,2.031,104.4
2025-04-10 12:00:00+00:00,2.077,2.081,1.94,1.94,281.2
2025-04-10 16:00:00+00:00,1.982,1.993,1.97,1.993,320.1
2025-04-10 20:00:00+00:00,2.002,2.015,2.0,2.015,61.1
2025-04-11 00:00:00+00:00,2.018,2.045,2.018,2.045,86.3
2025-04-11 04:00:00+00:00,2.038,2.05,2.033,2.05,46.0
2025-04-11 08:00:00+00:00,2.053,2.077,2.025,2.077,58.0
2025-04-11 12:00:00+00:00,2.052,2.087,2.048,2.08,2242.2
2025-04-11 16:00:00+00:00,2.073,2.107,2.073,2.107,50.4
2025-04-11 20:00:00+00:00,2.109,2.116,2.109,2.116,36.4
2025-04-12 00:00:00+00:00,2.069,2.069,2.067,2.067,31.7
2025-04-12 04:00:00+00:00,2.114,2.132,2.112,2.132,106.0
2025-04-12 08:00:00+00:00,2.136,2.147,2.099,2.103,128.0
2025-04-12 12:00:00+00:00,2.147,2.208,2.146,2.206,2397.4
2025-04-12 16:00:00+00:00,2.214,2.228,2.187,2.218,709.3
2025-04-12 20:00:00+00:00,2.209,2.231,2.209,2.222,388.6
2025-04-13 00:00:00+00:00,2.222,2.222,2.222,2.222,0.0
2025-04-13 04:00:00+00:00,2.181,2.222,2.159,2.159,73.9
2025-04-13 08:00:00+00:00,2.167,2.167,2.167,2.167,7.1
2025-04-13 12:00:00+00:00,2.156,2.158,2.13,2.13,111.2
2025-04-13 16:00:00+00:00,2.181,2.242,2.126,2.126,563.8
2025-04-13 20:00:00+00:00,2.164,2.164,2.081,2.081,173.3
2025-04-14 00:00:00+00:00,2.102,2.183,2.101,2.109,352.3
2025-04-14 04:00:00+00:00,2.105,2.144,2.081,2.125,152.0
2025-04-14 08:00:00+00:00,2.128,2.204,2.128,2.194,438.5
2025-04-14 12:00:00+00:00,2.2,2.204,2.101,2.101,1007.6
2025-04-14 16:00:00+00:00,2.144,2.174,2.122,2.174,996.3
2025-04-14 20:00:00+00:00,2.128,2.13,2.102,2.102,120.7
2025-04-15 00:00:00+00:00,2.101,2.125,2.088,2.125,76.2
2025-04-15 04:00:00+00:00,2.136,2.136,2.136,2.136,4.4
2025-04-15 08:00:00+00:00,2.106,2.106,2.09,2.09,67.5
2025-04-15 12:00:00+00:00,2.088,2.138,2.058,2.058,380.3
2025-04-15 16:00:00+00:00,2.071,2.071,2.031,2.031,112.6
2025-04-15 20:00:00+00:00,2.045,2.045,2.019,2.019,22.1
2025-04-16 00:00:00+00:00,2.026,2.055,2.025,2.052,95.8
2025-04-16 04:00:00+00:00,2.032,2.032,2.007,2.007,99.0
2025-04-16 08:00:00+00:00,2.004,2.032,1.996,2.009,78.2
2025-04-16 12:00:00+00:00,2.0,2.056,1.989,2.016,367.3
2025-04-16 16:00:00+00:00,2.019,2.019,1.916,1.996,907.4
2025-04-16 20:00:00+00:00,2.003,2.004,1.958,1.958,29.0
2025-04-17 00:00:00+00:00,1.978,1.978,1.972,1.972,31.8
2025-04-17 04:00:00+00:00,1.988,2.033,1.988,2.033,145.8
2025-04-17 08:00:00+00:00,2.034,2.041,2.014,2.026,479.9
2025-04-17 12:00:00+00:00,2.045,2.045,2.019,2.019,110.4
2025-04-17 16:00:00+00:00,2.035,2.094,2.035,2.049,966.1
2025-04-17 20:00:00+00:00,2.049,2.053,2.035,2.053,47.9
2025-04-18 00:00:00+00:00,2.031,2.068,2.027,2.056,598.9
2025-04-18 04:00:00+00:00,2.068,2.077,2.054,2.054,191.2
2025-04-18 08:00:00+00:00,2.081,2.087,2.069,2.069,4652.6
2025-04-18 12:00:00+00:00,2.053,2.083,2.053,2.083,20.6
2025-04-18 16:00:00+00:00,2.081,2.081,2.081,2.081,2.4
2025-04-18 20:00:00+00:00,2.081,2.081,2.081,2.081,0.0
2025-04-19 00:00:00+00:00,2.087,2.097,2.087,2.092,15.3
2025-04-19 04:00:00+00:00,2.098,2.109,2.098,2.109,27.1
2025-04-19 08:00:00+00:00,2.114,2.12,2.098,2.098,223.5
2025-04-19 12:00:00+00:00,2.123,2.13,2.123,2.13,18.2
2025-04-19 16:00:00+00:00,2.131,2.17,2.131,2.16,120.5
2025-04-19 20:00:00+00:00,2.172,2.197,2.166,2.175,292.2
2025-04-20 00:00:00+00:00,2.186,2.196,2.171,2.171,162.2
2025-04-20 04:00:00+00:00,2.203,2.205,2.203,2.205,23.4
2025-04-20 08:00:00+00:00,2.171,2.171,2.147,2.147,1570.4
2025-04-20 12:00:00+00:00,2.162,2.183,2.162,2.183,19.0
2025-04-20 16:00:00+00:00,2.197,2.249,2.197,2.249,204.4
2025-04-20 20:00:00+00:00,2.25,2.265,2.223,2.255,1771.7
2025-04-21 00:00:00+00:00,2.261,2.311,2.261,2.273,18513.7
2025-04-21 04:00:00+00:00,2.26,2.311,2.26,2.3,1704.9
2025-04-21 08:00:00+00:00,2.319,2.326,2.3,2.3,3918.4
2025-04-21 12:00:00+00:00,2.287,2.288,2.287,2.288,13.9
2025-04-21 16:00:00+00:00,2.274,2.274,2.223,2.248,202.1
2025-04-21 20:00:00+00:00,2.251,2.251,2.211,2.211,51.8
2025-04-22 00:00:00+00:00,2.205,2.231,2.178,2.182,266.8
2025-04-22 04:00:00+00:00,2.181,2.208,2.159,2.208,115.5
2025-04-22 08:00:00+00:00,2.21,2.242,2.181,2.242,193.3
2025-04-22 12:00:00+00:00,2.223,2.331,2.223,2.279,622.6
2025-04-22 16:00:00+00:00,2.283,2.3,2.283,2.297,1042.3
2025-04-22 20:00:00+00:00,2.32,2.42,2.317,2.384,2137.4
2025-04-23 00:00:00+00:00,2.426,2.446,2.397,2.446,1106.7
2025-04-23 04:00:00+00:00,2.453,2.491,2.437,2.491,1163.7
2025-04-23 08:00:00+00:00,2.457,2.506,2.457,2.469,553.7
2025-04-23 12:00:00+00:00,2.511,2.544,2.446,2.446,1261.2
2025-04-23 16:00:00+00:00,2.489,2.521,2.486,2.521,82.7
2025-04-23 20:00:00+00:00,2.496,2.499,2.465,2.497,620.7
2025-04-24 00:00:00+00:00,2.461,2.463,2.402,2.402,376.0
2025-04-24 04:00:00+00:00,2.402,2.41,2.391,2.392,5494.0
2025-04-24 08:00:00+00:00,2.385,2.429,2.364,2.409,239.9
2025-04-24 12:00:00+00:00,2.433,2.582,2.433,2.524,1239.1
2025-04-24 16:00:00+00:00,2.528,2.546,2.491,2.52,3950.4
2025-04-24 20:00:00+00:00,2.52,2.543,2.507,2.543,4567.6
2025-04-25 00:00:00+00:00,2.549,2.568,2.503,2.536,2880.7
2025-04-25 04:00:00+00:00,2.549,2.602,2.549,2.582,4639.2
2025-04-25 08:00:00+00:00,2.576,2.636,2.576,2.594,377.3
2025-04-25 12:00:00+00:00,2.594,2.636,2.574,2.629,1513.6
2025-04-25 16:00:00+00:00,2.609,2.609,2.59,2.591,171.5
2025-04-25 20:00:00+00:00,2.63,2.642,2.6,2.6,1472.9
2025-04-26 00:00:00+00:00,2.642,2.714,2.642,2.714,2139.7
2025-04-26 04:00:00+00:00,2.717,2.723,2.669,2.705,64.5
2025-04-26 08:00:00+00:00,2.668,2.668,2.61,2.61,296.2
2025-04-26 12:00:00+00:00,2.605,2.605,2.56,2.578,150.3
2025-04-26 16:00:00+00:00,2.61,2.617,2.59,2.617,243.5
2025-04-26 20:00:00+00:00,2.621,2.629,2.621,2.629,96.4
2025-04-27 00:00:00+00:00,2.629,2.673,2.59,2.602,4750.5
2025-04-27 04:00:00+00:00,2.597,2.597,2.55,2.55,3673.3
2025-04-27 08:00:00+00:00,2.586,2.59,2.586,2.586,22.3
2025-04-27 12:00:00+00:00,2.55,2.559,2.515,2.559,1533.9
2025-04-27 16:00:00+00:00,2.51,2.51,2.503,2.503,22.8
2025-04-27 20:00:00+00:00,2.513,2.547,2.493,2.493,435.4
2025-04-28 00:00:00+00:00,2.491,2.509,2.432,2.495,1468.3
2025-04-28 04:00:00+00:00,2.504,2.57,2.501,2.57,637.8
2025-04-28 08:00:00+00:00,2.572,2.59,2.554,2.59,84.2
2025-04-28 12:00:00+00:00,2.55,2.55,2.47,2.486,2244.0
2025-04-28 16:00:00+00:00,2.511,2.593,2.511,2.593,555.9
2025-04-28 20:00:00+00:00,2.592,2.632,2.587,2.59,599.3
2025-04-29 00:00:00+00:00,2.584,2.603,2.541,2.557,2065.2
2025-04-29 04:00:00+00:00,2.535,2.6,2.524,2.6,136.5
2025-04-29 08:00:00+00:00,2.606,2.613,2.586,2.586,47.6
2025-04-29 12:00:00+00:00,2.57,2.6,2.561,2.6,27.4
2025-04-29 16:00:00+00:00,2.554,2.554,2.547,2.547,38.8
2025-04-29 20:00:00+00:00,2.547,2.547,2.492,2.492,1543.1
2025-04-30 00:00:00+00:00,2.536,2.536,2.527,2.531,110.1
2025-04-30 04:00:00+00:00,2.541,2.541,2.532,2.537,46.5
2025-04-30 08:00:00+00:00,2.506,2.508,2.501,2.501,165.9
2025-04-30 12:00:00+00:00,2.493,2.493,2.395,2.442,896.3
2025-04-30 16:00:00+00:00,2.436,2.473,2.424,2.473,271.6
2025-04-30 20:00:00+00:00,2.477,2.485,2.477,2.485,8.8
2025-05-01 00:00:00+00:00,2.489,2.499,2.487,2.499,95.4
2025-05-01 04:00:00+00:00,2.499,2.499,2.499,2.499,0.0
2025-05-01 08:00:00+00:00,2.504,2.59,2.504,2.577,1926.9
2025-05-01 12:00:00+00:00,2.568,2.584,2.541,2.584,383.4
2025-05-01 16:00:00+00:00,2.585,2.6,2.574,2.574,106.0
2025-05-01 20:00:00+00:00,2.592,2.592,2.54,2.543,5945.6
2025-05-02 00:00:00+00:00,2.585,2.623,2.58,2.623,185.5
2025-05-02 04:00:00+00:00,2.57,2.57,2.527,2.527,122.0
2025-05-02 08:00:00+00:00,2.534,2.552,2.534,2.552,3.3
2025-05-02 12:00:00+00:00,2.57,2.585,2.57,2.585,660.8
2025-05-02 16:00:00+00:00,2.59,2.612,2.506,2.506,220.9
2025-05-02 20:00:00+00:00,2.522,2.526,2.493,2.504,104.8
2025-05-03 00:00:00+00:00,2.504,2.504,2.47,2.47,146.3
2025-05-03 04:00:00+00:00,2.5,2.504,2.484,2.504,4.8
2025-05-03 08:00:00+00:00,2.465,2.511,2.449,2.449,286.0
2025-05-03 12:00:00+00:00,2.477,2.477,2.477,2.477,40.4
2025-05-03 16:00:00+00:00,2.448,2.466,2.407,2.466,175.7
2025-05-03 20:00:00+00:00,2.466,2.466,2.466,2.466,0.0
2025-05-04 00:00:00+00:00,2.423,2.436,2.409,2.409,154.0
2025-05-04 04:00:00+00:00,2.409,2.418,2.409,2.413,149.8
2025-05-04 08:00:00+00:00,2.402,2.402,2.385,2.396,236.2
2025-05-04 12:00:00+00:00,2.381,2.381,2.354,2.354,492.5
2025-05-04 16:00:00+00:00,2.349,2.349,2.314,2.314,169.1
2025-05-04 20:00:00+00:00,2.351,2.351,2.303,2.303,122.5
2025-05-05 00:00:00+00:00,2.316,2.357,2.316,2.348,603.1
2025-05-05 04:00:00+00:00,2.362,2.383,2.362,2.383,44.1
2025-05-05 08:00:00+00:00,2.391,2.392,2.33,2.33,176.4
2025-05-05 12:00:00+00:00,2.328,2.345,2.309,2.309,56.3
2025-05-05 16:00:00+00:00,2.349,2.366,2.346,2.366,168.3
2025-05-05 20:00:00+00:00,2.309,2.343,2.291,2.343,146.4
2025-05-06 00:00:00+00:00,2.302,2.345,2.276,2.327,1806.7
2025-05-06 04:00:00+00:00,2.331,2.331,2.31,2.31,76.5
2025-05-06 08:00:00+00:00,2.287,2.287,2.276,2.276,2248.8
2025-05-06 12:00:00+00:00,2.276,2.307,2.256,2.281,152.7
2025-05-06 16:00:00+00:00,2.293,2.319,2.266,2.314,276.0
2025-05-06 20:00:00+00:00,2.283,2.336,2.239,2.336,280.4
2025-05-07 00:00:00+00:00,2.343,2.379,2.291,2.318,1514.4
2025-05-07 04:00:00+00:00,2.287,2.327,2.287,2.327,67.0
2025-05-07 08:00:00+00:00,2.342,2.342,2.316,2.316,8.1
2025-05-07 12:00:00+00:00,2.3,2.325,2.274,2.274,223.9
2025-05-07 16:00:00+00:00,2.274,2.291,2.23,2.235,973.1
2025-05-07 20:00:00+00:00,2.255,2.29,2.255,2.29,298.0
2025-05-08 00:00:00+00:00,2.252,2.398,2.252,2.398,448.2
2025-05-08 04:00:00+00:00,2.403,2.445,2.396,2.445,284.7
2025-05-08 08:00:00+00:00,2.45,2.504,2.439,2.504,928.2
2025-05-08 12:00:00+00:00,2.504,2.602,2.501,2.563,15165.6
2025-05-08 16:00:00+00:00,2.602,2.625,2.586,2.625,455.5
2025-05-08 20:00:00+00:00,2.63,2.744,2.63,2.742,14992.2
2025-05-09 00:00:00+00:00,2.744,2.819,2.744,2.756,5676.3
2025-05-09 04:00:00+00:00,2.761,2.893,2.746,2.893,4102.6
2025-05-09 08:00:00+00:00,2.893,2.992,2.854,2.911,8911.7
2025-05-09 12:00:00+00:00,2.909,2.969,2.846,2.893,4150.9
2025-05-09 16:00:00+00:00,2.883,2.914,2.846,2.885,301.0
2025-05-09 20:00:00+00:00,2.909,2.916,2.896,2.897,782.2
2025-05-10 00:00:00+00:00,2.911,2.955,2.883,2.951,408.3
2025-05-10 04:00:00+00:00,2.951,3.0,2.943,2.986,5264.4
2025-05-10 08:00:00+00:00,3.0,3.025,2.929,2.929,1840.8
2025-05-10 12:00:00+00:00,2.958,3.011,2.958,2.97,547.1
2025-05-10 16:00:00+00:00,3.02,3.097,3.017,3.057,3458.0
2025-05-10 20:00:00+00:00,3.099,3.38,3.086,3.363,13443.3
2025-05-11 00:00:00+00:00,3.333,3.364,3.24,3.363,1727.0
2025-05-11 04:00:00+00:00,3.31,3.325,3.17,3.17,870.6
2025-05-11 08:00:00+00:00,3.196,3.23,3.185,3.19,59.6
2025-05-11 12:00:00+00:00,3.226,3.226,3.097,3.097,4638.8
2025-05-11 16:00:00+00:00,3.084,3.181,3.061,3.181,950.6
2025-05-11 20:00:00+00:00,3.135,3.17,3.131,3.17,139.7
2025-05-12 00:00:00+00:00,3.18,3.205,3.104,3.193,798.3
2025-05-12 04:00:00+00:00,3.193,3.341,3.156,3.236,1462.1
2025-05-12 08:00:00+00:00,3.206,3.261,3.169,3.169,265.5
2025-05-12 12:00:00+00:00,3.192,3.346,3.126,3.126,2948.5
2025-05-12 16:00:00+00:00,3.18,3.197,3.027,3.129,1827.4
2025-05-12 20:00:00+00:00,3.119,3.205,3.119,3.197,94.4
2025-05-13 00:00:00+00:00,3.156,3.156,2.9,3.008,2575.4
2025-05-13 04:00:00+00:00,3.025,3.101,3.025,3.063,600.5
2025-05-13 08:00:00+00:00,3.052,3.111,3.052,3.111,566.9
2025-05-13 12:00:00+00:00,3.101,3.167,3.079,3.14,569.5
2025-05-13 16:00:00+00:00,3.149,3.283,3.149,3.242,4669.9
2025-05-13 20:00:00+00:00,3.242,3.257,3.214,3.214,715.3
2025-05-14 00:00:00+00:00,3.214,3.283,3.199,3.199,184.7
2025-05-14 04:00:00+00:00,3.245,3.245,3.189,3.189,22.4
2025-05-14 08:00:00+00:00,3.181,3.191,3.106,3.155,1228.0
2025-05-14 12:00:00+00:00,3.13,3.13,3.053,3.053,127.3
2025-05-14 16:00:00+00:00,3.074,3.08,3.032,3.034,456.8
2025-05-14 20:00:00+00:00,3.053,3.053,3.027,3.05,309.5
2025-05-15 00:00:00+00:00,3.08,3.091,3.009,3.009,163.3
2025-05-15 04:00:00+00:00,3.008,3.025,2.87,2.87,2698.2
2025-05-15 08:00:00+00:00,2.897,2.897,2.846,2.846,182.0
2025-05-15 12:00:00+00:00,2.854,2.917,2.829,2.917,403.6
2025-05-15 16:00:00+00:00,2.942,2.988,2.89,2.89,289.8
2025-05-15 20:00:00+00:00,2.903,2.903,2.829,2.876,160.2
2025-05-16 00:00:00+00:00,2.894,2.93,2.881,2.93,64.8
2025-05-16 04:00:00+00:00,2.942,2.943,2.897,2.904,314.3
2025-05-16 08:00:00+00:00,2.877,2.984,2.877,2.984,97.6
2025-05-16 12:00:00+00:00,2.942,2.942,2.854,2.896,135.6
2025-05-16 16:00:00+00:00,2.852,2.852,2.846,2.846,185.1
2025-05-16 20:00:00+00:00,2.835,2.835,2.777,2.78,612.2
2025-05-17 00:00:00+00:00,2.766,2.771,2.713,2.745,3066.3
2025-05-17 04:00:00+00:00,2.774,2.786,2.763,2.78,50.3
2025-05-17 08:00:00+00:00,2.78,2.78,2.78,2.78,0.0
2025-05-17 12:00:00+00:00,2.724,2.724,2.692,2.692,101.3
2025-05-17 16:00:00+00:00,2.726,2.726,2.667,2.667,90.2
2025-05-17 20:00:00+00:00,2.669,2.714,2.661,2.703,259.5
2025-05-18 00:00:00+00:00,2.713,2.714,2.713,2.714,8.4
2025-05-18 04:00:00+00:00,2.722,2.78,2.722,2.78,195.6
2025-05-18 08:00:00+00:00,2.786,2.81,2.78,2.78,126.4
2025-05-18 12:00:00+00:00,2.753,2.934,2.744,2.934,149.6
2025-05-18 16:00:00+00:00,2.935,2.935,2.702,2.702,1377.6
2025-05-18 20:00:00+00:00,2.694,2.866,2.653,2.866,381.2
2025-05-19 00:00:00+00:00,2.853,2.854,2.702,2.702,133.5
2025-05-19 04:00:00+00:00,2.694,2.729,2.661,2.729,52.2
2025-05-19 08:00:00+00:00,2.691,2.691,2.675,2.675,143.9
2025-05-19 12:00:00+00:00,2.667,2.755,2.653,2.755,138.5
2025-05-19 16:00:00+00:00,2.764,2.807,2.724,2.74,85.9
2025-05-19 20:00:00+00:00,2.745,2.752,2.731,2.751,41.6
2025-05-20 00:00:00+00:00,2.786,2.883,2.759,2.809,522.8
2025-05-20 04:00:00+00:00,2.82,2.82,2.777,2.778,67.0
2025-05-20 08:00:00+00:00,2.766,2.766,2.713,2.713,377.8
2025-05-20 12:00:00+00:00,2.708,2.708,2.702,2.702,7.7
2025-05-20 16:00:00+00:00,2.705,2.755,2.683,2.755,365.0
2025-05-20 20:00:00+00:00,2.763,2.84,2.763,2.837,407.7
2025-05-21 00:00:00+00:00,2.794,2.829,2.766,2.829,210.6
2025-05-21 04:00:00+00:00,2.84,2.859,2.786,2.786,148.2
2025-05-21 08:00:00+00:00,2.777,2.824,2.759,2.824,75.0
2025-05-21 12:00:00+00:00,2.816,2.883,2.816,2.883,67.0
2025-05-21 16:00:00+00:00,2.889,2.956,2.777,2.809,808.6
2025-05-21 20:00:00+00:00,2.823,2.899,2.823,2.899,416.8
2025-05-22 00:00:00+00:00,2.877,3.0,2.877,2.922,1725.0
2025-05-22 04:00:00+00:00,2.918,2.967,2.918,2.967,791.2
2025-05-22 08:00:00+00:00,2.98,3.046,2.979,3.034,796.4
2025-05-22 12:00:00+00:00,2.986,3.094,2.967,3.094,840.1
2025-05-22 16:00:00+00:00,3.058,3.081,3.042,3.081,1814.2
2025-05-22 20:00:00+00:00,3.097,3.097,3.024,3.047,380.8
2025-05-23 00:00:00+00:00,3.097,3.151,3.057,3.151,1554.2
2025-05-23 04:00:00+00:00,3.152,3.152,3.032,3.032,116.2
2025-05-23 08:00:00+00:00,3.08,3.127,2.92,2.92,608.1
2025-05-23 12:00:00+00:00,2.918,2.975,2.846,2.947,706.2
2025-05-23 16:00:00+00:00,2.915,2.952,2.89,2.909,192.1
2025-05-23 20:00:00+00:00,2.904,2.904,2.788,2.788,295.5
2025-05-24 00:00:00+00:00,2.817,2.836,2.814,2.836,410.6
2025-05-24 04:00:00+00:00,2.842,2.843,2.811,2.827,415.6
2025-05-24 08:00:00+00:00,2.812,2.832,2.812,2.832,215.1
2025-05-24 12:00:00+00:00,2.815,2.949,2.796,2.796,2085.4
2025-05-24 16:00:00+00:00,2.794,2.799,2.783,2.783,405.2
2025-05-24 20:00:00+00:00,2.783,2.796,2.764,2.764,1693.3
2025-05-25 00:00:00+00:00,2.764,2.771,2.726,2.759,417.3
2025-05-25 04:00:00+00:00,2.773,2.773,2.763,2.763,24.2
2025-05-25 08:00:00+00:00,2.728,2.728,2.687,2.69,542.0
2025-05-25 12:00:00+00:00,2.683,2.744,2.642,2.642,436.4
2025-05-25 16:00:00+00:00,2.69,2.702,2.659,2.702,184.1
2025-05-25 20:00:00+00:00,2.691,2.812,2.642,2.703,2534.4
2025-05-26 00:00:00+00:00,2.804,2.84,2.791,2.795,1780.3
2025-05-26 04:00:00+00:00,2.842,2.866,2.842,2.848,1538.1
2025-05-26 08:00:00+00:00,2.864,2.868,2.806,2.806,282.7
2025-05-26 12:00:00+00:00,2.802,2.844,2.766,2.829,299.7
2025-05-26 16:00:00+00:00,2.78,2.794,2.749,2.749,174.3
2025-05-26 20:00:00+00:00,2.744,2.777,2.744,2.748,353.6
2025-05-27 00:00:00+00:00,2.74,2.811,2.704,2.811,12085.7
2025-05-27 04:00:00+00:00,2.793,2.857,2.793,2.851,264.4
2025-05-27 08:00:00+00:00,2.866,2.894,2.852,2.852,354.8
2025-05-27 12:00:00+00:00,2.89,2.92,2.829,2.882,520.7
2025-05-27 16:00:00+00:00,2.888,2.905,2.861,2.887,1052.3
2025-05-27 20:00:00+00:00,2.868,2.878,2.809,2.813,528.2
2025-05-28 00:00:00+00:00,2.81,2.83,2.791,2.826,845.3
2025-05-28 04:00:00+00:00,2.829,2.84,2.728,2.84,4267.8
2025-05-28 08:00:00+00:00,2.844,2.875,2.844,2.871,245.9
2025-05-28 12:00:00+00:00,2.875,2.893,2.774,2.8,873.5
2025-05-28 16:00:00+00:00,2.804,2.84,2.744,2.744,436.8
2025-05-28 20:00:00+00:00,2.744,2.873,2.744,2.873,214.2
2025-05-29 00:00:00+00:00,2.879,2.986,2.879,2.986,2119.0
2025-05-29 04:00:00+00:00,2.938,2.962,2.887,2.929,288.3
2025-05-29 08:00:00+00:00,2.941,2.958,2.915,2.958,57.6
2025-05-29 12:00:00+00:00,2.914,2.914,2.819,2.86,631.0
2025-05-29 16:00:00+00:00,2.822,2.834,2.759,2.759,491.3
2025-05-29 20:00:00+00:00,2.806,2.829,2.744,2.744,319.8
2025-05-30 00:00:00+00:00,2.749,2.764,2.587,2.679,2545.4
2025-05-30 04:00:00+00:00,2.665,2.665,2.601,2.601,88.0
2025-05-30 08:00:00+00:00,2.619,2.646,2.608,2.646,93.0
2025-05-30 12:00:00+00:00,2.651,2.651,2.586,2.588,821.8
2025-05-30 16:00:00+00:00,2.581,2.581,2.481,2.543,2129.9
2025-05-30 20:00:00+00:00,2.511,2.514,2.416,2.446,965.4
2025-05-31 00:00:00+00:00,2.411,2.418,2.338,2.369,2007.0
2025-05-31 04:00:00+00:00,2.369,2.418,2.366,2.418,413.7
2025-05-31 08:00:00+00:00,2.393,2.393,2.377,2.377,132.2
2025-05-31 12:00:00+00:00,2.421,2.463,2.421,2.463,73.4
2025-05-31 16:00:00+00:00,2.428,2.458,2.409,2.417,325.4
2025-05-31 20:00:00+00:00,2.417,2.417,2.401,2.401,11.8
2025-06-01 00:00:00+00:00,2.409,2.412,2.391,2.4,152.8
2025-06-01 04:00:00+00:00,2.438,2.438,2.4,2.4,316.5
2025-06-01 08:00:00+00:00,2.386,2.393,2.354,2.393,149.3
2025-06-01 12:00:00+00:00,2.4,2.439,2.4,2.43,284.8
2025-06-01 16:00:00+00:00,2.425,2.466,2.391,2.391,130.3
2025-06-01 20:00:00+00:00,2.445,2.466,2.445,2.464,108.5
2025-06-02 00:00:00+00:00,2.474,2.477,2.422,2.435,18.3
2025-06-02 04:00:00+00:00,2.411,2.411,2.401,2.401,29.9
2025-06-02 08:00:00+00:00,2.398,2.404,2.376,2.383,465.4
2025-06-02 12:00:00+00:00,2.405,2.439,2.405,2.439,30.6
2025-06-02 16:00:00+00:00,2.409,2.442,2.4,2.401,84.9
2025-06-02 20:00:00+00:00,2.438,2.504,2.438,2.501,494.8
2025-06-03 00:00:00+00:00,2.496,2.573,2.496,2.51,306.3
2025-06-03 04:00:00+00:00,2.505,2.513,2.496,2.508,99.1
2025-06-03 08:00:00+00:00,2.486,2.486,2.478,2.478,27.5
2025-06-03 12:00:00+00:00,2.535,2.584,2.535,2.584,197.5
2025-06-03 16:00:00+00:00,2.551,2.585,2.551,2.559,256.7
2025-06-03 20:00:00+00:00,2.534,2.535,2.496,2.527,172.3
2025-06-04 00:00:00+00:00,2.535,2.567,2.535,2.559,98.2
2025-06-04 04:00:00+00:00,2.547,2.547,2.51,2.51,449.9
2025-06-04 08:00:00+00:00,2.554,2.554,2.515,2.515,60.6
2025-06-04 12:00:00+00:00,2.514,2.535,2.472,2.535,1368.9
2025-06-04 16:00:00+00:00,2.496,2.527,2.485,2.527,83.1
2025-06-04 20:00:00+00:00,2.476,2.476,2.428,2.428,90.0
2025-06-05 00:00:00+00:00,2.426,2.454,2.426,2.454,283.2
2025-06-05 04:00:00+00:00,2.465,2.465,2.431,2.457,6.8
2025-06-05 08:00:00+00:00,2.465,2.465,2.465,2.465,3.1
2025-06-05 12:00:00+00:00,2.477,2.515,2.435,2.44,4467.0
2025-06-05 16:00:00+00:00,2.44,2.44,2.302,2.347,717.2
2025-06-05 20:00:00+00:00,2.311,2.311,2.224,2.268,1239.1
2025-06-06 00:00:00+00:00,2.255,2.3,2.255,2.3,78.0
2025-06-06 04:00:00+00:00,2.307,2.316,2.301,2.301,76.1
2025-06-06 08:00:00+00:00,2.299,2.301,2.276,2.28,43.6
2025-06-06 12:00:00+00:00,2.297,2.358,2.297,2.341,1816.7
2025-06-06 16:00:00+00:00,2.311,2.314,2.3,2.3,99.4
2025-06-06 20:00:00+00:00,2.32,2.32,2.32,2.32,0.6
2025-06-07 00:00:00+00:00,2.308,2.383,2.308,2.383,153.0
2025-06-07 04:00:00+00:00,2.388,2.412,2.388,2.412,60.0
2025-06-07 08:00:00+00:00,2.412,2.445,2.396,2.445,650.4
2025-06-07 12:00:00+00:00,2.453,2.46,2.453,2.455,446.6
2025-06-07 16:00:00+00:00,2.42,2.422,2.418,2.418,124.5
2025-06-07 20:00:00+00:00,2.418,2.418,2.418,2.418,827.1
2025-06-08 00:00:00+00:00,2.413,2.413,2.4,2.4,44.9
2025-06-08 04:00:00+00:00,2.398,2.398,2.398,2.398,6.0
2025-06-08 08:00:00+00:00,2.391,2.391,2.374,2.38,54.3
2025-06-08 12:00:00+00:00,2.407,2.445,2.407,2.445,60.1
2025-06-08 16:00:00+00:00,2.44,2.446,2.44,2.446,550.4
2025-06-08 20:00:00+00:00,2.453,2.458,2.42,2.42,33.1
2025-06-09 00:00:00+00:00,2.401,2.401,2.391,2.391,24.4
2025-06-09 04:00:00+00:00,2.385,2.385,2.374,2.377,72.5
2025-06-09 08:00:00+00:00,2.414,2.474,2.408,2.474,175.3
2025-06-09 12:00:00+00:00,2.468,2.468,2.425,2.425,36.0
2025-06-09 16:00:00+00:00,2.477,2.483,2.461,2.461,62.9
2025-06-09 20:00:00+00:00,2.474,2.546,2.474,2.543,503.8
2025-06-10 00:00:00+00:00,2.548,2.567,2.516,2.516,176.7
2025-06-10 04:00:00+00:00,2.515,2.526,2.505,2.526,41.2
2025-06-10 08:00:00+00:00,2.506,2.624,2.505,2.624,470.2
2025-06-10 12:00:00+00:00,2.626,2.657,2.548,2.548,2034.9
2025-06-10 16:00:00+00:00,2.59,2.64,2.578,2.626,488.4
2025-06-10 20:00:00+00:00,2.593,2.661,2.591,2.661,282.9
2025-06-11 00:00:00+00:00,2.662,2.662,2.613,2.634,105.5
2025-06-11 04:00:00+00:00,2.634,2.657,2.634,2.657,50.9
2025-06-11 08:00:00+00:00,2.613,2.622,2.583,2.592,1511.3
2025-06-11 12:00:00+00:00,2.633,2.728,2.633,2.728,818.2
2025-06-11 16:00:00+00:00,2.691,2.702,2.608,2.608,376.3
2025-06-11 20:00:00+00:00,2.605,2.605,2.563,2.563,280.8
2025-06-12 00:00:00+00:00,2.558,2.567,2.515,2.515,479.1
2025-06-12 04:00:00+00:00,2.513,2.513,2.503,2.503,507.3
2025-06-12 08:00:00+00:00,2.5,2.5,2.446,2.446,215.1
2025-06-12 12:00:00+00:00,2.495,2.501,2.457,2.457,167.1
2025-06-12 16:00:00+00:00,2.472,2.5,2.411,2.411,510.5
2025-06-12 20:00:00+00:00,2.409,2.419,2.371,2.374,844.4
2025-06-13 00:00:00+00:00,2.37,2.37,2.172,2.256,3089.9
2025-06-13 04:00:00+00:00,2.224,2.241,2.207,2.241,165.0
2025-06-13 08:00:00+00:00,2.258,2.273,2.207,2.23,1628.5
2025-06-13 12:00:00+00:00,2.215,2.249,2.188,2.249,28696.0
2025-06-13 16:00:00+00:00,2.244,2.273,2.162,2.168,344.8
2025-06-13 20:00:00+00:00,2.189,2.24,2.189,2.24,154.3
2025-06-14 00:00:00+00:00,2.241,2.241,2.216,2.235,30.7
2025-06-14 04:00:00+00:00,2.231,2.236,2.226,2.236,24.7
2025-06-14 08:00:00+00:00,2.221,2.221,2.22,2.22,25.0
2025-06-14 12:00:00+00:00,2.243,2.243,2.19,2.19,26.1
2025-06-14 16:00:00+00:00,2.19,2.207,2.159,2.191,1372.3
2025-06-14 20:00:00+00:00,2.207,2.241,2.207,2.241,112.6
2025-06-15 00:00:00+00:00,2.241,2.244,2.241,2.244,11.6
2025-06-15 04:00:00+00:00,2.244,2.267,2.243,2.243,3480.8
2025-06-15 08:00:00+00:00,2.224,2.224,2.199,2.199,800.9
2025-06-15 12:00:00+00:00,2.241,2.241,2.241,2.241,4921.0
2025-06-15 16:00:00+00:00,2.207,2.217,2.19,2.19,31.4
2025-06-15 20:00:00+00:00,2.188,2.228,2.178,2.228,122.3
2025-06-16 00:00:00+00:00,2.231,2.265,2.231,2.257,174.8
2025-06-16 04:00:00+00:00,2.271,2.319,2.265,2.319,1929.2
2025-06-16 08:00:00+00:00,2.317,2.326,2.306,2.326,52.8
2025-06-16 12:00:00+00:00,2.316,2.356,2.316,2.356,4693.1
2025-06-16 16:00:00+00:00,2.356,2.383,2.356,2.38,10979.5
2025-06-16 20:00:00+00:00,2.383,2.383,2.272,2.272,2720.4
2025-06-17 00:00:00+00:00,2.268,2.296,2.211,2.258,557.1
2025-06-17 04:00:00+00:00,2.259,2.259,2.233,2.233,43.6
2025-06-17 08:00:00+00:00,2.224,2.224,2.19,2.194,2199.6
2025-06-17 12:00:00+00:00,2.194,2.209,2.133,2.156,11522.6
2025-06-17 16:00:00+00:00,2.152,2.189,2.1,2.189,1198.3
2025-06-17 20:00:00+00:00,2.18,2.18,2.121,2.127,304.9
2025-06-18 00:00:00+00:00,2.157,2.157,2.157,2.157,13.1
2025-06-18 04:00:00+00:00,2.17,2.173,2.17,2.173,23.1
2025-06-18 08:00:00+00:00,2.14,2.14,2.088,2.123,185.2
2025-06-18 12:00:00+00:00,2.099,2.152,2.075,2.107,970.4
2025-06-18 16:00:00+00:00,2.14,2.157,2.124,2.124,127.5
2025-06-18 20:00:00+00:00,2.153,2.197,2.153,2.171,637.3
2025-06-19 00:00:00+00:00,2.179,2.207,2.173,2.183,227.0
2025-06-19 04:00:00+00:00,2.182,2.182,2.181,2.182,95.9
2025-06-19 08:00:00+00:00,2.171,2.178,2.167,2.178,17.6
2025-06-19 12:00:00+00:00,2.156,2.179,2.155,2.155,69.4
2025-06-19 16:00:00+00:00,2.165,2.197,2.145,2.184,137.0
2025-06-19 20:00:00+00:00,2.203,2.204,2.203,2.204,10.2
2025-06-20 00:00:00+00:00,2.156,2.156,2.14,2.14,81.8
2025-06-20 04:00:00+00:00,2.133,2.173,2.122,2.173,101.5
2025-06-20 08:00:00+00:00,2.181,2.194,2.165,2.165,57.2
2025-06-20 12:00:00+00:00,2.156,2.156,2.115,2.122,123.3
2025-06-20 16:00:00+00:00,2.114,2.114,2.019,2.075,1123.0
2025-06-20 20:00:00+00:00,2.091,2.105,2.056,2.061,152.6
2025-06-21 00:00:00+00:00,2.091,2.102,2.091,2.1,59.8
2025-06-21 04:00:00+00:00,2.1,2.1,2.1,2.1,0.0
2025-06-21 08:00:00+00:00,2.082,2.082,2.082,2.082,5.6
2025-06-21 12:00:00+00:00,2.061,2.061,2.024,2.046,738.6
2025-06-21 16:00:00+00:00,2.039,2.039,1.987,1.987,221.5
2025-06-21 20:00:00+00:00,1.982,1.991,1.907,1.972,1564.5
2025-06-22 00:00:00+00:00,1.972,2.007,1.927,1.928,1122.8
2025-06-22 04:00:00+00:00,1.949,1.958,1.949,1.958,55.0
2025-06-22 08:00:00+00:00,1.939,1.939,1.9,1.936,162.9
2025-06-22 12:00:00+00:00,1.907,1.907,1.83,1.866,3162.5
2025-06-22 16:00:00+00:00,1.85,1.85,1.833,1.848,88.5
2025-06-22 20:00:00+00:00,1.83,1.893,1.791,1.893,1650.1
2025-06-23 00:00:00+00:00,1.9,1.921,1.892,1.91,191.9
2025-06-23 04:00:00+00:00,1.904,1.937,1.904,1.923,96.5
2025-06-23 08:00:00+00:00,1.915,1.915,1.899,1.909,159.5
2025-06-23 12:00:00+00:00,1.936,1.976,1.922,1.937,1707.3
2025-06-23 16:00:00+00:00,1.932,2.025,1.87,2.025,1929.1
2025-06-23 20:00:00+00:00,2.027,2.141,2.027,2.122,3196.7
2025-06-24 00:00:00+00:00,2.12,2.13,2.116,2.116,202.3
2025-06-24 04:00:00+00:00,2.14,2.207,2.14,2.173,2014.0
2025-06-24 08:00:00+00:00,2.171,2.171,2.171,2.171,11.7
2025-06-24 12:00:00+00:00,2.201,2.202,2.176,2.195,151.2
2025-06-24 16:00:00+00:00,2.207,2.224,2.159,2.159,1056.3
2025-06-24 20:00:00+00:00,2.159,2.159,2.159,2.159,0.0
2025-06-25 00:00:00+00:00,2.19,2.19,2.173,2.178,244.6
2025-06-25 04:00:00+00:00,2.193,2.193,2.171,2.171,19.5
2025-06-25 08:00:00+00:00,2.175,2.186,2.14,2.179,790.6
2025-06-25 12:00:00+00:00,2.188,2.189,2.124,2.124,203.2
2025-06-25 16:00:00+00:00,2.122,2.122,2.121,2.121,10.5
2025-06-25 20:00:00+00:00,2.151,2.166,2.126,2.126,242.3
2025-06-26 00:00:00+00:00,2.124,2.182,2.121,2.156,245.6
2025-06-26 04:00:00+00:00,2.14,2.162,2.129,2.162,55.9
2025-06-26 08:00:00+00:00,2.166,2.166,2.091,2.091,258.5
2025-06-26 12:00:00+00:00,2.09,2.09,2.044,2.076,346.2
2025-06-26 16:00:00+00:00,2.044,2.063,2.021,2.063,1107.8
2025-06-26 20:00:00+00:00,2.07,2.105,2.048,2.048,208.7
2025-06-27 00:00:00+00:00,2.061,2.076,2.028,2.076,132.7
2025-06-27 04:00:00+00:00,2.084,2.104,2.068,2.068,81.0
2025-06-27 08:00:00+00:00,2.078,2.094,2.078,2.094,3.5
2025-06-27 12:00:00+00:00,2.059,2.059,2.056,2.056,18.0
2025-06-27 16:00:00+00:00,2.091,2.125,2.044,2.044,488.7
2025-06-27 20:00:00+00:00,2.076,2.116,2.076,2.116,123.3
2025-06-28 00:00:00+00:00,2.116,2.116,2.116,2.116,0.0
2025-06-28 04:00:00+00:00,2.094,2.094,2.094,2.094,14.8
2025-06-28 08:00:00+00:00,2.09,2.09,2.09,2.09,20.5
2025-06-28 12:00:00+00:00,2.123,2.125,2.123,2.125,23.5
2025-06-28 16:00:00+00:00,2.128,2.157,2.124,2.142,243.6
2025-06-28 20:00:00+00:00,2.14,2.181,2.14,2.171,187.1
2025-06-29 00:00:00+00:00,2.171,2.171,2.14,2.14,73.8
2025-06-29 04:00:00+00:00,2.133,2.141,2.133,2.141,30.3
2025-06-29 08:00:00+00:00,2.139,2.141,2.139,2.141,28.1
2025-06-29 12:00:00+00:00,2.139,2.139,2.115,2.115,73.1
2025-06-29 16:00:00+00:00,2.157,2.157,2.157,2.157,13.1
2025-06-29 20:00:00+00:00,2.163,2.292,2.163,2.288,2773.2
2025-06-30 00:00:00+00:00,2.241,2.251,2.207,2.207,126.2
2025-06-30 04:00:00+00:00,2.208,2.208,2.177,2.177,201.7
2025-06-30 08:00:00+00:00,2.193,2.193,2.166,2.166,180.6
2025-06-30 12:00:00+00:00,2.158,2.159,2.137,2.159,322.2
2025-06-30 16:00:00+00:00,2.133,2.173,2.115,2.173,98.2
2025-06-30 20:00:00+00:00,2.167,2.182,2.154,2.154,31.8
2025-07-01 00:00:00+00:00,2.14,2.152,2.14,2.152,33.2
2025-07-01 04:00:00+00:00,2.133,2.133,2.081,2.114,1320.3
2025-07-01 08:00:00+00:00,2.114,2.114,2.114,2.114,0.0
2025-07-01 12:00:00+00:00,2.08,2.107,2.074,2.104,69.6
2025-07-01 16:00:00+00:00,2.075,2.078,2.031,2.031,507.8
2025-07-01 20:00:00+00:00,2.031,2.05,2.024,2.04,423.6
2025-07-02 00:00:00+00:00,2.039,2.073,2.039,2.073,111.9
2025-07-02 04:00:00+00:00,2.076,2.174,2.076,2.15,302.2
2025-07-02 08:00:00+00:00,2.142,2.142,2.121,2.121,42.4
2025-07-02 12:00:00+00:00,2.123,2.157,2.113,2.146,59.3
2025-07-02 16:00:00+00:00,2.161,2.235,2.161,2.235,1080.8
2025-07-02 20:00:00+00:00,2.235,2.265,2.213,2.213,1389.8
2025-07-03 00:00:00+00:00,2.223,2.265,2.215,2.252,229.7
2025-07-03 04:00:00+00:00,2.273,2.343,2.273,2.324,1056.1
2025-07-03 08:00:00+00:00,2.343,2.358,2.291,2.291,235.7
2025-07-03 12:00:00+00:00,2.302,2.343,2.256,2.256,183.2
2025-07-03 16:00:00+00:00,2.251,2.251,2.25,2.25,70.9
2025-07-03 20:00:00+00:00,2.277,2.285,2.275,2.277,220.0
2025-07-04 00:00:00+00:00,2.277,2.293,2.245,2.245,491.9
2025-07-04 04:00:00+00:00,2.245,2.245,2.178,2.178,319.9
2025-07-04 08:00:00+00:00,2.173,2.181,2.173,2.181,15.2
2025-07-04 12:00:00+00:00,2.172,2.173,2.145,2.154,467.3
2025-07-04 16:00:00+00:00,2.14,2.14,2.105,2.105,166.1
2025-07-04 20:00:00+00:00,2.109,2.127,2.109,2.127,123.4
2025-07-05 00:00:00+00:00,2.14,2.14,2.121,2.131,860.0
2025-07-05 04:00:00+00:00,2.131,2.131,2.131,2.131,0.0
2025-07-05 08:00:00+00:00,2.122,2.122,2.122,2.122,30.3
2025-07-05 12:00:00+00:00,2.122,2.122,2.122,2.122,0.0
2025-07-05 16:00:00+00:00,2.113,2.113,2.101,2.101,98.5
2025-07-05 20:00:00+00:00,2.129,2.157,2.114,2.157,66.2
2025-07-06 00:00:00+00:00,2.135,2.135,2.124,2.124,14.0
2025-07-06 04:00:00+00:00,2.133,2.133,2.133,2.133,2.0
2025-07-06 08:00:00+00:00,2.122,2.141,2.122,2.141,3.0
2025-07-06 12:00:00+00:00,2.157,2.194,2.157,2.168,111.5
2025-07-06 16:00:00+00:00,2.168,2.168,2.168,2.168,11.6
2025-07-06 20:00:00+00:00,2.19,2.215,2.173,2.173,148.7
2025-07-07 00:00:00+00:00,2.184,2.207,2.184,2.207,24.6
2025-07-07 04:00:00+00:00,2.183,2.183,2.166,2.166,166.0
2025-07-07 08:00:00+00:00,2.189,2.19,2.166,2.166,47.8
2025-07-07 12:00:00+00:00,2.156,2.158,2.154,2.158,33.4
2025-07-07 16:00:00+00:00,2.148,2.18,2.14,2.153,235.2
2025-07-07 20:00:00+00:00,2.14,2.15,2.135,2.149,148.6
2025-07-08 00:00:00+00:00,2.159,2.159,2.124,2.132,154.7
2025-07-08 04:00:00+00:00,2.134,2.14,2.134,2.14,33.6
2025-07-08 08:00:00+00:00,2.139,2.173,2.138,2.173,32.1
2025-07-08 12:00:00+00:00,2.176,2.194,2.156,2.156,59.7
2025-07-08 16:00:00+00:00,2.189,2.241,2.189,2.227,514.2
2025-07-08 20:00:00+00:00,2.248,2.258,2.219,2.258,15648.7
2025-07-09 00:00:00+00:00,2.227,2.247,2.209,2.247,144.4
2025-07-09 04:00:00+00:00,2.257,2.267,2.241,2.252,277.0
2025-07-09 08:00:00+00:00,2.267,2.267,2.261,2.266,22.7
2025-07-09 12:00:00+00:00,2.273,2.287,2.252,2.273,201.8
2025-07-09 16:00:00+00:00,2.276,2.336,2.259,2.336,862.3
2025-07-09 20:00:00+00:00,2.34,2.356,2.321,2.356,411.5
2025-07-10 00:00:00+00:00,2.33,2.349,2.317,2.349,281.5
2025-07-10 04:00:00+00:00,2.345,2.386,2.345,2.371,240.7
2025-07-10 08:00:00+00:00,2.36,2.36,2.353,2.36,83.0
2025-07-10 12:00:00+00:00,2.351,2.375,2.339,2.339,39.5
2025-07-10 16:00:00+00:00,2.381,2.434,2.381,2.434,10843.5
2025-07-10 20:00:00+00:00,2.428,2.533,2.419,2.527,4424.4
2025-07-11 00:00:00+00:00,2.507,2.554,2.476,2.554,1378.2
2025-07-11 04:00:00+00:00,2.558,2.6,2.534,2.548,997.1
2025-07-11 08:00:00+00:00,2.542,2.599,2.542,2.579,461.3
2025-07-11 12:00:00+00:00,2.6,2.64,2.544,2.544,1578.4
2025-07-11 16:00:00+00:00,2.583,2.625,2.583,2.612,265.8
2025-07-11 20:00:00+00:00,2.609,2.609,2.465,2.515,625.0
2025-07-12 00:00:00+00:00,2.489,2.546,2.465,2.522,172.7
2025-07-12 04:00:00+00:00,2.505,2.553,2.465,2.496,336.6
2025-07-12 08:00:00+00:00,2.502,2.533,2.501,2.533,18409.8
2025-07-12 12:00:00+00:00,2.501,2.501,2.411,2.411,1335.2
2025-07-12 16:00:00+00:00,2.456,2.491,2.456,2.491,113.3
2025-07-12 20:00:00+00:00,2.49,2.512,2.451,2.512,282.3
2025-07-13 00:00:00+00:00,2.495,2.499,2.473,2.492,20112.4
2025-07-13 04:00:00+00:00,2.489,2.528,2.489,2.528,475.5
2025-07-13 08:00:00+00:00,2.531,2.533,2.501,2.521,56.7
2025-07-13 12:00:00+00:00,2.526,2.582,2.526,2.552,386.1
2025-07-13 16:00:00+00:00,2.553,2.585,2.524,2.562,337.7
2025-07-13 20:00:00+00:00,2.561,2.578,2.506,2.523,1833.6
2025-07-14 00:00:00+00:00,2.526,2.72,2.526,2.641,26535.3
2025-07-14 04:00:00+00:00,2.641,2.694,2.623,2.679,2636.7
2025-07-14 08:00:00+00:00,2.636,2.674,2.629,2.635,346.0
2025-07-14 12:00:00+00:00,2.633,2.687,2.581,2.581,469.4
2025-07-14 16:00:00+00:00,2.615,2.615,2.564,2.564,101.3
2025-07-14 20:00:00+00:00,2.577,2.607,2.544,2.602,870.2
2025-07-15 00:00:00+00:00,2.581,2.581,2.493,2.52,3039.7
2025-07-15 04:00:00+00:00,2.517,2.544,2.45,2.521,6019.1
2025-07-15 08:00:00+00:00,2.496,2.532,2.496,2.515,2074.9
2025-07-15 12:00:00+00:00,2.508,2.58,2.484,2.53,981.0
2025-07-15 16:00:00+00:00,2.564,2.665,2.564,2.576,1391.6
2025-07-15 20:00:00+00:00,2.574,2.67,2.565,2.67,242.6
2025-07-16 00:00:00+00:00,2.669,2.703,2.622,2.622,948.4
2025-07-16 04:00:00+00:00,2.621,2.695,2.613,2.695,280.4
2025-07-16 08:00:00+00:00,2.675,2.677,2.654,2.654,1163.2
2025-07-16 12:00:00+00:00,2.654,2.72,2.654,2.669,568.1
2025-07-16 16:00:00+00:00,2.694,2.801,2.692,2.745,1323.8
2025-07-16 20:00:00+00:00,2.783,2.817,2.73,2.74,1519.5
2025-07-17 00:00:00+00:00,2.75,2.772,2.666,2.666,2352.4
2025-07-17 04:00:00+00:00,2.71,2.77,2.71,2.716,314.9
2025-07-17 08:00:00+00:00,2.758,2.829,2.752,2.78,1540.4
2025-07-17 12:00:00+00:00,2.779,2.85,2.769,2.8,1836.8
2025-07-17 16:00:00+00:00,2.793,2.822,2.751,2.758,965.4
2025-07-17 20:00:00+00:00,2.751,2.857,2.716,2.836,1282.5
2025-07-18 00:00:00+00:00,2.814,2.922,2.8,2.898,1480.1
2025-07-18 04:00:00+00:00,2.893,3.039,2.893,2.952,13412.8
2025-07-18 08:00:00+00:00,2.975,3.006,2.91,2.91,1641.9
2025-07-18 12:00:00+00:00,2.955,2.985,2.818,2.818,1820.8
2025-07-18 16:00:00+00:00,2.866,2.88,2.788,2.817,12192.4
2025-07-18 20:00:00+00:00,2.802,2.815,2.724,2.801,6374.4
2025-07-19 00:00:00+00:00,2.815,2.886,2.746,2.886,776.2
2025-07-19 04:00:00+00:00,2.888,2.917,2.869,2.907,677.5
2025-07-19 08:00:00+00:00,2.866,2.866,2.821,2.821,292.3
2025-07-19 12:00:00+00:00,2.818,2.851,2.793,2.831,4119.8
2025-07-19 16:00:00+00:00,2.838,2.946,2.838,2.925,659.6
2025-07-19 20:00:00+00:00,2.935,2.949,2.888,2.931,2114.2
2025-07-20 00:00:00+00:00,2.921,2.936,2.913,2.925,677.5
2025-07-20 04:00:00+00:00,2.916,2.96,2.892,2.96,470.7
2025-07-20 08:00:00+00:00,2.962,3.001,2.942,3.001,16067.2
2025-07-20 12:00:00+00:00,2.971,3.053,2.97,3.048,1340.6
2025-07-20 16:00:00+00:00,3.053,3.069,3.001,3.039,1365.6
2025-07-20 20:00:00+00:00,3.001,3.001,2.927,2.986,4417.9
2025-07-21 00:00:00+00:00,2.938,3.008,2.913,3.008,608.1
2025-07-21 04:00:00+00:00,3.003,3.059,2.995,3.036,11954.5
2025-07-21 08:00:00+00:00,3.06,3.064,2.993,3.06,2762.7
2025-07-21 12:00:00+00:00,3.013,3.1,3.001,3.043,2594.8
2025-07-21 16:00:00+00:00,3.041,3.062,2.959,2.959,2152.9
2025-07-21 20:00:00+00:00,2.955,3.038,2.95,3.038,360.6
2025-07-22 00:00:00+00:00,3.014,3.049,2.92,2.933,1300.4
2025-07-22 04:00:00+00:00,2.928,2.968,2.871,2.923,1465.0
2025-07-22 08:00:00+00:00,2.92,2.968,2.856,2.947,869.6
2025-07-22 12:00:00+00:00,2.96,2.994,2.871,2.945,1780.6
2025-07-22 16:00:00+00:00,2.99,2.996,2.92,2.92,611.5
2025-07-22 20:00:00+00:00,2.926,3.028,2.926,3.028,1051.8
2025-07-23 00:00:00+00:00,3.034,3.035,2.963,3.015,4957.0
2025-07-23 04:00:00+00:00,3.018,3.028,2.955,2.964,168.4
2025-07-23 08:00:00+00:00,2.954,2.955,2.9,2.9,608.4
2025-07-23 12:00:00+00:00,2.9,2.9,2.751,2.826,1625.5
2025-07-23 16:00:00+00:00,2.785,2.785,2.708,2.767,2229.3
2025-07-23 20:00:00+00:00,2.767,2.767,2.66,2.766,1093.6
2025-07-24 00:00:00+00:00,2.767,2.805,2.763,2.805,236.6
2025-07-24 04:00:00+00:00,2.772,2.772,2.587,2.67,3734.0
2025-07-24 08:00:00+00:00,2.673,2.728,2.633,2.728,407.2
2025-07-24 12:00:00+00:00,2.73,2.828,2.667,2.779,2200.8
2025-07-24 16:00:00+00:00,2.772,2.797,2.71,2.797,827.3
2025-07-24 20:00:00+00:00,2.766,2.801,2.708,2.708,1341.1
2025-07-25 00:00:00+00:00,2.708,2.716,2.623,2.667,7964.4
2025-07-25 04:00:00+00:00,2.613,2.698,2.613,2.649,152.8
2025-07-25 08:00:00+00:00,2.663,2.791,2.635,2.791,1302.9
2025-07-25 12:00:00+00:00,2.792,2.797,2.664,2.664,8147.5
2025-07-25 16:00:00+00:00,2.71,2.752,2.71,2.752,275.7
2025-07-25 20:00:00+00:00,2.73,2.865,2.73,2.857,833.8
2025-07-26 00:00:00+00:00,2.861,2.899,2.85,2.874,3197.3
2025-07-26 04:00:00+00:00,2.857,2.857,2.83,2.838,734.7
2025-07-26 08:00:00+00:00,2.868,2.868,2.84,2.84,51.6
2025-07-26 12:00:00+00:00,2.88,2.88,2.857,2.857,66.0
2025-07-26 16:00:00+00:00,2.886,2.928,2.864,2.925,493.7
2025-07-26 20:00:00+00:00,2.924,2.924,2.895,2.895,223.3
2025-07-27 00:00:00+00:00,2.883,2.912,2.88,2.907,339.8
2025-07-27 04:00:00+00:00,2.931,2.934,2.931,2.933,96.0
2025-07-27 08:00:00+00:00,2.889,2.889,2.88,2.885,36.3
2025-07-27 12:00:00+00:00,2.885,2.885,2.885,2.885,0.0
2025-07-27 16:00:00+00:00,2.933,2.943,2.9,2.9,485.8
2025-07-27 20:00:00+00:00,2.925,2.972,2.896,2.972,439.8
2025-07-28 00:00:00+00:00,2.976,2.99,2.913,2.949,862.4
2025-07-28 04:00:00+00:00,2.941,3.011,2.941,2.99,310.8
2025-07-28 08:00:00+00:00,3.001,3.011,2.941,2.959,270.3
2025-07-28 12:00:00+00:00,2.939,2.939,2.812,2.812,7797.1
2025-07-28 16:00:00+00:00,2.832,2.85,2.765,2.783,480.1
2025-07-28 20:00:00+00:00,2.761,2.779,2.735,2.774,11572.5
2025-07-29 00:00:00+00:00,2.734,2.771,2.681,2.737,1460.0
2025-07-29 04:00:00+00:00,2.742,2.829,2.742,2.829,401.7
2025-07-29 08:00:00+00:00,2.781,2.781,2.735,2.743,356.6
2025-07-29 12:00:00+00:00,2.78,2.797,2.689,2.689,305.3
2025-07-29 16:00:00+00:00,2.683,2.744,2.674,2.685,365.7
2025-07-29 20:00:00+00:00,2.704,2.736,2.658,2.727,543.2
2025-07-30 00:00:00+00:00,2.689,2.733,2.674,2.709,185.2
2025-07-30 04:00:00+00:00,2.727,2.727,2.689,2.689,32.9
2025-07-30 08:00:00+00:00,2.679,2.679,2.613,2.613,453.0
2025-07-30 12:00:00+00:00,2.613,2.674,2.609,2.674,149.5
2025-07-30 16:00:00+00:00,2.661,2.686,2.515,2.633,1474.0
2025-07-30 20:00:00+00:00,2.634,2.654,2.594,2.654,236.1
2025-07-31 00:00:00+00:00,2.661,2.71,2.661,2.71,305.4
2025-07-31 04:00:00+00:00,2.714,2.716,2.701,2.701,58.0
2025-07-31 08:00:00+00:00,2.722,2.803,2.694,2.694,1228.0
2025-07-31 12:00:00+00:00,2.691,2.691,2.593,2.619,636.0
2025-07-31 16:00:00+00:00,2.642,2.695,2.6,2.6,470.4
2025-07-31 20:00:00+00:00,2.601,2.661,2.528,2.528,760.4
2025-08-01 00:00:00+00:00,2.551,2.551,2.47,2.543,2545.9
2025-08-01 04:00:00+00:00,2.513,2.522,2.47,2.47,115.1
2025-08-01 08:00:00+00:00,2.474,2.477,2.434,2.469,483.9
2025-08-01 12:00:00+00:00,2.491,2.51,2.419,2.494,498.7
2025-08-01 16:00:00+00:00,2.495,2.495,2.41,2.466,242.3
2025-08-01 20:00:00+00:00,2.474,2.474,2.361,2.42,667.4
2025-08-02 00:00:00+00:00,2.428,2.439,2.413,2.413,69.9
2025-08-02 04:00:00+00:00,2.438,2.439,2.368,2.42,117.7
2025-08-02 08:00:00+00:00,2.428,2.428,2.374,2.374,265.4
2025-08-02 12:00:00+00:00,2.41,2.411,2.362,2.364,632.8
2025-08-02 16:00:00+00:00,2.351,2.382,2.308,2.346,1120.2
2025-08-02 20:00:00+00:00,2.338,2.504,2.326,2.346,931.7
2025-08-03 00:00:00+00:00,2.326,2.389,2.326,2.389,974.5
2025-08-03 04:00:00+00:00,2.388,2.403,2.388,2.403,134.6
2025-08-03 08:00:00+00:00,2.396,2.439,2.396,2.419,290.6
2025-08-03 12:00:00+00:00,2.412,2.418,2.412,2.412,896.0
2025-08-03 16:00:00+00:00,2.404,2.447,2.404,2.447,34.3
2025-08-03 20:00:00+00:00,2.423,2.456,2.423,2.456,191.8
2025-08-04 00:00:00+00:00,2.457,2.495,2.457,2.465,370.0
2025-08-04 04:00:00+00:00,2.459,2.459,2.459,2.459,8.5
2025-08-04 08:00:00+00:00,2.489,2.489,2.465,2.465,69.3
2025-08-04 12:00:00+00:00,2.494,2.535,2.487,2.535,154.5
2025-08-04 16:00:00+00:00,2.535,2.565,2.507,2.515,1108.8
2025-08-04 20:00:00+00:00,2.515,2.563,2.515,2.563,30.8
2025-08-05 00:00:00+00:00,2.548,2.548,2.505,2.505,290.6
2025-08-05 04:00:00+00:00,2.497,2.497,2.439,2.439,217.5
2025-08-05 08:00:00+00:00,2.477,2.543,2.477,2.543,235.2
2025-08-05 12:00:00+00:00,2.505,2.54,2.459,2.459,774.0
2025-08-05 16:00:00+00:00,2.476,2.476,2.419,2.419,206.5
2025-08-05 20:00:00+00:00,2.429,2.466,2.4,2.466,920.4
2025-08-06 00:00:00+00:00,2.458,2.458,2.4,2.4,1751.8
2025-08-06 04:00:00+00:00,2.398,2.49,2.386,2.49,259.0
2025-08-06 08:00:00+00:00,2.491,2.491,2.473,2.473,21.0
2025-08-06 12:00:00+00:00,2.444,2.515,2.439,2.515,132.0
2025-08-06 16:00:00+00:00,2.48,2.48,2.48,2.48,30.6
2025-08-06 20:00:00+00:00,2.512,2.512,2.489,2.489,3.2
2025-08-07 00:00:00+00:00,2.477,2.486,2.46,2.469,147.0
2025-08-07 04:00:00+00:00,2.509,2.509,2.509,2.509,8.4
2025-08-07 08:00:00+00:00,2.493,2.594,2.493,2.594,1236.0
2025-08-07 12:00:00+00:00,2.603,2.604,2.568,2.568,358.6
2025-08-07 16:00:00+00:00,2.595,2.604,2.534,2.604,483.9
2025-08-07 20:00:00+00:00,2.605,2.646,2.579,2.646,1106.5
2025-08-08 00:00:00+00:00,2.651,2.68,2.613,2.632,2402.6
2025-08-08 04:00:00+00:00,2.664,2.688,2.662,2.688,773.0
2025-08-08 08:00:00+00:00,2.694,2.695,2.694,2.695,138.2
2025-08-08 12:00:00+00:00,2.654,2.713,2.627,2.627,2789.4
2025-08-08 16:00:00+00:00,2.67,2.736,2.67,2.736,177.1
2025-08-08 20:00:00+00:00,2.714,2.717,2.692,2.715,742.2
2025-08-09 00:00:00+00:00,2.72,2.737,2.72,2.737,30.5
2025-08-09 04:00:00+00:00,2.701,2.806,2.701,2.806,851.8
2025-08-09 08:00:00+00:00,2.786,2.82,2.78,2.819,198.8
2025-08-09 12:00:00+00:00,2.822,2.837,2.77,2.793,357.0
2025-08-09 16:00:00+00:00,2.783,2.822,2.77,2.807,620.0
2025-08-09 20:00:00+00:00,2.832,2.852,2.828,2.846,386.8
2025-08-10 00:00:00+00:00,2.855,2.865,2.809,2.825,1023.2
2025-08-10 04:00:00+00:00,2.852,2.854,2.733,2.733,1587.6
2025-08-10 08:00:00+00:00,2.727,2.767,2.699,2.767,349.0
2025-08-10 12:00:00+00:00,2.765,2.786,2.718,2.786,279.5
2025-08-10 16:00:00+00:00,2.74,2.748,2.727,2.727,98.0
2025-08-10 20:00:00+00:00,2.744,2.744,2.695,2.744,307.3
2025-08-11 00:00:00+00:00,2.754,2.818,2.754,2.806,303.6
2025-08-11 04:00:00+00:00,2.818,2.824,2.749,2.749,209.3
2025-08-11 08:00:00+00:00,2.746,2.763,2.65,2.65,715.7
2025-08-11 12:00:00+00:00,2.674,2.795,2.642,2.665,2000.7
2025-08-11 16:00:00+00:00,2.703,2.722,2.63,2.63,396.0
2025-08-11 20:00:00+00:00,2.645,2.645,2.578,2.613,339.6
2025-08-12 00:00:00+00:00,2.62,2.644,2.62,2.62,364.8
2025-08-12 04:00:00+00:00,2.632,2.632,2.593,2.626,42.1
2025-08-12 08:00:00+00:00,2.633,2.637,2.573,2.573,175.9
2025-08-12 12:00:00+00:00,2.613,2.742,2.613,2.742,447.7
2025-08-12 16:00:00+00:00,2.744,2.791,2.741,2.791,367.9
2025-08-12 20:00:00+00:00,2.794,2.819,2.79,2.813,1839.0
2025-08-13 00:00:00+00:00,2.8,2.831,2.758,2.831,624.2
2025-08-13 04:00:00+00:00,2.838,2.855,2.796,2.855,467.5
2025-08-13 08:00:00+00:00,2.86,2.932,2.848,2.893,1199.2
2025-08-13 12:00:00+00:00,2.933,2.943,2.875,2.922,322.9
2025-08-13 16:00:00+00:00,2.933,2.98,2.893,2.978,833.1
2025-08-13 20:00:00+00:00,2.97,3.04,2.959,2.983,1047.1
2025-08-14 00:00:00+00:00,3.028,3.059,2.976,3.006,3955.8
2025-08-14 04:00:00+00:00,3.048,3.056,2.938,3.038,2148.0
2025-08-14 08:00:00+00:00,2.989,3.011,2.916,2.916,1096.6
2025-08-14 12:00:00+00:00,2.914,2.914,2.735,2.815,2609.0
2025-08-14 16:00:00+00:00,2.811,2.811,2.749,2.752,2309.0
2025-08-14 20:00:00+00:00,2.757,2.77,2.699,2.77,876.3
2025-08-15 00:00:00+00:00,2.752,2.801,2.752,2.801,1124.3
2025-08-15 04:00:00+00:00,2.806,2.84,2.779,2.793,605.4
2025-08-15 08:00:00+00:00,2.792,2.792,2.758,2.767,449.9
2025-08-15 12:00:00+00:00,2.756,2.801,2.648,2.648,812.6
2025-08-15 16:00:00+00:00,2.645,2.708,2.632,2.654,616.5
2025-08-15 20:00:00+00:00,2.649,2.731,2.649,2.731,204.2
2025-08-16 00:00:00+00:00,2.736,2.754,2.719,2.719,287.7
2025-08-16 04:00:00+00:00,2.738,2.738,2.716,2.716,57.7
2025-08-16 08:00:00+00:00,2.735,2.735,2.695,2.695,134.8
2025-08-16 12:00:00+00:00,2.733,2.765,2.686,2.765,379.3
2025-08-16 16:00:00+00:00,2.743,2.743,2.741,2.741,119.1
2025-08-16 20:00:00+00:00,2.747,2.753,2.738,2.753,12.2
2025-08-17 00:00:00+00:00,2.725,2.747,2.71,2.746,31.6
2025-08-17 04:00:00+00:00,2.754,2.767,2.726,2.73,218.8
2025-08-17 08:00:00+00:00,2.77,2.794,2.752,2.794,134.9
2025-08-17 12:00:00+00:00,2.795,2.823,2.751,2.823,354.0
2025-08-17 16:00:00+00:00,2.829,2.838,2.716,2.73,1694.6
2025-08-17 20:00:00+00:00,2.718,2.718,2.695,2.695,158.2
2025-08-18 00:00:00+00:00,2.695,2.72,2.568,2.595,1959.7
2025-08-18 04:00:00+00:00,2.595,2.612,2.55,2.55,281.5
2025-08-18 08:00:00+00:00,2.585,2.585,2.564,2.564,4056.5
2025-08-18 12:00:00+00:00,2.587,2.604,2.566,2.579,895.6
2025-08-18 16:00:00+00:00,2.57,2.617,2.554,2.573,507.2
2025-08-18 20:00:00+00:00,2.582,2.619,2.555,2.573,560.1
2025-08-19 00:00:00+00:00,2.568,2.594,2.498,2.498,1931.0
2025-08-19 04:00:00+00:00,2.497,2.535,2.491,2.497,108.5
2025-08-19 08:00:00+00:00,2.498,2.535,2.486,2.535,182.0
2025-08-19 12:00:00+00:00,2.502,2.54,2.472,2.495,867.5
2025-08-19 16:00:00+00:00,2.472,2.478,2.438,2.438,1417.6
2025-08-19 20:00:00+00:00,2.458,2.474,2.421,2.422,1302.1
2025-08-20 00:00:00+00:00,2.436,2.45,2.419,2.45,893.6
2025-08-20 04:00:00+00:00,2.458,2.463,2.438,2.45,496.6
2025-08-20 08:00:00+00:00,2.463,2.482,2.433,2.457,181.5
2025-08-20 12:00:00+00:00,2.477,2.525,2.419,2.501,2699.6
2025-08-20 16:00:00+00:00,2.525,2.555,2.499,2.555,766.3
2025-08-20 20:00:00+00:00,2.556,2.559,2.556,2.559,726.9
2025-08-21 00:00:00+00:00,2.533,2.571,2.516,2.555,329.1
2025-08-21 04:00:00+00:00,2.538,2.555,2.505,2.505,141.8
2025-08-21 08:00:00+00:00,2.502,2.502,2.476,2.476,1829.8
2025-08-21 12:00:00+00:00,2.475,2.505,2.457,2.458,3530.4
2025-08-21 16:00:00+00:00,2.455,2.481,2.444,2.465,1206.1
2025-08-21 20:00:00+00:00,2.476,2.476,2.437,2.468,1286.5
2025-08-22 00:00:00+00:00,2.45,2.478,2.428,2.439,137.9
2025-08-22 04:00:00+00:00,2.439,2.439,2.439,2.439,0.0
2025-08-22 08:00:00+00:00,2.457,2.457,2.413,2.413,633.1
2025-08-22 12:00:00+00:00,2.411,2.609,2.383,2.609,2755.0
2025-08-22 16:00:00+00:00,2.613,2.702,2.605,2.701,1285.4
2025-08-22 20:00:00+00:00,2.701,2.714,2.687,2.71,301.8
2025-08-23 00:00:00+00:00,2.686,2.686,2.613,2.649,1158.6
2025-08-23 04:00:00+00:00,2.654,2.703,2.654,2.666,149.0
2025-08-23 08:00:00+00:00,2.662,2.662,2.662,2.662,41.0
2025-08-23 12:00:00+00:00,2.671,2.671,2.671,2.671,10.9
2025-08-23 16:00:00+00:00,2.662,2.716,2.662,2.716,52.2
2025-08-23 20:00:00+00:00,2.72,2.72,2.688,2.688,20.2
2025-08-24 00:00:00+00:00,2.7,2.71,2.674,2.674,88.9
2025-08-24 04:00:00+00:00,2.689,2.69,2.642,2.649,407.5
2025-08-24 08:00:00+00:00,2.634,2.634,2.584,2.584,555.0
2025-08-24 12:00:00+00:00,2.599,2.654,2.599,2.649,86.1
2025-08-24 16:00:00+00:00,2.64,2.816,2.64,2.698,4952.7
2025-08-24 20:00:00+00:00,2.7,2.7,2.627,2.659,309.0
2025-08-25 00:00:00+00:00,2.662,2.676,2.602,2.659,417.2
2025-08-25 04:00:00+00:00,2.633,2.633,2.512,2.532,443.4
2025-08-25 08:00:00+00:00,2.517,2.538,2.496,2.53,2190.6
2025-08-25 12:00:00+00:00,2.532,2.535,2.476,2.476,3664.3
2025-08-25 16:00:00+00:00,2.474,2.493,2.428,2.428,755.4
2025-08-25 20:00:00+00:00,2.453,2.456,2.354,2.397,2387.9
2025-08-26 00:00:00+00:00,2.387,2.434,2.387,2.405,3530.1
2025-08-26 04:00:00+00:00,2.427,2.437,2.415,2.415,72.5
2025-08-26 08:00:00+00:00,2.417,2.417,2.417,2.417,62.2
2025-08-26 12:00:00+00:00,2.438,2.489,2.428,2.469,691.7
2025-08-26 16:00:00+00:00,2.49,2.54,2.465,2.54,246.2
2025-08-26 20:00:00+00:00,2.539,2.545,2.526,2.526,2506.9
2025-08-27 00:00:00+00:00,2.531,2.547,2.507,2.547,455.7
2025-08-27 04:00:00+00:00,2.554,2.563,2.515,2.541,54.9
2025-08-27 08:00:00+00:00,2.548,2.548,2.497,2.497,89.4
2025-08-27 12:00:00+00:00,2.513,2.546,2.513,2.529,610.8
2025-08-27 16:00:00+00:00,2.531,2.594,2.521,2.537,392.3
2025-08-27 20:00:00+00:00,2.537,2.572,2.515,2.515,3746.5
2025-08-28 00:00:00+00:00,2.545,2.545,2.497,2.506,95.6
2025-08-28 04:00:00+00:00,2.506,2.506,2.506,2.506,0.0
2025-08-28 08:00:00+00:00,2.502,2.502,2.501,2.501,41.8
2025-08-28 12:00:00+00:00,2.519,2.561,2.519,2.521,70.1
2025-08-28 16:00:00+00:00,2.553,2.553,2.486,2.486,1809.2
2025-08-28 20:00:00+00:00,2.492,2.547,2.49,2.543,71.1
2025-08-29 00:00:00+00:00,2.539,2.544,2.503,2.503,281.0
2025-08-29 04:00:00+00:00,2.496,2.498,2.435,2.435,583.1
2025-08-29 08:00:00+00:00,2.433,2.438,2.399,2.438,200.2
2025-08-29 12:00:00+00:00,2.447,2.503,2.413,2.458,303.9
2025-08-29 16:00:00+00:00,2.42,2.453,2.393,2.413,2152.6
2025-08-29 20:00:00+00:00,2.402,2.435,2.391,2.435,543.2
2025-08-30 00:00:00+00:00,2.398,2.458,2.398,2.428,185.5
2025-08-30 04:00:00+00:00,2.428,2.428,2.428,2.428,0.0
2025-08-30 08:00:00+00:00,2.44,2.44,2.44,2.44,9.0
2025-08-30 12:00:00+00:00,2.429,2.445,2.413,2.445,492.7
2025-08-30 16:00:00+00:00,2.434,2.434,2.43,2.43,1.5
2025-08-30 20:00:00+00:00,2.413,2.436,2.413,2.436,128.0
2025-08-31 00:00:00+00:00,2.447,2.486,2.447,2.486,884.8
2025-08-31 04:00:00+00:00,2.471,2.474,2.444,2.444,87.6
2025-08-31 08:00:00+00:00,2.45,2.45,2.428,2.428,647.8
2025-08-31 12:00:00+00:00,2.422,2.422,2.422,2.422,4.8
2025-08-31 16:00:00+00:00,2.423,2.46,2.419,2.419,316.2
2025-08-31 20:00:00+00:00,2.413,2.413,2.365,2.365,559.6
2025-09-01 00:00:00+00:00,2.364,2.365,2.333,2.36,1734.4
2025-09-01 04:00:00+00:00,2.36,2.403,2.325,2.403,629.3
2025-09-01 08:00:00+00:00,2.416,2.447,2.383,2.383,287.1
2025-09-01 12:00:00+00:00,2.397,2.397,2.354,2.359,65.3
2025-09-01 16:00:00+00:00,2.35,2.364,2.333,2.364,720.0
2025-09-01 20:00:00+00:00,2.333,2.333,2.282,2.325,1343.5
2025-09-02 00:00:00+00:00,2.333,2.438,2.314,2.398,924.4
2025-09-02 04:00:00+00:00,2.374,2.403,2.362,2.37,56.9
2025-09-02 08:00:00+00:00,2.372,2.372,2.372,2.372,9.3
2025-09-02 12:00:00+00:00,2.354,2.403,2.325,2.359,291.9
2025-09-02 16:00:00+00:00,2.387,2.388,2.387,2.388,15.0
2025-09-02 20:00:00+00:00,2.399,2.434,2.377,2.434,209.7
2025-09-03 00:00:00+00:00,2.438,2.466,2.406,2.458,265.8
2025-09-03 04:00:00+00:00,2.428,2.428,2.428,2.428,8.6
2025-09-03 08:00:00+00:00,2.429,2.429,2.429,2.429,10.9
2025-09-03 12:00:00+00:00,2.444,2.478,2.444,2.47,310.5
2025-09-03 16:00:00+00:00,2.48,2.481,2.464,2.464,145.3
2025-09-03 20:00:00+00:00,2.485,2.485,2.461,2.461,432.2
2025-09-04 00:00:00+00:00,2.468,2.468,2.444,2.444,95.1
2025-09-04 04:00:00+00:00,2.439,2.439,2.411,2.411,68.2
2025-09-04 08:00:00+00:00,2.401,2.406,2.4,2.406,723.2
2025-09-04 12:00:00+00:00,2.429,2.429,2.381,2.381,1213.9
2025-09-04 16:00:00+00:00,2.375,2.384,2.364,2.364,57.2
2025-09-04 20:00:00+00:00,2.364,2.391,2.364,2.37,92.6
2025-09-05 00:00:00+00:00,2.372,2.401,2.371,2.389,485.4
2025-09-05 04:00:00+00:00,2.4,2.428,2.363,2.428,295.7
2025-09-05 08:00:00+00:00,2.427,2.432,2.411,2.432,18.6
2025-09-05 12:00:00+00:00,2.438,2.476,2.384,2.384,432.0
2025-09-05 16:00:00+00:00,2.392,2.392,2.383,2.383,524.2
2025-09-05 20:00:00+00:00,2.396,2.396,2.396,2.396,11.5
2025-09-06 00:00:00+00:00,2.415,2.415,2.396,2.415,530.4
2025-09-06 04:00:00+00:00,2.401,2.401,2.401,2.401,1.6
2025-09-06 08:00:00+00:00,2.376,2.376,2.375,2.375,161.1
2025-09-06 12:00:00+00:00,2.394,2.394,2.394,2.394,13.1
2025-09-06 16:00:00+00:00,2.394,2.394,2.394,2.394,0.0
2025-09-06 20:00:00+00:00,2.384,2.415,2.379,2.415,493.7
2025-09-07 00:00:00+00:00,2.415,2.437,2.415,2.437,420.6
2025-09-07 04:00:00+00:00,2.438,2.453,2.438,2.453,39.5
2025-09-07 08:00:00+00:00,2.44,2.44,2.437,2.437,10.3
2025-09-07 12:00:00+00:00,2.454,2.478,2.454,2.478,92.7
2025-09-07 16:00:00+00:00,2.453,2.453,2.453,2.453,289.9
2025-09-07 20:00:00+00:00,2.455,2.455,2.455,2.455,6.5
2025-09-08 00:00:00+00:00,2.458,2.504,2.451,2.504,346.8
2025-09-08 04:00:00+00:00,2.495,2.495,2.478,2.478,47.2
2025-09-08 08:00:00+00:00,2.503,2.531,2.503,2.531,102.8
2025-09-08 12:00:00+00:00,2.533,2.567,2.525,2.561,317.9
2025-09-08 16:00:00+00:00,2.563,2.57,2.55,2.554,101.3
2025-09-08 20:00:00+00:00,2.571,2.588,2.248,2.569,4156.4
2025-09-09 00:00:00+00:00,2.554,2.632,2.554,2.596,802.9
2025-09-09 04:00:00+00:00,2.632,2.703,2.622,2.703,1489.4
2025-09-09 08:00:00+00:00,2.684,2.792,2.684,2.768,4045.1
2025-09-09 12:00:00+00:00,2.737,2.737,2.649,2.649,515.4
2025-09-09 16:00:00+00:00,2.645,2.683,2.637,2.662,736.8
2025-09-09 20:00:00+00:00,2.637,2.637,2.633,2.633,49.0
2025-09-10 00:00:00+00:00,2.649,2.694,2.627,2.694,1011.5
2025-09-10 04:00:00+00:00,2.649,2.649,2.649,2.649,7.9
2025-09-10 08:00:00+00:00,2.677,2.683,2.677,2.681,66.9
2025-09-10 12:00:00+00:00,2.686,2.728,2.678,2.728,787.3
2025-09-10 16:00:00+00:00,2.695,2.714,2.461,2.666,9318.1
2025-09-10 20:00:00+00:00,2.686,2.722,2.686,2.722,647.1
2025-09-11 00:00:00+00:00,2.728,2.767,2.728,2.739,429.3
2025-09-11 04:00:00+00:00,2.739,2.739,2.712,2.713,70.4
2025-09-11 08:00:00+00:00,2.72,2.72,2.72,2.72,21.0
2025-09-11 12:00:00+00:00,2.703,2.718,2.678,2.707,1080.0
2025-09-11 16:00:00+00:00,2.688,2.706,2.687,2.705,207.1
2025-09-11 20:00:00+00:00,2.714,2.754,2.701,2.717,1135.3
2025-09-12 00:00:00+00:00,2.746,2.77,2.678,2.734,949.9
2025-09-12 04:00:00+00:00,2.739,2.779,2.731,2.779,226.5
2025-09-12 08:00:00+00:00,2.737,2.739,2.708,2.708,138.8
2025-09-12 12:00:00+00:00,2.7,2.744,2.694,2.726,1091.6
2025-09-12 16:00:00+00:00,2.737,2.8,2.725,2.773,1531.6
2025-09-12 20:00:00+00:00,2.772,2.807,2.771,2.807,370.8
2025-09-13 00:00:00+00:00,2.801,2.808,2.792,2.808,728.9
2025-09-13 04:00:00+00:00,2.799,2.838,2.799,2.838,1354.3
2025-09-13 08:00:00+00:00,2.84,2.878,2.84,2.878,477.6
2025-09-13 12:00:00+00:00,2.883,2.884,2.8,2.821,1123.2
2025-09-13 16:00:00+00:00,2.802,2.812,2.77,2.811,261.6
2025-09-13 20:00:00+00:00,2.809,2.817,2.773,2.8,602.9
2025-09-14 00:00:00+00:00,2.779,2.78,2.758,2.758,1291.0
2025-09-14 04:00:00+00:00,2.75,2.78,2.736,2.78,154.2
2025-09-14 08:00:00+00:00,2.737,2.737,2.708,2.708,217.7
2025-09-14 12:00:00+00:00,2.723,2.723,2.675,2.675,163.0
2025-09-14 16:00:00+00:00,2.7,2.726,2.7,2.711,536.4
2025-09-14 20:00:00+00:00,2.692,2.736,2.692,2.736,49.5
2025-09-15 00:00:00+00:00,2.692,2.726,2.678,2.726,143.0
2025-09-15 04:00:00+00:00,2.737,2.771,2.674,2.674,504.0
2025-09-15 08:00:00+00:00,2.667,2.667,2.602,2.614,312.6
2025-09-15 12:00:00+00:00,2.606,2.631,2.585,2.585,199.4
2025-09-15 16:00:00+00:00,2.584,2.62,2.584,2.62,467.5
2025-09-15 20:00:00+00:00,2.63,2.63,2.622,2.622,152.4
2025-09-16 00:00:00+00:00,2.627,2.627,2.627,2.627,76.0
2025-09-16 04:00:00+00:00,2.595,2.671,2.584,2.671,142.5
2025-09-16 08:00:00+00:00,2.673,2.696,2.662,2.662,137.2
2025-09-16 12:00:00+00:00,2.698,2.723,2.673,2.715,371.0
2025-09-16 16:00:00+00:00,2.715,2.734,2.684,2.728,497.3
2025-09-16 20:00:00+00:00,2.709,2.728,2.708,2.725,84.2
2025-09-17 00:00:00+00:00,2.697,2.724,2.685,2.723,285.6
2025-09-17 04:00:00+00:00,2.714,2.746,2.714,2.746,96.3
2025-09-17 08:00:00+00:00,2.746,2.762,2.711,2.711,206.1
2025-09-17 12:00:00+00:00,2.702,2.722,2.665,2.674,698.2
2025-09-17 16:00:00+00:00,2.666,2.771,2.653,2.771,684.4
2025-09-17 20:00:00+00:00,2.772,2.837,2.733,2.813,1476.3
2025-09-18 00:00:00+00:00,2.827,2.888,2.807,2.848,1111.3
2025-09-18 04:00:00+00:00,2.89,2.924,2.874,2.92,1508.7
2025-09-18 08:00:00+00:00,2.886,2.94,2.886,2.893,155.0
2025-09-18 12:00:00+00:00,2.919,2.997,2.919,2.997,991.4
2025-09-18 16:00:00+00:00,2.973,3.223,2.968,3.198,30102.4
2025-09-18 20:00:00+00:00,3.208,3.264,3.14,3.17,2812.1
2025-09-19 00:00:00+00:00,3.196,3.271,3.165,3.194,3123.1
2025-09-19 04:00:00+00:00,3.184,3.244,3.145,3.235,1078.6
2025-09-19 08:00:00+00:00,3.245,3.334,3.147,3.185,3390.5
2025-09-19 12:00:00+00:00,3.2,3.208,2.99,3.154,10041.5
2025-09-19 16:00:00+00:00,3.167,3.171,3.093,3.113,1309.3
2025-09-19 20:00:00+00:00,3.134,3.171,3.116,3.116,213.0
2025-09-20 00:00:00+00:00,3.115,3.139,3.057,3.099,3797.4
2025-09-20 04:00:00+00:00,3.126,3.127,3.12,3.12,34.3
2025-09-20 08:00:00+00:00,3.11,3.11,3.064,3.064,87.4
2025-09-20 12:00:00+00:00,3.084,3.272,3.082,3.167,1024.1
2025-09-20 16:00:00+00:00,3.197,3.197,3.147,3.179,247.5
2025-09-20 20:00:00+00:00,3.179,3.179,3.145,3.145,2861.1
2025-09-21 00:00:00+00:00,3.158,3.158,3.11,3.11,438.0
2025-09-21 04:00:00+00:00,3.126,3.126,3.126,3.126,1.6
2025-09-21 08:00:00+00:00,3.118,3.118,3.093,3.093,130.4
2025-09-21 12:00:00+00:00,3.102,3.109,3.086,3.086,357.4
2025-09-21 16:00:00+00:00,3.086,3.15,3.072,3.15,284.3
2025-09-21 20:00:00+00:00,3.165,3.165,3.118,3.126,887.9
2025-09-22 00:00:00+00:00,3.103,3.103,2.96,2.998,978.5
2025-09-22 04:00:00+00:00,2.971,2.971,2.766,2.856,3229.1
2025-09-22 08:00:00+00:00,2.828,2.903,2.82,2.88,461.8
2025-09-22 12:00:00+00:00,2.903,2.936,2.876,2.888,381.1
2025-09-22 16:00:00+00:00,2.915,2.915,2.852,2.88,687.2
2025-09-22 20:00:00+00:00,2.882,3.048,2.882,2.96,1073.6
2025-09-23 00:00:00+00:00,2.975,3.034,2.864,2.971,1238.4
2025-09-23 04:00:00+00:00,2.965,3.118,2.888,3.072,1010.8
2025-09-23 08:00:00+00:00,3.078,3.126,3.007,3.022,890.2
2025-09-23 12:00:00+00:00,3.022,3.064,3.001,3.015,209.0
2025-09-23 16:00:00+00:00,3.006,3.048,2.935,2.935,333.6
2025-09-23 20:00:00+00:00,2.967,2.991,2.921,2.921,1582.1
2025-09-24 00:00:00+00:00,2.971,2.986,2.91,2.91,582.0
2025-09-24 04:00:00+00:00,2.904,3.011,2.873,3.011,544.7
2025-09-24 08:00:00+00:00,3.024,3.049,3.008,3.049,122.7
2025-09-24 12:00:00+00:00,3.052,3.095,3.052,3.095,207.5
2025-09-24 16:00:00+00:00,3.095,3.115,3.054,3.054,138.7
2025-09-24 20:00:00+00:00,3.056,3.056,3.024,3.024,637.1
2025-09-25 00:00:00+00:00,3.039,3.039,2.915,2.915,900.6
2025-09-25 04:00:00+00:00,2.913,2.916,2.852,2.852,307.8
2025-09-25 08:00:00+00:00,2.86,2.896,2.834,2.834,133.5
2025-09-25 12:00:00+00:00,2.835,2.914,2.8,2.86,11035.6
2025-09-25 16:00:00+00:00,2.825,2.866,2.777,2.82,5468.0
2025-09-25 20:00:00+00:00,2.804,2.833,2.703,2.703,596.5
2025-09-26 00:00:00+00:00,2.731,2.758,2.712,2.758,1081.7
2025-09-26 04:00:00+00:00,2.758,2.758,2.646,2.695,769.8
2025-09-26 08:00:00+00:00,2.703,2.714,2.655,2.673,73.7
2025-09-26 12:00:00+00:00,2.654,2.728,2.633,2.728,334.8
2025-09-26 16:00:00+00:00,2.736,2.79,2.724,2.724,764.7
2025-09-26 20:00:00+00:00,2.746,2.787,2.746,2.784,320.1
2025-09-27 00:00:00+00:00,2.75,2.75,2.75,2.75,7.2
2025-09-27 04:00:00+00:00,2.737,2.737,2.716,2.716,80.2
2025-09-27 08:00:00+00:00,2.708,2.709,2.687,2.691,524.0
2025-09-27 12:00:00+00:00,2.71,2.736,2.71,2.736,261.6
2025-09-27 16:00:00+00:00,2.717,2.735,2.691,2.729,123.9
2025-09-27 20:00:00+00:00,2.718,2.754,2.689,2.754,59.5
2025-09-28 00:00:00+00:00,2.699,2.699,2.679,2.68,270.2
2025-09-28 04:00:00+00:00,2.68,2.68,2.666,2.666,55.0
2025-09-28 08:00:00+00:00,2.667,2.667,2.658,2.658,25.9
2025-09-28 12:00:00+00:00,2.658,2.703,2.653,2.703,75.8
2025-09-28 16:00:00+00:00,2.711,2.727,2.672,2.727,694.7
2025-09-28 20:00:00+00:00,2.711,2.81,2.711,2.81,803.1
2025-09-29 00:00:00+00:00,2.808,2.829,2.788,2.804,1379.3
2025-09-29 04:00:00+00:00,2.804,2.804,2.749,2.749,123.5
2025-09-29 08:00:00+00:00,2.789,2.8,2.732,2.732,211.8
2025-09-29 12:00:00+00:00,2.732,2.822,2.694,2.822,297.5
2025-09-29 16:00:00+00:00,2.779,2.779,2.749,2.769,205.2
2025-09-29 20:00:00+00:00,2.789,2.821,2.789,2.796,47.0
2025-09-30 00:00:00+00:00,2.796,2.796,2.724,2.742,181.3
2025-09-30 04:00:00+00:00,2.717,2.717,2.667,2.681,294.0
2025-09-30 08:00:00+00:00,2.673,2.695,2.633,2.633,174.5
2025-09-30 12:00:00+00:00,2.658,2.658,2.573,2.573,1250.6
2025-09-30 16:00:00+00:00,2.573,2.628,2.563,2.626,1364.1
2025-09-30 20:00:00+00:00,2.628,2.649,2.628,2.639,180.2
2025-10-01 00:00:00+00:00,2.639,2.676,2.617,2.617,580.4
2025-10-01 04:00:00+00:00,2.67,2.672,2.67,2.671,29.7
2025-10-01 08:00:00+00:00,2.674,2.822,2.674,2.8,492.4
2025-10-01 12:00:00+00:00,2.822,2.841,2.822,2.841,59.2
2025-10-01 16:00:00+00:00,2.843,2.866,2.831,2.866,237.1
2025-10-01 20:00:00+00:00,2.822,2.847,2.818,2.847,652.1
2025-10-02 00:00:00+00:00,2.86,2.904,2.834,2.859,356.3
2025-10-02 04:00:00+00:00,2.906,2.917,2.897,2.917,1338.3
2025-10-02 08:00:00+00:00,2.902,2.908,2.902,2.908,49.2
2025-10-02 12:00:00+00:00,2.874,2.909,2.827,2.878,211.6
2025-10-02 16:00:00+00:00,2.853,2.952,2.853,2.952,847.7
2025-10-02 20:00:00+00:00,2.952,2.985,2.933,2.971,4646.9
2025-10-03 00:00:00+00:00,2.947,2.968,2.905,2.96,260.3
2025-10-03 04:00:00+00:00,2.933,2.945,2.896,2.896,218.2
2025-10-03 08:00:00+00:00,2.892,2.952,2.892,2.932,238.5
2025-10-03 12:00:00+00:00,2.947,3.014,2.913,3.014,1607.8
2025-10-03 16:00:00+00:00,3.017,3.08,2.978,3.035,1668.9
2025-10-03 20:00:00+00:00,3.024,3.053,3.024,3.037,91.8
2025-10-04 00:00:00+00:00,3.006,3.006,2.971,2.971,748.0
2025-10-04 04:00:00+00:00,2.968,3.023,2.968,2.977,381.5
2025-10-04 08:00:00+00:00,2.968,2.969,2.926,2.926,289.7
2025-10-04 12:00:00+00:00,2.924,2.924,2.888,2.888,157.8
2025-10-04 16:00:00+00:00,2.886,2.92,2.884,2.92,120.5
2025-10-04 20:00:00+00:00,2.933,2.962,2.92,2.962,260.2
2025-10-05 00:00:00+00:00,2.955,3.064,2.95,3.006,680.0
2025-10-05 04:00:00+00:00,3.02,3.166,3.02,3.166,2195.3
2025-10-05 08:00:00+00:00,3.167,3.171,3.048,3.076,2047.5
2025-10-05 12:00:00+00:00,3.044,3.065,3.012,3.06,539.0
2025-10-05 16:00:00+00:00,3.013,3.013,2.955,2.955,1220.2
2025-10-05 20:00:00+00:00,2.949,2.97,2.949,2.953,478.0
2025-10-06 00:00:00+00:00,2.941,2.991,2.938,2.991,81.7
2025-10-06 04:00:00+00:00,2.977,2.977,2.938,2.938,48.6
2025-10-06 08:00:00+00:00,2.959,2.991,2.949,2.991,84.5
2025-10-06 12:00:00+00:00,3.001,3.068,3.001,3.031,381.1
2025-10-06 16:00:00+00:00,3.053,3.086,3.047,3.055,116.9
2025-10-06 20:00:00+00:00,3.053,3.085,3.026,3.026,160.9
2025-10-07 00:00:00+00:00,3.054,3.074,3.012,3.036,900.1
2025-10-07 04:00:00+00:00,3.013,3.048,2.981,3.01,282.4
2025-10-07 08:00:00+00:00,2.979,3.023,2.968,3.023,96.8
2025-10-07 12:00:00+00:00,3.024,3.066,2.906,2.96,731.3
2025-10-07 16:00:00+00:00,2.913,2.96,2.904,2.96,105.9
2025-10-07 20:00:00+00:00,2.941,2.979,2.941,2.979,36.1
2025-10-08 00:00:00+00:00,2.979,3.011,2.93,2.93,261.9
2025-10-08 04:00:00+00:00,2.921,2.956,2.91,2.942,733.7
2025-10-08 08:00:00+00:00,2.952,2.967,2.952,2.967,144.3
2025-10-08 12:00:00+00:00,2.913,2.971,2.91,2.91,125.8
2025-10-08 16:00:00+00:00,2.929,3.011,2.929,2.989,1193.9
2025-10-08 20:00:00+00:00,2.994,2.994,2.963,2.969,89.9
2025-10-09 00:00:00+00:00,2.956,2.956,2.874,2.914,878.1
2025-10-09 04:00:00+00:00,2.933,2.943,2.881,2.881,144.0
2025-10-09 08:00:00+00:00,2.877,2.885,2.839,2.885,235.0
2025-10-09 12:00:00+00:00,2.886,2.922,2.834,2.843,298.6
2025-10-09 16:00:00+00:00,2.829,2.866,2.82,2.856,302.7
2025-10-09 20:00:00+00:00,2.866,2.903,2.86,2.889,88.9
2025-10-10 00:00:00+00:00,2.874,2.979,2.874,2.979,1257.8
2025-10-10 04:00:00+00:00,2.984,3.117,2.955,2.986,2805.9
2025-10-10 08:00:00+00:00,2.981,3.163,2.972,3.163,1065.0
2025-10-10 12:00:00+00:00,3.163,3.226,3.024,3.048,2338.0
2025-10-10 16:00:00+00:00,3.044,3.107,2.941,2.991,5837.1
2025-10-10 20:00:00+00:00,2.977,2.977,2.0,2.383,19148.4
2025-10-11 00:00:00+00:00,2.438,2.493,2.347,2.398,1466.8
2025-10-11 04:00:00+00:00,2.437,2.477,2.401,2.477,738.9
2025-10-11 08:00:00+00:00,2.491,2.587,2.441,2.472,1231.4
2025-10-11 12:00:00+00:00,2.467,2.476,2.383,2.384,847.1
2025-10-11 16:00:00+00:00,2.383,2.384,2.276,2.276,7564.3
2025-10-11 20:00:00+00:00,2.267,2.296,2.19,2.267,511.8
2025-10-12 00:00:00+00:00,2.258,2.284,2.222,2.281,649.2
2025-10-12 04:00:00+00:00,2.293,2.342,2.293,2.342,105.8
2025-10-12 08:00:00+00:00,2.327,2.327,2.276,2.317,233.6
2025-10-12 12:00:00+00:00,2.291,2.445,2.241,2.443,2872.4
2025-10-12 16:00:00+00:00,2.446,2.513,2.439,2.513,821.5
2025-10-12 20:00:00+00:00,2.509,2.509,2.435,2.483,600.3
2025-10-13 00:00:00+00:00,2.459,2.477,2.42,2.439,96.0
2025-10-13 04:00:00+00:00,2.44,2.525,2.44,2.5,413.1
2025-10-13 08:00:00+00:00,2.479,2.551,2.422,2.422,372.2
2025-10-13 12:00:00+00:00,2.477,2.572,2.477,2.54,4479.4
2025-10-13 16:00:00+00:00,2.527,2.661,2.496,2.661,12253.0
2025-10-13 20:00:00+00:00,2.651,2.674,2.613,2.613,209.8
2025-10-14 00:00:00+00:00,2.625,2.625,2.538,2.563,339.9
2025-10-14 04:00:00+00:00,2.536,2.536,2.383,2.401,2595.4
2025-10-14 08:00:00+00:00,2.418,2.448,2.353,2.416,819.0
2025-10-14 12:00:00+00:00,2.401,2.462,2.347,2.462,2533.3
2025-10-14 16:00:00+00:00,2.466,2.498,2.42,2.458,452.0
2025-10-14 20:00:00+00:00,2.464,2.5,2.453,2.5,4977.0
2025-10-15 00:00:00+00:00,2.457,2.49,2.435,2.437,386.3
2025-10-15 04:00:00+00:00,2.429,2.474,2.429,2.474,25.6
2025-10-15 08:00:00+00:00,2.477,2.523,2.41,2.41,358.1
2025-10-15 12:00:00+00:00,2.417,2.417,2.338,2.338,300.3
2025-10-15 16:00:00+00:00,2.346,2.368,2.316,2.316,352.5
2025-10-15 20:00:00+00:00,2.336,2.336,2.293,2.308,1625.7
2025-10-16 00:00:00+00:00,2.32,2.347,2.32,2.347,118.0
2025-10-16 04:00:00+00:00,2.336,2.354,2.336,2.354,21.6
2025-10-16 08:00:00+00:00,2.311,2.367,2.235,2.367,362.8
2025-10-16 12:00:00+00:00,2.367,2.367,2.245,2.245,6308.7
2025-10-16 16:00:00+00:00,2.241,2.295,2.199,2.223,897.6
2025-10-16 20:00:00+00:00,2.203,2.224,2.188,2.2,213.2
2025-10-17 00:00:00+00:00,2.201,2.225,2.201,2.225,542.6
2025-10-17 04:00:00+00:00,2.23,2.23,2.09,2.09,1442.5
2025-10-17 08:00:00+00:00,2.088,2.182,2.069,2.182,394.4
2025-10-17 12:00:00+00:00,2.165,2.173,2.113,2.17,787.1
2025-10-17 16:00:00+00:00,2.173,2.194,2.14,2.14,139.3
2025-10-17 20:00:00+00:00,2.159,2.159,2.159,2.159,10.6
2025-10-18 00:00:00+00:00,2.148,2.188,2.148,2.157,987.4
2025-10-18 04:00:00+00:00,2.164,2.164,2.152,2.152,6.9
2025-10-18 08:00:00+00:00,2.147,2.147,2.147,2.147,9.1
2025-10-18 12:00:00+00:00,2.14,2.153,2.117,2.134,3288.1
2025-10-18 16:00:00+00:00,2.133,2.15,2.113,2.148,1016.6
2025-10-18 20:00:00+00:00,2.157,2.17,2.151,2.167,243.6
2025-10-19 00:00:00+00:00,2.143,2.182,2.143,2.182,1816.9
2025-10-19 04:00:00+00:00,2.18,2.181,2.18,2.181,112.2
2025-10-19 08:00:00+00:00,2.186,2.238,2.134,2.235,486.4
2025-10-19 12:00:00+00:00,2.206,2.279,2.205,2.269,2800.5
2025-10-19 16:00:00+00:00,2.257,2.282,2.257,2.27,29.4
2025-10-19 20:00:00+00:00,2.265,2.296,2.258,2.258,3366.6
2025-10-20 00:00:00+00:00,2.245,2.296,2.211,2.296,2012.8
2025-10-20 04:00:00+00:00,2.3,2.331,2.284,2.301,179.2
2025-10-20 08:00:00+00:00,2.308,2.308,2.28,2.28,61.1
2025-10-20 12:00:00+00:00,2.318,2.326,2.317,2.326,41.5
2025-10-20 16:00:00+00:00,2.279,2.293,2.254,2.293,632.6
2025-10-20 20:00:00+00:00,2.299,2.299,2.252,2.252,45.7
2025-10-21 00:00:00+00:00,2.245,2.245,2.222,2.222,95.5
2025-10-21 04:00:00+00:00,2.231,2.231,2.166,2.204,717.3
2025-10-21 08:00:00+00:00,2.164,2.184,2.164,2.169,8.5
2025-10-21 12:00:00+00:00,2.207,2.364,2.207,2.364,1111.1
2025-10-21 16:00:00+00:00,2.335,2.348,2.291,2.297,133.3
2025-10-21 20:00:00+00:00,2.281,2.281,2.222,2.222,246.8
2025-10-22 00:00:00+00:00,2.232,2.232,2.207,2.214,156.7
2025-10-22 04:00:00+00:00,2.234,2.241,2.19,2.193,189.4
2025-10-22 08:00:00+00:00,2.21,2.21,2.166,2.207,212.9
2025-10-22 12:00:00+00:00,2.218,2.273,2.188,2.199,1595.3
2025-10-22 16:00:00+00:00,2.183,2.183,2.164,2.164,540.5
2025-10-22 20:00:00+00:00,2.164,2.173,2.121,2.157,2078.2
2025-10-23 00:00:00+00:00,2.151,2.169,2.15,2.156,2361.6
2025-10-23 04:00:00+00:00,2.156,2.202,2.156,2.18,260.9
2025-10-23 08:00:00+00:00,2.183,2.183,2.183,2.183,5.6
2025-10-23 12:00:00+00:00,2.174,2.207,2.174,2.207,77.3
2025-10-23 16:00:00+00:00,2.207,2.238,2.202,2.223,750.2
2025-10-23 20:00:00+00:00,2.19,2.19,2.18,2.188,111.3
2025-10-24 00:00:00+00:00,2.184,2.214,2.184,2.191,627.5
2025-10-24 04:00:00+00:00,2.224,2.261,2.224,2.261,119.9
2025-10-24 08:00:00+00:00,2.252,2.252,2.224,2.224,38.8
2025-10-24 12:00:00+00:00,2.258,2.296,2.211,2.211,186.6
2025-10-24 16:00:00+00:00,2.207,2.272,2.207,2.272,414.1
2025-10-24 20:00:00+00:00,2.25,2.272,2.25,2.27,37.0
2025-10-25 00:00:00+00:00,2.255,2.255,2.255,2.255,69.3
2025-10-25 04:00:00+00:00,2.239,2.239,2.228,2.228,12.8
2025-10-25 08:00:00+00:00,2.232,2.232,2.232,2.232,21.6
2025-10-25 12:00:00+00:00,2.266,2.276,2.266,2.276,39.9
2025-10-25 16:00:00+00:00,2.275,2.293,2.273,2.293,32.3
2025-10-25 20:00:00+00:00,2.29,2.293,2.29,2.293,37.6
2025-10-26 00:00:00+00:00,2.258,2.258,2.258,2.258,12.3
2025-10-26 04:00:00+00:00,2.28,2.3,2.28,2.3,61.8
2025-10-26 08:00:00+00:00,2.307,2.361,2.307,2.361,234.6
2025-10-26 12:00:00+00:00,2.353,2.363,2.342,2.35,45.7
2025-10-26 16:00:00+00:00,2.349,2.371,2.34,2.371,601.2
2025-10-26 20:00:00+00:00,2.329,2.387,2.324,2.387,1716.3
2025-10-27 00:00:00+00:00,2.388,2.401,2.374,2.386,147.8
2025-10-27 04:00:00+00:00,2.399,2.411,2.398,2.398,35.0
2025-10-27 08:00:00+00:00,2.381,2.381,2.349,2.349,72.8
2025-10-27 12:00:00+00:00,2.347,2.347,2.321,2.321,63.3
2025-10-27 16:00:00+00:00,2.365,2.416,2.365,2.368,288.4
2025-10-27 20:00:00+00:00,2.349,2.379,2.316,2.318,123.5
2025-10-28 00:00:00+00:00,2.326,2.339,2.311,2.32,46.6
2025-10-28 04:00:00+00:00,2.321,2.347,2.311,2.33,292.0
2025-10-28 08:00:00+00:00,2.333,2.362,2.32,2.33,28.4
2025-10-28 12:00:00+00:00,2.337,2.367,2.291,2.329,286.0
2025-10-28 16:00:00+00:00,2.323,2.323,2.258,2.276,164.8
2025-10-28 20:00:00+00:00,2.257,2.257,2.205,2.238,386.3
2025-10-29 00:00:00+00:00,2.235,2.247,2.229,2.233,4391.2
2025-10-29 04:00:00+00:00,2.248,2.248,2.235,2.245,38.9
2025-10-29 08:00:00+00:00,2.24,2.309,2.239,2.298,1192.4
2025-10-29 12:00:00+00:00,2.297,2.317,2.256,2.256,188.5
2025-10-29 16:00:00+00:00,2.27,2.343,2.241,2.335,484.8
2025-10-29 20:00:00+00:00,2.316,2.333,2.276,2.276,150.5
2025-10-30 00:00:00+00:00,2.276,2.293,2.276,2.289,180.6
2025-10-30 04:00:00+00:00,2.259,2.261,2.198,2.261,1861.1
2025-10-30 08:00:00+00:00,2.256,2.256,2.19,2.19,209.2
2025-10-30 12:00:00+00:00,2.188,2.188,2.094,2.108,1519.9
2025-10-30 16:00:00+00:00,2.091,2.113,2.033,2.033,444.2
2025-10-30 20:00:00+00:00,2.058,2.098,2.058,2.098,229.7
2025-10-31 00:00:00+00:00,2.09,2.128,2.09,2.124,3035.3
2025-10-31 04:00:00+00:00,2.13,2.142,2.106,2.106,355.8
2025-10-31 08:00:00+00:00,2.106,2.119,2.093,2.108,638.4
2025-10-31 12:00:00+00:00,2.133,2.143,2.113,2.142,117.7
2025-10-31 16:00:00+00:00,2.137,2.143,2.075,2.133,7106.2
2025-10-31 20:00:00+00:00,2.138,2.138,2.095,2.108,333.4
2025-11-01 00:00:00+00:00,2.098,2.113,2.095,2.113,475.4
2025-11-01 04:00:00+00:00,2.125,2.14,2.115,2.14,132.8
2025-11-01 08:00:00+00:00,2.143,2.164,2.141,2.164,79.9
2025-11-01 12:00:00+00:00,2.164,2.181,2.161,2.163,255.0
2025-11-01 16:00:00+00:00,2.155,2.155,2.155,2.155,144.1
2025-11-01 20:00:00+00:00,2.18,2.181,2.146,2.181,46.9
2025-11-02 00:00:00+00:00,2.161,2.164,2.161,2.164,141.5
2025-11-02 04:00:00+00:00,2.181,2.194,2.181,2.194,137.5
2025-11-02 08:00:00+00:00,2.176,2.183,2.156,2.183,25.5
2025-11-02 12:00:00+00:00,2.172,2.172,2.112,2.112,78.1
2025-11-02 16:00:00+00:00,2.107,2.139,2.107,2.117,386.0
2025-11-02 20:00:00+00:00,2.115,2.194,2.115,2.194,276.9
2025-11-03 00:00:00+00:00,2.198,2.199,2.044,2.044,1205.6
2025-11-03 04:00:00+00:00,2.034,2.072,2.004,2.044,471.1
2025-11-03 08:00:00+00:00,2.038,2.049,1.988,2.003,1971.9
2025-11-03 12:00:00+00:00,2.016,2.021,1.875,1.928,2762.0
2025-11-03 16:00:00+00:00,1.896,1.962,1.896,1.914,220.2
2025-11-03 20:00:00+00:00,1.907,1.93,1.884,1.884,679.6
2025-11-04 00:00:00+00:00,1.916,1.942,1.891,1.942,4141.6
2025-11-04 04:00:00+00:00,1.946,1.946,1.829,1.829,3947.7
2025-11-04 08:00:00+00:00,1.831,1.899,1.831,1.899,452.3
2025-11-04 12:00:00+00:00,1.889,1.933,1.869,1.933,583.8
2025-11-04 16:00:00+00:00,1.885,1.885,1.775,1.794,9543.3
2025-11-04 20:00:00+00:00,1.788,1.85,1.73,1.842,3819.8
2025-11-05 00:00:00+00:00,1.839,1.863,1.735,1.863,1021.3
2025-11-05 04:00:00+00:00,1.864,1.864,1.858,1.858,16.1
2025-11-05 08:00:00+00:00,1.868,1.872,1.842,1.872,309.2
2025-11-05 12:00:00+00:00,1.883,1.905,1.883,1.905,22474.3
2025-11-05 16:00:00+00:00,1.909,1.95,1.9,1.938,1267.0
2025-11-05 20:00:00+00:00,1.938,1.968,1.931,1.968,551.2
2025-11-06 00:00:00+00:00,1.947,1.947,1.916,1.943,109.0
2025-11-06 04:00:00+00:00,1.933,1.933,1.899,1.901,57.4
2025-11-06 08:00:00+00:00,1.896,1.9,1.887,1.893,19.2
2025-11-06 12:00:00+00:00,1.903,2.035,1.903,1.963,3853.4
2025-11-06 16:00:00+00:00,1.962,2.076,1.914,2.068,2926.7
2025-11-06 20:00:00+00:00,2.067,2.097,2.033,2.097,2605.3
2025-11-07 00:00:00+00:00,2.103,2.17,2.079,2.109,2192.1
2025-11-07 04:00:00+00:00,2.154,2.272,2.124,2.252,5833.8
2025-11-07 08:00:00+00:00,2.243,2.347,2.215,2.28,4194.4
2025-11-07 12:00:00+00:00,2.284,2.587,2.258,2.505,13918.4
2025-11-07 16:00:00+00:00,2.553,2.936,2.521,2.781,38329.7
2025-11-07 20:00:00+00:00,2.816,2.97,2.716,2.76,15839.0
2025-11-08 00:00:00+00:00,2.771,2.824,2.6,2.695,16565.7
2025-11-08 04:00:00+00:00,2.732,2.758,2.0,2.674,11967.0
2025-11-08 08:00:00+00:00,2.634,3.186,2.633,3.048,7643.3
2025-11-08 12:00:00+00:00,3.006,3.024,2.791,2.817,3946.3
2025-11-08 16:00:00+00:00,2.797,2.921,2.733,2.86,5521.2
2025-11-08 20:00:00+00:00,2.82,2.96,2.8,2.96,3269.0
2025-11-09 00:00:00+00:00,2.913,3.08,2.82,2.82,5601.8
2025-11-09 04:00:00+00:00,2.834,2.866,2.744,2.781,1406.7
2025-11-09 08:00:00+00:00,2.75,2.789,2.674,2.733,1980.6
2025-11-09 12:00:00+00:00,2.761,2.965,2.695,2.874,2863.7
2025-11-09 16:00:00+00:00,2.874,3.024,2.847,3.024,2015.5
2025-11-09 20:00:00+00:00,3.024,3.071,2.888,3.071,7278.8
2025-11-10 00:00:00+00:00,3.025,3.047,2.905,3.01,8031.7
2025-11-10 04:00:00+00:00,2.968,3.143,2.911,2.981,3331.7
2025-11-10 08:00:00+00:00,2.978,3.064,2.834,2.899,1645.0
2025-11-10 12:00:00+00:00,2.857,2.89,2.805,2.839,1484.8
2025-11-10 16:00:00+00:00,2.827,2.878,2.82,2.878,108.1
2025-11-10 20:00:00+00:00,2.839,2.84,2.758,2.809,549.5
2025-11-11 00:00:00+00:00,2.767,2.812,2.724,2.807,1798.7
2025-11-11 04:00:00+00:00,2.815,2.832,2.65,2.65,1591.1
2025-11-11 08:00:00+00:00,2.67,2.694,2.634,2.684,893.5
2025-11-11 12:00:00+00:00,2.682,2.721,2.649,2.714,3882.8
2025-11-11 16:00:00+00:00,2.683,2.709,2.623,2.623,289.1
2025-11-11 20:00:00+00:00,2.632,2.632,2.534,2.534,7884.0
2025-11-12 00:00:00+00:00,2.555,2.588,2.552,2.552,74.9
2025-11-12 04:00:00+00:00,2.588,2.599,2.586,2.594,37.7
2025-11-12 08:00:00+00:00,2.604,2.663,2.601,2.649,338.8
2025-11-12 12:00:00+00:00,2.618,2.627,2.515,2.515,1056.9
2025-11-12 16:00:00+00:00,2.51,2.531,2.483,2.494,834.0
2025-11-12 20:00:00+00:00,2.525,2.567,2.525,2.529,211.5
2025-11-13 00:00:00+00:00,2.533,2.576,2.5,2.576,355.8
2025-11-13 04:00:00+00:00,2.554,2.594,2.544,2.561,163.1
2025-11-13 08:00:00+00:00,2.554,2.582,2.544,2.547,77.7
2025-11-13 12:00:00+00:00,2.552,2.594,2.497,2.497,1696.1
2025-11-13 16:00:00+00:00,2.52,2.52,2.398,2.401,4465.4
2025-11-13 20:00:00+00:00,2.398,2.462,2.392,2.461,151.3
2025-11-14 00:00:00+00:00,2.43,2.445,2.376,2.376,418.2
2025-11-14 04:00:00+00:00,2.376,2.428,2.299,2.406,2344.9
2025-11-14 08:00:00+00:00,2.39,2.411,2.362,2.388,138.5
2025-11-14 12:00:00+00:00,2.36,2.458,2.344,2.444,1372.9
2025-11-14 16:00:00+00:00,2.432,2.452,2.386,2.451,7254.9
2025-11-14 20:00:00+00:00,2.419,2.419,2.326,2.365,160.3
2025-11-15 00:00:00+00:00,2.379,2.479,2.379,2.469,203.6
2025-11-15 04:00:00+00:00,2.478,2.613,2.464,2.534,4102.4
2025-11-15 08:00:00+00:00,2.521,2.521,2.441,2.495,409.4
2025-11-15 12:00:00+00:00,2.514,2.546,2.484,2.5,925.1
2025-11-15 16:00:00+00:00,2.486,2.486,2.457,2.478,194.5
2025-11-15 20:00:00+00:00,2.44,2.442,2.398,2.398,560.2
2025-11-16 00:00:00+00:00,2.406,2.439,2.369,2.421,567.2
2025-11-16 04:00:00+00:00,2.443,2.512,2.443,2.479,215.8
2025-11-16 08:00:00+00:00,2.457,2.566,2.453,2.476,5541.3
2025-11-16 12:00:00+00:00,2.501,2.501,2.34,2.34,2828.4
2025-11-16 16:00:00+00:00,2.339,2.349,2.266,2.276,2777.7
2025-11-16 20:00:00+00:00,2.267,2.313,2.24,2.284,1334.9
2025-11-17 00:00:00+00:00,2.276,2.352,2.256,2.311,318.1
2025-11-17 04:00:00+00:00,2.316,2.343,2.295,2.295,182.4
2025-11-17 08:00:00+00:00,2.305,2.305,2.294,2.3,14.6
2025-11-17 12:00:00+00:00,2.299,2.333,2.222,2.276,3124.3
2025-11-17 16:00:00+00:00,2.258,2.329,2.174,2.193,14502.4
2025-11-17 20:00:00+00:00,2.206,2.261,2.183,2.261,684.1
2025-11-18 00:00:00+00:00,2.273,2.319,2.251,2.311,757.2
2025-11-18 04:00:00+00:00,2.276,2.306,2.241,2.241,81.8
2025-11-18 08:00:00+00:00,2.243,2.291,2.222,2.222,175.2
2025-11-18 12:00:00+00:00,2.211,2.287,2.207,2.287,279.9
2025-11-18 16:00:00+00:00,2.293,2.347,2.293,2.311,392.2
2025-11-18 20:00:00+00:00,2.302,2.319,2.276,2.304,1554.3
2025-11-19 00:00:00+00:00,2.266,2.307,2.256,2.267,2426.2
2025-11-19 04:00:00+00:00,2.258,2.261,2.191,2.241,448.6
2025-11-19 08:00:00+00:00,2.25,2.306,2.25,2.293,329.8
2025-11-19 12:00:00+00:00,2.306,2.309,2.23,2.23,653.5
2025-11-19 16:00:00+00:00,2.246,2.246,2.146,2.216,1632.6
2025-11-19 20:00:00+00:00,2.185,2.4,2.176,2.367,1864.0
2025-11-20 00:00:00+00:00,2.38,2.403,2.335,2.365,1064.2
2025-11-20 04:00:00+00:00,2.377,2.401,2.377,2.401,89.1
2025-11-20 08:00:00+00:00,2.361,2.361,2.347,2.349,115.7
2025-11-20 12:00:00+00:00,2.329,2.337,2.259,2.259,726.8
2025-11-20 16:00:00+00:00,2.258,2.258,2.098,2.114,4010.4
2025-11-20 20:00:00+00:00,2.118,2.161,2.062,2.062,3283.5
2025-11-21 00:00:00+00:00,2.074,2.083,2.042,2.042,1792.7
2025-11-21 04:00:00+00:00,2.042,2.051,1.9,1.955,2571.2
2025-11-21 08:00:00+00:00,1.971,1.994,1.899,1.899,1368.8
2025-11-21 12:00:00+00:00,1.895,1.951,1.87,1.889,2635.3
2025-11-21 16:00:00+00:00,1.878,1.931,1.858,1.895,1951.0
2025-11-21 20:00:00+00:00,1.854,1.886,1.825,1.825,3024.2
2025-11-22 00:00:00+00:00,1.846,1.895,1.836,1.895,574.6
2025-11-22 04:00:00+00:00,1.85,1.876,1.831,1.831,124.0
2025-11-22 08:00:00+00:00,1.84,1.853,1.815,1.853,1354.6
2025-11-22 12:00:00+00:00,1.815,1.854,1.809,1.835,90.4
2025-11-22 16:00:00+00:00,1.82,1.851,1.802,1.847,340.0
2025-11-22 20:00:00+00:00,1.822,1.864,1.822,1.835,111.0
2025-11-23 00:00:00+00:00,1.848,1.903,1.848,1.903,610.3
2025-11-23 04:00:00+00:00,1.912,1.912,1.859,1.859,520.3
2025-11-23 08:00:00+00:00,1.857,1.857,1.844,1.844,484.8
2025-11-23 12:00:00+00:00,1.885,1.885,1.885,1.885,379.3
2025-11-23 16:00:00+00:00,1.885,1.885,1.822,1.827,469.7
2025-11-23 20:00:00+00:00,1.863,1.868,1.822,1.822,25.3
2025-11-24 00:00:00+00:00,1.816,1.863,1.814,1.863,66.3
2025-11-24 04:00:00+00:00,1.858,1.887,1.858,1.887,57.3
2025-11-24 08:00:00+00:00,1.845,1.845,1.823,1.823,311.0
2025-11-24 12:00:00+00:00,1.826,1.942,1.826,1.93,545.7
2025-11-24 16:00:00+00:00,1.925,1.981,1.915,1.979,355.8
2025-11-24 20:00:00+00:00,1.942,1.942,1.924,1.924,922.3
2025-11-25 00:00:00+00:00,1.907,1.907,1.907,1.907,6.0
2025-11-25 04:00:00+00:00,1.903,1.917,1.85,1.85,56.0
2025-11-25 08:00:00+00:00,1.849,1.873,1.842,1.842,458.7
2025-11-25 12:00:00+00:00,1.879,2.039,1.822,1.822,1192.1
2025-11-25 16:00:00+00:00,1.862,1.921,1.847,1.87,310.6
2025-11-25 20:00:00+00:00,1.899,1.921,1.857,1.921,126.9
2025-11-26 00:00:00+00:00,1.921,1.921,1.921,1.921,0.0
2025-11-26 04:00:00+00:00,1.878,1.919,1.878,1.919,13.7
2025-11-26 08:00:00+00:00,1.873,1.873,1.849,1.849,27.4
2025-11-26 12:00:00+00:00,1.844,1.886,1.842,1.886,29.7
2025-11-26 16:00:00+00:00,1.885,1.971,1.885,1.97,868.3
2025-11-26 20:00:00+00:00,1.908,1.971,1.908,1.971,54.9
2025-11-27 00:00:00+00:00,1.969,1.969,1.933,1.967,569.0
2025-11-27 04:00:00+00:00,1.956,1.969,1.908,1.908,69.4
2025-11-27 08:00:00+00:00,1.908,1.908,1.908,1.908,2.2
2025-11-27 12:00:00+00:00,1.921,1.946,1.904,1.904,415.9
2025-11-27 16:00:00+00:00,1.949,1.949,1.949,1.949,5.0
2025-11-27 20:00:00+00:00,1.948,1.95,1.903,1.944,2868.7
2025-11-28 00:00:00+00:00,1.9,1.942,1.871,1.871,121.6
2025-11-28 04:00:00+00:00,1.915,1.915,1.871,1.912,127.8
2025-11-28 08:00:00+00:00,1.916,1.94,1.878,1.899,312.1
2025-11-28 12:00:00+00:00,1.936,1.954,1.936,1.954,143.4
2025-11-28 16:00:00+00:00,1.907,1.934,1.854,1.89,149.9
2025-11-28 20:00:00+00:00,1.884,1.887,1.855,1.883,1135.0
2025-11-29 00:00:00+00:00,1.881,1.881,1.863,1.863,26.3
2025-11-29 04:00:00+00:00,1.881,1.912,1.88,1.894,542.9
2025-11-29 08:00:00+00:00,1.894,1.894,1.894,1.894,0.0
2025-11-29 12:00:00+00:00,1.878,1.878,1.855,1.857,542.8
2025-11-29 16:00:00+00:00,1.856,1.896,1.842,1.842,178.3
2025-11-29 20:00:00+00:00,1.85,1.851,1.85,1.851,67.5
2025-11-30 00:00:00+00:00,1.853,1.853,1.853,1.853,9.4
2025-11-30 04:00:00+00:00,1.854,1.855,1.854,1.855,16.2
2025-11-30 08:00:00+00:00,1.855,1.855,1.855,1.855,0.0
2025-11-30 12:00:00+00:00,1.855,1.855,1.855,1.855,0.0
2025-11-30 16:00:00+00:00,1.878,1.883,1.872,1.883,71.4
2025-11-30 20:00:00+00:00,1.832,1.833,1.801,1.801,1153.5
2025-12-01 00:00:00+00:00,1.801,1.801,1.641,1.673,4652.9
2025-12-01 04:00:00+00:00,1.646,1.691,1.646,1.667,172.0
2025-12-01 08:00:00+00:00,1.67,1.691,1.637,1.637,1272.4
2025-12-01 12:00:00+00:00,1.635,1.635,1.6,1.6,1803.6
2025-12-01 16:00:00+00:00,1.639,1.639,1.589,1.637,178.9
2025-12-01 20:00:00+00:00,1.639,1.639,1.595,1.595,375.4
2025-12-02 00:00:00+00:00,1.64,1.649,1.64,1.649,20.5
2025-12-02 04:00:00+00:00,1.665,1.674,1.665,1.674,29.4
2025-12-02 08:00:00+00:00,1.689,1.719,1.689,1.719,82.2
2025-12-02 12:00:00+00:00,1.726,1.829,1.725,1.829,432.3
2025-12-02 16:00:00+00:00,1.81,1.81,1.789,1.789,27.9
2025-12-02 20:00:00+00:00,1.789,1.789,1.789,1.789,80.8
2025-12-03 00:00:00+00:00,1.789,1.789,1.789,1.789,0.0
2025-12-03 04:00:00+00:00,1.831,1.84,1.83,1.84,179.1
2025-12-03 08:00:00+00:00,1.794,1.794,1.789,1.789,35.1
2025-12-03 12:00:00+00:00,1.788,1.816,1.767,1.815,881.5
2025-12-03 16:00:00+00:00,1.798,1.828,1.789,1.828,114.3
2025-12-03 20:00:00+00:00,1.829,1.883,1.789,1.883,242.5
2025-12-04 00:00:00+00:00,1.88,1.883,1.88,1.883,36.4
2025-12-04 04:00:00+00:00,1.883,1.884,1.881,1.881,20.7
2025-12-04 08:00:00+00:00,1.879,1.892,1.879,1.892,46.5
2025-12-04 12:00:00+00:00,1.9,1.9,1.822,1.822,34.5
2025-12-04 16:00:00+00:00,1.817,1.817,1.76,1.76,175.3
2025-12-04 20:00:00+00:00,1.8,1.825,1.8,1.825,36.6
2025-12-05 00:00:00+00:00,1.771,1.771,1.771,1.771,2.0
2025-12-05 04:00:00+00:00,1.827,1.827,1.824,1.825,17.4
2025-12-05 08:00:00+00:00,1.817,1.817,1.733,1.771,119.6
2025-12-05 12:00:00+00:00,1.769,1.769,1.697,1.697,32.3
2025-12-05 16:00:00+00:00,1.69,1.699,1.648,1.694,659.7
2025-12-05 20:00:00+00:00,1.699,1.699,1.699,1.699,11.0
2025-12-06 00:00:00+00:00,1.699,1.699,1.699,1.699,0.0
2025-12-06 04:00:00+00:00,1.699,1.699,1.695,1.695,3.9
2025-12-06 08:00:00+00:00,1.7,1.7,1.668,1.673,121.3
2025-12-06 12:00:00+00:00,1.718,1.746,1.691,1.691,677.1
2025-12-06 16:00:00+00:00,1.7,1.7,1.7,1.7,57.3
2025-12-06 20:00:00+00:00,1.742,1.742,1.701,1.701,36.7
2025-12-07 00:00:00+00:00,1.7,1.744,1.7,1.744,17.8
2025-12-07 04:00:00+00:00,1.742,1.742,1.742,1.742,2.9
2025-12-07 08:00:00+00:00,1.697,1.698,1.689,1.689,330.2
2025-12-07 12:00:00+00:00,1.689,1.694,1.654,1.694,182.3
2025-12-07 16:00:00+00:00,1.699,1.8,1.699,1.733,3452.7
2025-12-07 20:00:00+00:00,1.752,1.755,1.689,1.689,148.5
2025-12-08 00:00:00+00:00,1.689,1.783,1.689,1.752,813.3
2025-12-08 04:00:00+00:00,1.752,1.8,1.717,1.796,258.3
2025-12-08 08:00:00+00:00,1.796,1.796,1.796,1.796,0.0
2025-12-08 12:00:00+00:00,1.799,1.799,1.743,1.743,21.3
2025-12-08 16:00:00+00:00,1.743,1.799,1.743,1.777,281.3
2025-12-08 20:00:00+00:00,1.742,1.742,1.74,1.74,7.4
2025-12-09 00:00:00+00:00,1.767,1.767,1.733,1.733,26.7
2025-12-09 04:00:00+00:00,1.732,1.745,1.706,1.706,80.1
2025-12-09 08:00:00+00:00,1.744,1.744,1.744,1.744,4.0
2025-12-09 12:00:00+00:00,1.745,1.829,1.72,1.829,263.7
2025-12-09 16:00:00+00:00,1.835,1.867,1.825,1.83,74.2
2025-12-09 20:00:00+00:00,1.822,1.822,1.787,1.787,67.7
2025-12-10 00:00:00+00:00,1.827,1.827,1.81,1.81,8.6
2025-12-10 04:00:00+00:00,1.8,1.8,1.771,1.771,47.6
2025-12-10 08:00:00+00:00,1.767,1.767,1.743,1.743,439.0
2025-12-10 12:00:00+00:00,1.742,1.776,1.74,1.776,92.9
2025-12-10 16:00:00+00:00,1.777,1.816,1.747,1.807,104.5
2025-12-10 20:00:00+00:00,1.823,1.866,1.743,1.743,1393.4
2025-12-11 00:00:00+00:00,1.742,1.742,1.662,1.666,749.7
2025-12-11 04:00:00+00:00,1.685,1.696,1.685,1.696,261.6
2025-12-11 08:00:00+00:00,1.673,1.691,1.654,1.691,340.2
2025-12-11 12:00:00+00:00,1.691,1.691,1.689,1.689,73.3
2025-12-11 16:00:00+00:00,1.638,1.674,1.635,1.674,1597.9
2025-12-11 20:00:00+00:00,1.689,1.723,1.68,1.68,86.5
2025-12-12 00:00:00+00:00,1.662,1.694,1.638,1.694,1766.2
2025-12-12 04:00:00+00:00,1.694,1.7,1.672,1.672,96.2
2025-12-12 08:00:00+00:00,1.666,1.666,1.666,1.666,7.8
2025-12-12 12:00:00+00:00,1.717,1.717,1.612,1.612,1705.8
2025-12-12 16:00:00+00:00,1.607,1.624,1.588,1.599,426.1
2025-12-12 20:00:00+00:00,1.599,1.599,1.599,1.599,0.0
2025-12-13 00:00:00+00:00,1.639,1.649,1.639,1.649,405.2
2025-12-13 04:00:00+00:00,1.658,1.658,1.658,1.658,12.0
2025-12-13 08:00:00+00:00,1.659,1.681,1.633,1.681,196.5
2025-12-13 12:00:00+00:00,1.641,1.641,1.641,1.641,58.1
2025-12-13 16:00:00+00:00,1.641,1.641,1.641,1.641,0.0
2025-12-13 20:00:00+00:00,1.661,1.661,1.661,1.661,1457.0
2025-12-14 00:00:00+00:00,1.668,1.668,1.668,1.668,1.2
2025-12-14 04:00:00+00:00,1.664,1.664,1.628,1.628,75.7
2025-12-14 08:00:00+00:00,1.628,1.628,1.612,1.612,30.9
2025-12-14 12:00:00+00:00,1.64,1.64,1.606,1.606,97.1
2025-12-14 16:00:00+00:00,1.614,1.618,1.6,1.6,63.6
2025-12-14 20:00:00+00:00,1.588,1.609,1.578,1.593,961.8
2025-12-15 00:00:00+00:00,1.575,1.641,1.575,1.641,159.2
2025-12-15 04:00:00+00:00,1.635,1.637,1.603,1.633,176.4
2025-12-15 08:00:00+00:00,1.633,1.633,1.633,1.633,0.0
2025-12-15 12:00:00+00:00,1.588,1.588,1.529,1.54,1050.5
2025-12-15 16:00:00+00:00,1.528,1.55,1.496,1.53,983.7
2025-12-15 20:00:00+00:00,1.53,1.551,1.53,1.551,106.2
2025-12-16 00:00:00+00:00,1.551,1.551,1.551,1.551,0.0
2025-12-16 04:00:00+00:00,1.555,1.618,1.519,1.519,602.7
2025-12-16 08:00:00+00:00,1.557,1.557,1.557,1.557,4.5
2025-12-16 12:00:00+00:00,1.519,1.555,1.507,1.555,114.0
2025-12-16 16:00:00+00:00,1.563,1.593,1.563,1.593,69.2
2025-12-16 20:00:00+00:00,1.597,1.614,1.578,1.578,78.7
2025-12-17 00:00:00+00:00,1.564,1.592,1.555,1.592,486.7
2025-12-17 04:00:00+00:00,1.554,1.571,1.535,1.571,117.6
2025-12-17 08:00:00+00:00,1.535,1.535,1.534,1.534,109.5
2025-12-17 12:00:00+00:00,1.534,1.599,1.528,1.54,222.3
2025-12-17 16:00:00+00:00,1.534,1.534,1.471,1.471,834.1
2025-12-17 20:00:00+00:00,1.482,1.493,1.482,1.493,15.8
2025-12-18 00:00:00+00:00,1.484,1.484,1.463,1.478,93.3
2025-12-18 04:00:00+00:00,1.46,1.478,1.456,1.478,39.2
2025-12-18 08:00:00+00:00,1.479,1.479,1.479,1.479,10.9
2025-12-18 12:00:00+00:00,1.488,1.585,1.488,1.585,628.9
2025-12-18 16:00:00+00:00,1.547,1.593,1.426,1.426,786.1
2025-12-18 20:00:00+00:00,1.439,1.453,1.425,1.425,183.4
2025-12-19 00:00:00+00:00,1.422,1.483,1.415,1.483,293.8
2025-12-19 04:00:00+00:00,1.47,1.5,1.47,1.475,2851.8
2025-12-19 08:00:00+00:00,1.472,1.504,1.472,1.476,104.4
2025-12-19 12:00:00+00:00,1.506,1.533,1.506,1.533,126.2
2025-12-19 16:00:00+00:00,1.539,1.551,1.506,1.551,202.6
2025-12-19 20:00:00+00:00,1.518,1.518,1.518,1.518,114.9
2025-12-20 00:00:00+00:00,1.553,1.553,1.517,1.517,92.7
2025-12-20 04:00:00+00:00,1.511,1.53,1.511,1.53,44.8
2025-12-20 08:00:00+00:00,1.511,1.511,1.511,1.511,1.7
2025-12-20 12:00:00+00:00,1.53,1.53,1.53,1.53,6.5
2025-12-20 16:00:00+00:00,1.536,1.536,1.536,1.536,3.1
2025-12-20 20:00:00+00:00,1.54,1.542,1.506,1.506,127.4
2025-12-21 00:00:00+00:00,1.539,1.539,1.5,1.5,16.1
2025-12-21 04:00:00+00:00,1.494,1.527,1.494,1.527,64.1
2025-12-21 08:00:00+00:00,1.528,1.533,1.528,1.533,7.0
2025-12-21 12:00:00+00:00,1.5,1.5,1.46,1.46,92.2
2025-12-21 16:00:00+00:00,1.49,1.492,1.45,1.492,331.5
2025-12-21 20:00:00+00:00,1.493,1.523,1.49,1.523,242.5
2025-12-22 00:00:00+00:00,1.528,1.533,1.5,1.5,8.2
2025-12-22 04:00:00+00:00,1.525,1.533,1.525,1.533,87.2
2025-12-22 08:00:00+00:00,1.54,1.567,1.54,1.567,195.3
2025-12-22 12:00:00+00:00,1.569,1.588,1.569,1.586,128.5
2025-12-22 16:00:00+00:00,1.541,1.541,1.511,1.511,153.4
2025-12-22 20:00:00+00:00,1.506,1.506,1.494,1.494,17.3
2025-12-23 00:00:00+00:00,1.488,1.488,1.483,1.483,15.0
2025-12-23 04:00:00+00:00,1.491,1.491,1.491,1.491,6.7
2025-12-23 08:00:00+00:00,1.482,1.482,1.471,1.473,15.8
2025-12-23 12:00:00+00:00,1.496,1.496,1.465,1.465,13.4
2025-12-23 16:00:00+00:00,1.498,1.528,1.488,1.488,37.1
2025-12-23 20:00:00+00:00,1.516,1.528,1.488,1.488,28.5
2025-12-24 00:00:00+00:00,1.483,1.483,1.46,1.46,26.4
2025-12-24 04:00:00+00:00,1.456,1.456,1.444,1.444,347.3
2025-12-24 08:00:00+00:00,1.454,1.455,1.454,1.455,26.8
2025-12-24 12:00:00+00:00,1.458,1.458,1.443,1.443,7.4
2025-12-24 16:00:00+00:00,1.443,1.443,1.443,1.443,0.0
2025-12-24 20:00:00+00:00,1.472,1.472,1.472,1.472,2.6
2025-12-25 00:00:00+00:00,1.448,1.5,1.448,1.5,111.2
2025-12-25 04:00:00+00:00,1.502,1.504,1.474,1.474,18.8
2025-12-25 08:00:00+00:00,1.474,1.474,1.467,1.467,162.1
2025-12-25 12:00:00+00:00,1.496,1.508,1.496,1.508,10.3
2025-12-25 16:00:00+00:00,1.499,1.506,1.499,1.506,17.8
2025-12-25 20:00:00+00:00,1.492,1.508,1.437,1.437,96.2
2025-12-26 00:00:00+00:00,1.433,1.533,1.433,1.533,236.3
2025-12-26 04:00:00+00:00,1.54,1.551,1.54,1.551,73.1
2025-12-26 08:00:00+00:00,1.551,1.551,1.551,1.551,0.0
2025-12-26 12:00:00+00:00,1.537,1.537,1.489,1.489,31.8
2025-12-26 16:00:00+00:00,1.501,1.528,1.5,1.528,25.2
2025-12-26 20:00:00+00:00,1.528,1.528,1.528,1.528,0.0
2025-12-27 00:00:00+00:00,1.533,1.533,1.5,1.533,32.0
2025-12-27 04:00:00+00:00,1.54,1.54,1.508,1.536,22.0
2025-12-27 08:00:00+00:00,1.512,1.512,1.506,1.506,120.9
2025-12-27 12:00:00+00:00,1.54,1.551,1.54,1.551,25.6
2025-12-27 16:00:00+00:00,1.563,1.577,1.541,1.541,34.9
2025-12-27 20:00:00+00:00,1.579,1.609,1.543,1.609,44.7
2025-12-28 00:00:00+00:00,1.59,1.599,1.566,1.571,261.0
2025-12-28 04:00:00+00:00,1.6,1.61,1.6,1.61,3.8
2025-12-28 08:00:00+00:00,1.597,1.597,1.597,1.597,0.8
2025-12-28 12:00:00+00:00,1.593,1.593,1.593,1.593,3.1
2025-12-28 16:00:00+00:00,1.587,1.587,1.554,1.554,18.6
2025-12-28 20:00:00+00:00,1.554,1.576,1.471,1.576,1247.1
2025-12-29 00:00:00+00:00,1.589,1.623,1.579,1.579,325.6
2025-12-29 04:00:00+00:00,1.579,1.607,1.579,1.606,2665.0
2025-12-29 08:00:00+00:00,1.578,1.578,1.54,1.54,28.3
2025-12-29 12:00:00+00:00,1.533,1.533,1.513,1.513,61.1
2025-12-29 16:00:00+00:00,1.509,1.509,1.508,1.508,51.2
2025-12-29 20:00:00+00:00,1.508,1.508,1.508,1.508,0.0
2025-12-30 00:00:00+00:00,1.533,1.533,1.513,1.513,1330.3
2025-12-30 04:00:00+00:00,1.513,1.513,1.512,1.512,2816.1
2025-12-30 08:00:00+00:00,1.534,1.554,1.534,1.554,35.5
2025-12-30 12:00:00+00:00,1.521,1.521,1.519,1.519,14.7
2025-12-30 16:00:00+00:00,1.517,1.543,1.516,1.534,644.8
2025-12-30 20:00:00+00:00,1.534,1.534,1.534,1.534,0.0
2025-12-31 00:00:00+00:00,1.508,1.528,1.494,1.528,843.8
2025-12-31 04:00:00+00:00,1.525,1.526,1.525,1.526,18.3
2025-12-31 08:00:00+00:00,1.526,1.526,1.526,1.526,0.0
2025-12-31 12:00:00+00:00,1.524,1.528,1.494,1.494,78.2
2025-12-31 16:00:00+00:00,1.494,1.5,1.472,1.5,790.4
2025-12-31 20:00:00+00:00,1.472,1.528,1.472,1.528,1442.9
2026-01-01 00:00:00+00:00,1.494,1.527,1.486,1.527,145.2
2026-01-01 04:00:00+00:00,1.527,1.527,1.527,1.527,0.0
2026-01-01 08:00:00+00:00,1.527,1.531,1.527,1.531,121.9
2026-01-01 12:00:00+00:00,1.533,1.58,1.533,1.58,187.7
2026-01-01 16:00:00+00:00,1.589,1.609,1.559,1.609,2419.0
2026-01-01 20:00:00+00:00,1.614,1.627,1.581,1.627,157.4
2026-01-02 00:00:00+00:00,1.633,1.658,1.633,1.658,124.2
2026-01-02 04:00:00+00:00,1.662,1.662,1.662,1.662,1.3
2026-01-02 08:00:00+00:00,1.662,1.662,1.662,1.662,0.0
2026-01-02 12:00:00+00:00,1.66,1.66,1.66,1.66,4.2
2026-01-02 16:00:00+00:00,1.665,1.687,1.665,1.687,206.7
2026-01-02 20:00:00+00:00,1.652,1.692,1.648,1.692,63.0
2026-01-03 00:00:00+00:00,1.699,1.726,1.688,1.706,347.3
2026-01-03 04:00:00+00:00,1.711,1.711,1.662,1.662,17.0
2026-01-03 08:00:00+00:00,1.662,1.699,1.662,1.699,21.6
2026-01-03 12:00:00+00:00,1.7,1.7,1.7,1.7,48.6
2026-01-03 16:00:00+00:00,1.7,1.7,1.7,1.7,0.0
2026-01-03 20:00:00+00:00,1.692,1.692,1.692,1.692,129.3
2026-01-04 00:00:00+00:00,1.718,1.735,1.718,1.735,27.9
2026-01-04 04:00:00+00:00,1.727,1.727,1.727,1.727,5.8
2026-01-04 08:00:00+00:00,1.727,1.727,1.727,1.727,0.0
2026-01-04 12:00:00+00:00,1.736,1.736,1.736,1.736,2.2
2026-01-04 16:00:00+00:00,1.703,1.741,1.698,1.738,156.5
2026-01-04 20:00:00+00:00,1.693,1.693,1.693,1.693,180.6
2026-01-05 00:00:00+00:00,1.701,1.795,1.7,1.795,384.2
2026-01-05 04:00:00+00:00,1.741,1.776,1.734,1.775,190.9
2026-01-05 08:00:00+00:00,1.733,1.733,1.714,1.714,16.7
2026-01-05 12:00:00+00:00,1.748,1.753,1.748,1.753,18.9
2026-01-05 16:00:00+00:00,1.753,1.78,1.753,1.78,99.4
2026-01-05 20:00:00+00:00,1.782,1.824,1.76,1.799,2526.0
2026-01-06 00:00:00+00:00,1.76,1.792,1.76,1.791,148.7
2026-01-06 04:00:00+00:00,1.799,1.799,1.799,1.799,19.5
2026-01-06 08:00:00+00:00,1.77,1.824,1.742,1.784,168.4
2026-01-06 12:00:00+00:00,1.771,1.837,1.771,1.788,107.2
2026-01-06 16:00:00+00:00,1.828,1.828,1.733,1.733,3054.1
2026-01-06 20:00:00+00:00,1.773,1.828,1.747,1.828,850.7
2026-01-07 00:00:00+00:00,1.767,1.799,1.745,1.799,162.0
2026-01-07 04:00:00+00:00,1.797,1.797,1.785,1.785,58.0
2026-01-07 08:00:00+00:00,1.8,1.8,1.8,1.8,10.0
2026-01-07 12:00:00+00:00,1.76,1.794,1.733,1.733,72.1
2026-01-07 16:00:00+00:00,1.715,1.715,1.715,1.715,11.3
2026-01-07 20:00:00+00:00,1.714,1.714,1.714,1.714,6.0
2026-01-08 00:00:00+00:00,1.707,1.727,1.706,1.706,31.9
2026-01-08 04:00:00+00:00,1.688,1.688,1.68,1.68,16.1
2026-01-08 08:00:00+00:00,1.717,1.717,1.7,1.7,279.3
2026-01-08 12:00:00+00:00,1.707,1.717,1.658,1.717,32.7
2026-01-08 16:00:00+00:00,1.674,1.691,1.67,1.67,111.5
2026-01-08 20:00:00+00:00,1.67,1.67,1.67,1.67,0.0
2026-01-09 00:00:00+00:00,1.679,1.714,1.664,1.713,93.9
2026-01-09 04:00:00+00:00,1.68,1.68,1.68,1.68,4.8
2026-01-09 08:00:00+00:00,1.662,1.699,1.662,1.699,34.3
2026-01-09 12:00:00+00:00,1.7,1.745,1.7,1.745,53.9
2026-01-09 16:00:00+00:00,1.753,1.772,1.679,1.692,59.8
2026-01-09 20:00:00+00:00,1.692,1.692,1.692,1.692,0.0
2026-01-10 00:00:00+00:00,1.712,1.712,1.712,1.712,0.6
2026-01-10 04:00:00+00:00,1.704,1.704,1.678,1.678,23.5
2026-01-10 08:00:00+00:00,1.687,1.687,1.687,1.687,0.9
2026-01-10 12:00:00+00:00,1.718,1.726,1.718,1.726,19.1
2026-01-10 16:00:00+00:00,1.688,1.688,1.688,1.688,5.4
2026-01-10 20:00:00+00:00,1.689,1.689,1.688,1.688,24.4
2026-01-11 00:00:00+00:00,1.681,1.706,1.681,1.706,156.8
2026-01-11 04:00:00+00:00,1.706,1.911,1.681,1.681,2718.7
2026-01-11 08:00:00+00:00,1.725,1.725,1.72,1.72,12.6
2026-01-11 12:00:00+00:00,1.72,1.72,1.72,1.72,0.0
2026-01-11 16:00:00+00:00,1.725,1.726,1.725,1.726,12.2
2026-01-11 20:00:00+00:00,1.688,1.688,1.678,1.678,42.9
2026-01-12 00:00:00+00:00,1.678,1.77,1.678,1.77,136.0
2026-01-12 04:00:00+00:00,1.772,1.772,1.772,1.772,1.0
2026-01-12 08:00:00+00:00,1.714,1.714,1.678,1.678,97.1
2026-01-12 12:00:00+00:00,1.662,1.718,1.654,1.718,69.2
2026-01-12 16:00:00+00:00,1.726,1.733,1.688,1.688,51.9
2026-01-12 20:00:00+00:00,1.688,1.688,1.678,1.678,636.1
2026-01-13 00:00:00+00:00,1.718,1.723,1.718,1.723,161.0
2026-01-13 04:00:00+00:00,1.723,1.753,1.723,1.753,343.6
2026-01-13 08:00:00+00:00,1.752,1.806,1.752,1.805,420.5
2026-01-13 12:00:00+00:00,1.806,1.827,1.806,1.819,100.5
2026-01-13 16:00:00+00:00,1.826,1.849,1.775,1.849,307.9
2026-01-13 20:00:00+00:00,1.849,1.891,1.845,1.891,280.2
2026-01-14 00:00:00+00:00,1.847,1.847,1.847,1.847,77.9
2026-01-14 04:00:00+00:00,1.844,1.844,1.843,1.843,18.5
2026-01-14 08:00:00+00:00,1.854,1.867,1.854,1.867,457.8
2026-01-14 12:00:00+00:00,1.822,1.822,1.803,1.803,384.6
2026-01-14 16:00:00+00:00,1.858,1.862,1.803,1.84,747.4
2026-01-14 20:00:00+00:00,1.8,1.824,1.789,1.823,69.7
2026-01-15 00:00:00+00:00,1.789,1.829,1.741,1.75,324.4
2026-01-15 04:00:00+00:00,1.791,1.791,1.791,1.791,28.9
2026-01-15 08:00:00+00:00,1.799,1.799,1.746,1.746,123.8
2026-01-15 12:00:00+00:00,1.8,1.81,1.725,1.725,431.6
2026-01-15 16:00:00+00:00,1.733,1.733,1.706,1.706,36.4
2026-01-15 20:00:00+00:00,1.697,1.742,1.697,1.724,421.2
2026-01-16 00:00:00+00:00,1.724,1.724,1.724,1.724,0.0
2026-01-16 04:00:00+00:00,1.737,1.745,1.719,1.745,255.8
2026-01-16 08:00:00+00:00,1.745,1.745,1.745,1.745,0.0
2026-01-16 12:00:00+00:00,1.72,1.748,1.68,1.68,358.7
2026-01-16 16:00:00+00:00,1.694,1.694,1.694,1.694,17.6
2026-01-16 20:00:00+00:00,1.718,1.742,1.697,1.708,65.9
2026-01-17 00:00:00+00:00,1.708,1.708,1.708,1.708,0.0
2026-01-17 04:00:00+00:00,1.745,1.77,1.745,1.77,31.0
2026-01-17 08:00:00+00:00,1.773,1.8,1.757,1.8,33.1
2026-01-17 12:00:00+00:00,1.806,1.806,1.806,1.806,1.2
2026-01-17 16:00:00+00:00,1.763,1.806,1.763,1.805,411.6
2026-01-17 20:00:00+00:00,1.76,1.76,1.749,1.749,15.9
2026-01-18 00:00:00+00:00,1.749,1.749,1.726,1.726,54.2
2026-01-18 04:00:00+00:00,1.726,1.726,1.706,1.706,27.9
2026-01-18 08:00:00+00:00,1.707,1.738,1.706,1.738,338.1
2026-01-18 12:00:00+00:00,1.737,1.742,1.694,1.694,58.3
2026-01-18 16:00:00+00:00,1.694,1.694,1.694,1.694,0.0
2026-01-18 20:00:00+00:00,1.707,1.734,1.628,1.628,5887.7
2026-01-19 00:00:00+00:00,1.624,1.624,1.471,1.594,1774.2
2026-01-19 04:00:00+00:00,1.596,1.596,1.56,1.56,131.4
2026-01-19 08:00:00+00:00,1.555,1.555,1.555,1.555,2.4
2026-01-19 12:00:00+00:00,1.554,1.583,1.554,1.568,167.4
2026-01-19 16:00:00+00:00,1.568,1.614,1.568,1.614,342.7
2026-01-19 20:00:00+00:00,1.591,1.62,1.578,1.578,144.8
2026-01-20 00:00:00+00:00,1.612,1.612,1.612,1.612,61.9
2026-01-20 04:00:00+00:00,1.595,1.595,1.595,1.595,6.2
2026-01-20 08:00:00+00:00,1.554,1.571,1.54,1.571,23.8
2026-01-20 12:00:00+00:00,1.531,1.553,1.525,1.553,183.9
2026-01-20 16:00:00+00:00,1.521,1.528,1.511,1.528,66.5
2026-01-20 20:00:00+00:00,1.506,1.506,1.494,1.494,96.3
2026-01-21 00:00:00+00:00,1.528,1.544,1.528,1.544,24.2
2026-01-21 04:00:00+00:00,1.544,1.544,1.544,1.544,1.8
2026-01-21 08:00:00+00:00,1.544,1.544,1.544,1.544,0.0
2026-01-21 12:00:00+00:00,1.506,1.551,1.494,1.551,58.8
2026-01-21 16:00:00+00:00,1.517,1.574,1.494,1.574,293.5
2026-01-21 20:00:00+00:00,1.574,1.574,1.53,1.53,138.6
2026-01-22 00:00:00+00:00,1.562,1.562,1.562,1.562,6.5
2026-01-22 04:00:00+00:00,1.562,1.562,1.562,1.562,2890.1
2026-01-22 08:00:00+00:00,1.562,1.562,1.562,1.562,0.0
2026-01-22 12:00:00+00:00,1.559,1.559,1.506,1.506,135.9
2026-01-22 16:00:00+00:00,1.506,1.506,1.506,1.506,0.0
2026-01-22 20:00:00+00:00,1.506,1.506,1.506,1.506,0.0
2026-01-23 00:00:00+00:00,1.498,1.501,1.498,1.5,55.7
2026-01-23 04:00:00+00:00,1.533,1.541,1.533,1.541,25.5
2026-01-23 08:00:00+00:00,1.543,1.543,1.543,1.543,123.9
2026-01-23 12:00:00+00:00,1.506,1.526,1.484,1.526,448.3
2026-01-23 16:00:00+00:00,1.528,1.544,1.496,1.496,51.0
2026-01-23 20:00:00+00:00,1.496,1.496,1.496,1.496,0.0
2026-01-24 00:00:00+00:00,1.526,1.526,1.526,1.526,6.5
2026-01-24 04:00:00+00:00,1.526,1.526,1.526,1.526,0.0
2026-01-24 08:00:00+00:00,1.526,1.526,1.526,1.526,0.0
2026-01-24 12:00:00+00:00,1.526,1.526,1.526,1.526,0.0
2026-01-24 16:00:00+00:00,1.494,1.565,1.494,1.506,381.7
2026-01-24 20:00:00+00:00,1.51,1.51,1.51,1.51,50.0
2026-01-25 00:00:00+00:00,1.522,1.531,1.494,1.519,1245.8
2026-01-25 04:00:00+00:00,1.518,1.518,1.488,1.488,5.4
2026-01-25 08:00:00+00:00,1.486,1.486,1.486,1.486,3.9
2026-01-25 12:00:00+00:00,1.511,1.511,1.472,1.486,163.1
2026-01-25 16:00:00+00:00,1.471,1.484,1.427,1.446,412.0
2026-01-25 20:00:00+00:00,1.416,1.416,1.415,1.415,30.9
2026-01-26 00:00:00+00:00,1.447,1.468,1.412,1.468,243.2
2026-01-26 04:00:00+00:00,1.47,1.47,1.47,1.47,13.2
2026-01-26 08:00:00+00:00,1.438,1.438,1.438,1.438,384.1
2026-01-26 12:00:00+00:00,1.439,1.482,1.438,1.482,64.6
2026-01-26 16:00:00+00:00,1.45,1.45,1.449,1.449,33.2
2026-01-26 20:00:00+00:00,1.445,1.445,1.444,1.444,80.2
2026-01-27 00:00:00+00:00,1.444,1.444,1.444,1.444,0.0
2026-01-27 04:00:00+00:00,1.444,1.444,1.444,1.444,0.0
2026-01-27 08:00:00+00:00,1.481,1.481,1.481,1.481,4.7
2026-01-27 12:00:00+00:00,1.481,1.481,1.481,1.481,0.0
2026-01-27 16:00:00+00:00,1.482,1.501,1.458,1.458,596.9
2026-01-27 20:00:00+00:00,1.493,1.503,1.472,1.472,110.6
2026-01-28 00:00:00+00:00,1.494,1.494,1.494,1.494,133.7
2026-01-28 04:00:00+00:00,1.49,1.494,1.472,1.472,1026.3
2026-01-28 08:00:00+00:00,1.47,1.495,1.47,1.495,536.9
2026-01-28 12:00:00+00:00,1.493,1.493,1.493,1.493,4.7
2026-01-28 16:00:00+00:00,1.493,1.493,1.493,1.493,0.0
2026-01-28 20:00:00+00:00,1.493,1.493,1.493,1.493,0.0
2026-01-29 00:00:00+00:00,1.5,1.5,1.449,1.449,53.0
2026-01-29 04:00:00+00:00,1.479,1.479,1.459,1.459,36.0
2026-01-29 08:00:00+00:00,1.438,1.47,1.416,1.416,114.2
2026-01-29 12:00:00+00:00,1.429,1.476,1.355,1.38,1710.6
2026-01-29 16:00:00+00:00,1.383,1.404,1.35,1.373,3650.7
2026-01-29 20:00:00+00:00,1.374,1.381,1.374,1.381,26.2
2026-01-30 00:00:00+00:00,1.367,1.385,1.312,1.354,999.6
2026-01-30 04:00:00+00:00,1.323,1.323,1.308,1.317,1610.4
2026-01-30 08:00:00+00:00,1.337,1.338,1.309,1.338,109.6
2026-01-30 12:00:00+00:00,1.332,1.349,1.308,1.308,93.1
2026-01-30 16:00:00+00:00,1.323,1.343,1.29,1.343,675.2
2026-01-30 20:00:00+00:00,1.343,1.343,1.343,1.343,0.0
2026-01-31 00:00:00+00:00,1.344,1.344,1.344,1.344,18.6
2026-01-31 04:00:00+00:00,1.308,1.308,1.308,1.308,13.4
2026-01-31 08:00:00+00:00,1.288,1.297,1.285,1.285,102.4
2026-01-31 12:00:00+00:00,1.278,1.284,1.23,1.253,805.7
2026-01-31 16:00:00+00:00,1.254,1.271,1.134,1.183,2138.9
2026-01-31 20:00:00+00:00,1.19,1.212,1.188,1.212,102.1
2026-02-01 00:00:00+00:00,1.212,1.212,1.212,1.212,0.0
2026-02-01 04:00:00+00:00,1.212,1.212,1.212,1.212,0.0
2026-02-01 08:00:00+00:00,1.216,1.216,1.216,1.216,8.2
2026-02-01 12:00:00+00:00,1.182,1.182,1.164,1.164,46.7
2026-02-01 16:00:00+00:00,1.182,1.182,1.182,1.182,12.7
2026-02-01 20:00:00+00:00,1.179,1.185,1.146,1.185,281.8
2026-02-02 00:00:00+00:00,1.19,1.199,1.138,1.18,400.9
2026-02-02 04:00:00+00:00,1.186,1.189,1.142,1.184,327.6
2026-02-02 08:00:00+00:00,1.184,1.184,1.184,1.184,0.0
2026-02-02 12:00:00+00:00,1.199,1.237,1.199,1.237,62.4
2026-02-02 16:00:00+00:00,1.237,1.237,1.237,1.237,0.0
2026-02-02 20:00:00+00:00,1.21,1.23,1.21,1.23,88.5
2026-02-03 00:00:00+00:00,1.232,1.232,1.176,1.176,171.6
2026-02-03 04:00:00+00:00,1.21,1.21,1.21,1.21,123.7
2026-02-03 08:00:00+00:00,1.216,1.216,1.216,1.216,5.7
2026-02-03 12:00:00+00:00,1.215,1.215,1.176,1.196,167.7
2026-02-03 16:00:00+00:00,1.172,1.187,1.129,1.178,947.1
2026-02-03 20:00:00+00:00,1.185,1.218,1.172,1.172,159.9
2026-02-04 00:00:00+00:00,1.202,1.202,1.202,1.202,44.3
2026-02-04 04:00:00+00:00,1.172,1.172,1.172,1.172,43.9
2026-02-04 08:00:00+00:00,1.166,1.166,1.166,1.166,6.4
2026-02-04 12:00:00+00:00,1.16,1.179,1.123,1.145,201.0
2026-02-04 16:00:00+00:00,1.139,1.18,1.139,1.18,205.1
2026-02-04 20:00:00+00:00,1.178,1.178,1.154,1.16,243.8
2026-02-05 00:00:00+00:00,1.16,1.16,1.16,1.16,14.8
2026-02-05 04:00:00+00:00,1.136,1.142,1.118,1.126,85.9
2026-02-05 08:00:00+00:00,1.132,1.139,1.091,1.107,1142.0
2026-02-05 12:00:00+00:00,1.118,1.133,1.04,1.074,6770.3
2026-02-05 16:00:00+00:00,1.071,1.085,1.018,1.018,1227.2
2026-02-05 20:00:00+00:00,1.017,1.108,0.93,1.006,2014.2
2026-02-06 00:00:00+00:00,0.971,1.091,0.755,0.949,6155.8
2026-02-06 04:00:00+00:00,0.977,0.995,0.977,0.995,62.3
2026-02-06 08:00:00+00:00,1.008,1.008,1.007,1.007,32.8
2026-02-06 12:00:00+00:00,1.018,1.065,1.018,1.065,301.3
2026-02-06 16:00:00+00:00,1.066,1.162,1.066,1.073,1378.4
2026-02-06 20:00:00+00:00,1.104,1.104,1.08,1.1,566.8
2026-02-07 00:00:00+00:00,1.073,1.104,1.073,1.104,108.7
2026-02-07 04:00:00+00:00,1.093,1.105,1.049,1.049,591.7
2026-02-07 08:00:00+00:00,1.041,1.041,1.041,1.041,24.6
2026-02-07 12:00:00+00:00,1.061,1.074,1.061,1.074,50.3
2026-02-07 16:00:00+00:00,1.082,1.101,1.075,1.075,307.8
2026-02-07 20:00:00+00:00,1.094,1.094,1.092,1.093,301.8
2026-02-08 00:00:00+00:00,1.067,1.067,1.053,1.053,172.1
2026-02-08 04:00:00+00:00,1.074,1.074,1.074,1.074,41.4
2026-02-08 08:00:00+00:00,1.074,1.074,1.074,1.074,0.0
2026-02-08 12:00:00+00:00,1.08,1.081,1.051,1.051,814.0
2026-02-08 16:00:00+00:00,1.05,1.054,1.033,1.054,566.9
2026-02-08 20:00:00+00:00,1.056,1.057,1.033,1.033,71.6
2026-02-09 00:00:00+00:00,1.053,1.054,1.053,1.054,199.4
2026-02-09 04:00:00+00:00,1.054,1.054,1.054,1.054,0.0
2026-02-09 08:00:00+00:00,1.042,1.042,1.0,1.0,108.3
2026-02-09 12:00:00+00:00,1.0,1.0,1.0,1.0,0.0
2026-02-09 16:00:00+00:00,1.016,1.041,1.016,1.041,95.0
2026-02-09 20:00:00+00:00,1.021,1.021,1.021,1.021,23.9
2026-02-10 00:00:00+00:00,1.045,1.045,1.017,1.017,115.3
2026-02-10 04:00:00+00:00,1.002,1.002,0.986,0.986,62.7
2026-02-10 08:00:00+00:00,1.002,1.02,1.002,1.01,231.6
2026-02-10 12:00:00+00:00,0.986,0.986,0.984,0.984,22.0
2026-02-10 16:00:00+00:00,0.984,0.984,0.984,0.984,19.9
2026-02-10 20:00:00+00:00,0.985,0.985,0.984,0.984,139.2
2026-02-11 00:00:00+00:00,1.0,1.006,1.0,1.006,151.2
2026-02-11 04:00:00+00:00,0.983,0.983,0.956,0.956,378.9
2026-02-11 08:00:00+00:00,0.956,0.956,0.956,0.956,1.9
2026-02-11 12:00:00+00:00,0.97,0.993,0.942,0.942,4496.8
2026-02-11 16:00:00+00:00,0.948,0.948,0.948,0.948,23.5
2026-02-11 20:00:00+00:00,0.948,0.984,0.948,0.984,326.2
2026-02-12 00:00:00+00:00,0.985,0.989,0.985,0.988,23.6
2026-02-12 04:00:00+00:00,0.96,0.992,0.96,0.992,75.7
2026-02-12 08:00:00+00:00,0.993,1.008,0.99,1.008,185.9
2026-02-12 12:00:00+00:00,0.986,1.0,0.95,0.96,209.5
2026-02-12 16:00:00+00:00,0.946,0.962,0.938,0.945,765.4
2026-02-12 20:00:00+00:00,0.942,0.959,0.942,0.942,930.8
2026-02-13 00:00:00+00:00,0.944,0.944,0.944,0.944,2.6
2026-02-13 04:00:00+00:00,0.972,0.987,0.948,0.987,40.3
2026-02-13 08:00:00+00:00,0.989,0.99,0.989,0.99,376.2
2026-02-13 12:00:00+00:00,0.99,1.025,0.982,1.025,249.6
2026-02-13 16:00:00+00:00,1.021,1.022,1.021,1.022,136.8
2026-02-13 20:00:00+00:00,1.032,1.032,1.002,1.002,542.6
2026-02-14 00:00:00+00:00,1.025,1.025,1.025,1.025,13.2
2026-02-14 04:00:00+00:00,1.006,1.006,1.006,1.006,86.9
2026-02-14 08:00:00+00:00,1.04,1.041,1.029,1.029,27.5
2026-02-14 12:00:00+00:00,1.054,1.065,1.05,1.05,149.1
2026-02-14 16:00:00+00:00,1.073,1.091,1.073,1.091,312.8
2026-02-14 20:00:00+00:00,1.099,1.099,1.093,1.095,43.4
2026-02-15 00:00:00+00:00,1.087,1.087,1.051,1.051,180.0
2026-02-15 04:00:00+00:00,1.089,1.089,1.089,1.089,179.8
2026-02-15 08:00:00+00:00,1.09,1.09,1.09,1.09,123.3
2026-02-15 12:00:00+00:00,1.065,1.065,1.042,1.042,243.6
2026-02-15 16:00:00+00:00,1.07,1.07,1.034,1.054,78.0
2026-02-15 20:00:00+00:00,1.033,1.056,1.033,1.056,50.5
2026-02-16 00:00:00+00:00,1.057,1.064,1.057,1.064,193.0
2026-02-16 04:00:00+00:00,1.064,1.064,1.064,1.064,61.0
2026-02-16 08:00:00+00:00,1.061,1.061,1.034,1.034,39.0
2026-02-16 12:00:00+00:00,1.033,1.073,1.029,1.029,163.8
2026-02-16 16:00:00+00:00,1.054,1.057,1.054,1.057,24.0
2026-02-16 20:00:00+00:00,1.035,1.066,1.035,1.047,188.6
2026-02-17 00:00:00+00:00,1.065,1.065,1.065,1.065,28.9
2026-02-17 04:00:00+00:00,1.043,1.06,1.041,1.041,101.3
2026-02-17 08:00:00+00:00,1.065,1.065,1.055,1.055,24.6
2026-02-17 12:00:00+00:00,1.045,1.05,1.018,1.018,245.8
2026-02-17 16:00:00+00:00,1.041,1.056,1.041,1.056,263.4
2026-02-17 20:00:00+00:00,1.055,1.055,1.055,1.055,115.0
2026-02-18 00:00:00+00:00,1.053,1.053,1.053,1.053,11.1
2026-02-18 04:00:00+00:00,1.053,1.053,1.053,1.053,0.0
2026-02-18 08:00:00+00:00,1.057,1.059,1.057,1.059,21.3
2026-02-18 12:00:00+00:00,1.051,1.057,1.023,1.057,166.8
2026-02-18 16:00:00+00:00,1.035,1.035,1.004,1.004,299.4
2026-02-18 20:00:00+00:00,1.016,1.016,1.016,1.016,16.4
2026-02-19 00:00:00+00:00,1.019,1.019,1.019,1.019,195.0
2026-02-19 04:00:00+00:00,1.02,1.02,1.02,1.02,16.4
2026-02-19 08:00:00+00:00,1.004,1.04,1.002,1.017,889.7
2026-02-19 12:00:00+00:00,1.022,1.022,0.995,0.995,66.9
2026-02-19 16:00:00+00:00,0.986,1.008,0.985,1.008,220.8
2026-02-19 20:00:00+00:00,1.008,1.008,1.008,1.008,0.0
2026-02-20 00:00:00+00:00,0.996,1.008,0.996,1.008,18.8
2026-02-20 04:00:00+00:00,1.008,1.008,1.008,1.008,0.0
2026-02-20 08:00:00+00:00,1.001,1.023,1.001,1.023,37.0
2026-02-20 12:00:00+00:00,1.024,1.055,1.024,1.055,72.0
2026-02-20 16:00:00+00:00,1.053,1.053,1.02,1.05,268.9
2026-02-20 20:00:00+00:00,1.05,1.05,1.05,1.05,0.0
2026-02-21 00:00:00+00:00,1.056,1.057,1.056,1.057,19.0
2026-02-21 04:00:00+00:00,1.057,1.073,1.055,1.057,345.5
2026-02-21 08:00:00+00:00,1.074,1.106,1.074,1.106,64.4
2026-02-21 12:00:00+00:00,1.082,1.082,1.055,1.055,645.8
2026-02-21 16:00:00+00:00,1.053,1.065,1.053,1.065,140.8
2026-02-21 20:00:00+00:00,1.065,1.065,1.065,1.065,0.0
2026-02-22 00:00:00+00:00,1.05,1.052,1.033,1.033,423.7
2026-02-22 04:00:00+00:00,1.043,1.043,1.043,1.043,4.8
2026-02-22 08:00:00+00:00,1.043,1.043,1.043,1.043,0.0
2026-02-22 12:00:00+00:00,1.019,1.032,1.007,1.007,187.2
2026-02-22 16:00:00+00:00,1.03,1.03,1.03,1.03,28.0
2026-02-22 20:00:00+00:00,1.002,1.002,1.002,1.002,77.5
2026-02-23 00:00:00+00:00,1.025,1.025,0.98,1.003,496.8
2026-02-23 04:00:00+00:00,0.973,1.008,0.973,0.99,150.6
2026-02-23 08:00:00+00:00,0.988,1.02,0.988,1.02,29.0
2026-02-23 12:00:00+00:00,1.017,1.018,1.017,1.018,7.8
2026-02-23 16:00:00+00:00,0.986,0.986,0.971,0.971,140.0
2026-02-23 20:00:00+00:00,0.969,0.989,0.969,0.97,113.9
2026-02-24 00:00:00+00:00,0.991,0.991,0.973,0.991,135.3
2026-02-24 04:00:00+00:00,0.984,0.986,0.966,0.986,29.0
2026-02-24 08:00:00+00:00,0.986,0.986,0.986,0.986,0.0
2026-02-24 12:00:00+00:00,0.986,0.986,0.956,0.978,66.6
2026-02-24 16:00:00+00:00,0.991,0.991,0.99,0.99,32.9
2026-02-24 20:00:00+00:00,0.962,0.983,0.962,0.983,134.9
2026-02-25 00:00:00+00:00,0.993,1.02,0.98,0.998,1061.5
2026-02-25 04:00:00+00:00,0.985,0.994,0.983,0.992,42.6
2026-02-25 08:00:00+00:00,1.008,1.025,1.0,1.025,330.5
2026-02-25 12:00:00+00:00,1.033,1.109,1.033,1.109,558.9
2026-02-25 16:00:00+00:00,1.116,1.193,1.104,1.193,8369.0
2026-02-25 20:00:00+00:00,1.199,1.254,1.143,1.173,1893.1
2026-02-26 00:00:00+00:00,1.163,1.163,1.154,1.154,237.6
2026-02-26 04:00:00+00:00,1.163,1.163,1.132,1.132,66.3
2026-02-26 08:00:00+00:00,1.123,1.123,1.122,1.122,119.0
2026-02-26 12:00:00+00:00,1.159,1.159,1.103,1.103,261.2
2026-02-26 16:00:00+00:00,1.101,1.101,1.088,1.088,42.8
2026-02-26 20:00:00+00:00,1.121,1.13,1.121,1.13,64.3
2026-02-27 00:00:00+00:00,1.139,1.14,1.117,1.135,221.0
2026-02-27 04:00:00+00:00,1.143,1.145,1.139,1.145,114.0
2026-02-27 08:00:00+00:00,1.145,1.145,1.145,1.145,0.0
2026-02-27 12:00:00+00:00,1.118,1.124,1.095,1.095,261.4
2026-02-27 16:00:00+00:00,1.094,1.118,1.084,1.084,78.5
2026-02-27 20:00:00+00:00,1.082,1.099,1.071,1.098,177.5
2026-02-28 00:00:00+00:00,1.098,1.098,1.098,1.098,0.0
2026-02-28 04:00:00+00:00,1.097,1.097,1.029,1.057,851.2
2026-02-28 08:00:00+00:00,1.041,1.068,1.041,1.059,4515.6
2026-02-28 12:00:00+00:00,1.07,1.074,1.052,1.052,1000.9
2026-02-28 16:00:00+00:00,1.079,1.126,1.079,1.126,225.7
2026-02-28 20:00:00+00:00,1.119,1.177,1.119,1.177,214.2
2026-03-01 00:00:00+00:00,1.179,1.197,1.119,1.137,507.3
2026-03-01 04:00:00+00:00,1.164,1.199,1.148,1.199,434.1
2026-03-01 08:00:00+00:00,1.172,1.172,1.154,1.154,34.9
2026-03-01 12:00:00+00:00,1.18,1.18,1.154,1.17,243.9
2026-03-01 16:00:00+00:00,1.168,1.168,1.121,1.131,193.0
2026-03-01 20:00:00+00:00,1.123,1.16,1.113,1.16,334.0
2026-03-02 00:00:00+00:00,1.161,1.199,1.16,1.199,199.3
2026-03-02 04:00:00+00:00,1.205,1.236,1.191,1.191,111.6
2026-03-02 08:00:00+00:00,1.172,1.199,1.172,1.199,41.3
2026-03-02 12:00:00+00:00,1.218,1.318,1.214,1.316,463.1
2026-03-02 16:00:00+00:00,1.283,1.338,1.282,1.337,822.2
2026-03-02 20:00:00+00:00,1.303,1.411,1.303,1.341,955.1
2026-03-03 00:00:00+00:00,1.379,1.415,1.379,1.415,495.8
2026-03-03 04:00:00+00:00,1.425,1.45,1.341,1.341,389.5
2026-03-03 08:00:00+00:00,1.379,1.402,1.288,1.337,395.3
2026-03-03 12:00:00+00:00,1.338,1.397,1.329,1.397,410.3
2026-03-03 16:00:00+00:00,1.363,1.403,1.363,1.366,293.3
2026-03-03 20:00:00+00:00,1.35,1.369,1.345,1.368,91.3
2026-03-04 00:00:00+00:00,1.38,1.412,1.38,1.409,80.8
2026-03-04 04:00:00+00:00,1.371,1.371,1.339,1.339,138.4
2026-03-04 08:00:00+00:00,1.368,1.412,1.339,1.339,628.1
2026-03-04 12:00:00+00:00,1.334,1.359,1.313,1.359,123.8
2026-03-04 16:00:00+00:00,1.329,1.35,1.289,1.329,482.8
2026-03-04 20:00:00+00:00,1.301,1.329,1.301,1.329,252.1
2026-03-05 00:00:00+00:00,1.3,1.3,1.229,1.276,2549.7
2026-03-05 04:00:00+00:00,1.277,1.296,1.277,1.296,947.5
2026-03-05 08:00:00+00:00,1.297,1.328,1.282,1.282,302.2
2026-03-05 12:00:00+00:00,1.31,1.31,1.268,1.268,196.2
2026-03-05 16:00:00+00:00,1.264,1.275,1.248,1.275,1052.9
2026-03-05 20:00:00+00:00,1.276,1.276,1.276,1.276,13.2
2026-03-06 00:00:00+00:00,1.252,1.297,1.252,1.297,15.5
2026-03-06 04:00:00+00:00,1.268,1.293,1.254,1.281,113.5
2026-03-06 08:00:00+00:00,1.252,1.252,1.248,1.248,22.3
2026-03-06 12:00:00+00:00,1.248,1.248,1.229,1.229,71.9
2026-03-06 16:00:00+00:00,1.214,1.214,1.214,1.214,9.7
2026-03-06 20:00:00+00:00,1.253,1.253,1.253,1.253,24.7
2026-03-07 00:00:00+00:00,1.241,1.241,1.241,1.241,3.2
2026-03-07 04:00:00+00:00,1.214,1.214,1.212,1.212,100.3
2026-03-07 08:00:00+00:00,1.233,1.238,1.232,1.238,23.0
2026-03-07 12:00:00+00:00,1.21,1.21,1.204,1.204,83.7
2026-03-07 16:00:00+00:00,1.204,1.226,1.204,1.226,22.7
2026-03-07 20:00:00+00:00,1.226,1.226,1.226,1.226,0.0
2026-03-08 00:00:00+00:00,1.203,1.203,1.203,1.203,41.5
2026-03-08 04:00:00+00:00,1.192,1.192,1.192,1.192,26.1
2026-03-08 08:00:00+00:00,1.237,1.256,1.226,1.226,106.5
2026-03-08 12:00:00+00:00,1.214,1.234,1.214,1.234,29.5
2026-03-08 16:00:00+00:00,1.21,1.246,1.207,1.222,121.5
2026-03-08 20:00:00+00:00,1.233,1.244,1.192,1.192,744.6
2026-03-09 00:00:00+00:00,1.237,1.261,1.237,1.261,65.5
2026-03-09 04:00:00+00:00,1.229,1.247,1.223,1.223,32.9
2026-03-09 08:00:00+00:00,1.224,1.224,1.224,1.224,10.0
2026-03-09 12:00:00+00:00,1.257,1.271,1.257,1.271,92.9
2026-03-09 16:00:00+00:00,1.253,1.28,1.253,1.28,50.7
2026-03-09 20:00:00+00:00,1.248,1.258,1.215,1.251,239.2
2026-03-10 00:00:00+00:00,1.239,1.26,1.233,1.233,1296.7
2026-03-10 04:00:00+00:00,1.27,1.287,1.24,1.255,405.4
2026-03-10 08:00:00+00:00,1.297,1.312,1.268,1.284,230.3
2026-03-10 12:00:00+00:00,1.299,1.33,1.275,1.309,309.4
2026-03-10 16:00:00+00:00,1.324,1.328,1.279,1.286,305.1
2026-03-10 20:00:00+00:00,1.288,1.288,1.274,1.274,7.8
2026-03-11 00:00:00+00:00,1.292,1.292,1.292,1.292,2.0
2026-03-11 04:00:00+00:00,1.291,1.291,1.291,1.291,54.8
2026-03-11 08:00:00+00:00,1.291,1.291,1.291,1.291,0.0
2026-03-11 12:00:00+00:00,1.311,1.317,1.306,1.314,50.6
2026-03-11 16:00:00+00:00,1.288,1.288,1.283,1.283,19.5
2026-03-11 20:00:00+00:00,1.302,1.308,1.283,1.283,486.6
2026-03-12 00:00:00+00:00,1.305,1.305,1.283,1.283,21.7
2026-03-12 04:00:00+00:00,1.282,1.323,1.282,1.291,59.0
2026-03-12 08:00:00+00:00,1.301,1.34,1.301,1.34,43.0
2026-03-12 12:00:00+00:00,1.332,1.332,1.289,1.29,104.6
2026-03-12 16:00:00+00:00,1.338,1.357,1.311,1.323,303.6
2026-03-12 20:00:00+00:00,1.315,1.359,1.315,1.359,155.5
2026-03-13 00:00:00+00:00,1.375,1.425,1.351,1.367,4103.9
2026-03-13 04:00:00+00:00,1.366,1.4,1.35,1.374,214.4
2026-03-13 08:00:00+00:00,1.341,1.358,1.321,1.358,203.3
2026-03-13 12:00:00+00:00,1.35,1.376,1.329,1.376,195.0
2026-03-13 16:00:00+00:00,1.371,1.372,1.371,1.372,11.1
2026-03-13 20:00:00+00:00,1.372,1.372,1.313,1.328,272.4
2026-03-14 00:00:00+00:00,1.328,1.328,1.328,1.328,0.0
2026-03-14 04:00:00+00:00,1.315,1.315,1.313,1.313,17.3
2026-03-14 08:00:00+00:00,1.309,1.342,1.308,1.308,66.6
2026-03-14 12:00:00+00:00,1.308,1.308,1.308,1.308,114.6
2026-03-14 16:00:00+00:00,1.308,1.308,1.308,1.308,0.0
2026-03-14 20:00:00+00:00,1.308,1.308,1.308,1.308,0.0
2026-03-15 00:00:00+00:00,1.334,1.375,1.334,1.375,103.9
2026-03-15 04:00:00+00:00,1.369,1.369,1.369,1.369,53.7
2026-03-15 08:00:00+00:00,1.369,1.369,1.369,1.369,0.0
2026-03-15 12:00:00+00:00,1.329,1.356,1.314,1.347,78.6
2026-03-15 16:00:00+00:00,1.347,1.347,1.347,1.347,0.0
2026-03-15 20:00:00+00:00,1.359,1.365,1.359,1.361,81.4
2026-03-16 00:00:00+00:00,1.366,1.402,1.353,1.402,340.9
2026-03-16 04:00:00+00:00,1.379,1.415,1.378,1.391,131.4
2026-03-16 08:00:00+00:00,1.384,1.399,1.367,1.376,475.0
2026-03-16 12:00:00+00:00,1.402,1.442,1.376,1.394,676.6
2026-03-16 16:00:00+00:00,1.434,1.447,1.408,1.43,140.9
2026-03-16 20:00:00+00:00,1.45,1.504,1.44,1.488,1510.6
2026-03-17 00:00:00+00:00,1.471,1.503,1.46,1.492,219.0
2026-03-17 04:00:00+00:00,1.449,1.466,1.425,1.466,181.1
2026-03-17 08:00:00+00:00,1.469,1.481,1.469,1.481,70.0
2026-03-17 12:00:00+00:00,1.437,1.459,1.42,1.459,149.8
2026-03-17 16:00:00+00:00,1.469,1.469,1.467,1.467,467.1
2026-03-17 20:00:00+00:00,1.465,1.466,1.44,1.466,1084.1
2026-03-18 00:00:00+00:00,1.452,1.469,1.45,1.469,87.5
2026-03-18 04:00:00+00:00,1.45,1.45,1.437,1.448,1038.8
2026-03-18 08:00:00+00:00,1.449,1.449,1.427,1.427,28.9
2026-03-18 12:00:00+00:00,1.42,1.444,1.375,1.375,263.7
2026-03-18 16:00:00+00:00,1.404,1.404,1.403,1.403,153.6
2026-03-18 20:00:00+00:00,1.398,1.401,1.377,1.401,956.7
2026-03-19 00:00:00+00:00,1.399,1.399,1.392,1.393,566.9
2026-03-19 04:00:00+00:00,1.371,1.371,1.342,1.342,551.0
2026-03-19 08:00:00+00:00,1.341,1.341,1.341,1.341,2.8
2026-03-19 12:00:00+00:00,1.363,1.363,1.314,1.341,331.9
2026-03-19 16:00:00+00:00,1.341,1.341,1.341,1.341,0.0
2026-03-19 20:00:00+00:00,1.334,1.334,1.334,1.334,6.0
2026-03-20 00:00:00+00:00,1.321,1.351,1.321,1.351,8.1
2026-03-20 04:00:00+00:00,1.359,1.362,1.351,1.351,93.9
2026-03-20 08:00:00+00:00,1.358,1.358,1.334,1.334,233.4
2026-03-20 12:00:00+00:00,1.331,1.344,1.315,1.315,734.8
2026-03-20 16:00:00+00:00,1.315,1.315,1.313,1.313,769.5
2026-03-20 20:00:00+00:00,1.333,1.333,1.333,1.333,18.7
2026-03-21 00:00:00+00:00,1.309,1.331,1.309,1.331,72.8
2026-03-21 04:00:00+00:00,1.309,1.331,1.309,1.33,232.2
2026-03-21 08:00:00+00:00,1.329,1.329,1.329,1.329,5.3
2026-03-21 12:00:00+00:00,1.308,1.308,1.304,1.304,23.6
2026-03-21 16:00:00+00:00,1.334,1.334,1.32,1.32,57.4
2026-03-21 20:00:00+00:00,1.307,1.333,1.28,1.28,109.7
2026-03-22 00:00:00+00:00,1.268,1.297,1.267,1.297,49.8
2026-03-22 04:00:00+00:00,1.275,1.275,1.275,1.275,1631.3
2026-03-22 08:00:00+00:00,1.271,1.271,1.271,1.271,15.9
2026-03-22 12:00:00+00:00,1.271,1.271,1.271,1.271,0.0
2026-03-22 16:00:00+00:00,1.29,1.302,1.29,1.291,1088.1
2026-03-22 20:00:00+00:00,1.268,1.268,1.268,1.268,16.8
2026-03-23 00:00:00+00:00,1.292,1.292,1.292,1.292,24.7
2026-03-23 04:00:00+00:00,1.265,1.265,1.262,1.262,662.4
2026-03-23 08:00:00+00:00,1.262,1.335,1.251,1.335,778.8
2026-03-23 12:00:00+00:00,1.335,1.335,1.335,1.335,0.0
2026-03-23 16:00:00+00:00,1.306,1.307,1.291,1.291,194.7
2026-03-23 20:00:00+00:00,1.299,1.299,1.299,1.299,166.0
2026-03-24 00:00:00+00:00,1.299,1.299,1.299,1.299,0.0
2026-03-24 04:00:00+00:00,1.299,1.299,1.299,1.299,0.0
2026-03-24 08:00:00+00:00,1.337,1.337,1.337,1.337,5.2
2026-03-24 12:00:00+00:00,1.291,1.291,1.291,1.291,10.2
