timestamp,open,high,low,close,volume
2025-03-24 16:00:00+00:00,143.18,143.41,141.3,142.84,581.93
2025-03-24 20:00:00+00:00,142.87,143.37,139.71,140.92,2489.556
2025-03-25 00:00:00+00:00,141.01,142.18,138.35,138.5,193.958
2025-03-25 04:00:00+00:00,138.3,140.1,138.3,139.46,1400.75
2025-03-25 08:00:00+00:00,140.1,143.18,140.08,142.18,593.644
2025-03-25 12:00:00+00:00,142.04,147.33,141.45,145.64,381.808
2025-03-25 16:00:00+00:00,145.33,145.9,143.77,145.37,312.666
2025-03-25 20:00:00+00:00,145.16,145.73,142.62,143.99,563.875
2025-03-26 00:00:00+00:00,143.73,144.5,141.63,141.69,158.175
2025-03-26 04:00:00+00:00,141.81,144.64,141.81,144.64,247.269
2025-03-26 08:00:00+00:00,144.54,145.16,143.96,144.94,250.851
2025-03-26 12:00:00+00:00,144.44,144.87,139.12,139.3,642.741
2025-03-26 16:00:00+00:00,139.19,140.01,136.45,137.49,252.851
2025-03-26 20:00:00+00:00,137.41,138.44,136.0,136.79,1077.682
2025-03-27 00:00:00+00:00,137.23,140.06,136.95,139.35,927.038
2025-03-27 04:00:00+00:00,139.45,139.65,138.08,138.73,357.254
2025-03-27 08:00:00+00:00,138.09,139.19,137.49,137.49,61.121
2025-03-27 12:00:00+00:00,137.31,139.65,135.79,137.92,1374.971
2025-03-27 16:00:00+00:00,137.96,139.61,137.48,139.31,139.437
2025-03-27 20:00:00+00:00,138.98,139.72,138.31,138.46,2271.051
2025-03-28 00:00:00+00:00,138.34,139.07,136.35,136.88,444.668
2025-03-28 04:00:00+00:00,137.13,137.13,131.65,131.65,2268.003
2025-03-28 08:00:00+00:00,131.62,132.62,130.67,131.75,230.037
2025-03-28 12:00:00+00:00,131.73,132.22,129.38,130.03,2355.854
2025-03-28 16:00:00+00:00,130.03,130.3,129.16,129.33,1245.613
2025-03-28 20:00:00+00:00,130.08,130.35,127.92,129.53,695.211
2025-03-29 00:00:00+00:00,129.95,130.45,126.69,128.74,141.124
2025-03-29 04:00:00+00:00,129.01,129.01,125.67,126.4,132.04
2025-03-29 08:00:00+00:00,126.89,127.05,124.5,124.86,65.54
2025-03-29 12:00:00+00:00,125.1,126.54,125.1,126.17,49.613
2025-03-29 16:00:00+00:00,126.17,126.57,124.02,125.19,211.689
2025-03-29 20:00:00+00:00,125.08,125.08,122.98,124.23,242.146
2025-03-30 00:00:00+00:00,124.49,126.46,123.59,126.46,75.857
2025-03-30 04:00:00+00:00,126.16,126.45,125.25,125.45,174.151
2025-03-30 08:00:00+00:00,126.14,126.27,124.8,125.09,138.928
2025-03-30 12:00:00+00:00,124.89,125.32,123.33,125.11,137.207
2025-03-30 16:00:00+00:00,125.13,126.87,123.21,126.02,196.511
2025-03-30 20:00:00+00:00,125.87,126.37,123.41,124.64,187.797
2025-03-31 00:00:00+00:00,124.89,127.52,122.85,124.41,1242.082
2025-03-31 04:00:00+00:00,124.64,126.87,124.5,125.46,294.0
2025-03-31 08:00:00+00:00,126.14,126.38,123.24,124.52,1381.265
2025-03-31 12:00:00+00:00,124.08,127.59,123.41,127.25,212.034
2025-03-31 16:00:00+00:00,127.0,127.0,124.07,125.25,169.161
2025-03-31 20:00:00+00:00,125.3,126.07,124.59,124.59,148.626
2025-04-01 00:00:00+00:00,124.49,126.71,123.78,125.92,147.683
2025-04-01 04:00:00+00:00,126.0,126.7,125.79,126.65,750.23
2025-04-01 08:00:00+00:00,126.7,129.79,126.7,127.5,729.016
2025-04-01 12:00:00+00:00,127.51,130.14,124.73,129.33,222.676
2025-04-01 16:00:00+00:00,129.47,129.47,125.63,126.88,181.424
2025-04-01 20:00:00+00:00,126.69,127.29,125.45,126.9,89.059
2025-04-02 00:00:00+00:00,126.68,126.84,124.23,124.43,123.011
2025-04-02 04:00:00+00:00,124.37,124.88,123.55,124.55,72.904
2025-04-02 08:00:00+00:00,124.44,126.61,124.26,125.76,120.876
2025-04-02 12:00:00+00:00,126.04,130.77,125.08,130.2,1747.81
2025-04-02 16:00:00+00:00,130.2,131.69,129.16,131.29,345.328
2025-04-02 20:00:00+00:00,131.29,135.91,117.34,117.52,1814.762
2025-04-03 00:00:00+00:00,117.38,120.88,116.29,120.0,932.479
2025-04-03 04:00:00+00:00,119.75,120.68,118.0,118.37,261.081
2025-04-03 08:00:00+00:00,118.72,119.13,115.37,115.93,392.982
2025-04-03 12:00:00+00:00,115.52,115.74,112.45,114.22,786.138
2025-04-03 16:00:00+00:00,114.38,115.95,113.72,115.48,2601.174
2025-04-03 20:00:00+00:00,115.63,117.36,115.23,117.14,1194.671
2025-04-04 00:00:00+00:00,117.17,117.17,114.8,115.11,1266.218
2025-04-04 04:00:00+00:00,115.2,118.31,114.61,118.31,2528.144
2025-04-04 08:00:00+00:00,118.31,119.85,113.49,114.61,550.519
2025-04-04 12:00:00+00:00,114.61,120.88,114.03,118.88,680.364
2025-04-04 16:00:00+00:00,118.88,123.78,118.3,122.6,744.653
2025-04-04 20:00:00+00:00,122.81,123.84,122.0,122.74,279.154
2025-04-05 00:00:00+00:00,122.51,122.56,120.73,120.78,1927.622
2025-04-05 04:00:00+00:00,120.81,121.33,120.19,121.28,1434.975
2025-04-05 08:00:00+00:00,121.33,122.02,120.01,120.41,85.279
2025-04-05 12:00:00+00:00,120.16,120.16,117.24,117.33,75.453
2025-04-05 16:00:00+00:00,118.01,119.29,117.65,118.53,746.864
2025-04-05 20:00:00+00:00,118.7,120.37,118.67,120.27,137.303
2025-04-06 00:00:00+00:00,120.23,121.03,119.65,119.65,273.828
2025-04-06 04:00:00+00:00,119.95,120.51,119.0,119.18,31.437
2025-04-06 08:00:00+00:00,118.94,119.82,118.27,118.53,39.898
2025-04-06 12:00:00+00:00,118.75,118.75,114.29,115.49,943.376
2025-04-06 16:00:00+00:00,115.0,115.0,106.37,108.24,2823.543
2025-04-06 20:00:00+00:00,108.44,108.44,103.89,106.11,808.663
2025-04-07 00:00:00+00:00,106.11,107.7,102.27,103.14,1178.041
2025-04-07 04:00:00+00:00,103.33,103.56,95.49,97.38,2021.819
2025-04-07 08:00:00+00:00,98.32,102.52,98.2,100.04,579.057
2025-04-07 12:00:00+00:00,100.68,112.78,99.92,106.7,4181.246
2025-04-07 16:00:00+00:00,106.34,107.88,103.7,105.87,260.696
2025-04-07 20:00:00+00:00,106.52,109.19,106.28,106.9,1951.629
2025-04-08 00:00:00+00:00,107.12,112.47,106.78,111.0,2319.32
2025-04-08 04:00:00+00:00,111.51,112.03,108.12,108.12,28.436
2025-04-08 08:00:00+00:00,108.05,111.63,107.28,111.63,206.085
2025-04-08 12:00:00+00:00,110.78,112.04,106.76,107.17,242.795
2025-04-08 16:00:00+00:00,107.17,107.17,103.1,104.34,947.365
2025-04-08 20:00:00+00:00,104.23,106.4,103.82,105.52,279.027
2025-04-09 00:00:00+00:00,105.25,106.51,101.46,103.36,2683.226
2025-04-09 04:00:00+00:00,103.36,107.61,103.36,107.21,2508.316
2025-04-09 08:00:00+00:00,107.23,108.1,103.19,103.76,2741.903
2025-04-09 12:00:00+00:00,103.71,107.38,102.5,106.83,283.904
2025-04-09 16:00:00+00:00,106.51,120.65,106.51,118.93,3957.4
2025-04-09 20:00:00+00:00,119.35,120.42,118.28,119.12,1382.875
2025-04-10 00:00:00+00:00,119.09,119.09,114.6,115.19,939.861
2025-04-10 04:00:00+00:00,115.35,116.81,114.29,114.79,117.689
2025-04-10 08:00:00+00:00,114.82,115.06,113.46,113.83,166.414
2025-04-10 12:00:00+00:00,114.0,115.4,109.53,109.65,804.38
2025-04-10 16:00:00+00:00,109.82,111.81,108.5,111.71,257.436
2025-04-10 20:00:00+00:00,111.71,113.31,111.65,112.96,622.165
2025-04-11 00:00:00+00:00,112.68,115.68,112.68,115.45,367.28
2025-04-11 04:00:00+00:00,115.48,117.74,115.07,116.81,131.547
2025-04-11 08:00:00+00:00,116.07,119.25,116.0,118.01,240.358
2025-04-11 12:00:00+00:00,118.13,121.36,117.78,120.14,809.212
2025-04-11 16:00:00+00:00,119.84,121.81,118.92,120.49,375.764
2025-04-11 20:00:00+00:00,120.83,122.56,120.13,121.17,237.196
2025-04-12 00:00:00+00:00,121.26,122.1,119.56,120.31,117.9
2025-04-12 04:00:00+00:00,120.18,124.46,120.03,124.21,389.242
2025-04-12 08:00:00+00:00,124.31,125.25,124.03,125.22,460.677
2025-04-12 12:00:00+00:00,125.25,131.65,125.08,130.68,1079.758
2025-04-12 16:00:00+00:00,130.54,131.58,128.3,130.64,1040.602
2025-04-12 20:00:00+00:00,131.12,133.95,130.9,132.36,514.735
2025-04-13 00:00:00+00:00,132.33,133.84,131.07,131.93,459.695
2025-04-13 04:00:00+00:00,131.73,131.87,128.38,128.42,360.018
2025-04-13 08:00:00+00:00,128.34,131.37,128.34,129.71,84.207
2025-04-13 12:00:00+00:00,129.9,130.35,126.99,128.71,117.529
2025-04-13 16:00:00+00:00,129.0,132.39,127.29,128.18,516.672
2025-04-13 20:00:00+00:00,127.98,129.62,125.46,128.9,415.03
2025-04-14 00:00:00+00:00,128.49,136.03,128.32,131.41,980.972
2025-04-14 04:00:00+00:00,132.08,134.28,131.37,132.07,209.13
2025-04-14 08:00:00+00:00,132.39,134.09,131.71,133.28,82.762
2025-04-14 12:00:00+00:00,132.63,134.67,128.23,128.97,1127.946
2025-04-14 16:00:00+00:00,129.02,131.96,128.7,130.8,642.243
2025-04-14 20:00:00+00:00,130.8,130.8,128.72,129.34,230.636
2025-04-15 00:00:00+00:00,129.49,130.72,127.83,130.72,266.69
2025-04-15 04:00:00+00:00,130.44,132.21,129.99,131.52,72.421
2025-04-15 08:00:00+00:00,131.99,133.81,131.62,132.04,154.844
2025-04-15 12:00:00+00:00,132.82,134.25,129.11,129.11,400.935
2025-04-15 16:00:00+00:00,129.57,130.43,127.4,127.58,227.287
2025-04-15 20:00:00+00:00,127.96,128.49,125.94,126.09,354.173
2025-04-16 00:00:00+00:00,126.05,127.23,125.0,126.58,220.289
2025-04-16 04:00:00+00:00,126.11,126.27,124.47,125.25,57.639
2025-04-16 08:00:00+00:00,124.74,126.55,123.73,126.55,144.559
2025-04-16 12:00:00+00:00,126.37,129.58,124.69,128.31,194.743
2025-04-16 16:00:00+00:00,127.77,133.76,125.06,132.47,494.47
2025-04-16 20:00:00+00:00,132.65,133.5,130.92,131.41,508.817
2025-04-17 00:00:00+00:00,131.1,132.66,129.58,130.0,141.923
2025-04-17 04:00:00+00:00,129.83,135.31,129.81,134.49,795.367
2025-04-17 08:00:00+00:00,134.51,135.05,132.53,133.21,132.439
2025-04-17 12:00:00+00:00,133.16,134.47,130.66,133.74,273.313
2025-04-17 16:00:00+00:00,133.52,136.01,132.22,133.51,763.412
2025-04-17 20:00:00+00:00,133.5,135.03,133.5,134.48,493.44
2025-04-18 00:00:00+00:00,134.91,135.78,133.93,134.54,415.126
2025-04-18 04:00:00+00:00,134.65,134.91,133.33,134.63,270.532
2025-04-18 08:00:00+00:00,135.3,135.31,133.74,133.82,104.802
2025-04-18 12:00:00+00:00,134.38,135.04,132.55,132.87,486.399
2025-04-18 16:00:00+00:00,133.04,134.34,133.04,134.02,245.843
2025-04-18 20:00:00+00:00,134.26,134.34,133.43,134.08,138.703
2025-04-19 00:00:00+00:00,134.12,139.08,134.11,138.7,333.273
2025-04-19 04:00:00+00:00,138.82,139.35,137.86,138.86,200.284
2025-04-19 08:00:00+00:00,138.88,139.87,138.69,138.8,298.491
2025-04-19 12:00:00+00:00,139.17,140.38,138.55,138.78,252.752
2025-04-19 16:00:00+00:00,138.99,139.04,137.76,138.8,157.676
2025-04-19 20:00:00+00:00,138.56,139.86,138.45,139.86,252.653
2025-04-20 00:00:00+00:00,139.89,141.86,139.63,141.1,819.434
2025-04-20 04:00:00+00:00,140.86,141.43,138.73,139.58,83.926
2025-04-20 08:00:00+00:00,139.62,139.62,136.08,136.08,195.893
2025-04-20 12:00:00+00:00,136.37,137.92,135.85,135.85,381.898
2025-04-20 16:00:00+00:00,135.85,137.22,135.85,137.22,58.188
2025-04-20 20:00:00+00:00,137.24,138.4,136.46,137.82,414.208
2025-04-21 00:00:00+00:00,137.8,142.92,137.66,139.49,827.521
2025-04-21 04:00:00+00:00,139.73,141.63,139.49,140.26,373.445
2025-04-21 08:00:00+00:00,140.51,141.11,138.7,139.21,450.27
2025-04-21 12:00:00+00:00,139.29,139.97,137.07,138.43,290.287
2025-04-21 16:00:00+00:00,138.28,138.7,134.09,137.07,785.996
2025-04-21 20:00:00+00:00,136.85,137.36,135.4,136.63,386.921
2025-04-22 00:00:00+00:00,136.74,139.78,135.03,139.47,574.918
2025-04-22 04:00:00+00:00,139.47,140.54,138.54,140.08,222.715
2025-04-22 08:00:00+00:00,140.39,140.79,139.18,140.37,41.307
2025-04-22 12:00:00+00:00,140.28,145.3,140.28,145.22,962.411
2025-04-22 16:00:00+00:00,145.31,147.41,143.64,144.36,1053.572
2025-04-22 20:00:00+00:00,144.23,150.22,143.57,148.74,1478.127
2025-04-23 00:00:00+00:00,148.93,149.43,147.45,149.42,457.705
2025-04-23 04:00:00+00:00,149.21,152.07,148.73,151.57,390.012
2025-04-23 08:00:00+00:00,151.68,153.49,151.1,151.77,262.288
2025-04-23 12:00:00+00:00,152.0,154.0,148.83,150.74,1276.166
2025-04-23 16:00:00+00:00,151.07,152.32,149.12,150.04,255.28
2025-04-23 20:00:00+00:00,150.39,151.56,149.91,151.03,313.318
2025-04-24 00:00:00+00:00,151.12,151.31,147.7,147.81,434.328
2025-04-24 04:00:00+00:00,147.76,148.89,147.04,147.07,178.385
2025-04-24 08:00:00+00:00,147.14,147.45,145.42,147.39,668.222
2025-04-24 12:00:00+00:00,147.65,151.38,147.08,149.35,536.363
2025-04-24 16:00:00+00:00,149.66,152.32,148.28,151.61,445.693
2025-04-24 20:00:00+00:00,151.67,152.79,150.09,152.18,506.458
2025-04-25 00:00:00+00:00,152.48,154.47,150.63,151.1,398.403
2025-04-25 04:00:00+00:00,151.77,154.85,150.96,154.79,650.957
2025-04-25 08:00:00+00:00,154.65,154.87,153.05,154.29,161.546
2025-04-25 12:00:00+00:00,154.74,156.71,152.32,152.89,825.244
2025-04-25 16:00:00+00:00,152.87,153.08,150.45,151.36,497.153
2025-04-25 20:00:00+00:00,151.44,152.52,150.07,150.55,128.633
2025-04-26 00:00:00+00:00,151.22,152.92,151.12,151.48,130.366
2025-04-26 04:00:00+00:00,151.4,152.22,150.06,151.76,103.89
2025-04-26 08:00:00+00:00,151.58,152.22,148.23,148.23,139.686
2025-04-26 12:00:00+00:00,148.72,149.5,147.97,149.43,342.146
2025-04-26 16:00:00+00:00,149.17,149.34,148.47,149.14,239.914
2025-04-26 20:00:00+00:00,149.28,149.69,148.58,149.36,197.884
2025-04-27 00:00:00+00:00,149.18,150.28,146.21,147.35,262.96
2025-04-27 04:00:00+00:00,147.65,147.71,145.74,147.65,44.768
2025-04-27 08:00:00+00:00,147.49,148.68,147.4,148.28,50.964
2025-04-27 12:00:00+00:00,147.95,149.67,147.16,148.97,98.64
2025-04-27 16:00:00+00:00,149.19,150.16,148.47,149.99,1310.652
2025-04-27 20:00:00+00:00,149.99,149.99,147.97,148.17,223.477
2025-04-28 00:00:00+00:00,147.9,149.4,144.74,148.43,268.152
2025-04-28 04:00:00+00:00,148.86,151.48,148.57,151.47,2012.744
2025-04-28 08:00:00+00:00,151.47,153.34,149.24,151.57,667.21
2025-04-28 12:00:00+00:00,151.88,151.88,145.65,146.21,400.404
2025-04-28 16:00:00+00:00,146.18,148.71,145.59,148.56,500.926
2025-04-28 20:00:00+00:00,148.41,148.41,146.96,147.88,179.944
2025-04-29 00:00:00+00:00,147.84,149.04,147.06,147.55,338.31
2025-04-29 04:00:00+00:00,147.28,148.88,145.9,148.88,100.818
2025-04-29 08:00:00+00:00,148.9,149.4,147.97,148.98,108.943
2025-04-29 12:00:00+00:00,149.16,149.27,147.14,148.08,44.901
2025-04-29 16:00:00+00:00,148.01,150.22,147.92,149.25,441.135
2025-04-29 20:00:00+00:00,149.55,149.55,145.1,146.46,565.426
2025-04-30 00:00:00+00:00,146.24,148.45,145.22,148.0,58.234
2025-04-30 04:00:00+00:00,147.86,147.86,146.43,146.46,17.386
2025-04-30 08:00:00+00:00,146.19,147.97,146.19,147.97,13.78
2025-04-30 12:00:00+00:00,147.74,147.74,140.55,142.56,541.94
2025-04-30 16:00:00+00:00,141.83,145.95,141.49,145.95,248.109
2025-04-30 20:00:00+00:00,145.97,148.0,145.97,147.53,550.072
2025-05-01 00:00:00+00:00,147.84,149.4,147.73,148.85,669.696
2025-05-01 04:00:00+00:00,148.83,150.19,148.13,150.1,210.22
2025-05-01 08:00:00+00:00,149.66,152.27,149.66,152.01,163.679
2025-05-01 12:00:00+00:00,151.84,153.97,150.75,151.76,818.076
2025-05-01 16:00:00+00:00,151.76,152.7,150.22,150.47,481.523
2025-05-01 20:00:00+00:00,150.33,150.96,149.94,150.56,314.39
2025-05-02 00:00:00+00:00,150.91,151.7,150.23,150.8,161.299
2025-05-02 04:00:00+00:00,150.67,150.68,148.47,148.47,56.055
2025-05-02 08:00:00+00:00,148.51,150.74,148.45,150.58,67.68
2025-05-02 12:00:00+00:00,150.75,151.79,149.5,149.81,144.093
2025-05-02 16:00:00+00:00,150.75,151.11,147.87,148.05,645.034
2025-05-02 20:00:00+00:00,147.84,148.55,147.34,148.03,829.565
2025-05-03 00:00:00+00:00,148.03,148.97,147.7,148.48,259.851
2025-05-03 04:00:00+00:00,148.55,148.55,147.5,148.01,111.861
2025-05-03 08:00:00+00:00,147.78,147.99,146.81,147.34,105.875
2025-05-03 12:00:00+00:00,147.38,148.82,147.31,148.42,227.058
2025-05-03 16:00:00+00:00,148.29,148.29,145.95,147.45,112.662
2025-05-03 20:00:00+00:00,147.45,147.72,146.84,146.93,52.423
2025-05-04 00:00:00+00:00,146.68,147.45,145.65,145.65,150.316
2025-05-04 04:00:00+00:00,145.66,146.43,145.29,145.29,145.007
2025-05-04 08:00:00+00:00,145.61,145.76,144.74,145.57,62.224
2025-05-04 12:00:00+00:00,145.74,147.08,145.11,147.08,777.23
2025-05-04 16:00:00+00:00,147.12,147.69,146.19,146.19,32.507
2025-05-04 20:00:00+00:00,146.78,147.21,143.79,143.79,302.528
2025-05-05 00:00:00+00:00,144.25,145.28,142.69,145.25,602.383
2025-05-05 04:00:00+00:00,145.04,147.26,145.04,146.93,301.832
2025-05-05 08:00:00+00:00,146.84,146.84,143.77,143.93,121.674
2025-05-05 12:00:00+00:00,144.13,145.31,143.38,143.38,223.623
2025-05-05 16:00:00+00:00,143.98,147.07,143.98,146.81,383.354
2025-05-05 20:00:00+00:00,146.47,147.5,144.94,146.51,1104.848
2025-05-06 00:00:00+00:00,146.49,146.49,143.92,144.81,169.247
2025-05-06 04:00:00+00:00,144.71,145.7,144.43,145.08,499.11
2025-05-06 08:00:00+00:00,144.63,144.64,142.24,142.42,764.231
2025-05-06 12:00:00+00:00,142.55,143.9,141.57,143.26,106.727
2025-05-06 16:00:00+00:00,143.13,145.16,142.51,144.84,130.014
2025-05-06 20:00:00+00:00,144.9,147.04,143.71,147.04,294.262
2025-05-07 00:00:00+00:00,147.0,149.46,145.65,146.33,308.596
2025-05-07 04:00:00+00:00,146.33,147.22,145.65,147.22,69.077
2025-05-07 08:00:00+00:00,147.0,148.1,147.0,147.74,17.617
2025-05-07 12:00:00+00:00,147.65,147.65,145.57,145.77,77.425
2025-05-07 16:00:00+00:00,145.56,147.06,144.79,145.99,651.784
2025-05-07 20:00:00+00:00,146.07,148.21,145.82,147.11,133.372
2025-05-08 00:00:00+00:00,147.2,151.0,147.2,150.96,338.237
2025-05-08 04:00:00+00:00,150.79,151.85,150.17,151.79,561.694
2025-05-08 08:00:00+00:00,151.79,155.24,151.79,154.45,882.211
2025-05-08 12:00:00+00:00,154.45,162.81,154.32,160.09,3176.272
2025-05-08 16:00:00+00:00,160.34,160.95,158.63,160.37,479.197
2025-05-08 20:00:00+00:00,160.63,164.43,159.93,164.43,593.775
2025-05-09 00:00:00+00:00,164.35,164.49,161.61,161.61,738.067
2025-05-09 04:00:00+00:00,161.49,166.8,161.19,164.89,293.969
2025-05-09 08:00:00+00:00,165.45,176.13,164.34,172.51,1284.9
2025-05-09 12:00:00+00:00,172.23,173.19,167.63,171.05,1966.003
2025-05-09 16:00:00+00:00,170.75,172.49,168.7,171.61,1353.623
2025-05-09 20:00:00+00:00,171.58,173.68,171.48,172.6,1560.941
2025-05-10 00:00:00+00:00,173.1,175.0,170.87,171.61,537.693
2025-05-10 04:00:00+00:00,171.61,172.59,170.13,172.53,505.028
2025-05-10 08:00:00+00:00,172.62,173.19,168.94,169.19,783.547
2025-05-10 12:00:00+00:00,169.41,171.85,169.41,171.32,339.229
2025-05-10 16:00:00+00:00,171.15,173.62,136.0,172.08,3121.802
2025-05-10 20:00:00+00:00,172.11,178.72,171.87,177.61,1381.349
2025-05-11 00:00:00+00:00,178.05,180.1,173.15,176.05,1019.855
2025-05-11 04:00:00+00:00,176.45,177.6,172.47,172.89,83.83
2025-05-11 08:00:00+00:00,173.01,174.99,172.8,174.34,92.365
2025-05-11 12:00:00+00:00,174.66,175.0,169.61,170.27,381.908
2025-05-11 16:00:00+00:00,170.48,173.29,170.02,172.77,385.786
2025-05-11 20:00:00+00:00,172.17,173.74,171.49,173.1,647.333
2025-05-12 00:00:00+00:00,173.08,176.93,171.96,174.15,702.367
2025-05-12 04:00:00+00:00,174.61,179.63,173.81,176.24,1416.949
2025-05-12 08:00:00+00:00,176.01,176.85,173.8,174.11,294.1
2025-05-12 12:00:00+00:00,174.19,181.13,174.19,174.2,1092.39
2025-05-12 16:00:00+00:00,174.42,176.53,168.52,171.14,787.987
2025-05-12 20:00:00+00:00,170.66,174.68,170.66,174.3,162.487
2025-05-13 00:00:00+00:00,174.06,174.06,167.1,167.1,358.492
2025-05-13 04:00:00+00:00,167.1,172.22,166.37,171.97,261.403
2025-05-13 08:00:00+00:00,171.8,174.99,171.15,173.97,162.942
2025-05-13 12:00:00+00:00,173.67,176.24,172.38,176.21,216.25
2025-05-13 16:00:00+00:00,176.17,184.23,175.68,182.21,2380.256
2025-05-13 20:00:00+00:00,181.35,184.7,180.35,183.63,509.424
2025-05-14 00:00:00+00:00,183.9,184.72,179.28,180.3,455.75
2025-05-14 04:00:00+00:00,180.26,183.87,180.08,182.28,161.631
2025-05-14 08:00:00+00:00,182.37,182.43,177.72,181.13,475.241
2025-05-14 12:00:00+00:00,181.09,181.63,175.74,177.27,1557.153
2025-05-14 16:00:00+00:00,177.35,177.52,173.35,177.43,223.603
2025-05-14 20:00:00+00:00,177.27,177.51,175.39,176.44,122.226
2025-05-15 00:00:00+00:00,176.75,178.32,174.17,174.17,558.457
2025-05-15 04:00:00+00:00,174.07,175.12,169.75,170.48,811.687
2025-05-15 08:00:00+00:00,171.15,172.91,168.85,171.07,170.725
2025-05-15 12:00:00+00:00,170.98,172.72,167.13,172.17,975.97
2025-05-15 16:00:00+00:00,172.27,174.38,167.86,169.05,717.592
2025-05-15 20:00:00+00:00,169.73,170.5,166.92,169.16,655.636
2025-05-16 00:00:00+00:00,169.09,173.54,169.09,172.3,147.331
2025-05-16 04:00:00+00:00,172.93,173.42,171.47,172.1,35.441
2025-05-16 08:00:00+00:00,172.11,174.05,169.64,172.77,95.654
2025-05-16 12:00:00+00:00,172.88,174.0,171.0,171.78,361.71
2025-05-16 16:00:00+00:00,172.3,172.68,169.91,171.36,252.142
2025-05-16 20:00:00+00:00,171.27,171.29,166.49,167.3,357.78
2025-05-17 00:00:00+00:00,167.46,168.39,164.19,168.39,555.745
2025-05-17 04:00:00+00:00,168.11,169.87,167.58,168.27,55.092
2025-05-17 08:00:00+00:00,168.76,169.24,166.82,167.52,25.293
2025-05-17 12:00:00+00:00,167.55,168.12,165.92,167.56,118.854
2025-05-17 16:00:00+00:00,167.2,167.57,164.61,165.2,368.191
2025-05-17 20:00:00+00:00,165.07,167.78,164.39,165.83,431.443
2025-05-18 00:00:00+00:00,165.84,167.78,165.84,167.05,45.152
2025-05-18 04:00:00+00:00,167.58,170.62,167.57,170.51,1270.295
2025-05-18 08:00:00+00:00,170.7,171.84,170.7,170.93,94.625
2025-05-18 12:00:00+00:00,170.83,176.47,170.4,176.07,307.682
2025-05-18 16:00:00+00:00,176.45,176.68,166.78,167.48,983.78
2025-05-18 20:00:00+00:00,166.74,174.08,164.8,173.44,1063.96
2025-05-19 00:00:00+00:00,172.99,173.6,165.12,165.31,360.14
2025-05-19 04:00:00+00:00,165.44,166.69,159.65,161.84,1275.274
2025-05-19 08:00:00+00:00,161.61,162.46,160.9,162.45,106.344
2025-05-19 12:00:00+00:00,161.27,164.64,160.47,164.25,90.372
2025-05-19 16:00:00+00:00,164.05,167.24,162.89,166.56,273.928
2025-05-19 20:00:00+00:00,166.82,167.58,165.39,166.76,143.367
2025-05-20 00:00:00+00:00,166.77,172.88,166.77,168.45,1837.625
2025-05-20 04:00:00+00:00,168.45,170.6,167.22,167.27,80.79
2025-05-20 08:00:00+00:00,167.22,168.08,165.37,166.33,45.502
2025-05-20 12:00:00+00:00,166.33,167.07,164.66,167.07,171.466
2025-05-20 16:00:00+00:00,166.5,168.79,164.8,168.79,1012.102
2025-05-20 20:00:00+00:00,167.78,169.1,166.53,168.65,869.863
2025-05-21 00:00:00+00:00,168.47,170.62,166.84,170.04,73.788
2025-05-21 04:00:00+00:00,169.87,171.71,168.58,168.64,227.917
2025-05-21 08:00:00+00:00,169.23,169.45,167.51,169.25,60.962
2025-05-21 12:00:00+00:00,169.02,173.54,168.68,172.23,388.975
2025-05-21 16:00:00+00:00,171.99,174.75,165.78,171.3,1049.534
2025-05-21 20:00:00+00:00,170.86,175.55,169.24,173.99,877.305
2025-05-22 00:00:00+00:00,173.44,177.34,172.72,177.08,1701.777
2025-05-22 04:00:00+00:00,176.49,178.51,175.39,178.16,261.18
2025-05-22 08:00:00+00:00,178.55,180.58,177.31,178.41,1233.74
2025-05-22 12:00:00+00:00,178.21,179.76,176.46,178.81,426.08
2025-05-22 16:00:00+00:00,179.2,180.07,177.62,177.77,204.685
2025-05-22 20:00:00+00:00,177.71,179.99,177.41,179.76,258.592
2025-05-23 00:00:00+00:00,179.73,185.36,179.39,185.31,1479.87
2025-05-23 04:00:00+00:00,185.36,185.36,180.21,182.77,303.877
2025-05-23 08:00:00+00:00,183.13,187.51,177.34,177.34,2223.422
2025-05-23 12:00:00+00:00,177.33,183.59,173.48,180.75,905.173
2025-05-23 16:00:00+00:00,181.18,182.16,178.52,179.25,376.158
2025-05-23 20:00:00+00:00,178.59,178.59,173.48,174.69,241.386
2025-05-24 00:00:00+00:00,174.45,175.93,172.69,174.93,458.09
2025-05-24 04:00:00+00:00,174.77,176.25,173.58,174.02,72.654
2025-05-24 08:00:00+00:00,174.3,178.25,173.38,176.94,63.115
2025-05-24 12:00:00+00:00,177.06,177.06,175.19,176.33,221.785
2025-05-24 16:00:00+00:00,175.5,177.59,175.5,177.18,88.339
2025-05-24 20:00:00+00:00,177.24,177.75,175.5,175.97,157.793
2025-05-25 00:00:00+00:00,176.16,176.78,170.6,173.41,397.564
2025-05-25 04:00:00+00:00,172.91,174.33,172.17,172.25,1272.122
2025-05-25 08:00:00+00:00,171.84,172.13,170.35,171.87,30.117
2025-05-25 12:00:00+00:00,171.96,172.61,169.24,170.19,1342.182
2025-05-25 16:00:00+00:00,169.96,172.71,169.07,172.71,478.489
2025-05-25 20:00:00+00:00,172.26,175.76,171.15,175.76,262.989
2025-05-26 00:00:00+00:00,175.77,177.55,175.58,176.98,199.09
2025-05-26 04:00:00+00:00,176.98,178.89,176.9,178.05,1308.648
2025-05-26 08:00:00+00:00,178.19,178.41,176.54,177.8,85.577
2025-05-26 12:00:00+00:00,177.49,178.59,176.03,177.51,348.636
2025-05-26 16:00:00+00:00,177.54,177.93,173.56,174.12,212.204
2025-05-26 20:00:00+00:00,173.93,175.87,173.93,174.79,81.461
2025-05-27 00:00:00+00:00,174.89,175.77,171.46,173.93,858.616
2025-05-27 04:00:00+00:00,173.93,175.77,172.77,175.77,46.209
2025-05-27 08:00:00+00:00,175.82,177.06,175.03,176.74,68.794
2025-05-27 12:00:00+00:00,176.74,179.09,175.17,178.23,616.432
2025-05-27 16:00:00+00:00,178.13,179.19,177.59,177.59,794.632
2025-05-27 20:00:00+00:00,177.51,178.34,175.55,176.75,352.804
2025-05-28 00:00:00+00:00,176.71,177.44,174.35,175.27,181.908
2025-05-28 04:00:00+00:00,175.12,175.18,173.8,174.18,44.373
2025-05-28 08:00:00+00:00,173.79,174.51,172.79,174.45,191.071
2025-05-28 12:00:00+00:00,174.3,175.0,169.05,169.99,651.641
2025-05-28 16:00:00+00:00,169.74,171.96,169.5,169.5,911.359
2025-05-28 20:00:00+00:00,169.47,172.71,169.43,172.35,105.683
2025-05-29 00:00:00+00:00,171.73,175.23,171.27,173.56,1233.184
2025-05-29 04:00:00+00:00,173.99,174.16,170.35,172.92,235.281
2025-05-29 08:00:00+00:00,172.25,173.29,172.1,173.26,306.05
2025-05-29 12:00:00+00:00,172.77,172.86,169.1,170.1,220.307
2025-05-29 16:00:00+00:00,169.9,170.1,166.16,166.79,617.648
2025-05-29 20:00:00+00:00,167.26,168.36,166.32,166.32,253.413
2025-05-30 00:00:00+00:00,166.86,167.36,160.87,164.97,1428.66
2025-05-30 04:00:00+00:00,164.98,165.64,162.84,162.84,85.958
2025-05-30 08:00:00+00:00,162.73,164.0,161.75,163.94,28.221
2025-05-30 12:00:00+00:00,163.95,163.95,160.31,161.27,160.15
2025-05-30 16:00:00+00:00,161.0,161.36,156.44,161.36,901.253
2025-05-30 20:00:00+00:00,160.83,160.93,155.41,156.0,459.143
2025-05-31 00:00:00+00:00,156.07,157.15,152.28,154.18,937.815
2025-05-31 04:00:00+00:00,153.86,155.56,153.18,155.11,43.301
2025-05-31 08:00:00+00:00,154.89,154.89,148.0,152.82,724.64
2025-05-31 12:00:00+00:00,152.78,156.65,152.64,155.64,330.393
2025-05-31 16:00:00+00:00,156.28,157.82,156.05,157.48,96.448
2025-05-31 20:00:00+00:00,157.33,157.89,156.53,156.62,141.236
2025-06-01 00:00:00+00:00,156.49,156.54,153.62,154.73,209.138
2025-06-01 04:00:00+00:00,154.74,155.85,154.22,154.22,444.513
2025-06-01 08:00:00+00:00,153.86,153.86,150.75,152.12,112.983
2025-06-01 12:00:00+00:00,151.74,154.52,150.75,153.9,110.992
2025-06-01 16:00:00+00:00,154.54,156.59,153.62,155.67,203.364
2025-06-01 20:00:00+00:00,155.67,157.87,155.22,157.71,321.148
2025-06-02 00:00:00+00:00,157.74,158.76,155.42,155.42,369.359
2025-06-02 04:00:00+00:00,155.44,156.52,154.77,155.65,55.452
2025-06-02 08:00:00+00:00,155.53,155.99,153.13,153.6,88.459
2025-06-02 12:00:00+00:00,153.55,154.3,151.9,152.73,105.408
2025-06-02 16:00:00+00:00,152.84,155.0,151.92,152.39,197.326
2025-06-02 20:00:00+00:00,153.19,157.29,153.19,157.05,203.255
2025-06-03 00:00:00+00:00,156.67,162.17,156.46,159.43,373.559
2025-06-03 04:00:00+00:00,159.1,160.05,158.42,159.5,89.282
2025-06-03 08:00:00+00:00,159.38,161.57,158.5,160.8,105.423
2025-06-03 12:00:00+00:00,160.47,163.41,159.68,162.09,287.554
2025-06-03 16:00:00+00:00,162.02,162.02,160.16,160.53,305.744
2025-06-03 20:00:00+00:00,160.45,160.45,154.34,155.33,499.972
2025-06-04 00:00:00+00:00,155.21,157.52,154.38,157.02,197.703
2025-06-04 04:00:00+00:00,156.86,156.93,155.85,156.52,129.668
2025-06-04 08:00:00+00:00,157.09,157.77,155.81,156.15,17.433
2025-06-04 12:00:00+00:00,155.98,157.77,154.74,157.03,195.027
2025-06-04 16:00:00+00:00,157.06,157.48,155.46,155.46,86.364
2025-06-04 20:00:00+00:00,155.41,155.46,152.99,153.43,783.052
2025-06-05 00:00:00+00:00,153.36,154.33,153.11,153.79,153.96
2025-06-05 04:00:00+00:00,153.74,154.05,152.1,152.65,109.701
2025-06-05 08:00:00+00:00,152.81,152.92,151.41,152.2,253.29
2025-06-05 12:00:00+00:00,152.27,154.3,148.72,151.49,205.631
2025-06-05 16:00:00+00:00,150.96,150.96,144.62,146.4,1825.546
2025-06-05 20:00:00+00:00,146.08,146.52,141.69,144.52,344.255
2025-06-06 00:00:00+00:00,144.53,146.93,144.41,146.93,373.52
2025-06-06 04:00:00+00:00,146.93,148.18,146.87,147.31,145.881
2025-06-06 08:00:00+00:00,147.39,149.5,147.39,149.07,42.483
2025-06-06 12:00:00+00:00,149.21,152.28,149.21,150.65,290.58
2025-06-06 16:00:00+00:00,151.0,151.2,148.62,149.17,138.212
2025-06-06 20:00:00+00:00,149.01,149.98,147.79,147.79,92.435
2025-06-07 00:00:00+00:00,147.79,149.73,147.01,149.73,75.201
2025-06-07 04:00:00+00:00,149.48,152.4,149.24,152.4,396.117
2025-06-07 08:00:00+00:00,152.45,152.52,151.29,151.29,35.16
2025-06-07 12:00:00+00:00,151.24,152.31,150.7,151.03,94.081
2025-06-07 16:00:00+00:00,151.28,151.46,150.43,150.74,140.799
2025-06-07 20:00:00+00:00,150.64,151.45,149.86,149.94,110.501
2025-06-08 00:00:00+00:00,149.86,150.37,149.28,149.84,50.093
2025-06-08 04:00:00+00:00,149.72,150.35,149.23,149.23,78.92
2025-06-08 08:00:00+00:00,149.56,149.56,148.13,149.5,22.728
2025-06-08 12:00:00+00:00,149.73,150.95,149.26,150.64,103.544
2025-06-08 16:00:00+00:00,150.79,154.44,150.79,154.36,231.23
2025-06-08 20:00:00+00:00,154.5,155.1,152.1,152.5,270.985
2025-06-09 00:00:00+00:00,152.5,153.0,150.97,151.64,288.757
2025-06-09 04:00:00+00:00,151.56,151.89,149.49,150.69,165.953
2025-06-09 08:00:00+00:00,150.84,156.33,150.55,155.65,322.918
2025-06-09 12:00:00+00:00,155.22,155.63,153.11,155.32,175.777
2025-06-09 16:00:00+00:00,155.1,156.69,155.1,155.51,470.439
2025-06-09 20:00:00+00:00,156.02,161.49,155.85,160.99,1131.395
2025-06-10 00:00:00+00:00,161.0,161.6,158.63,159.39,168.317
2025-06-10 04:00:00+00:00,159.16,159.41,157.59,158.26,171.626
2025-06-10 08:00:00+00:00,158.58,161.35,157.32,160.57,126.582
2025-06-10 12:00:00+00:00,160.78,161.87,156.53,158.15,318.569
2025-06-10 16:00:00+00:00,158.04,165.15,157.14,163.45,620.623
2025-06-10 20:00:00+00:00,163.48,165.53,163.0,164.92,314.416
2025-06-11 00:00:00+00:00,165.12,167.24,163.53,167.24,884.203
2025-06-11 04:00:00+00:00,166.63,166.97,164.44,166.45,146.661
2025-06-11 08:00:00+00:00,167.07,167.07,164.09,164.42,134.52
2025-06-11 12:00:00+00:00,164.45,168.36,163.79,167.07,314.156
2025-06-11 16:00:00+00:00,167.28,167.28,162.49,162.68,955.577
2025-06-11 20:00:00+00:00,162.51,163.76,159.3,161.07,676.31
2025-06-12 00:00:00+00:00,160.85,161.3,159.41,160.06,142.756
2025-06-12 04:00:00+00:00,159.75,160.28,158.49,158.87,423.963
2025-06-12 08:00:00+00:00,158.5,159.78,157.56,157.75,44.841
2025-06-12 12:00:00+00:00,157.83,160.59,156.69,157.0,946.426
2025-06-12 16:00:00+00:00,156.97,160.47,154.6,154.97,325.605
2025-06-12 20:00:00+00:00,154.94,155.39,152.22,152.63,561.531
2025-06-13 00:00:00+00:00,152.57,152.57,141.08,144.87,1846.065
2025-06-13 04:00:00+00:00,144.66,145.34,142.8,144.97,352.278
2025-06-13 08:00:00+00:00,145.42,146.57,143.94,145.41,1043.182
2025-06-13 12:00:00+00:00,145.65,147.65,144.17,147.08,3215.952
2025-06-13 16:00:00+00:00,147.47,148.47,144.42,145.0,3533.853
2025-06-13 20:00:00+00:00,144.97,148.93,144.97,148.55,160.905
2025-06-14 00:00:00+00:00,148.39,148.71,146.5,146.5,187.322
2025-06-14 04:00:00+00:00,146.85,147.11,145.9,146.49,1051.174
2025-06-14 08:00:00+00:00,146.16,146.27,145.16,145.97,6465.463
2025-06-14 12:00:00+00:00,145.59,146.04,143.99,144.68,114.871
2025-06-14 16:00:00+00:00,144.89,145.0,143.07,143.77,113.12
2025-06-14 20:00:00+00:00,143.49,144.92,142.14,144.78,112.151
2025-06-15 00:00:00+00:00,144.88,146.12,144.76,145.84,104.436
2025-06-15 04:00:00+00:00,145.84,147.96,145.84,146.07,89.489
2025-06-15 08:00:00+00:00,145.9,146.67,144.42,146.66,84.545
2025-06-15 12:00:00+00:00,146.67,152.77,146.67,150.61,250.195
2025-06-15 16:00:00+00:00,150.81,153.38,150.46,151.84,400.167
2025-06-15 20:00:00+00:00,152.16,152.77,148.33,152.77,814.973
2025-06-16 00:00:00+00:00,152.79,157.21,151.06,155.47,517.281
2025-06-16 04:00:00+00:00,155.99,157.7,155.74,157.06,233.226
2025-06-16 08:00:00+00:00,157.39,157.39,154.86,156.59,85.519
2025-06-16 12:00:00+00:00,156.32,157.62,154.83,156.19,96.387
2025-06-16 16:00:00+00:00,156.5,158.7,156.27,157.54,296.271
2025-06-16 20:00:00+00:00,157.65,157.65,150.48,150.48,617.47
2025-06-17 00:00:00+00:00,150.68,153.86,147.68,153.32,1721.21
2025-06-17 04:00:00+00:00,153.2,154.09,152.48,152.48,251.857
2025-06-17 08:00:00+00:00,152.47,152.48,150.41,150.41,28.64
2025-06-17 12:00:00+00:00,151.22,151.37,146.69,147.46,273.952
2025-06-17 16:00:00+00:00,147.64,150.15,145.82,148.86,636.943
2025-06-17 20:00:00+00:00,148.77,149.17,146.46,147.88,40.35
2025-06-18 00:00:00+00:00,147.45,148.86,146.89,148.37,292.975
2025-06-18 04:00:00+00:00,148.71,149.11,146.65,147.69,511.893
2025-06-18 08:00:00+00:00,147.79,148.02,145.38,146.33,97.689
2025-06-18 12:00:00+00:00,146.35,146.58,143.96,145.55,321.125
2025-06-18 16:00:00+00:00,145.18,146.21,143.85,145.28,618.629
2025-06-18 20:00:00+00:00,144.96,147.8,144.42,146.25,1167.354
2025-06-19 00:00:00+00:00,146.44,147.74,145.0,146.43,100.995
2025-06-19 04:00:00+00:00,146.67,147.26,145.14,145.29,75.422
2025-06-19 08:00:00+00:00,145.78,146.48,144.92,145.18,251.374
2025-06-19 12:00:00+00:00,145.25,145.43,143.18,143.5,435.471
2025-06-19 16:00:00+00:00,143.67,145.89,143.35,145.57,93.099
2025-06-19 20:00:00+00:00,145.64,147.37,145.24,147.06,146.782
2025-06-20 00:00:00+00:00,147.43,147.5,145.71,145.94,485.585
2025-06-20 04:00:00+00:00,145.8,147.69,144.85,147.69,2039.028
2025-06-20 08:00:00+00:00,147.15,148.71,147.06,148.19,823.14
2025-06-20 12:00:00+00:00,148.21,148.3,142.59,142.59,788.827
2025-06-20 16:00:00+00:00,142.94,143.02,135.89,139.78,1384.534
2025-06-20 20:00:00+00:00,139.95,141.88,138.79,140.19,1064.084
2025-06-21 00:00:00+00:00,140.1,141.3,139.62,140.88,541.655
2025-06-21 04:00:00+00:00,140.69,140.69,139.84,140.25,24.002
2025-06-21 08:00:00+00:00,140.38,142.49,140.38,142.49,38.985
2025-06-21 12:00:00+00:00,142.26,142.37,139.38,140.21,63.721
2025-06-21 16:00:00+00:00,140.29,140.87,137.43,137.43,159.193
2025-06-21 20:00:00+00:00,137.55,138.54,131.12,135.45,872.522
2025-06-22 00:00:00+00:00,135.48,137.42,133.34,134.98,983.323
2025-06-22 04:00:00+00:00,135.09,136.42,134.84,134.84,125.676
2025-06-22 08:00:00+00:00,134.46,135.4,132.21,132.49,320.807
2025-06-22 12:00:00+00:00,133.37,133.55,126.78,128.33,1831.487
2025-06-22 16:00:00+00:00,129.0,131.37,128.26,129.25,486.344
2025-06-22 20:00:00+00:00,129.23,132.52,126.26,131.56,806.529
2025-06-23 00:00:00+00:00,131.64,133.28,131.64,132.5,255.01
2025-06-23 04:00:00+00:00,132.65,134.75,132.59,134.4,79.255
2025-06-23 08:00:00+00:00,134.36,134.54,133.32,134.06,890.635
2025-06-23 12:00:00+00:00,133.9,137.32,133.0,133.47,238.579
2025-06-23 16:00:00+00:00,133.11,140.04,130.85,139.74,572.603
2025-06-23 20:00:00+00:00,139.89,146.61,139.51,144.5,2444.304
2025-06-24 00:00:00+00:00,144.42,144.61,142.51,143.14,460.218
2025-06-24 04:00:00+00:00,143.37,146.52,142.9,144.17,986.909
2025-06-24 08:00:00+00:00,143.87,145.42,143.07,144.62,73.296
2025-06-24 12:00:00+00:00,144.63,145.67,143.61,144.25,61.054
2025-06-24 16:00:00+00:00,144.5,146.27,143.03,143.28,268.465
2025-06-24 20:00:00+00:00,143.35,145.78,143.35,145.78,232.039
2025-06-25 00:00:00+00:00,145.78,146.77,145.19,145.65,410.17
2025-06-25 04:00:00+00:00,145.63,147.43,145.0,147.15,445.75
2025-06-25 08:00:00+00:00,147.08,147.18,144.95,146.21,704.188
2025-06-25 12:00:00+00:00,146.33,147.85,142.37,143.46,1391.463
2025-06-25 16:00:00+00:00,143.74,144.63,143.23,144.63,117.058
2025-06-25 20:00:00+00:00,144.67,145.42,142.42,143.42,615.4
2025-06-26 00:00:00+00:00,143.41,147.96,143.35,145.9,516.66
2025-06-26 04:00:00+00:00,145.66,145.83,144.36,145.51,32.757
2025-06-26 08:00:00+00:00,145.21,145.71,143.41,143.62,86.72
2025-06-26 12:00:00+00:00,143.56,143.61,141.59,143.0,263.782
2025-06-26 16:00:00+00:00,143.11,143.11,141.11,142.43,113.629
2025-06-26 20:00:00+00:00,142.27,143.92,138.88,138.91,153.811
2025-06-27 00:00:00+00:00,139.17,141.5,137.26,141.5,321.226
2025-06-27 04:00:00+00:00,141.43,142.07,140.42,140.42,18.079
2025-06-27 08:00:00+00:00,140.59,142.67,140.59,142.13,33.189
2025-06-27 12:00:00+00:00,142.13,143.71,141.31,143.49,158.429
2025-06-27 16:00:00+00:00,143.27,144.67,140.2,141.97,292.668
2025-06-27 20:00:00+00:00,141.75,143.24,141.75,142.2,122.658
2025-06-28 00:00:00+00:00,141.9,143.5,141.34,143.5,77.429
2025-06-28 04:00:00+00:00,143.49,146.61,143.2,146.29,377.72
2025-06-28 08:00:00+00:00,146.52,147.48,146.09,147.2,407.377
2025-06-28 12:00:00+00:00,147.16,148.47,146.0,148.04,193.705
2025-06-28 16:00:00+00:00,148.37,152.69,148.37,150.81,317.846
2025-06-28 20:00:00+00:00,150.74,151.23,150.07,150.7,367.044
2025-06-29 00:00:00+00:00,150.7,150.9,149.58,149.62,153.385
2025-06-29 04:00:00+00:00,149.56,150.13,149.5,149.84,231.307
2025-06-29 08:00:00+00:00,150.37,151.99,150.15,151.63,13.789
2025-06-29 12:00:00+00:00,151.14,152.46,150.95,150.95,194.064
2025-06-29 16:00:00+00:00,150.77,152.18,149.95,151.33,501.987
2025-06-29 20:00:00+00:00,151.21,154.64,150.53,153.26,635.377
2025-06-30 00:00:00+00:00,153.51,153.81,151.5,151.99,699.689
2025-06-30 04:00:00+00:00,151.91,152.05,149.9,150.72,196.848
2025-06-30 08:00:00+00:00,150.64,150.86,149.7,150.71,36.208
2025-06-30 12:00:00+00:00,150.5,159.88,149.87,157.32,1173.73
2025-06-30 16:00:00+00:00,157.91,158.08,155.41,157.77,1265.275
2025-06-30 20:00:00+00:00,157.89,157.89,154.72,154.81,1403.39
2025-07-01 00:00:00+00:00,154.84,155.32,153.38,154.0,158.994
2025-07-01 04:00:00+00:00,153.92,153.92,148.95,150.29,406.514
2025-07-01 08:00:00+00:00,150.03,150.03,148.33,148.53,19.72
2025-07-01 12:00:00+00:00,149.09,149.09,146.43,147.33,1125.769
2025-07-01 16:00:00+00:00,147.37,148.29,145.53,145.67,155.234
2025-07-01 20:00:00+00:00,145.42,147.05,145.03,146.92,226.565
2025-07-02 00:00:00+00:00,146.92,149.12,145.92,148.95,467.675
2025-07-02 04:00:00+00:00,148.92,149.67,148.33,149.09,131.013
2025-07-02 08:00:00+00:00,149.73,149.75,148.71,148.71,394.108
2025-07-02 12:00:00+00:00,148.47,151.41,147.41,151.41,378.546
2025-07-02 16:00:00+00:00,151.5,153.38,150.5,153.01,1201.773
2025-07-02 20:00:00+00:00,152.68,154.25,151.95,152.15,521.316
2025-07-03 00:00:00+00:00,152.15,153.81,151.8,153.28,1145.064
2025-07-03 04:00:00+00:00,153.37,155.79,153.37,155.67,337.767
2025-07-03 08:00:00+00:00,155.77,156.11,154.12,154.64,665.904
2025-07-03 12:00:00+00:00,154.4,155.08,149.82,149.89,1125.641
2025-07-03 16:00:00+00:00,150.5,152.32,150.16,151.84,693.514
2025-07-03 20:00:00+00:00,152.16,153.4,152.0,152.66,186.553
2025-07-04 00:00:00+00:00,152.48,153.14,151.08,151.93,497.282
2025-07-04 04:00:00+00:00,152.14,153.73,145.0,150.14,980.384
2025-07-04 08:00:00+00:00,150.26,150.75,149.03,150.06,32.46
2025-07-04 12:00:00+00:00,149.88,151.2,146.41,146.53,626.243
2025-07-04 16:00:00+00:00,146.76,146.98,145.28,146.61,447.364
2025-07-04 20:00:00+00:00,146.77,148.27,146.5,147.49,212.112
2025-07-05 00:00:00+00:00,148.12,148.35,147.3,147.88,172.735
2025-07-05 04:00:00+00:00,147.64,148.22,146.84,147.7,72.862
2025-07-05 08:00:00+00:00,147.48,148.5,147.06,148.27,66.042
2025-07-05 12:00:00+00:00,148.24,148.52,147.1,147.1,151.358
2025-07-05 16:00:00+00:00,147.18,147.18,146.0,146.93,150.57
2025-07-05 20:00:00+00:00,146.96,148.0,146.58,147.52,68.331
2025-07-06 00:00:00+00:00,147.38,147.6,146.98,147.14,56.362
2025-07-06 04:00:00+00:00,147.37,148.47,147.1,148.09,97.908
2025-07-06 08:00:00+00:00,147.87,147.95,147.0,147.95,14.421
2025-07-06 12:00:00+00:00,147.97,151.89,147.97,150.95,267.685
2025-07-06 16:00:00+00:00,151.37,153.01,150.76,151.22,392.587
2025-07-06 20:00:00+00:00,151.86,153.67,151.31,151.82,704.378
2025-07-07 00:00:00+00:00,151.69,152.79,150.43,152.06,114.677
2025-07-07 04:00:00+00:00,152.02,152.35,150.86,152.22,80.648
2025-07-07 08:00:00+00:00,152.46,153.43,151.77,153.01,52.958
2025-07-07 12:00:00+00:00,152.65,153.09,151.11,151.11,564.166
2025-07-07 16:00:00+00:00,151.19,151.49,148.74,148.97,1059.928
2025-07-07 20:00:00+00:00,148.79,148.98,147.8,148.98,211.129
2025-07-08 00:00:00+00:00,148.91,150.05,147.96,148.83,164.938
2025-07-08 04:00:00+00:00,148.49,149.66,148.35,149.31,223.081
2025-07-08 08:00:00+00:00,149.66,151.58,149.66,151.46,114.021
2025-07-08 12:00:00+00:00,151.61,152.72,149.76,149.8,319.338
2025-07-08 16:00:00+00:00,150.21,152.73,149.52,151.55,165.276
2025-07-08 20:00:00+00:00,151.65,151.81,150.18,151.81,421.351
2025-07-09 00:00:00+00:00,151.63,152.32,151.17,151.31,60.141
2025-07-09 04:00:00+00:00,151.49,153.78,150.65,152.92,225.739
2025-07-09 08:00:00+00:00,152.9,154.28,152.37,153.85,134.301
2025-07-09 12:00:00+00:00,153.43,155.45,153.16,153.98,485.172
2025-07-09 16:00:00+00:00,154.17,157.75,153.38,157.18,1053.699
2025-07-09 20:00:00+00:00,157.31,157.9,155.39,157.02,658.881
2025-07-10 00:00:00+00:00,157.36,159.1,156.0,157.37,676.222
2025-07-10 04:00:00+00:00,157.46,158.5,156.71,157.92,429.255
2025-07-10 08:00:00+00:00,158.53,159.06,157.25,157.7,78.405
2025-07-10 12:00:00+00:00,157.22,158.36,155.81,156.12,439.452
2025-07-10 16:00:00+00:00,156.29,161.02,156.29,158.9,962.923
2025-07-10 20:00:00+00:00,159.25,165.16,159.25,164.07,2267.526
2025-07-11 00:00:00+00:00,164.35,165.31,162.11,164.97,553.692
2025-07-11 04:00:00+00:00,165.16,166.6,163.23,163.66,504.32
2025-07-11 08:00:00+00:00,163.63,165.27,163.42,163.97,73.986
2025-07-11 12:00:00+00:00,164.02,168.0,161.94,162.13,1033.158
2025-07-11 16:00:00+00:00,161.86,164.8,161.39,164.37,533.286
2025-07-11 20:00:00+00:00,164.24,164.8,159.71,162.87,262.051
2025-07-12 00:00:00+00:00,162.88,163.9,161.93,162.95,326.434
2025-07-12 04:00:00+00:00,163.2,163.7,162.14,162.92,101.517
2025-07-12 08:00:00+00:00,163.45,163.45,161.53,161.53,37.178
2025-07-12 12:00:00+00:00,161.65,161.77,157.88,158.29,273.538
2025-07-12 16:00:00+00:00,158.23,160.74,158.08,160.44,193.397
2025-07-12 20:00:00+00:00,160.83,160.83,159.06,160.66,119.035
2025-07-13 00:00:00+00:00,160.61,161.67,160.52,161.09,122.021
2025-07-13 04:00:00+00:00,161.67,162.65,161.51,162.65,257.726
2025-07-13 08:00:00+00:00,162.35,162.62,161.67,161.92,90.885
2025-07-13 12:00:00+00:00,162.13,163.98,161.89,162.1,100.096
2025-07-13 16:00:00+00:00,162.1,163.45,160.71,162.65,791.614
2025-07-13 20:00:00+00:00,162.55,162.97,159.73,161.42,697.579
2025-07-14 00:00:00+00:00,161.21,167.91,160.64,166.89,884.392
2025-07-14 04:00:00+00:00,166.94,168.39,165.48,167.4,593.158
2025-07-14 08:00:00+00:00,167.27,168.04,166.28,166.64,222.791
2025-07-14 12:00:00+00:00,166.62,168.58,163.14,164.02,587.941
2025-07-14 16:00:00+00:00,164.02,165.33,162.53,164.12,293.355
2025-07-14 20:00:00+00:00,163.91,163.91,161.76,162.33,227.12
2025-07-15 00:00:00+00:00,162.12,162.77,158.46,159.25,976.512
2025-07-15 04:00:00+00:00,158.77,160.71,158.42,159.57,150.884
2025-07-15 08:00:00+00:00,159.5,159.99,158.5,159.94,63.615
2025-07-15 12:00:00+00:00,159.69,162.08,157.36,160.68,357.859
2025-07-15 16:00:00+00:00,160.89,163.57,160.05,160.29,480.674
2025-07-15 20:00:00+00:00,160.36,164.17,159.83,164.1,339.55
2025-07-16 00:00:00+00:00,164.11,165.19,161.64,162.54,449.618
2025-07-16 04:00:00+00:00,162.65,164.52,161.97,164.48,95.812
2025-07-16 08:00:00+00:00,163.92,167.44,163.9,166.5,425.057
2025-07-16 12:00:00+00:00,166.74,168.6,165.58,168.34,1631.205
2025-07-16 16:00:00+00:00,168.65,174.73,168.65,174.33,2962.389
2025-07-16 20:00:00+00:00,174.36,175.74,172.32,173.52,977.816
2025-07-17 00:00:00+00:00,173.65,174.77,168.66,169.48,1474.621
2025-07-17 04:00:00+00:00,169.52,174.05,169.32,174.05,1150.583
2025-07-17 08:00:00+00:00,173.75,178.0,172.78,176.32,678.002
2025-07-17 12:00:00+00:00,175.94,177.46,172.94,174.2,915.935
2025-07-17 16:00:00+00:00,174.37,175.38,171.58,172.98,368.954
2025-07-17 20:00:00+00:00,173.0,177.21,171.59,175.56,682.229
2025-07-18 00:00:00+00:00,175.94,181.15,175.39,180.5,898.068
2025-07-18 04:00:00+00:00,180.9,184.08,179.81,181.01,2458.041
2025-07-18 08:00:00+00:00,181.54,181.85,177.34,178.68,852.73
2025-07-18 12:00:00+00:00,178.66,181.97,175.0,176.98,774.293
2025-07-18 16:00:00+00:00,177.06,179.0,176.25,176.55,899.242
2025-07-18 20:00:00+00:00,176.98,177.39,173.31,177.13,371.81
2025-07-19 00:00:00+00:00,177.32,177.53,174.21,177.11,186.648
2025-07-19 04:00:00+00:00,177.35,177.64,176.17,177.12,144.753
2025-07-19 08:00:00+00:00,176.74,177.61,175.61,176.75,18.372
2025-07-19 12:00:00+00:00,176.45,177.75,174.96,177.42,230.761
2025-07-19 16:00:00+00:00,177.16,177.88,176.19,176.7,196.739
2025-07-19 20:00:00+00:00,177.1,178.37,175.21,176.7,233.417
2025-07-20 00:00:00+00:00,176.98,179.48,176.45,178.02,400.235
2025-07-20 04:00:00+00:00,177.73,178.53,176.96,178.23,57.666
2025-07-20 08:00:00+00:00,178.03,181.21,178.03,180.75,163.539
2025-07-20 12:00:00+00:00,180.21,182.98,180.16,181.86,618.266
2025-07-20 16:00:00+00:00,182.1,183.44,180.38,182.01,1513.305
2025-07-20 20:00:00+00:00,181.64,182.23,177.88,181.46,502.734
2025-07-21 00:00:00+00:00,181.5,186.76,178.37,186.72,891.416
2025-07-21 04:00:00+00:00,186.72,190.46,185.07,189.63,1457.541
2025-07-21 08:00:00+00:00,189.64,192.71,189.46,191.67,1156.502
2025-07-21 12:00:00+00:00,191.48,199.16,190.3,196.68,2062.404
2025-07-21 16:00:00+00:00,196.95,197.17,193.04,194.36,856.45
2025-07-21 20:00:00+00:00,194.43,197.68,193.74,195.73,454.448
2025-07-22 00:00:00+00:00,196.3,204.63,193.9,199.62,1660.641
2025-07-22 04:00:00+00:00,200.05,201.3,194.37,197.54,1923.397
2025-07-22 08:00:00+00:00,197.42,200.05,194.33,200.05,358.624
2025-07-22 12:00:00+00:00,200.05,204.88,197.11,201.5,1075.736
2025-07-22 16:00:00+00:00,201.47,204.11,198.75,198.83,1356.308
2025-07-22 20:00:00+00:00,198.75,206.22,198.75,205.85,1152.887
2025-07-23 00:00:00+00:00,205.83,205.83,201.1,201.11,407.616
2025-07-23 04:00:00+00:00,201.65,202.33,199.2,199.48,429.342
2025-07-23 08:00:00+00:00,199.14,200.06,196.22,197.35,286.355
2025-07-23 12:00:00+00:00,197.26,197.42,188.03,192.57,1144.955
2025-07-23 16:00:00+00:00,192.55,192.55,186.06,188.53,983.904
2025-07-23 20:00:00+00:00,188.78,190.0,184.22,189.16,1185.94
2025-07-24 00:00:00+00:00,189.28,191.78,188.88,189.98,319.217
2025-07-24 04:00:00+00:00,189.96,190.12,179.42,184.22,470.354
2025-07-24 08:00:00+00:00,183.5,186.84,183.19,186.57,63.562
2025-07-24 12:00:00+00:00,186.34,207.61,169.5,188.79,5464.253
2025-07-24 16:00:00+00:00,188.77,189.93,184.94,187.97,618.551
2025-07-24 20:00:00+00:00,187.95,188.99,182.22,182.79,551.364
2025-07-25 00:00:00+00:00,182.77,183.29,176.02,177.77,1316.771
2025-07-25 04:00:00+00:00,177.86,179.91,176.1,177.61,369.197
2025-07-25 08:00:00+00:00,177.85,181.98,177.06,181.11,88.114
2025-07-25 12:00:00+00:00,181.39,181.8,176.47,178.3,388.598
2025-07-25 16:00:00+00:00,178.7,182.62,177.61,182.39,443.467
2025-07-25 20:00:00+00:00,182.14,186.58,182.14,186.58,322.165
2025-07-26 00:00:00+00:00,186.62,186.85,184.58,186.27,103.989
2025-07-26 04:00:00+00:00,186.05,187.0,185.63,186.22,100.843
2025-07-26 08:00:00+00:00,186.45,189.59,186.45,187.76,510.339
2025-07-26 12:00:00+00:00,187.74,188.29,186.2,187.4,181.542
2025-07-26 16:00:00+00:00,187.63,187.63,185.21,186.39,570.005
2025-07-26 20:00:00+00:00,186.01,186.52,184.39,184.88,369.949
2025-07-27 00:00:00+00:00,184.8,187.3,184.77,186.99,372.343
2025-07-27 04:00:00+00:00,186.99,188.0,186.83,187.42,88.384
2025-07-27 08:00:00+00:00,187.17,188.28,186.3,186.94,45.895
2025-07-27 12:00:00+00:00,187.04,187.04,185.07,186.45,177.352
2025-07-27 16:00:00+00:00,186.83,189.67,186.14,186.95,429.178
2025-07-27 20:00:00+00:00,187.39,190.41,186.76,188.56,446.388
2025-07-28 00:00:00+00:00,188.51,193.6,187.86,193.2,697.41
2025-07-28 04:00:00+00:00,193.55,195.04,191.88,192.42,420.823
2025-07-28 08:00:00+00:00,192.51,193.2,190.84,191.7,108.481
2025-07-28 12:00:00+00:00,192.04,193.26,186.67,187.5,389.8
2025-07-28 16:00:00+00:00,187.1,187.84,183.69,185.36,1022.906
2025-07-28 20:00:00+00:00,185.52,185.52,182.39,182.39,1783.343
2025-07-29 00:00:00+00:00,183.01,184.9,181.0,184.52,491.644
2025-07-29 04:00:00+00:00,184.52,186.49,183.3,186.13,166.269
2025-07-29 08:00:00+00:00,186.0,186.0,182.35,182.72,112.52
2025-07-29 12:00:00+00:00,183.28,184.87,179.56,181.28,630.217
2025-07-29 16:00:00+00:00,180.71,182.24,178.52,181.7,372.369
2025-07-29 20:00:00+00:00,181.25,181.77,179.47,181.61,342.601
2025-07-30 00:00:00+00:00,181.37,182.39,179.19,182.15,152.075
2025-07-30 04:00:00+00:00,182.13,182.46,179.62,180.83,141.829
2025-07-30 08:00:00+00:00,180.48,181.35,176.67,177.42,351.755
2025-07-30 12:00:00+00:00,177.06,180.47,177.0,178.98,114.395
2025-07-30 16:00:00+00:00,179.38,180.05,171.0,176.35,916.208
2025-07-30 20:00:00+00:00,176.19,178.13,174.96,177.69,243.713
2025-07-31 00:00:00+00:00,177.75,180.43,177.73,180.43,308.661
2025-07-31 04:00:00+00:00,180.36,181.56,180.0,181.07,234.229
2025-07-31 08:00:00+00:00,181.39,182.53,180.42,180.56,110.653
2025-07-31 12:00:00+00:00,180.92,180.92,175.5,177.21,224.798
2025-07-31 16:00:00+00:00,177.16,179.67,175.0,175.0,226.91
2025-07-31 20:00:00+00:00,175.09,175.88,171.71,172.28,404.321
2025-08-01 00:00:00+00:00,171.97,172.2,167.72,171.11,664.681
2025-08-01 04:00:00+00:00,171.11,171.11,168.14,168.88,209.091
2025-08-01 08:00:00+00:00,168.73,169.14,166.57,169.13,161.115
2025-08-01 12:00:00+00:00,169.13,170.0,164.89,168.62,1533.975
2025-08-01 16:00:00+00:00,169.16,169.7,165.33,166.72,653.427
2025-08-01 20:00:00+00:00,166.5,166.51,159.34,163.0,1342.33
2025-08-02 00:00:00+00:00,163.02,164.92,162.86,164.32,397.024
2025-08-02 04:00:00+00:00,164.66,165.24,162.07,164.43,131.534
2025-08-02 08:00:00+00:00,164.43,165.06,162.33,164.62,47.238
2025-08-02 12:00:00+00:00,164.16,164.8,161.36,161.72,249.332
2025-08-02 16:00:00+00:00,161.44,162.27,156.03,157.42,676.926
2025-08-02 20:00:00+00:00,157.6,159.51,157.31,158.59,252.126
2025-08-03 00:00:00+00:00,158.7,161.09,156.53,161.09,221.222
2025-08-03 04:00:00+00:00,160.6,161.44,160.11,161.38,60.006
2025-08-03 08:00:00+00:00,161.46,162.9,160.88,161.95,190.603
2025-08-03 12:00:00+00:00,161.44,162.31,160.48,162.06,219.557
2025-08-03 16:00:00+00:00,161.7,162.68,161.32,161.6,405.999
2025-08-03 20:00:00+00:00,161.62,163.15,160.79,162.2,350.192
2025-08-04 00:00:00+00:00,161.64,164.8,161.48,162.92,225.653
2025-08-04 04:00:00+00:00,163.41,163.41,161.52,163.19,55.322
2025-08-04 08:00:00+00:00,163.45,163.81,161.81,162.09,93.349
2025-08-04 12:00:00+00:00,162.65,166.82,162.65,165.52,501.336
2025-08-04 16:00:00+00:00,165.55,169.7,165.09,165.15,427.34
2025-08-04 20:00:00+00:00,165.39,169.71,165.38,169.46,148.15
2025-08-05 00:00:00+00:00,169.59,169.96,167.73,168.01,123.041
2025-08-05 04:00:00+00:00,168.02,169.16,165.89,166.21,97.384
2025-08-05 08:00:00+00:00,166.16,171.65,165.78,170.87,187.23
2025-08-05 12:00:00+00:00,170.88,170.88,163.25,163.63,353.681
2025-08-05 16:00:00+00:00,163.87,164.81,162.53,163.02,244.933
2025-08-05 20:00:00+00:00,162.9,164.52,161.52,164.19,173.548
2025-08-06 00:00:00+00:00,164.12,164.12,161.26,162.19,413.895
2025-08-06 04:00:00+00:00,161.89,164.58,161.36,164.47,195.638
2025-08-06 08:00:00+00:00,163.45,164.45,162.84,164.25,625.799
2025-08-06 12:00:00+00:00,164.58,169.24,162.63,169.24,205.115
2025-08-06 16:00:00+00:00,169.14,169.82,167.2,168.5,315.27
2025-08-06 20:00:00+00:00,168.37,168.82,167.39,167.96,331.829
2025-08-07 00:00:00+00:00,167.95,168.93,166.42,167.08,165.101
2025-08-07 04:00:00+00:00,166.86,170.13,166.85,169.7,263.588
2025-08-07 08:00:00+00:00,170.32,173.25,169.12,172.92,418.362
2025-08-07 12:00:00+00:00,172.99,172.99,169.88,170.16,266.153
2025-08-07 16:00:00+00:00,170.5,171.82,167.13,171.82,127.623
2025-08-07 20:00:00+00:00,171.82,175.5,171.8,175.49,447.042
2025-08-08 00:00:00+00:00,175.45,175.72,173.6,174.86,498.512
2025-08-08 04:00:00+00:00,174.45,177.68,173.92,177.38,167.321
2025-08-08 08:00:00+00:00,177.48,177.75,174.98,177.75,233.077
2025-08-08 12:00:00+00:00,177.52,178.84,174.55,174.66,660.587
2025-08-08 16:00:00+00:00,175.53,179.51,174.98,178.47,953.736
2025-08-08 20:00:00+00:00,178.5,178.5,176.64,176.7,300.059
2025-08-09 00:00:00+00:00,176.85,178.79,176.67,177.29,266.112
2025-08-09 04:00:00+00:00,177.1,182.0,177.06,180.4,392.098
2025-08-09 08:00:00+00:00,180.7,183.04,180.7,180.89,807.585
2025-08-09 12:00:00+00:00,180.64,182.37,179.19,179.97,245.527
2025-08-09 16:00:00+00:00,180.33,182.57,179.62,182.07,473.019
2025-08-09 20:00:00+00:00,182.07,183.21,179.91,180.35,1035.824
2025-08-10 00:00:00+00:00,180.06,185.89,179.92,185.26,1826.497
2025-08-10 04:00:00+00:00,185.08,186.05,178.07,178.32,408.312
2025-08-10 08:00:00+00:00,178.7,180.95,177.63,180.15,298.055
2025-08-10 12:00:00+00:00,180.31,182.41,178.63,181.51,114.983
2025-08-10 16:00:00+00:00,181.31,183.18,181.2,182.88,187.523
2025-08-10 20:00:00+00:00,183.07,183.85,181.4,182.93,228.685
2025-08-11 00:00:00+00:00,182.53,185.68,181.37,185.19,762.633
2025-08-11 04:00:00+00:00,184.87,186.5,183.14,183.14,685.037
2025-08-11 08:00:00+00:00,183.0,184.61,178.62,179.27,813.518
2025-08-11 12:00:00+00:00,179.25,180.27,177.47,180.01,1037.392
2025-08-11 16:00:00+00:00,180.05,181.55,175.77,176.49,433.397
2025-08-11 20:00:00+00:00,176.24,176.77,173.68,175.03,688.044
2025-08-12 00:00:00+00:00,174.68,176.69,174.68,176.05,524.508
2025-08-12 04:00:00+00:00,175.57,176.67,173.84,175.81,428.923
2025-08-12 08:00:00+00:00,175.45,176.39,173.8,175.17,382.343
2025-08-12 12:00:00+00:00,175.07,181.91,175.0,181.65,825.904
2025-08-12 16:00:00+00:00,181.66,190.86,180.89,190.8,2854.877
2025-08-12 20:00:00+00:00,190.8,193.51,189.61,191.95,851.44
2025-08-13 00:00:00+00:00,191.84,199.28,191.67,198.08,2204.53
2025-08-13 04:00:00+00:00,197.74,199.9,195.16,198.74,773.725
2025-08-13 08:00:00+00:00,198.74,202.46,197.47,201.0,1222.272
2025-08-13 12:00:00+00:00,201.1,204.9,194.4,197.43,2183.253
2025-08-13 16:00:00+00:00,197.57,202.02,197.08,202.02,1048.066
2025-08-13 20:00:00+00:00,202.08,203.2,199.96,201.37,517.964
2025-08-14 00:00:00+00:00,201.66,208.86,200.75,208.31,2586.073
2025-08-14 04:00:00+00:00,207.98,209.67,204.28,204.84,994.55
2025-08-14 08:00:00+00:00,205.92,205.93,201.99,203.37,936.316
2025-08-14 12:00:00+00:00,203.85,205.26,187.0,195.13,2932.234
2025-08-14 16:00:00+00:00,194.91,195.28,190.7,193.07,826.94
2025-08-14 20:00:00+00:00,192.92,193.0,187.51,192.52,596.802
2025-08-15 00:00:00+00:00,192.24,195.43,192.03,194.86,678.018
2025-08-15 04:00:00+00:00,195.05,197.6,194.23,196.89,764.539
2025-08-15 08:00:00+00:00,197.33,197.54,193.78,194.68,131.687
2025-08-15 12:00:00+00:00,194.61,195.83,184.63,185.98,625.195
2025-08-15 16:00:00+00:00,185.53,186.63,183.49,183.86,860.069
2025-08-15 20:00:00+00:00,183.9,188.16,183.67,185.77,401.586
2025-08-16 00:00:00+00:00,185.62,188.21,185.4,187.32,263.565
2025-08-16 04:00:00+00:00,187.26,189.37,186.1,189.25,118.212
2025-08-16 08:00:00+00:00,188.92,188.92,185.57,185.88,62.57
2025-08-16 12:00:00+00:00,185.51,189.4,185.36,188.64,283.985
2025-08-16 16:00:00+00:00,188.83,189.33,187.22,189.01,271.701
2025-08-16 20:00:00+00:00,188.82,190.06,188.05,189.53,121.209
2025-08-17 00:00:00+00:00,189.75,191.78,187.5,191.47,577.908
2025-08-17 04:00:00+00:00,191.46,193.36,191.3,191.87,474.174
2025-08-17 08:00:00+00:00,191.87,193.57,191.72,193.57,84.025
2025-08-17 12:00:00+00:00,193.57,195.19,191.97,195.19,383.42
2025-08-17 16:00:00+00:00,195.19,195.66,190.34,191.12,596.504
2025-08-17 20:00:00+00:00,191.41,193.3,191.08,191.17,505.525
2025-08-18 00:00:00+00:00,191.0,191.37,182.03,182.84,896.775
2025-08-18 04:00:00+00:00,182.84,183.46,180.41,180.41,373.569
2025-08-18 08:00:00+00:00,181.19,181.9,180.15,181.27,521.471
2025-08-18 12:00:00+00:00,181.17,183.3,180.81,182.64,801.349
2025-08-18 16:00:00+00:00,183.02,185.57,181.9,183.5,247.544
2025-08-18 20:00:00+00:00,182.89,184.84,182.13,182.76,179.827
2025-08-19 00:00:00+00:00,182.73,185.74,178.37,178.62,736.261
2025-08-19 04:00:00+00:00,178.78,180.43,177.58,179.85,788.324
2025-08-19 08:00:00+00:00,179.47,182.74,179.21,182.74,405.503
2025-08-19 12:00:00+00:00,182.31,183.26,177.71,178.14,864.581
2025-08-19 16:00:00+00:00,178.69,178.74,175.91,176.72,565.759
2025-08-19 20:00:00+00:00,176.71,179.33,176.05,176.05,200.764
2025-08-20 00:00:00+00:00,176.98,181.38,176.35,180.4,529.24
2025-08-20 04:00:00+00:00,180.55,181.56,179.93,180.65,340.033
2025-08-20 08:00:00+00:00,180.6,182.1,178.56,179.93,221.96
2025-08-20 12:00:00+00:00,180.07,184.97,177.77,182.99,1448.151
2025-08-20 16:00:00+00:00,183.35,187.74,182.75,187.16,612.746
2025-08-20 20:00:00+00:00,187.26,187.67,185.96,187.67,193.946
2025-08-21 00:00:00+00:00,187.77,190.0,185.71,188.75,495.322
2025-08-21 04:00:00+00:00,188.58,188.65,186.14,187.38,115.947
2025-08-21 08:00:00+00:00,186.67,186.67,183.51,184.0,224.144
2025-08-21 12:00:00+00:00,183.98,186.31,181.55,181.55,287.799
2025-08-21 16:00:00+00:00,181.7,182.9,180.04,180.04,607.025
2025-08-21 20:00:00+00:00,180.06,181.84,179.42,180.2,372.764
2025-08-22 00:00:00+00:00,180.47,183.38,180.17,181.97,544.039
2025-08-22 04:00:00+00:00,181.67,184.23,181.67,184.09,66.959
2025-08-22 08:00:00+00:00,184.26,184.98,179.56,179.62,167.957
2025-08-22 12:00:00+00:00,180.05,198.0,177.52,193.54,5495.779
2025-08-22 16:00:00+00:00,194.0,199.6,193.61,198.63,1479.15
2025-08-22 20:00:00+00:00,199.49,202.31,189.12,200.76,1966.292
2025-08-23 00:00:00+00:00,200.79,200.79,195.0,198.57,1392.955
2025-08-23 04:00:00+00:00,198.7,208.49,198.63,205.45,4731.652
2025-08-23 08:00:00+00:00,205.02,205.51,201.53,201.75,533.98
2025-08-23 12:00:00+00:00,201.57,203.77,200.69,202.49,523.612
2025-08-23 16:00:00+00:00,202.44,204.52,202.17,204.1,912.633
2025-08-23 20:00:00+00:00,204.08,204.71,202.83,204.1,202.391
2025-08-24 00:00:00+00:00,204.23,211.68,204.21,208.87,2940.431
2025-08-24 04:00:00+00:00,209.15,210.74,206.81,206.81,598.858
2025-08-24 08:00:00+00:00,207.01,208.74,203.57,204.59,346.111
2025-08-24 12:00:00+00:00,204.68,209.2,203.54,205.8,329.951
2025-08-24 16:00:00+00:00,205.91,212.0,201.58,204.83,3004.35
2025-08-24 20:00:00+00:00,204.95,207.0,201.43,205.82,519.36
2025-08-25 00:00:00+00:00,206.22,213.38,202.49,208.99,1457.331
2025-08-25 04:00:00+00:00,208.96,209.63,198.89,199.62,1321.055
2025-08-25 08:00:00+00:00,199.74,200.52,195.42,197.48,1055.664
2025-08-25 12:00:00+00:00,197.64,199.24,195.75,196.5,411.085
2025-08-25 16:00:00+00:00,196.76,198.3,191.23,192.08,1335.238
2025-08-25 20:00:00+00:00,191.15,192.21,185.73,187.33,1725.482
2025-08-26 00:00:00+00:00,187.14,189.34,185.73,186.9,355.544
2025-08-26 04:00:00+00:00,187.3,189.72,187.05,189.18,130.849
2025-08-26 08:00:00+00:00,189.56,190.14,186.92,187.87,113.499
2025-08-26 12:00:00+00:00,187.98,192.44,187.32,190.91,346.605
2025-08-26 16:00:00+00:00,190.93,197.4,190.92,197.17,794.491
2025-08-26 20:00:00+00:00,196.78,197.96,195.43,195.77,1373.612
2025-08-27 00:00:00+00:00,195.76,203.77,194.0,202.17,12389.51
2025-08-27 04:00:00+00:00,203.22,206.04,201.08,202.65,14631.112
2025-08-27 08:00:00+00:00,202.65,205.84,201.8,205.49,12500.993
2025-08-27 12:00:00+00:00,205.49,210.12,202.9,209.13,12706.825
2025-08-27 16:00:00+00:00,208.89,213.28,206.21,206.43,9630.601
2025-08-27 20:00:00+00:00,206.42,209.29,202.7,202.7,1933.102
2025-08-28 00:00:00+00:00,203.15,208.24,201.85,208.24,1299.859
2025-08-28 04:00:00+00:00,207.76,213.18,207.76,213.15,2002.001
2025-08-28 08:00:00+00:00,213.18,216.42,211.53,213.41,637.302
2025-08-28 12:00:00+00:00,213.37,216.74,210.34,211.11,1659.728
2025-08-28 16:00:00+00:00,211.27,213.82,207.41,209.94,762.463
2025-08-28 20:00:00+00:00,209.99,215.63,209.84,214.2,475.234
2025-08-29 00:00:00+00:00,214.53,217.82,212.14,216.78,1380.58
2025-08-29 04:00:00+00:00,217.05,217.93,208.06,208.42,561.263
2025-08-29 08:00:00+00:00,209.06,210.16,205.61,207.38,738.747
2025-08-29 12:00:00+00:00,207.73,214.71,204.23,205.26,1967.085
2025-08-29 16:00:00+00:00,204.32,209.2,201.63,202.95,1906.675
2025-08-29 20:00:00+00:00,203.11,205.48,200.11,205.48,834.823
2025-08-30 00:00:00+00:00,204.59,206.66,200.88,205.72,492.061
2025-08-30 04:00:00+00:00,205.56,206.89,204.59,205.2,78.946
2025-08-30 08:00:00+00:00,204.6,205.41,201.9,202.8,146.876
2025-08-30 12:00:00+00:00,202.6,202.61,197.78,200.88,553.623
2025-08-30 16:00:00+00:00,200.77,201.68,199.89,201.14,193.074
2025-08-30 20:00:00+00:00,201.3,203.18,200.0,202.83,143.716
2025-08-31 00:00:00+00:00,202.67,207.1,202.51,205.27,882.984
2025-08-31 04:00:00+00:00,205.39,205.64,202.9,203.54,88.766
2025-08-31 08:00:00+00:00,203.77,205.61,202.5,203.65,97.2
2025-08-31 12:00:00+00:00,203.67,204.78,201.61,204.77,584.995
2025-08-31 16:00:00+00:00,204.21,205.81,203.83,204.73,127.067
2025-08-31 20:00:00+00:00,204.77,205.87,200.42,200.42,274.588
2025-09-01 00:00:00+00:00,200.53,202.38,196.37,198.55,1368.612
2025-09-01 04:00:00+00:00,198.16,202.77,196.79,202.77,395.545
2025-09-01 08:00:00+00:00,202.77,204.58,198.49,199.51,96.273
2025-09-01 12:00:00+00:00,199.48,201.27,197.79,198.18,871.583
2025-09-01 16:00:00+00:00,198.2,200.08,197.58,200.08,444.146
2025-09-01 20:00:00+00:00,200.07,200.09,194.33,197.39,1218.155
2025-09-02 00:00:00+00:00,197.17,203.18,196.84,202.02,618.437
2025-09-02 04:00:00+00:00,201.53,204.38,201.53,202.05,269.603
2025-09-02 08:00:00+00:00,202.83,204.15,202.05,202.05,50.601
2025-09-02 12:00:00+00:00,201.78,204.81,197.55,200.27,512.386
2025-09-02 16:00:00+00:00,201.3,207.0,199.68,205.57,1102.981
2025-09-02 20:00:00+00:00,205.62,209.38,205.43,209.38,853.971
2025-09-03 00:00:00+00:00,209.39,211.86,207.67,209.89,734.048
2025-09-03 04:00:00+00:00,209.8,210.56,207.96,209.14,427.394
2025-09-03 08:00:00+00:00,209.55,211.12,208.51,210.7,107.945
2025-09-03 12:00:00+00:00,209.86,212.94,208.94,211.4,360.894
2025-09-03 16:00:00+00:00,211.91,211.91,209.03,210.41,225.994
2025-09-03 20:00:00+00:00,210.33,210.53,208.51,210.46,143.585
2025-09-04 00:00:00+00:00,210.14,211.85,207.71,208.24,436.654
2025-09-04 04:00:00+00:00,208.56,208.56,205.92,206.94,352.573
2025-09-04 08:00:00+00:00,207.0,208.76,206.64,208.14,145.073
2025-09-04 12:00:00+00:00,207.2,208.15,203.5,204.06,746.867
2025-09-04 16:00:00+00:00,203.94,205.16,201.98,202.36,417.68
2025-09-04 20:00:00+00:00,201.95,204.78,201.95,202.45,5782.944
2025-09-05 00:00:00+00:00,202.15,203.92,201.04,203.54,395.71
2025-09-05 04:00:00+00:00,203.55,208.12,202.95,207.6,162.508
2025-09-05 08:00:00+00:00,207.19,207.46,204.51,206.78,199.136
2025-09-05 12:00:00+00:00,206.72,209.89,201.81,203.86,930.659
2025-09-05 16:00:00+00:00,203.66,205.41,202.03,205.28,520.232
2025-09-05 20:00:00+00:00,205.4,205.58,202.81,203.56,344.092
2025-09-06 00:00:00+00:00,203.39,204.75,203.39,204.57,98.836
2025-09-06 04:00:00+00:00,203.89,203.99,202.15,202.97,199.752
2025-09-06 08:00:00+00:00,202.96,203.64,202.14,202.47,417.58
2025-09-06 12:00:00+00:00,202.47,202.83,201.22,201.43,202.462
2025-09-06 16:00:00+00:00,201.09,202.14,199.41,199.84,233.524
2025-09-06 20:00:00+00:00,199.98,201.32,199.72,200.29,169.476
2025-09-07 00:00:00+00:00,200.6,203.14,200.6,202.6,115.77
2025-09-07 04:00:00+00:00,202.79,203.22,202.26,202.74,60.809
2025-09-07 08:00:00+00:00,203.22,203.87,202.68,203.87,88.672
2025-09-07 12:00:00+00:00,203.81,205.39,203.27,205.23,159.645
2025-09-07 16:00:00+00:00,205.41,205.41,201.72,202.84,251.598
2025-09-07 20:00:00+00:00,202.92,207.73,202.77,206.78,539.235
2025-09-08 00:00:00+00:00,206.55,208.79,205.78,207.75,231.815
2025-09-08 04:00:00+00:00,207.67,208.71,206.78,208.07,215.489
2025-09-08 08:00:00+00:00,207.98,215.58,207.46,214.4,1324.979
2025-09-08 12:00:00+00:00,214.49,216.44,213.13,214.86,1254.548
2025-09-08 16:00:00+00:00,214.9,216.97,214.01,215.95,557.441
2025-09-08 20:00:00+00:00,215.98,216.02,213.35,214.29,430.059
2025-09-09 00:00:00+00:00,213.96,214.5,211.0,214.5,372.503
2025-09-09 04:00:00+00:00,214.48,219.59,213.88,218.75,1110.3
2025-09-09 08:00:00+00:00,219.3,219.37,217.17,217.17,251.362
2025-09-09 12:00:00+00:00,217.12,218.42,211.86,213.33,620.669
2025-09-09 16:00:00+00:00,213.2,216.86,213.2,216.58,252.932
2025-09-09 20:00:00+00:00,216.45,217.58,215.34,217.23,451.996
2025-09-10 00:00:00+00:00,217.27,219.32,214.97,218.87,11813.65
2025-09-10 04:00:00+00:00,218.31,222.31,217.26,222.17,10913.945
2025-09-10 08:00:00+00:00,221.7,221.99,218.73,219.79,451.878
2025-09-10 12:00:00+00:00,220.25,225.61,219.74,223.22,753.31
2025-09-10 16:00:00+00:00,223.09,223.45,213.95,221.0,876.964
2025-09-10 20:00:00+00:00,221.38,224.49,221.01,224.08,385.278
2025-09-11 00:00:00+00:00,224.07,225.59,223.02,224.11,333.323
2025-09-11 04:00:00+00:00,224.1,224.17,221.76,223.19,351.457
2025-09-11 08:00:00+00:00,222.81,225.58,222.31,225.11,280.281
2025-09-11 12:00:00+00:00,225.21,228.67,223.01,227.03,764.28
2025-09-11 16:00:00+00:00,226.83,228.46,225.47,226.42,330.686
2025-09-11 20:00:00+00:00,226.62,228.84,225.32,228.72,646.301
2025-09-12 00:00:00+00:00,228.67,235.55,227.91,234.76,1567.992
2025-09-12 04:00:00+00:00,235.22,239.58,234.03,237.21,2269.095
2025-09-12 08:00:00+00:00,237.45,239.57,236.79,239.42,264.23
2025-09-12 12:00:00+00:00,239.32,241.44,237.57,239.44,1936.728
2025-09-12 16:00:00+00:00,239.21,241.14,237.91,241.06,589.285
2025-09-12 20:00:00+00:00,240.7,243.79,238.61,241.71,626.005
2025-09-13 00:00:00+00:00,242.36,243.9,240.82,243.22,474.003
2025-09-13 04:00:00+00:00,242.97,243.61,241.22,242.8,148.636
2025-09-13 08:00:00+00:00,242.32,243.38,241.37,241.5,80.925
2025-09-13 12:00:00+00:00,241.6,243.11,238.24,238.91,1402.434
2025-09-13 16:00:00+00:00,239.23,239.73,236.1,238.89,783.343
2025-09-13 20:00:00+00:00,238.91,242.75,238.54,242.61,558.521
2025-09-14 00:00:00+00:00,242.74,249.2,242.0,246.7,2818.387
2025-09-14 04:00:00+00:00,246.7,248.19,245.0,246.0,1235.58
2025-09-14 08:00:00+00:00,246.56,247.89,245.53,245.67,267.907
2025-09-14 12:00:00+00:00,245.77,246.66,241.12,243.51,3673.738
2025-09-14 16:00:00+00:00,243.61,248.3,241.07,242.82,924.834
2025-09-14 20:00:00+00:00,242.86,244.43,239.56,239.9,1609.564
2025-09-15 00:00:00+00:00,239.84,243.4,239.34,242.74,573.835
2025-09-15 04:00:00+00:00,242.82,244.14,236.72,238.4,269.669
2025-09-15 08:00:00+00:00,238.36,238.36,232.34,236.37,553.304
2025-09-15 12:00:00+00:00,236.5,237.9,232.0,233.19,1022.863
2025-09-15 16:00:00+00:00,233.19,234.39,230.06,232.56,1131.121
2025-09-15 20:00:00+00:00,232.58,235.36,232.58,234.44,490.925
2025-09-16 00:00:00+00:00,233.92,235.71,233.02,235.55,231.861
2025-09-16 04:00:00+00:00,235.27,236.88,233.16,235.43,139.722
2025-09-16 08:00:00+00:00,236.2,236.88,235.0,235.75,110.138
2025-09-16 12:00:00+00:00,235.44,237.72,231.64,237.4,699.874
2025-09-16 16:00:00+00:00,237.85,240.6,236.2,238.3,989.708
2025-09-16 20:00:00+00:00,238.29,238.87,236.65,236.85,123.078
2025-09-17 00:00:00+00:00,236.77,240.0,234.39,235.32,2506.863
2025-09-17 04:00:00+00:00,235.22,237.71,232.0,237.62,3069.137
2025-09-17 08:00:00+00:00,237.76,237.76,233.95,234.0,160.518
2025-09-17 12:00:00+00:00,233.92,235.92,233.66,234.01,159.356
2025-09-17 16:00:00+00:00,233.74,238.99,232.5,238.82,1824.599
2025-09-17 20:00:00+00:00,238.9,246.27,236.19,244.76,3416.404
2025-09-18 00:00:00+00:00,245.15,247.48,244.25,246.82,1074.038
2025-09-18 04:00:00+00:00,246.91,246.91,242.71,244.84,496.662
2025-09-18 08:00:00+00:00,244.27,246.95,244.27,246.09,469.895
2025-09-18 12:00:00+00:00,246.23,248.58,245.22,248.53,578.744
2025-09-18 16:00:00+00:00,248.46,253.22,247.1,248.71,4014.502
2025-09-18 20:00:00+00:00,248.08,248.86,245.86,247.48,387.112
2025-09-19 00:00:00+00:00,247.2,248.31,244.99,245.04,639.604
2025-09-19 04:00:00+00:00,244.93,245.69,243.09,244.2,236.193
2025-09-19 08:00:00+00:00,244.48,244.94,240.37,241.32,996.767
2025-09-19 12:00:00+00:00,241.32,242.76,236.19,237.31,894.077
2025-09-19 16:00:00+00:00,237.8,238.81,235.42,236.22,471.856
2025-09-19 20:00:00+00:00,236.2,238.95,236.07,238.47,347.103
2025-09-20 00:00:00+00:00,238.24,239.81,237.5,237.98,251.89
2025-09-20 04:00:00+00:00,238.02,239.58,237.89,239.31,120.107
2025-09-20 08:00:00+00:00,239.57,239.62,237.18,238.09,79.022
2025-09-20 12:00:00+00:00,238.09,240.73,237.14,239.52,929.195
2025-09-20 16:00:00+00:00,240.32,242.95,238.23,238.74,830.488
2025-09-20 20:00:00+00:00,238.81,240.3,238.28,239.78,141.262
2025-09-21 00:00:00+00:00,239.73,241.71,239.29,241.71,260.368
2025-09-21 04:00:00+00:00,241.48,241.8,239.71,240.34,76.966
2025-09-21 08:00:00+00:00,240.09,240.09,237.27,238.88,67.174
2025-09-21 12:00:00+00:00,239.0,240.13,237.89,237.94,275.956
2025-09-21 16:00:00+00:00,237.96,238.24,236.35,238.2,740.41
2025-09-21 20:00:00+00:00,237.57,238.15,235.6,236.19,146.153
2025-09-22 00:00:00+00:00,236.19,236.83,230.81,232.46,1068.214
2025-09-22 04:00:00+00:00,232.77,232.93,217.35,222.09,1303.754
2025-09-22 08:00:00+00:00,221.96,222.91,219.59,221.93,247.228
2025-09-22 12:00:00+00:00,221.88,224.16,220.18,220.52,676.407
2025-09-22 16:00:00+00:00,220.49,221.6,216.6,217.04,725.59
2025-09-22 20:00:00+00:00,216.81,221.12,216.56,220.75,470.345
2025-09-23 00:00:00+00:00,220.08,221.31,212.63,217.3,861.536
2025-09-23 04:00:00+00:00,217.36,219.91,214.72,218.92,162.996
2025-09-23 08:00:00+00:00,219.22,220.81,218.12,219.08,289.234
2025-09-23 12:00:00+00:00,219.43,220.66,217.32,219.47,261.848
2025-09-23 16:00:00+00:00,219.65,221.37,214.53,215.03,184.485
2025-09-23 20:00:00+00:00,214.95,216.59,213.5,213.5,160.493
2025-09-24 00:00:00+00:00,213.5,216.13,206.95,208.42,8555.349
2025-09-24 04:00:00+00:00,208.22,211.27,204.0,210.35,1862.135
2025-09-24 08:00:00+00:00,210.17,212.46,209.61,212.0,76.242
2025-09-24 12:00:00+00:00,212.43,216.12,210.36,213.99,692.072
2025-09-24 16:00:00+00:00,213.35,215.35,212.45,213.79,171.813
2025-09-24 20:00:00+00:00,212.78,212.98,210.93,211.65,183.959
2025-09-25 00:00:00+00:00,211.44,212.24,206.08,207.36,550.669
2025-09-25 04:00:00+00:00,207.12,207.12,203.29,203.96,2244.016
2025-09-25 08:00:00+00:00,204.97,205.68,200.81,201.36,592.427
2025-09-25 12:00:00+00:00,201.95,203.71,197.54,200.64,2699.101
2025-09-25 16:00:00+00:00,201.34,201.93,193.81,197.82,3579.82
2025-09-25 20:00:00+00:00,197.82,198.7,191.33,191.87,404.577
2025-09-26 00:00:00+00:00,192.48,197.4,192.48,196.32,373.878
2025-09-26 04:00:00+00:00,196.54,197.22,193.9,195.76,374.689
2025-09-26 08:00:00+00:00,196.37,196.82,190.9,193.76,689.979
2025-09-26 12:00:00+00:00,192.73,197.87,192.64,195.86,448.698
2025-09-26 16:00:00+00:00,196.62,202.6,196.39,201.09,1989.307
2025-09-26 20:00:00+00:00,200.18,205.18,199.73,204.73,363.941
2025-09-27 00:00:00+00:00,204.9,205.4,203.48,204.06,181.285
2025-09-27 04:00:00+00:00,203.78,204.16,201.62,201.62,287.116
2025-09-27 08:00:00+00:00,202.31,202.31,199.97,201.53,45.11
2025-09-27 12:00:00+00:00,201.62,203.61,201.24,203.54,85.248
2025-09-27 16:00:00+00:00,203.44,203.44,200.92,202.15,99.071
2025-09-27 20:00:00+00:00,202.37,204.85,201.82,203.3,121.024
2025-09-28 00:00:00+00:00,203.5,203.94,200.69,201.36,93.978
2025-09-28 04:00:00+00:00,201.1,202.44,200.5,201.57,58.369
2025-09-28 08:00:00+00:00,201.95,202.32,199.29,200.05,93.461
2025-09-28 12:00:00+00:00,199.5,203.27,198.19,203.27,193.868
2025-09-28 16:00:00+00:00,203.34,206.46,203.34,206.24,466.163
2025-09-28 20:00:00+00:00,206.46,210.74,205.82,210.69,919.519
2025-09-29 00:00:00+00:00,210.73,210.98,208.95,210.02,356.527
2025-09-29 04:00:00+00:00,210.39,210.69,207.41,208.75,758.444
2025-09-29 08:00:00+00:00,209.01,209.15,206.11,206.95,188.796
2025-09-29 12:00:00+00:00,207.03,213.3,204.75,210.14,393.396
2025-09-29 16:00:00+00:00,210.49,213.21,207.94,212.95,389.645
2025-09-29 20:00:00+00:00,213.19,214.67,212.23,212.87,321.262
2025-09-30 00:00:00+00:00,212.88,213.7,209.9,210.79,592.607
2025-09-30 04:00:00+00:00,210.83,211.71,208.6,208.62,163.292
2025-09-30 08:00:00+00:00,208.59,208.9,205.57,207.0,428.813
2025-09-30 12:00:00+00:00,207.03,209.27,204.91,206.04,465.945
2025-09-30 16:00:00+00:00,205.92,209.06,204.5,208.85,220.296
2025-09-30 20:00:00+00:00,208.84,210.86,207.62,208.54,199.051
2025-10-01 00:00:00+00:00,208.5,210.4,206.24,206.71,4425.637
2025-10-01 04:00:00+00:00,206.54,209.99,206.39,209.53,8215.139
2025-10-01 08:00:00+00:00,210.04,217.58,208.8,217.31,8447.079
2025-10-01 12:00:00+00:00,217.6,220.54,216.58,219.66,2097.835
2025-10-01 16:00:00+00:00,220.3,220.91,217.28,220.2,432.098
2025-10-01 20:00:00+00:00,220.0,222.46,218.28,221.71,459.615
2025-10-02 00:00:00+00:00,222.0,224.7,219.64,223.78,704.443
2025-10-02 04:00:00+00:00,223.59,226.34,222.42,222.42,212.486
2025-10-02 08:00:00+00:00,222.93,226.35,222.92,225.15,271.807
2025-10-02 12:00:00+00:00,225.17,227.01,222.64,227.0,808.343
2025-10-02 16:00:00+00:00,227.0,233.45,226.53,232.42,1778.142
2025-10-02 20:00:00+00:00,232.24,234.72,230.77,234.39,752.349
2025-10-03 00:00:00+00:00,234.72,234.72,230.51,231.91,600.322
2025-10-03 04:00:00+00:00,231.88,233.13,227.87,229.55,371.086
2025-10-03 08:00:00+00:00,229.03,231.41,228.19,230.76,67.652
2025-10-03 12:00:00+00:00,230.12,234.72,227.23,234.62,492.892
2025-10-03 16:00:00+00:00,234.72,236.61,228.68,233.24,2659.391
2025-10-03 20:00:00+00:00,232.98,233.7,230.91,232.74,223.119
2025-10-04 00:00:00+00:00,232.73,233.7,227.63,229.2,723.595
2025-10-04 04:00:00+00:00,229.18,230.49,228.5,228.5,99.661
2025-10-04 08:00:00+00:00,229.26,229.9,228.44,228.64,77.452
2025-10-04 12:00:00+00:00,228.88,229.6,224.41,224.57,420.24
2025-10-04 16:00:00+00:00,224.7,226.95,223.23,226.37,469.879
2025-10-04 20:00:00+00:00,226.96,228.15,226.95,227.95,133.164
2025-10-05 00:00:00+00:00,227.66,232.2,226.67,230.77,935.171
2025-10-05 04:00:00+00:00,231.34,236.7,231.29,236.51,1047.976
2025-10-05 08:00:00+00:00,236.51,236.85,230.76,232.32,258.665
2025-10-05 12:00:00+00:00,231.55,231.91,228.61,229.94,368.781
2025-10-05 16:00:00+00:00,230.41,231.26,226.95,226.95,234.686
2025-10-05 20:00:00+00:00,226.95,228.92,226.74,228.53,208.813
2025-10-06 00:00:00+00:00,228.42,233.0,227.76,232.19,954.766
2025-10-06 04:00:00+00:00,232.01,234.47,230.28,231.09,602.531
2025-10-06 08:00:00+00:00,231.91,234.13,231.78,232.93,67.896
2025-10-06 12:00:00+00:00,233.06,236.43,232.83,235.77,608.456
2025-10-06 16:00:00+00:00,236.38,237.48,234.21,235.55,358.25
2025-10-06 20:00:00+00:00,235.53,236.14,232.04,232.54,535.724
2025-10-07 00:00:00+00:00,232.1,233.84,231.1,233.69,386.694
2025-10-07 04:00:00+00:00,233.9,235.07,230.0,231.16,387.31
2025-10-07 08:00:00+00:00,231.08,231.43,228.56,230.52,454.41
2025-10-07 12:00:00+00:00,230.2,231.49,221.62,223.69,1708.205
2025-10-07 16:00:00+00:00,223.54,225.14,221.05,221.73,617.996
2025-10-07 20:00:00+00:00,222.0,224.26,220.08,220.84,486.364
2025-10-08 00:00:00+00:00,220.08,222.38,218.12,218.22,6345.659
2025-10-08 04:00:00+00:00,218.18,220.74,217.14,220.7,540.953
2025-10-08 08:00:00+00:00,220.88,222.5,220.75,220.97,1499.855
2025-10-08 12:00:00+00:00,221.48,224.03,219.0,221.48,485.395
2025-10-08 16:00:00+00:00,221.19,229.51,220.79,229.43,1708.763
2025-10-08 20:00:00+00:00,229.36,229.6,227.4,229.11,413.163
2025-10-09 00:00:00+00:00,229.24,229.55,223.87,226.09,1567.161
2025-10-09 04:00:00+00:00,226.12,228.68,224.26,224.61,265.142
2025-10-09 08:00:00+00:00,224.49,224.51,219.68,223.2,510.86
2025-10-09 12:00:00+00:00,223.2,226.25,218.9,218.93,582.46
2025-10-09 16:00:00+00:00,219.03,220.07,216.63,217.84,1182.263
2025-10-09 20:00:00+00:00,218.35,221.62,217.62,220.75,503.206
2025-10-10 00:00:00+00:00,221.1,222.62,219.64,221.36,216.798
2025-10-10 04:00:00+00:00,221.9,222.79,218.09,218.09,154.899
2025-10-10 08:00:00+00:00,218.07,221.49,217.52,221.49,188.024
2025-10-10 12:00:00+00:00,221.53,224.33,209.09,211.08,1496.177
2025-10-10 16:00:00+00:00,211.07,213.02,203.7,205.61,1384.572
2025-10-10 20:00:00+00:00,206.32,207.84,188.6,188.66,4665.195
2025-10-11 00:00:00+00:00,190.24,192.58,182.89,185.09,1606.385
2025-10-11 04:00:00+00:00,185.08,187.39,181.16,183.36,657.1
2025-10-11 08:00:00+00:00,182.73,188.32,182.0,183.89,284.882
2025-10-11 12:00:00+00:00,183.89,185.04,181.11,183.82,1095.761
2025-10-11 16:00:00+00:00,183.17,184.68,176.89,176.89,1157.894
2025-10-11 20:00:00+00:00,177.7,179.35,172.81,178.61,1363.79
2025-10-12 00:00:00+00:00,177.46,178.23,173.01,177.12,762.465
2025-10-12 04:00:00+00:00,177.23,185.4,177.14,183.0,426.261
2025-10-12 08:00:00+00:00,182.44,182.67,180.63,180.96,267.042
2025-10-12 12:00:00+00:00,181.24,191.66,178.52,191.49,1233.945
2025-10-12 16:00:00+00:00,191.17,196.43,191.17,196.09,839.233
2025-10-12 20:00:00+00:00,195.96,198.87,193.47,197.97,570.609
2025-10-13 00:00:00+00:00,196.16,199.8,194.41,194.74,326.041
2025-10-13 04:00:00+00:00,195.02,199.47,193.1,196.11,406.611
2025-10-13 08:00:00+00:00,196.47,198.57,190.32,193.0,220.37
2025-10-13 12:00:00+00:00,192.22,197.56,191.59,196.49,612.771
2025-10-13 16:00:00+00:00,196.33,208.53,196.33,207.02,1484.092
2025-10-13 20:00:00+00:00,207.08,208.97,206.56,208.47,435.522
2025-10-14 00:00:00+00:00,208.69,210.94,205.01,206.09,1048.426
2025-10-14 04:00:00+00:00,205.8,205.8,192.26,193.98,1782.287
2025-10-14 08:00:00+00:00,194.4,197.46,191.27,195.21,436.389
2025-10-14 12:00:00+00:00,195.16,202.42,191.74,201.92,799.799
2025-10-14 16:00:00+00:00,201.88,205.99,197.26,199.15,619.583
2025-10-14 20:00:00+00:00,200.03,203.28,198.17,202.19,549.799
2025-10-15 00:00:00+00:00,202.59,205.7,200.86,201.75,920.182
2025-10-15 04:00:00+00:00,201.11,205.25,200.62,204.64,414.762
2025-10-15 08:00:00+00:00,204.76,208.71,202.19,202.98,518.11
2025-10-15 12:00:00+00:00,202.58,204.88,196.31,197.0,2393.884
2025-10-15 16:00:00+00:00,197.0,198.39,194.21,194.72,1168.117
2025-10-15 20:00:00+00:00,195.06,196.36,192.22,194.1,588.897
2025-10-16 00:00:00+00:00,194.14,196.11,193.29,193.6,945.623
2025-10-16 04:00:00+00:00,193.5,195.39,191.72,193.01,404.097
2025-10-16 08:00:00+00:00,193.1,197.01,186.55,196.36,1261.475
2025-10-16 12:00:00+00:00,196.75,198.13,186.86,187.57,1673.99
2025-10-16 16:00:00+00:00,187.0,192.21,183.34,185.06,910.518
2025-10-16 20:00:00+00:00,185.38,185.77,182.22,184.89,711.456
2025-10-17 00:00:00+00:00,184.67,187.47,184.49,187.19,223.347
2025-10-17 04:00:00+00:00,187.09,187.43,177.44,177.61,629.012
2025-10-17 08:00:00+00:00,177.72,182.57,174.35,181.33,904.847
2025-10-17 12:00:00+00:00,181.39,182.66,176.47,182.66,1121.131
2025-10-17 16:00:00+00:00,182.68,185.1,181.52,182.17,425.371
2025-10-17 20:00:00+00:00,181.79,185.92,181.75,181.97,281.927
2025-10-18 00:00:00+00:00,181.91,185.4,181.8,184.76,259.573
2025-10-18 04:00:00+00:00,184.14,188.11,183.25,186.36,140.698
2025-10-18 08:00:00+00:00,186.26,187.07,184.6,186.08,257.357
2025-10-18 12:00:00+00:00,185.97,187.25,184.09,185.22,110.929
2025-10-18 16:00:00+00:00,185.27,186.38,183.47,186.28,274.462
2025-10-18 20:00:00+00:00,186.14,187.73,186.0,187.64,229.889
2025-10-19 00:00:00+00:00,187.67,187.77,184.9,186.69,991.147
2025-10-19 04:00:00+00:00,186.82,187.61,185.26,186.07,44.965
2025-10-19 08:00:00+00:00,186.0,189.86,183.34,189.03,246.414
2025-10-19 12:00:00+00:00,189.21,191.55,188.08,190.72,333.282
2025-10-19 16:00:00+00:00,190.71,192.07,188.46,188.63,265.133
2025-10-19 20:00:00+00:00,188.91,189.9,187.02,187.24,182.579
2025-10-20 00:00:00+00:00,187.91,191.53,183.97,191.12,535.868
2025-10-20 04:00:00+00:00,190.98,194.36,190.46,193.01,658.651
2025-10-20 08:00:00+00:00,192.92,194.13,191.08,192.21,167.342
2025-10-20 12:00:00+00:00,192.11,192.96,190.55,190.74,424.398
2025-10-20 16:00:00+00:00,190.53,190.53,185.67,189.33,513.665
2025-10-20 20:00:00+00:00,188.49,191.13,188.38,189.5,797.123
2025-10-21 00:00:00+00:00,189.37,190.13,185.37,185.72,759.129
2025-10-21 04:00:00+00:00,185.37,185.37,182.83,184.69,399.849
2025-10-21 08:00:00+00:00,184.65,186.46,183.93,186.39,78.612
2025-10-21 12:00:00+00:00,186.14,196.86,184.09,196.0,993.428
2025-10-21 16:00:00+00:00,195.79,197.4,192.2,194.0,500.325
2025-10-21 20:00:00+00:00,193.66,194.17,185.21,185.39,453.893
2025-10-22 00:00:00+00:00,185.25,187.22,184.24,185.69,658.391
2025-10-22 04:00:00+00:00,185.72,186.38,183.56,185.1,388.263
2025-10-22 08:00:00+00:00,184.71,185.74,182.15,185.19,427.89
2025-10-22 12:00:00+00:00,184.99,186.81,181.5,183.95,405.575
2025-10-22 16:00:00+00:00,183.68,184.87,177.09,180.91,311.365
2025-10-22 20:00:00+00:00,180.02,181.13,177.5,180.01,538.942
2025-10-23 00:00:00+00:00,179.95,183.16,179.73,182.88,161.516
2025-10-23 04:00:00+00:00,182.89,187.78,182.81,187.1,166.582
2025-10-23 08:00:00+00:00,187.81,189.2,187.45,187.92,172.776
2025-10-23 12:00:00+00:00,187.79,192.32,186.86,191.35,678.873
2025-10-23 16:00:00+00:00,191.19,193.2,190.03,191.64,489.099
2025-10-23 20:00:00+00:00,191.04,191.37,188.63,191.13,120.573
2025-10-24 00:00:00+00:00,191.38,193.68,190.9,191.06,1133.619
2025-10-24 04:00:00+00:00,191.29,194.3,190.84,192.11,1286.252
2025-10-24 08:00:00+00:00,192.02,193.37,190.7,191.96,159.851
2025-10-24 12:00:00+00:00,192.1,196.2,189.01,189.75,584.969
2025-10-24 16:00:00+00:00,189.39,193.57,189.05,193.11,388.349
2025-10-24 20:00:00+00:00,192.92,194.0,192.92,193.49,301.377
2025-10-25 00:00:00+00:00,193.49,194.34,192.52,193.52,406.562
2025-10-25 04:00:00+00:00,193.47,194.78,193.23,194.03,205.549
2025-10-25 08:00:00+00:00,194.2,195.0,191.34,192.7,88.82
2025-10-25 12:00:00+00:00,192.71,194.02,191.97,192.05,80.532
2025-10-25 16:00:00+00:00,191.85,194.61,191.39,194.55,172.659
2025-10-25 20:00:00+00:00,194.54,194.76,193.47,194.18,64.224
2025-10-26 00:00:00+00:00,193.64,194.32,192.0,192.73,104.558
2025-10-26 04:00:00+00:00,192.98,194.33,192.91,194.19,48.499
2025-10-26 08:00:00+00:00,194.08,197.87,193.85,197.86,544.472
2025-10-26 12:00:00+00:00,197.55,199.68,197.0,199.31,477.69
2025-10-26 16:00:00+00:00,199.05,199.57,198.38,198.83,133.972
2025-10-26 20:00:00+00:00,198.51,202.08,196.95,200.09,431.39
2025-10-27 00:00:00+00:00,199.88,205.0,199.57,204.42,476.588
2025-10-27 04:00:00+00:00,203.99,205.12,202.38,203.05,56.555
2025-10-27 08:00:00+00:00,202.33,202.33,198.38,200.33,740.077
2025-10-27 12:00:00+00:00,200.24,200.52,198.5,200.19,816.064
2025-10-27 16:00:00+00:00,200.36,203.15,199.96,200.05,323.854
2025-10-27 20:00:00+00:00,200.02,200.58,197.43,198.69,795.074
2025-10-28 00:00:00+00:00,198.74,201.93,198.68,201.15,347.717
2025-10-28 04:00:00+00:00,201.18,202.88,198.81,201.89,329.683
2025-10-28 08:00:00+00:00,202.35,203.85,199.39,199.55,84.235
2025-10-28 12:00:00+00:00,199.71,202.95,196.8,198.91,408.272
2025-10-28 16:00:00+00:00,198.6,201.17,194.62,194.62,673.597
2025-10-28 20:00:00+00:00,194.7,195.21,190.6,194.31,799.798
2025-10-29 00:00:00+00:00,194.42,195.1,192.92,194.08,86.256
2025-10-29 04:00:00+00:00,193.95,195.93,193.91,195.68,175.002
2025-10-29 08:00:00+00:00,195.32,199.25,193.99,198.89,422.243
2025-10-29 12:00:00+00:00,198.89,201.66,196.54,196.83,703.256
2025-10-29 16:00:00+00:00,196.5,198.57,190.0,192.81,951.536
2025-10-29 20:00:00+00:00,192.75,196.92,192.16,194.42,410.468
2025-10-30 00:00:00+00:00,193.78,198.09,192.35,196.67,230.534
2025-10-30 04:00:00+00:00,196.95,196.95,190.46,195.49,277.707
2025-10-30 08:00:00+00:00,196.0,196.0,191.28,192.49,86.582
2025-10-30 12:00:00+00:00,192.24,192.24,184.61,184.61,1443.808
2025-10-30 16:00:00+00:00,184.99,190.0,178.69,178.69,1697.48
2025-10-30 20:00:00+00:00,179.46,184.78,178.96,184.78,798.471
2025-10-31 00:00:00+00:00,184.77,186.87,183.87,185.13,888.868
2025-10-31 04:00:00+00:00,185.13,187.13,185.0,185.0,4711.84
2025-10-31 08:00:00+00:00,185.67,189.07,185.41,188.49,82.632
2025-10-31 12:00:00+00:00,188.96,190.24,186.14,188.19,493.384
2025-10-31 16:00:00+00:00,187.98,188.95,184.47,188.8,440.098
2025-10-31 20:00:00+00:00,188.32,188.84,186.73,187.26,78.189
2025-11-01 00:00:00+00:00,187.13,187.41,185.67,187.12,331.459
2025-11-01 04:00:00+00:00,187.07,187.43,185.13,185.35,466.201
2025-11-01 08:00:00+00:00,185.95,186.75,185.39,186.46,173.65
2025-11-01 12:00:00+00:00,186.52,186.7,184.0,186.21,122.83
2025-11-01 16:00:00+00:00,186.38,186.98,184.89,186.19,279.084
2025-11-01 20:00:00+00:00,186.2,186.94,185.02,186.47,96.124
2025-11-02 00:00:00+00:00,186.11,186.12,184.85,185.41,129.565
2025-11-02 04:00:00+00:00,185.39,188.21,185.17,188.07,84.097
2025-11-02 08:00:00+00:00,187.92,187.92,184.61,186.07,70.227
2025-11-02 12:00:00+00:00,186.19,186.43,183.76,184.23,227.335
2025-11-02 16:00:00+00:00,183.86,184.56,182.22,184.03,244.974
2025-11-02 20:00:00+00:00,183.93,187.93,183.64,187.93,181.168
2025-11-03 00:00:00+00:00,187.9,188.94,176.81,177.53,5541.052
2025-11-03 04:00:00+00:00,177.56,178.74,174.35,176.68,1103.379
2025-11-03 08:00:00+00:00,176.5,176.6,173.9,175.5,378.594
2025-11-03 12:00:00+00:00,175.45,176.87,165.36,167.19,1353.254
2025-11-03 16:00:00+00:00,166.74,170.83,166.0,166.75,736.108
2025-11-03 20:00:00+00:00,166.92,167.63,163.44,166.17,1162.447
2025-11-04 00:00:00+00:00,166.06,168.43,164.38,167.93,1682.059
2025-11-04 04:00:00+00:00,167.9,168.22,156.0,157.1,1727.044
2025-11-04 08:00:00+00:00,156.86,162.07,156.86,161.54,1291.835
2025-11-04 12:00:00+00:00,161.64,165.01,159.6,161.68,1561.378
2025-11-04 16:00:00+00:00,162.53,167.47,152.45,154.29,2604.739
2025-11-04 20:00:00+00:00,154.29,155.95,146.13,155.23,2318.243
2025-11-05 00:00:00+00:00,154.98,157.3,147.41,157.17,903.854
2025-11-05 04:00:00+00:00,156.88,158.49,155.78,156.66,161.388
2025-11-05 08:00:00+00:00,156.63,157.68,153.86,157.33,117.365
2025-11-05 12:00:00+00:00,157.43,160.59,156.6,160.43,843.268
2025-11-05 16:00:00+00:00,160.14,164.16,158.78,162.51,6648.477
2025-11-05 20:00:00+00:00,162.97,163.97,161.17,162.71,1062.065
2025-11-06 00:00:00+00:00,162.41,163.0,159.8,162.59,878.66
2025-11-06 04:00:00+00:00,162.46,162.75,158.46,159.21,253.387
2025-11-06 08:00:00+00:00,158.69,163.38,157.82,158.88,441.746
2025-11-06 12:00:00+00:00,158.88,161.36,155.49,156.17,603.051
2025-11-06 16:00:00+00:00,156.16,158.65,154.05,157.19,587.264
2025-11-06 20:00:00+00:00,157.22,157.57,153.58,155.23,222.444
2025-11-07 00:00:00+00:00,155.37,158.5,154.44,156.93,259.145
2025-11-07 04:00:00+00:00,156.86,158.2,155.41,156.89,5552.453
2025-11-07 08:00:00+00:00,157.84,158.04,151.75,153.76,207.127
2025-11-07 12:00:00+00:00,153.99,156.16,149.89,155.48,574.262
2025-11-07 16:00:00+00:00,155.23,164.29,154.43,164.0,1369.787
2025-11-07 20:00:00+00:00,164.22,164.22,161.83,161.85,1117.861
2025-11-08 00:00:00+00:00,161.76,164.8,160.69,162.54,468.169
2025-11-08 04:00:00+00:00,163.35,163.58,159.8,161.06,178.458
2025-11-08 08:00:00+00:00,161.07,162.21,159.36,159.36,2862.943
2025-11-08 12:00:00+00:00,159.66,159.66,156.12,156.95,256.227
2025-11-08 16:00:00+00:00,156.44,158.21,156.05,157.3,206.965
2025-11-08 20:00:00+00:00,157.49,158.46,157.35,158.22,222.112
2025-11-09 00:00:00+00:00,158.11,158.92,155.41,156.02,571.09
2025-11-09 04:00:00+00:00,156.04,159.48,156.04,159.46,426.829
2025-11-09 08:00:00+00:00,159.24,159.8,157.26,158.94,109.884
2025-11-09 12:00:00+00:00,158.73,163.89,158.69,162.35,562.232
2025-11-09 16:00:00+00:00,162.98,169.06,161.29,166.39,1173.556
2025-11-09 20:00:00+00:00,166.21,166.47,164.13,164.3,190.254
2025-11-10 00:00:00+00:00,164.61,168.88,163.69,168.07,332.071
2025-11-10 04:00:00+00:00,168.26,168.88,166.65,167.52,523.168
2025-11-10 08:00:00+00:00,167.53,169.7,166.37,168.39,305.659
2025-11-10 12:00:00+00:00,168.35,170.41,165.36,166.32,557.306
2025-11-10 16:00:00+00:00,166.21,168.36,165.55,167.32,470.832
2025-11-10 20:00:00+00:00,167.57,168.29,164.97,167.31,275.517
2025-11-11 00:00:00+00:00,167.45,171.84,166.17,170.2,512.523
2025-11-11 04:00:00+00:00,170.14,170.14,163.81,164.0,354.89
2025-11-11 08:00:00+00:00,163.81,164.86,162.96,163.05,301.275
2025-11-11 12:00:00+00:00,163.78,164.41,160.15,160.66,574.276
2025-11-11 16:00:00+00:00,160.9,161.06,157.5,157.54,817.617
2025-11-11 20:00:00+00:00,157.47,157.85,153.91,154.8,601.756
2025-11-12 00:00:00+00:00,155.23,155.69,153.73,154.77,1688.506
2025-11-12 04:00:00+00:00,154.51,156.42,154.36,155.16,227.518
2025-11-12 08:00:00+00:00,155.17,161.25,155.17,160.08,246.812
2025-11-12 12:00:00+00:00,160.39,161.03,155.37,155.37,730.822
2025-11-12 16:00:00+00:00,155.7,156.08,151.31,153.17,745.69
2025-11-12 20:00:00+00:00,152.98,154.98,152.66,153.33,542.926
2025-11-13 00:00:00+00:00,153.39,155.65,150.48,154.5,432.811
2025-11-13 04:00:00+00:00,154.39,157.1,153.58,154.9,382.893
2025-11-13 08:00:00+00:00,155.66,156.36,154.3,156.36,19.811
2025-11-13 12:00:00+00:00,156.54,156.91,152.35,153.06,233.304
2025-11-13 16:00:00+00:00,153.12,153.16,142.25,142.48,2015.019
2025-11-13 20:00:00+00:00,142.65,146.13,141.11,144.59,1497.575
2025-11-14 00:00:00+00:00,144.44,145.58,142.94,144.27,290.423
2025-11-14 04:00:00+00:00,144.36,144.36,138.94,142.94,665.225
2025-11-14 08:00:00+00:00,142.84,143.1,139.98,140.05,96.148
2025-11-14 12:00:00+00:00,139.98,143.67,136.02,142.25,1272.794
2025-11-14 16:00:00+00:00,142.26,144.21,140.52,143.02,338.532
2025-11-14 20:00:00+00:00,143.05,143.17,137.46,139.06,289.894
2025-11-15 00:00:00+00:00,138.9,143.29,138.69,142.6,248.224
2025-11-15 04:00:00+00:00,142.67,143.54,142.07,142.6,88.168
2025-11-15 08:00:00+00:00,142.25,142.36,140.14,140.15,160.102
2025-11-15 12:00:00+00:00,140.15,142.31,140.15,142.03,274.969
2025-11-15 16:00:00+00:00,141.69,144.59,140.95,141.7,203.387
2025-11-15 20:00:00+00:00,141.69,142.03,138.78,139.76,546.164
2025-11-16 00:00:00+00:00,139.59,141.39,137.54,141.39,180.942
2025-11-16 04:00:00+00:00,141.49,142.28,140.73,142.28,109.687
2025-11-16 08:00:00+00:00,142.37,143.21,139.75,139.75,51.56
2025-11-16 12:00:00+00:00,140.07,140.7,137.25,137.33,155.253
2025-11-16 16:00:00+00:00,137.36,138.45,134.57,136.94,879.319
2025-11-16 20:00:00+00:00,136.94,138.22,135.31,137.23,488.301
2025-11-17 00:00:00+00:00,137.13,140.51,136.24,140.23,361.717
2025-11-17 04:00:00+00:00,140.25,141.71,139.7,141.55,243.659
2025-11-17 08:00:00+00:00,141.43,142.66,141.19,142.0,125.638
2025-11-17 12:00:00+00:00,141.92,143.07,136.96,137.14,716.29
2025-11-17 16:00:00+00:00,137.04,138.0,129.64,129.64,1614.828
2025-11-17 20:00:00+00:00,129.56,131.86,128.97,131.11,797.201
2025-11-18 00:00:00+00:00,130.98,135.13,129.12,134.61,896.262
2025-11-18 04:00:00+00:00,134.74,137.79,132.52,136.87,453.967
2025-11-18 08:00:00+00:00,137.26,138.99,136.57,137.76,269.821
2025-11-18 12:00:00+00:00,137.84,142.05,137.06,139.99,541.366
2025-11-18 16:00:00+00:00,139.68,141.92,137.66,141.0,687.891
2025-11-18 20:00:00+00:00,141.47,142.09,139.69,140.77,187.413
2025-11-19 00:00:00+00:00,140.71,142.54,139.38,139.76,209.164
2025-11-19 04:00:00+00:00,139.73,141.03,137.27,140.58,252.581
2025-11-19 08:00:00+00:00,140.46,140.75,138.48,138.48,51.343
2025-11-19 12:00:00+00:00,138.4,139.11,134.5,134.65,355.489
2025-11-19 16:00:00+00:00,134.75,135.3,130.48,131.99,673.122
2025-11-19 20:00:00+00:00,131.65,137.0,131.56,137.0,260.723
2025-11-20 00:00:00+00:00,136.8,144.35,136.53,143.17,804.023
2025-11-20 04:00:00+00:00,143.52,144.59,142.37,143.72,298.272
2025-11-20 08:00:00+00:00,143.8,143.84,141.22,141.83,346.563
2025-11-20 12:00:00+00:00,141.98,143.04,138.41,138.41,413.783
2025-11-20 16:00:00+00:00,138.56,138.56,131.22,133.97,1450.699
2025-11-20 20:00:00+00:00,133.74,136.57,132.59,133.87,826.916
2025-11-21 00:00:00+00:00,134.26,134.9,131.3,133.11,448.731
2025-11-21 04:00:00+00:00,132.78,133.06,122.32,127.33,1374.41
2025-11-21 08:00:00+00:00,127.43,129.31,123.86,124.4,599.7
2025-11-21 12:00:00+00:00,124.12,129.47,121.75,125.45,1593.073
2025-11-21 16:00:00+00:00,125.43,130.52,123.68,128.06,628.192
2025-11-21 20:00:00+00:00,128.09,129.32,124.74,128.65,1354.234
2025-11-22 00:00:00+00:00,128.84,129.72,126.96,127.23,168.26
2025-11-22 04:00:00+00:00,127.23,128.17,125.33,127.92,540.919
2025-11-22 08:00:00+00:00,127.46,127.46,125.43,126.75,44.234
2025-11-22 12:00:00+00:00,126.61,127.6,125.23,127.1,471.481
2025-11-22 16:00:00+00:00,127.21,128.51,126.89,127.32,439.973
2025-11-22 20:00:00+00:00,127.5,128.77,126.08,127.73,206.401
2025-11-23 00:00:00+00:00,127.64,130.97,127.53,130.03,555.531
2025-11-23 04:00:00+00:00,130.04,131.95,128.19,128.57,1240.422
2025-11-23 08:00:00+00:00,129.11,130.69,128.97,129.85,438.638
2025-11-23 12:00:00+00:00,129.73,133.0,129.73,133.0,689.094
2025-11-23 16:00:00+00:00,132.69,133.27,130.95,132.49,223.789
2025-11-23 20:00:00+00:00,132.43,133.43,130.67,130.76,405.802
2025-11-24 00:00:00+00:00,130.71,134.14,129.4,133.55,646.141
2025-11-24 04:00:00+00:00,133.35,133.83,130.35,130.35,395.539
2025-11-24 08:00:00+00:00,130.23,130.67,128.58,129.65,871.515
2025-11-24 12:00:00+00:00,129.5,132.43,128.67,131.82,785.226
2025-11-24 16:00:00+00:00,132.0,137.79,132.0,137.28,664.152
2025-11-24 20:00:00+00:00,137.45,139.77,137.43,138.4,1465.386
2025-11-25 00:00:00+00:00,138.5,138.89,137.39,137.9,515.883
2025-11-25 04:00:00+00:00,137.84,138.89,136.42,136.42,960.214
2025-11-25 08:00:00+00:00,136.68,136.74,134.92,136.69,368.951
2025-11-25 12:00:00+00:00,136.58,136.9,133.3,134.81,414.574
2025-11-25 16:00:00+00:00,134.81,138.03,134.26,136.65,405.452
2025-11-25 20:00:00+00:00,136.7,140.41,136.15,139.06,482.222
2025-11-26 00:00:00+00:00,139.02,140.74,138.01,138.01,602.861
2025-11-26 04:00:00+00:00,138.3,139.82,137.92,139.65,175.811
2025-11-26 08:00:00+00:00,139.58,139.61,136.28,136.67,427.295
2025-11-26 12:00:00+00:00,136.35,138.13,135.63,136.65,275.854
2025-11-26 16:00:00+00:00,137.01,144.65,136.57,144.05,2191.615
2025-11-26 20:00:00+00:00,143.87,144.21,142.59,142.98,316.935
2025-11-27 00:00:00+00:00,142.97,143.89,142.16,142.93,309.485
2025-11-27 04:00:00+00:00,142.59,144.21,142.41,143.78,147.375
2025-11-27 08:00:00+00:00,143.73,143.73,141.62,142.15,116.962
2025-11-27 12:00:00+00:00,141.49,142.49,140.66,142.46,285.378
2025-11-27 16:00:00+00:00,142.36,143.08,141.49,142.59,204.783
2025-11-27 20:00:00+00:00,142.73,142.96,140.56,141.19,317.609
2025-11-28 00:00:00+00:00,140.81,141.36,138.76,139.62,481.437
2025-11-28 04:00:00+00:00,139.68,140.47,139.06,139.06,178.674
2025-11-28 08:00:00+00:00,139.2,142.49,139.2,140.98,184.958
2025-11-28 12:00:00+00:00,141.23,143.5,140.57,141.51,617.65
2025-11-28 16:00:00+00:00,141.24,141.24,136.11,137.75,892.344
2025-11-28 20:00:00+00:00,137.59,138.18,136.7,137.5,109.39
2025-11-29 00:00:00+00:00,137.47,137.95,136.82,136.84,122.667
2025-11-29 04:00:00+00:00,137.03,137.87,136.39,137.17,437.499
2025-11-29 08:00:00+00:00,137.2,137.44,136.45,137.44,28.659
2025-11-29 12:00:00+00:00,137.0,137.66,136.47,137.66,406.431
2025-11-29 16:00:00+00:00,137.43,137.95,134.88,135.64,954.5
2025-11-29 20:00:00+00:00,135.6,136.49,135.39,136.08,61.663
2025-11-30 00:00:00+00:00,135.87,136.69,135.32,136.33,46.315
2025-11-30 04:00:00+00:00,136.54,136.66,135.59,136.56,455.819
2025-11-30 08:00:00+00:00,136.59,137.0,136.28,136.64,43.561
2025-11-30 12:00:00+00:00,136.88,140.11,136.88,138.2,308.237
2025-11-30 16:00:00+00:00,138.44,139.83,137.44,137.73,354.81
2025-11-30 20:00:00+00:00,137.62,137.93,133.41,133.41,386.133
2025-12-01 00:00:00+00:00,133.41,133.8,126.57,127.04,2541.465
2025-12-01 04:00:00+00:00,126.96,127.45,125.81,127.33,738.928
2025-12-01 08:00:00+00:00,127.43,128.02,126.88,127.17,122.673
2025-12-01 12:00:00+00:00,127.22,127.58,123.3,124.99,1210.323
2025-12-01 16:00:00+00:00,125.02,125.13,123.4,123.78,1220.768
2025-12-01 20:00:00+00:00,124.2,127.38,124.2,126.8,720.513
2025-12-02 00:00:00+00:00,126.69,128.61,126.11,127.58,499.412
2025-12-02 04:00:00+00:00,127.64,127.97,126.56,127.17,362.568
2025-12-02 08:00:00+00:00,126.82,128.74,126.06,128.3,101.621
2025-12-02 12:00:00+00:00,128.29,139.56,128.29,137.9,880.67
2025-12-02 16:00:00+00:00,137.92,140.78,137.52,140.23,957.679
2025-12-02 20:00:00+00:00,140.49,140.49,138.22,138.54,232.926
2025-12-03 00:00:00+00:00,138.61,140.69,137.85,140.33,1307.277
2025-12-03 04:00:00+00:00,140.5,144.2,140.4,141.98,1158.591
2025-12-03 08:00:00+00:00,141.93,142.68,140.87,141.48,243.613
2025-12-03 12:00:00+00:00,141.69,143.44,138.91,140.98,456.328
2025-12-03 16:00:00+00:00,141.0,142.22,139.95,141.12,287.297
2025-12-03 20:00:00+00:00,141.34,145.93,140.93,145.12,784.942
2025-12-04 00:00:00+00:00,144.73,146.85,143.63,144.66,196.828
2025-12-04 04:00:00+00:00,144.59,144.59,142.52,143.73,182.995
2025-12-04 08:00:00+00:00,143.8,144.26,142.94,143.13,23.257
2025-12-04 12:00:00+00:00,143.08,144.18,141.69,142.91,400.313
2025-12-04 16:00:00+00:00,142.8,143.39,137.79,139.74,907.376
2025-12-04 20:00:00+00:00,139.83,140.41,138.73,138.98,112.991
2025-12-05 00:00:00+00:00,139.11,140.09,138.4,138.4,231.888
2025-12-05 04:00:00+00:00,139.1,140.67,137.76,140.11,34.782
2025-12-05 08:00:00+00:00,139.58,139.62,136.18,137.2,227.895
2025-12-05 12:00:00+00:00,136.81,137.07,134.49,134.86,343.136
2025-12-05 16:00:00+00:00,135.05,135.05,130.93,132.55,1213.971
2025-12-05 20:00:00+00:00,132.29,133.32,132.04,133.08,306.313
2025-12-06 00:00:00+00:00,133.15,134.12,132.95,133.75,224.616
2025-12-06 04:00:00+00:00,133.74,133.74,132.6,132.6,29.784
2025-12-06 08:00:00+00:00,132.6,133.28,132.08,133.28,31.798
2025-12-06 12:00:00+00:00,133.03,133.83,132.29,133.08,124.837
2025-12-06 16:00:00+00:00,133.03,133.4,131.72,132.08,197.804
2025-12-06 20:00:00+00:00,132.08,132.62,131.28,132.38,124.729
2025-12-07 00:00:00+00:00,132.19,133.49,131.91,133.49,56.452
2025-12-07 04:00:00+00:00,133.37,133.37,131.97,132.1,76.773
2025-12-07 08:00:00+00:00,131.86,132.5,131.66,132.33,73.022
2025-12-07 12:00:00+00:00,132.52,132.99,127.7,132.11,966.256
2025-12-07 16:00:00+00:00,131.14,136.21,130.67,135.78,302.662
2025-12-07 20:00:00+00:00,135.9,136.26,129.78,132.24,267.952
2025-12-08 00:00:00+00:00,131.99,134.67,131.57,134.04,639.607
2025-12-08 04:00:00+00:00,134.32,135.93,134.32,135.86,50.54
2025-12-08 08:00:00+00:00,135.71,139.28,135.71,138.49,154.58
2025-12-08 12:00:00+00:00,138.34,139.0,135.4,135.71,512.888
2025-12-08 16:00:00+00:00,135.5,136.37,133.12,134.0,147.596
2025-12-08 20:00:00+00:00,133.76,134.8,132.61,133.3,97.279
2025-12-09 00:00:00+00:00,133.08,134.28,132.58,134.12,294.867
2025-12-09 04:00:00+00:00,134.14,134.14,131.79,132.82,266.769
2025-12-09 08:00:00+00:00,133.08,133.34,132.11,132.86,19.564
2025-12-09 12:00:00+00:00,132.9,138.45,131.73,138.42,274.701
2025-12-09 16:00:00+00:00,138.47,144.78,138.47,142.16,1230.153
2025-12-09 20:00:00+00:00,142.16,142.16,136.83,137.93,230.284
2025-12-10 00:00:00+00:00,137.93,138.48,137.25,138.48,60.616
2025-12-10 04:00:00+00:00,138.22,140.11,138.22,138.75,142.548
2025-12-10 08:00:00+00:00,139.23,139.57,136.43,137.31,44.178
2025-12-10 12:00:00+00:00,137.15,138.12,135.77,136.4,367.788
2025-12-10 16:00:00+00:00,135.97,139.52,135.97,138.76,625.81
2025-12-10 20:00:00+00:00,138.62,142.61,135.53,136.31,388.092
2025-12-11 00:00:00+00:00,136.26,136.53,129.19,129.5,852.573
2025-12-11 04:00:00+00:00,129.77,131.45,129.63,131.06,396.166
2025-12-11 08:00:00+00:00,131.22,131.34,130.54,131.21,15.655
2025-12-11 12:00:00+00:00,131.09,132.75,130.0,131.55,173.801
2025-12-11 16:00:00+00:00,131.55,135.49,130.21,134.15,526.059
2025-12-11 20:00:00+00:00,134.15,137.78,134.15,136.19,381.778
2025-12-12 00:00:00+00:00,136.35,137.88,135.4,137.11,483.325
2025-12-12 04:00:00+00:00,137.02,140.04,136.86,139.19,237.307
2025-12-12 08:00:00+00:00,139.15,139.15,137.28,138.67,82.233
2025-12-12 12:00:00+00:00,138.34,139.75,132.94,132.96,330.577
2025-12-12 16:00:00+00:00,133.83,133.83,130.43,131.4,737.252
2025-12-12 20:00:00+00:00,131.21,132.92,131.21,132.38,170.85
2025-12-13 00:00:00+00:00,132.65,133.03,132.26,132.83,196.651
2025-12-13 04:00:00+00:00,132.96,133.0,132.49,132.83,280.966
2025-12-13 08:00:00+00:00,133.01,134.27,133.01,133.56,160.799
2025-12-13 12:00:00+00:00,133.37,133.71,132.59,133.16,107.959
2025-12-13 16:00:00+00:00,133.58,133.68,132.22,132.81,104.725
2025-12-13 20:00:00+00:00,132.85,133.15,131.71,133.14,135.248
2025-12-14 00:00:00+00:00,132.67,133.62,132.67,132.91,50.296
2025-12-14 04:00:00+00:00,132.89,133.33,132.2,133.3,90.204
2025-12-14 08:00:00+00:00,133.49,133.49,130.18,131.45,165.361
2025-12-14 12:00:00+00:00,131.0,131.82,130.45,130.86,77.34
2025-12-14 16:00:00+00:00,130.48,131.45,129.56,130.39,243.037
2025-12-14 20:00:00+00:00,130.41,130.71,128.06,129.67,403.046
2025-12-15 00:00:00+00:00,129.39,133.05,129.35,131.67,199.973
2025-12-15 04:00:00+00:00,131.5,132.47,131.03,132.17,23.069
2025-12-15 08:00:00+00:00,132.39,132.74,132.34,132.34,3.468
2025-12-15 12:00:00+00:00,132.31,135.26,126.37,126.86,929.422
2025-12-15 16:00:00+00:00,126.68,127.07,123.7,125.04,2328.989
2025-12-15 20:00:00+00:00,124.79,127.73,123.87,127.66,861.858
2025-12-16 00:00:00+00:00,127.53,128.0,125.0,126.29,50.501
2025-12-16 04:00:00+00:00,126.65,127.39,124.95,125.62,267.512
2025-12-16 08:00:00+00:00,125.59,128.93,125.54,128.93,272.407
2025-12-16 12:00:00+00:00,128.8,130.03,126.17,130.03,124.894
2025-12-16 16:00:00+00:00,129.85,129.85,126.88,127.87,309.829
2025-12-16 20:00:00+00:00,127.63,129.34,127.55,129.34,282.709
2025-12-17 00:00:00+00:00,128.75,129.65,128.2,128.2,292.302
2025-12-17 04:00:00+00:00,128.19,128.36,127.12,127.79,54.864
2025-12-17 08:00:00+00:00,128.05,128.07,126.03,127.58,61.065
2025-12-17 12:00:00+00:00,127.71,134.3,126.72,126.72,1617.197
2025-12-17 16:00:00+00:00,127.51,127.81,121.45,122.38,2005.278
2025-12-17 20:00:00+00:00,122.49,123.65,122.1,123.17,111.57
2025-12-18 00:00:00+00:00,123.36,124.07,122.98,123.32,123.432
2025-12-18 04:00:00+00:00,123.83,124.05,122.34,122.8,493.265
2025-12-18 08:00:00+00:00,122.62,124.07,122.54,123.93,22.776
2025-12-18 12:00:00+00:00,124.05,128.95,123.77,127.41,1232.742
2025-12-18 16:00:00+00:00,127.13,127.35,117.55,117.78,1625.738
2025-12-18 20:00:00+00:00,117.68,120.1,117.0,119.69,1353.854
2025-12-19 00:00:00+00:00,119.6,122.44,117.77,121.83,203.826
2025-12-19 04:00:00+00:00,121.63,125.31,121.63,124.5,131.45
2025-12-19 08:00:00+00:00,124.56,125.54,124.41,125.47,39.752
2025-12-19 12:00:00+00:00,125.49,127.58,124.78,124.97,478.007
2025-12-19 16:00:00+00:00,125.0,126.82,123.65,126.23,228.292
2025-12-19 20:00:00+00:00,126.28,127.77,126.15,126.29,328.351
2025-12-20 00:00:00+00:00,126.13,126.49,125.39,126.44,82.585
2025-12-20 04:00:00+00:00,126.29,126.65,126.04,126.06,93.062
2025-12-20 08:00:00+00:00,126.28,126.84,125.92,126.05,12.928
2025-12-20 12:00:00+00:00,125.94,126.64,125.56,126.63,134.315
2025-12-20 16:00:00+00:00,126.56,126.65,125.79,126.06,126.97
2025-12-20 20:00:00+00:00,126.03,126.49,125.65,125.92,58.914
2025-12-21 00:00:00+00:00,125.83,126.14,124.75,125.13,224.162
2025-12-21 04:00:00+00:00,125.34,125.49,125.11,125.33,18.019
2025-12-21 08:00:00+00:00,124.97,126.45,124.97,125.52,46.707
2025-12-21 12:00:00+00:00,125.82,125.93,123.54,125.14,640.547
2025-12-21 16:00:00+00:00,125.0,126.28,124.48,125.78,440.668
2025-12-21 20:00:00+00:00,125.68,126.18,124.79,126.11,210.133
2025-12-22 00:00:00+00:00,126.09,128.44,124.52,126.12,478.863
2025-12-22 04:00:00+00:00,126.04,126.65,125.37,126.19,66.534
2025-12-22 08:00:00+00:00,126.26,127.36,125.62,127.36,18.217
2025-12-22 12:00:00+00:00,127.11,128.61,126.44,127.81,1756.662
2025-12-22 16:00:00+00:00,128.18,128.3,124.71,124.77,518.676
2025-12-22 20:00:00+00:00,124.88,126.03,124.31,125.96,384.772
2025-12-23 00:00:00+00:00,126.03,126.82,125.13,125.94,61.255
2025-12-23 04:00:00+00:00,125.73,126.22,123.86,124.42,510.115
2025-12-23 08:00:00+00:00,124.43,125.14,124.0,125.1,24.579
2025-12-23 12:00:00+00:00,124.82,124.96,122.22,123.48,497.254
2025-12-23 16:00:00+00:00,123.65,124.79,122.8,123.75,312.506
2025-12-23 20:00:00+00:00,123.89,125.55,123.48,123.86,177.321
2025-12-24 00:00:00+00:00,124.1,124.1,121.9,122.81,127.256
2025-12-24 04:00:00+00:00,122.79,122.92,120.72,121.83,120.197
2025-12-24 08:00:00+00:00,121.55,122.18,121.43,121.98,20.245
2025-12-24 12:00:00+00:00,122.0,122.84,120.97,122.51,105.301
2025-12-24 16:00:00+00:00,122.84,123.31,121.84,122.65,241.41
2025-12-24 20:00:00+00:00,122.91,123.37,122.46,122.54,238.706
2025-12-25 00:00:00+00:00,122.36,123.08,122.18,122.72,105.56
2025-12-25 04:00:00+00:00,122.67,122.78,122.03,122.24,68.526
2025-12-25 08:00:00+00:00,122.45,122.45,121.39,121.75,39.366
2025-12-25 12:00:00+00:00,121.7,124.0,121.7,123.8,118.027
2025-12-25 16:00:00+00:00,123.7,124.33,122.9,123.42,132.996
2025-12-25 20:00:00+00:00,123.44,123.55,119.8,120.0,188.055
2025-12-26 00:00:00+00:00,120.04,124.29,119.4,122.7,663.275
2025-12-26 04:00:00+00:00,122.54,123.85,121.83,122.79,159.381
2025-12-26 08:00:00+00:00,122.89,124.05,122.54,123.82,206.515
2025-12-26 12:00:00+00:00,123.97,125.11,120.62,121.23,116.086
2025-12-26 16:00:00+00:00,121.9,122.41,121.26,122.22,527.93
2025-12-26 20:00:00+00:00,122.19,122.79,121.9,122.18,146.149
2025-12-27 00:00:00+00:00,122.37,123.65,121.91,123.59,137.951
2025-12-27 04:00:00+00:00,123.42,123.42,122.65,123.27,160.857
2025-12-27 08:00:00+00:00,123.22,123.3,122.57,122.85,45.372
2025-12-27 12:00:00+00:00,122.81,123.5,122.79,123.5,63.549
2025-12-27 16:00:00+00:00,123.36,123.45,122.69,123.29,375.482
2025-12-27 20:00:00+00:00,123.65,125.12,123.52,124.67,200.044
2025-12-28 00:00:00+00:00,124.66,124.81,123.9,124.06,224.319
2025-12-28 04:00:00+00:00,124.29,124.32,123.78,124.03,33.34
2025-12-28 08:00:00+00:00,124.45,124.7,124.1,124.57,7.656
2025-12-28 12:00:00+00:00,124.45,124.91,124.45,124.45,7.216
2025-12-28 16:00:00+00:00,124.61,124.67,123.18,123.34,207.974
2025-12-28 20:00:00+00:00,123.2,125.59,123.2,125.34,195.48
2025-12-29 00:00:00+00:00,125.34,130.0,125.06,128.48,950.059
2025-12-29 04:00:00+00:00,128.66,128.96,127.35,127.88,420.3
2025-12-29 08:00:00+00:00,127.98,128.18,125.13,125.28,591.475
2025-12-29 12:00:00+00:00,125.16,125.36,122.48,123.71,727.659
2025-12-29 16:00:00+00:00,123.31,123.89,122.8,123.09,190.283
2025-12-29 20:00:00+00:00,123.06,123.62,122.88,123.26,58.212
2025-12-30 00:00:00+00:00,123.19,123.83,122.54,123.82,1799.535
2025-12-30 04:00:00+00:00,123.83,124.22,123.31,124.17,37.081
2025-12-30 08:00:00+00:00,124.39,125.03,124.26,124.26,45.825
2025-12-30 12:00:00+00:00,124.35,125.33,123.65,125.14,857.312
2025-12-30 16:00:00+00:00,125.0,126.44,123.92,124.57,155.725
2025-12-30 20:00:00+00:00,124.63,124.99,123.65,124.99,129.687
2025-12-31 00:00:00+00:00,125.05,127.58,124.57,126.21,4177.629
2025-12-31 04:00:00+00:00,126.2,128.18,125.65,126.27,7057.981
2025-12-31 08:00:00+00:00,126.26,128.01,125.65,127.36,2867.777
2025-12-31 12:00:00+00:00,126.98,128.33,125.13,126.07,6972.887
2025-12-31 16:00:00+00:00,126.06,127.14,124.48,124.89,8650.859
2025-12-31 20:00:00+00:00,124.81,128.25,123.82,124.8,9146.277
2026-01-01 00:00:00+00:00,124.96,126.65,124.96,125.62,6530.414
2026-01-01 04:00:00+00:00,125.63,127.58,124.71,124.71,9299.423
2026-01-01 08:00:00+00:00,125.71,127.41,124.7,126.05,492.686
2026-01-01 12:00:00+00:00,126.1,127.43,124.79,125.87,946.228
2026-01-01 16:00:00+00:00,125.96,128.18,124.57,126.08,425.089
2026-01-01 20:00:00+00:00,126.44,128.25,125.46,127.25,1113.503
2026-01-02 00:00:00+00:00,127.47,128.25,126.32,127.81,1929.354
2026-01-02 04:00:00+00:00,128.18,129.18,127.19,127.51,2473.351
2026-01-02 08:00:00+00:00,127.61,130.0,127.23,128.92,2659.922
2026-01-02 12:00:00+00:00,128.94,129.5,127.09,129.15,1089.76
2026-01-02 16:00:00+00:00,128.85,132.22,128.8,131.68,13100.679
2026-01-02 20:00:00+00:00,131.56,133.15,131.04,132.25,276.06
2026-01-03 00:00:00+00:00,132.26,133.16,132.09,132.76,134.39
2026-01-03 04:00:00+00:00,132.9,132.9,129.69,130.08,261.623
2026-01-03 08:00:00+00:00,130.14,131.44,130.14,130.76,206.533
2026-01-03 12:00:00+00:00,130.55,132.08,130.54,131.49,122.717
2026-01-03 16:00:00+00:00,131.61,132.07,131.57,131.94,77.853
2026-01-03 20:00:00+00:00,131.86,133.93,131.48,133.41,3626.645
2026-01-04 00:00:00+00:00,133.46,134.75,133.37,134.55,276.777
2026-01-04 04:00:00+00:00,134.63,134.88,133.83,133.88,146.629
2026-01-04 08:00:00+00:00,133.88,134.8,133.23,134.52,66.085
2026-01-04 12:00:00+00:00,134.44,135.3,133.79,134.47,3637.414
2026-01-04 16:00:00+00:00,135.28,135.39,133.17,133.47,153.913
2026-01-04 20:00:00+00:00,133.54,134.87,133.53,134.01,119.202
2026-01-05 00:00:00+00:00,134.17,137.58,134.17,136.79,280.889
2026-01-05 04:00:00+00:00,136.81,136.83,134.7,135.26,167.853
2026-01-05 08:00:00+00:00,135.59,135.93,134.87,135.8,159.025
2026-01-05 12:00:00+00:00,135.87,136.51,133.35,136.32,293.864
2026-01-05 16:00:00+00:00,136.27,138.76,134.43,138.41,436.488
2026-01-05 20:00:00+00:00,138.33,139.71,137.59,138.06,464.971
2026-01-06 00:00:00+00:00,137.95,138.56,137.05,138.51,184.463
2026-01-06 04:00:00+00:00,138.61,139.95,137.48,137.75,149.921
2026-01-06 08:00:00+00:00,137.76,139.6,137.58,139.52,57.902
2026-01-06 12:00:00+00:00,139.43,143.36,138.7,141.55,803.001
2026-01-06 16:00:00+00:00,141.75,141.86,136.24,137.39,672.96
2026-01-06 20:00:00+00:00,138.04,142.07,138.04,141.13,713.105
2026-01-07 00:00:00+00:00,140.97,141.41,138.61,139.72,4594.023
2026-01-07 04:00:00+00:00,139.79,140.02,138.33,139.47,5496.532
2026-01-07 08:00:00+00:00,139.6,140.04,136.97,138.1,5150.318
2026-01-07 12:00:00+00:00,138.11,138.72,135.43,135.9,7626.429
2026-01-07 16:00:00+00:00,135.9,136.74,134.53,135.76,9347.652
2026-01-07 20:00:00+00:00,135.97,137.29,135.19,136.68,9294.258
2026-01-08 00:00:00+00:00,136.6,138.35,136.29,137.08,8988.469
2026-01-08 04:00:00+00:00,136.96,138.55,134.24,136.25,7683.211
2026-01-08 08:00:00+00:00,136.17,136.42,134.33,134.9,1986.468
2026-01-08 12:00:00+00:00,135.02,136.66,132.97,136.66,230.117
2026-01-08 16:00:00+00:00,136.7,139.0,136.44,137.58,354.72
2026-01-08 20:00:00+00:00,137.48,140.01,136.76,138.49,250.931
2026-01-09 00:00:00+00:00,138.59,141.08,137.81,140.99,210.854
2026-01-09 04:00:00+00:00,140.92,141.0,139.59,139.66,135.574
2026-01-09 08:00:00+00:00,139.6,139.6,137.14,138.35,118.516
2026-01-09 12:00:00+00:00,138.39,140.78,136.19,138.61,337.693
2026-01-09 16:00:00+00:00,138.93,140.1,135.55,135.97,536.162
2026-01-09 20:00:00+00:00,135.78,136.48,135.1,136.04,194.201
2026-01-10 00:00:00+00:00,136.0,136.7,135.83,136.33,80.961
2026-01-10 04:00:00+00:00,136.22,136.24,135.75,136.24,68.901
2026-01-10 08:00:00+00:00,136.27,136.99,135.99,136.66,115.855
2026-01-10 12:00:00+00:00,136.69,136.93,136.05,136.5,98.08
2026-01-10 16:00:00+00:00,136.5,136.73,135.87,136.14,287.211
2026-01-10 20:00:00+00:00,136.31,136.34,135.5,136.14,85.19
2026-01-11 00:00:00+00:00,135.82,136.57,135.82,136.43,187.997
2026-01-11 04:00:00+00:00,136.33,136.56,135.99,136.16,162.561
2026-01-11 08:00:00+00:00,136.13,136.76,136.13,136.64,42.598
2026-01-11 12:00:00+00:00,136.64,139.5,136.64,138.02,141.461
2026-01-11 16:00:00+00:00,138.81,141.48,138.49,139.53,941.571
2026-01-11 20:00:00+00:00,139.24,139.66,137.58,139.57,263.731
2026-01-12 00:00:00+00:00,139.61,144.35,139.11,142.54,1283.918
2026-01-12 04:00:00+00:00,142.63,143.36,141.41,141.41,208.868
2026-01-12 08:00:00+00:00,141.49,141.83,139.14,140.01,114.272
2026-01-12 12:00:00+00:00,140.11,142.77,138.85,142.66,546.136
2026-01-12 16:00:00+00:00,142.61,144.18,140.6,140.89,622.932
2026-01-12 20:00:00+00:00,141.01,141.79,138.4,139.37,167.326
2026-01-13 00:00:00+00:00,139.29,139.65,137.9,138.58,101.889
2026-01-13 04:00:00+00:00,138.67,140.74,138.58,140.31,159.87
2026-01-13 08:00:00+00:00,140.16,143.08,140.16,141.9,49.147
2026-01-13 12:00:00+00:00,141.93,143.71,141.29,143.44,442.67
2026-01-13 16:00:00+00:00,143.48,144.41,142.55,144.36,418.504
2026-01-13 20:00:00+00:00,144.36,148.01,143.17,145.38,1067.009
2026-01-14 00:00:00+00:00,145.62,146.47,144.42,145.92,321.062
2026-01-14 04:00:00+00:00,146.37,146.56,144.0,144.59,295.538
2026-01-14 08:00:00+00:00,144.88,145.62,143.64,143.64,31.086
2026-01-14 12:00:00+00:00,143.59,147.58,143.42,146.85,307.337
2026-01-14 16:00:00+00:00,147.15,148.29,145.44,146.97,605.353
2026-01-14 20:00:00+00:00,147.22,147.61,145.95,146.89,168.418
2026-01-15 00:00:00+00:00,146.78,146.78,143.25,143.44,709.739
2026-01-15 04:00:00+00:00,143.97,145.14,143.65,144.93,207.669
2026-01-15 08:00:00+00:00,144.92,145.98,144.17,144.99,68.421
2026-01-15 12:00:00+00:00,144.89,145.69,141.98,143.36,393.602
2026-01-15 16:00:00+00:00,143.64,144.11,141.05,141.6,600.701
2026-01-15 20:00:00+00:00,141.6,142.58,141.53,142.35,93.477
2026-01-16 00:00:00+00:00,142.52,142.76,141.71,142.21,60.524
2026-01-16 04:00:00+00:00,142.06,143.44,141.48,143.02,116.671
2026-01-16 08:00:00+00:00,142.88,143.46,142.88,143.09,27.545
2026-01-16 12:00:00+00:00,143.52,143.81,140.35,140.89,285.367
2026-01-16 16:00:00+00:00,140.96,144.5,140.96,144.08,301.442
2026-01-16 20:00:00+00:00,144.15,145.5,143.6,144.9,595.452
2026-01-17 00:00:00+00:00,144.95,144.95,144.26,144.47,217.406
2026-01-17 04:00:00+00:00,144.33,144.48,143.62,143.79,111.256
2026-01-17 08:00:00+00:00,143.76,144.59,143.44,143.87,366.633
2026-01-17 12:00:00+00:00,143.97,144.3,143.71,144.28,150.72
2026-01-17 16:00:00+00:00,144.22,144.5,143.87,144.25,164.458
2026-01-17 20:00:00+00:00,144.26,144.56,143.55,143.75,449.078
2026-01-18 00:00:00+00:00,143.79,143.86,141.93,142.82,899.511
2026-01-18 04:00:00+00:00,142.81,143.0,142.1,142.1,276.94
2026-01-18 08:00:00+00:00,141.99,142.5,141.99,142.24,36.204
2026-01-18 12:00:00+00:00,142.27,142.68,141.6,141.87,184.28
2026-01-18 16:00:00+00:00,141.87,143.17,141.86,142.28,482.172
2026-01-18 20:00:00+00:00,142.24,143.0,137.81,137.81,1994.43
2026-01-19 00:00:00+00:00,137.82,138.0,130.12,134.0,4346.059
2026-01-19 04:00:00+00:00,133.75,133.98,132.87,133.53,955.988
2026-01-19 08:00:00+00:00,133.35,134.29,133.35,134.24,497.527
2026-01-19 12:00:00+00:00,134.08,134.14,133.33,133.5,384.036
2026-01-19 16:00:00+00:00,133.94,134.63,133.94,134.42,173.58
2026-01-19 20:00:00+00:00,134.52,135.15,132.82,133.41,437.347
2026-01-20 00:00:00+00:00,133.66,134.56,133.24,134.32,1261.928
2026-01-20 04:00:00+00:00,134.18,134.18,130.6,130.6,2235.167
2026-01-20 08:00:00+00:00,130.73,130.75,128.44,128.79,1535.585
2026-01-20 12:00:00+00:00,129.09,129.6,127.27,127.69,5994.529
2026-01-20 16:00:00+00:00,127.92,128.55,126.31,127.39,2524.168
2026-01-20 20:00:00+00:00,127.15,128.01,124.79,125.81,1208.218
2026-01-21 00:00:00+00:00,125.82,127.88,125.75,127.55,650.077
2026-01-21 04:00:00+00:00,127.69,128.69,127.53,127.53,554.608
2026-01-21 08:00:00+00:00,127.55,128.07,126.84,126.86,509.768
2026-01-21 12:00:00+00:00,126.96,131.16,126.28,130.4,4811.062
2026-01-21 16:00:00+00:00,130.45,131.53,125.47,131.52,484.76
2026-01-21 20:00:00+00:00,131.52,132.09,129.24,129.39,565.948
2026-01-22 00:00:00+00:00,129.83,130.58,129.72,129.86,492.372
2026-01-22 04:00:00+00:00,130.18,130.49,129.7,130.08,96.597
2026-01-22 08:00:00+00:00,129.93,130.34,129.6,129.93,28.537
2026-01-22 12:00:00+00:00,130.25,130.89,126.83,127.41,621.192
2026-01-22 16:00:00+00:00,127.87,129.34,127.01,129.27,360.972
2026-01-22 20:00:00+00:00,129.33,129.79,128.07,128.39,145.084
2026-01-23 00:00:00+00:00,128.49,128.95,128.18,128.77,194.026
2026-01-23 04:00:00+00:00,128.76,129.28,127.22,127.92,300.681
2026-01-23 08:00:00+00:00,127.86,127.86,127.02,127.62,36.67
2026-01-23 12:00:00+00:00,127.51,128.08,125.47,127.64,433.024
2026-01-23 16:00:00+00:00,127.92,130.13,127.77,127.99,288.109
2026-01-23 20:00:00+00:00,127.93,128.18,126.61,127.41,576.066
2026-01-24 00:00:00+00:00,127.43,128.08,127.35,127.95,106.132
2026-01-24 04:00:00+00:00,128.03,128.06,127.09,127.22,106.489
2026-01-24 08:00:00+00:00,127.16,127.36,127.02,127.26,18.777
2026-01-24 12:00:00+00:00,127.2,127.38,126.86,126.88,151.942
2026-01-24 16:00:00+00:00,126.86,127.5,126.72,127.32,108.787
2026-01-24 20:00:00+00:00,127.39,127.77,127.1,127.21,179.088
2026-01-25 00:00:00+00:00,127.43,127.49,126.37,126.56,84.94
2026-01-25 04:00:00+00:00,126.86,126.91,126.54,126.57,18.898
2026-01-25 08:00:00+00:00,126.58,127.11,126.03,126.71,90.871
2026-01-25 12:00:00+00:00,126.83,127.01,125.5,125.55,222.143
2026-01-25 16:00:00+00:00,125.47,125.47,117.25,117.85,3762.823
2026-01-25 20:00:00+00:00,117.91,119.41,117.53,118.92,2347.751
2026-01-26 00:00:00+00:00,118.83,122.7,118.71,121.21,937.455
2026-01-26 04:00:00+00:00,121.66,123.41,121.66,122.89,222.133
2026-01-26 08:00:00+00:00,122.94,123.44,121.83,122.53,654.033
2026-01-26 12:00:00+00:00,122.65,125.16,122.48,123.49,214.535
2026-01-26 16:00:00+00:00,123.63,125.53,123.18,124.21,669.79
2026-01-26 20:00:00+00:00,124.38,124.73,123.51,124.2,67.573
2026-01-27 00:00:00+00:00,124.14,125.14,123.8,124.68,475.014
2026-01-27 04:00:00+00:00,124.6,124.97,124.15,124.38,84.412
2026-01-27 08:00:00+00:00,124.67,124.76,123.65,124.0,168.296
2026-01-27 12:00:00+00:00,124.23,125.0,123.18,125.0,762.576
2026-01-27 16:00:00+00:00,125.13,126.7,123.57,125.8,475.258
2026-01-27 20:00:00+00:00,125.83,127.77,125.83,127.44,456.357
2026-01-28 00:00:00+00:00,127.11,127.5,126.58,126.89,7542.072
2026-01-28 04:00:00+00:00,127.04,127.56,126.38,126.94,14247.559
2026-01-28 08:00:00+00:00,127.04,128.3,126.03,128.09,12940.207
2026-01-28 12:00:00+00:00,128.09,128.09,125.62,126.02,12578.959
2026-01-28 16:00:00+00:00,126.05,127.03,125.32,125.95,12649.326
2026-01-28 20:00:00+00:00,126.22,126.65,124.84,125.21,4694.591
2026-01-29 00:00:00+00:00,125.38,125.5,122.64,123.0,10512.38
2026-01-29 04:00:00+00:00,123.06,124.0,122.45,123.75,15285.613
2026-01-29 08:00:00+00:00,123.59,123.74,122.65,122.86,14360.446
2026-01-29 12:00:00+00:00,122.87,123.18,116.17,117.65,11347.945
2026-01-29 16:00:00+00:00,117.65,119.85,115.43,116.94,1072.047
2026-01-29 20:00:00+00:00,116.67,117.81,116.67,117.78,610.478
2026-01-30 00:00:00+00:00,117.93,118.01,112.19,114.64,1464.296
2026-01-30 04:00:00+00:00,114.62,116.08,113.11,115.89,332.783
2026-01-30 08:00:00+00:00,115.64,117.17,114.78,117.01,77.51
2026-01-30 12:00:00+00:00,117.17,117.57,114.74,116.59,304.094
2026-01-30 16:00:00+00:00,116.83,119.04,114.36,118.86,774.413
2026-01-30 20:00:00+00:00,118.26,118.46,116.55,117.55,278.128
2026-01-31 00:00:00+00:00,117.55,118.5,117.55,118.42,114.069
2026-01-31 04:00:00+00:00,118.52,118.8,117.24,117.43,123.698
2026-01-31 08:00:00+00:00,117.42,117.42,114.3,116.14,443.112
2026-01-31 12:00:00+00:00,115.97,115.97,108.4,108.62,1481.027
2026-01-31 16:00:00+00:00,108.62,109.48,96.52,102.11,4633.049
2026-01-31 20:00:00+00:00,101.96,106.6,100.48,105.27,1591.702
2026-02-01 00:00:00+00:00,105.49,106.47,104.26,104.86,332.341
2026-02-01 04:00:00+00:00,104.82,105.99,104.01,105.32,356.993
2026-02-01 08:00:00+00:00,105.37,106.0,103.65,105.06,110.068
2026-02-01 12:00:00+00:00,104.97,106.66,100.38,102.37,751.851
2026-02-01 16:00:00+00:00,101.44,104.21,101.32,101.79,344.583
2026-02-01 20:00:00+00:00,101.73,102.72,98.32,100.7,1303.306
2026-02-02 00:00:00+00:00,101.14,102.86,96.0,100.1,1542.957
2026-02-02 04:00:00+00:00,100.09,102.39,97.15,101.62,1556.844
2026-02-02 08:00:00+00:00,101.66,103.45,101.66,103.01,383.067
2026-02-02 12:00:00+00:00,102.9,106.08,102.48,104.69,727.468
2026-02-02 16:00:00+00:00,104.59,105.62,103.57,103.97,220.744
2026-02-02 20:00:00+00:00,103.81,105.12,103.42,104.55,571.917
2026-02-03 00:00:00+00:00,104.3,104.39,102.21,104.23,545.409
2026-02-03 04:00:00+00:00,104.08,105.07,103.1,104.63,107.107
2026-02-03 08:00:00+00:00,104.71,105.08,102.61,103.1,158.287
2026-02-03 12:00:00+00:00,102.64,103.57,100.5,102.61,650.835
2026-02-03 16:00:00+00:00,102.12,102.12,96.79,99.13,1111.379
2026-02-03 20:00:00+00:00,99.0,101.97,97.25,97.73,510.508
2026-02-04 00:00:00+00:00,97.87,99.58,97.2,99.09,301.198
2026-02-04 04:00:00+00:00,98.98,99.25,96.57,97.94,347.485
2026-02-04 08:00:00+00:00,97.82,97.82,94.95,96.21,524.172
2026-02-04 12:00:00+00:00,96.19,96.61,91.43,93.01,883.756
2026-02-04 16:00:00+00:00,92.57,94.63,90.06,94.46,1472.784
2026-02-04 20:00:00+00:00,94.07,94.27,89.4,92.05,1277.116
2026-02-05 00:00:00+00:00,92.12,92.84,90.28,91.12,689.938
2026-02-05 04:00:00+00:00,91.31,92.0,89.83,90.71,1034.008
2026-02-05 08:00:00+00:00,90.97,93.31,88.69,89.96,824.862
2026-02-05 12:00:00+00:00,90.28,91.23,83.61,84.58,1359.214
2026-02-05 16:00:00+00:00,84.5,86.17,81.22,81.67,1965.645
2026-02-05 20:00:00+00:00,81.8,81.98,77.71,78.24,4799.442
2026-02-06 00:00:00+00:00,78.58,80.22,67.52,76.65,2941.036
2026-02-06 04:00:00+00:00,76.59,81.6,76.39,79.56,2377.112
2026-02-06 08:00:00+00:00,79.16,81.97,78.8,81.19,5357.046
2026-02-06 12:00:00+00:00,81.11,85.14,80.96,84.52,973.804
2026-02-06 16:00:00+00:00,84.06,88.68,83.94,87.24,1258.665
2026-02-06 20:00:00+00:00,87.09,89.79,86.64,87.51,872.435
2026-02-07 00:00:00+00:00,87.26,88.32,85.99,88.09,306.393
2026-02-07 04:00:00+00:00,88.1,89.07,84.24,85.44,684.545
2026-02-07 08:00:00+00:00,84.9,85.57,84.58,84.71,216.71
2026-02-07 12:00:00+00:00,85.04,87.06,85.04,86.46,134.102
2026-02-07 16:00:00+00:00,86.63,89.13,86.24,88.2,2143.842
2026-02-07 20:00:00+00:00,88.5,88.98,86.96,87.79,178.946
2026-02-08 00:00:00+00:00,87.65,88.19,86.9,86.9,80.218
2026-02-08 04:00:00+00:00,86.85,87.51,86.69,87.21,235.929
2026-02-08 08:00:00+00:00,87.27,89.02,86.54,88.27,133.007
2026-02-08 12:00:00+00:00,88.1,88.76,87.45,87.82,472.537
2026-02-08 16:00:00+00:00,87.65,88.52,85.9,88.45,482.558
2026-02-08 20:00:00+00:00,88.02,89.0,86.19,87.0,472.294
2026-02-09 00:00:00+00:00,87.04,87.91,85.9,87.74,323.185
2026-02-09 04:00:00+00:00,87.71,87.71,85.35,85.61,451.661
2026-02-09 08:00:00+00:00,85.51,85.53,82.89,83.44,113.611
2026-02-09 12:00:00+00:00,83.52,85.69,83.52,85.33,198.207
2026-02-09 16:00:00+00:00,84.92,88.53,84.92,88.02,414.238
2026-02-09 20:00:00+00:00,87.84,88.03,86.63,86.73,59.384
2026-02-10 00:00:00+00:00,86.84,87.41,85.35,85.85,243.031
2026-02-10 04:00:00+00:00,86.17,86.58,84.41,84.61,491.387
2026-02-10 08:00:00+00:00,84.73,84.94,83.78,83.8,53.502
2026-02-10 12:00:00+00:00,84.11,85.12,83.37,84.36,116.259
2026-02-10 16:00:00+00:00,84.34,85.0,82.53,82.77,157.219
2026-02-10 20:00:00+00:00,83.0,83.01,81.97,82.95,405.097
2026-02-11 00:00:00+00:00,83.04,84.34,82.7,83.32,241.4
2026-02-11 04:00:00+00:00,83.26,83.27,80.37,81.35,776.302
2026-02-11 08:00:00+00:00,80.99,81.38,80.45,81.27,255.695
2026-02-11 12:00:00+00:00,81.24,83.17,78.8,80.09,766.016
2026-02-11 16:00:00+00:00,79.91,80.87,78.02,79.77,444.808
2026-02-11 20:00:00+00:00,79.68,81.04,78.81,79.35,770.076
2026-02-12 00:00:00+00:00,79.33,80.69,79.33,80.56,109.957
2026-02-12 04:00:00+00:00,80.51,80.97,79.48,80.82,183.31
2026-02-12 08:00:00+00:00,80.82,82.12,80.54,81.83,51.85
2026-02-12 12:00:00+00:00,81.81,81.99,80.17,80.2,172.861
2026-02-12 16:00:00+00:00,80.06,80.21,77.06,77.5,507.015
2026-02-12 20:00:00+00:00,77.58,78.41,76.66,78.38,210.942
2026-02-13 00:00:00+00:00,78.42,79.44,77.6,78.98,113.99
2026-02-13 04:00:00+00:00,79.02,79.18,77.93,79.05,125.604
2026-02-13 08:00:00+00:00,78.89,80.61,78.88,80.25,118.87
2026-02-13 12:00:00+00:00,80.12,84.3,79.87,83.09,410.961
2026-02-13 16:00:00+00:00,83.19,85.57,83.19,84.65,804.076
2026-02-13 20:00:00+00:00,84.58,85.21,84.22,84.37,379.922
2026-02-14 00:00:00+00:00,84.32,85.32,84.25,85.11,304.263
2026-02-14 04:00:00+00:00,85.02,85.21,84.41,85.2,114.511
2026-02-14 08:00:00+00:00,85.19,87.36,85.19,87.3,299.583
2026-02-14 12:00:00+00:00,87.29,87.7,86.08,87.49,607.758
2026-02-14 16:00:00+00:00,87.48,88.42,87.09,88.2,355.571
2026-02-14 20:00:00+00:00,88.38,88.84,87.42,88.09,211.691
2026-02-15 00:00:00+00:00,88.07,88.69,87.53,88.47,148.299
2026-02-15 04:00:00+00:00,88.7,90.87,88.35,90.79,589.451
2026-02-15 08:00:00+00:00,90.78,91.2,89.09,89.09,209.374
2026-02-15 12:00:00+00:00,89.26,89.35,86.73,87.27,215.739
2026-02-15 16:00:00+00:00,87.39,87.75,85.32,85.42,508.45
2026-02-15 20:00:00+00:00,85.25,86.71,84.96,86.17,965.332
2026-02-16 00:00:00+00:00,86.06,86.48,84.91,85.12,133.799
2026-02-16 04:00:00+00:00,85.13,85.82,84.58,85.07,101.716
2026-02-16 08:00:00+00:00,85.33,86.2,84.57,85.6,51.447
2026-02-16 12:00:00+00:00,85.46,86.86,82.67,83.31,586.762
2026-02-16 16:00:00+00:00,83.54,85.07,83.33,84.8,239.911
2026-02-16 20:00:00+00:00,84.63,86.59,84.5,86.59,86.829
2026-02-17 00:00:00+00:00,86.47,87.62,85.8,86.43,283.217
2026-02-17 04:00:00+00:00,86.39,86.68,85.53,86.23,135.884
2026-02-17 08:00:00+00:00,86.62,86.62,84.91,85.13,124.643
2026-02-17 12:00:00+00:00,85.17,85.44,82.92,83.58,189.09
2026-02-17 16:00:00+00:00,84.58,85.65,83.23,84.98,182.431
2026-02-17 20:00:00+00:00,84.93,85.45,84.77,85.21,144.211
2026-02-18 00:00:00+00:00,85.1,85.41,84.0,85.41,211.098
2026-02-18 04:00:00+00:00,85.38,85.44,84.68,84.83,132.626
2026-02-18 08:00:00+00:00,85.63,86.02,82.91,82.91,596.381
2026-02-18 12:00:00+00:00,82.85,83.87,81.88,83.02,372.86
2026-02-18 16:00:00+00:00,83.08,83.08,80.51,80.82,835.352
2026-02-18 20:00:00+00:00,80.92,81.61,80.92,81.61,455.443
2026-02-19 00:00:00+00:00,81.56,81.99,81.38,81.8,299.996
2026-02-19 04:00:00+00:00,81.91,82.62,81.49,82.34,453.192
2026-02-19 08:00:00+00:00,82.36,82.37,80.94,81.22,237.044
2026-02-19 12:00:00+00:00,81.22,81.29,79.67,80.6,525.528
2026-02-19 16:00:00+00:00,80.55,82.18,80.04,81.84,235.547
2026-02-19 20:00:00+00:00,81.87,82.5,81.74,82.5,204.046
2026-02-20 00:00:00+00:00,82.42,83.53,82.37,83.14,122.459
2026-02-20 04:00:00+00:00,82.87,83.91,82.43,83.45,196.234
2026-02-20 08:00:00+00:00,83.55,84.82,83.4,83.59,132.236
2026-02-20 12:00:00+00:00,83.59,84.77,81.89,84.4,1198.606
2026-02-20 16:00:00+00:00,84.33,85.41,82.85,84.8,950.29
2026-02-20 20:00:00+00:00,84.89,85.22,84.12,84.45,364.675
2026-02-21 00:00:00+00:00,84.7,85.03,84.29,84.33,106.592
2026-02-21 04:00:00+00:00,84.35,84.68,83.99,84.22,429.245
2026-02-21 08:00:00+00:00,84.23,85.67,84.23,85.32,209.788
2026-02-21 12:00:00+00:00,85.41,86.71,85.11,86.58,226.252
2026-02-21 16:00:00+00:00,86.58,86.71,85.87,86.24,473.412
2026-02-21 20:00:00+00:00,86.16,86.16,85.22,85.23,101.305
2026-02-22 00:00:00+00:00,85.1,85.57,84.82,85.05,428.477
2026-02-22 04:00:00+00:00,85.32,85.5,84.9,85.5,168.369
2026-02-22 08:00:00+00:00,84.98,85.5,84.95,85.5,206.857
2026-02-22 12:00:00+00:00,85.0,85.0,83.06,83.52,375.785
2026-02-22 16:00:00+00:00,83.49,83.62,82.83,83.32,88.889
2026-02-22 20:00:00+00:00,83.3,83.64,82.48,82.9,350.107
2026-02-23 00:00:00+00:00,82.78,82.82,77.37,77.91,2171.365
2026-02-23 04:00:00+00:00,77.62,79.65,77.29,79.43,619.736
2026-02-23 08:00:00+00:00,79.35,80.61,78.51,80.22,317.797
2026-02-23 12:00:00+00:00,80.2,81.11,79.31,79.47,748.115
2026-02-23 16:00:00+00:00,79.41,79.52,77.3,78.15,1447.597
2026-02-23 20:00:00+00:00,78.35,78.89,77.67,77.7,299.326
2026-02-24 00:00:00+00:00,78.01,78.49,75.84,76.87,1286.175
2026-02-24 04:00:00+00:00,77.07,77.25,76.15,76.83,685.505
2026-02-24 08:00:00+00:00,76.61,77.08,76.03,76.71,337.597
2026-02-24 12:00:00+00:00,76.79,77.42,75.66,77.13,835.032
2026-02-24 16:00:00+00:00,77.66,78.5,77.4,78.24,393.852
2026-02-24 20:00:00+00:00,78.5,79.59,78.18,79.22,462.174
2026-02-25 00:00:00+00:00,79.04,82.94,78.76,81.8,1390.799
2026-02-25 04:00:00+00:00,81.6,82.41,81.02,82.14,858.662
2026-02-25 08:00:00+00:00,82.22,83.38,82.04,83.31,417.888
2026-02-25 12:00:00+00:00,83.18,86.33,82.95,86.08,1461.271
2026-02-25 16:00:00+00:00,86.02,89.63,86.02,89.43,1942.077
2026-02-25 20:00:00+00:00,89.5,92.0,87.11,88.03,1564.451
2026-02-26 00:00:00+00:00,87.99,89.28,87.64,88.14,886.082
2026-02-26 04:00:00+00:00,87.98,88.99,87.29,87.34,475.052
2026-02-26 08:00:00+00:00,87.37,88.64,86.62,86.74,472.659
2026-02-26 12:00:00+00:00,86.93,88.12,85.33,86.59,1401.828
2026-02-26 16:00:00+00:00,86.19,86.71,84.41,86.61,1334.647
2026-02-26 20:00:00+00:00,86.62,86.86,85.75,85.93,211.317
2026-02-27 00:00:00+00:00,86.02,87.78,85.25,87.78,271.854
2026-02-27 04:00:00+00:00,87.64,88.29,86.9,87.39,393.342
2026-02-27 08:00:00+00:00,87.35,87.71,83.37,83.54,495.866
2026-02-27 12:00:00+00:00,83.53,83.69,82.03,82.73,1005.291
2026-02-27 16:00:00+00:00,82.31,82.31,81.14,81.44,982.681
2026-02-27 20:00:00+00:00,81.67,82.05,80.33,81.98,620.375
2026-02-28 00:00:00+00:00,81.91,82.24,81.61,81.72,153.664
2026-02-28 04:00:00+00:00,81.85,81.85,77.19,78.85,1608.052
2026-02-28 08:00:00+00:00,78.65,79.59,77.76,78.95,913.516
2026-02-28 12:00:00+00:00,78.82,81.42,78.65,80.93,780.534
2026-02-28 16:00:00+00:00,80.83,82.86,80.65,82.19,296.83
2026-02-28 20:00:00+00:00,82.03,85.68,82.03,84.3,1932.002
2026-03-01 00:00:00+00:00,84.59,88.84,84.35,87.76,506.456
2026-03-01 04:00:00+00:00,88.21,88.21,86.18,86.65,350.523
2026-03-01 08:00:00+00:00,86.72,86.72,84.71,85.02,437.099
2026-03-01 12:00:00+00:00,85.16,87.03,84.58,85.65,608.28
2026-03-01 16:00:00+00:00,85.65,86.05,83.06,83.23,485.472
2026-03-01 20:00:00+00:00,83.21,84.11,81.67,83.57,801.86
2026-03-02 00:00:00+00:00,83.62,86.17,83.58,84.74,339.439
2026-03-02 04:00:00+00:00,84.75,84.81,82.41,82.92,268.287
2026-03-02 08:00:00+00:00,82.88,84.19,82.47,84.16,291.753
2026-03-02 12:00:00+00:00,83.88,88.93,82.85,88.58,812.022
2026-03-02 16:00:00+00:00,88.89,90.28,86.5,87.62,809.803
2026-03-02 20:00:00+00:00,87.66,88.23,86.39,86.71,439.208
2026-03-03 00:00:00+00:00,86.63,87.31,85.3,86.59,458.259
2026-03-03 04:00:00+00:00,86.4,86.75,85.41,85.73,317.061
2026-03-03 08:00:00+00:00,85.58,85.63,83.71,84.25,335.56
2026-03-03 12:00:00+00:00,84.24,85.16,82.53,84.86,844.783
2026-03-03 16:00:00+00:00,85.14,87.33,84.24,85.12,924.627
2026-03-03 20:00:00+00:00,85.14,87.42,84.27,86.96,594.634
2026-03-04 00:00:00+00:00,86.96,88.05,85.16,85.59,365.741
2026-03-04 04:00:00+00:00,85.78,87.51,84.82,87.51,409.272
2026-03-04 08:00:00+00:00,87.51,91.39,87.0,89.79,666.677
2026-03-04 12:00:00+00:00,89.8,93.1,88.76,92.9,1586.448
2026-03-04 16:00:00+00:00,92.99,94.02,90.74,93.17,1310.117
2026-03-04 20:00:00+00:00,93.28,93.73,90.36,90.74,474.848
2026-03-05 00:00:00+00:00,91.01,91.4,89.64,90.05,476.863
2026-03-05 04:00:00+00:00,90.01,91.23,89.72,89.94,397.63
2026-03-05 08:00:00+00:00,89.96,92.88,89.7,91.69,311.393
2026-03-05 12:00:00+00:00,91.92,92.14,88.89,89.41,497.3
2026-03-05 16:00:00+00:00,89.52,89.52,87.98,88.9,321.252
2026-03-05 20:00:00+00:00,88.77,89.84,88.69,88.74,298.415
2026-03-06 00:00:00+00:00,88.85,89.25,88.05,88.38,262.357
2026-03-06 04:00:00+00:00,88.32,88.89,87.54,88.74,122.544
2026-03-06 08:00:00+00:00,88.64,88.64,87.12,87.27,110.946
2026-03-06 12:00:00+00:00,87.25,87.25,83.98,84.61,925.972
2026-03-06 16:00:00+00:00,84.61,85.77,83.6,85.22,276.853
2026-03-06 20:00:00+00:00,85.27,85.36,84.48,84.68,259.603
2026-03-07 00:00:00+00:00,84.76,85.06,84.42,84.42,459.614
2026-03-07 04:00:00+00:00,84.35,84.47,83.96,84.45,189.453
2026-03-07 08:00:00+00:00,84.28,84.75,84.28,84.75,74.459
2026-03-07 12:00:00+00:00,84.67,84.67,83.53,83.78,230.066
2026-03-07 16:00:00+00:00,83.65,84.04,82.33,82.33,374.488
2026-03-07 20:00:00+00:00,82.58,83.22,82.58,83.19,420.566
2026-03-08 00:00:00+00:00,83.33,83.47,82.14,82.36,165.246
2026-03-08 04:00:00+00:00,82.47,83.03,81.75,82.86,103.555
2026-03-08 08:00:00+00:00,82.54,84.04,82.54,82.7,123.799
2026-03-08 12:00:00+00:00,82.8,82.84,81.26,82.08,719.201
2026-03-08 16:00:00+00:00,82.13,82.61,81.44,82.41,71.065
2026-03-08 20:00:00+00:00,82.32,82.86,80.28,81.67,451.261
2026-03-09 00:00:00+00:00,81.59,84.49,81.59,83.17,204.228
2026-03-09 04:00:00+00:00,83.22,84.58,82.41,83.24,99.029
2026-03-09 08:00:00+00:00,83.24,84.58,83.04,83.75,65.979
2026-03-09 12:00:00+00:00,83.62,85.72,83.62,84.99,542.936
2026-03-09 16:00:00+00:00,85.12,86.99,84.44,85.93,384.481
2026-03-09 20:00:00+00:00,86.15,86.31,84.81,85.0,392.417
2026-03-10 00:00:00+00:00,84.96,86.88,84.9,85.57,501.969
2026-03-10 04:00:00+00:00,85.7,86.92,85.44,86.68,204.755
2026-03-10 08:00:00+00:00,86.94,87.62,86.65,86.65,253.35
2026-03-10 12:00:00+00:00,86.83,88.56,84.94,88.32,760.523
2026-03-10 16:00:00+00:00,88.34,88.79,85.7,86.01,670.781
2026-03-10 20:00:00+00:00,85.99,86.38,85.03,85.89,515.049
2026-03-11 00:00:00+00:00,85.72,86.29,85.61,85.66,334.136
2026-03-11 04:00:00+00:00,85.63,86.85,85.26,85.26,300.905
2026-03-11 08:00:00+00:00,85.46,85.5,84.42,84.62,121.662
2026-03-11 12:00:00+00:00,84.64,87.39,84.41,85.41,2498.433
2026-03-11 16:00:00+00:00,85.39,88.03,85.39,87.22,2784.817
2026-03-11 20:00:00+00:00,87.17,87.81,86.58,86.6,353.381
2026-03-12 00:00:00+00:00,86.56,86.77,84.75,84.84,207.568
2026-03-12 04:00:00+00:00,84.98,85.79,84.95,85.74,115.881
2026-03-12 08:00:00+00:00,86.04,87.06,85.71,86.87,33.421
2026-03-12 12:00:00+00:00,86.81,87.62,85.24,86.52,329.423
2026-03-12 16:00:00+00:00,86.53,86.98,85.67,86.85,435.293
2026-03-12 20:00:00+00:00,86.82,87.22,85.97,86.81,343.086
2026-03-13 00:00:00+00:00,86.92,91.05,86.92,89.82,1051.279
2026-03-13 04:00:00+00:00,89.66,89.66,88.26,88.55,196.827
2026-03-13 08:00:00+00:00,88.63,90.37,88.61,90.37,102.491
2026-03-13 12:00:00+00:00,90.31,92.88,89.31,89.42,1090.718
2026-03-13 16:00:00+00:00,89.23,90.06,88.42,88.86,794.214
2026-03-13 20:00:00+00:00,88.69,89.06,87.76,88.08,426.178
2026-03-14 00:00:00+00:00,88.12,88.5,87.95,88.45,254.88
2026-03-14 04:00:00+00:00,88.44,88.66,86.98,87.34,219.402
2026-03-14 08:00:00+00:00,87.15,87.17,86.62,86.96,15.051
2026-03-14 12:00:00+00:00,86.92,87.3,86.69,86.69,192.09
2026-03-14 16:00:00+00:00,86.66,87.08,86.66,87.06,163.743
2026-03-14 20:00:00+00:00,86.92,88.08,86.87,87.93,372.528
2026-03-15 00:00:00+00:00,88.08,88.54,87.69,87.8,125.761
2026-03-15 04:00:00+00:00,88.1,88.54,88.03,88.21,472.037
2026-03-15 08:00:00+00:00,88.32,88.74,88.28,88.54,128.327
2026-03-15 12:00:00+00:00,88.32,88.42,87.42,88.02,75.215
2026-03-15 16:00:00+00:00,87.85,88.67,87.46,88.0,187.609
2026-03-15 20:00:00+00:00,88.15,93.25,88.08,92.29,1117.07
2026-03-16 00:00:00+00:00,92.61,93.82,91.23,93.23,1227.023
2026-03-16 04:00:00+00:00,93.21,94.25,92.96,93.49,902.223
2026-03-16 08:00:00+00:00,93.65,93.98,92.86,93.92,206.002
2026-03-16 12:00:00+00:00,93.79,95.02,92.51,93.17,2351.009
2026-03-16 16:00:00+00:00,93.24,95.42,93.21,95.42,804.279
2026-03-16 20:00:00+00:00,95.15,97.65,95.04,96.36,943.809
2026-03-17 00:00:00+00:00,95.82,96.79,93.8,93.93,1257.494
2026-03-17 04:00:00+00:00,94.13,94.67,93.35,94.45,1811.373
2026-03-17 08:00:00+00:00,94.45,95.01,93.29,93.67,592.578
2026-03-17 12:00:00+00:00,93.72,95.1,93.32,93.67,431.837
2026-03-17 16:00:00+00:00,94.0,95.57,94.0,94.74,626.907
2026-03-17 20:00:00+00:00,94.67,95.47,94.59,94.75,163.587
2026-03-18 00:00:00+00:00,94.65,95.5,94.36,95.03,290.081
2026-03-18 04:00:00+00:00,94.77,94.77,93.82,94.06,137.716
2026-03-18 08:00:00+00:00,94.21,94.38,91.92,92.07,126.952
2026-03-18 12:00:00+00:00,91.81,91.81,88.64,89.43,626.111
2026-03-18 16:00:00+00:00,89.2,90.81,88.82,89.6,586.902
2026-03-18 20:00:00+00:00,89.67,90.56,89.19,89.98,446.535
2026-03-19 00:00:00+00:00,89.99,91.39,89.87,90.76,576.544
2026-03-19 04:00:00+00:00,90.73,90.73,88.67,89.59,73.028
2026-03-19 08:00:00+00:00,89.37,90.36,89.17,89.56,129.783
2026-03-19 12:00:00+00:00,89.54,89.54,87.23,87.73,492.285
2026-03-19 16:00:00+00:00,87.55,89.26,87.0,88.84,303.222
2026-03-19 20:00:00+00:00,88.77,89.2,88.46,88.93,228.127
2026-03-20 00:00:00+00:00,88.94,89.71,88.92,89.67,79.33
2026-03-20 04:00:00+00:00,89.55,89.58,88.57,88.66,147.025
2026-03-20 08:00:00+00:00,89.57,90.44,88.75,89.14,105.919
2026-03-20 12:00:00+00:00,89.2,89.7,88.59,88.83,98.173
2026-03-20 16:00:00+00:00,88.95,89.15,88.19,89.01,354.284
2026-03-20 20:00:00+00:00,89.08,90.23,88.75,89.9,479.592
2026-03-21 00:00:00+00:00,89.91,90.51,89.79,90.39,32.375
2026-03-21 04:00:00+00:00,90.58,90.73,89.95,90.18,145.453
2026-03-21 08:00:00+00:00,90.06,90.25,89.85,89.85,59.56
2026-03-21 12:00:00+00:00,90.04,90.3,89.63,89.78,294.111
2026-03-21 16:00:00+00:00,89.86,89.97,89.47,89.81,72.218
2026-03-21 20:00:00+00:00,89.9,90.3,87.27,87.27,209.94
2026-03-22 00:00:00+00:00,87.51,89.13,86.35,88.69,668.389
2026-03-22 04:00:00+00:00,89.1,89.14,87.75,87.78,60.484
2026-03-22 08:00:00+00:00,87.56,87.62,86.96,86.96,1355.515
2026-03-22 12:00:00+00:00,86.9,87.59,86.9,87.57,207.881
2026-03-22 16:00:00+00:00,87.5,87.58,86.62,86.83,78.545
2026-03-22 20:00:00+00:00,87.06,87.16,85.3,86.22,304.381
2026-03-23 00:00:00+00:00,86.29,87.17,85.5,86.44,551.866
2026-03-23 04:00:00+00:00,86.52,87.27,85.15,86.02,253.868
2026-03-23 08:00:00+00:00,86.09,91.95,85.25,88.74,2764.736
2026-03-23 12:00:00+00:00,88.74,92.21,88.44,89.88,706.906
2026-03-23 16:00:00+00:00,90.05,91.84,89.56,91.39,411.64
2026-03-23 20:00:00+00:00,91.44,91.92,91.03,91.5,109.73
2026-03-24 00:00:00+00:00,91.45,91.68,90.0,90.32,336.125
2026-03-24 04:00:00+00:00,90.72,91.84,90.03,91.67,102.889
2026-03-24 08:00:00+00:00,91.83,92.15,91.18,91.77,264.029
2026-03-24 12:00:00+00:00,91.77,91.77,90.25,90.32,202.795
