timestamp,open,high,low,close,volume
2025-03-24 16:00:00+00:00,6.973,7.042,6.957,7.031,43.49
2025-03-24 20:00:00+00:00,7.072,7.133,7.042,7.042,139.26
2025-03-25 00:00:00+00:00,7.121,7.121,6.939,6.939,72.52
2025-03-25 04:00:00+00:00,6.939,6.939,6.939,6.939,0.0
2025-03-25 08:00:00+00:00,7.051,7.108,7.032,7.042,60.6
2025-03-25 12:00:00+00:00,6.995,6.995,6.995,6.995,2.86
2025-03-25 16:00:00+00:00,6.98,7.017,6.939,7.017,46.7
2025-03-25 20:00:00+00:00,6.931,6.937,6.931,6.937,10.36
2025-03-26 00:00:00+00:00,7.05,7.077,6.883,6.883,60.61
2025-03-26 04:00:00+00:00,6.994,7.051,6.994,7.051,5.77
2025-03-26 08:00:00+00:00,7.084,7.117,7.041,7.117,31.27
2025-03-26 12:00:00+00:00,6.995,6.995,6.821,6.826,63.11
2025-03-26 16:00:00+00:00,6.825,6.825,6.708,6.825,1310.73
2025-03-26 20:00:00+00:00,6.789,6.789,6.658,6.664,74.32
2025-03-27 00:00:00+00:00,6.729,6.881,6.729,6.872,97.76
2025-03-27 04:00:00+00:00,6.824,6.902,6.782,6.902,66.96
2025-03-27 08:00:00+00:00,6.782,6.809,6.717,6.717,18.68
2025-03-27 12:00:00+00:00,6.756,6.825,6.658,6.786,575.92
2025-03-27 16:00:00+00:00,6.774,6.774,6.709,6.734,30.21
2025-03-27 20:00:00+00:00,6.825,6.825,6.825,6.825,2.97
2025-03-28 00:00:00+00:00,6.733,6.825,6.717,6.803,319.52
2025-03-28 04:00:00+00:00,6.717,6.717,6.376,6.376,181.23
2025-03-28 08:00:00+00:00,6.421,6.421,6.271,6.271,86.95
2025-03-28 12:00:00+00:00,6.269,6.292,6.13,6.13,2589.31
2025-03-28 16:00:00+00:00,6.119,6.124,6.084,6.124,71.68
2025-03-28 20:00:00+00:00,6.066,6.186,6.066,6.186,3.67
2025-03-29 00:00:00+00:00,6.223,6.248,6.201,6.201,2433.82
2025-03-29 04:00:00+00:00,6.201,6.201,6.201,6.201,0.0
2025-03-29 08:00:00+00:00,6.091,6.113,6.008,6.008,98.78
2025-03-29 12:00:00+00:00,6.095,6.13,5.993,5.993,318.53
2025-03-29 16:00:00+00:00,5.967,5.967,5.876,5.931,102.81
2025-03-29 20:00:00+00:00,5.933,5.933,5.933,5.933,9.61
2025-03-30 00:00:00+00:00,6.011,6.046,6.011,6.046,16.72
2025-03-30 04:00:00+00:00,6.005,6.005,6.005,6.005,9.5
2025-03-30 08:00:00+00:00,6.007,6.007,5.961,5.973,12.45
2025-03-30 12:00:00+00:00,5.947,5.947,5.93,5.93,12.64
2025-03-30 16:00:00+00:00,5.903,5.936,5.876,5.936,22.16
2025-03-30 20:00:00+00:00,5.884,5.884,5.813,5.852,89.9
2025-03-31 00:00:00+00:00,5.8,5.919,5.777,5.919,64.49
2025-03-31 04:00:00+00:00,5.857,5.947,5.857,5.893,35.34
2025-03-31 08:00:00+00:00,5.861,5.861,5.751,5.836,29.51
2025-03-31 12:00:00+00:00,5.909,6.038,5.863,6.038,84.15
2025-03-31 16:00:00+00:00,6.038,6.038,6.038,6.038,0.0
2025-03-31 20:00:00+00:00,6.038,6.038,6.038,6.038,0.0
2025-04-01 00:00:00+00:00,5.977,6.055,5.977,6.055,72.04
2025-04-01 04:00:00+00:00,6.064,6.104,6.051,6.086,19.27
2025-04-01 08:00:00+00:00,6.126,6.223,6.084,6.089,56.19
2025-04-01 12:00:00+00:00,6.121,6.301,6.059,6.301,45.66
2025-04-01 16:00:00+00:00,6.238,6.238,6.227,6.227,2.96
2025-04-01 20:00:00+00:00,6.319,6.336,6.319,6.336,17.97
2025-04-02 00:00:00+00:00,6.236,6.236,6.136,6.136,19.54
2025-04-02 04:00:00+00:00,6.084,6.47,6.028,6.084,1192.67
2025-04-02 08:00:00+00:00,6.083,6.114,6.074,6.082,885.62
2025-04-02 12:00:00+00:00,6.059,6.278,6.039,6.278,67.79
2025-04-02 16:00:00+00:00,6.137,6.138,6.137,6.138,3.65
2025-04-02 20:00:00+00:00,6.278,6.391,5.811,5.811,319.37
2025-04-03 00:00:00+00:00,5.895,6.032,5.895,6.032,66.39
2025-04-03 04:00:00+00:00,6.038,6.038,6.038,6.038,6.51
2025-04-03 08:00:00+00:00,5.903,5.903,5.859,5.859,17.12
2025-04-03 12:00:00+00:00,5.814,5.814,5.682,5.682,110.86
2025-04-03 16:00:00+00:00,5.768,5.78,5.652,5.734,105.22
2025-04-03 20:00:00+00:00,5.82,5.866,5.82,5.866,25.72
2025-04-04 00:00:00+00:00,5.891,5.891,5.804,5.818,607.31
2025-04-04 04:00:00+00:00,5.909,5.957,5.907,5.957,28.11
2025-04-04 08:00:00+00:00,5.975,6.011,5.673,5.761,128.04
2025-04-04 12:00:00+00:00,5.779,5.914,5.758,5.856,206.08
2025-04-04 16:00:00+00:00,5.858,5.947,5.821,5.947,38.04
2025-04-04 20:00:00+00:00,5.954,5.954,5.902,5.902,6.48
2025-04-05 00:00:00+00:00,5.902,5.902,5.902,5.902,0.0
2025-04-05 04:00:00+00:00,5.902,5.902,5.902,5.902,0.0
2025-04-05 08:00:00+00:00,5.908,5.908,5.908,5.908,0.33
2025-04-05 12:00:00+00:00,5.821,5.834,5.786,5.786,15.13
2025-04-05 16:00:00+00:00,5.777,5.798,5.777,5.798,83.3
2025-04-05 20:00:00+00:00,5.786,5.806,5.775,5.787,35.61
2025-04-06 00:00:00+00:00,5.862,5.868,5.858,5.858,18.23
2025-04-06 04:00:00+00:00,5.815,5.815,5.805,5.805,6.64
2025-04-06 08:00:00+00:00,5.872,5.872,5.727,5.745,36.73
2025-04-06 12:00:00+00:00,5.698,5.698,5.566,5.649,242.21
2025-04-06 16:00:00+00:00,5.586,5.586,5.15,5.196,455.05
2025-04-06 20:00:00+00:00,5.183,5.183,4.996,5.11,183.43
2025-04-07 00:00:00+00:00,5.091,5.209,4.962,4.974,1134.82
2025-04-07 04:00:00+00:00,4.998,5.048,4.734,4.773,124.93
2025-04-07 08:00:00+00:00,4.706,4.991,4.706,4.867,64.6
2025-04-07 12:00:00+00:00,4.978,5.32,4.891,5.145,262.69
2025-04-07 16:00:00+00:00,5.042,5.157,5.039,5.13,45.49
2025-04-07 20:00:00+00:00,5.157,5.188,5.157,5.183,59.32
2025-04-08 00:00:00+00:00,5.209,5.288,5.209,5.274,29.91
2025-04-08 04:00:00+00:00,5.17,5.17,5.15,5.159,31.76
2025-04-08 08:00:00+00:00,5.168,5.236,5.096,5.236,427.49
2025-04-08 12:00:00+00:00,5.212,5.212,5.072,5.074,20.77
2025-04-08 16:00:00+00:00,5.05,5.05,4.794,4.794,545.62
2025-04-08 20:00:00+00:00,4.825,4.825,4.709,4.767,86.19
2025-04-09 00:00:00+00:00,4.702,4.782,4.59,4.671,112.78
2025-04-09 04:00:00+00:00,4.711,4.883,4.711,4.883,53.23
2025-04-09 08:00:00+00:00,4.836,4.836,4.731,4.731,17.4
2025-04-09 12:00:00+00:00,4.839,4.911,4.839,4.877,32.25
2025-04-09 16:00:00+00:00,4.921,5.433,4.921,5.379,209.82
2025-04-09 20:00:00+00:00,5.45,5.481,5.45,5.477,19.62
2025-04-10 00:00:00+00:00,5.374,5.374,5.229,5.229,1032.6
2025-04-10 04:00:00+00:00,5.197,5.197,5.196,5.196,9.37
2025-04-10 08:00:00+00:00,5.198,5.198,5.15,5.15,8.72
2025-04-10 12:00:00+00:00,5.189,5.268,4.886,4.886,286.55
2025-04-10 16:00:00+00:00,4.883,5.003,4.857,5.003,18.56
2025-04-10 20:00:00+00:00,5.01,5.034,5.009,5.034,10.4
2025-04-11 00:00:00+00:00,5.034,5.111,5.034,5.111,54.82
2025-04-11 04:00:00+00:00,5.154,5.188,5.154,5.188,15.68
2025-04-11 08:00:00+00:00,5.155,5.236,5.154,5.236,14.74
2025-04-11 12:00:00+00:00,5.223,5.244,5.187,5.208,68.4
2025-04-11 16:00:00+00:00,5.267,5.316,5.267,5.289,43.42
2025-04-11 20:00:00+00:00,5.289,5.289,5.289,5.289,0.0
2025-04-12 00:00:00+00:00,5.214,5.214,5.196,5.196,38.16
2025-04-12 04:00:00+00:00,5.259,5.259,5.259,5.259,47.69
2025-04-12 08:00:00+00:00,5.315,5.316,5.315,5.316,9.17
2025-04-12 12:00:00+00:00,5.349,5.559,5.344,5.519,238.67
2025-04-12 16:00:00+00:00,5.53,5.566,5.53,5.558,11.68
2025-04-12 20:00:00+00:00,5.539,5.54,5.52,5.52,1190.69
2025-04-13 00:00:00+00:00,5.441,5.441,5.438,5.438,9.37
2025-04-13 04:00:00+00:00,5.39,5.44,5.356,5.44,30.84
2025-04-13 08:00:00+00:00,5.455,5.485,5.441,5.471,37.84
2025-04-13 12:00:00+00:00,5.358,5.366,5.356,5.366,46.64
2025-04-13 16:00:00+00:00,5.383,5.528,5.308,5.308,557.8
2025-04-13 20:00:00+00:00,5.341,5.406,5.272,5.288,71.84
2025-04-14 00:00:00+00:00,5.378,5.525,5.378,5.525,55.38
2025-04-14 04:00:00+00:00,5.485,5.485,5.39,5.435,25.86
2025-04-14 08:00:00+00:00,5.471,5.597,5.471,5.597,45.23
2025-04-14 12:00:00+00:00,5.533,5.533,5.387,5.387,71.33
2025-04-14 16:00:00+00:00,5.358,5.479,5.356,5.435,111.6
2025-04-14 20:00:00+00:00,5.356,5.364,5.356,5.364,21.85
2025-04-15 00:00:00+00:00,5.33,5.371,5.33,5.34,72.55
2025-04-15 04:00:00+00:00,5.34,5.34,5.34,5.34,0.0
2025-04-15 08:00:00+00:00,5.406,5.434,5.388,5.434,86.02
2025-04-15 12:00:00+00:00,5.276,5.276,5.272,5.272,14.45
2025-04-15 16:00:00+00:00,5.242,5.242,5.242,5.242,29.47
2025-04-15 20:00:00+00:00,5.197,5.202,5.196,5.2,14.67
2025-04-16 00:00:00+00:00,5.181,5.217,5.181,5.217,42.32
2025-04-16 04:00:00+00:00,5.209,5.209,5.119,5.119,6.92
2025-04-16 08:00:00+00:00,5.117,5.163,5.117,5.139,8.62
2025-04-16 12:00:00+00:00,5.19,5.236,5.147,5.236,19.72
2025-04-16 16:00:00+00:00,5.136,5.157,5.039,5.157,66.08
2025-04-16 20:00:00+00:00,5.157,5.157,5.157,5.157,0.0
2025-04-17 00:00:00+00:00,5.196,5.196,5.195,5.195,11.78
2025-04-17 04:00:00+00:00,5.234,5.261,5.234,5.261,13.48
2025-04-17 08:00:00+00:00,5.261,5.261,5.261,5.261,0.0
2025-04-17 12:00:00+00:00,5.2,5.2,5.112,5.113,165.82
2025-04-17 16:00:00+00:00,5.234,5.277,5.22,5.272,102.58
2025-04-17 20:00:00+00:00,5.272,5.272,5.272,5.272,0.0
2025-04-18 00:00:00+00:00,5.18,5.18,5.157,5.157,11.87
2025-04-18 04:00:00+00:00,5.181,5.181,5.169,5.169,16.88
2025-04-18 08:00:00+00:00,5.199,5.199,5.198,5.198,1.5
2025-04-18 12:00:00+00:00,5.198,5.198,5.198,5.198,0.0
2025-04-18 16:00:00+00:00,5.198,5.198,5.198,5.198,0.0
2025-04-18 20:00:00+00:00,5.198,5.198,5.198,5.198,0.0
2025-04-19 00:00:00+00:00,5.198,5.198,5.198,5.198,29.47
2025-04-19 04:00:00+00:00,5.198,5.198,5.198,5.198,0.0
2025-04-19 08:00:00+00:00,5.198,5.198,5.198,5.198,0.0
2025-04-19 12:00:00+00:00,5.198,5.198,5.198,5.198,0.0
2025-04-19 16:00:00+00:00,5.28,5.316,5.28,5.316,30.26
2025-04-19 20:00:00+00:00,5.316,5.324,5.316,5.324,234.06
2025-04-20 00:00:00+00:00,5.339,5.339,5.339,5.339,24.64
2025-04-20 04:00:00+00:00,5.316,5.316,5.287,5.287,4.28
2025-04-20 08:00:00+00:00,5.197,5.197,5.182,5.182,10.87
2025-04-20 12:00:00+00:00,5.174,5.222,5.174,5.206,11.11
2025-04-20 16:00:00+00:00,5.276,5.276,5.276,5.276,2.9
2025-04-20 20:00:00+00:00,5.315,5.316,5.254,5.254,18.29
2025-04-21 00:00:00+00:00,5.321,5.405,5.321,5.405,117.28
2025-04-21 04:00:00+00:00,5.426,5.498,5.421,5.498,48.29
2025-04-21 08:00:00+00:00,5.498,5.498,5.498,5.498,0.0
2025-04-21 12:00:00+00:00,5.454,5.454,5.426,5.426,10.36
2025-04-21 16:00:00+00:00,5.358,5.358,5.276,5.276,18.74
2025-04-21 20:00:00+00:00,5.278,5.278,5.278,5.278,1.69
2025-04-22 00:00:00+00:00,5.197,5.339,5.196,5.262,28.46
2025-04-22 04:00:00+00:00,5.317,5.333,5.317,5.33,136.33
2025-04-22 08:00:00+00:00,5.397,5.397,5.369,5.374,36.09
2025-04-22 12:00:00+00:00,5.443,5.673,5.419,5.64,151.83
2025-04-22 16:00:00+00:00,5.624,5.627,5.588,5.604,14.01
2025-04-22 20:00:00+00:00,5.638,5.811,5.638,5.805,287.35
2025-04-23 00:00:00+00:00,5.82,5.972,5.82,5.911,436.94
2025-04-23 04:00:00+00:00,5.959,6.028,5.959,6.028,26.2
2025-04-23 08:00:00+00:00,6.052,6.069,6.052,6.069,3.36
2025-04-23 12:00:00+00:00,6.029,6.055,5.876,5.876,5886.75
2025-04-23 16:00:00+00:00,5.973,6.088,5.927,5.927,1821.35
2025-04-23 20:00:00+00:00,6.09,6.09,6.033,6.033,12.7
2025-04-24 00:00:00+00:00,6.037,6.095,5.876,5.876,155.46
2025-04-24 04:00:00+00:00,5.865,5.865,5.777,5.777,400.75
2025-04-24 08:00:00+00:00,5.752,5.752,5.661,5.738,85.85
2025-04-24 12:00:00+00:00,5.773,5.928,5.772,5.904,48.47
2025-04-24 16:00:00+00:00,5.898,5.898,5.777,5.81,49.16
2025-04-24 20:00:00+00:00,5.801,5.812,5.794,5.812,88.33
2025-04-25 00:00:00+00:00,5.833,5.833,5.725,5.747,403.93
2025-04-25 04:00:00+00:00,5.806,5.883,5.787,5.841,34.4
2025-04-25 08:00:00+00:00,5.907,5.919,5.883,5.884,30.38
2025-04-25 12:00:00+00:00,5.884,5.965,5.768,5.922,1976.95
2025-04-25 16:00:00+00:00,5.896,5.896,5.869,5.876,35.08
2025-04-25 20:00:00+00:00,5.875,5.876,5.847,5.876,142.24
2025-04-26 00:00:00+00:00,5.924,6.011,5.924,6.011,66.04
2025-04-26 04:00:00+00:00,5.924,5.971,5.876,5.92,74.09
2025-04-26 08:00:00+00:00,5.971,6.011,5.777,5.777,275.99
2025-04-26 12:00:00+00:00,5.777,5.777,5.76,5.76,14.52
2025-04-26 16:00:00+00:00,5.76,5.76,5.76,5.76,0.0
2025-04-26 20:00:00+00:00,5.817,5.84,5.807,5.84,10.88
2025-04-27 00:00:00+00:00,5.86,5.986,5.763,5.763,139.13
2025-04-27 04:00:00+00:00,5.746,5.746,5.68,5.68,140.71
2025-04-27 08:00:00+00:00,5.743,5.76,5.721,5.721,18.43
2025-04-27 12:00:00+00:00,5.686,5.686,5.57,5.572,95.31
2025-04-27 16:00:00+00:00,5.525,5.594,5.525,5.594,6.48
2025-04-27 20:00:00+00:00,5.542,5.542,5.521,5.521,3.61
2025-04-28 00:00:00+00:00,5.5,5.5,5.279,5.37,429.17
2025-04-28 04:00:00+00:00,5.475,5.566,5.459,5.566,131.88
2025-04-28 08:00:00+00:00,5.535,5.641,5.535,5.623,32.41
2025-04-28 12:00:00+00:00,5.57,5.57,5.438,5.438,38.4
2025-04-28 16:00:00+00:00,5.386,5.483,5.375,5.475,162.75
2025-04-28 20:00:00+00:00,5.419,5.419,5.395,5.395,863.72
2025-04-29 00:00:00+00:00,5.477,5.496,5.395,5.395,118.96
2025-04-29 04:00:00+00:00,5.362,5.496,5.362,5.496,920.54
2025-04-29 08:00:00+00:00,5.495,5.495,5.443,5.456,186.36
2025-04-29 12:00:00+00:00,5.443,5.443,5.39,5.39,220.47
2025-04-29 16:00:00+00:00,5.37,5.403,5.356,5.36,504.3
2025-04-29 20:00:00+00:00,5.35,5.35,5.233,5.237,2623.03
2025-04-30 00:00:00+00:00,5.293,5.337,5.288,5.311,122.83
2025-04-30 04:00:00+00:00,5.35,5.351,5.286,5.286,503.27
2025-04-30 08:00:00+00:00,5.317,5.364,5.317,5.364,12.35
2025-04-30 12:00:00+00:00,5.253,5.253,5.056,5.2,862.09
2025-04-30 16:00:00+00:00,5.212,5.236,5.206,5.236,74.39
2025-04-30 20:00:00+00:00,5.295,5.343,5.295,5.314,1542.12
2025-05-01 00:00:00+00:00,5.296,5.327,5.292,5.306,41.19
2025-05-01 04:00:00+00:00,5.25,5.253,5.241,5.25,252.08
2025-05-01 08:00:00+00:00,5.293,5.373,5.293,5.34,142.89
2025-05-01 12:00:00+00:00,5.36,5.418,5.315,5.385,442.5
2025-05-01 16:00:00+00:00,5.377,5.428,5.318,5.371,835.84
2025-05-01 20:00:00+00:00,5.308,5.308,5.308,5.308,5.66
2025-05-02 00:00:00+00:00,5.305,5.305,5.305,5.305,10.48
2025-05-02 04:00:00+00:00,5.313,5.313,5.276,5.312,40.52
2025-05-02 08:00:00+00:00,5.253,5.253,5.253,5.253,13.18
2025-05-02 12:00:00+00:00,5.347,5.347,5.251,5.29,62.0
2025-05-02 16:00:00+00:00,5.325,5.325,5.2,5.2,277.21
2025-05-02 20:00:00+00:00,5.225,5.225,5.225,5.225,8.97
2025-05-03 00:00:00+00:00,5.204,5.209,5.176,5.209,162.26
2025-05-03 04:00:00+00:00,5.18,5.18,5.18,5.18,1.93
2025-05-03 08:00:00+00:00,5.178,5.178,5.119,5.119,27.59
2025-05-03 12:00:00+00:00,5.174,5.178,5.174,5.176,147.87
2025-05-03 16:00:00+00:00,5.171,5.171,5.042,5.102,197.84
2025-05-03 20:00:00+00:00,5.155,5.157,5.098,5.098,14.36
2025-05-04 00:00:00+00:00,5.098,5.098,5.098,5.098,0.0
2025-05-04 04:00:00+00:00,5.102,5.102,5.102,5.102,10.04
2025-05-04 08:00:00+00:00,5.042,5.044,5.026,5.037,108.33
2025-05-04 12:00:00+00:00,5.081,5.081,5.047,5.072,32.38
2025-05-04 16:00:00+00:00,5.045,5.045,5.045,5.045,2.98
2025-05-04 20:00:00+00:00,5.013,5.013,4.983,4.983,510.66
2025-05-05 00:00:00+00:00,4.966,4.966,4.966,4.966,3.25
2025-05-05 04:00:00+00:00,5.08,5.08,5.08,5.08,3.18
2025-05-05 08:00:00+00:00,5.104,5.104,5.017,5.017,31.26
2025-05-05 12:00:00+00:00,4.966,5.015,4.943,4.943,124.66
2025-05-05 16:00:00+00:00,4.978,4.978,4.972,4.972,18.6
2025-05-05 20:00:00+00:00,4.99,5.012,4.99,5.001,107.74
2025-05-06 00:00:00+00:00,4.961,4.961,4.878,4.878,57.71
2025-05-06 04:00:00+00:00,4.878,4.878,4.878,4.878,0.0
2025-05-06 08:00:00+00:00,4.879,4.888,4.836,4.836,20.02
2025-05-06 12:00:00+00:00,4.839,4.875,4.839,4.875,33.87
2025-05-06 16:00:00+00:00,4.877,4.882,4.877,4.882,13.51
2025-05-06 20:00:00+00:00,4.818,4.983,4.746,4.977,1670.73
2025-05-07 00:00:00+00:00,4.993,5.018,4.922,4.922,39.89
2025-05-07 04:00:00+00:00,4.933,4.954,4.922,4.954,11.8
2025-05-07 08:00:00+00:00,4.948,4.962,4.881,4.882,68.26
2025-05-07 12:00:00+00:00,4.889,4.889,4.804,4.804,115.23
2025-05-07 16:00:00+00:00,4.757,4.81,4.755,4.769,100.73
2025-05-07 20:00:00+00:00,4.822,4.822,4.822,4.822,6.69
2025-05-08 00:00:00+00:00,4.92,5.159,4.906,5.159,298.6
2025-05-08 04:00:00+00:00,5.207,5.218,5.197,5.204,30.66
2025-05-08 08:00:00+00:00,5.208,5.236,5.202,5.236,38.37
2025-05-08 12:00:00+00:00,5.273,5.678,5.269,5.5,3398.74
2025-05-08 16:00:00+00:00,5.556,5.587,5.499,5.556,385.64
2025-05-08 20:00:00+00:00,5.593,6.14,5.593,6.14,898.16
2025-05-09 00:00:00+00:00,6.107,6.314,6.061,6.173,523.11
2025-05-09 04:00:00+00:00,6.199,6.557,6.177,6.477,685.44
2025-05-09 08:00:00+00:00,6.568,6.668,6.23,6.358,1070.16
2025-05-09 12:00:00+00:00,6.319,6.347,6.173,6.205,490.89
2025-05-09 16:00:00+00:00,6.258,6.373,6.258,6.299,69.66
2025-05-09 20:00:00+00:00,6.327,6.332,6.274,6.302,106.15
2025-05-10 00:00:00+00:00,6.398,6.758,6.398,6.438,1378.46
2025-05-10 04:00:00+00:00,6.373,6.643,6.373,6.603,431.15
2025-05-10 08:00:00+00:00,6.668,6.725,6.536,6.55,476.2
2025-05-10 12:00:00+00:00,6.617,6.77,6.59,6.77,544.25
2025-05-10 16:00:00+00:00,6.789,7.023,6.789,6.874,1642.66
2025-05-10 20:00:00+00:00,6.866,7.57,6.814,7.493,754.94
2025-05-11 00:00:00+00:00,7.529,7.529,7.197,7.304,1083.41
2025-05-11 04:00:00+00:00,7.281,7.303,6.991,6.991,268.24
2025-05-11 08:00:00+00:00,7.083,7.136,7.083,7.126,13.59
2025-05-11 12:00:00+00:00,7.007,7.135,6.8,6.8,324.5
2025-05-11 16:00:00+00:00,6.744,6.897,6.742,6.897,133.96
2025-05-11 20:00:00+00:00,6.977,7.0,6.891,6.891,60.48
2025-05-12 00:00:00+00:00,7.0,7.051,6.859,7.051,65.83
2025-05-12 04:00:00+00:00,7.028,7.368,6.999,7.184,1836.61
2025-05-12 08:00:00+00:00,7.117,7.206,7.03,7.03,58.81
2025-05-12 12:00:00+00:00,7.076,7.185,6.876,6.909,290.78
2025-05-12 16:00:00+00:00,6.915,6.915,6.618,6.819,527.83
2025-05-12 20:00:00+00:00,6.847,6.912,6.847,6.859,44.83
2025-05-13 00:00:00+00:00,6.732,6.732,6.55,6.55,163.14
2025-05-13 04:00:00+00:00,6.68,6.68,6.66,6.66,22.83
2025-05-13 08:00:00+00:00,6.691,6.778,6.691,6.778,60.63
2025-05-13 12:00:00+00:00,6.873,6.873,6.719,6.839,50.25
2025-05-13 16:00:00+00:00,6.873,7.345,6.873,7.213,1247.24
2025-05-13 20:00:00+00:00,7.158,7.158,7.06,7.06,316.52
2025-05-14 00:00:00+00:00,7.08,7.143,6.879,6.879,349.04
2025-05-14 04:00:00+00:00,6.914,6.953,6.789,6.789,117.97
2025-05-14 08:00:00+00:00,6.777,6.795,6.655,6.795,138.61
2025-05-14 12:00:00+00:00,6.755,6.778,6.611,6.611,119.19
2025-05-14 16:00:00+00:00,6.589,6.631,6.546,6.613,215.03
2025-05-14 20:00:00+00:00,6.625,6.625,6.574,6.602,61.01
2025-05-15 00:00:00+00:00,6.663,6.77,6.546,6.611,447.03
2025-05-15 04:00:00+00:00,6.578,6.578,6.328,6.328,135.01
2025-05-15 08:00:00+00:00,6.435,6.468,6.291,6.355,127.46
2025-05-15 12:00:00+00:00,6.404,6.435,6.183,6.404,473.93
2025-05-15 16:00:00+00:00,6.435,6.5,6.198,6.198,84.26
2025-05-15 20:00:00+00:00,6.278,6.278,6.124,6.215,164.21
2025-05-16 00:00:00+00:00,6.247,6.309,6.247,6.309,111.69
2025-05-16 04:00:00+00:00,6.341,6.373,6.341,6.373,20.71
2025-05-16 08:00:00+00:00,6.291,6.435,6.229,6.394,208.33
2025-05-16 12:00:00+00:00,6.353,6.353,6.229,6.23,22.52
2025-05-16 16:00:00+00:00,6.279,6.279,6.215,6.215,84.05
2025-05-16 20:00:00+00:00,6.198,6.198,6.045,6.124,74.08
2025-05-17 00:00:00+00:00,6.046,6.046,5.865,5.928,444.07
2025-05-17 04:00:00+00:00,5.916,5.973,5.897,5.897,14.48
2025-05-17 08:00:00+00:00,5.892,5.906,5.827,5.906,250.3
2025-05-17 12:00:00+00:00,5.81,5.857,5.753,5.857,28.24
2025-05-17 16:00:00+00:00,5.782,5.797,5.703,5.797,25.62
2025-05-17 20:00:00+00:00,5.7,5.741,5.668,5.741,24.99
2025-05-18 00:00:00+00:00,5.752,5.752,5.752,5.752,0.87
2025-05-18 04:00:00+00:00,5.77,5.966,5.77,5.966,96.63
2025-05-18 08:00:00+00:00,5.973,6.033,5.897,5.897,310.48
2025-05-18 12:00:00+00:00,5.892,6.309,5.882,6.309,355.91
2025-05-18 16:00:00+00:00,6.279,6.308,5.839,5.839,246.89
2025-05-18 20:00:00+00:00,5.81,6.154,5.69,6.154,309.7
2025-05-19 00:00:00+00:00,6.076,6.154,5.753,5.753,92.94
2025-05-19 04:00:00+00:00,5.724,5.798,5.668,5.798,66.62
2025-05-19 08:00:00+00:00,5.747,5.747,5.723,5.723,17.08
2025-05-19 12:00:00+00:00,5.696,5.857,5.696,5.822,107.3
2025-05-19 16:00:00+00:00,5.822,6.033,5.822,5.973,340.07
2025-05-19 20:00:00+00:00,5.897,5.897,5.897,5.897,4.16
2025-05-20 00:00:00+00:00,5.915,6.105,5.865,5.986,153.26
2025-05-20 04:00:00+00:00,5.956,6.094,5.954,5.954,38.4
2025-05-20 08:00:00+00:00,5.927,5.927,5.81,5.81,58.6
2025-05-20 12:00:00+00:00,5.782,5.782,5.751,5.751,81.31
2025-05-20 16:00:00+00:00,5.827,5.885,5.724,5.885,148.48
2025-05-20 20:00:00+00:00,5.909,6.103,5.897,5.986,147.86
2025-05-21 00:00:00+00:00,6.035,6.521,5.956,6.374,892.2
2025-05-21 04:00:00+00:00,6.353,6.48,6.279,6.291,104.03
2025-05-21 08:00:00+00:00,6.279,6.279,6.167,6.278,42.55
2025-05-21 12:00:00+00:00,6.198,6.352,6.16,6.308,215.85
2025-05-21 16:00:00+00:00,6.341,6.435,6.016,6.154,613.28
2025-05-21 20:00:00+00:00,6.16,6.309,6.106,6.217,94.32
2025-05-22 00:00:00+00:00,6.302,6.47,6.279,6.439,567.44
2025-05-22 04:00:00+00:00,6.42,6.439,6.281,6.372,500.41
2025-05-22 08:00:00+00:00,6.389,6.568,6.389,6.439,111.44
2025-05-22 12:00:00+00:00,6.389,6.54,6.338,6.49,874.75
2025-05-22 16:00:00+00:00,6.48,6.48,6.385,6.385,49.74
2025-05-22 20:00:00+00:00,6.399,6.439,6.322,6.439,88.88
2025-05-23 00:00:00+00:00,6.439,6.792,6.385,6.742,2210.82
2025-05-23 04:00:00+00:00,6.692,6.692,6.417,6.439,965.65
2025-05-23 08:00:00+00:00,6.49,6.597,6.136,6.136,385.68
2025-05-23 12:00:00+00:00,6.106,6.247,5.985,6.136,603.53
2025-05-23 16:00:00+00:00,6.106,6.23,6.086,6.205,229.79
2025-05-23 20:00:00+00:00,6.136,6.144,5.954,5.954,163.6
2025-05-24 00:00:00+00:00,5.971,6.094,5.971,6.094,179.69
2025-05-24 04:00:00+00:00,6.124,6.154,6.086,6.154,10.26
2025-05-24 08:00:00+00:00,6.086,6.236,6.086,6.236,30.04
2025-05-24 12:00:00+00:00,6.237,6.247,6.167,6.167,11.05
2025-05-24 16:00:00+00:00,6.237,6.306,6.187,6.187,79.86
2025-05-24 20:00:00+00:00,6.167,6.167,6.106,6.106,15.75
2025-05-25 00:00:00+00:00,6.086,6.094,5.985,6.094,478.0
2025-05-25 04:00:00+00:00,6.057,6.057,5.985,5.985,36.78
2025-05-25 08:00:00+00:00,5.956,5.985,5.899,5.985,452.94
2025-05-25 12:00:00+00:00,6.004,6.063,5.934,5.985,23.41
2025-05-25 16:00:00+00:00,6.033,6.086,6.033,6.073,10.85
2025-05-25 20:00:00+00:00,6.035,6.154,6.035,6.154,30.15
2025-05-26 00:00:00+00:00,6.167,6.215,6.146,6.174,74.08
2025-05-26 04:00:00+00:00,6.237,6.591,6.237,6.502,487.92
2025-05-26 08:00:00+00:00,6.586,6.641,6.54,6.591,136.08
2025-05-26 12:00:00+00:00,6.594,6.641,6.41,6.51,180.2
2025-05-26 16:00:00+00:00,6.532,6.54,6.385,6.411,90.95
2025-05-26 20:00:00+00:00,6.396,6.518,6.396,6.49,60.33
2025-05-27 00:00:00+00:00,6.439,6.49,6.288,6.439,257.13
2025-05-27 04:00:00+00:00,6.49,6.741,6.49,6.641,428.35
2025-05-27 08:00:00+00:00,6.663,6.749,6.628,6.661,186.4
2025-05-27 12:00:00+00:00,6.692,6.77,6.481,6.494,220.14
2025-05-27 16:00:00+00:00,6.495,6.641,6.495,6.516,81.13
2025-05-27 20:00:00+00:00,6.513,6.513,6.316,6.316,166.56
2025-05-28 00:00:00+00:00,6.298,6.389,6.26,6.387,2339.27
2025-05-28 04:00:00+00:00,6.404,6.828,6.404,6.71,492.46
2025-05-28 08:00:00+00:00,6.724,6.971,6.724,6.862,320.11
2025-05-28 12:00:00+00:00,6.889,6.89,6.641,6.742,173.54
2025-05-28 16:00:00+00:00,6.692,6.749,6.61,6.61,880.74
2025-05-28 20:00:00+00:00,6.63,6.862,6.611,6.862,86.78
2025-05-29 00:00:00+00:00,6.864,7.66,6.864,7.5,3340.65
2025-05-29 04:00:00+00:00,7.506,7.506,7.109,7.133,1473.54
2025-05-29 08:00:00+00:00,7.197,7.21,7.087,7.13,11.14
2025-05-29 12:00:00+00:00,7.096,7.096,6.773,6.777,967.27
2025-05-29 16:00:00+00:00,6.743,6.797,6.67,6.68,195.3
2025-05-29 20:00:00+00:00,6.683,6.683,6.54,6.54,118.85
2025-05-30 00:00:00+00:00,6.591,6.663,6.322,6.49,271.58
2025-05-30 04:00:00+00:00,6.481,6.663,6.449,6.565,173.52
2025-05-30 08:00:00+00:00,6.549,6.631,6.481,6.631,89.83
2025-05-30 12:00:00+00:00,6.546,6.631,6.481,6.565,31.85
2025-05-30 16:00:00+00:00,6.481,6.521,6.255,6.5,127.78
2025-05-30 20:00:00+00:00,6.496,6.496,6.133,6.133,95.08
2025-05-31 00:00:00+00:00,6.215,6.215,5.927,5.927,133.62
2025-05-31 04:00:00+00:00,5.927,6.063,5.897,6.063,100.93
2025-05-31 08:00:00+00:00,6.009,6.009,5.986,5.986,7.11
2025-05-31 12:00:00+00:00,6.063,6.124,6.016,6.124,48.66
2025-05-31 16:00:00+00:00,6.101,6.168,6.101,6.151,143.19
2025-05-31 20:00:00+00:00,6.076,6.076,6.048,6.048,7.33
2025-06-01 00:00:00+00:00,6.046,6.077,5.881,5.965,212.68
2025-06-01 04:00:00+00:00,6.004,6.28,6.004,6.198,196.13
2025-06-01 08:00:00+00:00,6.167,6.215,6.106,6.215,25.13
2025-06-01 12:00:00+00:00,6.171,6.215,6.136,6.215,9.59
2025-06-01 16:00:00+00:00,6.247,6.278,6.136,6.202,49.39
2025-06-01 20:00:00+00:00,6.215,6.373,6.215,6.373,55.85
2025-06-02 00:00:00+00:00,6.291,6.291,6.076,6.076,64.8
2025-06-02 04:00:00+00:00,6.054,6.154,6.045,6.154,25.81
2025-06-02 08:00:00+00:00,6.184,6.185,6.076,6.154,20.34
2025-06-02 12:00:00+00:00,6.185,6.309,6.185,6.306,33.78
2025-06-02 16:00:00+00:00,6.272,6.341,6.251,6.251,56.19
2025-06-02 20:00:00+00:00,6.341,6.457,6.341,6.457,32.02
2025-06-03 00:00:00+00:00,6.462,6.553,6.353,6.353,74.14
2025-06-03 04:00:00+00:00,6.325,6.389,6.291,6.389,22.06
2025-06-03 08:00:00+00:00,6.404,6.472,6.351,6.472,42.9
2025-06-03 12:00:00+00:00,6.5,7.088,6.5,6.74,823.66
2025-06-03 16:00:00+00:00,6.737,6.737,6.632,6.73,88.49
2025-06-03 20:00:00+00:00,6.667,6.725,6.591,6.641,63.44
2025-06-04 00:00:00+00:00,6.591,6.696,6.578,6.696,14.39
2025-06-04 04:00:00+00:00,6.73,6.742,6.692,6.692,2.13
2025-06-04 08:00:00+00:00,6.742,6.83,6.742,6.83,16.64
2025-06-04 12:00:00+00:00,6.743,6.743,6.291,6.5,481.87
2025-06-04 16:00:00+00:00,6.417,6.417,6.331,6.401,118.74
2025-06-04 20:00:00+00:00,6.338,6.338,6.271,6.271,19.49
2025-06-05 00:00:00+00:00,6.271,6.271,6.271,6.271,0.0
2025-06-05 04:00:00+00:00,6.372,6.372,6.26,6.26,19.73
2025-06-05 08:00:00+00:00,6.283,6.283,6.229,6.229,8.15
2025-06-05 12:00:00+00:00,6.309,6.435,6.26,6.341,112.99
2025-06-05 16:00:00+00:00,6.338,6.338,6.076,6.111,94.22
2025-06-05 20:00:00+00:00,6.046,6.046,5.81,5.914,291.77
2025-06-06 00:00:00+00:00,5.839,6.033,5.839,6.033,33.13
2025-06-06 04:00:00+00:00,6.024,6.024,6.024,6.024,4.97
2025-06-06 08:00:00+00:00,6.017,6.063,6.01,6.01,34.13
2025-06-06 12:00:00+00:00,6.089,6.124,6.08,6.08,44.46
2025-06-06 16:00:00+00:00,6.1,6.115,6.046,6.07,112.29
2025-06-06 20:00:00+00:00,6.016,6.016,5.986,5.986,8.18
2025-06-07 00:00:00+00:00,5.97,6.195,5.97,6.148,55.29
2025-06-07 04:00:00+00:00,6.106,6.106,6.106,6.106,4.02
2025-06-07 08:00:00+00:00,6.099,6.099,6.099,6.099,0.91
2025-06-07 12:00:00+00:00,6.185,6.389,6.175,6.275,105.35
2025-06-07 16:00:00+00:00,6.275,6.341,6.253,6.341,36.41
2025-06-07 20:00:00+00:00,6.372,6.404,6.294,6.404,31.17
2025-06-08 00:00:00+00:00,6.322,6.324,6.293,6.324,52.8
2025-06-08 04:00:00+00:00,6.291,6.291,6.237,6.28,13.78
2025-06-08 08:00:00+00:00,6.243,6.32,6.229,6.32,129.68
2025-06-08 12:00:00+00:00,6.341,6.404,6.317,6.384,48.04
2025-06-08 16:00:00+00:00,6.404,6.435,6.37,6.37,18.34
2025-06-08 20:00:00+00:00,6.353,6.378,6.32,6.32,15.64
2025-06-09 00:00:00+00:00,6.307,6.307,6.256,6.256,89.26
2025-06-09 04:00:00+00:00,6.237,6.237,6.224,6.224,11.72
2025-06-09 08:00:00+00:00,6.253,6.568,6.253,6.536,346.21
2025-06-09 12:00:00+00:00,6.493,6.54,6.445,6.495,456.51
2025-06-09 16:00:00+00:00,6.565,6.626,6.565,6.621,127.47
2025-06-09 20:00:00+00:00,6.621,6.854,6.621,6.854,293.89
2025-06-10 00:00:00+00:00,6.854,7.202,6.85,7.096,2884.42
2025-06-10 04:00:00+00:00,7.108,7.179,7.045,7.146,31.92
2025-06-10 08:00:00+00:00,7.175,8.124,7.146,8.047,856.17
2025-06-10 12:00:00+00:00,7.944,8.299,7.944,8.232,730.01
2025-06-10 16:00:00+00:00,8.237,8.387,8.148,8.225,926.95
2025-06-10 20:00:00+00:00,8.294,8.642,8.257,8.642,1198.18
2025-06-11 00:00:00+00:00,8.584,8.615,8.225,8.286,907.99
2025-06-11 04:00:00+00:00,8.268,8.473,8.268,8.394,95.21
2025-06-11 08:00:00+00:00,8.35,8.35,8.164,8.164,71.41
2025-06-11 12:00:00+00:00,8.154,8.43,8.148,8.391,260.78
2025-06-11 16:00:00+00:00,8.273,8.273,8.005,8.005,2267.81
2025-06-11 20:00:00+00:00,7.997,8.152,7.968,8.152,321.4
2025-06-12 00:00:00+00:00,8.153,8.232,8.084,8.105,2361.08
2025-06-12 04:00:00+00:00,8.063,8.149,7.93,7.93,97.3
2025-06-12 08:00:00+00:00,7.943,7.943,7.808,7.808,56.27
2025-06-12 12:00:00+00:00,7.79,8.03,7.755,7.755,109.96
2025-06-12 16:00:00+00:00,7.855,7.97,7.741,7.741,516.96
2025-06-12 20:00:00+00:00,7.711,7.711,7.522,7.522,117.74
2025-06-13 00:00:00+00:00,7.484,7.484,6.811,7.143,1881.07
2025-06-13 04:00:00+00:00,7.052,7.469,7.037,7.412,743.42
2025-06-13 08:00:00+00:00,7.4,7.497,7.229,7.322,55.56
2025-06-13 12:00:00+00:00,7.359,7.556,7.229,7.556,85.02
2025-06-13 16:00:00+00:00,7.579,7.66,7.374,7.507,1119.07
2025-06-13 20:00:00+00:00,7.41,7.754,7.41,7.754,1278.45
2025-06-14 00:00:00+00:00,7.635,7.635,7.484,7.484,87.99
2025-06-14 04:00:00+00:00,7.504,7.504,7.319,7.32,73.44
2025-06-14 08:00:00+00:00,7.301,7.301,7.265,7.265,47.8
2025-06-14 12:00:00+00:00,7.259,7.359,7.175,7.175,237.85
2025-06-14 16:00:00+00:00,7.157,7.252,7.117,7.227,33.15
2025-06-14 20:00:00+00:00,7.206,7.322,7.182,7.322,112.93
2025-06-15 00:00:00+00:00,7.359,7.439,7.337,7.337,54.43
2025-06-15 04:00:00+00:00,7.301,7.301,7.229,7.229,13.38
2025-06-15 08:00:00+00:00,7.196,7.196,7.137,7.152,27.4
2025-06-15 12:00:00+00:00,7.203,7.25,7.136,7.136,21.39
2025-06-15 16:00:00+00:00,7.122,7.146,7.041,7.041,61.8
2025-06-15 20:00:00+00:00,7.04,7.179,6.982,7.174,81.01
2025-06-16 00:00:00+00:00,7.116,7.432,7.052,7.337,188.23
2025-06-16 04:00:00+00:00,7.32,7.695,7.32,7.597,146.63
2025-06-16 08:00:00+00:00,7.606,7.754,7.559,7.754,119.67
2025-06-16 12:00:00+00:00,7.754,7.967,7.754,7.807,394.23
2025-06-16 16:00:00+00:00,7.83,7.903,7.738,7.903,146.02
2025-06-16 20:00:00+00:00,7.816,7.852,7.44,7.44,373.85
2025-06-17 00:00:00+00:00,7.42,7.842,7.352,7.801,675.83
2025-06-17 04:00:00+00:00,7.848,7.855,7.64,7.64,152.88
2025-06-17 08:00:00+00:00,7.652,7.652,7.578,7.587,28.72
2025-06-17 12:00:00+00:00,7.559,7.559,7.301,7.395,534.75
2025-06-17 16:00:00+00:00,7.405,7.506,7.337,7.506,134.3
2025-06-17 20:00:00+00:00,7.41,7.432,7.301,7.432,218.19
2025-06-18 00:00:00+00:00,7.456,7.544,7.355,7.531,732.94
2025-06-18 04:00:00+00:00,7.543,7.782,7.401,7.454,411.33
2025-06-18 08:00:00+00:00,7.462,7.462,7.157,7.322,146.83
2025-06-18 12:00:00+00:00,7.229,7.556,7.193,7.542,89.24
2025-06-18 16:00:00+00:00,7.449,7.506,7.337,7.337,87.65
2025-06-18 20:00:00+00:00,7.426,7.656,7.426,7.572,265.88
2025-06-19 00:00:00+00:00,7.522,7.695,7.521,7.673,158.1
2025-06-19 04:00:00+00:00,7.693,7.778,7.635,7.778,117.09
2025-06-19 08:00:00+00:00,7.786,7.933,7.673,7.673,366.3
2025-06-19 12:00:00+00:00,7.768,7.768,7.484,7.506,136.92
2025-06-19 16:00:00+00:00,7.581,7.619,7.493,7.619,48.17
2025-06-19 20:00:00+00:00,7.551,7.754,7.548,7.691,83.81
2025-06-20 00:00:00+00:00,7.772,7.9,7.521,7.521,256.18
2025-06-20 04:00:00+00:00,7.507,7.833,7.467,7.833,140.83
2025-06-20 08:00:00+00:00,7.849,7.967,7.695,7.695,223.03
2025-06-20 12:00:00+00:00,7.764,7.764,7.521,7.521,105.11
2025-06-20 16:00:00+00:00,7.484,7.484,6.961,7.017,513.45
2025-06-20 20:00:00+00:00,7.108,7.179,7.017,7.108,37.58
2025-06-21 00:00:00+00:00,7.029,7.029,7.029,7.029,26.12
2025-06-21 04:00:00+00:00,7.043,7.043,6.947,6.947,186.61
2025-06-21 08:00:00+00:00,6.94,7.037,6.896,6.905,435.87
2025-06-21 12:00:00+00:00,6.913,6.913,6.743,6.83,1814.32
2025-06-21 16:00:00+00:00,6.824,6.894,6.815,6.817,345.27
2025-06-21 20:00:00+00:00,6.892,6.933,6.235,6.435,1117.37
2025-06-22 00:00:00+00:00,6.468,6.597,6.353,6.435,1618.33
2025-06-22 04:00:00+00:00,6.468,6.532,6.413,6.413,81.36
2025-06-22 08:00:00+00:00,6.449,6.449,6.353,6.435,232.66
2025-06-22 12:00:00+00:00,6.353,6.353,6.167,6.19,280.16
2025-06-22 16:00:00+00:00,6.204,6.26,6.045,6.045,108.65
2025-06-22 20:00:00+00:00,6.042,6.26,5.927,6.26,411.06
2025-06-23 00:00:00+00:00,6.277,6.341,6.262,6.274,65.9
2025-06-23 04:00:00+00:00,6.26,6.355,6.26,6.355,13.07
2025-06-23 08:00:00+00:00,6.26,6.26,6.229,6.229,13.84
2025-06-23 12:00:00+00:00,6.198,6.373,6.167,6.167,99.17
2025-06-23 16:00:00+00:00,6.137,6.696,6.047,6.589,652.98
2025-06-23 20:00:00+00:00,6.64,6.899,6.64,6.822,316.01
2025-06-24 00:00:00+00:00,6.797,6.845,6.743,6.77,791.27
2025-06-24 04:00:00+00:00,6.839,7.083,6.839,6.879,2107.7
2025-06-24 08:00:00+00:00,6.85,6.98,6.811,6.91,43.1
2025-06-24 12:00:00+00:00,6.879,6.98,6.879,6.91,10.02
2025-06-24 16:00:00+00:00,6.95,7.154,6.95,6.98,1255.68
2025-06-24 20:00:00+00:00,7.05,7.083,7.05,7.059,99.23
2025-06-25 00:00:00+00:00,7.108,7.34,7.108,7.19,1225.53
2025-06-25 04:00:00+00:00,7.157,7.25,7.122,7.25,20.53
2025-06-25 08:00:00+00:00,7.157,7.198,7.087,7.087,19.79
2025-06-25 12:00:00+00:00,7.052,7.12,6.879,6.879,98.21
2025-06-25 16:00:00+00:00,6.886,7.015,6.886,7.015,37.87
2025-06-25 20:00:00+00:00,7.037,7.052,6.947,6.947,17.85
2025-06-26 00:00:00+00:00,6.942,7.321,6.942,7.19,122.7
2025-06-26 04:00:00+00:00,7.157,7.27,7.144,7.19,43.04
2025-06-26 08:00:00+00:00,7.157,7.157,6.934,6.934,108.67
2025-06-26 12:00:00+00:00,6.936,6.936,6.769,6.811,555.16
2025-06-26 16:00:00+00:00,6.78,6.865,6.777,6.865,9.2
2025-06-26 20:00:00+00:00,6.899,6.968,6.785,6.785,54.76
2025-06-27 00:00:00+00:00,6.78,6.933,6.743,6.933,35.67
2025-06-27 04:00:00+00:00,6.968,6.983,6.879,6.879,38.81
2025-06-27 08:00:00+00:00,6.968,6.968,6.851,6.851,23.22
2025-06-27 12:00:00+00:00,6.85,6.933,6.792,6.933,70.45
2025-06-27 16:00:00+00:00,6.968,6.98,6.811,6.899,101.92
2025-06-27 20:00:00+00:00,6.91,6.959,6.896,6.959,14.91
2025-06-28 00:00:00+00:00,6.899,6.899,6.845,6.845,4.93
2025-06-28 04:00:00+00:00,6.851,6.965,6.851,6.951,36.22
2025-06-28 08:00:00+00:00,6.968,7.072,6.937,7.005,155.6
2025-06-28 12:00:00+00:00,7.084,7.084,7.084,7.084,2.12
2025-06-28 16:00:00+00:00,7.084,7.176,7.058,7.176,23.07
2025-06-28 20:00:00+00:00,7.148,7.164,7.106,7.164,38.28
2025-06-29 00:00:00+00:00,7.113,7.113,6.984,7.014,159.8
2025-06-29 04:00:00+00:00,6.983,7.056,6.97,7.056,54.46
2025-06-29 08:00:00+00:00,7.067,7.301,7.045,7.195,202.59
2025-06-29 12:00:00+00:00,7.193,7.193,7.137,7.137,17.06
2025-06-29 16:00:00+00:00,7.137,7.137,7.137,7.137,0.0
2025-06-29 20:00:00+00:00,7.25,7.505,7.25,7.503,336.1
2025-06-30 00:00:00+00:00,7.374,7.388,7.301,7.301,156.55
2025-06-30 04:00:00+00:00,7.265,7.265,7.229,7.25,583.17
2025-06-30 08:00:00+00:00,7.197,7.197,7.139,7.139,32.35
2025-06-30 12:00:00+00:00,7.137,7.246,7.057,7.246,73.78
2025-06-30 16:00:00+00:00,7.176,7.252,7.176,7.252,213.22
2025-06-30 20:00:00+00:00,7.252,7.252,7.126,7.147,673.55
2025-07-01 00:00:00+00:00,7.126,7.126,7.076,7.076,57.68
2025-07-01 04:00:00+00:00,7.101,7.108,6.973,7.108,216.83
2025-07-01 08:00:00+00:00,7.017,7.039,6.982,6.982,53.68
2025-07-01 12:00:00+00:00,6.948,7.037,6.907,6.907,51.04
2025-07-01 16:00:00+00:00,6.925,6.925,6.874,6.874,52.91
2025-07-01 20:00:00+00:00,6.85,6.91,6.611,6.611,565.53
2025-07-02 00:00:00+00:00,6.58,6.58,6.51,6.56,1288.06
2025-07-02 04:00:00+00:00,6.597,7.035,6.597,7.034,1554.27
2025-07-02 08:00:00+00:00,7.035,7.199,7.009,7.07,330.77
2025-07-02 12:00:00+00:00,7.052,7.322,7.012,7.272,160.09
2025-07-02 16:00:00+00:00,7.34,7.469,7.33,7.432,443.97
2025-07-02 20:00:00+00:00,7.469,7.56,7.355,7.4,1233.76
2025-07-03 00:00:00+00:00,7.34,7.384,7.289,7.321,142.2
2025-07-03 04:00:00+00:00,7.349,7.71,7.349,7.71,526.82
2025-07-03 08:00:00+00:00,7.727,7.757,7.607,7.71,172.46
2025-07-03 12:00:00+00:00,7.767,7.849,7.59,7.639,190.88
2025-07-03 16:00:00+00:00,7.657,7.657,7.631,7.631,7.15
2025-07-03 20:00:00+00:00,7.58,7.58,7.467,7.467,651.5
2025-07-04 00:00:00+00:00,7.546,7.619,7.446,7.446,119.75
2025-07-04 04:00:00+00:00,7.411,7.411,7.301,7.301,57.37
2025-07-04 08:00:00+00:00,7.281,7.415,7.281,7.415,8.58
2025-07-04 12:00:00+00:00,7.301,7.301,6.879,6.913,237.07
2025-07-04 16:00:00+00:00,6.879,6.899,6.811,6.899,84.67
2025-07-04 20:00:00+00:00,6.865,6.968,6.865,6.968,62.05
2025-07-05 00:00:00+00:00,6.975,6.977,6.811,6.933,22.07
2025-07-05 04:00:00+00:00,6.967,7.002,6.967,7.002,10.44
2025-07-05 08:00:00+00:00,6.927,6.927,6.927,6.927,1.08
2025-07-05 12:00:00+00:00,6.951,6.951,6.913,6.913,3.69
2025-07-05 16:00:00+00:00,6.913,6.913,6.879,6.879,9.41
2025-07-05 20:00:00+00:00,6.968,7.407,6.968,7.37,1474.39
2025-07-06 00:00:00+00:00,7.394,7.411,7.229,7.229,1046.06
2025-07-06 04:00:00+00:00,7.267,7.322,7.267,7.322,4.96
2025-07-06 08:00:00+00:00,7.267,7.267,7.267,7.267,1.73
2025-07-06 12:00:00+00:00,7.359,7.542,7.359,7.378,465.61
2025-07-06 16:00:00+00:00,7.375,7.375,7.336,7.344,23.05
2025-07-06 20:00:00+00:00,7.432,7.567,7.41,7.41,153.01
2025-07-07 00:00:00+00:00,7.39,7.506,7.355,7.488,696.77
2025-07-07 04:00:00+00:00,7.41,7.41,7.345,7.345,52.21
2025-07-07 08:00:00+00:00,7.361,7.361,7.361,7.361,0.82
2025-07-07 12:00:00+00:00,7.337,7.395,7.299,7.299,41.49
2025-07-07 16:00:00+00:00,7.341,7.341,7.265,7.272,515.77
2025-07-07 20:00:00+00:00,7.265,7.359,7.234,7.359,228.8
2025-07-08 00:00:00+00:00,7.394,7.432,7.337,7.337,33.72
2025-07-08 04:00:00+00:00,7.432,7.469,7.432,7.469,11.46
2025-07-08 08:00:00+00:00,7.49,7.619,7.435,7.619,220.03
2025-07-08 12:00:00+00:00,7.638,7.688,7.522,7.522,82.71
2025-07-08 16:00:00+00:00,7.619,7.808,7.619,7.673,257.02
2025-07-08 20:00:00+00:00,7.64,7.64,7.633,7.633,16.77
2025-07-09 00:00:00+00:00,7.597,7.603,7.559,7.559,236.07
2025-07-09 04:00:00+00:00,7.657,7.734,7.657,7.682,113.63
2025-07-09 08:00:00+00:00,7.754,7.967,7.733,7.967,375.87
2025-07-09 12:00:00+00:00,7.976,8.282,7.976,8.12,312.05
2025-07-09 16:00:00+00:00,8.133,8.441,8.133,8.403,196.19
2025-07-09 20:00:00+00:00,8.347,8.474,8.308,8.308,80.56
2025-07-10 00:00:00+00:00,8.286,8.286,8.174,8.174,63.29
2025-07-10 04:00:00+00:00,8.164,8.416,8.164,8.35,289.31
2025-07-10 08:00:00+00:00,8.324,8.347,8.245,8.245,187.7
2025-07-10 12:00:00+00:00,8.261,8.331,8.015,8.073,484.71
2025-07-10 16:00:00+00:00,8.08,8.29,8.08,8.25,482.88
2025-07-10 20:00:00+00:00,8.223,8.616,8.223,8.434,603.45
2025-07-11 00:00:00+00:00,8.45,8.455,8.319,8.435,1414.08
2025-07-11 04:00:00+00:00,8.353,8.999,8.353,8.648,1414.06
2025-07-11 08:00:00+00:00,8.76,9.021,8.76,8.909,1695.34
2025-07-11 12:00:00+00:00,8.983,9.062,8.704,8.704,171.15
2025-07-11 16:00:00+00:00,8.813,8.849,8.756,8.849,233.53
2025-07-11 20:00:00+00:00,8.736,8.736,8.556,8.716,82.58
2025-07-12 00:00:00+00:00,8.728,8.849,8.713,8.849,217.29
2025-07-12 04:00:00+00:00,8.803,8.813,8.491,8.537,719.41
2025-07-12 08:00:00+00:00,8.625,8.625,8.398,8.543,172.73
2025-07-12 12:00:00+00:00,8.434,8.434,8.184,8.184,252.33
2025-07-12 16:00:00+00:00,8.29,8.403,8.29,8.403,19.66
2025-07-12 20:00:00+00:00,8.319,8.404,8.302,8.404,73.12
2025-07-13 00:00:00+00:00,8.404,8.501,8.404,8.45,215.4
2025-07-13 04:00:00+00:00,8.4,8.529,8.4,8.529,76.57
2025-07-13 08:00:00+00:00,8.392,8.417,8.392,8.416,60.98
2025-07-13 12:00:00+00:00,8.43,8.73,8.43,8.562,127.46
2025-07-13 16:00:00+00:00,8.673,8.673,8.558,8.596,102.63
2025-07-13 20:00:00+00:00,8.595,8.622,8.424,8.449,502.01
2025-07-14 00:00:00+00:00,8.521,8.889,8.521,8.889,258.75
2025-07-14 04:00:00+00:00,8.806,9.424,8.806,9.352,1011.91
2025-07-14 08:00:00+00:00,9.398,9.59,9.255,9.416,402.53
2025-07-14 12:00:00+00:00,9.4,9.639,9.203,9.203,1289.05
2025-07-14 16:00:00+00:00,9.219,9.219,9.065,9.15,1308.55
2025-07-14 20:00:00+00:00,9.078,9.183,9.006,9.18,342.08
2025-07-15 00:00:00+00:00,9.161,9.162,8.692,8.692,456.53
2025-07-15 04:00:00+00:00,8.849,9.074,8.838,9.074,3481.75
2025-07-15 08:00:00+00:00,9.085,9.085,8.958,8.958,66.69
2025-07-15 12:00:00+00:00,9.074,9.292,8.958,9.12,112.89
2025-07-15 16:00:00+00:00,9.165,9.291,8.958,8.958,83.84
2025-07-15 20:00:00+00:00,8.955,9.398,8.948,9.354,233.37
2025-07-16 00:00:00+00:00,9.406,9.493,9.134,9.225,234.53
2025-07-16 04:00:00+00:00,9.134,9.305,9.134,9.305,325.4
2025-07-16 08:00:00+00:00,9.186,9.186,9.048,9.088,52.96
2025-07-16 12:00:00+00:00,9.165,9.305,9.0,9.0,81.63
2025-07-16 16:00:00+00:00,8.971,9.258,8.78,9.21,366.64
2025-07-16 20:00:00+00:00,9.142,9.331,8.903,8.903,891.29
2025-07-17 00:00:00+00:00,9.019,9.087,8.692,8.692,379.89
2025-07-17 04:00:00+00:00,8.718,9.019,8.693,9.019,164.89
2025-07-17 08:00:00+00:00,9.028,9.161,8.958,8.962,163.59
2025-07-17 12:00:00+00:00,8.948,8.977,8.737,8.824,186.74
2025-07-17 16:00:00+00:00,8.829,8.949,8.7,8.824,111.39
2025-07-17 20:00:00+00:00,8.793,9.087,8.648,8.924,1388.09
2025-07-18 00:00:00+00:00,8.913,10.099,8.868,10.032,3129.66
2025-07-18 04:00:00+00:00,10.064,10.848,10.064,10.492,2750.47
2025-07-18 08:00:00+00:00,10.654,10.966,10.54,10.598,674.24
2025-07-18 12:00:00+00:00,10.658,10.763,10.107,10.343,295.29
2025-07-18 16:00:00+00:00,10.212,10.339,10.065,10.065,64.27
2025-07-18 20:00:00+00:00,10.154,10.296,9.954,10.067,1575.31
2025-07-19 00:00:00+00:00,10.138,10.187,9.78,10.187,155.8
2025-07-19 04:00:00+00:00,10.236,10.343,10.236,10.336,26.35
2025-07-19 08:00:00+00:00,10.207,10.207,10.065,10.065,365.6
2025-07-19 12:00:00+00:00,10.031,10.14,9.983,9.983,42.65
2025-07-19 16:00:00+00:00,10.134,10.134,9.993,10.134,204.04
2025-07-19 20:00:00+00:00,10.187,10.187,10.004,10.094,32.31
2025-07-20 00:00:00+00:00,10.154,10.584,10.106,10.47,1627.66
2025-07-20 04:00:00+00:00,10.414,10.607,10.362,10.607,99.27
2025-07-20 08:00:00+00:00,10.529,10.713,10.468,10.641,111.6
2025-07-20 12:00:00+00:00,10.6,10.783,10.5,10.783,416.6
2025-07-20 16:00:00+00:00,10.807,10.877,10.572,10.709,376.16
2025-07-20 20:00:00+00:00,10.572,10.795,10.384,10.672,859.14
2025-07-21 00:00:00+00:00,10.672,10.672,10.343,10.54,1318.12
2025-07-21 04:00:00+00:00,10.552,10.709,10.382,10.545,93.07
2025-07-21 08:00:00+00:00,10.621,10.629,10.369,10.629,353.31
2025-07-21 12:00:00+00:00,10.466,11.667,10.466,11.114,2104.91
2025-07-21 16:00:00+00:00,11.092,11.092,10.676,10.791,679.88
2025-07-21 20:00:00+00:00,10.815,10.965,10.815,10.965,23.9
2025-07-22 00:00:00+00:00,10.966,11.035,10.466,10.602,187.34
2025-07-22 04:00:00+00:00,10.466,10.496,10.31,10.362,89.52
2025-07-22 08:00:00+00:00,10.31,10.549,10.13,10.431,267.68
2025-07-22 12:00:00+00:00,10.414,10.578,10.216,10.573,53.24
2025-07-22 16:00:00+00:00,10.587,10.677,10.466,10.466,824.93
2025-07-22 20:00:00+00:00,10.602,10.793,10.576,10.687,143.84
2025-07-23 00:00:00+00:00,10.794,10.829,10.654,10.654,85.45
2025-07-23 04:00:00+00:00,10.671,10.709,10.503,10.503,50.86
2025-07-23 08:00:00+00:00,10.53,10.53,10.269,10.323,74.87
2025-07-23 12:00:00+00:00,10.258,10.258,9.805,10.144,467.91
2025-07-23 16:00:00+00:00,10.004,10.134,9.854,10.134,43.38
2025-07-23 20:00:00+00:00,10.004,10.276,9.707,10.213,332.89
2025-07-24 00:00:00+00:00,10.247,10.431,10.177,10.408,57.73
2025-07-24 04:00:00+00:00,10.258,10.288,9.658,9.982,349.75
2025-07-24 08:00:00+00:00,9.993,10.265,9.905,10.265,131.51
2025-07-24 12:00:00+00:00,10.205,10.498,9.984,10.373,266.86
2025-07-24 16:00:00+00:00,10.31,10.5,10.047,10.5,74.86
2025-07-24 20:00:00+00:00,10.362,10.362,10.11,10.11,243.19
2025-07-25 00:00:00+00:00,10.105,10.105,9.756,9.882,351.91
2025-07-25 04:00:00+00:00,9.756,10.083,9.754,9.983,126.84
2025-07-25 08:00:00+00:00,10.032,10.607,10.032,10.607,511.0
2025-07-25 12:00:00+00:00,10.466,10.466,10.004,10.004,59.03
2025-07-25 16:00:00+00:00,10.134,10.177,10.03,10.177,49.56
2025-07-25 20:00:00+00:00,10.187,10.391,10.187,10.391,19.7
2025-07-26 00:00:00+00:00,10.396,10.549,10.396,10.549,20.97
2025-07-26 04:00:00+00:00,10.523,10.523,10.414,10.453,10.93
2025-07-26 08:00:00+00:00,10.45,10.549,10.45,10.524,4.74
2025-07-26 12:00:00+00:00,10.483,10.484,10.343,10.35,134.13
2025-07-26 16:00:00+00:00,10.471,10.549,10.378,10.549,115.54
2025-07-26 20:00:00+00:00,10.493,10.744,10.493,10.519,166.55
2025-07-27 00:00:00+00:00,10.503,10.692,10.499,10.555,40.81
2025-07-27 04:00:00+00:00,10.596,10.756,10.572,10.572,36.41
2025-07-27 08:00:00+00:00,10.57,10.744,10.466,10.744,97.43
2025-07-27 12:00:00+00:00,10.763,10.818,10.625,10.625,30.14
2025-07-27 16:00:00+00:00,10.763,10.856,10.732,10.75,288.87
2025-07-27 20:00:00+00:00,10.829,11.035,10.829,10.855,88.1
2025-07-28 00:00:00+00:00,10.996,11.066,10.804,10.894,61.79
2025-07-28 04:00:00+00:00,11.035,11.193,10.952,11.0,322.85
2025-07-28 08:00:00+00:00,10.995,11.035,10.894,10.894,28.46
2025-07-28 12:00:00+00:00,10.866,10.866,10.528,10.54,628.56
2025-07-28 16:00:00+00:00,10.524,10.658,10.406,10.406,122.52
2025-07-28 20:00:00+00:00,10.487,10.488,10.369,10.435,22.35
2025-07-29 00:00:00+00:00,10.457,10.607,10.216,10.391,126.46
2025-07-29 04:00:00+00:00,10.444,10.607,10.443,10.607,32.07
2025-07-29 08:00:00+00:00,10.466,10.466,10.258,10.258,46.53
2025-07-29 12:00:00+00:00,10.376,10.496,10.08,10.114,264.87
2025-07-29 16:00:00+00:00,10.065,10.296,10.022,10.187,61.82
2025-07-29 20:00:00+00:00,10.173,10.318,10.072,10.318,10.84
2025-07-30 00:00:00+00:00,10.187,10.483,10.156,10.446,294.74
2025-07-30 04:00:00+00:00,10.383,10.383,10.258,10.263,18.3
2025-07-30 08:00:00+00:00,10.391,10.391,9.854,9.854,102.34
2025-07-30 12:00:00+00:00,9.883,10.144,9.847,10.004,282.02
2025-07-30 16:00:00+00:00,10.134,10.236,9.61,9.994,171.79
2025-07-30 20:00:00+00:00,10.031,10.083,9.797,10.083,247.6
2025-07-31 00:00:00+00:00,9.954,10.187,9.954,10.163,25.32
2025-07-31 04:00:00+00:00,10.132,10.16,10.132,10.16,31.65
2025-07-31 08:00:00+00:00,10.1,10.1,9.954,9.954,28.3
2025-07-31 12:00:00+00:00,9.954,9.963,9.529,9.686,375.66
2025-07-31 16:00:00+00:00,9.72,9.874,9.562,9.6,225.59
2025-07-31 20:00:00+00:00,9.52,9.52,9.325,9.325,4809.64
2025-08-01 00:00:00+00:00,9.297,9.419,9.14,9.313,109.95
2025-08-01 04:00:00+00:00,9.38,9.38,9.186,9.186,144.38
2025-08-01 08:00:00+00:00,9.208,9.25,9.042,9.101,291.57
2025-08-01 12:00:00+00:00,9.19,9.212,8.913,9.009,539.54
2025-08-01 16:00:00+00:00,9.12,9.177,8.926,9.177,112.1
2025-08-01 20:00:00+00:00,9.082,9.184,8.868,9.037,188.8
2025-08-02 00:00:00+00:00,9.007,9.165,9.007,9.165,30.76
2025-08-02 04:00:00+00:00,9.112,9.112,8.868,9.074,103.59
2025-08-02 08:00:00+00:00,9.097,9.097,8.919,9.074,23.84
2025-08-02 12:00:00+00:00,9.03,9.03,8.913,8.913,16.98
2025-08-02 16:00:00+00:00,8.868,8.976,8.684,8.761,201.6
2025-08-02 20:00:00+00:00,8.842,8.842,8.736,8.736,8.64
2025-08-03 00:00:00+00:00,8.761,8.983,8.692,8.983,32.92
2025-08-03 04:00:00+00:00,8.983,8.983,8.983,8.983,0.0
2025-08-03 08:00:00+00:00,8.997,9.18,8.997,9.18,149.86
2025-08-03 12:00:00+00:00,9.169,9.173,9.169,9.173,230.01
2025-08-03 16:00:00+00:00,9.126,9.204,9.091,9.091,22.07
2025-08-03 20:00:00+00:00,9.165,9.212,9.165,9.212,13.69
2025-08-04 00:00:00+00:00,9.228,9.363,9.225,9.338,132.95
2025-08-04 04:00:00+00:00,9.397,9.398,9.278,9.278,9.63
2025-08-04 08:00:00+00:00,9.354,9.36,9.322,9.36,40.63
2025-08-04 12:00:00+00:00,9.29,10.006,9.29,10.006,762.83
2025-08-04 16:00:00+00:00,10.031,10.121,9.805,9.805,222.57
2025-08-04 20:00:00+00:00,9.774,9.994,9.77,9.928,64.34
2025-08-05 00:00:00+00:00,9.946,9.946,9.805,9.805,223.49
2025-08-05 04:00:00+00:00,9.771,9.882,9.703,9.703,63.3
2025-08-05 08:00:00+00:00,9.704,9.905,9.697,9.905,22.38
2025-08-05 12:00:00+00:00,9.756,9.775,9.444,9.48,80.71
2025-08-05 16:00:00+00:00,9.515,9.515,9.4,9.4,14.08
2025-08-05 20:00:00+00:00,9.506,9.626,9.372,9.626,72.67
2025-08-06 00:00:00+00:00,9.466,9.526,9.402,9.526,37.51
2025-08-06 04:00:00+00:00,9.389,9.687,9.389,9.687,340.73
2025-08-06 08:00:00+00:00,9.562,9.562,9.47,9.541,32.6
2025-08-06 12:00:00+00:00,9.466,9.72,9.419,9.72,44.74
2025-08-06 16:00:00+00:00,9.734,9.783,9.61,9.783,21.27
2025-08-06 20:00:00+00:00,9.765,9.766,9.7,9.719,352.13
2025-08-07 00:00:00+00:00,9.658,9.783,9.658,9.686,21.15
2025-08-07 04:00:00+00:00,9.655,9.783,9.655,9.783,14.95
2025-08-07 08:00:00+00:00,9.832,10.144,9.832,10.122,140.02
2025-08-07 12:00:00+00:00,10.187,10.268,10.007,10.007,1377.17
2025-08-07 16:00:00+00:00,10.137,10.236,9.935,10.203,354.72
2025-08-07 20:00:00+00:00,10.278,10.431,10.199,10.431,249.69
2025-08-08 00:00:00+00:00,10.342,10.624,10.289,10.504,1193.13
2025-08-08 04:00:00+00:00,10.551,10.636,10.414,10.607,2740.62
2025-08-08 08:00:00+00:00,10.607,10.655,10.564,10.617,32.77
2025-08-08 12:00:00+00:00,10.558,10.768,10.499,10.546,246.98
2025-08-08 16:00:00+00:00,10.609,11.064,10.609,11.003,237.1
2025-08-08 20:00:00+00:00,10.894,10.919,10.89,10.919,86.3
2025-08-09 00:00:00+00:00,10.867,11.039,10.867,11.039,63.47
2025-08-09 04:00:00+00:00,11.017,11.372,10.995,11.194,265.32
2025-08-09 08:00:00+00:00,11.222,11.263,11.122,11.122,391.89
2025-08-09 12:00:00+00:00,11.115,11.182,10.734,10.799,103.36
2025-08-09 16:00:00+00:00,10.921,10.98,10.861,10.98,19.14
2025-08-09 20:00:00+00:00,10.98,11.091,10.938,10.938,98.28
2025-08-10 00:00:00+00:00,10.967,11.193,10.894,10.986,48.86
2025-08-10 04:00:00+00:00,11.027,11.035,10.633,10.633,894.43
2025-08-10 08:00:00+00:00,10.625,10.709,10.528,10.567,18.95
2025-08-10 12:00:00+00:00,10.538,11.389,10.466,11.147,595.29
2025-08-10 16:00:00+00:00,11.034,11.034,10.903,11.02,921.66
2025-08-10 20:00:00+00:00,10.918,10.948,10.836,10.841,229.19
2025-08-11 00:00:00+00:00,10.98,11.297,10.98,11.226,406.33
2025-08-11 04:00:00+00:00,11.316,11.316,11.036,11.036,38.39
2025-08-11 08:00:00+00:00,11.202,11.202,10.572,10.572,301.27
2025-08-11 12:00:00+00:00,10.606,10.871,10.606,10.871,41.49
2025-08-11 16:00:00+00:00,10.903,11.986,10.903,11.227,3181.1
2025-08-11 20:00:00+00:00,11.171,11.189,10.861,11.044,2165.95
2025-08-12 00:00:00+00:00,11.187,11.487,11.154,11.446,204.37
2025-08-12 04:00:00+00:00,11.355,11.401,11.169,11.182,909.96
2025-08-12 08:00:00+00:00,11.145,11.145,10.821,10.979,76.83
2025-08-12 12:00:00+00:00,10.98,11.432,10.971,11.316,718.9
2025-08-12 16:00:00+00:00,11.242,11.455,11.242,11.381,90.24
2025-08-12 20:00:00+00:00,11.337,11.603,11.337,11.602,291.11
2025-08-13 00:00:00+00:00,11.626,11.815,11.208,11.487,639.17
2025-08-13 04:00:00+00:00,11.545,11.975,11.406,11.957,324.32
2025-08-13 08:00:00+00:00,11.986,12.256,11.774,12.256,729.92
2025-08-13 12:00:00+00:00,12.13,12.276,11.853,12.017,358.55
2025-08-13 16:00:00+00:00,12.077,12.207,11.865,11.927,184.32
2025-08-13 20:00:00+00:00,11.93,12.207,11.93,12.207,874.98
2025-08-14 00:00:00+00:00,12.122,12.26,12.018,12.127,48.1
2025-08-14 04:00:00+00:00,12.106,12.106,11.589,11.718,120.89
2025-08-14 08:00:00+00:00,11.57,11.625,11.336,11.336,62.43
2025-08-14 12:00:00+00:00,11.323,11.323,10.732,10.964,3500.79
2025-08-14 16:00:00+00:00,10.923,10.974,10.81,10.911,233.67
2025-08-14 20:00:00+00:00,10.883,10.887,10.732,10.871,187.64
2025-08-15 00:00:00+00:00,10.924,11.121,10.871,11.082,812.94
2025-08-15 04:00:00+00:00,11.025,11.092,10.949,11.045,523.4
2025-08-15 08:00:00+00:00,11.004,11.052,11.002,11.052,26.86
2025-08-15 12:00:00+00:00,10.972,11.035,10.472,10.472,793.74
2025-08-15 16:00:00+00:00,10.466,10.655,10.436,10.544,113.98
2025-08-15 20:00:00+00:00,10.665,10.816,10.654,10.654,56.85
2025-08-16 00:00:00+00:00,10.675,10.84,10.675,10.84,5.52
2025-08-16 04:00:00+00:00,10.834,11.122,10.833,10.994,171.56
2025-08-16 08:00:00+00:00,10.978,11.103,10.84,10.843,114.8
2025-08-16 12:00:00+00:00,10.842,10.916,10.818,10.91,39.28
2025-08-16 16:00:00+00:00,10.91,10.98,10.91,10.98,26.62
2025-08-16 20:00:00+00:00,11.008,11.136,10.985,10.985,39.49
2025-08-17 00:00:00+00:00,10.968,11.068,10.931,11.068,179.58
2025-08-17 04:00:00+00:00,11.091,11.185,11.05,11.097,85.99
2025-08-17 08:00:00+00:00,11.091,11.231,11.091,11.231,25.38
2025-08-17 12:00:00+00:00,11.059,11.352,11.059,11.31,91.3
2025-08-17 16:00:00+00:00,11.367,11.396,10.979,11.097,2056.31
2025-08-17 20:00:00+00:00,11.061,11.219,11.041,11.066,18.72
2025-08-18 00:00:00+00:00,11.008,11.045,10.467,10.592,1256.45
2025-08-18 04:00:00+00:00,10.65,10.744,10.197,10.258,252.72
2025-08-18 08:00:00+00:00,10.298,10.413,10.218,10.413,1839.86
2025-08-18 12:00:00+00:00,10.444,10.549,10.362,10.45,31.12
2025-08-18 16:00:00+00:00,10.496,10.644,10.496,10.644,189.15
2025-08-18 20:00:00+00:00,10.554,10.597,10.536,10.536,395.62
2025-08-19 00:00:00+00:00,10.466,10.602,10.258,10.258,38.06
2025-08-19 04:00:00+00:00,10.248,10.343,10.187,10.343,32.18
2025-08-19 08:00:00+00:00,10.306,10.499,10.306,10.478,29.96
2025-08-19 12:00:00+00:00,10.362,10.362,10.187,10.203,29.67
2025-08-19 16:00:00+00:00,10.157,10.157,9.936,10.078,350.13
2025-08-19 20:00:00+00:00,10.01,10.01,9.954,9.954,40.83
2025-08-20 00:00:00+00:00,10.015,10.169,9.925,10.169,218.04
2025-08-20 04:00:00+00:00,10.15,10.187,10.124,10.187,14.46
2025-08-20 08:00:00+00:00,10.236,10.343,10.156,10.236,479.61
2025-08-20 12:00:00+00:00,10.288,10.45,10.004,10.366,175.32
2025-08-20 16:00:00+00:00,10.416,10.587,10.395,10.587,405.94
2025-08-20 20:00:00+00:00,10.519,10.655,10.519,10.655,26.03
2025-08-21 00:00:00+00:00,10.532,10.654,10.499,10.528,13.5
2025-08-21 04:00:00+00:00,10.466,10.466,10.466,10.466,2.34
2025-08-21 08:00:00+00:00,10.414,10.414,10.377,10.377,19.46
2025-08-21 12:00:00+00:00,10.37,10.454,10.258,10.297,141.14
2025-08-21 16:00:00+00:00,10.216,10.216,10.216,10.216,3.92
2025-08-21 20:00:00+00:00,10.208,10.333,10.187,10.216,29.37
2025-08-22 00:00:00+00:00,10.27,10.443,10.27,10.443,21.39
2025-08-22 04:00:00+00:00,10.444,10.444,10.444,10.444,2.38
2025-08-22 08:00:00+00:00,10.45,10.526,10.258,10.258,292.83
2025-08-22 12:00:00+00:00,10.216,11.091,10.031,11.032,855.97
2025-08-22 16:00:00+00:00,11.104,11.625,11.104,11.625,738.49
2025-08-22 20:00:00+00:00,11.59,11.631,11.359,11.359,118.81
2025-08-23 00:00:00+00:00,11.34,11.342,11.007,11.149,506.43
2025-08-23 04:00:00+00:00,11.202,11.316,11.171,11.171,10.2
2025-08-23 08:00:00+00:00,11.14,11.215,11.14,11.215,16.23
2025-08-23 12:00:00+00:00,11.21,11.372,11.21,11.236,78.53
2025-08-23 16:00:00+00:00,11.227,11.397,11.189,11.397,9.82
2025-08-23 20:00:00+00:00,11.308,11.378,11.26,11.345,260.44
2025-08-24 00:00:00+00:00,11.364,11.399,11.172,11.212,452.29
2025-08-24 04:00:00+00:00,11.316,11.316,11.115,11.115,12.01
2025-08-24 08:00:00+00:00,11.062,11.088,10.875,10.876,131.06
2025-08-24 12:00:00+00:00,10.929,11.168,10.929,11.075,29.71
2025-08-24 16:00:00+00:00,11.019,11.425,10.948,11.004,179.12
2025-08-24 20:00:00+00:00,11.004,11.068,10.824,10.995,578.64
2025-08-25 00:00:00+00:00,10.84,10.926,10.685,10.907,382.67
2025-08-25 04:00:00+00:00,10.844,10.844,10.344,10.344,391.75
2025-08-25 08:00:00+00:00,10.31,10.31,10.156,10.228,375.1
2025-08-25 12:00:00+00:00,10.268,10.268,10.106,10.106,28.4
2025-08-25 16:00:00+00:00,10.105,10.176,9.77,9.77,1156.01
2025-08-25 20:00:00+00:00,9.78,9.805,9.595,9.743,339.01
2025-08-26 00:00:00+00:00,9.613,9.882,9.59,9.78,456.17
2025-08-26 04:00:00+00:00,9.849,9.849,9.707,9.833,20.58
2025-08-26 08:00:00+00:00,9.709,9.746,9.68,9.68,347.83
2025-08-26 12:00:00+00:00,9.658,9.882,9.61,9.661,220.75
2025-08-26 16:00:00+00:00,9.818,9.932,9.734,9.932,186.62
2025-08-26 20:00:00+00:00,9.978,9.994,9.85,9.912,245.38
2025-08-27 00:00:00+00:00,9.854,9.982,9.835,9.982,231.26
2025-08-27 04:00:00+00:00,10.032,10.048,9.904,9.904,137.61
2025-08-27 08:00:00+00:00,9.854,9.982,9.854,9.92,18.44
2025-08-27 12:00:00+00:00,10.032,10.107,10.032,10.107,16.03
2025-08-27 16:00:00+00:00,10.016,10.016,9.954,9.975,11.24
2025-08-27 20:00:00+00:00,9.904,10.032,9.805,9.805,79.65
2025-08-28 00:00:00+00:00,9.845,10.041,9.845,10.041,549.92
2025-08-28 04:00:00+00:00,10.078,10.083,9.986,10.022,40.49
2025-08-28 08:00:00+00:00,10.056,10.056,9.995,9.995,19.44
2025-08-28 12:00:00+00:00,9.954,9.981,9.854,9.854,34.4
2025-08-28 16:00:00+00:00,9.918,9.93,9.759,9.759,166.94
2025-08-28 20:00:00+00:00,9.756,10.035,9.728,10.035,59.06
2025-08-29 00:00:00+00:00,9.904,9.953,9.904,9.953,3.37
2025-08-29 04:00:00+00:00,9.953,9.977,9.658,9.658,87.49
2025-08-29 08:00:00+00:00,9.626,9.649,9.408,9.592,400.8
2025-08-29 12:00:00+00:00,9.586,9.847,9.466,9.59,114.66
2025-08-29 16:00:00+00:00,9.523,9.53,9.466,9.498,289.88
2025-08-29 20:00:00+00:00,9.589,9.637,9.589,9.637,5.17
2025-08-30 00:00:00+00:00,9.558,9.687,9.419,9.687,34.69
2025-08-30 04:00:00+00:00,9.692,9.783,9.692,9.783,20.78
2025-08-30 08:00:00+00:00,9.719,9.719,9.719,9.719,1.49
2025-08-30 12:00:00+00:00,9.721,9.773,9.658,9.686,59.5
2025-08-30 16:00:00+00:00,9.686,9.686,9.686,9.686,0.0
2025-08-30 20:00:00+00:00,9.652,9.721,9.652,9.721,33.2
2025-08-31 00:00:00+00:00,9.746,9.882,9.746,9.882,73.57
2025-08-31 04:00:00+00:00,9.882,9.882,9.882,9.882,0.0
2025-08-31 08:00:00+00:00,9.872,9.872,9.863,9.863,9.1
2025-08-31 12:00:00+00:00,9.863,9.863,9.731,9.793,18.31
2025-08-31 16:00:00+00:00,9.793,9.793,9.793,9.793,0.0
2025-08-31 20:00:00+00:00,9.707,9.707,9.61,9.641,41.09
2025-09-01 00:00:00+00:00,9.562,9.587,9.366,9.424,86.94
2025-09-01 04:00:00+00:00,9.345,9.701,9.344,9.701,41.64
2025-09-01 08:00:00+00:00,9.734,9.83,9.562,9.562,61.15
2025-09-01 12:00:00+00:00,9.561,9.561,9.344,9.344,168.39
2025-09-01 16:00:00+00:00,9.344,9.398,9.278,9.398,42.97
2025-09-01 20:00:00+00:00,9.278,9.305,9.14,9.305,41.66
2025-09-02 00:00:00+00:00,9.352,9.545,9.318,9.52,53.12
2025-09-02 04:00:00+00:00,9.558,9.662,9.514,9.514,18.96
2025-09-02 08:00:00+00:00,9.517,9.517,9.466,9.466,11.71
2025-09-02 12:00:00+00:00,9.42,9.589,9.288,9.332,106.41
2025-09-02 16:00:00+00:00,9.493,9.52,9.424,9.453,54.85
2025-09-02 20:00:00+00:00,9.541,9.589,9.541,9.589,126.01
2025-09-03 00:00:00+00:00,9.573,9.591,9.506,9.506,61.24
2025-09-03 04:00:00+00:00,9.466,9.466,9.419,9.419,5.19
2025-09-03 08:00:00+00:00,9.388,9.589,9.388,9.589,17.72
2025-09-03 12:00:00+00:00,9.637,9.715,9.637,9.715,13.96
2025-09-03 16:00:00+00:00,9.664,9.695,9.664,9.695,2.46
2025-09-03 20:00:00+00:00,9.734,9.739,9.611,9.611,37.91
2025-09-04 00:00:00+00:00,9.61,9.61,9.54,9.54,12.92
2025-09-04 04:00:00+00:00,9.514,9.514,9.4,9.4,28.6
2025-09-04 08:00:00+00:00,9.399,9.411,9.372,9.411,11.55
2025-09-04 12:00:00+00:00,9.491,9.491,9.232,9.232,37.82
2025-09-04 16:00:00+00:00,9.227,9.281,9.15,9.15,224.33
2025-09-04 20:00:00+00:00,9.204,9.352,9.204,9.296,36.91
2025-09-05 00:00:00+00:00,9.242,9.405,9.239,9.405,63.57
2025-09-05 04:00:00+00:00,9.417,9.558,9.417,9.558,37.74
2025-09-05 08:00:00+00:00,9.556,9.556,9.529,9.529,11.09
2025-09-05 12:00:00+00:00,9.589,9.719,9.29,9.435,109.92
2025-09-05 16:00:00+00:00,9.332,9.43,9.332,9.43,29.74
2025-09-05 20:00:00+00:00,9.446,9.457,9.396,9.396,14.87
2025-09-06 00:00:00+00:00,9.396,9.396,9.396,9.396,0.0
2025-09-06 04:00:00+00:00,9.36,9.36,9.315,9.315,24.07
2025-09-06 08:00:00+00:00,9.29,9.29,9.248,9.248,4.43
2025-09-06 12:00:00+00:00,9.317,9.317,9.317,9.317,4.82
2025-09-06 16:00:00+00:00,9.317,9.317,9.317,9.317,0.0
2025-09-06 20:00:00+00:00,9.309,9.309,9.301,9.301,28.81
2025-09-07 00:00:00+00:00,9.389,9.398,9.386,9.386,5.76
2025-09-07 04:00:00+00:00,9.386,9.386,9.386,9.386,0.0
2025-09-07 08:00:00+00:00,9.382,9.382,9.382,9.382,1.03
2025-09-07 12:00:00+00:00,9.374,9.388,9.374,9.388,0.22
2025-09-07 16:00:00+00:00,9.37,9.37,9.278,9.278,4.36
2025-09-07 20:00:00+00:00,9.316,9.398,9.316,9.398,15.69
2025-09-08 00:00:00+00:00,9.446,9.502,9.427,9.502,9.67
2025-09-08 04:00:00+00:00,9.502,9.502,9.502,9.502,0.0
2025-09-08 08:00:00+00:00,9.497,9.687,9.497,9.651,34.42
2025-09-08 12:00:00+00:00,9.63,9.778,9.572,9.735,140.63
2025-09-08 16:00:00+00:00,9.678,9.678,9.562,9.562,125.28
2025-09-08 20:00:00+00:00,9.559,9.577,9.484,9.546,29.94
2025-09-09 00:00:00+00:00,9.595,9.595,9.466,9.483,15.64
2025-09-09 04:00:00+00:00,9.589,9.783,9.589,9.783,26.85
2025-09-09 08:00:00+00:00,9.813,9.882,9.813,9.857,34.32
2025-09-09 12:00:00+00:00,9.756,9.873,9.419,9.419,114.45
2025-09-09 16:00:00+00:00,9.448,9.457,9.448,9.457,2.06
2025-09-09 20:00:00+00:00,9.469,9.579,9.469,9.579,27.92
2025-09-10 00:00:00+00:00,9.517,9.675,9.504,9.675,12.14
2025-09-10 04:00:00+00:00,9.65,9.687,9.58,9.687,457.08
2025-09-10 08:00:00+00:00,9.687,9.687,9.687,9.687,0.0
2025-09-10 12:00:00+00:00,9.701,9.783,9.666,9.718,293.06
2025-09-10 16:00:00+00:00,9.745,9.745,9.589,9.589,10.31
2025-09-10 20:00:00+00:00,9.734,9.75,9.705,9.75,738.2
2025-09-11 00:00:00+00:00,9.75,9.889,9.741,9.864,573.18
2025-09-11 04:00:00+00:00,9.766,9.962,9.766,9.962,514.33
2025-09-11 08:00:00+00:00,9.841,9.971,9.841,9.971,15.65
2025-09-11 12:00:00+00:00,9.926,9.927,9.707,9.756,542.87
2025-09-11 16:00:00+00:00,9.838,9.838,9.838,9.838,0.2
2025-09-11 20:00:00+00:00,9.882,9.994,9.882,9.994,37.27
2025-09-12 00:00:00+00:00,10.015,10.127,10.015,10.08,37.04
2025-09-12 04:00:00+00:00,10.127,10.203,10.09,10.09,615.96
2025-09-12 08:00:00+00:00,10.031,10.052,9.964,10.011,58.16
2025-09-12 12:00:00+00:00,9.954,10.083,9.907,10.072,67.99
2025-09-12 16:00:00+00:00,10.075,10.144,10.057,10.138,80.38
2025-09-12 20:00:00+00:00,10.133,10.211,10.08,10.169,139.08
2025-09-13 00:00:00+00:00,10.15,10.269,10.08,10.269,83.36
2025-09-13 04:00:00+00:00,10.236,10.236,10.11,10.166,371.11
2025-09-13 08:00:00+00:00,10.209,10.332,10.209,10.306,585.6
2025-09-13 12:00:00+00:00,10.289,10.289,10.105,10.137,158.36
2025-09-13 16:00:00+00:00,10.108,10.108,9.954,10.052,282.74
2025-09-13 20:00:00+00:00,10.083,10.125,10.083,10.125,63.98
2025-09-14 00:00:00+00:00,10.108,10.108,9.021,9.446,1111.16
2025-09-14 04:00:00+00:00,9.487,9.745,9.487,9.745,519.67
2025-09-14 08:00:00+00:00,9.682,9.687,9.514,9.514,112.81
2025-09-14 12:00:00+00:00,9.484,9.484,9.345,9.431,55.51
2025-09-14 16:00:00+00:00,9.431,9.489,9.431,9.489,22.1
2025-09-14 20:00:00+00:00,9.44,9.493,9.432,9.483,17.62
2025-09-15 00:00:00+00:00,9.389,9.389,9.344,9.344,107.15
2025-09-15 04:00:00+00:00,9.493,9.511,9.278,9.278,68.92
2025-09-15 08:00:00+00:00,9.251,9.251,9.048,9.165,444.38
2025-09-15 12:00:00+00:00,9.119,9.119,9.08,9.08,116.0
2025-09-15 16:00:00+00:00,9.1,9.1,9.085,9.085,76.66
2025-09-15 20:00:00+00:00,9.137,9.16,9.137,9.16,1.2
2025-09-16 00:00:00+00:00,9.177,9.212,9.14,9.14,182.25
2025-09-16 04:00:00+00:00,9.12,9.167,9.08,9.167,27.0
2025-09-16 08:00:00+00:00,9.212,9.329,9.212,9.297,168.64
2025-09-16 12:00:00+00:00,9.294,9.294,9.14,9.169,171.49
2025-09-16 16:00:00+00:00,9.163,9.305,9.163,9.284,234.63
2025-09-16 20:00:00+00:00,9.352,9.352,9.234,9.234,22.69
2025-09-17 00:00:00+00:00,9.34,9.342,9.339,9.342,19.5
2025-09-17 04:00:00+00:00,9.232,9.365,9.209,9.365,27.32
2025-09-17 08:00:00+00:00,9.354,9.354,9.232,9.232,42.73
2025-09-17 12:00:00+00:00,9.204,9.205,9.193,9.193,56.72
2025-09-17 16:00:00+00:00,9.186,9.352,9.152,9.352,75.68
2025-09-17 20:00:00+00:00,9.398,9.613,9.278,9.594,794.55
2025-09-18 00:00:00+00:00,9.589,9.676,9.541,9.593,72.61
2025-09-18 04:00:00+00:00,9.598,9.598,9.486,9.486,18.54
2025-09-18 08:00:00+00:00,9.596,9.611,9.488,9.602,8.84
2025-09-18 12:00:00+00:00,9.482,9.633,9.419,9.539,562.99
2025-09-18 16:00:00+00:00,9.579,9.685,9.568,9.618,52.86
2025-09-18 20:00:00+00:00,9.625,9.655,9.563,9.563,24.29
2025-09-19 00:00:00+00:00,9.661,9.732,9.419,9.419,64.51
2025-09-19 04:00:00+00:00,9.381,9.43,9.335,9.335,22.99
2025-09-19 08:00:00+00:00,9.369,9.369,9.261,9.261,152.92
2025-09-19 12:00:00+00:00,9.303,9.321,9.14,9.14,55.65
2025-09-19 16:00:00+00:00,9.139,9.15,9.08,9.101,45.6
2025-09-19 20:00:00+00:00,9.172,9.173,9.172,9.173,43.6
2025-09-20 00:00:00+00:00,9.156,9.156,9.118,9.118,13.34
2025-09-20 04:00:00+00:00,9.212,9.258,9.212,9.222,27.95
2025-09-20 08:00:00+00:00,9.14,9.172,9.117,9.124,6.71
2025-09-20 12:00:00+00:00,9.258,9.258,9.257,9.257,10.27
2025-09-20 16:00:00+00:00,9.242,9.242,9.221,9.221,3.27
2025-09-20 20:00:00+00:00,9.169,9.169,9.169,9.169,5.65
2025-09-21 00:00:00+00:00,9.14,9.169,9.123,9.169,3.68
2025-09-21 04:00:00+00:00,9.169,9.169,9.169,9.169,0.0
2025-09-21 08:00:00+00:00,9.094,9.096,9.048,9.086,26.08
2025-09-21 12:00:00+00:00,9.083,9.083,9.083,9.083,2.15
2025-09-21 16:00:00+00:00,9.071,9.178,9.071,9.124,74.61
2025-09-21 20:00:00+00:00,9.048,9.122,9.029,9.083,17.13
2025-09-22 00:00:00+00:00,9.021,9.022,8.646,8.701,441.52
2025-09-22 04:00:00+00:00,8.68,8.68,7.561,8.269,1541.26
2025-09-22 08:00:00+00:00,8.143,8.167,8.063,8.167,19.48
2025-09-22 12:00:00+00:00,8.208,8.208,8.085,8.085,37.56
2025-09-22 16:00:00+00:00,8.127,8.14,8.04,8.054,102.88
2025-09-22 20:00:00+00:00,8.167,8.234,8.167,8.234,99.05
2025-09-23 00:00:00+00:00,8.248,8.248,8.023,8.134,197.49
2025-09-23 04:00:00+00:00,8.124,8.124,8.124,8.124,135.9
2025-09-23 08:00:00+00:00,8.208,8.208,8.149,8.149,29.03
2025-09-23 12:00:00+00:00,8.103,8.18,8.103,8.138,53.79
2025-09-23 16:00:00+00:00,8.138,8.138,8.059,8.059,47.02
2025-09-23 20:00:00+00:00,8.08,8.125,8.07,8.125,80.43
2025-09-24 00:00:00+00:00,8.1,8.1,7.941,7.941,38.79
2025-09-24 04:00:00+00:00,7.931,8.127,7.865,8.115,74.94
2025-09-24 08:00:00+00:00,8.109,8.173,8.109,8.173,7.89
2025-09-24 12:00:00+00:00,8.066,8.167,8.051,8.167,116.22
2025-09-24 16:00:00+00:00,8.098,8.098,8.063,8.063,27.73
2025-09-24 20:00:00+00:00,8.023,8.023,7.905,7.905,24.32
2025-09-25 00:00:00+00:00,7.875,7.889,7.755,7.755,429.32
2025-09-25 04:00:00+00:00,7.749,7.774,7.635,7.77,109.23
2025-09-25 08:00:00+00:00,7.772,7.782,7.673,7.673,10.62
2025-09-25 12:00:00+00:00,7.636,7.772,7.524,7.635,188.51
2025-09-25 16:00:00+00:00,7.654,7.654,7.295,7.555,1380.76
2025-09-25 20:00:00+00:00,7.503,7.503,7.451,7.451,345.26
2025-09-26 00:00:00+00:00,7.452,7.581,7.452,7.581,339.05
2025-09-26 04:00:00+00:00,7.488,7.488,7.404,7.408,84.95
2025-09-26 08:00:00+00:00,7.407,7.407,7.322,7.404,54.88
2025-09-26 12:00:00+00:00,7.461,7.463,7.454,7.454,11.41
2025-09-26 16:00:00+00:00,7.506,7.609,7.506,7.568,146.17
2025-09-26 20:00:00+00:00,7.61,7.624,7.566,7.624,23.22
2025-09-27 00:00:00+00:00,7.601,7.624,7.601,7.607,17.57
2025-09-27 04:00:00+00:00,7.522,7.522,7.522,7.522,3.26
2025-09-27 08:00:00+00:00,7.484,7.561,7.474,7.561,28.44
2025-09-27 12:00:00+00:00,7.581,7.622,7.561,7.561,12.8
2025-09-27 16:00:00+00:00,7.565,7.576,7.522,7.576,207.61
2025-09-27 20:00:00+00:00,7.528,7.646,7.528,7.646,12.79
2025-09-28 00:00:00+00:00,7.576,7.576,7.516,7.516,68.24
2025-09-28 04:00:00+00:00,7.519,7.519,7.484,7.484,9.89
2025-09-28 08:00:00+00:00,7.476,7.51,7.454,7.471,16.51
2025-09-28 12:00:00+00:00,7.453,7.453,7.453,7.453,3.92
2025-09-28 16:00:00+00:00,7.581,7.611,7.581,7.611,18.35
2025-09-28 20:00:00+00:00,7.618,7.759,7.608,7.74,139.11
2025-09-29 00:00:00+00:00,7.74,7.74,7.74,7.74,0.0
2025-09-29 04:00:00+00:00,7.673,7.673,7.673,7.673,0.68
2025-09-29 08:00:00+00:00,7.689,7.689,7.688,7.688,11.03
2025-09-29 12:00:00+00:00,7.635,7.811,7.597,7.711,47.32
2025-09-29 16:00:00+00:00,7.673,7.734,7.597,7.734,46.53
2025-09-29 20:00:00+00:00,7.769,7.811,7.769,7.794,28.29
2025-09-30 00:00:00+00:00,7.712,7.734,7.673,7.673,37.66
2025-09-30 04:00:00+00:00,7.635,7.635,7.587,7.587,104.92
2025-09-30 08:00:00+00:00,7.567,7.574,7.559,7.559,7.84
2025-09-30 12:00:00+00:00,7.524,7.524,7.453,7.453,20.27
2025-09-30 16:00:00+00:00,7.577,7.619,7.484,7.619,247.17
2025-09-30 20:00:00+00:00,7.624,7.695,7.597,7.597,44.68
2025-10-01 00:00:00+00:00,7.624,7.624,7.559,7.592,32.49
2025-10-01 04:00:00+00:00,7.592,7.592,7.592,7.592,0.0
2025-10-01 08:00:00+00:00,7.657,7.927,7.657,7.853,163.91
2025-10-01 12:00:00+00:00,7.853,7.979,7.853,7.979,20.43
2025-10-01 16:00:00+00:00,7.993,8.086,7.993,8.043,45.82
2025-10-01 20:00:00+00:00,7.994,7.994,7.983,7.983,15.07
2025-10-02 00:00:00+00:00,8.086,8.258,8.058,8.2,108.66
2025-10-02 04:00:00+00:00,8.143,8.23,8.143,8.23,57.78
2025-10-02 08:00:00+00:00,8.156,8.203,8.155,8.16,85.77
2025-10-02 12:00:00+00:00,8.103,8.127,8.023,8.127,49.87
2025-10-02 16:00:00+00:00,8.167,8.373,8.167,8.373,351.68
2025-10-02 20:00:00+00:00,8.318,8.347,8.289,8.289,55.1
2025-10-03 00:00:00+00:00,8.401,8.411,8.239,8.373,15.56
2025-10-03 04:00:00+00:00,8.267,8.267,8.225,8.225,11.32
2025-10-03 08:00:00+00:00,8.184,8.184,8.162,8.162,13.02
2025-10-03 12:00:00+00:00,8.29,8.356,8.143,8.356,52.68
2025-10-03 16:00:00+00:00,8.373,8.48,8.184,8.331,190.92
2025-10-03 20:00:00+00:00,8.239,8.239,8.184,8.184,161.23
2025-10-04 00:00:00+00:00,8.169,8.169,8.061,8.096,36.01
2025-10-04 04:00:00+00:00,8.099,8.103,8.064,8.064,410.58
2025-10-04 08:00:00+00:00,8.049,8.049,7.944,7.95,62.01
2025-10-04 12:00:00+00:00,8.024,8.024,7.931,7.931,104.76
2025-10-04 16:00:00+00:00,7.919,7.99,7.919,7.99,270.17
2025-10-04 20:00:00+00:00,7.958,7.958,7.957,7.957,144.5
2025-10-05 00:00:00+00:00,8.036,8.198,8.024,8.198,124.21
2025-10-05 04:00:00+00:00,8.208,8.373,8.208,8.373,140.84
2025-10-05 08:00:00+00:00,8.416,8.447,8.266,8.287,43.56
2025-10-05 12:00:00+00:00,8.225,8.225,8.184,8.225,30.28
2025-10-05 16:00:00+00:00,8.169,8.169,8.023,8.023,66.95
2025-10-05 20:00:00+00:00,8.055,8.099,8.054,8.099,10.74
2025-10-06 00:00:00+00:00,8.1,8.167,8.046,8.167,125.92
2025-10-06 04:00:00+00:00,8.064,8.29,8.063,8.184,76.06
2025-10-06 08:00:00+00:00,8.254,8.254,8.254,8.254,0.97
2025-10-06 12:00:00+00:00,8.289,8.403,8.277,8.34,53.24
2025-10-06 16:00:00+00:00,8.412,8.416,8.388,8.416,19.83
2025-10-06 20:00:00+00:00,8.415,8.415,8.357,8.382,739.56
2025-10-07 00:00:00+00:00,8.34,8.357,8.268,8.345,74.22
2025-10-07 04:00:00+00:00,8.266,8.299,7.986,8.125,315.79
2025-10-07 08:00:00+00:00,8.049,8.127,8.037,8.127,42.57
2025-10-07 12:00:00+00:00,8.045,8.895,7.8,7.909,2665.38
2025-10-07 16:00:00+00:00,7.919,7.919,7.717,7.814,581.07
2025-10-07 20:00:00+00:00,7.848,7.848,7.848,7.848,12.74
2025-10-08 00:00:00+00:00,7.802,7.866,7.711,7.711,385.17
2025-10-08 04:00:00+00:00,7.724,7.724,7.724,7.724,16.31
2025-10-08 08:00:00+00:00,7.811,7.849,7.786,7.786,65.5
2025-10-08 12:00:00+00:00,7.889,7.974,7.889,7.974,15.42
2025-10-08 16:00:00+00:00,7.979,8.122,7.979,8.122,96.14
2025-10-08 20:00:00+00:00,8.021,8.077,7.984,8.077,1015.87
2025-10-09 00:00:00+00:00,8.012,8.024,7.865,7.936,41.59
2025-10-09 04:00:00+00:00,7.901,7.901,7.826,7.826,26.61
2025-10-09 08:00:00+00:00,7.814,7.814,7.7,7.805,81.5
2025-10-09 12:00:00+00:00,7.849,7.889,7.7,7.726,26.33
2025-10-09 16:00:00+00:00,7.723,7.772,7.651,7.766,304.34
2025-10-09 20:00:00+00:00,7.806,7.889,7.806,7.889,19.71
2025-10-10 00:00:00+00:00,7.857,8.599,7.857,8.434,557.24
2025-10-10 04:00:00+00:00,8.512,8.512,8.163,8.163,71.95
2025-10-10 08:00:00+00:00,8.143,8.162,8.107,8.162,9.26
2025-10-10 12:00:00+00:00,8.248,8.29,7.7,7.811,279.58
2025-10-10 16:00:00+00:00,7.745,7.845,7.348,7.454,136.3
2025-10-10 20:00:00+00:00,7.467,7.93,3.52,5.771,6553.41
2025-10-11 00:00:00+00:00,6.549,6.552,5.589,5.833,2048.4
2025-10-11 04:00:00+00:00,5.887,5.916,5.825,5.9,154.94
2025-10-11 08:00:00+00:00,5.975,6.19,5.765,5.769,93.33
2025-10-11 12:00:00+00:00,6.163,6.321,5.817,6.035,54.6
2025-10-11 16:00:00+00:00,6.332,6.332,5.817,5.817,543.07
2025-10-11 20:00:00+00:00,5.761,5.878,5.673,5.705,61.99
2025-10-12 00:00:00+00:00,5.877,5.95,5.801,5.95,372.46
2025-10-12 04:00:00+00:00,6.015,6.162,5.929,6.162,514.86
2025-10-12 08:00:00+00:00,6.044,6.079,6.041,6.079,29.89
2025-10-12 12:00:00+00:00,6.11,6.514,5.987,6.514,200.22
2025-10-12 16:00:00+00:00,6.518,6.678,6.518,6.562,92.24
2025-10-12 20:00:00+00:00,6.562,6.562,6.562,6.562,0.0
2025-10-13 00:00:00+00:00,6.565,6.644,6.503,6.555,415.23
2025-10-13 04:00:00+00:00,6.543,6.836,6.503,6.706,442.55
2025-10-13 08:00:00+00:00,6.709,6.754,6.503,6.647,470.76
2025-10-13 12:00:00+00:00,6.672,6.857,6.672,6.747,111.37
2025-10-13 16:00:00+00:00,6.779,7.024,6.779,6.974,227.15
2025-10-13 20:00:00+00:00,7.052,7.09,6.965,7.09,44.71
2025-10-14 00:00:00+00:00,7.034,7.034,6.898,6.898,29.02
2025-10-14 04:00:00+00:00,6.837,6.837,6.408,6.566,112.9
2025-10-14 08:00:00+00:00,6.446,6.661,6.446,6.503,205.83
2025-10-14 12:00:00+00:00,6.405,6.753,6.381,6.753,119.63
2025-10-14 16:00:00+00:00,6.81,6.835,6.627,6.748,40.86
2025-10-14 20:00:00+00:00,6.843,6.843,6.843,6.843,7.17
2025-10-15 00:00:00+00:00,6.762,6.785,6.762,6.785,64.96
2025-10-15 04:00:00+00:00,6.797,6.797,6.797,6.797,20.61
2025-10-15 08:00:00+00:00,6.857,6.961,6.703,6.703,121.38
2025-10-15 12:00:00+00:00,6.63,6.63,6.543,6.558,94.74
2025-10-15 16:00:00+00:00,6.541,6.613,6.51,6.572,32.22
2025-10-15 20:00:00+00:00,6.503,6.541,6.472,6.541,38.73
2025-10-16 00:00:00+00:00,6.567,6.652,6.567,6.652,37.17
2025-10-16 04:00:00+00:00,6.595,6.615,6.554,6.577,868.3
2025-10-16 08:00:00+00:00,6.546,6.667,6.405,6.614,738.41
2025-10-16 12:00:00+00:00,6.504,6.504,6.343,6.343,491.15
2025-10-16 16:00:00+00:00,6.419,6.419,6.419,6.419,1.57
2025-10-16 20:00:00+00:00,6.244,6.244,6.244,6.244,14.61
2025-10-17 00:00:00+00:00,6.244,6.244,6.244,6.244,0.0
2025-10-17 04:00:00+00:00,6.245,6.245,6.084,6.11,114.78
2025-10-17 08:00:00+00:00,5.909,6.214,5.777,6.2,127.77
2025-10-17 12:00:00+00:00,6.184,6.184,6.09,6.09,46.68
2025-10-17 16:00:00+00:00,6.214,6.215,6.128,6.179,814.12
2025-10-17 20:00:00+00:00,6.179,6.179,6.179,6.179,0.0
2025-10-18 00:00:00+00:00,6.179,6.179,6.179,6.179,0.0
2025-10-18 04:00:00+00:00,6.179,6.179,6.179,6.179,0.0
2025-10-18 08:00:00+00:00,6.007,6.007,5.931,5.931,4.52
2025-10-18 12:00:00+00:00,5.961,6.215,5.833,6.022,8.17
2025-10-18 16:00:00+00:00,6.014,6.014,6.014,6.014,4.9
2025-10-18 20:00:00+00:00,6.014,6.014,6.014,6.014,0.0
2025-10-19 00:00:00+00:00,6.052,6.077,5.903,5.918,28.04
2025-10-19 04:00:00+00:00,6.077,6.077,6.077,6.077,1.68
2025-10-19 08:00:00+00:00,6.055,6.055,6.055,6.055,4.38
2025-10-19 12:00:00+00:00,6.265,6.332,5.969,6.332,46.81
2025-10-19 16:00:00+00:00,6.332,6.336,6.202,6.202,315.39
2025-10-19 20:00:00+00:00,6.198,6.353,6.198,6.353,23.9
2025-10-20 00:00:00+00:00,6.113,6.355,6.101,6.355,252.61
2025-10-20 04:00:00+00:00,6.49,6.5,6.351,6.496,44.25
2025-10-20 08:00:00+00:00,6.396,6.396,6.385,6.385,8.22
2025-10-20 12:00:00+00:00,6.385,6.385,6.385,6.385,0.0
2025-10-20 16:00:00+00:00,6.32,6.446,6.32,6.445,506.93
2025-10-20 20:00:00+00:00,6.346,6.346,6.317,6.317,16.87
2025-10-21 00:00:00+00:00,6.482,6.482,6.23,6.23,95.63
2025-10-21 04:00:00+00:00,6.195,6.484,6.059,6.065,65.45
2025-10-21 08:00:00+00:00,6.423,6.423,6.399,6.399,9.35
2025-10-21 12:00:00+00:00,6.426,6.631,6.426,6.519,88.08
2025-10-21 16:00:00+00:00,6.525,6.648,6.433,6.512,113.89
2025-10-21 20:00:00+00:00,6.449,6.449,6.298,6.298,85.27
2025-10-22 00:00:00+00:00,6.258,6.549,6.23,6.354,102.19
2025-10-22 04:00:00+00:00,6.151,6.164,6.151,6.164,31.39
2025-10-22 08:00:00+00:00,6.104,6.104,6.026,6.066,33.96
2025-10-22 12:00:00+00:00,6.21,6.21,6.103,6.107,312.45
2025-10-22 16:00:00+00:00,6.107,6.107,6.107,6.107,8.13
2025-10-22 20:00:00+00:00,6.197,6.198,5.912,6.0,183.23
2025-10-23 00:00:00+00:00,6.061,6.1,6.061,6.1,173.09
2025-10-23 04:00:00+00:00,6.1,6.1,6.1,6.1,0.0
2025-10-23 08:00:00+00:00,6.096,6.131,6.096,6.131,321.65
2025-10-23 12:00:00+00:00,6.003,6.003,6.003,6.003,31.02
2025-10-23 16:00:00+00:00,6.315,6.362,6.16,6.339,360.98
2025-10-23 20:00:00+00:00,6.248,6.357,6.191,6.357,79.91
2025-10-24 00:00:00+00:00,6.248,6.248,6.248,6.248,9.9
2025-10-24 04:00:00+00:00,6.362,6.426,6.268,6.271,72.16
2025-10-24 08:00:00+00:00,6.281,6.281,6.281,6.281,1.06
2025-10-24 12:00:00+00:00,6.422,6.485,6.215,6.215,89.72
2025-10-24 16:00:00+00:00,6.297,6.297,6.171,6.262,68.06
2025-10-24 20:00:00+00:00,6.245,6.245,6.244,6.244,18.53
2025-10-25 00:00:00+00:00,6.307,6.307,6.22,6.22,7.07
2025-10-25 04:00:00+00:00,6.22,6.22,6.22,6.22,0.0
2025-10-25 08:00:00+00:00,6.17,6.17,6.167,6.167,12.89
2025-10-25 12:00:00+00:00,6.167,6.167,6.167,6.167,0.0
2025-10-25 16:00:00+00:00,6.167,6.167,6.167,6.167,0.0
2025-10-25 20:00:00+00:00,6.264,6.306,6.177,6.177,33.13
2025-10-26 00:00:00+00:00,6.177,6.245,6.17,6.17,22.4
2025-10-26 04:00:00+00:00,6.17,6.17,6.17,6.17,0.0
2025-10-26 08:00:00+00:00,6.16,6.427,6.16,6.339,46.14
2025-10-26 12:00:00+00:00,6.449,6.543,6.386,6.534,43.16
2025-10-26 16:00:00+00:00,6.494,6.565,6.494,6.565,12.78
2025-10-26 20:00:00+00:00,6.592,6.736,6.592,6.736,107.11
2025-10-27 00:00:00+00:00,6.737,6.857,6.737,6.76,157.28
2025-10-27 04:00:00+00:00,6.747,6.883,6.684,6.684,253.18
2025-10-27 08:00:00+00:00,6.736,6.816,6.602,6.602,33.8
2025-10-27 12:00:00+00:00,6.588,6.63,6.508,6.63,17.17
2025-10-27 16:00:00+00:00,6.63,6.687,6.544,6.687,267.34
2025-10-27 20:00:00+00:00,6.563,6.639,6.471,6.471,196.21
2025-10-28 00:00:00+00:00,6.535,6.535,6.471,6.471,319.87
2025-10-28 04:00:00+00:00,6.55,6.592,6.55,6.592,2.98
2025-10-28 08:00:00+00:00,6.503,6.506,6.503,6.506,112.86
2025-10-28 12:00:00+00:00,6.522,6.625,6.444,6.576,54.64
2025-10-28 16:00:00+00:00,6.577,6.592,6.412,6.412,37.95
2025-10-28 20:00:00+00:00,6.406,6.406,6.257,6.359,53.03
2025-10-29 00:00:00+00:00,6.381,6.382,6.381,6.381,31.31
2025-10-29 04:00:00+00:00,6.285,6.285,6.285,6.285,1.7
2025-10-29 08:00:00+00:00,6.299,6.299,6.299,6.299,1.46
2025-10-29 12:00:00+00:00,6.387,6.387,6.215,6.215,56.11
2025-10-29 16:00:00+00:00,6.307,6.428,6.17,6.336,129.7
2025-10-29 20:00:00+00:00,6.413,6.433,6.272,6.272,49.79
2025-10-30 00:00:00+00:00,6.261,6.359,6.064,6.064,1166.25
2025-10-30 04:00:00+00:00,6.064,6.129,5.939,6.129,240.41
2025-10-30 08:00:00+00:00,6.055,6.09,5.886,6.004,130.15
2025-10-30 12:00:00+00:00,5.986,5.99,5.8,5.855,271.8
2025-10-30 16:00:00+00:00,5.8,5.901,5.68,5.68,1039.64
2025-10-30 20:00:00+00:00,5.751,5.85,5.751,5.85,243.51
2025-10-31 00:00:00+00:00,5.849,5.9,5.849,5.878,57.97
2025-10-31 04:00:00+00:00,5.929,5.962,5.883,5.962,58.84
2025-10-31 08:00:00+00:00,5.76,5.824,5.71,5.824,14.01
2025-10-31 12:00:00+00:00,5.744,5.818,5.72,5.737,35.47
2025-10-31 16:00:00+00:00,5.684,5.803,5.615,5.803,102.03
2025-10-31 20:00:00+00:00,5.803,5.803,5.803,5.803,0.0
2025-11-01 00:00:00+00:00,5.745,5.826,5.742,5.744,796.51
2025-11-01 04:00:00+00:00,5.748,5.755,5.748,5.755,837.78
2025-11-01 08:00:00+00:00,5.761,5.891,5.761,5.891,51.68
2025-11-01 12:00:00+00:00,5.891,5.891,5.804,5.806,154.6
2025-11-01 16:00:00+00:00,5.806,5.806,5.806,5.806,0.0
2025-11-01 20:00:00+00:00,5.774,5.89,5.774,5.877,34.19
2025-11-02 00:00:00+00:00,5.789,5.891,5.789,5.891,18.97
2025-11-02 04:00:00+00:00,5.787,5.892,5.787,5.892,23.69
2025-11-02 08:00:00+00:00,5.885,5.885,5.884,5.884,60.0
2025-11-02 12:00:00+00:00,5.884,5.884,5.76,5.78,105.74
2025-11-02 16:00:00+00:00,5.76,5.76,5.674,5.674,20.25
2025-11-02 20:00:00+00:00,5.676,5.865,5.676,5.852,20.27
2025-11-03 00:00:00+00:00,5.79,5.79,5.501,5.501,450.85
2025-11-03 04:00:00+00:00,5.45,5.451,5.324,5.396,57.45
2025-11-03 08:00:00+00:00,5.34,5.414,5.34,5.362,5.72
2025-11-03 12:00:00+00:00,5.433,5.46,4.97,5.13,180.75
2025-11-03 16:00:00+00:00,5.219,5.299,5.181,5.181,42.67
2025-11-03 20:00:00+00:00,5.18,5.218,5.102,5.12,28.15
2025-11-04 00:00:00+00:00,5.219,5.271,5.183,5.271,68.93
2025-11-04 04:00:00+00:00,5.27,5.271,5.06,5.06,119.18
2025-11-04 08:00:00+00:00,5.067,5.219,5.067,5.219,26.07
2025-11-04 12:00:00+00:00,5.219,5.219,5.102,5.219,51.17
2025-11-04 16:00:00+00:00,5.102,5.107,4.9,5.011,269.72
2025-11-04 20:00:00+00:00,4.883,5.115,4.692,5.115,312.2
2025-11-05 00:00:00+00:00,5.032,5.14,4.9,5.14,76.93
2025-11-05 04:00:00+00:00,5.128,5.219,4.6,5.219,287.52
2025-11-05 08:00:00+00:00,5.261,5.285,5.126,5.285,27.43
2025-11-05 12:00:00+00:00,5.297,5.358,5.25,5.358,22.06
2025-11-05 16:00:00+00:00,5.379,5.505,5.349,5.505,100.17
2025-11-05 20:00:00+00:00,5.508,5.508,5.339,5.339,37.61
2025-11-06 00:00:00+00:00,5.29,5.389,5.26,5.33,4.82
2025-11-06 04:00:00+00:00,5.28,5.28,5.259,5.259,23.3
2025-11-06 08:00:00+00:00,5.253,5.253,5.243,5.243,27.8
2025-11-06 12:00:00+00:00,5.224,5.224,5.224,5.224,4.42
2025-11-06 16:00:00+00:00,5.18,5.185,5.14,5.185,13.16
2025-11-06 20:00:00+00:00,5.298,5.301,5.25,5.25,37.0
2025-11-07 00:00:00+00:00,5.253,5.362,5.253,5.253,36.45
2025-11-07 04:00:00+00:00,5.378,5.461,5.378,5.461,35.22
2025-11-07 08:00:00+00:00,5.341,5.371,5.309,5.371,44.72
2025-11-07 12:00:00+00:00,5.391,5.62,5.23,5.62,111.06
2025-11-07 16:00:00+00:00,5.599,5.892,5.452,5.847,2021.42
2025-11-07 20:00:00+00:00,5.847,5.847,5.847,5.847,0.0
2025-11-08 00:00:00+00:00,6.017,6.128,5.761,6.113,220.16
2025-11-08 04:00:00+00:00,6.02,6.02,6.02,6.02,33.72
2025-11-08 08:00:00+00:00,6.093,6.129,6.037,6.037,13.56
2025-11-08 12:00:00+00:00,6.037,6.037,6.037,6.037,0.0
2025-11-08 16:00:00+00:00,5.902,6.114,5.899,6.114,77.03
2025-11-08 20:00:00+00:00,6.0,6.124,6.0,6.0,256.64
2025-11-09 00:00:00+00:00,5.902,5.902,5.778,5.778,36.98
2025-11-09 04:00:00+00:00,6.001,6.001,6.001,6.001,1.73
2025-11-09 08:00:00+00:00,5.95,6.426,5.761,6.309,162.84
2025-11-09 12:00:00+00:00,6.426,6.645,6.307,6.494,651.14
2025-11-09 16:00:00+00:00,6.494,6.753,6.494,6.753,1282.97
2025-11-09 20:00:00+00:00,6.638,6.689,6.545,6.545,74.95
2025-11-10 00:00:00+00:00,6.688,6.736,6.688,6.736,284.56
2025-11-10 04:00:00+00:00,6.737,6.846,6.643,6.845,198.89
2025-11-10 08:00:00+00:00,6.846,7.2,6.776,7.2,241.83
2025-11-10 12:00:00+00:00,7.043,7.054,6.804,6.961,75.96
2025-11-10 16:00:00+00:00,6.988,7.311,6.892,7.127,133.59
2025-11-10 20:00:00+00:00,7.312,9.981,7.255,9.186,13870.46
2025-11-11 00:00:00+00:00,9.352,10.287,9.14,9.331,10754.69
2025-11-11 04:00:00+00:00,9.331,9.331,8.4,8.4,1706.17
2025-11-11 08:00:00+00:00,8.475,8.715,8.184,8.673,1291.44
2025-11-11 12:00:00+00:00,8.716,9.305,8.392,9.12,2039.94
2025-11-11 16:00:00+00:00,9.004,9.165,8.438,8.673,5505.98
2025-11-11 20:00:00+00:00,8.67,8.804,8.169,8.278,7615.43
2025-11-12 00:00:00+00:00,8.28,8.804,8.28,8.804,628.73
2025-11-12 04:00:00+00:00,8.694,8.848,8.392,8.392,136.06
2025-11-12 08:00:00+00:00,8.41,8.804,8.41,8.692,367.92
2025-11-12 12:00:00+00:00,8.649,8.649,7.759,7.759,384.5
2025-11-12 16:00:00+00:00,7.782,7.967,7.559,7.573,396.88
2025-11-12 20:00:00+00:00,7.536,7.727,7.486,7.597,202.55
2025-11-13 00:00:00+00:00,7.561,8.167,7.557,7.931,462.91
2025-11-13 04:00:00+00:00,7.906,8.127,7.847,7.847,113.97
2025-11-13 08:00:00+00:00,7.965,8.11,7.821,8.019,150.41
2025-11-13 12:00:00+00:00,7.909,8.127,7.7,7.905,199.96
2025-11-13 16:00:00+00:00,7.973,8.007,7.559,7.559,259.88
2025-11-13 20:00:00+00:00,7.522,7.826,7.483,7.81,1929.27
2025-11-14 00:00:00+00:00,7.81,7.81,7.522,7.522,989.88
2025-11-14 04:00:00+00:00,7.484,7.619,7.188,7.524,143.94
2025-11-14 08:00:00+00:00,7.522,7.522,7.11,7.317,1315.13
2025-11-14 12:00:00+00:00,7.109,7.326,6.954,7.28,421.77
2025-11-14 16:00:00+00:00,7.201,7.343,7.064,7.064,377.27
2025-11-14 20:00:00+00:00,7.001,7.105,6.954,6.995,29.23
2025-11-15 00:00:00+00:00,7.085,7.447,7.085,7.447,47.49
2025-11-15 04:00:00+00:00,7.45,7.535,7.281,7.53,94.53
2025-11-15 08:00:00+00:00,7.367,7.375,7.237,7.375,434.02
2025-11-15 12:00:00+00:00,7.375,7.375,7.375,7.375,0.0
2025-11-15 16:00:00+00:00,7.533,7.64,7.417,7.522,30.72
2025-11-15 20:00:00+00:00,7.484,7.484,7.361,7.461,15.42
2025-11-16 00:00:00+00:00,7.316,7.316,7.229,7.229,16.6
2025-11-16 04:00:00+00:00,7.533,7.851,7.533,7.851,1503.13
2025-11-16 08:00:00+00:00,7.877,7.877,7.587,7.587,885.85
2025-11-16 12:00:00+00:00,7.582,7.605,7.366,7.366,64.21
2025-11-16 16:00:00+00:00,7.362,7.362,7.167,7.18,98.89
2025-11-16 20:00:00+00:00,7.131,7.156,6.901,7.156,66.43
2025-11-17 00:00:00+00:00,7.231,7.404,7.231,7.404,41.19
2025-11-17 04:00:00+00:00,7.418,8.113,7.327,8.113,344.05
2025-11-17 08:00:00+00:00,8.127,8.142,7.767,8.119,363.75
2025-11-17 12:00:00+00:00,7.988,8.086,7.674,7.849,395.3
2025-11-17 16:00:00+00:00,7.751,7.751,7.121,7.121,1357.13
2025-11-17 20:00:00+00:00,7.128,7.436,7.128,7.38,82.54
2025-11-18 00:00:00+00:00,7.432,7.581,7.318,7.581,142.64
2025-11-18 04:00:00+00:00,7.484,7.484,7.197,7.25,184.49
2025-11-18 08:00:00+00:00,7.319,7.319,7.28,7.28,32.45
2025-11-18 12:00:00+00:00,7.228,7.619,7.228,7.619,46.59
2025-11-18 16:00:00+00:00,7.641,7.757,7.559,7.559,234.71
2025-11-18 20:00:00+00:00,7.522,7.531,7.467,7.467,110.09
2025-11-19 00:00:00+00:00,7.441,7.441,7.202,7.216,281.42
2025-11-19 04:00:00+00:00,7.317,7.317,7.065,7.307,127.11
2025-11-19 08:00:00+00:00,7.321,7.359,7.249,7.267,649.27
2025-11-19 12:00:00+00:00,7.289,7.29,6.877,6.877,438.97
2025-11-19 16:00:00+00:00,6.932,6.99,6.837,6.837,1217.14
2025-11-19 20:00:00+00:00,6.833,7.154,6.833,7.154,1289.6
2025-11-20 00:00:00+00:00,7.235,7.358,7.064,7.137,36.31
2025-11-20 04:00:00+00:00,7.137,7.137,7.137,7.137,0.0
2025-11-20 08:00:00+00:00,7.155,7.289,7.155,7.289,22.11
2025-11-20 12:00:00+00:00,7.142,7.142,7.0,7.0,3.01
2025-11-20 16:00:00+00:00,6.99,6.99,6.507,6.507,2125.23
2025-11-20 20:00:00+00:00,6.527,6.527,6.527,6.527,0.4
2025-11-21 00:00:00+00:00,6.732,6.771,6.519,6.771,919.35
2025-11-21 04:00:00+00:00,6.717,6.717,6.019,6.267,318.44
2025-11-21 08:00:00+00:00,6.493,6.493,6.006,6.006,18.22
2025-11-21 12:00:00+00:00,6.119,6.365,6.08,6.365,41.25
2025-11-21 16:00:00+00:00,6.21,6.607,6.178,6.572,215.25
2025-11-21 20:00:00+00:00,6.329,6.567,6.329,6.567,4.01
2025-11-22 00:00:00+00:00,6.584,6.617,6.584,6.617,189.96
2025-11-22 04:00:00+00:00,6.357,6.357,6.269,6.269,93.61
2025-11-22 08:00:00+00:00,6.239,6.239,6.143,6.2,110.62
2025-11-22 12:00:00+00:00,6.045,6.183,6.006,6.072,61.77
2025-11-22 16:00:00+00:00,6.04,6.04,6.0,6.0,301.54
2025-11-22 20:00:00+00:00,6.0,6.327,5.925,6.154,477.98
2025-11-23 00:00:00+00:00,6.154,6.247,6.154,6.247,7042.66
2025-11-23 04:00:00+00:00,6.313,6.313,6.313,6.313,7.92
2025-11-23 08:00:00+00:00,6.23,6.23,6.075,6.075,19.29
2025-11-23 12:00:00+00:00,6.269,6.272,6.269,6.27,429.35
2025-11-23 16:00:00+00:00,6.142,6.179,6.056,6.179,60.28
2025-11-23 20:00:00+00:00,6.198,6.282,6.188,6.188,44.95
2025-11-24 00:00:00+00:00,6.175,6.468,6.166,6.468,26.31
2025-11-24 04:00:00+00:00,6.4,6.4,6.225,6.244,355.86
2025-11-24 08:00:00+00:00,6.28,6.28,6.132,6.146,39.57
2025-11-24 12:00:00+00:00,6.15,6.241,6.122,6.241,15.4
2025-11-24 16:00:00+00:00,6.252,6.415,6.252,6.293,1151.28
2025-11-24 20:00:00+00:00,6.418,6.422,6.308,6.324,79.49
2025-11-25 00:00:00+00:00,6.295,6.381,6.295,6.381,424.6
2025-11-25 04:00:00+00:00,6.356,6.397,6.204,6.204,70.37
2025-11-25 08:00:00+00:00,6.136,6.229,6.075,6.229,26.68
2025-11-25 12:00:00+00:00,6.203,6.203,5.944,5.997,363.72
2025-11-25 16:00:00+00:00,6.088,6.21,6.088,6.21,10.52
2025-11-25 20:00:00+00:00,6.213,6.232,6.213,6.232,166.75
2025-11-26 00:00:00+00:00,6.17,6.176,6.17,6.176,12.3
2025-11-26 04:00:00+00:00,6.123,6.123,6.123,6.123,2.08
2025-11-26 08:00:00+00:00,6.043,6.043,6.027,6.027,13.52
2025-11-26 12:00:00+00:00,6.027,6.027,6.027,6.027,0.0
2025-11-26 16:00:00+00:00,6.236,6.361,6.236,6.269,104.03
2025-11-26 20:00:00+00:00,6.226,6.226,6.225,6.225,2.95
2025-11-27 00:00:00+00:00,6.38,6.385,6.286,6.286,36.18
2025-11-27 04:00:00+00:00,6.286,6.286,6.286,6.286,0.0
2025-11-27 08:00:00+00:00,6.171,6.174,6.17,6.174,17.99
2025-11-27 12:00:00+00:00,6.116,6.277,6.116,6.277,34.78
2025-11-27 16:00:00+00:00,6.277,6.277,6.277,6.277,0.0
2025-11-27 20:00:00+00:00,6.277,6.277,6.277,6.277,0.0
2025-11-28 00:00:00+00:00,6.116,6.122,6.051,6.108,17.65
2025-11-28 04:00:00+00:00,6.108,6.108,6.108,6.108,0.0
2025-11-28 08:00:00+00:00,6.25,6.29,6.25,6.29,11.33
2025-11-28 12:00:00+00:00,6.244,6.352,6.227,6.352,12.84
2025-11-28 16:00:00+00:00,6.175,6.175,6.133,6.172,16.45
2025-11-28 20:00:00+00:00,6.074,6.074,6.074,6.074,15.1
2025-11-29 00:00:00+00:00,6.074,6.074,6.074,6.074,0.0
2025-11-29 04:00:00+00:00,6.074,6.074,6.074,6.074,0.0
2025-11-29 08:00:00+00:00,6.027,6.027,6.027,6.027,50.08
2025-11-29 12:00:00+00:00,6.027,6.027,6.027,6.027,0.0
2025-11-29 16:00:00+00:00,6.097,6.097,6.0,6.0,508.1
2025-11-29 20:00:00+00:00,6.076,6.076,6.076,6.076,6.0
2025-11-30 00:00:00+00:00,6.069,6.07,6.069,6.07,9.78
2025-11-30 04:00:00+00:00,6.161,6.161,6.161,6.161,1.62
2025-11-30 08:00:00+00:00,6.144,6.144,6.144,6.144,0.54
2025-11-30 12:00:00+00:00,6.144,6.144,6.144,6.144,0.0
2025-11-30 16:00:00+00:00,6.245,6.245,6.105,6.105,10.37
2025-11-30 20:00:00+00:00,6.106,6.106,6.105,6.105,12.39
2025-12-01 00:00:00+00:00,6.0,6.0,5.529,5.529,1248.84
2025-12-01 04:00:00+00:00,5.5,5.671,5.5,5.671,911.29
2025-12-01 08:00:00+00:00,5.671,5.671,5.671,5.671,0.0
2025-12-01 12:00:00+00:00,5.515,5.515,5.515,5.515,0.25
2025-12-01 16:00:00+00:00,5.602,5.602,5.45,5.45,59.37
2025-12-01 20:00:00+00:00,5.639,5.677,5.545,5.551,218.77
2025-12-02 00:00:00+00:00,5.619,5.619,5.608,5.608,17.34
2025-12-02 04:00:00+00:00,5.608,5.608,5.608,5.608,0.0
2025-12-02 08:00:00+00:00,5.437,5.437,5.379,5.379,36.97
2025-12-02 12:00:00+00:00,5.57,5.89,5.57,5.888,15.06
2025-12-02 16:00:00+00:00,5.9,6.033,5.898,6.033,86.13
2025-12-02 20:00:00+00:00,6.002,6.01,5.948,5.948,11.65
2025-12-03 00:00:00+00:00,5.868,6.015,5.868,6.004,22.55
2025-12-03 04:00:00+00:00,6.034,6.188,6.034,6.184,69.43
2025-12-03 08:00:00+00:00,6.116,6.116,6.116,6.116,1.51
2025-12-03 12:00:00+00:00,6.036,6.036,6.036,6.036,5.74
2025-12-03 16:00:00+00:00,5.954,6.065,5.942,6.065,914.0
2025-12-03 20:00:00+00:00,6.065,6.065,6.065,6.065,0.0
2025-12-04 00:00:00+00:00,6.11,6.17,6.104,6.15,24.94
2025-12-04 04:00:00+00:00,6.15,6.15,6.053,6.053,662.2
2025-12-04 08:00:00+00:00,6.053,6.053,6.047,6.047,3.29
2025-12-04 12:00:00+00:00,6.047,6.052,5.968,6.052,40.97
2025-12-04 16:00:00+00:00,6.041,6.041,5.878,5.878,39.15
2025-12-04 20:00:00+00:00,5.977,6.029,5.974,5.974,16.86
2025-12-05 00:00:00+00:00,5.986,5.986,5.986,5.986,4.98
2025-12-05 04:00:00+00:00,5.925,5.925,5.894,5.894,22.14
2025-12-05 08:00:00+00:00,5.83,5.83,5.785,5.785,12.11
2025-12-05 12:00:00+00:00,5.851,5.852,5.737,5.813,61.83
2025-12-05 16:00:00+00:00,5.643,5.643,5.402,5.402,212.97
2025-12-05 20:00:00+00:00,5.578,5.578,5.514,5.514,34.95
2025-12-06 00:00:00+00:00,5.511,5.511,5.419,5.419,14.08
2025-12-06 04:00:00+00:00,5.473,5.539,5.473,5.538,57.72
2025-12-06 08:00:00+00:00,5.493,5.534,5.407,5.41,906.41
2025-12-06 12:00:00+00:00,5.528,5.532,5.528,5.532,70.26
2025-12-06 16:00:00+00:00,5.516,5.634,5.493,5.62,56.07
2025-12-06 20:00:00+00:00,5.559,5.559,5.559,5.559,4.84
2025-12-07 00:00:00+00:00,5.591,5.662,5.591,5.608,18.14
2025-12-07 04:00:00+00:00,5.614,5.614,5.614,5.614,12.26
2025-12-07 08:00:00+00:00,5.54,5.54,5.539,5.539,18.86
2025-12-07 12:00:00+00:00,5.513,5.513,5.368,5.368,106.27
2025-12-07 16:00:00+00:00,5.544,5.587,5.531,5.587,20.19
2025-12-07 20:00:00+00:00,5.534,5.534,5.417,5.417,13.27
2025-12-08 00:00:00+00:00,5.378,5.378,5.378,5.378,0.91
2025-12-08 04:00:00+00:00,5.652,5.658,5.574,5.658,20.97
2025-12-08 08:00:00+00:00,5.739,5.793,5.638,5.793,5.92
2025-12-08 12:00:00+00:00,5.644,5.644,5.609,5.633,31.91
2025-12-08 16:00:00+00:00,5.644,5.688,5.567,5.567,55.03
2025-12-08 20:00:00+00:00,5.567,5.567,5.567,5.567,0.0
2025-12-09 00:00:00+00:00,5.584,5.584,5.435,5.463,36.29
2025-12-09 04:00:00+00:00,5.451,5.451,5.451,5.451,14.92
2025-12-09 08:00:00+00:00,5.532,5.532,5.532,5.532,0.56
2025-12-09 12:00:00+00:00,5.478,5.707,5.478,5.651,254.38
2025-12-09 16:00:00+00:00,5.747,5.95,5.747,5.836,59.11
2025-12-09 20:00:00+00:00,5.801,5.801,5.654,5.787,20.91
2025-12-10 00:00:00+00:00,5.655,5.73,5.578,5.618,53.51
2025-12-10 04:00:00+00:00,5.663,5.663,5.599,5.599,22.68
2025-12-10 08:00:00+00:00,5.564,5.617,5.536,5.536,67.16
2025-12-10 12:00:00+00:00,5.55,5.573,5.536,5.536,35.77
2025-12-10 16:00:00+00:00,5.729,5.836,5.672,5.836,124.82
2025-12-10 20:00:00+00:00,5.8,5.893,5.611,5.625,153.03
2025-12-11 00:00:00+00:00,5.646,5.647,5.304,5.347,372.22
2025-12-11 04:00:00+00:00,5.357,5.38,5.357,5.38,11.14
2025-12-11 08:00:00+00:00,5.334,5.393,5.334,5.393,30.26
2025-12-11 12:00:00+00:00,5.315,5.399,5.315,5.399,271.23
2025-12-11 16:00:00+00:00,5.381,5.438,5.307,5.438,94.4
2025-12-11 20:00:00+00:00,5.494,5.603,5.494,5.537,123.7
2025-12-12 00:00:00+00:00,5.439,5.524,5.439,5.524,5.75
2025-12-12 04:00:00+00:00,5.52,5.52,5.52,5.52,10.1
2025-12-12 08:00:00+00:00,5.609,5.623,5.566,5.566,51.37
2025-12-12 12:00:00+00:00,5.596,5.596,5.254,5.254,44.92
2025-12-12 16:00:00+00:00,5.27,5.341,5.224,5.308,1025.9
2025-12-12 20:00:00+00:00,5.342,5.406,5.328,5.406,27.85
2025-12-13 00:00:00+00:00,5.406,5.406,5.406,5.406,0.0
2025-12-13 04:00:00+00:00,5.454,5.454,5.386,5.421,9.24
2025-12-13 08:00:00+00:00,5.455,5.538,5.412,5.468,28.51
2025-12-13 12:00:00+00:00,5.456,5.457,5.456,5.457,1.83
2025-12-13 16:00:00+00:00,5.441,5.531,5.441,5.494,9.07
2025-12-13 20:00:00+00:00,5.494,5.494,5.474,5.474,36.76
2025-12-14 00:00:00+00:00,5.474,5.474,5.474,5.474,0.0
2025-12-14 04:00:00+00:00,5.474,5.474,5.474,5.474,0.0
2025-12-14 08:00:00+00:00,5.351,5.351,5.351,5.351,10.55
2025-12-14 12:00:00+00:00,5.379,5.432,5.379,5.432,21.52
2025-12-14 16:00:00+00:00,5.394,5.394,5.329,5.329,21.08
2025-12-14 20:00:00+00:00,5.32,5.32,5.254,5.257,66.87
2025-12-15 00:00:00+00:00,5.332,5.454,5.332,5.454,30.64
2025-12-15 04:00:00+00:00,5.411,5.412,5.411,5.412,2.3
2025-12-15 08:00:00+00:00,5.361,5.361,5.355,5.355,187.36
2025-12-15 12:00:00+00:00,5.345,5.345,5.1,5.14,247.46
2025-12-15 16:00:00+00:00,5.088,5.126,4.976,5.116,1940.88
2025-12-15 20:00:00+00:00,5.05,5.102,5.009,5.1,67.52
2025-12-16 00:00:00+00:00,5.082,5.112,4.979,4.979,55.71
2025-12-16 04:00:00+00:00,4.972,5.032,4.941,5.0,3248.52
2025-12-16 08:00:00+00:00,5.042,5.043,5.042,5.043,7.09
2025-12-16 12:00:00+00:00,5.137,5.235,5.1,5.235,32.24
2025-12-16 16:00:00+00:00,5.235,5.235,5.235,5.235,0.0
2025-12-16 20:00:00+00:00,5.181,5.181,5.158,5.158,5.82
2025-12-17 00:00:00+00:00,5.158,5.158,5.158,5.158,0.0
2025-12-17 04:00:00+00:00,5.13,5.13,5.08,5.08,22.69
2025-12-17 08:00:00+00:00,5.043,5.043,5.043,5.043,4.08
2025-12-17 12:00:00+00:00,5.109,5.306,5.035,5.097,95.4
2025-12-17 16:00:00+00:00,5.039,5.041,4.886,4.948,66.73
2025-12-17 20:00:00+00:00,4.981,4.981,4.929,4.96,42.08
2025-12-18 00:00:00+00:00,4.967,4.976,4.891,4.891,35.81
2025-12-18 04:00:00+00:00,4.886,4.886,4.88,4.88,24.07
2025-12-18 08:00:00+00:00,5.016,5.329,5.016,5.222,143.41
2025-12-18 12:00:00+00:00,5.362,5.398,5.253,5.306,61.6
2025-12-18 16:00:00+00:00,5.201,5.201,4.911,4.911,124.96
2025-12-18 20:00:00+00:00,4.936,4.967,4.875,4.967,60.49
2025-12-19 00:00:00+00:00,4.967,5.101,4.964,5.037,574.75
2025-12-19 04:00:00+00:00,5.026,5.162,5.026,5.162,414.62
2025-12-19 08:00:00+00:00,5.201,5.201,5.185,5.185,11.98
2025-12-19 12:00:00+00:00,5.187,5.325,5.187,5.189,34.16
2025-12-19 16:00:00+00:00,5.234,5.291,5.234,5.29,19.48
2025-12-19 20:00:00+00:00,5.304,5.304,5.304,5.304,9.4
2025-12-20 00:00:00+00:00,5.274,5.274,5.274,5.274,8.78
2025-12-20 04:00:00+00:00,5.425,5.794,5.394,5.794,1321.14
2025-12-20 08:00:00+00:00,5.788,5.788,5.593,5.756,46.67
2025-12-20 12:00:00+00:00,5.693,6.108,5.693,6.108,2778.68
2025-12-20 16:00:00+00:00,6.093,6.296,6.038,6.296,681.23
2025-12-20 20:00:00+00:00,6.183,6.35,6.183,6.187,52.88
2025-12-21 00:00:00+00:00,6.153,6.153,6.153,6.153,4.44
2025-12-21 04:00:00+00:00,6.462,6.462,6.286,6.328,49.65
2025-12-21 08:00:00+00:00,6.32,6.32,6.292,6.292,2.4
2025-12-21 12:00:00+00:00,6.126,6.193,6.083,6.112,180.23
2025-12-21 16:00:00+00:00,6.112,6.112,6.112,6.112,0.0
2025-12-21 20:00:00+00:00,6.087,6.141,6.087,6.141,84.39
2025-12-22 00:00:00+00:00,6.171,6.267,6.148,6.148,13.57
2025-12-22 04:00:00+00:00,6.25,6.25,6.232,6.232,18.22
2025-12-22 08:00:00+00:00,6.183,6.183,6.137,6.137,13.9
2025-12-22 12:00:00+00:00,6.295,6.402,6.248,6.248,40.31
2025-12-22 16:00:00+00:00,6.194,6.197,6.061,6.14,24.06
2025-12-22 20:00:00+00:00,5.996,6.063,5.967,6.063,51.19
2025-12-23 00:00:00+00:00,6.023,6.023,6.023,6.023,5.57
2025-12-23 04:00:00+00:00,6.024,6.041,6.024,6.04,44.34
2025-12-23 08:00:00+00:00,5.957,5.957,5.833,5.892,189.89
2025-12-23 12:00:00+00:00,5.794,5.794,5.67,5.763,99.77
2025-12-23 16:00:00+00:00,5.787,5.854,5.705,5.725,467.9
2025-12-23 20:00:00+00:00,5.734,5.734,5.734,5.734,0.88
2025-12-24 00:00:00+00:00,5.797,5.802,5.716,5.716,35.24
2025-12-24 04:00:00+00:00,5.652,5.652,5.623,5.63,5.87
2025-12-24 08:00:00+00:00,5.6,5.6,5.6,5.6,0.31
2025-12-24 12:00:00+00:00,5.684,5.709,5.684,5.709,4.92
2025-12-24 16:00:00+00:00,5.868,5.868,5.868,5.868,8.03
2025-12-24 20:00:00+00:00,5.868,5.868,5.868,5.868,0.0
2025-12-25 00:00:00+00:00,5.752,5.883,5.751,5.883,10.61
2025-12-25 04:00:00+00:00,5.766,5.766,5.731,5.731,4.21
2025-12-25 08:00:00+00:00,5.728,5.728,5.728,5.728,1.61
2025-12-25 12:00:00+00:00,5.861,5.913,5.855,5.855,19.82
2025-12-25 16:00:00+00:00,5.997,6.069,5.923,6.006,55.92
2025-12-25 20:00:00+00:00,5.879,5.927,5.78,5.78,172.69
2025-12-26 00:00:00+00:00,5.816,5.95,5.756,5.946,32.4
2025-12-26 04:00:00+00:00,6.013,6.025,6.013,6.025,17.4
2025-12-26 08:00:00+00:00,5.854,5.854,5.854,5.854,9.19
2025-12-26 12:00:00+00:00,5.862,5.883,5.838,5.838,44.87
2025-12-26 16:00:00+00:00,5.819,5.889,5.819,5.889,5.12
2025-12-26 20:00:00+00:00,5.825,5.825,5.825,5.825,8.57
2025-12-27 00:00:00+00:00,5.782,6.003,5.782,6.003,72.49
2025-12-27 04:00:00+00:00,6.003,6.003,6.003,6.003,0.0
2025-12-27 08:00:00+00:00,6.013,6.013,5.896,5.896,18.47
2025-12-27 12:00:00+00:00,5.896,5.896,5.896,5.896,0.0
2025-12-27 16:00:00+00:00,5.903,5.903,5.903,5.903,2.0
2025-12-27 20:00:00+00:00,5.968,5.968,5.896,5.931,37.94
2025-12-28 00:00:00+00:00,5.98,6.081,5.941,6.021,661.11
2025-12-28 04:00:00+00:00,6.107,6.402,6.043,6.35,375.63
2025-12-28 08:00:00+00:00,6.288,6.304,6.254,6.304,7.31
2025-12-28 12:00:00+00:00,6.304,6.461,6.304,6.419,2733.78
2025-12-28 16:00:00+00:00,6.362,6.362,6.179,6.19,114.1
2025-12-28 20:00:00+00:00,6.107,6.249,6.103,6.2,183.81
2025-12-29 00:00:00+00:00,6.293,6.302,6.293,6.302,3.89
2025-12-29 04:00:00+00:00,6.373,6.373,6.231,6.231,58.92
2025-12-29 08:00:00+00:00,6.18,6.181,6.0,6.181,35.64
2025-12-29 12:00:00+00:00,6.017,6.044,5.987,5.989,310.24
2025-12-29 16:00:00+00:00,6.042,6.042,5.951,6.01,43.31
2025-12-29 20:00:00+00:00,5.988,6.008,5.941,6.003,43.2
2025-12-30 00:00:00+00:00,5.964,5.964,5.923,5.962,237.78
2025-12-30 04:00:00+00:00,5.96,5.96,5.941,5.941,9.07
2025-12-30 08:00:00+00:00,5.919,5.919,5.919,5.919,0.8
2025-12-30 12:00:00+00:00,5.996,5.996,5.926,5.961,24.77
2025-12-30 16:00:00+00:00,5.996,5.996,5.961,5.982,12.36
2025-12-30 20:00:00+00:00,5.973,5.973,5.874,5.944,6.03
2025-12-31 00:00:00+00:00,5.911,5.974,5.895,5.957,7.47
2025-12-31 04:00:00+00:00,5.923,5.923,5.9,5.9,23.61
2025-12-31 08:00:00+00:00,5.851,5.928,5.851,5.894,23.4
2025-12-31 12:00:00+00:00,5.927,5.927,5.801,5.802,4808.88
2025-12-31 16:00:00+00:00,5.849,5.849,5.676,5.72,107.31
2025-12-31 20:00:00+00:00,5.668,5.718,5.587,5.587,259.96
2026-01-01 00:00:00+00:00,5.629,5.629,5.629,5.629,2.9
2026-01-01 04:00:00+00:00,5.629,5.629,5.628,5.629,282.72
2026-01-01 08:00:00+00:00,5.654,5.654,5.654,5.654,0.82
2026-01-01 12:00:00+00:00,5.724,5.781,5.724,5.781,191.32
2026-01-01 16:00:00+00:00,5.748,5.831,5.748,5.831,54.42
2026-01-01 20:00:00+00:00,5.82,5.827,5.809,5.81,99.64
2026-01-02 00:00:00+00:00,5.852,5.853,5.685,5.685,189.69
2026-01-02 04:00:00+00:00,5.844,5.844,5.747,5.751,21.52
2026-01-02 08:00:00+00:00,5.788,5.841,5.788,5.824,25.47
2026-01-02 12:00:00+00:00,5.806,5.917,5.765,5.857,1718.5
2026-01-02 16:00:00+00:00,5.859,6.026,5.859,6.026,442.43
2026-01-02 20:00:00+00:00,6.01,6.097,6.01,6.048,233.54
2026-01-03 00:00:00+00:00,6.101,6.117,6.024,6.038,68.44
2026-01-03 04:00:00+00:00,6.074,6.074,5.8,5.829,149.36
2026-01-03 08:00:00+00:00,5.816,5.857,5.816,5.819,385.48
2026-01-03 12:00:00+00:00,5.806,5.875,5.804,5.875,313.72
2026-01-03 16:00:00+00:00,5.877,5.902,5.877,5.902,9.75
2026-01-03 20:00:00+00:00,5.894,5.949,5.894,5.949,21.7
2026-01-04 00:00:00+00:00,5.95,6.065,5.95,6.017,4.79
2026-01-04 04:00:00+00:00,6.053,6.053,5.845,5.845,48.99
2026-01-04 08:00:00+00:00,5.853,6.047,5.853,6.047,15.42
2026-01-04 12:00:00+00:00,5.912,5.912,5.912,5.912,9.91
2026-01-04 16:00:00+00:00,6.06,6.06,5.775,5.775,287.16
2026-01-04 20:00:00+00:00,5.786,5.835,5.776,5.835,71.99
2026-01-05 00:00:00+00:00,5.989,6.061,5.842,6.054,144.22
2026-01-05 04:00:00+00:00,6.048,6.048,5.835,5.835,338.41
2026-01-05 08:00:00+00:00,5.836,5.836,5.836,5.836,0.19
2026-01-05 12:00:00+00:00,5.864,5.864,5.835,5.835,7293.91
2026-01-05 16:00:00+00:00,5.893,5.952,5.729,5.781,300.15
2026-01-05 20:00:00+00:00,5.953,6.44,5.881,6.336,1103.52
2026-01-06 00:00:00+00:00,6.358,6.358,6.006,6.047,171.58
2026-01-06 04:00:00+00:00,6.264,6.306,6.005,6.005,961.57
2026-01-06 08:00:00+00:00,6.191,6.191,6.07,6.07,29.8
2026-01-06 12:00:00+00:00,6.23,6.341,6.186,6.186,1050.38
2026-01-06 16:00:00+00:00,6.005,6.058,5.906,5.929,245.79
2026-01-06 20:00:00+00:00,6.112,6.112,5.93,5.95,9.0
2026-01-07 00:00:00+00:00,5.967,5.968,5.957,5.968,12.63
2026-01-07 04:00:00+00:00,6.013,6.021,5.964,6.021,165.51
2026-01-07 08:00:00+00:00,6.061,6.066,5.841,5.925,119.2
2026-01-07 12:00:00+00:00,5.887,5.921,5.705,5.763,787.51
2026-01-07 16:00:00+00:00,5.739,5.75,5.675,5.675,265.84
2026-01-07 20:00:00+00:00,5.668,5.784,5.668,5.734,164.63
2026-01-08 00:00:00+00:00,5.793,5.793,5.709,5.709,11.92
2026-01-08 04:00:00+00:00,5.693,5.746,5.507,5.746,200.17
2026-01-08 08:00:00+00:00,5.611,5.71,5.452,5.452,76.78
2026-01-08 12:00:00+00:00,5.539,5.539,5.401,5.401,223.52
2026-01-08 16:00:00+00:00,5.483,5.689,5.409,5.462,135.09
2026-01-08 20:00:00+00:00,5.443,5.443,5.421,5.421,27.08
2026-01-09 00:00:00+00:00,5.587,5.587,5.551,5.553,38.28
2026-01-09 04:00:00+00:00,5.466,5.466,5.466,5.466,0.92
2026-01-09 08:00:00+00:00,5.441,5.441,5.371,5.372,51.11
2026-01-09 12:00:00+00:00,5.422,5.422,5.422,5.422,10.98
2026-01-09 16:00:00+00:00,5.576,5.576,5.461,5.461,15.39
2026-01-09 20:00:00+00:00,5.423,5.423,5.423,5.423,16.87
2026-01-10 00:00:00+00:00,5.453,5.453,5.453,5.453,4.9
2026-01-10 04:00:00+00:00,5.594,5.597,5.455,5.518,259.95
2026-01-10 08:00:00+00:00,5.518,5.518,5.518,5.518,0.0
2026-01-10 12:00:00+00:00,5.488,5.488,5.434,5.452,11.99
2026-01-10 16:00:00+00:00,5.432,5.432,5.432,5.432,2.27
2026-01-10 20:00:00+00:00,5.561,5.601,5.424,5.424,155.77
2026-01-11 00:00:00+00:00,5.419,5.419,5.419,5.419,33.5
2026-01-11 04:00:00+00:00,5.423,5.423,5.423,5.423,1.92
2026-01-11 08:00:00+00:00,5.437,5.443,5.437,5.443,10.87
2026-01-11 12:00:00+00:00,5.443,5.443,5.443,5.443,0.0
2026-01-11 16:00:00+00:00,5.525,5.597,5.502,5.502,19.41
2026-01-11 20:00:00+00:00,5.485,5.508,5.4,5.508,124.56
2026-01-12 00:00:00+00:00,5.523,5.538,5.523,5.538,23.47
2026-01-12 04:00:00+00:00,5.56,5.602,5.418,5.498,44.35
2026-01-12 08:00:00+00:00,5.403,5.403,5.4,5.4,43.52
2026-01-12 12:00:00+00:00,5.352,5.475,5.306,5.475,89.0
2026-01-12 16:00:00+00:00,5.484,5.5,5.484,5.5,13.92
2026-01-12 20:00:00+00:00,5.471,5.471,5.306,5.309,56.31
2026-01-13 00:00:00+00:00,5.31,5.31,5.31,5.31,0.33
2026-01-13 04:00:00+00:00,5.31,5.31,5.31,5.31,0.0
2026-01-13 08:00:00+00:00,5.33,5.33,5.33,5.33,0.39
2026-01-13 12:00:00+00:00,5.504,5.593,5.469,5.593,85.96
2026-01-13 16:00:00+00:00,5.593,5.593,5.593,5.593,0.0
2026-01-13 20:00:00+00:00,5.638,5.805,5.52,5.713,180.34
2026-01-14 00:00:00+00:00,5.712,5.818,5.709,5.818,197.98
2026-01-14 04:00:00+00:00,5.774,5.774,5.774,5.774,1.83
2026-01-14 08:00:00+00:00,5.805,5.81,5.758,5.758,51.64
2026-01-14 12:00:00+00:00,5.758,5.758,5.758,5.758,0.0
2026-01-14 16:00:00+00:00,5.845,5.845,5.807,5.807,15.07
2026-01-14 20:00:00+00:00,5.683,5.716,5.683,5.683,131.28
2026-01-15 00:00:00+00:00,5.7,5.703,5.476,5.511,153.89
2026-01-15 04:00:00+00:00,5.48,5.52,5.475,5.505,262.55
2026-01-15 08:00:00+00:00,5.511,5.562,5.49,5.536,969.0
2026-01-15 12:00:00+00:00,5.51,5.511,5.283,5.463,308.93
2026-01-15 16:00:00+00:00,5.504,5.504,5.341,5.341,222.04
2026-01-15 20:00:00+00:00,5.32,5.372,5.233,5.366,261.13
2026-01-16 00:00:00+00:00,5.348,5.358,5.294,5.319,17.26
2026-01-16 04:00:00+00:00,5.25,5.372,5.246,5.327,195.66
2026-01-16 08:00:00+00:00,5.327,5.327,5.327,5.327,0.0
2026-01-16 12:00:00+00:00,5.229,5.229,5.159,5.159,49.45
2026-01-16 16:00:00+00:00,5.143,5.256,5.143,5.255,29.12
2026-01-16 20:00:00+00:00,5.339,5.346,5.252,5.265,196.1
2026-01-17 00:00:00+00:00,5.265,5.265,5.265,5.265,0.0
2026-01-17 04:00:00+00:00,5.342,5.342,5.342,5.342,0.87
2026-01-17 08:00:00+00:00,5.38,5.392,5.378,5.392,22.03
2026-01-17 12:00:00+00:00,5.409,5.409,5.282,5.342,47.1
2026-01-17 16:00:00+00:00,5.315,5.315,5.315,5.315,2.59
2026-01-17 20:00:00+00:00,5.315,5.315,5.315,5.315,0.0
2026-01-18 00:00:00+00:00,5.315,5.315,5.315,5.315,0.0
2026-01-18 04:00:00+00:00,5.273,5.273,5.273,5.273,3.76
2026-01-18 08:00:00+00:00,5.41,5.411,5.256,5.264,35.78
2026-01-18 12:00:00+00:00,5.264,5.264,5.264,5.264,0.0
2026-01-18 16:00:00+00:00,5.408,5.408,5.408,5.408,8.3
2026-01-18 20:00:00+00:00,5.237,5.237,5.11,5.11,87.3
2026-01-19 00:00:00+00:00,5.059,5.059,4.661,5.022,2038.65
2026-01-19 04:00:00+00:00,5.032,5.033,4.96,4.96,23.66
2026-01-19 08:00:00+00:00,4.95,4.95,4.95,4.95,0.45
2026-01-19 12:00:00+00:00,4.999,5.026,4.961,5.002,87.89
2026-01-19 16:00:00+00:00,4.99,5.027,4.99,5.027,146.39
2026-01-19 20:00:00+00:00,5.012,5.012,4.981,4.983,4.27
2026-01-20 00:00:00+00:00,4.983,4.983,4.983,4.983,0.0
2026-01-20 04:00:00+00:00,4.982,5.002,4.927,4.936,1065.66
2026-01-20 08:00:00+00:00,4.927,4.927,4.882,4.882,39.9
2026-01-20 12:00:00+00:00,4.88,4.896,4.71,4.79,123.62
2026-01-20 16:00:00+00:00,4.914,4.915,4.79,4.79,64.04
2026-01-20 20:00:00+00:00,4.745,4.745,4.745,4.745,4.93
2026-01-21 00:00:00+00:00,4.917,4.918,4.917,4.918,23.41
2026-01-21 04:00:00+00:00,5.001,5.001,4.816,4.947,8.06
2026-01-21 08:00:00+00:00,4.947,4.947,4.947,4.947,0.0
2026-01-21 12:00:00+00:00,4.957,4.957,4.952,4.953,3650.12
2026-01-21 16:00:00+00:00,4.839,5.053,4.769,5.053,60.97
2026-01-21 20:00:00+00:00,4.978,5.039,4.943,4.943,441.76
2026-01-22 00:00:00+00:00,4.943,4.943,4.943,4.943,0.0
2026-01-22 04:00:00+00:00,5.014,5.014,5.014,5.014,18.89
2026-01-22 08:00:00+00:00,5.014,5.014,5.014,5.014,0.0
2026-01-22 12:00:00+00:00,4.911,4.911,4.772,4.774,37.09
2026-01-22 16:00:00+00:00,4.982,4.982,4.782,4.887,45.46
2026-01-22 20:00:00+00:00,4.887,4.887,4.887,4.887,0.0
2026-01-23 00:00:00+00:00,4.887,4.887,4.887,4.887,0.0
2026-01-23 04:00:00+00:00,4.881,4.888,4.842,4.842,90.52
2026-01-23 08:00:00+00:00,4.804,4.804,4.804,4.804,48.4
2026-01-23 12:00:00+00:00,4.85,4.899,4.8,4.897,38.45
2026-01-23 16:00:00+00:00,4.956,4.956,4.86,4.86,29.24
2026-01-23 20:00:00+00:00,4.832,4.893,4.832,4.893,37.33
2026-01-24 00:00:00+00:00,4.79,4.79,4.79,4.79,40.0
2026-01-24 04:00:00+00:00,4.9,4.9,4.9,4.9,30.74
2026-01-24 08:00:00+00:00,4.9,4.9,4.9,4.9,0.0
2026-01-24 12:00:00+00:00,4.9,4.9,4.9,4.9,0.0
2026-01-24 16:00:00+00:00,4.9,4.9,4.9,4.9,0.0
2026-01-24 20:00:00+00:00,4.8,4.8,4.8,4.8,9.97
2026-01-25 00:00:00+00:00,4.8,4.8,4.8,4.8,0.0
2026-01-25 04:00:00+00:00,4.8,4.8,4.8,4.8,0.0
2026-01-25 08:00:00+00:00,4.798,4.798,4.798,4.798,0.35
2026-01-25 12:00:00+00:00,4.798,4.798,4.798,4.798,0.0
2026-01-25 16:00:00+00:00,4.793,4.798,4.58,4.58,213.89
2026-01-25 20:00:00+00:00,4.641,4.649,4.641,4.649,13.3
2026-01-26 00:00:00+00:00,4.655,4.684,4.468,4.586,181.54
2026-01-26 04:00:00+00:00,4.582,4.643,4.556,4.643,6.87
2026-01-26 08:00:00+00:00,4.643,4.643,4.643,4.643,0.0
2026-01-26 12:00:00+00:00,4.695,4.697,4.695,4.697,23.3
2026-01-26 16:00:00+00:00,4.58,4.58,4.58,4.58,12.67
2026-01-26 20:00:00+00:00,4.749,4.75,4.577,4.577,40.64
2026-01-27 00:00:00+00:00,4.577,4.577,4.577,4.577,0.0
2026-01-27 04:00:00+00:00,4.577,4.577,4.577,4.577,0.0
2026-01-27 08:00:00+00:00,4.7,4.7,4.7,4.7,10.0
2026-01-27 12:00:00+00:00,4.7,4.7,4.7,4.7,0.0
2026-01-27 16:00:00+00:00,4.722,4.758,4.714,4.74,1032.1
2026-01-27 20:00:00+00:00,4.776,4.806,4.743,4.743,45.54
2026-01-28 00:00:00+00:00,4.753,4.753,4.753,4.753,366.21
2026-01-28 04:00:00+00:00,4.789,4.799,4.789,4.799,228.82
2026-01-28 08:00:00+00:00,4.805,4.89,4.706,4.819,220.04
2026-01-28 12:00:00+00:00,4.912,4.912,4.69,4.825,207.41
2026-01-28 16:00:00+00:00,4.842,4.844,4.769,4.769,155.67
2026-01-28 20:00:00+00:00,4.859,4.859,4.808,4.832,89.68
2026-01-29 00:00:00+00:00,4.796,4.798,4.747,4.747,58.76
2026-01-29 04:00:00+00:00,4.742,4.742,4.681,4.681,4.66
2026-01-29 08:00:00+00:00,4.655,4.809,4.655,4.809,4.54
2026-01-29 12:00:00+00:00,4.765,4.765,4.421,4.488,53.49
2026-01-29 16:00:00+00:00,4.372,4.524,4.125,4.354,295.88
2026-01-29 20:00:00+00:00,4.348,4.437,4.29,4.327,180.52
2026-01-30 00:00:00+00:00,4.338,4.39,4.214,4.239,1278.96
2026-01-30 04:00:00+00:00,4.29,4.29,4.229,4.26,85.91
2026-01-30 08:00:00+00:00,4.205,4.32,4.183,4.32,29.29
2026-01-30 12:00:00+00:00,4.262,4.262,4.212,4.212,26.8
2026-01-30 16:00:00+00:00,4.224,4.386,4.15,4.301,256.97
2026-01-30 20:00:00+00:00,4.255,4.282,4.255,4.282,46.17
2026-01-31 00:00:00+00:00,4.282,4.282,4.282,4.282,0.0
2026-01-31 04:00:00+00:00,4.25,4.25,4.213,4.213,22.64
2026-01-31 08:00:00+00:00,4.19,4.19,4.151,4.151,15.47
2026-01-31 12:00:00+00:00,4.14,4.14,3.611,4.053,363.74
2026-01-31 16:00:00+00:00,4.056,4.056,3.614,3.845,283.87
2026-01-31 20:00:00+00:00,3.832,3.954,3.793,3.954,106.14
2026-02-01 00:00:00+00:00,3.997,4.013,3.954,3.96,352.72
2026-02-01 04:00:00+00:00,3.954,3.954,3.95,3.95,783.42
2026-02-01 08:00:00+00:00,3.992,3.992,3.992,3.992,2.53
2026-02-01 12:00:00+00:00,3.777,4.061,3.777,3.78,166.09
2026-02-01 16:00:00+00:00,3.858,3.901,3.848,3.901,120.84
2026-02-01 20:00:00+00:00,3.814,3.897,3.754,3.879,156.05
2026-02-02 00:00:00+00:00,3.899,3.948,3.75,3.75,1103.19
2026-02-02 04:00:00+00:00,3.907,3.907,3.703,3.829,172.96
2026-02-02 08:00:00+00:00,3.843,3.921,3.843,3.921,9.13
2026-02-02 12:00:00+00:00,3.768,3.981,3.768,3.966,86.9
2026-02-02 16:00:00+00:00,3.905,3.997,3.905,3.933,48.31
2026-02-02 20:00:00+00:00,3.948,3.948,3.896,3.932,44.24
2026-02-03 00:00:00+00:00,3.844,3.896,3.825,3.896,28.93
2026-02-03 04:00:00+00:00,3.932,3.968,3.879,3.879,465.89
2026-02-03 08:00:00+00:00,3.849,3.849,3.834,3.834,19.94
2026-02-03 12:00:00+00:00,3.881,3.95,3.876,3.95,92.25
2026-02-03 16:00:00+00:00,3.967,3.967,3.759,3.861,104.38
2026-02-03 20:00:00+00:00,3.969,4.003,3.828,3.856,164.5
2026-02-04 00:00:00+00:00,3.927,3.948,3.9,3.948,32.33
2026-02-04 04:00:00+00:00,3.965,3.965,3.9,3.9,33.2
2026-02-04 08:00:00+00:00,3.872,3.872,3.849,3.849,35.35
2026-02-04 12:00:00+00:00,3.788,3.788,3.705,3.719,263.9
2026-02-04 16:00:00+00:00,3.726,3.859,3.65,3.777,271.2
2026-02-04 20:00:00+00:00,3.824,3.845,3.67,3.676,26.57
2026-02-05 00:00:00+00:00,3.82,3.821,3.698,3.698,14.84
2026-02-05 04:00:00+00:00,3.705,3.747,3.705,3.728,50.47
2026-02-05 08:00:00+00:00,3.764,3.764,3.61,3.668,88.88
2026-02-05 12:00:00+00:00,3.609,3.711,3.342,3.344,636.04
2026-02-05 16:00:00+00:00,3.367,3.474,3.287,3.293,693.21
2026-02-05 20:00:00+00:00,3.261,3.368,3.125,3.2,565.18
2026-02-06 00:00:00+00:00,3.125,3.299,2.985,3.155,1890.04
2026-02-06 04:00:00+00:00,3.108,3.263,3.108,3.229,348.22
2026-02-06 08:00:00+00:00,3.268,3.282,3.184,3.282,117.03
2026-02-06 12:00:00+00:00,3.369,3.419,3.304,3.419,530.55
2026-02-06 16:00:00+00:00,3.472,3.599,3.472,3.509,1880.87
2026-02-06 20:00:00+00:00,3.53,3.56,3.53,3.56,40.0
2026-02-07 00:00:00+00:00,3.535,3.535,3.5,3.532,351.4
2026-02-07 04:00:00+00:00,3.576,3.576,3.49,3.49,88.82
2026-02-07 08:00:00+00:00,3.439,3.439,3.439,3.439,9.16
2026-02-07 12:00:00+00:00,3.508,3.568,3.439,3.439,31.12
2026-02-07 16:00:00+00:00,3.57,3.57,3.543,3.566,63.37
2026-02-07 20:00:00+00:00,3.446,3.446,3.446,3.446,26.59
2026-02-08 00:00:00+00:00,3.446,3.537,3.446,3.53,76.76
2026-02-08 04:00:00+00:00,3.53,3.53,3.53,3.53,0.0
2026-02-08 08:00:00+00:00,3.531,3.532,3.48,3.48,12.3
2026-02-08 12:00:00+00:00,3.45,3.45,3.45,3.45,57.04
2026-02-08 16:00:00+00:00,3.448,3.448,3.444,3.444,51.98
2026-02-08 20:00:00+00:00,3.444,3.444,3.444,3.444,0.0
2026-02-09 00:00:00+00:00,3.444,3.444,3.444,3.444,0.0
2026-02-09 04:00:00+00:00,3.537,3.537,3.537,3.537,3.52
2026-02-09 08:00:00+00:00,3.374,3.375,3.321,3.342,40.23
2026-02-09 12:00:00+00:00,3.359,3.436,3.315,3.436,119.29
2026-02-09 16:00:00+00:00,3.473,3.588,3.404,3.519,129.75
2026-02-09 20:00:00+00:00,3.519,3.519,3.519,3.519,0.0
2026-02-10 00:00:00+00:00,3.444,3.444,3.336,3.336,33.38
2026-02-10 04:00:00+00:00,3.392,3.431,3.335,3.335,107.36
2026-02-10 08:00:00+00:00,3.392,3.392,3.354,3.354,21.17
2026-02-10 12:00:00+00:00,3.356,3.441,3.325,3.441,91.2
2026-02-10 16:00:00+00:00,3.353,3.353,3.344,3.344,9.22
2026-02-10 20:00:00+00:00,3.32,3.399,3.32,3.399,53.53
2026-02-11 00:00:00+00:00,3.399,3.399,3.399,3.399,6.05
2026-02-11 04:00:00+00:00,3.318,3.345,3.255,3.345,51.0
2026-02-11 08:00:00+00:00,3.243,3.243,3.228,3.242,5.49
2026-02-11 12:00:00+00:00,3.255,4.513,3.255,3.835,2147.6
2026-02-11 16:00:00+00:00,3.769,3.873,3.454,3.495,1001.15
2026-02-11 20:00:00+00:00,3.474,3.576,3.361,3.365,422.72
2026-02-12 00:00:00+00:00,3.399,3.627,3.385,3.504,113.34
2026-02-12 04:00:00+00:00,3.451,3.451,3.385,3.385,43.93
2026-02-12 08:00:00+00:00,3.386,3.426,3.343,3.404,233.5
2026-02-12 12:00:00+00:00,3.408,3.46,3.342,3.353,317.41
2026-02-12 16:00:00+00:00,3.324,3.415,3.2,3.225,573.22
2026-02-12 20:00:00+00:00,3.223,3.257,3.147,3.256,102.54
2026-02-13 00:00:00+00:00,3.225,3.295,3.223,3.259,147.74
2026-02-13 04:00:00+00:00,3.259,3.259,3.259,3.259,0.0
2026-02-13 08:00:00+00:00,3.216,3.216,3.216,3.216,1.17
2026-02-13 12:00:00+00:00,3.338,3.406,3.294,3.405,1106.94
2026-02-13 16:00:00+00:00,3.414,3.491,3.414,3.437,104.29
2026-02-13 20:00:00+00:00,3.386,3.425,3.386,3.425,145.44
2026-02-14 00:00:00+00:00,3.373,3.414,3.373,3.4,683.75
2026-02-14 04:00:00+00:00,3.4,3.4,3.4,3.4,0.0
2026-02-14 08:00:00+00:00,3.46,3.52,3.43,3.52,124.89
2026-02-14 12:00:00+00:00,3.456,3.6,3.456,3.6,379.66
2026-02-14 16:00:00+00:00,3.606,3.72,3.604,3.667,273.94
2026-02-14 20:00:00+00:00,3.668,3.679,3.6,3.6,2713.23
2026-02-15 00:00:00+00:00,3.597,3.633,3.59,3.59,85.01
2026-02-15 04:00:00+00:00,3.641,3.641,3.631,3.631,22.03
2026-02-15 08:00:00+00:00,3.556,3.571,3.553,3.571,33.84
2026-02-15 12:00:00+00:00,3.549,3.617,3.43,3.513,115.42
2026-02-15 16:00:00+00:00,3.492,3.527,3.4,3.437,2756.43
2026-02-15 20:00:00+00:00,3.424,3.467,3.424,3.467,892.75
2026-02-16 00:00:00+00:00,3.496,3.535,3.458,3.535,357.09
2026-02-16 04:00:00+00:00,3.566,3.568,3.508,3.554,2473.98
2026-02-16 08:00:00+00:00,3.534,3.577,3.471,3.471,44.16
2026-02-16 12:00:00+00:00,3.531,3.567,3.447,3.447,240.97
2026-02-16 16:00:00+00:00,3.492,3.527,3.467,3.497,141.89
2026-02-16 20:00:00+00:00,3.572,3.607,3.572,3.599,273.24
2026-02-17 00:00:00+00:00,3.584,3.606,3.584,3.606,45.06
2026-02-17 04:00:00+00:00,3.6,3.6,3.509,3.561,2.47
2026-02-17 08:00:00+00:00,3.602,3.607,3.53,3.53,142.81
2026-02-17 12:00:00+00:00,3.5,3.647,3.451,3.532,256.32
2026-02-17 16:00:00+00:00,3.541,3.563,3.484,3.563,157.3
2026-02-17 20:00:00+00:00,3.588,3.588,3.507,3.528,44.85
2026-02-18 00:00:00+00:00,3.506,3.552,3.502,3.544,1121.91
2026-02-18 04:00:00+00:00,3.545,3.596,3.54,3.594,2664.85
2026-02-18 08:00:00+00:00,3.57,3.582,3.57,3.582,54.11
2026-02-18 12:00:00+00:00,3.505,3.598,3.505,3.582,206.38
2026-02-18 16:00:00+00:00,3.502,3.508,3.358,3.396,1581.08
2026-02-18 20:00:00+00:00,3.389,3.44,3.375,3.381,252.37
2026-02-19 00:00:00+00:00,3.388,3.412,3.388,3.412,10.81
2026-02-19 04:00:00+00:00,3.412,3.453,3.399,3.434,91.36
2026-02-19 08:00:00+00:00,3.412,3.412,3.382,3.389,40.93
2026-02-19 12:00:00+00:00,3.385,3.385,3.304,3.345,181.79
2026-02-19 16:00:00+00:00,3.336,3.389,3.334,3.349,70.27
2026-02-19 20:00:00+00:00,3.355,3.355,3.355,3.355,1.96
2026-02-20 00:00:00+00:00,3.399,3.4,3.399,3.4,8.74
2026-02-20 04:00:00+00:00,3.274,3.405,3.274,3.405,3.41
2026-02-20 08:00:00+00:00,3.421,3.421,3.409,3.409,10.27
2026-02-20 12:00:00+00:00,3.393,3.473,3.355,3.473,99.9
2026-02-20 16:00:00+00:00,3.473,3.48,3.457,3.457,154.79
2026-02-20 20:00:00+00:00,3.457,3.457,3.457,3.457,0.0
2026-02-21 00:00:00+00:00,3.532,3.532,3.382,3.473,29.98
2026-02-21 04:00:00+00:00,3.53,3.55,3.514,3.545,82.08
2026-02-21 08:00:00+00:00,3.562,3.674,3.551,3.614,300.08
2026-02-21 12:00:00+00:00,3.616,3.621,3.608,3.608,13.62
2026-02-21 16:00:00+00:00,3.612,3.666,3.518,3.635,59.5
2026-02-21 20:00:00+00:00,3.63,3.63,3.57,3.614,57.42
2026-02-22 00:00:00+00:00,3.671,3.688,3.554,3.58,1057.46
2026-02-22 04:00:00+00:00,3.612,3.612,3.584,3.584,43.63
2026-02-22 08:00:00+00:00,3.618,3.618,3.536,3.536,1.56
2026-02-22 12:00:00+00:00,3.472,3.475,3.412,3.461,172.81
2026-02-22 16:00:00+00:00,3.492,3.492,3.456,3.456,78.66
2026-02-22 20:00:00+00:00,3.477,3.512,3.388,3.512,597.97
2026-02-23 00:00:00+00:00,3.511,3.511,3.268,3.29,425.56
2026-02-23 04:00:00+00:00,3.315,3.371,3.315,3.371,36.74
2026-02-23 08:00:00+00:00,3.369,3.522,3.369,3.476,62.36
2026-02-23 12:00:00+00:00,3.476,3.476,3.476,3.476,0.0
2026-02-23 16:00:00+00:00,3.378,3.401,3.311,3.338,65.67
2026-02-23 20:00:00+00:00,3.336,3.337,3.279,3.279,221.99
2026-02-24 00:00:00+00:00,3.345,3.371,3.32,3.329,39.98
2026-02-24 04:00:00+00:00,3.328,3.328,3.3,3.3,16.99
2026-02-24 08:00:00+00:00,3.28,3.28,3.28,3.28,0.57
2026-02-24 12:00:00+00:00,3.281,3.304,3.265,3.271,56.03
2026-02-24 16:00:00+00:00,3.349,3.375,3.349,3.375,114.16
2026-02-24 20:00:00+00:00,3.331,3.373,3.301,3.328,75.35
2026-02-25 00:00:00+00:00,3.348,3.545,3.339,3.516,389.51
2026-02-25 04:00:00+00:00,3.5,3.5,3.5,3.5,25.0
2026-02-25 08:00:00+00:00,3.518,3.533,3.505,3.505,55.52
2026-02-25 12:00:00+00:00,3.583,4.0,3.578,3.952,1539.44
2026-02-25 16:00:00+00:00,3.954,4.113,3.897,4.113,2051.35
2026-02-25 20:00:00+00:00,4.264,4.264,4.097,4.097,25.58
2026-02-26 00:00:00+00:00,4.006,4.043,4.003,4.043,185.31
2026-02-26 04:00:00+00:00,3.998,3.998,3.929,3.929,10.53
2026-02-26 08:00:00+00:00,3.941,4.097,3.941,3.962,41.83
2026-02-26 12:00:00+00:00,3.997,4.005,3.806,3.836,192.48
2026-02-26 16:00:00+00:00,3.756,3.782,3.711,3.737,231.19
2026-02-26 20:00:00+00:00,3.774,3.774,3.774,3.774,131.98
2026-02-27 00:00:00+00:00,3.848,3.902,3.723,3.902,585.02
2026-02-27 04:00:00+00:00,3.916,3.955,3.843,3.847,53.31
2026-02-27 08:00:00+00:00,3.846,3.846,3.826,3.841,14.08
2026-02-27 12:00:00+00:00,3.793,3.793,3.759,3.759,47.57
2026-02-27 16:00:00+00:00,3.764,3.848,3.754,3.755,148.58
2026-02-27 20:00:00+00:00,3.735,3.855,3.659,3.676,36.81
2026-02-28 00:00:00+00:00,3.676,3.676,3.676,3.676,0.0
2026-02-28 04:00:00+00:00,3.654,3.683,3.565,3.669,87.7
2026-02-28 08:00:00+00:00,3.63,3.63,3.534,3.534,14.93
2026-02-28 12:00:00+00:00,3.685,3.685,3.595,3.628,49.93
2026-02-28 16:00:00+00:00,3.65,3.81,3.521,3.726,60.35
2026-02-28 20:00:00+00:00,3.726,3.726,3.726,3.726,0.0
2026-03-01 00:00:00+00:00,3.821,3.994,3.767,3.859,2315.45
2026-03-01 04:00:00+00:00,3.863,4.046,3.747,3.837,215.12
2026-03-01 08:00:00+00:00,3.884,3.884,3.758,3.758,622.75
2026-03-01 12:00:00+00:00,3.814,3.814,3.789,3.791,63.39
2026-03-01 16:00:00+00:00,3.784,3.784,3.784,3.784,11.71
2026-03-01 20:00:00+00:00,3.716,3.75,3.542,3.75,27.38
2026-03-02 00:00:00+00:00,3.786,3.831,3.786,3.831,34.14
2026-03-02 04:00:00+00:00,3.831,3.831,3.831,3.831,0.0
2026-03-02 08:00:00+00:00,3.831,3.831,3.831,3.831,0.0
2026-03-02 12:00:00+00:00,3.793,4.006,3.754,4.006,97.15
2026-03-02 16:00:00+00:00,4.007,4.007,3.919,3.919,21.51
2026-03-02 20:00:00+00:00,3.997,4.014,3.904,4.014,141.5
2026-03-03 00:00:00+00:00,4.001,4.001,3.889,3.896,113.83
2026-03-03 04:00:00+00:00,3.896,3.896,3.896,3.896,0.0
2026-03-03 08:00:00+00:00,3.841,3.841,3.752,3.762,15.23
2026-03-03 12:00:00+00:00,3.848,3.848,3.773,3.82,63.16
2026-03-03 16:00:00+00:00,3.908,3.912,3.849,3.912,41.01
2026-03-03 20:00:00+00:00,3.833,3.838,3.831,3.832,811.54
2026-03-04 00:00:00+00:00,3.832,3.832,3.832,3.832,0.0
2026-03-04 04:00:00+00:00,3.832,3.832,3.832,3.832,0.0
2026-03-04 08:00:00+00:00,3.961,4.05,3.936,3.936,32.35
2026-03-04 12:00:00+00:00,3.936,3.936,3.936,3.936,0.0
2026-03-04 16:00:00+00:00,4.108,4.108,3.975,3.975,47.04
2026-03-04 20:00:00+00:00,4.044,4.044,3.967,3.967,76.3
2026-03-05 00:00:00+00:00,4.003,4.003,4.003,4.003,19.3
2026-03-05 04:00:00+00:00,4.003,4.003,4.003,4.003,0.0
2026-03-05 08:00:00+00:00,3.992,3.992,3.992,3.992,2.25
2026-03-05 12:00:00+00:00,4.068,4.068,4.022,4.022,22.19
2026-03-05 16:00:00+00:00,3.946,3.992,3.911,3.985,397.46
2026-03-05 20:00:00+00:00,3.987,3.989,3.97,3.97,3953.27
2026-03-06 00:00:00+00:00,3.976,4.45,3.966,3.996,1571.63
2026-03-06 04:00:00+00:00,3.964,4.008,3.958,4.008,1983.32
2026-03-06 08:00:00+00:00,3.947,3.95,3.929,3.929,35.69
2026-03-06 12:00:00+00:00,3.9,3.9,3.786,3.824,1400.99
2026-03-06 16:00:00+00:00,3.82,3.914,3.819,3.83,207.25
2026-03-06 20:00:00+00:00,3.845,3.867,3.845,3.867,123.91
2026-03-07 00:00:00+00:00,3.905,3.905,3.887,3.887,5.4
2026-03-07 04:00:00+00:00,3.878,3.878,3.756,3.759,15.06
2026-03-07 08:00:00+00:00,3.761,3.841,3.761,3.841,27.52
2026-03-07 12:00:00+00:00,3.851,3.851,3.831,3.832,655.69
2026-03-07 16:00:00+00:00,3.832,3.832,3.832,3.832,0.0
2026-03-07 20:00:00+00:00,3.754,3.754,3.748,3.748,19.83
2026-03-08 00:00:00+00:00,3.712,3.712,3.704,3.704,13.8
2026-03-08 04:00:00+00:00,3.703,3.745,3.697,3.707,168.33
2026-03-08 08:00:00+00:00,3.695,3.796,3.695,3.796,7.55
2026-03-08 12:00:00+00:00,3.686,3.697,3.669,3.669,19.84
2026-03-08 16:00:00+00:00,3.691,3.716,3.678,3.716,555.86
2026-03-08 20:00:00+00:00,3.696,3.696,3.603,3.685,248.99
2026-03-09 00:00:00+00:00,3.687,3.785,3.687,3.757,328.2
2026-03-09 04:00:00+00:00,3.808,3.814,3.808,3.814,19.93
2026-03-09 08:00:00+00:00,3.807,3.807,3.807,3.807,1.39
2026-03-09 12:00:00+00:00,3.869,3.988,3.869,3.966,102.58
2026-03-09 16:00:00+00:00,3.954,3.961,3.954,3.961,34.6
2026-03-09 20:00:00+00:00,3.896,3.896,3.896,3.896,7.7
2026-03-10 00:00:00+00:00,3.865,3.952,3.865,3.896,11.95
2026-03-10 04:00:00+00:00,3.896,3.896,3.896,3.896,78.9
2026-03-10 08:00:00+00:00,3.864,3.99,3.864,3.99,10.66
2026-03-10 12:00:00+00:00,3.934,3.934,3.871,3.917,30.9
2026-03-10 16:00:00+00:00,3.863,3.897,3.863,3.865,121.92
2026-03-10 20:00:00+00:00,3.865,3.865,3.819,3.819,30.31
2026-03-11 00:00:00+00:00,3.819,3.819,3.819,3.819,0.0
2026-03-11 04:00:00+00:00,3.921,3.924,3.81,3.81,283.39
2026-03-11 08:00:00+00:00,3.78,3.78,3.78,3.78,3.95
2026-03-11 12:00:00+00:00,3.91,3.938,3.909,3.938,52.68
2026-03-11 16:00:00+00:00,3.906,3.906,3.905,3.905,9.95
2026-03-11 20:00:00+00:00,3.905,3.905,3.905,3.905,0.0
2026-03-12 00:00:00+00:00,3.863,3.863,3.854,3.854,19.37
2026-03-12 04:00:00+00:00,3.854,3.854,3.854,3.854,0.0
2026-03-12 08:00:00+00:00,3.83,3.947,3.83,3.889,16.27
2026-03-12 12:00:00+00:00,3.9,3.948,3.785,3.842,19.66
2026-03-12 16:00:00+00:00,3.881,3.881,3.84,3.84,3100.36
2026-03-12 20:00:00+00:00,3.838,3.854,3.838,3.854,38.5
2026-03-13 00:00:00+00:00,3.922,4.012,3.877,4.0,131.57
2026-03-13 04:00:00+00:00,3.924,3.924,3.924,3.924,1.99
2026-03-13 08:00:00+00:00,3.981,4.084,3.981,4.084,784.66
2026-03-13 12:00:00+00:00,4.208,4.208,4.09,4.09,74.82
2026-03-13 16:00:00+00:00,4.029,4.09,3.939,4.09,120.27
2026-03-13 20:00:00+00:00,3.932,4.006,3.932,4.006,17.85
2026-03-14 00:00:00+00:00,4.006,4.006,4.006,4.006,0.0
2026-03-14 04:00:00+00:00,3.984,3.984,3.984,3.984,12.15
2026-03-14 08:00:00+00:00,3.984,3.984,3.984,3.984,0.0
2026-03-14 12:00:00+00:00,3.844,3.893,3.844,3.893,115.12
2026-03-14 16:00:00+00:00,3.916,3.932,3.916,3.932,8.61
2026-03-14 20:00:00+00:00,3.942,3.942,3.942,3.942,0.99
2026-03-15 00:00:00+00:00,3.971,3.971,3.971,3.971,4.86
2026-03-15 04:00:00+00:00,3.971,3.971,3.971,3.971,0.0
2026-03-15 08:00:00+00:00,3.971,3.971,3.971,3.971,0.0
2026-03-15 12:00:00+00:00,3.971,3.971,3.971,3.971,0.0
2026-03-15 16:00:00+00:00,3.994,4.003,3.905,3.984,106.69
2026-03-15 20:00:00+00:00,3.987,4.071,3.987,4.071,392.48
2026-03-16 00:00:00+00:00,4.113,4.13,4.113,4.13,21.78
2026-03-16 04:00:00+00:00,4.019,4.019,4.019,4.019,6.64
2026-03-16 08:00:00+00:00,3.995,4.043,3.995,4.043,1.83
2026-03-16 12:00:00+00:00,4.136,4.136,4.077,4.077,10.99
2026-03-16 16:00:00+00:00,4.118,4.159,4.042,4.042,68.1
2026-03-16 20:00:00+00:00,4.187,4.187,4.187,4.187,4.77
2026-03-17 00:00:00+00:00,4.149,4.149,4.149,4.149,70.57
2026-03-17 04:00:00+00:00,4.149,4.149,4.149,4.149,0.0
2026-03-17 08:00:00+00:00,4.01,4.01,3.994,3.994,32.68
2026-03-17 12:00:00+00:00,3.956,3.981,3.956,3.98,15.77
2026-03-17 16:00:00+00:00,3.98,3.98,3.98,3.98,0.0
2026-03-17 20:00:00+00:00,3.98,3.98,3.98,3.98,0.0
2026-03-18 00:00:00+00:00,3.944,3.944,3.944,3.944,4.13
2026-03-18 04:00:00+00:00,3.944,3.944,3.932,3.932,1275.88
2026-03-18 08:00:00+00:00,3.94,3.94,3.852,3.852,62.62
2026-03-18 12:00:00+00:00,3.856,3.856,3.596,3.689,2567.2
2026-03-18 16:00:00+00:00,3.739,3.739,3.647,3.665,78.98
2026-03-18 20:00:00+00:00,3.723,3.723,3.672,3.678,14.51
2026-03-19 00:00:00+00:00,3.699,3.699,3.663,3.663,190.54
2026-03-19 04:00:00+00:00,3.663,3.663,3.591,3.61,300.45
2026-03-19 08:00:00+00:00,3.596,3.624,3.583,3.618,2465.51
2026-03-19 12:00:00+00:00,3.578,3.578,3.518,3.518,37.42
2026-03-19 16:00:00+00:00,3.55,3.587,3.522,3.587,3342.63
2026-03-19 20:00:00+00:00,3.587,3.587,3.587,3.587,0.0
2026-03-20 00:00:00+00:00,3.59,3.59,3.59,3.59,2.72
2026-03-20 04:00:00+00:00,3.59,3.59,3.59,3.59,0.0
2026-03-20 08:00:00+00:00,3.627,3.635,3.627,3.634,1501.42
2026-03-20 12:00:00+00:00,3.566,3.59,3.566,3.59,18.94
2026-03-20 16:00:00+00:00,3.567,3.568,3.534,3.561,26.16
2026-03-20 20:00:00+00:00,3.561,3.561,3.561,3.561,0.0
2026-03-21 00:00:00+00:00,3.611,3.631,3.543,3.627,23.32
2026-03-21 04:00:00+00:00,3.588,3.641,3.588,3.627,15.36
2026-03-21 08:00:00+00:00,3.627,3.627,3.627,3.627,0.0
2026-03-21 12:00:00+00:00,3.644,3.644,3.644,3.644,60.7
2026-03-21 16:00:00+00:00,3.644,3.644,3.644,3.644,0.0
2026-03-21 20:00:00+00:00,3.523,3.523,3.467,3.486,121.36
2026-03-22 00:00:00+00:00,3.444,3.514,3.429,3.514,28.38
2026-03-22 04:00:00+00:00,3.518,3.518,3.486,3.486,83.0
2026-03-22 08:00:00+00:00,3.48,3.48,3.456,3.47,40.07
2026-03-22 12:00:00+00:00,3.436,3.436,3.436,3.436,14.18
2026-03-22 16:00:00+00:00,3.436,3.436,3.436,3.436,0.0
2026-03-22 20:00:00+00:00,3.417,3.481,3.417,3.481,23.94
2026-03-23 00:00:00+00:00,3.48,3.48,3.48,3.48,3.5
2026-03-23 04:00:00+00:00,3.529,3.565,3.489,3.533,86.45
2026-03-23 08:00:00+00:00,3.528,3.659,3.492,3.577,118.04
2026-03-23 12:00:00+00:00,3.565,3.597,3.541,3.541,83.79
2026-03-23 16:00:00+00:00,3.568,3.602,3.568,3.602,26.38
2026-03-23 20:00:00+00:00,3.573,3.573,3.573,3.573,18.16
2026-03-24 00:00:00+00:00,3.573,3.573,3.573,3.573,0.0
2026-03-24 04:00:00+00:00,3.573,3.573,3.573,3.573,0.0
2026-03-24 08:00:00+00:00,3.559,3.559,3.559,3.559,0.28
2026-03-24 12:00:00+00:00,3.559,3.559,3.559,3.559,0.0
