timestamp,open,high,low,close,volume
2025-03-24 16:00:00+00:00,0.2908,0.2917,0.2882,0.2903,27186.0
2025-03-24 20:00:00+00:00,0.2894,0.2925,0.2873,0.2905,10072.0
2025-03-25 00:00:00+00:00,0.2907,0.2932,0.2861,0.2861,38527.0
2025-03-25 04:00:00+00:00,0.2869,0.2912,0.2868,0.2888,7516.0
2025-03-25 08:00:00+00:00,0.2907,0.2945,0.2902,0.2944,7309.0
2025-03-25 12:00:00+00:00,0.2922,0.2948,0.2902,0.2919,115642.0
2025-03-25 16:00:00+00:00,0.292,0.2956,0.2899,0.2919,119448.0
2025-03-25 20:00:00+00:00,0.2932,0.2939,0.2897,0.2939,14148.0
2025-03-26 00:00:00+00:00,0.2929,0.2992,0.2922,0.2922,52015.0
2025-03-26 04:00:00+00:00,0.2931,0.3017,0.2931,0.3011,25655.0
2025-03-26 08:00:00+00:00,0.2996,0.2998,0.296,0.296,3701.0
2025-03-26 12:00:00+00:00,0.2962,0.2966,0.2864,0.2864,52983.0
2025-03-26 16:00:00+00:00,0.2877,0.289,0.2843,0.2864,23620.0
2025-03-26 20:00:00+00:00,0.2862,0.2886,0.2838,0.2852,316633.0
2025-03-27 00:00:00+00:00,0.2852,0.2928,0.2851,0.2916,37450.0
2025-03-27 04:00:00+00:00,0.2907,0.2927,0.2907,0.2919,2300.0
2025-03-27 08:00:00+00:00,0.2927,0.2945,0.2879,0.2879,7735.0
2025-03-27 12:00:00+00:00,0.2876,0.2884,0.2822,0.2859,29358.0
2025-03-27 16:00:00+00:00,0.2875,0.288,0.2831,0.2875,19980.0
2025-03-27 20:00:00+00:00,0.2855,0.2893,0.2855,0.2864,27824.0
2025-03-28 00:00:00+00:00,0.2857,0.289,0.284,0.2849,214490.0
2025-03-28 04:00:00+00:00,0.2839,0.2839,0.2753,0.2756,15470.0
2025-03-28 08:00:00+00:00,0.2764,0.2765,0.2735,0.2764,5774.0
2025-03-28 12:00:00+00:00,0.2764,0.2778,0.2716,0.272,30312.0
2025-03-28 16:00:00+00:00,0.2721,0.273,0.2701,0.2701,13806.0
2025-03-28 20:00:00+00:00,0.2716,0.2751,0.2707,0.2744,11562.0
2025-03-29 00:00:00+00:00,0.2744,0.2767,0.2694,0.2731,11321.0
2025-03-29 04:00:00+00:00,0.2735,0.2739,0.2666,0.2666,10614.0
2025-03-29 08:00:00+00:00,0.2682,0.2707,0.2634,0.2652,79485.0
2025-03-29 12:00:00+00:00,0.2653,0.2698,0.2653,0.2663,16968.0
2025-03-29 16:00:00+00:00,0.2674,0.2674,0.2618,0.2665,23654.0
2025-03-29 20:00:00+00:00,0.2665,0.2677,0.2643,0.2677,6964.0
2025-03-30 00:00:00+00:00,0.267,0.2719,0.2648,0.2715,7919.0
2025-03-30 04:00:00+00:00,0.2714,0.2722,0.2682,0.2715,10580.0
2025-03-30 08:00:00+00:00,0.2697,0.2715,0.2681,0.2686,8364.0
2025-03-30 12:00:00+00:00,0.2695,0.2695,0.2657,0.2674,7515.0
2025-03-30 16:00:00+00:00,0.2676,0.2696,0.2652,0.2684,28332.0
2025-03-30 20:00:00+00:00,0.2682,0.269,0.2634,0.2654,28837.0
2025-03-31 00:00:00+00:00,0.267,0.2676,0.2617,0.2634,15939.0
2025-03-31 04:00:00+00:00,0.264,0.2667,0.2598,0.2598,28284.0
2025-03-31 08:00:00+00:00,0.2612,0.2655,0.2586,0.2654,23197.0
2025-03-31 12:00:00+00:00,0.2657,0.2695,0.2627,0.2674,19955.0
2025-03-31 16:00:00+00:00,0.2682,0.2683,0.264,0.2649,14850.0
2025-03-31 20:00:00+00:00,0.2661,0.2661,0.2621,0.2642,8810.0
2025-04-01 00:00:00+00:00,0.264,0.2669,0.262,0.265,10034.0
2025-04-01 04:00:00+00:00,0.2657,0.2677,0.2645,0.2667,6389.0
2025-04-01 08:00:00+00:00,0.2679,0.2743,0.2679,0.271,13636.0
2025-04-01 12:00:00+00:00,0.2721,0.2768,0.2691,0.2766,192200.0
2025-04-01 16:00:00+00:00,0.2769,0.2786,0.273,0.2739,12989.0
2025-04-01 20:00:00+00:00,0.2732,0.2739,0.2714,0.2724,29241.0
2025-04-02 00:00:00+00:00,0.2715,0.2715,0.2658,0.2689,26293.0
2025-04-02 04:00:00+00:00,0.2691,0.2732,0.2641,0.2658,51488.0
2025-04-02 08:00:00+00:00,0.265,0.2685,0.265,0.2673,15980.0
2025-04-02 12:00:00+00:00,0.2673,0.2748,0.2659,0.2732,17659.0
2025-04-02 16:00:00+00:00,0.2725,0.2737,0.2697,0.2722,53940.0
2025-04-02 20:00:00+00:00,0.2711,0.2776,0.2546,0.2579,129879.0
2025-04-03 00:00:00+00:00,0.2579,0.2668,0.2572,0.2651,32115.0
2025-04-03 04:00:00+00:00,0.2648,0.2655,0.2604,0.2604,17036.0
2025-04-03 08:00:00+00:00,0.262,0.2624,0.2561,0.258,15230.0
2025-04-03 12:00:00+00:00,0.2567,0.2578,0.25,0.2518,27956.0
2025-04-03 16:00:00+00:00,0.2529,0.2588,0.2529,0.2588,100895.0
2025-04-03 20:00:00+00:00,0.2589,0.2614,0.2567,0.2614,13825.0
2025-04-04 00:00:00+00:00,0.261,0.2617,0.2576,0.2592,20484.0
2025-04-04 04:00:00+00:00,0.2595,0.2635,0.2579,0.2635,18753.0
2025-04-04 08:00:00+00:00,0.2636,0.2646,0.2534,0.2561,16912.0
2025-04-04 12:00:00+00:00,0.255,0.262,0.2544,0.2581,22622.0
2025-04-04 16:00:00+00:00,0.2579,0.2623,0.2568,0.2605,26820.0
2025-04-04 20:00:00+00:00,0.2585,0.2621,0.2582,0.2594,31091.0
2025-04-05 00:00:00+00:00,0.2591,0.2614,0.2584,0.2584,24069.0
2025-04-05 04:00:00+00:00,0.2585,0.2585,0.2566,0.2576,19928.0
2025-04-05 08:00:00+00:00,0.2569,0.2572,0.2554,0.256,3771.0
2025-04-05 12:00:00+00:00,0.2562,0.2575,0.2515,0.2515,13839.0
2025-04-05 16:00:00+00:00,0.2515,0.2522,0.2486,0.2491,12106.0
2025-04-05 20:00:00+00:00,0.25,0.2526,0.2498,0.2526,24173.0
2025-04-06 00:00:00+00:00,0.2521,0.2542,0.2508,0.251,9778.0
2025-04-06 04:00:00+00:00,0.252,0.2531,0.2482,0.2482,11077.0
2025-04-06 08:00:00+00:00,0.2488,0.2514,0.2478,0.2497,7066.0
2025-04-06 12:00:00+00:00,0.2497,0.2519,0.2451,0.2519,32069.0
2025-04-06 16:00:00+00:00,0.2521,0.253,0.2386,0.2406,356183.0
2025-04-06 20:00:00+00:00,0.2411,0.2417,0.2236,0.2264,131842.0
2025-04-07 00:00:00+00:00,0.2263,0.2286,0.2117,0.214,38489.0
2025-04-07 04:00:00+00:00,0.2144,0.2164,0.2008,0.2048,58146.0
2025-04-07 08:00:00+00:00,0.2046,0.2223,0.2032,0.217,68093.0
2025-04-07 12:00:00+00:00,0.218,0.244,0.2174,0.2294,117699.0
2025-04-07 16:00:00+00:00,0.2291,0.2333,0.2264,0.2314,17373.0
2025-04-07 20:00:00+00:00,0.2327,0.237,0.2318,0.2322,38986.0
2025-04-08 00:00:00+00:00,0.232,0.2368,0.2296,0.2328,29708.0
2025-04-08 04:00:00+00:00,0.2328,0.2339,0.2273,0.2293,8294.0
2025-04-08 08:00:00+00:00,0.2293,0.2359,0.2264,0.2357,6970.0
2025-04-08 12:00:00+00:00,0.2361,0.241,0.2314,0.2327,33690.0
2025-04-08 16:00:00+00:00,0.232,0.232,0.2209,0.2223,36279.0
2025-04-08 20:00:00+00:00,0.2223,0.2257,0.22,0.22,101165.0
2025-04-09 00:00:00+00:00,0.2201,0.2235,0.214,0.2156,50013.0
2025-04-09 04:00:00+00:00,0.2157,0.2242,0.2157,0.223,51707.0
2025-04-09 08:00:00+00:00,0.2221,0.2233,0.2154,0.2172,14086.0
2025-04-09 12:00:00+00:00,0.2171,0.2232,0.2152,0.2216,65576.0
2025-04-09 16:00:00+00:00,0.2207,0.2456,0.22,0.2439,62262.0
2025-04-09 20:00:00+00:00,0.2439,0.2446,0.2412,0.2424,18460.0
2025-04-10 00:00:00+00:00,0.2418,0.2419,0.2328,0.2347,24225.0
2025-04-10 04:00:00+00:00,0.2352,0.2367,0.2328,0.2328,21312.0
2025-04-10 08:00:00+00:00,0.2343,0.2358,0.2328,0.2331,8140.0
2025-04-10 12:00:00+00:00,0.2333,0.2367,0.225,0.225,52460.0
2025-04-10 16:00:00+00:00,0.2256,0.2292,0.2245,0.229,32758.0
2025-04-10 20:00:00+00:00,0.229,0.231,0.2287,0.2305,5957.0
2025-04-11 00:00:00+00:00,0.2311,0.2333,0.2295,0.2327,20948.0
2025-04-11 04:00:00+00:00,0.2328,0.2365,0.2326,0.2365,15144.0
2025-04-11 08:00:00+00:00,0.2366,0.2377,0.2347,0.2347,11749.0
2025-04-11 12:00:00+00:00,0.2343,0.2357,0.2318,0.2318,15031.0
2025-04-11 16:00:00+00:00,0.2316,0.2363,0.2314,0.236,118783.0
2025-04-11 20:00:00+00:00,0.2352,0.2369,0.2335,0.2346,8654.0
2025-04-12 00:00:00+00:00,0.2338,0.2357,0.2325,0.2349,25937.0
2025-04-12 04:00:00+00:00,0.235,0.2365,0.2347,0.236,4055.0
2025-04-12 08:00:00+00:00,0.2366,0.2392,0.2366,0.2385,4697.0
2025-04-12 12:00:00+00:00,0.2372,0.2483,0.2372,0.2478,22386.0
2025-04-12 16:00:00+00:00,0.2483,0.2483,0.243,0.2432,52870.0
2025-04-12 20:00:00+00:00,0.2439,0.2471,0.2437,0.2465,8992.0
2025-04-13 00:00:00+00:00,0.2467,0.248,0.2429,0.2434,9488.0
2025-04-13 04:00:00+00:00,0.2433,0.2441,0.2415,0.2436,13255.0
2025-04-13 08:00:00+00:00,0.2422,0.252,0.2422,0.2475,18321.0
2025-04-13 12:00:00+00:00,0.2476,0.2492,0.2411,0.2428,16377.0
2025-04-13 16:00:00+00:00,0.243,0.2484,0.2397,0.2416,18937.0
2025-04-13 20:00:00+00:00,0.2414,0.2429,0.2351,0.2384,27531.0
2025-04-14 00:00:00+00:00,0.2385,0.2449,0.2385,0.24,39335.0
2025-04-14 04:00:00+00:00,0.2401,0.2436,0.2386,0.2411,5115.0
2025-04-14 08:00:00+00:00,0.2412,0.2474,0.2412,0.2454,10780.0
2025-04-14 12:00:00+00:00,0.2467,0.2471,0.238,0.238,24056.0
2025-04-14 16:00:00+00:00,0.2378,0.2411,0.2373,0.2402,4961.0
2025-04-14 20:00:00+00:00,0.2396,0.2419,0.2377,0.2403,8202.0
2025-04-15 00:00:00+00:00,0.2402,0.2432,0.2388,0.2428,5656.0
2025-04-15 04:00:00+00:00,0.2421,0.2421,0.2399,0.2417,1905.0
2025-04-15 08:00:00+00:00,0.2412,0.2449,0.2405,0.2406,37483.0
2025-04-15 12:00:00+00:00,0.2419,0.2445,0.2389,0.2389,41372.0
2025-04-15 16:00:00+00:00,0.2394,0.2397,0.2368,0.2378,11956.0
2025-04-15 20:00:00+00:00,0.2392,0.2412,0.2354,0.236,43550.0
2025-04-16 00:00:00+00:00,0.2356,0.2378,0.2342,0.2357,23444.0
2025-04-16 04:00:00+00:00,0.2351,0.2366,0.2314,0.2318,28255.0
2025-04-16 08:00:00+00:00,0.2313,0.236,0.2306,0.2343,6721.0
2025-04-16 12:00:00+00:00,0.2359,0.2391,0.2344,0.2347,16184.0
2025-04-16 16:00:00+00:00,0.2352,0.2384,0.231,0.2384,30119.0
2025-04-16 20:00:00+00:00,0.2385,0.2396,0.2353,0.2356,5215.0
2025-04-17 00:00:00+00:00,0.2361,0.2374,0.2345,0.236,5699.0
2025-04-17 04:00:00+00:00,0.2353,0.2397,0.2353,0.2373,3457.0
2025-04-17 08:00:00+00:00,0.2376,0.2377,0.2362,0.2377,1060.0
2025-04-17 12:00:00+00:00,0.2378,0.2398,0.2368,0.2394,15009.0
2025-04-17 16:00:00+00:00,0.2391,0.242,0.2378,0.2392,10434.0
2025-04-17 20:00:00+00:00,0.2397,0.2419,0.2393,0.2393,2647.0
2025-04-18 00:00:00+00:00,0.2393,0.2419,0.2383,0.2419,21596.0
2025-04-18 04:00:00+00:00,0.242,0.242,0.2403,0.2411,5131.0
2025-04-18 08:00:00+00:00,0.2417,0.2443,0.2417,0.243,3938.0
2025-04-18 12:00:00+00:00,0.2439,0.2439,0.2412,0.2423,1598.0
2025-04-18 16:00:00+00:00,0.2411,0.2427,0.2411,0.2412,2926.0
2025-04-18 20:00:00+00:00,0.2411,0.2419,0.2397,0.2402,28765.0
2025-04-19 00:00:00+00:00,0.2399,0.2444,0.2397,0.2444,5363.0
2025-04-19 04:00:00+00:00,0.2445,0.2465,0.2441,0.2465,14309.0
2025-04-19 08:00:00+00:00,0.2467,0.2473,0.2455,0.2455,1393.0
2025-04-19 12:00:00+00:00,0.2461,0.2464,0.2449,0.2449,14425.0
2025-04-19 16:00:00+00:00,0.2466,0.2471,0.2444,0.2471,1612.0
2025-04-19 20:00:00+00:00,0.2472,0.2493,0.2461,0.2461,17956.0
2025-04-20 00:00:00+00:00,0.2461,0.2474,0.2458,0.246,8551.0
2025-04-20 04:00:00+00:00,0.2457,0.2464,0.2443,0.2447,3608.0
2025-04-20 08:00:00+00:00,0.2441,0.2441,0.2393,0.2417,4093.0
2025-04-20 12:00:00+00:00,0.2418,0.2424,0.2411,0.2419,3052.0
2025-04-20 16:00:00+00:00,0.2419,0.2442,0.2418,0.2442,13425.0
2025-04-20 20:00:00+00:00,0.2445,0.245,0.2426,0.2438,21680.0
2025-04-21 00:00:00+00:00,0.2445,0.2521,0.2445,0.25,24640.0
2025-04-21 04:00:00+00:00,0.2504,0.2571,0.2498,0.2571,9486.0
2025-04-21 08:00:00+00:00,0.2572,0.262,0.2568,0.258,15466.0
2025-04-21 12:00:00+00:00,0.2571,0.262,0.2553,0.2584,20222.0
2025-04-21 16:00:00+00:00,0.2582,0.2586,0.2513,0.2553,6415.0
2025-04-21 20:00:00+00:00,0.2538,0.2538,0.2488,0.2505,7770.0
2025-04-22 00:00:00+00:00,0.249,0.252,0.2479,0.2484,19193.0
2025-04-22 04:00:00+00:00,0.2483,0.2483,0.2439,0.2466,11698.0
2025-04-22 08:00:00+00:00,0.248,0.2503,0.2457,0.2503,27020.0
2025-04-22 12:00:00+00:00,0.2504,0.26,0.2504,0.2575,59802.0
2025-04-22 16:00:00+00:00,0.2587,0.2601,0.2564,0.2596,45385.0
2025-04-22 20:00:00+00:00,0.2595,0.2675,0.2589,0.2652,33285.0
2025-04-23 00:00:00+00:00,0.2652,0.2686,0.2635,0.2683,27729.0
2025-04-23 04:00:00+00:00,0.2675,0.2694,0.2655,0.2692,21172.0
2025-04-23 08:00:00+00:00,0.2693,0.2736,0.2693,0.2705,167080.0
2025-04-23 12:00:00+00:00,0.2715,0.2748,0.2637,0.2663,39251.0
2025-04-23 16:00:00+00:00,0.2657,0.2707,0.2652,0.266,10733.0
2025-04-23 20:00:00+00:00,0.2678,0.2688,0.266,0.2662,5252.0
2025-04-24 00:00:00+00:00,0.2661,0.2672,0.2607,0.2607,121887.0
2025-04-24 04:00:00+00:00,0.261,0.265,0.2603,0.2639,8735.0
2025-04-24 08:00:00+00:00,0.2618,0.2656,0.2592,0.2654,115180.0
2025-04-24 12:00:00+00:00,0.2649,0.2832,0.2649,0.2765,38004.0
2025-04-24 16:00:00+00:00,0.2773,0.2805,0.2745,0.2791,12363.0
2025-04-24 20:00:00+00:00,0.2793,0.281,0.2777,0.2807,19578.0
2025-04-25 00:00:00+00:00,0.2807,0.2811,0.2744,0.2756,16211.0
2025-04-25 04:00:00+00:00,0.2764,0.2828,0.2745,0.2825,32491.0
2025-04-25 08:00:00+00:00,0.2826,0.285,0.2816,0.284,10473.0
2025-04-25 12:00:00+00:00,0.284,0.2908,0.2811,0.2861,68313.0
2025-04-25 16:00:00+00:00,0.2858,0.2887,0.2839,0.284,50690.0
2025-04-25 20:00:00+00:00,0.2844,0.2859,0.2818,0.284,9588.0
2025-04-26 00:00:00+00:00,0.2849,0.2905,0.2845,0.2904,16048.0
2025-04-26 04:00:00+00:00,0.2906,0.2969,0.2874,0.294,20680.0
2025-04-26 08:00:00+00:00,0.2937,0.2961,0.2884,0.2891,37716.0
2025-04-26 12:00:00+00:00,0.2896,0.2912,0.2873,0.2896,8616.0
2025-04-26 16:00:00+00:00,0.2906,0.2912,0.2881,0.2909,11638.0
2025-04-26 20:00:00+00:00,0.2912,0.2927,0.2889,0.2902,9550.0
2025-04-27 00:00:00+00:00,0.2917,0.294,0.2868,0.2901,45545.0
2025-04-27 04:00:00+00:00,0.2901,0.2901,0.2817,0.2847,8671.0
2025-04-27 08:00:00+00:00,0.2848,0.2868,0.2829,0.2829,3696.0
2025-04-27 12:00:00+00:00,0.2828,0.2875,0.2808,0.2833,25853.0
2025-04-27 16:00:00+00:00,0.2841,0.2884,0.2826,0.2884,6859.0
2025-04-27 20:00:00+00:00,0.2875,0.2892,0.2842,0.2843,33461.0
2025-04-28 00:00:00+00:00,0.2841,0.2875,0.2784,0.2871,20967.0
2025-04-28 04:00:00+00:00,0.287,0.2916,0.2859,0.2912,16554.0
2025-04-28 08:00:00+00:00,0.2915,0.2936,0.2872,0.2881,17888.0
2025-04-28 12:00:00+00:00,0.2878,0.2882,0.2807,0.2819,13294.0
2025-04-28 16:00:00+00:00,0.2822,0.2848,0.2816,0.2836,4329.0
2025-04-28 20:00:00+00:00,0.283,0.2839,0.2817,0.2825,24413.0
2025-04-29 00:00:00+00:00,0.282,0.2849,0.2803,0.2819,7878.0
2025-04-29 04:00:00+00:00,0.2818,0.2823,0.2794,0.2823,2673.0
2025-04-29 08:00:00+00:00,0.2816,0.2817,0.2785,0.2804,3576.0
2025-04-29 12:00:00+00:00,0.2798,0.2817,0.2776,0.2807,19392.0
2025-04-29 16:00:00+00:00,0.2805,0.2824,0.2788,0.2798,20718.0
2025-04-29 20:00:00+00:00,0.2796,0.2798,0.2755,0.2781,27123.0
2025-04-30 00:00:00+00:00,0.2773,0.281,0.276,0.281,12708.0
2025-04-30 04:00:00+00:00,0.2803,0.2816,0.2756,0.2759,8402.0
2025-04-30 08:00:00+00:00,0.2755,0.2791,0.2754,0.2785,68434.0
2025-04-30 12:00:00+00:00,0.2786,0.2787,0.2674,0.2712,44207.0
2025-04-30 16:00:00+00:00,0.271,0.273,0.268,0.2711,32115.0
2025-04-30 20:00:00+00:00,0.2706,0.2729,0.2706,0.2713,15089.0
2025-05-01 00:00:00+00:00,0.2711,0.2734,0.2706,0.2721,20316.0
2025-05-01 04:00:00+00:00,0.2715,0.2721,0.2705,0.2712,3211.0
2025-05-01 08:00:00+00:00,0.2712,0.2795,0.2712,0.2789,36701.0
2025-05-01 12:00:00+00:00,0.2795,0.2801,0.2761,0.2764,27244.0
2025-05-01 16:00:00+00:00,0.2778,0.2796,0.2758,0.2758,35924.0
2025-05-01 20:00:00+00:00,0.2756,0.2759,0.2736,0.2736,38734.0
2025-05-02 00:00:00+00:00,0.2735,0.2795,0.2734,0.2773,128354.0
2025-05-02 04:00:00+00:00,0.2775,0.2775,0.2735,0.2735,8587.0
2025-05-02 08:00:00+00:00,0.2751,0.2762,0.2751,0.276,6151.0
2025-05-02 12:00:00+00:00,0.276,0.279,0.2752,0.2752,52389.0
2025-05-02 16:00:00+00:00,0.2767,0.2793,0.271,0.271,18622.0
2025-05-02 20:00:00+00:00,0.2709,0.2747,0.2708,0.2744,4970.0
2025-05-03 00:00:00+00:00,0.2748,0.2754,0.2719,0.2738,9811.0
2025-05-03 04:00:00+00:00,0.2732,0.2741,0.2707,0.271,816.0
2025-05-03 08:00:00+00:00,0.2725,0.2725,0.2681,0.2685,4865.0
2025-05-03 12:00:00+00:00,0.2688,0.2736,0.2686,0.2729,18951.0
2025-05-03 16:00:00+00:00,0.2723,0.2732,0.2684,0.2729,13109.0
2025-05-03 20:00:00+00:00,0.2731,0.2737,0.2691,0.2691,3407.0
2025-05-04 00:00:00+00:00,0.2701,0.2732,0.2679,0.2682,8385.0
2025-05-04 04:00:00+00:00,0.2681,0.2719,0.2679,0.2704,6209.0
2025-05-04 08:00:00+00:00,0.2703,0.2704,0.2678,0.2686,8953.0
2025-05-04 12:00:00+00:00,0.2685,0.2706,0.2651,0.2703,13253.0
2025-05-04 16:00:00+00:00,0.2699,0.2699,0.2655,0.2673,8051.0
2025-05-04 20:00:00+00:00,0.2665,0.2701,0.2654,0.2657,4090.0
2025-05-05 00:00:00+00:00,0.2654,0.2683,0.2631,0.2658,18747.0
2025-05-05 04:00:00+00:00,0.2654,0.2699,0.2654,0.2678,5813.0
2025-05-05 08:00:00+00:00,0.2678,0.27,0.2618,0.2622,10362.0
2025-05-05 12:00:00+00:00,0.2616,0.2639,0.257,0.2579,42384.0
2025-05-05 16:00:00+00:00,0.2588,0.264,0.2583,0.2605,24186.0
2025-05-05 20:00:00+00:00,0.2602,0.261,0.2561,0.2585,14156.0
2025-05-06 00:00:00+00:00,0.2584,0.2601,0.2546,0.2583,16853.0
2025-05-06 04:00:00+00:00,0.2585,0.2597,0.2574,0.2574,3666.0
2025-05-06 08:00:00+00:00,0.2572,0.2575,0.2529,0.2541,7321.0
2025-05-06 12:00:00+00:00,0.2545,0.2573,0.2523,0.2545,26408.0
2025-05-06 16:00:00+00:00,0.2539,0.2592,0.2531,0.2587,26596.0
2025-05-06 20:00:00+00:00,0.2582,0.2628,0.256,0.262,9368.0
2025-05-07 00:00:00+00:00,0.2624,0.2642,0.2604,0.2614,18085.0
2025-05-07 04:00:00+00:00,0.2619,0.2619,0.2599,0.2615,111232.0
2025-05-07 08:00:00+00:00,0.2605,0.2632,0.2605,0.2632,1709.0
2025-05-07 12:00:00+00:00,0.2625,0.2625,0.2581,0.2581,16002.0
2025-05-07 16:00:00+00:00,0.258,0.2603,0.2568,0.2586,22413.0
2025-05-07 20:00:00+00:00,0.2578,0.2612,0.2577,0.26,12407.0
2025-05-08 00:00:00+00:00,0.2602,0.2691,0.2591,0.269,15766.0
2025-05-08 04:00:00+00:00,0.2694,0.2717,0.2681,0.2716,18867.0
2025-05-08 08:00:00+00:00,0.2721,0.2759,0.2717,0.2736,130857.0
2025-05-08 12:00:00+00:00,0.2752,0.2823,0.273,0.2809,152902.0
2025-05-08 16:00:00+00:00,0.2807,0.2857,0.2803,0.2844,126086.0
2025-05-08 20:00:00+00:00,0.2855,0.291,0.2837,0.2908,250878.0
2025-05-09 00:00:00+00:00,0.291,0.2979,0.2893,0.2909,145818.0
2025-05-09 04:00:00+00:00,0.291,0.2995,0.2905,0.2968,27337.0
2025-05-09 08:00:00+00:00,0.2989,0.3065,0.2962,0.3004,101783.0
2025-05-09 12:00:00+00:00,0.3008,0.3032,0.2941,0.2949,48693.0
2025-05-09 16:00:00+00:00,0.2953,0.2974,0.293,0.2939,87126.0
2025-05-09 20:00:00+00:00,0.2943,0.2962,0.2932,0.2957,27243.0
2025-05-10 00:00:00+00:00,0.2952,0.3011,0.2942,0.3011,88009.0
2025-05-10 04:00:00+00:00,0.2993,0.3033,0.2977,0.3027,15420.0
2025-05-10 08:00:00+00:00,0.3028,0.3064,0.2993,0.2994,29158.0
2025-05-10 12:00:00+00:00,0.3009,0.306,0.3003,0.3033,320404.0
2025-05-10 16:00:00+00:00,0.3034,0.3098,0.3033,0.3056,71304.0
2025-05-10 20:00:00+00:00,0.3047,0.3213,0.3032,0.3213,103140.0
2025-05-11 00:00:00+00:00,0.3198,0.3247,0.3098,0.313,296195.0
2025-05-11 04:00:00+00:00,0.3141,0.315,0.3025,0.3052,25925.0
2025-05-11 08:00:00+00:00,0.3043,0.3079,0.3028,0.3079,6979.0
2025-05-11 12:00:00+00:00,0.307,0.3086,0.3023,0.3035,31894.0
2025-05-11 16:00:00+00:00,0.302,0.308,0.301,0.3075,9848.0
2025-05-11 20:00:00+00:00,0.3075,0.3091,0.3047,0.307,7805.0
2025-05-12 00:00:00+00:00,0.3074,0.3141,0.3059,0.3118,28028.0
2025-05-12 04:00:00+00:00,0.3122,0.3201,0.3074,0.3134,45633.0
2025-05-12 08:00:00+00:00,0.3111,0.3206,0.3099,0.3157,16347.0
2025-05-12 12:00:00+00:00,0.3152,0.3346,0.3152,0.3232,130414.0
2025-05-12 16:00:00+00:00,0.3224,0.3245,0.3061,0.3109,40828.0
2025-05-12 20:00:00+00:00,0.3108,0.3153,0.3091,0.3128,30129.0
2025-05-13 00:00:00+00:00,0.3122,0.3123,0.2977,0.298,70764.0
2025-05-13 04:00:00+00:00,0.2983,0.3067,0.2983,0.3048,11004.0
2025-05-13 08:00:00+00:00,0.3068,0.3109,0.3064,0.3098,11726.0
2025-05-13 12:00:00+00:00,0.3089,0.3115,0.3029,0.3074,20753.0
2025-05-13 16:00:00+00:00,0.3076,0.3178,0.3076,0.3143,93379.0
2025-05-13 20:00:00+00:00,0.3135,0.3168,0.3123,0.315,17427.0
2025-05-14 00:00:00+00:00,0.3141,0.3162,0.3084,0.3108,39437.0
2025-05-14 04:00:00+00:00,0.3091,0.3169,0.3089,0.3167,8451.0
2025-05-14 08:00:00+00:00,0.317,0.3179,0.307,0.3117,49662.0
2025-05-14 12:00:00+00:00,0.3129,0.3139,0.3048,0.3066,22223.0
2025-05-14 16:00:00+00:00,0.3079,0.3079,0.301,0.3053,43046.0
2025-05-14 20:00:00+00:00,0.3047,0.3067,0.3015,0.304,23042.0
2025-05-15 00:00:00+00:00,0.3038,0.3076,0.3,0.302,23073.0
2025-05-15 04:00:00+00:00,0.3029,0.3047,0.2944,0.2944,25136.0
2025-05-15 08:00:00+00:00,0.2965,0.3011,0.294,0.298,10128.0
2025-05-15 12:00:00+00:00,0.2974,0.2991,0.288,0.297,89408.0
2025-05-15 16:00:00+00:00,0.2965,0.3031,0.2925,0.2942,19838.0
2025-05-15 20:00:00+00:00,0.296,0.2978,0.2869,0.2925,155859.0
2025-05-16 00:00:00+00:00,0.2925,0.2962,0.2892,0.2962,17939.0
2025-05-16 04:00:00+00:00,0.2967,0.299,0.2939,0.299,5349.0
2025-05-16 08:00:00+00:00,0.2975,0.3,0.2935,0.2983,8809.0
2025-05-16 12:00:00+00:00,0.2973,0.3004,0.2958,0.2983,15783.0
2025-05-16 16:00:00+00:00,0.3,0.3,0.295,0.2965,18125.0
2025-05-16 20:00:00+00:00,0.2958,0.2958,0.2905,0.2928,10163.0
2025-05-17 00:00:00+00:00,0.2937,0.2937,0.2851,0.2907,58152.0
2025-05-17 04:00:00+00:00,0.2908,0.2927,0.2897,0.2897,17993.0
2025-05-17 08:00:00+00:00,0.2894,0.2894,0.2862,0.2882,3807.0
2025-05-17 12:00:00+00:00,0.2867,0.2874,0.2821,0.2855,27204.0
2025-05-17 16:00:00+00:00,0.285,0.2873,0.2815,0.285,19769.0
2025-05-17 20:00:00+00:00,0.2853,0.2883,0.2831,0.2864,13856.0
2025-05-18 00:00:00+00:00,0.2867,0.2881,0.2855,0.2867,5565.0
2025-05-18 04:00:00+00:00,0.2874,0.2917,0.2874,0.2917,4359.0
2025-05-18 08:00:00+00:00,0.2918,0.2925,0.2892,0.2894,1574.0
2025-05-18 12:00:00+00:00,0.2891,0.2971,0.2879,0.2971,29395.0
2025-05-18 16:00:00+00:00,0.2958,0.2969,0.2845,0.2853,15511.0
2025-05-18 20:00:00+00:00,0.2844,0.2932,0.2817,0.293,40272.0
2025-05-19 00:00:00+00:00,0.2924,0.2936,0.2816,0.2816,30609.0
2025-05-19 04:00:00+00:00,0.2815,0.2832,0.2771,0.2808,28408.0
2025-05-19 08:00:00+00:00,0.2801,0.282,0.2786,0.2812,5894.0
2025-05-19 12:00:00+00:00,0.2793,0.2839,0.2778,0.2823,51376.0
2025-05-19 16:00:00+00:00,0.2823,0.2872,0.2823,0.2863,40167.0
2025-05-19 20:00:00+00:00,0.2866,0.2869,0.2832,0.2867,7453.0
2025-05-20 00:00:00+00:00,0.2876,0.2894,0.2855,0.2859,5923.0
2025-05-20 04:00:00+00:00,0.2857,0.2877,0.2832,0.2833,10440.0
2025-05-20 08:00:00+00:00,0.2833,0.2857,0.2812,0.2839,5840.0
2025-05-20 12:00:00+00:00,0.2836,0.2838,0.2806,0.2824,25403.0
2025-05-20 16:00:00+00:00,0.2818,0.287,0.2804,0.287,9759.0
2025-05-20 20:00:00+00:00,0.2862,0.2883,0.2857,0.287,7904.0
2025-05-21 00:00:00+00:00,0.2878,0.289,0.2843,0.289,8324.0
2025-05-21 04:00:00+00:00,0.2885,0.292,0.2878,0.2893,28560.0
2025-05-21 08:00:00+00:00,0.2892,0.2909,0.2864,0.2899,5905.0
2025-05-21 12:00:00+00:00,0.2898,0.2942,0.2893,0.2942,12309.0
2025-05-21 16:00:00+00:00,0.2943,0.2978,0.285,0.2914,43000.0
2025-05-21 20:00:00+00:00,0.2902,0.2954,0.2891,0.2932,55056.0
2025-05-22 00:00:00+00:00,0.294,0.2986,0.2932,0.2985,109663.0
2025-05-22 04:00:00+00:00,0.2981,0.2988,0.2965,0.2974,18055.0
2025-05-22 08:00:00+00:00,0.2985,0.3025,0.2985,0.3013,67376.0
2025-05-22 12:00:00+00:00,0.3019,0.3025,0.2988,0.3015,7377.0
2025-05-22 16:00:00+00:00,0.3014,0.3042,0.3004,0.3029,26728.0
2025-05-22 20:00:00+00:00,0.3033,0.3043,0.3003,0.304,14054.0
2025-05-23 00:00:00+00:00,0.3043,0.3122,0.3028,0.3095,101433.0
2025-05-23 04:00:00+00:00,0.3096,0.3096,0.2999,0.3009,29472.0
2025-05-23 08:00:00+00:00,0.3023,0.3058,0.2922,0.2922,27939.0
2025-05-23 12:00:00+00:00,0.2925,0.2957,0.2868,0.2928,110089.0
2025-05-23 16:00:00+00:00,0.2922,0.2951,0.2904,0.2928,6027.0
2025-05-23 20:00:00+00:00,0.2917,0.2927,0.2844,0.2854,70347.0
2025-05-24 00:00:00+00:00,0.2849,0.2902,0.2842,0.2902,13733.0
2025-05-24 04:00:00+00:00,0.2902,0.2914,0.2902,0.2906,3022.0
2025-05-24 08:00:00+00:00,0.2909,0.2915,0.2902,0.2903,4842.0
2025-05-24 12:00:00+00:00,0.2903,0.2903,0.2875,0.2877,11169.0
2025-05-24 16:00:00+00:00,0.2875,0.2885,0.2866,0.2866,8245.0
2025-05-24 20:00:00+00:00,0.287,0.287,0.2849,0.2857,40805.0
2025-05-25 00:00:00+00:00,0.2866,0.287,0.2819,0.2858,43912.0
2025-05-25 04:00:00+00:00,0.285,0.2862,0.2827,0.2827,1161.0
2025-05-25 08:00:00+00:00,0.2825,0.2825,0.28,0.2805,15434.0
2025-05-25 12:00:00+00:00,0.2816,0.2838,0.2778,0.2794,26367.0
2025-05-25 16:00:00+00:00,0.2793,0.2839,0.2783,0.2839,18234.0
2025-05-25 20:00:00+00:00,0.2835,0.2876,0.2835,0.2875,6724.0
2025-05-26 00:00:00+00:00,0.2873,0.2887,0.2863,0.2872,19144.0
2025-05-26 04:00:00+00:00,0.2869,0.2899,0.2867,0.2892,5997.0
2025-05-26 08:00:00+00:00,0.2893,0.2896,0.288,0.2884,11387.0
2025-05-26 12:00:00+00:00,0.2876,0.2878,0.285,0.2878,3036.0
2025-05-26 16:00:00+00:00,0.2882,0.2883,0.2832,0.284,14371.0
2025-05-26 20:00:00+00:00,0.2836,0.2861,0.2834,0.2856,8984.0
2025-05-27 00:00:00+00:00,0.2864,0.2866,0.2812,0.2849,19537.0
2025-05-27 04:00:00+00:00,0.2847,0.2881,0.2839,0.2881,11318.0
2025-05-27 08:00:00+00:00,0.2882,0.2894,0.2878,0.2894,2791.0
2025-05-27 12:00:00+00:00,0.289,0.2925,0.2862,0.2901,31909.0
2025-05-27 16:00:00+00:00,0.2895,0.291,0.2888,0.2897,46104.0
2025-05-27 20:00:00+00:00,0.289,0.2898,0.2863,0.2871,10138.0
2025-05-28 00:00:00+00:00,0.2871,0.2879,0.2859,0.2873,5325.0
2025-05-28 04:00:00+00:00,0.2873,0.2882,0.2858,0.2868,8932.0
2025-05-28 08:00:00+00:00,0.2865,0.2882,0.2857,0.2881,1729.0
2025-05-28 12:00:00+00:00,0.2882,0.2896,0.2816,0.2816,29970.0
2025-05-28 16:00:00+00:00,0.2815,0.2843,0.2795,0.2795,23498.0
2025-05-28 20:00:00+00:00,0.2795,0.2855,0.2795,0.2849,44086.0
2025-05-29 00:00:00+00:00,0.285,0.2883,0.2843,0.2862,18408.0
2025-05-29 04:00:00+00:00,0.2862,0.2862,0.2825,0.2849,6799.0
2025-05-29 08:00:00+00:00,0.2844,0.2877,0.2844,0.2877,4168.0
2025-05-29 12:00:00+00:00,0.286,0.2871,0.2823,0.2833,17065.0
2025-05-29 16:00:00+00:00,0.2832,0.2837,0.2791,0.2791,39864.0
2025-05-29 20:00:00+00:00,0.2805,0.2827,0.2781,0.279,9778.0
2025-05-30 00:00:00+00:00,0.2791,0.2799,0.2686,0.2742,56510.0
2025-05-30 04:00:00+00:00,0.273,0.2745,0.2712,0.2728,2989.0
2025-05-30 08:00:00+00:00,0.2713,0.2747,0.2702,0.2745,3765.0
2025-05-30 12:00:00+00:00,0.2748,0.2757,0.2722,0.2749,9397.0
2025-05-30 16:00:00+00:00,0.2722,0.2732,0.2655,0.2732,11553.0
2025-05-30 20:00:00+00:00,0.2713,0.2714,0.2639,0.2664,5735.0
2025-05-31 00:00:00+00:00,0.2644,0.2668,0.26,0.2613,21756.0
2025-05-31 04:00:00+00:00,0.2602,0.263,0.2602,0.261,53847.0
2025-05-31 08:00:00+00:00,0.2603,0.2616,0.2595,0.2602,2747.0
2025-05-31 12:00:00+00:00,0.2616,0.2679,0.2616,0.266,16633.0
2025-05-31 16:00:00+00:00,0.2672,0.2677,0.2658,0.2662,14444.0
2025-05-31 20:00:00+00:00,0.2658,0.2669,0.2639,0.2639,16524.0
2025-06-01 00:00:00+00:00,0.2644,0.2658,0.2627,0.2656,5027.0
2025-06-01 04:00:00+00:00,0.2667,0.2672,0.2656,0.2656,929.0
2025-06-01 08:00:00+00:00,0.2644,0.2648,0.2627,0.2648,1485.0
2025-06-01 12:00:00+00:00,0.263,0.2658,0.2624,0.2658,5415.0
2025-06-01 16:00:00+00:00,0.2667,0.2676,0.2644,0.2669,266285.0
2025-06-01 20:00:00+00:00,0.2659,0.2676,0.2657,0.2673,1403.0
2025-06-02 00:00:00+00:00,0.2672,0.2685,0.2644,0.2649,9626.0
2025-06-02 04:00:00+00:00,0.2658,0.2672,0.2651,0.2672,1102.0
2025-06-02 08:00:00+00:00,0.2672,0.2672,0.2642,0.2649,2181.0
2025-06-02 12:00:00+00:00,0.2642,0.2668,0.2639,0.2663,26551.0
2025-06-02 16:00:00+00:00,0.2644,0.2661,0.2643,0.2646,7883.0
2025-06-02 20:00:00+00:00,0.2658,0.2716,0.2658,0.2715,2112.0
2025-06-03 00:00:00+00:00,0.2716,0.2752,0.2714,0.272,7772.0
2025-06-03 04:00:00+00:00,0.272,0.2728,0.2711,0.2725,20336.0
2025-06-03 08:00:00+00:00,0.2703,0.2721,0.2703,0.272,2791.0
2025-06-03 12:00:00+00:00,0.2734,0.2759,0.2712,0.2753,31981.0
2025-06-03 16:00:00+00:00,0.2756,0.2761,0.2736,0.2753,10200.0
2025-06-03 20:00:00+00:00,0.2753,0.2753,0.2716,0.2723,13044.0
2025-06-04 00:00:00+00:00,0.2737,0.2749,0.272,0.2744,51348.0
2025-06-04 04:00:00+00:00,0.2746,0.2746,0.2722,0.2726,2943.0
2025-06-04 08:00:00+00:00,0.2743,0.2757,0.2728,0.2731,8238.0
2025-06-04 12:00:00+00:00,0.2726,0.2726,0.2685,0.2723,43638.0
2025-06-04 16:00:00+00:00,0.2704,0.2707,0.268,0.268,31874.0
2025-06-04 20:00:00+00:00,0.2679,0.2683,0.2653,0.2666,10789.0
2025-06-05 00:00:00+00:00,0.267,0.2679,0.2658,0.2671,1889.0
2025-06-05 04:00:00+00:00,0.268,0.268,0.2647,0.2647,15504.0
2025-06-05 08:00:00+00:00,0.2667,0.2668,0.2656,0.2662,1374.0
2025-06-05 12:00:00+00:00,0.267,0.2684,0.264,0.2658,63128.0
2025-06-05 16:00:00+00:00,0.2644,0.2644,0.2578,0.2592,13543.0
2025-06-05 20:00:00+00:00,0.2589,0.259,0.2526,0.257,43486.0
2025-06-06 00:00:00+00:00,0.257,0.2604,0.256,0.2603,29020.0
2025-06-06 04:00:00+00:00,0.2595,0.2618,0.2595,0.2602,1627.0
2025-06-06 08:00:00+00:00,0.2616,0.2626,0.2616,0.2624,1930.0
2025-06-06 12:00:00+00:00,0.2626,0.266,0.2623,0.266,88169.0
2025-06-06 16:00:00+00:00,0.2644,0.2644,0.2623,0.263,9940.0
2025-06-06 20:00:00+00:00,0.2632,0.2638,0.2624,0.2629,7265.0
2025-06-07 00:00:00+00:00,0.2622,0.2641,0.2621,0.2641,3676.0
2025-06-07 04:00:00+00:00,0.2639,0.2656,0.2639,0.2656,8722.0
2025-06-07 08:00:00+00:00,0.2652,0.2661,0.2644,0.2661,1114.0
2025-06-07 12:00:00+00:00,0.2662,0.2672,0.2661,0.2667,6063.0
2025-06-07 16:00:00+00:00,0.2674,0.2674,0.2649,0.2652,142293.0
2025-06-07 20:00:00+00:00,0.2648,0.2656,0.2646,0.2647,4646.0
2025-06-08 00:00:00+00:00,0.2644,0.2645,0.2635,0.2645,9028.0
2025-06-08 04:00:00+00:00,0.2643,0.2678,0.2643,0.2661,4163.0
2025-06-08 08:00:00+00:00,0.2666,0.2684,0.2642,0.2684,2976.0
2025-06-08 12:00:00+00:00,0.2685,0.2735,0.2685,0.2709,9688.0
2025-06-08 16:00:00+00:00,0.2715,0.2715,0.2698,0.2698,2644.0
2025-06-08 20:00:00+00:00,0.2697,0.2697,0.2673,0.2673,5010.0
2025-06-09 00:00:00+00:00,0.2675,0.2684,0.2652,0.2654,3910.0
2025-06-09 04:00:00+00:00,0.2652,0.2652,0.2642,0.2642,5654.0
2025-06-09 08:00:00+00:00,0.2647,0.2674,0.2647,0.2663,7465.0
2025-06-09 12:00:00+00:00,0.2664,0.2674,0.2657,0.2659,15393.0
2025-06-09 16:00:00+00:00,0.2665,0.2702,0.2664,0.2689,40368.0
2025-06-09 20:00:00+00:00,0.2692,0.2746,0.2692,0.2746,16172.0
2025-06-10 00:00:00+00:00,0.2745,0.2767,0.2739,0.2754,24840.0
2025-06-10 04:00:00+00:00,0.2755,0.2758,0.2728,0.2735,5475.0
2025-06-10 08:00:00+00:00,0.2727,0.2767,0.2723,0.2767,824.0
2025-06-10 12:00:00+00:00,0.2772,0.2797,0.2753,0.2763,23370.0
2025-06-10 16:00:00+00:00,0.2767,0.2803,0.276,0.2788,7040.0
2025-06-10 20:00:00+00:00,0.2781,0.2811,0.2773,0.2805,29029.0
2025-06-11 00:00:00+00:00,0.2806,0.2812,0.2787,0.2811,20426.0
2025-06-11 04:00:00+00:00,0.2808,0.2827,0.2804,0.2819,23211.0
2025-06-11 08:00:00+00:00,0.2832,0.2846,0.2805,0.2805,6419.0
2025-06-11 12:00:00+00:00,0.2803,0.2843,0.2803,0.282,8798.0
2025-06-11 16:00:00+00:00,0.2815,0.2817,0.2779,0.2779,12066.0
2025-06-11 20:00:00+00:00,0.2782,0.2799,0.2763,0.277,3259.0
2025-06-12 00:00:00+00:00,0.2763,0.2783,0.2758,0.2766,6934.0
2025-06-12 04:00:00+00:00,0.2762,0.2782,0.2755,0.2755,8178.0
2025-06-12 08:00:00+00:00,0.2762,0.2762,0.2727,0.2728,3113.0
2025-06-12 12:00:00+00:00,0.2736,0.2755,0.2735,0.2735,1952.0
2025-06-12 16:00:00+00:00,0.2734,0.2751,0.2703,0.2704,19010.0
2025-06-12 20:00:00+00:00,0.2703,0.2704,0.2672,0.2679,14857.0
2025-06-13 00:00:00+00:00,0.2672,0.2672,0.2535,0.258,22400.0
2025-06-13 04:00:00+00:00,0.2562,0.2582,0.2559,0.2582,38693.0
2025-06-13 08:00:00+00:00,0.2588,0.2604,0.2574,0.2597,1825.0
2025-06-13 12:00:00+00:00,0.2602,0.2607,0.2569,0.2602,3081.0
2025-06-13 16:00:00+00:00,0.2594,0.2612,0.2572,0.2574,7905.0
2025-06-13 20:00:00+00:00,0.2588,0.261,0.2586,0.2605,9797.0
2025-06-14 00:00:00+00:00,0.2601,0.2609,0.2588,0.2597,6001.0
2025-06-14 04:00:00+00:00,0.2602,0.2609,0.2602,0.2609,1028.0
2025-06-14 08:00:00+00:00,0.2592,0.2593,0.2588,0.2592,35184.0
2025-06-14 12:00:00+00:00,0.2592,0.2602,0.2566,0.2566,47271.0
2025-06-14 16:00:00+00:00,0.257,0.257,0.2538,0.2549,11256.0
2025-06-14 20:00:00+00:00,0.2549,0.257,0.2532,0.2565,16445.0
2025-06-15 00:00:00+00:00,0.2565,0.2575,0.2563,0.2574,3222.0
2025-06-15 04:00:00+00:00,0.258,0.2592,0.2574,0.2574,2360.0
2025-06-15 08:00:00+00:00,0.2562,0.2574,0.2551,0.2574,1017.0
2025-06-15 12:00:00+00:00,0.2565,0.2594,0.2565,0.2592,4367.0
2025-06-15 16:00:00+00:00,0.2577,0.2579,0.2562,0.2562,7663.0
2025-06-15 20:00:00+00:00,0.256,0.2589,0.2545,0.2589,13416.0
2025-06-16 00:00:00+00:00,0.2585,0.26,0.2563,0.2597,2469.0
2025-06-16 04:00:00+00:00,0.2594,0.2625,0.2594,0.2614,4232.0
2025-06-16 08:00:00+00:00,0.2619,0.2642,0.2607,0.2632,3516.0
2025-06-16 12:00:00+00:00,0.2644,0.2668,0.263,0.2647,4416.0
2025-06-16 16:00:00+00:00,0.267,0.2693,0.2669,0.2683,8326.0
2025-06-16 20:00:00+00:00,0.2688,0.269,0.2615,0.2615,6828.0
2025-06-17 00:00:00+00:00,0.2612,0.2636,0.2584,0.2636,22032.0
2025-06-17 04:00:00+00:00,0.2616,0.2616,0.26,0.26,5747.0
2025-06-17 08:00:00+00:00,0.2599,0.2599,0.2562,0.2562,2184.0
2025-06-17 12:00:00+00:00,0.2577,0.2582,0.2541,0.2543,1800.0
2025-06-17 16:00:00+00:00,0.2538,0.2558,0.2505,0.2554,25182.0
2025-06-17 20:00:00+00:00,0.2549,0.255,0.2512,0.252,4993.0
2025-06-18 00:00:00+00:00,0.2523,0.2537,0.2517,0.2525,8233.0
2025-06-18 04:00:00+00:00,0.2532,0.254,0.2518,0.253,25882.0
2025-06-18 08:00:00+00:00,0.2532,0.2532,0.2482,0.2491,14744.0
2025-06-18 12:00:00+00:00,0.2488,0.2504,0.2462,0.2494,6074.0
2025-06-18 16:00:00+00:00,0.2484,0.2491,0.2476,0.2485,11344.0
2025-06-18 20:00:00+00:00,0.2483,0.2527,0.2482,0.2514,15155.0
2025-06-19 00:00:00+00:00,0.252,0.2528,0.2501,0.2509,9889.0
2025-06-19 04:00:00+00:00,0.2507,0.2524,0.2507,0.2514,1662.0
2025-06-19 08:00:00+00:00,0.2516,0.2523,0.2504,0.2504,5193.0
2025-06-19 12:00:00+00:00,0.2508,0.2509,0.2485,0.2485,2822.0
2025-06-19 16:00:00+00:00,0.2482,0.2504,0.2476,0.2501,4038.0
2025-06-19 20:00:00+00:00,0.25,0.2502,0.249,0.2496,1931.0
2025-06-20 00:00:00+00:00,0.2499,0.2501,0.2488,0.2491,5571.0
2025-06-20 04:00:00+00:00,0.2485,0.249,0.2476,0.249,1303.0
2025-06-20 08:00:00+00:00,0.2504,0.2504,0.2493,0.2501,2515.0
2025-06-20 12:00:00+00:00,0.2502,0.2512,0.2459,0.2472,9313.0
2025-06-20 16:00:00+00:00,0.2456,0.2456,0.24,0.2425,31257.0
2025-06-20 20:00:00+00:00,0.2434,0.2447,0.2412,0.2419,19297.0
2025-06-21 00:00:00+00:00,0.2419,0.2435,0.2417,0.2435,18265.0
2025-06-21 04:00:00+00:00,0.2433,0.2452,0.2428,0.2442,86984.0
2025-06-21 08:00:00+00:00,0.2438,0.2446,0.2438,0.2446,6466.0
2025-06-21 12:00:00+00:00,0.2446,0.2446,0.2408,0.2411,8113.0
2025-06-21 16:00:00+00:00,0.2421,0.2422,0.2381,0.2381,10139.0
2025-06-21 20:00:00+00:00,0.238,0.238,0.2324,0.2372,37112.0
2025-06-22 00:00:00+00:00,0.2373,0.2388,0.2341,0.2341,12270.0
2025-06-22 04:00:00+00:00,0.2364,0.2381,0.2364,0.2381,158.0
2025-06-22 08:00:00+00:00,0.2364,0.2364,0.2326,0.2326,5000.0
2025-06-22 12:00:00+00:00,0.2321,0.2336,0.2219,0.2219,31072.0
2025-06-22 16:00:00+00:00,0.2226,0.2244,0.2212,0.2226,13516.0
2025-06-22 20:00:00+00:00,0.2212,0.229,0.2169,0.2283,200017.0
2025-06-23 00:00:00+00:00,0.2291,0.2307,0.2286,0.2307,5551.0
2025-06-23 04:00:00+00:00,0.2295,0.2316,0.2295,0.2316,2112.0
2025-06-23 08:00:00+00:00,0.2309,0.2312,0.2293,0.2293,2109.0
2025-06-23 12:00:00+00:00,0.229,0.2329,0.2279,0.2301,3848.0
2025-06-23 16:00:00+00:00,0.2297,0.2354,0.2261,0.2345,5577.0
2025-06-23 20:00:00+00:00,0.236,0.2457,0.236,0.2454,13601.0
2025-06-24 00:00:00+00:00,0.2462,0.2463,0.2436,0.2451,16839.0
2025-06-24 04:00:00+00:00,0.2451,0.2483,0.245,0.2462,11725.0
2025-06-24 08:00:00+00:00,0.2462,0.2482,0.2448,0.2462,2395.0
2025-06-24 12:00:00+00:00,0.2476,0.2483,0.2464,0.2482,13423.0
2025-06-24 16:00:00+00:00,0.2475,0.2492,0.2469,0.2475,14871.0
2025-06-24 20:00:00+00:00,0.2476,0.2485,0.2474,0.2478,4412.0
2025-06-25 00:00:00+00:00,0.249,0.249,0.2466,0.2467,4528.0
2025-06-25 04:00:00+00:00,0.2462,0.2462,0.2447,0.2447,974.0
2025-06-25 08:00:00+00:00,0.2449,0.2449,0.2433,0.2438,13946.0
2025-06-25 12:00:00+00:00,0.2448,0.245,0.2408,0.2408,10853.0
2025-06-25 16:00:00+00:00,0.2415,0.2432,0.2405,0.2423,40453.0
2025-06-25 20:00:00+00:00,0.2431,0.2432,0.2405,0.2405,4785.0
2025-06-26 00:00:00+00:00,0.242,0.2438,0.2418,0.2422,5139.0
2025-06-26 04:00:00+00:00,0.242,0.242,0.2417,0.2419,960.0
2025-06-26 08:00:00+00:00,0.2414,0.2416,0.2388,0.2388,28354.0
2025-06-26 12:00:00+00:00,0.2385,0.2389,0.2346,0.2351,29444.0
2025-06-26 16:00:00+00:00,0.2349,0.2364,0.2338,0.2364,12712.0
2025-06-26 20:00:00+00:00,0.2363,0.238,0.2342,0.2343,6209.0
2025-06-27 00:00:00+00:00,0.2346,0.2363,0.2335,0.236,6860.0
2025-06-27 04:00:00+00:00,0.2356,0.2356,0.2338,0.2338,1695.0
2025-06-27 08:00:00+00:00,0.2339,0.2351,0.2339,0.2341,1648.0
2025-06-27 12:00:00+00:00,0.2342,0.2353,0.2334,0.2352,4108.0
2025-06-27 16:00:00+00:00,0.2356,0.238,0.2324,0.2337,49860.0
2025-06-27 20:00:00+00:00,0.2347,0.2375,0.2347,0.2364,6391.0
2025-06-28 00:00:00+00:00,0.237,0.2389,0.2368,0.2378,14426.0
2025-06-28 04:00:00+00:00,0.2375,0.238,0.2366,0.2377,9676.0
2025-06-28 08:00:00+00:00,0.2372,0.2372,0.2367,0.2367,848.0
2025-06-28 12:00:00+00:00,0.2376,0.2395,0.2373,0.2395,3568.0
2025-06-28 16:00:00+00:00,0.2393,0.2393,0.2374,0.2383,47428.0
2025-06-28 20:00:00+00:00,0.2383,0.2403,0.2383,0.2389,13847.0
2025-06-29 00:00:00+00:00,0.2393,0.2401,0.2383,0.2392,66527.0
2025-06-29 04:00:00+00:00,0.2386,0.2398,0.2383,0.2398,11668.0
2025-06-29 08:00:00+00:00,0.2397,0.2397,0.2388,0.2388,25690.0
2025-06-29 12:00:00+00:00,0.2384,0.239,0.2375,0.2375,81370.0
2025-06-29 16:00:00+00:00,0.2375,0.2376,0.2356,0.2357,16063.0
2025-06-29 20:00:00+00:00,0.2361,0.242,0.2352,0.2404,9558.0
2025-06-30 00:00:00+00:00,0.2401,0.2412,0.2378,0.2378,4027.0
2025-06-30 04:00:00+00:00,0.2382,0.2382,0.2362,0.2362,17700.0
2025-06-30 08:00:00+00:00,0.2378,0.2378,0.2361,0.2361,41211.0
2025-06-30 12:00:00+00:00,0.2364,0.2408,0.2339,0.2365,54811.0
2025-06-30 16:00:00+00:00,0.2363,0.2429,0.235,0.2429,19333.0
2025-06-30 20:00:00+00:00,0.2406,0.2407,0.238,0.238,16174.0
2025-07-01 00:00:00+00:00,0.2384,0.2393,0.2375,0.2388,9033.0
2025-07-01 04:00:00+00:00,0.2373,0.2373,0.2358,0.236,3918.0
2025-07-01 08:00:00+00:00,0.2378,0.2378,0.2359,0.2378,2212.0
2025-07-01 12:00:00+00:00,0.2364,0.2368,0.2312,0.2314,58779.0
2025-07-01 16:00:00+00:00,0.231,0.2315,0.2242,0.2254,13572.0
2025-07-01 20:00:00+00:00,0.2243,0.2255,0.2234,0.2255,17305.0
2025-07-02 00:00:00+00:00,0.2252,0.229,0.2252,0.229,6636.0
2025-07-02 04:00:00+00:00,0.2293,0.2327,0.2293,0.2323,2168.0
2025-07-02 08:00:00+00:00,0.2319,0.2319,0.2307,0.2307,531.0
2025-07-02 12:00:00+00:00,0.2304,0.2343,0.2301,0.2337,12010.0
2025-07-02 16:00:00+00:00,0.2339,0.2395,0.2337,0.2386,68099.0
2025-07-02 20:00:00+00:00,0.2393,0.24,0.2381,0.2382,52389.0
2025-07-03 00:00:00+00:00,0.2392,0.24,0.2378,0.24,24438.0
2025-07-03 04:00:00+00:00,0.24,0.2453,0.2398,0.2453,64112.0
2025-07-03 08:00:00+00:00,0.244,0.2464,0.2435,0.2451,22673.0
2025-07-03 12:00:00+00:00,0.2462,0.2481,0.241,0.241,26392.0
2025-07-03 16:00:00+00:00,0.2415,0.2434,0.2409,0.2428,37959.0
2025-07-03 20:00:00+00:00,0.243,0.2452,0.2428,0.2428,4765.0
2025-07-04 00:00:00+00:00,0.2431,0.2443,0.2415,0.2415,10994.0
2025-07-04 04:00:00+00:00,0.241,0.2417,0.2389,0.2392,30870.0
2025-07-04 08:00:00+00:00,0.2389,0.2409,0.2382,0.2406,26209.0
2025-07-04 12:00:00+00:00,0.241,0.2413,0.2363,0.2363,64964.0
2025-07-04 16:00:00+00:00,0.2357,0.2385,0.2357,0.2377,3267.0
2025-07-04 20:00:00+00:00,0.2378,0.2393,0.2378,0.239,1741.0
2025-07-05 00:00:00+00:00,0.2384,0.2388,0.2373,0.2384,19374.0
2025-07-05 04:00:00+00:00,0.2382,0.2387,0.2376,0.2387,411.0
2025-07-05 08:00:00+00:00,0.2381,0.2381,0.2381,0.2381,607.0
2025-07-05 12:00:00+00:00,0.2367,0.238,0.2365,0.238,17304.0
2025-07-05 16:00:00+00:00,0.2375,0.2375,0.235,0.2364,3992.0
2025-07-05 20:00:00+00:00,0.2368,0.2383,0.2368,0.2383,1148.0
2025-07-06 00:00:00+00:00,0.238,0.2385,0.2375,0.2375,3591.0
2025-07-06 04:00:00+00:00,0.2369,0.2378,0.2367,0.2378,14555.0
2025-07-06 08:00:00+00:00,0.2389,0.2421,0.2389,0.2406,49739.0
2025-07-06 12:00:00+00:00,0.2396,0.244,0.2396,0.2436,39919.0
2025-07-06 16:00:00+00:00,0.244,0.2452,0.243,0.2433,2429.0
2025-07-06 20:00:00+00:00,0.2448,0.2517,0.2448,0.2501,18953.0
2025-07-07 00:00:00+00:00,0.2504,0.2548,0.2504,0.251,301280.0
2025-07-07 04:00:00+00:00,0.2517,0.2539,0.2503,0.2503,14479.0
2025-07-07 08:00:00+00:00,0.2503,0.2518,0.2483,0.2518,2614.0
2025-07-07 12:00:00+00:00,0.2508,0.2576,0.2504,0.2546,19977.0
2025-07-07 16:00:00+00:00,0.2536,0.254,0.2478,0.251,210589.0
2025-07-07 20:00:00+00:00,0.249,0.2494,0.2469,0.2485,29091.0
2025-07-08 00:00:00+00:00,0.2482,0.2485,0.2463,0.2468,5891.0
2025-07-08 04:00:00+00:00,0.2487,0.2504,0.2483,0.2504,9009.0
2025-07-08 08:00:00+00:00,0.2514,0.2551,0.251,0.2551,4074.0
2025-07-08 12:00:00+00:00,0.2532,0.2565,0.2518,0.2541,159301.0
2025-07-08 16:00:00+00:00,0.2542,0.2598,0.2537,0.2575,15639.0
2025-07-08 20:00:00+00:00,0.2577,0.2599,0.256,0.2599,10565.0
2025-07-09 00:00:00+00:00,0.2597,0.2613,0.257,0.2613,31510.0
2025-07-09 04:00:00+00:00,0.2607,0.2664,0.2607,0.2654,161018.0
2025-07-09 08:00:00+00:00,0.2655,0.2783,0.2655,0.2783,171650.0
2025-07-09 12:00:00+00:00,0.2786,0.2968,0.2784,0.2954,254983.0
2025-07-09 16:00:00+00:00,0.2945,0.2954,0.2879,0.2901,46858.0
2025-07-09 20:00:00+00:00,0.2909,0.2912,0.2855,0.2879,27578.0
2025-07-10 00:00:00+00:00,0.2882,0.2954,0.2855,0.2882,62367.0
2025-07-10 04:00:00+00:00,0.2882,0.2944,0.2872,0.2918,135836.0
2025-07-10 08:00:00+00:00,0.2926,0.2984,0.2904,0.2927,31132.0
2025-07-10 12:00:00+00:00,0.2918,0.2935,0.2882,0.2935,18465.0
2025-07-10 16:00:00+00:00,0.2936,0.302,0.2923,0.3007,78677.0
2025-07-10 20:00:00+00:00,0.3017,0.3057,0.2993,0.3024,24827.0
2025-07-11 00:00:00+00:00,0.3017,0.3062,0.2977,0.3057,23945.0
2025-07-11 04:00:00+00:00,0.3044,0.3089,0.3032,0.3044,13562.0
2025-07-11 08:00:00+00:00,0.3053,0.3227,0.3053,0.317,82976.0
2025-07-11 12:00:00+00:00,0.318,0.3987,0.3179,0.3633,750180.0
2025-07-11 16:00:00+00:00,0.3679,0.3881,0.36,0.3831,512576.0
2025-07-11 20:00:00+00:00,0.3838,0.384,0.3473,0.3603,229212.0
2025-07-12 00:00:00+00:00,0.3596,0.4051,0.3513,0.39,594720.0
2025-07-12 04:00:00+00:00,0.3941,0.4016,0.3724,0.3765,54423.0
2025-07-12 08:00:00+00:00,0.3753,0.4186,0.3726,0.4025,348932.0
2025-07-12 12:00:00+00:00,0.402,0.4043,0.373,0.3756,58604.0
2025-07-12 16:00:00+00:00,0.3791,0.3935,0.3791,0.3869,300475.0
2025-07-12 20:00:00+00:00,0.3859,0.4004,0.3773,0.3923,253663.0
2025-07-13 00:00:00+00:00,0.3895,0.4313,0.3876,0.4198,568212.0
2025-07-13 04:00:00+00:00,0.4231,0.4426,0.4148,0.4424,136391.0
2025-07-13 08:00:00+00:00,0.4423,0.4491,0.42,0.4222,126558.0
2025-07-13 12:00:00+00:00,0.4206,0.482,0.42,0.4624,709901.0
2025-07-13 16:00:00+00:00,0.4636,0.4793,0.4505,0.4705,185968.0
2025-07-13 20:00:00+00:00,0.47,0.4806,0.4572,0.4715,145814.0
2025-07-14 00:00:00+00:00,0.4705,0.5163,0.4659,0.5012,542221.0
2025-07-14 04:00:00+00:00,0.501,0.5113,0.47,0.4852,268818.0
2025-07-14 08:00:00+00:00,0.487,0.4878,0.448,0.4573,166901.0
2025-07-14 12:00:00+00:00,0.4581,0.4803,0.452,0.4566,318121.0
2025-07-14 16:00:00+00:00,0.458,0.4681,0.4457,0.4459,130411.0
2025-07-14 20:00:00+00:00,0.445,0.4668,0.4389,0.4641,232818.0
2025-07-15 00:00:00+00:00,0.4655,0.4655,0.4306,0.441,229378.0
2025-07-15 04:00:00+00:00,0.4415,0.4561,0.4371,0.447,112775.0
2025-07-15 08:00:00+00:00,0.4459,0.4729,0.4409,0.4631,70724.0
2025-07-15 12:00:00+00:00,0.4645,0.4743,0.4417,0.4485,48943.0
2025-07-15 16:00:00+00:00,0.4466,0.4583,0.4426,0.4428,53933.0
2025-07-15 20:00:00+00:00,0.443,0.453,0.44,0.4511,22883.0
2025-07-16 00:00:00+00:00,0.4502,0.4654,0.4464,0.4605,63755.0
2025-07-16 04:00:00+00:00,0.4579,0.4649,0.453,0.4604,25358.0
2025-07-16 08:00:00+00:00,0.458,0.4729,0.4576,0.4591,48502.0
2025-07-16 12:00:00+00:00,0.4597,0.4799,0.4595,0.4639,171562.0
2025-07-16 16:00:00+00:00,0.4648,0.4768,0.4616,0.4635,85047.0
2025-07-16 20:00:00+00:00,0.4644,0.4745,0.4521,0.4535,224841.0
2025-07-17 00:00:00+00:00,0.4533,0.4585,0.4453,0.4529,64876.0
2025-07-17 04:00:00+00:00,0.4534,0.4844,0.4534,0.4664,119152.0
2025-07-17 08:00:00+00:00,0.4649,0.4793,0.4612,0.4729,144314.0
2025-07-17 12:00:00+00:00,0.4722,0.483,0.4564,0.4633,182974.0
2025-07-17 16:00:00+00:00,0.4637,0.4793,0.459,0.4687,163153.0
2025-07-17 20:00:00+00:00,0.4688,0.514,0.4625,0.4971,525538.0
2025-07-18 00:00:00+00:00,0.5016,0.52,0.4877,0.4987,219449.0
2025-07-18 04:00:00+00:00,0.4998,0.5063,0.48,0.48,186060.0
2025-07-18 08:00:00+00:00,0.48,0.4859,0.4748,0.4823,53975.0
2025-07-18 12:00:00+00:00,0.4829,0.4856,0.4629,0.4659,72602.0
2025-07-18 16:00:00+00:00,0.4668,0.4738,0.4636,0.4673,42942.0
2025-07-18 20:00:00+00:00,0.4669,0.4669,0.4493,0.4589,70835.0
2025-07-19 00:00:00+00:00,0.4584,0.4678,0.4558,0.4636,194072.0
2025-07-19 04:00:00+00:00,0.4612,0.4684,0.4608,0.4664,34427.0
2025-07-19 08:00:00+00:00,0.4666,0.4675,0.4558,0.4558,15259.0
2025-07-19 12:00:00+00:00,0.4559,0.4625,0.4509,0.4625,27223.0
2025-07-19 16:00:00+00:00,0.4618,0.469,0.4617,0.4619,69150.0
2025-07-19 20:00:00+00:00,0.462,0.4652,0.4561,0.4599,18174.0
2025-07-20 00:00:00+00:00,0.4599,0.4656,0.4579,0.4638,40662.0
2025-07-20 04:00:00+00:00,0.4638,0.4652,0.4587,0.4645,10502.0
2025-07-20 08:00:00+00:00,0.463,0.4729,0.4619,0.4699,32667.0
2025-07-20 12:00:00+00:00,0.4664,0.4731,0.4648,0.4726,78902.0
2025-07-20 16:00:00+00:00,0.474,0.4766,0.4677,0.4736,93838.0
2025-07-20 20:00:00+00:00,0.4729,0.4747,0.4552,0.4636,99351.0
2025-07-21 00:00:00+00:00,0.4618,0.4896,0.4564,0.4787,87982.0
2025-07-21 04:00:00+00:00,0.4772,0.4886,0.4764,0.4854,30505.0
2025-07-21 08:00:00+00:00,0.4846,0.4865,0.4779,0.4865,21913.0
2025-07-21 12:00:00+00:00,0.4851,0.4935,0.4808,0.4817,153901.0
2025-07-21 16:00:00+00:00,0.4817,0.482,0.4692,0.4692,44361.0
2025-07-21 20:00:00+00:00,0.4687,0.4742,0.4677,0.474,20924.0
2025-07-22 00:00:00+00:00,0.4746,0.4761,0.4564,0.4579,83819.0
2025-07-22 04:00:00+00:00,0.4596,0.4608,0.4498,0.4562,72917.0
2025-07-22 08:00:00+00:00,0.4567,0.465,0.45,0.4643,59245.0
2025-07-22 12:00:00+00:00,0.4645,0.4647,0.4517,0.4638,49431.0
2025-07-22 16:00:00+00:00,0.4621,0.4738,0.4621,0.4681,76859.0
2025-07-22 20:00:00+00:00,0.4721,0.474,0.4684,0.4713,33171.0
2025-07-23 00:00:00+00:00,0.4699,0.4722,0.4661,0.4671,131501.0
2025-07-23 04:00:00+00:00,0.4671,0.474,0.4666,0.4687,41773.0
2025-07-23 08:00:00+00:00,0.4698,0.473,0.4603,0.4605,9871.0
2025-07-23 12:00:00+00:00,0.4606,0.4617,0.4263,0.4408,125611.0
2025-07-23 16:00:00+00:00,0.4401,0.4401,0.4175,0.4257,54303.0
2025-07-23 20:00:00+00:00,0.4239,0.4299,0.4095,0.4273,70968.0
2025-07-24 00:00:00+00:00,0.427,0.4358,0.4239,0.4302,24456.0
2025-07-24 04:00:00+00:00,0.4302,0.4307,0.4021,0.4163,67356.0
2025-07-24 08:00:00+00:00,0.417,0.4288,0.4144,0.4288,13813.0
2025-07-24 12:00:00+00:00,0.4301,0.4466,0.4229,0.4383,18784.0
2025-07-24 16:00:00+00:00,0.4403,0.4403,0.43,0.4318,47798.0
2025-07-24 20:00:00+00:00,0.4314,0.4358,0.4235,0.4246,27397.0
2025-07-25 00:00:00+00:00,0.4235,0.4276,0.4118,0.4158,63858.0
2025-07-25 04:00:00+00:00,0.413,0.4209,0.41,0.413,10032.0
2025-07-25 08:00:00+00:00,0.4155,0.4274,0.413,0.4274,32009.0
2025-07-25 12:00:00+00:00,0.4274,0.4307,0.4049,0.4104,59516.0
2025-07-25 16:00:00+00:00,0.4112,0.4216,0.4079,0.4189,15236.0
2025-07-25 20:00:00+00:00,0.4216,0.4326,0.4216,0.4316,34625.0
2025-07-26 00:00:00+00:00,0.429,0.4394,0.429,0.4394,12339.0
2025-07-26 04:00:00+00:00,0.4397,0.4459,0.4392,0.4397,12281.0
2025-07-26 08:00:00+00:00,0.4383,0.4427,0.4382,0.4383,89453.0
2025-07-26 12:00:00+00:00,0.4378,0.4435,0.4364,0.4396,145185.0
2025-07-26 16:00:00+00:00,0.4409,0.4422,0.4357,0.4413,10014.0
2025-07-26 20:00:00+00:00,0.4383,0.4415,0.4355,0.4355,7911.0
2025-07-27 00:00:00+00:00,0.4352,0.4437,0.4348,0.4434,21131.0
2025-07-27 04:00:00+00:00,0.4436,0.4593,0.4419,0.4419,86333.0
2025-07-27 08:00:00+00:00,0.4416,0.4416,0.4357,0.4363,16073.0
2025-07-27 12:00:00+00:00,0.4363,0.4409,0.4354,0.4386,15381.0
2025-07-27 16:00:00+00:00,0.4395,0.4446,0.4392,0.4431,86535.0
2025-07-27 20:00:00+00:00,0.4434,0.4469,0.4388,0.4443,84763.0
2025-07-28 00:00:00+00:00,0.4435,0.4513,0.4397,0.4478,68184.0
2025-07-28 04:00:00+00:00,0.4464,0.453,0.4432,0.4432,21131.0
2025-07-28 08:00:00+00:00,0.442,0.4453,0.4376,0.4409,17699.0
2025-07-28 12:00:00+00:00,0.4409,0.4415,0.4235,0.4253,49726.0
2025-07-28 16:00:00+00:00,0.4233,0.4261,0.4175,0.4175,29889.0
2025-07-28 20:00:00+00:00,0.4208,0.4214,0.4161,0.4176,19774.0
2025-07-29 00:00:00+00:00,0.4191,0.4229,0.4142,0.4216,21924.0
2025-07-29 04:00:00+00:00,0.4231,0.4333,0.4218,0.4333,5368.0
2025-07-29 08:00:00+00:00,0.432,0.434,0.4229,0.4257,3994.0
2025-07-29 12:00:00+00:00,0.4277,0.4307,0.4155,0.4188,21619.0
2025-07-29 16:00:00+00:00,0.4178,0.4214,0.4125,0.4159,20647.0
2025-07-29 20:00:00+00:00,0.4155,0.4227,0.4121,0.4213,18369.0
2025-07-30 00:00:00+00:00,0.4215,0.4239,0.4166,0.4214,35276.0
2025-07-30 04:00:00+00:00,0.4224,0.4224,0.4163,0.4163,4463.0
2025-07-30 08:00:00+00:00,0.4155,0.4193,0.4063,0.4064,14294.0
2025-07-30 12:00:00+00:00,0.4059,0.4172,0.405,0.4148,5998.0
2025-07-30 16:00:00+00:00,0.413,0.4163,0.3935,0.4089,173841.0
2025-07-30 20:00:00+00:00,0.4098,0.4121,0.4028,0.408,29471.0
2025-07-31 00:00:00+00:00,0.4077,0.4235,0.4077,0.4235,138858.0
2025-07-31 04:00:00+00:00,0.4224,0.427,0.4216,0.4243,129229.0
2025-07-31 08:00:00+00:00,0.4257,0.4289,0.421,0.421,19741.0
2025-07-31 12:00:00+00:00,0.4209,0.4209,0.4069,0.4104,40726.0
2025-07-31 16:00:00+00:00,0.411,0.4187,0.406,0.4066,10479.0
2025-07-31 20:00:00+00:00,0.4072,0.4087,0.3998,0.3998,27414.0
2025-08-01 00:00:00+00:00,0.4015,0.4015,0.3876,0.4001,59757.0
2025-08-01 04:00:00+00:00,0.396,0.3962,0.3893,0.3907,60120.0
2025-08-01 08:00:00+00:00,0.3886,0.3918,0.3834,0.3915,13076.0
2025-08-01 12:00:00+00:00,0.394,0.3998,0.3852,0.399,25380.0
2025-08-01 16:00:00+00:00,0.3964,0.3979,0.3893,0.3952,16066.0
2025-08-01 20:00:00+00:00,0.3885,0.3926,0.3756,0.3814,24970.0
2025-08-02 00:00:00+00:00,0.3807,0.3885,0.3807,0.3885,34192.0
2025-08-02 04:00:00+00:00,0.3884,0.3908,0.3799,0.3842,12546.0
2025-08-02 08:00:00+00:00,0.3869,0.3869,0.3788,0.3806,4397.0
2025-08-02 12:00:00+00:00,0.3807,0.381,0.3686,0.3699,130551.0
2025-08-02 16:00:00+00:00,0.3709,0.3765,0.363,0.3667,224687.0
2025-08-02 20:00:00+00:00,0.3668,0.3716,0.3646,0.3667,21963.0
2025-08-03 00:00:00+00:00,0.3691,0.3769,0.3618,0.3765,18148.0
2025-08-03 04:00:00+00:00,0.3747,0.379,0.3747,0.379,1635.0
2025-08-03 08:00:00+00:00,0.379,0.3879,0.379,0.3875,3078.0
2025-08-03 12:00:00+00:00,0.3866,0.4,0.3866,0.4,290706.0
2025-08-03 16:00:00+00:00,0.4,0.4019,0.3963,0.3975,87901.0
2025-08-03 20:00:00+00:00,0.3956,0.4013,0.395,0.3998,23515.0
2025-08-04 00:00:00+00:00,0.3992,0.4179,0.3977,0.4117,98579.0
2025-08-04 04:00:00+00:00,0.4125,0.4173,0.4065,0.4173,31282.0
2025-08-04 08:00:00+00:00,0.418,0.4193,0.409,0.4093,3421.0
2025-08-04 12:00:00+00:00,0.4088,0.4178,0.4072,0.4098,41202.0
2025-08-04 16:00:00+00:00,0.4097,0.4159,0.4097,0.4129,16647.0
2025-08-04 20:00:00+00:00,0.4136,0.4176,0.412,0.4126,121374.0
2025-08-05 00:00:00+00:00,0.4136,0.4178,0.4052,0.4064,71989.0
2025-08-05 04:00:00+00:00,0.405,0.4104,0.4014,0.4014,13282.0
2025-08-05 08:00:00+00:00,0.4016,0.412,0.4013,0.4102,34589.0
2025-08-05 12:00:00+00:00,0.4088,0.4088,0.3939,0.3939,22541.0
2025-08-05 16:00:00+00:00,0.3975,0.3991,0.3957,0.3957,17280.0
2025-08-05 20:00:00+00:00,0.3962,0.3988,0.3924,0.396,24757.0
2025-08-06 00:00:00+00:00,0.3958,0.396,0.386,0.3874,52112.0
2025-08-06 04:00:00+00:00,0.3865,0.3944,0.3852,0.3944,1727.0
2025-08-06 08:00:00+00:00,0.3955,0.3955,0.39,0.3903,8912.0
2025-08-06 12:00:00+00:00,0.3902,0.4,0.3876,0.4,20990.0
2025-08-06 16:00:00+00:00,0.4,0.4017,0.3961,0.3982,19503.0
2025-08-06 20:00:00+00:00,0.3988,0.4006,0.3967,0.4001,9800.0
2025-08-07 00:00:00+00:00,0.3994,0.4028,0.3964,0.3975,18410.0
2025-08-07 04:00:00+00:00,0.4003,0.4055,0.3985,0.4013,13776.0
2025-08-07 08:00:00+00:00,0.4024,0.4174,0.4003,0.4152,6634.0
2025-08-07 12:00:00+00:00,0.4171,0.4174,0.4104,0.4125,21225.0
2025-08-07 16:00:00+00:00,0.413,0.413,0.4037,0.4128,15834.0
2025-08-07 20:00:00+00:00,0.4133,0.4408,0.4108,0.4388,194207.0
2025-08-08 00:00:00+00:00,0.4403,0.4636,0.4371,0.4592,139890.0
2025-08-08 04:00:00+00:00,0.463,0.4676,0.4564,0.4627,61303.0
2025-08-08 08:00:00+00:00,0.461,0.4665,0.4584,0.4656,4284.0
2025-08-08 12:00:00+00:00,0.4642,0.466,0.44,0.4426,180221.0
2025-08-08 16:00:00+00:00,0.442,0.4565,0.442,0.4565,33991.0
2025-08-08 20:00:00+00:00,0.4556,0.4572,0.4495,0.4495,21472.0
2025-08-09 00:00:00+00:00,0.4498,0.4525,0.4475,0.448,17759.0
2025-08-09 04:00:00+00:00,0.4478,0.4561,0.447,0.4533,15561.0
2025-08-09 08:00:00+00:00,0.4547,0.4565,0.4514,0.4514,16452.0
2025-08-09 12:00:00+00:00,0.452,0.4561,0.4474,0.4502,22797.0
2025-08-09 16:00:00+00:00,0.4505,0.4542,0.449,0.4503,26637.0
2025-08-09 20:00:00+00:00,0.4497,0.4531,0.4454,0.4467,16370.0
2025-08-10 00:00:00+00:00,0.4483,0.4535,0.4454,0.4535,9018.0
2025-08-10 04:00:00+00:00,0.4535,0.4565,0.4376,0.4392,32076.0
2025-08-10 08:00:00+00:00,0.4373,0.4418,0.4344,0.4381,71260.0
2025-08-10 12:00:00+00:00,0.4376,0.4443,0.4357,0.4421,16947.0
2025-08-10 16:00:00+00:00,0.4426,0.447,0.4409,0.4461,6797.0
2025-08-10 20:00:00+00:00,0.4443,0.4448,0.44,0.4432,8683.0
2025-08-11 00:00:00+00:00,0.4451,0.4565,0.4431,0.4523,67814.0
2025-08-11 04:00:00+00:00,0.4524,0.4576,0.4475,0.4475,75410.0
2025-08-11 08:00:00+00:00,0.447,0.46,0.4413,0.4413,18798.0
2025-08-11 12:00:00+00:00,0.4417,0.448,0.4372,0.4423,14195.0
2025-08-11 16:00:00+00:00,0.4433,0.4466,0.4339,0.4339,56544.0
2025-08-11 20:00:00+00:00,0.4349,0.4365,0.4281,0.4307,27140.0
2025-08-12 00:00:00+00:00,0.4286,0.4443,0.4286,0.4364,296832.0
2025-08-12 04:00:00+00:00,0.4381,0.4397,0.4307,0.4371,33099.0
2025-08-12 08:00:00+00:00,0.4369,0.4375,0.43,0.4364,90998.0
2025-08-12 12:00:00+00:00,0.437,0.4459,0.4338,0.4447,106220.0
2025-08-12 16:00:00+00:00,0.4458,0.4537,0.4434,0.4513,66079.0
2025-08-12 20:00:00+00:00,0.4516,0.4559,0.4476,0.4496,54119.0
2025-08-13 00:00:00+00:00,0.4504,0.4504,0.4407,0.4476,85215.0
2025-08-13 04:00:00+00:00,0.4478,0.4497,0.4424,0.447,8855.0
2025-08-13 08:00:00+00:00,0.4478,0.4565,0.4478,0.4548,61620.0
2025-08-13 12:00:00+00:00,0.4545,0.4597,0.4455,0.447,67698.0
2025-08-13 16:00:00+00:00,0.4473,0.453,0.4468,0.453,21291.0
2025-08-13 20:00:00+00:00,0.4523,0.4553,0.4488,0.4523,25244.0
2025-08-14 00:00:00+00:00,0.4523,0.4708,0.4523,0.4622,45437.0
2025-08-14 04:00:00+00:00,0.4613,0.4664,0.4491,0.4532,40998.0
2025-08-14 08:00:00+00:00,0.4505,0.4505,0.44,0.4413,30954.0
2025-08-14 12:00:00+00:00,0.4417,0.4445,0.4104,0.4247,124377.0
2025-08-14 16:00:00+00:00,0.4228,0.4271,0.4174,0.4238,100386.0
2025-08-14 20:00:00+00:00,0.4231,0.46,0.4161,0.4235,157251.0
2025-08-15 00:00:00+00:00,0.4244,0.4297,0.4211,0.4297,76110.0
2025-08-15 04:00:00+00:00,0.4296,0.4316,0.4253,0.4295,36139.0
2025-08-15 08:00:00+00:00,0.4295,0.4321,0.4265,0.4272,25225.0
2025-08-15 12:00:00+00:00,0.4284,0.4321,0.4154,0.4154,132155.0
2025-08-15 16:00:00+00:00,0.4149,0.4279,0.4121,0.4229,74987.0
2025-08-15 20:00:00+00:00,0.422,0.4323,0.422,0.4292,105291.0
2025-08-16 00:00:00+00:00,0.4299,0.4312,0.4276,0.4294,10214.0
2025-08-16 04:00:00+00:00,0.4304,0.4305,0.425,0.4283,37218.0
2025-08-16 08:00:00+00:00,0.429,0.4326,0.4245,0.4245,14029.0
2025-08-16 12:00:00+00:00,0.4236,0.4273,0.4228,0.425,6545.0
2025-08-16 16:00:00+00:00,0.4274,0.4279,0.4235,0.427,12261.0
2025-08-16 20:00:00+00:00,0.428,0.4281,0.4253,0.4263,63482.0
2025-08-17 00:00:00+00:00,0.4265,0.429,0.4244,0.429,19766.0
2025-08-17 04:00:00+00:00,0.4288,0.4309,0.4277,0.4287,42991.0
2025-08-17 08:00:00+00:00,0.4289,0.4323,0.4289,0.4316,4598.0
2025-08-17 12:00:00+00:00,0.4312,0.4318,0.4287,0.4318,19042.0
2025-08-17 16:00:00+00:00,0.4329,0.4333,0.424,0.424,24999.0
2025-08-17 20:00:00+00:00,0.4241,0.4277,0.423,0.425,24817.0
2025-08-18 00:00:00+00:00,0.4242,0.4243,0.4079,0.4079,47824.0
2025-08-18 04:00:00+00:00,0.409,0.414,0.4059,0.4084,5545.0
2025-08-18 08:00:00+00:00,0.4084,0.4089,0.4037,0.4047,37780.0
2025-08-18 12:00:00+00:00,0.4039,0.4119,0.4039,0.4109,12224.0
2025-08-18 16:00:00+00:00,0.411,0.4171,0.4083,0.4143,27782.0
2025-08-18 20:00:00+00:00,0.4145,0.4205,0.4128,0.4137,80507.0
2025-08-19 00:00:00+00:00,0.415,0.4176,0.405,0.4056,24026.0
2025-08-19 04:00:00+00:00,0.4042,0.4093,0.4021,0.4031,58841.0
2025-08-19 08:00:00+00:00,0.4051,0.4095,0.4036,0.4075,5601.0
2025-08-19 12:00:00+00:00,0.407,0.4076,0.3974,0.3977,28582.0
2025-08-19 16:00:00+00:00,0.3979,0.3992,0.3925,0.3958,52686.0
2025-08-19 20:00:00+00:00,0.3957,0.3971,0.3903,0.3904,45370.0
2025-08-20 00:00:00+00:00,0.3936,0.3973,0.39,0.3962,5694.0
2025-08-20 04:00:00+00:00,0.3969,0.3989,0.3965,0.3965,6103.0
2025-08-20 08:00:00+00:00,0.396,0.3998,0.3943,0.3976,1686.0
2025-08-20 12:00:00+00:00,0.3983,0.4026,0.3867,0.3997,33291.0
2025-08-20 16:00:00+00:00,0.3992,0.4079,0.3984,0.4079,5334.0
2025-08-20 20:00:00+00:00,0.4068,0.4075,0.4037,0.405,24562.0
2025-08-21 00:00:00+00:00,0.4036,0.4065,0.4003,0.4016,11806.0
2025-08-21 04:00:00+00:00,0.4021,0.4021,0.3982,0.4004,20369.0
2025-08-21 08:00:00+00:00,0.4005,0.4013,0.3954,0.3954,4523.0
2025-08-21 12:00:00+00:00,0.3954,0.3988,0.3924,0.3938,32753.0
2025-08-21 16:00:00+00:00,0.3919,0.3964,0.3914,0.3924,7282.0
2025-08-21 20:00:00+00:00,0.3931,0.3955,0.3897,0.3897,23426.0
2025-08-22 00:00:00+00:00,0.3921,0.3954,0.3893,0.3897,5552.0
2025-08-22 04:00:00+00:00,0.3905,0.3941,0.3905,0.3941,5427.0
2025-08-22 08:00:00+00:00,0.3943,0.3952,0.3858,0.3858,44782.0
2025-08-22 12:00:00+00:00,0.3856,0.4176,0.3813,0.417,70275.0
2025-08-22 16:00:00+00:00,0.4182,0.4284,0.4182,0.4251,73455.0
2025-08-22 20:00:00+00:00,0.4252,0.4276,0.4241,0.4243,21620.0
2025-08-23 00:00:00+00:00,0.4256,0.4257,0.4105,0.4105,50473.0
2025-08-23 04:00:00+00:00,0.4136,0.4216,0.4136,0.4199,3809.0
2025-08-23 08:00:00+00:00,0.4186,0.4186,0.4118,0.4118,2248.0
2025-08-23 12:00:00+00:00,0.4107,0.4148,0.41,0.4118,16073.0
2025-08-23 16:00:00+00:00,0.4127,0.4162,0.4118,0.4162,20461.0
2025-08-23 20:00:00+00:00,0.4163,0.4172,0.4144,0.417,20810.0
2025-08-24 00:00:00+00:00,0.4171,0.4172,0.4132,0.4141,80827.0
2025-08-24 04:00:00+00:00,0.4146,0.4146,0.409,0.409,13619.0
2025-08-24 08:00:00+00:00,0.4087,0.411,0.4028,0.4051,41679.0
2025-08-24 12:00:00+00:00,0.4054,0.4087,0.4054,0.4087,17763.0
2025-08-24 16:00:00+00:00,0.4069,0.4234,0.4062,0.4087,68093.0
2025-08-24 20:00:00+00:00,0.4107,0.4128,0.4041,0.4079,15990.0
2025-08-25 00:00:00+00:00,0.408,0.4107,0.4004,0.4073,32280.0
2025-08-25 04:00:00+00:00,0.4078,0.4078,0.3927,0.3936,10071.0
2025-08-25 08:00:00+00:00,0.3924,0.393,0.3889,0.393,6288.0
2025-08-25 12:00:00+00:00,0.3938,0.3972,0.3933,0.394,27894.0
2025-08-25 16:00:00+00:00,0.3924,0.3961,0.3857,0.3857,39778.0
2025-08-25 20:00:00+00:00,0.3867,0.3875,0.3779,0.3843,20826.0
2025-08-26 00:00:00+00:00,0.3833,0.3908,0.3825,0.3874,27331.0
2025-08-26 04:00:00+00:00,0.3871,0.3915,0.3869,0.3869,4072.0
2025-08-26 08:00:00+00:00,0.3875,0.3885,0.3864,0.3866,2615.0
2025-08-26 12:00:00+00:00,0.3863,0.3931,0.3854,0.3906,11732.0
2025-08-26 16:00:00+00:00,0.3908,0.3983,0.3869,0.3983,40387.0
2025-08-26 20:00:00+00:00,0.3984,0.3984,0.3943,0.3944,13827.0
2025-08-27 00:00:00+00:00,0.3945,0.3969,0.3885,0.3895,12756.0
2025-08-27 04:00:00+00:00,0.3895,0.3926,0.3827,0.384,11485.0
2025-08-27 08:00:00+00:00,0.3837,0.3869,0.3827,0.3843,3434.0
2025-08-27 12:00:00+00:00,0.3845,0.3885,0.3825,0.3873,21266.0
2025-08-27 16:00:00+00:00,0.3838,0.3882,0.3807,0.3823,36605.0
2025-08-27 20:00:00+00:00,0.38,0.3853,0.3779,0.3801,6113.0
2025-08-28 00:00:00+00:00,0.3804,0.3817,0.3769,0.381,49019.0
2025-08-28 04:00:00+00:00,0.3805,0.3845,0.3805,0.3825,7114.0
2025-08-28 08:00:00+00:00,0.3853,0.3855,0.3805,0.3833,13324.0
2025-08-28 12:00:00+00:00,0.3839,0.3869,0.3799,0.3799,22994.0
2025-08-28 16:00:00+00:00,0.3831,0.3834,0.3748,0.3748,19184.0
2025-08-28 20:00:00+00:00,0.3744,0.3834,0.3744,0.3821,36169.0
2025-08-29 00:00:00+00:00,0.3817,0.3825,0.3749,0.3749,4402.0
2025-08-29 04:00:00+00:00,0.3748,0.3751,0.3648,0.3648,28971.0
2025-08-29 08:00:00+00:00,0.3651,0.366,0.3608,0.363,12615.0
2025-08-29 12:00:00+00:00,0.3642,0.37,0.3559,0.3601,79841.0
2025-08-29 16:00:00+00:00,0.3587,0.3607,0.3565,0.3593,8519.0
2025-08-29 20:00:00+00:00,0.3591,0.3615,0.3553,0.3615,35463.0
2025-08-30 00:00:00+00:00,0.3618,0.3623,0.3547,0.359,7630.0
2025-08-30 04:00:00+00:00,0.3597,0.3622,0.3597,0.3603,6074.0
2025-08-30 08:00:00+00:00,0.3595,0.3595,0.3565,0.3575,4267.0
2025-08-30 12:00:00+00:00,0.3578,0.3578,0.3521,0.3553,9385.0
2025-08-30 16:00:00+00:00,0.3574,0.3599,0.3557,0.3599,8173.0
2025-08-30 20:00:00+00:00,0.3593,0.3602,0.3574,0.3602,4651.0
2025-08-31 00:00:00+00:00,0.36,0.3648,0.3593,0.3638,14649.0
2025-08-31 04:00:00+00:00,0.3634,0.3634,0.359,0.359,1609.0
2025-08-31 08:00:00+00:00,0.3594,0.3603,0.3578,0.3578,2841.0
2025-08-31 12:00:00+00:00,0.3593,0.3604,0.3578,0.3588,1599.0
2025-08-31 16:00:00+00:00,0.3588,0.3588,0.3557,0.3559,8590.0
2025-08-31 20:00:00+00:00,0.3582,0.3588,0.3523,0.3529,3808.0
2025-09-01 00:00:00+00:00,0.3526,0.3526,0.3462,0.348,38341.0
2025-09-01 04:00:00+00:00,0.348,0.358,0.3447,0.358,20949.0
2025-09-01 08:00:00+00:00,0.3584,0.3639,0.3556,0.3556,12445.0
2025-09-01 12:00:00+00:00,0.355,0.3579,0.3519,0.3525,9805.0
2025-09-01 16:00:00+00:00,0.3538,0.3552,0.3495,0.3552,13967.0
2025-09-01 20:00:00+00:00,0.3554,0.3568,0.3467,0.3559,8551.0
2025-09-02 00:00:00+00:00,0.3574,0.3618,0.355,0.3607,14502.0
2025-09-02 04:00:00+00:00,0.3612,0.3647,0.361,0.361,5261.0
2025-09-02 08:00:00+00:00,0.3622,0.3658,0.3616,0.3622,2614.0
2025-09-02 12:00:00+00:00,0.3612,0.3658,0.355,0.3583,16873.0
2025-09-02 16:00:00+00:00,0.3591,0.3618,0.358,0.3609,24892.0
2025-09-02 20:00:00+00:00,0.3601,0.3674,0.3601,0.3674,21036.0
2025-09-03 00:00:00+00:00,0.3677,0.3688,0.3631,0.3635,8287.0
2025-09-03 04:00:00+00:00,0.3634,0.3636,0.3606,0.3612,3586.0
2025-09-03 08:00:00+00:00,0.363,0.365,0.3616,0.365,3797.0
2025-09-03 12:00:00+00:00,0.3656,0.3677,0.3616,0.3661,13484.0
2025-09-03 16:00:00+00:00,0.3639,0.3659,0.3614,0.3631,3017.0
2025-09-03 20:00:00+00:00,0.3646,0.3646,0.3606,0.362,9002.0
2025-09-04 00:00:00+00:00,0.3614,0.3635,0.3588,0.3601,11221.0
2025-09-04 04:00:00+00:00,0.3604,0.3615,0.3587,0.3591,1040.0
2025-09-04 08:00:00+00:00,0.3589,0.3599,0.3589,0.3595,1108.0
2025-09-04 12:00:00+00:00,0.3598,0.3631,0.3478,0.355,16104.0
2025-09-04 16:00:00+00:00,0.354,0.3551,0.352,0.3525,11702.0
2025-09-04 20:00:00+00:00,0.3514,0.3562,0.3514,0.3527,5064.0
2025-09-05 00:00:00+00:00,0.3527,0.3556,0.351,0.3548,9078.0
2025-09-05 04:00:00+00:00,0.3555,0.3642,0.3555,0.364,15579.0
2025-09-05 08:00:00+00:00,0.3643,0.3643,0.3619,0.362,2428.0
2025-09-05 12:00:00+00:00,0.3618,0.3682,0.3573,0.3592,27584.0
2025-09-05 16:00:00+00:00,0.3597,0.3607,0.3562,0.3592,8193.0
2025-09-05 20:00:00+00:00,0.3601,0.3619,0.3592,0.3603,6925.0
2025-09-06 00:00:00+00:00,0.3602,0.3613,0.3588,0.3607,18754.0
2025-09-06 04:00:00+00:00,0.3597,0.3597,0.3572,0.3572,5599.0
2025-09-06 08:00:00+00:00,0.3572,0.3574,0.3557,0.3566,2524.0
2025-09-06 12:00:00+00:00,0.3572,0.3601,0.3567,0.3577,20433.0
2025-09-06 16:00:00+00:00,0.3566,0.3571,0.3538,0.3538,6850.0
2025-09-06 20:00:00+00:00,0.3532,0.3572,0.3532,0.3564,2576.0
2025-09-07 00:00:00+00:00,0.3566,0.359,0.356,0.3581,14444.0
2025-09-07 04:00:00+00:00,0.3585,0.3585,0.3565,0.3565,4333.0
2025-09-07 08:00:00+00:00,0.3582,0.3583,0.3573,0.3582,1631.0
2025-09-07 12:00:00+00:00,0.3581,0.3666,0.3581,0.3636,15885.0
2025-09-07 16:00:00+00:00,0.3633,0.3642,0.3575,0.3593,22992.0
2025-09-07 20:00:00+00:00,0.358,0.3628,0.358,0.3621,2650.0
2025-09-08 00:00:00+00:00,0.3614,0.365,0.3592,0.365,8570.0
2025-09-08 04:00:00+00:00,0.365,0.365,0.3616,0.3638,1987.0
2025-09-08 08:00:00+00:00,0.3655,0.3706,0.3655,0.3683,11237.0
2025-09-08 12:00:00+00:00,0.368,0.3846,0.3676,0.3794,45700.0
2025-09-08 16:00:00+00:00,0.3795,0.3801,0.3741,0.3742,44838.0
2025-09-08 20:00:00+00:00,0.3748,0.3787,0.373,0.3781,30960.0
2025-09-09 00:00:00+00:00,0.3781,0.3791,0.372,0.3721,18812.0
2025-09-09 04:00:00+00:00,0.3765,0.3864,0.3765,0.3834,4375.0
2025-09-09 08:00:00+00:00,0.3842,0.3865,0.3813,0.3824,30676.0
2025-09-09 12:00:00+00:00,0.3834,0.3843,0.371,0.3717,13174.0
2025-09-09 16:00:00+00:00,0.3724,0.3739,0.3706,0.3728,7354.0
2025-09-09 20:00:00+00:00,0.3726,0.3748,0.3713,0.3723,23972.0
2025-09-10 00:00:00+00:00,0.3721,0.376,0.3701,0.3751,19837.0
2025-09-10 04:00:00+00:00,0.3751,0.3778,0.3734,0.3755,9599.0
2025-09-10 08:00:00+00:00,0.3783,0.3783,0.3766,0.377,6698.0
2025-09-10 12:00:00+00:00,0.3776,0.386,0.3776,0.3832,19594.0
2025-09-10 16:00:00+00:00,0.3825,0.3848,0.3791,0.38,40193.0
2025-09-10 20:00:00+00:00,0.3801,0.3834,0.3795,0.383,43703.0
2025-09-11 00:00:00+00:00,0.384,0.3896,0.3829,0.3889,24894.0
2025-09-11 04:00:00+00:00,0.389,0.3891,0.3867,0.389,33965.0
2025-09-11 08:00:00+00:00,0.3885,0.3952,0.3885,0.3897,48176.0
2025-09-11 12:00:00+00:00,0.391,0.3952,0.3832,0.3858,16894.0
2025-09-11 16:00:00+00:00,0.3892,0.3911,0.3868,0.3906,45758.0
2025-09-11 20:00:00+00:00,0.3901,0.3968,0.39,0.396,71632.0
2025-09-12 00:00:00+00:00,0.3962,0.4,0.3925,0.3934,12929.0
2025-09-12 04:00:00+00:00,0.3925,0.3986,0.3921,0.3969,27257.0
2025-09-12 08:00:00+00:00,0.3949,0.3949,0.3923,0.393,3557.0
2025-09-12 12:00:00+00:00,0.3914,0.3943,0.3902,0.3916,24605.0
2025-09-12 16:00:00+00:00,0.3906,0.3997,0.3906,0.3997,185075.0
2025-09-12 20:00:00+00:00,0.3986,0.405,0.3979,0.4034,32764.0
2025-09-13 00:00:00+00:00,0.4054,0.4072,0.4013,0.4063,67320.0
2025-09-13 04:00:00+00:00,0.4065,0.4065,0.4041,0.4045,20350.0
2025-09-13 08:00:00+00:00,0.4072,0.414,0.4071,0.411,95806.0
2025-09-13 12:00:00+00:00,0.4103,0.413,0.405,0.4067,29058.0
2025-09-13 16:00:00+00:00,0.4096,0.4096,0.4003,0.4029,100560.0
2025-09-13 20:00:00+00:00,0.4032,0.4057,0.4032,0.4051,23293.0
2025-09-14 00:00:00+00:00,0.4048,0.405,0.397,0.3975,39188.0
2025-09-14 04:00:00+00:00,0.3975,0.3992,0.3956,0.399,11842.0
2025-09-14 08:00:00+00:00,0.3977,0.3977,0.3924,0.3924,19928.0
2025-09-14 12:00:00+00:00,0.3925,0.3925,0.3843,0.3855,16704.0
2025-09-14 16:00:00+00:00,0.3887,0.3915,0.3882,0.3888,10811.0
2025-09-14 20:00:00+00:00,0.3892,0.3935,0.3892,0.3892,11580.0
2025-09-15 00:00:00+00:00,0.3898,0.3922,0.3864,0.3922,26518.0
2025-09-15 04:00:00+00:00,0.3919,0.3944,0.3848,0.3848,26924.0
2025-09-15 08:00:00+00:00,0.3835,0.3835,0.3752,0.3799,9135.0
2025-09-15 12:00:00+00:00,0.3797,0.3825,0.376,0.376,12941.0
2025-09-15 16:00:00+00:00,0.3781,0.3788,0.3743,0.377,31519.0
2025-09-15 20:00:00+00:00,0.3793,0.3807,0.3786,0.3807,28431.0
2025-09-16 00:00:00+00:00,0.3796,0.3801,0.3774,0.3779,22138.0
2025-09-16 04:00:00+00:00,0.3765,0.3799,0.3748,0.379,26707.0
2025-09-16 08:00:00+00:00,0.3814,0.392,0.3814,0.3869,47885.0
2025-09-16 12:00:00+00:00,0.3864,0.3914,0.3851,0.3863,10748.0
2025-09-16 16:00:00+00:00,0.386,0.3906,0.3846,0.3855,15259.0
2025-09-16 20:00:00+00:00,0.3855,0.3877,0.3844,0.3859,17395.0
2025-09-17 00:00:00+00:00,0.3845,0.3871,0.3816,0.3816,21039.0
2025-09-17 04:00:00+00:00,0.3815,0.3877,0.38,0.3877,13993.0
2025-09-17 08:00:00+00:00,0.3859,0.386,0.3834,0.3856,1063.0
2025-09-17 12:00:00+00:00,0.3852,0.3877,0.3842,0.3854,15321.0
2025-09-17 16:00:00+00:00,0.3847,0.3906,0.3799,0.3903,22932.0
2025-09-17 20:00:00+00:00,0.3906,0.3982,0.3848,0.3947,45930.0
2025-09-18 00:00:00+00:00,0.3963,0.4002,0.3943,0.4,69733.0
2025-09-18 04:00:00+00:00,0.4,0.4002,0.3927,0.3972,58147.0
2025-09-18 08:00:00+00:00,0.3975,0.4009,0.3958,0.3994,26663.0
2025-09-18 12:00:00+00:00,0.4009,0.4023,0.3972,0.4012,20453.0
2025-09-18 16:00:00+00:00,0.4015,0.4043,0.3994,0.4006,35424.0
2025-09-18 20:00:00+00:00,0.4021,0.4021,0.3955,0.3964,22784.0
2025-09-19 00:00:00+00:00,0.3962,0.3996,0.3927,0.3927,10395.0
2025-09-19 04:00:00+00:00,0.3924,0.3941,0.39,0.3921,5851.0
2025-09-19 08:00:00+00:00,0.3938,0.394,0.3889,0.3889,15510.0
2025-09-19 12:00:00+00:00,0.3917,0.3917,0.386,0.387,21583.0
2025-09-19 16:00:00+00:00,0.3884,0.3905,0.3877,0.389,29302.0
2025-09-19 20:00:00+00:00,0.3887,0.3905,0.3865,0.3865,21950.0
2025-09-20 00:00:00+00:00,0.3877,0.3904,0.3852,0.3889,4969.0
2025-09-20 04:00:00+00:00,0.3869,0.3919,0.3867,0.3919,58349.0
2025-09-20 08:00:00+00:00,0.3936,0.3936,0.3887,0.3887,1648.0
2025-09-20 12:00:00+00:00,0.3893,0.3913,0.3864,0.391,5744.0
2025-09-20 16:00:00+00:00,0.3907,0.3911,0.3856,0.3871,2736.0
2025-09-20 20:00:00+00:00,0.3867,0.3885,0.3857,0.3866,7213.0
2025-09-21 00:00:00+00:00,0.386,0.3879,0.3855,0.3878,14197.0
2025-09-21 04:00:00+00:00,0.388,0.39,0.388,0.3898,8851.0
2025-09-21 08:00:00+00:00,0.39,0.3903,0.384,0.384,17166.0
2025-09-21 12:00:00+00:00,0.3834,0.385,0.381,0.3819,3956.0
2025-09-21 16:00:00+00:00,0.3814,0.3839,0.3795,0.3827,12109.0
2025-09-21 20:00:00+00:00,0.3824,0.3832,0.379,0.3797,44714.0
2025-09-22 00:00:00+00:00,0.3797,0.3799,0.3657,0.3698,41274.0
2025-09-22 04:00:00+00:00,0.369,0.3695,0.3439,0.3584,34187.0
2025-09-22 08:00:00+00:00,0.3571,0.3591,0.3556,0.3575,37724.0
2025-09-22 12:00:00+00:00,0.3568,0.3678,0.3568,0.3639,10071.0
2025-09-22 16:00:00+00:00,0.3667,0.368,0.3611,0.3611,6318.0
2025-09-22 20:00:00+00:00,0.3614,0.3687,0.3614,0.3684,9269.0
2025-09-23 00:00:00+00:00,0.3692,0.3713,0.3635,0.3681,12116.0
2025-09-23 04:00:00+00:00,0.3687,0.3729,0.3664,0.3713,19373.0
2025-09-23 08:00:00+00:00,0.3711,0.3741,0.3685,0.3702,17917.0
2025-09-23 12:00:00+00:00,0.3689,0.3722,0.3676,0.3711,5790.0
2025-09-23 16:00:00+00:00,0.3696,0.3742,0.3655,0.3655,13876.0
2025-09-23 20:00:00+00:00,0.3665,0.3676,0.3638,0.365,11435.0
2025-09-24 00:00:00+00:00,0.365,0.3667,0.3611,0.3611,3897.0
2025-09-24 04:00:00+00:00,0.36,0.3681,0.3583,0.3669,5076.0
2025-09-24 08:00:00+00:00,0.3686,0.37,0.3686,0.37,1287.0
2025-09-24 12:00:00+00:00,0.371,0.3759,0.3681,0.3756,21597.0
2025-09-24 16:00:00+00:00,0.3741,0.381,0.3741,0.3809,53796.0
2025-09-24 20:00:00+00:00,0.3783,0.3792,0.3728,0.3747,24056.0
2025-09-25 00:00:00+00:00,0.3765,0.3765,0.3667,0.367,23988.0
2025-09-25 04:00:00+00:00,0.365,0.365,0.3599,0.3615,15264.0
2025-09-25 08:00:00+00:00,0.3639,0.3639,0.3575,0.3575,3282.0
2025-09-25 12:00:00+00:00,0.3557,0.3654,0.353,0.3598,169099.0
2025-09-25 16:00:00+00:00,0.3598,0.3598,0.3469,0.3528,64298.0
2025-09-25 20:00:00+00:00,0.3542,0.3548,0.3489,0.3498,31842.0
2025-09-26 00:00:00+00:00,0.3528,0.356,0.3503,0.3532,34140.0
2025-09-26 04:00:00+00:00,0.3536,0.355,0.3505,0.3522,30779.0
2025-09-26 08:00:00+00:00,0.3545,0.3556,0.3462,0.3471,5772.0
2025-09-26 12:00:00+00:00,0.3487,0.3556,0.3469,0.3528,12712.0
2025-09-26 16:00:00+00:00,0.3556,0.3637,0.355,0.36,67940.0
2025-09-26 20:00:00+00:00,0.3608,0.3624,0.3588,0.362,15662.0
2025-09-27 00:00:00+00:00,0.3614,0.3629,0.3583,0.3586,25888.0
2025-09-27 04:00:00+00:00,0.3604,0.3621,0.3599,0.362,2536.0
2025-09-27 08:00:00+00:00,0.3589,0.3618,0.3583,0.3606,1749.0
2025-09-27 12:00:00+00:00,0.3596,0.3609,0.3574,0.3583,3152.0
2025-09-27 16:00:00+00:00,0.36,0.3606,0.3573,0.3584,8630.0
2025-09-27 20:00:00+00:00,0.3596,0.3623,0.3586,0.3608,2458.0
2025-09-28 00:00:00+00:00,0.3592,0.3618,0.3559,0.3563,19864.0
2025-09-28 04:00:00+00:00,0.3557,0.3584,0.3557,0.3563,126975.0
2025-09-28 08:00:00+00:00,0.3562,0.3562,0.3528,0.3534,7272.0
2025-09-28 12:00:00+00:00,0.354,0.3583,0.3521,0.3566,7260.0
2025-09-28 16:00:00+00:00,0.3588,0.3627,0.3588,0.3625,10029.0
2025-09-28 20:00:00+00:00,0.3623,0.3686,0.3601,0.367,91641.0
2025-09-29 00:00:00+00:00,0.3676,0.3683,0.3643,0.3674,18284.0
2025-09-29 04:00:00+00:00,0.3674,0.3702,0.3648,0.3683,11629.0
2025-09-29 08:00:00+00:00,0.3701,0.3701,0.3663,0.3666,6750.0
2025-09-29 12:00:00+00:00,0.3666,0.3763,0.3635,0.3729,19318.0
2025-09-29 16:00:00+00:00,0.3713,0.3717,0.3676,0.3717,11500.0
2025-09-29 20:00:00+00:00,0.3722,0.376,0.371,0.371,21939.0
2025-09-30 00:00:00+00:00,0.3709,0.3733,0.3684,0.3684,14714.0
2025-09-30 04:00:00+00:00,0.3685,0.3722,0.3672,0.3672,10640.0
2025-09-30 08:00:00+00:00,0.3667,0.3667,0.3637,0.3638,2712.0
2025-09-30 12:00:00+00:00,0.3642,0.3647,0.3593,0.3596,4844.0
2025-09-30 16:00:00+00:00,0.3601,0.3674,0.358,0.3666,17290.0
2025-09-30 20:00:00+00:00,0.3673,0.3689,0.3626,0.3637,22351.0
2025-10-01 00:00:00+00:00,0.3643,0.3661,0.3611,0.3642,20662.0
2025-10-01 04:00:00+00:00,0.3641,0.3661,0.3631,0.3639,9314.0
2025-10-01 08:00:00+00:00,0.3667,0.3879,0.3667,0.3879,47357.0
2025-10-01 12:00:00+00:00,0.3881,0.3896,0.3848,0.3896,35399.0
2025-10-01 16:00:00+00:00,0.3903,0.3966,0.3873,0.3966,30566.0
2025-10-01 20:00:00+00:00,0.3961,0.3982,0.3917,0.3982,49430.0
2025-10-02 00:00:00+00:00,0.3982,0.409,0.3958,0.4029,31611.0
2025-10-02 04:00:00+00:00,0.4028,0.4028,0.3996,0.4001,9291.0
2025-10-02 08:00:00+00:00,0.4004,0.4031,0.3984,0.4031,4993.0
2025-10-02 12:00:00+00:00,0.4019,0.4035,0.3956,0.4006,36657.0
2025-10-02 16:00:00+00:00,0.4022,0.4137,0.4009,0.4102,106179.0
2025-10-02 20:00:00+00:00,0.411,0.4118,0.4062,0.4063,12147.0
2025-10-03 00:00:00+00:00,0.408,0.408,0.4016,0.4033,11794.0
2025-10-03 04:00:00+00:00,0.4014,0.4051,0.3988,0.3988,7739.0
2025-10-03 08:00:00+00:00,0.3989,0.405,0.3989,0.3999,4632.0
2025-10-03 12:00:00+00:00,0.4016,0.408,0.3991,0.4079,19562.0
2025-10-03 16:00:00+00:00,0.4079,0.4128,0.4005,0.4046,109417.0
2025-10-03 20:00:00+00:00,0.4041,0.4079,0.4041,0.4067,6039.0
2025-10-04 00:00:00+00:00,0.4062,0.4071,0.4008,0.4015,20244.0
2025-10-04 04:00:00+00:00,0.4024,0.4031,0.4004,0.4004,5337.0
2025-10-04 08:00:00+00:00,0.4004,0.4004,0.3951,0.3961,3465.0
2025-10-04 12:00:00+00:00,0.3955,0.3977,0.3883,0.3892,38931.0
2025-10-04 16:00:00+00:00,0.3898,0.3909,0.3883,0.3902,21208.0
2025-10-04 20:00:00+00:00,0.3914,0.3939,0.3914,0.3936,3426.0
2025-10-05 00:00:00+00:00,0.3931,0.4024,0.392,0.3994,12188.0
2025-10-05 04:00:00+00:00,0.4,0.4069,0.3998,0.4069,42113.0
2025-10-05 08:00:00+00:00,0.4072,0.4087,0.3984,0.3999,6747.0
2025-10-05 12:00:00+00:00,0.4005,0.4007,0.3968,0.4003,7469.0
2025-10-05 16:00:00+00:00,0.4002,0.4004,0.3931,0.3931,4017.0
2025-10-05 20:00:00+00:00,0.3943,0.3972,0.3928,0.3959,45789.0
2025-10-06 00:00:00+00:00,0.3944,0.4036,0.3939,0.4009,12255.0
2025-10-06 04:00:00+00:00,0.4008,0.4052,0.4,0.4013,11494.0
2025-10-06 08:00:00+00:00,0.4032,0.4049,0.4025,0.4049,1973.0
2025-10-06 12:00:00+00:00,0.405,0.4125,0.4039,0.4117,53500.0
2025-10-06 16:00:00+00:00,0.4112,0.4112,0.4062,0.4088,40946.0
2025-10-06 20:00:00+00:00,0.4087,0.412,0.407,0.4083,20680.0
2025-10-07 00:00:00+00:00,0.4094,0.4096,0.4043,0.4056,16081.0
2025-10-07 04:00:00+00:00,0.4036,0.408,0.4004,0.4004,16422.0
2025-10-07 08:00:00+00:00,0.4003,0.402,0.3985,0.3993,4952.0
2025-10-07 12:00:00+00:00,0.4008,0.4046,0.3854,0.3862,76525.0
2025-10-07 16:00:00+00:00,0.3865,0.39,0.3845,0.3859,39458.0
2025-10-07 20:00:00+00:00,0.3881,0.3881,0.3833,0.3833,4377.0
2025-10-08 00:00:00+00:00,0.3844,0.3885,0.381,0.3827,44993.0
2025-10-08 04:00:00+00:00,0.3822,0.3836,0.3786,0.3786,76668.0
2025-10-08 08:00:00+00:00,0.3825,0.3851,0.3815,0.384,6031.0
2025-10-08 12:00:00+00:00,0.3845,0.3874,0.3806,0.3833,74359.0
2025-10-08 16:00:00+00:00,0.382,0.3919,0.382,0.3889,51270.0
2025-10-08 20:00:00+00:00,0.3887,0.3904,0.3871,0.3886,29110.0
2025-10-09 00:00:00+00:00,0.3883,0.3884,0.3799,0.382,38475.0
2025-10-09 04:00:00+00:00,0.3818,0.3842,0.3785,0.3785,41676.0
2025-10-09 08:00:00+00:00,0.3778,0.3778,0.373,0.3774,12704.0
2025-10-09 12:00:00+00:00,0.3778,0.3811,0.374,0.3767,27710.0
2025-10-09 16:00:00+00:00,0.3766,0.3782,0.3712,0.3762,61805.0
2025-10-09 20:00:00+00:00,0.3779,0.3818,0.3763,0.3797,39779.0
2025-10-10 00:00:00+00:00,0.3799,0.3825,0.3756,0.3817,35222.0
2025-10-10 04:00:00+00:00,0.3812,0.3834,0.3803,0.3819,43804.0
2025-10-10 08:00:00+00:00,0.3799,0.3838,0.3791,0.3823,10791.0
2025-10-10 12:00:00+00:00,0.3818,0.3856,0.366,0.3687,61348.0
2025-10-10 16:00:00+00:00,0.3675,0.3712,0.3579,0.3616,219764.0
2025-10-10 20:00:00+00:00,0.3586,0.3624,0.2236,0.3166,588330.0
2025-10-11 00:00:00+00:00,0.3174,0.3306,0.3131,0.3231,35069.0
2025-10-11 04:00:00+00:00,0.3254,0.3292,0.322,0.3278,7667.0
2025-10-11 08:00:00+00:00,0.3263,0.3394,0.3263,0.3284,12286.0
2025-10-11 12:00:00+00:00,0.3266,0.3305,0.3227,0.3268,10178.0
2025-10-11 16:00:00+00:00,0.3297,0.3309,0.3181,0.3181,11056.0
2025-10-11 20:00:00+00:00,0.3177,0.3265,0.3024,0.325,18030.0
2025-10-12 00:00:00+00:00,0.3227,0.3264,0.3149,0.3183,8631.0
2025-10-12 04:00:00+00:00,0.3194,0.3259,0.3194,0.3255,9467.0
2025-10-12 08:00:00+00:00,0.3266,0.3272,0.322,0.3234,10603.0
2025-10-12 12:00:00+00:00,0.3244,0.3412,0.3201,0.3395,174387.0
2025-10-12 16:00:00+00:00,0.3384,0.3496,0.3379,0.344,138663.0
2025-10-12 20:00:00+00:00,0.3471,0.3502,0.3397,0.3398,9278.0
2025-10-13 00:00:00+00:00,0.3413,0.3444,0.339,0.3401,38594.0
2025-10-13 04:00:00+00:00,0.34,0.3496,0.3387,0.3481,15493.0
2025-10-13 08:00:00+00:00,0.3474,0.3516,0.3373,0.343,7850.0
2025-10-13 12:00:00+00:00,0.343,0.3516,0.3415,0.3464,23067.0
2025-10-13 16:00:00+00:00,0.3484,0.3516,0.3433,0.35,33144.0
2025-10-13 20:00:00+00:00,0.351,0.3533,0.35,0.3505,16260.0
2025-10-14 00:00:00+00:00,0.352,0.3531,0.3415,0.3423,12857.0
2025-10-14 04:00:00+00:00,0.3415,0.3415,0.3232,0.3282,19578.0
2025-10-14 08:00:00+00:00,0.3265,0.3322,0.3232,0.329,9475.0
2025-10-14 12:00:00+00:00,0.3283,0.3331,0.3201,0.3331,63642.0
2025-10-14 16:00:00+00:00,0.3347,0.3394,0.3302,0.3336,21268.0
2025-10-14 20:00:00+00:00,0.3334,0.3361,0.3332,0.3349,2250.0
2025-10-15 00:00:00+00:00,0.3375,0.3397,0.3348,0.3354,10821.0
2025-10-15 04:00:00+00:00,0.3351,0.3387,0.3344,0.3377,15821.0
2025-10-15 08:00:00+00:00,0.3388,0.3399,0.3331,0.3334,11605.0
2025-10-15 12:00:00+00:00,0.3311,0.3362,0.3258,0.3258,40515.0
2025-10-15 16:00:00+00:00,0.327,0.3282,0.3241,0.3241,20903.0
2025-10-15 20:00:00+00:00,0.326,0.326,0.3201,0.3236,52516.0
2025-10-16 00:00:00+00:00,0.3241,0.3286,0.323,0.3256,20437.0
2025-10-16 04:00:00+00:00,0.3265,0.3285,0.3224,0.3265,33589.0
2025-10-16 08:00:00+00:00,0.3255,0.329,0.318,0.3238,14068.0
2025-10-16 12:00:00+00:00,0.3293,0.3317,0.315,0.315,20783.0
2025-10-16 16:00:00+00:00,0.3146,0.323,0.3092,0.3115,24870.0
2025-10-16 20:00:00+00:00,0.3097,0.3159,0.3077,0.3121,6407.0
2025-10-17 00:00:00+00:00,0.3107,0.3167,0.3107,0.3127,7023.0
2025-10-17 04:00:00+00:00,0.3141,0.3183,0.2946,0.2946,34553.0
2025-10-17 08:00:00+00:00,0.2946,0.3038,0.2902,0.3038,15487.0
2025-10-17 12:00:00+00:00,0.3038,0.3051,0.2966,0.2966,17379.0
2025-10-17 16:00:00+00:00,0.3056,0.309,0.3031,0.3036,11685.0
2025-10-17 20:00:00+00:00,0.3066,0.3118,0.3035,0.3088,10934.0
2025-10-18 00:00:00+00:00,0.3088,0.3133,0.3062,0.3102,20970.0
2025-10-18 04:00:00+00:00,0.3122,0.3176,0.3085,0.3176,848.0
2025-10-18 08:00:00+00:00,0.3123,0.3162,0.3112,0.3162,2760.0
2025-10-18 12:00:00+00:00,0.3165,0.3178,0.3132,0.3132,9053.0
2025-10-18 16:00:00+00:00,0.3154,0.3183,0.3127,0.3173,3773.0
2025-10-18 20:00:00+00:00,0.3161,0.3183,0.3132,0.3136,7130.0
2025-10-19 00:00:00+00:00,0.3147,0.3193,0.3097,0.3151,3853.0
2025-10-19 04:00:00+00:00,0.3117,0.3151,0.3108,0.3108,2509.0
2025-10-19 08:00:00+00:00,0.3081,0.3195,0.3071,0.3142,3863.0
2025-10-19 12:00:00+00:00,0.3127,0.3227,0.3127,0.3214,11588.0
2025-10-19 16:00:00+00:00,0.3216,0.3232,0.316,0.319,8206.0
2025-10-19 20:00:00+00:00,0.3162,0.3202,0.3157,0.3176,30048.0
2025-10-20 00:00:00+00:00,0.3217,0.3244,0.3131,0.3244,9298.0
2025-10-20 04:00:00+00:00,0.3245,0.3272,0.3229,0.3272,2971.0
2025-10-20 08:00:00+00:00,0.3272,0.3279,0.3243,0.3261,7203.0
2025-10-20 12:00:00+00:00,0.3262,0.3286,0.3228,0.3263,17846.0
2025-10-20 16:00:00+00:00,0.3228,0.3324,0.3208,0.3269,71947.0
2025-10-20 20:00:00+00:00,0.3288,0.3296,0.3243,0.3243,7337.0
2025-10-21 00:00:00+00:00,0.3232,0.3302,0.3188,0.3201,4982.0
2025-10-21 04:00:00+00:00,0.3186,0.3256,0.3137,0.3137,5099.0
2025-10-21 08:00:00+00:00,0.3141,0.3254,0.3137,0.3176,8984.0
2025-10-21 12:00:00+00:00,0.3198,0.3317,0.3146,0.3302,15342.0
2025-10-21 16:00:00+00:00,0.3314,0.3327,0.3246,0.3258,12518.0
2025-10-21 20:00:00+00:00,0.3269,0.3309,0.3146,0.3146,12070.0
2025-10-22 00:00:00+00:00,0.3136,0.3191,0.3082,0.3123,17881.0
2025-10-22 04:00:00+00:00,0.3138,0.3158,0.3107,0.3107,711.0
2025-10-22 08:00:00+00:00,0.3114,0.3125,0.3076,0.3119,12115.0
2025-10-22 12:00:00+00:00,0.3116,0.3159,0.3085,0.3117,4814.0
2025-10-22 16:00:00+00:00,0.3115,0.3274,0.3082,0.3122,14204.0
2025-10-22 20:00:00+00:00,0.3201,0.3319,0.3034,0.3103,20470.0
2025-10-23 00:00:00+00:00,0.3104,0.3349,0.3082,0.3275,12454.0
2025-10-23 04:00:00+00:00,0.3221,0.3281,0.3124,0.315,9700.0
2025-10-23 08:00:00+00:00,0.3151,0.3199,0.315,0.3151,2494.0
2025-10-23 12:00:00+00:00,0.3151,0.3282,0.315,0.315,6630.0
2025-10-23 16:00:00+00:00,0.3245,0.3245,0.315,0.32,4300.0
2025-10-23 20:00:00+00:00,0.3241,0.3245,0.3087,0.3152,9458.0
2025-10-24 00:00:00+00:00,0.3195,0.3201,0.3092,0.32,3829.0
2025-10-24 04:00:00+00:00,0.32,0.3201,0.3117,0.3147,1591.0
2025-10-24 08:00:00+00:00,0.3167,0.32,0.3127,0.3174,2861.0
2025-10-24 12:00:00+00:00,0.3201,0.3234,0.3154,0.3163,40816.0
2025-10-24 16:00:00+00:00,0.3144,0.3186,0.3122,0.3171,9088.0
2025-10-24 20:00:00+00:00,0.318,0.3209,0.3177,0.3177,18305.0
2025-10-25 00:00:00+00:00,0.3199,0.3218,0.3174,0.3196,8831.0
2025-10-25 04:00:00+00:00,0.3198,0.3225,0.3181,0.3201,1056.0
2025-10-25 08:00:00+00:00,0.3219,0.3219,0.3188,0.3201,908.0
2025-10-25 12:00:00+00:00,0.3233,0.3304,0.323,0.3272,5452.0
2025-10-25 16:00:00+00:00,0.3286,0.3298,0.3238,0.3277,5282.0
2025-10-25 20:00:00+00:00,0.3253,0.3273,0.3238,0.3253,3602.0
2025-10-26 00:00:00+00:00,0.3248,0.3281,0.323,0.323,4104.0
2025-10-26 04:00:00+00:00,0.3232,0.3238,0.3228,0.3238,1480.0
2025-10-26 08:00:00+00:00,0.3267,0.3307,0.3248,0.3307,4074.0
2025-10-26 12:00:00+00:00,0.3307,0.3322,0.3268,0.3306,5191.0
2025-10-26 16:00:00+00:00,0.3316,0.3328,0.3268,0.3268,6177.0
2025-10-26 20:00:00+00:00,0.3277,0.3328,0.3248,0.3308,10006.0
2025-10-27 00:00:00+00:00,0.3304,0.3348,0.3288,0.3308,11220.0
2025-10-27 04:00:00+00:00,0.3305,0.3323,0.3289,0.3289,1729.0
2025-10-27 08:00:00+00:00,0.3267,0.3267,0.3248,0.3248,2063.0
2025-10-27 12:00:00+00:00,0.3248,0.3262,0.3218,0.3243,38975.0
2025-10-27 16:00:00+00:00,0.3257,0.3296,0.3254,0.3254,4209.0
2025-10-27 20:00:00+00:00,0.3247,0.3247,0.3218,0.3228,14654.0
2025-10-28 00:00:00+00:00,0.3248,0.3261,0.3208,0.3241,10382.0
2025-10-28 04:00:00+00:00,0.3232,0.3377,0.3213,0.3341,14562.0
2025-10-28 08:00:00+00:00,0.334,0.334,0.3296,0.3296,1882.0
2025-10-28 12:00:00+00:00,0.3296,0.3324,0.3218,0.3267,13207.0
2025-10-28 16:00:00+00:00,0.3259,0.3294,0.3215,0.3215,5635.0
2025-10-28 20:00:00+00:00,0.3205,0.3205,0.3142,0.3147,22866.0
2025-10-29 00:00:00+00:00,0.3182,0.3189,0.311,0.3169,38436.0
2025-10-29 04:00:00+00:00,0.3174,0.3216,0.3157,0.3216,3079.0
2025-10-29 08:00:00+00:00,0.3189,0.323,0.3179,0.3197,5202.0
2025-10-29 12:00:00+00:00,0.3233,0.3244,0.3175,0.3175,17932.0
2025-10-29 16:00:00+00:00,0.3175,0.3233,0.3118,0.3218,30063.0
2025-10-29 20:00:00+00:00,0.3198,0.3224,0.3145,0.3147,4405.0
2025-10-30 00:00:00+00:00,0.3161,0.3184,0.3137,0.3142,8940.0
2025-10-30 04:00:00+00:00,0.3163,0.3167,0.3067,0.3162,35338.0
2025-10-30 08:00:00+00:00,0.3142,0.3142,0.31,0.3102,4924.0
2025-10-30 12:00:00+00:00,0.3088,0.309,0.2955,0.2962,17744.0
2025-10-30 16:00:00+00:00,0.2966,0.2991,0.291,0.291,6325.0
2025-10-30 20:00:00+00:00,0.2906,0.2988,0.2906,0.2987,22733.0
2025-10-31 00:00:00+00:00,0.2961,0.3038,0.2961,0.3016,8979.0
2025-10-31 04:00:00+00:00,0.3037,0.3037,0.3001,0.3019,117880.0
2025-10-31 08:00:00+00:00,0.3001,0.3067,0.3001,0.3067,7926.0
2025-10-31 12:00:00+00:00,0.3071,0.3116,0.3036,0.3115,5540.0
2025-10-31 16:00:00+00:00,0.3079,0.309,0.2999,0.3088,72152.0
2025-10-31 20:00:00+00:00,0.3037,0.3053,0.3033,0.3053,4655.0
2025-11-01 00:00:00+00:00,0.3052,0.3057,0.3016,0.3053,2046.0
2025-11-01 04:00:00+00:00,0.3059,0.3059,0.3026,0.3043,3966.0
2025-11-01 08:00:00+00:00,0.306,0.3067,0.3036,0.3063,5523.0
2025-11-01 12:00:00+00:00,0.3066,0.3066,0.3008,0.3031,6892.0
2025-11-01 16:00:00+00:00,0.3058,0.3082,0.3036,0.3074,19730.0
2025-11-01 20:00:00+00:00,0.3066,0.3073,0.3043,0.3051,28660.0
2025-11-02 00:00:00+00:00,0.305,0.3058,0.3007,0.3039,6079.0
2025-11-02 04:00:00+00:00,0.3039,0.3067,0.3021,0.3067,1037.0
2025-11-02 08:00:00+00:00,0.3071,0.3071,0.3021,0.3067,2641.0
2025-11-02 12:00:00+00:00,0.3066,0.3066,0.3006,0.3006,3591.0
2025-11-02 16:00:00+00:00,0.3036,0.3041,0.3,0.3013,5042.0
2025-11-02 20:00:00+00:00,0.3,0.3033,0.2996,0.3033,5113.0
2025-11-03 00:00:00+00:00,0.3021,0.306,0.2926,0.2961,127732.0
2025-11-03 04:00:00+00:00,0.2917,0.2946,0.288,0.2908,122072.0
2025-11-03 08:00:00+00:00,0.2913,0.2931,0.2885,0.2916,2391.0
2025-11-03 12:00:00+00:00,0.2906,0.2952,0.2732,0.2804,35194.0
2025-11-03 16:00:00+00:00,0.2803,0.2855,0.2773,0.2784,5858.0
2025-11-03 20:00:00+00:00,0.2802,0.2806,0.2745,0.2769,11083.0
2025-11-04 00:00:00+00:00,0.2785,0.2836,0.2759,0.2784,22535.0
2025-11-04 04:00:00+00:00,0.2836,0.2836,0.2693,0.2693,44766.0
2025-11-04 08:00:00+00:00,0.27,0.281,0.27,0.2797,7777.0
2025-11-04 12:00:00+00:00,0.28,0.28,0.2711,0.2764,12571.0
2025-11-04 16:00:00+00:00,0.2711,0.2722,0.2607,0.263,27408.0
2025-11-04 20:00:00+00:00,0.2616,0.2715,0.2534,0.2715,32439.0
2025-11-05 00:00:00+00:00,0.2701,0.2752,0.2582,0.2752,28260.0
2025-11-05 04:00:00+00:00,0.275,0.2769,0.2719,0.2736,10376.0
2025-11-05 08:00:00+00:00,0.2714,0.2741,0.2693,0.2741,2772.0
2025-11-05 12:00:00+00:00,0.2742,0.2805,0.2742,0.2774,8926.0
2025-11-05 16:00:00+00:00,0.2806,0.2963,0.2759,0.2816,43779.0
2025-11-05 20:00:00+00:00,0.2861,0.2862,0.2779,0.2812,21858.0
2025-11-06 00:00:00+00:00,0.2794,0.2842,0.2754,0.2798,22737.0
2025-11-06 04:00:00+00:00,0.2798,0.2798,0.2735,0.2735,21275.0
2025-11-06 08:00:00+00:00,0.2729,0.2741,0.2726,0.2732,2013.0
2025-11-06 12:00:00+00:00,0.2726,0.2784,0.2675,0.2675,29786.0
2025-11-06 16:00:00+00:00,0.2683,0.2702,0.2636,0.2672,8106.0
2025-11-06 20:00:00+00:00,0.2684,0.2713,0.2658,0.2699,7392.0
2025-11-07 00:00:00+00:00,0.2699,0.2745,0.2687,0.2724,4118.0
2025-11-07 04:00:00+00:00,0.2732,0.2768,0.2727,0.2765,7225.0
2025-11-07 08:00:00+00:00,0.2734,0.2756,0.2674,0.2711,4903.0
2025-11-07 12:00:00+00:00,0.2677,0.2751,0.2658,0.2751,7802.0
2025-11-07 16:00:00+00:00,0.2749,0.2911,0.2719,0.291,76760.0
2025-11-07 20:00:00+00:00,0.2919,0.2931,0.288,0.2924,21891.0
2025-11-08 00:00:00+00:00,0.2915,0.2956,0.2894,0.2914,14933.0
2025-11-08 04:00:00+00:00,0.2934,0.2936,0.2855,0.2884,14384.0
2025-11-08 08:00:00+00:00,0.2884,0.2891,0.2877,0.2891,8398.0
2025-11-08 12:00:00+00:00,0.2874,0.2891,0.2793,0.2793,18105.0
2025-11-08 16:00:00+00:00,0.2801,0.2837,0.2793,0.2819,65528.0
2025-11-08 20:00:00+00:00,0.2823,0.284,0.2801,0.2836,5618.0
2025-11-09 00:00:00+00:00,0.282,0.2841,0.2751,0.2754,12661.0
2025-11-09 04:00:00+00:00,0.2783,0.2795,0.2752,0.2786,3550.0
2025-11-09 08:00:00+00:00,0.2779,0.2779,0.2734,0.2757,2304.0
2025-11-09 12:00:00+00:00,0.2766,0.2816,0.2735,0.2816,5255.0
2025-11-09 16:00:00+00:00,0.2826,0.2828,0.2785,0.282,138221.0
2025-11-09 20:00:00+00:00,0.2832,0.2876,0.2815,0.2872,4103.0
2025-11-10 00:00:00+00:00,0.2835,0.2954,0.2835,0.2951,16975.0
2025-11-10 04:00:00+00:00,0.2948,0.299,0.292,0.299,9655.0
2025-11-10 08:00:00+00:00,0.2992,0.3112,0.2992,0.3094,17676.0
2025-11-10 12:00:00+00:00,0.3067,0.3104,0.2989,0.3018,11529.0
2025-11-10 16:00:00+00:00,0.3008,0.3034,0.297,0.3018,67782.0
2025-11-10 20:00:00+00:00,0.3022,0.303,0.2968,0.3005,63454.0
2025-11-11 00:00:00+00:00,0.3009,0.3044,0.2971,0.3024,24314.0
2025-11-11 04:00:00+00:00,0.3016,0.3016,0.2914,0.2914,4502.0
2025-11-11 08:00:00+00:00,0.2922,0.2953,0.2904,0.2926,4487.0
2025-11-11 12:00:00+00:00,0.2905,0.2953,0.2891,0.2905,3909.0
2025-11-11 16:00:00+00:00,0.2944,0.2944,0.2836,0.2838,8265.0
2025-11-11 20:00:00+00:00,0.2838,0.2859,0.2804,0.2817,37549.0
2025-11-12 00:00:00+00:00,0.2828,0.2848,0.2806,0.2848,1936.0
2025-11-12 04:00:00+00:00,0.2842,0.287,0.2837,0.284,2626.0
2025-11-12 08:00:00+00:00,0.2873,0.292,0.2846,0.2916,47270.0
2025-11-12 12:00:00+00:00,0.2921,0.2941,0.283,0.283,6210.0
2025-11-12 16:00:00+00:00,0.2829,0.2835,0.2745,0.2772,15266.0
2025-11-12 20:00:00+00:00,0.278,0.2799,0.2769,0.2771,52479.0
2025-11-13 00:00:00+00:00,0.2787,0.2931,0.2764,0.291,21476.0
2025-11-13 04:00:00+00:00,0.2893,0.2936,0.2875,0.2899,20720.0
2025-11-13 08:00:00+00:00,0.2898,0.2992,0.2896,0.2948,14921.0
2025-11-13 12:00:00+00:00,0.2932,0.2947,0.2803,0.2804,26638.0
2025-11-13 16:00:00+00:00,0.2811,0.2823,0.2641,0.2656,44617.0
2025-11-13 20:00:00+00:00,0.2656,0.2706,0.2627,0.2683,8048.0
2025-11-14 00:00:00+00:00,0.2688,0.2703,0.2658,0.2676,44510.0
2025-11-14 04:00:00+00:00,0.268,0.2706,0.2601,0.2689,34244.0
2025-11-14 08:00:00+00:00,0.2689,0.2689,0.2617,0.2618,8030.0
2025-11-14 12:00:00+00:00,0.2616,0.2701,0.2581,0.267,23095.0
2025-11-14 16:00:00+00:00,0.2664,0.2697,0.2633,0.2656,44509.0
2025-11-14 20:00:00+00:00,0.2653,0.2653,0.257,0.2593,27413.0
2025-11-15 00:00:00+00:00,0.2596,0.2672,0.2596,0.267,6308.0
2025-11-15 04:00:00+00:00,0.2673,0.2673,0.2641,0.2641,1708.0
2025-11-15 08:00:00+00:00,0.2641,0.2641,0.2593,0.2593,3857.0
2025-11-15 12:00:00+00:00,0.26,0.2638,0.2595,0.2617,4807.0
2025-11-15 16:00:00+00:00,0.262,0.262,0.2587,0.2602,26361.0
2025-11-15 20:00:00+00:00,0.261,0.261,0.2575,0.2591,20644.0
2025-11-16 00:00:00+00:00,0.2601,0.2623,0.2555,0.2603,7901.0
2025-11-16 04:00:00+00:00,0.2621,0.2632,0.259,0.2616,4166.0
2025-11-16 08:00:00+00:00,0.2625,0.2625,0.257,0.2573,2568.0
2025-11-16 12:00:00+00:00,0.2573,0.2584,0.2518,0.2518,11875.0
2025-11-16 16:00:00+00:00,0.2518,0.2553,0.25,0.2537,29717.0
2025-11-16 20:00:00+00:00,0.2538,0.2555,0.249,0.2543,59670.0
2025-11-17 00:00:00+00:00,0.2543,0.2577,0.2505,0.2563,24202.0
2025-11-17 04:00:00+00:00,0.258,0.259,0.2562,0.2577,5297.0
2025-11-17 08:00:00+00:00,0.2588,0.261,0.2576,0.261,1922.0
2025-11-17 12:00:00+00:00,0.2598,0.2616,0.2518,0.2522,10118.0
2025-11-17 16:00:00+00:00,0.2515,0.2554,0.2447,0.2459,27109.0
2025-11-17 20:00:00+00:00,0.2446,0.2484,0.244,0.2473,11310.0
2025-11-18 00:00:00+00:00,0.2465,0.2507,0.2423,0.2478,20156.0
2025-11-18 04:00:00+00:00,0.2486,0.2507,0.2448,0.2484,30049.0
2025-11-18 08:00:00+00:00,0.249,0.2516,0.249,0.2516,3898.0
2025-11-18 12:00:00+00:00,0.2493,0.2546,0.2481,0.2534,10052.0
2025-11-18 16:00:00+00:00,0.2543,0.26,0.2543,0.26,58988.0
2025-11-18 20:00:00+00:00,0.2601,0.2603,0.2555,0.2563,4127.0
2025-11-19 00:00:00+00:00,0.2554,0.256,0.2524,0.2524,5639.0
2025-11-19 04:00:00+00:00,0.2522,0.2526,0.2473,0.2522,10003.0
2025-11-19 08:00:00+00:00,0.2528,0.2528,0.2479,0.2479,850.0
2025-11-19 12:00:00+00:00,0.2476,0.2481,0.2416,0.2416,9498.0
2025-11-19 16:00:00+00:00,0.2425,0.2426,0.2357,0.2374,45542.0
2025-11-19 20:00:00+00:00,0.2374,0.2467,0.237,0.2466,76881.0
2025-11-20 00:00:00+00:00,0.2468,0.2517,0.2464,0.2494,32603.0
2025-11-20 04:00:00+00:00,0.251,0.2526,0.2504,0.2504,2275.0
2025-11-20 08:00:00+00:00,0.2518,0.2522,0.2481,0.2522,2105.0
2025-11-20 12:00:00+00:00,0.2525,0.2532,0.2479,0.2479,9697.0
2025-11-20 16:00:00+00:00,0.2476,0.2482,0.2339,0.2388,101815.0
2025-11-20 20:00:00+00:00,0.2377,0.2425,0.2365,0.2382,427307.0
2025-11-21 00:00:00+00:00,0.2392,0.2404,0.2336,0.237,95179.0
2025-11-21 04:00:00+00:00,0.236,0.237,0.2223,0.2279,48538.0
2025-11-21 08:00:00+00:00,0.2293,0.2319,0.2213,0.2223,14375.0
2025-11-21 12:00:00+00:00,0.2209,0.2321,0.2167,0.2265,118973.0
2025-11-21 16:00:00+00:00,0.2272,0.2351,0.2251,0.2307,19600.0
2025-11-21 20:00:00+00:00,0.2299,0.2317,0.2259,0.2317,117553.0
2025-11-22 00:00:00+00:00,0.2321,0.233,0.2295,0.2321,570523.0
2025-11-22 04:00:00+00:00,0.2311,0.2321,0.2279,0.2321,17021.0
2025-11-22 08:00:00+00:00,0.2307,0.2307,0.2269,0.2302,7245.0
2025-11-22 12:00:00+00:00,0.2293,0.23,0.2265,0.229,6492.0
2025-11-22 16:00:00+00:00,0.2285,0.2305,0.2285,0.2287,856.0
2025-11-22 20:00:00+00:00,0.2294,0.2321,0.2272,0.2317,8777.0
2025-11-23 00:00:00+00:00,0.2299,0.2374,0.2297,0.2359,17286.0
2025-11-23 04:00:00+00:00,0.2367,0.2399,0.2364,0.2375,6205.0
2025-11-23 08:00:00+00:00,0.2365,0.2378,0.2365,0.2378,638.0
2025-11-23 12:00:00+00:00,0.2392,0.2443,0.2392,0.2443,21192.0
2025-11-23 16:00:00+00:00,0.2443,0.2504,0.2428,0.2504,20779.0
2025-11-23 20:00:00+00:00,0.2507,0.2532,0.2464,0.2479,361155.0
2025-11-24 00:00:00+00:00,0.2463,0.2532,0.2431,0.2504,55669.0
2025-11-24 04:00:00+00:00,0.2503,0.2507,0.245,0.2465,2516.0
2025-11-24 08:00:00+00:00,0.2483,0.2483,0.2417,0.2454,5059.0
2025-11-24 12:00:00+00:00,0.2461,0.2497,0.2416,0.2463,381569.0
2025-11-24 16:00:00+00:00,0.2462,0.2569,0.2446,0.2565,45797.0
2025-11-24 20:00:00+00:00,0.2572,0.2597,0.2546,0.2546,42591.0
2025-11-25 00:00:00+00:00,0.254,0.2556,0.2524,0.2529,9578.0
2025-11-25 04:00:00+00:00,0.2534,0.2551,0.2504,0.2504,5452.0
2025-11-25 08:00:00+00:00,0.2503,0.2503,0.2468,0.2486,2173.0
2025-11-25 12:00:00+00:00,0.249,0.2499,0.2416,0.2448,5385.0
2025-11-25 16:00:00+00:00,0.2435,0.2511,0.2435,0.2484,37918.0
2025-11-25 20:00:00+00:00,0.249,0.2546,0.2476,0.2519,7301.0
2025-11-26 00:00:00+00:00,0.252,0.2538,0.249,0.249,4937.0
2025-11-26 04:00:00+00:00,0.2494,0.2538,0.248,0.2538,19696.0
2025-11-26 08:00:00+00:00,0.2544,0.2554,0.2504,0.2504,2485.0
2025-11-26 12:00:00+00:00,0.2494,0.2518,0.248,0.2493,2763.0
2025-11-26 16:00:00+00:00,0.2504,0.2617,0.2504,0.2616,17299.0
2025-11-26 20:00:00+00:00,0.2602,0.2617,0.2578,0.2578,3234.0
2025-11-27 00:00:00+00:00,0.2574,0.2596,0.256,0.2571,5377.0
2025-11-27 04:00:00+00:00,0.2572,0.2588,0.2557,0.2575,4480.0
2025-11-27 08:00:00+00:00,0.2574,0.258,0.2532,0.2544,1896.0
2025-11-27 12:00:00+00:00,0.2526,0.254,0.251,0.254,7879.0
2025-11-27 16:00:00+00:00,0.2537,0.2556,0.2532,0.2554,11368.0
2025-11-27 20:00:00+00:00,0.2557,0.2566,0.2519,0.2557,18196.0
2025-11-28 00:00:00+00:00,0.2556,0.2556,0.251,0.2536,15781.0
2025-11-28 04:00:00+00:00,0.2531,0.256,0.2502,0.256,2629.0
2025-11-28 08:00:00+00:00,0.2568,0.2617,0.2554,0.2554,2753.0
2025-11-28 12:00:00+00:00,0.2554,0.2621,0.2516,0.2612,11938.0
2025-11-28 16:00:00+00:00,0.2599,0.2599,0.2526,0.2547,38665.0
2025-11-28 20:00:00+00:00,0.2544,0.2551,0.2532,0.2537,30099.0
2025-11-29 00:00:00+00:00,0.2532,0.2536,0.2518,0.2528,31346.0
2025-11-29 04:00:00+00:00,0.2523,0.2546,0.2503,0.2522,2415.0
2025-11-29 08:00:00+00:00,0.2518,0.2554,0.2514,0.2554,1169.0
2025-11-29 12:00:00+00:00,0.2559,0.2574,0.2532,0.2554,3589.0
2025-11-29 16:00:00+00:00,0.2566,0.2584,0.2532,0.254,7829.0
2025-11-29 20:00:00+00:00,0.2538,0.2562,0.2538,0.2558,1736.0
2025-11-30 00:00:00+00:00,0.2549,0.2554,0.2518,0.2527,9800.0
2025-11-30 04:00:00+00:00,0.2544,0.2665,0.2524,0.2545,9375.0
2025-11-30 08:00:00+00:00,0.2546,0.2546,0.2509,0.2509,1045.0
2025-11-30 12:00:00+00:00,0.2509,0.2538,0.2507,0.2512,2447.0
2025-11-30 16:00:00+00:00,0.2528,0.2545,0.2509,0.2517,2158.0
2025-11-30 20:00:00+00:00,0.2525,0.2526,0.249,0.249,5473.0
2025-12-01 00:00:00+00:00,0.2503,0.2503,0.2336,0.2336,38226.0
2025-12-01 04:00:00+00:00,0.2348,0.2348,0.2302,0.232,13251.0
2025-12-01 08:00:00+00:00,0.2321,0.2349,0.2307,0.2307,2860.0
2025-12-01 12:00:00+00:00,0.2314,0.2344,0.2273,0.2328,33365.0
2025-12-01 16:00:00+00:00,0.2321,0.2325,0.2273,0.2279,7547.0
2025-12-01 20:00:00+00:00,0.2293,0.2355,0.2293,0.2355,8697.0
2025-12-02 00:00:00+00:00,0.2337,0.2465,0.2313,0.2328,63497.0
2025-12-02 04:00:00+00:00,0.2336,0.2348,0.2322,0.2322,1805.0
2025-12-02 08:00:00+00:00,0.234,0.2368,0.2307,0.2368,6659.0
2025-12-02 12:00:00+00:00,0.2352,0.2518,0.2352,0.2518,32887.0
2025-12-02 16:00:00+00:00,0.2506,0.256,0.2504,0.2559,9396.0
2025-12-02 20:00:00+00:00,0.2546,0.2582,0.2539,0.2552,29340.0
2025-12-03 00:00:00+00:00,0.2558,0.2562,0.2525,0.2533,49393.0
2025-12-03 04:00:00+00:00,0.2539,0.2624,0.2532,0.2599,12327.0
2025-12-03 08:00:00+00:00,0.2574,0.2578,0.2556,0.2557,11623.0
2025-12-03 12:00:00+00:00,0.2556,0.2585,0.251,0.2577,11652.0
2025-12-03 16:00:00+00:00,0.2579,0.259,0.2554,0.2574,7969.0
2025-12-03 20:00:00+00:00,0.2574,0.2608,0.2562,0.2585,6988.0
2025-12-04 00:00:00+00:00,0.2574,0.2594,0.2538,0.2574,21969.0
2025-12-04 04:00:00+00:00,0.2585,0.2585,0.2531,0.2531,20506.0
2025-12-04 08:00:00+00:00,0.2546,0.2546,0.2531,0.2543,2263.0
2025-12-04 12:00:00+00:00,0.2543,0.2554,0.2496,0.2546,16081.0
2025-12-04 16:00:00+00:00,0.2548,0.2555,0.2482,0.2518,20074.0
2025-12-04 20:00:00+00:00,0.2522,0.2544,0.2507,0.2521,6095.0
2025-12-05 00:00:00+00:00,0.2529,0.2538,0.2511,0.2522,1808.0
2025-12-05 04:00:00+00:00,0.2524,0.2526,0.2505,0.2522,8286.0
2025-12-05 08:00:00+00:00,0.2507,0.2507,0.2484,0.2484,4954.0
2025-12-05 12:00:00+00:00,0.2481,0.2514,0.2465,0.2479,24758.0
2025-12-05 16:00:00+00:00,0.2495,0.2495,0.2406,0.2428,16185.0
2025-12-05 20:00:00+00:00,0.2406,0.2414,0.239,0.2403,15891.0
2025-12-06 00:00:00+00:00,0.2389,0.2418,0.2388,0.2418,4054.0
2025-12-06 04:00:00+00:00,0.2403,0.2418,0.239,0.239,2986.0
2025-12-06 08:00:00+00:00,0.2388,0.2397,0.238,0.2397,7755.0
2025-12-06 12:00:00+00:00,0.2401,0.2425,0.2395,0.2411,2807.0
2025-12-06 16:00:00+00:00,0.2409,0.2445,0.2392,0.2392,34776.0
2025-12-06 20:00:00+00:00,0.2405,0.242,0.2386,0.2386,1399.0
2025-12-07 00:00:00+00:00,0.24,0.2419,0.2382,0.2403,2796.0
2025-12-07 04:00:00+00:00,0.2416,0.2486,0.2416,0.2416,8419.0
2025-12-07 08:00:00+00:00,0.2412,0.2412,0.2397,0.2397,1879.0
2025-12-07 12:00:00+00:00,0.2415,0.2415,0.2321,0.2378,20786.0
2025-12-07 16:00:00+00:00,0.2377,0.2446,0.2352,0.242,4826.0
2025-12-07 20:00:00+00:00,0.243,0.243,0.2331,0.2364,18672.0
2025-12-08 00:00:00+00:00,0.2375,0.2426,0.2365,0.2414,8280.0
2025-12-08 04:00:00+00:00,0.2416,0.2431,0.2416,0.2431,879.0
2025-12-08 08:00:00+00:00,0.2434,0.2454,0.2434,0.2434,3418.0
2025-12-08 12:00:00+00:00,0.2431,0.2465,0.2421,0.2421,26437.0
2025-12-08 16:00:00+00:00,0.2434,0.2434,0.2405,0.242,29234.0
2025-12-08 20:00:00+00:00,0.2424,0.2437,0.2406,0.2406,13986.0
2025-12-09 00:00:00+00:00,0.2416,0.2418,0.238,0.2401,3680.0
2025-12-09 04:00:00+00:00,0.2386,0.2401,0.2378,0.2399,2388.0
2025-12-09 08:00:00+00:00,0.2392,0.2401,0.2386,0.2401,1795.0
2025-12-09 12:00:00+00:00,0.2406,0.2494,0.2406,0.2476,10257.0
2025-12-09 16:00:00+00:00,0.2476,0.2579,0.2476,0.256,16690.0
2025-12-09 20:00:00+00:00,0.2568,0.2568,0.2507,0.2544,5324.0
2025-12-10 00:00:00+00:00,0.254,0.2544,0.2503,0.2519,2591.0
2025-12-10 04:00:00+00:00,0.251,0.2543,0.2496,0.2496,28496.0
2025-12-10 08:00:00+00:00,0.2518,0.2538,0.2494,0.2501,2883.0
2025-12-10 12:00:00+00:00,0.2516,0.253,0.249,0.2501,2278.0
2025-12-10 16:00:00+00:00,0.2504,0.255,0.2492,0.2546,5816.0
2025-12-10 20:00:00+00:00,0.2554,0.259,0.2467,0.2503,19838.0
2025-12-11 00:00:00+00:00,0.2509,0.2516,0.2399,0.2399,17734.0
2025-12-11 04:00:00+00:00,0.2397,0.243,0.2397,0.2406,4766.0
2025-12-11 08:00:00+00:00,0.2401,0.2435,0.2401,0.243,895.0
2025-12-11 12:00:00+00:00,0.2423,0.2958,0.2401,0.2407,173770.0
2025-12-11 16:00:00+00:00,0.2423,0.2431,0.2397,0.2406,15362.0
2025-12-11 20:00:00+00:00,0.2419,0.2482,0.2408,0.2475,31979.0
2025-12-12 00:00:00+00:00,0.2455,0.2475,0.2432,0.2468,34385.0
2025-12-12 04:00:00+00:00,0.2457,0.2461,0.2426,0.2459,3710.0
2025-12-12 08:00:00+00:00,0.2458,0.2464,0.2423,0.2464,2261.0
2025-12-12 12:00:00+00:00,0.2464,0.2482,0.2357,0.2357,100519.0
2025-12-12 16:00:00+00:00,0.2375,0.2383,0.2332,0.2354,15954.0
2025-12-12 20:00:00+00:00,0.2352,0.2388,0.2342,0.2388,7521.0
2025-12-13 00:00:00+00:00,0.2389,0.2396,0.2365,0.2396,4177.0
2025-12-13 04:00:00+00:00,0.2397,0.2407,0.238,0.2381,3904.0
2025-12-13 08:00:00+00:00,0.2393,0.2401,0.2384,0.2385,1605.0
2025-12-13 12:00:00+00:00,0.2379,0.2405,0.2378,0.2405,998.0
2025-12-13 16:00:00+00:00,0.2401,0.2401,0.2372,0.2372,33890.0
2025-12-13 20:00:00+00:00,0.2376,0.239,0.2365,0.2365,63166.0
2025-12-14 00:00:00+00:00,0.2388,0.2391,0.2365,0.2379,6458.0
2025-12-14 04:00:00+00:00,0.2364,0.2376,0.2354,0.2375,3574.0
2025-12-14 08:00:00+00:00,0.2355,0.2359,0.2331,0.2331,2305.0
2025-12-14 12:00:00+00:00,0.235,0.2362,0.2304,0.2321,8762.0
2025-12-14 16:00:00+00:00,0.2333,0.2335,0.2293,0.2305,9764.0
2025-12-14 20:00:00+00:00,0.2303,0.2306,0.2273,0.2281,91641.0
2025-12-15 00:00:00+00:00,0.2282,0.2339,0.228,0.2321,27605.0
2025-12-15 04:00:00+00:00,0.2335,0.2335,0.232,0.232,1380.0
2025-12-15 08:00:00+00:00,0.231,0.233,0.2307,0.233,8212.0
2025-12-15 12:00:00+00:00,0.2313,0.2313,0.2214,0.2218,71631.0
2025-12-15 16:00:00+00:00,0.2219,0.2236,0.2158,0.2195,34093.0
2025-12-15 20:00:00+00:00,0.2191,0.2205,0.2168,0.2205,25956.0
2025-12-16 00:00:00+00:00,0.2191,0.2221,0.2171,0.2171,10396.0
2025-12-16 04:00:00+00:00,0.2188,0.2193,0.2153,0.2168,8832.0
2025-12-16 08:00:00+00:00,0.2168,0.2226,0.2168,0.2226,3925.0
2025-12-16 12:00:00+00:00,0.2227,0.2237,0.2195,0.2234,11463.0
2025-12-16 16:00:00+00:00,0.2233,0.2249,0.2183,0.2209,38474.0
2025-12-16 20:00:00+00:00,0.2217,0.2222,0.2183,0.2188,7482.0
2025-12-17 00:00:00+00:00,0.2187,0.2208,0.2183,0.2206,35082.0
2025-12-17 04:00:00+00:00,0.2181,0.2192,0.2181,0.219,1234.0
2025-12-17 08:00:00+00:00,0.2176,0.2176,0.2158,0.2166,5485.0
2025-12-17 12:00:00+00:00,0.2175,0.2249,0.2127,0.2166,85226.0
2025-12-17 16:00:00+00:00,0.2161,0.2174,0.2094,0.2111,28736.0
2025-12-17 20:00:00+00:00,0.2123,0.2134,0.2095,0.2095,8164.0
2025-12-18 00:00:00+00:00,0.2111,0.2147,0.2108,0.2112,5894.0
2025-12-18 04:00:00+00:00,0.2108,0.212,0.2073,0.2092,22332.0
2025-12-18 08:00:00+00:00,0.2097,0.2117,0.2091,0.2114,39196.0
2025-12-18 12:00:00+00:00,0.2125,0.2191,0.2125,0.2167,11245.0
2025-12-18 16:00:00+00:00,0.2165,0.2165,0.2029,0.2029,37511.0
2025-12-18 20:00:00+00:00,0.2052,0.2079,0.204,0.2061,14266.0
2025-12-19 00:00:00+00:00,0.2058,0.2129,0.2043,0.2112,13223.0
2025-12-19 04:00:00+00:00,0.2115,0.2155,0.2107,0.2155,1099.0
2025-12-19 08:00:00+00:00,0.2159,0.2177,0.2143,0.217,5308.0
2025-12-19 12:00:00+00:00,0.2173,0.2209,0.2154,0.2181,56282.0
2025-12-19 16:00:00+00:00,0.2189,0.2215,0.2176,0.2215,8887.0
2025-12-19 20:00:00+00:00,0.2202,0.2217,0.2191,0.2191,4145.0
2025-12-20 00:00:00+00:00,0.2192,0.2208,0.2184,0.2205,4296.0
2025-12-20 04:00:00+00:00,0.2199,0.2209,0.2199,0.2209,501.0
2025-12-20 08:00:00+00:00,0.2199,0.2227,0.2187,0.2189,6435.0
2025-12-20 12:00:00+00:00,0.2192,0.2192,0.2143,0.2192,12854.0
2025-12-20 16:00:00+00:00,0.2191,0.2197,0.2181,0.219,5062.0
2025-12-20 20:00:00+00:00,0.2184,0.2184,0.217,0.217,2930.0
2025-12-21 00:00:00+00:00,0.2176,0.2192,0.2154,0.2169,13086.0
2025-12-21 04:00:00+00:00,0.2158,0.2166,0.2158,0.2166,2692.0
2025-12-21 08:00:00+00:00,0.2181,0.2195,0.2169,0.2169,1175.0
2025-12-21 12:00:00+00:00,0.218,0.218,0.2124,0.2139,5684.0
2025-12-21 16:00:00+00:00,0.2148,0.216,0.2126,0.2156,12431.0
2025-12-21 20:00:00+00:00,0.2155,0.217,0.2142,0.217,3391.0
2025-12-22 00:00:00+00:00,0.2172,0.2209,0.2144,0.2181,7574.0
2025-12-22 04:00:00+00:00,0.2182,0.2187,0.2171,0.2171,1312.0
2025-12-22 08:00:00+00:00,0.2172,0.222,0.2172,0.2215,47049.0
2025-12-22 12:00:00+00:00,0.2223,0.226,0.2201,0.2237,11147.0
2025-12-22 16:00:00+00:00,0.2223,0.2251,0.22,0.22,9641.0
2025-12-22 20:00:00+00:00,0.2196,0.2207,0.2185,0.2197,15253.0
2025-12-23 00:00:00+00:00,0.2209,0.222,0.2181,0.2198,4888.0
2025-12-23 04:00:00+00:00,0.2186,0.2192,0.2159,0.216,8753.0
2025-12-23 08:00:00+00:00,0.2153,0.2189,0.2148,0.2171,5676.0
2025-12-23 12:00:00+00:00,0.2169,0.222,0.2139,0.2163,8336.0
2025-12-23 16:00:00+00:00,0.2174,0.2209,0.2158,0.2172,23676.0
2025-12-23 20:00:00+00:00,0.2175,0.2191,0.2167,0.2171,3092.0
2025-12-24 00:00:00+00:00,0.2179,0.2223,0.2142,0.2142,9431.0
2025-12-24 04:00:00+00:00,0.2167,0.2167,0.2135,0.2138,3938.0
2025-12-24 08:00:00+00:00,0.2132,0.2138,0.2132,0.2136,436.0
2025-12-24 12:00:00+00:00,0.2151,0.2151,0.2131,0.214,6968.0
2025-12-24 16:00:00+00:00,0.2139,0.2149,0.2117,0.212,1559.0
2025-12-24 20:00:00+00:00,0.2126,0.213,0.2118,0.2122,4961.0
2025-12-25 00:00:00+00:00,0.2123,0.2141,0.2114,0.2141,4458.0
2025-12-25 04:00:00+00:00,0.2147,0.2159,0.2139,0.2139,8040.0
2025-12-25 08:00:00+00:00,0.2153,0.2153,0.2125,0.2125,1503.0
2025-12-25 12:00:00+00:00,0.2123,0.2162,0.2123,0.215,841.0
2025-12-25 16:00:00+00:00,0.2165,0.2165,0.2139,0.2151,1777.0
2025-12-25 20:00:00+00:00,0.2143,0.2148,0.2086,0.2089,5577.0
2025-12-26 00:00:00+00:00,0.2089,0.2155,0.2083,0.2146,106343.0
2025-12-26 04:00:00+00:00,0.2136,0.2153,0.2136,0.2136,2489.0
2025-12-26 08:00:00+00:00,0.2132,0.2159,0.213,0.2153,888.0
2025-12-26 12:00:00+00:00,0.2166,0.2167,0.2109,0.211,2280.0
2025-12-26 16:00:00+00:00,0.2121,0.2139,0.2103,0.2139,22533.0
2025-12-26 20:00:00+00:00,0.2147,0.2152,0.2138,0.2149,4496.0
2025-12-27 00:00:00+00:00,0.2133,0.2139,0.2124,0.2139,6655.0
2025-12-27 04:00:00+00:00,0.2145,0.2149,0.2131,0.2134,982.0
2025-12-27 08:00:00+00:00,0.2138,0.2156,0.2138,0.2156,1395.0
2025-12-27 12:00:00+00:00,0.2158,0.2162,0.2146,0.2148,1751.0
2025-12-27 16:00:00+00:00,0.2164,0.2167,0.2148,0.2167,4199.0
2025-12-27 20:00:00+00:00,0.2174,0.2209,0.2171,0.2209,58764.0
2025-12-28 00:00:00+00:00,0.2214,0.2227,0.2201,0.2227,4609.0
2025-12-28 04:00:00+00:00,0.2232,0.2241,0.2221,0.2234,5434.0
2025-12-28 08:00:00+00:00,0.2247,0.2247,0.2232,0.2244,1049.0
2025-12-28 12:00:00+00:00,0.2223,0.2225,0.2222,0.2224,330.0
2025-12-28 16:00:00+00:00,0.2228,0.2229,0.2184,0.2184,4179.0
2025-12-28 20:00:00+00:00,0.2191,0.2197,0.2181,0.2197,7714.0
2025-12-29 00:00:00+00:00,0.2207,0.2265,0.2185,0.2264,17112.0
2025-12-29 04:00:00+00:00,0.2257,0.2273,0.2251,0.2254,14792.0
2025-12-29 08:00:00+00:00,0.2241,0.2247,0.22,0.2209,60786.0
2025-12-29 12:00:00+00:00,0.2195,0.2209,0.2179,0.2204,8863.0
2025-12-29 16:00:00+00:00,0.2195,0.2195,0.2173,0.2177,36486.0
2025-12-29 20:00:00+00:00,0.2169,0.2169,0.2154,0.2162,7655.0
2025-12-30 00:00:00+00:00,0.2158,0.2178,0.2131,0.2131,6193.0
2025-12-30 04:00:00+00:00,0.2148,0.2148,0.2127,0.2145,9263.0
2025-12-30 08:00:00+00:00,0.213,0.2138,0.213,0.2138,766.0
2025-12-30 12:00:00+00:00,0.2133,0.215,0.213,0.2139,6831.0
2025-12-30 16:00:00+00:00,0.2145,0.2145,0.2111,0.2111,15515.0
2025-12-30 20:00:00+00:00,0.211,0.2112,0.2098,0.2111,51791.0
2025-12-31 00:00:00+00:00,0.2098,0.2116,0.2083,0.2084,35616.0
2025-12-31 04:00:00+00:00,0.2085,0.2088,0.2077,0.2077,6007.0
2025-12-31 08:00:00+00:00,0.2078,0.2085,0.2075,0.2084,1162.0
2025-12-31 12:00:00+00:00,0.2083,0.2088,0.2042,0.2042,6973.0
2025-12-31 16:00:00+00:00,0.2042,0.2155,0.1987,0.2012,112584.0
2025-12-31 20:00:00+00:00,0.2012,0.2102,0.1985,0.2012,10189.0
2026-01-01 00:00:00+00:00,0.2026,0.2041,0.2018,0.2022,9943.0
2026-01-01 04:00:00+00:00,0.2037,0.204,0.2017,0.204,3112.0
2026-01-01 08:00:00+00:00,0.2032,0.205,0.2032,0.205,5264.0
2026-01-01 12:00:00+00:00,0.2052,0.2069,0.205,0.2067,1849.0
2026-01-01 16:00:00+00:00,0.2073,0.2102,0.2052,0.2067,5566.0
2026-01-01 20:00:00+00:00,0.2069,0.2096,0.2067,0.2078,5715.0
2026-01-02 00:00:00+00:00,0.2091,0.2096,0.2055,0.2085,4670.0
2026-01-02 04:00:00+00:00,0.2093,0.2107,0.2069,0.2081,31994.0
2026-01-02 08:00:00+00:00,0.208,0.2121,0.2074,0.2095,12242.0
2026-01-02 12:00:00+00:00,0.2111,0.2142,0.2097,0.2125,20326.0
2026-01-02 16:00:00+00:00,0.2129,0.2195,0.2129,0.2164,67734.0
2026-01-02 20:00:00+00:00,0.215,0.2205,0.2149,0.2196,110532.0
2026-01-03 00:00:00+00:00,0.2206,0.2262,0.2197,0.2262,19099.0
2026-01-03 04:00:00+00:00,0.2262,0.2275,0.2179,0.2184,20198.0
2026-01-03 08:00:00+00:00,0.2187,0.2206,0.2178,0.2187,1878.0
2026-01-03 12:00:00+00:00,0.2195,0.2209,0.2195,0.2196,1859.0
2026-01-03 16:00:00+00:00,0.2186,0.2212,0.2186,0.2203,16183.0
2026-01-03 20:00:00+00:00,0.2201,0.2298,0.2195,0.2221,23750.0
2026-01-04 00:00:00+00:00,0.2223,0.2277,0.2223,0.2277,3920.0
2026-01-04 04:00:00+00:00,0.2278,0.2307,0.2268,0.2307,21444.0
2026-01-04 08:00:00+00:00,0.2294,0.2361,0.2279,0.236,42922.0
2026-01-04 12:00:00+00:00,0.2336,0.235,0.2324,0.235,15940.0
2026-01-04 16:00:00+00:00,0.2348,0.236,0.2296,0.2324,40588.0
2026-01-04 20:00:00+00:00,0.2335,0.2343,0.2312,0.2312,10160.0
2026-01-05 00:00:00+00:00,0.2332,0.2368,0.2312,0.2346,5087.0
2026-01-05 04:00:00+00:00,0.2335,0.2335,0.2295,0.2321,1916.0
2026-01-05 08:00:00+00:00,0.2332,0.2336,0.2307,0.2307,5872.0
2026-01-05 12:00:00+00:00,0.2321,0.2374,0.2307,0.2355,2712.0
2026-01-05 16:00:00+00:00,0.2374,0.2458,0.235,0.242,31951.0
2026-01-05 20:00:00+00:00,0.2446,0.2542,0.2436,0.2522,91770.0
2026-01-06 00:00:00+00:00,0.2529,0.2555,0.2483,0.2492,25592.0
2026-01-06 04:00:00+00:00,0.2518,0.2529,0.2451,0.2475,28222.0
2026-01-06 08:00:00+00:00,0.247,0.2491,0.2447,0.2491,3046.0
2026-01-06 12:00:00+00:00,0.2504,0.2522,0.2448,0.2454,15611.0
2026-01-06 16:00:00+00:00,0.247,0.247,0.2346,0.2388,11790.0
2026-01-06 20:00:00+00:00,0.2392,0.2444,0.2392,0.2439,21749.0
2026-01-07 00:00:00+00:00,0.2439,0.2442,0.2382,0.2395,11263.0
2026-01-07 04:00:00+00:00,0.2395,0.243,0.2362,0.2425,11917.0
2026-01-07 08:00:00+00:00,0.2431,0.2431,0.2378,0.2388,3309.0
2026-01-07 12:00:00+00:00,0.2367,0.2381,0.2335,0.2345,2978.0
2026-01-07 16:00:00+00:00,0.2346,0.237,0.2335,0.235,10969.0
2026-01-07 20:00:00+00:00,0.2358,0.2359,0.2322,0.2345,5175.0
2026-01-08 00:00:00+00:00,0.2336,0.2386,0.2325,0.2343,9160.0
2026-01-08 04:00:00+00:00,0.2342,0.2361,0.2281,0.2281,5480.0
2026-01-08 08:00:00+00:00,0.2307,0.231,0.2273,0.2306,2474.0
2026-01-08 12:00:00+00:00,0.2306,0.2321,0.2264,0.2321,38302.0
2026-01-08 16:00:00+00:00,0.2333,0.2333,0.2286,0.2286,4868.0
2026-01-08 20:00:00+00:00,0.2311,0.2321,0.229,0.229,2321.0
2026-01-09 00:00:00+00:00,0.2302,0.2321,0.2286,0.2286,1603.0
2026-01-09 04:00:00+00:00,0.2311,0.233,0.2311,0.2314,10417.0
2026-01-09 08:00:00+00:00,0.2314,0.2317,0.2265,0.2284,6013.0
2026-01-09 12:00:00+00:00,0.2265,0.2321,0.2258,0.2284,7745.0
2026-01-09 16:00:00+00:00,0.2309,0.233,0.2265,0.2272,3065.0
2026-01-09 20:00:00+00:00,0.2276,0.23,0.2258,0.2293,2558.0
2026-01-10 00:00:00+00:00,0.2274,0.2296,0.2265,0.2265,5889.0
2026-01-10 04:00:00+00:00,0.2262,0.2277,0.2258,0.2258,2113.0
2026-01-10 08:00:00+00:00,0.227,0.2279,0.2266,0.2279,684.0
2026-01-10 12:00:00+00:00,0.2284,0.2299,0.2269,0.2289,1681.0
2026-01-10 16:00:00+00:00,0.2276,0.2283,0.2254,0.2279,8123.0
2026-01-10 20:00:00+00:00,0.228,0.228,0.2256,0.2256,3324.0
2026-01-11 00:00:00+00:00,0.2258,0.2277,0.2252,0.2276,878.0
2026-01-11 04:00:00+00:00,0.2256,0.2295,0.2256,0.2292,2884.0
2026-01-11 08:00:00+00:00,0.2287,0.2287,0.2279,0.2279,296.0
2026-01-11 12:00:00+00:00,0.228,0.2299,0.2248,0.2261,3127.0
2026-01-11 16:00:00+00:00,0.2256,0.2279,0.2251,0.2251,4659.0
2026-01-11 20:00:00+00:00,0.2237,0.2248,0.2218,0.2237,3401.0
2026-01-12 00:00:00+00:00,0.2234,0.2291,0.2223,0.2265,4486.0
2026-01-12 04:00:00+00:00,0.2258,0.2276,0.2232,0.2232,3134.0
2026-01-12 08:00:00+00:00,0.2223,0.2223,0.2188,0.2188,12199.0
2026-01-12 12:00:00+00:00,0.2199,0.2237,0.2171,0.2237,3756.0
2026-01-12 16:00:00+00:00,0.2244,0.225,0.2197,0.2211,42015.0
2026-01-12 20:00:00+00:00,0.2203,0.2223,0.2195,0.2195,5134.0
2026-01-13 00:00:00+00:00,0.2202,0.2209,0.2186,0.2198,1869.0
2026-01-13 04:00:00+00:00,0.2201,0.2242,0.2201,0.2229,6028.0
2026-01-13 08:00:00+00:00,0.2231,0.2231,0.223,0.223,403.0
2026-01-13 12:00:00+00:00,0.2243,0.2293,0.2243,0.2284,5840.0
2026-01-13 16:00:00+00:00,0.2299,0.2333,0.2285,0.2328,27398.0
2026-01-13 20:00:00+00:00,0.2335,0.2413,0.2314,0.2388,47180.0
2026-01-14 00:00:00+00:00,0.2392,0.2439,0.2379,0.2439,42213.0
2026-01-14 04:00:00+00:00,0.2441,0.2469,0.2413,0.2446,17391.0
2026-01-14 08:00:00+00:00,0.2432,0.2446,0.2392,0.2393,2181.0
2026-01-14 12:00:00+00:00,0.2395,0.2435,0.2385,0.2417,4078.0
2026-01-14 16:00:00+00:00,0.2414,0.2429,0.235,0.2378,26861.0
2026-01-14 20:00:00+00:00,0.2383,0.2467,0.2353,0.2353,36314.0
2026-01-15 00:00:00+00:00,0.237,0.2377,0.2294,0.2309,10329.0
2026-01-15 04:00:00+00:00,0.232,0.232,0.2307,0.2312,59304.0
2026-01-15 08:00:00+00:00,0.2292,0.2325,0.2292,0.2307,5885.0
2026-01-15 12:00:00+00:00,0.2317,0.2342,0.2273,0.2299,14314.0
2026-01-15 16:00:00+00:00,0.2307,0.232,0.2254,0.2254,13096.0
2026-01-15 20:00:00+00:00,0.2275,0.2298,0.2249,0.2298,52111.0
2026-01-16 00:00:00+00:00,0.2298,0.2298,0.227,0.2295,20669.0
2026-01-16 04:00:00+00:00,0.2265,0.2283,0.2258,0.2283,47601.0
2026-01-16 08:00:00+00:00,0.2284,0.2285,0.2246,0.2247,4277.0
2026-01-16 12:00:00+00:00,0.2249,0.2259,0.2203,0.2204,21868.0
2026-01-16 16:00:00+00:00,0.2206,0.2232,0.2206,0.2224,10298.0
2026-01-16 20:00:00+00:00,0.2232,0.2285,0.2232,0.2265,50300.0
2026-01-17 00:00:00+00:00,0.2259,0.2278,0.2252,0.2252,8985.0
2026-01-17 04:00:00+00:00,0.2277,0.2277,0.2251,0.2257,12108.0
2026-01-17 08:00:00+00:00,0.2265,0.2279,0.2254,0.2272,1599.0
2026-01-17 12:00:00+00:00,0.2269,0.2318,0.2269,0.2294,13733.0
2026-01-17 16:00:00+00:00,0.2321,0.235,0.231,0.2346,12065.0
2026-01-17 20:00:00+00:00,0.2355,0.239,0.2297,0.232,88433.0
2026-01-18 00:00:00+00:00,0.2321,0.2333,0.2278,0.2287,6536.0
2026-01-18 04:00:00+00:00,0.2288,0.2289,0.2273,0.2273,15634.0
2026-01-18 08:00:00+00:00,0.2282,0.2294,0.2265,0.2265,5216.0
2026-01-18 12:00:00+00:00,0.2263,0.2277,0.2234,0.2247,6289.0
2026-01-18 16:00:00+00:00,0.2251,0.229,0.2244,0.2258,37394.0
2026-01-18 20:00:00+00:00,0.2264,0.2273,0.2181,0.2193,134806.0
2026-01-19 00:00:00+00:00,0.2172,0.2172,0.2016,0.2139,60645.0
2026-01-19 04:00:00+00:00,0.2149,0.218,0.2139,0.2139,7961.0
2026-01-19 08:00:00+00:00,0.2153,0.2167,0.2138,0.2138,435.0
2026-01-19 12:00:00+00:00,0.2138,0.2167,0.213,0.2167,2781.0
2026-01-19 16:00:00+00:00,0.2154,0.2202,0.2154,0.2192,13793.0
2026-01-19 20:00:00+00:00,0.2192,0.2194,0.2146,0.2146,57181.0
2026-01-20 00:00:00+00:00,0.2163,0.2167,0.2143,0.2159,8432.0
2026-01-20 04:00:00+00:00,0.2143,0.2158,0.2131,0.2152,2526.0
2026-01-20 08:00:00+00:00,0.2129,0.2137,0.2111,0.2137,30909.0
2026-01-20 12:00:00+00:00,0.2135,0.2135,0.2105,0.2105,89519.0
2026-01-20 16:00:00+00:00,0.2125,0.2125,0.2078,0.2087,11593.0
2026-01-20 20:00:00+00:00,0.2094,0.2102,0.2055,0.2078,41763.0
2026-01-21 00:00:00+00:00,0.2082,0.2137,0.2062,0.2135,3633.0
2026-01-21 04:00:00+00:00,0.2113,0.2153,0.2112,0.2125,6998.0
2026-01-21 08:00:00+00:00,0.2113,0.2136,0.2103,0.2103,2924.0
2026-01-21 12:00:00+00:00,0.2097,0.2149,0.2083,0.2144,5747.0
2026-01-21 16:00:00+00:00,0.2125,0.2153,0.2055,0.2151,9889.0
2026-01-21 20:00:00+00:00,0.215,0.2178,0.2094,0.2125,50511.0
2026-01-22 00:00:00+00:00,0.2136,0.2153,0.2126,0.2126,18017.0
2026-01-22 04:00:00+00:00,0.2151,0.2155,0.2143,0.2155,731.0
2026-01-22 08:00:00+00:00,0.2167,0.2167,0.2138,0.2138,6151.0
2026-01-22 12:00:00+00:00,0.2133,0.2145,0.21,0.21,3876.0
2026-01-22 16:00:00+00:00,0.2111,0.2139,0.2111,0.2132,21225.0
2026-01-22 20:00:00+00:00,0.2129,0.2135,0.2111,0.2113,10403.0
2026-01-23 00:00:00+00:00,0.2115,0.2137,0.2115,0.2136,4845.0
2026-01-23 04:00:00+00:00,0.2123,0.2136,0.2105,0.2105,5737.0
2026-01-23 08:00:00+00:00,0.2103,0.2111,0.2092,0.2105,3202.0
2026-01-23 12:00:00+00:00,0.2114,0.2129,0.2097,0.2129,9458.0
2026-01-23 16:00:00+00:00,0.2139,0.2186,0.2125,0.2125,17489.0
2026-01-23 20:00:00+00:00,0.2116,0.2136,0.2103,0.2115,64878.0
2026-01-24 00:00:00+00:00,0.2115,0.2136,0.2107,0.2107,7264.0
2026-01-24 04:00:00+00:00,0.2123,0.2123,0.2118,0.2118,1297.0
2026-01-24 08:00:00+00:00,0.2105,0.2105,0.2105,0.2105,1282.0
2026-01-24 12:00:00+00:00,0.2105,0.2105,0.2105,0.2105,0.0
2026-01-24 16:00:00+00:00,0.211,0.211,0.2105,0.2105,462.0
2026-01-24 20:00:00+00:00,0.2124,0.2137,0.2113,0.2113,1340.0
2026-01-25 00:00:00+00:00,0.2111,0.212,0.2098,0.2098,3593.0
2026-01-25 04:00:00+00:00,0.2123,0.2124,0.2097,0.2097,2902.0
2026-01-25 08:00:00+00:00,0.2088,0.2111,0.2087,0.2111,2313.0
2026-01-25 12:00:00+00:00,0.2097,0.2106,0.2075,0.2075,63191.0
2026-01-25 16:00:00+00:00,0.2073,0.2073,0.201,0.2026,25012.0
2026-01-25 20:00:00+00:00,0.2027,0.2041,0.201,0.2036,17047.0
2026-01-26 00:00:00+00:00,0.2039,0.2077,0.2035,0.2055,9256.0
2026-01-26 04:00:00+00:00,0.2063,0.208,0.2057,0.207,2115.0
2026-01-26 08:00:00+00:00,0.2083,0.2087,0.2062,0.207,2698.0
2026-01-26 12:00:00+00:00,0.2083,0.2114,0.2077,0.2089,6016.0
2026-01-26 16:00:00+00:00,0.2109,0.2109,0.2065,0.2069,1867.0
2026-01-26 20:00:00+00:00,0.2069,0.2077,0.2052,0.2077,4715.0
2026-01-27 00:00:00+00:00,0.2067,0.2083,0.206,0.2073,3328.0
2026-01-27 04:00:00+00:00,0.208,0.2085,0.2062,0.2075,2357.0
2026-01-27 08:00:00+00:00,0.2055,0.2068,0.2049,0.2062,477.0
2026-01-27 12:00:00+00:00,0.2049,0.2068,0.2045,0.2068,4703.0
2026-01-27 16:00:00+00:00,0.2069,0.2093,0.2032,0.2055,19003.0
2026-01-27 20:00:00+00:00,0.2069,0.2102,0.2069,0.2085,3262.0
2026-01-28 00:00:00+00:00,0.2085,0.2094,0.207,0.2088,10230.0
2026-01-28 04:00:00+00:00,0.2084,0.2097,0.2084,0.2085,6740.0
2026-01-28 08:00:00+00:00,0.2086,0.2119,0.2085,0.2119,1490.0
2026-01-28 12:00:00+00:00,0.2106,0.2119,0.208,0.208,2986.0
2026-01-28 16:00:00+00:00,0.2088,0.2103,0.2072,0.2091,10850.0
2026-01-28 20:00:00+00:00,0.2093,0.2119,0.2077,0.2115,7684.0
2026-01-29 00:00:00+00:00,0.2098,0.2107,0.2054,0.2055,3134.0
2026-01-29 04:00:00+00:00,0.2067,0.2075,0.2052,0.206,1946.0
2026-01-29 08:00:00+00:00,0.2055,0.2055,0.2041,0.2041,1172.0
2026-01-29 12:00:00+00:00,0.2035,0.2057,0.196,0.1988,28700.0
2026-01-29 16:00:00+00:00,0.1959,0.2018,0.1953,0.1987,7509.0
2026-01-29 20:00:00+00:00,0.1964,0.2011,0.1964,0.2008,8006.0
2026-01-30 00:00:00+00:00,0.1987,0.2008,0.1926,0.1956,11331.0
2026-01-30 04:00:00+00:00,0.1956,0.1969,0.1916,0.1929,5235.0
2026-01-30 08:00:00+00:00,0.1965,0.1965,0.1952,0.1952,76.0
2026-01-30 12:00:00+00:00,0.196,0.196,0.1919,0.1924,6984.0
2026-01-30 16:00:00+00:00,0.1924,0.1962,0.1885,0.195,91086.0
2026-01-30 20:00:00+00:00,0.194,0.194,0.1906,0.1906,8347.0
2026-01-31 00:00:00+00:00,0.1921,0.1963,0.1914,0.1916,4287.0
2026-01-31 04:00:00+00:00,0.1916,0.1916,0.188,0.1892,10815.0
2026-01-31 08:00:00+00:00,0.1901,0.1901,0.1852,0.1862,65582.0
2026-01-31 12:00:00+00:00,0.1859,0.1865,0.1759,0.1811,129337.0
2026-01-31 16:00:00+00:00,0.1811,0.1817,0.166,0.1752,121476.0
2026-01-31 20:00:00+00:00,0.1766,0.1823,0.1739,0.18,194851.0
2026-02-01 00:00:00+00:00,0.1819,0.1832,0.1793,0.1829,9778.0
2026-02-01 04:00:00+00:00,0.1803,0.1833,0.1803,0.1829,7980.0
2026-02-01 08:00:00+00:00,0.1808,0.1834,0.1789,0.1789,102101.0
2026-02-01 12:00:00+00:00,0.1774,0.1804,0.1726,0.1746,48361.0
2026-02-01 16:00:00+00:00,0.1737,0.1766,0.1723,0.176,4831.0
2026-02-01 20:00:00+00:00,0.1758,0.1775,0.1717,0.1754,30610.0
2026-02-02 00:00:00+00:00,0.1763,0.1795,0.169,0.1727,14129.0
2026-02-02 04:00:00+00:00,0.1745,0.1749,0.1694,0.1741,13434.0
2026-02-02 08:00:00+00:00,0.1749,0.1762,0.1749,0.1762,123.0
2026-02-02 12:00:00+00:00,0.1778,0.1833,0.177,0.1821,5692.0
2026-02-02 16:00:00+00:00,0.1821,0.1826,0.1785,0.1802,174398.0
2026-02-02 20:00:00+00:00,0.1781,0.1787,0.1779,0.1783,8009.0
2026-02-03 00:00:00+00:00,0.1772,0.1808,0.1754,0.1784,229375.0
2026-02-03 04:00:00+00:00,0.1765,0.1777,0.1765,0.1777,379.0
2026-02-03 08:00:00+00:00,0.1762,0.1767,0.1757,0.176,189336.0
2026-02-03 12:00:00+00:00,0.1757,0.1778,0.1733,0.1765,140286.0
2026-02-03 16:00:00+00:00,0.1762,0.1762,0.169,0.175,20488.0
2026-02-03 20:00:00+00:00,0.1749,0.1807,0.1749,0.1756,74972.0
2026-02-04 00:00:00+00:00,0.1763,0.1797,0.1733,0.1775,15229.0
2026-02-04 04:00:00+00:00,0.178,0.1784,0.176,0.1784,2179.0
2026-02-04 08:00:00+00:00,0.1786,0.1786,0.1786,0.1786,24.0
2026-02-04 12:00:00+00:00,0.174,0.174,0.1684,0.1696,78081.0
2026-02-04 16:00:00+00:00,0.1699,0.1742,0.167,0.1742,29824.0
2026-02-04 20:00:00+00:00,0.1732,0.1738,0.1685,0.1712,93607.0
2026-02-05 00:00:00+00:00,0.1712,0.1716,0.1654,0.1654,75100.0
2026-02-05 04:00:00+00:00,0.1663,0.1674,0.1629,0.1639,6286.0
2026-02-05 08:00:00+00:00,0.1635,0.1635,0.158,0.158,47735.0
2026-02-05 12:00:00+00:00,0.1596,0.1627,0.1513,0.1577,44240.0
2026-02-05 16:00:00+00:00,0.1552,0.1563,0.15,0.15,20040.0
2026-02-05 20:00:00+00:00,0.1517,0.1517,0.1439,0.1479,123173.0
2026-02-06 00:00:00+00:00,0.1487,0.1547,0.1369,0.152,119293.0
2026-02-06 04:00:00+00:00,0.1521,0.1569,0.1513,0.1513,212470.0
2026-02-06 08:00:00+00:00,0.1525,0.1582,0.151,0.1582,103342.0
2026-02-06 12:00:00+00:00,0.1584,0.1667,0.1554,0.1665,47556.0
2026-02-06 16:00:00+00:00,0.1669,0.1702,0.1632,0.1632,17342.0
2026-02-06 20:00:00+00:00,0.165,0.1667,0.1622,0.164,19680.0
2026-02-07 00:00:00+00:00,0.1636,0.1649,0.1609,0.1624,159796.0
2026-02-07 04:00:00+00:00,0.1643,0.1649,0.158,0.1589,4166.0
2026-02-07 08:00:00+00:00,0.1624,0.1624,0.1567,0.1567,48873.0
2026-02-07 12:00:00+00:00,0.1611,0.1611,0.1559,0.1601,22219.0
2026-02-07 16:00:00+00:00,0.1613,0.1648,0.1604,0.1628,116389.0
2026-02-07 20:00:00+00:00,0.1624,0.1624,0.1607,0.1616,3281.0
2026-02-08 00:00:00+00:00,0.1625,0.163,0.1602,0.1619,77653.0
2026-02-08 04:00:00+00:00,0.16,0.1624,0.1596,0.1624,5264.0
2026-02-08 08:00:00+00:00,0.1635,0.164,0.1618,0.1618,22575.0
2026-02-08 12:00:00+00:00,0.164,0.1648,0.1624,0.1624,4248.0
2026-02-08 16:00:00+00:00,0.1596,0.1629,0.1593,0.1619,8978.0
2026-02-08 20:00:00+00:00,0.163,0.164,0.1607,0.1607,120980.0
2026-02-09 00:00:00+00:00,0.1619,0.1647,0.1602,0.1636,9002.0
2026-02-09 04:00:00+00:00,0.163,0.1649,0.163,0.1649,11414.0
2026-02-09 08:00:00+00:00,0.1603,0.1603,0.1557,0.159,42174.0
2026-02-09 12:00:00+00:00,0.1579,0.1611,0.1555,0.1585,20035.0
2026-02-09 16:00:00+00:00,0.1598,0.1619,0.1574,0.1608,63589.0
2026-02-09 20:00:00+00:00,0.1609,0.1615,0.1594,0.1596,88836.0
2026-02-10 00:00:00+00:00,0.1595,0.1625,0.1572,0.1584,24102.0
2026-02-10 04:00:00+00:00,0.1594,0.1595,0.157,0.157,8405.0
2026-02-10 08:00:00+00:00,0.1561,0.1609,0.1561,0.1564,2223.0
2026-02-10 12:00:00+00:00,0.1557,0.1584,0.1551,0.1584,3304.0
2026-02-10 16:00:00+00:00,0.1585,0.1599,0.1561,0.1561,3753.0
2026-02-10 20:00:00+00:00,0.1578,0.1592,0.1561,0.1585,7236.0
2026-02-11 00:00:00+00:00,0.1595,0.1603,0.1559,0.1581,5736.0
2026-02-11 04:00:00+00:00,0.1574,0.1574,0.1543,0.1543,327.0
2026-02-11 08:00:00+00:00,0.1529,0.1545,0.1529,0.1545,591.0
2026-02-11 12:00:00+00:00,0.1535,0.1579,0.152,0.1522,3650.0
2026-02-11 16:00:00+00:00,0.1522,0.1546,0.1522,0.1546,23021.0
2026-02-11 20:00:00+00:00,0.1558,0.1563,0.1531,0.154,12841.0
2026-02-12 00:00:00+00:00,0.1553,0.1573,0.1529,0.1529,46875.0
2026-02-12 04:00:00+00:00,0.1586,0.1588,0.1565,0.1588,1344.0
2026-02-12 08:00:00+00:00,0.1589,0.1589,0.1589,0.1589,731.0
2026-02-12 12:00:00+00:00,0.1609,0.163,0.1584,0.1624,12927.0
2026-02-12 16:00:00+00:00,0.1604,0.1604,0.1549,0.1553,4330.0
2026-02-12 20:00:00+00:00,0.1556,0.1558,0.1538,0.1558,9551.0
2026-02-13 00:00:00+00:00,0.1582,0.1582,0.1521,0.1557,2784.0
2026-02-13 04:00:00+00:00,0.1572,0.1572,0.1551,0.1564,5468.0
2026-02-13 08:00:00+00:00,0.1562,0.1577,0.1541,0.1541,1069.0
2026-02-13 12:00:00+00:00,0.158,0.1625,0.1543,0.162,1847.0
2026-02-13 16:00:00+00:00,0.1609,0.1656,0.1609,0.165,4550.0
2026-02-13 20:00:00+00:00,0.1651,0.1666,0.1619,0.1666,20976.0
2026-02-14 00:00:00+00:00,0.1666,0.1667,0.1624,0.1659,2549.0
2026-02-14 04:00:00+00:00,0.1672,0.1672,0.1657,0.1669,75.0
2026-02-14 08:00:00+00:00,0.1674,0.1721,0.1674,0.1696,5380.0
2026-02-14 12:00:00+00:00,0.1709,0.1719,0.1679,0.1719,30356.0
2026-02-14 16:00:00+00:00,0.1697,0.1768,0.1697,0.1765,8845.0
2026-02-14 20:00:00+00:00,0.1765,0.1765,0.1712,0.1712,4059.0
2026-02-15 00:00:00+00:00,0.1748,0.1765,0.1707,0.175,6393.0
2026-02-15 04:00:00+00:00,0.1767,0.1834,0.1765,0.1834,15473.0
2026-02-15 08:00:00+00:00,0.1836,0.1848,0.176,0.1798,1753.0
2026-02-15 12:00:00+00:00,0.1758,0.1777,0.1714,0.1715,2069.0
2026-02-15 16:00:00+00:00,0.1715,0.1715,0.1675,0.1676,12901.0
2026-02-15 20:00:00+00:00,0.1677,0.1712,0.1677,0.1712,33985.0
2026-02-16 00:00:00+00:00,0.1688,0.1737,0.1688,0.1737,525.0
2026-02-16 04:00:00+00:00,0.1692,0.1738,0.1678,0.1738,445.0
2026-02-16 08:00:00+00:00,0.1688,0.1726,0.1675,0.1675,1571.0
2026-02-16 12:00:00+00:00,0.1692,0.1747,0.1665,0.1676,5776.0
2026-02-16 16:00:00+00:00,0.1676,0.1693,0.1657,0.1693,4032.0
2026-02-16 20:00:00+00:00,0.1699,0.17,0.1659,0.17,26274.0
2026-02-17 00:00:00+00:00,0.1691,0.1703,0.168,0.1685,4377.0
2026-02-17 04:00:00+00:00,0.1681,0.1681,0.166,0.168,2452.0
2026-02-17 08:00:00+00:00,0.1654,0.1663,0.1651,0.1654,1993.0
2026-02-17 12:00:00+00:00,0.1694,0.1694,0.1648,0.1657,269.0
2026-02-17 16:00:00+00:00,0.1691,0.1694,0.1636,0.168,39911.0
2026-02-17 20:00:00+00:00,0.1675,0.1684,0.1652,0.1684,11516.0
2026-02-18 00:00:00+00:00,0.1662,0.168,0.1647,0.1652,1997.0
2026-02-18 04:00:00+00:00,0.1664,0.1682,0.1655,0.1682,1255.0
2026-02-18 08:00:00+00:00,0.1668,0.1683,0.1656,0.1664,5184.0
2026-02-18 12:00:00+00:00,0.1651,0.1677,0.1642,0.167,3976.0
2026-02-18 16:00:00+00:00,0.1658,0.1658,0.1615,0.1615,30911.0
2026-02-18 20:00:00+00:00,0.1623,0.1623,0.161,0.162,99421.0
2026-02-19 00:00:00+00:00,0.1609,0.1627,0.1601,0.1621,8637.0
2026-02-19 04:00:00+00:00,0.1619,0.1619,0.1604,0.1616,357.0
2026-02-19 08:00:00+00:00,0.1601,0.1601,0.1596,0.1596,30509.0
2026-02-19 12:00:00+00:00,0.1598,0.1602,0.1572,0.1581,13709.0
2026-02-19 16:00:00+00:00,0.1572,0.1599,0.1572,0.1596,4173.0
2026-02-19 20:00:00+00:00,0.1597,0.1598,0.1578,0.159,3719.0
2026-02-20 00:00:00+00:00,0.1586,0.1603,0.1586,0.1594,2360.0
2026-02-20 04:00:00+00:00,0.1603,0.1617,0.1589,0.1608,5804.0
2026-02-20 08:00:00+00:00,0.1611,0.1611,0.1611,0.1611,1321.0
2026-02-20 12:00:00+00:00,0.1587,0.1638,0.1587,0.1637,2260.0
2026-02-20 16:00:00+00:00,0.1637,0.1654,0.1618,0.1622,50237.0
2026-02-20 20:00:00+00:00,0.1624,0.1627,0.1606,0.1619,2641.0
2026-02-21 00:00:00+00:00,0.1619,0.163,0.1616,0.1627,4885.0
2026-02-21 04:00:00+00:00,0.1619,0.1619,0.1614,0.1614,1678.0
2026-02-21 08:00:00+00:00,0.1631,0.1631,0.1631,0.1631,560.0
2026-02-21 12:00:00+00:00,0.1631,0.1643,0.1631,0.1637,4572.0
2026-02-21 16:00:00+00:00,0.1622,0.1637,0.1616,0.1635,26115.0
2026-02-21 20:00:00+00:00,0.1627,0.1627,0.1611,0.1621,17300.0
2026-02-22 00:00:00+00:00,0.161,0.165,0.1539,0.1549,233245.0
2026-02-22 04:00:00+00:00,0.1567,0.1567,0.1553,0.1556,2079.0
2026-02-22 08:00:00+00:00,0.1561,0.1568,0.1561,0.1568,601.0
2026-02-22 12:00:00+00:00,0.1555,0.1555,0.1541,0.1541,878.0
2026-02-22 16:00:00+00:00,0.1549,0.1578,0.1528,0.1546,5868.0
2026-02-22 20:00:00+00:00,0.1553,0.1555,0.1541,0.1551,5610.0
2026-02-23 00:00:00+00:00,0.1551,0.1551,0.1496,0.1501,65332.0
2026-02-23 04:00:00+00:00,0.1511,0.1537,0.1498,0.1537,35298.0
2026-02-23 08:00:00+00:00,0.1532,0.1567,0.1532,0.1564,11405.0
2026-02-23 12:00:00+00:00,0.1561,0.1578,0.1543,0.1548,128504.0
2026-02-23 16:00:00+00:00,0.152,0.1523,0.149,0.1518,50960.0
2026-02-23 20:00:00+00:00,0.1509,0.153,0.1507,0.152,40529.0
2026-02-24 00:00:00+00:00,0.1519,0.1535,0.1504,0.1504,6286.0
2026-02-24 04:00:00+00:00,0.1505,0.1505,0.1488,0.1496,1579.0
2026-02-24 08:00:00+00:00,0.1493,0.1493,0.1487,0.149,1754.0
2026-02-24 12:00:00+00:00,0.1483,0.1509,0.148,0.1505,9182.0
2026-02-24 16:00:00+00:00,0.15,0.1524,0.1498,0.15,16896.0
2026-02-24 20:00:00+00:00,0.1503,0.1533,0.1493,0.1493,1261.0
2026-02-25 00:00:00+00:00,0.1522,0.1572,0.1493,0.1534,137900.0
2026-02-25 04:00:00+00:00,0.1537,0.1555,0.1515,0.1555,160754.0
2026-02-25 08:00:00+00:00,0.1552,0.1554,0.1532,0.1545,90712.0
2026-02-25 12:00:00+00:00,0.1546,0.162,0.1546,0.162,36125.0
2026-02-25 16:00:00+00:00,0.1622,0.1677,0.1622,0.1659,15104.0
2026-02-25 20:00:00+00:00,0.167,0.169,0.1611,0.1611,89458.0
2026-02-26 00:00:00+00:00,0.161,0.1647,0.161,0.1629,25412.0
2026-02-26 04:00:00+00:00,0.165,0.1657,0.1625,0.1626,184975.0
2026-02-26 08:00:00+00:00,0.1627,0.1644,0.1627,0.1644,66499.0
2026-02-26 12:00:00+00:00,0.1631,0.1651,0.1606,0.1606,414.0
2026-02-26 16:00:00+00:00,0.1657,0.1657,0.1586,0.1613,18789.0
2026-02-26 20:00:00+00:00,0.1617,0.1628,0.1601,0.1622,11239.0
2026-02-27 00:00:00+00:00,0.1614,0.1634,0.1609,0.1634,13300.0
2026-02-27 04:00:00+00:00,0.1634,0.1658,0.1634,0.1635,498.0
2026-02-27 08:00:00+00:00,0.1659,0.1665,0.1591,0.1591,62748.0
2026-02-27 12:00:00+00:00,0.1589,0.1592,0.1577,0.1577,1993.0
2026-02-27 16:00:00+00:00,0.1581,0.1588,0.157,0.1578,117142.0
2026-02-27 20:00:00+00:00,0.1568,0.16,0.1556,0.16,1250.0
2026-02-28 00:00:00+00:00,0.1588,0.16,0.1586,0.1589,4044.0
2026-02-28 04:00:00+00:00,0.1582,0.1582,0.15,0.1515,118961.0
2026-02-28 08:00:00+00:00,0.1497,0.1498,0.1477,0.1498,203935.0
2026-02-28 12:00:00+00:00,0.1491,0.1521,0.1478,0.1508,5060.0
2026-02-28 16:00:00+00:00,0.1508,0.1558,0.1508,0.1558,17036.0
2026-02-28 20:00:00+00:00,0.1562,0.1599,0.1527,0.1599,7710.0
2026-03-01 00:00:00+00:00,0.1596,0.164,0.1584,0.1637,2089.0
2026-03-01 04:00:00+00:00,0.1619,0.162,0.1594,0.1594,33407.0
2026-03-01 08:00:00+00:00,0.1593,0.1593,0.1559,0.1587,8295.0
2026-03-01 12:00:00+00:00,0.1589,0.1602,0.158,0.1591,222242.0
2026-03-01 16:00:00+00:00,0.1585,0.1586,0.1545,0.1545,1302.0
2026-03-01 20:00:00+00:00,0.153,0.1559,0.152,0.1545,12032.0
2026-03-02 00:00:00+00:00,0.1536,0.1581,0.1535,0.1581,3494.0
2026-03-02 04:00:00+00:00,0.1556,0.1556,0.1528,0.1528,213.0
2026-03-02 08:00:00+00:00,0.152,0.1543,0.152,0.1538,53257.0
2026-03-02 12:00:00+00:00,0.1535,0.1613,0.1535,0.161,54860.0
2026-03-02 16:00:00+00:00,0.162,0.162,0.157,0.1596,24151.0
2026-03-02 20:00:00+00:00,0.1599,0.1599,0.1574,0.1574,4034.0
2026-03-03 00:00:00+00:00,0.1545,0.1546,0.1527,0.1528,26188.0
2026-03-03 04:00:00+00:00,0.152,0.1526,0.1517,0.1517,1340.0
2026-03-03 08:00:00+00:00,0.1505,0.1507,0.1496,0.1501,45323.0
2026-03-03 12:00:00+00:00,0.1514,0.1524,0.1489,0.1508,3930.0
2026-03-03 16:00:00+00:00,0.1529,0.1537,0.1505,0.1531,525.0
2026-03-03 20:00:00+00:00,0.1514,0.1522,0.1497,0.1522,11294.0
2026-03-04 00:00:00+00:00,0.1516,0.1536,0.1506,0.1506,140520.0
2026-03-04 04:00:00+00:00,0.1498,0.1511,0.1498,0.1511,110556.0
2026-03-04 08:00:00+00:00,0.1545,0.1571,0.1545,0.1553,14398.0
2026-03-04 12:00:00+00:00,0.1553,0.16,0.1539,0.16,7303.0
2026-03-04 16:00:00+00:00,0.1607,0.1656,0.158,0.165,12698.0
2026-03-04 20:00:00+00:00,0.1641,0.1657,0.1591,0.1591,4640.0
2026-03-05 00:00:00+00:00,0.1589,0.1599,0.1578,0.1583,2305.0
2026-03-05 04:00:00+00:00,0.1586,0.1596,0.1586,0.1596,4372.0
2026-03-05 08:00:00+00:00,0.1583,0.159,0.1583,0.159,1249.0
2026-03-05 12:00:00+00:00,0.1599,0.1601,0.157,0.157,39884.0
2026-03-05 16:00:00+00:00,0.1565,0.1573,0.1538,0.1573,53803.0
2026-03-05 20:00:00+00:00,0.1584,0.1584,0.1556,0.1569,3232.0
2026-03-06 00:00:00+00:00,0.1582,0.1588,0.1566,0.1586,13433.0
2026-03-06 04:00:00+00:00,0.1593,0.1602,0.1593,0.1602,1432.0
2026-03-06 08:00:00+00:00,0.1602,0.1602,0.1602,0.1602,0.0
2026-03-06 12:00:00+00:00,0.1554,0.1584,0.152,0.1526,25739.0
2026-03-06 16:00:00+00:00,0.1521,0.1521,0.1514,0.1517,34650.0
2026-03-06 20:00:00+00:00,0.1522,0.1528,0.1507,0.1523,2514.0
2026-03-07 00:00:00+00:00,0.153,0.1536,0.1499,0.1527,7941.0
2026-03-07 04:00:00+00:00,0.1524,0.1535,0.1503,0.1529,178725.0
2026-03-07 08:00:00+00:00,0.1526,0.1526,0.1515,0.1519,1510.0
2026-03-07 12:00:00+00:00,0.1515,0.1525,0.1498,0.1511,7832.0
2026-03-07 16:00:00+00:00,0.1502,0.1512,0.1496,0.1496,27843.0
2026-03-07 20:00:00+00:00,0.1502,0.1527,0.1494,0.1502,4678.0
2026-03-08 00:00:00+00:00,0.1512,0.1513,0.1482,0.1493,8223.0
2026-03-08 04:00:00+00:00,0.1478,0.1496,0.1478,0.1496,2468.0
2026-03-08 08:00:00+00:00,0.1504,0.1511,0.1504,0.1511,248.0
2026-03-08 12:00:00+00:00,0.1511,0.1511,0.1478,0.1478,1602.0
2026-03-08 16:00:00+00:00,0.149,0.149,0.1479,0.1486,913.0
2026-03-08 20:00:00+00:00,0.149,0.1507,0.1472,0.1503,10457.0
2026-03-09 00:00:00+00:00,0.1495,0.1524,0.1483,0.1504,842.0
2026-03-09 04:00:00+00:00,0.1524,0.1524,0.1489,0.1518,5829.0
2026-03-09 08:00:00+00:00,0.1506,0.1506,0.1506,0.1506,63.0
2026-03-09 12:00:00+00:00,0.1508,0.1532,0.1494,0.1494,44039.0
2026-03-09 16:00:00+00:00,0.1491,0.1541,0.1481,0.1541,16510.0
2026-03-09 20:00:00+00:00,0.1517,0.1529,0.1506,0.1507,6596.0
2026-03-10 00:00:00+00:00,0.1513,0.1552,0.1509,0.1521,7723.0
2026-03-10 04:00:00+00:00,0.1538,0.1561,0.1527,0.1554,14575.0
2026-03-10 08:00:00+00:00,0.1562,0.1623,0.1558,0.1594,2425.0
2026-03-10 12:00:00+00:00,0.1612,0.1677,0.1576,0.1649,3009.0
2026-03-10 16:00:00+00:00,0.1655,0.1677,0.1607,0.1607,10619.0
2026-03-10 20:00:00+00:00,0.1604,0.1615,0.1593,0.1593,1832.0
2026-03-11 00:00:00+00:00,0.1595,0.1595,0.1563,0.1563,2890.0
2026-03-11 04:00:00+00:00,0.1582,0.1582,0.156,0.156,163.0
2026-03-11 08:00:00+00:00,0.1552,0.1572,0.1552,0.1572,991.0
2026-03-11 12:00:00+00:00,0.1574,0.1628,0.1552,0.1598,13166.0
2026-03-11 16:00:00+00:00,0.1586,0.1628,0.1575,0.16,3523.0
2026-03-11 20:00:00+00:00,0.1586,0.1615,0.1577,0.1612,2997.0
2026-03-12 00:00:00+00:00,0.1588,0.1609,0.1576,0.1576,1839.0
2026-03-12 04:00:00+00:00,0.1571,0.16,0.1561,0.1574,3864.0
2026-03-12 08:00:00+00:00,0.1564,0.1598,0.1564,0.1598,8206.0
2026-03-12 12:00:00+00:00,0.1596,0.1602,0.1566,0.1585,7973.0
2026-03-12 16:00:00+00:00,0.1564,0.1609,0.1551,0.1603,1884.0
2026-03-12 20:00:00+00:00,0.1584,0.1607,0.1584,0.1602,5704.0
2026-03-13 00:00:00+00:00,0.1602,0.1636,0.1602,0.1621,5547.0
2026-03-13 04:00:00+00:00,0.1632,0.1632,0.1594,0.1594,770.0
2026-03-13 08:00:00+00:00,0.1615,0.1655,0.1615,0.1655,1804.0
2026-03-13 12:00:00+00:00,0.1661,0.168,0.1629,0.1629,46331.0
2026-03-13 16:00:00+00:00,0.1635,0.1648,0.1617,0.1621,13516.0
2026-03-13 20:00:00+00:00,0.162,0.1659,0.162,0.1647,9161.0
2026-03-14 00:00:00+00:00,0.1639,0.1666,0.1635,0.1645,2723.0
2026-03-14 04:00:00+00:00,0.1641,0.166,0.163,0.163,2207.0
2026-03-14 08:00:00+00:00,0.1627,0.1627,0.1627,0.1627,368.0
2026-03-14 12:00:00+00:00,0.1609,0.164,0.1609,0.164,6453.0
2026-03-14 16:00:00+00:00,0.1622,0.1653,0.1622,0.1634,2124.0
2026-03-14 20:00:00+00:00,0.1638,0.1657,0.1619,0.1654,4700.0
2026-03-15 00:00:00+00:00,0.1665,0.1689,0.1637,0.1685,10796.0
2026-03-15 04:00:00+00:00,0.1685,0.169,0.1677,0.169,9434.0
2026-03-15 08:00:00+00:00,0.1676,0.1682,0.1676,0.1682,148.0
2026-03-15 12:00:00+00:00,0.167,0.1685,0.167,0.1672,2645.0
2026-03-15 16:00:00+00:00,0.1671,0.1679,0.1636,0.1661,2661.0
2026-03-15 20:00:00+00:00,0.1689,0.1717,0.1675,0.1675,6325.0
2026-03-16 00:00:00+00:00,0.1683,0.171,0.1673,0.171,2935.0
2026-03-16 04:00:00+00:00,0.1696,0.1731,0.1678,0.1728,3541.0
2026-03-16 08:00:00+00:00,0.1737,0.1741,0.1707,0.171,6503.0
2026-03-16 12:00:00+00:00,0.1728,0.1753,0.172,0.1753,21339.0
2026-03-16 16:00:00+00:00,0.1712,0.1759,0.1712,0.1745,114761.0
2026-03-16 20:00:00+00:00,0.1754,0.1769,0.1724,0.1759,4021.0
2026-03-17 00:00:00+00:00,0.1766,0.1819,0.1735,0.1735,16984.0
2026-03-17 04:00:00+00:00,0.1772,0.1772,0.173,0.1767,3741.0
2026-03-17 08:00:00+00:00,0.1745,0.1748,0.1737,0.1737,874.0
2026-03-17 12:00:00+00:00,0.1728,0.177,0.1712,0.1712,7873.0
2026-03-17 16:00:00+00:00,0.173,0.1776,0.1728,0.1728,3003.0
2026-03-17 20:00:00+00:00,0.1757,0.1758,0.1712,0.1749,3230.0
2026-03-18 00:00:00+00:00,0.1747,0.1771,0.1729,0.1757,1470.0
2026-03-18 04:00:00+00:00,0.1731,0.1757,0.1726,0.1757,1054.0
2026-03-18 08:00:00+00:00,0.1723,0.1723,0.1723,0.1723,29.0
2026-03-18 12:00:00+00:00,0.1702,0.1724,0.1657,0.1657,7537.0
2026-03-18 16:00:00+00:00,0.168,0.1684,0.1679,0.1684,2748.0
2026-03-18 20:00:00+00:00,0.1676,0.171,0.1676,0.1689,27400.0
2026-03-19 00:00:00+00:00,0.1698,0.1701,0.1681,0.1701,4932.0
2026-03-19 04:00:00+00:00,0.1698,0.1698,0.1674,0.1674,2847.0
2026-03-19 08:00:00+00:00,0.1675,0.1682,0.1669,0.1681,24236.0
2026-03-19 12:00:00+00:00,0.1654,0.1687,0.1622,0.1642,4697.0
2026-03-19 16:00:00+00:00,0.1642,0.1662,0.1625,0.1662,3793.0
2026-03-19 20:00:00+00:00,0.1656,0.1656,0.1625,0.1625,1301.0
2026-03-20 00:00:00+00:00,0.1629,0.1674,0.1624,0.166,2666.0
2026-03-20 04:00:00+00:00,0.1659,0.1659,0.1659,0.1659,3231.0
2026-03-20 08:00:00+00:00,0.1649,0.1649,0.1649,0.1649,3075.0
2026-03-20 12:00:00+00:00,0.1676,0.1677,0.1626,0.1642,4015.0
2026-03-20 16:00:00+00:00,0.1669,0.1669,0.1669,0.1669,240.0
2026-03-20 20:00:00+00:00,0.1625,0.1659,0.1625,0.1651,1699.0
2026-03-21 00:00:00+00:00,0.1668,0.1668,0.1628,0.1658,414.0
2026-03-21 04:00:00+00:00,0.166,0.1676,0.166,0.1676,391.0
2026-03-21 08:00:00+00:00,0.1652,0.1652,0.1652,0.1652,79.0
2026-03-21 12:00:00+00:00,0.1657,0.1662,0.1644,0.165,2377.0
2026-03-21 16:00:00+00:00,0.165,0.1666,0.165,0.1655,3054.0
2026-03-21 20:00:00+00:00,0.1661,0.1676,0.1622,0.1622,5697.0
2026-03-22 00:00:00+00:00,0.1615,0.1632,0.1611,0.1619,38113.0
2026-03-22 04:00:00+00:00,0.162,0.1628,0.1616,0.1616,14819.0
2026-03-22 08:00:00+00:00,0.16,0.1638,0.1585,0.1591,15369.0
2026-03-22 12:00:00+00:00,0.1598,0.1619,0.159,0.1592,47057.0
2026-03-22 16:00:00+00:00,0.1592,0.1592,0.1565,0.1575,12680.0
2026-03-22 20:00:00+00:00,0.1573,0.1581,0.1555,0.1567,13852.0
2026-03-23 00:00:00+00:00,0.1569,0.1581,0.1551,0.1569,1916.0
2026-03-23 04:00:00+00:00,0.1583,0.1583,0.157,0.157,45231.0
2026-03-23 08:00:00+00:00,0.1559,0.164,0.1559,0.1622,3904.0
2026-03-23 12:00:00+00:00,0.164,0.1677,0.1622,0.1657,42762.0
2026-03-23 16:00:00+00:00,0.1666,0.1666,0.1637,0.1639,9083.0
2026-03-23 20:00:00+00:00,0.1662,0.1678,0.1657,0.1669,7718.0
2026-03-24 00:00:00+00:00,0.1657,0.1676,0.1634,0.1644,8953.0
2026-03-24 04:00:00+00:00,0.1645,0.1668,0.1645,0.1663,568.0
2026-03-24 08:00:00+00:00,0.1673,0.168,0.1662,0.167,27158.0
2026-03-24 12:00:00+00:00,0.1674,0.1674,0.1674,0.1674,3595.0
