timestamp,open,high,low,close,volume
2024-01-02 00:00:00+00:00,95.0,99.46,93.32,95.0,1342155.0
2024-01-02 04:00:00+00:00,95.0,99.05,94.87,98.76,1047743.0
2024-01-02 08:00:00+00:00,98.76,103.53,96.33,97.52,1824078.0
2024-01-02 12:00:00+00:00,97.52,111.85,95.34,103.79,769902.0
2024-01-02 16:00:00+00:00,103.79,121.94,101.76,121.3,1006651.0
2024-01-02 20:00:00+00:00,121.3,127.6,114.39,117.61,1808280.0
2024-01-03 00:00:00+00:00,117.61,118.41,112.8,113.95,1069398.0
2024-01-03 04:00:00+00:00,113.95,138.94,113.47,138.7,3290034.0
2024-01-03 08:00:00+00:00,138.7,155.56,137.85,154.72,962557.0
2024-01-03 12:00:00+00:00,154.72,156.69,143.14,143.9,1177151.0
2024-01-03 16:00:00+00:00,143.9,155.77,143.76,155.69,785462.0
2024-01-03 20:00:00+00:00,155.69,157.02,143.37,144.95,1211255.0
2024-01-04 00:00:00+00:00,144.95,149.12,128.07,134.92,576625.0
2024-01-04 04:00:00+00:00,134.92,140.11,134.54,139.91,870552.0
2024-01-04 08:00:00+00:00,139.91,140.85,97.39,99.86,906466.0
2024-01-04 12:00:00+00:00,99.86,102.03,72.18,74.1,2509616.0
2024-01-04 16:00:00+00:00,74.1,76.64,66.33,67.91,1789393.0
2024-01-04 20:00:00+00:00,67.91,69.71,55.46,57.65,611770.0
2024-01-05 00:00:00+00:00,57.65,61.1,57.45,60.42,2229173.0
2024-01-05 04:00:00+00:00,60.42,61.62,49.33,52.25,4900046.0
2024-01-05 08:00:00+00:00,52.25,53.33,40.92,41.24,1670477.0
2024-01-05 12:00:00+00:00,41.24,50.45,41.18,50.34,1206714.0
2024-01-05 16:00:00+00:00,50.34,50.55,48.26,48.7,4508265.0
2024-01-05 20:00:00+00:00,48.7,49.8,48.01,49.24,534616.0
2024-01-06 00:00:00+00:00,49.24,49.4,38.78,38.88,1648180.0
2024-01-06 04:00:00+00:00,38.88,39.29,35.39,35.75,1357906.0
2024-01-06 08:00:00+00:00,35.75,36.62,35.19,36.39,2064573.0
2024-01-06 12:00:00+00:00,36.39,36.47,30.14,30.18,1809418.0
2024-01-06 16:00:00+00:00,30.18,32.07,29.82,31.93,914261.0
2024-01-06 20:00:00+00:00,31.93,32.63,28.88,29.09,786904.0
2024-01-07 00:00:00+00:00,29.09,29.23,27.61,27.86,949915.0
2024-01-07 04:00:00+00:00,27.86,27.87,25.37,25.39,765431.0
2024-01-07 08:00:00+00:00,25.39,32.5,25.38,32.48,1882522.0
2024-01-07 12:00:00+00:00,32.48,32.64,32.33,32.47,755298.0
2024-01-07 16:00:00+00:00,32.47,33.65,27.02,27.45,693359.0
2024-01-07 20:00:00+00:00,27.45,30.94,27.36,30.88,2575383.0
2024-01-08 00:00:00+00:00,30.88,31.18,25.01,25.28,1204235.0
2024-01-08 04:00:00+00:00,25.28,26.17,25.2,26.11,582936.0
2024-01-08 08:00:00+00:00,26.11,26.25,18.43,18.48,1725332.0
2024-01-08 12:00:00+00:00,18.48,18.95,14.65,14.83,1647894.0
2024-01-08 16:00:00+00:00,14.83,15.6,14.74,15.29,456787.0
2024-01-08 20:00:00+00:00,15.29,17.04,15.28,17.01,1578903.0
2024-01-09 00:00:00+00:00,17.01,17.57,16.91,17.48,641280.0
2024-01-09 04:00:00+00:00,17.48,17.49,17.2,17.21,2462141.0
2024-01-09 08:00:00+00:00,17.21,17.3,16.34,16.47,1467268.0
2024-01-09 12:00:00+00:00,16.47,16.66,12.72,12.85,1358942.0
2024-01-09 16:00:00+00:00,12.85,12.86,11.46,11.49,908223.0
2024-01-09 20:00:00+00:00,11.49,11.51,10.67,10.71,1140133.0
2024-01-10 00:00:00+00:00,10.71,12.46,10.63,12.43,2012612.0
2024-01-10 04:00:00+00:00,12.43,13.42,12.11,13.1,1145748.0
2024-01-10 08:00:00+00:00,13.1,13.94,9.32,9.66,1603585.0
2024-01-10 12:00:00+00:00,9.66,10.16,9.66,10.15,1185851.0
2024-01-10 16:00:00+00:00,10.15,10.25,9.41,9.58,863124.0
2024-01-10 20:00:00+00:00,9.58,9.65,8.61,8.63,1093861.0
2024-01-11 00:00:00+00:00,8.63,9.5,8.6,9.44,451558.0
2024-01-11 04:00:00+00:00,9.44,11.06,9.3,10.92,2391962.0
2024-01-11 08:00:00+00:00,10.92,12.75,10.62,12.46,1654773.0
2024-01-11 12:00:00+00:00,12.46,12.79,10.55,10.92,931675.0
2024-01-11 16:00:00+00:00,10.92,11.05,10.38,10.44,2927892.0
2024-01-11 20:00:00+00:00,10.44,11.03,10.4,10.97,1206544.0
2024-01-12 00:00:00+00:00,10.97,12.77,10.78,12.6,860806.0
2024-01-12 04:00:00+00:00,12.6,12.62,11.67,11.72,1856292.0
2024-01-12 08:00:00+00:00,11.72,11.79,11.3,11.42,1314682.0
2024-01-12 12:00:00+00:00,11.42,11.45,9.48,9.55,1817068.0
2024-01-12 16:00:00+00:00,9.55,9.62,7.74,7.85,1238386.0
2024-01-12 20:00:00+00:00,7.85,8.85,7.83,8.83,1718300.0
2024-01-13 00:00:00+00:00,8.83,10.67,8.82,10.64,1418117.0
2024-01-13 04:00:00+00:00,10.64,10.86,10.23,10.55,1355193.0
2024-01-13 08:00:00+00:00,10.55,12.15,10.54,12.14,560462.0
2024-01-13 12:00:00+00:00,12.14,12.9,12.04,12.82,940856.0
2024-01-13 16:00:00+00:00,12.82,12.86,11.58,11.61,3038207.0
2024-01-13 20:00:00+00:00,11.61,12.27,11.6,12.26,796367.0
2024-01-14 00:00:00+00:00,12.26,15.12,12.26,15.11,1255571.0
2024-01-14 04:00:00+00:00,15.11,15.14,15.03,15.06,807459.0
2024-01-14 08:00:00+00:00,15.06,19.09,14.87,18.58,926025.0
2024-01-14 12:00:00+00:00,18.58,18.62,11.26,11.31,720340.0
2024-01-14 16:00:00+00:00,11.31,13.26,11.1,12.73,1225896.0
2024-01-14 20:00:00+00:00,12.73,13.09,12.67,12.92,1118431.0
2024-01-15 00:00:00+00:00,12.92,13.0,12.3,12.37,1098665.0
2024-01-15 04:00:00+00:00,12.37,12.65,12.24,12.56,973851.0
2024-01-15 08:00:00+00:00,12.56,12.66,8.81,8.87,1924134.0
2024-01-15 12:00:00+00:00,8.87,9.03,8.5,8.59,1823125.0
2024-01-15 16:00:00+00:00,8.59,9.09,8.56,9.07,1060346.0
2024-01-15 20:00:00+00:00,9.07,11.15,9.03,11.09,1253737.0
2024-01-16 00:00:00+00:00,11.09,11.21,9.9,10.25,1066753.0
2024-01-16 04:00:00+00:00,10.25,10.4,8.63,9.03,1814816.0
2024-01-16 08:00:00+00:00,9.03,9.23,8.18,8.36,2472466.0
2024-01-16 12:00:00+00:00,8.36,9.59,8.33,9.53,1035242.0
2024-01-16 16:00:00+00:00,9.53,10.12,9.34,10.01,1211662.0
2024-01-16 20:00:00+00:00,10.01,10.11,9.21,9.23,1460527.0
2024-01-17 00:00:00+00:00,9.23,10.03,9.17,9.96,752516.0
2024-01-17 04:00:00+00:00,9.96,10.15,9.94,10.12,1059507.0
2024-01-17 08:00:00+00:00,10.12,11.65,9.99,11.6,691188.0
2024-01-17 12:00:00+00:00,11.6,11.64,10.39,10.4,541321.0
2024-01-17 16:00:00+00:00,10.4,10.44,9.86,9.9,1372536.0
2024-01-17 20:00:00+00:00,9.9,10.04,9.11,9.34,967026.0
2024-01-18 00:00:00+00:00,9.34,9.36,7.29,7.3,1829863.0
2024-01-18 04:00:00+00:00,7.3,7.65,7.3,7.64,1127792.0
2024-01-18 08:00:00+00:00,7.64,7.95,7.63,7.95,688656.0
2024-01-18 12:00:00+00:00,7.95,8.19,7.72,7.97,984318.0
2024-01-18 16:00:00+00:00,7.97,8.02,7.64,7.7,593507.0
2024-01-18 20:00:00+00:00,7.7,7.76,6.07,6.09,3263167.0
2024-01-19 00:00:00+00:00,6.09,6.19,5.62,5.72,601524.0
2024-01-19 04:00:00+00:00,5.72,5.83,5.34,5.43,1042704.0
2024-01-19 08:00:00+00:00,5.43,5.46,4.77,4.78,805735.0
2024-01-19 12:00:00+00:00,4.78,4.87,4.65,4.68,1421052.0
2024-01-19 16:00:00+00:00,4.68,5.01,4.58,4.96,1004583.0
2024-01-19 20:00:00+00:00,4.96,6.46,4.93,6.38,1429565.0
2024-01-20 00:00:00+00:00,6.38,6.57,6.37,6.55,1658471.0
2024-01-20 04:00:00+00:00,6.55,6.95,6.41,6.81,1136401.0
2024-01-20 08:00:00+00:00,6.81,6.85,6.68,6.75,1333155.0
2024-01-20 12:00:00+00:00,6.75,6.78,4.82,4.83,1133197.0
2024-01-20 16:00:00+00:00,4.83,4.86,4.79,4.82,499455.0
2024-01-20 20:00:00+00:00,4.82,4.87,4.82,4.87,1087111.0
2024-01-21 00:00:00+00:00,4.87,6.65,4.86,6.63,1779533.0
2024-01-21 04:00:00+00:00,6.63,6.78,6.4,6.45,1481347.0
2024-01-21 08:00:00+00:00,6.45,6.75,6.44,6.75,1094589.0
2024-01-21 12:00:00+00:00,6.75,6.8,6.7,6.72,1121451.0
2024-01-21 16:00:00+00:00,6.72,6.8,5.55,5.57,672887.0
2024-01-21 20:00:00+00:00,5.57,6.53,5.56,6.53,3901546.0
2024-01-22 00:00:00+00:00,6.53,7.42,6.19,7.27,1235913.0
2024-01-22 04:00:00+00:00,7.27,8.17,7.26,8.14,1926533.0
2024-01-22 08:00:00+00:00,8.14,8.17,7.02,7.04,925605.0
2024-01-22 12:00:00+00:00,7.04,8.58,7.03,8.53,1906589.0
2024-01-22 16:00:00+00:00,8.53,8.55,6.73,6.74,848510.0
2024-01-22 20:00:00+00:00,6.74,7.35,6.74,7.34,1588604.0
2024-01-23 00:00:00+00:00,7.34,9.88,7.24,9.76,1664535.0
2024-01-23 04:00:00+00:00,9.76,10.16,8.1,8.32,1463884.0
2024-01-23 08:00:00+00:00,8.32,8.35,7.61,7.62,1774580.0
2024-01-23 12:00:00+00:00,7.62,7.87,7.58,7.75,565797.0
2024-01-23 16:00:00+00:00,7.75,7.87,7.09,7.17,867976.0
2024-01-23 20:00:00+00:00,7.17,7.37,5.46,5.51,2130254.0
2024-01-24 00:00:00+00:00,5.51,5.59,5.47,5.57,2951645.0
2024-01-24 04:00:00+00:00,5.57,5.58,4.67,4.7,1372604.0
2024-01-24 08:00:00+00:00,4.7,5.05,4.67,5.04,1634234.0
2024-01-24 12:00:00+00:00,5.04,5.07,4.27,4.35,1337343.0
2024-01-24 16:00:00+00:00,4.35,5.44,4.26,5.36,4490562.0
2024-01-24 20:00:00+00:00,5.36,5.37,4.73,4.74,563359.0
2024-01-25 00:00:00+00:00,4.74,4.77,4.5,4.51,1197346.0
2024-01-25 04:00:00+00:00,4.51,5.17,4.39,5.07,607322.0
2024-01-25 08:00:00+00:00,5.07,5.16,4.07,4.14,442904.0
2024-01-25 12:00:00+00:00,4.14,4.47,3.97,4.28,1282523.0
2024-01-25 16:00:00+00:00,4.28,5.18,4.2,5.13,1706090.0
2024-01-25 20:00:00+00:00,5.13,5.16,3.88,3.9,1492051.0
2024-01-26 00:00:00+00:00,3.9,4.05,3.87,4.01,1029884.0
2024-01-26 04:00:00+00:00,4.01,4.19,3.94,4.17,5272011.0
2024-01-26 08:00:00+00:00,4.17,4.67,4.17,4.66,1190746.0
2024-01-26 12:00:00+00:00,4.66,4.7,3.77,3.8,2004993.0
2024-01-26 16:00:00+00:00,3.8,3.82,3.0,3.05,1150020.0
2024-01-26 20:00:00+00:00,3.05,3.3,3.05,3.29,1434869.0
2024-01-27 00:00:00+00:00,3.29,3.49,3.24,3.44,1009099.0
2024-01-27 04:00:00+00:00,3.44,3.62,3.42,3.58,908800.0
2024-01-27 08:00:00+00:00,3.58,3.9,3.49,3.77,2877944.0
2024-01-27 12:00:00+00:00,3.77,3.77,3.38,3.39,2346919.0
2024-01-27 16:00:00+00:00,3.39,3.52,3.38,3.51,1186165.0
2024-01-27 20:00:00+00:00,3.51,3.7,3.48,3.67,358685.0
2024-01-28 00:00:00+00:00,3.67,3.69,3.27,3.28,1100422.0
2024-01-28 04:00:00+00:00,3.28,4.28,3.26,4.2,7119992.0
2024-01-28 08:00:00+00:00,4.2,4.53,4.11,4.5,1084143.0
2024-01-28 12:00:00+00:00,4.5,4.51,3.7,3.7,2660634.0
2024-01-28 16:00:00+00:00,3.7,4.1,3.67,4.07,2671315.0
2024-01-28 20:00:00+00:00,4.07,4.11,3.47,3.48,1601020.0
2024-01-29 00:00:00+00:00,3.48,3.91,3.46,3.9,891367.0
2024-01-29 04:00:00+00:00,3.9,4.64,3.74,4.58,451313.0
2024-01-29 08:00:00+00:00,4.58,4.65,3.94,4.02,1922464.0
2024-01-29 12:00:00+00:00,4.02,4.69,3.99,4.61,956425.0
2024-01-29 16:00:00+00:00,4.61,4.95,4.54,4.9,1299217.0
2024-01-29 20:00:00+00:00,4.9,5.53,4.86,5.51,735476.0
2024-01-30 00:00:00+00:00,5.51,7.28,5.38,7.08,1626908.0
2024-01-30 04:00:00+00:00,7.08,7.13,6.71,6.83,1125092.0
2024-01-30 08:00:00+00:00,6.83,6.91,5.98,6.07,1526843.0
2024-01-30 12:00:00+00:00,6.07,6.13,5.11,5.27,799470.0
2024-01-30 16:00:00+00:00,5.27,5.28,4.61,4.63,2479258.0
2024-01-30 20:00:00+00:00,4.63,4.74,4.54,4.58,764416.0
2024-01-31 00:00:00+00:00,4.58,4.84,4.58,4.82,500661.0
2024-01-31 04:00:00+00:00,4.82,5.06,4.81,5.03,1069208.0
2024-01-31 08:00:00+00:00,5.03,5.68,5.0,5.66,1400782.0
2024-01-31 12:00:00+00:00,5.66,5.83,5.38,5.68,1095104.0
2024-01-31 16:00:00+00:00,5.68,7.02,5.55,6.91,3259527.0
2024-01-31 20:00:00+00:00,6.91,7.02,6.59,6.65,989939.0
2024-02-01 00:00:00+00:00,6.65,9.54,6.6,9.38,2099669.0
2024-02-01 04:00:00+00:00,9.38,10.33,9.27,10.27,741144.0
2024-02-01 08:00:00+00:00,10.27,10.58,8.71,8.97,2080814.0
2024-02-01 12:00:00+00:00,8.97,9.05,7.51,7.54,1619196.0
2024-02-01 16:00:00+00:00,7.54,8.14,7.5,8.1,990884.0
2024-02-01 20:00:00+00:00,8.1,8.13,7.84,7.85,422547.0
2024-02-02 00:00:00+00:00,7.85,8.86,7.75,8.7,2731846.0
2024-02-02 04:00:00+00:00,8.7,9.46,8.59,9.33,659558.0
2024-02-02 08:00:00+00:00,9.33,9.4,9.22,9.25,764225.0
2024-02-02 12:00:00+00:00,9.25,9.25,8.1,8.11,1640331.0
2024-02-02 16:00:00+00:00,8.11,8.3,6.2,6.28,921312.0
2024-02-02 20:00:00+00:00,6.28,6.28,5.87,5.87,566324.0
2024-02-03 00:00:00+00:00,5.87,6.75,5.83,6.64,481097.0
2024-02-03 04:00:00+00:00,6.64,7.03,6.33,6.86,1580902.0
2024-02-03 08:00:00+00:00,6.86,6.91,5.57,5.6,1183554.0
2024-02-03 12:00:00+00:00,5.6,5.77,5.58,5.75,4685309.0
2024-02-03 16:00:00+00:00,5.75,6.21,5.72,6.1,717539.0
2024-02-03 20:00:00+00:00,6.1,6.43,5.99,6.41,6293149.0
2024-02-04 00:00:00+00:00,5.3,6.12,5.26,6.12,5812994.0
2024-02-04 04:00:00+00:00,5.43,5.92,5.18,5.92,8361574.0
2024-02-04 08:00:00+00:00,5.49,5.5,4.57,4.79,8518243.0
2024-02-04 12:00:00+00:00,4.57,4.88,4.56,4.83,1585911.0
2024-02-04 16:00:00+00:00,4.83,5.31,4.76,5.25,771880.0
2024-02-04 20:00:00+00:00,5.25,6.17,5.09,6.11,748832.0
2024-02-05 00:00:00+00:00,6.11,7.11,6.1,7.09,602686.0
2024-02-05 04:00:00+00:00,7.09,7.16,5.51,5.64,530649.0
2024-02-05 08:00:00+00:00,5.64,5.71,4.84,4.86,1092148.0
2024-02-05 12:00:00+00:00,4.86,5.26,4.82,5.25,1065696.0
2024-02-05 16:00:00+00:00,5.25,5.67,5.24,5.66,903018.0
2024-02-05 20:00:00+00:00,5.66,6.17,5.49,6.11,2306905.0
2024-02-06 00:00:00+00:00,6.11,9.68,6.1,9.66,5064695.0
2024-02-06 04:00:00+00:00,9.66,10.56,9.63,10.51,1069247.0
2024-02-06 08:00:00+00:00,10.51,12.35,10.46,12.33,619149.0
2024-02-06 12:00:00+00:00,12.33,14.49,12.14,14.12,1082105.0
2024-02-06 16:00:00+00:00,14.12,15.75,14.0,15.54,963471.0
2024-02-06 20:00:00+00:00,15.54,15.73,14.55,14.84,816810.0
2024-02-07 00:00:00+00:00,14.84,16.6,14.79,16.57,951642.0
2024-02-07 04:00:00+00:00,16.57,16.65,14.47,14.69,966783.0
2024-02-07 08:00:00+00:00,14.69,14.86,14.12,14.2,905984.0
2024-02-07 12:00:00+00:00,14.2,14.37,12.88,13.2,881312.0
2024-02-07 16:00:00+00:00,13.2,13.62,12.8,13.4,1158939.0
2024-02-07 20:00:00+00:00,13.4,18.07,13.4,18.05,2445116.0
2024-02-08 00:00:00+00:00,18.05,18.28,12.91,13.04,1162437.0
2024-02-08 04:00:00+00:00,13.04,14.43,13.04,14.42,2485208.0
2024-02-08 08:00:00+00:00,14.42,14.56,10.9,10.96,1052605.0
2024-02-08 12:00:00+00:00,10.96,10.98,10.16,10.22,536593.0
2024-02-08 16:00:00+00:00,10.22,11.95,10.17,11.91,1811562.0
2024-02-08 20:00:00+00:00,11.91,12.09,11.84,12.05,688696.0
2024-02-09 00:00:00+00:00,12.05,12.1,10.0,10.15,1730130.0
2024-02-09 04:00:00+00:00,10.15,10.2,9.06,9.09,395178.0
2024-02-09 08:00:00+00:00,9.09,9.17,7.58,7.64,16193215.0
2024-02-09 12:00:00+00:00,10.04,10.09,7.43,7.43,11365743.0
2024-02-09 16:00:00+00:00,8.96,9.28,8.14,8.14,3206797.0
2024-02-09 20:00:00+00:00,9.28,9.56,8.54,8.54,3016042.0
2024-02-10 00:00:00+00:00,9.36,9.38,7.95,7.95,18193726.0
2024-02-10 04:00:00+00:00,8.48,11.31,8.45,10.72,8383342.0
2024-02-10 08:00:00+00:00,11.23,12.49,11.12,12.32,851699.0
2024-02-10 12:00:00+00:00,12.32,12.36,8.56,8.61,613240.0
2024-02-10 16:00:00+00:00,8.61,8.87,8.6,8.87,915521.0
2024-02-10 20:00:00+00:00,8.87,8.9,7.97,8.01,1151822.0
2024-02-11 00:00:00+00:00,8.01,9.33,7.79,9.05,1988724.0
2024-02-11 04:00:00+00:00,9.05,9.12,7.89,8.0,670537.0
2024-02-11 08:00:00+00:00,8.0,8.11,7.82,7.88,488518.0
2024-02-11 12:00:00+00:00,7.88,8.62,7.84,8.49,1544286.0
2024-02-11 16:00:00+00:00,8.49,9.64,8.47,9.61,2309946.0
2024-02-11 20:00:00+00:00,9.61,9.66,7.86,7.9,699035.0
2024-02-12 00:00:00+00:00,7.9,8.05,7.46,7.52,1964467.0
2024-02-12 04:00:00+00:00,7.52,7.53,7.0,7.0,1230080.0
2024-02-12 08:00:00+00:00,7.0,7.03,6.31,6.33,2222549.0
2024-02-12 12:00:00+00:00,6.33,8.06,6.32,8.02,1738670.0
2024-02-12 16:00:00+00:00,8.02,8.57,7.97,8.53,336737.0
2024-02-12 20:00:00+00:00,8.53,8.71,6.53,6.93,1447007.0
2024-02-13 00:00:00+00:00,6.93,7.91,6.93,7.9,2411121.0
2024-02-13 04:00:00+00:00,7.9,10.5,7.83,10.43,1254257.0
2024-02-13 08:00:00+00:00,10.43,12.08,10.4,12.06,1211177.0
2024-02-13 12:00:00+00:00,12.06,12.53,9.04,9.34,1536521.0
2024-02-13 16:00:00+00:00,9.34,9.35,8.66,8.68,284433.0
2024-02-13 20:00:00+00:00,8.68,10.4,8.64,10.34,3633972.0
2024-02-14 00:00:00+00:00,10.34,10.48,9.14,9.26,836664.0
2024-02-14 04:00:00+00:00,9.26,10.09,9.22,9.9,1551690.0
2024-02-14 08:00:00+00:00,9.9,11.11,9.83,11.06,1296309.0
2024-02-14 12:00:00+00:00,11.06,11.1,9.49,9.54,2648198.0
2024-02-14 16:00:00+00:00,9.54,9.62,9.45,9.47,1251917.0
2024-02-14 20:00:00+00:00,9.47,9.51,4.92,4.94,2166546.0
2024-02-15 00:00:00+00:00,4.94,4.94,4.17,4.19,931616.0
2024-02-15 04:00:00+00:00,4.19,4.22,4.01,4.03,1652881.0
2024-02-15 08:00:00+00:00,4.03,4.05,3.27,3.28,610258.0
2024-02-15 12:00:00+00:00,3.28,4.1,3.27,4.09,2401632.0
2024-02-15 16:00:00+00:00,4.09,4.13,3.18,3.22,946347.0
2024-02-15 20:00:00+00:00,3.22,3.32,2.9,3.01,2233374.0
2024-02-16 00:00:00+00:00,3.01,3.09,2.97,3.08,1151886.0
2024-02-16 04:00:00+00:00,3.08,3.74,3.07,3.74,2277565.0
2024-02-16 08:00:00+00:00,3.74,3.75,2.94,2.94,1711369.0
2024-02-16 12:00:00+00:00,2.94,3.56,2.85,3.46,635701.0
2024-02-16 16:00:00+00:00,3.46,3.48,3.45,3.47,655352.0
2024-02-16 20:00:00+00:00,3.47,3.47,2.96,2.97,2004284.0
2024-02-17 00:00:00+00:00,2.97,3.2,2.93,3.18,1316070.0
2024-02-17 04:00:00+00:00,3.18,3.32,3.16,3.27,1971520.0
2024-02-17 08:00:00+00:00,3.27,3.29,2.94,2.98,1550668.0
2024-02-17 12:00:00+00:00,2.98,3.02,2.97,3.01,637590.0
2024-02-17 16:00:00+00:00,3.01,3.02,2.84,2.84,785498.0
2024-02-17 20:00:00+00:00,2.84,2.99,2.74,2.89,1108826.0
2024-02-18 00:00:00+00:00,2.89,3.19,2.89,3.18,408272.0
2024-02-18 04:00:00+00:00,3.18,3.97,3.13,3.94,3960768.0
2024-02-18 08:00:00+00:00,3.94,4.01,3.19,3.21,1939792.0
2024-02-18 12:00:00+00:00,3.21,4.27,3.17,4.24,3622476.0
2024-02-18 16:00:00+00:00,4.24,4.26,2.99,3.0,851654.0
2024-02-18 20:00:00+00:00,3.0,3.02,2.93,2.93,1988229.0
2024-02-19 00:00:00+00:00,2.93,3.21,2.89,3.19,3861535.0
2024-02-19 04:00:00+00:00,3.19,3.4,3.13,3.33,582400.0
2024-02-19 08:00:00+00:00,3.33,3.45,2.95,3.02,1881687.0
2024-02-19 12:00:00+00:00,3.02,3.02,2.92,2.93,1093700.0
2024-02-19 16:00:00+00:00,2.93,2.93,2.7,2.71,564292.0
2024-02-19 20:00:00+00:00,2.71,2.81,2.42,2.47,1618472.0
2024-02-20 00:00:00+00:00,2.47,2.84,2.45,2.79,2097276.0
2024-02-20 04:00:00+00:00,2.79,3.03,2.75,2.93,859315.0
2024-02-20 08:00:00+00:00,2.93,2.94,2.62,2.63,2350240.0
2024-02-20 12:00:00+00:00,2.63,3.0,2.6,2.98,610351.0
2024-02-20 16:00:00+00:00,2.98,3.16,2.95,3.12,538865.0
2024-02-20 20:00:00+00:00,3.12,3.55,3.1,3.5,1461642.0
2024-02-21 00:00:00+00:00,3.5,3.86,3.49,3.83,1298930.0
2024-02-21 04:00:00+00:00,3.83,3.83,3.35,3.35,960234.0
2024-02-21 08:00:00+00:00,3.35,3.37,3.03,3.07,1878470.0
2024-02-21 12:00:00+00:00,3.07,3.42,3.06,3.41,1740957.0
2024-02-21 16:00:00+00:00,3.41,3.73,3.38,3.72,1955605.0
2024-02-21 20:00:00+00:00,3.72,3.84,3.59,3.71,950523.0
2024-02-22 00:00:00+00:00,3.71,3.8,3.7,3.77,1419769.0
2024-02-22 04:00:00+00:00,3.77,4.52,3.67,4.48,1250884.0
2024-02-22 08:00:00+00:00,4.48,4.49,4.07,4.08,3541002.0
2024-02-22 12:00:00+00:00,4.08,4.45,4.02,4.41,828797.0
2024-02-22 16:00:00+00:00,4.41,4.48,4.02,4.28,3131992.0
2024-02-22 20:00:00+00:00,4.28,4.28,4.13,4.13,1119553.0
2024-02-23 00:00:00+00:00,4.13,4.81,4.13,4.81,750081.0
2024-02-23 04:00:00+00:00,4.81,5.42,4.78,5.4,2713115.0
2024-02-23 08:00:00+00:00,5.4,6.06,5.4,6.06,1452091.0
2024-02-23 12:00:00+00:00,6.06,7.37,6.0,7.24,2425421.0
2024-02-23 16:00:00+00:00,7.24,7.53,7.16,7.25,1856257.0
2024-02-23 20:00:00+00:00,7.25,8.05,7.24,7.98,1538516.0
2024-02-24 00:00:00+00:00,7.98,7.99,7.57,7.6,849763.0
2024-02-24 04:00:00+00:00,7.6,8.02,7.57,7.96,1861383.0
2024-02-24 08:00:00+00:00,7.96,8.07,7.7,7.8,1062155.0
2024-02-24 12:00:00+00:00,7.8,7.9,7.79,7.9,1465769.0
2024-02-24 16:00:00+00:00,7.9,8.67,7.84,8.59,429818.0
2024-02-24 20:00:00+00:00,8.59,8.72,7.49,7.53,1715159.0
2024-02-25 00:00:00+00:00,7.53,9.94,7.42,9.88,1408303.0
2024-02-25 04:00:00+00:00,9.88,9.92,8.37,8.38,3328647.0
2024-02-25 08:00:00+00:00,8.38,8.45,6.73,6.84,2116668.0
2024-02-25 12:00:00+00:00,6.84,8.02,6.83,8.02,1710737.0
2024-02-25 16:00:00+00:00,8.02,8.98,8.0,8.96,1724704.0
2024-02-25 20:00:00+00:00,8.96,9.99,8.77,9.79,775124.0
2024-02-26 00:00:00+00:00,9.79,10.85,9.66,10.7,2879330.0
2024-02-26 04:00:00+00:00,10.7,10.7,10.66,10.66,2732330.0
2024-02-26 08:00:00+00:00,10.66,10.68,9.2,9.24,1706284.0
2024-02-26 12:00:00+00:00,9.24,9.34,9.2,9.33,2281345.0
2024-02-26 16:00:00+00:00,9.33,9.36,8.36,8.38,982421.0
2024-02-26 20:00:00+00:00,8.38,9.61,8.35,9.59,963034.0
2024-02-27 00:00:00+00:00,9.59,9.59,9.36,9.37,1092542.0
2024-02-27 04:00:00+00:00,9.37,9.39,8.12,8.19,1709486.0
2024-02-27 08:00:00+00:00,8.19,8.3,7.68,7.79,943498.0
2024-02-27 12:00:00+00:00,7.79,8.34,7.72,8.26,1545973.0
2024-02-27 16:00:00+00:00,8.26,8.38,7.49,7.55,1466311.0
2024-02-27 20:00:00+00:00,7.55,7.55,6.6,6.61,834313.0
2024-02-28 00:00:00+00:00,6.61,7.13,6.49,6.84,1432570.0
2024-02-28 04:00:00+00:00,6.84,7.2,6.7,7.08,1702918.0
2024-02-28 08:00:00+00:00,7.08,7.22,6.45,6.53,1342897.0
2024-02-28 12:00:00+00:00,6.53,6.67,5.98,6.06,2164592.0
2024-02-28 16:00:00+00:00,6.06,6.45,5.91,6.26,598445.0
2024-02-28 20:00:00+00:00,6.26,6.28,4.83,4.89,2092666.0
2024-02-29 00:00:00+00:00,4.89,4.91,3.85,3.85,912311.0
2024-02-29 04:00:00+00:00,3.85,3.89,3.39,3.43,760676.0
2024-02-29 08:00:00+00:00,3.43,3.5,3.29,3.32,802763.0
2024-02-29 12:00:00+00:00,3.32,3.53,3.29,3.47,708935.0
2024-02-29 16:00:00+00:00,3.47,4.26,3.44,4.23,1261754.0
2024-02-29 20:00:00+00:00,4.23,4.77,4.22,4.77,1241241.0
2024-03-01 00:00:00+00:00,4.77,4.79,4.63,4.64,1635881.0
2024-03-01 04:00:00+00:00,4.64,4.79,4.53,4.62,862677.0
2024-03-01 08:00:00+00:00,4.62,4.68,3.91,3.93,655904.0
2024-03-01 12:00:00+00:00,3.93,3.97,3.89,3.91,1790746.0
2024-03-01 16:00:00+00:00,3.91,3.92,3.72,3.74,745136.0
2024-03-01 20:00:00+00:00,3.74,3.93,3.72,3.92,1107918.0
2024-03-02 00:00:00+00:00,3.92,4.02,3.36,3.43,1720863.0
2024-03-02 04:00:00+00:00,3.43,3.73,3.39,3.69,1358513.0
2024-03-02 08:00:00+00:00,3.69,4.57,3.6,4.53,2912965.0
2024-03-02 12:00:00+00:00,4.53,4.57,4.44,4.45,1338093.0
2024-03-02 16:00:00+00:00,4.45,4.74,4.39,4.71,764344.0
2024-03-02 20:00:00+00:00,4.71,5.2,4.69,5.19,3883027.0
2024-03-03 00:00:00+00:00,5.19,5.29,4.84,4.87,1305478.0
2024-03-03 04:00:00+00:00,4.87,5.07,4.86,5.03,1018937.0
2024-03-03 08:00:00+00:00,5.03,5.05,4.98,5.03,1622009.0
2024-03-03 12:00:00+00:00,5.03,5.15,4.98,5.1,1177381.0
2024-03-03 16:00:00+00:00,5.1,5.32,4.46,4.51,1641118.0
2024-03-03 20:00:00+00:00,4.51,4.53,4.51,4.53,3501778.0
2024-03-04 00:00:00+00:00,4.53,4.94,4.45,4.85,1060546.0
2024-03-04 04:00:00+00:00,4.85,5.92,4.83,5.9,1407004.0
2024-03-04 08:00:00+00:00,5.9,6.77,5.86,6.74,1513704.0
2024-03-04 12:00:00+00:00,6.74,8.92,6.74,8.91,3358199.0
2024-03-04 16:00:00+00:00,8.91,8.95,7.86,7.88,635089.0
2024-03-04 20:00:00+00:00,7.88,8.96,7.82,8.9,519868.0
2024-03-05 00:00:00+00:00,8.9,9.14,8.89,9.13,804531.0
2024-03-05 04:00:00+00:00,9.13,12.22,9.08,12.12,875587.0
2024-03-05 08:00:00+00:00,12.12,12.57,10.47,10.64,1105480.0
2024-03-05 12:00:00+00:00,10.64,10.65,9.27,9.29,1775706.0
2024-03-05 16:00:00+00:00,9.29,9.37,8.27,8.44,815460.0
2024-03-05 20:00:00+00:00,8.44,8.49,5.71,5.74,959833.0
2024-03-06 00:00:00+00:00,5.74,5.8,5.22,5.29,1283487.0
2024-03-06 04:00:00+00:00,5.29,5.31,4.67,4.68,2069815.0
2024-03-06 08:00:00+00:00,4.68,4.79,4.67,4.78,456178.0
2024-03-06 12:00:00+00:00,4.78,5.02,4.77,5.02,1733680.0
2024-03-06 16:00:00+00:00,5.02,6.43,5.01,6.43,2770791.0
2024-03-06 20:00:00+00:00,6.43,7.34,6.4,7.34,2295746.0
2024-03-07 00:00:00+00:00,7.34,7.4,6.61,6.69,2321730.0
2024-03-07 04:00:00+00:00,6.69,6.86,5.68,5.79,4231439.0
2024-03-07 08:00:00+00:00,5.79,6.28,5.66,6.21,1019843.0
2024-03-07 12:00:00+00:00,6.21,6.31,4.94,4.97,1686759.0
2024-03-07 16:00:00+00:00,4.97,6.34,4.97,6.33,1479087.0
2024-03-07 20:00:00+00:00,6.33,7.48,6.32,7.45,1529615.0
2024-03-08 00:00:00+00:00,7.45,7.48,6.89,6.92,2612056.0
2024-03-08 04:00:00+00:00,6.92,6.93,5.11,5.13,905230.0
2024-03-08 08:00:00+00:00,5.13,6.22,5.1,6.17,1044634.0
2024-03-08 12:00:00+00:00,6.17,6.2,6.0,6.06,2098487.0
2024-03-08 16:00:00+00:00,6.06,7.21,6.03,7.18,2584518.0
2024-03-08 20:00:00+00:00,7.18,7.21,5.44,5.45,1434350.0
2024-03-09 00:00:00+00:00,5.45,5.51,4.84,4.96,1950104.0
2024-03-09 04:00:00+00:00,4.96,5.06,4.91,4.96,1186037.0
2024-03-09 08:00:00+00:00,4.96,5.01,4.95,4.99,2156345.0
2024-03-09 12:00:00+00:00,4.99,5.11,4.54,4.66,1244963.0
2024-03-09 16:00:00+00:00,4.66,5.29,4.56,5.09,2134217.0
2024-03-09 20:00:00+00:00,5.09,5.12,4.26,4.27,5555988.0
2024-03-10 00:00:00+00:00,4.27,4.29,4.16,4.18,1438032.0
2024-03-10 04:00:00+00:00,4.18,4.28,4.15,4.25,1078045.0
2024-03-10 08:00:00+00:00,4.25,4.71,4.14,4.57,1761836.0
2024-03-10 12:00:00+00:00,4.57,5.1,4.42,5.06,1097984.0
2024-03-10 16:00:00+00:00,5.06,5.06,4.19,4.2,4977722.0
2024-03-10 20:00:00+00:00,4.2,4.21,3.21,3.23,1852028.0
2024-03-11 00:00:00+00:00,3.23,3.89,3.21,3.85,1372116.0
2024-03-11 04:00:00+00:00,3.85,4.06,3.82,4.04,755475.0
2024-03-11 08:00:00+00:00,4.04,4.04,3.57,3.58,2317664.0
2024-03-11 12:00:00+00:00,3.58,4.49,3.5,4.41,2616260.0
2024-03-11 16:00:00+00:00,4.41,4.52,4.35,4.48,818684.0
2024-03-11 20:00:00+00:00,4.48,5.38,4.41,5.27,2035068.0
2024-03-12 00:00:00+00:00,5.27,5.47,5.21,5.32,483579.0
2024-03-12 04:00:00+00:00,5.32,7.04,5.25,6.94,2100999.0
2024-03-12 08:00:00+00:00,6.94,8.82,6.9,8.76,2241750.0
2024-03-12 12:00:00+00:00,8.76,8.81,8.31,8.43,2616761.0
2024-03-12 16:00:00+00:00,8.43,9.67,8.42,9.65,975954.0
2024-03-12 20:00:00+00:00,9.65,10.63,9.48,10.58,679738.0
2024-03-13 00:00:00+00:00,10.58,12.75,10.54,12.74,1031156.0
2024-03-13 04:00:00+00:00,12.74,12.93,10.79,10.88,736409.0
2024-03-13 08:00:00+00:00,10.88,12.03,10.86,11.99,2548460.0
2024-03-13 12:00:00+00:00,11.99,13.9,11.97,13.89,3196797.0
2024-03-13 16:00:00+00:00,13.89,13.9,10.18,10.21,2105492.0
2024-03-13 20:00:00+00:00,10.21,10.22,8.39,8.39,2827013.0
2024-03-14 00:00:00+00:00,8.39,8.52,5.76,5.82,2053327.0
2024-03-14 04:00:00+00:00,5.82,5.89,5.5,5.58,1071732.0
2024-03-14 08:00:00+00:00,5.58,6.21,5.53,6.17,1117643.0
2024-03-14 12:00:00+00:00,6.17,7.57,6.16,7.56,1432721.0
2024-03-14 16:00:00+00:00,7.56,7.64,7.55,7.63,475268.0
2024-03-14 20:00:00+00:00,7.63,9.48,7.63,9.47,1966040.0
2024-03-15 00:00:00+00:00,9.47,9.5,7.5,7.5,1591609.0
2024-03-15 04:00:00+00:00,7.5,7.69,5.47,5.58,2568751.0
2024-03-15 08:00:00+00:00,5.58,5.6,5.51,5.53,1077335.0
2024-03-15 12:00:00+00:00,5.53,5.87,5.51,5.83,1076594.0
2024-03-15 16:00:00+00:00,5.83,5.84,5.79,5.8,658507.0
2024-03-15 20:00:00+00:00,5.8,5.82,4.01,4.02,1992498.0
2024-03-16 00:00:00+00:00,4.02,4.06,3.94,3.96,1509406.0
2024-03-16 04:00:00+00:00,3.96,4.0,3.16,3.19,895651.0
2024-03-16 08:00:00+00:00,3.19,3.51,3.17,3.5,1355800.0
2024-03-16 12:00:00+00:00,3.5,3.69,3.5,3.69,1304830.0
2024-03-16 16:00:00+00:00,3.69,3.71,3.15,3.17,996329.0
2024-03-16 20:00:00+00:00,3.17,3.17,2.91,2.92,920532.0
2024-03-17 00:00:00+00:00,2.92,2.92,2.44,2.45,1661509.0
2024-03-17 04:00:00+00:00,2.45,2.55,2.37,2.42,585664.0
2024-03-17 08:00:00+00:00,2.42,2.78,2.4,2.76,1693450.0
2024-03-17 12:00:00+00:00,2.76,2.78,2.33,2.35,925282.0
2024-03-17 16:00:00+00:00,2.35,2.54,2.34,2.53,2079979.0
2024-03-17 20:00:00+00:00,2.53,2.55,2.31,2.32,4000561.0
2024-03-18 00:00:00+00:00,2.32,2.34,2.02,2.04,885180.0
2024-03-18 04:00:00+00:00,2.04,2.08,1.99,2.01,1375053.0
2024-03-18 08:00:00+00:00,2.01,2.03,1.67,1.69,1020895.0
2024-03-18 12:00:00+00:00,1.69,1.7,1.55,1.55,2110113.0
2024-03-18 16:00:00+00:00,1.55,1.56,1.26,1.27,820114.0
2024-03-18 20:00:00+00:00,1.27,1.65,1.26,1.64,2389584.0
2024-03-19 00:00:00+00:00,1.64,1.7,1.63,1.65,653280.0
2024-03-19 04:00:00+00:00,1.65,1.66,1.45,1.47,1186210.0
2024-03-19 08:00:00+00:00,1.47,1.53,1.46,1.52,651553.0
2024-03-19 12:00:00+00:00,1.52,1.52,1.49,1.49,1592945.0
2024-03-19 16:00:00+00:00,1.49,1.51,1.43,1.44,726795.0
2024-03-19 20:00:00+00:00,1.44,1.57,1.43,1.57,1674695.0
2024-03-20 00:00:00+00:00,1.57,1.75,1.56,1.74,1124160.0
2024-03-20 04:00:00+00:00,1.74,1.75,1.6,1.6,1175270.0
2024-03-20 08:00:00+00:00,1.6,1.62,1.45,1.46,1361988.0
2024-03-20 12:00:00+00:00,1.46,1.46,1.39,1.4,771887.0
2024-03-20 16:00:00+00:00,1.4,1.4,0.91,0.91,2268421.0
2024-03-20 20:00:00+00:00,0.91,0.94,0.69,0.7,3628133.0
2024-03-21 00:00:00+00:00,0.7,0.85,0.7,0.84,1090301.0
2024-03-21 04:00:00+00:00,0.84,1.06,0.84,1.05,3115089.0
2024-03-21 08:00:00+00:00,1.05,1.06,1.01,1.01,2365684.0
2024-03-21 12:00:00+00:00,1.01,1.1,1.01,1.09,833080.0
2024-03-21 16:00:00+00:00,1.09,1.16,1.07,1.14,547551.0
2024-03-21 20:00:00+00:00,1.14,1.67,1.14,1.67,2766421.0
2024-03-22 00:00:00+00:00,1.67,1.96,1.66,1.95,1138530.0
2024-03-22 04:00:00+00:00,1.95,1.96,1.89,1.9,2709599.0
2024-03-22 08:00:00+00:00,1.9,1.91,1.6,1.63,1461218.0
2024-03-22 12:00:00+00:00,1.63,1.64,1.21,1.23,1158383.0
2024-03-22 16:00:00+00:00,1.23,1.27,1.23,1.27,611047.0
2024-03-22 20:00:00+00:00,1.27,1.27,1.12,1.12,2324023.0
2024-03-23 00:00:00+00:00,1.12,1.14,0.87,0.88,1238110.0
2024-03-23 04:00:00+00:00,0.88,0.89,0.79,0.79,1327155.0
2024-03-23 08:00:00+00:00,0.79,0.81,0.65,0.66,2409681.0
2024-03-23 12:00:00+00:00,0.66,0.84,0.65,0.83,1374953.0
2024-03-23 16:00:00+00:00,0.83,0.94,0.81,0.93,1357551.0
2024-03-23 20:00:00+00:00,0.93,0.94,0.92,0.93,1002964.0
2024-03-24 00:00:00+00:00,0.93,1.13,0.92,1.13,2320280.0
2024-03-24 04:00:00+00:00,1.13,1.16,1.12,1.14,1379860.0
2024-03-24 08:00:00+00:00,1.14,1.15,0.98,0.99,1246348.0
2024-03-24 12:00:00+00:00,0.99,1.22,0.99,1.22,1731681.0
2024-03-24 16:00:00+00:00,1.22,1.35,1.2,1.31,1025076.0
2024-03-24 20:00:00+00:00,1.31,1.33,1.07,1.1,704504.0
2024-03-25 00:00:00+00:00,1.1,1.11,1.07,1.07,1244127.0
2024-03-25 04:00:00+00:00,1.07,1.07,0.92,0.93,3611542.0
2024-03-25 08:00:00+00:00,0.93,0.93,0.73,0.73,1048130.0
2024-03-25 12:00:00+00:00,0.73,0.84,0.72,0.83,956986.0
2024-03-25 16:00:00+00:00,0.83,1.08,0.8,1.07,1197622.0
2024-03-25 20:00:00+00:00,1.07,1.07,0.84,0.84,2352717.0
2024-03-26 00:00:00+00:00,0.84,0.91,0.84,0.91,1557952.0
2024-03-26 04:00:00+00:00,0.91,0.93,0.8,0.82,1201998.0
2024-03-26 08:00:00+00:00,0.82,0.82,0.75,0.75,775729.0
2024-03-26 12:00:00+00:00,0.75,0.76,0.68,0.69,1335256.0
2024-03-26 16:00:00+00:00,0.69,0.7,0.57,0.59,639015.0
2024-03-26 20:00:00+00:00,0.59,0.6,0.59,0.6,1088746.0
2024-03-27 00:00:00+00:00,0.6,0.61,0.52,0.52,2129420.0
2024-03-27 04:00:00+00:00,0.52,0.54,0.52,0.54,595530.0
2024-03-27 08:00:00+00:00,0.54,0.54,0.53,0.54,479178.0
2024-03-27 12:00:00+00:00,0.54,0.54,0.5,0.52,2455905.0
2024-03-27 16:00:00+00:00,0.52,0.52,0.44,0.44,1043461.0
2024-03-27 20:00:00+00:00,0.44,0.46,0.38,0.4,2237559.0
2024-03-28 00:00:00+00:00,0.4,0.45,0.4,0.45,1232848.0
2024-03-28 04:00:00+00:00,0.45,0.48,0.45,0.48,1122366.0
2024-03-28 08:00:00+00:00,0.48,0.48,0.41,0.41,1803206.0
2024-03-28 12:00:00+00:00,0.41,0.42,0.41,0.41,666128.0
2024-03-28 16:00:00+00:00,0.41,0.46,0.41,0.46,1417810.0
2024-03-28 20:00:00+00:00,0.46,0.46,0.34,0.34,1453946.0
2024-03-29 00:00:00+00:00,0.34,0.37,0.34,0.37,638821.0
2024-03-29 04:00:00+00:00,0.37,0.37,0.33,0.33,1546485.0
2024-03-29 08:00:00+00:00,0.33,0.36,0.33,0.36,1094612.0
2024-03-29 12:00:00+00:00,0.36,0.37,0.32,0.32,1249493.0
2024-03-29 16:00:00+00:00,0.32,0.32,0.23,0.23,993897.0
2024-03-29 20:00:00+00:00,0.23,0.23,0.17,0.17,3856628.0
2024-03-30 00:00:00+00:00,0.17,0.18,0.17,0.17,1571446.0
2024-03-30 04:00:00+00:00,0.17,0.18,0.17,0.18,1793434.0
2024-03-30 08:00:00+00:00,0.18,0.18,0.16,0.16,1212821.0
2024-03-30 12:00:00+00:00,0.16,0.17,0.16,0.17,539027.0
2024-03-30 16:00:00+00:00,0.17,0.17,0.13,0.13,4660401.0
2024-03-30 20:00:00+00:00,0.13,0.13,0.12,0.13,1006069.0
2024-03-31 00:00:00+00:00,0.13,0.13,0.1,0.1,1064457.0
2024-03-31 04:00:00+00:00,0.1,0.1,0.09,0.09,1602078.0
2024-03-31 08:00:00+00:00,0.09,0.09,0.09,0.09,1817588.0
2024-03-31 12:00:00+00:00,0.09,0.09,0.08,0.08,1373212.0
2024-03-31 16:00:00+00:00,0.08,0.08,0.08,0.08,2236522.0
2024-03-31 20:00:00+00:00,0.08,0.09,0.07,0.09,2484795.0
2024-04-01 00:00:00+00:00,0.09,0.09,0.08,0.08,739382.0
2024-04-01 04:00:00+00:00,0.08,0.09,0.08,0.09,977642.0
2024-04-01 08:00:00+00:00,0.09,0.09,0.07,0.07,2445410.0
2024-04-01 12:00:00+00:00,0.07,0.08,0.07,0.08,317337.0
2024-04-01 16:00:00+00:00,0.08,0.1,0.08,0.1,1524007.0
2024-04-01 20:00:00+00:00,0.1,0.1,0.06,0.06,1035959.0
2024-04-02 00:00:00+00:00,0.06,0.06,0.05,0.05,1075455.0
2024-04-02 04:00:00+00:00,0.05,0.06,0.05,0.06,1079611.0
2024-04-02 08:00:00+00:00,0.06,0.06,0.05,0.06,917380.0
2024-04-02 12:00:00+00:00,0.06,0.06,0.06,0.06,880998.0
2024-04-02 16:00:00+00:00,0.06,0.06,0.05,0.05,738111.0
2024-04-02 20:00:00+00:00,0.05,0.06,0.05,0.05,3250447.0
2024-04-03 00:00:00+00:00,0.05,0.05,0.05,0.05,2734420.0
2024-04-03 04:00:00+00:00,0.05,0.06,0.05,0.06,847951.0
2024-04-03 08:00:00+00:00,0.06,0.07,0.06,0.06,2446835.0
2024-04-03 12:00:00+00:00,0.06,0.07,0.06,0.07,939236.0
2024-04-03 16:00:00+00:00,0.07,0.07,0.06,0.06,1269668.0
2024-04-03 20:00:00+00:00,0.06,0.06,0.06,0.06,1186062.0
2024-04-04 00:00:00+00:00,0.06,0.06,0.05,0.05,862293.0
2024-04-04 04:00:00+00:00,0.05,0.06,0.05,0.06,1918441.0
2024-04-04 08:00:00+00:00,0.06,0.06,0.05,0.05,1271332.0
2024-04-04 12:00:00+00:00,0.05,0.06,0.05,0.06,887438.0
2024-04-04 16:00:00+00:00,0.06,0.07,0.06,0.07,1005181.0
2024-04-04 20:00:00+00:00,0.07,0.08,0.07,0.08,887938.0
2024-04-05 00:00:00+00:00,0.08,0.08,0.08,0.08,506348.0
2024-04-05 04:00:00+00:00,0.08,0.09,0.08,0.09,1546370.0
2024-04-05 08:00:00+00:00,0.09,0.09,0.08,0.09,652573.0
2024-04-05 12:00:00+00:00,0.09,0.09,0.06,0.06,1681663.0
2024-04-05 16:00:00+00:00,0.06,0.06,0.05,0.05,2890089.0
2024-04-05 20:00:00+00:00,0.05,0.05,0.04,0.04,3360377.0
2024-04-06 00:00:00+00:00,0.04,0.04,0.03,0.03,1142449.0
2024-04-06 04:00:00+00:00,0.03,0.04,0.03,0.03,962737.0
2024-04-06 08:00:00+00:00,0.03,0.04,0.03,0.04,4454606.0
2024-04-06 12:00:00+00:00,0.04,0.05,0.04,0.05,1485168.0
2024-04-06 16:00:00+00:00,0.05,0.05,0.04,0.04,934434.0
2024-04-06 20:00:00+00:00,0.04,0.05,0.04,0.05,672077.0
2024-04-07 00:00:00+00:00,0.05,0.05,0.03,0.03,2431655.0
2024-04-07 04:00:00+00:00,0.03,0.03,0.03,0.03,1671609.0
2024-04-07 08:00:00+00:00,0.03,0.04,0.03,0.04,980910.0
2024-04-07 12:00:00+00:00,0.04,0.04,0.03,0.03,1928160.0
2024-04-07 16:00:00+00:00,0.03,0.04,0.03,0.03,1261756.0
2024-04-07 20:00:00+00:00,0.03,0.04,0.03,0.04,1049882.0
2024-04-08 00:00:00+00:00,0.04,0.04,0.03,0.03,342444.0
2024-04-08 04:00:00+00:00,0.03,0.04,0.03,0.04,1149029.0
2024-04-08 08:00:00+00:00,0.04,0.05,0.04,0.05,3281382.0
2024-04-08 12:00:00+00:00,0.05,0.05,0.05,0.05,788449.0
2024-04-08 16:00:00+00:00,0.05,0.05,0.05,0.05,1140699.0
2024-04-08 20:00:00+00:00,0.05,0.05,0.05,0.05,827196.0
2024-04-09 00:00:00+00:00,0.05,0.05,0.04,0.04,1655804.0
2024-04-09 04:00:00+00:00,0.04,0.05,0.04,0.05,1232542.0
2024-04-09 08:00:00+00:00,0.05,0.05,0.04,0.04,866140.0
2024-04-09 12:00:00+00:00,0.04,0.04,0.04,0.04,2009806.0
2024-04-09 16:00:00+00:00,0.04,0.04,0.04,0.04,1929632.0
2024-04-09 20:00:00+00:00,0.04,0.04,0.04,0.04,898515.0
2024-04-10 00:00:00+00:00,0.04,0.05,0.04,0.05,1475728.0
2024-04-10 04:00:00+00:00,0.05,0.05,0.04,0.05,1919793.0
2024-04-10 08:00:00+00:00,0.05,0.05,0.05,0.05,1694247.0
2024-04-10 12:00:00+00:00,0.05,0.05,0.05,0.05,480377.0
2024-04-10 16:00:00+00:00,0.05,0.05,0.04,0.04,2381326.0
2024-04-10 20:00:00+00:00,0.04,0.04,0.04,0.04,901778.0
2024-04-11 00:00:00+00:00,0.04,0.04,0.04,0.04,979037.0
2024-04-11 04:00:00+00:00,0.04,0.04,0.04,0.04,5017621.0
2024-04-11 08:00:00+00:00,0.04,0.04,0.04,0.04,1644049.0
2024-04-11 12:00:00+00:00,0.04,0.04,0.04,0.04,1148044.0
2024-04-11 16:00:00+00:00,0.04,0.05,0.04,0.05,534994.0
2024-04-11 20:00:00+00:00,0.05,0.06,0.05,0.05,2379251.0
2024-04-12 00:00:00+00:00,0.05,0.07,0.05,0.07,942237.0
2024-04-12 04:00:00+00:00,0.07,0.07,0.06,0.06,815307.0
2024-04-12 08:00:00+00:00,0.06,0.06,0.05,0.05,1320414.0
2024-04-12 12:00:00+00:00,0.05,0.05,0.04,0.04,3651775.0
2024-04-12 16:00:00+00:00,0.04,0.05,0.04,0.04,2465765.0
2024-04-12 20:00:00+00:00,0.04,0.05,0.04,0.05,1198047.0
2024-04-13 00:00:00+00:00,0.05,0.05,0.05,0.05,1193481.0
2024-04-13 04:00:00+00:00,0.05,0.05,0.05,0.05,834455.0
2024-04-13 08:00:00+00:00,0.05,0.05,0.04,0.04,1613126.0
2024-04-13 12:00:00+00:00,0.04,0.06,0.04,0.06,2181319.0
2024-04-13 16:00:00+00:00,0.06,0.06,0.06,0.06,1721205.0
2024-04-13 20:00:00+00:00,0.06,0.06,0.06,0.06,1705182.0
2024-04-14 00:00:00+00:00,0.06,0.07,0.06,0.07,1697897.0
2024-04-14 04:00:00+00:00,0.07,0.07,0.07,0.07,1016857.0
2024-04-14 08:00:00+00:00,0.07,0.08,0.07,0.07,1598537.0
2024-04-14 12:00:00+00:00,0.07,0.08,0.06,0.07,1292449.0
2024-04-14 16:00:00+00:00,0.07,0.07,0.07,0.07,707150.0
2024-04-14 20:00:00+00:00,0.07,0.09,0.07,0.09,1511685.0
2024-04-15 00:00:00+00:00,0.09,0.11,0.09,0.11,1677381.0
2024-04-15 04:00:00+00:00,0.11,0.13,0.11,0.13,2710495.0
2024-04-15 08:00:00+00:00,0.13,0.13,0.12,0.12,1119855.0
2024-04-15 12:00:00+00:00,0.12,0.12,0.1,0.11,788159.0
2024-04-15 16:00:00+00:00,0.11,0.11,0.1,0.1,1084341.0
2024-04-15 20:00:00+00:00,0.1,0.11,0.1,0.1,1087540.0
2024-04-16 00:00:00+00:00,0.1,0.12,0.1,0.12,1632731.0
2024-04-16 04:00:00+00:00,0.12,0.12,0.09,0.09,2786198.0
2024-04-16 08:00:00+00:00,0.09,0.11,0.09,0.11,2814348.0
2024-04-16 12:00:00+00:00,0.11,0.11,0.11,0.11,793851.0
2024-04-16 16:00:00+00:00,0.11,0.11,0.1,0.1,873905.0
2024-04-16 20:00:00+00:00,0.1,0.1,0.09,0.09,863660.0
2024-04-17 00:00:00+00:00,0.09,0.09,0.06,0.07,2470682.0
2024-04-17 04:00:00+00:00,0.07,0.07,0.07,0.07,2833222.0
2024-04-17 08:00:00+00:00,0.07,0.08,0.07,0.07,884620.0
2024-04-17 12:00:00+00:00,0.07,0.07,0.06,0.06,1393989.0
2024-04-17 16:00:00+00:00,0.06,0.06,0.05,0.05,3290290.0
2024-04-17 20:00:00+00:00,0.05,0.05,0.05,0.05,1478923.0
2024-04-18 00:00:00+00:00,0.05,0.06,0.05,0.06,2180949.0
2024-04-18 04:00:00+00:00,0.06,0.06,0.06,0.06,614352.0
2024-04-18 08:00:00+00:00,0.06,0.06,0.04,0.04,2350352.0
2024-04-18 12:00:00+00:00,0.04,0.04,0.04,0.04,696383.0
2024-04-18 16:00:00+00:00,0.04,0.04,0.04,0.04,635480.0
2024-04-18 20:00:00+00:00,0.04,0.04,0.02,0.02,1859247.0
2024-04-19 00:00:00+00:00,0.02,0.02,0.02,0.02,762600.0
2024-04-19 04:00:00+00:00,0.02,0.02,0.02,0.02,985003.0
2024-04-19 08:00:00+00:00,0.02,0.03,0.02,0.03,639366.0
2024-04-19 12:00:00+00:00,0.03,0.03,0.02,0.03,2962515.0
2024-04-19 16:00:00+00:00,0.03,0.04,0.03,0.04,2652160.0
2024-04-19 20:00:00+00:00,0.04,0.04,0.04,0.04,422589.0
2024-04-20 00:00:00+00:00,0.04,0.04,0.03,0.03,2439806.0
2024-04-20 04:00:00+00:00,0.03,0.04,0.03,0.04,1440333.0
2024-04-20 08:00:00+00:00,0.04,0.04,0.04,0.04,1578927.0
2024-04-20 12:00:00+00:00,0.04,0.05,0.04,0.04,974255.0
2024-04-20 16:00:00+00:00,0.04,0.04,0.04,0.04,1023289.0
2024-04-20 20:00:00+00:00,0.04,0.04,0.04,0.04,991754.0
2024-04-21 00:00:00+00:00,0.04,0.04,0.04,0.04,1945733.0
2024-04-21 04:00:00+00:00,0.04,0.04,0.04,0.04,672411.0
2024-04-21 08:00:00+00:00,0.04,0.04,0.04,0.04,1686267.0
2024-04-21 12:00:00+00:00,0.04,0.04,0.04,0.04,1756998.0
2024-04-21 16:00:00+00:00,0.04,0.04,0.03,0.03,1773367.0
2024-04-21 20:00:00+00:00,0.03,0.03,0.03,0.03,4217907.0
2024-04-22 00:00:00+00:00,0.03,0.03,0.03,0.03,805591.0
2024-04-22 04:00:00+00:00,0.03,0.03,0.03,0.03,1795534.0
2024-04-22 08:00:00+00:00,0.03,0.04,0.03,0.04,1591594.0
2024-04-22 12:00:00+00:00,0.04,0.04,0.02,0.02,4060384.0
2024-04-22 16:00:00+00:00,0.02,0.02,0.02,0.02,1486873.0
2024-04-22 20:00:00+00:00,0.02,0.03,0.02,0.03,1286734.0
2024-04-23 00:00:00+00:00,0.03,0.03,0.02,0.02,3711463.0
2024-04-23 04:00:00+00:00,0.02,0.02,0.02,0.02,901676.0
2024-04-23 08:00:00+00:00,0.02,0.02,0.02,0.02,575284.0
2024-04-23 12:00:00+00:00,0.02,0.02,0.01,0.01,1260451.0
2024-04-23 16:00:00+00:00,0.01,0.01,0.01,0.01,1838115.0
2024-04-23 20:00:00+00:00,0.01,0.01,0.01,0.01,3005791.0
2024-04-24 00:00:00+00:00,0.01,0.01,0.01,0.01,1891923.0
2024-04-24 04:00:00+00:00,0.01,0.02,0.01,0.02,2749126.0
2024-04-24 08:00:00+00:00,0.02,0.02,0.02,0.02,797782.0
2024-04-24 12:00:00+00:00,0.02,0.02,0.02,0.02,1062258.0
2024-04-24 16:00:00+00:00,0.02,0.02,0.02,0.02,1304546.0
2024-04-24 20:00:00+00:00,0.02,0.02,0.02,0.02,1166261.0
2024-04-25 00:00:00+00:00,0.02,0.02,0.02,0.02,1273663.0
2024-04-25 04:00:00+00:00,0.02,0.02,0.01,0.01,2188132.0
2024-04-25 08:00:00+00:00,0.01,0.02,0.01,0.01,1058237.0
2024-04-25 12:00:00+00:00,0.01,0.02,0.01,0.01,1186894.0
2024-04-25 16:00:00+00:00,0.01,0.01,0.01,0.01,1141673.0
2024-04-25 20:00:00+00:00,0.01,0.02,0.01,0.02,831391.0
2024-04-26 00:00:00+00:00,0.02,0.02,0.01,0.02,1134505.0
2024-04-26 04:00:00+00:00,0.02,0.02,0.02,0.02,1081001.0
2024-04-26 08:00:00+00:00,0.02,0.02,0.02,0.02,1401996.0
2024-04-26 12:00:00+00:00,0.02,0.02,0.01,0.01,1509327.0
2024-04-26 16:00:00+00:00,0.01,0.02,0.01,0.02,1327392.0
2024-04-26 20:00:00+00:00,0.02,0.02,0.02,0.02,1021391.0
2024-04-27 00:00:00+00:00,0.02,0.02,0.02,0.02,2150997.0
2024-04-27 04:00:00+00:00,0.02,0.02,0.02,0.02,639570.0
2024-04-27 08:00:00+00:00,0.02,0.02,0.01,0.01,1089256.0
2024-04-27 12:00:00+00:00,0.01,0.02,0.01,0.02,5688180.0
2024-04-27 16:00:00+00:00,0.02,0.02,0.02,0.02,644028.0
2024-04-27 20:00:00+00:00,0.02,0.02,0.01,0.01,627213.0
2024-04-28 00:00:00+00:00,0.01,0.02,0.01,0.02,2126812.0
2024-04-28 04:00:00+00:00,0.02,0.02,0.02,0.02,465765.0
2024-04-28 08:00:00+00:00,0.02,0.02,0.01,0.01,1451478.0
2024-04-28 12:00:00+00:00,0.01,0.01,0.01,0.01,4968596.0
2024-04-28 16:00:00+00:00,0.01,0.01,0.01,0.01,588384.0
2024-04-28 20:00:00+00:00,0.01,0.01,0.01,0.01,584638.0
2024-04-29 00:00:00+00:00,0.01,0.01,0.01,0.01,846331.0
2024-04-29 04:00:00+00:00,0.01,0.01,0.01,0.01,3033024.0
2024-04-29 08:00:00+00:00,0.01,0.01,0.01,0.01,3096967.0
2024-04-29 12:00:00+00:00,0.01,0.01,0.01,0.01,848520.0
2024-04-29 16:00:00+00:00,0.01,0.01,0.01,0.01,1466339.0
2024-04-29 20:00:00+00:00,0.01,0.01,0.01,0.01,2488642.0
2024-04-30 00:00:00+00:00,0.01,0.01,0.01,0.01,2887034.0
2024-04-30 04:00:00+00:00,0.01,0.01,0.01,0.01,897600.0
2024-04-30 08:00:00+00:00,0.01,0.01,0.01,0.01,471962.0
2024-04-30 12:00:00+00:00,0.01,0.01,0.01,0.01,698664.0
2024-04-30 16:00:00+00:00,0.01,0.01,0.01,0.01,863734.0
2024-04-30 20:00:00+00:00,0.01,0.01,0.01,0.01,1019811.0
2024-05-01 00:00:00+00:00,0.01,0.01,0.01,0.01,931813.0
2024-05-01 04:00:00+00:00,0.01,0.01,0.01,0.01,1993008.0
2024-05-01 08:00:00+00:00,0.01,0.01,0.01,0.01,3342455.0
2024-05-01 12:00:00+00:00,0.01,0.01,0.01,0.01,1472419.0
2024-05-01 16:00:00+00:00,0.01,0.01,0.01,0.01,2315344.0
2024-05-01 20:00:00+00:00,0.01,0.01,0.01,0.01,1290718.0
2024-05-02 00:00:00+00:00,0.01,0.01,0.01,0.01,1115639.0
2024-05-02 04:00:00+00:00,0.01,0.01,0.01,0.01,1590685.0
2024-05-02 08:00:00+00:00,0.01,0.01,0.01,0.01,1199498.0
2024-05-02 12:00:00+00:00,0.01,0.01,0.01,0.01,3469635.0
2024-05-02 16:00:00+00:00,0.01,0.01,0.01,0.01,656315.0
2024-05-02 20:00:00+00:00,0.01,0.01,0.01,0.01,843393.0
2024-05-03 00:00:00+00:00,0.01,0.01,0.01,0.01,1349015.0
2024-05-03 04:00:00+00:00,0.01,0.01,0.01,0.01,1478660.0
2024-05-03 08:00:00+00:00,0.01,0.01,0.0,0.0,3323036.0
2024-05-03 12:00:00+00:00,0.0,0.0,0.0,0.0,1448817.0
2024-05-03 16:00:00+00:00,0.0,0.01,0.0,0.01,597300.0
2024-05-03 20:00:00+00:00,0.01,0.01,0.01,0.01,1705088.0
2024-05-04 00:00:00+00:00,0.01,0.01,0.01,0.01,2109178.0
2024-05-04 04:00:00+00:00,0.01,0.01,0.01,0.01,664064.0
2024-05-04 08:00:00+00:00,0.01,0.01,0.01,0.01,1457735.0
2024-05-04 12:00:00+00:00,0.01,0.01,0.01,0.01,823731.0
2024-05-04 16:00:00+00:00,0.01,0.01,0.01,0.01,1127188.0
2024-05-04 20:00:00+00:00,0.01,0.01,0.0,0.0,812964.0
2024-05-05 00:00:00+00:00,0.0,0.0,0.0,0.0,1523112.0
2024-05-05 04:00:00+00:00,0.0,0.01,0.0,0.01,1308801.0
2024-05-05 08:00:00+00:00,0.01,0.01,0.0,0.0,695047.0
2024-05-05 12:00:00+00:00,0.0,0.0,0.0,0.0,1690824.0
2024-05-05 16:00:00+00:00,0.0,0.0,0.0,0.0,651796.0
2024-05-05 20:00:00+00:00,0.0,0.0,0.0,0.0,1497999.0
2024-05-06 00:00:00+00:00,0.0,0.0,0.0,0.0,1083508.0
2024-05-06 04:00:00+00:00,0.0,0.0,0.0,0.0,1174479.0
2024-05-06 08:00:00+00:00,0.0,0.0,0.0,0.0,2062419.0
2024-05-06 12:00:00+00:00,0.0,0.0,0.0,0.0,1860566.0
2024-05-06 16:00:00+00:00,0.0,0.0,0.0,0.0,2887593.0
2024-05-06 20:00:00+00:00,0.0,0.0,0.0,0.0,1364131.0
2024-05-07 00:00:00+00:00,0.0,0.0,0.0,0.0,2553239.0
2024-05-07 04:00:00+00:00,0.0,0.0,0.0,0.0,986652.0
2024-05-07 08:00:00+00:00,0.0,0.0,0.0,0.0,1193129.0
2024-05-07 12:00:00+00:00,0.0,0.0,0.0,0.0,1719106.0
2024-05-07 16:00:00+00:00,0.0,0.0,0.0,0.0,1258155.0
2024-05-07 20:00:00+00:00,0.0,0.0,0.0,0.0,508282.0
2024-05-08 00:00:00+00:00,0.0,0.0,0.0,0.0,1252886.0
2024-05-08 04:00:00+00:00,0.0,0.0,0.0,0.0,2586289.0
2024-05-08 08:00:00+00:00,0.0,0.0,0.0,0.0,737601.0
2024-05-08 12:00:00+00:00,0.0,0.0,0.0,0.0,799564.0
2024-05-08 16:00:00+00:00,0.0,0.0,0.0,0.0,2738711.0
2024-05-08 20:00:00+00:00,0.0,0.0,0.0,0.0,1289521.0
2024-05-09 00:00:00+00:00,0.0,0.0,0.0,0.0,1598383.0
2024-05-09 04:00:00+00:00,0.0,0.0,0.0,0.0,721988.0
2024-05-09 08:00:00+00:00,0.0,0.01,0.0,0.01,1208775.0
2024-05-09 12:00:00+00:00,0.01,0.01,0.01,0.01,2543372.0
2024-05-09 16:00:00+00:00,0.01,0.01,0.01,0.01,1334214.0
2024-05-09 20:00:00+00:00,0.01,0.01,0.01,0.01,981318.0
2024-05-10 00:00:00+00:00,0.01,0.01,0.01,0.01,1865030.0
2024-05-10 04:00:00+00:00,0.01,0.01,0.01,0.01,856990.0
2024-05-10 08:00:00+00:00,0.01,0.01,0.01,0.01,3597491.0
2024-05-10 12:00:00+00:00,0.01,0.01,0.0,0.01,2594485.0
2024-05-10 16:00:00+00:00,0.01,0.01,0.0,0.0,873690.0
2024-05-10 20:00:00+00:00,0.0,0.0,0.0,0.0,748740.0
2024-05-11 00:00:00+00:00,0.0,0.01,0.0,0.01,346906.0
2024-05-11 04:00:00+00:00,0.01,0.01,0.01,0.01,518838.0
2024-05-11 08:00:00+00:00,0.01,0.01,0.0,0.0,815110.0
2024-05-11 12:00:00+00:00,0.0,0.0,0.0,0.0,1262046.0
2024-05-11 16:00:00+00:00,0.0,0.01,0.0,0.01,1090143.0
2024-05-11 20:00:00+00:00,0.01,0.01,0.0,0.01,643282.0
2024-05-12 00:00:00+00:00,0.01,0.01,0.01,0.01,1298916.0
2024-05-12 04:00:00+00:00,0.01,0.01,0.01,0.01,1781761.0
2024-05-12 08:00:00+00:00,0.01,0.01,0.01,0.01,1582411.0
2024-05-12 12:00:00+00:00,0.01,0.01,0.01,0.01,395631.0
2024-05-12 16:00:00+00:00,0.01,0.01,0.01,0.01,1622511.0
2024-05-12 20:00:00+00:00,0.01,0.01,0.01,0.01,601963.0
2024-05-13 00:00:00+00:00,0.01,0.01,0.01,0.01,1730260.0
2024-05-13 04:00:00+00:00,0.01,0.01,0.01,0.01,1674057.0
2024-05-13 08:00:00+00:00,0.01,0.01,0.01,0.01,999283.0
2024-05-13 12:00:00+00:00,0.01,0.01,0.0,0.0,1007400.0
2024-05-13 16:00:00+00:00,0.0,0.01,0.0,0.01,1177421.0
2024-05-13 20:00:00+00:00,0.01,0.01,0.01,0.01,327074.0
2024-05-14 00:00:00+00:00,0.01,0.01,0.01,0.01,1550929.0
2024-05-14 04:00:00+00:00,0.01,0.01,0.01,0.01,891390.0
2024-05-14 08:00:00+00:00,0.01,0.01,0.01,0.01,1660321.0
2024-05-14 12:00:00+00:00,0.01,0.01,0.01,0.01,821044.0
2024-05-14 16:00:00+00:00,0.01,0.01,0.01,0.01,897622.0
2024-05-14 20:00:00+00:00,0.01,0.01,0.01,0.01,495384.0
2024-05-15 00:00:00+00:00,0.01,0.01,0.01,0.01,725118.0
2024-05-15 04:00:00+00:00,0.01,0.01,0.01,0.01,657148.0
2024-05-15 08:00:00+00:00,0.01,0.01,0.01,0.01,1859792.0
2024-05-15 12:00:00+00:00,0.01,0.01,0.01,0.01,782011.0
2024-05-15 16:00:00+00:00,0.01,0.01,0.01,0.01,1283962.0
2024-05-15 20:00:00+00:00,0.01,0.01,0.01,0.01,1300989.0
2024-05-16 00:00:00+00:00,0.01,0.01,0.01,0.01,738867.0
2024-05-16 04:00:00+00:00,0.01,0.01,0.01,0.01,988653.0
2024-05-16 08:00:00+00:00,0.01,0.01,0.0,0.0,1604648.0
2024-05-16 12:00:00+00:00,0.0,0.01,0.0,0.01,907325.0
2024-05-16 16:00:00+00:00,0.01,0.01,0.01,0.01,1643905.0
2024-05-16 20:00:00+00:00,0.01,0.01,0.01,0.01,962976.0
2024-05-17 00:00:00+00:00,0.01,0.01,0.01,0.01,1303968.0
2024-05-17 04:00:00+00:00,0.01,0.01,0.01,0.01,1471378.0
2024-05-17 08:00:00+00:00,0.01,0.01,0.01,0.01,1010905.0
2024-05-17 12:00:00+00:00,0.01,0.01,0.01,0.01,1064996.0
2024-05-17 16:00:00+00:00,0.01,0.01,0.01,0.01,1268248.0
2024-05-17 20:00:00+00:00,0.01,0.01,0.01,0.01,1306635.0
2024-05-18 00:00:00+00:00,0.01,0.01,0.01,0.01,499380.0
2024-05-18 04:00:00+00:00,0.01,0.01,0.01,0.01,818114.0
2024-05-18 08:00:00+00:00,0.01,0.01,0.01,0.01,1572333.0
2024-05-18 12:00:00+00:00,0.01,0.01,0.01,0.01,2003569.0
2024-05-18 16:00:00+00:00,0.01,0.01,0.01,0.01,1053917.0
2024-05-18 20:00:00+00:00,0.01,0.02,0.01,0.02,1520881.0
2024-05-19 00:00:00+00:00,0.02,0.02,0.01,0.01,1422913.0
2024-05-19 04:00:00+00:00,0.01,0.01,0.01,0.01,1671449.0
2024-05-19 08:00:00+00:00,0.01,0.01,0.01,0.01,406245.0
2024-05-19 12:00:00+00:00,0.01,0.01,0.01,0.01,1026058.0
2024-05-19 16:00:00+00:00,0.01,0.01,0.01,0.01,1191015.0
2024-05-19 20:00:00+00:00,0.01,0.01,0.01,0.01,2053877.0
2024-05-20 00:00:00+00:00,0.01,0.01,0.01,0.01,4669322.0
2024-05-20 04:00:00+00:00,0.01,0.01,0.01,0.01,900331.0
2024-05-20 08:00:00+00:00,0.01,0.01,0.01,0.01,549433.0
2024-05-20 12:00:00+00:00,0.01,0.01,0.01,0.01,2079745.0
2024-05-20 16:00:00+00:00,0.01,0.01,0.01,0.01,2793426.0
2024-05-20 20:00:00+00:00,0.01,0.01,0.01,0.01,1529421.0
2024-05-21 00:00:00+00:00,0.01,0.01,0.01,0.01,692933.0
2024-05-21 04:00:00+00:00,0.01,0.01,0.01,0.01,1641006.0
2024-05-21 08:00:00+00:00,0.01,0.01,0.01,0.01,1818992.0
2024-05-21 12:00:00+00:00,0.01,0.01,0.01,0.01,897813.0
2024-05-21 16:00:00+00:00,0.01,0.01,0.01,0.01,1424913.0
2024-05-21 20:00:00+00:00,0.01,0.01,0.01,0.01,1778501.0
2024-05-22 00:00:00+00:00,0.01,0.01,0.01,0.01,2215149.0
2024-05-22 04:00:00+00:00,0.01,0.01,0.01,0.01,1098051.0
2024-05-22 08:00:00+00:00,0.01,0.01,0.01,0.01,1763921.0
2024-05-22 12:00:00+00:00,0.01,0.01,0.01,0.01,2368460.0
2024-05-22 16:00:00+00:00,0.01,0.01,0.01,0.01,673984.0
2024-05-22 20:00:00+00:00,0.01,0.01,0.01,0.01,1588784.0
2024-05-23 00:00:00+00:00,0.01,0.01,0.01,0.01,627898.0
2024-05-23 04:00:00+00:00,0.01,0.01,0.01,0.01,2184948.0
2024-05-23 08:00:00+00:00,0.01,0.01,0.01,0.01,1352821.0
2024-05-23 12:00:00+00:00,0.01,0.01,0.01,0.01,3098484.0
2024-05-23 16:00:00+00:00,0.01,0.01,0.01,0.01,1602040.0
2024-05-23 20:00:00+00:00,0.01,0.01,0.01,0.01,743680.0
2024-05-24 00:00:00+00:00,0.01,0.01,0.01,0.01,2478378.0
2024-05-24 04:00:00+00:00,0.01,0.01,0.01,0.01,2704304.0
2024-05-24 08:00:00+00:00,0.01,0.01,0.01,0.01,2002297.0
2024-05-24 12:00:00+00:00,0.01,0.01,0.01,0.01,747853.0
2024-05-24 16:00:00+00:00,0.01,0.01,0.01,0.01,1440867.0
2024-05-24 20:00:00+00:00,0.01,0.01,0.01,0.01,1827403.0
2024-05-25 00:00:00+00:00,0.01,0.01,0.01,0.01,1273740.0
2024-05-25 04:00:00+00:00,0.01,0.01,0.01,0.01,2967341.0
2024-05-25 08:00:00+00:00,0.01,0.01,0.01,0.01,1259687.0
2024-05-25 12:00:00+00:00,0.01,0.01,0.01,0.01,292709.0
2024-05-25 16:00:00+00:00,0.01,0.01,0.01,0.01,1365903.0
2024-05-25 20:00:00+00:00,0.01,0.01,0.01,0.01,1091000.0
2024-05-26 00:00:00+00:00,0.01,0.02,0.01,0.02,1836474.0
2024-05-26 04:00:00+00:00,0.02,0.02,0.02,0.02,896348.0
2024-05-26 08:00:00+00:00,0.02,0.02,0.01,0.01,2032274.0
2024-05-26 12:00:00+00:00,0.01,0.01,0.01,0.01,2833997.0
2024-05-26 16:00:00+00:00,0.01,0.01,0.01,0.01,1529200.0
2024-05-26 20:00:00+00:00,0.01,0.01,0.01,0.01,855344.0
2024-05-27 00:00:00+00:00,0.01,0.01,0.01,0.01,1761041.0
2024-05-27 04:00:00+00:00,0.01,0.01,0.01,0.01,1243857.0
2024-05-27 08:00:00+00:00,0.01,0.01,0.01,0.01,737661.0
2024-05-27 12:00:00+00:00,0.01,0.01,0.01,0.01,1344257.0
2024-05-27 16:00:00+00:00,0.01,0.01,0.01,0.01,1922575.0
2024-05-27 20:00:00+00:00,0.01,0.02,0.01,0.02,4618420.0
2024-05-28 00:00:00+00:00,0.02,0.02,0.02,0.02,2319434.0
2024-05-28 04:00:00+00:00,0.02,0.02,0.02,0.02,865640.0
2024-05-28 08:00:00+00:00,0.02,0.02,0.02,0.02,2215951.0
2024-05-28 12:00:00+00:00,0.02,0.02,0.02,0.02,812597.0
2024-05-28 16:00:00+00:00,0.02,0.03,0.02,0.03,2593563.0
2024-05-28 20:00:00+00:00,0.03,0.03,0.03,0.03,975522.0
2024-05-29 00:00:00+00:00,0.03,0.03,0.03,0.03,696331.0
2024-05-29 04:00:00+00:00,0.03,0.03,0.03,0.03,1456187.0
2024-05-29 08:00:00+00:00,0.03,0.04,0.03,0.04,393567.0
2024-05-29 12:00:00+00:00,0.04,0.04,0.04,0.04,570490.0
2024-05-29 16:00:00+00:00,0.04,0.04,0.04,0.04,1123893.0
2024-05-29 20:00:00+00:00,0.04,0.05,0.04,0.05,1542138.0
2024-05-30 00:00:00+00:00,0.05,0.06,0.05,0.06,1268682.0
2024-05-30 04:00:00+00:00,0.06,0.07,0.06,0.07,736214.0
2024-05-30 08:00:00+00:00,0.07,0.08,0.07,0.08,858081.0
2024-05-30 12:00:00+00:00,0.08,0.08,0.08,0.08,1307934.0
2024-05-30 16:00:00+00:00,0.08,0.08,0.07,0.08,1425386.0
2024-05-30 20:00:00+00:00,0.08,0.09,0.08,0.09,1528894.0
2024-05-31 00:00:00+00:00,0.09,0.09,0.08,0.08,2439636.0
2024-05-31 04:00:00+00:00,0.08,0.08,0.08,0.08,1421540.0
2024-05-31 08:00:00+00:00,0.08,0.08,0.08,0.08,810359.0
2024-05-31 12:00:00+00:00,0.08,0.08,0.08,0.08,879865.0
2024-05-31 16:00:00+00:00,0.08,0.1,0.08,0.09,776870.0
2024-05-31 20:00:00+00:00,0.09,0.1,0.09,0.1,1028219.0
2024-06-01 00:00:00+00:00,0.1,0.1,0.1,0.1,1779037.0
2024-06-01 04:00:00+00:00,0.1,0.1,0.08,0.08,2261165.0
2024-06-01 08:00:00+00:00,0.08,0.09,0.08,0.09,2691273.0
2024-06-01 12:00:00+00:00,0.09,0.1,0.09,0.1,1108493.0
2024-06-01 16:00:00+00:00,0.1,0.13,0.09,0.13,3866958.0
2024-06-01 20:00:00+00:00,0.13,0.13,0.12,0.12,1034287.0
2024-06-02 00:00:00+00:00,0.12,0.13,0.12,0.12,2291400.0
2024-06-02 04:00:00+00:00,0.12,0.13,0.12,0.13,1099390.0
2024-06-02 08:00:00+00:00,0.13,0.16,0.13,0.16,2434114.0
2024-06-02 12:00:00+00:00,0.16,0.16,0.16,0.16,2182051.0
2024-06-02 16:00:00+00:00,0.16,0.16,0.16,0.16,1020328.0
2024-06-02 20:00:00+00:00,0.16,0.18,0.16,0.18,1419669.0
2024-06-03 00:00:00+00:00,0.18,0.19,0.17,0.18,2063474.0
2024-06-03 04:00:00+00:00,0.18,0.19,0.17,0.17,1124305.0
2024-06-03 08:00:00+00:00,0.17,0.18,0.17,0.18,561378.0
2024-06-03 12:00:00+00:00,0.18,0.21,0.18,0.2,4328390.0
2024-06-03 16:00:00+00:00,0.2,0.2,0.17,0.17,1156428.0
2024-06-03 20:00:00+00:00,0.17,0.18,0.17,0.18,1146687.0
2024-06-04 00:00:00+00:00,0.18,0.18,0.16,0.16,2343203.0
2024-06-04 04:00:00+00:00,0.16,0.19,0.16,0.19,1133933.0
2024-06-04 08:00:00+00:00,0.19,0.19,0.14,0.14,1018605.0
2024-06-04 12:00:00+00:00,0.14,0.15,0.13,0.13,1421435.0
2024-06-04 16:00:00+00:00,0.13,0.15,0.13,0.14,477017.0
2024-06-04 20:00:00+00:00,0.14,0.17,0.14,0.17,1475533.0
2024-06-05 00:00:00+00:00,0.17,0.17,0.17,0.17,1164311.0
2024-06-05 04:00:00+00:00,0.17,0.17,0.16,0.16,1090229.0
2024-06-05 08:00:00+00:00,0.16,0.2,0.16,0.2,853305.0
2024-06-05 12:00:00+00:00,0.2,0.2,0.16,0.16,3665841.0
2024-06-05 16:00:00+00:00,0.16,0.16,0.1,0.1,2095514.0
2024-06-05 20:00:00+00:00,0.1,0.11,0.1,0.11,2449763.0
2024-06-06 00:00:00+00:00,0.11,0.11,0.1,0.1,1076682.0
2024-06-06 04:00:00+00:00,0.1,0.1,0.09,0.09,940140.0
2024-06-06 08:00:00+00:00,0.09,0.1,0.09,0.1,1508549.0
2024-06-06 12:00:00+00:00,0.1,0.1,0.1,0.1,996088.0
2024-06-06 16:00:00+00:00,0.1,0.1,0.09,0.09,695868.0
2024-06-06 20:00:00+00:00,0.09,0.09,0.07,0.07,3286774.0
2024-06-07 00:00:00+00:00,0.07,0.08,0.07,0.08,1020230.0
2024-06-07 04:00:00+00:00,0.08,0.09,0.08,0.09,515062.0
2024-06-07 08:00:00+00:00,0.09,0.09,0.09,0.09,2029292.0
2024-06-07 12:00:00+00:00,0.09,0.12,0.09,0.12,1418624.0
2024-06-07 16:00:00+00:00,0.12,0.12,0.1,0.1,1093162.0
2024-06-07 20:00:00+00:00,0.1,0.1,0.07,0.07,697570.0
2024-06-08 00:00:00+00:00,0.07,0.08,0.07,0.07,3131050.0
2024-06-08 04:00:00+00:00,0.07,0.07,0.07,0.07,535430.0
2024-06-08 08:00:00+00:00,0.07,0.07,0.07,0.07,1141337.0
2024-06-08 12:00:00+00:00,0.07,0.07,0.07,0.07,1748549.0
2024-06-08 16:00:00+00:00,0.07,0.07,0.07,0.07,1430803.0
2024-06-08 20:00:00+00:00,0.07,0.07,0.06,0.06,1516867.0
2024-06-09 00:00:00+00:00,0.06,0.07,0.06,0.07,704702.0
2024-06-09 04:00:00+00:00,0.07,0.07,0.07,0.07,691417.0
2024-06-09 08:00:00+00:00,0.07,0.08,0.07,0.08,1646554.0
2024-06-09 12:00:00+00:00,0.08,0.08,0.08,0.08,779035.0
2024-06-09 16:00:00+00:00,0.08,0.09,0.08,0.09,1335182.0
2024-06-09 20:00:00+00:00,0.09,0.1,0.09,0.1,1767529.0
2024-06-10 00:00:00+00:00,0.1,0.1,0.1,0.1,1945079.0
2024-06-10 04:00:00+00:00,0.1,0.11,0.1,0.11,698683.0
2024-06-10 08:00:00+00:00,0.11,0.14,0.11,0.14,4794929.0
2024-06-10 12:00:00+00:00,0.14,0.14,0.13,0.14,1598552.0
2024-06-10 16:00:00+00:00,0.14,0.16,0.14,0.16,1318612.0
2024-06-10 20:00:00+00:00,0.16,0.16,0.15,0.15,1792616.0
2024-06-11 00:00:00+00:00,0.15,0.19,0.15,0.19,5363651.0
2024-06-11 04:00:00+00:00,0.19,0.19,0.16,0.17,634958.0
2024-06-11 08:00:00+00:00,0.17,0.21,0.17,0.21,1618239.0
2024-06-11 12:00:00+00:00,0.21,0.21,0.21,0.21,309734.0
2024-06-11 16:00:00+00:00,0.21,0.21,0.17,0.17,1800157.0
2024-06-11 20:00:00+00:00,0.17,0.17,0.17,0.17,1270557.0
2024-06-12 00:00:00+00:00,0.17,0.17,0.15,0.15,1279293.0
2024-06-12 04:00:00+00:00,0.15,0.17,0.15,0.17,994137.0
2024-06-12 08:00:00+00:00,0.17,0.17,0.16,0.16,464014.0
2024-06-12 12:00:00+00:00,0.16,0.16,0.14,0.15,1446473.0
2024-06-12 16:00:00+00:00,0.15,0.15,0.1,0.1,3829256.0
2024-06-12 20:00:00+00:00,0.1,0.1,0.1,0.1,895088.0
2024-06-13 00:00:00+00:00,0.1,0.1,0.06,0.06,2604446.0
2024-06-13 04:00:00+00:00,0.06,0.06,0.05,0.05,781640.0
2024-06-13 08:00:00+00:00,0.05,0.05,0.05,0.05,1687739.0
2024-06-13 12:00:00+00:00,0.05,0.06,0.05,0.06,1112427.0
2024-06-13 16:00:00+00:00,0.06,0.06,0.06,0.06,814212.0
2024-06-13 20:00:00+00:00,0.06,0.06,0.05,0.05,980873.0
2024-06-14 00:00:00+00:00,0.05,0.05,0.05,0.05,838551.0
2024-06-14 04:00:00+00:00,0.05,0.05,0.05,0.05,1212068.0
2024-06-14 08:00:00+00:00,0.05,0.05,0.04,0.04,781919.0
2024-06-14 12:00:00+00:00,0.04,0.05,0.04,0.05,1374939.0
2024-06-14 16:00:00+00:00,0.05,0.06,0.05,0.06,1366539.0
2024-06-14 20:00:00+00:00,0.06,0.06,0.06,0.06,634445.0
2024-06-15 00:00:00+00:00,0.06,0.06,0.06,0.06,2485839.0
2024-06-15 04:00:00+00:00,0.06,0.06,0.06,0.06,713104.0
2024-06-15 08:00:00+00:00,0.06,0.06,0.04,0.04,1367665.0
2024-06-15 12:00:00+00:00,0.04,0.04,0.04,0.04,681298.0
2024-06-15 16:00:00+00:00,0.04,0.04,0.04,0.04,3211968.0
2024-06-15 20:00:00+00:00,0.04,0.04,0.03,0.03,1912781.0
2024-06-16 00:00:00+00:00,0.03,0.03,0.03,0.03,705343.0
2024-06-16 04:00:00+00:00,0.03,0.04,0.03,0.04,3144816.0
2024-06-16 08:00:00+00:00,0.04,0.04,0.04,0.04,1424068.0
2024-06-16 12:00:00+00:00,0.04,0.04,0.04,0.04,1429986.0
2024-06-16 16:00:00+00:00,0.04,0.04,0.04,0.04,1058300.0
2024-06-16 20:00:00+00:00,0.04,0.05,0.04,0.05,1120046.0
2024-06-17 00:00:00+00:00,0.05,0.06,0.05,0.06,1675889.0
2024-06-17 04:00:00+00:00,0.06,0.06,0.05,0.06,781333.0
2024-06-17 08:00:00+00:00,0.06,0.06,0.05,0.05,3196510.0
2024-06-17 12:00:00+00:00,0.05,0.06,0.05,0.06,696212.0
2024-06-17 16:00:00+00:00,0.06,0.06,0.06,0.06,2535163.0
2024-06-17 20:00:00+00:00,0.06,0.07,0.06,0.07,1325850.0
2024-06-18 00:00:00+00:00,0.07,0.08,0.07,0.08,1491839.0
2024-06-18 04:00:00+00:00,0.08,0.09,0.08,0.09,2231144.0
2024-06-18 08:00:00+00:00,0.09,0.09,0.08,0.08,906484.0
2024-06-18 12:00:00+00:00,0.08,0.1,0.08,0.1,2451438.0
2024-06-18 16:00:00+00:00,0.1,0.1,0.1,0.1,280805.0
2024-06-18 20:00:00+00:00,0.1,0.13,0.1,0.13,1347995.0
2024-06-19 00:00:00+00:00,0.13,0.13,0.12,0.12,826568.0
2024-06-19 04:00:00+00:00,0.12,0.15,0.11,0.15,950665.0
2024-06-19 08:00:00+00:00,0.15,0.15,0.14,0.15,976184.0
2024-06-19 12:00:00+00:00,0.15,0.16,0.13,0.14,1570940.0
2024-06-19 16:00:00+00:00,0.14,0.14,0.13,0.13,1733720.0
2024-06-19 20:00:00+00:00,0.13,0.13,0.11,0.12,1293401.0
2024-06-20 00:00:00+00:00,0.12,0.13,0.12,0.13,851842.0
2024-06-20 04:00:00+00:00,0.13,0.14,0.13,0.14,1482280.0
2024-06-20 08:00:00+00:00,0.14,0.14,0.12,0.12,1341885.0
2024-06-20 12:00:00+00:00,0.12,0.13,0.12,0.12,1619135.0
2024-06-20 16:00:00+00:00,0.12,0.17,0.12,0.16,2872479.0
2024-06-20 20:00:00+00:00,0.16,0.21,0.16,0.21,1801371.0
2024-06-21 00:00:00+00:00,0.21,0.22,0.21,0.22,761702.0
2024-06-21 04:00:00+00:00,0.22,0.22,0.22,0.22,731251.0
2024-06-21 08:00:00+00:00,0.22,0.22,0.22,0.22,797338.0
2024-06-21 12:00:00+00:00,0.22,0.24,0.22,0.24,1082667.0
2024-06-21 16:00:00+00:00,0.24,0.24,0.21,0.21,1674193.0
2024-06-21 20:00:00+00:00,0.21,0.21,0.2,0.2,1601310.0
2024-06-22 00:00:00+00:00,0.2,0.2,0.15,0.15,1710784.0
2024-06-22 04:00:00+00:00,0.15,0.16,0.15,0.16,1184817.0
2024-06-22 08:00:00+00:00,0.16,0.17,0.16,0.17,1382338.0
2024-06-22 12:00:00+00:00,0.17,0.17,0.16,0.16,944198.0
2024-06-22 16:00:00+00:00,0.16,0.2,0.15,0.2,1072520.0
2024-06-22 20:00:00+00:00,0.2,0.2,0.16,0.16,647078.0
2024-06-23 00:00:00+00:00,0.16,0.16,0.12,0.12,1175445.0
2024-06-23 04:00:00+00:00,0.12,0.13,0.12,0.13,1388323.0
2024-06-23 08:00:00+00:00,0.13,0.15,0.13,0.15,1031500.0
2024-06-23 12:00:00+00:00,0.15,0.19,0.15,0.19,1555892.0
2024-06-23 16:00:00+00:00,0.19,0.19,0.17,0.17,1530407.0
2024-06-23 20:00:00+00:00,0.17,0.2,0.17,0.2,1919752.0
2024-06-24 00:00:00+00:00,0.2,0.2,0.2,0.2,596376.0
2024-06-24 04:00:00+00:00,0.2,0.2,0.19,0.19,1782502.0
2024-06-24 08:00:00+00:00,0.19,0.22,0.19,0.22,2439518.0
2024-06-24 12:00:00+00:00,0.22,0.24,0.22,0.24,731732.0
2024-06-24 16:00:00+00:00,0.24,0.24,0.18,0.18,1136441.0
2024-06-24 20:00:00+00:00,0.18,0.22,0.18,0.22,3007646.0
2024-06-25 00:00:00+00:00,0.22,0.27,0.21,0.27,1500180.0
2024-06-25 04:00:00+00:00,0.27,0.27,0.24,0.24,424580.0
2024-06-25 08:00:00+00:00,0.24,0.26,0.23,0.26,581751.0
2024-06-25 12:00:00+00:00,0.26,0.28,0.25,0.27,1072928.0
2024-06-25 16:00:00+00:00,0.27,0.29,0.27,0.28,620700.0
2024-06-25 20:00:00+00:00,0.28,0.28,0.26,0.26,1020445.0
2024-06-26 00:00:00+00:00,0.26,0.26,0.23,0.23,1330851.0
2024-06-26 04:00:00+00:00,0.23,0.23,0.23,0.23,2116561.0
2024-06-26 08:00:00+00:00,0.23,0.27,0.23,0.27,1309086.0
2024-06-26 12:00:00+00:00,0.27,0.3,0.27,0.29,2114934.0
2024-06-26 16:00:00+00:00,0.29,0.3,0.26,0.28,2399234.0
2024-06-26 20:00:00+00:00,0.28,0.31,0.27,0.31,2744164.0
2024-06-27 00:00:00+00:00,0.31,0.31,0.17,0.17,2640010.0
2024-06-27 04:00:00+00:00,0.17,0.2,0.17,0.2,565428.0
2024-06-27 08:00:00+00:00,0.2,0.21,0.15,0.15,2254910.0
2024-06-27 12:00:00+00:00,0.15,0.15,0.14,0.14,1978233.0
2024-06-27 16:00:00+00:00,0.14,0.14,0.12,0.12,1451940.0
2024-06-27 20:00:00+00:00,0.12,0.12,0.09,0.09,3805884.0
2024-06-28 00:00:00+00:00,0.09,0.11,0.09,0.11,2327333.0
2024-06-28 04:00:00+00:00,0.11,0.11,0.1,0.1,1619352.0
2024-06-28 08:00:00+00:00,0.1,0.11,0.1,0.11,1975412.0
2024-06-28 12:00:00+00:00,0.11,0.11,0.11,0.11,1216351.0
2024-06-28 16:00:00+00:00,0.11,0.11,0.11,0.11,346183.0
2024-06-28 20:00:00+00:00,0.11,0.12,0.11,0.11,799374.0
2024-06-29 00:00:00+00:00,0.11,0.12,0.09,0.09,2874331.0
2024-06-29 04:00:00+00:00,0.09,0.11,0.09,0.11,961357.0
2024-06-29 08:00:00+00:00,0.11,0.11,0.1,0.1,1100790.0
2024-06-29 12:00:00+00:00,0.1,0.1,0.07,0.07,1013719.0
2024-06-29 16:00:00+00:00,0.07,0.07,0.07,0.07,2931445.0
2024-06-29 20:00:00+00:00,0.07,0.09,0.07,0.09,3863124.0
2024-06-30 00:00:00+00:00,0.09,0.1,0.08,0.1,883028.0
2024-06-30 04:00:00+00:00,0.1,0.1,0.09,0.09,1254876.0
2024-06-30 08:00:00+00:00,0.09,0.09,0.08,0.09,829768.0
2024-06-30 12:00:00+00:00,0.09,0.09,0.08,0.08,1568948.0
2024-06-30 16:00:00+00:00,0.08,0.11,0.08,0.11,2484531.0
2024-06-30 20:00:00+00:00,0.11,0.11,0.11,0.11,1745081.0
2024-07-01 00:00:00+00:00,0.11,0.12,0.11,0.12,1398428.0
2024-07-01 04:00:00+00:00,0.12,0.14,0.12,0.14,6312279.0
2024-07-01 08:00:00+00:00,0.14,0.14,0.14,0.14,657050.0
2024-07-01 12:00:00+00:00,0.14,0.14,0.13,0.14,478508.0
2024-07-01 16:00:00+00:00,0.14,0.14,0.13,0.13,901476.0
2024-07-01 20:00:00+00:00,0.13,0.13,0.13,0.13,475350.0
2024-07-02 00:00:00+00:00,0.13,0.13,0.13,0.13,486239.0
2024-07-02 04:00:00+00:00,0.13,0.14,0.13,0.14,795783.0
2024-07-02 08:00:00+00:00,0.14,0.14,0.14,0.14,639771.0
2024-07-02 12:00:00+00:00,0.14,0.16,0.14,0.16,816805.0
2024-07-02 16:00:00+00:00,0.16,0.16,0.15,0.16,1354184.0
2024-07-02 20:00:00+00:00,0.16,0.16,0.15,0.16,796919.0
2024-07-03 00:00:00+00:00,0.16,0.16,0.11,0.11,1730561.0
2024-07-03 04:00:00+00:00,0.11,0.13,0.11,0.12,2195135.0
2024-07-03 08:00:00+00:00,0.12,0.13,0.12,0.13,782148.0
2024-07-03 12:00:00+00:00,0.13,0.15,0.13,0.15,1262097.0
2024-07-03 16:00:00+00:00,0.15,0.15,0.08,0.08,2775686.0
2024-07-03 20:00:00+00:00,0.08,0.11,0.08,0.11,731573.0
2024-07-04 00:00:00+00:00,0.11,0.11,0.11,0.11,325071.0
2024-07-04 04:00:00+00:00,0.11,0.13,0.11,0.13,1771491.0
2024-07-04 08:00:00+00:00,0.13,0.13,0.1,0.11,1887879.0
2024-07-04 12:00:00+00:00,0.11,0.12,0.11,0.12,3558172.0
2024-07-04 16:00:00+00:00,0.12,0.12,0.1,0.1,1604006.0
2024-07-04 20:00:00+00:00,0.1,0.1,0.09,0.09,1941546.0
2024-07-05 00:00:00+00:00,0.09,0.11,0.09,0.11,1680841.0
2024-07-05 04:00:00+00:00,0.11,0.11,0.11,0.11,1268846.0
2024-07-05 08:00:00+00:00,0.11,0.11,0.11,0.11,2509075.0
2024-07-05 12:00:00+00:00,0.11,0.13,0.11,0.13,478501.0
2024-07-05 16:00:00+00:00,0.13,0.14,0.13,0.14,1494771.0
2024-07-05 20:00:00+00:00,0.14,0.14,0.13,0.14,3084180.0
2024-07-06 00:00:00+00:00,0.14,0.15,0.14,0.15,1331460.0
2024-07-06 04:00:00+00:00,0.15,0.2,0.14,0.2,4734617.0
2024-07-06 08:00:00+00:00,0.2,0.2,0.19,0.2,754230.0
2024-07-06 12:00:00+00:00,0.2,0.2,0.19,0.2,1065390.0
2024-07-06 16:00:00+00:00,0.2,0.23,0.2,0.23,1487630.0
2024-07-06 20:00:00+00:00,0.23,0.27,0.23,0.27,491847.0
2024-07-07 00:00:00+00:00,0.27,0.32,0.27,0.32,851716.0
2024-07-07 04:00:00+00:00,0.32,0.35,0.31,0.35,740116.0
2024-07-07 08:00:00+00:00,0.35,0.35,0.29,0.29,2294035.0
2024-07-07 12:00:00+00:00,0.29,0.36,0.29,0.36,2673568.0
2024-07-07 16:00:00+00:00,0.36,0.36,0.29,0.29,1789859.0
2024-07-07 20:00:00+00:00,0.29,0.31,0.28,0.31,1706222.0
2024-07-08 00:00:00+00:00,0.31,0.32,0.27,0.27,1239460.0
2024-07-08 04:00:00+00:00,0.27,0.27,0.27,0.27,1887353.0
2024-07-08 08:00:00+00:00,0.27,0.28,0.26,0.28,1145824.0
2024-07-08 12:00:00+00:00,0.28,0.3,0.28,0.29,1172340.0
2024-07-08 16:00:00+00:00,0.29,0.32,0.29,0.31,1037007.0
2024-07-08 20:00:00+00:00,0.31,0.39,0.3,0.39,2422886.0
2024-07-09 00:00:00+00:00,0.39,0.42,0.37,0.41,971102.0
2024-07-09 04:00:00+00:00,0.41,0.41,0.39,0.4,1816945.0
2024-07-09 08:00:00+00:00,0.4,0.46,0.39,0.45,811163.0
2024-07-09 12:00:00+00:00,0.45,0.53,0.45,0.53,883371.0
2024-07-09 16:00:00+00:00,0.53,0.56,0.42,0.43,2196050.0
2024-07-09 20:00:00+00:00,0.43,0.47,0.43,0.47,1209341.0
2024-07-10 00:00:00+00:00,0.47,0.53,0.47,0.52,1044741.0
2024-07-10 04:00:00+00:00,0.52,0.52,0.49,0.5,1776531.0
2024-07-10 08:00:00+00:00,0.5,0.61,0.49,0.6,1191848.0
2024-07-10 12:00:00+00:00,0.6,0.6,0.58,0.58,969704.0
2024-07-10 16:00:00+00:00,0.58,0.62,0.58,0.59,2118283.0
2024-07-10 20:00:00+00:00,0.59,0.6,0.58,0.58,2334746.0
2024-07-11 00:00:00+00:00,0.58,0.59,0.58,0.58,2201761.0
2024-07-11 04:00:00+00:00,0.58,0.58,0.48,0.49,1292091.0
2024-07-11 08:00:00+00:00,0.49,0.49,0.38,0.38,3056188.0
2024-07-11 12:00:00+00:00,0.38,0.47,0.38,0.47,1066433.0
2024-07-11 16:00:00+00:00,0.47,0.47,0.41,0.41,879823.0
2024-07-11 20:00:00+00:00,0.41,0.41,0.35,0.35,447529.0
2024-07-12 00:00:00+00:00,0.35,0.35,0.24,0.24,4552273.0
2024-07-12 04:00:00+00:00,0.24,0.24,0.21,0.21,837934.0
2024-07-12 08:00:00+00:00,0.21,0.22,0.17,0.17,1500445.0
2024-07-12 12:00:00+00:00,0.17,0.22,0.17,0.21,1101197.0
2024-07-12 16:00:00+00:00,0.21,0.24,0.21,0.24,2054903.0
2024-07-12 20:00:00+00:00,0.24,0.25,0.22,0.22,1087687.0
2024-07-13 00:00:00+00:00,0.22,0.29,0.22,0.29,1047279.0
2024-07-13 04:00:00+00:00,0.29,0.34,0.29,0.33,1794890.0
2024-07-13 08:00:00+00:00,0.33,0.34,0.32,0.32,560859.0
2024-07-13 12:00:00+00:00,0.32,0.32,0.2,0.2,1399425.0
2024-07-13 16:00:00+00:00,0.2,0.27,0.2,0.27,707455.0
2024-07-13 20:00:00+00:00,0.27,0.27,0.21,0.21,798575.0
2024-07-14 00:00:00+00:00,0.21,0.21,0.16,0.16,1905253.0
2024-07-14 04:00:00+00:00,0.16,0.19,0.16,0.18,546007.0
2024-07-14 08:00:00+00:00,0.18,0.26,0.18,0.25,999422.0
2024-07-14 12:00:00+00:00,0.25,0.3,0.25,0.3,1619115.0
2024-07-14 16:00:00+00:00,0.3,0.33,0.3,0.33,953985.0
2024-07-14 20:00:00+00:00,0.33,0.37,0.32,0.36,3427377.0
2024-07-15 00:00:00+00:00,0.36,0.41,0.35,0.4,3458164.0
2024-07-15 04:00:00+00:00,0.4,0.45,0.4,0.45,868172.0
2024-07-15 08:00:00+00:00,0.45,0.47,0.45,0.47,1486367.0
2024-07-15 12:00:00+00:00,0.47,0.47,0.47,0.47,1520494.0
2024-07-15 16:00:00+00:00,0.47,0.48,0.46,0.47,763577.0
2024-07-15 20:00:00+00:00,0.47,0.47,0.41,0.42,632177.0
2024-07-16 00:00:00+00:00,0.42,0.42,0.4,0.4,1120729.0
2024-07-16 04:00:00+00:00,0.4,0.4,0.3,0.3,1617146.0
2024-07-16 08:00:00+00:00,0.3,0.3,0.29,0.29,840812.0
2024-07-16 12:00:00+00:00,0.29,0.3,0.25,0.25,1800366.0
2024-07-16 16:00:00+00:00,0.25,0.25,0.21,0.21,1029034.0
2024-07-16 20:00:00+00:00,0.21,0.21,0.21,0.21,607014.0
2024-07-17 00:00:00+00:00,0.21,0.26,0.21,0.26,1716410.0
2024-07-17 04:00:00+00:00,0.26,0.29,0.26,0.29,1712775.0
2024-07-17 08:00:00+00:00,0.29,0.31,0.22,0.22,948252.0
2024-07-17 12:00:00+00:00,0.22,0.23,0.19,0.19,2300415.0
2024-07-17 16:00:00+00:00,0.19,0.22,0.19,0.22,586882.0
2024-07-17 20:00:00+00:00,0.22,0.22,0.18,0.19,1080838.0
2024-07-18 00:00:00+00:00,0.19,0.19,0.18,0.18,968668.0
2024-07-18 04:00:00+00:00,0.18,0.2,0.17,0.19,906908.0
2024-07-18 08:00:00+00:00,0.19,0.19,0.16,0.17,1083088.0
2024-07-18 12:00:00+00:00,0.17,0.17,0.16,0.17,2667051.0
2024-07-18 16:00:00+00:00,0.17,0.17,0.13,0.13,1043895.0
2024-07-18 20:00:00+00:00,0.13,0.14,0.12,0.12,4309589.0
2024-07-19 00:00:00+00:00,0.12,0.13,0.12,0.13,1422187.0
2024-07-19 04:00:00+00:00,0.13,0.13,0.1,0.1,1798692.0
2024-07-19 08:00:00+00:00,0.1,0.1,0.1,0.1,1519177.0
2024-07-19 12:00:00+00:00,0.1,0.1,0.1,0.1,3577625.0
2024-07-19 16:00:00+00:00,0.1,0.11,0.1,0.11,756982.0
2024-07-19 20:00:00+00:00,0.11,0.12,0.11,0.12,628080.0
2024-07-20 00:00:00+00:00,0.12,0.14,0.12,0.14,1105821.0
2024-07-20 04:00:00+00:00,0.14,0.14,0.14,0.14,1072448.0
2024-07-20 08:00:00+00:00,0.14,0.14,0.13,0.13,503550.0
2024-07-20 12:00:00+00:00,0.13,0.14,0.13,0.14,1065831.0
2024-07-20 16:00:00+00:00,0.14,0.15,0.14,0.15,2897129.0
2024-07-20 20:00:00+00:00,0.15,0.15,0.15,0.15,1101183.0
2024-07-21 00:00:00+00:00,0.15,0.15,0.15,0.15,878487.0
2024-07-21 04:00:00+00:00,0.15,0.15,0.13,0.13,961506.0
2024-07-21 08:00:00+00:00,0.13,0.13,0.12,0.12,2036476.0
2024-07-21 12:00:00+00:00,0.12,0.12,0.09,0.09,1080174.0
2024-07-21 16:00:00+00:00,0.09,0.12,0.09,0.12,4496122.0
2024-07-21 20:00:00+00:00,0.12,0.12,0.1,0.1,4104217.0
2024-07-22 00:00:00+00:00,0.1,0.1,0.09,0.09,1492988.0
2024-07-22 04:00:00+00:00,0.09,0.09,0.08,0.08,1317026.0
2024-07-22 08:00:00+00:00,0.08,0.09,0.08,0.09,2346095.0
2024-07-22 12:00:00+00:00,0.09,0.09,0.08,0.08,1960666.0
2024-07-22 16:00:00+00:00,0.08,0.1,0.08,0.1,1042585.0
2024-07-22 20:00:00+00:00,0.1,0.1,0.09,0.09,1002603.0
2024-07-23 00:00:00+00:00,0.09,0.09,0.09,0.09,580260.0
2024-07-23 04:00:00+00:00,0.09,0.09,0.08,0.08,1690118.0
2024-07-23 08:00:00+00:00,0.08,0.11,0.08,0.11,2740493.0
2024-07-23 12:00:00+00:00,0.11,0.11,0.09,0.09,782140.0
2024-07-23 16:00:00+00:00,0.09,0.09,0.09,0.09,906117.0
2024-07-23 20:00:00+00:00,0.09,0.1,0.09,0.1,654370.0
2024-07-24 00:00:00+00:00,0.1,0.11,0.1,0.11,755665.0
2024-07-24 04:00:00+00:00,0.11,0.11,0.1,0.1,1429457.0
2024-07-24 08:00:00+00:00,0.1,0.1,0.1,0.1,734781.0
2024-07-24 12:00:00+00:00,0.1,0.1,0.1,0.1,875599.0
2024-07-24 16:00:00+00:00,0.1,0.1,0.1,0.1,472975.0
2024-07-24 20:00:00+00:00,0.1,0.11,0.1,0.11,1564936.0
2024-07-25 00:00:00+00:00,0.11,0.16,0.11,0.15,1949053.0
2024-07-25 04:00:00+00:00,0.15,0.16,0.14,0.14,870258.0
2024-07-25 08:00:00+00:00,0.14,0.14,0.11,0.11,1472588.0
2024-07-25 12:00:00+00:00,0.11,0.11,0.11,0.11,1140190.0
2024-07-25 16:00:00+00:00,0.11,0.15,0.11,0.15,1430593.0
2024-07-25 20:00:00+00:00,0.15,0.15,0.13,0.13,651954.0
2024-07-26 00:00:00+00:00,0.13,0.17,0.13,0.17,4280107.0
2024-07-26 04:00:00+00:00,0.17,0.21,0.16,0.21,1276971.0
2024-07-26 08:00:00+00:00,0.21,0.21,0.19,0.19,1192361.0
2024-07-26 12:00:00+00:00,0.19,0.21,0.19,0.21,2078168.0
2024-07-26 16:00:00+00:00,0.21,0.26,0.2,0.26,10103284.0
2024-07-26 20:00:00+00:00,0.26,0.26,0.24,0.24,629621.0
2024-07-27 00:00:00+00:00,0.24,0.24,0.23,0.23,1370020.0
2024-07-27 04:00:00+00:00,0.23,0.23,0.21,0.21,887542.0
2024-07-27 08:00:00+00:00,0.21,0.21,0.18,0.18,1114562.0
2024-07-27 12:00:00+00:00,0.18,0.18,0.16,0.16,903192.0
2024-07-27 16:00:00+00:00,0.16,0.16,0.13,0.13,884769.0
2024-07-27 20:00:00+00:00,0.13,0.14,0.13,0.13,992074.0
2024-07-28 00:00:00+00:00,0.13,0.13,0.12,0.12,643140.0
2024-07-28 04:00:00+00:00,0.12,0.13,0.11,0.12,1770184.0
2024-07-28 08:00:00+00:00,0.12,0.13,0.09,0.09,1750235.0
2024-07-28 12:00:00+00:00,0.09,0.1,0.09,0.1,1415871.0
2024-07-28 16:00:00+00:00,0.1,0.11,0.1,0.11,1087107.0
2024-07-28 20:00:00+00:00,0.11,0.11,0.08,0.08,1581138.0
2024-07-29 00:00:00+00:00,0.08,0.08,0.08,0.08,1345967.0
2024-07-29 04:00:00+00:00,0.08,0.1,0.08,0.1,865997.0
2024-07-29 08:00:00+00:00,0.1,0.1,0.08,0.08,1293414.0
2024-07-29 12:00:00+00:00,0.08,0.1,0.08,0.1,1138652.0
2024-07-29 16:00:00+00:00,0.1,0.11,0.1,0.1,759787.0
2024-07-29 20:00:00+00:00,0.1,0.1,0.09,0.09,459589.0
2024-07-30 00:00:00+00:00,0.09,0.09,0.09,0.09,2007584.0
2024-07-30 04:00:00+00:00,0.09,0.1,0.09,0.1,884026.0
2024-07-30 08:00:00+00:00,0.1,0.1,0.1,0.1,1845770.0
2024-07-30 12:00:00+00:00,0.1,0.11,0.1,0.11,2111919.0
2024-07-30 16:00:00+00:00,0.11,0.11,0.09,0.09,744802.0
2024-07-30 20:00:00+00:00,0.09,0.1,0.09,0.1,623131.0
2024-07-31 00:00:00+00:00,0.1,0.1,0.07,0.08,5894125.0
2024-07-31 04:00:00+00:00,0.08,0.08,0.07,0.07,2525706.0
2024-07-31 08:00:00+00:00,0.07,0.08,0.06,0.06,1385003.0
2024-07-31 12:00:00+00:00,0.06,0.06,0.06,0.06,1516327.0
2024-07-31 16:00:00+00:00,0.06,0.07,0.06,0.07,1133649.0
2024-07-31 20:00:00+00:00,0.07,0.08,0.07,0.08,1848267.0
2024-08-01 00:00:00+00:00,0.08,0.09,0.08,0.09,888717.0
2024-08-01 04:00:00+00:00,0.09,0.09,0.07,0.07,540634.0
2024-08-01 08:00:00+00:00,0.07,0.07,0.07,0.07,590995.0
2024-08-01 12:00:00+00:00,0.07,0.08,0.07,0.08,1560371.0
2024-08-01 16:00:00+00:00,0.08,0.08,0.08,0.08,603248.0
2024-08-01 20:00:00+00:00,0.08,0.11,0.08,0.11,1971475.0
2024-08-02 00:00:00+00:00,0.11,0.12,0.11,0.12,686745.0
2024-08-02 04:00:00+00:00,0.12,0.12,0.12,0.12,733625.0
2024-08-02 08:00:00+00:00,0.12,0.12,0.11,0.12,1747439.0
2024-08-02 12:00:00+00:00,0.12,0.12,0.11,0.12,1198114.0
2024-08-02 16:00:00+00:00,0.12,0.12,0.11,0.11,1064546.0
2024-08-02 20:00:00+00:00,0.11,0.13,0.11,0.13,2042369.0
2024-08-03 00:00:00+00:00,0.13,0.15,0.13,0.14,1817627.0
2024-08-03 04:00:00+00:00,0.14,0.15,0.13,0.13,2792399.0
2024-08-03 08:00:00+00:00,0.13,0.13,0.1,0.1,1271353.0
2024-08-03 12:00:00+00:00,0.1,0.1,0.07,0.07,1473939.0
2024-08-03 16:00:00+00:00,0.07,0.08,0.07,0.08,640637.0
2024-08-03 20:00:00+00:00,0.08,0.08,0.07,0.07,1208134.0
2024-08-04 00:00:00+00:00,0.07,0.07,0.04,0.04,3190185.0
2024-08-04 04:00:00+00:00,0.04,0.05,0.04,0.05,2249680.0
2024-08-04 08:00:00+00:00,0.05,0.07,0.05,0.07,3429104.0
2024-08-04 12:00:00+00:00,0.07,0.07,0.07,0.07,408940.0
2024-08-04 16:00:00+00:00,0.07,0.07,0.06,0.07,2356717.0
2024-08-04 20:00:00+00:00,0.07,0.07,0.07,0.07,413524.0
2024-08-05 00:00:00+00:00,0.07,0.08,0.07,0.07,1635679.0
2024-08-05 04:00:00+00:00,0.07,0.08,0.07,0.08,1171547.0
2024-08-05 08:00:00+00:00,0.08,0.08,0.08,0.08,1605835.0
2024-08-05 12:00:00+00:00,0.08,0.08,0.08,0.08,575745.0
2024-08-05 16:00:00+00:00,0.08,0.09,0.08,0.09,2057313.0
2024-08-05 20:00:00+00:00,0.09,0.09,0.08,0.08,624828.0
2024-08-06 00:00:00+00:00,0.08,0.09,0.08,0.09,1036180.0
2024-08-06 04:00:00+00:00,0.09,0.09,0.09,0.09,654229.0
2024-08-06 08:00:00+00:00,0.09,0.09,0.08,0.08,556912.0
2024-08-06 12:00:00+00:00,0.08,0.08,0.08,0.08,1302979.0
2024-08-06 16:00:00+00:00,0.08,0.08,0.07,0.07,3460777.0
2024-08-06 20:00:00+00:00,0.07,0.07,0.07,0.07,3848626.0
2024-08-07 00:00:00+00:00,0.07,0.07,0.07,0.07,1052107.0
2024-08-07 04:00:00+00:00,0.07,0.08,0.07,0.08,2581679.0
2024-08-07 08:00:00+00:00,0.08,0.09,0.08,0.09,1365330.0
2024-08-07 12:00:00+00:00,0.09,0.09,0.09,0.09,1294851.0
2024-08-07 16:00:00+00:00,0.09,0.1,0.09,0.1,1150377.0
2024-08-07 20:00:00+00:00,0.1,0.12,0.1,0.12,1794968.0
2024-08-08 00:00:00+00:00,0.12,0.13,0.12,0.13,1640269.0
2024-08-08 04:00:00+00:00,0.13,0.13,0.13,0.13,754471.0
2024-08-08 08:00:00+00:00,0.13,0.13,0.11,0.11,1518473.0
2024-08-08 12:00:00+00:00,0.11,0.11,0.09,0.09,1433640.0
2024-08-08 16:00:00+00:00,0.09,0.09,0.09,0.09,1714276.0
2024-08-08 20:00:00+00:00,0.09,0.09,0.08,0.08,745760.0
2024-08-09 00:00:00+00:00,0.08,0.08,0.07,0.08,1053041.0
2024-08-09 04:00:00+00:00,0.08,0.08,0.08,0.08,2677355.0
2024-08-09 08:00:00+00:00,0.08,0.08,0.07,0.08,2218901.0
2024-08-09 12:00:00+00:00,0.08,0.08,0.08,0.08,2017562.0
2024-08-09 16:00:00+00:00,0.08,0.09,0.08,0.09,1235823.0
2024-08-09 20:00:00+00:00,0.09,0.09,0.09,0.09,1213256.0
2024-08-10 00:00:00+00:00,0.09,0.09,0.06,0.06,3096872.0
2024-08-10 04:00:00+00:00,0.06,0.06,0.05,0.05,3093884.0
2024-08-10 08:00:00+00:00,0.05,0.06,0.05,0.05,399530.0
2024-08-10 12:00:00+00:00,0.05,0.05,0.04,0.04,796548.0
2024-08-10 16:00:00+00:00,0.04,0.05,0.04,0.05,2453907.0
2024-08-10 20:00:00+00:00,0.05,0.06,0.05,0.06,1475007.0
2024-08-11 00:00:00+00:00,0.06,0.07,0.06,0.07,1110512.0
2024-08-11 04:00:00+00:00,0.07,0.07,0.07,0.07,582539.0
2024-08-11 08:00:00+00:00,0.07,0.08,0.07,0.08,1270169.0
2024-08-11 12:00:00+00:00,0.08,0.09,0.08,0.09,532017.0
2024-08-11 16:00:00+00:00,0.09,0.09,0.08,0.08,3259636.0
2024-08-11 20:00:00+00:00,0.08,0.08,0.07,0.07,1255889.0
2024-08-12 00:00:00+00:00,0.07,0.08,0.07,0.07,1097741.0
2024-08-12 04:00:00+00:00,0.07,0.07,0.07,0.07,1567881.0
2024-08-12 08:00:00+00:00,0.07,0.07,0.07,0.07,1752304.0
2024-08-12 12:00:00+00:00,0.07,0.07,0.07,0.07,1731024.0
2024-08-12 16:00:00+00:00,0.07,0.07,0.07,0.07,1724125.0
2024-08-12 20:00:00+00:00,0.07,0.08,0.07,0.08,875648.0
2024-08-13 00:00:00+00:00,0.08,0.09,0.07,0.09,1329127.0
2024-08-13 04:00:00+00:00,0.09,0.1,0.09,0.1,2106691.0
2024-08-13 08:00:00+00:00,0.1,0.1,0.08,0.08,1276153.0
2024-08-13 12:00:00+00:00,0.08,0.08,0.05,0.05,2136706.0
2024-08-13 16:00:00+00:00,0.05,0.06,0.05,0.06,1742642.0
2024-08-13 20:00:00+00:00,0.06,0.06,0.04,0.04,2380869.0
2024-08-14 00:00:00+00:00,0.04,0.04,0.04,0.04,449684.0
2024-08-14 04:00:00+00:00,0.04,0.04,0.04,0.04,2171642.0
2024-08-14 08:00:00+00:00,0.04,0.04,0.03,0.03,1604451.0
2024-08-14 12:00:00+00:00,0.03,0.03,0.03,0.03,1782289.0
2024-08-14 16:00:00+00:00,0.03,0.03,0.03,0.03,1989866.0
2024-08-14 20:00:00+00:00,0.03,0.03,0.03,0.03,2796657.0
2024-08-15 00:00:00+00:00,0.03,0.03,0.02,0.02,4245956.0
2024-08-15 04:00:00+00:00,0.02,0.02,0.02,0.02,2427115.0
2024-08-15 08:00:00+00:00,0.02,0.02,0.02,0.02,2437498.0
2024-08-15 12:00:00+00:00,0.02,0.02,0.01,0.01,1917436.0
2024-08-15 16:00:00+00:00,0.01,0.01,0.01,0.01,1108287.0
2024-08-15 20:00:00+00:00,0.01,0.01,0.01,0.01,1549065.0
2024-08-16 00:00:00+00:00,0.01,0.02,0.01,0.02,1823554.0
2024-08-16 04:00:00+00:00,0.02,0.02,0.02,0.02,909967.0
2024-08-16 08:00:00+00:00,0.02,0.02,0.01,0.01,1748812.0
2024-08-16 12:00:00+00:00,0.01,0.02,0.01,0.02,1519849.0
2024-08-16 16:00:00+00:00,0.02,0.02,0.02,0.02,693598.0
2024-08-16 20:00:00+00:00,0.02,0.02,0.02,0.02,1913856.0
2024-08-17 00:00:00+00:00,0.02,0.02,0.01,0.01,1443293.0
2024-08-17 04:00:00+00:00,0.01,0.01,0.01,0.01,3317501.0
2024-08-17 08:00:00+00:00,0.01,0.01,0.01,0.01,616544.0
2024-08-17 12:00:00+00:00,0.01,0.01,0.01,0.01,809536.0
2024-08-17 16:00:00+00:00,0.01,0.01,0.01,0.01,1806996.0
2024-08-17 20:00:00+00:00,0.01,0.01,0.01,0.01,2841267.0
2024-08-18 00:00:00+00:00,0.01,0.01,0.01,0.01,2097399.0
2024-08-18 04:00:00+00:00,0.01,0.01,0.01,0.01,1950993.0
2024-08-18 08:00:00+00:00,0.01,0.01,0.01,0.01,617950.0
2024-08-18 12:00:00+00:00,0.01,0.01,0.01,0.01,724867.0
2024-08-18 16:00:00+00:00,0.01,0.01,0.01,0.01,1734700.0
2024-08-18 20:00:00+00:00,0.01,0.01,0.01,0.01,639120.0
2024-08-19 00:00:00+00:00,0.01,0.01,0.01,0.01,1402724.0
2024-08-19 04:00:00+00:00,0.01,0.01,0.01,0.01,1687224.0
2024-08-19 08:00:00+00:00,0.01,0.01,0.01,0.01,741180.0
2024-08-19 12:00:00+00:00,0.01,0.02,0.01,0.02,4416313.0
2024-08-19 16:00:00+00:00,0.02,0.02,0.01,0.01,2331489.0
2024-08-19 20:00:00+00:00,0.01,0.02,0.01,0.02,611747.0
2024-08-20 00:00:00+00:00,0.02,0.02,0.02,0.02,717011.0
2024-08-20 04:00:00+00:00,0.02,0.02,0.02,0.02,508290.0
2024-08-20 08:00:00+00:00,0.02,0.03,0.02,0.03,1156776.0
2024-08-20 12:00:00+00:00,0.03,0.03,0.02,0.03,1499854.0
2024-08-20 16:00:00+00:00,0.03,0.03,0.02,0.02,1079025.0
2024-08-20 20:00:00+00:00,0.02,0.02,0.02,0.02,1529675.0
2024-08-21 00:00:00+00:00,0.02,0.02,0.02,0.02,605915.0
2024-08-21 04:00:00+00:00,0.02,0.03,0.02,0.03,2852175.0
2024-08-21 08:00:00+00:00,0.03,0.03,0.03,0.03,810030.0
2024-08-21 12:00:00+00:00,0.03,0.03,0.03,0.03,1163592.0
2024-08-21 16:00:00+00:00,0.03,0.03,0.03,0.03,1041192.0
2024-08-21 20:00:00+00:00,0.03,0.03,0.02,0.02,846554.0
2024-08-22 00:00:00+00:00,0.02,0.02,0.02,0.02,803315.0
2024-08-22 04:00:00+00:00,0.02,0.02,0.02,0.02,2510697.0
2024-08-22 08:00:00+00:00,0.02,0.02,0.02,0.02,1572782.0
2024-08-22 12:00:00+00:00,0.02,0.02,0.02,0.02,2474765.0
2024-08-22 16:00:00+00:00,0.02,0.02,0.02,0.02,1468656.0
2024-08-22 20:00:00+00:00,0.02,0.02,0.02,0.02,1654759.0
2024-08-23 00:00:00+00:00,0.02,0.03,0.02,0.03,561309.0
2024-08-23 04:00:00+00:00,0.03,0.03,0.02,0.03,1271074.0
2024-08-23 08:00:00+00:00,0.03,0.03,0.03,0.03,1315674.0
2024-08-23 12:00:00+00:00,0.03,0.03,0.02,0.02,4336518.0
2024-08-23 16:00:00+00:00,0.02,0.02,0.02,0.02,29165034.0
2024-08-23 20:00:00+00:00,0.02,0.02,0.02,0.02,30185748.0
2024-08-24 00:00:00+00:00,0.02,0.02,0.02,0.02,18345652.0
2024-08-24 04:00:00+00:00,0.02,0.03,0.02,0.02,13821649.0
2024-08-24 08:00:00+00:00,0.03,0.03,0.03,0.03,16383685.0
2024-08-24 12:00:00+00:00,0.03,0.03,0.03,0.03,16762683.0
2024-08-24 16:00:00+00:00,0.03,0.04,0.03,0.04,1238166.0
2024-08-24 20:00:00+00:00,0.04,0.04,0.04,0.04,1059251.0
2024-08-25 00:00:00+00:00,0.04,0.04,0.04,0.04,1284145.0
2024-08-25 04:00:00+00:00,0.04,0.05,0.04,0.04,2301715.0
2024-08-25 08:00:00+00:00,0.04,0.05,0.04,0.05,397582.0
2024-08-25 12:00:00+00:00,0.05,0.06,0.05,0.06,3094341.0
2024-08-25 16:00:00+00:00,0.06,0.06,0.06,0.06,772421.0
2024-08-25 20:00:00+00:00,0.06,0.07,0.06,0.07,628197.0
2024-08-26 00:00:00+00:00,0.07,0.08,0.07,0.08,2683878.0
2024-08-26 04:00:00+00:00,0.08,0.08,0.07,0.07,1671383.0
2024-08-26 08:00:00+00:00,0.07,0.07,0.06,0.06,2570313.0
2024-08-26 12:00:00+00:00,0.06,0.06,0.05,0.05,2186744.0
2024-08-26 16:00:00+00:00,0.05,0.05,0.04,0.04,5265876.0
2024-08-26 20:00:00+00:00,0.04,0.05,0.04,0.05,2551952.0
2024-08-27 00:00:00+00:00,0.05,0.05,0.04,0.04,1379606.0
2024-08-27 04:00:00+00:00,0.04,0.04,0.04,0.04,1299925.0
2024-08-27 08:00:00+00:00,0.04,0.04,0.04,0.04,2085977.0
2024-08-27 12:00:00+00:00,0.04,0.04,0.04,0.04,773853.0
2024-08-27 16:00:00+00:00,0.04,0.05,0.04,0.05,989841.0
2024-08-27 20:00:00+00:00,0.05,0.05,0.05,0.05,1192153.0
2024-08-28 00:00:00+00:00,0.05,0.05,0.05,0.05,439349.0
2024-08-28 04:00:00+00:00,0.05,0.05,0.05,0.05,1147869.0
2024-08-28 08:00:00+00:00,0.05,0.05,0.04,0.05,440401.0
2024-08-28 12:00:00+00:00,0.05,0.05,0.05,0.05,1137967.0
2024-08-28 16:00:00+00:00,0.05,0.06,0.05,0.06,2661810.0
2024-08-28 20:00:00+00:00,0.06,0.06,0.06,0.06,964738.0
2024-08-29 00:00:00+00:00,0.06,0.07,0.06,0.07,3086007.0
2024-08-29 04:00:00+00:00,0.07,0.08,0.07,0.08,627147.0
2024-08-29 08:00:00+00:00,0.08,0.09,0.07,0.09,2778221.0
2024-08-29 12:00:00+00:00,0.09,0.09,0.09,0.09,1520273.0
2024-08-29 16:00:00+00:00,0.09,0.09,0.07,0.07,670088.0
2024-08-29 20:00:00+00:00,0.07,0.08,0.07,0.08,4587941.0
2024-08-30 00:00:00+00:00,0.08,0.08,0.07,0.07,1249592.0
2024-08-30 04:00:00+00:00,0.07,0.07,0.06,0.07,796317.0
2024-08-30 08:00:00+00:00,0.07,0.07,0.07,0.07,626842.0
2024-08-30 12:00:00+00:00,0.07,0.08,0.07,0.08,1397568.0
2024-08-30 16:00:00+00:00,0.08,0.08,0.08,0.08,949895.0
2024-08-30 20:00:00+00:00,0.08,0.09,0.08,0.09,1199813.0
2024-08-31 00:00:00+00:00,0.09,0.11,0.09,0.11,1524005.0
2024-08-31 04:00:00+00:00,0.11,0.12,0.11,0.12,1524793.0
2024-08-31 08:00:00+00:00,0.12,0.16,0.11,0.16,1790432.0
2024-08-31 12:00:00+00:00,0.16,0.17,0.16,0.17,477721.0
2024-08-31 16:00:00+00:00,0.17,0.18,0.13,0.13,1661036.0
2024-08-31 20:00:00+00:00,0.13,0.14,0.13,0.14,410668.0
2024-09-01 00:00:00+00:00,0.14,0.15,0.14,0.15,1401110.0
2024-09-01 04:00:00+00:00,0.15,0.18,0.15,0.18,969998.0
2024-09-01 08:00:00+00:00,0.18,0.2,0.18,0.2,1416394.0
2024-09-01 12:00:00+00:00,0.2,0.2,0.19,0.19,2044743.0
2024-09-01 16:00:00+00:00,0.19,0.2,0.16,0.16,962519.0
2024-09-01 20:00:00+00:00,0.16,0.16,0.15,0.15,1856003.0
2024-09-02 00:00:00+00:00,0.15,0.16,0.13,0.13,1111513.0
2024-09-02 04:00:00+00:00,0.13,0.13,0.12,0.12,3024961.0
2024-09-02 08:00:00+00:00,0.12,0.13,0.12,0.13,1055650.0
2024-09-02 12:00:00+00:00,0.13,0.17,0.13,0.17,1151971.0
2024-09-02 16:00:00+00:00,0.17,0.18,0.17,0.18,1663602.0
2024-09-02 20:00:00+00:00,0.18,0.18,0.14,0.15,1235211.0
2024-09-03 00:00:00+00:00,0.15,0.16,0.13,0.16,789385.0
2024-09-03 04:00:00+00:00,0.16,0.19,0.15,0.18,1213265.0
2024-09-03 08:00:00+00:00,0.18,0.19,0.17,0.17,1244128.0
2024-09-03 12:00:00+00:00,0.17,0.17,0.16,0.16,2070011.0
2024-09-03 16:00:00+00:00,0.16,0.16,0.16,0.16,383555.0
2024-09-03 20:00:00+00:00,0.16,0.17,0.14,0.15,1360252.0
2024-09-04 00:00:00+00:00,0.15,0.16,0.14,0.16,1768568.0
2024-09-04 04:00:00+00:00,0.16,0.16,0.16,0.16,1159018.0
2024-09-04 08:00:00+00:00,0.16,0.17,0.15,0.17,2290980.0
2024-09-04 12:00:00+00:00,0.17,0.17,0.14,0.14,1346093.0
2024-09-04 16:00:00+00:00,0.14,0.15,0.13,0.14,1089242.0
2024-09-04 20:00:00+00:00,0.14,0.15,0.14,0.15,1784966.0
2024-09-05 00:00:00+00:00,0.15,0.15,0.14,0.14,1224736.0
2024-09-05 04:00:00+00:00,0.14,0.18,0.14,0.18,1463962.0
2024-09-05 08:00:00+00:00,0.18,0.18,0.17,0.17,1524074.0
2024-09-05 12:00:00+00:00,0.17,0.18,0.16,0.17,796351.0
2024-09-05 16:00:00+00:00,0.17,0.2,0.17,0.2,1047691.0
2024-09-05 20:00:00+00:00,0.2,0.2,0.16,0.16,1256205.0
2024-09-06 00:00:00+00:00,0.16,0.16,0.11,0.12,3520619.0
2024-09-06 04:00:00+00:00,0.12,0.12,0.09,0.09,336428.0
2024-09-06 08:00:00+00:00,0.09,0.11,0.09,0.11,1914373.0
2024-09-06 12:00:00+00:00,0.11,0.11,0.1,0.1,1267177.0
2024-09-06 16:00:00+00:00,0.1,0.13,0.1,0.13,929466.0
2024-09-06 20:00:00+00:00,0.13,0.14,0.12,0.12,1460699.0
2024-09-07 00:00:00+00:00,0.12,0.13,0.12,0.13,1377482.0
2024-09-07 04:00:00+00:00,0.13,0.16,0.12,0.16,2278629.0
2024-09-07 08:00:00+00:00,0.16,0.2,0.16,0.2,506067.0
2024-09-07 12:00:00+00:00,0.2,0.27,0.2,0.27,3823043.0
2024-09-07 16:00:00+00:00,0.27,0.32,0.26,0.32,1069623.0
2024-09-07 20:00:00+00:00,0.32,0.37,0.31,0.36,2063457.0
2024-09-08 00:00:00+00:00,0.36,0.41,0.36,0.4,1839251.0
2024-09-08 04:00:00+00:00,0.4,0.45,0.4,0.44,873098.0
2024-09-08 08:00:00+00:00,0.44,0.45,0.41,0.41,1731898.0
2024-09-08 12:00:00+00:00,0.41,0.42,0.35,0.36,1125637.0
2024-09-08 16:00:00+00:00,0.36,0.36,0.36,0.36,355622.0
2024-09-08 20:00:00+00:00,0.36,0.36,0.35,0.35,1921995.0
2024-09-09 00:00:00+00:00,0.35,0.35,0.32,0.33,812834.0
2024-09-09 04:00:00+00:00,0.33,0.37,0.32,0.36,858986.0
2024-09-09 08:00:00+00:00,0.36,0.42,0.36,0.41,1171784.0
2024-09-09 12:00:00+00:00,0.41,0.42,0.41,0.42,1195503.0
2024-09-09 16:00:00+00:00,0.42,0.51,0.42,0.51,1616876.0
2024-09-09 20:00:00+00:00,0.51,0.51,0.42,0.43,1986145.0
2024-09-10 00:00:00+00:00,0.43,0.43,0.41,0.41,554535.0
2024-09-10 04:00:00+00:00,0.41,0.42,0.37,0.37,909848.0
2024-09-10 08:00:00+00:00,0.37,0.37,0.27,0.27,1732652.0
2024-09-10 12:00:00+00:00,0.27,0.28,0.26,0.26,2669077.0
2024-09-10 16:00:00+00:00,0.26,0.27,0.26,0.26,992256.0
2024-09-10 20:00:00+00:00,0.26,0.32,0.26,0.32,2883422.0
2024-09-11 00:00:00+00:00,0.32,0.35,0.31,0.35,1312941.0
2024-09-11 04:00:00+00:00,0.35,0.35,0.29,0.29,1143892.0
2024-09-11 08:00:00+00:00,0.29,0.38,0.29,0.38,1625070.0
2024-09-11 12:00:00+00:00,0.38,0.45,0.38,0.45,1428123.0
2024-09-11 16:00:00+00:00,0.45,0.5,0.44,0.49,1712188.0
2024-09-11 20:00:00+00:00,0.49,0.49,0.46,0.47,2182646.0
2024-09-12 00:00:00+00:00,0.47,0.47,0.4,0.4,1708771.0
2024-09-12 04:00:00+00:00,0.4,0.42,0.38,0.38,2105887.0
2024-09-12 08:00:00+00:00,0.38,0.45,0.38,0.44,922395.0
2024-09-12 12:00:00+00:00,0.44,0.59,0.44,0.57,1505552.0
2024-09-12 16:00:00+00:00,0.57,0.74,0.56,0.7,1182671.0
2024-09-12 20:00:00+00:00,0.7,0.7,0.65,0.65,1422576.0
2024-09-13 00:00:00+00:00,0.65,0.66,0.54,0.54,1253087.0
2024-09-13 04:00:00+00:00,0.54,0.56,0.54,0.56,1538018.0
2024-09-13 08:00:00+00:00,0.56,0.56,0.41,0.41,1123863.0
2024-09-13 12:00:00+00:00,0.41,0.43,0.41,0.43,1174870.0
2024-09-13 16:00:00+00:00,0.43,0.44,0.42,0.42,1497143.0
2024-09-13 20:00:00+00:00,0.42,0.43,0.38,0.39,428931.0
2024-09-14 00:00:00+00:00,0.39,0.4,0.29,0.3,4948843.0
2024-09-14 04:00:00+00:00,0.3,0.32,0.3,0.32,1072471.0
2024-09-14 08:00:00+00:00,0.32,0.33,0.29,0.3,448771.0
2024-09-14 12:00:00+00:00,0.3,0.31,0.24,0.25,1647201.0
2024-09-14 16:00:00+00:00,0.25,0.25,0.14,0.14,2326653.0
2024-09-14 20:00:00+00:00,0.14,0.14,0.13,0.14,967506.0
2024-09-15 00:00:00+00:00,0.14,0.18,0.14,0.18,2938327.0
2024-09-15 04:00:00+00:00,0.18,0.23,0.18,0.22,2545851.0
2024-09-15 08:00:00+00:00,0.22,0.22,0.21,0.21,1394239.0
2024-09-15 12:00:00+00:00,0.21,0.21,0.19,0.19,1586356.0
2024-09-15 16:00:00+00:00,0.19,0.2,0.19,0.2,1153498.0
2024-09-15 20:00:00+00:00,0.2,0.2,0.17,0.17,3510759.0
2024-09-16 00:00:00+00:00,0.17,0.18,0.17,0.18,544166.0
2024-09-16 04:00:00+00:00,0.18,0.2,0.18,0.2,1446532.0
2024-09-16 08:00:00+00:00,0.2,0.24,0.2,0.24,1607747.0
2024-09-16 12:00:00+00:00,0.24,0.24,0.23,0.23,1563212.0
2024-09-16 16:00:00+00:00,0.23,0.24,0.23,0.23,712739.0
2024-09-16 20:00:00+00:00,0.23,0.23,0.2,0.2,581080.0
2024-09-17 00:00:00+00:00,0.2,0.2,0.17,0.17,1479687.0
2024-09-17 04:00:00+00:00,0.17,0.17,0.17,0.17,1263745.0
2024-09-17 08:00:00+00:00,0.17,0.18,0.16,0.18,2462353.0
2024-09-17 12:00:00+00:00,0.18,0.21,0.18,0.2,749687.0
2024-09-17 16:00:00+00:00,0.2,0.2,0.18,0.18,2418442.0
2024-09-17 20:00:00+00:00,0.18,0.22,0.18,0.22,5472598.0
2024-09-18 00:00:00+00:00,0.22,0.22,0.21,0.21,925905.0
2024-09-18 04:00:00+00:00,0.21,0.21,0.21,0.21,527607.0
2024-09-18 08:00:00+00:00,0.21,0.21,0.18,0.19,1083202.0
2024-09-18 12:00:00+00:00,0.19,0.19,0.12,0.12,2102214.0
2024-09-18 16:00:00+00:00,0.12,0.14,0.12,0.13,1857347.0
2024-09-18 20:00:00+00:00,0.13,0.15,0.13,0.15,993082.0
2024-09-19 00:00:00+00:00,0.15,0.15,0.14,0.14,2445020.0
2024-09-19 04:00:00+00:00,0.14,0.15,0.14,0.15,591755.0
2024-09-19 08:00:00+00:00,0.15,0.16,0.14,0.16,516734.0
2024-09-19 12:00:00+00:00,0.16,0.16,0.12,0.12,2957050.0
2024-09-19 16:00:00+00:00,0.12,0.12,0.11,0.11,396165.0
2024-09-19 20:00:00+00:00,0.11,0.12,0.11,0.12,1228036.0
2024-09-20 00:00:00+00:00,0.12,0.13,0.1,0.1,7424507.0
2024-09-20 04:00:00+00:00,0.1,0.11,0.1,0.11,1127639.0
2024-09-20 08:00:00+00:00,0.11,0.11,0.08,0.08,918283.0
2024-09-20 12:00:00+00:00,0.08,0.09,0.08,0.09,1177716.0
2024-09-20 16:00:00+00:00,0.09,0.09,0.09,0.09,988618.0
2024-09-20 20:00:00+00:00,0.09,0.09,0.07,0.07,1858552.0
2024-09-21 00:00:00+00:00,0.07,0.08,0.07,0.08,2124836.0
2024-09-21 04:00:00+00:00,0.08,0.08,0.07,0.07,790446.0
2024-09-21 08:00:00+00:00,0.07,0.07,0.06,0.06,3169475.0
2024-09-21 12:00:00+00:00,0.06,0.06,0.06,0.06,1233920.0
2024-09-21 16:00:00+00:00,0.06,0.08,0.06,0.08,2183324.0
2024-09-21 20:00:00+00:00,0.08,0.08,0.06,0.06,1063598.0
2024-09-22 00:00:00+00:00,0.06,0.06,0.06,0.06,1957102.0
2024-09-22 04:00:00+00:00,0.06,0.07,0.06,0.07,1048022.0
2024-09-22 08:00:00+00:00,0.07,0.08,0.07,0.08,1507925.0
2024-09-22 12:00:00+00:00,0.08,0.08,0.08,0.08,677263.0
2024-09-22 16:00:00+00:00,0.08,0.08,0.07,0.07,707584.0
2024-09-22 20:00:00+00:00,0.07,0.07,0.06,0.06,1935827.0
2024-09-23 00:00:00+00:00,0.06,0.07,0.06,0.07,832160.0
2024-09-23 04:00:00+00:00,0.07,0.07,0.05,0.05,964877.0
2024-09-23 08:00:00+00:00,0.05,0.06,0.03,0.03,1678266.0
2024-09-23 12:00:00+00:00,0.03,0.03,0.03,0.03,1696370.0
2024-09-23 16:00:00+00:00,0.03,0.04,0.03,0.04,1026724.0
2024-09-23 20:00:00+00:00,0.04,0.04,0.02,0.02,1946123.0
2024-09-24 00:00:00+00:00,0.02,0.02,0.02,0.02,1466234.0
2024-09-24 04:00:00+00:00,0.02,0.02,0.02,0.02,489827.0
2024-09-24 08:00:00+00:00,0.02,0.03,0.02,0.03,922375.0
2024-09-24 12:00:00+00:00,0.03,0.03,0.03,0.03,1192575.0
2024-09-24 16:00:00+00:00,0.03,0.03,0.02,0.03,916051.0
2024-09-24 20:00:00+00:00,0.03,0.03,0.03,0.03,1838573.0
2024-09-25 00:00:00+00:00,0.03,0.03,0.03,0.03,2621897.0
2024-09-25 04:00:00+00:00,0.03,0.03,0.03,0.03,1852040.0
2024-09-25 08:00:00+00:00,0.03,0.03,0.02,0.02,3382692.0
2024-09-25 12:00:00+00:00,0.02,0.02,0.02,0.02,1169899.0
2024-09-25 16:00:00+00:00,0.02,0.02,0.02,0.02,1980056.0
2024-09-25 20:00:00+00:00,0.02,0.02,0.02,0.02,785891.0
2024-09-26 00:00:00+00:00,0.02,0.02,0.02,0.02,5878160.0
2024-09-26 04:00:00+00:00,0.02,0.03,0.02,0.03,3080261.0
2024-09-26 08:00:00+00:00,0.03,0.03,0.02,0.02,1123274.0
2024-09-26 12:00:00+00:00,0.02,0.02,0.02,0.02,1376454.0
2024-09-26 16:00:00+00:00,0.02,0.02,0.02,0.02,3367832.0
2024-09-26 20:00:00+00:00,0.02,0.02,0.02,0.02,1295020.0
2024-09-27 00:00:00+00:00,0.02,0.02,0.02,0.02,747999.0
2024-09-27 04:00:00+00:00,0.02,0.02,0.02,0.02,1678653.0
2024-09-27 08:00:00+00:00,0.02,0.03,0.02,0.03,2523123.0
2024-09-27 12:00:00+00:00,0.03,0.03,0.03,0.03,1238647.0
2024-09-27 16:00:00+00:00,0.03,0.03,0.02,0.03,884643.0
2024-09-27 20:00:00+00:00,0.03,0.03,0.02,0.02,506791.0
2024-09-28 00:00:00+00:00,0.02,0.03,0.02,0.03,1701816.0
2024-09-28 04:00:00+00:00,0.03,0.03,0.03,0.03,1645042.0
2024-09-28 08:00:00+00:00,0.03,0.03,0.02,0.02,1471947.0
2024-09-28 12:00:00+00:00,0.02,0.03,0.02,0.03,2889010.0
2024-09-28 16:00:00+00:00,0.03,0.03,0.02,0.02,918312.0
2024-09-28 20:00:00+00:00,0.02,0.03,0.02,0.03,1084620.0
2024-09-29 00:00:00+00:00,0.03,0.04,0.03,0.03,1431790.0
2024-09-29 04:00:00+00:00,0.03,0.04,0.03,0.03,1157881.0
2024-09-29 08:00:00+00:00,0.03,0.04,0.03,0.04,2308635.0
2024-09-29 12:00:00+00:00,0.04,0.04,0.04,0.04,695665.0
2024-09-29 16:00:00+00:00,0.04,0.04,0.04,0.04,2722570.0
2024-09-29 20:00:00+00:00,0.04,0.05,0.04,0.05,3241244.0
2024-09-30 00:00:00+00:00,0.05,0.05,0.04,0.04,1359942.0
2024-09-30 04:00:00+00:00,0.04,0.04,0.04,0.04,2420260.0
2024-09-30 08:00:00+00:00,0.04,0.04,0.04,0.04,859290.0
2024-09-30 12:00:00+00:00,0.04,0.04,0.04,0.04,1980521.0
2024-09-30 16:00:00+00:00,0.04,0.04,0.04,0.04,2005517.0
2024-09-30 20:00:00+00:00,0.04,0.04,0.03,0.03,2211674.0
2024-10-01 00:00:00+00:00,0.03,0.03,0.03,0.03,1174917.0
2024-10-01 04:00:00+00:00,0.03,0.05,0.03,0.04,438672.0
2024-10-01 08:00:00+00:00,0.04,0.05,0.04,0.04,1078905.0
2024-10-01 12:00:00+00:00,0.04,0.04,0.04,0.04,734308.0
2024-10-01 16:00:00+00:00,0.04,0.05,0.04,0.05,992500.0
2024-10-01 20:00:00+00:00,0.05,0.05,0.04,0.04,1108459.0
2024-10-02 00:00:00+00:00,0.04,0.05,0.04,0.05,969268.0
2024-10-02 04:00:00+00:00,0.05,0.05,0.04,0.04,983317.0
2024-10-02 08:00:00+00:00,0.04,0.04,0.04,0.04,698303.0
2024-10-02 12:00:00+00:00,0.04,0.04,0.04,0.04,763118.0
2024-10-02 16:00:00+00:00,0.04,0.05,0.04,0.05,2516545.0
2024-10-02 20:00:00+00:00,0.05,0.06,0.05,0.06,1097303.0
2024-10-03 00:00:00+00:00,0.06,0.08,0.06,0.08,1668171.0
2024-10-03 04:00:00+00:00,0.08,0.08,0.08,0.08,997615.0
2024-10-03 08:00:00+00:00,0.08,0.09,0.08,0.09,1349698.0
2024-10-03 12:00:00+00:00,0.09,0.09,0.09,0.09,1356867.0
2024-10-03 16:00:00+00:00,0.09,0.09,0.08,0.08,254496.0
2024-10-03 20:00:00+00:00,0.08,0.09,0.08,0.09,1908143.0
2024-10-04 00:00:00+00:00,0.09,0.09,0.08,0.08,2338569.0
2024-10-04 04:00:00+00:00,0.08,0.09,0.08,0.09,631929.0
2024-10-04 08:00:00+00:00,0.09,0.1,0.09,0.1,974497.0
2024-10-04 12:00:00+00:00,0.1,0.11,0.08,0.09,1166023.0
2024-10-04 16:00:00+00:00,0.09,0.1,0.09,0.1,1031587.0
2024-10-04 20:00:00+00:00,0.1,0.12,0.1,0.12,1773022.0
2024-10-05 00:00:00+00:00,0.12,0.12,0.12,0.12,400750.0
2024-10-05 04:00:00+00:00,0.12,0.12,0.08,0.08,1120306.0
2024-10-05 08:00:00+00:00,0.08,0.08,0.07,0.07,2765519.0
2024-10-05 12:00:00+00:00,0.07,0.09,0.07,0.09,990945.0
2024-10-05 16:00:00+00:00,0.09,0.09,0.09,0.09,1895127.0
2024-10-05 20:00:00+00:00,0.09,0.09,0.07,0.07,1733571.0
2024-10-06 00:00:00+00:00,0.07,0.08,0.07,0.07,499607.0
2024-10-06 04:00:00+00:00,0.07,0.08,0.07,0.08,1883516.0
2024-10-06 08:00:00+00:00,0.08,0.08,0.08,0.08,1167917.0
2024-10-06 12:00:00+00:00,0.08,0.08,0.08,0.08,887777.0
2024-10-06 16:00:00+00:00,0.08,0.08,0.07,0.08,1325093.0
2024-10-06 20:00:00+00:00,0.08,0.08,0.07,0.07,1500523.0
2024-10-07 00:00:00+00:00,0.07,0.07,0.06,0.06,2025983.0
2024-10-07 04:00:00+00:00,0.06,0.08,0.06,0.08,3099738.0
2024-10-07 08:00:00+00:00,0.08,0.08,0.07,0.07,1412970.0
2024-10-07 12:00:00+00:00,0.07,0.08,0.07,0.08,774451.0
2024-10-07 16:00:00+00:00,0.08,0.1,0.08,0.1,1323840.0
2024-10-07 20:00:00+00:00,0.1,0.12,0.1,0.12,6282441.0
2024-10-08 00:00:00+00:00,0.12,0.12,0.11,0.11,1725470.0
2024-10-08 04:00:00+00:00,0.11,0.12,0.11,0.12,3841188.0
2024-10-08 08:00:00+00:00,0.12,0.12,0.11,0.12,2044639.0
2024-10-08 12:00:00+00:00,0.12,0.12,0.1,0.1,1589162.0
2024-10-08 16:00:00+00:00,0.1,0.11,0.1,0.11,1324632.0
2024-10-08 20:00:00+00:00,0.11,0.11,0.08,0.09,1509284.0
2024-10-09 00:00:00+00:00,0.09,0.1,0.09,0.1,640840.0
2024-10-09 04:00:00+00:00,0.1,0.1,0.09,0.09,1226532.0
2024-10-09 08:00:00+00:00,0.09,0.1,0.09,0.1,1986036.0
2024-10-09 12:00:00+00:00,0.1,0.1,0.1,0.1,830747.0
2024-10-09 16:00:00+00:00,0.1,0.1,0.1,0.1,1379517.0
2024-10-09 20:00:00+00:00,0.1,0.11,0.1,0.1,1925561.0
2024-10-10 00:00:00+00:00,0.1,0.11,0.1,0.1,774004.0
2024-10-10 04:00:00+00:00,0.1,0.11,0.1,0.11,1106102.0
2024-10-10 08:00:00+00:00,0.11,0.11,0.09,0.09,968767.0
2024-10-10 12:00:00+00:00,0.09,0.09,0.09,0.09,696772.0
2024-10-10 16:00:00+00:00,0.09,0.12,0.09,0.11,978160.0
2024-10-10 20:00:00+00:00,0.11,0.12,0.1,0.1,928058.0
2024-10-11 00:00:00+00:00,0.1,0.1,0.09,0.09,2664953.0
2024-10-11 04:00:00+00:00,0.09,0.09,0.09,0.09,775555.0
2024-10-11 08:00:00+00:00,0.09,0.1,0.09,0.1,1145589.0
2024-10-11 12:00:00+00:00,0.1,0.1,0.1,0.1,896243.0
2024-10-11 16:00:00+00:00,0.1,0.11,0.1,0.11,2190396.0
2024-10-11 20:00:00+00:00,0.11,0.12,0.11,0.12,2466497.0
2024-10-12 00:00:00+00:00,0.12,0.14,0.12,0.14,2301774.0
2024-10-12 04:00:00+00:00,0.14,0.15,0.14,0.15,1374497.0
2024-10-12 08:00:00+00:00,0.15,0.15,0.14,0.14,991997.0
2024-10-12 12:00:00+00:00,0.14,0.16,0.14,0.15,715159.0
2024-10-12 16:00:00+00:00,0.15,0.2,0.15,0.2,4889320.0
2024-10-12 20:00:00+00:00,0.2,0.2,0.19,0.19,727994.0
2024-10-13 00:00:00+00:00,0.19,0.2,0.16,0.17,2009572.0
2024-10-13 04:00:00+00:00,0.17,0.19,0.16,0.19,2537092.0
2024-10-13 08:00:00+00:00,0.19,0.19,0.19,0.19,801971.0
2024-10-13 12:00:00+00:00,0.19,0.19,0.13,0.13,3324591.0
2024-10-13 16:00:00+00:00,0.13,0.14,0.13,0.14,2017890.0
2024-10-13 20:00:00+00:00,0.14,0.14,0.13,0.13,2954134.0
2024-10-14 00:00:00+00:00,0.13,0.13,0.13,0.13,826321.0
2024-10-14 04:00:00+00:00,0.13,0.14,0.13,0.14,601627.0
2024-10-14 08:00:00+00:00,0.14,0.14,0.13,0.14,840141.0
2024-10-14 12:00:00+00:00,0.14,0.15,0.14,0.15,1460108.0
2024-10-14 16:00:00+00:00,0.15,0.16,0.14,0.14,1235266.0
2024-10-14 20:00:00+00:00,0.14,0.15,0.14,0.15,1007967.0
2024-10-15 00:00:00+00:00,0.15,0.16,0.15,0.15,431366.0
2024-10-15 04:00:00+00:00,0.15,0.17,0.15,0.16,1681208.0
2024-10-15 08:00:00+00:00,0.16,0.18,0.16,0.18,3413665.0
2024-10-15 12:00:00+00:00,0.18,0.18,0.15,0.15,1796694.0
2024-10-15 16:00:00+00:00,0.15,0.18,0.15,0.18,2013978.0
2024-10-15 20:00:00+00:00,0.18,0.18,0.16,0.16,1657087.0
2024-10-16 00:00:00+00:00,0.16,0.19,0.16,0.18,1658937.0
2024-10-16 04:00:00+00:00,0.18,0.19,0.18,0.19,1851354.0
2024-10-16 08:00:00+00:00,0.19,0.25,0.19,0.25,2222547.0
2024-10-16 12:00:00+00:00,0.25,0.25,0.23,0.24,944061.0
2024-10-16 16:00:00+00:00,0.24,0.24,0.23,0.23,779407.0
2024-10-16 20:00:00+00:00,0.23,0.23,0.23,0.23,893471.0
2024-10-17 00:00:00+00:00,0.23,0.23,0.21,0.21,1331142.0
2024-10-17 04:00:00+00:00,0.21,0.24,0.21,0.24,1158513.0
2024-10-17 08:00:00+00:00,0.24,0.24,0.18,0.18,2024921.0
2024-10-17 12:00:00+00:00,0.18,0.18,0.15,0.15,1839928.0
2024-10-17 16:00:00+00:00,0.15,0.15,0.13,0.13,2250192.0
2024-10-17 20:00:00+00:00,0.13,0.15,0.13,0.15,2705582.0
2024-10-18 00:00:00+00:00,0.15,0.19,0.15,0.18,1837072.0
2024-10-18 04:00:00+00:00,0.18,0.19,0.18,0.18,546001.0
2024-10-18 08:00:00+00:00,0.18,0.18,0.18,0.18,907566.0
2024-10-18 12:00:00+00:00,0.18,0.18,0.18,0.18,1051377.0
2024-10-18 16:00:00+00:00,0.18,0.21,0.18,0.21,604140.0
2024-10-18 20:00:00+00:00,0.21,0.21,0.18,0.18,2843817.0
2024-10-19 00:00:00+00:00,0.18,0.19,0.18,0.19,1185838.0
2024-10-19 04:00:00+00:00,0.19,0.21,0.18,0.21,1737571.0
2024-10-19 08:00:00+00:00,0.21,0.23,0.21,0.23,2419903.0
2024-10-19 12:00:00+00:00,0.23,0.24,0.23,0.23,789864.0
2024-10-19 16:00:00+00:00,0.23,0.27,0.23,0.27,1928789.0
2024-10-19 20:00:00+00:00,0.27,0.27,0.16,0.16,2100759.0
2024-10-20 00:00:00+00:00,0.16,0.18,0.16,0.18,1187601.0
2024-10-20 04:00:00+00:00,0.18,0.18,0.16,0.16,881776.0
2024-10-20 08:00:00+00:00,0.16,0.16,0.11,0.11,4201097.0
2024-10-20 12:00:00+00:00,0.11,0.12,0.11,0.12,1017003.0
2024-10-20 16:00:00+00:00,0.12,0.15,0.12,0.15,2291363.0
2024-10-20 20:00:00+00:00,0.15,0.15,0.15,0.15,417017.0
2024-10-21 00:00:00+00:00,0.15,0.17,0.15,0.17,2570238.0
2024-10-21 04:00:00+00:00,0.17,0.21,0.16,0.21,2914911.0
2024-10-21 08:00:00+00:00,0.21,0.25,0.21,0.25,1667887.0
2024-10-21 12:00:00+00:00,0.25,0.31,0.25,0.31,1548724.0
2024-10-21 16:00:00+00:00,0.31,0.35,0.3,0.34,1625389.0
2024-10-21 20:00:00+00:00,0.34,0.35,0.33,0.34,3236971.0
2024-10-22 00:00:00+00:00,0.34,0.36,0.26,0.26,711060.0
2024-10-22 04:00:00+00:00,0.26,0.26,0.25,0.25,1647102.0
2024-10-22 08:00:00+00:00,0.25,0.25,0.22,0.22,876624.0
2024-10-22 12:00:00+00:00,0.22,0.29,0.21,0.29,1953952.0
2024-10-22 16:00:00+00:00,0.29,0.29,0.28,0.28,956415.0
2024-10-22 20:00:00+00:00,0.28,0.29,0.28,0.29,849138.0
2024-10-23 00:00:00+00:00,0.29,0.31,0.28,0.31,1236842.0
2024-10-23 04:00:00+00:00,0.31,0.32,0.31,0.31,576252.0
2024-10-23 08:00:00+00:00,0.31,0.4,0.3,0.39,2926160.0
2024-10-23 12:00:00+00:00,0.39,0.41,0.34,0.35,523534.0
2024-10-23 16:00:00+00:00,0.35,0.37,0.35,0.36,1419554.0
2024-10-23 20:00:00+00:00,0.36,0.37,0.32,0.32,1136413.0
2024-10-24 00:00:00+00:00,0.32,0.33,0.25,0.26,889797.0
2024-10-24 04:00:00+00:00,0.26,0.26,0.23,0.23,1415490.0
2024-10-24 08:00:00+00:00,0.23,0.24,0.23,0.23,468607.0
2024-10-24 12:00:00+00:00,0.23,0.24,0.21,0.22,1218911.0
2024-10-24 16:00:00+00:00,0.22,0.22,0.19,0.19,645948.0
2024-10-24 20:00:00+00:00,0.19,0.2,0.15,0.15,2061717.0
2024-10-25 00:00:00+00:00,0.15,0.15,0.15,0.15,656165.0
2024-10-25 04:00:00+00:00,0.15,0.15,0.09,0.09,10873463.0
2024-10-25 08:00:00+00:00,0.12,0.13,0.11,0.11,12591196.0
2024-10-25 12:00:00+00:00,0.13,0.13,0.11,0.11,5702840.0
2024-10-25 16:00:00+00:00,0.13,0.13,0.09,0.09,13059474.0
2024-10-25 20:00:00+00:00,0.1,0.1,0.09,0.09,4360297.0
2024-10-26 00:00:00+00:00,0.1,0.1,0.08,0.08,14963170.0
2024-10-26 04:00:00+00:00,0.09,0.09,0.09,0.09,2752493.0
2024-10-26 08:00:00+00:00,0.09,0.11,0.09,0.11,6456608.0
2024-10-26 12:00:00+00:00,0.11,0.11,0.08,0.08,1934922.0
2024-10-26 16:00:00+00:00,0.08,0.08,0.07,0.08,1552495.0
2024-10-26 20:00:00+00:00,0.08,0.08,0.08,0.08,441978.0
2024-10-27 00:00:00+00:00,0.08,0.09,0.08,0.09,2746409.0
2024-10-27 04:00:00+00:00,0.09,0.09,0.08,0.09,1608074.0
2024-10-27 08:00:00+00:00,0.09,0.09,0.08,0.08,1054816.0
2024-10-27 12:00:00+00:00,0.08,0.08,0.07,0.07,2132569.0
2024-10-27 16:00:00+00:00,0.07,0.07,0.06,0.06,1200610.0
2024-10-27 20:00:00+00:00,0.06,0.08,0.06,0.08,1176148.0
2024-10-28 00:00:00+00:00,0.08,0.08,0.07,0.08,1273576.0
2024-10-28 04:00:00+00:00,0.08,0.1,0.08,0.1,1079217.0
2024-10-28 08:00:00+00:00,0.1,0.1,0.09,0.1,1721354.0
2024-10-28 12:00:00+00:00,0.1,0.1,0.08,0.09,779329.0
2024-10-28 16:00:00+00:00,0.09,0.09,0.07,0.07,997809.0
2024-10-28 20:00:00+00:00,0.07,0.07,0.05,0.05,1153028.0
2024-10-29 00:00:00+00:00,0.05,0.05,0.04,0.04,2512433.0
2024-10-29 04:00:00+00:00,0.04,0.04,0.04,0.04,818701.0
2024-10-29 08:00:00+00:00,0.04,0.04,0.04,0.04,623382.0
2024-10-29 12:00:00+00:00,0.04,0.04,0.03,0.03,1268662.0
2024-10-29 16:00:00+00:00,0.03,0.04,0.03,0.03,1374679.0
2024-10-29 20:00:00+00:00,0.03,0.03,0.03,0.03,677778.0
2024-10-30 00:00:00+00:00,0.03,0.03,0.03,0.03,596024.0
2024-10-30 04:00:00+00:00,0.03,0.04,0.03,0.04,4934705.0
2024-10-30 08:00:00+00:00,0.04,0.05,0.04,0.05,908873.0
2024-10-30 12:00:00+00:00,0.05,0.05,0.04,0.04,958799.0
2024-10-30 16:00:00+00:00,0.04,0.05,0.04,0.04,1171058.0
2024-10-30 20:00:00+00:00,0.04,0.04,0.03,0.03,1599326.0
2024-10-31 00:00:00+00:00,0.03,0.03,0.02,0.02,1814182.0
2024-10-31 04:00:00+00:00,0.02,0.02,0.02,0.02,1768963.0
2024-10-31 08:00:00+00:00,0.02,0.02,0.02,0.02,1244613.0
2024-10-31 12:00:00+00:00,0.02,0.02,0.02,0.02,574021.0
2024-10-31 16:00:00+00:00,0.02,0.02,0.02,0.02,1944895.0
2024-10-31 20:00:00+00:00,0.02,0.02,0.02,0.02,1054584.0
2024-11-01 00:00:00+00:00,0.02,0.02,0.02,0.02,3082319.0
2024-11-01 04:00:00+00:00,0.02,0.02,0.02,0.02,348074.0
2024-11-01 08:00:00+00:00,0.02,0.02,0.02,0.02,1314931.0
2024-11-01 12:00:00+00:00,0.02,0.02,0.01,0.01,3906391.0
2024-11-01 16:00:00+00:00,0.01,0.02,0.01,0.02,1365114.0
2024-11-01 20:00:00+00:00,0.02,0.02,0.02,0.02,938421.0
2024-11-02 00:00:00+00:00,0.02,0.02,0.02,0.02,1162016.0
2024-11-02 04:00:00+00:00,0.02,0.02,0.02,0.02,987701.0
2024-11-02 08:00:00+00:00,0.02,0.02,0.02,0.02,940203.0
2024-11-02 12:00:00+00:00,0.02,0.02,0.02,0.02,1201823.0
2024-11-02 16:00:00+00:00,0.02,0.02,0.02,0.02,820832.0
2024-11-02 20:00:00+00:00,0.02,0.02,0.02,0.02,2368902.0
2024-11-03 00:00:00+00:00,0.02,0.02,0.02,0.02,1456810.0
2024-11-03 04:00:00+00:00,0.02,0.02,0.02,0.02,1723430.0
2024-11-03 08:00:00+00:00,0.02,0.02,0.02,0.02,1562861.0
2024-11-03 12:00:00+00:00,0.02,0.02,0.02,0.02,894153.0
2024-11-03 16:00:00+00:00,0.02,0.02,0.02,0.02,745263.0
2024-11-03 20:00:00+00:00,0.02,0.02,0.02,0.02,786292.0
2024-11-04 00:00:00+00:00,0.02,0.02,0.01,0.01,1844161.0
2024-11-04 04:00:00+00:00,0.01,0.01,0.01,0.01,737416.0
2024-11-04 08:00:00+00:00,0.01,0.01,0.01,0.01,807086.0
2024-11-04 12:00:00+00:00,0.01,0.01,0.01,0.01,823593.0
2024-11-04 16:00:00+00:00,0.01,0.01,0.01,0.01,4233367.0
2024-11-04 20:00:00+00:00,0.01,0.01,0.01,0.01,390881.0
2024-11-05 00:00:00+00:00,0.01,0.01,0.01,0.01,1274971.0
2024-11-05 04:00:00+00:00,0.01,0.01,0.01,0.01,3392154.0
2024-11-05 08:00:00+00:00,0.01,0.01,0.01,0.01,1262016.0
2024-11-05 12:00:00+00:00,0.01,0.01,0.01,0.01,1888189.0
2024-11-05 16:00:00+00:00,0.01,0.01,0.01,0.01,1886107.0
2024-11-05 20:00:00+00:00,0.01,0.01,0.01,0.01,1104270.0
2024-11-06 00:00:00+00:00,0.01,0.01,0.01,0.01,459359.0
2024-11-06 04:00:00+00:00,0.01,0.02,0.01,0.02,1602409.0
2024-11-06 08:00:00+00:00,0.02,0.02,0.01,0.01,886153.0
2024-11-06 12:00:00+00:00,0.01,0.02,0.01,0.02,1087442.0
2024-11-06 16:00:00+00:00,0.02,0.02,0.02,0.02,869945.0
2024-11-06 20:00:00+00:00,0.02,0.02,0.02,0.02,2694414.0
2024-11-07 00:00:00+00:00,0.02,0.02,0.02,0.02,3705722.0
2024-11-07 04:00:00+00:00,0.02,0.02,0.02,0.02,1186076.0
2024-11-07 08:00:00+00:00,0.02,0.02,0.02,0.02,1078413.0
2024-11-07 12:00:00+00:00,0.02,0.02,0.02,0.02,751467.0
2024-11-07 16:00:00+00:00,0.02,0.02,0.02,0.02,2262556.0
2024-11-07 20:00:00+00:00,0.02,0.02,0.02,0.02,3862639.0
2024-11-08 00:00:00+00:00,0.02,0.02,0.01,0.01,1547329.0
2024-11-08 04:00:00+00:00,0.01,0.02,0.01,0.02,444959.0
2024-11-08 08:00:00+00:00,0.02,0.02,0.02,0.02,2103111.0
2024-11-08 12:00:00+00:00,0.02,0.02,0.02,0.02,2444307.0
2024-11-08 16:00:00+00:00,0.02,0.02,0.01,0.02,537230.0
2024-11-08 20:00:00+00:00,0.02,0.02,0.01,0.01,1638103.0
2024-11-09 00:00:00+00:00,0.01,0.01,0.01,0.01,1376827.0
2024-11-09 04:00:00+00:00,0.01,0.01,0.01,0.01,1099559.0
2024-11-09 08:00:00+00:00,0.01,0.01,0.01,0.01,908525.0
2024-11-09 12:00:00+00:00,0.01,0.02,0.01,0.02,2639224.0
2024-11-09 16:00:00+00:00,0.02,0.02,0.02,0.02,1329531.0
2024-11-09 20:00:00+00:00,0.02,0.02,0.02,0.02,596865.0
2024-11-10 00:00:00+00:00,0.02,0.02,0.02,0.02,393077.0
2024-11-10 04:00:00+00:00,0.02,0.02,0.01,0.01,3303173.0
2024-11-10 08:00:00+00:00,0.01,0.01,0.01,0.01,1855839.0
2024-11-10 12:00:00+00:00,0.01,0.01,0.01,0.01,1498016.0
2024-11-10 16:00:00+00:00,0.01,0.02,0.01,0.02,1385390.0
2024-11-10 20:00:00+00:00,0.02,0.02,0.01,0.01,1194194.0
2024-11-11 00:00:00+00:00,0.01,0.01,0.01,0.01,739779.0
2024-11-11 04:00:00+00:00,0.01,0.01,0.01,0.01,815526.0
2024-11-11 08:00:00+00:00,0.01,0.01,0.01,0.01,389563.0
2024-11-11 12:00:00+00:00,0.01,0.01,0.01,0.01,943780.0
2024-11-11 16:00:00+00:00,0.01,0.01,0.01,0.01,1019781.0
2024-11-11 20:00:00+00:00,0.01,0.01,0.01,0.01,1644920.0
2024-11-12 00:00:00+00:00,0.01,0.01,0.01,0.01,985821.0
2024-11-12 04:00:00+00:00,0.01,0.01,0.01,0.01,1849644.0
2024-11-12 08:00:00+00:00,0.01,0.01,0.01,0.01,1971057.0
2024-11-12 12:00:00+00:00,0.01,0.01,0.01,0.01,2023273.0
2024-11-12 16:00:00+00:00,0.01,0.01,0.01,0.01,1325825.0
2024-11-12 20:00:00+00:00,0.01,0.01,0.01,0.01,1044111.0
2024-11-13 00:00:00+00:00,0.01,0.01,0.01,0.01,711922.0
2024-11-13 04:00:00+00:00,0.01,0.01,0.01,0.01,1613549.0
2024-11-13 08:00:00+00:00,0.01,0.01,0.01,0.01,3986972.0
2024-11-13 12:00:00+00:00,0.01,0.01,0.01,0.01,1488659.0
2024-11-13 16:00:00+00:00,0.01,0.01,0.01,0.01,2948805.0
2024-11-13 20:00:00+00:00,0.01,0.01,0.01,0.01,613791.0
2024-11-14 00:00:00+00:00,0.01,0.01,0.01,0.01,644410.0
2024-11-14 04:00:00+00:00,0.01,0.02,0.01,0.01,2347411.0
2024-11-14 08:00:00+00:00,0.01,0.02,0.01,0.02,1334439.0
2024-11-14 12:00:00+00:00,0.02,0.02,0.02,0.02,2016031.0
2024-11-14 16:00:00+00:00,0.02,0.02,0.02,0.02,1194056.0
2024-11-14 20:00:00+00:00,0.02,0.02,0.01,0.01,1103778.0
2024-11-15 00:00:00+00:00,0.01,0.01,0.01,0.01,1351289.0
2024-11-15 04:00:00+00:00,0.01,0.01,0.01,0.01,712717.0
2024-11-15 08:00:00+00:00,0.01,0.01,0.01,0.01,607456.0
2024-11-15 12:00:00+00:00,0.01,0.01,0.01,0.01,2898241.0
2024-11-15 16:00:00+00:00,0.01,0.01,0.01,0.01,3106676.0
2024-11-15 20:00:00+00:00,0.01,0.02,0.01,0.02,1548167.0
2024-11-16 00:00:00+00:00,0.02,0.02,0.02,0.02,520027.0
2024-11-16 04:00:00+00:00,0.02,0.02,0.01,0.01,1509848.0
2024-11-16 08:00:00+00:00,0.01,0.01,0.01,0.01,671960.0
2024-11-16 12:00:00+00:00,0.01,0.01,0.01,0.01,2431137.0
2024-11-16 16:00:00+00:00,0.01,0.01,0.01,0.01,952082.0
2024-11-16 20:00:00+00:00,0.01,0.01,0.01,0.01,622299.0
2024-11-17 00:00:00+00:00,0.01,0.01,0.01,0.01,1225552.0
2024-11-17 04:00:00+00:00,0.01,0.01,0.01,0.01,1369245.0
2024-11-17 08:00:00+00:00,0.01,0.01,0.01,0.01,2817100.0
2024-11-17 12:00:00+00:00,0.01,0.01,0.01,0.01,1023310.0
2024-11-17 16:00:00+00:00,0.01,0.01,0.01,0.01,552832.0
2024-11-17 20:00:00+00:00,0.01,0.01,0.01,0.01,660674.0
2024-11-18 00:00:00+00:00,0.01,0.01,0.01,0.01,1386877.0
2024-11-18 04:00:00+00:00,0.01,0.01,0.0,0.0,1610700.0
2024-11-18 08:00:00+00:00,0.0,0.0,0.0,0.0,549774.0
2024-11-18 12:00:00+00:00,0.0,0.0,0.0,0.0,2720260.0
2024-11-18 16:00:00+00:00,0.0,0.01,0.0,0.01,2634089.0
2024-11-18 20:00:00+00:00,0.01,0.01,0.0,0.0,1525951.0
2024-11-19 00:00:00+00:00,0.0,0.01,0.0,0.01,2431612.0
2024-11-19 04:00:00+00:00,0.01,0.01,0.0,0.0,1676319.0
2024-11-19 08:00:00+00:00,0.0,0.0,0.0,0.0,690442.0
2024-11-19 12:00:00+00:00,0.0,0.01,0.0,0.01,1300756.0
2024-11-19 16:00:00+00:00,0.01,0.01,0.01,0.01,2514496.0
2024-11-19 20:00:00+00:00,0.01,0.01,0.01,0.01,1365642.0
2024-11-20 00:00:00+00:00,0.01,0.01,0.01,0.01,1324191.0
2024-11-20 04:00:00+00:00,0.01,0.01,0.01,0.01,978844.0
2024-11-20 08:00:00+00:00,0.01,0.01,0.01,0.01,1423167.0
2024-11-20 12:00:00+00:00,0.01,0.01,0.01,0.01,784041.0
2024-11-20 16:00:00+00:00,0.01,0.01,0.01,0.01,1111990.0
2024-11-20 20:00:00+00:00,0.01,0.01,0.01,0.01,2323813.0
2024-11-21 00:00:00+00:00,0.01,0.01,0.01,0.01,825217.0
2024-11-21 04:00:00+00:00,0.01,0.01,0.01,0.01,585613.0
2024-11-21 08:00:00+00:00,0.01,0.01,0.01,0.01,685450.0
2024-11-21 12:00:00+00:00,0.01,0.01,0.01,0.01,1933081.0
2024-11-21 16:00:00+00:00,0.01,0.01,0.01,0.01,1143833.0
2024-11-21 20:00:00+00:00,0.01,0.01,0.01,0.01,1411258.0
2024-11-22 00:00:00+00:00,0.01,0.01,0.01,0.01,788458.0
2024-11-22 04:00:00+00:00,0.01,0.01,0.01,0.01,2270782.0
2024-11-22 08:00:00+00:00,0.01,0.01,0.01,0.01,1029465.0
2024-11-22 12:00:00+00:00,0.01,0.01,0.01,0.01,1632936.0
2024-11-22 16:00:00+00:00,0.01,0.01,0.01,0.01,893661.0
2024-11-22 20:00:00+00:00,0.01,0.01,0.01,0.01,805638.0
2024-11-23 00:00:00+00:00,0.01,0.01,0.01,0.01,1181116.0
2024-11-23 04:00:00+00:00,0.01,0.01,0.0,0.0,1620481.0
2024-11-23 08:00:00+00:00,0.0,0.01,0.0,0.01,2359619.0
2024-11-23 12:00:00+00:00,0.01,0.01,0.01,0.01,1666195.0
2024-11-23 16:00:00+00:00,0.01,0.01,0.01,0.01,174973.0
2024-11-23 20:00:00+00:00,0.01,0.01,0.01,0.01,680352.0
2024-11-24 00:00:00+00:00,0.01,0.01,0.01,0.01,931295.0
2024-11-24 04:00:00+00:00,0.01,0.01,0.01,0.01,2632304.0
2024-11-24 08:00:00+00:00,0.01,0.01,0.01,0.01,755280.0
2024-11-24 12:00:00+00:00,0.01,0.01,0.01,0.01,1362183.0
2024-11-24 16:00:00+00:00,0.01,0.01,0.01,0.01,2208753.0
2024-11-24 20:00:00+00:00,0.01,0.01,0.01,0.01,561541.0
2024-11-25 00:00:00+00:00,0.01,0.01,0.01,0.01,1293583.0
2024-11-25 04:00:00+00:00,0.01,0.01,0.01,0.01,724267.0
2024-11-25 08:00:00+00:00,0.01,0.01,0.01,0.01,1176182.0
2024-11-25 12:00:00+00:00,0.01,0.01,0.01,0.01,851629.0
2024-11-25 16:00:00+00:00,0.01,0.01,0.01,0.01,1607567.0
2024-11-25 20:00:00+00:00,0.01,0.01,0.01,0.01,5071446.0
2024-11-26 00:00:00+00:00,0.01,0.01,0.01,0.01,1666929.0
2024-11-26 04:00:00+00:00,0.01,0.01,0.01,0.01,1740482.0
2024-11-26 08:00:00+00:00,0.01,0.01,0.01,0.01,1492457.0
2024-11-26 12:00:00+00:00,0.01,0.01,0.01,0.01,676746.0
2024-11-26 16:00:00+00:00,0.01,0.01,0.01,0.01,1743815.0
2024-11-26 20:00:00+00:00,0.01,0.01,0.01,0.01,2296341.0
2024-11-27 00:00:00+00:00,0.01,0.01,0.01,0.01,775344.0
2024-11-27 04:00:00+00:00,0.01,0.01,0.01,0.01,2321214.0
2024-11-27 08:00:00+00:00,0.01,0.01,0.01,0.01,2298413.0
2024-11-27 12:00:00+00:00,0.01,0.01,0.01,0.01,3224765.0
2024-11-27 16:00:00+00:00,0.01,0.01,0.01,0.01,1130085.0
2024-11-27 20:00:00+00:00,0.01,0.01,0.01,0.01,827977.0
2024-11-28 00:00:00+00:00,0.01,0.01,0.01,0.01,1030967.0
2024-11-28 04:00:00+00:00,0.01,0.01,0.01,0.01,2727656.0
2024-11-28 08:00:00+00:00,0.01,0.01,0.01,0.01,495657.0
2024-11-28 12:00:00+00:00,0.01,0.01,0.01,0.01,456642.0
2024-11-28 16:00:00+00:00,0.01,0.01,0.01,0.01,1253301.0
2024-11-28 20:00:00+00:00,0.01,0.01,0.01,0.01,1093436.0
2024-11-29 00:00:00+00:00,0.01,0.01,0.01,0.01,1348655.0
2024-11-29 04:00:00+00:00,0.01,0.01,0.01,0.01,2468895.0
2024-11-29 08:00:00+00:00,0.01,0.02,0.01,0.02,1003349.0
2024-11-29 12:00:00+00:00,0.02,0.02,0.02,0.02,455497.0
2024-11-29 16:00:00+00:00,0.02,0.02,0.02,0.02,4128405.0
2024-11-29 20:00:00+00:00,0.02,0.02,0.02,0.02,612358.0
2024-11-30 00:00:00+00:00,0.02,0.02,0.02,0.02,816956.0
2024-11-30 04:00:00+00:00,0.02,0.02,0.02,0.02,1857628.0
2024-11-30 08:00:00+00:00,0.02,0.02,0.01,0.01,1098426.0
2024-11-30 12:00:00+00:00,0.01,0.01,0.01,0.01,1259754.0
2024-11-30 16:00:00+00:00,0.01,0.01,0.01,0.01,1351410.0
2024-11-30 20:00:00+00:00,0.01,0.01,0.01,0.01,2324398.0
2024-12-01 00:00:00+00:00,0.01,0.01,0.01,0.01,960880.0
2024-12-01 04:00:00+00:00,0.01,0.01,0.01,0.01,3953165.0
2024-12-01 08:00:00+00:00,0.01,0.01,0.01,0.01,377848.0
2024-12-01 12:00:00+00:00,0.01,0.01,0.01,0.01,1467655.0
2024-12-01 16:00:00+00:00,0.01,0.01,0.01,0.01,892922.0
2024-12-01 20:00:00+00:00,0.01,0.01,0.01,0.01,2581482.0
2024-12-02 00:00:00+00:00,0.01,0.01,0.01,0.01,1529925.0
2024-12-02 04:00:00+00:00,0.01,0.01,0.01,0.01,1228814.0
2024-12-02 08:00:00+00:00,0.01,0.01,0.01,0.01,1866769.0
2024-12-02 12:00:00+00:00,0.01,0.01,0.01,0.01,2099198.0
2024-12-02 16:00:00+00:00,0.01,0.01,0.0,0.0,1957293.0
2024-12-02 20:00:00+00:00,0.0,0.01,0.0,0.01,822439.0
2024-12-03 00:00:00+00:00,0.01,0.01,0.0,0.0,851188.0
2024-12-03 04:00:00+00:00,0.0,0.0,0.0,0.0,1113804.0
2024-12-03 08:00:00+00:00,0.0,0.0,0.0,0.0,1860025.0
2024-12-03 12:00:00+00:00,0.0,0.0,0.0,0.0,1875054.0
2024-12-03 16:00:00+00:00,0.0,0.0,0.0,0.0,567713.0
2024-12-03 20:00:00+00:00,0.0,0.0,0.0,0.0,1217270.0
2024-12-04 00:00:00+00:00,0.0,0.0,0.0,0.0,974439.0
2024-12-04 04:00:00+00:00,0.0,0.0,0.0,0.0,1062062.0
2024-12-04 08:00:00+00:00,0.0,0.0,0.0,0.0,1094183.0
2024-12-04 12:00:00+00:00,0.0,0.0,0.0,0.0,2116236.0
2024-12-04 16:00:00+00:00,0.0,0.0,0.0,0.0,179360.0
2024-12-04 20:00:00+00:00,0.0,0.0,0.0,0.0,1276891.0
2024-12-05 00:00:00+00:00,0.0,0.0,0.0,0.0,1007106.0
2024-12-05 04:00:00+00:00,0.0,0.0,0.0,0.0,1432257.0
2024-12-05 08:00:00+00:00,0.0,0.0,0.0,0.0,814369.0
2024-12-05 12:00:00+00:00,0.0,0.0,0.0,0.0,1226887.0
2024-12-05 16:00:00+00:00,0.0,0.0,0.0,0.0,3102951.0
2024-12-05 20:00:00+00:00,0.0,0.0,0.0,0.0,2001510.0
2024-12-06 00:00:00+00:00,0.0,0.0,0.0,0.0,1932064.0
2024-12-06 04:00:00+00:00,0.0,0.0,0.0,0.0,1152858.0
2024-12-06 08:00:00+00:00,0.0,0.0,0.0,0.0,2945320.0
2024-12-06 12:00:00+00:00,0.0,0.0,0.0,0.0,1049557.0
2024-12-06 16:00:00+00:00,0.0,0.0,0.0,0.0,1111331.0
2024-12-06 20:00:00+00:00,0.0,0.0,0.0,0.0,1237454.0
2024-12-07 00:00:00+00:00,0.0,0.0,0.0,0.0,1321360.0
2024-12-07 04:00:00+00:00,0.0,0.0,0.0,0.0,2762044.0
2024-12-07 08:00:00+00:00,0.0,0.0,0.0,0.0,1089924.0
2024-12-07 12:00:00+00:00,0.0,0.0,0.0,0.0,1678893.0
2024-12-07 16:00:00+00:00,0.0,0.0,0.0,0.0,2219731.0
2024-12-07 20:00:00+00:00,0.0,0.0,0.0,0.0,2288563.0
2024-12-08 00:00:00+00:00,0.0,0.0,0.0,0.0,745559.0
2024-12-08 04:00:00+00:00,0.0,0.0,0.0,0.0,1253840.0
2024-12-08 08:00:00+00:00,0.0,0.0,0.0,0.0,1530722.0
2024-12-08 12:00:00+00:00,0.0,0.0,0.0,0.0,1779552.0
2024-12-08 16:00:00+00:00,0.0,0.0,0.0,0.0,614919.0
2024-12-08 20:00:00+00:00,0.0,0.0,0.0,0.0,987474.0
2024-12-09 00:00:00+00:00,0.0,0.0,0.0,0.0,2279256.0
2024-12-09 04:00:00+00:00,0.0,0.0,0.0,0.0,882825.0
2024-12-09 08:00:00+00:00,0.0,0.0,0.0,0.0,974927.0
2024-12-09 12:00:00+00:00,0.0,0.0,0.0,0.0,3521301.0
2024-12-09 16:00:00+00:00,0.0,0.0,0.0,0.0,1332151.0
2024-12-09 20:00:00+00:00,0.0,0.0,0.0,0.0,841285.0
2024-12-10 00:00:00+00:00,0.0,0.0,0.0,0.0,901385.0
2024-12-10 04:00:00+00:00,0.0,0.0,0.0,0.0,1325879.0
2024-12-10 08:00:00+00:00,0.0,0.0,0.0,0.0,560559.0
2024-12-10 12:00:00+00:00,0.0,0.0,0.0,0.0,1226173.0
2024-12-10 16:00:00+00:00,0.0,0.0,0.0,0.0,1248698.0
2024-12-10 20:00:00+00:00,0.0,0.0,0.0,0.0,2259096.0
2024-12-11 00:00:00+00:00,0.0,0.0,0.0,0.0,1454204.0
2024-12-11 04:00:00+00:00,0.0,0.0,0.0,0.0,786192.0
2024-12-11 08:00:00+00:00,0.0,0.0,0.0,0.0,2266093.0
2024-12-11 12:00:00+00:00,0.0,0.0,0.0,0.0,1801291.0
2024-12-11 16:00:00+00:00,0.0,0.0,0.0,0.0,568843.0
2024-12-11 20:00:00+00:00,0.0,0.0,0.0,0.0,1507351.0
2024-12-12 00:00:00+00:00,0.0,0.0,0.0,0.0,2919182.0
2024-12-12 04:00:00+00:00,0.0,0.0,0.0,0.0,1563954.0
2024-12-12 08:00:00+00:00,0.0,0.0,0.0,0.0,1571656.0
2024-12-12 12:00:00+00:00,0.0,0.0,0.0,0.0,2370649.0
2024-12-12 16:00:00+00:00,0.0,0.0,0.0,0.0,534795.0
2024-12-12 20:00:00+00:00,0.0,0.0,0.0,0.0,668703.0
2024-12-13 00:00:00+00:00,0.0,0.0,0.0,0.0,506552.0
2024-12-13 04:00:00+00:00,0.0,0.0,0.0,0.0,1545881.0
2024-12-13 08:00:00+00:00,0.0,0.0,0.0,0.0,1682183.0
2024-12-13 12:00:00+00:00,0.0,0.0,0.0,0.0,2285143.0
2024-12-13 16:00:00+00:00,0.0,0.0,0.0,0.0,1350306.0
2024-12-13 20:00:00+00:00,0.0,0.0,0.0,0.0,822370.0
2024-12-14 00:00:00+00:00,0.0,0.0,0.0,0.0,1273940.0
2024-12-14 04:00:00+00:00,0.0,0.0,0.0,0.0,1742909.0
2024-12-14 08:00:00+00:00,0.0,0.0,0.0,0.0,878589.0
2024-12-14 12:00:00+00:00,0.0,0.0,0.0,0.0,4812480.0
2024-12-14 16:00:00+00:00,0.0,0.0,0.0,0.0,2000609.0
2024-12-14 20:00:00+00:00,0.0,0.0,0.0,0.0,1357239.0
2024-12-15 00:00:00+00:00,0.0,0.0,0.0,0.0,1441367.0
2024-12-15 04:00:00+00:00,0.0,0.0,0.0,0.0,1705827.0
2024-12-15 08:00:00+00:00,0.0,0.0,0.0,0.0,1547817.0
2024-12-15 12:00:00+00:00,0.0,0.0,0.0,0.0,841644.0
2024-12-15 16:00:00+00:00,0.0,0.0,0.0,0.0,1541411.0
2024-12-15 20:00:00+00:00,0.0,0.0,0.0,0.0,1560815.0
2024-12-16 00:00:00+00:00,0.0,0.0,0.0,0.0,1004101.0
2024-12-16 04:00:00+00:00,0.0,0.0,0.0,0.0,2998188.0
2024-12-16 08:00:00+00:00,0.0,0.0,0.0,0.0,1189126.0
2024-12-16 12:00:00+00:00,0.0,0.0,0.0,0.0,1880749.0
2024-12-16 16:00:00+00:00,0.0,0.0,0.0,0.0,2958433.0
2024-12-16 20:00:00+00:00,0.0,0.0,0.0,0.0,1710500.0
2024-12-17 00:00:00+00:00,0.0,0.0,0.0,0.0,1611579.0
2024-12-17 04:00:00+00:00,0.0,0.0,0.0,0.0,1764335.0
2024-12-17 08:00:00+00:00,0.0,0.0,0.0,0.0,973350.0
2024-12-17 12:00:00+00:00,0.0,0.0,0.0,0.0,1421841.0
2024-12-17 16:00:00+00:00,0.0,0.0,0.0,0.0,1611963.0
2024-12-17 20:00:00+00:00,0.0,0.0,0.0,0.0,947231.0
2024-12-18 00:00:00+00:00,0.0,0.0,0.0,0.0,5565179.0
2024-12-18 04:00:00+00:00,0.0,0.0,0.0,0.0,691602.0
2024-12-18 08:00:00+00:00,0.0,0.0,0.0,0.0,676564.0
2024-12-18 12:00:00+00:00,0.0,0.0,0.0,0.0,2200067.0
2024-12-18 16:00:00+00:00,0.0,0.0,0.0,0.0,1826947.0
2024-12-18 20:00:00+00:00,0.0,0.0,0.0,0.0,740825.0
2024-12-19 00:00:00+00:00,0.0,0.0,0.0,0.0,1443916.0
2024-12-19 04:00:00+00:00,0.0,0.0,0.0,0.0,2137057.0
2024-12-19 08:00:00+00:00,0.0,0.0,0.0,0.0,1416239.0
2024-12-19 12:00:00+00:00,0.0,0.0,0.0,0.0,4916868.0
2024-12-19 16:00:00+00:00,0.0,0.0,0.0,0.0,516709.0
2024-12-19 20:00:00+00:00,0.0,0.0,0.0,0.0,1549794.0
2024-12-20 00:00:00+00:00,0.0,0.0,0.0,0.0,2580515.0
2024-12-20 04:00:00+00:00,0.0,0.0,0.0,0.0,3350665.0
2024-12-20 08:00:00+00:00,0.0,0.0,0.0,0.0,973921.0
2024-12-20 12:00:00+00:00,0.0,0.0,0.0,0.0,1810007.0
2024-12-20 16:00:00+00:00,0.0,0.0,0.0,0.0,1698493.0
2024-12-20 20:00:00+00:00,0.0,0.0,0.0,0.0,1505936.0
2024-12-21 00:00:00+00:00,0.0,0.0,0.0,0.0,1499244.0
2024-12-21 04:00:00+00:00,0.0,0.0,0.0,0.0,1710780.0
2024-12-21 08:00:00+00:00,0.0,0.0,0.0,0.0,750252.0
2024-12-21 12:00:00+00:00,0.0,0.0,0.0,0.0,1360379.0
2024-12-21 16:00:00+00:00,0.0,0.0,0.0,0.0,942664.0
2024-12-21 20:00:00+00:00,0.0,0.0,0.0,0.0,1095407.0
2024-12-22 00:00:00+00:00,0.0,0.0,0.0,0.0,2209321.0
2024-12-22 04:00:00+00:00,0.0,0.0,0.0,0.0,1270701.0
2024-12-22 08:00:00+00:00,0.0,0.0,0.0,0.0,3738397.0
2024-12-22 12:00:00+00:00,0.0,0.0,0.0,0.0,1437726.0
2024-12-22 16:00:00+00:00,0.0,0.0,0.0,0.0,1311214.0
2024-12-22 20:00:00+00:00,0.0,0.0,0.0,0.0,1215942.0
2024-12-23 00:00:00+00:00,0.0,0.0,0.0,0.0,910112.0
2024-12-23 04:00:00+00:00,0.0,0.0,0.0,0.0,1021905.0
2024-12-23 08:00:00+00:00,0.0,0.0,0.0,0.0,2986753.0
2024-12-23 12:00:00+00:00,0.0,0.0,0.0,0.0,1642748.0
2024-12-23 16:00:00+00:00,0.0,0.0,0.0,0.0,1112778.0
2024-12-23 20:00:00+00:00,0.0,0.0,0.0,0.0,679909.0
2024-12-24 00:00:00+00:00,0.0,0.0,0.0,0.0,821119.0
2024-12-24 04:00:00+00:00,0.0,0.0,0.0,0.0,1123319.0
2024-12-24 08:00:00+00:00,0.0,0.0,0.0,0.0,2023834.0
2024-12-24 12:00:00+00:00,0.0,0.0,0.0,0.0,560333.0
2024-12-24 16:00:00+00:00,0.0,0.0,0.0,0.0,1427860.0
2024-12-24 20:00:00+00:00,0.0,0.0,0.0,0.0,1843868.0
2024-12-25 00:00:00+00:00,0.0,0.0,0.0,0.0,546915.0
2024-12-25 04:00:00+00:00,0.0,0.0,0.0,0.0,686726.0
2024-12-25 08:00:00+00:00,0.0,0.0,0.0,0.0,1231065.0
2024-12-25 12:00:00+00:00,0.0,0.0,0.0,0.0,721895.0
2024-12-25 16:00:00+00:00,0.0,0.0,0.0,0.0,1928254.0
2024-12-25 20:00:00+00:00,0.0,0.0,0.0,0.0,935299.0
2024-12-26 00:00:00+00:00,0.0,0.0,0.0,0.0,838123.0
2024-12-26 04:00:00+00:00,0.0,0.0,0.0,0.0,1933007.0
2024-12-26 08:00:00+00:00,0.0,0.0,0.0,0.0,3014623.0
2024-12-26 12:00:00+00:00,0.0,0.0,0.0,0.0,2644917.0
2024-12-26 16:00:00+00:00,0.0,0.0,0.0,0.0,435748.0
2024-12-26 20:00:00+00:00,0.0,0.0,0.0,0.0,2108387.0
2024-12-27 00:00:00+00:00,0.0,0.0,0.0,0.0,1147212.0
2024-12-27 04:00:00+00:00,0.0,0.0,0.0,0.0,1618038.0
2024-12-27 08:00:00+00:00,0.0,0.0,0.0,0.0,912579.0
2024-12-27 12:00:00+00:00,0.0,0.0,0.0,0.0,1301079.0
2024-12-27 16:00:00+00:00,0.0,0.0,0.0,0.0,1634683.0
2024-12-27 20:00:00+00:00,0.0,0.0,0.0,0.0,1282837.0
2024-12-28 00:00:00+00:00,0.0,0.0,0.0,0.0,929226.0
2024-12-28 04:00:00+00:00,0.0,0.0,0.0,0.0,1089025.0
2024-12-28 08:00:00+00:00,0.0,0.0,0.0,0.0,1758467.0
2024-12-28 12:00:00+00:00,0.0,0.0,0.0,0.0,1489037.0
2024-12-28 16:00:00+00:00,0.0,0.0,0.0,0.0,1855980.0
2024-12-28 20:00:00+00:00,0.0,0.0,0.0,0.0,1129138.0
2024-12-29 00:00:00+00:00,0.0,0.0,0.0,0.0,1190519.0
2024-12-29 04:00:00+00:00,0.0,0.0,0.0,0.0,1847166.0
2024-12-29 08:00:00+00:00,0.0,0.0,0.0,0.0,1914904.0
2024-12-29 12:00:00+00:00,0.0,0.0,0.0,0.0,1334769.0
2024-12-29 16:00:00+00:00,0.0,0.0,0.0,0.0,1737868.0
2024-12-29 20:00:00+00:00,0.0,0.0,0.0,0.0,1895829.0
2024-12-30 00:00:00+00:00,0.0,0.0,0.0,0.0,609713.0
2024-12-30 04:00:00+00:00,0.0,0.0,0.0,0.0,1734422.0
2024-12-30 08:00:00+00:00,0.0,0.0,0.0,0.0,1455417.0
2024-12-30 12:00:00+00:00,0.0,0.0,0.0,0.0,1494750.0
2024-12-30 16:00:00+00:00,0.0,0.0,0.0,0.0,1012809.0
2024-12-30 20:00:00+00:00,0.0,0.0,0.0,0.0,1206077.0
2024-12-31 00:00:00+00:00,0.0,0.0,0.0,0.0,1070719.0
2024-12-31 04:00:00+00:00,0.0,0.0,0.0,0.0,2837593.0
2024-12-31 08:00:00+00:00,0.0,0.0,0.0,0.0,1624649.0
2024-12-31 12:00:00+00:00,0.0,0.0,0.0,0.0,1430253.0
2024-12-31 16:00:00+00:00,0.0,0.0,0.0,0.0,935704.0
2024-12-31 20:00:00+00:00,0.0,0.0,0.0,0.0,1157531.0
