timestamp,open,high,low,close,volume
2024-01-02 00:00:00+00:00,0.45,0.4711,0.442,0.45,1342155.0
2024-01-02 04:00:00+00:00,0.45,0.4692,0.4494,0.4678,1047743.0
2024-01-02 08:00:00+00:00,0.4678,0.4904,0.4563,0.4619,1824078.0
2024-01-02 12:00:00+00:00,0.4619,0.5298,0.4516,0.4916,769902.0
2024-01-02 16:00:00+00:00,0.4916,0.5776,0.482,0.5746,1006651.0
2024-01-02 20:00:00+00:00,0.5746,0.6044,0.5418,0.5571,1808280.0
2024-01-03 00:00:00+00:00,0.5571,0.5609,0.5343,0.5398,1069398.0
2024-01-03 04:00:00+00:00,0.5398,0.6582,0.5375,0.657,3290034.0
2024-01-03 08:00:00+00:00,0.657,0.7368,0.653,0.7329,962557.0
2024-01-03 12:00:00+00:00,0.7329,0.7422,0.678,0.6816,1177151.0
2024-01-03 16:00:00+00:00,0.6816,0.7379,0.681,0.7375,785462.0
2024-01-03 20:00:00+00:00,0.7375,0.7438,0.6791,0.6866,1211255.0
2024-01-04 00:00:00+00:00,0.6866,0.7063,0.6067,0.6391,576625.0
2024-01-04 04:00:00+00:00,0.6391,0.6637,0.6373,0.6627,870552.0
2024-01-04 08:00:00+00:00,0.6627,0.6672,0.4613,0.473,906466.0
2024-01-04 12:00:00+00:00,0.473,0.4833,0.3419,0.351,2509616.0
2024-01-04 16:00:00+00:00,0.351,0.363,0.3142,0.3217,1789393.0
2024-01-04 20:00:00+00:00,0.3217,0.3302,0.2627,0.2731,611770.0
2024-01-05 00:00:00+00:00,0.2731,0.2894,0.2721,0.2862,2229173.0
2024-01-05 04:00:00+00:00,0.2862,0.2919,0.2337,0.2475,4900046.0
2024-01-05 08:00:00+00:00,0.2475,0.2526,0.1938,0.1953,1670477.0
2024-01-05 12:00:00+00:00,0.1953,0.239,0.1951,0.2385,1206714.0
2024-01-05 16:00:00+00:00,0.2385,0.2394,0.2286,0.2307,4508265.0
2024-01-05 20:00:00+00:00,0.2307,0.2359,0.2274,0.2333,534616.0
2024-01-06 00:00:00+00:00,0.2333,0.234,0.1837,0.1841,1648180.0
2024-01-06 04:00:00+00:00,0.1841,0.1861,0.1677,0.1693,1357906.0
2024-01-06 08:00:00+00:00,0.1693,0.1735,0.1667,0.1724,2064573.0
2024-01-06 12:00:00+00:00,0.1724,0.1727,0.1428,0.143,1809418.0
2024-01-06 16:00:00+00:00,0.143,0.1519,0.1413,0.1512,914261.0
2024-01-06 20:00:00+00:00,0.1512,0.1546,0.1368,0.1378,786904.0
2024-01-07 00:00:00+00:00,0.1378,0.1385,0.1308,0.132,949915.0
2024-01-07 04:00:00+00:00,0.132,0.132,0.1202,0.1203,765431.0
2024-01-07 08:00:00+00:00,0.1203,0.154,0.1202,0.1539,1882522.0
2024-01-07 12:00:00+00:00,0.1539,0.1546,0.1532,0.1538,755298.0
2024-01-07 16:00:00+00:00,0.1538,0.1594,0.128,0.13,693359.0
2024-01-07 20:00:00+00:00,0.13,0.1466,0.1296,0.1463,2575383.0
2024-01-08 00:00:00+00:00,0.1463,0.1477,0.1185,0.1197,1204235.0
2024-01-08 04:00:00+00:00,0.1197,0.1239,0.1194,0.1237,582936.0
2024-01-08 08:00:00+00:00,0.1237,0.1243,0.0873,0.0875,1725332.0
2024-01-08 12:00:00+00:00,0.0875,0.0898,0.0694,0.0702,1647894.0
2024-01-08 16:00:00+00:00,0.0702,0.0739,0.0698,0.0724,456787.0
2024-01-08 20:00:00+00:00,0.0724,0.0807,0.0724,0.0806,1578903.0
2024-01-09 00:00:00+00:00,0.0806,0.0832,0.0801,0.0828,641280.0
2024-01-09 04:00:00+00:00,0.0828,0.0828,0.0815,0.0815,2462141.0
2024-01-09 08:00:00+00:00,0.0815,0.082,0.0774,0.078,1467268.0
2024-01-09 12:00:00+00:00,0.078,0.0789,0.0603,0.0609,1358942.0
2024-01-09 16:00:00+00:00,0.0609,0.0609,0.0543,0.0544,908223.0
2024-01-09 20:00:00+00:00,0.0544,0.0545,0.0505,0.0508,1140133.0
2024-01-10 00:00:00+00:00,0.0508,0.059,0.0504,0.0589,2012612.0
2024-01-10 04:00:00+00:00,0.0589,0.0636,0.0574,0.062,1145748.0
2024-01-10 08:00:00+00:00,0.062,0.066,0.0441,0.0458,1603585.0
2024-01-10 12:00:00+00:00,0.0458,0.0481,0.0457,0.0481,1185851.0
2024-01-10 16:00:00+00:00,0.0481,0.0486,0.0446,0.0454,863124.0
2024-01-10 20:00:00+00:00,0.0454,0.0457,0.0408,0.0409,1093861.0
2024-01-11 00:00:00+00:00,0.0409,0.045,0.0407,0.0447,451558.0
2024-01-11 04:00:00+00:00,0.0447,0.0524,0.0441,0.0517,2391962.0
2024-01-11 08:00:00+00:00,0.0517,0.0604,0.0503,0.059,1654773.0
2024-01-11 12:00:00+00:00,0.059,0.0606,0.05,0.0517,931675.0
2024-01-11 16:00:00+00:00,0.0517,0.0523,0.0492,0.0494,2927892.0
2024-01-11 20:00:00+00:00,0.0494,0.0522,0.0492,0.052,1206544.0
2024-01-12 00:00:00+00:00,0.052,0.0605,0.0511,0.0597,860806.0
2024-01-12 04:00:00+00:00,0.0597,0.0598,0.0553,0.0555,1856292.0
2024-01-12 08:00:00+00:00,0.0555,0.0559,0.0535,0.0541,1314682.0
2024-01-12 12:00:00+00:00,0.0541,0.0542,0.0449,0.0452,1817068.0
2024-01-12 16:00:00+00:00,0.0452,0.0456,0.0367,0.0372,1238386.0
2024-01-12 20:00:00+00:00,0.0372,0.0419,0.0371,0.0418,1718300.0
2024-01-13 00:00:00+00:00,0.0418,0.0506,0.0418,0.0504,1418117.0
2024-01-13 04:00:00+00:00,0.0504,0.0514,0.0485,0.05,1355193.0
2024-01-13 08:00:00+00:00,0.05,0.0576,0.0499,0.0575,560462.0
2024-01-13 12:00:00+00:00,0.0575,0.0611,0.0571,0.0607,940856.0
2024-01-13 16:00:00+00:00,0.0607,0.0609,0.0549,0.055,3038207.0
2024-01-13 20:00:00+00:00,0.055,0.0581,0.055,0.0581,796367.0
2024-01-14 00:00:00+00:00,0.0581,0.0716,0.0581,0.0716,1255571.0
2024-01-14 04:00:00+00:00,0.0716,0.0717,0.0712,0.0714,807459.0
2024-01-14 08:00:00+00:00,0.0714,0.0904,0.0704,0.088,926025.0
2024-01-14 12:00:00+00:00,0.088,0.0882,0.0533,0.0536,720340.0
2024-01-14 16:00:00+00:00,0.0536,0.0628,0.0526,0.0603,1225896.0
2024-01-14 20:00:00+00:00,0.0603,0.062,0.06,0.0612,1118431.0
2024-01-15 00:00:00+00:00,0.0612,0.0616,0.0583,0.0586,1098665.0
2024-01-15 04:00:00+00:00,0.0586,0.0599,0.058,0.0595,973851.0
2024-01-15 08:00:00+00:00,0.0595,0.06,0.0417,0.042,1924134.0
2024-01-15 12:00:00+00:00,0.042,0.0428,0.0403,0.0407,1823125.0
2024-01-15 16:00:00+00:00,0.0407,0.0431,0.0405,0.0429,1060346.0
2024-01-15 20:00:00+00:00,0.0429,0.0528,0.0428,0.0525,1253737.0
2024-01-16 00:00:00+00:00,0.0525,0.0531,0.0469,0.0486,1066753.0
2024-01-16 04:00:00+00:00,0.0486,0.0493,0.0409,0.0428,1814816.0
2024-01-16 08:00:00+00:00,0.0428,0.0437,0.0387,0.0396,2472466.0
2024-01-16 12:00:00+00:00,0.0396,0.0454,0.0394,0.0451,1035242.0
2024-01-16 16:00:00+00:00,0.0451,0.0479,0.0442,0.0474,1211662.0
2024-01-16 20:00:00+00:00,0.0474,0.0479,0.0436,0.0437,1460527.0
2024-01-17 00:00:00+00:00,0.0437,0.0475,0.0434,0.0472,752516.0
2024-01-17 04:00:00+00:00,0.0472,0.0481,0.0471,0.0479,1059507.0
2024-01-17 08:00:00+00:00,0.0479,0.0552,0.0473,0.055,691188.0
2024-01-17 12:00:00+00:00,0.055,0.0551,0.0492,0.0493,541321.0
2024-01-17 16:00:00+00:00,0.0493,0.0494,0.0467,0.0469,1372536.0
2024-01-17 20:00:00+00:00,0.0469,0.0476,0.0431,0.0442,967026.0
2024-01-18 00:00:00+00:00,0.0442,0.0443,0.0345,0.0346,1829863.0
2024-01-18 04:00:00+00:00,0.0346,0.0362,0.0346,0.0362,1127792.0
2024-01-18 08:00:00+00:00,0.0362,0.0377,0.0361,0.0377,688656.0
2024-01-18 12:00:00+00:00,0.0377,0.0388,0.0366,0.0377,984318.0
2024-01-18 16:00:00+00:00,0.0377,0.038,0.0362,0.0365,593507.0
2024-01-18 20:00:00+00:00,0.0365,0.0367,0.0287,0.0289,3263167.0
2024-01-19 00:00:00+00:00,0.0289,0.0293,0.0266,0.0271,601524.0
2024-01-19 04:00:00+00:00,0.0271,0.0276,0.0253,0.0257,1042704.0
2024-01-19 08:00:00+00:00,0.0257,0.0259,0.0226,0.0227,805735.0
2024-01-19 12:00:00+00:00,0.0227,0.0231,0.022,0.0221,1421052.0
2024-01-19 16:00:00+00:00,0.0221,0.0237,0.0217,0.0235,1004583.0
2024-01-19 20:00:00+00:00,0.0235,0.0306,0.0233,0.0302,1429565.0
2024-01-20 00:00:00+00:00,0.0302,0.0311,0.0302,0.031,1658471.0
2024-01-20 04:00:00+00:00,0.031,0.0329,0.0304,0.0323,1136401.0
2024-01-20 08:00:00+00:00,0.0323,0.0324,0.0316,0.032,1333155.0
2024-01-20 12:00:00+00:00,0.032,0.0321,0.0229,0.0229,1133197.0
2024-01-20 16:00:00+00:00,0.0229,0.023,0.0227,0.0228,499455.0
2024-01-20 20:00:00+00:00,0.0228,0.0231,0.0228,0.0231,1087111.0
2024-01-21 00:00:00+00:00,0.0231,0.0315,0.023,0.0314,1779533.0
2024-01-21 04:00:00+00:00,0.0314,0.0321,0.0303,0.0305,1481347.0
2024-01-21 08:00:00+00:00,0.0305,0.032,0.0305,0.032,1094589.0
2024-01-21 12:00:00+00:00,0.032,0.0322,0.0317,0.0318,1121451.0
2024-01-21 16:00:00+00:00,0.0318,0.0322,0.0263,0.0264,672887.0
2024-01-21 20:00:00+00:00,0.0264,0.0309,0.0264,0.0309,3901546.0
2024-01-22 00:00:00+00:00,0.0309,0.0352,0.0293,0.0344,1235913.0
2024-01-22 04:00:00+00:00,0.0344,0.0387,0.0344,0.0386,1926533.0
2024-01-22 08:00:00+00:00,0.0386,0.0387,0.0332,0.0333,925605.0
2024-01-22 12:00:00+00:00,0.0333,0.0406,0.0333,0.0404,1906589.0
2024-01-22 16:00:00+00:00,0.0404,0.0405,0.0319,0.0319,848510.0
2024-01-22 20:00:00+00:00,0.0319,0.0348,0.0319,0.0348,1588604.0
2024-01-23 00:00:00+00:00,0.0348,0.0468,0.0343,0.0463,1664535.0
2024-01-23 04:00:00+00:00,0.0463,0.0481,0.0384,0.0394,1463884.0
2024-01-23 08:00:00+00:00,0.0394,0.0395,0.036,0.0361,1774580.0
2024-01-23 12:00:00+00:00,0.0361,0.0373,0.0359,0.0367,565797.0
2024-01-23 16:00:00+00:00,0.0367,0.0373,0.0336,0.034,867976.0
2024-01-23 20:00:00+00:00,0.034,0.0349,0.0259,0.0261,2130254.0
2024-01-24 00:00:00+00:00,0.0261,0.0265,0.0259,0.0264,2951645.0
2024-01-24 04:00:00+00:00,0.0264,0.0264,0.0221,0.0223,1372604.0
2024-01-24 08:00:00+00:00,0.0223,0.0239,0.0221,0.0239,1634234.0
2024-01-24 12:00:00+00:00,0.0239,0.024,0.0202,0.0206,1337343.0
2024-01-24 16:00:00+00:00,0.0206,0.0258,0.0202,0.0254,4490562.0
2024-01-24 20:00:00+00:00,0.0254,0.0254,0.0224,0.0224,563359.0
2024-01-25 00:00:00+00:00,0.0224,0.0226,0.0213,0.0214,1197346.0
2024-01-25 04:00:00+00:00,0.0214,0.0245,0.0208,0.024,607322.0
2024-01-25 08:00:00+00:00,0.024,0.0244,0.0193,0.0196,442904.0
2024-01-25 12:00:00+00:00,0.0196,0.0212,0.0188,0.0203,1282523.0
2024-01-25 16:00:00+00:00,0.0203,0.0245,0.0199,0.0243,1706090.0
2024-01-25 20:00:00+00:00,0.0243,0.0244,0.0184,0.0185,1492051.0
2024-01-26 00:00:00+00:00,0.0185,0.0192,0.0183,0.019,1029884.0
2024-01-26 04:00:00+00:00,0.019,0.0198,0.0187,0.0197,5272011.0
2024-01-26 08:00:00+00:00,0.0197,0.0221,0.0197,0.0221,1190746.0
2024-01-26 12:00:00+00:00,0.0221,0.0223,0.0179,0.018,2004993.0
2024-01-26 16:00:00+00:00,0.018,0.0181,0.0142,0.0145,1150020.0
2024-01-26 20:00:00+00:00,0.0145,0.0156,0.0144,0.0156,1434869.0
2024-01-27 00:00:00+00:00,0.0156,0.0165,0.0154,0.0163,1009099.0
2024-01-27 04:00:00+00:00,0.0163,0.0171,0.0162,0.0169,908800.0
2024-01-27 08:00:00+00:00,0.0169,0.0185,0.0165,0.0178,2877944.0
2024-01-27 12:00:00+00:00,0.0178,0.0178,0.016,0.016,2346919.0
2024-01-27 16:00:00+00:00,0.016,0.0167,0.016,0.0166,1186165.0
2024-01-27 20:00:00+00:00,0.0166,0.0175,0.0165,0.0174,358685.0
2024-01-28 00:00:00+00:00,0.0174,0.0175,0.0155,0.0155,1100422.0
2024-01-28 04:00:00+00:00,0.0155,0.0203,0.0154,0.0199,7119992.0
2024-01-28 08:00:00+00:00,0.0199,0.0215,0.0194,0.0213,1084143.0
2024-01-28 12:00:00+00:00,0.0213,0.0213,0.0175,0.0175,2660634.0
2024-01-28 16:00:00+00:00,0.0175,0.0194,0.0174,0.0193,2671315.0
2024-01-28 20:00:00+00:00,0.0193,0.0195,0.0164,0.0165,1601020.0
2024-01-29 00:00:00+00:00,0.0165,0.0185,0.0164,0.0185,891367.0
2024-01-29 04:00:00+00:00,0.0185,0.022,0.0177,0.0217,451313.0
2024-01-29 08:00:00+00:00,0.0217,0.022,0.0187,0.019,1922464.0
2024-01-29 12:00:00+00:00,0.019,0.0222,0.0189,0.0218,956425.0
2024-01-29 16:00:00+00:00,0.0218,0.0235,0.0215,0.0232,1299217.0
2024-01-29 20:00:00+00:00,0.0232,0.0262,0.023,0.0261,735476.0
2024-01-30 00:00:00+00:00,0.0261,0.0345,0.0255,0.0336,1626908.0
2024-01-30 04:00:00+00:00,0.0336,0.0338,0.0318,0.0324,1125092.0
2024-01-30 08:00:00+00:00,0.0324,0.0327,0.0283,0.0287,1526843.0
2024-01-30 12:00:00+00:00,0.0287,0.029,0.0242,0.025,799470.0
2024-01-30 16:00:00+00:00,0.025,0.025,0.0219,0.0219,2479258.0
2024-01-30 20:00:00+00:00,0.0219,0.0225,0.0215,0.0217,764416.0
2024-01-31 00:00:00+00:00,0.0217,0.0229,0.0217,0.0228,500661.0
2024-01-31 04:00:00+00:00,0.0228,0.024,0.0228,0.0238,1069208.0
2024-01-31 08:00:00+00:00,0.0238,0.0269,0.0237,0.0268,1400782.0
2024-01-31 12:00:00+00:00,0.0268,0.0276,0.0255,0.0269,1095104.0
2024-01-31 16:00:00+00:00,0.0269,0.0333,0.0263,0.0327,3259527.0
2024-01-31 20:00:00+00:00,0.0327,0.0332,0.0312,0.0315,989939.0
2024-02-01 00:00:00+00:00,0.0315,0.0452,0.0312,0.0444,2099669.0
2024-02-01 04:00:00+00:00,0.0444,0.0489,0.0439,0.0487,741144.0
2024-02-01 08:00:00+00:00,0.0487,0.0501,0.0413,0.0425,2080814.0
2024-02-01 12:00:00+00:00,0.0425,0.0429,0.0356,0.0357,1619196.0
2024-02-01 16:00:00+00:00,0.0357,0.0385,0.0355,0.0384,990884.0
2024-02-01 20:00:00+00:00,0.0384,0.0385,0.0371,0.0372,422547.0
2024-02-02 00:00:00+00:00,0.0372,0.042,0.0367,0.0412,2731846.0
2024-02-02 04:00:00+00:00,0.0412,0.0448,0.0407,0.0442,659558.0
2024-02-02 08:00:00+00:00,0.0442,0.0445,0.0437,0.0438,764225.0
2024-02-02 12:00:00+00:00,0.0438,0.0438,0.0384,0.0384,1640331.0
2024-02-02 16:00:00+00:00,0.0384,0.0393,0.0294,0.0297,921312.0
2024-02-02 20:00:00+00:00,0.0297,0.0298,0.0278,0.0278,566324.0
2024-02-03 00:00:00+00:00,0.0278,0.032,0.0276,0.0314,481097.0
2024-02-03 04:00:00+00:00,0.0314,0.0333,0.03,0.0325,1580902.0
2024-02-03 08:00:00+00:00,0.0325,0.0327,0.0264,0.0265,1183554.0
2024-02-03 12:00:00+00:00,0.0265,0.0273,0.0264,0.0272,4685309.0
2024-02-03 16:00:00+00:00,0.0272,0.0294,0.0271,0.0289,717539.0
2024-02-03 20:00:00+00:00,0.0289,0.0305,0.0284,0.0303,6293149.0
2024-02-04 00:00:00+00:00,0.0251,0.029,0.0249,0.029,5812994.0
2024-02-04 04:00:00+00:00,0.0257,0.028,0.0245,0.028,8361574.0
2024-02-04 08:00:00+00:00,0.026,0.026,0.0216,0.0227,8518243.0
2024-02-04 12:00:00+00:00,0.0217,0.0231,0.0216,0.0229,1585911.0
2024-02-04 16:00:00+00:00,0.0229,0.0251,0.0226,0.0248,771880.0
2024-02-04 20:00:00+00:00,0.0248,0.0292,0.0241,0.0289,748832.0
2024-02-05 00:00:00+00:00,0.0289,0.0337,0.0289,0.0336,602686.0
2024-02-05 04:00:00+00:00,0.0336,0.0339,0.0261,0.0267,530649.0
2024-02-05 08:00:00+00:00,0.0267,0.027,0.0229,0.023,1092148.0
2024-02-05 12:00:00+00:00,0.023,0.0249,0.0228,0.0249,1065696.0
2024-02-05 16:00:00+00:00,0.0249,0.0269,0.0248,0.0268,903018.0
2024-02-05 20:00:00+00:00,0.0268,0.0292,0.026,0.029,2306905.0
2024-02-06 00:00:00+00:00,0.029,0.0458,0.0289,0.0458,5064695.0
2024-02-06 04:00:00+00:00,0.0458,0.05,0.0456,0.0498,1069247.0
2024-02-06 08:00:00+00:00,0.0498,0.0585,0.0495,0.0584,619149.0
2024-02-06 12:00:00+00:00,0.0584,0.0686,0.0575,0.0669,1082105.0
2024-02-06 16:00:00+00:00,0.0669,0.0746,0.0663,0.0736,963471.0
2024-02-06 20:00:00+00:00,0.0736,0.0745,0.0689,0.0703,816810.0
2024-02-07 00:00:00+00:00,0.0703,0.0786,0.07,0.0785,951642.0
2024-02-07 04:00:00+00:00,0.0785,0.0789,0.0685,0.0696,966783.0
2024-02-07 08:00:00+00:00,0.0696,0.0704,0.0669,0.0673,905984.0
2024-02-07 12:00:00+00:00,0.0673,0.068,0.061,0.0625,881312.0
2024-02-07 16:00:00+00:00,0.0625,0.0645,0.0606,0.0635,1158939.0
2024-02-07 20:00:00+00:00,0.0635,0.0856,0.0635,0.0855,2445116.0
2024-02-08 00:00:00+00:00,0.0855,0.0866,0.0612,0.0618,1162437.0
2024-02-08 04:00:00+00:00,0.0618,0.0683,0.0617,0.0683,2485208.0
2024-02-08 08:00:00+00:00,0.0683,0.069,0.0516,0.0519,1052605.0
2024-02-08 12:00:00+00:00,0.0519,0.052,0.0481,0.0484,536593.0
2024-02-08 16:00:00+00:00,0.0484,0.0566,0.0482,0.0564,1811562.0
2024-02-08 20:00:00+00:00,0.0564,0.0573,0.0561,0.0571,688696.0
2024-02-09 00:00:00+00:00,0.0571,0.0573,0.0474,0.0481,1730130.0
2024-02-09 04:00:00+00:00,0.0481,0.0483,0.0429,0.043,395178.0
2024-02-09 08:00:00+00:00,0.043,0.0434,0.0359,0.0362,16193215.0
2024-02-09 12:00:00+00:00,0.0475,0.0478,0.0352,0.0352,11365743.0
2024-02-09 16:00:00+00:00,0.0425,0.044,0.0386,0.0386,3206797.0
2024-02-09 20:00:00+00:00,0.0439,0.0453,0.0405,0.0405,3016042.0
2024-02-10 00:00:00+00:00,0.0443,0.0444,0.0376,0.0376,18193726.0
2024-02-10 04:00:00+00:00,0.0402,0.0536,0.04,0.0508,8383342.0
2024-02-10 08:00:00+00:00,0.0532,0.0592,0.0527,0.0584,851699.0
2024-02-10 12:00:00+00:00,0.0584,0.0585,0.0406,0.0408,613240.0
2024-02-10 16:00:00+00:00,0.0408,0.042,0.0408,0.042,915521.0
2024-02-10 20:00:00+00:00,0.042,0.0422,0.0377,0.0379,1151822.0
2024-02-11 00:00:00+00:00,0.0379,0.0442,0.0369,0.0429,1988724.0
2024-02-11 04:00:00+00:00,0.0429,0.0432,0.0374,0.0379,670537.0
2024-02-11 08:00:00+00:00,0.0379,0.0384,0.037,0.0373,488518.0
2024-02-11 12:00:00+00:00,0.0373,0.0408,0.0371,0.0402,1544286.0
2024-02-11 16:00:00+00:00,0.0402,0.0456,0.0401,0.0455,2309946.0
2024-02-11 20:00:00+00:00,0.0455,0.0458,0.0372,0.0374,699035.0
2024-02-12 00:00:00+00:00,0.0374,0.0382,0.0353,0.0356,1964467.0
2024-02-12 04:00:00+00:00,0.0356,0.0357,0.0331,0.0332,1230080.0
2024-02-12 08:00:00+00:00,0.0332,0.0333,0.0299,0.03,2222549.0
2024-02-12 12:00:00+00:00,0.03,0.0382,0.0299,0.038,1738670.0
2024-02-12 16:00:00+00:00,0.038,0.0406,0.0378,0.0404,336737.0
2024-02-12 20:00:00+00:00,0.0404,0.0412,0.0309,0.0328,1447007.0
2024-02-13 00:00:00+00:00,0.0328,0.0375,0.0328,0.0374,2411121.0
2024-02-13 04:00:00+00:00,0.0374,0.0497,0.0371,0.0494,1254257.0
2024-02-13 08:00:00+00:00,0.0494,0.0572,0.0493,0.0571,1211177.0
2024-02-13 12:00:00+00:00,0.0571,0.0594,0.0428,0.0442,1536521.0
2024-02-13 16:00:00+00:00,0.0442,0.0443,0.041,0.0411,284433.0
2024-02-13 20:00:00+00:00,0.0411,0.0493,0.0409,0.049,3633972.0
2024-02-14 00:00:00+00:00,0.049,0.0496,0.0433,0.0439,836664.0
2024-02-14 04:00:00+00:00,0.0439,0.0478,0.0437,0.0469,1551690.0
2024-02-14 08:00:00+00:00,0.0469,0.0526,0.0466,0.0524,1296309.0
2024-02-14 12:00:00+00:00,0.0524,0.0526,0.045,0.0452,2648198.0
2024-02-14 16:00:00+00:00,0.0452,0.0456,0.0448,0.0449,1251917.0
2024-02-14 20:00:00+00:00,0.0449,0.045,0.0233,0.0234,2166546.0
2024-02-15 00:00:00+00:00,0.0234,0.0234,0.0198,0.0198,931616.0
2024-02-15 04:00:00+00:00,0.0198,0.02,0.019,0.0191,1652881.0
2024-02-15 08:00:00+00:00,0.0191,0.0192,0.0155,0.0156,610258.0
2024-02-15 12:00:00+00:00,0.0156,0.0194,0.0155,0.0194,2401632.0
2024-02-15 16:00:00+00:00,0.0194,0.0195,0.0151,0.0153,946347.0
2024-02-15 20:00:00+00:00,0.0153,0.0157,0.0137,0.0143,2233374.0
2024-02-16 00:00:00+00:00,0.0143,0.0147,0.0141,0.0146,1151886.0
2024-02-16 04:00:00+00:00,0.0146,0.0177,0.0146,0.0177,2277565.0
2024-02-16 08:00:00+00:00,0.0177,0.0177,0.0139,0.0139,1711369.0
2024-02-16 12:00:00+00:00,0.0139,0.0169,0.0135,0.0164,635701.0
2024-02-16 16:00:00+00:00,0.0164,0.0165,0.0163,0.0164,655352.0
2024-02-16 20:00:00+00:00,0.0164,0.0164,0.014,0.0141,2004284.0
2024-02-17 00:00:00+00:00,0.0141,0.0151,0.0139,0.015,1316070.0
2024-02-17 04:00:00+00:00,0.015,0.0157,0.015,0.0155,1971520.0
2024-02-17 08:00:00+00:00,0.0155,0.0156,0.0139,0.0141,1550668.0
2024-02-17 12:00:00+00:00,0.0141,0.0143,0.0141,0.0143,637590.0
2024-02-17 16:00:00+00:00,0.0143,0.0143,0.0135,0.0135,785498.0
2024-02-17 20:00:00+00:00,0.0135,0.0141,0.013,0.0137,1108826.0
2024-02-18 00:00:00+00:00,0.0137,0.0151,0.0137,0.0151,408272.0
2024-02-18 04:00:00+00:00,0.0151,0.0188,0.0148,0.0187,3960768.0
2024-02-18 08:00:00+00:00,0.0187,0.019,0.0151,0.0152,1939792.0
2024-02-18 12:00:00+00:00,0.0152,0.0202,0.015,0.0201,3622476.0
2024-02-18 16:00:00+00:00,0.0201,0.0202,0.0142,0.0142,851654.0
2024-02-18 20:00:00+00:00,0.0142,0.0143,0.0139,0.0139,1988229.0
2024-02-19 00:00:00+00:00,0.0139,0.0152,0.0137,0.0151,3861535.0
2024-02-19 04:00:00+00:00,0.0151,0.0161,0.0148,0.0158,582400.0
2024-02-19 08:00:00+00:00,0.0158,0.0163,0.014,0.0143,1881687.0
2024-02-19 12:00:00+00:00,0.0143,0.0143,0.0138,0.0139,1093700.0
2024-02-19 16:00:00+00:00,0.0139,0.0139,0.0128,0.0128,564292.0
2024-02-19 20:00:00+00:00,0.0128,0.0133,0.0114,0.0117,1618472.0
2024-02-20 00:00:00+00:00,0.0117,0.0134,0.0116,0.0132,2097276.0
2024-02-20 04:00:00+00:00,0.0132,0.0143,0.013,0.0139,859315.0
2024-02-20 08:00:00+00:00,0.0139,0.0139,0.0124,0.0125,2350240.0
2024-02-20 12:00:00+00:00,0.0125,0.0142,0.0123,0.0141,610351.0
2024-02-20 16:00:00+00:00,0.0141,0.015,0.014,0.0148,538865.0
2024-02-20 20:00:00+00:00,0.0148,0.0168,0.0147,0.0166,1461642.0
2024-02-21 00:00:00+00:00,0.0166,0.0183,0.0165,0.0181,1298930.0
2024-02-21 04:00:00+00:00,0.0181,0.0182,0.0159,0.0159,960234.0
2024-02-21 08:00:00+00:00,0.0159,0.0159,0.0143,0.0145,1878470.0
2024-02-21 12:00:00+00:00,0.0145,0.0162,0.0145,0.0162,1740957.0
2024-02-21 16:00:00+00:00,0.0162,0.0177,0.016,0.0176,1955605.0
2024-02-21 20:00:00+00:00,0.0176,0.0182,0.017,0.0176,950523.0
2024-02-22 00:00:00+00:00,0.0176,0.018,0.0175,0.0179,1419769.0
2024-02-22 04:00:00+00:00,0.0179,0.0214,0.0174,0.0212,1250884.0
2024-02-22 08:00:00+00:00,0.0212,0.0213,0.0193,0.0193,3541002.0
2024-02-22 12:00:00+00:00,0.0193,0.0211,0.0191,0.0209,828797.0
2024-02-22 16:00:00+00:00,0.0209,0.0212,0.019,0.0203,3131992.0
2024-02-22 20:00:00+00:00,0.0203,0.0203,0.0196,0.0196,1119553.0
2024-02-23 00:00:00+00:00,0.0196,0.0228,0.0196,0.0228,750081.0
2024-02-23 04:00:00+00:00,0.0228,0.0257,0.0226,0.0256,2713115.0
2024-02-23 08:00:00+00:00,0.0256,0.0287,0.0256,0.0287,1452091.0
2024-02-23 12:00:00+00:00,0.0287,0.0349,0.0284,0.0343,2425421.0
2024-02-23 16:00:00+00:00,0.0343,0.0357,0.0339,0.0344,1856257.0
2024-02-23 20:00:00+00:00,0.0344,0.0381,0.0343,0.0378,1538516.0
2024-02-24 00:00:00+00:00,0.0378,0.0379,0.0358,0.036,849763.0
2024-02-24 04:00:00+00:00,0.036,0.038,0.0359,0.0377,1861383.0
2024-02-24 08:00:00+00:00,0.0377,0.0382,0.0365,0.0369,1062155.0
2024-02-24 12:00:00+00:00,0.0369,0.0374,0.0369,0.0374,1465769.0
2024-02-24 16:00:00+00:00,0.0374,0.0411,0.0371,0.0407,429818.0
2024-02-24 20:00:00+00:00,0.0407,0.0413,0.0355,0.0356,1715159.0
2024-02-25 00:00:00+00:00,0.0356,0.0471,0.0352,0.0468,1408303.0
2024-02-25 04:00:00+00:00,0.0468,0.047,0.0396,0.0397,3328647.0
2024-02-25 08:00:00+00:00,0.0397,0.04,0.0319,0.0324,2116668.0
2024-02-25 12:00:00+00:00,0.0324,0.038,0.0324,0.038,1710737.0
2024-02-25 16:00:00+00:00,0.038,0.0426,0.0379,0.0424,1724704.0
2024-02-25 20:00:00+00:00,0.0424,0.0473,0.0415,0.0464,775124.0
2024-02-26 00:00:00+00:00,0.0464,0.0514,0.0458,0.0507,2879330.0
2024-02-26 04:00:00+00:00,0.0507,0.0507,0.0505,0.0505,2732330.0
2024-02-26 08:00:00+00:00,0.0505,0.0506,0.0436,0.0437,1706284.0
2024-02-26 12:00:00+00:00,0.0437,0.0442,0.0436,0.0442,2281345.0
2024-02-26 16:00:00+00:00,0.0442,0.0444,0.0396,0.0397,982421.0
2024-02-26 20:00:00+00:00,0.0397,0.0455,0.0396,0.0454,963034.0
2024-02-27 00:00:00+00:00,0.0454,0.0454,0.0443,0.0444,1092542.0
2024-02-27 04:00:00+00:00,0.0444,0.0445,0.0384,0.0388,1709486.0
2024-02-27 08:00:00+00:00,0.0388,0.0393,0.0364,0.0369,943498.0
2024-02-27 12:00:00+00:00,0.0369,0.0395,0.0366,0.0391,1545973.0
2024-02-27 16:00:00+00:00,0.0391,0.0397,0.0355,0.0358,1466311.0
2024-02-27 20:00:00+00:00,0.0358,0.0358,0.0313,0.0313,834313.0
2024-02-28 00:00:00+00:00,0.0313,0.0338,0.0308,0.0324,1432570.0
2024-02-28 04:00:00+00:00,0.0324,0.0341,0.0317,0.0335,1702918.0
2024-02-28 08:00:00+00:00,0.0335,0.0342,0.0306,0.0309,1342897.0
2024-02-28 12:00:00+00:00,0.0309,0.0316,0.0283,0.0287,2164592.0
2024-02-28 16:00:00+00:00,0.0287,0.0305,0.028,0.0297,598445.0
2024-02-28 20:00:00+00:00,0.0297,0.0298,0.0229,0.0232,2092666.0
2024-02-29 00:00:00+00:00,0.0232,0.0233,0.0182,0.0182,912311.0
2024-02-29 04:00:00+00:00,0.0182,0.0184,0.0161,0.0163,760676.0
2024-02-29 08:00:00+00:00,0.0163,0.0166,0.0156,0.0157,802763.0
2024-02-29 12:00:00+00:00,0.0157,0.0167,0.0156,0.0164,708935.0
2024-02-29 16:00:00+00:00,0.0164,0.0202,0.0163,0.02,1261754.0
2024-02-29 20:00:00+00:00,0.02,0.0226,0.02,0.0226,1241241.0
2024-03-01 00:00:00+00:00,0.0226,0.0227,0.0219,0.022,1635881.0
2024-03-01 04:00:00+00:00,0.022,0.0227,0.0215,0.0219,862677.0
2024-03-01 08:00:00+00:00,0.0219,0.0222,0.0185,0.0186,655904.0
2024-03-01 12:00:00+00:00,0.0186,0.0188,0.0184,0.0185,1790746.0
2024-03-01 16:00:00+00:00,0.0185,0.0186,0.0176,0.0177,745136.0
2024-03-01 20:00:00+00:00,0.0177,0.0186,0.0176,0.0186,1107918.0
2024-03-02 00:00:00+00:00,0.0186,0.0191,0.0159,0.0162,1720863.0
2024-03-02 04:00:00+00:00,0.0162,0.0176,0.016,0.0175,1358513.0
2024-03-02 08:00:00+00:00,0.0175,0.0216,0.0171,0.0215,2912965.0
2024-03-02 12:00:00+00:00,0.0215,0.0217,0.021,0.0211,1338093.0
2024-03-02 16:00:00+00:00,0.0211,0.0225,0.0208,0.0223,764344.0
2024-03-02 20:00:00+00:00,0.0223,0.0246,0.0222,0.0246,3883027.0
2024-03-03 00:00:00+00:00,0.0246,0.025,0.0229,0.0231,1305478.0
2024-03-03 04:00:00+00:00,0.0231,0.024,0.023,0.0238,1018937.0
2024-03-03 08:00:00+00:00,0.0238,0.0239,0.0236,0.0238,1622009.0
2024-03-03 12:00:00+00:00,0.0238,0.0244,0.0236,0.0242,1177381.0
2024-03-03 16:00:00+00:00,0.0242,0.0252,0.0211,0.0214,1641118.0
2024-03-03 20:00:00+00:00,0.0214,0.0215,0.0214,0.0214,3501778.0
2024-03-04 00:00:00+00:00,0.0214,0.0234,0.0211,0.023,1060546.0
2024-03-04 04:00:00+00:00,0.023,0.028,0.0229,0.028,1407004.0
2024-03-04 08:00:00+00:00,0.028,0.0321,0.0277,0.0319,1513704.0
2024-03-04 12:00:00+00:00,0.0319,0.0422,0.0319,0.0422,3358199.0
2024-03-04 16:00:00+00:00,0.0422,0.0424,0.0372,0.0373,635089.0
2024-03-04 20:00:00+00:00,0.0373,0.0424,0.037,0.0422,519868.0
2024-03-05 00:00:00+00:00,0.0422,0.0433,0.0421,0.0433,804531.0
2024-03-05 04:00:00+00:00,0.0433,0.0579,0.043,0.0574,875587.0
2024-03-05 08:00:00+00:00,0.0574,0.0595,0.0496,0.0504,1105480.0
2024-03-05 12:00:00+00:00,0.0504,0.0504,0.0439,0.044,1775706.0
2024-03-05 16:00:00+00:00,0.044,0.0444,0.0392,0.04,815460.0
2024-03-05 20:00:00+00:00,0.04,0.0402,0.0271,0.0272,959833.0
2024-03-06 00:00:00+00:00,0.0272,0.0275,0.0247,0.025,1283487.0
2024-03-06 04:00:00+00:00,0.025,0.0251,0.0221,0.0222,2069815.0
2024-03-06 08:00:00+00:00,0.0222,0.0227,0.0221,0.0226,456178.0
2024-03-06 12:00:00+00:00,0.0226,0.0238,0.0226,0.0238,1733680.0
2024-03-06 16:00:00+00:00,0.0238,0.0305,0.0238,0.0304,2770791.0
2024-03-06 20:00:00+00:00,0.0304,0.0348,0.0303,0.0347,2295746.0
2024-03-07 00:00:00+00:00,0.0347,0.0351,0.0313,0.0317,2321730.0
2024-03-07 04:00:00+00:00,0.0317,0.0325,0.0269,0.0274,4231439.0
2024-03-07 08:00:00+00:00,0.0274,0.0297,0.0268,0.0294,1019843.0
2024-03-07 12:00:00+00:00,0.0294,0.0299,0.0234,0.0236,1686759.0
2024-03-07 16:00:00+00:00,0.0236,0.03,0.0235,0.03,1479087.0
2024-03-07 20:00:00+00:00,0.03,0.0354,0.0299,0.0353,1529615.0
2024-03-08 00:00:00+00:00,0.0353,0.0354,0.0327,0.0328,2612056.0
2024-03-08 04:00:00+00:00,0.0328,0.0328,0.0242,0.0243,905230.0
2024-03-08 08:00:00+00:00,0.0243,0.0295,0.0241,0.0292,1044634.0
2024-03-08 12:00:00+00:00,0.0292,0.0294,0.0284,0.0287,2098487.0
2024-03-08 16:00:00+00:00,0.0287,0.0341,0.0286,0.034,2584518.0
2024-03-08 20:00:00+00:00,0.034,0.0342,0.0257,0.0258,1434350.0
2024-03-09 00:00:00+00:00,0.0258,0.0261,0.0229,0.0235,1950104.0
2024-03-09 04:00:00+00:00,0.0235,0.024,0.0232,0.0235,1186037.0
2024-03-09 08:00:00+00:00,0.0235,0.0238,0.0234,0.0236,2156345.0
2024-03-09 12:00:00+00:00,0.0236,0.0242,0.0215,0.0221,1244963.0
2024-03-09 16:00:00+00:00,0.0221,0.0251,0.0216,0.0241,2134217.0
2024-03-09 20:00:00+00:00,0.0241,0.0243,0.0202,0.0202,5555988.0
2024-03-10 00:00:00+00:00,0.0202,0.0203,0.0197,0.0198,1438032.0
2024-03-10 04:00:00+00:00,0.0198,0.0203,0.0196,0.0201,1078045.0
2024-03-10 08:00:00+00:00,0.0201,0.0223,0.0196,0.0217,1761836.0
2024-03-10 12:00:00+00:00,0.0217,0.0242,0.0209,0.0239,1097984.0
2024-03-10 16:00:00+00:00,0.0239,0.024,0.0199,0.0199,4977722.0
2024-03-10 20:00:00+00:00,0.0199,0.0199,0.0152,0.0153,1852028.0
2024-03-11 00:00:00+00:00,0.0153,0.0184,0.0152,0.0182,1372116.0
2024-03-11 04:00:00+00:00,0.0182,0.0192,0.0181,0.0191,755475.0
2024-03-11 08:00:00+00:00,0.0191,0.0191,0.0169,0.017,2317664.0
2024-03-11 12:00:00+00:00,0.017,0.0213,0.0166,0.0209,2616260.0
2024-03-11 16:00:00+00:00,0.0209,0.0214,0.0206,0.0212,818684.0
2024-03-11 20:00:00+00:00,0.0212,0.0255,0.0209,0.025,2035068.0
2024-03-12 00:00:00+00:00,0.025,0.0259,0.0247,0.0252,483579.0
2024-03-12 04:00:00+00:00,0.0252,0.0333,0.0249,0.0329,2100999.0
2024-03-12 08:00:00+00:00,0.0329,0.0418,0.0327,0.0415,2241750.0
2024-03-12 12:00:00+00:00,0.0415,0.0417,0.0394,0.0399,2616761.0
2024-03-12 16:00:00+00:00,0.0399,0.0458,0.0399,0.0457,975954.0
2024-03-12 20:00:00+00:00,0.0457,0.0503,0.0449,0.0501,679738.0
2024-03-13 00:00:00+00:00,0.0501,0.0604,0.0499,0.0603,1031156.0
2024-03-13 04:00:00+00:00,0.0603,0.0613,0.0511,0.0516,736409.0
2024-03-13 08:00:00+00:00,0.0516,0.057,0.0514,0.0568,2548460.0
2024-03-13 12:00:00+00:00,0.0568,0.0658,0.0567,0.0658,3196797.0
2024-03-13 16:00:00+00:00,0.0658,0.0658,0.0482,0.0484,2105492.0
2024-03-13 20:00:00+00:00,0.0484,0.0484,0.0397,0.0397,2827013.0
2024-03-14 00:00:00+00:00,0.0397,0.0404,0.0273,0.0276,2053327.0
2024-03-14 04:00:00+00:00,0.0276,0.0279,0.0261,0.0264,1071732.0
2024-03-14 08:00:00+00:00,0.0264,0.0294,0.0262,0.0292,1117643.0
2024-03-14 12:00:00+00:00,0.0292,0.0359,0.0292,0.0358,1432721.0
2024-03-14 16:00:00+00:00,0.0358,0.0362,0.0358,0.0362,475268.0
2024-03-14 20:00:00+00:00,0.0362,0.0449,0.0362,0.0449,1966040.0
2024-03-15 00:00:00+00:00,0.0449,0.045,0.0355,0.0355,1591609.0
2024-03-15 04:00:00+00:00,0.0355,0.0364,0.0259,0.0264,2568751.0
2024-03-15 08:00:00+00:00,0.0264,0.0265,0.0261,0.0262,1077335.0
2024-03-15 12:00:00+00:00,0.0262,0.0278,0.0261,0.0276,1076594.0
2024-03-15 16:00:00+00:00,0.0276,0.0277,0.0274,0.0275,658507.0
2024-03-15 20:00:00+00:00,0.0275,0.0276,0.019,0.019,1992498.0
2024-03-16 00:00:00+00:00,0.019,0.0192,0.0187,0.0188,1509406.0
2024-03-16 04:00:00+00:00,0.0188,0.019,0.015,0.0151,895651.0
2024-03-16 08:00:00+00:00,0.0151,0.0166,0.015,0.0166,1355800.0
2024-03-16 12:00:00+00:00,0.0166,0.0175,0.0166,0.0175,1304830.0
2024-03-16 16:00:00+00:00,0.0175,0.0176,0.0149,0.015,996329.0
2024-03-16 20:00:00+00:00,0.015,0.015,0.0138,0.0138,920532.0
2024-03-17 00:00:00+00:00,0.0138,0.0138,0.0116,0.0116,1661509.0
2024-03-17 04:00:00+00:00,0.0116,0.0121,0.0112,0.0115,585664.0
2024-03-17 08:00:00+00:00,0.0115,0.0132,0.0113,0.0131,1693450.0
2024-03-17 12:00:00+00:00,0.0131,0.0132,0.011,0.0111,925282.0
2024-03-17 16:00:00+00:00,0.0111,0.012,0.0111,0.012,2079979.0
2024-03-17 20:00:00+00:00,0.012,0.0121,0.011,0.011,4000561.0
2024-03-18 00:00:00+00:00,0.011,0.0111,0.0096,0.0097,885180.0
2024-03-18 04:00:00+00:00,0.0097,0.0098,0.0094,0.0095,1375053.0
2024-03-18 08:00:00+00:00,0.0095,0.0096,0.0079,0.008,1020895.0
2024-03-18 12:00:00+00:00,0.008,0.008,0.0073,0.0073,2110113.0
2024-03-18 16:00:00+00:00,0.0073,0.0074,0.006,0.006,820114.0
2024-03-18 20:00:00+00:00,0.006,0.0078,0.006,0.0078,2389584.0
2024-03-19 00:00:00+00:00,0.0078,0.008,0.0077,0.0078,653280.0
2024-03-19 04:00:00+00:00,0.0078,0.0078,0.0069,0.007,1186210.0
2024-03-19 08:00:00+00:00,0.007,0.0072,0.0069,0.0072,651553.0
2024-03-19 12:00:00+00:00,0.0072,0.0072,0.0071,0.0071,1592945.0
2024-03-19 16:00:00+00:00,0.0071,0.0072,0.0068,0.0068,726795.0
2024-03-19 20:00:00+00:00,0.0068,0.0074,0.0068,0.0074,1674695.0
2024-03-20 00:00:00+00:00,0.0074,0.0083,0.0074,0.0083,1124160.0
2024-03-20 04:00:00+00:00,0.0083,0.0083,0.0076,0.0076,1175270.0
2024-03-20 08:00:00+00:00,0.0076,0.0077,0.0068,0.0069,1361988.0
2024-03-20 12:00:00+00:00,0.0069,0.0069,0.0066,0.0066,771887.0
2024-03-20 16:00:00+00:00,0.0066,0.0066,0.0043,0.0043,2268421.0
2024-03-20 20:00:00+00:00,0.0043,0.0045,0.0033,0.0033,3628133.0
2024-03-21 00:00:00+00:00,0.0033,0.004,0.0033,0.004,1090301.0
2024-03-21 04:00:00+00:00,0.004,0.005,0.004,0.005,3115089.0
2024-03-21 08:00:00+00:00,0.005,0.005,0.0048,0.0048,2365684.0
2024-03-21 12:00:00+00:00,0.0048,0.0052,0.0048,0.0052,833080.0
2024-03-21 16:00:00+00:00,0.0052,0.0055,0.0051,0.0054,547551.0
2024-03-21 20:00:00+00:00,0.0054,0.0079,0.0054,0.0079,2766421.0
2024-03-22 00:00:00+00:00,0.0079,0.0093,0.0079,0.0092,1138530.0
2024-03-22 04:00:00+00:00,0.0092,0.0093,0.009,0.009,2709599.0
2024-03-22 08:00:00+00:00,0.009,0.0091,0.0076,0.0077,1461218.0
2024-03-22 12:00:00+00:00,0.0077,0.0077,0.0057,0.0058,1158383.0
2024-03-22 16:00:00+00:00,0.0058,0.006,0.0058,0.006,611047.0
2024-03-22 20:00:00+00:00,0.006,0.006,0.0053,0.0053,2324023.0
2024-03-23 00:00:00+00:00,0.0053,0.0054,0.0041,0.0042,1238110.0
2024-03-23 04:00:00+00:00,0.0042,0.0042,0.0037,0.0037,1327155.0
2024-03-23 08:00:00+00:00,0.0037,0.0038,0.0031,0.0031,2409681.0
2024-03-23 12:00:00+00:00,0.0031,0.004,0.0031,0.0039,1374953.0
2024-03-23 16:00:00+00:00,0.0039,0.0045,0.0038,0.0044,1357551.0
2024-03-23 20:00:00+00:00,0.0044,0.0044,0.0044,0.0044,1002964.0
2024-03-24 00:00:00+00:00,0.0044,0.0054,0.0044,0.0054,2320280.0
2024-03-24 04:00:00+00:00,0.0054,0.0055,0.0053,0.0054,1379860.0
2024-03-24 08:00:00+00:00,0.0054,0.0054,0.0047,0.0047,1246348.0
2024-03-24 12:00:00+00:00,0.0047,0.0058,0.0047,0.0058,1731681.0
2024-03-24 16:00:00+00:00,0.0058,0.0064,0.0057,0.0062,1025076.0
2024-03-24 20:00:00+00:00,0.0062,0.0063,0.0051,0.0052,704504.0
2024-03-25 00:00:00+00:00,0.0052,0.0053,0.005,0.0051,1244127.0
2024-03-25 04:00:00+00:00,0.0051,0.0051,0.0044,0.0044,3611542.0
2024-03-25 08:00:00+00:00,0.0044,0.0044,0.0034,0.0035,1048130.0
2024-03-25 12:00:00+00:00,0.0035,0.004,0.0034,0.0039,956986.0
2024-03-25 16:00:00+00:00,0.0039,0.0051,0.0038,0.005,1197622.0
2024-03-25 20:00:00+00:00,0.005,0.0051,0.004,0.004,2352717.0
2024-03-26 00:00:00+00:00,0.004,0.0043,0.004,0.0043,1557952.0
2024-03-26 04:00:00+00:00,0.0043,0.0044,0.0038,0.0039,1201998.0
2024-03-26 08:00:00+00:00,0.0039,0.0039,0.0036,0.0036,775729.0
2024-03-26 12:00:00+00:00,0.0036,0.0036,0.0032,0.0032,1335256.0
2024-03-26 16:00:00+00:00,0.0032,0.0033,0.0027,0.0028,639015.0
2024-03-26 20:00:00+00:00,0.0028,0.0028,0.0028,0.0028,1088746.0
2024-03-27 00:00:00+00:00,0.0028,0.0029,0.0025,0.0025,2129420.0
2024-03-27 04:00:00+00:00,0.0025,0.0026,0.0025,0.0026,595530.0
2024-03-27 08:00:00+00:00,0.0026,0.0026,0.0025,0.0025,479178.0
2024-03-27 12:00:00+00:00,0.0025,0.0026,0.0024,0.0024,2455905.0
2024-03-27 16:00:00+00:00,0.0024,0.0025,0.0021,0.0021,1043461.0
2024-03-27 20:00:00+00:00,0.0021,0.0022,0.0018,0.0019,2237559.0
2024-03-28 00:00:00+00:00,0.0019,0.0021,0.0019,0.0021,1232848.0
2024-03-28 04:00:00+00:00,0.0021,0.0023,0.0021,0.0023,1122366.0
2024-03-28 08:00:00+00:00,0.0023,0.0023,0.0019,0.0019,1803206.0
2024-03-28 12:00:00+00:00,0.0019,0.002,0.0019,0.002,666128.0
2024-03-28 16:00:00+00:00,0.002,0.0022,0.002,0.0022,1417810.0
2024-03-28 20:00:00+00:00,0.0022,0.0022,0.0016,0.0016,1453946.0
2024-03-29 00:00:00+00:00,0.0016,0.0018,0.0016,0.0018,638821.0
2024-03-29 04:00:00+00:00,0.0018,0.0018,0.0016,0.0016,1546485.0
2024-03-29 08:00:00+00:00,0.0016,0.0017,0.0016,0.0017,1094612.0
2024-03-29 12:00:00+00:00,0.0017,0.0017,0.0015,0.0015,1249493.0
2024-03-29 16:00:00+00:00,0.0015,0.0015,0.0011,0.0011,993897.0
2024-03-29 20:00:00+00:00,0.0011,0.0011,0.0008,0.0008,3856628.0
2024-03-30 00:00:00+00:00,0.0008,0.0008,0.0008,0.0008,1571446.0
2024-03-30 04:00:00+00:00,0.0008,0.0009,0.0008,0.0009,1793434.0
2024-03-30 08:00:00+00:00,0.0009,0.0009,0.0007,0.0007,1212821.0
2024-03-30 12:00:00+00:00,0.0007,0.0008,0.0007,0.0008,539027.0
2024-03-30 16:00:00+00:00,0.0008,0.0008,0.0006,0.0006,4660401.0
2024-03-30 20:00:00+00:00,0.0006,0.0006,0.0006,0.0006,1006069.0
2024-03-31 00:00:00+00:00,0.0006,0.0006,0.0005,0.0005,1064457.0
2024-03-31 04:00:00+00:00,0.0005,0.0005,0.0004,0.0004,1602078.0
2024-03-31 08:00:00+00:00,0.0004,0.0004,0.0004,0.0004,1817588.0
2024-03-31 12:00:00+00:00,0.0004,0.0004,0.0004,0.0004,1373212.0
2024-03-31 16:00:00+00:00,0.0004,0.0004,0.0004,0.0004,2236522.0
2024-03-31 20:00:00+00:00,0.0004,0.0004,0.0004,0.0004,2484795.0
2024-04-01 00:00:00+00:00,0.0004,0.0004,0.0004,0.0004,739382.0
2024-04-01 04:00:00+00:00,0.0004,0.0004,0.0004,0.0004,977642.0
2024-04-01 08:00:00+00:00,0.0004,0.0004,0.0004,0.0004,2445410.0
2024-04-01 12:00:00+00:00,0.0004,0.0004,0.0003,0.0004,317337.0
2024-04-01 16:00:00+00:00,0.0004,0.0005,0.0004,0.0005,1524007.0
2024-04-01 20:00:00+00:00,0.0005,0.0005,0.0003,0.0003,1035959.0
2024-04-02 00:00:00+00:00,0.0003,0.0003,0.0003,0.0003,1075455.0
2024-04-02 04:00:00+00:00,0.0003,0.0003,0.0003,0.0003,1079611.0
2024-04-02 08:00:00+00:00,0.0003,0.0003,0.0003,0.0003,917380.0
2024-04-02 12:00:00+00:00,0.0003,0.0003,0.0003,0.0003,880998.0
2024-04-02 16:00:00+00:00,0.0003,0.0003,0.0002,0.0003,738111.0
2024-04-02 20:00:00+00:00,0.0003,0.0003,0.0003,0.0003,3250447.0
2024-04-03 00:00:00+00:00,0.0003,0.0003,0.0002,0.0003,2734420.0
2024-04-03 04:00:00+00:00,0.0003,0.0003,0.0002,0.0003,847951.0
2024-04-03 08:00:00+00:00,0.0003,0.0003,0.0003,0.0003,2446835.0
2024-04-03 12:00:00+00:00,0.0003,0.0003,0.0003,0.0003,939236.0
2024-04-03 16:00:00+00:00,0.0003,0.0003,0.0003,0.0003,1269668.0
2024-04-03 20:00:00+00:00,0.0003,0.0003,0.0003,0.0003,1186062.0
2024-04-04 00:00:00+00:00,0.0003,0.0003,0.0003,0.0003,862293.0
2024-04-04 04:00:00+00:00,0.0003,0.0003,0.0003,0.0003,1918441.0
2024-04-04 08:00:00+00:00,0.0003,0.0003,0.0003,0.0003,1271332.0
2024-04-04 12:00:00+00:00,0.0003,0.0003,0.0003,0.0003,887438.0
2024-04-04 16:00:00+00:00,0.0003,0.0004,0.0003,0.0003,1005181.0
2024-04-04 20:00:00+00:00,0.0003,0.0004,0.0003,0.0004,887938.0
2024-04-05 00:00:00+00:00,0.0004,0.0004,0.0004,0.0004,506348.0
2024-04-05 04:00:00+00:00,0.0004,0.0004,0.0004,0.0004,1546370.0
2024-04-05 08:00:00+00:00,0.0004,0.0004,0.0004,0.0004,652573.0
2024-04-05 12:00:00+00:00,0.0004,0.0004,0.0003,0.0003,1681663.0
2024-04-05 16:00:00+00:00,0.0003,0.0003,0.0002,0.0002,2890089.0
2024-04-05 20:00:00+00:00,0.0002,0.0002,0.0002,0.0002,3360377.0
2024-04-06 00:00:00+00:00,0.0002,0.0002,0.0002,0.0002,1142449.0
2024-04-06 04:00:00+00:00,0.0002,0.0002,0.0002,0.0002,962737.0
2024-04-06 08:00:00+00:00,0.0002,0.0002,0.0002,0.0002,4454606.0
2024-04-06 12:00:00+00:00,0.0002,0.0002,0.0002,0.0002,1485168.0
2024-04-06 16:00:00+00:00,0.0002,0.0002,0.0002,0.0002,934434.0
2024-04-06 20:00:00+00:00,0.0002,0.0002,0.0002,0.0002,672077.0
2024-04-07 00:00:00+00:00,0.0002,0.0002,0.0002,0.0002,2431655.0
2024-04-07 04:00:00+00:00,0.0002,0.0002,0.0002,0.0002,1671609.0
2024-04-07 08:00:00+00:00,0.0002,0.0002,0.0002,0.0002,980910.0
2024-04-07 12:00:00+00:00,0.0002,0.0002,0.0001,0.0001,1928160.0
2024-04-07 16:00:00+00:00,0.0001,0.0002,0.0001,0.0002,1261756.0
2024-04-07 20:00:00+00:00,0.0002,0.0002,0.0002,0.0002,1049882.0
2024-04-08 00:00:00+00:00,0.0002,0.0002,0.0002,0.0002,342444.0
2024-04-08 04:00:00+00:00,0.0002,0.0002,0.0002,0.0002,1149029.0
2024-04-08 08:00:00+00:00,0.0002,0.0002,0.0002,0.0002,3281382.0
2024-04-08 12:00:00+00:00,0.0002,0.0002,0.0002,0.0002,788449.0
2024-04-08 16:00:00+00:00,0.0002,0.0003,0.0002,0.0003,1140699.0
2024-04-08 20:00:00+00:00,0.0003,0.0003,0.0002,0.0002,827196.0
2024-04-09 00:00:00+00:00,0.0002,0.0002,0.0002,0.0002,1655804.0
2024-04-09 04:00:00+00:00,0.0002,0.0002,0.0002,0.0002,1232542.0
2024-04-09 08:00:00+00:00,0.0002,0.0002,0.0002,0.0002,866140.0
2024-04-09 12:00:00+00:00,0.0002,0.0002,0.0002,0.0002,2009806.0
2024-04-09 16:00:00+00:00,0.0002,0.0002,0.0002,0.0002,1929632.0
2024-04-09 20:00:00+00:00,0.0002,0.0002,0.0002,0.0002,898515.0
2024-04-10 00:00:00+00:00,0.0002,0.0002,0.0002,0.0002,1475728.0
2024-04-10 04:00:00+00:00,0.0002,0.0002,0.0002,0.0002,1919793.0
2024-04-10 08:00:00+00:00,0.0002,0.0002,0.0002,0.0002,1694247.0
2024-04-10 12:00:00+00:00,0.0002,0.0002,0.0002,0.0002,480377.0
2024-04-10 16:00:00+00:00,0.0002,0.0002,0.0002,0.0002,2381326.0
2024-04-10 20:00:00+00:00,0.0002,0.0002,0.0002,0.0002,901778.0
2024-04-11 00:00:00+00:00,0.0002,0.0002,0.0002,0.0002,979037.0
2024-04-11 04:00:00+00:00,0.0002,0.0002,0.0002,0.0002,5017621.0
2024-04-11 08:00:00+00:00,0.0002,0.0002,0.0002,0.0002,1644049.0
2024-04-11 12:00:00+00:00,0.0002,0.0002,0.0002,0.0002,1148044.0
2024-04-11 16:00:00+00:00,0.0002,0.0002,0.0002,0.0002,534994.0
2024-04-11 20:00:00+00:00,0.0002,0.0003,0.0002,0.0003,2379251.0
2024-04-12 00:00:00+00:00,0.0003,0.0003,0.0002,0.0003,942237.0
2024-04-12 04:00:00+00:00,0.0003,0.0003,0.0003,0.0003,815307.0
2024-04-12 08:00:00+00:00,0.0003,0.0003,0.0002,0.0002,1320414.0
2024-04-12 12:00:00+00:00,0.0002,0.0003,0.0002,0.0002,3651775.0
2024-04-12 16:00:00+00:00,0.0002,0.0002,0.0002,0.0002,2465765.0
2024-04-12 20:00:00+00:00,0.0002,0.0002,0.0002,0.0002,1198047.0
2024-04-13 00:00:00+00:00,0.0002,0.0002,0.0002,0.0002,1193481.0
2024-04-13 04:00:00+00:00,0.0002,0.0002,0.0002,0.0002,834455.0
2024-04-13 08:00:00+00:00,0.0002,0.0002,0.0002,0.0002,1613126.0
2024-04-13 12:00:00+00:00,0.0002,0.0003,0.0002,0.0003,2181319.0
2024-04-13 16:00:00+00:00,0.0003,0.0003,0.0003,0.0003,1721205.0
2024-04-13 20:00:00+00:00,0.0003,0.0003,0.0003,0.0003,1705182.0
2024-04-14 00:00:00+00:00,0.0003,0.0003,0.0003,0.0003,1697897.0
2024-04-14 04:00:00+00:00,0.0003,0.0003,0.0003,0.0003,1016857.0
2024-04-14 08:00:00+00:00,0.0003,0.0004,0.0003,0.0004,1598537.0
2024-04-14 12:00:00+00:00,0.0004,0.0004,0.0003,0.0003,1292449.0
2024-04-14 16:00:00+00:00,0.0003,0.0003,0.0003,0.0003,707150.0
2024-04-14 20:00:00+00:00,0.0003,0.0004,0.0003,0.0004,1511685.0
2024-04-15 00:00:00+00:00,0.0004,0.0005,0.0004,0.0005,1677381.0
2024-04-15 04:00:00+00:00,0.0005,0.0006,0.0005,0.0006,2710495.0
2024-04-15 08:00:00+00:00,0.0006,0.0006,0.0006,0.0006,1119855.0
2024-04-15 12:00:00+00:00,0.0006,0.0006,0.0005,0.0005,788159.0
2024-04-15 16:00:00+00:00,0.0005,0.0005,0.0005,0.0005,1084341.0
2024-04-15 20:00:00+00:00,0.0005,0.0005,0.0005,0.0005,1087540.0
2024-04-16 00:00:00+00:00,0.0005,0.0006,0.0005,0.0006,1632731.0
2024-04-16 04:00:00+00:00,0.0006,0.0006,0.0004,0.0004,2786198.0
2024-04-16 08:00:00+00:00,0.0004,0.0005,0.0004,0.0005,2814348.0
2024-04-16 12:00:00+00:00,0.0005,0.0005,0.0005,0.0005,793851.0
2024-04-16 16:00:00+00:00,0.0005,0.0005,0.0005,0.0005,873905.0
2024-04-16 20:00:00+00:00,0.0005,0.0005,0.0004,0.0004,863660.0
2024-04-17 00:00:00+00:00,0.0004,0.0004,0.0003,0.0003,2470682.0
2024-04-17 04:00:00+00:00,0.0003,0.0003,0.0003,0.0003,2833222.0
2024-04-17 08:00:00+00:00,0.0003,0.0004,0.0003,0.0004,884620.0
2024-04-17 12:00:00+00:00,0.0004,0.0004,0.0003,0.0003,1393989.0
2024-04-17 16:00:00+00:00,0.0003,0.0003,0.0002,0.0002,3290290.0
2024-04-17 20:00:00+00:00,0.0002,0.0002,0.0002,0.0002,1478923.0
2024-04-18 00:00:00+00:00,0.0002,0.0003,0.0002,0.0003,2180949.0
2024-04-18 04:00:00+00:00,0.0003,0.0003,0.0003,0.0003,614352.0
2024-04-18 08:00:00+00:00,0.0003,0.0003,0.0002,0.0002,2350352.0
2024-04-18 12:00:00+00:00,0.0002,0.0002,0.0002,0.0002,696383.0
2024-04-18 16:00:00+00:00,0.0002,0.0002,0.0002,0.0002,635480.0
2024-04-18 20:00:00+00:00,0.0002,0.0002,0.0001,0.0001,1859247.0
2024-04-19 00:00:00+00:00,0.0001,0.0001,0.0001,0.0001,762600.0
2024-04-19 04:00:00+00:00,0.0001,0.0001,0.0001,0.0001,985003.0
2024-04-19 08:00:00+00:00,0.0001,0.0001,0.0001,0.0001,639366.0
2024-04-19 12:00:00+00:00,0.0001,0.0002,0.0001,0.0002,2962515.0
2024-04-19 16:00:00+00:00,0.0002,0.0002,0.0001,0.0002,2652160.0
2024-04-19 20:00:00+00:00,0.0002,0.0002,0.0002,0.0002,422589.0
2024-04-20 00:00:00+00:00,0.0002,0.0002,0.0001,0.0001,2439806.0
2024-04-20 04:00:00+00:00,0.0001,0.0002,0.0001,0.0002,1440333.0
2024-04-20 08:00:00+00:00,0.0002,0.0002,0.0002,0.0002,1578927.0
2024-04-20 12:00:00+00:00,0.0002,0.0002,0.0002,0.0002,974255.0
2024-04-20 16:00:00+00:00,0.0002,0.0002,0.0002,0.0002,1023289.0
2024-04-20 20:00:00+00:00,0.0002,0.0002,0.0002,0.0002,991754.0
2024-04-21 00:00:00+00:00,0.0002,0.0002,0.0002,0.0002,1945733.0
2024-04-21 04:00:00+00:00,0.0002,0.0002,0.0002,0.0002,672411.0
2024-04-21 08:00:00+00:00,0.0002,0.0002,0.0002,0.0002,1686267.0
2024-04-21 12:00:00+00:00,0.0002,0.0002,0.0002,0.0002,1756998.0
2024-04-21 16:00:00+00:00,0.0002,0.0002,0.0002,0.0002,1773367.0
2024-04-21 20:00:00+00:00,0.0002,0.0002,0.0001,0.0001,4217907.0
2024-04-22 00:00:00+00:00,0.0001,0.0001,0.0001,0.0001,805591.0
2024-04-22 04:00:00+00:00,0.0001,0.0001,0.0001,0.0001,1795534.0
2024-04-22 08:00:00+00:00,0.0001,0.0002,0.0001,0.0002,1591594.0
2024-04-22 12:00:00+00:00,0.0002,0.0002,0.0001,0.0001,4060384.0
2024-04-22 16:00:00+00:00,0.0001,0.0001,0.0001,0.0001,1486873.0
2024-04-22 20:00:00+00:00,0.0001,0.0001,0.0001,0.0001,1286734.0
2024-04-23 00:00:00+00:00,0.0001,0.0001,0.0001,0.0001,3711463.0
2024-04-23 04:00:00+00:00,0.0001,0.0001,0.0001,0.0001,901676.0
2024-04-23 08:00:00+00:00,0.0001,0.0001,0.0001,0.0001,575284.0
2024-04-23 12:00:00+00:00,0.0001,0.0001,0.0001,0.0001,1260451.0
2024-04-23 16:00:00+00:00,0.0001,0.0001,0.0001,0.0001,1838115.0
2024-04-23 20:00:00+00:00,0.0001,0.0001,0.0,0.0,3005791.0
2024-04-24 00:00:00+00:00,0.0,0.0001,0.0,0.0001,1891923.0
2024-04-24 04:00:00+00:00,0.0001,0.0001,0.0001,0.0001,2749126.0
2024-04-24 08:00:00+00:00,0.0001,0.0001,0.0001,0.0001,797782.0
2024-04-24 12:00:00+00:00,0.0001,0.0001,0.0001,0.0001,1062258.0
2024-04-24 16:00:00+00:00,0.0001,0.0001,0.0001,0.0001,1304546.0
2024-04-24 20:00:00+00:00,0.0001,0.0001,0.0001,0.0001,1166261.0
2024-04-25 00:00:00+00:00,0.0001,0.0001,0.0001,0.0001,1273663.0
2024-04-25 04:00:00+00:00,0.0001,0.0001,0.0001,0.0001,2188132.0
2024-04-25 08:00:00+00:00,0.0001,0.0001,0.0001,0.0001,1058237.0
2024-04-25 12:00:00+00:00,0.0001,0.0001,0.0001,0.0001,1186894.0
2024-04-25 16:00:00+00:00,0.0001,0.0001,0.0001,0.0001,1141673.0
2024-04-25 20:00:00+00:00,0.0001,0.0001,0.0001,0.0001,831391.0
2024-04-26 00:00:00+00:00,0.0001,0.0001,0.0001,0.0001,1134505.0
2024-04-26 04:00:00+00:00,0.0001,0.0001,0.0001,0.0001,1081001.0
2024-04-26 08:00:00+00:00,0.0001,0.0001,0.0001,0.0001,1401996.0
2024-04-26 12:00:00+00:00,0.0001,0.0001,0.0001,0.0001,1509327.0
2024-04-26 16:00:00+00:00,0.0001,0.0001,0.0001,0.0001,1327392.0
2024-04-26 20:00:00+00:00,0.0001,0.0001,0.0001,0.0001,1021391.0
2024-04-27 00:00:00+00:00,0.0001,0.0001,0.0001,0.0001,2150997.0
2024-04-27 04:00:00+00:00,0.0001,0.0001,0.0001,0.0001,639570.0
2024-04-27 08:00:00+00:00,0.0001,0.0001,0.0001,0.0001,1089256.0
2024-04-27 12:00:00+00:00,0.0001,0.0001,0.0001,0.0001,5688180.0
2024-04-27 16:00:00+00:00,0.0001,0.0001,0.0001,0.0001,644028.0
2024-04-27 20:00:00+00:00,0.0001,0.0001,0.0001,0.0001,627213.0
2024-04-28 00:00:00+00:00,0.0001,0.0001,0.0001,0.0001,2126812.0
2024-04-28 04:00:00+00:00,0.0001,0.0001,0.0001,0.0001,465765.0
2024-04-28 08:00:00+00:00,0.0001,0.0001,0.0001,0.0001,1451478.0
2024-04-28 12:00:00+00:00,0.0001,0.0001,0.0,0.0,4968596.0
2024-04-28 16:00:00+00:00,0.0,0.0,0.0,0.0,588384.0
2024-04-28 20:00:00+00:00,0.0,0.0,0.0,0.0,584638.0
2024-04-29 00:00:00+00:00,0.0,0.0,0.0,0.0,846331.0
2024-04-29 04:00:00+00:00,0.0,0.0,0.0,0.0,3033024.0
2024-04-29 08:00:00+00:00,0.0,0.0,0.0,0.0,3096967.0
2024-04-29 12:00:00+00:00,0.0,0.0,0.0,0.0,848520.0
2024-04-29 16:00:00+00:00,0.0,0.0,0.0,0.0,1466339.0
2024-04-29 20:00:00+00:00,0.0,0.0,0.0,0.0,2488642.0
2024-04-30 00:00:00+00:00,0.0,0.0,0.0,0.0,2887034.0
2024-04-30 04:00:00+00:00,0.0,0.0,0.0,0.0,897600.0
2024-04-30 08:00:00+00:00,0.0,0.0001,0.0,0.0,471962.0
2024-04-30 12:00:00+00:00,0.0,0.0,0.0,0.0,698664.0
2024-04-30 16:00:00+00:00,0.0,0.0001,0.0,0.0001,863734.0
2024-04-30 20:00:00+00:00,0.0001,0.0001,0.0,0.0,1019811.0
2024-05-01 00:00:00+00:00,0.0,0.0,0.0,0.0,931813.0
2024-05-01 04:00:00+00:00,0.0,0.0,0.0,0.0,1993008.0
2024-05-01 08:00:00+00:00,0.0,0.0001,0.0,0.0,3342455.0
2024-05-01 12:00:00+00:00,0.0,0.0,0.0,0.0,1472419.0
2024-05-01 16:00:00+00:00,0.0,0.0,0.0,0.0,2315344.0
2024-05-01 20:00:00+00:00,0.0,0.0,0.0,0.0,1290718.0
2024-05-02 00:00:00+00:00,0.0,0.0,0.0,0.0,1115639.0
2024-05-02 04:00:00+00:00,0.0,0.0,0.0,0.0,1590685.0
2024-05-02 08:00:00+00:00,0.0,0.0,0.0,0.0,1199498.0
2024-05-02 12:00:00+00:00,0.0,0.0,0.0,0.0,3469635.0
2024-05-02 16:00:00+00:00,0.0,0.0,0.0,0.0,656315.0
2024-05-02 20:00:00+00:00,0.0,0.0,0.0,0.0,843393.0
2024-05-03 00:00:00+00:00,0.0,0.0,0.0,0.0,1349015.0
2024-05-03 04:00:00+00:00,0.0,0.0,0.0,0.0,1478660.0
2024-05-03 08:00:00+00:00,0.0,0.0,0.0,0.0,3323036.0
2024-05-03 12:00:00+00:00,0.0,0.0,0.0,0.0,1448817.0
2024-05-03 16:00:00+00:00,0.0,0.0,0.0,0.0,597300.0
2024-05-03 20:00:00+00:00,0.0,0.0,0.0,0.0,1705088.0
2024-05-04 00:00:00+00:00,0.0,0.0,0.0,0.0,2109178.0
2024-05-04 04:00:00+00:00,0.0,0.0,0.0,0.0,664064.0
2024-05-04 08:00:00+00:00,0.0,0.0,0.0,0.0,1457735.0
2024-05-04 12:00:00+00:00,0.0,0.0,0.0,0.0,823731.0
2024-05-04 16:00:00+00:00,0.0,0.0,0.0,0.0,1127188.0
2024-05-04 20:00:00+00:00,0.0,0.0,0.0,0.0,812964.0
2024-05-05 00:00:00+00:00,0.0,0.0,0.0,0.0,1523112.0
2024-05-05 04:00:00+00:00,0.0,0.0,0.0,0.0,1308801.0
2024-05-05 08:00:00+00:00,0.0,0.0,0.0,0.0,695047.0
2024-05-05 12:00:00+00:00,0.0,0.0,0.0,0.0,1690824.0
2024-05-05 16:00:00+00:00,0.0,0.0,0.0,0.0,651796.0
2024-05-05 20:00:00+00:00,0.0,0.0,0.0,0.0,1497999.0
2024-05-06 00:00:00+00:00,0.0,0.0,0.0,0.0,1083508.0
2024-05-06 04:00:00+00:00,0.0,0.0,0.0,0.0,1174479.0
2024-05-06 08:00:00+00:00,0.0,0.0,0.0,0.0,2062419.0
2024-05-06 12:00:00+00:00,0.0,0.0,0.0,0.0,1860566.0
2024-05-06 16:00:00+00:00,0.0,0.0,0.0,0.0,2887593.0
2024-05-06 20:00:00+00:00,0.0,0.0,0.0,0.0,1364131.0
2024-05-07 00:00:00+00:00,0.0,0.0,0.0,0.0,2553239.0
2024-05-07 04:00:00+00:00,0.0,0.0,0.0,0.0,986652.0
2024-05-07 08:00:00+00:00,0.0,0.0,0.0,0.0,1193129.0
2024-05-07 12:00:00+00:00,0.0,0.0,0.0,0.0,1719106.0
2024-05-07 16:00:00+00:00,0.0,0.0,0.0,0.0,1258155.0
2024-05-07 20:00:00+00:00,0.0,0.0,0.0,0.0,508282.0
2024-05-08 00:00:00+00:00,0.0,0.0,0.0,0.0,1252886.0
2024-05-08 04:00:00+00:00,0.0,0.0,0.0,0.0,2586289.0
2024-05-08 08:00:00+00:00,0.0,0.0,0.0,0.0,737601.0
2024-05-08 12:00:00+00:00,0.0,0.0,0.0,0.0,799564.0
2024-05-08 16:00:00+00:00,0.0,0.0,0.0,0.0,2738711.0
2024-05-08 20:00:00+00:00,0.0,0.0,0.0,0.0,1289521.0
2024-05-09 00:00:00+00:00,0.0,0.0,0.0,0.0,1598383.0
2024-05-09 04:00:00+00:00,0.0,0.0,0.0,0.0,721988.0
2024-05-09 08:00:00+00:00,0.0,0.0,0.0,0.0,1208775.0
2024-05-09 12:00:00+00:00,0.0,0.0,0.0,0.0,2543372.0
2024-05-09 16:00:00+00:00,0.0,0.0,0.0,0.0,1334214.0
2024-05-09 20:00:00+00:00,0.0,0.0,0.0,0.0,981318.0
2024-05-10 00:00:00+00:00,0.0,0.0,0.0,0.0,1865030.0
2024-05-10 04:00:00+00:00,0.0,0.0,0.0,0.0,856990.0
2024-05-10 08:00:00+00:00,0.0,0.0,0.0,0.0,3597491.0
2024-05-10 12:00:00+00:00,0.0,0.0,0.0,0.0,2594485.0
2024-05-10 16:00:00+00:00,0.0,0.0,0.0,0.0,873690.0
2024-05-10 20:00:00+00:00,0.0,0.0,0.0,0.0,748740.0
2024-05-11 00:00:00+00:00,0.0,0.0,0.0,0.0,346906.0
2024-05-11 04:00:00+00:00,0.0,0.0,0.0,0.0,518838.0
2024-05-11 08:00:00+00:00,0.0,0.0,0.0,0.0,815110.0
2024-05-11 12:00:00+00:00,0.0,0.0,0.0,0.0,1262046.0
2024-05-11 16:00:00+00:00,0.0,0.0,0.0,0.0,1090143.0
2024-05-11 20:00:00+00:00,0.0,0.0,0.0,0.0,643282.0
2024-05-12 00:00:00+00:00,0.0,0.0,0.0,0.0,1298916.0
2024-05-12 04:00:00+00:00,0.0,0.0,0.0,0.0,1781761.0
2024-05-12 08:00:00+00:00,0.0,0.0,0.0,0.0,1582411.0
2024-05-12 12:00:00+00:00,0.0,0.0,0.0,0.0,395631.0
2024-05-12 16:00:00+00:00,0.0,0.0,0.0,0.0,1622511.0
2024-05-12 20:00:00+00:00,0.0,0.0,0.0,0.0,601963.0
2024-05-13 00:00:00+00:00,0.0,0.0,0.0,0.0,1730260.0
2024-05-13 04:00:00+00:00,0.0,0.0,0.0,0.0,1674057.0
2024-05-13 08:00:00+00:00,0.0,0.0,0.0,0.0,999283.0
2024-05-13 12:00:00+00:00,0.0,0.0,0.0,0.0,1007400.0
2024-05-13 16:00:00+00:00,0.0,0.0,0.0,0.0,1177421.0
2024-05-13 20:00:00+00:00,0.0,0.0,0.0,0.0,327074.0
2024-05-14 00:00:00+00:00,0.0,0.0,0.0,0.0,1550929.0
2024-05-14 04:00:00+00:00,0.0,0.0,0.0,0.0,891390.0
2024-05-14 08:00:00+00:00,0.0,0.0,0.0,0.0,1660321.0
2024-05-14 12:00:00+00:00,0.0,0.0,0.0,0.0,821044.0
2024-05-14 16:00:00+00:00,0.0,0.0,0.0,0.0,897622.0
2024-05-14 20:00:00+00:00,0.0,0.0,0.0,0.0,495384.0
2024-05-15 00:00:00+00:00,0.0,0.0,0.0,0.0,725118.0
2024-05-15 04:00:00+00:00,0.0,0.0,0.0,0.0,657148.0
2024-05-15 08:00:00+00:00,0.0,0.0,0.0,0.0,1859792.0
2024-05-15 12:00:00+00:00,0.0,0.0,0.0,0.0,782011.0
2024-05-15 16:00:00+00:00,0.0,0.0,0.0,0.0,1283962.0
2024-05-15 20:00:00+00:00,0.0,0.0,0.0,0.0,1300989.0
2024-05-16 00:00:00+00:00,0.0,0.0,0.0,0.0,738867.0
2024-05-16 04:00:00+00:00,0.0,0.0,0.0,0.0,988653.0
2024-05-16 08:00:00+00:00,0.0,0.0,0.0,0.0,1604648.0
2024-05-16 12:00:00+00:00,0.0,0.0,0.0,0.0,907325.0
2024-05-16 16:00:00+00:00,0.0,0.0,0.0,0.0,1643905.0
2024-05-16 20:00:00+00:00,0.0,0.0,0.0,0.0,962976.0
2024-05-17 00:00:00+00:00,0.0,0.0,0.0,0.0,1303968.0
2024-05-17 04:00:00+00:00,0.0,0.0,0.0,0.0,1471378.0
2024-05-17 08:00:00+00:00,0.0,0.0,0.0,0.0,1010905.0
2024-05-17 12:00:00+00:00,0.0,0.0,0.0,0.0,1064996.0
2024-05-17 16:00:00+00:00,0.0,0.0,0.0,0.0,1268248.0
2024-05-17 20:00:00+00:00,0.0,0.0,0.0,0.0,1306635.0
2024-05-18 00:00:00+00:00,0.0,0.0,0.0,0.0,499380.0
2024-05-18 04:00:00+00:00,0.0,0.0001,0.0,0.0001,818114.0
2024-05-18 08:00:00+00:00,0.0001,0.0001,0.0001,0.0001,1572333.0
2024-05-18 12:00:00+00:00,0.0001,0.0001,0.0,0.0,2003569.0
2024-05-18 16:00:00+00:00,0.0,0.0001,0.0,0.0001,1053917.0
2024-05-18 20:00:00+00:00,0.0001,0.0001,0.0001,0.0001,1520881.0
2024-05-19 00:00:00+00:00,0.0001,0.0001,0.0001,0.0001,1422913.0
2024-05-19 04:00:00+00:00,0.0001,0.0001,0.0001,0.0001,1671449.0
2024-05-19 08:00:00+00:00,0.0001,0.0001,0.0001,0.0001,406245.0
2024-05-19 12:00:00+00:00,0.0001,0.0001,0.0,0.0,1026058.0
2024-05-19 16:00:00+00:00,0.0,0.0,0.0,0.0,1191015.0
2024-05-19 20:00:00+00:00,0.0,0.0,0.0,0.0,2053877.0
2024-05-20 00:00:00+00:00,0.0,0.0,0.0,0.0,4669322.0
2024-05-20 04:00:00+00:00,0.0,0.0,0.0,0.0,900331.0
2024-05-20 08:00:00+00:00,0.0,0.0,0.0,0.0,549433.0
2024-05-20 12:00:00+00:00,0.0,0.0,0.0,0.0,2079745.0
2024-05-20 16:00:00+00:00,0.0,0.0,0.0,0.0,2793426.0
2024-05-20 20:00:00+00:00,0.0,0.0,0.0,0.0,1529421.0
2024-05-21 00:00:00+00:00,0.0,0.0,0.0,0.0,692933.0
2024-05-21 04:00:00+00:00,0.0,0.0,0.0,0.0,1641006.0
2024-05-21 08:00:00+00:00,0.0,0.0,0.0,0.0,1818992.0
2024-05-21 12:00:00+00:00,0.0,0.0,0.0,0.0,897813.0
2024-05-21 16:00:00+00:00,0.0,0.0,0.0,0.0,1424913.0
2024-05-21 20:00:00+00:00,0.0,0.0,0.0,0.0,1778501.0
2024-05-22 00:00:00+00:00,0.0,0.0,0.0,0.0,2215149.0
2024-05-22 04:00:00+00:00,0.0,0.0,0.0,0.0,1098051.0
2024-05-22 08:00:00+00:00,0.0,0.0001,0.0,0.0001,1763921.0
2024-05-22 12:00:00+00:00,0.0001,0.0001,0.0001,0.0001,2368460.0
2024-05-22 16:00:00+00:00,0.0001,0.0001,0.0,0.0,673984.0
2024-05-22 20:00:00+00:00,0.0,0.0,0.0,0.0,1588784.0
2024-05-23 00:00:00+00:00,0.0,0.0,0.0,0.0,627898.0
2024-05-23 04:00:00+00:00,0.0,0.0,0.0,0.0,2184948.0
2024-05-23 08:00:00+00:00,0.0,0.0,0.0,0.0,1352821.0
2024-05-23 12:00:00+00:00,0.0,0.0001,0.0,0.0001,3098484.0
2024-05-23 16:00:00+00:00,0.0001,0.0001,0.0,0.0,1602040.0
2024-05-23 20:00:00+00:00,0.0,0.0,0.0,0.0,743680.0
2024-05-24 00:00:00+00:00,0.0,0.0,0.0,0.0,2478378.0
2024-05-24 04:00:00+00:00,0.0,0.0,0.0,0.0,2704304.0
2024-05-24 08:00:00+00:00,0.0,0.0,0.0,0.0,2002297.0
2024-05-24 12:00:00+00:00,0.0,0.0,0.0,0.0,747853.0
2024-05-24 16:00:00+00:00,0.0,0.0,0.0,0.0,1440867.0
2024-05-24 20:00:00+00:00,0.0,0.0,0.0,0.0,1827403.0
2024-05-25 00:00:00+00:00,0.0,0.0001,0.0,0.0001,1273740.0
2024-05-25 04:00:00+00:00,0.0001,0.0001,0.0001,0.0001,2967341.0
2024-05-25 08:00:00+00:00,0.0001,0.0001,0.0,0.0,1259687.0
2024-05-25 12:00:00+00:00,0.0,0.0001,0.0,0.0001,292709.0
2024-05-25 16:00:00+00:00,0.0001,0.0001,0.0001,0.0001,1365903.0
2024-05-25 20:00:00+00:00,0.0001,0.0001,0.0001,0.0001,1091000.0
2024-05-26 00:00:00+00:00,0.0001,0.0001,0.0001,0.0001,1836474.0
2024-05-26 04:00:00+00:00,0.0001,0.0001,0.0001,0.0001,896348.0
2024-05-26 08:00:00+00:00,0.0001,0.0001,0.0001,0.0001,2032274.0
2024-05-26 12:00:00+00:00,0.0001,0.0001,0.0001,0.0001,2833997.0
2024-05-26 16:00:00+00:00,0.0001,0.0001,0.0,0.0,1529200.0
2024-05-26 20:00:00+00:00,0.0,0.0,0.0,0.0,855344.0
2024-05-27 00:00:00+00:00,0.0,0.0001,0.0,0.0001,1761041.0
2024-05-27 04:00:00+00:00,0.0001,0.0001,0.0001,0.0001,1243857.0
2024-05-27 08:00:00+00:00,0.0001,0.0001,0.0001,0.0001,737661.0
2024-05-27 12:00:00+00:00,0.0001,0.0001,0.0001,0.0001,1344257.0
2024-05-27 16:00:00+00:00,0.0001,0.0001,0.0001,0.0001,1922575.0
2024-05-27 20:00:00+00:00,0.0001,0.0001,0.0001,0.0001,4618420.0
2024-05-28 00:00:00+00:00,0.0001,0.0001,0.0001,0.0001,2319434.0
2024-05-28 04:00:00+00:00,0.0001,0.0001,0.0001,0.0001,865640.0
2024-05-28 08:00:00+00:00,0.0001,0.0001,0.0001,0.0001,2215951.0
2024-05-28 12:00:00+00:00,0.0001,0.0001,0.0001,0.0001,812597.0
2024-05-28 16:00:00+00:00,0.0001,0.0001,0.0001,0.0001,2593563.0
2024-05-28 20:00:00+00:00,0.0001,0.0001,0.0001,0.0001,975522.0
2024-05-29 00:00:00+00:00,0.0001,0.0001,0.0001,0.0001,696331.0
2024-05-29 04:00:00+00:00,0.0001,0.0001,0.0001,0.0001,1456187.0
2024-05-29 08:00:00+00:00,0.0001,0.0002,0.0001,0.0002,393567.0
2024-05-29 12:00:00+00:00,0.0002,0.0002,0.0002,0.0002,570490.0
2024-05-29 16:00:00+00:00,0.0002,0.0002,0.0002,0.0002,1123893.0
2024-05-29 20:00:00+00:00,0.0002,0.0002,0.0002,0.0002,1542138.0
2024-05-30 00:00:00+00:00,0.0002,0.0003,0.0002,0.0003,1268682.0
2024-05-30 04:00:00+00:00,0.0003,0.0003,0.0003,0.0003,736214.0
2024-05-30 08:00:00+00:00,0.0003,0.0004,0.0003,0.0004,858081.0
2024-05-30 12:00:00+00:00,0.0004,0.0004,0.0004,0.0004,1307934.0
2024-05-30 16:00:00+00:00,0.0004,0.0004,0.0004,0.0004,1425386.0
2024-05-30 20:00:00+00:00,0.0004,0.0004,0.0004,0.0004,1528894.0
2024-05-31 00:00:00+00:00,0.0004,0.0004,0.0004,0.0004,2439636.0
2024-05-31 04:00:00+00:00,0.0004,0.0004,0.0004,0.0004,1421540.0
2024-05-31 08:00:00+00:00,0.0004,0.0004,0.0004,0.0004,810359.0
2024-05-31 12:00:00+00:00,0.0004,0.0004,0.0004,0.0004,879865.0
2024-05-31 16:00:00+00:00,0.0004,0.0005,0.0004,0.0004,776870.0
2024-05-31 20:00:00+00:00,0.0004,0.0005,0.0004,0.0005,1028219.0
2024-06-01 00:00:00+00:00,0.0005,0.0005,0.0005,0.0005,1779037.0
2024-06-01 04:00:00+00:00,0.0005,0.0005,0.0004,0.0004,2261165.0
2024-06-01 08:00:00+00:00,0.0004,0.0004,0.0004,0.0004,2691273.0
2024-06-01 12:00:00+00:00,0.0004,0.0005,0.0004,0.0005,1108493.0
2024-06-01 16:00:00+00:00,0.0005,0.0006,0.0004,0.0006,3866958.0
2024-06-01 20:00:00+00:00,0.0006,0.0006,0.0006,0.0006,1034287.0
2024-06-02 00:00:00+00:00,0.0006,0.0006,0.0005,0.0006,2291400.0
2024-06-02 04:00:00+00:00,0.0006,0.0006,0.0006,0.0006,1099390.0
2024-06-02 08:00:00+00:00,0.0006,0.0008,0.0006,0.0008,2434114.0
2024-06-02 12:00:00+00:00,0.0008,0.0008,0.0007,0.0007,2182051.0
2024-06-02 16:00:00+00:00,0.0007,0.0008,0.0007,0.0008,1020328.0
2024-06-02 20:00:00+00:00,0.0008,0.0009,0.0008,0.0008,1419669.0
2024-06-03 00:00:00+00:00,0.0008,0.0009,0.0008,0.0009,2063474.0
2024-06-03 04:00:00+00:00,0.0009,0.0009,0.0008,0.0008,1124305.0
2024-06-03 08:00:00+00:00,0.0008,0.0008,0.0008,0.0008,561378.0
2024-06-03 12:00:00+00:00,0.0008,0.001,0.0008,0.001,4328390.0
2024-06-03 16:00:00+00:00,0.001,0.001,0.0008,0.0008,1156428.0
2024-06-03 20:00:00+00:00,0.0008,0.0009,0.0008,0.0008,1146687.0
2024-06-04 00:00:00+00:00,0.0008,0.0008,0.0007,0.0007,2343203.0
2024-06-04 04:00:00+00:00,0.0007,0.0009,0.0007,0.0009,1133933.0
2024-06-04 08:00:00+00:00,0.0009,0.0009,0.0007,0.0007,1018605.0
2024-06-04 12:00:00+00:00,0.0007,0.0007,0.0006,0.0006,1421435.0
2024-06-04 16:00:00+00:00,0.0006,0.0007,0.0006,0.0007,477017.0
2024-06-04 20:00:00+00:00,0.0007,0.0008,0.0007,0.0008,1475533.0
2024-06-05 00:00:00+00:00,0.0008,0.0008,0.0008,0.0008,1164311.0
2024-06-05 04:00:00+00:00,0.0008,0.0008,0.0007,0.0007,1090229.0
2024-06-05 08:00:00+00:00,0.0007,0.001,0.0007,0.0009,853305.0
2024-06-05 12:00:00+00:00,0.0009,0.001,0.0007,0.0007,3665841.0
2024-06-05 16:00:00+00:00,0.0007,0.0007,0.0005,0.0005,2095514.0
2024-06-05 20:00:00+00:00,0.0005,0.0005,0.0005,0.0005,2449763.0
2024-06-06 00:00:00+00:00,0.0005,0.0005,0.0005,0.0005,1076682.0
2024-06-06 04:00:00+00:00,0.0005,0.0005,0.0004,0.0004,940140.0
2024-06-06 08:00:00+00:00,0.0004,0.0005,0.0004,0.0005,1508549.0
2024-06-06 12:00:00+00:00,0.0005,0.0005,0.0005,0.0005,996088.0
2024-06-06 16:00:00+00:00,0.0005,0.0005,0.0004,0.0004,695868.0
2024-06-06 20:00:00+00:00,0.0004,0.0004,0.0004,0.0004,3286774.0
2024-06-07 00:00:00+00:00,0.0004,0.0004,0.0004,0.0004,1020230.0
2024-06-07 04:00:00+00:00,0.0004,0.0004,0.0004,0.0004,515062.0
2024-06-07 08:00:00+00:00,0.0004,0.0004,0.0004,0.0004,2029292.0
2024-06-07 12:00:00+00:00,0.0004,0.0006,0.0004,0.0005,1418624.0
2024-06-07 16:00:00+00:00,0.0005,0.0006,0.0005,0.0005,1093162.0
2024-06-07 20:00:00+00:00,0.0005,0.0005,0.0004,0.0004,697570.0
2024-06-08 00:00:00+00:00,0.0004,0.0004,0.0003,0.0003,3131050.0
2024-06-08 04:00:00+00:00,0.0003,0.0003,0.0003,0.0003,535430.0
2024-06-08 08:00:00+00:00,0.0003,0.0003,0.0003,0.0003,1141337.0
2024-06-08 12:00:00+00:00,0.0003,0.0003,0.0003,0.0003,1748549.0
2024-06-08 16:00:00+00:00,0.0003,0.0003,0.0003,0.0003,1430803.0
2024-06-08 20:00:00+00:00,0.0003,0.0003,0.0003,0.0003,1516867.0
2024-06-09 00:00:00+00:00,0.0003,0.0003,0.0003,0.0003,704702.0
2024-06-09 04:00:00+00:00,0.0003,0.0003,0.0003,0.0003,691417.0
2024-06-09 08:00:00+00:00,0.0003,0.0004,0.0003,0.0004,1646554.0
2024-06-09 12:00:00+00:00,0.0004,0.0004,0.0004,0.0004,779035.0
2024-06-09 16:00:00+00:00,0.0004,0.0004,0.0004,0.0004,1335182.0
2024-06-09 20:00:00+00:00,0.0004,0.0005,0.0004,0.0005,1767529.0
2024-06-10 00:00:00+00:00,0.0005,0.0005,0.0005,0.0005,1945079.0
2024-06-10 04:00:00+00:00,0.0005,0.0005,0.0005,0.0005,698683.0
2024-06-10 08:00:00+00:00,0.0005,0.0007,0.0005,0.0006,4794929.0
2024-06-10 12:00:00+00:00,0.0006,0.0007,0.0006,0.0007,1598552.0
2024-06-10 16:00:00+00:00,0.0007,0.0008,0.0007,0.0007,1318612.0
2024-06-10 20:00:00+00:00,0.0007,0.0008,0.0007,0.0007,1792616.0
2024-06-11 00:00:00+00:00,0.0007,0.0009,0.0007,0.0009,5363651.0
2024-06-11 04:00:00+00:00,0.0009,0.0009,0.0008,0.0008,634958.0
2024-06-11 08:00:00+00:00,0.0008,0.001,0.0008,0.001,1618239.0
2024-06-11 12:00:00+00:00,0.001,0.001,0.001,0.001,309734.0
2024-06-11 16:00:00+00:00,0.001,0.001,0.0008,0.0008,1800157.0
2024-06-11 20:00:00+00:00,0.0008,0.0008,0.0008,0.0008,1270557.0
2024-06-12 00:00:00+00:00,0.0008,0.0008,0.0007,0.0007,1279293.0
2024-06-12 04:00:00+00:00,0.0007,0.0008,0.0007,0.0008,994137.0
2024-06-12 08:00:00+00:00,0.0008,0.0008,0.0007,0.0007,464014.0
2024-06-12 12:00:00+00:00,0.0007,0.0008,0.0007,0.0007,1446473.0
2024-06-12 16:00:00+00:00,0.0007,0.0007,0.0005,0.0005,3829256.0
2024-06-12 20:00:00+00:00,0.0005,0.0005,0.0005,0.0005,895088.0
2024-06-13 00:00:00+00:00,0.0005,0.0005,0.0003,0.0003,2604446.0
2024-06-13 04:00:00+00:00,0.0003,0.0003,0.0002,0.0002,781640.0
2024-06-13 08:00:00+00:00,0.0002,0.0003,0.0002,0.0002,1687739.0
2024-06-13 12:00:00+00:00,0.0002,0.0003,0.0002,0.0003,1112427.0
2024-06-13 16:00:00+00:00,0.0003,0.0003,0.0003,0.0003,814212.0
2024-06-13 20:00:00+00:00,0.0003,0.0003,0.0003,0.0003,980873.0
2024-06-14 00:00:00+00:00,0.0003,0.0003,0.0002,0.0003,838551.0
2024-06-14 04:00:00+00:00,0.0003,0.0003,0.0002,0.0003,1212068.0
2024-06-14 08:00:00+00:00,0.0003,0.0003,0.0002,0.0002,781919.0
2024-06-14 12:00:00+00:00,0.0002,0.0003,0.0002,0.0003,1374939.0
2024-06-14 16:00:00+00:00,0.0003,0.0003,0.0003,0.0003,1366539.0
2024-06-14 20:00:00+00:00,0.0003,0.0003,0.0003,0.0003,634445.0
2024-06-15 00:00:00+00:00,0.0003,0.0003,0.0003,0.0003,2485839.0
2024-06-15 04:00:00+00:00,0.0003,0.0003,0.0003,0.0003,713104.0
2024-06-15 08:00:00+00:00,0.0003,0.0003,0.0002,0.0002,1367665.0
2024-06-15 12:00:00+00:00,0.0002,0.0002,0.0002,0.0002,681298.0
2024-06-15 16:00:00+00:00,0.0002,0.0002,0.0002,0.0002,3211968.0
2024-06-15 20:00:00+00:00,0.0002,0.0002,0.0001,0.0001,1912781.0
2024-06-16 00:00:00+00:00,0.0001,0.0001,0.0001,0.0001,705343.0
2024-06-16 04:00:00+00:00,0.0001,0.0002,0.0001,0.0002,3144816.0
2024-06-16 08:00:00+00:00,0.0002,0.0002,0.0002,0.0002,1424068.0
2024-06-16 12:00:00+00:00,0.0002,0.0002,0.0002,0.0002,1429986.0
2024-06-16 16:00:00+00:00,0.0002,0.0002,0.0002,0.0002,1058300.0
2024-06-16 20:00:00+00:00,0.0002,0.0002,0.0002,0.0002,1120046.0
2024-06-17 00:00:00+00:00,0.0002,0.0003,0.0002,0.0003,1675889.0
2024-06-17 04:00:00+00:00,0.0003,0.0003,0.0003,0.0003,781333.0
2024-06-17 08:00:00+00:00,0.0003,0.0003,0.0002,0.0002,3196510.0
2024-06-17 12:00:00+00:00,0.0002,0.0003,0.0002,0.0003,696212.0
2024-06-17 16:00:00+00:00,0.0003,0.0003,0.0003,0.0003,2535163.0
2024-06-17 20:00:00+00:00,0.0003,0.0003,0.0003,0.0003,1325850.0
2024-06-18 00:00:00+00:00,0.0003,0.0004,0.0003,0.0004,1491839.0
2024-06-18 04:00:00+00:00,0.0004,0.0004,0.0004,0.0004,2231144.0
2024-06-18 08:00:00+00:00,0.0004,0.0004,0.0004,0.0004,906484.0
2024-06-18 12:00:00+00:00,0.0004,0.0005,0.0004,0.0005,2451438.0
2024-06-18 16:00:00+00:00,0.0005,0.0005,0.0005,0.0005,280805.0
2024-06-18 20:00:00+00:00,0.0005,0.0006,0.0005,0.0006,1347995.0
2024-06-19 00:00:00+00:00,0.0006,0.0006,0.0005,0.0005,826568.0
2024-06-19 04:00:00+00:00,0.0005,0.0007,0.0005,0.0007,950665.0
2024-06-19 08:00:00+00:00,0.0007,0.0007,0.0007,0.0007,976184.0
2024-06-19 12:00:00+00:00,0.0007,0.0007,0.0006,0.0006,1570940.0
2024-06-19 16:00:00+00:00,0.0006,0.0006,0.0006,0.0006,1733720.0
2024-06-19 20:00:00+00:00,0.0006,0.0006,0.0005,0.0006,1293401.0
2024-06-20 00:00:00+00:00,0.0006,0.0006,0.0006,0.0006,851842.0
2024-06-20 04:00:00+00:00,0.0006,0.0007,0.0006,0.0006,1482280.0
2024-06-20 08:00:00+00:00,0.0006,0.0006,0.0006,0.0006,1341885.0
2024-06-20 12:00:00+00:00,0.0006,0.0006,0.0006,0.0006,1619135.0
2024-06-20 16:00:00+00:00,0.0006,0.0008,0.0006,0.0008,2872479.0
2024-06-20 20:00:00+00:00,0.0008,0.001,0.0008,0.001,1801371.0
2024-06-21 00:00:00+00:00,0.001,0.001,0.001,0.001,761702.0
2024-06-21 04:00:00+00:00,0.001,0.0011,0.001,0.001,731251.0
2024-06-21 08:00:00+00:00,0.001,0.0011,0.001,0.0011,797338.0
2024-06-21 12:00:00+00:00,0.0011,0.0012,0.001,0.0012,1082667.0
2024-06-21 16:00:00+00:00,0.0012,0.0012,0.001,0.001,1674193.0
2024-06-21 20:00:00+00:00,0.001,0.001,0.0009,0.0009,1601310.0
2024-06-22 00:00:00+00:00,0.0009,0.001,0.0007,0.0007,1710784.0
2024-06-22 04:00:00+00:00,0.0007,0.0007,0.0007,0.0007,1184817.0
2024-06-22 08:00:00+00:00,0.0007,0.0008,0.0007,0.0008,1382338.0
2024-06-22 12:00:00+00:00,0.0008,0.0008,0.0007,0.0008,944198.0
2024-06-22 16:00:00+00:00,0.0008,0.0009,0.0007,0.0009,1072520.0
2024-06-22 20:00:00+00:00,0.0009,0.0009,0.0008,0.0008,647078.0
2024-06-23 00:00:00+00:00,0.0008,0.0008,0.0006,0.0006,1175445.0
2024-06-23 04:00:00+00:00,0.0006,0.0006,0.0006,0.0006,1388323.0
2024-06-23 08:00:00+00:00,0.0006,0.0007,0.0006,0.0007,1031500.0
2024-06-23 12:00:00+00:00,0.0007,0.0009,0.0007,0.0009,1555892.0
2024-06-23 16:00:00+00:00,0.0009,0.0009,0.0008,0.0008,1530407.0
2024-06-23 20:00:00+00:00,0.0008,0.001,0.0008,0.0009,1919752.0
2024-06-24 00:00:00+00:00,0.0009,0.001,0.0009,0.0009,596376.0
2024-06-24 04:00:00+00:00,0.0009,0.0009,0.0009,0.0009,1782502.0
2024-06-24 08:00:00+00:00,0.0009,0.001,0.0009,0.001,2439518.0
2024-06-24 12:00:00+00:00,0.001,0.0011,0.001,0.0011,731732.0
2024-06-24 16:00:00+00:00,0.0011,0.0011,0.0009,0.0009,1136441.0
2024-06-24 20:00:00+00:00,0.0009,0.0011,0.0009,0.0011,3007646.0
2024-06-25 00:00:00+00:00,0.0011,0.0013,0.001,0.0013,1500180.0
2024-06-25 04:00:00+00:00,0.0013,0.0013,0.0011,0.0011,424580.0
2024-06-25 08:00:00+00:00,0.0011,0.0012,0.0011,0.0012,581751.0
2024-06-25 12:00:00+00:00,0.0012,0.0013,0.0012,0.0013,1072928.0
2024-06-25 16:00:00+00:00,0.0013,0.0014,0.0013,0.0013,620700.0
2024-06-25 20:00:00+00:00,0.0013,0.0013,0.0012,0.0012,1020445.0
2024-06-26 00:00:00+00:00,0.0012,0.0012,0.0011,0.0011,1330851.0
2024-06-26 04:00:00+00:00,0.0011,0.0011,0.0011,0.0011,2116561.0
2024-06-26 08:00:00+00:00,0.0011,0.0013,0.0011,0.0013,1309086.0
2024-06-26 12:00:00+00:00,0.0013,0.0014,0.0013,0.0014,2114934.0
2024-06-26 16:00:00+00:00,0.0014,0.0014,0.0012,0.0013,2399234.0
2024-06-26 20:00:00+00:00,0.0013,0.0015,0.0013,0.0015,2744164.0
2024-06-27 00:00:00+00:00,0.0015,0.0015,0.0008,0.0008,2640010.0
2024-06-27 04:00:00+00:00,0.0008,0.001,0.0008,0.001,565428.0
2024-06-27 08:00:00+00:00,0.001,0.001,0.0007,0.0007,2254910.0
2024-06-27 12:00:00+00:00,0.0007,0.0007,0.0007,0.0007,1978233.0
2024-06-27 16:00:00+00:00,0.0007,0.0007,0.0006,0.0006,1451940.0
2024-06-27 20:00:00+00:00,0.0006,0.0006,0.0004,0.0004,3805884.0
2024-06-28 00:00:00+00:00,0.0004,0.0005,0.0004,0.0005,2327333.0
2024-06-28 04:00:00+00:00,0.0005,0.0005,0.0005,0.0005,1619352.0
2024-06-28 08:00:00+00:00,0.0005,0.0005,0.0005,0.0005,1975412.0
2024-06-28 12:00:00+00:00,0.0005,0.0005,0.0005,0.0005,1216351.0
2024-06-28 16:00:00+00:00,0.0005,0.0005,0.0005,0.0005,346183.0
2024-06-28 20:00:00+00:00,0.0005,0.0005,0.0005,0.0005,799374.0
2024-06-29 00:00:00+00:00,0.0005,0.0006,0.0004,0.0004,2874331.0
2024-06-29 04:00:00+00:00,0.0004,0.0005,0.0004,0.0005,961357.0
2024-06-29 08:00:00+00:00,0.0005,0.0005,0.0005,0.0005,1100790.0
2024-06-29 12:00:00+00:00,0.0005,0.0005,0.0004,0.0004,1013719.0
2024-06-29 16:00:00+00:00,0.0004,0.0004,0.0003,0.0003,2931445.0
2024-06-29 20:00:00+00:00,0.0003,0.0004,0.0003,0.0004,3863124.0
2024-06-30 00:00:00+00:00,0.0004,0.0005,0.0004,0.0005,883028.0
2024-06-30 04:00:00+00:00,0.0005,0.0005,0.0004,0.0004,1254876.0
2024-06-30 08:00:00+00:00,0.0004,0.0004,0.0004,0.0004,829768.0
2024-06-30 12:00:00+00:00,0.0004,0.0004,0.0004,0.0004,1568948.0
2024-06-30 16:00:00+00:00,0.0004,0.0005,0.0004,0.0005,2484531.0
2024-06-30 20:00:00+00:00,0.0005,0.0005,0.0005,0.0005,1745081.0
2024-07-01 00:00:00+00:00,0.0005,0.0006,0.0005,0.0006,1398428.0
2024-07-01 04:00:00+00:00,0.0006,0.0007,0.0006,0.0006,6312279.0
2024-07-01 08:00:00+00:00,0.0006,0.0007,0.0006,0.0007,657050.0
2024-07-01 12:00:00+00:00,0.0007,0.0007,0.0006,0.0006,478508.0
2024-07-01 16:00:00+00:00,0.0006,0.0006,0.0006,0.0006,901476.0
2024-07-01 20:00:00+00:00,0.0006,0.0006,0.0006,0.0006,475350.0
2024-07-02 00:00:00+00:00,0.0006,0.0006,0.0006,0.0006,486239.0
2024-07-02 04:00:00+00:00,0.0006,0.0007,0.0006,0.0007,795783.0
2024-07-02 08:00:00+00:00,0.0007,0.0007,0.0007,0.0007,639771.0
2024-07-02 12:00:00+00:00,0.0007,0.0008,0.0007,0.0007,816805.0
2024-07-02 16:00:00+00:00,0.0007,0.0008,0.0007,0.0007,1354184.0
2024-07-02 20:00:00+00:00,0.0007,0.0007,0.0007,0.0007,796919.0
2024-07-03 00:00:00+00:00,0.0007,0.0008,0.0005,0.0005,1730561.0
2024-07-03 04:00:00+00:00,0.0005,0.0006,0.0005,0.0006,2195135.0
2024-07-03 08:00:00+00:00,0.0006,0.0006,0.0006,0.0006,782148.0
2024-07-03 12:00:00+00:00,0.0006,0.0007,0.0006,0.0007,1262097.0
2024-07-03 16:00:00+00:00,0.0007,0.0007,0.0004,0.0004,2775686.0
2024-07-03 20:00:00+00:00,0.0004,0.0005,0.0004,0.0005,731573.0
2024-07-04 00:00:00+00:00,0.0005,0.0005,0.0005,0.0005,325071.0
2024-07-04 04:00:00+00:00,0.0005,0.0006,0.0005,0.0006,1771491.0
2024-07-04 08:00:00+00:00,0.0006,0.0006,0.0005,0.0005,1887879.0
2024-07-04 12:00:00+00:00,0.0005,0.0005,0.0005,0.0005,3558172.0
2024-07-04 16:00:00+00:00,0.0005,0.0006,0.0005,0.0005,1604006.0
2024-07-04 20:00:00+00:00,0.0005,0.0005,0.0004,0.0004,1941546.0
2024-07-05 00:00:00+00:00,0.0004,0.0005,0.0004,0.0005,1680841.0
2024-07-05 04:00:00+00:00,0.0005,0.0005,0.0005,0.0005,1268846.0
2024-07-05 08:00:00+00:00,0.0005,0.0005,0.0005,0.0005,2509075.0
2024-07-05 12:00:00+00:00,0.0005,0.0006,0.0005,0.0006,478501.0
2024-07-05 16:00:00+00:00,0.0006,0.0006,0.0006,0.0006,1494771.0
2024-07-05 20:00:00+00:00,0.0006,0.0007,0.0006,0.0007,3084180.0
2024-07-06 00:00:00+00:00,0.0007,0.0007,0.0006,0.0007,1331460.0
2024-07-06 04:00:00+00:00,0.0007,0.0009,0.0007,0.0009,4734617.0
2024-07-06 08:00:00+00:00,0.0009,0.001,0.0009,0.0009,754230.0
2024-07-06 12:00:00+00:00,0.0009,0.001,0.0009,0.0009,1065390.0
2024-07-06 16:00:00+00:00,0.0009,0.0011,0.0009,0.0011,1487630.0
2024-07-06 20:00:00+00:00,0.0011,0.0013,0.0011,0.0013,491847.0
2024-07-07 00:00:00+00:00,0.0013,0.0015,0.0013,0.0015,851716.0
2024-07-07 04:00:00+00:00,0.0015,0.0016,0.0015,0.0016,740116.0
2024-07-07 08:00:00+00:00,0.0016,0.0016,0.0014,0.0014,2294035.0
2024-07-07 12:00:00+00:00,0.0014,0.0017,0.0014,0.0017,2673568.0
2024-07-07 16:00:00+00:00,0.0017,0.0017,0.0014,0.0014,1789859.0
2024-07-07 20:00:00+00:00,0.0014,0.0015,0.0013,0.0015,1706222.0
2024-07-08 00:00:00+00:00,0.0015,0.0015,0.0013,0.0013,1239460.0
2024-07-08 04:00:00+00:00,0.0013,0.0013,0.0013,0.0013,1887353.0
2024-07-08 08:00:00+00:00,0.0013,0.0013,0.0013,0.0013,1145824.0
2024-07-08 12:00:00+00:00,0.0013,0.0014,0.0013,0.0014,1172340.0
2024-07-08 16:00:00+00:00,0.0014,0.0015,0.0014,0.0015,1037007.0
2024-07-08 20:00:00+00:00,0.0015,0.0018,0.0014,0.0018,2422886.0
2024-07-09 00:00:00+00:00,0.0018,0.002,0.0017,0.002,971102.0
2024-07-09 04:00:00+00:00,0.002,0.002,0.0019,0.0019,1816945.0
2024-07-09 08:00:00+00:00,0.0019,0.0022,0.0018,0.0021,811163.0
2024-07-09 12:00:00+00:00,0.0021,0.0025,0.0021,0.0025,883371.0
2024-07-09 16:00:00+00:00,0.0025,0.0027,0.002,0.0021,2196050.0
2024-07-09 20:00:00+00:00,0.0021,0.0022,0.0021,0.0022,1209341.0
2024-07-10 00:00:00+00:00,0.0022,0.0025,0.0022,0.0025,1044741.0
2024-07-10 04:00:00+00:00,0.0025,0.0025,0.0023,0.0024,1776531.0
2024-07-10 08:00:00+00:00,0.0024,0.0029,0.0023,0.0028,1191848.0
2024-07-10 12:00:00+00:00,0.0028,0.0028,0.0028,0.0028,969704.0
2024-07-10 16:00:00+00:00,0.0028,0.0029,0.0027,0.0028,2118283.0
2024-07-10 20:00:00+00:00,0.0028,0.0028,0.0027,0.0027,2334746.0
2024-07-11 00:00:00+00:00,0.0027,0.0028,0.0027,0.0027,2201761.0
2024-07-11 04:00:00+00:00,0.0027,0.0027,0.0023,0.0023,1292091.0
2024-07-11 08:00:00+00:00,0.0023,0.0023,0.0018,0.0018,3056188.0
2024-07-11 12:00:00+00:00,0.0018,0.0022,0.0018,0.0022,1066433.0
2024-07-11 16:00:00+00:00,0.0022,0.0022,0.0019,0.0019,879823.0
2024-07-11 20:00:00+00:00,0.0019,0.0019,0.0016,0.0017,447529.0
2024-07-12 00:00:00+00:00,0.0017,0.0017,0.0011,0.0011,4552273.0
2024-07-12 04:00:00+00:00,0.0011,0.0011,0.001,0.001,837934.0
2024-07-12 08:00:00+00:00,0.001,0.001,0.0008,0.0008,1500445.0
2024-07-12 12:00:00+00:00,0.0008,0.001,0.0008,0.001,1101197.0
2024-07-12 16:00:00+00:00,0.001,0.0012,0.001,0.0012,2054903.0
2024-07-12 20:00:00+00:00,0.0012,0.0012,0.001,0.001,1087687.0
2024-07-13 00:00:00+00:00,0.001,0.0014,0.001,0.0014,1047279.0
2024-07-13 04:00:00+00:00,0.0014,0.0016,0.0014,0.0016,1794890.0
2024-07-13 08:00:00+00:00,0.0016,0.0016,0.0015,0.0015,560859.0
2024-07-13 12:00:00+00:00,0.0015,0.0015,0.0009,0.0009,1399425.0
2024-07-13 16:00:00+00:00,0.0009,0.0013,0.0009,0.0013,707455.0
2024-07-13 20:00:00+00:00,0.0013,0.0013,0.001,0.001,798575.0
2024-07-14 00:00:00+00:00,0.001,0.001,0.0008,0.0008,1905253.0
2024-07-14 04:00:00+00:00,0.0008,0.0009,0.0007,0.0009,546007.0
2024-07-14 08:00:00+00:00,0.0009,0.0012,0.0009,0.0012,999422.0
2024-07-14 12:00:00+00:00,0.0012,0.0014,0.0012,0.0014,1619115.0
2024-07-14 16:00:00+00:00,0.0014,0.0016,0.0014,0.0015,953985.0
2024-07-14 20:00:00+00:00,0.0015,0.0017,0.0015,0.0017,3427377.0
2024-07-15 00:00:00+00:00,0.0017,0.002,0.0016,0.0019,3458164.0
2024-07-15 04:00:00+00:00,0.0019,0.0021,0.0019,0.0021,868172.0
2024-07-15 08:00:00+00:00,0.0021,0.0022,0.0021,0.0022,1486367.0
2024-07-15 12:00:00+00:00,0.0022,0.0022,0.0022,0.0022,1520494.0
2024-07-15 16:00:00+00:00,0.0022,0.0023,0.0022,0.0022,763577.0
2024-07-15 20:00:00+00:00,0.0022,0.0022,0.002,0.002,632177.0
2024-07-16 00:00:00+00:00,0.002,0.002,0.0019,0.0019,1120729.0
2024-07-16 04:00:00+00:00,0.0019,0.0019,0.0014,0.0014,1617146.0
2024-07-16 08:00:00+00:00,0.0014,0.0014,0.0014,0.0014,840812.0
2024-07-16 12:00:00+00:00,0.0014,0.0014,0.0012,0.0012,1800366.0
2024-07-16 16:00:00+00:00,0.0012,0.0012,0.001,0.001,1029034.0
2024-07-16 20:00:00+00:00,0.001,0.001,0.001,0.001,607014.0
2024-07-17 00:00:00+00:00,0.001,0.0012,0.001,0.0012,1716410.0
2024-07-17 04:00:00+00:00,0.0012,0.0014,0.0012,0.0014,1712775.0
2024-07-17 08:00:00+00:00,0.0014,0.0015,0.001,0.0011,948252.0
2024-07-17 12:00:00+00:00,0.0011,0.0011,0.0009,0.0009,2300415.0
2024-07-17 16:00:00+00:00,0.0009,0.001,0.0009,0.001,586882.0
2024-07-17 20:00:00+00:00,0.001,0.001,0.0009,0.0009,1080838.0
2024-07-18 00:00:00+00:00,0.0009,0.0009,0.0008,0.0008,968668.0
2024-07-18 04:00:00+00:00,0.0008,0.0009,0.0008,0.0009,906908.0
2024-07-18 08:00:00+00:00,0.0009,0.0009,0.0008,0.0008,1083088.0
2024-07-18 12:00:00+00:00,0.0008,0.0008,0.0008,0.0008,2667051.0
2024-07-18 16:00:00+00:00,0.0008,0.0008,0.0006,0.0006,1043895.0
2024-07-18 20:00:00+00:00,0.0006,0.0006,0.0006,0.0006,4309589.0
2024-07-19 00:00:00+00:00,0.0006,0.0006,0.0006,0.0006,1422187.0
2024-07-19 04:00:00+00:00,0.0006,0.0006,0.0005,0.0005,1798692.0
2024-07-19 08:00:00+00:00,0.0005,0.0005,0.0005,0.0005,1519177.0
2024-07-19 12:00:00+00:00,0.0005,0.0005,0.0005,0.0005,3577625.0
2024-07-19 16:00:00+00:00,0.0005,0.0005,0.0005,0.0005,756982.0
2024-07-19 20:00:00+00:00,0.0005,0.0006,0.0005,0.0005,628080.0
2024-07-20 00:00:00+00:00,0.0005,0.0007,0.0005,0.0007,1105821.0
2024-07-20 04:00:00+00:00,0.0007,0.0007,0.0007,0.0007,1072448.0
2024-07-20 08:00:00+00:00,0.0007,0.0007,0.0006,0.0006,503550.0
2024-07-20 12:00:00+00:00,0.0006,0.0007,0.0006,0.0006,1065831.0
2024-07-20 16:00:00+00:00,0.0006,0.0007,0.0006,0.0007,2897129.0
2024-07-20 20:00:00+00:00,0.0007,0.0007,0.0007,0.0007,1101183.0
2024-07-21 00:00:00+00:00,0.0007,0.0007,0.0007,0.0007,878487.0
2024-07-21 04:00:00+00:00,0.0007,0.0007,0.0006,0.0006,961506.0
2024-07-21 08:00:00+00:00,0.0006,0.0006,0.0006,0.0006,2036476.0
2024-07-21 12:00:00+00:00,0.0006,0.0006,0.0004,0.0004,1080174.0
2024-07-21 16:00:00+00:00,0.0004,0.0006,0.0004,0.0006,4496122.0
2024-07-21 20:00:00+00:00,0.0006,0.0006,0.0005,0.0005,4104217.0
2024-07-22 00:00:00+00:00,0.0005,0.0005,0.0004,0.0004,1492988.0
2024-07-22 04:00:00+00:00,0.0004,0.0004,0.0004,0.0004,1317026.0
2024-07-22 08:00:00+00:00,0.0004,0.0004,0.0004,0.0004,2346095.0
2024-07-22 12:00:00+00:00,0.0004,0.0004,0.0004,0.0004,1960666.0
2024-07-22 16:00:00+00:00,0.0004,0.0005,0.0004,0.0005,1042585.0
2024-07-22 20:00:00+00:00,0.0005,0.0005,0.0004,0.0004,1002603.0
2024-07-23 00:00:00+00:00,0.0004,0.0004,0.0004,0.0004,580260.0
2024-07-23 04:00:00+00:00,0.0004,0.0004,0.0004,0.0004,1690118.0
2024-07-23 08:00:00+00:00,0.0004,0.0005,0.0004,0.0005,2740493.0
2024-07-23 12:00:00+00:00,0.0005,0.0005,0.0004,0.0004,782140.0
2024-07-23 16:00:00+00:00,0.0004,0.0004,0.0004,0.0004,906117.0
2024-07-23 20:00:00+00:00,0.0004,0.0005,0.0004,0.0005,654370.0
2024-07-24 00:00:00+00:00,0.0005,0.0005,0.0005,0.0005,755665.0
2024-07-24 04:00:00+00:00,0.0005,0.0005,0.0005,0.0005,1429457.0
2024-07-24 08:00:00+00:00,0.0005,0.0005,0.0005,0.0005,734781.0
2024-07-24 12:00:00+00:00,0.0005,0.0005,0.0005,0.0005,875599.0
2024-07-24 16:00:00+00:00,0.0005,0.0005,0.0005,0.0005,472975.0
2024-07-24 20:00:00+00:00,0.0005,0.0005,0.0005,0.0005,1564936.0
2024-07-25 00:00:00+00:00,0.0005,0.0007,0.0005,0.0007,1949053.0
2024-07-25 04:00:00+00:00,0.0007,0.0007,0.0006,0.0007,870258.0
2024-07-25 08:00:00+00:00,0.0007,0.0007,0.0005,0.0005,1472588.0
2024-07-25 12:00:00+00:00,0.0005,0.0005,0.0005,0.0005,1140190.0
2024-07-25 16:00:00+00:00,0.0005,0.0007,0.0005,0.0007,1430593.0
2024-07-25 20:00:00+00:00,0.0007,0.0007,0.0006,0.0006,651954.0
2024-07-26 00:00:00+00:00,0.0006,0.0008,0.0006,0.0008,4280107.0
2024-07-26 04:00:00+00:00,0.0008,0.001,0.0008,0.001,1276971.0
2024-07-26 08:00:00+00:00,0.001,0.001,0.0009,0.0009,1192361.0
2024-07-26 12:00:00+00:00,0.0009,0.001,0.0009,0.001,2078168.0
2024-07-26 16:00:00+00:00,0.001,0.0012,0.001,0.0012,10103284.0
2024-07-26 20:00:00+00:00,0.0012,0.0012,0.0011,0.0011,629621.0
2024-07-27 00:00:00+00:00,0.0011,0.0012,0.0011,0.0011,1370020.0
2024-07-27 04:00:00+00:00,0.0011,0.0011,0.001,0.001,887542.0
2024-07-27 08:00:00+00:00,0.001,0.001,0.0008,0.0009,1114562.0
2024-07-27 12:00:00+00:00,0.0009,0.0009,0.0008,0.0008,903192.0
2024-07-27 16:00:00+00:00,0.0008,0.0008,0.0006,0.0006,884769.0
2024-07-27 20:00:00+00:00,0.0006,0.0007,0.0006,0.0006,992074.0
2024-07-28 00:00:00+00:00,0.0006,0.0006,0.0006,0.0006,643140.0
2024-07-28 04:00:00+00:00,0.0006,0.0006,0.0005,0.0006,1770184.0
2024-07-28 08:00:00+00:00,0.0006,0.0006,0.0004,0.0004,1750235.0
2024-07-28 12:00:00+00:00,0.0004,0.0005,0.0004,0.0005,1415871.0
2024-07-28 16:00:00+00:00,0.0005,0.0005,0.0005,0.0005,1087107.0
2024-07-28 20:00:00+00:00,0.0005,0.0005,0.0004,0.0004,1581138.0
2024-07-29 00:00:00+00:00,0.0004,0.0004,0.0004,0.0004,1345967.0
2024-07-29 04:00:00+00:00,0.0004,0.0005,0.0004,0.0005,865997.0
2024-07-29 08:00:00+00:00,0.0005,0.0005,0.0004,0.0004,1293414.0
2024-07-29 12:00:00+00:00,0.0004,0.0005,0.0004,0.0005,1138652.0
2024-07-29 16:00:00+00:00,0.0005,0.0005,0.0005,0.0005,759787.0
2024-07-29 20:00:00+00:00,0.0005,0.0005,0.0004,0.0004,459589.0
2024-07-30 00:00:00+00:00,0.0004,0.0004,0.0004,0.0004,2007584.0
2024-07-30 04:00:00+00:00,0.0004,0.0005,0.0004,0.0005,884026.0
2024-07-30 08:00:00+00:00,0.0005,0.0005,0.0005,0.0005,1845770.0
2024-07-30 12:00:00+00:00,0.0005,0.0005,0.0005,0.0005,2111919.0
2024-07-30 16:00:00+00:00,0.0005,0.0005,0.0004,0.0004,744802.0
2024-07-30 20:00:00+00:00,0.0004,0.0005,0.0004,0.0005,623131.0
2024-07-31 00:00:00+00:00,0.0005,0.0005,0.0004,0.0004,5894125.0
2024-07-31 04:00:00+00:00,0.0004,0.0004,0.0003,0.0004,2525706.0
2024-07-31 08:00:00+00:00,0.0004,0.0004,0.0003,0.0003,1385003.0
2024-07-31 12:00:00+00:00,0.0003,0.0003,0.0003,0.0003,1516327.0
2024-07-31 16:00:00+00:00,0.0003,0.0003,0.0003,0.0003,1133649.0
2024-07-31 20:00:00+00:00,0.0003,0.0004,0.0003,0.0004,1848267.0
2024-08-01 00:00:00+00:00,0.0004,0.0004,0.0004,0.0004,888717.0
2024-08-01 04:00:00+00:00,0.0004,0.0004,0.0003,0.0003,540634.0
2024-08-01 08:00:00+00:00,0.0003,0.0003,0.0003,0.0003,590995.0
2024-08-01 12:00:00+00:00,0.0003,0.0004,0.0003,0.0004,1560371.0
2024-08-01 16:00:00+00:00,0.0004,0.0004,0.0004,0.0004,603248.0
2024-08-01 20:00:00+00:00,0.0004,0.0005,0.0004,0.0005,1971475.0
2024-08-02 00:00:00+00:00,0.0005,0.0006,0.0005,0.0006,686745.0
2024-08-02 04:00:00+00:00,0.0006,0.0006,0.0006,0.0006,733625.0
2024-08-02 08:00:00+00:00,0.0006,0.0006,0.0005,0.0005,1747439.0
2024-08-02 12:00:00+00:00,0.0005,0.0006,0.0005,0.0006,1198114.0
2024-08-02 16:00:00+00:00,0.0006,0.0006,0.0005,0.0005,1064546.0
2024-08-02 20:00:00+00:00,0.0005,0.0006,0.0005,0.0006,2042369.0
2024-08-03 00:00:00+00:00,0.0006,0.0007,0.0006,0.0007,1817627.0
2024-08-03 04:00:00+00:00,0.0007,0.0007,0.0006,0.0006,2792399.0
2024-08-03 08:00:00+00:00,0.0006,0.0006,0.0005,0.0005,1271353.0
2024-08-03 12:00:00+00:00,0.0005,0.0005,0.0003,0.0004,1473939.0
2024-08-03 16:00:00+00:00,0.0004,0.0004,0.0003,0.0004,640637.0
2024-08-03 20:00:00+00:00,0.0004,0.0004,0.0003,0.0003,1208134.0
2024-08-04 00:00:00+00:00,0.0003,0.0003,0.0002,0.0002,3190185.0
2024-08-04 04:00:00+00:00,0.0002,0.0002,0.0002,0.0002,2249680.0
2024-08-04 08:00:00+00:00,0.0002,0.0003,0.0002,0.0003,3429104.0
2024-08-04 12:00:00+00:00,0.0003,0.0003,0.0003,0.0003,408940.0
2024-08-04 16:00:00+00:00,0.0003,0.0004,0.0003,0.0003,2356717.0
2024-08-04 20:00:00+00:00,0.0003,0.0004,0.0003,0.0004,413524.0
2024-08-05 00:00:00+00:00,0.0004,0.0004,0.0003,0.0003,1635679.0
2024-08-05 04:00:00+00:00,0.0003,0.0004,0.0003,0.0004,1171547.0
2024-08-05 08:00:00+00:00,0.0004,0.0004,0.0004,0.0004,1605835.0
2024-08-05 12:00:00+00:00,0.0004,0.0004,0.0004,0.0004,575745.0
2024-08-05 16:00:00+00:00,0.0004,0.0004,0.0004,0.0004,2057313.0
2024-08-05 20:00:00+00:00,0.0004,0.0004,0.0004,0.0004,624828.0
2024-08-06 00:00:00+00:00,0.0004,0.0004,0.0004,0.0004,1036180.0
2024-08-06 04:00:00+00:00,0.0004,0.0004,0.0004,0.0004,654229.0
2024-08-06 08:00:00+00:00,0.0004,0.0004,0.0004,0.0004,556912.0
2024-08-06 12:00:00+00:00,0.0004,0.0004,0.0004,0.0004,1302979.0
2024-08-06 16:00:00+00:00,0.0004,0.0004,0.0003,0.0003,3460777.0
2024-08-06 20:00:00+00:00,0.0003,0.0004,0.0003,0.0003,3848626.0
2024-08-07 00:00:00+00:00,0.0003,0.0003,0.0003,0.0003,1052107.0
2024-08-07 04:00:00+00:00,0.0003,0.0004,0.0003,0.0004,2581679.0
2024-08-07 08:00:00+00:00,0.0004,0.0004,0.0004,0.0004,1365330.0
2024-08-07 12:00:00+00:00,0.0004,0.0004,0.0004,0.0004,1294851.0
2024-08-07 16:00:00+00:00,0.0004,0.0005,0.0004,0.0005,1150377.0
2024-08-07 20:00:00+00:00,0.0005,0.0006,0.0005,0.0006,1794968.0
2024-08-08 00:00:00+00:00,0.0006,0.0006,0.0006,0.0006,1640269.0
2024-08-08 04:00:00+00:00,0.0006,0.0006,0.0006,0.0006,754471.0
2024-08-08 08:00:00+00:00,0.0006,0.0006,0.0005,0.0005,1518473.0
2024-08-08 12:00:00+00:00,0.0005,0.0005,0.0004,0.0004,1433640.0
2024-08-08 16:00:00+00:00,0.0004,0.0004,0.0004,0.0004,1714276.0
2024-08-08 20:00:00+00:00,0.0004,0.0004,0.0004,0.0004,745760.0
2024-08-09 00:00:00+00:00,0.0004,0.0004,0.0004,0.0004,1053041.0
2024-08-09 04:00:00+00:00,0.0004,0.0004,0.0004,0.0004,2677355.0
2024-08-09 08:00:00+00:00,0.0004,0.0004,0.0004,0.0004,2218901.0
2024-08-09 12:00:00+00:00,0.0004,0.0004,0.0004,0.0004,2017562.0
2024-08-09 16:00:00+00:00,0.0004,0.0004,0.0004,0.0004,1235823.0
2024-08-09 20:00:00+00:00,0.0004,0.0004,0.0004,0.0004,1213256.0
2024-08-10 00:00:00+00:00,0.0004,0.0004,0.0003,0.0003,3096872.0
2024-08-10 04:00:00+00:00,0.0003,0.0003,0.0003,0.0003,3093884.0
2024-08-10 08:00:00+00:00,0.0003,0.0003,0.0003,0.0003,399530.0
2024-08-10 12:00:00+00:00,0.0003,0.0003,0.0002,0.0002,796548.0
2024-08-10 16:00:00+00:00,0.0002,0.0002,0.0002,0.0002,2453907.0
2024-08-10 20:00:00+00:00,0.0002,0.0003,0.0002,0.0003,1475007.0
2024-08-11 00:00:00+00:00,0.0003,0.0003,0.0003,0.0003,1110512.0
2024-08-11 04:00:00+00:00,0.0003,0.0003,0.0003,0.0003,582539.0
2024-08-11 08:00:00+00:00,0.0003,0.0004,0.0003,0.0004,1270169.0
2024-08-11 12:00:00+00:00,0.0004,0.0004,0.0004,0.0004,532017.0
2024-08-11 16:00:00+00:00,0.0004,0.0004,0.0004,0.0004,3259636.0
2024-08-11 20:00:00+00:00,0.0004,0.0004,0.0003,0.0003,1255889.0
2024-08-12 00:00:00+00:00,0.0003,0.0004,0.0003,0.0003,1097741.0
2024-08-12 04:00:00+00:00,0.0003,0.0003,0.0003,0.0003,1567881.0
2024-08-12 08:00:00+00:00,0.0003,0.0003,0.0003,0.0003,1752304.0
2024-08-12 12:00:00+00:00,0.0003,0.0003,0.0003,0.0003,1731024.0
2024-08-12 16:00:00+00:00,0.0003,0.0003,0.0003,0.0003,1724125.0
2024-08-12 20:00:00+00:00,0.0003,0.0004,0.0003,0.0004,875648.0
2024-08-13 00:00:00+00:00,0.0004,0.0004,0.0004,0.0004,1329127.0
2024-08-13 04:00:00+00:00,0.0004,0.0005,0.0004,0.0005,2106691.0
2024-08-13 08:00:00+00:00,0.0005,0.0005,0.0004,0.0004,1276153.0
2024-08-13 12:00:00+00:00,0.0004,0.0004,0.0002,0.0002,2136706.0
2024-08-13 16:00:00+00:00,0.0002,0.0003,0.0002,0.0003,1742642.0
2024-08-13 20:00:00+00:00,0.0003,0.0003,0.0002,0.0002,2380869.0
2024-08-14 00:00:00+00:00,0.0002,0.0002,0.0002,0.0002,449684.0
2024-08-14 04:00:00+00:00,0.0002,0.0002,0.0002,0.0002,2171642.0
2024-08-14 08:00:00+00:00,0.0002,0.0002,0.0001,0.0001,1604451.0
2024-08-14 12:00:00+00:00,0.0001,0.0001,0.0001,0.0001,1782289.0
2024-08-14 16:00:00+00:00,0.0001,0.0002,0.0001,0.0002,1989866.0
2024-08-14 20:00:00+00:00,0.0002,0.0002,0.0001,0.0001,2796657.0
2024-08-15 00:00:00+00:00,0.0001,0.0001,0.0001,0.0001,4245956.0
2024-08-15 04:00:00+00:00,0.0001,0.0001,0.0001,0.0001,2427115.0
2024-08-15 08:00:00+00:00,0.0001,0.0001,0.0001,0.0001,2437498.0
2024-08-15 12:00:00+00:00,0.0001,0.0001,0.0001,0.0001,1917436.0
2024-08-15 16:00:00+00:00,0.0001,0.0001,0.0001,0.0001,1108287.0
2024-08-15 20:00:00+00:00,0.0001,0.0001,0.0001,0.0001,1549065.0
2024-08-16 00:00:00+00:00,0.0001,0.0001,0.0001,0.0001,1823554.0
2024-08-16 04:00:00+00:00,0.0001,0.0001,0.0001,0.0001,909967.0
2024-08-16 08:00:00+00:00,0.0001,0.0001,0.0001,0.0001,1748812.0
2024-08-16 12:00:00+00:00,0.0001,0.0001,0.0001,0.0001,1519849.0
2024-08-16 16:00:00+00:00,0.0001,0.0001,0.0001,0.0001,693598.0
2024-08-16 20:00:00+00:00,0.0001,0.0001,0.0001,0.0001,1913856.0
2024-08-17 00:00:00+00:00,0.0001,0.0001,0.0001,0.0001,1443293.0
2024-08-17 04:00:00+00:00,0.0001,0.0001,0.0001,0.0001,3317501.0
2024-08-17 08:00:00+00:00,0.0001,0.0001,0.0001,0.0001,616544.0
2024-08-17 12:00:00+00:00,0.0001,0.0001,0.0,0.0001,809536.0
2024-08-17 16:00:00+00:00,0.0001,0.0001,0.0,0.0001,1806996.0
2024-08-17 20:00:00+00:00,0.0001,0.0001,0.0,0.0001,2841267.0
2024-08-18 00:00:00+00:00,0.0001,0.0001,0.0,0.0,2097399.0
2024-08-18 04:00:00+00:00,0.0,0.0,0.0,0.0,1950993.0
2024-08-18 08:00:00+00:00,0.0,0.0,0.0,0.0,617950.0
2024-08-18 12:00:00+00:00,0.0,0.0,0.0,0.0,724867.0
2024-08-18 16:00:00+00:00,0.0,0.0,0.0,0.0,1734700.0
2024-08-18 20:00:00+00:00,0.0,0.0,0.0,0.0,639120.0
2024-08-19 00:00:00+00:00,0.0,0.0001,0.0,0.0001,1402724.0
2024-08-19 04:00:00+00:00,0.0001,0.0001,0.0001,0.0001,1687224.0
2024-08-19 08:00:00+00:00,0.0001,0.0001,0.0001,0.0001,741180.0
2024-08-19 12:00:00+00:00,0.0001,0.0001,0.0001,0.0001,4416313.0
2024-08-19 16:00:00+00:00,0.0001,0.0001,0.0001,0.0001,2331489.0
2024-08-19 20:00:00+00:00,0.0001,0.0001,0.0001,0.0001,611747.0
2024-08-20 00:00:00+00:00,0.0001,0.0001,0.0001,0.0001,717011.0
2024-08-20 04:00:00+00:00,0.0001,0.0001,0.0001,0.0001,508290.0
2024-08-20 08:00:00+00:00,0.0001,0.0001,0.0001,0.0001,1156776.0
2024-08-20 12:00:00+00:00,0.0001,0.0001,0.0001,0.0001,1499854.0
2024-08-20 16:00:00+00:00,0.0001,0.0001,0.0001,0.0001,1079025.0
2024-08-20 20:00:00+00:00,0.0001,0.0001,0.0001,0.0001,1529675.0
2024-08-21 00:00:00+00:00,0.0001,0.0001,0.0001,0.0001,605915.0
2024-08-21 04:00:00+00:00,0.0001,0.0001,0.0001,0.0001,2852175.0
2024-08-21 08:00:00+00:00,0.0001,0.0001,0.0001,0.0001,810030.0
2024-08-21 12:00:00+00:00,0.0001,0.0001,0.0001,0.0001,1163592.0
2024-08-21 16:00:00+00:00,0.0001,0.0001,0.0001,0.0001,1041192.0
2024-08-21 20:00:00+00:00,0.0001,0.0001,0.0001,0.0001,846554.0
2024-08-22 00:00:00+00:00,0.0001,0.0001,0.0001,0.0001,803315.0
2024-08-22 04:00:00+00:00,0.0001,0.0001,0.0001,0.0001,2510697.0
2024-08-22 08:00:00+00:00,0.0001,0.0001,0.0001,0.0001,1572782.0
2024-08-22 12:00:00+00:00,0.0001,0.0001,0.0001,0.0001,2474765.0
2024-08-22 16:00:00+00:00,0.0001,0.0001,0.0001,0.0001,1468656.0
2024-08-22 20:00:00+00:00,0.0001,0.0001,0.0001,0.0001,1654759.0
2024-08-23 00:00:00+00:00,0.0001,0.0001,0.0001,0.0001,561309.0
2024-08-23 04:00:00+00:00,0.0001,0.0001,0.0001,0.0001,1271074.0
2024-08-23 08:00:00+00:00,0.0001,0.0001,0.0001,0.0001,1315674.0
2024-08-23 12:00:00+00:00,0.0001,0.0001,0.0001,0.0001,4336518.0
2024-08-23 16:00:00+00:00,0.0001,0.0001,0.0001,0.0001,29165034.0
2024-08-23 20:00:00+00:00,0.0001,0.0001,0.0001,0.0001,30185748.0
2024-08-24 00:00:00+00:00,0.0001,0.0001,0.0001,0.0001,18345652.0
2024-08-24 04:00:00+00:00,0.0001,0.0001,0.0001,0.0001,13821649.0
2024-08-24 08:00:00+00:00,0.0001,0.0001,0.0001,0.0001,16383685.0
2024-08-24 12:00:00+00:00,0.0001,0.0002,0.0001,0.0001,16762683.0
2024-08-24 16:00:00+00:00,0.0002,0.0002,0.0001,0.0002,1238166.0
2024-08-24 20:00:00+00:00,0.0002,0.0002,0.0002,0.0002,1059251.0
2024-08-25 00:00:00+00:00,0.0002,0.0002,0.0002,0.0002,1284145.0
2024-08-25 04:00:00+00:00,0.0002,0.0002,0.0002,0.0002,2301715.0
2024-08-25 08:00:00+00:00,0.0002,0.0002,0.0002,0.0002,397582.0
2024-08-25 12:00:00+00:00,0.0002,0.0003,0.0002,0.0003,3094341.0
2024-08-25 16:00:00+00:00,0.0003,0.0003,0.0003,0.0003,772421.0
2024-08-25 20:00:00+00:00,0.0003,0.0003,0.0003,0.0003,628197.0
2024-08-26 00:00:00+00:00,0.0003,0.0004,0.0003,0.0004,2683878.0
2024-08-26 04:00:00+00:00,0.0004,0.0004,0.0003,0.0003,1671383.0
2024-08-26 08:00:00+00:00,0.0003,0.0003,0.0003,0.0003,2570313.0
2024-08-26 12:00:00+00:00,0.0003,0.0003,0.0003,0.0003,2186744.0
2024-08-26 16:00:00+00:00,0.0003,0.0003,0.0002,0.0002,5265876.0
2024-08-26 20:00:00+00:00,0.0002,0.0002,0.0002,0.0002,2551952.0
2024-08-27 00:00:00+00:00,0.0002,0.0002,0.0002,0.0002,1379606.0
2024-08-27 04:00:00+00:00,0.0002,0.0002,0.0002,0.0002,1299925.0
2024-08-27 08:00:00+00:00,0.0002,0.0002,0.0002,0.0002,2085977.0
2024-08-27 12:00:00+00:00,0.0002,0.0002,0.0002,0.0002,773853.0
2024-08-27 16:00:00+00:00,0.0002,0.0002,0.0002,0.0002,989841.0
2024-08-27 20:00:00+00:00,0.0002,0.0002,0.0002,0.0002,1192153.0
2024-08-28 00:00:00+00:00,0.0002,0.0002,0.0002,0.0002,439349.0
2024-08-28 04:00:00+00:00,0.0002,0.0002,0.0002,0.0002,1147869.0
2024-08-28 08:00:00+00:00,0.0002,0.0002,0.0002,0.0002,440401.0
2024-08-28 12:00:00+00:00,0.0002,0.0002,0.0002,0.0002,1137967.0
2024-08-28 16:00:00+00:00,0.0002,0.0003,0.0002,0.0003,2661810.0
2024-08-28 20:00:00+00:00,0.0003,0.0003,0.0003,0.0003,964738.0
2024-08-29 00:00:00+00:00,0.0003,0.0003,0.0003,0.0003,3086007.0
2024-08-29 04:00:00+00:00,0.0003,0.0004,0.0003,0.0004,627147.0
2024-08-29 08:00:00+00:00,0.0004,0.0004,0.0004,0.0004,2778221.0
2024-08-29 12:00:00+00:00,0.0004,0.0004,0.0004,0.0004,1520273.0
2024-08-29 16:00:00+00:00,0.0004,0.0004,0.0003,0.0003,670088.0
2024-08-29 20:00:00+00:00,0.0003,0.0004,0.0003,0.0004,4587941.0
2024-08-30 00:00:00+00:00,0.0004,0.0004,0.0003,0.0003,1249592.0
2024-08-30 04:00:00+00:00,0.0003,0.0003,0.0003,0.0003,796317.0
2024-08-30 08:00:00+00:00,0.0003,0.0003,0.0003,0.0003,626842.0
2024-08-30 12:00:00+00:00,0.0003,0.0004,0.0003,0.0004,1397568.0
2024-08-30 16:00:00+00:00,0.0004,0.0004,0.0004,0.0004,949895.0
2024-08-30 20:00:00+00:00,0.0004,0.0004,0.0004,0.0004,1199813.0
2024-08-31 00:00:00+00:00,0.0004,0.0005,0.0004,0.0005,1524005.0
2024-08-31 04:00:00+00:00,0.0005,0.0005,0.0005,0.0005,1524793.0
2024-08-31 08:00:00+00:00,0.0005,0.0008,0.0005,0.0008,1790432.0
2024-08-31 12:00:00+00:00,0.0008,0.0008,0.0008,0.0008,477721.0
2024-08-31 16:00:00+00:00,0.0008,0.0008,0.0006,0.0006,1661036.0
2024-08-31 20:00:00+00:00,0.0006,0.0007,0.0006,0.0007,410668.0
2024-09-01 00:00:00+00:00,0.0007,0.0007,0.0007,0.0007,1401110.0
2024-09-01 04:00:00+00:00,0.0007,0.0009,0.0007,0.0009,969998.0
2024-09-01 08:00:00+00:00,0.0009,0.0009,0.0009,0.0009,1416394.0
2024-09-01 12:00:00+00:00,0.0009,0.0009,0.0009,0.0009,2044743.0
2024-09-01 16:00:00+00:00,0.0009,0.0009,0.0008,0.0008,962519.0
2024-09-01 20:00:00+00:00,0.0008,0.0008,0.0007,0.0007,1856003.0
2024-09-02 00:00:00+00:00,0.0007,0.0007,0.0006,0.0006,1111513.0
2024-09-02 04:00:00+00:00,0.0006,0.0006,0.0006,0.0006,3024961.0
2024-09-02 08:00:00+00:00,0.0006,0.0006,0.0006,0.0006,1055650.0
2024-09-02 12:00:00+00:00,0.0006,0.0008,0.0006,0.0008,1151971.0
2024-09-02 16:00:00+00:00,0.0008,0.0008,0.0008,0.0008,1663602.0
2024-09-02 20:00:00+00:00,0.0008,0.0009,0.0007,0.0007,1235211.0
2024-09-03 00:00:00+00:00,0.0007,0.0008,0.0006,0.0007,789385.0
2024-09-03 04:00:00+00:00,0.0007,0.0009,0.0007,0.0009,1213265.0
2024-09-03 08:00:00+00:00,0.0009,0.0009,0.0008,0.0008,1244128.0
2024-09-03 12:00:00+00:00,0.0008,0.0008,0.0008,0.0008,2070011.0
2024-09-03 16:00:00+00:00,0.0008,0.0008,0.0008,0.0008,383555.0
2024-09-03 20:00:00+00:00,0.0008,0.0008,0.0007,0.0007,1360252.0
2024-09-04 00:00:00+00:00,0.0007,0.0008,0.0007,0.0008,1768568.0
2024-09-04 04:00:00+00:00,0.0008,0.0008,0.0007,0.0007,1159018.0
2024-09-04 08:00:00+00:00,0.0007,0.0008,0.0007,0.0008,2290980.0
2024-09-04 12:00:00+00:00,0.0008,0.0008,0.0007,0.0007,1346093.0
2024-09-04 16:00:00+00:00,0.0007,0.0007,0.0006,0.0006,1089242.0
2024-09-04 20:00:00+00:00,0.0006,0.0007,0.0006,0.0007,1784966.0
2024-09-05 00:00:00+00:00,0.0007,0.0007,0.0007,0.0007,1224736.0
2024-09-05 04:00:00+00:00,0.0007,0.0009,0.0007,0.0008,1463962.0
2024-09-05 08:00:00+00:00,0.0008,0.0009,0.0008,0.0008,1524074.0
2024-09-05 12:00:00+00:00,0.0008,0.0008,0.0008,0.0008,796351.0
2024-09-05 16:00:00+00:00,0.0008,0.0009,0.0008,0.0009,1047691.0
2024-09-05 20:00:00+00:00,0.0009,0.0009,0.0007,0.0007,1256205.0
2024-09-06 00:00:00+00:00,0.0007,0.0007,0.0005,0.0005,3520619.0
2024-09-06 04:00:00+00:00,0.0005,0.0006,0.0004,0.0004,336428.0
2024-09-06 08:00:00+00:00,0.0004,0.0005,0.0004,0.0005,1914373.0
2024-09-06 12:00:00+00:00,0.0005,0.0005,0.0005,0.0005,1267177.0
2024-09-06 16:00:00+00:00,0.0005,0.0006,0.0005,0.0006,929466.0
2024-09-06 20:00:00+00:00,0.0006,0.0006,0.0006,0.0006,1460699.0
2024-09-07 00:00:00+00:00,0.0006,0.0006,0.0006,0.0006,1377482.0
2024-09-07 04:00:00+00:00,0.0006,0.0007,0.0006,0.0007,2278629.0
2024-09-07 08:00:00+00:00,0.0007,0.001,0.0007,0.001,506067.0
2024-09-07 12:00:00+00:00,0.001,0.0013,0.001,0.0013,3823043.0
2024-09-07 16:00:00+00:00,0.0013,0.0015,0.0013,0.0015,1069623.0
2024-09-07 20:00:00+00:00,0.0015,0.0017,0.0015,0.0017,2063457.0
2024-09-08 00:00:00+00:00,0.0017,0.0019,0.0017,0.0019,1839251.0
2024-09-08 04:00:00+00:00,0.0019,0.0021,0.0019,0.0021,873098.0
2024-09-08 08:00:00+00:00,0.0021,0.0021,0.0019,0.0019,1731898.0
2024-09-08 12:00:00+00:00,0.0019,0.002,0.0017,0.0017,1125637.0
2024-09-08 16:00:00+00:00,0.0017,0.0017,0.0017,0.0017,355622.0
2024-09-08 20:00:00+00:00,0.0017,0.0017,0.0017,0.0017,1921995.0
2024-09-09 00:00:00+00:00,0.0017,0.0017,0.0015,0.0015,812834.0
2024-09-09 04:00:00+00:00,0.0015,0.0018,0.0015,0.0017,858986.0
2024-09-09 08:00:00+00:00,0.0017,0.002,0.0017,0.002,1171784.0
2024-09-09 12:00:00+00:00,0.002,0.002,0.002,0.002,1195503.0
2024-09-09 16:00:00+00:00,0.002,0.0024,0.002,0.0024,1616876.0
2024-09-09 20:00:00+00:00,0.0024,0.0024,0.002,0.002,1986145.0
2024-09-10 00:00:00+00:00,0.002,0.002,0.0019,0.002,554535.0
2024-09-10 04:00:00+00:00,0.002,0.002,0.0017,0.0017,909848.0
2024-09-10 08:00:00+00:00,0.0017,0.0018,0.0013,0.0013,1732652.0
2024-09-10 12:00:00+00:00,0.0013,0.0013,0.0012,0.0012,2669077.0
2024-09-10 16:00:00+00:00,0.0012,0.0013,0.0012,0.0012,992256.0
2024-09-10 20:00:00+00:00,0.0012,0.0015,0.0012,0.0015,2883422.0
2024-09-11 00:00:00+00:00,0.0015,0.0017,0.0015,0.0016,1312941.0
2024-09-11 04:00:00+00:00,0.0016,0.0016,0.0014,0.0014,1143892.0
2024-09-11 08:00:00+00:00,0.0014,0.0018,0.0014,0.0018,1625070.0
2024-09-11 12:00:00+00:00,0.0018,0.0021,0.0018,0.0021,1428123.0
2024-09-11 16:00:00+00:00,0.0021,0.0024,0.0021,0.0023,1712188.0
2024-09-11 20:00:00+00:00,0.0023,0.0023,0.0022,0.0022,2182646.0
2024-09-12 00:00:00+00:00,0.0022,0.0022,0.0019,0.0019,1708771.0
2024-09-12 04:00:00+00:00,0.0019,0.002,0.0018,0.0018,2105887.0
2024-09-12 08:00:00+00:00,0.0018,0.0021,0.0018,0.0021,922395.0
2024-09-12 12:00:00+00:00,0.0021,0.0028,0.0021,0.0027,1505552.0
2024-09-12 16:00:00+00:00,0.0027,0.0035,0.0027,0.0033,1182671.0
2024-09-12 20:00:00+00:00,0.0033,0.0033,0.0031,0.0031,1422576.0
2024-09-13 00:00:00+00:00,0.0031,0.0031,0.0025,0.0026,1253087.0
2024-09-13 04:00:00+00:00,0.0026,0.0026,0.0026,0.0026,1538018.0
2024-09-13 08:00:00+00:00,0.0026,0.0026,0.0019,0.0019,1123863.0
2024-09-13 12:00:00+00:00,0.0019,0.0021,0.0019,0.002,1174870.0
2024-09-13 16:00:00+00:00,0.002,0.0021,0.002,0.002,1497143.0
2024-09-13 20:00:00+00:00,0.002,0.002,0.0018,0.0019,428931.0
2024-09-14 00:00:00+00:00,0.0019,0.0019,0.0014,0.0014,4948843.0
2024-09-14 04:00:00+00:00,0.0014,0.0015,0.0014,0.0015,1072471.0
2024-09-14 08:00:00+00:00,0.0015,0.0016,0.0014,0.0014,448771.0
2024-09-14 12:00:00+00:00,0.0014,0.0015,0.0011,0.0012,1647201.0
2024-09-14 16:00:00+00:00,0.0012,0.0012,0.0007,0.0007,2326653.0
2024-09-14 20:00:00+00:00,0.0007,0.0007,0.0006,0.0007,967506.0
2024-09-15 00:00:00+00:00,0.0007,0.0008,0.0007,0.0008,2938327.0
2024-09-15 04:00:00+00:00,0.0008,0.0011,0.0008,0.001,2545851.0
2024-09-15 08:00:00+00:00,0.001,0.0011,0.001,0.001,1394239.0
2024-09-15 12:00:00+00:00,0.001,0.001,0.0009,0.0009,1586356.0
2024-09-15 16:00:00+00:00,0.0009,0.001,0.0009,0.001,1153498.0
2024-09-15 20:00:00+00:00,0.001,0.001,0.0008,0.0008,3510759.0
2024-09-16 00:00:00+00:00,0.0008,0.0009,0.0008,0.0009,544166.0
2024-09-16 04:00:00+00:00,0.0009,0.0009,0.0008,0.0009,1446532.0
2024-09-16 08:00:00+00:00,0.0009,0.0011,0.0009,0.0011,1607747.0
2024-09-16 12:00:00+00:00,0.0011,0.0011,0.0011,0.0011,1563212.0
2024-09-16 16:00:00+00:00,0.0011,0.0011,0.0011,0.0011,712739.0
2024-09-16 20:00:00+00:00,0.0011,0.0011,0.0009,0.0009,581080.0
2024-09-17 00:00:00+00:00,0.0009,0.0009,0.0008,0.0008,1479687.0
2024-09-17 04:00:00+00:00,0.0008,0.0008,0.0008,0.0008,1263745.0
2024-09-17 08:00:00+00:00,0.0008,0.0008,0.0008,0.0008,2462353.0
2024-09-17 12:00:00+00:00,0.0008,0.001,0.0008,0.001,749687.0
2024-09-17 16:00:00+00:00,0.001,0.001,0.0008,0.0008,2418442.0
2024-09-17 20:00:00+00:00,0.0008,0.001,0.0008,0.001,5472598.0
2024-09-18 00:00:00+00:00,0.001,0.001,0.001,0.001,925905.0
2024-09-18 04:00:00+00:00,0.001,0.001,0.001,0.001,527607.0
2024-09-18 08:00:00+00:00,0.001,0.001,0.0009,0.0009,1083202.0
2024-09-18 12:00:00+00:00,0.0009,0.0009,0.0006,0.0006,2102214.0
2024-09-18 16:00:00+00:00,0.0006,0.0007,0.0006,0.0006,1857347.0
2024-09-18 20:00:00+00:00,0.0006,0.0007,0.0006,0.0007,993082.0
2024-09-19 00:00:00+00:00,0.0007,0.0007,0.0007,0.0007,2445020.0
2024-09-19 04:00:00+00:00,0.0007,0.0007,0.0007,0.0007,591755.0
2024-09-19 08:00:00+00:00,0.0007,0.0007,0.0007,0.0007,516734.0
2024-09-19 12:00:00+00:00,0.0007,0.0008,0.0006,0.0006,2957050.0
2024-09-19 16:00:00+00:00,0.0006,0.0006,0.0005,0.0005,396165.0
2024-09-19 20:00:00+00:00,0.0005,0.0006,0.0005,0.0006,1228036.0
2024-09-20 00:00:00+00:00,0.0006,0.0006,0.0005,0.0005,7424507.0
2024-09-20 04:00:00+00:00,0.0005,0.0005,0.0005,0.0005,1127639.0
2024-09-20 08:00:00+00:00,0.0005,0.0005,0.0004,0.0004,918283.0
2024-09-20 12:00:00+00:00,0.0004,0.0004,0.0004,0.0004,1177716.0
2024-09-20 16:00:00+00:00,0.0004,0.0004,0.0004,0.0004,988618.0
2024-09-20 20:00:00+00:00,0.0004,0.0004,0.0003,0.0003,1858552.0
2024-09-21 00:00:00+00:00,0.0003,0.0004,0.0003,0.0004,2124836.0
2024-09-21 04:00:00+00:00,0.0004,0.0004,0.0003,0.0003,790446.0
2024-09-21 08:00:00+00:00,0.0003,0.0003,0.0003,0.0003,3169475.0
2024-09-21 12:00:00+00:00,0.0003,0.0003,0.0003,0.0003,1233920.0
2024-09-21 16:00:00+00:00,0.0003,0.0004,0.0003,0.0004,2183324.0
2024-09-21 20:00:00+00:00,0.0004,0.0004,0.0003,0.0003,1063598.0
2024-09-22 00:00:00+00:00,0.0003,0.0003,0.0003,0.0003,1957102.0
2024-09-22 04:00:00+00:00,0.0003,0.0003,0.0003,0.0003,1048022.0
2024-09-22 08:00:00+00:00,0.0003,0.0004,0.0003,0.0004,1507925.0
2024-09-22 12:00:00+00:00,0.0004,0.0004,0.0004,0.0004,677263.0
2024-09-22 16:00:00+00:00,0.0004,0.0004,0.0003,0.0003,707584.0
2024-09-22 20:00:00+00:00,0.0003,0.0004,0.0003,0.0003,1935827.0
2024-09-23 00:00:00+00:00,0.0003,0.0003,0.0003,0.0003,832160.0
2024-09-23 04:00:00+00:00,0.0003,0.0003,0.0003,0.0003,964877.0
2024-09-23 08:00:00+00:00,0.0003,0.0003,0.0001,0.0001,1678266.0
2024-09-23 12:00:00+00:00,0.0001,0.0002,0.0001,0.0002,1696370.0
2024-09-23 16:00:00+00:00,0.0002,0.0002,0.0002,0.0002,1026724.0
2024-09-23 20:00:00+00:00,0.0002,0.0002,0.0001,0.0001,1946123.0
2024-09-24 00:00:00+00:00,0.0001,0.0001,0.0001,0.0001,1466234.0
2024-09-24 04:00:00+00:00,0.0001,0.0001,0.0001,0.0001,489827.0
2024-09-24 08:00:00+00:00,0.0001,0.0001,0.0001,0.0001,922375.0
2024-09-24 12:00:00+00:00,0.0001,0.0001,0.0001,0.0001,1192575.0
2024-09-24 16:00:00+00:00,0.0001,0.0001,0.0001,0.0001,916051.0
2024-09-24 20:00:00+00:00,0.0001,0.0001,0.0001,0.0001,1838573.0
2024-09-25 00:00:00+00:00,0.0001,0.0001,0.0001,0.0001,2621897.0
2024-09-25 04:00:00+00:00,0.0001,0.0001,0.0001,0.0001,1852040.0
2024-09-25 08:00:00+00:00,0.0001,0.0001,0.0001,0.0001,3382692.0
2024-09-25 12:00:00+00:00,0.0001,0.0001,0.0001,0.0001,1169899.0
2024-09-25 16:00:00+00:00,0.0001,0.0001,0.0001,0.0001,1980056.0
2024-09-25 20:00:00+00:00,0.0001,0.0001,0.0001,0.0001,785891.0
2024-09-26 00:00:00+00:00,0.0001,0.0001,0.0001,0.0001,5878160.0
2024-09-26 04:00:00+00:00,0.0001,0.0001,0.0001,0.0001,3080261.0
2024-09-26 08:00:00+00:00,0.0001,0.0001,0.0001,0.0001,1123274.0
2024-09-26 12:00:00+00:00,0.0001,0.0001,0.0001,0.0001,1376454.0
2024-09-26 16:00:00+00:00,0.0001,0.0001,0.0001,0.0001,3367832.0
2024-09-26 20:00:00+00:00,0.0001,0.0001,0.0001,0.0001,1295020.0
2024-09-27 00:00:00+00:00,0.0001,0.0001,0.0001,0.0001,747999.0
2024-09-27 04:00:00+00:00,0.0001,0.0001,0.0001,0.0001,1678653.0
2024-09-27 08:00:00+00:00,0.0001,0.0001,0.0001,0.0001,2523123.0
2024-09-27 12:00:00+00:00,0.0001,0.0001,0.0001,0.0001,1238647.0
2024-09-27 16:00:00+00:00,0.0001,0.0001,0.0001,0.0001,884643.0
2024-09-27 20:00:00+00:00,0.0001,0.0001,0.0001,0.0001,506791.0
2024-09-28 00:00:00+00:00,0.0001,0.0001,0.0001,0.0001,1701816.0
2024-09-28 04:00:00+00:00,0.0001,0.0001,0.0001,0.0001,1645042.0
2024-09-28 08:00:00+00:00,0.0001,0.0001,0.0001,0.0001,1471947.0
2024-09-28 12:00:00+00:00,0.0001,0.0001,0.0001,0.0001,2889010.0
2024-09-28 16:00:00+00:00,0.0001,0.0001,0.0001,0.0001,918312.0
2024-09-28 20:00:00+00:00,0.0001,0.0001,0.0001,0.0001,1084620.0
2024-09-29 00:00:00+00:00,0.0001,0.0002,0.0001,0.0002,1431790.0
2024-09-29 04:00:00+00:00,0.0002,0.0002,0.0002,0.0002,1157881.0
2024-09-29 08:00:00+00:00,0.0002,0.0002,0.0002,0.0002,2308635.0
2024-09-29 12:00:00+00:00,0.0002,0.0002,0.0002,0.0002,695665.0
2024-09-29 16:00:00+00:00,0.0002,0.0002,0.0002,0.0002,2722570.0
2024-09-29 20:00:00+00:00,0.0002,0.0002,0.0002,0.0002,3241244.0
2024-09-30 00:00:00+00:00,0.0002,0.0002,0.0002,0.0002,1359942.0
2024-09-30 04:00:00+00:00,0.0002,0.0002,0.0002,0.0002,2420260.0
2024-09-30 08:00:00+00:00,0.0002,0.0002,0.0002,0.0002,859290.0
2024-09-30 12:00:00+00:00,0.0002,0.0002,0.0002,0.0002,1980521.0
2024-09-30 16:00:00+00:00,0.0002,0.0002,0.0002,0.0002,2005517.0
2024-09-30 20:00:00+00:00,0.0002,0.0002,0.0002,0.0002,2211674.0
2024-10-01 00:00:00+00:00,0.0002,0.0002,0.0002,0.0002,1174917.0
2024-10-01 04:00:00+00:00,0.0002,0.0002,0.0002,0.0002,438672.0
2024-10-01 08:00:00+00:00,0.0002,0.0002,0.0002,0.0002,1078905.0
2024-10-01 12:00:00+00:00,0.0002,0.0002,0.0002,0.0002,734308.0
2024-10-01 16:00:00+00:00,0.0002,0.0002,0.0002,0.0002,992500.0
2024-10-01 20:00:00+00:00,0.0002,0.0002,0.0002,0.0002,1108459.0
2024-10-02 00:00:00+00:00,0.0002,0.0002,0.0002,0.0002,969268.0
2024-10-02 04:00:00+00:00,0.0002,0.0002,0.0002,0.0002,983317.0
2024-10-02 08:00:00+00:00,0.0002,0.0002,0.0002,0.0002,698303.0
2024-10-02 12:00:00+00:00,0.0002,0.0002,0.0002,0.0002,763118.0
2024-10-02 16:00:00+00:00,0.0002,0.0002,0.0002,0.0002,2516545.0
2024-10-02 20:00:00+00:00,0.0002,0.0003,0.0002,0.0003,1097303.0
2024-10-03 00:00:00+00:00,0.0003,0.0004,0.0003,0.0004,1668171.0
2024-10-03 04:00:00+00:00,0.0004,0.0004,0.0004,0.0004,997615.0
2024-10-03 08:00:00+00:00,0.0004,0.0004,0.0004,0.0004,1349698.0
2024-10-03 12:00:00+00:00,0.0004,0.0004,0.0004,0.0004,1356867.0
2024-10-03 16:00:00+00:00,0.0004,0.0004,0.0004,0.0004,254496.0
2024-10-03 20:00:00+00:00,0.0004,0.0004,0.0004,0.0004,1908143.0
2024-10-04 00:00:00+00:00,0.0004,0.0004,0.0004,0.0004,2338569.0
2024-10-04 04:00:00+00:00,0.0004,0.0004,0.0004,0.0004,631929.0
2024-10-04 08:00:00+00:00,0.0004,0.0005,0.0004,0.0005,974497.0
2024-10-04 12:00:00+00:00,0.0005,0.0005,0.0004,0.0004,1166023.0
2024-10-04 16:00:00+00:00,0.0004,0.0005,0.0004,0.0005,1031587.0
2024-10-04 20:00:00+00:00,0.0005,0.0006,0.0005,0.0006,1773022.0
2024-10-05 00:00:00+00:00,0.0006,0.0006,0.0006,0.0006,400750.0
2024-10-05 04:00:00+00:00,0.0006,0.0006,0.0004,0.0004,1120306.0
2024-10-05 08:00:00+00:00,0.0004,0.0004,0.0003,0.0003,2765519.0
2024-10-05 12:00:00+00:00,0.0003,0.0004,0.0003,0.0004,990945.0
2024-10-05 16:00:00+00:00,0.0004,0.0004,0.0004,0.0004,1895127.0
2024-10-05 20:00:00+00:00,0.0004,0.0004,0.0003,0.0004,1733571.0
2024-10-06 00:00:00+00:00,0.0004,0.0004,0.0003,0.0003,499607.0
2024-10-06 04:00:00+00:00,0.0003,0.0004,0.0003,0.0004,1883516.0
2024-10-06 08:00:00+00:00,0.0004,0.0004,0.0004,0.0004,1167917.0
2024-10-06 12:00:00+00:00,0.0004,0.0004,0.0004,0.0004,887777.0
2024-10-06 16:00:00+00:00,0.0004,0.0004,0.0004,0.0004,1325093.0
2024-10-06 20:00:00+00:00,0.0004,0.0004,0.0003,0.0003,1500523.0
2024-10-07 00:00:00+00:00,0.0003,0.0003,0.0003,0.0003,2025983.0
2024-10-07 04:00:00+00:00,0.0003,0.0004,0.0003,0.0004,3099738.0
2024-10-07 08:00:00+00:00,0.0004,0.0004,0.0003,0.0003,1412970.0
2024-10-07 12:00:00+00:00,0.0003,0.0004,0.0003,0.0004,774451.0
2024-10-07 16:00:00+00:00,0.0004,0.0005,0.0004,0.0005,1323840.0
2024-10-07 20:00:00+00:00,0.0005,0.0006,0.0005,0.0006,6282441.0
2024-10-08 00:00:00+00:00,0.0006,0.0006,0.0005,0.0005,1725470.0
2024-10-08 04:00:00+00:00,0.0005,0.0006,0.0005,0.0006,3841188.0
2024-10-08 08:00:00+00:00,0.0006,0.0006,0.0005,0.0006,2044639.0
2024-10-08 12:00:00+00:00,0.0006,0.0006,0.0005,0.0005,1589162.0
2024-10-08 16:00:00+00:00,0.0005,0.0005,0.0005,0.0005,1324632.0
2024-10-08 20:00:00+00:00,0.0005,0.0005,0.0004,0.0004,1509284.0
2024-10-09 00:00:00+00:00,0.0004,0.0005,0.0004,0.0005,640840.0
2024-10-09 04:00:00+00:00,0.0005,0.0005,0.0004,0.0004,1226532.0
2024-10-09 08:00:00+00:00,0.0004,0.0005,0.0004,0.0005,1986036.0
2024-10-09 12:00:00+00:00,0.0005,0.0005,0.0005,0.0005,830747.0
2024-10-09 16:00:00+00:00,0.0005,0.0005,0.0005,0.0005,1379517.0
2024-10-09 20:00:00+00:00,0.0005,0.0005,0.0005,0.0005,1925561.0
2024-10-10 00:00:00+00:00,0.0005,0.0005,0.0005,0.0005,774004.0
2024-10-10 04:00:00+00:00,0.0005,0.0005,0.0005,0.0005,1106102.0
2024-10-10 08:00:00+00:00,0.0005,0.0005,0.0004,0.0004,968767.0
2024-10-10 12:00:00+00:00,0.0004,0.0004,0.0004,0.0004,696772.0
2024-10-10 16:00:00+00:00,0.0004,0.0005,0.0004,0.0005,978160.0
2024-10-10 20:00:00+00:00,0.0005,0.0005,0.0005,0.0005,928058.0
2024-10-11 00:00:00+00:00,0.0005,0.0005,0.0004,0.0004,2664953.0
2024-10-11 04:00:00+00:00,0.0004,0.0004,0.0004,0.0004,775555.0
2024-10-11 08:00:00+00:00,0.0004,0.0005,0.0004,0.0005,1145589.0
2024-10-11 12:00:00+00:00,0.0005,0.0005,0.0005,0.0005,896243.0
2024-10-11 16:00:00+00:00,0.0005,0.0005,0.0005,0.0005,2190396.0
2024-10-11 20:00:00+00:00,0.0005,0.0006,0.0005,0.0006,2466497.0
2024-10-12 00:00:00+00:00,0.0006,0.0007,0.0006,0.0007,2301774.0
2024-10-12 04:00:00+00:00,0.0007,0.0007,0.0006,0.0007,1374497.0
2024-10-12 08:00:00+00:00,0.0007,0.0007,0.0007,0.0007,991997.0
2024-10-12 12:00:00+00:00,0.0007,0.0007,0.0007,0.0007,715159.0
2024-10-12 16:00:00+00:00,0.0007,0.0009,0.0007,0.0009,4889320.0
2024-10-12 20:00:00+00:00,0.0009,0.001,0.0009,0.0009,727994.0
2024-10-13 00:00:00+00:00,0.0009,0.0009,0.0008,0.0008,2009572.0
2024-10-13 04:00:00+00:00,0.0008,0.0009,0.0008,0.0009,2537092.0
2024-10-13 08:00:00+00:00,0.0009,0.0009,0.0009,0.0009,801971.0
2024-10-13 12:00:00+00:00,0.0009,0.0009,0.0006,0.0006,3324591.0
2024-10-13 16:00:00+00:00,0.0006,0.0007,0.0006,0.0007,2017890.0
2024-10-13 20:00:00+00:00,0.0007,0.0007,0.0006,0.0006,2954134.0
2024-10-14 00:00:00+00:00,0.0006,0.0006,0.0006,0.0006,826321.0
2024-10-14 04:00:00+00:00,0.0006,0.0006,0.0006,0.0006,601627.0
2024-10-14 08:00:00+00:00,0.0006,0.0007,0.0006,0.0007,840141.0
2024-10-14 12:00:00+00:00,0.0007,0.0007,0.0007,0.0007,1460108.0
2024-10-14 16:00:00+00:00,0.0007,0.0007,0.0007,0.0007,1235266.0
2024-10-14 20:00:00+00:00,0.0007,0.0007,0.0007,0.0007,1007967.0
2024-10-15 00:00:00+00:00,0.0007,0.0007,0.0007,0.0007,431366.0
2024-10-15 04:00:00+00:00,0.0007,0.0008,0.0007,0.0008,1681208.0
2024-10-15 08:00:00+00:00,0.0008,0.0009,0.0008,0.0009,3413665.0
2024-10-15 12:00:00+00:00,0.0009,0.0009,0.0007,0.0007,1796694.0
2024-10-15 16:00:00+00:00,0.0007,0.0008,0.0007,0.0008,2013978.0
2024-10-15 20:00:00+00:00,0.0008,0.0009,0.0008,0.0008,1657087.0
2024-10-16 00:00:00+00:00,0.0008,0.0009,0.0008,0.0009,1658937.0
2024-10-16 04:00:00+00:00,0.0009,0.0009,0.0009,0.0009,1851354.0
2024-10-16 08:00:00+00:00,0.0009,0.0012,0.0009,0.0012,2222547.0
2024-10-16 12:00:00+00:00,0.0012,0.0012,0.0011,0.0011,944061.0
2024-10-16 16:00:00+00:00,0.0011,0.0011,0.0011,0.0011,779407.0
2024-10-16 20:00:00+00:00,0.0011,0.0011,0.0011,0.0011,893471.0
2024-10-17 00:00:00+00:00,0.0011,0.0011,0.001,0.001,1331142.0
2024-10-17 04:00:00+00:00,0.001,0.0012,0.001,0.0011,1158513.0
2024-10-17 08:00:00+00:00,0.0011,0.0012,0.0008,0.0009,2024921.0
2024-10-17 12:00:00+00:00,0.0009,0.0009,0.0007,0.0007,1839928.0
2024-10-17 16:00:00+00:00,0.0007,0.0007,0.0006,0.0006,2250192.0
2024-10-17 20:00:00+00:00,0.0006,0.0007,0.0006,0.0007,2705582.0
2024-10-18 00:00:00+00:00,0.0007,0.0009,0.0007,0.0009,1837072.0
2024-10-18 04:00:00+00:00,0.0009,0.0009,0.0008,0.0009,546001.0
2024-10-18 08:00:00+00:00,0.0009,0.0009,0.0008,0.0008,907566.0
2024-10-18 12:00:00+00:00,0.0008,0.0008,0.0008,0.0008,1051377.0
2024-10-18 16:00:00+00:00,0.0008,0.001,0.0008,0.001,604140.0
2024-10-18 20:00:00+00:00,0.001,0.001,0.0008,0.0008,2843817.0
2024-10-19 00:00:00+00:00,0.0008,0.0009,0.0008,0.0009,1185838.0
2024-10-19 04:00:00+00:00,0.0009,0.001,0.0009,0.001,1737571.0
2024-10-19 08:00:00+00:00,0.001,0.0011,0.001,0.0011,2419903.0
2024-10-19 12:00:00+00:00,0.0011,0.0011,0.0011,0.0011,789864.0
2024-10-19 16:00:00+00:00,0.0011,0.0013,0.0011,0.0013,1928789.0
2024-10-19 20:00:00+00:00,0.0013,0.0013,0.0008,0.0008,2100759.0
2024-10-20 00:00:00+00:00,0.0008,0.0008,0.0008,0.0008,1187601.0
2024-10-20 04:00:00+00:00,0.0008,0.0008,0.0007,0.0008,881776.0
2024-10-20 08:00:00+00:00,0.0008,0.0008,0.0005,0.0005,4201097.0
2024-10-20 12:00:00+00:00,0.0005,0.0006,0.0005,0.0006,1017003.0
2024-10-20 16:00:00+00:00,0.0006,0.0007,0.0006,0.0007,2291363.0
2024-10-20 20:00:00+00:00,0.0007,0.0007,0.0007,0.0007,417017.0
2024-10-21 00:00:00+00:00,0.0007,0.0008,0.0007,0.0008,2570238.0
2024-10-21 04:00:00+00:00,0.0008,0.001,0.0008,0.001,2914911.0
2024-10-21 08:00:00+00:00,0.001,0.0012,0.001,0.0012,1667887.0
2024-10-21 12:00:00+00:00,0.0012,0.0015,0.0012,0.0015,1548724.0
2024-10-21 16:00:00+00:00,0.0015,0.0016,0.0014,0.0016,1625389.0
2024-10-21 20:00:00+00:00,0.0016,0.0016,0.0016,0.0016,3236971.0
2024-10-22 00:00:00+00:00,0.0016,0.0017,0.0012,0.0012,711060.0
2024-10-22 04:00:00+00:00,0.0012,0.0012,0.0012,0.0012,1647102.0
2024-10-22 08:00:00+00:00,0.0012,0.0012,0.001,0.001,876624.0
2024-10-22 12:00:00+00:00,0.001,0.0014,0.001,0.0014,1953952.0
2024-10-22 16:00:00+00:00,0.0014,0.0014,0.0013,0.0013,956415.0
2024-10-22 20:00:00+00:00,0.0013,0.0014,0.0013,0.0014,849138.0
2024-10-23 00:00:00+00:00,0.0014,0.0015,0.0013,0.0015,1236842.0
2024-10-23 04:00:00+00:00,0.0015,0.0015,0.0015,0.0015,576252.0
2024-10-23 08:00:00+00:00,0.0015,0.0019,0.0014,0.0019,2926160.0
2024-10-23 12:00:00+00:00,0.0019,0.002,0.0016,0.0017,523534.0
2024-10-23 16:00:00+00:00,0.0017,0.0018,0.0017,0.0017,1419554.0
2024-10-23 20:00:00+00:00,0.0017,0.0017,0.0015,0.0015,1136413.0
2024-10-24 00:00:00+00:00,0.0015,0.0016,0.0012,0.0012,889797.0
2024-10-24 04:00:00+00:00,0.0012,0.0012,0.0011,0.0011,1415490.0
2024-10-24 08:00:00+00:00,0.0011,0.0011,0.0011,0.0011,468607.0
2024-10-24 12:00:00+00:00,0.0011,0.0011,0.001,0.001,1218911.0
2024-10-24 16:00:00+00:00,0.001,0.001,0.0009,0.0009,645948.0
2024-10-24 20:00:00+00:00,0.0009,0.0009,0.0007,0.0007,2061717.0
2024-10-25 00:00:00+00:00,0.0007,0.0007,0.0007,0.0007,656165.0
2024-10-25 04:00:00+00:00,0.0007,0.0007,0.0004,0.0004,10873463.0
2024-10-25 08:00:00+00:00,0.0006,0.0006,0.0005,0.0005,12591196.0
2024-10-25 12:00:00+00:00,0.0006,0.0006,0.0005,0.0005,5702840.0
2024-10-25 16:00:00+00:00,0.0006,0.0006,0.0004,0.0004,13059474.0
2024-10-25 20:00:00+00:00,0.0005,0.0005,0.0004,0.0004,4360297.0
2024-10-26 00:00:00+00:00,0.0005,0.0005,0.0004,0.0004,14963170.0
2024-10-26 04:00:00+00:00,0.0004,0.0004,0.0004,0.0004,2752493.0
2024-10-26 08:00:00+00:00,0.0004,0.0005,0.0004,0.0005,6456608.0
2024-10-26 12:00:00+00:00,0.0005,0.0005,0.0004,0.0004,1934922.0
2024-10-26 16:00:00+00:00,0.0004,0.0004,0.0004,0.0004,1552495.0
2024-10-26 20:00:00+00:00,0.0004,0.0004,0.0004,0.0004,441978.0
2024-10-27 00:00:00+00:00,0.0004,0.0004,0.0004,0.0004,2746409.0
2024-10-27 04:00:00+00:00,0.0004,0.0004,0.0004,0.0004,1608074.0
2024-10-27 08:00:00+00:00,0.0004,0.0004,0.0004,0.0004,1054816.0
2024-10-27 12:00:00+00:00,0.0004,0.0004,0.0003,0.0003,2132569.0
2024-10-27 16:00:00+00:00,0.0003,0.0004,0.0003,0.0003,1200610.0
2024-10-27 20:00:00+00:00,0.0003,0.0004,0.0003,0.0004,1176148.0
2024-10-28 00:00:00+00:00,0.0004,0.0004,0.0004,0.0004,1273576.0
2024-10-28 04:00:00+00:00,0.0004,0.0005,0.0004,0.0005,1079217.0
2024-10-28 08:00:00+00:00,0.0005,0.0005,0.0004,0.0005,1721354.0
2024-10-28 12:00:00+00:00,0.0005,0.0005,0.0004,0.0004,779329.0
2024-10-28 16:00:00+00:00,0.0004,0.0004,0.0003,0.0003,997809.0
2024-10-28 20:00:00+00:00,0.0003,0.0003,0.0002,0.0002,1153028.0
2024-10-29 00:00:00+00:00,0.0002,0.0002,0.0002,0.0002,2512433.0
2024-10-29 04:00:00+00:00,0.0002,0.0002,0.0002,0.0002,818701.0
2024-10-29 08:00:00+00:00,0.0002,0.0002,0.0002,0.0002,623382.0
2024-10-29 12:00:00+00:00,0.0002,0.0002,0.0001,0.0001,1268662.0
2024-10-29 16:00:00+00:00,0.0001,0.0002,0.0001,0.0002,1374679.0
2024-10-29 20:00:00+00:00,0.0002,0.0002,0.0002,0.0002,677778.0
2024-10-30 00:00:00+00:00,0.0002,0.0002,0.0002,0.0002,596024.0
2024-10-30 04:00:00+00:00,0.0002,0.0002,0.0002,0.0002,4934705.0
2024-10-30 08:00:00+00:00,0.0002,0.0002,0.0002,0.0002,908873.0
2024-10-30 12:00:00+00:00,0.0002,0.0002,0.0002,0.0002,958799.0
2024-10-30 16:00:00+00:00,0.0002,0.0002,0.0002,0.0002,1171058.0
2024-10-30 20:00:00+00:00,0.0002,0.0002,0.0001,0.0001,1599326.0
2024-10-31 00:00:00+00:00,0.0001,0.0001,0.0001,0.0001,1814182.0
2024-10-31 04:00:00+00:00,0.0001,0.0001,0.0001,0.0001,1768963.0
2024-10-31 08:00:00+00:00,0.0001,0.0001,0.0001,0.0001,1244613.0
2024-10-31 12:00:00+00:00,0.0001,0.0001,0.0001,0.0001,574021.0
2024-10-31 16:00:00+00:00,0.0001,0.0001,0.0001,0.0001,1944895.0
2024-10-31 20:00:00+00:00,0.0001,0.0001,0.0001,0.0001,1054584.0
2024-11-01 00:00:00+00:00,0.0001,0.0001,0.0001,0.0001,3082319.0
2024-11-01 04:00:00+00:00,0.0001,0.0001,0.0001,0.0001,348074.0
2024-11-01 08:00:00+00:00,0.0001,0.0001,0.0001,0.0001,1314931.0
2024-11-01 12:00:00+00:00,0.0001,0.0001,0.0001,0.0001,3906391.0
2024-11-01 16:00:00+00:00,0.0001,0.0001,0.0001,0.0001,1365114.0
2024-11-01 20:00:00+00:00,0.0001,0.0001,0.0001,0.0001,938421.0
2024-11-02 00:00:00+00:00,0.0001,0.0001,0.0001,0.0001,1162016.0
2024-11-02 04:00:00+00:00,0.0001,0.0001,0.0001,0.0001,987701.0
2024-11-02 08:00:00+00:00,0.0001,0.0001,0.0001,0.0001,940203.0
2024-11-02 12:00:00+00:00,0.0001,0.0001,0.0001,0.0001,1201823.0
2024-11-02 16:00:00+00:00,0.0001,0.0001,0.0001,0.0001,820832.0
2024-11-02 20:00:00+00:00,0.0001,0.0001,0.0001,0.0001,2368902.0
2024-11-03 00:00:00+00:00,0.0001,0.0001,0.0001,0.0001,1456810.0
2024-11-03 04:00:00+00:00,0.0001,0.0001,0.0001,0.0001,1723430.0
2024-11-03 08:00:00+00:00,0.0001,0.0001,0.0001,0.0001,1562861.0
2024-11-03 12:00:00+00:00,0.0001,0.0001,0.0001,0.0001,894153.0
2024-11-03 16:00:00+00:00,0.0001,0.0001,0.0001,0.0001,745263.0
2024-11-03 20:00:00+00:00,0.0001,0.0001,0.0001,0.0001,786292.0
2024-11-04 00:00:00+00:00,0.0001,0.0001,0.0001,0.0001,1844161.0
2024-11-04 04:00:00+00:00,0.0001,0.0001,0.0001,0.0001,737416.0
2024-11-04 08:00:00+00:00,0.0001,0.0001,0.0001,0.0001,807086.0
2024-11-04 12:00:00+00:00,0.0001,0.0001,0.0001,0.0001,823593.0
2024-11-04 16:00:00+00:00,0.0001,0.0001,0.0,0.0,4233367.0
2024-11-04 20:00:00+00:00,0.0,0.0001,0.0,0.0001,390881.0
2024-11-05 00:00:00+00:00,0.0001,0.0001,0.0001,0.0001,1274971.0
2024-11-05 04:00:00+00:00,0.0001,0.0001,0.0,0.0001,3392154.0
2024-11-05 08:00:00+00:00,0.0001,0.0001,0.0001,0.0001,1262016.0
2024-11-05 12:00:00+00:00,0.0001,0.0001,0.0001,0.0001,1888189.0
2024-11-05 16:00:00+00:00,0.0001,0.0001,0.0001,0.0001,1886107.0
2024-11-05 20:00:00+00:00,0.0001,0.0001,0.0001,0.0001,1104270.0
2024-11-06 00:00:00+00:00,0.0001,0.0001,0.0001,0.0001,459359.0
2024-11-06 04:00:00+00:00,0.0001,0.0001,0.0001,0.0001,1602409.0
2024-11-06 08:00:00+00:00,0.0001,0.0001,0.0001,0.0001,886153.0
2024-11-06 12:00:00+00:00,0.0001,0.0001,0.0001,0.0001,1087442.0
2024-11-06 16:00:00+00:00,0.0001,0.0001,0.0001,0.0001,869945.0
2024-11-06 20:00:00+00:00,0.0001,0.0001,0.0001,0.0001,2694414.0
2024-11-07 00:00:00+00:00,0.0001,0.0001,0.0001,0.0001,3705722.0
2024-11-07 04:00:00+00:00,0.0001,0.0001,0.0001,0.0001,1186076.0
2024-11-07 08:00:00+00:00,0.0001,0.0001,0.0001,0.0001,1078413.0
2024-11-07 12:00:00+00:00,0.0001,0.0001,0.0001,0.0001,751467.0
2024-11-07 16:00:00+00:00,0.0001,0.0001,0.0001,0.0001,2262556.0
2024-11-07 20:00:00+00:00,0.0001,0.0001,0.0001,0.0001,3862639.0
2024-11-08 00:00:00+00:00,0.0001,0.0001,0.0001,0.0001,1547329.0
2024-11-08 04:00:00+00:00,0.0001,0.0001,0.0001,0.0001,444959.0
2024-11-08 08:00:00+00:00,0.0001,0.0001,0.0001,0.0001,2103111.0
2024-11-08 12:00:00+00:00,0.0001,0.0001,0.0001,0.0001,2444307.0
2024-11-08 16:00:00+00:00,0.0001,0.0001,0.0001,0.0001,537230.0
2024-11-08 20:00:00+00:00,0.0001,0.0001,0.0001,0.0001,1638103.0
2024-11-09 00:00:00+00:00,0.0001,0.0001,0.0001,0.0001,1376827.0
2024-11-09 04:00:00+00:00,0.0001,0.0001,0.0001,0.0001,1099559.0
2024-11-09 08:00:00+00:00,0.0001,0.0001,0.0001,0.0001,908525.0
2024-11-09 12:00:00+00:00,0.0001,0.0001,0.0001,0.0001,2639224.0
2024-11-09 16:00:00+00:00,0.0001,0.0001,0.0001,0.0001,1329531.0
2024-11-09 20:00:00+00:00,0.0001,0.0001,0.0001,0.0001,596865.0
2024-11-10 00:00:00+00:00,0.0001,0.0001,0.0001,0.0001,393077.0
2024-11-10 04:00:00+00:00,0.0001,0.0001,0.0001,0.0001,3303173.0
2024-11-10 08:00:00+00:00,0.0001,0.0001,0.0001,0.0001,1855839.0
2024-11-10 12:00:00+00:00,0.0001,0.0001,0.0001,0.0001,1498016.0
2024-11-10 16:00:00+00:00,0.0001,0.0001,0.0001,0.0001,1385390.0
2024-11-10 20:00:00+00:00,0.0001,0.0001,0.0001,0.0001,1194194.0
2024-11-11 00:00:00+00:00,0.0001,0.0001,0.0001,0.0001,739779.0
2024-11-11 04:00:00+00:00,0.0001,0.0001,0.0001,0.0001,815526.0
2024-11-11 08:00:00+00:00,0.0001,0.0001,0.0001,0.0001,389563.0
2024-11-11 12:00:00+00:00,0.0001,0.0001,0.0,0.0,943780.0
2024-11-11 16:00:00+00:00,0.0,0.0001,0.0,0.0001,1019781.0
2024-11-11 20:00:00+00:00,0.0001,0.0001,0.0,0.0,1644920.0
2024-11-12 00:00:00+00:00,0.0,0.0,0.0,0.0,985821.0
2024-11-12 04:00:00+00:00,0.0,0.0001,0.0,0.0001,1849644.0
2024-11-12 08:00:00+00:00,0.0001,0.0001,0.0001,0.0001,1971057.0
2024-11-12 12:00:00+00:00,0.0001,0.0001,0.0,0.0,2023273.0
2024-11-12 16:00:00+00:00,0.0,0.0,0.0,0.0,1325825.0
2024-11-12 20:00:00+00:00,0.0,0.0,0.0,0.0,1044111.0
2024-11-13 00:00:00+00:00,0.0,0.0,0.0,0.0,711922.0
2024-11-13 04:00:00+00:00,0.0,0.0,0.0,0.0,1613549.0
2024-11-13 08:00:00+00:00,0.0,0.0001,0.0,0.0001,3986972.0
2024-11-13 12:00:00+00:00,0.0001,0.0001,0.0001,0.0001,1488659.0
2024-11-13 16:00:00+00:00,0.0001,0.0001,0.0001,0.0001,2948805.0
2024-11-13 20:00:00+00:00,0.0001,0.0001,0.0001,0.0001,613791.0
2024-11-14 00:00:00+00:00,0.0001,0.0001,0.0001,0.0001,644410.0
2024-11-14 04:00:00+00:00,0.0001,0.0001,0.0001,0.0001,2347411.0
2024-11-14 08:00:00+00:00,0.0001,0.0001,0.0001,0.0001,1334439.0
2024-11-14 12:00:00+00:00,0.0001,0.0001,0.0001,0.0001,2016031.0
2024-11-14 16:00:00+00:00,0.0001,0.0001,0.0001,0.0001,1194056.0
2024-11-14 20:00:00+00:00,0.0001,0.0001,0.0001,0.0001,1103778.0
2024-11-15 00:00:00+00:00,0.0001,0.0001,0.0,0.0,1351289.0
2024-11-15 04:00:00+00:00,0.0,0.0,0.0,0.0,712717.0
2024-11-15 08:00:00+00:00,0.0,0.0,0.0,0.0,607456.0
2024-11-15 12:00:00+00:00,0.0,0.0001,0.0,0.0001,2898241.0
2024-11-15 16:00:00+00:00,0.0001,0.0001,0.0001,0.0001,3106676.0
2024-11-15 20:00:00+00:00,0.0001,0.0001,0.0001,0.0001,1548167.0
2024-11-16 00:00:00+00:00,0.0001,0.0001,0.0001,0.0001,520027.0
2024-11-16 04:00:00+00:00,0.0001,0.0001,0.0001,0.0001,1509848.0
2024-11-16 08:00:00+00:00,0.0001,0.0001,0.0001,0.0001,671960.0
2024-11-16 12:00:00+00:00,0.0001,0.0001,0.0,0.0,2431137.0
2024-11-16 16:00:00+00:00,0.0,0.0,0.0,0.0,952082.0
2024-11-16 20:00:00+00:00,0.0,0.0,0.0,0.0,622299.0
2024-11-17 00:00:00+00:00,0.0,0.0,0.0,0.0,1225552.0
2024-11-17 04:00:00+00:00,0.0,0.0,0.0,0.0,1369245.0
2024-11-17 08:00:00+00:00,0.0,0.0,0.0,0.0,2817100.0
2024-11-17 12:00:00+00:00,0.0,0.0,0.0,0.0,1023310.0
2024-11-17 16:00:00+00:00,0.0,0.0,0.0,0.0,552832.0
2024-11-17 20:00:00+00:00,0.0,0.0,0.0,0.0,660674.0
2024-11-18 00:00:00+00:00,0.0,0.0,0.0,0.0,1386877.0
2024-11-18 04:00:00+00:00,0.0,0.0,0.0,0.0,1610700.0
2024-11-18 08:00:00+00:00,0.0,0.0,0.0,0.0,549774.0
2024-11-18 12:00:00+00:00,0.0,0.0,0.0,0.0,2720260.0
2024-11-18 16:00:00+00:00,0.0,0.0,0.0,0.0,2634089.0
2024-11-18 20:00:00+00:00,0.0,0.0,0.0,0.0,1525951.0
2024-11-19 00:00:00+00:00,0.0,0.0,0.0,0.0,2431612.0
2024-11-19 04:00:00+00:00,0.0,0.0,0.0,0.0,1676319.0
2024-11-19 08:00:00+00:00,0.0,0.0,0.0,0.0,690442.0
2024-11-19 12:00:00+00:00,0.0,0.0,0.0,0.0,1300756.0
2024-11-19 16:00:00+00:00,0.0,0.0,0.0,0.0,2514496.0
2024-11-19 20:00:00+00:00,0.0,0.0,0.0,0.0,1365642.0
2024-11-20 00:00:00+00:00,0.0,0.0,0.0,0.0,1324191.0
2024-11-20 04:00:00+00:00,0.0,0.0,0.0,0.0,978844.0
2024-11-20 08:00:00+00:00,0.0,0.0,0.0,0.0,1423167.0
2024-11-20 12:00:00+00:00,0.0,0.0,0.0,0.0,784041.0
2024-11-20 16:00:00+00:00,0.0,0.0,0.0,0.0,1111990.0
2024-11-20 20:00:00+00:00,0.0,0.0,0.0,0.0,2323813.0
2024-11-21 00:00:00+00:00,0.0,0.0,0.0,0.0,825217.0
2024-11-21 04:00:00+00:00,0.0,0.0,0.0,0.0,585613.0
2024-11-21 08:00:00+00:00,0.0,0.0,0.0,0.0,685450.0
2024-11-21 12:00:00+00:00,0.0,0.0,0.0,0.0,1933081.0
2024-11-21 16:00:00+00:00,0.0,0.0,0.0,0.0,1143833.0
2024-11-21 20:00:00+00:00,0.0,0.0,0.0,0.0,1411258.0
2024-11-22 00:00:00+00:00,0.0,0.0,0.0,0.0,788458.0
2024-11-22 04:00:00+00:00,0.0,0.0,0.0,0.0,2270782.0
2024-11-22 08:00:00+00:00,0.0,0.0,0.0,0.0,1029465.0
2024-11-22 12:00:00+00:00,0.0,0.0,0.0,0.0,1632936.0
2024-11-22 16:00:00+00:00,0.0,0.0,0.0,0.0,893661.0
2024-11-22 20:00:00+00:00,0.0,0.0,0.0,0.0,805638.0
2024-11-23 00:00:00+00:00,0.0,0.0,0.0,0.0,1181116.0
2024-11-23 04:00:00+00:00,0.0,0.0,0.0,0.0,1620481.0
2024-11-23 08:00:00+00:00,0.0,0.0,0.0,0.0,2359619.0
2024-11-23 12:00:00+00:00,0.0,0.0,0.0,0.0,1666195.0
2024-11-23 16:00:00+00:00,0.0,0.0,0.0,0.0,174973.0
2024-11-23 20:00:00+00:00,0.0,0.0,0.0,0.0,680352.0
2024-11-24 00:00:00+00:00,0.0,0.0,0.0,0.0,931295.0
2024-11-24 04:00:00+00:00,0.0,0.0,0.0,0.0,2632304.0
2024-11-24 08:00:00+00:00,0.0,0.0,0.0,0.0,755280.0
2024-11-24 12:00:00+00:00,0.0,0.0001,0.0,0.0001,1362183.0
2024-11-24 16:00:00+00:00,0.0001,0.0001,0.0,0.0001,2208753.0
2024-11-24 20:00:00+00:00,0.0001,0.0001,0.0,0.0,561541.0
2024-11-25 00:00:00+00:00,0.0,0.0001,0.0,0.0,1293583.0
2024-11-25 04:00:00+00:00,0.0,0.0,0.0,0.0,724267.0
2024-11-25 08:00:00+00:00,0.0,0.0001,0.0,0.0001,1176182.0
2024-11-25 12:00:00+00:00,0.0001,0.0001,0.0001,0.0001,851629.0
2024-11-25 16:00:00+00:00,0.0001,0.0001,0.0,0.0,1607567.0
2024-11-25 20:00:00+00:00,0.0,0.0,0.0,0.0,5071446.0
2024-11-26 00:00:00+00:00,0.0,0.0,0.0,0.0,1666929.0
2024-11-26 04:00:00+00:00,0.0,0.0,0.0,0.0,1740482.0
2024-11-26 08:00:00+00:00,0.0,0.0,0.0,0.0,1492457.0
2024-11-26 12:00:00+00:00,0.0,0.0,0.0,0.0,676746.0
2024-11-26 16:00:00+00:00,0.0,0.0,0.0,0.0,1743815.0
2024-11-26 20:00:00+00:00,0.0,0.0001,0.0,0.0,2296341.0
2024-11-27 00:00:00+00:00,0.0,0.0,0.0,0.0,775344.0
2024-11-27 04:00:00+00:00,0.0,0.0,0.0,0.0,2321214.0
2024-11-27 08:00:00+00:00,0.0,0.0,0.0,0.0,2298413.0
2024-11-27 12:00:00+00:00,0.0,0.0,0.0,0.0,3224765.0
2024-11-27 16:00:00+00:00,0.0,0.0,0.0,0.0,1130085.0
2024-11-27 20:00:00+00:00,0.0,0.0,0.0,0.0,827977.0
2024-11-28 00:00:00+00:00,0.0,0.0,0.0,0.0,1030967.0
2024-11-28 04:00:00+00:00,0.0,0.0,0.0,0.0,2727656.0
2024-11-28 08:00:00+00:00,0.0,0.0,0.0,0.0,495657.0
2024-11-28 12:00:00+00:00,0.0,0.0,0.0,0.0,456642.0
2024-11-28 16:00:00+00:00,0.0,0.0,0.0,0.0,1253301.0
2024-11-28 20:00:00+00:00,0.0,0.0001,0.0,0.0001,1093436.0
2024-11-29 00:00:00+00:00,0.0001,0.0001,0.0001,0.0001,1348655.0
2024-11-29 04:00:00+00:00,0.0001,0.0001,0.0001,0.0001,2468895.0
2024-11-29 08:00:00+00:00,0.0001,0.0001,0.0001,0.0001,1003349.0
2024-11-29 12:00:00+00:00,0.0001,0.0001,0.0001,0.0001,455497.0
2024-11-29 16:00:00+00:00,0.0001,0.0001,0.0001,0.0001,4128405.0
2024-11-29 20:00:00+00:00,0.0001,0.0001,0.0001,0.0001,612358.0
2024-11-30 00:00:00+00:00,0.0001,0.0001,0.0001,0.0001,816956.0
2024-11-30 04:00:00+00:00,0.0001,0.0001,0.0001,0.0001,1857628.0
2024-11-30 08:00:00+00:00,0.0001,0.0001,0.0001,0.0001,1098426.0
2024-11-30 12:00:00+00:00,0.0001,0.0001,0.0001,0.0001,1259754.0
2024-11-30 16:00:00+00:00,0.0001,0.0001,0.0001,0.0001,1351410.0
2024-11-30 20:00:00+00:00,0.0001,0.0001,0.0001,0.0001,2324398.0
2024-12-01 00:00:00+00:00,0.0001,0.0001,0.0001,0.0001,960880.0
2024-12-01 04:00:00+00:00,0.0001,0.0001,0.0,0.0,3953165.0
2024-12-01 08:00:00+00:00,0.0,0.0,0.0,0.0,377848.0
2024-12-01 12:00:00+00:00,0.0,0.0,0.0,0.0,1467655.0
2024-12-01 16:00:00+00:00,0.0,0.0,0.0,0.0,892922.0
2024-12-01 20:00:00+00:00,0.0,0.0,0.0,0.0,2581482.0
2024-12-02 00:00:00+00:00,0.0,0.0,0.0,0.0,1529925.0
2024-12-02 04:00:00+00:00,0.0,0.0,0.0,0.0,1228814.0
2024-12-02 08:00:00+00:00,0.0,0.0,0.0,0.0,1866769.0
2024-12-02 12:00:00+00:00,0.0,0.0,0.0,0.0,2099198.0
2024-12-02 16:00:00+00:00,0.0,0.0,0.0,0.0,1957293.0
2024-12-02 20:00:00+00:00,0.0,0.0,0.0,0.0,822439.0
2024-12-03 00:00:00+00:00,0.0,0.0,0.0,0.0,851188.0
2024-12-03 04:00:00+00:00,0.0,0.0,0.0,0.0,1113804.0
2024-12-03 08:00:00+00:00,0.0,0.0,0.0,0.0,1860025.0
2024-12-03 12:00:00+00:00,0.0,0.0,0.0,0.0,1875054.0
2024-12-03 16:00:00+00:00,0.0,0.0,0.0,0.0,567713.0
2024-12-03 20:00:00+00:00,0.0,0.0,0.0,0.0,1217270.0
2024-12-04 00:00:00+00:00,0.0,0.0,0.0,0.0,974439.0
2024-12-04 04:00:00+00:00,0.0,0.0,0.0,0.0,1062062.0
2024-12-04 08:00:00+00:00,0.0,0.0,0.0,0.0,1094183.0
2024-12-04 12:00:00+00:00,0.0,0.0,0.0,0.0,2116236.0
2024-12-04 16:00:00+00:00,0.0,0.0,0.0,0.0,179360.0
2024-12-04 20:00:00+00:00,0.0,0.0,0.0,0.0,1276891.0
2024-12-05 00:00:00+00:00,0.0,0.0,0.0,0.0,1007106.0
2024-12-05 04:00:00+00:00,0.0,0.0,0.0,0.0,1432257.0
2024-12-05 08:00:00+00:00,0.0,0.0,0.0,0.0,814369.0
2024-12-05 12:00:00+00:00,0.0,0.0,0.0,0.0,1226887.0
2024-12-05 16:00:00+00:00,0.0,0.0,0.0,0.0,3102951.0
2024-12-05 20:00:00+00:00,0.0,0.0,0.0,0.0,2001510.0
2024-12-06 00:00:00+00:00,0.0,0.0,0.0,0.0,1932064.0
2024-12-06 04:00:00+00:00,0.0,0.0,0.0,0.0,1152858.0
2024-12-06 08:00:00+00:00,0.0,0.0,0.0,0.0,2945320.0
2024-12-06 12:00:00+00:00,0.0,0.0,0.0,0.0,1049557.0
2024-12-06 16:00:00+00:00,0.0,0.0,0.0,0.0,1111331.0
2024-12-06 20:00:00+00:00,0.0,0.0,0.0,0.0,1237454.0
2024-12-07 00:00:00+00:00,0.0,0.0,0.0,0.0,1321360.0
2024-12-07 04:00:00+00:00,0.0,0.0,0.0,0.0,2762044.0
2024-12-07 08:00:00+00:00,0.0,0.0,0.0,0.0,1089924.0
2024-12-07 12:00:00+00:00,0.0,0.0,0.0,0.0,1678893.0
2024-12-07 16:00:00+00:00,0.0,0.0,0.0,0.0,2219731.0
2024-12-07 20:00:00+00:00,0.0,0.0,0.0,0.0,2288563.0
2024-12-08 00:00:00+00:00,0.0,0.0,0.0,0.0,745559.0
2024-12-08 04:00:00+00:00,0.0,0.0,0.0,0.0,1253840.0
2024-12-08 08:00:00+00:00,0.0,0.0,0.0,0.0,1530722.0
2024-12-08 12:00:00+00:00,0.0,0.0,0.0,0.0,1779552.0
2024-12-08 16:00:00+00:00,0.0,0.0,0.0,0.0,614919.0
2024-12-08 20:00:00+00:00,0.0,0.0,0.0,0.0,987474.0
2024-12-09 00:00:00+00:00,0.0,0.0,0.0,0.0,2279256.0
2024-12-09 04:00:00+00:00,0.0,0.0,0.0,0.0,882825.0
2024-12-09 08:00:00+00:00,0.0,0.0,0.0,0.0,974927.0
2024-12-09 12:00:00+00:00,0.0,0.0,0.0,0.0,3521301.0
2024-12-09 16:00:00+00:00,0.0,0.0,0.0,0.0,1332151.0
2024-12-09 20:00:00+00:00,0.0,0.0,0.0,0.0,841285.0
2024-12-10 00:00:00+00:00,0.0,0.0,0.0,0.0,901385.0
2024-12-10 04:00:00+00:00,0.0,0.0,0.0,0.0,1325879.0
2024-12-10 08:00:00+00:00,0.0,0.0,0.0,0.0,560559.0
2024-12-10 12:00:00+00:00,0.0,0.0,0.0,0.0,1226173.0
2024-12-10 16:00:00+00:00,0.0,0.0,0.0,0.0,1248698.0
2024-12-10 20:00:00+00:00,0.0,0.0,0.0,0.0,2259096.0
2024-12-11 00:00:00+00:00,0.0,0.0,0.0,0.0,1454204.0
2024-12-11 04:00:00+00:00,0.0,0.0,0.0,0.0,786192.0
2024-12-11 08:00:00+00:00,0.0,0.0,0.0,0.0,2266093.0
2024-12-11 12:00:00+00:00,0.0,0.0,0.0,0.0,1801291.0
2024-12-11 16:00:00+00:00,0.0,0.0,0.0,0.0,568843.0
2024-12-11 20:00:00+00:00,0.0,0.0,0.0,0.0,1507351.0
2024-12-12 00:00:00+00:00,0.0,0.0,0.0,0.0,2919182.0
2024-12-12 04:00:00+00:00,0.0,0.0,0.0,0.0,1563954.0
2024-12-12 08:00:00+00:00,0.0,0.0,0.0,0.0,1571656.0
2024-12-12 12:00:00+00:00,0.0,0.0,0.0,0.0,2370649.0
2024-12-12 16:00:00+00:00,0.0,0.0,0.0,0.0,534795.0
2024-12-12 20:00:00+00:00,0.0,0.0,0.0,0.0,668703.0
2024-12-13 00:00:00+00:00,0.0,0.0,0.0,0.0,506552.0
2024-12-13 04:00:00+00:00,0.0,0.0,0.0,0.0,1545881.0
2024-12-13 08:00:00+00:00,0.0,0.0,0.0,0.0,1682183.0
2024-12-13 12:00:00+00:00,0.0,0.0,0.0,0.0,2285143.0
2024-12-13 16:00:00+00:00,0.0,0.0,0.0,0.0,1350306.0
2024-12-13 20:00:00+00:00,0.0,0.0,0.0,0.0,822370.0
2024-12-14 00:00:00+00:00,0.0,0.0,0.0,0.0,1273940.0
2024-12-14 04:00:00+00:00,0.0,0.0,0.0,0.0,1742909.0
2024-12-14 08:00:00+00:00,0.0,0.0,0.0,0.0,878589.0
2024-12-14 12:00:00+00:00,0.0,0.0,0.0,0.0,4812480.0
2024-12-14 16:00:00+00:00,0.0,0.0,0.0,0.0,2000609.0
2024-12-14 20:00:00+00:00,0.0,0.0,0.0,0.0,1357239.0
2024-12-15 00:00:00+00:00,0.0,0.0,0.0,0.0,1441367.0
2024-12-15 04:00:00+00:00,0.0,0.0,0.0,0.0,1705827.0
2024-12-15 08:00:00+00:00,0.0,0.0,0.0,0.0,1547817.0
2024-12-15 12:00:00+00:00,0.0,0.0,0.0,0.0,841644.0
2024-12-15 16:00:00+00:00,0.0,0.0,0.0,0.0,1541411.0
2024-12-15 20:00:00+00:00,0.0,0.0,0.0,0.0,1560815.0
2024-12-16 00:00:00+00:00,0.0,0.0,0.0,0.0,1004101.0
2024-12-16 04:00:00+00:00,0.0,0.0,0.0,0.0,2998188.0
2024-12-16 08:00:00+00:00,0.0,0.0,0.0,0.0,1189126.0
2024-12-16 12:00:00+00:00,0.0,0.0,0.0,0.0,1880749.0
2024-12-16 16:00:00+00:00,0.0,0.0,0.0,0.0,2958433.0
2024-12-16 20:00:00+00:00,0.0,0.0,0.0,0.0,1710500.0
2024-12-17 00:00:00+00:00,0.0,0.0,0.0,0.0,1611579.0
2024-12-17 04:00:00+00:00,0.0,0.0,0.0,0.0,1764335.0
2024-12-17 08:00:00+00:00,0.0,0.0,0.0,0.0,973350.0
2024-12-17 12:00:00+00:00,0.0,0.0,0.0,0.0,1421841.0
2024-12-17 16:00:00+00:00,0.0,0.0,0.0,0.0,1611963.0
2024-12-17 20:00:00+00:00,0.0,0.0,0.0,0.0,947231.0
2024-12-18 00:00:00+00:00,0.0,0.0,0.0,0.0,5565179.0
2024-12-18 04:00:00+00:00,0.0,0.0,0.0,0.0,691602.0
2024-12-18 08:00:00+00:00,0.0,0.0,0.0,0.0,676564.0
2024-12-18 12:00:00+00:00,0.0,0.0,0.0,0.0,2200067.0
2024-12-18 16:00:00+00:00,0.0,0.0,0.0,0.0,1826947.0
2024-12-18 20:00:00+00:00,0.0,0.0,0.0,0.0,740825.0
2024-12-19 00:00:00+00:00,0.0,0.0,0.0,0.0,1443916.0
2024-12-19 04:00:00+00:00,0.0,0.0,0.0,0.0,2137057.0
2024-12-19 08:00:00+00:00,0.0,0.0,0.0,0.0,1416239.0
2024-12-19 12:00:00+00:00,0.0,0.0,0.0,0.0,4916868.0
2024-12-19 16:00:00+00:00,0.0,0.0,0.0,0.0,516709.0
2024-12-19 20:00:00+00:00,0.0,0.0,0.0,0.0,1549794.0
2024-12-20 00:00:00+00:00,0.0,0.0,0.0,0.0,2580515.0
2024-12-20 04:00:00+00:00,0.0,0.0,0.0,0.0,3350665.0
2024-12-20 08:00:00+00:00,0.0,0.0,0.0,0.0,973921.0
2024-12-20 12:00:00+00:00,0.0,0.0,0.0,0.0,1810007.0
2024-12-20 16:00:00+00:00,0.0,0.0,0.0,0.0,1698493.0
2024-12-20 20:00:00+00:00,0.0,0.0,0.0,0.0,1505936.0
2024-12-21 00:00:00+00:00,0.0,0.0,0.0,0.0,1499244.0
2024-12-21 04:00:00+00:00,0.0,0.0,0.0,0.0,1710780.0
2024-12-21 08:00:00+00:00,0.0,0.0,0.0,0.0,750252.0
2024-12-21 12:00:00+00:00,0.0,0.0,0.0,0.0,1360379.0
2024-12-21 16:00:00+00:00,0.0,0.0,0.0,0.0,942664.0
2024-12-21 20:00:00+00:00,0.0,0.0,0.0,0.0,1095407.0
2024-12-22 00:00:00+00:00,0.0,0.0,0.0,0.0,2209321.0
2024-12-22 04:00:00+00:00,0.0,0.0,0.0,0.0,1270701.0
2024-12-22 08:00:00+00:00,0.0,0.0,0.0,0.0,3738397.0
2024-12-22 12:00:00+00:00,0.0,0.0,0.0,0.0,1437726.0
2024-12-22 16:00:00+00:00,0.0,0.0,0.0,0.0,1311214.0
2024-12-22 20:00:00+00:00,0.0,0.0,0.0,0.0,1215942.0
2024-12-23 00:00:00+00:00,0.0,0.0,0.0,0.0,910112.0
2024-12-23 04:00:00+00:00,0.0,0.0,0.0,0.0,1021905.0
2024-12-23 08:00:00+00:00,0.0,0.0,0.0,0.0,2986753.0
2024-12-23 12:00:00+00:00,0.0,0.0,0.0,0.0,1642748.0
2024-12-23 16:00:00+00:00,0.0,0.0,0.0,0.0,1112778.0
2024-12-23 20:00:00+00:00,0.0,0.0,0.0,0.0,679909.0
2024-12-24 00:00:00+00:00,0.0,0.0,0.0,0.0,821119.0
2024-12-24 04:00:00+00:00,0.0,0.0,0.0,0.0,1123319.0
2024-12-24 08:00:00+00:00,0.0,0.0,0.0,0.0,2023834.0
2024-12-24 12:00:00+00:00,0.0,0.0,0.0,0.0,560333.0
2024-12-24 16:00:00+00:00,0.0,0.0,0.0,0.0,1427860.0
2024-12-24 20:00:00+00:00,0.0,0.0,0.0,0.0,1843868.0
2024-12-25 00:00:00+00:00,0.0,0.0,0.0,0.0,546915.0
2024-12-25 04:00:00+00:00,0.0,0.0,0.0,0.0,686726.0
2024-12-25 08:00:00+00:00,0.0,0.0,0.0,0.0,1231065.0
2024-12-25 12:00:00+00:00,0.0,0.0,0.0,0.0,721895.0
2024-12-25 16:00:00+00:00,0.0,0.0,0.0,0.0,1928254.0
2024-12-25 20:00:00+00:00,0.0,0.0,0.0,0.0,935299.0
2024-12-26 00:00:00+00:00,0.0,0.0,0.0,0.0,838123.0
2024-12-26 04:00:00+00:00,0.0,0.0,0.0,0.0,1933007.0
2024-12-26 08:00:00+00:00,0.0,0.0,0.0,0.0,3014623.0
2024-12-26 12:00:00+00:00,0.0,0.0,0.0,0.0,2644917.0
2024-12-26 16:00:00+00:00,0.0,0.0,0.0,0.0,435748.0
2024-12-26 20:00:00+00:00,0.0,0.0,0.0,0.0,2108387.0
2024-12-27 00:00:00+00:00,0.0,0.0,0.0,0.0,1147212.0
2024-12-27 04:00:00+00:00,0.0,0.0,0.0,0.0,1618038.0
2024-12-27 08:00:00+00:00,0.0,0.0,0.0,0.0,912579.0
2024-12-27 12:00:00+00:00,0.0,0.0,0.0,0.0,1301079.0
2024-12-27 16:00:00+00:00,0.0,0.0,0.0,0.0,1634683.0
2024-12-27 20:00:00+00:00,0.0,0.0,0.0,0.0,1282837.0
2024-12-28 00:00:00+00:00,0.0,0.0,0.0,0.0,929226.0
2024-12-28 04:00:00+00:00,0.0,0.0,0.0,0.0,1089025.0
2024-12-28 08:00:00+00:00,0.0,0.0,0.0,0.0,1758467.0
2024-12-28 12:00:00+00:00,0.0,0.0,0.0,0.0,1489037.0
2024-12-28 16:00:00+00:00,0.0,0.0,0.0,0.0,1855980.0
2024-12-28 20:00:00+00:00,0.0,0.0,0.0,0.0,1129138.0
2024-12-29 00:00:00+00:00,0.0,0.0,0.0,0.0,1190519.0
2024-12-29 04:00:00+00:00,0.0,0.0,0.0,0.0,1847166.0
2024-12-29 08:00:00+00:00,0.0,0.0,0.0,0.0,1914904.0
2024-12-29 12:00:00+00:00,0.0,0.0,0.0,0.0,1334769.0
2024-12-29 16:00:00+00:00,0.0,0.0,0.0,0.0,1737868.0
2024-12-29 20:00:00+00:00,0.0,0.0,0.0,0.0,1895829.0
2024-12-30 00:00:00+00:00,0.0,0.0,0.0,0.0,609713.0
2024-12-30 04:00:00+00:00,0.0,0.0,0.0,0.0,1734422.0
2024-12-30 08:00:00+00:00,0.0,0.0,0.0,0.0,1455417.0
2024-12-30 12:00:00+00:00,0.0,0.0,0.0,0.0,1494750.0
2024-12-30 16:00:00+00:00,0.0,0.0,0.0,0.0,1012809.0
2024-12-30 20:00:00+00:00,0.0,0.0,0.0,0.0,1206077.0
2024-12-31 00:00:00+00:00,0.0,0.0,0.0,0.0,1070719.0
2024-12-31 04:00:00+00:00,0.0,0.0,0.0,0.0,2837593.0
2024-12-31 08:00:00+00:00,0.0,0.0,0.0,0.0,1624649.0
2024-12-31 12:00:00+00:00,0.0,0.0,0.0,0.0,1430253.0
2024-12-31 16:00:00+00:00,0.0,0.0,0.0,0.0,935704.0
2024-12-31 20:00:00+00:00,0.0,0.0,0.0,0.0,1157531.0
