timestamp,open,high,low,close,volume
2024-01-02 00:00:00+00:00,35.0,36.64,34.38,35.0,1342155.0
2024-01-02 04:00:00+00:00,35.0,36.49,34.95,36.38,1047743.0
2024-01-02 08:00:00+00:00,36.38,38.14,35.49,35.93,1824078.0
2024-01-02 12:00:00+00:00,35.93,41.21,35.12,38.24,769902.0
2024-01-02 16:00:00+00:00,38.24,44.93,37.49,44.69,1006651.0
2024-01-02 20:00:00+00:00,44.69,47.01,42.14,43.33,1808280.0
2024-01-03 00:00:00+00:00,43.33,43.62,41.56,41.98,1069398.0
2024-01-03 04:00:00+00:00,41.98,51.19,41.8,51.1,3290034.0
2024-01-03 08:00:00+00:00,51.1,57.31,50.79,57.0,962557.0
2024-01-03 12:00:00+00:00,57.0,57.73,52.74,53.02,1177151.0
2024-01-03 16:00:00+00:00,53.02,57.39,52.96,57.36,785462.0
2024-01-03 20:00:00+00:00,57.36,57.85,52.82,53.4,1211255.0
2024-01-04 00:00:00+00:00,53.4,54.94,47.18,49.71,576625.0
2024-01-04 04:00:00+00:00,49.71,51.62,49.57,51.55,870552.0
2024-01-04 08:00:00+00:00,51.55,51.89,35.88,36.79,906466.0
2024-01-04 12:00:00+00:00,36.79,37.59,26.59,27.3,2509616.0
2024-01-04 16:00:00+00:00,27.3,28.23,24.44,25.02,1789393.0
2024-01-04 20:00:00+00:00,25.02,25.68,20.43,21.24,611770.0
2024-01-05 00:00:00+00:00,21.24,22.51,21.16,22.26,2229173.0
2024-01-05 04:00:00+00:00,22.26,22.7,18.17,19.25,4900046.0
2024-01-05 08:00:00+00:00,19.25,19.65,15.08,15.19,1670477.0
2024-01-05 12:00:00+00:00,15.19,18.59,15.17,18.55,1206714.0
2024-01-05 16:00:00+00:00,18.55,18.62,17.78,17.94,4508265.0
2024-01-05 20:00:00+00:00,17.94,18.35,17.69,18.14,534616.0
2024-01-06 00:00:00+00:00,18.14,18.2,14.29,14.32,1648180.0
2024-01-06 04:00:00+00:00,14.32,14.47,13.04,13.17,1357906.0
2024-01-06 08:00:00+00:00,13.17,13.49,12.96,13.41,2064573.0
2024-01-06 12:00:00+00:00,13.41,13.44,11.1,11.12,1809418.0
2024-01-06 16:00:00+00:00,11.12,11.82,10.99,11.76,914261.0
2024-01-06 20:00:00+00:00,11.76,12.02,10.64,10.72,786904.0
2024-01-07 00:00:00+00:00,10.72,10.77,10.17,10.27,949915.0
2024-01-07 04:00:00+00:00,10.27,10.27,9.35,9.35,765431.0
2024-01-07 08:00:00+00:00,9.35,11.98,9.35,11.97,1882522.0
2024-01-07 12:00:00+00:00,11.97,12.02,11.91,11.96,755298.0
2024-01-07 16:00:00+00:00,11.96,12.4,9.96,10.11,693359.0
2024-01-07 20:00:00+00:00,10.11,11.4,10.08,11.38,2575383.0
2024-01-08 00:00:00+00:00,11.38,11.49,9.21,9.31,1204235.0
2024-01-08 04:00:00+00:00,9.31,9.64,9.29,9.62,582936.0
2024-01-08 08:00:00+00:00,9.62,9.67,6.79,6.81,1725332.0
2024-01-08 12:00:00+00:00,6.81,6.98,5.4,5.46,1647894.0
2024-01-08 16:00:00+00:00,5.46,5.75,5.43,5.63,456787.0
2024-01-08 20:00:00+00:00,5.63,6.28,5.63,6.27,1578903.0
2024-01-09 00:00:00+00:00,6.27,6.47,6.23,6.44,641280.0
2024-01-09 04:00:00+00:00,6.44,6.44,6.34,6.34,2462141.0
2024-01-09 08:00:00+00:00,6.34,6.37,6.02,6.07,1467268.0
2024-01-09 12:00:00+00:00,6.07,6.14,4.69,4.73,1358942.0
2024-01-09 16:00:00+00:00,4.73,4.74,4.22,4.23,908223.0
2024-01-09 20:00:00+00:00,4.23,4.24,3.93,3.95,1140133.0
2024-01-10 00:00:00+00:00,3.95,4.59,3.92,4.58,2012612.0
2024-01-10 04:00:00+00:00,4.58,4.94,4.46,4.83,1145748.0
2024-01-10 08:00:00+00:00,4.83,5.14,3.43,3.56,1603585.0
2024-01-10 12:00:00+00:00,3.56,3.74,3.56,3.74,1185851.0
2024-01-10 16:00:00+00:00,3.74,3.78,3.47,3.53,863124.0
2024-01-10 20:00:00+00:00,3.53,3.55,3.17,3.18,1093861.0
2024-01-11 00:00:00+00:00,3.18,3.5,3.17,3.48,451558.0
2024-01-11 04:00:00+00:00,3.48,4.08,3.43,4.02,2391962.0
2024-01-11 08:00:00+00:00,4.02,4.7,3.91,4.59,1654773.0
2024-01-11 12:00:00+00:00,4.59,4.71,3.89,4.02,931675.0
2024-01-11 16:00:00+00:00,4.02,4.07,3.82,3.84,2927892.0
2024-01-11 20:00:00+00:00,3.84,4.06,3.83,4.04,1206544.0
2024-01-12 00:00:00+00:00,4.04,4.71,3.97,4.64,860806.0
2024-01-12 04:00:00+00:00,4.64,4.65,4.3,4.32,1856292.0
2024-01-12 08:00:00+00:00,4.32,4.35,4.16,4.21,1314682.0
2024-01-12 12:00:00+00:00,4.21,4.22,3.49,3.52,1817068.0
2024-01-12 16:00:00+00:00,3.52,3.54,2.85,2.89,1238386.0
2024-01-12 20:00:00+00:00,2.89,3.26,2.89,3.25,1718300.0
2024-01-13 00:00:00+00:00,3.25,3.93,3.25,3.92,1418117.0
2024-01-13 04:00:00+00:00,3.92,4.0,3.77,3.89,1355193.0
2024-01-13 08:00:00+00:00,3.89,4.48,3.88,4.47,560462.0
2024-01-13 12:00:00+00:00,4.47,4.75,4.44,4.72,940856.0
2024-01-13 16:00:00+00:00,4.72,4.74,4.27,4.28,3038207.0
2024-01-13 20:00:00+00:00,4.28,4.52,4.27,4.52,796367.0
2024-01-14 00:00:00+00:00,4.52,5.57,4.52,5.57,1255571.0
2024-01-14 04:00:00+00:00,5.57,5.58,5.54,5.55,807459.0
2024-01-14 08:00:00+00:00,5.55,7.03,5.48,6.84,926025.0
2024-01-14 12:00:00+00:00,6.84,6.86,4.15,4.17,720340.0
2024-01-14 16:00:00+00:00,4.17,4.88,4.09,4.69,1225896.0
2024-01-14 20:00:00+00:00,4.69,4.82,4.67,4.76,1118431.0
2024-01-15 00:00:00+00:00,4.76,4.79,4.53,4.56,1098665.0
2024-01-15 04:00:00+00:00,4.56,4.66,4.51,4.63,973851.0
2024-01-15 08:00:00+00:00,4.63,4.67,3.24,3.27,1924134.0
2024-01-15 12:00:00+00:00,3.27,3.33,3.13,3.16,1823125.0
2024-01-15 16:00:00+00:00,3.16,3.35,3.15,3.34,1060346.0
2024-01-15 20:00:00+00:00,3.34,4.11,3.33,4.09,1253737.0
2024-01-16 00:00:00+00:00,4.09,4.13,3.65,3.78,1066753.0
2024-01-16 04:00:00+00:00,3.78,3.83,3.18,3.33,1814816.0
2024-01-16 08:00:00+00:00,3.33,3.4,3.01,3.08,2472466.0
2024-01-16 12:00:00+00:00,3.08,3.53,3.07,3.51,1035242.0
2024-01-16 16:00:00+00:00,3.51,3.73,3.44,3.69,1211662.0
2024-01-16 20:00:00+00:00,3.69,3.73,3.39,3.4,1460527.0
2024-01-17 00:00:00+00:00,3.4,3.7,3.38,3.67,752516.0
2024-01-17 04:00:00+00:00,3.67,3.74,3.66,3.73,1059507.0
2024-01-17 08:00:00+00:00,3.73,4.29,3.68,4.27,691188.0
2024-01-17 12:00:00+00:00,4.27,4.29,3.83,3.83,541321.0
2024-01-17 16:00:00+00:00,3.83,3.85,3.63,3.65,1372536.0
2024-01-17 20:00:00+00:00,3.65,3.7,3.35,3.44,967026.0
2024-01-18 00:00:00+00:00,3.44,3.45,2.68,2.69,1829863.0
2024-01-18 04:00:00+00:00,2.69,2.82,2.69,2.81,1127792.0
2024-01-18 08:00:00+00:00,2.81,2.93,2.81,2.93,688656.0
2024-01-18 12:00:00+00:00,2.93,3.02,2.84,2.94,984318.0
2024-01-18 16:00:00+00:00,2.94,2.95,2.82,2.84,593507.0
2024-01-18 20:00:00+00:00,2.84,2.86,2.24,2.24,3263167.0
2024-01-19 00:00:00+00:00,2.24,2.28,2.07,2.11,601524.0
2024-01-19 04:00:00+00:00,2.11,2.15,1.97,2.0,1042704.0
2024-01-19 08:00:00+00:00,2.0,2.01,1.76,1.76,805735.0
2024-01-19 12:00:00+00:00,1.76,1.79,1.71,1.72,1421052.0
2024-01-19 16:00:00+00:00,1.72,1.85,1.69,1.83,1004583.0
2024-01-19 20:00:00+00:00,1.83,2.38,1.82,2.35,1429565.0
2024-01-20 00:00:00+00:00,2.35,2.42,2.35,2.41,1658471.0
2024-01-20 04:00:00+00:00,2.41,2.56,2.36,2.51,1136401.0
2024-01-20 08:00:00+00:00,2.51,2.52,2.46,2.49,1333155.0
2024-01-20 12:00:00+00:00,2.49,2.5,1.78,1.78,1133197.0
2024-01-20 16:00:00+00:00,1.78,1.79,1.76,1.78,499455.0
2024-01-20 20:00:00+00:00,1.78,1.79,1.77,1.79,1087111.0
2024-01-21 00:00:00+00:00,1.79,2.45,1.79,2.44,1779533.0
2024-01-21 04:00:00+00:00,2.44,2.5,2.36,2.38,1481347.0
2024-01-21 08:00:00+00:00,2.38,2.49,2.37,2.49,1094589.0
2024-01-21 12:00:00+00:00,2.49,2.51,2.47,2.48,1121451.0
2024-01-21 16:00:00+00:00,2.48,2.5,2.04,2.05,672887.0
2024-01-21 20:00:00+00:00,2.05,2.41,2.05,2.4,3901546.0
2024-01-22 00:00:00+00:00,2.4,2.74,2.28,2.68,1235913.0
2024-01-22 04:00:00+00:00,2.68,3.01,2.67,3.0,1926533.0
2024-01-22 08:00:00+00:00,3.0,3.01,2.58,2.59,925605.0
2024-01-22 12:00:00+00:00,2.59,3.16,2.59,3.14,1906589.0
2024-01-22 16:00:00+00:00,3.14,3.15,2.48,2.48,848510.0
2024-01-22 20:00:00+00:00,2.48,2.71,2.48,2.71,1588604.0
2024-01-23 00:00:00+00:00,2.71,3.64,2.67,3.6,1664535.0
2024-01-23 04:00:00+00:00,3.6,3.74,2.98,3.07,1463884.0
2024-01-23 08:00:00+00:00,3.07,3.08,2.8,2.81,1774580.0
2024-01-23 12:00:00+00:00,2.81,2.9,2.79,2.85,565797.0
2024-01-23 16:00:00+00:00,2.85,2.9,2.61,2.64,867976.0
2024-01-23 20:00:00+00:00,2.64,2.72,2.01,2.03,2130254.0
2024-01-24 00:00:00+00:00,2.03,2.06,2.02,2.05,2951645.0
2024-01-24 04:00:00+00:00,2.05,2.06,1.72,1.73,1372604.0
2024-01-24 08:00:00+00:00,1.73,1.86,1.72,1.86,1634234.0
2024-01-24 12:00:00+00:00,1.86,1.87,1.57,1.6,1337343.0
2024-01-24 16:00:00+00:00,1.6,2.01,1.57,1.98,4490562.0
2024-01-24 20:00:00+00:00,1.98,1.98,1.74,1.75,563359.0
2024-01-25 00:00:00+00:00,1.75,1.76,1.66,1.66,1197346.0
2024-01-25 04:00:00+00:00,1.66,1.9,1.62,1.87,607322.0
2024-01-25 08:00:00+00:00,1.87,1.9,1.5,1.52,442904.0
2024-01-25 12:00:00+00:00,1.52,1.65,1.46,1.58,1282523.0
2024-01-25 16:00:00+00:00,1.58,1.91,1.55,1.89,1706090.0
2024-01-25 20:00:00+00:00,1.89,1.9,1.43,1.44,1492051.0
2024-01-26 00:00:00+00:00,1.44,1.49,1.43,1.48,1029884.0
2024-01-26 04:00:00+00:00,1.48,1.54,1.45,1.54,5272011.0
2024-01-26 08:00:00+00:00,1.54,1.72,1.53,1.72,1190746.0
2024-01-26 12:00:00+00:00,1.72,1.73,1.39,1.4,2004993.0
2024-01-26 16:00:00+00:00,1.4,1.41,1.1,1.12,1150020.0
2024-01-26 20:00:00+00:00,1.12,1.22,1.12,1.21,1434869.0
2024-01-27 00:00:00+00:00,1.21,1.29,1.19,1.27,1009099.0
2024-01-27 04:00:00+00:00,1.27,1.33,1.26,1.32,908800.0
2024-01-27 08:00:00+00:00,1.32,1.44,1.29,1.39,2877944.0
2024-01-27 12:00:00+00:00,1.39,1.39,1.25,1.25,2346919.0
2024-01-27 16:00:00+00:00,1.25,1.3,1.24,1.29,1186165.0
2024-01-27 20:00:00+00:00,1.29,1.36,1.28,1.35,358685.0
2024-01-28 00:00:00+00:00,1.35,1.36,1.21,1.21,1100422.0
2024-01-28 04:00:00+00:00,1.21,1.58,1.2,1.55,7119992.0
2024-01-28 08:00:00+00:00,1.55,1.67,1.51,1.66,1084143.0
2024-01-28 12:00:00+00:00,1.66,1.66,1.36,1.36,2660634.0
2024-01-28 16:00:00+00:00,1.36,1.51,1.35,1.5,2671315.0
2024-01-28 20:00:00+00:00,1.5,1.52,1.28,1.28,1601020.0
2024-01-29 00:00:00+00:00,1.28,1.44,1.28,1.44,891367.0
2024-01-29 04:00:00+00:00,1.44,1.71,1.38,1.69,451313.0
2024-01-29 08:00:00+00:00,1.69,1.71,1.45,1.48,1922464.0
2024-01-29 12:00:00+00:00,1.48,1.73,1.47,1.7,956425.0
2024-01-29 16:00:00+00:00,1.7,1.82,1.67,1.8,1299217.0
2024-01-29 20:00:00+00:00,1.8,2.04,1.79,2.03,735476.0
2024-01-30 00:00:00+00:00,2.03,2.68,1.98,2.61,1626908.0
2024-01-30 04:00:00+00:00,2.61,2.63,2.47,2.52,1125092.0
2024-01-30 08:00:00+00:00,2.52,2.54,2.2,2.24,1526843.0
2024-01-30 12:00:00+00:00,2.24,2.26,1.88,1.94,799470.0
2024-01-30 16:00:00+00:00,1.94,1.95,1.7,1.71,2479258.0
2024-01-30 20:00:00+00:00,1.71,1.75,1.67,1.69,764416.0
2024-01-31 00:00:00+00:00,1.69,1.78,1.69,1.78,500661.0
2024-01-31 04:00:00+00:00,1.78,1.86,1.77,1.85,1069208.0
2024-01-31 08:00:00+00:00,1.85,2.09,1.84,2.09,1400782.0
2024-01-31 12:00:00+00:00,2.09,2.15,1.98,2.09,1095104.0
2024-01-31 16:00:00+00:00,2.09,2.59,2.04,2.55,3259527.0
2024-01-31 20:00:00+00:00,2.55,2.59,2.43,2.45,989939.0
2024-02-01 00:00:00+00:00,2.45,3.52,2.43,3.45,2099669.0
2024-02-01 04:00:00+00:00,3.45,3.81,3.42,3.78,741144.0
2024-02-01 08:00:00+00:00,3.78,3.9,3.21,3.3,2080814.0
2024-02-01 12:00:00+00:00,3.3,3.33,2.77,2.78,1619196.0
2024-02-01 16:00:00+00:00,2.78,3.0,2.76,2.99,990884.0
2024-02-01 20:00:00+00:00,2.99,2.99,2.89,2.89,422547.0
2024-02-02 00:00:00+00:00,2.89,3.27,2.86,3.21,2731846.0
2024-02-02 04:00:00+00:00,3.21,3.49,3.16,3.44,659558.0
2024-02-02 08:00:00+00:00,3.44,3.46,3.4,3.41,764225.0
2024-02-02 12:00:00+00:00,3.41,3.41,2.98,2.99,1640331.0
2024-02-02 16:00:00+00:00,2.99,3.06,2.29,2.31,921312.0
2024-02-02 20:00:00+00:00,2.31,2.32,2.16,2.16,566324.0
2024-02-03 00:00:00+00:00,2.16,2.49,2.15,2.45,481097.0
2024-02-03 04:00:00+00:00,2.45,2.59,2.33,2.53,1580902.0
2024-02-03 08:00:00+00:00,2.53,2.54,2.05,2.06,1183554.0
2024-02-03 12:00:00+00:00,2.06,2.12,2.06,2.12,4685309.0
2024-02-03 16:00:00+00:00,2.12,2.29,2.11,2.25,717539.0
2024-02-03 20:00:00+00:00,2.25,2.37,2.21,2.36,6293149.0
2024-02-04 00:00:00+00:00,1.95,2.26,1.94,2.26,5812994.0
2024-02-04 04:00:00+00:00,2.0,2.18,1.91,2.18,8361574.0
2024-02-04 08:00:00+00:00,2.02,2.02,1.68,1.76,8518243.0
2024-02-04 12:00:00+00:00,1.68,1.8,1.68,1.78,1585911.0
2024-02-04 16:00:00+00:00,1.78,1.96,1.76,1.93,771880.0
2024-02-04 20:00:00+00:00,1.93,2.27,1.88,2.25,748832.0
2024-02-05 00:00:00+00:00,2.25,2.62,2.25,2.61,602686.0
2024-02-05 04:00:00+00:00,2.61,2.64,2.03,2.08,530649.0
2024-02-05 08:00:00+00:00,2.08,2.1,1.78,1.79,1092148.0
2024-02-05 12:00:00+00:00,1.79,1.94,1.78,1.93,1065696.0
2024-02-05 16:00:00+00:00,1.93,2.09,1.93,2.09,903018.0
2024-02-05 20:00:00+00:00,2.09,2.27,2.02,2.25,2306905.0
2024-02-06 00:00:00+00:00,2.25,3.56,2.25,3.56,5064695.0
2024-02-06 04:00:00+00:00,3.56,3.89,3.55,3.87,1069247.0
2024-02-06 08:00:00+00:00,3.87,4.55,3.85,4.54,619149.0
2024-02-06 12:00:00+00:00,4.54,5.34,4.47,5.2,1082105.0
2024-02-06 16:00:00+00:00,5.2,5.8,5.16,5.72,963471.0
2024-02-06 20:00:00+00:00,5.72,5.79,5.36,5.47,816810.0
2024-02-07 00:00:00+00:00,5.47,6.12,5.45,6.1,951642.0
2024-02-07 04:00:00+00:00,6.1,6.13,5.33,5.41,966783.0
2024-02-07 08:00:00+00:00,5.41,5.47,5.2,5.23,905984.0
2024-02-07 12:00:00+00:00,5.23,5.29,4.75,4.86,881312.0
2024-02-07 16:00:00+00:00,4.86,5.02,4.72,4.94,1158939.0
2024-02-07 20:00:00+00:00,4.94,6.66,4.94,6.65,2445116.0
2024-02-08 00:00:00+00:00,6.65,6.74,4.76,4.8,1162437.0
2024-02-08 04:00:00+00:00,4.8,5.31,4.8,5.31,2485208.0
2024-02-08 08:00:00+00:00,5.31,5.36,4.01,4.04,1052605.0
2024-02-08 12:00:00+00:00,4.04,4.05,3.74,3.76,536593.0
2024-02-08 16:00:00+00:00,3.76,4.4,3.75,4.39,1811562.0
2024-02-08 20:00:00+00:00,4.39,4.46,4.36,4.44,688696.0
2024-02-09 00:00:00+00:00,4.44,4.46,3.68,3.74,1730130.0
2024-02-09 04:00:00+00:00,3.74,3.76,3.34,3.35,395178.0
2024-02-09 08:00:00+00:00,3.35,3.38,2.79,2.82,16193215.0
2024-02-09 12:00:00+00:00,3.7,3.72,2.74,2.74,11365743.0
2024-02-09 16:00:00+00:00,3.3,3.42,3.0,3.0,3206797.0
2024-02-09 20:00:00+00:00,3.42,3.52,3.15,3.15,3016042.0
2024-02-10 00:00:00+00:00,3.45,3.45,2.93,2.93,18193726.0
2024-02-10 04:00:00+00:00,3.12,4.17,3.11,3.95,8383342.0
2024-02-10 08:00:00+00:00,4.14,4.6,4.1,4.54,851699.0
2024-02-10 12:00:00+00:00,4.54,4.55,3.15,3.17,613240.0
2024-02-10 16:00:00+00:00,3.17,3.27,3.17,3.27,915521.0
2024-02-10 20:00:00+00:00,3.27,3.28,2.94,2.95,1151822.0
2024-02-11 00:00:00+00:00,2.95,3.44,2.87,3.33,1988724.0
2024-02-11 04:00:00+00:00,3.33,3.36,2.91,2.95,670537.0
2024-02-11 08:00:00+00:00,2.95,2.99,2.88,2.9,488518.0
2024-02-11 12:00:00+00:00,2.9,3.18,2.89,3.13,1544286.0
2024-02-11 16:00:00+00:00,3.13,3.55,3.12,3.54,2309946.0
2024-02-11 20:00:00+00:00,3.54,3.56,2.9,2.91,699035.0
2024-02-12 00:00:00+00:00,2.91,2.97,2.75,2.77,1964467.0
2024-02-12 04:00:00+00:00,2.77,2.77,2.58,2.58,1230080.0
2024-02-12 08:00:00+00:00,2.58,2.59,2.33,2.33,2222549.0
2024-02-12 12:00:00+00:00,2.33,2.97,2.33,2.96,1738670.0
2024-02-12 16:00:00+00:00,2.96,3.16,2.94,3.14,336737.0
2024-02-12 20:00:00+00:00,3.14,3.21,2.41,2.55,1447007.0
2024-02-13 00:00:00+00:00,2.55,2.91,2.55,2.91,2411121.0
2024-02-13 04:00:00+00:00,2.91,3.87,2.89,3.84,1254257.0
2024-02-13 08:00:00+00:00,3.84,4.45,3.83,4.44,1211177.0
2024-02-13 12:00:00+00:00,4.44,4.62,3.33,3.44,1536521.0
2024-02-13 16:00:00+00:00,3.44,3.44,3.19,3.2,284433.0
2024-02-13 20:00:00+00:00,3.2,3.83,3.18,3.81,3633972.0
2024-02-14 00:00:00+00:00,3.81,3.86,3.37,3.41,836664.0
2024-02-14 04:00:00+00:00,3.41,3.72,3.4,3.65,1551690.0
2024-02-14 08:00:00+00:00,3.65,4.09,3.62,4.08,1296309.0
2024-02-14 12:00:00+00:00,4.08,4.09,3.5,3.52,2648198.0
2024-02-14 16:00:00+00:00,3.52,3.54,3.48,3.49,1251917.0
2024-02-14 20:00:00+00:00,3.49,3.5,1.81,1.82,2166546.0
2024-02-15 00:00:00+00:00,1.82,1.82,1.54,1.54,931616.0
2024-02-15 04:00:00+00:00,1.54,1.55,1.48,1.49,1652881.0
2024-02-15 08:00:00+00:00,1.49,1.49,1.21,1.21,610258.0
2024-02-15 12:00:00+00:00,1.21,1.51,1.2,1.51,2401632.0
2024-02-15 16:00:00+00:00,1.51,1.52,1.17,1.19,946347.0
2024-02-15 20:00:00+00:00,1.19,1.22,1.07,1.11,2233374.0
2024-02-16 00:00:00+00:00,1.11,1.14,1.1,1.13,1151886.0
2024-02-16 04:00:00+00:00,1.13,1.38,1.13,1.38,2277565.0
2024-02-16 08:00:00+00:00,1.38,1.38,1.08,1.08,1711369.0
2024-02-16 12:00:00+00:00,1.08,1.31,1.05,1.27,635701.0
2024-02-16 16:00:00+00:00,1.27,1.28,1.27,1.28,655352.0
2024-02-16 20:00:00+00:00,1.28,1.28,1.09,1.09,2004284.0
2024-02-17 00:00:00+00:00,1.09,1.18,1.08,1.17,1316070.0
2024-02-17 04:00:00+00:00,1.17,1.22,1.16,1.21,1971520.0
2024-02-17 08:00:00+00:00,1.21,1.21,1.08,1.1,1550668.0
2024-02-17 12:00:00+00:00,1.1,1.11,1.09,1.11,637590.0
2024-02-17 16:00:00+00:00,1.11,1.11,1.05,1.05,785498.0
2024-02-17 20:00:00+00:00,1.05,1.1,1.01,1.07,1108826.0
2024-02-18 00:00:00+00:00,1.07,1.18,1.06,1.17,408272.0
2024-02-18 04:00:00+00:00,1.17,1.46,1.15,1.45,3960768.0
2024-02-18 08:00:00+00:00,1.45,1.48,1.17,1.18,1939792.0
2024-02-18 12:00:00+00:00,1.18,1.57,1.17,1.56,3622476.0
2024-02-18 16:00:00+00:00,1.56,1.57,1.1,1.11,851654.0
2024-02-18 20:00:00+00:00,1.11,1.11,1.08,1.08,1988229.0
2024-02-19 00:00:00+00:00,1.08,1.18,1.07,1.18,3861535.0
2024-02-19 04:00:00+00:00,1.18,1.25,1.15,1.23,582400.0
2024-02-19 08:00:00+00:00,1.23,1.27,1.09,1.11,1881687.0
2024-02-19 12:00:00+00:00,1.11,1.11,1.08,1.08,1093700.0
2024-02-19 16:00:00+00:00,1.08,1.08,1.0,1.0,564292.0
2024-02-19 20:00:00+00:00,1.0,1.03,0.89,0.91,1618472.0
2024-02-20 00:00:00+00:00,0.91,1.04,0.9,1.03,2097276.0
2024-02-20 04:00:00+00:00,1.03,1.11,1.01,1.08,859315.0
2024-02-20 08:00:00+00:00,1.08,1.08,0.97,0.97,2350240.0
2024-02-20 12:00:00+00:00,0.97,1.11,0.96,1.1,610351.0
2024-02-20 16:00:00+00:00,1.1,1.16,1.09,1.15,538865.0
2024-02-20 20:00:00+00:00,1.15,1.31,1.14,1.29,1461642.0
2024-02-21 00:00:00+00:00,1.29,1.42,1.29,1.41,1298930.0
2024-02-21 04:00:00+00:00,1.41,1.41,1.23,1.24,960234.0
2024-02-21 08:00:00+00:00,1.24,1.24,1.12,1.13,1878470.0
2024-02-21 12:00:00+00:00,1.13,1.26,1.13,1.26,1740957.0
2024-02-21 16:00:00+00:00,1.26,1.38,1.25,1.37,1955605.0
2024-02-21 20:00:00+00:00,1.37,1.42,1.32,1.37,950523.0
2024-02-22 00:00:00+00:00,1.37,1.4,1.36,1.39,1419769.0
2024-02-22 04:00:00+00:00,1.39,1.67,1.35,1.65,1250884.0
2024-02-22 08:00:00+00:00,1.65,1.65,1.5,1.5,3541002.0
2024-02-22 12:00:00+00:00,1.5,1.64,1.48,1.63,828797.0
2024-02-22 16:00:00+00:00,1.63,1.65,1.48,1.58,3131992.0
2024-02-22 20:00:00+00:00,1.58,1.58,1.52,1.52,1119553.0
2024-02-23 00:00:00+00:00,1.52,1.77,1.52,1.77,750081.0
2024-02-23 04:00:00+00:00,1.77,2.0,1.76,1.99,2713115.0
2024-02-23 08:00:00+00:00,1.99,2.23,1.99,2.23,1452091.0
2024-02-23 12:00:00+00:00,2.23,2.72,2.21,2.67,2425421.0
2024-02-23 16:00:00+00:00,2.67,2.77,2.64,2.67,1856257.0
2024-02-23 20:00:00+00:00,2.67,2.97,2.67,2.94,1538516.0
2024-02-24 00:00:00+00:00,2.94,2.94,2.79,2.8,849763.0
2024-02-24 04:00:00+00:00,2.8,2.96,2.79,2.93,1861383.0
2024-02-24 08:00:00+00:00,2.93,2.97,2.84,2.87,1062155.0
2024-02-24 12:00:00+00:00,2.87,2.91,2.87,2.91,1465769.0
2024-02-24 16:00:00+00:00,2.91,3.2,2.89,3.16,429818.0
2024-02-24 20:00:00+00:00,3.16,3.21,2.76,2.77,1715159.0
2024-02-25 00:00:00+00:00,2.77,3.66,2.73,3.64,1408303.0
2024-02-25 04:00:00+00:00,3.64,3.66,3.08,3.09,3328647.0
2024-02-25 08:00:00+00:00,3.09,3.11,2.48,2.52,2116668.0
2024-02-25 12:00:00+00:00,2.52,2.96,2.52,2.95,1710737.0
2024-02-25 16:00:00+00:00,2.95,3.31,2.95,3.3,1724704.0
2024-02-25 20:00:00+00:00,3.3,3.68,3.23,3.61,775124.0
2024-02-26 00:00:00+00:00,3.61,4.0,3.56,3.94,2879330.0
2024-02-26 04:00:00+00:00,3.94,3.94,3.93,3.93,2732330.0
2024-02-26 08:00:00+00:00,3.93,3.94,3.39,3.4,1706284.0
2024-02-26 12:00:00+00:00,3.4,3.44,3.39,3.44,2281345.0
2024-02-26 16:00:00+00:00,3.44,3.45,3.08,3.09,982421.0
2024-02-26 20:00:00+00:00,3.09,3.54,3.08,3.53,963034.0
2024-02-27 00:00:00+00:00,3.53,3.53,3.45,3.45,1092542.0
2024-02-27 04:00:00+00:00,3.45,3.46,2.99,3.02,1709486.0
2024-02-27 08:00:00+00:00,3.02,3.06,2.83,2.87,943498.0
2024-02-27 12:00:00+00:00,2.87,3.07,2.84,3.04,1545973.0
2024-02-27 16:00:00+00:00,3.04,3.09,2.76,2.78,1466311.0
2024-02-27 20:00:00+00:00,2.78,2.78,2.43,2.43,834313.0
2024-02-28 00:00:00+00:00,2.43,2.63,2.39,2.52,1432570.0
2024-02-28 04:00:00+00:00,2.52,2.65,2.47,2.61,1702918.0
2024-02-28 08:00:00+00:00,2.61,2.66,2.38,2.41,1342897.0
2024-02-28 12:00:00+00:00,2.41,2.46,2.2,2.23,2164592.0
2024-02-28 16:00:00+00:00,2.23,2.38,2.18,2.31,598445.0
2024-02-28 20:00:00+00:00,2.31,2.31,1.78,1.8,2092666.0
2024-02-29 00:00:00+00:00,1.8,1.81,1.42,1.42,912311.0
2024-02-29 04:00:00+00:00,1.42,1.43,1.25,1.26,760676.0
2024-02-29 08:00:00+00:00,1.26,1.29,1.21,1.22,802763.0
2024-02-29 12:00:00+00:00,1.22,1.3,1.21,1.28,708935.0
2024-02-29 16:00:00+00:00,1.28,1.57,1.27,1.56,1261754.0
2024-02-29 20:00:00+00:00,1.56,1.76,1.56,1.76,1241241.0
2024-03-01 00:00:00+00:00,1.76,1.77,1.71,1.71,1635881.0
2024-03-01 04:00:00+00:00,1.71,1.76,1.67,1.7,862677.0
2024-03-01 08:00:00+00:00,1.7,1.73,1.44,1.45,655904.0
2024-03-01 12:00:00+00:00,1.45,1.46,1.43,1.44,1790746.0
2024-03-01 16:00:00+00:00,1.44,1.44,1.37,1.38,745136.0
2024-03-01 20:00:00+00:00,1.38,1.45,1.37,1.44,1107918.0
2024-03-02 00:00:00+00:00,1.44,1.48,1.24,1.26,1720863.0
2024-03-02 04:00:00+00:00,1.26,1.37,1.25,1.36,1358513.0
2024-03-02 08:00:00+00:00,1.36,1.68,1.33,1.67,2912965.0
2024-03-02 12:00:00+00:00,1.67,1.69,1.64,1.64,1338093.0
2024-03-02 16:00:00+00:00,1.64,1.75,1.62,1.74,764344.0
2024-03-02 20:00:00+00:00,1.74,1.92,1.73,1.91,3883027.0
2024-03-03 00:00:00+00:00,1.91,1.95,1.78,1.8,1305478.0
2024-03-03 04:00:00+00:00,1.8,1.87,1.79,1.85,1018937.0
2024-03-03 08:00:00+00:00,1.85,1.86,1.84,1.85,1622009.0
2024-03-03 12:00:00+00:00,1.85,1.9,1.83,1.88,1177381.0
2024-03-03 16:00:00+00:00,1.88,1.96,1.64,1.66,1641118.0
2024-03-03 20:00:00+00:00,1.66,1.67,1.66,1.67,3501778.0
2024-03-04 00:00:00+00:00,1.67,1.82,1.64,1.79,1060546.0
2024-03-04 04:00:00+00:00,1.79,2.18,1.78,2.17,1407004.0
2024-03-04 08:00:00+00:00,2.17,2.5,2.16,2.48,1513704.0
2024-03-04 12:00:00+00:00,2.48,3.29,2.48,3.28,3358199.0
2024-03-04 16:00:00+00:00,3.28,3.3,2.89,2.9,635089.0
2024-03-04 20:00:00+00:00,2.9,3.3,2.88,3.28,519868.0
2024-03-05 00:00:00+00:00,3.28,3.37,3.28,3.37,804531.0
2024-03-05 04:00:00+00:00,3.37,4.5,3.35,4.47,875587.0
2024-03-05 08:00:00+00:00,4.47,4.63,3.86,3.92,1105480.0
2024-03-05 12:00:00+00:00,3.92,3.92,3.42,3.42,1775706.0
2024-03-05 16:00:00+00:00,3.42,3.45,3.05,3.11,815460.0
2024-03-05 20:00:00+00:00,3.11,3.13,2.11,2.12,959833.0
2024-03-06 00:00:00+00:00,2.12,2.14,1.92,1.95,1283487.0
2024-03-06 04:00:00+00:00,1.95,1.95,1.72,1.72,2069815.0
2024-03-06 08:00:00+00:00,1.72,1.76,1.72,1.76,456178.0
2024-03-06 12:00:00+00:00,1.76,1.85,1.76,1.85,1733680.0
2024-03-06 16:00:00+00:00,1.85,2.37,1.85,2.37,2770791.0
2024-03-06 20:00:00+00:00,2.37,2.7,2.36,2.7,2295746.0
2024-03-07 00:00:00+00:00,2.7,2.73,2.44,2.47,2321730.0
2024-03-07 04:00:00+00:00,2.47,2.53,2.09,2.13,4231439.0
2024-03-07 08:00:00+00:00,2.13,2.31,2.08,2.29,1019843.0
2024-03-07 12:00:00+00:00,2.29,2.32,1.82,1.83,1686759.0
2024-03-07 16:00:00+00:00,1.83,2.34,1.83,2.33,1479087.0
2024-03-07 20:00:00+00:00,2.33,2.76,2.33,2.74,1529615.0
2024-03-08 00:00:00+00:00,2.74,2.76,2.54,2.55,2612056.0
2024-03-08 04:00:00+00:00,2.55,2.55,1.88,1.89,905230.0
2024-03-08 08:00:00+00:00,1.89,2.29,1.88,2.27,1044634.0
2024-03-08 12:00:00+00:00,2.27,2.29,2.21,2.23,2098487.0
2024-03-08 16:00:00+00:00,2.23,2.65,2.22,2.64,2584518.0
2024-03-08 20:00:00+00:00,2.64,2.66,2.0,2.01,1434350.0
2024-03-09 00:00:00+00:00,2.01,2.03,1.78,1.83,1950104.0
2024-03-09 04:00:00+00:00,1.83,1.86,1.81,1.83,1186037.0
2024-03-09 08:00:00+00:00,1.83,1.85,1.82,1.84,2156345.0
2024-03-09 12:00:00+00:00,1.84,1.88,1.67,1.72,1244963.0
2024-03-09 16:00:00+00:00,1.72,1.95,1.68,1.88,2134217.0
2024-03-09 20:00:00+00:00,1.88,1.89,1.57,1.57,5555988.0
2024-03-10 00:00:00+00:00,1.57,1.58,1.53,1.54,1438032.0
2024-03-10 04:00:00+00:00,1.54,1.58,1.53,1.57,1078045.0
2024-03-10 08:00:00+00:00,1.57,1.73,1.52,1.68,1761836.0
2024-03-10 12:00:00+00:00,1.68,1.88,1.63,1.86,1097984.0
2024-03-10 16:00:00+00:00,1.86,1.86,1.55,1.55,4977722.0
2024-03-10 20:00:00+00:00,1.55,1.55,1.18,1.19,1852028.0
2024-03-11 00:00:00+00:00,1.19,1.43,1.18,1.42,1372116.0
2024-03-11 04:00:00+00:00,1.42,1.5,1.41,1.49,755475.0
2024-03-11 08:00:00+00:00,1.49,1.49,1.31,1.32,2317664.0
2024-03-11 12:00:00+00:00,1.32,1.65,1.29,1.62,2616260.0
2024-03-11 16:00:00+00:00,1.62,1.67,1.6,1.65,818684.0
2024-03-11 20:00:00+00:00,1.65,1.98,1.63,1.94,2035068.0
2024-03-12 00:00:00+00:00,1.94,2.02,1.92,1.96,483579.0
2024-03-12 04:00:00+00:00,1.96,2.59,1.93,2.56,2100999.0
2024-03-12 08:00:00+00:00,2.56,3.25,2.54,3.23,2241750.0
2024-03-12 12:00:00+00:00,3.23,3.24,3.06,3.1,2616761.0
2024-03-12 16:00:00+00:00,3.1,3.56,3.1,3.55,975954.0
2024-03-12 20:00:00+00:00,3.55,3.92,3.49,3.9,679738.0
2024-03-13 00:00:00+00:00,3.9,4.7,3.88,4.69,1031156.0
2024-03-13 04:00:00+00:00,4.69,4.77,3.98,4.01,736409.0
2024-03-13 08:00:00+00:00,4.01,4.43,4.0,4.42,2548460.0
2024-03-13 12:00:00+00:00,4.42,5.12,4.41,5.12,3196797.0
2024-03-13 16:00:00+00:00,5.12,5.12,3.75,3.76,2105492.0
2024-03-13 20:00:00+00:00,3.76,3.76,3.09,3.09,2827013.0
2024-03-14 00:00:00+00:00,3.09,3.14,2.12,2.14,2053327.0
2024-03-14 04:00:00+00:00,2.14,2.17,2.03,2.05,1071732.0
2024-03-14 08:00:00+00:00,2.05,2.29,2.04,2.27,1117643.0
2024-03-14 12:00:00+00:00,2.27,2.79,2.27,2.78,1432721.0
2024-03-14 16:00:00+00:00,2.78,2.81,2.78,2.81,475268.0
2024-03-14 20:00:00+00:00,2.81,3.49,2.81,3.49,1966040.0
2024-03-15 00:00:00+00:00,3.49,3.5,2.76,2.76,1591609.0
2024-03-15 04:00:00+00:00,2.76,2.83,2.02,2.06,2568751.0
2024-03-15 08:00:00+00:00,2.06,2.06,2.03,2.04,1077335.0
2024-03-15 12:00:00+00:00,2.04,2.16,2.03,2.15,1076594.0
2024-03-15 16:00:00+00:00,2.15,2.15,2.13,2.14,658507.0
2024-03-15 20:00:00+00:00,2.14,2.14,1.48,1.48,1992498.0
2024-03-16 00:00:00+00:00,1.48,1.5,1.45,1.46,1509406.0
2024-03-16 04:00:00+00:00,1.46,1.48,1.17,1.17,895651.0
2024-03-16 08:00:00+00:00,1.17,1.29,1.17,1.29,1355800.0
2024-03-16 12:00:00+00:00,1.29,1.36,1.29,1.36,1304830.0
2024-03-16 16:00:00+00:00,1.36,1.37,1.16,1.17,996329.0
2024-03-16 20:00:00+00:00,1.17,1.17,1.07,1.07,920532.0
2024-03-17 00:00:00+00:00,1.07,1.08,0.9,0.9,1661509.0
2024-03-17 04:00:00+00:00,0.9,0.94,0.87,0.89,585664.0
2024-03-17 08:00:00+00:00,0.89,1.03,0.88,1.02,1693450.0
2024-03-17 12:00:00+00:00,1.02,1.02,0.86,0.87,925282.0
2024-03-17 16:00:00+00:00,0.87,0.93,0.86,0.93,2079979.0
2024-03-17 20:00:00+00:00,0.93,0.94,0.85,0.86,4000561.0
2024-03-18 00:00:00+00:00,0.86,0.86,0.75,0.75,885180.0
2024-03-18 04:00:00+00:00,0.75,0.77,0.73,0.74,1375053.0
2024-03-18 08:00:00+00:00,0.74,0.75,0.62,0.62,1020895.0
2024-03-18 12:00:00+00:00,0.62,0.62,0.57,0.57,2110113.0
2024-03-18 16:00:00+00:00,0.57,0.58,0.47,0.47,820114.0
2024-03-18 20:00:00+00:00,0.47,0.61,0.46,0.6,2389584.0
2024-03-19 00:00:00+00:00,0.6,0.63,0.6,0.61,653280.0
2024-03-19 04:00:00+00:00,0.61,0.61,0.54,0.54,1186210.0
2024-03-19 08:00:00+00:00,0.54,0.56,0.54,0.56,651553.0
2024-03-19 12:00:00+00:00,0.56,0.56,0.55,0.55,1592945.0
2024-03-19 16:00:00+00:00,0.55,0.56,0.53,0.53,726795.0
2024-03-19 20:00:00+00:00,0.53,0.58,0.53,0.58,1674695.0
2024-03-20 00:00:00+00:00,0.58,0.65,0.58,0.64,1124160.0
2024-03-20 04:00:00+00:00,0.64,0.64,0.59,0.59,1175270.0
2024-03-20 08:00:00+00:00,0.59,0.6,0.53,0.54,1361988.0
2024-03-20 12:00:00+00:00,0.54,0.54,0.51,0.51,771887.0
2024-03-20 16:00:00+00:00,0.51,0.52,0.33,0.34,2268421.0
2024-03-20 20:00:00+00:00,0.34,0.35,0.26,0.26,3628133.0
2024-03-21 00:00:00+00:00,0.26,0.31,0.26,0.31,1090301.0
2024-03-21 04:00:00+00:00,0.31,0.39,0.31,0.39,3115089.0
2024-03-21 08:00:00+00:00,0.39,0.39,0.37,0.37,2365684.0
2024-03-21 12:00:00+00:00,0.37,0.4,0.37,0.4,833080.0
2024-03-21 16:00:00+00:00,0.4,0.43,0.4,0.42,547551.0
2024-03-21 20:00:00+00:00,0.42,0.62,0.42,0.62,2766421.0
2024-03-22 00:00:00+00:00,0.62,0.72,0.61,0.72,1138530.0
2024-03-22 04:00:00+00:00,0.72,0.72,0.7,0.7,2709599.0
2024-03-22 08:00:00+00:00,0.7,0.7,0.59,0.6,1461218.0
2024-03-22 12:00:00+00:00,0.6,0.6,0.45,0.45,1158383.0
2024-03-22 16:00:00+00:00,0.45,0.47,0.45,0.47,611047.0
2024-03-22 20:00:00+00:00,0.47,0.47,0.41,0.41,2324023.0
2024-03-23 00:00:00+00:00,0.41,0.42,0.32,0.32,1238110.0
2024-03-23 04:00:00+00:00,0.32,0.33,0.29,0.29,1327155.0
2024-03-23 08:00:00+00:00,0.29,0.3,0.24,0.24,2409681.0
2024-03-23 12:00:00+00:00,0.24,0.31,0.24,0.3,1374953.0
2024-03-23 16:00:00+00:00,0.3,0.35,0.3,0.34,1357551.0
2024-03-23 20:00:00+00:00,0.34,0.34,0.34,0.34,1002964.0
2024-03-24 00:00:00+00:00,0.34,0.42,0.34,0.42,2320280.0
2024-03-24 04:00:00+00:00,0.42,0.43,0.41,0.42,1379860.0
2024-03-24 08:00:00+00:00,0.42,0.42,0.36,0.37,1246348.0
2024-03-24 12:00:00+00:00,0.37,0.45,0.36,0.45,1731681.0
2024-03-24 16:00:00+00:00,0.45,0.5,0.44,0.48,1025076.0
2024-03-24 20:00:00+00:00,0.48,0.49,0.4,0.41,704504.0
2024-03-25 00:00:00+00:00,0.41,0.41,0.39,0.39,1244127.0
2024-03-25 04:00:00+00:00,0.39,0.39,0.34,0.34,3611542.0
2024-03-25 08:00:00+00:00,0.34,0.34,0.27,0.27,1048130.0
2024-03-25 12:00:00+00:00,0.27,0.31,0.26,0.31,956986.0
2024-03-25 16:00:00+00:00,0.31,0.4,0.3,0.39,1197622.0
2024-03-25 20:00:00+00:00,0.39,0.39,0.31,0.31,2352717.0
2024-03-26 00:00:00+00:00,0.31,0.33,0.31,0.33,1557952.0
2024-03-26 04:00:00+00:00,0.33,0.34,0.3,0.3,1201998.0
2024-03-26 08:00:00+00:00,0.3,0.3,0.28,0.28,775729.0
2024-03-26 12:00:00+00:00,0.28,0.28,0.25,0.25,1335256.0
2024-03-26 16:00:00+00:00,0.25,0.26,0.21,0.22,639015.0
2024-03-26 20:00:00+00:00,0.22,0.22,0.22,0.22,1088746.0
2024-03-27 00:00:00+00:00,0.22,0.22,0.19,0.19,2129420.0
2024-03-27 04:00:00+00:00,0.19,0.2,0.19,0.2,595530.0
2024-03-27 08:00:00+00:00,0.2,0.2,0.2,0.2,479178.0
2024-03-27 12:00:00+00:00,0.2,0.2,0.19,0.19,2455905.0
2024-03-27 16:00:00+00:00,0.19,0.19,0.16,0.16,1043461.0
2024-03-27 20:00:00+00:00,0.16,0.17,0.14,0.15,2237559.0
2024-03-28 00:00:00+00:00,0.15,0.17,0.15,0.17,1232848.0
2024-03-28 04:00:00+00:00,0.17,0.18,0.17,0.18,1122366.0
2024-03-28 08:00:00+00:00,0.18,0.18,0.15,0.15,1803206.0
2024-03-28 12:00:00+00:00,0.15,0.15,0.15,0.15,666128.0
2024-03-28 16:00:00+00:00,0.15,0.17,0.15,0.17,1417810.0
2024-03-28 20:00:00+00:00,0.17,0.17,0.13,0.13,1453946.0
2024-03-29 00:00:00+00:00,0.13,0.14,0.13,0.14,638821.0
2024-03-29 04:00:00+00:00,0.14,0.14,0.12,0.12,1546485.0
2024-03-29 08:00:00+00:00,0.12,0.13,0.12,0.13,1094612.0
2024-03-29 12:00:00+00:00,0.13,0.13,0.12,0.12,1249493.0
2024-03-29 16:00:00+00:00,0.12,0.12,0.08,0.09,993897.0
2024-03-29 20:00:00+00:00,0.09,0.09,0.06,0.06,3856628.0
2024-03-30 00:00:00+00:00,0.06,0.06,0.06,0.06,1571446.0
2024-03-30 04:00:00+00:00,0.06,0.07,0.06,0.07,1793434.0
2024-03-30 08:00:00+00:00,0.07,0.07,0.06,0.06,1212821.0
2024-03-30 12:00:00+00:00,0.06,0.06,0.06,0.06,539027.0
2024-03-30 16:00:00+00:00,0.06,0.06,0.05,0.05,4660401.0
2024-03-30 20:00:00+00:00,0.05,0.05,0.05,0.05,1006069.0
2024-03-31 00:00:00+00:00,0.05,0.05,0.04,0.04,1064457.0
2024-03-31 04:00:00+00:00,0.04,0.04,0.03,0.03,1602078.0
2024-03-31 08:00:00+00:00,0.03,0.03,0.03,0.03,1817588.0
2024-03-31 12:00:00+00:00,0.03,0.03,0.03,0.03,1373212.0
2024-03-31 16:00:00+00:00,0.03,0.03,0.03,0.03,2236522.0
2024-03-31 20:00:00+00:00,0.03,0.03,0.03,0.03,2484795.0
2024-04-01 00:00:00+00:00,0.03,0.03,0.03,0.03,739382.0
2024-04-01 04:00:00+00:00,0.03,0.03,0.03,0.03,977642.0
2024-04-01 08:00:00+00:00,0.03,0.03,0.03,0.03,2445410.0
2024-04-01 12:00:00+00:00,0.03,0.03,0.03,0.03,317337.0
2024-04-01 16:00:00+00:00,0.03,0.04,0.03,0.04,1524007.0
2024-04-01 20:00:00+00:00,0.04,0.04,0.02,0.02,1035959.0
2024-04-02 00:00:00+00:00,0.02,0.02,0.02,0.02,1075455.0
2024-04-02 04:00:00+00:00,0.02,0.02,0.02,0.02,1079611.0
2024-04-02 08:00:00+00:00,0.02,0.02,0.02,0.02,917380.0
2024-04-02 12:00:00+00:00,0.02,0.02,0.02,0.02,880998.0
2024-04-02 16:00:00+00:00,0.02,0.02,0.02,0.02,738111.0
2024-04-02 20:00:00+00:00,0.02,0.02,0.02,0.02,3250447.0
2024-04-03 00:00:00+00:00,0.02,0.02,0.02,0.02,2734420.0
2024-04-03 04:00:00+00:00,0.02,0.02,0.02,0.02,847951.0
2024-04-03 08:00:00+00:00,0.02,0.02,0.02,0.02,2446835.0
2024-04-03 12:00:00+00:00,0.02,0.03,0.02,0.02,939236.0
2024-04-03 16:00:00+00:00,0.02,0.03,0.02,0.02,1269668.0
2024-04-03 20:00:00+00:00,0.02,0.02,0.02,0.02,1186062.0
2024-04-04 00:00:00+00:00,0.02,0.02,0.02,0.02,862293.0
2024-04-04 04:00:00+00:00,0.02,0.02,0.02,0.02,1918441.0
2024-04-04 08:00:00+00:00,0.02,0.02,0.02,0.02,1271332.0
2024-04-04 12:00:00+00:00,0.02,0.02,0.02,0.02,887438.0
2024-04-04 16:00:00+00:00,0.02,0.03,0.02,0.03,1005181.0
2024-04-04 20:00:00+00:00,0.03,0.03,0.03,0.03,887938.0
2024-04-05 00:00:00+00:00,0.03,0.03,0.03,0.03,506348.0
2024-04-05 04:00:00+00:00,0.03,0.03,0.03,0.03,1546370.0
2024-04-05 08:00:00+00:00,0.03,0.03,0.03,0.03,652573.0
2024-04-05 12:00:00+00:00,0.03,0.03,0.02,0.02,1681663.0
2024-04-05 16:00:00+00:00,0.02,0.02,0.02,0.02,2890089.0
2024-04-05 20:00:00+00:00,0.02,0.02,0.01,0.01,3360377.0
2024-04-06 00:00:00+00:00,0.01,0.01,0.01,0.01,1142449.0
2024-04-06 04:00:00+00:00,0.01,0.01,0.01,0.01,962737.0
2024-04-06 08:00:00+00:00,0.01,0.02,0.01,0.02,4454606.0
2024-04-06 12:00:00+00:00,0.02,0.02,0.02,0.02,1485168.0
2024-04-06 16:00:00+00:00,0.02,0.02,0.02,0.02,934434.0
2024-04-06 20:00:00+00:00,0.02,0.02,0.02,0.02,672077.0
2024-04-07 00:00:00+00:00,0.02,0.02,0.01,0.01,2431655.0
2024-04-07 04:00:00+00:00,0.01,0.01,0.01,0.01,1671609.0
2024-04-07 08:00:00+00:00,0.01,0.01,0.01,0.01,980910.0
2024-04-07 12:00:00+00:00,0.01,0.01,0.01,0.01,1928160.0
2024-04-07 16:00:00+00:00,0.01,0.01,0.01,0.01,1261756.0
2024-04-07 20:00:00+00:00,0.01,0.01,0.01,0.01,1049882.0
2024-04-08 00:00:00+00:00,0.01,0.01,0.01,0.01,342444.0
2024-04-08 04:00:00+00:00,0.01,0.01,0.01,0.01,1149029.0
2024-04-08 08:00:00+00:00,0.01,0.02,0.01,0.02,3281382.0
2024-04-08 12:00:00+00:00,0.02,0.02,0.02,0.02,788449.0
2024-04-08 16:00:00+00:00,0.02,0.02,0.02,0.02,1140699.0
2024-04-08 20:00:00+00:00,0.02,0.02,0.02,0.02,827196.0
2024-04-09 00:00:00+00:00,0.02,0.02,0.02,0.02,1655804.0
2024-04-09 04:00:00+00:00,0.02,0.02,0.02,0.02,1232542.0
2024-04-09 08:00:00+00:00,0.02,0.02,0.02,0.02,866140.0
2024-04-09 12:00:00+00:00,0.02,0.02,0.02,0.02,2009806.0
2024-04-09 16:00:00+00:00,0.02,0.02,0.01,0.01,1929632.0
2024-04-09 20:00:00+00:00,0.01,0.02,0.01,0.02,898515.0
2024-04-10 00:00:00+00:00,0.02,0.02,0.02,0.02,1475728.0
2024-04-10 04:00:00+00:00,0.02,0.02,0.02,0.02,1919793.0
2024-04-10 08:00:00+00:00,0.02,0.02,0.02,0.02,1694247.0
2024-04-10 12:00:00+00:00,0.02,0.02,0.02,0.02,480377.0
2024-04-10 16:00:00+00:00,0.02,0.02,0.01,0.01,2381326.0
2024-04-10 20:00:00+00:00,0.01,0.01,0.01,0.01,901778.0
2024-04-11 00:00:00+00:00,0.01,0.01,0.01,0.01,979037.0
2024-04-11 04:00:00+00:00,0.01,0.02,0.01,0.02,5017621.0
2024-04-11 08:00:00+00:00,0.02,0.02,0.01,0.01,1644049.0
2024-04-11 12:00:00+00:00,0.01,0.02,0.01,0.02,1148044.0
2024-04-11 16:00:00+00:00,0.02,0.02,0.02,0.02,534994.0
2024-04-11 20:00:00+00:00,0.02,0.02,0.02,0.02,2379251.0
2024-04-12 00:00:00+00:00,0.02,0.03,0.02,0.03,942237.0
2024-04-12 04:00:00+00:00,0.03,0.03,0.02,0.02,815307.0
2024-04-12 08:00:00+00:00,0.02,0.02,0.02,0.02,1320414.0
2024-04-12 12:00:00+00:00,0.02,0.02,0.01,0.01,3651775.0
2024-04-12 16:00:00+00:00,0.01,0.02,0.01,0.02,2465765.0
2024-04-12 20:00:00+00:00,0.02,0.02,0.02,0.02,1198047.0
2024-04-13 00:00:00+00:00,0.02,0.02,0.02,0.02,1193481.0
2024-04-13 04:00:00+00:00,0.02,0.02,0.02,0.02,834455.0
2024-04-13 08:00:00+00:00,0.02,0.02,0.02,0.02,1613126.0
2024-04-13 12:00:00+00:00,0.02,0.02,0.02,0.02,2181319.0
2024-04-13 16:00:00+00:00,0.02,0.02,0.02,0.02,1721205.0
2024-04-13 20:00:00+00:00,0.02,0.02,0.02,0.02,1705182.0
2024-04-14 00:00:00+00:00,0.02,0.02,0.02,0.02,1697897.0
2024-04-14 04:00:00+00:00,0.02,0.03,0.02,0.03,1016857.0
2024-04-14 08:00:00+00:00,0.03,0.03,0.03,0.03,1598537.0
2024-04-14 12:00:00+00:00,0.03,0.03,0.02,0.02,1292449.0
2024-04-14 16:00:00+00:00,0.02,0.03,0.02,0.03,707150.0
2024-04-14 20:00:00+00:00,0.03,0.03,0.03,0.03,1511685.0
2024-04-15 00:00:00+00:00,0.03,0.04,0.03,0.04,1677381.0
2024-04-15 04:00:00+00:00,0.04,0.05,0.04,0.05,2710495.0
2024-04-15 08:00:00+00:00,0.05,0.05,0.05,0.05,1119855.0
2024-04-15 12:00:00+00:00,0.05,0.05,0.04,0.04,788159.0
2024-04-15 16:00:00+00:00,0.04,0.04,0.04,0.04,1084341.0
2024-04-15 20:00:00+00:00,0.04,0.04,0.04,0.04,1087540.0
2024-04-16 00:00:00+00:00,0.04,0.04,0.04,0.04,1632731.0
2024-04-16 04:00:00+00:00,0.04,0.05,0.03,0.03,2786198.0
2024-04-16 08:00:00+00:00,0.03,0.04,0.03,0.04,2814348.0
2024-04-16 12:00:00+00:00,0.04,0.04,0.04,0.04,793851.0
2024-04-16 16:00:00+00:00,0.04,0.04,0.04,0.04,873905.0
2024-04-16 20:00:00+00:00,0.04,0.04,0.03,0.03,863660.0
2024-04-17 00:00:00+00:00,0.03,0.03,0.02,0.02,2470682.0
2024-04-17 04:00:00+00:00,0.02,0.03,0.02,0.03,2833222.0
2024-04-17 08:00:00+00:00,0.03,0.03,0.03,0.03,884620.0
2024-04-17 12:00:00+00:00,0.03,0.03,0.02,0.02,1393989.0
2024-04-17 16:00:00+00:00,0.02,0.02,0.02,0.02,3290290.0
2024-04-17 20:00:00+00:00,0.02,0.02,0.02,0.02,1478923.0
2024-04-18 00:00:00+00:00,0.02,0.02,0.02,0.02,2180949.0
2024-04-18 04:00:00+00:00,0.02,0.02,0.02,0.02,614352.0
2024-04-18 08:00:00+00:00,0.02,0.02,0.02,0.02,2350352.0
2024-04-18 12:00:00+00:00,0.02,0.02,0.01,0.02,696383.0
2024-04-18 16:00:00+00:00,0.02,0.02,0.01,0.01,635480.0
2024-04-18 20:00:00+00:00,0.01,0.01,0.01,0.01,1859247.0
2024-04-19 00:00:00+00:00,0.01,0.01,0.01,0.01,762600.0
2024-04-19 04:00:00+00:00,0.01,0.01,0.01,0.01,985003.0
2024-04-19 08:00:00+00:00,0.01,0.01,0.01,0.01,639366.0
2024-04-19 12:00:00+00:00,0.01,0.01,0.01,0.01,2962515.0
2024-04-19 16:00:00+00:00,0.01,0.01,0.01,0.01,2652160.0
2024-04-19 20:00:00+00:00,0.01,0.01,0.01,0.01,422589.0
2024-04-20 00:00:00+00:00,0.01,0.01,0.01,0.01,2439806.0
2024-04-20 04:00:00+00:00,0.01,0.02,0.01,0.02,1440333.0
2024-04-20 08:00:00+00:00,0.02,0.02,0.02,0.02,1578927.0
2024-04-20 12:00:00+00:00,0.02,0.02,0.02,0.02,974255.0
2024-04-20 16:00:00+00:00,0.02,0.02,0.02,0.02,1023289.0
2024-04-20 20:00:00+00:00,0.02,0.02,0.02,0.02,991754.0
2024-04-21 00:00:00+00:00,0.02,0.02,0.02,0.02,1945733.0
2024-04-21 04:00:00+00:00,0.02,0.02,0.01,0.01,672411.0
2024-04-21 08:00:00+00:00,0.01,0.01,0.01,0.01,1686267.0
2024-04-21 12:00:00+00:00,0.01,0.01,0.01,0.01,1756998.0
2024-04-21 16:00:00+00:00,0.01,0.01,0.01,0.01,1773367.0
2024-04-21 20:00:00+00:00,0.01,0.01,0.01,0.01,4217907.0
2024-04-22 00:00:00+00:00,0.01,0.01,0.01,0.01,805591.0
2024-04-22 04:00:00+00:00,0.01,0.01,0.01,0.01,1795534.0
2024-04-22 08:00:00+00:00,0.01,0.01,0.01,0.01,1591594.0
2024-04-22 12:00:00+00:00,0.01,0.01,0.01,0.01,4060384.0
2024-04-22 16:00:00+00:00,0.01,0.01,0.01,0.01,1486873.0
2024-04-22 20:00:00+00:00,0.01,0.01,0.01,0.01,1286734.0
2024-04-23 00:00:00+00:00,0.01,0.01,0.01,0.01,3711463.0
2024-04-23 04:00:00+00:00,0.01,0.01,0.01,0.01,901676.0
2024-04-23 08:00:00+00:00,0.01,0.01,0.01,0.01,575284.0
2024-04-23 12:00:00+00:00,0.01,0.01,0.01,0.01,1260451.0
2024-04-23 16:00:00+00:00,0.01,0.01,0.0,0.0,1838115.0
2024-04-23 20:00:00+00:00,0.0,0.0,0.0,0.0,3005791.0
2024-04-24 00:00:00+00:00,0.0,0.0,0.0,0.0,1891923.0
2024-04-24 04:00:00+00:00,0.0,0.01,0.0,0.01,2749126.0
2024-04-24 08:00:00+00:00,0.01,0.01,0.01,0.01,797782.0
2024-04-24 12:00:00+00:00,0.01,0.01,0.01,0.01,1062258.0
2024-04-24 16:00:00+00:00,0.01,0.01,0.01,0.01,1304546.0
2024-04-24 20:00:00+00:00,0.01,0.01,0.01,0.01,1166261.0
2024-04-25 00:00:00+00:00,0.01,0.01,0.01,0.01,1273663.0
2024-04-25 04:00:00+00:00,0.01,0.01,0.0,0.0,2188132.0
2024-04-25 08:00:00+00:00,0.0,0.01,0.0,0.01,1058237.0
2024-04-25 12:00:00+00:00,0.01,0.01,0.01,0.01,1186894.0
2024-04-25 16:00:00+00:00,0.01,0.01,0.0,0.01,1141673.0
2024-04-25 20:00:00+00:00,0.01,0.01,0.0,0.01,831391.0
2024-04-26 00:00:00+00:00,0.01,0.01,0.01,0.01,1134505.0
2024-04-26 04:00:00+00:00,0.01,0.01,0.01,0.01,1081001.0
2024-04-26 08:00:00+00:00,0.01,0.01,0.01,0.01,1401996.0
2024-04-26 12:00:00+00:00,0.01,0.01,0.01,0.01,1509327.0
2024-04-26 16:00:00+00:00,0.01,0.01,0.01,0.01,1327392.0
2024-04-26 20:00:00+00:00,0.01,0.01,0.01,0.01,1021391.0
2024-04-27 00:00:00+00:00,0.01,0.01,0.01,0.01,2150997.0
2024-04-27 04:00:00+00:00,0.01,0.01,0.01,0.01,639570.0
2024-04-27 08:00:00+00:00,0.01,0.01,0.01,0.01,1089256.0
2024-04-27 12:00:00+00:00,0.01,0.01,0.01,0.01,5688180.0
2024-04-27 16:00:00+00:00,0.01,0.01,0.01,0.01,644028.0
2024-04-27 20:00:00+00:00,0.01,0.01,0.01,0.01,627213.0
2024-04-28 00:00:00+00:00,0.01,0.01,0.01,0.01,2126812.0
2024-04-28 04:00:00+00:00,0.01,0.01,0.01,0.01,465765.0
2024-04-28 08:00:00+00:00,0.01,0.01,0.0,0.0,1451478.0
2024-04-28 12:00:00+00:00,0.0,0.0,0.0,0.0,4968596.0
2024-04-28 16:00:00+00:00,0.0,0.0,0.0,0.0,588384.0
2024-04-28 20:00:00+00:00,0.0,0.0,0.0,0.0,584638.0
2024-04-29 00:00:00+00:00,0.0,0.0,0.0,0.0,846331.0
2024-04-29 04:00:00+00:00,0.0,0.0,0.0,0.0,3033024.0
2024-04-29 08:00:00+00:00,0.0,0.0,0.0,0.0,3096967.0
2024-04-29 12:00:00+00:00,0.0,0.0,0.0,0.0,848520.0
2024-04-29 16:00:00+00:00,0.0,0.0,0.0,0.0,1466339.0
2024-04-29 20:00:00+00:00,0.0,0.0,0.0,0.0,2488642.0
2024-04-30 00:00:00+00:00,0.0,0.0,0.0,0.0,2887034.0
2024-04-30 04:00:00+00:00,0.0,0.0,0.0,0.0,897600.0
2024-04-30 08:00:00+00:00,0.0,0.0,0.0,0.0,471962.0
2024-04-30 12:00:00+00:00,0.0,0.0,0.0,0.0,698664.0
2024-04-30 16:00:00+00:00,0.0,0.0,0.0,0.0,863734.0
2024-04-30 20:00:00+00:00,0.0,0.0,0.0,0.0,1019811.0
2024-05-01 00:00:00+00:00,0.0,0.0,0.0,0.0,931813.0
2024-05-01 04:00:00+00:00,0.0,0.0,0.0,0.0,1993008.0
2024-05-01 08:00:00+00:00,0.0,0.0,0.0,0.0,3342455.0
2024-05-01 12:00:00+00:00,0.0,0.0,0.0,0.0,1472419.0
2024-05-01 16:00:00+00:00,0.0,0.0,0.0,0.0,2315344.0
2024-05-01 20:00:00+00:00,0.0,0.0,0.0,0.0,1290718.0
2024-05-02 00:00:00+00:00,0.0,0.0,0.0,0.0,1115639.0
2024-05-02 04:00:00+00:00,0.0,0.0,0.0,0.0,1590685.0
2024-05-02 08:00:00+00:00,0.0,0.0,0.0,0.0,1199498.0
2024-05-02 12:00:00+00:00,0.0,0.0,0.0,0.0,3469635.0
2024-05-02 16:00:00+00:00,0.0,0.0,0.0,0.0,656315.0
2024-05-02 20:00:00+00:00,0.0,0.0,0.0,0.0,843393.0
2024-05-03 00:00:00+00:00,0.0,0.0,0.0,0.0,1349015.0
2024-05-03 04:00:00+00:00,0.0,0.0,0.0,0.0,1478660.0
2024-05-03 08:00:00+00:00,0.0,0.0,0.0,0.0,3323036.0
2024-05-03 12:00:00+00:00,0.0,0.0,0.0,0.0,1448817.0
2024-05-03 16:00:00+00:00,0.0,0.0,0.0,0.0,597300.0
2024-05-03 20:00:00+00:00,0.0,0.0,0.0,0.0,1705088.0
2024-05-04 00:00:00+00:00,0.0,0.0,0.0,0.0,2109178.0
2024-05-04 04:00:00+00:00,0.0,0.0,0.0,0.0,664064.0
2024-05-04 08:00:00+00:00,0.0,0.0,0.0,0.0,1457735.0
2024-05-04 12:00:00+00:00,0.0,0.0,0.0,0.0,823731.0
2024-05-04 16:00:00+00:00,0.0,0.0,0.0,0.0,1127188.0
2024-05-04 20:00:00+00:00,0.0,0.0,0.0,0.0,812964.0
2024-05-05 00:00:00+00:00,0.0,0.0,0.0,0.0,1523112.0
2024-05-05 04:00:00+00:00,0.0,0.0,0.0,0.0,1308801.0
2024-05-05 08:00:00+00:00,0.0,0.0,0.0,0.0,695047.0
2024-05-05 12:00:00+00:00,0.0,0.0,0.0,0.0,1690824.0
2024-05-05 16:00:00+00:00,0.0,0.0,0.0,0.0,651796.0
2024-05-05 20:00:00+00:00,0.0,0.0,0.0,0.0,1497999.0
2024-05-06 00:00:00+00:00,0.0,0.0,0.0,0.0,1083508.0
2024-05-06 04:00:00+00:00,0.0,0.0,0.0,0.0,1174479.0
2024-05-06 08:00:00+00:00,0.0,0.0,0.0,0.0,2062419.0
2024-05-06 12:00:00+00:00,0.0,0.0,0.0,0.0,1860566.0
2024-05-06 16:00:00+00:00,0.0,0.0,0.0,0.0,2887593.0
2024-05-06 20:00:00+00:00,0.0,0.0,0.0,0.0,1364131.0
2024-05-07 00:00:00+00:00,0.0,0.0,0.0,0.0,2553239.0
2024-05-07 04:00:00+00:00,0.0,0.0,0.0,0.0,986652.0
2024-05-07 08:00:00+00:00,0.0,0.0,0.0,0.0,1193129.0
2024-05-07 12:00:00+00:00,0.0,0.0,0.0,0.0,1719106.0
2024-05-07 16:00:00+00:00,0.0,0.0,0.0,0.0,1258155.0
2024-05-07 20:00:00+00:00,0.0,0.0,0.0,0.0,508282.0
2024-05-08 00:00:00+00:00,0.0,0.0,0.0,0.0,1252886.0
2024-05-08 04:00:00+00:00,0.0,0.0,0.0,0.0,2586289.0
2024-05-08 08:00:00+00:00,0.0,0.0,0.0,0.0,737601.0
2024-05-08 12:00:00+00:00,0.0,0.0,0.0,0.0,799564.0
2024-05-08 16:00:00+00:00,0.0,0.0,0.0,0.0,2738711.0
2024-05-08 20:00:00+00:00,0.0,0.0,0.0,0.0,1289521.0
2024-05-09 00:00:00+00:00,0.0,0.0,0.0,0.0,1598383.0
2024-05-09 04:00:00+00:00,0.0,0.0,0.0,0.0,721988.0
2024-05-09 08:00:00+00:00,0.0,0.0,0.0,0.0,1208775.0
2024-05-09 12:00:00+00:00,0.0,0.0,0.0,0.0,2543372.0
2024-05-09 16:00:00+00:00,0.0,0.0,0.0,0.0,1334214.0
2024-05-09 20:00:00+00:00,0.0,0.0,0.0,0.0,981318.0
2024-05-10 00:00:00+00:00,0.0,0.0,0.0,0.0,1865030.0
2024-05-10 04:00:00+00:00,0.0,0.0,0.0,0.0,856990.0
2024-05-10 08:00:00+00:00,0.0,0.0,0.0,0.0,3597491.0
2024-05-10 12:00:00+00:00,0.0,0.0,0.0,0.0,2594485.0
2024-05-10 16:00:00+00:00,0.0,0.0,0.0,0.0,873690.0
2024-05-10 20:00:00+00:00,0.0,0.0,0.0,0.0,748740.0
2024-05-11 00:00:00+00:00,0.0,0.0,0.0,0.0,346906.0
2024-05-11 04:00:00+00:00,0.0,0.0,0.0,0.0,518838.0
2024-05-11 08:00:00+00:00,0.0,0.0,0.0,0.0,815110.0
2024-05-11 12:00:00+00:00,0.0,0.0,0.0,0.0,1262046.0
2024-05-11 16:00:00+00:00,0.0,0.0,0.0,0.0,1090143.0
2024-05-11 20:00:00+00:00,0.0,0.0,0.0,0.0,643282.0
2024-05-12 00:00:00+00:00,0.0,0.0,0.0,0.0,1298916.0
2024-05-12 04:00:00+00:00,0.0,0.0,0.0,0.0,1781761.0
2024-05-12 08:00:00+00:00,0.0,0.0,0.0,0.0,1582411.0
2024-05-12 12:00:00+00:00,0.0,0.0,0.0,0.0,395631.0
2024-05-12 16:00:00+00:00,0.0,0.0,0.0,0.0,1622511.0
2024-05-12 20:00:00+00:00,0.0,0.0,0.0,0.0,601963.0
2024-05-13 00:00:00+00:00,0.0,0.0,0.0,0.0,1730260.0
2024-05-13 04:00:00+00:00,0.0,0.0,0.0,0.0,1674057.0
2024-05-13 08:00:00+00:00,0.0,0.0,0.0,0.0,999283.0
2024-05-13 12:00:00+00:00,0.0,0.0,0.0,0.0,1007400.0
2024-05-13 16:00:00+00:00,0.0,0.0,0.0,0.0,1177421.0
2024-05-13 20:00:00+00:00,0.0,0.0,0.0,0.0,327074.0
2024-05-14 00:00:00+00:00,0.0,0.0,0.0,0.0,1550929.0
2024-05-14 04:00:00+00:00,0.0,0.0,0.0,0.0,891390.0
2024-05-14 08:00:00+00:00,0.0,0.0,0.0,0.0,1660321.0
2024-05-14 12:00:00+00:00,0.0,0.0,0.0,0.0,821044.0
2024-05-14 16:00:00+00:00,0.0,0.0,0.0,0.0,897622.0
2024-05-14 20:00:00+00:00,0.0,0.0,0.0,0.0,495384.0
2024-05-15 00:00:00+00:00,0.0,0.0,0.0,0.0,725118.0
2024-05-15 04:00:00+00:00,0.0,0.0,0.0,0.0,657148.0
2024-05-15 08:00:00+00:00,0.0,0.0,0.0,0.0,1859792.0
2024-05-15 12:00:00+00:00,0.0,0.0,0.0,0.0,782011.0
2024-05-15 16:00:00+00:00,0.0,0.0,0.0,0.0,1283962.0
2024-05-15 20:00:00+00:00,0.0,0.0,0.0,0.0,1300989.0
2024-05-16 00:00:00+00:00,0.0,0.0,0.0,0.0,738867.0
2024-05-16 04:00:00+00:00,0.0,0.0,0.0,0.0,988653.0
2024-05-16 08:00:00+00:00,0.0,0.0,0.0,0.0,1604648.0
2024-05-16 12:00:00+00:00,0.0,0.0,0.0,0.0,907325.0
2024-05-16 16:00:00+00:00,0.0,0.0,0.0,0.0,1643905.0
2024-05-16 20:00:00+00:00,0.0,0.0,0.0,0.0,962976.0
2024-05-17 00:00:00+00:00,0.0,0.0,0.0,0.0,1303968.0
2024-05-17 04:00:00+00:00,0.0,0.0,0.0,0.0,1471378.0
2024-05-17 08:00:00+00:00,0.0,0.0,0.0,0.0,1010905.0
2024-05-17 12:00:00+00:00,0.0,0.0,0.0,0.0,1064996.0
2024-05-17 16:00:00+00:00,0.0,0.0,0.0,0.0,1268248.0
2024-05-17 20:00:00+00:00,0.0,0.0,0.0,0.0,1306635.0
2024-05-18 00:00:00+00:00,0.0,0.0,0.0,0.0,499380.0
2024-05-18 04:00:00+00:00,0.0,0.0,0.0,0.0,818114.0
2024-05-18 08:00:00+00:00,0.0,0.0,0.0,0.0,1572333.0
2024-05-18 12:00:00+00:00,0.0,0.0,0.0,0.0,2003569.0
2024-05-18 16:00:00+00:00,0.0,0.0,0.0,0.0,1053917.0
2024-05-18 20:00:00+00:00,0.0,0.01,0.0,0.01,1520881.0
2024-05-19 00:00:00+00:00,0.01,0.01,0.01,0.01,1422913.0
2024-05-19 04:00:00+00:00,0.01,0.01,0.0,0.0,1671449.0
2024-05-19 08:00:00+00:00,0.0,0.01,0.0,0.0,406245.0
2024-05-19 12:00:00+00:00,0.0,0.0,0.0,0.0,1026058.0
2024-05-19 16:00:00+00:00,0.0,0.0,0.0,0.0,1191015.0
2024-05-19 20:00:00+00:00,0.0,0.0,0.0,0.0,2053877.0
2024-05-20 00:00:00+00:00,0.0,0.0,0.0,0.0,4669322.0
2024-05-20 04:00:00+00:00,0.0,0.0,0.0,0.0,900331.0
2024-05-20 08:00:00+00:00,0.0,0.0,0.0,0.0,549433.0
2024-05-20 12:00:00+00:00,0.0,0.0,0.0,0.0,2079745.0
2024-05-20 16:00:00+00:00,0.0,0.0,0.0,0.0,2793426.0
2024-05-20 20:00:00+00:00,0.0,0.0,0.0,0.0,1529421.0
2024-05-21 00:00:00+00:00,0.0,0.0,0.0,0.0,692933.0
2024-05-21 04:00:00+00:00,0.0,0.0,0.0,0.0,1641006.0
2024-05-21 08:00:00+00:00,0.0,0.0,0.0,0.0,1818992.0
2024-05-21 12:00:00+00:00,0.0,0.0,0.0,0.0,897813.0
2024-05-21 16:00:00+00:00,0.0,0.0,0.0,0.0,1424913.0
2024-05-21 20:00:00+00:00,0.0,0.0,0.0,0.0,1778501.0
2024-05-22 00:00:00+00:00,0.0,0.0,0.0,0.0,2215149.0
2024-05-22 04:00:00+00:00,0.0,0.0,0.0,0.0,1098051.0
2024-05-22 08:00:00+00:00,0.0,0.0,0.0,0.0,1763921.0
2024-05-22 12:00:00+00:00,0.0,0.0,0.0,0.0,2368460.0
2024-05-22 16:00:00+00:00,0.0,0.0,0.0,0.0,673984.0
2024-05-22 20:00:00+00:00,0.0,0.0,0.0,0.0,1588784.0
2024-05-23 00:00:00+00:00,0.0,0.0,0.0,0.0,627898.0
2024-05-23 04:00:00+00:00,0.0,0.0,0.0,0.0,2184948.0
2024-05-23 08:00:00+00:00,0.0,0.0,0.0,0.0,1352821.0
2024-05-23 12:00:00+00:00,0.0,0.0,0.0,0.0,3098484.0
2024-05-23 16:00:00+00:00,0.0,0.0,0.0,0.0,1602040.0
2024-05-23 20:00:00+00:00,0.0,0.0,0.0,0.0,743680.0
2024-05-24 00:00:00+00:00,0.0,0.0,0.0,0.0,2478378.0
2024-05-24 04:00:00+00:00,0.0,0.0,0.0,0.0,2704304.0
2024-05-24 08:00:00+00:00,0.0,0.0,0.0,0.0,2002297.0
2024-05-24 12:00:00+00:00,0.0,0.0,0.0,0.0,747853.0
2024-05-24 16:00:00+00:00,0.0,0.0,0.0,0.0,1440867.0
2024-05-24 20:00:00+00:00,0.0,0.0,0.0,0.0,1827403.0
2024-05-25 00:00:00+00:00,0.0,0.0,0.0,0.0,1273740.0
2024-05-25 04:00:00+00:00,0.0,0.0,0.0,0.0,2967341.0
2024-05-25 08:00:00+00:00,0.0,0.0,0.0,0.0,1259687.0
2024-05-25 12:00:00+00:00,0.0,0.0,0.0,0.0,292709.0
2024-05-25 16:00:00+00:00,0.0,0.0,0.0,0.0,1365903.0
2024-05-25 20:00:00+00:00,0.0,0.0,0.0,0.0,1091000.0
2024-05-26 00:00:00+00:00,0.0,0.01,0.0,0.01,1836474.0
2024-05-26 04:00:00+00:00,0.01,0.01,0.01,0.01,896348.0
2024-05-26 08:00:00+00:00,0.01,0.01,0.01,0.01,2032274.0
2024-05-26 12:00:00+00:00,0.01,0.01,0.0,0.0,2833997.0
2024-05-26 16:00:00+00:00,0.0,0.0,0.0,0.0,1529200.0
2024-05-26 20:00:00+00:00,0.0,0.0,0.0,0.0,855344.0
2024-05-27 00:00:00+00:00,0.0,0.0,0.0,0.0,1761041.0
2024-05-27 04:00:00+00:00,0.0,0.0,0.0,0.0,1243857.0
2024-05-27 08:00:00+00:00,0.0,0.0,0.0,0.0,737661.0
2024-05-27 12:00:00+00:00,0.0,0.0,0.0,0.0,1344257.0
2024-05-27 16:00:00+00:00,0.0,0.01,0.0,0.01,1922575.0
2024-05-27 20:00:00+00:00,0.01,0.01,0.01,0.01,4618420.0
2024-05-28 00:00:00+00:00,0.01,0.01,0.01,0.01,2319434.0
2024-05-28 04:00:00+00:00,0.01,0.01,0.01,0.01,865640.0
2024-05-28 08:00:00+00:00,0.01,0.01,0.01,0.01,2215951.0
2024-05-28 12:00:00+00:00,0.01,0.01,0.01,0.01,812597.0
2024-05-28 16:00:00+00:00,0.01,0.01,0.01,0.01,2593563.0
2024-05-28 20:00:00+00:00,0.01,0.01,0.01,0.01,975522.0
2024-05-29 00:00:00+00:00,0.01,0.01,0.01,0.01,696331.0
2024-05-29 04:00:00+00:00,0.01,0.01,0.01,0.01,1456187.0
2024-05-29 08:00:00+00:00,0.01,0.01,0.01,0.01,393567.0
2024-05-29 12:00:00+00:00,0.01,0.01,0.01,0.01,570490.0
2024-05-29 16:00:00+00:00,0.01,0.02,0.01,0.02,1123893.0
2024-05-29 20:00:00+00:00,0.02,0.02,0.02,0.02,1542138.0
2024-05-30 00:00:00+00:00,0.02,0.02,0.02,0.02,1268682.0
2024-05-30 04:00:00+00:00,0.02,0.03,0.02,0.03,736214.0
2024-05-30 08:00:00+00:00,0.03,0.03,0.03,0.03,858081.0
2024-05-30 12:00:00+00:00,0.03,0.03,0.03,0.03,1307934.0
2024-05-30 16:00:00+00:00,0.03,0.03,0.03,0.03,1425386.0
2024-05-30 20:00:00+00:00,0.03,0.03,0.03,0.03,1528894.0
2024-05-31 00:00:00+00:00,0.03,0.03,0.03,0.03,2439636.0
2024-05-31 04:00:00+00:00,0.03,0.03,0.03,0.03,1421540.0
2024-05-31 08:00:00+00:00,0.03,0.03,0.03,0.03,810359.0
2024-05-31 12:00:00+00:00,0.03,0.03,0.03,0.03,879865.0
2024-05-31 16:00:00+00:00,0.03,0.04,0.03,0.03,776870.0
2024-05-31 20:00:00+00:00,0.03,0.04,0.03,0.04,1028219.0
2024-06-01 00:00:00+00:00,0.04,0.04,0.04,0.04,1779037.0
2024-06-01 04:00:00+00:00,0.04,0.04,0.03,0.03,2261165.0
2024-06-01 08:00:00+00:00,0.03,0.03,0.03,0.03,2691273.0
2024-06-01 12:00:00+00:00,0.03,0.04,0.03,0.04,1108493.0
2024-06-01 16:00:00+00:00,0.04,0.05,0.03,0.05,3866958.0
2024-06-01 20:00:00+00:00,0.05,0.05,0.04,0.04,1034287.0
2024-06-02 00:00:00+00:00,0.04,0.05,0.04,0.05,2291400.0
2024-06-02 04:00:00+00:00,0.05,0.05,0.05,0.05,1099390.0
2024-06-02 08:00:00+00:00,0.05,0.06,0.05,0.06,2434114.0
2024-06-02 12:00:00+00:00,0.06,0.06,0.06,0.06,2182051.0
2024-06-02 16:00:00+00:00,0.06,0.06,0.06,0.06,1020328.0
2024-06-02 20:00:00+00:00,0.06,0.07,0.06,0.07,1419669.0
2024-06-03 00:00:00+00:00,0.07,0.07,0.06,0.07,2063474.0
2024-06-03 04:00:00+00:00,0.07,0.07,0.06,0.06,1124305.0
2024-06-03 08:00:00+00:00,0.06,0.07,0.06,0.06,561378.0
2024-06-03 12:00:00+00:00,0.06,0.08,0.06,0.08,4328390.0
2024-06-03 16:00:00+00:00,0.08,0.08,0.06,0.06,1156428.0
2024-06-03 20:00:00+00:00,0.06,0.07,0.06,0.06,1146687.0
2024-06-04 00:00:00+00:00,0.06,0.07,0.06,0.06,2343203.0
2024-06-04 04:00:00+00:00,0.06,0.07,0.06,0.07,1133933.0
2024-06-04 08:00:00+00:00,0.07,0.07,0.05,0.05,1018605.0
2024-06-04 12:00:00+00:00,0.05,0.05,0.05,0.05,1421435.0
2024-06-04 16:00:00+00:00,0.05,0.05,0.05,0.05,477017.0
2024-06-04 20:00:00+00:00,0.05,0.06,0.05,0.06,1475533.0
2024-06-05 00:00:00+00:00,0.06,0.06,0.06,0.06,1164311.0
2024-06-05 04:00:00+00:00,0.06,0.06,0.06,0.06,1090229.0
2024-06-05 08:00:00+00:00,0.06,0.07,0.06,0.07,853305.0
2024-06-05 12:00:00+00:00,0.07,0.07,0.06,0.06,3665841.0
2024-06-05 16:00:00+00:00,0.06,0.06,0.04,0.04,2095514.0
2024-06-05 20:00:00+00:00,0.04,0.04,0.04,0.04,2449763.0
2024-06-06 00:00:00+00:00,0.04,0.04,0.04,0.04,1076682.0
2024-06-06 04:00:00+00:00,0.04,0.04,0.03,0.03,940140.0
2024-06-06 08:00:00+00:00,0.03,0.04,0.03,0.04,1508549.0
2024-06-06 12:00:00+00:00,0.04,0.04,0.04,0.04,996088.0
2024-06-06 16:00:00+00:00,0.04,0.04,0.03,0.03,695868.0
2024-06-06 20:00:00+00:00,0.03,0.03,0.03,0.03,3286774.0
2024-06-07 00:00:00+00:00,0.03,0.03,0.03,0.03,1020230.0
2024-06-07 04:00:00+00:00,0.03,0.03,0.03,0.03,515062.0
2024-06-07 08:00:00+00:00,0.03,0.03,0.03,0.03,2029292.0
2024-06-07 12:00:00+00:00,0.03,0.04,0.03,0.04,1418624.0
2024-06-07 16:00:00+00:00,0.04,0.04,0.04,0.04,1093162.0
2024-06-07 20:00:00+00:00,0.04,0.04,0.03,0.03,697570.0
2024-06-08 00:00:00+00:00,0.03,0.03,0.02,0.02,3131050.0
2024-06-08 04:00:00+00:00,0.02,0.02,0.02,0.02,535430.0
2024-06-08 08:00:00+00:00,0.02,0.03,0.02,0.03,1141337.0
2024-06-08 12:00:00+00:00,0.03,0.03,0.02,0.02,1748549.0
2024-06-08 16:00:00+00:00,0.02,0.03,0.02,0.03,1430803.0
2024-06-08 20:00:00+00:00,0.03,0.03,0.02,0.02,1516867.0
2024-06-09 00:00:00+00:00,0.02,0.03,0.02,0.03,704702.0
2024-06-09 04:00:00+00:00,0.03,0.03,0.02,0.03,691417.0
2024-06-09 08:00:00+00:00,0.03,0.03,0.02,0.03,1646554.0
2024-06-09 12:00:00+00:00,0.03,0.03,0.03,0.03,779035.0
2024-06-09 16:00:00+00:00,0.03,0.03,0.03,0.03,1335182.0
2024-06-09 20:00:00+00:00,0.03,0.04,0.03,0.04,1767529.0
2024-06-10 00:00:00+00:00,0.04,0.04,0.04,0.04,1945079.0
2024-06-10 04:00:00+00:00,0.04,0.04,0.04,0.04,698683.0
2024-06-10 08:00:00+00:00,0.04,0.05,0.04,0.05,4794929.0
2024-06-10 12:00:00+00:00,0.05,0.05,0.05,0.05,1598552.0
2024-06-10 16:00:00+00:00,0.05,0.06,0.05,0.06,1318612.0
2024-06-10 20:00:00+00:00,0.06,0.06,0.06,0.06,1792616.0
2024-06-11 00:00:00+00:00,0.06,0.07,0.06,0.07,5363651.0
2024-06-11 04:00:00+00:00,0.07,0.07,0.06,0.06,634958.0
2024-06-11 08:00:00+00:00,0.06,0.08,0.06,0.08,1618239.0
2024-06-11 12:00:00+00:00,0.08,0.08,0.08,0.08,309734.0
2024-06-11 16:00:00+00:00,0.08,0.08,0.06,0.06,1800157.0
2024-06-11 20:00:00+00:00,0.06,0.06,0.06,0.06,1270557.0
2024-06-12 00:00:00+00:00,0.06,0.06,0.06,0.06,1279293.0
2024-06-12 04:00:00+00:00,0.06,0.06,0.05,0.06,994137.0
2024-06-12 08:00:00+00:00,0.06,0.06,0.06,0.06,464014.0
2024-06-12 12:00:00+00:00,0.06,0.06,0.05,0.05,1446473.0
2024-06-12 16:00:00+00:00,0.05,0.05,0.04,0.04,3829256.0
2024-06-12 20:00:00+00:00,0.04,0.04,0.04,0.04,895088.0
2024-06-13 00:00:00+00:00,0.04,0.04,0.02,0.02,2604446.0
2024-06-13 04:00:00+00:00,0.02,0.02,0.02,0.02,781640.0
2024-06-13 08:00:00+00:00,0.02,0.02,0.02,0.02,1687739.0
2024-06-13 12:00:00+00:00,0.02,0.02,0.02,0.02,1112427.0
2024-06-13 16:00:00+00:00,0.02,0.02,0.02,0.02,814212.0
2024-06-13 20:00:00+00:00,0.02,0.02,0.02,0.02,980873.0
2024-06-14 00:00:00+00:00,0.02,0.02,0.02,0.02,838551.0
2024-06-14 04:00:00+00:00,0.02,0.02,0.02,0.02,1212068.0
2024-06-14 08:00:00+00:00,0.02,0.02,0.02,0.02,781919.0
2024-06-14 12:00:00+00:00,0.02,0.02,0.02,0.02,1374939.0
2024-06-14 16:00:00+00:00,0.02,0.02,0.02,0.02,1366539.0
2024-06-14 20:00:00+00:00,0.02,0.02,0.02,0.02,634445.0
2024-06-15 00:00:00+00:00,0.02,0.02,0.02,0.02,2485839.0
2024-06-15 04:00:00+00:00,0.02,0.02,0.02,0.02,713104.0
2024-06-15 08:00:00+00:00,0.02,0.02,0.02,0.02,1367665.0
2024-06-15 12:00:00+00:00,0.02,0.02,0.01,0.02,681298.0
2024-06-15 16:00:00+00:00,0.02,0.02,0.01,0.01,3211968.0
2024-06-15 20:00:00+00:00,0.01,0.01,0.01,0.01,1912781.0
2024-06-16 00:00:00+00:00,0.01,0.01,0.01,0.01,705343.0
2024-06-16 04:00:00+00:00,0.01,0.01,0.01,0.01,3144816.0
2024-06-16 08:00:00+00:00,0.01,0.02,0.01,0.02,1424068.0
2024-06-16 12:00:00+00:00,0.02,0.02,0.01,0.01,1429986.0
2024-06-16 16:00:00+00:00,0.01,0.02,0.01,0.02,1058300.0
2024-06-16 20:00:00+00:00,0.02,0.02,0.02,0.02,1120046.0
2024-06-17 00:00:00+00:00,0.02,0.02,0.02,0.02,1675889.0
2024-06-17 04:00:00+00:00,0.02,0.02,0.02,0.02,781333.0
2024-06-17 08:00:00+00:00,0.02,0.02,0.02,0.02,3196510.0
2024-06-17 12:00:00+00:00,0.02,0.02,0.02,0.02,696212.0
2024-06-17 16:00:00+00:00,0.02,0.02,0.02,0.02,2535163.0
2024-06-17 20:00:00+00:00,0.02,0.03,0.02,0.03,1325850.0
2024-06-18 00:00:00+00:00,0.03,0.03,0.03,0.03,1491839.0
2024-06-18 04:00:00+00:00,0.03,0.03,0.03,0.03,2231144.0
2024-06-18 08:00:00+00:00,0.03,0.03,0.03,0.03,906484.0
2024-06-18 12:00:00+00:00,0.03,0.04,0.03,0.04,2451438.0
2024-06-18 16:00:00+00:00,0.04,0.04,0.04,0.04,280805.0
2024-06-18 20:00:00+00:00,0.04,0.05,0.04,0.05,1347995.0
2024-06-19 00:00:00+00:00,0.05,0.05,0.04,0.04,826568.0
2024-06-19 04:00:00+00:00,0.04,0.06,0.04,0.05,950665.0
2024-06-19 08:00:00+00:00,0.05,0.06,0.05,0.06,976184.0
2024-06-19 12:00:00+00:00,0.06,0.06,0.05,0.05,1570940.0
2024-06-19 16:00:00+00:00,0.05,0.05,0.05,0.05,1733720.0
2024-06-19 20:00:00+00:00,0.05,0.05,0.04,0.04,1293401.0
2024-06-20 00:00:00+00:00,0.04,0.05,0.04,0.05,851842.0
2024-06-20 04:00:00+00:00,0.05,0.05,0.05,0.05,1482280.0
2024-06-20 08:00:00+00:00,0.05,0.05,0.05,0.05,1341885.0
2024-06-20 12:00:00+00:00,0.05,0.05,0.05,0.05,1619135.0
2024-06-20 16:00:00+00:00,0.05,0.06,0.05,0.06,2872479.0
2024-06-20 20:00:00+00:00,0.06,0.08,0.06,0.08,1801371.0
2024-06-21 00:00:00+00:00,0.08,0.08,0.08,0.08,761702.0
2024-06-21 04:00:00+00:00,0.08,0.08,0.08,0.08,731251.0
2024-06-21 08:00:00+00:00,0.08,0.08,0.08,0.08,797338.0
2024-06-21 12:00:00+00:00,0.08,0.09,0.08,0.09,1082667.0
2024-06-21 16:00:00+00:00,0.09,0.09,0.08,0.08,1674193.0
2024-06-21 20:00:00+00:00,0.08,0.08,0.07,0.07,1601310.0
2024-06-22 00:00:00+00:00,0.07,0.07,0.05,0.05,1710784.0
2024-06-22 04:00:00+00:00,0.05,0.06,0.05,0.06,1184817.0
2024-06-22 08:00:00+00:00,0.06,0.06,0.06,0.06,1382338.0
2024-06-22 12:00:00+00:00,0.06,0.06,0.06,0.06,944198.0
2024-06-22 16:00:00+00:00,0.06,0.07,0.06,0.07,1072520.0
2024-06-22 20:00:00+00:00,0.07,0.07,0.06,0.06,647078.0
2024-06-23 00:00:00+00:00,0.06,0.06,0.05,0.05,1175445.0
2024-06-23 04:00:00+00:00,0.05,0.05,0.05,0.05,1388323.0
2024-06-23 08:00:00+00:00,0.05,0.06,0.05,0.05,1031500.0
2024-06-23 12:00:00+00:00,0.05,0.07,0.05,0.07,1555892.0
2024-06-23 16:00:00+00:00,0.07,0.07,0.06,0.06,1530407.0
2024-06-23 20:00:00+00:00,0.06,0.07,0.06,0.07,1919752.0
2024-06-24 00:00:00+00:00,0.07,0.07,0.07,0.07,596376.0
2024-06-24 04:00:00+00:00,0.07,0.07,0.07,0.07,1782502.0
2024-06-24 08:00:00+00:00,0.07,0.08,0.07,0.08,2439518.0
2024-06-24 12:00:00+00:00,0.08,0.09,0.08,0.09,731732.0
2024-06-24 16:00:00+00:00,0.09,0.09,0.07,0.07,1136441.0
2024-06-24 20:00:00+00:00,0.07,0.08,0.07,0.08,3007646.0
2024-06-25 00:00:00+00:00,0.08,0.1,0.08,0.1,1500180.0
2024-06-25 04:00:00+00:00,0.1,0.1,0.09,0.09,424580.0
2024-06-25 08:00:00+00:00,0.09,0.1,0.09,0.09,581751.0
2024-06-25 12:00:00+00:00,0.09,0.1,0.09,0.1,1072928.0
2024-06-25 16:00:00+00:00,0.1,0.11,0.1,0.1,620700.0
2024-06-25 20:00:00+00:00,0.1,0.1,0.1,0.1,1020445.0
2024-06-26 00:00:00+00:00,0.1,0.1,0.09,0.09,1330851.0
2024-06-26 04:00:00+00:00,0.09,0.09,0.08,0.09,2116561.0
2024-06-26 08:00:00+00:00,0.09,0.1,0.09,0.1,1309086.0
2024-06-26 12:00:00+00:00,0.1,0.11,0.1,0.11,2114934.0
2024-06-26 16:00:00+00:00,0.11,0.11,0.1,0.1,2399234.0
2024-06-26 20:00:00+00:00,0.1,0.11,0.1,0.11,2744164.0
2024-06-27 00:00:00+00:00,0.11,0.12,0.06,0.06,2640010.0
2024-06-27 04:00:00+00:00,0.06,0.08,0.06,0.08,565428.0
2024-06-27 08:00:00+00:00,0.08,0.08,0.06,0.06,2254910.0
2024-06-27 12:00:00+00:00,0.06,0.06,0.05,0.05,1978233.0
2024-06-27 16:00:00+00:00,0.05,0.05,0.04,0.04,1451940.0
2024-06-27 20:00:00+00:00,0.04,0.05,0.03,0.03,3805884.0
2024-06-28 00:00:00+00:00,0.03,0.04,0.03,0.04,2327333.0
2024-06-28 04:00:00+00:00,0.04,0.04,0.04,0.04,1619352.0
2024-06-28 08:00:00+00:00,0.04,0.04,0.04,0.04,1975412.0
2024-06-28 12:00:00+00:00,0.04,0.04,0.04,0.04,1216351.0
2024-06-28 16:00:00+00:00,0.04,0.04,0.04,0.04,346183.0
2024-06-28 20:00:00+00:00,0.04,0.04,0.04,0.04,799374.0
2024-06-29 00:00:00+00:00,0.04,0.04,0.03,0.03,2874331.0
2024-06-29 04:00:00+00:00,0.03,0.04,0.03,0.04,961357.0
2024-06-29 08:00:00+00:00,0.04,0.04,0.04,0.04,1100790.0
2024-06-29 12:00:00+00:00,0.04,0.04,0.03,0.03,1013719.0
2024-06-29 16:00:00+00:00,0.03,0.03,0.03,0.03,2931445.0
2024-06-29 20:00:00+00:00,0.03,0.03,0.03,0.03,3863124.0
2024-06-30 00:00:00+00:00,0.03,0.04,0.03,0.04,883028.0
2024-06-30 04:00:00+00:00,0.04,0.04,0.03,0.03,1254876.0
2024-06-30 08:00:00+00:00,0.03,0.03,0.03,0.03,829768.0
2024-06-30 12:00:00+00:00,0.03,0.03,0.03,0.03,1568948.0
2024-06-30 16:00:00+00:00,0.03,0.04,0.03,0.04,2484531.0
2024-06-30 20:00:00+00:00,0.04,0.04,0.04,0.04,1745081.0
2024-07-01 00:00:00+00:00,0.04,0.04,0.04,0.04,1398428.0
2024-07-01 04:00:00+00:00,0.04,0.05,0.04,0.05,6312279.0
2024-07-01 08:00:00+00:00,0.05,0.05,0.05,0.05,657050.0
2024-07-01 12:00:00+00:00,0.05,0.05,0.05,0.05,478508.0
2024-07-01 16:00:00+00:00,0.05,0.05,0.05,0.05,901476.0
2024-07-01 20:00:00+00:00,0.05,0.05,0.05,0.05,475350.0
2024-07-02 00:00:00+00:00,0.05,0.05,0.05,0.05,486239.0
2024-07-02 04:00:00+00:00,0.05,0.05,0.05,0.05,795783.0
2024-07-02 08:00:00+00:00,0.05,0.05,0.05,0.05,639771.0
2024-07-02 12:00:00+00:00,0.05,0.06,0.05,0.06,816805.0
2024-07-02 16:00:00+00:00,0.06,0.06,0.06,0.06,1354184.0
2024-07-02 20:00:00+00:00,0.06,0.06,0.06,0.06,796919.0
2024-07-03 00:00:00+00:00,0.06,0.06,0.04,0.04,1730561.0
2024-07-03 04:00:00+00:00,0.04,0.05,0.04,0.05,2195135.0
2024-07-03 08:00:00+00:00,0.05,0.05,0.05,0.05,782148.0
2024-07-03 12:00:00+00:00,0.05,0.06,0.05,0.06,1262097.0
2024-07-03 16:00:00+00:00,0.06,0.06,0.03,0.03,2775686.0
2024-07-03 20:00:00+00:00,0.03,0.04,0.03,0.04,731573.0
2024-07-04 00:00:00+00:00,0.04,0.04,0.04,0.04,325071.0
2024-07-04 04:00:00+00:00,0.04,0.05,0.04,0.05,1771491.0
2024-07-04 08:00:00+00:00,0.05,0.05,0.04,0.04,1887879.0
2024-07-04 12:00:00+00:00,0.04,0.04,0.04,0.04,3558172.0
2024-07-04 16:00:00+00:00,0.04,0.04,0.04,0.04,1604006.0
2024-07-04 20:00:00+00:00,0.04,0.04,0.03,0.03,1941546.0
2024-07-05 00:00:00+00:00,0.03,0.04,0.03,0.04,1680841.0
2024-07-05 04:00:00+00:00,0.04,0.04,0.04,0.04,1268846.0
2024-07-05 08:00:00+00:00,0.04,0.04,0.04,0.04,2509075.0
2024-07-05 12:00:00+00:00,0.04,0.05,0.04,0.05,478501.0
2024-07-05 16:00:00+00:00,0.05,0.05,0.05,0.05,1494771.0
2024-07-05 20:00:00+00:00,0.05,0.05,0.05,0.05,3084180.0
2024-07-06 00:00:00+00:00,0.05,0.06,0.05,0.05,1331460.0
2024-07-06 04:00:00+00:00,0.05,0.07,0.05,0.07,4734617.0
2024-07-06 08:00:00+00:00,0.07,0.07,0.07,0.07,754230.0
2024-07-06 12:00:00+00:00,0.07,0.07,0.07,0.07,1065390.0
2024-07-06 16:00:00+00:00,0.07,0.09,0.07,0.09,1487630.0
2024-07-06 20:00:00+00:00,0.09,0.1,0.08,0.1,491847.0
2024-07-07 00:00:00+00:00,0.1,0.12,0.1,0.12,851716.0
2024-07-07 04:00:00+00:00,0.12,0.13,0.12,0.13,740116.0
2024-07-07 08:00:00+00:00,0.13,0.13,0.11,0.11,2294035.0
2024-07-07 12:00:00+00:00,0.11,0.13,0.11,0.13,2673568.0
2024-07-07 16:00:00+00:00,0.13,0.13,0.11,0.11,1789859.0
2024-07-07 20:00:00+00:00,0.11,0.12,0.1,0.11,1706222.0
2024-07-08 00:00:00+00:00,0.11,0.12,0.1,0.1,1239460.0
2024-07-08 04:00:00+00:00,0.1,0.1,0.1,0.1,1887353.0
2024-07-08 08:00:00+00:00,0.1,0.1,0.1,0.1,1145824.0
2024-07-08 12:00:00+00:00,0.1,0.11,0.1,0.11,1172340.0
2024-07-08 16:00:00+00:00,0.11,0.12,0.11,0.11,1037007.0
2024-07-08 20:00:00+00:00,0.11,0.14,0.11,0.14,2422886.0
2024-07-09 00:00:00+00:00,0.14,0.15,0.14,0.15,971102.0
2024-07-09 04:00:00+00:00,0.15,0.15,0.15,0.15,1816945.0
2024-07-09 08:00:00+00:00,0.15,0.17,0.14,0.17,811163.0
2024-07-09 12:00:00+00:00,0.17,0.2,0.17,0.2,883371.0
2024-07-09 16:00:00+00:00,0.2,0.21,0.15,0.16,2196050.0
2024-07-09 20:00:00+00:00,0.16,0.17,0.16,0.17,1209341.0
2024-07-10 00:00:00+00:00,0.17,0.19,0.17,0.19,1044741.0
2024-07-10 04:00:00+00:00,0.19,0.19,0.18,0.18,1776531.0
2024-07-10 08:00:00+00:00,0.18,0.22,0.18,0.22,1191848.0
2024-07-10 12:00:00+00:00,0.22,0.22,0.22,0.22,969704.0
2024-07-10 16:00:00+00:00,0.22,0.23,0.21,0.22,2118283.0
2024-07-10 20:00:00+00:00,0.22,0.22,0.21,0.21,2334746.0
2024-07-11 00:00:00+00:00,0.21,0.22,0.21,0.21,2201761.0
2024-07-11 04:00:00+00:00,0.21,0.21,0.18,0.18,1292091.0
2024-07-11 08:00:00+00:00,0.18,0.18,0.14,0.14,3056188.0
2024-07-11 12:00:00+00:00,0.14,0.17,0.14,0.17,1066433.0
2024-07-11 16:00:00+00:00,0.17,0.17,0.15,0.15,879823.0
2024-07-11 20:00:00+00:00,0.15,0.15,0.13,0.13,447529.0
2024-07-12 00:00:00+00:00,0.13,0.13,0.09,0.09,4552273.0
2024-07-12 04:00:00+00:00,0.09,0.09,0.08,0.08,837934.0
2024-07-12 08:00:00+00:00,0.08,0.08,0.06,0.06,1500445.0
2024-07-12 12:00:00+00:00,0.06,0.08,0.06,0.08,1101197.0
2024-07-12 16:00:00+00:00,0.08,0.09,0.08,0.09,2054903.0
2024-07-12 20:00:00+00:00,0.09,0.09,0.08,0.08,1087687.0
2024-07-13 00:00:00+00:00,0.08,0.11,0.08,0.11,1047279.0
2024-07-13 04:00:00+00:00,0.11,0.12,0.11,0.12,1794890.0
2024-07-13 08:00:00+00:00,0.12,0.12,0.12,0.12,560859.0
2024-07-13 12:00:00+00:00,0.12,0.12,0.07,0.07,1399425.0
2024-07-13 16:00:00+00:00,0.07,0.1,0.07,0.1,707455.0
2024-07-13 20:00:00+00:00,0.1,0.1,0.08,0.08,798575.0
2024-07-14 00:00:00+00:00,0.08,0.08,0.06,0.06,1905253.0
2024-07-14 04:00:00+00:00,0.06,0.07,0.06,0.07,546007.0
2024-07-14 08:00:00+00:00,0.07,0.1,0.07,0.09,999422.0
2024-07-14 12:00:00+00:00,0.09,0.11,0.09,0.11,1619115.0
2024-07-14 16:00:00+00:00,0.11,0.12,0.11,0.12,953985.0
2024-07-14 20:00:00+00:00,0.12,0.13,0.12,0.13,3427377.0
2024-07-15 00:00:00+00:00,0.13,0.15,0.13,0.15,3458164.0
2024-07-15 04:00:00+00:00,0.15,0.17,0.15,0.16,868172.0
2024-07-15 08:00:00+00:00,0.16,0.17,0.16,0.17,1486367.0
2024-07-15 12:00:00+00:00,0.17,0.17,0.17,0.17,1520494.0
2024-07-15 16:00:00+00:00,0.17,0.18,0.17,0.17,763577.0
2024-07-15 20:00:00+00:00,0.17,0.17,0.15,0.15,632177.0
2024-07-16 00:00:00+00:00,0.15,0.15,0.15,0.15,1120729.0
2024-07-16 04:00:00+00:00,0.15,0.15,0.11,0.11,1617146.0
2024-07-16 08:00:00+00:00,0.11,0.11,0.11,0.11,840812.0
2024-07-16 12:00:00+00:00,0.11,0.11,0.09,0.09,1800366.0
2024-07-16 16:00:00+00:00,0.09,0.09,0.08,0.08,1029034.0
2024-07-16 20:00:00+00:00,0.08,0.08,0.08,0.08,607014.0
2024-07-17 00:00:00+00:00,0.08,0.1,0.08,0.09,1716410.0
2024-07-17 04:00:00+00:00,0.09,0.11,0.09,0.11,1712775.0
2024-07-17 08:00:00+00:00,0.11,0.11,0.08,0.08,948252.0
2024-07-17 12:00:00+00:00,0.08,0.08,0.07,0.07,2300415.0
2024-07-17 16:00:00+00:00,0.07,0.08,0.07,0.08,586882.0
2024-07-17 20:00:00+00:00,0.08,0.08,0.07,0.07,1080838.0
2024-07-18 00:00:00+00:00,0.07,0.07,0.07,0.07,968668.0
2024-07-18 04:00:00+00:00,0.07,0.07,0.06,0.07,906908.0
2024-07-18 08:00:00+00:00,0.07,0.07,0.06,0.06,1083088.0
2024-07-18 12:00:00+00:00,0.06,0.06,0.06,0.06,2667051.0
2024-07-18 16:00:00+00:00,0.06,0.06,0.05,0.05,1043895.0
2024-07-18 20:00:00+00:00,0.05,0.05,0.04,0.05,4309589.0
2024-07-19 00:00:00+00:00,0.05,0.05,0.04,0.05,1422187.0
2024-07-19 04:00:00+00:00,0.05,0.05,0.04,0.04,1798692.0
2024-07-19 08:00:00+00:00,0.04,0.04,0.04,0.04,1519177.0
2024-07-19 12:00:00+00:00,0.04,0.04,0.04,0.04,3577625.0
2024-07-19 16:00:00+00:00,0.04,0.04,0.04,0.04,756982.0
2024-07-19 20:00:00+00:00,0.04,0.04,0.04,0.04,628080.0
2024-07-20 00:00:00+00:00,0.04,0.05,0.04,0.05,1105821.0
2024-07-20 04:00:00+00:00,0.05,0.05,0.05,0.05,1072448.0
2024-07-20 08:00:00+00:00,0.05,0.05,0.05,0.05,503550.0
2024-07-20 12:00:00+00:00,0.05,0.05,0.05,0.05,1065831.0
2024-07-20 16:00:00+00:00,0.05,0.05,0.05,0.05,2897129.0
2024-07-20 20:00:00+00:00,0.05,0.05,0.05,0.05,1101183.0
2024-07-21 00:00:00+00:00,0.05,0.06,0.05,0.05,878487.0
2024-07-21 04:00:00+00:00,0.05,0.05,0.05,0.05,961506.0
2024-07-21 08:00:00+00:00,0.05,0.05,0.04,0.04,2036476.0
2024-07-21 12:00:00+00:00,0.04,0.04,0.03,0.03,1080174.0
2024-07-21 16:00:00+00:00,0.03,0.04,0.03,0.04,4496122.0
2024-07-21 20:00:00+00:00,0.04,0.04,0.04,0.04,4104217.0
2024-07-22 00:00:00+00:00,0.04,0.04,0.03,0.03,1492988.0
2024-07-22 04:00:00+00:00,0.03,0.03,0.03,0.03,1317026.0
2024-07-22 08:00:00+00:00,0.03,0.03,0.03,0.03,2346095.0
2024-07-22 12:00:00+00:00,0.03,0.03,0.03,0.03,1960666.0
2024-07-22 16:00:00+00:00,0.03,0.04,0.03,0.04,1042585.0
2024-07-22 20:00:00+00:00,0.04,0.04,0.03,0.03,1002603.0
2024-07-23 00:00:00+00:00,0.03,0.03,0.03,0.03,580260.0
2024-07-23 04:00:00+00:00,0.03,0.03,0.03,0.03,1690118.0
2024-07-23 08:00:00+00:00,0.03,0.04,0.03,0.04,2740493.0
2024-07-23 12:00:00+00:00,0.04,0.04,0.03,0.03,782140.0
2024-07-23 16:00:00+00:00,0.03,0.03,0.03,0.03,906117.0
2024-07-23 20:00:00+00:00,0.03,0.04,0.03,0.04,654370.0
2024-07-24 00:00:00+00:00,0.04,0.04,0.04,0.04,755665.0
2024-07-24 04:00:00+00:00,0.04,0.04,0.04,0.04,1429457.0
2024-07-24 08:00:00+00:00,0.04,0.04,0.04,0.04,734781.0
2024-07-24 12:00:00+00:00,0.04,0.04,0.04,0.04,875599.0
2024-07-24 16:00:00+00:00,0.04,0.04,0.04,0.04,472975.0
2024-07-24 20:00:00+00:00,0.04,0.04,0.04,0.04,1564936.0
2024-07-25 00:00:00+00:00,0.04,0.06,0.04,0.06,1949053.0
2024-07-25 04:00:00+00:00,0.06,0.06,0.05,0.05,870258.0
2024-07-25 08:00:00+00:00,0.05,0.05,0.04,0.04,1472588.0
2024-07-25 12:00:00+00:00,0.04,0.04,0.04,0.04,1140190.0
2024-07-25 16:00:00+00:00,0.04,0.06,0.04,0.06,1430593.0
2024-07-25 20:00:00+00:00,0.06,0.06,0.05,0.05,651954.0
2024-07-26 00:00:00+00:00,0.05,0.06,0.05,0.06,4280107.0
2024-07-26 04:00:00+00:00,0.06,0.08,0.06,0.08,1276971.0
2024-07-26 08:00:00+00:00,0.08,0.08,0.07,0.07,1192361.0
2024-07-26 12:00:00+00:00,0.07,0.08,0.07,0.08,2078168.0
2024-07-26 16:00:00+00:00,0.08,0.09,0.08,0.09,10103284.0
2024-07-26 20:00:00+00:00,0.09,0.09,0.09,0.09,629621.0
2024-07-27 00:00:00+00:00,0.09,0.09,0.08,0.09,1370020.0
2024-07-27 04:00:00+00:00,0.09,0.09,0.08,0.08,887542.0
2024-07-27 08:00:00+00:00,0.08,0.08,0.07,0.07,1114562.0
2024-07-27 12:00:00+00:00,0.07,0.07,0.06,0.06,903192.0
2024-07-27 16:00:00+00:00,0.06,0.06,0.05,0.05,884769.0
2024-07-27 20:00:00+00:00,0.05,0.05,0.05,0.05,992074.0
2024-07-28 00:00:00+00:00,0.05,0.05,0.04,0.04,643140.0
2024-07-28 04:00:00+00:00,0.04,0.05,0.04,0.04,1770184.0
2024-07-28 08:00:00+00:00,0.04,0.05,0.03,0.03,1750235.0
2024-07-28 12:00:00+00:00,0.03,0.04,0.03,0.04,1415871.0
2024-07-28 16:00:00+00:00,0.04,0.04,0.04,0.04,1087107.0
2024-07-28 20:00:00+00:00,0.04,0.04,0.03,0.03,1581138.0
2024-07-29 00:00:00+00:00,0.03,0.03,0.03,0.03,1345967.0
2024-07-29 04:00:00+00:00,0.03,0.04,0.03,0.04,865997.0
2024-07-29 08:00:00+00:00,0.04,0.04,0.03,0.03,1293414.0
2024-07-29 12:00:00+00:00,0.03,0.04,0.03,0.04,1138652.0
2024-07-29 16:00:00+00:00,0.04,0.04,0.04,0.04,759787.0
2024-07-29 20:00:00+00:00,0.04,0.04,0.03,0.03,459589.0
2024-07-30 00:00:00+00:00,0.03,0.03,0.03,0.03,2007584.0
2024-07-30 04:00:00+00:00,0.03,0.04,0.03,0.04,884026.0
2024-07-30 08:00:00+00:00,0.04,0.04,0.04,0.04,1845770.0
2024-07-30 12:00:00+00:00,0.04,0.04,0.04,0.04,2111919.0
2024-07-30 16:00:00+00:00,0.04,0.04,0.03,0.03,744802.0
2024-07-30 20:00:00+00:00,0.03,0.04,0.03,0.04,623131.0
2024-07-31 00:00:00+00:00,0.04,0.04,0.03,0.03,5894125.0
2024-07-31 04:00:00+00:00,0.03,0.03,0.03,0.03,2525706.0
2024-07-31 08:00:00+00:00,0.03,0.03,0.02,0.02,1385003.0
2024-07-31 12:00:00+00:00,0.02,0.02,0.02,0.02,1516327.0
2024-07-31 16:00:00+00:00,0.02,0.03,0.02,0.02,1133649.0
2024-07-31 20:00:00+00:00,0.02,0.03,0.02,0.03,1848267.0
2024-08-01 00:00:00+00:00,0.03,0.03,0.03,0.03,888717.0
2024-08-01 04:00:00+00:00,0.03,0.03,0.03,0.03,540634.0
2024-08-01 08:00:00+00:00,0.03,0.03,0.03,0.03,590995.0
2024-08-01 12:00:00+00:00,0.03,0.03,0.03,0.03,1560371.0
2024-08-01 16:00:00+00:00,0.03,0.03,0.03,0.03,603248.0
2024-08-01 20:00:00+00:00,0.03,0.04,0.03,0.04,1971475.0
2024-08-02 00:00:00+00:00,0.04,0.04,0.04,0.04,686745.0
2024-08-02 04:00:00+00:00,0.04,0.04,0.04,0.04,733625.0
2024-08-02 08:00:00+00:00,0.04,0.04,0.04,0.04,1747439.0
2024-08-02 12:00:00+00:00,0.04,0.04,0.04,0.04,1198114.0
2024-08-02 16:00:00+00:00,0.04,0.04,0.04,0.04,1064546.0
2024-08-02 20:00:00+00:00,0.04,0.05,0.04,0.05,2042369.0
2024-08-03 00:00:00+00:00,0.05,0.05,0.05,0.05,1817627.0
2024-08-03 04:00:00+00:00,0.05,0.05,0.05,0.05,2792399.0
2024-08-03 08:00:00+00:00,0.05,0.05,0.04,0.04,1271353.0
2024-08-03 12:00:00+00:00,0.04,0.04,0.03,0.03,1473939.0
2024-08-03 16:00:00+00:00,0.03,0.03,0.03,0.03,640637.0
2024-08-03 20:00:00+00:00,0.03,0.03,0.02,0.02,1208134.0
2024-08-04 00:00:00+00:00,0.02,0.02,0.02,0.02,3190185.0
2024-08-04 04:00:00+00:00,0.02,0.02,0.02,0.02,2249680.0
2024-08-04 08:00:00+00:00,0.02,0.02,0.02,0.02,3429104.0
2024-08-04 12:00:00+00:00,0.02,0.02,0.02,0.02,408940.0
2024-08-04 16:00:00+00:00,0.02,0.03,0.02,0.03,2356717.0
2024-08-04 20:00:00+00:00,0.03,0.03,0.03,0.03,413524.0
2024-08-05 00:00:00+00:00,0.03,0.03,0.03,0.03,1635679.0
2024-08-05 04:00:00+00:00,0.03,0.03,0.03,0.03,1171547.0
2024-08-05 08:00:00+00:00,0.03,0.03,0.03,0.03,1605835.0
2024-08-05 12:00:00+00:00,0.03,0.03,0.03,0.03,575745.0
2024-08-05 16:00:00+00:00,0.03,0.03,0.03,0.03,2057313.0
2024-08-05 20:00:00+00:00,0.03,0.03,0.03,0.03,624828.0
2024-08-06 00:00:00+00:00,0.03,0.03,0.03,0.03,1036180.0
2024-08-06 04:00:00+00:00,0.03,0.03,0.03,0.03,654229.0
2024-08-06 08:00:00+00:00,0.03,0.03,0.03,0.03,556912.0
2024-08-06 12:00:00+00:00,0.03,0.03,0.03,0.03,1302979.0
2024-08-06 16:00:00+00:00,0.03,0.03,0.03,0.03,3460777.0
2024-08-06 20:00:00+00:00,0.03,0.03,0.03,0.03,3848626.0
2024-08-07 00:00:00+00:00,0.03,0.03,0.03,0.03,1052107.0
2024-08-07 04:00:00+00:00,0.03,0.03,0.03,0.03,2581679.0
2024-08-07 08:00:00+00:00,0.03,0.03,0.03,0.03,1365330.0
2024-08-07 12:00:00+00:00,0.03,0.03,0.03,0.03,1294851.0
2024-08-07 16:00:00+00:00,0.03,0.04,0.03,0.04,1150377.0
2024-08-07 20:00:00+00:00,0.04,0.05,0.04,0.05,1794968.0
2024-08-08 00:00:00+00:00,0.05,0.05,0.04,0.05,1640269.0
2024-08-08 04:00:00+00:00,0.05,0.05,0.05,0.05,754471.0
2024-08-08 08:00:00+00:00,0.05,0.05,0.04,0.04,1518473.0
2024-08-08 12:00:00+00:00,0.04,0.04,0.03,0.03,1433640.0
2024-08-08 16:00:00+00:00,0.03,0.03,0.03,0.03,1714276.0
2024-08-08 20:00:00+00:00,0.03,0.03,0.03,0.03,745760.0
2024-08-09 00:00:00+00:00,0.03,0.03,0.03,0.03,1053041.0
2024-08-09 04:00:00+00:00,0.03,0.03,0.03,0.03,2677355.0
2024-08-09 08:00:00+00:00,0.03,0.03,0.03,0.03,2218901.0
2024-08-09 12:00:00+00:00,0.03,0.03,0.03,0.03,2017562.0
2024-08-09 16:00:00+00:00,0.03,0.03,0.03,0.03,1235823.0
2024-08-09 20:00:00+00:00,0.03,0.03,0.03,0.03,1213256.0
2024-08-10 00:00:00+00:00,0.03,0.03,0.02,0.02,3096872.0
2024-08-10 04:00:00+00:00,0.02,0.02,0.02,0.02,3093884.0
2024-08-10 08:00:00+00:00,0.02,0.02,0.02,0.02,399530.0
2024-08-10 12:00:00+00:00,0.02,0.02,0.02,0.02,796548.0
2024-08-10 16:00:00+00:00,0.02,0.02,0.02,0.02,2453907.0
2024-08-10 20:00:00+00:00,0.02,0.02,0.02,0.02,1475007.0
2024-08-11 00:00:00+00:00,0.02,0.03,0.02,0.03,1110512.0
2024-08-11 04:00:00+00:00,0.03,0.03,0.02,0.02,582539.0
2024-08-11 08:00:00+00:00,0.02,0.03,0.02,0.03,1270169.0
2024-08-11 12:00:00+00:00,0.03,0.03,0.03,0.03,532017.0
2024-08-11 16:00:00+00:00,0.03,0.03,0.03,0.03,3259636.0
2024-08-11 20:00:00+00:00,0.03,0.03,0.03,0.03,1255889.0
2024-08-12 00:00:00+00:00,0.03,0.03,0.03,0.03,1097741.0
2024-08-12 04:00:00+00:00,0.03,0.03,0.02,0.02,1567881.0
2024-08-12 08:00:00+00:00,0.02,0.03,0.02,0.03,1752304.0
2024-08-12 12:00:00+00:00,0.03,0.03,0.02,0.03,1731024.0
2024-08-12 16:00:00+00:00,0.03,0.03,0.03,0.03,1724125.0
2024-08-12 20:00:00+00:00,0.03,0.03,0.03,0.03,875648.0
2024-08-13 00:00:00+00:00,0.03,0.03,0.03,0.03,1329127.0
2024-08-13 04:00:00+00:00,0.03,0.04,0.03,0.04,2106691.0
2024-08-13 08:00:00+00:00,0.04,0.04,0.03,0.03,1276153.0
2024-08-13 12:00:00+00:00,0.03,0.03,0.02,0.02,2136706.0
2024-08-13 16:00:00+00:00,0.02,0.02,0.02,0.02,1742642.0
2024-08-13 20:00:00+00:00,0.02,0.02,0.02,0.02,2380869.0
2024-08-14 00:00:00+00:00,0.02,0.02,0.02,0.02,449684.0
2024-08-14 04:00:00+00:00,0.02,0.02,0.01,0.01,2171642.0
2024-08-14 08:00:00+00:00,0.01,0.01,0.01,0.01,1604451.0
2024-08-14 12:00:00+00:00,0.01,0.01,0.01,0.01,1782289.0
2024-08-14 16:00:00+00:00,0.01,0.01,0.01,0.01,1989866.0
2024-08-14 20:00:00+00:00,0.01,0.01,0.01,0.01,2796657.0
2024-08-15 00:00:00+00:00,0.01,0.01,0.01,0.01,4245956.0
2024-08-15 04:00:00+00:00,0.01,0.01,0.01,0.01,2427115.0
2024-08-15 08:00:00+00:00,0.01,0.01,0.01,0.01,2437498.0
2024-08-15 12:00:00+00:00,0.01,0.01,0.0,0.01,1917436.0
2024-08-15 16:00:00+00:00,0.01,0.01,0.01,0.01,1108287.0
2024-08-15 20:00:00+00:00,0.01,0.01,0.01,0.01,1549065.0
2024-08-16 00:00:00+00:00,0.01,0.01,0.01,0.01,1823554.0
2024-08-16 04:00:00+00:00,0.01,0.01,0.01,0.01,909967.0
2024-08-16 08:00:00+00:00,0.01,0.01,0.0,0.0,1748812.0
2024-08-16 12:00:00+00:00,0.0,0.01,0.0,0.01,1519849.0
2024-08-16 16:00:00+00:00,0.01,0.01,0.01,0.01,693598.0
2024-08-16 20:00:00+00:00,0.01,0.01,0.01,0.01,1913856.0
2024-08-17 00:00:00+00:00,0.01,0.01,0.0,0.0,1443293.0
2024-08-17 04:00:00+00:00,0.0,0.0,0.0,0.0,3317501.0
2024-08-17 08:00:00+00:00,0.0,0.0,0.0,0.0,616544.0
2024-08-17 12:00:00+00:00,0.0,0.0,0.0,0.0,809536.0
2024-08-17 16:00:00+00:00,0.0,0.01,0.0,0.0,1806996.0
2024-08-17 20:00:00+00:00,0.0,0.0,0.0,0.0,2841267.0
2024-08-18 00:00:00+00:00,0.0,0.0,0.0,0.0,2097399.0
2024-08-18 04:00:00+00:00,0.0,0.0,0.0,0.0,1950993.0
2024-08-18 08:00:00+00:00,0.0,0.0,0.0,0.0,617950.0
2024-08-18 12:00:00+00:00,0.0,0.0,0.0,0.0,724867.0
2024-08-18 16:00:00+00:00,0.0,0.0,0.0,0.0,1734700.0
2024-08-18 20:00:00+00:00,0.0,0.0,0.0,0.0,639120.0
2024-08-19 00:00:00+00:00,0.0,0.0,0.0,0.0,1402724.0
2024-08-19 04:00:00+00:00,0.0,0.0,0.0,0.0,1687224.0
2024-08-19 08:00:00+00:00,0.0,0.0,0.0,0.0,741180.0
2024-08-19 12:00:00+00:00,0.0,0.01,0.0,0.01,4416313.0
2024-08-19 16:00:00+00:00,0.01,0.01,0.01,0.01,2331489.0
2024-08-19 20:00:00+00:00,0.01,0.01,0.01,0.01,611747.0
2024-08-20 00:00:00+00:00,0.01,0.01,0.01,0.01,717011.0
2024-08-20 04:00:00+00:00,0.01,0.01,0.01,0.01,508290.0
2024-08-20 08:00:00+00:00,0.01,0.01,0.01,0.01,1156776.0
2024-08-20 12:00:00+00:00,0.01,0.01,0.01,0.01,1499854.0
2024-08-20 16:00:00+00:00,0.01,0.01,0.01,0.01,1079025.0
2024-08-20 20:00:00+00:00,0.01,0.01,0.01,0.01,1529675.0
2024-08-21 00:00:00+00:00,0.01,0.01,0.01,0.01,605915.0
2024-08-21 04:00:00+00:00,0.01,0.01,0.01,0.01,2852175.0
2024-08-21 08:00:00+00:00,0.01,0.01,0.01,0.01,810030.0
2024-08-21 12:00:00+00:00,0.01,0.01,0.01,0.01,1163592.0
2024-08-21 16:00:00+00:00,0.01,0.01,0.01,0.01,1041192.0
2024-08-21 20:00:00+00:00,0.01,0.01,0.01,0.01,846554.0
2024-08-22 00:00:00+00:00,0.01,0.01,0.01,0.01,803315.0
2024-08-22 04:00:00+00:00,0.01,0.01,0.01,0.01,2510697.0
2024-08-22 08:00:00+00:00,0.01,0.01,0.01,0.01,1572782.0
2024-08-22 12:00:00+00:00,0.01,0.01,0.01,0.01,2474765.0
2024-08-22 16:00:00+00:00,0.01,0.01,0.01,0.01,1468656.0
2024-08-22 20:00:00+00:00,0.01,0.01,0.01,0.01,1654759.0
2024-08-23 00:00:00+00:00,0.01,0.01,0.01,0.01,561309.0
2024-08-23 04:00:00+00:00,0.01,0.01,0.01,0.01,1271074.0
2024-08-23 08:00:00+00:00,0.01,0.01,0.01,0.01,1315674.0
2024-08-23 12:00:00+00:00,0.01,0.01,0.01,0.01,4336518.0
2024-08-23 16:00:00+00:00,0.01,0.01,0.01,0.01,29165034.0
2024-08-23 20:00:00+00:00,0.01,0.01,0.01,0.01,30185748.0
2024-08-24 00:00:00+00:00,0.01,0.01,0.01,0.01,18345652.0
2024-08-24 04:00:00+00:00,0.01,0.01,0.01,0.01,13821649.0
2024-08-24 08:00:00+00:00,0.01,0.01,0.01,0.01,16383685.0
2024-08-24 12:00:00+00:00,0.01,0.01,0.01,0.01,16762683.0
2024-08-24 16:00:00+00:00,0.01,0.02,0.01,0.02,1238166.0
2024-08-24 20:00:00+00:00,0.02,0.02,0.01,0.01,1059251.0
2024-08-25 00:00:00+00:00,0.01,0.02,0.01,0.02,1284145.0
2024-08-25 04:00:00+00:00,0.02,0.02,0.02,0.02,2301715.0
2024-08-25 08:00:00+00:00,0.02,0.02,0.02,0.02,397582.0
2024-08-25 12:00:00+00:00,0.02,0.02,0.02,0.02,3094341.0
2024-08-25 16:00:00+00:00,0.02,0.02,0.02,0.02,772421.0
2024-08-25 20:00:00+00:00,0.02,0.02,0.02,0.02,628197.0
2024-08-26 00:00:00+00:00,0.02,0.03,0.02,0.03,2683878.0
2024-08-26 04:00:00+00:00,0.03,0.03,0.03,0.03,1671383.0
2024-08-26 08:00:00+00:00,0.03,0.03,0.02,0.02,2570313.0
2024-08-26 12:00:00+00:00,0.02,0.02,0.02,0.02,2186744.0
2024-08-26 16:00:00+00:00,0.02,0.02,0.01,0.01,5265876.0
2024-08-26 20:00:00+00:00,0.01,0.02,0.01,0.02,2551952.0
2024-08-27 00:00:00+00:00,0.02,0.02,0.02,0.02,1379606.0
2024-08-27 04:00:00+00:00,0.02,0.02,0.01,0.01,1299925.0
2024-08-27 08:00:00+00:00,0.01,0.01,0.01,0.01,2085977.0
2024-08-27 12:00:00+00:00,0.01,0.02,0.01,0.01,773853.0
2024-08-27 16:00:00+00:00,0.01,0.02,0.01,0.02,989841.0
2024-08-27 20:00:00+00:00,0.02,0.02,0.02,0.02,1192153.0
2024-08-28 00:00:00+00:00,0.02,0.02,0.02,0.02,439349.0
2024-08-28 04:00:00+00:00,0.02,0.02,0.02,0.02,1147869.0
2024-08-28 08:00:00+00:00,0.02,0.02,0.02,0.02,440401.0
2024-08-28 12:00:00+00:00,0.02,0.02,0.02,0.02,1137967.0
2024-08-28 16:00:00+00:00,0.02,0.02,0.02,0.02,2661810.0
2024-08-28 20:00:00+00:00,0.02,0.02,0.02,0.02,964738.0
2024-08-29 00:00:00+00:00,0.02,0.03,0.02,0.03,3086007.0
2024-08-29 04:00:00+00:00,0.03,0.03,0.02,0.03,627147.0
2024-08-29 08:00:00+00:00,0.03,0.03,0.03,0.03,2778221.0
2024-08-29 12:00:00+00:00,0.03,0.03,0.03,0.03,1520273.0
2024-08-29 16:00:00+00:00,0.03,0.03,0.03,0.03,670088.0
2024-08-29 20:00:00+00:00,0.03,0.03,0.03,0.03,4587941.0
2024-08-30 00:00:00+00:00,0.03,0.03,0.03,0.03,1249592.0
2024-08-30 04:00:00+00:00,0.03,0.03,0.02,0.02,796317.0
2024-08-30 08:00:00+00:00,0.02,0.03,0.02,0.03,626842.0
2024-08-30 12:00:00+00:00,0.03,0.03,0.03,0.03,1397568.0
2024-08-30 16:00:00+00:00,0.03,0.03,0.03,0.03,949895.0
2024-08-30 20:00:00+00:00,0.03,0.03,0.03,0.03,1199813.0
2024-08-31 00:00:00+00:00,0.03,0.04,0.03,0.04,1524005.0
2024-08-31 04:00:00+00:00,0.04,0.04,0.04,0.04,1524793.0
2024-08-31 08:00:00+00:00,0.04,0.06,0.04,0.06,1790432.0
2024-08-31 12:00:00+00:00,0.06,0.06,0.06,0.06,477721.0
2024-08-31 16:00:00+00:00,0.06,0.06,0.05,0.05,1661036.0
2024-08-31 20:00:00+00:00,0.05,0.05,0.05,0.05,410668.0
2024-09-01 00:00:00+00:00,0.05,0.06,0.05,0.06,1401110.0
2024-09-01 04:00:00+00:00,0.06,0.07,0.05,0.07,969998.0
2024-09-01 08:00:00+00:00,0.07,0.07,0.07,0.07,1416394.0
2024-09-01 12:00:00+00:00,0.07,0.07,0.07,0.07,2044743.0
2024-09-01 16:00:00+00:00,0.07,0.07,0.06,0.06,962519.0
2024-09-01 20:00:00+00:00,0.06,0.06,0.05,0.06,1856003.0
2024-09-02 00:00:00+00:00,0.06,0.06,0.05,0.05,1111513.0
2024-09-02 04:00:00+00:00,0.05,0.05,0.05,0.05,3024961.0
2024-09-02 08:00:00+00:00,0.05,0.05,0.05,0.05,1055650.0
2024-09-02 12:00:00+00:00,0.05,0.06,0.05,0.06,1151971.0
2024-09-02 16:00:00+00:00,0.06,0.07,0.06,0.07,1663602.0
2024-09-02 20:00:00+00:00,0.07,0.07,0.05,0.05,1235211.0
2024-09-03 00:00:00+00:00,0.05,0.06,0.05,0.06,789385.0
2024-09-03 04:00:00+00:00,0.06,0.07,0.06,0.07,1213265.0
2024-09-03 08:00:00+00:00,0.07,0.07,0.06,0.06,1244128.0
2024-09-03 12:00:00+00:00,0.06,0.06,0.06,0.06,2070011.0
2024-09-03 16:00:00+00:00,0.06,0.06,0.06,0.06,383555.0
2024-09-03 20:00:00+00:00,0.06,0.06,0.05,0.05,1360252.0
2024-09-04 00:00:00+00:00,0.05,0.06,0.05,0.06,1768568.0
2024-09-04 04:00:00+00:00,0.06,0.06,0.06,0.06,1159018.0
2024-09-04 08:00:00+00:00,0.06,0.06,0.06,0.06,2290980.0
2024-09-04 12:00:00+00:00,0.06,0.06,0.05,0.05,1346093.0
2024-09-04 16:00:00+00:00,0.05,0.05,0.05,0.05,1089242.0
2024-09-04 20:00:00+00:00,0.05,0.06,0.05,0.06,1784966.0
2024-09-05 00:00:00+00:00,0.06,0.06,0.05,0.05,1224736.0
2024-09-05 04:00:00+00:00,0.05,0.07,0.05,0.07,1463962.0
2024-09-05 08:00:00+00:00,0.07,0.07,0.06,0.06,1524074.0
2024-09-05 12:00:00+00:00,0.06,0.07,0.06,0.06,796351.0
2024-09-05 16:00:00+00:00,0.06,0.07,0.06,0.07,1047691.0
2024-09-05 20:00:00+00:00,0.07,0.07,0.06,0.06,1256205.0
2024-09-06 00:00:00+00:00,0.06,0.06,0.04,0.04,3520619.0
2024-09-06 04:00:00+00:00,0.04,0.04,0.03,0.03,336428.0
2024-09-06 08:00:00+00:00,0.03,0.04,0.03,0.04,1914373.0
2024-09-06 12:00:00+00:00,0.04,0.04,0.04,0.04,1267177.0
2024-09-06 16:00:00+00:00,0.04,0.05,0.04,0.05,929466.0
2024-09-06 20:00:00+00:00,0.05,0.05,0.05,0.05,1460699.0
2024-09-07 00:00:00+00:00,0.05,0.05,0.05,0.05,1377482.0
2024-09-07 04:00:00+00:00,0.05,0.06,0.05,0.06,2278629.0
2024-09-07 08:00:00+00:00,0.06,0.08,0.06,0.08,506067.0
2024-09-07 12:00:00+00:00,0.08,0.1,0.07,0.1,3823043.0
2024-09-07 16:00:00+00:00,0.1,0.12,0.1,0.12,1069623.0
2024-09-07 20:00:00+00:00,0.12,0.13,0.11,0.13,2063457.0
2024-09-08 00:00:00+00:00,0.13,0.15,0.13,0.15,1839251.0
2024-09-08 04:00:00+00:00,0.15,0.17,0.15,0.16,873098.0
2024-09-08 08:00:00+00:00,0.16,0.16,0.15,0.15,1731898.0
2024-09-08 12:00:00+00:00,0.15,0.15,0.13,0.13,1125637.0
2024-09-08 16:00:00+00:00,0.13,0.13,0.13,0.13,355622.0
2024-09-08 20:00:00+00:00,0.13,0.13,0.13,0.13,1921995.0
2024-09-09 00:00:00+00:00,0.13,0.13,0.12,0.12,812834.0
2024-09-09 04:00:00+00:00,0.12,0.14,0.12,0.13,858986.0
2024-09-09 08:00:00+00:00,0.13,0.15,0.13,0.15,1171784.0
2024-09-09 12:00:00+00:00,0.15,0.16,0.15,0.15,1195503.0
2024-09-09 16:00:00+00:00,0.15,0.19,0.15,0.19,1616876.0
2024-09-09 20:00:00+00:00,0.19,0.19,0.16,0.16,1986145.0
2024-09-10 00:00:00+00:00,0.16,0.16,0.15,0.15,554535.0
2024-09-10 04:00:00+00:00,0.15,0.15,0.13,0.14,909848.0
2024-09-10 08:00:00+00:00,0.14,0.14,0.1,0.1,1732652.0
2024-09-10 12:00:00+00:00,0.1,0.1,0.09,0.1,2669077.0
2024-09-10 16:00:00+00:00,0.1,0.1,0.09,0.1,992256.0
2024-09-10 20:00:00+00:00,0.1,0.12,0.09,0.12,2883422.0
2024-09-11 00:00:00+00:00,0.12,0.13,0.11,0.13,1312941.0
2024-09-11 04:00:00+00:00,0.13,0.13,0.11,0.11,1143892.0
2024-09-11 08:00:00+00:00,0.11,0.14,0.11,0.14,1625070.0
2024-09-11 12:00:00+00:00,0.14,0.17,0.14,0.16,1428123.0
2024-09-11 16:00:00+00:00,0.16,0.18,0.16,0.18,1712188.0
2024-09-11 20:00:00+00:00,0.18,0.18,0.17,0.17,2182646.0
2024-09-12 00:00:00+00:00,0.17,0.17,0.15,0.15,1708771.0
2024-09-12 04:00:00+00:00,0.15,0.16,0.14,0.14,2105887.0
2024-09-12 08:00:00+00:00,0.14,0.16,0.14,0.16,922395.0
2024-09-12 12:00:00+00:00,0.16,0.22,0.16,0.21,1505552.0
2024-09-12 16:00:00+00:00,0.21,0.27,0.21,0.26,1182671.0
2024-09-12 20:00:00+00:00,0.26,0.26,0.24,0.24,1422576.0
2024-09-13 00:00:00+00:00,0.24,0.24,0.2,0.2,1253087.0
2024-09-13 04:00:00+00:00,0.2,0.21,0.2,0.21,1538018.0
2024-09-13 08:00:00+00:00,0.21,0.21,0.15,0.15,1123863.0
2024-09-13 12:00:00+00:00,0.15,0.16,0.15,0.16,1174870.0
2024-09-13 16:00:00+00:00,0.16,0.16,0.15,0.16,1497143.0
2024-09-13 20:00:00+00:00,0.16,0.16,0.14,0.14,428931.0
2024-09-14 00:00:00+00:00,0.14,0.15,0.11,0.11,4948843.0
2024-09-14 04:00:00+00:00,0.11,0.12,0.11,0.12,1072471.0
2024-09-14 08:00:00+00:00,0.12,0.12,0.11,0.11,448771.0
2024-09-14 12:00:00+00:00,0.11,0.11,0.09,0.09,1647201.0
2024-09-14 16:00:00+00:00,0.09,0.09,0.05,0.05,2326653.0
2024-09-14 20:00:00+00:00,0.05,0.05,0.05,0.05,967506.0
2024-09-15 00:00:00+00:00,0.05,0.07,0.05,0.07,2938327.0
2024-09-15 04:00:00+00:00,0.07,0.08,0.06,0.08,2545851.0
2024-09-15 08:00:00+00:00,0.08,0.08,0.08,0.08,1394239.0
2024-09-15 12:00:00+00:00,0.08,0.08,0.07,0.07,1586356.0
2024-09-15 16:00:00+00:00,0.07,0.07,0.07,0.07,1153498.0
2024-09-15 20:00:00+00:00,0.07,0.08,0.06,0.06,3510759.0
2024-09-16 00:00:00+00:00,0.06,0.07,0.06,0.07,544166.0
2024-09-16 04:00:00+00:00,0.07,0.07,0.07,0.07,1446532.0
2024-09-16 08:00:00+00:00,0.07,0.09,0.07,0.09,1607747.0
2024-09-16 12:00:00+00:00,0.09,0.09,0.08,0.09,1563212.0
2024-09-16 16:00:00+00:00,0.09,0.09,0.08,0.08,712739.0
2024-09-16 20:00:00+00:00,0.08,0.08,0.07,0.07,581080.0
2024-09-17 00:00:00+00:00,0.07,0.07,0.06,0.06,1479687.0
2024-09-17 04:00:00+00:00,0.06,0.06,0.06,0.06,1263745.0
2024-09-17 08:00:00+00:00,0.06,0.07,0.06,0.07,2462353.0
2024-09-17 12:00:00+00:00,0.07,0.08,0.06,0.07,749687.0
2024-09-17 16:00:00+00:00,0.07,0.08,0.07,0.07,2418442.0
2024-09-17 20:00:00+00:00,0.07,0.08,0.07,0.08,5472598.0
2024-09-18 00:00:00+00:00,0.08,0.08,0.08,0.08,925905.0
2024-09-18 04:00:00+00:00,0.08,0.08,0.08,0.08,527607.0
2024-09-18 08:00:00+00:00,0.08,0.08,0.07,0.07,1083202.0
2024-09-18 12:00:00+00:00,0.07,0.07,0.04,0.04,2102214.0
2024-09-18 16:00:00+00:00,0.04,0.05,0.04,0.05,1857347.0
2024-09-18 20:00:00+00:00,0.05,0.06,0.05,0.06,993082.0
2024-09-19 00:00:00+00:00,0.06,0.06,0.05,0.05,2445020.0
2024-09-19 04:00:00+00:00,0.05,0.06,0.05,0.05,591755.0
2024-09-19 08:00:00+00:00,0.05,0.06,0.05,0.06,516734.0
2024-09-19 12:00:00+00:00,0.06,0.06,0.04,0.04,2957050.0
2024-09-19 16:00:00+00:00,0.04,0.04,0.04,0.04,396165.0
2024-09-19 20:00:00+00:00,0.04,0.05,0.04,0.05,1228036.0
2024-09-20 00:00:00+00:00,0.05,0.05,0.04,0.04,7424507.0
2024-09-20 04:00:00+00:00,0.04,0.04,0.04,0.04,1127639.0
2024-09-20 08:00:00+00:00,0.04,0.04,0.03,0.03,918283.0
2024-09-20 12:00:00+00:00,0.03,0.03,0.03,0.03,1177716.0
2024-09-20 16:00:00+00:00,0.03,0.03,0.03,0.03,988618.0
2024-09-20 20:00:00+00:00,0.03,0.03,0.02,0.03,1858552.0
2024-09-21 00:00:00+00:00,0.03,0.03,0.02,0.03,2124836.0
2024-09-21 04:00:00+00:00,0.03,0.03,0.03,0.03,790446.0
2024-09-21 08:00:00+00:00,0.03,0.03,0.02,0.02,3169475.0
2024-09-21 12:00:00+00:00,0.02,0.02,0.02,0.02,1233920.0
2024-09-21 16:00:00+00:00,0.02,0.03,0.02,0.03,2183324.0
2024-09-21 20:00:00+00:00,0.03,0.03,0.02,0.02,1063598.0
2024-09-22 00:00:00+00:00,0.02,0.02,0.02,0.02,1957102.0
2024-09-22 04:00:00+00:00,0.02,0.03,0.02,0.03,1048022.0
2024-09-22 08:00:00+00:00,0.03,0.03,0.03,0.03,1507925.0
2024-09-22 12:00:00+00:00,0.03,0.03,0.03,0.03,677263.0
2024-09-22 16:00:00+00:00,0.03,0.03,0.03,0.03,707584.0
2024-09-22 20:00:00+00:00,0.03,0.03,0.02,0.02,1935827.0
2024-09-23 00:00:00+00:00,0.02,0.02,0.02,0.02,832160.0
2024-09-23 04:00:00+00:00,0.02,0.02,0.02,0.02,964877.0
2024-09-23 08:00:00+00:00,0.02,0.02,0.01,0.01,1678266.0
2024-09-23 12:00:00+00:00,0.01,0.01,0.01,0.01,1696370.0
2024-09-23 16:00:00+00:00,0.01,0.01,0.01,0.01,1026724.0
2024-09-23 20:00:00+00:00,0.01,0.01,0.01,0.01,1946123.0
2024-09-24 00:00:00+00:00,0.01,0.01,0.01,0.01,1466234.0
2024-09-24 04:00:00+00:00,0.01,0.01,0.01,0.01,489827.0
2024-09-24 08:00:00+00:00,0.01,0.01,0.01,0.01,922375.0
2024-09-24 12:00:00+00:00,0.01,0.01,0.01,0.01,1192575.0
2024-09-24 16:00:00+00:00,0.01,0.01,0.01,0.01,916051.0
2024-09-24 20:00:00+00:00,0.01,0.01,0.01,0.01,1838573.0
2024-09-25 00:00:00+00:00,0.01,0.01,0.01,0.01,2621897.0
2024-09-25 04:00:00+00:00,0.01,0.01,0.01,0.01,1852040.0
2024-09-25 08:00:00+00:00,0.01,0.01,0.01,0.01,3382692.0
2024-09-25 12:00:00+00:00,0.01,0.01,0.01,0.01,1169899.0
2024-09-25 16:00:00+00:00,0.01,0.01,0.01,0.01,1980056.0
2024-09-25 20:00:00+00:00,0.01,0.01,0.01,0.01,785891.0
2024-09-26 00:00:00+00:00,0.01,0.01,0.01,0.01,5878160.0
2024-09-26 04:00:00+00:00,0.01,0.01,0.01,0.01,3080261.0
2024-09-26 08:00:00+00:00,0.01,0.01,0.01,0.01,1123274.0
2024-09-26 12:00:00+00:00,0.01,0.01,0.01,0.01,1376454.0
2024-09-26 16:00:00+00:00,0.01,0.01,0.01,0.01,3367832.0
2024-09-26 20:00:00+00:00,0.01,0.01,0.01,0.01,1295020.0
2024-09-27 00:00:00+00:00,0.01,0.01,0.01,0.01,747999.0
2024-09-27 04:00:00+00:00,0.01,0.01,0.01,0.01,1678653.0
2024-09-27 08:00:00+00:00,0.01,0.01,0.01,0.01,2523123.0
2024-09-27 12:00:00+00:00,0.01,0.01,0.01,0.01,1238647.0
2024-09-27 16:00:00+00:00,0.01,0.01,0.01,0.01,884643.0
2024-09-27 20:00:00+00:00,0.01,0.01,0.01,0.01,506791.0
2024-09-28 00:00:00+00:00,0.01,0.01,0.01,0.01,1701816.0
2024-09-28 04:00:00+00:00,0.01,0.01,0.01,0.01,1645042.0
2024-09-28 08:00:00+00:00,0.01,0.01,0.01,0.01,1471947.0
2024-09-28 12:00:00+00:00,0.01,0.01,0.01,0.01,2889010.0
2024-09-28 16:00:00+00:00,0.01,0.01,0.01,0.01,918312.0
2024-09-28 20:00:00+00:00,0.01,0.01,0.01,0.01,1084620.0
2024-09-29 00:00:00+00:00,0.01,0.01,0.01,0.01,1431790.0
2024-09-29 04:00:00+00:00,0.01,0.01,0.01,0.01,1157881.0
2024-09-29 08:00:00+00:00,0.01,0.01,0.01,0.01,2308635.0
2024-09-29 12:00:00+00:00,0.01,0.01,0.01,0.01,695665.0
2024-09-29 16:00:00+00:00,0.01,0.02,0.01,0.02,2722570.0
2024-09-29 20:00:00+00:00,0.02,0.02,0.02,0.02,3241244.0
2024-09-30 00:00:00+00:00,0.02,0.02,0.02,0.02,1359942.0
2024-09-30 04:00:00+00:00,0.02,0.02,0.01,0.01,2420260.0
2024-09-30 08:00:00+00:00,0.01,0.02,0.01,0.02,859290.0
2024-09-30 12:00:00+00:00,0.02,0.02,0.01,0.01,1980521.0
2024-09-30 16:00:00+00:00,0.01,0.02,0.01,0.01,2005517.0
2024-09-30 20:00:00+00:00,0.01,0.01,0.01,0.01,2211674.0
2024-10-01 00:00:00+00:00,0.01,0.01,0.01,0.01,1174917.0
2024-10-01 04:00:00+00:00,0.01,0.02,0.01,0.02,438672.0
2024-10-01 08:00:00+00:00,0.02,0.02,0.01,0.01,1078905.0
2024-10-01 12:00:00+00:00,0.01,0.01,0.01,0.01,734308.0
2024-10-01 16:00:00+00:00,0.01,0.02,0.01,0.02,992500.0
2024-10-01 20:00:00+00:00,0.02,0.02,0.02,0.02,1108459.0
2024-10-02 00:00:00+00:00,0.02,0.02,0.02,0.02,969268.0
2024-10-02 04:00:00+00:00,0.02,0.02,0.01,0.01,983317.0
2024-10-02 08:00:00+00:00,0.01,0.02,0.01,0.02,698303.0
2024-10-02 12:00:00+00:00,0.02,0.02,0.01,0.02,763118.0
2024-10-02 16:00:00+00:00,0.02,0.02,0.02,0.02,2516545.0
2024-10-02 20:00:00+00:00,0.02,0.02,0.02,0.02,1097303.0
2024-10-03 00:00:00+00:00,0.02,0.03,0.02,0.03,1668171.0
2024-10-03 04:00:00+00:00,0.03,0.03,0.03,0.03,997615.0
2024-10-03 08:00:00+00:00,0.03,0.03,0.03,0.03,1349698.0
2024-10-03 12:00:00+00:00,0.03,0.03,0.03,0.03,1356867.0
2024-10-03 16:00:00+00:00,0.03,0.03,0.03,0.03,254496.0
2024-10-03 20:00:00+00:00,0.03,0.03,0.03,0.03,1908143.0
2024-10-04 00:00:00+00:00,0.03,0.03,0.03,0.03,2338569.0
2024-10-04 04:00:00+00:00,0.03,0.03,0.03,0.03,631929.0
2024-10-04 08:00:00+00:00,0.03,0.04,0.03,0.04,974497.0
2024-10-04 12:00:00+00:00,0.04,0.04,0.03,0.03,1166023.0
2024-10-04 16:00:00+00:00,0.03,0.04,0.03,0.04,1031587.0
2024-10-04 20:00:00+00:00,0.04,0.05,0.04,0.04,1773022.0
2024-10-05 00:00:00+00:00,0.04,0.05,0.04,0.04,400750.0
2024-10-05 04:00:00+00:00,0.04,0.04,0.03,0.03,1120306.0
2024-10-05 08:00:00+00:00,0.03,0.03,0.03,0.03,2765519.0
2024-10-05 12:00:00+00:00,0.03,0.03,0.03,0.03,990945.0
2024-10-05 16:00:00+00:00,0.03,0.03,0.03,0.03,1895127.0
2024-10-05 20:00:00+00:00,0.03,0.03,0.03,0.03,1733571.0
2024-10-06 00:00:00+00:00,0.03,0.03,0.02,0.03,499607.0
2024-10-06 04:00:00+00:00,0.03,0.03,0.03,0.03,1883516.0
2024-10-06 08:00:00+00:00,0.03,0.03,0.03,0.03,1167917.0
2024-10-06 12:00:00+00:00,0.03,0.03,0.03,0.03,887777.0
2024-10-06 16:00:00+00:00,0.03,0.03,0.03,0.03,1325093.0
2024-10-06 20:00:00+00:00,0.03,0.03,0.03,0.03,1500523.0
2024-10-07 00:00:00+00:00,0.03,0.03,0.02,0.02,2025983.0
2024-10-07 04:00:00+00:00,0.02,0.03,0.02,0.03,3099738.0
2024-10-07 08:00:00+00:00,0.03,0.03,0.03,0.03,1412970.0
2024-10-07 12:00:00+00:00,0.03,0.03,0.03,0.03,774451.0
2024-10-07 16:00:00+00:00,0.03,0.04,0.03,0.04,1323840.0
2024-10-07 20:00:00+00:00,0.04,0.04,0.04,0.04,6282441.0
2024-10-08 00:00:00+00:00,0.04,0.04,0.04,0.04,1725470.0
2024-10-08 04:00:00+00:00,0.04,0.04,0.04,0.04,3841188.0
2024-10-08 08:00:00+00:00,0.04,0.04,0.04,0.04,2044639.0
2024-10-08 12:00:00+00:00,0.04,0.04,0.04,0.04,1589162.0
2024-10-08 16:00:00+00:00,0.04,0.04,0.04,0.04,1324632.0
2024-10-08 20:00:00+00:00,0.04,0.04,0.03,0.03,1509284.0
2024-10-09 00:00:00+00:00,0.03,0.04,0.03,0.04,640840.0
2024-10-09 04:00:00+00:00,0.04,0.04,0.03,0.03,1226532.0
2024-10-09 08:00:00+00:00,0.03,0.04,0.03,0.04,1986036.0
2024-10-09 12:00:00+00:00,0.04,0.04,0.04,0.04,830747.0
2024-10-09 16:00:00+00:00,0.04,0.04,0.04,0.04,1379517.0
2024-10-09 20:00:00+00:00,0.04,0.04,0.04,0.04,1925561.0
2024-10-10 00:00:00+00:00,0.04,0.04,0.04,0.04,774004.0
2024-10-10 04:00:00+00:00,0.04,0.04,0.04,0.04,1106102.0
2024-10-10 08:00:00+00:00,0.04,0.04,0.03,0.03,968767.0
2024-10-10 12:00:00+00:00,0.03,0.03,0.03,0.03,696772.0
2024-10-10 16:00:00+00:00,0.03,0.04,0.03,0.04,978160.0
2024-10-10 20:00:00+00:00,0.04,0.04,0.04,0.04,928058.0
2024-10-11 00:00:00+00:00,0.04,0.04,0.03,0.03,2664953.0
2024-10-11 04:00:00+00:00,0.03,0.03,0.03,0.03,775555.0
2024-10-11 08:00:00+00:00,0.03,0.04,0.03,0.04,1145589.0
2024-10-11 12:00:00+00:00,0.04,0.04,0.04,0.04,896243.0
2024-10-11 16:00:00+00:00,0.04,0.04,0.04,0.04,2190396.0
2024-10-11 20:00:00+00:00,0.04,0.04,0.04,0.04,2466497.0
2024-10-12 00:00:00+00:00,0.04,0.05,0.04,0.05,2301774.0
2024-10-12 04:00:00+00:00,0.05,0.05,0.05,0.05,1374497.0
2024-10-12 08:00:00+00:00,0.05,0.05,0.05,0.05,991997.0
2024-10-12 12:00:00+00:00,0.05,0.06,0.05,0.06,715159.0
2024-10-12 16:00:00+00:00,0.06,0.07,0.06,0.07,4889320.0
2024-10-12 20:00:00+00:00,0.07,0.07,0.07,0.07,727994.0
2024-10-13 00:00:00+00:00,0.07,0.07,0.06,0.06,2009572.0
2024-10-13 04:00:00+00:00,0.06,0.07,0.06,0.07,2537092.0
2024-10-13 08:00:00+00:00,0.07,0.07,0.07,0.07,801971.0
2024-10-13 12:00:00+00:00,0.07,0.07,0.05,0.05,3324591.0
2024-10-13 16:00:00+00:00,0.05,0.05,0.05,0.05,2017890.0
2024-10-13 20:00:00+00:00,0.05,0.05,0.05,0.05,2954134.0
2024-10-14 00:00:00+00:00,0.05,0.05,0.05,0.05,826321.0
2024-10-14 04:00:00+00:00,0.05,0.05,0.05,0.05,601627.0
2024-10-14 08:00:00+00:00,0.05,0.05,0.05,0.05,840141.0
2024-10-14 12:00:00+00:00,0.05,0.06,0.05,0.06,1460108.0
2024-10-14 16:00:00+00:00,0.06,0.06,0.05,0.05,1235266.0
2024-10-14 20:00:00+00:00,0.05,0.06,0.05,0.06,1007967.0
2024-10-15 00:00:00+00:00,0.06,0.06,0.05,0.05,431366.0
2024-10-15 04:00:00+00:00,0.05,0.06,0.05,0.06,1681208.0
2024-10-15 08:00:00+00:00,0.06,0.07,0.06,0.07,3413665.0
2024-10-15 12:00:00+00:00,0.07,0.07,0.06,0.06,1796694.0
2024-10-15 16:00:00+00:00,0.06,0.07,0.06,0.07,2013978.0
2024-10-15 20:00:00+00:00,0.07,0.07,0.06,0.06,1657087.0
2024-10-16 00:00:00+00:00,0.06,0.07,0.06,0.07,1658937.0
2024-10-16 04:00:00+00:00,0.07,0.07,0.07,0.07,1851354.0
2024-10-16 08:00:00+00:00,0.07,0.09,0.07,0.09,2222547.0
2024-10-16 12:00:00+00:00,0.09,0.09,0.09,0.09,944061.0
2024-10-16 16:00:00+00:00,0.09,0.09,0.08,0.08,779407.0
2024-10-16 20:00:00+00:00,0.08,0.08,0.08,0.08,893471.0
2024-10-17 00:00:00+00:00,0.08,0.09,0.08,0.08,1331142.0
2024-10-17 04:00:00+00:00,0.08,0.09,0.08,0.09,1158513.0
2024-10-17 08:00:00+00:00,0.09,0.09,0.07,0.07,2024921.0
2024-10-17 12:00:00+00:00,0.07,0.07,0.06,0.06,1839928.0
2024-10-17 16:00:00+00:00,0.06,0.06,0.05,0.05,2250192.0
2024-10-17 20:00:00+00:00,0.05,0.05,0.05,0.05,2705582.0
2024-10-18 00:00:00+00:00,0.05,0.07,0.05,0.07,1837072.0
2024-10-18 04:00:00+00:00,0.07,0.07,0.07,0.07,546001.0
2024-10-18 08:00:00+00:00,0.07,0.07,0.06,0.06,907566.0
2024-10-18 12:00:00+00:00,0.06,0.07,0.06,0.07,1051377.0
2024-10-18 16:00:00+00:00,0.07,0.08,0.07,0.08,604140.0
2024-10-18 20:00:00+00:00,0.08,0.08,0.07,0.07,2843817.0
2024-10-19 00:00:00+00:00,0.07,0.07,0.07,0.07,1185838.0
2024-10-19 04:00:00+00:00,0.07,0.08,0.07,0.08,1737571.0
2024-10-19 08:00:00+00:00,0.08,0.08,0.08,0.08,2419903.0
2024-10-19 12:00:00+00:00,0.08,0.09,0.08,0.09,789864.0
2024-10-19 16:00:00+00:00,0.09,0.1,0.09,0.1,1928789.0
2024-10-19 20:00:00+00:00,0.1,0.1,0.06,0.06,2100759.0
2024-10-20 00:00:00+00:00,0.06,0.06,0.06,0.06,1187601.0
2024-10-20 04:00:00+00:00,0.06,0.06,0.06,0.06,881776.0
2024-10-20 08:00:00+00:00,0.06,0.06,0.04,0.04,4201097.0
2024-10-20 12:00:00+00:00,0.04,0.05,0.04,0.05,1017003.0
2024-10-20 16:00:00+00:00,0.05,0.05,0.05,0.05,2291363.0
2024-10-20 20:00:00+00:00,0.05,0.05,0.05,0.05,417017.0
2024-10-21 00:00:00+00:00,0.05,0.06,0.05,0.06,2570238.0
2024-10-21 04:00:00+00:00,0.06,0.08,0.06,0.08,2914911.0
2024-10-21 08:00:00+00:00,0.08,0.09,0.08,0.09,1667887.0
2024-10-21 12:00:00+00:00,0.09,0.11,0.09,0.11,1548724.0
2024-10-21 16:00:00+00:00,0.11,0.13,0.11,0.13,1625389.0
2024-10-21 20:00:00+00:00,0.13,0.13,0.12,0.13,3236971.0
2024-10-22 00:00:00+00:00,0.13,0.13,0.09,0.1,711060.0
2024-10-22 04:00:00+00:00,0.1,0.1,0.09,0.09,1647102.0
2024-10-22 08:00:00+00:00,0.09,0.09,0.08,0.08,876624.0
2024-10-22 12:00:00+00:00,0.08,0.11,0.08,0.11,1953952.0
2024-10-22 16:00:00+00:00,0.11,0.11,0.1,0.1,956415.0
2024-10-22 20:00:00+00:00,0.1,0.11,0.1,0.11,849138.0
2024-10-23 00:00:00+00:00,0.11,0.12,0.1,0.11,1236842.0
2024-10-23 04:00:00+00:00,0.11,0.12,0.11,0.12,576252.0
2024-10-23 08:00:00+00:00,0.12,0.15,0.11,0.14,2926160.0
2024-10-23 12:00:00+00:00,0.14,0.15,0.12,0.13,523534.0
2024-10-23 16:00:00+00:00,0.13,0.14,0.13,0.13,1419554.0
2024-10-23 20:00:00+00:00,0.13,0.13,0.12,0.12,1136413.0
2024-10-24 00:00:00+00:00,0.12,0.12,0.09,0.1,889797.0
2024-10-24 04:00:00+00:00,0.1,0.1,0.09,0.09,1415490.0
2024-10-24 08:00:00+00:00,0.09,0.09,0.09,0.09,468607.0
2024-10-24 12:00:00+00:00,0.09,0.09,0.08,0.08,1218911.0
2024-10-24 16:00:00+00:00,0.08,0.08,0.07,0.07,645948.0
2024-10-24 20:00:00+00:00,0.07,0.07,0.06,0.06,2061717.0
2024-10-25 00:00:00+00:00,0.06,0.06,0.06,0.06,656165.0
2024-10-25 04:00:00+00:00,0.06,0.06,0.03,0.03,10873463.0
2024-10-25 08:00:00+00:00,0.04,0.05,0.04,0.04,12591196.0
2024-10-25 12:00:00+00:00,0.05,0.05,0.04,0.04,5702840.0
2024-10-25 16:00:00+00:00,0.05,0.05,0.03,0.03,13059474.0
2024-10-25 20:00:00+00:00,0.04,0.04,0.03,0.03,4360297.0
2024-10-26 00:00:00+00:00,0.04,0.04,0.03,0.03,14963170.0
2024-10-26 04:00:00+00:00,0.03,0.03,0.03,0.03,2752493.0
2024-10-26 08:00:00+00:00,0.03,0.04,0.03,0.04,6456608.0
2024-10-26 12:00:00+00:00,0.04,0.04,0.03,0.03,1934922.0
2024-10-26 16:00:00+00:00,0.03,0.03,0.03,0.03,1552495.0
2024-10-26 20:00:00+00:00,0.03,0.03,0.03,0.03,441978.0
2024-10-27 00:00:00+00:00,0.03,0.03,0.03,0.03,2746409.0
2024-10-27 04:00:00+00:00,0.03,0.03,0.03,0.03,1608074.0
2024-10-27 08:00:00+00:00,0.03,0.03,0.03,0.03,1054816.0
2024-10-27 12:00:00+00:00,0.03,0.03,0.03,0.03,2132569.0
2024-10-27 16:00:00+00:00,0.03,0.03,0.02,0.02,1200610.0
2024-10-27 20:00:00+00:00,0.02,0.03,0.02,0.03,1176148.0
2024-10-28 00:00:00+00:00,0.03,0.03,0.03,0.03,1273576.0
2024-10-28 04:00:00+00:00,0.03,0.04,0.03,0.04,1079217.0
2024-10-28 08:00:00+00:00,0.04,0.04,0.03,0.04,1721354.0
2024-10-28 12:00:00+00:00,0.04,0.04,0.03,0.03,779329.0
2024-10-28 16:00:00+00:00,0.03,0.03,0.02,0.02,997809.0
2024-10-28 20:00:00+00:00,0.02,0.02,0.02,0.02,1153028.0
2024-10-29 00:00:00+00:00,0.02,0.02,0.01,0.01,2512433.0
2024-10-29 04:00:00+00:00,0.01,0.01,0.01,0.01,818701.0
2024-10-29 08:00:00+00:00,0.01,0.01,0.01,0.01,623382.0
2024-10-29 12:00:00+00:00,0.01,0.01,0.01,0.01,1268662.0
2024-10-29 16:00:00+00:00,0.01,0.01,0.01,0.01,1374679.0
2024-10-29 20:00:00+00:00,0.01,0.01,0.01,0.01,677778.0
2024-10-30 00:00:00+00:00,0.01,0.01,0.01,0.01,596024.0
2024-10-30 04:00:00+00:00,0.01,0.02,0.01,0.02,4934705.0
2024-10-30 08:00:00+00:00,0.02,0.02,0.01,0.02,908873.0
2024-10-30 12:00:00+00:00,0.02,0.02,0.02,0.02,958799.0
2024-10-30 16:00:00+00:00,0.02,0.02,0.01,0.01,1171058.0
2024-10-30 20:00:00+00:00,0.01,0.01,0.01,0.01,1599326.0
2024-10-31 00:00:00+00:00,0.01,0.01,0.01,0.01,1814182.0
2024-10-31 04:00:00+00:00,0.01,0.01,0.01,0.01,1768963.0
2024-10-31 08:00:00+00:00,0.01,0.01,0.01,0.01,1244613.0
2024-10-31 12:00:00+00:00,0.01,0.01,0.01,0.01,574021.0
2024-10-31 16:00:00+00:00,0.01,0.01,0.01,0.01,1944895.0
2024-10-31 20:00:00+00:00,0.01,0.01,0.01,0.01,1054584.0
2024-11-01 00:00:00+00:00,0.01,0.01,0.01,0.01,3082319.0
2024-11-01 04:00:00+00:00,0.01,0.01,0.01,0.01,348074.0
2024-11-01 08:00:00+00:00,0.01,0.01,0.01,0.01,1314931.0
2024-11-01 12:00:00+00:00,0.01,0.01,0.01,0.01,3906391.0
2024-11-01 16:00:00+00:00,0.01,0.01,0.01,0.01,1365114.0
2024-11-01 20:00:00+00:00,0.01,0.01,0.01,0.01,938421.0
2024-11-02 00:00:00+00:00,0.01,0.01,0.01,0.01,1162016.0
2024-11-02 04:00:00+00:00,0.01,0.01,0.01,0.01,987701.0
2024-11-02 08:00:00+00:00,0.01,0.01,0.01,0.01,940203.0
2024-11-02 12:00:00+00:00,0.01,0.01,0.01,0.01,1201823.0
2024-11-02 16:00:00+00:00,0.01,0.01,0.01,0.01,820832.0
2024-11-02 20:00:00+00:00,0.01,0.01,0.01,0.01,2368902.0
2024-11-03 00:00:00+00:00,0.01,0.01,0.01,0.01,1456810.0
2024-11-03 04:00:00+00:00,0.01,0.01,0.01,0.01,1723430.0
2024-11-03 08:00:00+00:00,0.01,0.01,0.01,0.01,1562861.0
2024-11-03 12:00:00+00:00,0.01,0.01,0.01,0.01,894153.0
2024-11-03 16:00:00+00:00,0.01,0.01,0.01,0.01,745263.0
2024-11-03 20:00:00+00:00,0.01,0.01,0.01,0.01,786292.0
2024-11-04 00:00:00+00:00,0.01,0.01,0.0,0.0,1844161.0
2024-11-04 04:00:00+00:00,0.0,0.0,0.0,0.0,737416.0
2024-11-04 08:00:00+00:00,0.0,0.0,0.0,0.0,807086.0
2024-11-04 12:00:00+00:00,0.0,0.0,0.0,0.0,823593.0
2024-11-04 16:00:00+00:00,0.0,0.0,0.0,0.0,4233367.0
2024-11-04 20:00:00+00:00,0.0,0.0,0.0,0.0,390881.0
2024-11-05 00:00:00+00:00,0.0,0.0,0.0,0.0,1274971.0
2024-11-05 04:00:00+00:00,0.0,0.0,0.0,0.0,3392154.0
2024-11-05 08:00:00+00:00,0.0,0.0,0.0,0.0,1262016.0
2024-11-05 12:00:00+00:00,0.0,0.0,0.0,0.0,1888189.0
2024-11-05 16:00:00+00:00,0.0,0.01,0.0,0.01,1886107.0
2024-11-05 20:00:00+00:00,0.01,0.01,0.0,0.0,1104270.0
2024-11-06 00:00:00+00:00,0.0,0.01,0.0,0.01,459359.0
2024-11-06 04:00:00+00:00,0.01,0.01,0.01,0.01,1602409.0
2024-11-06 08:00:00+00:00,0.01,0.01,0.01,0.01,886153.0
2024-11-06 12:00:00+00:00,0.01,0.01,0.01,0.01,1087442.0
2024-11-06 16:00:00+00:00,0.01,0.01,0.01,0.01,869945.0
2024-11-06 20:00:00+00:00,0.01,0.01,0.01,0.01,2694414.0
2024-11-07 00:00:00+00:00,0.01,0.01,0.01,0.01,3705722.0
2024-11-07 04:00:00+00:00,0.01,0.01,0.01,0.01,1186076.0
2024-11-07 08:00:00+00:00,0.01,0.01,0.01,0.01,1078413.0
2024-11-07 12:00:00+00:00,0.01,0.01,0.01,0.01,751467.0
2024-11-07 16:00:00+00:00,0.01,0.01,0.01,0.01,2262556.0
2024-11-07 20:00:00+00:00,0.01,0.01,0.01,0.01,3862639.0
2024-11-08 00:00:00+00:00,0.01,0.01,0.01,0.01,1547329.0
2024-11-08 04:00:00+00:00,0.01,0.01,0.01,0.01,444959.0
2024-11-08 08:00:00+00:00,0.01,0.01,0.01,0.01,2103111.0
2024-11-08 12:00:00+00:00,0.01,0.01,0.01,0.01,2444307.0
2024-11-08 16:00:00+00:00,0.01,0.01,0.01,0.01,537230.0
2024-11-08 20:00:00+00:00,0.01,0.01,0.0,0.0,1638103.0
2024-11-09 00:00:00+00:00,0.0,0.0,0.0,0.0,1376827.0
2024-11-09 04:00:00+00:00,0.0,0.0,0.0,0.0,1099559.0
2024-11-09 08:00:00+00:00,0.0,0.0,0.0,0.0,908525.0
2024-11-09 12:00:00+00:00,0.0,0.01,0.0,0.01,2639224.0
2024-11-09 16:00:00+00:00,0.01,0.01,0.01,0.01,1329531.0
2024-11-09 20:00:00+00:00,0.01,0.01,0.01,0.01,596865.0
2024-11-10 00:00:00+00:00,0.01,0.01,0.01,0.01,393077.0
2024-11-10 04:00:00+00:00,0.01,0.01,0.0,0.0,3303173.0
2024-11-10 08:00:00+00:00,0.0,0.0,0.0,0.0,1855839.0
2024-11-10 12:00:00+00:00,0.0,0.0,0.0,0.0,1498016.0
2024-11-10 16:00:00+00:00,0.0,0.01,0.0,0.01,1385390.0
2024-11-10 20:00:00+00:00,0.01,0.01,0.0,0.0,1194194.0
2024-11-11 00:00:00+00:00,0.0,0.0,0.0,0.0,739779.0
2024-11-11 04:00:00+00:00,0.0,0.0,0.0,0.0,815526.0
2024-11-11 08:00:00+00:00,0.0,0.0,0.0,0.0,389563.0
2024-11-11 12:00:00+00:00,0.0,0.0,0.0,0.0,943780.0
2024-11-11 16:00:00+00:00,0.0,0.0,0.0,0.0,1019781.0
2024-11-11 20:00:00+00:00,0.0,0.0,0.0,0.0,1644920.0
2024-11-12 00:00:00+00:00,0.0,0.0,0.0,0.0,985821.0
2024-11-12 04:00:00+00:00,0.0,0.0,0.0,0.0,1849644.0
2024-11-12 08:00:00+00:00,0.0,0.0,0.0,0.0,1971057.0
2024-11-12 12:00:00+00:00,0.0,0.0,0.0,0.0,2023273.0
2024-11-12 16:00:00+00:00,0.0,0.0,0.0,0.0,1325825.0
2024-11-12 20:00:00+00:00,0.0,0.0,0.0,0.0,1044111.0
2024-11-13 00:00:00+00:00,0.0,0.0,0.0,0.0,711922.0
2024-11-13 04:00:00+00:00,0.0,0.0,0.0,0.0,1613549.0
2024-11-13 08:00:00+00:00,0.0,0.0,0.0,0.0,3986972.0
2024-11-13 12:00:00+00:00,0.0,0.0,0.0,0.0,1488659.0
2024-11-13 16:00:00+00:00,0.0,0.0,0.0,0.0,2948805.0
2024-11-13 20:00:00+00:00,0.0,0.0,0.0,0.0,613791.0
2024-11-14 00:00:00+00:00,0.0,0.0,0.0,0.0,644410.0
2024-11-14 04:00:00+00:00,0.0,0.01,0.0,0.01,2347411.0
2024-11-14 08:00:00+00:00,0.01,0.01,0.01,0.01,1334439.0
2024-11-14 12:00:00+00:00,0.01,0.01,0.01,0.01,2016031.0
2024-11-14 16:00:00+00:00,0.01,0.01,0.01,0.01,1194056.0
2024-11-14 20:00:00+00:00,0.01,0.01,0.0,0.0,1103778.0
2024-11-15 00:00:00+00:00,0.0,0.0,0.0,0.0,1351289.0
2024-11-15 04:00:00+00:00,0.0,0.0,0.0,0.0,712717.0
2024-11-15 08:00:00+00:00,0.0,0.0,0.0,0.0,607456.0
2024-11-15 12:00:00+00:00,0.0,0.0,0.0,0.0,2898241.0
2024-11-15 16:00:00+00:00,0.0,0.01,0.0,0.01,3106676.0
2024-11-15 20:00:00+00:00,0.01,0.01,0.01,0.01,1548167.0
2024-11-16 00:00:00+00:00,0.01,0.01,0.01,0.01,520027.0
2024-11-16 04:00:00+00:00,0.01,0.01,0.0,0.0,1509848.0
2024-11-16 08:00:00+00:00,0.0,0.0,0.0,0.0,671960.0
2024-11-16 12:00:00+00:00,0.0,0.0,0.0,0.0,2431137.0
2024-11-16 16:00:00+00:00,0.0,0.0,0.0,0.0,952082.0
2024-11-16 20:00:00+00:00,0.0,0.0,0.0,0.0,622299.0
2024-11-17 00:00:00+00:00,0.0,0.0,0.0,0.0,1225552.0
2024-11-17 04:00:00+00:00,0.0,0.0,0.0,0.0,1369245.0
2024-11-17 08:00:00+00:00,0.0,0.0,0.0,0.0,2817100.0
2024-11-17 12:00:00+00:00,0.0,0.0,0.0,0.0,1023310.0
2024-11-17 16:00:00+00:00,0.0,0.0,0.0,0.0,552832.0
2024-11-17 20:00:00+00:00,0.0,0.0,0.0,0.0,660674.0
2024-11-18 00:00:00+00:00,0.0,0.0,0.0,0.0,1386877.0
2024-11-18 04:00:00+00:00,0.0,0.0,0.0,0.0,1610700.0
2024-11-18 08:00:00+00:00,0.0,0.0,0.0,0.0,549774.0
2024-11-18 12:00:00+00:00,0.0,0.0,0.0,0.0,2720260.0
2024-11-18 16:00:00+00:00,0.0,0.0,0.0,0.0,2634089.0
2024-11-18 20:00:00+00:00,0.0,0.0,0.0,0.0,1525951.0
2024-11-19 00:00:00+00:00,0.0,0.0,0.0,0.0,2431612.0
2024-11-19 04:00:00+00:00,0.0,0.0,0.0,0.0,1676319.0
2024-11-19 08:00:00+00:00,0.0,0.0,0.0,0.0,690442.0
2024-11-19 12:00:00+00:00,0.0,0.0,0.0,0.0,1300756.0
2024-11-19 16:00:00+00:00,0.0,0.0,0.0,0.0,2514496.0
2024-11-19 20:00:00+00:00,0.0,0.0,0.0,0.0,1365642.0
2024-11-20 00:00:00+00:00,0.0,0.0,0.0,0.0,1324191.0
2024-11-20 04:00:00+00:00,0.0,0.0,0.0,0.0,978844.0
2024-11-20 08:00:00+00:00,0.0,0.0,0.0,0.0,1423167.0
2024-11-20 12:00:00+00:00,0.0,0.0,0.0,0.0,784041.0
2024-11-20 16:00:00+00:00,0.0,0.0,0.0,0.0,1111990.0
2024-11-20 20:00:00+00:00,0.0,0.0,0.0,0.0,2323813.0
2024-11-21 00:00:00+00:00,0.0,0.0,0.0,0.0,825217.0
2024-11-21 04:00:00+00:00,0.0,0.0,0.0,0.0,585613.0
2024-11-21 08:00:00+00:00,0.0,0.0,0.0,0.0,685450.0
2024-11-21 12:00:00+00:00,0.0,0.0,0.0,0.0,1933081.0
2024-11-21 16:00:00+00:00,0.0,0.0,0.0,0.0,1143833.0
2024-11-21 20:00:00+00:00,0.0,0.0,0.0,0.0,1411258.0
2024-11-22 00:00:00+00:00,0.0,0.0,0.0,0.0,788458.0
2024-11-22 04:00:00+00:00,0.0,0.0,0.0,0.0,2270782.0
2024-11-22 08:00:00+00:00,0.0,0.0,0.0,0.0,1029465.0
2024-11-22 12:00:00+00:00,0.0,0.0,0.0,0.0,1632936.0
2024-11-22 16:00:00+00:00,0.0,0.0,0.0,0.0,893661.0
2024-11-22 20:00:00+00:00,0.0,0.0,0.0,0.0,805638.0
2024-11-23 00:00:00+00:00,0.0,0.0,0.0,0.0,1181116.0
2024-11-23 04:00:00+00:00,0.0,0.0,0.0,0.0,1620481.0
2024-11-23 08:00:00+00:00,0.0,0.0,0.0,0.0,2359619.0
2024-11-23 12:00:00+00:00,0.0,0.0,0.0,0.0,1666195.0
2024-11-23 16:00:00+00:00,0.0,0.0,0.0,0.0,174973.0
2024-11-23 20:00:00+00:00,0.0,0.0,0.0,0.0,680352.0
2024-11-24 00:00:00+00:00,0.0,0.0,0.0,0.0,931295.0
2024-11-24 04:00:00+00:00,0.0,0.0,0.0,0.0,2632304.0
2024-11-24 08:00:00+00:00,0.0,0.0,0.0,0.0,755280.0
2024-11-24 12:00:00+00:00,0.0,0.0,0.0,0.0,1362183.0
2024-11-24 16:00:00+00:00,0.0,0.0,0.0,0.0,2208753.0
2024-11-24 20:00:00+00:00,0.0,0.0,0.0,0.0,561541.0
2024-11-25 00:00:00+00:00,0.0,0.0,0.0,0.0,1293583.0
2024-11-25 04:00:00+00:00,0.0,0.0,0.0,0.0,724267.0
2024-11-25 08:00:00+00:00,0.0,0.0,0.0,0.0,1176182.0
2024-11-25 12:00:00+00:00,0.0,0.0,0.0,0.0,851629.0
2024-11-25 16:00:00+00:00,0.0,0.0,0.0,0.0,1607567.0
2024-11-25 20:00:00+00:00,0.0,0.0,0.0,0.0,5071446.0
2024-11-26 00:00:00+00:00,0.0,0.0,0.0,0.0,1666929.0
2024-11-26 04:00:00+00:00,0.0,0.0,0.0,0.0,1740482.0
2024-11-26 08:00:00+00:00,0.0,0.0,0.0,0.0,1492457.0
2024-11-26 12:00:00+00:00,0.0,0.0,0.0,0.0,676746.0
2024-11-26 16:00:00+00:00,0.0,0.0,0.0,0.0,1743815.0
2024-11-26 20:00:00+00:00,0.0,0.0,0.0,0.0,2296341.0
2024-11-27 00:00:00+00:00,0.0,0.0,0.0,0.0,775344.0
2024-11-27 04:00:00+00:00,0.0,0.0,0.0,0.0,2321214.0
2024-11-27 08:00:00+00:00,0.0,0.0,0.0,0.0,2298413.0
2024-11-27 12:00:00+00:00,0.0,0.0,0.0,0.0,3224765.0
2024-11-27 16:00:00+00:00,0.0,0.0,0.0,0.0,1130085.0
2024-11-27 20:00:00+00:00,0.0,0.0,0.0,0.0,827977.0
2024-11-28 00:00:00+00:00,0.0,0.0,0.0,0.0,1030967.0
2024-11-28 04:00:00+00:00,0.0,0.0,0.0,0.0,2727656.0
2024-11-28 08:00:00+00:00,0.0,0.0,0.0,0.0,495657.0
2024-11-28 12:00:00+00:00,0.0,0.0,0.0,0.0,456642.0
2024-11-28 16:00:00+00:00,0.0,0.0,0.0,0.0,1253301.0
2024-11-28 20:00:00+00:00,0.0,0.0,0.0,0.0,1093436.0
2024-11-29 00:00:00+00:00,0.0,0.0,0.0,0.0,1348655.0
2024-11-29 04:00:00+00:00,0.0,0.01,0.0,0.01,2468895.0
2024-11-29 08:00:00+00:00,0.01,0.01,0.01,0.01,1003349.0
2024-11-29 12:00:00+00:00,0.01,0.01,0.01,0.01,455497.0
2024-11-29 16:00:00+00:00,0.01,0.01,0.01,0.01,4128405.0
2024-11-29 20:00:00+00:00,0.01,0.01,0.01,0.01,612358.0
2024-11-30 00:00:00+00:00,0.01,0.01,0.01,0.01,816956.0
2024-11-30 04:00:00+00:00,0.01,0.01,0.01,0.01,1857628.0
2024-11-30 08:00:00+00:00,0.01,0.01,0.01,0.01,1098426.0
2024-11-30 12:00:00+00:00,0.01,0.01,0.0,0.0,1259754.0
2024-11-30 16:00:00+00:00,0.0,0.0,0.0,0.0,1351410.0
2024-11-30 20:00:00+00:00,0.0,0.0,0.0,0.0,2324398.0
2024-12-01 00:00:00+00:00,0.0,0.0,0.0,0.0,960880.0
2024-12-01 04:00:00+00:00,0.0,0.0,0.0,0.0,3953165.0
2024-12-01 08:00:00+00:00,0.0,0.0,0.0,0.0,377848.0
2024-12-01 12:00:00+00:00,0.0,0.0,0.0,0.0,1467655.0
2024-12-01 16:00:00+00:00,0.0,0.0,0.0,0.0,892922.0
2024-12-01 20:00:00+00:00,0.0,0.0,0.0,0.0,2581482.0
2024-12-02 00:00:00+00:00,0.0,0.0,0.0,0.0,1529925.0
2024-12-02 04:00:00+00:00,0.0,0.0,0.0,0.0,1228814.0
2024-12-02 08:00:00+00:00,0.0,0.0,0.0,0.0,1866769.0
2024-12-02 12:00:00+00:00,0.0,0.0,0.0,0.0,2099198.0
2024-12-02 16:00:00+00:00,0.0,0.0,0.0,0.0,1957293.0
2024-12-02 20:00:00+00:00,0.0,0.0,0.0,0.0,822439.0
2024-12-03 00:00:00+00:00,0.0,0.0,0.0,0.0,851188.0
2024-12-03 04:00:00+00:00,0.0,0.0,0.0,0.0,1113804.0
2024-12-03 08:00:00+00:00,0.0,0.0,0.0,0.0,1860025.0
2024-12-03 12:00:00+00:00,0.0,0.0,0.0,0.0,1875054.0
2024-12-03 16:00:00+00:00,0.0,0.0,0.0,0.0,567713.0
2024-12-03 20:00:00+00:00,0.0,0.0,0.0,0.0,1217270.0
2024-12-04 00:00:00+00:00,0.0,0.0,0.0,0.0,974439.0
2024-12-04 04:00:00+00:00,0.0,0.0,0.0,0.0,1062062.0
2024-12-04 08:00:00+00:00,0.0,0.0,0.0,0.0,1094183.0
2024-12-04 12:00:00+00:00,0.0,0.0,0.0,0.0,2116236.0
2024-12-04 16:00:00+00:00,0.0,0.0,0.0,0.0,179360.0
2024-12-04 20:00:00+00:00,0.0,0.0,0.0,0.0,1276891.0
2024-12-05 00:00:00+00:00,0.0,0.0,0.0,0.0,1007106.0
2024-12-05 04:00:00+00:00,0.0,0.0,0.0,0.0,1432257.0
2024-12-05 08:00:00+00:00,0.0,0.0,0.0,0.0,814369.0
2024-12-05 12:00:00+00:00,0.0,0.0,0.0,0.0,1226887.0
2024-12-05 16:00:00+00:00,0.0,0.0,0.0,0.0,3102951.0
2024-12-05 20:00:00+00:00,0.0,0.0,0.0,0.0,2001510.0
2024-12-06 00:00:00+00:00,0.0,0.0,0.0,0.0,1932064.0
2024-12-06 04:00:00+00:00,0.0,0.0,0.0,0.0,1152858.0
2024-12-06 08:00:00+00:00,0.0,0.0,0.0,0.0,2945320.0
2024-12-06 12:00:00+00:00,0.0,0.0,0.0,0.0,1049557.0
2024-12-06 16:00:00+00:00,0.0,0.0,0.0,0.0,1111331.0
2024-12-06 20:00:00+00:00,0.0,0.0,0.0,0.0,1237454.0
2024-12-07 00:00:00+00:00,0.0,0.0,0.0,0.0,1321360.0
2024-12-07 04:00:00+00:00,0.0,0.0,0.0,0.0,2762044.0
2024-12-07 08:00:00+00:00,0.0,0.0,0.0,0.0,1089924.0
2024-12-07 12:00:00+00:00,0.0,0.0,0.0,0.0,1678893.0
2024-12-07 16:00:00+00:00,0.0,0.0,0.0,0.0,2219731.0
2024-12-07 20:00:00+00:00,0.0,0.0,0.0,0.0,2288563.0
2024-12-08 00:00:00+00:00,0.0,0.0,0.0,0.0,745559.0
2024-12-08 04:00:00+00:00,0.0,0.0,0.0,0.0,1253840.0
2024-12-08 08:00:00+00:00,0.0,0.0,0.0,0.0,1530722.0
2024-12-08 12:00:00+00:00,0.0,0.0,0.0,0.0,1779552.0
2024-12-08 16:00:00+00:00,0.0,0.0,0.0,0.0,614919.0
2024-12-08 20:00:00+00:00,0.0,0.0,0.0,0.0,987474.0
2024-12-09 00:00:00+00:00,0.0,0.0,0.0,0.0,2279256.0
2024-12-09 04:00:00+00:00,0.0,0.0,0.0,0.0,882825.0
2024-12-09 08:00:00+00:00,0.0,0.0,0.0,0.0,974927.0
2024-12-09 12:00:00+00:00,0.0,0.0,0.0,0.0,3521301.0
2024-12-09 16:00:00+00:00,0.0,0.0,0.0,0.0,1332151.0
2024-12-09 20:00:00+00:00,0.0,0.0,0.0,0.0,841285.0
2024-12-10 00:00:00+00:00,0.0,0.0,0.0,0.0,901385.0
2024-12-10 04:00:00+00:00,0.0,0.0,0.0,0.0,1325879.0
2024-12-10 08:00:00+00:00,0.0,0.0,0.0,0.0,560559.0
2024-12-10 12:00:00+00:00,0.0,0.0,0.0,0.0,1226173.0
2024-12-10 16:00:00+00:00,0.0,0.0,0.0,0.0,1248698.0
2024-12-10 20:00:00+00:00,0.0,0.0,0.0,0.0,2259096.0
2024-12-11 00:00:00+00:00,0.0,0.0,0.0,0.0,1454204.0
2024-12-11 04:00:00+00:00,0.0,0.0,0.0,0.0,786192.0
2024-12-11 08:00:00+00:00,0.0,0.0,0.0,0.0,2266093.0
2024-12-11 12:00:00+00:00,0.0,0.0,0.0,0.0,1801291.0
2024-12-11 16:00:00+00:00,0.0,0.0,0.0,0.0,568843.0
2024-12-11 20:00:00+00:00,0.0,0.0,0.0,0.0,1507351.0
2024-12-12 00:00:00+00:00,0.0,0.0,0.0,0.0,2919182.0
2024-12-12 04:00:00+00:00,0.0,0.0,0.0,0.0,1563954.0
2024-12-12 08:00:00+00:00,0.0,0.0,0.0,0.0,1571656.0
2024-12-12 12:00:00+00:00,0.0,0.0,0.0,0.0,2370649.0
2024-12-12 16:00:00+00:00,0.0,0.0,0.0,0.0,534795.0
2024-12-12 20:00:00+00:00,0.0,0.0,0.0,0.0,668703.0
2024-12-13 00:00:00+00:00,0.0,0.0,0.0,0.0,506552.0
2024-12-13 04:00:00+00:00,0.0,0.0,0.0,0.0,1545881.0
2024-12-13 08:00:00+00:00,0.0,0.0,0.0,0.0,1682183.0
2024-12-13 12:00:00+00:00,0.0,0.0,0.0,0.0,2285143.0
2024-12-13 16:00:00+00:00,0.0,0.0,0.0,0.0,1350306.0
2024-12-13 20:00:00+00:00,0.0,0.0,0.0,0.0,822370.0
2024-12-14 00:00:00+00:00,0.0,0.0,0.0,0.0,1273940.0
2024-12-14 04:00:00+00:00,0.0,0.0,0.0,0.0,1742909.0
2024-12-14 08:00:00+00:00,0.0,0.0,0.0,0.0,878589.0
2024-12-14 12:00:00+00:00,0.0,0.0,0.0,0.0,4812480.0
2024-12-14 16:00:00+00:00,0.0,0.0,0.0,0.0,2000609.0
2024-12-14 20:00:00+00:00,0.0,0.0,0.0,0.0,1357239.0
2024-12-15 00:00:00+00:00,0.0,0.0,0.0,0.0,1441367.0
2024-12-15 04:00:00+00:00,0.0,0.0,0.0,0.0,1705827.0
2024-12-15 08:00:00+00:00,0.0,0.0,0.0,0.0,1547817.0
2024-12-15 12:00:00+00:00,0.0,0.0,0.0,0.0,841644.0
2024-12-15 16:00:00+00:00,0.0,0.0,0.0,0.0,1541411.0
2024-12-15 20:00:00+00:00,0.0,0.0,0.0,0.0,1560815.0
2024-12-16 00:00:00+00:00,0.0,0.0,0.0,0.0,1004101.0
2024-12-16 04:00:00+00:00,0.0,0.0,0.0,0.0,2998188.0
2024-12-16 08:00:00+00:00,0.0,0.0,0.0,0.0,1189126.0
2024-12-16 12:00:00+00:00,0.0,0.0,0.0,0.0,1880749.0
2024-12-16 16:00:00+00:00,0.0,0.0,0.0,0.0,2958433.0
2024-12-16 20:00:00+00:00,0.0,0.0,0.0,0.0,1710500.0
2024-12-17 00:00:00+00:00,0.0,0.0,0.0,0.0,1611579.0
2024-12-17 04:00:00+00:00,0.0,0.0,0.0,0.0,1764335.0
2024-12-17 08:00:00+00:00,0.0,0.0,0.0,0.0,973350.0
2024-12-17 12:00:00+00:00,0.0,0.0,0.0,0.0,1421841.0
2024-12-17 16:00:00+00:00,0.0,0.0,0.0,0.0,1611963.0
2024-12-17 20:00:00+00:00,0.0,0.0,0.0,0.0,947231.0
2024-12-18 00:00:00+00:00,0.0,0.0,0.0,0.0,5565179.0
2024-12-18 04:00:00+00:00,0.0,0.0,0.0,0.0,691602.0
2024-12-18 08:00:00+00:00,0.0,0.0,0.0,0.0,676564.0
2024-12-18 12:00:00+00:00,0.0,0.0,0.0,0.0,2200067.0
2024-12-18 16:00:00+00:00,0.0,0.0,0.0,0.0,1826947.0
2024-12-18 20:00:00+00:00,0.0,0.0,0.0,0.0,740825.0
2024-12-19 00:00:00+00:00,0.0,0.0,0.0,0.0,1443916.0
2024-12-19 04:00:00+00:00,0.0,0.0,0.0,0.0,2137057.0
2024-12-19 08:00:00+00:00,0.0,0.0,0.0,0.0,1416239.0
2024-12-19 12:00:00+00:00,0.0,0.0,0.0,0.0,4916868.0
2024-12-19 16:00:00+00:00,0.0,0.0,0.0,0.0,516709.0
2024-12-19 20:00:00+00:00,0.0,0.0,0.0,0.0,1549794.0
2024-12-20 00:00:00+00:00,0.0,0.0,0.0,0.0,2580515.0
2024-12-20 04:00:00+00:00,0.0,0.0,0.0,0.0,3350665.0
2024-12-20 08:00:00+00:00,0.0,0.0,0.0,0.0,973921.0
2024-12-20 12:00:00+00:00,0.0,0.0,0.0,0.0,1810007.0
2024-12-20 16:00:00+00:00,0.0,0.0,0.0,0.0,1698493.0
2024-12-20 20:00:00+00:00,0.0,0.0,0.0,0.0,1505936.0
2024-12-21 00:00:00+00:00,0.0,0.0,0.0,0.0,1499244.0
2024-12-21 04:00:00+00:00,0.0,0.0,0.0,0.0,1710780.0
2024-12-21 08:00:00+00:00,0.0,0.0,0.0,0.0,750252.0
2024-12-21 12:00:00+00:00,0.0,0.0,0.0,0.0,1360379.0
2024-12-21 16:00:00+00:00,0.0,0.0,0.0,0.0,942664.0
2024-12-21 20:00:00+00:00,0.0,0.0,0.0,0.0,1095407.0
2024-12-22 00:00:00+00:00,0.0,0.0,0.0,0.0,2209321.0
2024-12-22 04:00:00+00:00,0.0,0.0,0.0,0.0,1270701.0
2024-12-22 08:00:00+00:00,0.0,0.0,0.0,0.0,3738397.0
2024-12-22 12:00:00+00:00,0.0,0.0,0.0,0.0,1437726.0
2024-12-22 16:00:00+00:00,0.0,0.0,0.0,0.0,1311214.0
2024-12-22 20:00:00+00:00,0.0,0.0,0.0,0.0,1215942.0
2024-12-23 00:00:00+00:00,0.0,0.0,0.0,0.0,910112.0
2024-12-23 04:00:00+00:00,0.0,0.0,0.0,0.0,1021905.0
2024-12-23 08:00:00+00:00,0.0,0.0,0.0,0.0,2986753.0
2024-12-23 12:00:00+00:00,0.0,0.0,0.0,0.0,1642748.0
2024-12-23 16:00:00+00:00,0.0,0.0,0.0,0.0,1112778.0
2024-12-23 20:00:00+00:00,0.0,0.0,0.0,0.0,679909.0
2024-12-24 00:00:00+00:00,0.0,0.0,0.0,0.0,821119.0
2024-12-24 04:00:00+00:00,0.0,0.0,0.0,0.0,1123319.0
2024-12-24 08:00:00+00:00,0.0,0.0,0.0,0.0,2023834.0
2024-12-24 12:00:00+00:00,0.0,0.0,0.0,0.0,560333.0
2024-12-24 16:00:00+00:00,0.0,0.0,0.0,0.0,1427860.0
2024-12-24 20:00:00+00:00,0.0,0.0,0.0,0.0,1843868.0
2024-12-25 00:00:00+00:00,0.0,0.0,0.0,0.0,546915.0
2024-12-25 04:00:00+00:00,0.0,0.0,0.0,0.0,686726.0
2024-12-25 08:00:00+00:00,0.0,0.0,0.0,0.0,1231065.0
2024-12-25 12:00:00+00:00,0.0,0.0,0.0,0.0,721895.0
2024-12-25 16:00:00+00:00,0.0,0.0,0.0,0.0,1928254.0
2024-12-25 20:00:00+00:00,0.0,0.0,0.0,0.0,935299.0
2024-12-26 00:00:00+00:00,0.0,0.0,0.0,0.0,838123.0
2024-12-26 04:00:00+00:00,0.0,0.0,0.0,0.0,1933007.0
2024-12-26 08:00:00+00:00,0.0,0.0,0.0,0.0,3014623.0
2024-12-26 12:00:00+00:00,0.0,0.0,0.0,0.0,2644917.0
2024-12-26 16:00:00+00:00,0.0,0.0,0.0,0.0,435748.0
2024-12-26 20:00:00+00:00,0.0,0.0,0.0,0.0,2108387.0
2024-12-27 00:00:00+00:00,0.0,0.0,0.0,0.0,1147212.0
2024-12-27 04:00:00+00:00,0.0,0.0,0.0,0.0,1618038.0
2024-12-27 08:00:00+00:00,0.0,0.0,0.0,0.0,912579.0
2024-12-27 12:00:00+00:00,0.0,0.0,0.0,0.0,1301079.0
2024-12-27 16:00:00+00:00,0.0,0.0,0.0,0.0,1634683.0
2024-12-27 20:00:00+00:00,0.0,0.0,0.0,0.0,1282837.0
2024-12-28 00:00:00+00:00,0.0,0.0,0.0,0.0,929226.0
2024-12-28 04:00:00+00:00,0.0,0.0,0.0,0.0,1089025.0
2024-12-28 08:00:00+00:00,0.0,0.0,0.0,0.0,1758467.0
2024-12-28 12:00:00+00:00,0.0,0.0,0.0,0.0,1489037.0
2024-12-28 16:00:00+00:00,0.0,0.0,0.0,0.0,1855980.0
2024-12-28 20:00:00+00:00,0.0,0.0,0.0,0.0,1129138.0
2024-12-29 00:00:00+00:00,0.0,0.0,0.0,0.0,1190519.0
2024-12-29 04:00:00+00:00,0.0,0.0,0.0,0.0,1847166.0
2024-12-29 08:00:00+00:00,0.0,0.0,0.0,0.0,1914904.0
2024-12-29 12:00:00+00:00,0.0,0.0,0.0,0.0,1334769.0
2024-12-29 16:00:00+00:00,0.0,0.0,0.0,0.0,1737868.0
2024-12-29 20:00:00+00:00,0.0,0.0,0.0,0.0,1895829.0
2024-12-30 00:00:00+00:00,0.0,0.0,0.0,0.0,609713.0
2024-12-30 04:00:00+00:00,0.0,0.0,0.0,0.0,1734422.0
2024-12-30 08:00:00+00:00,0.0,0.0,0.0,0.0,1455417.0
2024-12-30 12:00:00+00:00,0.0,0.0,0.0,0.0,1494750.0
2024-12-30 16:00:00+00:00,0.0,0.0,0.0,0.0,1012809.0
2024-12-30 20:00:00+00:00,0.0,0.0,0.0,0.0,1206077.0
2024-12-31 00:00:00+00:00,0.0,0.0,0.0,0.0,1070719.0
2024-12-31 04:00:00+00:00,0.0,0.0,0.0,0.0,2837593.0
2024-12-31 08:00:00+00:00,0.0,0.0,0.0,0.0,1624649.0
2024-12-31 12:00:00+00:00,0.0,0.0,0.0,0.0,1430253.0
2024-12-31 16:00:00+00:00,0.0,0.0,0.0,0.0,935704.0
2024-12-31 20:00:00+00:00,0.0,0.0,0.0,0.0,1157531.0
