timestamp,open,high,low,close,volume
2024-01-02 00:00:00+00:00,42000.0,43972.0,41255.0,42000.0,1342155.0
2024-01-02 04:00:00+00:00,42000.0,43255.0,41940.0,43127.0,1012040.0
2024-01-02 08:00:00+00:00,43127.0,45213.0,42201.0,42719.0,1807768.0
2024-01-02 12:00:00+00:00,42719.0,48401.0,41764.0,44914.0,744824.0
2024-01-02 16:00:00+00:00,44914.0,51515.0,44035.0,51243.0,950945.0
2024-01-02 20:00:00+00:00,51243.0,53907.0,48525.0,49894.0,1788091.0
2024-01-03 00:00:00+00:00,49894.0,50232.0,48025.0,48514.0,1059196.0
2024-01-03 04:00:00+00:00,48514.0,58079.0,48309.0,57976.0,3157762.0
2024-01-03 08:00:00+00:00,57976.0,64755.0,57622.0,64408.0,952698.0
2024-01-03 12:00:00+00:00,64408.0,65229.0,59565.0,59880.0,1178191.0
2024-01-03 16:00:00+00:00,59880.0,64796.0,59822.0,64761.0,784715.0
2024-01-03 20:00:00+00:00,64761.0,65315.0,59611.0,60268.0,1212560.0
2024-01-04 00:00:00+00:00,60268.0,61998.0,53222.0,56067.0,577301.0
2024-01-04 04:00:00+00:00,56067.0,58195.0,55911.0,58112.0,869355.0
2024-01-04 08:00:00+00:00,58112.0,58505.0,40421.0,41445.0,907266.0
2024-01-04 12:00:00+00:00,41445.0,42346.0,29932.0,30730.0,2512094.0
2024-01-04 16:00:00+00:00,30730.0,31782.0,27488.0,28144.0,1792056.0
2024-01-04 20:00:00+00:00,28144.0,28889.0,22968.0,23874.0,612599.0
2024-01-05 00:00:00+00:00,23874.0,25285.0,23790.0,25005.0,2225128.0
2024-01-05 04:00:00+00:00,25005.0,25501.0,20398.0,21606.0,4907650.0
2024-01-05 08:00:00+00:00,21606.0,22051.0,16903.0,17034.0,1672816.0
2024-01-05 12:00:00+00:00,17034.0,20828.0,17010.0,20783.0,1204981.0
2024-01-05 16:00:00+00:00,20783.0,20867.0,19906.0,20085.0,4518478.0
2024-01-05 20:00:00+00:00,20085.0,20522.0,19801.0,20295.0,533278.0
2024-01-06 00:00:00+00:00,20295.0,20360.0,15966.0,16006.0,1650519.0
2024-01-06 04:00:00+00:00,16006.0,16175.0,14558.0,14704.0,1360946.0
2024-01-06 08:00:00+00:00,14704.0,15047.0,14473.0,14953.0,2058947.0
2024-01-06 12:00:00+00:00,14953.0,14985.0,12372.0,12390.0,1812569.0
2024-01-06 16:00:00+00:00,12390.0,13153.0,12241.0,13092.0,911883.0
2024-01-06 20:00:00+00:00,13092.0,13381.0,11828.0,11917.0,788855.0
2024-01-07 00:00:00+00:00,11917.0,11972.0,11295.0,11400.0,952632.0
2024-01-07 04:00:00+00:00,11400.0,11404.0,10368.0,10376.0,767429.0
2024-01-07 08:00:00+00:00,10376.0,13271.0,10372.0,13262.0,1879054.0
2024-01-07 12:00:00+00:00,13262.0,13326.0,13187.0,13240.0,757910.0
2024-01-07 16:00:00+00:00,13240.0,13724.0,11003.0,11178.0,695210.0
2024-01-07 20:00:00+00:00,11178.0,12586.0,11141.0,12561.0,2568618.0
2024-01-08 00:00:00+00:00,12561.0,12682.0,10158.0,10266.0,1207106.0
2024-01-08 04:00:00+00:00,10266.0,10614.0,10236.0,10592.0,580947.0
2024-01-08 08:00:00+00:00,10592.0,10648.0,7465.0,7483.0,1728840.0
2024-01-08 12:00:00+00:00,7483.0,7673.0,5922.0,5995.0,1651908.0
2024-01-08 16:00:00+00:00,5995.0,6300.0,5960.0,6175.0,455142.0
2024-01-08 20:00:00+00:00,6175.0,6870.0,6170.0,6862.0,1574185.0
2024-01-09 00:00:00+00:00,6862.0,7078.0,6821.0,7041.0,638880.0
2024-01-09 04:00:00+00:00,7041.0,7043.0,6917.0,6922.0,2471798.0
2024-01-09 08:00:00+00:00,6922.0,6959.0,6563.0,6615.0,1472827.0
2024-01-09 12:00:00+00:00,6615.0,6692.0,5099.0,5151.0,1362382.0
2024-01-09 16:00:00+00:00,5151.0,5154.0,4588.0,4597.0,911149.0
2024-01-09 20:00:00+00:00,4597.0,4609.0,4263.0,4282.0,1144202.0
2024-01-10 00:00:00+00:00,4282.0,4975.0,4249.0,4963.0,2006733.0
2024-01-10 04:00:00+00:00,4963.0,5348.0,4833.0,5221.0,1141440.0
2024-01-10 08:00:00+00:00,5221.0,5557.0,3706.0,3843.0,1607529.0
2024-01-10 12:00:00+00:00,3843.0,4034.0,3842.0,4031.0,1181292.0
2024-01-10 16:00:00+00:00,4031.0,4073.0,3731.0,3800.0,866419.0
2024-01-10 20:00:00+00:00,3800.0,3826.0,3408.0,3416.0,1097636.0
2024-01-11 00:00:00+00:00,3416.0,3755.0,3403.0,3732.0,449970.0
2024-01-11 04:00:00+00:00,3732.0,4369.0,3677.0,4311.0,2384599.0
2024-01-11 08:00:00+00:00,4311.0,5029.0,4194.0,4915.0,1649499.0
2024-01-11 12:00:00+00:00,4915.0,5045.0,4153.0,4299.0,934771.0
2024-01-11 16:00:00+00:00,4299.0,4351.0,4080.0,4101.0,2939701.0
2024-01-11 20:00:00+00:00,4101.0,4329.0,4086.0,4307.0,1201760.0
2024-01-12 00:00:00+00:00,4307.0,5006.0,4231.0,4940.0,858074.0
2024-01-12 04:00:00+00:00,4940.0,4946.0,4567.0,4587.0,1863339.0
2024-01-12 08:00:00+00:00,4587.0,4615.0,4415.0,4462.0,1320287.0
2024-01-12 12:00:00+00:00,4462.0,4472.0,3699.0,3724.0,1822663.0
2024-01-12 16:00:00+00:00,3724.0,3751.0,3015.0,3057.0,1242096.0
2024-01-12 20:00:00+00:00,3057.0,3440.0,3048.0,3432.0,1712556.0
2024-01-13 00:00:00+00:00,3432.0,4144.0,3427.0,4132.0,1414100.0
2024-01-13 04:00:00+00:00,4132.0,4214.0,3966.0,4089.0,1361225.0
2024-01-13 08:00:00+00:00,4089.0,4705.0,4084.0,4701.0,558881.0
2024-01-13 12:00:00+00:00,4701.0,4989.0,4663.0,4958.0,937199.0
2024-01-13 16:00:00+00:00,4958.0,4970.0,4470.0,4481.0,3048914.0
2024-01-13 20:00:00+00:00,4481.0,4728.0,4478.0,4726.0,793296.0
2024-01-14 00:00:00+00:00,4726.0,5822.0,4724.0,5818.0,1252253.0
2024-01-14 04:00:00+00:00,5818.0,5829.0,5779.0,5790.0,811028.0
2024-01-14 08:00:00+00:00,5790.0,7330.0,5716.0,7134.0,923987.0
2024-01-14 12:00:00+00:00,7134.0,7149.0,4314.0,4334.0,721803.0
2024-01-14 16:00:00+00:00,4334.0,5072.0,4253.0,4870.0,1221988.0
2024-01-14 20:00:00+00:00,4870.0,5001.0,4849.0,4936.0,1113769.0
2024-01-15 00:00:00+00:00,4936.0,4967.0,4694.0,4719.0,1102751.0
2024-01-15 04:00:00+00:00,4719.0,4820.0,4670.0,4786.0,969860.0
2024-01-15 08:00:00+00:00,4786.0,4824.0,3349.0,3372.0,1927612.0
2024-01-15 12:00:00+00:00,3372.0,3432.0,3228.0,3262.0,1830164.0
2024-01-15 16:00:00+00:00,3262.0,3449.0,3251.0,3438.0,1056542.0
2024-01-15 20:00:00+00:00,3438.0,4224.0,3426.0,4202.0,1250627.0
2024-01-16 00:00:00+00:00,4202.0,4248.0,3745.0,3878.0,1070319.0
2024-01-16 04:00:00+00:00,3878.0,3933.0,3259.0,3409.0,1820245.0
2024-01-16 08:00:00+00:00,3409.0,3485.0,3083.0,3154.0,2480612.0
2024-01-16 12:00:00+00:00,3154.0,3612.0,3140.0,3588.0,1032337.0
2024-01-16 16:00:00+00:00,3588.0,3808.0,3519.0,3767.0,1207529.0
2024-01-16 20:00:00+00:00,3767.0,3805.0,3459.0,3469.0,1465132.0
2024-01-17 00:00:00+00:00,3469.0,3764.0,3446.0,3738.0,750177.0
2024-01-17 04:00:00+00:00,3738.0,3804.0,3731.0,3794.0,1055672.0
2024-01-17 08:00:00+00:00,3794.0,4362.0,3743.0,4343.0,689210.0
2024-01-17 12:00:00+00:00,4343.0,4357.0,3884.0,3887.0,542849.0
2024-01-17 16:00:00+00:00,3887.0,3902.0,3682.0,3698.0,1376924.0
2024-01-17 20:00:00+00:00,3698.0,3749.0,3395.0,3482.0,970000.0
2024-01-18 00:00:00+00:00,3482.0,3490.0,2713.0,2719.0,1833796.0
2024-01-18 04:00:00+00:00,2719.0,2844.0,2718.0,2841.0,1124318.0
2024-01-18 08:00:00+00:00,2841.0,2954.0,2838.0,2953.0,686535.0
2024-01-18 12:00:00+00:00,2953.0,3038.0,2868.0,2956.0,980987.0
2024-01-18 16:00:00+00:00,2956.0,2974.0,2832.0,2855.0,595277.0
2024-01-18 20:00:00+00:00,2855.0,2875.0,2246.0,2254.0,3269908.0
2024-01-19 00:00:00+00:00,2254.0,2293.0,2079.0,2113.0,603178.0
2024-01-19 04:00:00+00:00,2113.0,2154.0,1972.0,2005.0,1045616.0
2024-01-19 08:00:00+00:00,2005.0,2017.0,1761.0,1765.0,807613.0
2024-01-19 12:00:00+00:00,1765.0,1795.0,1712.0,1723.0,1425194.0
2024-01-19 16:00:00+00:00,1723.0,1843.0,1687.0,1827.0,1002091.0
2024-01-19 20:00:00+00:00,1827.0,2378.0,1814.0,2345.0,1427235.0
2024-01-20 00:00:00+00:00,2345.0,2413.0,2343.0,2407.0,1653916.0
2024-01-20 04:00:00+00:00,2407.0,2553.0,2357.0,2501.0,1133430.0
2024-01-20 08:00:00+00:00,2501.0,2514.0,2449.0,2474.0,1336887.0
2024-01-20 12:00:00+00:00,2474.0,2486.0,1767.0,1769.0,1135273.0
2024-01-20 16:00:00+00:00,1769.0,1778.0,1752.0,1763.0,500840.0
2024-01-20 20:00:00+00:00,1763.0,1780.0,1762.0,1779.0,1084224.0
2024-01-21 00:00:00+00:00,1779.0,2427.0,1778.0,2422.0,1777145.0
2024-01-21 04:00:00+00:00,2422.0,2476.0,2337.0,2353.0,1485002.0
2024-01-21 08:00:00+00:00,2353.0,2461.0,2351.0,2460.0,1092058.0
2024-01-21 12:00:00+00:00,2460.0,2479.0,2441.0,2448.0,1124327.0
2024-01-21 16:00:00+00:00,2448.0,2476.0,2018.0,2025.0,674158.0
2024-01-21 20:00:00+00:00,2025.0,2374.0,2024.0,2373.0,3895055.0
2024-01-22 00:00:00+00:00,2373.0,2697.0,2252.0,2641.0,1233618.0
2024-01-22 04:00:00+00:00,2641.0,2965.0,2637.0,2955.0,1923047.0
2024-01-22 08:00:00+00:00,2955.0,2967.0,2545.0,2553.0,927205.0
2024-01-22 12:00:00+00:00,2553.0,3108.0,2549.0,3091.0,1903790.0
2024-01-22 16:00:00+00:00,3091.0,3100.0,2436.0,2442.0,849747.0
2024-01-22 20:00:00+00:00,2442.0,2659.0,2441.0,2657.0,1585662.0
2024-01-23 00:00:00+00:00,2657.0,3574.0,2620.0,3531.0,1662590.0
2024-01-23 04:00:00+00:00,3531.0,3676.0,2926.0,3008.0,1466219.0
2024-01-23 08:00:00+00:00,3008.0,3017.0,2747.0,2753.0,1777813.0
2024-01-23 12:00:00+00:00,2753.0,2839.0,2737.0,2795.0,564575.0
2024-01-23 16:00:00+00:00,2795.0,2839.0,2556.0,2586.0,869490.0
2024-01-23 20:00:00+00:00,2586.0,2658.0,1965.0,1985.0,2133058.0
2024-01-24 00:00:00+00:00,1985.0,2013.0,1971.0,2006.0,2945312.0
2024-01-24 04:00:00+00:00,2006.0,2009.0,1680.0,1690.0,1374444.0
2024-01-24 08:00:00+00:00,1690.0,1813.0,1679.0,1810.0,1631279.0
2024-01-24 12:00:00+00:00,1810.0,1823.0,1533.0,1561.0,1339420.0
2024-01-24 16:00:00+00:00,1561.0,1953.0,1531.0,1924.0,4484788.0
2024-01-24 20:00:00+00:00,1924.0,1927.0,1694.0,1699.0,564271.0
2024-01-25 00:00:00+00:00,1699.0,1709.0,1611.0,1617.0,1199634.0
2024-01-25 04:00:00+00:00,1617.0,1850.0,1574.0,1815.0,606354.0
2024-01-25 08:00:00+00:00,1815.0,1846.0,1457.0,1480.0,443528.0
2024-01-25 12:00:00+00:00,1480.0,1597.0,1419.0,1531.0,1279980.0
2024-01-25 16:00:00+00:00,1531.0,1849.0,1503.0,1832.0,1703731.0
2024-01-25 20:00:00+00:00,1832.0,1843.0,1385.0,1390.0,1493966.0
2024-01-26 00:00:00+00:00,1390.0,1445.0,1381.0,1429.0,1027779.0
2024-01-26 04:00:00+00:00,1429.0,1493.0,1406.0,1485.0,5261496.0
2024-01-26 08:00:00+00:00,1485.0,1662.0,1485.0,1660.0,1188770.0
2024-01-26 12:00:00+00:00,1660.0,1673.0,1342.0,1352.0,2007918.0
2024-01-26 16:00:00+00:00,1352.0,1361.0,1065.0,1085.0,1151672.0
2024-01-26 20:00:00+00:00,1085.0,1172.0,1083.0,1170.0,1432194.0
2024-01-27 00:00:00+00:00,1170.0,1240.0,1151.0,1222.0,1007029.0
2024-01-27 04:00:00+00:00,1222.0,1283.0,1215.0,1269.0,906881.0
2024-01-27 08:00:00+00:00,1269.0,1383.0,1237.0,1335.0,2872025.0
2024-01-27 12:00:00+00:00,1335.0,1335.0,1198.0,1199.0,2351266.0
2024-01-27 16:00:00+00:00,1199.0,1245.0,1195.0,1241.0,1183547.0
2024-01-27 20:00:00+00:00,1241.0,1308.0,1230.0,1296.0,357903.0
2024-01-28 00:00:00+00:00,1296.0,1303.0,1155.0,1158.0,1102519.0
2024-01-28 04:00:00+00:00,1158.0,1511.0,1152.0,1482.0,7110146.0
2024-01-28 08:00:00+00:00,1482.0,1598.0,1449.0,1588.0,1081838.0
2024-01-28 12:00:00+00:00,1588.0,1590.0,1303.0,1304.0,2665193.0
2024-01-28 16:00:00+00:00,1304.0,1442.0,1294.0,1433.0,2665829.0
2024-01-28 20:00:00+00:00,1433.0,1449.0,1220.0,1224.0,1604045.0
2024-01-29 00:00:00+00:00,1224.0,1374.0,1217.0,1369.0,889558.0
2024-01-29 04:00:00+00:00,1369.0,1628.0,1313.0,1607.0,450484.0
2024-01-29 08:00:00+00:00,1607.0,1633.0,1383.0,1410.0,1926476.0
2024-01-29 12:00:00+00:00,1410.0,1642.0,1401.0,1614.0,954496.0
2024-01-29 16:00:00+00:00,1614.0,1734.0,1592.0,1715.0,1295997.0
2024-01-29 20:00:00+00:00,1715.0,1935.0,1701.0,1927.0,733870.0
2024-01-30 00:00:00+00:00,1927.0,2546.0,1883.0,2476.0,1624234.0
2024-01-30 04:00:00+00:00,2476.0,2492.0,2344.0,2385.0,1128251.0
2024-01-30 08:00:00+00:00,2385.0,2411.0,2084.0,2116.0,1530459.0
2024-01-30 12:00:00+00:00,2116.0,2138.0,1781.0,1835.0,801313.0
2024-01-30 16:00:00+00:00,1835.0,1840.0,1605.0,1611.0,2485215.0
2024-01-30 20:00:00+00:00,1611.0,1649.0,1578.0,1593.0,766888.0
2024-01-31 00:00:00+00:00,1593.0,1679.0,1590.0,1674.0,499243.0
2024-01-31 04:00:00+00:00,1674.0,1754.0,1670.0,1744.0,1065942.0
2024-01-31 08:00:00+00:00,1744.0,1966.0,1734.0,1962.0,1397212.0
2024-01-31 12:00:00+00:00,1962.0,2018.0,1863.0,1966.0,1091236.0
2024-01-31 16:00:00+00:00,1966.0,2426.0,1920.0,2389.0,3251327.0
2024-01-31 20:00:00+00:00,2389.0,2425.0,2274.0,2295.0,993219.0
2024-02-01 00:00:00+00:00,2295.0,3291.0,2277.0,3233.0,2096133.0
2024-02-01 04:00:00+00:00,3233.0,3558.0,3198.0,3538.0,738947.0
2024-02-01 08:00:00+00:00,3538.0,3645.0,2996.0,3084.0,2086659.0
2024-02-01 12:00:00+00:00,3084.0,3112.0,2578.0,2590.0,1623516.0
2024-02-01 16:00:00+00:00,2590.0,2790.0,2576.0,2779.0,987640.0
2024-02-01 20:00:00+00:00,2779.0,2786.0,2685.0,2687.0,424115.0
2024-02-02 00:00:00+00:00,2687.0,3031.0,2654.0,2976.0,2723350.0
2024-02-02 04:00:00+00:00,2976.0,3232.0,2938.0,3189.0,657291.0
2024-02-02 08:00:00+00:00,3189.0,3211.0,3146.0,3155.0,767387.0
2024-02-02 12:00:00+00:00,3155.0,3156.0,2758.0,2760.0,1645918.0
2024-02-02 16:00:00+00:00,2760.0,2828.0,2109.0,2134.0,923715.0
2024-02-02 20:00:00+00:00,2134.0,2136.0,1992.0,1992.0,568424.0
2024-02-03 00:00:00+00:00,1992.0,2286.0,1977.0,2249.0,479544.0
2024-02-03 04:00:00+00:00,2249.0,2378.0,2145.0,2322.0,1574378.0
2024-02-03 08:00:00+00:00,2322.0,2337.0,1880.0,1890.0,1187062.0
2024-02-03 12:00:00+00:00,1890.0,1945.0,1884.0,1940.0,4665151.0
2024-02-03 16:00:00+00:00,1940.0,2092.0,1930.0,2053.0,714667.0
2024-02-03 20:00:00+00:00,2053.0,2162.0,2017.0,2153.0,6314748.0
2024-02-04 00:00:00+00:00,1782.0,2054.0,1769.0,2054.0,5786894.0
2024-02-04 04:00:00+00:00,1824.0,1982.0,1738.0,1982.0,8321845.0
2024-02-04 08:00:00+00:00,1841.0,1841.0,1529.0,1601.0,8540707.0
2024-02-04 12:00:00+00:00,1530.0,1630.0,1524.0,1613.0,1579142.0
2024-02-04 16:00:00+00:00,1613.0,1770.0,1591.0,1749.0,768795.0
2024-02-04 20:00:00+00:00,1749.0,2055.0,1697.0,2034.0,746286.0
2024-02-05 00:00:00+00:00,2034.0,2362.0,2031.0,2357.0,600600.0
2024-02-05 04:00:00+00:00,2357.0,2380.0,1829.0,1871.0,532349.0
2024-02-05 08:00:00+00:00,1871.0,1893.0,1602.0,1609.0,1096170.0
2024-02-05 12:00:00+00:00,1609.0,1739.0,1597.0,1734.0,1061177.0
2024-02-05 16:00:00+00:00,1734.0,1871.0,1731.0,1869.0,899160.0
2024-02-05 20:00:00+00:00,1869.0,2034.0,1812.0,2015.0,2296984.0
2024-02-06 00:00:00+00:00,2015.0,3184.0,2010.0,3180.0,5054786.0
2024-02-06 04:00:00+00:00,3180.0,3469.0,3170.0,3454.0,1064683.0
2024-02-06 08:00:00+00:00,3454.0,4051.0,3436.0,4045.0,616936.0
2024-02-06 12:00:00+00:00,4045.0,4747.0,3984.0,4626.0,1077996.0
2024-02-06 16:00:00+00:00,4626.0,5149.0,4585.0,5081.0,959411.0
2024-02-06 20:00:00+00:00,5081.0,5142.0,4748.0,4844.0,820774.0
2024-02-07 00:00:00+00:00,4844.0,5409.0,4825.0,5398.0,947743.0
2024-02-07 04:00:00+00:00,5398.0,5424.0,4705.0,4776.0,970784.0
2024-02-07 08:00:00+00:00,4776.0,4831.0,4584.0,4609.0,910570.0
2024-02-07 12:00:00+00:00,4609.0,4662.0,4173.0,4276.0,885371.0
2024-02-07 16:00:00+00:00,4276.0,4405.0,4146.0,4332.0,1152735.0
2024-02-07 20:00:00+00:00,4332.0,5830.0,4330.0,5826.0,2436861.0
2024-02-08 00:00:00+00:00,5826.0,5900.0,4157.0,4198.0,1165993.0
2024-02-08 04:00:00+00:00,4198.0,4636.0,4196.0,4633.0,2474614.0
2024-02-08 08:00:00+00:00,4633.0,4678.0,3493.0,3515.0,1056044.0
2024-02-08 12:00:00+00:00,3515.0,3520.0,3251.0,3268.0,539093.0
2024-02-08 16:00:00+00:00,3268.0,3816.0,3254.0,3804.0,1804778.0
2024-02-08 20:00:00+00:00,3804.0,3855.0,3783.0,3843.0,684973.0
2024-02-09 00:00:00+00:00,3843.0,3859.0,3181.0,3230.0,1735988.0
2024-02-09 04:00:00+00:00,3230.0,3245.0,2876.0,2886.0,396856.0
2024-02-09 08:00:00+00:00,2886.0,2911.0,2402.0,2423.0,16124579.0
2024-02-09 12:00:00+00:00,3182.0,3199.0,2351.0,2351.0,11413476.0
2024-02-09 16:00:00+00:00,2835.0,2930.0,2570.0,2570.0,3190749.0
2024-02-09 20:00:00+00:00,2929.0,3013.0,2692.0,2692.0,2999887.0
2024-02-10 00:00:00+00:00,2951.0,2955.0,2500.0,2500.0,18266355.0
2024-02-10 04:00:00+00:00,2667.0,3554.0,2657.0,3368.0,8360168.0
2024-02-10 08:00:00+00:00,3527.0,3918.0,3495.0,3864.0,848128.0
2024-02-10 12:00:00+00:00,3864.0,3875.0,2679.0,2693.0,614974.0
2024-02-10 16:00:00+00:00,2693.0,2772.0,2691.0,2770.0,911033.0
2024-02-10 20:00:00+00:00,2770.0,2781.0,2483.0,2496.0,1156559.0
2024-02-11 00:00:00+00:00,2496.0,2904.0,2429.0,2817.0,1981194.0
2024-02-11 04:00:00+00:00,2817.0,2838.0,2451.0,2484.0,673131.0
2024-02-11 08:00:00+00:00,2484.0,2520.0,2424.0,2442.0,490936.0
2024-02-11 12:00:00+00:00,2442.0,2668.0,2431.0,2628.0,1538197.0
2024-02-11 16:00:00+00:00,2628.0,2979.0,2623.0,2971.0,2301563.0
2024-02-11 20:00:00+00:00,2971.0,2987.0,2425.0,2437.0,701319.0
2024-02-12 00:00:00+00:00,2437.0,2485.0,2297.0,2316.0,1972970.0
2024-02-12 04:00:00+00:00,2316.0,2319.0,2151.0,2153.0,1235062.0
2024-02-12 08:00:00+00:00,2153.0,2161.0,1937.0,1943.0,2230879.0
2024-02-12 12:00:00+00:00,1943.0,2471.0,1940.0,2458.0,1734076.0
2024-02-12 16:00:00+00:00,2458.0,2622.0,2443.0,2609.0,335409.0
2024-02-12 20:00:00+00:00,2609.0,2664.0,1995.0,2117.0,1451287.0
2024-02-13 00:00:00+00:00,2117.0,2412.0,2116.0,2409.0,2403401.0
2024-02-13 04:00:00+00:00,2409.0,3198.0,2390.0,3178.0,1251400.0
2024-02-13 08:00:00+00:00,3178.0,3677.0,3170.0,3671.0,1207563.0
2024-02-13 12:00:00+00:00,3671.0,3813.0,2746.0,2836.0,1540464.0
2024-02-13 16:00:00+00:00,2836.0,2839.0,2628.0,2632.0,285424.0
2024-02-13 20:00:00+00:00,2632.0,3151.0,2620.0,3133.0,3624431.0
2024-02-14 00:00:00+00:00,3133.0,3175.0,2764.0,2802.0,839244.0
2024-02-14 04:00:00+00:00,2802.0,3048.0,2788.0,2990.0,1546593.0
2024-02-14 08:00:00+00:00,2990.0,3352.0,2969.0,3338.0,1292607.0
2024-02-14 12:00:00+00:00,3338.0,3350.0,2861.0,2875.0,2655273.0
2024-02-14 16:00:00+00:00,2875.0,2898.0,2845.0,2851.0,1256422.0
2024-02-14 20:00:00+00:00,2851.0,2861.0,1477.0,1481.0,2170788.0
2024-02-15 00:00:00+00:00,1481.0,1483.0,1250.0,1254.0,933842.0
2024-02-15 04:00:00+00:00,1254.0,1263.0,1200.0,1207.0,1657916.0
2024-02-15 08:00:00+00:00,1207.0,1211.0,979.0,982.0,611542.0
2024-02-15 12:00:00+00:00,982.0,1224.0,977.0,1222.0,2397251.0
2024-02-15 16:00:00+00:00,1222.0,1232.0,948.0,961.0,948117.0
2024-02-15 20:00:00+00:00,961.0,991.0,863.0,897.0,2238908.0
2024-02-16 00:00:00+00:00,897.0,921.0,886.0,915.0,1148796.0
2024-02-16 04:00:00+00:00,915.0,1113.0,914.0,1113.0,2273216.0
2024-02-16 08:00:00+00:00,1113.0,1114.0,873.0,873.0,1714109.0
2024-02-16 12:00:00+00:00,873.0,1058.0,848.0,1026.0,634653.0
2024-02-16 16:00:00+00:00,1026.0,1032.0,1023.0,1028.0,653788.0
2024-02-16 20:00:00+00:00,1028.0,1028.0,878.0,879.0,2007161.0
2024-02-17 00:00:00+00:00,879.0,947.0,869.0,940.0,1313704.0
2024-02-17 04:00:00+00:00,940.0,983.0,936.0,969.0,1967798.0
2024-02-17 08:00:00+00:00,969.0,974.0,868.0,882.0,1553049.0
2024-02-17 12:00:00+00:00,882.0,894.0,879.0,891.0,636461.0
2024-02-17 16:00:00+00:00,891.0,892.0,840.0,840.0,786601.0
2024-02-17 20:00:00+00:00,840.0,882.0,810.0,855.0,1107146.0
2024-02-18 00:00:00+00:00,855.0,942.0,852.0,939.0,407774.0
2024-02-18 04:00:00+00:00,939.0,1170.0,924.0,1163.0,3957627.0
2024-02-18 08:00:00+00:00,1163.0,1182.0,940.0,947.0,1941341.0
2024-02-18 12:00:00+00:00,947.0,1257.0,935.0,1250.0,3620399.0
2024-02-18 16:00:00+00:00,1250.0,1255.0,881.0,884.0,852110.0
2024-02-18 20:00:00+00:00,884.0,889.0,863.0,864.0,1989885.0
2024-02-19 00:00:00+00:00,864.0,944.0,852.0,941.0,3859340.0
2024-02-19 04:00:00+00:00,941.0,1000.0,921.0,980.0,582062.0
2024-02-19 08:00:00+00:00,980.0,1016.0,869.0,889.0,1882478.0
2024-02-19 12:00:00+00:00,889.0,890.0,860.0,861.0,1094122.0
2024-02-19 16:00:00+00:00,861.0,862.0,795.0,797.0,564433.0
2024-02-19 20:00:00+00:00,797.0,826.0,711.0,727.0,1618716.0
2024-02-20 00:00:00+00:00,727.0,835.0,721.0,820.0,2097160.0
2024-02-20 04:00:00+00:00,820.0,890.0,810.0,863.0,859343.0
2024-02-20 08:00:00+00:00,863.0,866.0,772.0,774.0,2349972.0
2024-02-20 12:00:00+00:00,774.0,883.0,765.0,878.0,610465.0
2024-02-20 16:00:00+00:00,878.0,930.0,868.0,919.0,539041.0
2024-02-20 20:00:00+00:00,919.0,1046.0,911.0,1030.0,1462157.0
2024-02-21 00:00:00+00:00,1030.0,1136.0,1027.0,1128.0,1299527.0
2024-02-21 04:00:00+00:00,1128.0,1128.0,987.0,987.0,959748.0
2024-02-21 08:00:00+00:00,987.0,991.0,892.0,904.0,1877269.0
2024-02-21 12:00:00+00:00,904.0,1009.0,902.0,1006.0,1742137.0
2024-02-21 16:00:00+00:00,1006.0,1100.0,996.0,1098.0,1957153.0
2024-02-21 20:00:00+00:00,1098.0,1133.0,1060.0,1094.0,949480.0
2024-02-22 00:00:00+00:00,1094.0,1121.0,1091.0,1113.0,1421384.0
2024-02-22 04:00:00+00:00,1113.0,1335.0,1083.0,1322.0,1251954.0
2024-02-22 08:00:00+00:00,1322.0,1325.0,1202.0,1205.0,3537089.0
2024-02-22 12:00:00+00:00,1205.0,1314.0,1188.0,1303.0,829793.0
2024-02-22 16:00:00+00:00,1303.0,1324.0,1188.0,1264.0,3127444.0
2024-02-22 20:00:00+00:00,1264.0,1266.0,1221.0,1222.0,1117846.0
2024-02-23 00:00:00+00:00,1222.0,1424.0,1222.0,1423.0,750969.0
2024-02-23 04:00:00+00:00,1423.0,1606.0,1413.0,1599.0,2716784.0
2024-02-23 08:00:00+00:00,1599.0,1796.0,1598.0,1794.0,1454152.0
2024-02-23 12:00:00+00:00,1794.0,2186.0,1779.0,2145.0,2428508.0
2024-02-23 16:00:00+00:00,2145.0,2233.0,2121.0,2151.0,1860123.0
2024-02-23 20:00:00+00:00,2151.0,2389.0,2146.0,2367.0,1541260.0
2024-02-24 00:00:00+00:00,2367.0,2372.0,2248.0,2257.0,848091.0
2024-02-24 04:00:00+00:00,2257.0,2385.0,2249.0,2366.0,1865165.0
2024-02-24 08:00:00+00:00,2366.0,2397.0,2290.0,2319.0,1059762.0
2024-02-24 12:00:00+00:00,2319.0,2353.0,2318.0,2352.0,1469203.0
2024-02-24 16:00:00+00:00,2352.0,2584.0,2333.0,2559.0,430686.0
2024-02-24 20:00:00+00:00,2559.0,2597.0,2235.0,2244.0,1711922.0
2024-02-25 00:00:00+00:00,2244.0,2968.0,2214.0,2948.0,1410228.0
2024-02-25 04:00:00+00:00,2948.0,2961.0,2499.0,2502.0,3322459.0
2024-02-25 08:00:00+00:00,2502.0,2524.0,2012.0,2046.0,2112895.0
2024-02-25 12:00:00+00:00,2046.0,2402.0,2043.0,2401.0,1713911.0
2024-02-25 16:00:00+00:00,2401.0,2691.0,2396.0,2685.0,1728359.0
2024-02-25 20:00:00+00:00,2685.0,2994.0,2626.0,2935.0,776893.0
2024-02-26 00:00:00+00:00,2935.0,3255.0,2897.0,3211.0,2885994.0
2024-02-26 04:00:00+00:00,3211.0,3213.0,3203.0,3204.0,2724203.0
2024-02-26 08:00:00+00:00,3204.0,3209.0,2767.0,2778.0,1702253.0
2024-02-26 12:00:00+00:00,2778.0,2813.0,2768.0,2809.0,2288168.0
2024-02-26 16:00:00+00:00,2809.0,2820.0,2519.0,2525.0,980234.0
2024-02-26 20:00:00+00:00,2525.0,2901.0,2517.0,2894.0,965148.0
2024-02-27 00:00:00+00:00,2894.0,2895.0,2826.0,2829.0,1089298.0
2024-02-27 04:00:00+00:00,2829.0,2837.0,2455.0,2478.0,1705176.0
2024-02-27 08:00:00+00:00,2478.0,2511.0,2326.0,2358.0,940845.0
2024-02-27 12:00:00+00:00,2358.0,2528.0,2337.0,2503.0,1550230.0
2024-02-27 16:00:00+00:00,2503.0,2538.0,2272.0,2291.0,1462496.0
2024-02-27 20:00:00+00:00,2291.0,2291.0,2005.0,2007.0,832316.0
2024-02-28 00:00:00+00:00,2007.0,2170.0,1972.0,2080.0,1436854.0
2024-02-28 04:00:00+00:00,2080.0,2191.0,2038.0,2155.0,1708027.0
2024-02-28 08:00:00+00:00,2155.0,2200.0,1967.0,1991.0,1339271.0
2024-02-28 12:00:00+00:00,1991.0,2034.0,1826.0,1849.0,2158656.0
2024-02-28 16:00:00+00:00,1849.0,1971.0,1805.0,1913.0,600262.0
2024-02-28 20:00:00+00:00,1913.0,1919.0,1478.0,1497.0,2088440.0
2024-02-29 00:00:00+00:00,1497.0,1502.0,1179.0,1180.0,910447.0
2024-02-29 04:00:00+00:00,1180.0,1190.0,1042.0,1053.0,758760.0
2024-02-29 08:00:00+00:00,1053.0,1074.0,1012.0,1019.0,800326.0
2024-02-29 12:00:00+00:00,1019.0,1086.0,1011.0,1066.0,711018.0
2024-02-29 16:00:00+00:00,1066.0,1311.0,1058.0,1301.0,1264284.0
2024-02-29 20:00:00+00:00,1301.0,1469.0,1300.0,1468.0,1244222.0
2024-03-01 00:00:00+00:00,1468.0,1477.0,1428.0,1432.0,1630856.0
2024-03-01 04:00:00+00:00,1432.0,1477.0,1399.0,1428.0,859870.0
2024-03-01 08:00:00+00:00,1428.0,1446.0,1210.0,1216.0,654197.0
2024-03-01 12:00:00+00:00,1216.0,1227.0,1205.0,1212.0,1784981.0
2024-03-01 16:00:00+00:00,1212.0,1213.0,1154.0,1160.0,742941.0
2024-03-01 20:00:00+00:00,1160.0,1218.0,1151.0,1215.0,1110994.0
2024-03-02 00:00:00+00:00,1215.0,1248.0,1045.0,1064.0,1716864.0
2024-03-02 04:00:00+00:00,1064.0,1158.0,1051.0,1147.0,1362021.0
2024-03-02 08:00:00+00:00,1147.0,1421.0,1120.0,1410.0,2918409.0
2024-03-02 12:00:00+00:00,1410.0,1423.0,1383.0,1386.0,1334125.0
2024-03-02 16:00:00+00:00,1386.0,1478.0,1367.0,1469.0,766275.0
2024-03-02 20:00:00+00:00,1469.0,1623.0,1463.0,1621.0,3892140.0
2024-03-03 00:00:00+00:00,1621.0,1650.0,1513.0,1522.0,1302132.0
2024-03-03 04:00:00+00:00,1522.0,1585.0,1517.0,1573.0,1021727.0
2024-03-03 08:00:00+00:00,1573.0,1580.0,1559.0,1576.0,1626821.0
2024-03-03 12:00:00+00:00,1576.0,1614.0,1558.0,1598.0,1180743.0
2024-03-03 16:00:00+00:00,1598.0,1667.0,1400.0,1416.0,1638091.0
2024-03-03 20:00:00+00:00,1416.0,1422.0,1415.0,1421.0,3511752.0
2024-03-04 00:00:00+00:00,1421.0,1553.0,1397.0,1525.0,1063139.0
2024-03-04 04:00:00+00:00,1525.0,1861.0,1518.0,1856.0,1409389.0
2024-03-04 08:00:00+00:00,1856.0,2132.0,1842.0,2123.0,1516628.0
2024-03-04 12:00:00+00:00,2123.0,2808.0,2121.0,2808.0,3362849.0
2024-03-04 16:00:00+00:00,2808.0,2820.0,2477.0,2484.0,633826.0
2024-03-04 20:00:00+00:00,2484.0,2826.0,2465.0,2808.0,520858.0
2024-03-05 00:00:00+00:00,2808.0,2886.0,2806.0,2884.0,806474.0
2024-03-05 04:00:00+00:00,2884.0,3860.0,2867.0,3831.0,876721.0
2024-03-05 08:00:00+00:00,3831.0,3971.0,3312.0,3365.0,1103436.0
2024-03-05 12:00:00+00:00,3365.0,3367.0,2935.0,2940.0,1772506.0
2024-03-05 16:00:00+00:00,2940.0,2965.0,2620.0,2675.0,813890.0
2024-03-05 20:00:00+00:00,2675.0,2689.0,1813.0,1822.0,958652.0
2024-03-06 00:00:00+00:00,1822.0,1839.0,1658.0,1678.0,1281031.0
2024-03-06 04:00:00+00:00,1678.0,1685.0,1484.0,1487.0,2066222.0
2024-03-06 08:00:00+00:00,1487.0,1522.0,1484.0,1520.0,457162.0
2024-03-06 12:00:00+00:00,1520.0,1599.0,1516.0,1597.0,1737202.0
2024-03-06 16:00:00+00:00,1597.0,2048.0,1596.0,2046.0,2774134.0
2024-03-06 20:00:00+00:00,2046.0,2339.0,2039.0,2337.0,2299267.0
2024-03-07 00:00:00+00:00,2337.0,2359.0,2108.0,2135.0,2317776.0
2024-03-07 04:00:00+00:00,2135.0,2187.0,1813.0,1846.0,4225080.0
2024-03-07 08:00:00+00:00,1846.0,2005.0,1805.0,1982.0,1021584.0
2024-03-07 12:00:00+00:00,1982.0,2014.0,1578.0,1589.0,1684597.0
2024-03-07 16:00:00+00:00,1589.0,2028.0,1588.0,2025.0,1480723.0
2024-03-07 20:00:00+00:00,2025.0,2393.0,2020.0,2383.0,1531600.0
2024-03-08 00:00:00+00:00,2383.0,2393.0,2207.0,2215.0,2607853.0
2024-03-08 04:00:00+00:00,2215.0,2219.0,1639.0,1645.0,904248.0
2024-03-08 08:00:00+00:00,1645.0,1994.0,1634.0,1979.0,1045867.0
2024-03-08 12:00:00+00:00,1979.0,1989.0,1925.0,1945.0,2094765.0
2024-03-08 16:00:00+00:00,1945.0,2313.0,1935.0,2304.0,2587204.0
2024-03-08 20:00:00+00:00,2304.0,2316.0,1746.0,1752.0,1432832.0
2024-03-09 00:00:00+00:00,1752.0,1772.0,1556.0,1594.0,1947348.0
2024-03-09 04:00:00+00:00,1594.0,1628.0,1577.0,1595.0,1188122.0
2024-03-09 08:00:00+00:00,1595.0,1614.0,1591.0,1606.0,2160084.0
2024-03-09 12:00:00+00:00,1606.0,1645.0,1463.0,1500.0,1243309.0
2024-03-09 16:00:00+00:00,1500.0,1704.0,1467.0,1640.0,2137096.0
2024-03-09 20:00:00+00:00,1640.0,1650.0,1375.0,1377.0,5549583.0
2024-03-10 00:00:00+00:00,1377.0,1382.0,1340.0,1347.0,1435744.0
2024-03-10 04:00:00+00:00,1347.0,1381.0,1338.0,1371.0,1079752.0
2024-03-10 08:00:00+00:00,1371.0,1521.0,1335.0,1476.0,1764259.0
2024-03-10 12:00:00+00:00,1476.0,1649.0,1428.0,1633.0,1099375.0
2024-03-10 16:00:00+00:00,1633.0,1635.0,1356.0,1358.0,4972229.0
2024-03-10 20:00:00+00:00,1358.0,1361.0,1037.0,1045.0,1850210.0
2024-03-11 00:00:00+00:00,1045.0,1259.0,1040.0,1245.0,1373564.0
2024-03-11 04:00:00+00:00,1245.0,1315.0,1236.0,1307.0,756568.0
2024-03-11 08:00:00+00:00,1307.0,1308.0,1156.0,1160.0,2314786.0
2024-03-11 12:00:00+00:00,1160.0,1455.0,1135.0,1430.0,2618832.0
2024-03-11 16:00:00+00:00,1430.0,1466.0,1409.0,1454.0,819990.0
2024-03-11 20:00:00+00:00,1454.0,1746.0,1432.0,1710.0,2037575.0
2024-03-12 00:00:00+00:00,1710.0,1777.0,1693.0,1727.0,484375.0
2024-03-12 04:00:00+00:00,1727.0,2287.0,1704.0,2255.0,2103253.0
2024-03-12 08:00:00+00:00,2255.0,2867.0,2243.0,2848.0,2243909.0
2024-03-12 12:00:00+00:00,2848.0,2863.0,2704.0,2741.0,2612680.0
2024-03-12 16:00:00+00:00,2741.0,3147.0,2738.0,3140.0,977150.0
2024-03-12 20:00:00+00:00,3140.0,3460.0,3085.0,3443.0,680676.0
2024-03-13 00:00:00+00:00,3443.0,4153.0,3433.0,4150.0,1032307.0
2024-03-13 04:00:00+00:00,4150.0,4214.0,3519.0,3548.0,735473.0
2024-03-13 08:00:00+00:00,3548.0,3925.0,3541.0,3913.0,2552079.0
2024-03-13 12:00:00+00:00,3913.0,4536.0,3905.0,4533.0,3200884.0
2024-03-13 16:00:00+00:00,4533.0,4537.0,3327.0,3336.0,2103243.0
2024-03-13 20:00:00+00:00,3336.0,3338.0,2742.0,2743.0,2823423.0
2024-03-14 00:00:00+00:00,2743.0,2786.0,1885.0,1904.0,2051204.0
2024-03-14 04:00:00+00:00,1904.0,1928.0,1801.0,1826.0,1069803.0
2024-03-14 08:00:00+00:00,1826.0,2034.0,1810.0,2022.0,1119389.0
2024-03-14 12:00:00+00:00,2022.0,2483.0,2020.0,2478.0,1434523.0
2024-03-14 16:00:00+00:00,2478.0,2506.0,2475.0,2505.0,476258.0
2024-03-14 20:00:00+00:00,2505.0,3112.0,2504.0,3110.0,1968942.0
2024-03-15 00:00:00+00:00,3110.0,3119.0,2463.0,2465.0,1589413.0
2024-03-15 04:00:00+00:00,2465.0,2527.0,1800.0,1835.0,2565427.0
2024-03-15 08:00:00+00:00,1835.0,1841.0,1815.0,1819.0,1074883.0
2024-03-15 12:00:00+00:00,1819.0,1933.0,1813.0,1922.0,1078717.0
2024-03-15 16:00:00+00:00,1922.0,1924.0,1910.0,1912.0,656924.0
2024-03-15 20:00:00+00:00,1912.0,1918.0,1324.0,1327.0,1989379.0
2024-03-16 00:00:00+00:00,1327.0,1340.0,1302.0,1308.0,1505703.0
2024-03-16 04:00:00+00:00,1308.0,1324.0,1046.0,1054.0,893984.0
2024-03-16 08:00:00+00:00,1054.0,1161.0,1049.0,1160.0,1358599.0
2024-03-16 12:00:00+00:00,1160.0,1224.0,1159.0,1223.0,1307911.0
2024-03-16 16:00:00+00:00,1223.0,1229.0,1045.0,1050.0,994370.0
2024-03-16 20:00:00+00:00,1050.0,1053.0,966.0,969.0,918393.0
2024-03-17 00:00:00+00:00,969.0,970.0,811.0,815.0,1658214.0
2024-03-17 04:00:00+00:00,815.0,849.0,789.0,807.0,583960.0
2024-03-17 08:00:00+00:00,807.0,928.0,797.0,921.0,1696766.0
2024-03-17 12:00:00+00:00,921.0,926.0,776.0,784.0,923275.0
2024-03-17 16:00:00+00:00,784.0,847.0,780.0,843.0,2085441.0
2024-03-17 20:00:00+00:00,843.0,850.0,774.0,776.0,3990000.0
2024-03-18 00:00:00+00:00,776.0,781.0,677.0,683.0,882999.0
2024-03-18 04:00:00+00:00,683.0,696.0,668.0,672.0,1370578.0
2024-03-18 08:00:00+00:00,672.0,679.0,560.0,568.0,1018215.0
2024-03-18 12:00:00+00:00,568.0,569.0,519.0,521.0,2104099.0
2024-03-18 16:00:00+00:00,521.0,526.0,425.0,427.0,818176.0
2024-03-18 20:00:00+00:00,427.0,554.0,424.0,553.0,2394319.0
2024-03-19 00:00:00+00:00,553.0,573.0,548.0,555.0,655736.0
2024-03-19 04:00:00+00:00,555.0,559.0,491.0,498.0,1182956.0
2024-03-19 08:00:00+00:00,498.0,517.0,494.0,513.0,653912.0
2024-03-19 12:00:00+00:00,513.0,514.0,504.0,504.0,1586870.0
2024-03-19 16:00:00+00:00,504.0,511.0,485.0,488.0,724037.0
2024-03-19 20:00:00+00:00,488.0,533.0,487.0,532.0,1680202.0
2024-03-20 00:00:00+00:00,532.0,596.0,531.0,592.0,1127742.0
2024-03-20 04:00:00+00:00,592.0,594.0,545.0,545.0,1171180.0
2024-03-20 08:00:00+00:00,545.0,553.0,493.0,498.0,1357243.0
2024-03-20 12:00:00+00:00,498.0,499.0,476.0,477.0,768825.0
2024-03-20 16:00:00+00:00,477.0,479.0,310.0,312.0,2263359.0
2024-03-20 20:00:00+00:00,312.0,322.0,238.0,241.0,3618179.0
2024-03-21 00:00:00+00:00,241.0,291.0,241.0,290.0,1093489.0
2024-03-21 04:00:00+00:00,290.0,365.0,289.0,362.0,3123674.0
2024-03-21 08:00:00+00:00,362.0,364.0,347.0,348.0,2355426.0
2024-03-21 12:00:00+00:00,348.0,378.0,348.0,378.0,836352.0
2024-03-21 16:00:00+00:00,378.0,400.0,370.0,395.0,549963.0
2024-03-21 20:00:00+00:00,395.0,578.0,395.0,578.0,2772308.0
2024-03-22 00:00:00+00:00,578.0,679.0,574.0,674.0,1142432.0
2024-03-22 04:00:00+00:00,674.0,681.0,656.0,661.0,2696368.0
2024-03-22 08:00:00+00:00,661.0,664.0,557.0,566.0,1455357.0
2024-03-22 12:00:00+00:00,566.0,569.0,422.0,429.0,1154815.0
2024-03-22 16:00:00+00:00,429.0,443.0,428.0,442.0,614086.0
2024-03-22 20:00:00+00:00,442.0,443.0,392.0,392.0,2314618.0
2024-03-23 00:00:00+00:00,392.0,399.0,306.0,308.0,1233966.0
2024-03-23 04:00:00+00:00,308.0,311.0,276.0,278.0,1321459.0
2024-03-23 08:00:00+00:00,278.0,284.0,230.0,233.0,2400602.0
2024-03-23 12:00:00+00:00,233.0,296.0,229.0,291.0,1379416.0
2024-03-23 16:00:00+00:00,291.0,334.0,284.0,330.0,1363159.0
2024-03-23 20:00:00+00:00,330.0,331.0,326.0,329.0,997222.0
2024-03-24 00:00:00+00:00,329.0,402.0,327.0,401.0,2327291.0
2024-03-24 04:00:00+00:00,401.0,413.0,396.0,405.0,1387769.0
2024-03-24 08:00:00+00:00,405.0,407.0,351.0,353.0,1241488.0
2024-03-24 12:00:00+00:00,353.0,435.0,353.0,434.0,1737850.0
2024-03-24 16:00:00+00:00,434.0,482.0,430.0,468.0,1030072.0
2024-03-24 20:00:00+00:00,468.0,476.0,385.0,395.0,701612.0
2024-03-25 00:00:00+00:00,395.0,399.0,383.0,384.0,1237199.0
2024-03-25 04:00:00+00:00,384.0,384.0,333.0,333.0,3595766.0
2024-03-25 08:00:00+00:00,333.0,335.0,263.0,264.0,1044173.0
2024-03-25 12:00:00+00:00,264.0,304.0,258.0,300.0,961189.0
2024-03-25 16:00:00+00:00,300.0,392.0,291.0,386.0,1201641.0
2024-03-25 20:00:00+00:00,386.0,387.0,304.0,305.0,2343757.0
2024-03-26 00:00:00+00:00,305.0,330.0,304.0,330.0,1565783.0
2024-03-26 04:00:00+00:00,330.0,339.0,293.0,298.0,1196200.0
2024-03-26 08:00:00+00:00,298.0,299.0,274.0,276.0,771753.0
2024-03-26 12:00:00+00:00,276.0,277.0,249.0,251.0,1328652.0
2024-03-26 16:00:00+00:00,251.0,258.0,209.0,218.0,636126.0
2024-03-26 20:00:00+00:00,218.0,220.0,218.0,220.0,1095541.0
2024-03-27 00:00:00+00:00,220.0,223.0,191.0,193.0,2120446.0
2024-03-27 04:00:00+00:00,193.0,200.0,192.0,200.0,598917.0
2024-03-27 08:00:00+00:00,200.0,201.0,198.0,199.0,476236.0
2024-03-27 12:00:00+00:00,199.0,200.0,187.0,191.0,2441634.0
2024-03-27 16:00:00+00:00,191.0,193.0,165.0,165.0,1038184.0
2024-03-27 20:00:00+00:00,165.0,171.0,141.0,151.0,2226420.0
2024-03-28 00:00:00+00:00,151.0,169.0,150.0,168.0,1238681.0
2024-03-28 04:00:00+00:00,168.0,181.0,167.0,180.0,1128161.0
2024-03-28 08:00:00+00:00,180.0,181.0,153.0,154.0,1795403.0
2024-03-28 12:00:00+00:00,154.0,157.0,153.0,156.0,670142.0
2024-03-28 16:00:00+00:00,156.0,174.0,155.0,173.0,1424959.0
2024-03-28 20:00:00+00:00,173.0,173.0,130.0,130.0,1448826.0
2024-03-29 00:00:00+00:00,130.0,141.0,129.0,140.0,642007.0
2024-03-29 04:00:00+00:00,140.0,141.0,125.0,126.0,1539224.0
2024-03-29 08:00:00+00:00,126.0,139.0,125.0,137.0,1099958.0
2024-03-29 12:00:00+00:00,137.0,139.0,121.0,121.0,1243890.0
2024-03-29 16:00:00+00:00,121.0,123.0,88.0,88.0,990610.0
2024-03-29 20:00:00+00:00,88.0,88.0,67.0,67.0,3843386.0
2024-03-30 00:00:00+00:00,67.0,67.0,67.0,67.0,1580637.0
2024-03-30 04:00:00+00:00,67.0,71.0,67.0,70.0,1803206.0
2024-03-30 08:00:00+00:00,70.0,70.0,60.0,60.0,1208678.0
2024-03-30 12:00:00+00:00,60.0,66.0,60.0,66.0,541459.0
2024-03-30 16:00:00+00:00,66.0,67.0,49.0,49.0,4645225.0
2024-03-30 20:00:00+00:00,49.0,50.0,48.0,49.0,1000583.0
2024-03-31 00:00:00+00:00,49.0,49.0,40.0,40.0,1060140.0
2024-03-31 04:00:00+00:00,40.0,40.0,36.0,36.0,1595269.0
2024-03-31 08:00:00+00:00,36.0,37.0,35.0,36.0,1827377.0
2024-03-31 12:00:00+00:00,36.0,37.0,31.0,32.0,1368347.0
2024-03-31 16:00:00+00:00,32.0,32.0,30.0,30.0,2226443.0
2024-03-31 20:00:00+00:00,30.0,35.0,29.0,34.0,2493807.0
2024-04-01 00:00:00+00:00,34.0,35.0,31.0,31.0,736365.0
2024-04-01 04:00:00+00:00,31.0,35.0,31.0,35.0,981275.0
2024-04-01 08:00:00+00:00,35.0,35.0,29.0,29.0,2437329.0
2024-04-01 12:00:00+00:00,29.0,32.0,29.0,32.0,318605.0
2024-04-01 16:00:00+00:00,32.0,39.0,31.0,38.0,1528496.0
2024-04-01 20:00:00+00:00,38.0,39.0,24.0,24.0,1033636.0
2024-04-02 00:00:00+00:00,24.0,24.0,21.0,21.0,1071782.0
2024-04-02 04:00:00+00:00,21.0,23.0,21.0,23.0,1083547.0
2024-04-02 08:00:00+00:00,23.0,24.0,22.0,22.0,913637.0
2024-04-02 12:00:00+00:00,22.0,24.0,22.0,24.0,884323.0
2024-04-02 16:00:00+00:00,24.0,24.0,21.0,21.0,735635.0
2024-04-02 20:00:00+00:00,21.0,22.0,21.0,22.0,3263619.0
2024-04-03 00:00:00+00:00,22.0,22.0,21.0,21.0,2724186.0
2024-04-03 04:00:00+00:00,21.0,25.0,21.0,25.0,850151.0
2024-04-03 08:00:00+00:00,25.0,26.0,24.0,26.0,2455406.0
2024-04-03 12:00:00+00:00,26.0,27.0,26.0,27.0,942333.0
2024-04-03 16:00:00+00:00,27.0,27.0,25.0,25.0,1265745.0
2024-04-03 20:00:00+00:00,25.0,25.0,24.0,24.0,1182601.0
2024-04-04 00:00:00+00:00,24.0,24.0,22.0,22.0,859802.0
2024-04-04 04:00:00+00:00,22.0,24.0,22.0,23.0,1923933.0
2024-04-04 08:00:00+00:00,23.0,23.0,22.0,22.0,1267871.0
2024-04-04 12:00:00+00:00,22.0,23.0,22.0,23.0,889913.0
2024-04-04 16:00:00+00:00,23.0,30.0,23.0,30.0,1006760.0
2024-04-04 20:00:00+00:00,30.0,34.0,30.0,34.0,889806.0
2024-04-05 00:00:00+00:00,34.0,34.0,32.0,32.0,505112.0
2024-04-05 04:00:00+00:00,32.0,38.0,32.0,38.0,1549085.0
2024-04-05 08:00:00+00:00,38.0,38.0,34.0,36.0,651150.0
2024-04-05 12:00:00+00:00,36.0,36.0,24.0,25.0,1679495.0
2024-04-05 16:00:00+00:00,25.0,25.0,21.0,21.0,2885398.0
2024-04-05 20:00:00+00:00,21.0,21.0,15.0,15.0,3356274.0
2024-04-06 00:00:00+00:00,15.0,15.0,14.0,14.0,1140342.0
2024-04-06 04:00:00+00:00,14.0,14.0,14.0,14.0,964680.0
2024-04-06 08:00:00+00:00,14.0,18.0,14.0,18.0,4460386.0
2024-04-06 12:00:00+00:00,18.0,19.0,18.0,19.0,1487512.0
2024-04-06 16:00:00+00:00,19.0,19.0,18.0,18.0,932994.0
2024-04-06 20:00:00+00:00,18.0,20.0,18.0,20.0,672854.0
2024-04-07 00:00:00+00:00,20.0,20.0,13.0,14.0,2429858.0
2024-04-07 04:00:00+00:00,14.0,14.0,14.0,14.0,1673678.0
2024-04-07 08:00:00+00:00,14.0,16.0,14.0,16.0,981828.0
2024-04-07 12:00:00+00:00,16.0,16.0,12.0,12.0,1926828.0
2024-04-07 16:00:00+00:00,12.0,14.0,12.0,14.0,1262626.0
2024-04-07 20:00:00+00:00,14.0,15.0,14.0,15.0,1050738.0
2024-04-08 00:00:00+00:00,15.0,15.0,14.0,14.0,342204.0
2024-04-08 04:00:00+00:00,14.0,16.0,14.0,15.0,1149682.0
2024-04-08 08:00:00+00:00,15.0,21.0,15.0,21.0,3282401.0
2024-04-08 12:00:00+00:00,21.0,21.0,20.0,21.0,788833.0
2024-04-08 16:00:00+00:00,21.0,22.0,21.0,22.0,1141137.0
2024-04-08 20:00:00+00:00,22.0,22.0,20.0,20.0,826971.0
2024-04-09 00:00:00+00:00,20.0,21.0,17.0,18.0,1655527.0
2024-04-09 04:00:00+00:00,18.0,21.0,18.0,20.0,1232664.0
2024-04-09 08:00:00+00:00,20.0,20.0,17.0,18.0,866114.0
2024-04-09 12:00:00+00:00,18.0,18.0,17.0,18.0,2009707.0
2024-04-09 16:00:00+00:00,18.0,18.0,16.0,16.0,1929852.0
2024-04-09 20:00:00+00:00,16.0,18.0,16.0,18.0,898345.0
2024-04-10 00:00:00+00:00,18.0,19.0,18.0,19.0,1475322.0
2024-04-10 04:00:00+00:00,19.0,22.0,18.0,21.0,1919268.0
2024-04-10 08:00:00+00:00,21.0,21.0,20.0,20.0,1694915.0
2024-04-10 12:00:00+00:00,20.0,20.0,19.0,19.0,480620.0
2024-04-10 16:00:00+00:00,19.0,19.0,16.0,16.0,2382392.0
2024-04-10 20:00:00+00:00,16.0,17.0,15.0,15.0,902321.0
2024-04-11 00:00:00+00:00,15.0,16.0,15.0,16.0,978371.0
2024-04-11 04:00:00+00:00,16.0,18.0,16.0,18.0,5014370.0
2024-04-11 08:00:00+00:00,18.0,18.0,15.0,15.0,1645142.0
2024-04-11 12:00:00+00:00,15.0,18.0,15.0,17.0,1147213.0
2024-04-11 16:00:00+00:00,17.0,21.0,17.0,21.0,534637.0
2024-04-11 20:00:00+00:00,21.0,23.0,20.0,22.0,2376970.0
2024-04-12 00:00:00+00:00,22.0,29.0,21.0,28.0,941625.0
2024-04-12 04:00:00+00:00,28.0,28.0,25.0,25.0,816069.0
2024-04-12 08:00:00+00:00,25.0,26.0,20.0,20.0,1321529.0
2024-04-12 12:00:00+00:00,20.0,22.0,15.0,15.0,3654556.0
2024-04-12 16:00:00+00:00,15.0,19.0,15.0,18.0,2463672.0
2024-04-12 20:00:00+00:00,18.0,21.0,18.0,20.0,1196687.0
2024-04-13 00:00:00+00:00,20.0,20.0,20.0,20.0,1195253.0
2024-04-13 04:00:00+00:00,20.0,21.0,20.0,21.0,833329.0
2024-04-13 08:00:00+00:00,21.0,21.0,17.0,17.0,1614848.0
2024-04-13 12:00:00+00:00,17.0,24.0,17.0,24.0,2179612.0
2024-04-13 16:00:00+00:00,24.0,26.0,23.0,24.0,1718474.0
2024-04-13 20:00:00+00:00,24.0,25.0,24.0,25.0,1702366.0
2024-04-14 00:00:00+00:00,25.0,28.0,24.0,27.0,1695363.0
2024-04-14 04:00:00+00:00,27.0,30.0,27.0,29.0,1015371.0
2024-04-14 08:00:00+00:00,29.0,31.0,29.0,30.0,1595917.0
2024-04-14 12:00:00+00:00,30.0,31.0,25.0,27.0,1294200.0
2024-04-14 16:00:00+00:00,27.0,28.0,26.0,28.0,706069.0
2024-04-14 20:00:00+00:00,28.0,36.0,28.0,36.0,1510151.0
2024-04-15 00:00:00+00:00,36.0,44.0,36.0,44.0,1675404.0
2024-04-15 04:00:00+00:00,44.0,54.0,44.0,54.0,2707482.0
2024-04-15 08:00:00+00:00,54.0,54.0,50.0,50.0,1121611.0
2024-04-15 12:00:00+00:00,50.0,50.0,42.0,43.0,789217.0
2024-04-15 16:00:00+00:00,43.0,44.0,42.0,42.0,1086343.0
2024-04-15 20:00:00+00:00,42.0,43.0,42.0,42.0,1085485.0
2024-04-16 00:00:00+00:00,42.0,49.0,42.0,49.0,1630547.0
2024-04-16 04:00:00+00:00,49.0,49.0,36.0,37.0,2789304.0
2024-04-16 08:00:00+00:00,37.0,45.0,37.0,45.0,2811082.0
2024-04-16 12:00:00+00:00,45.0,45.0,44.0,44.0,795308.0
2024-04-16 16:00:00+00:00,44.0,45.0,41.0,41.0,875405.0
2024-04-16 20:00:00+00:00,41.0,42.0,35.0,35.0,864820.0
2024-04-17 00:00:00+00:00,35.0,35.0,26.0,26.0,2473441.0
2024-04-17 04:00:00+00:00,26.0,30.0,26.0,30.0,2829226.0
2024-04-17 08:00:00+00:00,30.0,30.0,29.0,30.0,882974.0
2024-04-17 12:00:00+00:00,30.0,30.0,24.0,24.0,1395465.0
2024-04-17 16:00:00+00:00,24.0,24.0,19.0,19.0,3294246.0
2024-04-17 20:00:00+00:00,19.0,20.0,18.0,18.0,1481350.0
2024-04-18 00:00:00+00:00,18.0,24.0,18.0,23.0,2178626.0
2024-04-18 04:00:00+00:00,23.0,23.0,22.0,22.0,615372.0
2024-04-18 08:00:00+00:00,22.0,23.0,17.0,17.0,2352921.0
2024-04-18 12:00:00+00:00,17.0,18.0,15.0,17.0,697520.0
2024-04-18 16:00:00+00:00,17.0,17.0,16.0,16.0,636493.0
2024-04-18 20:00:00+00:00,16.0,16.0,9.0,9.0,1860729.0
2024-04-19 00:00:00+00:00,9.0,10.0,9.0,9.0,763896.0
2024-04-19 04:00:00+00:00,9.0,9.0,9.0,9.0,986571.0
2024-04-19 08:00:00+00:00,9.0,10.0,9.0,10.0,638656.0
2024-04-19 12:00:00+00:00,10.0,13.0,10.0,13.0,2959838.0
2024-04-19 16:00:00+00:00,13.0,15.0,12.0,15.0,2649296.0
2024-04-19 20:00:00+00:00,15.0,16.0,14.0,14.0,423193.0
2024-04-20 00:00:00+00:00,14.0,14.0,12.0,12.0,2442368.0
2024-04-20 04:00:00+00:00,12.0,17.0,12.0,17.0,1439306.0
2024-04-20 08:00:00+00:00,17.0,17.0,17.0,17.0,1576610.0
2024-04-20 12:00:00+00:00,17.0,18.0,16.0,17.0,972825.0
2024-04-20 16:00:00+00:00,17.0,18.0,16.0,17.0,1024750.0
2024-04-20 20:00:00+00:00,17.0,18.0,17.0,17.0,990449.0
2024-04-21 00:00:00+00:00,17.0,17.0,17.0,17.0,1948208.0
2024-04-21 04:00:00+00:00,17.0,17.0,15.0,15.0,673121.0
2024-04-21 08:00:00+00:00,15.0,16.0,14.0,14.0,1688053.0
2024-04-21 12:00:00+00:00,14.0,14.0,14.0,14.0,1759227.0
2024-04-21 16:00:00+00:00,14.0,14.0,13.0,13.0,1775260.0
2024-04-21 20:00:00+00:00,13.0,13.0,11.0,12.0,4221811.0
2024-04-22 00:00:00+00:00,12.0,12.0,12.0,12.0,804678.0
2024-04-22 04:00:00+00:00,12.0,12.0,11.0,11.0,1797354.0
2024-04-22 08:00:00+00:00,11.0,14.0,11.0,14.0,1590525.0
2024-04-22 12:00:00+00:00,14.0,14.0,8.0,8.0,4062416.0
2024-04-22 16:00:00+00:00,8.0,10.0,8.0,10.0,1485811.0
2024-04-22 20:00:00+00:00,10.0,12.0,10.0,12.0,1285879.0
2024-04-23 00:00:00+00:00,12.0,12.0,8.0,8.0,3713402.0
2024-04-23 04:00:00+00:00,8.0,8.0,7.0,8.0,902444.0
2024-04-23 08:00:00+00:00,8.0,8.0,7.0,7.0,575756.0
2024-04-23 12:00:00+00:00,7.0,7.0,6.0,6.0,1261168.0
2024-04-23 16:00:00+00:00,6.0,6.0,5.0,5.0,1839347.0
2024-04-23 20:00:00+00:00,5.0,5.0,4.0,4.0,3007557.0
2024-04-24 00:00:00+00:00,4.0,5.0,4.0,5.0,1891016.0
2024-04-24 04:00:00+00:00,5.0,6.0,5.0,6.0,2747509.0
2024-04-24 08:00:00+00:00,6.0,7.0,6.0,7.0,797368.0
2024-04-24 12:00:00+00:00,7.0,8.0,7.0,8.0,1061618.0
2024-04-24 16:00:00+00:00,8.0,8.0,6.0,7.0,1305222.0
2024-04-24 20:00:00+00:00,7.0,7.0,6.0,6.0,1166983.0
2024-04-25 00:00:00+00:00,6.0,6.0,6.0,6.0,1272880.0
2024-04-25 04:00:00+00:00,6.0,7.0,5.0,5.0,2189174.0
2024-04-25 08:00:00+00:00,5.0,6.0,5.0,6.0,1057656.0
2024-04-25 12:00:00+00:00,6.0,6.0,6.0,6.0,1187663.0
2024-04-25 16:00:00+00:00,6.0,6.0,5.0,5.0,1142367.0
2024-04-25 20:00:00+00:00,5.0,6.0,5.0,6.0,830949.0
2024-04-26 00:00:00+00:00,6.0,6.0,6.0,6.0,1133845.0
2024-04-26 04:00:00+00:00,6.0,6.0,6.0,6.0,1081650.0
2024-04-26 08:00:00+00:00,6.0,7.0,6.0,7.0,1401355.0
2024-04-26 12:00:00+00:00,7.0,7.0,6.0,6.0,1510035.0
2024-04-26 16:00:00+00:00,6.0,6.0,6.0,6.0,1326664.0
2024-04-26 20:00:00+00:00,6.0,7.0,6.0,7.0,1020822.0
2024-04-27 00:00:00+00:00,7.0,7.0,7.0,7.0,2152347.0
2024-04-27 04:00:00+00:00,7.0,7.0,7.0,7.0,639167.0
2024-04-27 08:00:00+00:00,7.0,7.0,6.0,6.0,1089769.0
2024-04-27 12:00:00+00:00,6.0,7.0,6.0,6.0,5685173.0
2024-04-27 16:00:00+00:00,6.0,6.0,6.0,6.0,644484.0
2024-04-27 20:00:00+00:00,6.0,6.0,6.0,6.0,627611.0
2024-04-28 00:00:00+00:00,6.0,7.0,6.0,7.0,2125653.0
2024-04-28 04:00:00+00:00,7.0,7.0,6.0,6.0,466057.0
2024-04-28 08:00:00+00:00,6.0,6.0,5.0,5.0,1452234.0
2024-04-28 12:00:00+00:00,5.0,5.0,4.0,4.0,4971159.0
2024-04-28 16:00:00+00:00,4.0,4.0,4.0,4.0,587966.0
2024-04-28 20:00:00+00:00,4.0,4.0,3.0,3.0,584986.0
2024-04-29 00:00:00+00:00,3.0,4.0,3.0,4.0,845873.0
2024-04-29 04:00:00+00:00,4.0,4.0,3.0,3.0,3034599.0
2024-04-29 08:00:00+00:00,3.0,4.0,3.0,3.0,3095137.0
2024-04-29 12:00:00+00:00,3.0,4.0,3.0,4.0,847683.0
2024-04-29 16:00:00+00:00,4.0,4.0,4.0,4.0,1467922.0
2024-04-29 20:00:00+00:00,4.0,4.0,3.0,3.0,2491105.0
2024-04-30 00:00:00+00:00,3.0,3.0,3.0,3.0,2884066.0
2024-04-30 04:00:00+00:00,3.0,4.0,3.0,3.0,898716.0
2024-04-30 08:00:00+00:00,3.0,4.0,3.0,4.0,471591.0
2024-04-30 12:00:00+00:00,4.0,4.0,4.0,4.0,697759.0
2024-04-30 16:00:00+00:00,4.0,4.0,4.0,4.0,862571.0
2024-04-30 20:00:00+00:00,4.0,4.0,4.0,4.0,1021025.0
2024-05-01 00:00:00+00:00,4.0,4.0,4.0,4.0,933209.0
2024-05-01 04:00:00+00:00,4.0,4.0,4.0,4.0,1990301.0
2024-05-01 08:00:00+00:00,4.0,4.0,3.0,3.0,3345587.0
2024-05-01 12:00:00+00:00,3.0,3.0,2.0,2.0,1473998.0
2024-05-01 16:00:00+00:00,2.0,3.0,2.0,3.0,2312251.0
2024-05-01 20:00:00+00:00,3.0,3.0,3.0,3.0,1288503.0
2024-05-02 00:00:00+00:00,3.0,3.0,3.0,3.0,1117623.0
2024-05-02 04:00:00+00:00,3.0,3.0,3.0,3.0,1587550.0
2024-05-02 08:00:00+00:00,3.0,3.0,3.0,3.0,1197286.0
2024-05-02 12:00:00+00:00,3.0,3.0,3.0,3.0,3475619.0
2024-05-02 16:00:00+00:00,3.0,3.0,2.0,2.0,657394.0
2024-05-02 20:00:00+00:00,2.0,2.0,2.0,2.0,841623.0
2024-05-03 00:00:00+00:00,2.0,2.0,2.0,2.0,1351238.0
2024-05-03 04:00:00+00:00,2.0,2.0,2.0,2.0,1475611.0
2024-05-03 08:00:00+00:00,2.0,2.0,2.0,2.0,3327802.0
2024-05-03 12:00:00+00:00,2.0,2.0,2.0,2.0,1446239.0
2024-05-03 16:00:00+00:00,2.0,2.0,2.0,2.0,595978.0
2024-05-03 20:00:00+00:00,2.0,2.0,2.0,2.0,1700857.0
2024-05-04 00:00:00+00:00,2.0,2.0,2.0,2.0,2105005.0
2024-05-04 04:00:00+00:00,2.0,3.0,2.0,3.0,662948.0
2024-05-04 08:00:00+00:00,3.0,4.0,3.0,3.0,1454708.0
2024-05-04 12:00:00+00:00,3.0,3.0,2.0,2.0,825140.0
2024-05-04 16:00:00+00:00,2.0,3.0,2.0,2.0,1129488.0
2024-05-04 20:00:00+00:00,2.0,2.0,2.0,2.0,815063.0
2024-05-05 00:00:00+00:00,2.0,2.0,2.0,2.0,1518039.0
2024-05-05 04:00:00+00:00,2.0,2.0,2.0,2.0,1304932.0
2024-05-05 08:00:00+00:00,2.0,2.0,2.0,2.0,696921.0
2024-05-05 12:00:00+00:00,2.0,2.0,2.0,2.0,1685151.0
2024-05-05 16:00:00+00:00,2.0,2.0,2.0,2.0,653624.0
2024-05-05 20:00:00+00:00,2.0,2.0,1.0,1.0,1502521.0
2024-05-06 00:00:00+00:00,1.0,1.0,1.0,1.0,1086119.0
2024-05-06 04:00:00+00:00,1.0,1.0,1.0,1.0,1177822.0
2024-05-06 08:00:00+00:00,1.0,1.0,1.0,1.0,2067699.0
2024-05-06 12:00:00+00:00,1.0,1.0,1.0,1.0,1866007.0
2024-05-06 16:00:00+00:00,1.0,1.0,1.0,1.0,2879239.0
2024-05-06 20:00:00+00:00,1.0,1.0,1.0,1.0,1368325.0
2024-05-07 00:00:00+00:00,1.0,1.0,1.0,1.0,2548042.0
2024-05-07 04:00:00+00:00,1.0,1.0,1.0,1.0,983000.0
2024-05-07 08:00:00+00:00,1.0,1.0,1.0,1.0,1188055.0
2024-05-07 12:00:00+00:00,1.0,1.0,1.0,1.0,1724984.0
2024-05-07 16:00:00+00:00,1.0,1.0,1.0,1.0,1253581.0
2024-05-07 20:00:00+00:00,1.0,1.0,1.0,1.0,510266.0
2024-05-08 00:00:00+00:00,1.0,1.0,1.0,1.0,1247018.0
2024-05-08 04:00:00+00:00,1.0,1.0,1.0,1.0,2578697.0
2024-05-08 08:00:00+00:00,1.0,1.0,1.0,1.0,741255.0
2024-05-08 12:00:00+00:00,1.0,1.0,1.0,1.0,797131.0
2024-05-08 16:00:00+00:00,1.0,1.0,1.0,1.0,2749782.0
2024-05-08 20:00:00+00:00,1.0,1.0,1.0,1.0,1296387.0
2024-05-09 00:00:00+00:00,1.0,2.0,1.0,2.0,1594375.0
2024-05-09 04:00:00+00:00,2.0,2.0,1.0,1.0,725115.0
2024-05-09 08:00:00+00:00,1.0,2.0,1.0,2.0,1205068.0
2024-05-09 12:00:00+00:00,2.0,2.0,2.0,2.0,2532512.0
2024-05-09 16:00:00+00:00,2.0,2.0,2.0,2.0,1340354.0
2024-05-09 20:00:00+00:00,2.0,2.0,2.0,2.0,976915.0
2024-05-10 00:00:00+00:00,2.0,2.0,2.0,2.0,1857465.0
2024-05-10 04:00:00+00:00,2.0,3.0,2.0,3.0,853046.0
2024-05-10 08:00:00+00:00,3.0,3.0,2.0,2.0,3610171.0
2024-05-10 12:00:00+00:00,2.0,2.0,2.0,2.0,2606376.0
2024-05-10 16:00:00+00:00,2.0,2.0,2.0,2.0,878523.0
2024-05-10 20:00:00+00:00,2.0,2.0,2.0,2.0,753236.0
2024-05-11 00:00:00+00:00,2.0,2.0,2.0,2.0,345333.0
2024-05-11 04:00:00+00:00,2.0,2.0,2.0,2.0,515854.0
2024-05-11 08:00:00+00:00,2.0,2.0,2.0,2.0,818338.0
2024-05-11 12:00:00+00:00,2.0,2.0,2.0,2.0,1255251.0
2024-05-11 16:00:00+00:00,2.0,2.0,2.0,2.0,1084712.0
2024-05-11 20:00:00+00:00,2.0,2.0,2.0,2.0,639999.0
2024-05-12 00:00:00+00:00,2.0,2.0,2.0,2.0,1293294.0
2024-05-12 04:00:00+00:00,2.0,3.0,2.0,3.0,1773386.0
2024-05-12 08:00:00+00:00,3.0,3.0,2.0,3.0,1573899.0
2024-05-12 12:00:00+00:00,3.0,3.0,3.0,3.0,398171.0
2024-05-12 16:00:00+00:00,3.0,3.0,2.0,2.0,1629718.0
2024-05-12 20:00:00+00:00,2.0,2.0,2.0,2.0,598650.0
2024-05-13 00:00:00+00:00,2.0,2.0,2.0,2.0,1719842.0
2024-05-13 04:00:00+00:00,2.0,2.0,2.0,2.0,1664207.0
2024-05-13 08:00:00+00:00,2.0,2.0,2.0,2.0,1003541.0
2024-05-13 12:00:00+00:00,2.0,2.0,2.0,2.0,1011956.0
2024-05-13 16:00:00+00:00,2.0,2.0,2.0,2.0,1172108.0
2024-05-13 20:00:00+00:00,2.0,2.0,2.0,2.0,329246.0
2024-05-14 00:00:00+00:00,2.0,2.0,2.0,2.0,1543541.0
2024-05-14 04:00:00+00:00,2.0,2.0,2.0,2.0,885542.0
2024-05-14 08:00:00+00:00,2.0,2.0,2.0,2.0,1649405.0
2024-05-14 12:00:00+00:00,2.0,2.0,2.0,2.0,816505.0
2024-05-14 16:00:00+00:00,2.0,2.0,2.0,2.0,902529.0
2024-05-14 20:00:00+00:00,2.0,2.0,2.0,2.0,492241.0
2024-05-15 00:00:00+00:00,2.0,2.0,2.0,2.0,728963.0
2024-05-15 04:00:00+00:00,2.0,2.0,2.0,2.0,660828.0
2024-05-15 08:00:00+00:00,2.0,2.0,2.0,2.0,1870693.0
2024-05-15 12:00:00+00:00,2.0,2.0,2.0,2.0,777355.0
2024-05-15 16:00:00+00:00,2.0,2.0,2.0,2.0,1290960.0
2024-05-15 20:00:00+00:00,2.0,2.0,2.0,2.0,1295576.0
2024-05-16 00:00:00+00:00,2.0,2.0,2.0,2.0,742321.0
2024-05-16 04:00:00+00:00,2.0,2.0,2.0,2.0,994612.0
2024-05-16 08:00:00+00:00,2.0,2.0,2.0,2.0,1613344.0
2024-05-16 12:00:00+00:00,2.0,2.0,2.0,2.0,903823.0
2024-05-16 16:00:00+00:00,2.0,2.0,2.0,2.0,1634370.0
2024-05-16 20:00:00+00:00,2.0,2.0,2.0,2.0,958845.0
2024-05-17 00:00:00+00:00,2.0,2.0,2.0,2.0,1308892.0
2024-05-17 04:00:00+00:00,2.0,2.0,2.0,2.0,1463269.0
2024-05-17 08:00:00+00:00,2.0,2.0,2.0,2.0,1006480.0
2024-05-17 12:00:00+00:00,2.0,2.0,2.0,2.0,1058770.0
2024-05-17 16:00:00+00:00,2.0,3.0,2.0,3.0,1262521.0
2024-05-17 20:00:00+00:00,3.0,3.0,2.0,2.0,1313026.0
2024-05-18 00:00:00+00:00,2.0,3.0,2.0,3.0,497578.0
2024-05-18 04:00:00+00:00,3.0,4.0,3.0,4.0,815765.0
2024-05-18 08:00:00+00:00,4.0,4.0,4.0,4.0,1580218.0
2024-05-18 12:00:00+00:00,4.0,4.0,3.0,3.0,2013185.0
2024-05-18 16:00:00+00:00,3.0,4.0,3.0,4.0,1050331.0
2024-05-18 20:00:00+00:00,4.0,5.0,4.0,5.0,1515943.0
2024-05-19 00:00:00+00:00,5.0,5.0,5.0,5.0,1429289.0
2024-05-19 04:00:00+00:00,5.0,5.0,4.0,4.0,1679121.0
2024-05-19 08:00:00+00:00,4.0,4.0,4.0,4.0,408184.0
2024-05-19 12:00:00+00:00,4.0,4.0,3.0,3.0,1029437.0
2024-05-19 16:00:00+00:00,3.0,3.0,3.0,3.0,1195401.0
2024-05-19 20:00:00+00:00,3.0,3.0,2.0,2.0,2061116.0
2024-05-20 00:00:00+00:00,2.0,2.0,2.0,2.0,4686783.0
2024-05-20 04:00:00+00:00,2.0,2.0,2.0,2.0,904719.0
2024-05-20 08:00:00+00:00,2.0,2.0,2.0,2.0,547101.0
2024-05-20 12:00:00+00:00,2.0,3.0,2.0,3.0,2073852.0
2024-05-20 16:00:00+00:00,3.0,3.0,2.0,2.0,2802416.0
2024-05-20 20:00:00+00:00,2.0,3.0,2.0,3.0,1524618.0
2024-05-21 00:00:00+00:00,3.0,3.0,3.0,3.0,695765.0
2024-05-21 04:00:00+00:00,3.0,3.0,3.0,3.0,1648044.0
2024-05-21 08:00:00+00:00,3.0,3.0,3.0,3.0,1813463.0
2024-05-21 12:00:00+00:00,3.0,3.0,2.0,2.0,900306.0
2024-05-21 16:00:00+00:00,2.0,3.0,2.0,3.0,1419993.0
2024-05-21 20:00:00+00:00,3.0,3.0,3.0,3.0,1771971.0
2024-05-22 00:00:00+00:00,3.0,3.0,3.0,3.0,2208168.0
2024-05-22 04:00:00+00:00,3.0,3.0,3.0,3.0,1094409.0
2024-05-22 08:00:00+00:00,3.0,4.0,3.0,4.0,1760858.0
2024-05-22 12:00:00+00:00,4.0,4.0,4.0,4.0,2375041.0
2024-05-22 16:00:00+00:00,4.0,4.0,3.0,3.0,675874.0
2024-05-22 20:00:00+00:00,3.0,3.0,3.0,3.0,1592966.0
2024-05-23 00:00:00+00:00,3.0,3.0,3.0,3.0,629539.0
2024-05-23 04:00:00+00:00,3.0,3.0,2.0,2.0,2190321.0
2024-05-23 08:00:00+00:00,2.0,3.0,2.0,3.0,1350139.0
2024-05-23 12:00:00+00:00,3.0,4.0,3.0,4.0,3092921.0
2024-05-23 16:00:00+00:00,4.0,4.0,3.0,3.0,1605681.0
2024-05-23 20:00:00+00:00,3.0,3.0,3.0,3.0,745170.0
2024-05-24 00:00:00+00:00,3.0,3.0,3.0,3.0,2472985.0
2024-05-24 04:00:00+00:00,3.0,3.0,3.0,3.0,2709831.0
2024-05-24 08:00:00+00:00,3.0,3.0,3.0,3.0,1998497.0
2024-05-24 12:00:00+00:00,3.0,3.0,3.0,3.0,746250.0
2024-05-24 16:00:00+00:00,3.0,3.0,2.0,2.0,1442794.0
2024-05-24 20:00:00+00:00,2.0,3.0,2.0,3.0,1825092.0
2024-05-25 00:00:00+00:00,3.0,4.0,3.0,4.0,1272297.0
2024-05-25 04:00:00+00:00,4.0,4.0,3.0,3.0,2971897.0
2024-05-25 08:00:00+00:00,3.0,4.0,3.0,3.0,1261686.0
2024-05-25 12:00:00+00:00,3.0,3.0,3.0,3.0,292252.0
2024-05-25 16:00:00+00:00,3.0,4.0,3.0,4.0,1363921.0
2024-05-25 20:00:00+00:00,4.0,4.0,4.0,4.0,1089672.0
2024-05-26 00:00:00+00:00,4.0,5.0,4.0,5.0,1835038.0
2024-05-26 04:00:00+00:00,5.0,5.0,5.0,5.0,897513.0
2024-05-26 08:00:00+00:00,5.0,5.0,4.0,4.0,2034240.0
2024-05-26 12:00:00+00:00,4.0,4.0,3.0,3.0,2836145.0
2024-05-26 16:00:00+00:00,3.0,4.0,3.0,3.0,1530517.0
2024-05-26 20:00:00+00:00,3.0,3.0,3.0,3.0,856238.0
2024-05-27 00:00:00+00:00,3.0,4.0,3.0,4.0,1760269.0
2024-05-27 04:00:00+00:00,4.0,4.0,4.0,4.0,1244764.0
2024-05-27 08:00:00+00:00,4.0,4.0,4.0,4.0,737112.0
2024-05-27 12:00:00+00:00,4.0,4.0,4.0,4.0,1345252.0
2024-05-27 16:00:00+00:00,4.0,4.0,4.0,4.0,1921843.0
2024-05-27 20:00:00+00:00,4.0,6.0,4.0,6.0,4617128.0
2024-05-28 00:00:00+00:00,6.0,6.0,6.0,6.0,2320423.0
2024-05-28 04:00:00+00:00,6.0,6.0,5.0,5.0,865966.0
2024-05-28 08:00:00+00:00,5.0,6.0,5.0,6.0,2215358.0
2024-05-28 12:00:00+00:00,6.0,7.0,6.0,7.0,812392.0
2024-05-28 16:00:00+00:00,7.0,9.0,7.0,8.0,2593185.0
2024-05-28 20:00:00+00:00,8.0,9.0,8.0,9.0,975362.0
2024-05-29 00:00:00+00:00,9.0,9.0,8.0,9.0,696421.0
2024-05-29 04:00:00+00:00,9.0,9.0,9.0,9.0,1456079.0
2024-05-29 08:00:00+00:00,9.0,11.0,9.0,11.0,393556.0
2024-05-29 12:00:00+00:00,11.0,12.0,11.0,12.0,570495.0
2024-05-29 16:00:00+00:00,12.0,13.0,12.0,13.0,1123948.0
2024-05-29 20:00:00+00:00,13.0,15.0,13.0,15.0,1542249.0
2024-05-30 00:00:00+00:00,15.0,18.0,15.0,18.0,1268808.0
2024-05-30 04:00:00+00:00,18.0,22.0,18.0,22.0,736302.0
2024-05-30 08:00:00+00:00,22.0,24.0,21.0,24.0,858235.0
2024-05-30 12:00:00+00:00,24.0,24.0,23.0,23.0,1307606.0
2024-05-30 16:00:00+00:00,23.0,24.0,23.0,24.0,1425794.0
2024-05-30 20:00:00+00:00,24.0,28.0,24.0,28.0,1529266.0
2024-05-31 00:00:00+00:00,28.0,28.0,24.0,25.0,2438979.0
2024-05-31 04:00:00+00:00,25.0,26.0,24.0,26.0,1422024.0
2024-05-31 08:00:00+00:00,26.0,26.0,24.0,24.0,810068.0
2024-05-31 12:00:00+00:00,24.0,25.0,24.0,25.0,880253.0
2024-05-31 16:00:00+00:00,25.0,30.0,24.0,29.0,777131.0
2024-05-31 20:00:00+00:00,29.0,30.0,29.0,30.0,1028681.0
2024-06-01 00:00:00+00:00,30.0,31.0,30.0,30.0,1779917.0
2024-06-01 04:00:00+00:00,30.0,30.0,24.0,24.0,2260530.0
2024-06-01 08:00:00+00:00,24.0,27.0,24.0,27.0,2692346.0
2024-06-01 12:00:00+00:00,27.0,29.0,27.0,29.0,1108959.0
2024-06-01 16:00:00+00:00,29.0,40.0,28.0,39.0,3868038.0
2024-06-01 20:00:00+00:00,39.0,39.0,37.0,37.0,1033781.0
2024-06-02 00:00:00+00:00,37.0,39.0,36.0,38.0,2292573.0
2024-06-02 04:00:00+00:00,38.0,40.0,38.0,40.0,1099948.0
2024-06-02 08:00:00+00:00,40.0,50.0,39.0,49.0,2434919.0
2024-06-02 12:00:00+00:00,49.0,50.0,48.0,48.0,2180873.0
2024-06-02 16:00:00+00:00,48.0,51.0,48.0,50.0,1020823.0
2024-06-02 20:00:00+00:00,50.0,57.0,50.0,55.0,1420289.0
2024-06-03 00:00:00+00:00,55.0,58.0,54.0,57.0,2064519.0
2024-06-03 04:00:00+00:00,57.0,58.0,52.0,53.0,1123800.0
2024-06-03 08:00:00+00:00,53.0,55.0,52.0,54.0,561652.0
2024-06-03 12:00:00+00:00,54.0,63.0,54.0,63.0,4329902.0
2024-06-03 16:00:00+00:00,63.0,63.0,53.0,53.0,1156030.0
2024-06-03 20:00:00+00:00,53.0,56.0,52.0,54.0,1147217.0
2024-06-04 00:00:00+00:00,54.0,54.0,49.0,49.0,2342421.0
2024-06-04 04:00:00+00:00,49.0,58.0,48.0,57.0,1134269.0
2024-06-04 08:00:00+00:00,57.0,59.0,44.0,44.0,1018342.0
2024-06-04 12:00:00+00:00,44.0,45.0,40.0,41.0,1420962.0
2024-06-04 16:00:00+00:00,41.0,46.0,40.0,43.0,477178.0
2024-06-04 20:00:00+00:00,43.0,53.0,43.0,53.0,1475855.0
2024-06-05 00:00:00+00:00,53.0,53.0,52.0,52.0,1163917.0
2024-06-05 04:00:00+00:00,52.0,53.0,48.0,48.0,1089928.0
2024-06-05 08:00:00+00:00,48.0,62.0,48.0,62.0,853443.0
2024-06-05 12:00:00+00:00,62.0,62.0,48.0,48.0,3665235.0
2024-06-05 16:00:00+00:00,48.0,49.0,32.0,32.0,2095254.0
2024-06-05 20:00:00+00:00,32.0,35.0,32.0,35.0,2450211.0
2024-06-06 00:00:00+00:00,35.0,35.0,31.0,32.0,1076515.0
2024-06-06 04:00:00+00:00,32.0,32.0,27.0,27.0,940036.0
2024-06-06 08:00:00+00:00,27.0,30.0,27.0,30.0,1508701.0
2024-06-06 12:00:00+00:00,30.0,32.0,30.0,31.0,996182.0
2024-06-06 16:00:00+00:00,31.0,31.0,28.0,28.0,695827.0
2024-06-06 20:00:00+00:00,28.0,28.0,23.0,23.0,3286682.0
2024-06-07 00:00:00+00:00,23.0,26.0,23.0,26.0,1020240.0
2024-06-07 04:00:00+00:00,26.0,29.0,26.0,28.0,515055.0
2024-06-07 08:00:00+00:00,28.0,29.0,28.0,28.0,2029380.0
2024-06-07 12:00:00+00:00,28.0,36.0,27.0,36.0,1418572.0
2024-06-07 16:00:00+00:00,36.0,36.0,30.0,30.0,1093239.0
2024-06-07 20:00:00+00:00,30.0,30.0,23.0,23.0,697625.0
2024-06-08 00:00:00+00:00,23.0,23.0,21.0,21.0,3131440.0
2024-06-08 04:00:00+00:00,21.0,21.0,20.0,21.0,535531.0
2024-06-08 08:00:00+00:00,21.0,21.0,20.0,21.0,1141115.0
2024-06-08 12:00:00+00:00,21.0,22.0,20.0,21.0,1748938.0
2024-06-08 16:00:00+00:00,21.0,22.0,20.0,22.0,1430464.0
2024-06-08 20:00:00+00:00,22.0,22.0,17.0,18.0,1517158.0
2024-06-09 00:00:00+00:00,18.0,22.0,17.0,21.0,704563.0
2024-06-09 04:00:00+00:00,21.0,22.0,21.0,21.0,691651.0
2024-06-09 08:00:00+00:00,21.0,25.0,21.0,25.0,1646187.0
2024-06-09 12:00:00+00:00,25.0,26.0,25.0,26.0,778768.0
2024-06-09 16:00:00+00:00,26.0,28.0,26.0,28.0,1334720.0
2024-06-09 20:00:00+00:00,28.0,30.0,28.0,30.0,1766914.0
2024-06-10 00:00:00+00:00,30.0,32.0,30.0,32.0,1944341.0
2024-06-10 04:00:00+00:00,32.0,35.0,32.0,35.0,698426.0
2024-06-10 08:00:00+00:00,35.0,42.0,35.0,42.0,4793459.0
2024-06-10 12:00:00+00:00,42.0,45.0,42.0,43.0,1597811.0
2024-06-10 16:00:00+00:00,43.0,49.0,43.0,48.0,1318094.0
2024-06-10 20:00:00+00:00,48.0,50.0,47.0,47.0,1793530.0
2024-06-11 00:00:00+00:00,47.0,58.0,47.0,58.0,5362138.0
2024-06-11 04:00:00+00:00,58.0,58.0,51.0,52.0,635226.0
2024-06-11 08:00:00+00:00,52.0,66.0,51.0,66.0,1617742.0
2024-06-11 12:00:00+00:00,66.0,66.0,65.0,65.0,309905.0
2024-06-11 16:00:00+00:00,65.0,66.0,51.0,52.0,1800866.0
2024-06-11 20:00:00+00:00,52.0,53.0,51.0,52.0,1269879.0
2024-06-12 00:00:00+00:00,52.0,53.0,47.0,47.0,1279809.0
2024-06-12 04:00:00+00:00,47.0,54.0,46.0,53.0,993732.0
2024-06-12 08:00:00+00:00,53.0,53.0,48.0,48.0,464214.0
2024-06-12 12:00:00+00:00,48.0,49.0,44.0,45.0,1447137.0
2024-06-12 16:00:00+00:00,45.0,45.0,32.0,32.0,3830379.0
2024-06-12 20:00:00+00:00,32.0,32.0,30.0,30.0,895484.0
2024-06-13 00:00:00+00:00,30.0,30.0,19.0,19.0,2605092.0
2024-06-13 04:00:00+00:00,19.0,19.0,14.0,14.0,781870.0
2024-06-13 08:00:00+00:00,14.0,16.0,14.0,16.0,1687128.0
2024-06-13 12:00:00+00:00,16.0,18.0,16.0,18.0,1112043.0
2024-06-13 16:00:00+00:00,18.0,19.0,18.0,19.0,813908.0
2024-06-13 20:00:00+00:00,19.0,19.0,16.0,16.0,981162.0
2024-06-14 00:00:00+00:00,16.0,17.0,16.0,16.0,838876.0
2024-06-14 04:00:00+00:00,16.0,16.0,16.0,16.0,1212513.0
2024-06-14 08:00:00+00:00,16.0,16.0,13.0,14.0,782136.0
2024-06-14 12:00:00+00:00,14.0,17.0,13.0,17.0,1374690.0
2024-06-14 16:00:00+00:00,17.0,19.0,16.0,19.0,1366276.0
2024-06-14 20:00:00+00:00,19.0,19.0,17.0,18.0,634579.0
2024-06-15 00:00:00+00:00,18.0,18.0,18.0,18.0,2485370.0
2024-06-15 04:00:00+00:00,18.0,19.0,18.0,19.0,713004.0
2024-06-15 08:00:00+00:00,19.0,19.0,13.0,13.0,1367694.0
2024-06-15 12:00:00+00:00,13.0,13.0,12.0,13.0,681333.0
2024-06-15 16:00:00+00:00,13.0,13.0,11.0,11.0,3211989.0
2024-06-15 20:00:00+00:00,11.0,11.0,10.0,10.0,1912724.0
2024-06-16 00:00:00+00:00,10.0,10.0,9.0,9.0,705283.0
2024-06-16 04:00:00+00:00,9.0,12.0,9.0,12.0,3145080.0
2024-06-16 08:00:00+00:00,12.0,13.0,12.0,13.0,1424300.0
2024-06-16 12:00:00+00:00,13.0,13.0,12.0,12.0,1429680.0
2024-06-16 16:00:00+00:00,12.0,13.0,12.0,13.0,1058580.0
2024-06-16 20:00:00+00:00,13.0,16.0,13.0,15.0,1120319.0
2024-06-17 00:00:00+00:00,15.0,18.0,15.0,18.0,1676436.0
2024-06-17 04:00:00+00:00,18.0,18.0,17.0,18.0,781738.0
2024-06-17 08:00:00+00:00,18.0,18.0,16.0,16.0,3195103.0
2024-06-17 12:00:00+00:00,16.0,18.0,16.0,18.0,696569.0
2024-06-17 16:00:00+00:00,18.0,19.0,17.0,19.0,2536775.0
2024-06-17 20:00:00+00:00,19.0,22.0,19.0,21.0,1326629.0
2024-06-18 00:00:00+00:00,21.0,23.0,21.0,23.0,1492886.0
2024-06-18 04:00:00+00:00,23.0,27.0,23.0,27.0,2232633.0
2024-06-18 08:00:00+00:00,27.0,27.0,25.0,25.0,905709.0
2024-06-18 12:00:00+00:00,25.0,30.0,25.0,30.0,2453204.0
2024-06-18 16:00:00+00:00,30.0,31.0,30.0,30.0,281123.0
2024-06-18 20:00:00+00:00,30.0,40.0,30.0,40.0,1348914.0
2024-06-19 00:00:00+00:00,40.0,40.0,36.0,36.0,825683.0
2024-06-19 04:00:00+00:00,36.0,46.0,35.0,45.0,951463.0
2024-06-19 08:00:00+00:00,45.0,47.0,44.0,46.0,977607.0
2024-06-19 12:00:00+00:00,46.0,48.0,40.0,42.0,1568907.0
2024-06-19 16:00:00+00:00,42.0,42.0,39.0,39.0,1731206.0
2024-06-19 20:00:00+00:00,39.0,40.0,35.0,37.0,1291299.0
2024-06-20 00:00:00+00:00,37.0,40.0,37.0,39.0,853246.0
2024-06-20 04:00:00+00:00,39.0,43.0,39.0,42.0,1484752.0
2024-06-20 08:00:00+00:00,42.0,42.0,39.0,39.0,1339595.0
2024-06-20 12:00:00+00:00,39.0,39.0,39.0,39.0,1615541.0
2024-06-20 16:00:00+00:00,39.0,51.0,38.0,51.0,2875233.0
2024-06-20 20:00:00+00:00,51.0,64.0,51.0,64.0,1803857.0
2024-06-21 00:00:00+00:00,64.0,68.0,64.0,68.0,763330.0
2024-06-21 04:00:00+00:00,68.0,69.0,67.0,68.0,733163.0
2024-06-21 08:00:00+00:00,68.0,70.0,68.0,70.0,799451.0
2024-06-21 12:00:00+00:00,70.0,76.0,69.0,76.0,1085368.0
2024-06-21 16:00:00+00:00,76.0,76.0,64.0,64.0,1670815.0
2024-06-21 20:00:00+00:00,64.0,66.0,61.0,62.0,1596939.0
2024-06-22 00:00:00+00:00,62.0,63.0,45.0,46.0,1707705.0
2024-06-22 04:00:00+00:00,46.0,49.0,46.0,49.0,1188104.0
2024-06-22 08:00:00+00:00,49.0,54.0,49.0,54.0,1385951.0
2024-06-22 12:00:00+00:00,54.0,54.0,50.0,50.0,941521.0
2024-06-22 16:00:00+00:00,50.0,62.0,49.0,62.0,1074766.0
2024-06-22 20:00:00+00:00,62.0,62.0,50.0,50.0,645553.0
2024-06-23 00:00:00+00:00,50.0,50.0,39.0,39.0,1172782.0
2024-06-23 04:00:00+00:00,39.0,41.0,39.0,41.0,1393226.0
2024-06-23 08:00:00+00:00,41.0,47.0,40.0,47.0,1034294.0
2024-06-23 12:00:00+00:00,47.0,59.0,47.0,59.0,1559506.0
2024-06-23 16:00:00+00:00,59.0,60.0,54.0,55.0,1525144.0
2024-06-23 20:00:00+00:00,55.0,64.0,55.0,63.0,1925287.0
2024-06-24 00:00:00+00:00,63.0,64.0,63.0,63.0,593833.0
2024-06-24 04:00:00+00:00,63.0,64.0,60.0,61.0,1775037.0
2024-06-24 08:00:00+00:00,61.0,70.0,60.0,69.0,2446240.0
2024-06-24 12:00:00+00:00,69.0,77.0,69.0,76.0,734374.0
2024-06-24 16:00:00+00:00,76.0,77.0,58.0,58.0,1133301.0
2024-06-24 20:00:00+00:00,58.0,71.0,58.0,71.0,3016411.0
2024-06-25 00:00:00+00:00,71.0,87.0,68.0,86.0,1504754.0
2024-06-25 04:00:00+00:00,86.0,86.0,77.0,78.0,422928.0
2024-06-25 08:00:00+00:00,78.0,84.0,75.0,82.0,584282.0
2024-06-25 12:00:00+00:00,82.0,90.0,82.0,88.0,1077503.0
2024-06-25 16:00:00+00:00,88.0,92.0,87.0,92.0,623644.0
2024-06-25 20:00:00+00:00,92.0,92.0,84.0,84.0,1016096.0
2024-06-26 00:00:00+00:00,84.0,84.0,75.0,75.0,1325335.0
2024-06-26 04:00:00+00:00,75.0,76.0,75.0,75.0,2105123.0
2024-06-26 08:00:00+00:00,75.0,88.0,75.0,88.0,1313356.0
2024-06-26 12:00:00+00:00,88.0,97.0,87.0,95.0,2124604.0
2024-06-26 16:00:00+00:00,95.0,98.0,86.0,90.0,2387531.0
2024-06-26 20:00:00+00:00,90.0,101.0,89.0,100.0,2756042.0
2024-06-27 00:00:00+00:00,100.0,102.0,57.0,57.0,2633247.0
2024-06-27 04:00:00+00:00,57.0,67.0,57.0,67.0,567650.0
2024-06-27 08:00:00+00:00,67.0,67.0,49.0,50.0,2247363.0
2024-06-27 12:00:00+00:00,50.0,50.0,47.0,47.0,1968006.0
2024-06-27 16:00:00+00:00,47.0,47.0,39.0,39.0,1446070.0
2024-06-27 20:00:00+00:00,39.0,40.0,31.0,31.0,3791128.0
2024-06-28 00:00:00+00:00,31.0,37.0,31.0,37.0,2336896.0
2024-06-28 04:00:00+00:00,37.0,37.0,34.0,34.0,1611020.0
2024-06-28 08:00:00+00:00,34.0,36.0,34.0,36.0,1986290.0
2024-06-28 12:00:00+00:00,36.0,36.0,35.0,36.0,1208832.0
2024-06-28 16:00:00+00:00,36.0,38.0,35.0,38.0,347937.0
2024-06-28 20:00:00+00:00,38.0,39.0,37.0,39.0,804396.0
2024-06-29 00:00:00+00:00,39.0,39.0,31.0,31.0,2864038.0
2024-06-29 04:00:00+00:00,31.0,36.0,31.0,36.0,965709.0
2024-06-29 08:00:00+00:00,36.0,36.0,33.0,33.0,1094933.0
2024-06-29 12:00:00+00:00,33.0,33.0,25.0,25.0,1009818.0
2024-06-29 16:00:00+00:00,25.0,25.0,24.0,24.0,2915334.0
2024-06-29 20:00:00+00:00,24.0,29.0,24.0,29.0,3878484.0
2024-06-30 00:00:00+00:00,29.0,33.0,29.0,33.0,887300.0
2024-06-30 04:00:00+00:00,33.0,33.0,31.0,31.0,1247704.0
2024-06-30 08:00:00+00:00,31.0,31.0,29.0,29.0,825017.0
2024-06-30 12:00:00+00:00,29.0,29.0,28.0,28.0,1559853.0
2024-06-30 16:00:00+00:00,28.0,37.0,28.0,37.0,2493170.0
2024-06-30 20:00:00+00:00,37.0,39.0,37.0,39.0,1755136.0
2024-07-01 00:00:00+00:00,39.0,41.0,39.0,41.0,1406341.0
2024-07-01 04:00:00+00:00,41.0,48.0,40.0,47.0,6341362.0
2024-07-01 08:00:00+00:00,47.0,49.0,47.0,49.0,661057.0
2024-07-01 12:00:00+00:00,49.0,49.0,47.0,47.0,475663.0
2024-07-01 16:00:00+00:00,47.0,47.0,46.0,46.0,895986.0
2024-07-01 20:00:00+00:00,46.0,47.0,44.0,45.0,472305.0
2024-07-02 00:00:00+00:00,45.0,46.0,45.0,45.0,483072.0
2024-07-02 04:00:00+00:00,45.0,50.0,45.0,50.0,799261.0
2024-07-02 08:00:00+00:00,50.0,50.0,49.0,50.0,643943.0
2024-07-02 12:00:00+00:00,50.0,56.0,50.0,55.0,821196.0
2024-07-02 16:00:00+00:00,55.0,58.0,54.0,55.0,1345677.0
2024-07-02 20:00:00+00:00,55.0,56.0,55.0,55.0,801954.0
2024-07-03 00:00:00+00:00,55.0,57.0,38.0,39.0,1724780.0
2024-07-03 04:00:00+00:00,39.0,46.0,39.0,44.0,2205252.0
2024-07-03 08:00:00+00:00,44.0,48.0,43.0,47.0,786532.0
2024-07-03 12:00:00+00:00,47.0,54.0,46.0,54.0,1267697.0
2024-07-03 16:00:00+00:00,54.0,54.0,30.0,30.0,2768063.0
2024-07-03 20:00:00+00:00,30.0,40.0,30.0,40.0,733961.0
2024-07-04 00:00:00+00:00,40.0,40.0,38.0,39.0,323172.0
2024-07-04 04:00:00+00:00,39.0,45.0,38.0,45.0,1778047.0
2024-07-04 08:00:00+00:00,45.0,46.0,38.0,38.0,1880008.0
2024-07-04 12:00:00+00:00,38.0,42.0,38.0,42.0,3575295.0
2024-07-04 16:00:00+00:00,42.0,42.0,35.0,35.0,1597465.0
2024-07-04 20:00:00+00:00,35.0,36.0,31.0,32.0,1932530.0
2024-07-05 00:00:00+00:00,32.0,41.0,32.0,41.0,1686213.0
2024-07-05 04:00:00+00:00,41.0,42.0,39.0,40.0,1262047.0
2024-07-05 08:00:00+00:00,40.0,41.0,39.0,41.0,2522414.0
2024-07-05 12:00:00+00:00,41.0,48.0,41.0,46.0,480482.0
2024-07-05 16:00:00+00:00,46.0,50.0,46.0,50.0,1501730.0
2024-07-05 20:00:00+00:00,50.0,51.0,49.0,51.0,3100437.0
2024-07-06 00:00:00+00:00,51.0,55.0,50.0,53.0,1338046.0
2024-07-06 04:00:00+00:00,53.0,73.0,53.0,73.0,4747040.0
2024-07-06 08:00:00+00:00,73.0,75.0,71.0,72.0,750312.0
2024-07-06 12:00:00+00:00,72.0,74.0,71.0,74.0,1070489.0
2024-07-06 16:00:00+00:00,74.0,87.0,74.0,86.0,1492995.0
2024-07-06 20:00:00+00:00,86.0,100.0,85.0,100.0,493541.0
2024-07-07 00:00:00+00:00,100.0,119.0,99.0,118.0,854532.0
2024-07-07 04:00:00+00:00,118.0,129.0,117.0,129.0,742986.0
2024-07-07 08:00:00+00:00,129.0,129.0,107.0,107.0,2286667.0
2024-07-07 12:00:00+00:00,107.0,133.0,106.0,133.0,2680992.0
2024-07-07 16:00:00+00:00,133.0,133.0,110.0,110.0,1784315.0
2024-07-07 20:00:00+00:00,110.0,117.0,104.0,115.0,1713211.0
2024-07-08 00:00:00+00:00,115.0,120.0,100.0,102.0,1235276.0
2024-07-08 04:00:00+00:00,102.0,102.0,100.0,101.0,1879229.0
2024-07-08 08:00:00+00:00,101.0,107.0,99.0,106.0,1150062.0
2024-07-08 12:00:00+00:00,106.0,111.0,105.0,111.0,1176743.0
2024-07-08 16:00:00+00:00,111.0,119.0,110.0,117.0,1040674.0
2024-07-08 20:00:00+00:00,117.0,147.0,115.0,146.0,2428657.0
2024-07-09 00:00:00+00:00,146.0,158.0,139.0,156.0,974349.0
2024-07-09 04:00:00+00:00,156.0,157.0,149.0,150.0,1810559.0
2024-07-09 08:00:00+00:00,150.0,173.0,147.0,172.0,813337.0
2024-07-09 12:00:00+00:00,172.0,203.0,171.0,202.0,885530.0
2024-07-09 16:00:00+00:00,202.0,214.0,159.0,165.0,2190903.0
2024-07-09 20:00:00+00:00,165.0,180.0,165.0,180.0,1212746.0
2024-07-10 00:00:00+00:00,180.0,200.0,178.0,198.0,1047506.0
2024-07-10 04:00:00+00:00,198.0,199.0,186.0,189.0,1771255.0
2024-07-10 08:00:00+00:00,189.0,232.0,188.0,228.0,1194278.0
2024-07-10 12:00:00+00:00,228.0,229.0,223.0,223.0,966806.0
2024-07-10 16:00:00+00:00,223.0,237.0,220.0,227.0,2124475.0
2024-07-10 20:00:00+00:00,227.0,228.0,221.0,221.0,2328219.0
2024-07-11 00:00:00+00:00,221.0,225.0,221.0,222.0,2208212.0
2024-07-11 04:00:00+00:00,222.0,222.0,185.0,186.0,1289669.0
2024-07-11 08:00:00+00:00,186.0,186.0,145.0,146.0,3051058.0
2024-07-11 12:00:00+00:00,146.0,182.0,144.0,181.0,1068106.0
2024-07-11 16:00:00+00:00,181.0,182.0,157.0,158.0,878167.0
2024-07-11 20:00:00+00:00,158.0,158.0,134.0,134.0,446749.0
2024-07-12 00:00:00+00:00,134.0,134.0,91.0,91.0,4546631.0
2024-07-12 04:00:00+00:00,91.0,91.0,82.0,82.0,836399.0
2024-07-12 08:00:00+00:00,82.0,83.0,65.0,66.0,1498298.0
2024-07-12 12:00:00+00:00,66.0,83.0,64.0,82.0,1102600.0
2024-07-12 16:00:00+00:00,82.0,94.0,82.0,94.0,2057926.0
2024-07-12 20:00:00+00:00,94.0,95.0,84.0,85.0,1085978.0
2024-07-13 00:00:00+00:00,85.0,113.0,84.0,113.0,1048315.0
2024-07-13 04:00:00+00:00,113.0,130.0,113.0,130.0,1797283.0
2024-07-13 08:00:00+00:00,130.0,131.0,122.0,123.0,559956.0
2024-07-13 12:00:00+00:00,123.0,124.0,76.0,77.0,1398252.0
2024-07-13 16:00:00+00:00,77.0,104.0,77.0,104.0,708054.0
2024-07-13 20:00:00+00:00,104.0,104.0,82.0,82.0,797764.0
2024-07-14 00:00:00+00:00,82.0,82.0,62.0,62.0,1903513.0
2024-07-14 04:00:00+00:00,62.0,73.0,61.0,71.0,546580.0
2024-07-14 08:00:00+00:00,71.0,102.0,70.0,97.0,1000124.0
2024-07-14 12:00:00+00:00,97.0,117.0,97.0,117.0,1620530.0
2024-07-14 16:00:00+00:00,117.0,127.0,117.0,127.0,955023.0
2024-07-14 20:00:00+00:00,127.0,143.0,126.0,139.0,3430926.0
2024-07-15 00:00:00+00:00,139.0,160.0,135.0,156.0,3461317.0
2024-07-15 04:00:00+00:00,156.0,175.0,155.0,174.0,868958.0
2024-07-15 08:00:00+00:00,174.0,182.0,174.0,181.0,1487908.0
2024-07-15 12:00:00+00:00,181.0,184.0,181.0,184.0,1522126.0
2024-07-15 16:00:00+00:00,184.0,186.0,181.0,183.0,762780.0
2024-07-15 20:00:00+00:00,183.0,183.0,161.0,162.0,631680.0
2024-07-16 00:00:00+00:00,162.0,162.0,155.0,155.0,1119732.0
2024-07-16 04:00:00+00:00,155.0,157.0,115.0,116.0,1616258.0
2024-07-16 08:00:00+00:00,116.0,116.0,114.0,114.0,840060.0
2024-07-16 12:00:00+00:00,114.0,117.0,97.0,97.0,1799123.0
2024-07-16 16:00:00+00:00,97.0,98.0,81.0,81.0,1028433.0
2024-07-16 20:00:00+00:00,81.0,83.0,81.0,83.0,607491.0
2024-07-17 00:00:00+00:00,83.0,102.0,83.0,101.0,1717281.0
2024-07-17 04:00:00+00:00,101.0,115.0,100.0,115.0,1713748.0
2024-07-17 08:00:00+00:00,115.0,121.0,86.0,88.0,947818.0
2024-07-17 12:00:00+00:00,88.0,88.0,74.0,75.0,2299200.0
2024-07-17 16:00:00+00:00,75.0,86.0,74.0,85.0,587191.0
2024-07-17 20:00:00+00:00,85.0,86.0,72.0,73.0,1080287.0
2024-07-18 00:00:00+00:00,73.0,73.0,70.0,70.0,968033.0
2024-07-18 04:00:00+00:00,70.0,78.0,69.0,76.0,907427.0
2024-07-18 08:00:00+00:00,76.0,76.0,65.0,65.0,1082556.0
2024-07-18 12:00:00+00:00,65.0,66.0,64.0,66.0,2668838.0
2024-07-18 16:00:00+00:00,66.0,66.0,53.0,53.0,1043500.0
2024-07-18 20:00:00+00:00,53.0,53.0,48.0,48.0,4307229.0
2024-07-19 00:00:00+00:00,48.0,52.0,48.0,50.0,1423054.0
2024-07-19 04:00:00+00:00,50.0,51.0,38.0,38.0,1797960.0
2024-07-19 08:00:00+00:00,38.0,41.0,38.0,41.0,1520070.0
2024-07-19 12:00:00+00:00,41.0,41.0,41.0,41.0,3575112.0
2024-07-19 16:00:00+00:00,41.0,45.0,40.0,44.0,757395.0
2024-07-19 20:00:00+00:00,44.0,47.0,43.0,45.0,628495.0
2024-07-20 00:00:00+00:00,45.0,55.0,45.0,55.0,1106327.0
2024-07-20 04:00:00+00:00,55.0,56.0,55.0,56.0,1073211.0
2024-07-20 08:00:00+00:00,56.0,56.0,52.0,52.0,503241.0
2024-07-20 12:00:00+00:00,52.0,55.0,51.0,53.0,1066621.0
2024-07-20 16:00:00+00:00,53.0,58.0,53.0,58.0,2899091.0
2024-07-20 20:00:00+00:00,58.0,58.0,57.0,58.0,1102065.0
2024-07-21 00:00:00+00:00,58.0,59.0,57.0,58.0,879213.0
2024-07-21 04:00:00+00:00,58.0,58.0,52.0,52.0,960955.0
2024-07-21 08:00:00+00:00,52.0,53.0,47.0,47.0,2035094.0
2024-07-21 12:00:00+00:00,47.0,47.0,37.0,37.0,1079575.0
2024-07-21 16:00:00+00:00,37.0,47.0,37.0,47.0,4498464.0
2024-07-21 20:00:00+00:00,47.0,47.0,38.0,38.0,4101703.0
2024-07-22 00:00:00+00:00,38.0,39.0,34.0,34.0,1491871.0
2024-07-22 04:00:00+00:00,34.0,34.0,30.0,30.0,1316021.0
2024-07-22 08:00:00+00:00,30.0,35.0,30.0,35.0,2347834.0
2024-07-22 12:00:00+00:00,35.0,35.0,32.0,33.0,1958819.0
2024-07-22 16:00:00+00:00,33.0,40.0,32.0,39.0,1043318.0
2024-07-22 20:00:00+00:00,39.0,39.0,35.0,35.0,1001736.0
2024-07-23 00:00:00+00:00,35.0,37.0,35.0,37.0,580859.0
2024-07-23 04:00:00+00:00,37.0,37.0,32.0,32.0,1688657.0
2024-07-23 08:00:00+00:00,32.0,43.0,32.0,42.0,2742199.0
2024-07-23 12:00:00+00:00,42.0,43.0,35.0,35.0,781501.0
2024-07-23 16:00:00+00:00,35.0,37.0,35.0,37.0,907141.0
2024-07-23 20:00:00+00:00,37.0,40.0,36.0,40.0,655043.0
2024-07-24 00:00:00+00:00,40.0,42.0,40.0,42.0,756527.0
2024-07-24 04:00:00+00:00,42.0,43.0,41.0,41.0,1427635.0
2024-07-24 08:00:00+00:00,41.0,42.0,40.0,40.0,733800.0
2024-07-24 12:00:00+00:00,40.0,41.0,40.0,41.0,876839.0
2024-07-24 16:00:00+00:00,41.0,41.0,40.0,40.0,472321.0
2024-07-24 20:00:00+00:00,40.0,46.0,40.0,45.0,1566460.0
2024-07-25 00:00:00+00:00,45.0,62.0,45.0,61.0,1950561.0
2024-07-25 04:00:00+00:00,61.0,62.0,54.0,55.0,869167.0
2024-07-25 08:00:00+00:00,55.0,56.0,44.0,44.0,1471131.0
2024-07-25 12:00:00+00:00,44.0,44.0,43.0,43.0,1138405.0
2024-07-25 16:00:00+00:00,43.0,60.0,43.0,60.0,1431417.0
2024-07-25 20:00:00+00:00,60.0,60.0,53.0,53.0,651148.0
2024-07-26 00:00:00+00:00,53.0,67.0,52.0,66.0,4284333.0
2024-07-26 04:00:00+00:00,66.0,84.0,65.0,82.0,1278238.0
2024-07-26 08:00:00+00:00,82.0,83.0,74.0,76.0,1190681.0
2024-07-26 12:00:00+00:00,76.0,83.0,74.0,82.0,2081131.0
2024-07-26 16:00:00+00:00,82.0,103.0,82.0,102.0,10113849.0
2024-07-26 20:00:00+00:00,102.0,102.0,96.0,96.0,628638.0
2024-07-27 00:00:00+00:00,96.0,98.0,92.0,93.0,1367704.0
2024-07-27 04:00:00+00:00,93.0,94.0,85.0,85.0,886231.0
2024-07-27 08:00:00+00:00,85.0,86.0,71.0,72.0,1113122.0
2024-07-27 12:00:00+00:00,72.0,72.0,65.0,65.0,901866.0
2024-07-27 16:00:00+00:00,65.0,65.0,53.0,53.0,883678.0
2024-07-27 20:00:00+00:00,53.0,56.0,51.0,53.0,993961.0
2024-07-28 00:00:00+00:00,53.0,54.0,47.0,47.0,642284.0
2024-07-28 04:00:00+00:00,47.0,51.0,45.0,49.0,1773307.0
2024-07-28 08:00:00+00:00,49.0,52.0,37.0,38.0,1748228.0
2024-07-28 12:00:00+00:00,38.0,40.0,37.0,39.0,1418289.0
2024-07-28 16:00:00+00:00,39.0,45.0,39.0,44.0,1088660.0
2024-07-28 20:00:00+00:00,44.0,45.0,31.0,31.0,1579505.0
2024-07-29 00:00:00+00:00,31.0,33.0,30.0,33.0,1348232.0
2024-07-29 04:00:00+00:00,33.0,39.0,33.0,39.0,867091.0
2024-07-29 08:00:00+00:00,39.0,39.0,32.0,32.0,1291781.0
2024-07-29 12:00:00+00:00,32.0,40.0,32.0,40.0,1139918.0
2024-07-29 16:00:00+00:00,40.0,42.0,40.0,42.0,761027.0
2024-07-29 20:00:00+00:00,42.0,42.0,37.0,38.0,458919.0
2024-07-30 00:00:00+00:00,38.0,38.0,37.0,37.0,2003851.0
2024-07-30 04:00:00+00:00,37.0,41.0,37.0,40.0,885294.0
2024-07-30 08:00:00+00:00,40.0,41.0,39.0,41.0,1849127.0
2024-07-30 12:00:00+00:00,41.0,44.0,41.0,44.0,2115258.0
2024-07-30 16:00:00+00:00,44.0,45.0,37.0,38.0,743839.0
2024-07-30 20:00:00+00:00,38.0,40.0,38.0,39.0,624179.0
2024-07-31 00:00:00+00:00,39.0,40.0,30.0,31.0,5888333.0
2024-07-31 04:00:00+00:00,31.0,31.0,30.0,30.0,2521509.0
2024-07-31 08:00:00+00:00,30.0,31.0,26.0,26.0,1383158.0
2024-07-31 12:00:00+00:00,26.0,26.0,23.0,23.0,1514415.0
2024-07-31 16:00:00+00:00,23.0,28.0,23.0,28.0,1134848.0
2024-07-31 20:00:00+00:00,28.0,32.0,28.0,32.0,1850258.0
2024-08-01 00:00:00+00:00,32.0,36.0,31.0,35.0,889808.0
2024-08-01 04:00:00+00:00,35.0,38.0,29.0,29.0,540085.0
2024-08-01 08:00:00+00:00,29.0,29.0,28.0,28.0,590236.0
2024-08-01 12:00:00+00:00,28.0,33.0,28.0,33.0,1561806.0
2024-08-01 16:00:00+00:00,33.0,34.0,33.0,34.0,604024.0
2024-08-01 20:00:00+00:00,34.0,46.0,34.0,45.0,1973051.0
2024-08-02 00:00:00+00:00,45.0,49.0,45.0,48.0,687479.0
2024-08-02 04:00:00+00:00,48.0,49.0,48.0,49.0,734435.0
2024-08-02 08:00:00+00:00,49.0,49.0,47.0,47.0,1745700.0
2024-08-02 12:00:00+00:00,47.0,49.0,45.0,48.0,1199327.0
2024-08-02 16:00:00+00:00,48.0,48.0,46.0,47.0,1063562.0
2024-08-02 20:00:00+00:00,47.0,53.0,46.0,52.0,2043814.0
2024-08-03 00:00:00+00:00,52.0,60.0,52.0,59.0,1818729.0
2024-08-03 04:00:00+00:00,59.0,60.0,51.0,52.0,2790763.0
2024-08-03 08:00:00+00:00,52.0,53.0,42.0,42.0,1270783.0
2024-08-03 12:00:00+00:00,42.0,42.0,30.0,30.0,1473422.0
2024-08-03 16:00:00+00:00,30.0,33.0,30.0,33.0,640930.0
2024-08-03 20:00:00+00:00,33.0,33.0,27.0,27.0,1207746.0
2024-08-04 00:00:00+00:00,27.0,27.0,18.0,18.0,3189541.0
2024-08-04 04:00:00+00:00,18.0,20.0,18.0,20.0,2250279.0
2024-08-04 08:00:00+00:00,20.0,27.0,19.0,27.0,3429469.0
2024-08-04 12:00:00+00:00,27.0,27.0,27.0,27.0,408885.0
2024-08-04 16:00:00+00:00,27.0,31.0,27.0,30.0,2356777.0
2024-08-04 20:00:00+00:00,30.0,30.0,30.0,30.0,413506.0
2024-08-05 00:00:00+00:00,30.0,31.0,30.0,30.0,1635897.0
2024-08-05 04:00:00+00:00,30.0,35.0,30.0,34.0,1171358.0
2024-08-05 08:00:00+00:00,34.0,34.0,33.0,33.0,1606307.0
2024-08-05 12:00:00+00:00,33.0,34.0,33.0,34.0,575523.0
2024-08-05 16:00:00+00:00,34.0,36.0,34.0,36.0,2056359.0
2024-08-05 20:00:00+00:00,36.0,36.0,32.0,32.0,625132.0
2024-08-06 00:00:00+00:00,32.0,37.0,31.0,37.0,1035654.0
2024-08-06 04:00:00+00:00,37.0,37.0,36.0,36.0,654738.0
2024-08-06 08:00:00+00:00,36.0,36.0,31.0,32.0,557304.0
2024-08-06 12:00:00+00:00,32.0,34.0,32.0,34.0,1301879.0
2024-08-06 16:00:00+00:00,34.0,34.0,29.0,30.0,3463628.0
2024-08-06 20:00:00+00:00,30.0,30.0,29.0,30.0,3843833.0
2024-08-07 00:00:00+00:00,30.0,30.0,30.0,30.0,1053546.0
2024-08-07 04:00:00+00:00,30.0,35.0,30.0,34.0,2579147.0
2024-08-07 08:00:00+00:00,34.0,37.0,34.0,37.0,1363544.0
2024-08-07 12:00:00+00:00,37.0,37.0,37.0,37.0,1297034.0
2024-08-07 16:00:00+00:00,37.0,41.0,37.0,41.0,1148967.0
2024-08-07 20:00:00+00:00,41.0,50.0,41.0,50.0,1792848.0
2024-08-08 00:00:00+00:00,50.0,55.0,50.0,54.0,1637607.0
2024-08-08 04:00:00+00:00,54.0,55.0,54.0,54.0,752864.0
2024-08-08 08:00:00+00:00,54.0,54.0,43.0,44.0,1520374.0
2024-08-08 12:00:00+00:00,44.0,44.0,37.0,37.0,1435941.0
2024-08-08 16:00:00+00:00,37.0,37.0,35.0,35.0,1718026.0
2024-08-08 20:00:00+00:00,35.0,35.0,31.0,32.0,747282.0
2024-08-09 00:00:00+00:00,32.0,33.0,30.0,31.0,1055676.0
2024-08-09 04:00:00+00:00,31.0,31.0,31.0,31.0,2670032.0
2024-08-09 08:00:00+00:00,31.0,34.0,30.0,34.0,2213398.0
2024-08-09 12:00:00+00:00,34.0,34.0,33.0,33.0,2023522.0
2024-08-09 16:00:00+00:00,33.0,36.0,33.0,36.0,1232788.0
2024-08-09 20:00:00+00:00,36.0,36.0,36.0,36.0,1209435.0
2024-08-10 00:00:00+00:00,36.0,36.0,26.0,26.0,3101361.0
2024-08-10 04:00:00+00:00,26.0,26.0,22.0,22.0,3101455.0
2024-08-10 08:00:00+00:00,22.0,22.0,21.0,22.0,400878.0
2024-08-10 12:00:00+00:00,22.0,22.0,18.0,18.0,798680.0
2024-08-10 16:00:00+00:00,18.0,20.0,17.0,19.0,2446619.0
2024-08-10 20:00:00+00:00,19.0,24.0,19.0,24.0,1471619.0
2024-08-11 00:00:00+00:00,24.0,28.0,24.0,28.0,1107659.0
2024-08-11 04:00:00+00:00,28.0,28.0,27.0,27.0,584725.0
2024-08-11 08:00:00+00:00,27.0,33.0,27.0,33.0,1266993.0
2024-08-11 12:00:00+00:00,33.0,34.0,33.0,34.0,529889.0
2024-08-11 16:00:00+00:00,34.0,34.0,32.0,32.0,3271703.0
2024-08-11 20:00:00+00:00,32.0,33.0,29.0,29.0,1260320.0
2024-08-12 00:00:00+00:00,29.0,30.0,28.0,28.0,1102184.0
2024-08-12 04:00:00+00:00,28.0,28.0,26.0,26.0,1574140.0
2024-08-12 08:00:00+00:00,26.0,27.0,26.0,27.0,1744612.0
2024-08-12 12:00:00+00:00,27.0,28.0,26.0,28.0,1723255.0
2024-08-12 16:00:00+00:00,28.0,28.0,28.0,28.0,1715696.0
2024-08-12 20:00:00+00:00,28.0,30.0,28.0,30.0,871806.0
2024-08-13 00:00:00+00:00,30.0,35.0,29.0,35.0,1324740.0
2024-08-13 04:00:00+00:00,35.0,40.0,35.0,40.0,2099096.0
2024-08-13 08:00:00+00:00,40.0,40.0,31.0,31.0,1280184.0
2024-08-13 12:00:00+00:00,31.0,31.0,19.0,19.0,2142014.0
2024-08-13 16:00:00+00:00,19.0,22.0,19.0,22.0,1736057.0
2024-08-13 20:00:00+00:00,22.0,22.0,17.0,17.0,2388960.0
2024-08-14 00:00:00+00:00,17.0,17.0,16.0,17.0,451958.0
2024-08-14 04:00:00+00:00,17.0,17.0,14.0,14.0,2179643.0
2024-08-14 08:00:00+00:00,14.0,14.0,10.0,10.0,1609486.0
2024-08-14 12:00:00+00:00,10.0,11.0,10.0,11.0,1774143.0
2024-08-14 16:00:00+00:00,11.0,12.0,11.0,12.0,1981348.0
2024-08-14 20:00:00+00:00,12.0,12.0,11.0,11.0,2809684.0
2024-08-15 00:00:00+00:00,11.0,11.0,7.0,7.0,4257529.0
2024-08-15 04:00:00+00:00,7.0,7.0,6.0,6.0,2438745.0
2024-08-15 08:00:00+00:00,6.0,7.0,6.0,7.0,2425194.0
2024-08-15 12:00:00+00:00,7.0,7.0,5.0,5.0,1924402.0
2024-08-15 16:00:00+00:00,5.0,5.0,5.0,5.0,1102127.0
2024-08-15 20:00:00+00:00,5.0,5.0,5.0,5.0,1554654.0
2024-08-16 00:00:00+00:00,5.0,6.0,5.0,6.0,1815009.0
2024-08-16 04:00:00+00:00,6.0,6.0,6.0,6.0,904683.0
2024-08-16 08:00:00+00:00,6.0,6.0,5.0,5.0,1755664.0
2024-08-16 12:00:00+00:00,5.0,6.0,5.0,6.0,1513734.0
2024-08-16 16:00:00+00:00,6.0,6.0,6.0,6.0,697674.0
2024-08-16 20:00:00+00:00,6.0,6.0,6.0,6.0,1925838.0
2024-08-17 00:00:00+00:00,6.0,6.0,5.0,5.0,1450866.0
2024-08-17 04:00:00+00:00,5.0,5.0,5.0,5.0,3335049.0
2024-08-17 08:00:00+00:00,5.0,5.0,4.0,4.0,619344.0
2024-08-17 12:00:00+00:00,4.0,4.0,4.0,4.0,814321.0
2024-08-17 16:00:00+00:00,4.0,5.0,4.0,5.0,1801540.0
2024-08-17 20:00:00+00:00,5.0,5.0,4.0,4.0,2852447.0
2024-08-18 00:00:00+00:00,4.0,4.0,3.0,3.0,2105130.0
2024-08-18 04:00:00+00:00,3.0,4.0,3.0,4.0,1943601.0
2024-08-18 08:00:00+00:00,4.0,4.0,4.0,4.0,621549.0
2024-08-18 12:00:00+00:00,4.0,4.0,3.0,3.0,728408.0
2024-08-18 16:00:00+00:00,3.0,4.0,3.0,4.0,1727292.0
2024-08-18 20:00:00+00:00,4.0,4.0,3.0,3.0,642301.0
2024-08-19 00:00:00+00:00,3.0,4.0,3.0,4.0,1397914.0
2024-08-19 04:00:00+00:00,4.0,5.0,4.0,5.0,1679187.0
2024-08-19 08:00:00+00:00,5.0,5.0,4.0,4.0,744995.0
2024-08-19 12:00:00+00:00,4.0,6.0,4.0,6.0,4402453.0
2024-08-19 16:00:00+00:00,6.0,6.0,5.0,5.0,2342894.0
2024-08-19 20:00:00+00:00,5.0,6.0,5.0,6.0,608941.0
2024-08-20 00:00:00+00:00,6.0,6.0,6.0,6.0,713169.0
2024-08-20 04:00:00+00:00,6.0,7.0,6.0,7.0,506348.0
2024-08-20 08:00:00+00:00,7.0,9.0,7.0,9.0,1152683.0
2024-08-20 12:00:00+00:00,9.0,9.0,9.0,9.0,1491031.0
2024-08-20 16:00:00+00:00,9.0,9.0,8.0,8.0,1083513.0
2024-08-20 20:00:00+00:00,8.0,9.0,8.0,9.0,1522209.0
2024-08-21 00:00:00+00:00,9.0,9.0,8.0,8.0,608663.0
2024-08-21 04:00:00+00:00,8.0,10.0,8.0,10.0,2843477.0
2024-08-21 08:00:00+00:00,10.0,10.0,10.0,10.0,805645.0
2024-08-21 12:00:00+00:00,10.0,10.0,10.0,10.0,1169150.0
2024-08-21 16:00:00+00:00,10.0,10.0,10.0,10.0,1035768.0
2024-08-21 20:00:00+00:00,10.0,10.0,8.0,8.0,849534.0
2024-08-22 00:00:00+00:00,8.0,8.0,7.0,7.0,806445.0
2024-08-22 04:00:00+00:00,7.0,8.0,7.0,8.0,2501755.0
2024-08-22 08:00:00+00:00,8.0,8.0,7.0,7.0,1579437.0
2024-08-22 12:00:00+00:00,7.0,7.0,6.0,6.0,2483875.0
2024-08-22 16:00:00+00:00,6.0,7.0,6.0,7.0,1462392.0
2024-08-22 20:00:00+00:00,7.0,8.0,7.0,8.0,1649108.0
2024-08-23 00:00:00+00:00,8.0,9.0,8.0,9.0,559117.0
2024-08-23 04:00:00+00:00,9.0,10.0,9.0,10.0,1266595.0
2024-08-23 08:00:00+00:00,10.0,10.0,9.0,9.0,1320664.0
2024-08-23 12:00:00+00:00,9.0,9.0,7.0,7.0,4349767.0
2024-08-23 16:00:00+00:00,7.0,7.0,6.0,6.0,29079753.0
2024-08-23 20:00:00+00:00,9.0,9.0,6.0,6.0,30314240.0
2024-08-24 00:00:00+00:00,8.0,8.0,7.0,7.0,18424820.0
2024-08-24 04:00:00+00:00,8.0,9.0,8.0,8.0,13781133.0
2024-08-24 08:00:00+00:00,9.0,10.0,9.0,9.0,16323339.0
2024-08-24 12:00:00+00:00,10.0,11.0,10.0,10.0,16699663.0
2024-08-24 16:00:00+00:00,11.0,15.0,11.0,14.0,1235366.0
2024-08-24 20:00:00+00:00,14.0,14.0,13.0,13.0,1062885.0
2024-08-25 00:00:00+00:00,13.0,15.0,13.0,15.0,1280241.0
2024-08-25 04:00:00+00:00,15.0,15.0,14.0,15.0,2292225.0
2024-08-25 08:00:00+00:00,15.0,16.0,15.0,16.0,396066.0
2024-08-25 12:00:00+00:00,16.0,19.0,16.0,19.0,3086849.0
2024-08-25 16:00:00+00:00,19.0,21.0,19.0,21.0,769902.0
2024-08-25 20:00:00+00:00,21.0,23.0,21.0,22.0,626210.0
2024-08-26 00:00:00+00:00,22.0,26.0,22.0,26.0,2676895.0
2024-08-26 04:00:00+00:00,26.0,26.0,25.0,25.0,1676856.0
2024-08-26 08:00:00+00:00,25.0,25.0,21.0,21.0,2577278.0
2024-08-26 12:00:00+00:00,21.0,22.0,18.0,18.0,2192184.0
2024-08-26 16:00:00+00:00,18.0,18.0,13.0,13.0,5275876.0
2024-08-26 20:00:00+00:00,13.0,17.0,13.0,17.0,2547329.0
2024-08-27 00:00:00+00:00,17.0,17.0,14.0,14.0,1382772.0
2024-08-27 04:00:00+00:00,14.0,14.0,13.0,14.0,1303901.0
2024-08-27 08:00:00+00:00,14.0,14.0,13.0,13.0,2092082.0
2024-08-27 12:00:00+00:00,13.0,14.0,13.0,14.0,771681.0
2024-08-27 16:00:00+00:00,14.0,15.0,13.0,15.0,987576.0
2024-08-27 20:00:00+00:00,15.0,17.0,15.0,17.0,1189525.0
2024-08-28 00:00:00+00:00,17.0,17.0,16.0,16.0,440396.0
2024-08-28 04:00:00+00:00,16.0,16.0,15.0,15.0,1151011.0
2024-08-28 08:00:00+00:00,15.0,16.0,15.0,16.0,439317.0
2024-08-28 12:00:00+00:00,16.0,16.0,15.0,15.0,1140845.0
2024-08-28 16:00:00+00:00,15.0,19.0,15.0,19.0,2657588.0
2024-08-28 20:00:00+00:00,19.0,21.0,19.0,20.0,962629.0
2024-08-29 00:00:00+00:00,20.0,23.0,20.0,23.0,3079954.0
2024-08-29 04:00:00+00:00,23.0,25.0,22.0,25.0,625915.0
2024-08-29 08:00:00+00:00,25.0,30.0,25.0,29.0,2773685.0
2024-08-29 12:00:00+00:00,29.0,30.0,29.0,30.0,1516846.0
2024-08-29 16:00:00+00:00,30.0,30.0,24.0,24.0,671101.0
2024-08-29 20:00:00+00:00,24.0,26.0,24.0,26.0,4578873.0
2024-08-30 00:00:00+00:00,26.0,26.0,23.0,23.0,1251807.0
2024-08-30 04:00:00+00:00,23.0,24.0,21.0,21.0,797761.0
2024-08-30 08:00:00+00:00,21.0,23.0,21.0,23.0,625758.0
2024-08-30 12:00:00+00:00,23.0,28.0,23.0,28.0,1395646.0
2024-08-30 16:00:00+00:00,28.0,28.0,28.0,28.0,947922.0
2024-08-30 20:00:00+00:00,28.0,29.0,27.0,29.0,1197575.0
2024-08-31 00:00:00+00:00,29.0,37.0,29.0,37.0,1522264.0
2024-08-31 04:00:00+00:00,37.0,38.0,36.0,38.0,1522070.0
2024-08-31 08:00:00+00:00,38.0,53.0,37.0,53.0,1788827.0
2024-08-31 12:00:00+00:00,53.0,57.0,52.0,57.0,476993.0
2024-08-31 16:00:00+00:00,57.0,58.0,41.0,42.0,1662783.0
2024-08-31 20:00:00+00:00,42.0,47.0,42.0,47.0,410101.0
2024-09-01 00:00:00+00:00,47.0,50.0,46.0,49.0,1398930.0
2024-09-01 04:00:00+00:00,49.0,61.0,48.0,59.0,968895.0
2024-09-01 08:00:00+00:00,59.0,65.0,59.0,65.0,1414465.0
2024-09-01 12:00:00+00:00,65.0,65.0,64.0,64.0,2048131.0
2024-09-01 16:00:00+00:00,64.0,65.0,52.0,52.0,963734.0
2024-09-01 20:00:00+00:00,52.0,54.0,49.0,50.0,1858928.0
2024-09-02 00:00:00+00:00,50.0,51.0,44.0,44.0,1112886.0
2024-09-02 04:00:00+00:00,44.0,44.0,40.0,40.0,3029028.0
2024-09-02 08:00:00+00:00,40.0,44.0,40.0,44.0,1054249.0
2024-09-02 12:00:00+00:00,44.0,55.0,44.0,55.0,1150872.0
2024-09-02 16:00:00+00:00,55.0,58.0,55.0,58.0,1661252.0
2024-09-02 20:00:00+00:00,58.0,59.0,47.0,48.0,1236548.0
2024-09-03 00:00:00+00:00,48.0,52.0,44.0,51.0,788295.0
2024-09-03 04:00:00+00:00,51.0,60.0,50.0,60.0,1211958.0
2024-09-03 08:00:00+00:00,60.0,60.0,54.0,54.0,1245752.0
2024-09-03 12:00:00+00:00,54.0,55.0,53.0,53.0,2073267.0
2024-09-03 16:00:00+00:00,53.0,53.0,53.0,53.0,382921.0
2024-09-03 20:00:00+00:00,53.0,54.0,46.0,47.0,1361929.0
2024-09-04 00:00:00+00:00,47.0,52.0,47.0,52.0,1766264.0
2024-09-04 04:00:00+00:00,52.0,52.0,51.0,51.0,1160887.0
2024-09-04 08:00:00+00:00,51.0,54.0,50.0,54.0,2287825.0
2024-09-04 12:00:00+00:00,54.0,55.0,47.0,47.0,1347754.0
2024-09-04 16:00:00+00:00,47.0,47.0,43.0,44.0,1090829.0
2024-09-04 20:00:00+00:00,44.0,49.0,44.0,49.0,1782601.0
2024-09-05 00:00:00+00:00,49.0,50.0,46.0,46.0,1226604.0
2024-09-05 04:00:00+00:00,46.0,60.0,45.0,58.0,1462482.0
2024-09-05 08:00:00+00:00,58.0,59.0,54.0,54.0,1526432.0
2024-09-05 12:00:00+00:00,54.0,58.0,52.0,56.0,795020.0
2024-09-05 16:00:00+00:00,56.0,64.0,56.0,64.0,1046313.0
2024-09-05 20:00:00+00:00,64.0,65.0,50.0,50.0,1257662.0
2024-09-06 00:00:00+00:00,50.0,51.0,37.0,37.0,3524406.0
2024-09-06 04:00:00+00:00,37.0,38.0,29.0,29.0,336818.0
2024-09-06 08:00:00+00:00,29.0,34.0,29.0,34.0,1911954.0
2024-09-06 12:00:00+00:00,34.0,34.0,31.0,31.0,1269228.0
2024-09-06 16:00:00+00:00,31.0,43.0,31.0,43.0,928582.0
2024-09-06 20:00:00+00:00,43.0,43.0,39.0,40.0,1463129.0
2024-09-07 00:00:00+00:00,40.0,41.0,40.0,41.0,1374797.0
2024-09-07 04:00:00+00:00,41.0,51.0,40.0,50.0,2275741.0
2024-09-07 08:00:00+00:00,50.0,65.0,50.0,65.0,505486.0
2024-09-07 12:00:00+00:00,65.0,86.0,65.0,86.0,3818641.0
2024-09-07 16:00:00+00:00,86.0,102.0,85.0,101.0,1068060.0
2024-09-07 20:00:00+00:00,101.0,117.0,100.0,117.0,2060218.0
2024-09-08 00:00:00+00:00,117.0,130.0,114.0,127.0,1835867.0
2024-09-08 04:00:00+00:00,127.0,144.0,126.0,142.0,871566.0
2024-09-08 08:00:00+00:00,142.0,142.0,130.0,130.0,1735255.0
2024-09-08 12:00:00+00:00,130.0,133.0,113.0,114.0,1127659.0
2024-09-08 16:00:00+00:00,114.0,115.0,113.0,114.0,355226.0
2024-09-08 20:00:00+00:00,114.0,114.0,111.0,111.0,1926497.0
2024-09-09 00:00:00+00:00,111.0,112.0,103.0,104.0,814626.0
2024-09-09 04:00:00+00:00,104.0,119.0,103.0,115.0,857284.0
2024-09-09 08:00:00+00:00,115.0,132.0,114.0,131.0,1169621.0
2024-09-09 12:00:00+00:00,131.0,134.0,131.0,133.0,1192427.0
2024-09-09 16:00:00+00:00,133.0,162.0,133.0,162.0,1613844.0
2024-09-09 20:00:00+00:00,162.0,163.0,134.0,135.0,1989776.0
2024-09-10 00:00:00+00:00,135.0,135.0,130.0,131.0,555967.0
2024-09-10 04:00:00+00:00,131.0,132.0,115.0,117.0,911803.0
2024-09-10 08:00:00+00:00,117.0,117.0,84.0,84.0,1735360.0
2024-09-10 12:00:00+00:00,84.0,87.0,81.0,83.0,2676581.0
2024-09-10 16:00:00+00:00,83.0,84.0,81.0,82.0,995067.0
2024-09-10 20:00:00+00:00,82.0,101.0,81.0,100.0,2879724.0
2024-09-11 00:00:00+00:00,100.0,110.0,97.0,109.0,1309877.0
2024-09-11 04:00:00+00:00,109.0,110.0,93.0,93.0,1146277.0
2024-09-11 08:00:00+00:00,93.0,119.0,92.0,118.0,1622358.0
2024-09-11 12:00:00+00:00,118.0,142.0,118.0,140.0,1425277.0
2024-09-11 16:00:00+00:00,140.0,156.0,139.0,152.0,1707963.0
2024-09-11 20:00:00+00:00,152.0,154.0,144.0,147.0,2188911.0
2024-09-12 00:00:00+00:00,147.0,148.0,126.0,126.0,1712572.0
2024-09-12 04:00:00+00:00,126.0,132.0,118.0,119.0,2111680.0
2024-09-12 08:00:00+00:00,119.0,139.0,119.0,139.0,920406.0
2024-09-12 12:00:00+00:00,139.0,184.0,137.0,178.0,1502917.0
2024-09-12 16:00:00+00:00,178.0,231.0,175.0,219.0,1180401.0
2024-09-12 20:00:00+00:00,219.0,219.0,203.0,203.0,1426412.0
2024-09-13 00:00:00+00:00,203.0,205.0,166.0,169.0,1255840.0
2024-09-13 04:00:00+00:00,169.0,173.0,169.0,173.0,1533255.0
2024-09-13 08:00:00+00:00,173.0,173.0,126.0,127.0,1125579.0
2024-09-13 12:00:00+00:00,127.0,134.0,126.0,133.0,1171470.0
2024-09-13 16:00:00+00:00,133.0,135.0,130.0,130.0,1501845.0
2024-09-13 20:00:00+00:00,130.0,133.0,117.0,121.0,430176.0
2024-09-14 00:00:00+00:00,121.0,122.0,91.0,92.0,4958503.0
2024-09-14 04:00:00+00:00,92.0,100.0,92.0,100.0,1069567.0
2024-09-14 08:00:00+00:00,100.0,101.0,90.0,92.0,449986.0
2024-09-14 12:00:00+00:00,92.0,95.0,74.0,76.0,1650817.0
2024-09-14 16:00:00+00:00,76.0,76.0,43.0,43.0,2330045.0
2024-09-14 20:00:00+00:00,43.0,44.0,41.0,43.0,970700.0
2024-09-15 00:00:00+00:00,43.0,54.0,43.0,54.0,2933850.0
2024-09-15 04:00:00+00:00,54.0,69.0,54.0,68.0,2541049.0
2024-09-15 08:00:00+00:00,68.0,68.0,63.0,63.0,1398056.0
2024-09-15 12:00:00+00:00,63.0,63.0,57.0,57.0,1590454.0
2024-09-15 16:00:00+00:00,57.0,62.0,57.0,61.0,1150411.0
2024-09-15 20:00:00+00:00,61.0,62.0,52.0,52.0,3518605.0
2024-09-16 00:00:00+00:00,52.0,55.0,52.0,55.0,542637.0
2024-09-16 04:00:00+00:00,55.0,61.0,55.0,61.0,1443125.0
2024-09-16 08:00:00+00:00,61.0,73.0,61.0,72.0,1604496.0
2024-09-16 12:00:00+00:00,72.0,73.0,69.0,71.0,1567888.0
2024-09-16 16:00:00+00:00,71.0,71.0,69.0,69.0,714800.0
2024-09-16 20:00:00+00:00,69.0,69.0,60.0,60.0,582564.0
2024-09-17 00:00:00+00:00,60.0,60.0,52.0,53.0,1482933.0
2024-09-17 04:00:00+00:00,53.0,53.0,51.0,51.0,1267150.0
2024-09-17 08:00:00+00:00,51.0,54.0,49.0,54.0,2456220.0
2024-09-17 12:00:00+00:00,54.0,63.0,53.0,61.0,748169.0
2024-09-17 16:00:00+00:00,61.0,62.0,53.0,54.0,2423454.0
2024-09-17 20:00:00+00:00,54.0,66.0,53.0,66.0,5463581.0
2024-09-18 00:00:00+00:00,66.0,66.0,62.0,63.0,928144.0
2024-09-18 04:00:00+00:00,63.0,63.0,62.0,63.0,528995.0
2024-09-18 08:00:00+00:00,63.0,64.0,55.0,56.0,1085474.0
2024-09-18 12:00:00+00:00,56.0,56.0,35.0,36.0,2104754.0
2024-09-18 16:00:00+00:00,36.0,41.0,35.0,40.0,1854090.0
2024-09-18 20:00:00+00:00,40.0,45.0,40.0,45.0,991305.0
2024-09-19 00:00:00+00:00,45.0,45.0,43.0,43.0,2450066.0
2024-09-19 04:00:00+00:00,43.0,45.0,42.0,43.0,590468.0
2024-09-19 08:00:00+00:00,43.0,47.0,43.0,47.0,515775.0
2024-09-19 12:00:00+00:00,47.0,47.0,36.0,36.0,2960690.0
2024-09-19 16:00:00+00:00,36.0,36.0,33.0,33.0,396811.0
2024-09-19 20:00:00+00:00,33.0,37.0,33.0,37.0,1226291.0
2024-09-20 00:00:00+00:00,37.0,37.0,30.0,30.0,7433289.0
2024-09-20 04:00:00+00:00,30.0,31.0,30.0,31.0,1125888.0
2024-09-20 08:00:00+00:00,31.0,31.0,25.0,25.0,919239.0
2024-09-20 12:00:00+00:00,25.0,27.0,25.0,27.0,1176177.0
2024-09-20 16:00:00+00:00,27.0,27.0,26.0,26.0,990071.0
2024-09-20 20:00:00+00:00,26.0,27.0,20.0,20.0,1860327.0
2024-09-21 00:00:00+00:00,20.0,24.0,20.0,24.0,2123024.0
2024-09-21 04:00:00+00:00,24.0,24.0,21.0,21.0,791162.0
2024-09-21 08:00:00+00:00,21.0,21.0,19.0,19.0,3172042.0
2024-09-21 12:00:00+00:00,19.0,19.0,18.0,19.0,1232786.0
2024-09-21 16:00:00+00:00,19.0,22.0,19.0,22.0,2182029.0
2024-09-21 20:00:00+00:00,22.0,22.0,19.0,19.0,1064180.0
2024-09-22 00:00:00+00:00,19.0,19.0,19.0,19.0,1955787.0
2024-09-22 04:00:00+00:00,19.0,20.0,19.0,20.0,1047483.0
2024-09-22 08:00:00+00:00,20.0,22.0,20.0,22.0,1507378.0
2024-09-22 12:00:00+00:00,22.0,23.0,22.0,23.0,677033.0
2024-09-22 16:00:00+00:00,23.0,23.0,22.0,22.0,707740.0
2024-09-22 20:00:00+00:00,22.0,22.0,19.0,19.0,1936031.0
2024-09-23 00:00:00+00:00,19.0,19.0,19.0,19.0,832135.0
2024-09-23 04:00:00+00:00,19.0,20.0,16.0,16.0,964822.0
2024-09-23 08:00:00+00:00,16.0,16.0,9.0,9.0,1678124.0
2024-09-23 12:00:00+00:00,9.0,10.0,9.0,10.0,1696811.0
2024-09-23 16:00:00+00:00,10.0,11.0,10.0,11.0,1027036.0
2024-09-23 20:00:00+00:00,11.0,11.0,7.0,7.0,1945612.0
2024-09-24 00:00:00+00:00,7.0,7.0,6.0,6.0,1465570.0
2024-09-24 04:00:00+00:00,6.0,7.0,6.0,7.0,490124.0
2024-09-24 08:00:00+00:00,7.0,9.0,7.0,9.0,922804.0
2024-09-24 12:00:00+00:00,9.0,9.0,9.0,9.0,1193772.0
2024-09-24 16:00:00+00:00,9.0,9.0,7.0,8.0,915321.0
2024-09-24 20:00:00+00:00,8.0,8.0,8.0,8.0,1836457.0
2024-09-25 00:00:00+00:00,8.0,9.0,8.0,9.0,2624111.0
2024-09-25 04:00:00+00:00,9.0,9.0,8.0,8.0,1849915.0
2024-09-25 08:00:00+00:00,8.0,8.0,7.0,7.0,3378715.0
2024-09-25 12:00:00+00:00,7.0,7.0,7.0,7.0,1168250.0
2024-09-25 16:00:00+00:00,7.0,7.0,6.0,6.0,1977518.0
2024-09-25 20:00:00+00:00,6.0,6.0,6.0,6.0,787348.0
2024-09-26 00:00:00+00:00,6.0,7.0,6.0,7.0,5886286.0
2024-09-26 04:00:00+00:00,7.0,8.0,7.0,8.0,3086146.0
2024-09-26 08:00:00+00:00,8.0,8.0,7.0,7.0,1120964.0
2024-09-26 12:00:00+00:00,7.0,7.0,7.0,7.0,1373530.0
2024-09-26 16:00:00+00:00,7.0,7.0,5.0,5.0,3362853.0
2024-09-26 20:00:00+00:00,5.0,6.0,5.0,6.0,1297468.0
2024-09-27 00:00:00+00:00,6.0,6.0,6.0,6.0,746021.0
2024-09-27 04:00:00+00:00,6.0,6.0,6.0,6.0,1674157.0
2024-09-27 08:00:00+00:00,6.0,9.0,6.0,9.0,2524465.0
2024-09-27 12:00:00+00:00,9.0,9.0,9.0,9.0,1242012.0
2024-09-27 16:00:00+00:00,9.0,9.0,7.0,8.0,882550.0
2024-09-27 20:00:00+00:00,8.0,8.0,7.0,7.0,505401.0
2024-09-28 00:00:00+00:00,7.0,9.0,7.0,9.0,1705623.0
2024-09-28 04:00:00+00:00,9.0,9.0,9.0,9.0,1650520.0
2024-09-28 08:00:00+00:00,9.0,9.0,7.0,7.0,1469193.0
2024-09-28 12:00:00+00:00,7.0,8.0,7.0,8.0,2896559.0
2024-09-28 16:00:00+00:00,8.0,8.0,7.0,7.0,915655.0
2024-09-28 20:00:00+00:00,7.0,9.0,7.0,9.0,1086904.0
2024-09-29 00:00:00+00:00,9.0,11.0,9.0,11.0,1435622.0
2024-09-29 04:00:00+00:00,11.0,11.0,10.0,10.0,1153992.0
2024-09-29 08:00:00+00:00,10.0,12.0,10.0,12.0,2314720.0
2024-09-29 12:00:00+00:00,12.0,12.0,12.0,12.0,698534.0
2024-09-29 16:00:00+00:00,12.0,13.0,12.0,13.0,2731826.0
2024-09-29 20:00:00+00:00,13.0,14.0,13.0,14.0,3252984.0
2024-09-30 00:00:00+00:00,14.0,14.0,12.0,13.0,1355558.0
2024-09-30 04:00:00+00:00,13.0,13.0,11.0,11.0,2411767.0
2024-09-30 08:00:00+00:00,11.0,13.0,11.0,13.0,862015.0
2024-09-30 12:00:00+00:00,13.0,13.0,12.0,12.0,1972487.0
2024-09-30 16:00:00+00:00,12.0,13.0,12.0,12.0,1997478.0
2024-09-30 20:00:00+00:00,12.0,12.0,10.0,10.0,2204238.0
2024-10-01 00:00:00+00:00,10.0,11.0,10.0,11.0,1179772.0
2024-10-01 04:00:00+00:00,11.0,14.0,11.0,14.0,439803.0
2024-10-01 08:00:00+00:00,14.0,14.0,12.0,12.0,1075268.0
2024-10-01 12:00:00+00:00,12.0,12.0,12.0,12.0,738015.0
2024-10-01 16:00:00+00:00,12.0,14.0,12.0,14.0,996081.0
2024-10-01 20:00:00+00:00,14.0,14.0,14.0,14.0,1102959.0
2024-10-02 00:00:00+00:00,14.0,15.0,14.0,15.0,973313.0
2024-10-02 04:00:00+00:00,15.0,15.0,12.0,12.0,979829.0
2024-10-02 08:00:00+00:00,12.0,13.0,12.0,13.0,701430.0
2024-10-02 12:00:00+00:00,13.0,14.0,13.0,13.0,759377.0
2024-10-02 16:00:00+00:00,13.0,15.0,13.0,15.0,2525982.0
2024-10-02 20:00:00+00:00,15.0,17.0,15.0,17.0,1101198.0
2024-10-03 00:00:00+00:00,17.0,24.0,17.0,24.0,1672386.0
2024-10-03 04:00:00+00:00,24.0,27.0,24.0,26.0,1001977.0
2024-10-03 08:00:00+00:00,26.0,29.0,25.0,28.0,1356222.0
2024-10-03 12:00:00+00:00,28.0,28.0,27.0,28.0,1363814.0
2024-10-03 16:00:00+00:00,28.0,29.0,26.0,27.0,253285.0
2024-10-03 20:00:00+00:00,27.0,29.0,27.0,28.0,1917421.0
2024-10-04 00:00:00+00:00,28.0,28.0,27.0,27.0,2327123.0
2024-10-04 04:00:00+00:00,27.0,28.0,27.0,28.0,635238.0
2024-10-04 08:00:00+00:00,28.0,33.0,27.0,33.0,978395.0
2024-10-04 12:00:00+00:00,33.0,34.0,27.0,28.0,1161545.0
2024-10-04 16:00:00+00:00,28.0,33.0,28.0,33.0,1035432.0
2024-10-04 20:00:00+00:00,33.0,40.0,32.0,39.0,1779300.0
2024-10-05 00:00:00+00:00,39.0,39.0,38.0,38.0,398630.0
2024-10-05 04:00:00+00:00,38.0,39.0,26.0,26.0,1116419.0
2024-10-05 08:00:00+00:00,26.0,26.0,24.0,24.0,2753431.0
2024-10-05 12:00:00+00:00,24.0,29.0,24.0,28.0,994459.0
2024-10-05 16:00:00+00:00,28.0,29.0,28.0,28.0,1884742.0
2024-10-05 20:00:00+00:00,28.0,29.0,24.0,24.0,1726261.0
2024-10-06 00:00:00+00:00,24.0,25.0,22.0,22.0,497363.0
2024-10-06 04:00:00+00:00,22.0,25.0,22.0,25.0,1891108.0
2024-10-06 08:00:00+00:00,25.0,27.0,25.0,27.0,1173107.0
2024-10-06 12:00:00+00:00,27.0,27.0,26.0,26.0,883413.0
2024-10-06 16:00:00+00:00,26.0,26.0,25.0,25.0,1318928.0
2024-10-06 20:00:00+00:00,25.0,25.0,23.0,23.0,1493645.0
2024-10-07 00:00:00+00:00,23.0,23.0,20.0,20.0,2018299.0
2024-10-07 04:00:00+00:00,20.0,25.0,20.0,25.0,3109401.0
2024-10-07 08:00:00+00:00,25.0,26.0,23.0,24.0,1406438.0
2024-10-07 12:00:00+00:00,24.0,28.0,24.0,28.0,777110.0
2024-10-07 16:00:00+00:00,28.0,35.0,28.0,34.0,1327983.0
2024-10-07 20:00:00+00:00,34.0,40.0,34.0,39.0,6305135.0
2024-10-08 00:00:00+00:00,39.0,39.0,37.0,37.0,1718046.0
2024-10-08 04:00:00+00:00,37.0,39.0,37.0,39.0,3857940.0
2024-10-08 08:00:00+00:00,39.0,41.0,38.0,39.0,2034437.0
2024-10-08 12:00:00+00:00,39.0,40.0,33.0,34.0,1582968.0
2024-10-08 16:00:00+00:00,34.0,36.0,33.0,35.0,1330424.0
2024-10-08 20:00:00+00:00,35.0,37.0,28.0,29.0,1504442.0
2024-10-09 00:00:00+00:00,29.0,34.0,29.0,34.0,642886.0
2024-10-09 04:00:00+00:00,34.0,34.0,32.0,32.0,1221661.0
2024-10-09 08:00:00+00:00,32.0,33.0,31.0,33.0,1994780.0
2024-10-09 12:00:00+00:00,33.0,34.0,32.0,34.0,834242.0
2024-10-09 16:00:00+00:00,34.0,34.0,33.0,33.0,1373789.0
2024-10-09 20:00:00+00:00,33.0,36.0,33.0,36.0,1932610.0
2024-10-10 00:00:00+00:00,36.0,36.0,33.0,33.0,771118.0
2024-10-10 04:00:00+00:00,33.0,38.0,33.0,37.0,1109684.0
2024-10-10 08:00:00+00:00,37.0,37.0,30.0,30.0,966105.0
2024-10-10 12:00:00+00:00,30.0,30.0,30.0,30.0,699668.0
2024-10-10 16:00:00+00:00,30.0,39.0,30.0,39.0,980868.0
2024-10-10 20:00:00+00:00,39.0,40.0,33.0,33.0,925351.0
2024-10-11 00:00:00+00:00,33.0,33.0,30.0,30.0,2656443.0
2024-10-11 04:00:00+00:00,30.0,32.0,29.0,32.0,778164.0
2024-10-11 08:00:00+00:00,32.0,33.0,32.0,33.0,1149916.0
2024-10-11 12:00:00+00:00,33.0,35.0,33.0,35.0,899354.0
2024-10-11 16:00:00+00:00,35.0,38.0,34.0,37.0,2197494.0
2024-10-11 20:00:00+00:00,37.0,41.0,37.0,41.0,2473961.0
2024-10-12 00:00:00+00:00,41.0,48.0,41.0,47.0,2307648.0
2024-10-12 04:00:00+00:00,47.0,51.0,47.0,50.0,1378868.0
2024-10-12 08:00:00+00:00,50.0,51.0,48.0,49.0,988710.0
2024-10-12 12:00:00+00:00,49.0,54.0,48.0,53.0,717158.0
2024-10-12 16:00:00+00:00,53.0,69.0,53.0,69.0,4898746.0
2024-10-12 20:00:00+00:00,69.0,70.0,67.0,67.0,725596.0
2024-10-13 00:00:00+00:00,67.0,68.0,57.0,57.0,2004292.0
2024-10-13 04:00:00+00:00,57.0,67.0,57.0,67.0,2542846.0
2024-10-13 08:00:00+00:00,67.0,67.0,65.0,66.0,799449.0
2024-10-13 12:00:00+00:00,66.0,66.0,44.0,44.0,3317878.0
2024-10-13 16:00:00+00:00,44.0,50.0,44.0,50.0,2022601.0
2024-10-13 20:00:00+00:00,50.0,50.0,46.0,46.0,2946639.0
2024-10-14 00:00:00+00:00,46.0,46.0,45.0,45.0,823866.0
2024-10-14 04:00:00+00:00,45.0,48.0,45.0,48.0,603176.0
2024-10-14 08:00:00+00:00,48.0,49.0,47.0,49.0,842469.0
2024-10-14 12:00:00+00:00,49.0,54.0,49.0,54.0,1463379.0
2024-10-14 16:00:00+00:00,54.0,55.0,50.0,50.0,1232285.0
2024-10-14 20:00:00+00:00,50.0,54.0,50.0,54.0,1010306.0
2024-10-15 00:00:00+00:00,54.0,55.0,52.0,52.0,430288.0
2024-10-15 04:00:00+00:00,52.0,60.0,51.0,58.0,1684692.0
2024-10-15 08:00:00+00:00,58.0,63.0,58.0,63.0,3420929.0
2024-10-15 12:00:00+00:00,63.0,64.0,54.0,54.0,1793331.0
2024-10-15 16:00:00+00:00,54.0,63.0,54.0,63.0,2017538.0
2024-10-15 20:00:00+00:00,63.0,64.0,58.0,58.0,1653645.0
2024-10-16 00:00:00+00:00,58.0,66.0,58.0,65.0,1662044.0
2024-10-16 04:00:00+00:00,65.0,69.0,65.0,69.0,1855354.0
2024-10-16 08:00:00+00:00,69.0,88.0,68.0,88.0,2225564.0
2024-10-16 12:00:00+00:00,88.0,90.0,83.0,85.0,941972.0
2024-10-16 16:00:00+00:00,85.0,85.0,80.0,80.0,777787.0
2024-10-16 20:00:00+00:00,80.0,80.0,80.0,80.0,891367.0
2024-10-17 00:00:00+00:00,80.0,82.0,76.0,76.0,1328302.0
2024-10-17 04:00:00+00:00,76.0,87.0,76.0,86.0,1160502.0
2024-10-17 08:00:00+00:00,86.0,87.0,63.0,65.0,2022222.0
2024-10-17 12:00:00+00:00,65.0,65.0,54.0,55.0,1837081.0
2024-10-17 16:00:00+00:00,55.0,55.0,45.0,46.0,2246756.0
2024-10-17 20:00:00+00:00,46.0,53.0,46.0,52.0,2709852.0
2024-10-18 00:00:00+00:00,52.0,67.0,52.0,66.0,1839394.0
2024-10-18 04:00:00+00:00,66.0,67.0,63.0,65.0,544847.0
2024-10-18 08:00:00+00:00,65.0,65.0,63.0,63.0,905676.0
2024-10-18 12:00:00+00:00,63.0,64.0,63.0,64.0,1053595.0
2024-10-18 16:00:00+00:00,64.0,75.0,63.0,75.0,604953.0
2024-10-18 20:00:00+00:00,75.0,75.0,64.0,64.0,2839439.0
2024-10-19 00:00:00+00:00,64.0,67.0,64.0,67.0,1188183.0
2024-10-19 04:00:00+00:00,67.0,77.0,66.0,76.0,1740212.0
2024-10-19 08:00:00+00:00,76.0,83.0,76.0,82.0,2424225.0
2024-10-19 12:00:00+00:00,82.0,85.0,82.0,84.0,791460.0
2024-10-19 16:00:00+00:00,84.0,98.0,84.0,97.0,1931709.0
2024-10-19 20:00:00+00:00,97.0,98.0,57.0,58.0,2098678.0
2024-10-20 00:00:00+00:00,58.0,63.0,57.0,63.0,1189614.0
2024-10-20 04:00:00+00:00,63.0,63.0,57.0,57.0,880268.0
2024-10-20 08:00:00+00:00,57.0,57.0,41.0,41.0,4195965.0
2024-10-20 12:00:00+00:00,41.0,45.0,41.0,45.0,1018864.0
2024-10-20 16:00:00+00:00,45.0,54.0,44.0,54.0,2294574.0
2024-10-20 20:00:00+00:00,54.0,54.0,53.0,53.0,416123.0
2024-10-21 00:00:00+00:00,53.0,61.0,53.0,60.0,2573998.0
2024-10-21 04:00:00+00:00,60.0,76.0,59.0,75.0,2918845.0
2024-10-21 08:00:00+00:00,75.0,89.0,75.0,89.0,1670353.0
2024-10-21 12:00:00+00:00,89.0,113.0,89.0,111.0,1550844.0
2024-10-21 16:00:00+00:00,111.0,126.0,111.0,124.0,1628322.0
2024-10-21 20:00:00+00:00,124.0,126.0,121.0,125.0,3244604.0
2024-10-22 00:00:00+00:00,125.0,130.0,94.0,95.0,710202.0
2024-10-22 04:00:00+00:00,95.0,95.0,92.0,92.0,1643416.0
2024-10-22 08:00:00+00:00,92.0,92.0,80.0,80.0,875023.0
2024-10-22 12:00:00+00:00,80.0,108.0,78.0,106.0,1956488.0
2024-10-22 16:00:00+00:00,106.0,107.0,103.0,103.0,954120.0
2024-10-22 20:00:00+00:00,103.0,106.0,102.0,105.0,851265.0
2024-10-23 00:00:00+00:00,105.0,115.0,104.0,114.0,1239647.0
2024-10-23 04:00:00+00:00,114.0,117.0,113.0,115.0,577792.0
2024-10-23 08:00:00+00:00,115.0,145.0,110.0,143.0,2931539.0
2024-10-23 12:00:00+00:00,143.0,151.0,124.0,130.0,522394.0
2024-10-23 16:00:00+00:00,130.0,136.0,129.0,134.0,1423275.0
2024-10-23 20:00:00+00:00,134.0,134.0,118.0,119.0,1133963.0
2024-10-24 00:00:00+00:00,119.0,122.0,94.0,95.0,888166.0
2024-10-24 04:00:00+00:00,95.0,95.0,86.0,86.0,1412198.0
2024-10-24 08:00:00+00:00,86.0,87.0,86.0,86.0,467219.0
2024-10-24 12:00:00+00:00,86.0,88.0,79.0,80.0,1215649.0
2024-10-24 16:00:00+00:00,80.0,81.0,72.0,72.0,644418.0
2024-10-24 20:00:00+00:00,72.0,72.0,57.0,57.0,2057732.0
2024-10-25 00:00:00+00:00,57.0,57.0,56.0,56.0,654141.0
2024-10-25 04:00:00+00:00,56.0,57.0,32.0,32.0,10849172.0
2024-10-25 08:00:00+00:00,44.0,49.0,39.0,39.0,12622361.0
2024-10-25 12:00:00+00:00,48.0,50.0,42.0,42.0,5721396.0
2024-10-25 16:00:00+00:00,49.0,49.0,35.0,35.0,13036425.0
2024-10-25 20:00:00+00:00,38.0,39.0,34.0,34.0,4347111.0
2024-10-26 00:00:00+00:00,37.0,37.0,31.0,31.0,14924089.0
2024-10-26 04:00:00+00:00,32.0,34.0,32.0,34.0,2761090.0
2024-10-26 08:00:00+00:00,34.0,41.0,34.0,41.0,6471175.0
2024-10-26 12:00:00+00:00,41.0,41.0,29.0,29.0,1931097.0
2024-10-26 16:00:00+00:00,29.0,30.0,28.0,30.0,1557987.0
2024-10-26 20:00:00+00:00,30.0,30.0,29.0,29.0,440462.0
2024-10-27 00:00:00+00:00,29.0,33.0,29.0,32.0,2754383.0
2024-10-27 04:00:00+00:00,32.0,33.0,32.0,33.0,1613741.0
2024-10-27 08:00:00+00:00,33.0,33.0,29.0,29.0,1051761.0
2024-10-27 12:00:00+00:00,29.0,30.0,28.0,28.0,2125263.0
2024-10-27 16:00:00+00:00,28.0,28.0,24.0,25.0,1197106.0
2024-10-27 20:00:00+00:00,25.0,30.0,24.0,28.0,1179348.0
2024-10-28 00:00:00+00:00,28.0,29.0,28.0,29.0,1278732.0
2024-10-28 04:00:00+00:00,29.0,37.0,28.0,37.0,1082084.0
2024-10-28 08:00:00+00:00,37.0,37.0,36.0,36.0,1714443.0
2024-10-28 12:00:00+00:00,36.0,37.0,32.0,32.0,776688.0
2024-10-28 16:00:00+00:00,32.0,33.0,25.0,25.0,995311.0
2024-10-28 20:00:00+00:00,25.0,25.0,18.0,18.0,1150326.0
2024-10-29 00:00:00+00:00,18.0,18.0,14.0,14.0,2506156.0
2024-10-29 04:00:00+00:00,14.0,15.0,14.0,14.0,821879.0
2024-10-29 08:00:00+00:00,14.0,16.0,14.0,16.0,625603.0
2024-10-29 12:00:00+00:00,16.0,16.0,12.0,12.0,1265421.0
2024-10-29 16:00:00+00:00,12.0,14.0,12.0,13.0,1379024.0
2024-10-29 20:00:00+00:00,13.0,13.0,12.0,12.0,675318.0
2024-10-30 00:00:00+00:00,12.0,13.0,12.0,13.0,598534.0
2024-10-30 04:00:00+00:00,13.0,16.0,13.0,16.0,4949672.0
2024-10-30 08:00:00+00:00,16.0,18.0,16.0,18.0,911805.0
2024-10-30 12:00:00+00:00,18.0,18.0,17.0,17.0,954948.0
2024-10-30 16:00:00+00:00,17.0,18.0,15.0,15.0,1167277.0
2024-10-30 20:00:00+00:00,15.0,15.0,10.0,10.0,1595635.0
2024-10-31 00:00:00+00:00,10.0,10.0,9.0,9.0,1807949.0
2024-10-31 04:00:00+00:00,9.0,9.0,9.0,9.0,1761607.0
2024-10-31 08:00:00+00:00,9.0,9.0,7.0,7.0,1240677.0
2024-10-31 12:00:00+00:00,7.0,7.0,7.0,7.0,571547.0
2024-10-31 16:00:00+00:00,7.0,8.0,7.0,7.0,1953516.0
2024-10-31 20:00:00+00:00,7.0,7.0,7.0,7.0,1050218.0
2024-11-01 00:00:00+00:00,7.0,7.0,6.0,6.0,3070792.0
2024-11-01 04:00:00+00:00,6.0,7.0,6.0,7.0,349566.0
2024-11-01 08:00:00+00:00,7.0,7.0,7.0,7.0,1320204.0
2024-11-01 12:00:00+00:00,7.0,7.0,6.0,6.0,3894466.0
2024-11-01 16:00:00+00:00,6.0,7.0,6.0,7.0,1368934.0
2024-11-01 20:00:00+00:00,7.0,7.0,7.0,7.0,934364.0
2024-11-02 00:00:00+00:00,7.0,7.0,7.0,7.0,1167251.0
2024-11-02 04:00:00+00:00,7.0,8.0,7.0,8.0,991142.0
2024-11-02 08:00:00+00:00,8.0,8.0,8.0,8.0,944036.0
2024-11-02 12:00:00+00:00,8.0,9.0,8.0,9.0,1205586.0
2024-11-02 16:00:00+00:00,9.0,10.0,9.0,9.0,824067.0
2024-11-02 20:00:00+00:00,9.0,10.0,9.0,9.0,2360776.0
2024-11-03 00:00:00+00:00,9.0,9.0,9.0,9.0,1462303.0
2024-11-03 04:00:00+00:00,9.0,9.0,7.0,7.0,1718527.0
2024-11-03 08:00:00+00:00,7.0,8.0,7.0,8.0,1569282.0
2024-11-03 12:00:00+00:00,8.0,8.0,8.0,8.0,890446.0
2024-11-03 16:00:00+00:00,8.0,8.0,7.0,7.0,742404.0
2024-11-03 20:00:00+00:00,7.0,7.0,7.0,7.0,783175.0
2024-11-04 00:00:00+00:00,7.0,7.0,5.0,5.0,1838508.0
2024-11-04 04:00:00+00:00,5.0,5.0,5.0,5.0,735031.0
2024-11-04 08:00:00+00:00,5.0,5.0,5.0,5.0,810197.0
2024-11-04 12:00:00+00:00,5.0,5.0,5.0,5.0,826683.0
2024-11-04 16:00:00+00:00,5.0,5.0,4.0,4.0,4224353.0
2024-11-04 20:00:00+00:00,4.0,5.0,4.0,5.0,391834.0
2024-11-05 00:00:00+00:00,5.0,5.0,4.0,4.0,1271545.0
2024-11-05 04:00:00+00:00,4.0,5.0,4.0,5.0,3400873.0
2024-11-05 08:00:00+00:00,5.0,5.0,5.0,5.0,1265851.0
2024-11-05 12:00:00+00:00,5.0,5.0,5.0,5.0,1883036.0
2024-11-05 16:00:00+00:00,5.0,6.0,5.0,6.0,1889744.0
2024-11-05 20:00:00+00:00,6.0,6.0,5.0,5.0,1101847.0
2024-11-06 00:00:00+00:00,5.0,6.0,5.0,6.0,460435.0
2024-11-06 04:00:00+00:00,6.0,6.0,6.0,6.0,1605976.0
2024-11-06 08:00:00+00:00,6.0,7.0,6.0,6.0,884026.0
2024-11-06 12:00:00+00:00,6.0,7.0,6.0,7.0,1089485.0
2024-11-06 16:00:00+00:00,7.0,7.0,7.0,7.0,867640.0
2024-11-06 20:00:00+00:00,7.0,7.0,7.0,7.0,2701276.0
2024-11-07 00:00:00+00:00,7.0,7.0,7.0,7.0,3714956.0
2024-11-07 04:00:00+00:00,7.0,7.0,7.0,7.0,1183089.0
2024-11-07 08:00:00+00:00,7.0,8.0,7.0,8.0,1080288.0
2024-11-07 12:00:00+00:00,8.0,9.0,8.0,9.0,752845.0
2024-11-07 16:00:00+00:00,9.0,9.0,7.0,7.0,2259544.0
2024-11-07 20:00:00+00:00,7.0,8.0,7.0,8.0,3868201.0
2024-11-08 00:00:00+00:00,8.0,8.0,6.0,6.0,1545406.0
2024-11-08 04:00:00+00:00,6.0,7.0,6.0,7.0,445590.0
2024-11-08 08:00:00+00:00,7.0,8.0,7.0,8.0,2105857.0
2024-11-08 12:00:00+00:00,8.0,8.0,7.0,7.0,2441269.0
2024-11-08 16:00:00+00:00,7.0,7.0,6.0,6.0,536439.0
2024-11-08 20:00:00+00:00,6.0,6.0,5.0,5.0,1636317.0
2024-11-09 00:00:00+00:00,5.0,5.0,5.0,5.0,1374919.0
2024-11-09 04:00:00+00:00,5.0,5.0,5.0,5.0,1098199.0
2024-11-09 08:00:00+00:00,5.0,5.0,5.0,5.0,909397.0
2024-11-09 12:00:00+00:00,5.0,6.0,5.0,6.0,2641186.0
2024-11-09 16:00:00+00:00,6.0,8.0,6.0,8.0,1330400.0
2024-11-09 20:00:00+00:00,8.0,8.0,7.0,7.0,596414.0
2024-11-10 00:00:00+00:00,7.0,7.0,7.0,7.0,392780.0
2024-11-10 04:00:00+00:00,7.0,7.0,5.0,5.0,3301837.0
2024-11-10 08:00:00+00:00,5.0,5.0,5.0,5.0,1855032.0
2024-11-10 12:00:00+00:00,5.0,5.0,4.0,5.0,1498511.0
2024-11-10 16:00:00+00:00,5.0,7.0,5.0,6.0,1385675.0
2024-11-10 20:00:00+00:00,6.0,7.0,5.0,5.0,1194014.0
2024-11-11 00:00:00+00:00,5.0,5.0,5.0,5.0,739712.0
2024-11-11 04:00:00+00:00,5.0,5.0,5.0,5.0,815530.0
2024-11-11 08:00:00+00:00,5.0,5.0,5.0,5.0,389519.0
2024-11-11 12:00:00+00:00,5.0,5.0,4.0,4.0,943943.0
2024-11-11 16:00:00+00:00,4.0,5.0,4.0,5.0,1019469.0
2024-11-11 20:00:00+00:00,5.0,5.0,4.0,4.0,1645577.0
2024-11-12 00:00:00+00:00,4.0,4.0,4.0,4.0,986413.0
2024-11-12 04:00:00+00:00,4.0,5.0,4.0,5.0,1848619.0
2024-11-12 08:00:00+00:00,5.0,5.0,5.0,5.0,1969407.0
2024-11-12 12:00:00+00:00,5.0,5.0,4.0,4.0,2024837.0
2024-11-12 16:00:00+00:00,4.0,4.0,4.0,4.0,1327185.0
2024-11-12 20:00:00+00:00,4.0,4.0,4.0,4.0,1045318.0
2024-11-13 00:00:00+00:00,4.0,4.0,4.0,4.0,712770.0
2024-11-13 04:00:00+00:00,4.0,4.0,4.0,4.0,1615605.0
2024-11-13 08:00:00+00:00,4.0,5.0,4.0,5.0,3983422.0
2024-11-13 12:00:00+00:00,5.0,5.0,5.0,5.0,1486707.0
2024-11-13 16:00:00+00:00,5.0,5.0,5.0,5.0,2953385.0
2024-11-13 20:00:00+00:00,5.0,5.0,5.0,5.0,612921.0
2024-11-14 00:00:00+00:00,5.0,6.0,5.0,5.0,645518.0
2024-11-14 04:00:00+00:00,5.0,6.0,5.0,6.0,2344220.0
2024-11-14 08:00:00+00:00,6.0,6.0,6.0,6.0,1331944.0
2024-11-14 12:00:00+00:00,6.0,7.0,6.0,6.0,2020448.0
2024-11-14 16:00:00+00:00,6.0,7.0,6.0,7.0,1191785.0
2024-11-14 20:00:00+00:00,7.0,7.0,5.0,5.0,1105393.0
2024-11-15 00:00:00+00:00,5.0,5.0,4.0,4.0,1353618.0
2024-11-15 04:00:00+00:00,4.0,4.0,3.0,4.0,713966.0
2024-11-15 08:00:00+00:00,4.0,4.0,4.0,4.0,605874.0
2024-11-15 12:00:00+00:00,4.0,5.0,4.0,5.0,2892780.0
2024-11-15 16:00:00+00:00,5.0,6.0,5.0,6.0,3102086.0
2024-11-15 20:00:00+00:00,6.0,7.0,6.0,7.0,1544504.0
2024-11-16 00:00:00+00:00,7.0,7.0,7.0,7.0,518698.0
2024-11-16 04:00:00+00:00,7.0,7.0,5.0,5.0,1512545.0
2024-11-16 08:00:00+00:00,5.0,5.0,5.0,5.0,673753.0
2024-11-16 12:00:00+00:00,5.0,5.0,4.0,4.0,2437241.0
2024-11-16 16:00:00+00:00,4.0,4.0,4.0,4.0,954671.0
2024-11-16 20:00:00+00:00,4.0,4.0,4.0,4.0,624357.0
2024-11-17 00:00:00+00:00,4.0,4.0,3.0,3.0,1229391.0
2024-11-17 04:00:00+00:00,3.0,4.0,2.0,2.0,1371921.0
2024-11-17 08:00:00+00:00,2.0,3.0,2.0,3.0,2809219.0
2024-11-17 12:00:00+00:00,3.0,3.0,2.0,2.0,1025955.0
2024-11-17 16:00:00+00:00,2.0,2.0,2.0,2.0,550903.0
2024-11-17 20:00:00+00:00,2.0,3.0,2.0,3.0,659331.0
2024-11-18 00:00:00+00:00,3.0,3.0,3.0,3.0,1390815.0
2024-11-18 04:00:00+00:00,3.0,3.0,2.0,2.0,1613762.0
2024-11-18 08:00:00+00:00,2.0,2.0,2.0,2.0,551784.0
2024-11-18 12:00:00+00:00,2.0,2.0,2.0,2.0,2712727.0
2024-11-18 16:00:00+00:00,2.0,2.0,2.0,2.0,2628220.0
2024-11-18 20:00:00+00:00,2.0,2.0,2.0,2.0,1530140.0
2024-11-19 00:00:00+00:00,2.0,2.0,2.0,2.0,2423127.0
2024-11-19 04:00:00+00:00,2.0,2.0,2.0,2.0,1682347.0
2024-11-19 08:00:00+00:00,2.0,2.0,2.0,2.0,693335.0
2024-11-19 12:00:00+00:00,2.0,3.0,2.0,3.0,1298827.0
2024-11-19 16:00:00+00:00,3.0,3.0,2.0,2.0,2521163.0
2024-11-19 20:00:00+00:00,2.0,2.0,2.0,2.0,1360208.0
2024-11-20 00:00:00+00:00,2.0,2.0,2.0,2.0,1319311.0
2024-11-20 04:00:00+00:00,2.0,3.0,2.0,3.0,975894.0
2024-11-20 08:00:00+00:00,3.0,3.0,3.0,3.0,1417034.0
2024-11-20 12:00:00+00:00,3.0,3.0,3.0,3.0,780832.0
2024-11-20 16:00:00+00:00,3.0,3.0,3.0,3.0,1116321.0
2024-11-20 20:00:00+00:00,3.0,3.0,3.0,3.0,2314391.0
2024-11-21 00:00:00+00:00,3.0,3.0,3.0,3.0,828509.0
2024-11-21 04:00:00+00:00,3.0,3.0,3.0,3.0,583524.0
2024-11-21 08:00:00+00:00,3.0,3.0,3.0,3.0,688163.0
2024-11-21 12:00:00+00:00,3.0,3.0,3.0,3.0,1925529.0
2024-11-21 16:00:00+00:00,3.0,3.0,3.0,3.0,1149050.0
2024-11-21 20:00:00+00:00,3.0,3.0,3.0,3.0,1407438.0
2024-11-22 00:00:00+00:00,3.0,3.0,3.0,3.0,792012.0
2024-11-22 04:00:00+00:00,3.0,3.0,2.0,2.0,2277653.0
2024-11-22 08:00:00+00:00,2.0,3.0,2.0,3.0,1026477.0
2024-11-22 12:00:00+00:00,3.0,3.0,3.0,3.0,1638244.0
2024-11-22 16:00:00+00:00,3.0,3.0,2.0,2.0,896812.0
2024-11-22 20:00:00+00:00,2.0,2.0,2.0,2.0,808527.0
2024-11-23 00:00:00+00:00,2.0,3.0,2.0,3.0,1177840.0
2024-11-23 04:00:00+00:00,3.0,3.0,2.0,2.0,1624200.0
2024-11-23 08:00:00+00:00,2.0,3.0,2.0,3.0,2355263.0
2024-11-23 12:00:00+00:00,3.0,3.0,3.0,3.0,1661202.0
2024-11-23 16:00:00+00:00,3.0,3.0,3.0,3.0,174275.0
2024-11-23 20:00:00+00:00,3.0,3.0,3.0,3.0,683280.0
2024-11-24 00:00:00+00:00,3.0,3.0,3.0,3.0,927818.0
2024-11-24 04:00:00+00:00,3.0,3.0,3.0,3.0,2623129.0
2024-11-24 08:00:00+00:00,3.0,4.0,3.0,4.0,752780.0
2024-11-24 12:00:00+00:00,4.0,4.0,4.0,4.0,1357566.0
2024-11-24 16:00:00+00:00,4.0,4.0,4.0,4.0,2199843.0
2024-11-24 20:00:00+00:00,4.0,4.0,4.0,4.0,563667.0
2024-11-25 00:00:00+00:00,4.0,4.0,4.0,4.0,1298637.0
2024-11-25 04:00:00+00:00,4.0,4.0,4.0,4.0,727074.0
2024-11-25 08:00:00+00:00,4.0,4.0,4.0,4.0,1173739.0
2024-11-25 12:00:00+00:00,4.0,5.0,4.0,5.0,848939.0
2024-11-25 16:00:00+00:00,5.0,5.0,3.0,3.0,1610324.0
2024-11-25 20:00:00+00:00,3.0,3.0,3.0,3.0,5056113.0
2024-11-26 00:00:00+00:00,3.0,3.0,3.0,3.0,1661001.0
2024-11-26 04:00:00+00:00,3.0,3.0,3.0,3.0,1747144.0
2024-11-26 08:00:00+00:00,3.0,3.0,3.0,3.0,1497500.0
2024-11-26 12:00:00+00:00,3.0,3.0,3.0,3.0,675068.0
2024-11-26 16:00:00+00:00,3.0,4.0,3.0,4.0,1739308.0
2024-11-26 20:00:00+00:00,4.0,4.0,3.0,3.0,2302583.0
2024-11-27 00:00:00+00:00,3.0,4.0,3.0,4.0,772993.0
2024-11-27 04:00:00+00:00,4.0,4.0,3.0,3.0,2326971.0
2024-11-27 08:00:00+00:00,3.0,3.0,2.0,2.0,2303396.0
2024-11-27 12:00:00+00:00,2.0,2.0,2.0,2.0,3233485.0
2024-11-27 16:00:00+00:00,2.0,3.0,2.0,3.0,1127322.0
2024-11-27 20:00:00+00:00,3.0,3.0,2.0,3.0,826039.0
2024-11-28 00:00:00+00:00,3.0,3.0,3.0,3.0,1028208.0
2024-11-28 04:00:00+00:00,3.0,3.0,3.0,3.0,2720979.0
2024-11-28 08:00:00+00:00,3.0,4.0,3.0,4.0,494371.0
2024-11-28 12:00:00+00:00,4.0,4.0,3.0,3.0,457766.0
2024-11-28 16:00:00+00:00,3.0,4.0,3.0,4.0,1250046.0
2024-11-28 20:00:00+00:00,4.0,4.0,4.0,4.0,1090980.0
2024-11-29 00:00:00+00:00,4.0,4.0,4.0,4.0,1345626.0
2024-11-29 04:00:00+00:00,4.0,5.0,4.0,5.0,2464129.0
2024-11-29 08:00:00+00:00,5.0,6.0,5.0,6.0,1001129.0
2024-11-29 12:00:00+00:00,6.0,6.0,6.0,6.0,454368.0
2024-11-29 16:00:00+00:00,6.0,7.0,6.0,7.0,4120520.0
2024-11-29 20:00:00+00:00,7.0,7.0,7.0,7.0,614055.0
2024-11-30 00:00:00+00:00,7.0,7.0,6.0,6.0,818721.0
2024-11-30 04:00:00+00:00,6.0,6.0,6.0,6.0,1862334.0
2024-11-30 08:00:00+00:00,6.0,6.0,5.0,5.0,1100796.0
2024-11-30 12:00:00+00:00,5.0,5.0,5.0,5.0,1262304.0
2024-11-30 16:00:00+00:00,5.0,5.0,5.0,5.0,1354712.0
2024-11-30 20:00:00+00:00,5.0,5.0,4.0,4.0,2329149.0
2024-12-01 00:00:00+00:00,4.0,4.0,4.0,4.0,963016.0
2024-12-01 04:00:00+00:00,4.0,4.0,3.0,3.0,3958489.0
2024-12-01 08:00:00+00:00,3.0,3.0,3.0,3.0,377003.0
2024-12-01 12:00:00+00:00,3.0,3.0,3.0,3.0,1464105.0
2024-12-01 16:00:00+00:00,3.0,3.0,3.0,3.0,894368.0
2024-12-01 20:00:00+00:00,3.0,3.0,3.0,3.0,2576772.0
2024-12-02 00:00:00+00:00,3.0,3.0,3.0,3.0,1527406.0
2024-12-02 04:00:00+00:00,3.0,3.0,2.0,2.0,1230473.0
2024-12-02 08:00:00+00:00,2.0,2.0,2.0,2.0,1869973.0
2024-12-02 12:00:00+00:00,2.0,2.0,2.0,2.0,2102761.0
2024-12-02 16:00:00+00:00,2.0,2.0,2.0,2.0,1960410.0
2024-12-02 20:00:00+00:00,2.0,2.0,2.0,2.0,821098.0
2024-12-03 00:00:00+00:00,2.0,2.0,2.0,2.0,852939.0
2024-12-03 04:00:00+00:00,2.0,2.0,2.0,2.0,1116017.0
2024-12-03 08:00:00+00:00,2.0,2.0,1.0,1.0,1862187.0
2024-12-03 12:00:00+00:00,1.0,1.0,1.0,1.0,1871857.0
2024-12-03 16:00:00+00:00,1.0,1.0,1.0,1.0,568513.0
2024-12-03 20:00:00+00:00,1.0,1.0,1.0,1.0,1214686.0
2024-12-04 00:00:00+00:00,1.0,1.0,1.0,1.0,972498.0
2024-12-04 04:00:00+00:00,1.0,1.0,1.0,1.0,1060627.0
2024-12-04 08:00:00+00:00,1.0,1.0,1.0,1.0,1095690.0
2024-12-04 12:00:00+00:00,1.0,1.0,1.0,1.0,2118200.0
2024-12-04 16:00:00+00:00,1.0,1.0,1.0,1.0,178998.0
2024-12-04 20:00:00+00:00,1.0,1.0,1.0,1.0,1275342.0
2024-12-05 00:00:00+00:00,1.0,1.0,1.0,1.0,1005680.0
2024-12-05 04:00:00+00:00,1.0,1.0,1.0,1.0,1429358.0
2024-12-05 08:00:00+00:00,1.0,1.0,1.0,1.0,815862.0
2024-12-05 12:00:00+00:00,1.0,1.0,1.0,1.0,1224866.0
2024-12-05 16:00:00+00:00,1.0,1.0,1.0,1.0,3107854.0
2024-12-05 20:00:00+00:00,1.0,1.0,1.0,1.0,1997750.0
2024-12-06 00:00:00+00:00,1.0,1.0,1.0,1.0,1928439.0
2024-12-06 04:00:00+00:00,1.0,1.0,1.0,1.0,1151041.0
2024-12-06 08:00:00+00:00,1.0,2.0,1.0,2.0,2942227.0
2024-12-06 12:00:00+00:00,2.0,2.0,2.0,2.0,1047435.0
2024-12-06 16:00:00+00:00,2.0,2.0,2.0,2.0,1113520.0
2024-12-06 20:00:00+00:00,2.0,2.0,2.0,2.0,1240456.0
2024-12-07 00:00:00+00:00,2.0,2.0,1.0,1.0,1323520.0
2024-12-07 04:00:00+00:00,1.0,1.0,1.0,1.0,2767346.0
2024-12-07 08:00:00+00:00,1.0,1.0,1.0,1.0,1092277.0
2024-12-07 12:00:00+00:00,1.0,1.0,1.0,1.0,1682419.0
2024-12-07 16:00:00+00:00,1.0,1.0,1.0,1.0,2214289.0
2024-12-07 20:00:00+00:00,1.0,1.0,1.0,1.0,2292673.0
2024-12-08 00:00:00+00:00,1.0,1.0,1.0,1.0,744217.0
2024-12-08 04:00:00+00:00,1.0,1.0,1.0,1.0,1250395.0
2024-12-08 08:00:00+00:00,1.0,1.0,1.0,1.0,1535009.0
2024-12-08 12:00:00+00:00,1.0,1.0,1.0,1.0,1784030.0
2024-12-08 16:00:00+00:00,1.0,1.0,1.0,1.0,613285.0
2024-12-08 20:00:00+00:00,1.0,1.0,1.0,1.0,985344.0
2024-12-09 00:00:00+00:00,1.0,1.0,1.0,1.0,2284193.0
2024-12-09 04:00:00+00:00,1.0,1.0,1.0,1.0,884913.0
2024-12-09 08:00:00+00:00,1.0,1.0,1.0,1.0,977603.0
2024-12-09 12:00:00+00:00,1.0,1.0,1.0,1.0,3528259.0
2024-12-09 16:00:00+00:00,1.0,1.0,1.0,1.0,1335295.0
2024-12-09 20:00:00+00:00,1.0,1.0,1.0,1.0,843564.0
2024-12-10 00:00:00+00:00,1.0,1.0,1.0,1.0,899235.0
2024-12-10 04:00:00+00:00,1.0,1.0,1.0,1.0,1321871.0
2024-12-10 08:00:00+00:00,1.0,1.0,1.0,1.0,558786.0
2024-12-10 12:00:00+00:00,1.0,1.0,1.0,1.0,1223070.0
2024-12-10 16:00:00+00:00,1.0,1.0,1.0,1.0,1252918.0
2024-12-10 20:00:00+00:00,1.0,1.0,1.0,1.0,2252406.0
2024-12-11 00:00:00+00:00,1.0,1.0,1.0,1.0,1459363.0
2024-12-11 04:00:00+00:00,1.0,1.0,1.0,1.0,783632.0
2024-12-11 08:00:00+00:00,1.0,1.0,1.0,1.0,2272976.0
2024-12-11 12:00:00+00:00,1.0,1.0,0.0,0.0,1804631.0
2024-12-11 16:00:00+00:00,0.0,0.0,0.0,0.0,570969.0
2024-12-11 20:00:00+00:00,0.0,1.0,0.0,1.0,1504191.0
2024-12-12 00:00:00+00:00,1.0,1.0,1.0,1.0,2910834.0
2024-12-12 04:00:00+00:00,1.0,1.0,1.0,1.0,1559470.0
2024-12-12 08:00:00+00:00,1.0,1.0,1.0,1.0,1567439.0
2024-12-12 12:00:00+00:00,1.0,1.0,1.0,1.0,2361008.0
2024-12-12 16:00:00+00:00,1.0,1.0,1.0,1.0,532646.0
2024-12-12 20:00:00+00:00,1.0,1.0,1.0,1.0,670742.0
2024-12-13 00:00:00+00:00,1.0,1.0,1.0,1.0,508529.0
2024-12-13 04:00:00+00:00,1.0,1.0,1.0,1.0,1540467.0
2024-12-13 08:00:00+00:00,1.0,1.0,1.0,1.0,1677236.0
2024-12-13 12:00:00+00:00,1.0,1.0,1.0,1.0,2295113.0
2024-12-13 16:00:00+00:00,1.0,1.0,1.0,1.0,1355811.0
2024-12-13 20:00:00+00:00,1.0,1.0,1.0,1.0,818511.0
2024-12-14 00:00:00+00:00,1.0,1.0,1.0,1.0,1268874.0
2024-12-14 04:00:00+00:00,1.0,1.0,1.0,1.0,1748033.0
2024-12-14 08:00:00+00:00,1.0,1.0,0.0,0.0,880707.0
2024-12-14 12:00:00+00:00,0.0,0.0,0.0,0.0,4831618.0
2024-12-14 16:00:00+00:00,0.0,0.0,0.0,0.0,2007076.0
2024-12-14 20:00:00+00:00,0.0,0.0,0.0,0.0,1362831.0
2024-12-15 00:00:00+00:00,0.0,0.0,0.0,0.0,1448279.0
2024-12-15 04:00:00+00:00,0.0,0.0,0.0,0.0,1713466.0
2024-12-15 08:00:00+00:00,0.0,0.0,0.0,0.0,1542996.0
2024-12-15 12:00:00+00:00,0.0,0.0,0.0,0.0,837842.0
2024-12-15 16:00:00+00:00,0.0,0.0,0.0,0.0,1534321.0
2024-12-15 20:00:00+00:00,0.0,0.0,0.0,0.0,1554397.0
2024-12-16 00:00:00+00:00,0.0,0.0,0.0,0.0,1007656.0
2024-12-16 04:00:00+00:00,0.0,0.0,0.0,0.0,2987282.0
2024-12-16 08:00:00+00:00,0.0,0.0,0.0,0.0,1195376.0
2024-12-16 12:00:00+00:00,0.0,0.0,0.0,0.0,1873453.0
2024-12-16 16:00:00+00:00,0.0,0.0,0.0,0.0,2969376.0
2024-12-16 20:00:00+00:00,0.0,0.0,0.0,0.0,1716043.0
2024-12-17 00:00:00+00:00,0.0,0.0,0.0,0.0,1605128.0
2024-12-17 04:00:00+00:00,0.0,0.0,0.0,0.0,1756047.0
2024-12-17 08:00:00+00:00,0.0,0.0,0.0,0.0,977211.0
2024-12-17 12:00:00+00:00,0.0,0.0,0.0,0.0,1427558.0
2024-12-17 16:00:00+00:00,0.0,0.0,0.0,0.0,1606023.0
2024-12-17 20:00:00+00:00,0.0,0.0,0.0,0.0,950697.0
2024-12-18 00:00:00+00:00,0.0,0.0,0.0,0.0,5547337.0
2024-12-18 04:00:00+00:00,0.0,0.0,0.0,0.0,694376.0
2024-12-18 08:00:00+00:00,0.0,0.0,0.0,0.0,673632.0
2024-12-18 12:00:00+00:00,0.0,0.0,0.0,0.0,2210895.0
2024-12-18 16:00:00+00:00,0.0,0.0,0.0,0.0,1818931.0
2024-12-18 20:00:00+00:00,0.0,0.0,0.0,0.0,744182.0
2024-12-19 00:00:00+00:00,0.0,0.0,0.0,0.0,1451505.0
2024-12-19 04:00:00+00:00,0.0,0.0,0.0,0.0,2125454.0
2024-12-19 08:00:00+00:00,0.0,0.0,0.0,0.0,1421656.0
2024-12-19 12:00:00+00:00,0.0,0.0,0.0,0.0,4896458.0
2024-12-19 16:00:00+00:00,0.0,0.0,0.0,0.0,519052.0
2024-12-19 20:00:00+00:00,0.0,0.0,0.0,0.0,1557614.0
2024-12-20 00:00:00+00:00,0.0,0.0,0.0,0.0,2590379.0
2024-12-20 04:00:00+00:00,0.0,0.0,0.0,0.0,3359220.0
2024-12-20 08:00:00+00:00,0.0,0.0,0.0,0.0,978842.0
2024-12-20 12:00:00+00:00,0.0,0.0,0.0,0.0,1805321.0
2024-12-20 16:00:00+00:00,0.0,0.0,0.0,0.0,1691770.0
2024-12-20 20:00:00+00:00,0.0,0.0,0.0,0.0,1513975.0
2024-12-21 00:00:00+00:00,0.0,0.0,0.0,0.0,1506606.0
2024-12-21 04:00:00+00:00,0.0,0.0,0.0,0.0,1701964.0
2024-12-21 08:00:00+00:00,0.0,0.0,0.0,0.0,747224.0
2024-12-21 12:00:00+00:00,0.0,0.0,0.0,0.0,1364992.0
2024-12-21 16:00:00+00:00,0.0,0.0,0.0,0.0,939465.0
2024-12-21 20:00:00+00:00,0.0,0.0,0.0,0.0,1091231.0
2024-12-22 00:00:00+00:00,0.0,0.0,0.0,0.0,2201000.0
2024-12-22 04:00:00+00:00,0.0,0.0,0.0,0.0,1265478.0
2024-12-22 08:00:00+00:00,0.0,0.0,0.0,0.0,3720403.0
2024-12-22 12:00:00+00:00,0.0,0.0,0.0,0.0,1432051.0
2024-12-22 16:00:00+00:00,0.0,0.0,0.0,0.0,1306314.0
2024-12-22 20:00:00+00:00,0.0,0.0,0.0,0.0,1220884.0
2024-12-23 00:00:00+00:00,0.0,0.0,0.0,0.0,913467.0
2024-12-23 04:00:00+00:00,0.0,0.0,0.0,0.0,1017495.0
2024-12-23 08:00:00+00:00,0.0,0.0,0.0,0.0,2977673.0
2024-12-23 12:00:00+00:00,0.0,0.0,0.0,0.0,1647389.0
2024-12-23 16:00:00+00:00,0.0,0.0,0.0,0.0,1115671.0
2024-12-23 20:00:00+00:00,0.0,0.0,0.0,0.0,677252.0
2024-12-24 00:00:00+00:00,0.0,0.0,0.0,0.0,817819.0
2024-12-24 04:00:00+00:00,0.0,0.0,0.0,0.0,1119047.0
2024-12-24 08:00:00+00:00,0.0,0.0,0.0,0.0,2016313.0
2024-12-24 12:00:00+00:00,0.0,0.0,0.0,0.0,562309.0
2024-12-24 16:00:00+00:00,0.0,0.0,0.0,0.0,1424648.0
2024-12-24 20:00:00+00:00,0.0,0.0,0.0,0.0,1847815.0
2024-12-25 00:00:00+00:00,0.0,0.0,0.0,0.0,548344.0
2024-12-25 04:00:00+00:00,0.0,0.0,0.0,0.0,689017.0
2024-12-25 08:00:00+00:00,0.0,0.0,0.0,0.0,1233874.0
2024-12-25 12:00:00+00:00,0.0,0.0,0.0,0.0,724092.0
2024-12-25 16:00:00+00:00,0.0,0.0,0.0,0.0,1924810.0
2024-12-25 20:00:00+00:00,0.0,0.0,0.0,0.0,932474.0
2024-12-26 00:00:00+00:00,0.0,0.0,0.0,0.0,835832.0
2024-12-26 04:00:00+00:00,0.0,0.0,0.0,0.0,1935653.0
2024-12-26 08:00:00+00:00,0.0,0.0,0.0,0.0,3021099.0
2024-12-26 12:00:00+00:00,0.0,0.0,0.0,0.0,2650875.0
2024-12-26 16:00:00+00:00,0.0,0.0,0.0,0.0,436709.0
2024-12-26 20:00:00+00:00,0.0,0.0,0.0,0.0,2105184.0
2024-12-27 00:00:00+00:00,0.0,0.0,0.0,0.0,1145120.0
2024-12-27 04:00:00+00:00,0.0,0.0,0.0,0.0,1620385.0
2024-12-27 08:00:00+00:00,0.0,0.0,0.0,0.0,910893.0
2024-12-27 12:00:00+00:00,0.0,0.0,0.0,0.0,1299020.0
2024-12-27 16:00:00+00:00,0.0,0.0,0.0,0.0,1632715.0
2024-12-27 20:00:00+00:00,0.0,0.0,0.0,0.0,1281558.0
2024-12-28 00:00:00+00:00,0.0,0.0,0.0,0.0,930242.0
2024-12-28 04:00:00+00:00,0.0,0.0,0.0,0.0,1090202.0
2024-12-28 08:00:00+00:00,0.0,0.0,0.0,0.0,1759990.0
2024-12-28 12:00:00+00:00,0.0,0.0,0.0,0.0,1490706.0
2024-12-28 16:00:00+00:00,0.0,0.0,0.0,0.0,1854265.0
2024-12-28 20:00:00+00:00,0.0,0.0,0.0,0.0,1128355.0
2024-12-29 00:00:00+00:00,0.0,0.0,0.0,0.0,1191537.0
2024-12-29 04:00:00+00:00,0.0,0.0,0.0,0.0,1848452.0
2024-12-29 08:00:00+00:00,0.0,0.0,0.0,0.0,1913742.0
2024-12-29 12:00:00+00:00,0.0,0.0,0.0,0.0,1335233.0
2024-12-29 16:00:00+00:00,0.0,0.0,0.0,0.0,1737495.0
2024-12-29 20:00:00+00:00,0.0,0.0,0.0,0.0,1896160.0
2024-12-30 00:00:00+00:00,0.0,0.0,0.0,0.0,609608.0
2024-12-30 04:00:00+00:00,0.0,0.0,0.0,0.0,1734357.0
2024-12-30 08:00:00+00:00,0.0,0.0,0.0,0.0,1455478.0
2024-12-30 12:00:00+00:00,0.0,0.0,0.0,0.0,1494539.0
2024-12-30 16:00:00+00:00,0.0,0.0,0.0,0.0,1012573.0
2024-12-30 20:00:00+00:00,0.0,0.0,0.0,0.0,1205657.0
2024-12-31 00:00:00+00:00,0.0,0.0,0.0,0.0,1071041.0
2024-12-31 04:00:00+00:00,0.0,0.0,0.0,0.0,2836749.0
2024-12-31 08:00:00+00:00,0.0,0.0,0.0,0.0,1625323.0
2024-12-31 12:00:00+00:00,0.0,0.0,0.0,0.0,1429551.0
2024-12-31 16:00:00+00:00,0.0,0.0,0.0,0.0,934944.0
2024-12-31 20:00:00+00:00,0.0,0.0,0.0,0.0,1156550.0
