timestamp,open,high,low,close,volume
2024-01-02 00:00:00+00:00,0.08,0.0838,0.0786,0.08,1342155.0
2024-01-02 04:00:00+00:00,0.08,0.0834,0.0799,0.0832,1047743.0
2024-01-02 08:00:00+00:00,0.0832,0.0872,0.0811,0.0821,1824078.0
2024-01-02 12:00:00+00:00,0.0821,0.0942,0.0803,0.0874,769902.0
2024-01-02 16:00:00+00:00,0.0874,0.1027,0.0857,0.1021,1006651.0
2024-01-02 20:00:00+00:00,0.1021,0.1075,0.0963,0.099,1808280.0
2024-01-03 00:00:00+00:00,0.099,0.0997,0.095,0.096,1069398.0
2024-01-03 04:00:00+00:00,0.096,0.117,0.0956,0.1168,3290034.0
2024-01-03 08:00:00+00:00,0.1168,0.131,0.1161,0.1303,962557.0
2024-01-03 12:00:00+00:00,0.1303,0.132,0.1205,0.1212,1177151.0
2024-01-03 16:00:00+00:00,0.1212,0.1312,0.1211,0.1311,785462.0
2024-01-03 20:00:00+00:00,0.1311,0.1322,0.1207,0.1221,1211255.0
2024-01-04 00:00:00+00:00,0.1221,0.1256,0.1079,0.1136,576625.0
2024-01-04 04:00:00+00:00,0.1136,0.118,0.1133,0.1178,870552.0
2024-01-04 08:00:00+00:00,0.1178,0.1186,0.082,0.0841,906466.0
2024-01-04 12:00:00+00:00,0.0841,0.0859,0.0608,0.0624,2509616.0
2024-01-04 16:00:00+00:00,0.0624,0.0645,0.0559,0.0572,1789393.0
2024-01-04 20:00:00+00:00,0.0572,0.0587,0.0467,0.0485,611770.0
2024-01-05 00:00:00+00:00,0.0485,0.0515,0.0484,0.0509,2229173.0
2024-01-05 04:00:00+00:00,0.0509,0.0519,0.0415,0.044,4900046.0
2024-01-05 08:00:00+00:00,0.044,0.0449,0.0345,0.0347,1670477.0
2024-01-05 12:00:00+00:00,0.0347,0.0425,0.0347,0.0424,1206714.0
2024-01-05 16:00:00+00:00,0.0424,0.0426,0.0406,0.041,4508265.0
2024-01-05 20:00:00+00:00,0.041,0.0419,0.0404,0.0415,534616.0
2024-01-06 00:00:00+00:00,0.0415,0.0416,0.0327,0.0327,1648180.0
2024-01-06 04:00:00+00:00,0.0327,0.0331,0.0298,0.0301,1357906.0
2024-01-06 08:00:00+00:00,0.0301,0.0308,0.0296,0.0306,2064573.0
2024-01-06 12:00:00+00:00,0.0306,0.0307,0.0254,0.0254,1809418.0
2024-01-06 16:00:00+00:00,0.0254,0.027,0.0251,0.0269,914261.0
2024-01-06 20:00:00+00:00,0.0269,0.0275,0.0243,0.0245,786904.0
2024-01-07 00:00:00+00:00,0.0245,0.0246,0.0232,0.0235,949915.0
2024-01-07 04:00:00+00:00,0.0235,0.0235,0.0214,0.0214,765431.0
2024-01-07 08:00:00+00:00,0.0214,0.0274,0.0214,0.0274,1882522.0
2024-01-07 12:00:00+00:00,0.0274,0.0275,0.0272,0.0273,755298.0
2024-01-07 16:00:00+00:00,0.0273,0.0283,0.0228,0.0231,693359.0
2024-01-07 20:00:00+00:00,0.0231,0.0261,0.023,0.026,2575383.0
2024-01-08 00:00:00+00:00,0.026,0.0263,0.0211,0.0213,1204235.0
2024-01-08 04:00:00+00:00,0.0213,0.022,0.0212,0.022,582936.0
2024-01-08 08:00:00+00:00,0.022,0.0221,0.0155,0.0156,1725332.0
2024-01-08 12:00:00+00:00,0.0156,0.016,0.0123,0.0125,1647894.0
2024-01-08 16:00:00+00:00,0.0125,0.0131,0.0124,0.0129,456787.0
2024-01-08 20:00:00+00:00,0.0129,0.0143,0.0129,0.0143,1578903.0
2024-01-09 00:00:00+00:00,0.0143,0.0148,0.0142,0.0147,641280.0
2024-01-09 04:00:00+00:00,0.0147,0.0147,0.0145,0.0145,2462141.0
2024-01-09 08:00:00+00:00,0.0145,0.0146,0.0138,0.0139,1467268.0
2024-01-09 12:00:00+00:00,0.0139,0.014,0.0107,0.0108,1358942.0
2024-01-09 16:00:00+00:00,0.0108,0.0108,0.0097,0.0097,908223.0
2024-01-09 20:00:00+00:00,0.0097,0.0097,0.009,0.009,1140133.0
2024-01-10 00:00:00+00:00,0.009,0.0105,0.009,0.0105,2012612.0
2024-01-10 04:00:00+00:00,0.0105,0.0113,0.0102,0.011,1145748.0
2024-01-10 08:00:00+00:00,0.011,0.0117,0.0078,0.0081,1603585.0
2024-01-10 12:00:00+00:00,0.0081,0.0086,0.0081,0.0085,1185851.0
2024-01-10 16:00:00+00:00,0.0085,0.0086,0.0079,0.0081,863124.0
2024-01-10 20:00:00+00:00,0.0081,0.0081,0.0072,0.0073,1093861.0
2024-01-11 00:00:00+00:00,0.0073,0.008,0.0072,0.0079,451558.0
2024-01-11 04:00:00+00:00,0.0079,0.0093,0.0078,0.0092,2391962.0
2024-01-11 08:00:00+00:00,0.0092,0.0107,0.0089,0.0105,1654773.0
2024-01-11 12:00:00+00:00,0.0105,0.0108,0.0089,0.0092,931675.0
2024-01-11 16:00:00+00:00,0.0092,0.0093,0.0087,0.0088,2927892.0
2024-01-11 20:00:00+00:00,0.0088,0.0093,0.0088,0.0092,1206544.0
2024-01-12 00:00:00+00:00,0.0092,0.0108,0.0091,0.0106,860806.0
2024-01-12 04:00:00+00:00,0.0106,0.0106,0.0098,0.0099,1856292.0
2024-01-12 08:00:00+00:00,0.0099,0.0099,0.0095,0.0096,1314682.0
2024-01-12 12:00:00+00:00,0.0096,0.0096,0.008,0.008,1817068.0
2024-01-12 16:00:00+00:00,0.008,0.0081,0.0065,0.0066,1238386.0
2024-01-12 20:00:00+00:00,0.0066,0.0075,0.0066,0.0074,1718300.0
2024-01-13 00:00:00+00:00,0.0074,0.009,0.0074,0.009,1418117.0
2024-01-13 04:00:00+00:00,0.009,0.0091,0.0086,0.0089,1355193.0
2024-01-13 08:00:00+00:00,0.0089,0.0102,0.0089,0.0102,560462.0
2024-01-13 12:00:00+00:00,0.0102,0.0109,0.0101,0.0108,940856.0
2024-01-13 16:00:00+00:00,0.0108,0.0108,0.0098,0.0098,3038207.0
2024-01-13 20:00:00+00:00,0.0098,0.0103,0.0098,0.0103,796367.0
2024-01-14 00:00:00+00:00,0.0103,0.0127,0.0103,0.0127,1255571.0
2024-01-14 04:00:00+00:00,0.0127,0.0128,0.0127,0.0127,807459.0
2024-01-14 08:00:00+00:00,0.0127,0.0161,0.0125,0.0156,926025.0
2024-01-14 12:00:00+00:00,0.0156,0.0157,0.0095,0.0095,720340.0
2024-01-14 16:00:00+00:00,0.0095,0.0112,0.0093,0.0107,1225896.0
2024-01-14 20:00:00+00:00,0.0107,0.011,0.0107,0.0109,1118431.0
2024-01-15 00:00:00+00:00,0.0109,0.0109,0.0104,0.0104,1098665.0
2024-01-15 04:00:00+00:00,0.0104,0.0107,0.0103,0.0106,973851.0
2024-01-15 08:00:00+00:00,0.0106,0.0107,0.0074,0.0075,1924134.0
2024-01-15 12:00:00+00:00,0.0075,0.0076,0.0072,0.0072,1823125.0
2024-01-15 16:00:00+00:00,0.0072,0.0077,0.0072,0.0076,1060346.0
2024-01-15 20:00:00+00:00,0.0076,0.0094,0.0076,0.0093,1253737.0
2024-01-16 00:00:00+00:00,0.0093,0.0094,0.0083,0.0086,1066753.0
2024-01-16 04:00:00+00:00,0.0086,0.0088,0.0073,0.0076,1814816.0
2024-01-16 08:00:00+00:00,0.0076,0.0078,0.0069,0.007,2472466.0
2024-01-16 12:00:00+00:00,0.007,0.0081,0.007,0.008,1035242.0
2024-01-16 16:00:00+00:00,0.008,0.0085,0.0079,0.0084,1211662.0
2024-01-16 20:00:00+00:00,0.0084,0.0085,0.0078,0.0078,1460527.0
2024-01-17 00:00:00+00:00,0.0078,0.0084,0.0077,0.0084,752516.0
2024-01-17 04:00:00+00:00,0.0084,0.0085,0.0084,0.0085,1059507.0
2024-01-17 08:00:00+00:00,0.0085,0.0098,0.0084,0.0098,691188.0
2024-01-17 12:00:00+00:00,0.0098,0.0098,0.0087,0.0088,541321.0
2024-01-17 16:00:00+00:00,0.0088,0.0088,0.0083,0.0083,1372536.0
2024-01-17 20:00:00+00:00,0.0083,0.0085,0.0077,0.0079,967026.0
2024-01-18 00:00:00+00:00,0.0079,0.0079,0.0061,0.0061,1829863.0
2024-01-18 04:00:00+00:00,0.0061,0.0064,0.0061,0.0064,1127792.0
2024-01-18 08:00:00+00:00,0.0064,0.0067,0.0064,0.0067,688656.0
2024-01-18 12:00:00+00:00,0.0067,0.0069,0.0065,0.0067,984318.0
2024-01-18 16:00:00+00:00,0.0067,0.0068,0.0064,0.0065,593507.0
2024-01-18 20:00:00+00:00,0.0065,0.0065,0.0051,0.0051,3263167.0
2024-01-19 00:00:00+00:00,0.0051,0.0052,0.0047,0.0048,601524.0
2024-01-19 04:00:00+00:00,0.0048,0.0049,0.0045,0.0046,1042704.0
2024-01-19 08:00:00+00:00,0.0046,0.0046,0.004,0.004,805735.0
2024-01-19 12:00:00+00:00,0.004,0.0041,0.0039,0.0039,1421052.0
2024-01-19 16:00:00+00:00,0.0039,0.0042,0.0039,0.0042,1004583.0
2024-01-19 20:00:00+00:00,0.0042,0.0054,0.0042,0.0054,1429565.0
2024-01-20 00:00:00+00:00,0.0054,0.0055,0.0054,0.0055,1658471.0
2024-01-20 04:00:00+00:00,0.0055,0.0059,0.0054,0.0057,1136401.0
2024-01-20 08:00:00+00:00,0.0057,0.0058,0.0056,0.0057,1333155.0
2024-01-20 12:00:00+00:00,0.0057,0.0057,0.0041,0.0041,1133197.0
2024-01-20 16:00:00+00:00,0.0041,0.0041,0.004,0.0041,499455.0
2024-01-20 20:00:00+00:00,0.0041,0.0041,0.0041,0.0041,1087111.0
2024-01-21 00:00:00+00:00,0.0041,0.0056,0.0041,0.0056,1779533.0
2024-01-21 04:00:00+00:00,0.0056,0.0057,0.0054,0.0054,1481347.0
2024-01-21 08:00:00+00:00,0.0054,0.0057,0.0054,0.0057,1094589.0
2024-01-21 12:00:00+00:00,0.0057,0.0057,0.0056,0.0057,1121451.0
2024-01-21 16:00:00+00:00,0.0057,0.0057,0.0047,0.0047,672887.0
2024-01-21 20:00:00+00:00,0.0047,0.0055,0.0047,0.0055,3901546.0
2024-01-22 00:00:00+00:00,0.0055,0.0063,0.0052,0.0061,1235913.0
2024-01-22 04:00:00+00:00,0.0061,0.0069,0.0061,0.0069,1926533.0
2024-01-22 08:00:00+00:00,0.0069,0.0069,0.0059,0.0059,925605.0
2024-01-22 12:00:00+00:00,0.0059,0.0072,0.0059,0.0072,1906589.0
2024-01-22 16:00:00+00:00,0.0072,0.0072,0.0057,0.0057,848510.0
2024-01-22 20:00:00+00:00,0.0057,0.0062,0.0057,0.0062,1588604.0
2024-01-23 00:00:00+00:00,0.0062,0.0083,0.0061,0.0082,1664535.0
2024-01-23 04:00:00+00:00,0.0082,0.0086,0.0068,0.007,1463884.0
2024-01-23 08:00:00+00:00,0.007,0.007,0.0064,0.0064,1774580.0
2024-01-23 12:00:00+00:00,0.0064,0.0066,0.0064,0.0065,565797.0
2024-01-23 16:00:00+00:00,0.0065,0.0066,0.006,0.006,867976.0
2024-01-23 20:00:00+00:00,0.006,0.0062,0.0046,0.0046,2130254.0
2024-01-24 00:00:00+00:00,0.0046,0.0047,0.0046,0.0047,2951645.0
2024-01-24 04:00:00+00:00,0.0047,0.0047,0.0039,0.004,1372604.0
2024-01-24 08:00:00+00:00,0.004,0.0042,0.0039,0.0042,1634234.0
2024-01-24 12:00:00+00:00,0.0042,0.0043,0.0036,0.0037,1337343.0
2024-01-24 16:00:00+00:00,0.0037,0.0046,0.0036,0.0045,4490562.0
2024-01-24 20:00:00+00:00,0.0045,0.0045,0.004,0.004,563359.0
2024-01-25 00:00:00+00:00,0.004,0.004,0.0038,0.0038,1197346.0
2024-01-25 04:00:00+00:00,0.0038,0.0044,0.0037,0.0043,607322.0
2024-01-25 08:00:00+00:00,0.0043,0.0043,0.0034,0.0035,442904.0
2024-01-25 12:00:00+00:00,0.0035,0.0038,0.0033,0.0036,1282523.0
2024-01-25 16:00:00+00:00,0.0036,0.0044,0.0035,0.0043,1706090.0
2024-01-25 20:00:00+00:00,0.0043,0.0043,0.0033,0.0033,1492051.0
2024-01-26 00:00:00+00:00,0.0033,0.0034,0.0033,0.0034,1029884.0
2024-01-26 04:00:00+00:00,0.0034,0.0035,0.0033,0.0035,5272011.0
2024-01-26 08:00:00+00:00,0.0035,0.0039,0.0035,0.0039,1190746.0
2024-01-26 12:00:00+00:00,0.0039,0.004,0.0032,0.0032,2004993.0
2024-01-26 16:00:00+00:00,0.0032,0.0032,0.0025,0.0026,1150020.0
2024-01-26 20:00:00+00:00,0.0026,0.0028,0.0026,0.0028,1434869.0
2024-01-27 00:00:00+00:00,0.0028,0.0029,0.0027,0.0029,1009099.0
2024-01-27 04:00:00+00:00,0.0029,0.003,0.0029,0.003,908800.0
2024-01-27 08:00:00+00:00,0.003,0.0033,0.0029,0.0032,2877944.0
2024-01-27 12:00:00+00:00,0.0032,0.0032,0.0028,0.0029,2346919.0
2024-01-27 16:00:00+00:00,0.0029,0.003,0.0028,0.003,1186165.0
2024-01-27 20:00:00+00:00,0.003,0.0031,0.0029,0.0031,358685.0
2024-01-28 00:00:00+00:00,0.0031,0.0031,0.0028,0.0028,1100422.0
2024-01-28 04:00:00+00:00,0.0028,0.0036,0.0027,0.0035,7119992.0
2024-01-28 08:00:00+00:00,0.0035,0.0038,0.0035,0.0038,1084143.0
2024-01-28 12:00:00+00:00,0.0038,0.0038,0.0031,0.0031,2660634.0
2024-01-28 16:00:00+00:00,0.0031,0.0035,0.0031,0.0034,2671315.0
2024-01-28 20:00:00+00:00,0.0034,0.0035,0.0029,0.0029,1601020.0
2024-01-29 00:00:00+00:00,0.0029,0.0033,0.0029,0.0033,891367.0
2024-01-29 04:00:00+00:00,0.0033,0.0039,0.0031,0.0039,451313.0
2024-01-29 08:00:00+00:00,0.0039,0.0039,0.0033,0.0034,1922464.0
2024-01-29 12:00:00+00:00,0.0034,0.0039,0.0034,0.0039,956425.0
2024-01-29 16:00:00+00:00,0.0039,0.0042,0.0038,0.0041,1299217.0
2024-01-29 20:00:00+00:00,0.0041,0.0047,0.0041,0.0046,735476.0
2024-01-30 00:00:00+00:00,0.0046,0.0061,0.0045,0.006,1626908.0
2024-01-30 04:00:00+00:00,0.006,0.006,0.0057,0.0058,1125092.0
2024-01-30 08:00:00+00:00,0.0058,0.0058,0.005,0.0051,1526843.0
2024-01-30 12:00:00+00:00,0.0051,0.0052,0.0043,0.0044,799470.0
2024-01-30 16:00:00+00:00,0.0044,0.0044,0.0039,0.0039,2479258.0
2024-01-30 20:00:00+00:00,0.0039,0.004,0.0038,0.0039,764416.0
2024-01-31 00:00:00+00:00,0.0039,0.0041,0.0039,0.0041,500661.0
2024-01-31 04:00:00+00:00,0.0041,0.0043,0.0041,0.0042,1069208.0
2024-01-31 08:00:00+00:00,0.0042,0.0048,0.0042,0.0048,1400782.0
2024-01-31 12:00:00+00:00,0.0048,0.0049,0.0045,0.0048,1095104.0
2024-01-31 16:00:00+00:00,0.0048,0.0059,0.0047,0.0058,3259527.0
2024-01-31 20:00:00+00:00,0.0058,0.0059,0.0055,0.0056,989939.0
2024-02-01 00:00:00+00:00,0.0056,0.008,0.0056,0.0079,2099669.0
2024-02-01 04:00:00+00:00,0.0079,0.0087,0.0078,0.0086,741144.0
2024-02-01 08:00:00+00:00,0.0086,0.0089,0.0073,0.0076,2080814.0
2024-02-01 12:00:00+00:00,0.0076,0.0076,0.0063,0.0064,1619196.0
2024-02-01 16:00:00+00:00,0.0064,0.0069,0.0063,0.0068,990884.0
2024-02-01 20:00:00+00:00,0.0068,0.0068,0.0066,0.0066,422547.0
2024-02-02 00:00:00+00:00,0.0066,0.0075,0.0065,0.0073,2731846.0
2024-02-02 04:00:00+00:00,0.0073,0.008,0.0072,0.0079,659558.0
2024-02-02 08:00:00+00:00,0.0079,0.0079,0.0078,0.0078,764225.0
2024-02-02 12:00:00+00:00,0.0078,0.0078,0.0068,0.0068,1640331.0
2024-02-02 16:00:00+00:00,0.0068,0.007,0.0052,0.0053,921312.0
2024-02-02 20:00:00+00:00,0.0053,0.0053,0.0049,0.0049,566324.0
2024-02-03 00:00:00+00:00,0.0049,0.0057,0.0049,0.0056,481097.0
2024-02-03 04:00:00+00:00,0.0056,0.0059,0.0053,0.0058,1580902.0
2024-02-03 08:00:00+00:00,0.0058,0.0058,0.0047,0.0047,1183554.0
2024-02-03 12:00:00+00:00,0.0047,0.0049,0.0047,0.0048,4685309.0
2024-02-03 16:00:00+00:00,0.0048,0.0052,0.0048,0.0051,717539.0
2024-02-03 20:00:00+00:00,0.0051,0.0054,0.005,0.0054,6293149.0
2024-02-04 00:00:00+00:00,0.0045,0.0052,0.0044,0.0052,5812994.0
2024-02-04 04:00:00+00:00,0.0046,0.005,0.0044,0.005,8361574.0
2024-02-04 08:00:00+00:00,0.0046,0.0046,0.0038,0.004,8518243.0
2024-02-04 12:00:00+00:00,0.0039,0.0041,0.0038,0.0041,1585911.0
2024-02-04 16:00:00+00:00,0.0041,0.0045,0.004,0.0044,771880.0
2024-02-04 20:00:00+00:00,0.0044,0.0052,0.0043,0.0051,748832.0
2024-02-05 00:00:00+00:00,0.0051,0.006,0.0051,0.006,602686.0
2024-02-05 04:00:00+00:00,0.006,0.006,0.0046,0.0047,530649.0
2024-02-05 08:00:00+00:00,0.0047,0.0048,0.0041,0.0041,1092148.0
2024-02-05 12:00:00+00:00,0.0041,0.0044,0.0041,0.0044,1065696.0
2024-02-05 16:00:00+00:00,0.0044,0.0048,0.0044,0.0048,903018.0
2024-02-05 20:00:00+00:00,0.0048,0.0052,0.0046,0.0051,2306905.0
2024-02-06 00:00:00+00:00,0.0051,0.0081,0.0051,0.0081,5064695.0
2024-02-06 04:00:00+00:00,0.0081,0.0089,0.0081,0.0089,1069247.0
2024-02-06 08:00:00+00:00,0.0089,0.0104,0.0088,0.0104,619149.0
2024-02-06 12:00:00+00:00,0.0104,0.0122,0.0102,0.0119,1082105.0
2024-02-06 16:00:00+00:00,0.0119,0.0133,0.0118,0.0131,963471.0
2024-02-06 20:00:00+00:00,0.0131,0.0132,0.0123,0.0125,816810.0
2024-02-07 00:00:00+00:00,0.0125,0.014,0.0125,0.014,951642.0
2024-02-07 04:00:00+00:00,0.014,0.014,0.0122,0.0124,966783.0
2024-02-07 08:00:00+00:00,0.0124,0.0125,0.0119,0.012,905984.0
2024-02-07 12:00:00+00:00,0.012,0.0121,0.0108,0.0111,881312.0
2024-02-07 16:00:00+00:00,0.0111,0.0115,0.0108,0.0113,1158939.0
2024-02-07 20:00:00+00:00,0.0113,0.0152,0.0113,0.0152,2445116.0
2024-02-08 00:00:00+00:00,0.0152,0.0154,0.0109,0.011,1162437.0
2024-02-08 04:00:00+00:00,0.011,0.0121,0.011,0.0121,2485208.0
2024-02-08 08:00:00+00:00,0.0121,0.0123,0.0092,0.0092,1052605.0
2024-02-08 12:00:00+00:00,0.0092,0.0092,0.0086,0.0086,536593.0
2024-02-08 16:00:00+00:00,0.0086,0.0101,0.0086,0.01,1811562.0
2024-02-08 20:00:00+00:00,0.01,0.0102,0.01,0.0102,688696.0
2024-02-09 00:00:00+00:00,0.0102,0.0102,0.0084,0.0085,1730130.0
2024-02-09 04:00:00+00:00,0.0085,0.0086,0.0076,0.0077,395178.0
2024-02-09 08:00:00+00:00,0.0077,0.0077,0.0064,0.0064,16193215.0
2024-02-09 12:00:00+00:00,0.0085,0.0085,0.0063,0.0063,11365743.0
2024-02-09 16:00:00+00:00,0.0075,0.0078,0.0069,0.0069,3206797.0
2024-02-09 20:00:00+00:00,0.0078,0.0081,0.0072,0.0072,3016042.0
2024-02-10 00:00:00+00:00,0.0079,0.0079,0.0067,0.0067,18193726.0
2024-02-10 04:00:00+00:00,0.0071,0.0095,0.0071,0.009,8383342.0
2024-02-10 08:00:00+00:00,0.0095,0.0105,0.0094,0.0104,851699.0
2024-02-10 12:00:00+00:00,0.0104,0.0104,0.0072,0.0072,613240.0
2024-02-10 16:00:00+00:00,0.0072,0.0075,0.0072,0.0075,915521.0
2024-02-10 20:00:00+00:00,0.0075,0.0075,0.0067,0.0067,1151822.0
2024-02-11 00:00:00+00:00,0.0067,0.0079,0.0066,0.0076,1988724.0
2024-02-11 04:00:00+00:00,0.0076,0.0077,0.0066,0.0067,670537.0
2024-02-11 08:00:00+00:00,0.0067,0.0068,0.0066,0.0066,488518.0
2024-02-11 12:00:00+00:00,0.0066,0.0073,0.0066,0.0071,1544286.0
2024-02-11 16:00:00+00:00,0.0071,0.0081,0.0071,0.0081,2309946.0
2024-02-11 20:00:00+00:00,0.0081,0.0081,0.0066,0.0067,699035.0
2024-02-12 00:00:00+00:00,0.0067,0.0068,0.0063,0.0063,1964467.0
2024-02-12 04:00:00+00:00,0.0063,0.0063,0.0059,0.0059,1230080.0
2024-02-12 08:00:00+00:00,0.0059,0.0059,0.0053,0.0053,2222549.0
2024-02-12 12:00:00+00:00,0.0053,0.0068,0.0053,0.0068,1738670.0
2024-02-12 16:00:00+00:00,0.0068,0.0072,0.0067,0.0072,336737.0
2024-02-12 20:00:00+00:00,0.0072,0.0073,0.0055,0.0058,1447007.0
2024-02-13 00:00:00+00:00,0.0058,0.0067,0.0058,0.0067,2411121.0
2024-02-13 04:00:00+00:00,0.0067,0.0088,0.0066,0.0088,1254257.0
2024-02-13 08:00:00+00:00,0.0088,0.0102,0.0088,0.0102,1211177.0
2024-02-13 12:00:00+00:00,0.0102,0.0106,0.0076,0.0079,1536521.0
2024-02-13 16:00:00+00:00,0.0079,0.0079,0.0073,0.0073,284433.0
2024-02-13 20:00:00+00:00,0.0073,0.0088,0.0073,0.0087,3633972.0
2024-02-14 00:00:00+00:00,0.0087,0.0088,0.0077,0.0078,836664.0
2024-02-14 04:00:00+00:00,0.0078,0.0085,0.0078,0.0083,1551690.0
2024-02-14 08:00:00+00:00,0.0083,0.0094,0.0083,0.0093,1296309.0
2024-02-14 12:00:00+00:00,0.0093,0.0093,0.008,0.008,2648198.0
2024-02-14 16:00:00+00:00,0.008,0.0081,0.008,0.008,1251917.0
2024-02-14 20:00:00+00:00,0.008,0.008,0.0041,0.0042,2166546.0
2024-02-15 00:00:00+00:00,0.0042,0.0042,0.0035,0.0035,931616.0
2024-02-15 04:00:00+00:00,0.0035,0.0036,0.0034,0.0034,1652881.0
2024-02-15 08:00:00+00:00,0.0034,0.0034,0.0028,0.0028,610258.0
2024-02-15 12:00:00+00:00,0.0028,0.0035,0.0028,0.0034,2401632.0
2024-02-15 16:00:00+00:00,0.0034,0.0035,0.0027,0.0027,946347.0
2024-02-15 20:00:00+00:00,0.0027,0.0028,0.0024,0.0025,2233374.0
2024-02-16 00:00:00+00:00,0.0025,0.0026,0.0025,0.0026,1151886.0
2024-02-16 04:00:00+00:00,0.0026,0.0032,0.0026,0.0032,2277565.0
2024-02-16 08:00:00+00:00,0.0032,0.0032,0.0025,0.0025,1711369.0
2024-02-16 12:00:00+00:00,0.0025,0.003,0.0024,0.0029,635701.0
2024-02-16 16:00:00+00:00,0.0029,0.0029,0.0029,0.0029,655352.0
2024-02-16 20:00:00+00:00,0.0029,0.0029,0.0025,0.0025,2004284.0
2024-02-17 00:00:00+00:00,0.0025,0.0027,0.0025,0.0027,1316070.0
2024-02-17 04:00:00+00:00,0.0027,0.0028,0.0027,0.0028,1971520.0
2024-02-17 08:00:00+00:00,0.0028,0.0028,0.0025,0.0025,1550668.0
2024-02-17 12:00:00+00:00,0.0025,0.0025,0.0025,0.0025,637590.0
2024-02-17 16:00:00+00:00,0.0025,0.0025,0.0024,0.0024,785498.0
2024-02-17 20:00:00+00:00,0.0024,0.0025,0.0023,0.0024,1108826.0
2024-02-18 00:00:00+00:00,0.0024,0.0027,0.0024,0.0027,408272.0
2024-02-18 04:00:00+00:00,0.0027,0.0033,0.0026,0.0033,3960768.0
2024-02-18 08:00:00+00:00,0.0033,0.0034,0.0027,0.0027,1939792.0
2024-02-18 12:00:00+00:00,0.0027,0.0036,0.0027,0.0036,3622476.0
2024-02-18 16:00:00+00:00,0.0036,0.0036,0.0025,0.0025,851654.0
2024-02-18 20:00:00+00:00,0.0025,0.0025,0.0025,0.0025,1988229.0
2024-02-19 00:00:00+00:00,0.0025,0.0027,0.0024,0.0027,3861535.0
2024-02-19 04:00:00+00:00,0.0027,0.0029,0.0026,0.0028,582400.0
2024-02-19 08:00:00+00:00,0.0028,0.0029,0.0025,0.0025,1881687.0
2024-02-19 12:00:00+00:00,0.0025,0.0025,0.0025,0.0025,1093700.0
2024-02-19 16:00:00+00:00,0.0025,0.0025,0.0023,0.0023,564292.0
2024-02-19 20:00:00+00:00,0.0023,0.0024,0.002,0.0021,1618472.0
2024-02-20 00:00:00+00:00,0.0021,0.0024,0.0021,0.0023,2097276.0
2024-02-20 04:00:00+00:00,0.0023,0.0025,0.0023,0.0025,859315.0
2024-02-20 08:00:00+00:00,0.0025,0.0025,0.0022,0.0022,2350240.0
2024-02-20 12:00:00+00:00,0.0022,0.0025,0.0022,0.0025,610351.0
2024-02-20 16:00:00+00:00,0.0025,0.0027,0.0025,0.0026,538865.0
2024-02-20 20:00:00+00:00,0.0026,0.003,0.0026,0.0029,1461642.0
2024-02-21 00:00:00+00:00,0.0029,0.0032,0.0029,0.0032,1298930.0
2024-02-21 04:00:00+00:00,0.0032,0.0032,0.0028,0.0028,960234.0
2024-02-21 08:00:00+00:00,0.0028,0.0028,0.0026,0.0026,1878470.0
2024-02-21 12:00:00+00:00,0.0026,0.0029,0.0026,0.0029,1740957.0
2024-02-21 16:00:00+00:00,0.0029,0.0031,0.0028,0.0031,1955605.0
2024-02-21 20:00:00+00:00,0.0031,0.0032,0.003,0.0031,950523.0
2024-02-22 00:00:00+00:00,0.0031,0.0032,0.0031,0.0032,1419769.0
2024-02-22 04:00:00+00:00,0.0032,0.0038,0.0031,0.0038,1250884.0
2024-02-22 08:00:00+00:00,0.0038,0.0038,0.0034,0.0034,3541002.0
2024-02-22 12:00:00+00:00,0.0034,0.0037,0.0034,0.0037,828797.0
2024-02-22 16:00:00+00:00,0.0037,0.0038,0.0034,0.0036,3131992.0
2024-02-22 20:00:00+00:00,0.0036,0.0036,0.0035,0.0035,1119553.0
2024-02-23 00:00:00+00:00,0.0035,0.0041,0.0035,0.0041,750081.0
2024-02-23 04:00:00+00:00,0.0041,0.0046,0.004,0.0045,2713115.0
2024-02-23 08:00:00+00:00,0.0045,0.0051,0.0045,0.0051,1452091.0
2024-02-23 12:00:00+00:00,0.0051,0.0062,0.0051,0.0061,2425421.0
2024-02-23 16:00:00+00:00,0.0061,0.0063,0.006,0.0061,1856257.0
2024-02-23 20:00:00+00:00,0.0061,0.0068,0.0061,0.0067,1538516.0
2024-02-24 00:00:00+00:00,0.0067,0.0067,0.0064,0.0064,849763.0
2024-02-24 04:00:00+00:00,0.0064,0.0068,0.0064,0.0067,1861383.0
2024-02-24 08:00:00+00:00,0.0067,0.0068,0.0065,0.0066,1062155.0
2024-02-24 12:00:00+00:00,0.0066,0.0067,0.0066,0.0067,1465769.0
2024-02-24 16:00:00+00:00,0.0067,0.0073,0.0066,0.0072,429818.0
2024-02-24 20:00:00+00:00,0.0072,0.0073,0.0063,0.0063,1715159.0
2024-02-25 00:00:00+00:00,0.0063,0.0084,0.0063,0.0083,1408303.0
2024-02-25 04:00:00+00:00,0.0083,0.0084,0.007,0.0071,3328647.0
2024-02-25 08:00:00+00:00,0.0071,0.0071,0.0057,0.0058,2116668.0
2024-02-25 12:00:00+00:00,0.0058,0.0068,0.0058,0.0068,1710737.0
2024-02-25 16:00:00+00:00,0.0068,0.0076,0.0067,0.0075,1724704.0
2024-02-25 20:00:00+00:00,0.0075,0.0084,0.0074,0.0082,775124.0
2024-02-26 00:00:00+00:00,0.0082,0.0091,0.0081,0.009,2879330.0
2024-02-26 04:00:00+00:00,0.009,0.009,0.009,0.009,2732330.0
2024-02-26 08:00:00+00:00,0.009,0.009,0.0077,0.0078,1706284.0
2024-02-26 12:00:00+00:00,0.0078,0.0079,0.0077,0.0079,2281345.0
2024-02-26 16:00:00+00:00,0.0079,0.0079,0.007,0.0071,982421.0
2024-02-26 20:00:00+00:00,0.0071,0.0081,0.007,0.0081,963034.0
2024-02-27 00:00:00+00:00,0.0081,0.0081,0.0079,0.0079,1092542.0
2024-02-27 04:00:00+00:00,0.0079,0.0079,0.0068,0.0069,1709486.0
2024-02-27 08:00:00+00:00,0.0069,0.007,0.0065,0.0066,943498.0
2024-02-27 12:00:00+00:00,0.0066,0.007,0.0065,0.007,1545973.0
2024-02-27 16:00:00+00:00,0.007,0.0071,0.0063,0.0064,1466311.0
2024-02-27 20:00:00+00:00,0.0064,0.0064,0.0056,0.0056,834313.0
2024-02-28 00:00:00+00:00,0.0056,0.006,0.0055,0.0058,1432570.0
2024-02-28 04:00:00+00:00,0.0058,0.0061,0.0056,0.006,1702918.0
2024-02-28 08:00:00+00:00,0.006,0.0061,0.0054,0.0055,1342897.0
2024-02-28 12:00:00+00:00,0.0055,0.0056,0.005,0.0051,2164592.0
2024-02-28 16:00:00+00:00,0.0051,0.0054,0.005,0.0053,598445.0
2024-02-28 20:00:00+00:00,0.0053,0.0053,0.0041,0.0041,2092666.0
2024-02-29 00:00:00+00:00,0.0041,0.0041,0.0032,0.0032,912311.0
2024-02-29 04:00:00+00:00,0.0032,0.0033,0.0029,0.0029,760676.0
2024-02-29 08:00:00+00:00,0.0029,0.0029,0.0028,0.0028,802763.0
2024-02-29 12:00:00+00:00,0.0028,0.003,0.0028,0.0029,708935.0
2024-02-29 16:00:00+00:00,0.0029,0.0036,0.0029,0.0036,1261754.0
2024-02-29 20:00:00+00:00,0.0036,0.004,0.0036,0.004,1241241.0
2024-03-01 00:00:00+00:00,0.004,0.004,0.0039,0.0039,1635881.0
2024-03-01 04:00:00+00:00,0.0039,0.004,0.0038,0.0039,862677.0
2024-03-01 08:00:00+00:00,0.0039,0.0039,0.0033,0.0033,655904.0
2024-03-01 12:00:00+00:00,0.0033,0.0033,0.0033,0.0033,1790746.0
2024-03-01 16:00:00+00:00,0.0033,0.0033,0.0031,0.0032,745136.0
2024-03-01 20:00:00+00:00,0.0032,0.0033,0.0031,0.0033,1107918.0
2024-03-02 00:00:00+00:00,0.0033,0.0034,0.0028,0.0029,1720863.0
2024-03-02 04:00:00+00:00,0.0029,0.0031,0.0029,0.0031,1358513.0
2024-03-02 08:00:00+00:00,0.0031,0.0038,0.003,0.0038,2912965.0
2024-03-02 12:00:00+00:00,0.0038,0.0039,0.0037,0.0037,1338093.0
2024-03-02 16:00:00+00:00,0.0037,0.004,0.0037,0.004,764344.0
2024-03-02 20:00:00+00:00,0.004,0.0044,0.004,0.0044,3883027.0
2024-03-03 00:00:00+00:00,0.0044,0.0045,0.0041,0.0041,1305478.0
2024-03-03 04:00:00+00:00,0.0041,0.0043,0.0041,0.0042,1018937.0
2024-03-03 08:00:00+00:00,0.0042,0.0042,0.0042,0.0042,1622009.0
2024-03-03 12:00:00+00:00,0.0042,0.0043,0.0042,0.0043,1177381.0
2024-03-03 16:00:00+00:00,0.0043,0.0045,0.0038,0.0038,1641118.0
2024-03-03 20:00:00+00:00,0.0038,0.0038,0.0038,0.0038,3501778.0
2024-03-04 00:00:00+00:00,0.0038,0.0042,0.0037,0.0041,1060546.0
2024-03-04 04:00:00+00:00,0.0041,0.005,0.0041,0.005,1407004.0
2024-03-04 08:00:00+00:00,0.005,0.0057,0.0049,0.0057,1513704.0
2024-03-04 12:00:00+00:00,0.0057,0.0075,0.0057,0.0075,3358199.0
2024-03-04 16:00:00+00:00,0.0075,0.0075,0.0066,0.0066,635089.0
2024-03-04 20:00:00+00:00,0.0066,0.0075,0.0066,0.0075,519868.0
2024-03-05 00:00:00+00:00,0.0075,0.0077,0.0075,0.0077,804531.0
2024-03-05 04:00:00+00:00,0.0077,0.0103,0.0076,0.0102,875587.0
2024-03-05 08:00:00+00:00,0.0102,0.0106,0.0088,0.009,1105480.0
2024-03-05 12:00:00+00:00,0.009,0.009,0.0078,0.0078,1775706.0
2024-03-05 16:00:00+00:00,0.0078,0.0079,0.007,0.0071,815460.0
2024-03-05 20:00:00+00:00,0.0071,0.0071,0.0048,0.0048,959833.0
2024-03-06 00:00:00+00:00,0.0048,0.0049,0.0044,0.0045,1283487.0
2024-03-06 04:00:00+00:00,0.0045,0.0045,0.0039,0.0039,2069815.0
2024-03-06 08:00:00+00:00,0.0039,0.004,0.0039,0.004,456178.0
2024-03-06 12:00:00+00:00,0.004,0.0042,0.004,0.0042,1733680.0
2024-03-06 16:00:00+00:00,0.0042,0.0054,0.0042,0.0054,2770791.0
2024-03-06 20:00:00+00:00,0.0054,0.0062,0.0054,0.0062,2295746.0
2024-03-07 00:00:00+00:00,0.0062,0.0062,0.0056,0.0056,2321730.0
2024-03-07 04:00:00+00:00,0.0056,0.0058,0.0048,0.0049,4231439.0
2024-03-07 08:00:00+00:00,0.0049,0.0053,0.0048,0.0052,1019843.0
2024-03-07 12:00:00+00:00,0.0052,0.0053,0.0042,0.0042,1686759.0
2024-03-07 16:00:00+00:00,0.0042,0.0053,0.0042,0.0053,1479087.0
2024-03-07 20:00:00+00:00,0.0053,0.0063,0.0053,0.0063,1529615.0
2024-03-08 00:00:00+00:00,0.0063,0.0063,0.0058,0.0058,2612056.0
2024-03-08 04:00:00+00:00,0.0058,0.0058,0.0043,0.0043,905230.0
2024-03-08 08:00:00+00:00,0.0043,0.0052,0.0043,0.0052,1044634.0
2024-03-08 12:00:00+00:00,0.0052,0.0052,0.0051,0.0051,2098487.0
2024-03-08 16:00:00+00:00,0.0051,0.0061,0.0051,0.006,2584518.0
2024-03-08 20:00:00+00:00,0.006,0.0061,0.0046,0.0046,1434350.0
2024-03-09 00:00:00+00:00,0.0046,0.0046,0.0041,0.0042,1950104.0
2024-03-09 04:00:00+00:00,0.0042,0.0043,0.0041,0.0042,1186037.0
2024-03-09 08:00:00+00:00,0.0042,0.0042,0.0042,0.0042,2156345.0
2024-03-09 12:00:00+00:00,0.0042,0.0043,0.0038,0.0039,1244963.0
2024-03-09 16:00:00+00:00,0.0039,0.0045,0.0038,0.0043,2134217.0
2024-03-09 20:00:00+00:00,0.0043,0.0043,0.0036,0.0036,5555988.0
2024-03-10 00:00:00+00:00,0.0036,0.0036,0.0035,0.0035,1438032.0
2024-03-10 04:00:00+00:00,0.0035,0.0036,0.0035,0.0036,1078045.0
2024-03-10 08:00:00+00:00,0.0036,0.004,0.0035,0.0038,1761836.0
2024-03-10 12:00:00+00:00,0.0038,0.0043,0.0037,0.0043,1097984.0
2024-03-10 16:00:00+00:00,0.0043,0.0043,0.0035,0.0035,4977722.0
2024-03-10 20:00:00+00:00,0.0035,0.0035,0.0027,0.0027,1852028.0
2024-03-11 00:00:00+00:00,0.0027,0.0033,0.0027,0.0032,1372116.0
2024-03-11 04:00:00+00:00,0.0032,0.0034,0.0032,0.0034,755475.0
2024-03-11 08:00:00+00:00,0.0034,0.0034,0.003,0.003,2317664.0
2024-03-11 12:00:00+00:00,0.003,0.0038,0.0029,0.0037,2616260.0
2024-03-11 16:00:00+00:00,0.0037,0.0038,0.0037,0.0038,818684.0
2024-03-11 20:00:00+00:00,0.0038,0.0045,0.0037,0.0044,2035068.0
2024-03-12 00:00:00+00:00,0.0044,0.0046,0.0044,0.0045,483579.0
2024-03-12 04:00:00+00:00,0.0045,0.0059,0.0044,0.0058,2100999.0
2024-03-12 08:00:00+00:00,0.0058,0.0074,0.0058,0.0074,2241750.0
2024-03-12 12:00:00+00:00,0.0074,0.0074,0.007,0.0071,2616761.0
2024-03-12 16:00:00+00:00,0.0071,0.0081,0.0071,0.0081,975954.0
2024-03-12 20:00:00+00:00,0.0081,0.0089,0.008,0.0089,679738.0
2024-03-13 00:00:00+00:00,0.0089,0.0107,0.0089,0.0107,1031156.0
2024-03-13 04:00:00+00:00,0.0107,0.0109,0.0091,0.0092,736409.0
2024-03-13 08:00:00+00:00,0.0092,0.0101,0.0091,0.0101,2548460.0
2024-03-13 12:00:00+00:00,0.0101,0.0117,0.0101,0.0117,3196797.0
2024-03-13 16:00:00+00:00,0.0117,0.0117,0.0086,0.0086,2105492.0
2024-03-13 20:00:00+00:00,0.0086,0.0086,0.0071,0.0071,2827013.0
2024-03-14 00:00:00+00:00,0.0071,0.0072,0.0049,0.0049,2053327.0
2024-03-14 04:00:00+00:00,0.0049,0.005,0.0046,0.0047,1071732.0
2024-03-14 08:00:00+00:00,0.0047,0.0052,0.0047,0.0052,1117643.0
2024-03-14 12:00:00+00:00,0.0052,0.0064,0.0052,0.0064,1432721.0
2024-03-14 16:00:00+00:00,0.0064,0.0064,0.0064,0.0064,475268.0
2024-03-14 20:00:00+00:00,0.0064,0.008,0.0064,0.008,1966040.0
2024-03-15 00:00:00+00:00,0.008,0.008,0.0063,0.0063,1591609.0
2024-03-15 04:00:00+00:00,0.0063,0.0065,0.0046,0.0047,2568751.0
2024-03-15 08:00:00+00:00,0.0047,0.0047,0.0046,0.0047,1077335.0
2024-03-15 12:00:00+00:00,0.0047,0.0049,0.0046,0.0049,1076594.0
2024-03-15 16:00:00+00:00,0.0049,0.0049,0.0049,0.0049,658507.0
2024-03-15 20:00:00+00:00,0.0049,0.0049,0.0034,0.0034,1992498.0
2024-03-16 00:00:00+00:00,0.0034,0.0034,0.0033,0.0033,1509406.0
2024-03-16 04:00:00+00:00,0.0033,0.0034,0.0027,0.0027,895651.0
2024-03-16 08:00:00+00:00,0.0027,0.003,0.0027,0.0029,1355800.0
2024-03-16 12:00:00+00:00,0.0029,0.0031,0.0029,0.0031,1304830.0
2024-03-16 16:00:00+00:00,0.0031,0.0031,0.0027,0.0027,996329.0
2024-03-16 20:00:00+00:00,0.0027,0.0027,0.0024,0.0025,920532.0
2024-03-17 00:00:00+00:00,0.0025,0.0025,0.0021,0.0021,1661509.0
2024-03-17 04:00:00+00:00,0.0021,0.0021,0.002,0.002,585664.0
2024-03-17 08:00:00+00:00,0.002,0.0023,0.002,0.0023,1693450.0
2024-03-17 12:00:00+00:00,0.0023,0.0023,0.002,0.002,925282.0
2024-03-17 16:00:00+00:00,0.002,0.0021,0.002,0.0021,2079979.0
2024-03-17 20:00:00+00:00,0.0021,0.0021,0.0019,0.002,4000561.0
2024-03-18 00:00:00+00:00,0.002,0.002,0.0017,0.0017,885180.0
2024-03-18 04:00:00+00:00,0.0017,0.0018,0.0017,0.0017,1375053.0
2024-03-18 08:00:00+00:00,0.0017,0.0017,0.0014,0.0014,1020895.0
2024-03-18 12:00:00+00:00,0.0014,0.0014,0.0013,0.0013,2110113.0
2024-03-18 16:00:00+00:00,0.0013,0.0013,0.0011,0.0011,820114.0
2024-03-18 20:00:00+00:00,0.0011,0.0014,0.0011,0.0014,2389584.0
2024-03-19 00:00:00+00:00,0.0014,0.0014,0.0014,0.0014,653280.0
2024-03-19 04:00:00+00:00,0.0014,0.0014,0.0012,0.0012,1186210.0
2024-03-19 08:00:00+00:00,0.0012,0.0013,0.0012,0.0013,651553.0
2024-03-19 12:00:00+00:00,0.0013,0.0013,0.0013,0.0013,1592945.0
2024-03-19 16:00:00+00:00,0.0013,0.0013,0.0012,0.0012,726795.0
2024-03-19 20:00:00+00:00,0.0012,0.0013,0.0012,0.0013,1674695.0
2024-03-20 00:00:00+00:00,0.0013,0.0015,0.0013,0.0015,1124160.0
2024-03-20 04:00:00+00:00,0.0015,0.0015,0.0013,0.0013,1175270.0
2024-03-20 08:00:00+00:00,0.0013,0.0014,0.0012,0.0012,1361988.0
2024-03-20 12:00:00+00:00,0.0012,0.0012,0.0012,0.0012,771887.0
2024-03-20 16:00:00+00:00,0.0012,0.0012,0.0008,0.0008,2268421.0
2024-03-20 20:00:00+00:00,0.0008,0.0008,0.0006,0.0006,3628133.0
2024-03-21 00:00:00+00:00,0.0006,0.0007,0.0006,0.0007,1090301.0
2024-03-21 04:00:00+00:00,0.0007,0.0009,0.0007,0.0009,3115089.0
2024-03-21 08:00:00+00:00,0.0009,0.0009,0.0008,0.0009,2365684.0
2024-03-21 12:00:00+00:00,0.0009,0.0009,0.0009,0.0009,833080.0
2024-03-21 16:00:00+00:00,0.0009,0.001,0.0009,0.001,547551.0
2024-03-21 20:00:00+00:00,0.001,0.0014,0.001,0.0014,2766421.0
2024-03-22 00:00:00+00:00,0.0014,0.0017,0.0014,0.0016,1138530.0
2024-03-22 04:00:00+00:00,0.0016,0.0017,0.0016,0.0016,2709599.0
2024-03-22 08:00:00+00:00,0.0016,0.0016,0.0013,0.0014,1461218.0
2024-03-22 12:00:00+00:00,0.0014,0.0014,0.001,0.001,1158383.0
2024-03-22 16:00:00+00:00,0.001,0.0011,0.001,0.0011,611047.0
2024-03-22 20:00:00+00:00,0.0011,0.0011,0.0009,0.0009,2324023.0
2024-03-23 00:00:00+00:00,0.0009,0.001,0.0007,0.0007,1238110.0
2024-03-23 04:00:00+00:00,0.0007,0.0007,0.0007,0.0007,1327155.0
2024-03-23 08:00:00+00:00,0.0007,0.0007,0.0005,0.0006,2409681.0
2024-03-23 12:00:00+00:00,0.0006,0.0007,0.0005,0.0007,1374953.0
2024-03-23 16:00:00+00:00,0.0007,0.0008,0.0007,0.0008,1357551.0
2024-03-23 20:00:00+00:00,0.0008,0.0008,0.0008,0.0008,1002964.0
2024-03-24 00:00:00+00:00,0.0008,0.001,0.0008,0.001,2320280.0
2024-03-24 04:00:00+00:00,0.001,0.001,0.0009,0.001,1379860.0
2024-03-24 08:00:00+00:00,0.001,0.001,0.0008,0.0008,1246348.0
2024-03-24 12:00:00+00:00,0.0008,0.001,0.0008,0.001,1731681.0
2024-03-24 16:00:00+00:00,0.001,0.0011,0.001,0.0011,1025076.0
2024-03-24 20:00:00+00:00,0.0011,0.0011,0.0009,0.0009,704504.0
2024-03-25 00:00:00+00:00,0.0009,0.0009,0.0009,0.0009,1244127.0
2024-03-25 04:00:00+00:00,0.0009,0.0009,0.0008,0.0008,3611542.0
2024-03-25 08:00:00+00:00,0.0008,0.0008,0.0006,0.0006,1048130.0
2024-03-25 12:00:00+00:00,0.0006,0.0007,0.0006,0.0007,956986.0
2024-03-25 16:00:00+00:00,0.0007,0.0009,0.0007,0.0009,1197622.0
2024-03-25 20:00:00+00:00,0.0009,0.0009,0.0007,0.0007,2352717.0
2024-03-26 00:00:00+00:00,0.0007,0.0008,0.0007,0.0008,1557952.0
2024-03-26 04:00:00+00:00,0.0008,0.0008,0.0007,0.0007,1201998.0
2024-03-26 08:00:00+00:00,0.0007,0.0007,0.0006,0.0006,775729.0
2024-03-26 12:00:00+00:00,0.0006,0.0006,0.0006,0.0006,1335256.0
2024-03-26 16:00:00+00:00,0.0006,0.0006,0.0005,0.0005,639015.0
2024-03-26 20:00:00+00:00,0.0005,0.0005,0.0005,0.0005,1088746.0
2024-03-27 00:00:00+00:00,0.0005,0.0005,0.0004,0.0004,2129420.0
2024-03-27 04:00:00+00:00,0.0004,0.0005,0.0004,0.0005,595530.0
2024-03-27 08:00:00+00:00,0.0005,0.0005,0.0004,0.0005,479178.0
2024-03-27 12:00:00+00:00,0.0005,0.0005,0.0004,0.0004,2455905.0
2024-03-27 16:00:00+00:00,0.0004,0.0004,0.0004,0.0004,1043461.0
2024-03-27 20:00:00+00:00,0.0004,0.0004,0.0003,0.0003,2237559.0
2024-03-28 00:00:00+00:00,0.0003,0.0004,0.0003,0.0004,1232848.0
2024-03-28 04:00:00+00:00,0.0004,0.0004,0.0004,0.0004,1122366.0
2024-03-28 08:00:00+00:00,0.0004,0.0004,0.0003,0.0003,1803206.0
2024-03-28 12:00:00+00:00,0.0003,0.0004,0.0003,0.0003,666128.0
2024-03-28 16:00:00+00:00,0.0003,0.0004,0.0003,0.0004,1417810.0
2024-03-28 20:00:00+00:00,0.0004,0.0004,0.0003,0.0003,1453946.0
2024-03-29 00:00:00+00:00,0.0003,0.0003,0.0003,0.0003,638821.0
2024-03-29 04:00:00+00:00,0.0003,0.0003,0.0003,0.0003,1546485.0
2024-03-29 08:00:00+00:00,0.0003,0.0003,0.0003,0.0003,1094612.0
2024-03-29 12:00:00+00:00,0.0003,0.0003,0.0003,0.0003,1249493.0
2024-03-29 16:00:00+00:00,0.0003,0.0003,0.0002,0.0002,993897.0
2024-03-29 20:00:00+00:00,0.0002,0.0002,0.0001,0.0001,3856628.0
2024-03-30 00:00:00+00:00,0.0001,0.0001,0.0001,0.0001,1571446.0
2024-03-30 04:00:00+00:00,0.0001,0.0002,0.0001,0.0002,1793434.0
2024-03-30 08:00:00+00:00,0.0002,0.0002,0.0001,0.0001,1212821.0
2024-03-30 12:00:00+00:00,0.0001,0.0001,0.0001,0.0001,539027.0
2024-03-30 16:00:00+00:00,0.0001,0.0001,0.0001,0.0001,4660401.0
2024-03-30 20:00:00+00:00,0.0001,0.0001,0.0001,0.0001,1006069.0
2024-03-31 00:00:00+00:00,0.0001,0.0001,0.0001,0.0001,1064457.0
2024-03-31 04:00:00+00:00,0.0001,0.0001,0.0001,0.0001,1602078.0
2024-03-31 08:00:00+00:00,0.0001,0.0001,0.0001,0.0001,1817588.0
2024-03-31 12:00:00+00:00,0.0001,0.0001,0.0001,0.0001,1373212.0
2024-03-31 16:00:00+00:00,0.0001,0.0001,0.0001,0.0001,2236522.0
2024-03-31 20:00:00+00:00,0.0001,0.0001,0.0001,0.0001,2484795.0
2024-04-01 00:00:00+00:00,0.0001,0.0001,0.0001,0.0001,739382.0
2024-04-01 04:00:00+00:00,0.0001,0.0001,0.0001,0.0001,977642.0
2024-04-01 08:00:00+00:00,0.0001,0.0001,0.0001,0.0001,2445410.0
2024-04-01 12:00:00+00:00,0.0001,0.0001,0.0001,0.0001,317337.0
2024-04-01 16:00:00+00:00,0.0001,0.0001,0.0001,0.0001,1524007.0
2024-04-01 20:00:00+00:00,0.0001,0.0001,0.0001,0.0001,1035959.0
2024-04-02 00:00:00+00:00,0.0001,0.0001,0.0,0.0,1075455.0
2024-04-02 04:00:00+00:00,0.0,0.0,0.0,0.0,1079611.0
2024-04-02 08:00:00+00:00,0.0,0.0,0.0,0.0,917380.0
2024-04-02 12:00:00+00:00,0.0,0.0001,0.0,0.0,880998.0
2024-04-02 16:00:00+00:00,0.0,0.0001,0.0,0.0,738111.0
2024-04-02 20:00:00+00:00,0.0,0.0,0.0,0.0,3250447.0
2024-04-03 00:00:00+00:00,0.0,0.0,0.0,0.0,2734420.0
2024-04-03 04:00:00+00:00,0.0,0.0001,0.0,0.0001,847951.0
2024-04-03 08:00:00+00:00,0.0001,0.0001,0.0001,0.0001,2446835.0
2024-04-03 12:00:00+00:00,0.0001,0.0001,0.0001,0.0001,939236.0
2024-04-03 16:00:00+00:00,0.0001,0.0001,0.0001,0.0001,1269668.0
2024-04-03 20:00:00+00:00,0.0001,0.0001,0.0,0.0,1186062.0
2024-04-04 00:00:00+00:00,0.0,0.0,0.0,0.0,862293.0
2024-04-04 04:00:00+00:00,0.0,0.0,0.0,0.0,1918441.0
2024-04-04 08:00:00+00:00,0.0,0.0,0.0,0.0,1271332.0
2024-04-04 12:00:00+00:00,0.0,0.0,0.0,0.0,887438.0
2024-04-04 16:00:00+00:00,0.0,0.0001,0.0,0.0001,1005181.0
2024-04-04 20:00:00+00:00,0.0001,0.0001,0.0001,0.0001,887938.0
2024-04-05 00:00:00+00:00,0.0001,0.0001,0.0001,0.0001,506348.0
2024-04-05 04:00:00+00:00,0.0001,0.0001,0.0001,0.0001,1546370.0
2024-04-05 08:00:00+00:00,0.0001,0.0001,0.0001,0.0001,652573.0
2024-04-05 12:00:00+00:00,0.0001,0.0001,0.0001,0.0001,1681663.0
2024-04-05 16:00:00+00:00,0.0001,0.0001,0.0,0.0,2890089.0
2024-04-05 20:00:00+00:00,0.0,0.0,0.0,0.0,3360377.0
2024-04-06 00:00:00+00:00,0.0,0.0,0.0,0.0,1142449.0
2024-04-06 04:00:00+00:00,0.0,0.0,0.0,0.0,962737.0
2024-04-06 08:00:00+00:00,0.0,0.0,0.0,0.0,4454606.0
2024-04-06 12:00:00+00:00,0.0,0.0,0.0,0.0,1485168.0
2024-04-06 16:00:00+00:00,0.0,0.0,0.0,0.0,934434.0
2024-04-06 20:00:00+00:00,0.0,0.0,0.0,0.0,672077.0
2024-04-07 00:00:00+00:00,0.0,0.0,0.0,0.0,2431655.0
2024-04-07 04:00:00+00:00,0.0,0.0,0.0,0.0,1671609.0
2024-04-07 08:00:00+00:00,0.0,0.0,0.0,0.0,980910.0
2024-04-07 12:00:00+00:00,0.0,0.0,0.0,0.0,1928160.0
2024-04-07 16:00:00+00:00,0.0,0.0,0.0,0.0,1261756.0
2024-04-07 20:00:00+00:00,0.0,0.0,0.0,0.0,1049882.0
2024-04-08 00:00:00+00:00,0.0,0.0,0.0,0.0,342444.0
2024-04-08 04:00:00+00:00,0.0,0.0,0.0,0.0,1149029.0
2024-04-08 08:00:00+00:00,0.0,0.0,0.0,0.0,3281382.0
2024-04-08 12:00:00+00:00,0.0,0.0,0.0,0.0,788449.0
2024-04-08 16:00:00+00:00,0.0,0.0,0.0,0.0,1140699.0
2024-04-08 20:00:00+00:00,0.0,0.0,0.0,0.0,827196.0
2024-04-09 00:00:00+00:00,0.0,0.0,0.0,0.0,1655804.0
2024-04-09 04:00:00+00:00,0.0,0.0,0.0,0.0,1232542.0
2024-04-09 08:00:00+00:00,0.0,0.0,0.0,0.0,866140.0
2024-04-09 12:00:00+00:00,0.0,0.0,0.0,0.0,2009806.0
2024-04-09 16:00:00+00:00,0.0,0.0,0.0,0.0,1929632.0
2024-04-09 20:00:00+00:00,0.0,0.0,0.0,0.0,898515.0
2024-04-10 00:00:00+00:00,0.0,0.0,0.0,0.0,1475728.0
2024-04-10 04:00:00+00:00,0.0,0.0,0.0,0.0,1919793.0
2024-04-10 08:00:00+00:00,0.0,0.0,0.0,0.0,1694247.0
2024-04-10 12:00:00+00:00,0.0,0.0,0.0,0.0,480377.0
2024-04-10 16:00:00+00:00,0.0,0.0,0.0,0.0,2381326.0
2024-04-10 20:00:00+00:00,0.0,0.0,0.0,0.0,901778.0
2024-04-11 00:00:00+00:00,0.0,0.0,0.0,0.0,979037.0
2024-04-11 04:00:00+00:00,0.0,0.0,0.0,0.0,5017621.0
2024-04-11 08:00:00+00:00,0.0,0.0,0.0,0.0,1644049.0
2024-04-11 12:00:00+00:00,0.0,0.0,0.0,0.0,1148044.0
2024-04-11 16:00:00+00:00,0.0,0.0,0.0,0.0,534994.0
2024-04-11 20:00:00+00:00,0.0,0.0,0.0,0.0,2379251.0
2024-04-12 00:00:00+00:00,0.0,0.0001,0.0,0.0001,942237.0
2024-04-12 04:00:00+00:00,0.0001,0.0001,0.0001,0.0001,815307.0
2024-04-12 08:00:00+00:00,0.0001,0.0001,0.0,0.0,1320414.0
2024-04-12 12:00:00+00:00,0.0,0.0,0.0,0.0,3651775.0
2024-04-12 16:00:00+00:00,0.0,0.0,0.0,0.0,2465765.0
2024-04-12 20:00:00+00:00,0.0,0.0,0.0,0.0,1198047.0
2024-04-13 00:00:00+00:00,0.0,0.0,0.0,0.0,1193481.0
2024-04-13 04:00:00+00:00,0.0,0.0,0.0,0.0,834455.0
2024-04-13 08:00:00+00:00,0.0,0.0,0.0,0.0,1613126.0
2024-04-13 12:00:00+00:00,0.0,0.0,0.0,0.0,2181319.0
2024-04-13 16:00:00+00:00,0.0,0.0001,0.0,0.0,1721205.0
2024-04-13 20:00:00+00:00,0.0,0.0001,0.0,0.0001,1705182.0
2024-04-14 00:00:00+00:00,0.0001,0.0001,0.0001,0.0001,1697897.0
2024-04-14 04:00:00+00:00,0.0001,0.0001,0.0001,0.0001,1016857.0
2024-04-14 08:00:00+00:00,0.0001,0.0001,0.0001,0.0001,1598537.0
2024-04-14 12:00:00+00:00,0.0001,0.0001,0.0001,0.0001,1292449.0
2024-04-14 16:00:00+00:00,0.0001,0.0001,0.0001,0.0001,707150.0
2024-04-14 20:00:00+00:00,0.0001,0.0001,0.0001,0.0001,1511685.0
2024-04-15 00:00:00+00:00,0.0001,0.0001,0.0001,0.0001,1677381.0
2024-04-15 04:00:00+00:00,0.0001,0.0001,0.0001,0.0001,2710495.0
2024-04-15 08:00:00+00:00,0.0001,0.0001,0.0001,0.0001,1119855.0
2024-04-15 12:00:00+00:00,0.0001,0.0001,0.0001,0.0001,788159.0
2024-04-15 16:00:00+00:00,0.0001,0.0001,0.0001,0.0001,1084341.0
2024-04-15 20:00:00+00:00,0.0001,0.0001,0.0001,0.0001,1087540.0
2024-04-16 00:00:00+00:00,0.0001,0.0001,0.0001,0.0001,1632731.0
2024-04-16 04:00:00+00:00,0.0001,0.0001,0.0001,0.0001,2786198.0
2024-04-16 08:00:00+00:00,0.0001,0.0001,0.0001,0.0001,2814348.0
2024-04-16 12:00:00+00:00,0.0001,0.0001,0.0001,0.0001,793851.0
2024-04-16 16:00:00+00:00,0.0001,0.0001,0.0001,0.0001,873905.0
2024-04-16 20:00:00+00:00,0.0001,0.0001,0.0001,0.0001,863660.0
2024-04-17 00:00:00+00:00,0.0001,0.0001,0.0001,0.0001,2470682.0
2024-04-17 04:00:00+00:00,0.0001,0.0001,0.0001,0.0001,2833222.0
2024-04-17 08:00:00+00:00,0.0001,0.0001,0.0001,0.0001,884620.0
2024-04-17 12:00:00+00:00,0.0001,0.0001,0.0,0.0001,1393989.0
2024-04-17 16:00:00+00:00,0.0001,0.0001,0.0,0.0,3290290.0
2024-04-17 20:00:00+00:00,0.0,0.0,0.0,0.0,1478923.0
2024-04-18 00:00:00+00:00,0.0,0.0,0.0,0.0,2180949.0
2024-04-18 04:00:00+00:00,0.0,0.0,0.0,0.0,614352.0
2024-04-18 08:00:00+00:00,0.0,0.0,0.0,0.0,2350352.0
2024-04-18 12:00:00+00:00,0.0,0.0,0.0,0.0,696383.0
2024-04-18 16:00:00+00:00,0.0,0.0,0.0,0.0,635480.0
2024-04-18 20:00:00+00:00,0.0,0.0,0.0,0.0,1859247.0
2024-04-19 00:00:00+00:00,0.0,0.0,0.0,0.0,762600.0
2024-04-19 04:00:00+00:00,0.0,0.0,0.0,0.0,985003.0
2024-04-19 08:00:00+00:00,0.0,0.0,0.0,0.0,639366.0
2024-04-19 12:00:00+00:00,0.0,0.0,0.0,0.0,2962515.0
2024-04-19 16:00:00+00:00,0.0,0.0,0.0,0.0,2652160.0
2024-04-19 20:00:00+00:00,0.0,0.0,0.0,0.0,422589.0
2024-04-20 00:00:00+00:00,0.0,0.0,0.0,0.0,2439806.0
2024-04-20 04:00:00+00:00,0.0,0.0,0.0,0.0,1440333.0
2024-04-20 08:00:00+00:00,0.0,0.0,0.0,0.0,1578927.0
2024-04-20 12:00:00+00:00,0.0,0.0,0.0,0.0,974255.0
2024-04-20 16:00:00+00:00,0.0,0.0,0.0,0.0,1023289.0
2024-04-20 20:00:00+00:00,0.0,0.0,0.0,0.0,991754.0
2024-04-21 00:00:00+00:00,0.0,0.0,0.0,0.0,1945733.0
2024-04-21 04:00:00+00:00,0.0,0.0,0.0,0.0,672411.0
2024-04-21 08:00:00+00:00,0.0,0.0,0.0,0.0,1686267.0
2024-04-21 12:00:00+00:00,0.0,0.0,0.0,0.0,1756998.0
2024-04-21 16:00:00+00:00,0.0,0.0,0.0,0.0,1773367.0
2024-04-21 20:00:00+00:00,0.0,0.0,0.0,0.0,4217907.0
2024-04-22 00:00:00+00:00,0.0,0.0,0.0,0.0,805591.0
2024-04-22 04:00:00+00:00,0.0,0.0,0.0,0.0,1795534.0
2024-04-22 08:00:00+00:00,0.0,0.0,0.0,0.0,1591594.0
2024-04-22 12:00:00+00:00,0.0,0.0,0.0,0.0,4060384.0
2024-04-22 16:00:00+00:00,0.0,0.0,0.0,0.0,1486873.0
2024-04-22 20:00:00+00:00,0.0,0.0,0.0,0.0,1286734.0
2024-04-23 00:00:00+00:00,0.0,0.0,0.0,0.0,3711463.0
2024-04-23 04:00:00+00:00,0.0,0.0,0.0,0.0,901676.0
2024-04-23 08:00:00+00:00,0.0,0.0,0.0,0.0,575284.0
2024-04-23 12:00:00+00:00,0.0,0.0,0.0,0.0,1260451.0
2024-04-23 16:00:00+00:00,0.0,0.0,0.0,0.0,1838115.0
2024-04-23 20:00:00+00:00,0.0,0.0,0.0,0.0,3005791.0
2024-04-24 00:00:00+00:00,0.0,0.0,0.0,0.0,1891923.0
2024-04-24 04:00:00+00:00,0.0,0.0,0.0,0.0,2749126.0
2024-04-24 08:00:00+00:00,0.0,0.0,0.0,0.0,797782.0
2024-04-24 12:00:00+00:00,0.0,0.0,0.0,0.0,1062258.0
2024-04-24 16:00:00+00:00,0.0,0.0,0.0,0.0,1304546.0
2024-04-24 20:00:00+00:00,0.0,0.0,0.0,0.0,1166261.0
2024-04-25 00:00:00+00:00,0.0,0.0,0.0,0.0,1273663.0
2024-04-25 04:00:00+00:00,0.0,0.0,0.0,0.0,2188132.0
2024-04-25 08:00:00+00:00,0.0,0.0,0.0,0.0,1058237.0
2024-04-25 12:00:00+00:00,0.0,0.0,0.0,0.0,1186894.0
2024-04-25 16:00:00+00:00,0.0,0.0,0.0,0.0,1141673.0
2024-04-25 20:00:00+00:00,0.0,0.0,0.0,0.0,831391.0
2024-04-26 00:00:00+00:00,0.0,0.0,0.0,0.0,1134505.0
2024-04-26 04:00:00+00:00,0.0,0.0,0.0,0.0,1081001.0
2024-04-26 08:00:00+00:00,0.0,0.0,0.0,0.0,1401996.0
2024-04-26 12:00:00+00:00,0.0,0.0,0.0,0.0,1509327.0
2024-04-26 16:00:00+00:00,0.0,0.0,0.0,0.0,1327392.0
2024-04-26 20:00:00+00:00,0.0,0.0,0.0,0.0,1021391.0
2024-04-27 00:00:00+00:00,0.0,0.0,0.0,0.0,2150997.0
2024-04-27 04:00:00+00:00,0.0,0.0,0.0,0.0,639570.0
2024-04-27 08:00:00+00:00,0.0,0.0,0.0,0.0,1089256.0
2024-04-27 12:00:00+00:00,0.0,0.0,0.0,0.0,5688180.0
2024-04-27 16:00:00+00:00,0.0,0.0,0.0,0.0,644028.0
2024-04-27 20:00:00+00:00,0.0,0.0,0.0,0.0,627213.0
2024-04-28 00:00:00+00:00,0.0,0.0,0.0,0.0,2126812.0
2024-04-28 04:00:00+00:00,0.0,0.0,0.0,0.0,465765.0
2024-04-28 08:00:00+00:00,0.0,0.0,0.0,0.0,1451478.0
2024-04-28 12:00:00+00:00,0.0,0.0,0.0,0.0,4968596.0
2024-04-28 16:00:00+00:00,0.0,0.0,0.0,0.0,588384.0
2024-04-28 20:00:00+00:00,0.0,0.0,0.0,0.0,584638.0
2024-04-29 00:00:00+00:00,0.0,0.0,0.0,0.0,846331.0
2024-04-29 04:00:00+00:00,0.0,0.0,0.0,0.0,3033024.0
2024-04-29 08:00:00+00:00,0.0,0.0,0.0,0.0,3096967.0
2024-04-29 12:00:00+00:00,0.0,0.0,0.0,0.0,848520.0
2024-04-29 16:00:00+00:00,0.0,0.0,0.0,0.0,1466339.0
2024-04-29 20:00:00+00:00,0.0,0.0,0.0,0.0,2488642.0
2024-04-30 00:00:00+00:00,0.0,0.0,0.0,0.0,2887034.0
2024-04-30 04:00:00+00:00,0.0,0.0,0.0,0.0,897600.0
2024-04-30 08:00:00+00:00,0.0,0.0,0.0,0.0,471962.0
2024-04-30 12:00:00+00:00,0.0,0.0,0.0,0.0,698664.0
2024-04-30 16:00:00+00:00,0.0,0.0,0.0,0.0,863734.0
2024-04-30 20:00:00+00:00,0.0,0.0,0.0,0.0,1019811.0
2024-05-01 00:00:00+00:00,0.0,0.0,0.0,0.0,931813.0
2024-05-01 04:00:00+00:00,0.0,0.0,0.0,0.0,1993008.0
2024-05-01 08:00:00+00:00,0.0,0.0,0.0,0.0,3342455.0
2024-05-01 12:00:00+00:00,0.0,0.0,0.0,0.0,1472419.0
2024-05-01 16:00:00+00:00,0.0,0.0,0.0,0.0,2315344.0
2024-05-01 20:00:00+00:00,0.0,0.0,0.0,0.0,1290718.0
2024-05-02 00:00:00+00:00,0.0,0.0,0.0,0.0,1115639.0
2024-05-02 04:00:00+00:00,0.0,0.0,0.0,0.0,1590685.0
2024-05-02 08:00:00+00:00,0.0,0.0,0.0,0.0,1199498.0
2024-05-02 12:00:00+00:00,0.0,0.0,0.0,0.0,3469635.0
2024-05-02 16:00:00+00:00,0.0,0.0,0.0,0.0,656315.0
2024-05-02 20:00:00+00:00,0.0,0.0,0.0,0.0,843393.0
2024-05-03 00:00:00+00:00,0.0,0.0,0.0,0.0,1349015.0
2024-05-03 04:00:00+00:00,0.0,0.0,0.0,0.0,1478660.0
2024-05-03 08:00:00+00:00,0.0,0.0,0.0,0.0,3323036.0
2024-05-03 12:00:00+00:00,0.0,0.0,0.0,0.0,1448817.0
2024-05-03 16:00:00+00:00,0.0,0.0,0.0,0.0,597300.0
2024-05-03 20:00:00+00:00,0.0,0.0,0.0,0.0,1705088.0
2024-05-04 00:00:00+00:00,0.0,0.0,0.0,0.0,2109178.0
2024-05-04 04:00:00+00:00,0.0,0.0,0.0,0.0,664064.0
2024-05-04 08:00:00+00:00,0.0,0.0,0.0,0.0,1457735.0
2024-05-04 12:00:00+00:00,0.0,0.0,0.0,0.0,823731.0
2024-05-04 16:00:00+00:00,0.0,0.0,0.0,0.0,1127188.0
2024-05-04 20:00:00+00:00,0.0,0.0,0.0,0.0,812964.0
2024-05-05 00:00:00+00:00,0.0,0.0,0.0,0.0,1523112.0
2024-05-05 04:00:00+00:00,0.0,0.0,0.0,0.0,1308801.0
2024-05-05 08:00:00+00:00,0.0,0.0,0.0,0.0,695047.0
2024-05-05 12:00:00+00:00,0.0,0.0,0.0,0.0,1690824.0
2024-05-05 16:00:00+00:00,0.0,0.0,0.0,0.0,651796.0
2024-05-05 20:00:00+00:00,0.0,0.0,0.0,0.0,1497999.0
2024-05-06 00:00:00+00:00,0.0,0.0,0.0,0.0,1083508.0
2024-05-06 04:00:00+00:00,0.0,0.0,0.0,0.0,1174479.0
2024-05-06 08:00:00+00:00,0.0,0.0,0.0,0.0,2062419.0
2024-05-06 12:00:00+00:00,0.0,0.0,0.0,0.0,1860566.0
2024-05-06 16:00:00+00:00,0.0,0.0,0.0,0.0,2887593.0
2024-05-06 20:00:00+00:00,0.0,0.0,0.0,0.0,1364131.0
2024-05-07 00:00:00+00:00,0.0,0.0,0.0,0.0,2553239.0
2024-05-07 04:00:00+00:00,0.0,0.0,0.0,0.0,986652.0
2024-05-07 08:00:00+00:00,0.0,0.0,0.0,0.0,1193129.0
2024-05-07 12:00:00+00:00,0.0,0.0,0.0,0.0,1719106.0
2024-05-07 16:00:00+00:00,0.0,0.0,0.0,0.0,1258155.0
2024-05-07 20:00:00+00:00,0.0,0.0,0.0,0.0,508282.0
2024-05-08 00:00:00+00:00,0.0,0.0,0.0,0.0,1252886.0
2024-05-08 04:00:00+00:00,0.0,0.0,0.0,0.0,2586289.0
2024-05-08 08:00:00+00:00,0.0,0.0,0.0,0.0,737601.0
2024-05-08 12:00:00+00:00,0.0,0.0,0.0,0.0,799564.0
2024-05-08 16:00:00+00:00,0.0,0.0,0.0,0.0,2738711.0
2024-05-08 20:00:00+00:00,0.0,0.0,0.0,0.0,1289521.0
2024-05-09 00:00:00+00:00,0.0,0.0,0.0,0.0,1598383.0
2024-05-09 04:00:00+00:00,0.0,0.0,0.0,0.0,721988.0
2024-05-09 08:00:00+00:00,0.0,0.0,0.0,0.0,1208775.0
2024-05-09 12:00:00+00:00,0.0,0.0,0.0,0.0,2543372.0
2024-05-09 16:00:00+00:00,0.0,0.0,0.0,0.0,1334214.0
2024-05-09 20:00:00+00:00,0.0,0.0,0.0,0.0,981318.0
2024-05-10 00:00:00+00:00,0.0,0.0,0.0,0.0,1865030.0
2024-05-10 04:00:00+00:00,0.0,0.0,0.0,0.0,856990.0
2024-05-10 08:00:00+00:00,0.0,0.0,0.0,0.0,3597491.0
2024-05-10 12:00:00+00:00,0.0,0.0,0.0,0.0,2594485.0
2024-05-10 16:00:00+00:00,0.0,0.0,0.0,0.0,873690.0
2024-05-10 20:00:00+00:00,0.0,0.0,0.0,0.0,748740.0
2024-05-11 00:00:00+00:00,0.0,0.0,0.0,0.0,346906.0
2024-05-11 04:00:00+00:00,0.0,0.0,0.0,0.0,518838.0
2024-05-11 08:00:00+00:00,0.0,0.0,0.0,0.0,815110.0
2024-05-11 12:00:00+00:00,0.0,0.0,0.0,0.0,1262046.0
2024-05-11 16:00:00+00:00,0.0,0.0,0.0,0.0,1090143.0
2024-05-11 20:00:00+00:00,0.0,0.0,0.0,0.0,643282.0
2024-05-12 00:00:00+00:00,0.0,0.0,0.0,0.0,1298916.0
2024-05-12 04:00:00+00:00,0.0,0.0,0.0,0.0,1781761.0
2024-05-12 08:00:00+00:00,0.0,0.0,0.0,0.0,1582411.0
2024-05-12 12:00:00+00:00,0.0,0.0,0.0,0.0,395631.0
2024-05-12 16:00:00+00:00,0.0,0.0,0.0,0.0,1622511.0
2024-05-12 20:00:00+00:00,0.0,0.0,0.0,0.0,601963.0
2024-05-13 00:00:00+00:00,0.0,0.0,0.0,0.0,1730260.0
2024-05-13 04:00:00+00:00,0.0,0.0,0.0,0.0,1674057.0
2024-05-13 08:00:00+00:00,0.0,0.0,0.0,0.0,999283.0
2024-05-13 12:00:00+00:00,0.0,0.0,0.0,0.0,1007400.0
2024-05-13 16:00:00+00:00,0.0,0.0,0.0,0.0,1177421.0
2024-05-13 20:00:00+00:00,0.0,0.0,0.0,0.0,327074.0
2024-05-14 00:00:00+00:00,0.0,0.0,0.0,0.0,1550929.0
2024-05-14 04:00:00+00:00,0.0,0.0,0.0,0.0,891390.0
2024-05-14 08:00:00+00:00,0.0,0.0,0.0,0.0,1660321.0
2024-05-14 12:00:00+00:00,0.0,0.0,0.0,0.0,821044.0
2024-05-14 16:00:00+00:00,0.0,0.0,0.0,0.0,897622.0
2024-05-14 20:00:00+00:00,0.0,0.0,0.0,0.0,495384.0
2024-05-15 00:00:00+00:00,0.0,0.0,0.0,0.0,725118.0
2024-05-15 04:00:00+00:00,0.0,0.0,0.0,0.0,657148.0
2024-05-15 08:00:00+00:00,0.0,0.0,0.0,0.0,1859792.0
2024-05-15 12:00:00+00:00,0.0,0.0,0.0,0.0,782011.0
2024-05-15 16:00:00+00:00,0.0,0.0,0.0,0.0,1283962.0
2024-05-15 20:00:00+00:00,0.0,0.0,0.0,0.0,1300989.0
2024-05-16 00:00:00+00:00,0.0,0.0,0.0,0.0,738867.0
2024-05-16 04:00:00+00:00,0.0,0.0,0.0,0.0,988653.0
2024-05-16 08:00:00+00:00,0.0,0.0,0.0,0.0,1604648.0
2024-05-16 12:00:00+00:00,0.0,0.0,0.0,0.0,907325.0
2024-05-16 16:00:00+00:00,0.0,0.0,0.0,0.0,1643905.0
2024-05-16 20:00:00+00:00,0.0,0.0,0.0,0.0,962976.0
2024-05-17 00:00:00+00:00,0.0,0.0,0.0,0.0,1303968.0
2024-05-17 04:00:00+00:00,0.0,0.0,0.0,0.0,1471378.0
2024-05-17 08:00:00+00:00,0.0,0.0,0.0,0.0,1010905.0
2024-05-17 12:00:00+00:00,0.0,0.0,0.0,0.0,1064996.0
2024-05-17 16:00:00+00:00,0.0,0.0,0.0,0.0,1268248.0
2024-05-17 20:00:00+00:00,0.0,0.0,0.0,0.0,1306635.0
2024-05-18 00:00:00+00:00,0.0,0.0,0.0,0.0,499380.0
2024-05-18 04:00:00+00:00,0.0,0.0,0.0,0.0,818114.0
2024-05-18 08:00:00+00:00,0.0,0.0,0.0,0.0,1572333.0
2024-05-18 12:00:00+00:00,0.0,0.0,0.0,0.0,2003569.0
2024-05-18 16:00:00+00:00,0.0,0.0,0.0,0.0,1053917.0
2024-05-18 20:00:00+00:00,0.0,0.0,0.0,0.0,1520881.0
2024-05-19 00:00:00+00:00,0.0,0.0,0.0,0.0,1422913.0
2024-05-19 04:00:00+00:00,0.0,0.0,0.0,0.0,1671449.0
2024-05-19 08:00:00+00:00,0.0,0.0,0.0,0.0,406245.0
2024-05-19 12:00:00+00:00,0.0,0.0,0.0,0.0,1026058.0
2024-05-19 16:00:00+00:00,0.0,0.0,0.0,0.0,1191015.0
2024-05-19 20:00:00+00:00,0.0,0.0,0.0,0.0,2053877.0
2024-05-20 00:00:00+00:00,0.0,0.0,0.0,0.0,4669322.0
2024-05-20 04:00:00+00:00,0.0,0.0,0.0,0.0,900331.0
2024-05-20 08:00:00+00:00,0.0,0.0,0.0,0.0,549433.0
2024-05-20 12:00:00+00:00,0.0,0.0,0.0,0.0,2079745.0
2024-05-20 16:00:00+00:00,0.0,0.0,0.0,0.0,2793426.0
2024-05-20 20:00:00+00:00,0.0,0.0,0.0,0.0,1529421.0
2024-05-21 00:00:00+00:00,0.0,0.0,0.0,0.0,692933.0
2024-05-21 04:00:00+00:00,0.0,0.0,0.0,0.0,1641006.0
2024-05-21 08:00:00+00:00,0.0,0.0,0.0,0.0,1818992.0
2024-05-21 12:00:00+00:00,0.0,0.0,0.0,0.0,897813.0
2024-05-21 16:00:00+00:00,0.0,0.0,0.0,0.0,1424913.0
2024-05-21 20:00:00+00:00,0.0,0.0,0.0,0.0,1778501.0
2024-05-22 00:00:00+00:00,0.0,0.0,0.0,0.0,2215149.0
2024-05-22 04:00:00+00:00,0.0,0.0,0.0,0.0,1098051.0
2024-05-22 08:00:00+00:00,0.0,0.0,0.0,0.0,1763921.0
2024-05-22 12:00:00+00:00,0.0,0.0,0.0,0.0,2368460.0
2024-05-22 16:00:00+00:00,0.0,0.0,0.0,0.0,673984.0
2024-05-22 20:00:00+00:00,0.0,0.0,0.0,0.0,1588784.0
2024-05-23 00:00:00+00:00,0.0,0.0,0.0,0.0,627898.0
2024-05-23 04:00:00+00:00,0.0,0.0,0.0,0.0,2184948.0
2024-05-23 08:00:00+00:00,0.0,0.0,0.0,0.0,1352821.0
2024-05-23 12:00:00+00:00,0.0,0.0,0.0,0.0,3098484.0
2024-05-23 16:00:00+00:00,0.0,0.0,0.0,0.0,1602040.0
2024-05-23 20:00:00+00:00,0.0,0.0,0.0,0.0,743680.0
2024-05-24 00:00:00+00:00,0.0,0.0,0.0,0.0,2478378.0
2024-05-24 04:00:00+00:00,0.0,0.0,0.0,0.0,2704304.0
2024-05-24 08:00:00+00:00,0.0,0.0,0.0,0.0,2002297.0
2024-05-24 12:00:00+00:00,0.0,0.0,0.0,0.0,747853.0
2024-05-24 16:00:00+00:00,0.0,0.0,0.0,0.0,1440867.0
2024-05-24 20:00:00+00:00,0.0,0.0,0.0,0.0,1827403.0
2024-05-25 00:00:00+00:00,0.0,0.0,0.0,0.0,1273740.0
2024-05-25 04:00:00+00:00,0.0,0.0,0.0,0.0,2967341.0
2024-05-25 08:00:00+00:00,0.0,0.0,0.0,0.0,1259687.0
2024-05-25 12:00:00+00:00,0.0,0.0,0.0,0.0,292709.0
2024-05-25 16:00:00+00:00,0.0,0.0,0.0,0.0,1365903.0
2024-05-25 20:00:00+00:00,0.0,0.0,0.0,0.0,1091000.0
2024-05-26 00:00:00+00:00,0.0,0.0,0.0,0.0,1836474.0
2024-05-26 04:00:00+00:00,0.0,0.0,0.0,0.0,896348.0
2024-05-26 08:00:00+00:00,0.0,0.0,0.0,0.0,2032274.0
2024-05-26 12:00:00+00:00,0.0,0.0,0.0,0.0,2833997.0
2024-05-26 16:00:00+00:00,0.0,0.0,0.0,0.0,1529200.0
2024-05-26 20:00:00+00:00,0.0,0.0,0.0,0.0,855344.0
2024-05-27 00:00:00+00:00,0.0,0.0,0.0,0.0,1761041.0
2024-05-27 04:00:00+00:00,0.0,0.0,0.0,0.0,1243857.0
2024-05-27 08:00:00+00:00,0.0,0.0,0.0,0.0,737661.0
2024-05-27 12:00:00+00:00,0.0,0.0,0.0,0.0,1344257.0
2024-05-27 16:00:00+00:00,0.0,0.0,0.0,0.0,1922575.0
2024-05-27 20:00:00+00:00,0.0,0.0,0.0,0.0,4618420.0
2024-05-28 00:00:00+00:00,0.0,0.0,0.0,0.0,2319434.0
2024-05-28 04:00:00+00:00,0.0,0.0,0.0,0.0,865640.0
2024-05-28 08:00:00+00:00,0.0,0.0,0.0,0.0,2215951.0
2024-05-28 12:00:00+00:00,0.0,0.0,0.0,0.0,812597.0
2024-05-28 16:00:00+00:00,0.0,0.0,0.0,0.0,2593563.0
2024-05-28 20:00:00+00:00,0.0,0.0,0.0,0.0,975522.0
2024-05-29 00:00:00+00:00,0.0,0.0,0.0,0.0,696331.0
2024-05-29 04:00:00+00:00,0.0,0.0,0.0,0.0,1456187.0
2024-05-29 08:00:00+00:00,0.0,0.0,0.0,0.0,393567.0
2024-05-29 12:00:00+00:00,0.0,0.0,0.0,0.0,570490.0
2024-05-29 16:00:00+00:00,0.0,0.0,0.0,0.0,1123893.0
2024-05-29 20:00:00+00:00,0.0,0.0,0.0,0.0,1542138.0
2024-05-30 00:00:00+00:00,0.0,0.0001,0.0,0.0,1268682.0
2024-05-30 04:00:00+00:00,0.0,0.0001,0.0,0.0001,736214.0
2024-05-30 08:00:00+00:00,0.0001,0.0001,0.0001,0.0001,858081.0
2024-05-30 12:00:00+00:00,0.0001,0.0001,0.0001,0.0001,1307934.0
2024-05-30 16:00:00+00:00,0.0001,0.0001,0.0001,0.0001,1425386.0
2024-05-30 20:00:00+00:00,0.0001,0.0001,0.0001,0.0001,1528894.0
2024-05-31 00:00:00+00:00,0.0001,0.0001,0.0001,0.0001,2439636.0
2024-05-31 04:00:00+00:00,0.0001,0.0001,0.0001,0.0001,1421540.0
2024-05-31 08:00:00+00:00,0.0001,0.0001,0.0001,0.0001,810359.0
2024-05-31 12:00:00+00:00,0.0001,0.0001,0.0001,0.0001,879865.0
2024-05-31 16:00:00+00:00,0.0001,0.0001,0.0001,0.0001,776870.0
2024-05-31 20:00:00+00:00,0.0001,0.0001,0.0001,0.0001,1028219.0
2024-06-01 00:00:00+00:00,0.0001,0.0001,0.0001,0.0001,1779037.0
2024-06-01 04:00:00+00:00,0.0001,0.0001,0.0001,0.0001,2261165.0
2024-06-01 08:00:00+00:00,0.0001,0.0001,0.0001,0.0001,2691273.0
2024-06-01 12:00:00+00:00,0.0001,0.0001,0.0001,0.0001,1108493.0
2024-06-01 16:00:00+00:00,0.0001,0.0001,0.0001,0.0001,3866958.0
2024-06-01 20:00:00+00:00,0.0001,0.0001,0.0001,0.0001,1034287.0
2024-06-02 00:00:00+00:00,0.0001,0.0001,0.0001,0.0001,2291400.0
2024-06-02 04:00:00+00:00,0.0001,0.0001,0.0001,0.0001,1099390.0
2024-06-02 08:00:00+00:00,0.0001,0.0001,0.0001,0.0001,2434114.0
2024-06-02 12:00:00+00:00,0.0001,0.0001,0.0001,0.0001,2182051.0
2024-06-02 16:00:00+00:00,0.0001,0.0001,0.0001,0.0001,1020328.0
2024-06-02 20:00:00+00:00,0.0001,0.0002,0.0001,0.0002,1419669.0
2024-06-03 00:00:00+00:00,0.0002,0.0002,0.0001,0.0002,2063474.0
2024-06-03 04:00:00+00:00,0.0002,0.0002,0.0001,0.0001,1124305.0
2024-06-03 08:00:00+00:00,0.0001,0.0001,0.0001,0.0001,561378.0
2024-06-03 12:00:00+00:00,0.0001,0.0002,0.0001,0.0002,4328390.0
2024-06-03 16:00:00+00:00,0.0002,0.0002,0.0001,0.0001,1156428.0
2024-06-03 20:00:00+00:00,0.0001,0.0002,0.0001,0.0001,1146687.0
2024-06-04 00:00:00+00:00,0.0001,0.0001,0.0001,0.0001,2343203.0
2024-06-04 04:00:00+00:00,0.0001,0.0002,0.0001,0.0002,1133933.0
2024-06-04 08:00:00+00:00,0.0002,0.0002,0.0001,0.0001,1018605.0
2024-06-04 12:00:00+00:00,0.0001,0.0001,0.0001,0.0001,1421435.0
2024-06-04 16:00:00+00:00,0.0001,0.0001,0.0001,0.0001,477017.0
2024-06-04 20:00:00+00:00,0.0001,0.0001,0.0001,0.0001,1475533.0
2024-06-05 00:00:00+00:00,0.0001,0.0001,0.0001,0.0001,1164311.0
2024-06-05 04:00:00+00:00,0.0001,0.0001,0.0001,0.0001,1090229.0
2024-06-05 08:00:00+00:00,0.0001,0.0002,0.0001,0.0002,853305.0
2024-06-05 12:00:00+00:00,0.0002,0.0002,0.0001,0.0001,3665841.0
2024-06-05 16:00:00+00:00,0.0001,0.0001,0.0001,0.0001,2095514.0
2024-06-05 20:00:00+00:00,0.0001,0.0001,0.0001,0.0001,2449763.0
2024-06-06 00:00:00+00:00,0.0001,0.0001,0.0001,0.0001,1076682.0
2024-06-06 04:00:00+00:00,0.0001,0.0001,0.0001,0.0001,940140.0
2024-06-06 08:00:00+00:00,0.0001,0.0001,0.0001,0.0001,1508549.0
2024-06-06 12:00:00+00:00,0.0001,0.0001,0.0001,0.0001,996088.0
2024-06-06 16:00:00+00:00,0.0001,0.0001,0.0001,0.0001,695868.0
2024-06-06 20:00:00+00:00,0.0001,0.0001,0.0001,0.0001,3286774.0
2024-06-07 00:00:00+00:00,0.0001,0.0001,0.0001,0.0001,1020230.0
2024-06-07 04:00:00+00:00,0.0001,0.0001,0.0001,0.0001,515062.0
2024-06-07 08:00:00+00:00,0.0001,0.0001,0.0001,0.0001,2029292.0
2024-06-07 12:00:00+00:00,0.0001,0.0001,0.0001,0.0001,1418624.0
2024-06-07 16:00:00+00:00,0.0001,0.0001,0.0001,0.0001,1093162.0
2024-06-07 20:00:00+00:00,0.0001,0.0001,0.0001,0.0001,697570.0
2024-06-08 00:00:00+00:00,0.0001,0.0001,0.0001,0.0001,3131050.0
2024-06-08 04:00:00+00:00,0.0001,0.0001,0.0001,0.0001,535430.0
2024-06-08 08:00:00+00:00,0.0001,0.0001,0.0001,0.0001,1141337.0
2024-06-08 12:00:00+00:00,0.0001,0.0001,0.0001,0.0001,1748549.0
2024-06-08 16:00:00+00:00,0.0001,0.0001,0.0001,0.0001,1430803.0
2024-06-08 20:00:00+00:00,0.0001,0.0001,0.0,0.0,1516867.0
2024-06-09 00:00:00+00:00,0.0,0.0001,0.0,0.0001,704702.0
2024-06-09 04:00:00+00:00,0.0001,0.0001,0.0001,0.0001,691417.0
2024-06-09 08:00:00+00:00,0.0001,0.0001,0.0001,0.0001,1646554.0
2024-06-09 12:00:00+00:00,0.0001,0.0001,0.0001,0.0001,779035.0
2024-06-09 16:00:00+00:00,0.0001,0.0001,0.0001,0.0001,1335182.0
2024-06-09 20:00:00+00:00,0.0001,0.0001,0.0001,0.0001,1767529.0
2024-06-10 00:00:00+00:00,0.0001,0.0001,0.0001,0.0001,1945079.0
2024-06-10 04:00:00+00:00,0.0001,0.0001,0.0001,0.0001,698683.0
2024-06-10 08:00:00+00:00,0.0001,0.0001,0.0001,0.0001,4794929.0
2024-06-10 12:00:00+00:00,0.0001,0.0001,0.0001,0.0001,1598552.0
2024-06-10 16:00:00+00:00,0.0001,0.0001,0.0001,0.0001,1318612.0
2024-06-10 20:00:00+00:00,0.0001,0.0001,0.0001,0.0001,1792616.0
2024-06-11 00:00:00+00:00,0.0001,0.0002,0.0001,0.0002,5363651.0
2024-06-11 04:00:00+00:00,0.0002,0.0002,0.0001,0.0001,634958.0
2024-06-11 08:00:00+00:00,0.0001,0.0002,0.0001,0.0002,1618239.0
2024-06-11 12:00:00+00:00,0.0002,0.0002,0.0002,0.0002,309734.0
2024-06-11 16:00:00+00:00,0.0002,0.0002,0.0001,0.0001,1800157.0
2024-06-11 20:00:00+00:00,0.0001,0.0001,0.0001,0.0001,1270557.0
2024-06-12 00:00:00+00:00,0.0001,0.0001,0.0001,0.0001,1279293.0
2024-06-12 04:00:00+00:00,0.0001,0.0001,0.0001,0.0001,994137.0
2024-06-12 08:00:00+00:00,0.0001,0.0001,0.0001,0.0001,464014.0
2024-06-12 12:00:00+00:00,0.0001,0.0001,0.0001,0.0001,1446473.0
2024-06-12 16:00:00+00:00,0.0001,0.0001,0.0001,0.0001,3829256.0
2024-06-12 20:00:00+00:00,0.0001,0.0001,0.0001,0.0001,895088.0
2024-06-13 00:00:00+00:00,0.0001,0.0001,0.0001,0.0001,2604446.0
2024-06-13 04:00:00+00:00,0.0001,0.0001,0.0,0.0,781640.0
2024-06-13 08:00:00+00:00,0.0,0.0,0.0,0.0,1687739.0
2024-06-13 12:00:00+00:00,0.0,0.0,0.0,0.0,1112427.0
2024-06-13 16:00:00+00:00,0.0,0.0001,0.0,0.0001,814212.0
2024-06-13 20:00:00+00:00,0.0001,0.0001,0.0,0.0,980873.0
2024-06-14 00:00:00+00:00,0.0,0.0,0.0,0.0,838551.0
2024-06-14 04:00:00+00:00,0.0,0.0,0.0,0.0,1212068.0
2024-06-14 08:00:00+00:00,0.0,0.0,0.0,0.0,781919.0
2024-06-14 12:00:00+00:00,0.0,0.0,0.0,0.0,1374939.0
2024-06-14 16:00:00+00:00,0.0,0.0001,0.0,0.0001,1366539.0
2024-06-14 20:00:00+00:00,0.0001,0.0001,0.0,0.0,634445.0
2024-06-15 00:00:00+00:00,0.0,0.0001,0.0,0.0,2485839.0
2024-06-15 04:00:00+00:00,0.0,0.0001,0.0,0.0001,713104.0
2024-06-15 08:00:00+00:00,0.0001,0.0001,0.0,0.0,1367665.0
2024-06-15 12:00:00+00:00,0.0,0.0,0.0,0.0,681298.0
2024-06-15 16:00:00+00:00,0.0,0.0,0.0,0.0,3211968.0
2024-06-15 20:00:00+00:00,0.0,0.0,0.0,0.0,1912781.0
2024-06-16 00:00:00+00:00,0.0,0.0,0.0,0.0,705343.0
2024-06-16 04:00:00+00:00,0.0,0.0,0.0,0.0,3144816.0
2024-06-16 08:00:00+00:00,0.0,0.0,0.0,0.0,1424068.0
2024-06-16 12:00:00+00:00,0.0,0.0,0.0,0.0,1429986.0
2024-06-16 16:00:00+00:00,0.0,0.0,0.0,0.0,1058300.0
2024-06-16 20:00:00+00:00,0.0,0.0,0.0,0.0,1120046.0
2024-06-17 00:00:00+00:00,0.0,0.0,0.0,0.0,1675889.0
2024-06-17 04:00:00+00:00,0.0,0.0001,0.0,0.0,781333.0
2024-06-17 08:00:00+00:00,0.0,0.0,0.0,0.0,3196510.0
2024-06-17 12:00:00+00:00,0.0,0.0,0.0,0.0,696212.0
2024-06-17 16:00:00+00:00,0.0,0.0001,0.0,0.0001,2535163.0
2024-06-17 20:00:00+00:00,0.0001,0.0001,0.0001,0.0001,1325850.0
2024-06-18 00:00:00+00:00,0.0001,0.0001,0.0001,0.0001,1491839.0
2024-06-18 04:00:00+00:00,0.0001,0.0001,0.0001,0.0001,2231144.0
2024-06-18 08:00:00+00:00,0.0001,0.0001,0.0001,0.0001,906484.0
2024-06-18 12:00:00+00:00,0.0001,0.0001,0.0001,0.0001,2451438.0
2024-06-18 16:00:00+00:00,0.0001,0.0001,0.0001,0.0001,280805.0
2024-06-18 20:00:00+00:00,0.0001,0.0001,0.0001,0.0001,1347995.0
2024-06-19 00:00:00+00:00,0.0001,0.0001,0.0001,0.0001,826568.0
2024-06-19 04:00:00+00:00,0.0001,0.0001,0.0001,0.0001,950665.0
2024-06-19 08:00:00+00:00,0.0001,0.0001,0.0001,0.0001,976184.0
2024-06-19 12:00:00+00:00,0.0001,0.0001,0.0001,0.0001,1570940.0
2024-06-19 16:00:00+00:00,0.0001,0.0001,0.0001,0.0001,1733720.0
2024-06-19 20:00:00+00:00,0.0001,0.0001,0.0001,0.0001,1293401.0
2024-06-20 00:00:00+00:00,0.0001,0.0001,0.0001,0.0001,851842.0
2024-06-20 04:00:00+00:00,0.0001,0.0001,0.0001,0.0001,1482280.0
2024-06-20 08:00:00+00:00,0.0001,0.0001,0.0001,0.0001,1341885.0
2024-06-20 12:00:00+00:00,0.0001,0.0001,0.0001,0.0001,1619135.0
2024-06-20 16:00:00+00:00,0.0001,0.0001,0.0001,0.0001,2872479.0
2024-06-20 20:00:00+00:00,0.0001,0.0002,0.0001,0.0002,1801371.0
2024-06-21 00:00:00+00:00,0.0002,0.0002,0.0002,0.0002,761702.0
2024-06-21 04:00:00+00:00,0.0002,0.0002,0.0002,0.0002,731251.0
2024-06-21 08:00:00+00:00,0.0002,0.0002,0.0002,0.0002,797338.0
2024-06-21 12:00:00+00:00,0.0002,0.0002,0.0002,0.0002,1082667.0
2024-06-21 16:00:00+00:00,0.0002,0.0002,0.0002,0.0002,1674193.0
2024-06-21 20:00:00+00:00,0.0002,0.0002,0.0002,0.0002,1601310.0
2024-06-22 00:00:00+00:00,0.0002,0.0002,0.0001,0.0001,1710784.0
2024-06-22 04:00:00+00:00,0.0001,0.0001,0.0001,0.0001,1184817.0
2024-06-22 08:00:00+00:00,0.0001,0.0001,0.0001,0.0001,1382338.0
2024-06-22 12:00:00+00:00,0.0001,0.0001,0.0001,0.0001,944198.0
2024-06-22 16:00:00+00:00,0.0001,0.0002,0.0001,0.0002,1072520.0
2024-06-22 20:00:00+00:00,0.0002,0.0002,0.0001,0.0001,647078.0
2024-06-23 00:00:00+00:00,0.0001,0.0001,0.0001,0.0001,1175445.0
2024-06-23 04:00:00+00:00,0.0001,0.0001,0.0001,0.0001,1388323.0
2024-06-23 08:00:00+00:00,0.0001,0.0001,0.0001,0.0001,1031500.0
2024-06-23 12:00:00+00:00,0.0001,0.0002,0.0001,0.0002,1555892.0
2024-06-23 16:00:00+00:00,0.0002,0.0002,0.0001,0.0001,1530407.0
2024-06-23 20:00:00+00:00,0.0001,0.0002,0.0001,0.0002,1919752.0
2024-06-24 00:00:00+00:00,0.0002,0.0002,0.0002,0.0002,596376.0
2024-06-24 04:00:00+00:00,0.0002,0.0002,0.0002,0.0002,1782502.0
2024-06-24 08:00:00+00:00,0.0002,0.0002,0.0002,0.0002,2439518.0
2024-06-24 12:00:00+00:00,0.0002,0.0002,0.0002,0.0002,731732.0
2024-06-24 16:00:00+00:00,0.0002,0.0002,0.0002,0.0002,1136441.0
2024-06-24 20:00:00+00:00,0.0002,0.0002,0.0002,0.0002,3007646.0
2024-06-25 00:00:00+00:00,0.0002,0.0002,0.0002,0.0002,1500180.0
2024-06-25 04:00:00+00:00,0.0002,0.0002,0.0002,0.0002,424580.0
2024-06-25 08:00:00+00:00,0.0002,0.0002,0.0002,0.0002,581751.0
2024-06-25 12:00:00+00:00,0.0002,0.0002,0.0002,0.0002,1072928.0
2024-06-25 16:00:00+00:00,0.0002,0.0002,0.0002,0.0002,620700.0
2024-06-25 20:00:00+00:00,0.0002,0.0002,0.0002,0.0002,1020445.0
2024-06-26 00:00:00+00:00,0.0002,0.0002,0.0002,0.0002,1330851.0
2024-06-26 04:00:00+00:00,0.0002,0.0002,0.0002,0.0002,2116561.0
2024-06-26 08:00:00+00:00,0.0002,0.0002,0.0002,0.0002,1309086.0
2024-06-26 12:00:00+00:00,0.0002,0.0002,0.0002,0.0002,2114934.0
2024-06-26 16:00:00+00:00,0.0002,0.0003,0.0002,0.0002,2399234.0
2024-06-26 20:00:00+00:00,0.0002,0.0003,0.0002,0.0003,2744164.0
2024-06-27 00:00:00+00:00,0.0003,0.0003,0.0001,0.0001,2640010.0
2024-06-27 04:00:00+00:00,0.0001,0.0002,0.0001,0.0002,565428.0
2024-06-27 08:00:00+00:00,0.0002,0.0002,0.0001,0.0001,2254910.0
2024-06-27 12:00:00+00:00,0.0001,0.0001,0.0001,0.0001,1978233.0
2024-06-27 16:00:00+00:00,0.0001,0.0001,0.0001,0.0001,1451940.0
2024-06-27 20:00:00+00:00,0.0001,0.0001,0.0001,0.0001,3805884.0
2024-06-28 00:00:00+00:00,0.0001,0.0001,0.0001,0.0001,2327333.0
2024-06-28 04:00:00+00:00,0.0001,0.0001,0.0001,0.0001,1619352.0
2024-06-28 08:00:00+00:00,0.0001,0.0001,0.0001,0.0001,1975412.0
2024-06-28 12:00:00+00:00,0.0001,0.0001,0.0001,0.0001,1216351.0
2024-06-28 16:00:00+00:00,0.0001,0.0001,0.0001,0.0001,346183.0
2024-06-28 20:00:00+00:00,0.0001,0.0001,0.0001,0.0001,799374.0
2024-06-29 00:00:00+00:00,0.0001,0.0001,0.0001,0.0001,2874331.0
2024-06-29 04:00:00+00:00,0.0001,0.0001,0.0001,0.0001,961357.0
2024-06-29 08:00:00+00:00,0.0001,0.0001,0.0001,0.0001,1100790.0
2024-06-29 12:00:00+00:00,0.0001,0.0001,0.0001,0.0001,1013719.0
2024-06-29 16:00:00+00:00,0.0001,0.0001,0.0001,0.0001,2931445.0
2024-06-29 20:00:00+00:00,0.0001,0.0001,0.0001,0.0001,3863124.0
2024-06-30 00:00:00+00:00,0.0001,0.0001,0.0001,0.0001,883028.0
2024-06-30 04:00:00+00:00,0.0001,0.0001,0.0001,0.0001,1254876.0
2024-06-30 08:00:00+00:00,0.0001,0.0001,0.0001,0.0001,829768.0
2024-06-30 12:00:00+00:00,0.0001,0.0001,0.0001,0.0001,1568948.0
2024-06-30 16:00:00+00:00,0.0001,0.0001,0.0001,0.0001,2484531.0
2024-06-30 20:00:00+00:00,0.0001,0.0001,0.0001,0.0001,1745081.0
2024-07-01 00:00:00+00:00,0.0001,0.0001,0.0001,0.0001,1398428.0
2024-07-01 04:00:00+00:00,0.0001,0.0001,0.0001,0.0001,6312279.0
2024-07-01 08:00:00+00:00,0.0001,0.0001,0.0001,0.0001,657050.0
2024-07-01 12:00:00+00:00,0.0001,0.0001,0.0001,0.0001,478508.0
2024-07-01 16:00:00+00:00,0.0001,0.0001,0.0001,0.0001,901476.0
2024-07-01 20:00:00+00:00,0.0001,0.0001,0.0001,0.0001,475350.0
2024-07-02 00:00:00+00:00,0.0001,0.0001,0.0001,0.0001,486239.0
2024-07-02 04:00:00+00:00,0.0001,0.0001,0.0001,0.0001,795783.0
2024-07-02 08:00:00+00:00,0.0001,0.0001,0.0001,0.0001,639771.0
2024-07-02 12:00:00+00:00,0.0001,0.0001,0.0001,0.0001,816805.0
2024-07-02 16:00:00+00:00,0.0001,0.0001,0.0001,0.0001,1354184.0
2024-07-02 20:00:00+00:00,0.0001,0.0001,0.0001,0.0001,796919.0
2024-07-03 00:00:00+00:00,0.0001,0.0001,0.0001,0.0001,1730561.0
2024-07-03 04:00:00+00:00,0.0001,0.0001,0.0001,0.0001,2195135.0
2024-07-03 08:00:00+00:00,0.0001,0.0001,0.0001,0.0001,782148.0
2024-07-03 12:00:00+00:00,0.0001,0.0001,0.0001,0.0001,1262097.0
2024-07-03 16:00:00+00:00,0.0001,0.0001,0.0001,0.0001,2775686.0
2024-07-03 20:00:00+00:00,0.0001,0.0001,0.0001,0.0001,731573.0
2024-07-04 00:00:00+00:00,0.0001,0.0001,0.0001,0.0001,325071.0
2024-07-04 04:00:00+00:00,0.0001,0.0001,0.0001,0.0001,1771491.0
2024-07-04 08:00:00+00:00,0.0001,0.0001,0.0001,0.0001,1887879.0
2024-07-04 12:00:00+00:00,0.0001,0.0001,0.0001,0.0001,3558172.0
2024-07-04 16:00:00+00:00,0.0001,0.0001,0.0001,0.0001,1604006.0
2024-07-04 20:00:00+00:00,0.0001,0.0001,0.0001,0.0001,1941546.0
2024-07-05 00:00:00+00:00,0.0001,0.0001,0.0001,0.0001,1680841.0
2024-07-05 04:00:00+00:00,0.0001,0.0001,0.0001,0.0001,1268846.0
2024-07-05 08:00:00+00:00,0.0001,0.0001,0.0001,0.0001,2509075.0
2024-07-05 12:00:00+00:00,0.0001,0.0001,0.0001,0.0001,478501.0
2024-07-05 16:00:00+00:00,0.0001,0.0001,0.0001,0.0001,1494771.0
2024-07-05 20:00:00+00:00,0.0001,0.0001,0.0001,0.0001,3084180.0
2024-07-06 00:00:00+00:00,0.0001,0.0001,0.0001,0.0001,1331460.0
2024-07-06 04:00:00+00:00,0.0001,0.0002,0.0001,0.0002,4734617.0
2024-07-06 08:00:00+00:00,0.0002,0.0002,0.0002,0.0002,754230.0
2024-07-06 12:00:00+00:00,0.0002,0.0002,0.0002,0.0002,1065390.0
2024-07-06 16:00:00+00:00,0.0002,0.0002,0.0002,0.0002,1487630.0
2024-07-06 20:00:00+00:00,0.0002,0.0002,0.0002,0.0002,491847.0
2024-07-07 00:00:00+00:00,0.0002,0.0003,0.0002,0.0003,851716.0
2024-07-07 04:00:00+00:00,0.0003,0.0003,0.0003,0.0003,740116.0
2024-07-07 08:00:00+00:00,0.0003,0.0003,0.0002,0.0002,2294035.0
2024-07-07 12:00:00+00:00,0.0002,0.0003,0.0002,0.0003,2673568.0
2024-07-07 16:00:00+00:00,0.0003,0.0003,0.0002,0.0002,1789859.0
2024-07-07 20:00:00+00:00,0.0002,0.0003,0.0002,0.0003,1706222.0
2024-07-08 00:00:00+00:00,0.0003,0.0003,0.0002,0.0002,1239460.0
2024-07-08 04:00:00+00:00,0.0002,0.0002,0.0002,0.0002,1887353.0
2024-07-08 08:00:00+00:00,0.0002,0.0002,0.0002,0.0002,1145824.0
2024-07-08 12:00:00+00:00,0.0002,0.0002,0.0002,0.0002,1172340.0
2024-07-08 16:00:00+00:00,0.0002,0.0003,0.0002,0.0003,1037007.0
2024-07-08 20:00:00+00:00,0.0003,0.0003,0.0003,0.0003,2422886.0
2024-07-09 00:00:00+00:00,0.0003,0.0004,0.0003,0.0003,971102.0
2024-07-09 04:00:00+00:00,0.0003,0.0003,0.0003,0.0003,1816945.0
2024-07-09 08:00:00+00:00,0.0003,0.0004,0.0003,0.0004,811163.0
2024-07-09 12:00:00+00:00,0.0004,0.0005,0.0004,0.0004,883371.0
2024-07-09 16:00:00+00:00,0.0004,0.0005,0.0004,0.0004,2196050.0
2024-07-09 20:00:00+00:00,0.0004,0.0004,0.0004,0.0004,1209341.0
2024-07-10 00:00:00+00:00,0.0004,0.0004,0.0004,0.0004,1044741.0
2024-07-10 04:00:00+00:00,0.0004,0.0004,0.0004,0.0004,1776531.0
2024-07-10 08:00:00+00:00,0.0004,0.0005,0.0004,0.0005,1191848.0
2024-07-10 12:00:00+00:00,0.0005,0.0005,0.0005,0.0005,969704.0
2024-07-10 16:00:00+00:00,0.0005,0.0005,0.0005,0.0005,2118283.0
2024-07-10 20:00:00+00:00,0.0005,0.0005,0.0005,0.0005,2334746.0
2024-07-11 00:00:00+00:00,0.0005,0.0005,0.0005,0.0005,2201761.0
2024-07-11 04:00:00+00:00,0.0005,0.0005,0.0004,0.0004,1292091.0
2024-07-11 08:00:00+00:00,0.0004,0.0004,0.0003,0.0003,3056188.0
2024-07-11 12:00:00+00:00,0.0003,0.0004,0.0003,0.0004,1066433.0
2024-07-11 16:00:00+00:00,0.0004,0.0004,0.0003,0.0003,879823.0
2024-07-11 20:00:00+00:00,0.0003,0.0003,0.0003,0.0003,447529.0
2024-07-12 00:00:00+00:00,0.0003,0.0003,0.0002,0.0002,4552273.0
2024-07-12 04:00:00+00:00,0.0002,0.0002,0.0002,0.0002,837934.0
2024-07-12 08:00:00+00:00,0.0002,0.0002,0.0001,0.0001,1500445.0
2024-07-12 12:00:00+00:00,0.0001,0.0002,0.0001,0.0002,1101197.0
2024-07-12 16:00:00+00:00,0.0002,0.0002,0.0002,0.0002,2054903.0
2024-07-12 20:00:00+00:00,0.0002,0.0002,0.0002,0.0002,1087687.0
2024-07-13 00:00:00+00:00,0.0002,0.0002,0.0002,0.0002,1047279.0
2024-07-13 04:00:00+00:00,0.0002,0.0003,0.0002,0.0003,1794890.0
2024-07-13 08:00:00+00:00,0.0003,0.0003,0.0003,0.0003,560859.0
2024-07-13 12:00:00+00:00,0.0003,0.0003,0.0002,0.0002,1399425.0
2024-07-13 16:00:00+00:00,0.0002,0.0002,0.0002,0.0002,707455.0
2024-07-13 20:00:00+00:00,0.0002,0.0002,0.0002,0.0002,798575.0
2024-07-14 00:00:00+00:00,0.0002,0.0002,0.0001,0.0001,1905253.0
2024-07-14 04:00:00+00:00,0.0001,0.0002,0.0001,0.0002,546007.0
2024-07-14 08:00:00+00:00,0.0002,0.0002,0.0002,0.0002,999422.0
2024-07-14 12:00:00+00:00,0.0002,0.0003,0.0002,0.0003,1619115.0
2024-07-14 16:00:00+00:00,0.0003,0.0003,0.0003,0.0003,953985.0
2024-07-14 20:00:00+00:00,0.0003,0.0003,0.0003,0.0003,3427377.0
2024-07-15 00:00:00+00:00,0.0003,0.0003,0.0003,0.0003,3458164.0
2024-07-15 04:00:00+00:00,0.0003,0.0004,0.0003,0.0004,868172.0
2024-07-15 08:00:00+00:00,0.0004,0.0004,0.0004,0.0004,1486367.0
2024-07-15 12:00:00+00:00,0.0004,0.0004,0.0004,0.0004,1520494.0
2024-07-15 16:00:00+00:00,0.0004,0.0004,0.0004,0.0004,763577.0
2024-07-15 20:00:00+00:00,0.0004,0.0004,0.0003,0.0003,632177.0
2024-07-16 00:00:00+00:00,0.0003,0.0004,0.0003,0.0003,1120729.0
2024-07-16 04:00:00+00:00,0.0003,0.0003,0.0002,0.0002,1617146.0
2024-07-16 08:00:00+00:00,0.0002,0.0003,0.0002,0.0002,840812.0
2024-07-16 12:00:00+00:00,0.0002,0.0003,0.0002,0.0002,1800366.0
2024-07-16 16:00:00+00:00,0.0002,0.0002,0.0002,0.0002,1029034.0
2024-07-16 20:00:00+00:00,0.0002,0.0002,0.0002,0.0002,607014.0
2024-07-17 00:00:00+00:00,0.0002,0.0002,0.0002,0.0002,1716410.0
2024-07-17 04:00:00+00:00,0.0002,0.0002,0.0002,0.0002,1712775.0
2024-07-17 08:00:00+00:00,0.0002,0.0003,0.0002,0.0002,948252.0
2024-07-17 12:00:00+00:00,0.0002,0.0002,0.0002,0.0002,2300415.0
2024-07-17 16:00:00+00:00,0.0002,0.0002,0.0002,0.0002,586882.0
2024-07-17 20:00:00+00:00,0.0002,0.0002,0.0002,0.0002,1080838.0
2024-07-18 00:00:00+00:00,0.0002,0.0002,0.0002,0.0002,968668.0
2024-07-18 04:00:00+00:00,0.0002,0.0002,0.0001,0.0002,906908.0
2024-07-18 08:00:00+00:00,0.0002,0.0002,0.0001,0.0001,1083088.0
2024-07-18 12:00:00+00:00,0.0001,0.0001,0.0001,0.0001,2667051.0
2024-07-18 16:00:00+00:00,0.0001,0.0001,0.0001,0.0001,1043895.0
2024-07-18 20:00:00+00:00,0.0001,0.0001,0.0001,0.0001,4309589.0
2024-07-19 00:00:00+00:00,0.0001,0.0001,0.0001,0.0001,1422187.0
2024-07-19 04:00:00+00:00,0.0001,0.0001,0.0001,0.0001,1798692.0
2024-07-19 08:00:00+00:00,0.0001,0.0001,0.0001,0.0001,1519177.0
2024-07-19 12:00:00+00:00,0.0001,0.0001,0.0001,0.0001,3577625.0
2024-07-19 16:00:00+00:00,0.0001,0.0001,0.0001,0.0001,756982.0
2024-07-19 20:00:00+00:00,0.0001,0.0001,0.0001,0.0001,628080.0
2024-07-20 00:00:00+00:00,0.0001,0.0001,0.0001,0.0001,1105821.0
2024-07-20 04:00:00+00:00,0.0001,0.0001,0.0001,0.0001,1072448.0
2024-07-20 08:00:00+00:00,0.0001,0.0001,0.0001,0.0001,503550.0
2024-07-20 12:00:00+00:00,0.0001,0.0001,0.0001,0.0001,1065831.0
2024-07-20 16:00:00+00:00,0.0001,0.0001,0.0001,0.0001,2897129.0
2024-07-20 20:00:00+00:00,0.0001,0.0001,0.0001,0.0001,1101183.0
2024-07-21 00:00:00+00:00,0.0001,0.0001,0.0001,0.0001,878487.0
2024-07-21 04:00:00+00:00,0.0001,0.0001,0.0001,0.0001,961506.0
2024-07-21 08:00:00+00:00,0.0001,0.0001,0.0001,0.0001,2036476.0
2024-07-21 12:00:00+00:00,0.0001,0.0001,0.0001,0.0001,1080174.0
2024-07-21 16:00:00+00:00,0.0001,0.0001,0.0001,0.0001,4496122.0
2024-07-21 20:00:00+00:00,0.0001,0.0001,0.0001,0.0001,4104217.0
2024-07-22 00:00:00+00:00,0.0001,0.0001,0.0001,0.0001,1492988.0
2024-07-22 04:00:00+00:00,0.0001,0.0001,0.0001,0.0001,1317026.0
2024-07-22 08:00:00+00:00,0.0001,0.0001,0.0001,0.0001,2346095.0
2024-07-22 12:00:00+00:00,0.0001,0.0001,0.0001,0.0001,1960666.0
2024-07-22 16:00:00+00:00,0.0001,0.0001,0.0001,0.0001,1042585.0
2024-07-22 20:00:00+00:00,0.0001,0.0001,0.0001,0.0001,1002603.0
2024-07-23 00:00:00+00:00,0.0001,0.0001,0.0001,0.0001,580260.0
2024-07-23 04:00:00+00:00,0.0001,0.0001,0.0001,0.0001,1690118.0
2024-07-23 08:00:00+00:00,0.0001,0.0001,0.0001,0.0001,2740493.0
2024-07-23 12:00:00+00:00,0.0001,0.0001,0.0001,0.0001,782140.0
2024-07-23 16:00:00+00:00,0.0001,0.0001,0.0001,0.0001,906117.0
2024-07-23 20:00:00+00:00,0.0001,0.0001,0.0001,0.0001,654370.0
2024-07-24 00:00:00+00:00,0.0001,0.0001,0.0001,0.0001,755665.0
2024-07-24 04:00:00+00:00,0.0001,0.0001,0.0001,0.0001,1429457.0
2024-07-24 08:00:00+00:00,0.0001,0.0001,0.0001,0.0001,734781.0
2024-07-24 12:00:00+00:00,0.0001,0.0001,0.0001,0.0001,875599.0
2024-07-24 16:00:00+00:00,0.0001,0.0001,0.0001,0.0001,472975.0
2024-07-24 20:00:00+00:00,0.0001,0.0001,0.0001,0.0001,1564936.0
2024-07-25 00:00:00+00:00,0.0001,0.0001,0.0001,0.0001,1949053.0
2024-07-25 04:00:00+00:00,0.0001,0.0001,0.0001,0.0001,870258.0
2024-07-25 08:00:00+00:00,0.0001,0.0001,0.0001,0.0001,1472588.0
2024-07-25 12:00:00+00:00,0.0001,0.0001,0.0001,0.0001,1140190.0
2024-07-25 16:00:00+00:00,0.0001,0.0001,0.0001,0.0001,1430593.0
2024-07-25 20:00:00+00:00,0.0001,0.0001,0.0001,0.0001,651954.0
2024-07-26 00:00:00+00:00,0.0001,0.0001,0.0001,0.0001,4280107.0
2024-07-26 04:00:00+00:00,0.0001,0.0002,0.0001,0.0002,1276971.0
2024-07-26 08:00:00+00:00,0.0002,0.0002,0.0002,0.0002,1192361.0
2024-07-26 12:00:00+00:00,0.0002,0.0002,0.0002,0.0002,2078168.0
2024-07-26 16:00:00+00:00,0.0002,0.0002,0.0002,0.0002,10103284.0
2024-07-26 20:00:00+00:00,0.0002,0.0002,0.0002,0.0002,629621.0
2024-07-27 00:00:00+00:00,0.0002,0.0002,0.0002,0.0002,1370020.0
2024-07-27 04:00:00+00:00,0.0002,0.0002,0.0002,0.0002,887542.0
2024-07-27 08:00:00+00:00,0.0002,0.0002,0.0001,0.0002,1114562.0
2024-07-27 12:00:00+00:00,0.0002,0.0002,0.0001,0.0001,903192.0
2024-07-27 16:00:00+00:00,0.0001,0.0001,0.0001,0.0001,884769.0
2024-07-27 20:00:00+00:00,0.0001,0.0001,0.0001,0.0001,992074.0
2024-07-28 00:00:00+00:00,0.0001,0.0001,0.0001,0.0001,643140.0
2024-07-28 04:00:00+00:00,0.0001,0.0001,0.0001,0.0001,1770184.0
2024-07-28 08:00:00+00:00,0.0001,0.0001,0.0001,0.0001,1750235.0
2024-07-28 12:00:00+00:00,0.0001,0.0001,0.0001,0.0001,1415871.0
2024-07-28 16:00:00+00:00,0.0001,0.0001,0.0001,0.0001,1087107.0
2024-07-28 20:00:00+00:00,0.0001,0.0001,0.0001,0.0001,1581138.0
2024-07-29 00:00:00+00:00,0.0001,0.0001,0.0001,0.0001,1345967.0
2024-07-29 04:00:00+00:00,0.0001,0.0001,0.0001,0.0001,865997.0
2024-07-29 08:00:00+00:00,0.0001,0.0001,0.0001,0.0001,1293414.0
2024-07-29 12:00:00+00:00,0.0001,0.0001,0.0001,0.0001,1138652.0
2024-07-29 16:00:00+00:00,0.0001,0.0001,0.0001,0.0001,759787.0
2024-07-29 20:00:00+00:00,0.0001,0.0001,0.0001,0.0001,459589.0
2024-07-30 00:00:00+00:00,0.0001,0.0001,0.0001,0.0001,2007584.0
2024-07-30 04:00:00+00:00,0.0001,0.0001,0.0001,0.0001,884026.0
2024-07-30 08:00:00+00:00,0.0001,0.0001,0.0001,0.0001,1845770.0
2024-07-30 12:00:00+00:00,0.0001,0.0001,0.0001,0.0001,2111919.0
2024-07-30 16:00:00+00:00,0.0001,0.0001,0.0001,0.0001,744802.0
2024-07-30 20:00:00+00:00,0.0001,0.0001,0.0001,0.0001,623131.0
2024-07-31 00:00:00+00:00,0.0001,0.0001,0.0001,0.0001,5894125.0
2024-07-31 04:00:00+00:00,0.0001,0.0001,0.0001,0.0001,2525706.0
2024-07-31 08:00:00+00:00,0.0001,0.0001,0.0001,0.0001,1385003.0
2024-07-31 12:00:00+00:00,0.0001,0.0001,0.0,0.0,1516327.0
2024-07-31 16:00:00+00:00,0.0,0.0001,0.0,0.0001,1133649.0
2024-07-31 20:00:00+00:00,0.0001,0.0001,0.0001,0.0001,1848267.0
2024-08-01 00:00:00+00:00,0.0001,0.0001,0.0001,0.0001,888717.0
2024-08-01 04:00:00+00:00,0.0001,0.0001,0.0001,0.0001,540634.0
2024-08-01 08:00:00+00:00,0.0001,0.0001,0.0001,0.0001,590995.0
2024-08-01 12:00:00+00:00,0.0001,0.0001,0.0001,0.0001,1560371.0
2024-08-01 16:00:00+00:00,0.0001,0.0001,0.0001,0.0001,603248.0
2024-08-01 20:00:00+00:00,0.0001,0.0001,0.0001,0.0001,1971475.0
2024-08-02 00:00:00+00:00,0.0001,0.0001,0.0001,0.0001,686745.0
2024-08-02 04:00:00+00:00,0.0001,0.0001,0.0001,0.0001,733625.0
2024-08-02 08:00:00+00:00,0.0001,0.0001,0.0001,0.0001,1747439.0
2024-08-02 12:00:00+00:00,0.0001,0.0001,0.0001,0.0001,1198114.0
2024-08-02 16:00:00+00:00,0.0001,0.0001,0.0001,0.0001,1064546.0
2024-08-02 20:00:00+00:00,0.0001,0.0001,0.0001,0.0001,2042369.0
2024-08-03 00:00:00+00:00,0.0001,0.0001,0.0001,0.0001,1817627.0
2024-08-03 04:00:00+00:00,0.0001,0.0001,0.0001,0.0001,2792399.0
2024-08-03 08:00:00+00:00,0.0001,0.0001,0.0001,0.0001,1271353.0
2024-08-03 12:00:00+00:00,0.0001,0.0001,0.0001,0.0001,1473939.0
2024-08-03 16:00:00+00:00,0.0001,0.0001,0.0001,0.0001,640637.0
2024-08-03 20:00:00+00:00,0.0001,0.0001,0.0001,0.0001,1208134.0
2024-08-04 00:00:00+00:00,0.0001,0.0001,0.0,0.0,3190185.0
2024-08-04 04:00:00+00:00,0.0,0.0,0.0,0.0,2249680.0
2024-08-04 08:00:00+00:00,0.0,0.0001,0.0,0.0001,3429104.0
2024-08-04 12:00:00+00:00,0.0001,0.0001,0.0001,0.0001,408940.0
2024-08-04 16:00:00+00:00,0.0001,0.0001,0.0001,0.0001,2356717.0
2024-08-04 20:00:00+00:00,0.0001,0.0001,0.0001,0.0001,413524.0
2024-08-05 00:00:00+00:00,0.0001,0.0001,0.0001,0.0001,1635679.0
2024-08-05 04:00:00+00:00,0.0001,0.0001,0.0001,0.0001,1171547.0
2024-08-05 08:00:00+00:00,0.0001,0.0001,0.0001,0.0001,1605835.0
2024-08-05 12:00:00+00:00,0.0001,0.0001,0.0001,0.0001,575745.0
2024-08-05 16:00:00+00:00,0.0001,0.0001,0.0001,0.0001,2057313.0
2024-08-05 20:00:00+00:00,0.0001,0.0001,0.0001,0.0001,624828.0
2024-08-06 00:00:00+00:00,0.0001,0.0001,0.0001,0.0001,1036180.0
2024-08-06 04:00:00+00:00,0.0001,0.0001,0.0001,0.0001,654229.0
2024-08-06 08:00:00+00:00,0.0001,0.0001,0.0001,0.0001,556912.0
2024-08-06 12:00:00+00:00,0.0001,0.0001,0.0001,0.0001,1302979.0
2024-08-06 16:00:00+00:00,0.0001,0.0001,0.0001,0.0001,3460777.0
2024-08-06 20:00:00+00:00,0.0001,0.0001,0.0001,0.0001,3848626.0
2024-08-07 00:00:00+00:00,0.0001,0.0001,0.0001,0.0001,1052107.0
2024-08-07 04:00:00+00:00,0.0001,0.0001,0.0001,0.0001,2581679.0
2024-08-07 08:00:00+00:00,0.0001,0.0001,0.0001,0.0001,1365330.0
2024-08-07 12:00:00+00:00,0.0001,0.0001,0.0001,0.0001,1294851.0
2024-08-07 16:00:00+00:00,0.0001,0.0001,0.0001,0.0001,1150377.0
2024-08-07 20:00:00+00:00,0.0001,0.0001,0.0001,0.0001,1794968.0
2024-08-08 00:00:00+00:00,0.0001,0.0001,0.0001,0.0001,1640269.0
2024-08-08 04:00:00+00:00,0.0001,0.0001,0.0001,0.0001,754471.0
2024-08-08 08:00:00+00:00,0.0001,0.0001,0.0001,0.0001,1518473.0
2024-08-08 12:00:00+00:00,0.0001,0.0001,0.0001,0.0001,1433640.0
2024-08-08 16:00:00+00:00,0.0001,0.0001,0.0001,0.0001,1714276.0
2024-08-08 20:00:00+00:00,0.0001,0.0001,0.0001,0.0001,745760.0
2024-08-09 00:00:00+00:00,0.0001,0.0001,0.0001,0.0001,1053041.0
2024-08-09 04:00:00+00:00,0.0001,0.0001,0.0001,0.0001,2677355.0
2024-08-09 08:00:00+00:00,0.0001,0.0001,0.0001,0.0001,2218901.0
2024-08-09 12:00:00+00:00,0.0001,0.0001,0.0001,0.0001,2017562.0
2024-08-09 16:00:00+00:00,0.0001,0.0001,0.0001,0.0001,1235823.0
2024-08-09 20:00:00+00:00,0.0001,0.0001,0.0001,0.0001,1213256.0
2024-08-10 00:00:00+00:00,0.0001,0.0001,0.0001,0.0001,3096872.0
2024-08-10 04:00:00+00:00,0.0001,0.0001,0.0,0.0,3093884.0
2024-08-10 08:00:00+00:00,0.0,0.0,0.0,0.0,399530.0
2024-08-10 12:00:00+00:00,0.0,0.0,0.0,0.0,796548.0
2024-08-10 16:00:00+00:00,0.0,0.0,0.0,0.0,2453907.0
2024-08-10 20:00:00+00:00,0.0,0.0001,0.0,0.0,1475007.0
2024-08-11 00:00:00+00:00,0.0,0.0001,0.0,0.0001,1110512.0
2024-08-11 04:00:00+00:00,0.0001,0.0001,0.0001,0.0001,582539.0
2024-08-11 08:00:00+00:00,0.0001,0.0001,0.0001,0.0001,1270169.0
2024-08-11 12:00:00+00:00,0.0001,0.0001,0.0001,0.0001,532017.0
2024-08-11 16:00:00+00:00,0.0001,0.0001,0.0001,0.0001,3259636.0
2024-08-11 20:00:00+00:00,0.0001,0.0001,0.0001,0.0001,1255889.0
2024-08-12 00:00:00+00:00,0.0001,0.0001,0.0001,0.0001,1097741.0
2024-08-12 04:00:00+00:00,0.0001,0.0001,0.0001,0.0001,1567881.0
2024-08-12 08:00:00+00:00,0.0001,0.0001,0.0001,0.0001,1752304.0
2024-08-12 12:00:00+00:00,0.0001,0.0001,0.0001,0.0001,1731024.0
2024-08-12 16:00:00+00:00,0.0001,0.0001,0.0001,0.0001,1724125.0
2024-08-12 20:00:00+00:00,0.0001,0.0001,0.0001,0.0001,875648.0
2024-08-13 00:00:00+00:00,0.0001,0.0001,0.0001,0.0001,1329127.0
2024-08-13 04:00:00+00:00,0.0001,0.0001,0.0001,0.0001,2106691.0
2024-08-13 08:00:00+00:00,0.0001,0.0001,0.0001,0.0001,1276153.0
2024-08-13 12:00:00+00:00,0.0001,0.0001,0.0,0.0,2136706.0
2024-08-13 16:00:00+00:00,0.0,0.0,0.0,0.0,1742642.0
2024-08-13 20:00:00+00:00,0.0,0.0,0.0,0.0,2380869.0
2024-08-14 00:00:00+00:00,0.0,0.0,0.0,0.0,449684.0
2024-08-14 04:00:00+00:00,0.0,0.0,0.0,0.0,2171642.0
2024-08-14 08:00:00+00:00,0.0,0.0,0.0,0.0,1604451.0
2024-08-14 12:00:00+00:00,0.0,0.0,0.0,0.0,1782289.0
2024-08-14 16:00:00+00:00,0.0,0.0,0.0,0.0,1989866.0
2024-08-14 20:00:00+00:00,0.0,0.0,0.0,0.0,2796657.0
2024-08-15 00:00:00+00:00,0.0,0.0,0.0,0.0,4245956.0
2024-08-15 04:00:00+00:00,0.0,0.0,0.0,0.0,2427115.0
2024-08-15 08:00:00+00:00,0.0,0.0,0.0,0.0,2437498.0
2024-08-15 12:00:00+00:00,0.0,0.0,0.0,0.0,1917436.0
2024-08-15 16:00:00+00:00,0.0,0.0,0.0,0.0,1108287.0
2024-08-15 20:00:00+00:00,0.0,0.0,0.0,0.0,1549065.0
2024-08-16 00:00:00+00:00,0.0,0.0,0.0,0.0,1823554.0
2024-08-16 04:00:00+00:00,0.0,0.0,0.0,0.0,909967.0
2024-08-16 08:00:00+00:00,0.0,0.0,0.0,0.0,1748812.0
2024-08-16 12:00:00+00:00,0.0,0.0,0.0,0.0,1519849.0
2024-08-16 16:00:00+00:00,0.0,0.0,0.0,0.0,693598.0
2024-08-16 20:00:00+00:00,0.0,0.0,0.0,0.0,1913856.0
2024-08-17 00:00:00+00:00,0.0,0.0,0.0,0.0,1443293.0
2024-08-17 04:00:00+00:00,0.0,0.0,0.0,0.0,3317501.0
2024-08-17 08:00:00+00:00,0.0,0.0,0.0,0.0,616544.0
2024-08-17 12:00:00+00:00,0.0,0.0,0.0,0.0,809536.0
2024-08-17 16:00:00+00:00,0.0,0.0,0.0,0.0,1806996.0
2024-08-17 20:00:00+00:00,0.0,0.0,0.0,0.0,2841267.0
2024-08-18 00:00:00+00:00,0.0,0.0,0.0,0.0,2097399.0
2024-08-18 04:00:00+00:00,0.0,0.0,0.0,0.0,1950993.0
2024-08-18 08:00:00+00:00,0.0,0.0,0.0,0.0,617950.0
2024-08-18 12:00:00+00:00,0.0,0.0,0.0,0.0,724867.0
2024-08-18 16:00:00+00:00,0.0,0.0,0.0,0.0,1734700.0
2024-08-18 20:00:00+00:00,0.0,0.0,0.0,0.0,639120.0
2024-08-19 00:00:00+00:00,0.0,0.0,0.0,0.0,1402724.0
2024-08-19 04:00:00+00:00,0.0,0.0,0.0,0.0,1687224.0
2024-08-19 08:00:00+00:00,0.0,0.0,0.0,0.0,741180.0
2024-08-19 12:00:00+00:00,0.0,0.0,0.0,0.0,4416313.0
2024-08-19 16:00:00+00:00,0.0,0.0,0.0,0.0,2331489.0
2024-08-19 20:00:00+00:00,0.0,0.0,0.0,0.0,611747.0
2024-08-20 00:00:00+00:00,0.0,0.0,0.0,0.0,717011.0
2024-08-20 04:00:00+00:00,0.0,0.0,0.0,0.0,508290.0
2024-08-20 08:00:00+00:00,0.0,0.0,0.0,0.0,1156776.0
2024-08-20 12:00:00+00:00,0.0,0.0,0.0,0.0,1499854.0
2024-08-20 16:00:00+00:00,0.0,0.0,0.0,0.0,1079025.0
2024-08-20 20:00:00+00:00,0.0,0.0,0.0,0.0,1529675.0
2024-08-21 00:00:00+00:00,0.0,0.0,0.0,0.0,605915.0
2024-08-21 04:00:00+00:00,0.0,0.0,0.0,0.0,2852175.0
2024-08-21 08:00:00+00:00,0.0,0.0,0.0,0.0,810030.0
2024-08-21 12:00:00+00:00,0.0,0.0,0.0,0.0,1163592.0
2024-08-21 16:00:00+00:00,0.0,0.0,0.0,0.0,1041192.0
2024-08-21 20:00:00+00:00,0.0,0.0,0.0,0.0,846554.0
2024-08-22 00:00:00+00:00,0.0,0.0,0.0,0.0,803315.0
2024-08-22 04:00:00+00:00,0.0,0.0,0.0,0.0,2510697.0
2024-08-22 08:00:00+00:00,0.0,0.0,0.0,0.0,1572782.0
2024-08-22 12:00:00+00:00,0.0,0.0,0.0,0.0,2474765.0
2024-08-22 16:00:00+00:00,0.0,0.0,0.0,0.0,1468656.0
2024-08-22 20:00:00+00:00,0.0,0.0,0.0,0.0,1654759.0
2024-08-23 00:00:00+00:00,0.0,0.0,0.0,0.0,561309.0
2024-08-23 04:00:00+00:00,0.0,0.0,0.0,0.0,1271074.0
2024-08-23 08:00:00+00:00,0.0,0.0,0.0,0.0,1315674.0
2024-08-23 12:00:00+00:00,0.0,0.0,0.0,0.0,4336518.0
2024-08-23 16:00:00+00:00,0.0,0.0,0.0,0.0,29165034.0
2024-08-23 20:00:00+00:00,0.0,0.0,0.0,0.0,30185748.0
2024-08-24 00:00:00+00:00,0.0,0.0,0.0,0.0,18345652.0
2024-08-24 04:00:00+00:00,0.0,0.0,0.0,0.0,13821649.0
2024-08-24 08:00:00+00:00,0.0,0.0,0.0,0.0,16383685.0
2024-08-24 12:00:00+00:00,0.0,0.0,0.0,0.0,16762683.0
2024-08-24 16:00:00+00:00,0.0,0.0,0.0,0.0,1238166.0
2024-08-24 20:00:00+00:00,0.0,0.0,0.0,0.0,1059251.0
2024-08-25 00:00:00+00:00,0.0,0.0,0.0,0.0,1284145.0
2024-08-25 04:00:00+00:00,0.0,0.0,0.0,0.0,2301715.0
2024-08-25 08:00:00+00:00,0.0,0.0,0.0,0.0,397582.0
2024-08-25 12:00:00+00:00,0.0,0.0,0.0,0.0,3094341.0
2024-08-25 16:00:00+00:00,0.0,0.0001,0.0,0.0001,772421.0
2024-08-25 20:00:00+00:00,0.0001,0.0001,0.0001,0.0001,628197.0
2024-08-26 00:00:00+00:00,0.0001,0.0001,0.0001,0.0001,2683878.0
2024-08-26 04:00:00+00:00,0.0001,0.0001,0.0001,0.0001,1671383.0
2024-08-26 08:00:00+00:00,0.0001,0.0001,0.0001,0.0001,2570313.0
2024-08-26 12:00:00+00:00,0.0001,0.0001,0.0,0.0,2186744.0
2024-08-26 16:00:00+00:00,0.0,0.0,0.0,0.0,5265876.0
2024-08-26 20:00:00+00:00,0.0,0.0,0.0,0.0,2551952.0
2024-08-27 00:00:00+00:00,0.0,0.0,0.0,0.0,1379606.0
2024-08-27 04:00:00+00:00,0.0,0.0,0.0,0.0,1299925.0
2024-08-27 08:00:00+00:00,0.0,0.0,0.0,0.0,2085977.0
2024-08-27 12:00:00+00:00,0.0,0.0,0.0,0.0,773853.0
2024-08-27 16:00:00+00:00,0.0,0.0,0.0,0.0,989841.0
2024-08-27 20:00:00+00:00,0.0,0.0,0.0,0.0,1192153.0
2024-08-28 00:00:00+00:00,0.0,0.0,0.0,0.0,439349.0
2024-08-28 04:00:00+00:00,0.0,0.0,0.0,0.0,1147869.0
2024-08-28 08:00:00+00:00,0.0,0.0,0.0,0.0,440401.0
2024-08-28 12:00:00+00:00,0.0,0.0,0.0,0.0,1137967.0
2024-08-28 16:00:00+00:00,0.0,0.0,0.0,0.0,2661810.0
2024-08-28 20:00:00+00:00,0.0,0.0001,0.0,0.0001,964738.0
2024-08-29 00:00:00+00:00,0.0001,0.0001,0.0001,0.0001,3086007.0
2024-08-29 04:00:00+00:00,0.0001,0.0001,0.0001,0.0001,627147.0
2024-08-29 08:00:00+00:00,0.0001,0.0001,0.0001,0.0001,2778221.0
2024-08-29 12:00:00+00:00,0.0001,0.0001,0.0001,0.0001,1520273.0
2024-08-29 16:00:00+00:00,0.0001,0.0001,0.0001,0.0001,670088.0
2024-08-29 20:00:00+00:00,0.0001,0.0001,0.0001,0.0001,4587941.0
2024-08-30 00:00:00+00:00,0.0001,0.0001,0.0001,0.0001,1249592.0
2024-08-30 04:00:00+00:00,0.0001,0.0001,0.0001,0.0001,796317.0
2024-08-30 08:00:00+00:00,0.0001,0.0001,0.0001,0.0001,626842.0
2024-08-30 12:00:00+00:00,0.0001,0.0001,0.0001,0.0001,1397568.0
2024-08-30 16:00:00+00:00,0.0001,0.0001,0.0001,0.0001,949895.0
2024-08-30 20:00:00+00:00,0.0001,0.0001,0.0001,0.0001,1199813.0
2024-08-31 00:00:00+00:00,0.0001,0.0001,0.0001,0.0001,1524005.0
2024-08-31 04:00:00+00:00,0.0001,0.0001,0.0001,0.0001,1524793.0
2024-08-31 08:00:00+00:00,0.0001,0.0001,0.0001,0.0001,1790432.0
2024-08-31 12:00:00+00:00,0.0001,0.0001,0.0001,0.0001,477721.0
2024-08-31 16:00:00+00:00,0.0001,0.0001,0.0001,0.0001,1661036.0
2024-08-31 20:00:00+00:00,0.0001,0.0001,0.0001,0.0001,410668.0
2024-09-01 00:00:00+00:00,0.0001,0.0001,0.0001,0.0001,1401110.0
2024-09-01 04:00:00+00:00,0.0001,0.0002,0.0001,0.0002,969998.0
2024-09-01 08:00:00+00:00,0.0002,0.0002,0.0002,0.0002,1416394.0
2024-09-01 12:00:00+00:00,0.0002,0.0002,0.0002,0.0002,2044743.0
2024-09-01 16:00:00+00:00,0.0002,0.0002,0.0001,0.0001,962519.0
2024-09-01 20:00:00+00:00,0.0001,0.0001,0.0001,0.0001,1856003.0
2024-09-02 00:00:00+00:00,0.0001,0.0001,0.0001,0.0001,1111513.0
2024-09-02 04:00:00+00:00,0.0001,0.0001,0.0001,0.0001,3024961.0
2024-09-02 08:00:00+00:00,0.0001,0.0001,0.0001,0.0001,1055650.0
2024-09-02 12:00:00+00:00,0.0001,0.0001,0.0001,0.0001,1151971.0
2024-09-02 16:00:00+00:00,0.0001,0.0001,0.0001,0.0001,1663602.0
2024-09-02 20:00:00+00:00,0.0001,0.0002,0.0001,0.0001,1235211.0
2024-09-03 00:00:00+00:00,0.0001,0.0001,0.0001,0.0001,789385.0
2024-09-03 04:00:00+00:00,0.0001,0.0002,0.0001,0.0002,1213265.0
2024-09-03 08:00:00+00:00,0.0002,0.0002,0.0001,0.0001,1244128.0
2024-09-03 12:00:00+00:00,0.0001,0.0001,0.0001,0.0001,2070011.0
2024-09-03 16:00:00+00:00,0.0001,0.0001,0.0001,0.0001,383555.0
2024-09-03 20:00:00+00:00,0.0001,0.0001,0.0001,0.0001,1360252.0
2024-09-04 00:00:00+00:00,0.0001,0.0001,0.0001,0.0001,1768568.0
2024-09-04 04:00:00+00:00,0.0001,0.0001,0.0001,0.0001,1159018.0
2024-09-04 08:00:00+00:00,0.0001,0.0001,0.0001,0.0001,2290980.0
2024-09-04 12:00:00+00:00,0.0001,0.0001,0.0001,0.0001,1346093.0
2024-09-04 16:00:00+00:00,0.0001,0.0001,0.0001,0.0001,1089242.0
2024-09-04 20:00:00+00:00,0.0001,0.0001,0.0001,0.0001,1784966.0
2024-09-05 00:00:00+00:00,0.0001,0.0001,0.0001,0.0001,1224736.0
2024-09-05 04:00:00+00:00,0.0001,0.0002,0.0001,0.0002,1463962.0
2024-09-05 08:00:00+00:00,0.0002,0.0002,0.0001,0.0001,1524074.0
2024-09-05 12:00:00+00:00,0.0001,0.0002,0.0001,0.0001,796351.0
2024-09-05 16:00:00+00:00,0.0001,0.0002,0.0001,0.0002,1047691.0
2024-09-05 20:00:00+00:00,0.0002,0.0002,0.0001,0.0001,1256205.0
2024-09-06 00:00:00+00:00,0.0001,0.0001,0.0001,0.0001,3520619.0
2024-09-06 04:00:00+00:00,0.0001,0.0001,0.0001,0.0001,336428.0
2024-09-06 08:00:00+00:00,0.0001,0.0001,0.0001,0.0001,1914373.0
2024-09-06 12:00:00+00:00,0.0001,0.0001,0.0001,0.0001,1267177.0
2024-09-06 16:00:00+00:00,0.0001,0.0001,0.0001,0.0001,929466.0
2024-09-06 20:00:00+00:00,0.0001,0.0001,0.0001,0.0001,1460699.0
2024-09-07 00:00:00+00:00,0.0001,0.0001,0.0001,0.0001,1377482.0
2024-09-07 04:00:00+00:00,0.0001,0.0001,0.0001,0.0001,2278629.0
2024-09-07 08:00:00+00:00,0.0001,0.0002,0.0001,0.0002,506067.0
2024-09-07 12:00:00+00:00,0.0002,0.0002,0.0002,0.0002,3823043.0
2024-09-07 16:00:00+00:00,0.0002,0.0003,0.0002,0.0003,1069623.0
2024-09-07 20:00:00+00:00,0.0003,0.0003,0.0003,0.0003,2063457.0
2024-09-08 00:00:00+00:00,0.0003,0.0003,0.0003,0.0003,1839251.0
2024-09-08 04:00:00+00:00,0.0003,0.0004,0.0003,0.0004,873098.0
2024-09-08 08:00:00+00:00,0.0004,0.0004,0.0003,0.0003,1731898.0
2024-09-08 12:00:00+00:00,0.0003,0.0004,0.0003,0.0003,1125637.0
2024-09-08 16:00:00+00:00,0.0003,0.0003,0.0003,0.0003,355622.0
2024-09-08 20:00:00+00:00,0.0003,0.0003,0.0003,0.0003,1921995.0
2024-09-09 00:00:00+00:00,0.0003,0.0003,0.0003,0.0003,812834.0
2024-09-09 04:00:00+00:00,0.0003,0.0003,0.0003,0.0003,858986.0
2024-09-09 08:00:00+00:00,0.0003,0.0004,0.0003,0.0003,1171784.0
2024-09-09 12:00:00+00:00,0.0003,0.0004,0.0003,0.0004,1195503.0
2024-09-09 16:00:00+00:00,0.0004,0.0004,0.0004,0.0004,1616876.0
2024-09-09 20:00:00+00:00,0.0004,0.0004,0.0004,0.0004,1986145.0
2024-09-10 00:00:00+00:00,0.0004,0.0004,0.0003,0.0003,554535.0
2024-09-10 04:00:00+00:00,0.0003,0.0004,0.0003,0.0003,909848.0
2024-09-10 08:00:00+00:00,0.0003,0.0003,0.0002,0.0002,1732652.0
2024-09-10 12:00:00+00:00,0.0002,0.0002,0.0002,0.0002,2669077.0
2024-09-10 16:00:00+00:00,0.0002,0.0002,0.0002,0.0002,992256.0
2024-09-10 20:00:00+00:00,0.0002,0.0003,0.0002,0.0003,2883422.0
2024-09-11 00:00:00+00:00,0.0003,0.0003,0.0003,0.0003,1312941.0
2024-09-11 04:00:00+00:00,0.0003,0.0003,0.0002,0.0002,1143892.0
2024-09-11 08:00:00+00:00,0.0002,0.0003,0.0002,0.0003,1625070.0
2024-09-11 12:00:00+00:00,0.0003,0.0004,0.0003,0.0004,1428123.0
2024-09-11 16:00:00+00:00,0.0004,0.0004,0.0004,0.0004,1712188.0
2024-09-11 20:00:00+00:00,0.0004,0.0004,0.0004,0.0004,2182646.0
2024-09-12 00:00:00+00:00,0.0004,0.0004,0.0003,0.0003,1708771.0
2024-09-12 04:00:00+00:00,0.0003,0.0004,0.0003,0.0003,2105887.0
2024-09-12 08:00:00+00:00,0.0003,0.0004,0.0003,0.0004,922395.0
2024-09-12 12:00:00+00:00,0.0004,0.0005,0.0004,0.0005,1505552.0
2024-09-12 16:00:00+00:00,0.0005,0.0006,0.0005,0.0006,1182671.0
2024-09-12 20:00:00+00:00,0.0006,0.0006,0.0005,0.0006,1422576.0
2024-09-13 00:00:00+00:00,0.0006,0.0006,0.0005,0.0005,1253087.0
2024-09-13 04:00:00+00:00,0.0005,0.0005,0.0005,0.0005,1538018.0
2024-09-13 08:00:00+00:00,0.0005,0.0005,0.0003,0.0003,1123863.0
2024-09-13 12:00:00+00:00,0.0003,0.0004,0.0003,0.0004,1174870.0
2024-09-13 16:00:00+00:00,0.0004,0.0004,0.0004,0.0004,1497143.0
2024-09-13 20:00:00+00:00,0.0004,0.0004,0.0003,0.0003,428931.0
2024-09-14 00:00:00+00:00,0.0003,0.0003,0.0002,0.0003,4948843.0
2024-09-14 04:00:00+00:00,0.0003,0.0003,0.0003,0.0003,1072471.0
2024-09-14 08:00:00+00:00,0.0003,0.0003,0.0002,0.0003,448771.0
2024-09-14 12:00:00+00:00,0.0003,0.0003,0.0002,0.0002,1647201.0
2024-09-14 16:00:00+00:00,0.0002,0.0002,0.0001,0.0001,2326653.0
2024-09-14 20:00:00+00:00,0.0001,0.0001,0.0001,0.0001,967506.0
2024-09-15 00:00:00+00:00,0.0001,0.0001,0.0001,0.0001,2938327.0
2024-09-15 04:00:00+00:00,0.0001,0.0002,0.0001,0.0002,2545851.0
2024-09-15 08:00:00+00:00,0.0002,0.0002,0.0002,0.0002,1394239.0
2024-09-15 12:00:00+00:00,0.0002,0.0002,0.0002,0.0002,1586356.0
2024-09-15 16:00:00+00:00,0.0002,0.0002,0.0002,0.0002,1153498.0
2024-09-15 20:00:00+00:00,0.0002,0.0002,0.0001,0.0001,3510759.0
2024-09-16 00:00:00+00:00,0.0001,0.0002,0.0001,0.0002,544166.0
2024-09-16 04:00:00+00:00,0.0002,0.0002,0.0002,0.0002,1446532.0
2024-09-16 08:00:00+00:00,0.0002,0.0002,0.0002,0.0002,1607747.0
2024-09-16 12:00:00+00:00,0.0002,0.0002,0.0002,0.0002,1563212.0
2024-09-16 16:00:00+00:00,0.0002,0.0002,0.0002,0.0002,712739.0
2024-09-16 20:00:00+00:00,0.0002,0.0002,0.0002,0.0002,581080.0
2024-09-17 00:00:00+00:00,0.0002,0.0002,0.0001,0.0001,1479687.0
2024-09-17 04:00:00+00:00,0.0001,0.0001,0.0001,0.0001,1263745.0
2024-09-17 08:00:00+00:00,0.0001,0.0002,0.0001,0.0001,2462353.0
2024-09-17 12:00:00+00:00,0.0001,0.0002,0.0001,0.0002,749687.0
2024-09-17 16:00:00+00:00,0.0002,0.0002,0.0001,0.0001,2418442.0
2024-09-17 20:00:00+00:00,0.0001,0.0002,0.0001,0.0002,5472598.0
2024-09-18 00:00:00+00:00,0.0002,0.0002,0.0002,0.0002,925905.0
2024-09-18 04:00:00+00:00,0.0002,0.0002,0.0002,0.0002,527607.0
2024-09-18 08:00:00+00:00,0.0002,0.0002,0.0002,0.0002,1083202.0
2024-09-18 12:00:00+00:00,0.0002,0.0002,0.0001,0.0001,2102214.0
2024-09-18 16:00:00+00:00,0.0001,0.0001,0.0001,0.0001,1857347.0
2024-09-18 20:00:00+00:00,0.0001,0.0001,0.0001,0.0001,993082.0
2024-09-19 00:00:00+00:00,0.0001,0.0001,0.0001,0.0001,2445020.0
2024-09-19 04:00:00+00:00,0.0001,0.0001,0.0001,0.0001,591755.0
2024-09-19 08:00:00+00:00,0.0001,0.0001,0.0001,0.0001,516734.0
2024-09-19 12:00:00+00:00,0.0001,0.0001,0.0001,0.0001,2957050.0
2024-09-19 16:00:00+00:00,0.0001,0.0001,0.0001,0.0001,396165.0
2024-09-19 20:00:00+00:00,0.0001,0.0001,0.0001,0.0001,1228036.0
2024-09-20 00:00:00+00:00,0.0001,0.0001,0.0001,0.0001,7424507.0
2024-09-20 04:00:00+00:00,0.0001,0.0001,0.0001,0.0001,1127639.0
2024-09-20 08:00:00+00:00,0.0001,0.0001,0.0001,0.0001,918283.0
2024-09-20 12:00:00+00:00,0.0001,0.0001,0.0001,0.0001,1177716.0
2024-09-20 16:00:00+00:00,0.0001,0.0001,0.0001,0.0001,988618.0
2024-09-20 20:00:00+00:00,0.0001,0.0001,0.0001,0.0001,1858552.0
2024-09-21 00:00:00+00:00,0.0001,0.0001,0.0001,0.0001,2124836.0
2024-09-21 04:00:00+00:00,0.0001,0.0001,0.0001,0.0001,790446.0
2024-09-21 08:00:00+00:00,0.0001,0.0001,0.0001,0.0001,3169475.0
2024-09-21 12:00:00+00:00,0.0001,0.0001,0.0001,0.0001,1233920.0
2024-09-21 16:00:00+00:00,0.0001,0.0001,0.0001,0.0001,2183324.0
2024-09-21 20:00:00+00:00,0.0001,0.0001,0.0001,0.0001,1063598.0
2024-09-22 00:00:00+00:00,0.0001,0.0001,0.0001,0.0001,1957102.0
2024-09-22 04:00:00+00:00,0.0001,0.0001,0.0001,0.0001,1048022.0
2024-09-22 08:00:00+00:00,0.0001,0.0001,0.0001,0.0001,1507925.0
2024-09-22 12:00:00+00:00,0.0001,0.0001,0.0001,0.0001,677263.0
2024-09-22 16:00:00+00:00,0.0001,0.0001,0.0001,0.0001,707584.0
2024-09-22 20:00:00+00:00,0.0001,0.0001,0.0001,0.0001,1935827.0
2024-09-23 00:00:00+00:00,0.0001,0.0001,0.0001,0.0001,832160.0
2024-09-23 04:00:00+00:00,0.0001,0.0001,0.0,0.0,964877.0
2024-09-23 08:00:00+00:00,0.0,0.0,0.0,0.0,1678266.0
2024-09-23 12:00:00+00:00,0.0,0.0,0.0,0.0,1696370.0
2024-09-23 16:00:00+00:00,0.0,0.0,0.0,0.0,1026724.0
2024-09-23 20:00:00+00:00,0.0,0.0,0.0,0.0,1946123.0
2024-09-24 00:00:00+00:00,0.0,0.0,0.0,0.0,1466234.0
2024-09-24 04:00:00+00:00,0.0,0.0,0.0,0.0,489827.0
2024-09-24 08:00:00+00:00,0.0,0.0,0.0,0.0,922375.0
2024-09-24 12:00:00+00:00,0.0,0.0,0.0,0.0,1192575.0
2024-09-24 16:00:00+00:00,0.0,0.0,0.0,0.0,916051.0
2024-09-24 20:00:00+00:00,0.0,0.0,0.0,0.0,1838573.0
2024-09-25 00:00:00+00:00,0.0,0.0,0.0,0.0,2621897.0
2024-09-25 04:00:00+00:00,0.0,0.0,0.0,0.0,1852040.0
2024-09-25 08:00:00+00:00,0.0,0.0,0.0,0.0,3382692.0
2024-09-25 12:00:00+00:00,0.0,0.0,0.0,0.0,1169899.0
2024-09-25 16:00:00+00:00,0.0,0.0,0.0,0.0,1980056.0
2024-09-25 20:00:00+00:00,0.0,0.0,0.0,0.0,785891.0
2024-09-26 00:00:00+00:00,0.0,0.0,0.0,0.0,5878160.0
2024-09-26 04:00:00+00:00,0.0,0.0,0.0,0.0,3080261.0
2024-09-26 08:00:00+00:00,0.0,0.0,0.0,0.0,1123274.0
2024-09-26 12:00:00+00:00,0.0,0.0,0.0,0.0,1376454.0
2024-09-26 16:00:00+00:00,0.0,0.0,0.0,0.0,3367832.0
2024-09-26 20:00:00+00:00,0.0,0.0,0.0,0.0,1295020.0
2024-09-27 00:00:00+00:00,0.0,0.0,0.0,0.0,747999.0
2024-09-27 04:00:00+00:00,0.0,0.0,0.0,0.0,1678653.0
2024-09-27 08:00:00+00:00,0.0,0.0,0.0,0.0,2523123.0
2024-09-27 12:00:00+00:00,0.0,0.0,0.0,0.0,1238647.0
2024-09-27 16:00:00+00:00,0.0,0.0,0.0,0.0,884643.0
2024-09-27 20:00:00+00:00,0.0,0.0,0.0,0.0,506791.0
2024-09-28 00:00:00+00:00,0.0,0.0,0.0,0.0,1701816.0
2024-09-28 04:00:00+00:00,0.0,0.0,0.0,0.0,1645042.0
2024-09-28 08:00:00+00:00,0.0,0.0,0.0,0.0,1471947.0
2024-09-28 12:00:00+00:00,0.0,0.0,0.0,0.0,2889010.0
2024-09-28 16:00:00+00:00,0.0,0.0,0.0,0.0,918312.0
2024-09-28 20:00:00+00:00,0.0,0.0,0.0,0.0,1084620.0
2024-09-29 00:00:00+00:00,0.0,0.0,0.0,0.0,1431790.0
2024-09-29 04:00:00+00:00,0.0,0.0,0.0,0.0,1157881.0
2024-09-29 08:00:00+00:00,0.0,0.0,0.0,0.0,2308635.0
2024-09-29 12:00:00+00:00,0.0,0.0,0.0,0.0,695665.0
2024-09-29 16:00:00+00:00,0.0,0.0,0.0,0.0,2722570.0
2024-09-29 20:00:00+00:00,0.0,0.0,0.0,0.0,3241244.0
2024-09-30 00:00:00+00:00,0.0,0.0,0.0,0.0,1359942.0
2024-09-30 04:00:00+00:00,0.0,0.0,0.0,0.0,2420260.0
2024-09-30 08:00:00+00:00,0.0,0.0,0.0,0.0,859290.0
2024-09-30 12:00:00+00:00,0.0,0.0,0.0,0.0,1980521.0
2024-09-30 16:00:00+00:00,0.0,0.0,0.0,0.0,2005517.0
2024-09-30 20:00:00+00:00,0.0,0.0,0.0,0.0,2211674.0
2024-10-01 00:00:00+00:00,0.0,0.0,0.0,0.0,1174917.0
2024-10-01 04:00:00+00:00,0.0,0.0,0.0,0.0,438672.0
2024-10-01 08:00:00+00:00,0.0,0.0,0.0,0.0,1078905.0
2024-10-01 12:00:00+00:00,0.0,0.0,0.0,0.0,734308.0
2024-10-01 16:00:00+00:00,0.0,0.0,0.0,0.0,992500.0
2024-10-01 20:00:00+00:00,0.0,0.0,0.0,0.0,1108459.0
2024-10-02 00:00:00+00:00,0.0,0.0,0.0,0.0,969268.0
2024-10-02 04:00:00+00:00,0.0,0.0,0.0,0.0,983317.0
2024-10-02 08:00:00+00:00,0.0,0.0,0.0,0.0,698303.0
2024-10-02 12:00:00+00:00,0.0,0.0,0.0,0.0,763118.0
2024-10-02 16:00:00+00:00,0.0,0.0,0.0,0.0,2516545.0
2024-10-02 20:00:00+00:00,0.0,0.0,0.0,0.0,1097303.0
2024-10-03 00:00:00+00:00,0.0,0.0001,0.0,0.0001,1668171.0
2024-10-03 04:00:00+00:00,0.0001,0.0001,0.0001,0.0001,997615.0
2024-10-03 08:00:00+00:00,0.0001,0.0001,0.0001,0.0001,1349698.0
2024-10-03 12:00:00+00:00,0.0001,0.0001,0.0001,0.0001,1356867.0
2024-10-03 16:00:00+00:00,0.0001,0.0001,0.0001,0.0001,254496.0
2024-10-03 20:00:00+00:00,0.0001,0.0001,0.0001,0.0001,1908143.0
2024-10-04 00:00:00+00:00,0.0001,0.0001,0.0001,0.0001,2338569.0
2024-10-04 04:00:00+00:00,0.0001,0.0001,0.0001,0.0001,631929.0
2024-10-04 08:00:00+00:00,0.0001,0.0001,0.0001,0.0001,974497.0
2024-10-04 12:00:00+00:00,0.0001,0.0001,0.0001,0.0001,1166023.0
2024-10-04 16:00:00+00:00,0.0001,0.0001,0.0001,0.0001,1031587.0
2024-10-04 20:00:00+00:00,0.0001,0.0001,0.0001,0.0001,1773022.0
2024-10-05 00:00:00+00:00,0.0001,0.0001,0.0001,0.0001,400750.0
2024-10-05 04:00:00+00:00,0.0001,0.0001,0.0001,0.0001,1120306.0
2024-10-05 08:00:00+00:00,0.0001,0.0001,0.0001,0.0001,2765519.0
2024-10-05 12:00:00+00:00,0.0001,0.0001,0.0001,0.0001,990945.0
2024-10-05 16:00:00+00:00,0.0001,0.0001,0.0001,0.0001,1895127.0
2024-10-05 20:00:00+00:00,0.0001,0.0001,0.0001,0.0001,1733571.0
2024-10-06 00:00:00+00:00,0.0001,0.0001,0.0001,0.0001,499607.0
2024-10-06 04:00:00+00:00,0.0001,0.0001,0.0001,0.0001,1883516.0
2024-10-06 08:00:00+00:00,0.0001,0.0001,0.0001,0.0001,1167917.0
2024-10-06 12:00:00+00:00,0.0001,0.0001,0.0001,0.0001,887777.0
2024-10-06 16:00:00+00:00,0.0001,0.0001,0.0001,0.0001,1325093.0
2024-10-06 20:00:00+00:00,0.0001,0.0001,0.0001,0.0001,1500523.0
2024-10-07 00:00:00+00:00,0.0001,0.0001,0.0001,0.0001,2025983.0
2024-10-07 04:00:00+00:00,0.0001,0.0001,0.0001,0.0001,3099738.0
2024-10-07 08:00:00+00:00,0.0001,0.0001,0.0001,0.0001,1412970.0
2024-10-07 12:00:00+00:00,0.0001,0.0001,0.0001,0.0001,774451.0
2024-10-07 16:00:00+00:00,0.0001,0.0001,0.0001,0.0001,1323840.0
2024-10-07 20:00:00+00:00,0.0001,0.0001,0.0001,0.0001,6282441.0
2024-10-08 00:00:00+00:00,0.0001,0.0001,0.0001,0.0001,1725470.0
2024-10-08 04:00:00+00:00,0.0001,0.0001,0.0001,0.0001,3841188.0
2024-10-08 08:00:00+00:00,0.0001,0.0001,0.0001,0.0001,2044639.0
2024-10-08 12:00:00+00:00,0.0001,0.0001,0.0001,0.0001,1589162.0
2024-10-08 16:00:00+00:00,0.0001,0.0001,0.0001,0.0001,1324632.0
2024-10-08 20:00:00+00:00,0.0001,0.0001,0.0001,0.0001,1509284.0
2024-10-09 00:00:00+00:00,0.0001,0.0001,0.0001,0.0001,640840.0
2024-10-09 04:00:00+00:00,0.0001,0.0001,0.0001,0.0001,1226532.0
2024-10-09 08:00:00+00:00,0.0001,0.0001,0.0001,0.0001,1986036.0
2024-10-09 12:00:00+00:00,0.0001,0.0001,0.0001,0.0001,830747.0
2024-10-09 16:00:00+00:00,0.0001,0.0001,0.0001,0.0001,1379517.0
2024-10-09 20:00:00+00:00,0.0001,0.0001,0.0001,0.0001,1925561.0
2024-10-10 00:00:00+00:00,0.0001,0.0001,0.0001,0.0001,774004.0
2024-10-10 04:00:00+00:00,0.0001,0.0001,0.0001,0.0001,1106102.0
2024-10-10 08:00:00+00:00,0.0001,0.0001,0.0001,0.0001,968767.0
2024-10-10 12:00:00+00:00,0.0001,0.0001,0.0001,0.0001,696772.0
2024-10-10 16:00:00+00:00,0.0001,0.0001,0.0001,0.0001,978160.0
2024-10-10 20:00:00+00:00,0.0001,0.0001,0.0001,0.0001,928058.0
2024-10-11 00:00:00+00:00,0.0001,0.0001,0.0001,0.0001,2664953.0
2024-10-11 04:00:00+00:00,0.0001,0.0001,0.0001,0.0001,775555.0
2024-10-11 08:00:00+00:00,0.0001,0.0001,0.0001,0.0001,1145589.0
2024-10-11 12:00:00+00:00,0.0001,0.0001,0.0001,0.0001,896243.0
2024-10-11 16:00:00+00:00,0.0001,0.0001,0.0001,0.0001,2190396.0
2024-10-11 20:00:00+00:00,0.0001,0.0001,0.0001,0.0001,2466497.0
2024-10-12 00:00:00+00:00,0.0001,0.0001,0.0001,0.0001,2301774.0
2024-10-12 04:00:00+00:00,0.0001,0.0001,0.0001,0.0001,1374497.0
2024-10-12 08:00:00+00:00,0.0001,0.0001,0.0001,0.0001,991997.0
2024-10-12 12:00:00+00:00,0.0001,0.0001,0.0001,0.0001,715159.0
2024-10-12 16:00:00+00:00,0.0001,0.0002,0.0001,0.0002,4889320.0
2024-10-12 20:00:00+00:00,0.0002,0.0002,0.0002,0.0002,727994.0
2024-10-13 00:00:00+00:00,0.0002,0.0002,0.0001,0.0001,2009572.0
2024-10-13 04:00:00+00:00,0.0001,0.0002,0.0001,0.0002,2537092.0
2024-10-13 08:00:00+00:00,0.0002,0.0002,0.0002,0.0002,801971.0
2024-10-13 12:00:00+00:00,0.0002,0.0002,0.0001,0.0001,3324591.0
2024-10-13 16:00:00+00:00,0.0001,0.0001,0.0001,0.0001,2017890.0
2024-10-13 20:00:00+00:00,0.0001,0.0001,0.0001,0.0001,2954134.0
2024-10-14 00:00:00+00:00,0.0001,0.0001,0.0001,0.0001,826321.0
2024-10-14 04:00:00+00:00,0.0001,0.0001,0.0001,0.0001,601627.0
2024-10-14 08:00:00+00:00,0.0001,0.0001,0.0001,0.0001,840141.0
2024-10-14 12:00:00+00:00,0.0001,0.0001,0.0001,0.0001,1460108.0
2024-10-14 16:00:00+00:00,0.0001,0.0001,0.0001,0.0001,1235266.0
2024-10-14 20:00:00+00:00,0.0001,0.0001,0.0001,0.0001,1007967.0
2024-10-15 00:00:00+00:00,0.0001,0.0001,0.0001,0.0001,431366.0
2024-10-15 04:00:00+00:00,0.0001,0.0001,0.0001,0.0001,1681208.0
2024-10-15 08:00:00+00:00,0.0001,0.0002,0.0001,0.0002,3413665.0
2024-10-15 12:00:00+00:00,0.0002,0.0002,0.0001,0.0001,1796694.0
2024-10-15 16:00:00+00:00,0.0001,0.0002,0.0001,0.0002,2013978.0
2024-10-15 20:00:00+00:00,0.0002,0.0002,0.0001,0.0001,1657087.0
2024-10-16 00:00:00+00:00,0.0001,0.0002,0.0001,0.0002,1658937.0
2024-10-16 04:00:00+00:00,0.0002,0.0002,0.0002,0.0002,1851354.0
2024-10-16 08:00:00+00:00,0.0002,0.0002,0.0002,0.0002,2222547.0
2024-10-16 12:00:00+00:00,0.0002,0.0002,0.0002,0.0002,944061.0
2024-10-16 16:00:00+00:00,0.0002,0.0002,0.0002,0.0002,779407.0
2024-10-16 20:00:00+00:00,0.0002,0.0002,0.0002,0.0002,893471.0
2024-10-17 00:00:00+00:00,0.0002,0.0002,0.0002,0.0002,1331142.0
2024-10-17 04:00:00+00:00,0.0002,0.0002,0.0002,0.0002,1158513.0
2024-10-17 08:00:00+00:00,0.0002,0.0002,0.0001,0.0002,2024921.0
2024-10-17 12:00:00+00:00,0.0002,0.0002,0.0001,0.0001,1839928.0
2024-10-17 16:00:00+00:00,0.0001,0.0001,0.0001,0.0001,2250192.0
2024-10-17 20:00:00+00:00,0.0001,0.0001,0.0001,0.0001,2705582.0
2024-10-18 00:00:00+00:00,0.0001,0.0002,0.0001,0.0002,1837072.0
2024-10-18 04:00:00+00:00,0.0002,0.0002,0.0001,0.0002,546001.0
2024-10-18 08:00:00+00:00,0.0002,0.0002,0.0001,0.0001,907566.0
2024-10-18 12:00:00+00:00,0.0001,0.0002,0.0001,0.0001,1051377.0
2024-10-18 16:00:00+00:00,0.0001,0.0002,0.0001,0.0002,604140.0
2024-10-18 20:00:00+00:00,0.0002,0.0002,0.0002,0.0002,2843817.0
2024-10-19 00:00:00+00:00,0.0002,0.0002,0.0002,0.0002,1185838.0
2024-10-19 04:00:00+00:00,0.0002,0.0002,0.0002,0.0002,1737571.0
2024-10-19 08:00:00+00:00,0.0002,0.0002,0.0002,0.0002,2419903.0
2024-10-19 12:00:00+00:00,0.0002,0.0002,0.0002,0.0002,789864.0
2024-10-19 16:00:00+00:00,0.0002,0.0002,0.0002,0.0002,1928789.0
2024-10-19 20:00:00+00:00,0.0002,0.0002,0.0001,0.0001,2100759.0
2024-10-20 00:00:00+00:00,0.0001,0.0001,0.0001,0.0001,1187601.0
2024-10-20 04:00:00+00:00,0.0001,0.0001,0.0001,0.0001,881776.0
2024-10-20 08:00:00+00:00,0.0001,0.0001,0.0001,0.0001,4201097.0
2024-10-20 12:00:00+00:00,0.0001,0.0001,0.0001,0.0001,1017003.0
2024-10-20 16:00:00+00:00,0.0001,0.0001,0.0001,0.0001,2291363.0
2024-10-20 20:00:00+00:00,0.0001,0.0001,0.0001,0.0001,417017.0
2024-10-21 00:00:00+00:00,0.0001,0.0001,0.0001,0.0001,2570238.0
2024-10-21 04:00:00+00:00,0.0001,0.0002,0.0001,0.0002,2914911.0
2024-10-21 08:00:00+00:00,0.0002,0.0002,0.0002,0.0002,1667887.0
2024-10-21 12:00:00+00:00,0.0002,0.0003,0.0002,0.0003,1548724.0
2024-10-21 16:00:00+00:00,0.0003,0.0003,0.0003,0.0003,1625389.0
2024-10-21 20:00:00+00:00,0.0003,0.0003,0.0003,0.0003,3236971.0
2024-10-22 00:00:00+00:00,0.0003,0.0003,0.0002,0.0002,711060.0
2024-10-22 04:00:00+00:00,0.0002,0.0002,0.0002,0.0002,1647102.0
2024-10-22 08:00:00+00:00,0.0002,0.0002,0.0002,0.0002,876624.0
2024-10-22 12:00:00+00:00,0.0002,0.0002,0.0002,0.0002,1953952.0
2024-10-22 16:00:00+00:00,0.0002,0.0002,0.0002,0.0002,956415.0
2024-10-22 20:00:00+00:00,0.0002,0.0002,0.0002,0.0002,849138.0
2024-10-23 00:00:00+00:00,0.0002,0.0003,0.0002,0.0003,1236842.0
2024-10-23 04:00:00+00:00,0.0003,0.0003,0.0003,0.0003,576252.0
2024-10-23 08:00:00+00:00,0.0003,0.0003,0.0003,0.0003,2926160.0
2024-10-23 12:00:00+00:00,0.0003,0.0003,0.0003,0.0003,523534.0
2024-10-23 16:00:00+00:00,0.0003,0.0003,0.0003,0.0003,1419554.0
2024-10-23 20:00:00+00:00,0.0003,0.0003,0.0003,0.0003,1136413.0
2024-10-24 00:00:00+00:00,0.0003,0.0003,0.0002,0.0002,889797.0
2024-10-24 04:00:00+00:00,0.0002,0.0002,0.0002,0.0002,1415490.0
2024-10-24 08:00:00+00:00,0.0002,0.0002,0.0002,0.0002,468607.0
2024-10-24 12:00:00+00:00,0.0002,0.0002,0.0002,0.0002,1218911.0
2024-10-24 16:00:00+00:00,0.0002,0.0002,0.0002,0.0002,645948.0
2024-10-24 20:00:00+00:00,0.0002,0.0002,0.0001,0.0001,2061717.0
2024-10-25 00:00:00+00:00,0.0001,0.0001,0.0001,0.0001,656165.0
2024-10-25 04:00:00+00:00,0.0001,0.0001,0.0001,0.0001,10873463.0
2024-10-25 08:00:00+00:00,0.0001,0.0001,0.0001,0.0001,12591196.0
2024-10-25 12:00:00+00:00,0.0001,0.0001,0.0001,0.0001,5702840.0
2024-10-25 16:00:00+00:00,0.0001,0.0001,0.0001,0.0001,13059474.0
2024-10-25 20:00:00+00:00,0.0001,0.0001,0.0001,0.0001,4360297.0
2024-10-26 00:00:00+00:00,0.0001,0.0001,0.0001,0.0001,14963170.0
2024-10-26 04:00:00+00:00,0.0001,0.0001,0.0001,0.0001,2752493.0
2024-10-26 08:00:00+00:00,0.0001,0.0001,0.0001,0.0001,6456608.0
2024-10-26 12:00:00+00:00,0.0001,0.0001,0.0001,0.0001,1934922.0
2024-10-26 16:00:00+00:00,0.0001,0.0001,0.0001,0.0001,1552495.0
2024-10-26 20:00:00+00:00,0.0001,0.0001,0.0001,0.0001,441978.0
2024-10-27 00:00:00+00:00,0.0001,0.0001,0.0001,0.0001,2746409.0
2024-10-27 04:00:00+00:00,0.0001,0.0001,0.0001,0.0001,1608074.0
2024-10-27 08:00:00+00:00,0.0001,0.0001,0.0001,0.0001,1054816.0
2024-10-27 12:00:00+00:00,0.0001,0.0001,0.0001,0.0001,2132569.0
2024-10-27 16:00:00+00:00,0.0001,0.0001,0.0001,0.0001,1200610.0
2024-10-27 20:00:00+00:00,0.0001,0.0001,0.0001,0.0001,1176148.0
2024-10-28 00:00:00+00:00,0.0001,0.0001,0.0001,0.0001,1273576.0
2024-10-28 04:00:00+00:00,0.0001,0.0001,0.0001,0.0001,1079217.0
2024-10-28 08:00:00+00:00,0.0001,0.0001,0.0001,0.0001,1721354.0
2024-10-28 12:00:00+00:00,0.0001,0.0001,0.0001,0.0001,779329.0
2024-10-28 16:00:00+00:00,0.0001,0.0001,0.0001,0.0001,997809.0
2024-10-28 20:00:00+00:00,0.0001,0.0001,0.0,0.0,1153028.0
2024-10-29 00:00:00+00:00,0.0,0.0,0.0,0.0,2512433.0
2024-10-29 04:00:00+00:00,0.0,0.0,0.0,0.0,818701.0
2024-10-29 08:00:00+00:00,0.0,0.0,0.0,0.0,623382.0
2024-10-29 12:00:00+00:00,0.0,0.0,0.0,0.0,1268662.0
2024-10-29 16:00:00+00:00,0.0,0.0,0.0,0.0,1374679.0
2024-10-29 20:00:00+00:00,0.0,0.0,0.0,0.0,677778.0
2024-10-30 00:00:00+00:00,0.0,0.0,0.0,0.0,596024.0
2024-10-30 04:00:00+00:00,0.0,0.0,0.0,0.0,4934705.0
2024-10-30 08:00:00+00:00,0.0,0.0,0.0,0.0,908873.0
2024-10-30 12:00:00+00:00,0.0,0.0,0.0,0.0,958799.0
2024-10-30 16:00:00+00:00,0.0,0.0,0.0,0.0,1171058.0
2024-10-30 20:00:00+00:00,0.0,0.0,0.0,0.0,1599326.0
2024-10-31 00:00:00+00:00,0.0,0.0,0.0,0.0,1814182.0
2024-10-31 04:00:00+00:00,0.0,0.0,0.0,0.0,1768963.0
2024-10-31 08:00:00+00:00,0.0,0.0,0.0,0.0,1244613.0
2024-10-31 12:00:00+00:00,0.0,0.0,0.0,0.0,574021.0
2024-10-31 16:00:00+00:00,0.0,0.0,0.0,0.0,1944895.0
2024-10-31 20:00:00+00:00,0.0,0.0,0.0,0.0,1054584.0
2024-11-01 00:00:00+00:00,0.0,0.0,0.0,0.0,3082319.0
2024-11-01 04:00:00+00:00,0.0,0.0,0.0,0.0,348074.0
2024-11-01 08:00:00+00:00,0.0,0.0,0.0,0.0,1314931.0
2024-11-01 12:00:00+00:00,0.0,0.0,0.0,0.0,3906391.0
2024-11-01 16:00:00+00:00,0.0,0.0,0.0,0.0,1365114.0
2024-11-01 20:00:00+00:00,0.0,0.0,0.0,0.0,938421.0
2024-11-02 00:00:00+00:00,0.0,0.0,0.0,0.0,1162016.0
2024-11-02 04:00:00+00:00,0.0,0.0,0.0,0.0,987701.0
2024-11-02 08:00:00+00:00,0.0,0.0,0.0,0.0,940203.0
2024-11-02 12:00:00+00:00,0.0,0.0,0.0,0.0,1201823.0
2024-11-02 16:00:00+00:00,0.0,0.0,0.0,0.0,820832.0
2024-11-02 20:00:00+00:00,0.0,0.0,0.0,0.0,2368902.0
2024-11-03 00:00:00+00:00,0.0,0.0,0.0,0.0,1456810.0
2024-11-03 04:00:00+00:00,0.0,0.0,0.0,0.0,1723430.0
2024-11-03 08:00:00+00:00,0.0,0.0,0.0,0.0,1562861.0
2024-11-03 12:00:00+00:00,0.0,0.0,0.0,0.0,894153.0
2024-11-03 16:00:00+00:00,0.0,0.0,0.0,0.0,745263.0
2024-11-03 20:00:00+00:00,0.0,0.0,0.0,0.0,786292.0
2024-11-04 00:00:00+00:00,0.0,0.0,0.0,0.0,1844161.0
2024-11-04 04:00:00+00:00,0.0,0.0,0.0,0.0,737416.0
2024-11-04 08:00:00+00:00,0.0,0.0,0.0,0.0,807086.0
2024-11-04 12:00:00+00:00,0.0,0.0,0.0,0.0,823593.0
2024-11-04 16:00:00+00:00,0.0,0.0,0.0,0.0,4233367.0
2024-11-04 20:00:00+00:00,0.0,0.0,0.0,0.0,390881.0
2024-11-05 00:00:00+00:00,0.0,0.0,0.0,0.0,1274971.0
2024-11-05 04:00:00+00:00,0.0,0.0,0.0,0.0,3392154.0
2024-11-05 08:00:00+00:00,0.0,0.0,0.0,0.0,1262016.0
2024-11-05 12:00:00+00:00,0.0,0.0,0.0,0.0,1888189.0
2024-11-05 16:00:00+00:00,0.0,0.0,0.0,0.0,1886107.0
2024-11-05 20:00:00+00:00,0.0,0.0,0.0,0.0,1104270.0
2024-11-06 00:00:00+00:00,0.0,0.0,0.0,0.0,459359.0
2024-11-06 04:00:00+00:00,0.0,0.0,0.0,0.0,1602409.0
2024-11-06 08:00:00+00:00,0.0,0.0,0.0,0.0,886153.0
2024-11-06 12:00:00+00:00,0.0,0.0,0.0,0.0,1087442.0
2024-11-06 16:00:00+00:00,0.0,0.0,0.0,0.0,869945.0
2024-11-06 20:00:00+00:00,0.0,0.0,0.0,0.0,2694414.0
2024-11-07 00:00:00+00:00,0.0,0.0,0.0,0.0,3705722.0
2024-11-07 04:00:00+00:00,0.0,0.0,0.0,0.0,1186076.0
2024-11-07 08:00:00+00:00,0.0,0.0,0.0,0.0,1078413.0
2024-11-07 12:00:00+00:00,0.0,0.0,0.0,0.0,751467.0
2024-11-07 16:00:00+00:00,0.0,0.0,0.0,0.0,2262556.0
2024-11-07 20:00:00+00:00,0.0,0.0,0.0,0.0,3862639.0
2024-11-08 00:00:00+00:00,0.0,0.0,0.0,0.0,1547329.0
2024-11-08 04:00:00+00:00,0.0,0.0,0.0,0.0,444959.0
2024-11-08 08:00:00+00:00,0.0,0.0,0.0,0.0,2103111.0
2024-11-08 12:00:00+00:00,0.0,0.0,0.0,0.0,2444307.0
2024-11-08 16:00:00+00:00,0.0,0.0,0.0,0.0,537230.0
2024-11-08 20:00:00+00:00,0.0,0.0,0.0,0.0,1638103.0
2024-11-09 00:00:00+00:00,0.0,0.0,0.0,0.0,1376827.0
2024-11-09 04:00:00+00:00,0.0,0.0,0.0,0.0,1099559.0
2024-11-09 08:00:00+00:00,0.0,0.0,0.0,0.0,908525.0
2024-11-09 12:00:00+00:00,0.0,0.0,0.0,0.0,2639224.0
2024-11-09 16:00:00+00:00,0.0,0.0,0.0,0.0,1329531.0
2024-11-09 20:00:00+00:00,0.0,0.0,0.0,0.0,596865.0
2024-11-10 00:00:00+00:00,0.0,0.0,0.0,0.0,393077.0
2024-11-10 04:00:00+00:00,0.0,0.0,0.0,0.0,3303173.0
2024-11-10 08:00:00+00:00,0.0,0.0,0.0,0.0,1855839.0
2024-11-10 12:00:00+00:00,0.0,0.0,0.0,0.0,1498016.0
2024-11-10 16:00:00+00:00,0.0,0.0,0.0,0.0,1385390.0
2024-11-10 20:00:00+00:00,0.0,0.0,0.0,0.0,1194194.0
2024-11-11 00:00:00+00:00,0.0,0.0,0.0,0.0,739779.0
2024-11-11 04:00:00+00:00,0.0,0.0,0.0,0.0,815526.0
2024-11-11 08:00:00+00:00,0.0,0.0,0.0,0.0,389563.0
2024-11-11 12:00:00+00:00,0.0,0.0,0.0,0.0,943780.0
2024-11-11 16:00:00+00:00,0.0,0.0,0.0,0.0,1019781.0
2024-11-11 20:00:00+00:00,0.0,0.0,0.0,0.0,1644920.0
2024-11-12 00:00:00+00:00,0.0,0.0,0.0,0.0,985821.0
2024-11-12 04:00:00+00:00,0.0,0.0,0.0,0.0,1849644.0
2024-11-12 08:00:00+00:00,0.0,0.0,0.0,0.0,1971057.0
2024-11-12 12:00:00+00:00,0.0,0.0,0.0,0.0,2023273.0
2024-11-12 16:00:00+00:00,0.0,0.0,0.0,0.0,1325825.0
2024-11-12 20:00:00+00:00,0.0,0.0,0.0,0.0,1044111.0
2024-11-13 00:00:00+00:00,0.0,0.0,0.0,0.0,711922.0
2024-11-13 04:00:00+00:00,0.0,0.0,0.0,0.0,1613549.0
2024-11-13 08:00:00+00:00,0.0,0.0,0.0,0.0,3986972.0
2024-11-13 12:00:00+00:00,0.0,0.0,0.0,0.0,1488659.0
2024-11-13 16:00:00+00:00,0.0,0.0,0.0,0.0,2948805.0
2024-11-13 20:00:00+00:00,0.0,0.0,0.0,0.0,613791.0
2024-11-14 00:00:00+00:00,0.0,0.0,0.0,0.0,644410.0
2024-11-14 04:00:00+00:00,0.0,0.0,0.0,0.0,2347411.0
2024-11-14 08:00:00+00:00,0.0,0.0,0.0,0.0,1334439.0
2024-11-14 12:00:00+00:00,0.0,0.0,0.0,0.0,2016031.0
2024-11-14 16:00:00+00:00,0.0,0.0,0.0,0.0,1194056.0
2024-11-14 20:00:00+00:00,0.0,0.0,0.0,0.0,1103778.0
2024-11-15 00:00:00+00:00,0.0,0.0,0.0,0.0,1351289.0
2024-11-15 04:00:00+00:00,0.0,0.0,0.0,0.0,712717.0
2024-11-15 08:00:00+00:00,0.0,0.0,0.0,0.0,607456.0
2024-11-15 12:00:00+00:00,0.0,0.0,0.0,0.0,2898241.0
2024-11-15 16:00:00+00:00,0.0,0.0,0.0,0.0,3106676.0
2024-11-15 20:00:00+00:00,0.0,0.0,0.0,0.0,1548167.0
2024-11-16 00:00:00+00:00,0.0,0.0,0.0,0.0,520027.0
2024-11-16 04:00:00+00:00,0.0,0.0,0.0,0.0,1509848.0
2024-11-16 08:00:00+00:00,0.0,0.0,0.0,0.0,671960.0
2024-11-16 12:00:00+00:00,0.0,0.0,0.0,0.0,2431137.0
2024-11-16 16:00:00+00:00,0.0,0.0,0.0,0.0,952082.0
2024-11-16 20:00:00+00:00,0.0,0.0,0.0,0.0,622299.0
2024-11-17 00:00:00+00:00,0.0,0.0,0.0,0.0,1225552.0
2024-11-17 04:00:00+00:00,0.0,0.0,0.0,0.0,1369245.0
2024-11-17 08:00:00+00:00,0.0,0.0,0.0,0.0,2817100.0
2024-11-17 12:00:00+00:00,0.0,0.0,0.0,0.0,1023310.0
2024-11-17 16:00:00+00:00,0.0,0.0,0.0,0.0,552832.0
2024-11-17 20:00:00+00:00,0.0,0.0,0.0,0.0,660674.0
2024-11-18 00:00:00+00:00,0.0,0.0,0.0,0.0,1386877.0
2024-11-18 04:00:00+00:00,0.0,0.0,0.0,0.0,1610700.0
2024-11-18 08:00:00+00:00,0.0,0.0,0.0,0.0,549774.0
2024-11-18 12:00:00+00:00,0.0,0.0,0.0,0.0,2720260.0
2024-11-18 16:00:00+00:00,0.0,0.0,0.0,0.0,2634089.0
2024-11-18 20:00:00+00:00,0.0,0.0,0.0,0.0,1525951.0
2024-11-19 00:00:00+00:00,0.0,0.0,0.0,0.0,2431612.0
2024-11-19 04:00:00+00:00,0.0,0.0,0.0,0.0,1676319.0
2024-11-19 08:00:00+00:00,0.0,0.0,0.0,0.0,690442.0
2024-11-19 12:00:00+00:00,0.0,0.0,0.0,0.0,1300756.0
2024-11-19 16:00:00+00:00,0.0,0.0,0.0,0.0,2514496.0
2024-11-19 20:00:00+00:00,0.0,0.0,0.0,0.0,1365642.0
2024-11-20 00:00:00+00:00,0.0,0.0,0.0,0.0,1324191.0
2024-11-20 04:00:00+00:00,0.0,0.0,0.0,0.0,978844.0
2024-11-20 08:00:00+00:00,0.0,0.0,0.0,0.0,1423167.0
2024-11-20 12:00:00+00:00,0.0,0.0,0.0,0.0,784041.0
2024-11-20 16:00:00+00:00,0.0,0.0,0.0,0.0,1111990.0
2024-11-20 20:00:00+00:00,0.0,0.0,0.0,0.0,2323813.0
2024-11-21 00:00:00+00:00,0.0,0.0,0.0,0.0,825217.0
2024-11-21 04:00:00+00:00,0.0,0.0,0.0,0.0,585613.0
2024-11-21 08:00:00+00:00,0.0,0.0,0.0,0.0,685450.0
2024-11-21 12:00:00+00:00,0.0,0.0,0.0,0.0,1933081.0
2024-11-21 16:00:00+00:00,0.0,0.0,0.0,0.0,1143833.0
2024-11-21 20:00:00+00:00,0.0,0.0,0.0,0.0,1411258.0
2024-11-22 00:00:00+00:00,0.0,0.0,0.0,0.0,788458.0
2024-11-22 04:00:00+00:00,0.0,0.0,0.0,0.0,2270782.0
2024-11-22 08:00:00+00:00,0.0,0.0,0.0,0.0,1029465.0
2024-11-22 12:00:00+00:00,0.0,0.0,0.0,0.0,1632936.0
2024-11-22 16:00:00+00:00,0.0,0.0,0.0,0.0,893661.0
2024-11-22 20:00:00+00:00,0.0,0.0,0.0,0.0,805638.0
2024-11-23 00:00:00+00:00,0.0,0.0,0.0,0.0,1181116.0
2024-11-23 04:00:00+00:00,0.0,0.0,0.0,0.0,1620481.0
2024-11-23 08:00:00+00:00,0.0,0.0,0.0,0.0,2359619.0
2024-11-23 12:00:00+00:00,0.0,0.0,0.0,0.0,1666195.0
2024-11-23 16:00:00+00:00,0.0,0.0,0.0,0.0,174973.0
2024-11-23 20:00:00+00:00,0.0,0.0,0.0,0.0,680352.0
2024-11-24 00:00:00+00:00,0.0,0.0,0.0,0.0,931295.0
2024-11-24 04:00:00+00:00,0.0,0.0,0.0,0.0,2632304.0
2024-11-24 08:00:00+00:00,0.0,0.0,0.0,0.0,755280.0
2024-11-24 12:00:00+00:00,0.0,0.0,0.0,0.0,1362183.0
2024-11-24 16:00:00+00:00,0.0,0.0,0.0,0.0,2208753.0
2024-11-24 20:00:00+00:00,0.0,0.0,0.0,0.0,561541.0
2024-11-25 00:00:00+00:00,0.0,0.0,0.0,0.0,1293583.0
2024-11-25 04:00:00+00:00,0.0,0.0,0.0,0.0,724267.0
2024-11-25 08:00:00+00:00,0.0,0.0,0.0,0.0,1176182.0
2024-11-25 12:00:00+00:00,0.0,0.0,0.0,0.0,851629.0
2024-11-25 16:00:00+00:00,0.0,0.0,0.0,0.0,1607567.0
2024-11-25 20:00:00+00:00,0.0,0.0,0.0,0.0,5071446.0
2024-11-26 00:00:00+00:00,0.0,0.0,0.0,0.0,1666929.0
2024-11-26 04:00:00+00:00,0.0,0.0,0.0,0.0,1740482.0
2024-11-26 08:00:00+00:00,0.0,0.0,0.0,0.0,1492457.0
2024-11-26 12:00:00+00:00,0.0,0.0,0.0,0.0,676746.0
2024-11-26 16:00:00+00:00,0.0,0.0,0.0,0.0,1743815.0
2024-11-26 20:00:00+00:00,0.0,0.0,0.0,0.0,2296341.0
2024-11-27 00:00:00+00:00,0.0,0.0,0.0,0.0,775344.0
2024-11-27 04:00:00+00:00,0.0,0.0,0.0,0.0,2321214.0
2024-11-27 08:00:00+00:00,0.0,0.0,0.0,0.0,2298413.0
2024-11-27 12:00:00+00:00,0.0,0.0,0.0,0.0,3224765.0
2024-11-27 16:00:00+00:00,0.0,0.0,0.0,0.0,1130085.0
2024-11-27 20:00:00+00:00,0.0,0.0,0.0,0.0,827977.0
2024-11-28 00:00:00+00:00,0.0,0.0,0.0,0.0,1030967.0
2024-11-28 04:00:00+00:00,0.0,0.0,0.0,0.0,2727656.0
2024-11-28 08:00:00+00:00,0.0,0.0,0.0,0.0,495657.0
2024-11-28 12:00:00+00:00,0.0,0.0,0.0,0.0,456642.0
2024-11-28 16:00:00+00:00,0.0,0.0,0.0,0.0,1253301.0
2024-11-28 20:00:00+00:00,0.0,0.0,0.0,0.0,1093436.0
2024-11-29 00:00:00+00:00,0.0,0.0,0.0,0.0,1348655.0
2024-11-29 04:00:00+00:00,0.0,0.0,0.0,0.0,2468895.0
2024-11-29 08:00:00+00:00,0.0,0.0,0.0,0.0,1003349.0
2024-11-29 12:00:00+00:00,0.0,0.0,0.0,0.0,455497.0
2024-11-29 16:00:00+00:00,0.0,0.0,0.0,0.0,4128405.0
2024-11-29 20:00:00+00:00,0.0,0.0,0.0,0.0,612358.0
2024-11-30 00:00:00+00:00,0.0,0.0,0.0,0.0,816956.0
2024-11-30 04:00:00+00:00,0.0,0.0,0.0,0.0,1857628.0
2024-11-30 08:00:00+00:00,0.0,0.0,0.0,0.0,1098426.0
2024-11-30 12:00:00+00:00,0.0,0.0,0.0,0.0,1259754.0
2024-11-30 16:00:00+00:00,0.0,0.0,0.0,0.0,1351410.0
2024-11-30 20:00:00+00:00,0.0,0.0,0.0,0.0,2324398.0
2024-12-01 00:00:00+00:00,0.0,0.0,0.0,0.0,960880.0
2024-12-01 04:00:00+00:00,0.0,0.0,0.0,0.0,3953165.0
2024-12-01 08:00:00+00:00,0.0,0.0,0.0,0.0,377848.0
2024-12-01 12:00:00+00:00,0.0,0.0,0.0,0.0,1467655.0
2024-12-01 16:00:00+00:00,0.0,0.0,0.0,0.0,892922.0
2024-12-01 20:00:00+00:00,0.0,0.0,0.0,0.0,2581482.0
2024-12-02 00:00:00+00:00,0.0,0.0,0.0,0.0,1529925.0
2024-12-02 04:00:00+00:00,0.0,0.0,0.0,0.0,1228814.0
2024-12-02 08:00:00+00:00,0.0,0.0,0.0,0.0,1866769.0
2024-12-02 12:00:00+00:00,0.0,0.0,0.0,0.0,2099198.0
2024-12-02 16:00:00+00:00,0.0,0.0,0.0,0.0,1957293.0
2024-12-02 20:00:00+00:00,0.0,0.0,0.0,0.0,822439.0
2024-12-03 00:00:00+00:00,0.0,0.0,0.0,0.0,851188.0
2024-12-03 04:00:00+00:00,0.0,0.0,0.0,0.0,1113804.0
2024-12-03 08:00:00+00:00,0.0,0.0,0.0,0.0,1860025.0
2024-12-03 12:00:00+00:00,0.0,0.0,0.0,0.0,1875054.0
2024-12-03 16:00:00+00:00,0.0,0.0,0.0,0.0,567713.0
2024-12-03 20:00:00+00:00,0.0,0.0,0.0,0.0,1217270.0
2024-12-04 00:00:00+00:00,0.0,0.0,0.0,0.0,974439.0
2024-12-04 04:00:00+00:00,0.0,0.0,0.0,0.0,1062062.0
2024-12-04 08:00:00+00:00,0.0,0.0,0.0,0.0,1094183.0
2024-12-04 12:00:00+00:00,0.0,0.0,0.0,0.0,2116236.0
2024-12-04 16:00:00+00:00,0.0,0.0,0.0,0.0,179360.0
2024-12-04 20:00:00+00:00,0.0,0.0,0.0,0.0,1276891.0
2024-12-05 00:00:00+00:00,0.0,0.0,0.0,0.0,1007106.0
2024-12-05 04:00:00+00:00,0.0,0.0,0.0,0.0,1432257.0
2024-12-05 08:00:00+00:00,0.0,0.0,0.0,0.0,814369.0
2024-12-05 12:00:00+00:00,0.0,0.0,0.0,0.0,1226887.0
2024-12-05 16:00:00+00:00,0.0,0.0,0.0,0.0,3102951.0
2024-12-05 20:00:00+00:00,0.0,0.0,0.0,0.0,2001510.0
2024-12-06 00:00:00+00:00,0.0,0.0,0.0,0.0,1932064.0
2024-12-06 04:00:00+00:00,0.0,0.0,0.0,0.0,1152858.0
2024-12-06 08:00:00+00:00,0.0,0.0,0.0,0.0,2945320.0
2024-12-06 12:00:00+00:00,0.0,0.0,0.0,0.0,1049557.0
2024-12-06 16:00:00+00:00,0.0,0.0,0.0,0.0,1111331.0
2024-12-06 20:00:00+00:00,0.0,0.0,0.0,0.0,1237454.0
2024-12-07 00:00:00+00:00,0.0,0.0,0.0,0.0,1321360.0
2024-12-07 04:00:00+00:00,0.0,0.0,0.0,0.0,2762044.0
2024-12-07 08:00:00+00:00,0.0,0.0,0.0,0.0,1089924.0
2024-12-07 12:00:00+00:00,0.0,0.0,0.0,0.0,1678893.0
2024-12-07 16:00:00+00:00,0.0,0.0,0.0,0.0,2219731.0
2024-12-07 20:00:00+00:00,0.0,0.0,0.0,0.0,2288563.0
2024-12-08 00:00:00+00:00,0.0,0.0,0.0,0.0,745559.0
2024-12-08 04:00:00+00:00,0.0,0.0,0.0,0.0,1253840.0
2024-12-08 08:00:00+00:00,0.0,0.0,0.0,0.0,1530722.0
2024-12-08 12:00:00+00:00,0.0,0.0,0.0,0.0,1779552.0
2024-12-08 16:00:00+00:00,0.0,0.0,0.0,0.0,614919.0
2024-12-08 20:00:00+00:00,0.0,0.0,0.0,0.0,987474.0
2024-12-09 00:00:00+00:00,0.0,0.0,0.0,0.0,2279256.0
2024-12-09 04:00:00+00:00,0.0,0.0,0.0,0.0,882825.0
2024-12-09 08:00:00+00:00,0.0,0.0,0.0,0.0,974927.0
2024-12-09 12:00:00+00:00,0.0,0.0,0.0,0.0,3521301.0
2024-12-09 16:00:00+00:00,0.0,0.0,0.0,0.0,1332151.0
2024-12-09 20:00:00+00:00,0.0,0.0,0.0,0.0,841285.0
2024-12-10 00:00:00+00:00,0.0,0.0,0.0,0.0,901385.0
2024-12-10 04:00:00+00:00,0.0,0.0,0.0,0.0,1325879.0
2024-12-10 08:00:00+00:00,0.0,0.0,0.0,0.0,560559.0
2024-12-10 12:00:00+00:00,0.0,0.0,0.0,0.0,1226173.0
2024-12-10 16:00:00+00:00,0.0,0.0,0.0,0.0,1248698.0
2024-12-10 20:00:00+00:00,0.0,0.0,0.0,0.0,2259096.0
2024-12-11 00:00:00+00:00,0.0,0.0,0.0,0.0,1454204.0
2024-12-11 04:00:00+00:00,0.0,0.0,0.0,0.0,786192.0
2024-12-11 08:00:00+00:00,0.0,0.0,0.0,0.0,2266093.0
2024-12-11 12:00:00+00:00,0.0,0.0,0.0,0.0,1801291.0
2024-12-11 16:00:00+00:00,0.0,0.0,0.0,0.0,568843.0
2024-12-11 20:00:00+00:00,0.0,0.0,0.0,0.0,1507351.0
2024-12-12 00:00:00+00:00,0.0,0.0,0.0,0.0,2919182.0
2024-12-12 04:00:00+00:00,0.0,0.0,0.0,0.0,1563954.0
2024-12-12 08:00:00+00:00,0.0,0.0,0.0,0.0,1571656.0
2024-12-12 12:00:00+00:00,0.0,0.0,0.0,0.0,2370649.0
2024-12-12 16:00:00+00:00,0.0,0.0,0.0,0.0,534795.0
2024-12-12 20:00:00+00:00,0.0,0.0,0.0,0.0,668703.0
2024-12-13 00:00:00+00:00,0.0,0.0,0.0,0.0,506552.0
2024-12-13 04:00:00+00:00,0.0,0.0,0.0,0.0,1545881.0
2024-12-13 08:00:00+00:00,0.0,0.0,0.0,0.0,1682183.0
2024-12-13 12:00:00+00:00,0.0,0.0,0.0,0.0,2285143.0
2024-12-13 16:00:00+00:00,0.0,0.0,0.0,0.0,1350306.0
2024-12-13 20:00:00+00:00,0.0,0.0,0.0,0.0,822370.0
2024-12-14 00:00:00+00:00,0.0,0.0,0.0,0.0,1273940.0
2024-12-14 04:00:00+00:00,0.0,0.0,0.0,0.0,1742909.0
2024-12-14 08:00:00+00:00,0.0,0.0,0.0,0.0,878589.0
2024-12-14 12:00:00+00:00,0.0,0.0,0.0,0.0,4812480.0
2024-12-14 16:00:00+00:00,0.0,0.0,0.0,0.0,2000609.0
2024-12-14 20:00:00+00:00,0.0,0.0,0.0,0.0,1357239.0
2024-12-15 00:00:00+00:00,0.0,0.0,0.0,0.0,1441367.0
2024-12-15 04:00:00+00:00,0.0,0.0,0.0,0.0,1705827.0
2024-12-15 08:00:00+00:00,0.0,0.0,0.0,0.0,1547817.0
2024-12-15 12:00:00+00:00,0.0,0.0,0.0,0.0,841644.0
2024-12-15 16:00:00+00:00,0.0,0.0,0.0,0.0,1541411.0
2024-12-15 20:00:00+00:00,0.0,0.0,0.0,0.0,1560815.0
2024-12-16 00:00:00+00:00,0.0,0.0,0.0,0.0,1004101.0
2024-12-16 04:00:00+00:00,0.0,0.0,0.0,0.0,2998188.0
2024-12-16 08:00:00+00:00,0.0,0.0,0.0,0.0,1189126.0
2024-12-16 12:00:00+00:00,0.0,0.0,0.0,0.0,1880749.0
2024-12-16 16:00:00+00:00,0.0,0.0,0.0,0.0,2958433.0
2024-12-16 20:00:00+00:00,0.0,0.0,0.0,0.0,1710500.0
2024-12-17 00:00:00+00:00,0.0,0.0,0.0,0.0,1611579.0
2024-12-17 04:00:00+00:00,0.0,0.0,0.0,0.0,1764335.0
2024-12-17 08:00:00+00:00,0.0,0.0,0.0,0.0,973350.0
2024-12-17 12:00:00+00:00,0.0,0.0,0.0,0.0,1421841.0
2024-12-17 16:00:00+00:00,0.0,0.0,0.0,0.0,1611963.0
2024-12-17 20:00:00+00:00,0.0,0.0,0.0,0.0,947231.0
2024-12-18 00:00:00+00:00,0.0,0.0,0.0,0.0,5565179.0
2024-12-18 04:00:00+00:00,0.0,0.0,0.0,0.0,691602.0
2024-12-18 08:00:00+00:00,0.0,0.0,0.0,0.0,676564.0
2024-12-18 12:00:00+00:00,0.0,0.0,0.0,0.0,2200067.0
2024-12-18 16:00:00+00:00,0.0,0.0,0.0,0.0,1826947.0
2024-12-18 20:00:00+00:00,0.0,0.0,0.0,0.0,740825.0
2024-12-19 00:00:00+00:00,0.0,0.0,0.0,0.0,1443916.0
2024-12-19 04:00:00+00:00,0.0,0.0,0.0,0.0,2137057.0
2024-12-19 08:00:00+00:00,0.0,0.0,0.0,0.0,1416239.0
2024-12-19 12:00:00+00:00,0.0,0.0,0.0,0.0,4916868.0
2024-12-19 16:00:00+00:00,0.0,0.0,0.0,0.0,516709.0
2024-12-19 20:00:00+00:00,0.0,0.0,0.0,0.0,1549794.0
2024-12-20 00:00:00+00:00,0.0,0.0,0.0,0.0,2580515.0
2024-12-20 04:00:00+00:00,0.0,0.0,0.0,0.0,3350665.0
2024-12-20 08:00:00+00:00,0.0,0.0,0.0,0.0,973921.0
2024-12-20 12:00:00+00:00,0.0,0.0,0.0,0.0,1810007.0
2024-12-20 16:00:00+00:00,0.0,0.0,0.0,0.0,1698493.0
2024-12-20 20:00:00+00:00,0.0,0.0,0.0,0.0,1505936.0
2024-12-21 00:00:00+00:00,0.0,0.0,0.0,0.0,1499244.0
2024-12-21 04:00:00+00:00,0.0,0.0,0.0,0.0,1710780.0
2024-12-21 08:00:00+00:00,0.0,0.0,0.0,0.0,750252.0
2024-12-21 12:00:00+00:00,0.0,0.0,0.0,0.0,1360379.0
2024-12-21 16:00:00+00:00,0.0,0.0,0.0,0.0,942664.0
2024-12-21 20:00:00+00:00,0.0,0.0,0.0,0.0,1095407.0
2024-12-22 00:00:00+00:00,0.0,0.0,0.0,0.0,2209321.0
2024-12-22 04:00:00+00:00,0.0,0.0,0.0,0.0,1270701.0
2024-12-22 08:00:00+00:00,0.0,0.0,0.0,0.0,3738397.0
2024-12-22 12:00:00+00:00,0.0,0.0,0.0,0.0,1437726.0
2024-12-22 16:00:00+00:00,0.0,0.0,0.0,0.0,1311214.0
2024-12-22 20:00:00+00:00,0.0,0.0,0.0,0.0,1215942.0
2024-12-23 00:00:00+00:00,0.0,0.0,0.0,0.0,910112.0
2024-12-23 04:00:00+00:00,0.0,0.0,0.0,0.0,1021905.0
2024-12-23 08:00:00+00:00,0.0,0.0,0.0,0.0,2986753.0
2024-12-23 12:00:00+00:00,0.0,0.0,0.0,0.0,1642748.0
2024-12-23 16:00:00+00:00,0.0,0.0,0.0,0.0,1112778.0
2024-12-23 20:00:00+00:00,0.0,0.0,0.0,0.0,679909.0
2024-12-24 00:00:00+00:00,0.0,0.0,0.0,0.0,821119.0
2024-12-24 04:00:00+00:00,0.0,0.0,0.0,0.0,1123319.0
2024-12-24 08:00:00+00:00,0.0,0.0,0.0,0.0,2023834.0
2024-12-24 12:00:00+00:00,0.0,0.0,0.0,0.0,560333.0
2024-12-24 16:00:00+00:00,0.0,0.0,0.0,0.0,1427860.0
2024-12-24 20:00:00+00:00,0.0,0.0,0.0,0.0,1843868.0
2024-12-25 00:00:00+00:00,0.0,0.0,0.0,0.0,546915.0
2024-12-25 04:00:00+00:00,0.0,0.0,0.0,0.0,686726.0
2024-12-25 08:00:00+00:00,0.0,0.0,0.0,0.0,1231065.0
2024-12-25 12:00:00+00:00,0.0,0.0,0.0,0.0,721895.0
2024-12-25 16:00:00+00:00,0.0,0.0,0.0,0.0,1928254.0
2024-12-25 20:00:00+00:00,0.0,0.0,0.0,0.0,935299.0
2024-12-26 00:00:00+00:00,0.0,0.0,0.0,0.0,838123.0
2024-12-26 04:00:00+00:00,0.0,0.0,0.0,0.0,1933007.0
2024-12-26 08:00:00+00:00,0.0,0.0,0.0,0.0,3014623.0
2024-12-26 12:00:00+00:00,0.0,0.0,0.0,0.0,2644917.0
2024-12-26 16:00:00+00:00,0.0,0.0,0.0,0.0,435748.0
2024-12-26 20:00:00+00:00,0.0,0.0,0.0,0.0,2108387.0
2024-12-27 00:00:00+00:00,0.0,0.0,0.0,0.0,1147212.0
2024-12-27 04:00:00+00:00,0.0,0.0,0.0,0.0,1618038.0
2024-12-27 08:00:00+00:00,0.0,0.0,0.0,0.0,912579.0
2024-12-27 12:00:00+00:00,0.0,0.0,0.0,0.0,1301079.0
2024-12-27 16:00:00+00:00,0.0,0.0,0.0,0.0,1634683.0
2024-12-27 20:00:00+00:00,0.0,0.0,0.0,0.0,1282837.0
2024-12-28 00:00:00+00:00,0.0,0.0,0.0,0.0,929226.0
2024-12-28 04:00:00+00:00,0.0,0.0,0.0,0.0,1089025.0
2024-12-28 08:00:00+00:00,0.0,0.0,0.0,0.0,1758467.0
2024-12-28 12:00:00+00:00,0.0,0.0,0.0,0.0,1489037.0
2024-12-28 16:00:00+00:00,0.0,0.0,0.0,0.0,1855980.0
2024-12-28 20:00:00+00:00,0.0,0.0,0.0,0.0,1129138.0
2024-12-29 00:00:00+00:00,0.0,0.0,0.0,0.0,1190519.0
2024-12-29 04:00:00+00:00,0.0,0.0,0.0,0.0,1847166.0
2024-12-29 08:00:00+00:00,0.0,0.0,0.0,0.0,1914904.0
2024-12-29 12:00:00+00:00,0.0,0.0,0.0,0.0,1334769.0
2024-12-29 16:00:00+00:00,0.0,0.0,0.0,0.0,1737868.0
2024-12-29 20:00:00+00:00,0.0,0.0,0.0,0.0,1895829.0
2024-12-30 00:00:00+00:00,0.0,0.0,0.0,0.0,609713.0
2024-12-30 04:00:00+00:00,0.0,0.0,0.0,0.0,1734422.0
2024-12-30 08:00:00+00:00,0.0,0.0,0.0,0.0,1455417.0
2024-12-30 12:00:00+00:00,0.0,0.0,0.0,0.0,1494750.0
2024-12-30 16:00:00+00:00,0.0,0.0,0.0,0.0,1012809.0
2024-12-30 20:00:00+00:00,0.0,0.0,0.0,0.0,1206077.0
2024-12-31 00:00:00+00:00,0.0,0.0,0.0,0.0,1070719.0
2024-12-31 04:00:00+00:00,0.0,0.0,0.0,0.0,2837593.0
2024-12-31 08:00:00+00:00,0.0,0.0,0.0,0.0,1624649.0
2024-12-31 12:00:00+00:00,0.0,0.0,0.0,0.0,1430253.0
2024-12-31 16:00:00+00:00,0.0,0.0,0.0,0.0,935704.0
2024-12-31 20:00:00+00:00,0.0,0.0,0.0,0.0,1157531.0
