timestamp,open,high,low,close,volume
2024-01-02 00:00:00+00:00,2500.0,2617.0,2456.0,2500.0,1342155.0
2024-01-02 04:00:00+00:00,2500.0,2591.0,2496.0,2583.0,1029873.0
2024-01-02 08:00:00+00:00,2583.0,2708.0,2524.0,2555.0,1815993.0
2024-01-02 12:00:00+00:00,2555.0,2912.0,2497.0,2702.0,757325.0
2024-01-02 16:00:00+00:00,2702.0,3137.0,2649.0,3120.0,978741.0
2024-01-02 20:00:00+00:00,3120.0,3283.0,2949.0,3032.0,1798346.0
2024-01-03 00:00:00+00:00,3032.0,3052.0,2913.0,2943.0,1064414.0
2024-01-03 04:00:00+00:00,2943.0,3555.0,2930.0,3549.0,3223657.0
2024-01-03 08:00:00+00:00,3549.0,3980.0,3527.0,3958.0,962103.0
2024-01-03 12:00:00+00:00,3958.0,4009.0,3661.0,3680.0,1177845.0
2024-01-03 16:00:00+00:00,3680.0,3983.0,3677.0,3981.0,784964.0
2024-01-03 20:00:00+00:00,3981.0,4015.0,3665.0,3705.0,1212125.0
2024-01-04 00:00:00+00:00,3705.0,3812.0,3273.0,3448.0,577076.0
2024-01-04 04:00:00+00:00,3448.0,3579.0,3438.0,3574.0,869754.0
2024-01-04 08:00:00+00:00,3574.0,3598.0,2487.0,2550.0,906999.0
2024-01-04 12:00:00+00:00,2550.0,2605.0,1842.0,1891.0,2511268.0
2024-01-04 16:00:00+00:00,1891.0,1956.0,1692.0,1732.0,1791169.0
2024-01-04 20:00:00+00:00,1732.0,1778.0,1414.0,1470.0,612323.0
2024-01-05 00:00:00+00:00,1470.0,1557.0,1465.0,1540.0,2226476.0
2024-01-05 04:00:00+00:00,1540.0,1570.0,1256.0,1331.0,4905115.0
2024-01-05 08:00:00+00:00,1331.0,1358.0,1041.0,1050.0,1672036.0
2024-01-05 12:00:00+00:00,1050.0,1284.0,1048.0,1281.0,1205559.0
2024-01-05 16:00:00+00:00,1281.0,1286.0,1227.0,1238.0,4515074.0
2024-01-05 20:00:00+00:00,1238.0,1265.0,1221.0,1251.0,533724.0
2024-01-06 00:00:00+00:00,1251.0,1255.0,985.0,987.0,1649739.0
2024-01-06 04:00:00+00:00,987.0,998.0,898.0,907.0,1359933.0
2024-01-06 08:00:00+00:00,907.0,929.0,893.0,923.0,2060822.0
2024-01-06 12:00:00+00:00,923.0,925.0,764.0,765.0,1811519.0
2024-01-06 16:00:00+00:00,765.0,812.0,756.0,809.0,912676.0
2024-01-06 20:00:00+00:00,809.0,826.0,731.0,736.0,788205.0
2024-01-07 00:00:00+00:00,736.0,740.0,698.0,705.0,951726.0
2024-01-07 04:00:00+00:00,705.0,705.0,641.0,642.0,766763.0
2024-01-07 08:00:00+00:00,642.0,821.0,641.0,820.0,1880210.0
2024-01-07 12:00:00+00:00,820.0,824.0,816.0,819.0,757039.0
2024-01-07 16:00:00+00:00,819.0,849.0,681.0,692.0,694593.0
2024-01-07 20:00:00+00:00,692.0,779.0,690.0,778.0,2570873.0
2024-01-08 00:00:00+00:00,778.0,785.0,629.0,636.0,1206149.0
2024-01-08 04:00:00+00:00,636.0,658.0,634.0,657.0,581610.0
2024-01-08 08:00:00+00:00,657.0,660.0,463.0,464.0,1727670.0
2024-01-08 12:00:00+00:00,464.0,476.0,367.0,372.0,1650570.0
2024-01-08 16:00:00+00:00,372.0,391.0,370.0,383.0,455690.0
2024-01-08 20:00:00+00:00,383.0,427.0,383.0,426.0,1575758.0
2024-01-09 00:00:00+00:00,426.0,440.0,424.0,438.0,639680.0
2024-01-09 04:00:00+00:00,438.0,438.0,430.0,430.0,2468579.0
2024-01-09 08:00:00+00:00,430.0,433.0,408.0,411.0,1470974.0
2024-01-09 12:00:00+00:00,411.0,416.0,317.0,321.0,1361236.0
2024-01-09 16:00:00+00:00,321.0,321.0,286.0,286.0,910174.0
2024-01-09 20:00:00+00:00,286.0,287.0,266.0,267.0,1142846.0
2024-01-10 00:00:00+00:00,267.0,310.0,265.0,309.0,2008693.0
2024-01-10 04:00:00+00:00,309.0,333.0,301.0,326.0,1142876.0
2024-01-10 08:00:00+00:00,326.0,347.0,231.0,240.0,1606214.0
2024-01-10 12:00:00+00:00,240.0,252.0,240.0,252.0,1182811.0
2024-01-10 16:00:00+00:00,252.0,254.0,233.0,237.0,865320.0
2024-01-10 20:00:00+00:00,237.0,239.0,213.0,213.0,1096378.0
2024-01-11 00:00:00+00:00,213.0,235.0,213.0,233.0,450499.0
2024-01-11 04:00:00+00:00,233.0,273.0,230.0,270.0,2387053.0
2024-01-11 08:00:00+00:00,270.0,315.0,262.0,308.0,1651257.0
2024-01-11 12:00:00+00:00,308.0,316.0,260.0,269.0,933739.0
2024-01-11 16:00:00+00:00,269.0,272.0,256.0,257.0,2935765.0
2024-01-11 20:00:00+00:00,257.0,271.0,256.0,270.0,1203355.0
2024-01-12 00:00:00+00:00,270.0,314.0,265.0,310.0,858985.0
2024-01-12 04:00:00+00:00,310.0,310.0,286.0,288.0,1860990.0
2024-01-12 08:00:00+00:00,288.0,290.0,277.0,280.0,1318419.0
2024-01-12 12:00:00+00:00,280.0,281.0,232.0,234.0,1820798.0
2024-01-12 16:00:00+00:00,234.0,236.0,189.0,192.0,1240859.0
2024-01-12 20:00:00+00:00,192.0,216.0,192.0,216.0,1714471.0
2024-01-13 00:00:00+00:00,216.0,261.0,215.0,260.0,1415439.0
2024-01-13 04:00:00+00:00,260.0,265.0,250.0,257.0,1359214.0
2024-01-13 08:00:00+00:00,257.0,296.0,257.0,296.0,559408.0
2024-01-13 12:00:00+00:00,296.0,314.0,294.0,312.0,938418.0
2024-01-13 16:00:00+00:00,312.0,313.0,282.0,282.0,3045345.0
2024-01-13 20:00:00+00:00,282.0,298.0,282.0,298.0,794320.0
2024-01-14 00:00:00+00:00,298.0,367.0,298.0,367.0,1253359.0
2024-01-14 04:00:00+00:00,367.0,368.0,365.0,365.0,809838.0
2024-01-14 08:00:00+00:00,365.0,463.0,361.0,450.0,924667.0
2024-01-14 12:00:00+00:00,450.0,451.0,273.0,274.0,721316.0
2024-01-14 16:00:00+00:00,274.0,321.0,269.0,308.0,1223291.0
2024-01-14 20:00:00+00:00,308.0,316.0,307.0,312.0,1115323.0
2024-01-15 00:00:00+00:00,312.0,314.0,297.0,299.0,1101389.0
2024-01-15 04:00:00+00:00,299.0,305.0,295.0,303.0,971190.0
2024-01-15 08:00:00+00:00,303.0,305.0,212.0,214.0,1926452.0
2024-01-15 12:00:00+00:00,214.0,217.0,205.0,207.0,1827818.0
2024-01-15 16:00:00+00:00,207.0,219.0,206.0,218.0,1057810.0
2024-01-15 20:00:00+00:00,218.0,268.0,217.0,267.0,1251663.0
2024-01-16 00:00:00+00:00,267.0,269.0,238.0,246.0,1069131.0
2024-01-16 04:00:00+00:00,246.0,250.0,207.0,216.0,1818435.0
2024-01-16 08:00:00+00:00,216.0,221.0,196.0,200.0,2477897.0
2024-01-16 12:00:00+00:00,200.0,229.0,199.0,228.0,1033305.0
2024-01-16 16:00:00+00:00,228.0,242.0,224.0,239.0,1208906.0
2024-01-16 20:00:00+00:00,239.0,242.0,220.0,221.0,1463597.0
2024-01-17 00:00:00+00:00,221.0,239.0,219.0,238.0,750957.0
2024-01-17 04:00:00+00:00,238.0,242.0,237.0,241.0,1056951.0
2024-01-17 08:00:00+00:00,241.0,278.0,238.0,277.0,689869.0
2024-01-17 12:00:00+00:00,277.0,277.0,247.0,248.0,542340.0
2024-01-17 16:00:00+00:00,248.0,249.0,235.0,236.0,1375461.0
2024-01-17 20:00:00+00:00,236.0,239.0,216.0,222.0,969009.0
2024-01-18 00:00:00+00:00,222.0,223.0,173.0,173.0,1832485.0
2024-01-18 04:00:00+00:00,173.0,181.0,173.0,181.0,1125476.0
2024-01-18 08:00:00+00:00,181.0,189.0,181.0,189.0,687242.0
2024-01-18 12:00:00+00:00,189.0,194.0,183.0,189.0,982097.0
2024-01-18 16:00:00+00:00,189.0,190.0,181.0,182.0,594687.0
2024-01-18 20:00:00+00:00,182.0,184.0,144.0,144.0,3267661.0
2024-01-19 00:00:00+00:00,144.0,147.0,133.0,135.0,602627.0
2024-01-19 04:00:00+00:00,135.0,138.0,126.0,128.0,1044645.0
2024-01-19 08:00:00+00:00,128.0,129.0,113.0,113.0,806987.0
2024-01-19 12:00:00+00:00,113.0,115.0,110.0,110.0,1423813.0
2024-01-19 16:00:00+00:00,110.0,118.0,108.0,117.0,1002921.0
2024-01-19 20:00:00+00:00,117.0,152.0,116.0,150.0,1428011.0
2024-01-20 00:00:00+00:00,150.0,155.0,150.0,154.0,1655435.0
2024-01-20 04:00:00+00:00,154.0,164.0,151.0,160.0,1134420.0
2024-01-20 08:00:00+00:00,160.0,161.0,157.0,159.0,1335643.0
2024-01-20 12:00:00+00:00,159.0,159.0,113.0,113.0,1134581.0
2024-01-20 16:00:00+00:00,113.0,114.0,112.0,113.0,500378.0
2024-01-20 20:00:00+00:00,113.0,114.0,113.0,114.0,1085187.0
2024-01-21 00:00:00+00:00,114.0,156.0,114.0,155.0,1777941.0
2024-01-21 04:00:00+00:00,155.0,159.0,150.0,151.0,1483784.0
2024-01-21 08:00:00+00:00,151.0,158.0,151.0,158.0,1092902.0
2024-01-21 12:00:00+00:00,158.0,159.0,157.0,157.0,1123369.0
2024-01-21 16:00:00+00:00,157.0,159.0,130.0,130.0,673735.0
2024-01-21 20:00:00+00:00,130.0,153.0,130.0,153.0,3897218.0
2024-01-22 00:00:00+00:00,153.0,173.0,145.0,170.0,1234383.0
2024-01-22 04:00:00+00:00,170.0,191.0,170.0,190.0,1924209.0
2024-01-22 08:00:00+00:00,190.0,191.0,164.0,164.0,926672.0
2024-01-22 12:00:00+00:00,164.0,200.0,164.0,199.0,1904723.0
2024-01-22 16:00:00+00:00,199.0,199.0,157.0,157.0,849335.0
2024-01-22 20:00:00+00:00,157.0,171.0,157.0,171.0,1586643.0
2024-01-23 00:00:00+00:00,171.0,230.0,169.0,227.0,1663239.0
2024-01-23 04:00:00+00:00,227.0,237.0,188.0,194.0,1465440.0
2024-01-23 08:00:00+00:00,194.0,194.0,177.0,177.0,1776736.0
2024-01-23 12:00:00+00:00,177.0,183.0,176.0,180.0,564982.0
2024-01-23 16:00:00+00:00,180.0,183.0,165.0,167.0,868986.0
2024-01-23 20:00:00+00:00,167.0,171.0,127.0,128.0,2132123.0
2024-01-24 00:00:00+00:00,128.0,130.0,127.0,129.0,2947423.0
2024-01-24 04:00:00+00:00,129.0,130.0,108.0,109.0,1373831.0
2024-01-24 08:00:00+00:00,109.0,117.0,108.0,117.0,1632264.0
2024-01-24 12:00:00+00:00,117.0,118.0,99.0,101.0,1338728.0
2024-01-24 16:00:00+00:00,101.0,126.0,99.0,124.0,4486713.0
2024-01-24 20:00:00+00:00,124.0,124.0,109.0,110.0,563967.0
2024-01-25 00:00:00+00:00,110.0,110.0,104.0,104.0,1198871.0
2024-01-25 04:00:00+00:00,104.0,120.0,102.0,117.0,606676.0
2024-01-25 08:00:00+00:00,117.0,119.0,94.0,96.0,443320.0
2024-01-25 12:00:00+00:00,96.0,103.0,92.0,99.0,1280828.0
2024-01-25 16:00:00+00:00,99.0,120.0,97.0,118.0,1704517.0
2024-01-25 20:00:00+00:00,118.0,119.0,90.0,90.0,1493328.0
2024-01-26 00:00:00+00:00,90.0,93.0,89.0,92.0,1028480.0
2024-01-26 04:00:00+00:00,92.0,97.0,91.0,96.0,5265001.0
2024-01-26 08:00:00+00:00,96.0,108.0,96.0,107.0,1189429.0
2024-01-26 12:00:00+00:00,107.0,108.0,87.0,88.0,2006943.0
2024-01-26 16:00:00+00:00,88.0,88.0,69.0,70.0,1151121.0
2024-01-26 20:00:00+00:00,70.0,76.0,70.0,76.0,1433086.0
2024-01-27 00:00:00+00:00,76.0,80.0,75.0,79.0,1007719.0
2024-01-27 04:00:00+00:00,79.0,83.0,79.0,82.0,907520.0
2024-01-27 08:00:00+00:00,82.0,90.0,80.0,87.0,2873998.0
2024-01-27 12:00:00+00:00,87.0,87.0,78.0,78.0,2349817.0
2024-01-27 16:00:00+00:00,78.0,81.0,78.0,81.0,1184420.0
2024-01-27 20:00:00+00:00,81.0,85.0,80.0,84.0,358163.0
2024-01-28 00:00:00+00:00,84.0,85.0,75.0,75.0,1101820.0
2024-01-28 04:00:00+00:00,75.0,98.0,75.0,96.0,7113428.0
2024-01-28 08:00:00+00:00,96.0,104.0,94.0,103.0,1082606.0
2024-01-28 12:00:00+00:00,103.0,103.0,85.0,85.0,2663674.0
2024-01-28 16:00:00+00:00,85.0,94.0,84.0,93.0,2667658.0
2024-01-28 20:00:00+00:00,93.0,94.0,79.0,80.0,1603037.0
2024-01-29 00:00:00+00:00,80.0,89.0,79.0,89.0,890161.0
2024-01-29 04:00:00+00:00,89.0,106.0,85.0,105.0,450760.0
2024-01-29 08:00:00+00:00,105.0,106.0,90.0,92.0,1925139.0
2024-01-29 12:00:00+00:00,92.0,107.0,91.0,105.0,955139.0
2024-01-29 16:00:00+00:00,105.0,113.0,104.0,112.0,1297071.0
2024-01-29 20:00:00+00:00,112.0,126.0,111.0,125.0,734406.0
2024-01-30 00:00:00+00:00,125.0,166.0,123.0,161.0,1625126.0
2024-01-30 04:00:00+00:00,161.0,162.0,153.0,155.0,1127198.0
2024-01-30 08:00:00+00:00,155.0,157.0,136.0,138.0,1529254.0
2024-01-30 12:00:00+00:00,138.0,139.0,116.0,120.0,800699.0
2024-01-30 16:00:00+00:00,120.0,120.0,105.0,105.0,2483230.0
2024-01-30 20:00:00+00:00,105.0,108.0,103.0,104.0,766064.0
2024-01-31 00:00:00+00:00,104.0,110.0,104.0,109.0,499715.0
2024-01-31 04:00:00+00:00,109.0,115.0,109.0,114.0,1067030.0
2024-01-31 08:00:00+00:00,114.0,128.0,113.0,128.0,1398402.0
2024-01-31 12:00:00+00:00,128.0,132.0,122.0,129.0,1092525.0
2024-01-31 16:00:00+00:00,129.0,159.0,126.0,156.0,3254061.0
2024-01-31 20:00:00+00:00,156.0,159.0,149.0,150.0,992126.0
2024-02-01 00:00:00+00:00,150.0,215.0,149.0,212.0,2097312.0
2024-02-01 04:00:00+00:00,212.0,233.0,209.0,232.0,739679.0
2024-02-01 08:00:00+00:00,232.0,239.0,196.0,202.0,2084711.0
2024-02-01 12:00:00+00:00,202.0,204.0,169.0,170.0,1622076.0
2024-02-01 16:00:00+00:00,170.0,183.0,169.0,182.0,988721.0
2024-02-01 20:00:00+00:00,182.0,183.0,176.0,176.0,423592.0
2024-02-02 00:00:00+00:00,176.0,199.0,174.0,195.0,2726182.0
2024-02-02 04:00:00+00:00,195.0,212.0,193.0,209.0,658046.0
2024-02-02 08:00:00+00:00,209.0,211.0,207.0,207.0,766333.0
2024-02-02 12:00:00+00:00,207.0,207.0,181.0,181.0,1644056.0
2024-02-02 16:00:00+00:00,181.0,186.0,139.0,140.0,922914.0
2024-02-02 20:00:00+00:00,140.0,140.0,131.0,131.0,567724.0
2024-02-03 00:00:00+00:00,131.0,150.0,130.0,148.0,480061.0
2024-02-03 04:00:00+00:00,148.0,157.0,141.0,153.0,1576552.0
2024-02-03 08:00:00+00:00,153.0,154.0,124.0,125.0,1185893.0
2024-02-03 12:00:00+00:00,125.0,128.0,124.0,128.0,4671870.0
2024-02-03 16:00:00+00:00,128.0,138.0,127.0,135.0,715624.0
2024-02-03 20:00:00+00:00,135.0,143.0,133.0,142.0,6307548.0
2024-02-04 00:00:00+00:00,118.0,136.0,117.0,136.0,5795594.0
2024-02-04 04:00:00+00:00,120.0,131.0,115.0,131.0,8335098.0
2024-02-04 08:00:00+00:00,122.0,122.0,101.0,106.0,8533333.0
2024-02-04 12:00:00+00:00,101.0,108.0,101.0,107.0,1581398.0
2024-02-04 16:00:00+00:00,107.0,117.0,105.0,116.0,769823.0
2024-02-04 20:00:00+00:00,116.0,136.0,112.0,135.0,747134.0
2024-02-05 00:00:00+00:00,135.0,156.0,134.0,156.0,601295.0
2024-02-05 04:00:00+00:00,156.0,158.0,121.0,124.0,531782.0
2024-02-05 08:00:00+00:00,124.0,125.0,106.0,107.0,1094829.0
2024-02-05 12:00:00+00:00,107.0,115.0,106.0,115.0,1062684.0
2024-02-05 16:00:00+00:00,115.0,124.0,115.0,124.0,900446.0
2024-02-05 20:00:00+00:00,124.0,135.0,120.0,134.0,2300291.0
2024-02-06 00:00:00+00:00,134.0,212.0,134.0,211.0,5058089.0
2024-02-06 04:00:00+00:00,211.0,231.0,211.0,230.0,1066205.0
2024-02-06 08:00:00+00:00,230.0,270.0,229.0,269.0,617674.0
2024-02-06 12:00:00+00:00,269.0,316.0,265.0,308.0,1079366.0
2024-02-06 16:00:00+00:00,308.0,343.0,305.0,338.0,960764.0
2024-02-06 20:00:00+00:00,338.0,343.0,316.0,323.0,819453.0
2024-02-07 00:00:00+00:00,323.0,361.0,322.0,360.0,949043.0
2024-02-07 04:00:00+00:00,360.0,362.0,314.0,319.0,969450.0
2024-02-07 08:00:00+00:00,319.0,322.0,306.0,308.0,909041.0
2024-02-07 12:00:00+00:00,308.0,311.0,279.0,286.0,884018.0
2024-02-07 16:00:00+00:00,286.0,295.0,277.0,290.0,1154803.0
2024-02-07 20:00:00+00:00,290.0,390.0,290.0,390.0,2439613.0
2024-02-08 00:00:00+00:00,390.0,395.0,278.0,281.0,1164808.0
2024-02-08 04:00:00+00:00,281.0,311.0,281.0,310.0,2478145.0
2024-02-08 08:00:00+00:00,310.0,313.0,234.0,236.0,1054898.0
2024-02-08 12:00:00+00:00,236.0,236.0,218.0,219.0,538260.0
2024-02-08 16:00:00+00:00,219.0,256.0,218.0,255.0,1807039.0
2024-02-08 20:00:00+00:00,255.0,259.0,254.0,258.0,686214.0
2024-02-09 00:00:00+00:00,258.0,259.0,214.0,217.0,1734035.0
2024-02-09 04:00:00+00:00,217.0,218.0,193.0,194.0,396296.0
2024-02-09 08:00:00+00:00,194.0,196.0,162.0,163.0,16147458.0
2024-02-09 12:00:00+00:00,214.0,215.0,158.0,158.0,11397565.0
2024-02-09 16:00:00+00:00,191.0,197.0,173.0,173.0,3196098.0
2024-02-09 20:00:00+00:00,197.0,203.0,182.0,182.0,3005272.0
2024-02-10 00:00:00+00:00,199.0,199.0,169.0,169.0,18242145.0
2024-02-10 04:00:00+00:00,180.0,240.0,179.0,227.0,8367893.0
2024-02-10 08:00:00+00:00,238.0,265.0,236.0,261.0,849318.0
2024-02-10 12:00:00+00:00,261.0,262.0,181.0,182.0,614396.0
2024-02-10 16:00:00+00:00,182.0,187.0,182.0,187.0,912529.0
2024-02-10 20:00:00+00:00,187.0,188.0,168.0,169.0,1154980.0
2024-02-11 00:00:00+00:00,169.0,197.0,164.0,191.0,1983704.0
2024-02-11 04:00:00+00:00,191.0,192.0,166.0,168.0,672266.0
2024-02-11 08:00:00+00:00,168.0,171.0,164.0,166.0,490130.0
2024-02-11 12:00:00+00:00,166.0,181.0,165.0,178.0,1540227.0
2024-02-11 16:00:00+00:00,178.0,202.0,178.0,202.0,2304357.0
2024-02-11 20:00:00+00:00,202.0,203.0,165.0,166.0,700558.0
2024-02-12 00:00:00+00:00,166.0,169.0,156.0,157.0,1970136.0
2024-02-12 04:00:00+00:00,157.0,158.0,146.0,146.0,1233401.0
2024-02-12 08:00:00+00:00,146.0,147.0,132.0,132.0,2228102.0
2024-02-12 12:00:00+00:00,132.0,168.0,132.0,167.0,1735607.0
2024-02-12 16:00:00+00:00,167.0,179.0,166.0,178.0,335852.0
2024-02-12 20:00:00+00:00,178.0,181.0,136.0,144.0,1449860.0
2024-02-13 00:00:00+00:00,144.0,164.0,144.0,164.0,2405975.0
2024-02-13 04:00:00+00:00,164.0,218.0,163.0,217.0,1252353.0
2024-02-13 08:00:00+00:00,217.0,251.0,216.0,250.0,1208767.0
2024-02-13 12:00:00+00:00,250.0,260.0,187.0,194.0,1539150.0
2024-02-13 16:00:00+00:00,194.0,194.0,179.0,180.0,285093.0
2024-02-13 20:00:00+00:00,180.0,215.0,179.0,214.0,3627611.0
2024-02-14 00:00:00+00:00,214.0,217.0,189.0,192.0,838384.0
2024-02-14 04:00:00+00:00,192.0,208.0,191.0,204.0,1548292.0
2024-02-14 08:00:00+00:00,204.0,229.0,203.0,228.0,1293841.0
2024-02-14 12:00:00+00:00,228.0,229.0,196.0,197.0,2652914.0
2024-02-14 16:00:00+00:00,197.0,198.0,195.0,195.0,1254920.0
2024-02-14 20:00:00+00:00,195.0,196.0,101.0,102.0,2169374.0
2024-02-15 00:00:00+00:00,102.0,102.0,86.0,86.0,933100.0
2024-02-15 04:00:00+00:00,86.0,87.0,82.0,83.0,1656238.0
2024-02-15 08:00:00+00:00,83.0,83.0,67.0,67.0,611114.0
2024-02-15 12:00:00+00:00,67.0,84.0,67.0,84.0,2398711.0
2024-02-15 16:00:00+00:00,84.0,85.0,65.0,66.0,947527.0
2024-02-15 20:00:00+00:00,66.0,68.0,59.0,62.0,2237064.0
2024-02-16 00:00:00+00:00,62.0,63.0,61.0,63.0,1149826.0
2024-02-16 04:00:00+00:00,63.0,77.0,63.0,77.0,2274666.0
2024-02-16 08:00:00+00:00,77.0,77.0,60.0,60.0,1713196.0
2024-02-16 12:00:00+00:00,60.0,73.0,58.0,71.0,635002.0
2024-02-16 16:00:00+00:00,71.0,71.0,70.0,71.0,654309.0
2024-02-16 20:00:00+00:00,71.0,71.0,60.0,61.0,2006202.0
2024-02-17 00:00:00+00:00,61.0,65.0,60.0,65.0,1314493.0
2024-02-17 04:00:00+00:00,65.0,68.0,64.0,67.0,1969038.0
2024-02-17 08:00:00+00:00,67.0,67.0,60.0,61.0,1552255.0
2024-02-17 12:00:00+00:00,61.0,62.0,61.0,61.0,636837.0
2024-02-17 16:00:00+00:00,61.0,61.0,58.0,58.0,786234.0
2024-02-17 20:00:00+00:00,58.0,61.0,56.0,59.0,1107706.0
2024-02-18 00:00:00+00:00,59.0,65.0,59.0,65.0,407940.0
2024-02-18 04:00:00+00:00,65.0,81.0,64.0,80.0,3958674.0
2024-02-18 08:00:00+00:00,80.0,81.0,65.0,65.0,1940825.0
2024-02-18 12:00:00+00:00,65.0,87.0,64.0,86.0,3621091.0
2024-02-18 16:00:00+00:00,86.0,87.0,61.0,61.0,851958.0
2024-02-18 20:00:00+00:00,61.0,61.0,60.0,60.0,1989333.0
2024-02-19 00:00:00+00:00,60.0,65.0,59.0,65.0,3860072.0
2024-02-19 04:00:00+00:00,65.0,69.0,64.0,68.0,582175.0
2024-02-19 08:00:00+00:00,68.0,70.0,60.0,61.0,1882214.0
2024-02-19 12:00:00+00:00,61.0,61.0,59.0,59.0,1093981.0
2024-02-19 16:00:00+00:00,59.0,59.0,55.0,55.0,564386.0
2024-02-19 20:00:00+00:00,55.0,57.0,49.0,50.0,1618634.0
2024-02-20 00:00:00+00:00,50.0,58.0,50.0,57.0,2097198.0
2024-02-20 04:00:00+00:00,57.0,61.0,56.0,60.0,859333.0
2024-02-20 08:00:00+00:00,60.0,60.0,53.0,53.0,2350062.0
2024-02-20 12:00:00+00:00,53.0,61.0,53.0,61.0,610427.0
2024-02-20 16:00:00+00:00,61.0,64.0,60.0,63.0,538982.0
2024-02-20 20:00:00+00:00,63.0,72.0,63.0,71.0,1461986.0
2024-02-21 00:00:00+00:00,71.0,78.0,71.0,78.0,1299328.0
2024-02-21 04:00:00+00:00,78.0,78.0,68.0,68.0,959910.0
2024-02-21 08:00:00+00:00,68.0,68.0,62.0,62.0,1877669.0
2024-02-21 12:00:00+00:00,62.0,70.0,62.0,69.0,1741744.0
2024-02-21 16:00:00+00:00,69.0,76.0,69.0,76.0,1956637.0
2024-02-21 20:00:00+00:00,76.0,78.0,73.0,75.0,949828.0
2024-02-22 00:00:00+00:00,75.0,77.0,75.0,77.0,1420845.0
2024-02-22 04:00:00+00:00,77.0,92.0,75.0,91.0,1251597.0
2024-02-22 08:00:00+00:00,91.0,91.0,83.0,83.0,3538393.0
2024-02-22 12:00:00+00:00,83.0,91.0,82.0,90.0,829461.0
2024-02-22 16:00:00+00:00,90.0,91.0,82.0,87.0,3128960.0
2024-02-22 20:00:00+00:00,87.0,87.0,84.0,84.0,1118415.0
2024-02-23 00:00:00+00:00,84.0,98.0,84.0,98.0,750673.0
2024-02-23 04:00:00+00:00,98.0,111.0,97.0,110.0,2715561.0
2024-02-23 08:00:00+00:00,110.0,124.0,110.0,124.0,1453465.0
2024-02-23 12:00:00+00:00,124.0,150.0,122.0,148.0,2427479.0
2024-02-23 16:00:00+00:00,148.0,154.0,146.0,148.0,1858834.0
2024-02-23 20:00:00+00:00,148.0,164.0,148.0,163.0,1540345.0
2024-02-24 00:00:00+00:00,163.0,163.0,155.0,155.0,848648.0
2024-02-24 04:00:00+00:00,155.0,164.0,155.0,163.0,1863904.0
2024-02-24 08:00:00+00:00,163.0,165.0,157.0,159.0,1060560.0
2024-02-24 12:00:00+00:00,159.0,162.0,159.0,162.0,1468058.0
2024-02-24 16:00:00+00:00,162.0,178.0,160.0,176.0,430397.0
2024-02-24 20:00:00+00:00,176.0,178.0,154.0,154.0,1713001.0
2024-02-25 00:00:00+00:00,154.0,204.0,152.0,202.0,1409586.0
2024-02-25 04:00:00+00:00,202.0,203.0,172.0,172.0,3324522.0
2024-02-25 08:00:00+00:00,172.0,173.0,138.0,140.0,2114152.0
2024-02-25 12:00:00+00:00,140.0,165.0,140.0,165.0,1712853.0
2024-02-25 16:00:00+00:00,165.0,185.0,164.0,184.0,1727141.0
2024-02-25 20:00:00+00:00,184.0,205.0,180.0,201.0,776304.0
2024-02-26 00:00:00+00:00,201.0,223.0,199.0,220.0,2883773.0
2024-02-26 04:00:00+00:00,220.0,220.0,219.0,220.0,2726912.0
2024-02-26 08:00:00+00:00,220.0,220.0,189.0,190.0,1703597.0
2024-02-26 12:00:00+00:00,190.0,193.0,190.0,192.0,2285894.0
2024-02-26 16:00:00+00:00,192.0,193.0,172.0,173.0,980963.0
2024-02-26 20:00:00+00:00,173.0,198.0,172.0,198.0,964443.0
2024-02-27 00:00:00+00:00,198.0,198.0,193.0,193.0,1090380.0
2024-02-27 04:00:00+00:00,193.0,194.0,168.0,169.0,1706612.0
2024-02-27 08:00:00+00:00,169.0,172.0,159.0,161.0,941729.0
2024-02-27 12:00:00+00:00,161.0,173.0,160.0,171.0,1548811.0
2024-02-27 16:00:00+00:00,171.0,173.0,155.0,156.0,1463768.0
2024-02-27 20:00:00+00:00,156.0,156.0,137.0,137.0,832982.0
2024-02-28 00:00:00+00:00,137.0,148.0,135.0,142.0,1435426.0
2024-02-28 04:00:00+00:00,142.0,149.0,139.0,147.0,1706324.0
2024-02-28 08:00:00+00:00,147.0,150.0,134.0,136.0,1340480.0
2024-02-28 12:00:00+00:00,136.0,139.0,124.0,126.0,2160635.0
2024-02-28 16:00:00+00:00,126.0,134.0,123.0,130.0,599657.0
2024-02-28 20:00:00+00:00,130.0,131.0,101.0,102.0,2089849.0
2024-02-29 00:00:00+00:00,102.0,102.0,80.0,80.0,911068.0
2024-02-29 04:00:00+00:00,80.0,81.0,71.0,72.0,759398.0
2024-02-29 08:00:00+00:00,72.0,73.0,69.0,69.0,801138.0
2024-02-29 12:00:00+00:00,69.0,74.0,69.0,72.0,710324.0
2024-02-29 16:00:00+00:00,72.0,89.0,72.0,88.0,1263440.0
2024-02-29 20:00:00+00:00,88.0,100.0,88.0,100.0,1243228.0
2024-03-01 00:00:00+00:00,100.0,100.0,97.0,97.0,1632531.0
2024-03-01 04:00:00+00:00,97.0,100.0,95.0,97.0,860806.0
2024-03-01 08:00:00+00:00,97.0,98.0,82.0,82.0,654784.0
2024-03-01 12:00:00+00:00,82.0,83.0,82.0,82.0,1786902.0
2024-03-01 16:00:00+00:00,82.0,82.0,78.0,79.0,743673.0
2024-03-01 20:00:00+00:00,79.0,83.0,78.0,82.0,1110003.0
2024-03-02 00:00:00+00:00,82.0,85.0,71.0,72.0,1718197.0
2024-03-02 04:00:00+00:00,72.0,78.0,71.0,78.0,1360852.0
2024-03-02 08:00:00+00:00,78.0,96.0,76.0,95.0,2916594.0
2024-03-02 12:00:00+00:00,95.0,96.0,94.0,94.0,1335448.0
2024-03-02 16:00:00+00:00,94.0,100.0,93.0,99.0,765631.0
2024-03-02 20:00:00+00:00,99.0,110.0,99.0,110.0,3889102.0
2024-03-03 00:00:00+00:00,110.0,112.0,102.0,103.0,1303248.0
2024-03-03 04:00:00+00:00,103.0,107.0,103.0,106.0,1020797.0
2024-03-03 08:00:00+00:00,106.0,107.0,105.0,106.0,1625217.0
2024-03-03 12:00:00+00:00,106.0,109.0,105.0,108.0,1179622.0
2024-03-03 16:00:00+00:00,108.0,113.0,95.0,96.0,1639100.0
2024-03-03 20:00:00+00:00,96.0,96.0,96.0,96.0,3508427.0
2024-03-04 00:00:00+00:00,96.0,105.0,94.0,103.0,1062275.0
2024-03-04 04:00:00+00:00,103.0,126.0,102.0,125.0,1408594.0
2024-03-04 08:00:00+00:00,125.0,144.0,124.0,143.0,1515653.0
2024-03-04 12:00:00+00:00,143.0,189.0,143.0,189.0,3361299.0
2024-03-04 16:00:00+00:00,189.0,190.0,167.0,167.0,634247.0
2024-03-04 20:00:00+00:00,167.0,191.0,166.0,189.0,520528.0
2024-03-05 00:00:00+00:00,189.0,194.0,189.0,194.0,805826.0
2024-03-05 04:00:00+00:00,194.0,260.0,193.0,258.0,876343.0
2024-03-05 08:00:00+00:00,258.0,268.0,223.0,227.0,1104117.0
2024-03-05 12:00:00+00:00,227.0,227.0,198.0,198.0,1773572.0
2024-03-05 16:00:00+00:00,198.0,200.0,176.0,180.0,814413.0
2024-03-05 20:00:00+00:00,180.0,181.0,122.0,123.0,959046.0
2024-03-06 00:00:00+00:00,123.0,124.0,112.0,113.0,1281850.0
2024-03-06 04:00:00+00:00,113.0,113.0,100.0,100.0,2067419.0
2024-03-06 08:00:00+00:00,100.0,102.0,100.0,102.0,456834.0
2024-03-06 12:00:00+00:00,102.0,107.0,102.0,107.0,1736028.0
2024-03-06 16:00:00+00:00,107.0,138.0,107.0,138.0,2773020.0
2024-03-06 20:00:00+00:00,138.0,157.0,137.0,157.0,2298093.0
2024-03-07 00:00:00+00:00,157.0,159.0,142.0,143.0,2319094.0
2024-03-07 04:00:00+00:00,143.0,147.0,122.0,124.0,4227200.0
2024-03-07 08:00:00+00:00,124.0,135.0,121.0,133.0,1021003.0
2024-03-07 12:00:00+00:00,133.0,135.0,106.0,107.0,1685317.0
2024-03-07 16:00:00+00:00,107.0,136.0,107.0,136.0,1480177.0
2024-03-07 20:00:00+00:00,136.0,161.0,136.0,160.0,1530938.0
2024-03-08 00:00:00+00:00,160.0,161.0,148.0,149.0,2609254.0
2024-03-08 04:00:00+00:00,149.0,149.0,110.0,110.0,904576.0
2024-03-08 08:00:00+00:00,110.0,134.0,110.0,133.0,1045456.0
2024-03-08 12:00:00+00:00,133.0,133.0,129.0,130.0,2096006.0
2024-03-08 16:00:00+00:00,130.0,155.0,130.0,154.0,2586309.0
2024-03-08 20:00:00+00:00,154.0,155.0,117.0,117.0,1433338.0
2024-03-09 00:00:00+00:00,117.0,119.0,104.0,107.0,1948266.0
2024-03-09 04:00:00+00:00,107.0,109.0,106.0,107.0,1187419.0
2024-03-09 08:00:00+00:00,107.0,108.0,107.0,108.0,2158838.0
2024-03-09 12:00:00+00:00,108.0,110.0,98.0,100.0,1243860.0
2024-03-09 16:00:00+00:00,100.0,114.0,98.0,110.0,2136136.0
2024-03-09 20:00:00+00:00,110.0,110.0,92.0,92.0,5551718.0
2024-03-10 00:00:00+00:00,92.0,92.0,90.0,90.0,1436506.0
2024-03-10 04:00:00+00:00,90.0,92.0,90.0,92.0,1079183.0
2024-03-10 08:00:00+00:00,92.0,102.0,89.0,99.0,1763451.0
2024-03-10 12:00:00+00:00,99.0,110.0,96.0,109.0,1098911.0
2024-03-10 16:00:00+00:00,109.0,109.0,91.0,91.0,4974060.0
2024-03-10 20:00:00+00:00,91.0,91.0,69.0,70.0,1850816.0
2024-03-11 00:00:00+00:00,70.0,84.0,70.0,83.0,1373081.0
2024-03-11 04:00:00+00:00,83.0,88.0,83.0,87.0,756204.0
2024-03-11 08:00:00+00:00,87.0,87.0,77.0,77.0,2315746.0
2024-03-11 12:00:00+00:00,77.0,97.0,76.0,95.0,2617974.0
2024-03-11 16:00:00+00:00,95.0,98.0,94.0,97.0,819555.0
2024-03-11 20:00:00+00:00,97.0,117.0,96.0,114.0,2036739.0
2024-03-12 00:00:00+00:00,114.0,119.0,113.0,115.0,484110.0
2024-03-12 04:00:00+00:00,115.0,153.0,114.0,151.0,2102502.0
2024-03-12 08:00:00+00:00,151.0,191.0,150.0,190.0,2243189.0
2024-03-12 12:00:00+00:00,190.0,191.0,180.0,183.0,2614040.0
2024-03-12 16:00:00+00:00,183.0,210.0,183.0,209.0,976751.0
2024-03-12 20:00:00+00:00,209.0,231.0,206.0,230.0,680363.0
2024-03-13 00:00:00+00:00,230.0,277.0,229.0,277.0,1031924.0
2024-03-13 04:00:00+00:00,277.0,281.0,235.0,237.0,735785.0
2024-03-13 08:00:00+00:00,237.0,262.0,236.0,261.0,2550872.0
2024-03-13 12:00:00+00:00,261.0,302.0,260.0,302.0,3199521.0
2024-03-13 16:00:00+00:00,302.0,302.0,222.0,222.0,2103993.0
2024-03-13 20:00:00+00:00,222.0,222.0,183.0,183.0,2824619.0
2024-03-14 00:00:00+00:00,183.0,186.0,126.0,127.0,2051912.0
2024-03-14 04:00:00+00:00,127.0,128.0,120.0,122.0,1070446.0
2024-03-14 08:00:00+00:00,122.0,135.0,121.0,135.0,1118807.0
2024-03-14 12:00:00+00:00,135.0,165.0,134.0,165.0,1433922.0
2024-03-14 16:00:00+00:00,165.0,167.0,165.0,167.0,475928.0
2024-03-14 20:00:00+00:00,167.0,207.0,167.0,207.0,1967975.0
2024-03-15 00:00:00+00:00,207.0,207.0,164.0,164.0,1590145.0
2024-03-15 04:00:00+00:00,164.0,168.0,120.0,122.0,2566535.0
2024-03-15 08:00:00+00:00,122.0,122.0,121.0,121.0,1075700.0
2024-03-15 12:00:00+00:00,121.0,128.0,120.0,128.0,1078010.0
2024-03-15 16:00:00+00:00,128.0,128.0,127.0,127.0,657451.0
2024-03-15 20:00:00+00:00,127.0,127.0,88.0,88.0,1990419.0
2024-03-16 00:00:00+00:00,88.0,89.0,86.0,87.0,1506937.0
2024-03-16 04:00:00+00:00,87.0,88.0,69.0,70.0,894540.0
2024-03-16 08:00:00+00:00,70.0,77.0,70.0,77.0,1357666.0
2024-03-16 12:00:00+00:00,77.0,81.0,77.0,81.0,1306884.0
2024-03-16 16:00:00+00:00,81.0,82.0,69.0,70.0,995023.0
2024-03-16 20:00:00+00:00,70.0,70.0,64.0,64.0,919106.0
2024-03-17 00:00:00+00:00,64.0,64.0,54.0,54.0,1659312.0
2024-03-17 04:00:00+00:00,54.0,56.0,52.0,53.0,584528.0
2024-03-17 08:00:00+00:00,53.0,61.0,53.0,61.0,1695661.0
2024-03-17 12:00:00+00:00,61.0,61.0,51.0,52.0,923944.0
2024-03-17 16:00:00+00:00,52.0,56.0,52.0,56.0,2083620.0
2024-03-17 20:00:00+00:00,56.0,56.0,51.0,51.0,3993520.0
2024-03-18 00:00:00+00:00,51.0,52.0,45.0,45.0,883726.0
2024-03-18 04:00:00+00:00,45.0,46.0,44.0,44.0,1372070.0
2024-03-18 08:00:00+00:00,44.0,45.0,37.0,38.0,1019108.0
2024-03-18 12:00:00+00:00,38.0,38.0,34.0,34.0,2106104.0
2024-03-18 16:00:00+00:00,34.0,35.0,28.0,28.0,818822.0
2024-03-18 20:00:00+00:00,28.0,37.0,28.0,36.0,2392740.0
2024-03-19 00:00:00+00:00,36.0,38.0,36.0,37.0,654917.0
2024-03-19 04:00:00+00:00,37.0,37.0,32.0,33.0,1184040.0
2024-03-19 08:00:00+00:00,33.0,34.0,33.0,34.0,653126.0
2024-03-19 12:00:00+00:00,34.0,34.0,33.0,33.0,1588895.0
2024-03-19 16:00:00+00:00,33.0,34.0,32.0,32.0,724956.0
2024-03-19 20:00:00+00:00,32.0,35.0,32.0,35.0,1678366.0
2024-03-20 00:00:00+00:00,35.0,39.0,35.0,39.0,1126548.0
2024-03-20 04:00:00+00:00,39.0,39.0,36.0,36.0,1172543.0
2024-03-20 08:00:00+00:00,36.0,36.0,32.0,33.0,1358825.0
2024-03-20 12:00:00+00:00,33.0,33.0,31.0,31.0,769846.0
2024-03-20 16:00:00+00:00,31.0,31.0,20.0,20.0,2265046.0
2024-03-20 20:00:00+00:00,20.0,21.0,16.0,16.0,3621497.0
2024-03-21 00:00:00+00:00,16.0,19.0,16.0,19.0,1092427.0
2024-03-21 04:00:00+00:00,19.0,24.0,19.0,24.0,3120812.0
2024-03-21 08:00:00+00:00,24.0,24.0,23.0,23.0,2358845.0
2024-03-21 12:00:00+00:00,23.0,25.0,23.0,25.0,835261.0
2024-03-21 16:00:00+00:00,25.0,26.0,24.0,26.0,549159.0
2024-03-21 20:00:00+00:00,26.0,38.0,26.0,38.0,2770345.0
2024-03-22 00:00:00+00:00,38.0,44.0,38.0,44.0,1141131.0
2024-03-22 04:00:00+00:00,44.0,44.0,43.0,43.0,2700778.0
2024-03-22 08:00:00+00:00,43.0,43.0,36.0,37.0,1457311.0
2024-03-22 12:00:00+00:00,37.0,37.0,27.0,28.0,1156004.0
2024-03-22 16:00:00+00:00,28.0,29.0,28.0,29.0,613073.0
2024-03-22 20:00:00+00:00,29.0,29.0,26.0,26.0,2317753.0
2024-03-23 00:00:00+00:00,26.0,26.0,20.0,20.0,1235347.0
2024-03-23 04:00:00+00:00,20.0,20.0,18.0,18.0,1323358.0
2024-03-23 08:00:00+00:00,18.0,18.0,15.0,15.0,2403628.0
2024-03-23 12:00:00+00:00,15.0,19.0,15.0,19.0,1377928.0
2024-03-23 16:00:00+00:00,19.0,22.0,18.0,21.0,1361290.0
2024-03-23 20:00:00+00:00,21.0,21.0,21.0,21.0,999136.0
2024-03-24 00:00:00+00:00,21.0,26.0,21.0,26.0,2324954.0
2024-03-24 04:00:00+00:00,26.0,27.0,26.0,26.0,1385133.0
2024-03-24 08:00:00+00:00,26.0,26.0,23.0,23.0,1243108.0
2024-03-24 12:00:00+00:00,23.0,28.0,23.0,28.0,1735794.0
2024-03-24 16:00:00+00:00,28.0,31.0,28.0,30.0,1028406.0
2024-03-24 20:00:00+00:00,30.0,31.0,25.0,26.0,702576.0
2024-03-25 00:00:00+00:00,26.0,26.0,25.0,25.0,1239508.0
2024-03-25 04:00:00+00:00,25.0,25.0,21.0,21.0,3601024.0
2024-03-25 08:00:00+00:00,21.0,22.0,17.0,17.0,1045492.0
2024-03-25 12:00:00+00:00,17.0,20.0,17.0,19.0,959788.0
2024-03-25 16:00:00+00:00,19.0,25.0,19.0,25.0,1200301.0
2024-03-25 20:00:00+00:00,25.0,25.0,20.0,20.0,2346744.0
2024-03-26 00:00:00+00:00,20.0,21.0,20.0,21.0,1563173.0
2024-03-26 04:00:00+00:00,21.0,22.0,19.0,19.0,1198133.0
2024-03-26 08:00:00+00:00,19.0,19.0,18.0,18.0,773079.0
2024-03-26 12:00:00+00:00,18.0,18.0,16.0,16.0,1330853.0
2024-03-26 16:00:00+00:00,16.0,17.0,13.0,14.0,637089.0
2024-03-26 20:00:00+00:00,14.0,14.0,14.0,14.0,1093276.0
2024-03-27 00:00:00+00:00,14.0,14.0,12.0,12.0,2123438.0
2024-03-27 04:00:00+00:00,12.0,13.0,12.0,13.0,597788.0
2024-03-27 08:00:00+00:00,13.0,13.0,13.0,13.0,477217.0
2024-03-27 12:00:00+00:00,13.0,13.0,12.0,12.0,2446391.0
2024-03-27 16:00:00+00:00,12.0,12.0,11.0,11.0,1040000.0
2024-03-27 20:00:00+00:00,11.0,11.0,9.0,10.0,2230133.0
2024-03-28 00:00:00+00:00,10.0,11.0,10.0,11.0,1236737.0
2024-03-28 04:00:00+00:00,11.0,12.0,11.0,11.0,1126230.0
2024-03-28 08:00:00+00:00,11.0,12.0,10.0,10.0,1798004.0
2024-03-28 12:00:00+00:00,10.0,10.0,10.0,10.0,668804.0
2024-03-28 16:00:00+00:00,10.0,11.0,10.0,11.0,1422576.0
2024-03-28 20:00:00+00:00,11.0,11.0,8.0,8.0,1450533.0
2024-03-29 00:00:00+00:00,8.0,9.0,8.0,9.0,640945.0
2024-03-29 04:00:00+00:00,9.0,9.0,8.0,8.0,1541645.0
2024-03-29 08:00:00+00:00,8.0,9.0,8.0,9.0,1098176.0
2024-03-29 12:00:00+00:00,9.0,9.0,8.0,8.0,1245757.0
2024-03-29 16:00:00+00:00,8.0,8.0,6.0,6.0,991706.0
2024-03-29 20:00:00+00:00,6.0,6.0,4.0,4.0,3847800.0
2024-03-30 00:00:00+00:00,4.0,4.0,4.0,4.0,1577574.0
2024-03-30 04:00:00+00:00,4.0,4.0,4.0,4.0,1799949.0
2024-03-30 08:00:00+00:00,4.0,4.0,4.0,4.0,1210059.0
2024-03-30 12:00:00+00:00,4.0,4.0,4.0,4.0,540648.0
2024-03-30 16:00:00+00:00,4.0,4.0,3.0,3.0,4650284.0
2024-03-30 20:00:00+00:00,3.0,3.0,3.0,3.0,1002412.0
2024-03-31 00:00:00+00:00,3.0,3.0,3.0,3.0,1061579.0
2024-03-31 04:00:00+00:00,3.0,3.0,2.0,2.0,1597538.0
2024-03-31 08:00:00+00:00,2.0,2.0,2.0,2.0,1824114.0
2024-03-31 12:00:00+00:00,2.0,2.0,2.0,2.0,1369968.0
2024-03-31 16:00:00+00:00,2.0,2.0,2.0,2.0,2229802.0
2024-03-31 20:00:00+00:00,2.0,2.0,2.0,2.0,2490803.0
2024-04-01 00:00:00+00:00,2.0,2.0,2.0,2.0,737371.0
2024-04-01 04:00:00+00:00,2.0,2.0,2.0,2.0,980064.0
2024-04-01 08:00:00+00:00,2.0,2.0,2.0,2.0,2440023.0
2024-04-01 12:00:00+00:00,2.0,2.0,2.0,2.0,318182.0
2024-04-01 16:00:00+00:00,2.0,2.0,2.0,2.0,1527000.0
2024-04-01 20:00:00+00:00,2.0,2.0,1.0,2.0,1034410.0
2024-04-02 00:00:00+00:00,2.0,2.0,1.0,1.0,1073006.0
2024-04-02 04:00:00+00:00,1.0,1.0,1.0,1.0,1082235.0
2024-04-02 08:00:00+00:00,1.0,1.0,1.0,1.0,914885.0
2024-04-02 12:00:00+00:00,1.0,2.0,1.0,1.0,883215.0
2024-04-02 16:00:00+00:00,1.0,2.0,1.0,1.0,736460.0
2024-04-02 20:00:00+00:00,1.0,1.0,1.0,1.0,3259228.0
2024-04-03 00:00:00+00:00,1.0,1.0,1.0,1.0,2727597.0
2024-04-03 04:00:00+00:00,1.0,2.0,1.0,2.0,849417.0
2024-04-03 08:00:00+00:00,2.0,2.0,2.0,2.0,2452549.0
2024-04-03 12:00:00+00:00,2.0,2.0,2.0,2.0,941300.0
2024-04-03 16:00:00+00:00,2.0,2.0,2.0,2.0,1267053.0
2024-04-03 20:00:00+00:00,2.0,2.0,1.0,1.0,1183755.0
2024-04-04 00:00:00+00:00,1.0,1.0,1.0,1.0,860632.0
2024-04-04 04:00:00+00:00,1.0,1.0,1.0,1.0,1922102.0
2024-04-04 08:00:00+00:00,1.0,1.0,1.0,1.0,1269024.0
2024-04-04 12:00:00+00:00,1.0,1.0,1.0,1.0,889088.0
2024-04-04 16:00:00+00:00,1.0,2.0,1.0,2.0,1006234.0
2024-04-04 20:00:00+00:00,2.0,2.0,2.0,2.0,889184.0
2024-04-05 00:00:00+00:00,2.0,2.0,2.0,2.0,505524.0
2024-04-05 04:00:00+00:00,2.0,2.0,2.0,2.0,1548180.0
2024-04-05 08:00:00+00:00,2.0,2.0,2.0,2.0,651624.0
2024-04-05 12:00:00+00:00,2.0,2.0,2.0,2.0,1680218.0
2024-04-05 16:00:00+00:00,2.0,2.0,1.0,1.0,2886962.0
2024-04-05 20:00:00+00:00,1.0,1.0,1.0,1.0,3357641.0
2024-04-06 00:00:00+00:00,1.0,1.0,1.0,1.0,1141044.0
2024-04-06 04:00:00+00:00,1.0,1.0,1.0,1.0,964032.0
2024-04-06 08:00:00+00:00,1.0,1.0,1.0,1.0,4458460.0
2024-04-06 12:00:00+00:00,1.0,1.0,1.0,1.0,1486731.0
2024-04-06 16:00:00+00:00,1.0,1.0,1.0,1.0,933474.0
2024-04-06 20:00:00+00:00,1.0,1.0,1.0,1.0,672595.0
2024-04-07 00:00:00+00:00,1.0,1.0,1.0,1.0,2430457.0
2024-04-07 04:00:00+00:00,1.0,1.0,1.0,1.0,1672989.0
2024-04-07 08:00:00+00:00,1.0,1.0,1.0,1.0,981522.0
2024-04-07 12:00:00+00:00,1.0,1.0,1.0,1.0,1927272.0
2024-04-07 16:00:00+00:00,1.0,1.0,1.0,1.0,1262336.0
2024-04-07 20:00:00+00:00,1.0,1.0,1.0,1.0,1050452.0
2024-04-08 00:00:00+00:00,1.0,1.0,1.0,1.0,342284.0
2024-04-08 04:00:00+00:00,1.0,1.0,1.0,1.0,1149464.0
2024-04-08 08:00:00+00:00,1.0,1.0,1.0,1.0,3282061.0
2024-04-08 12:00:00+00:00,1.0,1.0,1.0,1.0,788705.0
2024-04-08 16:00:00+00:00,1.0,1.0,1.0,1.0,1140991.0
2024-04-08 20:00:00+00:00,1.0,1.0,1.0,1.0,827046.0
2024-04-09 00:00:00+00:00,1.0,1.0,1.0,1.0,1655619.0
2024-04-09 04:00:00+00:00,1.0,1.0,1.0,1.0,1232623.0
2024-04-09 08:00:00+00:00,1.0,1.0,1.0,1.0,866123.0
2024-04-09 12:00:00+00:00,1.0,1.0,1.0,1.0,2009740.0
2024-04-09 16:00:00+00:00,1.0,1.0,1.0,1.0,1929779.0
2024-04-09 20:00:00+00:00,1.0,1.0,1.0,1.0,898401.0
2024-04-10 00:00:00+00:00,1.0,1.0,1.0,1.0,1475458.0
2024-04-10 04:00:00+00:00,1.0,1.0,1.0,1.0,1919443.0
2024-04-10 08:00:00+00:00,1.0,1.0,1.0,1.0,1694693.0
2024-04-10 12:00:00+00:00,1.0,1.0,1.0,1.0,480539.0
2024-04-10 16:00:00+00:00,1.0,1.0,1.0,1.0,2382037.0
2024-04-10 20:00:00+00:00,1.0,1.0,1.0,1.0,902140.0
2024-04-11 00:00:00+00:00,1.0,1.0,1.0,1.0,978593.0
2024-04-11 04:00:00+00:00,1.0,1.0,1.0,1.0,5015454.0
2024-04-11 08:00:00+00:00,1.0,1.0,1.0,1.0,1644778.0
2024-04-11 12:00:00+00:00,1.0,1.0,1.0,1.0,1147490.0
2024-04-11 16:00:00+00:00,1.0,1.0,1.0,1.0,534756.0
2024-04-11 20:00:00+00:00,1.0,1.0,1.0,1.0,2377730.0
2024-04-12 00:00:00+00:00,1.0,2.0,1.0,2.0,941829.0
2024-04-12 04:00:00+00:00,2.0,2.0,2.0,2.0,815815.0
2024-04-12 08:00:00+00:00,2.0,2.0,1.0,1.0,1321157.0
2024-04-12 12:00:00+00:00,1.0,1.0,1.0,1.0,3653629.0
2024-04-12 16:00:00+00:00,1.0,1.0,1.0,1.0,2464370.0
2024-04-12 20:00:00+00:00,1.0,1.0,1.0,1.0,1197141.0
2024-04-13 00:00:00+00:00,1.0,1.0,1.0,1.0,1194662.0
2024-04-13 04:00:00+00:00,1.0,1.0,1.0,1.0,833704.0
2024-04-13 08:00:00+00:00,1.0,1.0,1.0,1.0,1614274.0
2024-04-13 12:00:00+00:00,1.0,1.0,1.0,1.0,2180181.0
2024-04-13 16:00:00+00:00,1.0,2.0,1.0,1.0,1719384.0
2024-04-13 20:00:00+00:00,1.0,2.0,1.0,2.0,1703305.0
2024-04-14 00:00:00+00:00,2.0,2.0,1.0,2.0,1696207.0
2024-04-14 04:00:00+00:00,2.0,2.0,2.0,2.0,1015866.0
2024-04-14 08:00:00+00:00,2.0,2.0,2.0,2.0,1596790.0
2024-04-14 12:00:00+00:00,2.0,2.0,2.0,2.0,1293616.0
2024-04-14 16:00:00+00:00,2.0,2.0,2.0,2.0,706429.0
2024-04-14 20:00:00+00:00,2.0,2.0,2.0,2.0,1510662.0
2024-04-15 00:00:00+00:00,2.0,3.0,2.0,3.0,1676063.0
2024-04-15 04:00:00+00:00,3.0,3.0,3.0,3.0,2708486.0
2024-04-15 08:00:00+00:00,3.0,3.0,3.0,3.0,1121026.0
2024-04-15 12:00:00+00:00,3.0,3.0,3.0,3.0,788864.0
2024-04-15 16:00:00+00:00,3.0,3.0,3.0,3.0,1085675.0
2024-04-15 20:00:00+00:00,3.0,3.0,3.0,3.0,1086170.0
2024-04-16 00:00:00+00:00,3.0,3.0,3.0,3.0,1631275.0
2024-04-16 04:00:00+00:00,3.0,3.0,2.0,2.0,2788269.0
2024-04-16 08:00:00+00:00,2.0,3.0,2.0,3.0,2812171.0
2024-04-16 12:00:00+00:00,3.0,3.0,3.0,3.0,794822.0
2024-04-16 16:00:00+00:00,3.0,3.0,3.0,3.0,874905.0
2024-04-16 20:00:00+00:00,3.0,3.0,2.0,2.0,864433.0
2024-04-17 00:00:00+00:00,2.0,2.0,2.0,2.0,2472522.0
2024-04-17 04:00:00+00:00,2.0,2.0,2.0,2.0,2830558.0
2024-04-17 08:00:00+00:00,2.0,2.0,2.0,2.0,883523.0
2024-04-17 12:00:00+00:00,2.0,2.0,1.0,2.0,1394973.0
2024-04-17 16:00:00+00:00,2.0,2.0,1.0,1.0,3292927.0
2024-04-17 20:00:00+00:00,1.0,1.0,1.0,1.0,1480541.0
2024-04-18 00:00:00+00:00,1.0,1.0,1.0,1.0,2179400.0
2024-04-18 04:00:00+00:00,1.0,1.0,1.0,1.0,615032.0
2024-04-18 08:00:00+00:00,1.0,1.0,1.0,1.0,2352064.0
2024-04-18 12:00:00+00:00,1.0,1.0,1.0,1.0,697141.0
2024-04-18 16:00:00+00:00,1.0,1.0,1.0,1.0,636156.0
2024-04-18 20:00:00+00:00,1.0,1.0,1.0,1.0,1860235.0
2024-04-19 00:00:00+00:00,1.0,1.0,1.0,1.0,763464.0
2024-04-19 04:00:00+00:00,1.0,1.0,1.0,1.0,986048.0
2024-04-19 08:00:00+00:00,1.0,1.0,1.0,1.0,638892.0
2024-04-19 12:00:00+00:00,1.0,1.0,1.0,1.0,2960730.0
2024-04-19 16:00:00+00:00,1.0,1.0,1.0,1.0,2650251.0
2024-04-19 20:00:00+00:00,1.0,1.0,1.0,1.0,422992.0
2024-04-20 00:00:00+00:00,1.0,1.0,1.0,1.0,2441514.0
2024-04-20 04:00:00+00:00,1.0,1.0,1.0,1.0,1439648.0
2024-04-20 08:00:00+00:00,1.0,1.0,1.0,1.0,1577382.0
2024-04-20 12:00:00+00:00,1.0,1.0,1.0,1.0,973301.0
2024-04-20 16:00:00+00:00,1.0,1.0,1.0,1.0,1024263.0
2024-04-20 20:00:00+00:00,1.0,1.0,1.0,1.0,990884.0
2024-04-21 00:00:00+00:00,1.0,1.0,1.0,1.0,1947383.0
2024-04-21 04:00:00+00:00,1.0,1.0,1.0,1.0,672884.0
2024-04-21 08:00:00+00:00,1.0,1.0,1.0,1.0,1687457.0
2024-04-21 12:00:00+00:00,1.0,1.0,1.0,1.0,1758484.0
2024-04-21 16:00:00+00:00,1.0,1.0,1.0,1.0,1774629.0
2024-04-21 20:00:00+00:00,1.0,1.0,1.0,1.0,4220510.0
2024-04-22 00:00:00+00:00,1.0,1.0,1.0,1.0,804982.0
2024-04-22 04:00:00+00:00,1.0,1.0,1.0,1.0,1796748.0
2024-04-22 08:00:00+00:00,1.0,1.0,1.0,1.0,1590881.0
2024-04-22 12:00:00+00:00,1.0,1.0,1.0,1.0,4061738.0
2024-04-22 16:00:00+00:00,1.0,1.0,1.0,1.0,1486165.0
2024-04-22 20:00:00+00:00,1.0,1.0,1.0,1.0,1286164.0
2024-04-23 00:00:00+00:00,1.0,1.0,0.0,0.0,3712756.0
2024-04-23 04:00:00+00:00,0.0,1.0,0.0,0.0,902188.0
2024-04-23 08:00:00+00:00,0.0,0.0,0.0,0.0,575598.0
2024-04-23 12:00:00+00:00,0.0,0.0,0.0,0.0,1260929.0
2024-04-23 16:00:00+00:00,0.0,0.0,0.0,0.0,1838936.0
2024-04-23 20:00:00+00:00,0.0,0.0,0.0,0.0,3006968.0
2024-04-24 00:00:00+00:00,0.0,0.0,0.0,0.0,1891318.0
2024-04-24 04:00:00+00:00,0.0,0.0,0.0,0.0,2748048.0
2024-04-24 08:00:00+00:00,0.0,0.0,0.0,0.0,797506.0
2024-04-24 12:00:00+00:00,0.0,0.0,0.0,0.0,1061832.0
2024-04-24 16:00:00+00:00,0.0,0.0,0.0,0.0,1304996.0
2024-04-24 20:00:00+00:00,0.0,0.0,0.0,0.0,1166743.0
2024-04-25 00:00:00+00:00,0.0,0.0,0.0,0.0,1273141.0
2024-04-25 04:00:00+00:00,0.0,0.0,0.0,0.0,2188827.0
2024-04-25 08:00:00+00:00,0.0,0.0,0.0,0.0,1057849.0
2024-04-25 12:00:00+00:00,0.0,0.0,0.0,0.0,1187407.0
2024-04-25 16:00:00+00:00,0.0,0.0,0.0,0.0,1142135.0
2024-04-25 20:00:00+00:00,0.0,0.0,0.0,0.0,831096.0
2024-04-26 00:00:00+00:00,0.0,0.0,0.0,0.0,1134065.0
2024-04-26 04:00:00+00:00,0.0,0.0,0.0,0.0,1081433.0
2024-04-26 08:00:00+00:00,0.0,0.0,0.0,0.0,1401568.0
2024-04-26 12:00:00+00:00,0.0,0.0,0.0,0.0,1509799.0
2024-04-26 16:00:00+00:00,0.0,0.0,0.0,0.0,1326906.0
2024-04-26 20:00:00+00:00,0.0,0.0,0.0,0.0,1021011.0
2024-04-27 00:00:00+00:00,0.0,0.0,0.0,0.0,2151897.0
2024-04-27 04:00:00+00:00,0.0,0.0,0.0,0.0,639301.0
2024-04-27 08:00:00+00:00,0.0,0.0,0.0,0.0,1089598.0
2024-04-27 12:00:00+00:00,0.0,0.0,0.0,0.0,5686175.0
2024-04-27 16:00:00+00:00,0.0,0.0,0.0,0.0,644332.0
2024-04-27 20:00:00+00:00,0.0,0.0,0.0,0.0,627478.0
2024-04-28 00:00:00+00:00,0.0,0.0,0.0,0.0,2126039.0
2024-04-28 04:00:00+00:00,0.0,0.0,0.0,0.0,465960.0
2024-04-28 08:00:00+00:00,0.0,0.0,0.0,0.0,1451982.0
2024-04-28 12:00:00+00:00,0.0,0.0,0.0,0.0,4970305.0
2024-04-28 16:00:00+00:00,0.0,0.0,0.0,0.0,588105.0
2024-04-28 20:00:00+00:00,0.0,0.0,0.0,0.0,584870.0
2024-04-29 00:00:00+00:00,0.0,0.0,0.0,0.0,846026.0
2024-04-29 04:00:00+00:00,0.0,0.0,0.0,0.0,3034074.0
2024-04-29 08:00:00+00:00,0.0,0.0,0.0,0.0,3095747.0
2024-04-29 12:00:00+00:00,0.0,0.0,0.0,0.0,847962.0
2024-04-29 16:00:00+00:00,0.0,0.0,0.0,0.0,1467394.0
2024-04-29 20:00:00+00:00,0.0,0.0,0.0,0.0,2490284.0
2024-04-30 00:00:00+00:00,0.0,0.0,0.0,0.0,2885056.0
2024-04-30 04:00:00+00:00,0.0,0.0,0.0,0.0,898344.0
2024-04-30 08:00:00+00:00,0.0,0.0,0.0,0.0,471714.0
2024-04-30 12:00:00+00:00,0.0,0.0,0.0,0.0,698061.0
2024-04-30 16:00:00+00:00,0.0,0.0,0.0,0.0,862959.0
2024-04-30 20:00:00+00:00,0.0,0.0,0.0,0.0,1020620.0
2024-05-01 00:00:00+00:00,0.0,0.0,0.0,0.0,932744.0
2024-05-01 04:00:00+00:00,0.0,0.0,0.0,0.0,1991203.0
2024-05-01 08:00:00+00:00,0.0,0.0,0.0,0.0,3344543.0
2024-05-01 12:00:00+00:00,0.0,0.0,0.0,0.0,1473472.0
2024-05-01 16:00:00+00:00,0.0,0.0,0.0,0.0,2313282.0
2024-05-01 20:00:00+00:00,0.0,0.0,0.0,0.0,1289241.0
2024-05-02 00:00:00+00:00,0.0,0.0,0.0,0.0,1116962.0
2024-05-02 04:00:00+00:00,0.0,0.0,0.0,0.0,1588595.0
2024-05-02 08:00:00+00:00,0.0,0.0,0.0,0.0,1198023.0
2024-05-02 12:00:00+00:00,0.0,0.0,0.0,0.0,3473625.0
2024-05-02 16:00:00+00:00,0.0,0.0,0.0,0.0,657034.0
2024-05-02 20:00:00+00:00,0.0,0.0,0.0,0.0,842213.0
2024-05-03 00:00:00+00:00,0.0,0.0,0.0,0.0,1350497.0
2024-05-03 04:00:00+00:00,0.0,0.0,0.0,0.0,1476627.0
2024-05-03 08:00:00+00:00,0.0,0.0,0.0,0.0,3326214.0
2024-05-03 12:00:00+00:00,0.0,0.0,0.0,0.0,1447098.0
2024-05-03 16:00:00+00:00,0.0,0.0,0.0,0.0,596419.0
2024-05-03 20:00:00+00:00,0.0,0.0,0.0,0.0,1702267.0
2024-05-04 00:00:00+00:00,0.0,0.0,0.0,0.0,2106396.0
2024-05-04 04:00:00+00:00,0.0,0.0,0.0,0.0,663320.0
2024-05-04 08:00:00+00:00,0.0,0.0,0.0,0.0,1455717.0
2024-05-04 12:00:00+00:00,0.0,0.0,0.0,0.0,824670.0
2024-05-04 16:00:00+00:00,0.0,0.0,0.0,0.0,1128722.0
2024-05-04 20:00:00+00:00,0.0,0.0,0.0,0.0,814363.0
2024-05-05 00:00:00+00:00,0.0,0.0,0.0,0.0,1519730.0
2024-05-05 04:00:00+00:00,0.0,0.0,0.0,0.0,1306222.0
2024-05-05 08:00:00+00:00,0.0,0.0,0.0,0.0,696296.0
2024-05-05 12:00:00+00:00,0.0,0.0,0.0,0.0,1687042.0
2024-05-05 16:00:00+00:00,0.0,0.0,0.0,0.0,653015.0
2024-05-05 20:00:00+00:00,0.0,0.0,0.0,0.0,1501014.0
2024-05-06 00:00:00+00:00,0.0,0.0,0.0,0.0,1085249.0
2024-05-06 04:00:00+00:00,0.0,0.0,0.0,0.0,1176708.0
2024-05-06 08:00:00+00:00,0.0,0.0,0.0,0.0,2065939.0
2024-05-06 12:00:00+00:00,0.0,0.0,0.0,0.0,1864194.0
2024-05-06 16:00:00+00:00,0.0,0.0,0.0,0.0,2882024.0
2024-05-06 20:00:00+00:00,0.0,0.0,0.0,0.0,1366927.0
2024-05-07 00:00:00+00:00,0.0,0.0,0.0,0.0,2549774.0
2024-05-07 04:00:00+00:00,0.0,0.0,0.0,0.0,984217.0
2024-05-07 08:00:00+00:00,0.0,0.0,0.0,0.0,1189746.0
2024-05-07 12:00:00+00:00,0.0,0.0,0.0,0.0,1723025.0
2024-05-07 16:00:00+00:00,0.0,0.0,0.0,0.0,1255106.0
2024-05-07 20:00:00+00:00,0.0,0.0,0.0,0.0,509605.0
2024-05-08 00:00:00+00:00,0.0,0.0,0.0,0.0,1248974.0
2024-05-08 04:00:00+00:00,0.0,0.0,0.0,0.0,2581228.0
2024-05-08 08:00:00+00:00,0.0,0.0,0.0,0.0,740037.0
2024-05-08 12:00:00+00:00,0.0,0.0,0.0,0.0,797942.0
2024-05-08 16:00:00+00:00,0.0,0.0,0.0,0.0,2746091.0
2024-05-08 20:00:00+00:00,0.0,0.0,0.0,0.0,1294098.0
2024-05-09 00:00:00+00:00,0.0,0.0,0.0,0.0,1595711.0
2024-05-09 04:00:00+00:00,0.0,0.0,0.0,0.0,724073.0
2024-05-09 08:00:00+00:00,0.0,0.0,0.0,0.0,1206304.0
2024-05-09 12:00:00+00:00,0.0,0.0,0.0,0.0,2536132.0
2024-05-09 16:00:00+00:00,0.0,0.0,0.0,0.0,1338307.0
2024-05-09 20:00:00+00:00,0.0,0.0,0.0,0.0,978383.0
2024-05-10 00:00:00+00:00,0.0,0.0,0.0,0.0,1859987.0
2024-05-10 04:00:00+00:00,0.0,0.0,0.0,0.0,854361.0
2024-05-10 08:00:00+00:00,0.0,0.0,0.0,0.0,3605944.0
2024-05-10 12:00:00+00:00,0.0,0.0,0.0,0.0,2602413.0
2024-05-10 16:00:00+00:00,0.0,0.0,0.0,0.0,876912.0
2024-05-10 20:00:00+00:00,0.0,0.0,0.0,0.0,751737.0
2024-05-11 00:00:00+00:00,0.0,0.0,0.0,0.0,345857.0
2024-05-11 04:00:00+00:00,0.0,0.0,0.0,0.0,516849.0
2024-05-11 08:00:00+00:00,0.0,0.0,0.0,0.0,817262.0
2024-05-11 12:00:00+00:00,0.0,0.0,0.0,0.0,1257516.0
2024-05-11 16:00:00+00:00,0.0,0.0,0.0,0.0,1086522.0
2024-05-11 20:00:00+00:00,0.0,0.0,0.0,0.0,641093.0
2024-05-12 00:00:00+00:00,0.0,0.0,0.0,0.0,1295168.0
2024-05-12 04:00:00+00:00,0.0,0.0,0.0,0.0,1776177.0
2024-05-12 08:00:00+00:00,0.0,0.0,0.0,0.0,1576736.0
2024-05-12 12:00:00+00:00,0.0,0.0,0.0,0.0,397325.0
2024-05-12 16:00:00+00:00,0.0,0.0,0.0,0.0,1627316.0
2024-05-12 20:00:00+00:00,0.0,0.0,0.0,0.0,599755.0
2024-05-13 00:00:00+00:00,0.0,0.0,0.0,0.0,1723314.0
2024-05-13 04:00:00+00:00,0.0,0.0,0.0,0.0,1667490.0
2024-05-13 08:00:00+00:00,0.0,0.0,0.0,0.0,1002121.0
2024-05-13 12:00:00+00:00,0.0,0.0,0.0,0.0,1010438.0
2024-05-13 16:00:00+00:00,0.0,0.0,0.0,0.0,1173879.0
2024-05-13 20:00:00+00:00,0.0,0.0,0.0,0.0,328522.0
2024-05-14 00:00:00+00:00,0.0,0.0,0.0,0.0,1546004.0
2024-05-14 04:00:00+00:00,0.0,0.0,0.0,0.0,887491.0
2024-05-14 08:00:00+00:00,0.0,0.0,0.0,0.0,1653044.0
2024-05-14 12:00:00+00:00,0.0,0.0,0.0,0.0,818018.0
2024-05-14 16:00:00+00:00,0.0,0.0,0.0,0.0,900893.0
2024-05-14 20:00:00+00:00,0.0,0.0,0.0,0.0,493289.0
2024-05-15 00:00:00+00:00,0.0,0.0,0.0,0.0,727682.0
2024-05-15 04:00:00+00:00,0.0,0.0,0.0,0.0,659602.0
2024-05-15 08:00:00+00:00,0.0,0.0,0.0,0.0,1867059.0
2024-05-15 12:00:00+00:00,0.0,0.0,0.0,0.0,778907.0
2024-05-15 16:00:00+00:00,0.0,0.0,0.0,0.0,1288628.0
2024-05-15 20:00:00+00:00,0.0,0.0,0.0,0.0,1297380.0
2024-05-16 00:00:00+00:00,0.0,0.0,0.0,0.0,741169.0
2024-05-16 04:00:00+00:00,0.0,0.0,0.0,0.0,992626.0
2024-05-16 08:00:00+00:00,0.0,0.0,0.0,0.0,1610445.0
2024-05-16 12:00:00+00:00,0.0,0.0,0.0,0.0,904990.0
2024-05-16 16:00:00+00:00,0.0,0.0,0.0,0.0,1637548.0
2024-05-16 20:00:00+00:00,0.0,0.0,0.0,0.0,960222.0
2024-05-17 00:00:00+00:00,0.0,0.0,0.0,0.0,1307251.0
2024-05-17 04:00:00+00:00,0.0,0.0,0.0,0.0,1465972.0
2024-05-17 08:00:00+00:00,0.0,0.0,0.0,0.0,1007955.0
2024-05-17 12:00:00+00:00,0.0,0.0,0.0,0.0,1060846.0
2024-05-17 16:00:00+00:00,0.0,0.0,0.0,0.0,1264430.0
2024-05-17 20:00:00+00:00,0.0,0.0,0.0,0.0,1310896.0
2024-05-18 00:00:00+00:00,0.0,0.0,0.0,0.0,498178.0
2024-05-18 04:00:00+00:00,0.0,0.0,0.0,0.0,816548.0
2024-05-18 08:00:00+00:00,0.0,0.0,0.0,0.0,1577590.0
2024-05-18 12:00:00+00:00,0.0,0.0,0.0,0.0,2009980.0
2024-05-18 16:00:00+00:00,0.0,0.0,0.0,0.0,1051527.0
2024-05-18 20:00:00+00:00,0.0,0.0,0.0,0.0,1517589.0
2024-05-19 00:00:00+00:00,0.0,0.0,0.0,0.0,1427163.0
2024-05-19 04:00:00+00:00,0.0,0.0,0.0,0.0,1676564.0
2024-05-19 08:00:00+00:00,0.0,0.0,0.0,0.0,407538.0
2024-05-19 12:00:00+00:00,0.0,0.0,0.0,0.0,1028310.0
2024-05-19 16:00:00+00:00,0.0,0.0,0.0,0.0,1193939.0
2024-05-19 20:00:00+00:00,0.0,0.0,0.0,0.0,2058703.0
2024-05-20 00:00:00+00:00,0.0,0.0,0.0,0.0,4680963.0
2024-05-20 04:00:00+00:00,0.0,0.0,0.0,0.0,903256.0
2024-05-20 08:00:00+00:00,0.0,0.0,0.0,0.0,547878.0
2024-05-20 12:00:00+00:00,0.0,0.0,0.0,0.0,2075816.0
2024-05-20 16:00:00+00:00,0.0,0.0,0.0,0.0,2799419.0
2024-05-20 20:00:00+00:00,0.0,0.0,0.0,0.0,1526219.0
2024-05-21 00:00:00+00:00,0.0,0.0,0.0,0.0,694821.0
2024-05-21 04:00:00+00:00,0.0,0.0,0.0,0.0,1645698.0
2024-05-21 08:00:00+00:00,0.0,0.0,0.0,0.0,1815306.0
2024-05-21 12:00:00+00:00,0.0,0.0,0.0,0.0,899475.0
2024-05-21 16:00:00+00:00,0.0,0.0,0.0,0.0,1421633.0
2024-05-21 20:00:00+00:00,0.0,0.0,0.0,0.0,1774148.0
2024-05-22 00:00:00+00:00,0.0,0.0,0.0,0.0,2210495.0
2024-05-22 04:00:00+00:00,0.0,0.0,0.0,0.0,1095623.0
2024-05-22 08:00:00+00:00,0.0,0.0,0.0,0.0,1761879.0
2024-05-22 12:00:00+00:00,0.0,0.0,0.0,0.0,2372847.0
2024-05-22 16:00:00+00:00,0.0,0.0,0.0,0.0,675244.0
2024-05-22 20:00:00+00:00,0.0,0.0,0.0,0.0,1591572.0
2024-05-23 00:00:00+00:00,0.0,0.0,0.0,0.0,628992.0
2024-05-23 04:00:00+00:00,0.0,0.0,0.0,0.0,2188530.0
2024-05-23 08:00:00+00:00,0.0,0.0,0.0,0.0,1351033.0
2024-05-23 12:00:00+00:00,0.0,0.0,0.0,0.0,3094775.0
2024-05-23 16:00:00+00:00,0.0,0.0,0.0,0.0,1604467.0
2024-05-23 20:00:00+00:00,0.0,0.0,0.0,0.0,744674.0
2024-05-24 00:00:00+00:00,0.0,0.0,0.0,0.0,2474783.0
2024-05-24 04:00:00+00:00,0.0,0.0,0.0,0.0,2707988.0
2024-05-24 08:00:00+00:00,0.0,0.0,0.0,0.0,1999764.0
2024-05-24 12:00:00+00:00,0.0,0.0,0.0,0.0,746784.0
2024-05-24 16:00:00+00:00,0.0,0.0,0.0,0.0,1442152.0
2024-05-24 20:00:00+00:00,0.0,0.0,0.0,0.0,1825862.0
2024-05-25 00:00:00+00:00,0.0,0.0,0.0,0.0,1272778.0
2024-05-25 04:00:00+00:00,0.0,0.0,0.0,0.0,2970378.0
2024-05-25 08:00:00+00:00,0.0,0.0,0.0,0.0,1261019.0
2024-05-25 12:00:00+00:00,0.0,0.0,0.0,0.0,292404.0
2024-05-25 16:00:00+00:00,0.0,0.0,0.0,0.0,1364582.0
2024-05-25 20:00:00+00:00,0.0,0.0,0.0,0.0,1090114.0
2024-05-26 00:00:00+00:00,0.0,0.0,0.0,0.0,1835517.0
2024-05-26 04:00:00+00:00,0.0,0.0,0.0,0.0,897125.0
2024-05-26 08:00:00+00:00,0.0,0.0,0.0,0.0,2033584.0
2024-05-26 12:00:00+00:00,0.0,0.0,0.0,0.0,2835429.0
2024-05-26 16:00:00+00:00,0.0,0.0,0.0,0.0,1530078.0
2024-05-26 20:00:00+00:00,0.0,0.0,0.0,0.0,855940.0
2024-05-27 00:00:00+00:00,0.0,0.0,0.0,0.0,1760526.0
2024-05-27 04:00:00+00:00,0.0,0.0,0.0,0.0,1244462.0
2024-05-27 08:00:00+00:00,0.0,0.0,0.0,0.0,737295.0
2024-05-27 12:00:00+00:00,0.0,0.0,0.0,0.0,1344920.0
2024-05-27 16:00:00+00:00,0.0,0.0,0.0,0.0,1922087.0
2024-05-27 20:00:00+00:00,0.0,0.0,0.0,0.0,4617559.0
2024-05-28 00:00:00+00:00,0.0,0.0,0.0,0.0,2320093.0
2024-05-28 04:00:00+00:00,0.0,0.0,0.0,0.0,865858.0
2024-05-28 08:00:00+00:00,0.0,0.0,0.0,0.0,2215555.0
2024-05-28 12:00:00+00:00,0.0,0.0,0.0,0.0,812460.0
2024-05-28 16:00:00+00:00,0.0,1.0,0.0,1.0,2593311.0
2024-05-28 20:00:00+00:00,1.0,1.0,1.0,1.0,975415.0
2024-05-29 00:00:00+00:00,1.0,1.0,1.0,1.0,696391.0
2024-05-29 04:00:00+00:00,1.0,1.0,1.0,1.0,1456115.0
2024-05-29 08:00:00+00:00,1.0,1.0,1.0,1.0,393559.0
2024-05-29 12:00:00+00:00,1.0,1.0,1.0,1.0,570493.0
2024-05-29 16:00:00+00:00,1.0,1.0,1.0,1.0,1123930.0
2024-05-29 20:00:00+00:00,1.0,1.0,1.0,1.0,1542212.0
2024-05-30 00:00:00+00:00,1.0,1.0,1.0,1.0,1268766.0
2024-05-30 04:00:00+00:00,1.0,1.0,1.0,1.0,736273.0
2024-05-30 08:00:00+00:00,1.0,2.0,1.0,2.0,858184.0
2024-05-30 12:00:00+00:00,2.0,2.0,2.0,2.0,1307715.0
2024-05-30 16:00:00+00:00,2.0,2.0,2.0,2.0,1425658.0
2024-05-30 20:00:00+00:00,2.0,2.0,2.0,2.0,1529142.0
2024-05-31 00:00:00+00:00,2.0,2.0,2.0,2.0,2439198.0
2024-05-31 04:00:00+00:00,2.0,2.0,2.0,2.0,1421862.0
2024-05-31 08:00:00+00:00,2.0,2.0,2.0,2.0,810165.0
2024-05-31 12:00:00+00:00,2.0,2.0,2.0,2.0,880124.0
2024-05-31 16:00:00+00:00,2.0,2.0,2.0,2.0,777044.0
2024-05-31 20:00:00+00:00,2.0,2.0,2.0,2.0,1028527.0
2024-06-01 00:00:00+00:00,2.0,2.0,2.0,2.0,1779624.0
2024-06-01 04:00:00+00:00,2.0,2.0,2.0,2.0,2260742.0
2024-06-01 08:00:00+00:00,2.0,2.0,2.0,2.0,2691988.0
2024-06-01 12:00:00+00:00,2.0,2.0,2.0,2.0,1108804.0
2024-06-01 16:00:00+00:00,2.0,3.0,2.0,3.0,3867678.0
2024-06-01 20:00:00+00:00,3.0,3.0,2.0,3.0,1033950.0
2024-06-02 00:00:00+00:00,3.0,3.0,2.0,3.0,2292182.0
2024-06-02 04:00:00+00:00,3.0,3.0,3.0,3.0,1099762.0
2024-06-02 08:00:00+00:00,3.0,3.0,3.0,3.0,2434651.0
2024-06-02 12:00:00+00:00,3.0,3.0,3.0,3.0,2181266.0
2024-06-02 16:00:00+00:00,3.0,3.0,3.0,3.0,1020658.0
2024-06-02 20:00:00+00:00,3.0,4.0,3.0,4.0,1420082.0
2024-06-03 00:00:00+00:00,4.0,4.0,4.0,4.0,2064171.0
2024-06-03 04:00:00+00:00,4.0,4.0,4.0,4.0,1123968.0
2024-06-03 08:00:00+00:00,4.0,4.0,4.0,4.0,561560.0
2024-06-03 12:00:00+00:00,4.0,4.0,4.0,4.0,4329398.0
2024-06-03 16:00:00+00:00,4.0,4.0,4.0,4.0,1156163.0
2024-06-03 20:00:00+00:00,4.0,4.0,4.0,4.0,1147040.0
2024-06-04 00:00:00+00:00,4.0,4.0,3.0,3.0,2342682.0
2024-06-04 04:00:00+00:00,3.0,4.0,3.0,4.0,1134157.0
2024-06-04 08:00:00+00:00,4.0,4.0,3.0,3.0,1018430.0
2024-06-04 12:00:00+00:00,3.0,3.0,3.0,3.0,1421120.0
2024-06-04 16:00:00+00:00,3.0,3.0,3.0,3.0,477125.0
2024-06-04 20:00:00+00:00,3.0,4.0,3.0,4.0,1475748.0
2024-06-05 00:00:00+00:00,4.0,4.0,4.0,4.0,1164048.0
2024-06-05 04:00:00+00:00,4.0,4.0,3.0,3.0,1090029.0
2024-06-05 08:00:00+00:00,3.0,4.0,3.0,4.0,853397.0
2024-06-05 12:00:00+00:00,4.0,4.0,3.0,3.0,3665437.0
2024-06-05 16:00:00+00:00,3.0,3.0,2.0,2.0,2095341.0
2024-06-05 20:00:00+00:00,2.0,2.0,2.0,2.0,2450062.0
2024-06-06 00:00:00+00:00,2.0,2.0,2.0,2.0,1076571.0
2024-06-06 04:00:00+00:00,2.0,2.0,2.0,2.0,940070.0
2024-06-06 08:00:00+00:00,2.0,2.0,2.0,2.0,1508650.0
2024-06-06 12:00:00+00:00,2.0,2.0,2.0,2.0,996151.0
2024-06-06 16:00:00+00:00,2.0,2.0,2.0,2.0,695841.0
2024-06-06 20:00:00+00:00,2.0,2.0,2.0,2.0,3286712.0
2024-06-07 00:00:00+00:00,2.0,2.0,2.0,2.0,1020237.0
2024-06-07 04:00:00+00:00,2.0,2.0,2.0,2.0,515057.0
2024-06-07 08:00:00+00:00,2.0,2.0,2.0,2.0,2029351.0
2024-06-07 12:00:00+00:00,2.0,2.0,2.0,2.0,1418589.0
2024-06-07 16:00:00+00:00,2.0,2.0,2.0,2.0,1093214.0
2024-06-07 20:00:00+00:00,2.0,2.0,2.0,2.0,697607.0
2024-06-08 00:00:00+00:00,2.0,2.0,1.0,1.0,3131310.0
2024-06-08 04:00:00+00:00,1.0,1.0,1.0,1.0,535497.0
2024-06-08 08:00:00+00:00,1.0,1.0,1.0,1.0,1141189.0
2024-06-08 12:00:00+00:00,1.0,1.0,1.0,1.0,1748808.0
2024-06-08 16:00:00+00:00,1.0,1.0,1.0,1.0,1430577.0
2024-06-08 20:00:00+00:00,1.0,1.0,1.0,1.0,1517061.0
2024-06-09 00:00:00+00:00,1.0,2.0,1.0,1.0,704610.0
2024-06-09 04:00:00+00:00,1.0,1.0,1.0,1.0,691573.0
2024-06-09 08:00:00+00:00,1.0,2.0,1.0,2.0,1646309.0
2024-06-09 12:00:00+00:00,2.0,2.0,2.0,2.0,778857.0
2024-06-09 16:00:00+00:00,2.0,2.0,2.0,2.0,1334874.0
2024-06-09 20:00:00+00:00,2.0,2.0,2.0,2.0,1767119.0
2024-06-10 00:00:00+00:00,2.0,2.0,2.0,2.0,1944587.0
2024-06-10 04:00:00+00:00,2.0,2.0,2.0,2.0,698512.0
2024-06-10 08:00:00+00:00,2.0,3.0,2.0,3.0,4793949.0
2024-06-10 12:00:00+00:00,3.0,3.0,3.0,3.0,1598058.0
2024-06-10 16:00:00+00:00,3.0,3.0,3.0,3.0,1318267.0
2024-06-10 20:00:00+00:00,3.0,3.0,3.0,3.0,1793225.0
2024-06-11 00:00:00+00:00,3.0,4.0,3.0,4.0,5362642.0
2024-06-11 04:00:00+00:00,4.0,4.0,3.0,4.0,635137.0
2024-06-11 08:00:00+00:00,4.0,4.0,3.0,4.0,1617908.0
2024-06-11 12:00:00+00:00,4.0,4.0,4.0,4.0,309848.0
2024-06-11 16:00:00+00:00,4.0,4.0,3.0,3.0,1800630.0
2024-06-11 20:00:00+00:00,3.0,4.0,3.0,4.0,1270105.0
2024-06-12 00:00:00+00:00,4.0,4.0,3.0,3.0,1279637.0
2024-06-12 04:00:00+00:00,3.0,4.0,3.0,4.0,993867.0
2024-06-12 08:00:00+00:00,4.0,4.0,3.0,3.0,464147.0
2024-06-12 12:00:00+00:00,3.0,3.0,3.0,3.0,1446916.0
2024-06-12 16:00:00+00:00,3.0,3.0,2.0,2.0,3830005.0
2024-06-12 20:00:00+00:00,2.0,2.0,2.0,2.0,895352.0
2024-06-13 00:00:00+00:00,2.0,2.0,1.0,1.0,2604877.0
2024-06-13 04:00:00+00:00,1.0,1.0,1.0,1.0,781794.0
2024-06-13 08:00:00+00:00,1.0,1.0,1.0,1.0,1687331.0
2024-06-13 12:00:00+00:00,1.0,1.0,1.0,1.0,1112171.0
2024-06-13 16:00:00+00:00,1.0,1.0,1.0,1.0,814009.0
2024-06-13 20:00:00+00:00,1.0,1.0,1.0,1.0,981066.0
2024-06-14 00:00:00+00:00,1.0,1.0,1.0,1.0,838768.0
2024-06-14 04:00:00+00:00,1.0,1.0,1.0,1.0,1212365.0
2024-06-14 08:00:00+00:00,1.0,1.0,1.0,1.0,782063.0
2024-06-14 12:00:00+00:00,1.0,1.0,1.0,1.0,1374773.0
2024-06-14 16:00:00+00:00,1.0,1.0,1.0,1.0,1366363.0
2024-06-14 20:00:00+00:00,1.0,1.0,1.0,1.0,634534.0
2024-06-15 00:00:00+00:00,1.0,1.0,1.0,1.0,2485526.0
2024-06-15 04:00:00+00:00,1.0,1.0,1.0,1.0,713038.0
2024-06-15 08:00:00+00:00,1.0,1.0,1.0,1.0,1367684.0
2024-06-15 12:00:00+00:00,1.0,1.0,1.0,1.0,681321.0
2024-06-15 16:00:00+00:00,1.0,1.0,1.0,1.0,3211982.0
2024-06-15 20:00:00+00:00,1.0,1.0,1.0,1.0,1912743.0
2024-06-16 00:00:00+00:00,1.0,1.0,1.0,1.0,705303.0
2024-06-16 04:00:00+00:00,1.0,1.0,1.0,1.0,3144992.0
2024-06-16 08:00:00+00:00,1.0,1.0,1.0,1.0,1424222.0
2024-06-16 12:00:00+00:00,1.0,1.0,1.0,1.0,1429782.0
2024-06-16 16:00:00+00:00,1.0,1.0,1.0,1.0,1058487.0
2024-06-16 20:00:00+00:00,1.0,1.0,1.0,1.0,1120228.0
2024-06-17 00:00:00+00:00,1.0,1.0,1.0,1.0,1676254.0
2024-06-17 04:00:00+00:00,1.0,1.0,1.0,1.0,781603.0
2024-06-17 08:00:00+00:00,1.0,1.0,1.0,1.0,3195572.0
2024-06-17 12:00:00+00:00,1.0,1.0,1.0,1.0,696450.0
2024-06-17 16:00:00+00:00,1.0,1.0,1.0,1.0,2536237.0
2024-06-17 20:00:00+00:00,1.0,1.0,1.0,1.0,1326369.0
2024-06-18 00:00:00+00:00,1.0,2.0,1.0,2.0,1492537.0
2024-06-18 04:00:00+00:00,2.0,2.0,2.0,2.0,2232136.0
2024-06-18 08:00:00+00:00,2.0,2.0,2.0,2.0,905967.0
2024-06-18 12:00:00+00:00,2.0,2.0,2.0,2.0,2452615.0
2024-06-18 16:00:00+00:00,2.0,2.0,2.0,2.0,281017.0
2024-06-18 20:00:00+00:00,2.0,3.0,2.0,3.0,1348608.0
2024-06-19 00:00:00+00:00,3.0,3.0,2.0,2.0,825978.0
2024-06-19 04:00:00+00:00,2.0,3.0,2.0,3.0,951197.0
2024-06-19 08:00:00+00:00,3.0,3.0,3.0,3.0,977132.0
2024-06-19 12:00:00+00:00,3.0,3.0,3.0,3.0,1569584.0
2024-06-19 16:00:00+00:00,3.0,3.0,3.0,3.0,1732044.0
2024-06-19 20:00:00+00:00,3.0,3.0,2.0,3.0,1292000.0
2024-06-20 00:00:00+00:00,3.0,3.0,2.0,3.0,852778.0
2024-06-20 04:00:00+00:00,3.0,3.0,3.0,3.0,1483928.0
2024-06-20 08:00:00+00:00,3.0,3.0,3.0,3.0,1340358.0
2024-06-20 12:00:00+00:00,3.0,3.0,3.0,3.0,1616739.0
2024-06-20 16:00:00+00:00,3.0,3.0,3.0,3.0,2874315.0
2024-06-20 20:00:00+00:00,3.0,4.0,3.0,4.0,1803028.0
2024-06-21 00:00:00+00:00,4.0,5.0,4.0,5.0,762787.0
2024-06-21 04:00:00+00:00,5.0,5.0,5.0,5.0,732526.0
2024-06-21 08:00:00+00:00,5.0,5.0,5.0,5.0,798747.0
2024-06-21 12:00:00+00:00,5.0,5.0,5.0,5.0,1084468.0
2024-06-21 16:00:00+00:00,5.0,5.0,4.0,4.0,1671941.0
2024-06-21 20:00:00+00:00,4.0,4.0,4.0,4.0,1598396.0
2024-06-22 00:00:00+00:00,4.0,4.0,3.0,3.0,1708732.0
2024-06-22 04:00:00+00:00,3.0,3.0,3.0,3.0,1187008.0
2024-06-22 08:00:00+00:00,3.0,4.0,3.0,4.0,1384746.0
2024-06-22 12:00:00+00:00,4.0,4.0,3.0,3.0,942413.0
2024-06-22 16:00:00+00:00,3.0,4.0,3.0,4.0,1074017.0
2024-06-22 20:00:00+00:00,4.0,4.0,3.0,3.0,646061.0
2024-06-23 00:00:00+00:00,3.0,3.0,3.0,3.0,1173669.0
2024-06-23 04:00:00+00:00,3.0,3.0,3.0,3.0,1391592.0
2024-06-23 08:00:00+00:00,3.0,3.0,3.0,3.0,1033362.0
2024-06-23 12:00:00+00:00,3.0,4.0,3.0,4.0,1558301.0
2024-06-23 16:00:00+00:00,4.0,4.0,4.0,4.0,1526898.0
2024-06-23 20:00:00+00:00,4.0,4.0,4.0,4.0,1923442.0
2024-06-24 00:00:00+00:00,4.0,4.0,4.0,4.0,594681.0
2024-06-24 04:00:00+00:00,4.0,4.0,4.0,4.0,1777525.0
2024-06-24 08:00:00+00:00,4.0,5.0,4.0,5.0,2444000.0
2024-06-24 12:00:00+00:00,5.0,5.0,5.0,5.0,733493.0
2024-06-24 16:00:00+00:00,5.0,5.0,4.0,4.0,1134347.0
2024-06-24 20:00:00+00:00,4.0,5.0,4.0,5.0,3013489.0
2024-06-25 00:00:00+00:00,5.0,6.0,5.0,6.0,1503229.0
2024-06-25 04:00:00+00:00,6.0,6.0,5.0,5.0,423479.0
2024-06-25 08:00:00+00:00,5.0,6.0,5.0,5.0,583438.0
2024-06-25 12:00:00+00:00,5.0,6.0,5.0,6.0,1075978.0
2024-06-25 16:00:00+00:00,6.0,6.0,6.0,6.0,622663.0
2024-06-25 20:00:00+00:00,6.0,6.0,6.0,6.0,1017545.0
2024-06-26 00:00:00+00:00,6.0,6.0,5.0,5.0,1327174.0
2024-06-26 04:00:00+00:00,5.0,5.0,5.0,5.0,2108936.0
2024-06-26 08:00:00+00:00,5.0,6.0,5.0,6.0,1311933.0
2024-06-26 12:00:00+00:00,6.0,6.0,6.0,6.0,2121380.0
2024-06-26 16:00:00+00:00,6.0,7.0,6.0,6.0,2391432.0
2024-06-26 20:00:00+00:00,6.0,7.0,6.0,7.0,2752082.0
2024-06-27 00:00:00+00:00,7.0,7.0,4.0,4.0,2635501.0
2024-06-27 04:00:00+00:00,4.0,4.0,4.0,4.0,566909.0
2024-06-27 08:00:00+00:00,4.0,4.0,3.0,3.0,2249879.0
2024-06-27 12:00:00+00:00,3.0,3.0,3.0,3.0,1971415.0
2024-06-27 16:00:00+00:00,3.0,3.0,3.0,3.0,1448027.0
2024-06-27 20:00:00+00:00,3.0,3.0,2.0,2.0,3796046.0
2024-06-28 00:00:00+00:00,2.0,2.0,2.0,2.0,2333708.0
2024-06-28 04:00:00+00:00,2.0,2.0,2.0,2.0,1613797.0
2024-06-28 08:00:00+00:00,2.0,2.0,2.0,2.0,1982664.0
2024-06-28 12:00:00+00:00,2.0,2.0,2.0,2.0,1211339.0
2024-06-28 16:00:00+00:00,2.0,3.0,2.0,3.0,347352.0
2024-06-28 20:00:00+00:00,3.0,3.0,2.0,3.0,802722.0
2024-06-29 00:00:00+00:00,3.0,3.0,2.0,2.0,2867469.0
2024-06-29 04:00:00+00:00,2.0,2.0,2.0,2.0,964258.0
2024-06-29 08:00:00+00:00,2.0,2.0,2.0,2.0,1096885.0
2024-06-29 12:00:00+00:00,2.0,2.0,2.0,2.0,1011119.0
2024-06-29 16:00:00+00:00,2.0,2.0,2.0,2.0,2920704.0
2024-06-29 20:00:00+00:00,2.0,2.0,2.0,2.0,3873364.0
2024-06-30 00:00:00+00:00,2.0,2.0,2.0,2.0,885876.0
2024-06-30 04:00:00+00:00,2.0,2.0,2.0,2.0,1250095.0
2024-06-30 08:00:00+00:00,2.0,2.0,2.0,2.0,826600.0
2024-06-30 12:00:00+00:00,2.0,2.0,2.0,2.0,1562885.0
2024-06-30 16:00:00+00:00,2.0,2.0,2.0,2.0,2490290.0
2024-06-30 20:00:00+00:00,2.0,3.0,2.0,3.0,1751785.0
2024-07-01 00:00:00+00:00,3.0,3.0,3.0,3.0,1403703.0
2024-07-01 04:00:00+00:00,3.0,3.0,3.0,3.0,6331668.0
2024-07-01 08:00:00+00:00,3.0,3.0,3.0,3.0,659721.0
2024-07-01 12:00:00+00:00,3.0,3.0,3.0,3.0,476612.0
2024-07-01 16:00:00+00:00,3.0,3.0,3.0,3.0,897816.0
2024-07-01 20:00:00+00:00,3.0,3.0,3.0,3.0,473320.0
2024-07-02 00:00:00+00:00,3.0,3.0,3.0,3.0,484128.0
2024-07-02 04:00:00+00:00,3.0,3.0,3.0,3.0,798101.0
2024-07-02 08:00:00+00:00,3.0,3.0,3.0,3.0,642553.0
2024-07-02 12:00:00+00:00,3.0,4.0,3.0,4.0,819732.0
2024-07-02 16:00:00+00:00,4.0,4.0,3.0,4.0,1348513.0
2024-07-02 20:00:00+00:00,4.0,4.0,4.0,4.0,800276.0
2024-07-03 00:00:00+00:00,4.0,4.0,2.0,3.0,1726707.0
2024-07-03 04:00:00+00:00,3.0,3.0,2.0,3.0,2201880.0
2024-07-03 08:00:00+00:00,3.0,3.0,3.0,3.0,785071.0
2024-07-03 12:00:00+00:00,3.0,3.0,3.0,3.0,1265830.0
2024-07-03 16:00:00+00:00,3.0,3.0,2.0,2.0,2770604.0
2024-07-03 20:00:00+00:00,2.0,3.0,2.0,3.0,733165.0
2024-07-04 00:00:00+00:00,3.0,3.0,2.0,3.0,323805.0
2024-07-04 04:00:00+00:00,3.0,3.0,2.0,3.0,1775861.0
2024-07-04 08:00:00+00:00,3.0,3.0,2.0,2.0,1882631.0
2024-07-04 12:00:00+00:00,2.0,3.0,2.0,3.0,3569588.0
2024-07-04 16:00:00+00:00,3.0,3.0,2.0,2.0,1599645.0
2024-07-04 20:00:00+00:00,2.0,2.0,2.0,2.0,1935535.0
2024-07-05 00:00:00+00:00,2.0,3.0,2.0,3.0,1684422.0
2024-07-05 04:00:00+00:00,3.0,3.0,3.0,3.0,1264313.0
2024-07-05 08:00:00+00:00,3.0,3.0,3.0,3.0,2517968.0
2024-07-05 12:00:00+00:00,3.0,3.0,3.0,3.0,479822.0
2024-07-05 16:00:00+00:00,3.0,3.0,3.0,3.0,1499410.0
2024-07-05 20:00:00+00:00,3.0,3.0,3.0,3.0,3095018.0
2024-07-06 00:00:00+00:00,3.0,4.0,3.0,3.0,1335851.0
2024-07-06 04:00:00+00:00,3.0,5.0,3.0,5.0,4742899.0
2024-07-06 08:00:00+00:00,5.0,5.0,5.0,5.0,751618.0
2024-07-06 12:00:00+00:00,5.0,5.0,5.0,5.0,1068789.0
2024-07-06 16:00:00+00:00,5.0,6.0,5.0,5.0,1491207.0
2024-07-06 20:00:00+00:00,5.0,6.0,5.0,6.0,492976.0
2024-07-07 00:00:00+00:00,6.0,8.0,6.0,8.0,853593.0
2024-07-07 04:00:00+00:00,8.0,8.0,7.0,8.0,742029.0
2024-07-07 08:00:00+00:00,8.0,8.0,7.0,7.0,2289123.0
2024-07-07 12:00:00+00:00,7.0,8.0,7.0,8.0,2678517.0
2024-07-07 16:00:00+00:00,8.0,8.0,7.0,7.0,1786163.0
2024-07-07 20:00:00+00:00,7.0,7.0,7.0,7.0,1710882.0
2024-07-08 00:00:00+00:00,7.0,8.0,6.0,6.0,1236671.0
2024-07-08 04:00:00+00:00,6.0,7.0,6.0,6.0,1881937.0
2024-07-08 08:00:00+00:00,6.0,7.0,6.0,7.0,1148650.0
2024-07-08 12:00:00+00:00,7.0,7.0,7.0,7.0,1175275.0
2024-07-08 16:00:00+00:00,7.0,8.0,7.0,7.0,1039452.0
2024-07-08 20:00:00+00:00,7.0,9.0,7.0,9.0,2426733.0
2024-07-09 00:00:00+00:00,9.0,10.0,9.0,10.0,973267.0
2024-07-09 04:00:00+00:00,10.0,10.0,9.0,10.0,1812687.0
2024-07-09 08:00:00+00:00,10.0,11.0,9.0,11.0,812612.0
2024-07-09 12:00:00+00:00,11.0,13.0,11.0,13.0,884810.0
2024-07-09 16:00:00+00:00,13.0,14.0,10.0,10.0,2192619.0
2024-07-09 20:00:00+00:00,10.0,11.0,10.0,11.0,1211611.0
2024-07-10 00:00:00+00:00,11.0,13.0,11.0,13.0,1046585.0
2024-07-10 04:00:00+00:00,13.0,13.0,12.0,12.0,1773014.0
2024-07-10 08:00:00+00:00,12.0,15.0,12.0,14.0,1193468.0
2024-07-10 12:00:00+00:00,14.0,14.0,14.0,14.0,967772.0
2024-07-10 16:00:00+00:00,14.0,15.0,14.0,14.0,2122411.0
2024-07-10 20:00:00+00:00,14.0,14.0,14.0,14.0,2330395.0
2024-07-11 00:00:00+00:00,14.0,14.0,14.0,14.0,2206062.0
2024-07-11 04:00:00+00:00,14.0,14.0,12.0,12.0,1290476.0
2024-07-11 08:00:00+00:00,12.0,12.0,9.0,9.0,3052768.0
2024-07-11 12:00:00+00:00,9.0,11.0,9.0,11.0,1067549.0
2024-07-11 16:00:00+00:00,11.0,11.0,10.0,10.0,878719.0
2024-07-11 20:00:00+00:00,10.0,10.0,8.0,8.0,447009.0
2024-07-12 00:00:00+00:00,8.0,8.0,6.0,6.0,4548512.0
2024-07-12 04:00:00+00:00,6.0,6.0,5.0,5.0,836910.0
2024-07-12 08:00:00+00:00,5.0,5.0,4.0,4.0,1499014.0
2024-07-12 12:00:00+00:00,4.0,5.0,4.0,5.0,1102132.0
2024-07-12 16:00:00+00:00,5.0,6.0,5.0,6.0,2056919.0
2024-07-12 20:00:00+00:00,6.0,6.0,5.0,5.0,1086548.0
2024-07-13 00:00:00+00:00,5.0,7.0,5.0,7.0,1047970.0
2024-07-13 04:00:00+00:00,7.0,8.0,7.0,8.0,1796485.0
2024-07-13 08:00:00+00:00,8.0,8.0,8.0,8.0,560257.0
2024-07-13 12:00:00+00:00,8.0,8.0,5.0,5.0,1398643.0
2024-07-13 16:00:00+00:00,5.0,7.0,5.0,7.0,707854.0
2024-07-13 20:00:00+00:00,7.0,7.0,5.0,5.0,798034.0
2024-07-14 00:00:00+00:00,5.0,5.0,4.0,4.0,1904093.0
2024-07-14 04:00:00+00:00,4.0,5.0,4.0,4.0,546389.0
2024-07-14 08:00:00+00:00,4.0,6.0,4.0,6.0,999890.0
2024-07-14 12:00:00+00:00,6.0,7.0,6.0,7.0,1620058.0
2024-07-14 16:00:00+00:00,7.0,8.0,7.0,8.0,954677.0
2024-07-14 20:00:00+00:00,8.0,9.0,8.0,9.0,3429743.0
2024-07-15 00:00:00+00:00,9.0,10.0,8.0,10.0,3460266.0
2024-07-15 04:00:00+00:00,10.0,11.0,10.0,11.0,868696.0
2024-07-15 08:00:00+00:00,11.0,11.0,11.0,11.0,1487395.0
2024-07-15 12:00:00+00:00,11.0,12.0,11.0,12.0,1521582.0
2024-07-15 16:00:00+00:00,12.0,12.0,11.0,11.0,763046.0
2024-07-15 20:00:00+00:00,11.0,12.0,10.0,10.0,631845.0
2024-07-16 00:00:00+00:00,10.0,10.0,10.0,10.0,1120064.0
2024-07-16 04:00:00+00:00,10.0,10.0,7.0,7.0,1616554.0
2024-07-16 08:00:00+00:00,7.0,7.0,7.0,7.0,840310.0
2024-07-16 12:00:00+00:00,7.0,7.0,6.0,6.0,1799538.0
2024-07-16 16:00:00+00:00,6.0,6.0,5.0,5.0,1028633.0
2024-07-16 20:00:00+00:00,5.0,5.0,5.0,5.0,607332.0
2024-07-17 00:00:00+00:00,5.0,6.0,5.0,6.0,1716991.0
2024-07-17 04:00:00+00:00,6.0,7.0,6.0,7.0,1713423.0
2024-07-17 08:00:00+00:00,7.0,8.0,5.0,5.0,947962.0
2024-07-17 12:00:00+00:00,5.0,6.0,5.0,5.0,2299605.0
2024-07-17 16:00:00+00:00,5.0,5.0,5.0,5.0,587088.0
2024-07-17 20:00:00+00:00,5.0,5.0,5.0,5.0,1080471.0
2024-07-18 00:00:00+00:00,5.0,5.0,4.0,4.0,968245.0
2024-07-18 04:00:00+00:00,4.0,5.0,4.0,5.0,907254.0
2024-07-18 08:00:00+00:00,5.0,5.0,4.0,4.0,1082733.0
2024-07-18 12:00:00+00:00,4.0,4.0,4.0,4.0,2668242.0
2024-07-18 16:00:00+00:00,4.0,4.0,3.0,3.0,1043632.0
2024-07-18 20:00:00+00:00,3.0,3.0,3.0,3.0,4308016.0
2024-07-19 00:00:00+00:00,3.0,3.0,3.0,3.0,1422765.0
2024-07-19 04:00:00+00:00,3.0,3.0,2.0,2.0,1798204.0
2024-07-19 08:00:00+00:00,2.0,3.0,2.0,3.0,1519772.0
2024-07-19 12:00:00+00:00,3.0,3.0,3.0,3.0,3575950.0
2024-07-19 16:00:00+00:00,3.0,3.0,3.0,3.0,757257.0
2024-07-19 20:00:00+00:00,3.0,3.0,3.0,3.0,628357.0
2024-07-20 00:00:00+00:00,3.0,3.0,3.0,3.0,1106158.0
2024-07-20 04:00:00+00:00,3.0,4.0,3.0,3.0,1072957.0
2024-07-20 08:00:00+00:00,3.0,4.0,3.0,3.0,503344.0
2024-07-20 12:00:00+00:00,3.0,3.0,3.0,3.0,1066358.0
2024-07-20 16:00:00+00:00,3.0,4.0,3.0,4.0,2898437.0
2024-07-20 20:00:00+00:00,4.0,4.0,4.0,4.0,1101771.0
2024-07-21 00:00:00+00:00,4.0,4.0,4.0,4.0,878971.0
2024-07-21 04:00:00+00:00,4.0,4.0,3.0,3.0,961139.0
2024-07-21 08:00:00+00:00,3.0,3.0,3.0,3.0,2035555.0
2024-07-21 12:00:00+00:00,3.0,3.0,2.0,2.0,1079775.0
2024-07-21 16:00:00+00:00,2.0,3.0,2.0,3.0,4497683.0
2024-07-21 20:00:00+00:00,3.0,3.0,2.0,2.0,4102541.0
2024-07-22 00:00:00+00:00,2.0,2.0,2.0,2.0,1492243.0
2024-07-22 04:00:00+00:00,2.0,2.0,2.0,2.0,1316356.0
2024-07-22 08:00:00+00:00,2.0,2.0,2.0,2.0,2347254.0
2024-07-22 12:00:00+00:00,2.0,2.0,2.0,2.0,1959435.0
2024-07-22 16:00:00+00:00,2.0,2.0,2.0,2.0,1043074.0
2024-07-22 20:00:00+00:00,2.0,2.0,2.0,2.0,1002025.0
2024-07-23 00:00:00+00:00,2.0,2.0,2.0,2.0,580659.0
2024-07-23 04:00:00+00:00,2.0,2.0,2.0,2.0,1689144.0
2024-07-23 08:00:00+00:00,2.0,3.0,2.0,3.0,2741630.0
2024-07-23 12:00:00+00:00,3.0,3.0,2.0,2.0,781714.0
2024-07-23 16:00:00+00:00,2.0,2.0,2.0,2.0,906800.0
2024-07-23 20:00:00+00:00,2.0,3.0,2.0,2.0,654818.0
2024-07-24 00:00:00+00:00,2.0,3.0,2.0,3.0,756240.0
2024-07-24 04:00:00+00:00,3.0,3.0,3.0,3.0,1428243.0
2024-07-24 08:00:00+00:00,3.0,3.0,2.0,3.0,734127.0
2024-07-24 12:00:00+00:00,3.0,3.0,3.0,3.0,876425.0
2024-07-24 16:00:00+00:00,3.0,3.0,2.0,2.0,472539.0
2024-07-24 20:00:00+00:00,2.0,3.0,2.0,3.0,1565952.0
2024-07-25 00:00:00+00:00,3.0,4.0,3.0,4.0,1950059.0
2024-07-25 04:00:00+00:00,4.0,4.0,3.0,3.0,869530.0
2024-07-25 08:00:00+00:00,3.0,3.0,3.0,3.0,1471617.0
2024-07-25 12:00:00+00:00,3.0,3.0,3.0,3.0,1139000.0
2024-07-25 16:00:00+00:00,3.0,4.0,3.0,4.0,1431142.0
2024-07-25 20:00:00+00:00,4.0,4.0,3.0,3.0,651417.0
2024-07-26 00:00:00+00:00,3.0,4.0,3.0,4.0,4282924.0
2024-07-26 04:00:00+00:00,4.0,5.0,4.0,5.0,1277816.0
2024-07-26 08:00:00+00:00,5.0,5.0,5.0,5.0,1191241.0
2024-07-26 12:00:00+00:00,5.0,5.0,5.0,5.0,2080143.0
2024-07-26 16:00:00+00:00,5.0,6.0,5.0,6.0,10110327.0
2024-07-26 20:00:00+00:00,6.0,6.0,6.0,6.0,628966.0
2024-07-27 00:00:00+00:00,6.0,6.0,6.0,6.0,1368476.0
2024-07-27 04:00:00+00:00,6.0,6.0,5.0,5.0,886668.0
2024-07-27 08:00:00+00:00,5.0,5.0,4.0,4.0,1113602.0
2024-07-27 12:00:00+00:00,4.0,5.0,4.0,4.0,902308.0
2024-07-27 16:00:00+00:00,4.0,4.0,3.0,3.0,884042.0
2024-07-27 20:00:00+00:00,3.0,4.0,3.0,3.0,993332.0
2024-07-28 00:00:00+00:00,3.0,3.0,3.0,3.0,642569.0
2024-07-28 04:00:00+00:00,3.0,3.0,3.0,3.0,1772266.0
2024-07-28 08:00:00+00:00,3.0,3.0,2.0,2.0,1748897.0
2024-07-28 12:00:00+00:00,2.0,2.0,2.0,2.0,1417483.0
2024-07-28 16:00:00+00:00,2.0,3.0,2.0,3.0,1088143.0
2024-07-28 20:00:00+00:00,3.0,3.0,2.0,2.0,1580050.0
2024-07-29 00:00:00+00:00,2.0,2.0,2.0,2.0,1347477.0
2024-07-29 04:00:00+00:00,2.0,2.0,2.0,2.0,866727.0
2024-07-29 08:00:00+00:00,2.0,2.0,2.0,2.0,1292325.0
2024-07-29 12:00:00+00:00,2.0,2.0,2.0,2.0,1139496.0
2024-07-29 16:00:00+00:00,2.0,3.0,2.0,3.0,760614.0
2024-07-29 20:00:00+00:00,3.0,3.0,2.0,2.0,459142.0
2024-07-30 00:00:00+00:00,2.0,2.0,2.0,2.0,2005095.0
2024-07-30 04:00:00+00:00,2.0,3.0,2.0,3.0,884871.0
2024-07-30 08:00:00+00:00,3.0,3.0,2.0,3.0,1848008.0
2024-07-30 12:00:00+00:00,3.0,3.0,3.0,3.0,2114145.0
2024-07-30 16:00:00+00:00,3.0,3.0,2.0,2.0,744160.0
2024-07-30 20:00:00+00:00,2.0,2.0,2.0,2.0,623830.0
2024-07-31 00:00:00+00:00,2.0,2.0,2.0,2.0,5890467.0
2024-07-31 04:00:00+00:00,2.0,2.0,2.0,2.0,2522908.0
2024-07-31 08:00:00+00:00,2.0,2.0,2.0,2.0,1383773.0
2024-07-31 12:00:00+00:00,2.0,2.0,1.0,1.0,1515053.0
2024-07-31 16:00:00+00:00,1.0,2.0,1.0,2.0,1134448.0
2024-07-31 20:00:00+00:00,2.0,2.0,2.0,2.0,1849594.0
2024-08-01 00:00:00+00:00,2.0,2.0,2.0,2.0,889444.0
2024-08-01 04:00:00+00:00,2.0,2.0,2.0,2.0,540268.0
2024-08-01 08:00:00+00:00,2.0,2.0,2.0,2.0,590489.0
2024-08-01 12:00:00+00:00,2.0,2.0,2.0,2.0,1561327.0
2024-08-01 16:00:00+00:00,2.0,2.0,2.0,2.0,603766.0
2024-08-01 20:00:00+00:00,2.0,3.0,2.0,3.0,1972526.0
2024-08-02 00:00:00+00:00,3.0,3.0,3.0,3.0,687235.0
2024-08-02 04:00:00+00:00,3.0,3.0,3.0,3.0,734165.0
2024-08-02 08:00:00+00:00,3.0,3.0,3.0,3.0,1746279.0
2024-08-02 12:00:00+00:00,3.0,3.0,3.0,3.0,1198922.0
2024-08-02 16:00:00+00:00,3.0,3.0,3.0,3.0,1063890.0
2024-08-02 20:00:00+00:00,3.0,3.0,3.0,3.0,2043332.0
2024-08-03 00:00:00+00:00,3.0,4.0,3.0,4.0,1818361.0
2024-08-03 04:00:00+00:00,4.0,4.0,3.0,3.0,2791308.0
2024-08-03 08:00:00+00:00,3.0,3.0,3.0,3.0,1270973.0
2024-08-03 12:00:00+00:00,3.0,3.0,2.0,2.0,1473594.0
2024-08-03 16:00:00+00:00,2.0,2.0,2.0,2.0,640832.0
2024-08-03 20:00:00+00:00,2.0,2.0,2.0,2.0,1207875.0
2024-08-04 00:00:00+00:00,2.0,2.0,1.0,1.0,3189756.0
2024-08-04 04:00:00+00:00,1.0,1.0,1.0,1.0,2250079.0
2024-08-04 08:00:00+00:00,1.0,2.0,1.0,2.0,3429347.0
2024-08-04 12:00:00+00:00,2.0,2.0,2.0,2.0,408903.0
2024-08-04 16:00:00+00:00,2.0,2.0,2.0,2.0,2356757.0
2024-08-04 20:00:00+00:00,2.0,2.0,2.0,2.0,413512.0
2024-08-05 00:00:00+00:00,2.0,2.0,2.0,2.0,1635824.0
2024-08-05 04:00:00+00:00,2.0,2.0,2.0,2.0,1171421.0
2024-08-05 08:00:00+00:00,2.0,2.0,2.0,2.0,1606150.0
2024-08-05 12:00:00+00:00,2.0,2.0,2.0,2.0,575597.0
2024-08-05 16:00:00+00:00,2.0,2.0,2.0,2.0,2056677.0
2024-08-05 20:00:00+00:00,2.0,2.0,2.0,2.0,625031.0
2024-08-06 00:00:00+00:00,2.0,2.0,2.0,2.0,1035829.0
2024-08-06 04:00:00+00:00,2.0,2.0,2.0,2.0,654568.0
2024-08-06 08:00:00+00:00,2.0,2.0,2.0,2.0,557174.0
2024-08-06 12:00:00+00:00,2.0,2.0,2.0,2.0,1302246.0
2024-08-06 16:00:00+00:00,2.0,2.0,2.0,2.0,3462678.0
2024-08-06 20:00:00+00:00,2.0,2.0,2.0,2.0,3845431.0
2024-08-07 00:00:00+00:00,2.0,2.0,2.0,2.0,1053066.0
2024-08-07 04:00:00+00:00,2.0,2.0,2.0,2.0,2579991.0
2024-08-07 08:00:00+00:00,2.0,2.0,2.0,2.0,1364139.0
2024-08-07 12:00:00+00:00,2.0,2.0,2.0,2.0,1296306.0
2024-08-07 16:00:00+00:00,2.0,3.0,2.0,3.0,1149437.0
2024-08-07 20:00:00+00:00,3.0,3.0,3.0,3.0,1793555.0
2024-08-08 00:00:00+00:00,3.0,3.0,3.0,3.0,1638494.0
2024-08-08 04:00:00+00:00,3.0,3.0,3.0,3.0,753400.0
2024-08-08 08:00:00+00:00,3.0,3.0,3.0,3.0,1519740.0
2024-08-08 12:00:00+00:00,3.0,3.0,2.0,2.0,1435174.0
2024-08-08 16:00:00+00:00,2.0,2.0,2.0,2.0,1716776.0
2024-08-08 20:00:00+00:00,2.0,2.0,2.0,2.0,746775.0
2024-08-09 00:00:00+00:00,2.0,2.0,2.0,2.0,1054798.0
2024-08-09 04:00:00+00:00,2.0,2.0,2.0,2.0,2672473.0
2024-08-09 08:00:00+00:00,2.0,2.0,2.0,2.0,2215232.0
2024-08-09 12:00:00+00:00,2.0,2.0,2.0,2.0,2021536.0
2024-08-09 16:00:00+00:00,2.0,2.0,2.0,2.0,1233799.0
2024-08-09 20:00:00+00:00,2.0,2.0,2.0,2.0,1210709.0
2024-08-10 00:00:00+00:00,2.0,2.0,2.0,2.0,3099865.0
2024-08-10 04:00:00+00:00,2.0,2.0,1.0,1.0,3098932.0
2024-08-10 08:00:00+00:00,1.0,1.0,1.0,1.0,400429.0
2024-08-10 12:00:00+00:00,1.0,1.0,1.0,1.0,797969.0
2024-08-10 16:00:00+00:00,1.0,1.0,1.0,1.0,2449049.0
2024-08-10 20:00:00+00:00,1.0,1.0,1.0,1.0,1472748.0
2024-08-11 00:00:00+00:00,1.0,2.0,1.0,2.0,1108610.0
2024-08-11 04:00:00+00:00,2.0,2.0,2.0,2.0,583996.0
2024-08-11 08:00:00+00:00,2.0,2.0,2.0,2.0,1268051.0
2024-08-11 12:00:00+00:00,2.0,2.0,2.0,2.0,530598.0
2024-08-11 16:00:00+00:00,2.0,2.0,2.0,2.0,3267681.0
2024-08-11 20:00:00+00:00,2.0,2.0,2.0,2.0,1258843.0
2024-08-12 00:00:00+00:00,2.0,2.0,2.0,2.0,1100703.0
2024-08-12 04:00:00+00:00,2.0,2.0,2.0,2.0,1572054.0
2024-08-12 08:00:00+00:00,2.0,2.0,2.0,2.0,1747176.0
2024-08-12 12:00:00+00:00,2.0,2.0,2.0,2.0,1725845.0
2024-08-12 16:00:00+00:00,2.0,2.0,2.0,2.0,1718506.0
2024-08-12 20:00:00+00:00,2.0,2.0,2.0,2.0,873107.0
2024-08-13 00:00:00+00:00,2.0,2.0,2.0,2.0,1326203.0
2024-08-13 04:00:00+00:00,2.0,3.0,2.0,2.0,2101628.0
2024-08-13 08:00:00+00:00,2.0,3.0,2.0,2.0,1278841.0
2024-08-13 12:00:00+00:00,2.0,2.0,1.0,1.0,2140245.0
2024-08-13 16:00:00+00:00,1.0,1.0,1.0,1.0,1738252.0
2024-08-13 20:00:00+00:00,1.0,1.0,1.0,1.0,2386263.0
2024-08-14 00:00:00+00:00,1.0,1.0,1.0,1.0,451200.0
2024-08-14 04:00:00+00:00,1.0,1.0,1.0,1.0,2176976.0
2024-08-14 08:00:00+00:00,1.0,1.0,1.0,1.0,1607808.0
2024-08-14 12:00:00+00:00,1.0,1.0,1.0,1.0,1776858.0
2024-08-14 16:00:00+00:00,1.0,1.0,1.0,1.0,1984188.0
2024-08-14 20:00:00+00:00,1.0,1.0,1.0,1.0,2805342.0
2024-08-15 00:00:00+00:00,1.0,1.0,0.0,0.0,4253672.0
2024-08-15 04:00:00+00:00,0.0,0.0,0.0,0.0,2434868.0
2024-08-15 08:00:00+00:00,0.0,0.0,0.0,0.0,2429295.0
2024-08-15 12:00:00+00:00,0.0,0.0,0.0,0.0,1922080.0
2024-08-15 16:00:00+00:00,0.0,0.0,0.0,0.0,1104180.0
2024-08-15 20:00:00+00:00,0.0,0.0,0.0,0.0,1551508.0
2024-08-16 00:00:00+00:00,0.0,0.0,0.0,0.0,1817788.0
2024-08-16 04:00:00+00:00,0.0,0.0,0.0,0.0,906444.0
2024-08-16 08:00:00+00:00,0.0,0.0,0.0,0.0,1753380.0
2024-08-16 12:00:00+00:00,0.0,0.0,0.0,0.0,1515772.0
2024-08-16 16:00:00+00:00,0.0,0.0,0.0,0.0,696315.0
2024-08-16 20:00:00+00:00,0.0,0.0,0.0,0.0,1921844.0
2024-08-17 00:00:00+00:00,0.0,0.0,0.0,0.0,1448342.0
2024-08-17 04:00:00+00:00,0.0,0.0,0.0,0.0,3329200.0
2024-08-17 08:00:00+00:00,0.0,0.0,0.0,0.0,618411.0
2024-08-17 12:00:00+00:00,0.0,0.0,0.0,0.0,812726.0
2024-08-17 16:00:00+00:00,0.0,0.0,0.0,0.0,1803442.0
2024-08-17 20:00:00+00:00,0.0,0.0,0.0,0.0,2848721.0
2024-08-18 00:00:00+00:00,0.0,0.0,0.0,0.0,2102553.0
2024-08-18 04:00:00+00:00,0.0,0.0,0.0,0.0,1946065.0
2024-08-18 08:00:00+00:00,0.0,0.0,0.0,0.0,620349.0
2024-08-18 12:00:00+00:00,0.0,0.0,0.0,0.0,727228.0
2024-08-18 16:00:00+00:00,0.0,0.0,0.0,0.0,1729761.0
2024-08-18 20:00:00+00:00,0.0,0.0,0.0,0.0,641241.0
2024-08-19 00:00:00+00:00,0.0,0.0,0.0,0.0,1399518.0
2024-08-19 04:00:00+00:00,0.0,0.0,0.0,0.0,1681866.0
2024-08-19 08:00:00+00:00,0.0,0.0,0.0,0.0,743723.0
2024-08-19 12:00:00+00:00,0.0,0.0,0.0,0.0,4407073.0
2024-08-19 16:00:00+00:00,0.0,0.0,0.0,0.0,2339092.0
2024-08-19 20:00:00+00:00,0.0,0.0,0.0,0.0,609876.0
2024-08-20 00:00:00+00:00,0.0,0.0,0.0,0.0,714450.0
2024-08-20 04:00:00+00:00,0.0,0.0,0.0,0.0,506995.0
2024-08-20 08:00:00+00:00,0.0,1.0,0.0,1.0,1154047.0
2024-08-20 12:00:00+00:00,1.0,1.0,1.0,1.0,1493972.0
2024-08-20 16:00:00+00:00,1.0,1.0,1.0,1.0,1082017.0
2024-08-20 20:00:00+00:00,1.0,1.0,1.0,1.0,1524698.0
2024-08-21 00:00:00+00:00,1.0,1.0,1.0,1.0,607747.0
2024-08-21 04:00:00+00:00,1.0,1.0,1.0,1.0,2846376.0
2024-08-21 08:00:00+00:00,1.0,1.0,1.0,1.0,807107.0
2024-08-21 12:00:00+00:00,1.0,1.0,1.0,1.0,1167298.0
2024-08-21 16:00:00+00:00,1.0,1.0,1.0,1.0,1037576.0
2024-08-21 20:00:00+00:00,1.0,1.0,1.0,1.0,848541.0
2024-08-22 00:00:00+00:00,1.0,1.0,0.0,0.0,805402.0
2024-08-22 04:00:00+00:00,0.0,1.0,0.0,1.0,2504736.0
2024-08-22 08:00:00+00:00,1.0,1.0,0.0,0.0,1577219.0
2024-08-22 12:00:00+00:00,0.0,0.0,0.0,0.0,2480838.0
2024-08-22 16:00:00+00:00,0.0,0.0,0.0,0.0,1464480.0
2024-08-22 20:00:00+00:00,0.0,1.0,0.0,1.0,1650992.0
2024-08-23 00:00:00+00:00,1.0,1.0,1.0,1.0,559848.0
2024-08-23 04:00:00+00:00,1.0,1.0,1.0,1.0,1268088.0
2024-08-23 08:00:00+00:00,1.0,1.0,1.0,1.0,1319001.0
2024-08-23 12:00:00+00:00,1.0,1.0,0.0,0.0,4345350.0
2024-08-23 16:00:00+00:00,0.0,0.0,0.0,0.0,29108180.0
2024-08-23 20:00:00+00:00,1.0,1.0,0.0,0.0,30271409.0
2024-08-24 00:00:00+00:00,1.0,1.0,0.0,0.0,18398430.0
2024-08-24 04:00:00+00:00,1.0,1.0,1.0,1.0,13794638.0
2024-08-24 08:00:00+00:00,1.0,1.0,1.0,1.0,16343454.0
2024-08-24 12:00:00+00:00,1.0,1.0,1.0,1.0,16720670.0
2024-08-24 16:00:00+00:00,1.0,1.0,1.0,1.0,1236299.0
2024-08-24 20:00:00+00:00,1.0,1.0,1.0,1.0,1061673.0
2024-08-25 00:00:00+00:00,1.0,1.0,1.0,1.0,1281542.0
2024-08-25 04:00:00+00:00,1.0,1.0,1.0,1.0,2295388.0
2024-08-25 08:00:00+00:00,1.0,1.0,1.0,1.0,396571.0
2024-08-25 12:00:00+00:00,1.0,1.0,1.0,1.0,3089346.0
2024-08-25 16:00:00+00:00,1.0,1.0,1.0,1.0,770742.0
2024-08-25 20:00:00+00:00,1.0,1.0,1.0,1.0,626872.0
2024-08-26 00:00:00+00:00,1.0,2.0,1.0,2.0,2679222.0
2024-08-26 04:00:00+00:00,2.0,2.0,2.0,2.0,1675032.0
2024-08-26 08:00:00+00:00,2.0,2.0,1.0,1.0,2574956.0
2024-08-26 12:00:00+00:00,1.0,1.0,1.0,1.0,2190371.0
2024-08-26 16:00:00+00:00,1.0,1.0,1.0,1.0,5272542.0
2024-08-26 20:00:00+00:00,1.0,1.0,1.0,1.0,2548870.0
2024-08-27 00:00:00+00:00,1.0,1.0,1.0,1.0,1381717.0
2024-08-27 04:00:00+00:00,1.0,1.0,1.0,1.0,1302576.0
2024-08-27 08:00:00+00:00,1.0,1.0,1.0,1.0,2090047.0
2024-08-27 12:00:00+00:00,1.0,1.0,1.0,1.0,772405.0
2024-08-27 16:00:00+00:00,1.0,1.0,1.0,1.0,988331.0
2024-08-27 20:00:00+00:00,1.0,1.0,1.0,1.0,1190401.0
2024-08-28 00:00:00+00:00,1.0,1.0,1.0,1.0,440047.0
2024-08-28 04:00:00+00:00,1.0,1.0,1.0,1.0,1149964.0
2024-08-28 08:00:00+00:00,1.0,1.0,1.0,1.0,439678.0
2024-08-28 12:00:00+00:00,1.0,1.0,1.0,1.0,1139886.0
2024-08-28 16:00:00+00:00,1.0,1.0,1.0,1.0,2658995.0
2024-08-28 20:00:00+00:00,1.0,1.0,1.0,1.0,963332.0
2024-08-29 00:00:00+00:00,1.0,2.0,1.0,2.0,3081971.0
2024-08-29 04:00:00+00:00,2.0,2.0,1.0,2.0,626326.0
2024-08-29 08:00:00+00:00,2.0,2.0,2.0,2.0,2775197.0
2024-08-29 12:00:00+00:00,2.0,2.0,2.0,2.0,1517989.0
2024-08-29 16:00:00+00:00,2.0,2.0,2.0,2.0,670763.0
2024-08-29 20:00:00+00:00,2.0,2.0,2.0,2.0,4581896.0
2024-08-30 00:00:00+00:00,2.0,2.0,2.0,2.0,1251069.0
2024-08-30 04:00:00+00:00,2.0,2.0,1.0,1.0,797280.0
2024-08-30 08:00:00+00:00,1.0,2.0,1.0,2.0,626119.0
2024-08-30 12:00:00+00:00,2.0,2.0,2.0,2.0,1396286.0
2024-08-30 16:00:00+00:00,2.0,2.0,2.0,2.0,948580.0
2024-08-30 20:00:00+00:00,2.0,2.0,2.0,2.0,1198321.0
2024-08-31 00:00:00+00:00,2.0,2.0,2.0,2.0,1522844.0
2024-08-31 04:00:00+00:00,2.0,3.0,2.0,3.0,1522978.0
2024-08-31 08:00:00+00:00,3.0,4.0,2.0,4.0,1789362.0
2024-08-31 12:00:00+00:00,4.0,4.0,3.0,4.0,477236.0
2024-08-31 16:00:00+00:00,4.0,4.0,3.0,3.0,1662201.0
2024-08-31 20:00:00+00:00,3.0,3.0,3.0,3.0,410290.0
2024-09-01 00:00:00+00:00,3.0,3.0,3.0,3.0,1399657.0
2024-09-01 04:00:00+00:00,3.0,4.0,3.0,4.0,969262.0
2024-09-01 08:00:00+00:00,4.0,4.0,4.0,4.0,1415108.0
2024-09-01 12:00:00+00:00,4.0,4.0,4.0,4.0,2047001.0
2024-09-01 16:00:00+00:00,4.0,4.0,3.0,3.0,963329.0
2024-09-01 20:00:00+00:00,3.0,4.0,3.0,3.0,1857953.0
2024-09-02 00:00:00+00:00,3.0,3.0,3.0,3.0,1112428.0
2024-09-02 04:00:00+00:00,3.0,3.0,3.0,3.0,3027672.0
2024-09-02 08:00:00+00:00,3.0,3.0,3.0,3.0,1054716.0
2024-09-02 12:00:00+00:00,3.0,4.0,3.0,4.0,1151238.0
2024-09-02 16:00:00+00:00,4.0,4.0,4.0,4.0,1662035.0
2024-09-02 20:00:00+00:00,4.0,4.0,3.0,3.0,1236102.0
2024-09-03 00:00:00+00:00,3.0,3.0,3.0,3.0,788658.0
2024-09-03 04:00:00+00:00,3.0,4.0,3.0,4.0,1212394.0
2024-09-03 08:00:00+00:00,4.0,4.0,4.0,4.0,1245211.0
2024-09-03 12:00:00+00:00,4.0,4.0,4.0,4.0,2072182.0
2024-09-03 16:00:00+00:00,4.0,4.0,4.0,4.0,383133.0
2024-09-03 20:00:00+00:00,4.0,4.0,3.0,3.0,1361370.0
2024-09-04 00:00:00+00:00,3.0,3.0,3.0,3.0,1767032.0
2024-09-04 04:00:00+00:00,3.0,3.0,3.0,3.0,1160264.0
2024-09-04 08:00:00+00:00,3.0,4.0,3.0,4.0,2288877.0
2024-09-04 12:00:00+00:00,4.0,4.0,3.0,3.0,1347200.0
2024-09-04 16:00:00+00:00,3.0,3.0,3.0,3.0,1090300.0
2024-09-04 20:00:00+00:00,3.0,3.0,3.0,3.0,1783389.0
2024-09-05 00:00:00+00:00,3.0,3.0,3.0,3.0,1225981.0
2024-09-05 04:00:00+00:00,3.0,4.0,3.0,4.0,1462975.0
2024-09-05 08:00:00+00:00,4.0,4.0,4.0,4.0,1525646.0
2024-09-05 12:00:00+00:00,4.0,4.0,4.0,4.0,795463.0
2024-09-05 16:00:00+00:00,4.0,4.0,4.0,4.0,1046772.0
2024-09-05 20:00:00+00:00,4.0,4.0,3.0,3.0,1257176.0
2024-09-06 00:00:00+00:00,3.0,3.0,2.0,2.0,3523143.0
2024-09-06 04:00:00+00:00,2.0,3.0,2.0,2.0,336688.0
2024-09-06 08:00:00+00:00,2.0,2.0,2.0,2.0,1912761.0
2024-09-06 12:00:00+00:00,2.0,2.0,2.0,2.0,1268545.0
2024-09-06 16:00:00+00:00,2.0,3.0,2.0,3.0,928876.0
2024-09-06 20:00:00+00:00,3.0,3.0,3.0,3.0,1462319.0
2024-09-07 00:00:00+00:00,3.0,3.0,3.0,3.0,1375692.0
2024-09-07 04:00:00+00:00,3.0,3.0,3.0,3.0,2276704.0
2024-09-07 08:00:00+00:00,3.0,4.0,3.0,4.0,505680.0
2024-09-07 12:00:00+00:00,4.0,6.0,4.0,6.0,3820108.0
2024-09-07 16:00:00+00:00,6.0,7.0,6.0,7.0,1068581.0
2024-09-07 20:00:00+00:00,7.0,8.0,7.0,8.0,2061297.0
2024-09-08 00:00:00+00:00,8.0,9.0,8.0,9.0,1836995.0
2024-09-08 04:00:00+00:00,9.0,10.0,8.0,10.0,872077.0
2024-09-08 08:00:00+00:00,10.0,10.0,9.0,9.0,1734136.0
2024-09-08 12:00:00+00:00,9.0,9.0,8.0,8.0,1126985.0
2024-09-08 16:00:00+00:00,8.0,8.0,8.0,8.0,355032.0
2024-09-08 20:00:00+00:00,8.0,8.0,7.0,7.0,1924968.0
2024-09-09 00:00:00+00:00,7.0,8.0,7.0,7.0,814004.0
2024-09-09 04:00:00+00:00,7.0,8.0,7.0,8.0,857851.0
2024-09-09 08:00:00+00:00,8.0,9.0,8.0,9.0,1170342.0
2024-09-09 12:00:00+00:00,9.0,9.0,9.0,9.0,1193453.0
2024-09-09 16:00:00+00:00,9.0,11.0,9.0,11.0,1614855.0
2024-09-09 20:00:00+00:00,11.0,11.0,9.0,9.0,1988566.0
2024-09-10 00:00:00+00:00,9.0,9.0,9.0,9.0,555490.0
2024-09-10 04:00:00+00:00,9.0,9.0,8.0,8.0,911152.0
2024-09-10 08:00:00+00:00,8.0,8.0,6.0,6.0,1734458.0
2024-09-10 12:00:00+00:00,6.0,6.0,5.0,6.0,2674080.0
2024-09-10 16:00:00+00:00,6.0,6.0,5.0,6.0,994130.0
2024-09-10 20:00:00+00:00,6.0,7.0,5.0,7.0,2880957.0
2024-09-11 00:00:00+00:00,7.0,7.0,7.0,7.0,1310898.0
2024-09-11 04:00:00+00:00,7.0,7.0,6.0,6.0,1145482.0
2024-09-11 08:00:00+00:00,6.0,8.0,6.0,8.0,1623262.0
2024-09-11 12:00:00+00:00,8.0,10.0,8.0,9.0,1426225.0
2024-09-11 16:00:00+00:00,9.0,11.0,9.0,10.0,1709371.0
2024-09-11 20:00:00+00:00,10.0,10.0,10.0,10.0,2186823.0
2024-09-12 00:00:00+00:00,10.0,10.0,9.0,9.0,1711305.0
2024-09-12 04:00:00+00:00,9.0,9.0,8.0,8.0,2109749.0
2024-09-12 08:00:00+00:00,8.0,9.0,8.0,9.0,921069.0
2024-09-12 12:00:00+00:00,9.0,12.0,9.0,12.0,1503795.0
2024-09-12 16:00:00+00:00,12.0,16.0,12.0,15.0,1181157.0
2024-09-12 20:00:00+00:00,15.0,15.0,14.0,14.0,1425134.0
2024-09-13 00:00:00+00:00,14.0,14.0,11.0,11.0,1254922.0
2024-09-13 04:00:00+00:00,11.0,12.0,11.0,12.0,1534842.0
2024-09-13 08:00:00+00:00,12.0,12.0,9.0,9.0,1125007.0
2024-09-13 12:00:00+00:00,9.0,9.0,9.0,9.0,1172604.0
2024-09-13 16:00:00+00:00,9.0,9.0,9.0,9.0,1500277.0
2024-09-13 20:00:00+00:00,9.0,9.0,8.0,8.0,429761.0
2024-09-14 00:00:00+00:00,8.0,8.0,6.0,6.0,4955283.0
2024-09-14 04:00:00+00:00,6.0,7.0,6.0,7.0,1070535.0
2024-09-14 08:00:00+00:00,7.0,7.0,6.0,6.0,449581.0
2024-09-14 12:00:00+00:00,6.0,6.0,5.0,5.0,1649611.0
2024-09-14 16:00:00+00:00,5.0,5.0,3.0,3.0,2328914.0
2024-09-14 20:00:00+00:00,3.0,3.0,3.0,3.0,969635.0
2024-09-15 00:00:00+00:00,3.0,4.0,3.0,4.0,2935342.0
2024-09-15 04:00:00+00:00,4.0,5.0,4.0,5.0,2542650.0
2024-09-15 08:00:00+00:00,5.0,5.0,4.0,4.0,1396784.0
2024-09-15 12:00:00+00:00,4.0,4.0,4.0,4.0,1589088.0
2024-09-15 16:00:00+00:00,4.0,4.0,4.0,4.0,1151440.0
2024-09-15 20:00:00+00:00,4.0,4.0,4.0,4.0,3515990.0
2024-09-16 00:00:00+00:00,4.0,4.0,4.0,4.0,543147.0
2024-09-16 04:00:00+00:00,4.0,4.0,4.0,4.0,1444260.0
2024-09-16 08:00:00+00:00,4.0,5.0,4.0,5.0,1605579.0
2024-09-16 12:00:00+00:00,5.0,5.0,5.0,5.0,1566329.0
2024-09-16 16:00:00+00:00,5.0,5.0,5.0,5.0,714113.0
2024-09-16 20:00:00+00:00,5.0,5.0,4.0,4.0,582069.0
2024-09-17 00:00:00+00:00,4.0,4.0,4.0,4.0,1481851.0
2024-09-17 04:00:00+00:00,4.0,4.0,3.0,3.0,1266015.0
2024-09-17 08:00:00+00:00,3.0,4.0,3.0,4.0,2458264.0
2024-09-17 12:00:00+00:00,4.0,4.0,4.0,4.0,748675.0
2024-09-17 16:00:00+00:00,4.0,4.0,4.0,4.0,2421783.0
2024-09-17 20:00:00+00:00,4.0,5.0,4.0,4.0,5466587.0
2024-09-18 00:00:00+00:00,4.0,5.0,4.0,4.0,927397.0
2024-09-18 04:00:00+00:00,4.0,4.0,4.0,4.0,528533.0
2024-09-18 08:00:00+00:00,4.0,4.0,4.0,4.0,1084717.0
2024-09-18 12:00:00+00:00,4.0,4.0,2.0,2.0,2103907.0
2024-09-18 16:00:00+00:00,2.0,3.0,2.0,3.0,1855175.0
2024-09-18 20:00:00+00:00,3.0,3.0,3.0,3.0,991897.0
2024-09-19 00:00:00+00:00,3.0,3.0,3.0,3.0,2448384.0
2024-09-19 04:00:00+00:00,3.0,3.0,3.0,3.0,590897.0
2024-09-19 08:00:00+00:00,3.0,3.0,3.0,3.0,516095.0
2024-09-19 12:00:00+00:00,3.0,3.0,2.0,2.0,2959477.0
2024-09-19 16:00:00+00:00,2.0,2.0,2.0,2.0,396595.0
2024-09-19 20:00:00+00:00,2.0,3.0,2.0,3.0,1226873.0
2024-09-20 00:00:00+00:00,3.0,3.0,2.0,2.0,7430362.0
2024-09-20 04:00:00+00:00,2.0,2.0,2.0,2.0,1126472.0
2024-09-20 08:00:00+00:00,2.0,2.0,2.0,2.0,918920.0
2024-09-20 12:00:00+00:00,2.0,2.0,2.0,2.0,1176690.0
2024-09-20 16:00:00+00:00,2.0,2.0,2.0,2.0,989587.0
2024-09-20 20:00:00+00:00,2.0,2.0,1.0,1.0,1859735.0
2024-09-21 00:00:00+00:00,1.0,2.0,1.0,2.0,2123628.0
2024-09-21 04:00:00+00:00,2.0,2.0,1.0,1.0,790923.0
2024-09-21 08:00:00+00:00,1.0,1.0,1.0,1.0,3171186.0
2024-09-21 12:00:00+00:00,1.0,1.0,1.0,1.0,1233164.0
2024-09-21 16:00:00+00:00,1.0,2.0,1.0,2.0,2182460.0
2024-09-21 20:00:00+00:00,2.0,2.0,1.0,1.0,1063986.0
2024-09-22 00:00:00+00:00,1.0,1.0,1.0,1.0,1956226.0
2024-09-22 04:00:00+00:00,1.0,1.0,1.0,1.0,1047663.0
2024-09-22 08:00:00+00:00,1.0,2.0,1.0,2.0,1507560.0
2024-09-22 12:00:00+00:00,2.0,2.0,2.0,2.0,677109.0
2024-09-22 16:00:00+00:00,2.0,2.0,1.0,2.0,707688.0
2024-09-22 20:00:00+00:00,2.0,2.0,1.0,1.0,1935963.0
2024-09-23 00:00:00+00:00,1.0,1.0,1.0,1.0,832143.0
2024-09-23 04:00:00+00:00,1.0,1.0,1.0,1.0,964840.0
2024-09-23 08:00:00+00:00,1.0,1.0,1.0,1.0,1678172.0
2024-09-23 12:00:00+00:00,1.0,1.0,1.0,1.0,1696664.0
2024-09-23 16:00:00+00:00,1.0,1.0,1.0,1.0,1026932.0
2024-09-23 20:00:00+00:00,1.0,1.0,0.0,0.0,1945782.0
2024-09-24 00:00:00+00:00,0.0,0.0,0.0,0.0,1465791.0
2024-09-24 04:00:00+00:00,0.0,0.0,0.0,0.0,490025.0
2024-09-24 08:00:00+00:00,0.0,1.0,0.0,1.0,922661.0
2024-09-24 12:00:00+00:00,1.0,1.0,1.0,1.0,1193373.0
2024-09-24 16:00:00+00:00,1.0,1.0,1.0,1.0,915564.0
2024-09-24 20:00:00+00:00,1.0,1.0,1.0,1.0,1837162.0
2024-09-25 00:00:00+00:00,1.0,1.0,1.0,1.0,2623373.0
2024-09-25 04:00:00+00:00,1.0,1.0,1.0,1.0,1850623.0
2024-09-25 08:00:00+00:00,1.0,1.0,0.0,0.0,3380041.0
2024-09-25 12:00:00+00:00,0.0,0.0,0.0,0.0,1168800.0
2024-09-25 16:00:00+00:00,0.0,0.0,0.0,0.0,1978364.0
2024-09-25 20:00:00+00:00,0.0,0.0,0.0,0.0,786862.0
2024-09-26 00:00:00+00:00,0.0,1.0,0.0,0.0,5883577.0
2024-09-26 04:00:00+00:00,0.0,1.0,0.0,1.0,3084184.0
2024-09-26 08:00:00+00:00,1.0,1.0,1.0,1.0,1121734.0
2024-09-26 12:00:00+00:00,1.0,1.0,0.0,0.0,1374505.0
2024-09-26 16:00:00+00:00,0.0,0.0,0.0,0.0,3364513.0
2024-09-26 20:00:00+00:00,0.0,0.0,0.0,0.0,1296652.0
2024-09-27 00:00:00+00:00,0.0,0.0,0.0,0.0,746681.0
2024-09-27 04:00:00+00:00,0.0,0.0,0.0,0.0,1675655.0
2024-09-27 08:00:00+00:00,0.0,1.0,0.0,1.0,2524018.0
2024-09-27 12:00:00+00:00,1.0,1.0,1.0,1.0,1240890.0
2024-09-27 16:00:00+00:00,1.0,1.0,1.0,1.0,883247.0
2024-09-27 20:00:00+00:00,1.0,1.0,1.0,1.0,505864.0
2024-09-28 00:00:00+00:00,1.0,1.0,1.0,1.0,1704354.0
2024-09-28 04:00:00+00:00,1.0,1.0,1.0,1.0,1648694.0
2024-09-28 08:00:00+00:00,1.0,1.0,0.0,0.0,1470111.0
2024-09-28 12:00:00+00:00,0.0,1.0,0.0,1.0,2894043.0
2024-09-28 16:00:00+00:00,1.0,1.0,0.0,0.0,916541.0
2024-09-28 20:00:00+00:00,0.0,1.0,0.0,1.0,1086143.0
2024-09-29 00:00:00+00:00,1.0,1.0,1.0,1.0,1434344.0
2024-09-29 04:00:00+00:00,1.0,1.0,1.0,1.0,1155289.0
2024-09-29 08:00:00+00:00,1.0,1.0,1.0,1.0,2312691.0
2024-09-29 12:00:00+00:00,1.0,1.0,1.0,1.0,697578.0
2024-09-29 16:00:00+00:00,1.0,1.0,1.0,1.0,2728741.0
2024-09-29 20:00:00+00:00,1.0,1.0,1.0,1.0,3249071.0
2024-09-30 00:00:00+00:00,1.0,1.0,1.0,1.0,1357019.0
2024-09-30 04:00:00+00:00,1.0,1.0,1.0,1.0,2414598.0
2024-09-30 08:00:00+00:00,1.0,1.0,1.0,1.0,861107.0
2024-09-30 12:00:00+00:00,1.0,1.0,1.0,1.0,1975165.0
2024-09-30 16:00:00+00:00,1.0,1.0,1.0,1.0,2000158.0
2024-09-30 20:00:00+00:00,1.0,1.0,1.0,1.0,2206717.0
2024-10-01 00:00:00+00:00,1.0,1.0,1.0,1.0,1178154.0
2024-10-01 04:00:00+00:00,1.0,1.0,1.0,1.0,439426.0
2024-10-01 08:00:00+00:00,1.0,1.0,1.0,1.0,1076481.0
2024-10-01 12:00:00+00:00,1.0,1.0,1.0,1.0,736779.0
2024-10-01 16:00:00+00:00,1.0,1.0,1.0,1.0,994887.0
2024-10-01 20:00:00+00:00,1.0,1.0,1.0,1.0,1104792.0
2024-10-02 00:00:00+00:00,1.0,1.0,1.0,1.0,971965.0
2024-10-02 04:00:00+00:00,1.0,1.0,1.0,1.0,980992.0
2024-10-02 08:00:00+00:00,1.0,1.0,1.0,1.0,700388.0
2024-10-02 12:00:00+00:00,1.0,1.0,1.0,1.0,760624.0
2024-10-02 16:00:00+00:00,1.0,1.0,1.0,1.0,2522836.0
2024-10-02 20:00:00+00:00,1.0,1.0,1.0,1.0,1099900.0
2024-10-03 00:00:00+00:00,1.0,2.0,1.0,2.0,1670981.0
2024-10-03 04:00:00+00:00,2.0,2.0,2.0,2.0,1000523.0
2024-10-03 08:00:00+00:00,2.0,2.0,2.0,2.0,1354047.0
2024-10-03 12:00:00+00:00,2.0,2.0,2.0,2.0,1361498.0
2024-10-03 16:00:00+00:00,2.0,2.0,2.0,2.0,253688.0
2024-10-03 20:00:00+00:00,2.0,2.0,2.0,2.0,1914329.0
2024-10-04 00:00:00+00:00,2.0,2.0,2.0,2.0,2330938.0
2024-10-04 04:00:00+00:00,2.0,2.0,2.0,2.0,634135.0
2024-10-04 08:00:00+00:00,2.0,2.0,2.0,2.0,977096.0
2024-10-04 12:00:00+00:00,2.0,2.0,2.0,2.0,1163038.0
2024-10-04 16:00:00+00:00,2.0,2.0,2.0,2.0,1034151.0
2024-10-04 20:00:00+00:00,2.0,3.0,2.0,3.0,1777207.0
2024-10-05 00:00:00+00:00,3.0,3.0,3.0,3.0,399337.0
2024-10-05 04:00:00+00:00,3.0,3.0,2.0,2.0,1117715.0
2024-10-05 08:00:00+00:00,2.0,2.0,2.0,2.0,2757460.0
2024-10-05 12:00:00+00:00,2.0,2.0,2.0,2.0,993288.0
2024-10-05 16:00:00+00:00,2.0,2.0,2.0,2.0,1888203.0
2024-10-05 20:00:00+00:00,2.0,2.0,2.0,2.0,1728698.0
2024-10-06 00:00:00+00:00,2.0,2.0,1.0,1.0,498111.0
2024-10-06 04:00:00+00:00,1.0,2.0,1.0,2.0,1888577.0
2024-10-06 08:00:00+00:00,2.0,2.0,2.0,2.0,1171377.0
2024-10-06 12:00:00+00:00,2.0,2.0,2.0,2.0,884867.0
2024-10-06 16:00:00+00:00,2.0,2.0,2.0,2.0,1320983.0
2024-10-06 20:00:00+00:00,2.0,2.0,2.0,2.0,1495937.0
2024-10-07 00:00:00+00:00,2.0,2.0,1.0,1.0,2020860.0
2024-10-07 04:00:00+00:00,1.0,2.0,1.0,2.0,3106180.0
2024-10-07 08:00:00+00:00,2.0,2.0,2.0,2.0,1408616.0
2024-10-07 12:00:00+00:00,2.0,2.0,2.0,2.0,776224.0
2024-10-07 16:00:00+00:00,2.0,2.0,2.0,2.0,1326602.0
2024-10-07 20:00:00+00:00,2.0,3.0,2.0,3.0,6297570.0
2024-10-08 00:00:00+00:00,3.0,3.0,2.0,2.0,1720521.0
2024-10-08 04:00:00+00:00,2.0,3.0,2.0,3.0,3852356.0
2024-10-08 08:00:00+00:00,3.0,3.0,3.0,3.0,2037838.0
2024-10-08 12:00:00+00:00,3.0,3.0,2.0,2.0,1585032.0
2024-10-08 16:00:00+00:00,2.0,2.0,2.0,2.0,1328493.0
2024-10-08 20:00:00+00:00,2.0,2.0,2.0,2.0,1506056.0
2024-10-09 00:00:00+00:00,2.0,2.0,2.0,2.0,642204.0
2024-10-09 04:00:00+00:00,2.0,2.0,2.0,2.0,1223285.0
2024-10-09 08:00:00+00:00,2.0,2.0,2.0,2.0,1991865.0
2024-10-09 12:00:00+00:00,2.0,2.0,2.0,2.0,833077.0
2024-10-09 16:00:00+00:00,2.0,2.0,2.0,2.0,1375698.0
2024-10-09 20:00:00+00:00,2.0,2.0,2.0,2.0,1930260.0
2024-10-10 00:00:00+00:00,2.0,2.0,2.0,2.0,772080.0
2024-10-10 04:00:00+00:00,2.0,2.0,2.0,2.0,1108490.0
2024-10-10 08:00:00+00:00,2.0,2.0,2.0,2.0,966992.0
2024-10-10 12:00:00+00:00,2.0,2.0,2.0,2.0,698703.0
2024-10-10 16:00:00+00:00,2.0,3.0,2.0,3.0,979965.0
2024-10-10 20:00:00+00:00,3.0,3.0,2.0,2.0,926253.0
2024-10-11 00:00:00+00:00,2.0,2.0,2.0,2.0,2659280.0
2024-10-11 04:00:00+00:00,2.0,2.0,2.0,2.0,777294.0
2024-10-11 08:00:00+00:00,2.0,2.0,2.0,2.0,1148474.0
2024-10-11 12:00:00+00:00,2.0,2.0,2.0,2.0,898317.0
2024-10-11 16:00:00+00:00,2.0,2.0,2.0,2.0,2195128.0
2024-10-11 20:00:00+00:00,2.0,3.0,2.0,3.0,2471473.0
2024-10-12 00:00:00+00:00,3.0,3.0,3.0,3.0,2305690.0
2024-10-12 04:00:00+00:00,3.0,3.0,3.0,3.0,1377411.0
2024-10-12 08:00:00+00:00,3.0,3.0,3.0,3.0,989806.0
2024-10-12 12:00:00+00:00,3.0,4.0,3.0,3.0,716492.0
2024-10-12 16:00:00+00:00,3.0,5.0,3.0,4.0,4895604.0
2024-10-12 20:00:00+00:00,4.0,5.0,4.0,4.0,726395.0
2024-10-13 00:00:00+00:00,4.0,4.0,4.0,4.0,2006052.0
2024-10-13 04:00:00+00:00,4.0,4.0,4.0,4.0,2540928.0
2024-10-13 08:00:00+00:00,4.0,4.0,4.0,4.0,800289.0
2024-10-13 12:00:00+00:00,4.0,4.0,3.0,3.0,3320115.0
2024-10-13 16:00:00+00:00,3.0,3.0,3.0,3.0,2021031.0
2024-10-13 20:00:00+00:00,3.0,3.0,3.0,3.0,2949137.0
2024-10-14 00:00:00+00:00,3.0,3.0,3.0,3.0,824684.0
2024-10-14 04:00:00+00:00,3.0,3.0,3.0,3.0,602660.0
2024-10-14 08:00:00+00:00,3.0,3.0,3.0,3.0,841693.0
2024-10-14 12:00:00+00:00,3.0,4.0,3.0,4.0,1462288.0
2024-10-14 16:00:00+00:00,4.0,4.0,3.0,3.0,1233279.0
2024-10-14 20:00:00+00:00,3.0,4.0,3.0,4.0,1009526.0
2024-10-15 00:00:00+00:00,4.0,4.0,3.0,3.0,430648.0
2024-10-15 04:00:00+00:00,3.0,4.0,3.0,4.0,1683531.0
2024-10-15 08:00:00+00:00,4.0,4.0,4.0,4.0,3418508.0
2024-10-15 12:00:00+00:00,4.0,4.0,4.0,4.0,1794452.0
2024-10-15 16:00:00+00:00,4.0,4.0,4.0,4.0,2016351.0
2024-10-15 20:00:00+00:00,4.0,4.0,4.0,4.0,1654792.0
2024-10-16 00:00:00+00:00,4.0,4.0,4.0,4.0,1661008.0
2024-10-16 04:00:00+00:00,4.0,4.0,4.0,4.0,1854021.0
2024-10-16 08:00:00+00:00,4.0,6.0,4.0,6.0,2224558.0
2024-10-16 12:00:00+00:00,6.0,6.0,5.0,5.0,942668.0
2024-10-16 16:00:00+00:00,5.0,6.0,5.0,5.0,778327.0
2024-10-16 20:00:00+00:00,5.0,5.0,5.0,5.0,892068.0
2024-10-17 00:00:00+00:00,5.0,5.0,5.0,5.0,1329248.0
2024-10-17 04:00:00+00:00,5.0,6.0,5.0,6.0,1159839.0
2024-10-17 08:00:00+00:00,6.0,6.0,4.0,4.0,2023122.0
2024-10-17 12:00:00+00:00,4.0,4.0,3.0,4.0,1838030.0
2024-10-17 16:00:00+00:00,4.0,4.0,3.0,3.0,2247901.0
2024-10-17 20:00:00+00:00,3.0,3.0,3.0,3.0,2708429.0
2024-10-18 00:00:00+00:00,3.0,4.0,3.0,4.0,1838620.0
2024-10-18 04:00:00+00:00,4.0,4.0,4.0,4.0,545231.0
2024-10-18 08:00:00+00:00,4.0,4.0,4.0,4.0,906306.0
2024-10-18 12:00:00+00:00,4.0,4.0,4.0,4.0,1052856.0
2024-10-18 16:00:00+00:00,4.0,5.0,4.0,5.0,604682.0
2024-10-18 20:00:00+00:00,5.0,5.0,4.0,4.0,2840898.0
2024-10-19 00:00:00+00:00,4.0,4.0,4.0,4.0,1187402.0
2024-10-19 04:00:00+00:00,4.0,5.0,4.0,5.0,1739332.0
2024-10-19 08:00:00+00:00,5.0,5.0,5.0,5.0,2422784.0
2024-10-19 12:00:00+00:00,5.0,6.0,5.0,5.0,790928.0
2024-10-19 16:00:00+00:00,5.0,6.0,5.0,6.0,1930736.0
2024-10-19 20:00:00+00:00,6.0,6.0,4.0,4.0,2099371.0
2024-10-20 00:00:00+00:00,4.0,4.0,4.0,4.0,1188943.0
2024-10-20 04:00:00+00:00,4.0,4.0,4.0,4.0,880771.0
2024-10-20 08:00:00+00:00,4.0,4.0,3.0,3.0,4197675.0
2024-10-20 12:00:00+00:00,3.0,3.0,3.0,3.0,1018244.0
2024-10-20 16:00:00+00:00,3.0,3.0,3.0,3.0,2293503.0
2024-10-20 20:00:00+00:00,3.0,3.0,3.0,3.0,416421.0
2024-10-21 00:00:00+00:00,3.0,4.0,3.0,4.0,2572745.0
2024-10-21 04:00:00+00:00,4.0,5.0,4.0,5.0,2917534.0
2024-10-21 08:00:00+00:00,5.0,6.0,5.0,6.0,1669531.0
2024-10-21 12:00:00+00:00,6.0,7.0,6.0,7.0,1550137.0
2024-10-21 16:00:00+00:00,7.0,8.0,7.0,8.0,1627344.0
2024-10-21 20:00:00+00:00,8.0,8.0,8.0,8.0,3242060.0
2024-10-22 00:00:00+00:00,8.0,8.0,6.0,6.0,710488.0
2024-10-22 04:00:00+00:00,6.0,6.0,6.0,6.0,1644645.0
2024-10-22 08:00:00+00:00,6.0,6.0,5.0,5.0,875556.0
2024-10-22 12:00:00+00:00,5.0,7.0,5.0,7.0,1955643.0
2024-10-22 16:00:00+00:00,7.0,7.0,7.0,7.0,954885.0
2024-10-22 20:00:00+00:00,7.0,7.0,7.0,7.0,850556.0
2024-10-23 00:00:00+00:00,7.0,7.0,7.0,7.0,1238712.0
2024-10-23 04:00:00+00:00,7.0,7.0,7.0,7.0,577278.0
2024-10-23 08:00:00+00:00,7.0,9.0,7.0,9.0,2929746.0
2024-10-23 12:00:00+00:00,9.0,10.0,8.0,8.0,522774.0
2024-10-23 16:00:00+00:00,8.0,9.0,8.0,9.0,1422034.0
2024-10-23 20:00:00+00:00,9.0,9.0,8.0,8.0,1134779.0
2024-10-24 00:00:00+00:00,8.0,8.0,6.0,6.0,888709.0
2024-10-24 04:00:00+00:00,6.0,6.0,6.0,6.0,1413295.0
2024-10-24 08:00:00+00:00,6.0,6.0,5.0,5.0,467682.0
2024-10-24 12:00:00+00:00,5.0,6.0,5.0,5.0,1216736.0
2024-10-24 16:00:00+00:00,5.0,5.0,5.0,5.0,644928.0
2024-10-24 20:00:00+00:00,5.0,5.0,4.0,4.0,2059060.0
2024-10-25 00:00:00+00:00,4.0,4.0,4.0,4.0,654816.0
2024-10-25 04:00:00+00:00,4.0,4.0,2.0,2.0,10857269.0
2024-10-25 08:00:00+00:00,3.0,3.0,3.0,3.0,12611973.0
2024-10-25 12:00:00+00:00,3.0,3.0,3.0,3.0,5715211.0
2024-10-25 16:00:00+00:00,3.0,3.0,2.0,2.0,13044108.0
2024-10-25 20:00:00+00:00,2.0,2.0,2.0,2.0,4351507.0
2024-10-26 00:00:00+00:00,2.0,2.0,2.0,2.0,14937116.0
2024-10-26 04:00:00+00:00,2.0,2.0,2.0,2.0,2758225.0
2024-10-26 08:00:00+00:00,2.0,3.0,2.0,3.0,6466319.0
2024-10-26 12:00:00+00:00,3.0,3.0,2.0,2.0,1932372.0
2024-10-26 16:00:00+00:00,2.0,2.0,2.0,2.0,1556156.0
2024-10-26 20:00:00+00:00,2.0,2.0,2.0,2.0,440967.0
2024-10-27 00:00:00+00:00,2.0,2.0,2.0,2.0,2751725.0
2024-10-27 04:00:00+00:00,2.0,2.0,2.0,2.0,1611852.0
2024-10-27 08:00:00+00:00,2.0,2.0,2.0,2.0,1052780.0
2024-10-27 12:00:00+00:00,2.0,2.0,2.0,2.0,2127698.0
2024-10-27 16:00:00+00:00,2.0,2.0,2.0,2.0,1198274.0
2024-10-27 20:00:00+00:00,2.0,2.0,2.0,2.0,1178281.0
2024-10-28 00:00:00+00:00,2.0,2.0,2.0,2.0,1277013.0
2024-10-28 04:00:00+00:00,2.0,2.0,2.0,2.0,1081128.0
2024-10-28 08:00:00+00:00,2.0,2.0,2.0,2.0,1716747.0
2024-10-28 12:00:00+00:00,2.0,2.0,2.0,2.0,777568.0
2024-10-28 16:00:00+00:00,2.0,2.0,2.0,2.0,996144.0
2024-10-28 20:00:00+00:00,2.0,2.0,1.0,1.0,1151227.0
2024-10-29 00:00:00+00:00,1.0,1.0,1.0,1.0,2508249.0
2024-10-29 04:00:00+00:00,1.0,1.0,1.0,1.0,820819.0
2024-10-29 08:00:00+00:00,1.0,1.0,1.0,1.0,624862.0
2024-10-29 12:00:00+00:00,1.0,1.0,1.0,1.0,1266502.0
2024-10-29 16:00:00+00:00,1.0,1.0,1.0,1.0,1377576.0
2024-10-29 20:00:00+00:00,1.0,1.0,1.0,1.0,676138.0
2024-10-30 00:00:00+00:00,1.0,1.0,1.0,1.0,597698.0
2024-10-30 04:00:00+00:00,1.0,1.0,1.0,1.0,4944683.0
2024-10-30 08:00:00+00:00,1.0,1.0,1.0,1.0,910827.0
2024-10-30 12:00:00+00:00,1.0,1.0,1.0,1.0,956232.0
2024-10-30 16:00:00+00:00,1.0,1.0,1.0,1.0,1168538.0
2024-10-30 20:00:00+00:00,1.0,1.0,1.0,1.0,1596866.0
2024-10-31 00:00:00+00:00,1.0,1.0,1.0,1.0,1810027.0
2024-10-31 04:00:00+00:00,1.0,1.0,1.0,1.0,1764059.0
2024-10-31 08:00:00+00:00,1.0,1.0,0.0,0.0,1241989.0
2024-10-31 12:00:00+00:00,0.0,0.0,0.0,0.0,572372.0
2024-10-31 16:00:00+00:00,0.0,0.0,0.0,0.0,1950642.0
2024-10-31 20:00:00+00:00,0.0,0.0,0.0,0.0,1051674.0
2024-11-01 00:00:00+00:00,0.0,0.0,0.0,0.0,3074634.0
2024-11-01 04:00:00+00:00,0.0,0.0,0.0,0.0,349069.0
2024-11-01 08:00:00+00:00,0.0,0.0,0.0,0.0,1318447.0
2024-11-01 12:00:00+00:00,0.0,0.0,0.0,0.0,3898441.0
2024-11-01 16:00:00+00:00,0.0,0.0,0.0,0.0,1367661.0
2024-11-01 20:00:00+00:00,0.0,0.0,0.0,0.0,935716.0
2024-11-02 00:00:00+00:00,0.0,0.0,0.0,0.0,1165506.0
2024-11-02 04:00:00+00:00,0.0,0.0,0.0,0.0,989995.0
2024-11-02 08:00:00+00:00,0.0,0.0,0.0,0.0,942758.0
2024-11-02 12:00:00+00:00,0.0,1.0,0.0,1.0,1204332.0
2024-11-02 16:00:00+00:00,1.0,1.0,1.0,1.0,822989.0
2024-11-02 20:00:00+00:00,1.0,1.0,1.0,1.0,2363485.0
2024-11-03 00:00:00+00:00,1.0,1.0,1.0,1.0,1460472.0
2024-11-03 04:00:00+00:00,1.0,1.0,0.0,0.0,1720161.0
2024-11-03 08:00:00+00:00,0.0,0.0,0.0,0.0,1567142.0
2024-11-03 12:00:00+00:00,0.0,0.0,0.0,0.0,891682.0
2024-11-03 16:00:00+00:00,0.0,0.0,0.0,0.0,743357.0
2024-11-03 20:00:00+00:00,0.0,0.0,0.0,0.0,784214.0
2024-11-04 00:00:00+00:00,0.0,0.0,0.0,0.0,1840392.0
2024-11-04 04:00:00+00:00,0.0,0.0,0.0,0.0,735826.0
2024-11-04 08:00:00+00:00,0.0,0.0,0.0,0.0,809160.0
2024-11-04 12:00:00+00:00,0.0,0.0,0.0,0.0,825653.0
2024-11-04 16:00:00+00:00,0.0,0.0,0.0,0.0,4227357.0
2024-11-04 20:00:00+00:00,0.0,0.0,0.0,0.0,391517.0
2024-11-05 00:00:00+00:00,0.0,0.0,0.0,0.0,1272687.0
2024-11-05 04:00:00+00:00,0.0,0.0,0.0,0.0,3397967.0
2024-11-05 08:00:00+00:00,0.0,0.0,0.0,0.0,1264573.0
2024-11-05 12:00:00+00:00,0.0,0.0,0.0,0.0,1884753.0
2024-11-05 16:00:00+00:00,0.0,0.0,0.0,0.0,1888532.0
2024-11-05 20:00:00+00:00,0.0,0.0,0.0,0.0,1102654.0
2024-11-06 00:00:00+00:00,0.0,0.0,0.0,0.0,460076.0
2024-11-06 04:00:00+00:00,0.0,0.0,0.0,0.0,1604787.0
2024-11-06 08:00:00+00:00,0.0,0.0,0.0,0.0,884735.0
2024-11-06 12:00:00+00:00,0.0,0.0,0.0,0.0,1088804.0
2024-11-06 16:00:00+00:00,0.0,0.0,0.0,0.0,868408.0
2024-11-06 20:00:00+00:00,0.0,0.0,0.0,0.0,2698989.0
2024-11-07 00:00:00+00:00,0.0,0.0,0.0,0.0,3711878.0
2024-11-07 04:00:00+00:00,0.0,0.0,0.0,0.0,1184085.0
2024-11-07 08:00:00+00:00,0.0,1.0,0.0,0.0,1079663.0
2024-11-07 12:00:00+00:00,0.0,1.0,0.0,1.0,752386.0
2024-11-07 16:00:00+00:00,1.0,1.0,0.0,0.0,2260548.0
2024-11-07 20:00:00+00:00,0.0,0.0,0.0,0.0,3866347.0
2024-11-08 00:00:00+00:00,0.0,0.0,0.0,0.0,1546047.0
2024-11-08 04:00:00+00:00,0.0,0.0,0.0,0.0,445380.0
2024-11-08 08:00:00+00:00,0.0,0.0,0.0,0.0,2104942.0
2024-11-08 12:00:00+00:00,0.0,0.0,0.0,0.0,2442282.0
2024-11-08 16:00:00+00:00,0.0,0.0,0.0,0.0,536703.0
2024-11-08 20:00:00+00:00,0.0,0.0,0.0,0.0,1636912.0
2024-11-09 00:00:00+00:00,0.0,0.0,0.0,0.0,1375555.0
2024-11-09 04:00:00+00:00,0.0,0.0,0.0,0.0,1098653.0
2024-11-09 08:00:00+00:00,0.0,0.0,0.0,0.0,909106.0
2024-11-09 12:00:00+00:00,0.0,0.0,0.0,0.0,2640532.0
2024-11-09 16:00:00+00:00,0.0,0.0,0.0,0.0,1330110.0
2024-11-09 20:00:00+00:00,0.0,0.0,0.0,0.0,596564.0
2024-11-10 00:00:00+00:00,0.0,0.0,0.0,0.0,392879.0
2024-11-10 04:00:00+00:00,0.0,0.0,0.0,0.0,3302282.0
2024-11-10 08:00:00+00:00,0.0,0.0,0.0,0.0,1855301.0
2024-11-10 12:00:00+00:00,0.0,0.0,0.0,0.0,1498346.0
2024-11-10 16:00:00+00:00,0.0,0.0,0.0,0.0,1385580.0
2024-11-10 20:00:00+00:00,0.0,0.0,0.0,0.0,1194074.0
2024-11-11 00:00:00+00:00,0.0,0.0,0.0,0.0,739734.0
2024-11-11 04:00:00+00:00,0.0,0.0,0.0,0.0,815529.0
2024-11-11 08:00:00+00:00,0.0,0.0,0.0,0.0,389534.0
2024-11-11 12:00:00+00:00,0.0,0.0,0.0,0.0,943888.0
2024-11-11 16:00:00+00:00,0.0,0.0,0.0,0.0,1019573.0
2024-11-11 20:00:00+00:00,0.0,0.0,0.0,0.0,1645358.0
2024-11-12 00:00:00+00:00,0.0,0.0,0.0,0.0,986215.0
2024-11-12 04:00:00+00:00,0.0,0.0,0.0,0.0,1848961.0
2024-11-12 08:00:00+00:00,0.0,0.0,0.0,0.0,1969957.0
2024-11-12 12:00:00+00:00,0.0,0.0,0.0,0.0,2024315.0
2024-11-12 16:00:00+00:00,0.0,0.0,0.0,0.0,1326732.0
2024-11-12 20:00:00+00:00,0.0,0.0,0.0,0.0,1044916.0
2024-11-13 00:00:00+00:00,0.0,0.0,0.0,0.0,712487.0
2024-11-13 04:00:00+00:00,0.0,0.0,0.0,0.0,1614920.0
2024-11-13 08:00:00+00:00,0.0,0.0,0.0,0.0,3984605.0
2024-11-13 12:00:00+00:00,0.0,0.0,0.0,0.0,1487358.0
2024-11-13 16:00:00+00:00,0.0,0.0,0.0,0.0,2951858.0
2024-11-13 20:00:00+00:00,0.0,0.0,0.0,0.0,613211.0
2024-11-14 00:00:00+00:00,0.0,0.0,0.0,0.0,645149.0
2024-11-14 04:00:00+00:00,0.0,0.0,0.0,0.0,2345284.0
2024-11-14 08:00:00+00:00,0.0,0.0,0.0,0.0,1332776.0
2024-11-14 12:00:00+00:00,0.0,0.0,0.0,0.0,2018975.0
2024-11-14 16:00:00+00:00,0.0,0.0,0.0,0.0,1192542.0
2024-11-14 20:00:00+00:00,0.0,0.0,0.0,0.0,1104855.0
2024-11-15 00:00:00+00:00,0.0,0.0,0.0,0.0,1352842.0
2024-11-15 04:00:00+00:00,0.0,0.0,0.0,0.0,713550.0
2024-11-15 08:00:00+00:00,0.0,0.0,0.0,0.0,606401.0
2024-11-15 12:00:00+00:00,0.0,0.0,0.0,0.0,2894600.0
2024-11-15 16:00:00+00:00,0.0,0.0,0.0,0.0,3103616.0
2024-11-15 20:00:00+00:00,0.0,0.0,0.0,0.0,1545725.0
2024-11-16 00:00:00+00:00,0.0,0.0,0.0,0.0,519141.0
2024-11-16 04:00:00+00:00,0.0,0.0,0.0,0.0,1511646.0
2024-11-16 08:00:00+00:00,0.0,0.0,0.0,0.0,673155.0
2024-11-16 12:00:00+00:00,0.0,0.0,0.0,0.0,2435206.0
2024-11-16 16:00:00+00:00,0.0,0.0,0.0,0.0,953808.0
2024-11-16 20:00:00+00:00,0.0,0.0,0.0,0.0,623671.0
2024-11-17 00:00:00+00:00,0.0,0.0,0.0,0.0,1228112.0
2024-11-17 04:00:00+00:00,0.0,0.0,0.0,0.0,1371029.0
2024-11-17 08:00:00+00:00,0.0,0.0,0.0,0.0,2811846.0
2024-11-17 12:00:00+00:00,0.0,0.0,0.0,0.0,1025073.0
2024-11-17 16:00:00+00:00,0.0,0.0,0.0,0.0,551546.0
2024-11-17 20:00:00+00:00,0.0,0.0,0.0,0.0,659779.0
2024-11-18 00:00:00+00:00,0.0,0.0,0.0,0.0,1389502.0
2024-11-18 04:00:00+00:00,0.0,0.0,0.0,0.0,1612741.0
2024-11-18 08:00:00+00:00,0.0,0.0,0.0,0.0,551114.0
2024-11-18 12:00:00+00:00,0.0,0.0,0.0,0.0,2715238.0
2024-11-18 16:00:00+00:00,0.0,0.0,0.0,0.0,2630177.0
2024-11-18 20:00:00+00:00,0.0,0.0,0.0,0.0,1528743.0
2024-11-19 00:00:00+00:00,0.0,0.0,0.0,0.0,2425955.0
2024-11-19 04:00:00+00:00,0.0,0.0,0.0,0.0,1680338.0
2024-11-19 08:00:00+00:00,0.0,0.0,0.0,0.0,692370.0
2024-11-19 12:00:00+00:00,0.0,0.0,0.0,0.0,1299470.0
2024-11-19 16:00:00+00:00,0.0,0.0,0.0,0.0,2518941.0
2024-11-19 20:00:00+00:00,0.0,0.0,0.0,0.0,1362019.0
2024-11-20 00:00:00+00:00,0.0,0.0,0.0,0.0,1320938.0
2024-11-20 04:00:00+00:00,0.0,0.0,0.0,0.0,976877.0
2024-11-20 08:00:00+00:00,0.0,0.0,0.0,0.0,1419078.0
2024-11-20 12:00:00+00:00,0.0,0.0,0.0,0.0,781902.0
2024-11-20 16:00:00+00:00,0.0,0.0,0.0,0.0,1114877.0
2024-11-20 20:00:00+00:00,0.0,0.0,0.0,0.0,2317532.0
2024-11-21 00:00:00+00:00,0.0,0.0,0.0,0.0,827412.0
2024-11-21 04:00:00+00:00,0.0,0.0,0.0,0.0,584221.0
2024-11-21 08:00:00+00:00,0.0,0.0,0.0,0.0,687259.0
2024-11-21 12:00:00+00:00,0.0,0.0,0.0,0.0,1928047.0
2024-11-21 16:00:00+00:00,0.0,0.0,0.0,0.0,1147311.0
2024-11-21 20:00:00+00:00,0.0,0.0,0.0,0.0,1408711.0
2024-11-22 00:00:00+00:00,0.0,0.0,0.0,0.0,790828.0
2024-11-22 04:00:00+00:00,0.0,0.0,0.0,0.0,2275363.0
2024-11-22 08:00:00+00:00,0.0,0.0,0.0,0.0,1027473.0
2024-11-22 12:00:00+00:00,0.0,0.0,0.0,0.0,1636475.0
2024-11-22 16:00:00+00:00,0.0,0.0,0.0,0.0,895762.0
2024-11-22 20:00:00+00:00,0.0,0.0,0.0,0.0,807564.0
2024-11-23 00:00:00+00:00,0.0,0.0,0.0,0.0,1178932.0
2024-11-23 04:00:00+00:00,0.0,0.0,0.0,0.0,1622960.0
2024-11-23 08:00:00+00:00,0.0,0.0,0.0,0.0,2356715.0
2024-11-23 12:00:00+00:00,0.0,0.0,0.0,0.0,1662866.0
2024-11-23 16:00:00+00:00,0.0,0.0,0.0,0.0,174508.0
2024-11-23 20:00:00+00:00,0.0,0.0,0.0,0.0,682304.0
2024-11-24 00:00:00+00:00,0.0,0.0,0.0,0.0,928977.0
2024-11-24 04:00:00+00:00,0.0,0.0,0.0,0.0,2626187.0
2024-11-24 08:00:00+00:00,0.0,0.0,0.0,0.0,753613.0
2024-11-24 12:00:00+00:00,0.0,0.0,0.0,0.0,1359105.0
2024-11-24 16:00:00+00:00,0.0,0.0,0.0,0.0,2202813.0
2024-11-24 20:00:00+00:00,0.0,0.0,0.0,0.0,562959.0
2024-11-25 00:00:00+00:00,0.0,0.0,0.0,0.0,1296952.0
2024-11-25 04:00:00+00:00,0.0,0.0,0.0,0.0,726139.0
2024-11-25 08:00:00+00:00,0.0,0.0,0.0,0.0,1174554.0
2024-11-25 12:00:00+00:00,0.0,0.0,0.0,0.0,849836.0
2024-11-25 16:00:00+00:00,0.0,0.0,0.0,0.0,1609405.0
2024-11-25 20:00:00+00:00,0.0,0.0,0.0,0.0,5061224.0
2024-11-26 00:00:00+00:00,0.0,0.0,0.0,0.0,1662977.0
2024-11-26 04:00:00+00:00,0.0,0.0,0.0,0.0,1744923.0
2024-11-26 08:00:00+00:00,0.0,0.0,0.0,0.0,1495819.0
2024-11-26 12:00:00+00:00,0.0,0.0,0.0,0.0,675628.0
2024-11-26 16:00:00+00:00,0.0,0.0,0.0,0.0,1740811.0
2024-11-26 20:00:00+00:00,0.0,0.0,0.0,0.0,2300502.0
2024-11-27 00:00:00+00:00,0.0,0.0,0.0,0.0,773777.0
2024-11-27 04:00:00+00:00,0.0,0.0,0.0,0.0,2325052.0
2024-11-27 08:00:00+00:00,0.0,0.0,0.0,0.0,2301735.0
2024-11-27 12:00:00+00:00,0.0,0.0,0.0,0.0,3230578.0
2024-11-27 16:00:00+00:00,0.0,0.0,0.0,0.0,1128243.0
2024-11-27 20:00:00+00:00,0.0,0.0,0.0,0.0,826685.0
2024-11-28 00:00:00+00:00,0.0,0.0,0.0,0.0,1029128.0
2024-11-28 04:00:00+00:00,0.0,0.0,0.0,0.0,2723205.0
2024-11-28 08:00:00+00:00,0.0,0.0,0.0,0.0,494800.0
2024-11-28 12:00:00+00:00,0.0,0.0,0.0,0.0,457391.0
2024-11-28 16:00:00+00:00,0.0,0.0,0.0,0.0,1251131.0
2024-11-28 20:00:00+00:00,0.0,0.0,0.0,0.0,1091799.0
2024-11-29 00:00:00+00:00,0.0,0.0,0.0,0.0,1346636.0
2024-11-29 04:00:00+00:00,0.0,0.0,0.0,0.0,2465718.0
2024-11-29 08:00:00+00:00,0.0,0.0,0.0,0.0,1001869.0
2024-11-29 12:00:00+00:00,0.0,0.0,0.0,0.0,454744.0
2024-11-29 16:00:00+00:00,0.0,0.0,0.0,0.0,4123149.0
2024-11-29 20:00:00+00:00,0.0,0.0,0.0,0.0,613489.0
2024-11-30 00:00:00+00:00,0.0,0.0,0.0,0.0,818133.0
2024-11-30 04:00:00+00:00,0.0,0.0,0.0,0.0,1860765.0
2024-11-30 08:00:00+00:00,0.0,0.0,0.0,0.0,1100006.0
2024-11-30 12:00:00+00:00,0.0,0.0,0.0,0.0,1261454.0
2024-11-30 16:00:00+00:00,0.0,0.0,0.0,0.0,1353611.0
2024-11-30 20:00:00+00:00,0.0,0.0,0.0,0.0,2327565.0
2024-12-01 00:00:00+00:00,0.0,0.0,0.0,0.0,962304.0
2024-12-01 04:00:00+00:00,0.0,0.0,0.0,0.0,3956714.0
2024-12-01 08:00:00+00:00,0.0,0.0,0.0,0.0,377285.0
2024-12-01 12:00:00+00:00,0.0,0.0,0.0,0.0,1465289.0
2024-12-01 16:00:00+00:00,0.0,0.0,0.0,0.0,893886.0
2024-12-01 20:00:00+00:00,0.0,0.0,0.0,0.0,2578342.0
2024-12-02 00:00:00+00:00,0.0,0.0,0.0,0.0,1528245.0
2024-12-02 04:00:00+00:00,0.0,0.0,0.0,0.0,1229920.0
2024-12-02 08:00:00+00:00,0.0,0.0,0.0,0.0,1868905.0
2024-12-02 12:00:00+00:00,0.0,0.0,0.0,0.0,2101573.0
2024-12-02 16:00:00+00:00,0.0,0.0,0.0,0.0,1959371.0
2024-12-02 20:00:00+00:00,0.0,0.0,0.0,0.0,821545.0
2024-12-03 00:00:00+00:00,0.0,0.0,0.0,0.0,852356.0
2024-12-03 04:00:00+00:00,0.0,0.0,0.0,0.0,1115280.0
2024-12-03 08:00:00+00:00,0.0,0.0,0.0,0.0,1861466.0
2024-12-03 12:00:00+00:00,0.0,0.0,0.0,0.0,1872923.0
2024-12-03 16:00:00+00:00,0.0,0.0,0.0,0.0,568246.0
2024-12-03 20:00:00+00:00,0.0,0.0,0.0,0.0,1215547.0
2024-12-04 00:00:00+00:00,0.0,0.0,0.0,0.0,973145.0
2024-12-04 04:00:00+00:00,0.0,0.0,0.0,0.0,1061105.0
2024-12-04 08:00:00+00:00,0.0,0.0,0.0,0.0,1095187.0
2024-12-04 12:00:00+00:00,0.0,0.0,0.0,0.0,2117545.0
2024-12-04 16:00:00+00:00,0.0,0.0,0.0,0.0,179119.0
2024-12-04 20:00:00+00:00,0.0,0.0,0.0,0.0,1275858.0
2024-12-05 00:00:00+00:00,0.0,0.0,0.0,0.0,1006155.0
2024-12-05 04:00:00+00:00,0.0,0.0,0.0,0.0,1430324.0
2024-12-05 08:00:00+00:00,0.0,0.0,0.0,0.0,815364.0
2024-12-05 12:00:00+00:00,0.0,0.0,0.0,0.0,1225540.0
2024-12-05 16:00:00+00:00,0.0,0.0,0.0,0.0,3106220.0
2024-12-05 20:00:00+00:00,0.0,0.0,0.0,0.0,1999003.0
2024-12-06 00:00:00+00:00,0.0,0.0,0.0,0.0,1929647.0
2024-12-06 04:00:00+00:00,0.0,0.0,0.0,0.0,1151647.0
2024-12-06 08:00:00+00:00,0.0,0.0,0.0,0.0,2943258.0
2024-12-06 12:00:00+00:00,0.0,0.0,0.0,0.0,1048143.0
2024-12-06 16:00:00+00:00,0.0,0.0,0.0,0.0,1112791.0
2024-12-06 20:00:00+00:00,0.0,0.0,0.0,0.0,1239456.0
2024-12-07 00:00:00+00:00,0.0,0.0,0.0,0.0,1322800.0
2024-12-07 04:00:00+00:00,0.0,0.0,0.0,0.0,2765579.0
2024-12-07 08:00:00+00:00,0.0,0.0,0.0,0.0,1091493.0
2024-12-07 12:00:00+00:00,0.0,0.0,0.0,0.0,1681244.0
2024-12-07 16:00:00+00:00,0.0,0.0,0.0,0.0,2216103.0
2024-12-07 20:00:00+00:00,0.0,0.0,0.0,0.0,2291303.0
2024-12-08 00:00:00+00:00,0.0,0.0,0.0,0.0,744665.0
2024-12-08 04:00:00+00:00,0.0,0.0,0.0,0.0,1251544.0
2024-12-08 08:00:00+00:00,0.0,0.0,0.0,0.0,1533580.0
2024-12-08 12:00:00+00:00,0.0,0.0,0.0,0.0,1782537.0
2024-12-08 16:00:00+00:00,0.0,0.0,0.0,0.0,613830.0
2024-12-08 20:00:00+00:00,0.0,0.0,0.0,0.0,986054.0
2024-12-09 00:00:00+00:00,0.0,0.0,0.0,0.0,2282547.0
2024-12-09 04:00:00+00:00,0.0,0.0,0.0,0.0,884217.0
2024-12-09 08:00:00+00:00,0.0,0.0,0.0,0.0,976711.0
2024-12-09 12:00:00+00:00,0.0,0.0,0.0,0.0,3525940.0
2024-12-09 16:00:00+00:00,0.0,0.0,0.0,0.0,1334247.0
2024-12-09 20:00:00+00:00,0.0,0.0,0.0,0.0,842804.0
2024-12-10 00:00:00+00:00,0.0,0.0,0.0,0.0,899952.0
2024-12-10 04:00:00+00:00,0.0,0.0,0.0,0.0,1323207.0
2024-12-10 08:00:00+00:00,0.0,0.0,0.0,0.0,559377.0
2024-12-10 12:00:00+00:00,0.0,0.0,0.0,0.0,1224104.0
2024-12-10 16:00:00+00:00,0.0,0.0,0.0,0.0,1251511.0
2024-12-10 20:00:00+00:00,0.0,0.0,0.0,0.0,2254636.0
2024-12-11 00:00:00+00:00,0.0,0.0,0.0,0.0,1457643.0
2024-12-11 04:00:00+00:00,0.0,0.0,0.0,0.0,784485.0
2024-12-11 08:00:00+00:00,0.0,0.0,0.0,0.0,2270681.0
2024-12-11 12:00:00+00:00,0.0,0.0,0.0,0.0,1803518.0
2024-12-11 16:00:00+00:00,0.0,0.0,0.0,0.0,570260.0
2024-12-11 20:00:00+00:00,0.0,0.0,0.0,0.0,1505245.0
2024-12-12 00:00:00+00:00,0.0,0.0,0.0,0.0,2913616.0
2024-12-12 04:00:00+00:00,0.0,0.0,0.0,0.0,1560965.0
2024-12-12 08:00:00+00:00,0.0,0.0,0.0,0.0,1568844.0
2024-12-12 12:00:00+00:00,0.0,0.0,0.0,0.0,2364221.0
2024-12-12 16:00:00+00:00,0.0,0.0,0.0,0.0,533362.0
2024-12-12 20:00:00+00:00,0.0,0.0,0.0,0.0,670063.0
2024-12-13 00:00:00+00:00,0.0,0.0,0.0,0.0,507870.0
2024-12-13 04:00:00+00:00,0.0,0.0,0.0,0.0,1542272.0
2024-12-13 08:00:00+00:00,0.0,0.0,0.0,0.0,1678885.0
2024-12-13 12:00:00+00:00,0.0,0.0,0.0,0.0,2291789.0
2024-12-13 16:00:00+00:00,0.0,0.0,0.0,0.0,1353976.0
2024-12-13 20:00:00+00:00,0.0,0.0,0.0,0.0,819797.0
2024-12-14 00:00:00+00:00,0.0,0.0,0.0,0.0,1270563.0
2024-12-14 04:00:00+00:00,0.0,0.0,0.0,0.0,1746325.0
2024-12-14 08:00:00+00:00,0.0,0.0,0.0,0.0,880001.0
2024-12-14 12:00:00+00:00,0.0,0.0,0.0,0.0,4825239.0
2024-12-14 16:00:00+00:00,0.0,0.0,0.0,0.0,2004920.0
2024-12-14 20:00:00+00:00,0.0,0.0,0.0,0.0,1360967.0
2024-12-15 00:00:00+00:00,0.0,0.0,0.0,0.0,1445975.0
2024-12-15 04:00:00+00:00,0.0,0.0,0.0,0.0,1710920.0
2024-12-15 08:00:00+00:00,0.0,0.0,0.0,0.0,1544603.0
2024-12-15 12:00:00+00:00,0.0,0.0,0.0,0.0,839109.0
2024-12-15 16:00:00+00:00,0.0,0.0,0.0,0.0,1536684.0
2024-12-15 20:00:00+00:00,0.0,0.0,0.0,0.0,1556536.0
2024-12-16 00:00:00+00:00,0.0,0.0,0.0,0.0,1006471.0
2024-12-16 04:00:00+00:00,0.0,0.0,0.0,0.0,2990917.0
2024-12-16 08:00:00+00:00,0.0,0.0,0.0,0.0,1193292.0
2024-12-16 12:00:00+00:00,0.0,0.0,0.0,0.0,1875885.0
2024-12-16 16:00:00+00:00,0.0,0.0,0.0,0.0,2965729.0
2024-12-16 20:00:00+00:00,0.0,0.0,0.0,0.0,1714195.0
2024-12-17 00:00:00+00:00,0.0,0.0,0.0,0.0,1607278.0
2024-12-17 04:00:00+00:00,0.0,0.0,0.0,0.0,1758810.0
2024-12-17 08:00:00+00:00,0.0,0.0,0.0,0.0,975924.0
2024-12-17 12:00:00+00:00,0.0,0.0,0.0,0.0,1425652.0
2024-12-17 16:00:00+00:00,0.0,0.0,0.0,0.0,1608003.0
2024-12-17 20:00:00+00:00,0.0,0.0,0.0,0.0,949541.0
2024-12-18 00:00:00+00:00,0.0,0.0,0.0,0.0,5553284.0
2024-12-18 04:00:00+00:00,0.0,0.0,0.0,0.0,693451.0
2024-12-18 08:00:00+00:00,0.0,0.0,0.0,0.0,674609.0
2024-12-18 12:00:00+00:00,0.0,0.0,0.0,0.0,2207285.0
2024-12-18 16:00:00+00:00,0.0,0.0,0.0,0.0,1821603.0
2024-12-18 20:00:00+00:00,0.0,0.0,0.0,0.0,743063.0
2024-12-19 00:00:00+00:00,0.0,0.0,0.0,0.0,1448976.0
2024-12-19 04:00:00+00:00,0.0,0.0,0.0,0.0,2129322.0
2024-12-19 08:00:00+00:00,0.0,0.0,0.0,0.0,1419850.0
2024-12-19 12:00:00+00:00,0.0,0.0,0.0,0.0,4903262.0
2024-12-19 16:00:00+00:00,0.0,0.0,0.0,0.0,518271.0
2024-12-19 20:00:00+00:00,0.0,0.0,0.0,0.0,1555008.0
2024-12-20 00:00:00+00:00,0.0,0.0,0.0,0.0,2587091.0
2024-12-20 04:00:00+00:00,0.0,0.0,0.0,0.0,3356369.0
2024-12-20 08:00:00+00:00,0.0,0.0,0.0,0.0,977202.0
2024-12-20 12:00:00+00:00,0.0,0.0,0.0,0.0,1806883.0
2024-12-20 16:00:00+00:00,0.0,0.0,0.0,0.0,1694011.0
2024-12-20 20:00:00+00:00,0.0,0.0,0.0,0.0,1511295.0
2024-12-21 00:00:00+00:00,0.0,0.0,0.0,0.0,1504152.0
2024-12-21 04:00:00+00:00,0.0,0.0,0.0,0.0,1704903.0
2024-12-21 08:00:00+00:00,0.0,0.0,0.0,0.0,748233.0
2024-12-21 12:00:00+00:00,0.0,0.0,0.0,0.0,1363454.0
2024-12-21 16:00:00+00:00,0.0,0.0,0.0,0.0,940532.0
2024-12-21 20:00:00+00:00,0.0,0.0,0.0,0.0,1092623.0
2024-12-22 00:00:00+00:00,0.0,0.0,0.0,0.0,2203774.0
2024-12-22 04:00:00+00:00,0.0,0.0,0.0,0.0,1267219.0
2024-12-22 08:00:00+00:00,0.0,0.0,0.0,0.0,3726401.0
2024-12-22 12:00:00+00:00,0.0,0.0,0.0,0.0,1433943.0
2024-12-22 16:00:00+00:00,0.0,0.0,0.0,0.0,1307947.0
2024-12-22 20:00:00+00:00,0.0,0.0,0.0,0.0,1219237.0
2024-12-23 00:00:00+00:00,0.0,0.0,0.0,0.0,912348.0
2024-12-23 04:00:00+00:00,0.0,0.0,0.0,0.0,1018965.0
2024-12-23 08:00:00+00:00,0.0,0.0,0.0,0.0,2980700.0
2024-12-23 12:00:00+00:00,0.0,0.0,0.0,0.0,1645842.0
2024-12-23 16:00:00+00:00,0.0,0.0,0.0,0.0,1114707.0
2024-12-23 20:00:00+00:00,0.0,0.0,0.0,0.0,678138.0
2024-12-24 00:00:00+00:00,0.0,0.0,0.0,0.0,818919.0
2024-12-24 04:00:00+00:00,0.0,0.0,0.0,0.0,1120471.0
2024-12-24 08:00:00+00:00,0.0,0.0,0.0,0.0,2018820.0
2024-12-24 12:00:00+00:00,0.0,0.0,0.0,0.0,561650.0
2024-12-24 16:00:00+00:00,0.0,0.0,0.0,0.0,1425719.0
2024-12-24 20:00:00+00:00,0.0,0.0,0.0,0.0,1846499.0
2024-12-25 00:00:00+00:00,0.0,0.0,0.0,0.0,547868.0
2024-12-25 04:00:00+00:00,0.0,0.0,0.0,0.0,688253.0
2024-12-25 08:00:00+00:00,0.0,0.0,0.0,0.0,1232937.0
2024-12-25 12:00:00+00:00,0.0,0.0,0.0,0.0,723360.0
2024-12-25 16:00:00+00:00,0.0,0.0,0.0,0.0,1925972.0
2024-12-25 20:00:00+00:00,0.0,0.0,0.0,0.0,933415.0
2024-12-26 00:00:00+00:00,0.0,0.0,0.0,0.0,836595.0
2024-12-26 04:00:00+00:00,0.0,0.0,0.0,0.0,1934771.0
2024-12-26 08:00:00+00:00,0.0,0.0,0.0,0.0,3018940.0
2024-12-26 12:00:00+00:00,0.0,0.0,0.0,0.0,2648889.0
2024-12-26 16:00:00+00:00,0.0,0.0,0.0,0.0,436389.0
2024-12-26 20:00:00+00:00,0.0,0.0,0.0,0.0,2106251.0
2024-12-27 00:00:00+00:00,0.0,0.0,0.0,0.0,1145817.0
2024-12-27 04:00:00+00:00,0.0,0.0,0.0,0.0,1619603.0
2024-12-27 08:00:00+00:00,0.0,0.0,0.0,0.0,911455.0
2024-12-27 12:00:00+00:00,0.0,0.0,0.0,0.0,1299706.0
2024-12-27 16:00:00+00:00,0.0,0.0,0.0,0.0,1633371.0
2024-12-27 20:00:00+00:00,0.0,0.0,0.0,0.0,1281985.0
2024-12-28 00:00:00+00:00,0.0,0.0,0.0,0.0,929903.0
2024-12-28 04:00:00+00:00,0.0,0.0,0.0,0.0,1089810.0
2024-12-28 08:00:00+00:00,0.0,0.0,0.0,0.0,1759482.0
2024-12-28 12:00:00+00:00,0.0,0.0,0.0,0.0,1490150.0
2024-12-28 16:00:00+00:00,0.0,0.0,0.0,0.0,1854837.0
2024-12-28 20:00:00+00:00,0.0,0.0,0.0,0.0,1128616.0
2024-12-29 00:00:00+00:00,0.0,0.0,0.0,0.0,1191198.0
2024-12-29 04:00:00+00:00,0.0,0.0,0.0,0.0,1848023.0
2024-12-29 08:00:00+00:00,0.0,0.0,0.0,0.0,1914129.0
2024-12-29 12:00:00+00:00,0.0,0.0,0.0,0.0,1335079.0
2024-12-29 16:00:00+00:00,0.0,0.0,0.0,0.0,1737619.0
2024-12-29 20:00:00+00:00,0.0,0.0,0.0,0.0,1896049.0
2024-12-30 00:00:00+00:00,0.0,0.0,0.0,0.0,609643.0
2024-12-30 04:00:00+00:00,0.0,0.0,0.0,0.0,1734379.0
2024-12-30 08:00:00+00:00,0.0,0.0,0.0,0.0,1455458.0
2024-12-30 12:00:00+00:00,0.0,0.0,0.0,0.0,1494609.0
2024-12-30 16:00:00+00:00,0.0,0.0,0.0,0.0,1012651.0
2024-12-30 20:00:00+00:00,0.0,0.0,0.0,0.0,1205797.0
2024-12-31 00:00:00+00:00,0.0,0.0,0.0,0.0,1070933.0
2024-12-31 04:00:00+00:00,0.0,0.0,0.0,0.0,2837030.0
2024-12-31 08:00:00+00:00,0.0,0.0,0.0,0.0,1625098.0
2024-12-31 12:00:00+00:00,0.0,0.0,0.0,0.0,1429785.0
2024-12-31 16:00:00+00:00,0.0,0.0,0.0,0.0,935197.0
2024-12-31 20:00:00+00:00,0.0,0.0,0.0,0.0,1156877.0
