timestamp,open,high,low,close,volume
2024-01-02 00:00:00+00:00,14.0,14.66,13.75,14.0,1342155.0
2024-01-02 04:00:00+00:00,14.0,14.6,13.98,14.55,1047743.0
2024-01-02 08:00:00+00:00,14.55,15.26,14.2,14.37,1824078.0
2024-01-02 12:00:00+00:00,14.37,16.48,14.05,15.3,769902.0
2024-01-02 16:00:00+00:00,15.3,17.97,15.0,17.88,1006651.0
2024-01-02 20:00:00+00:00,17.88,18.8,16.86,17.33,1808280.0
2024-01-03 00:00:00+00:00,17.33,17.45,16.62,16.79,1069398.0
2024-01-03 04:00:00+00:00,16.79,20.48,16.72,20.44,3290034.0
2024-01-03 08:00:00+00:00,20.44,22.92,20.32,22.8,962557.0
2024-01-03 12:00:00+00:00,22.8,23.09,21.09,21.21,1177151.0
2024-01-03 16:00:00+00:00,21.21,22.96,21.19,22.94,785462.0
2024-01-03 20:00:00+00:00,22.94,23.14,21.13,21.36,1211255.0
2024-01-04 00:00:00+00:00,21.36,21.97,18.87,19.88,576625.0
2024-01-04 04:00:00+00:00,19.88,20.65,19.83,20.62,870552.0
2024-01-04 08:00:00+00:00,20.62,20.76,14.35,14.72,906466.0
2024-01-04 12:00:00+00:00,14.72,15.04,10.64,10.92,2509616.0
2024-01-04 16:00:00+00:00,10.92,11.29,9.77,10.01,1789393.0
2024-01-04 20:00:00+00:00,10.01,10.27,8.17,8.5,611770.0
2024-01-05 00:00:00+00:00,8.5,9.0,8.47,8.9,2229173.0
2024-01-05 04:00:00+00:00,8.9,9.08,7.27,7.7,4900046.0
2024-01-05 08:00:00+00:00,7.7,7.86,6.03,6.08,1670477.0
2024-01-05 12:00:00+00:00,6.08,7.44,6.07,7.42,1206714.0
2024-01-05 16:00:00+00:00,7.42,7.45,7.11,7.18,4508265.0
2024-01-05 20:00:00+00:00,7.18,7.34,7.07,7.26,534616.0
2024-01-06 00:00:00+00:00,7.26,7.28,5.71,5.73,1648180.0
2024-01-06 04:00:00+00:00,5.73,5.79,5.22,5.27,1357906.0
2024-01-06 08:00:00+00:00,5.27,5.4,5.19,5.36,2064573.0
2024-01-06 12:00:00+00:00,5.36,5.37,4.44,4.45,1809418.0
2024-01-06 16:00:00+00:00,4.45,4.73,4.39,4.7,914261.0
2024-01-06 20:00:00+00:00,4.7,4.81,4.26,4.29,786904.0
2024-01-07 00:00:00+00:00,4.29,4.31,4.07,4.11,949915.0
2024-01-07 04:00:00+00:00,4.11,4.11,3.74,3.74,765431.0
2024-01-07 08:00:00+00:00,3.74,4.79,3.74,4.79,1882522.0
2024-01-07 12:00:00+00:00,4.79,4.81,4.77,4.78,755298.0
2024-01-07 16:00:00+00:00,4.78,4.96,3.98,4.05,693359.0
2024-01-07 20:00:00+00:00,4.05,4.56,4.03,4.55,2575383.0
2024-01-08 00:00:00+00:00,4.55,4.59,3.69,3.72,1204235.0
2024-01-08 04:00:00+00:00,3.72,3.86,3.71,3.85,582936.0
2024-01-08 08:00:00+00:00,3.85,3.87,2.72,2.72,1725332.0
2024-01-08 12:00:00+00:00,2.72,2.79,2.16,2.19,1647894.0
2024-01-08 16:00:00+00:00,2.19,2.3,2.17,2.25,456787.0
2024-01-08 20:00:00+00:00,2.25,2.51,2.25,2.51,1578903.0
2024-01-09 00:00:00+00:00,2.51,2.59,2.49,2.58,641280.0
2024-01-09 04:00:00+00:00,2.58,2.58,2.53,2.54,2462141.0
2024-01-09 08:00:00+00:00,2.54,2.55,2.41,2.43,1467268.0
2024-01-09 12:00:00+00:00,2.43,2.46,1.87,1.89,1358942.0
2024-01-09 16:00:00+00:00,1.89,1.89,1.69,1.69,908223.0
2024-01-09 20:00:00+00:00,1.69,1.7,1.57,1.58,1140133.0
2024-01-10 00:00:00+00:00,1.58,1.84,1.57,1.83,2012612.0
2024-01-10 04:00:00+00:00,1.83,1.98,1.78,1.93,1145748.0
2024-01-10 08:00:00+00:00,1.93,2.05,1.37,1.42,1603585.0
2024-01-10 12:00:00+00:00,1.42,1.5,1.42,1.5,1185851.0
2024-01-10 16:00:00+00:00,1.5,1.51,1.39,1.41,863124.0
2024-01-10 20:00:00+00:00,1.41,1.42,1.27,1.27,1093861.0
2024-01-11 00:00:00+00:00,1.27,1.4,1.27,1.39,451558.0
2024-01-11 04:00:00+00:00,1.39,1.63,1.37,1.61,2391962.0
2024-01-11 08:00:00+00:00,1.61,1.88,1.57,1.84,1654773.0
2024-01-11 12:00:00+00:00,1.84,1.89,1.55,1.61,931675.0
2024-01-11 16:00:00+00:00,1.61,1.63,1.53,1.54,2927892.0
2024-01-11 20:00:00+00:00,1.54,1.63,1.53,1.62,1206544.0
2024-01-12 00:00:00+00:00,1.62,1.88,1.59,1.86,860806.0
2024-01-12 04:00:00+00:00,1.86,1.86,1.72,1.73,1856292.0
2024-01-12 08:00:00+00:00,1.73,1.74,1.67,1.68,1314682.0
2024-01-12 12:00:00+00:00,1.68,1.69,1.4,1.41,1817068.0
2024-01-12 16:00:00+00:00,1.41,1.42,1.14,1.16,1238386.0
2024-01-12 20:00:00+00:00,1.16,1.3,1.15,1.3,1718300.0
2024-01-13 00:00:00+00:00,1.3,1.57,1.3,1.57,1418117.0
2024-01-13 04:00:00+00:00,1.57,1.6,1.51,1.55,1355193.0
2024-01-13 08:00:00+00:00,1.55,1.79,1.55,1.79,560462.0
2024-01-13 12:00:00+00:00,1.79,1.9,1.77,1.89,940856.0
2024-01-13 16:00:00+00:00,1.89,1.89,1.71,1.71,3038207.0
2024-01-13 20:00:00+00:00,1.71,1.81,1.71,1.81,796367.0
2024-01-14 00:00:00+00:00,1.81,2.23,1.81,2.23,1255571.0
2024-01-14 04:00:00+00:00,2.23,2.23,2.22,2.22,807459.0
2024-01-14 08:00:00+00:00,2.22,2.81,2.19,2.74,926025.0
2024-01-14 12:00:00+00:00,2.74,2.74,1.66,1.67,720340.0
2024-01-14 16:00:00+00:00,1.67,1.95,1.64,1.88,1225896.0
2024-01-14 20:00:00+00:00,1.88,1.93,1.87,1.9,1118431.0
2024-01-15 00:00:00+00:00,1.9,1.92,1.81,1.82,1098665.0
2024-01-15 04:00:00+00:00,1.82,1.86,1.8,1.85,973851.0
2024-01-15 08:00:00+00:00,1.85,1.87,1.3,1.31,1924134.0
2024-01-15 12:00:00+00:00,1.31,1.33,1.25,1.27,1823125.0
2024-01-15 16:00:00+00:00,1.27,1.34,1.26,1.34,1060346.0
2024-01-15 20:00:00+00:00,1.34,1.64,1.33,1.63,1253737.0
2024-01-16 00:00:00+00:00,1.63,1.65,1.46,1.51,1066753.0
2024-01-16 04:00:00+00:00,1.51,1.53,1.27,1.33,1814816.0
2024-01-16 08:00:00+00:00,1.33,1.36,1.2,1.23,2472466.0
2024-01-16 12:00:00+00:00,1.23,1.41,1.23,1.4,1035242.0
2024-01-16 16:00:00+00:00,1.4,1.49,1.38,1.48,1211662.0
2024-01-16 20:00:00+00:00,1.48,1.49,1.36,1.36,1460527.0
2024-01-17 00:00:00+00:00,1.36,1.48,1.35,1.47,752516.0
2024-01-17 04:00:00+00:00,1.47,1.5,1.47,1.49,1059507.0
2024-01-17 08:00:00+00:00,1.49,1.72,1.47,1.71,691188.0
2024-01-17 12:00:00+00:00,1.71,1.72,1.53,1.53,541321.0
2024-01-17 16:00:00+00:00,1.53,1.54,1.45,1.46,1372536.0
2024-01-17 20:00:00+00:00,1.46,1.48,1.34,1.38,967026.0
2024-01-18 00:00:00+00:00,1.38,1.38,1.07,1.08,1829863.0
2024-01-18 04:00:00+00:00,1.08,1.13,1.08,1.13,1127792.0
2024-01-18 08:00:00+00:00,1.13,1.17,1.12,1.17,688656.0
2024-01-18 12:00:00+00:00,1.17,1.21,1.14,1.17,984318.0
2024-01-18 16:00:00+00:00,1.17,1.18,1.13,1.14,593507.0
2024-01-18 20:00:00+00:00,1.14,1.14,0.89,0.9,3263167.0
2024-01-19 00:00:00+00:00,0.9,0.91,0.83,0.84,601524.0
2024-01-19 04:00:00+00:00,0.84,0.86,0.79,0.8,1042704.0
2024-01-19 08:00:00+00:00,0.8,0.81,0.7,0.71,805735.0
2024-01-19 12:00:00+00:00,0.71,0.72,0.68,0.69,1421052.0
2024-01-19 16:00:00+00:00,0.69,0.74,0.67,0.73,1004583.0
2024-01-19 20:00:00+00:00,0.73,0.95,0.73,0.94,1429565.0
2024-01-20 00:00:00+00:00,0.94,0.97,0.94,0.97,1658471.0
2024-01-20 04:00:00+00:00,0.97,1.02,0.95,1.0,1136401.0
2024-01-20 08:00:00+00:00,1.0,1.01,0.98,0.99,1333155.0
2024-01-20 12:00:00+00:00,0.99,1.0,0.71,0.71,1133197.0
2024-01-20 16:00:00+00:00,0.71,0.72,0.71,0.71,499455.0
2024-01-20 20:00:00+00:00,0.71,0.72,0.71,0.72,1087111.0
2024-01-21 00:00:00+00:00,0.72,0.98,0.72,0.98,1779533.0
2024-01-21 04:00:00+00:00,0.98,1.0,0.94,0.95,1481347.0
2024-01-21 08:00:00+00:00,0.95,0.99,0.95,0.99,1094589.0
2024-01-21 12:00:00+00:00,0.99,1.0,0.99,0.99,1121451.0
2024-01-21 16:00:00+00:00,0.99,1.0,0.82,0.82,672887.0
2024-01-21 20:00:00+00:00,0.82,0.96,0.82,0.96,3901546.0
2024-01-22 00:00:00+00:00,0.96,1.09,0.91,1.07,1235913.0
2024-01-22 04:00:00+00:00,1.07,1.2,1.07,1.2,1926533.0
2024-01-22 08:00:00+00:00,1.2,1.2,1.03,1.04,925605.0
2024-01-22 12:00:00+00:00,1.04,1.26,1.04,1.26,1906589.0
2024-01-22 16:00:00+00:00,1.26,1.26,0.99,0.99,848510.0
2024-01-22 20:00:00+00:00,0.99,1.08,0.99,1.08,1588604.0
2024-01-23 00:00:00+00:00,1.08,1.46,1.07,1.44,1664535.0
2024-01-23 04:00:00+00:00,1.44,1.5,1.19,1.23,1463884.0
2024-01-23 08:00:00+00:00,1.23,1.23,1.12,1.12,1774580.0
2024-01-23 12:00:00+00:00,1.12,1.16,1.12,1.14,565797.0
2024-01-23 16:00:00+00:00,1.14,1.16,1.04,1.06,867976.0
2024-01-23 20:00:00+00:00,1.06,1.09,0.8,0.81,2130254.0
2024-01-24 00:00:00+00:00,0.81,0.82,0.81,0.82,2951645.0
2024-01-24 04:00:00+00:00,0.82,0.82,0.69,0.69,1372604.0
2024-01-24 08:00:00+00:00,0.69,0.74,0.69,0.74,1634234.0
2024-01-24 12:00:00+00:00,0.74,0.75,0.63,0.64,1337343.0
2024-01-24 16:00:00+00:00,0.64,0.8,0.63,0.79,4490562.0
2024-01-24 20:00:00+00:00,0.79,0.79,0.7,0.7,563359.0
2024-01-25 00:00:00+00:00,0.7,0.7,0.66,0.67,1197346.0
2024-01-25 04:00:00+00:00,0.67,0.76,0.65,0.75,607322.0
2024-01-25 08:00:00+00:00,0.75,0.76,0.6,0.61,442904.0
2024-01-25 12:00:00+00:00,0.61,0.66,0.58,0.63,1282523.0
2024-01-25 16:00:00+00:00,0.63,0.76,0.62,0.76,1706090.0
2024-01-25 20:00:00+00:00,0.76,0.76,0.57,0.57,1492051.0
2024-01-26 00:00:00+00:00,0.57,0.6,0.57,0.59,1029884.0
2024-01-26 04:00:00+00:00,0.59,0.62,0.58,0.61,5272011.0
2024-01-26 08:00:00+00:00,0.61,0.69,0.61,0.69,1190746.0
2024-01-26 12:00:00+00:00,0.69,0.69,0.56,0.56,2004993.0
2024-01-26 16:00:00+00:00,0.56,0.56,0.44,0.45,1150020.0
2024-01-26 20:00:00+00:00,0.45,0.49,0.45,0.49,1434869.0
2024-01-27 00:00:00+00:00,0.49,0.51,0.48,0.51,1009099.0
2024-01-27 04:00:00+00:00,0.51,0.53,0.5,0.53,908800.0
2024-01-27 08:00:00+00:00,0.53,0.58,0.51,0.56,2877944.0
2024-01-27 12:00:00+00:00,0.56,0.56,0.5,0.5,2346919.0
2024-01-27 16:00:00+00:00,0.5,0.52,0.5,0.52,1186165.0
2024-01-27 20:00:00+00:00,0.52,0.55,0.51,0.54,358685.0
2024-01-28 00:00:00+00:00,0.54,0.54,0.48,0.48,1100422.0
2024-01-28 04:00:00+00:00,0.48,0.63,0.48,0.62,7119992.0
2024-01-28 08:00:00+00:00,0.62,0.67,0.6,0.66,1084143.0
2024-01-28 12:00:00+00:00,0.66,0.66,0.55,0.55,2660634.0
2024-01-28 16:00:00+00:00,0.55,0.6,0.54,0.6,2671315.0
2024-01-28 20:00:00+00:00,0.6,0.61,0.51,0.51,1601020.0
2024-01-29 00:00:00+00:00,0.51,0.58,0.51,0.57,891367.0
2024-01-29 04:00:00+00:00,0.57,0.68,0.55,0.67,451313.0
2024-01-29 08:00:00+00:00,0.67,0.69,0.58,0.59,1922464.0
2024-01-29 12:00:00+00:00,0.59,0.69,0.59,0.68,956425.0
2024-01-29 16:00:00+00:00,0.68,0.73,0.67,0.72,1299217.0
2024-01-29 20:00:00+00:00,0.72,0.82,0.72,0.81,735476.0
2024-01-30 00:00:00+00:00,0.81,1.07,0.79,1.04,1626908.0
2024-01-30 04:00:00+00:00,1.04,1.05,0.99,1.01,1125092.0
2024-01-30 08:00:00+00:00,1.01,1.02,0.88,0.89,1526843.0
2024-01-30 12:00:00+00:00,0.89,0.9,0.75,0.78,799470.0
2024-01-30 16:00:00+00:00,0.78,0.78,0.68,0.68,2479258.0
2024-01-30 20:00:00+00:00,0.68,0.7,0.67,0.68,764416.0
2024-01-31 00:00:00+00:00,0.68,0.71,0.67,0.71,500661.0
2024-01-31 04:00:00+00:00,0.71,0.75,0.71,0.74,1069208.0
2024-01-31 08:00:00+00:00,0.74,0.84,0.74,0.83,1400782.0
2024-01-31 12:00:00+00:00,0.83,0.86,0.79,0.84,1095104.0
2024-01-31 16:00:00+00:00,0.84,1.03,0.82,1.02,3259527.0
2024-01-31 20:00:00+00:00,1.02,1.03,0.97,0.98,989939.0
2024-02-01 00:00:00+00:00,0.98,1.41,0.97,1.38,2099669.0
2024-02-01 04:00:00+00:00,1.38,1.52,1.37,1.51,741144.0
2024-02-01 08:00:00+00:00,1.51,1.56,1.28,1.32,2080814.0
2024-02-01 12:00:00+00:00,1.32,1.33,1.11,1.11,1619196.0
2024-02-01 16:00:00+00:00,1.11,1.2,1.11,1.19,990884.0
2024-02-01 20:00:00+00:00,1.19,1.2,1.16,1.16,422547.0
2024-02-02 00:00:00+00:00,1.16,1.31,1.14,1.28,2731846.0
2024-02-02 04:00:00+00:00,1.28,1.39,1.27,1.38,659558.0
2024-02-02 08:00:00+00:00,1.38,1.39,1.36,1.36,764225.0
2024-02-02 12:00:00+00:00,1.36,1.36,1.19,1.19,1640331.0
2024-02-02 16:00:00+00:00,1.19,1.22,0.91,0.93,921312.0
2024-02-02 20:00:00+00:00,0.93,0.93,0.86,0.87,566324.0
2024-02-03 00:00:00+00:00,0.87,0.99,0.86,0.98,481097.0
2024-02-03 04:00:00+00:00,0.98,1.04,0.93,1.01,1580902.0
2024-02-03 08:00:00+00:00,1.01,1.02,0.82,0.82,1183554.0
2024-02-03 12:00:00+00:00,0.82,0.85,0.82,0.85,4685309.0
2024-02-03 16:00:00+00:00,0.85,0.92,0.84,0.9,717539.0
2024-02-03 20:00:00+00:00,0.9,0.95,0.88,0.94,6293149.0
2024-02-04 00:00:00+00:00,0.78,0.9,0.78,0.9,5812994.0
2024-02-04 04:00:00+00:00,0.8,0.87,0.76,0.87,8361574.0
2024-02-04 08:00:00+00:00,0.81,0.81,0.67,0.71,8518243.0
2024-02-04 12:00:00+00:00,0.67,0.72,0.67,0.71,1585911.0
2024-02-04 16:00:00+00:00,0.71,0.78,0.7,0.77,771880.0
2024-02-04 20:00:00+00:00,0.77,0.91,0.75,0.9,748832.0
2024-02-05 00:00:00+00:00,0.9,1.05,0.9,1.04,602686.0
2024-02-05 04:00:00+00:00,1.04,1.05,0.81,0.83,530649.0
2024-02-05 08:00:00+00:00,0.83,0.84,0.71,0.72,1092148.0
2024-02-05 12:00:00+00:00,0.72,0.78,0.71,0.77,1065696.0
2024-02-05 16:00:00+00:00,0.77,0.84,0.77,0.83,903018.0
2024-02-05 20:00:00+00:00,0.83,0.91,0.81,0.9,2306905.0
2024-02-06 00:00:00+00:00,0.9,1.43,0.9,1.42,5064695.0
2024-02-06 04:00:00+00:00,1.42,1.56,1.42,1.55,1069247.0
2024-02-06 08:00:00+00:00,1.55,1.82,1.54,1.82,619149.0
2024-02-06 12:00:00+00:00,1.82,2.14,1.79,2.08,1082105.0
2024-02-06 16:00:00+00:00,2.08,2.32,2.06,2.29,963471.0
2024-02-06 20:00:00+00:00,2.29,2.32,2.14,2.19,816810.0
2024-02-07 00:00:00+00:00,2.19,2.45,2.18,2.44,951642.0
2024-02-07 04:00:00+00:00,2.44,2.45,2.13,2.16,966783.0
2024-02-07 08:00:00+00:00,2.16,2.19,2.08,2.09,905984.0
2024-02-07 12:00:00+00:00,2.09,2.12,1.9,1.95,881312.0
2024-02-07 16:00:00+00:00,1.95,2.01,1.89,1.97,1158939.0
2024-02-07 20:00:00+00:00,1.97,2.66,1.97,2.66,2445116.0
2024-02-08 00:00:00+00:00,2.66,2.69,1.9,1.92,1162437.0
2024-02-08 04:00:00+00:00,1.92,2.13,1.92,2.12,2485208.0
2024-02-08 08:00:00+00:00,2.12,2.15,1.61,1.62,1052605.0
2024-02-08 12:00:00+00:00,1.62,1.62,1.5,1.51,536593.0
2024-02-08 16:00:00+00:00,1.51,1.76,1.5,1.76,1811562.0
2024-02-08 20:00:00+00:00,1.76,1.78,1.75,1.78,688696.0
2024-02-09 00:00:00+00:00,1.78,1.78,1.47,1.5,1730130.0
2024-02-09 04:00:00+00:00,1.5,1.5,1.33,1.34,395178.0
2024-02-09 08:00:00+00:00,1.34,1.35,1.12,1.13,16193215.0
2024-02-09 12:00:00+00:00,1.48,1.49,1.1,1.1,11365743.0
2024-02-09 16:00:00+00:00,1.32,1.37,1.2,1.2,3206797.0
2024-02-09 20:00:00+00:00,1.37,1.41,1.26,1.26,3016042.0
2024-02-10 00:00:00+00:00,1.38,1.38,1.17,1.17,18193726.0
2024-02-10 04:00:00+00:00,1.25,1.67,1.24,1.58,8383342.0
2024-02-10 08:00:00+00:00,1.65,1.84,1.64,1.82,851699.0
2024-02-10 12:00:00+00:00,1.82,1.82,1.26,1.27,613240.0
2024-02-10 16:00:00+00:00,1.27,1.31,1.27,1.31,915521.0
2024-02-10 20:00:00+00:00,1.31,1.31,1.17,1.18,1151822.0
2024-02-11 00:00:00+00:00,1.18,1.38,1.15,1.33,1988724.0
2024-02-11 04:00:00+00:00,1.33,1.34,1.16,1.18,670537.0
2024-02-11 08:00:00+00:00,1.18,1.2,1.15,1.16,488518.0
2024-02-11 12:00:00+00:00,1.16,1.27,1.16,1.25,1544286.0
2024-02-11 16:00:00+00:00,1.25,1.42,1.25,1.42,2309946.0
2024-02-11 20:00:00+00:00,1.42,1.42,1.16,1.16,699035.0
2024-02-12 00:00:00+00:00,1.16,1.19,1.1,1.11,1964467.0
2024-02-12 04:00:00+00:00,1.11,1.11,1.03,1.03,1230080.0
2024-02-12 08:00:00+00:00,1.03,1.04,0.93,0.93,2222549.0
2024-02-12 12:00:00+00:00,0.93,1.19,0.93,1.18,1738670.0
2024-02-12 16:00:00+00:00,1.18,1.26,1.17,1.26,336737.0
2024-02-12 20:00:00+00:00,1.26,1.28,0.96,1.02,1447007.0
2024-02-13 00:00:00+00:00,1.02,1.17,1.02,1.16,2411121.0
2024-02-13 04:00:00+00:00,1.16,1.55,1.15,1.54,1254257.0
2024-02-13 08:00:00+00:00,1.54,1.78,1.53,1.78,1211177.0
2024-02-13 12:00:00+00:00,1.78,1.85,1.33,1.38,1536521.0
2024-02-13 16:00:00+00:00,1.38,1.38,1.28,1.28,284433.0
2024-02-13 20:00:00+00:00,1.28,1.53,1.27,1.52,3633972.0
2024-02-14 00:00:00+00:00,1.52,1.54,1.35,1.36,836664.0
2024-02-14 04:00:00+00:00,1.36,1.49,1.36,1.46,1551690.0
2024-02-14 08:00:00+00:00,1.46,1.64,1.45,1.63,1296309.0
2024-02-14 12:00:00+00:00,1.63,1.64,1.4,1.41,2648198.0
2024-02-14 16:00:00+00:00,1.41,1.42,1.39,1.4,1251917.0
2024-02-14 20:00:00+00:00,1.4,1.4,0.73,0.73,2166546.0
2024-02-15 00:00:00+00:00,0.73,0.73,0.61,0.62,931616.0
2024-02-15 04:00:00+00:00,0.62,0.62,0.59,0.59,1652881.0
2024-02-15 08:00:00+00:00,0.59,0.6,0.48,0.48,610258.0
2024-02-15 12:00:00+00:00,0.48,0.6,0.48,0.6,2401632.0
2024-02-15 16:00:00+00:00,0.6,0.61,0.47,0.47,946347.0
2024-02-15 20:00:00+00:00,0.47,0.49,0.43,0.44,2233374.0
2024-02-16 00:00:00+00:00,0.44,0.46,0.44,0.45,1151886.0
2024-02-16 04:00:00+00:00,0.45,0.55,0.45,0.55,2277565.0
2024-02-16 08:00:00+00:00,0.55,0.55,0.43,0.43,1711369.0
2024-02-16 12:00:00+00:00,0.43,0.53,0.42,0.51,635701.0
2024-02-16 16:00:00+00:00,0.51,0.51,0.51,0.51,655352.0
2024-02-16 20:00:00+00:00,0.51,0.51,0.44,0.44,2004284.0
2024-02-17 00:00:00+00:00,0.44,0.47,0.43,0.47,1316070.0
2024-02-17 04:00:00+00:00,0.47,0.49,0.47,0.48,1971520.0
2024-02-17 08:00:00+00:00,0.48,0.49,0.43,0.44,1550668.0
2024-02-17 12:00:00+00:00,0.44,0.45,0.44,0.44,637590.0
2024-02-17 16:00:00+00:00,0.44,0.44,0.42,0.42,785498.0
2024-02-17 20:00:00+00:00,0.42,0.44,0.4,0.43,1108826.0
2024-02-18 00:00:00+00:00,0.43,0.47,0.43,0.47,408272.0
2024-02-18 04:00:00+00:00,0.47,0.58,0.46,0.58,3960768.0
2024-02-18 08:00:00+00:00,0.58,0.59,0.47,0.47,1939792.0
2024-02-18 12:00:00+00:00,0.47,0.63,0.47,0.63,3622476.0
2024-02-18 16:00:00+00:00,0.63,0.63,0.44,0.44,851654.0
2024-02-18 20:00:00+00:00,0.44,0.44,0.43,0.43,1988229.0
2024-02-19 00:00:00+00:00,0.43,0.47,0.43,0.47,3861535.0
2024-02-19 04:00:00+00:00,0.47,0.5,0.46,0.49,582400.0
2024-02-19 08:00:00+00:00,0.49,0.51,0.44,0.44,1881687.0
2024-02-19 12:00:00+00:00,0.44,0.45,0.43,0.43,1093700.0
2024-02-19 16:00:00+00:00,0.43,0.43,0.4,0.4,564292.0
2024-02-19 20:00:00+00:00,0.4,0.41,0.36,0.36,1618472.0
2024-02-20 00:00:00+00:00,0.36,0.42,0.36,0.41,2097276.0
2024-02-20 04:00:00+00:00,0.41,0.45,0.41,0.43,859315.0
2024-02-20 08:00:00+00:00,0.43,0.43,0.39,0.39,2350240.0
2024-02-20 12:00:00+00:00,0.39,0.44,0.38,0.44,610351.0
2024-02-20 16:00:00+00:00,0.44,0.47,0.43,0.46,538865.0
2024-02-20 20:00:00+00:00,0.46,0.52,0.46,0.52,1461642.0
2024-02-21 00:00:00+00:00,0.52,0.57,0.51,0.56,1298930.0
2024-02-21 04:00:00+00:00,0.56,0.56,0.49,0.49,960234.0
2024-02-21 08:00:00+00:00,0.49,0.5,0.45,0.45,1878470.0
2024-02-21 12:00:00+00:00,0.45,0.5,0.45,0.5,1740957.0
2024-02-21 16:00:00+00:00,0.5,0.55,0.5,0.55,1955605.0
2024-02-21 20:00:00+00:00,0.55,0.57,0.53,0.55,950523.0
2024-02-22 00:00:00+00:00,0.55,0.56,0.55,0.56,1419769.0
2024-02-22 04:00:00+00:00,0.56,0.67,0.54,0.66,1250884.0
2024-02-22 08:00:00+00:00,0.66,0.66,0.6,0.6,3541002.0
2024-02-22 12:00:00+00:00,0.6,0.66,0.59,0.65,828797.0
2024-02-22 16:00:00+00:00,0.65,0.66,0.59,0.63,3131992.0
2024-02-22 20:00:00+00:00,0.63,0.63,0.61,0.61,1119553.0
2024-02-23 00:00:00+00:00,0.61,0.71,0.61,0.71,750081.0
2024-02-23 04:00:00+00:00,0.71,0.8,0.7,0.8,2713115.0
2024-02-23 08:00:00+00:00,0.8,0.89,0.8,0.89,1452091.0
2024-02-23 12:00:00+00:00,0.89,1.09,0.88,1.07,2425421.0
2024-02-23 16:00:00+00:00,1.07,1.11,1.05,1.07,1856257.0
2024-02-23 20:00:00+00:00,1.07,1.19,1.07,1.18,1538516.0
2024-02-24 00:00:00+00:00,1.18,1.18,1.12,1.12,849763.0
2024-02-24 04:00:00+00:00,1.12,1.18,1.12,1.17,1861383.0
2024-02-24 08:00:00+00:00,1.17,1.19,1.13,1.15,1062155.0
2024-02-24 12:00:00+00:00,1.15,1.16,1.15,1.16,1465769.0
2024-02-24 16:00:00+00:00,1.16,1.28,1.15,1.27,429818.0
2024-02-24 20:00:00+00:00,1.27,1.28,1.1,1.11,1715159.0
2024-02-25 00:00:00+00:00,1.11,1.47,1.09,1.46,1408303.0
2024-02-25 04:00:00+00:00,1.46,1.46,1.23,1.23,3328647.0
2024-02-25 08:00:00+00:00,1.23,1.24,0.99,1.01,2116668.0
2024-02-25 12:00:00+00:00,1.01,1.18,1.01,1.18,1710737.0
2024-02-25 16:00:00+00:00,1.18,1.32,1.18,1.32,1724704.0
2024-02-25 20:00:00+00:00,1.32,1.47,1.29,1.44,775124.0
2024-02-26 00:00:00+00:00,1.44,1.6,1.42,1.58,2879330.0
2024-02-26 04:00:00+00:00,1.58,1.58,1.57,1.57,2732330.0
2024-02-26 08:00:00+00:00,1.57,1.57,1.36,1.36,1706284.0
2024-02-26 12:00:00+00:00,1.36,1.38,1.36,1.37,2281345.0
2024-02-26 16:00:00+00:00,1.37,1.38,1.23,1.23,982421.0
2024-02-26 20:00:00+00:00,1.23,1.42,1.23,1.41,963034.0
2024-02-27 00:00:00+00:00,1.41,1.41,1.38,1.38,1092542.0
2024-02-27 04:00:00+00:00,1.38,1.38,1.2,1.21,1709486.0
2024-02-27 08:00:00+00:00,1.21,1.22,1.13,1.15,943498.0
2024-02-27 12:00:00+00:00,1.15,1.23,1.14,1.22,1545973.0
2024-02-27 16:00:00+00:00,1.22,1.23,1.1,1.11,1466311.0
2024-02-27 20:00:00+00:00,1.11,1.11,0.97,0.97,834313.0
2024-02-28 00:00:00+00:00,0.97,1.05,0.96,1.01,1432570.0
2024-02-28 04:00:00+00:00,1.01,1.06,0.99,1.04,1702918.0
2024-02-28 08:00:00+00:00,1.04,1.06,0.95,0.96,1342897.0
2024-02-28 12:00:00+00:00,0.96,0.98,0.88,0.89,2164592.0
2024-02-28 16:00:00+00:00,0.89,0.95,0.87,0.92,598445.0
2024-02-28 20:00:00+00:00,0.92,0.93,0.71,0.72,2092666.0
2024-02-29 00:00:00+00:00,0.72,0.72,0.57,0.57,912311.0
2024-02-29 04:00:00+00:00,0.57,0.57,0.5,0.51,760676.0
2024-02-29 08:00:00+00:00,0.51,0.52,0.49,0.49,802763.0
2024-02-29 12:00:00+00:00,0.49,0.52,0.48,0.51,708935.0
2024-02-29 16:00:00+00:00,0.51,0.63,0.51,0.62,1261754.0
2024-02-29 20:00:00+00:00,0.62,0.7,0.62,0.7,1241241.0
2024-03-01 00:00:00+00:00,0.7,0.71,0.68,0.68,1635881.0
2024-03-01 04:00:00+00:00,0.68,0.71,0.67,0.68,862677.0
2024-03-01 08:00:00+00:00,0.68,0.69,0.58,0.58,655904.0
2024-03-01 12:00:00+00:00,0.58,0.58,0.57,0.58,1790746.0
2024-03-01 16:00:00+00:00,0.58,0.58,0.55,0.55,745136.0
2024-03-01 20:00:00+00:00,0.55,0.58,0.55,0.58,1107918.0
2024-03-02 00:00:00+00:00,0.58,0.59,0.5,0.5,1720863.0
2024-03-02 04:00:00+00:00,0.5,0.55,0.5,0.54,1358513.0
2024-03-02 08:00:00+00:00,0.54,0.67,0.53,0.67,2912965.0
2024-03-02 12:00:00+00:00,0.67,0.67,0.65,0.66,1338093.0
2024-03-02 16:00:00+00:00,0.66,0.7,0.65,0.69,764344.0
2024-03-02 20:00:00+00:00,0.69,0.77,0.69,0.77,3883027.0
2024-03-03 00:00:00+00:00,0.77,0.78,0.71,0.72,1305478.0
2024-03-03 04:00:00+00:00,0.72,0.75,0.72,0.74,1018937.0
2024-03-03 08:00:00+00:00,0.74,0.74,0.73,0.74,1622009.0
2024-03-03 12:00:00+00:00,0.74,0.76,0.73,0.75,1177381.0
2024-03-03 16:00:00+00:00,0.75,0.78,0.66,0.67,1641118.0
2024-03-03 20:00:00+00:00,0.67,0.67,0.66,0.67,3501778.0
2024-03-04 00:00:00+00:00,0.67,0.73,0.66,0.72,1060546.0
2024-03-04 04:00:00+00:00,0.72,0.87,0.71,0.87,1407004.0
2024-03-04 08:00:00+00:00,0.87,1.0,0.86,0.99,1513704.0
2024-03-04 12:00:00+00:00,0.99,1.31,0.99,1.31,3358199.0
2024-03-04 16:00:00+00:00,1.31,1.32,1.16,1.16,635089.0
2024-03-04 20:00:00+00:00,1.16,1.32,1.15,1.31,519868.0
2024-03-05 00:00:00+00:00,1.31,1.35,1.31,1.35,804531.0
2024-03-05 04:00:00+00:00,1.35,1.8,1.34,1.79,875587.0
2024-03-05 08:00:00+00:00,1.79,1.85,1.54,1.57,1105480.0
2024-03-05 12:00:00+00:00,1.57,1.57,1.37,1.37,1775706.0
2024-03-05 16:00:00+00:00,1.37,1.38,1.22,1.24,815460.0
2024-03-05 20:00:00+00:00,1.24,1.25,0.84,0.85,959833.0
2024-03-06 00:00:00+00:00,0.85,0.85,0.77,0.78,1283487.0
2024-03-06 04:00:00+00:00,0.78,0.78,0.69,0.69,2069815.0
2024-03-06 08:00:00+00:00,0.69,0.71,0.69,0.7,456178.0
2024-03-06 12:00:00+00:00,0.7,0.74,0.7,0.74,1733680.0
2024-03-06 16:00:00+00:00,0.74,0.95,0.74,0.95,2770791.0
2024-03-06 20:00:00+00:00,0.95,1.08,0.94,1.08,2295746.0
2024-03-07 00:00:00+00:00,1.08,1.09,0.97,0.99,2321730.0
2024-03-07 04:00:00+00:00,0.99,1.01,0.84,0.85,4231439.0
2024-03-07 08:00:00+00:00,0.85,0.93,0.83,0.91,1019843.0
2024-03-07 12:00:00+00:00,0.91,0.93,0.73,0.73,1686759.0
2024-03-07 16:00:00+00:00,0.73,0.93,0.73,0.93,1479087.0
2024-03-07 20:00:00+00:00,0.93,1.1,0.93,1.1,1529615.0
2024-03-08 00:00:00+00:00,1.1,1.1,1.02,1.02,2612056.0
2024-03-08 04:00:00+00:00,1.02,1.02,0.75,0.76,905230.0
2024-03-08 08:00:00+00:00,0.76,0.92,0.75,0.91,1044634.0
2024-03-08 12:00:00+00:00,0.91,0.91,0.88,0.89,2098487.0
2024-03-08 16:00:00+00:00,0.89,1.06,0.89,1.06,2584518.0
2024-03-08 20:00:00+00:00,1.06,1.06,0.8,0.8,1434350.0
2024-03-09 00:00:00+00:00,0.8,0.81,0.71,0.73,1950104.0
2024-03-09 04:00:00+00:00,0.73,0.75,0.72,0.73,1186037.0
2024-03-09 08:00:00+00:00,0.73,0.74,0.73,0.74,2156345.0
2024-03-09 12:00:00+00:00,0.74,0.75,0.67,0.69,1244963.0
2024-03-09 16:00:00+00:00,0.69,0.78,0.67,0.75,2134217.0
2024-03-09 20:00:00+00:00,0.75,0.75,0.63,0.63,5555988.0
2024-03-10 00:00:00+00:00,0.63,0.63,0.61,0.62,1438032.0
2024-03-10 04:00:00+00:00,0.62,0.63,0.61,0.63,1078045.0
2024-03-10 08:00:00+00:00,0.63,0.69,0.61,0.67,1761836.0
2024-03-10 12:00:00+00:00,0.67,0.75,0.65,0.75,1097984.0
2024-03-10 16:00:00+00:00,0.75,0.75,0.62,0.62,4977722.0
2024-03-10 20:00:00+00:00,0.62,0.62,0.47,0.48,1852028.0
2024-03-11 00:00:00+00:00,0.48,0.57,0.47,0.57,1372116.0
2024-03-11 04:00:00+00:00,0.57,0.6,0.56,0.59,755475.0
2024-03-11 08:00:00+00:00,0.59,0.6,0.53,0.53,2317664.0
2024-03-11 12:00:00+00:00,0.53,0.66,0.52,0.65,2616260.0
2024-03-11 16:00:00+00:00,0.65,0.67,0.64,0.66,818684.0
2024-03-11 20:00:00+00:00,0.66,0.79,0.65,0.78,2035068.0
2024-03-12 00:00:00+00:00,0.78,0.81,0.77,0.78,483579.0
2024-03-12 04:00:00+00:00,0.78,1.04,0.77,1.02,2100999.0
2024-03-12 08:00:00+00:00,1.02,1.3,1.02,1.29,2241750.0
2024-03-12 12:00:00+00:00,1.29,1.3,1.23,1.24,2616761.0
2024-03-12 16:00:00+00:00,1.24,1.43,1.24,1.42,975954.0
2024-03-12 20:00:00+00:00,1.42,1.57,1.4,1.56,679738.0
2024-03-13 00:00:00+00:00,1.56,1.88,1.55,1.88,1031156.0
2024-03-13 04:00:00+00:00,1.88,1.91,1.59,1.6,736409.0
2024-03-13 08:00:00+00:00,1.6,1.77,1.6,1.77,2548460.0
2024-03-13 12:00:00+00:00,1.77,2.05,1.76,2.05,3196797.0
2024-03-13 16:00:00+00:00,2.05,2.05,1.5,1.51,2105492.0
2024-03-13 20:00:00+00:00,1.51,1.51,1.24,1.24,2827013.0
2024-03-14 00:00:00+00:00,1.24,1.26,0.85,0.86,2053327.0
2024-03-14 04:00:00+00:00,0.86,0.87,0.81,0.82,1071732.0
2024-03-14 08:00:00+00:00,0.82,0.91,0.81,0.91,1117643.0
2024-03-14 12:00:00+00:00,0.91,1.12,0.91,1.11,1432721.0
2024-03-14 16:00:00+00:00,1.11,1.13,1.11,1.13,475268.0
2024-03-14 20:00:00+00:00,1.13,1.4,1.12,1.4,1966040.0
2024-03-15 00:00:00+00:00,1.4,1.4,1.1,1.11,1591609.0
2024-03-15 04:00:00+00:00,1.11,1.13,0.81,0.82,2568751.0
2024-03-15 08:00:00+00:00,0.82,0.82,0.81,0.81,1077335.0
2024-03-15 12:00:00+00:00,0.81,0.86,0.81,0.86,1076594.0
2024-03-15 16:00:00+00:00,0.86,0.86,0.85,0.85,658507.0
2024-03-15 20:00:00+00:00,0.85,0.86,0.59,0.59,1992498.0
2024-03-16 00:00:00+00:00,0.59,0.6,0.58,0.58,1509406.0
2024-03-16 04:00:00+00:00,0.58,0.59,0.47,0.47,895651.0
2024-03-16 08:00:00+00:00,0.47,0.52,0.47,0.52,1355800.0
2024-03-16 12:00:00+00:00,0.52,0.54,0.52,0.54,1304830.0
2024-03-16 16:00:00+00:00,0.54,0.55,0.46,0.47,996329.0
2024-03-16 20:00:00+00:00,0.47,0.47,0.43,0.43,920532.0
2024-03-17 00:00:00+00:00,0.43,0.43,0.36,0.36,1661509.0
2024-03-17 04:00:00+00:00,0.36,0.38,0.35,0.36,585664.0
2024-03-17 08:00:00+00:00,0.36,0.41,0.35,0.41,1693450.0
2024-03-17 12:00:00+00:00,0.41,0.41,0.34,0.35,925282.0
2024-03-17 16:00:00+00:00,0.35,0.37,0.34,0.37,2079979.0
2024-03-17 20:00:00+00:00,0.37,0.38,0.34,0.34,4000561.0
2024-03-18 00:00:00+00:00,0.34,0.34,0.3,0.3,885180.0
2024-03-18 04:00:00+00:00,0.3,0.31,0.29,0.3,1375053.0
2024-03-18 08:00:00+00:00,0.3,0.3,0.25,0.25,1020895.0
2024-03-18 12:00:00+00:00,0.25,0.25,0.23,0.23,2110113.0
2024-03-18 16:00:00+00:00,0.23,0.23,0.19,0.19,820114.0
2024-03-18 20:00:00+00:00,0.19,0.24,0.19,0.24,2389584.0
2024-03-19 00:00:00+00:00,0.24,0.25,0.24,0.24,653280.0
2024-03-19 04:00:00+00:00,0.24,0.24,0.21,0.22,1186210.0
2024-03-19 08:00:00+00:00,0.22,0.23,0.22,0.22,651553.0
2024-03-19 12:00:00+00:00,0.22,0.22,0.22,0.22,1592945.0
2024-03-19 16:00:00+00:00,0.22,0.22,0.21,0.21,726795.0
2024-03-19 20:00:00+00:00,0.21,0.23,0.21,0.23,1674695.0
2024-03-20 00:00:00+00:00,0.23,0.26,0.23,0.26,1124160.0
2024-03-20 04:00:00+00:00,0.26,0.26,0.24,0.24,1175270.0
2024-03-20 08:00:00+00:00,0.24,0.24,0.21,0.22,1361988.0
2024-03-20 12:00:00+00:00,0.22,0.22,0.21,0.21,771887.0
2024-03-20 16:00:00+00:00,0.21,0.21,0.13,0.13,2268421.0
2024-03-20 20:00:00+00:00,0.13,0.14,0.1,0.1,3628133.0
2024-03-21 00:00:00+00:00,0.1,0.12,0.1,0.12,1090301.0
2024-03-21 04:00:00+00:00,0.12,0.16,0.12,0.15,3115089.0
2024-03-21 08:00:00+00:00,0.15,0.16,0.15,0.15,2365684.0
2024-03-21 12:00:00+00:00,0.15,0.16,0.15,0.16,833080.0
2024-03-21 16:00:00+00:00,0.16,0.17,0.16,0.17,547551.0
2024-03-21 20:00:00+00:00,0.17,0.25,0.17,0.25,2766421.0
2024-03-22 00:00:00+00:00,0.25,0.29,0.24,0.29,1138530.0
2024-03-22 04:00:00+00:00,0.29,0.29,0.28,0.28,2709599.0
2024-03-22 08:00:00+00:00,0.28,0.28,0.24,0.24,1461218.0
2024-03-22 12:00:00+00:00,0.24,0.24,0.18,0.18,1158383.0
2024-03-22 16:00:00+00:00,0.18,0.19,0.18,0.19,611047.0
2024-03-22 20:00:00+00:00,0.19,0.19,0.16,0.16,2324023.0
2024-03-23 00:00:00+00:00,0.16,0.17,0.13,0.13,1238110.0
2024-03-23 04:00:00+00:00,0.13,0.13,0.12,0.12,1327155.0
2024-03-23 08:00:00+00:00,0.12,0.12,0.1,0.1,2409681.0
2024-03-23 12:00:00+00:00,0.1,0.12,0.1,0.12,1374953.0
2024-03-23 16:00:00+00:00,0.12,0.14,0.12,0.14,1357551.0
2024-03-23 20:00:00+00:00,0.14,0.14,0.14,0.14,1002964.0
2024-03-24 00:00:00+00:00,0.14,0.17,0.14,0.17,2320280.0
2024-03-24 04:00:00+00:00,0.17,0.17,0.16,0.17,1379860.0
2024-03-24 08:00:00+00:00,0.17,0.17,0.15,0.15,1246348.0
2024-03-24 12:00:00+00:00,0.15,0.18,0.15,0.18,1731681.0
2024-03-24 16:00:00+00:00,0.18,0.2,0.18,0.19,1025076.0
2024-03-24 20:00:00+00:00,0.19,0.2,0.16,0.16,704504.0
2024-03-25 00:00:00+00:00,0.16,0.16,0.16,0.16,1244127.0
2024-03-25 04:00:00+00:00,0.16,0.16,0.14,0.14,3611542.0
2024-03-25 08:00:00+00:00,0.14,0.14,0.11,0.11,1048130.0
2024-03-25 12:00:00+00:00,0.11,0.12,0.11,0.12,956986.0
2024-03-25 16:00:00+00:00,0.12,0.16,0.12,0.16,1197622.0
2024-03-25 20:00:00+00:00,0.16,0.16,0.12,0.12,2352717.0
2024-03-26 00:00:00+00:00,0.12,0.13,0.12,0.13,1557952.0
2024-03-26 04:00:00+00:00,0.13,0.14,0.12,0.12,1201998.0
2024-03-26 08:00:00+00:00,0.12,0.12,0.11,0.11,775729.0
2024-03-26 12:00:00+00:00,0.11,0.11,0.1,0.1,1335256.0
2024-03-26 16:00:00+00:00,0.1,0.1,0.08,0.09,639015.0
2024-03-26 20:00:00+00:00,0.09,0.09,0.09,0.09,1088746.0
2024-03-27 00:00:00+00:00,0.09,0.09,0.08,0.08,2129420.0
2024-03-27 04:00:00+00:00,0.08,0.08,0.08,0.08,595530.0
2024-03-27 08:00:00+00:00,0.08,0.08,0.08,0.08,479178.0
2024-03-27 12:00:00+00:00,0.08,0.08,0.07,0.08,2455905.0
2024-03-27 16:00:00+00:00,0.08,0.08,0.07,0.07,1043461.0
2024-03-27 20:00:00+00:00,0.07,0.07,0.06,0.06,2237559.0
2024-03-28 00:00:00+00:00,0.06,0.07,0.06,0.07,1232848.0
2024-03-28 04:00:00+00:00,0.07,0.07,0.07,0.07,1122366.0
2024-03-28 08:00:00+00:00,0.07,0.07,0.06,0.06,1803206.0
2024-03-28 12:00:00+00:00,0.06,0.06,0.06,0.06,666128.0
2024-03-28 16:00:00+00:00,0.06,0.07,0.06,0.07,1417810.0
2024-03-28 20:00:00+00:00,0.07,0.07,0.05,0.05,1453946.0
2024-03-29 00:00:00+00:00,0.05,0.05,0.05,0.05,638821.0
2024-03-29 04:00:00+00:00,0.05,0.05,0.05,0.05,1546485.0
2024-03-29 08:00:00+00:00,0.05,0.05,0.05,0.05,1094612.0
2024-03-29 12:00:00+00:00,0.05,0.05,0.05,0.05,1249493.0
2024-03-29 16:00:00+00:00,0.05,0.05,0.03,0.03,993897.0
2024-03-29 20:00:00+00:00,0.03,0.03,0.03,0.03,3856628.0
2024-03-30 00:00:00+00:00,0.03,0.03,0.03,0.03,1571446.0
2024-03-30 04:00:00+00:00,0.03,0.03,0.03,0.03,1793434.0
2024-03-30 08:00:00+00:00,0.03,0.03,0.02,0.02,1212821.0
2024-03-30 12:00:00+00:00,0.02,0.03,0.02,0.03,539027.0
2024-03-30 16:00:00+00:00,0.03,0.03,0.02,0.02,4660401.0
2024-03-30 20:00:00+00:00,0.02,0.02,0.02,0.02,1006069.0
2024-03-31 00:00:00+00:00,0.02,0.02,0.02,0.02,1064457.0
2024-03-31 04:00:00+00:00,0.02,0.02,0.01,0.01,1602078.0
2024-03-31 08:00:00+00:00,0.01,0.01,0.01,0.01,1817588.0
2024-03-31 12:00:00+00:00,0.01,0.01,0.01,0.01,1373212.0
2024-03-31 16:00:00+00:00,0.01,0.01,0.01,0.01,2236522.0
2024-03-31 20:00:00+00:00,0.01,0.01,0.01,0.01,2484795.0
2024-04-01 00:00:00+00:00,0.01,0.01,0.01,0.01,739382.0
2024-04-01 04:00:00+00:00,0.01,0.01,0.01,0.01,977642.0
2024-04-01 08:00:00+00:00,0.01,0.01,0.01,0.01,2445410.0
2024-04-01 12:00:00+00:00,0.01,0.01,0.01,0.01,317337.0
2024-04-01 16:00:00+00:00,0.01,0.01,0.01,0.01,1524007.0
2024-04-01 20:00:00+00:00,0.01,0.01,0.01,0.01,1035959.0
2024-04-02 00:00:00+00:00,0.01,0.01,0.01,0.01,1075455.0
2024-04-02 04:00:00+00:00,0.01,0.01,0.01,0.01,1079611.0
2024-04-02 08:00:00+00:00,0.01,0.01,0.01,0.01,917380.0
2024-04-02 12:00:00+00:00,0.01,0.01,0.01,0.01,880998.0
2024-04-02 16:00:00+00:00,0.01,0.01,0.01,0.01,738111.0
2024-04-02 20:00:00+00:00,0.01,0.01,0.01,0.01,3250447.0
2024-04-03 00:00:00+00:00,0.01,0.01,0.01,0.01,2734420.0
2024-04-03 04:00:00+00:00,0.01,0.01,0.01,0.01,847951.0
2024-04-03 08:00:00+00:00,0.01,0.01,0.01,0.01,2446835.0
2024-04-03 12:00:00+00:00,0.01,0.01,0.01,0.01,939236.0
2024-04-03 16:00:00+00:00,0.01,0.01,0.01,0.01,1269668.0
2024-04-03 20:00:00+00:00,0.01,0.01,0.01,0.01,1186062.0
2024-04-04 00:00:00+00:00,0.01,0.01,0.01,0.01,862293.0
2024-04-04 04:00:00+00:00,0.01,0.01,0.01,0.01,1918441.0
2024-04-04 08:00:00+00:00,0.01,0.01,0.01,0.01,1271332.0
2024-04-04 12:00:00+00:00,0.01,0.01,0.01,0.01,887438.0
2024-04-04 16:00:00+00:00,0.01,0.01,0.01,0.01,1005181.0
2024-04-04 20:00:00+00:00,0.01,0.01,0.01,0.01,887938.0
2024-04-05 00:00:00+00:00,0.01,0.01,0.01,0.01,506348.0
2024-04-05 04:00:00+00:00,0.01,0.01,0.01,0.01,1546370.0
2024-04-05 08:00:00+00:00,0.01,0.01,0.01,0.01,652573.0
2024-04-05 12:00:00+00:00,0.01,0.01,0.01,0.01,1681663.0
2024-04-05 16:00:00+00:00,0.01,0.01,0.01,0.01,2890089.0
2024-04-05 20:00:00+00:00,0.01,0.01,0.01,0.01,3360377.0
2024-04-06 00:00:00+00:00,0.01,0.01,0.01,0.01,1142449.0
2024-04-06 04:00:00+00:00,0.01,0.01,0.01,0.01,962737.0
2024-04-06 08:00:00+00:00,0.01,0.01,0.01,0.01,4454606.0
2024-04-06 12:00:00+00:00,0.01,0.01,0.01,0.01,1485168.0
2024-04-06 16:00:00+00:00,0.01,0.01,0.01,0.01,934434.0
2024-04-06 20:00:00+00:00,0.01,0.01,0.01,0.01,672077.0
2024-04-07 00:00:00+00:00,0.01,0.01,0.0,0.0,2431655.0
2024-04-07 04:00:00+00:00,0.0,0.01,0.0,0.01,1671609.0
2024-04-07 08:00:00+00:00,0.01,0.01,0.0,0.01,980910.0
2024-04-07 12:00:00+00:00,0.01,0.01,0.0,0.0,1928160.0
2024-04-07 16:00:00+00:00,0.0,0.01,0.0,0.01,1261756.0
2024-04-07 20:00:00+00:00,0.01,0.01,0.01,0.01,1049882.0
2024-04-08 00:00:00+00:00,0.01,0.01,0.01,0.01,342444.0
2024-04-08 04:00:00+00:00,0.01,0.01,0.0,0.01,1149029.0
2024-04-08 08:00:00+00:00,0.01,0.01,0.01,0.01,3281382.0
2024-04-08 12:00:00+00:00,0.01,0.01,0.01,0.01,788449.0
2024-04-08 16:00:00+00:00,0.01,0.01,0.01,0.01,1140699.0
2024-04-08 20:00:00+00:00,0.01,0.01,0.01,0.01,827196.0
2024-04-09 00:00:00+00:00,0.01,0.01,0.01,0.01,1655804.0
2024-04-09 04:00:00+00:00,0.01,0.01,0.01,0.01,1232542.0
2024-04-09 08:00:00+00:00,0.01,0.01,0.01,0.01,866140.0
2024-04-09 12:00:00+00:00,0.01,0.01,0.01,0.01,2009806.0
2024-04-09 16:00:00+00:00,0.01,0.01,0.01,0.01,1929632.0
2024-04-09 20:00:00+00:00,0.01,0.01,0.01,0.01,898515.0
2024-04-10 00:00:00+00:00,0.01,0.01,0.01,0.01,1475728.0
2024-04-10 04:00:00+00:00,0.01,0.01,0.01,0.01,1919793.0
2024-04-10 08:00:00+00:00,0.01,0.01,0.01,0.01,1694247.0
2024-04-10 12:00:00+00:00,0.01,0.01,0.01,0.01,480377.0
2024-04-10 16:00:00+00:00,0.01,0.01,0.01,0.01,2381326.0
2024-04-10 20:00:00+00:00,0.01,0.01,0.01,0.01,901778.0
2024-04-11 00:00:00+00:00,0.01,0.01,0.01,0.01,979037.0
2024-04-11 04:00:00+00:00,0.01,0.01,0.01,0.01,5017621.0
2024-04-11 08:00:00+00:00,0.01,0.01,0.01,0.01,1644049.0
2024-04-11 12:00:00+00:00,0.01,0.01,0.01,0.01,1148044.0
2024-04-11 16:00:00+00:00,0.01,0.01,0.01,0.01,534994.0
2024-04-11 20:00:00+00:00,0.01,0.01,0.01,0.01,2379251.0
2024-04-12 00:00:00+00:00,0.01,0.01,0.01,0.01,942237.0
2024-04-12 04:00:00+00:00,0.01,0.01,0.01,0.01,815307.0
2024-04-12 08:00:00+00:00,0.01,0.01,0.01,0.01,1320414.0
2024-04-12 12:00:00+00:00,0.01,0.01,0.01,0.01,3651775.0
2024-04-12 16:00:00+00:00,0.01,0.01,0.01,0.01,2465765.0
2024-04-12 20:00:00+00:00,0.01,0.01,0.01,0.01,1198047.0
2024-04-13 00:00:00+00:00,0.01,0.01,0.01,0.01,1193481.0
2024-04-13 04:00:00+00:00,0.01,0.01,0.01,0.01,834455.0
2024-04-13 08:00:00+00:00,0.01,0.01,0.01,0.01,1613126.0
2024-04-13 12:00:00+00:00,0.01,0.01,0.01,0.01,2181319.0
2024-04-13 16:00:00+00:00,0.01,0.01,0.01,0.01,1721205.0
2024-04-13 20:00:00+00:00,0.01,0.01,0.01,0.01,1705182.0
2024-04-14 00:00:00+00:00,0.01,0.01,0.01,0.01,1697897.0
2024-04-14 04:00:00+00:00,0.01,0.01,0.01,0.01,1016857.0
2024-04-14 08:00:00+00:00,0.01,0.01,0.01,0.01,1598537.0
2024-04-14 12:00:00+00:00,0.01,0.01,0.01,0.01,1292449.0
2024-04-14 16:00:00+00:00,0.01,0.01,0.01,0.01,707150.0
2024-04-14 20:00:00+00:00,0.01,0.01,0.01,0.01,1511685.0
2024-04-15 00:00:00+00:00,0.01,0.02,0.01,0.02,1677381.0
2024-04-15 04:00:00+00:00,0.02,0.02,0.02,0.02,2710495.0
2024-04-15 08:00:00+00:00,0.02,0.02,0.02,0.02,1119855.0
2024-04-15 12:00:00+00:00,0.02,0.02,0.02,0.02,788159.0
2024-04-15 16:00:00+00:00,0.02,0.02,0.02,0.02,1084341.0
2024-04-15 20:00:00+00:00,0.02,0.02,0.02,0.02,1087540.0
2024-04-16 00:00:00+00:00,0.02,0.02,0.02,0.02,1632731.0
2024-04-16 04:00:00+00:00,0.02,0.02,0.01,0.01,2786198.0
2024-04-16 08:00:00+00:00,0.01,0.02,0.01,0.02,2814348.0
2024-04-16 12:00:00+00:00,0.02,0.02,0.02,0.02,793851.0
2024-04-16 16:00:00+00:00,0.02,0.02,0.01,0.02,873905.0
2024-04-16 20:00:00+00:00,0.02,0.02,0.01,0.01,863660.0
2024-04-17 00:00:00+00:00,0.01,0.01,0.01,0.01,2470682.0
2024-04-17 04:00:00+00:00,0.01,0.01,0.01,0.01,2833222.0
2024-04-17 08:00:00+00:00,0.01,0.01,0.01,0.01,884620.0
2024-04-17 12:00:00+00:00,0.01,0.01,0.01,0.01,1393989.0
2024-04-17 16:00:00+00:00,0.01,0.01,0.01,0.01,3290290.0
2024-04-17 20:00:00+00:00,0.01,0.01,0.01,0.01,1478923.0
2024-04-18 00:00:00+00:00,0.01,0.01,0.01,0.01,2180949.0
2024-04-18 04:00:00+00:00,0.01,0.01,0.01,0.01,614352.0
2024-04-18 08:00:00+00:00,0.01,0.01,0.01,0.01,2350352.0
2024-04-18 12:00:00+00:00,0.01,0.01,0.01,0.01,696383.0
2024-04-18 16:00:00+00:00,0.01,0.01,0.01,0.01,635480.0
2024-04-18 20:00:00+00:00,0.01,0.01,0.0,0.0,1859247.0
2024-04-19 00:00:00+00:00,0.0,0.0,0.0,0.0,762600.0
2024-04-19 04:00:00+00:00,0.0,0.0,0.0,0.0,985003.0
2024-04-19 08:00:00+00:00,0.0,0.0,0.0,0.0,639366.0
2024-04-19 12:00:00+00:00,0.0,0.0,0.0,0.0,2962515.0
2024-04-19 16:00:00+00:00,0.0,0.01,0.0,0.01,2652160.0
2024-04-19 20:00:00+00:00,0.01,0.01,0.01,0.01,422589.0
2024-04-20 00:00:00+00:00,0.01,0.01,0.0,0.0,2439806.0
2024-04-20 04:00:00+00:00,0.0,0.01,0.0,0.01,1440333.0
2024-04-20 08:00:00+00:00,0.01,0.01,0.01,0.01,1578927.0
2024-04-20 12:00:00+00:00,0.01,0.01,0.01,0.01,974255.0
2024-04-20 16:00:00+00:00,0.01,0.01,0.01,0.01,1023289.0
2024-04-20 20:00:00+00:00,0.01,0.01,0.01,0.01,991754.0
2024-04-21 00:00:00+00:00,0.01,0.01,0.01,0.01,1945733.0
2024-04-21 04:00:00+00:00,0.01,0.01,0.01,0.01,672411.0
2024-04-21 08:00:00+00:00,0.01,0.01,0.01,0.01,1686267.0
2024-04-21 12:00:00+00:00,0.01,0.01,0.01,0.01,1756998.0
2024-04-21 16:00:00+00:00,0.01,0.01,0.0,0.0,1773367.0
2024-04-21 20:00:00+00:00,0.0,0.0,0.0,0.0,4217907.0
2024-04-22 00:00:00+00:00,0.0,0.0,0.0,0.0,805591.0
2024-04-22 04:00:00+00:00,0.0,0.0,0.0,0.0,1795534.0
2024-04-22 08:00:00+00:00,0.0,0.01,0.0,0.01,1591594.0
2024-04-22 12:00:00+00:00,0.01,0.01,0.0,0.0,4060384.0
2024-04-22 16:00:00+00:00,0.0,0.0,0.0,0.0,1486873.0
2024-04-22 20:00:00+00:00,0.0,0.0,0.0,0.0,1286734.0
2024-04-23 00:00:00+00:00,0.0,0.0,0.0,0.0,3711463.0
2024-04-23 04:00:00+00:00,0.0,0.0,0.0,0.0,901676.0
2024-04-23 08:00:00+00:00,0.0,0.0,0.0,0.0,575284.0
2024-04-23 12:00:00+00:00,0.0,0.0,0.0,0.0,1260451.0
2024-04-23 16:00:00+00:00,0.0,0.0,0.0,0.0,1838115.0
2024-04-23 20:00:00+00:00,0.0,0.0,0.0,0.0,3005791.0
2024-04-24 00:00:00+00:00,0.0,0.0,0.0,0.0,1891923.0
2024-04-24 04:00:00+00:00,0.0,0.0,0.0,0.0,2749126.0
2024-04-24 08:00:00+00:00,0.0,0.0,0.0,0.0,797782.0
2024-04-24 12:00:00+00:00,0.0,0.0,0.0,0.0,1062258.0
2024-04-24 16:00:00+00:00,0.0,0.0,0.0,0.0,1304546.0
2024-04-24 20:00:00+00:00,0.0,0.0,0.0,0.0,1166261.0
2024-04-25 00:00:00+00:00,0.0,0.0,0.0,0.0,1273663.0
2024-04-25 04:00:00+00:00,0.0,0.0,0.0,0.0,2188132.0
2024-04-25 08:00:00+00:00,0.0,0.0,0.0,0.0,1058237.0
2024-04-25 12:00:00+00:00,0.0,0.0,0.0,0.0,1186894.0
2024-04-25 16:00:00+00:00,0.0,0.0,0.0,0.0,1141673.0
2024-04-25 20:00:00+00:00,0.0,0.0,0.0,0.0,831391.0
2024-04-26 00:00:00+00:00,0.0,0.0,0.0,0.0,1134505.0
2024-04-26 04:00:00+00:00,0.0,0.0,0.0,0.0,1081001.0
2024-04-26 08:00:00+00:00,0.0,0.0,0.0,0.0,1401996.0
2024-04-26 12:00:00+00:00,0.0,0.0,0.0,0.0,1509327.0
2024-04-26 16:00:00+00:00,0.0,0.0,0.0,0.0,1327392.0
2024-04-26 20:00:00+00:00,0.0,0.0,0.0,0.0,1021391.0
2024-04-27 00:00:00+00:00,0.0,0.0,0.0,0.0,2150997.0
2024-04-27 04:00:00+00:00,0.0,0.0,0.0,0.0,639570.0
2024-04-27 08:00:00+00:00,0.0,0.0,0.0,0.0,1089256.0
2024-04-27 12:00:00+00:00,0.0,0.0,0.0,0.0,5688180.0
2024-04-27 16:00:00+00:00,0.0,0.0,0.0,0.0,644028.0
2024-04-27 20:00:00+00:00,0.0,0.0,0.0,0.0,627213.0
2024-04-28 00:00:00+00:00,0.0,0.0,0.0,0.0,2126812.0
2024-04-28 04:00:00+00:00,0.0,0.0,0.0,0.0,465765.0
2024-04-28 08:00:00+00:00,0.0,0.0,0.0,0.0,1451478.0
2024-04-28 12:00:00+00:00,0.0,0.0,0.0,0.0,4968596.0
2024-04-28 16:00:00+00:00,0.0,0.0,0.0,0.0,588384.0
2024-04-28 20:00:00+00:00,0.0,0.0,0.0,0.0,584638.0
2024-04-29 00:00:00+00:00,0.0,0.0,0.0,0.0,846331.0
2024-04-29 04:00:00+00:00,0.0,0.0,0.0,0.0,3033024.0
2024-04-29 08:00:00+00:00,0.0,0.0,0.0,0.0,3096967.0
2024-04-29 12:00:00+00:00,0.0,0.0,0.0,0.0,848520.0
2024-04-29 16:00:00+00:00,0.0,0.0,0.0,0.0,1466339.0
2024-04-29 20:00:00+00:00,0.0,0.0,0.0,0.0,2488642.0
2024-04-30 00:00:00+00:00,0.0,0.0,0.0,0.0,2887034.0
2024-04-30 04:00:00+00:00,0.0,0.0,0.0,0.0,897600.0
2024-04-30 08:00:00+00:00,0.0,0.0,0.0,0.0,471962.0
2024-04-30 12:00:00+00:00,0.0,0.0,0.0,0.0,698664.0
2024-04-30 16:00:00+00:00,0.0,0.0,0.0,0.0,863734.0
2024-04-30 20:00:00+00:00,0.0,0.0,0.0,0.0,1019811.0
2024-05-01 00:00:00+00:00,0.0,0.0,0.0,0.0,931813.0
2024-05-01 04:00:00+00:00,0.0,0.0,0.0,0.0,1993008.0
2024-05-01 08:00:00+00:00,0.0,0.0,0.0,0.0,3342455.0
2024-05-01 12:00:00+00:00,0.0,0.0,0.0,0.0,1472419.0
2024-05-01 16:00:00+00:00,0.0,0.0,0.0,0.0,2315344.0
2024-05-01 20:00:00+00:00,0.0,0.0,0.0,0.0,1290718.0
2024-05-02 00:00:00+00:00,0.0,0.0,0.0,0.0,1115639.0
2024-05-02 04:00:00+00:00,0.0,0.0,0.0,0.0,1590685.0
2024-05-02 08:00:00+00:00,0.0,0.0,0.0,0.0,1199498.0
2024-05-02 12:00:00+00:00,0.0,0.0,0.0,0.0,3469635.0
2024-05-02 16:00:00+00:00,0.0,0.0,0.0,0.0,656315.0
2024-05-02 20:00:00+00:00,0.0,0.0,0.0,0.0,843393.0
2024-05-03 00:00:00+00:00,0.0,0.0,0.0,0.0,1349015.0
2024-05-03 04:00:00+00:00,0.0,0.0,0.0,0.0,1478660.0
2024-05-03 08:00:00+00:00,0.0,0.0,0.0,0.0,3323036.0
2024-05-03 12:00:00+00:00,0.0,0.0,0.0,0.0,1448817.0
2024-05-03 16:00:00+00:00,0.0,0.0,0.0,0.0,597300.0
2024-05-03 20:00:00+00:00,0.0,0.0,0.0,0.0,1705088.0
2024-05-04 00:00:00+00:00,0.0,0.0,0.0,0.0,2109178.0
2024-05-04 04:00:00+00:00,0.0,0.0,0.0,0.0,664064.0
2024-05-04 08:00:00+00:00,0.0,0.0,0.0,0.0,1457735.0
2024-05-04 12:00:00+00:00,0.0,0.0,0.0,0.0,823731.0
2024-05-04 16:00:00+00:00,0.0,0.0,0.0,0.0,1127188.0
2024-05-04 20:00:00+00:00,0.0,0.0,0.0,0.0,812964.0
2024-05-05 00:00:00+00:00,0.0,0.0,0.0,0.0,1523112.0
2024-05-05 04:00:00+00:00,0.0,0.0,0.0,0.0,1308801.0
2024-05-05 08:00:00+00:00,0.0,0.0,0.0,0.0,695047.0
2024-05-05 12:00:00+00:00,0.0,0.0,0.0,0.0,1690824.0
2024-05-05 16:00:00+00:00,0.0,0.0,0.0,0.0,651796.0
2024-05-05 20:00:00+00:00,0.0,0.0,0.0,0.0,1497999.0
2024-05-06 00:00:00+00:00,0.0,0.0,0.0,0.0,1083508.0
2024-05-06 04:00:00+00:00,0.0,0.0,0.0,0.0,1174479.0
2024-05-06 08:00:00+00:00,0.0,0.0,0.0,0.0,2062419.0
2024-05-06 12:00:00+00:00,0.0,0.0,0.0,0.0,1860566.0
2024-05-06 16:00:00+00:00,0.0,0.0,0.0,0.0,2887593.0
2024-05-06 20:00:00+00:00,0.0,0.0,0.0,0.0,1364131.0
2024-05-07 00:00:00+00:00,0.0,0.0,0.0,0.0,2553239.0
2024-05-07 04:00:00+00:00,0.0,0.0,0.0,0.0,986652.0
2024-05-07 08:00:00+00:00,0.0,0.0,0.0,0.0,1193129.0
2024-05-07 12:00:00+00:00,0.0,0.0,0.0,0.0,1719106.0
2024-05-07 16:00:00+00:00,0.0,0.0,0.0,0.0,1258155.0
2024-05-07 20:00:00+00:00,0.0,0.0,0.0,0.0,508282.0
2024-05-08 00:00:00+00:00,0.0,0.0,0.0,0.0,1252886.0
2024-05-08 04:00:00+00:00,0.0,0.0,0.0,0.0,2586289.0
2024-05-08 08:00:00+00:00,0.0,0.0,0.0,0.0,737601.0
2024-05-08 12:00:00+00:00,0.0,0.0,0.0,0.0,799564.0
2024-05-08 16:00:00+00:00,0.0,0.0,0.0,0.0,2738711.0
2024-05-08 20:00:00+00:00,0.0,0.0,0.0,0.0,1289521.0
2024-05-09 00:00:00+00:00,0.0,0.0,0.0,0.0,1598383.0
2024-05-09 04:00:00+00:00,0.0,0.0,0.0,0.0,721988.0
2024-05-09 08:00:00+00:00,0.0,0.0,0.0,0.0,1208775.0
2024-05-09 12:00:00+00:00,0.0,0.0,0.0,0.0,2543372.0
2024-05-09 16:00:00+00:00,0.0,0.0,0.0,0.0,1334214.0
2024-05-09 20:00:00+00:00,0.0,0.0,0.0,0.0,981318.0
2024-05-10 00:00:00+00:00,0.0,0.0,0.0,0.0,1865030.0
2024-05-10 04:00:00+00:00,0.0,0.0,0.0,0.0,856990.0
2024-05-10 08:00:00+00:00,0.0,0.0,0.0,0.0,3597491.0
2024-05-10 12:00:00+00:00,0.0,0.0,0.0,0.0,2594485.0
2024-05-10 16:00:00+00:00,0.0,0.0,0.0,0.0,873690.0
2024-05-10 20:00:00+00:00,0.0,0.0,0.0,0.0,748740.0
2024-05-11 00:00:00+00:00,0.0,0.0,0.0,0.0,346906.0
2024-05-11 04:00:00+00:00,0.0,0.0,0.0,0.0,518838.0
2024-05-11 08:00:00+00:00,0.0,0.0,0.0,0.0,815110.0
2024-05-11 12:00:00+00:00,0.0,0.0,0.0,0.0,1262046.0
2024-05-11 16:00:00+00:00,0.0,0.0,0.0,0.0,1090143.0
2024-05-11 20:00:00+00:00,0.0,0.0,0.0,0.0,643282.0
2024-05-12 00:00:00+00:00,0.0,0.0,0.0,0.0,1298916.0
2024-05-12 04:00:00+00:00,0.0,0.0,0.0,0.0,1781761.0
2024-05-12 08:00:00+00:00,0.0,0.0,0.0,0.0,1582411.0
2024-05-12 12:00:00+00:00,0.0,0.0,0.0,0.0,395631.0
2024-05-12 16:00:00+00:00,0.0,0.0,0.0,0.0,1622511.0
2024-05-12 20:00:00+00:00,0.0,0.0,0.0,0.0,601963.0
2024-05-13 00:00:00+00:00,0.0,0.0,0.0,0.0,1730260.0
2024-05-13 04:00:00+00:00,0.0,0.0,0.0,0.0,1674057.0
2024-05-13 08:00:00+00:00,0.0,0.0,0.0,0.0,999283.0
2024-05-13 12:00:00+00:00,0.0,0.0,0.0,0.0,1007400.0
2024-05-13 16:00:00+00:00,0.0,0.0,0.0,0.0,1177421.0
2024-05-13 20:00:00+00:00,0.0,0.0,0.0,0.0,327074.0
2024-05-14 00:00:00+00:00,0.0,0.0,0.0,0.0,1550929.0
2024-05-14 04:00:00+00:00,0.0,0.0,0.0,0.0,891390.0
2024-05-14 08:00:00+00:00,0.0,0.0,0.0,0.0,1660321.0
2024-05-14 12:00:00+00:00,0.0,0.0,0.0,0.0,821044.0
2024-05-14 16:00:00+00:00,0.0,0.0,0.0,0.0,897622.0
2024-05-14 20:00:00+00:00,0.0,0.0,0.0,0.0,495384.0
2024-05-15 00:00:00+00:00,0.0,0.0,0.0,0.0,725118.0
2024-05-15 04:00:00+00:00,0.0,0.0,0.0,0.0,657148.0
2024-05-15 08:00:00+00:00,0.0,0.0,0.0,0.0,1859792.0
2024-05-15 12:00:00+00:00,0.0,0.0,0.0,0.0,782011.0
2024-05-15 16:00:00+00:00,0.0,0.0,0.0,0.0,1283962.0
2024-05-15 20:00:00+00:00,0.0,0.0,0.0,0.0,1300989.0
2024-05-16 00:00:00+00:00,0.0,0.0,0.0,0.0,738867.0
2024-05-16 04:00:00+00:00,0.0,0.0,0.0,0.0,988653.0
2024-05-16 08:00:00+00:00,0.0,0.0,0.0,0.0,1604648.0
2024-05-16 12:00:00+00:00,0.0,0.0,0.0,0.0,907325.0
2024-05-16 16:00:00+00:00,0.0,0.0,0.0,0.0,1643905.0
2024-05-16 20:00:00+00:00,0.0,0.0,0.0,0.0,962976.0
2024-05-17 00:00:00+00:00,0.0,0.0,0.0,0.0,1303968.0
2024-05-17 04:00:00+00:00,0.0,0.0,0.0,0.0,1471378.0
2024-05-17 08:00:00+00:00,0.0,0.0,0.0,0.0,1010905.0
2024-05-17 12:00:00+00:00,0.0,0.0,0.0,0.0,1064996.0
2024-05-17 16:00:00+00:00,0.0,0.0,0.0,0.0,1268248.0
2024-05-17 20:00:00+00:00,0.0,0.0,0.0,0.0,1306635.0
2024-05-18 00:00:00+00:00,0.0,0.0,0.0,0.0,499380.0
2024-05-18 04:00:00+00:00,0.0,0.0,0.0,0.0,818114.0
2024-05-18 08:00:00+00:00,0.0,0.0,0.0,0.0,1572333.0
2024-05-18 12:00:00+00:00,0.0,0.0,0.0,0.0,2003569.0
2024-05-18 16:00:00+00:00,0.0,0.0,0.0,0.0,1053917.0
2024-05-18 20:00:00+00:00,0.0,0.0,0.0,0.0,1520881.0
2024-05-19 00:00:00+00:00,0.0,0.0,0.0,0.0,1422913.0
2024-05-19 04:00:00+00:00,0.0,0.0,0.0,0.0,1671449.0
2024-05-19 08:00:00+00:00,0.0,0.0,0.0,0.0,406245.0
2024-05-19 12:00:00+00:00,0.0,0.0,0.0,0.0,1026058.0
2024-05-19 16:00:00+00:00,0.0,0.0,0.0,0.0,1191015.0
2024-05-19 20:00:00+00:00,0.0,0.0,0.0,0.0,2053877.0
2024-05-20 00:00:00+00:00,0.0,0.0,0.0,0.0,4669322.0
2024-05-20 04:00:00+00:00,0.0,0.0,0.0,0.0,900331.0
2024-05-20 08:00:00+00:00,0.0,0.0,0.0,0.0,549433.0
2024-05-20 12:00:00+00:00,0.0,0.0,0.0,0.0,2079745.0
2024-05-20 16:00:00+00:00,0.0,0.0,0.0,0.0,2793426.0
2024-05-20 20:00:00+00:00,0.0,0.0,0.0,0.0,1529421.0
2024-05-21 00:00:00+00:00,0.0,0.0,0.0,0.0,692933.0
2024-05-21 04:00:00+00:00,0.0,0.0,0.0,0.0,1641006.0
2024-05-21 08:00:00+00:00,0.0,0.0,0.0,0.0,1818992.0
2024-05-21 12:00:00+00:00,0.0,0.0,0.0,0.0,897813.0
2024-05-21 16:00:00+00:00,0.0,0.0,0.0,0.0,1424913.0
2024-05-21 20:00:00+00:00,0.0,0.0,0.0,0.0,1778501.0
2024-05-22 00:00:00+00:00,0.0,0.0,0.0,0.0,2215149.0
2024-05-22 04:00:00+00:00,0.0,0.0,0.0,0.0,1098051.0
2024-05-22 08:00:00+00:00,0.0,0.0,0.0,0.0,1763921.0
2024-05-22 12:00:00+00:00,0.0,0.0,0.0,0.0,2368460.0
2024-05-22 16:00:00+00:00,0.0,0.0,0.0,0.0,673984.0
2024-05-22 20:00:00+00:00,0.0,0.0,0.0,0.0,1588784.0
2024-05-23 00:00:00+00:00,0.0,0.0,0.0,0.0,627898.0
2024-05-23 04:00:00+00:00,0.0,0.0,0.0,0.0,2184948.0
2024-05-23 08:00:00+00:00,0.0,0.0,0.0,0.0,1352821.0
2024-05-23 12:00:00+00:00,0.0,0.0,0.0,0.0,3098484.0
2024-05-23 16:00:00+00:00,0.0,0.0,0.0,0.0,1602040.0
2024-05-23 20:00:00+00:00,0.0,0.0,0.0,0.0,743680.0
2024-05-24 00:00:00+00:00,0.0,0.0,0.0,0.0,2478378.0
2024-05-24 04:00:00+00:00,0.0,0.0,0.0,0.0,2704304.0
2024-05-24 08:00:00+00:00,0.0,0.0,0.0,0.0,2002297.0
2024-05-24 12:00:00+00:00,0.0,0.0,0.0,0.0,747853.0
2024-05-24 16:00:00+00:00,0.0,0.0,0.0,0.0,1440867.0
2024-05-24 20:00:00+00:00,0.0,0.0,0.0,0.0,1827403.0
2024-05-25 00:00:00+00:00,0.0,0.0,0.0,0.0,1273740.0
2024-05-25 04:00:00+00:00,0.0,0.0,0.0,0.0,2967341.0
2024-05-25 08:00:00+00:00,0.0,0.0,0.0,0.0,1259687.0
2024-05-25 12:00:00+00:00,0.0,0.0,0.0,0.0,292709.0
2024-05-25 16:00:00+00:00,0.0,0.0,0.0,0.0,1365903.0
2024-05-25 20:00:00+00:00,0.0,0.0,0.0,0.0,1091000.0
2024-05-26 00:00:00+00:00,0.0,0.0,0.0,0.0,1836474.0
2024-05-26 04:00:00+00:00,0.0,0.0,0.0,0.0,896348.0
2024-05-26 08:00:00+00:00,0.0,0.0,0.0,0.0,2032274.0
2024-05-26 12:00:00+00:00,0.0,0.0,0.0,0.0,2833997.0
2024-05-26 16:00:00+00:00,0.0,0.0,0.0,0.0,1529200.0
2024-05-26 20:00:00+00:00,0.0,0.0,0.0,0.0,855344.0
2024-05-27 00:00:00+00:00,0.0,0.0,0.0,0.0,1761041.0
2024-05-27 04:00:00+00:00,0.0,0.0,0.0,0.0,1243857.0
2024-05-27 08:00:00+00:00,0.0,0.0,0.0,0.0,737661.0
2024-05-27 12:00:00+00:00,0.0,0.0,0.0,0.0,1344257.0
2024-05-27 16:00:00+00:00,0.0,0.0,0.0,0.0,1922575.0
2024-05-27 20:00:00+00:00,0.0,0.0,0.0,0.0,4618420.0
2024-05-28 00:00:00+00:00,0.0,0.0,0.0,0.0,2319434.0
2024-05-28 04:00:00+00:00,0.0,0.0,0.0,0.0,865640.0
2024-05-28 08:00:00+00:00,0.0,0.0,0.0,0.0,2215951.0
2024-05-28 12:00:00+00:00,0.0,0.0,0.0,0.0,812597.0
2024-05-28 16:00:00+00:00,0.0,0.0,0.0,0.0,2593563.0
2024-05-28 20:00:00+00:00,0.0,0.0,0.0,0.0,975522.0
2024-05-29 00:00:00+00:00,0.0,0.0,0.0,0.0,696331.0
2024-05-29 04:00:00+00:00,0.0,0.0,0.0,0.0,1456187.0
2024-05-29 08:00:00+00:00,0.0,0.01,0.0,0.01,393567.0
2024-05-29 12:00:00+00:00,0.01,0.01,0.01,0.01,570490.0
2024-05-29 16:00:00+00:00,0.01,0.01,0.01,0.01,1123893.0
2024-05-29 20:00:00+00:00,0.01,0.01,0.01,0.01,1542138.0
2024-05-30 00:00:00+00:00,0.01,0.01,0.01,0.01,1268682.0
2024-05-30 04:00:00+00:00,0.01,0.01,0.01,0.01,736214.0
2024-05-30 08:00:00+00:00,0.01,0.01,0.01,0.01,858081.0
2024-05-30 12:00:00+00:00,0.01,0.01,0.01,0.01,1307934.0
2024-05-30 16:00:00+00:00,0.01,0.01,0.01,0.01,1425386.0
2024-05-30 20:00:00+00:00,0.01,0.01,0.01,0.01,1528894.0
2024-05-31 00:00:00+00:00,0.01,0.01,0.01,0.01,2439636.0
2024-05-31 04:00:00+00:00,0.01,0.01,0.01,0.01,1421540.0
2024-05-31 08:00:00+00:00,0.01,0.01,0.01,0.01,810359.0
2024-05-31 12:00:00+00:00,0.01,0.01,0.01,0.01,879865.0
2024-05-31 16:00:00+00:00,0.01,0.01,0.01,0.01,776870.0
2024-05-31 20:00:00+00:00,0.01,0.01,0.01,0.01,1028219.0
2024-06-01 00:00:00+00:00,0.01,0.01,0.01,0.01,1779037.0
2024-06-01 04:00:00+00:00,0.01,0.01,0.01,0.01,2261165.0
2024-06-01 08:00:00+00:00,0.01,0.01,0.01,0.01,2691273.0
2024-06-01 12:00:00+00:00,0.01,0.01,0.01,0.01,1108493.0
2024-06-01 16:00:00+00:00,0.01,0.02,0.01,0.02,3866958.0
2024-06-01 20:00:00+00:00,0.02,0.02,0.02,0.02,1034287.0
2024-06-02 00:00:00+00:00,0.02,0.02,0.02,0.02,2291400.0
2024-06-02 04:00:00+00:00,0.02,0.02,0.02,0.02,1099390.0
2024-06-02 08:00:00+00:00,0.02,0.02,0.02,0.02,2434114.0
2024-06-02 12:00:00+00:00,0.02,0.02,0.02,0.02,2182051.0
2024-06-02 16:00:00+00:00,0.02,0.02,0.02,0.02,1020328.0
2024-06-02 20:00:00+00:00,0.02,0.03,0.02,0.03,1419669.0
2024-06-03 00:00:00+00:00,0.03,0.03,0.03,0.03,2063474.0
2024-06-03 04:00:00+00:00,0.03,0.03,0.02,0.03,1124305.0
2024-06-03 08:00:00+00:00,0.03,0.03,0.02,0.03,561378.0
2024-06-03 12:00:00+00:00,0.03,0.03,0.03,0.03,4328390.0
2024-06-03 16:00:00+00:00,0.03,0.03,0.03,0.03,1156428.0
2024-06-03 20:00:00+00:00,0.03,0.03,0.02,0.03,1146687.0
2024-06-04 00:00:00+00:00,0.03,0.03,0.02,0.02,2343203.0
2024-06-04 04:00:00+00:00,0.02,0.03,0.02,0.03,1133933.0
2024-06-04 08:00:00+00:00,0.03,0.03,0.02,0.02,1018605.0
2024-06-04 12:00:00+00:00,0.02,0.02,0.02,0.02,1421435.0
2024-06-04 16:00:00+00:00,0.02,0.02,0.02,0.02,477017.0
2024-06-04 20:00:00+00:00,0.02,0.03,0.02,0.03,1475533.0
2024-06-05 00:00:00+00:00,0.03,0.03,0.02,0.03,1164311.0
2024-06-05 04:00:00+00:00,0.03,0.03,0.02,0.02,1090229.0
2024-06-05 08:00:00+00:00,0.02,0.03,0.02,0.03,853305.0
2024-06-05 12:00:00+00:00,0.03,0.03,0.02,0.02,3665841.0
2024-06-05 16:00:00+00:00,0.02,0.02,0.02,0.02,2095514.0
2024-06-05 20:00:00+00:00,0.02,0.02,0.02,0.02,2449763.0
2024-06-06 00:00:00+00:00,0.02,0.02,0.01,0.02,1076682.0
2024-06-06 04:00:00+00:00,0.02,0.02,0.01,0.01,940140.0
2024-06-06 08:00:00+00:00,0.01,0.01,0.01,0.01,1508549.0
2024-06-06 12:00:00+00:00,0.01,0.02,0.01,0.01,996088.0
2024-06-06 16:00:00+00:00,0.01,0.01,0.01,0.01,695868.0
2024-06-06 20:00:00+00:00,0.01,0.01,0.01,0.01,3286774.0
2024-06-07 00:00:00+00:00,0.01,0.01,0.01,0.01,1020230.0
2024-06-07 04:00:00+00:00,0.01,0.01,0.01,0.01,515062.0
2024-06-07 08:00:00+00:00,0.01,0.01,0.01,0.01,2029292.0
2024-06-07 12:00:00+00:00,0.01,0.02,0.01,0.02,1418624.0
2024-06-07 16:00:00+00:00,0.02,0.02,0.01,0.01,1093162.0
2024-06-07 20:00:00+00:00,0.01,0.01,0.01,0.01,697570.0
2024-06-08 00:00:00+00:00,0.01,0.01,0.01,0.01,3131050.0
2024-06-08 04:00:00+00:00,0.01,0.01,0.01,0.01,535430.0
2024-06-08 08:00:00+00:00,0.01,0.01,0.01,0.01,1141337.0
2024-06-08 12:00:00+00:00,0.01,0.01,0.01,0.01,1748549.0
2024-06-08 16:00:00+00:00,0.01,0.01,0.01,0.01,1430803.0
2024-06-08 20:00:00+00:00,0.01,0.01,0.01,0.01,1516867.0
2024-06-09 00:00:00+00:00,0.01,0.01,0.01,0.01,704702.0
2024-06-09 04:00:00+00:00,0.01,0.01,0.01,0.01,691417.0
2024-06-09 08:00:00+00:00,0.01,0.01,0.01,0.01,1646554.0
2024-06-09 12:00:00+00:00,0.01,0.01,0.01,0.01,779035.0
2024-06-09 16:00:00+00:00,0.01,0.01,0.01,0.01,1335182.0
2024-06-09 20:00:00+00:00,0.01,0.01,0.01,0.01,1767529.0
2024-06-10 00:00:00+00:00,0.01,0.02,0.01,0.02,1945079.0
2024-06-10 04:00:00+00:00,0.02,0.02,0.02,0.02,698683.0
2024-06-10 08:00:00+00:00,0.02,0.02,0.02,0.02,4794929.0
2024-06-10 12:00:00+00:00,0.02,0.02,0.02,0.02,1598552.0
2024-06-10 16:00:00+00:00,0.02,0.02,0.02,0.02,1318612.0
2024-06-10 20:00:00+00:00,0.02,0.02,0.02,0.02,1792616.0
2024-06-11 00:00:00+00:00,0.02,0.03,0.02,0.03,5363651.0
2024-06-11 04:00:00+00:00,0.03,0.03,0.02,0.02,634958.0
2024-06-11 08:00:00+00:00,0.02,0.03,0.02,0.03,1618239.0
2024-06-11 12:00:00+00:00,0.03,0.03,0.03,0.03,309734.0
2024-06-11 16:00:00+00:00,0.03,0.03,0.02,0.02,1800157.0
2024-06-11 20:00:00+00:00,0.02,0.03,0.02,0.03,1270557.0
2024-06-12 00:00:00+00:00,0.03,0.03,0.02,0.02,1279293.0
2024-06-12 04:00:00+00:00,0.02,0.03,0.02,0.03,994137.0
2024-06-12 08:00:00+00:00,0.03,0.03,0.02,0.02,464014.0
2024-06-12 12:00:00+00:00,0.02,0.02,0.02,0.02,1446473.0
2024-06-12 16:00:00+00:00,0.02,0.02,0.02,0.02,3829256.0
2024-06-12 20:00:00+00:00,0.02,0.02,0.01,0.01,895088.0
2024-06-13 00:00:00+00:00,0.01,0.01,0.01,0.01,2604446.0
2024-06-13 04:00:00+00:00,0.01,0.01,0.01,0.01,781640.0
2024-06-13 08:00:00+00:00,0.01,0.01,0.01,0.01,1687739.0
2024-06-13 12:00:00+00:00,0.01,0.01,0.01,0.01,1112427.0
2024-06-13 16:00:00+00:00,0.01,0.01,0.01,0.01,814212.0
2024-06-13 20:00:00+00:00,0.01,0.01,0.01,0.01,980873.0
2024-06-14 00:00:00+00:00,0.01,0.01,0.01,0.01,838551.0
2024-06-14 04:00:00+00:00,0.01,0.01,0.01,0.01,1212068.0
2024-06-14 08:00:00+00:00,0.01,0.01,0.01,0.01,781919.0
2024-06-14 12:00:00+00:00,0.01,0.01,0.01,0.01,1374939.0
2024-06-14 16:00:00+00:00,0.01,0.01,0.01,0.01,1366539.0
2024-06-14 20:00:00+00:00,0.01,0.01,0.01,0.01,634445.0
2024-06-15 00:00:00+00:00,0.01,0.01,0.01,0.01,2485839.0
2024-06-15 04:00:00+00:00,0.01,0.01,0.01,0.01,713104.0
2024-06-15 08:00:00+00:00,0.01,0.01,0.01,0.01,1367665.0
2024-06-15 12:00:00+00:00,0.01,0.01,0.01,0.01,681298.0
2024-06-15 16:00:00+00:00,0.01,0.01,0.01,0.01,3211968.0
2024-06-15 20:00:00+00:00,0.01,0.01,0.0,0.0,1912781.0
2024-06-16 00:00:00+00:00,0.0,0.0,0.0,0.0,705343.0
2024-06-16 04:00:00+00:00,0.0,0.01,0.0,0.01,3144816.0
2024-06-16 08:00:00+00:00,0.01,0.01,0.01,0.01,1424068.0
2024-06-16 12:00:00+00:00,0.01,0.01,0.01,0.01,1429986.0
2024-06-16 16:00:00+00:00,0.01,0.01,0.01,0.01,1058300.0
2024-06-16 20:00:00+00:00,0.01,0.01,0.01,0.01,1120046.0
2024-06-17 00:00:00+00:00,0.01,0.01,0.01,0.01,1675889.0
2024-06-17 04:00:00+00:00,0.01,0.01,0.01,0.01,781333.0
2024-06-17 08:00:00+00:00,0.01,0.01,0.01,0.01,3196510.0
2024-06-17 12:00:00+00:00,0.01,0.01,0.01,0.01,696212.0
2024-06-17 16:00:00+00:00,0.01,0.01,0.01,0.01,2535163.0
2024-06-17 20:00:00+00:00,0.01,0.01,0.01,0.01,1325850.0
2024-06-18 00:00:00+00:00,0.01,0.01,0.01,0.01,1491839.0
2024-06-18 04:00:00+00:00,0.01,0.01,0.01,0.01,2231144.0
2024-06-18 08:00:00+00:00,0.01,0.01,0.01,0.01,906484.0
2024-06-18 12:00:00+00:00,0.01,0.01,0.01,0.01,2451438.0
2024-06-18 16:00:00+00:00,0.01,0.01,0.01,0.01,280805.0
2024-06-18 20:00:00+00:00,0.01,0.02,0.01,0.02,1347995.0
2024-06-19 00:00:00+00:00,0.02,0.02,0.02,0.02,826568.0
2024-06-19 04:00:00+00:00,0.02,0.02,0.02,0.02,950665.0
2024-06-19 08:00:00+00:00,0.02,0.02,0.02,0.02,976184.0
2024-06-19 12:00:00+00:00,0.02,0.02,0.02,0.02,1570940.0
2024-06-19 16:00:00+00:00,0.02,0.02,0.02,0.02,1733720.0
2024-06-19 20:00:00+00:00,0.02,0.02,0.02,0.02,1293401.0
2024-06-20 00:00:00+00:00,0.02,0.02,0.02,0.02,851842.0
2024-06-20 04:00:00+00:00,0.02,0.02,0.02,0.02,1482280.0
2024-06-20 08:00:00+00:00,0.02,0.02,0.02,0.02,1341885.0
2024-06-20 12:00:00+00:00,0.02,0.02,0.02,0.02,1619135.0
2024-06-20 16:00:00+00:00,0.02,0.02,0.02,0.02,2872479.0
2024-06-20 20:00:00+00:00,0.02,0.03,0.02,0.03,1801371.0
2024-06-21 00:00:00+00:00,0.03,0.03,0.03,0.03,761702.0
2024-06-21 04:00:00+00:00,0.03,0.03,0.03,0.03,731251.0
2024-06-21 08:00:00+00:00,0.03,0.03,0.03,0.03,797338.0
2024-06-21 12:00:00+00:00,0.03,0.04,0.03,0.04,1082667.0
2024-06-21 16:00:00+00:00,0.04,0.04,0.03,0.03,1674193.0
2024-06-21 20:00:00+00:00,0.03,0.03,0.03,0.03,1601310.0
2024-06-22 00:00:00+00:00,0.03,0.03,0.02,0.02,1710784.0
2024-06-22 04:00:00+00:00,0.02,0.02,0.02,0.02,1184817.0
2024-06-22 08:00:00+00:00,0.02,0.03,0.02,0.03,1382338.0
2024-06-22 12:00:00+00:00,0.03,0.03,0.02,0.02,944198.0
2024-06-22 16:00:00+00:00,0.02,0.03,0.02,0.03,1072520.0
2024-06-22 20:00:00+00:00,0.03,0.03,0.02,0.02,647078.0
2024-06-23 00:00:00+00:00,0.02,0.02,0.02,0.02,1175445.0
2024-06-23 04:00:00+00:00,0.02,0.02,0.02,0.02,1388323.0
2024-06-23 08:00:00+00:00,0.02,0.02,0.02,0.02,1031500.0
2024-06-23 12:00:00+00:00,0.02,0.03,0.02,0.03,1555892.0
2024-06-23 16:00:00+00:00,0.03,0.03,0.02,0.03,1530407.0
2024-06-23 20:00:00+00:00,0.03,0.03,0.03,0.03,1919752.0
2024-06-24 00:00:00+00:00,0.03,0.03,0.03,0.03,596376.0
2024-06-24 04:00:00+00:00,0.03,0.03,0.03,0.03,1782502.0
2024-06-24 08:00:00+00:00,0.03,0.03,0.03,0.03,2439518.0
2024-06-24 12:00:00+00:00,0.03,0.04,0.03,0.04,731732.0
2024-06-24 16:00:00+00:00,0.04,0.04,0.03,0.03,1136441.0
2024-06-24 20:00:00+00:00,0.03,0.03,0.03,0.03,3007646.0
2024-06-25 00:00:00+00:00,0.03,0.04,0.03,0.04,1500180.0
2024-06-25 04:00:00+00:00,0.04,0.04,0.04,0.04,424580.0
2024-06-25 08:00:00+00:00,0.04,0.04,0.03,0.04,581751.0
2024-06-25 12:00:00+00:00,0.04,0.04,0.04,0.04,1072928.0
2024-06-25 16:00:00+00:00,0.04,0.04,0.04,0.04,620700.0
2024-06-25 20:00:00+00:00,0.04,0.04,0.04,0.04,1020445.0
2024-06-26 00:00:00+00:00,0.04,0.04,0.03,0.03,1330851.0
2024-06-26 04:00:00+00:00,0.03,0.03,0.03,0.03,2116561.0
2024-06-26 08:00:00+00:00,0.03,0.04,0.03,0.04,1309086.0
2024-06-26 12:00:00+00:00,0.04,0.04,0.04,0.04,2114934.0
2024-06-26 16:00:00+00:00,0.04,0.04,0.04,0.04,2399234.0
2024-06-26 20:00:00+00:00,0.04,0.05,0.04,0.05,2744164.0
2024-06-27 00:00:00+00:00,0.05,0.05,0.03,0.03,2640010.0
2024-06-27 04:00:00+00:00,0.03,0.03,0.03,0.03,565428.0
2024-06-27 08:00:00+00:00,0.03,0.03,0.02,0.02,2254910.0
2024-06-27 12:00:00+00:00,0.02,0.02,0.02,0.02,1978233.0
2024-06-27 16:00:00+00:00,0.02,0.02,0.02,0.02,1451940.0
2024-06-27 20:00:00+00:00,0.02,0.02,0.01,0.01,3805884.0
2024-06-28 00:00:00+00:00,0.01,0.02,0.01,0.02,2327333.0
2024-06-28 04:00:00+00:00,0.02,0.02,0.02,0.02,1619352.0
2024-06-28 08:00:00+00:00,0.02,0.02,0.02,0.02,1975412.0
2024-06-28 12:00:00+00:00,0.02,0.02,0.02,0.02,1216351.0
2024-06-28 16:00:00+00:00,0.02,0.02,0.02,0.02,346183.0
2024-06-28 20:00:00+00:00,0.02,0.02,0.02,0.02,799374.0
2024-06-29 00:00:00+00:00,0.02,0.02,0.01,0.01,2874331.0
2024-06-29 04:00:00+00:00,0.01,0.02,0.01,0.02,961357.0
2024-06-29 08:00:00+00:00,0.02,0.02,0.01,0.01,1100790.0
2024-06-29 12:00:00+00:00,0.01,0.01,0.01,0.01,1013719.0
2024-06-29 16:00:00+00:00,0.01,0.01,0.01,0.01,2931445.0
2024-06-29 20:00:00+00:00,0.01,0.01,0.01,0.01,3863124.0
2024-06-30 00:00:00+00:00,0.01,0.01,0.01,0.01,883028.0
2024-06-30 04:00:00+00:00,0.01,0.01,0.01,0.01,1254876.0
2024-06-30 08:00:00+00:00,0.01,0.01,0.01,0.01,829768.0
2024-06-30 12:00:00+00:00,0.01,0.01,0.01,0.01,1568948.0
2024-06-30 16:00:00+00:00,0.01,0.02,0.01,0.02,2484531.0
2024-06-30 20:00:00+00:00,0.02,0.02,0.02,0.02,1745081.0
2024-07-01 00:00:00+00:00,0.02,0.02,0.02,0.02,1398428.0
2024-07-01 04:00:00+00:00,0.02,0.02,0.02,0.02,6312279.0
2024-07-01 08:00:00+00:00,0.02,0.02,0.02,0.02,657050.0
2024-07-01 12:00:00+00:00,0.02,0.02,0.02,0.02,478508.0
2024-07-01 16:00:00+00:00,0.02,0.02,0.02,0.02,901476.0
2024-07-01 20:00:00+00:00,0.02,0.02,0.02,0.02,475350.0
2024-07-02 00:00:00+00:00,0.02,0.02,0.02,0.02,486239.0
2024-07-02 04:00:00+00:00,0.02,0.02,0.02,0.02,795783.0
2024-07-02 08:00:00+00:00,0.02,0.02,0.02,0.02,639771.0
2024-07-02 12:00:00+00:00,0.02,0.02,0.02,0.02,816805.0
2024-07-02 16:00:00+00:00,0.02,0.02,0.02,0.02,1354184.0
2024-07-02 20:00:00+00:00,0.02,0.02,0.02,0.02,796919.0
2024-07-03 00:00:00+00:00,0.02,0.02,0.02,0.02,1730561.0
2024-07-03 04:00:00+00:00,0.02,0.02,0.02,0.02,2195135.0
2024-07-03 08:00:00+00:00,0.02,0.02,0.02,0.02,782148.0
2024-07-03 12:00:00+00:00,0.02,0.02,0.02,0.02,1262097.0
2024-07-03 16:00:00+00:00,0.02,0.02,0.01,0.01,2775686.0
2024-07-03 20:00:00+00:00,0.01,0.02,0.01,0.02,731573.0
2024-07-04 00:00:00+00:00,0.02,0.02,0.02,0.02,325071.0
2024-07-04 04:00:00+00:00,0.02,0.02,0.02,0.02,1771491.0
2024-07-04 08:00:00+00:00,0.02,0.02,0.02,0.02,1887879.0
2024-07-04 12:00:00+00:00,0.02,0.02,0.02,0.02,3558172.0
2024-07-04 16:00:00+00:00,0.02,0.02,0.01,0.01,1604006.0
2024-07-04 20:00:00+00:00,0.01,0.01,0.01,0.01,1941546.0
2024-07-05 00:00:00+00:00,0.01,0.02,0.01,0.02,1680841.0
2024-07-05 04:00:00+00:00,0.02,0.02,0.02,0.02,1268846.0
2024-07-05 08:00:00+00:00,0.02,0.02,0.02,0.02,2509075.0
2024-07-05 12:00:00+00:00,0.02,0.02,0.02,0.02,478501.0
2024-07-05 16:00:00+00:00,0.02,0.02,0.02,0.02,1494771.0
2024-07-05 20:00:00+00:00,0.02,0.02,0.02,0.02,3084180.0
2024-07-06 00:00:00+00:00,0.02,0.02,0.02,0.02,1331460.0
2024-07-06 04:00:00+00:00,0.02,0.03,0.02,0.03,4734617.0
2024-07-06 08:00:00+00:00,0.03,0.03,0.03,0.03,754230.0
2024-07-06 12:00:00+00:00,0.03,0.03,0.03,0.03,1065390.0
2024-07-06 16:00:00+00:00,0.03,0.03,0.03,0.03,1487630.0
2024-07-06 20:00:00+00:00,0.03,0.04,0.03,0.04,491847.0
2024-07-07 00:00:00+00:00,0.04,0.05,0.04,0.05,851716.0
2024-07-07 04:00:00+00:00,0.05,0.05,0.05,0.05,740116.0
2024-07-07 08:00:00+00:00,0.05,0.05,0.04,0.04,2294035.0
2024-07-07 12:00:00+00:00,0.04,0.05,0.04,0.05,2673568.0
2024-07-07 16:00:00+00:00,0.05,0.05,0.04,0.04,1789859.0
2024-07-07 20:00:00+00:00,0.04,0.05,0.04,0.05,1706222.0
2024-07-08 00:00:00+00:00,0.05,0.05,0.04,0.04,1239460.0
2024-07-08 04:00:00+00:00,0.04,0.04,0.04,0.04,1887353.0
2024-07-08 08:00:00+00:00,0.04,0.04,0.04,0.04,1145824.0
2024-07-08 12:00:00+00:00,0.04,0.04,0.04,0.04,1172340.0
2024-07-08 16:00:00+00:00,0.04,0.05,0.04,0.05,1037007.0
2024-07-08 20:00:00+00:00,0.05,0.06,0.04,0.06,2422886.0
2024-07-09 00:00:00+00:00,0.06,0.06,0.05,0.06,971102.0
2024-07-09 04:00:00+00:00,0.06,0.06,0.06,0.06,1816945.0
2024-07-09 08:00:00+00:00,0.06,0.07,0.06,0.07,811163.0
2024-07-09 12:00:00+00:00,0.07,0.08,0.07,0.08,883371.0
2024-07-09 16:00:00+00:00,0.08,0.08,0.06,0.06,2196050.0
2024-07-09 20:00:00+00:00,0.06,0.07,0.06,0.07,1209341.0
2024-07-10 00:00:00+00:00,0.07,0.08,0.07,0.08,1044741.0
2024-07-10 04:00:00+00:00,0.08,0.08,0.07,0.07,1776531.0
2024-07-10 08:00:00+00:00,0.07,0.09,0.07,0.09,1191848.0
2024-07-10 12:00:00+00:00,0.09,0.09,0.09,0.09,969704.0
2024-07-10 16:00:00+00:00,0.09,0.09,0.09,0.09,2118283.0
2024-07-10 20:00:00+00:00,0.09,0.09,0.09,0.09,2334746.0
2024-07-11 00:00:00+00:00,0.09,0.09,0.08,0.09,2201761.0
2024-07-11 04:00:00+00:00,0.09,0.09,0.07,0.07,1292091.0
2024-07-11 08:00:00+00:00,0.07,0.07,0.06,0.06,3056188.0
2024-07-11 12:00:00+00:00,0.06,0.07,0.06,0.07,1066433.0
2024-07-11 16:00:00+00:00,0.07,0.07,0.06,0.06,879823.0
2024-07-11 20:00:00+00:00,0.06,0.06,0.05,0.05,447529.0
2024-07-12 00:00:00+00:00,0.05,0.05,0.03,0.03,4552273.0
2024-07-12 04:00:00+00:00,0.03,0.03,0.03,0.03,837934.0
2024-07-12 08:00:00+00:00,0.03,0.03,0.02,0.03,1500445.0
2024-07-12 12:00:00+00:00,0.03,0.03,0.02,0.03,1101197.0
2024-07-12 16:00:00+00:00,0.03,0.04,0.03,0.04,2054903.0
2024-07-12 20:00:00+00:00,0.04,0.04,0.03,0.03,1087687.0
2024-07-13 00:00:00+00:00,0.03,0.04,0.03,0.04,1047279.0
2024-07-13 04:00:00+00:00,0.04,0.05,0.04,0.05,1794890.0
2024-07-13 08:00:00+00:00,0.05,0.05,0.05,0.05,560859.0
2024-07-13 12:00:00+00:00,0.05,0.05,0.03,0.03,1399425.0
2024-07-13 16:00:00+00:00,0.03,0.04,0.03,0.04,707455.0
2024-07-13 20:00:00+00:00,0.04,0.04,0.03,0.03,798575.0
2024-07-14 00:00:00+00:00,0.03,0.03,0.02,0.02,1905253.0
2024-07-14 04:00:00+00:00,0.02,0.03,0.02,0.03,546007.0
2024-07-14 08:00:00+00:00,0.03,0.04,0.03,0.04,999422.0
2024-07-14 12:00:00+00:00,0.04,0.04,0.04,0.04,1619115.0
2024-07-14 16:00:00+00:00,0.04,0.05,0.04,0.05,953985.0
2024-07-14 20:00:00+00:00,0.05,0.05,0.05,0.05,3427377.0
2024-07-15 00:00:00+00:00,0.05,0.06,0.05,0.06,3458164.0
2024-07-15 04:00:00+00:00,0.06,0.07,0.06,0.07,868172.0
2024-07-15 08:00:00+00:00,0.07,0.07,0.07,0.07,1486367.0
2024-07-15 12:00:00+00:00,0.07,0.07,0.07,0.07,1520494.0
2024-07-15 16:00:00+00:00,0.07,0.07,0.07,0.07,763577.0
2024-07-15 20:00:00+00:00,0.07,0.07,0.06,0.06,632177.0
2024-07-16 00:00:00+00:00,0.06,0.06,0.06,0.06,1120729.0
2024-07-16 04:00:00+00:00,0.06,0.06,0.04,0.04,1617146.0
2024-07-16 08:00:00+00:00,0.04,0.04,0.04,0.04,840812.0
2024-07-16 12:00:00+00:00,0.04,0.04,0.04,0.04,1800366.0
2024-07-16 16:00:00+00:00,0.04,0.04,0.03,0.03,1029034.0
2024-07-16 20:00:00+00:00,0.03,0.03,0.03,0.03,607014.0
2024-07-17 00:00:00+00:00,0.03,0.04,0.03,0.04,1716410.0
2024-07-17 04:00:00+00:00,0.04,0.04,0.04,0.04,1712775.0
2024-07-17 08:00:00+00:00,0.04,0.05,0.03,0.03,948252.0
2024-07-17 12:00:00+00:00,0.03,0.03,0.03,0.03,2300415.0
2024-07-17 16:00:00+00:00,0.03,0.03,0.03,0.03,586882.0
2024-07-17 20:00:00+00:00,0.03,0.03,0.03,0.03,1080838.0
2024-07-18 00:00:00+00:00,0.03,0.03,0.03,0.03,968668.0
2024-07-18 04:00:00+00:00,0.03,0.03,0.03,0.03,906908.0
2024-07-18 08:00:00+00:00,0.03,0.03,0.02,0.02,1083088.0
2024-07-18 12:00:00+00:00,0.02,0.02,0.02,0.02,2667051.0
2024-07-18 16:00:00+00:00,0.02,0.02,0.02,0.02,1043895.0
2024-07-18 20:00:00+00:00,0.02,0.02,0.02,0.02,4309589.0
2024-07-19 00:00:00+00:00,0.02,0.02,0.02,0.02,1422187.0
2024-07-19 04:00:00+00:00,0.02,0.02,0.01,0.01,1798692.0
2024-07-19 08:00:00+00:00,0.01,0.02,0.01,0.02,1519177.0
2024-07-19 12:00:00+00:00,0.02,0.02,0.02,0.02,3577625.0
2024-07-19 16:00:00+00:00,0.02,0.02,0.02,0.02,756982.0
2024-07-19 20:00:00+00:00,0.02,0.02,0.02,0.02,628080.0
2024-07-20 00:00:00+00:00,0.02,0.02,0.02,0.02,1105821.0
2024-07-20 04:00:00+00:00,0.02,0.02,0.02,0.02,1072448.0
2024-07-20 08:00:00+00:00,0.02,0.02,0.02,0.02,503550.0
2024-07-20 12:00:00+00:00,0.02,0.02,0.02,0.02,1065831.0
2024-07-20 16:00:00+00:00,0.02,0.02,0.02,0.02,2897129.0
2024-07-20 20:00:00+00:00,0.02,0.02,0.02,0.02,1101183.0
2024-07-21 00:00:00+00:00,0.02,0.02,0.02,0.02,878487.0
2024-07-21 04:00:00+00:00,0.02,0.02,0.02,0.02,961506.0
2024-07-21 08:00:00+00:00,0.02,0.02,0.02,0.02,2036476.0
2024-07-21 12:00:00+00:00,0.02,0.02,0.01,0.01,1080174.0
2024-07-21 16:00:00+00:00,0.01,0.02,0.01,0.02,4496122.0
2024-07-21 20:00:00+00:00,0.02,0.02,0.01,0.01,4104217.0
2024-07-22 00:00:00+00:00,0.01,0.01,0.01,0.01,1492988.0
2024-07-22 04:00:00+00:00,0.01,0.01,0.01,0.01,1317026.0
2024-07-22 08:00:00+00:00,0.01,0.01,0.01,0.01,2346095.0
2024-07-22 12:00:00+00:00,0.01,0.01,0.01,0.01,1960666.0
2024-07-22 16:00:00+00:00,0.01,0.01,0.01,0.01,1042585.0
2024-07-22 20:00:00+00:00,0.01,0.01,0.01,0.01,1002603.0
2024-07-23 00:00:00+00:00,0.01,0.01,0.01,0.01,580260.0
2024-07-23 04:00:00+00:00,0.01,0.01,0.01,0.01,1690118.0
2024-07-23 08:00:00+00:00,0.01,0.02,0.01,0.02,2740493.0
2024-07-23 12:00:00+00:00,0.02,0.02,0.01,0.01,782140.0
2024-07-23 16:00:00+00:00,0.01,0.01,0.01,0.01,906117.0
2024-07-23 20:00:00+00:00,0.01,0.01,0.01,0.01,654370.0
2024-07-24 00:00:00+00:00,0.01,0.02,0.01,0.02,755665.0
2024-07-24 04:00:00+00:00,0.02,0.02,0.02,0.02,1429457.0
2024-07-24 08:00:00+00:00,0.02,0.02,0.01,0.02,734781.0
2024-07-24 12:00:00+00:00,0.02,0.02,0.01,0.02,875599.0
2024-07-24 16:00:00+00:00,0.02,0.02,0.01,0.01,472975.0
2024-07-24 20:00:00+00:00,0.01,0.02,0.01,0.02,1564936.0
2024-07-25 00:00:00+00:00,0.02,0.02,0.02,0.02,1949053.0
2024-07-25 04:00:00+00:00,0.02,0.02,0.02,0.02,870258.0
2024-07-25 08:00:00+00:00,0.02,0.02,0.02,0.02,1472588.0
2024-07-25 12:00:00+00:00,0.02,0.02,0.02,0.02,1140190.0
2024-07-25 16:00:00+00:00,0.02,0.02,0.02,0.02,1430593.0
2024-07-25 20:00:00+00:00,0.02,0.02,0.02,0.02,651954.0
2024-07-26 00:00:00+00:00,0.02,0.02,0.02,0.02,4280107.0
2024-07-26 04:00:00+00:00,0.02,0.03,0.02,0.03,1276971.0
2024-07-26 08:00:00+00:00,0.03,0.03,0.03,0.03,1192361.0
2024-07-26 12:00:00+00:00,0.03,0.03,0.03,0.03,2078168.0
2024-07-26 16:00:00+00:00,0.03,0.04,0.03,0.04,10103284.0
2024-07-26 20:00:00+00:00,0.04,0.04,0.04,0.04,629621.0
2024-07-27 00:00:00+00:00,0.04,0.04,0.03,0.03,1370020.0
2024-07-27 04:00:00+00:00,0.03,0.03,0.03,0.03,887542.0
2024-07-27 08:00:00+00:00,0.03,0.03,0.03,0.03,1114562.0
2024-07-27 12:00:00+00:00,0.03,0.03,0.02,0.02,903192.0
2024-07-27 16:00:00+00:00,0.02,0.02,0.02,0.02,884769.0
2024-07-27 20:00:00+00:00,0.02,0.02,0.02,0.02,992074.0
2024-07-28 00:00:00+00:00,0.02,0.02,0.02,0.02,643140.0
2024-07-28 04:00:00+00:00,0.02,0.02,0.02,0.02,1770184.0
2024-07-28 08:00:00+00:00,0.02,0.02,0.01,0.01,1750235.0
2024-07-28 12:00:00+00:00,0.01,0.01,0.01,0.01,1415871.0
2024-07-28 16:00:00+00:00,0.01,0.02,0.01,0.02,1087107.0
2024-07-28 20:00:00+00:00,0.02,0.02,0.01,0.01,1581138.0
2024-07-29 00:00:00+00:00,0.01,0.01,0.01,0.01,1345967.0
2024-07-29 04:00:00+00:00,0.01,0.01,0.01,0.01,865997.0
2024-07-29 08:00:00+00:00,0.01,0.01,0.01,0.01,1293414.0
2024-07-29 12:00:00+00:00,0.01,0.01,0.01,0.01,1138652.0
2024-07-29 16:00:00+00:00,0.01,0.02,0.01,0.02,759787.0
2024-07-29 20:00:00+00:00,0.02,0.02,0.01,0.01,459589.0
2024-07-30 00:00:00+00:00,0.01,0.01,0.01,0.01,2007584.0
2024-07-30 04:00:00+00:00,0.01,0.01,0.01,0.01,884026.0
2024-07-30 08:00:00+00:00,0.01,0.02,0.01,0.01,1845770.0
2024-07-30 12:00:00+00:00,0.01,0.02,0.01,0.02,2111919.0
2024-07-30 16:00:00+00:00,0.02,0.02,0.01,0.01,744802.0
2024-07-30 20:00:00+00:00,0.01,0.01,0.01,0.01,623131.0
2024-07-31 00:00:00+00:00,0.01,0.01,0.01,0.01,5894125.0
2024-07-31 04:00:00+00:00,0.01,0.01,0.01,0.01,2525706.0
2024-07-31 08:00:00+00:00,0.01,0.01,0.01,0.01,1385003.0
2024-07-31 12:00:00+00:00,0.01,0.01,0.01,0.01,1516327.0
2024-07-31 16:00:00+00:00,0.01,0.01,0.01,0.01,1133649.0
2024-07-31 20:00:00+00:00,0.01,0.01,0.01,0.01,1848267.0
2024-08-01 00:00:00+00:00,0.01,0.01,0.01,0.01,888717.0
2024-08-01 04:00:00+00:00,0.01,0.01,0.01,0.01,540634.0
2024-08-01 08:00:00+00:00,0.01,0.01,0.01,0.01,590995.0
2024-08-01 12:00:00+00:00,0.01,0.01,0.01,0.01,1560371.0
2024-08-01 16:00:00+00:00,0.01,0.01,0.01,0.01,603248.0
2024-08-01 20:00:00+00:00,0.01,0.02,0.01,0.02,1971475.0
2024-08-02 00:00:00+00:00,0.02,0.02,0.02,0.02,686745.0
2024-08-02 04:00:00+00:00,0.02,0.02,0.02,0.02,733625.0
2024-08-02 08:00:00+00:00,0.02,0.02,0.02,0.02,1747439.0
2024-08-02 12:00:00+00:00,0.02,0.02,0.02,0.02,1198114.0
2024-08-02 16:00:00+00:00,0.02,0.02,0.02,0.02,1064546.0
2024-08-02 20:00:00+00:00,0.02,0.02,0.02,0.02,2042369.0
2024-08-03 00:00:00+00:00,0.02,0.02,0.02,0.02,1817627.0
2024-08-03 04:00:00+00:00,0.02,0.02,0.02,0.02,2792399.0
2024-08-03 08:00:00+00:00,0.02,0.02,0.01,0.02,1271353.0
2024-08-03 12:00:00+00:00,0.02,0.02,0.01,0.01,1473939.0
2024-08-03 16:00:00+00:00,0.01,0.01,0.01,0.01,640637.0
2024-08-03 20:00:00+00:00,0.01,0.01,0.01,0.01,1208134.0
2024-08-04 00:00:00+00:00,0.01,0.01,0.01,0.01,3190185.0
2024-08-04 04:00:00+00:00,0.01,0.01,0.01,0.01,2249680.0
2024-08-04 08:00:00+00:00,0.01,0.01,0.01,0.01,3429104.0
2024-08-04 12:00:00+00:00,0.01,0.01,0.01,0.01,408940.0
2024-08-04 16:00:00+00:00,0.01,0.01,0.01,0.01,2356717.0
2024-08-04 20:00:00+00:00,0.01,0.01,0.01,0.01,413524.0
2024-08-05 00:00:00+00:00,0.01,0.01,0.01,0.01,1635679.0
2024-08-05 04:00:00+00:00,0.01,0.01,0.01,0.01,1171547.0
2024-08-05 08:00:00+00:00,0.01,0.01,0.01,0.01,1605835.0
2024-08-05 12:00:00+00:00,0.01,0.01,0.01,0.01,575745.0
2024-08-05 16:00:00+00:00,0.01,0.01,0.01,0.01,2057313.0
2024-08-05 20:00:00+00:00,0.01,0.01,0.01,0.01,624828.0
2024-08-06 00:00:00+00:00,0.01,0.01,0.01,0.01,1036180.0
2024-08-06 04:00:00+00:00,0.01,0.01,0.01,0.01,654229.0
2024-08-06 08:00:00+00:00,0.01,0.01,0.01,0.01,556912.0
2024-08-06 12:00:00+00:00,0.01,0.01,0.01,0.01,1302979.0
2024-08-06 16:00:00+00:00,0.01,0.01,0.01,0.01,3460777.0
2024-08-06 20:00:00+00:00,0.01,0.01,0.01,0.01,3848626.0
2024-08-07 00:00:00+00:00,0.01,0.01,0.01,0.01,1052107.0
2024-08-07 04:00:00+00:00,0.01,0.01,0.01,0.01,2581679.0
2024-08-07 08:00:00+00:00,0.01,0.01,0.01,0.01,1365330.0
2024-08-07 12:00:00+00:00,0.01,0.01,0.01,0.01,1294851.0
2024-08-07 16:00:00+00:00,0.01,0.01,0.01,0.01,1150377.0
2024-08-07 20:00:00+00:00,0.01,0.02,0.01,0.02,1794968.0
2024-08-08 00:00:00+00:00,0.02,0.02,0.02,0.02,1640269.0
2024-08-08 04:00:00+00:00,0.02,0.02,0.02,0.02,754471.0
2024-08-08 08:00:00+00:00,0.02,0.02,0.02,0.02,1518473.0
2024-08-08 12:00:00+00:00,0.02,0.02,0.01,0.01,1433640.0
2024-08-08 16:00:00+00:00,0.01,0.01,0.01,0.01,1714276.0
2024-08-08 20:00:00+00:00,0.01,0.01,0.01,0.01,745760.0
2024-08-09 00:00:00+00:00,0.01,0.01,0.01,0.01,1053041.0
2024-08-09 04:00:00+00:00,0.01,0.01,0.01,0.01,2677355.0
2024-08-09 08:00:00+00:00,0.01,0.01,0.01,0.01,2218901.0
2024-08-09 12:00:00+00:00,0.01,0.01,0.01,0.01,2017562.0
2024-08-09 16:00:00+00:00,0.01,0.01,0.01,0.01,1235823.0
2024-08-09 20:00:00+00:00,0.01,0.01,0.01,0.01,1213256.0
2024-08-10 00:00:00+00:00,0.01,0.01,0.01,0.01,3096872.0
2024-08-10 04:00:00+00:00,0.01,0.01,0.01,0.01,3093884.0
2024-08-10 08:00:00+00:00,0.01,0.01,0.01,0.01,399530.0
2024-08-10 12:00:00+00:00,0.01,0.01,0.01,0.01,796548.0
2024-08-10 16:00:00+00:00,0.01,0.01,0.01,0.01,2453907.0
2024-08-10 20:00:00+00:00,0.01,0.01,0.01,0.01,1475007.0
2024-08-11 00:00:00+00:00,0.01,0.01,0.01,0.01,1110512.0
2024-08-11 04:00:00+00:00,0.01,0.01,0.01,0.01,582539.0
2024-08-11 08:00:00+00:00,0.01,0.01,0.01,0.01,1270169.0
2024-08-11 12:00:00+00:00,0.01,0.01,0.01,0.01,532017.0
2024-08-11 16:00:00+00:00,0.01,0.01,0.01,0.01,3259636.0
2024-08-11 20:00:00+00:00,0.01,0.01,0.01,0.01,1255889.0
2024-08-12 00:00:00+00:00,0.01,0.01,0.01,0.01,1097741.0
2024-08-12 04:00:00+00:00,0.01,0.01,0.01,0.01,1567881.0
2024-08-12 08:00:00+00:00,0.01,0.01,0.01,0.01,1752304.0
2024-08-12 12:00:00+00:00,0.01,0.01,0.01,0.01,1731024.0
2024-08-12 16:00:00+00:00,0.01,0.01,0.01,0.01,1724125.0
2024-08-12 20:00:00+00:00,0.01,0.01,0.01,0.01,875648.0
2024-08-13 00:00:00+00:00,0.01,0.01,0.01,0.01,1329127.0
2024-08-13 04:00:00+00:00,0.01,0.01,0.01,0.01,2106691.0
2024-08-13 08:00:00+00:00,0.01,0.02,0.01,0.01,1276153.0
2024-08-13 12:00:00+00:00,0.01,0.01,0.01,0.01,2136706.0
2024-08-13 16:00:00+00:00,0.01,0.01,0.01,0.01,1742642.0
2024-08-13 20:00:00+00:00,0.01,0.01,0.01,0.01,2380869.0
2024-08-14 00:00:00+00:00,0.01,0.01,0.01,0.01,449684.0
2024-08-14 04:00:00+00:00,0.01,0.01,0.01,0.01,2171642.0
2024-08-14 08:00:00+00:00,0.01,0.01,0.0,0.0,1604451.0
2024-08-14 12:00:00+00:00,0.0,0.0,0.0,0.0,1782289.0
2024-08-14 16:00:00+00:00,0.0,0.0,0.0,0.0,1989866.0
2024-08-14 20:00:00+00:00,0.0,0.0,0.0,0.0,2796657.0
2024-08-15 00:00:00+00:00,0.0,0.0,0.0,0.0,4245956.0
2024-08-15 04:00:00+00:00,0.0,0.0,0.0,0.0,2427115.0
2024-08-15 08:00:00+00:00,0.0,0.0,0.0,0.0,2437498.0
2024-08-15 12:00:00+00:00,0.0,0.0,0.0,0.0,1917436.0
2024-08-15 16:00:00+00:00,0.0,0.0,0.0,0.0,1108287.0
2024-08-15 20:00:00+00:00,0.0,0.0,0.0,0.0,1549065.0
2024-08-16 00:00:00+00:00,0.0,0.0,0.0,0.0,1823554.0
2024-08-16 04:00:00+00:00,0.0,0.0,0.0,0.0,909967.0
2024-08-16 08:00:00+00:00,0.0,0.0,0.0,0.0,1748812.0
2024-08-16 12:00:00+00:00,0.0,0.0,0.0,0.0,1519849.0
2024-08-16 16:00:00+00:00,0.0,0.0,0.0,0.0,693598.0
2024-08-16 20:00:00+00:00,0.0,0.0,0.0,0.0,1913856.0
2024-08-17 00:00:00+00:00,0.0,0.0,0.0,0.0,1443293.0
2024-08-17 04:00:00+00:00,0.0,0.0,0.0,0.0,3317501.0
2024-08-17 08:00:00+00:00,0.0,0.0,0.0,0.0,616544.0
2024-08-17 12:00:00+00:00,0.0,0.0,0.0,0.0,809536.0
2024-08-17 16:00:00+00:00,0.0,0.0,0.0,0.0,1806996.0
2024-08-17 20:00:00+00:00,0.0,0.0,0.0,0.0,2841267.0
2024-08-18 00:00:00+00:00,0.0,0.0,0.0,0.0,2097399.0
2024-08-18 04:00:00+00:00,0.0,0.0,0.0,0.0,1950993.0
2024-08-18 08:00:00+00:00,0.0,0.0,0.0,0.0,617950.0
2024-08-18 12:00:00+00:00,0.0,0.0,0.0,0.0,724867.0
2024-08-18 16:00:00+00:00,0.0,0.0,0.0,0.0,1734700.0
2024-08-18 20:00:00+00:00,0.0,0.0,0.0,0.0,639120.0
2024-08-19 00:00:00+00:00,0.0,0.0,0.0,0.0,1402724.0
2024-08-19 04:00:00+00:00,0.0,0.0,0.0,0.0,1687224.0
2024-08-19 08:00:00+00:00,0.0,0.0,0.0,0.0,741180.0
2024-08-19 12:00:00+00:00,0.0,0.0,0.0,0.0,4416313.0
2024-08-19 16:00:00+00:00,0.0,0.0,0.0,0.0,2331489.0
2024-08-19 20:00:00+00:00,0.0,0.0,0.0,0.0,611747.0
2024-08-20 00:00:00+00:00,0.0,0.0,0.0,0.0,717011.0
2024-08-20 04:00:00+00:00,0.0,0.0,0.0,0.0,508290.0
2024-08-20 08:00:00+00:00,0.0,0.0,0.0,0.0,1156776.0
2024-08-20 12:00:00+00:00,0.0,0.0,0.0,0.0,1499854.0
2024-08-20 16:00:00+00:00,0.0,0.0,0.0,0.0,1079025.0
2024-08-20 20:00:00+00:00,0.0,0.0,0.0,0.0,1529675.0
2024-08-21 00:00:00+00:00,0.0,0.0,0.0,0.0,605915.0
2024-08-21 04:00:00+00:00,0.0,0.0,0.0,0.0,2852175.0
2024-08-21 08:00:00+00:00,0.0,0.0,0.0,0.0,810030.0
2024-08-21 12:00:00+00:00,0.0,0.0,0.0,0.0,1163592.0
2024-08-21 16:00:00+00:00,0.0,0.0,0.0,0.0,1041192.0
2024-08-21 20:00:00+00:00,0.0,0.0,0.0,0.0,846554.0
2024-08-22 00:00:00+00:00,0.0,0.0,0.0,0.0,803315.0
2024-08-22 04:00:00+00:00,0.0,0.0,0.0,0.0,2510697.0
2024-08-22 08:00:00+00:00,0.0,0.0,0.0,0.0,1572782.0
2024-08-22 12:00:00+00:00,0.0,0.0,0.0,0.0,2474765.0
2024-08-22 16:00:00+00:00,0.0,0.0,0.0,0.0,1468656.0
2024-08-22 20:00:00+00:00,0.0,0.0,0.0,0.0,1654759.0
2024-08-23 00:00:00+00:00,0.0,0.0,0.0,0.0,561309.0
2024-08-23 04:00:00+00:00,0.0,0.0,0.0,0.0,1271074.0
2024-08-23 08:00:00+00:00,0.0,0.0,0.0,0.0,1315674.0
2024-08-23 12:00:00+00:00,0.0,0.0,0.0,0.0,4336518.0
2024-08-23 16:00:00+00:00,0.0,0.0,0.0,0.0,29165034.0
2024-08-23 20:00:00+00:00,0.0,0.0,0.0,0.0,30185748.0
2024-08-24 00:00:00+00:00,0.0,0.0,0.0,0.0,18345652.0
2024-08-24 04:00:00+00:00,0.0,0.0,0.0,0.0,13821649.0
2024-08-24 08:00:00+00:00,0.0,0.0,0.0,0.0,16383685.0
2024-08-24 12:00:00+00:00,0.0,0.0,0.0,0.0,16762683.0
2024-08-24 16:00:00+00:00,0.0,0.01,0.0,0.01,1238166.0
2024-08-24 20:00:00+00:00,0.01,0.01,0.01,0.01,1059251.0
2024-08-25 00:00:00+00:00,0.01,0.01,0.01,0.01,1284145.0
2024-08-25 04:00:00+00:00,0.01,0.01,0.01,0.01,2301715.0
2024-08-25 08:00:00+00:00,0.01,0.01,0.01,0.01,397582.0
2024-08-25 12:00:00+00:00,0.01,0.01,0.01,0.01,3094341.0
2024-08-25 16:00:00+00:00,0.01,0.01,0.01,0.01,772421.0
2024-08-25 20:00:00+00:00,0.01,0.01,0.01,0.01,628197.0
2024-08-26 00:00:00+00:00,0.01,0.01,0.01,0.01,2683878.0
2024-08-26 04:00:00+00:00,0.01,0.01,0.01,0.01,1671383.0
2024-08-26 08:00:00+00:00,0.01,0.01,0.01,0.01,2570313.0
2024-08-26 12:00:00+00:00,0.01,0.01,0.01,0.01,2186744.0
2024-08-26 16:00:00+00:00,0.01,0.01,0.01,0.01,5265876.0
2024-08-26 20:00:00+00:00,0.01,0.01,0.01,0.01,2551952.0
2024-08-27 00:00:00+00:00,0.01,0.01,0.01,0.01,1379606.0
2024-08-27 04:00:00+00:00,0.01,0.01,0.01,0.01,1299925.0
2024-08-27 08:00:00+00:00,0.01,0.01,0.01,0.01,2085977.0
2024-08-27 12:00:00+00:00,0.01,0.01,0.01,0.01,773853.0
2024-08-27 16:00:00+00:00,0.01,0.01,0.01,0.01,989841.0
2024-08-27 20:00:00+00:00,0.01,0.01,0.01,0.01,1192153.0
2024-08-28 00:00:00+00:00,0.01,0.01,0.01,0.01,439349.0
2024-08-28 04:00:00+00:00,0.01,0.01,0.01,0.01,1147869.0
2024-08-28 08:00:00+00:00,0.01,0.01,0.01,0.01,440401.0
2024-08-28 12:00:00+00:00,0.01,0.01,0.01,0.01,1137967.0
2024-08-28 16:00:00+00:00,0.01,0.01,0.01,0.01,2661810.0
2024-08-28 20:00:00+00:00,0.01,0.01,0.01,0.01,964738.0
2024-08-29 00:00:00+00:00,0.01,0.01,0.01,0.01,3086007.0
2024-08-29 04:00:00+00:00,0.01,0.01,0.01,0.01,627147.0
2024-08-29 08:00:00+00:00,0.01,0.01,0.01,0.01,2778221.0
2024-08-29 12:00:00+00:00,0.01,0.01,0.01,0.01,1520273.0
2024-08-29 16:00:00+00:00,0.01,0.01,0.01,0.01,670088.0
2024-08-29 20:00:00+00:00,0.01,0.01,0.01,0.01,4587941.0
2024-08-30 00:00:00+00:00,0.01,0.01,0.01,0.01,1249592.0
2024-08-30 04:00:00+00:00,0.01,0.01,0.01,0.01,796317.0
2024-08-30 08:00:00+00:00,0.01,0.01,0.01,0.01,626842.0
2024-08-30 12:00:00+00:00,0.01,0.01,0.01,0.01,1397568.0
2024-08-30 16:00:00+00:00,0.01,0.01,0.01,0.01,949895.0
2024-08-30 20:00:00+00:00,0.01,0.01,0.01,0.01,1199813.0
2024-08-31 00:00:00+00:00,0.01,0.02,0.01,0.02,1524005.0
2024-08-31 04:00:00+00:00,0.02,0.02,0.02,0.02,1524793.0
2024-08-31 08:00:00+00:00,0.02,0.02,0.02,0.02,1790432.0
2024-08-31 12:00:00+00:00,0.02,0.03,0.02,0.03,477721.0
2024-08-31 16:00:00+00:00,0.03,0.03,0.02,0.02,1661036.0
2024-08-31 20:00:00+00:00,0.02,0.02,0.02,0.02,410668.0
2024-09-01 00:00:00+00:00,0.02,0.02,0.02,0.02,1401110.0
2024-09-01 04:00:00+00:00,0.02,0.03,0.02,0.03,969998.0
2024-09-01 08:00:00+00:00,0.03,0.03,0.03,0.03,1416394.0
2024-09-01 12:00:00+00:00,0.03,0.03,0.03,0.03,2044743.0
2024-09-01 16:00:00+00:00,0.03,0.03,0.02,0.02,962519.0
2024-09-01 20:00:00+00:00,0.02,0.02,0.02,0.02,1856003.0
2024-09-02 00:00:00+00:00,0.02,0.02,0.02,0.02,1111513.0
2024-09-02 04:00:00+00:00,0.02,0.02,0.02,0.02,3024961.0
2024-09-02 08:00:00+00:00,0.02,0.02,0.02,0.02,1055650.0
2024-09-02 12:00:00+00:00,0.02,0.02,0.02,0.02,1151971.0
2024-09-02 16:00:00+00:00,0.02,0.03,0.02,0.03,1663602.0
2024-09-02 20:00:00+00:00,0.03,0.03,0.02,0.02,1235211.0
2024-09-03 00:00:00+00:00,0.02,0.02,0.02,0.02,789385.0
2024-09-03 04:00:00+00:00,0.02,0.03,0.02,0.03,1213265.0
2024-09-03 08:00:00+00:00,0.03,0.03,0.02,0.02,1244128.0
2024-09-03 12:00:00+00:00,0.02,0.02,0.02,0.02,2070011.0
2024-09-03 16:00:00+00:00,0.02,0.02,0.02,0.02,383555.0
2024-09-03 20:00:00+00:00,0.02,0.02,0.02,0.02,1360252.0
2024-09-04 00:00:00+00:00,0.02,0.02,0.02,0.02,1768568.0
2024-09-04 04:00:00+00:00,0.02,0.02,0.02,0.02,1159018.0
2024-09-04 08:00:00+00:00,0.02,0.02,0.02,0.02,2290980.0
2024-09-04 12:00:00+00:00,0.02,0.02,0.02,0.02,1346093.0
2024-09-04 16:00:00+00:00,0.02,0.02,0.02,0.02,1089242.0
2024-09-04 20:00:00+00:00,0.02,0.02,0.02,0.02,1784966.0
2024-09-05 00:00:00+00:00,0.02,0.02,0.02,0.02,1224736.0
2024-09-05 04:00:00+00:00,0.02,0.03,0.02,0.03,1463962.0
2024-09-05 08:00:00+00:00,0.03,0.03,0.02,0.02,1524074.0
2024-09-05 12:00:00+00:00,0.02,0.03,0.02,0.03,796351.0
2024-09-05 16:00:00+00:00,0.03,0.03,0.03,0.03,1047691.0
2024-09-05 20:00:00+00:00,0.03,0.03,0.02,0.02,1256205.0
2024-09-06 00:00:00+00:00,0.02,0.02,0.02,0.02,3520619.0
2024-09-06 04:00:00+00:00,0.02,0.02,0.01,0.01,336428.0
2024-09-06 08:00:00+00:00,0.01,0.02,0.01,0.02,1914373.0
2024-09-06 12:00:00+00:00,0.02,0.02,0.01,0.01,1267177.0
2024-09-06 16:00:00+00:00,0.01,0.02,0.01,0.02,929466.0
2024-09-06 20:00:00+00:00,0.02,0.02,0.02,0.02,1460699.0
2024-09-07 00:00:00+00:00,0.02,0.02,0.02,0.02,1377482.0
2024-09-07 04:00:00+00:00,0.02,0.02,0.02,0.02,2278629.0
2024-09-07 08:00:00+00:00,0.02,0.03,0.02,0.03,506067.0
2024-09-07 12:00:00+00:00,0.03,0.04,0.03,0.04,3823043.0
2024-09-07 16:00:00+00:00,0.04,0.05,0.04,0.05,1069623.0
2024-09-07 20:00:00+00:00,0.05,0.05,0.05,0.05,2063457.0
2024-09-08 00:00:00+00:00,0.05,0.06,0.05,0.06,1839251.0
2024-09-08 04:00:00+00:00,0.06,0.07,0.06,0.07,873098.0
2024-09-08 08:00:00+00:00,0.07,0.07,0.06,0.06,1731898.0
2024-09-08 12:00:00+00:00,0.06,0.06,0.05,0.05,1125637.0
2024-09-08 16:00:00+00:00,0.05,0.05,0.05,0.05,355622.0
2024-09-08 20:00:00+00:00,0.05,0.05,0.05,0.05,1921995.0
2024-09-09 00:00:00+00:00,0.05,0.05,0.05,0.05,812834.0
2024-09-09 04:00:00+00:00,0.05,0.06,0.05,0.05,858986.0
2024-09-09 08:00:00+00:00,0.05,0.06,0.05,0.06,1171784.0
2024-09-09 12:00:00+00:00,0.06,0.06,0.06,0.06,1195503.0
2024-09-09 16:00:00+00:00,0.06,0.08,0.06,0.08,1616876.0
2024-09-09 20:00:00+00:00,0.08,0.08,0.06,0.06,1986145.0
2024-09-10 00:00:00+00:00,0.06,0.06,0.06,0.06,554535.0
2024-09-10 04:00:00+00:00,0.06,0.06,0.05,0.05,909848.0
2024-09-10 08:00:00+00:00,0.05,0.05,0.04,0.04,1732652.0
2024-09-10 12:00:00+00:00,0.04,0.04,0.04,0.04,2669077.0
2024-09-10 16:00:00+00:00,0.04,0.04,0.04,0.04,992256.0
2024-09-10 20:00:00+00:00,0.04,0.05,0.04,0.05,2883422.0
2024-09-11 00:00:00+00:00,0.05,0.05,0.05,0.05,1312941.0
2024-09-11 04:00:00+00:00,0.05,0.05,0.04,0.04,1143892.0
2024-09-11 08:00:00+00:00,0.04,0.06,0.04,0.06,1625070.0
2024-09-11 12:00:00+00:00,0.06,0.07,0.06,0.07,1428123.0
2024-09-11 16:00:00+00:00,0.07,0.07,0.07,0.07,1712188.0
2024-09-11 20:00:00+00:00,0.07,0.07,0.07,0.07,2182646.0
2024-09-12 00:00:00+00:00,0.07,0.07,0.06,0.06,1708771.0
2024-09-12 04:00:00+00:00,0.06,0.06,0.06,0.06,2105887.0
2024-09-12 08:00:00+00:00,0.06,0.07,0.06,0.07,922395.0
2024-09-12 12:00:00+00:00,0.07,0.09,0.06,0.08,1505552.0
2024-09-12 16:00:00+00:00,0.08,0.11,0.08,0.1,1182671.0
2024-09-12 20:00:00+00:00,0.1,0.1,0.1,0.1,1422576.0
2024-09-13 00:00:00+00:00,0.1,0.1,0.08,0.08,1253087.0
2024-09-13 04:00:00+00:00,0.08,0.08,0.08,0.08,1538018.0
2024-09-13 08:00:00+00:00,0.08,0.08,0.06,0.06,1123863.0
2024-09-13 12:00:00+00:00,0.06,0.06,0.06,0.06,1174870.0
2024-09-13 16:00:00+00:00,0.06,0.06,0.06,0.06,1497143.0
2024-09-13 20:00:00+00:00,0.06,0.06,0.06,0.06,428931.0
2024-09-14 00:00:00+00:00,0.06,0.06,0.04,0.04,4948843.0
2024-09-14 04:00:00+00:00,0.04,0.05,0.04,0.05,1072471.0
2024-09-14 08:00:00+00:00,0.05,0.05,0.04,0.04,448771.0
2024-09-14 12:00:00+00:00,0.04,0.05,0.04,0.04,1647201.0
2024-09-14 16:00:00+00:00,0.04,0.04,0.02,0.02,2326653.0
2024-09-14 20:00:00+00:00,0.02,0.02,0.02,0.02,967506.0
2024-09-15 00:00:00+00:00,0.02,0.03,0.02,0.03,2938327.0
2024-09-15 04:00:00+00:00,0.03,0.03,0.03,0.03,2545851.0
2024-09-15 08:00:00+00:00,0.03,0.03,0.03,0.03,1394239.0
2024-09-15 12:00:00+00:00,0.03,0.03,0.03,0.03,1586356.0
2024-09-15 16:00:00+00:00,0.03,0.03,0.03,0.03,1153498.0
2024-09-15 20:00:00+00:00,0.03,0.03,0.03,0.03,3510759.0
2024-09-16 00:00:00+00:00,0.03,0.03,0.03,0.03,544166.0
2024-09-16 04:00:00+00:00,0.03,0.03,0.03,0.03,1446532.0
2024-09-16 08:00:00+00:00,0.03,0.04,0.03,0.04,1607747.0
2024-09-16 12:00:00+00:00,0.04,0.04,0.03,0.03,1563212.0
2024-09-16 16:00:00+00:00,0.03,0.03,0.03,0.03,712739.0
2024-09-16 20:00:00+00:00,0.03,0.03,0.03,0.03,581080.0
2024-09-17 00:00:00+00:00,0.03,0.03,0.03,0.03,1479687.0
2024-09-17 04:00:00+00:00,0.03,0.03,0.02,0.02,1263745.0
2024-09-17 08:00:00+00:00,0.02,0.03,0.02,0.03,2462353.0
2024-09-17 12:00:00+00:00,0.03,0.03,0.03,0.03,749687.0
2024-09-17 16:00:00+00:00,0.03,0.03,0.03,0.03,2418442.0
2024-09-17 20:00:00+00:00,0.03,0.03,0.03,0.03,5472598.0
2024-09-18 00:00:00+00:00,0.03,0.03,0.03,0.03,925905.0
2024-09-18 04:00:00+00:00,0.03,0.03,0.03,0.03,527607.0
2024-09-18 08:00:00+00:00,0.03,0.03,0.03,0.03,1083202.0
2024-09-18 12:00:00+00:00,0.03,0.03,0.02,0.02,2102214.0
2024-09-18 16:00:00+00:00,0.02,0.02,0.02,0.02,1857347.0
2024-09-18 20:00:00+00:00,0.02,0.02,0.02,0.02,993082.0
2024-09-19 00:00:00+00:00,0.02,0.02,0.02,0.02,2445020.0
2024-09-19 04:00:00+00:00,0.02,0.02,0.02,0.02,591755.0
2024-09-19 08:00:00+00:00,0.02,0.02,0.02,0.02,516734.0
2024-09-19 12:00:00+00:00,0.02,0.02,0.02,0.02,2957050.0
2024-09-19 16:00:00+00:00,0.02,0.02,0.02,0.02,396165.0
2024-09-19 20:00:00+00:00,0.02,0.02,0.02,0.02,1228036.0
2024-09-20 00:00:00+00:00,0.02,0.02,0.01,0.01,7424507.0
2024-09-20 04:00:00+00:00,0.01,0.02,0.01,0.02,1127639.0
2024-09-20 08:00:00+00:00,0.02,0.02,0.01,0.01,918283.0
2024-09-20 12:00:00+00:00,0.01,0.01,0.01,0.01,1177716.0
2024-09-20 16:00:00+00:00,0.01,0.01,0.01,0.01,988618.0
2024-09-20 20:00:00+00:00,0.01,0.01,0.01,0.01,1858552.0
2024-09-21 00:00:00+00:00,0.01,0.01,0.01,0.01,2124836.0
2024-09-21 04:00:00+00:00,0.01,0.01,0.01,0.01,790446.0
2024-09-21 08:00:00+00:00,0.01,0.01,0.01,0.01,3169475.0
2024-09-21 12:00:00+00:00,0.01,0.01,0.01,0.01,1233920.0
2024-09-21 16:00:00+00:00,0.01,0.01,0.01,0.01,2183324.0
2024-09-21 20:00:00+00:00,0.01,0.01,0.01,0.01,1063598.0
2024-09-22 00:00:00+00:00,0.01,0.01,0.01,0.01,1957102.0
2024-09-22 04:00:00+00:00,0.01,0.01,0.01,0.01,1048022.0
2024-09-22 08:00:00+00:00,0.01,0.01,0.01,0.01,1507925.0
2024-09-22 12:00:00+00:00,0.01,0.01,0.01,0.01,677263.0
2024-09-22 16:00:00+00:00,0.01,0.01,0.01,0.01,707584.0
2024-09-22 20:00:00+00:00,0.01,0.01,0.01,0.01,1935827.0
2024-09-23 00:00:00+00:00,0.01,0.01,0.01,0.01,832160.0
2024-09-23 04:00:00+00:00,0.01,0.01,0.01,0.01,964877.0
2024-09-23 08:00:00+00:00,0.01,0.01,0.0,0.0,1678266.0
2024-09-23 12:00:00+00:00,0.0,0.0,0.0,0.0,1696370.0
2024-09-23 16:00:00+00:00,0.0,0.01,0.0,0.01,1026724.0
2024-09-23 20:00:00+00:00,0.01,0.01,0.0,0.0,1946123.0
2024-09-24 00:00:00+00:00,0.0,0.0,0.0,0.0,1466234.0
2024-09-24 04:00:00+00:00,0.0,0.0,0.0,0.0,489827.0
2024-09-24 08:00:00+00:00,0.0,0.0,0.0,0.0,922375.0
2024-09-24 12:00:00+00:00,0.0,0.0,0.0,0.0,1192575.0
2024-09-24 16:00:00+00:00,0.0,0.0,0.0,0.0,916051.0
2024-09-24 20:00:00+00:00,0.0,0.0,0.0,0.0,1838573.0
2024-09-25 00:00:00+00:00,0.0,0.0,0.0,0.0,2621897.0
2024-09-25 04:00:00+00:00,0.0,0.0,0.0,0.0,1852040.0
2024-09-25 08:00:00+00:00,0.0,0.0,0.0,0.0,3382692.0
2024-09-25 12:00:00+00:00,0.0,0.0,0.0,0.0,1169899.0
2024-09-25 16:00:00+00:00,0.0,0.0,0.0,0.0,1980056.0
2024-09-25 20:00:00+00:00,0.0,0.0,0.0,0.0,785891.0
2024-09-26 00:00:00+00:00,0.0,0.0,0.0,0.0,5878160.0
2024-09-26 04:00:00+00:00,0.0,0.0,0.0,0.0,3080261.0
2024-09-26 08:00:00+00:00,0.0,0.0,0.0,0.0,1123274.0
2024-09-26 12:00:00+00:00,0.0,0.0,0.0,0.0,1376454.0
2024-09-26 16:00:00+00:00,0.0,0.0,0.0,0.0,3367832.0
2024-09-26 20:00:00+00:00,0.0,0.0,0.0,0.0,1295020.0
2024-09-27 00:00:00+00:00,0.0,0.0,0.0,0.0,747999.0
2024-09-27 04:00:00+00:00,0.0,0.0,0.0,0.0,1678653.0
2024-09-27 08:00:00+00:00,0.0,0.0,0.0,0.0,2523123.0
2024-09-27 12:00:00+00:00,0.0,0.0,0.0,0.0,1238647.0
2024-09-27 16:00:00+00:00,0.0,0.0,0.0,0.0,884643.0
2024-09-27 20:00:00+00:00,0.0,0.0,0.0,0.0,506791.0
2024-09-28 00:00:00+00:00,0.0,0.0,0.0,0.0,1701816.0
2024-09-28 04:00:00+00:00,0.0,0.0,0.0,0.0,1645042.0
2024-09-28 08:00:00+00:00,0.0,0.0,0.0,0.0,1471947.0
2024-09-28 12:00:00+00:00,0.0,0.0,0.0,0.0,2889010.0
2024-09-28 16:00:00+00:00,0.0,0.0,0.0,0.0,918312.0
2024-09-28 20:00:00+00:00,0.0,0.0,0.0,0.0,1084620.0
2024-09-29 00:00:00+00:00,0.0,0.01,0.0,0.01,1431790.0
2024-09-29 04:00:00+00:00,0.01,0.01,0.0,0.0,1157881.0
2024-09-29 08:00:00+00:00,0.0,0.01,0.0,0.01,2308635.0
2024-09-29 12:00:00+00:00,0.01,0.01,0.01,0.01,695665.0
2024-09-29 16:00:00+00:00,0.01,0.01,0.01,0.01,2722570.0
2024-09-29 20:00:00+00:00,0.01,0.01,0.01,0.01,3241244.0
2024-09-30 00:00:00+00:00,0.01,0.01,0.01,0.01,1359942.0
2024-09-30 04:00:00+00:00,0.01,0.01,0.01,0.01,2420260.0
2024-09-30 08:00:00+00:00,0.01,0.01,0.01,0.01,859290.0
2024-09-30 12:00:00+00:00,0.01,0.01,0.01,0.01,1980521.0
2024-09-30 16:00:00+00:00,0.01,0.01,0.01,0.01,2005517.0
2024-09-30 20:00:00+00:00,0.01,0.01,0.0,0.0,2211674.0
2024-10-01 00:00:00+00:00,0.0,0.01,0.0,0.01,1174917.0
2024-10-01 04:00:00+00:00,0.01,0.01,0.01,0.01,438672.0
2024-10-01 08:00:00+00:00,0.01,0.01,0.01,0.01,1078905.0
2024-10-01 12:00:00+00:00,0.01,0.01,0.01,0.01,734308.0
2024-10-01 16:00:00+00:00,0.01,0.01,0.01,0.01,992500.0
2024-10-01 20:00:00+00:00,0.01,0.01,0.01,0.01,1108459.0
2024-10-02 00:00:00+00:00,0.01,0.01,0.01,0.01,969268.0
2024-10-02 04:00:00+00:00,0.01,0.01,0.01,0.01,983317.0
2024-10-02 08:00:00+00:00,0.01,0.01,0.01,0.01,698303.0
2024-10-02 12:00:00+00:00,0.01,0.01,0.01,0.01,763118.0
2024-10-02 16:00:00+00:00,0.01,0.01,0.01,0.01,2516545.0
2024-10-02 20:00:00+00:00,0.01,0.01,0.01,0.01,1097303.0
2024-10-03 00:00:00+00:00,0.01,0.01,0.01,0.01,1668171.0
2024-10-03 04:00:00+00:00,0.01,0.01,0.01,0.01,997615.0
2024-10-03 08:00:00+00:00,0.01,0.01,0.01,0.01,1349698.0
2024-10-03 12:00:00+00:00,0.01,0.01,0.01,0.01,1356867.0
2024-10-03 16:00:00+00:00,0.01,0.01,0.01,0.01,254496.0
2024-10-03 20:00:00+00:00,0.01,0.01,0.01,0.01,1908143.0
2024-10-04 00:00:00+00:00,0.01,0.01,0.01,0.01,2338569.0
2024-10-04 04:00:00+00:00,0.01,0.01,0.01,0.01,631929.0
2024-10-04 08:00:00+00:00,0.01,0.02,0.01,0.02,974497.0
2024-10-04 12:00:00+00:00,0.02,0.02,0.01,0.01,1166023.0
2024-10-04 16:00:00+00:00,0.01,0.02,0.01,0.02,1031587.0
2024-10-04 20:00:00+00:00,0.02,0.02,0.01,0.02,1773022.0
2024-10-05 00:00:00+00:00,0.02,0.02,0.02,0.02,400750.0
2024-10-05 04:00:00+00:00,0.02,0.02,0.01,0.01,1120306.0
2024-10-05 08:00:00+00:00,0.01,0.01,0.01,0.01,2765519.0
2024-10-05 12:00:00+00:00,0.01,0.01,0.01,0.01,990945.0
2024-10-05 16:00:00+00:00,0.01,0.01,0.01,0.01,1895127.0
2024-10-05 20:00:00+00:00,0.01,0.01,0.01,0.01,1733571.0
2024-10-06 00:00:00+00:00,0.01,0.01,0.01,0.01,499607.0
2024-10-06 04:00:00+00:00,0.01,0.01,0.01,0.01,1883516.0
2024-10-06 08:00:00+00:00,0.01,0.01,0.01,0.01,1167917.0
2024-10-06 12:00:00+00:00,0.01,0.01,0.01,0.01,887777.0
2024-10-06 16:00:00+00:00,0.01,0.01,0.01,0.01,1325093.0
2024-10-06 20:00:00+00:00,0.01,0.01,0.01,0.01,1500523.0
2024-10-07 00:00:00+00:00,0.01,0.01,0.01,0.01,2025983.0
2024-10-07 04:00:00+00:00,0.01,0.01,0.01,0.01,3099738.0
2024-10-07 08:00:00+00:00,0.01,0.01,0.01,0.01,1412970.0
2024-10-07 12:00:00+00:00,0.01,0.01,0.01,0.01,774451.0
2024-10-07 16:00:00+00:00,0.01,0.02,0.01,0.02,1323840.0
2024-10-07 20:00:00+00:00,0.02,0.02,0.02,0.02,6282441.0
2024-10-08 00:00:00+00:00,0.02,0.02,0.02,0.02,1725470.0
2024-10-08 04:00:00+00:00,0.02,0.02,0.02,0.02,3841188.0
2024-10-08 08:00:00+00:00,0.02,0.02,0.02,0.02,2044639.0
2024-10-08 12:00:00+00:00,0.02,0.02,0.01,0.01,1589162.0
2024-10-08 16:00:00+00:00,0.01,0.02,0.01,0.02,1324632.0
2024-10-08 20:00:00+00:00,0.02,0.02,0.01,0.01,1509284.0
2024-10-09 00:00:00+00:00,0.01,0.01,0.01,0.01,640840.0
2024-10-09 04:00:00+00:00,0.01,0.02,0.01,0.01,1226532.0
2024-10-09 08:00:00+00:00,0.01,0.01,0.01,0.01,1986036.0
2024-10-09 12:00:00+00:00,0.01,0.01,0.01,0.01,830747.0
2024-10-09 16:00:00+00:00,0.01,0.01,0.01,0.01,1379517.0
2024-10-09 20:00:00+00:00,0.01,0.02,0.01,0.02,1925561.0
2024-10-10 00:00:00+00:00,0.02,0.02,0.01,0.01,774004.0
2024-10-10 04:00:00+00:00,0.01,0.02,0.01,0.02,1106102.0
2024-10-10 08:00:00+00:00,0.02,0.02,0.01,0.01,968767.0
2024-10-10 12:00:00+00:00,0.01,0.01,0.01,0.01,696772.0
2024-10-10 16:00:00+00:00,0.01,0.02,0.01,0.02,978160.0
2024-10-10 20:00:00+00:00,0.02,0.02,0.01,0.01,928058.0
2024-10-11 00:00:00+00:00,0.01,0.01,0.01,0.01,2664953.0
2024-10-11 04:00:00+00:00,0.01,0.01,0.01,0.01,775555.0
2024-10-11 08:00:00+00:00,0.01,0.01,0.01,0.01,1145589.0
2024-10-11 12:00:00+00:00,0.01,0.01,0.01,0.01,896243.0
2024-10-11 16:00:00+00:00,0.01,0.02,0.01,0.02,2190396.0
2024-10-11 20:00:00+00:00,0.02,0.02,0.02,0.02,2466497.0
2024-10-12 00:00:00+00:00,0.02,0.02,0.02,0.02,2301774.0
2024-10-12 04:00:00+00:00,0.02,0.02,0.02,0.02,1374497.0
2024-10-12 08:00:00+00:00,0.02,0.02,0.02,0.02,991997.0
2024-10-12 12:00:00+00:00,0.02,0.02,0.02,0.02,715159.0
2024-10-12 16:00:00+00:00,0.02,0.03,0.02,0.03,4889320.0
2024-10-12 20:00:00+00:00,0.03,0.03,0.03,0.03,727994.0
2024-10-13 00:00:00+00:00,0.03,0.03,0.02,0.02,2009572.0
2024-10-13 04:00:00+00:00,0.02,0.03,0.02,0.03,2537092.0
2024-10-13 08:00:00+00:00,0.03,0.03,0.03,0.03,801971.0
2024-10-13 12:00:00+00:00,0.03,0.03,0.02,0.02,3324591.0
2024-10-13 16:00:00+00:00,0.02,0.02,0.02,0.02,2017890.0
2024-10-13 20:00:00+00:00,0.02,0.02,0.02,0.02,2954134.0
2024-10-14 00:00:00+00:00,0.02,0.02,0.02,0.02,826321.0
2024-10-14 04:00:00+00:00,0.02,0.02,0.02,0.02,601627.0
2024-10-14 08:00:00+00:00,0.02,0.02,0.02,0.02,840141.0
2024-10-14 12:00:00+00:00,0.02,0.02,0.02,0.02,1460108.0
2024-10-14 16:00:00+00:00,0.02,0.02,0.02,0.02,1235266.0
2024-10-14 20:00:00+00:00,0.02,0.02,0.02,0.02,1007967.0
2024-10-15 00:00:00+00:00,0.02,0.02,0.02,0.02,431366.0
2024-10-15 04:00:00+00:00,0.02,0.03,0.02,0.02,1681208.0
2024-10-15 08:00:00+00:00,0.02,0.03,0.02,0.03,3413665.0
2024-10-15 12:00:00+00:00,0.03,0.03,0.02,0.02,1796694.0
2024-10-15 16:00:00+00:00,0.02,0.03,0.02,0.03,2013978.0
2024-10-15 20:00:00+00:00,0.03,0.03,0.02,0.02,1657087.0
2024-10-16 00:00:00+00:00,0.02,0.03,0.02,0.03,1658937.0
2024-10-16 04:00:00+00:00,0.03,0.03,0.03,0.03,1851354.0
2024-10-16 08:00:00+00:00,0.03,0.04,0.03,0.04,2222547.0
2024-10-16 12:00:00+00:00,0.04,0.04,0.03,0.04,944061.0
2024-10-16 16:00:00+00:00,0.04,0.04,0.03,0.03,779407.0
2024-10-16 20:00:00+00:00,0.03,0.03,0.03,0.03,893471.0
2024-10-17 00:00:00+00:00,0.03,0.03,0.03,0.03,1331142.0
2024-10-17 04:00:00+00:00,0.03,0.04,0.03,0.04,1158513.0
2024-10-17 08:00:00+00:00,0.04,0.04,0.03,0.03,2024921.0
2024-10-17 12:00:00+00:00,0.03,0.03,0.02,0.02,1839928.0
2024-10-17 16:00:00+00:00,0.02,0.02,0.02,0.02,2250192.0
2024-10-17 20:00:00+00:00,0.02,0.02,0.02,0.02,2705582.0
2024-10-18 00:00:00+00:00,0.02,0.03,0.02,0.03,1837072.0
2024-10-18 04:00:00+00:00,0.03,0.03,0.03,0.03,546001.0
2024-10-18 08:00:00+00:00,0.03,0.03,0.03,0.03,907566.0
2024-10-18 12:00:00+00:00,0.03,0.03,0.03,0.03,1051377.0
2024-10-18 16:00:00+00:00,0.03,0.03,0.03,0.03,604140.0
2024-10-18 20:00:00+00:00,0.03,0.03,0.03,0.03,2843817.0
2024-10-19 00:00:00+00:00,0.03,0.03,0.03,0.03,1185838.0
2024-10-19 04:00:00+00:00,0.03,0.03,0.03,0.03,1737571.0
2024-10-19 08:00:00+00:00,0.03,0.03,0.03,0.03,2419903.0
2024-10-19 12:00:00+00:00,0.03,0.03,0.03,0.03,789864.0
2024-10-19 16:00:00+00:00,0.03,0.04,0.03,0.04,1928789.0
2024-10-19 20:00:00+00:00,0.04,0.04,0.02,0.02,2100759.0
2024-10-20 00:00:00+00:00,0.02,0.03,0.02,0.03,1187601.0
2024-10-20 04:00:00+00:00,0.03,0.03,0.02,0.02,881776.0
2024-10-20 08:00:00+00:00,0.02,0.02,0.02,0.02,4201097.0
2024-10-20 12:00:00+00:00,0.02,0.02,0.02,0.02,1017003.0
2024-10-20 16:00:00+00:00,0.02,0.02,0.02,0.02,2291363.0
2024-10-20 20:00:00+00:00,0.02,0.02,0.02,0.02,417017.0
2024-10-21 00:00:00+00:00,0.02,0.02,0.02,0.02,2570238.0
2024-10-21 04:00:00+00:00,0.02,0.03,0.02,0.03,2914911.0
2024-10-21 08:00:00+00:00,0.03,0.04,0.03,0.04,1667887.0
2024-10-21 12:00:00+00:00,0.04,0.05,0.04,0.05,1548724.0
2024-10-21 16:00:00+00:00,0.05,0.05,0.04,0.05,1625389.0
2024-10-21 20:00:00+00:00,0.05,0.05,0.05,0.05,3236971.0
2024-10-22 00:00:00+00:00,0.05,0.05,0.04,0.04,711060.0
2024-10-22 04:00:00+00:00,0.04,0.04,0.04,0.04,1647102.0
2024-10-22 08:00:00+00:00,0.04,0.04,0.03,0.03,876624.0
2024-10-22 12:00:00+00:00,0.03,0.04,0.03,0.04,1953952.0
2024-10-22 16:00:00+00:00,0.04,0.04,0.04,0.04,956415.0
2024-10-22 20:00:00+00:00,0.04,0.04,0.04,0.04,849138.0
2024-10-23 00:00:00+00:00,0.04,0.05,0.04,0.05,1236842.0
2024-10-23 04:00:00+00:00,0.05,0.05,0.05,0.05,576252.0
2024-10-23 08:00:00+00:00,0.05,0.06,0.04,0.06,2926160.0
2024-10-23 12:00:00+00:00,0.06,0.06,0.05,0.05,523534.0
2024-10-23 16:00:00+00:00,0.05,0.05,0.05,0.05,1419554.0
2024-10-23 20:00:00+00:00,0.05,0.05,0.05,0.05,1136413.0
2024-10-24 00:00:00+00:00,0.05,0.05,0.04,0.04,889797.0
2024-10-24 04:00:00+00:00,0.04,0.04,0.03,0.03,1415490.0
2024-10-24 08:00:00+00:00,0.03,0.03,0.03,0.03,468607.0
2024-10-24 12:00:00+00:00,0.03,0.04,0.03,0.03,1218911.0
2024-10-24 16:00:00+00:00,0.03,0.03,0.03,0.03,645948.0
2024-10-24 20:00:00+00:00,0.03,0.03,0.02,0.02,2061717.0
2024-10-25 00:00:00+00:00,0.02,0.02,0.02,0.02,656165.0
2024-10-25 04:00:00+00:00,0.02,0.02,0.01,0.01,10873463.0
2024-10-25 08:00:00+00:00,0.02,0.02,0.02,0.02,12591196.0
2024-10-25 12:00:00+00:00,0.02,0.02,0.02,0.02,5702840.0
2024-10-25 16:00:00+00:00,0.02,0.02,0.01,0.01,13059474.0
2024-10-25 20:00:00+00:00,0.02,0.02,0.01,0.01,4360297.0
2024-10-26 00:00:00+00:00,0.01,0.01,0.01,0.01,14963170.0
2024-10-26 04:00:00+00:00,0.01,0.01,0.01,0.01,2752493.0
2024-10-26 08:00:00+00:00,0.01,0.02,0.01,0.02,6456608.0
2024-10-26 12:00:00+00:00,0.02,0.02,0.01,0.01,1934922.0
2024-10-26 16:00:00+00:00,0.01,0.01,0.01,0.01,1552495.0
2024-10-26 20:00:00+00:00,0.01,0.01,0.01,0.01,441978.0
2024-10-27 00:00:00+00:00,0.01,0.01,0.01,0.01,2746409.0
2024-10-27 04:00:00+00:00,0.01,0.01,0.01,0.01,1608074.0
2024-10-27 08:00:00+00:00,0.01,0.01,0.01,0.01,1054816.0
2024-10-27 12:00:00+00:00,0.01,0.01,0.01,0.01,2132569.0
2024-10-27 16:00:00+00:00,0.01,0.01,0.01,0.01,1200610.0
2024-10-27 20:00:00+00:00,0.01,0.01,0.01,0.01,1176148.0
2024-10-28 00:00:00+00:00,0.01,0.01,0.01,0.01,1273576.0
2024-10-28 04:00:00+00:00,0.01,0.01,0.01,0.01,1079217.0
2024-10-28 08:00:00+00:00,0.01,0.01,0.01,0.01,1721354.0
2024-10-28 12:00:00+00:00,0.01,0.01,0.01,0.01,779329.0
2024-10-28 16:00:00+00:00,0.01,0.01,0.01,0.01,997809.0
2024-10-28 20:00:00+00:00,0.01,0.01,0.01,0.01,1153028.0
2024-10-29 00:00:00+00:00,0.01,0.01,0.01,0.01,2512433.0
2024-10-29 04:00:00+00:00,0.01,0.01,0.01,0.01,818701.0
2024-10-29 08:00:00+00:00,0.01,0.01,0.01,0.01,623382.0
2024-10-29 12:00:00+00:00,0.01,0.01,0.0,0.0,1268662.0
2024-10-29 16:00:00+00:00,0.0,0.01,0.0,0.01,1374679.0
2024-10-29 20:00:00+00:00,0.01,0.01,0.0,0.0,677778.0
2024-10-30 00:00:00+00:00,0.0,0.0,0.0,0.0,596024.0
2024-10-30 04:00:00+00:00,0.0,0.01,0.0,0.01,4934705.0
2024-10-30 08:00:00+00:00,0.01,0.01,0.01,0.01,908873.0
2024-10-30 12:00:00+00:00,0.01,0.01,0.01,0.01,958799.0
2024-10-30 16:00:00+00:00,0.01,0.01,0.01,0.01,1171058.0
2024-10-30 20:00:00+00:00,0.01,0.01,0.0,0.0,1599326.0
2024-10-31 00:00:00+00:00,0.0,0.0,0.0,0.0,1814182.0
2024-10-31 04:00:00+00:00,0.0,0.0,0.0,0.0,1768963.0
2024-10-31 08:00:00+00:00,0.0,0.0,0.0,0.0,1244613.0
2024-10-31 12:00:00+00:00,0.0,0.0,0.0,0.0,574021.0
2024-10-31 16:00:00+00:00,0.0,0.0,0.0,0.0,1944895.0
2024-10-31 20:00:00+00:00,0.0,0.0,0.0,0.0,1054584.0
2024-11-01 00:00:00+00:00,0.0,0.0,0.0,0.0,3082319.0
2024-11-01 04:00:00+00:00,0.0,0.0,0.0,0.0,348074.0
2024-11-01 08:00:00+00:00,0.0,0.0,0.0,0.0,1314931.0
2024-11-01 12:00:00+00:00,0.0,0.0,0.0,0.0,3906391.0
2024-11-01 16:00:00+00:00,0.0,0.0,0.0,0.0,1365114.0
2024-11-01 20:00:00+00:00,0.0,0.0,0.0,0.0,938421.0
2024-11-02 00:00:00+00:00,0.0,0.0,0.0,0.0,1162016.0
2024-11-02 04:00:00+00:00,0.0,0.0,0.0,0.0,987701.0
2024-11-02 08:00:00+00:00,0.0,0.0,0.0,0.0,940203.0
2024-11-02 12:00:00+00:00,0.0,0.0,0.0,0.0,1201823.0
2024-11-02 16:00:00+00:00,0.0,0.0,0.0,0.0,820832.0
2024-11-02 20:00:00+00:00,0.0,0.0,0.0,0.0,2368902.0
2024-11-03 00:00:00+00:00,0.0,0.0,0.0,0.0,1456810.0
2024-11-03 04:00:00+00:00,0.0,0.0,0.0,0.0,1723430.0
2024-11-03 08:00:00+00:00,0.0,0.0,0.0,0.0,1562861.0
2024-11-03 12:00:00+00:00,0.0,0.0,0.0,0.0,894153.0
2024-11-03 16:00:00+00:00,0.0,0.0,0.0,0.0,745263.0
2024-11-03 20:00:00+00:00,0.0,0.0,0.0,0.0,786292.0
2024-11-04 00:00:00+00:00,0.0,0.0,0.0,0.0,1844161.0
2024-11-04 04:00:00+00:00,0.0,0.0,0.0,0.0,737416.0
2024-11-04 08:00:00+00:00,0.0,0.0,0.0,0.0,807086.0
2024-11-04 12:00:00+00:00,0.0,0.0,0.0,0.0,823593.0
2024-11-04 16:00:00+00:00,0.0,0.0,0.0,0.0,4233367.0
2024-11-04 20:00:00+00:00,0.0,0.0,0.0,0.0,390881.0
2024-11-05 00:00:00+00:00,0.0,0.0,0.0,0.0,1274971.0
2024-11-05 04:00:00+00:00,0.0,0.0,0.0,0.0,3392154.0
2024-11-05 08:00:00+00:00,0.0,0.0,0.0,0.0,1262016.0
2024-11-05 12:00:00+00:00,0.0,0.0,0.0,0.0,1888189.0
2024-11-05 16:00:00+00:00,0.0,0.0,0.0,0.0,1886107.0
2024-11-05 20:00:00+00:00,0.0,0.0,0.0,0.0,1104270.0
2024-11-06 00:00:00+00:00,0.0,0.0,0.0,0.0,459359.0
2024-11-06 04:00:00+00:00,0.0,0.0,0.0,0.0,1602409.0
2024-11-06 08:00:00+00:00,0.0,0.0,0.0,0.0,886153.0
2024-11-06 12:00:00+00:00,0.0,0.0,0.0,0.0,1087442.0
2024-11-06 16:00:00+00:00,0.0,0.0,0.0,0.0,869945.0
2024-11-06 20:00:00+00:00,0.0,0.0,0.0,0.0,2694414.0
2024-11-07 00:00:00+00:00,0.0,0.0,0.0,0.0,3705722.0
2024-11-07 04:00:00+00:00,0.0,0.0,0.0,0.0,1186076.0
2024-11-07 08:00:00+00:00,0.0,0.0,0.0,0.0,1078413.0
2024-11-07 12:00:00+00:00,0.0,0.0,0.0,0.0,751467.0
2024-11-07 16:00:00+00:00,0.0,0.0,0.0,0.0,2262556.0
2024-11-07 20:00:00+00:00,0.0,0.0,0.0,0.0,3862639.0
2024-11-08 00:00:00+00:00,0.0,0.0,0.0,0.0,1547329.0
2024-11-08 04:00:00+00:00,0.0,0.0,0.0,0.0,444959.0
2024-11-08 08:00:00+00:00,0.0,0.0,0.0,0.0,2103111.0
2024-11-08 12:00:00+00:00,0.0,0.0,0.0,0.0,2444307.0
2024-11-08 16:00:00+00:00,0.0,0.0,0.0,0.0,537230.0
2024-11-08 20:00:00+00:00,0.0,0.0,0.0,0.0,1638103.0
2024-11-09 00:00:00+00:00,0.0,0.0,0.0,0.0,1376827.0
2024-11-09 04:00:00+00:00,0.0,0.0,0.0,0.0,1099559.0
2024-11-09 08:00:00+00:00,0.0,0.0,0.0,0.0,908525.0
2024-11-09 12:00:00+00:00,0.0,0.0,0.0,0.0,2639224.0
2024-11-09 16:00:00+00:00,0.0,0.0,0.0,0.0,1329531.0
2024-11-09 20:00:00+00:00,0.0,0.0,0.0,0.0,596865.0
2024-11-10 00:00:00+00:00,0.0,0.0,0.0,0.0,393077.0
2024-11-10 04:00:00+00:00,0.0,0.0,0.0,0.0,3303173.0
2024-11-10 08:00:00+00:00,0.0,0.0,0.0,0.0,1855839.0
2024-11-10 12:00:00+00:00,0.0,0.0,0.0,0.0,1498016.0
2024-11-10 16:00:00+00:00,0.0,0.0,0.0,0.0,1385390.0
2024-11-10 20:00:00+00:00,0.0,0.0,0.0,0.0,1194194.0
2024-11-11 00:00:00+00:00,0.0,0.0,0.0,0.0,739779.0
2024-11-11 04:00:00+00:00,0.0,0.0,0.0,0.0,815526.0
2024-11-11 08:00:00+00:00,0.0,0.0,0.0,0.0,389563.0
2024-11-11 12:00:00+00:00,0.0,0.0,0.0,0.0,943780.0
2024-11-11 16:00:00+00:00,0.0,0.0,0.0,0.0,1019781.0
2024-11-11 20:00:00+00:00,0.0,0.0,0.0,0.0,1644920.0
2024-11-12 00:00:00+00:00,0.0,0.0,0.0,0.0,985821.0
2024-11-12 04:00:00+00:00,0.0,0.0,0.0,0.0,1849644.0
2024-11-12 08:00:00+00:00,0.0,0.0,0.0,0.0,1971057.0
2024-11-12 12:00:00+00:00,0.0,0.0,0.0,0.0,2023273.0
2024-11-12 16:00:00+00:00,0.0,0.0,0.0,0.0,1325825.0
2024-11-12 20:00:00+00:00,0.0,0.0,0.0,0.0,1044111.0
2024-11-13 00:00:00+00:00,0.0,0.0,0.0,0.0,711922.0
2024-11-13 04:00:00+00:00,0.0,0.0,0.0,0.0,1613549.0
2024-11-13 08:00:00+00:00,0.0,0.0,0.0,0.0,3986972.0
2024-11-13 12:00:00+00:00,0.0,0.0,0.0,0.0,1488659.0
2024-11-13 16:00:00+00:00,0.0,0.0,0.0,0.0,2948805.0
2024-11-13 20:00:00+00:00,0.0,0.0,0.0,0.0,613791.0
2024-11-14 00:00:00+00:00,0.0,0.0,0.0,0.0,644410.0
2024-11-14 04:00:00+00:00,0.0,0.0,0.0,0.0,2347411.0
2024-11-14 08:00:00+00:00,0.0,0.0,0.0,0.0,1334439.0
2024-11-14 12:00:00+00:00,0.0,0.0,0.0,0.0,2016031.0
2024-11-14 16:00:00+00:00,0.0,0.0,0.0,0.0,1194056.0
2024-11-14 20:00:00+00:00,0.0,0.0,0.0,0.0,1103778.0
2024-11-15 00:00:00+00:00,0.0,0.0,0.0,0.0,1351289.0
2024-11-15 04:00:00+00:00,0.0,0.0,0.0,0.0,712717.0
2024-11-15 08:00:00+00:00,0.0,0.0,0.0,0.0,607456.0
2024-11-15 12:00:00+00:00,0.0,0.0,0.0,0.0,2898241.0
2024-11-15 16:00:00+00:00,0.0,0.0,0.0,0.0,3106676.0
2024-11-15 20:00:00+00:00,0.0,0.0,0.0,0.0,1548167.0
2024-11-16 00:00:00+00:00,0.0,0.0,0.0,0.0,520027.0
2024-11-16 04:00:00+00:00,0.0,0.0,0.0,0.0,1509848.0
2024-11-16 08:00:00+00:00,0.0,0.0,0.0,0.0,671960.0
2024-11-16 12:00:00+00:00,0.0,0.0,0.0,0.0,2431137.0
2024-11-16 16:00:00+00:00,0.0,0.0,0.0,0.0,952082.0
2024-11-16 20:00:00+00:00,0.0,0.0,0.0,0.0,622299.0
2024-11-17 00:00:00+00:00,0.0,0.0,0.0,0.0,1225552.0
2024-11-17 04:00:00+00:00,0.0,0.0,0.0,0.0,1369245.0
2024-11-17 08:00:00+00:00,0.0,0.0,0.0,0.0,2817100.0
2024-11-17 12:00:00+00:00,0.0,0.0,0.0,0.0,1023310.0
2024-11-17 16:00:00+00:00,0.0,0.0,0.0,0.0,552832.0
2024-11-17 20:00:00+00:00,0.0,0.0,0.0,0.0,660674.0
2024-11-18 00:00:00+00:00,0.0,0.0,0.0,0.0,1386877.0
2024-11-18 04:00:00+00:00,0.0,0.0,0.0,0.0,1610700.0
2024-11-18 08:00:00+00:00,0.0,0.0,0.0,0.0,549774.0
2024-11-18 12:00:00+00:00,0.0,0.0,0.0,0.0,2720260.0
2024-11-18 16:00:00+00:00,0.0,0.0,0.0,0.0,2634089.0
2024-11-18 20:00:00+00:00,0.0,0.0,0.0,0.0,1525951.0
2024-11-19 00:00:00+00:00,0.0,0.0,0.0,0.0,2431612.0
2024-11-19 04:00:00+00:00,0.0,0.0,0.0,0.0,1676319.0
2024-11-19 08:00:00+00:00,0.0,0.0,0.0,0.0,690442.0
2024-11-19 12:00:00+00:00,0.0,0.0,0.0,0.0,1300756.0
2024-11-19 16:00:00+00:00,0.0,0.0,0.0,0.0,2514496.0
2024-11-19 20:00:00+00:00,0.0,0.0,0.0,0.0,1365642.0
2024-11-20 00:00:00+00:00,0.0,0.0,0.0,0.0,1324191.0
2024-11-20 04:00:00+00:00,0.0,0.0,0.0,0.0,978844.0
2024-11-20 08:00:00+00:00,0.0,0.0,0.0,0.0,1423167.0
2024-11-20 12:00:00+00:00,0.0,0.0,0.0,0.0,784041.0
2024-11-20 16:00:00+00:00,0.0,0.0,0.0,0.0,1111990.0
2024-11-20 20:00:00+00:00,0.0,0.0,0.0,0.0,2323813.0
2024-11-21 00:00:00+00:00,0.0,0.0,0.0,0.0,825217.0
2024-11-21 04:00:00+00:00,0.0,0.0,0.0,0.0,585613.0
2024-11-21 08:00:00+00:00,0.0,0.0,0.0,0.0,685450.0
2024-11-21 12:00:00+00:00,0.0,0.0,0.0,0.0,1933081.0
2024-11-21 16:00:00+00:00,0.0,0.0,0.0,0.0,1143833.0
2024-11-21 20:00:00+00:00,0.0,0.0,0.0,0.0,1411258.0
2024-11-22 00:00:00+00:00,0.0,0.0,0.0,0.0,788458.0
2024-11-22 04:00:00+00:00,0.0,0.0,0.0,0.0,2270782.0
2024-11-22 08:00:00+00:00,0.0,0.0,0.0,0.0,1029465.0
2024-11-22 12:00:00+00:00,0.0,0.0,0.0,0.0,1632936.0
2024-11-22 16:00:00+00:00,0.0,0.0,0.0,0.0,893661.0
2024-11-22 20:00:00+00:00,0.0,0.0,0.0,0.0,805638.0
2024-11-23 00:00:00+00:00,0.0,0.0,0.0,0.0,1181116.0
2024-11-23 04:00:00+00:00,0.0,0.0,0.0,0.0,1620481.0
2024-11-23 08:00:00+00:00,0.0,0.0,0.0,0.0,2359619.0
2024-11-23 12:00:00+00:00,0.0,0.0,0.0,0.0,1666195.0
2024-11-23 16:00:00+00:00,0.0,0.0,0.0,0.0,174973.0
2024-11-23 20:00:00+00:00,0.0,0.0,0.0,0.0,680352.0
2024-11-24 00:00:00+00:00,0.0,0.0,0.0,0.0,931295.0
2024-11-24 04:00:00+00:00,0.0,0.0,0.0,0.0,2632304.0
2024-11-24 08:00:00+00:00,0.0,0.0,0.0,0.0,755280.0
2024-11-24 12:00:00+00:00,0.0,0.0,0.0,0.0,1362183.0
2024-11-24 16:00:00+00:00,0.0,0.0,0.0,0.0,2208753.0
2024-11-24 20:00:00+00:00,0.0,0.0,0.0,0.0,561541.0
2024-11-25 00:00:00+00:00,0.0,0.0,0.0,0.0,1293583.0
2024-11-25 04:00:00+00:00,0.0,0.0,0.0,0.0,724267.0
2024-11-25 08:00:00+00:00,0.0,0.0,0.0,0.0,1176182.0
2024-11-25 12:00:00+00:00,0.0,0.0,0.0,0.0,851629.0
2024-11-25 16:00:00+00:00,0.0,0.0,0.0,0.0,1607567.0
2024-11-25 20:00:00+00:00,0.0,0.0,0.0,0.0,5071446.0
2024-11-26 00:00:00+00:00,0.0,0.0,0.0,0.0,1666929.0
2024-11-26 04:00:00+00:00,0.0,0.0,0.0,0.0,1740482.0
2024-11-26 08:00:00+00:00,0.0,0.0,0.0,0.0,1492457.0
2024-11-26 12:00:00+00:00,0.0,0.0,0.0,0.0,676746.0
2024-11-26 16:00:00+00:00,0.0,0.0,0.0,0.0,1743815.0
2024-11-26 20:00:00+00:00,0.0,0.0,0.0,0.0,2296341.0
2024-11-27 00:00:00+00:00,0.0,0.0,0.0,0.0,775344.0
2024-11-27 04:00:00+00:00,0.0,0.0,0.0,0.0,2321214.0
2024-11-27 08:00:00+00:00,0.0,0.0,0.0,0.0,2298413.0
2024-11-27 12:00:00+00:00,0.0,0.0,0.0,0.0,3224765.0
2024-11-27 16:00:00+00:00,0.0,0.0,0.0,0.0,1130085.0
2024-11-27 20:00:00+00:00,0.0,0.0,0.0,0.0,827977.0
2024-11-28 00:00:00+00:00,0.0,0.0,0.0,0.0,1030967.0
2024-11-28 04:00:00+00:00,0.0,0.0,0.0,0.0,2727656.0
2024-11-28 08:00:00+00:00,0.0,0.0,0.0,0.0,495657.0
2024-11-28 12:00:00+00:00,0.0,0.0,0.0,0.0,456642.0
2024-11-28 16:00:00+00:00,0.0,0.0,0.0,0.0,1253301.0
2024-11-28 20:00:00+00:00,0.0,0.0,0.0,0.0,1093436.0
2024-11-29 00:00:00+00:00,0.0,0.0,0.0,0.0,1348655.0
2024-11-29 04:00:00+00:00,0.0,0.0,0.0,0.0,2468895.0
2024-11-29 08:00:00+00:00,0.0,0.0,0.0,0.0,1003349.0
2024-11-29 12:00:00+00:00,0.0,0.0,0.0,0.0,455497.0
2024-11-29 16:00:00+00:00,0.0,0.0,0.0,0.0,4128405.0
2024-11-29 20:00:00+00:00,0.0,0.0,0.0,0.0,612358.0
2024-11-30 00:00:00+00:00,0.0,0.0,0.0,0.0,816956.0
2024-11-30 04:00:00+00:00,0.0,0.0,0.0,0.0,1857628.0
2024-11-30 08:00:00+00:00,0.0,0.0,0.0,0.0,1098426.0
2024-11-30 12:00:00+00:00,0.0,0.0,0.0,0.0,1259754.0
2024-11-30 16:00:00+00:00,0.0,0.0,0.0,0.0,1351410.0
2024-11-30 20:00:00+00:00,0.0,0.0,0.0,0.0,2324398.0
2024-12-01 00:00:00+00:00,0.0,0.0,0.0,0.0,960880.0
2024-12-01 04:00:00+00:00,0.0,0.0,0.0,0.0,3953165.0
2024-12-01 08:00:00+00:00,0.0,0.0,0.0,0.0,377848.0
2024-12-01 12:00:00+00:00,0.0,0.0,0.0,0.0,1467655.0
2024-12-01 16:00:00+00:00,0.0,0.0,0.0,0.0,892922.0
2024-12-01 20:00:00+00:00,0.0,0.0,0.0,0.0,2581482.0
2024-12-02 00:00:00+00:00,0.0,0.0,0.0,0.0,1529925.0
2024-12-02 04:00:00+00:00,0.0,0.0,0.0,0.0,1228814.0
2024-12-02 08:00:00+00:00,0.0,0.0,0.0,0.0,1866769.0
2024-12-02 12:00:00+00:00,0.0,0.0,0.0,0.0,2099198.0
2024-12-02 16:00:00+00:00,0.0,0.0,0.0,0.0,1957293.0
2024-12-02 20:00:00+00:00,0.0,0.0,0.0,0.0,822439.0
2024-12-03 00:00:00+00:00,0.0,0.0,0.0,0.0,851188.0
2024-12-03 04:00:00+00:00,0.0,0.0,0.0,0.0,1113804.0
2024-12-03 08:00:00+00:00,0.0,0.0,0.0,0.0,1860025.0
2024-12-03 12:00:00+00:00,0.0,0.0,0.0,0.0,1875054.0
2024-12-03 16:00:00+00:00,0.0,0.0,0.0,0.0,567713.0
2024-12-03 20:00:00+00:00,0.0,0.0,0.0,0.0,1217270.0
2024-12-04 00:00:00+00:00,0.0,0.0,0.0,0.0,974439.0
2024-12-04 04:00:00+00:00,0.0,0.0,0.0,0.0,1062062.0
2024-12-04 08:00:00+00:00,0.0,0.0,0.0,0.0,1094183.0
2024-12-04 12:00:00+00:00,0.0,0.0,0.0,0.0,2116236.0
2024-12-04 16:00:00+00:00,0.0,0.0,0.0,0.0,179360.0
2024-12-04 20:00:00+00:00,0.0,0.0,0.0,0.0,1276891.0
2024-12-05 00:00:00+00:00,0.0,0.0,0.0,0.0,1007106.0
2024-12-05 04:00:00+00:00,0.0,0.0,0.0,0.0,1432257.0
2024-12-05 08:00:00+00:00,0.0,0.0,0.0,0.0,814369.0
2024-12-05 12:00:00+00:00,0.0,0.0,0.0,0.0,1226887.0
2024-12-05 16:00:00+00:00,0.0,0.0,0.0,0.0,3102951.0
2024-12-05 20:00:00+00:00,0.0,0.0,0.0,0.0,2001510.0
2024-12-06 00:00:00+00:00,0.0,0.0,0.0,0.0,1932064.0
2024-12-06 04:00:00+00:00,0.0,0.0,0.0,0.0,1152858.0
2024-12-06 08:00:00+00:00,0.0,0.0,0.0,0.0,2945320.0
2024-12-06 12:00:00+00:00,0.0,0.0,0.0,0.0,1049557.0
2024-12-06 16:00:00+00:00,0.0,0.0,0.0,0.0,1111331.0
2024-12-06 20:00:00+00:00,0.0,0.0,0.0,0.0,1237454.0
2024-12-07 00:00:00+00:00,0.0,0.0,0.0,0.0,1321360.0
2024-12-07 04:00:00+00:00,0.0,0.0,0.0,0.0,2762044.0
2024-12-07 08:00:00+00:00,0.0,0.0,0.0,0.0,1089924.0
2024-12-07 12:00:00+00:00,0.0,0.0,0.0,0.0,1678893.0
2024-12-07 16:00:00+00:00,0.0,0.0,0.0,0.0,2219731.0
2024-12-07 20:00:00+00:00,0.0,0.0,0.0,0.0,2288563.0
2024-12-08 00:00:00+00:00,0.0,0.0,0.0,0.0,745559.0
2024-12-08 04:00:00+00:00,0.0,0.0,0.0,0.0,1253840.0
2024-12-08 08:00:00+00:00,0.0,0.0,0.0,0.0,1530722.0
2024-12-08 12:00:00+00:00,0.0,0.0,0.0,0.0,1779552.0
2024-12-08 16:00:00+00:00,0.0,0.0,0.0,0.0,614919.0
2024-12-08 20:00:00+00:00,0.0,0.0,0.0,0.0,987474.0
2024-12-09 00:00:00+00:00,0.0,0.0,0.0,0.0,2279256.0
2024-12-09 04:00:00+00:00,0.0,0.0,0.0,0.0,882825.0
2024-12-09 08:00:00+00:00,0.0,0.0,0.0,0.0,974927.0
2024-12-09 12:00:00+00:00,0.0,0.0,0.0,0.0,3521301.0
2024-12-09 16:00:00+00:00,0.0,0.0,0.0,0.0,1332151.0
2024-12-09 20:00:00+00:00,0.0,0.0,0.0,0.0,841285.0
2024-12-10 00:00:00+00:00,0.0,0.0,0.0,0.0,901385.0
2024-12-10 04:00:00+00:00,0.0,0.0,0.0,0.0,1325879.0
2024-12-10 08:00:00+00:00,0.0,0.0,0.0,0.0,560559.0
2024-12-10 12:00:00+00:00,0.0,0.0,0.0,0.0,1226173.0
2024-12-10 16:00:00+00:00,0.0,0.0,0.0,0.0,1248698.0
2024-12-10 20:00:00+00:00,0.0,0.0,0.0,0.0,2259096.0
2024-12-11 00:00:00+00:00,0.0,0.0,0.0,0.0,1454204.0
2024-12-11 04:00:00+00:00,0.0,0.0,0.0,0.0,786192.0
2024-12-11 08:00:00+00:00,0.0,0.0,0.0,0.0,2266093.0
2024-12-11 12:00:00+00:00,0.0,0.0,0.0,0.0,1801291.0
2024-12-11 16:00:00+00:00,0.0,0.0,0.0,0.0,568843.0
2024-12-11 20:00:00+00:00,0.0,0.0,0.0,0.0,1507351.0
2024-12-12 00:00:00+00:00,0.0,0.0,0.0,0.0,2919182.0
2024-12-12 04:00:00+00:00,0.0,0.0,0.0,0.0,1563954.0
2024-12-12 08:00:00+00:00,0.0,0.0,0.0,0.0,1571656.0
2024-12-12 12:00:00+00:00,0.0,0.0,0.0,0.0,2370649.0
2024-12-12 16:00:00+00:00,0.0,0.0,0.0,0.0,534795.0
2024-12-12 20:00:00+00:00,0.0,0.0,0.0,0.0,668703.0
2024-12-13 00:00:00+00:00,0.0,0.0,0.0,0.0,506552.0
2024-12-13 04:00:00+00:00,0.0,0.0,0.0,0.0,1545881.0
2024-12-13 08:00:00+00:00,0.0,0.0,0.0,0.0,1682183.0
2024-12-13 12:00:00+00:00,0.0,0.0,0.0,0.0,2285143.0
2024-12-13 16:00:00+00:00,0.0,0.0,0.0,0.0,1350306.0
2024-12-13 20:00:00+00:00,0.0,0.0,0.0,0.0,822370.0
2024-12-14 00:00:00+00:00,0.0,0.0,0.0,0.0,1273940.0
2024-12-14 04:00:00+00:00,0.0,0.0,0.0,0.0,1742909.0
2024-12-14 08:00:00+00:00,0.0,0.0,0.0,0.0,878589.0
2024-12-14 12:00:00+00:00,0.0,0.0,0.0,0.0,4812480.0
2024-12-14 16:00:00+00:00,0.0,0.0,0.0,0.0,2000609.0
2024-12-14 20:00:00+00:00,0.0,0.0,0.0,0.0,1357239.0
2024-12-15 00:00:00+00:00,0.0,0.0,0.0,0.0,1441367.0
2024-12-15 04:00:00+00:00,0.0,0.0,0.0,0.0,1705827.0
2024-12-15 08:00:00+00:00,0.0,0.0,0.0,0.0,1547817.0
2024-12-15 12:00:00+00:00,0.0,0.0,0.0,0.0,841644.0
2024-12-15 16:00:00+00:00,0.0,0.0,0.0,0.0,1541411.0
2024-12-15 20:00:00+00:00,0.0,0.0,0.0,0.0,1560815.0
2024-12-16 00:00:00+00:00,0.0,0.0,0.0,0.0,1004101.0
2024-12-16 04:00:00+00:00,0.0,0.0,0.0,0.0,2998188.0
2024-12-16 08:00:00+00:00,0.0,0.0,0.0,0.0,1189126.0
2024-12-16 12:00:00+00:00,0.0,0.0,0.0,0.0,1880749.0
2024-12-16 16:00:00+00:00,0.0,0.0,0.0,0.0,2958433.0
2024-12-16 20:00:00+00:00,0.0,0.0,0.0,0.0,1710500.0
2024-12-17 00:00:00+00:00,0.0,0.0,0.0,0.0,1611579.0
2024-12-17 04:00:00+00:00,0.0,0.0,0.0,0.0,1764335.0
2024-12-17 08:00:00+00:00,0.0,0.0,0.0,0.0,973350.0
2024-12-17 12:00:00+00:00,0.0,0.0,0.0,0.0,1421841.0
2024-12-17 16:00:00+00:00,0.0,0.0,0.0,0.0,1611963.0
2024-12-17 20:00:00+00:00,0.0,0.0,0.0,0.0,947231.0
2024-12-18 00:00:00+00:00,0.0,0.0,0.0,0.0,5565179.0
2024-12-18 04:00:00+00:00,0.0,0.0,0.0,0.0,691602.0
2024-12-18 08:00:00+00:00,0.0,0.0,0.0,0.0,676564.0
2024-12-18 12:00:00+00:00,0.0,0.0,0.0,0.0,2200067.0
2024-12-18 16:00:00+00:00,0.0,0.0,0.0,0.0,1826947.0
2024-12-18 20:00:00+00:00,0.0,0.0,0.0,0.0,740825.0
2024-12-19 00:00:00+00:00,0.0,0.0,0.0,0.0,1443916.0
2024-12-19 04:00:00+00:00,0.0,0.0,0.0,0.0,2137057.0
2024-12-19 08:00:00+00:00,0.0,0.0,0.0,0.0,1416239.0
2024-12-19 12:00:00+00:00,0.0,0.0,0.0,0.0,4916868.0
2024-12-19 16:00:00+00:00,0.0,0.0,0.0,0.0,516709.0
2024-12-19 20:00:00+00:00,0.0,0.0,0.0,0.0,1549794.0
2024-12-20 00:00:00+00:00,0.0,0.0,0.0,0.0,2580515.0
2024-12-20 04:00:00+00:00,0.0,0.0,0.0,0.0,3350665.0
2024-12-20 08:00:00+00:00,0.0,0.0,0.0,0.0,973921.0
2024-12-20 12:00:00+00:00,0.0,0.0,0.0,0.0,1810007.0
2024-12-20 16:00:00+00:00,0.0,0.0,0.0,0.0,1698493.0
2024-12-20 20:00:00+00:00,0.0,0.0,0.0,0.0,1505936.0
2024-12-21 00:00:00+00:00,0.0,0.0,0.0,0.0,1499244.0
2024-12-21 04:00:00+00:00,0.0,0.0,0.0,0.0,1710780.0
2024-12-21 08:00:00+00:00,0.0,0.0,0.0,0.0,750252.0
2024-12-21 12:00:00+00:00,0.0,0.0,0.0,0.0,1360379.0
2024-12-21 16:00:00+00:00,0.0,0.0,0.0,0.0,942664.0
2024-12-21 20:00:00+00:00,0.0,0.0,0.0,0.0,1095407.0
2024-12-22 00:00:00+00:00,0.0,0.0,0.0,0.0,2209321.0
2024-12-22 04:00:00+00:00,0.0,0.0,0.0,0.0,1270701.0
2024-12-22 08:00:00+00:00,0.0,0.0,0.0,0.0,3738397.0
2024-12-22 12:00:00+00:00,0.0,0.0,0.0,0.0,1437726.0
2024-12-22 16:00:00+00:00,0.0,0.0,0.0,0.0,1311214.0
2024-12-22 20:00:00+00:00,0.0,0.0,0.0,0.0,1215942.0
2024-12-23 00:00:00+00:00,0.0,0.0,0.0,0.0,910112.0
2024-12-23 04:00:00+00:00,0.0,0.0,0.0,0.0,1021905.0
2024-12-23 08:00:00+00:00,0.0,0.0,0.0,0.0,2986753.0
2024-12-23 12:00:00+00:00,0.0,0.0,0.0,0.0,1642748.0
2024-12-23 16:00:00+00:00,0.0,0.0,0.0,0.0,1112778.0
2024-12-23 20:00:00+00:00,0.0,0.0,0.0,0.0,679909.0
2024-12-24 00:00:00+00:00,0.0,0.0,0.0,0.0,821119.0
2024-12-24 04:00:00+00:00,0.0,0.0,0.0,0.0,1123319.0
2024-12-24 08:00:00+00:00,0.0,0.0,0.0,0.0,2023834.0
2024-12-24 12:00:00+00:00,0.0,0.0,0.0,0.0,560333.0
2024-12-24 16:00:00+00:00,0.0,0.0,0.0,0.0,1427860.0
2024-12-24 20:00:00+00:00,0.0,0.0,0.0,0.0,1843868.0
2024-12-25 00:00:00+00:00,0.0,0.0,0.0,0.0,546915.0
2024-12-25 04:00:00+00:00,0.0,0.0,0.0,0.0,686726.0
2024-12-25 08:00:00+00:00,0.0,0.0,0.0,0.0,1231065.0
2024-12-25 12:00:00+00:00,0.0,0.0,0.0,0.0,721895.0
2024-12-25 16:00:00+00:00,0.0,0.0,0.0,0.0,1928254.0
2024-12-25 20:00:00+00:00,0.0,0.0,0.0,0.0,935299.0
2024-12-26 00:00:00+00:00,0.0,0.0,0.0,0.0,838123.0
2024-12-26 04:00:00+00:00,0.0,0.0,0.0,0.0,1933007.0
2024-12-26 08:00:00+00:00,0.0,0.0,0.0,0.0,3014623.0
2024-12-26 12:00:00+00:00,0.0,0.0,0.0,0.0,2644917.0
2024-12-26 16:00:00+00:00,0.0,0.0,0.0,0.0,435748.0
2024-12-26 20:00:00+00:00,0.0,0.0,0.0,0.0,2108387.0
2024-12-27 00:00:00+00:00,0.0,0.0,0.0,0.0,1147212.0
2024-12-27 04:00:00+00:00,0.0,0.0,0.0,0.0,1618038.0
2024-12-27 08:00:00+00:00,0.0,0.0,0.0,0.0,912579.0
2024-12-27 12:00:00+00:00,0.0,0.0,0.0,0.0,1301079.0
2024-12-27 16:00:00+00:00,0.0,0.0,0.0,0.0,1634683.0
2024-12-27 20:00:00+00:00,0.0,0.0,0.0,0.0,1282837.0
2024-12-28 00:00:00+00:00,0.0,0.0,0.0,0.0,929226.0
2024-12-28 04:00:00+00:00,0.0,0.0,0.0,0.0,1089025.0
2024-12-28 08:00:00+00:00,0.0,0.0,0.0,0.0,1758467.0
2024-12-28 12:00:00+00:00,0.0,0.0,0.0,0.0,1489037.0
2024-12-28 16:00:00+00:00,0.0,0.0,0.0,0.0,1855980.0
2024-12-28 20:00:00+00:00,0.0,0.0,0.0,0.0,1129138.0
2024-12-29 00:00:00+00:00,0.0,0.0,0.0,0.0,1190519.0
2024-12-29 04:00:00+00:00,0.0,0.0,0.0,0.0,1847166.0
2024-12-29 08:00:00+00:00,0.0,0.0,0.0,0.0,1914904.0
2024-12-29 12:00:00+00:00,0.0,0.0,0.0,0.0,1334769.0
2024-12-29 16:00:00+00:00,0.0,0.0,0.0,0.0,1737868.0
2024-12-29 20:00:00+00:00,0.0,0.0,0.0,0.0,1895829.0
2024-12-30 00:00:00+00:00,0.0,0.0,0.0,0.0,609713.0
2024-12-30 04:00:00+00:00,0.0,0.0,0.0,0.0,1734422.0
2024-12-30 08:00:00+00:00,0.0,0.0,0.0,0.0,1455417.0
2024-12-30 12:00:00+00:00,0.0,0.0,0.0,0.0,1494750.0
2024-12-30 16:00:00+00:00,0.0,0.0,0.0,0.0,1012809.0
2024-12-30 20:00:00+00:00,0.0,0.0,0.0,0.0,1206077.0
2024-12-31 00:00:00+00:00,0.0,0.0,0.0,0.0,1070719.0
2024-12-31 04:00:00+00:00,0.0,0.0,0.0,0.0,2837593.0
2024-12-31 08:00:00+00:00,0.0,0.0,0.0,0.0,1624649.0
2024-12-31 12:00:00+00:00,0.0,0.0,0.0,0.0,1430253.0
2024-12-31 16:00:00+00:00,0.0,0.0,0.0,0.0,935704.0
2024-12-31 20:00:00+00:00,0.0,0.0,0.0,0.0,1157531.0
