timestamp,open,high,low,close,volume
2024-01-02 00:00:00+00:00,70.0,73.29,68.76,70.0,1342155.0
2024-01-02 04:00:00+00:00,70.0,72.98,69.9,72.77,1047743.0
2024-01-02 08:00:00+00:00,72.77,76.29,70.98,71.85,1824078.0
2024-01-02 12:00:00+00:00,71.85,82.41,70.25,76.48,769902.0
2024-01-02 16:00:00+00:00,76.48,89.85,74.98,89.38,1006651.0
2024-01-02 20:00:00+00:00,89.38,94.02,84.28,86.66,1808280.0
2024-01-03 00:00:00+00:00,86.66,87.25,83.12,83.96,1069398.0
2024-01-03 04:00:00+00:00,83.96,102.38,83.61,102.2,3290034.0
2024-01-03 08:00:00+00:00,102.2,114.62,101.58,114.01,962557.0
2024-01-03 12:00:00+00:00,114.01,115.46,105.47,106.03,1177151.0
2024-01-03 16:00:00+00:00,106.03,114.78,105.93,114.72,785462.0
2024-01-03 20:00:00+00:00,114.72,115.7,105.64,106.81,1211255.0
2024-01-04 00:00:00+00:00,106.81,109.87,94.37,99.41,576625.0
2024-01-04 04:00:00+00:00,99.41,103.24,99.14,103.09,870552.0
2024-01-04 08:00:00+00:00,103.09,103.79,71.76,73.58,906466.0
2024-01-04 12:00:00+00:00,73.58,75.18,53.18,54.6,2509616.0
2024-01-04 16:00:00+00:00,54.6,56.47,48.87,50.04,1789393.0
2024-01-04 20:00:00+00:00,50.04,51.36,40.87,42.48,611770.0
2024-01-05 00:00:00+00:00,42.48,45.02,42.33,44.52,2229173.0
2024-01-05 04:00:00+00:00,44.52,45.4,36.35,38.5,4900046.0
2024-01-05 08:00:00+00:00,38.5,39.3,30.15,30.38,1670477.0
2024-01-05 12:00:00+00:00,30.38,37.18,30.34,37.1,1206714.0
2024-01-05 16:00:00+00:00,37.1,37.25,35.56,35.88,4508265.0
2024-01-05 20:00:00+00:00,35.88,36.69,35.37,36.29,534616.0
2024-01-06 00:00:00+00:00,36.29,36.4,28.57,28.65,1648180.0
2024-01-06 04:00:00+00:00,28.65,28.95,26.08,26.34,1357906.0
2024-01-06 08:00:00+00:00,26.34,26.98,25.93,26.81,2064573.0
2024-01-06 12:00:00+00:00,26.81,26.87,22.21,22.24,1809418.0
2024-01-06 16:00:00+00:00,22.24,23.63,21.97,23.52,914261.0
2024-01-06 20:00:00+00:00,23.52,24.04,21.28,21.44,786904.0
2024-01-07 00:00:00+00:00,21.44,21.54,20.34,20.53,949915.0
2024-01-07 04:00:00+00:00,20.53,20.54,18.69,18.71,765431.0
2024-01-07 08:00:00+00:00,18.71,23.95,18.7,23.93,1882522.0
2024-01-07 12:00:00+00:00,23.93,24.05,23.83,23.92,755298.0
2024-01-07 16:00:00+00:00,23.92,24.8,19.91,20.23,693359.0
2024-01-07 20:00:00+00:00,20.23,22.8,20.16,22.75,2575383.0
2024-01-08 00:00:00+00:00,22.75,22.97,18.43,18.62,1204235.0
2024-01-08 04:00:00+00:00,18.62,19.28,18.57,19.24,582936.0
2024-01-08 08:00:00+00:00,19.24,19.34,13.58,13.62,1725332.0
2024-01-08 12:00:00+00:00,13.62,13.96,10.79,10.93,1647894.0
2024-01-08 16:00:00+00:00,10.93,11.5,10.86,11.27,456787.0
2024-01-08 20:00:00+00:00,11.27,12.55,11.26,12.54,1578903.0
2024-01-09 00:00:00+00:00,12.54,12.95,12.46,12.88,641280.0
2024-01-09 04:00:00+00:00,12.88,12.89,12.67,12.68,2462141.0
2024-01-09 08:00:00+00:00,12.68,12.75,12.04,12.14,1467268.0
2024-01-09 12:00:00+00:00,12.14,12.28,9.37,9.47,1358942.0
2024-01-09 16:00:00+00:00,9.47,9.47,8.45,8.46,908223.0
2024-01-09 20:00:00+00:00,8.46,8.48,7.86,7.89,1140133.0
2024-01-10 00:00:00+00:00,7.89,9.18,7.83,9.16,2012612.0
2024-01-10 04:00:00+00:00,9.16,9.89,8.92,9.65,1145748.0
2024-01-10 08:00:00+00:00,9.65,10.27,6.87,7.12,1603585.0
2024-01-10 12:00:00+00:00,7.12,7.48,7.12,7.48,1185851.0
2024-01-10 16:00:00+00:00,7.48,7.56,6.93,7.06,863124.0
2024-01-10 20:00:00+00:00,7.06,7.11,6.34,6.36,1093861.0
2024-01-11 00:00:00+00:00,6.36,7.0,6.33,6.95,451558.0
2024-01-11 04:00:00+00:00,6.95,8.15,6.85,8.04,2391962.0
2024-01-11 08:00:00+00:00,8.04,9.4,7.83,9.18,1654773.0
2024-01-11 12:00:00+00:00,9.18,9.43,7.77,8.05,931675.0
2024-01-11 16:00:00+00:00,8.05,8.14,7.65,7.69,2927892.0
2024-01-11 20:00:00+00:00,7.69,8.13,7.66,8.09,1206544.0
2024-01-12 00:00:00+00:00,8.09,9.41,7.94,9.29,860806.0
2024-01-12 04:00:00+00:00,9.29,9.3,8.6,8.64,1856292.0
2024-01-12 08:00:00+00:00,8.64,8.69,8.33,8.42,1314682.0
2024-01-12 12:00:00+00:00,8.42,8.43,6.99,7.04,1817068.0
2024-01-12 16:00:00+00:00,7.04,7.09,5.71,5.79,1238386.0
2024-01-12 20:00:00+00:00,5.79,6.52,5.77,6.5,1718300.0
2024-01-13 00:00:00+00:00,6.5,7.86,6.5,7.84,1418117.0
2024-01-13 04:00:00+00:00,7.84,8.0,7.54,7.77,1355193.0
2024-01-13 08:00:00+00:00,7.77,8.95,7.76,8.95,560462.0
2024-01-13 12:00:00+00:00,8.95,9.51,8.87,9.45,940856.0
2024-01-13 16:00:00+00:00,9.45,9.47,8.53,8.55,3038207.0
2024-01-13 20:00:00+00:00,8.55,9.04,8.55,9.03,796367.0
2024-01-14 00:00:00+00:00,9.03,11.14,9.03,11.14,1255571.0
2024-01-14 04:00:00+00:00,11.14,11.16,11.08,11.1,807459.0
2024-01-14 08:00:00+00:00,11.1,14.06,10.96,13.69,926025.0
2024-01-14 12:00:00+00:00,13.69,13.72,8.3,8.34,720340.0
2024-01-14 16:00:00+00:00,8.34,9.77,8.18,9.38,1225896.0
2024-01-14 20:00:00+00:00,9.38,9.65,9.34,9.52,1118431.0
2024-01-15 00:00:00+00:00,9.52,9.58,9.07,9.12,1098665.0
2024-01-15 04:00:00+00:00,9.12,9.32,9.02,9.26,973851.0
2024-01-15 08:00:00+00:00,9.26,9.33,6.49,6.53,1924134.0
2024-01-15 12:00:00+00:00,6.53,6.65,6.26,6.33,1823125.0
2024-01-15 16:00:00+00:00,6.33,6.7,6.31,6.68,1060346.0
2024-01-15 20:00:00+00:00,6.68,8.22,6.66,8.17,1253737.0
2024-01-16 00:00:00+00:00,8.17,8.26,7.3,7.55,1066753.0
2024-01-16 04:00:00+00:00,7.55,7.66,6.36,6.65,1814816.0
2024-01-16 08:00:00+00:00,6.65,6.8,6.02,6.16,2472466.0
2024-01-16 12:00:00+00:00,6.16,7.07,6.14,7.02,1035242.0
2024-01-16 16:00:00+00:00,7.02,7.46,6.88,7.38,1211662.0
2024-01-16 20:00:00+00:00,7.38,7.45,6.78,6.8,1460527.0
2024-01-17 00:00:00+00:00,6.8,7.39,6.76,7.34,752516.0
2024-01-17 04:00:00+00:00,7.34,7.48,7.33,7.46,1059507.0
2024-01-17 08:00:00+00:00,7.46,8.59,7.36,8.55,691188.0
2024-01-17 12:00:00+00:00,8.55,8.58,7.66,7.66,541321.0
2024-01-17 16:00:00+00:00,7.66,7.69,7.27,7.3,1372536.0
2024-01-17 20:00:00+00:00,7.3,7.4,6.71,6.88,967026.0
2024-01-18 00:00:00+00:00,6.88,6.9,5.37,5.38,1829863.0
2024-01-18 04:00:00+00:00,5.38,5.63,5.38,5.63,1127792.0
2024-01-18 08:00:00+00:00,5.63,5.86,5.62,5.86,688656.0
2024-01-18 12:00:00+00:00,5.86,6.03,5.69,5.87,984318.0
2024-01-18 16:00:00+00:00,5.87,5.91,5.63,5.68,593507.0
2024-01-18 20:00:00+00:00,5.68,5.72,4.47,4.49,3263167.0
2024-01-19 00:00:00+00:00,4.49,4.56,4.14,4.21,601524.0
2024-01-19 04:00:00+00:00,4.21,4.29,3.93,4.0,1042704.0
2024-01-19 08:00:00+00:00,4.0,4.03,3.52,3.53,805735.0
2024-01-19 12:00:00+00:00,3.53,3.59,3.42,3.44,1421052.0
2024-01-19 16:00:00+00:00,3.44,3.69,3.37,3.66,1004583.0
2024-01-19 20:00:00+00:00,3.66,4.76,3.63,4.7,1429565.0
2024-01-20 00:00:00+00:00,4.7,4.84,4.69,4.83,1658471.0
2024-01-20 04:00:00+00:00,4.83,5.12,4.73,5.02,1136401.0
2024-01-20 08:00:00+00:00,5.02,5.05,4.92,4.97,1333155.0
2024-01-20 12:00:00+00:00,4.97,5.0,3.55,3.56,1133197.0
2024-01-20 16:00:00+00:00,3.56,3.58,3.53,3.55,499455.0
2024-01-20 20:00:00+00:00,3.55,3.59,3.55,3.59,1087111.0
2024-01-21 00:00:00+00:00,3.59,4.9,3.58,4.89,1779533.0
2024-01-21 04:00:00+00:00,4.89,5.0,4.72,4.75,1481347.0
2024-01-21 08:00:00+00:00,4.75,4.97,4.75,4.97,1094589.0
2024-01-21 12:00:00+00:00,4.97,5.01,4.94,4.95,1121451.0
2024-01-21 16:00:00+00:00,4.95,5.01,4.09,4.1,672887.0
2024-01-21 20:00:00+00:00,4.1,4.81,4.1,4.81,3901546.0
2024-01-22 00:00:00+00:00,4.81,5.47,4.56,5.36,1235913.0
2024-01-22 04:00:00+00:00,5.36,6.02,5.35,6.0,1926533.0
2024-01-22 08:00:00+00:00,6.0,6.02,5.17,5.19,925605.0
2024-01-22 12:00:00+00:00,5.19,6.32,5.18,6.28,1906589.0
2024-01-22 16:00:00+00:00,6.28,6.3,4.96,4.97,848510.0
2024-01-22 20:00:00+00:00,4.97,5.41,4.97,5.41,1588604.0
2024-01-23 00:00:00+00:00,5.41,7.28,5.33,7.19,1664535.0
2024-01-23 04:00:00+00:00,7.19,7.49,5.97,6.13,1463884.0
2024-01-23 08:00:00+00:00,6.13,6.15,5.61,5.62,1774580.0
2024-01-23 12:00:00+00:00,5.62,5.8,5.59,5.71,565797.0
2024-01-23 16:00:00+00:00,5.71,5.8,5.22,5.29,867976.0
2024-01-23 20:00:00+00:00,5.29,5.43,4.02,4.06,2130254.0
2024-01-24 00:00:00+00:00,4.06,4.12,4.03,4.11,2951645.0
2024-01-24 04:00:00+00:00,4.11,4.11,3.44,3.46,1372604.0
2024-01-24 08:00:00+00:00,3.46,3.72,3.44,3.71,1634234.0
2024-01-24 12:00:00+00:00,3.71,3.74,3.15,3.2,1337343.0
2024-01-24 16:00:00+00:00,3.2,4.01,3.14,3.95,4490562.0
2024-01-24 20:00:00+00:00,3.95,3.96,3.48,3.49,563359.0
2024-01-25 00:00:00+00:00,3.49,3.51,3.31,3.33,1197346.0
2024-01-25 04:00:00+00:00,3.33,3.81,3.24,3.73,607322.0
2024-01-25 08:00:00+00:00,3.73,3.8,3.0,3.05,442904.0
2024-01-25 12:00:00+00:00,3.05,3.29,2.92,3.16,1282523.0
2024-01-25 16:00:00+00:00,3.16,3.81,3.1,3.78,1706090.0
2024-01-25 20:00:00+00:00,3.78,3.8,2.86,2.87,1492051.0
2024-01-26 00:00:00+00:00,2.87,2.98,2.85,2.95,1029884.0
2024-01-26 04:00:00+00:00,2.95,3.09,2.9,3.07,5272011.0
2024-01-26 08:00:00+00:00,3.07,3.44,3.07,3.43,1190746.0
2024-01-26 12:00:00+00:00,3.43,3.46,2.78,2.8,2004993.0
2024-01-26 16:00:00+00:00,2.8,2.82,2.21,2.25,1150020.0
2024-01-26 20:00:00+00:00,2.25,2.43,2.24,2.43,1434869.0
2024-01-27 00:00:00+00:00,2.43,2.57,2.39,2.54,1009099.0
2024-01-27 04:00:00+00:00,2.54,2.67,2.52,2.64,908800.0
2024-01-27 08:00:00+00:00,2.64,2.88,2.57,2.78,2877944.0
2024-01-27 12:00:00+00:00,2.78,2.78,2.49,2.5,2346919.0
2024-01-27 16:00:00+00:00,2.5,2.59,2.49,2.58,1186165.0
2024-01-27 20:00:00+00:00,2.58,2.73,2.56,2.7,358685.0
2024-01-28 00:00:00+00:00,2.7,2.72,2.41,2.41,1100422.0
2024-01-28 04:00:00+00:00,2.41,3.15,2.4,3.09,7119992.0
2024-01-28 08:00:00+00:00,3.09,3.34,3.02,3.32,1084143.0
2024-01-28 12:00:00+00:00,3.32,3.32,2.73,2.73,2660634.0
2024-01-28 16:00:00+00:00,2.73,3.02,2.71,3.0,2671315.0
2024-01-28 20:00:00+00:00,3.0,3.03,2.56,2.56,1601020.0
2024-01-29 00:00:00+00:00,2.56,2.88,2.55,2.87,891367.0
2024-01-29 04:00:00+00:00,2.87,3.42,2.75,3.37,451313.0
2024-01-29 08:00:00+00:00,3.37,3.43,2.91,2.96,1922464.0
2024-01-29 12:00:00+00:00,2.96,3.45,2.94,3.39,956425.0
2024-01-29 16:00:00+00:00,3.39,3.65,3.35,3.61,1299217.0
2024-01-29 20:00:00+00:00,3.61,4.08,3.58,4.06,735476.0
2024-01-30 00:00:00+00:00,4.06,5.37,3.97,5.22,1626908.0
2024-01-30 04:00:00+00:00,5.22,5.25,4.95,5.03,1125092.0
2024-01-30 08:00:00+00:00,5.03,5.09,4.4,4.47,1526843.0
2024-01-30 12:00:00+00:00,4.47,4.52,3.77,3.88,799470.0
2024-01-30 16:00:00+00:00,3.88,3.89,3.4,3.41,2479258.0
2024-01-30 20:00:00+00:00,3.41,3.49,3.35,3.38,764416.0
2024-01-31 00:00:00+00:00,3.38,3.56,3.37,3.55,500661.0
2024-01-31 04:00:00+00:00,3.55,3.73,3.54,3.71,1069208.0
2024-01-31 08:00:00+00:00,3.71,4.18,3.68,4.17,1400782.0
2024-01-31 12:00:00+00:00,4.17,4.3,3.96,4.19,1095104.0
2024-01-31 16:00:00+00:00,4.19,5.17,4.09,5.09,3259527.0
2024-01-31 20:00:00+00:00,5.09,5.17,4.86,4.9,989939.0
2024-02-01 00:00:00+00:00,4.9,7.03,4.86,6.91,2099669.0
2024-02-01 04:00:00+00:00,6.91,7.61,6.83,7.57,741144.0
2024-02-01 08:00:00+00:00,7.57,7.8,6.42,6.61,2080814.0
2024-02-01 12:00:00+00:00,6.61,6.67,5.53,5.56,1619196.0
2024-02-01 16:00:00+00:00,5.56,6.0,5.53,5.97,990884.0
2024-02-01 20:00:00+00:00,5.97,5.99,5.78,5.78,422547.0
2024-02-02 00:00:00+00:00,5.78,6.53,5.71,6.41,2731846.0
2024-02-02 04:00:00+00:00,6.41,6.97,6.33,6.88,659558.0
2024-02-02 08:00:00+00:00,6.88,6.93,6.8,6.82,764225.0
2024-02-02 12:00:00+00:00,6.82,6.82,5.97,5.97,1640331.0
2024-02-02 16:00:00+00:00,5.97,6.12,4.57,4.63,921312.0
2024-02-02 20:00:00+00:00,4.63,4.63,4.32,4.33,566324.0
2024-02-03 00:00:00+00:00,4.33,4.97,4.29,4.89,481097.0
2024-02-03 04:00:00+00:00,4.89,5.18,4.66,5.06,1580902.0
2024-02-03 08:00:00+00:00,5.06,5.09,4.1,4.12,1183554.0
2024-02-03 12:00:00+00:00,4.12,4.25,4.11,4.24,4685309.0
2024-02-03 16:00:00+00:00,4.24,4.58,4.22,4.49,717539.0
2024-02-03 20:00:00+00:00,4.49,4.74,4.41,4.72,6293149.0
2024-02-04 00:00:00+00:00,3.91,4.51,3.88,4.51,5812994.0
2024-02-04 04:00:00+00:00,4.0,4.36,3.82,4.36,8361574.0
2024-02-04 08:00:00+00:00,4.05,4.05,3.37,3.53,8518243.0
2024-02-04 12:00:00+00:00,3.37,3.6,3.36,3.56,1585911.0
2024-02-04 16:00:00+00:00,3.56,3.91,3.51,3.87,771880.0
2024-02-04 20:00:00+00:00,3.87,4.55,3.75,4.5,748832.0
2024-02-05 00:00:00+00:00,4.5,5.24,4.49,5.22,602686.0
2024-02-05 04:00:00+00:00,5.22,5.27,4.06,4.16,530649.0
2024-02-05 08:00:00+00:00,4.16,4.2,3.56,3.58,1092148.0
2024-02-05 12:00:00+00:00,3.58,3.88,3.55,3.87,1065696.0
2024-02-05 16:00:00+00:00,3.87,4.18,3.86,4.17,903018.0
2024-02-05 20:00:00+00:00,4.17,4.55,4.05,4.51,2306905.0
2024-02-06 00:00:00+00:00,4.51,7.13,4.5,7.12,5064695.0
2024-02-06 04:00:00+00:00,7.12,7.78,7.1,7.75,1069247.0
2024-02-06 08:00:00+00:00,7.75,9.1,7.71,9.09,619149.0
2024-02-06 12:00:00+00:00,9.09,10.68,8.95,10.41,1082105.0
2024-02-06 16:00:00+00:00,10.41,11.6,10.31,11.45,963471.0
2024-02-06 20:00:00+00:00,11.45,11.59,10.72,10.94,816810.0
2024-02-07 00:00:00+00:00,10.94,12.23,10.89,12.21,951642.0
2024-02-07 04:00:00+00:00,12.21,12.27,10.66,10.82,966783.0
2024-02-07 08:00:00+00:00,10.82,10.95,10.41,10.47,905984.0
2024-02-07 12:00:00+00:00,10.47,10.59,9.49,9.73,881312.0
2024-02-07 16:00:00+00:00,9.73,10.04,9.43,9.87,1158939.0
2024-02-07 20:00:00+00:00,9.87,13.31,9.87,13.3,2445116.0
2024-02-08 00:00:00+00:00,13.3,13.47,9.52,9.61,1162437.0
2024-02-08 04:00:00+00:00,9.61,10.63,9.61,10.62,2485208.0
2024-02-08 08:00:00+00:00,10.62,10.73,8.03,8.08,1052605.0
2024-02-08 12:00:00+00:00,8.08,8.09,7.49,7.53,536593.0
2024-02-08 16:00:00+00:00,7.53,8.8,7.5,8.78,1811562.0
2024-02-08 20:00:00+00:00,8.78,8.91,8.73,8.88,688696.0
2024-02-09 00:00:00+00:00,8.88,8.92,7.37,7.48,1730130.0
2024-02-09 04:00:00+00:00,7.48,7.52,6.67,6.7,395178.0
2024-02-09 08:00:00+00:00,6.7,6.75,5.58,5.63,16193215.0
2024-02-09 12:00:00+00:00,7.4,7.44,5.48,5.48,11365743.0
2024-02-09 16:00:00+00:00,6.6,6.84,6.0,6.0,3206797.0
2024-02-09 20:00:00+00:00,6.83,7.04,6.29,6.29,3016042.0
2024-02-10 00:00:00+00:00,6.9,6.91,5.85,5.85,18193726.0
2024-02-10 04:00:00+00:00,6.25,8.33,6.22,7.9,8383342.0
2024-02-10 08:00:00+00:00,8.27,9.21,8.2,9.08,851699.0
2024-02-10 12:00:00+00:00,9.08,9.1,6.31,6.34,613240.0
2024-02-10 16:00:00+00:00,6.34,6.54,6.34,6.53,915521.0
2024-02-10 20:00:00+00:00,6.53,6.56,5.87,5.9,1151822.0
2024-02-11 00:00:00+00:00,5.9,6.88,5.74,6.67,1988724.0
2024-02-11 04:00:00+00:00,6.67,6.72,5.81,5.89,670537.0
2024-02-11 08:00:00+00:00,5.89,5.98,5.76,5.8,488518.0
2024-02-11 12:00:00+00:00,5.8,6.35,5.78,6.25,1544286.0
2024-02-11 16:00:00+00:00,6.25,7.1,6.24,7.08,2309946.0
2024-02-11 20:00:00+00:00,7.08,7.12,5.79,5.82,699035.0
2024-02-12 00:00:00+00:00,5.82,5.93,5.5,5.54,1964467.0
2024-02-12 04:00:00+00:00,5.54,5.55,5.16,5.16,1230080.0
2024-02-12 08:00:00+00:00,5.16,5.18,4.65,4.67,2222549.0
2024-02-12 12:00:00+00:00,4.67,5.94,4.66,5.91,1738670.0
2024-02-12 16:00:00+00:00,5.91,6.31,5.87,6.28,336737.0
2024-02-12 20:00:00+00:00,6.28,6.41,4.81,5.11,1447007.0
2024-02-13 00:00:00+00:00,5.11,5.83,5.1,5.82,2411121.0
2024-02-13 04:00:00+00:00,5.82,7.73,5.77,7.68,1254257.0
2024-02-13 08:00:00+00:00,7.68,8.9,7.67,8.89,1211177.0
2024-02-13 12:00:00+00:00,8.89,9.23,6.66,6.88,1536521.0
2024-02-13 16:00:00+00:00,6.88,6.89,6.38,6.39,284433.0
2024-02-13 20:00:00+00:00,6.39,7.66,6.36,7.62,3633972.0
2024-02-14 00:00:00+00:00,7.62,7.72,6.73,6.82,836664.0
2024-02-14 04:00:00+00:00,6.82,7.43,6.79,7.29,1551690.0
2024-02-14 08:00:00+00:00,7.29,8.19,7.24,8.15,1296309.0
2024-02-14 12:00:00+00:00,8.15,8.18,7.0,7.03,2648198.0
2024-02-14 16:00:00+00:00,7.03,7.09,6.96,6.98,1251917.0
2024-02-14 20:00:00+00:00,6.98,7.0,3.63,3.64,2166546.0
2024-02-15 00:00:00+00:00,3.64,3.64,3.07,3.08,931616.0
2024-02-15 04:00:00+00:00,3.08,3.11,2.95,2.97,1652881.0
2024-02-15 08:00:00+00:00,2.97,2.98,2.41,2.42,610258.0
2024-02-15 12:00:00+00:00,2.42,3.02,2.41,3.02,2401632.0
2024-02-15 16:00:00+00:00,3.02,3.04,2.34,2.37,946347.0
2024-02-15 20:00:00+00:00,2.37,2.45,2.14,2.22,2233374.0
2024-02-16 00:00:00+00:00,2.22,2.28,2.19,2.27,1151886.0
2024-02-16 04:00:00+00:00,2.27,2.76,2.26,2.76,2277565.0
2024-02-16 08:00:00+00:00,2.76,2.76,2.17,2.17,1711369.0
2024-02-16 12:00:00+00:00,2.17,2.63,2.1,2.55,635701.0
2024-02-16 16:00:00+00:00,2.55,2.56,2.54,2.55,655352.0
2024-02-16 20:00:00+00:00,2.55,2.55,2.18,2.19,2004284.0
2024-02-17 00:00:00+00:00,2.19,2.36,2.16,2.34,1316070.0
2024-02-17 04:00:00+00:00,2.34,2.45,2.33,2.41,1971520.0
2024-02-17 08:00:00+00:00,2.41,2.43,2.16,2.2,1550668.0
2024-02-17 12:00:00+00:00,2.2,2.23,2.19,2.22,637590.0
2024-02-17 16:00:00+00:00,2.22,2.22,2.1,2.1,785498.0
2024-02-17 20:00:00+00:00,2.1,2.2,2.02,2.13,1108826.0
2024-02-18 00:00:00+00:00,2.13,2.35,2.13,2.35,408272.0
2024-02-18 04:00:00+00:00,2.35,2.92,2.31,2.9,3960768.0
2024-02-18 08:00:00+00:00,2.9,2.95,2.35,2.37,1939792.0
2024-02-18 12:00:00+00:00,2.37,3.14,2.34,3.13,3622476.0
2024-02-18 16:00:00+00:00,3.13,3.14,2.2,2.21,851654.0
2024-02-18 20:00:00+00:00,2.21,2.22,2.16,2.16,1988229.0
2024-02-19 00:00:00+00:00,2.16,2.36,2.13,2.35,3861535.0
2024-02-19 04:00:00+00:00,2.35,2.5,2.31,2.45,582400.0
2024-02-19 08:00:00+00:00,2.45,2.54,2.18,2.22,1881687.0
2024-02-19 12:00:00+00:00,2.22,2.23,2.15,2.16,1093700.0
2024-02-19 16:00:00+00:00,2.16,2.16,1.99,2.0,564292.0
2024-02-19 20:00:00+00:00,2.0,2.07,1.78,1.82,1618472.0
2024-02-20 00:00:00+00:00,1.82,2.09,1.8,2.05,2097276.0
2024-02-20 04:00:00+00:00,2.05,2.23,2.03,2.16,859315.0
2024-02-20 08:00:00+00:00,2.16,2.17,1.93,1.94,2350240.0
2024-02-20 12:00:00+00:00,1.94,2.21,1.91,2.2,610351.0
2024-02-20 16:00:00+00:00,2.2,2.33,2.17,2.3,538865.0
2024-02-20 20:00:00+00:00,2.3,2.62,2.28,2.58,1461642.0
2024-02-21 00:00:00+00:00,2.58,2.84,2.57,2.82,1298930.0
2024-02-21 04:00:00+00:00,2.82,2.82,2.47,2.47,960234.0
2024-02-21 08:00:00+00:00,2.47,2.48,2.23,2.26,1878470.0
2024-02-21 12:00:00+00:00,2.26,2.52,2.26,2.51,1740957.0
2024-02-21 16:00:00+00:00,2.51,2.75,2.49,2.74,1955605.0
2024-02-21 20:00:00+00:00,2.74,2.83,2.65,2.73,950523.0
2024-02-22 00:00:00+00:00,2.73,2.8,2.73,2.78,1419769.0
2024-02-22 04:00:00+00:00,2.78,3.33,2.7,3.3,1250884.0
2024-02-22 08:00:00+00:00,3.3,3.31,3.0,3.01,3541002.0
2024-02-22 12:00:00+00:00,3.01,3.28,2.96,3.25,828797.0
2024-02-22 16:00:00+00:00,3.25,3.3,2.96,3.15,3131992.0
2024-02-22 20:00:00+00:00,3.15,3.16,3.04,3.05,1119553.0
2024-02-23 00:00:00+00:00,3.05,3.55,3.04,3.54,750081.0
2024-02-23 04:00:00+00:00,3.54,4.0,3.52,3.98,2713115.0
2024-02-23 08:00:00+00:00,3.98,4.47,3.98,4.46,1452091.0
2024-02-23 12:00:00+00:00,4.46,5.43,4.42,5.33,2425421.0
2024-02-23 16:00:00+00:00,5.33,5.55,5.27,5.34,1856257.0
2024-02-23 20:00:00+00:00,5.34,5.93,5.33,5.88,1538516.0
2024-02-24 00:00:00+00:00,5.88,5.89,5.58,5.6,849763.0
2024-02-24 04:00:00+00:00,5.6,5.91,5.58,5.86,1861383.0
2024-02-24 08:00:00+00:00,5.86,5.94,5.67,5.74,1062155.0
2024-02-24 12:00:00+00:00,5.74,5.82,5.74,5.82,1465769.0
2024-02-24 16:00:00+00:00,5.82,6.39,5.77,6.33,429818.0
2024-02-24 20:00:00+00:00,6.33,6.42,5.52,5.54,1715159.0
2024-02-25 00:00:00+00:00,5.54,7.33,5.47,7.28,1408303.0
2024-02-25 04:00:00+00:00,7.28,7.31,6.16,6.17,3328647.0
2024-02-25 08:00:00+00:00,6.17,6.22,4.96,5.04,2116668.0
2024-02-25 12:00:00+00:00,5.04,5.91,5.03,5.91,1710737.0
2024-02-25 16:00:00+00:00,5.91,6.62,5.9,6.6,1724704.0
2024-02-25 20:00:00+00:00,6.6,7.36,6.46,7.21,775124.0
2024-02-26 00:00:00+00:00,7.21,7.99,7.12,7.88,2879330.0
2024-02-26 04:00:00+00:00,7.88,7.89,7.85,7.86,2732330.0
2024-02-26 08:00:00+00:00,7.86,7.87,6.78,6.81,1706284.0
2024-02-26 12:00:00+00:00,6.81,6.88,6.78,6.87,2281345.0
2024-02-26 16:00:00+00:00,6.87,6.9,6.16,6.17,982421.0
2024-02-26 20:00:00+00:00,6.17,7.08,6.15,7.07,963034.0
2024-02-27 00:00:00+00:00,7.07,7.07,6.89,6.9,1092542.0
2024-02-27 04:00:00+00:00,6.9,6.92,5.98,6.04,1709486.0
2024-02-27 08:00:00+00:00,6.04,6.12,5.66,5.74,943498.0
2024-02-27 12:00:00+00:00,5.74,6.15,5.69,6.09,1545973.0
2024-02-27 16:00:00+00:00,6.09,6.17,5.52,5.56,1466311.0
2024-02-27 20:00:00+00:00,5.56,5.56,4.86,4.87,834313.0
2024-02-28 00:00:00+00:00,4.87,5.26,4.78,5.04,1432570.0
2024-02-28 04:00:00+00:00,5.04,5.3,4.94,5.22,1702918.0
2024-02-28 08:00:00+00:00,5.22,5.32,4.75,4.81,1342897.0
2024-02-28 12:00:00+00:00,4.81,4.92,4.41,4.46,2164592.0
2024-02-28 16:00:00+00:00,4.46,4.75,4.36,4.61,598445.0
2024-02-28 20:00:00+00:00,4.61,4.63,3.56,3.6,2092666.0
2024-02-29 00:00:00+00:00,3.6,3.62,2.84,2.84,912311.0
2024-02-29 04:00:00+00:00,2.84,2.86,2.5,2.53,760676.0
2024-02-29 08:00:00+00:00,2.53,2.58,2.43,2.44,802763.0
2024-02-29 12:00:00+00:00,2.44,2.6,2.42,2.55,708935.0
2024-02-29 16:00:00+00:00,2.55,3.14,2.54,3.12,1261754.0
2024-02-29 20:00:00+00:00,3.12,3.51,3.11,3.51,1241241.0
2024-03-01 00:00:00+00:00,3.51,3.53,3.41,3.42,1635881.0
2024-03-01 04:00:00+00:00,3.42,3.53,3.34,3.41,862677.0
2024-03-01 08:00:00+00:00,3.41,3.45,2.88,2.9,655904.0
2024-03-01 12:00:00+00:00,2.9,2.92,2.87,2.88,1790746.0
2024-03-01 16:00:00+00:00,2.88,2.89,2.74,2.76,745136.0
2024-03-01 20:00:00+00:00,2.76,2.89,2.74,2.89,1107918.0
2024-03-02 00:00:00+00:00,2.89,2.96,2.48,2.52,1720863.0
2024-03-02 04:00:00+00:00,2.52,2.74,2.49,2.72,1358513.0
2024-03-02 08:00:00+00:00,2.72,3.36,2.65,3.34,2912965.0
2024-03-02 12:00:00+00:00,3.34,3.37,3.27,3.28,1338093.0
2024-03-02 16:00:00+00:00,3.28,3.49,3.23,3.47,764344.0
2024-03-02 20:00:00+00:00,3.47,3.83,3.46,3.83,3883027.0
2024-03-03 00:00:00+00:00,3.83,3.9,3.57,3.59,1305478.0
2024-03-03 04:00:00+00:00,3.59,3.74,3.58,3.71,1018937.0
2024-03-03 08:00:00+00:00,3.71,3.72,3.67,3.71,1622009.0
2024-03-03 12:00:00+00:00,3.71,3.79,3.67,3.76,1177381.0
2024-03-03 16:00:00+00:00,3.76,3.92,3.29,3.33,1641118.0
2024-03-03 20:00:00+00:00,3.33,3.34,3.32,3.33,3501778.0
2024-03-04 00:00:00+00:00,3.33,3.64,3.28,3.58,1060546.0
2024-03-04 04:00:00+00:00,3.58,4.36,3.56,4.35,1407004.0
2024-03-04 08:00:00+00:00,4.35,4.99,4.32,4.97,1513704.0
2024-03-04 12:00:00+00:00,4.97,6.57,4.97,6.57,3358199.0
2024-03-04 16:00:00+00:00,6.57,6.6,5.79,5.8,635089.0
2024-03-04 20:00:00+00:00,5.8,6.6,5.76,6.56,519868.0
2024-03-05 00:00:00+00:00,6.56,6.73,6.55,6.73,804531.0
2024-03-05 04:00:00+00:00,6.73,9.0,6.69,8.93,875587.0
2024-03-05 08:00:00+00:00,8.93,9.26,7.72,7.84,1105480.0
2024-03-05 12:00:00+00:00,7.84,7.84,6.83,6.84,1775706.0
2024-03-05 16:00:00+00:00,6.84,6.9,6.09,6.22,815460.0
2024-03-05 20:00:00+00:00,6.22,6.25,4.21,4.23,959833.0
2024-03-06 00:00:00+00:00,4.23,4.27,3.85,3.89,1283487.0
2024-03-06 04:00:00+00:00,3.89,3.91,3.44,3.45,2069815.0
2024-03-06 08:00:00+00:00,3.45,3.53,3.44,3.52,456178.0
2024-03-06 12:00:00+00:00,3.52,3.7,3.51,3.7,1733680.0
2024-03-06 16:00:00+00:00,3.7,4.74,3.69,4.73,2770791.0
2024-03-06 20:00:00+00:00,4.73,5.41,4.72,5.41,2295746.0
2024-03-07 00:00:00+00:00,5.41,5.46,4.87,4.93,2321730.0
2024-03-07 04:00:00+00:00,4.93,5.05,4.19,4.26,4231439.0
2024-03-07 08:00:00+00:00,4.26,4.63,4.17,4.57,1019843.0
2024-03-07 12:00:00+00:00,4.57,4.65,3.64,3.66,1686759.0
2024-03-07 16:00:00+00:00,3.66,4.67,3.66,4.67,1479087.0
2024-03-07 20:00:00+00:00,4.67,5.51,4.65,5.49,1529615.0
2024-03-08 00:00:00+00:00,5.49,5.51,5.08,5.1,2612056.0
2024-03-08 04:00:00+00:00,5.1,5.11,3.77,3.78,905230.0
2024-03-08 08:00:00+00:00,3.78,4.58,3.76,4.55,1044634.0
2024-03-08 12:00:00+00:00,4.55,4.57,4.42,4.47,2098487.0
2024-03-08 16:00:00+00:00,4.47,5.31,4.44,5.29,2584518.0
2024-03-08 20:00:00+00:00,5.29,5.32,4.0,4.02,1434350.0
2024-03-09 00:00:00+00:00,4.02,4.06,3.57,3.65,1950104.0
2024-03-09 04:00:00+00:00,3.65,3.73,3.62,3.65,1186037.0
2024-03-09 08:00:00+00:00,3.65,3.69,3.65,3.68,2156345.0
2024-03-09 12:00:00+00:00,3.68,3.77,3.35,3.43,1244963.0
2024-03-09 16:00:00+00:00,3.43,3.9,3.36,3.75,2134217.0
2024-03-09 20:00:00+00:00,3.75,3.77,3.14,3.15,5555988.0
2024-03-10 00:00:00+00:00,3.15,3.16,3.06,3.08,1438032.0
2024-03-10 04:00:00+00:00,3.08,3.15,3.06,3.13,1078045.0
2024-03-10 08:00:00+00:00,3.13,3.47,3.05,3.37,1761836.0
2024-03-10 12:00:00+00:00,3.37,3.76,3.26,3.73,1097984.0
2024-03-10 16:00:00+00:00,3.73,3.73,3.09,3.09,4977722.0
2024-03-10 20:00:00+00:00,3.09,3.1,2.36,2.38,1852028.0
2024-03-11 00:00:00+00:00,2.38,2.87,2.37,2.83,1372116.0
2024-03-11 04:00:00+00:00,2.83,2.99,2.81,2.97,755475.0
2024-03-11 08:00:00+00:00,2.97,2.98,2.63,2.64,2317664.0
2024-03-11 12:00:00+00:00,2.64,3.31,2.58,3.25,2616260.0
2024-03-11 16:00:00+00:00,3.25,3.33,3.2,3.3,818684.0
2024-03-11 20:00:00+00:00,3.3,3.96,3.25,3.88,2035068.0
2024-03-12 00:00:00+00:00,3.88,4.03,3.84,3.92,483579.0
2024-03-12 04:00:00+00:00,3.92,5.19,3.87,5.11,2100999.0
2024-03-12 08:00:00+00:00,5.11,6.5,5.09,6.46,2241750.0
2024-03-12 12:00:00+00:00,6.46,6.49,6.13,6.21,2616761.0
2024-03-12 16:00:00+00:00,6.21,7.13,6.2,7.11,975954.0
2024-03-12 20:00:00+00:00,7.11,7.83,6.99,7.79,679738.0
2024-03-13 00:00:00+00:00,7.79,9.39,7.77,9.39,1031156.0
2024-03-13 04:00:00+00:00,9.39,9.53,7.95,8.02,736409.0
2024-03-13 08:00:00+00:00,8.02,8.87,8.0,8.84,2548460.0
2024-03-13 12:00:00+00:00,8.84,10.24,8.82,10.23,3196797.0
2024-03-13 16:00:00+00:00,10.23,10.24,7.5,7.53,2105492.0
2024-03-13 20:00:00+00:00,7.53,7.53,6.18,6.18,2827013.0
2024-03-14 00:00:00+00:00,6.18,6.28,4.24,4.29,2053327.0
2024-03-14 04:00:00+00:00,4.29,4.34,4.05,4.11,1071732.0
2024-03-14 08:00:00+00:00,4.11,4.57,4.07,4.55,1117643.0
2024-03-14 12:00:00+00:00,4.55,5.58,4.54,5.57,1432721.0
2024-03-14 16:00:00+00:00,5.57,5.63,5.56,5.63,475268.0
2024-03-14 20:00:00+00:00,5.63,6.99,5.62,6.98,1966040.0
2024-03-15 00:00:00+00:00,6.98,7.0,5.52,5.53,1591609.0
2024-03-15 04:00:00+00:00,5.53,5.67,4.03,4.11,2568751.0
2024-03-15 08:00:00+00:00,4.11,4.12,4.06,4.07,1077335.0
2024-03-15 12:00:00+00:00,4.07,4.32,4.06,4.3,1076594.0
2024-03-15 16:00:00+00:00,4.3,4.3,4.27,4.27,658507.0
2024-03-15 20:00:00+00:00,4.27,4.29,2.95,2.96,1992498.0
2024-03-16 00:00:00+00:00,2.96,2.99,2.9,2.92,1509406.0
2024-03-16 04:00:00+00:00,2.92,2.95,2.33,2.35,895651.0
2024-03-16 08:00:00+00:00,2.35,2.58,2.34,2.58,1355800.0
2024-03-16 12:00:00+00:00,2.58,2.72,2.58,2.72,1304830.0
2024-03-16 16:00:00+00:00,2.72,2.73,2.32,2.33,996329.0
2024-03-16 20:00:00+00:00,2.33,2.34,2.14,2.15,920532.0
2024-03-17 00:00:00+00:00,2.15,2.15,1.8,1.81,1661509.0
2024-03-17 04:00:00+00:00,1.81,1.88,1.75,1.79,585664.0
2024-03-17 08:00:00+00:00,1.79,2.05,1.76,2.04,1693450.0
2024-03-17 12:00:00+00:00,2.04,2.05,1.71,1.73,925282.0
2024-03-17 16:00:00+00:00,1.73,1.87,1.72,1.86,2079979.0
2024-03-17 20:00:00+00:00,1.86,1.88,1.71,1.71,4000561.0
2024-03-18 00:00:00+00:00,1.71,1.72,1.49,1.5,885180.0
2024-03-18 04:00:00+00:00,1.5,1.53,1.47,1.48,1375053.0
2024-03-18 08:00:00+00:00,1.48,1.49,1.23,1.25,1020895.0
2024-03-18 12:00:00+00:00,1.25,1.25,1.14,1.14,2110113.0
2024-03-18 16:00:00+00:00,1.14,1.15,0.93,0.93,820114.0
2024-03-18 20:00:00+00:00,0.93,1.21,0.93,1.21,2389584.0
2024-03-19 00:00:00+00:00,1.21,1.25,1.2,1.21,653280.0
2024-03-19 04:00:00+00:00,1.21,1.22,1.07,1.09,1186210.0
2024-03-19 08:00:00+00:00,1.09,1.13,1.08,1.12,651553.0
2024-03-19 12:00:00+00:00,1.12,1.12,1.1,1.1,1592945.0
2024-03-19 16:00:00+00:00,1.1,1.11,1.05,1.06,726795.0
2024-03-19 20:00:00+00:00,1.06,1.16,1.06,1.15,1674695.0
2024-03-20 00:00:00+00:00,1.15,1.29,1.15,1.28,1124160.0
2024-03-20 04:00:00+00:00,1.28,1.29,1.18,1.18,1175270.0
2024-03-20 08:00:00+00:00,1.18,1.2,1.06,1.08,1361988.0
2024-03-20 12:00:00+00:00,1.08,1.08,1.03,1.03,771887.0
2024-03-20 16:00:00+00:00,1.03,1.03,0.67,0.67,2268421.0
2024-03-20 20:00:00+00:00,0.67,0.69,0.51,0.52,3628133.0
2024-03-21 00:00:00+00:00,0.52,0.62,0.52,0.62,1090301.0
2024-03-21 04:00:00+00:00,0.62,0.78,0.62,0.77,3115089.0
2024-03-21 08:00:00+00:00,0.77,0.78,0.74,0.74,2365684.0
2024-03-21 12:00:00+00:00,0.74,0.81,0.74,0.81,833080.0
2024-03-21 16:00:00+00:00,0.81,0.85,0.79,0.84,547551.0
2024-03-21 20:00:00+00:00,0.84,1.23,0.84,1.23,2766421.0
2024-03-22 00:00:00+00:00,1.23,1.44,1.22,1.43,1138530.0
2024-03-22 04:00:00+00:00,1.43,1.45,1.39,1.4,2709599.0
2024-03-22 08:00:00+00:00,1.4,1.41,1.18,1.2,1461218.0
2024-03-22 12:00:00+00:00,1.2,1.21,0.89,0.91,1158383.0
2024-03-22 16:00:00+00:00,0.91,0.93,0.9,0.93,611047.0
2024-03-22 20:00:00+00:00,0.93,0.93,0.82,0.82,2324023.0
2024-03-23 00:00:00+00:00,0.82,0.84,0.64,0.65,1238110.0
2024-03-23 04:00:00+00:00,0.65,0.65,0.58,0.58,1327155.0
2024-03-23 08:00:00+00:00,0.58,0.6,0.48,0.49,2409681.0
2024-03-23 12:00:00+00:00,0.49,0.62,0.48,0.61,1374953.0
2024-03-23 16:00:00+00:00,0.61,0.7,0.59,0.69,1357551.0
2024-03-23 20:00:00+00:00,0.69,0.69,0.68,0.68,1002964.0
2024-03-24 00:00:00+00:00,0.68,0.83,0.68,0.83,2320280.0
2024-03-24 04:00:00+00:00,0.83,0.86,0.82,0.84,1379860.0
2024-03-24 08:00:00+00:00,0.84,0.84,0.73,0.73,1246348.0
2024-03-24 12:00:00+00:00,0.73,0.9,0.73,0.9,1731681.0
2024-03-24 16:00:00+00:00,0.9,0.99,0.89,0.97,1025076.0
2024-03-24 20:00:00+00:00,0.97,0.98,0.79,0.81,704504.0
2024-03-25 00:00:00+00:00,0.81,0.82,0.79,0.79,1244127.0
2024-03-25 04:00:00+00:00,0.79,0.79,0.68,0.68,3611542.0
2024-03-25 08:00:00+00:00,0.68,0.69,0.54,0.54,1048130.0
2024-03-25 12:00:00+00:00,0.54,0.62,0.53,0.61,956986.0
2024-03-25 16:00:00+00:00,0.61,0.8,0.59,0.79,1197622.0
2024-03-25 20:00:00+00:00,0.79,0.79,0.62,0.62,2352717.0
2024-03-26 00:00:00+00:00,0.62,0.67,0.62,0.67,1557952.0
2024-03-26 04:00:00+00:00,0.67,0.69,0.59,0.6,1201998.0
2024-03-26 08:00:00+00:00,0.6,0.6,0.55,0.56,775729.0
2024-03-26 12:00:00+00:00,0.56,0.56,0.5,0.51,1335256.0
2024-03-26 16:00:00+00:00,0.51,0.52,0.42,0.44,639015.0
2024-03-26 20:00:00+00:00,0.44,0.44,0.44,0.44,1088746.0
2024-03-27 00:00:00+00:00,0.44,0.45,0.38,0.38,2129420.0
2024-03-27 04:00:00+00:00,0.38,0.4,0.38,0.4,595530.0
2024-03-27 08:00:00+00:00,0.4,0.4,0.39,0.4,479178.0
2024-03-27 12:00:00+00:00,0.4,0.4,0.37,0.38,2455905.0
2024-03-27 16:00:00+00:00,0.38,0.38,0.33,0.33,1043461.0
2024-03-27 20:00:00+00:00,0.33,0.34,0.28,0.3,2237559.0
2024-03-28 00:00:00+00:00,0.3,0.33,0.3,0.33,1232848.0
2024-03-28 04:00:00+00:00,0.33,0.36,0.33,0.35,1122366.0
2024-03-28 08:00:00+00:00,0.35,0.36,0.3,0.3,1803206.0
2024-03-28 12:00:00+00:00,0.3,0.31,0.3,0.31,666128.0
2024-03-28 16:00:00+00:00,0.31,0.34,0.3,0.34,1417810.0
2024-03-28 20:00:00+00:00,0.34,0.34,0.25,0.25,1453946.0
2024-03-29 00:00:00+00:00,0.25,0.27,0.25,0.27,638821.0
2024-03-29 04:00:00+00:00,0.27,0.27,0.24,0.25,1546485.0
2024-03-29 08:00:00+00:00,0.25,0.27,0.24,0.27,1094612.0
2024-03-29 12:00:00+00:00,0.27,0.27,0.23,0.23,1249493.0
2024-03-29 16:00:00+00:00,0.23,0.24,0.17,0.17,993897.0
2024-03-29 20:00:00+00:00,0.17,0.17,0.13,0.13,3856628.0
2024-03-30 00:00:00+00:00,0.13,0.13,0.13,0.13,1571446.0
2024-03-30 04:00:00+00:00,0.13,0.14,0.13,0.13,1793434.0
2024-03-30 08:00:00+00:00,0.13,0.13,0.11,0.12,1212821.0
2024-03-30 12:00:00+00:00,0.12,0.13,0.12,0.13,539027.0
2024-03-30 16:00:00+00:00,0.13,0.13,0.09,0.09,4660401.0
2024-03-30 20:00:00+00:00,0.09,0.1,0.09,0.09,1006069.0
2024-03-31 00:00:00+00:00,0.09,0.09,0.08,0.08,1064457.0
2024-03-31 04:00:00+00:00,0.08,0.08,0.07,0.07,1602078.0
2024-03-31 08:00:00+00:00,0.07,0.07,0.07,0.07,1817588.0
2024-03-31 12:00:00+00:00,0.07,0.07,0.06,0.06,1373212.0
2024-03-31 16:00:00+00:00,0.06,0.06,0.06,0.06,2236522.0
2024-03-31 20:00:00+00:00,0.06,0.07,0.06,0.06,2484795.0
2024-04-01 00:00:00+00:00,0.06,0.07,0.06,0.06,739382.0
2024-04-01 04:00:00+00:00,0.06,0.07,0.06,0.07,977642.0
2024-04-01 08:00:00+00:00,0.07,0.07,0.05,0.05,2445410.0
2024-04-01 12:00:00+00:00,0.05,0.06,0.05,0.06,317337.0
2024-04-01 16:00:00+00:00,0.06,0.07,0.06,0.07,1524007.0
2024-04-01 20:00:00+00:00,0.07,0.07,0.04,0.04,1035959.0
2024-04-02 00:00:00+00:00,0.04,0.04,0.04,0.04,1075455.0
2024-04-02 04:00:00+00:00,0.04,0.04,0.04,0.04,1079611.0
2024-04-02 08:00:00+00:00,0.04,0.04,0.04,0.04,917380.0
2024-04-02 12:00:00+00:00,0.04,0.04,0.04,0.04,880998.0
2024-04-02 16:00:00+00:00,0.04,0.04,0.04,0.04,738111.0
2024-04-02 20:00:00+00:00,0.04,0.04,0.04,0.04,3250447.0
2024-04-03 00:00:00+00:00,0.04,0.04,0.04,0.04,2734420.0
2024-04-03 04:00:00+00:00,0.04,0.05,0.04,0.05,847951.0
2024-04-03 08:00:00+00:00,0.05,0.05,0.04,0.05,2446835.0
2024-04-03 12:00:00+00:00,0.05,0.05,0.05,0.05,939236.0
2024-04-03 16:00:00+00:00,0.05,0.05,0.05,0.05,1269668.0
2024-04-03 20:00:00+00:00,0.05,0.05,0.04,0.04,1186062.0
2024-04-04 00:00:00+00:00,0.04,0.04,0.04,0.04,862293.0
2024-04-04 04:00:00+00:00,0.04,0.04,0.04,0.04,1918441.0
2024-04-04 08:00:00+00:00,0.04,0.04,0.04,0.04,1271332.0
2024-04-04 12:00:00+00:00,0.04,0.04,0.04,0.04,887438.0
2024-04-04 16:00:00+00:00,0.04,0.05,0.04,0.05,1005181.0
2024-04-04 20:00:00+00:00,0.05,0.06,0.05,0.06,887938.0
2024-04-05 00:00:00+00:00,0.06,0.06,0.06,0.06,506348.0
2024-04-05 04:00:00+00:00,0.06,0.07,0.06,0.07,1546370.0
2024-04-05 08:00:00+00:00,0.07,0.07,0.06,0.06,652573.0
2024-04-05 12:00:00+00:00,0.06,0.06,0.04,0.04,1681663.0
2024-04-05 16:00:00+00:00,0.04,0.04,0.04,0.04,2890089.0
2024-04-05 20:00:00+00:00,0.04,0.04,0.03,0.03,3360377.0
2024-04-06 00:00:00+00:00,0.03,0.03,0.03,0.03,1142449.0
2024-04-06 04:00:00+00:00,0.03,0.03,0.03,0.03,962737.0
2024-04-06 08:00:00+00:00,0.03,0.03,0.03,0.03,4454606.0
2024-04-06 12:00:00+00:00,0.03,0.03,0.03,0.03,1485168.0
2024-04-06 16:00:00+00:00,0.03,0.03,0.03,0.03,934434.0
2024-04-06 20:00:00+00:00,0.03,0.04,0.03,0.04,672077.0
2024-04-07 00:00:00+00:00,0.04,0.04,0.02,0.02,2431655.0
2024-04-07 04:00:00+00:00,0.02,0.03,0.02,0.03,1671609.0
2024-04-07 08:00:00+00:00,0.03,0.03,0.02,0.03,980910.0
2024-04-07 12:00:00+00:00,0.03,0.03,0.02,0.02,1928160.0
2024-04-07 16:00:00+00:00,0.02,0.03,0.02,0.03,1261756.0
2024-04-07 20:00:00+00:00,0.03,0.03,0.03,0.03,1049882.0
2024-04-08 00:00:00+00:00,0.03,0.03,0.03,0.03,342444.0
2024-04-08 04:00:00+00:00,0.03,0.03,0.02,0.03,1149029.0
2024-04-08 08:00:00+00:00,0.03,0.04,0.03,0.04,3281382.0
2024-04-08 12:00:00+00:00,0.04,0.04,0.04,0.04,788449.0
2024-04-08 16:00:00+00:00,0.04,0.04,0.04,0.04,1140699.0
2024-04-08 20:00:00+00:00,0.04,0.04,0.04,0.04,827196.0
2024-04-09 00:00:00+00:00,0.04,0.04,0.03,0.03,1655804.0
2024-04-09 04:00:00+00:00,0.03,0.04,0.03,0.04,1232542.0
2024-04-09 08:00:00+00:00,0.04,0.04,0.03,0.03,866140.0
2024-04-09 12:00:00+00:00,0.03,0.03,0.03,0.03,2009806.0
2024-04-09 16:00:00+00:00,0.03,0.03,0.03,0.03,1929632.0
2024-04-09 20:00:00+00:00,0.03,0.03,0.03,0.03,898515.0
2024-04-10 00:00:00+00:00,0.03,0.03,0.03,0.03,1475728.0
2024-04-10 04:00:00+00:00,0.03,0.04,0.03,0.04,1919793.0
2024-04-10 08:00:00+00:00,0.04,0.04,0.04,0.04,1694247.0
2024-04-10 12:00:00+00:00,0.04,0.04,0.03,0.03,480377.0
2024-04-10 16:00:00+00:00,0.03,0.03,0.03,0.03,2381326.0
2024-04-10 20:00:00+00:00,0.03,0.03,0.03,0.03,901778.0
2024-04-11 00:00:00+00:00,0.03,0.03,0.03,0.03,979037.0
2024-04-11 04:00:00+00:00,0.03,0.03,0.03,0.03,5017621.0
2024-04-11 08:00:00+00:00,0.03,0.03,0.03,0.03,1644049.0
2024-04-11 12:00:00+00:00,0.03,0.03,0.03,0.03,1148044.0
2024-04-11 16:00:00+00:00,0.03,0.04,0.03,0.04,534994.0
2024-04-11 20:00:00+00:00,0.04,0.04,0.04,0.04,2379251.0
2024-04-12 00:00:00+00:00,0.04,0.05,0.04,0.05,942237.0
2024-04-12 04:00:00+00:00,0.05,0.05,0.04,0.05,815307.0
2024-04-12 08:00:00+00:00,0.05,0.05,0.04,0.04,1320414.0
2024-04-12 12:00:00+00:00,0.04,0.04,0.03,0.03,3651775.0
2024-04-12 16:00:00+00:00,0.03,0.03,0.03,0.03,2465765.0
2024-04-12 20:00:00+00:00,0.03,0.04,0.03,0.04,1198047.0
2024-04-13 00:00:00+00:00,0.04,0.04,0.04,0.04,1193481.0
2024-04-13 04:00:00+00:00,0.04,0.04,0.04,0.04,834455.0
2024-04-13 08:00:00+00:00,0.04,0.04,0.03,0.03,1613126.0
2024-04-13 12:00:00+00:00,0.03,0.04,0.03,0.04,2181319.0
2024-04-13 16:00:00+00:00,0.04,0.05,0.04,0.04,1721205.0
2024-04-13 20:00:00+00:00,0.04,0.04,0.04,0.04,1705182.0
2024-04-14 00:00:00+00:00,0.04,0.05,0.04,0.05,1697897.0
2024-04-14 04:00:00+00:00,0.05,0.05,0.05,0.05,1016857.0
2024-04-14 08:00:00+00:00,0.05,0.06,0.05,0.05,1598537.0
2024-04-14 12:00:00+00:00,0.05,0.06,0.05,0.05,1292449.0
2024-04-14 16:00:00+00:00,0.05,0.05,0.05,0.05,707150.0
2024-04-14 20:00:00+00:00,0.05,0.07,0.05,0.07,1511685.0
2024-04-15 00:00:00+00:00,0.07,0.08,0.07,0.08,1677381.0
2024-04-15 04:00:00+00:00,0.08,0.1,0.08,0.1,2710495.0
2024-04-15 08:00:00+00:00,0.1,0.1,0.09,0.09,1119855.0
2024-04-15 12:00:00+00:00,0.09,0.09,0.08,0.08,788159.0
2024-04-15 16:00:00+00:00,0.08,0.08,0.08,0.08,1084341.0
2024-04-15 20:00:00+00:00,0.08,0.08,0.08,0.08,1087540.0
2024-04-16 00:00:00+00:00,0.08,0.09,0.08,0.09,1632731.0
2024-04-16 04:00:00+00:00,0.09,0.09,0.07,0.07,2786198.0
2024-04-16 08:00:00+00:00,0.07,0.08,0.07,0.08,2814348.0
2024-04-16 12:00:00+00:00,0.08,0.08,0.08,0.08,793851.0
2024-04-16 16:00:00+00:00,0.08,0.08,0.07,0.08,873905.0
2024-04-16 20:00:00+00:00,0.08,0.08,0.06,0.06,863660.0
2024-04-17 00:00:00+00:00,0.06,0.06,0.05,0.05,2470682.0
2024-04-17 04:00:00+00:00,0.05,0.05,0.05,0.05,2833222.0
2024-04-17 08:00:00+00:00,0.05,0.06,0.05,0.05,884620.0
2024-04-17 12:00:00+00:00,0.05,0.06,0.04,0.04,1393989.0
2024-04-17 16:00:00+00:00,0.04,0.04,0.04,0.04,3290290.0
2024-04-17 20:00:00+00:00,0.04,0.04,0.03,0.03,1478923.0
2024-04-18 00:00:00+00:00,0.03,0.04,0.03,0.04,2180949.0
2024-04-18 04:00:00+00:00,0.04,0.04,0.04,0.04,614352.0
2024-04-18 08:00:00+00:00,0.04,0.04,0.03,0.03,2350352.0
2024-04-18 12:00:00+00:00,0.03,0.03,0.03,0.03,696383.0
2024-04-18 16:00:00+00:00,0.03,0.03,0.03,0.03,635480.0
2024-04-18 20:00:00+00:00,0.03,0.03,0.02,0.02,1859247.0
2024-04-19 00:00:00+00:00,0.02,0.02,0.02,0.02,762600.0
2024-04-19 04:00:00+00:00,0.02,0.02,0.02,0.02,985003.0
2024-04-19 08:00:00+00:00,0.02,0.02,0.02,0.02,639366.0
2024-04-19 12:00:00+00:00,0.02,0.02,0.02,0.02,2962515.0
2024-04-19 16:00:00+00:00,0.02,0.03,0.02,0.03,2652160.0
2024-04-19 20:00:00+00:00,0.03,0.03,0.03,0.03,422589.0
2024-04-20 00:00:00+00:00,0.03,0.03,0.02,0.02,2439806.0
2024-04-20 04:00:00+00:00,0.02,0.03,0.02,0.03,1440333.0
2024-04-20 08:00:00+00:00,0.03,0.03,0.03,0.03,1578927.0
2024-04-20 12:00:00+00:00,0.03,0.03,0.03,0.03,974255.0
2024-04-20 16:00:00+00:00,0.03,0.03,0.03,0.03,1023289.0
2024-04-20 20:00:00+00:00,0.03,0.03,0.03,0.03,991754.0
2024-04-21 00:00:00+00:00,0.03,0.03,0.03,0.03,1945733.0
2024-04-21 04:00:00+00:00,0.03,0.03,0.03,0.03,672411.0
2024-04-21 08:00:00+00:00,0.03,0.03,0.03,0.03,1686267.0
2024-04-21 12:00:00+00:00,0.03,0.03,0.03,0.03,1756998.0
2024-04-21 16:00:00+00:00,0.03,0.03,0.02,0.02,1773367.0
2024-04-21 20:00:00+00:00,0.02,0.02,0.02,0.02,4217907.0
2024-04-22 00:00:00+00:00,0.02,0.02,0.02,0.02,805591.0
2024-04-22 04:00:00+00:00,0.02,0.02,0.02,0.02,1795534.0
2024-04-22 08:00:00+00:00,0.02,0.03,0.02,0.03,1591594.0
2024-04-22 12:00:00+00:00,0.03,0.03,0.02,0.02,4060384.0
2024-04-22 16:00:00+00:00,0.02,0.02,0.02,0.02,1486873.0
2024-04-22 20:00:00+00:00,0.02,0.02,0.02,0.02,1286734.0
2024-04-23 00:00:00+00:00,0.02,0.02,0.01,0.01,3711463.0
2024-04-23 04:00:00+00:00,0.01,0.02,0.01,0.01,901676.0
2024-04-23 08:00:00+00:00,0.01,0.01,0.01,0.01,575284.0
2024-04-23 12:00:00+00:00,0.01,0.01,0.01,0.01,1260451.0
2024-04-23 16:00:00+00:00,0.01,0.01,0.01,0.01,1838115.0
2024-04-23 20:00:00+00:00,0.01,0.01,0.01,0.01,3005791.0
2024-04-24 00:00:00+00:00,0.01,0.01,0.01,0.01,1891923.0
2024-04-24 04:00:00+00:00,0.01,0.01,0.01,0.01,2749126.0
2024-04-24 08:00:00+00:00,0.01,0.01,0.01,0.01,797782.0
2024-04-24 12:00:00+00:00,0.01,0.01,0.01,0.01,1062258.0
2024-04-24 16:00:00+00:00,0.01,0.01,0.01,0.01,1304546.0
2024-04-24 20:00:00+00:00,0.01,0.01,0.01,0.01,1166261.0
2024-04-25 00:00:00+00:00,0.01,0.01,0.01,0.01,1273663.0
2024-04-25 04:00:00+00:00,0.01,0.01,0.01,0.01,2188132.0
2024-04-25 08:00:00+00:00,0.01,0.01,0.01,0.01,1058237.0
2024-04-25 12:00:00+00:00,0.01,0.01,0.01,0.01,1186894.0
2024-04-25 16:00:00+00:00,0.01,0.01,0.01,0.01,1141673.0
2024-04-25 20:00:00+00:00,0.01,0.01,0.01,0.01,831391.0
2024-04-26 00:00:00+00:00,0.01,0.01,0.01,0.01,1134505.0
2024-04-26 04:00:00+00:00,0.01,0.01,0.01,0.01,1081001.0
2024-04-26 08:00:00+00:00,0.01,0.01,0.01,0.01,1401996.0
2024-04-26 12:00:00+00:00,0.01,0.01,0.01,0.01,1509327.0
2024-04-26 16:00:00+00:00,0.01,0.01,0.01,0.01,1327392.0
2024-04-26 20:00:00+00:00,0.01,0.01,0.01,0.01,1021391.0
2024-04-27 00:00:00+00:00,0.01,0.01,0.01,0.01,2150997.0
2024-04-27 04:00:00+00:00,0.01,0.01,0.01,0.01,639570.0
2024-04-27 08:00:00+00:00,0.01,0.01,0.01,0.01,1089256.0
2024-04-27 12:00:00+00:00,0.01,0.01,0.01,0.01,5688180.0
2024-04-27 16:00:00+00:00,0.01,0.01,0.01,0.01,644028.0
2024-04-27 20:00:00+00:00,0.01,0.01,0.01,0.01,627213.0
2024-04-28 00:00:00+00:00,0.01,0.01,0.01,0.01,2126812.0
2024-04-28 04:00:00+00:00,0.01,0.01,0.01,0.01,465765.0
2024-04-28 08:00:00+00:00,0.01,0.01,0.01,0.01,1451478.0
2024-04-28 12:00:00+00:00,0.01,0.01,0.01,0.01,4968596.0
2024-04-28 16:00:00+00:00,0.01,0.01,0.01,0.01,588384.0
2024-04-28 20:00:00+00:00,0.01,0.01,0.01,0.01,584638.0
2024-04-29 00:00:00+00:00,0.01,0.01,0.01,0.01,846331.0
2024-04-29 04:00:00+00:00,0.01,0.01,0.01,0.01,3033024.0
2024-04-29 08:00:00+00:00,0.01,0.01,0.01,0.01,3096967.0
2024-04-29 12:00:00+00:00,0.01,0.01,0.01,0.01,848520.0
2024-04-29 16:00:00+00:00,0.01,0.01,0.01,0.01,1466339.0
2024-04-29 20:00:00+00:00,0.01,0.01,0.01,0.01,2488642.0
2024-04-30 00:00:00+00:00,0.01,0.01,0.01,0.01,2887034.0
2024-04-30 04:00:00+00:00,0.01,0.01,0.01,0.01,897600.0
2024-04-30 08:00:00+00:00,0.01,0.01,0.01,0.01,471962.0
2024-04-30 12:00:00+00:00,0.01,0.01,0.01,0.01,698664.0
2024-04-30 16:00:00+00:00,0.01,0.01,0.01,0.01,863734.0
2024-04-30 20:00:00+00:00,0.01,0.01,0.01,0.01,1019811.0
2024-05-01 00:00:00+00:00,0.01,0.01,0.01,0.01,931813.0
2024-05-01 04:00:00+00:00,0.01,0.01,0.01,0.01,1993008.0
2024-05-01 08:00:00+00:00,0.01,0.01,0.01,0.01,3342455.0
2024-05-01 12:00:00+00:00,0.01,0.01,0.0,0.0,1472419.0
2024-05-01 16:00:00+00:00,0.0,0.01,0.0,0.01,2315344.0
2024-05-01 20:00:00+00:00,0.01,0.01,0.01,0.01,1290718.0
2024-05-02 00:00:00+00:00,0.01,0.01,0.0,0.01,1115639.0
2024-05-02 04:00:00+00:00,0.01,0.01,0.01,0.01,1590685.0
2024-05-02 08:00:00+00:00,0.01,0.01,0.0,0.01,1199498.0
2024-05-02 12:00:00+00:00,0.01,0.01,0.0,0.0,3469635.0
2024-05-02 16:00:00+00:00,0.0,0.0,0.0,0.0,656315.0
2024-05-02 20:00:00+00:00,0.0,0.0,0.0,0.0,843393.0
2024-05-03 00:00:00+00:00,0.0,0.0,0.0,0.0,1349015.0
2024-05-03 04:00:00+00:00,0.0,0.0,0.0,0.0,1478660.0
2024-05-03 08:00:00+00:00,0.0,0.0,0.0,0.0,3323036.0
2024-05-03 12:00:00+00:00,0.0,0.0,0.0,0.0,1448817.0
2024-05-03 16:00:00+00:00,0.0,0.0,0.0,0.0,597300.0
2024-05-03 20:00:00+00:00,0.0,0.0,0.0,0.0,1705088.0
2024-05-04 00:00:00+00:00,0.0,0.0,0.0,0.0,2109178.0
2024-05-04 04:00:00+00:00,0.0,0.01,0.0,0.01,664064.0
2024-05-04 08:00:00+00:00,0.01,0.01,0.01,0.01,1457735.0
2024-05-04 12:00:00+00:00,0.01,0.01,0.0,0.0,823731.0
2024-05-04 16:00:00+00:00,0.0,0.0,0.0,0.0,1127188.0
2024-05-04 20:00:00+00:00,0.0,0.0,0.0,0.0,812964.0
2024-05-05 00:00:00+00:00,0.0,0.0,0.0,0.0,1523112.0
2024-05-05 04:00:00+00:00,0.0,0.0,0.0,0.0,1308801.0
2024-05-05 08:00:00+00:00,0.0,0.0,0.0,0.0,695047.0
2024-05-05 12:00:00+00:00,0.0,0.0,0.0,0.0,1690824.0
2024-05-05 16:00:00+00:00,0.0,0.0,0.0,0.0,651796.0
2024-05-05 20:00:00+00:00,0.0,0.0,0.0,0.0,1497999.0
2024-05-06 00:00:00+00:00,0.0,0.0,0.0,0.0,1083508.0
2024-05-06 04:00:00+00:00,0.0,0.0,0.0,0.0,1174479.0
2024-05-06 08:00:00+00:00,0.0,0.0,0.0,0.0,2062419.0
2024-05-06 12:00:00+00:00,0.0,0.0,0.0,0.0,1860566.0
2024-05-06 16:00:00+00:00,0.0,0.0,0.0,0.0,2887593.0
2024-05-06 20:00:00+00:00,0.0,0.0,0.0,0.0,1364131.0
2024-05-07 00:00:00+00:00,0.0,0.0,0.0,0.0,2553239.0
2024-05-07 04:00:00+00:00,0.0,0.0,0.0,0.0,986652.0
2024-05-07 08:00:00+00:00,0.0,0.0,0.0,0.0,1193129.0
2024-05-07 12:00:00+00:00,0.0,0.0,0.0,0.0,1719106.0
2024-05-07 16:00:00+00:00,0.0,0.0,0.0,0.0,1258155.0
2024-05-07 20:00:00+00:00,0.0,0.0,0.0,0.0,508282.0
2024-05-08 00:00:00+00:00,0.0,0.0,0.0,0.0,1252886.0
2024-05-08 04:00:00+00:00,0.0,0.0,0.0,0.0,2586289.0
2024-05-08 08:00:00+00:00,0.0,0.0,0.0,0.0,737601.0
2024-05-08 12:00:00+00:00,0.0,0.0,0.0,0.0,799564.0
2024-05-08 16:00:00+00:00,0.0,0.0,0.0,0.0,2738711.0
2024-05-08 20:00:00+00:00,0.0,0.0,0.0,0.0,1289521.0
2024-05-09 00:00:00+00:00,0.0,0.0,0.0,0.0,1598383.0
2024-05-09 04:00:00+00:00,0.0,0.0,0.0,0.0,721988.0
2024-05-09 08:00:00+00:00,0.0,0.0,0.0,0.0,1208775.0
2024-05-09 12:00:00+00:00,0.0,0.0,0.0,0.0,2543372.0
2024-05-09 16:00:00+00:00,0.0,0.0,0.0,0.0,1334214.0
2024-05-09 20:00:00+00:00,0.0,0.0,0.0,0.0,981318.0
2024-05-10 00:00:00+00:00,0.0,0.0,0.0,0.0,1865030.0
2024-05-10 04:00:00+00:00,0.0,0.01,0.0,0.01,856990.0
2024-05-10 08:00:00+00:00,0.01,0.01,0.0,0.0,3597491.0
2024-05-10 12:00:00+00:00,0.0,0.0,0.0,0.0,2594485.0
2024-05-10 16:00:00+00:00,0.0,0.0,0.0,0.0,873690.0
2024-05-10 20:00:00+00:00,0.0,0.0,0.0,0.0,748740.0
2024-05-11 00:00:00+00:00,0.0,0.0,0.0,0.0,346906.0
2024-05-11 04:00:00+00:00,0.0,0.0,0.0,0.0,518838.0
2024-05-11 08:00:00+00:00,0.0,0.0,0.0,0.0,815110.0
2024-05-11 12:00:00+00:00,0.0,0.0,0.0,0.0,1262046.0
2024-05-11 16:00:00+00:00,0.0,0.0,0.0,0.0,1090143.0
2024-05-11 20:00:00+00:00,0.0,0.0,0.0,0.0,643282.0
2024-05-12 00:00:00+00:00,0.0,0.0,0.0,0.0,1298916.0
2024-05-12 04:00:00+00:00,0.0,0.01,0.0,0.01,1781761.0
2024-05-12 08:00:00+00:00,0.01,0.01,0.01,0.01,1582411.0
2024-05-12 12:00:00+00:00,0.01,0.01,0.01,0.01,395631.0
2024-05-12 16:00:00+00:00,0.01,0.01,0.0,0.0,1622511.0
2024-05-12 20:00:00+00:00,0.0,0.0,0.0,0.0,601963.0
2024-05-13 00:00:00+00:00,0.0,0.0,0.0,0.0,1730260.0
2024-05-13 04:00:00+00:00,0.0,0.0,0.0,0.0,1674057.0
2024-05-13 08:00:00+00:00,0.0,0.0,0.0,0.0,999283.0
2024-05-13 12:00:00+00:00,0.0,0.0,0.0,0.0,1007400.0
2024-05-13 16:00:00+00:00,0.0,0.0,0.0,0.0,1177421.0
2024-05-13 20:00:00+00:00,0.0,0.0,0.0,0.0,327074.0
2024-05-14 00:00:00+00:00,0.0,0.0,0.0,0.0,1550929.0
2024-05-14 04:00:00+00:00,0.0,0.0,0.0,0.0,891390.0
2024-05-14 08:00:00+00:00,0.0,0.0,0.0,0.0,1660321.0
2024-05-14 12:00:00+00:00,0.0,0.01,0.0,0.0,821044.0
2024-05-14 16:00:00+00:00,0.0,0.0,0.0,0.0,897622.0
2024-05-14 20:00:00+00:00,0.0,0.0,0.0,0.0,495384.0
2024-05-15 00:00:00+00:00,0.0,0.0,0.0,0.0,725118.0
2024-05-15 04:00:00+00:00,0.0,0.0,0.0,0.0,657148.0
2024-05-15 08:00:00+00:00,0.0,0.0,0.0,0.0,1859792.0
2024-05-15 12:00:00+00:00,0.0,0.0,0.0,0.0,782011.0
2024-05-15 16:00:00+00:00,0.0,0.0,0.0,0.0,1283962.0
2024-05-15 20:00:00+00:00,0.0,0.0,0.0,0.0,1300989.0
2024-05-16 00:00:00+00:00,0.0,0.0,0.0,0.0,738867.0
2024-05-16 04:00:00+00:00,0.0,0.0,0.0,0.0,988653.0
2024-05-16 08:00:00+00:00,0.0,0.0,0.0,0.0,1604648.0
2024-05-16 12:00:00+00:00,0.0,0.0,0.0,0.0,907325.0
2024-05-16 16:00:00+00:00,0.0,0.0,0.0,0.0,1643905.0
2024-05-16 20:00:00+00:00,0.0,0.01,0.0,0.01,962976.0
2024-05-17 00:00:00+00:00,0.01,0.01,0.0,0.0,1303968.0
2024-05-17 04:00:00+00:00,0.0,0.0,0.0,0.0,1471378.0
2024-05-17 08:00:00+00:00,0.0,0.0,0.0,0.0,1010905.0
2024-05-17 12:00:00+00:00,0.0,0.0,0.0,0.0,1064996.0
2024-05-17 16:00:00+00:00,0.0,0.01,0.0,0.01,1268248.0
2024-05-17 20:00:00+00:00,0.01,0.01,0.01,0.01,1306635.0
2024-05-18 00:00:00+00:00,0.01,0.01,0.01,0.01,499380.0
2024-05-18 04:00:00+00:00,0.01,0.01,0.01,0.01,818114.0
2024-05-18 08:00:00+00:00,0.01,0.01,0.01,0.01,1572333.0
2024-05-18 12:00:00+00:00,0.01,0.01,0.01,0.01,2003569.0
2024-05-18 16:00:00+00:00,0.01,0.01,0.01,0.01,1053917.0
2024-05-18 20:00:00+00:00,0.01,0.01,0.01,0.01,1520881.0
2024-05-19 00:00:00+00:00,0.01,0.01,0.01,0.01,1422913.0
2024-05-19 04:00:00+00:00,0.01,0.01,0.01,0.01,1671449.0
2024-05-19 08:00:00+00:00,0.01,0.01,0.01,0.01,406245.0
2024-05-19 12:00:00+00:00,0.01,0.01,0.01,0.01,1026058.0
2024-05-19 16:00:00+00:00,0.01,0.01,0.01,0.01,1191015.0
2024-05-19 20:00:00+00:00,0.01,0.01,0.01,0.01,2053877.0
2024-05-20 00:00:00+00:00,0.01,0.01,0.0,0.01,4669322.0
2024-05-20 04:00:00+00:00,0.01,0.01,0.0,0.0,900331.0
2024-05-20 08:00:00+00:00,0.0,0.01,0.0,0.01,549433.0
2024-05-20 12:00:00+00:00,0.01,0.01,0.01,0.01,2079745.0
2024-05-20 16:00:00+00:00,0.01,0.01,0.01,0.01,2793426.0
2024-05-20 20:00:00+00:00,0.01,0.01,0.01,0.01,1529421.0
2024-05-21 00:00:00+00:00,0.01,0.01,0.01,0.01,692933.0
2024-05-21 04:00:00+00:00,0.01,0.01,0.01,0.01,1641006.0
2024-05-21 08:00:00+00:00,0.01,0.01,0.01,0.01,1818992.0
2024-05-21 12:00:00+00:00,0.01,0.01,0.01,0.01,897813.0
2024-05-21 16:00:00+00:00,0.01,0.01,0.01,0.01,1424913.0
2024-05-21 20:00:00+00:00,0.01,0.01,0.01,0.01,1778501.0
2024-05-22 00:00:00+00:00,0.01,0.01,0.01,0.01,2215149.0
2024-05-22 04:00:00+00:00,0.01,0.01,0.01,0.01,1098051.0
2024-05-22 08:00:00+00:00,0.01,0.01,0.01,0.01,1763921.0
2024-05-22 12:00:00+00:00,0.01,0.01,0.01,0.01,2368460.0
2024-05-22 16:00:00+00:00,0.01,0.01,0.01,0.01,673984.0
2024-05-22 20:00:00+00:00,0.01,0.01,0.01,0.01,1588784.0
2024-05-23 00:00:00+00:00,0.01,0.01,0.01,0.01,627898.0
2024-05-23 04:00:00+00:00,0.01,0.01,0.01,0.01,2184948.0
2024-05-23 08:00:00+00:00,0.01,0.01,0.01,0.01,1352821.0
2024-05-23 12:00:00+00:00,0.01,0.01,0.01,0.01,3098484.0
2024-05-23 16:00:00+00:00,0.01,0.01,0.01,0.01,1602040.0
2024-05-23 20:00:00+00:00,0.01,0.01,0.01,0.01,743680.0
2024-05-24 00:00:00+00:00,0.01,0.01,0.01,0.01,2478378.0
2024-05-24 04:00:00+00:00,0.01,0.01,0.01,0.01,2704304.0
2024-05-24 08:00:00+00:00,0.01,0.01,0.01,0.01,2002297.0
2024-05-24 12:00:00+00:00,0.01,0.01,0.01,0.01,747853.0
2024-05-24 16:00:00+00:00,0.01,0.01,0.01,0.01,1440867.0
2024-05-24 20:00:00+00:00,0.01,0.01,0.01,0.01,1827403.0
2024-05-25 00:00:00+00:00,0.01,0.01,0.01,0.01,1273740.0
2024-05-25 04:00:00+00:00,0.01,0.01,0.01,0.01,2967341.0
2024-05-25 08:00:00+00:00,0.01,0.01,0.01,0.01,1259687.0
2024-05-25 12:00:00+00:00,0.01,0.01,0.01,0.01,292709.0
2024-05-25 16:00:00+00:00,0.01,0.01,0.01,0.01,1365903.0
2024-05-25 20:00:00+00:00,0.01,0.01,0.01,0.01,1091000.0
2024-05-26 00:00:00+00:00,0.01,0.01,0.01,0.01,1836474.0
2024-05-26 04:00:00+00:00,0.01,0.01,0.01,0.01,896348.0
2024-05-26 08:00:00+00:00,0.01,0.01,0.01,0.01,2032274.0
2024-05-26 12:00:00+00:00,0.01,0.01,0.01,0.01,2833997.0
2024-05-26 16:00:00+00:00,0.01,0.01,0.01,0.01,1529200.0
2024-05-26 20:00:00+00:00,0.01,0.01,0.01,0.01,855344.0
2024-05-27 00:00:00+00:00,0.01,0.01,0.01,0.01,1761041.0
2024-05-27 04:00:00+00:00,0.01,0.01,0.01,0.01,1243857.0
2024-05-27 08:00:00+00:00,0.01,0.01,0.01,0.01,737661.0
2024-05-27 12:00:00+00:00,0.01,0.01,0.01,0.01,1344257.0
2024-05-27 16:00:00+00:00,0.01,0.01,0.01,0.01,1922575.0
2024-05-27 20:00:00+00:00,0.01,0.01,0.01,0.01,4618420.0
2024-05-28 00:00:00+00:00,0.01,0.01,0.01,0.01,2319434.0
2024-05-28 04:00:00+00:00,0.01,0.01,0.01,0.01,865640.0
2024-05-28 08:00:00+00:00,0.01,0.01,0.01,0.01,2215951.0
2024-05-28 12:00:00+00:00,0.01,0.02,0.01,0.02,812597.0
2024-05-28 16:00:00+00:00,0.02,0.02,0.02,0.02,2593563.0
2024-05-28 20:00:00+00:00,0.02,0.02,0.02,0.02,975522.0
2024-05-29 00:00:00+00:00,0.02,0.02,0.02,0.02,696331.0
2024-05-29 04:00:00+00:00,0.02,0.02,0.02,0.02,1456187.0
2024-05-29 08:00:00+00:00,0.02,0.03,0.02,0.03,393567.0
2024-05-29 12:00:00+00:00,0.03,0.03,0.03,0.03,570490.0
2024-05-29 16:00:00+00:00,0.03,0.03,0.03,0.03,1123893.0
2024-05-29 20:00:00+00:00,0.03,0.04,0.03,0.04,1542138.0
2024-05-30 00:00:00+00:00,0.04,0.04,0.04,0.04,1268682.0
2024-05-30 04:00:00+00:00,0.04,0.05,0.04,0.05,736214.0
2024-05-30 08:00:00+00:00,0.05,0.06,0.05,0.06,858081.0
2024-05-30 12:00:00+00:00,0.06,0.06,0.06,0.06,1307934.0
2024-05-30 16:00:00+00:00,0.06,0.06,0.06,0.06,1425386.0
2024-05-30 20:00:00+00:00,0.06,0.07,0.06,0.07,1528894.0
2024-05-31 00:00:00+00:00,0.07,0.07,0.06,0.06,2439636.0
2024-05-31 04:00:00+00:00,0.06,0.06,0.06,0.06,1421540.0
2024-05-31 08:00:00+00:00,0.06,0.06,0.06,0.06,810359.0
2024-05-31 12:00:00+00:00,0.06,0.06,0.06,0.06,879865.0
2024-05-31 16:00:00+00:00,0.06,0.07,0.06,0.07,776870.0
2024-05-31 20:00:00+00:00,0.07,0.07,0.07,0.07,1028219.0
2024-06-01 00:00:00+00:00,0.07,0.07,0.07,0.07,1779037.0
2024-06-01 04:00:00+00:00,0.07,0.07,0.06,0.06,2261165.0
2024-06-01 08:00:00+00:00,0.06,0.06,0.06,0.06,2691273.0
2024-06-01 12:00:00+00:00,0.06,0.07,0.06,0.07,1108493.0
2024-06-01 16:00:00+00:00,0.07,0.1,0.07,0.09,3866958.0
2024-06-01 20:00:00+00:00,0.09,0.09,0.09,0.09,1034287.0
2024-06-02 00:00:00+00:00,0.09,0.09,0.09,0.09,2291400.0
2024-06-02 04:00:00+00:00,0.09,0.1,0.09,0.1,1099390.0
2024-06-02 08:00:00+00:00,0.1,0.12,0.09,0.12,2434114.0
2024-06-02 12:00:00+00:00,0.12,0.12,0.11,0.12,2182051.0
2024-06-02 16:00:00+00:00,0.12,0.12,0.12,0.12,1020328.0
2024-06-02 20:00:00+00:00,0.12,0.14,0.12,0.13,1419669.0
2024-06-03 00:00:00+00:00,0.13,0.14,0.13,0.14,2063474.0
2024-06-03 04:00:00+00:00,0.14,0.14,0.12,0.13,1124305.0
2024-06-03 08:00:00+00:00,0.13,0.13,0.12,0.13,561378.0
2024-06-03 12:00:00+00:00,0.13,0.15,0.13,0.15,4328390.0
2024-06-03 16:00:00+00:00,0.15,0.15,0.13,0.13,1156428.0
2024-06-03 20:00:00+00:00,0.13,0.13,0.12,0.13,1146687.0
2024-06-04 00:00:00+00:00,0.13,0.13,0.12,0.12,2343203.0
2024-06-04 04:00:00+00:00,0.12,0.14,0.11,0.14,1133933.0
2024-06-04 08:00:00+00:00,0.14,0.14,0.11,0.11,1018605.0
2024-06-04 12:00:00+00:00,0.11,0.11,0.1,0.1,1421435.0
2024-06-04 16:00:00+00:00,0.1,0.11,0.09,0.1,477017.0
2024-06-04 20:00:00+00:00,0.1,0.13,0.1,0.13,1475533.0
2024-06-05 00:00:00+00:00,0.13,0.13,0.12,0.13,1164311.0
2024-06-05 04:00:00+00:00,0.13,0.13,0.11,0.11,1090229.0
2024-06-05 08:00:00+00:00,0.11,0.15,0.11,0.15,853305.0
2024-06-05 12:00:00+00:00,0.15,0.15,0.12,0.12,3665841.0
2024-06-05 16:00:00+00:00,0.12,0.12,0.08,0.08,2095514.0
2024-06-05 20:00:00+00:00,0.08,0.08,0.08,0.08,2449763.0
2024-06-06 00:00:00+00:00,0.08,0.08,0.07,0.08,1076682.0
2024-06-06 04:00:00+00:00,0.08,0.08,0.06,0.06,940140.0
2024-06-06 08:00:00+00:00,0.06,0.07,0.06,0.07,1508549.0
2024-06-06 12:00:00+00:00,0.07,0.08,0.07,0.07,996088.0
2024-06-06 16:00:00+00:00,0.07,0.07,0.07,0.07,695868.0
2024-06-06 20:00:00+00:00,0.07,0.07,0.05,0.05,3286774.0
2024-06-07 00:00:00+00:00,0.05,0.06,0.05,0.06,1020230.0
2024-06-07 04:00:00+00:00,0.06,0.07,0.06,0.07,515062.0
2024-06-07 08:00:00+00:00,0.07,0.07,0.07,0.07,2029292.0
2024-06-07 12:00:00+00:00,0.07,0.09,0.06,0.09,1418624.0
2024-06-07 16:00:00+00:00,0.09,0.09,0.07,0.07,1093162.0
2024-06-07 20:00:00+00:00,0.07,0.07,0.05,0.06,697570.0
2024-06-08 00:00:00+00:00,0.06,0.06,0.05,0.05,3131050.0
2024-06-08 04:00:00+00:00,0.05,0.05,0.05,0.05,535430.0
2024-06-08 08:00:00+00:00,0.05,0.05,0.05,0.05,1141337.0
2024-06-08 12:00:00+00:00,0.05,0.05,0.05,0.05,1748549.0
2024-06-08 16:00:00+00:00,0.05,0.05,0.05,0.05,1430803.0
2024-06-08 20:00:00+00:00,0.05,0.05,0.04,0.04,1516867.0
2024-06-09 00:00:00+00:00,0.04,0.05,0.04,0.05,704702.0
2024-06-09 04:00:00+00:00,0.05,0.05,0.05,0.05,691417.0
2024-06-09 08:00:00+00:00,0.05,0.06,0.05,0.06,1646554.0
2024-06-09 12:00:00+00:00,0.06,0.06,0.06,0.06,779035.0
2024-06-09 16:00:00+00:00,0.06,0.07,0.06,0.07,1335182.0
2024-06-09 20:00:00+00:00,0.07,0.07,0.07,0.07,1767529.0
2024-06-10 00:00:00+00:00,0.07,0.08,0.07,0.08,1945079.0
2024-06-10 04:00:00+00:00,0.08,0.08,0.08,0.08,698683.0
2024-06-10 08:00:00+00:00,0.08,0.1,0.08,0.1,4794929.0
2024-06-10 12:00:00+00:00,0.1,0.11,0.1,0.1,1598552.0
2024-06-10 16:00:00+00:00,0.1,0.12,0.1,0.11,1318612.0
2024-06-10 20:00:00+00:00,0.11,0.12,0.11,0.11,1792616.0
2024-06-11 00:00:00+00:00,0.11,0.14,0.11,0.14,5363651.0
2024-06-11 04:00:00+00:00,0.14,0.14,0.12,0.12,634958.0
2024-06-11 08:00:00+00:00,0.12,0.16,0.12,0.16,1618239.0
2024-06-11 12:00:00+00:00,0.16,0.16,0.16,0.16,309734.0
2024-06-11 16:00:00+00:00,0.16,0.16,0.12,0.12,1800157.0
2024-06-11 20:00:00+00:00,0.12,0.13,0.12,0.13,1270557.0
2024-06-12 00:00:00+00:00,0.13,0.13,0.11,0.11,1279293.0
2024-06-12 04:00:00+00:00,0.11,0.13,0.11,0.13,994137.0
2024-06-12 08:00:00+00:00,0.13,0.13,0.11,0.11,464014.0
2024-06-12 12:00:00+00:00,0.11,0.12,0.11,0.11,1446473.0
2024-06-12 16:00:00+00:00,0.11,0.11,0.08,0.08,3829256.0
2024-06-12 20:00:00+00:00,0.08,0.08,0.07,0.07,895088.0
2024-06-13 00:00:00+00:00,0.07,0.07,0.05,0.05,2604446.0
2024-06-13 04:00:00+00:00,0.05,0.05,0.03,0.03,781640.0
2024-06-13 08:00:00+00:00,0.03,0.04,0.03,0.04,1687739.0
2024-06-13 12:00:00+00:00,0.04,0.04,0.04,0.04,1112427.0
2024-06-13 16:00:00+00:00,0.04,0.05,0.04,0.05,814212.0
2024-06-13 20:00:00+00:00,0.05,0.05,0.04,0.04,980873.0
2024-06-14 00:00:00+00:00,0.04,0.04,0.04,0.04,838551.0
2024-06-14 04:00:00+00:00,0.04,0.04,0.04,0.04,1212068.0
2024-06-14 08:00:00+00:00,0.04,0.04,0.03,0.03,781919.0
2024-06-14 12:00:00+00:00,0.03,0.04,0.03,0.04,1374939.0
2024-06-14 16:00:00+00:00,0.04,0.05,0.04,0.05,1366539.0
2024-06-14 20:00:00+00:00,0.05,0.05,0.04,0.04,634445.0
2024-06-15 00:00:00+00:00,0.04,0.04,0.04,0.04,2485839.0
2024-06-15 04:00:00+00:00,0.04,0.05,0.04,0.05,713104.0
2024-06-15 08:00:00+00:00,0.05,0.05,0.03,0.03,1367665.0
2024-06-15 12:00:00+00:00,0.03,0.03,0.03,0.03,681298.0
2024-06-15 16:00:00+00:00,0.03,0.03,0.03,0.03,3211968.0
2024-06-15 20:00:00+00:00,0.03,0.03,0.02,0.02,1912781.0
2024-06-16 00:00:00+00:00,0.02,0.02,0.02,0.02,705343.0
2024-06-16 04:00:00+00:00,0.02,0.03,0.02,0.03,3144816.0
2024-06-16 08:00:00+00:00,0.03,0.03,0.03,0.03,1424068.0
2024-06-16 12:00:00+00:00,0.03,0.03,0.03,0.03,1429986.0
2024-06-16 16:00:00+00:00,0.03,0.03,0.03,0.03,1058300.0
2024-06-16 20:00:00+00:00,0.03,0.04,0.03,0.04,1120046.0
2024-06-17 00:00:00+00:00,0.04,0.04,0.04,0.04,1675889.0
2024-06-17 04:00:00+00:00,0.04,0.04,0.04,0.04,781333.0
2024-06-17 08:00:00+00:00,0.04,0.04,0.04,0.04,3196510.0
2024-06-17 12:00:00+00:00,0.04,0.04,0.04,0.04,696212.0
2024-06-17 16:00:00+00:00,0.04,0.04,0.04,0.04,2535163.0
2024-06-17 20:00:00+00:00,0.04,0.05,0.04,0.05,1325850.0
2024-06-18 00:00:00+00:00,0.05,0.06,0.05,0.06,1491839.0
2024-06-18 04:00:00+00:00,0.06,0.07,0.06,0.06,2231144.0
2024-06-18 08:00:00+00:00,0.06,0.06,0.06,0.06,906484.0
2024-06-18 12:00:00+00:00,0.06,0.07,0.06,0.07,2451438.0
2024-06-18 16:00:00+00:00,0.07,0.07,0.07,0.07,280805.0
2024-06-18 20:00:00+00:00,0.07,0.1,0.07,0.1,1347995.0
2024-06-19 00:00:00+00:00,0.1,0.1,0.09,0.09,826568.0
2024-06-19 04:00:00+00:00,0.09,0.11,0.08,0.11,950665.0
2024-06-19 08:00:00+00:00,0.11,0.11,0.11,0.11,976184.0
2024-06-19 12:00:00+00:00,0.11,0.12,0.1,0.1,1570940.0
2024-06-19 16:00:00+00:00,0.1,0.1,0.09,0.09,1733720.0
2024-06-19 20:00:00+00:00,0.09,0.1,0.08,0.09,1293401.0
2024-06-20 00:00:00+00:00,0.09,0.09,0.09,0.09,851842.0
2024-06-20 04:00:00+00:00,0.09,0.1,0.09,0.1,1482280.0
2024-06-20 08:00:00+00:00,0.1,0.1,0.09,0.09,1341885.0
2024-06-20 12:00:00+00:00,0.09,0.09,0.09,0.09,1619135.0
2024-06-20 16:00:00+00:00,0.09,0.12,0.09,0.12,2872479.0
2024-06-20 20:00:00+00:00,0.12,0.15,0.12,0.15,1801371.0
2024-06-21 00:00:00+00:00,0.15,0.16,0.15,0.16,761702.0
2024-06-21 04:00:00+00:00,0.16,0.16,0.16,0.16,731251.0
2024-06-21 08:00:00+00:00,0.16,0.17,0.16,0.16,797338.0
2024-06-21 12:00:00+00:00,0.16,0.18,0.16,0.18,1082667.0
2024-06-21 16:00:00+00:00,0.18,0.18,0.15,0.15,1674193.0
2024-06-21 20:00:00+00:00,0.15,0.16,0.14,0.15,1601310.0
2024-06-22 00:00:00+00:00,0.15,0.15,0.11,0.11,1710784.0
2024-06-22 04:00:00+00:00,0.11,0.12,0.11,0.12,1184817.0
2024-06-22 08:00:00+00:00,0.12,0.13,0.11,0.13,1382338.0
2024-06-22 12:00:00+00:00,0.13,0.13,0.12,0.12,944198.0
2024-06-22 16:00:00+00:00,0.12,0.15,0.11,0.14,1072520.0
2024-06-22 20:00:00+00:00,0.14,0.15,0.12,0.12,647078.0
2024-06-23 00:00:00+00:00,0.12,0.12,0.09,0.09,1175445.0
2024-06-23 04:00:00+00:00,0.09,0.09,0.09,0.09,1388323.0
2024-06-23 08:00:00+00:00,0.09,0.11,0.09,0.11,1031500.0
2024-06-23 12:00:00+00:00,0.11,0.14,0.11,0.14,1555892.0
2024-06-23 16:00:00+00:00,0.14,0.14,0.12,0.13,1530407.0
2024-06-23 20:00:00+00:00,0.13,0.15,0.13,0.15,1919752.0
2024-06-24 00:00:00+00:00,0.15,0.15,0.15,0.15,596376.0
2024-06-24 04:00:00+00:00,0.15,0.15,0.14,0.14,1782502.0
2024-06-24 08:00:00+00:00,0.14,0.16,0.14,0.16,2439518.0
2024-06-24 12:00:00+00:00,0.16,0.18,0.16,0.18,731732.0
2024-06-24 16:00:00+00:00,0.18,0.18,0.13,0.13,1136441.0
2024-06-24 20:00:00+00:00,0.13,0.16,0.13,0.16,3007646.0
2024-06-25 00:00:00+00:00,0.16,0.2,0.16,0.2,1500180.0
2024-06-25 04:00:00+00:00,0.2,0.2,0.18,0.18,424580.0
2024-06-25 08:00:00+00:00,0.18,0.19,0.17,0.19,581751.0
2024-06-25 12:00:00+00:00,0.19,0.21,0.19,0.2,1072928.0
2024-06-25 16:00:00+00:00,0.2,0.21,0.2,0.21,620700.0
2024-06-25 20:00:00+00:00,0.21,0.21,0.19,0.19,1020445.0
2024-06-26 00:00:00+00:00,0.19,0.19,0.17,0.17,1330851.0
2024-06-26 04:00:00+00:00,0.17,0.17,0.17,0.17,2116561.0
2024-06-26 08:00:00+00:00,0.17,0.2,0.17,0.2,1309086.0
2024-06-26 12:00:00+00:00,0.2,0.22,0.2,0.22,2114934.0
2024-06-26 16:00:00+00:00,0.22,0.22,0.19,0.2,2399234.0
2024-06-26 20:00:00+00:00,0.2,0.23,0.2,0.23,2744164.0
2024-06-27 00:00:00+00:00,0.23,0.23,0.13,0.13,2640010.0
2024-06-27 04:00:00+00:00,0.13,0.15,0.13,0.15,565428.0
2024-06-27 08:00:00+00:00,0.15,0.15,0.11,0.11,2254910.0
2024-06-27 12:00:00+00:00,0.11,0.11,0.1,0.1,1978233.0
2024-06-27 16:00:00+00:00,0.1,0.11,0.09,0.09,1451940.0
2024-06-27 20:00:00+00:00,0.09,0.09,0.07,0.07,3805884.0
2024-06-28 00:00:00+00:00,0.07,0.08,0.07,0.08,2327333.0
2024-06-28 04:00:00+00:00,0.08,0.08,0.08,0.08,1619352.0
2024-06-28 08:00:00+00:00,0.08,0.08,0.08,0.08,1975412.0
2024-06-28 12:00:00+00:00,0.08,0.08,0.08,0.08,1216351.0
2024-06-28 16:00:00+00:00,0.08,0.08,0.08,0.08,346183.0
2024-06-28 20:00:00+00:00,0.08,0.09,0.08,0.08,799374.0
2024-06-29 00:00:00+00:00,0.08,0.09,0.07,0.07,2874331.0
2024-06-29 04:00:00+00:00,0.07,0.08,0.07,0.08,961357.0
2024-06-29 08:00:00+00:00,0.08,0.08,0.07,0.07,1100790.0
2024-06-29 12:00:00+00:00,0.07,0.07,0.06,0.06,1013719.0
2024-06-29 16:00:00+00:00,0.06,0.06,0.05,0.05,2931445.0
2024-06-29 20:00:00+00:00,0.05,0.06,0.05,0.06,3863124.0
2024-06-30 00:00:00+00:00,0.06,0.07,0.06,0.07,883028.0
2024-06-30 04:00:00+00:00,0.07,0.07,0.07,0.07,1254876.0
2024-06-30 08:00:00+00:00,0.07,0.07,0.06,0.06,829768.0
2024-06-30 12:00:00+00:00,0.06,0.06,0.06,0.06,1568948.0
2024-06-30 16:00:00+00:00,0.06,0.08,0.06,0.08,2484531.0
2024-06-30 20:00:00+00:00,0.08,0.08,0.08,0.08,1745081.0
2024-07-01 00:00:00+00:00,0.08,0.09,0.08,0.09,1398428.0
2024-07-01 04:00:00+00:00,0.09,0.1,0.09,0.1,6312279.0
2024-07-01 08:00:00+00:00,0.1,0.1,0.1,0.1,657050.0
2024-07-01 12:00:00+00:00,0.1,0.1,0.1,0.1,478508.0
2024-07-01 16:00:00+00:00,0.1,0.1,0.1,0.1,901476.0
2024-07-01 20:00:00+00:00,0.1,0.1,0.09,0.1,475350.0
2024-07-02 00:00:00+00:00,0.1,0.1,0.09,0.09,486239.0
2024-07-02 04:00:00+00:00,0.09,0.1,0.09,0.1,795783.0
2024-07-02 08:00:00+00:00,0.1,0.11,0.1,0.11,639771.0
2024-07-02 12:00:00+00:00,0.11,0.12,0.1,0.12,816805.0
2024-07-02 16:00:00+00:00,0.12,0.12,0.11,0.11,1354184.0
2024-07-02 20:00:00+00:00,0.11,0.12,0.11,0.12,796919.0
2024-07-03 00:00:00+00:00,0.12,0.12,0.08,0.08,1730561.0
2024-07-03 04:00:00+00:00,0.08,0.1,0.08,0.09,2195135.0
2024-07-03 08:00:00+00:00,0.09,0.1,0.09,0.1,782148.0
2024-07-03 12:00:00+00:00,0.1,0.11,0.1,0.11,1262097.0
2024-07-03 16:00:00+00:00,0.11,0.11,0.06,0.06,2775686.0
2024-07-03 20:00:00+00:00,0.06,0.08,0.06,0.08,731573.0
2024-07-04 00:00:00+00:00,0.08,0.08,0.08,0.08,325071.0
2024-07-04 04:00:00+00:00,0.08,0.09,0.08,0.09,1771491.0
2024-07-04 08:00:00+00:00,0.09,0.09,0.08,0.08,1887879.0
2024-07-04 12:00:00+00:00,0.08,0.09,0.08,0.08,3558172.0
2024-07-04 16:00:00+00:00,0.08,0.09,0.07,0.07,1604006.0
2024-07-04 20:00:00+00:00,0.07,0.07,0.06,0.06,1941546.0
2024-07-05 00:00:00+00:00,0.06,0.08,0.06,0.08,1680841.0
2024-07-05 04:00:00+00:00,0.08,0.08,0.08,0.08,1268846.0
2024-07-05 08:00:00+00:00,0.08,0.08,0.08,0.08,2509075.0
2024-07-05 12:00:00+00:00,0.08,0.1,0.08,0.09,478501.0
2024-07-05 16:00:00+00:00,0.09,0.1,0.09,0.1,1494771.0
2024-07-05 20:00:00+00:00,0.1,0.1,0.1,0.1,3084180.0
2024-07-06 00:00:00+00:00,0.1,0.11,0.1,0.11,1331460.0
2024-07-06 04:00:00+00:00,0.11,0.15,0.11,0.15,4734617.0
2024-07-06 08:00:00+00:00,0.15,0.15,0.14,0.14,754230.0
2024-07-06 12:00:00+00:00,0.14,0.15,0.14,0.15,1065390.0
2024-07-06 16:00:00+00:00,0.15,0.17,0.15,0.17,1487630.0
2024-07-06 20:00:00+00:00,0.17,0.2,0.17,0.2,491847.0
2024-07-07 00:00:00+00:00,0.2,0.24,0.2,0.23,851716.0
2024-07-07 04:00:00+00:00,0.23,0.26,0.23,0.26,740116.0
2024-07-07 08:00:00+00:00,0.26,0.26,0.21,0.21,2294035.0
2024-07-07 12:00:00+00:00,0.21,0.26,0.21,0.26,2673568.0
2024-07-07 16:00:00+00:00,0.26,0.26,0.22,0.22,1789859.0
2024-07-07 20:00:00+00:00,0.22,0.23,0.2,0.23,1706222.0
2024-07-08 00:00:00+00:00,0.23,0.24,0.2,0.2,1239460.0
2024-07-08 04:00:00+00:00,0.2,0.2,0.2,0.2,1887353.0
2024-07-08 08:00:00+00:00,0.2,0.21,0.19,0.21,1145824.0
2024-07-08 12:00:00+00:00,0.21,0.22,0.21,0.22,1172340.0
2024-07-08 16:00:00+00:00,0.22,0.23,0.21,0.23,1037007.0
2024-07-08 20:00:00+00:00,0.23,0.29,0.22,0.28,2422886.0
2024-07-09 00:00:00+00:00,0.28,0.31,0.27,0.3,971102.0
2024-07-09 04:00:00+00:00,0.3,0.31,0.29,0.29,1816945.0
2024-07-09 08:00:00+00:00,0.29,0.34,0.29,0.33,811163.0
2024-07-09 12:00:00+00:00,0.33,0.39,0.33,0.39,883371.0
2024-07-09 16:00:00+00:00,0.39,0.42,0.31,0.32,2196050.0
2024-07-09 20:00:00+00:00,0.32,0.35,0.32,0.35,1209341.0
2024-07-10 00:00:00+00:00,0.35,0.39,0.34,0.38,1044741.0
2024-07-10 04:00:00+00:00,0.38,0.39,0.36,0.37,1776531.0
2024-07-10 08:00:00+00:00,0.37,0.45,0.36,0.44,1191848.0
2024-07-10 12:00:00+00:00,0.44,0.44,0.43,0.43,969704.0
2024-07-10 16:00:00+00:00,0.43,0.46,0.43,0.44,2118283.0
2024-07-10 20:00:00+00:00,0.44,0.44,0.43,0.43,2334746.0
2024-07-11 00:00:00+00:00,0.43,0.43,0.42,0.43,2201761.0
2024-07-11 04:00:00+00:00,0.43,0.43,0.36,0.36,1292091.0
2024-07-11 08:00:00+00:00,0.36,0.36,0.28,0.28,3056188.0
2024-07-11 12:00:00+00:00,0.28,0.35,0.28,0.35,1066433.0
2024-07-11 16:00:00+00:00,0.35,0.35,0.3,0.3,879823.0
2024-07-11 20:00:00+00:00,0.3,0.3,0.26,0.26,447529.0
2024-07-12 00:00:00+00:00,0.26,0.26,0.17,0.17,4552273.0
2024-07-12 04:00:00+00:00,0.17,0.17,0.16,0.16,837934.0
2024-07-12 08:00:00+00:00,0.16,0.16,0.12,0.13,1500445.0
2024-07-12 12:00:00+00:00,0.13,0.16,0.12,0.16,1101197.0
2024-07-12 16:00:00+00:00,0.16,0.18,0.16,0.18,2054903.0
2024-07-12 20:00:00+00:00,0.18,0.18,0.16,0.16,1087687.0
2024-07-13 00:00:00+00:00,0.16,0.22,0.16,0.22,1047279.0
2024-07-13 04:00:00+00:00,0.22,0.25,0.22,0.25,1794890.0
2024-07-13 08:00:00+00:00,0.25,0.25,0.23,0.23,560859.0
2024-07-13 12:00:00+00:00,0.23,0.24,0.14,0.15,1399425.0
2024-07-13 16:00:00+00:00,0.15,0.2,0.15,0.2,707455.0
2024-07-13 20:00:00+00:00,0.2,0.2,0.15,0.16,798575.0
2024-07-14 00:00:00+00:00,0.16,0.16,0.12,0.12,1905253.0
2024-07-14 04:00:00+00:00,0.12,0.14,0.12,0.13,546007.0
2024-07-14 08:00:00+00:00,0.13,0.19,0.13,0.18,999422.0
2024-07-14 12:00:00+00:00,0.18,0.22,0.18,0.22,1619115.0
2024-07-14 16:00:00+00:00,0.22,0.24,0.22,0.24,953985.0
2024-07-14 20:00:00+00:00,0.24,0.27,0.24,0.26,3427377.0
2024-07-15 00:00:00+00:00,0.26,0.3,0.26,0.3,3458164.0
2024-07-15 04:00:00+00:00,0.3,0.33,0.29,0.33,868172.0
2024-07-15 08:00:00+00:00,0.33,0.34,0.33,0.34,1486367.0
2024-07-15 12:00:00+00:00,0.34,0.35,0.34,0.35,1520494.0
2024-07-15 16:00:00+00:00,0.35,0.35,0.34,0.34,763577.0
2024-07-15 20:00:00+00:00,0.34,0.35,0.3,0.31,632177.0
2024-07-16 00:00:00+00:00,0.31,0.31,0.29,0.29,1120729.0
2024-07-16 04:00:00+00:00,0.29,0.3,0.22,0.22,1617146.0
2024-07-16 08:00:00+00:00,0.22,0.22,0.22,0.22,840812.0
2024-07-16 12:00:00+00:00,0.22,0.22,0.18,0.18,1800366.0
2024-07-16 16:00:00+00:00,0.18,0.18,0.15,0.15,1029034.0
2024-07-16 20:00:00+00:00,0.15,0.16,0.15,0.16,607014.0
2024-07-17 00:00:00+00:00,0.16,0.19,0.16,0.19,1716410.0
2024-07-17 04:00:00+00:00,0.19,0.22,0.19,0.22,1712775.0
2024-07-17 08:00:00+00:00,0.22,0.23,0.16,0.17,948252.0
2024-07-17 12:00:00+00:00,0.17,0.17,0.14,0.14,2300415.0
2024-07-17 16:00:00+00:00,0.14,0.16,0.14,0.16,586882.0
2024-07-17 20:00:00+00:00,0.16,0.16,0.14,0.14,1080838.0
2024-07-18 00:00:00+00:00,0.14,0.14,0.13,0.13,968668.0
2024-07-18 04:00:00+00:00,0.13,0.15,0.13,0.14,906908.0
2024-07-18 08:00:00+00:00,0.14,0.14,0.12,0.12,1083088.0
2024-07-18 12:00:00+00:00,0.12,0.12,0.12,0.12,2667051.0
2024-07-18 16:00:00+00:00,0.12,0.12,0.1,0.1,1043895.0
2024-07-18 20:00:00+00:00,0.1,0.1,0.09,0.09,4309589.0
2024-07-19 00:00:00+00:00,0.09,0.1,0.09,0.09,1422187.0
2024-07-19 04:00:00+00:00,0.09,0.1,0.07,0.07,1798692.0
2024-07-19 08:00:00+00:00,0.07,0.08,0.07,0.08,1519177.0
2024-07-19 12:00:00+00:00,0.08,0.08,0.08,0.08,3577625.0
2024-07-19 16:00:00+00:00,0.08,0.08,0.08,0.08,756982.0
2024-07-19 20:00:00+00:00,0.08,0.09,0.08,0.09,628080.0
2024-07-20 00:00:00+00:00,0.09,0.1,0.09,0.1,1105821.0
2024-07-20 04:00:00+00:00,0.1,0.11,0.1,0.1,1072448.0
2024-07-20 08:00:00+00:00,0.1,0.11,0.1,0.1,503550.0
2024-07-20 12:00:00+00:00,0.1,0.1,0.1,0.1,1065831.0
2024-07-20 16:00:00+00:00,0.1,0.11,0.1,0.11,2897129.0
2024-07-20 20:00:00+00:00,0.11,0.11,0.11,0.11,1101183.0
2024-07-21 00:00:00+00:00,0.11,0.11,0.11,0.11,878487.0
2024-07-21 04:00:00+00:00,0.11,0.11,0.1,0.1,961506.0
2024-07-21 08:00:00+00:00,0.1,0.1,0.09,0.09,2036476.0
2024-07-21 12:00:00+00:00,0.09,0.09,0.07,0.07,1080174.0
2024-07-21 16:00:00+00:00,0.07,0.09,0.07,0.09,4496122.0
2024-07-21 20:00:00+00:00,0.09,0.09,0.07,0.07,4104217.0
2024-07-22 00:00:00+00:00,0.07,0.07,0.06,0.06,1492988.0
2024-07-22 04:00:00+00:00,0.06,0.06,0.06,0.06,1317026.0
2024-07-22 08:00:00+00:00,0.06,0.07,0.06,0.06,2346095.0
2024-07-22 12:00:00+00:00,0.06,0.07,0.06,0.06,1960666.0
2024-07-22 16:00:00+00:00,0.06,0.07,0.06,0.07,1042585.0
2024-07-22 20:00:00+00:00,0.07,0.07,0.07,0.07,1002603.0
2024-07-23 00:00:00+00:00,0.07,0.07,0.07,0.07,580260.0
2024-07-23 04:00:00+00:00,0.07,0.07,0.06,0.06,1690118.0
2024-07-23 08:00:00+00:00,0.06,0.08,0.06,0.08,2740493.0
2024-07-23 12:00:00+00:00,0.08,0.08,0.06,0.06,782140.0
2024-07-23 16:00:00+00:00,0.06,0.07,0.06,0.07,906117.0
2024-07-23 20:00:00+00:00,0.07,0.07,0.07,0.07,654370.0
2024-07-24 00:00:00+00:00,0.07,0.08,0.07,0.08,755665.0
2024-07-24 04:00:00+00:00,0.08,0.08,0.08,0.08,1429457.0
2024-07-24 08:00:00+00:00,0.08,0.08,0.07,0.08,734781.0
2024-07-24 12:00:00+00:00,0.08,0.08,0.07,0.08,875599.0
2024-07-24 16:00:00+00:00,0.08,0.08,0.07,0.07,472975.0
2024-07-24 20:00:00+00:00,0.07,0.08,0.07,0.08,1564936.0
2024-07-25 00:00:00+00:00,0.08,0.12,0.08,0.11,1949053.0
2024-07-25 04:00:00+00:00,0.11,0.12,0.1,0.1,870258.0
2024-07-25 08:00:00+00:00,0.1,0.1,0.08,0.08,1472588.0
2024-07-25 12:00:00+00:00,0.08,0.08,0.08,0.08,1140190.0
2024-07-25 16:00:00+00:00,0.08,0.11,0.08,0.11,1430593.0
2024-07-25 20:00:00+00:00,0.11,0.11,0.1,0.1,651954.0
2024-07-26 00:00:00+00:00,0.1,0.12,0.1,0.12,4280107.0
2024-07-26 04:00:00+00:00,0.12,0.16,0.12,0.15,1276971.0
2024-07-26 08:00:00+00:00,0.15,0.15,0.14,0.14,1192361.0
2024-07-26 12:00:00+00:00,0.14,0.15,0.14,0.15,2078168.0
2024-07-26 16:00:00+00:00,0.15,0.19,0.15,0.19,10103284.0
2024-07-26 20:00:00+00:00,0.19,0.19,0.18,0.18,629621.0
2024-07-27 00:00:00+00:00,0.18,0.18,0.17,0.17,1370020.0
2024-07-27 04:00:00+00:00,0.17,0.17,0.16,0.16,887542.0
2024-07-27 08:00:00+00:00,0.16,0.16,0.13,0.13,1114562.0
2024-07-27 12:00:00+00:00,0.13,0.13,0.12,0.12,903192.0
2024-07-27 16:00:00+00:00,0.12,0.12,0.1,0.1,884769.0
2024-07-27 20:00:00+00:00,0.1,0.1,0.09,0.1,992074.0
2024-07-28 00:00:00+00:00,0.1,0.1,0.09,0.09,643140.0
2024-07-28 04:00:00+00:00,0.09,0.09,0.08,0.09,1770184.0
2024-07-28 08:00:00+00:00,0.09,0.09,0.07,0.07,1750235.0
2024-07-28 12:00:00+00:00,0.07,0.07,0.07,0.07,1415871.0
2024-07-28 16:00:00+00:00,0.07,0.08,0.07,0.08,1087107.0
2024-07-28 20:00:00+00:00,0.08,0.08,0.06,0.06,1581138.0
2024-07-29 00:00:00+00:00,0.06,0.06,0.06,0.06,1345967.0
2024-07-29 04:00:00+00:00,0.06,0.07,0.06,0.07,865997.0
2024-07-29 08:00:00+00:00,0.07,0.07,0.06,0.06,1293414.0
2024-07-29 12:00:00+00:00,0.06,0.07,0.06,0.07,1138652.0
2024-07-29 16:00:00+00:00,0.07,0.08,0.07,0.08,759787.0
2024-07-29 20:00:00+00:00,0.08,0.08,0.07,0.07,459589.0
2024-07-30 00:00:00+00:00,0.07,0.07,0.07,0.07,2007584.0
2024-07-30 04:00:00+00:00,0.07,0.07,0.07,0.07,884026.0
2024-07-30 08:00:00+00:00,0.07,0.08,0.07,0.07,1845770.0
2024-07-30 12:00:00+00:00,0.07,0.08,0.07,0.08,2111919.0
2024-07-30 16:00:00+00:00,0.08,0.08,0.07,0.07,744802.0
2024-07-30 20:00:00+00:00,0.07,0.07,0.07,0.07,623131.0
2024-07-31 00:00:00+00:00,0.07,0.07,0.05,0.06,5894125.0
2024-07-31 04:00:00+00:00,0.06,0.06,0.05,0.05,2525706.0
2024-07-31 08:00:00+00:00,0.05,0.06,0.05,0.05,1385003.0
2024-07-31 12:00:00+00:00,0.05,0.05,0.04,0.04,1516327.0
2024-07-31 16:00:00+00:00,0.04,0.05,0.04,0.05,1133649.0
2024-07-31 20:00:00+00:00,0.05,0.06,0.05,0.06,1848267.0
2024-08-01 00:00:00+00:00,0.06,0.06,0.06,0.06,888717.0
2024-08-01 04:00:00+00:00,0.06,0.07,0.05,0.05,540634.0
2024-08-01 08:00:00+00:00,0.05,0.05,0.05,0.05,590995.0
2024-08-01 12:00:00+00:00,0.05,0.06,0.05,0.06,1560371.0
2024-08-01 16:00:00+00:00,0.06,0.06,0.06,0.06,603248.0
2024-08-01 20:00:00+00:00,0.06,0.08,0.06,0.08,1971475.0
2024-08-02 00:00:00+00:00,0.08,0.09,0.08,0.09,686745.0
2024-08-02 04:00:00+00:00,0.09,0.09,0.09,0.09,733625.0
2024-08-02 08:00:00+00:00,0.09,0.09,0.08,0.08,1747439.0
2024-08-02 12:00:00+00:00,0.08,0.09,0.08,0.09,1198114.0
2024-08-02 16:00:00+00:00,0.09,0.09,0.08,0.08,1064546.0
2024-08-02 20:00:00+00:00,0.08,0.1,0.08,0.09,2042369.0
2024-08-03 00:00:00+00:00,0.09,0.11,0.09,0.11,1817627.0
2024-08-03 04:00:00+00:00,0.11,0.11,0.09,0.09,2792399.0
2024-08-03 08:00:00+00:00,0.09,0.1,0.07,0.08,1271353.0
2024-08-03 12:00:00+00:00,0.08,0.08,0.05,0.05,1473939.0
2024-08-03 16:00:00+00:00,0.05,0.06,0.05,0.06,640637.0
2024-08-03 20:00:00+00:00,0.06,0.06,0.05,0.05,1208134.0
2024-08-04 00:00:00+00:00,0.05,0.05,0.03,0.03,3190185.0
2024-08-04 04:00:00+00:00,0.03,0.04,0.03,0.04,2249680.0
2024-08-04 08:00:00+00:00,0.04,0.05,0.03,0.05,3429104.0
2024-08-04 12:00:00+00:00,0.05,0.05,0.05,0.05,408940.0
2024-08-04 16:00:00+00:00,0.05,0.05,0.05,0.05,2356717.0
2024-08-04 20:00:00+00:00,0.05,0.05,0.05,0.05,413524.0
2024-08-05 00:00:00+00:00,0.05,0.06,0.05,0.05,1635679.0
2024-08-05 04:00:00+00:00,0.05,0.06,0.05,0.06,1171547.0
2024-08-05 08:00:00+00:00,0.06,0.06,0.06,0.06,1605835.0
2024-08-05 12:00:00+00:00,0.06,0.06,0.06,0.06,575745.0
2024-08-05 16:00:00+00:00,0.06,0.06,0.06,0.06,2057313.0
2024-08-05 20:00:00+00:00,0.06,0.06,0.06,0.06,624828.0
2024-08-06 00:00:00+00:00,0.06,0.07,0.06,0.07,1036180.0
2024-08-06 04:00:00+00:00,0.07,0.07,0.06,0.06,654229.0
2024-08-06 08:00:00+00:00,0.06,0.06,0.06,0.06,556912.0
2024-08-06 12:00:00+00:00,0.06,0.06,0.06,0.06,1302979.0
2024-08-06 16:00:00+00:00,0.06,0.06,0.05,0.05,3460777.0
2024-08-06 20:00:00+00:00,0.05,0.05,0.05,0.05,3848626.0
2024-08-07 00:00:00+00:00,0.05,0.05,0.05,0.05,1052107.0
2024-08-07 04:00:00+00:00,0.05,0.06,0.05,0.06,2581679.0
2024-08-07 08:00:00+00:00,0.06,0.07,0.06,0.07,1365330.0
2024-08-07 12:00:00+00:00,0.07,0.07,0.07,0.07,1294851.0
2024-08-07 16:00:00+00:00,0.07,0.07,0.07,0.07,1150377.0
2024-08-07 20:00:00+00:00,0.07,0.09,0.07,0.09,1794968.0
2024-08-08 00:00:00+00:00,0.09,0.1,0.09,0.1,1640269.0
2024-08-08 04:00:00+00:00,0.1,0.1,0.1,0.1,754471.0
2024-08-08 08:00:00+00:00,0.1,0.1,0.08,0.08,1518473.0
2024-08-08 12:00:00+00:00,0.08,0.08,0.07,0.07,1433640.0
2024-08-08 16:00:00+00:00,0.07,0.07,0.06,0.06,1714276.0
2024-08-08 20:00:00+00:00,0.06,0.06,0.06,0.06,745760.0
2024-08-09 00:00:00+00:00,0.06,0.06,0.05,0.06,1053041.0
2024-08-09 04:00:00+00:00,0.06,0.06,0.06,0.06,2677355.0
2024-08-09 08:00:00+00:00,0.06,0.06,0.06,0.06,2218901.0
2024-08-09 12:00:00+00:00,0.06,0.06,0.06,0.06,2017562.0
2024-08-09 16:00:00+00:00,0.06,0.07,0.06,0.07,1235823.0
2024-08-09 20:00:00+00:00,0.07,0.07,0.06,0.07,1213256.0
2024-08-10 00:00:00+00:00,0.07,0.07,0.05,0.05,3096872.0
2024-08-10 04:00:00+00:00,0.05,0.05,0.04,0.04,3093884.0
2024-08-10 08:00:00+00:00,0.04,0.04,0.04,0.04,399530.0
2024-08-10 12:00:00+00:00,0.04,0.04,0.03,0.03,796548.0
2024-08-10 16:00:00+00:00,0.03,0.04,0.03,0.04,2453907.0
2024-08-10 20:00:00+00:00,0.04,0.04,0.04,0.04,1475007.0
2024-08-11 00:00:00+00:00,0.04,0.05,0.04,0.05,1110512.0
2024-08-11 04:00:00+00:00,0.05,0.05,0.05,0.05,582539.0
2024-08-11 08:00:00+00:00,0.05,0.06,0.05,0.06,1270169.0
2024-08-11 12:00:00+00:00,0.06,0.06,0.06,0.06,532017.0
2024-08-11 16:00:00+00:00,0.06,0.06,0.06,0.06,3259636.0
2024-08-11 20:00:00+00:00,0.06,0.06,0.05,0.05,1255889.0
2024-08-12 00:00:00+00:00,0.05,0.06,0.05,0.05,1097741.0
2024-08-12 04:00:00+00:00,0.05,0.05,0.05,0.05,1567881.0
2024-08-12 08:00:00+00:00,0.05,0.05,0.05,0.05,1752304.0
2024-08-12 12:00:00+00:00,0.05,0.05,0.05,0.05,1731024.0
2024-08-12 16:00:00+00:00,0.05,0.05,0.05,0.05,1724125.0
2024-08-12 20:00:00+00:00,0.05,0.06,0.05,0.06,875648.0
2024-08-13 00:00:00+00:00,0.06,0.07,0.06,0.07,1329127.0
2024-08-13 04:00:00+00:00,0.07,0.07,0.07,0.07,2106691.0
2024-08-13 08:00:00+00:00,0.07,0.08,0.06,0.06,1276153.0
2024-08-13 12:00:00+00:00,0.06,0.06,0.04,0.04,2136706.0
2024-08-13 16:00:00+00:00,0.04,0.04,0.04,0.04,1742642.0
2024-08-13 20:00:00+00:00,0.04,0.04,0.03,0.03,2380869.0
2024-08-14 00:00:00+00:00,0.03,0.03,0.03,0.03,449684.0
2024-08-14 04:00:00+00:00,0.03,0.03,0.03,0.03,2171642.0
2024-08-14 08:00:00+00:00,0.03,0.03,0.02,0.02,1604451.0
2024-08-14 12:00:00+00:00,0.02,0.02,0.02,0.02,1782289.0
2024-08-14 16:00:00+00:00,0.02,0.02,0.02,0.02,1989866.0
2024-08-14 20:00:00+00:00,0.02,0.02,0.02,0.02,2796657.0
2024-08-15 00:00:00+00:00,0.02,0.02,0.01,0.01,4245956.0
2024-08-15 04:00:00+00:00,0.01,0.01,0.01,0.01,2427115.0
2024-08-15 08:00:00+00:00,0.01,0.01,0.01,0.01,2437498.0
2024-08-15 12:00:00+00:00,0.01,0.01,0.01,0.01,1917436.0
2024-08-15 16:00:00+00:00,0.01,0.01,0.01,0.01,1108287.0
2024-08-15 20:00:00+00:00,0.01,0.01,0.01,0.01,1549065.0
2024-08-16 00:00:00+00:00,0.01,0.01,0.01,0.01,1823554.0
2024-08-16 04:00:00+00:00,0.01,0.01,0.01,0.01,909967.0
2024-08-16 08:00:00+00:00,0.01,0.01,0.01,0.01,1748812.0
2024-08-16 12:00:00+00:00,0.01,0.01,0.01,0.01,1519849.0
2024-08-16 16:00:00+00:00,0.01,0.01,0.01,0.01,693598.0
2024-08-16 20:00:00+00:00,0.01,0.01,0.01,0.01,1913856.0
2024-08-17 00:00:00+00:00,0.01,0.01,0.01,0.01,1443293.0
2024-08-17 04:00:00+00:00,0.01,0.01,0.01,0.01,3317501.0
2024-08-17 08:00:00+00:00,0.01,0.01,0.01,0.01,616544.0
2024-08-17 12:00:00+00:00,0.01,0.01,0.01,0.01,809536.0
2024-08-17 16:00:00+00:00,0.01,0.01,0.01,0.01,1806996.0
2024-08-17 20:00:00+00:00,0.01,0.01,0.01,0.01,2841267.0
2024-08-18 00:00:00+00:00,0.01,0.01,0.01,0.01,2097399.0
2024-08-18 04:00:00+00:00,0.01,0.01,0.01,0.01,1950993.0
2024-08-18 08:00:00+00:00,0.01,0.01,0.01,0.01,617950.0
2024-08-18 12:00:00+00:00,0.01,0.01,0.01,0.01,724867.0
2024-08-18 16:00:00+00:00,0.01,0.01,0.01,0.01,1734700.0
2024-08-18 20:00:00+00:00,0.01,0.01,0.01,0.01,639120.0
2024-08-19 00:00:00+00:00,0.01,0.01,0.01,0.01,1402724.0
2024-08-19 04:00:00+00:00,0.01,0.01,0.01,0.01,1687224.0
2024-08-19 08:00:00+00:00,0.01,0.01,0.01,0.01,741180.0
2024-08-19 12:00:00+00:00,0.01,0.01,0.01,0.01,4416313.0
2024-08-19 16:00:00+00:00,0.01,0.01,0.01,0.01,2331489.0
2024-08-19 20:00:00+00:00,0.01,0.01,0.01,0.01,611747.0
2024-08-20 00:00:00+00:00,0.01,0.01,0.01,0.01,717011.0
2024-08-20 04:00:00+00:00,0.01,0.02,0.01,0.02,508290.0
2024-08-20 08:00:00+00:00,0.02,0.02,0.01,0.02,1156776.0
2024-08-20 12:00:00+00:00,0.02,0.02,0.02,0.02,1499854.0
2024-08-20 16:00:00+00:00,0.02,0.02,0.02,0.02,1079025.0
2024-08-20 20:00:00+00:00,0.02,0.02,0.02,0.02,1529675.0
2024-08-21 00:00:00+00:00,0.02,0.02,0.02,0.02,605915.0
2024-08-21 04:00:00+00:00,0.02,0.02,0.02,0.02,2852175.0
2024-08-21 08:00:00+00:00,0.02,0.02,0.02,0.02,810030.0
2024-08-21 12:00:00+00:00,0.02,0.02,0.02,0.02,1163592.0
2024-08-21 16:00:00+00:00,0.02,0.02,0.02,0.02,1041192.0
2024-08-21 20:00:00+00:00,0.02,0.02,0.02,0.02,846554.0
2024-08-22 00:00:00+00:00,0.02,0.02,0.01,0.01,803315.0
2024-08-22 04:00:00+00:00,0.01,0.02,0.01,0.02,2510697.0
2024-08-22 08:00:00+00:00,0.02,0.02,0.02,0.02,1572782.0
2024-08-22 12:00:00+00:00,0.02,0.02,0.01,0.01,2474765.0
2024-08-22 16:00:00+00:00,0.01,0.01,0.01,0.01,1468656.0
2024-08-22 20:00:00+00:00,0.01,0.02,0.01,0.02,1654759.0
2024-08-23 00:00:00+00:00,0.02,0.02,0.02,0.02,561309.0
2024-08-23 04:00:00+00:00,0.02,0.02,0.02,0.02,1271074.0
2024-08-23 08:00:00+00:00,0.02,0.02,0.02,0.02,1315674.0
2024-08-23 12:00:00+00:00,0.02,0.02,0.01,0.01,4336518.0
2024-08-23 16:00:00+00:00,0.01,0.01,0.01,0.01,29165034.0
2024-08-23 20:00:00+00:00,0.02,0.02,0.01,0.01,30185748.0
2024-08-24 00:00:00+00:00,0.02,0.02,0.01,0.01,18345652.0
2024-08-24 04:00:00+00:00,0.02,0.02,0.02,0.02,13821649.0
2024-08-24 08:00:00+00:00,0.02,0.02,0.02,0.02,16383685.0
2024-08-24 12:00:00+00:00,0.02,0.02,0.02,0.02,16762683.0
2024-08-24 16:00:00+00:00,0.02,0.03,0.02,0.03,1238166.0
2024-08-24 20:00:00+00:00,0.03,0.03,0.03,0.03,1059251.0
2024-08-25 00:00:00+00:00,0.03,0.03,0.03,0.03,1284145.0
2024-08-25 04:00:00+00:00,0.03,0.03,0.03,0.03,2301715.0
2024-08-25 08:00:00+00:00,0.03,0.03,0.03,0.03,397582.0
2024-08-25 12:00:00+00:00,0.03,0.04,0.03,0.04,3094341.0
2024-08-25 16:00:00+00:00,0.04,0.05,0.04,0.04,772421.0
2024-08-25 20:00:00+00:00,0.04,0.05,0.04,0.05,628197.0
2024-08-26 00:00:00+00:00,0.05,0.06,0.05,0.06,2683878.0
2024-08-26 04:00:00+00:00,0.06,0.06,0.05,0.05,1671383.0
2024-08-26 08:00:00+00:00,0.05,0.05,0.05,0.05,2570313.0
2024-08-26 12:00:00+00:00,0.05,0.05,0.04,0.04,2186744.0
2024-08-26 16:00:00+00:00,0.04,0.04,0.03,0.03,5265876.0
2024-08-26 20:00:00+00:00,0.03,0.04,0.03,0.04,2551952.0
2024-08-27 00:00:00+00:00,0.04,0.04,0.03,0.03,1379606.0
2024-08-27 04:00:00+00:00,0.03,0.03,0.03,0.03,1299925.0
2024-08-27 08:00:00+00:00,0.03,0.03,0.03,0.03,2085977.0
2024-08-27 12:00:00+00:00,0.03,0.03,0.03,0.03,773853.0
2024-08-27 16:00:00+00:00,0.03,0.03,0.03,0.03,989841.0
2024-08-27 20:00:00+00:00,0.03,0.04,0.03,0.04,1192153.0
2024-08-28 00:00:00+00:00,0.04,0.04,0.03,0.03,439349.0
2024-08-28 04:00:00+00:00,0.03,0.04,0.03,0.03,1147869.0
2024-08-28 08:00:00+00:00,0.03,0.04,0.03,0.04,440401.0
2024-08-28 12:00:00+00:00,0.04,0.04,0.03,0.03,1137967.0
2024-08-28 16:00:00+00:00,0.03,0.04,0.03,0.04,2661810.0
2024-08-28 20:00:00+00:00,0.04,0.05,0.04,0.05,964738.0
2024-08-29 00:00:00+00:00,0.05,0.05,0.05,0.05,3086007.0
2024-08-29 04:00:00+00:00,0.05,0.06,0.05,0.06,627147.0
2024-08-29 08:00:00+00:00,0.06,0.07,0.06,0.07,2778221.0
2024-08-29 12:00:00+00:00,0.07,0.07,0.07,0.07,1520273.0
2024-08-29 16:00:00+00:00,0.07,0.07,0.05,0.05,670088.0
2024-08-29 20:00:00+00:00,0.05,0.06,0.05,0.06,4587941.0
2024-08-30 00:00:00+00:00,0.06,0.06,0.05,0.05,1249592.0
2024-08-30 04:00:00+00:00,0.05,0.05,0.05,0.05,796317.0
2024-08-30 08:00:00+00:00,0.05,0.05,0.05,0.05,626842.0
2024-08-30 12:00:00+00:00,0.05,0.06,0.05,0.06,1397568.0
2024-08-30 16:00:00+00:00,0.06,0.06,0.06,0.06,949895.0
2024-08-30 20:00:00+00:00,0.06,0.07,0.06,0.07,1199813.0
2024-08-31 00:00:00+00:00,0.07,0.08,0.06,0.08,1524005.0
2024-08-31 04:00:00+00:00,0.08,0.09,0.08,0.08,1524793.0
2024-08-31 08:00:00+00:00,0.08,0.12,0.08,0.12,1790432.0
2024-08-31 12:00:00+00:00,0.12,0.13,0.12,0.13,477721.0
2024-08-31 16:00:00+00:00,0.13,0.13,0.09,0.09,1661036.0
2024-08-31 20:00:00+00:00,0.09,0.11,0.09,0.11,410668.0
2024-09-01 00:00:00+00:00,0.11,0.11,0.1,0.11,1401110.0
2024-09-01 04:00:00+00:00,0.11,0.14,0.11,0.13,969998.0
2024-09-01 08:00:00+00:00,0.13,0.15,0.13,0.15,1416394.0
2024-09-01 12:00:00+00:00,0.15,0.15,0.14,0.14,2044743.0
2024-09-01 16:00:00+00:00,0.14,0.15,0.12,0.12,962519.0
2024-09-01 20:00:00+00:00,0.12,0.12,0.11,0.11,1856003.0
2024-09-02 00:00:00+00:00,0.11,0.11,0.1,0.1,1111513.0
2024-09-02 04:00:00+00:00,0.1,0.1,0.09,0.09,3024961.0
2024-09-02 08:00:00+00:00,0.09,0.1,0.09,0.1,1055650.0
2024-09-02 12:00:00+00:00,0.1,0.12,0.1,0.12,1151971.0
2024-09-02 16:00:00+00:00,0.12,0.13,0.12,0.13,1663602.0
2024-09-02 20:00:00+00:00,0.13,0.13,0.11,0.11,1235211.0
2024-09-03 00:00:00+00:00,0.11,0.12,0.1,0.11,789385.0
2024-09-03 04:00:00+00:00,0.11,0.14,0.11,0.14,1213265.0
2024-09-03 08:00:00+00:00,0.14,0.14,0.12,0.12,1244128.0
2024-09-03 12:00:00+00:00,0.12,0.12,0.12,0.12,2070011.0
2024-09-03 16:00:00+00:00,0.12,0.12,0.12,0.12,383555.0
2024-09-03 20:00:00+00:00,0.12,0.12,0.1,0.11,1360252.0
2024-09-04 00:00:00+00:00,0.11,0.12,0.11,0.12,1768568.0
2024-09-04 04:00:00+00:00,0.12,0.12,0.12,0.12,1159018.0
2024-09-04 08:00:00+00:00,0.12,0.12,0.11,0.12,2290980.0
2024-09-04 12:00:00+00:00,0.12,0.12,0.11,0.11,1346093.0
2024-09-04 16:00:00+00:00,0.11,0.11,0.1,0.1,1089242.0
2024-09-04 20:00:00+00:00,0.1,0.11,0.1,0.11,1784966.0
2024-09-05 00:00:00+00:00,0.11,0.11,0.1,0.1,1224736.0
2024-09-05 04:00:00+00:00,0.1,0.14,0.1,0.13,1463962.0
2024-09-05 08:00:00+00:00,0.13,0.13,0.12,0.12,1524074.0
2024-09-05 12:00:00+00:00,0.12,0.13,0.12,0.13,796351.0
2024-09-05 16:00:00+00:00,0.13,0.15,0.13,0.15,1047691.0
2024-09-05 20:00:00+00:00,0.15,0.15,0.11,0.12,1256205.0
2024-09-06 00:00:00+00:00,0.12,0.12,0.08,0.08,3520619.0
2024-09-06 04:00:00+00:00,0.08,0.09,0.07,0.07,336428.0
2024-09-06 08:00:00+00:00,0.07,0.08,0.07,0.08,1914373.0
2024-09-06 12:00:00+00:00,0.08,0.08,0.07,0.07,1267177.0
2024-09-06 16:00:00+00:00,0.07,0.1,0.07,0.1,929466.0
2024-09-06 20:00:00+00:00,0.1,0.1,0.09,0.09,1460699.0
2024-09-07 00:00:00+00:00,0.09,0.09,0.09,0.09,1377482.0
2024-09-07 04:00:00+00:00,0.09,0.12,0.09,0.12,2278629.0
2024-09-07 08:00:00+00:00,0.12,0.15,0.11,0.15,506067.0
2024-09-07 12:00:00+00:00,0.15,0.2,0.15,0.2,3823043.0
2024-09-07 16:00:00+00:00,0.2,0.23,0.19,0.23,1069623.0
2024-09-07 20:00:00+00:00,0.23,0.27,0.23,0.27,2063457.0
2024-09-08 00:00:00+00:00,0.27,0.3,0.26,0.29,1839251.0
2024-09-08 04:00:00+00:00,0.29,0.33,0.29,0.33,873098.0
2024-09-08 08:00:00+00:00,0.33,0.33,0.3,0.3,1731898.0
2024-09-08 12:00:00+00:00,0.3,0.31,0.26,0.26,1125637.0
2024-09-08 16:00:00+00:00,0.26,0.27,0.26,0.26,355622.0
2024-09-08 20:00:00+00:00,0.26,0.26,0.26,0.26,1921995.0
2024-09-09 00:00:00+00:00,0.26,0.26,0.24,0.24,812834.0
2024-09-09 04:00:00+00:00,0.24,0.28,0.24,0.27,858986.0
2024-09-09 08:00:00+00:00,0.27,0.31,0.27,0.3,1171784.0
2024-09-09 12:00:00+00:00,0.3,0.31,0.3,0.31,1195503.0
2024-09-09 16:00:00+00:00,0.31,0.38,0.31,0.38,1616876.0
2024-09-09 20:00:00+00:00,0.38,0.38,0.31,0.31,1986145.0
2024-09-10 00:00:00+00:00,0.31,0.32,0.3,0.3,554535.0
2024-09-10 04:00:00+00:00,0.3,0.31,0.27,0.27,909848.0
2024-09-10 08:00:00+00:00,0.27,0.27,0.2,0.2,1732652.0
2024-09-10 12:00:00+00:00,0.2,0.2,0.19,0.19,2669077.0
2024-09-10 16:00:00+00:00,0.19,0.2,0.19,0.19,992256.0
2024-09-10 20:00:00+00:00,0.19,0.24,0.19,0.23,2883422.0
2024-09-11 00:00:00+00:00,0.23,0.26,0.23,0.26,1312941.0
2024-09-11 04:00:00+00:00,0.26,0.26,0.22,0.22,1143892.0
2024-09-11 08:00:00+00:00,0.22,0.28,0.22,0.28,1625070.0
2024-09-11 12:00:00+00:00,0.28,0.33,0.28,0.33,1428123.0
2024-09-11 16:00:00+00:00,0.33,0.37,0.33,0.36,1712188.0
2024-09-11 20:00:00+00:00,0.36,0.36,0.34,0.35,2182646.0
2024-09-12 00:00:00+00:00,0.35,0.35,0.3,0.3,1708771.0
2024-09-12 04:00:00+00:00,0.3,0.31,0.28,0.28,2105887.0
2024-09-12 08:00:00+00:00,0.28,0.33,0.28,0.33,922395.0
2024-09-12 12:00:00+00:00,0.33,0.43,0.32,0.42,1505552.0
2024-09-12 16:00:00+00:00,0.42,0.55,0.41,0.52,1182671.0
2024-09-12 20:00:00+00:00,0.52,0.52,0.48,0.48,1422576.0
2024-09-13 00:00:00+00:00,0.48,0.49,0.39,0.4,1253087.0
2024-09-13 04:00:00+00:00,0.4,0.41,0.4,0.41,1538018.0
2024-09-13 08:00:00+00:00,0.41,0.41,0.3,0.3,1123863.0
2024-09-13 12:00:00+00:00,0.3,0.32,0.3,0.32,1174870.0
2024-09-13 16:00:00+00:00,0.32,0.32,0.31,0.31,1497143.0
2024-09-13 20:00:00+00:00,0.31,0.32,0.28,0.29,428931.0
2024-09-14 00:00:00+00:00,0.29,0.29,0.22,0.22,4948843.0
2024-09-14 04:00:00+00:00,0.22,0.24,0.22,0.24,1072471.0
2024-09-14 08:00:00+00:00,0.24,0.24,0.22,0.22,448771.0
2024-09-14 12:00:00+00:00,0.22,0.23,0.18,0.18,1647201.0
2024-09-14 16:00:00+00:00,0.18,0.18,0.1,0.1,2326653.0
2024-09-14 20:00:00+00:00,0.1,0.11,0.1,0.1,967506.0
2024-09-15 00:00:00+00:00,0.1,0.13,0.1,0.13,2938327.0
2024-09-15 04:00:00+00:00,0.13,0.17,0.13,0.16,2545851.0
2024-09-15 08:00:00+00:00,0.16,0.16,0.15,0.15,1394239.0
2024-09-15 12:00:00+00:00,0.15,0.15,0.14,0.14,1586356.0
2024-09-15 16:00:00+00:00,0.14,0.15,0.14,0.15,1153498.0
2024-09-15 20:00:00+00:00,0.15,0.15,0.13,0.13,3510759.0
2024-09-16 00:00:00+00:00,0.13,0.13,0.13,0.13,544166.0
2024-09-16 04:00:00+00:00,0.13,0.15,0.13,0.15,1446532.0
2024-09-16 08:00:00+00:00,0.15,0.18,0.15,0.18,1607747.0
2024-09-16 12:00:00+00:00,0.18,0.18,0.17,0.17,1563212.0
2024-09-16 16:00:00+00:00,0.17,0.17,0.17,0.17,712739.0
2024-09-16 20:00:00+00:00,0.17,0.17,0.15,0.15,581080.0
2024-09-17 00:00:00+00:00,0.15,0.15,0.13,0.13,1479687.0
2024-09-17 04:00:00+00:00,0.13,0.13,0.12,0.12,1263745.0
2024-09-17 08:00:00+00:00,0.12,0.13,0.12,0.13,2462353.0
2024-09-17 12:00:00+00:00,0.13,0.15,0.13,0.15,749687.0
2024-09-17 16:00:00+00:00,0.15,0.15,0.13,0.13,2418442.0
2024-09-17 20:00:00+00:00,0.13,0.16,0.13,0.16,5472598.0
2024-09-18 00:00:00+00:00,0.16,0.16,0.15,0.15,925905.0
2024-09-18 04:00:00+00:00,0.15,0.16,0.15,0.15,527607.0
2024-09-18 08:00:00+00:00,0.15,0.16,0.13,0.14,1083202.0
2024-09-18 12:00:00+00:00,0.14,0.14,0.09,0.09,2102214.0
2024-09-18 16:00:00+00:00,0.09,0.1,0.09,0.1,1857347.0
2024-09-18 20:00:00+00:00,0.1,0.11,0.1,0.11,993082.0
2024-09-19 00:00:00+00:00,0.11,0.11,0.1,0.11,2445020.0
2024-09-19 04:00:00+00:00,0.11,0.11,0.1,0.11,591755.0
2024-09-19 08:00:00+00:00,0.11,0.12,0.11,0.12,516734.0
2024-09-19 12:00:00+00:00,0.12,0.12,0.09,0.09,2957050.0
2024-09-19 16:00:00+00:00,0.09,0.09,0.08,0.08,396165.0
2024-09-19 20:00:00+00:00,0.08,0.09,0.08,0.09,1228036.0
2024-09-20 00:00:00+00:00,0.09,0.09,0.07,0.07,7424507.0
2024-09-20 04:00:00+00:00,0.07,0.08,0.07,0.08,1127639.0
2024-09-20 08:00:00+00:00,0.08,0.08,0.06,0.06,918283.0
2024-09-20 12:00:00+00:00,0.06,0.07,0.06,0.07,1177716.0
2024-09-20 16:00:00+00:00,0.07,0.07,0.06,0.07,988618.0
2024-09-20 20:00:00+00:00,0.07,0.07,0.05,0.05,1858552.0
2024-09-21 00:00:00+00:00,0.05,0.06,0.05,0.06,2124836.0
2024-09-21 04:00:00+00:00,0.06,0.06,0.05,0.05,790446.0
2024-09-21 08:00:00+00:00,0.05,0.05,0.05,0.05,3169475.0
2024-09-21 12:00:00+00:00,0.05,0.05,0.05,0.05,1233920.0
2024-09-21 16:00:00+00:00,0.05,0.06,0.05,0.06,2183324.0
2024-09-21 20:00:00+00:00,0.06,0.06,0.05,0.05,1063598.0
2024-09-22 00:00:00+00:00,0.05,0.05,0.05,0.05,1957102.0
2024-09-22 04:00:00+00:00,0.05,0.05,0.05,0.05,1048022.0
2024-09-22 08:00:00+00:00,0.05,0.06,0.05,0.06,1507925.0
2024-09-22 12:00:00+00:00,0.06,0.06,0.06,0.06,677263.0
2024-09-22 16:00:00+00:00,0.06,0.06,0.05,0.05,707584.0
2024-09-22 20:00:00+00:00,0.05,0.05,0.05,0.05,1935827.0
2024-09-23 00:00:00+00:00,0.05,0.05,0.05,0.05,832160.0
2024-09-23 04:00:00+00:00,0.05,0.05,0.04,0.04,964877.0
2024-09-23 08:00:00+00:00,0.04,0.04,0.02,0.02,1678266.0
2024-09-23 12:00:00+00:00,0.02,0.02,0.02,0.02,1696370.0
2024-09-23 16:00:00+00:00,0.02,0.03,0.02,0.03,1026724.0
2024-09-23 20:00:00+00:00,0.03,0.03,0.02,0.02,1946123.0
2024-09-24 00:00:00+00:00,0.02,0.02,0.01,0.02,1466234.0
2024-09-24 04:00:00+00:00,0.02,0.02,0.01,0.02,489827.0
2024-09-24 08:00:00+00:00,0.02,0.02,0.02,0.02,922375.0
2024-09-24 12:00:00+00:00,0.02,0.02,0.02,0.02,1192575.0
2024-09-24 16:00:00+00:00,0.02,0.02,0.02,0.02,916051.0
2024-09-24 20:00:00+00:00,0.02,0.02,0.02,0.02,1838573.0
2024-09-25 00:00:00+00:00,0.02,0.02,0.02,0.02,2621897.0
2024-09-25 04:00:00+00:00,0.02,0.02,0.02,0.02,1852040.0
2024-09-25 08:00:00+00:00,0.02,0.02,0.02,0.02,3382692.0
2024-09-25 12:00:00+00:00,0.02,0.02,0.02,0.02,1169899.0
2024-09-25 16:00:00+00:00,0.02,0.02,0.01,0.01,1980056.0
2024-09-25 20:00:00+00:00,0.01,0.01,0.01,0.01,785891.0
2024-09-26 00:00:00+00:00,0.01,0.02,0.01,0.02,5878160.0
2024-09-26 04:00:00+00:00,0.02,0.02,0.02,0.02,3080261.0
2024-09-26 08:00:00+00:00,0.02,0.02,0.02,0.02,1123274.0
2024-09-26 12:00:00+00:00,0.02,0.02,0.02,0.02,1376454.0
2024-09-26 16:00:00+00:00,0.02,0.02,0.01,0.01,3367832.0
2024-09-26 20:00:00+00:00,0.01,0.01,0.01,0.01,1295020.0
2024-09-27 00:00:00+00:00,0.01,0.01,0.01,0.01,747999.0
2024-09-27 04:00:00+00:00,0.01,0.01,0.01,0.01,1678653.0
2024-09-27 08:00:00+00:00,0.01,0.02,0.01,0.02,2523123.0
2024-09-27 12:00:00+00:00,0.02,0.02,0.02,0.02,1238647.0
2024-09-27 16:00:00+00:00,0.02,0.02,0.02,0.02,884643.0
2024-09-27 20:00:00+00:00,0.02,0.02,0.02,0.02,506791.0
2024-09-28 00:00:00+00:00,0.02,0.02,0.02,0.02,1701816.0
2024-09-28 04:00:00+00:00,0.02,0.02,0.02,0.02,1645042.0
2024-09-28 08:00:00+00:00,0.02,0.02,0.02,0.02,1471947.0
2024-09-28 12:00:00+00:00,0.02,0.02,0.02,0.02,2889010.0
2024-09-28 16:00:00+00:00,0.02,0.02,0.02,0.02,918312.0
2024-09-28 20:00:00+00:00,0.02,0.02,0.02,0.02,1084620.0
2024-09-29 00:00:00+00:00,0.02,0.03,0.02,0.03,1431790.0
2024-09-29 04:00:00+00:00,0.03,0.03,0.02,0.02,1157881.0
2024-09-29 08:00:00+00:00,0.02,0.03,0.02,0.03,2308635.0
2024-09-29 12:00:00+00:00,0.03,0.03,0.03,0.03,695665.0
2024-09-29 16:00:00+00:00,0.03,0.03,0.03,0.03,2722570.0
2024-09-29 20:00:00+00:00,0.03,0.03,0.03,0.03,3241244.0
2024-09-30 00:00:00+00:00,0.03,0.03,0.03,0.03,1359942.0
2024-09-30 04:00:00+00:00,0.03,0.03,0.03,0.03,2420260.0
2024-09-30 08:00:00+00:00,0.03,0.03,0.03,0.03,859290.0
2024-09-30 12:00:00+00:00,0.03,0.03,0.03,0.03,1980521.0
2024-09-30 16:00:00+00:00,0.03,0.03,0.03,0.03,2005517.0
2024-09-30 20:00:00+00:00,0.03,0.03,0.02,0.02,2211674.0
2024-10-01 00:00:00+00:00,0.02,0.03,0.02,0.03,1174917.0
2024-10-01 04:00:00+00:00,0.03,0.03,0.03,0.03,438672.0
2024-10-01 08:00:00+00:00,0.03,0.03,0.03,0.03,1078905.0
2024-10-01 12:00:00+00:00,0.03,0.03,0.03,0.03,734308.0
2024-10-01 16:00:00+00:00,0.03,0.03,0.03,0.03,992500.0
2024-10-01 20:00:00+00:00,0.03,0.03,0.03,0.03,1108459.0
2024-10-02 00:00:00+00:00,0.03,0.04,0.03,0.04,969268.0
2024-10-02 04:00:00+00:00,0.04,0.04,0.03,0.03,983317.0
2024-10-02 08:00:00+00:00,0.03,0.03,0.03,0.03,698303.0
2024-10-02 12:00:00+00:00,0.03,0.03,0.03,0.03,763118.0
2024-10-02 16:00:00+00:00,0.03,0.03,0.03,0.03,2516545.0
2024-10-02 20:00:00+00:00,0.03,0.04,0.03,0.04,1097303.0
2024-10-03 00:00:00+00:00,0.04,0.06,0.04,0.06,1668171.0
2024-10-03 04:00:00+00:00,0.06,0.06,0.06,0.06,997615.0
2024-10-03 08:00:00+00:00,0.06,0.07,0.06,0.06,1349698.0
2024-10-03 12:00:00+00:00,0.06,0.07,0.06,0.07,1356867.0
2024-10-03 16:00:00+00:00,0.07,0.07,0.06,0.06,254496.0
2024-10-03 20:00:00+00:00,0.06,0.07,0.06,0.07,1908143.0
2024-10-04 00:00:00+00:00,0.07,0.07,0.06,0.06,2338569.0
2024-10-04 04:00:00+00:00,0.06,0.06,0.06,0.06,631929.0
2024-10-04 08:00:00+00:00,0.06,0.08,0.06,0.08,974497.0
2024-10-04 12:00:00+00:00,0.08,0.08,0.06,0.06,1166023.0
2024-10-04 16:00:00+00:00,0.06,0.08,0.06,0.08,1031587.0
2024-10-04 20:00:00+00:00,0.08,0.09,0.07,0.09,1773022.0
2024-10-05 00:00:00+00:00,0.09,0.09,0.09,0.09,400750.0
2024-10-05 04:00:00+00:00,0.09,0.09,0.06,0.06,1120306.0
2024-10-05 08:00:00+00:00,0.06,0.06,0.05,0.05,2765519.0
2024-10-05 12:00:00+00:00,0.05,0.07,0.05,0.06,990945.0
2024-10-05 16:00:00+00:00,0.06,0.07,0.06,0.06,1895127.0
2024-10-05 20:00:00+00:00,0.06,0.06,0.05,0.05,1733571.0
2024-10-06 00:00:00+00:00,0.05,0.06,0.05,0.05,499607.0
2024-10-06 04:00:00+00:00,0.05,0.06,0.05,0.06,1883516.0
2024-10-06 08:00:00+00:00,0.06,0.06,0.06,0.06,1167917.0
2024-10-06 12:00:00+00:00,0.06,0.06,0.06,0.06,887777.0
2024-10-06 16:00:00+00:00,0.06,0.06,0.06,0.06,1325093.0
2024-10-06 20:00:00+00:00,0.06,0.06,0.05,0.05,1500523.0
2024-10-07 00:00:00+00:00,0.05,0.05,0.04,0.04,2025983.0
2024-10-07 04:00:00+00:00,0.04,0.06,0.04,0.06,3099738.0
2024-10-07 08:00:00+00:00,0.06,0.06,0.05,0.05,1412970.0
2024-10-07 12:00:00+00:00,0.05,0.06,0.05,0.06,774451.0
2024-10-07 16:00:00+00:00,0.06,0.08,0.06,0.08,1323840.0
2024-10-07 20:00:00+00:00,0.08,0.09,0.08,0.09,6282441.0
2024-10-08 00:00:00+00:00,0.09,0.09,0.08,0.08,1725470.0
2024-10-08 04:00:00+00:00,0.08,0.09,0.08,0.09,3841188.0
2024-10-08 08:00:00+00:00,0.09,0.09,0.08,0.09,2044639.0
2024-10-08 12:00:00+00:00,0.09,0.09,0.07,0.07,1589162.0
2024-10-08 16:00:00+00:00,0.07,0.08,0.07,0.08,1324632.0
2024-10-08 20:00:00+00:00,0.08,0.08,0.06,0.06,1509284.0
2024-10-09 00:00:00+00:00,0.06,0.07,0.06,0.07,640840.0
2024-10-09 04:00:00+00:00,0.07,0.08,0.07,0.07,1226532.0
2024-10-09 08:00:00+00:00,0.07,0.07,0.07,0.07,1986036.0
2024-10-09 12:00:00+00:00,0.07,0.07,0.07,0.07,830747.0
2024-10-09 16:00:00+00:00,0.07,0.07,0.07,0.07,1379517.0
2024-10-09 20:00:00+00:00,0.07,0.08,0.07,0.08,1925561.0
2024-10-10 00:00:00+00:00,0.08,0.08,0.07,0.07,774004.0
2024-10-10 04:00:00+00:00,0.07,0.08,0.07,0.08,1106102.0
2024-10-10 08:00:00+00:00,0.08,0.08,0.06,0.06,968767.0
2024-10-10 12:00:00+00:00,0.06,0.07,0.06,0.07,696772.0
2024-10-10 16:00:00+00:00,0.07,0.09,0.07,0.08,978160.0
2024-10-10 20:00:00+00:00,0.08,0.09,0.07,0.07,928058.0
2024-10-11 00:00:00+00:00,0.07,0.07,0.06,0.06,2664953.0
2024-10-11 04:00:00+00:00,0.06,0.07,0.06,0.07,775555.0
2024-10-11 08:00:00+00:00,0.07,0.07,0.07,0.07,1145589.0
2024-10-11 12:00:00+00:00,0.07,0.07,0.07,0.07,896243.0
2024-10-11 16:00:00+00:00,0.07,0.08,0.07,0.08,2190396.0
2024-10-11 20:00:00+00:00,0.08,0.09,0.08,0.09,2466497.0
2024-10-12 00:00:00+00:00,0.09,0.1,0.09,0.1,2301774.0
2024-10-12 04:00:00+00:00,0.1,0.11,0.1,0.11,1374497.0
2024-10-12 08:00:00+00:00,0.11,0.11,0.1,0.1,991997.0
2024-10-12 12:00:00+00:00,0.1,0.12,0.1,0.11,715159.0
2024-10-12 16:00:00+00:00,0.11,0.15,0.11,0.15,4889320.0
2024-10-12 20:00:00+00:00,0.15,0.15,0.14,0.14,727994.0
2024-10-13 00:00:00+00:00,0.14,0.14,0.12,0.12,2009572.0
2024-10-13 04:00:00+00:00,0.12,0.14,0.12,0.14,2537092.0
2024-10-13 08:00:00+00:00,0.14,0.14,0.14,0.14,801971.0
2024-10-13 12:00:00+00:00,0.14,0.14,0.09,0.09,3324591.0
2024-10-13 16:00:00+00:00,0.09,0.11,0.09,0.11,2017890.0
2024-10-13 20:00:00+00:00,0.11,0.11,0.1,0.1,2954134.0
2024-10-14 00:00:00+00:00,0.1,0.1,0.09,0.1,826321.0
2024-10-14 04:00:00+00:00,0.1,0.1,0.1,0.1,601627.0
2024-10-14 08:00:00+00:00,0.1,0.1,0.1,0.1,840141.0
2024-10-14 12:00:00+00:00,0.1,0.11,0.1,0.11,1460108.0
2024-10-14 16:00:00+00:00,0.11,0.11,0.1,0.11,1235266.0
2024-10-14 20:00:00+00:00,0.11,0.11,0.11,0.11,1007967.0
2024-10-15 00:00:00+00:00,0.11,0.11,0.11,0.11,431366.0
2024-10-15 04:00:00+00:00,0.11,0.13,0.11,0.12,1681208.0
2024-10-15 08:00:00+00:00,0.12,0.13,0.12,0.13,3413665.0
2024-10-15 12:00:00+00:00,0.13,0.13,0.11,0.11,1796694.0
2024-10-15 16:00:00+00:00,0.11,0.13,0.11,0.13,2013978.0
2024-10-15 20:00:00+00:00,0.13,0.13,0.12,0.12,1657087.0
2024-10-16 00:00:00+00:00,0.12,0.14,0.12,0.14,1658937.0
2024-10-16 04:00:00+00:00,0.14,0.14,0.13,0.14,1851354.0
2024-10-16 08:00:00+00:00,0.14,0.18,0.14,0.18,2222547.0
2024-10-16 12:00:00+00:00,0.18,0.19,0.17,0.18,944061.0
2024-10-16 16:00:00+00:00,0.18,0.18,0.17,0.17,779407.0
2024-10-16 20:00:00+00:00,0.17,0.17,0.17,0.17,893471.0
2024-10-17 00:00:00+00:00,0.17,0.17,0.16,0.16,1331142.0
2024-10-17 04:00:00+00:00,0.16,0.18,0.16,0.18,1158513.0
2024-10-17 08:00:00+00:00,0.18,0.18,0.13,0.13,2024921.0
2024-10-17 12:00:00+00:00,0.13,0.13,0.11,0.11,1839928.0
2024-10-17 16:00:00+00:00,0.11,0.11,0.09,0.09,2250192.0
2024-10-17 20:00:00+00:00,0.09,0.11,0.09,0.11,2705582.0
2024-10-18 00:00:00+00:00,0.11,0.14,0.11,0.14,1837072.0
2024-10-18 04:00:00+00:00,0.14,0.14,0.13,0.13,546001.0
2024-10-18 08:00:00+00:00,0.13,0.13,0.13,0.13,907566.0
2024-10-18 12:00:00+00:00,0.13,0.13,0.13,0.13,1051377.0
2024-10-18 16:00:00+00:00,0.13,0.15,0.13,0.15,604140.0
2024-10-18 20:00:00+00:00,0.15,0.15,0.13,0.13,2843817.0
2024-10-19 00:00:00+00:00,0.13,0.14,0.13,0.14,1185838.0
2024-10-19 04:00:00+00:00,0.14,0.16,0.14,0.16,1737571.0
2024-10-19 08:00:00+00:00,0.16,0.17,0.15,0.17,2419903.0
2024-10-19 12:00:00+00:00,0.17,0.17,0.17,0.17,789864.0
2024-10-19 16:00:00+00:00,0.17,0.2,0.17,0.2,1928789.0
2024-10-19 20:00:00+00:00,0.2,0.2,0.12,0.12,2100759.0
2024-10-20 00:00:00+00:00,0.12,0.13,0.12,0.13,1187601.0
2024-10-20 04:00:00+00:00,0.13,0.13,0.12,0.12,881776.0
2024-10-20 08:00:00+00:00,0.12,0.12,0.08,0.08,4201097.0
2024-10-20 12:00:00+00:00,0.08,0.09,0.08,0.09,1017003.0
2024-10-20 16:00:00+00:00,0.09,0.11,0.09,0.11,2291363.0
2024-10-20 20:00:00+00:00,0.11,0.11,0.11,0.11,417017.0
2024-10-21 00:00:00+00:00,0.11,0.12,0.11,0.12,2570238.0
2024-10-21 04:00:00+00:00,0.12,0.15,0.12,0.15,2914911.0
2024-10-21 08:00:00+00:00,0.15,0.18,0.15,0.18,1667887.0
2024-10-21 12:00:00+00:00,0.18,0.23,0.18,0.23,1548724.0
2024-10-21 16:00:00+00:00,0.23,0.25,0.22,0.25,1625389.0
2024-10-21 20:00:00+00:00,0.25,0.26,0.24,0.25,3236971.0
2024-10-22 00:00:00+00:00,0.25,0.26,0.19,0.19,711060.0
2024-10-22 04:00:00+00:00,0.19,0.19,0.19,0.19,1647102.0
2024-10-22 08:00:00+00:00,0.19,0.19,0.16,0.16,876624.0
2024-10-22 12:00:00+00:00,0.16,0.22,0.16,0.21,1953952.0
2024-10-22 16:00:00+00:00,0.21,0.22,0.21,0.21,956415.0
2024-10-22 20:00:00+00:00,0.21,0.21,0.21,0.21,849138.0
2024-10-23 00:00:00+00:00,0.21,0.23,0.21,0.23,1236842.0
2024-10-23 04:00:00+00:00,0.23,0.23,0.23,0.23,576252.0
2024-10-23 08:00:00+00:00,0.23,0.29,0.22,0.29,2926160.0
2024-10-23 12:00:00+00:00,0.29,0.3,0.25,0.26,523534.0
2024-10-23 16:00:00+00:00,0.26,0.27,0.26,0.27,1419554.0
2024-10-23 20:00:00+00:00,0.27,0.27,0.24,0.24,1136413.0
2024-10-24 00:00:00+00:00,0.24,0.24,0.19,0.19,889797.0
2024-10-24 04:00:00+00:00,0.19,0.19,0.17,0.17,1415490.0
2024-10-24 08:00:00+00:00,0.17,0.17,0.17,0.17,468607.0
2024-10-24 12:00:00+00:00,0.17,0.18,0.16,0.16,1218911.0
2024-10-24 16:00:00+00:00,0.16,0.16,0.14,0.14,645948.0
2024-10-24 20:00:00+00:00,0.14,0.14,0.11,0.11,2061717.0
2024-10-25 00:00:00+00:00,0.11,0.11,0.11,0.11,656165.0
2024-10-25 04:00:00+00:00,0.11,0.11,0.06,0.06,10873463.0
2024-10-25 08:00:00+00:00,0.09,0.1,0.08,0.08,12591196.0
2024-10-25 12:00:00+00:00,0.1,0.1,0.08,0.08,5702840.0
2024-10-25 16:00:00+00:00,0.1,0.1,0.07,0.07,13059474.0
2024-10-25 20:00:00+00:00,0.08,0.08,0.07,0.07,4360297.0
2024-10-26 00:00:00+00:00,0.07,0.07,0.06,0.06,14963170.0
2024-10-26 04:00:00+00:00,0.06,0.07,0.06,0.07,2752493.0
2024-10-26 08:00:00+00:00,0.07,0.08,0.07,0.08,6456608.0
2024-10-26 12:00:00+00:00,0.08,0.08,0.06,0.06,1934922.0
2024-10-26 16:00:00+00:00,0.06,0.06,0.05,0.06,1552495.0
2024-10-26 20:00:00+00:00,0.06,0.06,0.06,0.06,441978.0
2024-10-27 00:00:00+00:00,0.06,0.07,0.06,0.06,2746409.0
2024-10-27 04:00:00+00:00,0.06,0.06,0.06,0.06,1608074.0
2024-10-27 08:00:00+00:00,0.06,0.07,0.06,0.06,1054816.0
2024-10-27 12:00:00+00:00,0.06,0.06,0.05,0.05,2132569.0
2024-10-27 16:00:00+00:00,0.05,0.06,0.05,0.05,1200610.0
2024-10-27 20:00:00+00:00,0.05,0.06,0.05,0.06,1176148.0
2024-10-28 00:00:00+00:00,0.06,0.06,0.06,0.06,1273576.0
2024-10-28 04:00:00+00:00,0.06,0.07,0.06,0.07,1079217.0
2024-10-28 08:00:00+00:00,0.07,0.07,0.07,0.07,1721354.0
2024-10-28 12:00:00+00:00,0.07,0.07,0.06,0.06,779329.0
2024-10-28 16:00:00+00:00,0.06,0.06,0.05,0.05,997809.0
2024-10-28 20:00:00+00:00,0.05,0.05,0.04,0.04,1153028.0
2024-10-29 00:00:00+00:00,0.04,0.04,0.03,0.03,2512433.0
2024-10-29 04:00:00+00:00,0.03,0.03,0.03,0.03,818701.0
2024-10-29 08:00:00+00:00,0.03,0.03,0.03,0.03,623382.0
2024-10-29 12:00:00+00:00,0.03,0.03,0.02,0.02,1268662.0
2024-10-29 16:00:00+00:00,0.02,0.03,0.02,0.03,1374679.0
2024-10-29 20:00:00+00:00,0.03,0.03,0.02,0.02,677778.0
2024-10-30 00:00:00+00:00,0.02,0.02,0.02,0.02,596024.0
2024-10-30 04:00:00+00:00,0.02,0.03,0.02,0.03,4934705.0
2024-10-30 08:00:00+00:00,0.03,0.03,0.03,0.03,908873.0
2024-10-30 12:00:00+00:00,0.03,0.03,0.03,0.03,958799.0
2024-10-30 16:00:00+00:00,0.03,0.03,0.03,0.03,1171058.0
2024-10-30 20:00:00+00:00,0.03,0.03,0.02,0.02,1599326.0
2024-10-31 00:00:00+00:00,0.02,0.02,0.02,0.02,1814182.0
2024-10-31 04:00:00+00:00,0.02,0.02,0.02,0.02,1768963.0
2024-10-31 08:00:00+00:00,0.02,0.02,0.01,0.01,1244613.0
2024-10-31 12:00:00+00:00,0.01,0.01,0.01,0.01,574021.0
2024-10-31 16:00:00+00:00,0.01,0.01,0.01,0.01,1944895.0
2024-10-31 20:00:00+00:00,0.01,0.01,0.01,0.01,1054584.0
2024-11-01 00:00:00+00:00,0.01,0.01,0.01,0.01,3082319.0
2024-11-01 04:00:00+00:00,0.01,0.01,0.01,0.01,348074.0
2024-11-01 08:00:00+00:00,0.01,0.01,0.01,0.01,1314931.0
2024-11-01 12:00:00+00:00,0.01,0.01,0.01,0.01,3906391.0
2024-11-01 16:00:00+00:00,0.01,0.01,0.01,0.01,1365114.0
2024-11-01 20:00:00+00:00,0.01,0.01,0.01,0.01,938421.0
2024-11-02 00:00:00+00:00,0.01,0.01,0.01,0.01,1162016.0
2024-11-02 04:00:00+00:00,0.01,0.01,0.01,0.01,987701.0
2024-11-02 08:00:00+00:00,0.01,0.01,0.01,0.01,940203.0
2024-11-02 12:00:00+00:00,0.01,0.02,0.01,0.02,1201823.0
2024-11-02 16:00:00+00:00,0.02,0.02,0.02,0.02,820832.0
2024-11-02 20:00:00+00:00,0.02,0.02,0.02,0.02,2368902.0
2024-11-03 00:00:00+00:00,0.02,0.02,0.02,0.02,1456810.0
2024-11-03 04:00:00+00:00,0.02,0.02,0.01,0.01,1723430.0
2024-11-03 08:00:00+00:00,0.01,0.01,0.01,0.01,1562861.0
2024-11-03 12:00:00+00:00,0.01,0.01,0.01,0.01,894153.0
2024-11-03 16:00:00+00:00,0.01,0.01,0.01,0.01,745263.0
2024-11-03 20:00:00+00:00,0.01,0.01,0.01,0.01,786292.0
2024-11-04 00:00:00+00:00,0.01,0.01,0.01,0.01,1844161.0
2024-11-04 04:00:00+00:00,0.01,0.01,0.01,0.01,737416.0
2024-11-04 08:00:00+00:00,0.01,0.01,0.01,0.01,807086.0
2024-11-04 12:00:00+00:00,0.01,0.01,0.01,0.01,823593.0
2024-11-04 16:00:00+00:00,0.01,0.01,0.01,0.01,4233367.0
2024-11-04 20:00:00+00:00,0.01,0.01,0.01,0.01,390881.0
2024-11-05 00:00:00+00:00,0.01,0.01,0.01,0.01,1274971.0
2024-11-05 04:00:00+00:00,0.01,0.01,0.01,0.01,3392154.0
2024-11-05 08:00:00+00:00,0.01,0.01,0.01,0.01,1262016.0
2024-11-05 12:00:00+00:00,0.01,0.01,0.01,0.01,1888189.0
2024-11-05 16:00:00+00:00,0.01,0.01,0.01,0.01,1886107.0
2024-11-05 20:00:00+00:00,0.01,0.01,0.01,0.01,1104270.0
2024-11-06 00:00:00+00:00,0.01,0.01,0.01,0.01,459359.0
2024-11-06 04:00:00+00:00,0.01,0.01,0.01,0.01,1602409.0
2024-11-06 08:00:00+00:00,0.01,0.01,0.01,0.01,886153.0
2024-11-06 12:00:00+00:00,0.01,0.01,0.01,0.01,1087442.0
2024-11-06 16:00:00+00:00,0.01,0.01,0.01,0.01,869945.0
2024-11-06 20:00:00+00:00,0.01,0.01,0.01,0.01,2694414.0
2024-11-07 00:00:00+00:00,0.01,0.01,0.01,0.01,3705722.0
2024-11-07 04:00:00+00:00,0.01,0.01,0.01,0.01,1186076.0
2024-11-07 08:00:00+00:00,0.01,0.01,0.01,0.01,1078413.0
2024-11-07 12:00:00+00:00,0.01,0.02,0.01,0.02,751467.0
2024-11-07 16:00:00+00:00,0.02,0.02,0.01,0.01,2262556.0
2024-11-07 20:00:00+00:00,0.01,0.01,0.01,0.01,3862639.0
2024-11-08 00:00:00+00:00,0.01,0.01,0.01,0.01,1547329.0
2024-11-08 04:00:00+00:00,0.01,0.01,0.01,0.01,444959.0
2024-11-08 08:00:00+00:00,0.01,0.01,0.01,0.01,2103111.0
2024-11-08 12:00:00+00:00,0.01,0.01,0.01,0.01,2444307.0
2024-11-08 16:00:00+00:00,0.01,0.01,0.01,0.01,537230.0
2024-11-08 20:00:00+00:00,0.01,0.01,0.01,0.01,1638103.0
2024-11-09 00:00:00+00:00,0.01,0.01,0.01,0.01,1376827.0
2024-11-09 04:00:00+00:00,0.01,0.01,0.01,0.01,1099559.0
2024-11-09 08:00:00+00:00,0.01,0.01,0.01,0.01,908525.0
2024-11-09 12:00:00+00:00,0.01,0.01,0.01,0.01,2639224.0
2024-11-09 16:00:00+00:00,0.01,0.01,0.01,0.01,1329531.0
2024-11-09 20:00:00+00:00,0.01,0.01,0.01,0.01,596865.0
2024-11-10 00:00:00+00:00,0.01,0.01,0.01,0.01,393077.0
2024-11-10 04:00:00+00:00,0.01,0.01,0.01,0.01,3303173.0
2024-11-10 08:00:00+00:00,0.01,0.01,0.01,0.01,1855839.0
2024-11-10 12:00:00+00:00,0.01,0.01,0.01,0.01,1498016.0
2024-11-10 16:00:00+00:00,0.01,0.01,0.01,0.01,1385390.0
2024-11-10 20:00:00+00:00,0.01,0.01,0.01,0.01,1194194.0
2024-11-11 00:00:00+00:00,0.01,0.01,0.01,0.01,739779.0
2024-11-11 04:00:00+00:00,0.01,0.01,0.01,0.01,815526.0
2024-11-11 08:00:00+00:00,0.01,0.01,0.01,0.01,389563.0
2024-11-11 12:00:00+00:00,0.01,0.01,0.01,0.01,943780.0
2024-11-11 16:00:00+00:00,0.01,0.01,0.01,0.01,1019781.0
2024-11-11 20:00:00+00:00,0.01,0.01,0.01,0.01,1644920.0
2024-11-12 00:00:00+00:00,0.01,0.01,0.01,0.01,985821.0
2024-11-12 04:00:00+00:00,0.01,0.01,0.01,0.01,1849644.0
2024-11-12 08:00:00+00:00,0.01,0.01,0.01,0.01,1971057.0
2024-11-12 12:00:00+00:00,0.01,0.01,0.01,0.01,2023273.0
2024-11-12 16:00:00+00:00,0.01,0.01,0.01,0.01,1325825.0
2024-11-12 20:00:00+00:00,0.01,0.01,0.01,0.01,1044111.0
2024-11-13 00:00:00+00:00,0.01,0.01,0.01,0.01,711922.0
2024-11-13 04:00:00+00:00,0.01,0.01,0.01,0.01,1613549.0
2024-11-13 08:00:00+00:00,0.01,0.01,0.01,0.01,3986972.0
2024-11-13 12:00:00+00:00,0.01,0.01,0.01,0.01,1488659.0
2024-11-13 16:00:00+00:00,0.01,0.01,0.01,0.01,2948805.0
2024-11-13 20:00:00+00:00,0.01,0.01,0.01,0.01,613791.0
2024-11-14 00:00:00+00:00,0.01,0.01,0.01,0.01,644410.0
2024-11-14 04:00:00+00:00,0.01,0.01,0.01,0.01,2347411.0
2024-11-14 08:00:00+00:00,0.01,0.01,0.01,0.01,1334439.0
2024-11-14 12:00:00+00:00,0.01,0.01,0.01,0.01,2016031.0
2024-11-14 16:00:00+00:00,0.01,0.01,0.01,0.01,1194056.0
2024-11-14 20:00:00+00:00,0.01,0.01,0.01,0.01,1103778.0
2024-11-15 00:00:00+00:00,0.01,0.01,0.01,0.01,1351289.0
2024-11-15 04:00:00+00:00,0.01,0.01,0.01,0.01,712717.0
2024-11-15 08:00:00+00:00,0.01,0.01,0.01,0.01,607456.0
2024-11-15 12:00:00+00:00,0.01,0.01,0.01,0.01,2898241.0
2024-11-15 16:00:00+00:00,0.01,0.01,0.01,0.01,3106676.0
2024-11-15 20:00:00+00:00,0.01,0.01,0.01,0.01,1548167.0
2024-11-16 00:00:00+00:00,0.01,0.01,0.01,0.01,520027.0
2024-11-16 04:00:00+00:00,0.01,0.01,0.01,0.01,1509848.0
2024-11-16 08:00:00+00:00,0.01,0.01,0.01,0.01,671960.0
2024-11-16 12:00:00+00:00,0.01,0.01,0.01,0.01,2431137.0
2024-11-16 16:00:00+00:00,0.01,0.01,0.01,0.01,952082.0
2024-11-16 20:00:00+00:00,0.01,0.01,0.01,0.01,622299.0
2024-11-17 00:00:00+00:00,0.01,0.01,0.01,0.01,1225552.0
2024-11-17 04:00:00+00:00,0.01,0.01,0.0,0.0,1369245.0
2024-11-17 08:00:00+00:00,0.0,0.01,0.0,0.0,2817100.0
2024-11-17 12:00:00+00:00,0.0,0.01,0.0,0.0,1023310.0
2024-11-17 16:00:00+00:00,0.0,0.0,0.0,0.0,552832.0
2024-11-17 20:00:00+00:00,0.0,0.01,0.0,0.01,660674.0
2024-11-18 00:00:00+00:00,0.01,0.01,0.0,0.0,1386877.0
2024-11-18 04:00:00+00:00,0.0,0.0,0.0,0.0,1610700.0
2024-11-18 08:00:00+00:00,0.0,0.0,0.0,0.0,549774.0
2024-11-18 12:00:00+00:00,0.0,0.0,0.0,0.0,2720260.0
2024-11-18 16:00:00+00:00,0.0,0.0,0.0,0.0,2634089.0
2024-11-18 20:00:00+00:00,0.0,0.0,0.0,0.0,1525951.0
2024-11-19 00:00:00+00:00,0.0,0.0,0.0,0.0,2431612.0
2024-11-19 04:00:00+00:00,0.0,0.0,0.0,0.0,1676319.0
2024-11-19 08:00:00+00:00,0.0,0.0,0.0,0.0,690442.0
2024-11-19 12:00:00+00:00,0.0,0.0,0.0,0.0,1300756.0
2024-11-19 16:00:00+00:00,0.0,0.01,0.0,0.0,2514496.0
2024-11-19 20:00:00+00:00,0.0,0.0,0.0,0.0,1365642.0
2024-11-20 00:00:00+00:00,0.0,0.0,0.0,0.0,1324191.0
2024-11-20 04:00:00+00:00,0.0,0.01,0.0,0.01,978844.0
2024-11-20 08:00:00+00:00,0.01,0.01,0.0,0.01,1423167.0
2024-11-20 12:00:00+00:00,0.01,0.01,0.0,0.01,784041.0
2024-11-20 16:00:00+00:00,0.01,0.01,0.0,0.01,1111990.0
2024-11-20 20:00:00+00:00,0.01,0.01,0.01,0.01,2323813.0
2024-11-21 00:00:00+00:00,0.01,0.01,0.01,0.01,825217.0
2024-11-21 04:00:00+00:00,0.01,0.01,0.01,0.01,585613.0
2024-11-21 08:00:00+00:00,0.01,0.01,0.01,0.01,685450.0
2024-11-21 12:00:00+00:00,0.01,0.01,0.01,0.01,1933081.0
2024-11-21 16:00:00+00:00,0.01,0.01,0.01,0.01,1143833.0
2024-11-21 20:00:00+00:00,0.01,0.01,0.01,0.01,1411258.0
2024-11-22 00:00:00+00:00,0.01,0.01,0.01,0.01,788458.0
2024-11-22 04:00:00+00:00,0.01,0.01,0.0,0.0,2270782.0
2024-11-22 08:00:00+00:00,0.0,0.01,0.0,0.01,1029465.0
2024-11-22 12:00:00+00:00,0.01,0.01,0.0,0.0,1632936.0
2024-11-22 16:00:00+00:00,0.0,0.0,0.0,0.0,893661.0
2024-11-22 20:00:00+00:00,0.0,0.0,0.0,0.0,805638.0
2024-11-23 00:00:00+00:00,0.0,0.0,0.0,0.0,1181116.0
2024-11-23 04:00:00+00:00,0.0,0.01,0.0,0.0,1620481.0
2024-11-23 08:00:00+00:00,0.0,0.0,0.0,0.0,2359619.0
2024-11-23 12:00:00+00:00,0.0,0.01,0.0,0.01,1666195.0
2024-11-23 16:00:00+00:00,0.01,0.01,0.01,0.01,174973.0
2024-11-23 20:00:00+00:00,0.01,0.01,0.01,0.01,680352.0
2024-11-24 00:00:00+00:00,0.01,0.01,0.01,0.01,931295.0
2024-11-24 04:00:00+00:00,0.01,0.01,0.01,0.01,2632304.0
2024-11-24 08:00:00+00:00,0.01,0.01,0.01,0.01,755280.0
2024-11-24 12:00:00+00:00,0.01,0.01,0.01,0.01,1362183.0
2024-11-24 16:00:00+00:00,0.01,0.01,0.01,0.01,2208753.0
2024-11-24 20:00:00+00:00,0.01,0.01,0.01,0.01,561541.0
2024-11-25 00:00:00+00:00,0.01,0.01,0.01,0.01,1293583.0
2024-11-25 04:00:00+00:00,0.01,0.01,0.01,0.01,724267.0
2024-11-25 08:00:00+00:00,0.01,0.01,0.01,0.01,1176182.0
2024-11-25 12:00:00+00:00,0.01,0.01,0.01,0.01,851629.0
2024-11-25 16:00:00+00:00,0.01,0.01,0.01,0.01,1607567.0
2024-11-25 20:00:00+00:00,0.01,0.01,0.01,0.01,5071446.0
2024-11-26 00:00:00+00:00,0.01,0.01,0.01,0.01,1666929.0
2024-11-26 04:00:00+00:00,0.01,0.01,0.01,0.01,1740482.0
2024-11-26 08:00:00+00:00,0.01,0.01,0.01,0.01,1492457.0
2024-11-26 12:00:00+00:00,0.01,0.01,0.01,0.01,676746.0
2024-11-26 16:00:00+00:00,0.01,0.01,0.01,0.01,1743815.0
2024-11-26 20:00:00+00:00,0.01,0.01,0.01,0.01,2296341.0
2024-11-27 00:00:00+00:00,0.01,0.01,0.01,0.01,775344.0
2024-11-27 04:00:00+00:00,0.01,0.01,0.01,0.01,2321214.0
2024-11-27 08:00:00+00:00,0.01,0.01,0.0,0.0,2298413.0
2024-11-27 12:00:00+00:00,0.0,0.0,0.0,0.0,3224765.0
2024-11-27 16:00:00+00:00,0.0,0.0,0.0,0.0,1130085.0
2024-11-27 20:00:00+00:00,0.0,0.01,0.0,0.01,827977.0
2024-11-28 00:00:00+00:00,0.01,0.01,0.01,0.01,1030967.0
2024-11-28 04:00:00+00:00,0.01,0.01,0.01,0.01,2727656.0
2024-11-28 08:00:00+00:00,0.01,0.01,0.01,0.01,495657.0
2024-11-28 12:00:00+00:00,0.01,0.01,0.01,0.01,456642.0
2024-11-28 16:00:00+00:00,0.01,0.01,0.01,0.01,1253301.0
2024-11-28 20:00:00+00:00,0.01,0.01,0.01,0.01,1093436.0
2024-11-29 00:00:00+00:00,0.01,0.01,0.01,0.01,1348655.0
2024-11-29 04:00:00+00:00,0.01,0.01,0.01,0.01,2468895.0
2024-11-29 08:00:00+00:00,0.01,0.01,0.01,0.01,1003349.0
2024-11-29 12:00:00+00:00,0.01,0.01,0.01,0.01,455497.0
2024-11-29 16:00:00+00:00,0.01,0.01,0.01,0.01,4128405.0
2024-11-29 20:00:00+00:00,0.01,0.01,0.01,0.01,612358.0
2024-11-30 00:00:00+00:00,0.01,0.01,0.01,0.01,816956.0
2024-11-30 04:00:00+00:00,0.01,0.01,0.01,0.01,1857628.0
2024-11-30 08:00:00+00:00,0.01,0.01,0.01,0.01,1098426.0
2024-11-30 12:00:00+00:00,0.01,0.01,0.01,0.01,1259754.0
2024-11-30 16:00:00+00:00,0.01,0.01,0.01,0.01,1351410.0
2024-11-30 20:00:00+00:00,0.01,0.01,0.01,0.01,2324398.0
2024-12-01 00:00:00+00:00,0.01,0.01,0.01,0.01,960880.0
2024-12-01 04:00:00+00:00,0.01,0.01,0.01,0.01,3953165.0
2024-12-01 08:00:00+00:00,0.01,0.01,0.01,0.01,377848.0
2024-12-01 12:00:00+00:00,0.01,0.01,0.01,0.01,1467655.0
2024-12-01 16:00:00+00:00,0.01,0.01,0.01,0.01,892922.0
2024-12-01 20:00:00+00:00,0.01,0.01,0.01,0.01,2581482.0
2024-12-02 00:00:00+00:00,0.01,0.01,0.01,0.01,1529925.0
2024-12-02 04:00:00+00:00,0.01,0.01,0.0,0.0,1228814.0
2024-12-02 08:00:00+00:00,0.0,0.0,0.0,0.0,1866769.0
2024-12-02 12:00:00+00:00,0.0,0.0,0.0,0.0,2099198.0
2024-12-02 16:00:00+00:00,0.0,0.0,0.0,0.0,1957293.0
2024-12-02 20:00:00+00:00,0.0,0.0,0.0,0.0,822439.0
2024-12-03 00:00:00+00:00,0.0,0.0,0.0,0.0,851188.0
2024-12-03 04:00:00+00:00,0.0,0.0,0.0,0.0,1113804.0
2024-12-03 08:00:00+00:00,0.0,0.0,0.0,0.0,1860025.0
2024-12-03 12:00:00+00:00,0.0,0.0,0.0,0.0,1875054.0
2024-12-03 16:00:00+00:00,0.0,0.0,0.0,0.0,567713.0
2024-12-03 20:00:00+00:00,0.0,0.0,0.0,0.0,1217270.0
2024-12-04 00:00:00+00:00,0.0,0.0,0.0,0.0,974439.0
2024-12-04 04:00:00+00:00,0.0,0.0,0.0,0.0,1062062.0
2024-12-04 08:00:00+00:00,0.0,0.0,0.0,0.0,1094183.0
2024-12-04 12:00:00+00:00,0.0,0.0,0.0,0.0,2116236.0
2024-12-04 16:00:00+00:00,0.0,0.0,0.0,0.0,179360.0
2024-12-04 20:00:00+00:00,0.0,0.0,0.0,0.0,1276891.0
2024-12-05 00:00:00+00:00,0.0,0.0,0.0,0.0,1007106.0
2024-12-05 04:00:00+00:00,0.0,0.0,0.0,0.0,1432257.0
2024-12-05 08:00:00+00:00,0.0,0.0,0.0,0.0,814369.0
2024-12-05 12:00:00+00:00,0.0,0.0,0.0,0.0,1226887.0
2024-12-05 16:00:00+00:00,0.0,0.0,0.0,0.0,3102951.0
2024-12-05 20:00:00+00:00,0.0,0.0,0.0,0.0,2001510.0
2024-12-06 00:00:00+00:00,0.0,0.0,0.0,0.0,1932064.0
2024-12-06 04:00:00+00:00,0.0,0.0,0.0,0.0,1152858.0
2024-12-06 08:00:00+00:00,0.0,0.0,0.0,0.0,2945320.0
2024-12-06 12:00:00+00:00,0.0,0.0,0.0,0.0,1049557.0
2024-12-06 16:00:00+00:00,0.0,0.0,0.0,0.0,1111331.0
2024-12-06 20:00:00+00:00,0.0,0.0,0.0,0.0,1237454.0
2024-12-07 00:00:00+00:00,0.0,0.0,0.0,0.0,1321360.0
2024-12-07 04:00:00+00:00,0.0,0.0,0.0,0.0,2762044.0
2024-12-07 08:00:00+00:00,0.0,0.0,0.0,0.0,1089924.0
2024-12-07 12:00:00+00:00,0.0,0.0,0.0,0.0,1678893.0
2024-12-07 16:00:00+00:00,0.0,0.0,0.0,0.0,2219731.0
2024-12-07 20:00:00+00:00,0.0,0.0,0.0,0.0,2288563.0
2024-12-08 00:00:00+00:00,0.0,0.0,0.0,0.0,745559.0
2024-12-08 04:00:00+00:00,0.0,0.0,0.0,0.0,1253840.0
2024-12-08 08:00:00+00:00,0.0,0.0,0.0,0.0,1530722.0
2024-12-08 12:00:00+00:00,0.0,0.0,0.0,0.0,1779552.0
2024-12-08 16:00:00+00:00,0.0,0.0,0.0,0.0,614919.0
2024-12-08 20:00:00+00:00,0.0,0.0,0.0,0.0,987474.0
2024-12-09 00:00:00+00:00,0.0,0.0,0.0,0.0,2279256.0
2024-12-09 04:00:00+00:00,0.0,0.0,0.0,0.0,882825.0
2024-12-09 08:00:00+00:00,0.0,0.0,0.0,0.0,974927.0
2024-12-09 12:00:00+00:00,0.0,0.0,0.0,0.0,3521301.0
2024-12-09 16:00:00+00:00,0.0,0.0,0.0,0.0,1332151.0
2024-12-09 20:00:00+00:00,0.0,0.0,0.0,0.0,841285.0
2024-12-10 00:00:00+00:00,0.0,0.0,0.0,0.0,901385.0
2024-12-10 04:00:00+00:00,0.0,0.0,0.0,0.0,1325879.0
2024-12-10 08:00:00+00:00,0.0,0.0,0.0,0.0,560559.0
2024-12-10 12:00:00+00:00,0.0,0.0,0.0,0.0,1226173.0
2024-12-10 16:00:00+00:00,0.0,0.0,0.0,0.0,1248698.0
2024-12-10 20:00:00+00:00,0.0,0.0,0.0,0.0,2259096.0
2024-12-11 00:00:00+00:00,0.0,0.0,0.0,0.0,1454204.0
2024-12-11 04:00:00+00:00,0.0,0.0,0.0,0.0,786192.0
2024-12-11 08:00:00+00:00,0.0,0.0,0.0,0.0,2266093.0
2024-12-11 12:00:00+00:00,0.0,0.0,0.0,0.0,1801291.0
2024-12-11 16:00:00+00:00,0.0,0.0,0.0,0.0,568843.0
2024-12-11 20:00:00+00:00,0.0,0.0,0.0,0.0,1507351.0
2024-12-12 00:00:00+00:00,0.0,0.0,0.0,0.0,2919182.0
2024-12-12 04:00:00+00:00,0.0,0.0,0.0,0.0,1563954.0
2024-12-12 08:00:00+00:00,0.0,0.0,0.0,0.0,1571656.0
2024-12-12 12:00:00+00:00,0.0,0.0,0.0,0.0,2370649.0
2024-12-12 16:00:00+00:00,0.0,0.0,0.0,0.0,534795.0
2024-12-12 20:00:00+00:00,0.0,0.0,0.0,0.0,668703.0
2024-12-13 00:00:00+00:00,0.0,0.0,0.0,0.0,506552.0
2024-12-13 04:00:00+00:00,0.0,0.0,0.0,0.0,1545881.0
2024-12-13 08:00:00+00:00,0.0,0.0,0.0,0.0,1682183.0
2024-12-13 12:00:00+00:00,0.0,0.0,0.0,0.0,2285143.0
2024-12-13 16:00:00+00:00,0.0,0.0,0.0,0.0,1350306.0
2024-12-13 20:00:00+00:00,0.0,0.0,0.0,0.0,822370.0
2024-12-14 00:00:00+00:00,0.0,0.0,0.0,0.0,1273940.0
2024-12-14 04:00:00+00:00,0.0,0.0,0.0,0.0,1742909.0
2024-12-14 08:00:00+00:00,0.0,0.0,0.0,0.0,878589.0
2024-12-14 12:00:00+00:00,0.0,0.0,0.0,0.0,4812480.0
2024-12-14 16:00:00+00:00,0.0,0.0,0.0,0.0,2000609.0
2024-12-14 20:00:00+00:00,0.0,0.0,0.0,0.0,1357239.0
2024-12-15 00:00:00+00:00,0.0,0.0,0.0,0.0,1441367.0
2024-12-15 04:00:00+00:00,0.0,0.0,0.0,0.0,1705827.0
2024-12-15 08:00:00+00:00,0.0,0.0,0.0,0.0,1547817.0
2024-12-15 12:00:00+00:00,0.0,0.0,0.0,0.0,841644.0
2024-12-15 16:00:00+00:00,0.0,0.0,0.0,0.0,1541411.0
2024-12-15 20:00:00+00:00,0.0,0.0,0.0,0.0,1560815.0
2024-12-16 00:00:00+00:00,0.0,0.0,0.0,0.0,1004101.0
2024-12-16 04:00:00+00:00,0.0,0.0,0.0,0.0,2998188.0
2024-12-16 08:00:00+00:00,0.0,0.0,0.0,0.0,1189126.0
2024-12-16 12:00:00+00:00,0.0,0.0,0.0,0.0,1880749.0
2024-12-16 16:00:00+00:00,0.0,0.0,0.0,0.0,2958433.0
2024-12-16 20:00:00+00:00,0.0,0.0,0.0,0.0,1710500.0
2024-12-17 00:00:00+00:00,0.0,0.0,0.0,0.0,1611579.0
2024-12-17 04:00:00+00:00,0.0,0.0,0.0,0.0,1764335.0
2024-12-17 08:00:00+00:00,0.0,0.0,0.0,0.0,973350.0
2024-12-17 12:00:00+00:00,0.0,0.0,0.0,0.0,1421841.0
2024-12-17 16:00:00+00:00,0.0,0.0,0.0,0.0,1611963.0
2024-12-17 20:00:00+00:00,0.0,0.0,0.0,0.0,947231.0
2024-12-18 00:00:00+00:00,0.0,0.0,0.0,0.0,5565179.0
2024-12-18 04:00:00+00:00,0.0,0.0,0.0,0.0,691602.0
2024-12-18 08:00:00+00:00,0.0,0.0,0.0,0.0,676564.0
2024-12-18 12:00:00+00:00,0.0,0.0,0.0,0.0,2200067.0
2024-12-18 16:00:00+00:00,0.0,0.0,0.0,0.0,1826947.0
2024-12-18 20:00:00+00:00,0.0,0.0,0.0,0.0,740825.0
2024-12-19 00:00:00+00:00,0.0,0.0,0.0,0.0,1443916.0
2024-12-19 04:00:00+00:00,0.0,0.0,0.0,0.0,2137057.0
2024-12-19 08:00:00+00:00,0.0,0.0,0.0,0.0,1416239.0
2024-12-19 12:00:00+00:00,0.0,0.0,0.0,0.0,4916868.0
2024-12-19 16:00:00+00:00,0.0,0.0,0.0,0.0,516709.0
2024-12-19 20:00:00+00:00,0.0,0.0,0.0,0.0,1549794.0
2024-12-20 00:00:00+00:00,0.0,0.0,0.0,0.0,2580515.0
2024-12-20 04:00:00+00:00,0.0,0.0,0.0,0.0,3350665.0
2024-12-20 08:00:00+00:00,0.0,0.0,0.0,0.0,973921.0
2024-12-20 12:00:00+00:00,0.0,0.0,0.0,0.0,1810007.0
2024-12-20 16:00:00+00:00,0.0,0.0,0.0,0.0,1698493.0
2024-12-20 20:00:00+00:00,0.0,0.0,0.0,0.0,1505936.0
2024-12-21 00:00:00+00:00,0.0,0.0,0.0,0.0,1499244.0
2024-12-21 04:00:00+00:00,0.0,0.0,0.0,0.0,1710780.0
2024-12-21 08:00:00+00:00,0.0,0.0,0.0,0.0,750252.0
2024-12-21 12:00:00+00:00,0.0,0.0,0.0,0.0,1360379.0
2024-12-21 16:00:00+00:00,0.0,0.0,0.0,0.0,942664.0
2024-12-21 20:00:00+00:00,0.0,0.0,0.0,0.0,1095407.0
2024-12-22 00:00:00+00:00,0.0,0.0,0.0,0.0,2209321.0
2024-12-22 04:00:00+00:00,0.0,0.0,0.0,0.0,1270701.0
2024-12-22 08:00:00+00:00,0.0,0.0,0.0,0.0,3738397.0
2024-12-22 12:00:00+00:00,0.0,0.0,0.0,0.0,1437726.0
2024-12-22 16:00:00+00:00,0.0,0.0,0.0,0.0,1311214.0
2024-12-22 20:00:00+00:00,0.0,0.0,0.0,0.0,1215942.0
2024-12-23 00:00:00+00:00,0.0,0.0,0.0,0.0,910112.0
2024-12-23 04:00:00+00:00,0.0,0.0,0.0,0.0,1021905.0
2024-12-23 08:00:00+00:00,0.0,0.0,0.0,0.0,2986753.0
2024-12-23 12:00:00+00:00,0.0,0.0,0.0,0.0,1642748.0
2024-12-23 16:00:00+00:00,0.0,0.0,0.0,0.0,1112778.0
2024-12-23 20:00:00+00:00,0.0,0.0,0.0,0.0,679909.0
2024-12-24 00:00:00+00:00,0.0,0.0,0.0,0.0,821119.0
2024-12-24 04:00:00+00:00,0.0,0.0,0.0,0.0,1123319.0
2024-12-24 08:00:00+00:00,0.0,0.0,0.0,0.0,2023834.0
2024-12-24 12:00:00+00:00,0.0,0.0,0.0,0.0,560333.0
2024-12-24 16:00:00+00:00,0.0,0.0,0.0,0.0,1427860.0
2024-12-24 20:00:00+00:00,0.0,0.0,0.0,0.0,1843868.0
2024-12-25 00:00:00+00:00,0.0,0.0,0.0,0.0,546915.0
2024-12-25 04:00:00+00:00,0.0,0.0,0.0,0.0,686726.0
2024-12-25 08:00:00+00:00,0.0,0.0,0.0,0.0,1231065.0
2024-12-25 12:00:00+00:00,0.0,0.0,0.0,0.0,721895.0
2024-12-25 16:00:00+00:00,0.0,0.0,0.0,0.0,1928254.0
2024-12-25 20:00:00+00:00,0.0,0.0,0.0,0.0,935299.0
2024-12-26 00:00:00+00:00,0.0,0.0,0.0,0.0,838123.0
2024-12-26 04:00:00+00:00,0.0,0.0,0.0,0.0,1933007.0
2024-12-26 08:00:00+00:00,0.0,0.0,0.0,0.0,3014623.0
2024-12-26 12:00:00+00:00,0.0,0.0,0.0,0.0,2644917.0
2024-12-26 16:00:00+00:00,0.0,0.0,0.0,0.0,435748.0
2024-12-26 20:00:00+00:00,0.0,0.0,0.0,0.0,2108387.0
2024-12-27 00:00:00+00:00,0.0,0.0,0.0,0.0,1147212.0
2024-12-27 04:00:00+00:00,0.0,0.0,0.0,0.0,1618038.0
2024-12-27 08:00:00+00:00,0.0,0.0,0.0,0.0,912579.0
2024-12-27 12:00:00+00:00,0.0,0.0,0.0,0.0,1301079.0
2024-12-27 16:00:00+00:00,0.0,0.0,0.0,0.0,1634683.0
2024-12-27 20:00:00+00:00,0.0,0.0,0.0,0.0,1282837.0
2024-12-28 00:00:00+00:00,0.0,0.0,0.0,0.0,929226.0
2024-12-28 04:00:00+00:00,0.0,0.0,0.0,0.0,1089025.0
2024-12-28 08:00:00+00:00,0.0,0.0,0.0,0.0,1758467.0
2024-12-28 12:00:00+00:00,0.0,0.0,0.0,0.0,1489037.0
2024-12-28 16:00:00+00:00,0.0,0.0,0.0,0.0,1855980.0
2024-12-28 20:00:00+00:00,0.0,0.0,0.0,0.0,1129138.0
2024-12-29 00:00:00+00:00,0.0,0.0,0.0,0.0,1190519.0
2024-12-29 04:00:00+00:00,0.0,0.0,0.0,0.0,1847166.0
2024-12-29 08:00:00+00:00,0.0,0.0,0.0,0.0,1914904.0
2024-12-29 12:00:00+00:00,0.0,0.0,0.0,0.0,1334769.0
2024-12-29 16:00:00+00:00,0.0,0.0,0.0,0.0,1737868.0
2024-12-29 20:00:00+00:00,0.0,0.0,0.0,0.0,1895829.0
2024-12-30 00:00:00+00:00,0.0,0.0,0.0,0.0,609713.0
2024-12-30 04:00:00+00:00,0.0,0.0,0.0,0.0,1734422.0
2024-12-30 08:00:00+00:00,0.0,0.0,0.0,0.0,1455417.0
2024-12-30 12:00:00+00:00,0.0,0.0,0.0,0.0,1494750.0
2024-12-30 16:00:00+00:00,0.0,0.0,0.0,0.0,1012809.0
2024-12-30 20:00:00+00:00,0.0,0.0,0.0,0.0,1206077.0
2024-12-31 00:00:00+00:00,0.0,0.0,0.0,0.0,1070719.0
2024-12-31 04:00:00+00:00,0.0,0.0,0.0,0.0,2837593.0
2024-12-31 08:00:00+00:00,0.0,0.0,0.0,0.0,1624649.0
2024-12-31 12:00:00+00:00,0.0,0.0,0.0,0.0,1430253.0
2024-12-31 16:00:00+00:00,0.0,0.0,0.0,0.0,935704.0
2024-12-31 20:00:00+00:00,0.0,0.0,0.0,0.0,1157531.0
