timestamp,open,high,low,close,volume
2024-01-02 00:00:00+00:00,60.0,62.82,58.94,60.0,1342155.0
2024-01-02 04:00:00+00:00,60.0,62.17,59.91,61.99,1029873.0
2024-01-02 08:00:00+00:00,61.99,64.99,60.56,61.31,1815993.0
2024-01-02 12:00:00+00:00,61.31,69.89,59.94,64.85,757325.0
2024-01-02 16:00:00+00:00,64.85,75.29,63.58,74.89,978741.0
2024-01-02 20:00:00+00:00,74.89,78.78,70.77,72.77,1798346.0
2024-01-03 00:00:00+00:00,72.77,73.26,69.91,70.62,1064414.0
2024-01-03 04:00:00+00:00,70.62,85.33,70.33,85.18,3223657.0
2024-01-03 08:00:00+00:00,85.18,95.51,84.66,95.0,962103.0
2024-01-03 12:00:00+00:00,95.0,96.21,87.87,88.33,1177845.0
2024-01-03 16:00:00+00:00,88.33,95.6,88.25,95.54,784964.0
2024-01-03 20:00:00+00:00,95.54,96.36,87.96,88.93,1212125.0
2024-01-04 00:00:00+00:00,88.93,91.48,78.55,82.74,577076.0
2024-01-04 04:00:00+00:00,82.74,85.9,82.51,85.78,869754.0
2024-01-04 08:00:00+00:00,85.78,86.36,59.68,61.19,906999.0
2024-01-04 12:00:00+00:00,61.19,62.52,44.2,45.38,2511268.0
2024-01-04 16:00:00+00:00,45.38,46.94,40.6,41.57,1791169.0
2024-01-04 20:00:00+00:00,41.57,42.67,33.94,35.28,612323.0
2024-01-05 00:00:00+00:00,35.28,37.37,35.15,36.95,2226476.0
2024-01-05 04:00:00+00:00,36.95,37.69,30.15,31.94,4905115.0
2024-01-05 08:00:00+00:00,31.94,32.6,25.0,25.19,1672036.0
2024-01-05 12:00:00+00:00,25.19,30.81,25.15,30.74,1205559.0
2024-01-05 16:00:00+00:00,30.74,30.86,29.45,29.72,4515074.0
2024-01-05 20:00:00+00:00,29.72,30.37,29.3,30.03,533724.0
2024-01-06 00:00:00+00:00,30.03,30.13,23.64,23.69,1649739.0
2024-01-06 04:00:00+00:00,23.69,23.94,21.56,21.77,1359933.0
2024-01-06 08:00:00+00:00,21.77,22.29,21.43,22.15,2060822.0
2024-01-06 12:00:00+00:00,22.15,22.2,18.33,18.36,1811519.0
2024-01-06 16:00:00+00:00,18.36,19.5,18.14,19.41,912676.0
2024-01-06 20:00:00+00:00,19.41,19.84,17.54,17.67,788205.0
2024-01-07 00:00:00+00:00,17.67,17.75,16.76,16.91,951726.0
2024-01-07 04:00:00+00:00,16.91,16.92,15.39,15.4,766763.0
2024-01-07 08:00:00+00:00,15.4,19.7,15.39,19.69,1880210.0
2024-01-07 12:00:00+00:00,19.69,19.78,19.58,19.66,757039.0
2024-01-07 16:00:00+00:00,19.66,20.38,16.35,16.61,694593.0
2024-01-07 20:00:00+00:00,16.61,18.71,16.55,18.67,2570873.0
2024-01-08 00:00:00+00:00,18.67,18.85,15.11,15.27,1206149.0
2024-01-08 04:00:00+00:00,15.27,15.79,15.22,15.76,581610.0
2024-01-08 08:00:00+00:00,15.76,15.84,11.11,11.14,1727670.0
2024-01-08 12:00:00+00:00,11.14,11.42,8.82,8.93,1650570.0
2024-01-08 16:00:00+00:00,8.93,9.39,8.88,9.2,455690.0
2024-01-08 20:00:00+00:00,9.2,10.24,9.19,10.23,1575758.0
2024-01-09 00:00:00+00:00,10.23,10.56,10.17,10.5,639680.0
2024-01-09 04:00:00+00:00,10.5,10.5,10.32,10.33,2468579.0
2024-01-09 08:00:00+00:00,10.33,10.38,9.8,9.87,1470974.0
2024-01-09 12:00:00+00:00,9.87,9.99,7.62,7.69,1361236.0
2024-01-09 16:00:00+00:00,7.69,7.7,6.86,6.87,910174.0
2024-01-09 20:00:00+00:00,6.87,6.89,6.37,6.4,1142846.0
2024-01-10 00:00:00+00:00,6.4,7.44,6.35,7.42,2008693.0
2024-01-10 04:00:00+00:00,7.42,8.0,7.23,7.81,1142876.0
2024-01-10 08:00:00+00:00,7.81,8.32,5.55,5.75,1606214.0
2024-01-10 12:00:00+00:00,5.75,6.04,5.75,6.04,1182811.0
2024-01-10 16:00:00+00:00,6.04,6.1,5.59,5.7,865320.0
2024-01-10 20:00:00+00:00,5.7,5.74,5.11,5.12,1096378.0
2024-01-11 00:00:00+00:00,5.12,5.63,5.1,5.6,450499.0
2024-01-11 04:00:00+00:00,5.6,6.56,5.52,6.47,2387053.0
2024-01-11 08:00:00+00:00,6.47,7.55,6.3,7.38,1651257.0
2024-01-11 12:00:00+00:00,7.38,7.58,6.24,6.46,933739.0
2024-01-11 16:00:00+00:00,6.46,6.54,6.13,6.17,2935765.0
2024-01-11 20:00:00+00:00,6.17,6.51,6.14,6.48,1203355.0
2024-01-12 00:00:00+00:00,6.48,7.53,6.36,7.43,858985.0
2024-01-12 04:00:00+00:00,7.43,7.44,6.88,6.91,1860990.0
2024-01-12 08:00:00+00:00,6.91,6.95,6.65,6.72,1318419.0
2024-01-12 12:00:00+00:00,6.72,6.74,5.58,5.61,1820798.0
2024-01-12 16:00:00+00:00,5.61,5.65,4.55,4.61,1240859.0
2024-01-12 20:00:00+00:00,4.61,5.19,4.6,5.18,1714471.0
2024-01-13 00:00:00+00:00,5.18,6.26,5.17,6.24,1415439.0
2024-01-13 04:00:00+00:00,6.24,6.36,5.99,6.18,1359214.0
2024-01-13 08:00:00+00:00,6.18,7.11,6.17,7.1,559408.0
2024-01-13 12:00:00+00:00,7.1,7.54,7.05,7.5,938418.0
2024-01-13 16:00:00+00:00,7.5,7.51,6.76,6.78,3045345.0
2024-01-13 20:00:00+00:00,6.78,7.16,6.77,7.15,794320.0
2024-01-14 00:00:00+00:00,7.15,8.81,7.15,8.81,1253359.0
2024-01-14 04:00:00+00:00,8.81,8.83,8.75,8.77,809838.0
2024-01-14 08:00:00+00:00,8.77,11.11,8.66,10.81,924667.0
2024-01-14 12:00:00+00:00,10.81,10.83,6.54,6.57,721316.0
2024-01-14 16:00:00+00:00,6.57,7.69,6.45,7.39,1223291.0
2024-01-14 20:00:00+00:00,7.39,7.59,7.36,7.49,1115323.0
2024-01-15 00:00:00+00:00,7.49,7.54,7.13,7.17,1101389.0
2024-01-15 04:00:00+00:00,7.17,7.32,7.09,7.27,971190.0
2024-01-15 08:00:00+00:00,7.27,7.33,5.09,5.13,1926452.0
2024-01-15 12:00:00+00:00,5.13,5.22,4.91,4.96,1827818.0
2024-01-15 16:00:00+00:00,4.96,5.25,4.94,5.23,1057810.0
2024-01-15 20:00:00+00:00,5.23,6.43,5.21,6.4,1251663.0
2024-01-16 00:00:00+00:00,6.4,6.47,5.7,5.9,1069131.0
2024-01-16 04:00:00+00:00,5.9,5.99,4.96,5.19,1818435.0
2024-01-16 08:00:00+00:00,5.19,5.31,4.7,4.81,2477897.0
2024-01-16 12:00:00+00:00,4.81,5.51,4.79,5.47,1033305.0
2024-01-16 16:00:00+00:00,5.47,5.81,5.37,5.75,1208906.0
2024-01-16 20:00:00+00:00,5.75,5.8,5.28,5.3,1463597.0
2024-01-17 00:00:00+00:00,5.3,5.75,5.26,5.71,750957.0
2024-01-17 04:00:00+00:00,5.71,5.81,5.7,5.8,1056951.0
2024-01-17 08:00:00+00:00,5.8,6.67,5.72,6.64,689869.0
2024-01-17 12:00:00+00:00,6.64,6.66,5.94,5.94,542340.0
2024-01-17 16:00:00+00:00,5.94,5.97,5.63,5.66,1375461.0
2024-01-17 20:00:00+00:00,5.66,5.73,5.2,5.33,969009.0
2024-01-18 00:00:00+00:00,5.33,5.34,4.15,4.16,1832485.0
2024-01-18 04:00:00+00:00,4.16,4.36,4.16,4.35,1125476.0
2024-01-18 08:00:00+00:00,4.35,4.53,4.35,4.52,687242.0
2024-01-18 12:00:00+00:00,4.52,4.66,4.39,4.53,982097.0
2024-01-18 16:00:00+00:00,4.53,4.56,4.34,4.38,594687.0
2024-01-18 20:00:00+00:00,4.38,4.41,3.45,3.46,3267661.0
2024-01-19 00:00:00+00:00,3.46,3.52,3.19,3.24,602627.0
2024-01-19 04:00:00+00:00,3.24,3.31,3.03,3.08,1044645.0
2024-01-19 08:00:00+00:00,3.08,3.1,2.7,2.71,806987.0
2024-01-19 12:00:00+00:00,2.71,2.76,2.63,2.65,1423813.0
2024-01-19 16:00:00+00:00,2.65,2.83,2.59,2.81,1002921.0
2024-01-19 20:00:00+00:00,2.81,3.65,2.79,3.6,1428011.0
2024-01-20 00:00:00+00:00,3.6,3.71,3.6,3.7,1655435.0
2024-01-20 04:00:00+00:00,3.7,3.93,3.62,3.85,1134420.0
2024-01-20 08:00:00+00:00,3.85,3.87,3.77,3.81,1335643.0
2024-01-20 12:00:00+00:00,3.81,3.83,2.72,2.72,1134581.0
2024-01-20 16:00:00+00:00,2.72,2.74,2.7,2.71,500378.0
2024-01-20 20:00:00+00:00,2.71,2.74,2.71,2.74,1085187.0
2024-01-21 00:00:00+00:00,2.74,3.74,2.74,3.73,1777941.0
2024-01-21 04:00:00+00:00,3.73,3.81,3.6,3.63,1483784.0
2024-01-21 08:00:00+00:00,3.63,3.79,3.62,3.79,1092902.0
2024-01-21 12:00:00+00:00,3.79,3.82,3.76,3.77,1123369.0
2024-01-21 16:00:00+00:00,3.77,3.82,3.11,3.12,673735.0
2024-01-21 20:00:00+00:00,3.12,3.66,3.12,3.66,3897218.0
2024-01-22 00:00:00+00:00,3.66,4.16,3.47,4.08,1234383.0
2024-01-22 04:00:00+00:00,4.08,4.58,4.07,4.56,1924209.0
2024-01-22 08:00:00+00:00,4.56,4.58,3.93,3.94,926672.0
2024-01-22 12:00:00+00:00,3.94,4.8,3.94,4.77,1904723.0
2024-01-22 16:00:00+00:00,4.77,4.79,3.76,3.77,849335.0
2024-01-22 20:00:00+00:00,3.77,4.11,3.77,4.11,1586643.0
2024-01-23 00:00:00+00:00,4.11,5.52,4.05,5.46,1663239.0
2024-01-23 04:00:00+00:00,5.46,5.68,4.52,4.65,1465440.0
2024-01-23 08:00:00+00:00,4.65,4.66,4.25,4.26,1776736.0
2024-01-23 12:00:00+00:00,4.26,4.39,4.23,4.32,564982.0
2024-01-23 16:00:00+00:00,4.32,4.39,3.96,4.0,868986.0
2024-01-23 20:00:00+00:00,4.0,4.11,3.04,3.07,2132123.0
2024-01-24 00:00:00+00:00,3.07,3.12,3.05,3.11,2947423.0
2024-01-24 04:00:00+00:00,3.11,3.11,2.6,2.62,1373831.0
2024-01-24 08:00:00+00:00,2.62,2.81,2.6,2.8,1632264.0
2024-01-24 12:00:00+00:00,2.8,2.82,2.38,2.42,1338728.0
2024-01-24 16:00:00+00:00,2.42,3.03,2.37,2.98,4486713.0
2024-01-24 20:00:00+00:00,2.98,2.99,2.63,2.63,563967.0
2024-01-25 00:00:00+00:00,2.63,2.65,2.5,2.51,1198871.0
2024-01-25 04:00:00+00:00,2.51,2.87,2.44,2.81,606676.0
2024-01-25 08:00:00+00:00,2.81,2.86,2.26,2.3,443320.0
2024-01-25 12:00:00+00:00,2.3,2.48,2.2,2.38,1280828.0
2024-01-25 16:00:00+00:00,2.38,2.87,2.33,2.84,1704517.0
2024-01-25 20:00:00+00:00,2.84,2.86,2.15,2.16,1493328.0
2024-01-26 00:00:00+00:00,2.16,2.24,2.14,2.22,1028480.0
2024-01-26 04:00:00+00:00,2.22,2.32,2.18,2.31,5265001.0
2024-01-26 08:00:00+00:00,2.31,2.58,2.31,2.58,1189429.0
2024-01-26 12:00:00+00:00,2.58,2.6,2.09,2.1,2006943.0
2024-01-26 16:00:00+00:00,2.1,2.11,1.66,1.69,1151121.0
2024-01-26 20:00:00+00:00,1.69,1.82,1.68,1.82,1433086.0
2024-01-27 00:00:00+00:00,1.82,1.93,1.79,1.9,1007719.0
2024-01-27 04:00:00+00:00,1.9,2.0,1.89,1.97,907520.0
2024-01-27 08:00:00+00:00,1.97,2.15,1.93,2.08,2873998.0
2024-01-27 12:00:00+00:00,2.08,2.08,1.87,1.87,2349817.0
2024-01-27 16:00:00+00:00,1.87,1.94,1.86,1.93,1184420.0
2024-01-27 20:00:00+00:00,1.93,2.04,1.91,2.02,358163.0
2024-01-28 00:00:00+00:00,2.02,2.03,1.8,1.8,1101820.0
2024-01-28 04:00:00+00:00,1.8,2.36,1.79,2.31,7113428.0
2024-01-28 08:00:00+00:00,2.31,2.49,2.26,2.47,1082606.0
2024-01-28 12:00:00+00:00,2.47,2.48,2.03,2.03,2663674.0
2024-01-28 16:00:00+00:00,2.03,2.25,2.02,2.24,2667658.0
2024-01-28 20:00:00+00:00,2.24,2.26,1.9,1.91,1603037.0
2024-01-29 00:00:00+00:00,1.91,2.14,1.9,2.14,890161.0
2024-01-29 04:00:00+00:00,2.14,2.54,2.05,2.51,450760.0
2024-01-29 08:00:00+00:00,2.51,2.55,2.16,2.2,1925139.0
2024-01-29 12:00:00+00:00,2.2,2.57,2.19,2.52,955139.0
2024-01-29 16:00:00+00:00,2.52,2.71,2.49,2.68,1297071.0
2024-01-29 20:00:00+00:00,2.68,3.02,2.66,3.01,734406.0
2024-01-30 00:00:00+00:00,3.01,3.98,2.94,3.87,1625126.0
2024-01-30 04:00:00+00:00,3.87,3.9,3.67,3.73,1127198.0
2024-01-30 08:00:00+00:00,3.73,3.77,3.26,3.31,1529254.0
2024-01-30 12:00:00+00:00,3.31,3.35,2.79,2.87,800699.0
2024-01-30 16:00:00+00:00,2.87,2.88,2.51,2.52,2483230.0
2024-01-30 20:00:00+00:00,2.52,2.58,2.47,2.5,766064.0
2024-01-31 00:00:00+00:00,2.5,2.63,2.49,2.62,499715.0
2024-01-31 04:00:00+00:00,2.62,2.75,2.62,2.73,1067030.0
2024-01-31 08:00:00+00:00,2.73,3.08,2.72,3.08,1398402.0
2024-01-31 12:00:00+00:00,3.08,3.17,2.92,3.08,1092525.0
2024-01-31 16:00:00+00:00,3.08,3.81,3.01,3.75,3254061.0
2024-01-31 20:00:00+00:00,3.75,3.81,3.57,3.6,992126.0
2024-02-01 00:00:00+00:00,3.6,5.17,3.57,5.08,2097312.0
2024-02-01 04:00:00+00:00,5.08,5.59,5.02,5.56,739679.0
2024-02-01 08:00:00+00:00,5.56,5.73,4.71,4.85,2084711.0
2024-02-01 12:00:00+00:00,4.85,4.89,4.06,4.07,1622076.0
2024-02-01 16:00:00+00:00,4.07,4.39,4.05,4.37,988721.0
2024-02-01 20:00:00+00:00,4.37,4.38,4.23,4.23,423592.0
2024-02-02 00:00:00+00:00,4.23,4.77,4.18,4.69,2726182.0
2024-02-02 04:00:00+00:00,4.69,5.09,4.63,5.02,658046.0
2024-02-02 08:00:00+00:00,5.02,5.06,4.96,4.97,766333.0
2024-02-02 12:00:00+00:00,4.97,4.97,4.35,4.35,1644056.0
2024-02-02 16:00:00+00:00,4.35,4.46,3.33,3.37,922914.0
2024-02-02 20:00:00+00:00,3.37,3.37,3.14,3.15,567724.0
2024-02-03 00:00:00+00:00,3.15,3.61,3.12,3.55,480061.0
2024-02-03 04:00:00+00:00,3.55,3.76,3.39,3.67,1576552.0
2024-02-03 08:00:00+00:00,3.67,3.69,2.97,2.99,1185893.0
2024-02-03 12:00:00+00:00,2.99,3.08,2.98,3.07,4671870.0
2024-02-03 16:00:00+00:00,3.07,3.31,3.05,3.25,715624.0
2024-02-03 20:00:00+00:00,3.25,3.43,3.19,3.41,6307548.0
2024-02-04 00:00:00+00:00,2.82,3.26,2.8,3.26,5795594.0
2024-02-04 04:00:00+00:00,2.89,3.14,2.75,3.14,8335098.0
2024-02-04 08:00:00+00:00,2.92,2.92,2.43,2.54,8533333.0
2024-02-04 12:00:00+00:00,2.43,2.59,2.42,2.56,1581398.0
2024-02-04 16:00:00+00:00,2.56,2.81,2.53,2.78,769823.0
2024-02-04 20:00:00+00:00,2.78,3.26,2.7,3.23,747134.0
2024-02-05 00:00:00+00:00,3.23,3.76,3.23,3.75,601295.0
2024-02-05 04:00:00+00:00,3.75,3.78,2.91,2.98,531782.0
2024-02-05 08:00:00+00:00,2.98,3.01,2.55,2.56,1094829.0
2024-02-05 12:00:00+00:00,2.56,2.77,2.54,2.76,1062684.0
2024-02-05 16:00:00+00:00,2.76,2.98,2.76,2.98,900446.0
2024-02-05 20:00:00+00:00,2.98,3.24,2.89,3.21,2300291.0
2024-02-06 00:00:00+00:00,3.21,5.08,3.21,5.07,5058089.0
2024-02-06 04:00:00+00:00,5.07,5.54,5.06,5.51,1066205.0
2024-02-06 08:00:00+00:00,5.51,6.47,5.48,6.46,617674.0
2024-02-06 12:00:00+00:00,6.46,7.58,6.36,7.39,1079366.0
2024-02-06 16:00:00+00:00,7.39,8.23,7.33,8.12,960764.0
2024-02-06 20:00:00+00:00,8.12,8.22,7.6,7.75,819453.0
2024-02-07 00:00:00+00:00,7.75,8.66,7.72,8.64,949043.0
2024-02-07 04:00:00+00:00,8.64,8.68,7.54,7.65,969450.0
2024-02-07 08:00:00+00:00,7.65,7.74,7.35,7.39,909041.0
2024-02-07 12:00:00+00:00,7.39,7.47,6.69,6.86,884018.0
2024-02-07 16:00:00+00:00,6.86,7.07,6.65,6.95,1154803.0
2024-02-07 20:00:00+00:00,6.95,9.36,6.95,9.35,2439613.0
2024-02-08 00:00:00+00:00,9.35,9.47,6.68,6.75,1164808.0
2024-02-08 04:00:00+00:00,6.75,7.45,6.74,7.45,2478145.0
2024-02-08 08:00:00+00:00,7.45,7.52,5.62,5.66,1054898.0
2024-02-08 12:00:00+00:00,5.66,5.66,5.23,5.26,538260.0
2024-02-08 16:00:00+00:00,5.26,6.15,5.24,6.13,1807039.0
2024-02-08 20:00:00+00:00,6.13,6.22,6.1,6.2,686214.0
2024-02-09 00:00:00+00:00,6.2,6.22,5.13,5.21,1734035.0
2024-02-09 04:00:00+00:00,5.21,5.24,4.64,4.66,396296.0
2024-02-09 08:00:00+00:00,4.66,4.7,3.88,3.91,16147458.0
2024-02-09 12:00:00+00:00,5.14,5.17,3.8,3.8,11397565.0
2024-02-09 16:00:00+00:00,4.58,4.74,4.16,4.16,3196098.0
2024-02-09 20:00:00+00:00,4.74,4.88,4.36,4.36,3005272.0
2024-02-10 00:00:00+00:00,4.78,4.78,4.05,4.05,18242145.0
2024-02-10 04:00:00+00:00,4.32,5.76,4.3,5.46,8367893.0
2024-02-10 08:00:00+00:00,5.71,6.35,5.66,6.26,849318.0
2024-02-10 12:00:00+00:00,6.26,6.28,4.35,4.37,614396.0
2024-02-10 16:00:00+00:00,4.37,4.5,4.37,4.5,912529.0
2024-02-10 20:00:00+00:00,4.5,4.51,4.03,4.06,1154980.0
2024-02-11 00:00:00+00:00,4.06,4.72,3.95,4.58,1983704.0
2024-02-11 04:00:00+00:00,4.58,4.61,3.99,4.04,672266.0
2024-02-11 08:00:00+00:00,4.04,4.1,3.94,3.97,490130.0
2024-02-11 12:00:00+00:00,3.97,4.34,3.96,4.28,1540227.0
2024-02-11 16:00:00+00:00,4.28,4.85,4.27,4.84,2304357.0
2024-02-11 20:00:00+00:00,4.84,4.87,3.95,3.97,700558.0
2024-02-12 00:00:00+00:00,3.97,4.05,3.75,3.78,1970136.0
2024-02-12 04:00:00+00:00,3.78,3.78,3.51,3.51,1233401.0
2024-02-12 08:00:00+00:00,3.51,3.53,3.16,3.17,2228102.0
2024-02-12 12:00:00+00:00,3.17,4.04,3.17,4.02,1735607.0
2024-02-12 16:00:00+00:00,4.02,4.29,3.99,4.26,335852.0
2024-02-12 20:00:00+00:00,4.26,4.35,3.26,3.46,1449860.0
2024-02-13 00:00:00+00:00,3.46,3.95,3.46,3.94,2405975.0
2024-02-13 04:00:00+00:00,3.94,5.23,3.91,5.2,1252353.0
2024-02-13 08:00:00+00:00,5.2,6.02,5.19,6.01,1208767.0
2024-02-13 12:00:00+00:00,6.01,6.24,4.5,4.65,1539150.0
2024-02-13 16:00:00+00:00,4.65,4.65,4.31,4.31,285093.0
2024-02-13 20:00:00+00:00,4.31,5.17,4.29,5.14,3627611.0
2024-02-14 00:00:00+00:00,5.14,5.21,4.53,4.6,838384.0
2024-02-14 04:00:00+00:00,4.6,5.0,4.57,4.91,1548292.0
2024-02-14 08:00:00+00:00,4.91,5.5,4.87,5.48,1293841.0
2024-02-14 12:00:00+00:00,5.48,5.5,4.7,4.72,2652914.0
2024-02-14 16:00:00+00:00,4.72,4.76,4.67,4.69,1254920.0
2024-02-14 20:00:00+00:00,4.69,4.7,2.43,2.44,2169374.0
2024-02-15 00:00:00+00:00,2.44,2.44,2.06,2.06,933100.0
2024-02-15 04:00:00+00:00,2.06,2.08,1.98,1.99,1656238.0
2024-02-15 08:00:00+00:00,1.99,1.99,1.61,1.62,611114.0
2024-02-15 12:00:00+00:00,1.62,2.02,1.61,2.01,2398711.0
2024-02-15 16:00:00+00:00,2.01,2.03,1.56,1.58,947527.0
2024-02-15 20:00:00+00:00,1.58,1.63,1.42,1.48,2237064.0
2024-02-16 00:00:00+00:00,1.48,1.52,1.46,1.51,1149826.0
2024-02-16 04:00:00+00:00,1.51,1.84,1.51,1.84,2274666.0
2024-02-16 08:00:00+00:00,1.84,1.84,1.44,1.44,1713196.0
2024-02-16 12:00:00+00:00,1.44,1.75,1.4,1.69,635002.0
2024-02-16 16:00:00+00:00,1.69,1.7,1.69,1.7,654309.0
2024-02-16 20:00:00+00:00,1.7,1.7,1.45,1.45,2006202.0
2024-02-17 00:00:00+00:00,1.45,1.56,1.44,1.55,1314493.0
2024-02-17 04:00:00+00:00,1.55,1.62,1.55,1.6,1969038.0
2024-02-17 08:00:00+00:00,1.6,1.61,1.44,1.46,1552255.0
2024-02-17 12:00:00+00:00,1.46,1.48,1.45,1.47,636837.0
2024-02-17 16:00:00+00:00,1.47,1.47,1.39,1.39,786234.0
2024-02-17 20:00:00+00:00,1.39,1.46,1.34,1.41,1107706.0
2024-02-18 00:00:00+00:00,1.41,1.56,1.41,1.55,407940.0
2024-02-18 04:00:00+00:00,1.55,1.94,1.53,1.92,3958674.0
2024-02-18 08:00:00+00:00,1.92,1.96,1.55,1.57,1940825.0
2024-02-18 12:00:00+00:00,1.57,2.08,1.55,2.07,3621091.0
2024-02-18 16:00:00+00:00,2.07,2.08,1.46,1.46,851958.0
2024-02-18 20:00:00+00:00,1.46,1.47,1.43,1.43,1989333.0
2024-02-19 00:00:00+00:00,1.43,1.56,1.41,1.56,3860072.0
2024-02-19 04:00:00+00:00,1.56,1.65,1.53,1.62,582175.0
2024-02-19 08:00:00+00:00,1.62,1.68,1.44,1.47,1882214.0
2024-02-19 12:00:00+00:00,1.47,1.47,1.42,1.43,1093981.0
2024-02-19 16:00:00+00:00,1.43,1.43,1.32,1.32,564386.0
2024-02-19 20:00:00+00:00,1.32,1.37,1.18,1.2,1618634.0
2024-02-20 00:00:00+00:00,1.2,1.38,1.19,1.36,2097198.0
2024-02-20 04:00:00+00:00,1.36,1.47,1.34,1.43,859333.0
2024-02-20 08:00:00+00:00,1.43,1.43,1.28,1.28,2350062.0
2024-02-20 12:00:00+00:00,1.28,1.46,1.27,1.45,610427.0
2024-02-20 16:00:00+00:00,1.45,1.54,1.44,1.52,538982.0
2024-02-20 20:00:00+00:00,1.52,1.73,1.51,1.71,1461986.0
2024-02-21 00:00:00+00:00,1.71,1.88,1.7,1.87,1299328.0
2024-02-21 04:00:00+00:00,1.87,1.87,1.63,1.63,959910.0
2024-02-21 08:00:00+00:00,1.63,1.64,1.48,1.5,1877669.0
2024-02-21 12:00:00+00:00,1.5,1.67,1.49,1.66,1741744.0
2024-02-21 16:00:00+00:00,1.66,1.82,1.65,1.82,1956637.0
2024-02-21 20:00:00+00:00,1.82,1.87,1.75,1.81,949828.0
2024-02-22 00:00:00+00:00,1.81,1.85,1.8,1.84,1420845.0
2024-02-22 04:00:00+00:00,1.84,2.21,1.79,2.19,1251597.0
2024-02-22 08:00:00+00:00,2.19,2.19,1.99,1.99,3538393.0
2024-02-22 12:00:00+00:00,1.99,2.17,1.96,2.16,829461.0
2024-02-22 16:00:00+00:00,2.16,2.19,1.96,2.09,3128960.0
2024-02-22 20:00:00+00:00,2.09,2.09,2.02,2.02,1118415.0
2024-02-23 00:00:00+00:00,2.02,2.35,2.02,2.35,750673.0
2024-02-23 04:00:00+00:00,2.35,2.65,2.34,2.64,2715561.0
2024-02-23 08:00:00+00:00,2.64,2.97,2.64,2.96,1453465.0
2024-02-23 12:00:00+00:00,2.96,3.61,2.94,3.54,2427479.0
2024-02-23 16:00:00+00:00,3.54,3.69,3.5,3.55,1858834.0
2024-02-23 20:00:00+00:00,3.55,3.94,3.54,3.91,1540345.0
2024-02-24 00:00:00+00:00,3.91,3.92,3.71,3.73,848648.0
2024-02-24 04:00:00+00:00,3.73,3.94,3.71,3.9,1863904.0
2024-02-24 08:00:00+00:00,3.9,3.96,3.78,3.83,1060560.0
2024-02-24 12:00:00+00:00,3.83,3.88,3.82,3.88,1468058.0
2024-02-24 16:00:00+00:00,3.88,4.26,3.85,4.22,430397.0
2024-02-24 20:00:00+00:00,4.22,4.28,3.68,3.7,1713001.0
2024-02-25 00:00:00+00:00,3.7,4.89,3.65,4.86,1409586.0
2024-02-25 04:00:00+00:00,4.86,4.88,4.12,4.12,3324522.0
2024-02-25 08:00:00+00:00,4.12,4.16,3.31,3.37,2114152.0
2024-02-25 12:00:00+00:00,3.37,3.95,3.36,3.95,1712853.0
2024-02-25 16:00:00+00:00,3.95,4.43,3.94,4.42,1727141.0
2024-02-25 20:00:00+00:00,4.42,4.93,4.32,4.83,776304.0
2024-02-26 00:00:00+00:00,4.83,5.35,4.77,5.28,2883773.0
2024-02-26 04:00:00+00:00,5.28,5.29,5.27,5.27,2726912.0
2024-02-26 08:00:00+00:00,5.27,5.28,4.55,4.57,1703597.0
2024-02-26 12:00:00+00:00,4.57,4.62,4.55,4.62,2285894.0
2024-02-26 16:00:00+00:00,4.62,4.63,4.14,4.15,980963.0
2024-02-26 20:00:00+00:00,4.15,4.76,4.13,4.75,964443.0
2024-02-27 00:00:00+00:00,4.75,4.75,4.64,4.64,1090380.0
2024-02-27 04:00:00+00:00,4.64,4.66,4.03,4.07,1706612.0
2024-02-27 08:00:00+00:00,4.07,4.12,3.82,3.87,941729.0
2024-02-27 12:00:00+00:00,3.87,4.14,3.83,4.1,1548811.0
2024-02-27 16:00:00+00:00,4.1,4.16,3.72,3.75,1463768.0
2024-02-27 20:00:00+00:00,3.75,3.76,3.28,3.29,832982.0
2024-02-28 00:00:00+00:00,3.29,3.55,3.23,3.41,1435426.0
2024-02-28 04:00:00+00:00,3.41,3.59,3.34,3.53,1706324.0
2024-02-28 08:00:00+00:00,3.53,3.6,3.22,3.26,1340480.0
2024-02-28 12:00:00+00:00,3.26,3.33,2.99,3.03,2160635.0
2024-02-28 16:00:00+00:00,3.03,3.22,2.95,3.13,599657.0
2024-02-28 20:00:00+00:00,3.13,3.14,2.42,2.45,2089849.0
2024-02-29 00:00:00+00:00,2.45,2.45,1.93,1.93,911068.0
2024-02-29 04:00:00+00:00,1.93,1.94,1.7,1.72,759398.0
2024-02-29 08:00:00+00:00,1.72,1.75,1.65,1.66,801138.0
2024-02-29 12:00:00+00:00,1.66,1.77,1.65,1.74,710324.0
2024-02-29 16:00:00+00:00,1.74,2.14,1.73,2.12,1263440.0
2024-02-29 20:00:00+00:00,2.12,2.4,2.12,2.39,1243228.0
2024-03-01 00:00:00+00:00,2.39,2.41,2.33,2.33,1632531.0
2024-03-01 04:00:00+00:00,2.33,2.41,2.28,2.33,860806.0
2024-03-01 08:00:00+00:00,2.33,2.36,1.97,1.98,654784.0
2024-03-01 12:00:00+00:00,1.98,2.0,1.96,1.97,1786902.0
2024-03-01 16:00:00+00:00,1.97,1.98,1.88,1.89,743673.0
2024-03-01 20:00:00+00:00,1.89,1.98,1.87,1.98,1110003.0
2024-03-02 00:00:00+00:00,1.98,2.03,1.7,1.73,1718197.0
2024-03-02 04:00:00+00:00,1.73,1.88,1.71,1.86,1360852.0
2024-03-02 08:00:00+00:00,1.86,2.31,1.82,2.29,2916594.0
2024-03-02 12:00:00+00:00,2.29,2.31,2.25,2.25,1335448.0
2024-03-02 16:00:00+00:00,2.25,2.4,2.22,2.39,765631.0
2024-03-02 20:00:00+00:00,2.39,2.63,2.38,2.63,3889102.0
2024-03-03 00:00:00+00:00,2.63,2.68,2.46,2.47,1303248.0
2024-03-03 04:00:00+00:00,2.47,2.57,2.46,2.55,1020797.0
2024-03-03 08:00:00+00:00,2.55,2.56,2.53,2.56,1625217.0
2024-03-03 12:00:00+00:00,2.56,2.62,2.53,2.59,1179622.0
2024-03-03 16:00:00+00:00,2.59,2.7,2.27,2.3,1639100.0
2024-03-03 20:00:00+00:00,2.3,2.3,2.29,2.3,3508427.0
2024-03-04 00:00:00+00:00,2.3,2.52,2.26,2.47,1062275.0
2024-03-04 04:00:00+00:00,2.47,3.01,2.46,3.01,1408594.0
2024-03-04 08:00:00+00:00,3.01,3.45,2.98,3.44,1515653.0
2024-03-04 12:00:00+00:00,3.44,4.55,3.43,4.54,3361299.0
2024-03-04 16:00:00+00:00,4.54,4.57,4.01,4.02,634247.0
2024-03-04 20:00:00+00:00,4.02,4.57,3.99,4.54,520528.0
2024-03-05 00:00:00+00:00,4.54,4.67,4.54,4.66,805826.0
2024-03-05 04:00:00+00:00,4.66,6.24,4.64,6.19,876343.0
2024-03-05 08:00:00+00:00,6.19,6.42,5.35,5.44,1104117.0
2024-03-05 12:00:00+00:00,5.44,5.44,4.74,4.75,1773572.0
2024-03-05 16:00:00+00:00,4.75,4.79,4.23,4.32,814413.0
2024-03-05 20:00:00+00:00,4.32,4.34,2.93,2.94,959046.0
2024-03-06 00:00:00+00:00,2.94,2.97,2.68,2.71,1281850.0
2024-03-06 04:00:00+00:00,2.71,2.72,2.39,2.4,2067419.0
2024-03-06 08:00:00+00:00,2.4,2.46,2.39,2.45,456834.0
2024-03-06 12:00:00+00:00,2.45,2.58,2.45,2.58,1736028.0
2024-03-06 16:00:00+00:00,2.58,3.3,2.57,3.3,2773020.0
2024-03-06 20:00:00+00:00,3.3,3.77,3.29,3.77,2298093.0
2024-03-07 00:00:00+00:00,3.77,3.8,3.4,3.44,2319094.0
2024-03-07 04:00:00+00:00,3.44,3.53,2.92,2.98,4227200.0
2024-03-07 08:00:00+00:00,2.98,3.23,2.91,3.19,1021003.0
2024-03-07 12:00:00+00:00,3.19,3.25,2.54,2.56,1685317.0
2024-03-07 16:00:00+00:00,2.56,3.27,2.56,3.26,1480177.0
2024-03-07 20:00:00+00:00,3.26,3.85,3.25,3.84,1530938.0
2024-03-08 00:00:00+00:00,3.84,3.85,3.55,3.57,2609254.0
2024-03-08 04:00:00+00:00,3.57,3.57,2.64,2.65,904576.0
2024-03-08 08:00:00+00:00,2.65,3.21,2.63,3.18,1045456.0
2024-03-08 12:00:00+00:00,3.18,3.2,3.1,3.13,2096006.0
2024-03-08 16:00:00+00:00,3.13,3.72,3.11,3.71,2586309.0
2024-03-08 20:00:00+00:00,3.71,3.72,2.81,2.82,1433338.0
2024-03-09 00:00:00+00:00,2.82,2.85,2.5,2.56,1948266.0
2024-03-09 04:00:00+00:00,2.56,2.62,2.54,2.56,1187419.0
2024-03-09 08:00:00+00:00,2.56,2.59,2.56,2.58,2158838.0
2024-03-09 12:00:00+00:00,2.58,2.64,2.35,2.41,1243860.0
2024-03-09 16:00:00+00:00,2.41,2.74,2.36,2.63,2136136.0
2024-03-09 20:00:00+00:00,2.63,2.65,2.21,2.21,5551718.0
2024-03-10 00:00:00+00:00,2.21,2.22,2.15,2.16,1436506.0
2024-03-10 04:00:00+00:00,2.16,2.22,2.15,2.2,1079183.0
2024-03-10 08:00:00+00:00,2.2,2.44,2.14,2.37,1763451.0
2024-03-10 12:00:00+00:00,2.37,2.65,2.29,2.62,1098911.0
2024-03-10 16:00:00+00:00,2.62,2.62,2.18,2.18,4974060.0
2024-03-10 20:00:00+00:00,2.18,2.18,1.66,1.68,1850816.0
2024-03-11 00:00:00+00:00,1.68,2.02,1.67,2.0,1373081.0
2024-03-11 04:00:00+00:00,2.0,2.11,1.98,2.1,756204.0
2024-03-11 08:00:00+00:00,2.1,2.1,1.85,1.86,2315746.0
2024-03-11 12:00:00+00:00,1.86,2.33,1.82,2.29,2617974.0
2024-03-11 16:00:00+00:00,2.29,2.35,2.26,2.33,819555.0
2024-03-11 20:00:00+00:00,2.33,2.8,2.29,2.74,2036739.0
2024-03-12 00:00:00+00:00,2.74,2.85,2.71,2.77,484110.0
2024-03-12 04:00:00+00:00,2.77,3.66,2.73,3.61,2102502.0
2024-03-12 08:00:00+00:00,3.61,4.59,3.59,4.56,2243189.0
2024-03-12 12:00:00+00:00,4.56,4.59,4.33,4.39,2614040.0
2024-03-12 16:00:00+00:00,4.39,5.04,4.38,5.03,976751.0
2024-03-12 20:00:00+00:00,5.03,5.54,4.94,5.51,680363.0
2024-03-13 00:00:00+00:00,5.51,6.65,5.5,6.64,1031924.0
2024-03-13 04:00:00+00:00,6.64,6.74,5.63,5.68,735785.0
2024-03-13 08:00:00+00:00,5.68,6.28,5.67,6.26,2550872.0
2024-03-13 12:00:00+00:00,6.26,7.26,6.25,7.25,3199521.0
2024-03-13 16:00:00+00:00,7.25,7.26,5.32,5.34,2103993.0
2024-03-13 20:00:00+00:00,5.34,5.34,4.38,4.39,2824619.0
2024-03-14 00:00:00+00:00,4.39,4.45,3.01,3.04,2051912.0
2024-03-14 04:00:00+00:00,3.04,3.08,2.88,2.92,1070446.0
2024-03-14 08:00:00+00:00,2.92,3.25,2.89,3.23,1118807.0
2024-03-14 12:00:00+00:00,3.23,3.97,3.23,3.96,1433922.0
2024-03-14 16:00:00+00:00,3.96,4.0,3.95,4.0,475928.0
2024-03-14 20:00:00+00:00,4.0,4.97,4.0,4.97,1967975.0
2024-03-15 00:00:00+00:00,4.97,4.98,3.93,3.93,1590145.0
2024-03-15 04:00:00+00:00,3.93,4.03,2.87,2.93,2566535.0
2024-03-15 08:00:00+00:00,2.93,2.94,2.89,2.9,1075700.0
2024-03-15 12:00:00+00:00,2.9,3.08,2.89,3.07,1078010.0
2024-03-15 16:00:00+00:00,3.07,3.07,3.05,3.05,657451.0
2024-03-15 20:00:00+00:00,3.05,3.06,2.11,2.11,1990419.0
2024-03-16 00:00:00+00:00,2.11,2.14,2.07,2.08,1506937.0
2024-03-16 04:00:00+00:00,2.08,2.11,1.67,1.68,894540.0
2024-03-16 08:00:00+00:00,1.68,1.85,1.67,1.85,1357666.0
2024-03-16 12:00:00+00:00,1.85,1.95,1.84,1.95,1306884.0
2024-03-16 16:00:00+00:00,1.95,1.96,1.66,1.67,995023.0
2024-03-16 20:00:00+00:00,1.67,1.67,1.54,1.54,919106.0
2024-03-17 00:00:00+00:00,1.54,1.54,1.29,1.3,1659312.0
2024-03-17 04:00:00+00:00,1.3,1.35,1.25,1.28,584528.0
2024-03-17 08:00:00+00:00,1.28,1.47,1.27,1.46,1695661.0
2024-03-17 12:00:00+00:00,1.46,1.47,1.23,1.25,923944.0
2024-03-17 16:00:00+00:00,1.25,1.35,1.24,1.34,2083620.0
2024-03-17 20:00:00+00:00,1.34,1.35,1.23,1.23,3993520.0
2024-03-18 00:00:00+00:00,1.23,1.24,1.07,1.08,883726.0
2024-03-18 04:00:00+00:00,1.08,1.1,1.06,1.07,1372070.0
2024-03-18 08:00:00+00:00,1.07,1.08,0.89,0.9,1019108.0
2024-03-18 12:00:00+00:00,0.9,0.9,0.82,0.82,2106104.0
2024-03-18 16:00:00+00:00,0.82,0.83,0.67,0.68,818822.0
2024-03-18 20:00:00+00:00,0.68,0.88,0.67,0.87,2392740.0
2024-03-19 00:00:00+00:00,0.87,0.91,0.87,0.88,654917.0
2024-03-19 04:00:00+00:00,0.88,0.88,0.78,0.79,1184040.0
2024-03-19 08:00:00+00:00,0.79,0.82,0.78,0.81,653126.0
2024-03-19 12:00:00+00:00,0.81,0.81,0.8,0.8,1588895.0
2024-03-19 16:00:00+00:00,0.8,0.81,0.77,0.77,724956.0
2024-03-19 20:00:00+00:00,0.77,0.84,0.77,0.84,1678366.0
2024-03-20 00:00:00+00:00,0.84,0.94,0.84,0.93,1126548.0
2024-03-20 04:00:00+00:00,0.93,0.94,0.86,0.86,1172543.0
2024-03-20 08:00:00+00:00,0.86,0.87,0.78,0.78,1358825.0
2024-03-20 12:00:00+00:00,0.78,0.79,0.75,0.75,769846.0
2024-03-20 16:00:00+00:00,0.75,0.75,0.49,0.49,2265046.0
2024-03-20 20:00:00+00:00,0.49,0.51,0.37,0.38,3621497.0
2024-03-21 00:00:00+00:00,0.38,0.46,0.38,0.46,1092427.0
2024-03-21 04:00:00+00:00,0.46,0.57,0.45,0.57,3120812.0
2024-03-21 08:00:00+00:00,0.57,0.57,0.54,0.55,2358845.0
2024-03-21 12:00:00+00:00,0.55,0.59,0.55,0.59,835261.0
2024-03-21 16:00:00+00:00,0.59,0.63,0.58,0.62,549159.0
2024-03-21 20:00:00+00:00,0.62,0.91,0.62,0.91,2770345.0
2024-03-22 00:00:00+00:00,0.91,1.07,0.9,1.06,1141131.0
2024-03-22 04:00:00+00:00,1.06,1.07,1.03,1.04,2700778.0
2024-03-22 08:00:00+00:00,1.04,1.04,0.87,0.89,1457311.0
2024-03-22 12:00:00+00:00,0.89,0.89,0.66,0.67,1156004.0
2024-03-22 16:00:00+00:00,0.67,0.69,0.67,0.69,613073.0
2024-03-22 20:00:00+00:00,0.69,0.69,0.61,0.61,2317753.0
2024-03-23 00:00:00+00:00,0.61,0.62,0.48,0.48,1235347.0
2024-03-23 04:00:00+00:00,0.48,0.49,0.43,0.43,1323358.0
2024-03-23 08:00:00+00:00,0.43,0.44,0.36,0.36,2403628.0
2024-03-23 12:00:00+00:00,0.36,0.46,0.36,0.45,1377928.0
2024-03-23 16:00:00+00:00,0.45,0.52,0.44,0.51,1361290.0
2024-03-23 20:00:00+00:00,0.51,0.52,0.51,0.51,999136.0
2024-03-24 00:00:00+00:00,0.51,0.63,0.51,0.62,2324954.0
2024-03-24 04:00:00+00:00,0.62,0.64,0.62,0.63,1385133.0
2024-03-24 08:00:00+00:00,0.63,0.63,0.54,0.55,1243108.0
2024-03-24 12:00:00+00:00,0.55,0.67,0.55,0.67,1735794.0
2024-03-24 16:00:00+00:00,0.67,0.75,0.67,0.73,1028406.0
2024-03-24 20:00:00+00:00,0.73,0.74,0.6,0.61,702576.0
2024-03-25 00:00:00+00:00,0.61,0.62,0.59,0.59,1239508.0
2024-03-25 04:00:00+00:00,0.59,0.59,0.52,0.52,3601024.0
2024-03-25 08:00:00+00:00,0.52,0.52,0.41,0.41,1045492.0
2024-03-25 12:00:00+00:00,0.41,0.47,0.4,0.46,959788.0
2024-03-25 16:00:00+00:00,0.46,0.61,0.45,0.6,1200301.0
2024-03-25 20:00:00+00:00,0.6,0.6,0.47,0.47,2346744.0
2024-03-26 00:00:00+00:00,0.47,0.51,0.47,0.51,1563173.0
2024-03-26 04:00:00+00:00,0.51,0.52,0.45,0.46,1198133.0
2024-03-26 08:00:00+00:00,0.46,0.46,0.42,0.42,773079.0
2024-03-26 12:00:00+00:00,0.42,0.43,0.38,0.39,1330853.0
2024-03-26 16:00:00+00:00,0.39,0.4,0.32,0.34,637089.0
2024-03-26 20:00:00+00:00,0.34,0.34,0.34,0.34,1093276.0
2024-03-27 00:00:00+00:00,0.34,0.34,0.29,0.3,2123438.0
2024-03-27 04:00:00+00:00,0.3,0.31,0.3,0.31,597788.0
2024-03-27 08:00:00+00:00,0.31,0.31,0.3,0.3,477217.0
2024-03-27 12:00:00+00:00,0.3,0.31,0.29,0.29,2446391.0
2024-03-27 16:00:00+00:00,0.29,0.3,0.25,0.25,1040000.0
2024-03-27 20:00:00+00:00,0.25,0.26,0.22,0.23,2230133.0
2024-03-28 00:00:00+00:00,0.23,0.26,0.23,0.26,1236737.0
2024-03-28 04:00:00+00:00,0.26,0.28,0.26,0.28,1126230.0
2024-03-28 08:00:00+00:00,0.28,0.28,0.23,0.23,1798004.0
2024-03-28 12:00:00+00:00,0.23,0.24,0.23,0.24,668804.0
2024-03-28 16:00:00+00:00,0.24,0.27,0.24,0.26,1422576.0
2024-03-28 20:00:00+00:00,0.26,0.26,0.2,0.2,1450533.0
2024-03-29 00:00:00+00:00,0.2,0.21,0.2,0.21,640945.0
2024-03-29 04:00:00+00:00,0.21,0.21,0.19,0.19,1541645.0
2024-03-29 08:00:00+00:00,0.19,0.21,0.19,0.21,1098176.0
2024-03-29 12:00:00+00:00,0.21,0.21,0.18,0.18,1245757.0
2024-03-29 16:00:00+00:00,0.18,0.19,0.13,0.13,991706.0
2024-03-29 20:00:00+00:00,0.13,0.13,0.1,0.1,3847800.0
2024-03-30 00:00:00+00:00,0.1,0.1,0.1,0.1,1577574.0
2024-03-30 04:00:00+00:00,0.1,0.11,0.1,0.11,1799949.0
2024-03-30 08:00:00+00:00,0.11,0.11,0.09,0.09,1210059.0
2024-03-30 12:00:00+00:00,0.09,0.1,0.09,0.1,540648.0
2024-03-30 16:00:00+00:00,0.1,0.1,0.07,0.07,4650284.0
2024-03-30 20:00:00+00:00,0.07,0.08,0.07,0.07,1002412.0
2024-03-31 00:00:00+00:00,0.07,0.07,0.06,0.06,1061579.0
2024-03-31 04:00:00+00:00,0.06,0.06,0.05,0.05,1597538.0
2024-03-31 08:00:00+00:00,0.05,0.06,0.05,0.05,1824114.0
2024-03-31 12:00:00+00:00,0.05,0.06,0.05,0.05,1369968.0
2024-03-31 16:00:00+00:00,0.05,0.05,0.04,0.04,2229802.0
2024-03-31 20:00:00+00:00,0.04,0.05,0.04,0.05,2490803.0
2024-04-01 00:00:00+00:00,0.05,0.05,0.05,0.05,737371.0
2024-04-01 04:00:00+00:00,0.05,0.05,0.05,0.05,980064.0
2024-04-01 08:00:00+00:00,0.05,0.05,0.04,0.04,2440023.0
2024-04-01 12:00:00+00:00,0.04,0.05,0.04,0.05,318182.0
2024-04-01 16:00:00+00:00,0.05,0.06,0.05,0.06,1527000.0
2024-04-01 20:00:00+00:00,0.06,0.06,0.04,0.04,1034410.0
2024-04-02 00:00:00+00:00,0.04,0.04,0.03,0.03,1073006.0
2024-04-02 04:00:00+00:00,0.03,0.03,0.03,0.03,1082235.0
2024-04-02 08:00:00+00:00,0.03,0.04,0.03,0.03,914885.0
2024-04-02 12:00:00+00:00,0.03,0.04,0.03,0.04,883215.0
2024-04-02 16:00:00+00:00,0.04,0.04,0.03,0.03,736460.0
2024-04-02 20:00:00+00:00,0.03,0.03,0.03,0.03,3259228.0
2024-04-03 00:00:00+00:00,0.03,0.03,0.03,0.03,2727597.0
2024-04-03 04:00:00+00:00,0.03,0.04,0.03,0.04,849417.0
2024-04-03 08:00:00+00:00,0.04,0.04,0.04,0.04,2452549.0
2024-04-03 12:00:00+00:00,0.04,0.04,0.04,0.04,941300.0
2024-04-03 16:00:00+00:00,0.04,0.04,0.04,0.04,1267053.0
2024-04-03 20:00:00+00:00,0.04,0.04,0.04,0.04,1183755.0
2024-04-04 00:00:00+00:00,0.04,0.04,0.03,0.03,860632.0
2024-04-04 04:00:00+00:00,0.03,0.04,0.03,0.03,1922102.0
2024-04-04 08:00:00+00:00,0.03,0.03,0.03,0.03,1269024.0
2024-04-04 12:00:00+00:00,0.03,0.03,0.03,0.03,889088.0
2024-04-04 16:00:00+00:00,0.03,0.04,0.03,0.04,1006234.0
2024-04-04 20:00:00+00:00,0.04,0.05,0.04,0.05,889184.0
2024-04-05 00:00:00+00:00,0.05,0.05,0.05,0.05,505524.0
2024-04-05 04:00:00+00:00,0.05,0.06,0.05,0.06,1548180.0
2024-04-05 08:00:00+00:00,0.06,0.06,0.05,0.05,651624.0
2024-04-05 12:00:00+00:00,0.05,0.05,0.04,0.04,1680218.0
2024-04-05 16:00:00+00:00,0.04,0.04,0.03,0.03,2886962.0
2024-04-05 20:00:00+00:00,0.03,0.03,0.02,0.02,3357641.0
2024-04-06 00:00:00+00:00,0.02,0.02,0.02,0.02,1141044.0
2024-04-06 04:00:00+00:00,0.02,0.02,0.02,0.02,964032.0
2024-04-06 08:00:00+00:00,0.02,0.03,0.02,0.03,4458460.0
2024-04-06 12:00:00+00:00,0.03,0.03,0.03,0.03,1486731.0
2024-04-06 16:00:00+00:00,0.03,0.03,0.03,0.03,933474.0
2024-04-06 20:00:00+00:00,0.03,0.03,0.03,0.03,672595.0
2024-04-07 00:00:00+00:00,0.03,0.03,0.02,0.02,2430457.0
2024-04-07 04:00:00+00:00,0.02,0.02,0.02,0.02,1672989.0
2024-04-07 08:00:00+00:00,0.02,0.02,0.02,0.02,981522.0
2024-04-07 12:00:00+00:00,0.02,0.02,0.02,0.02,1927272.0
2024-04-07 16:00:00+00:00,0.02,0.02,0.02,0.02,1262336.0
2024-04-07 20:00:00+00:00,0.02,0.02,0.02,0.02,1050452.0
2024-04-08 00:00:00+00:00,0.02,0.02,0.02,0.02,342284.0
2024-04-08 04:00:00+00:00,0.02,0.02,0.02,0.02,1149464.0
2024-04-08 08:00:00+00:00,0.02,0.03,0.02,0.03,3282061.0
2024-04-08 12:00:00+00:00,0.03,0.03,0.03,0.03,788705.0
2024-04-08 16:00:00+00:00,0.03,0.03,0.03,0.03,1140991.0
2024-04-08 20:00:00+00:00,0.03,0.03,0.03,0.03,827046.0
2024-04-09 00:00:00+00:00,0.03,0.03,0.03,0.03,1655619.0
2024-04-09 04:00:00+00:00,0.03,0.03,0.03,0.03,1232623.0
2024-04-09 08:00:00+00:00,0.03,0.03,0.03,0.03,866123.0
2024-04-09 12:00:00+00:00,0.03,0.03,0.03,0.03,2009740.0
2024-04-09 16:00:00+00:00,0.03,0.03,0.02,0.02,1929779.0
2024-04-09 20:00:00+00:00,0.02,0.03,0.02,0.03,898401.0
2024-04-10 00:00:00+00:00,0.03,0.03,0.03,0.03,1475458.0
2024-04-10 04:00:00+00:00,0.03,0.03,0.03,0.03,1919443.0
2024-04-10 08:00:00+00:00,0.03,0.03,0.03,0.03,1694693.0
2024-04-10 12:00:00+00:00,0.03,0.03,0.03,0.03,480539.0
2024-04-10 16:00:00+00:00,0.03,0.03,0.02,0.02,2382037.0
2024-04-10 20:00:00+00:00,0.02,0.02,0.02,0.02,902140.0
2024-04-11 00:00:00+00:00,0.02,0.02,0.02,0.02,978593.0
2024-04-11 04:00:00+00:00,0.02,0.03,0.02,0.03,5015454.0
2024-04-11 08:00:00+00:00,0.03,0.03,0.02,0.02,1644778.0
2024-04-11 12:00:00+00:00,0.02,0.03,0.02,0.03,1147490.0
2024-04-11 16:00:00+00:00,0.03,0.03,0.03,0.03,534756.0
2024-04-11 20:00:00+00:00,0.03,0.03,0.03,0.03,2377730.0
2024-04-12 00:00:00+00:00,0.03,0.04,0.03,0.04,941829.0
2024-04-12 04:00:00+00:00,0.04,0.04,0.04,0.04,815815.0
2024-04-12 08:00:00+00:00,0.04,0.04,0.03,0.03,1321157.0
2024-04-12 12:00:00+00:00,0.03,0.03,0.02,0.02,3653629.0
2024-04-12 16:00:00+00:00,0.02,0.03,0.02,0.03,2464370.0
2024-04-12 20:00:00+00:00,0.03,0.03,0.03,0.03,1197141.0
2024-04-13 00:00:00+00:00,0.03,0.03,0.03,0.03,1194662.0
2024-04-13 04:00:00+00:00,0.03,0.03,0.03,0.03,833704.0
2024-04-13 08:00:00+00:00,0.03,0.03,0.03,0.03,1614274.0
2024-04-13 12:00:00+00:00,0.03,0.04,0.03,0.04,2180181.0
2024-04-13 16:00:00+00:00,0.04,0.04,0.03,0.04,1719384.0
2024-04-13 20:00:00+00:00,0.04,0.04,0.04,0.04,1703305.0
2024-04-14 00:00:00+00:00,0.04,0.04,0.04,0.04,1696207.0
2024-04-14 04:00:00+00:00,0.04,0.04,0.04,0.04,1015866.0
2024-04-14 08:00:00+00:00,0.04,0.05,0.04,0.04,1596790.0
2024-04-14 12:00:00+00:00,0.04,0.05,0.04,0.04,1293616.0
2024-04-14 16:00:00+00:00,0.04,0.04,0.04,0.04,706429.0
2024-04-14 20:00:00+00:00,0.04,0.05,0.04,0.05,1510662.0
2024-04-15 00:00:00+00:00,0.05,0.07,0.05,0.07,1676063.0
2024-04-15 04:00:00+00:00,0.07,0.08,0.07,0.08,2708486.0
2024-04-15 08:00:00+00:00,0.08,0.08,0.07,0.07,1121026.0
2024-04-15 12:00:00+00:00,0.07,0.07,0.06,0.06,788864.0
2024-04-15 16:00:00+00:00,0.06,0.07,0.06,0.06,1085675.0
2024-04-15 20:00:00+00:00,0.06,0.06,0.06,0.06,1086170.0
2024-04-16 00:00:00+00:00,0.06,0.07,0.06,0.07,1631275.0
2024-04-16 04:00:00+00:00,0.07,0.07,0.05,0.05,2788269.0
2024-04-16 08:00:00+00:00,0.05,0.07,0.05,0.07,2812171.0
2024-04-16 12:00:00+00:00,0.07,0.07,0.07,0.07,794822.0
2024-04-16 16:00:00+00:00,0.07,0.07,0.06,0.06,874905.0
2024-04-16 20:00:00+00:00,0.06,0.06,0.05,0.05,864433.0
2024-04-17 00:00:00+00:00,0.05,0.05,0.04,0.04,2472522.0
2024-04-17 04:00:00+00:00,0.04,0.04,0.04,0.04,2830558.0
2024-04-17 08:00:00+00:00,0.04,0.05,0.04,0.04,883523.0
2024-04-17 12:00:00+00:00,0.04,0.04,0.04,0.04,1394973.0
2024-04-17 16:00:00+00:00,0.04,0.04,0.03,0.03,3292927.0
2024-04-17 20:00:00+00:00,0.03,0.03,0.03,0.03,1480541.0
2024-04-18 00:00:00+00:00,0.03,0.04,0.03,0.03,2179400.0
2024-04-18 04:00:00+00:00,0.03,0.03,0.03,0.03,615032.0
2024-04-18 08:00:00+00:00,0.03,0.03,0.03,0.03,2352064.0
2024-04-18 12:00:00+00:00,0.03,0.03,0.02,0.02,697141.0
2024-04-18 16:00:00+00:00,0.02,0.03,0.02,0.02,636156.0
2024-04-18 20:00:00+00:00,0.02,0.02,0.01,0.01,1860235.0
2024-04-19 00:00:00+00:00,0.01,0.01,0.01,0.01,763464.0
2024-04-19 04:00:00+00:00,0.01,0.01,0.01,0.01,986048.0
2024-04-19 08:00:00+00:00,0.01,0.02,0.01,0.02,638892.0
2024-04-19 12:00:00+00:00,0.02,0.02,0.01,0.02,2960730.0
2024-04-19 16:00:00+00:00,0.02,0.02,0.02,0.02,2650251.0
2024-04-19 20:00:00+00:00,0.02,0.02,0.02,0.02,422992.0
2024-04-20 00:00:00+00:00,0.02,0.02,0.02,0.02,2441514.0
2024-04-20 04:00:00+00:00,0.02,0.03,0.02,0.02,1439648.0
2024-04-20 08:00:00+00:00,0.02,0.03,0.02,0.03,1577382.0
2024-04-20 12:00:00+00:00,0.03,0.03,0.02,0.03,973301.0
2024-04-20 16:00:00+00:00,0.03,0.03,0.02,0.03,1024263.0
2024-04-20 20:00:00+00:00,0.03,0.03,0.02,0.03,990884.0
2024-04-21 00:00:00+00:00,0.03,0.03,0.02,0.03,1947383.0
2024-04-21 04:00:00+00:00,0.03,0.03,0.02,0.02,672884.0
2024-04-21 08:00:00+00:00,0.02,0.02,0.02,0.02,1687457.0
2024-04-21 12:00:00+00:00,0.02,0.02,0.02,0.02,1758484.0
2024-04-21 16:00:00+00:00,0.02,0.02,0.02,0.02,1774629.0
2024-04-21 20:00:00+00:00,0.02,0.02,0.02,0.02,4220510.0
2024-04-22 00:00:00+00:00,0.02,0.02,0.02,0.02,804982.0
2024-04-22 04:00:00+00:00,0.02,0.02,0.02,0.02,1796748.0
2024-04-22 08:00:00+00:00,0.02,0.02,0.02,0.02,1590881.0
2024-04-22 12:00:00+00:00,0.02,0.02,0.01,0.01,4061738.0
2024-04-22 16:00:00+00:00,0.01,0.01,0.01,0.01,1486165.0
2024-04-22 20:00:00+00:00,0.01,0.02,0.01,0.02,1286164.0
2024-04-23 00:00:00+00:00,0.02,0.02,0.01,0.01,3712756.0
2024-04-23 04:00:00+00:00,0.01,0.01,0.01,0.01,902188.0
2024-04-23 08:00:00+00:00,0.01,0.01,0.01,0.01,575598.0
2024-04-23 12:00:00+00:00,0.01,0.01,0.01,0.01,1260929.0
2024-04-23 16:00:00+00:00,0.01,0.01,0.01,0.01,1838936.0
2024-04-23 20:00:00+00:00,0.01,0.01,0.01,0.01,3006968.0
2024-04-24 00:00:00+00:00,0.01,0.01,0.01,0.01,1891318.0
2024-04-24 04:00:00+00:00,0.01,0.01,0.01,0.01,2748048.0
2024-04-24 08:00:00+00:00,0.01,0.01,0.01,0.01,797506.0
2024-04-24 12:00:00+00:00,0.01,0.01,0.01,0.01,1061832.0
2024-04-24 16:00:00+00:00,0.01,0.01,0.01,0.01,1304996.0
2024-04-24 20:00:00+00:00,0.01,0.01,0.01,0.01,1166743.0
2024-04-25 00:00:00+00:00,0.01,0.01,0.01,0.01,1273141.0
2024-04-25 04:00:00+00:00,0.01,0.01,0.01,0.01,2188827.0
2024-04-25 08:00:00+00:00,0.01,0.01,0.01,0.01,1057849.0
2024-04-25 12:00:00+00:00,0.01,0.01,0.01,0.01,1187407.0
2024-04-25 16:00:00+00:00,0.01,0.01,0.01,0.01,1142135.0
2024-04-25 20:00:00+00:00,0.01,0.01,0.01,0.01,831096.0
2024-04-26 00:00:00+00:00,0.01,0.01,0.01,0.01,1134065.0
2024-04-26 04:00:00+00:00,0.01,0.01,0.01,0.01,1081433.0
2024-04-26 08:00:00+00:00,0.01,0.01,0.01,0.01,1401568.0
2024-04-26 12:00:00+00:00,0.01,0.01,0.01,0.01,1509799.0
2024-04-26 16:00:00+00:00,0.01,0.01,0.01,0.01,1326906.0
2024-04-26 20:00:00+00:00,0.01,0.01,0.01,0.01,1021011.0
2024-04-27 00:00:00+00:00,0.01,0.01,0.01,0.01,2151897.0
2024-04-27 04:00:00+00:00,0.01,0.01,0.01,0.01,639301.0
2024-04-27 08:00:00+00:00,0.01,0.01,0.01,0.01,1089598.0
2024-04-27 12:00:00+00:00,0.01,0.01,0.01,0.01,5686175.0
2024-04-27 16:00:00+00:00,0.01,0.01,0.01,0.01,644332.0
2024-04-27 20:00:00+00:00,0.01,0.01,0.01,0.01,627478.0
2024-04-28 00:00:00+00:00,0.01,0.01,0.01,0.01,2126039.0
2024-04-28 04:00:00+00:00,0.01,0.01,0.01,0.01,465960.0
2024-04-28 08:00:00+00:00,0.01,0.01,0.01,0.01,1451982.0
2024-04-28 12:00:00+00:00,0.01,0.01,0.01,0.01,4970305.0
2024-04-28 16:00:00+00:00,0.01,0.01,0.01,0.01,588105.0
2024-04-28 20:00:00+00:00,0.01,0.01,0.0,0.0,584870.0
2024-04-29 00:00:00+00:00,0.0,0.01,0.0,0.01,846026.0
2024-04-29 04:00:00+00:00,0.01,0.01,0.0,0.0,3034074.0
2024-04-29 08:00:00+00:00,0.0,0.01,0.0,0.01,3095747.0
2024-04-29 12:00:00+00:00,0.01,0.01,0.01,0.01,847962.0
2024-04-29 16:00:00+00:00,0.01,0.01,0.01,0.01,1467394.0
2024-04-29 20:00:00+00:00,0.01,0.01,0.0,0.0,2490284.0
2024-04-30 00:00:00+00:00,0.0,0.01,0.0,0.01,2885056.0
2024-04-30 04:00:00+00:00,0.01,0.01,0.01,0.01,898344.0
2024-04-30 08:00:00+00:00,0.01,0.01,0.0,0.01,471714.0
2024-04-30 12:00:00+00:00,0.01,0.01,0.01,0.01,698061.0
2024-04-30 16:00:00+00:00,0.01,0.01,0.01,0.01,862959.0
2024-04-30 20:00:00+00:00,0.01,0.01,0.01,0.01,1020620.0
2024-05-01 00:00:00+00:00,0.01,0.01,0.01,0.01,932744.0
2024-05-01 04:00:00+00:00,0.01,0.01,0.01,0.01,1991203.0
2024-05-01 08:00:00+00:00,0.01,0.01,0.0,0.0,3344543.0
2024-05-01 12:00:00+00:00,0.0,0.0,0.0,0.0,1473472.0
2024-05-01 16:00:00+00:00,0.0,0.0,0.0,0.0,2313282.0
2024-05-01 20:00:00+00:00,0.0,0.0,0.0,0.0,1289241.0
2024-05-02 00:00:00+00:00,0.0,0.0,0.0,0.0,1116962.0
2024-05-02 04:00:00+00:00,0.0,0.0,0.0,0.0,1588595.0
2024-05-02 08:00:00+00:00,0.0,0.0,0.0,0.0,1198023.0
2024-05-02 12:00:00+00:00,0.0,0.0,0.0,0.0,3473625.0
2024-05-02 16:00:00+00:00,0.0,0.0,0.0,0.0,657034.0
2024-05-02 20:00:00+00:00,0.0,0.0,0.0,0.0,842213.0
2024-05-03 00:00:00+00:00,0.0,0.0,0.0,0.0,1350497.0
2024-05-03 04:00:00+00:00,0.0,0.0,0.0,0.0,1476627.0
2024-05-03 08:00:00+00:00,0.0,0.0,0.0,0.0,3326214.0
2024-05-03 12:00:00+00:00,0.0,0.0,0.0,0.0,1447098.0
2024-05-03 16:00:00+00:00,0.0,0.0,0.0,0.0,596419.0
2024-05-03 20:00:00+00:00,0.0,0.0,0.0,0.0,1702267.0
2024-05-04 00:00:00+00:00,0.0,0.0,0.0,0.0,2106396.0
2024-05-04 04:00:00+00:00,0.0,0.0,0.0,0.0,663320.0
2024-05-04 08:00:00+00:00,0.0,0.01,0.0,0.01,1455717.0
2024-05-04 12:00:00+00:00,0.01,0.01,0.0,0.0,824670.0
2024-05-04 16:00:00+00:00,0.0,0.0,0.0,0.0,1128722.0
2024-05-04 20:00:00+00:00,0.0,0.0,0.0,0.0,814363.0
2024-05-05 00:00:00+00:00,0.0,0.0,0.0,0.0,1519730.0
2024-05-05 04:00:00+00:00,0.0,0.0,0.0,0.0,1306222.0
2024-05-05 08:00:00+00:00,0.0,0.0,0.0,0.0,696296.0
2024-05-05 12:00:00+00:00,0.0,0.0,0.0,0.0,1687042.0
2024-05-05 16:00:00+00:00,0.0,0.0,0.0,0.0,653015.0
2024-05-05 20:00:00+00:00,0.0,0.0,0.0,0.0,1501014.0
2024-05-06 00:00:00+00:00,0.0,0.0,0.0,0.0,1085249.0
2024-05-06 04:00:00+00:00,0.0,0.0,0.0,0.0,1176708.0
2024-05-06 08:00:00+00:00,0.0,0.0,0.0,0.0,2065939.0
2024-05-06 12:00:00+00:00,0.0,0.0,0.0,0.0,1864194.0
2024-05-06 16:00:00+00:00,0.0,0.0,0.0,0.0,2882024.0
2024-05-06 20:00:00+00:00,0.0,0.0,0.0,0.0,1366927.0
2024-05-07 00:00:00+00:00,0.0,0.0,0.0,0.0,2549774.0
2024-05-07 04:00:00+00:00,0.0,0.0,0.0,0.0,984217.0
2024-05-07 08:00:00+00:00,0.0,0.0,0.0,0.0,1189746.0
2024-05-07 12:00:00+00:00,0.0,0.0,0.0,0.0,1723025.0
2024-05-07 16:00:00+00:00,0.0,0.0,0.0,0.0,1255106.0
2024-05-07 20:00:00+00:00,0.0,0.0,0.0,0.0,509605.0
2024-05-08 00:00:00+00:00,0.0,0.0,0.0,0.0,1248974.0
2024-05-08 04:00:00+00:00,0.0,0.0,0.0,0.0,2581228.0
2024-05-08 08:00:00+00:00,0.0,0.0,0.0,0.0,740037.0
2024-05-08 12:00:00+00:00,0.0,0.0,0.0,0.0,797942.0
2024-05-08 16:00:00+00:00,0.0,0.0,0.0,0.0,2746091.0
2024-05-08 20:00:00+00:00,0.0,0.0,0.0,0.0,1294098.0
2024-05-09 00:00:00+00:00,0.0,0.0,0.0,0.0,1595711.0
2024-05-09 04:00:00+00:00,0.0,0.0,0.0,0.0,724073.0
2024-05-09 08:00:00+00:00,0.0,0.0,0.0,0.0,1206304.0
2024-05-09 12:00:00+00:00,0.0,0.0,0.0,0.0,2536132.0
2024-05-09 16:00:00+00:00,0.0,0.0,0.0,0.0,1338307.0
2024-05-09 20:00:00+00:00,0.0,0.0,0.0,0.0,978383.0
2024-05-10 00:00:00+00:00,0.0,0.0,0.0,0.0,1859987.0
2024-05-10 04:00:00+00:00,0.0,0.0,0.0,0.0,854361.0
2024-05-10 08:00:00+00:00,0.0,0.0,0.0,0.0,3605944.0
2024-05-10 12:00:00+00:00,0.0,0.0,0.0,0.0,2602413.0
2024-05-10 16:00:00+00:00,0.0,0.0,0.0,0.0,876912.0
2024-05-10 20:00:00+00:00,0.0,0.0,0.0,0.0,751737.0
2024-05-11 00:00:00+00:00,0.0,0.0,0.0,0.0,345857.0
2024-05-11 04:00:00+00:00,0.0,0.0,0.0,0.0,516849.0
2024-05-11 08:00:00+00:00,0.0,0.0,0.0,0.0,817262.0
2024-05-11 12:00:00+00:00,0.0,0.0,0.0,0.0,1257516.0
2024-05-11 16:00:00+00:00,0.0,0.0,0.0,0.0,1086522.0
2024-05-11 20:00:00+00:00,0.0,0.0,0.0,0.0,641093.0
2024-05-12 00:00:00+00:00,0.0,0.0,0.0,0.0,1295168.0
2024-05-12 04:00:00+00:00,0.0,0.0,0.0,0.0,1776177.0
2024-05-12 08:00:00+00:00,0.0,0.0,0.0,0.0,1576736.0
2024-05-12 12:00:00+00:00,0.0,0.0,0.0,0.0,397325.0
2024-05-12 16:00:00+00:00,0.0,0.0,0.0,0.0,1627316.0
2024-05-12 20:00:00+00:00,0.0,0.0,0.0,0.0,599755.0
2024-05-13 00:00:00+00:00,0.0,0.0,0.0,0.0,1723314.0
2024-05-13 04:00:00+00:00,0.0,0.0,0.0,0.0,1667490.0
2024-05-13 08:00:00+00:00,0.0,0.0,0.0,0.0,1002121.0
2024-05-13 12:00:00+00:00,0.0,0.0,0.0,0.0,1010438.0
2024-05-13 16:00:00+00:00,0.0,0.0,0.0,0.0,1173879.0
2024-05-13 20:00:00+00:00,0.0,0.0,0.0,0.0,328522.0
2024-05-14 00:00:00+00:00,0.0,0.0,0.0,0.0,1546004.0
2024-05-14 04:00:00+00:00,0.0,0.0,0.0,0.0,887491.0
2024-05-14 08:00:00+00:00,0.0,0.0,0.0,0.0,1653044.0
2024-05-14 12:00:00+00:00,0.0,0.0,0.0,0.0,818018.0
2024-05-14 16:00:00+00:00,0.0,0.0,0.0,0.0,900893.0
2024-05-14 20:00:00+00:00,0.0,0.0,0.0,0.0,493289.0
2024-05-15 00:00:00+00:00,0.0,0.0,0.0,0.0,727682.0
2024-05-15 04:00:00+00:00,0.0,0.0,0.0,0.0,659602.0
2024-05-15 08:00:00+00:00,0.0,0.0,0.0,0.0,1867059.0
2024-05-15 12:00:00+00:00,0.0,0.0,0.0,0.0,778907.0
2024-05-15 16:00:00+00:00,0.0,0.0,0.0,0.0,1288628.0
2024-05-15 20:00:00+00:00,0.0,0.0,0.0,0.0,1297380.0
2024-05-16 00:00:00+00:00,0.0,0.0,0.0,0.0,741169.0
2024-05-16 04:00:00+00:00,0.0,0.0,0.0,0.0,992626.0
2024-05-16 08:00:00+00:00,0.0,0.0,0.0,0.0,1610445.0
2024-05-16 12:00:00+00:00,0.0,0.0,0.0,0.0,904990.0
2024-05-16 16:00:00+00:00,0.0,0.0,0.0,0.0,1637548.0
2024-05-16 20:00:00+00:00,0.0,0.0,0.0,0.0,960222.0
2024-05-17 00:00:00+00:00,0.0,0.0,0.0,0.0,1307251.0
2024-05-17 04:00:00+00:00,0.0,0.0,0.0,0.0,1465972.0
2024-05-17 08:00:00+00:00,0.0,0.0,0.0,0.0,1007955.0
2024-05-17 12:00:00+00:00,0.0,0.0,0.0,0.0,1060846.0
2024-05-17 16:00:00+00:00,0.0,0.0,0.0,0.0,1264430.0
2024-05-17 20:00:00+00:00,0.0,0.0,0.0,0.0,1310896.0
2024-05-18 00:00:00+00:00,0.0,0.0,0.0,0.0,498178.0
2024-05-18 04:00:00+00:00,0.0,0.01,0.0,0.01,816548.0
2024-05-18 08:00:00+00:00,0.01,0.01,0.01,0.01,1577590.0
2024-05-18 12:00:00+00:00,0.01,0.01,0.01,0.01,2009980.0
2024-05-18 16:00:00+00:00,0.01,0.01,0.01,0.01,1051527.0
2024-05-18 20:00:00+00:00,0.01,0.01,0.01,0.01,1517589.0
2024-05-19 00:00:00+00:00,0.01,0.01,0.01,0.01,1427163.0
2024-05-19 04:00:00+00:00,0.01,0.01,0.01,0.01,1676564.0
2024-05-19 08:00:00+00:00,0.01,0.01,0.01,0.01,407538.0
2024-05-19 12:00:00+00:00,0.01,0.01,0.01,0.01,1028310.0
2024-05-19 16:00:00+00:00,0.01,0.01,0.0,0.0,1193939.0
2024-05-19 20:00:00+00:00,0.0,0.0,0.0,0.0,2058703.0
2024-05-20 00:00:00+00:00,0.0,0.0,0.0,0.0,4680963.0
2024-05-20 04:00:00+00:00,0.0,0.0,0.0,0.0,903256.0
2024-05-20 08:00:00+00:00,0.0,0.0,0.0,0.0,547878.0
2024-05-20 12:00:00+00:00,0.0,0.0,0.0,0.0,2075816.0
2024-05-20 16:00:00+00:00,0.0,0.0,0.0,0.0,2799419.0
2024-05-20 20:00:00+00:00,0.0,0.0,0.0,0.0,1526219.0
2024-05-21 00:00:00+00:00,0.0,0.0,0.0,0.0,694821.0
2024-05-21 04:00:00+00:00,0.0,0.0,0.0,0.0,1645698.0
2024-05-21 08:00:00+00:00,0.0,0.0,0.0,0.0,1815306.0
2024-05-21 12:00:00+00:00,0.0,0.0,0.0,0.0,899475.0
2024-05-21 16:00:00+00:00,0.0,0.0,0.0,0.0,1421633.0
2024-05-21 20:00:00+00:00,0.0,0.0,0.0,0.0,1774148.0
2024-05-22 00:00:00+00:00,0.0,0.0,0.0,0.0,2210495.0
2024-05-22 04:00:00+00:00,0.0,0.0,0.0,0.0,1095623.0
2024-05-22 08:00:00+00:00,0.0,0.01,0.0,0.01,1761879.0
2024-05-22 12:00:00+00:00,0.01,0.01,0.01,0.01,2372847.0
2024-05-22 16:00:00+00:00,0.01,0.01,0.01,0.01,675244.0
2024-05-22 20:00:00+00:00,0.01,0.01,0.0,0.0,1591572.0
2024-05-23 00:00:00+00:00,0.0,0.0,0.0,0.0,628992.0
2024-05-23 04:00:00+00:00,0.0,0.0,0.0,0.0,2188530.0
2024-05-23 08:00:00+00:00,0.0,0.0,0.0,0.0,1351033.0
2024-05-23 12:00:00+00:00,0.0,0.01,0.0,0.01,3094775.0
2024-05-23 16:00:00+00:00,0.01,0.01,0.01,0.01,1604467.0
2024-05-23 20:00:00+00:00,0.01,0.01,0.0,0.0,744674.0
2024-05-24 00:00:00+00:00,0.0,0.0,0.0,0.0,2474783.0
2024-05-24 04:00:00+00:00,0.0,0.0,0.0,0.0,2707988.0
2024-05-24 08:00:00+00:00,0.0,0.0,0.0,0.0,1999764.0
2024-05-24 12:00:00+00:00,0.0,0.01,0.0,0.01,746784.0
2024-05-24 16:00:00+00:00,0.01,0.01,0.0,0.0,1442152.0
2024-05-24 20:00:00+00:00,0.0,0.01,0.0,0.0,1825862.0
2024-05-25 00:00:00+00:00,0.0,0.01,0.0,0.01,1272778.0
2024-05-25 04:00:00+00:00,0.01,0.01,0.01,0.01,2970378.0
2024-05-25 08:00:00+00:00,0.01,0.01,0.01,0.01,1261019.0
2024-05-25 12:00:00+00:00,0.01,0.01,0.01,0.01,292404.0
2024-05-25 16:00:00+00:00,0.01,0.01,0.01,0.01,1364582.0
2024-05-25 20:00:00+00:00,0.01,0.01,0.01,0.01,1090114.0
2024-05-26 00:00:00+00:00,0.01,0.01,0.01,0.01,1835517.0
2024-05-26 04:00:00+00:00,0.01,0.01,0.01,0.01,897125.0
2024-05-26 08:00:00+00:00,0.01,0.01,0.01,0.01,2033584.0
2024-05-26 12:00:00+00:00,0.01,0.01,0.01,0.01,2835429.0
2024-05-26 16:00:00+00:00,0.01,0.01,0.01,0.01,1530078.0
2024-05-26 20:00:00+00:00,0.01,0.01,0.0,0.01,855940.0
2024-05-27 00:00:00+00:00,0.01,0.01,0.01,0.01,1760526.0
2024-05-27 04:00:00+00:00,0.01,0.01,0.01,0.01,1244462.0
2024-05-27 08:00:00+00:00,0.01,0.01,0.01,0.01,737295.0
2024-05-27 12:00:00+00:00,0.01,0.01,0.01,0.01,1344920.0
2024-05-27 16:00:00+00:00,0.01,0.01,0.01,0.01,1922087.0
2024-05-27 20:00:00+00:00,0.01,0.01,0.01,0.01,4617559.0
2024-05-28 00:00:00+00:00,0.01,0.01,0.01,0.01,2320093.0
2024-05-28 04:00:00+00:00,0.01,0.01,0.01,0.01,865858.0
2024-05-28 08:00:00+00:00,0.01,0.01,0.01,0.01,2215555.0
2024-05-28 12:00:00+00:00,0.01,0.01,0.01,0.01,812460.0
2024-05-28 16:00:00+00:00,0.01,0.01,0.01,0.01,2593311.0
2024-05-28 20:00:00+00:00,0.01,0.01,0.01,0.01,975415.0
2024-05-29 00:00:00+00:00,0.01,0.01,0.01,0.01,696391.0
2024-05-29 04:00:00+00:00,0.01,0.02,0.01,0.02,1456115.0
2024-05-29 08:00:00+00:00,0.02,0.02,0.02,0.02,393559.0
2024-05-29 12:00:00+00:00,0.02,0.02,0.02,0.02,570493.0
2024-05-29 16:00:00+00:00,0.02,0.02,0.02,0.02,1123930.0
2024-05-29 20:00:00+00:00,0.02,0.03,0.02,0.02,1542212.0
2024-05-30 00:00:00+00:00,0.02,0.03,0.02,0.03,1268766.0
2024-05-30 04:00:00+00:00,0.03,0.04,0.03,0.04,736273.0
2024-05-30 08:00:00+00:00,0.04,0.04,0.03,0.04,858184.0
2024-05-30 12:00:00+00:00,0.04,0.04,0.04,0.04,1307715.0
2024-05-30 16:00:00+00:00,0.04,0.04,0.04,0.04,1425658.0
2024-05-30 20:00:00+00:00,0.04,0.05,0.04,0.05,1529142.0
2024-05-31 00:00:00+00:00,0.05,0.05,0.04,0.04,2439198.0
2024-05-31 04:00:00+00:00,0.04,0.04,0.04,0.04,1421862.0
2024-05-31 08:00:00+00:00,0.04,0.04,0.04,0.04,810165.0
2024-05-31 12:00:00+00:00,0.04,0.04,0.04,0.04,880124.0
2024-05-31 16:00:00+00:00,0.04,0.05,0.04,0.05,777044.0
2024-05-31 20:00:00+00:00,0.05,0.05,0.05,0.05,1028527.0
2024-06-01 00:00:00+00:00,0.05,0.05,0.05,0.05,1779624.0
2024-06-01 04:00:00+00:00,0.05,0.05,0.04,0.04,2260742.0
2024-06-01 08:00:00+00:00,0.04,0.04,0.04,0.04,2691988.0
2024-06-01 12:00:00+00:00,0.04,0.05,0.04,0.05,1108804.0
2024-06-01 16:00:00+00:00,0.05,0.07,0.05,0.06,3867678.0
2024-06-01 20:00:00+00:00,0.06,0.06,0.06,0.06,1033950.0
2024-06-02 00:00:00+00:00,0.06,0.06,0.06,0.06,2292182.0
2024-06-02 04:00:00+00:00,0.06,0.07,0.06,0.06,1099762.0
2024-06-02 08:00:00+00:00,0.06,0.08,0.06,0.08,2434651.0
2024-06-02 12:00:00+00:00,0.08,0.08,0.08,0.08,2181266.0
2024-06-02 16:00:00+00:00,0.08,0.08,0.08,0.08,1020658.0
2024-06-02 20:00:00+00:00,0.08,0.09,0.08,0.09,1420082.0
2024-06-03 00:00:00+00:00,0.09,0.1,0.09,0.09,2064171.0
2024-06-03 04:00:00+00:00,0.09,0.09,0.08,0.09,1123968.0
2024-06-03 08:00:00+00:00,0.09,0.09,0.08,0.09,561560.0
2024-06-03 12:00:00+00:00,0.09,0.1,0.09,0.1,4329398.0
2024-06-03 16:00:00+00:00,0.1,0.1,0.09,0.09,1156163.0
2024-06-03 20:00:00+00:00,0.09,0.09,0.08,0.09,1147040.0
2024-06-04 00:00:00+00:00,0.09,0.09,0.08,0.08,2342682.0
2024-06-04 04:00:00+00:00,0.08,0.09,0.08,0.09,1134157.0
2024-06-04 08:00:00+00:00,0.09,0.1,0.07,0.07,1018430.0
2024-06-04 12:00:00+00:00,0.07,0.07,0.07,0.07,1421120.0
2024-06-04 16:00:00+00:00,0.07,0.07,0.06,0.07,477125.0
2024-06-04 20:00:00+00:00,0.07,0.09,0.07,0.09,1475748.0
2024-06-05 00:00:00+00:00,0.09,0.09,0.09,0.09,1164048.0
2024-06-05 04:00:00+00:00,0.09,0.09,0.08,0.08,1090029.0
2024-06-05 08:00:00+00:00,0.08,0.1,0.08,0.1,853397.0
2024-06-05 12:00:00+00:00,0.1,0.1,0.08,0.08,3665437.0
2024-06-05 16:00:00+00:00,0.08,0.08,0.05,0.05,2095341.0
2024-06-05 20:00:00+00:00,0.05,0.06,0.05,0.06,2450062.0
2024-06-06 00:00:00+00:00,0.06,0.06,0.05,0.05,1076571.0
2024-06-06 04:00:00+00:00,0.05,0.05,0.04,0.04,940070.0
2024-06-06 08:00:00+00:00,0.04,0.05,0.04,0.05,1508650.0
2024-06-06 12:00:00+00:00,0.05,0.05,0.05,0.05,996151.0
2024-06-06 16:00:00+00:00,0.05,0.05,0.05,0.05,695841.0
2024-06-06 20:00:00+00:00,0.05,0.05,0.04,0.04,3286712.0
2024-06-07 00:00:00+00:00,0.04,0.04,0.04,0.04,1020237.0
2024-06-07 04:00:00+00:00,0.04,0.05,0.04,0.05,515057.0
2024-06-07 08:00:00+00:00,0.05,0.05,0.05,0.05,2029351.0
2024-06-07 12:00:00+00:00,0.05,0.06,0.04,0.06,1418589.0
2024-06-07 16:00:00+00:00,0.06,0.06,0.05,0.05,1093214.0
2024-06-07 20:00:00+00:00,0.05,0.05,0.04,0.04,697607.0
2024-06-08 00:00:00+00:00,0.04,0.04,0.03,0.03,3131310.0
2024-06-08 04:00:00+00:00,0.03,0.03,0.03,0.03,535497.0
2024-06-08 08:00:00+00:00,0.03,0.04,0.03,0.03,1141189.0
2024-06-08 12:00:00+00:00,0.03,0.04,0.03,0.03,1748808.0
2024-06-08 16:00:00+00:00,0.03,0.04,0.03,0.04,1430577.0
2024-06-08 20:00:00+00:00,0.04,0.04,0.03,0.03,1517061.0
2024-06-09 00:00:00+00:00,0.03,0.04,0.03,0.03,704610.0
2024-06-09 04:00:00+00:00,0.03,0.04,0.03,0.03,691573.0
2024-06-09 08:00:00+00:00,0.03,0.04,0.03,0.04,1646309.0
2024-06-09 12:00:00+00:00,0.04,0.04,0.04,0.04,778857.0
2024-06-09 16:00:00+00:00,0.04,0.05,0.04,0.05,1334874.0
2024-06-09 20:00:00+00:00,0.05,0.05,0.04,0.05,1767119.0
2024-06-10 00:00:00+00:00,0.05,0.05,0.05,0.05,1944587.0
2024-06-10 04:00:00+00:00,0.05,0.06,0.05,0.06,698512.0
2024-06-10 08:00:00+00:00,0.06,0.07,0.06,0.07,4793949.0
2024-06-10 12:00:00+00:00,0.07,0.07,0.07,0.07,1598058.0
2024-06-10 16:00:00+00:00,0.07,0.08,0.07,0.08,1318267.0
2024-06-10 20:00:00+00:00,0.08,0.08,0.08,0.08,1793225.0
2024-06-11 00:00:00+00:00,0.08,0.09,0.08,0.09,5362642.0
2024-06-11 04:00:00+00:00,0.09,0.09,0.08,0.08,635137.0
2024-06-11 08:00:00+00:00,0.08,0.11,0.08,0.11,1617908.0
2024-06-11 12:00:00+00:00,0.11,0.11,0.11,0.11,309848.0
2024-06-11 16:00:00+00:00,0.11,0.11,0.08,0.08,1800630.0
2024-06-11 20:00:00+00:00,0.08,0.09,0.08,0.09,1270105.0
2024-06-12 00:00:00+00:00,0.09,0.09,0.08,0.08,1279637.0
2024-06-12 04:00:00+00:00,0.08,0.09,0.08,0.09,993867.0
2024-06-12 08:00:00+00:00,0.09,0.09,0.08,0.08,464147.0
2024-06-12 12:00:00+00:00,0.08,0.08,0.07,0.07,1446916.0
2024-06-12 16:00:00+00:00,0.07,0.07,0.05,0.05,3830005.0
2024-06-12 20:00:00+00:00,0.05,0.05,0.05,0.05,895352.0
2024-06-13 00:00:00+00:00,0.05,0.05,0.03,0.03,2604877.0
2024-06-13 04:00:00+00:00,0.03,0.03,0.02,0.02,781794.0
2024-06-13 08:00:00+00:00,0.02,0.03,0.02,0.03,1687331.0
2024-06-13 12:00:00+00:00,0.03,0.03,0.03,0.03,1112171.0
2024-06-13 16:00:00+00:00,0.03,0.03,0.03,0.03,814009.0
2024-06-13 20:00:00+00:00,0.03,0.03,0.03,0.03,981066.0
2024-06-14 00:00:00+00:00,0.03,0.03,0.03,0.03,838768.0
2024-06-14 04:00:00+00:00,0.03,0.03,0.03,0.03,1212365.0
2024-06-14 08:00:00+00:00,0.03,0.03,0.02,0.02,782063.0
2024-06-14 12:00:00+00:00,0.02,0.03,0.02,0.03,1374773.0
2024-06-14 16:00:00+00:00,0.03,0.03,0.03,0.03,1366363.0
2024-06-14 20:00:00+00:00,0.03,0.03,0.03,0.03,634534.0
2024-06-15 00:00:00+00:00,0.03,0.03,0.03,0.03,2485526.0
2024-06-15 04:00:00+00:00,0.03,0.03,0.03,0.03,713038.0
2024-06-15 08:00:00+00:00,0.03,0.03,0.02,0.02,1367684.0
2024-06-15 12:00:00+00:00,0.02,0.02,0.02,0.02,681321.0
2024-06-15 16:00:00+00:00,0.02,0.02,0.02,0.02,3211982.0
2024-06-15 20:00:00+00:00,0.02,0.02,0.02,0.02,1912743.0
2024-06-16 00:00:00+00:00,0.02,0.02,0.02,0.02,705303.0
2024-06-16 04:00:00+00:00,0.02,0.02,0.01,0.02,3144992.0
2024-06-16 08:00:00+00:00,0.02,0.02,0.02,0.02,1424222.0
2024-06-16 12:00:00+00:00,0.02,0.02,0.02,0.02,1429782.0
2024-06-16 16:00:00+00:00,0.02,0.02,0.02,0.02,1058487.0
2024-06-16 20:00:00+00:00,0.02,0.03,0.02,0.03,1120228.0
2024-06-17 00:00:00+00:00,0.03,0.03,0.03,0.03,1676254.0
2024-06-17 04:00:00+00:00,0.03,0.03,0.03,0.03,781603.0
2024-06-17 08:00:00+00:00,0.03,0.03,0.03,0.03,3195572.0
2024-06-17 12:00:00+00:00,0.03,0.03,0.03,0.03,696450.0
2024-06-17 16:00:00+00:00,0.03,0.03,0.03,0.03,2536237.0
2024-06-17 20:00:00+00:00,0.03,0.04,0.03,0.03,1326369.0
2024-06-18 00:00:00+00:00,0.03,0.04,0.03,0.04,1492537.0
2024-06-18 04:00:00+00:00,0.04,0.04,0.04,0.04,2232136.0
2024-06-18 08:00:00+00:00,0.04,0.04,0.04,0.04,905967.0
2024-06-18 12:00:00+00:00,0.04,0.05,0.04,0.05,2452615.0
2024-06-18 16:00:00+00:00,0.05,0.05,0.05,0.05,281017.0
2024-06-18 20:00:00+00:00,0.05,0.07,0.05,0.07,1348608.0
2024-06-19 00:00:00+00:00,0.07,0.07,0.06,0.06,825978.0
2024-06-19 04:00:00+00:00,0.06,0.08,0.06,0.07,951197.0
2024-06-19 08:00:00+00:00,0.07,0.08,0.07,0.08,977132.0
2024-06-19 12:00:00+00:00,0.08,0.08,0.07,0.07,1569584.0
2024-06-19 16:00:00+00:00,0.07,0.07,0.06,0.06,1732044.0
2024-06-19 20:00:00+00:00,0.06,0.07,0.06,0.06,1292000.0
2024-06-20 00:00:00+00:00,0.06,0.06,0.06,0.06,852778.0
2024-06-20 04:00:00+00:00,0.06,0.07,0.06,0.07,1483928.0
2024-06-20 08:00:00+00:00,0.07,0.07,0.06,0.06,1340358.0
2024-06-20 12:00:00+00:00,0.06,0.06,0.06,0.06,1616739.0
2024-06-20 16:00:00+00:00,0.06,0.08,0.06,0.08,2874315.0
2024-06-20 20:00:00+00:00,0.08,0.1,0.08,0.1,1803028.0
2024-06-21 00:00:00+00:00,0.1,0.11,0.1,0.11,762787.0
2024-06-21 04:00:00+00:00,0.11,0.11,0.11,0.11,732526.0
2024-06-21 08:00:00+00:00,0.11,0.11,0.11,0.11,798747.0
2024-06-21 12:00:00+00:00,0.11,0.12,0.11,0.12,1084468.0
2024-06-21 16:00:00+00:00,0.12,0.12,0.1,0.1,1671941.0
2024-06-21 20:00:00+00:00,0.1,0.11,0.1,0.1,1598396.0
2024-06-22 00:00:00+00:00,0.1,0.1,0.07,0.08,1708732.0
2024-06-22 04:00:00+00:00,0.08,0.08,0.07,0.08,1187008.0
2024-06-22 08:00:00+00:00,0.08,0.09,0.08,0.09,1384746.0
2024-06-22 12:00:00+00:00,0.09,0.09,0.08,0.08,942413.0
2024-06-22 16:00:00+00:00,0.08,0.1,0.08,0.1,1074017.0
2024-06-22 20:00:00+00:00,0.1,0.1,0.08,0.08,646061.0
2024-06-23 00:00:00+00:00,0.08,0.08,0.06,0.06,1173669.0
2024-06-23 04:00:00+00:00,0.06,0.07,0.06,0.07,1391592.0
2024-06-23 08:00:00+00:00,0.07,0.08,0.07,0.08,1033362.0
2024-06-23 12:00:00+00:00,0.08,0.1,0.08,0.09,1558301.0
2024-06-23 16:00:00+00:00,0.09,0.1,0.09,0.09,1526898.0
2024-06-23 20:00:00+00:00,0.09,0.1,0.09,0.1,1923442.0
2024-06-24 00:00:00+00:00,0.1,0.1,0.1,0.1,594681.0
2024-06-24 04:00:00+00:00,0.1,0.1,0.1,0.1,1777525.0
2024-06-24 08:00:00+00:00,0.1,0.11,0.1,0.11,2444000.0
2024-06-24 12:00:00+00:00,0.11,0.12,0.11,0.12,733493.0
2024-06-24 16:00:00+00:00,0.12,0.12,0.09,0.09,1134347.0
2024-06-24 20:00:00+00:00,0.09,0.11,0.09,0.11,3013489.0
2024-06-25 00:00:00+00:00,0.11,0.14,0.11,0.14,1503229.0
2024-06-25 04:00:00+00:00,0.14,0.14,0.12,0.12,423479.0
2024-06-25 08:00:00+00:00,0.12,0.13,0.12,0.13,583438.0
2024-06-25 12:00:00+00:00,0.13,0.14,0.13,0.14,1075978.0
2024-06-25 16:00:00+00:00,0.14,0.15,0.14,0.15,622663.0
2024-06-25 20:00:00+00:00,0.15,0.15,0.13,0.13,1017545.0
2024-06-26 00:00:00+00:00,0.13,0.14,0.12,0.12,1327174.0
2024-06-26 04:00:00+00:00,0.12,0.12,0.12,0.12,2108936.0
2024-06-26 08:00:00+00:00,0.12,0.14,0.12,0.14,1311933.0
2024-06-26 12:00:00+00:00,0.14,0.15,0.14,0.15,2121380.0
2024-06-26 16:00:00+00:00,0.15,0.16,0.14,0.14,2391432.0
2024-06-26 20:00:00+00:00,0.14,0.16,0.14,0.16,2752082.0
2024-06-27 00:00:00+00:00,0.16,0.16,0.09,0.09,2635501.0
2024-06-27 04:00:00+00:00,0.09,0.11,0.09,0.11,566909.0
2024-06-27 08:00:00+00:00,0.11,0.11,0.08,0.08,2249879.0
2024-06-27 12:00:00+00:00,0.08,0.08,0.07,0.07,1971415.0
2024-06-27 16:00:00+00:00,0.07,0.08,0.06,0.06,1448027.0
2024-06-27 20:00:00+00:00,0.06,0.06,0.05,0.05,3796046.0
2024-06-28 00:00:00+00:00,0.05,0.06,0.05,0.06,2333708.0
2024-06-28 04:00:00+00:00,0.06,0.06,0.05,0.05,1613797.0
2024-06-28 08:00:00+00:00,0.05,0.06,0.05,0.06,1982664.0
2024-06-28 12:00:00+00:00,0.06,0.06,0.06,0.06,1211339.0
2024-06-28 16:00:00+00:00,0.06,0.06,0.06,0.06,347352.0
2024-06-28 20:00:00+00:00,0.06,0.06,0.06,0.06,802722.0
2024-06-29 00:00:00+00:00,0.06,0.06,0.05,0.05,2867469.0
2024-06-29 04:00:00+00:00,0.05,0.06,0.05,0.06,964258.0
2024-06-29 08:00:00+00:00,0.06,0.06,0.05,0.05,1096885.0
2024-06-29 12:00:00+00:00,0.05,0.05,0.04,0.04,1011119.0
2024-06-29 16:00:00+00:00,0.04,0.04,0.04,0.04,2920704.0
2024-06-29 20:00:00+00:00,0.04,0.05,0.04,0.05,3873364.0
2024-06-30 00:00:00+00:00,0.05,0.05,0.05,0.05,885876.0
2024-06-30 04:00:00+00:00,0.05,0.05,0.05,0.05,1250095.0
2024-06-30 08:00:00+00:00,0.05,0.05,0.05,0.05,826600.0
2024-06-30 12:00:00+00:00,0.05,0.05,0.04,0.04,1562885.0
2024-06-30 16:00:00+00:00,0.04,0.06,0.04,0.06,2490290.0
2024-06-30 20:00:00+00:00,0.06,0.06,0.06,0.06,1751785.0
2024-07-01 00:00:00+00:00,0.06,0.06,0.06,0.06,1403703.0
2024-07-01 04:00:00+00:00,0.06,0.08,0.06,0.07,6331668.0
2024-07-01 08:00:00+00:00,0.07,0.08,0.07,0.08,659721.0
2024-07-01 12:00:00+00:00,0.08,0.08,0.07,0.07,476612.0
2024-07-01 16:00:00+00:00,0.07,0.07,0.07,0.07,897816.0
2024-07-01 20:00:00+00:00,0.07,0.07,0.07,0.07,473320.0
2024-07-02 00:00:00+00:00,0.07,0.07,0.07,0.07,484128.0
2024-07-02 04:00:00+00:00,0.07,0.08,0.07,0.08,798101.0
2024-07-02 08:00:00+00:00,0.08,0.08,0.08,0.08,642553.0
2024-07-02 12:00:00+00:00,0.08,0.09,0.08,0.09,819732.0
2024-07-02 16:00:00+00:00,0.09,0.09,0.08,0.09,1348513.0
2024-07-02 20:00:00+00:00,0.09,0.09,0.09,0.09,800276.0
2024-07-03 00:00:00+00:00,0.09,0.09,0.06,0.06,1726707.0
2024-07-03 04:00:00+00:00,0.06,0.07,0.06,0.07,2201880.0
2024-07-03 08:00:00+00:00,0.07,0.07,0.07,0.07,785071.0
2024-07-03 12:00:00+00:00,0.07,0.08,0.07,0.08,1265830.0
2024-07-03 16:00:00+00:00,0.08,0.08,0.05,0.05,2770604.0
2024-07-03 20:00:00+00:00,0.05,0.06,0.05,0.06,733165.0
2024-07-04 00:00:00+00:00,0.06,0.06,0.06,0.06,323805.0
2024-07-04 04:00:00+00:00,0.06,0.07,0.06,0.07,1775861.0
2024-07-04 08:00:00+00:00,0.07,0.07,0.06,0.06,1882631.0
2024-07-04 12:00:00+00:00,0.06,0.06,0.06,0.06,3569588.0
2024-07-04 16:00:00+00:00,0.06,0.07,0.05,0.05,1599645.0
2024-07-04 20:00:00+00:00,0.05,0.06,0.05,0.05,1935535.0
2024-07-05 00:00:00+00:00,0.05,0.06,0.05,0.06,1684422.0
2024-07-05 04:00:00+00:00,0.06,0.06,0.06,0.06,1264313.0
2024-07-05 08:00:00+00:00,0.06,0.06,0.06,0.06,2517968.0
2024-07-05 12:00:00+00:00,0.06,0.07,0.06,0.07,479822.0
2024-07-05 16:00:00+00:00,0.07,0.08,0.07,0.08,1499410.0
2024-07-05 20:00:00+00:00,0.08,0.08,0.08,0.08,3095018.0
2024-07-06 00:00:00+00:00,0.08,0.08,0.08,0.08,1335851.0
2024-07-06 04:00:00+00:00,0.08,0.11,0.08,0.11,4742899.0
2024-07-06 08:00:00+00:00,0.11,0.11,0.11,0.11,751618.0
2024-07-06 12:00:00+00:00,0.11,0.11,0.11,0.11,1068789.0
2024-07-06 16:00:00+00:00,0.11,0.13,0.11,0.13,1491207.0
2024-07-06 20:00:00+00:00,0.13,0.15,0.13,0.15,492976.0
2024-07-07 00:00:00+00:00,0.15,0.18,0.15,0.18,853593.0
2024-07-07 04:00:00+00:00,0.18,0.2,0.18,0.2,742029.0
2024-07-07 08:00:00+00:00,0.2,0.2,0.16,0.16,2289123.0
2024-07-07 12:00:00+00:00,0.16,0.2,0.16,0.2,2678517.0
2024-07-07 16:00:00+00:00,0.2,0.2,0.17,0.17,1786163.0
2024-07-07 20:00:00+00:00,0.17,0.18,0.16,0.18,1710882.0
2024-07-08 00:00:00+00:00,0.18,0.18,0.15,0.16,1236671.0
2024-07-08 04:00:00+00:00,0.16,0.16,0.15,0.15,1881937.0
2024-07-08 08:00:00+00:00,0.15,0.16,0.15,0.16,1148650.0
2024-07-08 12:00:00+00:00,0.16,0.17,0.16,0.17,1175275.0
2024-07-08 16:00:00+00:00,0.17,0.18,0.17,0.18,1039452.0
2024-07-08 20:00:00+00:00,0.18,0.22,0.17,0.22,2426733.0
2024-07-09 00:00:00+00:00,0.22,0.24,0.21,0.24,973267.0
2024-07-09 04:00:00+00:00,0.24,0.24,0.23,0.23,1812687.0
2024-07-09 08:00:00+00:00,0.23,0.26,0.22,0.26,812612.0
2024-07-09 12:00:00+00:00,0.26,0.31,0.26,0.31,884810.0
2024-07-09 16:00:00+00:00,0.31,0.33,0.24,0.25,2192619.0
2024-07-09 20:00:00+00:00,0.25,0.27,0.25,0.27,1211611.0
2024-07-10 00:00:00+00:00,0.27,0.3,0.27,0.3,1046585.0
2024-07-10 04:00:00+00:00,0.3,0.3,0.28,0.29,1773014.0
2024-07-10 08:00:00+00:00,0.29,0.35,0.29,0.35,1193468.0
2024-07-10 12:00:00+00:00,0.35,0.35,0.34,0.34,967772.0
2024-07-10 16:00:00+00:00,0.34,0.36,0.33,0.35,2122411.0
2024-07-10 20:00:00+00:00,0.35,0.35,0.34,0.34,2330395.0
2024-07-11 00:00:00+00:00,0.34,0.34,0.33,0.34,2206062.0
2024-07-11 04:00:00+00:00,0.34,0.34,0.28,0.28,1290476.0
2024-07-11 08:00:00+00:00,0.28,0.28,0.22,0.22,3052768.0
2024-07-11 12:00:00+00:00,0.22,0.28,0.22,0.27,1067549.0
2024-07-11 16:00:00+00:00,0.27,0.28,0.24,0.24,878719.0
2024-07-11 20:00:00+00:00,0.24,0.24,0.2,0.2,447009.0
2024-07-12 00:00:00+00:00,0.2,0.2,0.14,0.14,4548512.0
2024-07-12 04:00:00+00:00,0.14,0.14,0.12,0.12,836910.0
2024-07-12 08:00:00+00:00,0.12,0.13,0.1,0.1,1499014.0
2024-07-12 12:00:00+00:00,0.1,0.13,0.1,0.12,1102132.0
2024-07-12 16:00:00+00:00,0.12,0.14,0.12,0.14,2056919.0
2024-07-12 20:00:00+00:00,0.14,0.14,0.13,0.13,1086548.0
2024-07-13 00:00:00+00:00,0.13,0.17,0.13,0.17,1047970.0
2024-07-13 04:00:00+00:00,0.17,0.2,0.17,0.2,1796485.0
2024-07-13 08:00:00+00:00,0.2,0.2,0.18,0.19,560257.0
2024-07-13 12:00:00+00:00,0.19,0.19,0.11,0.12,1398643.0
2024-07-13 16:00:00+00:00,0.12,0.16,0.12,0.16,707854.0
2024-07-13 20:00:00+00:00,0.16,0.16,0.12,0.12,798034.0
2024-07-14 00:00:00+00:00,0.12,0.12,0.09,0.09,1904093.0
2024-07-14 04:00:00+00:00,0.09,0.11,0.09,0.11,546389.0
2024-07-14 08:00:00+00:00,0.11,0.15,0.11,0.15,999890.0
2024-07-14 12:00:00+00:00,0.15,0.18,0.15,0.18,1620058.0
2024-07-14 16:00:00+00:00,0.18,0.19,0.18,0.19,954677.0
2024-07-14 20:00:00+00:00,0.19,0.22,0.19,0.21,3429743.0
2024-07-15 00:00:00+00:00,0.21,0.24,0.2,0.24,3460266.0
2024-07-15 04:00:00+00:00,0.24,0.26,0.23,0.26,868696.0
2024-07-15 08:00:00+00:00,0.26,0.27,0.26,0.27,1487395.0
2024-07-15 12:00:00+00:00,0.27,0.28,0.27,0.28,1521582.0
2024-07-15 16:00:00+00:00,0.28,0.28,0.27,0.28,763046.0
2024-07-15 20:00:00+00:00,0.28,0.28,0.24,0.24,631845.0
2024-07-16 00:00:00+00:00,0.24,0.24,0.23,0.23,1120064.0
2024-07-16 04:00:00+00:00,0.23,0.24,0.17,0.17,1616554.0
2024-07-16 08:00:00+00:00,0.17,0.17,0.17,0.17,840310.0
2024-07-16 12:00:00+00:00,0.17,0.18,0.15,0.15,1799538.0
2024-07-16 16:00:00+00:00,0.15,0.15,0.12,0.12,1028633.0
2024-07-16 20:00:00+00:00,0.12,0.13,0.12,0.13,607332.0
2024-07-17 00:00:00+00:00,0.13,0.15,0.12,0.15,1716991.0
2024-07-17 04:00:00+00:00,0.15,0.17,0.15,0.17,1713423.0
2024-07-17 08:00:00+00:00,0.17,0.18,0.13,0.13,947962.0
2024-07-17 12:00:00+00:00,0.13,0.13,0.11,0.11,2299605.0
2024-07-17 16:00:00+00:00,0.11,0.13,0.11,0.13,587088.0
2024-07-17 20:00:00+00:00,0.13,0.13,0.11,0.11,1080471.0
2024-07-18 00:00:00+00:00,0.11,0.11,0.11,0.11,968245.0
2024-07-18 04:00:00+00:00,0.11,0.12,0.1,0.11,907254.0
2024-07-18 08:00:00+00:00,0.11,0.11,0.1,0.1,1082733.0
2024-07-18 12:00:00+00:00,0.1,0.1,0.1,0.1,2668242.0
2024-07-18 16:00:00+00:00,0.1,0.1,0.08,0.08,1043632.0
2024-07-18 20:00:00+00:00,0.08,0.08,0.07,0.07,4308016.0
2024-07-19 00:00:00+00:00,0.07,0.08,0.07,0.08,1422765.0
2024-07-19 04:00:00+00:00,0.08,0.08,0.06,0.06,1798204.0
2024-07-19 08:00:00+00:00,0.06,0.06,0.06,0.06,1519772.0
2024-07-19 12:00:00+00:00,0.06,0.06,0.06,0.06,3575950.0
2024-07-19 16:00:00+00:00,0.06,0.07,0.06,0.07,757257.0
2024-07-19 20:00:00+00:00,0.07,0.07,0.06,0.07,628357.0
2024-07-20 00:00:00+00:00,0.07,0.08,0.07,0.08,1106158.0
2024-07-20 04:00:00+00:00,0.08,0.08,0.08,0.08,1072957.0
2024-07-20 08:00:00+00:00,0.08,0.08,0.08,0.08,503344.0
2024-07-20 12:00:00+00:00,0.08,0.08,0.08,0.08,1066358.0
2024-07-20 16:00:00+00:00,0.08,0.09,0.08,0.09,2898437.0
2024-07-20 20:00:00+00:00,0.09,0.09,0.09,0.09,1101771.0
2024-07-21 00:00:00+00:00,0.09,0.09,0.09,0.09,878971.0
2024-07-21 04:00:00+00:00,0.09,0.09,0.08,0.08,961139.0
2024-07-21 08:00:00+00:00,0.08,0.08,0.07,0.07,2035555.0
2024-07-21 12:00:00+00:00,0.07,0.07,0.06,0.06,1079775.0
2024-07-21 16:00:00+00:00,0.06,0.07,0.06,0.07,4497683.0
2024-07-21 20:00:00+00:00,0.07,0.07,0.06,0.06,4102541.0
2024-07-22 00:00:00+00:00,0.06,0.06,0.05,0.05,1492243.0
2024-07-22 04:00:00+00:00,0.05,0.05,0.05,0.05,1316356.0
2024-07-22 08:00:00+00:00,0.05,0.05,0.05,0.05,2347254.0
2024-07-22 12:00:00+00:00,0.05,0.05,0.05,0.05,1959435.0
2024-07-22 16:00:00+00:00,0.05,0.06,0.05,0.06,1043074.0
2024-07-22 20:00:00+00:00,0.06,0.06,0.05,0.05,1002025.0
2024-07-23 00:00:00+00:00,0.05,0.06,0.05,0.06,580659.0
2024-07-23 04:00:00+00:00,0.06,0.06,0.05,0.05,1689144.0
2024-07-23 08:00:00+00:00,0.05,0.06,0.05,0.06,2741630.0
2024-07-23 12:00:00+00:00,0.06,0.06,0.05,0.05,781714.0
2024-07-23 16:00:00+00:00,0.05,0.06,0.05,0.05,906800.0
2024-07-23 20:00:00+00:00,0.05,0.06,0.05,0.06,654818.0
2024-07-24 00:00:00+00:00,0.06,0.06,0.06,0.06,756240.0
2024-07-24 04:00:00+00:00,0.06,0.06,0.06,0.06,1428243.0
2024-07-24 08:00:00+00:00,0.06,0.06,0.06,0.06,734127.0
2024-07-24 12:00:00+00:00,0.06,0.06,0.06,0.06,876425.0
2024-07-24 16:00:00+00:00,0.06,0.06,0.06,0.06,472539.0
2024-07-24 20:00:00+00:00,0.06,0.07,0.06,0.07,1565952.0
2024-07-25 00:00:00+00:00,0.07,0.09,0.07,0.09,1950059.0
2024-07-25 04:00:00+00:00,0.09,0.09,0.08,0.08,869530.0
2024-07-25 08:00:00+00:00,0.08,0.08,0.07,0.07,1471617.0
2024-07-25 12:00:00+00:00,0.07,0.07,0.07,0.07,1139000.0
2024-07-25 16:00:00+00:00,0.07,0.09,0.06,0.09,1431142.0
2024-07-25 20:00:00+00:00,0.09,0.09,0.08,0.08,651417.0
2024-07-26 00:00:00+00:00,0.08,0.1,0.08,0.1,4282924.0
2024-07-26 04:00:00+00:00,0.1,0.13,0.1,0.12,1277816.0
2024-07-26 08:00:00+00:00,0.12,0.12,0.11,0.11,1191241.0
2024-07-26 12:00:00+00:00,0.11,0.12,0.11,0.12,2080143.0
2024-07-26 16:00:00+00:00,0.12,0.15,0.12,0.15,10110327.0
2024-07-26 20:00:00+00:00,0.15,0.15,0.14,0.14,628966.0
2024-07-27 00:00:00+00:00,0.14,0.15,0.14,0.14,1368476.0
2024-07-27 04:00:00+00:00,0.14,0.14,0.13,0.13,886668.0
2024-07-27 08:00:00+00:00,0.13,0.13,0.11,0.11,1113602.0
2024-07-27 12:00:00+00:00,0.11,0.11,0.1,0.1,902308.0
2024-07-27 16:00:00+00:00,0.1,0.1,0.08,0.08,884042.0
2024-07-27 20:00:00+00:00,0.08,0.08,0.08,0.08,993332.0
2024-07-28 00:00:00+00:00,0.08,0.08,0.07,0.07,642569.0
2024-07-28 04:00:00+00:00,0.07,0.08,0.07,0.07,1772266.0
2024-07-28 08:00:00+00:00,0.07,0.08,0.05,0.06,1748897.0
2024-07-28 12:00:00+00:00,0.06,0.06,0.05,0.06,1417483.0
2024-07-28 16:00:00+00:00,0.06,0.07,0.06,0.07,1088143.0
2024-07-28 20:00:00+00:00,0.07,0.07,0.05,0.05,1580050.0
2024-07-29 00:00:00+00:00,0.05,0.05,0.05,0.05,1347477.0
2024-07-29 04:00:00+00:00,0.05,0.06,0.05,0.06,866727.0
2024-07-29 08:00:00+00:00,0.06,0.06,0.05,0.05,1292325.0
2024-07-29 12:00:00+00:00,0.05,0.06,0.05,0.06,1139496.0
2024-07-29 16:00:00+00:00,0.06,0.06,0.06,0.06,760614.0
2024-07-29 20:00:00+00:00,0.06,0.06,0.06,0.06,459142.0
2024-07-30 00:00:00+00:00,0.06,0.06,0.06,0.06,2005095.0
2024-07-30 04:00:00+00:00,0.06,0.06,0.06,0.06,884871.0
2024-07-30 08:00:00+00:00,0.06,0.06,0.06,0.06,1848008.0
2024-07-30 12:00:00+00:00,0.06,0.07,0.06,0.07,2114145.0
2024-07-30 16:00:00+00:00,0.07,0.07,0.05,0.06,744160.0
2024-07-30 20:00:00+00:00,0.06,0.06,0.06,0.06,623830.0
2024-07-31 00:00:00+00:00,0.06,0.06,0.04,0.05,5890467.0
2024-07-31 04:00:00+00:00,0.05,0.05,0.04,0.04,2522908.0
2024-07-31 08:00:00+00:00,0.04,0.05,0.04,0.04,1383773.0
2024-07-31 12:00:00+00:00,0.04,0.04,0.03,0.03,1515053.0
2024-07-31 16:00:00+00:00,0.03,0.04,0.03,0.04,1134448.0
2024-07-31 20:00:00+00:00,0.04,0.05,0.04,0.05,1849594.0
2024-08-01 00:00:00+00:00,0.05,0.05,0.05,0.05,889444.0
2024-08-01 04:00:00+00:00,0.05,0.06,0.04,0.04,540268.0
2024-08-01 08:00:00+00:00,0.04,0.04,0.04,0.04,590489.0
2024-08-01 12:00:00+00:00,0.04,0.05,0.04,0.05,1561327.0
2024-08-01 16:00:00+00:00,0.05,0.05,0.05,0.05,603766.0
2024-08-01 20:00:00+00:00,0.05,0.07,0.05,0.07,1972526.0
2024-08-02 00:00:00+00:00,0.07,0.07,0.07,0.07,687235.0
2024-08-02 04:00:00+00:00,0.07,0.07,0.07,0.07,734165.0
2024-08-02 08:00:00+00:00,0.07,0.07,0.07,0.07,1746279.0
2024-08-02 12:00:00+00:00,0.07,0.07,0.07,0.07,1198922.0
2024-08-02 16:00:00+00:00,0.07,0.07,0.07,0.07,1063890.0
2024-08-02 20:00:00+00:00,0.07,0.08,0.07,0.08,2043332.0
2024-08-03 00:00:00+00:00,0.08,0.09,0.08,0.09,1818361.0
2024-08-03 04:00:00+00:00,0.09,0.09,0.08,0.08,2791308.0
2024-08-03 08:00:00+00:00,0.08,0.08,0.06,0.06,1270973.0
2024-08-03 12:00:00+00:00,0.06,0.06,0.04,0.04,1473594.0
2024-08-03 16:00:00+00:00,0.04,0.05,0.04,0.05,640832.0
2024-08-03 20:00:00+00:00,0.05,0.05,0.04,0.04,1207875.0
2024-08-04 00:00:00+00:00,0.04,0.04,0.03,0.03,3189756.0
2024-08-04 04:00:00+00:00,0.03,0.03,0.03,0.03,2250079.0
2024-08-04 08:00:00+00:00,0.03,0.04,0.03,0.04,3429347.0
2024-08-04 12:00:00+00:00,0.04,0.04,0.04,0.04,408903.0
2024-08-04 16:00:00+00:00,0.04,0.05,0.04,0.04,2356757.0
2024-08-04 20:00:00+00:00,0.04,0.05,0.04,0.05,413512.0
2024-08-05 00:00:00+00:00,0.05,0.05,0.04,0.04,1635824.0
2024-08-05 04:00:00+00:00,0.04,0.05,0.04,0.05,1171421.0
2024-08-05 08:00:00+00:00,0.05,0.05,0.05,0.05,1606150.0
2024-08-05 12:00:00+00:00,0.05,0.05,0.05,0.05,575597.0
2024-08-05 16:00:00+00:00,0.05,0.05,0.05,0.05,2056677.0
2024-08-05 20:00:00+00:00,0.05,0.05,0.05,0.05,625031.0
2024-08-06 00:00:00+00:00,0.05,0.06,0.05,0.05,1035829.0
2024-08-06 04:00:00+00:00,0.05,0.05,0.05,0.05,654568.0
2024-08-06 08:00:00+00:00,0.05,0.05,0.05,0.05,557174.0
2024-08-06 12:00:00+00:00,0.05,0.05,0.05,0.05,1302246.0
2024-08-06 16:00:00+00:00,0.05,0.05,0.04,0.04,3462678.0
2024-08-06 20:00:00+00:00,0.04,0.05,0.04,0.04,3845431.0
2024-08-07 00:00:00+00:00,0.04,0.04,0.04,0.04,1053066.0
2024-08-07 04:00:00+00:00,0.04,0.05,0.04,0.05,2579991.0
2024-08-07 08:00:00+00:00,0.05,0.05,0.05,0.05,1364139.0
2024-08-07 12:00:00+00:00,0.05,0.05,0.05,0.05,1296306.0
2024-08-07 16:00:00+00:00,0.05,0.06,0.05,0.06,1149437.0
2024-08-07 20:00:00+00:00,0.06,0.07,0.06,0.07,1793555.0
2024-08-08 00:00:00+00:00,0.07,0.08,0.07,0.08,1638494.0
2024-08-08 04:00:00+00:00,0.08,0.08,0.08,0.08,753400.0
2024-08-08 08:00:00+00:00,0.08,0.08,0.06,0.06,1519740.0
2024-08-08 12:00:00+00:00,0.06,0.07,0.05,0.05,1435174.0
2024-08-08 16:00:00+00:00,0.05,0.05,0.05,0.05,1716776.0
2024-08-08 20:00:00+00:00,0.05,0.05,0.05,0.05,746775.0
2024-08-09 00:00:00+00:00,0.05,0.05,0.04,0.05,1054798.0
2024-08-09 04:00:00+00:00,0.05,0.05,0.05,0.05,2672473.0
2024-08-09 08:00:00+00:00,0.05,0.05,0.05,0.05,2215232.0
2024-08-09 12:00:00+00:00,0.05,0.05,0.05,0.05,2021536.0
2024-08-09 16:00:00+00:00,0.05,0.05,0.05,0.05,1233799.0
2024-08-09 20:00:00+00:00,0.05,0.05,0.05,0.05,1210709.0
2024-08-10 00:00:00+00:00,0.05,0.05,0.04,0.04,3099865.0
2024-08-10 04:00:00+00:00,0.04,0.04,0.03,0.03,3098932.0
2024-08-10 08:00:00+00:00,0.03,0.03,0.03,0.03,400429.0
2024-08-10 12:00:00+00:00,0.03,0.03,0.03,0.03,797969.0
2024-08-10 16:00:00+00:00,0.03,0.03,0.03,0.03,2449049.0
2024-08-10 20:00:00+00:00,0.03,0.04,0.03,0.04,1472748.0
2024-08-11 00:00:00+00:00,0.04,0.04,0.04,0.04,1108610.0
2024-08-11 04:00:00+00:00,0.04,0.04,0.04,0.04,583996.0
2024-08-11 08:00:00+00:00,0.04,0.05,0.04,0.05,1268051.0
2024-08-11 12:00:00+00:00,0.05,0.05,0.05,0.05,530598.0
2024-08-11 16:00:00+00:00,0.05,0.05,0.05,0.05,3267681.0
2024-08-11 20:00:00+00:00,0.05,0.05,0.04,0.04,1258843.0
2024-08-12 00:00:00+00:00,0.04,0.04,0.04,0.04,1100703.0
2024-08-12 04:00:00+00:00,0.04,0.04,0.04,0.04,1572054.0
2024-08-12 08:00:00+00:00,0.04,0.04,0.04,0.04,1747176.0
2024-08-12 12:00:00+00:00,0.04,0.04,0.04,0.04,1725845.0
2024-08-12 16:00:00+00:00,0.04,0.04,0.04,0.04,1718506.0
2024-08-12 20:00:00+00:00,0.04,0.04,0.04,0.04,873107.0
2024-08-13 00:00:00+00:00,0.04,0.05,0.04,0.05,1326203.0
2024-08-13 04:00:00+00:00,0.05,0.06,0.05,0.06,2101628.0
2024-08-13 08:00:00+00:00,0.06,0.06,0.05,0.05,1278841.0
2024-08-13 12:00:00+00:00,0.05,0.05,0.03,0.03,2140245.0
2024-08-13 16:00:00+00:00,0.03,0.03,0.03,0.03,1738252.0
2024-08-13 20:00:00+00:00,0.03,0.03,0.03,0.03,2386263.0
2024-08-14 00:00:00+00:00,0.03,0.03,0.02,0.03,451200.0
2024-08-14 04:00:00+00:00,0.03,0.03,0.02,0.02,2176976.0
2024-08-14 08:00:00+00:00,0.02,0.02,0.02,0.02,1607808.0
2024-08-14 12:00:00+00:00,0.02,0.02,0.02,0.02,1776858.0
2024-08-14 16:00:00+00:00,0.02,0.02,0.02,0.02,1984188.0
2024-08-14 20:00:00+00:00,0.02,0.02,0.02,0.02,2805342.0
2024-08-15 00:00:00+00:00,0.02,0.02,0.01,0.01,4253672.0
2024-08-15 04:00:00+00:00,0.01,0.01,0.01,0.01,2434868.0
2024-08-15 08:00:00+00:00,0.01,0.01,0.01,0.01,2429295.0
2024-08-15 12:00:00+00:00,0.01,0.01,0.01,0.01,1922080.0
2024-08-15 16:00:00+00:00,0.01,0.01,0.01,0.01,1104180.0
2024-08-15 20:00:00+00:00,0.01,0.01,0.01,0.01,1551508.0
2024-08-16 00:00:00+00:00,0.01,0.01,0.01,0.01,1817788.0
2024-08-16 04:00:00+00:00,0.01,0.01,0.01,0.01,906444.0
2024-08-16 08:00:00+00:00,0.01,0.01,0.01,0.01,1753380.0
2024-08-16 12:00:00+00:00,0.01,0.01,0.01,0.01,1515772.0
2024-08-16 16:00:00+00:00,0.01,0.01,0.01,0.01,696315.0
2024-08-16 20:00:00+00:00,0.01,0.01,0.01,0.01,1921844.0
2024-08-17 00:00:00+00:00,0.01,0.01,0.01,0.01,1448342.0
2024-08-17 04:00:00+00:00,0.01,0.01,0.01,0.01,3329200.0
2024-08-17 08:00:00+00:00,0.01,0.01,0.01,0.01,618411.0
2024-08-17 12:00:00+00:00,0.01,0.01,0.01,0.01,812726.0
2024-08-17 16:00:00+00:00,0.01,0.01,0.01,0.01,1803442.0
2024-08-17 20:00:00+00:00,0.01,0.01,0.01,0.01,2848721.0
2024-08-18 00:00:00+00:00,0.01,0.01,0.0,0.0,2102553.0
2024-08-18 04:00:00+00:00,0.0,0.01,0.0,0.01,1946065.0
2024-08-18 08:00:00+00:00,0.01,0.01,0.01,0.01,620349.0
2024-08-18 12:00:00+00:00,0.01,0.01,0.0,0.0,727228.0
2024-08-18 16:00:00+00:00,0.0,0.01,0.0,0.01,1729761.0
2024-08-18 20:00:00+00:00,0.01,0.01,0.01,0.01,641241.0
2024-08-19 00:00:00+00:00,0.01,0.01,0.01,0.01,1399518.0
2024-08-19 04:00:00+00:00,0.01,0.01,0.01,0.01,1681866.0
2024-08-19 08:00:00+00:00,0.01,0.01,0.01,0.01,743723.0
2024-08-19 12:00:00+00:00,0.01,0.01,0.01,0.01,4407073.0
2024-08-19 16:00:00+00:00,0.01,0.01,0.01,0.01,2339092.0
2024-08-19 20:00:00+00:00,0.01,0.01,0.01,0.01,609876.0
2024-08-20 00:00:00+00:00,0.01,0.01,0.01,0.01,714450.0
2024-08-20 04:00:00+00:00,0.01,0.01,0.01,0.01,506995.0
2024-08-20 08:00:00+00:00,0.01,0.01,0.01,0.01,1154047.0
2024-08-20 12:00:00+00:00,0.01,0.01,0.01,0.01,1493972.0
2024-08-20 16:00:00+00:00,0.01,0.01,0.01,0.01,1082017.0
2024-08-20 20:00:00+00:00,0.01,0.01,0.01,0.01,1524698.0
2024-08-21 00:00:00+00:00,0.01,0.01,0.01,0.01,607747.0
2024-08-21 04:00:00+00:00,0.01,0.02,0.01,0.02,2846376.0
2024-08-21 08:00:00+00:00,0.02,0.02,0.02,0.02,807107.0
2024-08-21 12:00:00+00:00,0.02,0.02,0.02,0.02,1167298.0
2024-08-21 16:00:00+00:00,0.02,0.02,0.01,0.02,1037576.0
2024-08-21 20:00:00+00:00,0.02,0.02,0.01,0.01,848541.0
2024-08-22 00:00:00+00:00,0.01,0.01,0.01,0.01,805402.0
2024-08-22 04:00:00+00:00,0.01,0.01,0.01,0.01,2504736.0
2024-08-22 08:00:00+00:00,0.01,0.01,0.01,0.01,1577219.0
2024-08-22 12:00:00+00:00,0.01,0.01,0.01,0.01,2480838.0
2024-08-22 16:00:00+00:00,0.01,0.01,0.01,0.01,1464480.0
2024-08-22 20:00:00+00:00,0.01,0.01,0.01,0.01,1650992.0
2024-08-23 00:00:00+00:00,0.01,0.01,0.01,0.01,559848.0
2024-08-23 04:00:00+00:00,0.01,0.02,0.01,0.02,1268088.0
2024-08-23 08:00:00+00:00,0.02,0.02,0.01,0.01,1319001.0
2024-08-23 12:00:00+00:00,0.01,0.01,0.01,0.01,4345350.0
2024-08-23 16:00:00+00:00,0.01,0.01,0.01,0.01,29108180.0
2024-08-23 20:00:00+00:00,0.01,0.01,0.01,0.01,30271409.0
2024-08-24 00:00:00+00:00,0.01,0.01,0.01,0.01,18398430.0
2024-08-24 04:00:00+00:00,0.01,0.01,0.01,0.01,13794638.0
2024-08-24 08:00:00+00:00,0.01,0.02,0.01,0.01,16343454.0
2024-08-24 12:00:00+00:00,0.02,0.02,0.02,0.02,16720670.0
2024-08-24 16:00:00+00:00,0.02,0.02,0.02,0.02,1236299.0
2024-08-24 20:00:00+00:00,0.02,0.02,0.02,0.02,1061673.0
2024-08-25 00:00:00+00:00,0.02,0.02,0.02,0.02,1281542.0
2024-08-25 04:00:00+00:00,0.02,0.02,0.02,0.02,2295388.0
2024-08-25 08:00:00+00:00,0.02,0.02,0.02,0.02,396571.0
2024-08-25 12:00:00+00:00,0.02,0.03,0.02,0.03,3089346.0
2024-08-25 16:00:00+00:00,0.03,0.03,0.03,0.03,770742.0
2024-08-25 20:00:00+00:00,0.03,0.04,0.03,0.04,626872.0
2024-08-26 00:00:00+00:00,0.04,0.04,0.04,0.04,2679222.0
2024-08-26 04:00:00+00:00,0.04,0.04,0.04,0.04,1675032.0
2024-08-26 08:00:00+00:00,0.04,0.04,0.03,0.03,2574956.0
2024-08-26 12:00:00+00:00,0.03,0.03,0.03,0.03,2190371.0
2024-08-26 16:00:00+00:00,0.03,0.03,0.02,0.02,5272542.0
2024-08-26 20:00:00+00:00,0.02,0.03,0.02,0.03,2548870.0
2024-08-27 00:00:00+00:00,0.03,0.03,0.02,0.02,1381717.0
2024-08-27 04:00:00+00:00,0.02,0.02,0.02,0.02,1302576.0
2024-08-27 08:00:00+00:00,0.02,0.02,0.02,0.02,2090047.0
2024-08-27 12:00:00+00:00,0.02,0.02,0.02,0.02,772405.0
2024-08-27 16:00:00+00:00,0.02,0.02,0.02,0.02,988331.0
2024-08-27 20:00:00+00:00,0.02,0.03,0.02,0.03,1190401.0
2024-08-28 00:00:00+00:00,0.03,0.03,0.02,0.02,440047.0
2024-08-28 04:00:00+00:00,0.02,0.03,0.02,0.02,1149964.0
2024-08-28 08:00:00+00:00,0.02,0.03,0.02,0.03,439678.0
2024-08-28 12:00:00+00:00,0.03,0.03,0.02,0.02,1139886.0
2024-08-28 16:00:00+00:00,0.02,0.03,0.02,0.03,2658995.0
2024-08-28 20:00:00+00:00,0.03,0.03,0.03,0.03,963332.0
2024-08-29 00:00:00+00:00,0.03,0.04,0.03,0.04,3081971.0
2024-08-29 04:00:00+00:00,0.04,0.04,0.04,0.04,626326.0
2024-08-29 08:00:00+00:00,0.04,0.05,0.04,0.05,2775197.0
2024-08-29 12:00:00+00:00,0.05,0.05,0.05,0.05,1517989.0
2024-08-29 16:00:00+00:00,0.05,0.05,0.04,0.04,670763.0
2024-08-29 20:00:00+00:00,0.04,0.04,0.04,0.04,4581896.0
2024-08-30 00:00:00+00:00,0.04,0.04,0.04,0.04,1251069.0
2024-08-30 04:00:00+00:00,0.04,0.04,0.03,0.03,797280.0
2024-08-30 08:00:00+00:00,0.03,0.04,0.03,0.04,626119.0
2024-08-30 12:00:00+00:00,0.04,0.04,0.04,0.04,1396286.0
2024-08-30 16:00:00+00:00,0.04,0.04,0.04,0.04,948580.0
2024-08-30 20:00:00+00:00,0.04,0.05,0.04,0.05,1198321.0
2024-08-31 00:00:00+00:00,0.05,0.06,0.05,0.06,1522844.0
2024-08-31 04:00:00+00:00,0.06,0.06,0.06,0.06,1522978.0
2024-08-31 08:00:00+00:00,0.06,0.08,0.06,0.08,1789362.0
2024-08-31 12:00:00+00:00,0.08,0.09,0.08,0.09,477236.0
2024-08-31 16:00:00+00:00,0.09,0.09,0.07,0.07,1662201.0
2024-08-31 20:00:00+00:00,0.07,0.08,0.07,0.07,410290.0
2024-09-01 00:00:00+00:00,0.07,0.08,0.07,0.08,1399657.0
2024-09-01 04:00:00+00:00,0.08,0.1,0.08,0.09,969262.0
2024-09-01 08:00:00+00:00,0.09,0.1,0.09,0.1,1415108.0
2024-09-01 12:00:00+00:00,0.1,0.1,0.1,0.1,2047001.0
2024-09-01 16:00:00+00:00,0.1,0.1,0.08,0.08,963329.0
2024-09-01 20:00:00+00:00,0.08,0.09,0.08,0.08,1857953.0
2024-09-02 00:00:00+00:00,0.08,0.08,0.07,0.07,1112428.0
2024-09-02 04:00:00+00:00,0.07,0.07,0.06,0.06,3027672.0
2024-09-02 08:00:00+00:00,0.06,0.07,0.06,0.07,1054716.0
2024-09-02 12:00:00+00:00,0.07,0.09,0.07,0.09,1151238.0
2024-09-02 16:00:00+00:00,0.09,0.09,0.09,0.09,1662035.0
2024-09-02 20:00:00+00:00,0.09,0.09,0.08,0.08,1236102.0
2024-09-03 00:00:00+00:00,0.08,0.08,0.07,0.08,788658.0
2024-09-03 04:00:00+00:00,0.08,0.1,0.08,0.1,1212394.0
2024-09-03 08:00:00+00:00,0.1,0.1,0.09,0.09,1245211.0
2024-09-03 12:00:00+00:00,0.09,0.09,0.08,0.09,2072182.0
2024-09-03 16:00:00+00:00,0.09,0.09,0.09,0.09,383133.0
2024-09-03 20:00:00+00:00,0.09,0.09,0.07,0.08,1361370.0
2024-09-04 00:00:00+00:00,0.08,0.08,0.08,0.08,1767032.0
2024-09-04 04:00:00+00:00,0.08,0.08,0.08,0.08,1160264.0
2024-09-04 08:00:00+00:00,0.08,0.09,0.08,0.09,2288877.0
2024-09-04 12:00:00+00:00,0.09,0.09,0.08,0.08,1347200.0
2024-09-04 16:00:00+00:00,0.08,0.08,0.07,0.07,1090300.0
2024-09-04 20:00:00+00:00,0.07,0.08,0.07,0.08,1783389.0
2024-09-05 00:00:00+00:00,0.08,0.08,0.07,0.07,1225981.0
2024-09-05 04:00:00+00:00,0.07,0.1,0.07,0.09,1462975.0
2024-09-05 08:00:00+00:00,0.09,0.09,0.09,0.09,1525646.0
2024-09-05 12:00:00+00:00,0.09,0.09,0.08,0.09,795463.0
2024-09-05 16:00:00+00:00,0.09,0.1,0.09,0.1,1046772.0
2024-09-05 20:00:00+00:00,0.1,0.1,0.08,0.08,1257176.0
2024-09-06 00:00:00+00:00,0.08,0.08,0.06,0.06,3523143.0
2024-09-06 04:00:00+00:00,0.06,0.06,0.05,0.05,336688.0
2024-09-06 08:00:00+00:00,0.05,0.06,0.05,0.05,1912761.0
2024-09-06 12:00:00+00:00,0.05,0.06,0.05,0.05,1268545.0
2024-09-06 16:00:00+00:00,0.05,0.07,0.05,0.07,928876.0
2024-09-06 20:00:00+00:00,0.07,0.07,0.06,0.06,1462319.0
2024-09-07 00:00:00+00:00,0.06,0.07,0.06,0.07,1375692.0
2024-09-07 04:00:00+00:00,0.07,0.08,0.06,0.08,2276704.0
2024-09-07 08:00:00+00:00,0.08,0.11,0.08,0.11,505680.0
2024-09-07 12:00:00+00:00,0.11,0.14,0.11,0.14,3820108.0
2024-09-07 16:00:00+00:00,0.14,0.16,0.14,0.16,1068581.0
2024-09-07 20:00:00+00:00,0.16,0.19,0.16,0.19,2061297.0
2024-09-08 00:00:00+00:00,0.19,0.21,0.18,0.2,1836995.0
2024-09-08 04:00:00+00:00,0.2,0.23,0.2,0.23,872077.0
2024-09-08 08:00:00+00:00,0.23,0.23,0.21,0.21,1734136.0
2024-09-08 12:00:00+00:00,0.21,0.21,0.18,0.18,1126985.0
2024-09-08 16:00:00+00:00,0.18,0.19,0.18,0.18,355032.0
2024-09-08 20:00:00+00:00,0.18,0.18,0.18,0.18,1924968.0
2024-09-09 00:00:00+00:00,0.18,0.18,0.17,0.17,814004.0
2024-09-09 04:00:00+00:00,0.17,0.19,0.17,0.19,857851.0
2024-09-09 08:00:00+00:00,0.19,0.21,0.18,0.21,1170342.0
2024-09-09 12:00:00+00:00,0.21,0.22,0.21,0.21,1193453.0
2024-09-09 16:00:00+00:00,0.21,0.26,0.21,0.26,1614855.0
2024-09-09 20:00:00+00:00,0.26,0.26,0.22,0.22,1988566.0
2024-09-10 00:00:00+00:00,0.22,0.22,0.21,0.21,555490.0
2024-09-10 04:00:00+00:00,0.21,0.21,0.19,0.19,911152.0
2024-09-10 08:00:00+00:00,0.19,0.19,0.14,0.14,1734458.0
2024-09-10 12:00:00+00:00,0.14,0.14,0.13,0.13,2674080.0
2024-09-10 16:00:00+00:00,0.13,0.14,0.13,0.13,994130.0
2024-09-10 20:00:00+00:00,0.13,0.16,0.13,0.16,2880957.0
2024-09-11 00:00:00+00:00,0.16,0.18,0.16,0.18,1310898.0
2024-09-11 04:00:00+00:00,0.18,0.18,0.15,0.15,1145482.0
2024-09-11 08:00:00+00:00,0.15,0.19,0.15,0.19,1623262.0
2024-09-11 12:00:00+00:00,0.19,0.23,0.19,0.23,1426225.0
2024-09-11 16:00:00+00:00,0.23,0.25,0.22,0.25,1709371.0
2024-09-11 20:00:00+00:00,0.25,0.25,0.23,0.24,2186823.0
2024-09-12 00:00:00+00:00,0.24,0.24,0.2,0.2,1711305.0
2024-09-12 04:00:00+00:00,0.2,0.21,0.19,0.19,2109749.0
2024-09-12 08:00:00+00:00,0.19,0.23,0.19,0.23,921069.0
2024-09-12 12:00:00+00:00,0.23,0.3,0.22,0.29,1503795.0
2024-09-12 16:00:00+00:00,0.29,0.38,0.28,0.36,1181157.0
2024-09-12 20:00:00+00:00,0.36,0.36,0.33,0.33,1425134.0
2024-09-13 00:00:00+00:00,0.33,0.33,0.27,0.28,1254922.0
2024-09-13 04:00:00+00:00,0.28,0.28,0.27,0.28,1534842.0
2024-09-13 08:00:00+00:00,0.28,0.28,0.21,0.21,1125007.0
2024-09-13 12:00:00+00:00,0.21,0.22,0.21,0.22,1172604.0
2024-09-13 16:00:00+00:00,0.22,0.22,0.21,0.21,1500277.0
2024-09-13 20:00:00+00:00,0.21,0.22,0.19,0.2,429761.0
2024-09-14 00:00:00+00:00,0.2,0.2,0.15,0.15,4955283.0
2024-09-14 04:00:00+00:00,0.15,0.16,0.15,0.16,1070535.0
2024-09-14 08:00:00+00:00,0.16,0.17,0.15,0.15,449581.0
2024-09-14 12:00:00+00:00,0.15,0.16,0.12,0.12,1649611.0
2024-09-14 16:00:00+00:00,0.12,0.12,0.07,0.07,2328914.0
2024-09-14 20:00:00+00:00,0.07,0.07,0.07,0.07,969635.0
2024-09-15 00:00:00+00:00,0.07,0.09,0.07,0.09,2935342.0
2024-09-15 04:00:00+00:00,0.09,0.11,0.09,0.11,2542650.0
2024-09-15 08:00:00+00:00,0.11,0.11,0.1,0.1,1396784.0
2024-09-15 12:00:00+00:00,0.1,0.1,0.09,0.09,1589088.0
2024-09-15 16:00:00+00:00,0.09,0.1,0.09,0.1,1151440.0
2024-09-15 20:00:00+00:00,0.1,0.1,0.08,0.09,3515990.0
2024-09-16 00:00:00+00:00,0.09,0.09,0.09,0.09,543147.0
2024-09-16 04:00:00+00:00,0.09,0.1,0.09,0.1,1444260.0
2024-09-16 08:00:00+00:00,0.1,0.12,0.1,0.12,1605579.0
2024-09-16 12:00:00+00:00,0.12,0.12,0.11,0.12,1566329.0
2024-09-16 16:00:00+00:00,0.12,0.12,0.11,0.11,714113.0
2024-09-16 20:00:00+00:00,0.11,0.11,0.1,0.1,582069.0
2024-09-17 00:00:00+00:00,0.1,0.1,0.09,0.09,1481851.0
2024-09-17 04:00:00+00:00,0.09,0.09,0.08,0.08,1266015.0
2024-09-17 08:00:00+00:00,0.08,0.09,0.08,0.09,2458264.0
2024-09-17 12:00:00+00:00,0.09,0.1,0.09,0.1,748675.0
2024-09-17 16:00:00+00:00,0.1,0.1,0.09,0.09,2421783.0
2024-09-17 20:00:00+00:00,0.09,0.11,0.09,0.11,5466587.0
2024-09-18 00:00:00+00:00,0.11,0.11,0.1,0.1,927397.0
2024-09-18 04:00:00+00:00,0.1,0.1,0.1,0.1,528533.0
2024-09-18 08:00:00+00:00,0.1,0.11,0.09,0.09,1084717.0
2024-09-18 12:00:00+00:00,0.09,0.09,0.06,0.06,2103907.0
2024-09-18 16:00:00+00:00,0.06,0.07,0.06,0.07,1855175.0
2024-09-18 20:00:00+00:00,0.07,0.07,0.07,0.07,991897.0
2024-09-19 00:00:00+00:00,0.07,0.07,0.07,0.07,2448384.0
2024-09-19 04:00:00+00:00,0.07,0.07,0.07,0.07,590897.0
2024-09-19 08:00:00+00:00,0.07,0.08,0.07,0.08,516095.0
2024-09-19 12:00:00+00:00,0.08,0.08,0.06,0.06,2959477.0
2024-09-19 16:00:00+00:00,0.06,0.06,0.05,0.05,396595.0
2024-09-19 20:00:00+00:00,0.05,0.06,0.05,0.06,1226873.0
2024-09-20 00:00:00+00:00,0.06,0.06,0.05,0.05,7430362.0
2024-09-20 04:00:00+00:00,0.05,0.05,0.05,0.05,1126472.0
2024-09-20 08:00:00+00:00,0.05,0.05,0.04,0.04,918920.0
2024-09-20 12:00:00+00:00,0.04,0.04,0.04,0.04,1176690.0
2024-09-20 16:00:00+00:00,0.04,0.04,0.04,0.04,989587.0
2024-09-20 20:00:00+00:00,0.04,0.04,0.03,0.03,1859735.0
2024-09-21 00:00:00+00:00,0.03,0.04,0.03,0.04,2123628.0
2024-09-21 04:00:00+00:00,0.04,0.04,0.03,0.03,790923.0
2024-09-21 08:00:00+00:00,0.03,0.03,0.03,0.03,3171186.0
2024-09-21 12:00:00+00:00,0.03,0.03,0.03,0.03,1233164.0
2024-09-21 16:00:00+00:00,0.03,0.04,0.03,0.04,2182460.0
2024-09-21 20:00:00+00:00,0.04,0.04,0.03,0.03,1063986.0
2024-09-22 00:00:00+00:00,0.03,0.03,0.03,0.03,1956226.0
2024-09-22 04:00:00+00:00,0.03,0.03,0.03,0.03,1047663.0
2024-09-22 08:00:00+00:00,0.03,0.04,0.03,0.04,1507560.0
2024-09-22 12:00:00+00:00,0.04,0.04,0.04,0.04,677109.0
2024-09-22 16:00:00+00:00,0.04,0.04,0.04,0.04,707688.0
2024-09-22 20:00:00+00:00,0.04,0.04,0.03,0.03,1935963.0
2024-09-23 00:00:00+00:00,0.03,0.03,0.03,0.03,832143.0
2024-09-23 04:00:00+00:00,0.03,0.03,0.03,0.03,964840.0
2024-09-23 08:00:00+00:00,0.03,0.03,0.02,0.02,1678172.0
2024-09-23 12:00:00+00:00,0.02,0.02,0.02,0.02,1696664.0
2024-09-23 16:00:00+00:00,0.02,0.02,0.02,0.02,1026932.0
2024-09-23 20:00:00+00:00,0.02,0.02,0.01,0.01,1945782.0
2024-09-24 00:00:00+00:00,0.01,0.01,0.01,0.01,1465791.0
2024-09-24 04:00:00+00:00,0.01,0.01,0.01,0.01,490025.0
2024-09-24 08:00:00+00:00,0.01,0.01,0.01,0.01,922661.0
2024-09-24 12:00:00+00:00,0.01,0.01,0.01,0.01,1193373.0
2024-09-24 16:00:00+00:00,0.01,0.01,0.01,0.01,915564.0
2024-09-24 20:00:00+00:00,0.01,0.01,0.01,0.01,1837162.0
2024-09-25 00:00:00+00:00,0.01,0.02,0.01,0.02,2623373.0
2024-09-25 04:00:00+00:00,0.02,0.02,0.01,0.01,1850623.0
2024-09-25 08:00:00+00:00,0.01,0.01,0.01,0.01,3380041.0
2024-09-25 12:00:00+00:00,0.01,0.01,0.01,0.01,1168800.0
2024-09-25 16:00:00+00:00,0.01,0.01,0.01,0.01,1978364.0
2024-09-25 20:00:00+00:00,0.01,0.01,0.01,0.01,786862.0
2024-09-26 00:00:00+00:00,0.01,0.01,0.01,0.01,5883577.0
2024-09-26 04:00:00+00:00,0.01,0.01,0.01,0.01,3084184.0
2024-09-26 08:00:00+00:00,0.01,0.01,0.01,0.01,1121734.0
2024-09-26 12:00:00+00:00,0.01,0.01,0.01,0.01,1374505.0
2024-09-26 16:00:00+00:00,0.01,0.01,0.01,0.01,3364513.0
2024-09-26 20:00:00+00:00,0.01,0.01,0.01,0.01,1296652.0
2024-09-27 00:00:00+00:00,0.01,0.01,0.01,0.01,746681.0
2024-09-27 04:00:00+00:00,0.01,0.01,0.01,0.01,1675655.0
2024-09-27 08:00:00+00:00,0.01,0.01,0.01,0.01,2524018.0
2024-09-27 12:00:00+00:00,0.01,0.01,0.01,0.01,1240890.0
2024-09-27 16:00:00+00:00,0.01,0.02,0.01,0.01,883247.0
2024-09-27 20:00:00+00:00,0.01,0.01,0.01,0.01,505864.0
2024-09-28 00:00:00+00:00,0.01,0.01,0.01,0.01,1704354.0
2024-09-28 04:00:00+00:00,0.01,0.01,0.01,0.01,1648694.0
2024-09-28 08:00:00+00:00,0.01,0.01,0.01,0.01,1470111.0
2024-09-28 12:00:00+00:00,0.01,0.01,0.01,0.01,2894043.0
2024-09-28 16:00:00+00:00,0.01,0.01,0.01,0.01,916541.0
2024-09-28 20:00:00+00:00,0.01,0.01,0.01,0.01,1086143.0
2024-09-29 00:00:00+00:00,0.01,0.02,0.01,0.02,1434344.0
2024-09-29 04:00:00+00:00,0.02,0.02,0.02,0.02,1155289.0
2024-09-29 08:00:00+00:00,0.02,0.02,0.02,0.02,2312691.0
2024-09-29 12:00:00+00:00,0.02,0.02,0.02,0.02,697578.0
2024-09-29 16:00:00+00:00,0.02,0.02,0.02,0.02,2728741.0
2024-09-29 20:00:00+00:00,0.02,0.02,0.02,0.02,3249071.0
2024-09-30 00:00:00+00:00,0.02,0.02,0.02,0.02,1357019.0
2024-09-30 04:00:00+00:00,0.02,0.02,0.02,0.02,2414598.0
2024-09-30 08:00:00+00:00,0.02,0.02,0.02,0.02,861107.0
2024-09-30 12:00:00+00:00,0.02,0.02,0.02,0.02,1975165.0
2024-09-30 16:00:00+00:00,0.02,0.02,0.02,0.02,2000158.0
2024-09-30 20:00:00+00:00,0.02,0.02,0.02,0.02,2206717.0
2024-10-01 00:00:00+00:00,0.02,0.02,0.02,0.02,1178154.0
2024-10-01 04:00:00+00:00,0.02,0.02,0.02,0.02,439426.0
2024-10-01 08:00:00+00:00,0.02,0.02,0.02,0.02,1076481.0
2024-10-01 12:00:00+00:00,0.02,0.02,0.02,0.02,736779.0
2024-10-01 16:00:00+00:00,0.02,0.02,0.02,0.02,994887.0
2024-10-01 20:00:00+00:00,0.02,0.02,0.02,0.02,1104792.0
2024-10-02 00:00:00+00:00,0.02,0.02,0.02,0.02,971965.0
2024-10-02 04:00:00+00:00,0.02,0.02,0.02,0.02,980992.0
2024-10-02 08:00:00+00:00,0.02,0.02,0.02,0.02,700388.0
2024-10-02 12:00:00+00:00,0.02,0.02,0.02,0.02,760624.0
2024-10-02 16:00:00+00:00,0.02,0.02,0.02,0.02,2522836.0
2024-10-02 20:00:00+00:00,0.02,0.03,0.02,0.03,1099900.0
2024-10-03 00:00:00+00:00,0.03,0.04,0.03,0.04,1670981.0
2024-10-03 04:00:00+00:00,0.04,0.04,0.04,0.04,1000523.0
2024-10-03 08:00:00+00:00,0.04,0.05,0.04,0.04,1354047.0
2024-10-03 12:00:00+00:00,0.04,0.05,0.04,0.05,1361498.0
2024-10-03 16:00:00+00:00,0.05,0.05,0.04,0.04,253688.0
2024-10-03 20:00:00+00:00,0.04,0.05,0.04,0.05,1914329.0
2024-10-04 00:00:00+00:00,0.05,0.05,0.04,0.04,2330938.0
2024-10-04 04:00:00+00:00,0.04,0.04,0.04,0.04,634135.0
2024-10-04 08:00:00+00:00,0.04,0.05,0.04,0.05,977096.0
2024-10-04 12:00:00+00:00,0.05,0.06,0.04,0.05,1163038.0
2024-10-04 16:00:00+00:00,0.05,0.05,0.04,0.05,1034151.0
2024-10-04 20:00:00+00:00,0.05,0.06,0.05,0.06,1777207.0
2024-10-05 00:00:00+00:00,0.06,0.06,0.06,0.06,399337.0
2024-10-05 04:00:00+00:00,0.06,0.06,0.04,0.04,1117715.0
2024-10-05 08:00:00+00:00,0.04,0.04,0.04,0.04,2757460.0
2024-10-05 12:00:00+00:00,0.04,0.05,0.04,0.05,993288.0
2024-10-05 16:00:00+00:00,0.05,0.05,0.04,0.05,1888203.0
2024-10-05 20:00:00+00:00,0.05,0.05,0.04,0.04,1728698.0
2024-10-06 00:00:00+00:00,0.04,0.04,0.04,0.04,498111.0
2024-10-06 04:00:00+00:00,0.04,0.04,0.04,0.04,1888577.0
2024-10-06 08:00:00+00:00,0.04,0.04,0.04,0.04,1171377.0
2024-10-06 12:00:00+00:00,0.04,0.04,0.04,0.04,884867.0
2024-10-06 16:00:00+00:00,0.04,0.04,0.04,0.04,1320983.0
2024-10-06 20:00:00+00:00,0.04,0.04,0.04,0.04,1495937.0
2024-10-07 00:00:00+00:00,0.04,0.04,0.03,0.03,2020860.0
2024-10-07 04:00:00+00:00,0.03,0.04,0.03,0.04,3106180.0
2024-10-07 08:00:00+00:00,0.04,0.04,0.04,0.04,1408616.0
2024-10-07 12:00:00+00:00,0.04,0.04,0.04,0.04,776224.0
2024-10-07 16:00:00+00:00,0.04,0.06,0.04,0.05,1326602.0
2024-10-07 20:00:00+00:00,0.05,0.06,0.05,0.06,6297570.0
2024-10-08 00:00:00+00:00,0.06,0.06,0.06,0.06,1720521.0
2024-10-08 04:00:00+00:00,0.06,0.06,0.06,0.06,3852356.0
2024-10-08 08:00:00+00:00,0.06,0.06,0.06,0.06,2037838.0
2024-10-08 12:00:00+00:00,0.06,0.06,0.05,0.05,1585032.0
2024-10-08 16:00:00+00:00,0.05,0.06,0.05,0.06,1328493.0
2024-10-08 20:00:00+00:00,0.06,0.06,0.04,0.05,1506056.0
2024-10-09 00:00:00+00:00,0.05,0.05,0.05,0.05,642204.0
2024-10-09 04:00:00+00:00,0.05,0.05,0.05,0.05,1223285.0
2024-10-09 08:00:00+00:00,0.05,0.05,0.05,0.05,1991865.0
2024-10-09 12:00:00+00:00,0.05,0.05,0.05,0.05,833077.0
2024-10-09 16:00:00+00:00,0.05,0.05,0.05,0.05,1375698.0
2024-10-09 20:00:00+00:00,0.05,0.06,0.05,0.06,1930260.0
2024-10-10 00:00:00+00:00,0.06,0.06,0.05,0.05,772080.0
2024-10-10 04:00:00+00:00,0.05,0.06,0.05,0.06,1108490.0
2024-10-10 08:00:00+00:00,0.06,0.06,0.05,0.05,966992.0
2024-10-10 12:00:00+00:00,0.05,0.05,0.05,0.05,698703.0
2024-10-10 16:00:00+00:00,0.05,0.06,0.05,0.06,979965.0
2024-10-10 20:00:00+00:00,0.06,0.06,0.05,0.05,926253.0
2024-10-11 00:00:00+00:00,0.05,0.05,0.05,0.05,2659280.0
2024-10-11 04:00:00+00:00,0.05,0.05,0.05,0.05,777294.0
2024-10-11 08:00:00+00:00,0.05,0.05,0.05,0.05,1148474.0
2024-10-11 12:00:00+00:00,0.05,0.05,0.05,0.05,898317.0
2024-10-11 16:00:00+00:00,0.05,0.06,0.05,0.06,2195128.0
2024-10-11 20:00:00+00:00,0.06,0.06,0.06,0.06,2471473.0
2024-10-12 00:00:00+00:00,0.06,0.07,0.06,0.07,2305690.0
2024-10-12 04:00:00+00:00,0.07,0.08,0.07,0.08,1377411.0
2024-10-12 08:00:00+00:00,0.08,0.08,0.08,0.08,989806.0
2024-10-12 12:00:00+00:00,0.08,0.09,0.08,0.08,716492.0
2024-10-12 16:00:00+00:00,0.08,0.11,0.08,0.11,4895604.0
2024-10-12 20:00:00+00:00,0.11,0.11,0.1,0.11,726395.0
2024-10-13 00:00:00+00:00,0.11,0.11,0.09,0.09,2006052.0
2024-10-13 04:00:00+00:00,0.09,0.1,0.09,0.1,2540928.0
2024-10-13 08:00:00+00:00,0.1,0.11,0.1,0.1,800289.0
2024-10-13 12:00:00+00:00,0.1,0.1,0.07,0.07,3320115.0
2024-10-13 16:00:00+00:00,0.07,0.08,0.07,0.08,2021031.0
2024-10-13 20:00:00+00:00,0.08,0.08,0.07,0.07,2949137.0
2024-10-14 00:00:00+00:00,0.07,0.07,0.07,0.07,824684.0
2024-10-14 04:00:00+00:00,0.07,0.07,0.07,0.07,602660.0
2024-10-14 08:00:00+00:00,0.07,0.08,0.07,0.08,841693.0
2024-10-14 12:00:00+00:00,0.08,0.08,0.08,0.08,1462288.0
2024-10-14 16:00:00+00:00,0.08,0.09,0.08,0.08,1233279.0
2024-10-14 20:00:00+00:00,0.08,0.08,0.08,0.08,1009526.0
2024-10-15 00:00:00+00:00,0.08,0.09,0.08,0.08,430648.0
2024-10-15 04:00:00+00:00,0.08,0.09,0.08,0.09,1683531.0
2024-10-15 08:00:00+00:00,0.09,0.1,0.09,0.1,3418508.0
2024-10-15 12:00:00+00:00,0.1,0.1,0.08,0.08,1794452.0
2024-10-15 16:00:00+00:00,0.08,0.1,0.08,0.1,2016351.0
2024-10-15 20:00:00+00:00,0.1,0.1,0.09,0.09,1654792.0
2024-10-16 00:00:00+00:00,0.09,0.1,0.09,0.1,1661008.0
2024-10-16 04:00:00+00:00,0.1,0.11,0.1,0.11,1854021.0
2024-10-16 08:00:00+00:00,0.11,0.14,0.11,0.14,2224558.0
2024-10-16 12:00:00+00:00,0.14,0.14,0.13,0.13,942668.0
2024-10-16 16:00:00+00:00,0.13,0.13,0.12,0.12,778327.0
2024-10-16 20:00:00+00:00,0.12,0.12,0.12,0.12,892068.0
2024-10-17 00:00:00+00:00,0.12,0.13,0.12,0.12,1329248.0
2024-10-17 04:00:00+00:00,0.12,0.13,0.12,0.13,1159839.0
2024-10-17 08:00:00+00:00,0.13,0.14,0.1,0.1,2023122.0
2024-10-17 12:00:00+00:00,0.1,0.1,0.08,0.08,1838030.0
2024-10-17 16:00:00+00:00,0.08,0.09,0.07,0.07,2247901.0
2024-10-17 20:00:00+00:00,0.07,0.08,0.07,0.08,2708429.0
2024-10-18 00:00:00+00:00,0.08,0.1,0.08,0.1,1838620.0
2024-10-18 04:00:00+00:00,0.1,0.1,0.1,0.1,545231.0
2024-10-18 08:00:00+00:00,0.1,0.1,0.1,0.1,906306.0
2024-10-18 12:00:00+00:00,0.1,0.1,0.1,0.1,1052856.0
2024-10-18 16:00:00+00:00,0.1,0.12,0.1,0.12,604682.0
2024-10-18 20:00:00+00:00,0.12,0.12,0.1,0.1,2840898.0
2024-10-19 00:00:00+00:00,0.1,0.1,0.1,0.1,1187402.0
2024-10-19 04:00:00+00:00,0.1,0.12,0.1,0.12,1739332.0
2024-10-19 08:00:00+00:00,0.12,0.13,0.12,0.13,2422784.0
2024-10-19 12:00:00+00:00,0.13,0.13,0.13,0.13,790928.0
2024-10-19 16:00:00+00:00,0.13,0.15,0.13,0.15,1930736.0
2024-10-19 20:00:00+00:00,0.15,0.15,0.09,0.09,2099371.0
2024-10-20 00:00:00+00:00,0.09,0.1,0.09,0.1,1188943.0
2024-10-20 04:00:00+00:00,0.1,0.1,0.09,0.09,880771.0
2024-10-20 08:00:00+00:00,0.09,0.09,0.06,0.06,4197675.0
2024-10-20 12:00:00+00:00,0.06,0.07,0.06,0.07,1018244.0
2024-10-20 16:00:00+00:00,0.07,0.08,0.07,0.08,2293503.0
2024-10-20 20:00:00+00:00,0.08,0.08,0.08,0.08,416421.0
2024-10-21 00:00:00+00:00,0.08,0.09,0.08,0.09,2572745.0
2024-10-21 04:00:00+00:00,0.09,0.12,0.09,0.12,2917534.0
2024-10-21 08:00:00+00:00,0.12,0.14,0.12,0.14,1669531.0
2024-10-21 12:00:00+00:00,0.14,0.17,0.14,0.17,1550137.0
2024-10-21 16:00:00+00:00,0.17,0.19,0.17,0.19,1627344.0
2024-10-21 20:00:00+00:00,0.19,0.19,0.19,0.19,3242060.0
2024-10-22 00:00:00+00:00,0.19,0.2,0.14,0.15,710488.0
2024-10-22 04:00:00+00:00,0.15,0.15,0.14,0.14,1644645.0
2024-10-22 08:00:00+00:00,0.14,0.14,0.12,0.12,875556.0
2024-10-22 12:00:00+00:00,0.12,0.17,0.12,0.16,1955643.0
2024-10-22 16:00:00+00:00,0.16,0.16,0.16,0.16,954885.0
2024-10-22 20:00:00+00:00,0.16,0.16,0.16,0.16,850556.0
2024-10-23 00:00:00+00:00,0.16,0.18,0.16,0.18,1238712.0
2024-10-23 04:00:00+00:00,0.18,0.18,0.17,0.18,577278.0
2024-10-23 08:00:00+00:00,0.18,0.22,0.17,0.22,2929746.0
2024-10-23 12:00:00+00:00,0.22,0.23,0.19,0.2,522774.0
2024-10-23 16:00:00+00:00,0.2,0.21,0.2,0.21,1422034.0
2024-10-23 20:00:00+00:00,0.21,0.21,0.18,0.18,1134779.0
2024-10-24 00:00:00+00:00,0.18,0.19,0.14,0.15,888709.0
2024-10-24 04:00:00+00:00,0.15,0.15,0.13,0.13,1413295.0
2024-10-24 08:00:00+00:00,0.13,0.13,0.13,0.13,467682.0
2024-10-24 12:00:00+00:00,0.13,0.14,0.12,0.12,1216736.0
2024-10-24 16:00:00+00:00,0.12,0.12,0.11,0.11,644928.0
2024-10-24 20:00:00+00:00,0.11,0.11,0.09,0.09,2059060.0
2024-10-25 00:00:00+00:00,0.09,0.09,0.09,0.09,654816.0
2024-10-25 04:00:00+00:00,0.09,0.09,0.05,0.05,10857269.0
2024-10-25 08:00:00+00:00,0.07,0.07,0.06,0.06,12611973.0
2024-10-25 12:00:00+00:00,0.07,0.08,0.06,0.06,5715211.0
2024-10-25 16:00:00+00:00,0.08,0.08,0.05,0.05,13044108.0
2024-10-25 20:00:00+00:00,0.06,0.06,0.05,0.05,4351507.0
2024-10-26 00:00:00+00:00,0.06,0.06,0.05,0.05,14937116.0
2024-10-26 04:00:00+00:00,0.05,0.05,0.05,0.05,2758225.0
2024-10-26 08:00:00+00:00,0.05,0.06,0.05,0.06,6466319.0
2024-10-26 12:00:00+00:00,0.06,0.06,0.04,0.04,1932372.0
2024-10-26 16:00:00+00:00,0.04,0.05,0.04,0.05,1556156.0
2024-10-26 20:00:00+00:00,0.05,0.05,0.04,0.04,440967.0
2024-10-27 00:00:00+00:00,0.04,0.05,0.04,0.05,2751725.0
2024-10-27 04:00:00+00:00,0.05,0.05,0.05,0.05,1611852.0
2024-10-27 08:00:00+00:00,0.05,0.05,0.04,0.04,1052780.0
2024-10-27 12:00:00+00:00,0.04,0.05,0.04,0.04,2127698.0
2024-10-27 16:00:00+00:00,0.04,0.04,0.04,0.04,1198274.0
2024-10-27 20:00:00+00:00,0.04,0.05,0.04,0.04,1178281.0
2024-10-28 00:00:00+00:00,0.04,0.04,0.04,0.04,1277013.0
2024-10-28 04:00:00+00:00,0.04,0.06,0.04,0.06,1081128.0
2024-10-28 08:00:00+00:00,0.06,0.06,0.05,0.06,1716747.0
2024-10-28 12:00:00+00:00,0.06,0.06,0.05,0.05,777568.0
2024-10-28 16:00:00+00:00,0.05,0.05,0.04,0.04,996144.0
2024-10-28 20:00:00+00:00,0.04,0.04,0.03,0.03,1151227.0
2024-10-29 00:00:00+00:00,0.03,0.03,0.02,0.02,2508249.0
2024-10-29 04:00:00+00:00,0.02,0.02,0.02,0.02,820819.0
2024-10-29 08:00:00+00:00,0.02,0.02,0.02,0.02,624862.0
2024-10-29 12:00:00+00:00,0.02,0.02,0.02,0.02,1266502.0
2024-10-29 16:00:00+00:00,0.02,0.02,0.02,0.02,1377576.0
2024-10-29 20:00:00+00:00,0.02,0.02,0.02,0.02,676138.0
2024-10-30 00:00:00+00:00,0.02,0.02,0.02,0.02,597698.0
2024-10-30 04:00:00+00:00,0.02,0.02,0.02,0.02,4944683.0
2024-10-30 08:00:00+00:00,0.02,0.03,0.02,0.03,910827.0
2024-10-30 12:00:00+00:00,0.03,0.03,0.03,0.03,956232.0
2024-10-30 16:00:00+00:00,0.03,0.03,0.02,0.02,1168538.0
2024-10-30 20:00:00+00:00,0.02,0.02,0.02,0.02,1596866.0
2024-10-31 00:00:00+00:00,0.02,0.02,0.01,0.01,1810027.0
2024-10-31 04:00:00+00:00,0.01,0.01,0.01,0.01,1764059.0
2024-10-31 08:00:00+00:00,0.01,0.01,0.01,0.01,1241989.0
2024-10-31 12:00:00+00:00,0.01,0.01,0.01,0.01,572372.0
2024-10-31 16:00:00+00:00,0.01,0.01,0.01,0.01,1950642.0
2024-10-31 20:00:00+00:00,0.01,0.01,0.01,0.01,1051674.0
2024-11-01 00:00:00+00:00,0.01,0.01,0.01,0.01,3074634.0
2024-11-01 04:00:00+00:00,0.01,0.01,0.01,0.01,349069.0
2024-11-01 08:00:00+00:00,0.01,0.01,0.01,0.01,1318447.0
2024-11-01 12:00:00+00:00,0.01,0.01,0.01,0.01,3898441.0
2024-11-01 16:00:00+00:00,0.01,0.01,0.01,0.01,1367661.0
2024-11-01 20:00:00+00:00,0.01,0.01,0.01,0.01,935716.0
2024-11-02 00:00:00+00:00,0.01,0.01,0.01,0.01,1165506.0
2024-11-02 04:00:00+00:00,0.01,0.01,0.01,0.01,989995.0
2024-11-02 08:00:00+00:00,0.01,0.01,0.01,0.01,942758.0
2024-11-02 12:00:00+00:00,0.01,0.01,0.01,0.01,1204332.0
2024-11-02 16:00:00+00:00,0.01,0.01,0.01,0.01,822989.0
2024-11-02 20:00:00+00:00,0.01,0.01,0.01,0.01,2363485.0
2024-11-03 00:00:00+00:00,0.01,0.01,0.01,0.01,1460472.0
2024-11-03 04:00:00+00:00,0.01,0.01,0.01,0.01,1720161.0
2024-11-03 08:00:00+00:00,0.01,0.01,0.01,0.01,1567142.0
2024-11-03 12:00:00+00:00,0.01,0.01,0.01,0.01,891682.0
2024-11-03 16:00:00+00:00,0.01,0.01,0.01,0.01,743357.0
2024-11-03 20:00:00+00:00,0.01,0.01,0.01,0.01,784214.0
2024-11-04 00:00:00+00:00,0.01,0.01,0.01,0.01,1840392.0
2024-11-04 04:00:00+00:00,0.01,0.01,0.01,0.01,735826.0
2024-11-04 08:00:00+00:00,0.01,0.01,0.01,0.01,809160.0
2024-11-04 12:00:00+00:00,0.01,0.01,0.01,0.01,825653.0
2024-11-04 16:00:00+00:00,0.01,0.01,0.01,0.01,4227357.0
2024-11-04 20:00:00+00:00,0.01,0.01,0.01,0.01,391517.0
2024-11-05 00:00:00+00:00,0.01,0.01,0.01,0.01,1272687.0
2024-11-05 04:00:00+00:00,0.01,0.01,0.01,0.01,3397967.0
2024-11-05 08:00:00+00:00,0.01,0.01,0.01,0.01,1264573.0
2024-11-05 12:00:00+00:00,0.01,0.01,0.01,0.01,1884753.0
2024-11-05 16:00:00+00:00,0.01,0.01,0.01,0.01,1888532.0
2024-11-05 20:00:00+00:00,0.01,0.01,0.01,0.01,1102654.0
2024-11-06 00:00:00+00:00,0.01,0.01,0.01,0.01,460076.0
2024-11-06 04:00:00+00:00,0.01,0.01,0.01,0.01,1604787.0
2024-11-06 08:00:00+00:00,0.01,0.01,0.01,0.01,884735.0
2024-11-06 12:00:00+00:00,0.01,0.01,0.01,0.01,1088804.0
2024-11-06 16:00:00+00:00,0.01,0.01,0.01,0.01,868408.0
2024-11-06 20:00:00+00:00,0.01,0.01,0.01,0.01,2698989.0
2024-11-07 00:00:00+00:00,0.01,0.01,0.01,0.01,3711878.0
2024-11-07 04:00:00+00:00,0.01,0.01,0.01,0.01,1184085.0
2024-11-07 08:00:00+00:00,0.01,0.01,0.01,0.01,1079663.0
2024-11-07 12:00:00+00:00,0.01,0.01,0.01,0.01,752386.0
2024-11-07 16:00:00+00:00,0.01,0.01,0.01,0.01,2260548.0
2024-11-07 20:00:00+00:00,0.01,0.01,0.01,0.01,3866347.0
2024-11-08 00:00:00+00:00,0.01,0.01,0.01,0.01,1546047.0
2024-11-08 04:00:00+00:00,0.01,0.01,0.01,0.01,445380.0
2024-11-08 08:00:00+00:00,0.01,0.01,0.01,0.01,2104942.0
2024-11-08 12:00:00+00:00,0.01,0.01,0.01,0.01,2442282.0
2024-11-08 16:00:00+00:00,0.01,0.01,0.01,0.01,536703.0
2024-11-08 20:00:00+00:00,0.01,0.01,0.01,0.01,1636912.0
2024-11-09 00:00:00+00:00,0.01,0.01,0.01,0.01,1375555.0
2024-11-09 04:00:00+00:00,0.01,0.01,0.01,0.01,1098653.0
2024-11-09 08:00:00+00:00,0.01,0.01,0.01,0.01,909106.0
2024-11-09 12:00:00+00:00,0.01,0.01,0.01,0.01,2640532.0
2024-11-09 16:00:00+00:00,0.01,0.01,0.01,0.01,1330110.0
2024-11-09 20:00:00+00:00,0.01,0.01,0.01,0.01,596564.0
2024-11-10 00:00:00+00:00,0.01,0.01,0.01,0.01,392879.0
2024-11-10 04:00:00+00:00,0.01,0.01,0.01,0.01,3302282.0
2024-11-10 08:00:00+00:00,0.01,0.01,0.01,0.01,1855301.0
2024-11-10 12:00:00+00:00,0.01,0.01,0.01,0.01,1498346.0
2024-11-10 16:00:00+00:00,0.01,0.01,0.01,0.01,1385580.0
2024-11-10 20:00:00+00:00,0.01,0.01,0.01,0.01,1194074.0
2024-11-11 00:00:00+00:00,0.01,0.01,0.01,0.01,739734.0
2024-11-11 04:00:00+00:00,0.01,0.01,0.01,0.01,815529.0
2024-11-11 08:00:00+00:00,0.01,0.01,0.01,0.01,389534.0
2024-11-11 12:00:00+00:00,0.01,0.01,0.01,0.01,943888.0
2024-11-11 16:00:00+00:00,0.01,0.01,0.01,0.01,1019573.0
2024-11-11 20:00:00+00:00,0.01,0.01,0.01,0.01,1645358.0
2024-11-12 00:00:00+00:00,0.01,0.01,0.01,0.01,986215.0
2024-11-12 04:00:00+00:00,0.01,0.01,0.01,0.01,1848961.0
2024-11-12 08:00:00+00:00,0.01,0.01,0.01,0.01,1969957.0
2024-11-12 12:00:00+00:00,0.01,0.01,0.01,0.01,2024315.0
2024-11-12 16:00:00+00:00,0.01,0.01,0.01,0.01,1326732.0
2024-11-12 20:00:00+00:00,0.01,0.01,0.01,0.01,1044916.0
2024-11-13 00:00:00+00:00,0.01,0.01,0.01,0.01,712487.0
2024-11-13 04:00:00+00:00,0.01,0.01,0.01,0.01,1614920.0
2024-11-13 08:00:00+00:00,0.01,0.01,0.01,0.01,3984605.0
2024-11-13 12:00:00+00:00,0.01,0.01,0.01,0.01,1487358.0
2024-11-13 16:00:00+00:00,0.01,0.01,0.01,0.01,2951858.0
2024-11-13 20:00:00+00:00,0.01,0.01,0.01,0.01,613211.0
2024-11-14 00:00:00+00:00,0.01,0.01,0.01,0.01,645149.0
2024-11-14 04:00:00+00:00,0.01,0.01,0.01,0.01,2345284.0
2024-11-14 08:00:00+00:00,0.01,0.01,0.01,0.01,1332776.0
2024-11-14 12:00:00+00:00,0.01,0.01,0.01,0.01,2018975.0
2024-11-14 16:00:00+00:00,0.01,0.01,0.01,0.01,1192542.0
2024-11-14 20:00:00+00:00,0.01,0.01,0.01,0.01,1104855.0
2024-11-15 00:00:00+00:00,0.01,0.01,0.01,0.01,1352842.0
2024-11-15 04:00:00+00:00,0.01,0.01,0.01,0.01,713550.0
2024-11-15 08:00:00+00:00,0.01,0.01,0.01,0.01,606401.0
2024-11-15 12:00:00+00:00,0.01,0.01,0.01,0.01,2894600.0
2024-11-15 16:00:00+00:00,0.01,0.01,0.01,0.01,3103616.0
2024-11-15 20:00:00+00:00,0.01,0.01,0.01,0.01,1545725.0
2024-11-16 00:00:00+00:00,0.01,0.01,0.01,0.01,519141.0
2024-11-16 04:00:00+00:00,0.01,0.01,0.01,0.01,1511646.0
2024-11-16 08:00:00+00:00,0.01,0.01,0.01,0.01,673155.0
2024-11-16 12:00:00+00:00,0.01,0.01,0.01,0.01,2435206.0
2024-11-16 16:00:00+00:00,0.01,0.01,0.01,0.01,953808.0
2024-11-16 20:00:00+00:00,0.01,0.01,0.01,0.01,623671.0
2024-11-17 00:00:00+00:00,0.01,0.01,0.01,0.01,1228112.0
2024-11-17 04:00:00+00:00,0.01,0.01,0.0,0.0,1371029.0
2024-11-17 08:00:00+00:00,0.0,0.0,0.0,0.0,2811846.0
2024-11-17 12:00:00+00:00,0.0,0.0,0.0,0.0,1025073.0
2024-11-17 16:00:00+00:00,0.0,0.0,0.0,0.0,551546.0
2024-11-17 20:00:00+00:00,0.0,0.0,0.0,0.0,659779.0
2024-11-18 00:00:00+00:00,0.0,0.0,0.0,0.0,1389502.0
2024-11-18 04:00:00+00:00,0.0,0.0,0.0,0.0,1612741.0
2024-11-18 08:00:00+00:00,0.0,0.0,0.0,0.0,551114.0
2024-11-18 12:00:00+00:00,0.0,0.0,0.0,0.0,2715238.0
2024-11-18 16:00:00+00:00,0.0,0.0,0.0,0.0,2630177.0
2024-11-18 20:00:00+00:00,0.0,0.0,0.0,0.0,1528743.0
2024-11-19 00:00:00+00:00,0.0,0.0,0.0,0.0,2425955.0
2024-11-19 04:00:00+00:00,0.0,0.0,0.0,0.0,1680338.0
2024-11-19 08:00:00+00:00,0.0,0.0,0.0,0.0,692370.0
2024-11-19 12:00:00+00:00,0.0,0.0,0.0,0.0,1299470.0
2024-11-19 16:00:00+00:00,0.0,0.0,0.0,0.0,2518941.0
2024-11-19 20:00:00+00:00,0.0,0.0,0.0,0.0,1362019.0
2024-11-20 00:00:00+00:00,0.0,0.0,0.0,0.0,1320938.0
2024-11-20 04:00:00+00:00,0.0,0.0,0.0,0.0,976877.0
2024-11-20 08:00:00+00:00,0.0,0.0,0.0,0.0,1419078.0
2024-11-20 12:00:00+00:00,0.0,0.0,0.0,0.0,781902.0
2024-11-20 16:00:00+00:00,0.0,0.0,0.0,0.0,1114877.0
2024-11-20 20:00:00+00:00,0.0,0.0,0.0,0.0,2317532.0
2024-11-21 00:00:00+00:00,0.0,0.0,0.0,0.0,827412.0
2024-11-21 04:00:00+00:00,0.0,0.0,0.0,0.0,584221.0
2024-11-21 08:00:00+00:00,0.0,0.0,0.0,0.0,687259.0
2024-11-21 12:00:00+00:00,0.0,0.0,0.0,0.0,1928047.0
2024-11-21 16:00:00+00:00,0.0,0.0,0.0,0.0,1147311.0
2024-11-21 20:00:00+00:00,0.0,0.01,0.0,0.01,1408711.0
2024-11-22 00:00:00+00:00,0.01,0.01,0.01,0.01,790828.0
2024-11-22 04:00:00+00:00,0.01,0.01,0.0,0.0,2275363.0
2024-11-22 08:00:00+00:00,0.0,0.0,0.0,0.0,1027473.0
2024-11-22 12:00:00+00:00,0.0,0.0,0.0,0.0,1636475.0
2024-11-22 16:00:00+00:00,0.0,0.0,0.0,0.0,895762.0
2024-11-22 20:00:00+00:00,0.0,0.0,0.0,0.0,807564.0
2024-11-23 00:00:00+00:00,0.0,0.0,0.0,0.0,1178932.0
2024-11-23 04:00:00+00:00,0.0,0.0,0.0,0.0,1622960.0
2024-11-23 08:00:00+00:00,0.0,0.0,0.0,0.0,2356715.0
2024-11-23 12:00:00+00:00,0.0,0.0,0.0,0.0,1662866.0
2024-11-23 16:00:00+00:00,0.0,0.0,0.0,0.0,174508.0
2024-11-23 20:00:00+00:00,0.0,0.0,0.0,0.0,682304.0
2024-11-24 00:00:00+00:00,0.0,0.0,0.0,0.0,928977.0
2024-11-24 04:00:00+00:00,0.0,0.01,0.0,0.01,2626187.0
2024-11-24 08:00:00+00:00,0.01,0.01,0.01,0.01,753613.0
2024-11-24 12:00:00+00:00,0.01,0.01,0.01,0.01,1359105.0
2024-11-24 16:00:00+00:00,0.01,0.01,0.01,0.01,2202813.0
2024-11-24 20:00:00+00:00,0.01,0.01,0.01,0.01,562959.0
2024-11-25 00:00:00+00:00,0.01,0.01,0.01,0.01,1296952.0
2024-11-25 04:00:00+00:00,0.01,0.01,0.01,0.01,726139.0
2024-11-25 08:00:00+00:00,0.01,0.01,0.01,0.01,1174554.0
2024-11-25 12:00:00+00:00,0.01,0.01,0.01,0.01,849836.0
2024-11-25 16:00:00+00:00,0.01,0.01,0.0,0.0,1609405.0
2024-11-25 20:00:00+00:00,0.0,0.0,0.0,0.0,5061224.0
2024-11-26 00:00:00+00:00,0.0,0.0,0.0,0.0,1662977.0
2024-11-26 04:00:00+00:00,0.0,0.0,0.0,0.0,1744923.0
2024-11-26 08:00:00+00:00,0.0,0.0,0.0,0.0,1495819.0
2024-11-26 12:00:00+00:00,0.0,0.01,0.0,0.01,675628.0
2024-11-26 16:00:00+00:00,0.01,0.01,0.01,0.01,1740811.0
2024-11-26 20:00:00+00:00,0.01,0.01,0.0,0.01,2300502.0
2024-11-27 00:00:00+00:00,0.01,0.01,0.01,0.01,773777.0
2024-11-27 04:00:00+00:00,0.01,0.01,0.0,0.0,2325052.0
2024-11-27 08:00:00+00:00,0.0,0.0,0.0,0.0,2301735.0
2024-11-27 12:00:00+00:00,0.0,0.0,0.0,0.0,3230578.0
2024-11-27 16:00:00+00:00,0.0,0.0,0.0,0.0,1128243.0
2024-11-27 20:00:00+00:00,0.0,0.0,0.0,0.0,826685.0
2024-11-28 00:00:00+00:00,0.0,0.0,0.0,0.0,1029128.0
2024-11-28 04:00:00+00:00,0.0,0.01,0.0,0.01,2723205.0
2024-11-28 08:00:00+00:00,0.01,0.01,0.01,0.01,494800.0
2024-11-28 12:00:00+00:00,0.01,0.01,0.01,0.01,457391.0
2024-11-28 16:00:00+00:00,0.01,0.01,0.01,0.01,1251131.0
2024-11-28 20:00:00+00:00,0.01,0.01,0.01,0.01,1091799.0
2024-11-29 00:00:00+00:00,0.01,0.01,0.01,0.01,1346636.0
2024-11-29 04:00:00+00:00,0.01,0.01,0.01,0.01,2465718.0
2024-11-29 08:00:00+00:00,0.01,0.01,0.01,0.01,1001869.0
2024-11-29 12:00:00+00:00,0.01,0.01,0.01,0.01,454744.0
2024-11-29 16:00:00+00:00,0.01,0.01,0.01,0.01,4123149.0
2024-11-29 20:00:00+00:00,0.01,0.01,0.01,0.01,613489.0
2024-11-30 00:00:00+00:00,0.01,0.01,0.01,0.01,818133.0
2024-11-30 04:00:00+00:00,0.01,0.01,0.01,0.01,1860765.0
2024-11-30 08:00:00+00:00,0.01,0.01,0.01,0.01,1100006.0
2024-11-30 12:00:00+00:00,0.01,0.01,0.01,0.01,1261454.0
2024-11-30 16:00:00+00:00,0.01,0.01,0.01,0.01,1353611.0
2024-11-30 20:00:00+00:00,0.01,0.01,0.01,0.01,2327565.0
2024-12-01 00:00:00+00:00,0.01,0.01,0.01,0.01,962304.0
2024-12-01 04:00:00+00:00,0.01,0.01,0.0,0.0,3956714.0
2024-12-01 08:00:00+00:00,0.0,0.0,0.0,0.0,377285.0
2024-12-01 12:00:00+00:00,0.0,0.0,0.0,0.0,1465289.0
2024-12-01 16:00:00+00:00,0.0,0.0,0.0,0.0,893886.0
2024-12-01 20:00:00+00:00,0.0,0.0,0.0,0.0,2578342.0
2024-12-02 00:00:00+00:00,0.0,0.0,0.0,0.0,1528245.0
2024-12-02 04:00:00+00:00,0.0,0.01,0.0,0.0,1229920.0
2024-12-02 08:00:00+00:00,0.0,0.0,0.0,0.0,1868905.0
2024-12-02 12:00:00+00:00,0.0,0.0,0.0,0.0,2101573.0
2024-12-02 16:00:00+00:00,0.0,0.0,0.0,0.0,1959371.0
2024-12-02 20:00:00+00:00,0.0,0.0,0.0,0.0,821545.0
2024-12-03 00:00:00+00:00,0.0,0.0,0.0,0.0,852356.0
2024-12-03 04:00:00+00:00,0.0,0.0,0.0,0.0,1115280.0
2024-12-03 08:00:00+00:00,0.0,0.0,0.0,0.0,1861466.0
2024-12-03 12:00:00+00:00,0.0,0.0,0.0,0.0,1872923.0
2024-12-03 16:00:00+00:00,0.0,0.0,0.0,0.0,568246.0
2024-12-03 20:00:00+00:00,0.0,0.0,0.0,0.0,1215547.0
2024-12-04 00:00:00+00:00,0.0,0.0,0.0,0.0,973145.0
2024-12-04 04:00:00+00:00,0.0,0.0,0.0,0.0,1061105.0
2024-12-04 08:00:00+00:00,0.0,0.0,0.0,0.0,1095187.0
2024-12-04 12:00:00+00:00,0.0,0.0,0.0,0.0,2117545.0
2024-12-04 16:00:00+00:00,0.0,0.0,0.0,0.0,179119.0
2024-12-04 20:00:00+00:00,0.0,0.0,0.0,0.0,1275858.0
2024-12-05 00:00:00+00:00,0.0,0.0,0.0,0.0,1006155.0
2024-12-05 04:00:00+00:00,0.0,0.0,0.0,0.0,1430324.0
2024-12-05 08:00:00+00:00,0.0,0.0,0.0,0.0,815364.0
2024-12-05 12:00:00+00:00,0.0,0.0,0.0,0.0,1225540.0
2024-12-05 16:00:00+00:00,0.0,0.0,0.0,0.0,3106220.0
2024-12-05 20:00:00+00:00,0.0,0.0,0.0,0.0,1999003.0
2024-12-06 00:00:00+00:00,0.0,0.0,0.0,0.0,1929647.0
2024-12-06 04:00:00+00:00,0.0,0.0,0.0,0.0,1151647.0
2024-12-06 08:00:00+00:00,0.0,0.0,0.0,0.0,2943258.0
2024-12-06 12:00:00+00:00,0.0,0.0,0.0,0.0,1048143.0
2024-12-06 16:00:00+00:00,0.0,0.0,0.0,0.0,1112791.0
2024-12-06 20:00:00+00:00,0.0,0.0,0.0,0.0,1239456.0
2024-12-07 00:00:00+00:00,0.0,0.0,0.0,0.0,1322800.0
2024-12-07 04:00:00+00:00,0.0,0.0,0.0,0.0,2765579.0
2024-12-07 08:00:00+00:00,0.0,0.0,0.0,0.0,1091493.0
2024-12-07 12:00:00+00:00,0.0,0.0,0.0,0.0,1681244.0
2024-12-07 16:00:00+00:00,0.0,0.0,0.0,0.0,2216103.0
2024-12-07 20:00:00+00:00,0.0,0.0,0.0,0.0,2291303.0
2024-12-08 00:00:00+00:00,0.0,0.0,0.0,0.0,744665.0
2024-12-08 04:00:00+00:00,0.0,0.0,0.0,0.0,1251544.0
2024-12-08 08:00:00+00:00,0.0,0.0,0.0,0.0,1533580.0
2024-12-08 12:00:00+00:00,0.0,0.0,0.0,0.0,1782537.0
2024-12-08 16:00:00+00:00,0.0,0.0,0.0,0.0,613830.0
2024-12-08 20:00:00+00:00,0.0,0.0,0.0,0.0,986054.0
2024-12-09 00:00:00+00:00,0.0,0.0,0.0,0.0,2282547.0
2024-12-09 04:00:00+00:00,0.0,0.0,0.0,0.0,884217.0
2024-12-09 08:00:00+00:00,0.0,0.0,0.0,0.0,976711.0
2024-12-09 12:00:00+00:00,0.0,0.0,0.0,0.0,3525940.0
2024-12-09 16:00:00+00:00,0.0,0.0,0.0,0.0,1334247.0
2024-12-09 20:00:00+00:00,0.0,0.0,0.0,0.0,842804.0
2024-12-10 00:00:00+00:00,0.0,0.0,0.0,0.0,899952.0
2024-12-10 04:00:00+00:00,0.0,0.0,0.0,0.0,1323207.0
2024-12-10 08:00:00+00:00,0.0,0.0,0.0,0.0,559377.0
2024-12-10 12:00:00+00:00,0.0,0.0,0.0,0.0,1224104.0
2024-12-10 16:00:00+00:00,0.0,0.0,0.0,0.0,1251511.0
2024-12-10 20:00:00+00:00,0.0,0.0,0.0,0.0,2254636.0
2024-12-11 00:00:00+00:00,0.0,0.0,0.0,0.0,1457643.0
2024-12-11 04:00:00+00:00,0.0,0.0,0.0,0.0,784485.0
2024-12-11 08:00:00+00:00,0.0,0.0,0.0,0.0,2270681.0
2024-12-11 12:00:00+00:00,0.0,0.0,0.0,0.0,1803518.0
2024-12-11 16:00:00+00:00,0.0,0.0,0.0,0.0,570260.0
2024-12-11 20:00:00+00:00,0.0,0.0,0.0,0.0,1505245.0
2024-12-12 00:00:00+00:00,0.0,0.0,0.0,0.0,2913616.0
2024-12-12 04:00:00+00:00,0.0,0.0,0.0,0.0,1560965.0
2024-12-12 08:00:00+00:00,0.0,0.0,0.0,0.0,1568844.0
2024-12-12 12:00:00+00:00,0.0,0.0,0.0,0.0,2364221.0
2024-12-12 16:00:00+00:00,0.0,0.0,0.0,0.0,533362.0
2024-12-12 20:00:00+00:00,0.0,0.0,0.0,0.0,670063.0
2024-12-13 00:00:00+00:00,0.0,0.0,0.0,0.0,507870.0
2024-12-13 04:00:00+00:00,0.0,0.0,0.0,0.0,1542272.0
2024-12-13 08:00:00+00:00,0.0,0.0,0.0,0.0,1678885.0
2024-12-13 12:00:00+00:00,0.0,0.0,0.0,0.0,2291789.0
2024-12-13 16:00:00+00:00,0.0,0.0,0.0,0.0,1353976.0
2024-12-13 20:00:00+00:00,0.0,0.0,0.0,0.0,819797.0
2024-12-14 00:00:00+00:00,0.0,0.0,0.0,0.0,1270563.0
2024-12-14 04:00:00+00:00,0.0,0.0,0.0,0.0,1746325.0
2024-12-14 08:00:00+00:00,0.0,0.0,0.0,0.0,880001.0
2024-12-14 12:00:00+00:00,0.0,0.0,0.0,0.0,4825239.0
2024-12-14 16:00:00+00:00,0.0,0.0,0.0,0.0,2004920.0
2024-12-14 20:00:00+00:00,0.0,0.0,0.0,0.0,1360967.0
2024-12-15 00:00:00+00:00,0.0,0.0,0.0,0.0,1445975.0
2024-12-15 04:00:00+00:00,0.0,0.0,0.0,0.0,1710920.0
2024-12-15 08:00:00+00:00,0.0,0.0,0.0,0.0,1544603.0
2024-12-15 12:00:00+00:00,0.0,0.0,0.0,0.0,839109.0
2024-12-15 16:00:00+00:00,0.0,0.0,0.0,0.0,1536684.0
2024-12-15 20:00:00+00:00,0.0,0.0,0.0,0.0,1556536.0
2024-12-16 00:00:00+00:00,0.0,0.0,0.0,0.0,1006471.0
2024-12-16 04:00:00+00:00,0.0,0.0,0.0,0.0,2990917.0
2024-12-16 08:00:00+00:00,0.0,0.0,0.0,0.0,1193292.0
2024-12-16 12:00:00+00:00,0.0,0.0,0.0,0.0,1875885.0
2024-12-16 16:00:00+00:00,0.0,0.0,0.0,0.0,2965729.0
2024-12-16 20:00:00+00:00,0.0,0.0,0.0,0.0,1714195.0
2024-12-17 00:00:00+00:00,0.0,0.0,0.0,0.0,1607278.0
2024-12-17 04:00:00+00:00,0.0,0.0,0.0,0.0,1758810.0
2024-12-17 08:00:00+00:00,0.0,0.0,0.0,0.0,975924.0
2024-12-17 12:00:00+00:00,0.0,0.0,0.0,0.0,1425652.0
2024-12-17 16:00:00+00:00,0.0,0.0,0.0,0.0,1608003.0
2024-12-17 20:00:00+00:00,0.0,0.0,0.0,0.0,949541.0
2024-12-18 00:00:00+00:00,0.0,0.0,0.0,0.0,5553284.0
2024-12-18 04:00:00+00:00,0.0,0.0,0.0,0.0,693451.0
2024-12-18 08:00:00+00:00,0.0,0.0,0.0,0.0,674609.0
2024-12-18 12:00:00+00:00,0.0,0.0,0.0,0.0,2207285.0
2024-12-18 16:00:00+00:00,0.0,0.0,0.0,0.0,1821603.0
2024-12-18 20:00:00+00:00,0.0,0.0,0.0,0.0,743063.0
2024-12-19 00:00:00+00:00,0.0,0.0,0.0,0.0,1448976.0
2024-12-19 04:00:00+00:00,0.0,0.0,0.0,0.0,2129322.0
2024-12-19 08:00:00+00:00,0.0,0.0,0.0,0.0,1419850.0
2024-12-19 12:00:00+00:00,0.0,0.0,0.0,0.0,4903262.0
2024-12-19 16:00:00+00:00,0.0,0.0,0.0,0.0,518271.0
2024-12-19 20:00:00+00:00,0.0,0.0,0.0,0.0,1555008.0
2024-12-20 00:00:00+00:00,0.0,0.0,0.0,0.0,2587091.0
2024-12-20 04:00:00+00:00,0.0,0.0,0.0,0.0,3356369.0
2024-12-20 08:00:00+00:00,0.0,0.0,0.0,0.0,977202.0
2024-12-20 12:00:00+00:00,0.0,0.0,0.0,0.0,1806883.0
2024-12-20 16:00:00+00:00,0.0,0.0,0.0,0.0,1694011.0
2024-12-20 20:00:00+00:00,0.0,0.0,0.0,0.0,1511295.0
2024-12-21 00:00:00+00:00,0.0,0.0,0.0,0.0,1504152.0
2024-12-21 04:00:00+00:00,0.0,0.0,0.0,0.0,1704903.0
2024-12-21 08:00:00+00:00,0.0,0.0,0.0,0.0,748233.0
2024-12-21 12:00:00+00:00,0.0,0.0,0.0,0.0,1363454.0
2024-12-21 16:00:00+00:00,0.0,0.0,0.0,0.0,940532.0
2024-12-21 20:00:00+00:00,0.0,0.0,0.0,0.0,1092623.0
2024-12-22 00:00:00+00:00,0.0,0.0,0.0,0.0,2203774.0
2024-12-22 04:00:00+00:00,0.0,0.0,0.0,0.0,1267219.0
2024-12-22 08:00:00+00:00,0.0,0.0,0.0,0.0,3726401.0
2024-12-22 12:00:00+00:00,0.0,0.0,0.0,0.0,1433943.0
2024-12-22 16:00:00+00:00,0.0,0.0,0.0,0.0,1307947.0
2024-12-22 20:00:00+00:00,0.0,0.0,0.0,0.0,1219237.0
2024-12-23 00:00:00+00:00,0.0,0.0,0.0,0.0,912348.0
2024-12-23 04:00:00+00:00,0.0,0.0,0.0,0.0,1018965.0
2024-12-23 08:00:00+00:00,0.0,0.0,0.0,0.0,2980700.0
2024-12-23 12:00:00+00:00,0.0,0.0,0.0,0.0,1645842.0
2024-12-23 16:00:00+00:00,0.0,0.0,0.0,0.0,1114707.0
2024-12-23 20:00:00+00:00,0.0,0.0,0.0,0.0,678138.0
2024-12-24 00:00:00+00:00,0.0,0.0,0.0,0.0,818919.0
2024-12-24 04:00:00+00:00,0.0,0.0,0.0,0.0,1120471.0
2024-12-24 08:00:00+00:00,0.0,0.0,0.0,0.0,2018820.0
2024-12-24 12:00:00+00:00,0.0,0.0,0.0,0.0,561650.0
2024-12-24 16:00:00+00:00,0.0,0.0,0.0,0.0,1425719.0
2024-12-24 20:00:00+00:00,0.0,0.0,0.0,0.0,1846499.0
2024-12-25 00:00:00+00:00,0.0,0.0,0.0,0.0,547868.0
2024-12-25 04:00:00+00:00,0.0,0.0,0.0,0.0,688253.0
2024-12-25 08:00:00+00:00,0.0,0.0,0.0,0.0,1232937.0
2024-12-25 12:00:00+00:00,0.0,0.0,0.0,0.0,723360.0
2024-12-25 16:00:00+00:00,0.0,0.0,0.0,0.0,1925972.0
2024-12-25 20:00:00+00:00,0.0,0.0,0.0,0.0,933415.0
2024-12-26 00:00:00+00:00,0.0,0.0,0.0,0.0,836595.0
2024-12-26 04:00:00+00:00,0.0,0.0,0.0,0.0,1934771.0
2024-12-26 08:00:00+00:00,0.0,0.0,0.0,0.0,3018940.0
2024-12-26 12:00:00+00:00,0.0,0.0,0.0,0.0,2648889.0
2024-12-26 16:00:00+00:00,0.0,0.0,0.0,0.0,436389.0
2024-12-26 20:00:00+00:00,0.0,0.0,0.0,0.0,2106251.0
2024-12-27 00:00:00+00:00,0.0,0.0,0.0,0.0,1145817.0
2024-12-27 04:00:00+00:00,0.0,0.0,0.0,0.0,1619603.0
2024-12-27 08:00:00+00:00,0.0,0.0,0.0,0.0,911455.0
2024-12-27 12:00:00+00:00,0.0,0.0,0.0,0.0,1299706.0
2024-12-27 16:00:00+00:00,0.0,0.0,0.0,0.0,1633371.0
2024-12-27 20:00:00+00:00,0.0,0.0,0.0,0.0,1281985.0
2024-12-28 00:00:00+00:00,0.0,0.0,0.0,0.0,929903.0
2024-12-28 04:00:00+00:00,0.0,0.0,0.0,0.0,1089810.0
2024-12-28 08:00:00+00:00,0.0,0.0,0.0,0.0,1759482.0
2024-12-28 12:00:00+00:00,0.0,0.0,0.0,0.0,1490150.0
2024-12-28 16:00:00+00:00,0.0,0.0,0.0,0.0,1854837.0
2024-12-28 20:00:00+00:00,0.0,0.0,0.0,0.0,1128616.0
2024-12-29 00:00:00+00:00,0.0,0.0,0.0,0.0,1191198.0
2024-12-29 04:00:00+00:00,0.0,0.0,0.0,0.0,1848023.0
2024-12-29 08:00:00+00:00,0.0,0.0,0.0,0.0,1914129.0
2024-12-29 12:00:00+00:00,0.0,0.0,0.0,0.0,1335079.0
2024-12-29 16:00:00+00:00,0.0,0.0,0.0,0.0,1737619.0
2024-12-29 20:00:00+00:00,0.0,0.0,0.0,0.0,1896049.0
2024-12-30 00:00:00+00:00,0.0,0.0,0.0,0.0,609643.0
2024-12-30 04:00:00+00:00,0.0,0.0,0.0,0.0,1734379.0
2024-12-30 08:00:00+00:00,0.0,0.0,0.0,0.0,1455458.0
2024-12-30 12:00:00+00:00,0.0,0.0,0.0,0.0,1494609.0
2024-12-30 16:00:00+00:00,0.0,0.0,0.0,0.0,1012651.0
2024-12-30 20:00:00+00:00,0.0,0.0,0.0,0.0,1205797.0
2024-12-31 00:00:00+00:00,0.0,0.0,0.0,0.0,1070933.0
2024-12-31 04:00:00+00:00,0.0,0.0,0.0,0.0,2837030.0
2024-12-31 08:00:00+00:00,0.0,0.0,0.0,0.0,1625098.0
2024-12-31 12:00:00+00:00,0.0,0.0,0.0,0.0,1429785.0
2024-12-31 16:00:00+00:00,0.0,0.0,0.0,0.0,935197.0
2024-12-31 20:00:00+00:00,0.0,0.0,0.0,0.0,1156877.0
